game_id,team,opp,player,player_id,pos,stat,mean,p10,p25,median,p75,p90
2026_05_TB_DAL,DAL,TB,Ryan Flournoy,00-0039410,WR,car,0.057,0.0,0.0,0.0,0.0,0.0
2026_05_TB_DAL,DAL,TB,Ryan Flournoy,00-0039410,WR,rush_yds,0.324,0.0,0.0,0.0,0.0,0.0
2026_05_TB_DAL,DAL,TB,Ryan Flournoy,00-0039410,WR,tgt,4.708,2.0,3.0,4.0,6.0,8.0
2026_05_TB_DAL,DAL,TB,Ryan Flournoy,00-0039410,WR,rec,3.058,1.0,2.0,3.0,4.0,6.0
2026_05_TB_DAL,DAL,TB,Ryan Flournoy,00-0039410,WR,rec_yds,35.839,3.603,13.636,29.765,50.891,75.636
2026_05_TB_DAL,DAL,TB,Ryan Flournoy,00-0039410,WR,anytime_td,0.216,0.0,0.0,0.0,0.0,1.0
2026_05_TB_DAL,DAL,TB,Ryan Flournoy,00-0039410,WR,first_td,0.049,0.049,0.049,0.049,0.049,0.049
2026_05_TB_DAL,DAL,TB,Luke Schoonmaker,00-0038547,TE,car,0.002,0.0,0.0,0.0,0.0,0.0
2026_05_TB_DAL,DAL,TB,Luke Schoonmaker,00-0038547,TE,rush_yds,0.003,0.0,0.0,0.0,0.0,0.0
2026_05_TB_DAL,DAL,TB,Luke Schoonmaker,00-0038547,TE,tgt,0.762,0.0,0.0,0.0,1.0,2.0
2026_05_TB_DAL,DAL,TB,Luke Schoonmaker,00-0038547,TE,rec,0.567,0.0,0.0,0.0,1.0,2.0
2026_05_TB_DAL,DAL,TB,Luke Schoonmaker,00-0038547,TE,rec_yds,5.989,0.0,0.0,0.0,8.15,20.331
2026_05_TB_DAL,DAL,TB,Luke Schoonmaker,00-0038547,TE,anytime_td,0.023,0.0,0.0,0.0,0.0,0.0
2026_05_TB_DAL,DAL,TB,Luke Schoonmaker,00-0038547,TE,first_td,0.005,0.005,0.005,0.005,0.005,0.005
2026_05_TB_DAL,DAL,TB,Tyler Goodson,00-0037120,RB,car,3.547,0.0,1.0,3.0,5.0,8.0
2026_05_TB_DAL,DAL,TB,Tyler Goodson,00-0037120,RB,rush_yds,15.453,0.0,1.834,9.193,22.127,40.325
2026_05_TB_DAL,DAL,TB,Tyler Goodson,00-0037120,RB,tgt,0.695,0.0,0.0,0.0,1.0,2.0
2026_05_TB_DAL,DAL,TB,Tyler Goodson,00-0037120,RB,rec,0.559,0.0,0.0,0.0,1.0,2.0
2026_05_TB_DAL,DAL,TB,Tyler Goodson,00-0037120,RB,rec_yds,3.957,0.0,0.0,0.0,4.783,13.67
2026_05_TB_DAL,DAL,TB,Tyler Goodson,00-0037120,RB,anytime_td,0.115,0.0,0.0,0.0,0.0,1.0
2026_05_TB_DAL,DAL,TB,Tyler Goodson,00-0037120,RB,first_td,0.025,0.025,0.025,0.025,0.025,0.025
2026_05_TB_DAL,DAL,TB,Jake Ferguson,00-0038041,TE,car,0.025,0.0,0.0,0.0,0.0,0.0
2026_05_TB_DAL,DAL,TB,Jake Ferguson,00-0038041,TE,rush_yds,0.059,0.0,0.0,0.0,0.0,0.0
2026_05_TB_DAL,DAL,TB,Jake Ferguson,00-0038041,TE,tgt,3.827,1.0,2.0,3.0,5.0,7.0
2026_05_TB_DAL,DAL,TB,Jake Ferguson,00-0038041,TE,rec,2.925,1.0,1.0,3.0,4.0,6.0
2026_05_TB_DAL,DAL,TB,Jake Ferguson,00-0038041,TE,rec_yds,27.338,0.96,10.032,22.514,38.933,58.287
2026_05_TB_DAL,DAL,TB,Jake Ferguson,00-0038041,TE,anytime_td,0.324,0.0,0.0,0.0,1.0,1.0
2026_05_TB_DAL,DAL,TB,Jake Ferguson,00-0038041,TE,first_td,0.079,0.079,0.079,0.079,0.079,0.079
2026_05_TB_DAL,DAL,TB,Brevyn Spann-Ford,00-0039530,TE,car,0.004,0.0,0.0,0.0,0.0,0.0
2026_05_TB_DAL,DAL,TB,Brevyn Spann-Ford,00-0039530,TE,rush_yds,0.01,0.0,0.0,0.0,0.0,0.0
2026_05_TB_DAL,DAL,TB,Brevyn Spann-Ford,00-0039530,TE,tgt,0.982,0.0,0.0,1.0,2.0,3.0
2026_05_TB_DAL,DAL,TB,Brevyn Spann-Ford,00-0039530,TE,rec,0.727,0.0,0.0,0.0,1.0,2.0
2026_05_TB_DAL,DAL,TB,Brevyn Spann-Ford,00-0039530,TE,rec_yds,7.707,0.0,0.0,0.0,11.387,24.425
2026_05_TB_DAL,DAL,TB,Brevyn Spann-Ford,00-0039530,TE,anytime_td,0.038,0.0,0.0,0.0,0.0,0.0
2026_05_TB_DAL,DAL,TB,Brevyn Spann-Ford,00-0039530,TE,first_td,0.008,0.008,0.008,0.008,0.008,0.008
2026_05_TB_DAL,DAL,TB,Jonathan Mingo,00-0039062,WR,car,0.013,0.0,0.0,0.0,0.0,0.0
2026_05_TB_DAL,DAL,TB,Jonathan Mingo,00-0039062,WR,rush_yds,0.084,0.0,0.0,0.0,0.0,0.0
2026_05_TB_DAL,DAL,TB,Jonathan Mingo,00-0039062,WR,tgt,0.913,0.0,0.0,1.0,1.0,2.0
2026_05_TB_DAL,DAL,TB,Jonathan Mingo,00-0039062,WR,rec,0.568,0.0,0.0,0.0,1.0,2.0
2026_05_TB_DAL,DAL,TB,Jonathan Mingo,00-0039062,WR,rec_yds,7.217,0.0,0.0,0.0,9.558,24.268
2026_05_TB_DAL,DAL,TB,Jonathan Mingo,00-0039062,WR,anytime_td,0.025,0.0,0.0,0.0,0.0,0.0
2026_05_TB_DAL,DAL,TB,Jonathan Mingo,00-0039062,WR,first_td,0.005,0.005,0.005,0.005,0.005,0.005
2026_05_TB_DAL,DAL,TB,Dak Prescott,00-0033077,QB,att,32.043,22.0,27.0,33.0,38.0,43.0
2026_05_TB_DAL,DAL,TB,Dak Prescott,00-0033077,QB,cmp,22.17,14.0,19.0,23.0,27.0,30.0
2026_05_TB_DAL,DAL,TB,Dak Prescott,00-0033077,QB,pass_yds,252.215,151.081,199.615,252.005,306.695,362.741
2026_05_TB_DAL,DAL,TB,Dak Prescott,00-0033077,QB,pass_td,1.959,0.0,1.0,2.0,3.0,4.0
2026_05_TB_DAL,DAL,TB,Dak Prescott,00-0033077,QB,ints,0.542,0.0,0.0,0.0,1.0,2.0
2026_05_TB_DAL,DAL,TB,Dak Prescott,00-0033077,QB,car,3.557,1.0,2.0,3.0,5.0,7.0
2026_05_TB_DAL,DAL,TB,Dak Prescott,00-0033077,QB,rush_yds,14.658,-1.0,2.803,11.08,22.108,35.438
2026_05_TB_DAL,DAL,TB,Dak Prescott,00-0033077,QB,tgt,0.001,0.0,0.0,0.0,0.0,0.0
2026_05_TB_DAL,DAL,TB,Dak Prescott,00-0033077,QB,rec,0.001,0.0,0.0,0.0,0.0,0.0
2026_05_TB_DAL,DAL,TB,Dak Prescott,00-0033077,QB,rec_yds,0.004,0.0,0.0,0.0,0.0,0.0
2026_05_TB_DAL,DAL,TB,Dak Prescott,00-0033077,QB,anytime_td,0.076,0.0,0.0,0.0,0.0,0.0
2026_05_TB_DAL,DAL,TB,Dak Prescott,00-0033077,QB,first_td,0.016,0.016,0.016,0.016,0.016,0.016
2026_05_TB_DAL,DAL,TB,Hunter Luepke,00-0038738,RB,car,1.311,0.0,0.0,0.0,2.0,4.0
2026_05_TB_DAL,DAL,TB,Hunter Luepke,00-0038738,RB,rush_yds,5.785,0.0,0.0,0.0,6.928,18.517
2026_05_TB_DAL,DAL,TB,Hunter Luepke,00-0038738,RB,tgt,0.562,0.0,0.0,0.0,1.0,2.0
2026_05_TB_DAL,DAL,TB,Hunter Luepke,00-0038738,RB,rec,0.466,0.0,0.0,0.0,1.0,1.0
2026_05_TB_DAL,DAL,TB,Hunter Luepke,00-0038738,RB,rec_yds,3.429,0.0,0.0,0.0,3.115,12.227
2026_05_TB_DAL,DAL,TB,Hunter Luepke,00-0038738,RB,anytime_td,0.058,0.0,0.0,0.0,0.0,0.0
2026_05_TB_DAL,DAL,TB,Hunter Luepke,00-0038738,RB,first_td,0.012,0.012,0.012,0.012,0.012,0.012
2026_05_TB_DAL,DAL,TB,KaVontae Turpin,00-0037801,WR,car,0.81,0.0,0.0,0.0,1.0,3.0
2026_05_TB_DAL,DAL,TB,KaVontae Turpin,00-0037801,WR,rush_yds,4.587,0.0,0.0,0.0,2.281,16.705
2026_05_TB_DAL,DAL,TB,KaVontae Turpin,00-0037801,WR,tgt,1.203,0.0,0.0,1.0,2.0,3.0
2026_05_TB_DAL,DAL,TB,KaVontae Turpin,00-0037801,WR,rec,0.796,0.0,0.0,0.0,1.0,2.0
2026_05_TB_DAL,DAL,TB,KaVontae Turpin,00-0037801,WR,rec_yds,10.392,0.0,0.0,0.0,15.308,32.598
2026_05_TB_DAL,DAL,TB,KaVontae Turpin,00-0037801,WR,anytime_td,0.115,0.0,0.0,0.0,0.0,1.0
2026_05_TB_DAL,DAL,TB,KaVontae Turpin,00-0037801,WR,first_td,0.026,0.026,0.026,0.026,0.026,0.026
2026_05_TB_DAL,DAL,TB,Javonte Williams,00-0036997,RB,car,17.673,10.0,13.0,17.0,22.0,26.0
2026_05_TB_DAL,DAL,TB,Javonte Williams,00-0036997,RB,rush_yds,76.231,30.338,46.461,69.406,98.315,131.197
2026_05_TB_DAL,DAL,TB,Javonte Williams,00-0036997,RB,tgt,3.334,1.0,2.0,3.0,5.0,6.0
2026_05_TB_DAL,DAL,TB,Javonte Williams,00-0036997,RB,rec,2.755,0.0,1.0,2.0,4.0,5.0
2026_05_TB_DAL,DAL,TB,Javonte Williams,00-0036997,RB,rec_yds,18.347,0.0,5.042,13.88,27.024,42.188
2026_05_TB_DAL,DAL,TB,Javonte Williams,00-0036997,RB,anytime_td,0.625,0.0,0.0,1.0,1.0,1.0
2026_05_TB_DAL,DAL,TB,Javonte Williams,00-0036997,RB,first_td,0.19,0.19,0.19,0.19,0.19,0.19
2026_05_TB_DAL,DAL,TB,CeeDee Lamb,00-0036358,WR,car,0.444,0.0,0.0,0.0,0.0,1.0
2026_05_TB_DAL,DAL,TB,CeeDee Lamb,00-0036358,WR,rush_yds,2.433,0.0,0.0,0.0,0.0,7.27
2026_05_TB_DAL,DAL,TB,CeeDee Lamb,00-0036358,WR,tgt,9.394,5.0,7.0,9.0,12.0,15.0
2026_05_TB_DAL,DAL,TB,CeeDee Lamb,00-0036358,WR,rec,6.962,3.0,5.0,7.0,9.0,11.0
2026_05_TB_DAL,DAL,TB,CeeDee Lamb,00-0036358,WR,rec_yds,91.799,33.942,55.265,85.038,121.117,158.417
2026_05_TB_DAL,DAL,TB,CeeDee Lamb,00-0036358,WR,anytime_td,0.462,0.0,0.0,0.0,1.0,1.0
2026_05_TB_DAL,DAL,TB,CeeDee Lamb,00-0036358,WR,first_td,0.122,0.122,0.122,0.122,0.122,0.122
2026_05_TB_DAL,DAL,TB,George Pickens,00-0037247,WR,car,0.01,0.0,0.0,0.0,0.0,0.0
2026_05_TB_DAL,DAL,TB,George Pickens,00-0037247,WR,rush_yds,0.041,0.0,0.0,0.0,0.0,0.0
2026_05_TB_DAL,DAL,TB,George Pickens,00-0037247,WR,tgt,6.221,2.0,4.0,6.0,8.0,10.0
2026_05_TB_DAL,DAL,TB,George Pickens,00-0037247,WR,rec,4.176,1.0,2.0,4.0,6.0,7.0
2026_05_TB_DAL,DAL,TB,George Pickens,00-0037247,WR,rec_yds,55.974,11.805,26.553,49.285,77.643,107.918
2026_05_TB_DAL,DAL,TB,George Pickens,00-0037247,WR,anytime_td,0.305,0.0,0.0,0.0,1.0,1.0
2026_05_TB_DAL,DAL,TB,George Pickens,00-0037247,WR,first_td,0.072,0.072,0.072,0.072,0.072,0.072
2026_05_TB_DAL,TB,DAL,Sean Tucker,00-0038951,RB,car,3.212,0.0,1.0,2.0,5.0,7.0
2026_05_TB_DAL,TB,DAL,Sean Tucker,00-0038951,RB,rush_yds,12.652,0.0,0.91,7.273,17.966,32.661
2026_05_TB_DAL,TB,DAL,Sean Tucker,00-0038951,RB,tgt,0.377,0.0,0.0,0.0,1.0,1.0
2026_05_TB_DAL,TB,DAL,Sean Tucker,00-0038951,RB,rec,0.291,0.0,0.0,0.0,0.0,1.0
2026_05_TB_DAL,TB,DAL,Sean Tucker,00-0038951,RB,rec_yds,2.129,0.0,0.0,0.0,0.0,7.962
2026_05_TB_DAL,TB,DAL,Sean Tucker,00-0038951,RB,anytime_td,0.166,0.0,0.0,0.0,0.0,1.0
2026_05_TB_DAL,TB,DAL,Sean Tucker,00-0038951,RB,first_td,0.035,0.035,0.035,0.035,0.035,0.035
2026_05_TB_DAL,TB,DAL,Kameron Johnson,00-0039589,WR,car,0.058,0.0,0.0,0.0,0.0,0.0
2026_05_TB_DAL,TB,DAL,Kameron Johnson,00-0039589,WR,rush_yds,0.261,0.0,0.0,0.0,0.0,0.0
2026_05_TB_DAL,TB,DAL,Kameron Johnson,00-0039589,WR,tgt,0.774,0.0,0.0,0.0,1.0,2.0
2026_05_TB_DAL,TB,DAL,Kameron Johnson,00-0039589,WR,rec,0.476,0.0,0.0,0.0,1.0,1.0
2026_05_TB_DAL,TB,DAL,Kameron Johnson,00-0039589,WR,rec_yds,5.742,0.0,0.0,0.0,7.083,19.762
2026_05_TB_DAL,TB,DAL,Kameron Johnson,00-0039589,WR,anytime_td,0.022,0.0,0.0,0.0,0.0,0.0
2026_05_TB_DAL,TB,DAL,Kameron Johnson,00-0039589,WR,first_td,0.004,0.004,0.004,0.004,0.004,0.004
2026_05_TB_DAL,TB,DAL,Emeka Egbuka,00-0040129,WR,car,0.16,0.0,0.0,0.0,0.0,0.0
2026_05_TB_DAL,TB,DAL,Emeka Egbuka,00-0040129,WR,rush_yds,0.886,0.0,0.0,0.0,0.0,0.0
2026_05_TB_DAL,TB,DAL,Emeka Egbuka,00-0040129,WR,tgt,5.989,2.0,4.0,6.0,8.0,10.0
2026_05_TB_DAL,TB,DAL,Emeka Egbuka,00-0040129,WR,rec,3.582,1.0,2.0,3.0,5.0,7.0
2026_05_TB_DAL,TB,DAL,Emeka Egbuka,00-0040129,WR,rec_yds,42.866,7.225,18.992,36.695,59.936,86.331
2026_05_TB_DAL,TB,DAL,Emeka Egbuka,00-0040129,WR,anytime_td,0.218,0.0,0.0,0.0,0.0,1.0
2026_05_TB_DAL,TB,DAL,Emeka Egbuka,00-0040129,WR,first_td,0.046,0.046,0.046,0.046,0.046,0.046
2026_05_TB_DAL,TB,DAL,Ted Hurst III,00-0041048,WR,car,0.015,0.0,0.0,0.0,0.0,0.0
2026_05_TB_DAL,TB,DAL,Ted Hurst III,00-0041048,WR,rush_yds,0.086,0.0,0.0,0.0,0.0,0.0
2026_05_TB_DAL,TB,DAL,Ted Hurst III,00-0041048,WR,tgt,3.732,1.0,2.0,3.0,5.0,7.0
2026_05_TB_DAL,TB,DAL,Ted Hurst III,00-0041048,WR,rec,2.222,0.0,1.0,2.0,3.0,5.0
2026_05_TB_DAL,TB,DAL,Ted Hurst III,00-0041048,WR,rec_yds,29.296,0.0,8.173,22.557,43.017,67.341
2026_05_TB_DAL,TB,DAL,Ted Hurst III,00-0041048,WR,anytime_td,0.144,0.0,0.0,0.0,0.0,1.0
2026_05_TB_DAL,TB,DAL,Ted Hurst III,00-0041048,WR,first_td,0.029,0.029,0.029,0.029,0.029,0.029
2026_05_TB_DAL,TB,DAL,Jalon Daniels,00-0041251,QB,att,29.472,20.0,25.0,30.0,35.0,40.0
2026_05_TB_DAL,TB,DAL,Jalon Daniels,00-0041251,QB,cmp,19.074,12.0,16.0,19.0,23.0,26.0
2026_05_TB_DAL,TB,DAL,Jalon Daniels,00-0041251,QB,pass_yds,198.489,111.213,153.586,197.824,244.56,293.044
2026_05_TB_DAL,TB,DAL,Jalon Daniels,00-0041251,QB,pass_td,1.163,0.0,0.0,1.0,2.0,3.0
2026_05_TB_DAL,TB,DAL,Jalon Daniels,00-0041251,QB,ints,0.789,0.0,0.0,1.0,1.0,2.0
2026_05_TB_DAL,TB,DAL,Jalon Daniels,00-0041251,QB,car,4.44,1.0,2.0,4.0,6.0,8.0
2026_05_TB_DAL,TB,DAL,Jalon Daniels,00-0041251,QB,rush_yds,26.454,3.018,11.048,23.101,37.313,54.237
2026_05_TB_DAL,TB,DAL,Jalon Daniels,00-0041251,QB,tgt,0.0,0.0,0.0,0.0,0.0,0.0
2026_05_TB_DAL,TB,DAL,Jalon Daniels,00-0041251,QB,rec,0.0,0.0,0.0,0.0,0.0,0.0
2026_05_TB_DAL,TB,DAL,Jalon Daniels,00-0041251,QB,rec_yds,0.001,0.0,0.0,0.0,0.0,0.0
2026_05_TB_DAL,TB,DAL,Jalon Daniels,00-0041251,QB,anytime_td,0.074,0.0,0.0,0.0,0.0,0.0
2026_05_TB_DAL,TB,DAL,Jalon Daniels,00-0041251,QB,first_td,0.014,0.014,0.014,0.014,0.014,0.014
2026_05_TB_DAL,TB,DAL,Bucky Irving,00-0039361,RB,car,13.359,6.0,9.0,13.0,17.0,21.0
2026_05_TB_DAL,TB,DAL,Bucky Irving,00-0039361,RB,rush_yds,52.567,17.212,29.288,46.607,69.293,96.012
2026_05_TB_DAL,TB,DAL,Bucky Irving,00-0039361,RB,tgt,3.056,1.0,1.0,3.0,4.0,6.0
2026_05_TB_DAL,TB,DAL,Bucky Irving,00-0039361,RB,rec,2.43,0.0,1.0,2.0,3.0,5.0
2026_05_TB_DAL,TB,DAL,Bucky Irving,00-0039361,RB,rec_yds,16.475,0.0,4.116,12.117,23.728,38.458
2026_05_TB_DAL,TB,DAL,Bucky Irving,00-0039361,RB,anytime_td,0.347,0.0,0.0,0.0,1.0,1.0
2026_05_TB_DAL,TB,DAL,Bucky Irving,00-0039361,RB,first_td,0.079,0.079,0.079,0.079,0.079,0.079
2026_05_TB_DAL,TB,DAL,Tez Johnson,00-0040237,WR,car,0.455,0.0,0.0,0.0,0.0,2.0
2026_05_TB_DAL,TB,DAL,Tez Johnson,00-0040237,WR,rush_yds,2.383,0.0,0.0,0.0,0.0,7.73
2026_05_TB_DAL,TB,DAL,Tez Johnson,00-0040237,WR,tgt,2.299,0.0,1.0,2.0,3.0,5.0
2026_05_TB_DAL,TB,DAL,Tez Johnson,00-0040237,WR,rec,1.413,0.0,0.0,1.0,2.0,3.0
2026_05_TB_DAL,TB,DAL,Tez Johnson,00-0040237,WR,rec_yds,17.928,0.0,0.0,10.601,27.035,46.728
2026_05_TB_DAL,TB,DAL,Tez Johnson,00-0040237,WR,anytime_td,0.098,0.0,0.0,0.0,0.0,0.0
2026_05_TB_DAL,TB,DAL,Tez Johnson,00-0040237,WR,first_td,0.019,0.019,0.019,0.019,0.019,0.019
2026_05_TB_DAL,TB,DAL,Kenny Gainwell,00-0036919,RB,car,4.053,0.0,1.0,3.0,6.0,9.0
2026_05_TB_DAL,TB,DAL,Kenny Gainwell,00-0036919,RB,rush_yds,15.769,0.0,2.776,10.252,22.587,39.194
2026_05_TB_DAL,TB,DAL,Kenny Gainwell,00-0036919,RB,tgt,3.384,1.0,2.0,3.0,5.0,6.0
2026_05_TB_DAL,TB,DAL,Kenny Gainwell,00-0036919,RB,rec,2.586,0.0,1.0,2.0,4.0,5.0
2026_05_TB_DAL,TB,DAL,Kenny Gainwell,00-0036919,RB,rec_yds,18.583,0.0,5.027,14.097,27.405,42.9
2026_05_TB_DAL,TB,DAL,Kenny Gainwell,00-0036919,RB,anytime_td,0.281,0.0,0.0,0.0,1.0,1.0
2026_05_TB_DAL,TB,DAL,Kenny Gainwell,00-0036919,RB,first_td,0.06,0.06,0.06,0.06,0.06,0.06
2026_05_TB_DAL,TB,DAL,Cade Otton,00-0038129,TE,car,0.001,0.0,0.0,0.0,0.0,0.0
2026_05_TB_DAL,TB,DAL,Cade Otton,00-0038129,TE,rush_yds,0.001,0.0,0.0,0.0,0.0,0.0
2026_05_TB_DAL,TB,DAL,Cade Otton,00-0038129,TE,tgt,5.273,2.0,3.0,5.0,7.0,9.0
2026_05_TB_DAL,TB,DAL,Cade Otton,00-0038129,TE,rec,3.691,1.0,2.0,3.0,5.0,7.0
2026_05_TB_DAL,TB,DAL,Cade Otton,00-0038129,TE,rec_yds,37.927,6.836,17.002,32.721,53.091,75.534
2026_05_TB_DAL,TB,DAL,Cade Otton,00-0038129,TE,anytime_td,0.138,0.0,0.0,0.0,0.0,1.0
2026_05_TB_DAL,TB,DAL,Cade Otton,00-0038129,TE,first_td,0.027,0.027,0.027,0.027,0.027,0.027
2026_05_TB_DAL,TB,DAL,Chris Godwin Jr.,00-0033921,WR,car,0.274,0.0,0.0,0.0,0.0,1.0
2026_05_TB_DAL,TB,DAL,Chris Godwin Jr.,00-0033921,WR,rush_yds,1.387,0.0,0.0,0.0,0.0,2.057
2026_05_TB_DAL,TB,DAL,Chris Godwin Jr.,00-0033921,WR,tgt,4.848,2.0,3.0,4.0,6.0,9.0
2026_05_TB_DAL,TB,DAL,Chris Godwin Jr.,00-0033921,WR,rec,3.4,1.0,2.0,3.0,5.0,6.0
2026_05_TB_DAL,TB,DAL,Chris Godwin Jr.,00-0033921,WR,rec_yds,38.33,5.78,16.195,32.251,54.086,78.927
2026_05_TB_DAL,TB,DAL,Chris Godwin Jr.,00-0033921,WR,anytime_td,0.152,0.0,0.0,0.0,0.0,1.0
2026_05_TB_DAL,TB,DAL,Chris Godwin Jr.,00-0033921,WR,first_td,0.031,0.031,0.031,0.031,0.031,0.031
2026_05_BAL_ATL,ATL,BAL,Jahan Dotson,00-0037741,WR,car,0.01,0.0,0.0,0.0,0.0,0.0
2026_05_BAL_ATL,ATL,BAL,Jahan Dotson,00-0037741,WR,rush_yds,0.042,0.0,0.0,0.0,0.0,0.0
2026_05_BAL_ATL,ATL,BAL,Jahan Dotson,00-0037741,WR,tgt,3.406,1.0,2.0,3.0,5.0,6.0
2026_05_BAL_ATL,ATL,BAL,Jahan Dotson,00-0037741,WR,rec,1.964,0.0,1.0,2.0,3.0,4.0
2026_05_BAL_ATL,ATL,BAL,Jahan Dotson,00-0037741,WR,rec_yds,25.797,0.0,5.762,19.103,38.136,61.341
2026_05_BAL_ATL,ATL,BAL,Jahan Dotson,00-0037741,WR,anytime_td,0.132,0.0,0.0,0.0,0.0,1.0
2026_05_BAL_ATL,ATL,BAL,Jahan Dotson,00-0037741,WR,first_td,0.029,0.029,0.029,0.029,0.029,0.029
2026_05_BAL_ATL,ATL,BAL,Bijan Robinson,00-0038542,RB,car,18.054,10.0,13.0,18.0,22.0,27.0
2026_05_BAL_ATL,ATL,BAL,Bijan Robinson,00-0038542,RB,rush_yds,80.848,32.435,49.829,73.849,103.955,137.932
2026_05_BAL_ATL,ATL,BAL,Bijan Robinson,00-0038542,RB,tgt,5.019,2.0,3.0,5.0,7.0,9.0
2026_05_BAL_ATL,ATL,BAL,Bijan Robinson,00-0038542,RB,rec,3.791,1.0,2.0,3.0,5.0,7.0
2026_05_BAL_ATL,ATL,BAL,Bijan Robinson,00-0038542,RB,rec_yds,29.718,3.95,11.947,24.707,42.333,62.368
2026_05_BAL_ATL,ATL,BAL,Bijan Robinson,00-0038542,RB,anytime_td,0.569,0.0,0.0,1.0,1.0,1.0
2026_05_BAL_ATL,ATL,BAL,Bijan Robinson,00-0038542,RB,first_td,0.167,0.167,0.167,0.167,0.167,0.167
2026_05_BAL_ATL,ATL,BAL,Olamide Zaccheaus,00-0035208,WR,car,0.029,0.0,0.0,0.0,0.0,0.0
2026_05_BAL_ATL,ATL,BAL,Olamide Zaccheaus,00-0035208,WR,rush_yds,0.125,0.0,0.0,0.0,0.0,0.0
2026_05_BAL_ATL,ATL,BAL,Olamide Zaccheaus,00-0035208,WR,tgt,2.252,0.0,1.0,2.0,3.0,5.0
2026_05_BAL_ATL,ATL,BAL,Olamide Zaccheaus,00-0035208,WR,rec,1.362,0.0,0.0,1.0,2.0,3.0
2026_05_BAL_ATL,ATL,BAL,Olamide Zaccheaus,00-0035208,WR,rec_yds,15.943,0.0,0.0,9.612,24.338,42.358
2026_05_BAL_ATL,ATL,BAL,Olamide Zaccheaus,00-0035208,WR,anytime_td,0.08,0.0,0.0,0.0,0.0,0.0
2026_05_BAL_ATL,ATL,BAL,Olamide Zaccheaus,00-0035208,WR,first_td,0.017,0.017,0.017,0.017,0.017,0.017
2026_05_BAL_ATL,ATL,BAL,Michael Penix Jr.,00-0039917,QB,att,28.286,19.0,24.0,29.0,34.0,39.0
2026_05_BAL_ATL,ATL,BAL,Michael Penix Jr.,00-0039917,QB,cmp,18.161,11.0,15.0,18.0,22.0,25.0
2026_05_BAL_ATL,ATL,BAL,Michael Penix Jr.,00-0039917,QB,pass_yds,209.321,116.772,160.432,207.892,259.581,308.375
2026_05_BAL_ATL,ATL,BAL,Michael Penix Jr.,00-0039917,QB,pass_td,1.112,0.0,0.0,1.0,2.0,2.0
2026_05_BAL_ATL,ATL,BAL,Michael Penix Jr.,00-0039917,QB,ints,0.612,0.0,0.0,0.0,1.0,2.0
2026_05_BAL_ATL,ATL,BAL,Michael Penix Jr.,00-0039917,QB,car,1.837,0.0,1.0,2.0,3.0,4.0
2026_05_BAL_ATL,ATL,BAL,Michael Penix Jr.,00-0039917,QB,rush_yds,7.652,-1.0,0.0,3.908,11.816,22.648
2026_05_BAL_ATL,ATL,BAL,Michael Penix Jr.,00-0039917,QB,tgt,0.0,0.0,0.0,0.0,0.0,0.0
2026_05_BAL_ATL,ATL,BAL,Michael Penix Jr.,00-0039917,QB,rec,0.0,0.0,0.0,0.0,0.0,0.0
2026_05_BAL_ATL,ATL,BAL,Michael Penix Jr.,00-0039917,QB,rec_yds,0.001,0.0,0.0,0.0,0.0,0.0
2026_05_BAL_ATL,ATL,BAL,Michael Penix Jr.,00-0039917,QB,anytime_td,0.031,0.0,0.0,0.0,0.0,0.0
2026_05_BAL_ATL,ATL,BAL,Michael Penix Jr.,00-0039917,QB,first_td,0.006,0.006,0.006,0.006,0.006,0.006
2026_05_BAL_ATL,ATL,BAL,Chris Blair,00-0036463,WR,car,0.012,0.0,0.0,0.0,0.0,0.0
2026_05_BAL_ATL,ATL,BAL,Chris Blair,00-0036463,WR,rush_yds,0.068,0.0,0.0,0.0,0.0,0.0
2026_05_BAL_ATL,ATL,BAL,Chris Blair,00-0036463,WR,tgt,0.832,0.0,0.0,0.0,1.0,2.0
2026_05_BAL_ATL,ATL,BAL,Chris Blair,00-0036463,WR,rec,0.504,0.0,0.0,0.0,1.0,2.0
2026_05_BAL_ATL,ATL,BAL,Chris Blair,00-0036463,WR,rec_yds,6.374,0.0,0.0,0.0,7.784,21.68
2026_05_BAL_ATL,ATL,BAL,Chris Blair,00-0036463,WR,anytime_td,0.022,0.0,0.0,0.0,0.0,0.0
2026_05_BAL_ATL,ATL,BAL,Chris Blair,00-0036463,WR,first_td,0.004,0.004,0.004,0.004,0.004,0.004
2026_05_BAL_ATL,ATL,BAL,Kyle Pitts,00-0036970,TE,car,0.003,0.0,0.0,0.0,0.0,0.0
2026_05_BAL_ATL,ATL,BAL,Kyle Pitts,00-0036970,TE,rush_yds,0.004,0.0,0.0,0.0,0.0,0.0
2026_05_BAL_ATL,ATL,BAL,Kyle Pitts,00-0036970,TE,tgt,4.064,1.0,2.0,4.0,5.0,7.0
2026_05_BAL_ATL,ATL,BAL,Kyle Pitts,00-0036970,TE,rec,2.804,1.0,1.0,2.0,4.0,5.0
2026_05_BAL_ATL,ATL,BAL,Kyle Pitts,00-0036970,TE,rec_yds,30.257,1.063,11.059,24.76,43.682,64.419
2026_05_BAL_ATL,ATL,BAL,Kyle Pitts,00-0036970,TE,anytime_td,0.154,0.0,0.0,0.0,0.0,1.0
2026_05_BAL_ATL,ATL,BAL,Kyle Pitts,00-0036970,TE,first_td,0.034,0.034,0.034,0.034,0.034,0.034
2026_05_BAL_ATL,ATL,BAL,Zachariah Branch,00-0041044,WR,car,0.011,0.0,0.0,0.0,0.0,0.0
2026_05_BAL_ATL,ATL,BAL,Zachariah Branch,00-0041044,WR,rush_yds,0.049,0.0,0.0,0.0,0.0,0.0
2026_05_BAL_ATL,ATL,BAL,Zachariah Branch,00-0041044,WR,tgt,1.969,0.0,1.0,2.0,3.0,4.0
2026_05_BAL_ATL,ATL,BAL,Zachariah Branch,00-0041044,WR,rec,1.268,0.0,0.0,1.0,2.0,3.0
2026_05_BAL_ATL,ATL,BAL,Zachariah Branch,00-0041044,WR,rec_yds,15.257,0.0,0.0,8.708,23.246,41.278
2026_05_BAL_ATL,ATL,BAL,Zachariah Branch,00-0041044,WR,anytime_td,0.061,0.0,0.0,0.0,0.0,0.0
2026_05_BAL_ATL,ATL,BAL,Zachariah Branch,00-0041044,WR,first_td,0.013,0.013,0.013,0.013,0.013,0.013
2026_05_BAL_ATL,ATL,BAL,Charlie Woerner,00-0036429,TE,car,0.004,0.0,0.0,0.0,0.0,0.0
2026_05_BAL_ATL,ATL,BAL,Charlie Woerner,00-0036429,TE,rush_yds,0.007,0.0,0.0,0.0,0.0,0.0
2026_05_BAL_ATL,ATL,BAL,Charlie Woerner,00-0036429,TE,tgt,0.651,0.0,0.0,0.0,1.0,2.0
2026_05_BAL_ATL,ATL,BAL,Charlie Woerner,00-0036429,TE,rec,0.442,0.0,0.0,0.0,1.0,1.0
2026_05_BAL_ATL,ATL,BAL,Charlie Woerner,00-0036429,TE,rec_yds,4.567,0.0,0.0,0.0,5.356,16.529
2026_05_BAL_ATL,ATL,BAL,Charlie Woerner,00-0036429,TE,anytime_td,0.015,0.0,0.0,0.0,0.0,0.0
2026_05_BAL_ATL,ATL,BAL,Charlie Woerner,00-0036429,TE,first_td,0.003,0.003,0.003,0.003,0.003,0.003
2026_05_BAL_ATL,ATL,BAL,Drake London,00-0037238,WR,car,0.269,0.0,0.0,0.0,0.0,1.0
2026_05_BAL_ATL,ATL,BAL,Drake London,00-0037238,WR,rush_yds,1.312,0.0,0.0,0.0,0.0,0.896
2026_05_BAL_ATL,ATL,BAL,Drake London,00-0037238,WR,tgt,7.77,4.0,5.0,7.0,10.0,12.0
2026_05_BAL_ATL,ATL,BAL,Drake London,00-0037238,WR,rec,5.133,2.0,3.0,5.0,7.0,9.0
2026_05_BAL_ATL,ATL,BAL,Drake London,00-0037238,WR,rec_yds,75.881,21.459,41.652,68.854,102.407,138.663
2026_05_BAL_ATL,ATL,BAL,Drake London,00-0037238,WR,anytime_td,0.234,0.0,0.0,0.0,0.0,1.0
2026_05_BAL_ATL,ATL,BAL,Drake London,00-0037238,WR,first_td,0.053,0.053,0.053,0.053,0.053,0.053
2026_05_BAL_ATL,ATL,BAL,Austin Hooper,00-0032392,TE,car,0.004,0.0,0.0,0.0,0.0,0.0
2026_05_BAL_ATL,ATL,BAL,Austin Hooper,00-0032392,TE,rush_yds,0.011,0.0,0.0,0.0,0.0,0.0
2026_05_BAL_ATL,ATL,BAL,Austin Hooper,00-0032392,TE,tgt,1.919,0.0,1.0,2.0,3.0,4.0
2026_05_BAL_ATL,ATL,BAL,Austin Hooper,00-0032392,TE,rec,1.339,0.0,0.0,1.0,2.0,3.0
2026_05_BAL_ATL,ATL,BAL,Austin Hooper,00-0032392,TE,rec_yds,13.496,0.0,0.0,8.237,20.449,35.386
2026_05_BAL_ATL,ATL,BAL,Austin Hooper,00-0032392,TE,anytime_td,0.117,0.0,0.0,0.0,0.0,1.0
2026_05_BAL_ATL,ATL,BAL,Austin Hooper,00-0032392,TE,first_td,0.026,0.026,0.026,0.026,0.026,0.026
2026_05_BAL_ATL,ATL,BAL,Brian Robinson,00-0037746,RB,car,8.77,3.0,5.0,8.0,12.0,16.0
2026_05_BAL_ATL,ATL,BAL,Brian Robinson,00-0037746,RB,rush_yds,33.759,6.158,14.239,27.577,46.61,68.565
2026_05_BAL_ATL,ATL,BAL,Brian Robinson,00-0037746,RB,tgt,0.85,0.0,0.0,0.0,1.0,2.0
2026_05_BAL_ATL,ATL,BAL,Brian Robinson,00-0037746,RB,rec,0.658,0.0,0.0,0.0,1.0,2.0
2026_05_BAL_ATL,ATL,BAL,Brian Robinson,00-0037746,RB,rec_yds,4.793,0.0,0.0,0.0,6.561,15.999
2026_05_BAL_ATL,ATL,BAL,Brian Robinson,00-0037746,RB,anytime_td,0.349,0.0,0.0,0.0,1.0,1.0
2026_05_BAL_ATL,ATL,BAL,Brian Robinson,00-0037746,RB,first_td,0.087,0.087,0.087,0.087,0.087,0.087
2026_05_BAL_ATL,BAL,ATL,Rasheen Ali,00-0039796,RB,car,1.075,0.0,0.0,0.0,1.0,3.0
2026_05_BAL_ATL,BAL,ATL,Rasheen Ali,00-0039796,RB,rush_yds,4.474,0.0,0.0,0.0,4.788,14.936
2026_05_BAL_ATL,BAL,ATL,Rasheen Ali,00-0039796,RB,tgt,1.4,0.0,0.0,1.0,2.0,3.0
2026_05_BAL_ATL,BAL,ATL,Rasheen Ali,00-0039796,RB,rec,1.046,0.0,0.0,1.0,2.0,3.0
2026_05_BAL_ATL,BAL,ATL,Rasheen Ali,00-0039796,RB,rec_yds,7.945,0.0,0.0,2.275,11.725,23.54
2026_05_BAL_ATL,BAL,ATL,Rasheen Ali,00-0039796,RB,anytime_td,0.097,0.0,0.0,0.0,0.0,0.0
2026_05_BAL_ATL,BAL,ATL,Rasheen Ali,00-0039796,RB,first_td,0.021,0.021,0.021,0.021,0.021,0.021
2026_05_BAL_ATL,BAL,ATL,Durham Smythe,00-0034798,TE,car,0.002,0.0,0.0,0.0,0.0,0.0
2026_05_BAL_ATL,BAL,ATL,Durham Smythe,00-0034798,TE,rush_yds,0.003,0.0,0.0,0.0,0.0,0.0
2026_05_BAL_ATL,BAL,ATL,Durham Smythe,00-0034798,TE,tgt,0.532,0.0,0.0,0.0,1.0,2.0
2026_05_BAL_ATL,BAL,ATL,Durham Smythe,00-0034798,TE,rec,0.364,0.0,0.0,0.0,1.0,1.0
2026_05_BAL_ATL,BAL,ATL,Durham Smythe,00-0034798,TE,rec_yds,3.875,0.0,0.0,0.0,2.171,14.291
2026_05_BAL_ATL,BAL,ATL,Durham Smythe,00-0034798,TE,anytime_td,0.025,0.0,0.0,0.0,0.0,0.0
2026_05_BAL_ATL,BAL,ATL,Durham Smythe,00-0034798,TE,first_td,0.005,0.005,0.005,0.005,0.005,0.005
2026_05_BAL_ATL,BAL,ATL,Mark Andrews,00-0034753,TE,car,0.158,0.0,0.0,0.0,0.0,0.0
2026_05_BAL_ATL,BAL,ATL,Mark Andrews,00-0034753,TE,rush_yds,0.364,0.0,0.0,0.0,0.0,0.0
2026_05_BAL_ATL,BAL,ATL,Mark Andrews,00-0034753,TE,tgt,5.565,2.0,3.0,5.0,7.0,10.0
2026_05_BAL_ATL,BAL,ATL,Mark Andrews,00-0034753,TE,rec,3.88,1.0,2.0,4.0,5.0,7.0
2026_05_BAL_ATL,BAL,ATL,Mark Andrews,00-0034753,TE,rec_yds,37.972,7.642,18.059,33.703,53.031,72.883
2026_05_BAL_ATL,BAL,ATL,Mark Andrews,00-0034753,TE,anytime_td,0.232,0.0,0.0,0.0,0.0,1.0
2026_05_BAL_ATL,BAL,ATL,Mark Andrews,00-0034753,TE,first_td,0.054,0.054,0.054,0.054,0.054,0.054
2026_05_BAL_ATL,BAL,ATL,Rashod Bateman,00-0036550,WR,car,0.009,0.0,0.0,0.0,0.0,0.0
2026_05_BAL_ATL,BAL,ATL,Rashod Bateman,00-0036550,WR,rush_yds,0.049,0.0,0.0,0.0,0.0,0.0
2026_05_BAL_ATL,BAL,ATL,Rashod Bateman,00-0036550,WR,tgt,3.492,1.0,2.0,3.0,5.0,7.0
2026_05_BAL_ATL,BAL,ATL,Rashod Bateman,00-0036550,WR,rec,2.175,0.0,1.0,2.0,3.0,4.0
2026_05_BAL_ATL,BAL,ATL,Rashod Bateman,00-0036550,WR,rec_yds,30.083,0.0,7.719,22.924,44.674,69.836
2026_05_BAL_ATL,BAL,ATL,Rashod Bateman,00-0036550,WR,anytime_td,0.162,0.0,0.0,0.0,0.0,1.0
2026_05_BAL_ATL,BAL,ATL,Rashod Bateman,00-0036550,WR,first_td,0.036,0.036,0.036,0.036,0.036,0.036
2026_05_BAL_ATL,BAL,ATL,Matthew Hibner,00-0040879,TE,car,0.003,0.0,0.0,0.0,0.0,0.0
2026_05_BAL_ATL,BAL,ATL,Matthew Hibner,00-0040879,TE,rush_yds,0.006,0.0,0.0,0.0,0.0,0.0
2026_05_BAL_ATL,BAL,ATL,Matthew Hibner,00-0040879,TE,tgt,1.373,0.0,0.0,1.0,2.0,3.0
2026_05_BAL_ATL,BAL,ATL,Matthew Hibner,00-0040879,TE,rec,0.98,0.0,0.0,1.0,2.0,3.0
2026_05_BAL_ATL,BAL,ATL,Matthew Hibner,00-0040879,TE,rec_yds,10.808,0.0,0.0,4.62,16.453,31.824
2026_05_BAL_ATL,BAL,ATL,Matthew Hibner,00-0040879,TE,anytime_td,0.105,0.0,0.0,0.0,0.0,1.0
2026_05_BAL_ATL,BAL,ATL,Matthew Hibner,00-0040879,TE,first_td,0.023,0.023,0.023,0.023,0.023,0.023
2026_05_BAL_ATL,BAL,ATL,Justice Hill,00-0034975,RB,car,2.901,0.0,1.0,2.0,4.0,7.0
2026_05_BAL_ATL,BAL,ATL,Justice Hill,00-0034975,RB,rush_yds,12.589,0.0,0.0,6.433,17.861,34.311
2026_05_BAL_ATL,BAL,ATL,Justice Hill,00-0034975,RB,tgt,1.921,0.0,1.0,2.0,3.0,4.0
2026_05_BAL_ATL,BAL,ATL,Justice Hill,00-0034975,RB,rec,1.446,0.0,0.0,1.0,2.0,3.0
2026_05_BAL_ATL,BAL,ATL,Justice Hill,00-0034975,RB,rec_yds,11.398,0.0,0.0,6.532,17.065,30.543
2026_05_BAL_ATL,BAL,ATL,Justice Hill,00-0034975,RB,anytime_td,0.136,0.0,0.0,0.0,0.0,1.0
2026_05_BAL_ATL,BAL,ATL,Justice Hill,00-0034975,RB,first_td,0.03,0.03,0.03,0.03,0.03,0.03
2026_05_BAL_ATL,BAL,ATL,LaJohntay Wester,00-0040075,WR,car,0.011,0.0,0.0,0.0,0.0,0.0
2026_05_BAL_ATL,BAL,ATL,LaJohntay Wester,00-0040075,WR,rush_yds,0.059,0.0,0.0,0.0,0.0,0.0
2026_05_BAL_ATL,BAL,ATL,LaJohntay Wester,00-0040075,WR,tgt,0.785,0.0,0.0,0.0,1.0,2.0
2026_05_BAL_ATL,BAL,ATL,LaJohntay Wester,00-0040075,WR,rec,0.479,0.0,0.0,0.0,1.0,2.0
2026_05_BAL_ATL,BAL,ATL,LaJohntay Wester,00-0040075,WR,rec_yds,6.257,0.0,0.0,0.0,7.543,21.791
2026_05_BAL_ATL,BAL,ATL,LaJohntay Wester,00-0040075,WR,anytime_td,0.02,0.0,0.0,0.0,0.0,0.0
2026_05_BAL_ATL,BAL,ATL,LaJohntay Wester,00-0040075,WR,first_td,0.004,0.004,0.004,0.004,0.004,0.004
2026_05_BAL_ATL,BAL,ATL,Elijah Sarratt,00-0040876,WR,car,0.04,0.0,0.0,0.0,0.0,0.0
2026_05_BAL_ATL,BAL,ATL,Elijah Sarratt,00-0040876,WR,rush_yds,0.25,0.0,0.0,0.0,0.0,0.0
2026_05_BAL_ATL,BAL,ATL,Elijah Sarratt,00-0040876,WR,tgt,1.728,0.0,0.0,1.0,3.0,4.0
2026_05_BAL_ATL,BAL,ATL,Elijah Sarratt,00-0040876,WR,rec,1.043,0.0,0.0,1.0,2.0,3.0
2026_05_BAL_ATL,BAL,ATL,Elijah Sarratt,00-0040876,WR,rec_yds,13.558,0.0,0.0,6.46,20.923,38.001
2026_05_BAL_ATL,BAL,ATL,Elijah Sarratt,00-0040876,WR,anytime_td,0.072,0.0,0.0,0.0,0.0,0.0
2026_05_BAL_ATL,BAL,ATL,Elijah Sarratt,00-0040876,WR,first_td,0.015,0.015,0.015,0.015,0.015,0.015
2026_05_BAL_ATL,BAL,ATL,Derrick Henry,00-0032764,RB,car,19.717,11.0,15.0,19.0,24.0,29.0
2026_05_BAL_ATL,BAL,ATL,Derrick Henry,00-0032764,RB,rush_yds,86.187,37.016,55.343,79.195,110.853,143.623
2026_05_BAL_ATL,BAL,ATL,Derrick Henry,00-0032764,RB,tgt,1.655,0.0,0.0,1.0,2.0,4.0
2026_05_BAL_ATL,BAL,ATL,Derrick Henry,00-0032764,RB,rec,1.282,0.0,0.0,1.0,2.0,3.0
2026_05_BAL_ATL,BAL,ATL,Derrick Henry,00-0032764,RB,rec_yds,9.436,0.0,0.0,4.941,14.104,26.549
2026_05_BAL_ATL,BAL,ATL,Derrick Henry,00-0032764,RB,anytime_td,0.576,0.0,0.0,1.0,1.0,1.0
2026_05_BAL_ATL,BAL,ATL,Derrick Henry,00-0032764,RB,first_td,0.172,0.172,0.172,0.172,0.172,0.172
2026_05_BAL_ATL,BAL,ATL,Lamar Jackson,00-0034796,QB,att,27.575,18.0,23.0,28.0,33.0,38.0
2026_05_BAL_ATL,BAL,ATL,Lamar Jackson,00-0034796,QB,cmp,17.958,11.0,15.0,18.0,22.0,25.0
2026_05_BAL_ATL,BAL,ATL,Lamar Jackson,00-0034796,QB,pass_yds,214.631,118.222,164.127,213.553,265.685,317.509
2026_05_BAL_ATL,BAL,ATL,Lamar Jackson,00-0034796,QB,pass_td,1.326,0.0,1.0,1.0,2.0,3.0
2026_05_BAL_ATL,BAL,ATL,Lamar Jackson,00-0034796,QB,ints,0.542,0.0,0.0,0.0,1.0,2.0
2026_05_BAL_ATL,BAL,ATL,Lamar Jackson,00-0034796,QB,car,4.7,1.0,3.0,4.0,6.0,9.0
2026_05_BAL_ATL,BAL,ATL,Lamar Jackson,00-0034796,QB,rush_yds,23.63,1.035,7.929,19.396,34.352,50.741
2026_05_BAL_ATL,BAL,ATL,Lamar Jackson,00-0034796,QB,tgt,0.0,0.0,0.0,0.0,0.0,0.0
2026_05_BAL_ATL,BAL,ATL,Lamar Jackson,00-0034796,QB,rec,0.0,0.0,0.0,0.0,0.0,0.0
2026_05_BAL_ATL,BAL,ATL,Lamar Jackson,00-0034796,QB,rec_yds,0.002,0.0,0.0,0.0,0.0,0.0
2026_05_BAL_ATL,BAL,ATL,Lamar Jackson,00-0034796,QB,anytime_td,0.228,0.0,0.0,0.0,0.0,1.0
2026_05_BAL_ATL,BAL,ATL,Lamar Jackson,00-0034796,QB,first_td,0.053,0.053,0.053,0.053,0.053,0.053
2026_05_BAL_ATL,BAL,ATL,Devontez Walker,00-0039792,WR,car,0.013,0.0,0.0,0.0,0.0,0.0
2026_05_BAL_ATL,BAL,ATL,Devontez Walker,00-0039792,WR,rush_yds,0.078,0.0,0.0,0.0,0.0,0.0
2026_05_BAL_ATL,BAL,ATL,Devontez Walker,00-0039792,WR,tgt,1.574,0.0,0.0,1.0,2.0,4.0
2026_05_BAL_ATL,BAL,ATL,Devontez Walker,00-0039792,WR,rec,0.942,0.0,0.0,1.0,1.0,2.0
2026_05_BAL_ATL,BAL,ATL,Devontez Walker,00-0039792,WR,rec_yds,13.706,0.0,0.0,5.266,20.704,40.563
2026_05_BAL_ATL,BAL,ATL,Devontez Walker,00-0039792,WR,anytime_td,0.066,0.0,0.0,0.0,0.0,0.0
2026_05_BAL_ATL,BAL,ATL,Devontez Walker,00-0039792,WR,first_td,0.014,0.014,0.014,0.014,0.014,0.014
2026_05_BAL_ATL,BAL,ATL,Zay Flowers,00-0039064,WR,car,0.336,0.0,0.0,0.0,0.0,1.0
2026_05_BAL_ATL,BAL,ATL,Zay Flowers,00-0039064,WR,rush_yds,1.918,0.0,0.0,0.0,0.0,4.118
2026_05_BAL_ATL,BAL,ATL,Zay Flowers,00-0039064,WR,tgt,7.858,4.0,5.0,7.0,10.0,13.0
2026_05_BAL_ATL,BAL,ATL,Zay Flowers,00-0039064,WR,rec,5.308,2.0,3.0,5.0,7.0,9.0
2026_05_BAL_ATL,BAL,ATL,Zay Flowers,00-0039064,WR,rec_yds,81.725,24.386,44.739,73.729,110.648,149.675
2026_05_BAL_ATL,BAL,ATL,Zay Flowers,00-0039064,WR,anytime_td,0.324,0.0,0.0,0.0,1.0,1.0
2026_05_BAL_ATL,BAL,ATL,Zay Flowers,00-0039064,WR,first_td,0.079,0.079,0.079,0.079,0.079,0.079
2026_05_CHI_GB,GB,CHI,Jordan Love,00-0036264,QB,att,31.34,21.0,27.0,32.0,37.0,42.0
2026_05_CHI_GB,GB,CHI,Jordan Love,00-0036264,QB,cmp,19.114,12.0,16.0,19.0,23.0,26.0
2026_05_CHI_GB,GB,CHI,Jordan Love,00-0036264,QB,pass_yds,217.455,124.528,168.827,215.642,266.83,318.108
2026_05_CHI_GB,GB,CHI,Jordan Love,00-0036264,QB,pass_td,1.449,0.0,1.0,1.0,2.0,3.0
2026_05_CHI_GB,GB,CHI,Jordan Love,00-0036264,QB,ints,0.743,0.0,0.0,0.0,1.0,2.0
2026_05_CHI_GB,GB,CHI,Jordan Love,00-0036264,QB,car,2.209,0.0,1.0,2.0,3.0,5.0
2026_05_CHI_GB,GB,CHI,Jordan Love,00-0036264,QB,rush_yds,7.961,-1.0,0.0,3.01,12.404,24.048
2026_05_CHI_GB,GB,CHI,Jordan Love,00-0036264,QB,tgt,0.0,0.0,0.0,0.0,0.0,0.0
2026_05_CHI_GB,GB,CHI,Jordan Love,00-0036264,QB,rec,0.0,0.0,0.0,0.0,0.0,0.0
2026_05_CHI_GB,GB,CHI,Jordan Love,00-0036264,QB,rec_yds,0.003,0.0,0.0,0.0,0.0,0.0
2026_05_CHI_GB,GB,CHI,Jordan Love,00-0036264,QB,anytime_td,0.048,0.0,0.0,0.0,0.0,0.0
2026_05_CHI_GB,GB,CHI,Jordan Love,00-0036264,QB,first_td,0.011,0.011,0.011,0.011,0.011,0.011
2026_05_CHI_GB,GB,CHI,J. Michael Sturdivant,00-0040948,WR,car,0.026,0.0,0.0,0.0,0.0,0.0
2026_05_CHI_GB,GB,CHI,J. Michael Sturdivant,00-0040948,WR,rush_yds,0.124,0.0,0.0,0.0,0.0,0.0
2026_05_CHI_GB,GB,CHI,J. Michael Sturdivant,00-0040948,WR,tgt,1.381,0.0,0.0,1.0,2.0,3.0
2026_05_CHI_GB,GB,CHI,J. Michael Sturdivant,00-0040948,WR,rec,0.857,0.0,0.0,1.0,1.0,2.0
2026_05_CHI_GB,GB,CHI,J. Michael Sturdivant,00-0040948,WR,rec_yds,10.505,0.0,0.0,1.95,16.015,31.947
2026_05_CHI_GB,GB,CHI,J. Michael Sturdivant,00-0040948,WR,anytime_td,0.038,0.0,0.0,0.0,0.0,0.0
2026_05_CHI_GB,GB,CHI,J. Michael Sturdivant,00-0040948,WR,first_td,0.008,0.008,0.008,0.008,0.008,0.008
2026_05_CHI_GB,GB,CHI,Skyy Moore,00-0038090,WR,car,0.097,0.0,0.0,0.0,0.0,0.0
2026_05_CHI_GB,GB,CHI,Skyy Moore,00-0038090,WR,rush_yds,0.479,0.0,0.0,0.0,0.0,0.0
2026_05_CHI_GB,GB,CHI,Skyy Moore,00-0038090,WR,tgt,2.425,0.0,1.0,2.0,3.0,5.0
2026_05_CHI_GB,GB,CHI,Skyy Moore,00-0038090,WR,rec,1.396,0.0,0.0,1.0,2.0,3.0
2026_05_CHI_GB,GB,CHI,Skyy Moore,00-0038090,WR,rec_yds,16.219,0.0,0.0,10.026,24.415,42.745
2026_05_CHI_GB,GB,CHI,Skyy Moore,00-0038090,WR,anytime_td,0.079,0.0,0.0,0.0,0.0,0.0
2026_05_CHI_GB,GB,CHI,Skyy Moore,00-0038090,WR,first_td,0.018,0.018,0.018,0.018,0.018,0.018
2026_05_CHI_GB,GB,CHI,Chris Brooks,00-0038685,RB,car,4.264,0.0,2.0,3.0,6.0,9.0
2026_05_CHI_GB,GB,CHI,Chris Brooks,00-0038685,RB,rush_yds,18.822,0.0,3.96,12.671,26.784,45.582
2026_05_CHI_GB,GB,CHI,Chris Brooks,00-0038685,RB,tgt,1.098,0.0,0.0,1.0,2.0,3.0
2026_05_CHI_GB,GB,CHI,Chris Brooks,00-0038685,RB,rec,0.818,0.0,0.0,0.0,1.0,2.0
2026_05_CHI_GB,GB,CHI,Chris Brooks,00-0038685,RB,rec_yds,6.024,0.0,0.0,0.0,8.783,18.839
2026_05_CHI_GB,GB,CHI,Chris Brooks,00-0038685,RB,anytime_td,0.134,0.0,0.0,0.0,0.0,1.0
2026_05_CHI_GB,GB,CHI,Chris Brooks,00-0038685,RB,first_td,0.032,0.032,0.032,0.032,0.032,0.032
2026_05_CHI_GB,GB,CHI,Kaleb Johnson,00-0040142,RB,car,7.433,2.0,4.0,7.0,10.0,14.0
2026_05_CHI_GB,GB,CHI,Kaleb Johnson,00-0040142,RB,rush_yds,31.211,4.344,12.352,25.459,43.043,65.011
2026_05_CHI_GB,GB,CHI,Kaleb Johnson,00-0040142,RB,tgt,0.753,0.0,0.0,0.0,1.0,2.0
2026_05_CHI_GB,GB,CHI,Kaleb Johnson,00-0040142,RB,rec,0.553,0.0,0.0,0.0,1.0,2.0
2026_05_CHI_GB,GB,CHI,Kaleb Johnson,00-0040142,RB,rec_yds,3.995,0.0,0.0,0.0,5.005,13.888
2026_05_CHI_GB,GB,CHI,Kaleb Johnson,00-0040142,RB,anytime_td,0.154,0.0,0.0,0.0,0.0,1.0
2026_05_CHI_GB,GB,CHI,Kaleb Johnson,00-0040142,RB,first_td,0.036,0.036,0.036,0.036,0.036,0.036
2026_05_CHI_GB,GB,CHI,Christian Watson,00-0038124,WR,car,0.054,0.0,0.0,0.0,0.0,0.0
2026_05_CHI_GB,GB,CHI,Christian Watson,00-0038124,WR,rush_yds,0.279,0.0,0.0,0.0,0.0,0.0
2026_05_CHI_GB,GB,CHI,Christian Watson,00-0038124,WR,tgt,6.486,3.0,4.0,6.0,8.0,11.0
2026_05_CHI_GB,GB,CHI,Christian Watson,00-0038124,WR,rec,3.962,1.0,2.0,4.0,5.0,7.0
2026_05_CHI_GB,GB,CHI,Christian Watson,00-0038124,WR,rec_yds,55.593,11.335,25.483,48.655,77.289,109.199
2026_05_CHI_GB,GB,CHI,Christian Watson,00-0038124,WR,anytime_td,0.326,0.0,0.0,0.0,1.0,1.0
2026_05_CHI_GB,GB,CHI,Christian Watson,00-0038124,WR,first_td,0.081,0.081,0.081,0.081,0.081,0.081
2026_05_CHI_GB,GB,CHI,Mark Redman,00-0040598,TE,car,0.004,0.0,0.0,0.0,0.0,0.0
2026_05_CHI_GB,GB,CHI,Mark Redman,00-0040598,TE,rush_yds,0.011,0.0,0.0,0.0,0.0,0.0
2026_05_CHI_GB,GB,CHI,Mark Redman,00-0040598,TE,tgt,1.79,0.0,1.0,1.0,3.0,4.0
2026_05_CHI_GB,GB,CHI,Mark Redman,00-0040598,TE,rec,1.266,0.0,0.0,1.0,2.0,3.0
2026_05_CHI_GB,GB,CHI,Mark Redman,00-0040598,TE,rec_yds,13.12,0.0,0.0,7.568,19.971,35.645
2026_05_CHI_GB,GB,CHI,Mark Redman,00-0040598,TE,anytime_td,0.066,0.0,0.0,0.0,0.0,0.0
2026_05_CHI_GB,GB,CHI,Mark Redman,00-0040598,TE,first_td,0.015,0.015,0.015,0.015,0.015,0.015
2026_05_CHI_GB,GB,CHI,MarShawn Lloyd,00-0039811,RB,car,8.854,3.0,5.0,8.0,12.0,16.0
2026_05_CHI_GB,GB,CHI,MarShawn Lloyd,00-0039811,RB,rush_yds,34.53,7.027,15.233,28.43,47.325,69.592
2026_05_CHI_GB,GB,CHI,MarShawn Lloyd,00-0039811,RB,tgt,2.46,0.0,1.0,2.0,3.0,5.0
2026_05_CHI_GB,GB,CHI,MarShawn Lloyd,00-0039811,RB,rec,1.9,0.0,1.0,2.0,3.0,4.0
2026_05_CHI_GB,GB,CHI,MarShawn Lloyd,00-0039811,RB,rec_yds,13.052,0.0,0.0,8.577,19.476,33.489
2026_05_CHI_GB,GB,CHI,MarShawn Lloyd,00-0039811,RB,anytime_td,0.315,0.0,0.0,0.0,1.0,1.0
2026_05_CHI_GB,GB,CHI,MarShawn Lloyd,00-0039811,RB,first_td,0.082,0.082,0.082,0.082,0.082,0.082
2026_05_CHI_GB,GB,CHI,Jonnu Smith,00-0033858,TE,car,0.232,0.0,0.0,0.0,0.0,1.0
2026_05_CHI_GB,GB,CHI,Jonnu Smith,00-0033858,TE,rush_yds,0.563,0.0,0.0,0.0,0.0,0.0
2026_05_CHI_GB,GB,CHI,Jonnu Smith,00-0033858,TE,tgt,1.822,0.0,1.0,1.0,3.0,4.0
2026_05_CHI_GB,GB,CHI,Jonnu Smith,00-0033858,TE,rec,1.259,0.0,0.0,1.0,2.0,3.0
2026_05_CHI_GB,GB,CHI,Jonnu Smith,00-0033858,TE,rec_yds,13.216,0.0,0.0,7.679,20.297,35.428
2026_05_CHI_GB,GB,CHI,Jonnu Smith,00-0033858,TE,anytime_td,0.084,0.0,0.0,0.0,0.0,0.0
2026_05_CHI_GB,GB,CHI,Jonnu Smith,00-0033858,TE,first_td,0.019,0.019,0.019,0.019,0.019,0.019
2026_05_CHI_GB,GB,CHI,Bo Melton,00-0037091,WR,car,0.152,0.0,0.0,0.0,0.0,0.0
2026_05_CHI_GB,GB,CHI,Bo Melton,00-0037091,WR,rush_yds,0.819,0.0,0.0,0.0,0.0,0.0
2026_05_CHI_GB,GB,CHI,Bo Melton,00-0037091,WR,tgt,1.169,0.0,0.0,1.0,2.0,3.0
2026_05_CHI_GB,GB,CHI,Bo Melton,00-0037091,WR,rec,0.661,0.0,0.0,0.0,1.0,2.0
2026_05_CHI_GB,GB,CHI,Bo Melton,00-0037091,WR,rec_yds,8.554,0.0,0.0,0.0,12.087,27.776
2026_05_CHI_GB,GB,CHI,Bo Melton,00-0037091,WR,anytime_td,0.032,0.0,0.0,0.0,0.0,0.0
2026_05_CHI_GB,GB,CHI,Bo Melton,00-0037091,WR,first_td,0.007,0.007,0.007,0.007,0.007,0.007
2026_05_CHI_GB,GB,CHI,Tucker Kraft,00-0038996,TE,car,0.314,0.0,0.0,0.0,0.0,1.0
2026_05_CHI_GB,GB,CHI,Tucker Kraft,00-0038996,TE,rush_yds,0.777,0.0,0.0,0.0,0.0,1.548
2026_05_CHI_GB,GB,CHI,Tucker Kraft,00-0038996,TE,tgt,5.368,2.0,3.0,5.0,7.0,9.0
2026_05_CHI_GB,GB,CHI,Tucker Kraft,00-0038996,TE,rec,3.623,1.0,2.0,3.0,5.0,7.0
2026_05_CHI_GB,GB,CHI,Tucker Kraft,00-0038996,TE,rec_yds,38.202,6.449,16.709,33.305,53.644,76.841
2026_05_CHI_GB,GB,CHI,Tucker Kraft,00-0038996,TE,anytime_td,0.244,0.0,0.0,0.0,0.0,1.0
2026_05_CHI_GB,GB,CHI,Tucker Kraft,00-0038996,TE,first_td,0.06,0.06,0.06,0.06,0.06,0.06
2026_05_CHI_GB,GB,CHI,Matthew Golden,00-0040667,WR,car,0.448,0.0,0.0,0.0,0.0,1.0
2026_05_CHI_GB,GB,CHI,Matthew Golden,00-0040667,WR,rush_yds,2.5,0.0,0.0,0.0,0.0,7.891
2026_05_CHI_GB,GB,CHI,Matthew Golden,00-0040667,WR,tgt,6.726,3.0,4.0,6.0,9.0,11.0
2026_05_CHI_GB,GB,CHI,Matthew Golden,00-0040667,WR,rec,3.729,1.0,2.0,3.0,5.0,7.0
2026_05_CHI_GB,GB,CHI,Matthew Golden,00-0040667,WR,rec_yds,49.655,8.604,21.766,43.344,70.148,97.913
2026_05_CHI_GB,GB,CHI,Matthew Golden,00-0040667,WR,anytime_td,0.247,0.0,0.0,0.0,0.0,1.0
2026_05_CHI_GB,GB,CHI,Matthew Golden,00-0040667,WR,first_td,0.061,0.061,0.061,0.061,0.061,0.061
2026_05_CHI_GB,CHI,GB,Jahdae Walker,00-0040277,WR,car,0.01,0.0,0.0,0.0,0.0,0.0
2026_05_CHI_GB,CHI,GB,Jahdae Walker,00-0040277,WR,rush_yds,0.07,0.0,0.0,0.0,0.0,0.0
2026_05_CHI_GB,CHI,GB,Jahdae Walker,00-0040277,WR,tgt,0.712,0.0,0.0,0.0,1.0,2.0
2026_05_CHI_GB,CHI,GB,Jahdae Walker,00-0040277,WR,rec,0.448,0.0,0.0,0.0,1.0,1.0
2026_05_CHI_GB,CHI,GB,Jahdae Walker,00-0040277,WR,rec_yds,5.551,0.0,0.0,0.0,6.293,19.672
2026_05_CHI_GB,CHI,GB,Jahdae Walker,00-0040277,WR,anytime_td,0.065,0.0,0.0,0.0,0.0,0.0
2026_05_CHI_GB,CHI,GB,Jahdae Walker,00-0040277,WR,first_td,0.016,0.016,0.016,0.016,0.016,0.016
2026_05_CHI_GB,CHI,GB,Roschon Johnson,00-0039021,RB,car,2.091,0.0,0.0,1.0,3.0,6.0
2026_05_CHI_GB,CHI,GB,Roschon Johnson,00-0039021,RB,rush_yds,8.79,0.0,0.0,2.917,11.919,25.953
2026_05_CHI_GB,CHI,GB,Roschon Johnson,00-0039021,RB,tgt,0.667,0.0,0.0,0.0,1.0,2.0
2026_05_CHI_GB,CHI,GB,Roschon Johnson,00-0039021,RB,rec,0.529,0.0,0.0,0.0,1.0,2.0
2026_05_CHI_GB,CHI,GB,Roschon Johnson,00-0039021,RB,rec_yds,3.931,0.0,0.0,0.0,4.766,13.68
2026_05_CHI_GB,CHI,GB,Roschon Johnson,00-0039021,RB,anytime_td,0.112,0.0,0.0,0.0,0.0,1.0
2026_05_CHI_GB,CHI,GB,Roschon Johnson,00-0039021,RB,first_td,0.027,0.027,0.027,0.027,0.027,0.027
2026_05_CHI_GB,CHI,GB,Kyle Monangai,00-0040236,RB,car,12.028,5.0,8.0,11.0,16.0,20.0
2026_05_CHI_GB,CHI,GB,Kyle Monangai,00-0040236,RB,rush_yds,55.005,15.271,28.176,48.254,74.811,103.494
2026_05_CHI_GB,CHI,GB,Kyle Monangai,00-0040236,RB,tgt,1.456,0.0,0.0,1.0,2.0,4.0
2026_05_CHI_GB,CHI,GB,Kyle Monangai,00-0040236,RB,rec,1.151,0.0,0.0,1.0,2.0,3.0
2026_05_CHI_GB,CHI,GB,Kyle Monangai,00-0040236,RB,rec_yds,8.616,0.0,0.0,3.52,12.877,24.735
2026_05_CHI_GB,CHI,GB,Kyle Monangai,00-0040236,RB,anytime_td,0.398,0.0,0.0,0.0,1.0,1.0
2026_05_CHI_GB,CHI,GB,Kyle Monangai,00-0040236,RB,first_td,0.11,0.11,0.11,0.11,0.11,0.11
2026_05_CHI_GB,CHI,GB,Rome Odunze,00-0039919,WR,car,0.01,0.0,0.0,0.0,0.0,0.0
2026_05_CHI_GB,CHI,GB,Rome Odunze,00-0039919,WR,rush_yds,0.051,0.0,0.0,0.0,0.0,0.0
2026_05_CHI_GB,CHI,GB,Rome Odunze,00-0039919,WR,tgt,5.386,2.0,3.0,5.0,7.0,9.0
2026_05_CHI_GB,CHI,GB,Rome Odunze,00-0039919,WR,rec,3.322,1.0,2.0,3.0,5.0,6.0
2026_05_CHI_GB,CHI,GB,Rome Odunze,00-0039919,WR,rec_yds,46.263,6.443,19.099,38.868,65.604,96.497
2026_05_CHI_GB,CHI,GB,Rome Odunze,00-0039919,WR,anytime_td,0.182,0.0,0.0,0.0,0.0,1.0
2026_05_CHI_GB,CHI,GB,Rome Odunze,00-0039919,WR,first_td,0.043,0.043,0.043,0.043,0.043,0.043
2026_05_CHI_GB,CHI,GB,Cole Kmet,00-0036290,TE,car,0.002,0.0,0.0,0.0,0.0,0.0
2026_05_CHI_GB,CHI,GB,Cole Kmet,00-0036290,TE,rush_yds,0.002,0.0,0.0,0.0,0.0,0.0
2026_05_CHI_GB,CHI,GB,Cole Kmet,00-0036290,TE,tgt,1.981,0.0,1.0,2.0,3.0,4.0
2026_05_CHI_GB,CHI,GB,Cole Kmet,00-0036290,TE,rec,1.378,0.0,0.0,1.0,2.0,3.0
2026_05_CHI_GB,CHI,GB,Cole Kmet,00-0036290,TE,rec_yds,14.308,0.0,0.0,8.859,22.136,37.46
2026_05_CHI_GB,CHI,GB,Cole Kmet,00-0036290,TE,anytime_td,0.106,0.0,0.0,0.0,0.0,1.0
2026_05_CHI_GB,CHI,GB,Cole Kmet,00-0036290,TE,first_td,0.025,0.025,0.025,0.025,0.025,0.025
2026_05_CHI_GB,CHI,GB,D'Andre Swift,00-0036275,RB,car,13.68,6.0,9.0,13.0,18.0,22.0
2026_05_CHI_GB,CHI,GB,D'Andre Swift,00-0036275,RB,rush_yds,59.969,18.572,32.711,53.46,79.751,109.598
2026_05_CHI_GB,CHI,GB,D'Andre Swift,00-0036275,RB,tgt,2.303,0.0,1.0,2.0,3.0,5.0
2026_05_CHI_GB,CHI,GB,D'Andre Swift,00-0036275,RB,rec,1.844,0.0,1.0,1.5,3.0,4.0
2026_05_CHI_GB,CHI,GB,D'Andre Swift,00-0036275,RB,rec_yds,14.423,0.0,0.0,9.261,21.398,37.395
2026_05_CHI_GB,CHI,GB,D'Andre Swift,00-0036275,RB,anytime_td,0.448,0.0,0.0,0.0,1.0,1.0
2026_05_CHI_GB,CHI,GB,D'Andre Swift,00-0036275,RB,first_td,0.128,0.128,0.128,0.128,0.128,0.128
2026_05_CHI_GB,CHI,GB,Colston Loveland,00-0040126,TE,car,0.02,0.0,0.0,0.0,0.0,0.0
2026_05_CHI_GB,CHI,GB,Colston Loveland,00-0040126,TE,rush_yds,0.048,0.0,0.0,0.0,0.0,0.0
2026_05_CHI_GB,CHI,GB,Colston Loveland,00-0040126,TE,tgt,5.501,2.0,3.0,5.0,7.0,9.0
2026_05_CHI_GB,CHI,GB,Colston Loveland,00-0040126,TE,rec,3.738,1.0,2.0,3.0,5.0,7.0
2026_05_CHI_GB,CHI,GB,Colston Loveland,00-0040126,TE,rec_yds,38.859,7.335,17.668,34.013,54.333,76.421
2026_05_CHI_GB,CHI,GB,Colston Loveland,00-0040126,TE,anytime_td,0.21,0.0,0.0,0.0,0.0,1.0
2026_05_CHI_GB,CHI,GB,Colston Loveland,00-0040126,TE,first_td,0.052,0.052,0.052,0.052,0.052,0.052
2026_05_CHI_GB,CHI,GB,Luther Burden III,00-0040735,WR,car,0.592,0.0,0.0,0.0,0.0,2.0
2026_05_CHI_GB,CHI,GB,Luther Burden III,00-0040735,WR,rush_yds,3.421,0.0,0.0,0.0,0.0,11.441
2026_05_CHI_GB,CHI,GB,Luther Burden III,00-0040735,WR,tgt,6.266,2.9,4.0,6.0,8.0,10.0
2026_05_CHI_GB,CHI,GB,Luther Burden III,00-0040735,WR,rec,4.026,1.0,2.0,4.0,5.0,7.0
2026_05_CHI_GB,CHI,GB,Luther Burden III,00-0040735,WR,rec_yds,50.075,10.217,22.694,43.425,70.423,98.759
2026_05_CHI_GB,CHI,GB,Luther Burden III,00-0040735,WR,anytime_td,0.244,0.0,0.0,0.0,0.0,1.0
2026_05_CHI_GB,CHI,GB,Luther Burden III,00-0040735,WR,first_td,0.06,0.06,0.06,0.06,0.06,0.06
2026_05_CHI_GB,CHI,GB,Sam Roush,00-0041558,TE,car,0.002,0.0,0.0,0.0,0.0,0.0
2026_05_CHI_GB,CHI,GB,Sam Roush,00-0041558,TE,rush_yds,0.005,0.0,0.0,0.0,0.0,0.0
2026_05_CHI_GB,CHI,GB,Sam Roush,00-0041558,TE,tgt,1.271,0.0,0.0,1.0,2.0,3.0
2026_05_CHI_GB,CHI,GB,Sam Roush,00-0041558,TE,rec,0.895,0.0,0.0,1.0,1.0,2.0
2026_05_CHI_GB,CHI,GB,Sam Roush,00-0041558,TE,rec_yds,9.267,0.0,0.0,2.851,14.092,27.894
2026_05_CHI_GB,CHI,GB,Sam Roush,00-0041558,TE,anytime_td,0.038,0.0,0.0,0.0,0.0,0.0
2026_05_CHI_GB,CHI,GB,Sam Roush,00-0041558,TE,first_td,0.008,0.008,0.008,0.008,0.008,0.008
2026_05_CHI_GB,CHI,GB,Tyson Bagent,00-0038416,QB,att,29.767,20.0,25.0,30.0,35.0,40.0
2026_05_CHI_GB,CHI,GB,Tyson Bagent,00-0038416,QB,cmp,19.511,12.0,16.0,20.0,24.0,27.0
2026_05_CHI_GB,CHI,GB,Tyson Bagent,00-0038416,QB,pass_yds,218.338,124.399,169.258,217.462,268.458,319.362
2026_05_CHI_GB,CHI,GB,Tyson Bagent,00-0038416,QB,pass_td,1.396,0.0,1.0,1.0,2.0,3.0
2026_05_CHI_GB,CHI,GB,Tyson Bagent,00-0038416,QB,ints,0.69,0.0,0.0,0.0,1.0,2.0
2026_05_CHI_GB,CHI,GB,Tyson Bagent,00-0038416,QB,car,2.528,0.0,1.0,2.0,4.0,5.0
2026_05_CHI_GB,CHI,GB,Tyson Bagent,00-0038416,QB,rush_yds,11.016,-1.0,0.0,6.875,16.697,29.447
2026_05_CHI_GB,CHI,GB,Tyson Bagent,00-0038416,QB,tgt,0.0,0.0,0.0,0.0,0.0,0.0
2026_05_CHI_GB,CHI,GB,Tyson Bagent,00-0038416,QB,rec,0.0,0.0,0.0,0.0,0.0,0.0
2026_05_CHI_GB,CHI,GB,Tyson Bagent,00-0038416,QB,rec_yds,0.0,0.0,0.0,0.0,0.0,0.0
2026_05_CHI_GB,CHI,GB,Tyson Bagent,00-0038416,QB,anytime_td,0.022,0.0,0.0,0.0,0.0,0.0
2026_05_CHI_GB,CHI,GB,Tyson Bagent,00-0038416,QB,first_td,0.005,0.005,0.005,0.005,0.005,0.005
2026_05_CHI_GB,CHI,GB,Kalif Raymond,00-0032464,WR,car,0.032,0.0,0.0,0.0,0.0,0.0
2026_05_CHI_GB,CHI,GB,Kalif Raymond,00-0032464,WR,rush_yds,0.168,0.0,0.0,0.0,0.0,0.0
2026_05_CHI_GB,CHI,GB,Kalif Raymond,00-0032464,WR,tgt,4.315,1.0,2.0,4.0,6.0,8.0
2026_05_CHI_GB,CHI,GB,Kalif Raymond,00-0032464,WR,rec,3.132,1.0,2.0,3.0,4.0,6.0
2026_05_CHI_GB,CHI,GB,Kalif Raymond,00-0032464,WR,rec_yds,37.239,4.339,14.471,30.998,53.114,78.26
2026_05_CHI_GB,CHI,GB,Kalif Raymond,00-0032464,WR,anytime_td,0.177,0.0,0.0,0.0,0.0,1.0
2026_05_CHI_GB,CHI,GB,Kalif Raymond,00-0032464,WR,first_td,0.043,0.043,0.043,0.043,0.043,0.043
2026_05_CHI_GB,CHI,GB,Zavion Thomas,00-0041051,WR,car,0.013,0.0,0.0,0.0,0.0,0.0
2026_05_CHI_GB,CHI,GB,Zavion Thomas,00-0041051,WR,rush_yds,0.073,0.0,0.0,0.0,0.0,0.0
2026_05_CHI_GB,CHI,GB,Zavion Thomas,00-0041051,WR,tgt,0.548,0.0,0.0,0.0,1.0,2.0
2026_05_CHI_GB,CHI,GB,Zavion Thomas,00-0041051,WR,rec,0.352,0.0,0.0,0.0,1.0,1.0
2026_05_CHI_GB,CHI,GB,Zavion Thomas,00-0041051,WR,rec_yds,4.339,0.0,0.0,0.0,0.939,15.993
2026_05_CHI_GB,CHI,GB,Zavion Thomas,00-0041051,WR,anytime_td,0.017,0.0,0.0,0.0,0.0,0.0
2026_05_CHI_GB,CHI,GB,Zavion Thomas,00-0041051,WR,first_td,0.004,0.004,0.004,0.004,0.004,0.004
2026_05_CIN_MIA,MIA,CIN,Kevin Coleman Jr.,00-0041529,WR,car,0.027,0.0,0.0,0.0,0.0,0.0
2026_05_CIN_MIA,MIA,CIN,Kevin Coleman Jr.,00-0041529,WR,rush_yds,0.143,0.0,0.0,0.0,0.0,0.0
2026_05_CIN_MIA,MIA,CIN,Kevin Coleman Jr.,00-0041529,WR,tgt,3.419,1.0,2.0,3.0,5.0,7.0
2026_05_CIN_MIA,MIA,CIN,Kevin Coleman Jr.,00-0041529,WR,rec,1.887,0.0,1.0,2.0,3.0,4.0
2026_05_CIN_MIA,MIA,CIN,Kevin Coleman Jr.,00-0041529,WR,rec_yds,22.273,0.0,4.732,16.063,33.077,53.346
2026_05_CIN_MIA,MIA,CIN,Kevin Coleman Jr.,00-0041529,WR,anytime_td,0.111,0.0,0.0,0.0,0.0,1.0
2026_05_CIN_MIA,MIA,CIN,Kevin Coleman Jr.,00-0041529,WR,first_td,0.033,0.033,0.033,0.033,0.033,0.033
2026_05_CIN_MIA,MIA,CIN,Malik Washington,00-0039880,WR,car,1.791,0.0,0.0,1.0,3.0,5.0
2026_05_CIN_MIA,MIA,CIN,Malik Washington,00-0039880,WR,rush_yds,9.047,0.0,0.0,1.829,12.715,28.064
2026_05_CIN_MIA,MIA,CIN,Malik Washington,00-0039880,WR,tgt,7.394,3.0,5.0,7.0,9.0,12.0
2026_05_CIN_MIA,MIA,CIN,Malik Washington,00-0039880,WR,rec,4.684,2.0,3.0,4.0,6.0,8.0
2026_05_CIN_MIA,MIA,CIN,Malik Washington,00-0039880,WR,rec_yds,55.806,14.072,28.835,49.602,76.033,105.317
2026_05_CIN_MIA,MIA,CIN,Malik Washington,00-0039880,WR,anytime_td,0.202,0.0,0.0,0.0,0.0,1.0
2026_05_CIN_MIA,MIA,CIN,Malik Washington,00-0039880,WR,first_td,0.063,0.063,0.063,0.063,0.063,0.063
2026_05_CIN_MIA,MIA,CIN,DJ Herman,00-0041436,RB,car,0.743,0.0,0.0,0.0,1.0,3.0
2026_05_CIN_MIA,MIA,CIN,DJ Herman,00-0041436,RB,rush_yds,2.976,0.0,0.0,0.0,1.813,10.081
2026_05_CIN_MIA,MIA,CIN,DJ Herman,00-0041436,RB,tgt,0.975,0.0,0.0,1.0,1.0,3.0
2026_05_CIN_MIA,MIA,CIN,DJ Herman,00-0041436,RB,rec,0.729,0.0,0.0,0.0,1.0,2.0
2026_05_CIN_MIA,MIA,CIN,DJ Herman,00-0041436,RB,rec_yds,5.431,0.0,0.0,0.0,7.592,17.47
2026_05_CIN_MIA,MIA,CIN,DJ Herman,00-0041436,RB,anytime_td,0.033,0.0,0.0,0.0,0.0,0.0
2026_05_CIN_MIA,MIA,CIN,DJ Herman,00-0041436,RB,first_td,0.009,0.009,0.009,0.009,0.009,0.009
2026_05_CIN_MIA,MIA,CIN,Seydou Traore,00-0041579,TE,car,0.014,0.0,0.0,0.0,0.0,0.0
2026_05_CIN_MIA,MIA,CIN,Seydou Traore,00-0041579,TE,rush_yds,0.034,0.0,0.0,0.0,0.0,0.0
2026_05_CIN_MIA,MIA,CIN,Seydou Traore,00-0041579,TE,tgt,0.943,0.0,0.0,1.0,1.0,3.0
2026_05_CIN_MIA,MIA,CIN,Seydou Traore,00-0041579,TE,rec,0.664,0.0,0.0,0.0,1.0,2.0
2026_05_CIN_MIA,MIA,CIN,Seydou Traore,00-0041579,TE,rec_yds,6.578,0.0,0.0,0.0,9.727,21.569
2026_05_CIN_MIA,MIA,CIN,Seydou Traore,00-0041579,TE,anytime_td,0.026,0.0,0.0,0.0,0.0,0.0
2026_05_CIN_MIA,MIA,CIN,Seydou Traore,00-0041579,TE,first_td,0.007,0.007,0.007,0.007,0.007,0.007
2026_05_CIN_MIA,MIA,CIN,Jalen Tolbert,00-0037666,WR,car,0.022,0.0,0.0,0.0,0.0,0.0
2026_05_CIN_MIA,MIA,CIN,Jalen Tolbert,00-0037666,WR,rush_yds,0.114,0.0,0.0,0.0,0.0,0.0
2026_05_CIN_MIA,MIA,CIN,Jalen Tolbert,00-0037666,WR,tgt,1.719,0.0,0.0,1.0,3.0,4.0
2026_05_CIN_MIA,MIA,CIN,Jalen Tolbert,00-0037666,WR,rec,1.032,0.0,0.0,1.0,2.0,3.0
2026_05_CIN_MIA,MIA,CIN,Jalen Tolbert,00-0037666,WR,rec_yds,12.539,0.0,0.0,5.805,19.035,36.208
2026_05_CIN_MIA,MIA,CIN,Jalen Tolbert,00-0037666,WR,anytime_td,0.045,0.0,0.0,0.0,0.0,0.0
2026_05_CIN_MIA,MIA,CIN,Jalen Tolbert,00-0037666,WR,first_td,0.013,0.013,0.013,0.013,0.013,0.013
2026_05_CIN_MIA,MIA,CIN,Greg Dulcich,00-0037252,TE,car,0.063,0.0,0.0,0.0,0.0,0.0
2026_05_CIN_MIA,MIA,CIN,Greg Dulcich,00-0037252,TE,rush_yds,0.156,0.0,0.0,0.0,0.0,0.0
2026_05_CIN_MIA,MIA,CIN,Greg Dulcich,00-0037252,TE,tgt,4.244,1.0,2.0,4.0,6.0,8.0
2026_05_CIN_MIA,MIA,CIN,Greg Dulcich,00-0037252,TE,rec,3.038,1.0,2.0,3.0,4.0,6.0
2026_05_CIN_MIA,MIA,CIN,Greg Dulcich,00-0037252,TE,rec_yds,31.082,3.479,12.307,25.91,44.669,65.244
2026_05_CIN_MIA,MIA,CIN,Greg Dulcich,00-0037252,TE,anytime_td,0.102,0.0,0.0,0.0,0.0,1.0
2026_05_CIN_MIA,MIA,CIN,Greg Dulcich,00-0037252,TE,first_td,0.03,0.03,0.03,0.03,0.03,0.03
2026_05_CIN_MIA,MIA,CIN,Malik Willis,00-0038128,QB,att,27.354,18.0,23.0,28.0,33.0,37.0
2026_05_CIN_MIA,MIA,CIN,Malik Willis,00-0038128,QB,cmp,16.896,10.0,14.0,17.0,21.0,24.0
2026_05_CIN_MIA,MIA,CIN,Malik Willis,00-0038128,QB,pass_yds,185.55,101.989,140.164,183.375,230.711,276.778
2026_05_CIN_MIA,MIA,CIN,Malik Willis,00-0038128,QB,pass_td,0.968,0.0,0.0,1.0,2.0,2.0
2026_05_CIN_MIA,MIA,CIN,Malik Willis,00-0038128,QB,ints,0.64,0.0,0.0,0.0,1.0,2.0
2026_05_CIN_MIA,MIA,CIN,Malik Willis,00-0038128,QB,car,5.423,2.0,3.0,5.0,7.0,10.0
2026_05_CIN_MIA,MIA,CIN,Malik Willis,00-0038128,QB,rush_yds,26.848,3.901,11.824,22.721,38.514,54.982
2026_05_CIN_MIA,MIA,CIN,Malik Willis,00-0038128,QB,tgt,0.001,0.0,0.0,0.0,0.0,0.0
2026_05_CIN_MIA,MIA,CIN,Malik Willis,00-0038128,QB,rec,0.001,0.0,0.0,0.0,0.0,0.0
2026_05_CIN_MIA,MIA,CIN,Malik Willis,00-0038128,QB,rec_yds,0.004,0.0,0.0,0.0,0.0,0.0
2026_05_CIN_MIA,MIA,CIN,Malik Willis,00-0038128,QB,anytime_td,0.145,0.0,0.0,0.0,0.0,1.0
2026_05_CIN_MIA,MIA,CIN,Malik Willis,00-0038128,QB,first_td,0.044,0.044,0.044,0.044,0.044,0.044
2026_05_CIN_MIA,MIA,CIN,Ollie Gordon II,00-0040198,RB,car,10.33,4.0,6.0,10.0,14.0,17.0
2026_05_CIN_MIA,MIA,CIN,Ollie Gordon II,00-0040198,RB,rush_yds,43.286,10.792,21.088,37.325,58.393,83.704
2026_05_CIN_MIA,MIA,CIN,Ollie Gordon II,00-0040198,RB,tgt,1.477,0.0,0.0,1.0,2.0,3.0
2026_05_CIN_MIA,MIA,CIN,Ollie Gordon II,00-0040198,RB,rec,1.187,0.0,0.0,1.0,2.0,3.0
2026_05_CIN_MIA,MIA,CIN,Ollie Gordon II,00-0040198,RB,rec_yds,7.715,0.0,0.0,3.525,11.624,22.289
2026_05_CIN_MIA,MIA,CIN,Ollie Gordon II,00-0040198,RB,anytime_td,0.198,0.0,0.0,0.0,0.0,1.0
2026_05_CIN_MIA,MIA,CIN,Ollie Gordon II,00-0040198,RB,first_td,0.063,0.063,0.063,0.063,0.063,0.063
2026_05_CIN_MIA,MIA,CIN,Ryan Miller,00-0038824,WR,car,0.019,0.0,0.0,0.0,0.0,0.0
2026_05_CIN_MIA,MIA,CIN,Ryan Miller,00-0038824,WR,rush_yds,0.123,0.0,0.0,0.0,0.0,0.0
2026_05_CIN_MIA,MIA,CIN,Ryan Miller,00-0038824,WR,tgt,1.334,0.0,0.0,1.0,2.0,3.0
2026_05_CIN_MIA,MIA,CIN,Ryan Miller,00-0038824,WR,rec,0.844,0.0,0.0,1.0,1.0,2.0
2026_05_CIN_MIA,MIA,CIN,Ryan Miller,00-0038824,WR,rec_yds,11.398,0.0,0.0,1.058,16.697,36.033
2026_05_CIN_MIA,MIA,CIN,Ryan Miller,00-0038824,WR,anytime_td,0.053,0.0,0.0,0.0,0.0,0.0
2026_05_CIN_MIA,MIA,CIN,Ryan Miller,00-0038824,WR,first_td,0.015,0.015,0.015,0.015,0.015,0.015
2026_05_CIN_MIA,MIA,CIN,Will Kacmarek,00-0041524,TE,car,0.001,0.0,0.0,0.0,0.0,0.0
2026_05_CIN_MIA,MIA,CIN,Will Kacmarek,00-0041524,TE,rush_yds,0.004,0.0,0.0,0.0,0.0,0.0
2026_05_CIN_MIA,MIA,CIN,Will Kacmarek,00-0041524,TE,tgt,1.499,0.0,0.0,1.0,2.0,4.0
2026_05_CIN_MIA,MIA,CIN,Will Kacmarek,00-0041524,TE,rec,1.035,0.0,0.0,1.0,2.0,3.0
2026_05_CIN_MIA,MIA,CIN,Will Kacmarek,00-0041524,TE,rec_yds,10.268,0.0,0.0,5.114,15.796,29.134
2026_05_CIN_MIA,MIA,CIN,Will Kacmarek,00-0041524,TE,anytime_td,0.039,0.0,0.0,0.0,0.0,0.0
2026_05_CIN_MIA,MIA,CIN,Will Kacmarek,00-0041524,TE,first_td,0.011,0.011,0.011,0.011,0.011,0.011
2026_05_CIN_MIA,MIA,CIN,Chris Bell,00-0041525,WR,car,0.019,0.0,0.0,0.0,0.0,0.0
2026_05_CIN_MIA,MIA,CIN,Chris Bell,00-0041525,WR,rush_yds,0.082,0.0,0.0,0.0,0.0,0.0
2026_05_CIN_MIA,MIA,CIN,Chris Bell,00-0041525,WR,tgt,4.29,1.0,2.0,4.0,6.0,8.0
2026_05_CIN_MIA,MIA,CIN,Chris Bell,00-0041525,WR,rec,2.419,0.0,1.0,2.0,3.0,5.0
2026_05_CIN_MIA,MIA,CIN,Chris Bell,00-0041525,WR,rec_yds,31.238,0.0,10.084,24.728,45.26,68.704
2026_05_CIN_MIA,MIA,CIN,Chris Bell,00-0041525,WR,anytime_td,0.104,0.0,0.0,0.0,0.0,1.0
2026_05_CIN_MIA,MIA,CIN,Chris Bell,00-0041525,WR,first_td,0.031,0.031,0.031,0.031,0.031,0.031
2026_05_CIN_MIA,MIA,CIN,Jaylen Wright,00-0039874,RB,car,7.378,2.0,4.0,7.0,10.0,13.0
2026_05_CIN_MIA,MIA,CIN,Jaylen Wright,00-0039874,RB,rush_yds,28.364,4.186,11.44,22.883,39.436,59.77
2026_05_CIN_MIA,MIA,CIN,Jaylen Wright,00-0039874,RB,tgt,0.67,0.0,0.0,0.0,1.0,2.0
2026_05_CIN_MIA,MIA,CIN,Jaylen Wright,00-0039874,RB,rec,0.506,0.0,0.0,0.0,1.0,2.0
2026_05_CIN_MIA,MIA,CIN,Jaylen Wright,00-0039874,RB,rec_yds,3.63,0.0,0.0,0.0,4.175,12.807
2026_05_CIN_MIA,MIA,CIN,Jaylen Wright,00-0039874,RB,anytime_td,0.126,0.0,0.0,0.0,0.0,1.0
2026_05_CIN_MIA,MIA,CIN,Jaylen Wright,00-0039874,RB,first_td,0.039,0.039,0.039,0.039,0.039,0.039
2026_05_CIN_MIA,CIN,MIA,Tee Higgins,00-0036410,WR,car,0.01,0.0,0.0,0.0,0.0,0.0
2026_05_CIN_MIA,CIN,MIA,Tee Higgins,00-0036410,WR,rush_yds,0.037,0.0,0.0,0.0,0.0,0.0
2026_05_CIN_MIA,CIN,MIA,Tee Higgins,00-0036410,WR,tgt,7.494,3.0,5.0,7.0,10.0,12.0
2026_05_CIN_MIA,CIN,MIA,Tee Higgins,00-0036410,WR,rec,5.096,2.0,3.0,5.0,7.0,9.0
2026_05_CIN_MIA,CIN,MIA,Tee Higgins,00-0036410,WR,rec_yds,70.553,19.276,37.042,63.109,96.7,131.456
2026_05_CIN_MIA,CIN,MIA,Tee Higgins,00-0036410,WR,anytime_td,0.316,0.0,0.0,0.0,1.0,1.0
2026_05_CIN_MIA,CIN,MIA,Tee Higgins,00-0036410,WR,first_td,0.083,0.083,0.083,0.083,0.083,0.083
2026_05_CIN_MIA,CIN,MIA,Samaje Perine,00-0033526,RB,car,4.792,1.0,2.0,4.0,7.0,10.0
2026_05_CIN_MIA,CIN,MIA,Samaje Perine,00-0033526,RB,rush_yds,20.225,0.0,5.038,14.407,28.748,47.33
2026_05_CIN_MIA,CIN,MIA,Samaje Perine,00-0033526,RB,tgt,1.627,0.0,0.0,1.0,2.0,4.0
2026_05_CIN_MIA,CIN,MIA,Samaje Perine,00-0033526,RB,rec,1.296,0.0,0.0,1.0,2.0,3.0
2026_05_CIN_MIA,CIN,MIA,Samaje Perine,00-0033526,RB,rec_yds,9.66,0.0,0.0,4.691,14.442,27.135
2026_05_CIN_MIA,CIN,MIA,Samaje Perine,00-0033526,RB,anytime_td,0.187,0.0,0.0,0.0,0.0,1.0
2026_05_CIN_MIA,CIN,MIA,Samaje Perine,00-0033526,RB,first_td,0.045,0.045,0.045,0.045,0.045,0.045
2026_05_CIN_MIA,CIN,MIA,Tahj Brooks,00-0040208,RB,car,1.247,0.0,0.0,0.0,2.0,4.0
2026_05_CIN_MIA,CIN,MIA,Tahj Brooks,00-0040208,RB,rush_yds,5.136,0.0,0.0,0.0,6.363,16.512
2026_05_CIN_MIA,CIN,MIA,Tahj Brooks,00-0040208,RB,tgt,0.25,0.0,0.0,0.0,0.0,1.0
2026_05_CIN_MIA,CIN,MIA,Tahj Brooks,00-0040208,RB,rec,0.206,0.0,0.0,0.0,0.0,1.0
2026_05_CIN_MIA,CIN,MIA,Tahj Brooks,00-0040208,RB,rec_yds,1.485,0.0,0.0,0.0,0.0,4.625
2026_05_CIN_MIA,CIN,MIA,Tahj Brooks,00-0040208,RB,anytime_td,0.035,0.0,0.0,0.0,0.0,0.0
2026_05_CIN_MIA,CIN,MIA,Tahj Brooks,00-0040208,RB,first_td,0.008,0.008,0.008,0.008,0.008,0.008
2026_05_CIN_MIA,CIN,MIA,Tanner Hudson,00-0034613,TE,car,0.003,0.0,0.0,0.0,0.0,0.0
2026_05_CIN_MIA,CIN,MIA,Tanner Hudson,00-0034613,TE,rush_yds,0.01,0.0,0.0,0.0,0.0,0.0
2026_05_CIN_MIA,CIN,MIA,Tanner Hudson,00-0034613,TE,tgt,1.33,0.0,0.0,1.0,2.0,3.0
2026_05_CIN_MIA,CIN,MIA,Tanner Hudson,00-0034613,TE,rec,1.036,0.0,0.0,1.0,2.0,3.0
2026_05_CIN_MIA,CIN,MIA,Tanner Hudson,00-0034613,TE,rec_yds,9.856,0.0,0.0,4.179,15.378,28.299
2026_05_CIN_MIA,CIN,MIA,Tanner Hudson,00-0034613,TE,anytime_td,0.065,0.0,0.0,0.0,0.0,0.0
2026_05_CIN_MIA,CIN,MIA,Tanner Hudson,00-0034613,TE,first_td,0.015,0.015,0.015,0.015,0.015,0.015
2026_05_CIN_MIA,CIN,MIA,Erick All,00-0039814,TE,car,0.002,0.0,0.0,0.0,0.0,0.0
2026_05_CIN_MIA,CIN,MIA,Erick All,00-0039814,TE,rush_yds,0.005,0.0,0.0,0.0,0.0,0.0
2026_05_CIN_MIA,CIN,MIA,Erick All,00-0039814,TE,tgt,1.074,0.0,0.0,1.0,2.0,3.0
2026_05_CIN_MIA,CIN,MIA,Erick All,00-0039814,TE,rec,0.821,0.0,0.0,0.0,1.0,2.0
2026_05_CIN_MIA,CIN,MIA,Erick All,00-0039814,TE,rec_yds,7.893,0.0,0.0,0.0,11.574,24.537
2026_05_CIN_MIA,CIN,MIA,Erick All,00-0039814,TE,anytime_td,0.035,0.0,0.0,0.0,0.0,0.0
2026_05_CIN_MIA,CIN,MIA,Erick All,00-0039814,TE,first_td,0.008,0.008,0.008,0.008,0.008,0.008
2026_05_CIN_MIA,CIN,MIA,Chase Brown,00-0038597,RB,car,15.101,8.0,11.0,15.0,19.0,23.0
2026_05_CIN_MIA,CIN,MIA,Chase Brown,00-0038597,RB,rush_yds,62.893,22.213,36.921,56.729,82.307,111.316
2026_05_CIN_MIA,CIN,MIA,Chase Brown,00-0038597,RB,tgt,4.904,2.0,3.0,5.0,7.0,9.0
2026_05_CIN_MIA,CIN,MIA,Chase Brown,00-0038597,RB,rec,4.223,1.0,2.0,4.0,6.0,8.0
2026_05_CIN_MIA,CIN,MIA,Chase Brown,00-0038597,RB,rec_yds,26.725,4.018,11.11,22.193,37.691,55.46
2026_05_CIN_MIA,CIN,MIA,Chase Brown,00-0038597,RB,anytime_td,0.48,0.0,0.0,0.0,1.0,1.0
2026_05_CIN_MIA,CIN,MIA,Chase Brown,00-0038597,RB,first_td,0.14,0.14,0.14,0.14,0.14,0.14
2026_05_CIN_MIA,CIN,MIA,Mitchell Tinsley,00-0038839,WR,car,0.013,0.0,0.0,0.0,0.0,0.0
2026_05_CIN_MIA,CIN,MIA,Mitchell Tinsley,00-0038839,WR,rush_yds,0.067,0.0,0.0,0.0,0.0,0.0
2026_05_CIN_MIA,CIN,MIA,Mitchell Tinsley,00-0038839,WR,tgt,2.405,0.0,1.0,2.0,3.0,5.0
2026_05_CIN_MIA,CIN,MIA,Mitchell Tinsley,00-0038839,WR,rec,1.466,0.0,0.0,1.0,2.0,3.0
2026_05_CIN_MIA,CIN,MIA,Mitchell Tinsley,00-0038839,WR,rec_yds,18.609,0.0,0.0,11.46,28.432,48.722
2026_05_CIN_MIA,CIN,MIA,Mitchell Tinsley,00-0038839,WR,anytime_td,0.156,0.0,0.0,0.0,0.0,1.0
2026_05_CIN_MIA,CIN,MIA,Mitchell Tinsley,00-0038839,WR,first_td,0.038,0.038,0.038,0.038,0.038,0.038
2026_05_CIN_MIA,CIN,MIA,Mike Gesicki,00-0034829,TE,car,0.002,0.0,0.0,0.0,0.0,0.0
2026_05_CIN_MIA,CIN,MIA,Mike Gesicki,00-0034829,TE,rush_yds,0.001,0.0,0.0,0.0,0.0,0.0
2026_05_CIN_MIA,CIN,MIA,Mike Gesicki,00-0034829,TE,tgt,3.134,1.0,1.0,3.0,4.0,6.0
2026_05_CIN_MIA,CIN,MIA,Mike Gesicki,00-0034829,TE,rec,2.373,0.0,1.0,2.0,3.0,5.0
2026_05_CIN_MIA,CIN,MIA,Mike Gesicki,00-0034829,TE,rec_yds,26.048,0.0,7.503,20.223,38.694,59.004
2026_05_CIN_MIA,CIN,MIA,Mike Gesicki,00-0034829,TE,anytime_td,0.259,0.0,0.0,0.0,1.0,1.0
2026_05_CIN_MIA,CIN,MIA,Mike Gesicki,00-0034829,TE,first_td,0.067,0.067,0.067,0.067,0.067,0.067
2026_05_CIN_MIA,CIN,MIA,Joe Burrow,00-0036442,QB,att,33.203,22.0,28.0,34.0,40.0,45.0
2026_05_CIN_MIA,CIN,MIA,Joe Burrow,00-0036442,QB,cmp,23.283,15.0,19.0,24.0,28.0,32.0
2026_05_CIN_MIA,CIN,MIA,Joe Burrow,00-0036442,QB,pass_yds,249.846,146.289,197.985,249.352,305.652,362.248
2026_05_CIN_MIA,CIN,MIA,Joe Burrow,00-0036442,QB,pass_td,1.79,0.0,1.0,2.0,3.0,3.0
2026_05_CIN_MIA,CIN,MIA,Joe Burrow,00-0036442,QB,ints,0.66,0.0,0.0,0.0,1.0,2.0
2026_05_CIN_MIA,CIN,MIA,Joe Burrow,00-0036442,QB,car,3.141,1.0,1.0,3.0,4.0,6.0
2026_05_CIN_MIA,CIN,MIA,Joe Burrow,00-0036442,QB,rush_yds,10.835,-1.0,0.0,6.545,16.766,29.565
2026_05_CIN_MIA,CIN,MIA,Joe Burrow,00-0036442,QB,tgt,0.001,0.0,0.0,0.0,0.0,0.0
2026_05_CIN_MIA,CIN,MIA,Joe Burrow,00-0036442,QB,rec,0.0,0.0,0.0,0.0,0.0,0.0
2026_05_CIN_MIA,CIN,MIA,Joe Burrow,00-0036442,QB,rec_yds,0.003,0.0,0.0,0.0,0.0,0.0
2026_05_CIN_MIA,CIN,MIA,Joe Burrow,00-0036442,QB,anytime_td,0.164,0.0,0.0,0.0,0.0,1.0
2026_05_CIN_MIA,CIN,MIA,Joe Burrow,00-0036442,QB,first_td,0.04,0.04,0.04,0.04,0.04,0.04
2026_05_CIN_MIA,CIN,MIA,Ja'Marr Chase,00-0036900,WR,car,0.062,0.0,0.0,0.0,0.0,0.0
2026_05_CIN_MIA,CIN,MIA,Ja'Marr Chase,00-0036900,WR,rush_yds,0.383,0.0,0.0,0.0,0.0,0.0
2026_05_CIN_MIA,CIN,MIA,Ja'Marr Chase,00-0036900,WR,tgt,6.847,3.0,4.0,6.0,9.0,11.0
2026_05_CIN_MIA,CIN,MIA,Ja'Marr Chase,00-0036900,WR,rec,4.897,2.0,3.0,5.0,7.0,8.0
2026_05_CIN_MIA,CIN,MIA,Ja'Marr Chase,00-0036900,WR,rec_yds,56.274,14.185,28.235,49.781,76.997,106.016
2026_05_CIN_MIA,CIN,MIA,Ja'Marr Chase,00-0036900,WR,anytime_td,0.36,0.0,0.0,0.0,1.0,1.0
2026_05_CIN_MIA,CIN,MIA,Ja'Marr Chase,00-0036900,WR,first_td,0.096,0.096,0.096,0.096,0.096,0.096
2026_05_CIN_MIA,CIN,MIA,Drew Sample,00-0035631,TE,car,0.025,0.0,0.0,0.0,0.0,0.0
2026_05_CIN_MIA,CIN,MIA,Drew Sample,00-0035631,TE,rush_yds,0.06,0.0,0.0,0.0,0.0,0.0
2026_05_CIN_MIA,CIN,MIA,Drew Sample,00-0035631,TE,tgt,1.105,0.0,0.0,1.0,2.0,3.0
2026_05_CIN_MIA,CIN,MIA,Drew Sample,00-0035631,TE,rec,0.852,0.0,0.0,1.0,1.0,2.0
2026_05_CIN_MIA,CIN,MIA,Drew Sample,00-0035631,TE,rec_yds,8.091,0.0,0.0,0.0,12.215,24.105
2026_05_CIN_MIA,CIN,MIA,Drew Sample,00-0035631,TE,anytime_td,0.038,0.0,0.0,0.0,0.0,0.0
2026_05_CIN_MIA,CIN,MIA,Drew Sample,00-0035631,TE,first_td,0.008,0.008,0.008,0.008,0.008,0.008
2026_05_CIN_MIA,CIN,MIA,Dohnte Meyers,00-0040785,WR,car,0.247,0.0,0.0,0.0,0.0,1.0
2026_05_CIN_MIA,CIN,MIA,Dohnte Meyers,00-0040785,WR,rush_yds,1.413,0.0,0.0,0.0,0.0,0.0
2026_05_CIN_MIA,CIN,MIA,Dohnte Meyers,00-0040785,WR,tgt,3.553,1.0,2.0,3.0,5.0,7.0
2026_05_CIN_MIA,CIN,MIA,Dohnte Meyers,00-0040785,WR,rec,2.421,0.0,1.0,2.0,3.0,5.0
2026_05_CIN_MIA,CIN,MIA,Dohnte Meyers,00-0040785,WR,rec_yds,29.926,0.0,8.679,22.983,44.117,67.875
2026_05_CIN_MIA,CIN,MIA,Dohnte Meyers,00-0040785,WR,anytime_td,0.137,0.0,0.0,0.0,0.0,1.0
2026_05_CIN_MIA,CIN,MIA,Dohnte Meyers,00-0040785,WR,first_td,0.032,0.032,0.032,0.032,0.032,0.032
2026_05_CLE_NYJ,NYJ,CLE,Braelon Allen,00-0039794,RB,car,15.791,8.0,11.0,15.0,20.0,24.0
2026_05_CLE_NYJ,NYJ,CLE,Braelon Allen,00-0039794,RB,rush_yds,63.778,23.809,37.756,57.843,82.783,111.944
2026_05_CLE_NYJ,NYJ,CLE,Braelon Allen,00-0039794,RB,tgt,1.706,0.0,0.0,1.0,3.0,4.0
2026_05_CLE_NYJ,NYJ,CLE,Braelon Allen,00-0039794,RB,rec,1.3,0.0,0.0,1.0,2.0,3.0
2026_05_CLE_NYJ,NYJ,CLE,Braelon Allen,00-0039794,RB,rec_yds,8.884,0.0,0.0,4.707,13.33,24.83
2026_05_CLE_NYJ,NYJ,CLE,Braelon Allen,00-0039794,RB,anytime_td,0.258,0.0,0.0,0.0,1.0,1.0
2026_05_CLE_NYJ,NYJ,CLE,Braelon Allen,00-0039794,RB,first_td,0.089,0.089,0.089,0.089,0.089,0.089
2026_05_CLE_NYJ,NYJ,CLE,Malik McClain,00-0041267,WR,car,0.17,0.0,0.0,0.0,0.0,0.0
2026_05_CLE_NYJ,NYJ,CLE,Malik McClain,00-0041267,WR,rush_yds,0.918,0.0,0.0,0.0,0.0,0.0
2026_05_CLE_NYJ,NYJ,CLE,Malik McClain,00-0041267,WR,tgt,1.409,0.0,0.0,1.0,2.0,3.0
2026_05_CLE_NYJ,NYJ,CLE,Malik McClain,00-0041267,WR,rec,0.853,0.0,0.0,1.0,1.0,2.0
2026_05_CLE_NYJ,NYJ,CLE,Malik McClain,00-0041267,WR,rec_yds,10.932,0.0,0.0,1.101,16.023,33.693
2026_05_CLE_NYJ,NYJ,CLE,Malik McClain,00-0041267,WR,anytime_td,0.056,0.0,0.0,0.0,0.0,0.0
2026_05_CLE_NYJ,NYJ,CLE,Malik McClain,00-0041267,WR,first_td,0.017,0.017,0.017,0.017,0.017,0.017
2026_05_CLE_NYJ,NYJ,CLE,Jeremy Ruckert,00-0037805,TE,car,0.002,0.0,0.0,0.0,0.0,0.0
2026_05_CLE_NYJ,NYJ,CLE,Jeremy Ruckert,00-0037805,TE,rush_yds,0.006,0.0,0.0,0.0,0.0,0.0
2026_05_CLE_NYJ,NYJ,CLE,Jeremy Ruckert,00-0037805,TE,tgt,2.105,0.0,1.0,2.0,3.0,5.0
2026_05_CLE_NYJ,NYJ,CLE,Jeremy Ruckert,00-0037805,TE,rec,1.515,0.0,0.0,1.0,2.0,3.0
2026_05_CLE_NYJ,NYJ,CLE,Jeremy Ruckert,00-0037805,TE,rec_yds,14.72,0.0,0.0,9.623,22.272,37.929
2026_05_CLE_NYJ,NYJ,CLE,Jeremy Ruckert,00-0037805,TE,anytime_td,0.132,0.0,0.0,0.0,0.0,1.0
2026_05_CLE_NYJ,NYJ,CLE,Jeremy Ruckert,00-0037805,TE,first_td,0.043,0.043,0.043,0.043,0.043,0.043
2026_05_CLE_NYJ,NYJ,CLE,Andrew Beck,00-0034959,RB,car,0.716,0.0,0.0,0.0,1.0,2.0
2026_05_CLE_NYJ,NYJ,CLE,Andrew Beck,00-0034959,RB,rush_yds,2.989,0.0,0.0,0.0,1.116,9.942
2026_05_CLE_NYJ,NYJ,CLE,Andrew Beck,00-0034959,RB,tgt,0.32,0.0,0.0,0.0,0.0,1.0
2026_05_CLE_NYJ,NYJ,CLE,Andrew Beck,00-0034959,RB,rec,0.238,0.0,0.0,0.0,0.0,1.0
2026_05_CLE_NYJ,NYJ,CLE,Andrew Beck,00-0034959,RB,rec_yds,1.726,0.0,0.0,0.0,0.0,6.461
2026_05_CLE_NYJ,NYJ,CLE,Andrew Beck,00-0034959,RB,anytime_td,0.032,0.0,0.0,0.0,0.0,0.0
2026_05_CLE_NYJ,NYJ,CLE,Andrew Beck,00-0034959,RB,first_td,0.01,0.01,0.01,0.01,0.01,0.01
2026_05_CLE_NYJ,NYJ,CLE,Jamaal Pritchett,00-0040405,WR,car,0.184,0.0,0.0,0.0,0.0,0.0
2026_05_CLE_NYJ,NYJ,CLE,Jamaal Pritchett,00-0040405,WR,rush_yds,1.003,0.0,0.0,0.0,0.0,0.0
2026_05_CLE_NYJ,NYJ,CLE,Jamaal Pritchett,00-0040405,WR,tgt,1.392,0.0,0.0,1.0,2.0,3.0
2026_05_CLE_NYJ,NYJ,CLE,Jamaal Pritchett,00-0040405,WR,rec,0.841,0.0,0.0,1.0,1.0,2.0
2026_05_CLE_NYJ,NYJ,CLE,Jamaal Pritchett,00-0040405,WR,rec_yds,10.971,0.0,0.0,1.245,16.283,33.179
2026_05_CLE_NYJ,NYJ,CLE,Jamaal Pritchett,00-0040405,WR,anytime_td,0.059,0.0,0.0,0.0,0.0,0.0
2026_05_CLE_NYJ,NYJ,CLE,Jamaal Pritchett,00-0040405,WR,first_td,0.018,0.018,0.018,0.018,0.018,0.018
2026_05_CLE_NYJ,NYJ,CLE,Kenyon Sadiq,00-0041032,TE,car,0.435,0.0,0.0,0.0,0.0,1.0
2026_05_CLE_NYJ,NYJ,CLE,Kenyon Sadiq,00-0041032,TE,rush_yds,0.992,0.0,0.0,0.0,0.0,3.043
2026_05_CLE_NYJ,NYJ,CLE,Kenyon Sadiq,00-0041032,TE,tgt,5.439,2.0,3.0,5.0,7.0,9.0
2026_05_CLE_NYJ,NYJ,CLE,Kenyon Sadiq,00-0041032,TE,rec,3.609,1.0,2.0,3.0,5.0,7.0
2026_05_CLE_NYJ,NYJ,CLE,Kenyon Sadiq,00-0041032,TE,rec_yds,40.188,7.23,18.273,34.688,56.933,79.898
2026_05_CLE_NYJ,NYJ,CLE,Kenyon Sadiq,00-0041032,TE,anytime_td,0.214,0.0,0.0,0.0,0.0,1.0
2026_05_CLE_NYJ,NYJ,CLE,Kenyon Sadiq,00-0041032,TE,first_td,0.073,0.073,0.073,0.073,0.073,0.073
2026_05_CLE_NYJ,NYJ,CLE,Garrett Wilson,00-0037740,WR,car,0.047,0.0,0.0,0.0,0.0,0.0
2026_05_CLE_NYJ,NYJ,CLE,Garrett Wilson,00-0037740,WR,rush_yds,0.261,0.0,0.0,0.0,0.0,0.0
2026_05_CLE_NYJ,NYJ,CLE,Garrett Wilson,00-0037740,WR,tgt,8.21,4.0,6.0,8.0,10.0,13.0
2026_05_CLE_NYJ,NYJ,CLE,Garrett Wilson,00-0037740,WR,rec,5.306,2.0,3.0,5.0,7.0,9.0
2026_05_CLE_NYJ,NYJ,CLE,Garrett Wilson,00-0037740,WR,rec_yds,64.6,18.886,34.632,58.758,87.519,118.736
2026_05_CLE_NYJ,NYJ,CLE,Garrett Wilson,00-0037740,WR,anytime_td,0.296,0.0,0.0,0.0,1.0,1.0
2026_05_CLE_NYJ,NYJ,CLE,Garrett Wilson,00-0037740,WR,first_td,0.104,0.104,0.104,0.104,0.104,0.104
2026_05_CLE_NYJ,NYJ,CLE,Isaiah Davis,00-0039798,RB,car,5.405,1.0,2.0,5.0,8.0,11.0
2026_05_CLE_NYJ,NYJ,CLE,Isaiah Davis,00-0039798,RB,rush_yds,23.326,0.819,6.416,17.246,33.323,53.194
2026_05_CLE_NYJ,NYJ,CLE,Isaiah Davis,00-0039798,RB,tgt,1.31,0.0,0.0,1.0,2.0,3.0
2026_05_CLE_NYJ,NYJ,CLE,Isaiah Davis,00-0039798,RB,rec,0.982,0.0,0.0,1.0,2.0,3.0
2026_05_CLE_NYJ,NYJ,CLE,Isaiah Davis,00-0039798,RB,rec_yds,7.755,0.0,0.0,2.021,11.503,23.006
2026_05_CLE_NYJ,NYJ,CLE,Isaiah Davis,00-0039798,RB,anytime_td,0.125,0.0,0.0,0.0,0.0,1.0
2026_05_CLE_NYJ,NYJ,CLE,Isaiah Davis,00-0039798,RB,first_td,0.04,0.04,0.04,0.04,0.04,0.04
2026_05_CLE_NYJ,NYJ,CLE,Isaiah Williams,00-0039451,WR,car,0.468,0.0,0.0,0.0,0.0,2.0
2026_05_CLE_NYJ,NYJ,CLE,Isaiah Williams,00-0039451,WR,rush_yds,2.612,0.0,0.0,0.0,0.0,8.068
2026_05_CLE_NYJ,NYJ,CLE,Isaiah Williams,00-0039451,WR,tgt,3.481,1.0,2.0,3.0,5.0,7.0
2026_05_CLE_NYJ,NYJ,CLE,Isaiah Williams,00-0039451,WR,rec,2.246,0.0,1.0,2.0,3.0,5.0
2026_05_CLE_NYJ,NYJ,CLE,Isaiah Williams,00-0039451,WR,rec_yds,29.127,0.0,7.879,22.35,42.302,67.104
2026_05_CLE_NYJ,NYJ,CLE,Isaiah Williams,00-0039451,WR,anytime_td,0.149,0.0,0.0,0.0,0.0,1.0
2026_05_CLE_NYJ,NYJ,CLE,Isaiah Williams,00-0039451,WR,first_td,0.048,0.048,0.048,0.048,0.048,0.048
2026_05_CLE_NYJ,NYJ,CLE,Jelani Woods,00-0037755,TE,car,0.003,0.0,0.0,0.0,0.0,0.0
2026_05_CLE_NYJ,NYJ,CLE,Jelani Woods,00-0037755,TE,rush_yds,0.006,0.0,0.0,0.0,0.0,0.0
2026_05_CLE_NYJ,NYJ,CLE,Jelani Woods,00-0037755,TE,tgt,0.917,0.0,0.0,1.0,1.0,2.0
2026_05_CLE_NYJ,NYJ,CLE,Jelani Woods,00-0037755,TE,rec,0.631,0.0,0.0,0.0,1.0,2.0
2026_05_CLE_NYJ,NYJ,CLE,Jelani Woods,00-0037755,TE,rec_yds,6.856,0.0,0.0,0.0,9.91,22.608
2026_05_CLE_NYJ,NYJ,CLE,Jelani Woods,00-0037755,TE,anytime_td,0.028,0.0,0.0,0.0,0.0,0.0
2026_05_CLE_NYJ,NYJ,CLE,Jelani Woods,00-0037755,TE,first_td,0.009,0.009,0.009,0.009,0.009,0.009
2026_05_CLE_NYJ,NYJ,CLE,Sterling Shepard,00-0032385,WR,car,0.293,0.0,0.0,0.0,0.0,1.0
2026_05_CLE_NYJ,NYJ,CLE,Sterling Shepard,00-0032385,WR,rush_yds,1.605,0.0,0.0,0.0,0.0,3.032
2026_05_CLE_NYJ,NYJ,CLE,Sterling Shepard,00-0032385,WR,tgt,2.318,0.0,1.0,2.0,3.0,5.0
2026_05_CLE_NYJ,NYJ,CLE,Sterling Shepard,00-0032385,WR,rec,1.413,0.0,0.0,1.0,2.0,3.0
2026_05_CLE_NYJ,NYJ,CLE,Sterling Shepard,00-0032385,WR,rec_yds,17.436,0.0,0.0,10.733,26.268,46.142
2026_05_CLE_NYJ,NYJ,CLE,Sterling Shepard,00-0032385,WR,anytime_td,0.111,0.0,0.0,0.0,0.0,1.0
2026_05_CLE_NYJ,NYJ,CLE,Sterling Shepard,00-0032385,WR,first_td,0.036,0.036,0.036,0.036,0.036,0.036
2026_05_CLE_NYJ,NYJ,CLE,Geno Smith,00-0030565,QB,att,27.938,18.0,23.0,29.0,33.0,38.0
2026_05_CLE_NYJ,NYJ,CLE,Geno Smith,00-0030565,QB,cmp,17.72,11.0,14.0,18.0,22.0,25.0
2026_05_CLE_NYJ,NYJ,CLE,Geno Smith,00-0030565,QB,pass_yds,199.542,110.494,152.091,197.756,247.116,295.52
2026_05_CLE_NYJ,NYJ,CLE,Geno Smith,00-0030565,QB,pass_td,1.303,0.0,0.0,1.0,2.0,3.0
2026_05_CLE_NYJ,NYJ,CLE,Geno Smith,00-0030565,QB,ints,0.576,0.0,0.0,0.0,1.0,2.0
2026_05_CLE_NYJ,NYJ,CLE,Geno Smith,00-0030565,QB,car,3.578,1.0,2.0,3.0,5.0,7.0
2026_05_CLE_NYJ,NYJ,CLE,Geno Smith,00-0030565,QB,rush_yds,14.297,-0.26,2.719,10.288,21.303,35.101
2026_05_CLE_NYJ,NYJ,CLE,Geno Smith,00-0030565,QB,tgt,0.0,0.0,0.0,0.0,0.0,0.0
2026_05_CLE_NYJ,NYJ,CLE,Geno Smith,00-0030565,QB,rec,0.0,0.0,0.0,0.0,0.0,0.0
2026_05_CLE_NYJ,NYJ,CLE,Geno Smith,00-0030565,QB,rec_yds,0.0,0.0,0.0,0.0,0.0,0.0
2026_05_CLE_NYJ,NYJ,CLE,Geno Smith,00-0030565,QB,anytime_td,0.05,0.0,0.0,0.0,0.0,0.0
2026_05_CLE_NYJ,NYJ,CLE,Geno Smith,00-0030565,QB,first_td,0.016,0.016,0.016,0.016,0.016,0.016
2026_05_CLE_NYJ,CLE,NYJ,Blake Whiteheart,00-0038710,TE,car,0.002,0.0,0.0,0.0,0.0,0.0
2026_05_CLE_NYJ,CLE,NYJ,Blake Whiteheart,00-0038710,TE,rush_yds,0.004,0.0,0.0,0.0,0.0,0.0
2026_05_CLE_NYJ,CLE,NYJ,Blake Whiteheart,00-0038710,TE,tgt,0.596,0.0,0.0,0.0,1.0,2.0
2026_05_CLE_NYJ,CLE,NYJ,Blake Whiteheart,00-0038710,TE,rec,0.411,0.0,0.0,0.0,1.0,1.0
2026_05_CLE_NYJ,CLE,NYJ,Blake Whiteheart,00-0038710,TE,rec_yds,4.207,0.0,0.0,0.0,4.334,15.342
2026_05_CLE_NYJ,CLE,NYJ,Blake Whiteheart,00-0038710,TE,anytime_td,0.039,0.0,0.0,0.0,0.0,0.0
2026_05_CLE_NYJ,CLE,NYJ,Blake Whiteheart,00-0038710,TE,first_td,0.009,0.009,0.009,0.009,0.009,0.009
2026_05_CLE_NYJ,CLE,NYJ,Isaiah Bond,00-0040782,WR,car,0.137,0.0,0.0,0.0,0.0,0.0
2026_05_CLE_NYJ,CLE,NYJ,Isaiah Bond,00-0040782,WR,rush_yds,0.75,0.0,0.0,0.0,0.0,0.0
2026_05_CLE_NYJ,CLE,NYJ,Isaiah Bond,00-0040782,WR,tgt,1.032,0.0,0.0,1.0,2.0,3.0
2026_05_CLE_NYJ,CLE,NYJ,Isaiah Bond,00-0040782,WR,rec,0.638,0.0,0.0,0.0,1.0,2.0
2026_05_CLE_NYJ,CLE,NYJ,Isaiah Bond,00-0040782,WR,rec_yds,7.904,0.0,0.0,0.0,10.985,25.643
2026_05_CLE_NYJ,CLE,NYJ,Isaiah Bond,00-0040782,WR,anytime_td,0.032,0.0,0.0,0.0,0.0,0.0
2026_05_CLE_NYJ,CLE,NYJ,Isaiah Bond,00-0040782,WR,first_td,0.007,0.007,0.007,0.007,0.007,0.007
2026_05_CLE_NYJ,CLE,NYJ,Deshaun Watson,00-0033537,QB,att,28.356,19.0,24.0,29.0,34.0,38.0
2026_05_CLE_NYJ,CLE,NYJ,Deshaun Watson,00-0033537,QB,cmp,18.191,11.0,15.0,18.0,22.0,25.0
2026_05_CLE_NYJ,CLE,NYJ,Deshaun Watson,00-0033537,QB,pass_yds,190.417,105.201,145.775,188.8,236.649,283.244
2026_05_CLE_NYJ,CLE,NYJ,Deshaun Watson,00-0033537,QB,pass_td,1.165,0.0,0.0,1.0,2.0,3.0
2026_05_CLE_NYJ,CLE,NYJ,Deshaun Watson,00-0033537,QB,ints,0.576,0.0,0.0,0.0,1.0,2.0
2026_05_CLE_NYJ,CLE,NYJ,Deshaun Watson,00-0033537,QB,car,5.597,2.0,3.0,5.0,7.0,10.0
2026_05_CLE_NYJ,CLE,NYJ,Deshaun Watson,00-0033537,QB,rush_yds,27.168,3.046,11.18,23.344,38.569,55.646
2026_05_CLE_NYJ,CLE,NYJ,Deshaun Watson,00-0033537,QB,tgt,0.0,0.0,0.0,0.0,0.0,0.0
2026_05_CLE_NYJ,CLE,NYJ,Deshaun Watson,00-0033537,QB,rec,0.0,0.0,0.0,0.0,0.0,0.0
2026_05_CLE_NYJ,CLE,NYJ,Deshaun Watson,00-0033537,QB,rec_yds,0.0,0.0,0.0,0.0,0.0,0.0
2026_05_CLE_NYJ,CLE,NYJ,Deshaun Watson,00-0033537,QB,anytime_td,0.15,0.0,0.0,0.0,0.0,1.0
2026_05_CLE_NYJ,CLE,NYJ,Deshaun Watson,00-0033537,QB,first_td,0.037,0.037,0.037,0.037,0.037,0.037
2026_05_CLE_NYJ,CLE,NYJ,KC Concepcion,00-0041547,WR,car,0.856,0.0,0.0,0.0,1.0,3.0
2026_05_CLE_NYJ,CLE,NYJ,KC Concepcion,00-0041547,WR,rush_yds,4.517,0.0,0.0,0.0,3.611,16.189
2026_05_CLE_NYJ,CLE,NYJ,KC Concepcion,00-0041547,WR,tgt,6.73,3.0,4.0,6.0,9.0,11.0
2026_05_CLE_NYJ,CLE,NYJ,KC Concepcion,00-0041547,WR,rec,4.119,1.0,2.0,4.0,5.25,7.0
2026_05_CLE_NYJ,CLE,NYJ,KC Concepcion,00-0041547,WR,rec_yds,45.693,10.116,21.88,40.081,63.61,89.594
2026_05_CLE_NYJ,CLE,NYJ,KC Concepcion,00-0041547,WR,anytime_td,0.199,0.0,0.0,0.0,0.0,1.0
2026_05_CLE_NYJ,CLE,NYJ,KC Concepcion,00-0041547,WR,first_td,0.05,0.05,0.05,0.05,0.05,0.05
2026_05_CLE_NYJ,CLE,NYJ,Harold Fannin Jr.,00-0040663,TE,car,0.148,0.0,0.0,0.0,0.0,0.0
2026_05_CLE_NYJ,CLE,NYJ,Harold Fannin Jr.,00-0040663,TE,rush_yds,0.356,0.0,0.0,0.0,0.0,0.0
2026_05_CLE_NYJ,CLE,NYJ,Harold Fannin Jr.,00-0040663,TE,tgt,5.326,2.0,3.0,5.0,7.0,9.0
2026_05_CLE_NYJ,CLE,NYJ,Harold Fannin Jr.,00-0040663,TE,rec,3.734,1.0,2.0,3.0,5.0,7.0
2026_05_CLE_NYJ,CLE,NYJ,Harold Fannin Jr.,00-0040663,TE,rec_yds,36.107,6.902,16.373,31.528,50.522,71.166
2026_05_CLE_NYJ,CLE,NYJ,Harold Fannin Jr.,00-0040663,TE,anytime_td,0.285,0.0,0.0,0.0,1.0,1.0
2026_05_CLE_NYJ,CLE,NYJ,Harold Fannin Jr.,00-0040663,TE,first_td,0.078,0.078,0.078,0.078,0.078,0.078
2026_05_CLE_NYJ,CLE,NYJ,Malachi Corley,00-0039920,WR,car,0.528,0.0,0.0,0.0,0.0,2.0
2026_05_CLE_NYJ,CLE,NYJ,Malachi Corley,00-0039920,WR,rush_yds,2.922,0.0,0.0,0.0,0.0,9.646
2026_05_CLE_NYJ,CLE,NYJ,Malachi Corley,00-0039920,WR,tgt,0.721,0.0,0.0,0.0,1.0,2.0
2026_05_CLE_NYJ,CLE,NYJ,Malachi Corley,00-0039920,WR,rec,0.459,0.0,0.0,0.0,1.0,1.0
2026_05_CLE_NYJ,CLE,NYJ,Malachi Corley,00-0039920,WR,rec_yds,5.64,0.0,0.0,0.0,6.469,19.919
2026_05_CLE_NYJ,CLE,NYJ,Malachi Corley,00-0039920,WR,anytime_td,0.034,0.0,0.0,0.0,0.0,0.0
2026_05_CLE_NYJ,CLE,NYJ,Malachi Corley,00-0039920,WR,first_td,0.008,0.008,0.008,0.008,0.008,0.008
2026_05_CLE_NYJ,CLE,NYJ,Jaleel McLaughlin,00-0038794,RB,car,2.113,0.0,0.0,1.0,3.0,6.0
2026_05_CLE_NYJ,CLE,NYJ,Jaleel McLaughlin,00-0038794,RB,rush_yds,9.417,0.0,0.0,3.522,12.972,27.08
2026_05_CLE_NYJ,CLE,NYJ,Jaleel McLaughlin,00-0038794,RB,tgt,0.481,0.0,0.0,0.0,1.0,2.0
2026_05_CLE_NYJ,CLE,NYJ,Jaleel McLaughlin,00-0038794,RB,rec,0.359,0.0,0.0,0.0,1.0,1.0
2026_05_CLE_NYJ,CLE,NYJ,Jaleel McLaughlin,00-0038794,RB,rec_yds,2.521,0.0,0.0,0.0,0.0,9.325
2026_05_CLE_NYJ,CLE,NYJ,Jaleel McLaughlin,00-0038794,RB,anytime_td,0.081,0.0,0.0,0.0,0.0,0.0
2026_05_CLE_NYJ,CLE,NYJ,Jaleel McLaughlin,00-0038794,RB,first_td,0.02,0.02,0.02,0.02,0.02,0.02
2026_05_CLE_NYJ,CLE,NYJ,Quinshon Judkins,00-0040784,RB,car,14.127,7.0,10.0,14.0,18.0,22.0
2026_05_CLE_NYJ,CLE,NYJ,Quinshon Judkins,00-0040784,RB,rush_yds,52.066,17.611,29.393,46.798,68.565,93.997
2026_05_CLE_NYJ,CLE,NYJ,Quinshon Judkins,00-0040784,RB,tgt,3.232,1.0,2.0,3.0,5.0,6.0
2026_05_CLE_NYJ,CLE,NYJ,Quinshon Judkins,00-0040784,RB,rec,2.586,0.0,1.0,2.0,4.0,5.0
2026_05_CLE_NYJ,CLE,NYJ,Quinshon Judkins,00-0040784,RB,rec_yds,17.489,0.0,4.426,12.995,25.89,40.58
2026_05_CLE_NYJ,CLE,NYJ,Quinshon Judkins,00-0040784,RB,anytime_td,0.366,0.0,0.0,0.0,1.0,1.0
2026_05_CLE_NYJ,CLE,NYJ,Quinshon Judkins,00-0040784,RB,first_td,0.105,0.105,0.105,0.105,0.105,0.105
2026_05_CLE_NYJ,CLE,NYJ,Jerry Jeudy,00-0036407,WR,car,0.051,0.0,0.0,0.0,0.0,0.0
2026_05_CLE_NYJ,CLE,NYJ,Jerry Jeudy,00-0036407,WR,rush_yds,0.283,0.0,0.0,0.0,0.0,0.0
2026_05_CLE_NYJ,CLE,NYJ,Jerry Jeudy,00-0036407,WR,tgt,2.886,0.0,1.0,3.0,4.0,6.0
2026_05_CLE_NYJ,CLE,NYJ,Jerry Jeudy,00-0036407,WR,rec,1.76,0.0,1.0,1.0,3.0,4.0
2026_05_CLE_NYJ,CLE,NYJ,Jerry Jeudy,00-0036407,WR,rec_yds,21.076,0.0,3.22,14.816,31.397,51.685
2026_05_CLE_NYJ,CLE,NYJ,Jerry Jeudy,00-0036407,WR,anytime_td,0.094,0.0,0.0,0.0,0.0,0.0
2026_05_CLE_NYJ,CLE,NYJ,Jerry Jeudy,00-0036407,WR,first_td,0.023,0.023,0.023,0.023,0.023,0.023
2026_05_CLE_NYJ,CLE,NYJ,Raheim Sanders,00-0040466,RB,car,2.52,0.0,0.0,2.0,4.0,6.0
2026_05_CLE_NYJ,CLE,NYJ,Raheim Sanders,00-0040466,RB,rush_yds,10.636,0.0,0.0,4.876,15.233,29.169
2026_05_CLE_NYJ,CLE,NYJ,Raheim Sanders,00-0040466,RB,tgt,2.125,0.0,1.0,2.0,3.0,5.0
2026_05_CLE_NYJ,CLE,NYJ,Raheim Sanders,00-0040466,RB,rec,1.688,0.0,0.0,1.0,3.0,4.0
2026_05_CLE_NYJ,CLE,NYJ,Raheim Sanders,00-0040466,RB,rec_yds,12.053,0.0,0.0,7.425,17.634,31.855
2026_05_CLE_NYJ,CLE,NYJ,Raheim Sanders,00-0040466,RB,anytime_td,0.126,0.0,0.0,0.0,0.0,1.0
2026_05_CLE_NYJ,CLE,NYJ,Raheim Sanders,00-0040466,RB,first_td,0.031,0.031,0.031,0.031,0.031,0.031
2026_05_CLE_NYJ,CLE,NYJ,Denzel Boston,00-0041037,WR,car,0.014,0.0,0.0,0.0,0.0,0.0
2026_05_CLE_NYJ,CLE,NYJ,Denzel Boston,00-0041037,WR,rush_yds,0.08,0.0,0.0,0.0,0.0,0.0
2026_05_CLE_NYJ,CLE,NYJ,Denzel Boston,00-0041037,WR,tgt,5.33,2.0,3.0,5.0,7.0,9.0
2026_05_CLE_NYJ,CLE,NYJ,Denzel Boston,00-0041037,WR,rec,3.256,1.0,2.0,3.0,4.0,6.0
2026_05_CLE_NYJ,CLE,NYJ,Denzel Boston,00-0041037,WR,rec_yds,47.196,6.603,19.29,39.992,67.158,98.277
2026_05_CLE_NYJ,CLE,NYJ,Denzel Boston,00-0041037,WR,anytime_td,0.215,0.0,0.0,0.0,0.0,1.0
2026_05_CLE_NYJ,CLE,NYJ,Denzel Boston,00-0041037,WR,first_td,0.055,0.055,0.055,0.055,0.055,0.055
2026_05_DEN_LAC,LAC,DEN,Quentin Johnston,00-0038544,WR,car,0.324,0.0,0.0,0.0,0.0,1.0
2026_05_DEN_LAC,LAC,DEN,Quentin Johnston,00-0038544,WR,rush_yds,1.643,0.0,0.0,0.0,0.0,3.439
2026_05_DEN_LAC,LAC,DEN,Quentin Johnston,00-0038544,WR,tgt,5.042,2.0,3.0,5.0,7.0,9.0
2026_05_DEN_LAC,LAC,DEN,Quentin Johnston,00-0038544,WR,rec,2.704,1.0,1.0,2.0,4.0,5.0
2026_05_DEN_LAC,LAC,DEN,Quentin Johnston,00-0038544,WR,rec_yds,36.917,0.0,12.909,29.719,53.472,79.927
2026_05_DEN_LAC,LAC,DEN,Quentin Johnston,00-0038544,WR,anytime_td,0.143,0.0,0.0,0.0,0.0,1.0
2026_05_DEN_LAC,LAC,DEN,Quentin Johnston,00-0038544,WR,first_td,0.034,0.034,0.034,0.034,0.034,0.034
2026_05_DEN_LAC,LAC,DEN,Omarion Hampton,00-0040666,RB,car,12.086,5.0,8.0,11.0,15.0,20.0
2026_05_DEN_LAC,LAC,DEN,Omarion Hampton,00-0040666,RB,rush_yds,48.207,14.02,25.318,41.979,64.871,90.146
2026_05_DEN_LAC,LAC,DEN,Omarion Hampton,00-0040666,RB,tgt,1.974,0.0,1.0,2.0,3.0,4.0
2026_05_DEN_LAC,LAC,DEN,Omarion Hampton,00-0040666,RB,rec,1.482,0.0,0.0,1.0,2.0,3.0
2026_05_DEN_LAC,LAC,DEN,Omarion Hampton,00-0040666,RB,rec_yds,10.789,0.0,0.0,6.331,16.285,29.467
2026_05_DEN_LAC,LAC,DEN,Omarion Hampton,00-0040666,RB,anytime_td,0.345,0.0,0.0,0.0,1.0,1.0
2026_05_DEN_LAC,LAC,DEN,Omarion Hampton,00-0040666,RB,first_td,0.095,0.095,0.095,0.095,0.095,0.095
2026_05_DEN_LAC,LAC,DEN,Ladd McConkey,00-0039915,WR,car,0.01,0.0,0.0,0.0,0.0,0.0
2026_05_DEN_LAC,LAC,DEN,Ladd McConkey,00-0039915,WR,rush_yds,0.051,0.0,0.0,0.0,0.0,0.0
2026_05_DEN_LAC,LAC,DEN,Ladd McConkey,00-0039915,WR,tgt,4.701,2.0,3.0,4.0,6.0,8.0
2026_05_DEN_LAC,LAC,DEN,Ladd McConkey,00-0039915,WR,rec,2.862,1.0,1.0,3.0,4.0,5.0
2026_05_DEN_LAC,LAC,DEN,Ladd McConkey,00-0039915,WR,rec_yds,38.381,3.255,14.019,31.375,55.246,81.565
2026_05_DEN_LAC,LAC,DEN,Ladd McConkey,00-0039915,WR,anytime_td,0.192,0.0,0.0,0.0,0.0,1.0
2026_05_DEN_LAC,LAC,DEN,Ladd McConkey,00-0039915,WR,first_td,0.047,0.047,0.047,0.047,0.047,0.047
2026_05_DEN_LAC,LAC,DEN,Marquez Valdes-Scantling,00-0034272,WR,car,0.014,0.0,0.0,0.0,0.0,0.0
2026_05_DEN_LAC,LAC,DEN,Marquez Valdes-Scantling,00-0034272,WR,rush_yds,0.089,0.0,0.0,0.0,0.0,0.0
2026_05_DEN_LAC,LAC,DEN,Marquez Valdes-Scantling,00-0034272,WR,tgt,2.127,0.0,1.0,2.0,3.0,5.0
2026_05_DEN_LAC,LAC,DEN,Marquez Valdes-Scantling,00-0034272,WR,rec,1.197,0.0,0.0,1.0,2.0,3.0
2026_05_DEN_LAC,LAC,DEN,Marquez Valdes-Scantling,00-0034272,WR,rec_yds,15.296,0.0,0.0,8.423,23.05,41.964
2026_05_DEN_LAC,LAC,DEN,Marquez Valdes-Scantling,00-0034272,WR,anytime_td,0.074,0.0,0.0,0.0,0.0,0.0
2026_05_DEN_LAC,LAC,DEN,Marquez Valdes-Scantling,00-0034272,WR,first_td,0.017,0.017,0.017,0.017,0.017,0.017
2026_05_DEN_LAC,LAC,DEN,Kimani Vidal,00-0039391,RB,car,4.35,0.0,2.0,4.0,6.0,9.0
2026_05_DEN_LAC,LAC,DEN,Kimani Vidal,00-0039391,RB,rush_yds,17.389,0.0,3.78,11.734,24.896,42.714
2026_05_DEN_LAC,LAC,DEN,Kimani Vidal,00-0039391,RB,tgt,1.773,0.0,1.0,1.0,3.0,4.0
2026_05_DEN_LAC,LAC,DEN,Kimani Vidal,00-0039391,RB,rec,1.256,0.0,0.0,1.0,2.0,3.0
2026_05_DEN_LAC,LAC,DEN,Kimani Vidal,00-0039391,RB,rec_yds,9.917,0.0,0.0,5.104,14.707,28.15
2026_05_DEN_LAC,LAC,DEN,Kimani Vidal,00-0039391,RB,anytime_td,0.195,0.0,0.0,0.0,0.0,1.0
2026_05_DEN_LAC,LAC,DEN,Kimani Vidal,00-0039391,RB,first_td,0.049,0.049,0.049,0.049,0.049,0.049
2026_05_DEN_LAC,LAC,DEN,Alec Ingold,00-0035125,RB,car,0.306,0.0,0.0,0.0,0.0,1.0
2026_05_DEN_LAC,LAC,DEN,Alec Ingold,00-0035125,RB,rush_yds,1.232,0.0,0.0,0.0,0.0,2.869
2026_05_DEN_LAC,LAC,DEN,Alec Ingold,00-0035125,RB,tgt,1.092,0.0,0.0,1.0,2.0,3.0
2026_05_DEN_LAC,LAC,DEN,Alec Ingold,00-0035125,RB,rec,0.8,0.0,0.0,0.0,1.0,2.0
2026_05_DEN_LAC,LAC,DEN,Alec Ingold,00-0035125,RB,rec_yds,6.277,0.0,0.0,0.0,9.209,19.993
2026_05_DEN_LAC,LAC,DEN,Alec Ingold,00-0035125,RB,anytime_td,0.03,0.0,0.0,0.0,0.0,0.0
2026_05_DEN_LAC,LAC,DEN,Alec Ingold,00-0035125,RB,first_td,0.007,0.007,0.007,0.007,0.007,0.007
2026_05_DEN_LAC,LAC,DEN,Justin Herbert,00-0036355,QB,att,28.548,19.0,24.0,29.0,34.0,38.0
2026_05_DEN_LAC,LAC,DEN,Justin Herbert,00-0036355,QB,cmp,17.251,11.0,14.0,17.0,21.0,24.0
2026_05_DEN_LAC,LAC,DEN,Justin Herbert,00-0036355,QB,pass_yds,193.386,104.919,145.333,191.364,240.168,287.793
2026_05_DEN_LAC,LAC,DEN,Justin Herbert,00-0036355,QB,pass_td,1.171,0.0,0.0,1.0,2.0,3.0
2026_05_DEN_LAC,LAC,DEN,Justin Herbert,00-0036355,QB,ints,0.776,0.0,0.0,1.0,1.0,2.0
2026_05_DEN_LAC,LAC,DEN,Justin Herbert,00-0036355,QB,car,4.725,1.0,3.0,4.0,6.0,9.0
2026_05_DEN_LAC,LAC,DEN,Justin Herbert,00-0036355,QB,rush_yds,24.673,2.844,10.493,21.07,35.261,50.948
2026_05_DEN_LAC,LAC,DEN,Justin Herbert,00-0036355,QB,tgt,0.0,0.0,0.0,0.0,0.0,0.0
2026_05_DEN_LAC,LAC,DEN,Justin Herbert,00-0036355,QB,rec,0.0,0.0,0.0,0.0,0.0,0.0
2026_05_DEN_LAC,LAC,DEN,Justin Herbert,00-0036355,QB,rec_yds,0.003,0.0,0.0,0.0,0.0,0.0
2026_05_DEN_LAC,LAC,DEN,Justin Herbert,00-0036355,QB,anytime_td,0.148,0.0,0.0,0.0,0.0,1.0
2026_05_DEN_LAC,LAC,DEN,Justin Herbert,00-0036355,QB,first_td,0.037,0.037,0.037,0.037,0.037,0.037
2026_05_DEN_LAC,LAC,DEN,Derius Davis,00-0038573,WR,car,0.052,0.0,0.0,0.0,0.0,0.0
2026_05_DEN_LAC,LAC,DEN,Derius Davis,00-0038573,WR,rush_yds,0.316,0.0,0.0,0.0,0.0,0.0
2026_05_DEN_LAC,LAC,DEN,Derius Davis,00-0038573,WR,tgt,0.787,0.0,0.0,0.0,1.0,2.0
2026_05_DEN_LAC,LAC,DEN,Derius Davis,00-0038573,WR,rec,0.465,0.0,0.0,0.0,1.0,1.0
2026_05_DEN_LAC,LAC,DEN,Derius Davis,00-0038573,WR,rec_yds,5.74,0.0,0.0,0.0,7.085,20.299
2026_05_DEN_LAC,LAC,DEN,Derius Davis,00-0038573,WR,anytime_td,0.016,0.0,0.0,0.0,0.0,0.0
2026_05_DEN_LAC,LAC,DEN,Derius Davis,00-0038573,WR,first_td,0.003,0.003,0.003,0.003,0.003,0.003
2026_05_DEN_LAC,LAC,DEN,Oronde Gadsden II,00-0040189,TE,car,0.193,0.0,0.0,0.0,0.0,0.0
2026_05_DEN_LAC,LAC,DEN,Oronde Gadsden II,00-0040189,TE,rush_yds,0.432,0.0,0.0,0.0,0.0,0.0
2026_05_DEN_LAC,LAC,DEN,Oronde Gadsden II,00-0040189,TE,tgt,4.147,1.0,2.0,4.0,6.0,7.0
2026_05_DEN_LAC,LAC,DEN,Oronde Gadsden II,00-0040189,TE,rec,2.684,1.0,1.0,2.0,4.0,5.0
2026_05_DEN_LAC,LAC,DEN,Oronde Gadsden II,00-0040189,TE,rec_yds,28.528,0.0,10.035,23.0,41.136,62.87
2026_05_DEN_LAC,LAC,DEN,Oronde Gadsden II,00-0040189,TE,anytime_td,0.155,0.0,0.0,0.0,0.0,1.0
2026_05_DEN_LAC,LAC,DEN,Oronde Gadsden II,00-0040189,TE,first_td,0.038,0.038,0.038,0.038,0.038,0.038
2026_05_DEN_LAC,LAC,DEN,Keaton Mitchell,00-0038454,RB,car,5.595,1.0,3.0,5.0,8.0,11.0
2026_05_DEN_LAC,LAC,DEN,Keaton Mitchell,00-0038454,RB,rush_yds,23.218,1.079,7.103,17.183,32.394,52.504
2026_05_DEN_LAC,LAC,DEN,Keaton Mitchell,00-0038454,RB,tgt,2.589,0.0,1.0,2.0,4.0,5.0
2026_05_DEN_LAC,LAC,DEN,Keaton Mitchell,00-0038454,RB,rec,1.966,0.0,1.0,2.0,3.0,4.0
2026_05_DEN_LAC,LAC,DEN,Keaton Mitchell,00-0038454,RB,rec_yds,13.514,0.0,0.941,9.065,20.092,34.042
2026_05_DEN_LAC,LAC,DEN,Keaton Mitchell,00-0038454,RB,anytime_td,0.209,0.0,0.0,0.0,0.0,1.0
2026_05_DEN_LAC,LAC,DEN,Keaton Mitchell,00-0038454,RB,first_td,0.053,0.053,0.053,0.053,0.053,0.053
2026_05_DEN_LAC,LAC,DEN,Tre Harris,00-0040727,WR,car,0.069,0.0,0.0,0.0,0.0,0.0
2026_05_DEN_LAC,LAC,DEN,Tre Harris,00-0040727,WR,rush_yds,0.336,0.0,0.0,0.0,0.0,0.0
2026_05_DEN_LAC,LAC,DEN,Tre Harris,00-0040727,WR,tgt,4.672,2.0,3.0,4.0,6.0,8.0
2026_05_DEN_LAC,LAC,DEN,Tre Harris,00-0040727,WR,rec,2.821,1.0,1.0,3.0,4.0,5.0
2026_05_DEN_LAC,LAC,DEN,Tre Harris,00-0040727,WR,rec_yds,39.106,1.976,13.719,31.987,56.318,84.372
2026_05_DEN_LAC,LAC,DEN,Tre Harris,00-0040727,WR,anytime_td,0.126,0.0,0.0,0.0,0.0,1.0
2026_05_DEN_LAC,LAC,DEN,Tre Harris,00-0040727,WR,first_td,0.03,0.03,0.03,0.03,0.03,0.03
2026_05_DEN_LAC,DEN,LAC,Adam Trautman,00-0036422,TE,car,0.002,0.0,0.0,0.0,0.0,0.0
2026_05_DEN_LAC,DEN,LAC,Adam Trautman,00-0036422,TE,rush_yds,0.003,0.0,0.0,0.0,0.0,0.0
2026_05_DEN_LAC,DEN,LAC,Adam Trautman,00-0036422,TE,tgt,1.066,0.0,0.0,1.0,2.0,3.0
2026_05_DEN_LAC,DEN,LAC,Adam Trautman,00-0036422,TE,rec,0.73,0.0,0.0,0.0,1.0,2.0
2026_05_DEN_LAC,DEN,LAC,Adam Trautman,00-0036422,TE,rec_yds,7.879,0.0,0.0,0.0,11.657,25.032
2026_05_DEN_LAC,DEN,LAC,Adam Trautman,00-0036422,TE,anytime_td,0.027,0.0,0.0,0.0,0.0,0.0
2026_05_DEN_LAC,DEN,LAC,Adam Trautman,00-0036422,TE,first_td,0.007,0.007,0.007,0.007,0.007,0.007
2026_05_DEN_LAC,DEN,LAC,J.K. Dobbins,00-0036158,RB,car,11.81,5.0,8.0,11.0,15.0,19.0
2026_05_DEN_LAC,DEN,LAC,J.K. Dobbins,00-0036158,RB,rush_yds,48.641,13.849,25.189,42.274,65.914,91.579
2026_05_DEN_LAC,DEN,LAC,J.K. Dobbins,00-0036158,RB,tgt,1.263,0.0,0.0,1.0,2.0,3.0
2026_05_DEN_LAC,DEN,LAC,J.K. Dobbins,00-0036158,RB,rec,0.969,0.0,0.0,1.0,2.0,3.0
2026_05_DEN_LAC,DEN,LAC,J.K. Dobbins,00-0036158,RB,rec_yds,7.357,0.0,0.0,0.98,10.627,22.111
2026_05_DEN_LAC,DEN,LAC,J.K. Dobbins,00-0036158,RB,anytime_td,0.295,0.0,0.0,0.0,1.0,1.0
2026_05_DEN_LAC,DEN,LAC,J.K. Dobbins,00-0036158,RB,first_td,0.081,0.081,0.081,0.081,0.081,0.081
2026_05_DEN_LAC,DEN,LAC,Bo Nix,00-0039732,QB,att,31.591,21.0,27.0,32.0,38.0,42.0
2026_05_DEN_LAC,DEN,LAC,Bo Nix,00-0039732,QB,cmp,19.994,13.0,17.0,20.0,24.0,28.0
2026_05_DEN_LAC,DEN,LAC,Bo Nix,00-0039732,QB,pass_yds,222.378,125.847,171.811,221.244,274.477,323.179
2026_05_DEN_LAC,DEN,LAC,Bo Nix,00-0039732,QB,pass_td,1.562,0.0,1.0,1.0,2.0,3.0
2026_05_DEN_LAC,DEN,LAC,Bo Nix,00-0039732,QB,ints,0.726,0.0,0.0,0.0,1.0,2.0
2026_05_DEN_LAC,DEN,LAC,Bo Nix,00-0039732,QB,car,4.076,1.0,2.0,3.0,6.0,8.0
2026_05_DEN_LAC,DEN,LAC,Bo Nix,00-0039732,QB,rush_yds,15.455,-0.94,2.848,11.347,23.12,37.757
2026_05_DEN_LAC,DEN,LAC,Bo Nix,00-0039732,QB,tgt,0.001,0.0,0.0,0.0,0.0,0.0
2026_05_DEN_LAC,DEN,LAC,Bo Nix,00-0039732,QB,rec,0.001,0.0,0.0,0.0,0.0,0.0
2026_05_DEN_LAC,DEN,LAC,Bo Nix,00-0039732,QB,rec_yds,0.007,0.0,0.0,0.0,0.0,0.0
2026_05_DEN_LAC,DEN,LAC,Bo Nix,00-0039732,QB,anytime_td,0.232,0.0,0.0,0.0,0.0,1.0
2026_05_DEN_LAC,DEN,LAC,Bo Nix,00-0039732,QB,first_td,0.062,0.062,0.062,0.062,0.062,0.062
2026_05_DEN_LAC,DEN,LAC,Courtland Sutton,00-0034348,WR,car,0.011,0.0,0.0,0.0,0.0,0.0
2026_05_DEN_LAC,DEN,LAC,Courtland Sutton,00-0034348,WR,rush_yds,0.048,0.0,0.0,0.0,0.0,0.0
2026_05_DEN_LAC,DEN,LAC,Courtland Sutton,00-0034348,WR,tgt,5.998,2.0,4.0,6.0,8.0,10.0
2026_05_DEN_LAC,DEN,LAC,Courtland Sutton,00-0034348,WR,rec,3.276,1.0,2.0,3.0,4.0,6.0
2026_05_DEN_LAC,DEN,LAC,Courtland Sutton,00-0034348,WR,rec_yds,43.121,5.931,17.948,36.686,61.64,88.565
2026_05_DEN_LAC,DEN,LAC,Courtland Sutton,00-0034348,WR,anytime_td,0.243,0.0,0.0,0.0,0.0,1.0
2026_05_DEN_LAC,DEN,LAC,Courtland Sutton,00-0034348,WR,first_td,0.063,0.063,0.063,0.063,0.063,0.063
2026_05_DEN_LAC,DEN,LAC,Tyler Badie,00-0037085,RB,car,1.223,0.0,0.0,0.0,2.0,4.0
2026_05_DEN_LAC,DEN,LAC,Tyler Badie,00-0037085,RB,rush_yds,5.074,0.0,0.0,0.0,6.003,16.242
2026_05_DEN_LAC,DEN,LAC,Tyler Badie,00-0037085,RB,tgt,1.724,0.0,0.0,1.0,3.0,4.0
2026_05_DEN_LAC,DEN,LAC,Tyler Badie,00-0037085,RB,rec,1.316,0.0,0.0,1.0,2.0,3.0
2026_05_DEN_LAC,DEN,LAC,Tyler Badie,00-0037085,RB,rec_yds,11.694,0.0,0.0,6.059,17.427,32.545
2026_05_DEN_LAC,DEN,LAC,Tyler Badie,00-0037085,RB,anytime_td,0.1,0.0,0.0,0.0,0.0,1.0
2026_05_DEN_LAC,DEN,LAC,Tyler Badie,00-0037085,RB,first_td,0.024,0.024,0.024,0.024,0.024,0.024
2026_05_DEN_LAC,DEN,LAC,Troy Franklin,00-0039868,WR,car,0.202,0.0,0.0,0.0,0.0,0.0
2026_05_DEN_LAC,DEN,LAC,Troy Franklin,00-0039868,WR,rush_yds,1.088,0.0,0.0,0.0,0.0,0.0
2026_05_DEN_LAC,DEN,LAC,Troy Franklin,00-0039868,WR,tgt,2.135,0.0,1.0,2.0,3.0,5.0
2026_05_DEN_LAC,DEN,LAC,Troy Franklin,00-0039868,WR,rec,1.317,0.0,0.0,1.0,2.0,3.0
2026_05_DEN_LAC,DEN,LAC,Troy Franklin,00-0039868,WR,rec_yds,18.474,0.0,0.0,10.753,28.114,49.401
2026_05_DEN_LAC,DEN,LAC,Troy Franklin,00-0039868,WR,anytime_td,0.113,0.0,0.0,0.0,0.0,1.0
2026_05_DEN_LAC,DEN,LAC,Troy Franklin,00-0039868,WR,first_td,0.029,0.029,0.029,0.029,0.029,0.029
2026_05_DEN_LAC,DEN,LAC,Jaylen Waddle,00-0036613,WR,car,0.238,0.0,0.0,0.0,0.0,1.0
2026_05_DEN_LAC,DEN,LAC,Jaylen Waddle,00-0036613,WR,rush_yds,1.312,0.0,0.0,0.0,0.0,0.0
2026_05_DEN_LAC,DEN,LAC,Jaylen Waddle,00-0036613,WR,tgt,6.559,3.0,4.0,6.0,8.0,11.0
2026_05_DEN_LAC,DEN,LAC,Jaylen Waddle,00-0036613,WR,rec,4.024,1.0,2.0,4.0,5.0,7.0
2026_05_DEN_LAC,DEN,LAC,Jaylen Waddle,00-0036613,WR,rec_yds,53.731,11.343,25.271,46.261,75.001,105.348
2026_05_DEN_LAC,DEN,LAC,Jaylen Waddle,00-0036613,WR,anytime_td,0.23,0.0,0.0,0.0,0.0,1.0
2026_05_DEN_LAC,DEN,LAC,Jaylen Waddle,00-0036613,WR,first_td,0.06,0.06,0.06,0.06,0.06,0.06
2026_05_DEN_LAC,DEN,LAC,Nate Adkins,00-0038783,TE,car,0.147,0.0,0.0,0.0,0.0,0.0
2026_05_DEN_LAC,DEN,LAC,Nate Adkins,00-0038783,TE,rush_yds,0.349,0.0,0.0,0.0,0.0,0.0
2026_05_DEN_LAC,DEN,LAC,Nate Adkins,00-0038783,TE,tgt,1.138,0.0,0.0,1.0,2.0,3.0
2026_05_DEN_LAC,DEN,LAC,Nate Adkins,00-0038783,TE,rec,0.798,0.0,0.0,0.0,1.0,2.0
2026_05_DEN_LAC,DEN,LAC,Nate Adkins,00-0038783,TE,rec_yds,8.75,0.0,0.0,0.0,13.134,27.354
2026_05_DEN_LAC,DEN,LAC,Nate Adkins,00-0038783,TE,anytime_td,0.143,0.0,0.0,0.0,0.0,1.0
2026_05_DEN_LAC,DEN,LAC,Nate Adkins,00-0038783,TE,first_td,0.038,0.038,0.038,0.038,0.038,0.038
2026_05_DEN_LAC,DEN,LAC,Marvin Mims Jr.,00-0038976,WR,car,0.327,0.0,0.0,0.0,0.0,1.0
2026_05_DEN_LAC,DEN,LAC,Marvin Mims Jr.,00-0038976,WR,rush_yds,1.765,0.0,0.0,0.0,0.0,4.159
2026_05_DEN_LAC,DEN,LAC,Marvin Mims Jr.,00-0038976,WR,tgt,2.902,0.0,1.0,3.0,4.0,6.0
2026_05_DEN_LAC,DEN,LAC,Marvin Mims Jr.,00-0038976,WR,rec,1.826,0.0,1.0,2.0,3.0,4.0
2026_05_DEN_LAC,DEN,LAC,Marvin Mims Jr.,00-0038976,WR,rec_yds,24.028,0.0,3.968,16.618,35.861,59.187
2026_05_DEN_LAC,DEN,LAC,Marvin Mims Jr.,00-0038976,WR,anytime_td,0.116,0.0,0.0,0.0,0.0,1.0
2026_05_DEN_LAC,DEN,LAC,Marvin Mims Jr.,00-0038976,WR,first_td,0.028,0.028,0.028,0.028,0.028,0.028
2026_05_DEN_LAC,DEN,LAC,RJ Harvey,00-0040730,RB,car,6.866,2.0,4.0,6.0,9.0,13.0
2026_05_DEN_LAC,DEN,LAC,RJ Harvey,00-0040730,RB,rush_yds,27.91,3.566,9.995,21.798,39.304,60.396
2026_05_DEN_LAC,DEN,LAC,RJ Harvey,00-0040730,RB,tgt,5.705,2.0,4.0,5.0,7.0,10.0
2026_05_DEN_LAC,DEN,LAC,RJ Harvey,00-0040730,RB,rec,4.618,2.0,3.0,4.0,6.0,8.0
2026_05_DEN_LAC,DEN,LAC,RJ Harvey,00-0040730,RB,rec_yds,35.611,6.637,16.235,30.818,49.917,71.219
2026_05_DEN_LAC,DEN,LAC,RJ Harvey,00-0040730,RB,anytime_td,0.362,0.0,0.0,0.0,1.0,1.0
2026_05_DEN_LAC,DEN,LAC,RJ Harvey,00-0040730,RB,first_td,0.103,0.103,0.103,0.103,0.103,0.103
2026_05_DEN_LAC,DEN,LAC,Evan Engram,00-0033881,TE,car,0.011,0.0,0.0,0.0,0.0,0.0
2026_05_DEN_LAC,DEN,LAC,Evan Engram,00-0033881,TE,rush_yds,0.025,0.0,0.0,0.0,0.0,0.0
2026_05_DEN_LAC,DEN,LAC,Evan Engram,00-0033881,TE,tgt,3.413,1.0,2.0,3.0,5.0,6.0
2026_05_DEN_LAC,DEN,LAC,Evan Engram,00-0033881,TE,rec,2.182,0.0,1.0,2.0,3.0,5.0
2026_05_DEN_LAC,DEN,LAC,Evan Engram,00-0033881,TE,rec_yds,24.662,0.0,6.918,18.796,36.471,56.862
2026_05_DEN_LAC,DEN,LAC,Evan Engram,00-0033881,TE,anytime_td,0.135,0.0,0.0,0.0,0.0,1.0
2026_05_DEN_LAC,DEN,LAC,Evan Engram,00-0033881,TE,first_td,0.034,0.034,0.034,0.034,0.034,0.034
2026_05_DET_ARI,ARI,DET,Trey McBride,00-0037744,TE,car,0.002,0.0,0.0,0.0,0.0,0.0
2026_05_DET_ARI,ARI,DET,Trey McBride,00-0037744,TE,rush_yds,0.003,0.0,0.0,0.0,0.0,0.0
2026_05_DET_ARI,ARI,DET,Trey McBride,00-0037744,TE,tgt,10.272,5.0,7.0,10.0,13.0,16.0
2026_05_DET_ARI,ARI,DET,Trey McBride,00-0037744,TE,rec,7.575,4.0,5.0,7.0,10.0,12.0
2026_05_DET_ARI,ARI,DET,Trey McBride,00-0037744,TE,rec_yds,72.008,28.154,44.503,67.614,94.265,121.404
2026_05_DET_ARI,ARI,DET,Trey McBride,00-0037744,TE,anytime_td,0.425,0.0,0.0,0.0,1.0,1.0
2026_05_DET_ARI,ARI,DET,Trey McBride,00-0037744,TE,first_td,0.085,0.085,0.085,0.085,0.085,0.085
2026_05_DET_ARI,ARI,DET,Jeremiyah Love,00-0041027,RB,car,10.597,4.0,7.0,10.0,14.0,18.0
2026_05_DET_ARI,ARI,DET,Jeremiyah Love,00-0041027,RB,rush_yds,46.072,11.971,23.233,39.362,62.362,88.35
2026_05_DET_ARI,ARI,DET,Jeremiyah Love,00-0041027,RB,tgt,3.0,0.0,1.0,3.0,4.0,6.0
2026_05_DET_ARI,ARI,DET,Jeremiyah Love,00-0041027,RB,rec,2.46,0.0,1.0,2.0,3.0,5.0
2026_05_DET_ARI,ARI,DET,Jeremiyah Love,00-0041027,RB,rec_yds,16.565,0.0,3.678,12.106,24.332,39.372
2026_05_DET_ARI,ARI,DET,Jeremiyah Love,00-0041027,RB,anytime_td,0.39,0.0,0.0,0.0,1.0,1.0
2026_05_DET_ARI,ARI,DET,Jeremiyah Love,00-0041027,RB,first_td,0.078,0.078,0.078,0.078,0.078,0.078
2026_05_DET_ARI,ARI,DET,Elijah Higgins,00-0039041,TE,car,0.001,0.0,0.0,0.0,0.0,0.0
2026_05_DET_ARI,ARI,DET,Elijah Higgins,00-0039041,TE,rush_yds,0.001,0.0,0.0,0.0,0.0,0.0
2026_05_DET_ARI,ARI,DET,Elijah Higgins,00-0039041,TE,tgt,1.72,0.0,0.0,1.0,3.0,4.0
2026_05_DET_ARI,ARI,DET,Elijah Higgins,00-0039041,TE,rec,1.313,0.0,0.0,1.0,2.0,3.0
2026_05_DET_ARI,ARI,DET,Elijah Higgins,00-0039041,TE,rec_yds,13.928,0.0,0.0,8.088,21.042,37.914
2026_05_DET_ARI,ARI,DET,Elijah Higgins,00-0039041,TE,anytime_td,0.131,0.0,0.0,0.0,0.0,1.0
2026_05_DET_ARI,ARI,DET,Elijah Higgins,00-0039041,TE,first_td,0.023,0.023,0.023,0.023,0.023,0.023
2026_05_DET_ARI,ARI,DET,Marvin Harrison Jr.,00-0039849,WR,car,0.01,0.0,0.0,0.0,0.0,0.0
2026_05_DET_ARI,ARI,DET,Marvin Harrison Jr.,00-0039849,WR,rush_yds,0.039,0.0,0.0,0.0,0.0,0.0
2026_05_DET_ARI,ARI,DET,Marvin Harrison Jr.,00-0039849,WR,tgt,3.904,1.0,2.0,4.0,5.0,7.0
2026_05_DET_ARI,ARI,DET,Marvin Harrison Jr.,00-0039849,WR,rec,2.27,0.0,1.0,2.0,3.0,5.0
2026_05_DET_ARI,ARI,DET,Marvin Harrison Jr.,00-0039849,WR,rec_yds,31.942,0.0,8.709,24.628,47.379,73.114
2026_05_DET_ARI,ARI,DET,Marvin Harrison Jr.,00-0039849,WR,anytime_td,0.202,0.0,0.0,0.0,0.0,1.0
2026_05_DET_ARI,ARI,DET,Marvin Harrison Jr.,00-0039849,WR,first_td,0.036,0.036,0.036,0.036,0.036,0.036
2026_05_DET_ARI,ARI,DET,Bam Knight,00-0037157,RB,car,3.417,0.0,1.0,3.0,5.0,8.0
2026_05_DET_ARI,ARI,DET,Bam Knight,00-0037157,RB,rush_yds,15.157,0.0,2.08,9.534,21.474,38.046
2026_05_DET_ARI,ARI,DET,Bam Knight,00-0037157,RB,tgt,1.371,0.0,0.0,1.0,2.0,3.0
2026_05_DET_ARI,ARI,DET,Bam Knight,00-0037157,RB,rec,1.081,0.0,0.0,1.0,2.0,3.0
2026_05_DET_ARI,ARI,DET,Bam Knight,00-0037157,RB,rec_yds,8.393,0.0,0.0,2.72,12.469,25.175
2026_05_DET_ARI,ARI,DET,Bam Knight,00-0037157,RB,anytime_td,0.196,0.0,0.0,0.0,0.0,1.0
2026_05_DET_ARI,ARI,DET,Bam Knight,00-0037157,RB,first_td,0.035,0.035,0.035,0.035,0.035,0.035
2026_05_DET_ARI,ARI,DET,Michael Wilson,00-0038559,WR,car,0.01,0.0,0.0,0.0,0.0,0.0
2026_05_DET_ARI,ARI,DET,Michael Wilson,00-0038559,WR,rush_yds,0.057,0.0,0.0,0.0,0.0,0.0
2026_05_DET_ARI,ARI,DET,Michael Wilson,00-0038559,WR,tgt,9.3,5.0,7.0,9.0,12.0,14.0
2026_05_DET_ARI,ARI,DET,Michael Wilson,00-0038559,WR,rec,5.74,2.0,4.0,5.0,7.0,9.0
2026_05_DET_ARI,ARI,DET,Michael Wilson,00-0038559,WR,rec_yds,73.519,23.053,41.269,67.145,98.777,131.212
2026_05_DET_ARI,ARI,DET,Michael Wilson,00-0038559,WR,anytime_td,0.375,0.0,0.0,0.0,1.0,1.0
2026_05_DET_ARI,ARI,DET,Michael Wilson,00-0038559,WR,first_td,0.072,0.072,0.072,0.072,0.072,0.072
2026_05_DET_ARI,ARI,DET,Kendrick Bourne,00-0033307,WR,car,0.006,0.0,0.0,0.0,0.0,0.0
2026_05_DET_ARI,ARI,DET,Kendrick Bourne,00-0033307,WR,rush_yds,0.038,0.0,0.0,0.0,0.0,0.0
2026_05_DET_ARI,ARI,DET,Kendrick Bourne,00-0033307,WR,tgt,2.695,0.0,1.0,2.0,4.0,6.0
2026_05_DET_ARI,ARI,DET,Kendrick Bourne,00-0033307,WR,rec,1.837,0.0,1.0,2.0,3.0,4.0
2026_05_DET_ARI,ARI,DET,Kendrick Bourne,00-0033307,WR,rec_yds,23.265,0.0,2.918,15.956,34.846,57.715
2026_05_DET_ARI,ARI,DET,Kendrick Bourne,00-0033307,WR,anytime_td,0.074,0.0,0.0,0.0,0.0,0.0
2026_05_DET_ARI,ARI,DET,Kendrick Bourne,00-0033307,WR,first_td,0.012,0.012,0.012,0.012,0.012,0.012
2026_05_DET_ARI,ARI,DET,Hunter Long,00-0037004,TE,car,0.002,0.0,0.0,0.0,0.0,0.0
2026_05_DET_ARI,ARI,DET,Hunter Long,00-0037004,TE,rush_yds,0.006,0.0,0.0,0.0,0.0,0.0
2026_05_DET_ARI,ARI,DET,Hunter Long,00-0037004,TE,tgt,0.896,0.0,0.0,0.0,1.0,3.0
2026_05_DET_ARI,ARI,DET,Hunter Long,00-0037004,TE,rec,0.668,0.0,0.0,0.0,1.0,2.0
2026_05_DET_ARI,ARI,DET,Hunter Long,00-0037004,TE,rec_yds,7.088,0.0,0.0,0.0,10.1,23.731
2026_05_DET_ARI,ARI,DET,Hunter Long,00-0037004,TE,anytime_td,0.04,0.0,0.0,0.0,0.0,0.0
2026_05_DET_ARI,ARI,DET,Hunter Long,00-0037004,TE,first_td,0.007,0.007,0.007,0.007,0.007,0.007
2026_05_DET_ARI,ARI,DET,Jacoby Brissett,00-0033119,QB,att,35.349,25.0,31.0,36.0,42.0,47.0
2026_05_DET_ARI,ARI,DET,Jacoby Brissett,00-0033119,QB,cmp,23.648,15.0,20.0,24.0,28.0,32.0
2026_05_DET_ARI,ARI,DET,Jacoby Brissett,00-0033119,QB,pass_yds,249.828,153.275,200.553,249.657,303.589,354.833
2026_05_DET_ARI,ARI,DET,Jacoby Brissett,00-0033119,QB,pass_td,1.762,0.0,1.0,2.0,3.0,3.0
2026_05_DET_ARI,ARI,DET,Jacoby Brissett,00-0033119,QB,ints,0.817,0.0,0.0,1.0,1.0,2.0
2026_05_DET_ARI,ARI,DET,Jacoby Brissett,00-0033119,QB,car,3.104,0.0,1.0,3.0,4.0,6.0
2026_05_DET_ARI,ARI,DET,Jacoby Brissett,00-0033119,QB,rush_yds,13.383,0.0,0.974,9.093,20.419,33.599
2026_05_DET_ARI,ARI,DET,Jacoby Brissett,00-0033119,QB,tgt,0.001,0.0,0.0,0.0,0.0,0.0
2026_05_DET_ARI,ARI,DET,Jacoby Brissett,00-0033119,QB,rec,0.001,0.0,0.0,0.0,0.0,0.0
2026_05_DET_ARI,ARI,DET,Jacoby Brissett,00-0033119,QB,rec_yds,0.009,0.0,0.0,0.0,0.0,0.0
2026_05_DET_ARI,ARI,DET,Jacoby Brissett,00-0033119,QB,anytime_td,0.188,0.0,0.0,0.0,0.0,1.0
2026_05_DET_ARI,ARI,DET,Jacoby Brissett,00-0033119,QB,first_td,0.034,0.034,0.034,0.034,0.034,0.034
2026_05_DET_ARI,ARI,DET,Jalen Brooks,00-0038640,WR,car,0.009,0.0,0.0,0.0,0.0,0.0
2026_05_DET_ARI,ARI,DET,Jalen Brooks,00-0038640,WR,rush_yds,0.044,0.0,0.0,0.0,0.0,0.0
2026_05_DET_ARI,ARI,DET,Jalen Brooks,00-0038640,WR,tgt,0.567,0.0,0.0,0.0,1.0,2.0
2026_05_DET_ARI,ARI,DET,Jalen Brooks,00-0038640,WR,rec,0.35,0.0,0.0,0.0,1.0,1.0
2026_05_DET_ARI,ARI,DET,Jalen Brooks,00-0038640,WR,rec_yds,4.652,0.0,0.0,0.0,1.082,17.325
2026_05_DET_ARI,ARI,DET,Jalen Brooks,00-0038640,WR,anytime_td,0.014,0.0,0.0,0.0,0.0,0.0
2026_05_DET_ARI,ARI,DET,Jalen Brooks,00-0038640,WR,first_td,0.002,0.002,0.002,0.002,0.002,0.002
2026_05_DET_ARI,ARI,DET,Tyler Allgeier,00-0037263,RB,car,5.193,1.0,2.0,4.0,7.0,10.0
2026_05_DET_ARI,ARI,DET,Tyler Allgeier,00-0037263,RB,rush_yds,21.694,0.902,6.36,15.903,30.578,50.354
2026_05_DET_ARI,ARI,DET,Tyler Allgeier,00-0037263,RB,tgt,1.943,0.0,1.0,2.0,3.0,4.0
2026_05_DET_ARI,ARI,DET,Tyler Allgeier,00-0037263,RB,rec,1.616,0.0,0.0,1.0,2.0,4.0
2026_05_DET_ARI,ARI,DET,Tyler Allgeier,00-0037263,RB,rec_yds,11.034,0.0,0.0,6.376,16.291,29.715
2026_05_DET_ARI,ARI,DET,Tyler Allgeier,00-0037263,RB,anytime_td,0.23,0.0,0.0,0.0,0.0,1.0
2026_05_DET_ARI,ARI,DET,Tyler Allgeier,00-0037263,RB,first_td,0.041,0.041,0.041,0.041,0.041,0.041
2026_05_DET_ARI,DET,ARI,Sione Vaki,00-0039364,RB,car,2.341,0.0,0.0,1.0,3.0,6.0
2026_05_DET_ARI,DET,ARI,Sione Vaki,00-0039364,RB,rush_yds,10.604,0.0,0.0,4.601,15.019,30.191
2026_05_DET_ARI,DET,ARI,Sione Vaki,00-0039364,RB,tgt,0.99,0.0,0.0,1.0,2.0,3.0
2026_05_DET_ARI,DET,ARI,Sione Vaki,00-0039364,RB,rec,0.807,0.0,0.0,0.0,1.0,2.0
2026_05_DET_ARI,DET,ARI,Sione Vaki,00-0039364,RB,rec_yds,7.004,0.0,0.0,0.0,10.026,22.465
2026_05_DET_ARI,DET,ARI,Sione Vaki,00-0039364,RB,anytime_td,0.101,0.0,0.0,0.0,0.0,1.0
2026_05_DET_ARI,DET,ARI,Sione Vaki,00-0039364,RB,first_td,0.018,0.018,0.018,0.018,0.018,0.018
2026_05_DET_ARI,DET,ARI,Jared Goff,00-0033106,QB,att,34.088,23.0,29.0,35.0,40.0,45.0
2026_05_DET_ARI,DET,ARI,Jared Goff,00-0033106,QB,cmp,23.208,15.0,20.0,24.0,28.0,31.0
2026_05_DET_ARI,DET,ARI,Jared Goff,00-0033106,QB,pass_yds,278.259,167.501,221.873,279.21,338.211,398.126
2026_05_DET_ARI,DET,ARI,Jared Goff,00-0033106,QB,pass_td,2.066,0.0,1.0,2.0,3.0,4.0
2026_05_DET_ARI,DET,ARI,Jared Goff,00-0033106,QB,ints,0.601,0.0,0.0,0.0,1.0,2.0
2026_05_DET_ARI,DET,ARI,Jared Goff,00-0033106,QB,car,2.398,0.0,1.0,2.0,3.0,5.0
2026_05_DET_ARI,DET,ARI,Jared Goff,00-0033106,QB,rush_yds,7.751,-2.0,0.0,3.362,12.241,23.54
2026_05_DET_ARI,DET,ARI,Jared Goff,00-0033106,QB,tgt,0.0,0.0,0.0,0.0,0.0,0.0
2026_05_DET_ARI,DET,ARI,Jared Goff,00-0033106,QB,rec,0.0,0.0,0.0,0.0,0.0,0.0
2026_05_DET_ARI,DET,ARI,Jared Goff,00-0033106,QB,rec_yds,0.004,0.0,0.0,0.0,0.0,0.0
2026_05_DET_ARI,DET,ARI,Jared Goff,00-0033106,QB,anytime_td,0.044,0.0,0.0,0.0,0.0,0.0
2026_05_DET_ARI,DET,ARI,Jared Goff,00-0033106,QB,first_td,0.008,0.008,0.008,0.008,0.008,0.008
2026_05_DET_ARI,DET,ARI,Jahmyr Gibbs,00-0039139,RB,car,19.286,11.0,15.0,19.0,23.0,28.0
2026_05_DET_ARI,DET,ARI,Jahmyr Gibbs,00-0039139,RB,rush_yds,88.647,37.788,55.82,81.586,113.652,148.67
2026_05_DET_ARI,DET,ARI,Jahmyr Gibbs,00-0039139,RB,tgt,5.646,2.0,3.0,5.0,7.0,10.0
2026_05_DET_ARI,DET,ARI,Jahmyr Gibbs,00-0039139,RB,rec,4.542,1.0,3.0,4.0,6.0,8.0
2026_05_DET_ARI,DET,ARI,Jahmyr Gibbs,00-0039139,RB,rec_yds,38.263,6.757,16.791,32.781,53.554,77.379
2026_05_DET_ARI,DET,ARI,Jahmyr Gibbs,00-0039139,RB,anytime_td,0.725,0.0,0.0,1.0,1.0,1.0
2026_05_DET_ARI,DET,ARI,Jahmyr Gibbs,00-0039139,RB,first_td,0.205,0.205,0.205,0.205,0.205,0.205
2026_05_DET_ARI,DET,ARI,Tom Kennedy,00-0035544,WR,car,0.024,0.0,0.0,0.0,0.0,0.0
2026_05_DET_ARI,DET,ARI,Tom Kennedy,00-0035544,WR,rush_yds,0.143,0.0,0.0,0.0,0.0,0.0
2026_05_DET_ARI,DET,ARI,Tom Kennedy,00-0035544,WR,tgt,0.54,0.0,0.0,0.0,1.0,2.0
2026_05_DET_ARI,DET,ARI,Tom Kennedy,00-0035544,WR,rec,0.359,0.0,0.0,0.0,1.0,1.0
2026_05_DET_ARI,DET,ARI,Tom Kennedy,00-0035544,WR,rec_yds,4.934,0.0,0.0,0.0,1.11,18.15
2026_05_DET_ARI,DET,ARI,Tom Kennedy,00-0035544,WR,anytime_td,0.018,0.0,0.0,0.0,0.0,0.0
2026_05_DET_ARI,DET,ARI,Tom Kennedy,00-0035544,WR,first_td,0.003,0.003,0.003,0.003,0.003,0.003
2026_05_DET_ARI,DET,ARI,Jameson Williams,00-0037240,WR,car,0.123,0.0,0.0,0.0,0.0,0.0
2026_05_DET_ARI,DET,ARI,Jameson Williams,00-0037240,WR,rush_yds,0.743,0.0,0.0,0.0,0.0,0.0
2026_05_DET_ARI,DET,ARI,Jameson Williams,00-0037240,WR,tgt,5.396,2.0,3.0,5.0,7.0,9.0
2026_05_DET_ARI,DET,ARI,Jameson Williams,00-0037240,WR,rec,3.608,1.0,2.0,3.0,5.0,7.0
2026_05_DET_ARI,DET,ARI,Jameson Williams,00-0037240,WR,rec_yds,53.562,8.507,22.704,45.694,75.248,109.177
2026_05_DET_ARI,DET,ARI,Jameson Williams,00-0037240,WR,anytime_td,0.194,0.0,0.0,0.0,0.0,1.0
2026_05_DET_ARI,DET,ARI,Jameson Williams,00-0037240,WR,first_td,0.036,0.036,0.036,0.036,0.036,0.036
2026_05_DET_ARI,DET,ARI,Jackson Meeks,00-0040390,TE,car,0.002,0.0,0.0,0.0,0.0,0.0
2026_05_DET_ARI,DET,ARI,Jackson Meeks,00-0040390,TE,rush_yds,0.004,0.0,0.0,0.0,0.0,0.0
2026_05_DET_ARI,DET,ARI,Jackson Meeks,00-0040390,TE,tgt,0.536,0.0,0.0,0.0,1.0,2.0
2026_05_DET_ARI,DET,ARI,Jackson Meeks,00-0040390,TE,rec,0.404,0.0,0.0,0.0,1.0,1.0
2026_05_DET_ARI,DET,ARI,Jackson Meeks,00-0040390,TE,rec_yds,4.512,0.0,0.0,0.0,3.876,16.549
2026_05_DET_ARI,DET,ARI,Jackson Meeks,00-0040390,TE,anytime_td,0.017,0.0,0.0,0.0,0.0,0.0
2026_05_DET_ARI,DET,ARI,Jackson Meeks,00-0040390,TE,first_td,0.003,0.003,0.003,0.003,0.003,0.003
2026_05_DET_ARI,DET,ARI,Amon-Ra St. Brown,00-0036963,WR,car,0.036,0.0,0.0,0.0,0.0,0.0
2026_05_DET_ARI,DET,ARI,Amon-Ra St. Brown,00-0036963,WR,rush_yds,0.209,0.0,0.0,0.0,0.0,0.0
2026_05_DET_ARI,DET,ARI,Amon-Ra St. Brown,00-0036963,WR,tgt,9.386,5.0,7.0,9.0,12.0,15.0
2026_05_DET_ARI,DET,ARI,Amon-Ra St. Brown,00-0036963,WR,rec,6.339,3.0,4.0,6.0,8.0,10.0
2026_05_DET_ARI,DET,ARI,Amon-Ra St. Brown,00-0036963,WR,rec_yds,80.207,27.32,46.272,73.979,107.159,141.541
2026_05_DET_ARI,DET,ARI,Amon-Ra St. Brown,00-0036963,WR,anytime_td,0.495,0.0,0.0,0.0,1.0,1.0
2026_05_DET_ARI,DET,ARI,Amon-Ra St. Brown,00-0036963,WR,first_td,0.112,0.112,0.112,0.112,0.112,0.112
2026_05_DET_ARI,DET,ARI,Tay Martin,00-0037524,WR,car,0.028,0.0,0.0,0.0,0.0,0.0
2026_05_DET_ARI,DET,ARI,Tay Martin,00-0037524,WR,rush_yds,0.15,0.0,0.0,0.0,0.0,0.0
2026_05_DET_ARI,DET,ARI,Tay Martin,00-0037524,WR,tgt,0.666,0.0,0.0,0.0,1.0,2.0
2026_05_DET_ARI,DET,ARI,Tay Martin,00-0037524,WR,rec,0.43,0.0,0.0,0.0,1.0,1.0
2026_05_DET_ARI,DET,ARI,Tay Martin,00-0037524,WR,rec_yds,5.828,0.0,0.0,0.0,5.917,20.818
2026_05_DET_ARI,DET,ARI,Tay Martin,00-0037524,WR,anytime_td,0.027,0.0,0.0,0.0,0.0,0.0
2026_05_DET_ARI,DET,ARI,Tay Martin,00-0037524,WR,first_td,0.005,0.005,0.005,0.005,0.005,0.005
2026_05_DET_ARI,DET,ARI,Sam LaPorta,00-0039065,TE,car,0.002,0.0,0.0,0.0,0.0,0.0
2026_05_DET_ARI,DET,ARI,Sam LaPorta,00-0039065,TE,rush_yds,0.004,0.0,0.0,0.0,0.0,0.0
2026_05_DET_ARI,DET,ARI,Sam LaPorta,00-0039065,TE,tgt,6.709,3.0,4.0,6.0,9.0,11.0
2026_05_DET_ARI,DET,ARI,Sam LaPorta,00-0039065,TE,rec,4.962,2.0,3.0,5.0,7.0,9.0
2026_05_DET_ARI,DET,ARI,Sam LaPorta,00-0039065,TE,rec_yds,57.15,15.447,29.88,51.516,78.098,106.647
2026_05_DET_ARI,DET,ARI,Sam LaPorta,00-0039065,TE,anytime_td,0.418,0.0,0.0,0.0,1.0,1.0
2026_05_DET_ARI,DET,ARI,Sam LaPorta,00-0039065,TE,first_td,0.09,0.09,0.09,0.09,0.09,0.09
2026_05_DET_ARI,DET,ARI,Brock Wright,00-0036754,TE,car,0.001,0.0,0.0,0.0,0.0,0.0
2026_05_DET_ARI,DET,ARI,Brock Wright,00-0036754,TE,rush_yds,0.003,0.0,0.0,0.0,0.0,0.0
2026_05_DET_ARI,DET,ARI,Brock Wright,00-0036754,TE,tgt,1.548,0.0,0.0,1.0,2.0,4.0
2026_05_DET_ARI,DET,ARI,Brock Wright,00-0036754,TE,rec,1.139,0.0,0.0,1.0,2.0,3.0
2026_05_DET_ARI,DET,ARI,Brock Wright,00-0036754,TE,rec_yds,11.9,0.0,0.0,6.192,18.612,33.421
2026_05_DET_ARI,DET,ARI,Brock Wright,00-0036754,TE,anytime_td,0.091,0.0,0.0,0.0,0.0,0.0
2026_05_DET_ARI,DET,ARI,Brock Wright,00-0036754,TE,first_td,0.017,0.017,0.017,0.017,0.017,0.017
2026_05_DET_ARI,DET,ARI,Isaac TeSlaa,00-0040669,WR,car,0.012,0.0,0.0,0.0,0.0,0.0
2026_05_DET_ARI,DET,ARI,Isaac TeSlaa,00-0040669,WR,rush_yds,0.066,0.0,0.0,0.0,0.0,0.0
2026_05_DET_ARI,DET,ARI,Isaac TeSlaa,00-0040669,WR,tgt,3.232,1.0,2.0,3.0,5.0,6.0
2026_05_DET_ARI,DET,ARI,Isaac TeSlaa,00-0040669,WR,rec,2.035,0.0,1.0,2.0,3.0,4.0
2026_05_DET_ARI,DET,ARI,Isaac TeSlaa,00-0040669,WR,rec_yds,32.401,0.0,7.262,23.711,47.728,77.779
2026_05_DET_ARI,DET,ARI,Isaac TeSlaa,00-0040669,WR,anytime_td,0.175,0.0,0.0,0.0,0.0,1.0
2026_05_DET_ARI,DET,ARI,Isaac TeSlaa,00-0040669,WR,first_td,0.033,0.033,0.033,0.033,0.033,0.033
2026_05_DET_ARI,DET,ARI,Jacob Saylors,00-0038896,RB,car,0.817,0.0,0.0,0.0,1.0,3.0
2026_05_DET_ARI,DET,ARI,Jacob Saylors,00-0038896,RB,rush_yds,3.727,0.0,0.0,0.0,3.131,12.341
2026_05_DET_ARI,DET,ARI,Jacob Saylors,00-0038896,RB,tgt,0.168,0.0,0.0,0.0,0.0,1.0
2026_05_DET_ARI,DET,ARI,Jacob Saylors,00-0038896,RB,rec,0.137,0.0,0.0,0.0,0.0,1.0
2026_05_DET_ARI,DET,ARI,Jacob Saylors,00-0038896,RB,rec_yds,1.063,0.0,0.0,0.0,0.0,0.0
2026_05_DET_ARI,DET,ARI,Jacob Saylors,00-0038896,RB,anytime_td,0.027,0.0,0.0,0.0,0.0,0.0
2026_05_DET_ARI,DET,ARI,Jacob Saylors,00-0038896,RB,first_td,0.005,0.005,0.005,0.005,0.005,0.005
2026_05_HOU_TEN,TEN,HOU,Nicholas Singleton,00-0040886,RB,car,2.97,0.0,1.0,2.0,4.0,7.0
2026_05_HOU_TEN,TEN,HOU,Nicholas Singleton,00-0040886,RB,rush_yds,10.2,0.0,0.0,5.664,14.682,26.854
2026_05_HOU_TEN,TEN,HOU,Nicholas Singleton,00-0040886,RB,tgt,0.168,0.0,0.0,0.0,0.0,1.0
2026_05_HOU_TEN,TEN,HOU,Nicholas Singleton,00-0040886,RB,rec,0.124,0.0,0.0,0.0,0.0,0.0
2026_05_HOU_TEN,TEN,HOU,Nicholas Singleton,00-0040886,RB,rec_yds,0.839,0.0,0.0,0.0,0.0,0.0
2026_05_HOU_TEN,TEN,HOU,Nicholas Singleton,00-0040886,RB,anytime_td,0.05,0.0,0.0,0.0,0.0,0.0
2026_05_HOU_TEN,TEN,HOU,Nicholas Singleton,00-0040886,RB,first_td,0.012,0.012,0.012,0.012,0.012,0.012
2026_05_HOU_TEN,TEN,HOU,Wan'Dale Robinson,00-0038117,WR,car,0.277,0.0,0.0,0.0,0.0,1.0
2026_05_HOU_TEN,TEN,HOU,Wan'Dale Robinson,00-0038117,WR,rush_yds,1.231,0.0,0.0,0.0,0.0,1.933
2026_05_HOU_TEN,TEN,HOU,Wan'Dale Robinson,00-0038117,WR,tgt,6.066,2.0,4.0,6.0,8.0,10.0
2026_05_HOU_TEN,TEN,HOU,Wan'Dale Robinson,00-0038117,WR,rec,3.734,1.0,2.0,3.0,5.0,7.0
2026_05_HOU_TEN,TEN,HOU,Wan'Dale Robinson,00-0038117,WR,rec_yds,38.188,7.087,17.104,32.75,53.846,76.848
2026_05_HOU_TEN,TEN,HOU,Wan'Dale Robinson,00-0038117,WR,anytime_td,0.23,0.0,0.0,0.0,0.0,1.0
2026_05_HOU_TEN,TEN,HOU,Wan'Dale Robinson,00-0038117,WR,first_td,0.058,0.058,0.058,0.058,0.058,0.058
2026_05_HOU_TEN,TEN,HOU,Elic Ayomanor,00-0040170,WR,car,0.008,0.0,0.0,0.0,0.0,0.0
2026_05_HOU_TEN,TEN,HOU,Elic Ayomanor,00-0040170,WR,rush_yds,0.044,0.0,0.0,0.0,0.0,0.0
2026_05_HOU_TEN,TEN,HOU,Elic Ayomanor,00-0040170,WR,tgt,3.096,1.0,1.0,3.0,4.0,6.0
2026_05_HOU_TEN,TEN,HOU,Elic Ayomanor,00-0040170,WR,rec,1.738,0.0,1.0,1.0,3.0,4.0
2026_05_HOU_TEN,TEN,HOU,Elic Ayomanor,00-0040170,WR,rec_yds,22.213,0.0,3.069,15.633,33.542,54.503
2026_05_HOU_TEN,TEN,HOU,Elic Ayomanor,00-0040170,WR,anytime_td,0.131,0.0,0.0,0.0,0.0,1.0
2026_05_HOU_TEN,TEN,HOU,Elic Ayomanor,00-0040170,WR,first_td,0.032,0.032,0.032,0.032,0.032,0.032
2026_05_HOU_TEN,TEN,HOU,Cam Ward,00-0040676,QB,att,29.629,20.0,25.0,30.0,35.0,40.0
2026_05_HOU_TEN,TEN,HOU,Cam Ward,00-0040676,QB,cmp,18.16,11.0,15.0,18.0,22.0,25.0
2026_05_HOU_TEN,TEN,HOU,Cam Ward,00-0040676,QB,pass_yds,185.201,103.516,142.685,185.062,228.606,273.703
2026_05_HOU_TEN,TEN,HOU,Cam Ward,00-0040676,QB,pass_td,0.941,0.0,0.0,1.0,2.0,2.0
2026_05_HOU_TEN,TEN,HOU,Cam Ward,00-0040676,QB,ints,0.7,0.0,0.0,0.0,1.0,2.0
2026_05_HOU_TEN,TEN,HOU,Cam Ward,00-0040676,QB,car,3.163,1.0,1.0,3.0,4.0,6.0
2026_05_HOU_TEN,TEN,HOU,Cam Ward,00-0040676,QB,rush_yds,15.377,0.0,3.749,12.122,22.657,35.784
2026_05_HOU_TEN,TEN,HOU,Cam Ward,00-0040676,QB,tgt,0.001,0.0,0.0,0.0,0.0,0.0
2026_05_HOU_TEN,TEN,HOU,Cam Ward,00-0040676,QB,rec,0.001,0.0,0.0,0.0,0.0,0.0
2026_05_HOU_TEN,TEN,HOU,Cam Ward,00-0040676,QB,rec_yds,0.006,0.0,0.0,0.0,0.0,0.0
2026_05_HOU_TEN,TEN,HOU,Cam Ward,00-0040676,QB,anytime_td,0.153,0.0,0.0,0.0,0.0,1.0
2026_05_HOU_TEN,TEN,HOU,Cam Ward,00-0040676,QB,first_td,0.038,0.038,0.038,0.038,0.038,0.038
2026_05_HOU_TEN,TEN,HOU,Gunnar Helm,00-0040584,TE,car,0.001,0.0,0.0,0.0,0.0,0.0
2026_05_HOU_TEN,TEN,HOU,Gunnar Helm,00-0040584,TE,rush_yds,0.002,0.0,0.0,0.0,0.0,0.0
2026_05_HOU_TEN,TEN,HOU,Gunnar Helm,00-0040584,TE,tgt,2.627,0.0,1.0,2.0,4.0,5.0
2026_05_HOU_TEN,TEN,HOU,Gunnar Helm,00-0040584,TE,rec,1.813,0.0,1.0,2.0,3.0,4.0
2026_05_HOU_TEN,TEN,HOU,Gunnar Helm,00-0040584,TE,rec_yds,15.737,0.0,1.836,11.077,23.757,38.791
2026_05_HOU_TEN,TEN,HOU,Gunnar Helm,00-0040584,TE,anytime_td,0.086,0.0,0.0,0.0,0.0,0.0
2026_05_HOU_TEN,TEN,HOU,Gunnar Helm,00-0040584,TE,first_td,0.02,0.02,0.02,0.02,0.02,0.02
2026_05_HOU_TEN,TEN,HOU,Carnell Tate,00-0041438,WR,car,0.014,0.0,0.0,0.0,0.0,0.0
2026_05_HOU_TEN,TEN,HOU,Carnell Tate,00-0041438,WR,rush_yds,0.057,0.0,0.0,0.0,0.0,0.0
2026_05_HOU_TEN,TEN,HOU,Carnell Tate,00-0041438,WR,tgt,8.265,4.0,6.0,8.0,10.0,13.0
2026_05_HOU_TEN,TEN,HOU,Carnell Tate,00-0041438,WR,rec,5.15,2.0,3.0,5.0,7.0,9.0
2026_05_HOU_TEN,TEN,HOU,Carnell Tate,00-0041438,WR,rec_yds,60.645,17.432,32.431,54.607,82.241,112.327
2026_05_HOU_TEN,TEN,HOU,Carnell Tate,00-0041438,WR,anytime_td,0.188,0.0,0.0,0.0,0.0,1.0
2026_05_HOU_TEN,TEN,HOU,Carnell Tate,00-0041438,WR,first_td,0.046,0.046,0.046,0.046,0.046,0.046
2026_05_HOU_TEN,TEN,HOU,Chimere Dike,00-0040705,WR,car,0.164,0.0,0.0,0.0,0.0,0.0
2026_05_HOU_TEN,TEN,HOU,Chimere Dike,00-0040705,WR,rush_yds,0.688,0.0,0.0,0.0,0.0,0.0
2026_05_HOU_TEN,TEN,HOU,Chimere Dike,00-0040705,WR,tgt,1.924,0.0,1.0,2.0,3.0,4.0
2026_05_HOU_TEN,TEN,HOU,Chimere Dike,00-0040705,WR,rec,1.205,0.0,0.0,1.0,2.0,3.0
2026_05_HOU_TEN,TEN,HOU,Chimere Dike,00-0040705,WR,rec_yds,13.419,0.0,0.0,7.373,20.152,37.33
2026_05_HOU_TEN,TEN,HOU,Chimere Dike,00-0040705,WR,anytime_td,0.074,0.0,0.0,0.0,0.0,0.0
2026_05_HOU_TEN,TEN,HOU,Chimere Dike,00-0040705,WR,first_td,0.017,0.017,0.017,0.017,0.017,0.017
2026_05_HOU_TEN,TEN,HOU,Daniel Bellinger,00-0038115,TE,car,0.002,0.0,0.0,0.0,0.0,0.0
2026_05_HOU_TEN,TEN,HOU,Daniel Bellinger,00-0038115,TE,rush_yds,0.004,0.0,0.0,0.0,0.0,0.0
2026_05_HOU_TEN,TEN,HOU,Daniel Bellinger,00-0038115,TE,tgt,1.291,0.0,0.0,1.0,2.0,3.0
2026_05_HOU_TEN,TEN,HOU,Daniel Bellinger,00-0038115,TE,rec,0.888,0.0,0.0,1.0,1.0,2.0
2026_05_HOU_TEN,TEN,HOU,Daniel Bellinger,00-0038115,TE,rec_yds,8.282,0.0,0.0,1.987,12.888,24.977
2026_05_HOU_TEN,TEN,HOU,Daniel Bellinger,00-0038115,TE,anytime_td,0.039,0.0,0.0,0.0,0.0,0.0
2026_05_HOU_TEN,TEN,HOU,Daniel Bellinger,00-0038115,TE,first_td,0.009,0.009,0.009,0.009,0.009,0.009
2026_05_HOU_TEN,TEN,HOU,Calvin Ridley,00-0034837,WR,car,0.043,0.0,0.0,0.0,0.0,0.0
2026_05_HOU_TEN,TEN,HOU,Calvin Ridley,00-0034837,WR,rush_yds,0.214,0.0,0.0,0.0,0.0,0.0
2026_05_HOU_TEN,TEN,HOU,Calvin Ridley,00-0034837,WR,tgt,2.177,0.0,1.0,2.0,3.0,5.0
2026_05_HOU_TEN,TEN,HOU,Calvin Ridley,00-0034837,WR,rec,1.26,0.0,0.0,1.0,2.0,3.0
2026_05_HOU_TEN,TEN,HOU,Calvin Ridley,00-0034837,WR,rec_yds,15.655,0.0,0.0,8.936,23.639,42.665
2026_05_HOU_TEN,TEN,HOU,Calvin Ridley,00-0034837,WR,anytime_td,0.057,0.0,0.0,0.0,0.0,0.0
2026_05_HOU_TEN,TEN,HOU,Calvin Ridley,00-0034837,WR,first_td,0.013,0.013,0.013,0.013,0.013,0.013
2026_05_HOU_TEN,TEN,HOU,Tony Pollard,00-0035261,RB,car,13.56,7.0,9.0,13.0,17.0,21.0
2026_05_HOU_TEN,TEN,HOU,Tony Pollard,00-0035261,RB,rush_yds,48.62,16.198,26.894,43.14,64.062,88.352
2026_05_HOU_TEN,TEN,HOU,Tony Pollard,00-0035261,RB,tgt,2.302,0.0,1.0,2.0,3.0,5.0
2026_05_HOU_TEN,TEN,HOU,Tony Pollard,00-0035261,RB,rec,1.694,0.0,1.0,1.0,3.0,4.0
2026_05_HOU_TEN,TEN,HOU,Tony Pollard,00-0035261,RB,rec_yds,10.263,0.0,0.0,6.472,15.273,26.348
2026_05_HOU_TEN,TEN,HOU,Tony Pollard,00-0035261,RB,anytime_td,0.279,0.0,0.0,0.0,1.0,1.0
2026_05_HOU_TEN,TEN,HOU,Tony Pollard,00-0035261,RB,first_td,0.074,0.074,0.074,0.074,0.074,0.074
2026_05_HOU_TEN,TEN,HOU,Tyjae Spears,00-0039032,RB,car,4.312,0.0,2.0,4.0,6.0,9.0
2026_05_HOU_TEN,TEN,HOU,Tyjae Spears,00-0039032,RB,rush_yds,15.32,0.0,3.198,10.272,22.119,36.678
2026_05_HOU_TEN,TEN,HOU,Tyjae Spears,00-0039032,RB,tgt,2.097,0.0,1.0,2.0,3.0,5.0
2026_05_HOU_TEN,TEN,HOU,Tyjae Spears,00-0039032,RB,rec,1.575,0.0,0.0,1.0,2.0,4.0
2026_05_HOU_TEN,TEN,HOU,Tyjae Spears,00-0039032,RB,rec_yds,10.501,0.0,0.0,6.14,15.469,28.333
2026_05_HOU_TEN,TEN,HOU,Tyjae Spears,00-0039032,RB,anytime_td,0.117,0.0,0.0,0.0,0.0,1.0
2026_05_HOU_TEN,TEN,HOU,Tyjae Spears,00-0039032,RB,first_td,0.029,0.029,0.029,0.029,0.029,0.029
2026_05_HOU_TEN,HOU,TEN,C.J. Stroud,00-0039163,QB,att,29.864,20.0,25.0,31.0,36.0,40.0
2026_05_HOU_TEN,HOU,TEN,C.J. Stroud,00-0039163,QB,cmp,19.713,12.0,16.0,20.0,24.0,28.0
2026_05_HOU_TEN,HOU,TEN,C.J. Stroud,00-0039163,QB,pass_yds,223.542,126.96,173.665,222.775,275.081,325.995
2026_05_HOU_TEN,HOU,TEN,C.J. Stroud,00-0039163,QB,pass_td,1.529,0.0,1.0,1.0,2.0,3.0
2026_05_HOU_TEN,HOU,TEN,C.J. Stroud,00-0039163,QB,ints,0.503,0.0,0.0,0.0,1.0,1.0
2026_05_HOU_TEN,HOU,TEN,C.J. Stroud,00-0039163,QB,car,3.136,1.0,1.0,3.0,4.0,6.0
2026_05_HOU_TEN,HOU,TEN,C.J. Stroud,00-0039163,QB,rush_yds,12.413,-1.0,0.069,8.141,19.263,32.443
2026_05_HOU_TEN,HOU,TEN,C.J. Stroud,00-0039163,QB,tgt,0.001,0.0,0.0,0.0,0.0,0.0
2026_05_HOU_TEN,HOU,TEN,C.J. Stroud,00-0039163,QB,rec,0.001,0.0,0.0,0.0,0.0,0.0
2026_05_HOU_TEN,HOU,TEN,C.J. Stroud,00-0039163,QB,rec_yds,0.006,0.0,0.0,0.0,0.0,0.0
2026_05_HOU_TEN,HOU,TEN,C.J. Stroud,00-0039163,QB,anytime_td,0.077,0.0,0.0,0.0,0.0,0.0
2026_05_HOU_TEN,HOU,TEN,C.J. Stroud,00-0039163,QB,first_td,0.019,0.019,0.019,0.019,0.019,0.019
2026_05_HOU_TEN,HOU,TEN,Brevin Jordan,00-0036556,TE,car,0.004,0.0,0.0,0.0,0.0,0.0
2026_05_HOU_TEN,HOU,TEN,Brevin Jordan,00-0036556,TE,rush_yds,0.008,0.0,0.0,0.0,0.0,0.0
2026_05_HOU_TEN,HOU,TEN,Brevin Jordan,00-0036556,TE,tgt,1.155,0.0,0.0,1.0,2.0,3.0
2026_05_HOU_TEN,HOU,TEN,Brevin Jordan,00-0036556,TE,rec,0.856,0.0,0.0,1.0,1.0,2.0
2026_05_HOU_TEN,HOU,TEN,Brevin Jordan,00-0036556,TE,rec_yds,8.711,0.0,0.0,1.807,13.126,26.428
2026_05_HOU_TEN,HOU,TEN,Brevin Jordan,00-0036556,TE,anytime_td,0.052,0.0,0.0,0.0,0.0,0.0
2026_05_HOU_TEN,HOU,TEN,Brevin Jordan,00-0036556,TE,first_td,0.013,0.013,0.013,0.013,0.013,0.013
2026_05_HOU_TEN,HOU,TEN,Jaylin Noel,00-0040138,WR,car,0.679,0.0,0.0,0.0,1.0,2.0
2026_05_HOU_TEN,HOU,TEN,Jaylin Noel,00-0040138,WR,rush_yds,3.762,0.0,0.0,0.0,0.0,13.351
2026_05_HOU_TEN,HOU,TEN,Jaylin Noel,00-0040138,WR,tgt,2.096,0.0,1.0,2.0,3.0,5.0
2026_05_HOU_TEN,HOU,TEN,Jaylin Noel,00-0040138,WR,rec,1.386,0.0,0.0,1.0,2.0,3.0
2026_05_HOU_TEN,HOU,TEN,Jaylin Noel,00-0040138,WR,rec_yds,19.774,0.0,0.0,11.504,29.975,53.083
2026_05_HOU_TEN,HOU,TEN,Jaylin Noel,00-0040138,WR,anytime_td,0.103,0.0,0.0,0.0,0.0,1.0
2026_05_HOU_TEN,HOU,TEN,Jaylin Noel,00-0040138,WR,first_td,0.026,0.026,0.026,0.026,0.026,0.026
2026_05_HOU_TEN,HOU,TEN,Nico Collins,00-0036554,WR,car,0.258,0.0,0.0,0.0,0.0,1.0
2026_05_HOU_TEN,HOU,TEN,Nico Collins,00-0036554,WR,rush_yds,1.451,0.0,0.0,0.0,0.0,0.969
2026_05_HOU_TEN,HOU,TEN,Nico Collins,00-0036554,WR,tgt,6.701,3.0,4.0,6.0,9.0,11.0
2026_05_HOU_TEN,HOU,TEN,Nico Collins,00-0036554,WR,rec,4.502,2.0,3.0,4.0,6.0,8.0
2026_05_HOU_TEN,HOU,TEN,Nico Collins,00-0036554,WR,rec_yds,59.876,14.465,29.873,53.356,81.933,113.214
2026_05_HOU_TEN,HOU,TEN,Nico Collins,00-0036554,WR,anytime_td,0.365,0.0,0.0,0.0,1.0,1.0
2026_05_HOU_TEN,HOU,TEN,Nico Collins,00-0036554,WR,first_td,0.106,0.106,0.106,0.106,0.106,0.106
2026_05_HOU_TEN,HOU,TEN,Foster Moreau,00-0034981,TE,car,0.002,0.0,0.0,0.0,0.0,0.0
2026_05_HOU_TEN,HOU,TEN,Foster Moreau,00-0034981,TE,rush_yds,0.003,0.0,0.0,0.0,0.0,0.0
2026_05_HOU_TEN,HOU,TEN,Foster Moreau,00-0034981,TE,tgt,1.598,0.0,0.0,1.0,2.0,4.0
2026_05_HOU_TEN,HOU,TEN,Foster Moreau,00-0034981,TE,rec,1.182,0.0,0.0,1.0,2.0,3.0
2026_05_HOU_TEN,HOU,TEN,Foster Moreau,00-0034981,TE,rec_yds,11.427,0.0,0.0,6.212,17.958,31.441
2026_05_HOU_TEN,HOU,TEN,Foster Moreau,00-0034981,TE,anytime_td,0.128,0.0,0.0,0.0,0.0,1.0
2026_05_HOU_TEN,HOU,TEN,Foster Moreau,00-0034981,TE,first_td,0.033,0.033,0.033,0.033,0.033,0.033
2026_05_HOU_TEN,HOU,TEN,David Montgomery,00-0035685,RB,car,11.652,5.0,7.0,11.0,15.0,19.0
2026_05_HOU_TEN,HOU,TEN,David Montgomery,00-0035685,RB,rush_yds,44.79,12.542,22.869,38.826,60.375,85.184
2026_05_HOU_TEN,HOU,TEN,David Montgomery,00-0035685,RB,tgt,1.222,0.0,0.0,1.0,2.0,3.0
2026_05_HOU_TEN,HOU,TEN,David Montgomery,00-0035685,RB,rec,1.017,0.0,0.0,1.0,2.0,3.0
2026_05_HOU_TEN,HOU,TEN,David Montgomery,00-0035685,RB,rec_yds,7.377,0.0,0.0,1.886,10.641,22.081
2026_05_HOU_TEN,HOU,TEN,David Montgomery,00-0035685,RB,anytime_td,0.368,0.0,0.0,0.0,1.0,1.0
2026_05_HOU_TEN,HOU,TEN,David Montgomery,00-0035685,RB,first_td,0.109,0.109,0.109,0.109,0.109,0.109
2026_05_HOU_TEN,HOU,TEN,Dare Ogunbowale,00-0033854,RB,car,1.205,0.0,0.0,0.0,2.0,4.0
2026_05_HOU_TEN,HOU,TEN,Dare Ogunbowale,00-0033854,RB,rush_yds,5.068,0.0,0.0,0.0,5.83,16.464
2026_05_HOU_TEN,HOU,TEN,Dare Ogunbowale,00-0033854,RB,tgt,0.837,0.0,0.0,0.0,1.0,2.0
2026_05_HOU_TEN,HOU,TEN,Dare Ogunbowale,00-0033854,RB,rec,0.665,0.0,0.0,0.0,1.0,2.0
2026_05_HOU_TEN,HOU,TEN,Dare Ogunbowale,00-0033854,RB,rec_yds,4.78,0.0,0.0,0.0,6.44,15.83
2026_05_HOU_TEN,HOU,TEN,Dare Ogunbowale,00-0033854,RB,anytime_td,0.094,0.0,0.0,0.0,0.0,0.0
2026_05_HOU_TEN,HOU,TEN,Dare Ogunbowale,00-0033854,RB,first_td,0.024,0.024,0.024,0.024,0.024,0.024
2026_05_HOU_TEN,HOU,TEN,Jared Wayne,00-0038728,WR,car,0.01,0.0,0.0,0.0,0.0,0.0
2026_05_HOU_TEN,HOU,TEN,Jared Wayne,00-0038728,WR,rush_yds,0.045,0.0,0.0,0.0,0.0,0.0
2026_05_HOU_TEN,HOU,TEN,Jared Wayne,00-0038728,WR,tgt,2.157,0.0,1.0,2.0,3.0,5.0
2026_05_HOU_TEN,HOU,TEN,Jared Wayne,00-0038728,WR,rec,1.278,0.0,0.0,1.0,2.0,3.0
2026_05_HOU_TEN,HOU,TEN,Jared Wayne,00-0038728,WR,rec_yds,16.157,0.0,0.0,9.204,24.232,43.891
2026_05_HOU_TEN,HOU,TEN,Jared Wayne,00-0038728,WR,anytime_td,0.088,0.0,0.0,0.0,0.0,0.0
2026_05_HOU_TEN,HOU,TEN,Jared Wayne,00-0038728,WR,first_td,0.022,0.022,0.022,0.022,0.022,0.022
2026_05_HOU_TEN,HOU,TEN,Dalton Schultz,00-0034383,TE,car,0.004,0.0,0.0,0.0,0.0,0.0
2026_05_HOU_TEN,HOU,TEN,Dalton Schultz,00-0034383,TE,rush_yds,0.011,0.0,0.0,0.0,0.0,0.0
2026_05_HOU_TEN,HOU,TEN,Dalton Schultz,00-0034383,TE,tgt,4.653,1.0,3.0,4.0,6.0,8.0
2026_05_HOU_TEN,HOU,TEN,Dalton Schultz,00-0034383,TE,rec,3.6,1.0,2.0,3.0,5.0,7.0
2026_05_HOU_TEN,HOU,TEN,Dalton Schultz,00-0034383,TE,rec_yds,37.329,6.231,16.381,31.971,52.561,75.163
2026_05_HOU_TEN,HOU,TEN,Dalton Schultz,00-0034383,TE,anytime_td,0.185,0.0,0.0,0.0,0.0,1.0
2026_05_HOU_TEN,HOU,TEN,Dalton Schultz,00-0034383,TE,first_td,0.048,0.048,0.048,0.048,0.048,0.048
2026_05_HOU_TEN,HOU,TEN,Woody Marks,00-0040583,RB,car,10.165,4.0,6.0,9.0,13.0,18.0
2026_05_HOU_TEN,HOU,TEN,Woody Marks,00-0040583,RB,rush_yds,40.548,9.482,18.831,34.286,55.278,80.743
2026_05_HOU_TEN,HOU,TEN,Woody Marks,00-0040583,RB,tgt,1.693,0.0,0.0,1.0,3.0,4.0
2026_05_HOU_TEN,HOU,TEN,Woody Marks,00-0040583,RB,rec,1.336,0.0,0.0,1.0,2.0,3.0
2026_05_HOU_TEN,HOU,TEN,Woody Marks,00-0040583,RB,rec_yds,9.087,0.0,0.0,4.837,13.538,24.956
2026_05_HOU_TEN,HOU,TEN,Woody Marks,00-0040583,RB,anytime_td,0.346,0.0,0.0,0.0,1.0,1.0
2026_05_HOU_TEN,HOU,TEN,Woody Marks,00-0040583,RB,first_td,0.102,0.102,0.102,0.102,0.102,0.102
2026_05_HOU_TEN,HOU,TEN,Xavier Hutchinson,00-0038618,WR,car,0.404,0.0,0.0,0.0,0.0,1.0
2026_05_HOU_TEN,HOU,TEN,Xavier Hutchinson,00-0038618,WR,rush_yds,2.091,0.0,0.0,0.0,0.0,5.81
2026_05_HOU_TEN,HOU,TEN,Xavier Hutchinson,00-0038618,WR,tgt,4.695,2.0,3.0,4.0,6.0,8.0
2026_05_HOU_TEN,HOU,TEN,Xavier Hutchinson,00-0038618,WR,rec,2.716,1.0,1.0,2.0,4.0,5.0
2026_05_HOU_TEN,HOU,TEN,Xavier Hutchinson,00-0038618,WR,rec_yds,34.173,0.0,12.073,27.808,49.589,73.778
2026_05_HOU_TEN,HOU,TEN,Xavier Hutchinson,00-0038618,WR,anytime_td,0.166,0.0,0.0,0.0,0.0,1.0
2026_05_HOU_TEN,HOU,TEN,Xavier Hutchinson,00-0038618,WR,first_td,0.042,0.042,0.042,0.042,0.042,0.042
2026_05_HOU_TEN,HOU,TEN,Cade Stover,00-0039359,TE,car,0.231,0.0,0.0,0.0,0.0,1.0
2026_05_HOU_TEN,HOU,TEN,Cade Stover,00-0039359,TE,rush_yds,0.543,0.0,0.0,0.0,0.0,0.0
2026_05_HOU_TEN,HOU,TEN,Cade Stover,00-0039359,TE,tgt,0.841,0.0,0.0,0.0,1.0,2.0
2026_05_HOU_TEN,HOU,TEN,Cade Stover,00-0039359,TE,rec,0.628,0.0,0.0,0.0,1.0,2.0
2026_05_HOU_TEN,HOU,TEN,Cade Stover,00-0039359,TE,rec_yds,6.226,0.0,0.0,0.0,8.875,21.136
2026_05_HOU_TEN,HOU,TEN,Cade Stover,00-0039359,TE,anytime_td,0.038,0.0,0.0,0.0,0.0,0.0
2026_05_HOU_TEN,HOU,TEN,Cade Stover,00-0039359,TE,first_td,0.009,0.009,0.009,0.009,0.009,0.009
2026_05_HOU_TEN,HOU,TEN,Kayshon Boutte,00-0038608,WR,car,0.01,0.0,0.0,0.0,0.0,0.0
2026_05_HOU_TEN,HOU,TEN,Kayshon Boutte,00-0038608,WR,rush_yds,0.062,0.0,0.0,0.0,0.0,0.0
2026_05_HOU_TEN,HOU,TEN,Kayshon Boutte,00-0038608,WR,tgt,2.903,1.0,1.0,3.0,4.0,6.0
2026_05_HOU_TEN,HOU,TEN,Kayshon Boutte,00-0038608,WR,rec,1.902,0.0,1.0,2.0,3.0,4.0
2026_05_HOU_TEN,HOU,TEN,Kayshon Boutte,00-0038608,WR,rec_yds,24.039,0.0,4.809,16.946,36.108,57.756
2026_05_HOU_TEN,HOU,TEN,Kayshon Boutte,00-0038608,WR,anytime_td,0.129,0.0,0.0,0.0,0.0,1.0
2026_05_HOU_TEN,HOU,TEN,Kayshon Boutte,00-0038608,WR,first_td,0.033,0.033,0.033,0.033,0.033,0.033
2026_05_IND_PIT,PIT,IND,Germie Bernard,00-0041489,WR,car,0.023,0.0,0.0,0.0,0.0,0.0
2026_05_IND_PIT,PIT,IND,Germie Bernard,00-0041489,WR,rush_yds,0.118,0.0,0.0,0.0,0.0,0.0
2026_05_IND_PIT,PIT,IND,Germie Bernard,00-0041489,WR,tgt,3.039,1.0,1.0,3.0,4.0,6.0
2026_05_IND_PIT,PIT,IND,Germie Bernard,00-0041489,WR,rec,1.939,0.0,1.0,2.0,3.0,4.0
2026_05_IND_PIT,PIT,IND,Germie Bernard,00-0041489,WR,rec_yds,23.103,0.0,4.689,16.89,34.181,55.515
2026_05_IND_PIT,PIT,IND,Germie Bernard,00-0041489,WR,anytime_td,0.1,0.0,0.0,0.0,0.0,0.0
2026_05_IND_PIT,PIT,IND,Germie Bernard,00-0041489,WR,first_td,0.025,0.025,0.025,0.025,0.025,0.025
2026_05_IND_PIT,PIT,IND,Aaron Rodgers,00-0023459,QB,att,33.081,22.0,29.0,34.0,39.0,44.0
2026_05_IND_PIT,PIT,IND,Aaron Rodgers,00-0023459,QB,cmp,20.689,13.0,17.0,21.0,25.0,28.0
2026_05_IND_PIT,PIT,IND,Aaron Rodgers,00-0023459,QB,pass_yds,236.945,138.916,186.458,236.709,290.361,343.364
2026_05_IND_PIT,PIT,IND,Aaron Rodgers,00-0023459,QB,pass_td,1.644,0.0,1.0,2.0,2.0,3.0
2026_05_IND_PIT,PIT,IND,Aaron Rodgers,00-0023459,QB,ints,0.674,0.0,0.0,0.0,1.0,2.0
2026_05_IND_PIT,PIT,IND,Aaron Rodgers,00-0023459,QB,car,1.766,0.0,1.0,1.0,3.0,4.0
2026_05_IND_PIT,PIT,IND,Aaron Rodgers,00-0023459,QB,rush_yds,5.656,-2.0,-1.0,0.0,9.031,19.087
2026_05_IND_PIT,PIT,IND,Aaron Rodgers,00-0023459,QB,tgt,0.0,0.0,0.0,0.0,0.0,0.0
2026_05_IND_PIT,PIT,IND,Aaron Rodgers,00-0023459,QB,rec,0.0,0.0,0.0,0.0,0.0,0.0
2026_05_IND_PIT,PIT,IND,Aaron Rodgers,00-0023459,QB,rec_yds,0.002,0.0,0.0,0.0,0.0,0.0
2026_05_IND_PIT,PIT,IND,Aaron Rodgers,00-0023459,QB,anytime_td,0.022,0.0,0.0,0.0,0.0,0.0
2026_05_IND_PIT,PIT,IND,Aaron Rodgers,00-0023459,QB,first_td,0.005,0.005,0.005,0.005,0.005,0.005
2026_05_IND_PIT,PIT,IND,Darnell Washington,00-0038558,TE,car,0.002,0.0,0.0,0.0,0.0,0.0
2026_05_IND_PIT,PIT,IND,Darnell Washington,00-0038558,TE,rush_yds,0.005,0.0,0.0,0.0,0.0,0.0
2026_05_IND_PIT,PIT,IND,Darnell Washington,00-0038558,TE,tgt,3.332,1.0,2.0,3.0,5.0,6.0
2026_05_IND_PIT,PIT,IND,Darnell Washington,00-0038558,TE,rec,2.387,0.0,1.0,2.0,3.0,5.0
2026_05_IND_PIT,PIT,IND,Darnell Washington,00-0038558,TE,rec_yds,26.284,0.0,7.519,20.331,38.676,59.551
2026_05_IND_PIT,PIT,IND,Darnell Washington,00-0038558,TE,anytime_td,0.152,0.0,0.0,0.0,0.0,1.0
2026_05_IND_PIT,PIT,IND,Darnell Washington,00-0038558,TE,first_td,0.039,0.039,0.039,0.039,0.039,0.039
2026_05_IND_PIT,PIT,IND,DK Metcalf,00-0035640,WR,car,0.07,0.0,0.0,0.0,0.0,0.0
2026_05_IND_PIT,PIT,IND,DK Metcalf,00-0035640,WR,rush_yds,0.376,0.0,0.0,0.0,0.0,0.0
2026_05_IND_PIT,PIT,IND,DK Metcalf,00-0035640,WR,tgt,7.687,3.0,5.0,7.0,10.0,12.0
2026_05_IND_PIT,PIT,IND,DK Metcalf,00-0035640,WR,rec,4.452,2.0,3.0,4.0,6.0,8.0
2026_05_IND_PIT,PIT,IND,DK Metcalf,00-0035640,WR,rec_yds,58.965,14.064,28.826,52.139,81.623,112.723
2026_05_IND_PIT,PIT,IND,DK Metcalf,00-0035640,WR,anytime_td,0.28,0.0,0.0,0.0,1.0,1.0
2026_05_IND_PIT,PIT,IND,DK Metcalf,00-0035640,WR,first_td,0.077,0.077,0.077,0.077,0.077,0.077
2026_05_IND_PIT,PIT,IND,Roman Wilson,00-0039739,WR,car,0.014,0.0,0.0,0.0,0.0,0.0
2026_05_IND_PIT,PIT,IND,Roman Wilson,00-0039739,WR,rush_yds,0.077,0.0,0.0,0.0,0.0,0.0
2026_05_IND_PIT,PIT,IND,Roman Wilson,00-0039739,WR,tgt,4.742,2.0,3.0,4.0,6.0,8.0
2026_05_IND_PIT,PIT,IND,Roman Wilson,00-0039739,WR,rec,2.897,1.0,1.0,3.0,4.0,6.0
2026_05_IND_PIT,PIT,IND,Roman Wilson,00-0039739,WR,rec_yds,38.261,2.352,13.876,31.264,55.222,81.799
2026_05_IND_PIT,PIT,IND,Roman Wilson,00-0039739,WR,anytime_td,0.214,0.0,0.0,0.0,0.0,1.0
2026_05_IND_PIT,PIT,IND,Roman Wilson,00-0039739,WR,first_td,0.056,0.056,0.056,0.056,0.056,0.056
2026_05_IND_PIT,PIT,IND,Michael Pittman,00-0036252,WR,car,0.016,0.0,0.0,0.0,0.0,0.0
2026_05_IND_PIT,PIT,IND,Michael Pittman,00-0036252,WR,rush_yds,0.09,0.0,0.0,0.0,0.0,0.0
2026_05_IND_PIT,PIT,IND,Michael Pittman,00-0036252,WR,tgt,4.717,1.0,3.0,4.0,6.0,8.0
2026_05_IND_PIT,PIT,IND,Michael Pittman,00-0036252,WR,rec,2.954,1.0,2.0,3.0,4.0,6.0
2026_05_IND_PIT,PIT,IND,Michael Pittman,00-0036252,WR,rec_yds,35.791,2.76,13.353,29.369,51.882,76.621
2026_05_IND_PIT,PIT,IND,Michael Pittman,00-0036252,WR,anytime_td,0.154,0.0,0.0,0.0,0.0,1.0
2026_05_IND_PIT,PIT,IND,Michael Pittman,00-0036252,WR,first_td,0.039,0.039,0.039,0.039,0.039,0.039
2026_05_IND_PIT,PIT,IND,Pat Freiermuth,00-0036894,TE,car,0.388,0.0,0.0,0.0,0.0,1.0
2026_05_IND_PIT,PIT,IND,Pat Freiermuth,00-0036894,TE,rush_yds,0.86,0.0,0.0,0.0,0.0,2.466
2026_05_IND_PIT,PIT,IND,Pat Freiermuth,00-0036894,TE,tgt,4.313,1.0,2.0,4.0,6.0,8.0
2026_05_IND_PIT,PIT,IND,Pat Freiermuth,00-0036894,TE,rec,3.064,1.0,2.0,3.0,4.0,6.0
2026_05_IND_PIT,PIT,IND,Pat Freiermuth,00-0036894,TE,rec_yds,30.996,2.688,11.71,25.693,44.518,65.538
2026_05_IND_PIT,PIT,IND,Pat Freiermuth,00-0036894,TE,anytime_td,0.254,0.0,0.0,0.0,1.0,1.0
2026_05_IND_PIT,PIT,IND,Pat Freiermuth,00-0036894,TE,first_td,0.068,0.068,0.068,0.068,0.068,0.068
2026_05_IND_PIT,PIT,IND,Riley Nowakowski,00-0041398,RB,car,0.548,0.0,0.0,0.0,1.0,2.0
2026_05_IND_PIT,PIT,IND,Riley Nowakowski,00-0041398,RB,rush_yds,2.144,0.0,0.0,0.0,0.0,6.858
2026_05_IND_PIT,PIT,IND,Riley Nowakowski,00-0041398,RB,tgt,0.11,0.0,0.0,0.0,0.0,0.0
2026_05_IND_PIT,PIT,IND,Riley Nowakowski,00-0041398,RB,rec,0.086,0.0,0.0,0.0,0.0,0.0
2026_05_IND_PIT,PIT,IND,Riley Nowakowski,00-0041398,RB,rec_yds,0.658,0.0,0.0,0.0,0.0,0.0
2026_05_IND_PIT,PIT,IND,Riley Nowakowski,00-0041398,RB,anytime_td,0.016,0.0,0.0,0.0,0.0,0.0
2026_05_IND_PIT,PIT,IND,Riley Nowakowski,00-0041398,RB,first_td,0.004,0.004,0.004,0.004,0.004,0.004
2026_05_IND_PIT,PIT,IND,Travis Homer,00-0035594,RB,car,2.167,0.0,0.0,1.0,3.0,6.0
2026_05_IND_PIT,PIT,IND,Travis Homer,00-0035594,RB,rush_yds,8.372,0.0,0.0,3.39,11.746,24.102
2026_05_IND_PIT,PIT,IND,Travis Homer,00-0035594,RB,tgt,0.164,0.0,0.0,0.0,0.0,1.0
2026_05_IND_PIT,PIT,IND,Travis Homer,00-0035594,RB,rec,0.128,0.0,0.0,0.0,0.0,0.0
2026_05_IND_PIT,PIT,IND,Travis Homer,00-0035594,RB,rec_yds,1.016,0.0,0.0,0.0,0.0,0.0
2026_05_IND_PIT,PIT,IND,Travis Homer,00-0035594,RB,anytime_td,0.081,0.0,0.0,0.0,0.0,0.0
2026_05_IND_PIT,PIT,IND,Travis Homer,00-0035594,RB,first_td,0.02,0.02,0.02,0.02,0.02,0.02
2026_05_IND_PIT,PIT,IND,Jaylen Warren,00-0037228,RB,car,16.967,9.0,12.0,17.0,21.0,25.0
2026_05_IND_PIT,PIT,IND,Jaylen Warren,00-0037228,RB,rush_yds,74.687,29.045,45.036,68.417,96.713,129.733
2026_05_IND_PIT,PIT,IND,Jaylen Warren,00-0037228,RB,tgt,4.016,1.0,2.0,4.0,5.0,8.0
2026_05_IND_PIT,PIT,IND,Jaylen Warren,00-0037228,RB,rec,3.021,1.0,1.0,3.0,4.0,6.0
2026_05_IND_PIT,PIT,IND,Jaylen Warren,00-0037228,RB,rec_yds,25.155,0.0,8.005,19.511,36.172,56.299
2026_05_IND_PIT,PIT,IND,Jaylen Warren,00-0037228,RB,anytime_td,0.445,0.0,0.0,0.0,1.0,1.0
2026_05_IND_PIT,PIT,IND,Jaylen Warren,00-0037228,RB,first_td,0.137,0.137,0.137,0.137,0.137,0.137
2026_05_IND_PIT,PIT,IND,Lew Nichols III,00-0038409,RB,car,2.076,0.0,0.0,1.0,3.0,6.0
2026_05_IND_PIT,PIT,IND,Lew Nichols III,00-0038409,RB,rush_yds,8.155,0.0,0.0,3.067,11.26,23.96
2026_05_IND_PIT,PIT,IND,Lew Nichols III,00-0038409,RB,tgt,0.315,0.0,0.0,0.0,0.0,1.0
2026_05_IND_PIT,PIT,IND,Lew Nichols III,00-0038409,RB,rec,0.246,0.0,0.0,0.0,0.0,1.0
2026_05_IND_PIT,PIT,IND,Lew Nichols III,00-0038409,RB,rec_yds,1.788,0.0,0.0,0.0,0.0,6.314
2026_05_IND_PIT,PIT,IND,Lew Nichols III,00-0038409,RB,anytime_td,0.096,0.0,0.0,0.0,0.0,0.0
2026_05_IND_PIT,PIT,IND,Lew Nichols III,00-0038409,RB,first_td,0.024,0.024,0.024,0.024,0.024,0.024
2026_05_IND_PIT,PIT,IND,Ben Skowronek,00-0036862,WR,car,0.013,0.0,0.0,0.0,0.0,0.0
2026_05_IND_PIT,PIT,IND,Ben Skowronek,00-0036862,WR,rush_yds,0.073,0.0,0.0,0.0,0.0,0.0
2026_05_IND_PIT,PIT,IND,Ben Skowronek,00-0036862,WR,tgt,1.069,0.0,0.0,1.0,2.0,3.0
2026_05_IND_PIT,PIT,IND,Ben Skowronek,00-0036862,WR,rec,0.683,0.0,0.0,0.0,1.0,2.0
2026_05_IND_PIT,PIT,IND,Ben Skowronek,00-0036862,WR,rec_yds,8.537,0.0,0.0,0.0,12.199,27.437
2026_05_IND_PIT,PIT,IND,Ben Skowronek,00-0036862,WR,anytime_td,0.066,0.0,0.0,0.0,0.0,0.0
2026_05_IND_PIT,PIT,IND,Ben Skowronek,00-0036862,WR,first_td,0.017,0.017,0.017,0.017,0.017,0.017
2026_05_IND_PIT,IND,PIT,Ashton Dulin,00-0035021,WR,car,0.122,0.0,0.0,0.0,0.0,0.0
2026_05_IND_PIT,IND,PIT,Ashton Dulin,00-0035021,WR,rush_yds,0.701,0.0,0.0,0.0,0.0,0.0
2026_05_IND_PIT,IND,PIT,Ashton Dulin,00-0035021,WR,tgt,2.883,0.0,1.0,3.0,4.0,6.0
2026_05_IND_PIT,IND,PIT,Ashton Dulin,00-0035021,WR,rec,1.684,0.0,1.0,1.0,2.0,4.0
2026_05_IND_PIT,IND,PIT,Ashton Dulin,00-0035021,WR,rec_yds,22.277,0.0,1.084,15.212,33.371,55.853
2026_05_IND_PIT,IND,PIT,Ashton Dulin,00-0035021,WR,anytime_td,0.06,0.0,0.0,0.0,0.0,0.0
2026_05_IND_PIT,IND,PIT,Ashton Dulin,00-0035021,WR,first_td,0.016,0.016,0.016,0.016,0.016,0.016
2026_05_IND_PIT,IND,PIT,Laquon Treadwell,00-0032951,WR,car,0.009,0.0,0.0,0.0,0.0,0.0
2026_05_IND_PIT,IND,PIT,Laquon Treadwell,00-0032951,WR,rush_yds,0.05,0.0,0.0,0.0,0.0,0.0
2026_05_IND_PIT,IND,PIT,Laquon Treadwell,00-0032951,WR,tgt,2.885,0.0,1.0,3.0,4.0,6.0
2026_05_IND_PIT,IND,PIT,Laquon Treadwell,00-0032951,WR,rec,1.905,0.0,1.0,2.0,3.0,4.0
2026_05_IND_PIT,IND,PIT,Laquon Treadwell,00-0032951,WR,rec_yds,25.264,0.0,5.169,18.285,37.307,61.859
2026_05_IND_PIT,IND,PIT,Laquon Treadwell,00-0032951,WR,anytime_td,0.057,0.0,0.0,0.0,0.0,0.0
2026_05_IND_PIT,IND,PIT,Laquon Treadwell,00-0032951,WR,first_td,0.015,0.015,0.015,0.015,0.015,0.015
2026_05_IND_PIT,IND,PIT,Deion Burks,00-0041132,WR,car,0.428,0.0,0.0,0.0,0.0,1.0
2026_05_IND_PIT,IND,PIT,Deion Burks,00-0041132,WR,rush_yds,2.264,0.0,0.0,0.0,0.0,7.072
2026_05_IND_PIT,IND,PIT,Deion Burks,00-0041132,WR,tgt,1.197,0.0,0.0,1.0,2.0,3.0
2026_05_IND_PIT,IND,PIT,Deion Burks,00-0041132,WR,rec,0.734,0.0,0.0,0.0,1.0,2.0
2026_05_IND_PIT,IND,PIT,Deion Burks,00-0041132,WR,rec_yds,9.493,0.0,0.0,0.0,13.694,30.056
2026_05_IND_PIT,IND,PIT,Deion Burks,00-0041132,WR,anytime_td,0.039,0.0,0.0,0.0,0.0,0.0
2026_05_IND_PIT,IND,PIT,Deion Burks,00-0041132,WR,first_td,0.01,0.01,0.01,0.01,0.01,0.01
2026_05_IND_PIT,IND,PIT,Daniel Jones,00-0035710,QB,att,31.186,21.0,27.0,32.0,37.0,42.0
2026_05_IND_PIT,IND,PIT,Daniel Jones,00-0035710,QB,cmp,20.075,13.0,17.0,20.0,24.0,28.0
2026_05_IND_PIT,IND,PIT,Daniel Jones,00-0035710,QB,pass_yds,213.715,122.658,165.872,212.308,262.548,312.173
2026_05_IND_PIT,IND,PIT,Daniel Jones,00-0035710,QB,pass_td,1.207,0.0,0.0,1.0,2.0,3.0
2026_05_IND_PIT,IND,PIT,Daniel Jones,00-0035710,QB,ints,0.793,0.0,0.0,1.0,1.0,2.0
2026_05_IND_PIT,IND,PIT,Daniel Jones,00-0035710,QB,car,3.025,0.0,1.0,3.0,4.0,6.0
2026_05_IND_PIT,IND,PIT,Daniel Jones,00-0035710,QB,rush_yds,12.006,-0.658,0.878,8.45,18.655,30.043
2026_05_IND_PIT,IND,PIT,Daniel Jones,00-0035710,QB,tgt,0.001,0.0,0.0,0.0,0.0,0.0
2026_05_IND_PIT,IND,PIT,Daniel Jones,00-0035710,QB,rec,0.001,0.0,0.0,0.0,0.0,0.0
2026_05_IND_PIT,IND,PIT,Daniel Jones,00-0035710,QB,rec_yds,0.003,0.0,0.0,0.0,0.0,0.0
2026_05_IND_PIT,IND,PIT,Daniel Jones,00-0035710,QB,anytime_td,0.193,0.0,0.0,0.0,0.0,1.0
2026_05_IND_PIT,IND,PIT,Daniel Jones,00-0035710,QB,first_td,0.057,0.057,0.057,0.057,0.057,0.057
2026_05_IND_PIT,IND,PIT,Jonathan Taylor,00-0036223,RB,car,18.376,10.0,14.0,18.0,22.0,27.0
2026_05_IND_PIT,IND,PIT,Jonathan Taylor,00-0036223,RB,rush_yds,75.659,32.173,47.934,70.002,96.868,126.897
2026_05_IND_PIT,IND,PIT,Jonathan Taylor,00-0036223,RB,tgt,4.482,1.0,3.0,4.0,6.0,8.0
2026_05_IND_PIT,IND,PIT,Jonathan Taylor,00-0036223,RB,rec,3.275,1.0,2.0,3.0,5.0,6.0
2026_05_IND_PIT,IND,PIT,Jonathan Taylor,00-0036223,RB,rec_yds,24.878,1.029,8.538,19.946,35.943,54.599
2026_05_IND_PIT,IND,PIT,Jonathan Taylor,00-0036223,RB,anytime_td,0.486,0.0,0.0,0.0,1.0,1.0
2026_05_IND_PIT,IND,PIT,Jonathan Taylor,00-0036223,RB,first_td,0.169,0.169,0.169,0.169,0.169,0.169
2026_05_IND_PIT,IND,PIT,Andrew Ogletree,00-0037292,TE,car,0.004,0.0,0.0,0.0,0.0,0.0
2026_05_IND_PIT,IND,PIT,Andrew Ogletree,00-0037292,TE,rush_yds,0.012,0.0,0.0,0.0,0.0,0.0
2026_05_IND_PIT,IND,PIT,Andrew Ogletree,00-0037292,TE,tgt,0.717,0.0,0.0,0.0,1.0,2.0
2026_05_IND_PIT,IND,PIT,Andrew Ogletree,00-0037292,TE,rec,0.488,0.0,0.0,0.0,1.0,2.0
2026_05_IND_PIT,IND,PIT,Andrew Ogletree,00-0037292,TE,rec_yds,5.145,0.0,0.0,0.0,6.513,18.173
2026_05_IND_PIT,IND,PIT,Andrew Ogletree,00-0037292,TE,anytime_td,0.019,0.0,0.0,0.0,0.0,0.0
2026_05_IND_PIT,IND,PIT,Andrew Ogletree,00-0037292,TE,first_td,0.005,0.005,0.005,0.005,0.005,0.005
2026_05_IND_PIT,IND,PIT,Tyler Warren,00-0040128,TE,car,0.337,0.0,0.0,0.0,0.0,1.0
2026_05_IND_PIT,IND,PIT,Tyler Warren,00-0040128,TE,rush_yds,0.801,0.0,0.0,0.0,0.0,1.873
2026_05_IND_PIT,IND,PIT,Tyler Warren,00-0040128,TE,tgt,8.364,4.0,6.0,8.0,11.0,13.0
2026_05_IND_PIT,IND,PIT,Tyler Warren,00-0040128,TE,rec,6.143,3.0,4.0,6.0,8.0,10.0
2026_05_IND_PIT,IND,PIT,Tyler Warren,00-0040128,TE,rec_yds,55.36,18.139,32.069,51.277,74.367,96.767
2026_05_IND_PIT,IND,PIT,Tyler Warren,00-0040128,TE,anytime_td,0.249,0.0,0.0,0.0,0.0,1.0
2026_05_IND_PIT,IND,PIT,Tyler Warren,00-0040128,TE,first_td,0.07,0.07,0.07,0.07,0.07,0.07
2026_05_IND_PIT,IND,PIT,Josh Downs,00-0038997,WR,car,0.08,0.0,0.0,0.0,0.0,0.0
2026_05_IND_PIT,IND,PIT,Josh Downs,00-0038997,WR,rush_yds,0.419,0.0,0.0,0.0,0.0,0.0
2026_05_IND_PIT,IND,PIT,Josh Downs,00-0038997,WR,tgt,8.236,4.0,6.0,8.0,10.0,13.0
2026_05_IND_PIT,IND,PIT,Josh Downs,00-0038997,WR,rec,5.05,2.0,3.0,5.0,7.0,9.0
2026_05_IND_PIT,IND,PIT,Josh Downs,00-0038997,WR,rec_yds,63.73,17.418,33.273,57.713,86.346,118.899
2026_05_IND_PIT,IND,PIT,Josh Downs,00-0038997,WR,anytime_td,0.162,0.0,0.0,0.0,0.0,1.0
2026_05_IND_PIT,IND,PIT,Josh Downs,00-0038997,WR,first_td,0.045,0.045,0.045,0.045,0.045,0.045
2026_05_IND_PIT,IND,PIT,Mo Alie-Cox,00-0033217,TE,car,0.002,0.0,0.0,0.0,0.0,0.0
2026_05_IND_PIT,IND,PIT,Mo Alie-Cox,00-0033217,TE,rush_yds,0.005,0.0,0.0,0.0,0.0,0.0
2026_05_IND_PIT,IND,PIT,Mo Alie-Cox,00-0033217,TE,tgt,1.006,0.0,0.0,1.0,2.0,3.0
2026_05_IND_PIT,IND,PIT,Mo Alie-Cox,00-0033217,TE,rec,0.709,0.0,0.0,0.0,1.0,2.0
2026_05_IND_PIT,IND,PIT,Mo Alie-Cox,00-0033217,TE,rec_yds,7.535,0.0,0.0,0.0,11.249,24.368
2026_05_IND_PIT,IND,PIT,Mo Alie-Cox,00-0033217,TE,anytime_td,0.034,0.0,0.0,0.0,0.0,0.0
2026_05_IND_PIT,IND,PIT,Mo Alie-Cox,00-0033217,TE,first_td,0.009,0.009,0.009,0.009,0.009,0.009
2026_05_IND_PIT,IND,PIT,Seth McGowan,00-0041125,RB,car,3.012,0.0,1.0,2.0,4.0,7.0
2026_05_IND_PIT,IND,PIT,Seth McGowan,00-0041125,RB,rush_yds,12.395,0.0,0.0,6.97,17.82,32.928
2026_05_IND_PIT,IND,PIT,Seth McGowan,00-0041125,RB,tgt,1.065,0.0,0.0,1.0,2.0,3.0
2026_05_IND_PIT,IND,PIT,Seth McGowan,00-0041125,RB,rec,0.804,0.0,0.0,0.0,1.0,2.0
2026_05_IND_PIT,IND,PIT,Seth McGowan,00-0041125,RB,rec_yds,6.051,0.0,0.0,0.0,8.78,19.079
2026_05_IND_PIT,IND,PIT,Seth McGowan,00-0041125,RB,anytime_td,0.12,0.0,0.0,0.0,0.0,1.0
2026_05_IND_PIT,IND,PIT,Seth McGowan,00-0041125,RB,first_td,0.033,0.033,0.033,0.033,0.033,0.033
2026_05_IND_PIT,IND,PIT,Nick Westbrook-Ikhine,00-0036182,WR,car,0.015,0.0,0.0,0.0,0.0,0.0
2026_05_IND_PIT,IND,PIT,Nick Westbrook-Ikhine,00-0036182,WR,rush_yds,0.087,0.0,0.0,0.0,0.0,0.0
2026_05_IND_PIT,IND,PIT,Nick Westbrook-Ikhine,00-0036182,WR,tgt,0.922,0.0,0.0,1.0,1.0,3.0
2026_05_IND_PIT,IND,PIT,Nick Westbrook-Ikhine,00-0036182,WR,rec,0.567,0.0,0.0,0.0,1.0,2.0
2026_05_IND_PIT,IND,PIT,Nick Westbrook-Ikhine,00-0036182,WR,rec_yds,7.507,0.0,0.0,0.0,10.1,25.061
2026_05_IND_PIT,IND,PIT,Nick Westbrook-Ikhine,00-0036182,WR,anytime_td,0.022,0.0,0.0,0.0,0.0,0.0
2026_05_IND_PIT,IND,PIT,Nick Westbrook-Ikhine,00-0036182,WR,first_td,0.006,0.006,0.006,0.006,0.006,0.006
2026_05_LV_NE,NE,LV,Mack Hollins,00-0033555,WR,car,0.016,0.0,0.0,0.0,0.0,0.0
2026_05_LV_NE,NE,LV,Mack Hollins,00-0033555,WR,rush_yds,0.075,0.0,0.0,0.0,0.0,0.0
2026_05_LV_NE,NE,LV,Mack Hollins,00-0033555,WR,tgt,5.132,2.0,3.0,5.0,7.0,9.0
2026_05_LV_NE,NE,LV,Mack Hollins,00-0033555,WR,rec,3.385,1.0,2.0,3.0,5.0,6.0
2026_05_LV_NE,NE,LV,Mack Hollins,00-0033555,WR,rec_yds,45.58,6.28,18.692,38.822,65.155,93.106
2026_05_LV_NE,NE,LV,Mack Hollins,00-0033555,WR,anytime_td,0.181,0.0,0.0,0.0,0.0,1.0
2026_05_LV_NE,NE,LV,Mack Hollins,00-0033555,WR,first_td,0.042,0.042,0.042,0.042,0.042,0.042
2026_05_LV_NE,NE,LV,Rhamondre Stevenson,00-0036875,RB,car,9.686,4.0,6.0,9.0,13.0,17.0
2026_05_LV_NE,NE,LV,Rhamondre Stevenson,00-0036875,RB,rush_yds,41.809,9.66,19.815,35.518,57.088,82.657
2026_05_LV_NE,NE,LV,Rhamondre Stevenson,00-0036875,RB,tgt,3.642,1.0,2.0,3.0,5.0,7.0
2026_05_LV_NE,NE,LV,Rhamondre Stevenson,00-0036875,RB,rec,2.821,1.0,1.0,3.0,4.0,5.0
2026_05_LV_NE,NE,LV,Rhamondre Stevenson,00-0036875,RB,rec_yds,21.789,0.0,6.556,17.304,31.934,48.664
2026_05_LV_NE,NE,LV,Rhamondre Stevenson,00-0036875,RB,anytime_td,0.387,0.0,0.0,0.0,1.0,1.0
2026_05_LV_NE,NE,LV,Rhamondre Stevenson,00-0036875,RB,first_td,0.102,0.102,0.102,0.102,0.102,0.102
2026_05_LV_NE,NE,LV,TreVeyon Henderson,00-0040734,RB,car,10.078,4.0,6.0,9.0,13.0,17.0
2026_05_LV_NE,NE,LV,TreVeyon Henderson,00-0040734,RB,rush_yds,43.308,10.372,20.852,36.791,58.88,84.67
2026_05_LV_NE,NE,LV,TreVeyon Henderson,00-0040734,RB,tgt,1.439,0.0,0.0,1.0,2.0,3.0
2026_05_LV_NE,NE,LV,TreVeyon Henderson,00-0040734,RB,rec,1.071,0.0,0.0,1.0,2.0,3.0
2026_05_LV_NE,NE,LV,TreVeyon Henderson,00-0040734,RB,rec_yds,8.045,0.0,0.0,2.837,11.961,23.555
2026_05_LV_NE,NE,LV,TreVeyon Henderson,00-0040734,RB,anytime_td,0.317,0.0,0.0,0.0,1.0,1.0
2026_05_LV_NE,NE,LV,TreVeyon Henderson,00-0040734,RB,first_td,0.079,0.079,0.079,0.079,0.079,0.079
2026_05_LV_NE,NE,LV,DeMario Douglas,00-0038621,WR,car,0.073,0.0,0.0,0.0,0.0,0.0
2026_05_LV_NE,NE,LV,DeMario Douglas,00-0038621,WR,rush_yds,0.406,0.0,0.0,0.0,0.0,0.0
2026_05_LV_NE,NE,LV,DeMario Douglas,00-0038621,WR,tgt,3.767,1.0,2.0,3.0,5.0,7.0
2026_05_LV_NE,NE,LV,DeMario Douglas,00-0038621,WR,rec,2.287,0.0,1.0,2.0,3.0,5.0
2026_05_LV_NE,NE,LV,DeMario Douglas,00-0038621,WR,rec_yds,28.407,0.0,7.863,21.857,41.76,64.206
2026_05_LV_NE,NE,LV,DeMario Douglas,00-0038621,WR,anytime_td,0.136,0.0,0.0,0.0,0.0,1.0
2026_05_LV_NE,NE,LV,DeMario Douglas,00-0038621,WR,first_td,0.03,0.03,0.03,0.03,0.03,0.03
2026_05_LV_NE,NE,LV,Drake Maye,00-0039851,QB,att,29.003,19.0,25.0,30.0,35.0,39.0
2026_05_LV_NE,NE,LV,Drake Maye,00-0039851,QB,cmp,18.761,12.0,15.0,19.0,23.0,26.0
2026_05_LV_NE,NE,LV,Drake Maye,00-0039851,QB,pass_yds,216.241,124.165,168.03,214.903,266.57,314.887
2026_05_LV_NE,NE,LV,Drake Maye,00-0039851,QB,pass_td,1.557,0.0,1.0,1.0,2.0,3.0
2026_05_LV_NE,NE,LV,Drake Maye,00-0039851,QB,ints,0.736,0.0,0.0,0.0,1.0,2.0
2026_05_LV_NE,NE,LV,Drake Maye,00-0039851,QB,car,4.961,2.0,3.0,5.0,7.0,9.0
2026_05_LV_NE,NE,LV,Drake Maye,00-0039851,QB,rush_yds,27.963,2.559,11.117,24.045,40.023,57.922
2026_05_LV_NE,NE,LV,Drake Maye,00-0039851,QB,tgt,0.0,0.0,0.0,0.0,0.0,0.0
2026_05_LV_NE,NE,LV,Drake Maye,00-0039851,QB,rec,0.0,0.0,0.0,0.0,0.0,0.0
2026_05_LV_NE,NE,LV,Drake Maye,00-0039851,QB,rec_yds,0.002,0.0,0.0,0.0,0.0,0.0
2026_05_LV_NE,NE,LV,Drake Maye,00-0039851,QB,anytime_td,0.212,0.0,0.0,0.0,0.0,1.0
2026_05_LV_NE,NE,LV,Drake Maye,00-0039851,QB,first_td,0.049,0.049,0.049,0.049,0.049,0.049
2026_05_LV_NE,NE,LV,Corey Kiner,00-0040556,RB,car,3.032,0.0,1.0,2.0,4.0,7.0
2026_05_LV_NE,NE,LV,Corey Kiner,00-0040556,RB,rush_yds,12.792,0.0,0.0,6.995,18.02,33.686
2026_05_LV_NE,NE,LV,Corey Kiner,00-0040556,RB,tgt,0.413,0.0,0.0,0.0,1.0,1.0
2026_05_LV_NE,NE,LV,Corey Kiner,00-0040556,RB,rec,0.318,0.0,0.0,0.0,0.0,1.0
2026_05_LV_NE,NE,LV,Corey Kiner,00-0040556,RB,rec_yds,2.452,0.0,0.0,0.0,0.0,8.797
2026_05_LV_NE,NE,LV,Corey Kiner,00-0040556,RB,anytime_td,0.096,0.0,0.0,0.0,0.0,0.0
2026_05_LV_NE,NE,LV,Corey Kiner,00-0040556,RB,first_td,0.021,0.021,0.021,0.021,0.021,0.021
2026_05_LV_NE,NE,LV,Efton Chism III,00-0040563,WR,car,0.007,0.0,0.0,0.0,0.0,0.0
2026_05_LV_NE,NE,LV,Efton Chism III,00-0040563,WR,rush_yds,0.039,0.0,0.0,0.0,0.0,0.0
2026_05_LV_NE,NE,LV,Efton Chism III,00-0040563,WR,tgt,1.922,0.0,1.0,2.0,3.0,4.0
2026_05_LV_NE,NE,LV,Efton Chism III,00-0040563,WR,rec,1.201,0.0,0.0,1.0,2.0,3.0
2026_05_LV_NE,NE,LV,Efton Chism III,00-0040563,WR,rec_yds,15.566,0.0,0.0,8.621,23.446,42.009
2026_05_LV_NE,NE,LV,Efton Chism III,00-0040563,WR,anytime_td,0.144,0.0,0.0,0.0,0.0,1.0
2026_05_LV_NE,NE,LV,Efton Chism III,00-0040563,WR,first_td,0.033,0.033,0.033,0.033,0.033,0.033
2026_05_LV_NE,NE,LV,Hunter Henry,00-0033090,TE,car,0.002,0.0,0.0,0.0,0.0,0.0
2026_05_LV_NE,NE,LV,Hunter Henry,00-0033090,TE,rush_yds,0.004,0.0,0.0,0.0,0.0,0.0
2026_05_LV_NE,NE,LV,Hunter Henry,00-0033090,TE,tgt,4.122,1.0,2.0,4.0,6.0,7.0
2026_05_LV_NE,NE,LV,Hunter Henry,00-0033090,TE,rec,3.015,1.0,1.0,3.0,4.0,6.0
2026_05_LV_NE,NE,LV,Hunter Henry,00-0033090,TE,rec_yds,32.868,3.248,12.6,27.7,46.677,69.107
2026_05_LV_NE,NE,LV,Hunter Henry,00-0033090,TE,anytime_td,0.165,0.0,0.0,0.0,0.0,1.0
2026_05_LV_NE,NE,LV,Hunter Henry,00-0033090,TE,first_td,0.037,0.037,0.037,0.037,0.037,0.037
2026_05_LV_NE,NE,LV,Kyle Williams,00-0040131,WR,car,0.034,0.0,0.0,0.0,0.0,0.0
2026_05_LV_NE,NE,LV,Kyle Williams,00-0040131,WR,rush_yds,0.2,0.0,0.0,0.0,0.0,0.0
2026_05_LV_NE,NE,LV,Kyle Williams,00-0040131,WR,tgt,1.866,0.0,1.0,2.0,3.0,4.0
2026_05_LV_NE,NE,LV,Kyle Williams,00-0040131,WR,rec,1.073,0.0,0.0,1.0,2.0,3.0
2026_05_LV_NE,NE,LV,Kyle Williams,00-0040131,WR,rec_yds,14.578,0.0,0.0,7.376,22.237,40.776
2026_05_LV_NE,NE,LV,Kyle Williams,00-0040131,WR,anytime_td,0.078,0.0,0.0,0.0,0.0,0.0
2026_05_LV_NE,NE,LV,Kyle Williams,00-0040131,WR,first_td,0.017,0.017,0.017,0.017,0.017,0.017
2026_05_LV_NE,NE,LV,Romeo Doubs,00-0037816,WR,car,0.007,0.0,0.0,0.0,0.0,0.0
2026_05_LV_NE,NE,LV,Romeo Doubs,00-0037816,WR,rush_yds,0.038,0.0,0.0,0.0,0.0,0.0
2026_05_LV_NE,NE,LV,Romeo Doubs,00-0037816,WR,tgt,5.329,2.0,3.0,5.0,7.0,9.0
2026_05_LV_NE,NE,LV,Romeo Doubs,00-0037816,WR,rec,3.383,1.0,2.0,3.0,5.0,6.0
2026_05_LV_NE,NE,LV,Romeo Doubs,00-0037816,WR,rec_yds,46.759,6.479,19.337,39.46,66.683,97.106
2026_05_LV_NE,NE,LV,Romeo Doubs,00-0037816,WR,anytime_td,0.298,0.0,0.0,0.0,1.0,1.0
2026_05_LV_NE,NE,LV,Romeo Doubs,00-0037816,WR,first_td,0.073,0.073,0.073,0.073,0.073,0.073
2026_05_LV_NE,NE,LV,Eli Raridon,00-0041395,TE,car,0.006,0.0,0.0,0.0,0.0,0.0
2026_05_LV_NE,NE,LV,Eli Raridon,00-0041395,TE,rush_yds,0.017,0.0,0.0,0.0,0.0,0.0
2026_05_LV_NE,NE,LV,Eli Raridon,00-0041395,TE,tgt,1.394,0.0,0.0,1.0,2.0,3.0
2026_05_LV_NE,NE,LV,Eli Raridon,00-0041395,TE,rec,0.987,0.0,0.0,1.0,2.0,3.0
2026_05_LV_NE,NE,LV,Eli Raridon,00-0041395,TE,rec_yds,10.699,0.0,0.0,4.516,16.201,30.992
2026_05_LV_NE,NE,LV,Eli Raridon,00-0041395,TE,anytime_td,0.144,0.0,0.0,0.0,0.0,1.0
2026_05_LV_NE,NE,LV,Eli Raridon,00-0041395,TE,first_td,0.034,0.034,0.034,0.034,0.034,0.034
2026_05_LV_NE,LV,NE,Cody White,00-0035891,WR,car,0.01,0.0,0.0,0.0,0.0,0.0
2026_05_LV_NE,LV,NE,Cody White,00-0035891,WR,rush_yds,0.05,0.0,0.0,0.0,0.0,0.0
2026_05_LV_NE,LV,NE,Cody White,00-0035891,WR,tgt,2.397,0.0,1.0,2.0,3.0,5.0
2026_05_LV_NE,LV,NE,Cody White,00-0035891,WR,rec,1.393,0.0,0.0,1.0,2.0,3.0
2026_05_LV_NE,LV,NE,Cody White,00-0035891,WR,rec_yds,18.166,0.0,0.0,11.203,27.457,47.981
2026_05_LV_NE,LV,NE,Cody White,00-0035891,WR,anytime_td,0.163,0.0,0.0,0.0,0.0,1.0
2026_05_LV_NE,LV,NE,Cody White,00-0035891,WR,first_td,0.035,0.035,0.035,0.035,0.035,0.035
2026_05_LV_NE,LV,NE,Brock Bowers,00-0039338,TE,car,0.064,0.0,0.0,0.0,0.0,0.0
2026_05_LV_NE,LV,NE,Brock Bowers,00-0039338,TE,rush_yds,0.151,0.0,0.0,0.0,0.0,0.0
2026_05_LV_NE,LV,NE,Brock Bowers,00-0039338,TE,tgt,7.935,4.0,5.0,8.0,10.0,13.0
2026_05_LV_NE,LV,NE,Brock Bowers,00-0039338,TE,rec,5.355,2.0,3.0,5.0,7.0,9.0
2026_05_LV_NE,LV,NE,Brock Bowers,00-0039338,TE,rec_yds,58.915,17.389,32.904,53.623,79.134,107.251
2026_05_LV_NE,LV,NE,Brock Bowers,00-0039338,TE,anytime_td,0.34,0.0,0.0,0.0,1.0,1.0
2026_05_LV_NE,LV,NE,Brock Bowers,00-0039338,TE,first_td,0.08,0.08,0.08,0.08,0.08,0.08
2026_05_LV_NE,LV,NE,Connor Heyward,00-0037304,RB,car,1.107,0.0,0.0,0.0,2.0,3.0
2026_05_LV_NE,LV,NE,Connor Heyward,00-0037304,RB,rush_yds,4.421,0.0,0.0,0.0,4.851,14.45
2026_05_LV_NE,LV,NE,Connor Heyward,00-0037304,RB,tgt,0.326,0.0,0.0,0.0,0.0,1.0
2026_05_LV_NE,LV,NE,Connor Heyward,00-0037304,RB,rec,0.246,0.0,0.0,0.0,0.0,1.0
2026_05_LV_NE,LV,NE,Connor Heyward,00-0037304,RB,rec_yds,1.824,0.0,0.0,0.0,0.0,6.855
2026_05_LV_NE,LV,NE,Connor Heyward,00-0037304,RB,anytime_td,0.05,0.0,0.0,0.0,0.0,0.0
2026_05_LV_NE,LV,NE,Connor Heyward,00-0037304,RB,first_td,0.01,0.01,0.01,0.01,0.01,0.01
2026_05_LV_NE,LV,NE,Malik Benson,00-0040894,WR,car,0.161,0.0,0.0,0.0,0.0,0.0
2026_05_LV_NE,LV,NE,Malik Benson,00-0040894,WR,rush_yds,0.866,0.0,0.0,0.0,0.0,0.0
2026_05_LV_NE,LV,NE,Malik Benson,00-0040894,WR,tgt,0.976,0.0,0.0,1.0,1.0,3.0
2026_05_LV_NE,LV,NE,Malik Benson,00-0040894,WR,rec,0.569,0.0,0.0,0.0,1.0,2.0
2026_05_LV_NE,LV,NE,Malik Benson,00-0040894,WR,rec_yds,7.06,0.0,0.0,0.0,9.518,23.008
2026_05_LV_NE,LV,NE,Malik Benson,00-0040894,WR,anytime_td,0.027,0.0,0.0,0.0,0.0,0.0
2026_05_LV_NE,LV,NE,Malik Benson,00-0040894,WR,first_td,0.005,0.005,0.005,0.005,0.005,0.005
2026_05_LV_NE,LV,NE,Kirk Cousins,00-0029604,QB,att,31.719,21.0,27.0,33.0,38.0,42.0
2026_05_LV_NE,LV,NE,Kirk Cousins,00-0029604,QB,cmp,20.122,13.0,17.0,20.0,24.0,28.0
2026_05_LV_NE,LV,NE,Kirk Cousins,00-0029604,QB,pass_yds,216.63,125.483,169.637,216.158,266.418,315.578
2026_05_LV_NE,LV,NE,Kirk Cousins,00-0029604,QB,pass_td,1.37,0.0,1.0,1.0,2.0,3.0
2026_05_LV_NE,LV,NE,Kirk Cousins,00-0029604,QB,ints,0.775,0.0,0.0,1.0,1.0,2.0
2026_05_LV_NE,LV,NE,Kirk Cousins,00-0029604,QB,car,1.833,0.0,1.0,1.0,3.0,4.0
2026_05_LV_NE,LV,NE,Kirk Cousins,00-0029604,QB,rush_yds,7.115,-1.0,0.0,2.839,11.411,22.097
2026_05_LV_NE,LV,NE,Kirk Cousins,00-0029604,QB,tgt,0.0,0.0,0.0,0.0,0.0,0.0
2026_05_LV_NE,LV,NE,Kirk Cousins,00-0029604,QB,rec,0.0,0.0,0.0,0.0,0.0,0.0
2026_05_LV_NE,LV,NE,Kirk Cousins,00-0029604,QB,rec_yds,0.003,0.0,0.0,0.0,0.0,0.0
2026_05_LV_NE,LV,NE,Kirk Cousins,00-0029604,QB,anytime_td,0.045,0.0,0.0,0.0,0.0,0.0
2026_05_LV_NE,LV,NE,Kirk Cousins,00-0029604,QB,first_td,0.009,0.009,0.009,0.009,0.009,0.009
2026_05_LV_NE,LV,NE,Tre Tucker,00-0038563,WR,car,0.221,0.0,0.0,0.0,0.0,1.0
2026_05_LV_NE,LV,NE,Tre Tucker,00-0038563,WR,rush_yds,1.18,0.0,0.0,0.0,0.0,0.0
2026_05_LV_NE,LV,NE,Tre Tucker,00-0038563,WR,tgt,5.497,2.0,3.0,5.0,7.0,9.0
2026_05_LV_NE,LV,NE,Tre Tucker,00-0038563,WR,rec,3.28,1.0,2.0,3.0,4.0,6.0
2026_05_LV_NE,LV,NE,Tre Tucker,00-0038563,WR,rec_yds,43.352,6.116,18.163,36.808,60.963,89.396
2026_05_LV_NE,LV,NE,Tre Tucker,00-0038563,WR,anytime_td,0.184,0.0,0.0,0.0,0.0,1.0
2026_05_LV_NE,LV,NE,Tre Tucker,00-0038563,WR,first_td,0.039,0.039,0.039,0.039,0.039,0.039
2026_05_LV_NE,LV,NE,Mike Washington Jr.,00-0040878,RB,car,4.953,1.0,2.0,4.0,7.0,10.0
2026_05_LV_NE,LV,NE,Mike Washington Jr.,00-0040878,RB,rush_yds,21.209,0.0,5.634,15.057,30.319,49.585
2026_05_LV_NE,LV,NE,Mike Washington Jr.,00-0040878,RB,tgt,0.78,0.0,0.0,0.0,1.0,2.0
2026_05_LV_NE,LV,NE,Mike Washington Jr.,00-0040878,RB,rec,0.561,0.0,0.0,0.0,1.0,2.0
2026_05_LV_NE,LV,NE,Mike Washington Jr.,00-0040878,RB,rec_yds,4.055,0.0,0.0,0.0,5.091,13.958
2026_05_LV_NE,LV,NE,Mike Washington Jr.,00-0040878,RB,anytime_td,0.185,0.0,0.0,0.0,0.0,1.0
2026_05_LV_NE,LV,NE,Mike Washington Jr.,00-0040878,RB,first_td,0.04,0.04,0.04,0.04,0.04,0.04
2026_05_LV_NE,LV,NE,Jalen Nailor,00-0037291,WR,car,0.033,0.0,0.0,0.0,0.0,0.0
2026_05_LV_NE,LV,NE,Jalen Nailor,00-0037291,WR,rush_yds,0.172,0.0,0.0,0.0,0.0,0.0
2026_05_LV_NE,LV,NE,Jalen Nailor,00-0037291,WR,tgt,2.512,0.0,1.0,2.0,4.0,5.0
2026_05_LV_NE,LV,NE,Jalen Nailor,00-0037291,WR,rec,1.437,0.0,0.0,1.0,2.0,3.0
2026_05_LV_NE,LV,NE,Jalen Nailor,00-0037291,WR,rec_yds,18.465,0.0,0.0,11.793,27.914,47.854
2026_05_LV_NE,LV,NE,Jalen Nailor,00-0037291,WR,anytime_td,0.091,0.0,0.0,0.0,0.0,0.0
2026_05_LV_NE,LV,NE,Jalen Nailor,00-0037291,WR,first_td,0.019,0.019,0.019,0.019,0.019,0.019
2026_05_LV_NE,LV,NE,Ian Thomas,00-0034365,TE,car,0.002,0.0,0.0,0.0,0.0,0.0
2026_05_LV_NE,LV,NE,Ian Thomas,00-0034365,TE,rush_yds,0.004,0.0,0.0,0.0,0.0,0.0
2026_05_LV_NE,LV,NE,Ian Thomas,00-0034365,TE,tgt,0.862,0.0,0.0,0.0,1.0,2.0
2026_05_LV_NE,LV,NE,Ian Thomas,00-0034365,TE,rec,0.606,0.0,0.0,0.0,1.0,2.0
2026_05_LV_NE,LV,NE,Ian Thomas,00-0034365,TE,rec_yds,6.474,0.0,0.0,0.0,9.217,22.05
2026_05_LV_NE,LV,NE,Ian Thomas,00-0034365,TE,anytime_td,0.053,0.0,0.0,0.0,0.0,0.0
2026_05_LV_NE,LV,NE,Ian Thomas,00-0034365,TE,first_td,0.011,0.011,0.011,0.011,0.011,0.011
2026_05_LV_NE,LV,NE,Michael Mayer,00-0039066,TE,car,0.003,0.0,0.0,0.0,0.0,0.0
2026_05_LV_NE,LV,NE,Michael Mayer,00-0039066,TE,rush_yds,0.006,0.0,0.0,0.0,0.0,0.0
2026_05_LV_NE,LV,NE,Michael Mayer,00-0039066,TE,tgt,5.031,2.0,3.0,5.0,7.0,9.0
2026_05_LV_NE,LV,NE,Michael Mayer,00-0039066,TE,rec,3.61,1.0,2.0,3.0,5.0,7.0
2026_05_LV_NE,LV,NE,Michael Mayer,00-0039066,TE,rec_yds,35.771,5.742,15.794,31.014,50.369,72.362
2026_05_LV_NE,LV,NE,Michael Mayer,00-0039066,TE,anytime_td,0.182,0.0,0.0,0.0,0.0,1.0
2026_05_LV_NE,LV,NE,Michael Mayer,00-0039066,TE,first_td,0.039,0.039,0.039,0.039,0.039,0.039
2026_05_LV_NE,LV,NE,Ashton Jeanty,00-0040122,RB,car,15.531,8.0,11.0,15.0,19.0,24.0
2026_05_LV_NE,LV,NE,Ashton Jeanty,00-0040122,RB,rush_yds,58.564,22.208,34.525,53.096,76.068,102.793
2026_05_LV_NE,LV,NE,Ashton Jeanty,00-0040122,RB,tgt,5.16,2.0,3.0,5.0,7.0,9.0
2026_05_LV_NE,LV,NE,Ashton Jeanty,00-0040122,RB,rec,3.815,1.0,2.0,3.0,5.0,7.0
2026_05_LV_NE,LV,NE,Ashton Jeanty,00-0040122,RB,rec_yds,30.036,3.426,11.693,24.782,42.857,63.365
2026_05_LV_NE,LV,NE,Ashton Jeanty,00-0040122,RB,anytime_td,0.494,0.0,0.0,0.0,1.0,1.0
2026_05_LV_NE,LV,NE,Ashton Jeanty,00-0040122,RB,first_td,0.131,0.131,0.131,0.131,0.131,0.131
2026_05_LV_NE,LV,NE,Dylan Laube,00-0039407,RB,car,0.572,0.0,0.0,0.0,1.0,2.0
2026_05_LV_NE,LV,NE,Dylan Laube,00-0039407,RB,rush_yds,2.333,0.0,0.0,0.0,0.0,7.604
2026_05_LV_NE,LV,NE,Dylan Laube,00-0039407,RB,tgt,0.204,0.0,0.0,0.0,0.0,1.0
2026_05_LV_NE,LV,NE,Dylan Laube,00-0039407,RB,rec,0.153,0.0,0.0,0.0,0.0,1.0
2026_05_LV_NE,LV,NE,Dylan Laube,00-0039407,RB,rec_yds,1.158,0.0,0.0,0.0,0.0,1.876
2026_05_LV_NE,LV,NE,Dylan Laube,00-0039407,RB,anytime_td,0.018,0.0,0.0,0.0,0.0,0.0
2026_05_LV_NE,LV,NE,Dylan Laube,00-0039407,RB,first_td,0.004,0.004,0.004,0.004,0.004,0.004
2026_05_LV_NE,LV,NE,Dareke Young,00-0037093,WR,car,0.01,0.0,0.0,0.0,0.0,0.0
2026_05_LV_NE,LV,NE,Dareke Young,00-0037093,WR,rush_yds,0.05,0.0,0.0,0.0,0.0,0.0
2026_05_LV_NE,LV,NE,Dareke Young,00-0037093,WR,tgt,0.78,0.0,0.0,0.0,1.0,2.0
2026_05_LV_NE,LV,NE,Dareke Young,00-0037093,WR,rec,0.478,0.0,0.0,0.0,1.0,2.0
2026_05_LV_NE,LV,NE,Dareke Young,00-0037093,WR,rec_yds,6.181,0.0,0.0,0.0,7.293,21.515
2026_05_LV_NE,LV,NE,Dareke Young,00-0037093,WR,anytime_td,0.018,0.0,0.0,0.0,0.0,0.0
2026_05_LV_NE,LV,NE,Dareke Young,00-0037093,WR,first_td,0.003,0.003,0.003,0.003,0.003,0.003
2026_05_MIN_NO,NO,MIN,Chris Olave,00-0037239,WR,car,0.032,0.0,0.0,0.0,0.0,0.0
2026_05_MIN_NO,NO,MIN,Chris Olave,00-0037239,WR,rush_yds,0.155,0.0,0.0,0.0,0.0,0.0
2026_05_MIN_NO,NO,MIN,Chris Olave,00-0037239,WR,tgt,9.918,5.0,7.0,10.0,12.0,15.0
2026_05_MIN_NO,NO,MIN,Chris Olave,00-0037239,WR,rec,6.179,3.0,4.0,6.0,8.0,10.0
2026_05_MIN_NO,NO,MIN,Chris Olave,00-0037239,WR,rec_yds,81.341,27.4,47.6,74.708,108.068,142.857
2026_05_MIN_NO,NO,MIN,Chris Olave,00-0037239,WR,anytime_td,0.258,0.0,0.0,0.0,1.0,1.0
2026_05_MIN_NO,NO,MIN,Chris Olave,00-0037239,WR,first_td,0.073,0.073,0.073,0.073,0.073,0.073
2026_05_MIN_NO,NO,MIN,Barion Brown,00-0041099,WR,car,0.719,0.0,0.0,0.0,1.0,2.0
2026_05_MIN_NO,NO,MIN,Barion Brown,00-0041099,WR,rush_yds,3.584,0.0,0.0,0.0,0.99,12.755
2026_05_MIN_NO,NO,MIN,Barion Brown,00-0041099,WR,tgt,0.231,0.0,0.0,0.0,0.0,1.0
2026_05_MIN_NO,NO,MIN,Barion Brown,00-0041099,WR,rec,0.133,0.0,0.0,0.0,0.0,1.0
2026_05_MIN_NO,NO,MIN,Barion Brown,00-0041099,WR,rec_yds,1.711,0.0,0.0,0.0,0.0,3.636
2026_05_MIN_NO,NO,MIN,Barion Brown,00-0041099,WR,anytime_td,0.013,0.0,0.0,0.0,0.0,0.0
2026_05_MIN_NO,NO,MIN,Barion Brown,00-0041099,WR,first_td,0.003,0.003,0.003,0.003,0.003,0.003
2026_05_MIN_NO,NO,MIN,CJ Donaldson,00-0041326,RB,car,2.389,0.0,0.0,2.0,4.0,6.0
2026_05_MIN_NO,NO,MIN,CJ Donaldson,00-0041326,RB,rush_yds,9.789,0.0,0.0,4.322,13.467,27.619
2026_05_MIN_NO,NO,MIN,CJ Donaldson,00-0041326,RB,tgt,0.852,0.0,0.0,0.0,1.0,2.0
2026_05_MIN_NO,NO,MIN,CJ Donaldson,00-0041326,RB,rec,0.614,0.0,0.0,0.0,1.0,2.0
2026_05_MIN_NO,NO,MIN,CJ Donaldson,00-0041326,RB,rec_yds,4.158,0.0,0.0,0.0,5.587,13.929
2026_05_MIN_NO,NO,MIN,CJ Donaldson,00-0041326,RB,anytime_td,0.063,0.0,0.0,0.0,0.0,0.0
2026_05_MIN_NO,NO,MIN,CJ Donaldson,00-0041326,RB,first_td,0.016,0.016,0.016,0.016,0.016,0.016
2026_05_MIN_NO,NO,MIN,Alvin Kamara,00-0033906,RB,car,10.732,4.0,7.0,10.0,14.0,18.0
2026_05_MIN_NO,NO,MIN,Alvin Kamara,00-0033906,RB,rush_yds,40.9,10.769,20.472,35.361,55.113,77.945
2026_05_MIN_NO,NO,MIN,Alvin Kamara,00-0033906,RB,tgt,3.828,1.0,2.0,3.0,5.0,7.0
2026_05_MIN_NO,NO,MIN,Alvin Kamara,00-0033906,RB,rec,2.781,0.0,1.0,2.0,4.0,5.0
2026_05_MIN_NO,NO,MIN,Alvin Kamara,00-0033906,RB,rec_yds,18.45,0.0,5.368,14.022,26.9,41.415
2026_05_MIN_NO,NO,MIN,Alvin Kamara,00-0033906,RB,anytime_td,0.268,0.0,0.0,0.0,1.0,1.0
2026_05_MIN_NO,NO,MIN,Alvin Kamara,00-0033906,RB,first_td,0.078,0.078,0.078,0.078,0.078,0.078
2026_05_MIN_NO,NO,MIN,Devaughn Vele,00-0039424,WR,car,0.01,0.0,0.0,0.0,0.0,0.0
2026_05_MIN_NO,NO,MIN,Devaughn Vele,00-0039424,WR,rush_yds,0.054,0.0,0.0,0.0,0.0,0.0
2026_05_MIN_NO,NO,MIN,Devaughn Vele,00-0039424,WR,tgt,5.888,2.0,4.0,5.0,8.0,10.0
2026_05_MIN_NO,NO,MIN,Devaughn Vele,00-0039424,WR,rec,3.538,1.0,2.0,3.0,5.0,6.0
2026_05_MIN_NO,NO,MIN,Devaughn Vele,00-0039424,WR,rec_yds,42.361,7.213,18.243,36.247,59.294,85.41
2026_05_MIN_NO,NO,MIN,Devaughn Vele,00-0039424,WR,anytime_td,0.243,0.0,0.0,0.0,0.0,1.0
2026_05_MIN_NO,NO,MIN,Devaughn Vele,00-0039424,WR,first_td,0.071,0.071,0.071,0.071,0.071,0.071
2026_05_MIN_NO,NO,MIN,Tyler Shough,00-0040743,QB,att,31.648,21.0,27.0,32.0,38.0,43.0
2026_05_MIN_NO,NO,MIN,Tyler Shough,00-0040743,QB,cmp,19.405,12.0,16.0,20.0,24.0,27.0
2026_05_MIN_NO,NO,MIN,Tyler Shough,00-0040743,QB,pass_yds,213.405,120.153,166.502,212.708,262.629,313.608
2026_05_MIN_NO,NO,MIN,Tyler Shough,00-0040743,QB,pass_td,1.368,0.0,1.0,1.0,2.0,3.0
2026_05_MIN_NO,NO,MIN,Tyler Shough,00-0040743,QB,ints,0.721,0.0,0.0,0.0,1.0,2.0
2026_05_MIN_NO,NO,MIN,Tyler Shough,00-0040743,QB,car,4.187,1.0,2.0,4.0,6.0,8.0
2026_05_MIN_NO,NO,MIN,Tyler Shough,00-0040743,QB,rush_yds,16.983,0.0,3.932,12.43,24.806,40.778
2026_05_MIN_NO,NO,MIN,Tyler Shough,00-0040743,QB,tgt,0.001,0.0,0.0,0.0,0.0,0.0
2026_05_MIN_NO,NO,MIN,Tyler Shough,00-0040743,QB,rec,0.001,0.0,0.0,0.0,0.0,0.0
2026_05_MIN_NO,NO,MIN,Tyler Shough,00-0040743,QB,rec_yds,0.002,0.0,0.0,0.0,0.0,0.0
2026_05_MIN_NO,NO,MIN,Tyler Shough,00-0040743,QB,anytime_td,0.182,0.0,0.0,0.0,0.0,1.0
2026_05_MIN_NO,NO,MIN,Tyler Shough,00-0040743,QB,first_td,0.053,0.053,0.053,0.053,0.053,0.053
2026_05_MIN_NO,NO,MIN,Kendre Miller,00-0038551,RB,car,7.275,2.0,4.0,7.0,10.0,13.0
2026_05_MIN_NO,NO,MIN,Kendre Miller,00-0038551,RB,rush_yds,27.903,4.08,10.812,22.477,38.925,58.959
2026_05_MIN_NO,NO,MIN,Kendre Miller,00-0038551,RB,tgt,1.399,0.0,0.0,1.0,2.0,3.0
2026_05_MIN_NO,NO,MIN,Kendre Miller,00-0038551,RB,rec,1.004,0.0,0.0,1.0,2.0,3.0
2026_05_MIN_NO,NO,MIN,Kendre Miller,00-0038551,RB,rec_yds,7.013,0.0,0.0,1.837,10.266,20.84
2026_05_MIN_NO,NO,MIN,Kendre Miller,00-0038551,RB,anytime_td,0.165,0.0,0.0,0.0,0.0,1.0
2026_05_MIN_NO,NO,MIN,Kendre Miller,00-0038551,RB,first_td,0.046,0.046,0.046,0.046,0.046,0.046
2026_05_MIN_NO,NO,MIN,Kevin Austin Jr.,00-0037231,WR,car,0.019,0.0,0.0,0.0,0.0,0.0
2026_05_MIN_NO,NO,MIN,Kevin Austin Jr.,00-0037231,WR,rush_yds,0.125,0.0,0.0,0.0,0.0,0.0
2026_05_MIN_NO,NO,MIN,Kevin Austin Jr.,00-0037231,WR,tgt,1.183,0.0,0.0,1.0,2.0,3.0
2026_05_MIN_NO,NO,MIN,Kevin Austin Jr.,00-0037231,WR,rec,0.682,0.0,0.0,0.0,1.0,2.0
2026_05_MIN_NO,NO,MIN,Kevin Austin Jr.,00-0037231,WR,rec_yds,8.506,0.0,0.0,0.0,11.912,27.397
2026_05_MIN_NO,NO,MIN,Kevin Austin Jr.,00-0037231,WR,anytime_td,0.036,0.0,0.0,0.0,0.0,0.0
2026_05_MIN_NO,NO,MIN,Kevin Austin Jr.,00-0037231,WR,first_td,0.009,0.009,0.009,0.009,0.009,0.009
2026_05_MIN_NO,NO,MIN,Bryce Lance,00-0041067,WR,car,0.018,0.0,0.0,0.0,0.0,0.0
2026_05_MIN_NO,NO,MIN,Bryce Lance,00-0041067,WR,rush_yds,0.097,0.0,0.0,0.0,0.0,0.0
2026_05_MIN_NO,NO,MIN,Bryce Lance,00-0041067,WR,tgt,2.807,0.0,1.0,2.0,4.0,6.0
2026_05_MIN_NO,NO,MIN,Bryce Lance,00-0041067,WR,rec,1.478,0.0,0.0,1.0,2.0,3.0
2026_05_MIN_NO,NO,MIN,Bryce Lance,00-0041067,WR,rec_yds,18.372,0.0,0.0,11.879,27.623,46.999
2026_05_MIN_NO,NO,MIN,Bryce Lance,00-0041067,WR,anytime_td,0.084,0.0,0.0,0.0,0.0,0.0
2026_05_MIN_NO,NO,MIN,Bryce Lance,00-0041067,WR,first_td,0.022,0.022,0.022,0.022,0.022,0.022
2026_05_MIN_NO,NO,MIN,Juwan Johnson,00-0036040,TE,car,0.002,0.0,0.0,0.0,0.0,0.0
2026_05_MIN_NO,NO,MIN,Juwan Johnson,00-0036040,TE,rush_yds,0.006,0.0,0.0,0.0,0.0,0.0
2026_05_MIN_NO,NO,MIN,Juwan Johnson,00-0036040,TE,tgt,5.663,2.0,3.0,5.0,7.0,10.0
2026_05_MIN_NO,NO,MIN,Juwan Johnson,00-0036040,TE,rec,3.932,1.0,2.0,4.0,5.0,7.0
2026_05_MIN_NO,NO,MIN,Juwan Johnson,00-0036040,TE,rec_yds,42.12,8.51,19.847,36.896,58.971,82.04
2026_05_MIN_NO,NO,MIN,Juwan Johnson,00-0036040,TE,anytime_td,0.262,0.0,0.0,0.0,1.0,1.0
2026_05_MIN_NO,NO,MIN,Juwan Johnson,00-0036040,TE,first_td,0.074,0.074,0.074,0.074,0.074,0.074
2026_05_MIN_NO,MIN,NO,Demond Claiborne,00-0041104,RB,car,2.763,0.0,0.0,2.0,4.0,7.0
2026_05_MIN_NO,MIN,NO,Demond Claiborne,00-0041104,RB,rush_yds,11.537,0.0,0.0,5.67,16.241,31.828
2026_05_MIN_NO,MIN,NO,Demond Claiborne,00-0041104,RB,tgt,0.453,0.0,0.0,0.0,1.0,1.0
2026_05_MIN_NO,MIN,NO,Demond Claiborne,00-0041104,RB,rec,0.349,0.0,0.0,0.0,1.0,1.0
2026_05_MIN_NO,MIN,NO,Demond Claiborne,00-0041104,RB,rec_yds,2.63,0.0,0.0,0.0,0.0,9.988
2026_05_MIN_NO,MIN,NO,Demond Claiborne,00-0041104,RB,anytime_td,0.092,0.0,0.0,0.0,0.0,0.0
2026_05_MIN_NO,MIN,NO,Demond Claiborne,00-0041104,RB,first_td,0.03,0.03,0.03,0.03,0.03,0.03
2026_05_MIN_NO,MIN,NO,T.J. Hockenson,00-0035229,TE,car,0.038,0.0,0.0,0.0,0.0,0.0
2026_05_MIN_NO,MIN,NO,T.J. Hockenson,00-0035229,TE,rush_yds,0.09,0.0,0.0,0.0,0.0,0.0
2026_05_MIN_NO,MIN,NO,T.J. Hockenson,00-0035229,TE,tgt,7.85,4.0,5.0,7.0,10.0,13.0
2026_05_MIN_NO,MIN,NO,T.J. Hockenson,00-0035229,TE,rec,5.93,2.0,4.0,6.0,8.0,10.0
2026_05_MIN_NO,MIN,NO,T.J. Hockenson,00-0035229,TE,rec_yds,60.493,20.333,35.004,55.635,79.927,107.444
2026_05_MIN_NO,MIN,NO,T.J. Hockenson,00-0035229,TE,anytime_td,0.236,0.0,0.0,0.0,0.0,1.0
2026_05_MIN_NO,MIN,NO,T.J. Hockenson,00-0035229,TE,first_td,0.079,0.079,0.079,0.079,0.079,0.079
2026_05_MIN_NO,MIN,NO,Myles Price,00-0040506,WR,car,0.263,0.0,0.0,0.0,0.0,1.0
2026_05_MIN_NO,MIN,NO,Myles Price,00-0040506,WR,rush_yds,1.458,0.0,0.0,0.0,0.0,1.119
2026_05_MIN_NO,MIN,NO,Myles Price,00-0040506,WR,tgt,1.05,0.0,0.0,1.0,2.0,3.0
2026_05_MIN_NO,MIN,NO,Myles Price,00-0040506,WR,rec,0.663,0.0,0.0,0.0,1.0,2.0
2026_05_MIN_NO,MIN,NO,Myles Price,00-0040506,WR,rec_yds,8.216,0.0,0.0,0.0,11.555,26.712
2026_05_MIN_NO,MIN,NO,Myles Price,00-0040506,WR,anytime_td,0.031,0.0,0.0,0.0,0.0,0.0
2026_05_MIN_NO,MIN,NO,Myles Price,00-0040506,WR,first_td,0.01,0.01,0.01,0.01,0.01,0.01
2026_05_MIN_NO,MIN,NO,DeeJay Dallas,00-0036425,RB,car,1.267,0.0,0.0,0.0,2.0,4.0
2026_05_MIN_NO,MIN,NO,DeeJay Dallas,00-0036425,RB,rush_yds,5.604,0.0,0.0,0.0,6.589,18.224
2026_05_MIN_NO,MIN,NO,DeeJay Dallas,00-0036425,RB,tgt,0.915,0.0,0.0,1.0,1.0,3.0
2026_05_MIN_NO,MIN,NO,DeeJay Dallas,00-0036425,RB,rec,0.706,0.0,0.0,0.0,1.0,2.0
2026_05_MIN_NO,MIN,NO,DeeJay Dallas,00-0036425,RB,rec_yds,5.5,0.0,0.0,0.0,7.789,18.066
2026_05_MIN_NO,MIN,NO,DeeJay Dallas,00-0036425,RB,anytime_td,0.06,0.0,0.0,0.0,0.0,0.0
2026_05_MIN_NO,MIN,NO,DeeJay Dallas,00-0036425,RB,first_td,0.019,0.019,0.019,0.019,0.019,0.019
2026_05_MIN_NO,MIN,NO,Jauan Jennings,00-0036259,WR,car,0.018,0.0,0.0,0.0,0.0,0.0
2026_05_MIN_NO,MIN,NO,Jauan Jennings,00-0036259,WR,rush_yds,0.1,0.0,0.0,0.0,0.0,0.0
2026_05_MIN_NO,MIN,NO,Jauan Jennings,00-0036259,WR,tgt,3.257,1.0,2.0,3.0,5.0,6.0
2026_05_MIN_NO,MIN,NO,Jauan Jennings,00-0036259,WR,rec,1.997,0.0,1.0,2.0,3.0,4.0
2026_05_MIN_NO,MIN,NO,Jauan Jennings,00-0036259,WR,rec_yds,26.021,0.0,5.8,19.198,38.495,61.341
2026_05_MIN_NO,MIN,NO,Jauan Jennings,00-0036259,WR,anytime_td,0.132,0.0,0.0,0.0,0.0,1.0
2026_05_MIN_NO,MIN,NO,Jauan Jennings,00-0036259,WR,first_td,0.042,0.042,0.042,0.042,0.042,0.042
2026_05_MIN_NO,MIN,NO,Gavin Bartholomew,00-0040215,TE,car,0.003,0.0,0.0,0.0,0.0,0.0
2026_05_MIN_NO,MIN,NO,Gavin Bartholomew,00-0040215,TE,rush_yds,0.005,0.0,0.0,0.0,0.0,0.0
2026_05_MIN_NO,MIN,NO,Gavin Bartholomew,00-0040215,TE,tgt,0.747,0.0,0.0,0.0,1.0,2.0
2026_05_MIN_NO,MIN,NO,Gavin Bartholomew,00-0040215,TE,rec,0.525,0.0,0.0,0.0,1.0,2.0
2026_05_MIN_NO,MIN,NO,Gavin Bartholomew,00-0040215,TE,rec_yds,5.615,0.0,0.0,0.0,7.561,19.488
2026_05_MIN_NO,MIN,NO,Gavin Bartholomew,00-0040215,TE,anytime_td,0.022,0.0,0.0,0.0,0.0,0.0
2026_05_MIN_NO,MIN,NO,Gavin Bartholomew,00-0040215,TE,first_td,0.007,0.007,0.007,0.007,0.007,0.007
2026_05_MIN_NO,MIN,NO,Jordan Addison,00-0038994,WR,car,0.295,0.0,0.0,0.0,0.0,1.0
2026_05_MIN_NO,MIN,NO,Jordan Addison,00-0038994,WR,rush_yds,1.664,0.0,0.0,0.0,0.0,2.323
2026_05_MIN_NO,MIN,NO,Jordan Addison,00-0038994,WR,tgt,6.893,3.0,5.0,7.0,9.0,11.0
2026_05_MIN_NO,MIN,NO,Jordan Addison,00-0038994,WR,rec,3.977,1.0,2.0,4.0,5.0,7.0
2026_05_MIN_NO,MIN,NO,Jordan Addison,00-0038994,WR,rec_yds,55.189,11.777,26.162,48.416,76.944,107.853
2026_05_MIN_NO,MIN,NO,Jordan Addison,00-0038994,WR,anytime_td,0.226,0.0,0.0,0.0,0.0,1.0
2026_05_MIN_NO,MIN,NO,Jordan Addison,00-0038994,WR,first_td,0.076,0.076,0.076,0.076,0.076,0.076
2026_05_MIN_NO,MIN,NO,Jeshaun Jones,00-0039710,WR,car,0.037,0.0,0.0,0.0,0.0,0.0
2026_05_MIN_NO,MIN,NO,Jeshaun Jones,00-0039710,WR,rush_yds,0.205,0.0,0.0,0.0,0.0,0.0
2026_05_MIN_NO,MIN,NO,Jeshaun Jones,00-0039710,WR,tgt,0.607,0.0,0.0,0.0,1.0,2.0
2026_05_MIN_NO,MIN,NO,Jeshaun Jones,00-0039710,WR,rec,0.378,0.0,0.0,0.0,1.0,1.0
2026_05_MIN_NO,MIN,NO,Jeshaun Jones,00-0039710,WR,rec_yds,5.134,0.0,0.0,0.0,4.038,18.379
2026_05_MIN_NO,MIN,NO,Jeshaun Jones,00-0039710,WR,anytime_td,0.017,0.0,0.0,0.0,0.0,0.0
2026_05_MIN_NO,MIN,NO,Jeshaun Jones,00-0039710,WR,first_td,0.005,0.005,0.005,0.005,0.005,0.005
2026_05_MIN_NO,MIN,NO,Kyler Murray,00-0035228,QB,att,27.706,18.0,23.0,28.0,33.0,38.0
2026_05_MIN_NO,MIN,NO,Kyler Murray,00-0035228,QB,cmp,17.866,11.0,15.0,18.0,22.0,25.0
2026_05_MIN_NO,MIN,NO,Kyler Murray,00-0035228,QB,pass_yds,194.903,108.19,148.297,193.927,240.925,288.008
2026_05_MIN_NO,MIN,NO,Kyler Murray,00-0035228,QB,pass_td,1.324,0.0,1.0,1.0,2.0,3.0
2026_05_MIN_NO,MIN,NO,Kyler Murray,00-0035228,QB,ints,0.587,0.0,0.0,0.0,1.0,2.0
2026_05_MIN_NO,MIN,NO,Kyler Murray,00-0035228,QB,car,3.799,1.0,2.0,3.0,5.0,7.0
2026_05_MIN_NO,MIN,NO,Kyler Murray,00-0035228,QB,rush_yds,17.833,0.0,4.977,13.946,26.719,40.838
2026_05_MIN_NO,MIN,NO,Kyler Murray,00-0035228,QB,tgt,0.0,0.0,0.0,0.0,0.0,0.0
2026_05_MIN_NO,MIN,NO,Kyler Murray,00-0035228,QB,rec,0.0,0.0,0.0,0.0,0.0,0.0
2026_05_MIN_NO,MIN,NO,Kyler Murray,00-0035228,QB,rec_yds,0.002,0.0,0.0,0.0,0.0,0.0
2026_05_MIN_NO,MIN,NO,Kyler Murray,00-0035228,QB,anytime_td,0.107,0.0,0.0,0.0,0.0,1.0
2026_05_MIN_NO,MIN,NO,Kyler Murray,00-0035228,QB,first_td,0.034,0.034,0.034,0.034,0.034,0.034
2026_05_MIN_NO,MIN,NO,Tai Felton,00-0040154,WR,car,0.017,0.0,0.0,0.0,0.0,0.0
2026_05_MIN_NO,MIN,NO,Tai Felton,00-0040154,WR,rush_yds,0.107,0.0,0.0,0.0,0.0,0.0
2026_05_MIN_NO,MIN,NO,Tai Felton,00-0040154,WR,tgt,1.277,0.0,0.0,1.0,2.0,3.0
2026_05_MIN_NO,MIN,NO,Tai Felton,00-0040154,WR,rec,0.78,0.0,0.0,0.0,1.0,2.0
2026_05_MIN_NO,MIN,NO,Tai Felton,00-0040154,WR,rec_yds,10.378,0.0,0.0,0.0,15.47,31.793
2026_05_MIN_NO,MIN,NO,Tai Felton,00-0040154,WR,anytime_td,0.031,0.0,0.0,0.0,0.0,0.0
2026_05_MIN_NO,MIN,NO,Tai Felton,00-0040154,WR,first_td,0.009,0.009,0.009,0.009,0.009,0.009
2026_05_MIN_NO,MIN,NO,Aaron Jones,00-0033293,RB,car,18.9,11.0,14.0,18.0,23.0,28.0
2026_05_MIN_NO,MIN,NO,Aaron Jones,00-0033293,RB,rush_yds,80.163,33.576,49.877,74.187,103.053,134.554
2026_05_MIN_NO,MIN,NO,Aaron Jones,00-0033293,RB,tgt,5.042,2.0,3.0,5.0,7.0,9.0
2026_05_MIN_NO,MIN,NO,Aaron Jones,00-0033293,RB,rec,3.609,1.0,2.0,3.0,5.0,7.0
2026_05_MIN_NO,MIN,NO,Aaron Jones,00-0033293,RB,rec_yds,27.433,2.89,10.715,22.516,38.948,57.329
2026_05_MIN_NO,MIN,NO,Aaron Jones,00-0033293,RB,anytime_td,0.45,0.0,0.0,0.0,1.0,1.0
2026_05_MIN_NO,MIN,NO,Aaron Jones,00-0033293,RB,first_td,0.178,0.178,0.178,0.178,0.178,0.178
2026_05_NYG_WAS,WAS,NYG,Kaytron Allen,00-0041096,RB,car,3.86,0.0,1.0,3.0,6.0,9.0
2026_05_NYG_WAS,WAS,NYG,Kaytron Allen,00-0041096,RB,rush_yds,17.384,0.0,2.731,10.926,24.812,43.795
2026_05_NYG_WAS,WAS,NYG,Kaytron Allen,00-0041096,RB,tgt,0.134,0.0,0.0,0.0,0.0,1.0
2026_05_NYG_WAS,WAS,NYG,Kaytron Allen,00-0041096,RB,rec,0.107,0.0,0.0,0.0,0.0,0.0
2026_05_NYG_WAS,WAS,NYG,Kaytron Allen,00-0041096,RB,rec_yds,0.835,0.0,0.0,0.0,0.0,0.0
2026_05_NYG_WAS,WAS,NYG,Kaytron Allen,00-0041096,RB,anytime_td,0.144,0.0,0.0,0.0,0.0,1.0
2026_05_NYG_WAS,WAS,NYG,Kaytron Allen,00-0041096,RB,first_td,0.038,0.038,0.038,0.038,0.038,0.038
2026_05_NYG_WAS,WAS,NYG,Ben Sinnott,00-0039912,TE,car,0.002,0.0,0.0,0.0,0.0,0.0
2026_05_NYG_WAS,WAS,NYG,Ben Sinnott,00-0039912,TE,rush_yds,0.005,0.0,0.0,0.0,0.0,0.0
2026_05_NYG_WAS,WAS,NYG,Ben Sinnott,00-0039912,TE,tgt,0.953,0.0,0.0,1.0,1.0,3.0
2026_05_NYG_WAS,WAS,NYG,Ben Sinnott,00-0039912,TE,rec,0.679,0.0,0.0,0.0,1.0,2.0
2026_05_NYG_WAS,WAS,NYG,Ben Sinnott,00-0039912,TE,rec_yds,7.192,0.0,0.0,0.0,10.571,23.107
2026_05_NYG_WAS,WAS,NYG,Ben Sinnott,00-0039912,TE,anytime_td,0.029,0.0,0.0,0.0,0.0,0.0
2026_05_NYG_WAS,WAS,NYG,Ben Sinnott,00-0039912,TE,first_td,0.007,0.007,0.007,0.007,0.007,0.007
2026_05_NYG_WAS,WAS,NYG,Antonio Williams,00-0041040,WR,car,0.015,0.0,0.0,0.0,0.0,0.0
2026_05_NYG_WAS,WAS,NYG,Antonio Williams,00-0041040,WR,rush_yds,0.093,0.0,0.0,0.0,0.0,0.0
2026_05_NYG_WAS,WAS,NYG,Antonio Williams,00-0041040,WR,tgt,4.935,2.0,3.0,5.0,7.0,9.0
2026_05_NYG_WAS,WAS,NYG,Antonio Williams,00-0041040,WR,rec,3.06,1.0,2.0,3.0,4.0,6.0
2026_05_NYG_WAS,WAS,NYG,Antonio Williams,00-0041040,WR,rec_yds,38.018,4.573,14.863,31.537,54.219,79.811
2026_05_NYG_WAS,WAS,NYG,Antonio Williams,00-0041040,WR,anytime_td,0.162,0.0,0.0,0.0,0.0,1.0
2026_05_NYG_WAS,WAS,NYG,Antonio Williams,00-0041040,WR,first_td,0.042,0.042,0.042,0.042,0.042,0.042
2026_05_NYG_WAS,WAS,NYG,John Bates,00-0036628,TE,car,0.001,0.0,0.0,0.0,0.0,0.0
2026_05_NYG_WAS,WAS,NYG,John Bates,00-0036628,TE,rush_yds,0.003,0.0,0.0,0.0,0.0,0.0
2026_05_NYG_WAS,WAS,NYG,John Bates,00-0036628,TE,tgt,1.175,0.0,0.0,1.0,2.0,3.0
2026_05_NYG_WAS,WAS,NYG,John Bates,00-0036628,TE,rec,0.846,0.0,0.0,1.0,1.0,2.0
2026_05_NYG_WAS,WAS,NYG,John Bates,00-0036628,TE,rec_yds,8.766,0.0,0.0,0.0,13.292,26.629
2026_05_NYG_WAS,WAS,NYG,John Bates,00-0036628,TE,anytime_td,0.06,0.0,0.0,0.0,0.0,0.0
2026_05_NYG_WAS,WAS,NYG,John Bates,00-0036628,TE,first_td,0.015,0.015,0.015,0.015,0.015,0.015
2026_05_NYG_WAS,WAS,NYG,Athan Kaliakmanis,00-0041117,QB,att,29.676,20.0,25.0,30.0,35.0,40.0
2026_05_NYG_WAS,WAS,NYG,Athan Kaliakmanis,00-0041117,QB,cmp,18.873,12.0,15.0,19.0,23.0,26.0
2026_05_NYG_WAS,WAS,NYG,Athan Kaliakmanis,00-0041117,QB,pass_yds,209.844,118.762,162.349,207.708,258.319,308.091
2026_05_NYG_WAS,WAS,NYG,Athan Kaliakmanis,00-0041117,QB,pass_td,1.469,0.0,1.0,1.0,2.0,3.0
2026_05_NYG_WAS,WAS,NYG,Athan Kaliakmanis,00-0041117,QB,ints,0.736,0.0,0.0,0.0,1.0,2.0
2026_05_NYG_WAS,WAS,NYG,Athan Kaliakmanis,00-0041117,QB,car,3.592,1.0,2.0,3.0,5.0,7.0
2026_05_NYG_WAS,WAS,NYG,Athan Kaliakmanis,00-0041117,QB,rush_yds,16.421,0.0,3.263,12.066,25.011,39.197
2026_05_NYG_WAS,WAS,NYG,Athan Kaliakmanis,00-0041117,QB,tgt,0.001,0.0,0.0,0.0,0.0,0.0
2026_05_NYG_WAS,WAS,NYG,Athan Kaliakmanis,00-0041117,QB,rec,0.001,0.0,0.0,0.0,0.0,0.0
2026_05_NYG_WAS,WAS,NYG,Athan Kaliakmanis,00-0041117,QB,rec_yds,0.005,0.0,0.0,0.0,0.0,0.0
2026_05_NYG_WAS,WAS,NYG,Athan Kaliakmanis,00-0041117,QB,anytime_td,0.097,0.0,0.0,0.0,0.0,0.0
2026_05_NYG_WAS,WAS,NYG,Athan Kaliakmanis,00-0041117,QB,first_td,0.025,0.025,0.025,0.025,0.025,0.025
2026_05_NYG_WAS,WAS,NYG,Dyami Brown,00-0036626,WR,car,0.079,0.0,0.0,0.0,0.0,0.0
2026_05_NYG_WAS,WAS,NYG,Dyami Brown,00-0036626,WR,rush_yds,0.452,0.0,0.0,0.0,0.0,0.0
2026_05_NYG_WAS,WAS,NYG,Dyami Brown,00-0036626,WR,tgt,3.048,1.0,1.0,3.0,4.0,6.0
2026_05_NYG_WAS,WAS,NYG,Dyami Brown,00-0036626,WR,rec,1.881,0.0,1.0,2.0,3.0,4.0
2026_05_NYG_WAS,WAS,NYG,Dyami Brown,00-0036626,WR,rec_yds,25.094,0.0,4.916,17.915,37.464,60.621
2026_05_NYG_WAS,WAS,NYG,Dyami Brown,00-0036626,WR,anytime_td,0.092,0.0,0.0,0.0,0.0,0.0
2026_05_NYG_WAS,WAS,NYG,Dyami Brown,00-0036626,WR,first_td,0.023,0.023,0.023,0.023,0.023,0.023
2026_05_NYG_WAS,WAS,NYG,Treylon Burks,00-0037742,WR,car,0.022,0.0,0.0,0.0,0.0,0.0
2026_05_NYG_WAS,WAS,NYG,Treylon Burks,00-0037742,WR,rush_yds,0.131,0.0,0.0,0.0,0.0,0.0
2026_05_NYG_WAS,WAS,NYG,Treylon Burks,00-0037742,WR,tgt,2.706,0.0,1.0,2.0,4.0,6.0
2026_05_NYG_WAS,WAS,NYG,Treylon Burks,00-0037742,WR,rec,1.641,0.0,0.75,1.0,2.0,4.0
2026_05_NYG_WAS,WAS,NYG,Treylon Burks,00-0037742,WR,rec_yds,22.655,0.0,0.0,15.051,34.207,57.009
2026_05_NYG_WAS,WAS,NYG,Treylon Burks,00-0037742,WR,anytime_td,0.172,0.0,0.0,0.0,0.0,1.0
2026_05_NYG_WAS,WAS,NYG,Treylon Burks,00-0037742,WR,first_td,0.046,0.046,0.046,0.046,0.046,0.046
2026_05_NYG_WAS,WAS,NYG,Colson Yankoff,00-0039686,TE,car,0.002,0.0,0.0,0.0,0.0,0.0
2026_05_NYG_WAS,WAS,NYG,Colson Yankoff,00-0039686,TE,rush_yds,0.006,0.0,0.0,0.0,0.0,0.0
2026_05_NYG_WAS,WAS,NYG,Colson Yankoff,00-0039686,TE,tgt,0.992,0.0,0.0,1.0,2.0,3.0
2026_05_NYG_WAS,WAS,NYG,Colson Yankoff,00-0039686,TE,rec,0.691,0.0,0.0,0.0,1.0,2.0
2026_05_NYG_WAS,WAS,NYG,Colson Yankoff,00-0039686,TE,rec_yds,7.153,0.0,0.0,0.0,10.437,23.13
2026_05_NYG_WAS,WAS,NYG,Colson Yankoff,00-0039686,TE,anytime_td,0.023,0.0,0.0,0.0,0.0,0.0
2026_05_NYG_WAS,WAS,NYG,Colson Yankoff,00-0039686,TE,first_td,0.005,0.005,0.005,0.005,0.005,0.005
2026_05_NYG_WAS,WAS,NYG,Jacory Croskey-Merritt,00-0040242,RB,car,11.952,5.0,8.0,11.0,15.0,20.0
2026_05_NYG_WAS,WAS,NYG,Jacory Croskey-Merritt,00-0040242,RB,rush_yds,49.335,14.022,25.691,43.256,66.197,92.784
2026_05_NYG_WAS,WAS,NYG,Jacory Croskey-Merritt,00-0040242,RB,tgt,1.585,0.0,0.0,1.0,2.0,4.0
2026_05_NYG_WAS,WAS,NYG,Jacory Croskey-Merritt,00-0040242,RB,rec,1.217,0.0,0.0,1.0,2.0,3.0
2026_05_NYG_WAS,WAS,NYG,Jacory Croskey-Merritt,00-0040242,RB,rec_yds,9.689,0.0,0.0,4.473,14.236,27.791
2026_05_NYG_WAS,WAS,NYG,Jacory Croskey-Merritt,00-0040242,RB,anytime_td,0.365,0.0,0.0,0.0,1.0,1.0
2026_05_NYG_WAS,WAS,NYG,Jacory Croskey-Merritt,00-0040242,RB,first_td,0.111,0.111,0.111,0.111,0.111,0.111
2026_05_NYG_WAS,WAS,NYG,Austin Ekeler,00-0033699,RB,car,5.964,1.0,3.0,5.0,8.0,12.0
2026_05_NYG_WAS,WAS,NYG,Austin Ekeler,00-0033699,RB,rush_yds,28.162,2.01,8.863,21.381,40.239,62.709
2026_05_NYG_WAS,WAS,NYG,Austin Ekeler,00-0033699,RB,tgt,2.707,0.0,1.0,2.0,4.0,6.0
2026_05_NYG_WAS,WAS,NYG,Austin Ekeler,00-0033699,RB,rec,2.085,0.0,1.0,2.0,3.0,4.0
2026_05_NYG_WAS,WAS,NYG,Austin Ekeler,00-0033699,RB,rec_yds,16.162,0.0,2.222,11.105,23.681,40.335
2026_05_NYG_WAS,WAS,NYG,Austin Ekeler,00-0033699,RB,anytime_td,0.25,0.0,0.0,0.0,0.0,1.0
2026_05_NYG_WAS,WAS,NYG,Austin Ekeler,00-0033699,RB,first_td,0.07,0.07,0.07,0.07,0.07,0.07
2026_05_NYG_WAS,WAS,NYG,Craig Reynolds,00-0035567,RB,car,2.272,0.0,0.0,1.0,3.0,6.0
2026_05_NYG_WAS,WAS,NYG,Craig Reynolds,00-0035567,RB,rush_yds,10.37,0.0,0.0,4.146,14.68,29.81
2026_05_NYG_WAS,WAS,NYG,Craig Reynolds,00-0035567,RB,tgt,0.291,0.0,0.0,0.0,0.0,1.0
2026_05_NYG_WAS,WAS,NYG,Craig Reynolds,00-0035567,RB,rec,0.227,0.0,0.0,0.0,0.0,1.0
2026_05_NYG_WAS,WAS,NYG,Craig Reynolds,00-0035567,RB,rec_yds,1.788,0.0,0.0,0.0,0.0,6.303
2026_05_NYG_WAS,WAS,NYG,Craig Reynolds,00-0035567,RB,anytime_td,0.07,0.0,0.0,0.0,0.0,0.0
2026_05_NYG_WAS,WAS,NYG,Craig Reynolds,00-0035567,RB,first_td,0.018,0.018,0.018,0.018,0.018,0.018
2026_05_NYG_WAS,WAS,NYG,Chig Okonkwo,00-0037809,TE,car,0.002,0.0,0.0,0.0,0.0,0.0
2026_05_NYG_WAS,WAS,NYG,Chig Okonkwo,00-0037809,TE,rush_yds,0.008,0.0,0.0,0.0,0.0,0.0
2026_05_NYG_WAS,WAS,NYG,Chig Okonkwo,00-0037809,TE,tgt,4.268,1.0,2.0,4.0,6.0,8.0
2026_05_NYG_WAS,WAS,NYG,Chig Okonkwo,00-0037809,TE,rec,2.943,1.0,1.0,3.0,4.0,6.0
2026_05_NYG_WAS,WAS,NYG,Chig Okonkwo,00-0037809,TE,rec_yds,29.848,2.831,10.893,25.179,43.117,62.796
2026_05_NYG_WAS,WAS,NYG,Chig Okonkwo,00-0037809,TE,anytime_td,0.145,0.0,0.0,0.0,0.0,1.0
2026_05_NYG_WAS,WAS,NYG,Chig Okonkwo,00-0037809,TE,first_td,0.037,0.037,0.037,0.037,0.037,0.037
2026_05_NYG_WAS,WAS,NYG,Stefon Diggs,00-0031588,WR,car,0.013,0.0,0.0,0.0,0.0,0.0
2026_05_NYG_WAS,WAS,NYG,Stefon Diggs,00-0031588,WR,rush_yds,0.083,0.0,0.0,0.0,0.0,0.0
2026_05_NYG_WAS,WAS,NYG,Stefon Diggs,00-0031588,WR,tgt,7.498,3.0,5.0,7.0,10.0,12.0
2026_05_NYG_WAS,WAS,NYG,Stefon Diggs,00-0031588,WR,rec,4.739,2.0,3.0,4.0,6.0,8.0
2026_05_NYG_WAS,WAS,NYG,Stefon Diggs,00-0031588,WR,rec_yds,56.607,14.23,28.917,50.389,77.335,105.866
2026_05_NYG_WAS,WAS,NYG,Stefon Diggs,00-0031588,WR,anytime_td,0.279,0.0,0.0,0.0,1.0,1.0
2026_05_NYG_WAS,WAS,NYG,Stefon Diggs,00-0031588,WR,first_td,0.077,0.077,0.077,0.077,0.077,0.077
2026_05_NYG_WAS,NYG,WAS,Cam Skattebo,00-0040715,RB,car,12.802,6.0,9.0,12.0,17.0,21.0
2026_05_NYG_WAS,NYG,WAS,Cam Skattebo,00-0040715,RB,rush_yds,49.969,14.651,26.697,43.834,66.638,92.248
2026_05_NYG_WAS,NYG,WAS,Cam Skattebo,00-0040715,RB,tgt,2.814,0.0,1.0,2.0,4.0,6.0
2026_05_NYG_WAS,NYG,WAS,Cam Skattebo,00-0040715,RB,rec,2.2,0.0,1.0,2.0,3.0,5.0
2026_05_NYG_WAS,NYG,WAS,Cam Skattebo,00-0040715,RB,rec_yds,17.005,0.0,2.844,12.031,25.417,41.375
2026_05_NYG_WAS,NYG,WAS,Cam Skattebo,00-0040715,RB,anytime_td,0.408,0.0,0.0,0.0,1.0,1.0
2026_05_NYG_WAS,NYG,WAS,Cam Skattebo,00-0040715,RB,first_td,0.111,0.111,0.111,0.111,0.111,0.111
2026_05_NYG_WAS,NYG,WAS,Najee Harris,00-0036893,RB,car,6.341,1.0,3.0,6.0,9.0,12.0
2026_05_NYG_WAS,NYG,WAS,Najee Harris,00-0036893,RB,rush_yds,26.277,2.621,8.987,20.109,37.095,57.689
2026_05_NYG_WAS,NYG,WAS,Najee Harris,00-0036893,RB,tgt,0.422,0.0,0.0,0.0,1.0,1.0
2026_05_NYG_WAS,NYG,WAS,Najee Harris,00-0036893,RB,rec,0.324,0.0,0.0,0.0,0.0,1.0
2026_05_NYG_WAS,NYG,WAS,Najee Harris,00-0036893,RB,rec_yds,2.365,0.0,0.0,0.0,0.0,8.79
2026_05_NYG_WAS,NYG,WAS,Najee Harris,00-0036893,RB,anytime_td,0.208,0.0,0.0,0.0,0.0,1.0
2026_05_NYG_WAS,NYG,WAS,Najee Harris,00-0036893,RB,first_td,0.049,0.049,0.049,0.049,0.049,0.049
2026_05_NYG_WAS,NYG,WAS,Patrick Ricard,00-0033376,RB,car,0.28,0.0,0.0,0.0,0.0,1.0
2026_05_NYG_WAS,NYG,WAS,Patrick Ricard,00-0033376,RB,rush_yds,1.156,0.0,0.0,0.0,0.0,2.007
2026_05_NYG_WAS,NYG,WAS,Patrick Ricard,00-0033376,RB,tgt,0.788,0.0,0.0,0.0,1.0,2.0
2026_05_NYG_WAS,NYG,WAS,Patrick Ricard,00-0033376,RB,rec,0.581,0.0,0.0,0.0,1.0,2.0
2026_05_NYG_WAS,NYG,WAS,Patrick Ricard,00-0033376,RB,rec_yds,4.379,0.0,0.0,0.0,5.646,14.703
2026_05_NYG_WAS,NYG,WAS,Patrick Ricard,00-0033376,RB,anytime_td,0.03,0.0,0.0,0.0,0.0,0.0
2026_05_NYG_WAS,NYG,WAS,Patrick Ricard,00-0033376,RB,first_td,0.006,0.006,0.006,0.006,0.006,0.006
2026_05_NYG_WAS,NYG,WAS,Malachi Fields,00-0041042,WR,car,0.011,0.0,0.0,0.0,0.0,0.0
2026_05_NYG_WAS,NYG,WAS,Malachi Fields,00-0041042,WR,rush_yds,0.057,0.0,0.0,0.0,0.0,0.0
2026_05_NYG_WAS,NYG,WAS,Malachi Fields,00-0041042,WR,tgt,3.826,1.0,2.0,3.0,5.0,7.0
2026_05_NYG_WAS,NYG,WAS,Malachi Fields,00-0041042,WR,rec,2.308,0.0,1.0,2.0,3.0,5.0
2026_05_NYG_WAS,NYG,WAS,Malachi Fields,00-0041042,WR,rec_yds,30.988,0.0,8.997,23.751,45.284,70.345
2026_05_NYG_WAS,NYG,WAS,Malachi Fields,00-0041042,WR,anytime_td,0.143,0.0,0.0,0.0,0.0,1.0
2026_05_NYG_WAS,NYG,WAS,Malachi Fields,00-0041042,WR,first_td,0.032,0.032,0.032,0.032,0.032,0.032
2026_05_NYG_WAS,NYG,WAS,Isaiah Likely,00-0037838,TE,car,0.002,0.0,0.0,0.0,0.0,0.0
2026_05_NYG_WAS,NYG,WAS,Isaiah Likely,00-0037838,TE,rush_yds,0.006,0.0,0.0,0.0,0.0,0.0
2026_05_NYG_WAS,NYG,WAS,Isaiah Likely,00-0037838,TE,tgt,7.735,4.0,5.0,7.0,10.0,12.0
2026_05_NYG_WAS,NYG,WAS,Isaiah Likely,00-0037838,TE,rec,5.115,2.0,3.0,5.0,7.0,9.0
2026_05_NYG_WAS,NYG,WAS,Isaiah Likely,00-0037838,TE,rec_yds,50.693,14.985,27.472,46.401,68.303,92.298
2026_05_NYG_WAS,NYG,WAS,Isaiah Likely,00-0037838,TE,anytime_td,0.241,0.0,0.0,0.0,0.0,1.0
2026_05_NYG_WAS,NYG,WAS,Isaiah Likely,00-0037838,TE,first_td,0.057,0.057,0.057,0.057,0.057,0.057
2026_05_NYG_WAS,NYG,WAS,Jameis Winston,00-0031503,QB,att,29.868,20.0,25.0,30.0,36.0,40.0
2026_05_NYG_WAS,NYG,WAS,Jameis Winston,00-0031503,QB,cmp,18.837,12.0,15.0,19.0,23.0,26.0
2026_05_NYG_WAS,NYG,WAS,Jameis Winston,00-0031503,QB,pass_yds,205.922,114.787,158.96,204.643,253.768,303.128
2026_05_NYG_WAS,NYG,WAS,Jameis Winston,00-0031503,QB,pass_td,1.176,0.0,0.0,1.0,2.0,3.0
2026_05_NYG_WAS,NYG,WAS,Jameis Winston,00-0031503,QB,ints,0.743,0.0,0.0,0.0,1.0,2.0
2026_05_NYG_WAS,NYG,WAS,Jameis Winston,00-0031503,QB,car,2.256,0.0,1.0,2.0,3.0,5.0
2026_05_NYG_WAS,NYG,WAS,Jameis Winston,00-0031503,QB,rush_yds,9.298,-1.0,0.0,5.132,14.423,26.688
2026_05_NYG_WAS,NYG,WAS,Jameis Winston,00-0031503,QB,tgt,0.0,0.0,0.0,0.0,0.0,0.0
2026_05_NYG_WAS,NYG,WAS,Jameis Winston,00-0031503,QB,rec,0.0,0.0,0.0,0.0,0.0,0.0
2026_05_NYG_WAS,NYG,WAS,Jameis Winston,00-0031503,QB,rec_yds,0.001,0.0,0.0,0.0,0.0,0.0
2026_05_NYG_WAS,NYG,WAS,Jameis Winston,00-0031503,QB,anytime_td,0.085,0.0,0.0,0.0,0.0,0.0
2026_05_NYG_WAS,NYG,WAS,Jameis Winston,00-0031503,QB,first_td,0.019,0.019,0.019,0.019,0.019,0.019
2026_05_NYG_WAS,NYG,WAS,Theo Johnson,00-0039847,TE,car,0.003,0.0,0.0,0.0,0.0,0.0
2026_05_NYG_WAS,NYG,WAS,Theo Johnson,00-0039847,TE,rush_yds,0.006,0.0,0.0,0.0,0.0,0.0
2026_05_NYG_WAS,NYG,WAS,Theo Johnson,00-0039847,TE,tgt,2.686,0.0,1.0,2.0,4.0,5.0
2026_05_NYG_WAS,NYG,WAS,Theo Johnson,00-0039847,TE,rec,1.749,0.0,1.0,1.0,3.0,4.0
2026_05_NYG_WAS,NYG,WAS,Theo Johnson,00-0039847,TE,rec_yds,18.88,0.0,2.284,13.503,28.306,45.815
2026_05_NYG_WAS,NYG,WAS,Theo Johnson,00-0039847,TE,anytime_td,0.132,0.0,0.0,0.0,0.0,1.0
2026_05_NYG_WAS,NYG,WAS,Theo Johnson,00-0039847,TE,first_td,0.03,0.03,0.03,0.03,0.03,0.03
2026_05_NYG_WAS,NYG,WAS,Malik Nabers,00-0039337,WR,car,0.021,0.0,0.0,0.0,0.0,0.0
2026_05_NYG_WAS,NYG,WAS,Malik Nabers,00-0039337,WR,rush_yds,0.109,0.0,0.0,0.0,0.0,0.0
2026_05_NYG_WAS,NYG,WAS,Malik Nabers,00-0039337,WR,tgt,7.167,3.0,5.0,7.0,9.0,12.0
2026_05_NYG_WAS,NYG,WAS,Malik Nabers,00-0039337,WR,rec,4.554,2.0,3.0,4.0,6.0,8.0
2026_05_NYG_WAS,NYG,WAS,Malik Nabers,00-0039337,WR,rec_yds,57.917,14.535,28.895,50.979,79.504,110.206
2026_05_NYG_WAS,NYG,WAS,Malik Nabers,00-0039337,WR,anytime_td,0.248,0.0,0.0,0.0,0.0,1.0
2026_05_NYG_WAS,NYG,WAS,Malik Nabers,00-0039337,WR,first_td,0.059,0.059,0.059,0.059,0.059,0.059
2026_05_NYG_WAS,NYG,WAS,Tyrone Tracy Jr.,00-0039384,RB,car,4.298,0.0,2.0,3.0,6.0,9.0
2026_05_NYG_WAS,NYG,WAS,Tyrone Tracy Jr.,00-0039384,RB,rush_yds,18.204,0.0,3.742,12.088,26.283,44.332
2026_05_NYG_WAS,NYG,WAS,Tyrone Tracy Jr.,00-0039384,RB,tgt,1.269,0.0,0.0,1.0,2.0,3.0
2026_05_NYG_WAS,NYG,WAS,Tyrone Tracy Jr.,00-0039384,RB,rec,0.975,0.0,0.0,1.0,1.0,3.0
2026_05_NYG_WAS,NYG,WAS,Tyrone Tracy Jr.,00-0039384,RB,rec_yds,7.368,0.0,0.0,1.069,10.859,22.433
2026_05_NYG_WAS,NYG,WAS,Tyrone Tracy Jr.,00-0039384,RB,anytime_td,0.174,0.0,0.0,0.0,0.0,1.0
2026_05_NYG_WAS,NYG,WAS,Tyrone Tracy Jr.,00-0039384,RB,first_td,0.04,0.04,0.04,0.04,0.04,0.04
2026_05_NYG_WAS,NYG,WAS,Darnell Mooney,00-0036309,WR,car,0.16,0.0,0.0,0.0,0.0,0.0
2026_05_NYG_WAS,NYG,WAS,Darnell Mooney,00-0036309,WR,rush_yds,0.879,0.0,0.0,0.0,0.0,0.0
2026_05_NYG_WAS,NYG,WAS,Darnell Mooney,00-0036309,WR,tgt,3.251,1.0,2.0,3.0,4.0,6.0
2026_05_NYG_WAS,NYG,WAS,Darnell Mooney,00-0036309,WR,rec,1.943,0.0,1.0,2.0,3.0,4.0
2026_05_NYG_WAS,NYG,WAS,Darnell Mooney,00-0036309,WR,rec_yds,25.679,0.0,5.256,18.534,38.163,62.023
2026_05_NYG_WAS,NYG,WAS,Darnell Mooney,00-0036309,WR,anytime_td,0.094,0.0,0.0,0.0,0.0,0.0
2026_05_NYG_WAS,NYG,WAS,Darnell Mooney,00-0036309,WR,first_td,0.021,0.021,0.021,0.021,0.021,0.021
2026_05_PHI_JAX,JAX,PHI,Parker Washington,00-0038606,WR,car,0.423,0.0,0.0,0.0,0.0,1.0
2026_05_PHI_JAX,JAX,PHI,Parker Washington,00-0038606,WR,rush_yds,2.228,0.0,0.0,0.0,0.0,6.577
2026_05_PHI_JAX,JAX,PHI,Parker Washington,00-0038606,WR,tgt,6.469,3.0,4.0,6.0,8.0,11.0
2026_05_PHI_JAX,JAX,PHI,Parker Washington,00-0038606,WR,rec,4.037,1.0,2.0,4.0,5.0,7.0
2026_05_PHI_JAX,JAX,PHI,Parker Washington,00-0038606,WR,rec_yds,54.514,11.549,26.224,47.275,75.364,106.929
2026_05_PHI_JAX,JAX,PHI,Parker Washington,00-0038606,WR,anytime_td,0.305,0.0,0.0,0.0,1.0,1.0
2026_05_PHI_JAX,JAX,PHI,Parker Washington,00-0038606,WR,first_td,0.078,0.078,0.078,0.078,0.078,0.078
2026_05_PHI_JAX,JAX,PHI,Quintin Morris,00-0036590,TE,car,0.004,0.0,0.0,0.0,0.0,0.0
2026_05_PHI_JAX,JAX,PHI,Quintin Morris,00-0036590,TE,rush_yds,0.008,0.0,0.0,0.0,0.0,0.0
2026_05_PHI_JAX,JAX,PHI,Quintin Morris,00-0036590,TE,tgt,0.585,0.0,0.0,0.0,1.0,2.0
2026_05_PHI_JAX,JAX,PHI,Quintin Morris,00-0036590,TE,rec,0.417,0.0,0.0,0.0,1.0,1.0
2026_05_PHI_JAX,JAX,PHI,Quintin Morris,00-0036590,TE,rec_yds,4.302,0.0,0.0,0.0,4.311,16.082
2026_05_PHI_JAX,JAX,PHI,Quintin Morris,00-0036590,TE,anytime_td,0.024,0.0,0.0,0.0,0.0,0.0
2026_05_PHI_JAX,JAX,PHI,Quintin Morris,00-0036590,TE,first_td,0.005,0.005,0.005,0.005,0.005,0.005
2026_05_PHI_JAX,JAX,PHI,Nate Boerkircher,00-0041503,TE,car,0.004,0.0,0.0,0.0,0.0,0.0
2026_05_PHI_JAX,JAX,PHI,Nate Boerkircher,00-0041503,TE,rush_yds,0.008,0.0,0.0,0.0,0.0,0.0
2026_05_PHI_JAX,JAX,PHI,Nate Boerkircher,00-0041503,TE,tgt,1.35,0.0,0.0,1.0,2.0,3.0
2026_05_PHI_JAX,JAX,PHI,Nate Boerkircher,00-0041503,TE,rec,0.933,0.0,0.0,1.0,1.0,2.0
2026_05_PHI_JAX,JAX,PHI,Nate Boerkircher,00-0041503,TE,rec_yds,9.87,0.0,0.0,3.918,14.989,28.827
2026_05_PHI_JAX,JAX,PHI,Nate Boerkircher,00-0041503,TE,anytime_td,0.071,0.0,0.0,0.0,0.0,0.0
2026_05_PHI_JAX,JAX,PHI,Nate Boerkircher,00-0041503,TE,first_td,0.017,0.017,0.017,0.017,0.017,0.017
2026_05_PHI_JAX,JAX,PHI,Josh Cameron,00-0041100,WR,car,0.014,0.0,0.0,0.0,0.0,0.0
2026_05_PHI_JAX,JAX,PHI,Josh Cameron,00-0041100,WR,rush_yds,0.065,0.0,0.0,0.0,0.0,0.0
2026_05_PHI_JAX,JAX,PHI,Josh Cameron,00-0041100,WR,tgt,1.739,0.0,0.0,1.0,3.0,4.0
2026_05_PHI_JAX,JAX,PHI,Josh Cameron,00-0041100,WR,rec,1.131,0.0,0.0,1.0,2.0,3.0
2026_05_PHI_JAX,JAX,PHI,Josh Cameron,00-0041100,WR,rec_yds,14.815,0.0,0.0,7.51,22.476,41.742
2026_05_PHI_JAX,JAX,PHI,Josh Cameron,00-0041100,WR,anytime_td,0.131,0.0,0.0,0.0,0.0,1.0
2026_05_PHI_JAX,JAX,PHI,Josh Cameron,00-0041100,WR,first_td,0.032,0.032,0.032,0.032,0.032,0.032
2026_05_PHI_JAX,JAX,PHI,Travis Hunter,00-0040718,WR,car,0.266,0.0,0.0,0.0,0.0,1.0
2026_05_PHI_JAX,JAX,PHI,Travis Hunter,00-0040718,WR,rush_yds,1.459,0.0,0.0,0.0,0.0,0.973
2026_05_PHI_JAX,JAX,PHI,Travis Hunter,00-0040718,WR,tgt,2.301,0.0,1.0,2.0,3.0,5.0
2026_05_PHI_JAX,JAX,PHI,Travis Hunter,00-0040718,WR,rec,1.45,0.0,0.0,1.0,2.0,3.0
2026_05_PHI_JAX,JAX,PHI,Travis Hunter,00-0040718,WR,rec_yds,17.975,0.0,0.0,11.288,27.098,47.023
2026_05_PHI_JAX,JAX,PHI,Travis Hunter,00-0040718,WR,anytime_td,0.09,0.0,0.0,0.0,0.0,0.0
2026_05_PHI_JAX,JAX,PHI,Travis Hunter,00-0040718,WR,first_td,0.021,0.021,0.021,0.021,0.021,0.021
2026_05_PHI_JAX,JAX,PHI,LeQuint Allen Jr.,00-0040238,RB,car,0.808,0.0,0.0,0.0,1.0,3.0
2026_05_PHI_JAX,JAX,PHI,LeQuint Allen Jr.,00-0040238,RB,rush_yds,3.47,0.0,0.0,0.0,2.371,11.894
2026_05_PHI_JAX,JAX,PHI,LeQuint Allen Jr.,00-0040238,RB,tgt,0.77,0.0,0.0,0.0,1.0,2.0
2026_05_PHI_JAX,JAX,PHI,LeQuint Allen Jr.,00-0040238,RB,rec,0.601,0.0,0.0,0.0,1.0,2.0
2026_05_PHI_JAX,JAX,PHI,LeQuint Allen Jr.,00-0040238,RB,rec_yds,4.351,0.0,0.0,0.0,5.486,15.084
2026_05_PHI_JAX,JAX,PHI,LeQuint Allen Jr.,00-0040238,RB,anytime_td,0.057,0.0,0.0,0.0,0.0,0.0
2026_05_PHI_JAX,JAX,PHI,LeQuint Allen Jr.,00-0040238,RB,first_td,0.013,0.013,0.013,0.013,0.013,0.013
2026_05_PHI_JAX,JAX,PHI,Brenton Strange,00-0038935,TE,car,0.002,0.0,0.0,0.0,0.0,0.0
2026_05_PHI_JAX,JAX,PHI,Brenton Strange,00-0038935,TE,rush_yds,0.002,0.0,0.0,0.0,0.0,0.0
2026_05_PHI_JAX,JAX,PHI,Brenton Strange,00-0038935,TE,tgt,4.61,1.0,3.0,4.0,6.0,8.0
2026_05_PHI_JAX,JAX,PHI,Brenton Strange,00-0038935,TE,rec,3.356,1.0,2.0,3.0,5.0,6.0
2026_05_PHI_JAX,JAX,PHI,Brenton Strange,00-0038935,TE,rec_yds,36.754,5.624,15.387,31.521,51.829,75.165
2026_05_PHI_JAX,JAX,PHI,Brenton Strange,00-0038935,TE,anytime_td,0.197,0.0,0.0,0.0,0.0,1.0
2026_05_PHI_JAX,JAX,PHI,Brenton Strange,00-0038935,TE,first_td,0.048,0.048,0.048,0.048,0.048,0.048
2026_05_PHI_JAX,JAX,PHI,Chris Rodriguez Jr.,00-0038611,RB,car,7.536,2.0,4.0,7.0,10.0,14.0
2026_05_PHI_JAX,JAX,PHI,Chris Rodriguez Jr.,00-0038611,RB,rush_yds,31.896,4.701,12.193,25.421,44.648,67.215
2026_05_PHI_JAX,JAX,PHI,Chris Rodriguez Jr.,00-0038611,RB,tgt,0.221,0.0,0.0,0.0,0.0,1.0
2026_05_PHI_JAX,JAX,PHI,Chris Rodriguez Jr.,00-0038611,RB,rec,0.17,0.0,0.0,0.0,0.0,1.0
2026_05_PHI_JAX,JAX,PHI,Chris Rodriguez Jr.,00-0038611,RB,rec_yds,1.318,0.0,0.0,0.0,0.0,3.744
2026_05_PHI_JAX,JAX,PHI,Chris Rodriguez Jr.,00-0038611,RB,anytime_td,0.273,0.0,0.0,0.0,1.0,1.0
2026_05_PHI_JAX,JAX,PHI,Chris Rodriguez Jr.,00-0038611,RB,first_td,0.071,0.071,0.071,0.071,0.071,0.071
2026_05_PHI_JAX,JAX,PHI,Bhayshul Tuten,00-0040719,RB,car,12.285,5.0,8.0,12.0,16.0,20.0
2026_05_PHI_JAX,JAX,PHI,Bhayshul Tuten,00-0040719,RB,rush_yds,53.553,15.373,27.482,46.701,72.53,100.242
2026_05_PHI_JAX,JAX,PHI,Bhayshul Tuten,00-0040719,RB,tgt,1.477,0.0,0.0,1.0,2.0,3.1
2026_05_PHI_JAX,JAX,PHI,Bhayshul Tuten,00-0040719,RB,rec,1.19,0.0,0.0,1.0,2.0,3.0
2026_05_PHI_JAX,JAX,PHI,Bhayshul Tuten,00-0040719,RB,rec_yds,8.848,0.0,0.0,4.059,13.355,25.526
2026_05_PHI_JAX,JAX,PHI,Bhayshul Tuten,00-0040719,RB,anytime_td,0.35,0.0,0.0,0.0,1.0,1.0
2026_05_PHI_JAX,JAX,PHI,Bhayshul Tuten,00-0040719,RB,first_td,0.096,0.096,0.096,0.096,0.096,0.096
2026_05_PHI_JAX,JAX,PHI,Trevor Lawrence,00-0036971,QB,att,28.941,19.0,24.0,29.0,35.0,39.0
2026_05_PHI_JAX,JAX,PHI,Trevor Lawrence,00-0036971,QB,cmp,18.754,12.0,15.0,19.0,23.0,26.0
2026_05_PHI_JAX,JAX,PHI,Trevor Lawrence,00-0036971,QB,pass_yds,217.435,123.971,168.438,216.503,267.796,319.743
2026_05_PHI_JAX,JAX,PHI,Trevor Lawrence,00-0036971,QB,pass_td,1.498,0.0,1.0,1.0,2.0,3.0
2026_05_PHI_JAX,JAX,PHI,Trevor Lawrence,00-0036971,QB,ints,0.597,0.0,0.0,0.0,1.0,2.0
2026_05_PHI_JAX,JAX,PHI,Trevor Lawrence,00-0036971,QB,car,4.204,1.0,2.0,4.0,6.0,8.0
2026_05_PHI_JAX,JAX,PHI,Trevor Lawrence,00-0036971,QB,rush_yds,15.609,-1.0,2.92,11.707,23.587,37.633
2026_05_PHI_JAX,JAX,PHI,Trevor Lawrence,00-0036971,QB,tgt,0.001,0.0,0.0,0.0,0.0,0.0
2026_05_PHI_JAX,JAX,PHI,Trevor Lawrence,00-0036971,QB,rec,0.001,0.0,0.0,0.0,0.0,0.0
2026_05_PHI_JAX,JAX,PHI,Trevor Lawrence,00-0036971,QB,rec_yds,0.006,0.0,0.0,0.0,0.0,0.0
2026_05_PHI_JAX,JAX,PHI,Trevor Lawrence,00-0036971,QB,anytime_td,0.229,0.0,0.0,0.0,0.0,1.0
2026_05_PHI_JAX,JAX,PHI,Trevor Lawrence,00-0036971,QB,first_td,0.058,0.058,0.058,0.058,0.058,0.058
2026_05_PHI_JAX,JAX,PHI,Jakobi Meyers,00-0034960,WR,car,0.278,0.0,0.0,0.0,0.0,1.0
2026_05_PHI_JAX,JAX,PHI,Jakobi Meyers,00-0034960,WR,rush_yds,1.49,0.0,0.0,0.0,0.0,1.848
2026_05_PHI_JAX,JAX,PHI,Jakobi Meyers,00-0034960,WR,tgt,4.8,2.0,3.0,4.0,6.0,8.0
2026_05_PHI_JAX,JAX,PHI,Jakobi Meyers,00-0034960,WR,rec,3.247,1.0,2.0,3.0,4.0,6.0
2026_05_PHI_JAX,JAX,PHI,Jakobi Meyers,00-0034960,WR,rec_yds,39.806,5.105,15.914,33.69,56.339,82.3
2026_05_PHI_JAX,JAX,PHI,Jakobi Meyers,00-0034960,WR,anytime_td,0.246,0.0,0.0,0.0,0.0,1.0
2026_05_PHI_JAX,JAX,PHI,Jakobi Meyers,00-0034960,WR,first_td,0.061,0.061,0.061,0.061,0.061,0.061
2026_05_PHI_JAX,JAX,PHI,Brian Thomas Jr.,00-0039893,WR,car,0.061,0.0,0.0,0.0,0.0,0.0
2026_05_PHI_JAX,JAX,PHI,Brian Thomas Jr.,00-0039893,WR,rush_yds,0.347,0.0,0.0,0.0,0.0,0.0
2026_05_PHI_JAX,JAX,PHI,Brian Thomas Jr.,00-0039893,WR,tgt,3.992,1.0,2.0,4.0,5.0,7.0
2026_05_PHI_JAX,JAX,PHI,Brian Thomas Jr.,00-0039893,WR,rec,2.513,0.0,1.0,2.0,4.0,5.0
2026_05_PHI_JAX,JAX,PHI,Brian Thomas Jr.,00-0039893,WR,rec_yds,32.032,0.0,10.443,25.172,46.623,71.465
2026_05_PHI_JAX,JAX,PHI,Brian Thomas Jr.,00-0039893,WR,anytime_td,0.202,0.0,0.0,0.0,0.0,1.0
2026_05_PHI_JAX,JAX,PHI,Brian Thomas Jr.,00-0039893,WR,first_td,0.05,0.05,0.05,0.05,0.05,0.05
2026_05_PHI_JAX,JAX,PHI,Ameer Abdullah,00-0032104,RB,car,2.348,0.0,0.0,1.0,3.0,6.0
2026_05_PHI_JAX,JAX,PHI,Ameer Abdullah,00-0032104,RB,rush_yds,9.908,0.0,0.0,4.074,13.907,28.209
2026_05_PHI_JAX,JAX,PHI,Ameer Abdullah,00-0032104,RB,tgt,0.977,0.0,0.0,1.0,2.0,3.0
2026_05_PHI_JAX,JAX,PHI,Ameer Abdullah,00-0032104,RB,rec,0.76,0.0,0.0,0.0,1.0,2.0
2026_05_PHI_JAX,JAX,PHI,Ameer Abdullah,00-0032104,RB,rec_yds,5.352,0.0,0.0,0.0,7.804,17.378
2026_05_PHI_JAX,JAX,PHI,Ameer Abdullah,00-0032104,RB,anytime_td,0.088,0.0,0.0,0.0,0.0,0.0
2026_05_PHI_JAX,JAX,PHI,Ameer Abdullah,00-0032104,RB,first_td,0.02,0.02,0.02,0.02,0.02,0.02
2026_05_PHI_JAX,PHI,JAX,Johnny Mundt,00-0033246,TE,car,0.004,0.0,0.0,0.0,0.0,0.0
2026_05_PHI_JAX,PHI,JAX,Johnny Mundt,00-0033246,TE,rush_yds,0.007,0.0,0.0,0.0,0.0,0.0
2026_05_PHI_JAX,PHI,JAX,Johnny Mundt,00-0033246,TE,tgt,1.367,0.0,0.0,1.0,2.0,3.0
2026_05_PHI_JAX,PHI,JAX,Johnny Mundt,00-0033246,TE,rec,0.951,0.0,0.0,1.0,1.0,2.0
2026_05_PHI_JAX,PHI,JAX,Johnny Mundt,00-0033246,TE,rec_yds,9.065,0.0,0.0,3.662,13.775,26.765
2026_05_PHI_JAX,PHI,JAX,Johnny Mundt,00-0033246,TE,anytime_td,0.02,0.0,0.0,0.0,0.0,0.0
2026_05_PHI_JAX,PHI,JAX,Johnny Mundt,00-0033246,TE,first_td,0.006,0.006,0.006,0.006,0.006,0.006
2026_05_PHI_JAX,PHI,JAX,Will Shipley,00-0039746,RB,car,3.837,0.0,1.0,3.0,6.0,8.0
2026_05_PHI_JAX,PHI,JAX,Will Shipley,00-0039746,RB,rush_yds,14.068,0.0,2.244,8.86,20.184,35.203
2026_05_PHI_JAX,PHI,JAX,Will Shipley,00-0039746,RB,tgt,1.926,0.0,1.0,2.0,3.0,4.0
2026_05_PHI_JAX,PHI,JAX,Will Shipley,00-0039746,RB,rec,1.436,0.0,0.0,1.0,2.0,3.0
2026_05_PHI_JAX,PHI,JAX,Will Shipley,00-0039746,RB,rec_yds,10.148,0.0,0.0,5.74,14.944,27.619
2026_05_PHI_JAX,PHI,JAX,Will Shipley,00-0039746,RB,anytime_td,0.086,0.0,0.0,0.0,0.0,0.0
2026_05_PHI_JAX,PHI,JAX,Will Shipley,00-0039746,RB,first_td,0.028,0.028,0.028,0.028,0.028,0.028
2026_05_PHI_JAX,PHI,JAX,Makai Lemon,00-0040867,WR,car,0.361,0.0,0.0,0.0,0.0,1.0
2026_05_PHI_JAX,PHI,JAX,Makai Lemon,00-0040867,WR,rush_yds,1.751,0.0,0.0,0.0,0.0,4.687
2026_05_PHI_JAX,PHI,JAX,Makai Lemon,00-0040867,WR,tgt,6.437,3.0,4.0,6.0,8.0,11.0
2026_05_PHI_JAX,PHI,JAX,Makai Lemon,00-0040867,WR,rec,4.014,1.0,2.0,4.0,5.0,7.0
2026_05_PHI_JAX,PHI,JAX,Makai Lemon,00-0040867,WR,rec_yds,44.861,9.152,20.872,39.456,62.376,87.643
2026_05_PHI_JAX,PHI,JAX,Makai Lemon,00-0040867,WR,anytime_td,0.106,0.0,0.0,0.0,0.0,1.0
2026_05_PHI_JAX,PHI,JAX,Makai Lemon,00-0040867,WR,first_td,0.033,0.033,0.033,0.033,0.033,0.033
2026_05_PHI_JAX,PHI,JAX,Jalen Hurts,00-0036389,QB,att,29.667,20.0,25.0,30.0,35.0,40.0
2026_05_PHI_JAX,PHI,JAX,Jalen Hurts,00-0036389,QB,cmp,18.446,11.0,15.0,19.0,22.0,26.0
2026_05_PHI_JAX,PHI,JAX,Jalen Hurts,00-0036389,QB,pass_yds,192.409,108.463,148.127,190.338,238.535,283.577
2026_05_PHI_JAX,PHI,JAX,Jalen Hurts,00-0036389,QB,pass_td,1.056,0.0,0.0,1.0,2.0,2.0
2026_05_PHI_JAX,PHI,JAX,Jalen Hurts,00-0036389,QB,ints,0.802,0.0,0.0,1.0,1.0,2.0
2026_05_PHI_JAX,PHI,JAX,Jalen Hurts,00-0036389,QB,car,5.74,2.0,3.0,5.0,8.0,11.0
2026_05_PHI_JAX,PHI,JAX,Jalen Hurts,00-0036389,QB,rush_yds,25.759,2.776,10.52,21.834,36.712,53.029
2026_05_PHI_JAX,PHI,JAX,Jalen Hurts,00-0036389,QB,tgt,0.001,0.0,0.0,0.0,0.0,0.0
2026_05_PHI_JAX,PHI,JAX,Jalen Hurts,00-0036389,QB,rec,0.001,0.0,0.0,0.0,0.0,0.0
2026_05_PHI_JAX,PHI,JAX,Jalen Hurts,00-0036389,QB,rec_yds,0.006,0.0,0.0,0.0,0.0,0.0
2026_05_PHI_JAX,PHI,JAX,Jalen Hurts,00-0036389,QB,anytime_td,0.2,0.0,0.0,0.0,0.0,1.0
2026_05_PHI_JAX,PHI,JAX,Jalen Hurts,00-0036389,QB,first_td,0.07,0.07,0.07,0.07,0.07,0.07
2026_05_PHI_JAX,PHI,JAX,Saquon Barkley,00-0034844,RB,car,14.989,8.0,11.0,14.0,19.0,23.0
2026_05_PHI_JAX,PHI,JAX,Saquon Barkley,00-0034844,RB,rush_yds,58.111,20.587,33.467,52.064,75.995,103.749
2026_05_PHI_JAX,PHI,JAX,Saquon Barkley,00-0034844,RB,tgt,3.184,1.0,2.0,3.0,4.0,6.0
2026_05_PHI_JAX,PHI,JAX,Saquon Barkley,00-0034844,RB,rec,2.309,0.0,1.0,2.0,3.0,5.0
2026_05_PHI_JAX,PHI,JAX,Saquon Barkley,00-0034844,RB,rec_yds,15.494,0.0,3.487,11.215,22.736,37.044
2026_05_PHI_JAX,PHI,JAX,Saquon Barkley,00-0034844,RB,anytime_td,0.217,0.0,0.0,0.0,0.0,1.0
2026_05_PHI_JAX,PHI,JAX,Saquon Barkley,00-0034844,RB,first_td,0.075,0.075,0.075,0.075,0.075,0.075
2026_05_PHI_JAX,PHI,JAX,Elijah Moore,00-0036980,WR,car,0.183,0.0,0.0,0.0,0.0,0.0
2026_05_PHI_JAX,PHI,JAX,Elijah Moore,00-0036980,WR,rush_yds,0.864,0.0,0.0,0.0,0.0,0.0
2026_05_PHI_JAX,PHI,JAX,Elijah Moore,00-0036980,WR,tgt,1.383,0.0,0.0,1.0,2.0,3.0
2026_05_PHI_JAX,PHI,JAX,Elijah Moore,00-0036980,WR,rec,0.868,0.0,0.0,1.0,1.0,2.0
2026_05_PHI_JAX,PHI,JAX,Elijah Moore,00-0036980,WR,rec_yds,10.321,0.0,0.0,2.121,15.489,31.432
2026_05_PHI_JAX,PHI,JAX,Elijah Moore,00-0036980,WR,anytime_td,0.028,0.0,0.0,0.0,0.0,0.0
2026_05_PHI_JAX,PHI,JAX,Elijah Moore,00-0036980,WR,first_td,0.009,0.009,0.009,0.009,0.009,0.009
2026_05_PHI_JAX,PHI,JAX,Darius Cooper,00-0040024,WR,car,0.014,0.0,0.0,0.0,0.0,0.0
2026_05_PHI_JAX,PHI,JAX,Darius Cooper,00-0040024,WR,rush_yds,0.072,0.0,0.0,0.0,0.0,0.0
2026_05_PHI_JAX,PHI,JAX,Darius Cooper,00-0040024,WR,tgt,3.493,1.0,2.0,3.0,5.0,7.0
2026_05_PHI_JAX,PHI,JAX,Darius Cooper,00-0040024,WR,rec,2.094,0.0,1.0,2.0,3.0,4.0
2026_05_PHI_JAX,PHI,JAX,Darius Cooper,00-0040024,WR,rec_yds,25.356,0.0,6.534,18.76,37.485,59.814
2026_05_PHI_JAX,PHI,JAX,Darius Cooper,00-0040024,WR,anytime_td,0.175,0.0,0.0,0.0,0.0,1.0
2026_05_PHI_JAX,PHI,JAX,Darius Cooper,00-0040024,WR,first_td,0.059,0.059,0.059,0.059,0.059,0.059
2026_05_PHI_JAX,PHI,JAX,Zach Ertz,00-0030061,TE,car,0.003,0.0,0.0,0.0,0.0,0.0
2026_05_PHI_JAX,PHI,JAX,Zach Ertz,00-0030061,TE,rush_yds,0.008,0.0,0.0,0.0,0.0,0.0
2026_05_PHI_JAX,PHI,JAX,Zach Ertz,00-0030061,TE,tgt,5.817,2.0,4.0,5.0,8.0,10.0
2026_05_PHI_JAX,PHI,JAX,Zach Ertz,00-0030061,TE,rec,3.922,1.0,2.0,4.0,5.0,7.0
2026_05_PHI_JAX,PHI,JAX,Zach Ertz,00-0030061,TE,rec_yds,38.125,7.402,18.006,33.065,53.488,73.919
2026_05_PHI_JAX,PHI,JAX,Zach Ertz,00-0030061,TE,anytime_td,0.121,0.0,0.0,0.0,0.0,1.0
2026_05_PHI_JAX,PHI,JAX,Zach Ertz,00-0030061,TE,first_td,0.038,0.038,0.038,0.038,0.038,0.038
2026_05_PHI_JAX,PHI,JAX,Dontayvion Wicks,00-0038393,WR,car,0.042,0.0,0.0,0.0,0.0,0.0
2026_05_PHI_JAX,PHI,JAX,Dontayvion Wicks,00-0038393,WR,rush_yds,0.202,0.0,0.0,0.0,0.0,0.0
2026_05_PHI_JAX,PHI,JAX,Dontayvion Wicks,00-0038393,WR,tgt,6.576,3.0,4.0,6.0,9.0,11.0
2026_05_PHI_JAX,PHI,JAX,Dontayvion Wicks,00-0038393,WR,rec,3.986,1.0,2.0,4.0,5.0,7.0
2026_05_PHI_JAX,PHI,JAX,Dontayvion Wicks,00-0038393,WR,rec_yds,51.119,10.166,23.75,45.113,71.312,100.07
2026_05_PHI_JAX,PHI,JAX,Dontayvion Wicks,00-0038393,WR,anytime_td,0.156,0.0,0.0,0.0,0.0,1.0
2026_05_PHI_JAX,PHI,JAX,Dontayvion Wicks,00-0038393,WR,first_td,0.052,0.052,0.052,0.052,0.052,0.052
2026_05_SF_SEA,SEA,SF,George Holani,00-0039299,RB,car,6.428,1.0,3.0,5.0,9.0,13.0
2026_05_SF_SEA,SEA,SF,George Holani,00-0039299,RB,rush_yds,27.175,2.257,9.135,20.962,38.166,60.078
2026_05_SF_SEA,SEA,SF,George Holani,00-0039299,RB,tgt,2.045,0.0,1.0,2.0,3.0,4.0
2026_05_SF_SEA,SEA,SF,George Holani,00-0039299,RB,rec,1.656,0.0,0.0,1.0,2.0,4.0
2026_05_SF_SEA,SEA,SF,George Holani,00-0039299,RB,rec_yds,11.417,0.0,0.0,7.124,17.071,30.245
2026_05_SF_SEA,SEA,SF,George Holani,00-0039299,RB,anytime_td,0.223,0.0,0.0,0.0,0.0,1.0
2026_05_SF_SEA,SEA,SF,George Holani,00-0039299,RB,first_td,0.053,0.053,0.053,0.053,0.053,0.053
2026_05_SF_SEA,SEA,SF,Drew Lock,00-0035704,QB,att,29.212,19.0,25.0,30.0,35.0,39.0
2026_05_SF_SEA,SEA,SF,Drew Lock,00-0035704,QB,cmp,19.488,12.0,16.0,20.0,24.0,27.0
2026_05_SF_SEA,SEA,SF,Drew Lock,00-0035704,QB,pass_yds,213.725,122.686,165.592,213.555,263.766,311.592
2026_05_SF_SEA,SEA,SF,Drew Lock,00-0035704,QB,pass_td,1.528,0.0,1.0,1.0,2.0,3.0
2026_05_SF_SEA,SEA,SF,Drew Lock,00-0035704,QB,ints,0.567,0.0,0.0,0.0,1.0,2.0
2026_05_SF_SEA,SEA,SF,Drew Lock,00-0035704,QB,car,2.264,0.0,1.0,2.0,3.0,5.0
2026_05_SF_SEA,SEA,SF,Drew Lock,00-0035704,QB,rush_yds,9.331,-1.0,0.0,5.116,15.278,26.504
2026_05_SF_SEA,SEA,SF,Drew Lock,00-0035704,QB,tgt,0.001,0.0,0.0,0.0,0.0,0.0
2026_05_SF_SEA,SEA,SF,Drew Lock,00-0035704,QB,rec,0.001,0.0,0.0,0.0,0.0,0.0
2026_05_SF_SEA,SEA,SF,Drew Lock,00-0035704,QB,rec_yds,0.004,0.0,0.0,0.0,0.0,0.0
2026_05_SF_SEA,SEA,SF,Drew Lock,00-0035704,QB,anytime_td,0.022,0.0,0.0,0.0,0.0,0.0
2026_05_SF_SEA,SEA,SF,Drew Lock,00-0035704,QB,first_td,0.005,0.005,0.005,0.005,0.005,0.005
2026_05_SF_SEA,SEA,SF,AJ Barner,00-0039793,TE,car,0.353,0.0,0.0,0.0,0.0,1.0
2026_05_SF_SEA,SEA,SF,AJ Barner,00-0039793,TE,rush_yds,0.852,0.0,0.0,0.0,0.0,2.054
2026_05_SF_SEA,SEA,SF,AJ Barner,00-0039793,TE,tgt,3.997,1.0,2.0,4.0,5.0,7.0
2026_05_SF_SEA,SEA,SF,AJ Barner,00-0039793,TE,rec,2.789,1.0,1.0,2.0,4.0,5.0
2026_05_SF_SEA,SEA,SF,AJ Barner,00-0039793,TE,rec_yds,27.452,0.841,9.881,22.568,39.448,59.147
2026_05_SF_SEA,SEA,SF,AJ Barner,00-0039793,TE,anytime_td,0.21,0.0,0.0,0.0,0.0,1.0
2026_05_SF_SEA,SEA,SF,AJ Barner,00-0039793,TE,first_td,0.05,0.05,0.05,0.05,0.05,0.05
2026_05_SF_SEA,SEA,SF,Elijah Arroyo,00-0040739,TE,car,0.006,0.0,0.0,0.0,0.0,0.0
2026_05_SF_SEA,SEA,SF,Elijah Arroyo,00-0040739,TE,rush_yds,0.015,0.0,0.0,0.0,0.0,0.0
2026_05_SF_SEA,SEA,SF,Elijah Arroyo,00-0040739,TE,tgt,0.767,0.0,0.0,0.0,1.0,2.0
2026_05_SF_SEA,SEA,SF,Elijah Arroyo,00-0040739,TE,rec,0.556,0.0,0.0,0.0,1.0,2.0
2026_05_SF_SEA,SEA,SF,Elijah Arroyo,00-0040739,TE,rec_yds,5.521,0.0,0.0,0.0,7.447,19.201
2026_05_SF_SEA,SEA,SF,Elijah Arroyo,00-0040739,TE,anytime_td,0.03,0.0,0.0,0.0,0.0,0.0
2026_05_SF_SEA,SEA,SF,Elijah Arroyo,00-0040739,TE,first_td,0.007,0.007,0.007,0.007,0.007,0.007
2026_05_SF_SEA,SEA,SF,Rashid Shaheed,00-0037545,WR,car,1.035,0.0,0.0,0.0,1.0,3.0
2026_05_SF_SEA,SEA,SF,Rashid Shaheed,00-0037545,WR,rush_yds,6.435,0.0,0.0,0.0,6.007,22.145
2026_05_SF_SEA,SEA,SF,Rashid Shaheed,00-0037545,WR,tgt,3.762,1.0,2.0,3.0,5.0,7.0
2026_05_SF_SEA,SEA,SF,Rashid Shaheed,00-0037545,WR,rec,2.248,0.0,1.0,2.0,3.0,5.0
2026_05_SF_SEA,SEA,SF,Rashid Shaheed,00-0037545,WR,rec_yds,26.509,0.0,7.339,20.094,39.0,60.952
2026_05_SF_SEA,SEA,SF,Rashid Shaheed,00-0037545,WR,anytime_td,0.158,0.0,0.0,0.0,0.0,1.0
2026_05_SF_SEA,SEA,SF,Rashid Shaheed,00-0037545,WR,first_td,0.037,0.037,0.037,0.037,0.037,0.037
2026_05_SF_SEA,SEA,SF,Emanuel Wilson,00-0038797,RB,car,15.85,8.0,11.0,15.0,20.0,24.0
2026_05_SF_SEA,SEA,SF,Emanuel Wilson,00-0038797,RB,rush_yds,67.095,24.729,38.789,60.024,88.51,118.401
2026_05_SF_SEA,SEA,SF,Emanuel Wilson,00-0038797,RB,tgt,1.42,0.0,0.0,1.0,2.0,3.0
2026_05_SF_SEA,SEA,SF,Emanuel Wilson,00-0038797,RB,rec,1.102,0.0,0.0,1.0,2.0,3.0
2026_05_SF_SEA,SEA,SF,Emanuel Wilson,00-0038797,RB,rec_yds,8.054,0.0,0.0,3.015,11.911,23.503
2026_05_SF_SEA,SEA,SF,Emanuel Wilson,00-0038797,RB,anytime_td,0.435,0.0,0.0,0.0,1.0,1.0
2026_05_SF_SEA,SEA,SF,Emanuel Wilson,00-0038797,RB,first_td,0.119,0.119,0.119,0.119,0.119,0.119
2026_05_SF_SEA,SEA,SF,Velus Jones Jr.,00-0037745,RB,car,2.266,0.0,0.0,1.0,3.0,6.0
2026_05_SF_SEA,SEA,SF,Velus Jones Jr.,00-0037745,RB,rush_yds,10.127,0.0,0.0,3.826,14.088,29.196
2026_05_SF_SEA,SEA,SF,Velus Jones Jr.,00-0037745,RB,tgt,0.209,0.0,0.0,0.0,0.0,1.0
2026_05_SF_SEA,SEA,SF,Velus Jones Jr.,00-0037745,RB,rec,0.163,0.0,0.0,0.0,0.0,1.0
2026_05_SF_SEA,SEA,SF,Velus Jones Jr.,00-0037745,RB,rec_yds,1.115,0.0,0.0,0.0,0.0,2.656
2026_05_SF_SEA,SEA,SF,Velus Jones Jr.,00-0037745,RB,anytime_td,0.065,0.0,0.0,0.0,0.0,0.0
2026_05_SF_SEA,SEA,SF,Velus Jones Jr.,00-0037745,RB,first_td,0.015,0.015,0.015,0.015,0.015,0.015
2026_05_SF_SEA,SEA,SF,Jaxon Smith-Njigba,00-0038543,WR,car,0.093,0.0,0.0,0.0,0.0,0.0
2026_05_SF_SEA,SEA,SF,Jaxon Smith-Njigba,00-0038543,WR,rush_yds,0.519,0.0,0.0,0.0,0.0,0.0
2026_05_SF_SEA,SEA,SF,Jaxon Smith-Njigba,00-0038543,WR,tgt,10.13,5.0,7.0,10.0,13.0,15.0
2026_05_SF_SEA,SEA,SF,Jaxon Smith-Njigba,00-0038543,WR,rec,7.146,3.0,5.0,7.0,9.0,11.0
2026_05_SF_SEA,SEA,SF,Jaxon Smith-Njigba,00-0038543,WR,rec_yds,91.232,35.14,56.062,84.033,119.39,158.115
2026_05_SF_SEA,SEA,SF,Jaxon Smith-Njigba,00-0038543,WR,anytime_td,0.461,0.0,0.0,0.0,1.0,1.0
2026_05_SF_SEA,SEA,SF,Jaxon Smith-Njigba,00-0038543,WR,first_td,0.127,0.127,0.127,0.127,0.127,0.127
2026_05_SF_SEA,SEA,SF,Brady Russell,00-0038488,RB,car,0.405,0.0,0.0,0.0,0.0,1.0
2026_05_SF_SEA,SEA,SF,Brady Russell,00-0038488,RB,rush_yds,1.847,0.0,0.0,0.0,0.0,4.938
2026_05_SF_SEA,SEA,SF,Brady Russell,00-0038488,RB,tgt,0.602,0.0,0.0,0.0,1.0,2.0
2026_05_SF_SEA,SEA,SF,Brady Russell,00-0038488,RB,rec,0.488,0.0,0.0,0.0,1.0,2.0
2026_05_SF_SEA,SEA,SF,Brady Russell,00-0038488,RB,rec_yds,3.526,0.0,0.0,0.0,3.746,12.217
2026_05_SF_SEA,SEA,SF,Brady Russell,00-0038488,RB,anytime_td,0.021,0.0,0.0,0.0,0.0,0.0
2026_05_SF_SEA,SEA,SF,Brady Russell,00-0038488,RB,first_td,0.005,0.005,0.005,0.005,0.005,0.005
2026_05_SF_SEA,SEA,SF,Cooper Kupp,00-0033908,WR,car,0.014,0.0,0.0,0.0,0.0,0.0
2026_05_SF_SEA,SEA,SF,Cooper Kupp,00-0033908,WR,rush_yds,0.073,0.0,0.0,0.0,0.0,0.0
2026_05_SF_SEA,SEA,SF,Cooper Kupp,00-0033908,WR,tgt,4.03,1.0,2.0,4.0,5.0,7.0
2026_05_SF_SEA,SEA,SF,Cooper Kupp,00-0033908,WR,rec,2.686,0.0,1.0,2.0,4.0,5.0
2026_05_SF_SEA,SEA,SF,Cooper Kupp,00-0033908,WR,rec_yds,31.272,0.0,10.793,25.297,45.608,68.374
2026_05_SF_SEA,SEA,SF,Cooper Kupp,00-0033908,WR,anytime_td,0.183,0.0,0.0,0.0,0.0,1.0
2026_05_SF_SEA,SEA,SF,Cooper Kupp,00-0033908,WR,first_td,0.043,0.043,0.043,0.043,0.043,0.043
2026_05_SF_SEA,SEA,SF,Eric Saubert,00-0033576,TE,car,0.003,0.0,0.0,0.0,0.0,0.0
2026_05_SF_SEA,SEA,SF,Eric Saubert,00-0033576,TE,rush_yds,0.01,0.0,0.0,0.0,0.0,0.0
2026_05_SF_SEA,SEA,SF,Eric Saubert,00-0033576,TE,tgt,0.81,0.0,0.0,0.0,1.0,2.0
2026_05_SF_SEA,SEA,SF,Eric Saubert,00-0033576,TE,rec,0.58,0.0,0.0,0.0,1.0,2.0
2026_05_SF_SEA,SEA,SF,Eric Saubert,00-0033576,TE,rec_yds,5.424,0.0,0.0,0.0,7.677,18.305
2026_05_SF_SEA,SEA,SF,Eric Saubert,00-0033576,TE,anytime_td,0.055,0.0,0.0,0.0,0.0,0.0
2026_05_SF_SEA,SEA,SF,Eric Saubert,00-0033576,TE,first_td,0.012,0.012,0.012,0.012,0.012,0.012
2026_05_SF_SEA,SEA,SF,Tory Horton,00-0040648,WR,car,0.016,0.0,0.0,0.0,0.0,0.0
2026_05_SF_SEA,SEA,SF,Tory Horton,00-0040648,WR,rush_yds,0.089,0.0,0.0,0.0,0.0,0.0
2026_05_SF_SEA,SEA,SF,Tory Horton,00-0040648,WR,tgt,1.995,0.0,1.0,2.0,3.0,4.0
2026_05_SF_SEA,SEA,SF,Tory Horton,00-0040648,WR,rec,1.336,0.0,0.0,1.0,2.0,3.0
2026_05_SF_SEA,SEA,SF,Tory Horton,00-0040648,WR,rec_yds,16.071,0.0,0.0,9.233,24.378,42.853
2026_05_SF_SEA,SEA,SF,Tory Horton,00-0040648,WR,anytime_td,0.168,0.0,0.0,0.0,0.0,1.0
2026_05_SF_SEA,SEA,SF,Tory Horton,00-0040648,WR,first_td,0.04,0.04,0.04,0.04,0.04,0.04
2026_05_SF_SEA,SF,SEA,Jordan Watkins,00-0040172,WR,car,0.016,0.0,0.0,0.0,0.0,0.0
2026_05_SF_SEA,SF,SEA,Jordan Watkins,00-0040172,WR,rush_yds,0.08,0.0,0.0,0.0,0.0,0.0
2026_05_SF_SEA,SF,SEA,Jordan Watkins,00-0040172,WR,tgt,1.025,0.0,0.0,1.0,2.0,3.0
2026_05_SF_SEA,SF,SEA,Jordan Watkins,00-0040172,WR,rec,0.645,0.0,0.0,0.0,1.0,2.0
2026_05_SF_SEA,SF,SEA,Jordan Watkins,00-0040172,WR,rec_yds,8.772,0.0,0.0,0.0,12.24,28.442
2026_05_SF_SEA,SF,SEA,Jordan Watkins,00-0040172,WR,anytime_td,0.026,0.0,0.0,0.0,0.0,0.0
2026_05_SF_SEA,SF,SEA,Jordan Watkins,00-0040172,WR,first_td,0.005,0.005,0.005,0.005,0.005,0.005
2026_05_SF_SEA,SF,SEA,Christian McCaffrey,00-0033280,RB,car,13.613,6.0,9.0,13.0,17.0,22.0
2026_05_SF_SEA,SF,SEA,Christian McCaffrey,00-0033280,RB,rush_yds,53.736,17.53,29.685,47.476,71.017,98.253
2026_05_SF_SEA,SF,SEA,Christian McCaffrey,00-0033280,RB,tgt,6.334,3.0,4.0,6.0,8.0,11.0
2026_05_SF_SEA,SF,SEA,Christian McCaffrey,00-0033280,RB,rec,4.749,2.0,3.0,4.0,6.0,8.0
2026_05_SF_SEA,SF,SEA,Christian McCaffrey,00-0033280,RB,rec_yds,36.026,7.185,16.768,30.926,49.758,70.653
2026_05_SF_SEA,SF,SEA,Christian McCaffrey,00-0033280,RB,anytime_td,0.485,0.0,0.0,0.0,1.0,1.0
2026_05_SF_SEA,SF,SEA,Christian McCaffrey,00-0033280,RB,first_td,0.131,0.131,0.131,0.131,0.131,0.131
2026_05_SF_SEA,SF,SEA,Brandin Cooks,00-0031236,WR,car,0.018,0.0,0.0,0.0,0.0,0.0
2026_05_SF_SEA,SF,SEA,Brandin Cooks,00-0031236,WR,rush_yds,0.09,0.0,0.0,0.0,0.0,0.0
2026_05_SF_SEA,SF,SEA,Brandin Cooks,00-0031236,WR,tgt,2.477,0.0,1.0,2.0,4.0,5.0
2026_05_SF_SEA,SF,SEA,Brandin Cooks,00-0031236,WR,rec,1.451,0.0,0.0,1.0,2.0,3.0
2026_05_SF_SEA,SF,SEA,Brandin Cooks,00-0031236,WR,rec_yds,18.469,0.0,0.0,11.573,27.556,48.153
2026_05_SF_SEA,SF,SEA,Brandin Cooks,00-0031236,WR,anytime_td,0.077,0.0,0.0,0.0,0.0,0.0
2026_05_SF_SEA,SF,SEA,Brandin Cooks,00-0031236,WR,first_td,0.016,0.016,0.016,0.016,0.016,0.016
2026_05_SF_SEA,SF,SEA,George Kittle,00-0033288,TE,car,0.012,0.0,0.0,0.0,0.0,0.0
2026_05_SF_SEA,SF,SEA,George Kittle,00-0033288,TE,rush_yds,0.025,0.0,0.0,0.0,0.0,0.0
2026_05_SF_SEA,SF,SEA,George Kittle,00-0033288,TE,tgt,6.167,2.0,4.0,6.0,8.0,10.0
2026_05_SF_SEA,SF,SEA,George Kittle,00-0033288,TE,rec,4.411,1.0,3.0,4.0,6.0,8.0
2026_05_SF_SEA,SF,SEA,George Kittle,00-0033288,TE,rec_yds,52.274,11.737,26.238,46.864,71.806,99.639
2026_05_SF_SEA,SF,SEA,George Kittle,00-0033288,TE,anytime_td,0.294,0.0,0.0,0.0,1.0,1.0
2026_05_SF_SEA,SF,SEA,George Kittle,00-0033288,TE,first_td,0.068,0.068,0.068,0.068,0.068,0.068
2026_05_SF_SEA,SF,SEA,Brock Purdy,00-0037834,QB,att,29.66,20.0,25.0,30.0,35.0,40.0
2026_05_SF_SEA,SF,SEA,Brock Purdy,00-0037834,QB,cmp,19.187,12.0,16.0,20.0,23.0,27.0
2026_05_SF_SEA,SF,SEA,Brock Purdy,00-0037834,QB,pass_yds,214.347,120.472,165.879,213.123,264.241,316.214
2026_05_SF_SEA,SF,SEA,Brock Purdy,00-0037834,QB,pass_td,1.386,0.0,1.0,1.0,2.0,3.0
2026_05_SF_SEA,SF,SEA,Brock Purdy,00-0037834,QB,ints,0.754,0.0,0.0,0.0,1.0,2.0
2026_05_SF_SEA,SF,SEA,Brock Purdy,00-0037834,QB,car,4.603,1.0,2.0,4.0,6.0,9.0
2026_05_SF_SEA,SF,SEA,Brock Purdy,00-0037834,QB,rush_yds,24.417,1.087,8.698,20.284,35.877,52.447
2026_05_SF_SEA,SF,SEA,Brock Purdy,00-0037834,QB,tgt,0.0,0.0,0.0,0.0,0.0,0.0
2026_05_SF_SEA,SF,SEA,Brock Purdy,00-0037834,QB,rec,0.0,0.0,0.0,0.0,0.0,0.0
2026_05_SF_SEA,SF,SEA,Brock Purdy,00-0037834,QB,rec_yds,0.001,0.0,0.0,0.0,0.0,0.0
2026_05_SF_SEA,SF,SEA,Brock Purdy,00-0037834,QB,anytime_td,0.214,0.0,0.0,0.0,0.0,1.0
2026_05_SF_SEA,SF,SEA,Brock Purdy,00-0037834,QB,first_td,0.048,0.048,0.048,0.048,0.048,0.048
2026_05_SF_SEA,SF,SEA,Deebo Samuel Sr.,00-0035719,WR,car,1.526,0.0,0.0,1.0,2.0,4.0
2026_05_SF_SEA,SF,SEA,Deebo Samuel Sr.,00-0035719,WR,rush_yds,8.336,0.0,0.0,0.0,11.124,27.708
2026_05_SF_SEA,SF,SEA,Deebo Samuel Sr.,00-0035719,WR,tgt,5.076,2.0,3.0,5.0,7.0,9.0
2026_05_SF_SEA,SF,SEA,Deebo Samuel Sr.,00-0035719,WR,rec,3.358,1.0,2.0,3.0,5.0,6.0
2026_05_SF_SEA,SF,SEA,Deebo Samuel Sr.,00-0035719,WR,rec_yds,37.373,5.236,15.273,31.682,53.171,76.25
2026_05_SF_SEA,SF,SEA,Deebo Samuel Sr.,00-0035719,WR,anytime_td,0.272,0.0,0.0,0.0,1.0,1.0
2026_05_SF_SEA,SF,SEA,Deebo Samuel Sr.,00-0035719,WR,first_td,0.062,0.062,0.062,0.062,0.062,0.062
2026_05_SF_SEA,SF,SEA,Mike Evans,00-0031408,WR,car,0.011,0.0,0.0,0.0,0.0,0.0
2026_05_SF_SEA,SF,SEA,Mike Evans,00-0031408,WR,rush_yds,0.048,0.0,0.0,0.0,0.0,0.0
2026_05_SF_SEA,SF,SEA,Mike Evans,00-0031408,WR,tgt,6.672,3.0,4.0,6.0,9.0,11.0
2026_05_SF_SEA,SF,SEA,Mike Evans,00-0031408,WR,rec,4.159,1.0,2.0,4.0,6.0,7.0
2026_05_SF_SEA,SF,SEA,Mike Evans,00-0031408,WR,rec_yds,58.398,12.713,28.476,51.132,80.424,114.031
2026_05_SF_SEA,SF,SEA,Mike Evans,00-0031408,WR,anytime_td,0.284,0.0,0.0,0.0,1.0,1.0
2026_05_SF_SEA,SF,SEA,Mike Evans,00-0031408,WR,first_td,0.065,0.065,0.065,0.065,0.065,0.065
2026_05_SF_SEA,SF,SEA,Luke Farrell,00-0036887,TE,car,0.002,0.0,0.0,0.0,0.0,0.0
2026_05_SF_SEA,SF,SEA,Luke Farrell,00-0036887,TE,rush_yds,0.003,0.0,0.0,0.0,0.0,0.0
2026_05_SF_SEA,SF,SEA,Luke Farrell,00-0036887,TE,tgt,0.825,0.0,0.0,0.0,1.0,2.0
2026_05_SF_SEA,SF,SEA,Luke Farrell,00-0036887,TE,rec,0.565,0.0,0.0,0.0,1.0,2.0
2026_05_SF_SEA,SF,SEA,Luke Farrell,00-0036887,TE,rec_yds,5.848,0.0,0.0,0.0,7.898,19.977
2026_05_SF_SEA,SF,SEA,Luke Farrell,00-0036887,TE,anytime_td,0.025,0.0,0.0,0.0,0.0,0.0
2026_05_SF_SEA,SF,SEA,Luke Farrell,00-0036887,TE,first_td,0.005,0.005,0.005,0.005,0.005,0.005
2026_05_SF_SEA,SF,SEA,Kaelon Black,00-0041052,RB,car,6.827,2.0,3.0,6.0,9.0,13.0
2026_05_SF_SEA,SF,SEA,Kaelon Black,00-0041052,RB,rush_yds,26.811,2.991,9.717,21.055,37.373,58.032
2026_05_SF_SEA,SF,SEA,Kaelon Black,00-0041052,RB,tgt,0.624,0.0,0.0,0.0,1.0,2.0
2026_05_SF_SEA,SF,SEA,Kaelon Black,00-0041052,RB,rec,0.464,0.0,0.0,0.0,1.0,2.0
2026_05_SF_SEA,SF,SEA,Kaelon Black,00-0041052,RB,rec_yds,3.378,0.0,0.0,0.0,3.208,12.008
2026_05_SF_SEA,SF,SEA,Kaelon Black,00-0041052,RB,anytime_td,0.153,0.0,0.0,0.0,0.0,1.0
2026_05_SF_SEA,SF,SEA,Kaelon Black,00-0041052,RB,first_td,0.034,0.034,0.034,0.034,0.034,0.034
2026_05_SF_SEA,SF,SEA,Jacob Cowing,00-0039365,WR,car,0.256,0.0,0.0,0.0,0.0,1.0
2026_05_SF_SEA,SF,SEA,Jacob Cowing,00-0039365,WR,rush_yds,1.288,0.0,0.0,0.0,0.0,0.95
2026_05_SF_SEA,SF,SEA,Jacob Cowing,00-0039365,WR,tgt,0.938,0.0,0.0,1.0,1.0,3.0
2026_05_SF_SEA,SF,SEA,Jacob Cowing,00-0039365,WR,rec,0.545,0.0,0.0,0.0,1.0,2.0
2026_05_SF_SEA,SF,SEA,Jacob Cowing,00-0039365,WR,rec_yds,6.852,0.0,0.0,0.0,8.828,23.115
2026_05_SF_SEA,SF,SEA,Jacob Cowing,00-0039365,WR,anytime_td,0.022,0.0,0.0,0.0,0.0,0.0
2026_05_SF_SEA,SF,SEA,Jacob Cowing,00-0039365,WR,first_td,0.004,0.004,0.004,0.004,0.004,0.004
2026_05_BUF_LA,LA,BUF,Tutu Atwell,00-0036849,WR,car,0.012,0.0,0.0,0.0,0.0,0.0
2026_05_BUF_LA,LA,BUF,Tutu Atwell,00-0036849,WR,rush_yds,0.053,0.0,0.0,0.0,0.0,0.0
2026_05_BUF_LA,LA,BUF,Tutu Atwell,00-0036849,WR,tgt,1.335,0.0,0.0,1.0,2.0,3.0
2026_05_BUF_LA,LA,BUF,Tutu Atwell,00-0036849,WR,rec,0.834,0.0,0.0,1.0,1.0,2.0
2026_05_BUF_LA,LA,BUF,Tutu Atwell,00-0036849,WR,rec_yds,11.188,0.0,0.0,0.0,16.166,34.103
2026_05_BUF_LA,LA,BUF,Tutu Atwell,00-0036849,WR,anytime_td,0.052,0.0,0.0,0.0,0.0,0.0
2026_05_BUF_LA,LA,BUF,Tutu Atwell,00-0036849,WR,first_td,0.009,0.009,0.009,0.009,0.009,0.009
2026_05_BUF_LA,LA,BUF,Kyren Williams,00-0037840,RB,car,11.986,5.0,8.0,11.0,15.0,20.0
2026_05_BUF_LA,LA,BUF,Kyren Williams,00-0037840,RB,rush_yds,55.806,16.589,29.326,49.168,74.715,103.349
2026_05_BUF_LA,LA,BUF,Kyren Williams,00-0037840,RB,tgt,4.637,1.0,3.0,4.0,6.0,8.0
2026_05_BUF_LA,LA,BUF,Kyren Williams,00-0037840,RB,rec,3.75,1.0,2.0,3.0,5.0,7.0
2026_05_BUF_LA,LA,BUF,Kyren Williams,00-0037840,RB,rec_yds,29.675,3.292,11.196,24.473,42.21,63.064
2026_05_BUF_LA,LA,BUF,Kyren Williams,00-0037840,RB,anytime_td,0.612,0.0,0.0,1.0,1.0,1.0
2026_05_BUF_LA,LA,BUF,Kyren Williams,00-0037840,RB,first_td,0.152,0.152,0.152,0.152,0.152,0.152
2026_05_BUF_LA,LA,BUF,Dean Connors,00-0041415,RB,car,2.343,0.0,0.0,1.0,3.0,6.0
2026_05_BUF_LA,LA,BUF,Dean Connors,00-0041415,RB,rush_yds,9.948,0.0,0.0,4.288,14.196,27.843
2026_05_BUF_LA,LA,BUF,Dean Connors,00-0041415,RB,tgt,0.75,0.0,0.0,0.0,1.0,2.0
2026_05_BUF_LA,LA,BUF,Dean Connors,00-0041415,RB,rec,0.594,0.0,0.0,0.0,1.0,2.0
2026_05_BUF_LA,LA,BUF,Dean Connors,00-0041415,RB,rec_yds,4.559,0.0,0.0,0.0,5.948,15.769
2026_05_BUF_LA,LA,BUF,Dean Connors,00-0041415,RB,anytime_td,0.15,0.0,0.0,0.0,0.0,1.0
2026_05_BUF_LA,LA,BUF,Dean Connors,00-0041415,RB,first_td,0.027,0.027,0.027,0.027,0.027,0.027
2026_05_BUF_LA,LA,BUF,Jordan Whittington,00-0039751,WR,car,0.062,0.0,0.0,0.0,0.0,0.0
2026_05_BUF_LA,LA,BUF,Jordan Whittington,00-0039751,WR,rush_yds,0.312,0.0,0.0,0.0,0.0,0.0
2026_05_BUF_LA,LA,BUF,Jordan Whittington,00-0039751,WR,tgt,1.006,0.0,0.0,1.0,2.0,3.0
2026_05_BUF_LA,LA,BUF,Jordan Whittington,00-0039751,WR,rec,0.651,0.0,0.0,0.0,1.0,2.0
2026_05_BUF_LA,LA,BUF,Jordan Whittington,00-0039751,WR,rec_yds,8.377,0.0,0.0,0.0,11.932,27.568
2026_05_BUF_LA,LA,BUF,Jordan Whittington,00-0039751,WR,anytime_td,0.035,0.0,0.0,0.0,0.0,0.0
2026_05_BUF_LA,LA,BUF,Jordan Whittington,00-0039751,WR,first_td,0.006,0.006,0.006,0.006,0.006,0.006
2026_05_BUF_LA,LA,BUF,Blake Corum,00-0039738,RB,car,7.124,2.0,4.0,6.0,10.0,13.0
2026_05_BUF_LA,LA,BUF,Blake Corum,00-0039738,RB,rush_yds,31.537,4.843,12.55,25.099,43.475,66.6
2026_05_BUF_LA,LA,BUF,Blake Corum,00-0039738,RB,tgt,1.401,0.0,0.0,1.0,2.0,3.0
2026_05_BUF_LA,LA,BUF,Blake Corum,00-0039738,RB,rec,1.074,0.0,0.0,1.0,2.0,3.0
2026_05_BUF_LA,LA,BUF,Blake Corum,00-0039738,RB,rec_yds,7.796,0.0,0.0,2.158,11.748,23.048
2026_05_BUF_LA,LA,BUF,Blake Corum,00-0039738,RB,anytime_td,0.257,0.0,0.0,0.0,1.0,1.0
2026_05_BUF_LA,LA,BUF,Blake Corum,00-0039738,RB,first_td,0.05,0.05,0.05,0.05,0.05,0.05
2026_05_BUF_LA,LA,BUF,Konata Mumpfield,00-0040590,WR,car,0.008,0.0,0.0,0.0,0.0,0.0
2026_05_BUF_LA,LA,BUF,Konata Mumpfield,00-0040590,WR,rush_yds,0.042,0.0,0.0,0.0,0.0,0.0
2026_05_BUF_LA,LA,BUF,Konata Mumpfield,00-0040590,WR,tgt,2.673,0.0,1.0,2.0,4.0,5.0
2026_05_BUF_LA,LA,BUF,Konata Mumpfield,00-0040590,WR,rec,1.552,0.0,0.0,1.0,2.0,4.0
2026_05_BUF_LA,LA,BUF,Konata Mumpfield,00-0040590,WR,rec_yds,21.413,0.0,0.0,14.004,31.866,55.07
2026_05_BUF_LA,LA,BUF,Konata Mumpfield,00-0040590,WR,anytime_td,0.15,0.0,0.0,0.0,0.0,1.0
2026_05_BUF_LA,LA,BUF,Konata Mumpfield,00-0040590,WR,first_td,0.027,0.027,0.027,0.027,0.027,0.027
2026_05_BUF_LA,LA,BUF,Davis Allen,00-0039074,TE,car,0.002,0.0,0.0,0.0,0.0,0.0
2026_05_BUF_LA,LA,BUF,Davis Allen,00-0039074,TE,rush_yds,0.005,0.0,0.0,0.0,0.0,0.0
2026_05_BUF_LA,LA,BUF,Davis Allen,00-0039074,TE,tgt,1.372,0.0,0.0,1.0,2.0,3.0
2026_05_BUF_LA,LA,BUF,Davis Allen,00-0039074,TE,rec,0.959,0.0,0.0,1.0,1.0,2.0
2026_05_BUF_LA,LA,BUF,Davis Allen,00-0039074,TE,rec_yds,10.134,0.0,0.0,3.827,15.263,29.985
2026_05_BUF_LA,LA,BUF,Davis Allen,00-0039074,TE,anytime_td,0.059,0.0,0.0,0.0,0.0,0.0
2026_05_BUF_LA,LA,BUF,Davis Allen,00-0039074,TE,first_td,0.01,0.01,0.01,0.01,0.01,0.01
2026_05_BUF_LA,LA,BUF,Davante Adams,00-0031381,WR,car,0.007,0.0,0.0,0.0,0.0,0.0
2026_05_BUF_LA,LA,BUF,Davante Adams,00-0031381,WR,rush_yds,0.025,0.0,0.0,0.0,0.0,0.0
2026_05_BUF_LA,LA,BUF,Davante Adams,00-0031381,WR,tgt,7.518,3.0,5.0,7.0,10.0,12.0
2026_05_BUF_LA,LA,BUF,Davante Adams,00-0031381,WR,rec,4.536,2.0,3.0,4.0,6.0,8.0
2026_05_BUF_LA,LA,BUF,Davante Adams,00-0031381,WR,rec_yds,67.578,16.452,33.584,59.835,93.389,128.51
2026_05_BUF_LA,LA,BUF,Davante Adams,00-0031381,WR,anytime_td,0.375,0.0,0.0,0.0,1.0,1.0
2026_05_BUF_LA,LA,BUF,Davante Adams,00-0031381,WR,first_td,0.076,0.076,0.076,0.076,0.076,0.076
2026_05_BUF_LA,LA,BUF,Matthew Stafford,00-0026498,QB,att,33.249,23.0,29.0,34.0,39.0,44.0
2026_05_BUF_LA,LA,BUF,Matthew Stafford,00-0026498,QB,cmp,21.675,14.0,18.0,22.0,26.0,30.0
2026_05_BUF_LA,LA,BUF,Matthew Stafford,00-0026498,QB,pass_yds,260.632,152.937,204.917,259.839,319.476,378.061
2026_05_BUF_LA,LA,BUF,Matthew Stafford,00-0026498,QB,pass_td,1.981,0.0,1.0,2.0,3.0,4.0
2026_05_BUF_LA,LA,BUF,Matthew Stafford,00-0026498,QB,ints,0.769,0.0,0.0,1.0,1.0,2.0
2026_05_BUF_LA,LA,BUF,Matthew Stafford,00-0026498,QB,car,2.192,0.0,1.0,2.0,3.0,5.0
2026_05_BUF_LA,LA,BUF,Matthew Stafford,00-0026498,QB,rush_yds,7.408,-1.651,0.0,2.893,11.623,22.181
2026_05_BUF_LA,LA,BUF,Matthew Stafford,00-0026498,QB,tgt,0.0,0.0,0.0,0.0,0.0,0.0
2026_05_BUF_LA,LA,BUF,Matthew Stafford,00-0026498,QB,rec,0.0,0.0,0.0,0.0,0.0,0.0
2026_05_BUF_LA,LA,BUF,Matthew Stafford,00-0026498,QB,rec_yds,0.001,0.0,0.0,0.0,0.0,0.0
2026_05_BUF_LA,LA,BUF,Matthew Stafford,00-0026498,QB,anytime_td,0.074,0.0,0.0,0.0,0.0,0.0
2026_05_BUF_LA,LA,BUF,Matthew Stafford,00-0026498,QB,first_td,0.013,0.013,0.013,0.013,0.013,0.013
2026_05_BUF_LA,LA,BUF,Puka Nacua,00-0039075,WR,car,0.698,0.0,0.0,0.0,1.0,2.0
2026_05_BUF_LA,LA,BUF,Puka Nacua,00-0039075,WR,rush_yds,3.909,0.0,0.0,0.0,1.111,14.5
2026_05_BUF_LA,LA,BUF,Puka Nacua,00-0039075,WR,tgt,9.331,5.0,6.0,9.0,12.0,14.0
2026_05_BUF_LA,LA,BUF,Puka Nacua,00-0039075,WR,rec,6.233,3.0,4.0,6.0,8.0,10.0
2026_05_BUF_LA,LA,BUF,Puka Nacua,00-0039075,WR,rec_yds,85.756,28.904,50.095,78.02,114.622,151.152
2026_05_BUF_LA,LA,BUF,Puka Nacua,00-0039075,WR,anytime_td,0.448,0.0,0.0,0.0,1.0,1.0
2026_05_BUF_LA,LA,BUF,Puka Nacua,00-0039075,WR,first_td,0.097,0.097,0.097,0.097,0.097,0.097
2026_05_BUF_LA,LA,BUF,Tyler Higbee,00-0033110,TE,car,0.003,0.0,0.0,0.0,0.0,0.0
2026_05_BUF_LA,LA,BUF,Tyler Higbee,00-0033110,TE,rush_yds,0.005,0.0,0.0,0.0,0.0,0.0
2026_05_BUF_LA,LA,BUF,Tyler Higbee,00-0033110,TE,tgt,3.635,1.0,2.0,3.0,5.0,7.0
2026_05_BUF_LA,LA,BUF,Tyler Higbee,00-0033110,TE,rec,2.714,0.0,1.0,2.0,4.0,5.0
2026_05_BUF_LA,LA,BUF,Tyler Higbee,00-0033110,TE,rec_yds,29.006,0.0,9.974,23.388,41.955,63.082
2026_05_BUF_LA,LA,BUF,Tyler Higbee,00-0033110,TE,anytime_td,0.223,0.0,0.0,0.0,0.0,1.0
2026_05_BUF_LA,LA,BUF,Tyler Higbee,00-0033110,TE,first_td,0.041,0.041,0.041,0.041,0.041,0.041
2026_05_BUF_LA,BUF,LA,Khalil Shakir,00-0037261,WR,car,0.017,0.0,0.0,0.0,0.0,0.0
2026_05_BUF_LA,BUF,LA,Khalil Shakir,00-0037261,WR,rush_yds,0.083,0.0,0.0,0.0,0.0,0.0
2026_05_BUF_LA,BUF,LA,Khalil Shakir,00-0037261,WR,tgt,5.983,2.0,4.0,6.0,8.0,10.0
2026_05_BUF_LA,BUF,LA,Khalil Shakir,00-0037261,WR,rec,3.924,1.0,2.0,4.0,5.0,7.0
2026_05_BUF_LA,BUF,LA,Khalil Shakir,00-0037261,WR,rec_yds,48.137,9.119,22.071,42.119,67.357,95.556
2026_05_BUF_LA,BUF,LA,Khalil Shakir,00-0037261,WR,anytime_td,0.226,0.0,0.0,0.0,0.0,1.0
2026_05_BUF_LA,BUF,LA,Khalil Shakir,00-0037261,WR,first_td,0.041,0.041,0.041,0.041,0.041,0.041
2026_05_BUF_LA,BUF,LA,Greg Dortch,00-0035500,WR,car,0.192,0.0,0.0,0.0,0.0,0.0
2026_05_BUF_LA,BUF,LA,Greg Dortch,00-0035500,WR,rush_yds,0.993,0.0,0.0,0.0,0.0,0.0
2026_05_BUF_LA,BUF,LA,Greg Dortch,00-0035500,WR,tgt,1.005,0.0,0.0,1.0,2.0,3.0
2026_05_BUF_LA,BUF,LA,Greg Dortch,00-0035500,WR,rec,0.635,0.0,0.0,0.0,1.0,2.0
2026_05_BUF_LA,BUF,LA,Greg Dortch,00-0035500,WR,rec_yds,8.09,0.0,0.0,0.0,11.223,26.332
2026_05_BUF_LA,BUF,LA,Greg Dortch,00-0035500,WR,anytime_td,0.056,0.0,0.0,0.0,0.0,0.0
2026_05_BUF_LA,BUF,LA,Greg Dortch,00-0035500,WR,first_td,0.01,0.01,0.01,0.01,0.01,0.01
2026_05_BUF_LA,BUF,LA,James Cook,00-0037248,RB,car,14.11,7.0,10.0,14.0,18.0,22.0
2026_05_BUF_LA,BUF,LA,James Cook,00-0037248,RB,rush_yds,66.437,23.154,37.549,59.125,88.009,118.902
2026_05_BUF_LA,BUF,LA,James Cook,00-0037248,RB,tgt,2.359,0.0,1.0,2.0,3.0,5.0
2026_05_BUF_LA,BUF,LA,James Cook,00-0037248,RB,rec,1.718,0.0,1.0,1.0,3.0,4.0
2026_05_BUF_LA,BUF,LA,James Cook,00-0037248,RB,rec_yds,12.854,0.0,0.0,8.269,18.852,33.484
2026_05_BUF_LA,BUF,LA,James Cook,00-0037248,RB,anytime_td,0.388,0.0,0.0,0.0,1.0,1.0
2026_05_BUF_LA,BUF,LA,James Cook,00-0037248,RB,first_td,0.08,0.08,0.08,0.08,0.08,0.08
2026_05_BUF_LA,BUF,LA,Dalton Kincaid,00-0038933,TE,car,0.005,0.0,0.0,0.0,0.0,0.0
2026_05_BUF_LA,BUF,LA,Dalton Kincaid,00-0038933,TE,rush_yds,0.013,0.0,0.0,0.0,0.0,0.0
2026_05_BUF_LA,BUF,LA,Dalton Kincaid,00-0038933,TE,tgt,4.199,1.0,2.0,4.0,6.0,8.0
2026_05_BUF_LA,BUF,LA,Dalton Kincaid,00-0038933,TE,rec,3.011,1.0,2.0,3.0,4.0,6.0
2026_05_BUF_LA,BUF,LA,Dalton Kincaid,00-0038933,TE,rec_yds,39.072,3.122,14.954,32.724,55.821,81.729
2026_05_BUF_LA,BUF,LA,Dalton Kincaid,00-0038933,TE,anytime_td,0.194,0.0,0.0,0.0,0.0,1.0
2026_05_BUF_LA,BUF,LA,Dalton Kincaid,00-0038933,TE,first_td,0.034,0.034,0.034,0.034,0.034,0.034
2026_05_BUF_LA,BUF,LA,Ray Davis,00-0039875,RB,car,1.49,0.0,0.0,1.0,2.0,4.0
2026_05_BUF_LA,BUF,LA,Ray Davis,00-0039875,RB,rush_yds,6.23,0.0,0.0,0.0,8.005,19.121
2026_05_BUF_LA,BUF,LA,Ray Davis,00-0039875,RB,tgt,0.578,0.0,0.0,0.0,1.0,2.0
2026_05_BUF_LA,BUF,LA,Ray Davis,00-0039875,RB,rec,0.438,0.0,0.0,0.0,1.0,1.0
2026_05_BUF_LA,BUF,LA,Ray Davis,00-0039875,RB,rec_yds,3.396,0.0,0.0,0.0,2.972,12.326
2026_05_BUF_LA,BUF,LA,Ray Davis,00-0039875,RB,anytime_td,0.056,0.0,0.0,0.0,0.0,0.0
2026_05_BUF_LA,BUF,LA,Ray Davis,00-0039875,RB,first_td,0.01,0.01,0.01,0.01,0.01,0.01
2026_05_BUF_LA,BUF,LA,Josh Palmer,00-0036988,WR,car,0.009,0.0,0.0,0.0,0.0,0.0
2026_05_BUF_LA,BUF,LA,Josh Palmer,00-0036988,WR,rush_yds,0.042,0.0,0.0,0.0,0.0,0.0
2026_05_BUF_LA,BUF,LA,Josh Palmer,00-0036988,WR,tgt,2.455,0.0,1.0,2.0,4.0,5.0
2026_05_BUF_LA,BUF,LA,Josh Palmer,00-0036988,WR,rec,1.381,0.0,0.0,1.0,2.0,3.0
2026_05_BUF_LA,BUF,LA,Josh Palmer,00-0036988,WR,rec_yds,19.586,0.0,0.0,12.066,29.91,51.139
2026_05_BUF_LA,BUF,LA,Josh Palmer,00-0036988,WR,anytime_td,0.142,0.0,0.0,0.0,0.0,1.0
2026_05_BUF_LA,BUF,LA,Josh Palmer,00-0036988,WR,first_td,0.024,0.024,0.024,0.024,0.024,0.024
2026_05_BUF_LA,BUF,LA,Ty Johnson,00-0035537,RB,car,2.132,0.0,0.0,1.0,3.0,5.0
2026_05_BUF_LA,BUF,LA,Ty Johnson,00-0035537,RB,rush_yds,8.416,0.0,0.0,3.442,11.555,23.802
2026_05_BUF_LA,BUF,LA,Ty Johnson,00-0035537,RB,tgt,2.558,0.0,1.0,2.0,4.0,5.0
2026_05_BUF_LA,BUF,LA,Ty Johnson,00-0035537,RB,rec,2.004,0.0,1.0,2.0,3.0,4.0
2026_05_BUF_LA,BUF,LA,Ty Johnson,00-0035537,RB,rec_yds,16.459,0.0,1.259,11.059,24.458,40.861
2026_05_BUF_LA,BUF,LA,Ty Johnson,00-0035537,RB,anytime_td,0.193,0.0,0.0,0.0,0.0,1.0
2026_05_BUF_LA,BUF,LA,Ty Johnson,00-0035537,RB,first_td,0.035,0.035,0.035,0.035,0.035,0.035
2026_05_BUF_LA,BUF,LA,Josh Allen,00-0034857,QB,att,29.773,20.0,25.0,30.0,36.0,40.0
2026_05_BUF_LA,BUF,LA,Josh Allen,00-0034857,QB,cmp,19.209,12.0,16.0,20.0,23.0,27.0
2026_05_BUF_LA,BUF,LA,Josh Allen,00-0034857,QB,pass_yds,227.885,130.583,176.961,227.335,279.592,331.53
2026_05_BUF_LA,BUF,LA,Josh Allen,00-0034857,QB,pass_td,1.537,0.0,1.0,1.0,2.0,3.0
2026_05_BUF_LA,BUF,LA,Josh Allen,00-0034857,QB,ints,0.71,0.0,0.0,0.0,1.0,2.0
2026_05_BUF_LA,BUF,LA,Josh Allen,00-0034857,QB,car,6.202,2.0,3.0,6.0,8.0,11.0
2026_05_BUF_LA,BUF,LA,Josh Allen,00-0034857,QB,rush_yds,26.669,2.989,10.593,22.425,38.023,55.378
2026_05_BUF_LA,BUF,LA,Josh Allen,00-0034857,QB,tgt,0.0,0.0,0.0,0.0,0.0,0.0
2026_05_BUF_LA,BUF,LA,Josh Allen,00-0034857,QB,rec,0.0,0.0,0.0,0.0,0.0,0.0
2026_05_BUF_LA,BUF,LA,Josh Allen,00-0034857,QB,rec_yds,0.001,0.0,0.0,0.0,0.0,0.0
2026_05_BUF_LA,BUF,LA,Josh Allen,00-0034857,QB,anytime_td,0.49,0.0,0.0,0.0,1.0,1.0
2026_05_BUF_LA,BUF,LA,Josh Allen,00-0034857,QB,first_td,0.107,0.107,0.107,0.107,0.107,0.107
2026_05_BUF_LA,BUF,LA,Jackson Hawes,00-0040194,TE,car,0.002,0.0,0.0,0.0,0.0,0.0
2026_05_BUF_LA,BUF,LA,Jackson Hawes,00-0040194,TE,rush_yds,0.003,0.0,0.0,0.0,0.0,0.0
2026_05_BUF_LA,BUF,LA,Jackson Hawes,00-0040194,TE,tgt,0.518,0.0,0.0,0.0,1.0,2.0
2026_05_BUF_LA,BUF,LA,Jackson Hawes,00-0040194,TE,rec,0.357,0.0,0.0,0.0,1.0,1.0
2026_05_BUF_LA,BUF,LA,Jackson Hawes,00-0040194,TE,rec_yds,3.877,0.0,0.0,0.0,1.1,14.206
2026_05_BUF_LA,BUF,LA,Jackson Hawes,00-0040194,TE,anytime_td,0.021,0.0,0.0,0.0,0.0,0.0
2026_05_BUF_LA,BUF,LA,Jackson Hawes,00-0040194,TE,first_td,0.003,0.003,0.003,0.003,0.003,0.003
2026_05_BUF_LA,BUF,LA,Keon Coleman,00-0039901,WR,car,0.01,0.0,0.0,0.0,0.0,0.0
2026_05_BUF_LA,BUF,LA,Keon Coleman,00-0039901,WR,rush_yds,0.041,0.0,0.0,0.0,0.0,0.0
2026_05_BUF_LA,BUF,LA,Keon Coleman,00-0039901,WR,tgt,3.796,1.0,2.0,3.0,5.0,7.0
2026_05_BUF_LA,BUF,LA,Keon Coleman,00-0039901,WR,rec,2.51,0.0,1.0,2.0,4.0,5.0
2026_05_BUF_LA,BUF,LA,Keon Coleman,00-0039901,WR,rec_yds,36.326,0.0,11.697,28.39,53.128,80.882
2026_05_BUF_LA,BUF,LA,Keon Coleman,00-0039901,WR,anytime_td,0.212,0.0,0.0,0.0,0.0,1.0
2026_05_BUF_LA,BUF,LA,Keon Coleman,00-0039901,WR,first_td,0.038,0.038,0.038,0.038,0.038,0.038
2026_05_BUF_LA,BUF,LA,DJ Moore,00-0034827,WR,car,0.481,0.0,0.0,0.0,0.0,2.0
2026_05_BUF_LA,BUF,LA,DJ Moore,00-0034827,WR,rush_yds,2.463,0.0,0.0,0.0,0.0,8.23
2026_05_BUF_LA,BUF,LA,DJ Moore,00-0034827,WR,tgt,4.543,1.0,3.0,4.0,6.0,8.0
2026_05_BUF_LA,BUF,LA,DJ Moore,00-0034827,WR,rec,2.738,1.0,1.0,2.0,4.0,5.0
2026_05_BUF_LA,BUF,LA,DJ Moore,00-0034827,WR,rec_yds,37.207,0.0,13.206,30.13,53.804,80.77
2026_05_BUF_LA,BUF,LA,DJ Moore,00-0034827,WR,anytime_td,0.225,0.0,0.0,0.0,0.0,1.0
2026_05_BUF_LA,BUF,LA,DJ Moore,00-0034827,WR,first_td,0.041,0.041,0.041,0.041,0.041,0.041
2026_05_BUF_LA,BUF,LA,Dawson Knox,00-0035689,TE,car,0.138,0.0,0.0,0.0,0.0,0.0
2026_05_BUF_LA,BUF,LA,Dawson Knox,00-0035689,TE,rush_yds,0.313,0.0,0.0,0.0,0.0,0.0
2026_05_BUF_LA,BUF,LA,Dawson Knox,00-0035689,TE,tgt,2.135,0.0,1.0,2.0,3.0,5.0
2026_05_BUF_LA,BUF,LA,Dawson Knox,00-0035689,TE,rec,1.556,0.0,0.0,1.0,2.0,4.0
2026_05_BUF_LA,BUF,LA,Dawson Knox,00-0035689,TE,rec_yds,15.734,0.0,0.0,10.429,24.071,39.716
2026_05_BUF_LA,BUF,LA,Dawson Knox,00-0035689,TE,anytime_td,0.151,0.0,0.0,0.0,0.0,1.0
2026_05_BUF_LA,BUF,LA,Dawson Knox,00-0035689,TE,first_td,0.027,0.027,0.027,0.027,0.027,0.027
