game_id,team,opp,player,player_id,pos,stat,mean,p10,p25,median,p75,p90
2025_03_MIA_BUF,BUF,MIA,Josh Allen,00-0034857,QB,att,29.408,19.0,25.0,30.0,35.0,40.0
2025_03_MIA_BUF,BUF,MIA,Josh Allen,00-0034857,QB,cmp,20.957,13.0,17.0,21.0,25.0,29.0
2025_03_MIA_BUF,BUF,MIA,Josh Allen,00-0034857,QB,pass_yds,248.37,148.119,196.564,247.775,303.267,357.787
2025_03_MIA_BUF,BUF,MIA,Josh Allen,00-0034857,QB,pass_td,1.801,0.0,1.0,2.0,3.0,3.0
2025_03_MIA_BUF,BUF,MIA,Josh Allen,00-0034857,QB,ints,0.467,0.0,0.0,0.0,1.0,1.0
2025_03_MIA_BUF,BUF,MIA,Josh Allen,00-0034857,QB,car,7.371,3.0,4.0,7.0,10.0,13.0
2025_03_MIA_BUF,BUF,MIA,Josh Allen,00-0034857,QB,rush_yds,32.806,4.751,14.297,28.41,46.284,66.148
2025_03_MIA_BUF,BUF,MIA,Josh Allen,00-0034857,QB,tgt,0.001,0.0,0.0,0.0,0.0,0.0
2025_03_MIA_BUF,BUF,MIA,Josh Allen,00-0034857,QB,rec,0.001,0.0,0.0,0.0,0.0,0.0
2025_03_MIA_BUF,BUF,MIA,Josh Allen,00-0034857,QB,rec_yds,0.007,0.0,0.0,0.0,0.0,0.0
2025_03_MIA_BUF,BUF,MIA,Josh Allen,00-0034857,QB,anytime_td,0.479,0.0,0.0,0.0,1.0,1.0
2025_03_MIA_BUF,BUF,MIA,Keon Coleman,00-0039901,WR,car,0.067,0.0,0.0,0.0,0.0,0.0
2025_03_MIA_BUF,BUF,MIA,Keon Coleman,00-0039901,WR,rush_yds,0.467,0.0,0.0,0.0,0.0,0.0
2025_03_MIA_BUF,BUF,MIA,Keon Coleman,00-0039901,WR,tgt,4.702,2.0,3.0,4.0,6.0,8.0
2025_03_MIA_BUF,BUF,MIA,Keon Coleman,00-0039901,WR,rec,3.307,1.0,2.0,3.0,5.0,6.0
2025_03_MIA_BUF,BUF,MIA,Keon Coleman,00-0039901,WR,rec_yds,45.32,6.584,18.726,39.073,64.0,92.341
2025_03_MIA_BUF,BUF,MIA,Keon Coleman,00-0039901,WR,anytime_td,0.311,0.0,0.0,0.0,1.0,1.0
2025_03_MIA_BUF,BUF,MIA,Khalil Shakir,00-0037261,WR,car,0.029,0.0,0.0,0.0,0.0,0.0
2025_03_MIA_BUF,BUF,MIA,Khalil Shakir,00-0037261,WR,rush_yds,0.2,0.0,0.0,0.0,0.0,0.0
2025_03_MIA_BUF,BUF,MIA,Khalil Shakir,00-0037261,WR,tgt,5.366,2.0,3.0,5.0,7.0,9.0
2025_03_MIA_BUF,BUF,MIA,Khalil Shakir,00-0037261,WR,rec,3.891,1.0,2.0,4.0,5.0,7.0
2025_03_MIA_BUF,BUF,MIA,Khalil Shakir,00-0037261,WR,rec_yds,48.812,8.922,22.133,42.624,68.147,96.532
2025_03_MIA_BUF,BUF,MIA,Khalil Shakir,00-0037261,WR,anytime_td,0.21,0.0,0.0,0.0,0.0,1.0
2025_03_MIA_BUF,BUF,MIA,James Cook,00-0037248,RB,car,14.438,7.0,10.0,14.0,19.0,23.0
2025_03_MIA_BUF,BUF,MIA,James Cook,00-0037248,RB,rush_yds,72.696,23.2,40.327,64.956,96.497,131.787
2025_03_MIA_BUF,BUF,MIA,James Cook,00-0037248,RB,tgt,2.173,0.0,1.0,2.0,3.0,5.0
2025_03_MIA_BUF,BUF,MIA,James Cook,00-0037248,RB,rec,1.948,0.0,1.0,2.0,3.0,4.0
2025_03_MIA_BUF,BUF,MIA,James Cook,00-0037248,RB,rec_yds,16.551,0.0,0.0,10.789,24.703,42.087
2025_03_MIA_BUF,BUF,MIA,James Cook,00-0037248,RB,anytime_td,0.55,0.0,0.0,1.0,1.0,1.0
2025_03_MIA_BUF,BUF,MIA,Dalton Kincaid,00-0038933,TE,car,0.004,0.0,0.0,0.0,0.0,0.0
2025_03_MIA_BUF,BUF,MIA,Dalton Kincaid,00-0038933,TE,rush_yds,0.018,0.0,0.0,0.0,0.0,0.0
2025_03_MIA_BUF,BUF,MIA,Dalton Kincaid,00-0038933,TE,tgt,4.398,1.0,2.0,4.0,6.0,8.0
2025_03_MIA_BUF,BUF,MIA,Dalton Kincaid,00-0038933,TE,rec,3.403,1.0,2.0,3.0,5.0,6.0
2025_03_MIA_BUF,BUF,MIA,Dalton Kincaid,00-0038933,TE,rec_yds,36.945,5.089,15.578,31.755,52.334,75.462
2025_03_MIA_BUF,BUF,MIA,Dalton Kincaid,00-0038933,TE,anytime_td,0.268,0.0,0.0,0.0,1.0,1.0
2025_03_MIA_BUF,BUF,MIA,Dawson Knox,00-0035689,TE,car,0.006,0.0,0.0,0.0,0.0,0.0
2025_03_MIA_BUF,BUF,MIA,Dawson Knox,00-0035689,TE,rush_yds,0.012,0.0,0.0,0.0,0.0,0.0
2025_03_MIA_BUF,BUF,MIA,Dawson Knox,00-0035689,TE,tgt,2.612,0.0,1.0,2.0,4.0,5.0
2025_03_MIA_BUF,BUF,MIA,Dawson Knox,00-0035689,TE,rec,1.982,0.0,1.0,2.0,3.0,4.0
2025_03_MIA_BUF,BUF,MIA,Dawson Knox,00-0035689,TE,rec_yds,21.701,0.0,4.485,15.366,32.274,52.207
2025_03_MIA_BUF,BUF,MIA,Dawson Knox,00-0035689,TE,anytime_td,0.094,0.0,0.0,0.0,0.0,0.0
2025_03_MIA_BUF,BUF,MIA,Jackson Hawes,00-0040194,TE,car,0.002,0.0,0.0,0.0,0.0,0.0
2025_03_MIA_BUF,BUF,MIA,Jackson Hawes,00-0040194,TE,rush_yds,0.009,0.0,0.0,0.0,0.0,0.0
2025_03_MIA_BUF,BUF,MIA,Jackson Hawes,00-0040194,TE,tgt,0.911,0.0,0.0,1.0,1.0,3.0
2025_03_MIA_BUF,BUF,MIA,Jackson Hawes,00-0040194,TE,rec,0.731,0.0,0.0,0.0,1.0,2.0
2025_03_MIA_BUF,BUF,MIA,Jackson Hawes,00-0040194,TE,rec_yds,8.267,0.0,0.0,0.0,11.955,26.491
2025_03_MIA_BUF,BUF,MIA,Jackson Hawes,00-0040194,TE,anytime_td,0.029,0.0,0.0,0.0,0.0,0.0
2025_03_MIA_BUF,BUF,MIA,Josh Palmer,00-0036988,WR,car,0.016,0.0,0.0,0.0,0.0,0.0
2025_03_MIA_BUF,BUF,MIA,Josh Palmer,00-0036988,WR,rush_yds,0.092,0.0,0.0,0.0,0.0,0.0
2025_03_MIA_BUF,BUF,MIA,Josh Palmer,00-0036988,WR,tgt,4.414,1.0,2.0,4.0,6.0,8.0
2025_03_MIA_BUF,BUF,MIA,Josh Palmer,00-0036988,WR,rec,3.034,1.0,2.0,3.0,4.0,6.0
2025_03_MIA_BUF,BUF,MIA,Josh Palmer,00-0036988,WR,rec_yds,42.204,5.086,16.417,34.659,60.492,88.399
2025_03_MIA_BUF,BUF,MIA,Josh Palmer,00-0036988,WR,anytime_td,0.159,0.0,0.0,0.0,0.0,1.0
2025_03_MIA_BUF,BUF,MIA,Ty Johnson,00-0035537,RB,car,3.199,0.0,1.0,2.0,5.0,8.0
2025_03_MIA_BUF,BUF,MIA,Ty Johnson,00-0035537,RB,rush_yds,15.703,0.0,0.0,8.11,22.332,41.701
2025_03_MIA_BUF,BUF,MIA,Ty Johnson,00-0035537,RB,tgt,1.358,0.0,0.0,1.0,2.0,3.0
2025_03_MIA_BUF,BUF,MIA,Ty Johnson,00-0035537,RB,rec,1.109,0.0,0.0,1.0,2.0,3.0
2025_03_MIA_BUF,BUF,MIA,Ty Johnson,00-0035537,RB,rec_yds,9.204,0.0,0.0,3.435,13.921,27.156
2025_03_MIA_BUF,BUF,MIA,Ty Johnson,00-0035537,RB,anytime_td,0.141,0.0,0.0,0.0,0.0,1.0
2025_03_MIA_BUF,BUF,MIA,Elijah Moore,00-0036980,WR,car,0.879,0.0,0.0,0.0,1.0,3.0
2025_03_MIA_BUF,BUF,MIA,Elijah Moore,00-0036980,WR,rush_yds,5.179,0.0,0.0,0.0,3.432,17.983
2025_03_MIA_BUF,BUF,MIA,Elijah Moore,00-0036980,WR,tgt,2.551,0.0,1.0,2.0,4.0,5.0
2025_03_MIA_BUF,BUF,MIA,Elijah Moore,00-0036980,WR,rec,1.749,0.0,1.0,1.0,3.0,4.0
2025_03_MIA_BUF,BUF,MIA,Elijah Moore,00-0036980,WR,rec_yds,23.06,0.0,2.167,15.815,34.91,57.101
2025_03_MIA_BUF,BUF,MIA,Elijah Moore,00-0036980,WR,anytime_td,0.207,0.0,0.0,0.0,0.0,1.0
2025_03_MIA_BUF,BUF,MIA,Tyrell Shavers,00-0038679,WR,car,0.02,0.0,0.0,0.0,0.0,0.0
2025_03_MIA_BUF,BUF,MIA,Tyrell Shavers,00-0038679,WR,rush_yds,0.085,0.0,0.0,0.0,0.0,0.0
2025_03_MIA_BUF,BUF,MIA,Tyrell Shavers,00-0038679,WR,tgt,0.874,0.0,0.0,0.0,1.0,2.0
2025_03_MIA_BUF,BUF,MIA,Tyrell Shavers,00-0038679,WR,rec,0.587,0.0,0.0,0.0,1.0,2.0
2025_03_MIA_BUF,BUF,MIA,Tyrell Shavers,00-0038679,WR,rec_yds,8.315,0.0,0.0,0.0,10.833,27.895
2025_03_MIA_BUF,BUF,MIA,Tyrell Shavers,00-0038679,WR,anytime_td,0.073,0.0,0.0,0.0,0.0,0.0
2025_03_MIA_BUF,BUF,MIA,Ray Davis,00-0039875,RB,car,5.122,1.0,2.0,4.0,7.0,11.0
2025_03_MIA_BUF,BUF,MIA,Ray Davis,00-0039875,RB,rush_yds,22.577,0.0,5.038,15.501,32.538,54.553
2025_03_MIA_BUF,BUF,MIA,Ray Davis,00-0039875,RB,tgt,0.65,0.0,0.0,0.0,1.0,2.0
2025_03_MIA_BUF,BUF,MIA,Ray Davis,00-0039875,RB,rec,0.558,0.0,0.0,0.0,1.0,2.0
2025_03_MIA_BUF,BUF,MIA,Ray Davis,00-0039875,RB,rec_yds,4.185,0.0,0.0,0.0,5.185,15.034
2025_03_MIA_BUF,BUF,MIA,Ray Davis,00-0039875,RB,anytime_td,0.174,0.0,0.0,0.0,0.0,1.0
2025_03_MIA_BUF,MIA,BUF,Tua Tagovailoa,00-0036212,QB,att,32.432,22.0,28.0,33.0,38.0,43.0
2025_03_MIA_BUF,MIA,BUF,Tua Tagovailoa,00-0036212,QB,cmp,21.107,14.0,18.0,21.0,25.0,29.0
2025_03_MIA_BUF,MIA,BUF,Tua Tagovailoa,00-0036212,QB,pass_yds,221.347,131.133,175.847,221.232,270.652,318.357
2025_03_MIA_BUF,MIA,BUF,Tua Tagovailoa,00-0036212,QB,pass_td,1.243,0.0,0.0,1.0,2.0,3.0
2025_03_MIA_BUF,MIA,BUF,Tua Tagovailoa,00-0036212,QB,ints,0.831,0.0,0.0,1.0,1.0,2.0
2025_03_MIA_BUF,MIA,BUF,Tua Tagovailoa,00-0036212,QB,car,1.736,0.0,0.0,1.0,3.0,4.0
2025_03_MIA_BUF,MIA,BUF,Tua Tagovailoa,00-0036212,QB,rush_yds,8.496,-1.0,0.0,3.965,12.887,24.219
2025_03_MIA_BUF,MIA,BUF,Tua Tagovailoa,00-0036212,QB,tgt,0.0,0.0,0.0,0.0,0.0,0.0
2025_03_MIA_BUF,MIA,BUF,Tua Tagovailoa,00-0036212,QB,rec,0.0,0.0,0.0,0.0,0.0,0.0
2025_03_MIA_BUF,MIA,BUF,Tua Tagovailoa,00-0036212,QB,rec_yds,0.0,0.0,0.0,0.0,0.0,0.0
2025_03_MIA_BUF,MIA,BUF,Tua Tagovailoa,00-0036212,QB,anytime_td,0.01,0.0,0.0,0.0,0.0,0.0
2025_03_MIA_BUF,MIA,BUF,Jaylen Waddle,00-0036613,WR,car,0.196,0.0,0.0,0.0,0.0,1.0
2025_03_MIA_BUF,MIA,BUF,Jaylen Waddle,00-0036613,WR,rush_yds,0.888,0.0,0.0,0.0,0.0,0.0
2025_03_MIA_BUF,MIA,BUF,Jaylen Waddle,00-0036613,WR,tgt,6.02,2.0,4.0,6.0,8.0,10.0
2025_03_MIA_BUF,MIA,BUF,Jaylen Waddle,00-0036613,WR,rec,3.934,1.0,2.0,4.0,5.0,7.0
2025_03_MIA_BUF,MIA,BUF,Jaylen Waddle,00-0036613,WR,rec_yds,46.879,8.997,21.78,41.471,65.338,91.49
2025_03_MIA_BUF,MIA,BUF,Jaylen Waddle,00-0036613,WR,anytime_td,0.218,0.0,0.0,0.0,0.0,1.0
2025_03_MIA_BUF,MIA,BUF,Tyreek Hill,00-0033040,WR,car,0.236,0.0,0.0,0.0,0.0,1.0
2025_03_MIA_BUF,MIA,BUF,Tyreek Hill,00-0033040,WR,rush_yds,1.146,0.0,0.0,0.0,0.0,0.896
2025_03_MIA_BUF,MIA,BUF,Tyreek Hill,00-0033040,WR,tgt,7.327,3.0,5.0,7.0,9.0,12.0
2025_03_MIA_BUF,MIA,BUF,Tyreek Hill,00-0033040,WR,rec,4.8,2.0,3.0,4.0,6.0,8.0
2025_03_MIA_BUF,MIA,BUF,Tyreek Hill,00-0033040,WR,rec_yds,59.572,15.005,30.183,52.579,81.494,113.175
2025_03_MIA_BUF,MIA,BUF,Tyreek Hill,00-0033040,WR,anytime_td,0.188,0.0,0.0,0.0,0.0,1.0
2025_03_MIA_BUF,MIA,BUF,De'Von Achane,00-0039040,RB,car,14.201,7.0,10.0,14.0,18.0,22.0
2025_03_MIA_BUF,MIA,BUF,De'Von Achane,00-0039040,RB,rush_yds,57.21,20.079,32.682,51.262,75.092,102.502
2025_03_MIA_BUF,MIA,BUF,De'Von Achane,00-0039040,RB,tgt,6.161,2.0,4.0,6.0,8.0,10.0
2025_03_MIA_BUF,MIA,BUF,De'Von Achane,00-0039040,RB,rec,4.852,2.0,3.0,5.0,6.0,8.0
2025_03_MIA_BUF,MIA,BUF,De'Von Achane,00-0039040,RB,rec_yds,37.437,6.749,17.385,31.932,52.382,75.107
2025_03_MIA_BUF,MIA,BUF,De'Von Achane,00-0039040,RB,anytime_td,0.498,0.0,0.0,0.0,1.0,1.0
2025_03_MIA_BUF,MIA,BUF,Julian Hill,00-0038720,TE,car,0.002,0.0,0.0,0.0,0.0,0.0
2025_03_MIA_BUF,MIA,BUF,Julian Hill,00-0038720,TE,rush_yds,0.005,0.0,0.0,0.0,0.0,0.0
2025_03_MIA_BUF,MIA,BUF,Julian Hill,00-0038720,TE,tgt,0.633,0.0,0.0,0.0,1.0,2.0
2025_03_MIA_BUF,MIA,BUF,Julian Hill,00-0038720,TE,rec,0.438,0.0,0.0,0.0,1.0,1.0
2025_03_MIA_BUF,MIA,BUF,Julian Hill,00-0038720,TE,rec_yds,4.403,0.0,0.0,0.0,4.935,15.747
2025_03_MIA_BUF,MIA,BUF,Julian Hill,00-0038720,TE,anytime_td,0.007,0.0,0.0,0.0,0.0,0.0
2025_03_MIA_BUF,MIA,BUF,Malik Washington,00-0039880,WR,car,1.562,0.0,0.0,1.0,2.0,4.0
2025_03_MIA_BUF,MIA,BUF,Malik Washington,00-0039880,WR,rush_yds,7.753,0.0,0.0,0.0,11.258,24.49
2025_03_MIA_BUF,MIA,BUF,Malik Washington,00-0039880,WR,tgt,3.657,1.0,2.0,3.0,5.0,7.0
2025_03_MIA_BUF,MIA,BUF,Malik Washington,00-0039880,WR,rec,2.235,0.0,1.0,2.0,3.0,5.0
2025_03_MIA_BUF,MIA,BUF,Malik Washington,00-0039880,WR,rec_yds,25.2,0.0,6.657,18.955,37.018,57.794
2025_03_MIA_BUF,MIA,BUF,Malik Washington,00-0039880,WR,anytime_td,0.086,0.0,0.0,0.0,0.0,0.0
2025_03_MIA_BUF,MIA,BUF,Tanner Conner,00-0037348,TE,car,0.002,0.0,0.0,0.0,0.0,0.0
2025_03_MIA_BUF,MIA,BUF,Tanner Conner,00-0037348,TE,rush_yds,0.006,0.0,0.0,0.0,0.0,0.0
2025_03_MIA_BUF,MIA,BUF,Tanner Conner,00-0037348,TE,tgt,1.498,0.0,0.0,1.0,2.0,4.0
2025_03_MIA_BUF,MIA,BUF,Tanner Conner,00-0037348,TE,rec,1.019,0.0,0.0,1.0,2.0,3.0
2025_03_MIA_BUF,MIA,BUF,Tanner Conner,00-0037348,TE,rec_yds,9.889,0.0,0.0,4.759,14.975,28.472
2025_03_MIA_BUF,MIA,BUF,Tanner Conner,00-0037348,TE,anytime_td,0.04,0.0,0.0,0.0,0.0,0.0
2025_03_MIA_BUF,MIA,BUF,Alec Ingold,00-0035125,RB,car,0.773,0.0,0.0,0.0,1.0,3.0
2025_03_MIA_BUF,MIA,BUF,Alec Ingold,00-0035125,RB,rush_yds,3.033,0.0,0.0,0.0,2.525,10.359
2025_03_MIA_BUF,MIA,BUF,Alec Ingold,00-0035125,RB,tgt,1.438,0.0,0.0,1.0,2.0,3.0
2025_03_MIA_BUF,MIA,BUF,Alec Ingold,00-0035125,RB,rec,1.117,0.0,0.0,1.0,2.0,3.0
2025_03_MIA_BUF,MIA,BUF,Alec Ingold,00-0035125,RB,rec_yds,7.75,0.0,0.0,2.95,11.711,23.07
2025_03_MIA_BUF,MIA,BUF,Alec Ingold,00-0035125,RB,anytime_td,0.04,0.0,0.0,0.0,0.0,0.0
2025_03_MIA_BUF,MIA,BUF,Nick Westbrook-Ikhine,00-0036182,WR,car,0.014,0.0,0.0,0.0,0.0,0.0
2025_03_MIA_BUF,MIA,BUF,Nick Westbrook-Ikhine,00-0036182,WR,rush_yds,0.089,0.0,0.0,0.0,0.0,0.0
2025_03_MIA_BUF,MIA,BUF,Nick Westbrook-Ikhine,00-0036182,WR,tgt,3.948,1.0,2.0,4.0,5.0,7.0
2025_03_MIA_BUF,MIA,BUF,Nick Westbrook-Ikhine,00-0036182,WR,rec,2.397,0.0,1.0,2.0,3.0,5.0
2025_03_MIA_BUF,MIA,BUF,Nick Westbrook-Ikhine,00-0036182,WR,rec_yds,28.859,0.0,8.501,22.798,41.844,65.674
2025_03_MIA_BUF,MIA,BUF,Nick Westbrook-Ikhine,00-0036182,WR,anytime_td,0.165,0.0,0.0,0.0,0.0,1.0
2025_03_MIA_BUF,MIA,BUF,Ollie Gordon II,00-0040198,RB,car,3.166,0.0,1.0,2.0,5.0,7.0
2025_03_MIA_BUF,MIA,BUF,Ollie Gordon II,00-0040198,RB,rush_yds,12.375,0.0,0.877,7.033,17.645,32.101
2025_03_MIA_BUF,MIA,BUF,Ollie Gordon II,00-0040198,RB,tgt,1.156,0.0,0.0,1.0,2.0,3.0
2025_03_MIA_BUF,MIA,BUF,Ollie Gordon II,00-0040198,RB,rec,0.899,0.0,0.0,1.0,1.0,2.0
2025_03_MIA_BUF,MIA,BUF,Ollie Gordon II,00-0040198,RB,rec_yds,6.026,0.0,0.0,0.0,8.516,18.382
2025_03_MIA_BUF,MIA,BUF,Ollie Gordon II,00-0040198,RB,anytime_td,0.112,0.0,0.0,0.0,0.0,1.0
2025_03_MIA_BUF,MIA,BUF,Dee Eskridge,00-0036620,WR,car,0.046,0.0,0.0,0.0,0.0,0.0
2025_03_MIA_BUF,MIA,BUF,Dee Eskridge,00-0036620,WR,rush_yds,0.211,0.0,0.0,0.0,0.0,0.0
2025_03_MIA_BUF,MIA,BUF,Dee Eskridge,00-0036620,WR,tgt,1.362,0.0,0.0,1.0,2.0,3.0
2025_03_MIA_BUF,MIA,BUF,Dee Eskridge,00-0036620,WR,rec,0.854,0.0,0.0,1.0,1.0,2.0
2025_03_MIA_BUF,MIA,BUF,Dee Eskridge,00-0036620,WR,rec_yds,10.16,0.0,0.0,1.051,15.264,30.66
2025_03_MIA_BUF,MIA,BUF,Dee Eskridge,00-0036620,WR,anytime_td,0.028,0.0,0.0,0.0,0.0,0.0
2025_03_ARI_SF,SF,ARI,Mac Jones,00-0036972,QB,att,31.636,21.0,27.0,32.0,38.0,43.0
2025_03_ARI_SF,SF,ARI,Mac Jones,00-0036972,QB,cmp,21.174,13.0,17.0,22.0,26.0,29.0
2025_03_ARI_SF,SF,ARI,Mac Jones,00-0036972,QB,pass_yds,217.333,126.135,169.977,216.813,265.914,316.228
2025_03_ARI_SF,SF,ARI,Mac Jones,00-0036972,QB,pass_td,1.515,0.0,1.0,1.0,2.0,3.0
2025_03_ARI_SF,SF,ARI,Mac Jones,00-0036972,QB,ints,0.648,0.0,0.0,0.0,1.0,2.0
2025_03_ARI_SF,SF,ARI,Mac Jones,00-0036972,QB,car,3.513,1.0,2.0,3.0,5.0,7.0
2025_03_ARI_SF,SF,ARI,Mac Jones,00-0036972,QB,rush_yds,14.387,-0.985,2.022,10.09,21.845,36.289
2025_03_ARI_SF,SF,ARI,Mac Jones,00-0036972,QB,tgt,0.0,0.0,0.0,0.0,0.0,0.0
2025_03_ARI_SF,SF,ARI,Mac Jones,00-0036972,QB,rec,0.0,0.0,0.0,0.0,0.0,0.0
2025_03_ARI_SF,SF,ARI,Mac Jones,00-0036972,QB,rec_yds,0.0,0.0,0.0,0.0,0.0,0.0
2025_03_ARI_SF,SF,ARI,Mac Jones,00-0036972,QB,anytime_td,0.099,0.0,0.0,0.0,0.0,0.0
2025_03_ARI_SF,SF,ARI,Ricky Pearsall,00-0039916,WR,car,0.407,0.0,0.0,0.0,0.0,1.0
2025_03_ARI_SF,SF,ARI,Ricky Pearsall,00-0039916,WR,rush_yds,2.378,0.0,0.0,0.0,0.0,6.834
2025_03_ARI_SF,SF,ARI,Ricky Pearsall,00-0039916,WR,tgt,6.7,3.0,4.0,6.0,9.0,11.0
2025_03_ARI_SF,SF,ARI,Ricky Pearsall,00-0039916,WR,rec,4.193,1.0,2.0,4.0,6.0,7.0
2025_03_ARI_SF,SF,ARI,Ricky Pearsall,00-0039916,WR,rec_yds,57.843,11.248,26.505,50.703,79.849,114.643
2025_03_ARI_SF,SF,ARI,Ricky Pearsall,00-0039916,WR,anytime_td,0.172,0.0,0.0,0.0,0.0,1.0
2025_03_ARI_SF,SF,ARI,Christian McCaffrey,00-0033280,RB,car,13.618,6.0,9.0,13.0,17.0,22.0
2025_03_ARI_SF,SF,ARI,Christian McCaffrey,00-0033280,RB,rush_yds,57.944,18.982,31.614,51.311,76.51,107.283
2025_03_ARI_SF,SF,ARI,Christian McCaffrey,00-0033280,RB,tgt,8.188,4.0,6.0,8.0,10.0,13.0
2025_03_ARI_SF,SF,ARI,Christian McCaffrey,00-0033280,RB,rec,6.491,3.0,4.0,6.0,8.0,10.0
2025_03_ARI_SF,SF,ARI,Christian McCaffrey,00-0033280,RB,rec_yds,50.336,14.805,27.654,45.537,67.235,90.499
2025_03_ARI_SF,SF,ARI,Christian McCaffrey,00-0033280,RB,anytime_td,0.524,0.0,0.0,1.0,1.0,1.0
2025_03_ARI_SF,SF,ARI,Kendrick Bourne,00-0033307,WR,car,0.056,0.0,0.0,0.0,0.0,0.0
2025_03_ARI_SF,SF,ARI,Kendrick Bourne,00-0033307,WR,rush_yds,0.291,0.0,0.0,0.0,0.0,0.0
2025_03_ARI_SF,SF,ARI,Kendrick Bourne,00-0033307,WR,tgt,3.931,1.0,2.0,4.0,5.0,7.0
2025_03_ARI_SF,SF,ARI,Kendrick Bourne,00-0033307,WR,rec,2.568,0.0,1.0,2.0,4.0,5.0
2025_03_ARI_SF,SF,ARI,Kendrick Bourne,00-0033307,WR,rec_yds,31.141,0.0,9.736,24.517,45.829,68.354
2025_03_ARI_SF,SF,ARI,Kendrick Bourne,00-0033307,WR,anytime_td,0.096,0.0,0.0,0.0,0.0,0.0
2025_03_ARI_SF,SF,ARI,Jake Tonges,00-0037112,TE,car,0.003,0.0,0.0,0.0,0.0,0.0
2025_03_ARI_SF,SF,ARI,Jake Tonges,00-0037112,TE,rush_yds,0.008,0.0,0.0,0.0,0.0,0.0
2025_03_ARI_SF,SF,ARI,Jake Tonges,00-0037112,TE,tgt,2.52,0.0,1.0,2.0,4.0,5.0
2025_03_ARI_SF,SF,ARI,Jake Tonges,00-0037112,TE,rec,1.825,0.0,1.0,1.0,3.0,4.0
2025_03_ARI_SF,SF,ARI,Jake Tonges,00-0037112,TE,rec_yds,17.198,0.0,1.723,12.042,25.808,42.382
2025_03_ARI_SF,SF,ARI,Jake Tonges,00-0037112,TE,anytime_td,0.129,0.0,0.0,0.0,0.0,1.0
2025_03_ARI_SF,SF,ARI,Skyy Moore,00-0038090,WR,car,0.021,0.0,0.0,0.0,0.0,0.0
2025_03_ARI_SF,SF,ARI,Skyy Moore,00-0038090,WR,rush_yds,0.136,0.0,0.0,0.0,0.0,0.0
2025_03_ARI_SF,SF,ARI,Skyy Moore,00-0038090,WR,tgt,0.705,0.0,0.0,0.0,1.0,2.0
2025_03_ARI_SF,SF,ARI,Skyy Moore,00-0038090,WR,rec,0.431,0.0,0.0,0.0,1.0,1.0
2025_03_ARI_SF,SF,ARI,Skyy Moore,00-0038090,WR,rec_yds,5.403,0.0,0.0,0.0,5.704,19.667
2025_03_ARI_SF,SF,ARI,Skyy Moore,00-0038090,WR,anytime_td,0.009,0.0,0.0,0.0,0.0,0.0
2025_03_ARI_SF,SF,ARI,Luke Farrell,00-0036887,TE,car,0.003,0.0,0.0,0.0,0.0,0.0
2025_03_ARI_SF,SF,ARI,Luke Farrell,00-0036887,TE,rush_yds,0.009,0.0,0.0,0.0,0.0,0.0
2025_03_ARI_SF,SF,ARI,Luke Farrell,00-0036887,TE,tgt,1.98,0.0,1.0,2.0,3.0,4.0
2025_03_ARI_SF,SF,ARI,Luke Farrell,00-0036887,TE,rec,1.411,0.0,0.0,1.0,2.0,3.0
2025_03_ARI_SF,SF,ARI,Luke Farrell,00-0036887,TE,rec_yds,13.744,0.0,0.0,8.42,20.831,36.077
2025_03_ARI_SF,SF,ARI,Luke Farrell,00-0036887,TE,anytime_td,0.146,0.0,0.0,0.0,0.0,1.0
2025_03_ARI_SF,SF,ARI,Kyle Juszczyk,00-0029892,RB,car,0.473,0.0,0.0,0.0,0.0,2.0
2025_03_ARI_SF,SF,ARI,Kyle Juszczyk,00-0029892,RB,rush_yds,2.084,0.0,0.0,0.0,0.0,6.514
2025_03_ARI_SF,SF,ARI,Kyle Juszczyk,00-0029892,RB,tgt,1.985,0.0,1.0,2.0,3.0,4.0
2025_03_ARI_SF,SF,ARI,Kyle Juszczyk,00-0029892,RB,rec,1.51,0.0,0.0,1.0,2.0,4.0
2025_03_ARI_SF,SF,ARI,Kyle Juszczyk,00-0029892,RB,rec_yds,12.152,0.0,0.0,7.245,18.928,32.718
2025_03_ARI_SF,SF,ARI,Kyle Juszczyk,00-0029892,RB,anytime_td,0.112,0.0,0.0,0.0,0.0,1.0
2025_03_ARI_SF,SF,ARI,Marquez Valdes-Scantling,00-0034272,WR,car,0.061,0.0,0.0,0.0,0.0,0.0
2025_03_ARI_SF,SF,ARI,Marquez Valdes-Scantling,00-0034272,WR,rush_yds,0.329,0.0,0.0,0.0,0.0,0.0
2025_03_ARI_SF,SF,ARI,Marquez Valdes-Scantling,00-0034272,WR,tgt,2.626,0.0,1.0,2.0,4.0,5.0
2025_03_ARI_SF,SF,ARI,Marquez Valdes-Scantling,00-0034272,WR,rec,1.54,0.0,0.0,1.0,2.0,3.0
2025_03_ARI_SF,SF,ARI,Marquez Valdes-Scantling,00-0034272,WR,rec_yds,19.98,0.0,0.0,12.946,30.206,50.992
2025_03_ARI_SF,SF,ARI,Marquez Valdes-Scantling,00-0034272,WR,anytime_td,0.092,0.0,0.0,0.0,0.0,0.0
2025_03_ARI_SF,SF,ARI,Brian Robinson,00-0037746,RB,car,8.045,2.0,4.0,7.0,11.0,15.0
2025_03_ARI_SF,SF,ARI,Brian Robinson,00-0037746,RB,rush_yds,34.148,5.631,14.239,27.878,47.599,70.034
2025_03_ARI_SF,SF,ARI,Brian Robinson,00-0037746,RB,tgt,1.81,0.0,1.0,1.0,3.0,4.0
2025_03_ARI_SF,SF,ARI,Brian Robinson,00-0037746,RB,rec,1.393,0.0,0.0,1.0,2.0,3.0
2025_03_ARI_SF,SF,ARI,Brian Robinson,00-0037746,RB,rec_yds,9.93,0.0,0.0,5.356,14.36,27.3
2025_03_ARI_SF,SF,ARI,Brian Robinson,00-0037746,RB,anytime_td,0.271,0.0,0.0,0.0,1.0,1.0
2025_03_ARI_SF,SF,ARI,Brayden Willis,00-0038643,TE,car,0.004,0.0,0.0,0.0,0.0,0.0
2025_03_ARI_SF,SF,ARI,Brayden Willis,00-0038643,TE,rush_yds,0.007,0.0,0.0,0.0,0.0,0.0
2025_03_ARI_SF,SF,ARI,Brayden Willis,00-0038643,TE,tgt,0.784,0.0,0.0,0.0,1.0,2.0
2025_03_ARI_SF,SF,ARI,Brayden Willis,00-0038643,TE,rec,0.527,0.0,0.0,0.0,1.0,2.0
2025_03_ARI_SF,SF,ARI,Brayden Willis,00-0038643,TE,rec_yds,5.207,0.0,0.0,0.0,7.234,17.815
2025_03_ARI_SF,SF,ARI,Brayden Willis,00-0038643,TE,anytime_td,0.007,0.0,0.0,0.0,0.0,0.0
2025_03_ARI_SF,SF,ARI,Malik Turner,00-0034867,WR,car,0.045,0.0,0.0,0.0,0.0,0.0
2025_03_ARI_SF,SF,ARI,Malik Turner,00-0034867,WR,rush_yds,0.232,0.0,0.0,0.0,0.0,0.0
2025_03_ARI_SF,SF,ARI,Malik Turner,00-0034867,WR,tgt,1.217,0.0,0.0,1.0,2.0,3.0
2025_03_ARI_SF,SF,ARI,Malik Turner,00-0034867,WR,rec,0.762,0.0,0.0,0.0,1.0,2.0
2025_03_ARI_SF,SF,ARI,Malik Turner,00-0034867,WR,rec_yds,9.548,0.0,0.0,0.0,13.951,30.604
2025_03_ARI_SF,SF,ARI,Malik Turner,00-0034867,WR,anytime_td,0.041,0.0,0.0,0.0,0.0,0.0
2025_03_ARI_SF,ARI,SF,Kyler Murray,00-0035228,QB,att,29.702,20.0,25.0,30.0,36.0,40.0
2025_03_ARI_SF,ARI,SF,Kyler Murray,00-0035228,QB,cmp,19.977,12.0,17.0,20.0,24.0,28.0
2025_03_ARI_SF,ARI,SF,Kyler Murray,00-0035228,QB,pass_yds,208.929,121.25,164.821,207.661,256.055,303.413
2025_03_ARI_SF,ARI,SF,Kyler Murray,00-0035228,QB,pass_td,1.322,0.0,1.0,1.0,2.0,3.0
2025_03_ARI_SF,ARI,SF,Kyler Murray,00-0035228,QB,ints,0.614,0.0,0.0,0.0,1.0,2.0
2025_03_ARI_SF,ARI,SF,Kyler Murray,00-0035228,QB,car,5.56,2.0,3.0,5.0,7.0,10.0
2025_03_ARI_SF,ARI,SF,Kyler Murray,00-0035228,QB,rush_yds,26.453,2.299,10.457,22.051,37.645,55.365
2025_03_ARI_SF,ARI,SF,Kyler Murray,00-0035228,QB,tgt,0.001,0.0,0.0,0.0,0.0,0.0
2025_03_ARI_SF,ARI,SF,Kyler Murray,00-0035228,QB,rec,0.001,0.0,0.0,0.0,0.0,0.0
2025_03_ARI_SF,ARI,SF,Kyler Murray,00-0035228,QB,rec_yds,0.004,0.0,0.0,0.0,0.0,0.0
2025_03_ARI_SF,ARI,SF,Kyler Murray,00-0035228,QB,anytime_td,0.192,0.0,0.0,0.0,0.0,1.0
2025_03_ARI_SF,ARI,SF,Trey McBride,00-0037744,TE,car,0.029,0.0,0.0,0.0,0.0,0.0
2025_03_ARI_SF,ARI,SF,Trey McBride,00-0037744,TE,rush_yds,0.082,0.0,0.0,0.0,0.0,0.0
2025_03_ARI_SF,ARI,SF,Trey McBride,00-0037744,TE,tgt,8.645,4.0,6.0,8.0,11.0,14.0
2025_03_ARI_SF,ARI,SF,Trey McBride,00-0037744,TE,rec,6.397,3.0,4.0,6.0,8.0,10.0
2025_03_ARI_SF,ARI,SF,Trey McBride,00-0037744,TE,rec_yds,66.57,22.851,39.589,62.019,88.454,114.978
2025_03_ARI_SF,ARI,SF,Trey McBride,00-0037744,TE,anytime_td,0.232,0.0,0.0,0.0,0.0,1.0
2025_03_ARI_SF,ARI,SF,Marvin Harrison Jr.,00-0039849,WR,car,0.013,0.0,0.0,0.0,0.0,0.0
2025_03_ARI_SF,ARI,SF,Marvin Harrison Jr.,00-0039849,WR,rush_yds,0.072,0.0,0.0,0.0,0.0,0.0
2025_03_ARI_SF,ARI,SF,Marvin Harrison Jr.,00-0039849,WR,tgt,6.187,2.0,4.0,6.0,8.0,10.0
2025_03_ARI_SF,ARI,SF,Marvin Harrison Jr.,00-0039849,WR,rec,3.835,1.0,2.0,4.0,5.0,7.0
2025_03_ARI_SF,ARI,SF,Marvin Harrison Jr.,00-0039849,WR,rec_yds,49.503,9.494,22.745,43.426,69.541,96.546
2025_03_ARI_SF,ARI,SF,Marvin Harrison Jr.,00-0039849,WR,anytime_td,0.3,0.0,0.0,0.0,1.0,1.0
2025_03_ARI_SF,ARI,SF,Michael Wilson,00-0038559,WR,car,0.078,0.0,0.0,0.0,0.0,0.0
2025_03_ARI_SF,ARI,SF,Michael Wilson,00-0038559,WR,rush_yds,0.4,0.0,0.0,0.0,0.0,0.0
2025_03_ARI_SF,ARI,SF,Michael Wilson,00-0038559,WR,tgt,3.673,1.0,2.0,3.0,5.0,7.0
2025_03_ARI_SF,ARI,SF,Michael Wilson,00-0038559,WR,rec,2.222,0.0,1.0,2.0,3.0,5.0
2025_03_ARI_SF,ARI,SF,Michael Wilson,00-0038559,WR,rec_yds,26.907,0.0,7.457,20.573,39.17,61.658
2025_03_ARI_SF,ARI,SF,Michael Wilson,00-0038559,WR,anytime_td,0.235,0.0,0.0,0.0,0.0,1.0
2025_03_ARI_SF,ARI,SF,Trey Benson,00-0039921,RB,car,5.474,1.0,2.0,5.0,8.0,11.0
2025_03_ARI_SF,ARI,SF,Trey Benson,00-0039921,RB,rush_yds,25.036,1.021,7.136,18.622,35.594,57.104
2025_03_ARI_SF,ARI,SF,Trey Benson,00-0039921,RB,tgt,2.031,0.0,1.0,2.0,3.0,4.0
2025_03_ARI_SF,ARI,SF,Trey Benson,00-0039921,RB,rec,1.576,0.0,0.0,1.0,2.0,4.0
2025_03_ARI_SF,ARI,SF,Trey Benson,00-0039921,RB,rec_yds,11.815,0.0,0.0,7.157,17.55,31.18
2025_03_ARI_SF,ARI,SF,Trey Benson,00-0039921,RB,anytime_td,0.138,0.0,0.0,0.0,0.0,1.0
2025_03_ARI_SF,ARI,SF,Tip Reiman,00-0039737,TE,car,0.002,0.0,0.0,0.0,0.0,0.0
2025_03_ARI_SF,ARI,SF,Tip Reiman,00-0039737,TE,rush_yds,0.005,0.0,0.0,0.0,0.0,0.0
2025_03_ARI_SF,ARI,SF,Tip Reiman,00-0039737,TE,tgt,0.667,0.0,0.0,0.0,1.0,2.0
2025_03_ARI_SF,ARI,SF,Tip Reiman,00-0039737,TE,rec,0.483,0.0,0.0,0.0,1.0,2.0
2025_03_ARI_SF,ARI,SF,Tip Reiman,00-0039737,TE,rec_yds,4.801,0.0,0.0,0.0,5.985,16.932
2025_03_ARI_SF,ARI,SF,Tip Reiman,00-0039737,TE,anytime_td,0.008,0.0,0.0,0.0,0.0,0.0
2025_03_ARI_SF,ARI,SF,Zay Jones,00-0033891,WR,car,0.011,0.0,0.0,0.0,0.0,0.0
2025_03_ARI_SF,ARI,SF,Zay Jones,00-0033891,WR,rush_yds,0.068,0.0,0.0,0.0,0.0,0.0
2025_03_ARI_SF,ARI,SF,Zay Jones,00-0033891,WR,tgt,1.182,0.0,0.0,1.0,2.0,3.0
2025_03_ARI_SF,ARI,SF,Zay Jones,00-0033891,WR,rec,0.759,0.0,0.0,0.0,1.0,2.0
2025_03_ARI_SF,ARI,SF,Zay Jones,00-0033891,WR,rec_yds,9.187,0.0,0.0,0.0,13.634,28.67
2025_03_ARI_SF,ARI,SF,Zay Jones,00-0033891,WR,anytime_td,0.022,0.0,0.0,0.0,0.0,0.0
2025_03_ARI_SF,ARI,SF,James Conner,00-0033553,RB,car,13.577,6.0,9.0,13.0,17.0,22.0
2025_03_ARI_SF,ARI,SF,James Conner,00-0033553,RB,rush_yds,57.429,19.259,31.189,50.73,75.987,105.257
2025_03_ARI_SF,ARI,SF,James Conner,00-0033553,RB,tgt,2.991,1.0,1.0,3.0,4.0,6.0
2025_03_ARI_SF,ARI,SF,James Conner,00-0033553,RB,rec,2.446,0.0,1.0,2.0,3.0,5.0
2025_03_ARI_SF,ARI,SF,James Conner,00-0033553,RB,rec_yds,17.828,0.0,4.37,12.852,25.709,41.856
2025_03_ARI_SF,ARI,SF,James Conner,00-0033553,RB,anytime_td,0.483,0.0,0.0,0.0,1.0,1.0
2025_03_ARI_SF,ARI,SF,Greg Dortch,00-0035500,WR,car,0.249,0.0,0.0,0.0,0.0,1.0
2025_03_ARI_SF,ARI,SF,Greg Dortch,00-0035500,WR,rush_yds,1.331,0.0,0.0,0.0,0.0,0.0
2025_03_ARI_SF,ARI,SF,Greg Dortch,00-0035500,WR,tgt,1.969,0.0,1.0,2.0,3.0,4.0
2025_03_ARI_SF,ARI,SF,Greg Dortch,00-0035500,WR,rec,1.327,0.0,0.0,1.0,2.0,3.0
2025_03_ARI_SF,ARI,SF,Greg Dortch,00-0035500,WR,rec_yds,15.604,0.0,0.0,9.047,23.612,42.142
2025_03_ARI_SF,ARI,SF,Greg Dortch,00-0035500,WR,anytime_td,0.119,0.0,0.0,0.0,0.0,1.0
2025_03_ARI_SF,ARI,SF,Elijah Higgins,00-0039041,TE,car,0.002,0.0,0.0,0.0,0.0,0.0
2025_03_ARI_SF,ARI,SF,Elijah Higgins,00-0039041,TE,rush_yds,0.007,0.0,0.0,0.0,0.0,0.0
2025_03_ARI_SF,ARI,SF,Elijah Higgins,00-0039041,TE,tgt,1.871,0.0,1.0,1.0,3.0,4.0
2025_03_ARI_SF,ARI,SF,Elijah Higgins,00-0039041,TE,rec,1.324,0.0,0.0,1.0,2.0,3.0
2025_03_ARI_SF,ARI,SF,Elijah Higgins,00-0039041,TE,rec_yds,14.034,0.0,0.0,8.476,21.44,37.304
2025_03_ARI_SF,ARI,SF,Elijah Higgins,00-0039041,TE,anytime_td,0.057,0.0,0.0,0.0,0.0,0.0
2025_03_ARI_SF,ARI,SF,Emari Demercado,00-0038705,RB,car,1.847,0.0,0.0,1.0,3.0,5.0
2025_03_ARI_SF,ARI,SF,Emari Demercado,00-0038705,RB,rush_yds,8.328,0.0,0.0,2.159,11.056,24.534
2025_03_ARI_SF,ARI,SF,Emari Demercado,00-0038705,RB,tgt,1.248,0.0,0.0,1.0,2.0,3.0
2025_03_ARI_SF,ARI,SF,Emari Demercado,00-0038705,RB,rec,0.987,0.0,0.0,1.0,2.0,3.0
2025_03_ARI_SF,ARI,SF,Emari Demercado,00-0038705,RB,rec_yds,7.143,0.0,0.0,1.091,10.526,21.09
2025_03_ARI_SF,ARI,SF,Emari Demercado,00-0038705,RB,anytime_td,0.089,0.0,0.0,0.0,0.0,0.0
2025_03_ATL_CAR,CAR,ATL,Bryce Young,00-0039150,QB,att,32.468,22.0,28.0,33.0,38.0,43.0
2025_03_ATL_CAR,CAR,ATL,Bryce Young,00-0039150,QB,cmp,20.49,13.0,17.0,21.0,25.0,28.0
2025_03_ATL_CAR,CAR,ATL,Bryce Young,00-0039150,QB,pass_yds,211.88,121.295,165.646,211.908,258.856,307.32
2025_03_ATL_CAR,CAR,ATL,Bryce Young,00-0039150,QB,pass_td,1.244,0.0,0.0,1.0,2.0,3.0
2025_03_ATL_CAR,CAR,ATL,Bryce Young,00-0039150,QB,ints,0.758,0.0,0.0,1.0,1.0,2.0
2025_03_ATL_CAR,CAR,ATL,Bryce Young,00-0039150,QB,car,2.957,1.0,2.0,3.0,4.0,6.0
2025_03_ATL_CAR,CAR,ATL,Bryce Young,00-0039150,QB,rush_yds,17.623,0.0,5.046,14.128,26.237,39.356
2025_03_ATL_CAR,CAR,ATL,Bryce Young,00-0039150,QB,tgt,0.001,0.0,0.0,0.0,0.0,0.0
2025_03_ATL_CAR,CAR,ATL,Bryce Young,00-0039150,QB,rec,0.001,0.0,0.0,0.0,0.0,0.0
2025_03_ATL_CAR,CAR,ATL,Bryce Young,00-0039150,QB,rec_yds,0.005,0.0,0.0,0.0,0.0,0.0
2025_03_ATL_CAR,CAR,ATL,Bryce Young,00-0039150,QB,anytime_td,0.14,0.0,0.0,0.0,0.0,1.0
2025_03_ATL_CAR,CAR,ATL,David Moore,00-0033589,WR,car,0.05,0.0,0.0,0.0,0.0,0.0
2025_03_ATL_CAR,CAR,ATL,David Moore,00-0033589,WR,rush_yds,0.236,0.0,0.0,0.0,0.0,0.0
2025_03_ATL_CAR,CAR,ATL,David Moore,00-0033589,WR,tgt,2.287,0.0,1.0,2.0,3.0,5.0
2025_03_ATL_CAR,CAR,ATL,David Moore,00-0033589,WR,rec,1.382,0.0,0.0,1.0,2.0,3.0
2025_03_ATL_CAR,CAR,ATL,David Moore,00-0033589,WR,rec_yds,17.028,0.0,0.0,10.249,25.995,45.608
2025_03_ATL_CAR,CAR,ATL,David Moore,00-0033589,WR,anytime_td,0.104,0.0,0.0,0.0,0.0,1.0
2025_03_ATL_CAR,CAR,ATL,Tetairoa McMillan,00-0040124,WR,car,0.017,0.0,0.0,0.0,0.0,0.0
2025_03_ATL_CAR,CAR,ATL,Tetairoa McMillan,00-0040124,WR,rush_yds,0.088,0.0,0.0,0.0,0.0,0.0
2025_03_ATL_CAR,CAR,ATL,Tetairoa McMillan,00-0040124,WR,tgt,8.12,4.0,5.0,8.0,10.0,13.0
2025_03_ATL_CAR,CAR,ATL,Tetairoa McMillan,00-0040124,WR,rec,4.829,2.0,3.0,5.0,6.0,8.0
2025_03_ATL_CAR,CAR,ATL,Tetairoa McMillan,00-0040124,WR,rec_yds,63.672,15.805,32.975,56.927,87.011,119.779
2025_03_ATL_CAR,CAR,ATL,Tetairoa McMillan,00-0040124,WR,anytime_td,0.114,0.0,0.0,0.0,0.0,1.0
2025_03_ATL_CAR,CAR,ATL,Chuba Hubbard,00-0036555,RB,car,12.395,6.0,8.0,12.0,16.0,20.0
2025_03_ATL_CAR,CAR,ATL,Chuba Hubbard,00-0036555,RB,rush_yds,49.277,14.695,26.201,43.137,65.441,91.552
2025_03_ATL_CAR,CAR,ATL,Chuba Hubbard,00-0036555,RB,tgt,4.808,2.0,3.0,4.0,6.0,9.0
2025_03_ATL_CAR,CAR,ATL,Chuba Hubbard,00-0036555,RB,rec,3.555,1.0,2.0,3.0,5.0,7.0
2025_03_ATL_CAR,CAR,ATL,Chuba Hubbard,00-0036555,RB,rec_yds,24.818,1.944,8.844,19.896,35.667,52.849
2025_03_ATL_CAR,CAR,ATL,Chuba Hubbard,00-0036555,RB,anytime_td,0.428,0.0,0.0,0.0,1.0,1.0
2025_03_ATL_CAR,CAR,ATL,Ja'Tavion Sanders,00-0039356,TE,car,0.0,0.0,0.0,0.0,0.0,0.0
2025_03_ATL_CAR,CAR,ATL,Ja'Tavion Sanders,00-0039356,TE,rush_yds,0.001,0.0,0.0,0.0,0.0,0.0
2025_03_ATL_CAR,CAR,ATL,Ja'Tavion Sanders,00-0039356,TE,tgt,4.45,1.0,2.0,4.0,6.0,8.0
2025_03_ATL_CAR,CAR,ATL,Ja'Tavion Sanders,00-0039356,TE,rec,3.103,1.0,2.0,3.0,4.0,6.0
2025_03_ATL_CAR,CAR,ATL,Ja'Tavion Sanders,00-0039356,TE,rec_yds,30.671,3.366,11.933,25.961,44.089,64.45
2025_03_ATL_CAR,CAR,ATL,Ja'Tavion Sanders,00-0039356,TE,anytime_td,0.074,0.0,0.0,0.0,0.0,0.0
2025_03_ATL_CAR,CAR,ATL,Tommy Tremble,00-0037005,TE,car,0.002,0.0,0.0,0.0,0.0,0.0
2025_03_ATL_CAR,CAR,ATL,Tommy Tremble,00-0037005,TE,rush_yds,0.006,0.0,0.0,0.0,0.0,0.0
2025_03_ATL_CAR,CAR,ATL,Tommy Tremble,00-0037005,TE,tgt,2.423,0.0,1.0,2.0,3.0,5.0
2025_03_ATL_CAR,CAR,ATL,Tommy Tremble,00-0037005,TE,rec,1.736,0.0,1.0,1.0,3.0,4.0
2025_03_ATL_CAR,CAR,ATL,Tommy Tremble,00-0037005,TE,rec_yds,16.797,0.0,1.039,11.431,25.137,41.505
2025_03_ATL_CAR,CAR,ATL,Tommy Tremble,00-0037005,TE,anytime_td,0.082,0.0,0.0,0.0,0.0,0.0
2025_03_ATL_CAR,CAR,ATL,Rico Dowdle,00-0036139,RB,car,7.52,2.0,4.0,7.0,10.0,14.0
2025_03_ATL_CAR,CAR,ATL,Rico Dowdle,00-0036139,RB,rush_yds,29.139,4.61,11.578,23.369,40.594,60.827
2025_03_ATL_CAR,CAR,ATL,Rico Dowdle,00-0036139,RB,tgt,2.266,0.0,1.0,2.0,3.0,5.0
2025_03_ATL_CAR,CAR,ATL,Rico Dowdle,00-0036139,RB,rec,1.716,0.0,1.0,1.0,3.0,4.0
2025_03_ATL_CAR,CAR,ATL,Rico Dowdle,00-0036139,RB,rec_yds,11.683,0.0,0.0,7.056,17.502,31.022
2025_03_ATL_CAR,CAR,ATL,Rico Dowdle,00-0036139,RB,anytime_td,0.227,0.0,0.0,0.0,0.0,1.0
2025_03_ATL_CAR,CAR,ATL,Mitchell Evans,00-0040187,TE,car,0.002,0.0,0.0,0.0,0.0,0.0
2025_03_ATL_CAR,CAR,ATL,Mitchell Evans,00-0040187,TE,rush_yds,0.004,0.0,0.0,0.0,0.0,0.0
2025_03_ATL_CAR,CAR,ATL,Mitchell Evans,00-0040187,TE,tgt,0.6,0.0,0.0,0.0,1.0,2.0
2025_03_ATL_CAR,CAR,ATL,Mitchell Evans,00-0040187,TE,rec,0.418,0.0,0.0,0.0,1.0,1.0
2025_03_ATL_CAR,CAR,ATL,Mitchell Evans,00-0040187,TE,rec_yds,4.138,0.0,0.0,0.0,3.915,14.996
2025_03_ATL_CAR,CAR,ATL,Mitchell Evans,00-0040187,TE,anytime_td,0.008,0.0,0.0,0.0,0.0,0.0
2025_03_ATL_CAR,CAR,ATL,Hunter Renfrow,00-0034983,WR,car,0.008,0.0,0.0,0.0,0.0,0.0
2025_03_ATL_CAR,CAR,ATL,Hunter Renfrow,00-0034983,WR,rush_yds,0.048,0.0,0.0,0.0,0.0,0.0
2025_03_ATL_CAR,CAR,ATL,Hunter Renfrow,00-0034983,WR,tgt,5.313,2.0,3.0,5.0,7.0,9.0
2025_03_ATL_CAR,CAR,ATL,Hunter Renfrow,00-0034983,WR,rec,3.225,1.0,2.0,3.0,4.0,6.0
2025_03_ATL_CAR,CAR,ATL,Hunter Renfrow,00-0034983,WR,rec_yds,35.721,4.761,14.47,30.067,50.496,73.368
2025_03_ATL_CAR,CAR,ATL,Hunter Renfrow,00-0034983,WR,anytime_td,0.262,0.0,0.0,0.0,1.0,1.0
2025_03_ATL_CAR,CAR,ATL,Brycen Tremayne,00-0038840,WR,car,0.018,0.0,0.0,0.0,0.0,0.0
2025_03_ATL_CAR,CAR,ATL,Brycen Tremayne,00-0038840,WR,rush_yds,0.146,0.0,0.0,0.0,0.0,0.0
2025_03_ATL_CAR,CAR,ATL,Brycen Tremayne,00-0038840,WR,tgt,2.29,0.0,1.0,2.0,3.0,5.0
2025_03_ATL_CAR,CAR,ATL,Brycen Tremayne,00-0038840,WR,rec,1.405,0.0,0.0,1.0,2.0,3.0
2025_03_ATL_CAR,CAR,ATL,Brycen Tremayne,00-0038840,WR,rec_yds,17.796,0.0,0.0,11.05,27.396,46.86
2025_03_ATL_CAR,CAR,ATL,Brycen Tremayne,00-0038840,WR,anytime_td,0.03,0.0,0.0,0.0,0.0,0.0
2025_03_ATL_CAR,CAR,ATL,Trevor Etienne,00-0040644,RB,car,0.915,0.0,0.0,0.0,1.0,3.0
2025_03_ATL_CAR,CAR,ATL,Trevor Etienne,00-0040644,RB,rush_yds,3.801,0.0,0.0,0.0,3.995,12.736
2025_03_ATL_CAR,CAR,ATL,Trevor Etienne,00-0040644,RB,tgt,0.616,0.0,0.0,0.0,1.0,2.0
2025_03_ATL_CAR,CAR,ATL,Trevor Etienne,00-0040644,RB,rec,0.461,0.0,0.0,0.0,1.0,1.0
2025_03_ATL_CAR,CAR,ATL,Trevor Etienne,00-0040644,RB,rec_yds,3.256,0.0,0.0,0.0,2.963,11.489
2025_03_ATL_CAR,CAR,ATL,Trevor Etienne,00-0040644,RB,anytime_td,0.027,0.0,0.0,0.0,0.0,0.0
2025_03_ATL_CAR,ATL,CAR,Darnell Mooney,00-0036309,WR,car,0.008,0.0,0.0,0.0,0.0,0.0
2025_03_ATL_CAR,ATL,CAR,Darnell Mooney,00-0036309,WR,rush_yds,0.049,0.0,0.0,0.0,0.0,0.0
2025_03_ATL_CAR,ATL,CAR,Darnell Mooney,00-0036309,WR,tgt,5.152,2.0,3.0,5.0,7.0,9.0
2025_03_ATL_CAR,ATL,CAR,Darnell Mooney,00-0036309,WR,rec,3.332,1.0,2.0,3.0,5.0,6.0
2025_03_ATL_CAR,ATL,CAR,Darnell Mooney,00-0036309,WR,rec_yds,43.943,6.061,18.517,37.863,62.67,90.396
2025_03_ATL_CAR,ATL,CAR,Darnell Mooney,00-0036309,WR,anytime_td,0.234,0.0,0.0,0.0,0.0,1.0
2025_03_ATL_CAR,ATL,CAR,Drake London,00-0037238,WR,car,0.032,0.0,0.0,0.0,0.0,0.0
2025_03_ATL_CAR,ATL,CAR,Drake London,00-0037238,WR,rush_yds,0.169,0.0,0.0,0.0,0.0,0.0
2025_03_ATL_CAR,ATL,CAR,Drake London,00-0037238,WR,tgt,8.519,4.0,6.0,8.0,11.0,13.0
2025_03_ATL_CAR,ATL,CAR,Drake London,00-0037238,WR,rec,5.537,2.0,4.0,5.0,7.0,9.0
2025_03_ATL_CAR,ATL,CAR,Drake London,00-0037238,WR,rec_yds,68.462,20.897,37.768,62.65,92.106,122.459
2025_03_ATL_CAR,ATL,CAR,Drake London,00-0037238,WR,anytime_td,0.371,0.0,0.0,0.0,1.0,1.0
2025_03_ATL_CAR,ATL,CAR,Kyle Pitts,00-0036970,TE,car,0.006,0.0,0.0,0.0,0.0,0.0
2025_03_ATL_CAR,ATL,CAR,Kyle Pitts,00-0036970,TE,rush_yds,0.011,0.0,0.0,0.0,0.0,0.0
2025_03_ATL_CAR,ATL,CAR,Kyle Pitts,00-0036970,TE,tgt,4.503,1.0,3.0,4.0,6.0,8.0
2025_03_ATL_CAR,ATL,CAR,Kyle Pitts,00-0036970,TE,rec,3.469,1.0,2.0,3.0,5.0,6.0
2025_03_ATL_CAR,ATL,CAR,Kyle Pitts,00-0036970,TE,rec_yds,34.865,5.272,14.596,30.198,48.345,71.329
2025_03_ATL_CAR,ATL,CAR,Kyle Pitts,00-0036970,TE,anytime_td,0.196,0.0,0.0,0.0,0.0,1.0
2025_03_ATL_CAR,ATL,CAR,Bijan Robinson,00-0038542,RB,car,15.636,7.0,11.0,15.0,20.0,24.0
2025_03_ATL_CAR,ATL,CAR,Bijan Robinson,00-0038542,RB,rush_yds,76.928,26.864,43.912,68.623,101.706,136.997
2025_03_ATL_CAR,ATL,CAR,Bijan Robinson,00-0038542,RB,tgt,4.382,1.0,2.0,4.0,6.0,8.0
2025_03_ATL_CAR,ATL,CAR,Bijan Robinson,00-0038542,RB,rec,3.567,1.0,2.0,3.0,5.0,7.0
2025_03_ATL_CAR,ATL,CAR,Bijan Robinson,00-0038542,RB,rec_yds,29.229,2.658,11.043,24.263,42.067,61.717
2025_03_ATL_CAR,ATL,CAR,Bijan Robinson,00-0038542,RB,anytime_td,0.575,0.0,0.0,1.0,1.0,1.0
2025_03_ATL_CAR,ATL,CAR,Michael Penix Jr.,00-0039917,QB,att,28.82,19.0,24.0,29.0,35.0,39.0
2025_03_ATL_CAR,ATL,CAR,Michael Penix Jr.,00-0039917,QB,cmp,19.46,12.0,16.0,20.0,24.0,27.0
2025_03_ATL_CAR,ATL,CAR,Michael Penix Jr.,00-0039917,QB,pass_yds,216.416,126.221,167.672,215.779,265.874,319.026
2025_03_ATL_CAR,ATL,CAR,Michael Penix Jr.,00-0039917,QB,pass_td,1.4,0.0,1.0,1.0,2.0,3.0
2025_03_ATL_CAR,ATL,CAR,Michael Penix Jr.,00-0039917,QB,ints,0.576,0.0,0.0,0.0,1.0,2.0
2025_03_ATL_CAR,ATL,CAR,Michael Penix Jr.,00-0039917,QB,car,2.874,1.0,1.0,3.0,4.0,6.0
2025_03_ATL_CAR,ATL,CAR,Michael Penix Jr.,00-0039917,QB,rush_yds,11.492,-1.0,0.0,7.616,17.778,29.534
2025_03_ATL_CAR,ATL,CAR,Michael Penix Jr.,00-0039917,QB,tgt,0.0,0.0,0.0,0.0,0.0,0.0
2025_03_ATL_CAR,ATL,CAR,Michael Penix Jr.,00-0039917,QB,rec,0.0,0.0,0.0,0.0,0.0,0.0
2025_03_ATL_CAR,ATL,CAR,Michael Penix Jr.,00-0039917,QB,rec_yds,0.006,0.0,0.0,0.0,0.0,0.0
2025_03_ATL_CAR,ATL,CAR,Michael Penix Jr.,00-0039917,QB,anytime_td,0.219,0.0,0.0,0.0,0.0,1.0
2025_03_ATL_CAR,ATL,CAR,Ray-Ray McCloud,00-0034407,WR,car,0.287,0.0,0.0,0.0,0.0,1.0
2025_03_ATL_CAR,ATL,CAR,Ray-Ray McCloud,00-0034407,WR,rush_yds,1.738,0.0,0.0,0.0,0.0,1.07
2025_03_ATL_CAR,ATL,CAR,Ray-Ray McCloud,00-0034407,WR,tgt,3.735,1.0,2.0,3.0,5.0,7.0
2025_03_ATL_CAR,ATL,CAR,Ray-Ray McCloud,00-0034407,WR,rec,2.452,0.0,1.0,2.0,3.0,5.0
2025_03_ATL_CAR,ATL,CAR,Ray-Ray McCloud,00-0034407,WR,rec_yds,31.007,0.0,9.751,24.128,44.956,70.436
2025_03_ATL_CAR,ATL,CAR,Ray-Ray McCloud,00-0034407,WR,anytime_td,0.106,0.0,0.0,0.0,0.0,1.0
2025_03_ATL_CAR,ATL,CAR,Charlie Woerner,00-0036429,TE,car,0.003,0.0,0.0,0.0,0.0,0.0
2025_03_ATL_CAR,ATL,CAR,Charlie Woerner,00-0036429,TE,rush_yds,0.005,0.0,0.0,0.0,0.0,0.0
2025_03_ATL_CAR,ATL,CAR,Charlie Woerner,00-0036429,TE,tgt,0.52,0.0,0.0,0.0,1.0,2.0
2025_03_ATL_CAR,ATL,CAR,Charlie Woerner,00-0036429,TE,rec,0.394,0.0,0.0,0.0,1.0,1.0
2025_03_ATL_CAR,ATL,CAR,Charlie Woerner,00-0036429,TE,rec_yds,4.022,0.0,0.0,0.0,3.827,14.259
2025_03_ATL_CAR,ATL,CAR,Charlie Woerner,00-0036429,TE,anytime_td,0.012,0.0,0.0,0.0,0.0,0.0
2025_03_ATL_CAR,ATL,CAR,Tyler Allgeier,00-0037263,RB,car,8.891,3.0,5.0,8.0,12.0,16.0
2025_03_ATL_CAR,ATL,CAR,Tyler Allgeier,00-0037263,RB,rush_yds,40.181,7.087,17.365,33.499,55.382,81.261
2025_03_ATL_CAR,ATL,CAR,Tyler Allgeier,00-0037263,RB,tgt,0.651,0.0,0.0,0.0,1.0,2.0
2025_03_ATL_CAR,ATL,CAR,Tyler Allgeier,00-0037263,RB,rec,0.545,0.0,0.0,0.0,1.0,2.0
2025_03_ATL_CAR,ATL,CAR,Tyler Allgeier,00-0037263,RB,rec_yds,4.031,0.0,0.0,0.0,4.836,13.916
2025_03_ATL_CAR,ATL,CAR,Tyler Allgeier,00-0037263,RB,anytime_td,0.279,0.0,0.0,0.0,1.0,1.0
2025_03_ATL_CAR,ATL,CAR,KhaDarel Hodge,00-0034854,WR,car,0.011,0.0,0.0,0.0,0.0,0.0
2025_03_ATL_CAR,ATL,CAR,KhaDarel Hodge,00-0034854,WR,rush_yds,0.053,0.0,0.0,0.0,0.0,0.0
2025_03_ATL_CAR,ATL,CAR,KhaDarel Hodge,00-0034854,WR,tgt,0.88,0.0,0.0,0.0,1.0,2.0
2025_03_ATL_CAR,ATL,CAR,KhaDarel Hodge,00-0034854,WR,rec,0.57,0.0,0.0,0.0,1.0,2.0
2025_03_ATL_CAR,ATL,CAR,KhaDarel Hodge,00-0034854,WR,rec_yds,7.219,0.0,0.0,0.0,9.486,23.961
2025_03_ATL_CAR,ATL,CAR,KhaDarel Hodge,00-0034854,WR,anytime_td,0.031,0.0,0.0,0.0,0.0,0.0
2025_03_ATL_CAR,ATL,CAR,Nate Carter,00-0040547,RB,car,3.003,0.0,0.0,2.0,4.0,8.0
2025_03_ATL_CAR,ATL,CAR,Nate Carter,00-0040547,RB,rush_yds,13.819,0.0,0.0,6.882,19.822,38.555
2025_03_ATL_CAR,ATL,CAR,Nate Carter,00-0040547,RB,tgt,0.687,0.0,0.0,0.0,1.0,2.0
2025_03_ATL_CAR,ATL,CAR,Nate Carter,00-0040547,RB,rec,0.562,0.0,0.0,0.0,1.0,2.0
2025_03_ATL_CAR,ATL,CAR,Nate Carter,00-0040547,RB,rec_yds,4.052,0.0,0.0,0.0,4.949,13.826
2025_03_ATL_CAR,ATL,CAR,Nate Carter,00-0040547,RB,anytime_td,0.148,0.0,0.0,0.0,0.0,1.0
2025_03_CIN_MIN,MIN,CIN,Jalen Nailor,00-0037291,WR,car,0.064,0.0,0.0,0.0,0.0,0.0
2025_03_CIN_MIN,MIN,CIN,Jalen Nailor,00-0037291,WR,rush_yds,0.317,0.0,0.0,0.0,0.0,0.0
2025_03_CIN_MIN,MIN,CIN,Jalen Nailor,00-0037291,WR,tgt,3.777,1.0,2.0,3.0,5.0,7.0
2025_03_CIN_MIN,MIN,CIN,Jalen Nailor,00-0037291,WR,rec,2.378,0.0,1.0,2.0,3.0,5.0
2025_03_CIN_MIN,MIN,CIN,Jalen Nailor,00-0037291,WR,rec_yds,28.248,0.0,7.792,21.841,41.619,64.583
2025_03_CIN_MIN,MIN,CIN,Jalen Nailor,00-0037291,WR,anytime_td,0.133,0.0,0.0,0.0,0.0,1.0
2025_03_CIN_MIN,MIN,CIN,Carson Wentz,00-0032950,QB,att,29.939,20.0,25.0,31.0,36.0,40.0
2025_03_CIN_MIN,MIN,CIN,Carson Wentz,00-0032950,QB,cmp,19.515,12.0,16.0,20.0,24.0,27.0
2025_03_CIN_MIN,MIN,CIN,Carson Wentz,00-0032950,QB,pass_yds,208.946,123.93,162.426,207.98,257.043,304.145
2025_03_CIN_MIN,MIN,CIN,Carson Wentz,00-0032950,QB,pass_td,1.458,0.0,1.0,1.0,2.0,3.0
2025_03_CIN_MIN,MIN,CIN,Carson Wentz,00-0032950,QB,ints,0.695,0.0,0.0,0.0,1.0,2.0
2025_03_CIN_MIN,MIN,CIN,Carson Wentz,00-0032950,QB,car,3.205,1.0,1.0,3.0,4.0,6.0
2025_03_CIN_MIN,MIN,CIN,Carson Wentz,00-0032950,QB,rush_yds,13.829,-1.0,1.936,9.843,20.892,34.42
2025_03_CIN_MIN,MIN,CIN,Carson Wentz,00-0032950,QB,tgt,0.001,0.0,0.0,0.0,0.0,0.0
2025_03_CIN_MIN,MIN,CIN,Carson Wentz,00-0032950,QB,rec,0.001,0.0,0.0,0.0,0.0,0.0
2025_03_CIN_MIN,MIN,CIN,Carson Wentz,00-0032950,QB,rec_yds,0.002,0.0,0.0,0.0,0.0,0.0
2025_03_CIN_MIN,MIN,CIN,Carson Wentz,00-0032950,QB,anytime_td,0.049,0.0,0.0,0.0,0.0,0.0
2025_03_CIN_MIN,MIN,CIN,Justin Jefferson,00-0036322,WR,car,0.298,0.0,0.0,0.0,0.0,1.0
2025_03_CIN_MIN,MIN,CIN,Justin Jefferson,00-0036322,WR,rush_yds,1.592,0.0,0.0,0.0,0.0,1.925
2025_03_CIN_MIN,MIN,CIN,Justin Jefferson,00-0036322,WR,tgt,8.63,4.0,6.0,8.0,11.0,14.0
2025_03_CIN_MIN,MIN,CIN,Justin Jefferson,00-0036322,WR,rec,5.534,2.0,4.0,5.0,7.0,9.0
2025_03_CIN_MIN,MIN,CIN,Justin Jefferson,00-0036322,WR,rec_yds,70.134,20.02,38.244,63.712,94.917,128.922
2025_03_CIN_MIN,MIN,CIN,Justin Jefferson,00-0036322,WR,anytime_td,0.369,0.0,0.0,0.0,1.0,1.0
2025_03_CIN_MIN,MIN,CIN,Adam Thielen,00-0030035,WR,car,0.016,0.0,0.0,0.0,0.0,0.0
2025_03_CIN_MIN,MIN,CIN,Adam Thielen,00-0030035,WR,rush_yds,0.076,0.0,0.0,0.0,0.0,0.0
2025_03_CIN_MIN,MIN,CIN,Adam Thielen,00-0030035,WR,tgt,4.69,2.0,3.0,4.0,6.0,8.0
2025_03_CIN_MIN,MIN,CIN,Adam Thielen,00-0030035,WR,rec,3.112,1.0,2.0,3.0,4.0,6.0
2025_03_CIN_MIN,MIN,CIN,Adam Thielen,00-0030035,WR,rec_yds,35.852,3.907,13.952,30.541,51.273,75.07
2025_03_CIN_MIN,MIN,CIN,Adam Thielen,00-0030035,WR,anytime_td,0.214,0.0,0.0,0.0,0.0,1.0
2025_03_CIN_MIN,MIN,CIN,T.J. Hockenson,00-0035229,TE,car,0.003,0.0,0.0,0.0,0.0,0.0
2025_03_CIN_MIN,MIN,CIN,T.J. Hockenson,00-0035229,TE,rush_yds,0.008,0.0,0.0,0.0,0.0,0.0
2025_03_CIN_MIN,MIN,CIN,T.J. Hockenson,00-0035229,TE,tgt,5.339,2.0,3.0,5.0,7.0,9.0
2025_03_CIN_MIN,MIN,CIN,T.J. Hockenson,00-0035229,TE,rec,3.767,1.0,2.0,3.0,5.0,7.0
2025_03_CIN_MIN,MIN,CIN,T.J. Hockenson,00-0035229,TE,rec_yds,35.7,6.65,15.978,31.179,50.041,70.512
2025_03_CIN_MIN,MIN,CIN,T.J. Hockenson,00-0035229,TE,anytime_td,0.136,0.0,0.0,0.0,0.0,1.0
2025_03_CIN_MIN,MIN,CIN,Jordan Mason,00-0037525,RB,car,12.472,6.0,8.0,12.0,16.0,20.0
2025_03_CIN_MIN,MIN,CIN,Jordan Mason,00-0037525,RB,rush_yds,51.566,15.254,27.437,44.539,69.26,96.199
2025_03_CIN_MIN,MIN,CIN,Jordan Mason,00-0037525,RB,tgt,1.965,0.0,1.0,2.0,3.0,4.0
2025_03_CIN_MIN,MIN,CIN,Jordan Mason,00-0037525,RB,rec,1.562,0.0,0.0,1.0,2.0,4.0
2025_03_CIN_MIN,MIN,CIN,Jordan Mason,00-0037525,RB,rec_yds,10.405,0.0,0.0,6.156,15.458,28.304
2025_03_CIN_MIN,MIN,CIN,Jordan Mason,00-0037525,RB,anytime_td,0.245,0.0,0.0,0.0,0.0,1.0
2025_03_CIN_MIN,MIN,CIN,Josh Oliver,00-0035249,TE,car,0.002,0.0,0.0,0.0,0.0,0.0
2025_03_CIN_MIN,MIN,CIN,Josh Oliver,00-0035249,TE,rush_yds,0.007,0.0,0.0,0.0,0.0,0.0
2025_03_CIN_MIN,MIN,CIN,Josh Oliver,00-0035249,TE,tgt,1.4,0.0,0.0,1.0,2.0,3.0
2025_03_CIN_MIN,MIN,CIN,Josh Oliver,00-0035249,TE,rec,1.044,0.0,0.0,1.0,2.0,3.0
2025_03_CIN_MIN,MIN,CIN,Josh Oliver,00-0035249,TE,rec_yds,9.7,0.0,0.0,4.662,14.892,28.196
2025_03_CIN_MIN,MIN,CIN,Josh Oliver,00-0035249,TE,anytime_td,0.062,0.0,0.0,0.0,0.0,0.0
2025_03_CIN_MIN,MIN,CIN,Zavier Scott,00-0038440,RB,car,3.091,0.0,1.0,2.0,5.0,7.0
2025_03_CIN_MIN,MIN,CIN,Zavier Scott,00-0038440,RB,rush_yds,12.611,0.0,0.0,7.002,18.02,32.768
2025_03_CIN_MIN,MIN,CIN,Zavier Scott,00-0038440,RB,tgt,0.74,0.0,0.0,0.0,1.0,2.0
2025_03_CIN_MIN,MIN,CIN,Zavier Scott,00-0038440,RB,rec,0.594,0.0,0.0,0.0,1.0,2.0
2025_03_CIN_MIN,MIN,CIN,Zavier Scott,00-0038440,RB,rec_yds,4.015,0.0,0.0,0.0,5.098,13.785
2025_03_CIN_MIN,MIN,CIN,Zavier Scott,00-0038440,RB,anytime_td,0.113,0.0,0.0,0.0,0.0,1.0
2025_03_CIN_MIN,MIN,CIN,Tai Felton,00-0040154,WR,car,0.085,0.0,0.0,0.0,0.0,0.0
2025_03_CIN_MIN,MIN,CIN,Tai Felton,00-0040154,WR,rush_yds,0.451,0.0,0.0,0.0,0.0,0.0
2025_03_CIN_MIN,MIN,CIN,Tai Felton,00-0040154,WR,tgt,1.489,0.0,0.0,1.0,2.0,4.0
2025_03_CIN_MIN,MIN,CIN,Tai Felton,00-0040154,WR,rec,0.98,0.0,0.0,1.0,2.0,3.0
2025_03_CIN_MIN,MIN,CIN,Tai Felton,00-0040154,WR,rec_yds,11.239,0.0,0.0,4.01,16.698,33.365
2025_03_CIN_MIN,MIN,CIN,Tai Felton,00-0040154,WR,anytime_td,0.065,0.0,0.0,0.0,0.0,0.0
2025_03_CIN_MIN,MIN,CIN,Myles Price,00-0040506,WR,car,0.095,0.0,0.0,0.0,0.0,0.0
2025_03_CIN_MIN,MIN,CIN,Myles Price,00-0040506,WR,rush_yds,0.477,0.0,0.0,0.0,0.0,0.0
2025_03_CIN_MIN,MIN,CIN,Myles Price,00-0040506,WR,tgt,1.467,0.0,0.0,1.0,2.0,3.1
2025_03_CIN_MIN,MIN,CIN,Myles Price,00-0040506,WR,rec,0.956,0.0,0.0,1.0,1.0,2.0
2025_03_CIN_MIN,MIN,CIN,Myles Price,00-0040506,WR,rec_yds,11.201,0.0,0.0,4.331,17.027,32.935
2025_03_CIN_MIN,MIN,CIN,Myles Price,00-0040506,WR,anytime_td,0.069,0.0,0.0,0.0,0.0,0.0
2025_03_CIN_MIN,MIN,CIN,Cam Akers,00-0036414,RB,car,7.02,2.0,4.0,6.0,10.0,13.0
2025_03_CIN_MIN,MIN,CIN,Cam Akers,00-0036414,RB,rush_yds,29.93,3.601,11.169,23.784,42.049,64.651
2025_03_CIN_MIN,MIN,CIN,Cam Akers,00-0036414,RB,tgt,0.9,0.0,0.0,1.0,1.0,2.0
2025_03_CIN_MIN,MIN,CIN,Cam Akers,00-0036414,RB,rec,0.722,0.0,0.0,0.0,1.0,2.0
2025_03_CIN_MIN,MIN,CIN,Cam Akers,00-0036414,RB,rec_yds,4.905,0.0,0.0,0.0,6.717,15.752
2025_03_CIN_MIN,MIN,CIN,Cam Akers,00-0036414,RB,anytime_td,0.241,0.0,0.0,0.0,0.0,1.0
2025_03_CIN_MIN,CIN,MIN,Jake Browning,00-0035100,QB,att,33.268,23.0,28.0,34.0,39.0,44.0
2025_03_CIN_MIN,CIN,MIN,Jake Browning,00-0035100,QB,cmp,21.594,14.0,18.0,22.0,26.0,30.0
2025_03_CIN_MIN,CIN,MIN,Jake Browning,00-0035100,QB,pass_yds,220.193,130.216,175.412,219.062,267.274,315.486
2025_03_CIN_MIN,CIN,MIN,Jake Browning,00-0035100,QB,pass_td,1.268,0.0,0.0,1.0,2.0,3.0
2025_03_CIN_MIN,CIN,MIN,Jake Browning,00-0035100,QB,ints,0.8,0.0,0.0,1.0,1.0,2.0
2025_03_CIN_MIN,CIN,MIN,Jake Browning,00-0035100,QB,car,2.531,0.0,1.0,2.0,4.0,5.0
2025_03_CIN_MIN,CIN,MIN,Jake Browning,00-0035100,QB,rush_yds,11.322,-1.0,0.0,7.459,16.893,29.812
2025_03_CIN_MIN,CIN,MIN,Jake Browning,00-0035100,QB,tgt,0.001,0.0,0.0,0.0,0.0,0.0
2025_03_CIN_MIN,CIN,MIN,Jake Browning,00-0035100,QB,rec,0.001,0.0,0.0,0.0,0.0,0.0
2025_03_CIN_MIN,CIN,MIN,Jake Browning,00-0035100,QB,rec_yds,0.007,0.0,0.0,0.0,0.0,0.0
2025_03_CIN_MIN,CIN,MIN,Jake Browning,00-0035100,QB,anytime_td,0.163,0.0,0.0,0.0,0.0,1.0
2025_03_CIN_MIN,CIN,MIN,Ja'Marr Chase,00-0036900,WR,car,0.124,0.0,0.0,0.0,0.0,0.0
2025_03_CIN_MIN,CIN,MIN,Ja'Marr Chase,00-0036900,WR,rush_yds,0.738,0.0,0.0,0.0,0.0,0.0
2025_03_CIN_MIN,CIN,MIN,Ja'Marr Chase,00-0036900,WR,tgt,9.222,4.0,6.0,9.0,12.0,14.0
2025_03_CIN_MIN,CIN,MIN,Ja'Marr Chase,00-0036900,WR,rec,6.188,3.0,4.0,6.0,8.0,10.0
2025_03_CIN_MIN,CIN,MIN,Ja'Marr Chase,00-0036900,WR,rec_yds,71.841,23.883,41.158,66.024,96.129,127.961
2025_03_CIN_MIN,CIN,MIN,Ja'Marr Chase,00-0036900,WR,anytime_td,0.303,0.0,0.0,0.0,1.0,1.0
2025_03_CIN_MIN,CIN,MIN,Tee Higgins,00-0036410,WR,car,0.02,0.0,0.0,0.0,0.0,0.0
2025_03_CIN_MIN,CIN,MIN,Tee Higgins,00-0036410,WR,rush_yds,0.107,0.0,0.0,0.0,0.0,0.0
2025_03_CIN_MIN,CIN,MIN,Tee Higgins,00-0036410,WR,tgt,6.344,2.0,4.0,6.0,8.0,11.0
2025_03_CIN_MIN,CIN,MIN,Tee Higgins,00-0036410,WR,rec,3.885,1.0,2.0,4.0,5.0,7.0
2025_03_CIN_MIN,CIN,MIN,Tee Higgins,00-0036410,WR,rec_yds,46.839,8.066,20.4,40.237,66.555,94.013
2025_03_CIN_MIN,CIN,MIN,Tee Higgins,00-0036410,WR,anytime_td,0.28,0.0,0.0,0.0,1.0,1.0
2025_03_CIN_MIN,CIN,MIN,Drew Sample,00-0035631,TE,car,0.032,0.0,0.0,0.0,0.0,0.0
2025_03_CIN_MIN,CIN,MIN,Drew Sample,00-0035631,TE,rush_yds,0.074,0.0,0.0,0.0,0.0,0.0
2025_03_CIN_MIN,CIN,MIN,Drew Sample,00-0035631,TE,tgt,1.343,0.0,0.0,1.0,2.0,3.0
2025_03_CIN_MIN,CIN,MIN,Drew Sample,00-0035631,TE,rec,0.932,0.0,0.0,1.0,1.0,2.0
2025_03_CIN_MIN,CIN,MIN,Drew Sample,00-0035631,TE,rec_yds,8.508,0.0,0.0,2.788,12.718,25.299
2025_03_CIN_MIN,CIN,MIN,Drew Sample,00-0035631,TE,anytime_td,0.024,0.0,0.0,0.0,0.0,0.0
2025_03_CIN_MIN,CIN,MIN,Andrei Iosivas,00-0038619,WR,car,0.012,0.0,0.0,0.0,0.0,0.0
2025_03_CIN_MIN,CIN,MIN,Andrei Iosivas,00-0038619,WR,rush_yds,0.067,0.0,0.0,0.0,0.0,0.0
2025_03_CIN_MIN,CIN,MIN,Andrei Iosivas,00-0038619,WR,tgt,2.657,0.0,1.0,2.0,4.0,6.0
2025_03_CIN_MIN,CIN,MIN,Andrei Iosivas,00-0038619,WR,rec,1.54,0.0,0.0,1.0,2.0,4.0
2025_03_CIN_MIN,CIN,MIN,Andrei Iosivas,00-0038619,WR,rec_yds,18.397,0.0,0.0,12.0,27.322,47.727
2025_03_CIN_MIN,CIN,MIN,Andrei Iosivas,00-0038619,WR,anytime_td,0.091,0.0,0.0,0.0,0.0,0.0
2025_03_CIN_MIN,CIN,MIN,Chase Brown,00-0038597,RB,car,16.908,9.0,12.0,16.0,21.0,25.0
2025_03_CIN_MIN,CIN,MIN,Chase Brown,00-0038597,RB,rush_yds,65.413,25.119,39.242,59.885,84.906,112.677
2025_03_CIN_MIN,CIN,MIN,Chase Brown,00-0038597,RB,tgt,3.105,1.0,1.0,3.0,4.0,6.0
2025_03_CIN_MIN,CIN,MIN,Chase Brown,00-0038597,RB,rec,2.393,0.0,1.0,2.0,3.0,5.0
2025_03_CIN_MIN,CIN,MIN,Chase Brown,00-0038597,RB,rec_yds,16.096,0.0,3.326,11.39,24.076,38.793
2025_03_CIN_MIN,CIN,MIN,Chase Brown,00-0038597,RB,anytime_td,0.353,0.0,0.0,0.0,1.0,1.0
2025_03_CIN_MIN,CIN,MIN,Noah Fant,00-0035644,TE,car,0.003,0.0,0.0,0.0,0.0,0.0
2025_03_CIN_MIN,CIN,MIN,Noah Fant,00-0035644,TE,rush_yds,0.01,0.0,0.0,0.0,0.0,0.0
2025_03_CIN_MIN,CIN,MIN,Noah Fant,00-0035644,TE,tgt,4.024,1.0,2.0,4.0,5.0,8.0
2025_03_CIN_MIN,CIN,MIN,Noah Fant,00-0035644,TE,rec,2.882,1.0,1.0,3.0,4.0,6.0
2025_03_CIN_MIN,CIN,MIN,Noah Fant,00-0035644,TE,rec_yds,27.064,1.008,9.969,21.587,38.631,58.515
2025_03_CIN_MIN,CIN,MIN,Noah Fant,00-0035644,TE,anytime_td,0.18,0.0,0.0,0.0,0.0,1.0
2025_03_CIN_MIN,CIN,MIN,Mike Gesicki,00-0034829,TE,car,0.002,0.0,0.0,0.0,0.0,0.0
2025_03_CIN_MIN,CIN,MIN,Mike Gesicki,00-0034829,TE,rush_yds,0.002,0.0,0.0,0.0,0.0,0.0
2025_03_CIN_MIN,CIN,MIN,Mike Gesicki,00-0034829,TE,tgt,3.897,1.0,2.0,3.0,5.0,7.0
2025_03_CIN_MIN,CIN,MIN,Mike Gesicki,00-0034829,TE,rec,2.75,1.0,1.0,2.0,4.0,5.0
2025_03_CIN_MIN,CIN,MIN,Mike Gesicki,00-0034829,TE,rec_yds,25.223,0.0,8.777,20.383,36.239,54.641
2025_03_CIN_MIN,CIN,MIN,Mike Gesicki,00-0034829,TE,anytime_td,0.084,0.0,0.0,0.0,0.0,0.0
2025_03_CIN_MIN,CIN,MIN,Samaje Perine,00-0033526,RB,car,0.828,0.0,0.0,0.0,1.0,3.0
2025_03_CIN_MIN,CIN,MIN,Samaje Perine,00-0033526,RB,rush_yds,3.542,0.0,0.0,0.0,2.952,11.528
2025_03_CIN_MIN,CIN,MIN,Samaje Perine,00-0033526,RB,tgt,1.205,0.0,0.0,1.0,2.0,3.0
2025_03_CIN_MIN,CIN,MIN,Samaje Perine,00-0033526,RB,rec,0.932,0.0,0.0,1.0,1.0,2.0
2025_03_CIN_MIN,CIN,MIN,Samaje Perine,00-0033526,RB,rec_yds,6.508,0.0,0.0,0.0,9.461,20.01
2025_03_CIN_MIN,CIN,MIN,Samaje Perine,00-0033526,RB,anytime_td,0.036,0.0,0.0,0.0,0.0,0.0
2025_03_CIN_MIN,CIN,MIN,Cam Grandy,00-0039631,TE,car,0.003,0.0,0.0,0.0,0.0,0.0
2025_03_CIN_MIN,CIN,MIN,Cam Grandy,00-0039631,TE,rush_yds,0.003,0.0,0.0,0.0,0.0,0.0
2025_03_CIN_MIN,CIN,MIN,Cam Grandy,00-0039631,TE,tgt,0.584,0.0,0.0,0.0,1.0,2.0
2025_03_CIN_MIN,CIN,MIN,Cam Grandy,00-0039631,TE,rec,0.408,0.0,0.0,0.0,1.0,1.0
2025_03_CIN_MIN,CIN,MIN,Cam Grandy,00-0039631,TE,rec_yds,3.78,0.0,0.0,0.0,3.286,13.798
2025_03_CIN_MIN,CIN,MIN,Cam Grandy,00-0039631,TE,anytime_td,0.01,0.0,0.0,0.0,0.0,0.0
2025_03_CIN_MIN,CIN,MIN,Tahj Brooks,00-0040208,RB,car,2.361,0.0,0.0,2.0,3.25,6.0
2025_03_CIN_MIN,CIN,MIN,Tahj Brooks,00-0040208,RB,rush_yds,10.207,0.0,0.0,4.458,14.319,28.607
2025_03_CIN_MIN,CIN,MIN,Tahj Brooks,00-0040208,RB,tgt,0.708,0.0,0.0,0.0,1.0,2.0
2025_03_CIN_MIN,CIN,MIN,Tahj Brooks,00-0040208,RB,rec,0.545,0.0,0.0,0.0,1.0,2.0
2025_03_CIN_MIN,CIN,MIN,Tahj Brooks,00-0040208,RB,rec_yds,3.776,0.0,0.0,0.0,4.657,12.803
2025_03_CIN_MIN,CIN,MIN,Tahj Brooks,00-0040208,RB,anytime_td,0.082,0.0,0.0,0.0,0.0,0.0
2025_03_CIN_MIN,CIN,MIN,Mitchell Tinsley,00-0038839,WR,car,0.02,0.0,0.0,0.0,0.0,0.0
2025_03_CIN_MIN,CIN,MIN,Mitchell Tinsley,00-0038839,WR,rush_yds,0.093,0.0,0.0,0.0,0.0,0.0
2025_03_CIN_MIN,CIN,MIN,Mitchell Tinsley,00-0038839,WR,tgt,0.697,0.0,0.0,0.0,1.0,2.0
2025_03_CIN_MIN,CIN,MIN,Mitchell Tinsley,00-0038839,WR,rec,0.432,0.0,0.0,0.0,1.0,1.0
2025_03_CIN_MIN,CIN,MIN,Mitchell Tinsley,00-0038839,WR,rec_yds,5.06,0.0,0.0,0.0,4.865,18.002
2025_03_CIN_MIN,CIN,MIN,Mitchell Tinsley,00-0038839,WR,anytime_td,0.081,0.0,0.0,0.0,0.0,0.0
2025_03_DAL_CHI,CHI,DAL,Caleb Williams,00-0039918,QB,att,31.189,21.0,27.0,32.0,37.0,42.0
2025_03_DAL_CHI,CHI,DAL,Caleb Williams,00-0039918,QB,cmp,21.137,14.0,18.0,22.0,25.0,29.0
2025_03_DAL_CHI,CHI,DAL,Caleb Williams,00-0039918,QB,pass_yds,229.571,138.091,183.314,229.038,279.659,330.623
2025_03_DAL_CHI,CHI,DAL,Caleb Williams,00-0039918,QB,pass_td,1.611,0.0,1.0,2.0,2.0,3.0
2025_03_DAL_CHI,CHI,DAL,Caleb Williams,00-0039918,QB,ints,0.66,0.0,0.0,0.0,1.0,2.0
2025_03_DAL_CHI,CHI,DAL,Caleb Williams,00-0039918,QB,car,5.133,2.0,3.0,5.0,7.0,9.0
2025_03_DAL_CHI,CHI,DAL,Caleb Williams,00-0039918,QB,rush_yds,27.948,3.183,11.685,23.84,40.201,57.084
2025_03_DAL_CHI,CHI,DAL,Caleb Williams,00-0039918,QB,tgt,0.001,0.0,0.0,0.0,0.0,0.0
2025_03_DAL_CHI,CHI,DAL,Caleb Williams,00-0039918,QB,rec,0.001,0.0,0.0,0.0,0.0,0.0
2025_03_DAL_CHI,CHI,DAL,Caleb Williams,00-0039918,QB,rec_yds,0.004,0.0,0.0,0.0,0.0,0.0
2025_03_DAL_CHI,CHI,DAL,Caleb Williams,00-0039918,QB,anytime_td,0.201,0.0,0.0,0.0,0.0,1.0
2025_03_DAL_CHI,CHI,DAL,Cole Kmet,00-0036290,TE,car,0.001,0.0,0.0,0.0,0.0,0.0
2025_03_DAL_CHI,CHI,DAL,Cole Kmet,00-0036290,TE,rush_yds,0.005,0.0,0.0,0.0,0.0,0.0
2025_03_DAL_CHI,CHI,DAL,Cole Kmet,00-0036290,TE,tgt,2.736,0.0,1.0,2.0,4.0,5.0
2025_03_DAL_CHI,CHI,DAL,Cole Kmet,00-0036290,TE,rec,2.042,0.0,1.0,2.0,3.0,4.0
2025_03_DAL_CHI,CHI,DAL,Cole Kmet,00-0036290,TE,rec_yds,22.097,0.0,5.105,16.684,33.272,51.536
2025_03_DAL_CHI,CHI,DAL,Cole Kmet,00-0036290,TE,anytime_td,0.133,0.0,0.0,0.0,0.0,1.0
2025_03_DAL_CHI,CHI,DAL,Rome Odunze,00-0039919,WR,car,0.071,0.0,0.0,0.0,0.0,0.0
2025_03_DAL_CHI,CHI,DAL,Rome Odunze,00-0039919,WR,rush_yds,0.419,0.0,0.0,0.0,0.0,0.0
2025_03_DAL_CHI,CHI,DAL,Rome Odunze,00-0039919,WR,tgt,7.834,4.0,5.0,7.0,10.0,13.0
2025_03_DAL_CHI,CHI,DAL,Rome Odunze,00-0039919,WR,rec,5.086,2.0,3.0,5.0,7.0,9.0
2025_03_DAL_CHI,CHI,DAL,Rome Odunze,00-0039919,WR,rec_yds,65.739,17.834,34.514,59.692,88.408,121.34
2025_03_DAL_CHI,CHI,DAL,Rome Odunze,00-0039919,WR,anytime_td,0.493,0.0,0.0,0.0,1.0,1.0
2025_03_DAL_CHI,CHI,DAL,DJ Moore,00-0034827,WR,car,1.214,0.0,0.0,0.0,2.0,4.0
2025_03_DAL_CHI,CHI,DAL,DJ Moore,00-0034827,WR,rush_yds,6.536,0.0,0.0,0.0,8.099,21.743
2025_03_DAL_CHI,CHI,DAL,DJ Moore,00-0034827,WR,tgt,7.309,3.0,5.0,7.0,9.0,12.0
2025_03_DAL_CHI,CHI,DAL,DJ Moore,00-0034827,WR,rec,5.242,2.0,3.0,5.0,7.0,9.0
2025_03_DAL_CHI,CHI,DAL,DJ Moore,00-0034827,WR,rec_yds,61.249,17.68,32.683,55.26,83.016,112.352
2025_03_DAL_CHI,CHI,DAL,DJ Moore,00-0034827,WR,anytime_td,0.266,0.0,0.0,0.0,1.0,1.0
2025_03_DAL_CHI,CHI,DAL,D'Andre Swift,00-0036275,RB,car,14.848,7.9,10.0,14.0,19.0,23.0
2025_03_DAL_CHI,CHI,DAL,D'Andre Swift,00-0036275,RB,rush_yds,61.136,22.277,35.463,54.709,79.713,108.075
2025_03_DAL_CHI,CHI,DAL,D'Andre Swift,00-0036275,RB,tgt,3.415,1.0,2.0,3.0,5.0,7.0
2025_03_DAL_CHI,CHI,DAL,D'Andre Swift,00-0036275,RB,rec,2.81,0.0,1.0,2.0,4.0,6.0
2025_03_DAL_CHI,CHI,DAL,D'Andre Swift,00-0036275,RB,rec_yds,18.692,0.0,5.283,14.112,27.582,43.04
2025_03_DAL_CHI,CHI,DAL,D'Andre Swift,00-0036275,RB,anytime_td,0.405,0.0,0.0,0.0,1.0,1.0
2025_03_DAL_CHI,CHI,DAL,Olamide Zaccheaus,00-0035208,WR,car,0.304,0.0,0.0,0.0,0.0,1.0
2025_03_DAL_CHI,CHI,DAL,Olamide Zaccheaus,00-0035208,WR,rush_yds,1.709,0.0,0.0,0.0,0.0,3.913
2025_03_DAL_CHI,CHI,DAL,Olamide Zaccheaus,00-0035208,WR,tgt,5.029,2.0,3.0,5.0,7.0,9.0
2025_03_DAL_CHI,CHI,DAL,Olamide Zaccheaus,00-0035208,WR,rec,3.245,1.0,2.0,3.0,4.0,6.0
2025_03_DAL_CHI,CHI,DAL,Olamide Zaccheaus,00-0035208,WR,rec_yds,38.083,4.82,15.518,31.998,53.396,80.337
2025_03_DAL_CHI,CHI,DAL,Olamide Zaccheaus,00-0035208,WR,anytime_td,0.151,0.0,0.0,0.0,0.0,1.0
2025_03_DAL_CHI,CHI,DAL,Durham Smythe,00-0034798,TE,car,0.003,0.0,0.0,0.0,0.0,0.0
2025_03_DAL_CHI,CHI,DAL,Durham Smythe,00-0034798,TE,rush_yds,0.013,0.0,0.0,0.0,0.0,0.0
2025_03_DAL_CHI,CHI,DAL,Durham Smythe,00-0034798,TE,tgt,0.543,0.0,0.0,0.0,1.0,2.0
2025_03_DAL_CHI,CHI,DAL,Durham Smythe,00-0034798,TE,rec,0.404,0.0,0.0,0.0,1.0,1.0
2025_03_DAL_CHI,CHI,DAL,Durham Smythe,00-0034798,TE,rec_yds,4.177,0.0,0.0,0.0,3.67,15.151
2025_03_DAL_CHI,CHI,DAL,Durham Smythe,00-0034798,TE,anytime_td,0.014,0.0,0.0,0.0,0.0,0.0
2025_03_DAL_CHI,CHI,DAL,Luther Burden III,00-0040735,WR,car,0.025,0.0,0.0,0.0,0.0,0.0
2025_03_DAL_CHI,CHI,DAL,Luther Burden III,00-0040735,WR,rush_yds,0.134,0.0,0.0,0.0,0.0,0.0
2025_03_DAL_CHI,CHI,DAL,Luther Burden III,00-0040735,WR,tgt,1.661,0.0,0.0,1.0,2.0,4.0
2025_03_DAL_CHI,CHI,DAL,Luther Burden III,00-0040735,WR,rec,1.118,0.0,0.0,1.0,2.0,3.0
2025_03_DAL_CHI,CHI,DAL,Luther Burden III,00-0040735,WR,rec_yds,12.98,0.0,0.0,6.476,19.41,37.176
2025_03_DAL_CHI,CHI,DAL,Luther Burden III,00-0040735,WR,anytime_td,0.053,0.0,0.0,0.0,0.0,0.0
2025_03_DAL_CHI,CHI,DAL,Kyle Monangai,00-0040236,RB,car,3.848,0.0,1.0,3.0,6.0,9.0
2025_03_DAL_CHI,CHI,DAL,Kyle Monangai,00-0040236,RB,rush_yds,16.362,0.0,2.824,10.732,23.495,40.929
2025_03_DAL_CHI,CHI,DAL,Kyle Monangai,00-0040236,RB,tgt,1.947,0.0,1.0,2.0,3.0,4.0
2025_03_DAL_CHI,CHI,DAL,Kyle Monangai,00-0040236,RB,rec,1.559,0.0,0.0,1.0,2.0,4.0
2025_03_DAL_CHI,CHI,DAL,Kyle Monangai,00-0040236,RB,rec_yds,11.595,0.0,0.0,6.741,16.975,31.798
2025_03_DAL_CHI,CHI,DAL,Kyle Monangai,00-0040236,RB,anytime_td,0.144,0.0,0.0,0.0,0.0,1.0
2025_03_DAL_CHI,CHI,DAL,Colston Loveland,00-0040126,TE,car,0.001,0.0,0.0,0.0,0.0,0.0
2025_03_DAL_CHI,CHI,DAL,Colston Loveland,00-0040126,TE,rush_yds,0.002,0.0,0.0,0.0,0.0,0.0
2025_03_DAL_CHI,CHI,DAL,Colston Loveland,00-0040126,TE,tgt,1.39,0.0,0.0,1.0,2.0,3.0
2025_03_DAL_CHI,CHI,DAL,Colston Loveland,00-0040126,TE,rec,1.043,0.0,0.0,1.0,2.0,3.0
2025_03_DAL_CHI,CHI,DAL,Colston Loveland,00-0040126,TE,rec_yds,10.248,0.0,0.0,4.99,15.722,28.64
2025_03_DAL_CHI,CHI,DAL,Colston Loveland,00-0040126,TE,anytime_td,0.044,0.0,0.0,0.0,0.0,0.0
2025_03_DAL_CHI,DAL,CHI,Jalen Tolbert,00-0037666,WR,car,0.013,0.0,0.0,0.0,0.0,0.0
2025_03_DAL_CHI,DAL,CHI,Jalen Tolbert,00-0037666,WR,rush_yds,0.062,0.0,0.0,0.0,0.0,0.0
2025_03_DAL_CHI,DAL,CHI,Jalen Tolbert,00-0037666,WR,tgt,2.893,0.0,1.0,3.0,4.0,6.0
2025_03_DAL_CHI,DAL,CHI,Jalen Tolbert,00-0037666,WR,rec,1.833,0.0,1.0,2.0,3.0,4.0
2025_03_DAL_CHI,DAL,CHI,Jalen Tolbert,00-0037666,WR,rec_yds,23.194,0.0,3.651,16.371,34.688,57.432
2025_03_DAL_CHI,DAL,CHI,Jalen Tolbert,00-0037666,WR,anytime_td,0.212,0.0,0.0,0.0,0.0,1.0
2025_03_DAL_CHI,DAL,CHI,Dak Prescott,00-0033077,QB,att,33.065,22.0,28.0,34.0,39.0,44.0
2025_03_DAL_CHI,DAL,CHI,Dak Prescott,00-0033077,QB,cmp,22.414,14.0,19.0,23.0,27.0,31.0
2025_03_DAL_CHI,DAL,CHI,Dak Prescott,00-0033077,QB,pass_yds,248.354,149.644,198.132,249.147,301.977,353.246
2025_03_DAL_CHI,DAL,CHI,Dak Prescott,00-0033077,QB,pass_td,1.637,0.0,1.0,2.0,2.0,3.0
2025_03_DAL_CHI,DAL,CHI,Dak Prescott,00-0033077,QB,ints,0.668,0.0,0.0,0.0,1.0,2.0
2025_03_DAL_CHI,DAL,CHI,Dak Prescott,00-0033077,QB,car,2.749,0.0,1.0,2.0,4.0,6.0
2025_03_DAL_CHI,DAL,CHI,Dak Prescott,00-0033077,QB,rush_yds,10.885,-1.0,0.0,6.922,16.825,29.259
2025_03_DAL_CHI,DAL,CHI,Dak Prescott,00-0033077,QB,tgt,0.001,0.0,0.0,0.0,0.0,0.0
2025_03_DAL_CHI,DAL,CHI,Dak Prescott,00-0033077,QB,rec,0.001,0.0,0.0,0.0,0.0,0.0
2025_03_DAL_CHI,DAL,CHI,Dak Prescott,00-0033077,QB,rec_yds,0.005,0.0,0.0,0.0,0.0,0.0
2025_03_DAL_CHI,DAL,CHI,Dak Prescott,00-0033077,QB,anytime_td,0.069,0.0,0.0,0.0,0.0,0.0
2025_03_DAL_CHI,DAL,CHI,George Pickens,00-0037247,WR,car,0.061,0.0,0.0,0.0,0.0,0.0
2025_03_DAL_CHI,DAL,CHI,George Pickens,00-0037247,WR,rush_yds,0.292,0.0,0.0,0.0,0.0,0.0
2025_03_DAL_CHI,DAL,CHI,George Pickens,00-0037247,WR,tgt,5.368,2.0,3.0,5.0,7.0,9.0
2025_03_DAL_CHI,DAL,CHI,George Pickens,00-0037247,WR,rec,3.432,1.0,2.0,3.0,5.0,6.0
2025_03_DAL_CHI,DAL,CHI,George Pickens,00-0037247,WR,rec_yds,45.886,6.738,18.955,38.201,64.91,96.506
2025_03_DAL_CHI,DAL,CHI,George Pickens,00-0037247,WR,anytime_td,0.366,0.0,0.0,0.0,1.0,1.0
2025_03_DAL_CHI,DAL,CHI,KaVontae Turpin,00-0037801,WR,car,1.735,0.0,0.0,1.0,2.0,5.0
2025_03_DAL_CHI,DAL,CHI,KaVontae Turpin,00-0037801,WR,rush_yds,9.845,0.0,0.0,1.027,13.357,31.227
2025_03_DAL_CHI,DAL,CHI,KaVontae Turpin,00-0037801,WR,tgt,2.513,0.0,1.0,2.0,4.0,5.0
2025_03_DAL_CHI,DAL,CHI,KaVontae Turpin,00-0037801,WR,rec,1.748,0.0,1.0,1.0,3.0,4.0
2025_03_DAL_CHI,DAL,CHI,KaVontae Turpin,00-0037801,WR,rec_yds,22.658,0.0,2.07,15.779,34.508,56.183
2025_03_DAL_CHI,DAL,CHI,KaVontae Turpin,00-0037801,WR,anytime_td,0.248,0.0,0.0,0.0,0.0,1.0
2025_03_DAL_CHI,DAL,CHI,Javonte Williams,00-0036997,RB,car,14.077,7.0,10.0,14.0,18.0,22.0
2025_03_DAL_CHI,DAL,CHI,Javonte Williams,00-0036997,RB,rush_yds,62.383,20.588,35.237,56.092,81.628,112.713
2025_03_DAL_CHI,DAL,CHI,Javonte Williams,00-0036997,RB,tgt,3.549,1.0,2.0,3.0,5.0,7.0
2025_03_DAL_CHI,DAL,CHI,Javonte Williams,00-0036997,RB,rec,2.876,1.0,1.0,3.0,4.0,6.0
2025_03_DAL_CHI,DAL,CHI,Javonte Williams,00-0036997,RB,rec_yds,20.516,0.0,6.136,15.812,29.424,46.531
2025_03_DAL_CHI,DAL,CHI,Javonte Williams,00-0036997,RB,anytime_td,0.468,0.0,0.0,0.0,1.0,1.0
2025_03_DAL_CHI,DAL,CHI,Jake Ferguson,00-0038041,TE,car,0.001,0.0,0.0,0.0,0.0,0.0
2025_03_DAL_CHI,DAL,CHI,Jake Ferguson,00-0038041,TE,rush_yds,0.005,0.0,0.0,0.0,0.0,0.0
2025_03_DAL_CHI,DAL,CHI,Jake Ferguson,00-0038041,TE,tgt,5.776,2.0,4.0,5.0,8.0,10.0
2025_03_DAL_CHI,DAL,CHI,Jake Ferguson,00-0038041,TE,rec,4.309,1.0,2.0,4.0,6.0,8.0
2025_03_DAL_CHI,DAL,CHI,Jake Ferguson,00-0038041,TE,rec_yds,40.988,8.89,19.63,36.037,57.144,78.817
2025_03_DAL_CHI,DAL,CHI,Jake Ferguson,00-0038041,TE,anytime_td,0.144,0.0,0.0,0.0,0.0,1.0
2025_03_DAL_CHI,DAL,CHI,Luke Schoonmaker,00-0038547,TE,car,0.002,0.0,0.0,0.0,0.0,0.0
2025_03_DAL_CHI,DAL,CHI,Luke Schoonmaker,00-0038547,TE,rush_yds,0.005,0.0,0.0,0.0,0.0,0.0
2025_03_DAL_CHI,DAL,CHI,Luke Schoonmaker,00-0038547,TE,tgt,1.445,0.0,0.0,1.0,2.0,3.0
2025_03_DAL_CHI,DAL,CHI,Luke Schoonmaker,00-0038547,TE,rec,1.011,0.0,0.0,1.0,2.0,3.0
2025_03_DAL_CHI,DAL,CHI,Luke Schoonmaker,00-0038547,TE,rec_yds,10.53,0.0,0.0,4.92,16.046,30.354
2025_03_DAL_CHI,DAL,CHI,Luke Schoonmaker,00-0038547,TE,anytime_td,0.058,0.0,0.0,0.0,0.0,0.0
2025_03_DAL_CHI,DAL,CHI,Miles Sanders,00-0035243,RB,car,6.198,1.0,3.0,5.0,9.0,12.0
2025_03_DAL_CHI,DAL,CHI,Miles Sanders,00-0035243,RB,rush_yds,28.672,2.076,9.482,21.798,40.439,63.508
2025_03_DAL_CHI,DAL,CHI,Miles Sanders,00-0035243,RB,tgt,1.654,0.0,0.0,1.0,2.0,4.0
2025_03_DAL_CHI,DAL,CHI,Miles Sanders,00-0035243,RB,rec,1.358,0.0,0.0,1.0,2.0,3.0
2025_03_DAL_CHI,DAL,CHI,Miles Sanders,00-0035243,RB,rec_yds,9.522,0.0,0.0,4.879,14.396,26.655
2025_03_DAL_CHI,DAL,CHI,Miles Sanders,00-0035243,RB,anytime_td,0.286,0.0,0.0,0.0,1.0,1.0
2025_03_DAL_CHI,DAL,CHI,Ryan Flournoy,00-0039410,WR,car,0.019,0.0,0.0,0.0,0.0,0.0
2025_03_DAL_CHI,DAL,CHI,Ryan Flournoy,00-0039410,WR,rush_yds,0.114,0.0,0.0,0.0,0.0,0.0
2025_03_DAL_CHI,DAL,CHI,Ryan Flournoy,00-0039410,WR,tgt,0.93,0.0,0.0,1.0,1.0,3.0
2025_03_DAL_CHI,DAL,CHI,Ryan Flournoy,00-0039410,WR,rec,0.614,0.0,0.0,0.0,1.0,2.0
2025_03_DAL_CHI,DAL,CHI,Ryan Flournoy,00-0039410,WR,rec_yds,7.743,0.0,0.0,0.0,10.1,25.91
2025_03_DAL_CHI,DAL,CHI,Ryan Flournoy,00-0039410,WR,anytime_td,0.021,0.0,0.0,0.0,0.0,0.0
2025_03_DAL_CHI,DAL,CHI,Brevyn Spann-Ford,00-0039530,TE,car,0.003,0.0,0.0,0.0,0.0,0.0
2025_03_DAL_CHI,DAL,CHI,Brevyn Spann-Ford,00-0039530,TE,rush_yds,0.011,0.0,0.0,0.0,0.0,0.0
2025_03_DAL_CHI,DAL,CHI,Brevyn Spann-Ford,00-0039530,TE,tgt,0.728,0.0,0.0,0.0,1.0,2.0
2025_03_DAL_CHI,DAL,CHI,Brevyn Spann-Ford,00-0039530,TE,rec,0.53,0.0,0.0,0.0,1.0,2.0
2025_03_DAL_CHI,DAL,CHI,Brevyn Spann-Ford,00-0039530,TE,rec_yds,5.335,0.0,0.0,0.0,7.215,18.604
2025_03_DAL_CHI,DAL,CHI,Brevyn Spann-Ford,00-0039530,TE,anytime_td,0.015,0.0,0.0,0.0,0.0,0.0
2025_03_DAL_CHI,DAL,CHI,Hunter Luepke,00-0038738,RB,car,0.907,0.0,0.0,0.0,1.0,3.0
2025_03_DAL_CHI,DAL,CHI,Hunter Luepke,00-0038738,RB,rush_yds,3.903,0.0,0.0,0.0,3.556,13.024
2025_03_DAL_CHI,DAL,CHI,Hunter Luepke,00-0038738,RB,tgt,0.419,0.0,0.0,0.0,1.0,1.0
2025_03_DAL_CHI,DAL,CHI,Hunter Luepke,00-0038738,RB,rec,0.339,0.0,0.0,0.0,0.0,1.0
2025_03_DAL_CHI,DAL,CHI,Hunter Luepke,00-0038738,RB,rec_yds,2.494,0.0,0.0,0.0,0.0,9.134
2025_03_DAL_CHI,DAL,CHI,Hunter Luepke,00-0038738,RB,anytime_td,0.025,0.0,0.0,0.0,0.0,0.0
2025_03_DAL_CHI,DAL,CHI,CeeDee Lamb,00-0036358,WR,car,0.458,0.0,0.0,0.0,0.0,2.0
2025_03_DAL_CHI,DAL,CHI,CeeDee Lamb,00-0036358,WR,rush_yds,2.495,0.0,0.0,0.0,0.0,7.846
2025_03_DAL_CHI,DAL,CHI,CeeDee Lamb,00-0036358,WR,tgt,8.4,4.0,6.0,8.0,11.0,13.0
2025_03_DAL_CHI,DAL,CHI,CeeDee Lamb,00-0036358,WR,rec,5.776,2.0,4.0,5.0,8.0,10.0
2025_03_DAL_CHI,DAL,CHI,CeeDee Lamb,00-0036358,WR,rec_yds,75.147,23.775,42.807,68.831,100.723,133.79
2025_03_DAL_CHI,DAL,CHI,CeeDee Lamb,00-0036358,WR,anytime_td,0.286,0.0,0.0,0.0,1.0,1.0
2025_03_DEN_LAC,LAC,DEN,Justin Herbert,00-0036355,QB,att,30.395,20.0,26.0,31.0,36.0,41.0
2025_03_DEN_LAC,LAC,DEN,Justin Herbert,00-0036355,QB,cmp,20.196,13.0,17.0,21.0,24.0,28.0
2025_03_DEN_LAC,LAC,DEN,Justin Herbert,00-0036355,QB,pass_yds,229.826,134.268,180.798,230.926,281.577,329.009
2025_03_DEN_LAC,LAC,DEN,Justin Herbert,00-0036355,QB,pass_td,1.628,0.0,1.0,2.0,2.0,3.0
2025_03_DEN_LAC,LAC,DEN,Justin Herbert,00-0036355,QB,ints,0.589,0.0,0.0,0.0,1.0,2.0
2025_03_DEN_LAC,LAC,DEN,Justin Herbert,00-0036355,QB,car,4.497,1.0,2.0,4.0,6.0,8.0
2025_03_DEN_LAC,LAC,DEN,Justin Herbert,00-0036355,QB,rush_yds,21.915,0.066,7.362,17.913,31.996,48.055
2025_03_DEN_LAC,LAC,DEN,Justin Herbert,00-0036355,QB,tgt,0.0,0.0,0.0,0.0,0.0,0.0
2025_03_DEN_LAC,LAC,DEN,Justin Herbert,00-0036355,QB,rec,0.0,0.0,0.0,0.0,0.0,0.0
2025_03_DEN_LAC,LAC,DEN,Justin Herbert,00-0036355,QB,rec_yds,0.013,0.0,0.0,0.0,0.0,0.0
2025_03_DEN_LAC,LAC,DEN,Justin Herbert,00-0036355,QB,anytime_td,0.099,0.0,0.0,0.0,0.0,0.0
2025_03_DEN_LAC,LAC,DEN,Ladd McConkey,00-0039915,WR,car,0.014,0.0,0.0,0.0,0.0,0.0
2025_03_DEN_LAC,LAC,DEN,Ladd McConkey,00-0039915,WR,rush_yds,0.076,0.0,0.0,0.0,0.0,0.0
2025_03_DEN_LAC,LAC,DEN,Ladd McConkey,00-0039915,WR,tgt,6.975,3.0,5.0,7.0,9.0,11.0
2025_03_DEN_LAC,LAC,DEN,Ladd McConkey,00-0039915,WR,rec,4.901,2.0,3.0,5.0,7.0,8.0
2025_03_DEN_LAC,LAC,DEN,Ladd McConkey,00-0039915,WR,rec_yds,62.845,16.017,32.58,55.989,85.876,118.759
2025_03_DEN_LAC,LAC,DEN,Ladd McConkey,00-0039915,WR,anytime_td,0.254,0.0,0.0,0.0,1.0,1.0
2025_03_DEN_LAC,LAC,DEN,Quentin Johnston,00-0038544,WR,car,0.302,0.0,0.0,0.0,0.0,1.0
2025_03_DEN_LAC,LAC,DEN,Quentin Johnston,00-0038544,WR,rush_yds,1.635,0.0,0.0,0.0,0.0,3.316
2025_03_DEN_LAC,LAC,DEN,Quentin Johnston,00-0038544,WR,tgt,6.173,2.0,4.0,6.0,8.0,10.0
2025_03_DEN_LAC,LAC,DEN,Quentin Johnston,00-0038544,WR,rec,3.829,1.0,2.0,4.0,5.0,7.0
2025_03_DEN_LAC,LAC,DEN,Quentin Johnston,00-0038544,WR,rec_yds,50.083,9.415,23.523,43.764,71.17,98.95
2025_03_DEN_LAC,LAC,DEN,Quentin Johnston,00-0038544,WR,anytime_td,0.397,0.0,0.0,0.0,1.0,1.0
2025_03_DEN_LAC,LAC,DEN,Omarion Hampton,00-0040666,RB,car,10.154,4.0,6.0,10.0,13.0,17.0
2025_03_DEN_LAC,LAC,DEN,Omarion Hampton,00-0040666,RB,rush_yds,41.531,9.321,19.464,35.254,56.976,82.451
2025_03_DEN_LAC,LAC,DEN,Omarion Hampton,00-0040666,RB,tgt,1.624,0.0,0.0,1.0,2.0,4.0
2025_03_DEN_LAC,LAC,DEN,Omarion Hampton,00-0040666,RB,rec,1.296,0.0,0.0,1.0,2.0,3.0
2025_03_DEN_LAC,LAC,DEN,Omarion Hampton,00-0040666,RB,rec_yds,8.941,0.0,0.0,4.613,13.377,25.438
2025_03_DEN_LAC,LAC,DEN,Omarion Hampton,00-0040666,RB,anytime_td,0.335,0.0,0.0,0.0,1.0,1.0
2025_03_DEN_LAC,LAC,DEN,Keenan Allen,00-0030279,WR,car,0.018,0.0,0.0,0.0,0.0,0.0
2025_03_DEN_LAC,LAC,DEN,Keenan Allen,00-0030279,WR,rush_yds,0.101,0.0,0.0,0.0,0.0,0.0
2025_03_DEN_LAC,LAC,DEN,Keenan Allen,00-0030279,WR,tgt,7.383,3.0,5.0,7.0,9.0,12.0
2025_03_DEN_LAC,LAC,DEN,Keenan Allen,00-0030279,WR,rec,4.931,2.0,3.0,5.0,6.0,8.0
2025_03_DEN_LAC,LAC,DEN,Keenan Allen,00-0030279,WR,rec_yds,57.325,15.019,29.964,52.308,78.305,106.845
2025_03_DEN_LAC,LAC,DEN,Keenan Allen,00-0030279,WR,anytime_td,0.411,0.0,0.0,0.0,1.0,1.0
2025_03_DEN_LAC,LAC,DEN,Tucker Fisk,00-0037654,TE,car,0.002,0.0,0.0,0.0,0.0,0.0
2025_03_DEN_LAC,LAC,DEN,Tucker Fisk,00-0037654,TE,rush_yds,0.007,0.0,0.0,0.0,0.0,0.0
2025_03_DEN_LAC,LAC,DEN,Tucker Fisk,00-0037654,TE,tgt,0.786,0.0,0.0,0.0,1.0,2.0
2025_03_DEN_LAC,LAC,DEN,Tucker Fisk,00-0037654,TE,rec,0.585,0.0,0.0,0.0,1.0,2.0
2025_03_DEN_LAC,LAC,DEN,Tucker Fisk,00-0037654,TE,rec_yds,5.827,0.0,0.0,0.0,8.087,19.686
2025_03_DEN_LAC,LAC,DEN,Tucker Fisk,00-0037654,TE,anytime_td,0.02,0.0,0.0,0.0,0.0,0.0
2025_03_DEN_LAC,LAC,DEN,Tre Harris,00-0040727,WR,car,0.031,0.0,0.0,0.0,0.0,0.0
2025_03_DEN_LAC,LAC,DEN,Tre Harris,00-0040727,WR,rush_yds,0.145,0.0,0.0,0.0,0.0,0.0
2025_03_DEN_LAC,LAC,DEN,Tre Harris,00-0040727,WR,tgt,2.003,0.0,1.0,2.0,3.0,5.0
2025_03_DEN_LAC,LAC,DEN,Tre Harris,00-0040727,WR,rec,1.328,0.0,0.0,1.0,2.0,3.0
2025_03_DEN_LAC,LAC,DEN,Tre Harris,00-0040727,WR,rec_yds,16.613,0.0,0.0,9.512,24.982,45.832
2025_03_DEN_LAC,LAC,DEN,Tre Harris,00-0040727,WR,anytime_td,0.051,0.0,0.0,0.0,0.0,0.0
2025_03_DEN_LAC,LAC,DEN,Tyler Conklin,00-0034270,TE,car,0.284,0.0,0.0,0.0,0.0,1.0
2025_03_DEN_LAC,LAC,DEN,Tyler Conklin,00-0034270,TE,rush_yds,0.677,0.0,0.0,0.0,0.0,0.848
2025_03_DEN_LAC,LAC,DEN,Tyler Conklin,00-0034270,TE,tgt,2.252,0.0,1.0,2.0,3.0,5.0
2025_03_DEN_LAC,LAC,DEN,Tyler Conklin,00-0034270,TE,rec,1.692,0.0,0.75,1.0,3.0,4.0
2025_03_DEN_LAC,LAC,DEN,Tyler Conklin,00-0034270,TE,rec_yds,17.662,0.0,0.0,11.857,26.544,44.677
2025_03_DEN_LAC,LAC,DEN,Tyler Conklin,00-0034270,TE,anytime_td,0.12,0.0,0.0,0.0,0.0,1.0
2025_03_DEN_LAC,LAC,DEN,Oronde Gadsden II,00-0040189,TE,car,0.005,0.0,0.0,0.0,0.0,0.0
2025_03_DEN_LAC,LAC,DEN,Oronde Gadsden II,00-0040189,TE,rush_yds,0.012,0.0,0.0,0.0,0.0,0.0
2025_03_DEN_LAC,LAC,DEN,Oronde Gadsden II,00-0040189,TE,tgt,0.731,0.0,0.0,0.0,1.0,2.0
2025_03_DEN_LAC,LAC,DEN,Oronde Gadsden II,00-0040189,TE,rec,0.532,0.0,0.0,0.0,1.0,2.0
2025_03_DEN_LAC,LAC,DEN,Oronde Gadsden II,00-0040189,TE,rec_yds,5.395,0.0,0.0,0.0,7.175,18.786
2025_03_DEN_LAC,LAC,DEN,Oronde Gadsden II,00-0040189,TE,anytime_td,0.031,0.0,0.0,0.0,0.0,0.0
2025_03_DEN_LAC,LAC,DEN,Najee Harris,00-0036893,RB,car,8.016,2.0,4.0,7.0,11.0,15.0
2025_03_DEN_LAC,LAC,DEN,Najee Harris,00-0036893,RB,rush_yds,33.884,5.731,13.757,27.345,46.696,70.913
2025_03_DEN_LAC,LAC,DEN,Najee Harris,00-0036893,RB,tgt,1.866,0.0,1.0,1.0,3.0,4.0
2025_03_DEN_LAC,LAC,DEN,Najee Harris,00-0036893,RB,rec,1.519,0.0,0.0,1.0,2.0,4.0
2025_03_DEN_LAC,LAC,DEN,Najee Harris,00-0036893,RB,rec_yds,10.953,0.0,0.0,5.985,15.924,30.404
2025_03_DEN_LAC,LAC,DEN,Najee Harris,00-0036893,RB,anytime_td,0.276,0.0,0.0,0.0,1.0,1.0
2025_03_DEN_LAC,LAC,DEN,Hassan Haskins,00-0037617,RB,car,1.851,0.0,0.0,1.0,3.0,5.0
2025_03_DEN_LAC,LAC,DEN,Hassan Haskins,00-0037617,RB,rush_yds,8.003,0.0,0.0,2.135,10.424,23.916
2025_03_DEN_LAC,LAC,DEN,Hassan Haskins,00-0037617,RB,tgt,0.292,0.0,0.0,0.0,0.0,1.0
2025_03_DEN_LAC,LAC,DEN,Hassan Haskins,00-0037617,RB,rec,0.232,0.0,0.0,0.0,0.0,1.0
2025_03_DEN_LAC,LAC,DEN,Hassan Haskins,00-0037617,RB,rec_yds,1.686,0.0,0.0,0.0,0.0,6.032
2025_03_DEN_LAC,LAC,DEN,Hassan Haskins,00-0037617,RB,anytime_td,0.112,0.0,0.0,0.0,0.0,1.0
2025_03_DEN_LAC,LAC,DEN,Derius Davis,00-0038573,WR,car,0.648,0.0,0.0,0.0,1.0,2.0
2025_03_DEN_LAC,LAC,DEN,Derius Davis,00-0038573,WR,rush_yds,3.674,0.0,0.0,0.0,0.0,12.423
2025_03_DEN_LAC,LAC,DEN,Derius Davis,00-0038573,WR,tgt,0.839,0.0,0.0,0.0,1.0,2.0
2025_03_DEN_LAC,LAC,DEN,Derius Davis,00-0038573,WR,rec,0.548,0.0,0.0,0.0,1.0,2.0
2025_03_DEN_LAC,LAC,DEN,Derius Davis,00-0038573,WR,rec_yds,6.715,0.0,0.0,0.0,8.436,22.246
2025_03_DEN_LAC,LAC,DEN,Derius Davis,00-0038573,WR,anytime_td,0.07,0.0,0.0,0.0,0.0,0.0
2025_03_DEN_LAC,DEN,LAC,Bo Nix,00-0039732,QB,att,32.457,22.0,28.0,33.0,39.0,43.0
2025_03_DEN_LAC,DEN,LAC,Bo Nix,00-0039732,QB,cmp,21.051,13.0,17.0,21.0,25.0,29.0
2025_03_DEN_LAC,DEN,LAC,Bo Nix,00-0039732,QB,pass_yds,218.976,129.535,172.8,218.671,268.996,316.308
2025_03_DEN_LAC,DEN,LAC,Bo Nix,00-0039732,QB,pass_td,1.368,0.0,1.0,1.0,2.0,3.0
2025_03_DEN_LAC,DEN,LAC,Bo Nix,00-0039732,QB,ints,0.805,0.0,0.0,1.0,1.0,2.0
2025_03_DEN_LAC,DEN,LAC,Bo Nix,00-0039732,QB,car,4.608,1.0,2.0,4.0,6.0,9.0
2025_03_DEN_LAC,DEN,LAC,Bo Nix,00-0039732,QB,rush_yds,22.991,1.062,8.308,18.936,33.11,49.518
2025_03_DEN_LAC,DEN,LAC,Bo Nix,00-0039732,QB,tgt,0.001,0.0,0.0,0.0,0.0,0.0
2025_03_DEN_LAC,DEN,LAC,Bo Nix,00-0039732,QB,rec,0.001,0.0,0.0,0.0,0.0,0.0
2025_03_DEN_LAC,DEN,LAC,Bo Nix,00-0039732,QB,rec_yds,0.005,0.0,0.0,0.0,0.0,0.0
2025_03_DEN_LAC,DEN,LAC,Bo Nix,00-0039732,QB,anytime_td,0.085,0.0,0.0,0.0,0.0,0.0
2025_03_DEN_LAC,DEN,LAC,Courtland Sutton,00-0034348,WR,car,0.013,0.0,0.0,0.0,0.0,0.0
2025_03_DEN_LAC,DEN,LAC,Courtland Sutton,00-0034348,WR,rush_yds,0.073,0.0,0.0,0.0,0.0,0.0
2025_03_DEN_LAC,DEN,LAC,Courtland Sutton,00-0034348,WR,tgt,8.017,4.0,5.0,8.0,10.0,13.0
2025_03_DEN_LAC,DEN,LAC,Courtland Sutton,00-0034348,WR,rec,4.876,2.0,3.0,5.0,6.0,8.0
2025_03_DEN_LAC,DEN,LAC,Courtland Sutton,00-0034348,WR,rec_yds,59.756,15.937,31.206,53.256,82.175,112.297
2025_03_DEN_LAC,DEN,LAC,Courtland Sutton,00-0034348,WR,anytime_td,0.267,0.0,0.0,0.0,1.0,1.0
2025_03_DEN_LAC,DEN,LAC,Troy Franklin,00-0039868,WR,car,0.254,0.0,0.0,0.0,0.0,1.0
2025_03_DEN_LAC,DEN,LAC,Troy Franklin,00-0039868,WR,rush_yds,1.295,0.0,0.0,0.0,0.0,0.979
2025_03_DEN_LAC,DEN,LAC,Troy Franklin,00-0039868,WR,tgt,6.002,2.0,4.0,6.0,8.0,10.0
2025_03_DEN_LAC,DEN,LAC,Troy Franklin,00-0039868,WR,rec,3.955,1.0,2.0,4.0,5.0,7.0
2025_03_DEN_LAC,DEN,LAC,Troy Franklin,00-0039868,WR,rec_yds,47.489,8.746,21.391,40.507,66.164,94.18
2025_03_DEN_LAC,DEN,LAC,Troy Franklin,00-0039868,WR,anytime_td,0.224,0.0,0.0,0.0,0.0,1.0
2025_03_DEN_LAC,DEN,LAC,J.K. Dobbins,00-0036158,RB,car,12.309,5.0,8.0,12.0,16.0,20.0
2025_03_DEN_LAC,DEN,LAC,J.K. Dobbins,00-0036158,RB,rush_yds,50.613,15.336,27.057,44.396,67.416,94.808
2025_03_DEN_LAC,DEN,LAC,J.K. Dobbins,00-0036158,RB,tgt,2.498,0.0,1.0,2.0,4.0,5.0
2025_03_DEN_LAC,DEN,LAC,J.K. Dobbins,00-0036158,RB,rec,1.934,0.0,1.0,2.0,3.0,4.0
2025_03_DEN_LAC,DEN,LAC,J.K. Dobbins,00-0036158,RB,rec_yds,13.228,0.0,0.856,8.421,19.408,33.663
2025_03_DEN_LAC,DEN,LAC,J.K. Dobbins,00-0036158,RB,anytime_td,0.408,0.0,0.0,0.0,1.0,1.0
2025_03_DEN_LAC,DEN,LAC,Marvin Mims Jr.,00-0038976,WR,car,0.509,0.0,0.0,0.0,0.0,2.0
2025_03_DEN_LAC,DEN,LAC,Marvin Mims Jr.,00-0038976,WR,rush_yds,2.606,0.0,0.0,0.0,0.0,8.852
2025_03_DEN_LAC,DEN,LAC,Marvin Mims Jr.,00-0038976,WR,tgt,4.034,1.0,2.0,4.0,6.0,7.0
2025_03_DEN_LAC,DEN,LAC,Marvin Mims Jr.,00-0038976,WR,rec,2.706,0.0,1.0,2.0,4.0,5.0
2025_03_DEN_LAC,DEN,LAC,Marvin Mims Jr.,00-0038976,WR,rec_yds,31.905,0.0,10.871,25.692,45.823,69.789
2025_03_DEN_LAC,DEN,LAC,Marvin Mims Jr.,00-0038976,WR,anytime_td,0.25,0.0,0.0,0.0,0.0,1.0
2025_03_DEN_LAC,DEN,LAC,Trent Sherfield,00-0034487,WR,car,0.013,0.0,0.0,0.0,0.0,0.0
2025_03_DEN_LAC,DEN,LAC,Trent Sherfield,00-0034487,WR,rush_yds,0.067,0.0,0.0,0.0,0.0,0.0
2025_03_DEN_LAC,DEN,LAC,Trent Sherfield,00-0034487,WR,tgt,1.127,0.0,0.0,1.0,2.0,3.0
2025_03_DEN_LAC,DEN,LAC,Trent Sherfield,00-0034487,WR,rec,0.721,0.0,0.0,0.0,1.0,2.0
2025_03_DEN_LAC,DEN,LAC,Trent Sherfield,00-0034487,WR,rec_yds,8.258,0.0,0.0,0.0,11.714,26.306
2025_03_DEN_LAC,DEN,LAC,Trent Sherfield,00-0034487,WR,anytime_td,0.017,0.0,0.0,0.0,0.0,0.0
2025_03_DEN_LAC,DEN,LAC,Lucas Krull,00-0037539,TE,car,0.002,0.0,0.0,0.0,0.0,0.0
2025_03_DEN_LAC,DEN,LAC,Lucas Krull,00-0037539,TE,rush_yds,0.006,0.0,0.0,0.0,0.0,0.0
2025_03_DEN_LAC,DEN,LAC,Lucas Krull,00-0037539,TE,tgt,1.444,0.0,0.0,1.0,2.0,4.0
2025_03_DEN_LAC,DEN,LAC,Lucas Krull,00-0037539,TE,rec,1.011,0.0,0.0,1.0,2.0,3.0
2025_03_DEN_LAC,DEN,LAC,Lucas Krull,00-0037539,TE,rec_yds,9.623,0.0,0.0,4.246,14.75,27.842
2025_03_DEN_LAC,DEN,LAC,Lucas Krull,00-0037539,TE,anytime_td,0.02,0.0,0.0,0.0,0.0,0.0
2025_03_DEN_LAC,DEN,LAC,Adam Trautman,00-0036422,TE,car,0.0,0.0,0.0,0.0,0.0,0.0
2025_03_DEN_LAC,DEN,LAC,Adam Trautman,00-0036422,TE,rush_yds,0.001,0.0,0.0,0.0,0.0,0.0
2025_03_DEN_LAC,DEN,LAC,Adam Trautman,00-0036422,TE,tgt,1.885,0.0,1.0,1.5,3.0,4.0
2025_03_DEN_LAC,DEN,LAC,Adam Trautman,00-0036422,TE,rec,1.364,0.0,0.0,1.0,2.0,3.0
2025_03_DEN_LAC,DEN,LAC,Adam Trautman,00-0036422,TE,rec_yds,12.674,0.0,0.0,7.557,19.564,33.92
2025_03_DEN_LAC,DEN,LAC,Adam Trautman,00-0036422,TE,anytime_td,0.153,0.0,0.0,0.0,0.0,1.0
2025_03_DEN_LAC,DEN,LAC,Nate Adkins,00-0038783,TE,car,0.002,0.0,0.0,0.0,0.0,0.0
2025_03_DEN_LAC,DEN,LAC,Nate Adkins,00-0038783,TE,rush_yds,0.008,0.0,0.0,0.0,0.0,0.0
2025_03_DEN_LAC,DEN,LAC,Nate Adkins,00-0038783,TE,tgt,1.216,0.0,0.0,1.0,2.0,3.0
2025_03_DEN_LAC,DEN,LAC,Nate Adkins,00-0038783,TE,rec,0.882,0.0,0.0,1.0,1.0,2.0
2025_03_DEN_LAC,DEN,LAC,Nate Adkins,00-0038783,TE,rec_yds,8.777,0.0,0.0,1.74,13.46,26.789
2025_03_DEN_LAC,DEN,LAC,Nate Adkins,00-0038783,TE,anytime_td,0.072,0.0,0.0,0.0,0.0,0.0
2025_03_DEN_LAC,DEN,LAC,RJ Harvey,00-0040730,RB,car,4.71,1.0,2.0,4.0,7.0,10.0
2025_03_DEN_LAC,DEN,LAC,RJ Harvey,00-0040730,RB,rush_yds,20.137,0.0,4.853,13.828,28.636,48.022
2025_03_DEN_LAC,DEN,LAC,RJ Harvey,00-0040730,RB,tgt,1.572,0.0,0.0,1.0,2.0,4.0
2025_03_DEN_LAC,DEN,LAC,RJ Harvey,00-0040730,RB,rec,1.206,0.0,0.0,1.0,2.0,3.0
2025_03_DEN_LAC,DEN,LAC,RJ Harvey,00-0040730,RB,rec_yds,8.858,0.0,0.0,3.982,13.104,25.98
2025_03_DEN_LAC,DEN,LAC,RJ Harvey,00-0040730,RB,anytime_td,0.124,0.0,0.0,0.0,0.0,1.0
2025_03_DEN_LAC,DEN,LAC,Pat Bryant,00-0040134,WR,car,0.02,0.0,0.0,0.0,0.0,0.0
2025_03_DEN_LAC,DEN,LAC,Pat Bryant,00-0040134,WR,rush_yds,0.111,0.0,0.0,0.0,0.0,0.0
2025_03_DEN_LAC,DEN,LAC,Pat Bryant,00-0040134,WR,tgt,1.883,0.0,1.0,1.0,3.0,4.0
2025_03_DEN_LAC,DEN,LAC,Pat Bryant,00-0040134,WR,rec,1.186,0.0,0.0,1.0,2.0,3.0
2025_03_DEN_LAC,DEN,LAC,Pat Bryant,00-0040134,WR,rec_yds,14.427,0.0,0.0,7.611,21.054,40.362
2025_03_DEN_LAC,DEN,LAC,Pat Bryant,00-0040134,WR,anytime_td,0.036,0.0,0.0,0.0,0.0,0.0
2025_03_DEN_LAC,DEN,LAC,Tyler Badie,00-0037085,RB,car,1.697,0.0,0.0,1.0,2.0,5.0
2025_03_DEN_LAC,DEN,LAC,Tyler Badie,00-0037085,RB,rush_yds,7.06,0.0,0.0,1.154,9.448,20.744
2025_03_DEN_LAC,DEN,LAC,Tyler Badie,00-0037085,RB,tgt,3.066,1.0,1.0,3.0,4.0,6.0
2025_03_DEN_LAC,DEN,LAC,Tyler Badie,00-0037085,RB,rec,2.274,0.0,1.0,2.0,3.0,5.0
2025_03_DEN_LAC,DEN,LAC,Tyler Badie,00-0037085,RB,rec_yds,16.366,0.0,2.916,11.607,24.461,39.354
2025_03_DEN_LAC,DEN,LAC,Tyler Badie,00-0037085,RB,anytime_td,0.094,0.0,0.0,0.0,0.0,0.0
2025_03_GB_CLE,CLE,GB,Joe Flacco,00-0026158,QB,att,33.754,23.0,29.0,35.0,40.0,45.0
2025_03_GB_CLE,CLE,GB,Joe Flacco,00-0026158,QB,cmp,21.079,13.0,18.0,22.0,25.0,29.0
2025_03_GB_CLE,CLE,GB,Joe Flacco,00-0026158,QB,pass_yds,206.844,124.085,162.458,207.514,251.295,300.0
2025_03_GB_CLE,CLE,GB,Joe Flacco,00-0026158,QB,pass_td,1.022,0.0,0.0,1.0,2.0,2.0
2025_03_GB_CLE,CLE,GB,Joe Flacco,00-0026158,QB,ints,0.855,0.0,0.0,1.0,1.0,2.0
2025_03_GB_CLE,CLE,GB,Joe Flacco,00-0026158,QB,car,1.869,0.0,1.0,1.0,3.0,4.0
2025_03_GB_CLE,CLE,GB,Joe Flacco,00-0026158,QB,rush_yds,8.58,-1.0,0.0,3.937,12.796,24.257
2025_03_GB_CLE,CLE,GB,Joe Flacco,00-0026158,QB,tgt,0.0,0.0,0.0,0.0,0.0,0.0
2025_03_GB_CLE,CLE,GB,Joe Flacco,00-0026158,QB,rec,0.0,0.0,0.0,0.0,0.0,0.0
2025_03_GB_CLE,CLE,GB,Joe Flacco,00-0026158,QB,rec_yds,0.001,0.0,0.0,0.0,0.0,0.0
2025_03_GB_CLE,CLE,GB,Joe Flacco,00-0026158,QB,anytime_td,0.01,0.0,0.0,0.0,0.0,0.0
2025_03_GB_CLE,CLE,GB,Jerry Jeudy,00-0036407,WR,car,0.014,0.0,0.0,0.0,0.0,0.0
2025_03_GB_CLE,CLE,GB,Jerry Jeudy,00-0036407,WR,rush_yds,0.054,0.0,0.0,0.0,0.0,0.0
2025_03_GB_CLE,CLE,GB,Jerry Jeudy,00-0036407,WR,tgt,7.086,3.0,5.0,7.0,9.0,12.0
2025_03_GB_CLE,CLE,GB,Jerry Jeudy,00-0036407,WR,rec,4.119,1.0,2.0,4.0,5.25,7.0
2025_03_GB_CLE,CLE,GB,Jerry Jeudy,00-0036407,WR,rec_yds,51.45,10.679,24.922,45.922,70.63,100.819
2025_03_GB_CLE,CLE,GB,Jerry Jeudy,00-0036407,WR,anytime_td,0.139,0.0,0.0,0.0,0.0,1.0
2025_03_GB_CLE,CLE,GB,David Njoku,00-0033885,TE,car,0.003,0.0,0.0,0.0,0.0,0.0
2025_03_GB_CLE,CLE,GB,David Njoku,00-0033885,TE,rush_yds,0.007,0.0,0.0,0.0,0.0,0.0
2025_03_GB_CLE,CLE,GB,David Njoku,00-0033885,TE,tgt,6.051,2.0,4.0,6.0,8.0,10.0
2025_03_GB_CLE,CLE,GB,David Njoku,00-0033885,TE,rec,3.919,1.0,2.0,4.0,5.0,7.0
2025_03_GB_CLE,CLE,GB,David Njoku,00-0033885,TE,rec_yds,37.255,7.151,17.212,32.522,52.006,73.087
2025_03_GB_CLE,CLE,GB,David Njoku,00-0033885,TE,anytime_td,0.176,0.0,0.0,0.0,0.0,1.0
2025_03_GB_CLE,CLE,GB,Cedric Tillman,00-0038979,WR,car,0.055,0.0,0.0,0.0,0.0,0.0
2025_03_GB_CLE,CLE,GB,Cedric Tillman,00-0038979,WR,rush_yds,0.298,0.0,0.0,0.0,0.0,0.0
2025_03_GB_CLE,CLE,GB,Cedric Tillman,00-0038979,WR,tgt,5.258,2.0,3.0,5.0,7.0,9.0
2025_03_GB_CLE,CLE,GB,Cedric Tillman,00-0038979,WR,rec,2.863,1.0,1.0,3.0,4.0,5.0
2025_03_GB_CLE,CLE,GB,Cedric Tillman,00-0038979,WR,rec_yds,34.074,2.699,12.956,28.076,48.581,73.656
2025_03_GB_CLE,CLE,GB,Cedric Tillman,00-0038979,WR,anytime_td,0.253,0.0,0.0,0.0,1.0,1.0
2025_03_GB_CLE,CLE,GB,Isaiah Bond,00-0040782,WR,car,0.415,0.0,0.0,0.0,0.0,1.0
2025_03_GB_CLE,CLE,GB,Isaiah Bond,00-0040782,WR,rush_yds,2.012,0.0,0.0,0.0,0.0,6.056
2025_03_GB_CLE,CLE,GB,Isaiah Bond,00-0040782,WR,tgt,1.634,0.0,0.0,1.0,2.0,4.0
2025_03_GB_CLE,CLE,GB,Isaiah Bond,00-0040782,WR,rec,0.954,0.0,0.0,1.0,1.0,2.1
2025_03_GB_CLE,CLE,GB,Isaiah Bond,00-0040782,WR,rec_yds,11.182,0.0,0.0,4.222,16.453,33.511
2025_03_GB_CLE,CLE,GB,Isaiah Bond,00-0040782,WR,anytime_td,0.034,0.0,0.0,0.0,0.0,0.0
2025_03_GB_CLE,CLE,GB,Harold Fannin Jr.,00-0040663,TE,car,0.352,0.0,0.0,0.0,0.0,1.0
2025_03_GB_CLE,CLE,GB,Harold Fannin Jr.,00-0040663,TE,rush_yds,0.738,0.0,0.0,0.0,0.0,1.97
2025_03_GB_CLE,CLE,GB,Harold Fannin Jr.,00-0040663,TE,tgt,4.711,2.0,3.0,4.0,6.0,8.0
2025_03_GB_CLE,CLE,GB,Harold Fannin Jr.,00-0040663,TE,rec,3.329,1.0,2.0,3.0,5.0,6.0
2025_03_GB_CLE,CLE,GB,Harold Fannin Jr.,00-0040663,TE,rec_yds,32.192,4.62,13.15,27.614,45.622,66.406
2025_03_GB_CLE,CLE,GB,Harold Fannin Jr.,00-0040663,TE,anytime_td,0.088,0.0,0.0,0.0,0.0,0.0
2025_03_GB_CLE,CLE,GB,Quinshon Judkins,00-0040784,RB,car,7.471,2.0,4.0,7.0,10.0,14.0
2025_03_GB_CLE,CLE,GB,Quinshon Judkins,00-0040784,RB,rush_yds,28.811,4.327,11.729,23.167,39.723,61.209
2025_03_GB_CLE,CLE,GB,Quinshon Judkins,00-0040784,RB,tgt,1.988,0.0,1.0,2.0,3.0,4.0
2025_03_GB_CLE,CLE,GB,Quinshon Judkins,00-0040784,RB,rec,1.494,0.0,0.0,1.0,2.0,3.0
2025_03_GB_CLE,CLE,GB,Quinshon Judkins,00-0040784,RB,rec_yds,10.381,0.0,0.0,5.99,15.087,27.695
2025_03_GB_CLE,CLE,GB,Quinshon Judkins,00-0040784,RB,anytime_td,0.183,0.0,0.0,0.0,0.0,1.0
2025_03_GB_CLE,CLE,GB,Jerome Ford,00-0037267,RB,car,6.389,2.0,3.0,6.0,9.0,12.0
2025_03_GB_CLE,CLE,GB,Jerome Ford,00-0037267,RB,rush_yds,24.232,2.623,8.579,18.902,34.078,52.942
2025_03_GB_CLE,CLE,GB,Jerome Ford,00-0037267,RB,tgt,2.715,0.0,1.0,2.0,4.0,6.0
2025_03_GB_CLE,CLE,GB,Jerome Ford,00-0037267,RB,rec,2.05,0.0,1.0,2.0,3.0,4.0
2025_03_GB_CLE,CLE,GB,Jerome Ford,00-0037267,RB,rec_yds,13.792,0.0,1.001,9.258,20.61,34.68
2025_03_GB_CLE,CLE,GB,Jerome Ford,00-0037267,RB,anytime_td,0.176,0.0,0.0,0.0,0.0,1.0
2025_03_GB_CLE,CLE,GB,Jamari Thrash,00-0039379,WR,car,0.013,0.0,0.0,0.0,0.0,0.0
2025_03_GB_CLE,CLE,GB,Jamari Thrash,00-0039379,WR,rush_yds,0.05,0.0,0.0,0.0,0.0,0.0
2025_03_GB_CLE,CLE,GB,Jamari Thrash,00-0039379,WR,tgt,0.925,0.0,0.0,0.0,1.0,3.0
2025_03_GB_CLE,CLE,GB,Jamari Thrash,00-0039379,WR,rec,0.558,0.0,0.0,0.0,1.0,2.0
2025_03_GB_CLE,CLE,GB,Jamari Thrash,00-0039379,WR,rec_yds,6.704,0.0,0.0,0.0,8.38,22.676
2025_03_GB_CLE,CLE,GB,Jamari Thrash,00-0039379,WR,anytime_td,0.01,0.0,0.0,0.0,0.0,0.0
2025_03_GB_CLE,CLE,GB,Dylan Sampson,00-0040162,RB,car,6.595,2.0,3.0,6.0,9.0,13.0
2025_03_GB_CLE,CLE,GB,Dylan Sampson,00-0040162,RB,rush_yds,22.843,2.606,8.101,17.665,32.242,50.642
2025_03_GB_CLE,CLE,GB,Dylan Sampson,00-0040162,RB,tgt,3.771,1.0,2.0,3.0,5.0,7.0
2025_03_GB_CLE,CLE,GB,Dylan Sampson,00-0040162,RB,rec,2.937,1.0,1.0,3.0,4.0,6.0
2025_03_GB_CLE,CLE,GB,Dylan Sampson,00-0040162,RB,rec_yds,21.095,0.0,6.316,16.272,30.446,48.54
2025_03_GB_CLE,CLE,GB,Dylan Sampson,00-0040162,RB,anytime_td,0.276,0.0,0.0,0.0,1.0,1.0
2025_03_GB_CLE,GB,CLE,Jordan Love,00-0036264,QB,att,27.946,18.0,23.0,28.0,33.0,38.0
2025_03_GB_CLE,GB,CLE,Jordan Love,00-0036264,QB,cmp,18.76,11.0,15.0,19.0,23.0,26.0
2025_03_GB_CLE,GB,CLE,Jordan Love,00-0036264,QB,pass_yds,214.939,123.577,166.725,213.984,265.707,313.16
2025_03_GB_CLE,GB,CLE,Jordan Love,00-0036264,QB,pass_td,1.412,0.0,1.0,1.0,2.0,3.0
2025_03_GB_CLE,GB,CLE,Jordan Love,00-0036264,QB,ints,0.491,0.0,0.0,0.0,1.0,2.0
2025_03_GB_CLE,GB,CLE,Jordan Love,00-0036264,QB,car,2.654,0.0,1.0,2.0,4.0,5.0
2025_03_GB_CLE,GB,CLE,Jordan Love,00-0036264,QB,rush_yds,9.333,-1.985,0.0,5.032,14.878,27.142
2025_03_GB_CLE,GB,CLE,Jordan Love,00-0036264,QB,tgt,0.001,0.0,0.0,0.0,0.0,0.0
2025_03_GB_CLE,GB,CLE,Jordan Love,00-0036264,QB,rec,0.001,0.0,0.0,0.0,0.0,0.0
2025_03_GB_CLE,GB,CLE,Jordan Love,00-0036264,QB,rec_yds,0.002,0.0,0.0,0.0,0.0,0.0
2025_03_GB_CLE,GB,CLE,Jordan Love,00-0036264,QB,anytime_td,0.069,0.0,0.0,0.0,0.0,0.0
2025_03_GB_CLE,GB,CLE,Romeo Doubs,00-0037816,WR,car,0.012,0.0,0.0,0.0,0.0,0.0
2025_03_GB_CLE,GB,CLE,Romeo Doubs,00-0037816,WR,rush_yds,0.057,0.0,0.0,0.0,0.0,0.0
2025_03_GB_CLE,GB,CLE,Romeo Doubs,00-0037816,WR,tgt,5.31,2.0,3.0,5.0,7.0,9.0
2025_03_GB_CLE,GB,CLE,Romeo Doubs,00-0037816,WR,rec,3.433,1.0,2.0,3.0,5.0,6.0
2025_03_GB_CLE,GB,CLE,Romeo Doubs,00-0037816,WR,rec_yds,45.445,6.861,19.035,38.394,64.665,93.659
2025_03_GB_CLE,GB,CLE,Romeo Doubs,00-0037816,WR,anytime_td,0.258,0.0,0.0,0.0,1.0,1.0
2025_03_GB_CLE,GB,CLE,Tucker Kraft,00-0038996,TE,car,0.459,0.0,0.0,0.0,0.0,1.0
2025_03_GB_CLE,GB,CLE,Tucker Kraft,00-0038996,TE,rush_yds,1.14,0.0,0.0,0.0,0.0,3.567
2025_03_GB_CLE,GB,CLE,Tucker Kraft,00-0038996,TE,tgt,5.483,2.0,3.0,5.0,7.0,9.0
2025_03_GB_CLE,GB,CLE,Tucker Kraft,00-0038996,TE,rec,4.094,1.0,2.0,4.0,6.0,7.0
2025_03_GB_CLE,GB,CLE,Tucker Kraft,00-0038996,TE,rec_yds,49.082,10.766,23.945,43.662,67.423,94.598
2025_03_GB_CLE,GB,CLE,Tucker Kraft,00-0038996,TE,anytime_td,0.347,0.0,0.0,0.0,1.0,1.0
2025_03_GB_CLE,GB,CLE,Matthew Golden,00-0040667,WR,car,0.974,0.0,0.0,0.0,1.0,3.0
2025_03_GB_CLE,GB,CLE,Matthew Golden,00-0040667,WR,rush_yds,5.356,0.0,0.0,0.0,4.789,18.706
2025_03_GB_CLE,GB,CLE,Matthew Golden,00-0040667,WR,tgt,2.243,0.0,1.0,2.0,3.0,5.0
2025_03_GB_CLE,GB,CLE,Matthew Golden,00-0040667,WR,rec,1.431,0.0,0.0,1.0,2.0,3.0
2025_03_GB_CLE,GB,CLE,Matthew Golden,00-0040667,WR,rec_yds,17.633,0.0,0.0,11.207,26.906,45.938
2025_03_GB_CLE,GB,CLE,Matthew Golden,00-0040667,WR,anytime_td,0.075,0.0,0.0,0.0,0.0,0.0
2025_03_GB_CLE,GB,CLE,Dontayvion Wicks,00-0038393,WR,car,0.017,0.0,0.0,0.0,0.0,0.0
2025_03_GB_CLE,GB,CLE,Dontayvion Wicks,00-0038393,WR,rush_yds,0.095,0.0,0.0,0.0,0.0,0.0
2025_03_GB_CLE,GB,CLE,Dontayvion Wicks,00-0038393,WR,tgt,5.009,2.0,3.0,5.0,7.0,9.0
2025_03_GB_CLE,GB,CLE,Dontayvion Wicks,00-0038393,WR,rec,3.295,1.0,2.0,3.0,5.0,6.0
2025_03_GB_CLE,GB,CLE,Dontayvion Wicks,00-0038393,WR,rec_yds,40.927,6.077,16.776,34.184,57.651,84.715
2025_03_GB_CLE,GB,CLE,Dontayvion Wicks,00-0038393,WR,anytime_td,0.148,0.0,0.0,0.0,0.0,1.0
2025_03_GB_CLE,GB,CLE,Josh Jacobs,00-0035700,RB,car,18.827,10.0,14.0,18.0,23.0,28.0
2025_03_GB_CLE,GB,CLE,Josh Jacobs,00-0035700,RB,rush_yds,79.191,32.558,49.254,72.768,102.958,134.414
2025_03_GB_CLE,GB,CLE,Josh Jacobs,00-0035700,RB,tgt,1.727,0.0,0.0,1.0,3.0,4.0
2025_03_GB_CLE,GB,CLE,Josh Jacobs,00-0035700,RB,rec,1.421,0.0,0.0,1.0,2.0,3.0
2025_03_GB_CLE,GB,CLE,Josh Jacobs,00-0035700,RB,rec_yds,10.99,0.0,0.0,5.743,16.267,31.042
2025_03_GB_CLE,GB,CLE,Josh Jacobs,00-0035700,RB,anytime_td,0.593,0.0,0.0,1.0,1.0,1.0
2025_03_GB_CLE,GB,CLE,Malik Heath,00-0038465,WR,car,0.009,0.0,0.0,0.0,0.0,0.0
2025_03_GB_CLE,GB,CLE,Malik Heath,00-0038465,WR,rush_yds,0.054,0.0,0.0,0.0,0.0,0.0
2025_03_GB_CLE,GB,CLE,Malik Heath,00-0038465,WR,tgt,1.514,0.0,0.0,1.0,2.0,4.0
2025_03_GB_CLE,GB,CLE,Malik Heath,00-0038465,WR,rec,0.965,0.0,0.0,1.0,2.0,2.0
2025_03_GB_CLE,GB,CLE,Malik Heath,00-0038465,WR,rec_yds,12.784,0.0,0.0,4.891,19.271,38.242
2025_03_GB_CLE,GB,CLE,Malik Heath,00-0038465,WR,anytime_td,0.081,0.0,0.0,0.0,0.0,0.0
2025_03_GB_CLE,GB,CLE,Emanuel Wilson,00-0038797,RB,car,3.736,0.0,1.0,3.0,5.0,9.0
2025_03_GB_CLE,GB,CLE,Emanuel Wilson,00-0038797,RB,rush_yds,16.742,0.0,2.009,10.348,23.898,42.634
2025_03_GB_CLE,GB,CLE,Emanuel Wilson,00-0038797,RB,tgt,0.636,0.0,0.0,0.0,1.0,2.0
2025_03_GB_CLE,GB,CLE,Emanuel Wilson,00-0038797,RB,rec,0.506,0.0,0.0,0.0,1.0,2.0
2025_03_GB_CLE,GB,CLE,Emanuel Wilson,00-0038797,RB,rec_yds,3.72,0.0,0.0,0.0,3.907,12.935
2025_03_GB_CLE,GB,CLE,Emanuel Wilson,00-0038797,RB,anytime_td,0.175,0.0,0.0,0.0,0.0,1.0
2025_03_GB_CLE,GB,CLE,Luke Musgrave,00-0039144,TE,car,0.005,0.0,0.0,0.0,0.0,0.0
2025_03_GB_CLE,GB,CLE,Luke Musgrave,00-0039144,TE,rush_yds,0.01,0.0,0.0,0.0,0.0,0.0
2025_03_GB_CLE,GB,CLE,Luke Musgrave,00-0039144,TE,tgt,1.702,0.0,0.0,1.0,3.0,4.0
2025_03_GB_CLE,GB,CLE,Luke Musgrave,00-0039144,TE,rec,1.287,0.0,0.0,1.0,2.0,3.0
2025_03_GB_CLE,GB,CLE,Luke Musgrave,00-0039144,TE,rec_yds,13.483,0.0,0.0,8.109,21.035,36.251
2025_03_GB_CLE,GB,CLE,Luke Musgrave,00-0039144,TE,anytime_td,0.04,0.0,0.0,0.0,0.0,0.0
2025_03_GB_CLE,GB,CLE,Chris Brooks,00-0038685,RB,car,2.027,0.0,0.0,1.0,3.0,5.0
2025_03_GB_CLE,GB,CLE,Chris Brooks,00-0038685,RB,rush_yds,9.103,0.0,0.0,2.864,12.286,27.144
2025_03_GB_CLE,GB,CLE,Chris Brooks,00-0038685,RB,tgt,2.087,0.0,1.0,2.0,3.0,4.0
2025_03_GB_CLE,GB,CLE,Chris Brooks,00-0038685,RB,rec,1.68,0.0,1.0,1.0,2.0,4.0
2025_03_GB_CLE,GB,CLE,Chris Brooks,00-0038685,RB,rec_yds,12.235,0.0,0.0,7.571,18.361,32.035
2025_03_GB_CLE,GB,CLE,Chris Brooks,00-0038685,RB,anytime_td,0.105,0.0,0.0,0.0,0.0,1.0
2025_03_GB_CLE,GB,CLE,Savion Williams,00-0040009,WR,car,0.99,0.0,0.0,0.0,1.0,3.0
2025_03_GB_CLE,GB,CLE,Savion Williams,00-0040009,WR,rush_yds,5.879,0.0,0.0,0.0,4.843,20.46
2025_03_GB_CLE,GB,CLE,Savion Williams,00-0040009,WR,tgt,0.841,0.0,0.0,0.0,1.0,2.0
2025_03_GB_CLE,GB,CLE,Savion Williams,00-0040009,WR,rec,0.55,0.0,0.0,0.0,1.0,2.0
2025_03_GB_CLE,GB,CLE,Savion Williams,00-0040009,WR,rec_yds,6.775,0.0,0.0,0.0,8.919,22.9
2025_03_GB_CLE,GB,CLE,Savion Williams,00-0040009,WR,anytime_td,0.042,0.0,0.0,0.0,0.0,0.0
2025_03_GB_CLE,GB,CLE,Bo Melton,00-0037091,WR,car,0.362,0.0,0.0,0.0,0.0,1.0
2025_03_GB_CLE,GB,CLE,Bo Melton,00-0037091,WR,rush_yds,1.973,0.0,0.0,0.0,0.0,5.011
2025_03_GB_CLE,GB,CLE,Bo Melton,00-0037091,WR,tgt,1.635,0.0,0.0,1.0,2.0,4.0
2025_03_GB_CLE,GB,CLE,Bo Melton,00-0037091,WR,rec,1.029,0.0,0.0,1.0,2.0,3.0
2025_03_GB_CLE,GB,CLE,Bo Melton,00-0037091,WR,rec_yds,12.941,0.0,0.0,5.884,19.55,37.426
2025_03_GB_CLE,GB,CLE,Bo Melton,00-0037091,WR,anytime_td,0.052,0.0,0.0,0.0,0.0,0.0
2025_03_HOU_JAX,JAX,HOU,Trevor Lawrence,00-0036971,QB,att,30.927,21.0,26.0,32.0,37.0,41.0
2025_03_HOU_JAX,JAX,HOU,Trevor Lawrence,00-0036971,QB,cmp,20.193,13.0,17.0,20.0,24.0,28.0
2025_03_HOU_JAX,JAX,HOU,Trevor Lawrence,00-0036971,QB,pass_yds,219.445,130.366,171.842,219.703,268.199,315.376
2025_03_HOU_JAX,JAX,HOU,Trevor Lawrence,00-0036971,QB,pass_td,1.431,0.0,1.0,1.0,2.0,3.0
2025_03_HOU_JAX,JAX,HOU,Trevor Lawrence,00-0036971,QB,ints,0.726,0.0,0.0,0.0,1.0,2.0
2025_03_HOU_JAX,JAX,HOU,Trevor Lawrence,00-0036971,QB,car,3.239,1.0,1.0,3.0,4.0,6.0
2025_03_HOU_JAX,JAX,HOU,Trevor Lawrence,00-0036971,QB,rush_yds,13.193,-1.0,1.761,9.658,20.347,32.692
2025_03_HOU_JAX,JAX,HOU,Trevor Lawrence,00-0036971,QB,tgt,0.001,0.0,0.0,0.0,0.0,0.0
2025_03_HOU_JAX,JAX,HOU,Trevor Lawrence,00-0036971,QB,rec,0.0,0.0,0.0,0.0,0.0,0.0
2025_03_HOU_JAX,JAX,HOU,Trevor Lawrence,00-0036971,QB,rec_yds,0.003,0.0,0.0,0.0,0.0,0.0
2025_03_HOU_JAX,JAX,HOU,Trevor Lawrence,00-0036971,QB,anytime_td,0.18,0.0,0.0,0.0,0.0,1.0
2025_03_HOU_JAX,JAX,HOU,Brenton Strange,00-0038935,TE,car,0.003,0.0,0.0,0.0,0.0,0.0
2025_03_HOU_JAX,JAX,HOU,Brenton Strange,00-0038935,TE,rush_yds,0.009,0.0,0.0,0.0,0.0,0.0
2025_03_HOU_JAX,JAX,HOU,Brenton Strange,00-0038935,TE,tgt,3.391,1.0,2.0,3.0,5.0,6.0
2025_03_HOU_JAX,JAX,HOU,Brenton Strange,00-0038935,TE,rec,2.589,0.0,1.0,2.0,4.0,5.0
2025_03_HOU_JAX,JAX,HOU,Brenton Strange,00-0038935,TE,rec_yds,26.097,0.0,8.526,20.462,38.042,58.192
2025_03_HOU_JAX,JAX,HOU,Brenton Strange,00-0038935,TE,anytime_td,0.075,0.0,0.0,0.0,0.0,0.0
2025_03_HOU_JAX,JAX,HOU,Brian Thomas Jr.,00-0039893,WR,car,0.446,0.0,0.0,0.0,0.0,1.0
2025_03_HOU_JAX,JAX,HOU,Brian Thomas Jr.,00-0039893,WR,rush_yds,2.295,0.0,0.0,0.0,0.0,6.96
2025_03_HOU_JAX,JAX,HOU,Brian Thomas Jr.,00-0039893,WR,tgt,8.328,4.0,6.0,8.0,10.0,13.0
2025_03_HOU_JAX,JAX,HOU,Brian Thomas Jr.,00-0039893,WR,rec,4.803,2.0,3.0,5.0,6.0,8.0
2025_03_HOU_JAX,JAX,HOU,Brian Thomas Jr.,00-0039893,WR,rec_yds,59.721,15.757,31.327,53.642,81.406,110.914
2025_03_HOU_JAX,JAX,HOU,Brian Thomas Jr.,00-0039893,WR,anytime_td,0.327,0.0,0.0,0.0,1.0,1.0
2025_03_HOU_JAX,JAX,HOU,Parker Washington,00-0038606,WR,car,0.014,0.0,0.0,0.0,0.0,0.0
2025_03_HOU_JAX,JAX,HOU,Parker Washington,00-0038606,WR,rush_yds,0.058,0.0,0.0,0.0,0.0,0.0
2025_03_HOU_JAX,JAX,HOU,Parker Washington,00-0038606,WR,tgt,3.089,1.0,1.0,3.0,4.0,6.0
2025_03_HOU_JAX,JAX,HOU,Parker Washington,00-0038606,WR,rec,2.181,0.0,1.0,2.0,3.0,4.0
2025_03_HOU_JAX,JAX,HOU,Parker Washington,00-0038606,WR,rec_yds,26.782,0.0,6.913,20.308,39.504,61.99
2025_03_HOU_JAX,JAX,HOU,Parker Washington,00-0038606,WR,anytime_td,0.145,0.0,0.0,0.0,0.0,1.0
2025_03_HOU_JAX,JAX,HOU,Travis Etienne,00-0036973,RB,car,14.505,7.0,10.0,14.0,18.0,23.0
2025_03_HOU_JAX,JAX,HOU,Travis Etienne,00-0036973,RB,rush_yds,63.034,21.426,36.248,56.825,83.364,111.875
2025_03_HOU_JAX,JAX,HOU,Travis Etienne,00-0036973,RB,tgt,2.896,0.0,1.0,3.0,4.0,6.0
2025_03_HOU_JAX,JAX,HOU,Travis Etienne,00-0036973,RB,rec,2.343,0.0,1.0,2.0,3.0,5.0
2025_03_HOU_JAX,JAX,HOU,Travis Etienne,00-0036973,RB,rec_yds,16.549,0.0,3.301,11.945,25.025,40.163
2025_03_HOU_JAX,JAX,HOU,Travis Etienne,00-0036973,RB,anytime_td,0.353,0.0,0.0,0.0,1.0,1.0
2025_03_HOU_JAX,JAX,HOU,Travis Hunter,00-0040718,WR,car,0.021,0.0,0.0,0.0,0.0,0.0
2025_03_HOU_JAX,JAX,HOU,Travis Hunter,00-0040718,WR,rush_yds,0.089,0.0,0.0,0.0,0.0,0.0
2025_03_HOU_JAX,JAX,HOU,Travis Hunter,00-0040718,WR,tgt,5.419,2.0,3.0,5.0,7.0,9.0
2025_03_HOU_JAX,JAX,HOU,Travis Hunter,00-0040718,WR,rec,3.557,1.0,2.0,3.0,5.0,6.0
2025_03_HOU_JAX,JAX,HOU,Travis Hunter,00-0040718,WR,rec_yds,38.583,6.238,16.712,33.086,54.739,78.943
2025_03_HOU_JAX,JAX,HOU,Travis Hunter,00-0040718,WR,anytime_td,0.132,0.0,0.0,0.0,0.0,1.0
2025_03_HOU_JAX,JAX,HOU,Dyami Brown,00-0036626,WR,car,0.931,0.0,0.0,0.0,1.0,3.0
2025_03_HOU_JAX,JAX,HOU,Dyami Brown,00-0036626,WR,rush_yds,4.716,0.0,0.0,0.0,4.079,16.217
2025_03_HOU_JAX,JAX,HOU,Dyami Brown,00-0036626,WR,tgt,4.233,1.0,2.0,4.0,6.0,8.0
2025_03_HOU_JAX,JAX,HOU,Dyami Brown,00-0036626,WR,rec,2.932,1.0,1.0,3.0,4.0,6.0
2025_03_HOU_JAX,JAX,HOU,Dyami Brown,00-0036626,WR,rec_yds,36.036,2.215,12.711,29.585,51.971,77.82
2025_03_HOU_JAX,JAX,HOU,Dyami Brown,00-0036626,WR,anytime_td,0.221,0.0,0.0,0.0,0.0,1.0
2025_03_HOU_JAX,JAX,HOU,Tim Patrick,00-0033375,WR,car,0.018,0.0,0.0,0.0,0.0,0.0
2025_03_HOU_JAX,JAX,HOU,Tim Patrick,00-0033375,WR,rush_yds,0.082,0.0,0.0,0.0,0.0,0.0
2025_03_HOU_JAX,JAX,HOU,Tim Patrick,00-0033375,WR,tgt,1.508,0.0,0.0,1.0,2.0,4.0
2025_03_HOU_JAX,JAX,HOU,Tim Patrick,00-0033375,WR,rec,0.961,0.0,0.0,1.0,1.0,2.0
2025_03_HOU_JAX,JAX,HOU,Tim Patrick,00-0033375,WR,rec_yds,11.551,0.0,0.0,4.685,17.059,33.44
2025_03_HOU_JAX,JAX,HOU,Tim Patrick,00-0033375,WR,anytime_td,0.08,0.0,0.0,0.0,0.0,0.0
2025_03_HOU_JAX,JAX,HOU,LeQuint Allen Jr.,00-0040238,RB,car,2.123,0.0,0.0,1.0,3.0,6.0
2025_03_HOU_JAX,JAX,HOU,LeQuint Allen Jr.,00-0040238,RB,rush_yds,8.73,0.0,0.0,3.143,11.794,25.405
2025_03_HOU_JAX,JAX,HOU,LeQuint Allen Jr.,00-0040238,RB,tgt,0.498,0.0,0.0,0.0,1.0,2.0
2025_03_HOU_JAX,JAX,HOU,LeQuint Allen Jr.,00-0040238,RB,rec,0.408,0.0,0.0,0.0,1.0,1.0
2025_03_HOU_JAX,JAX,HOU,LeQuint Allen Jr.,00-0040238,RB,rec_yds,2.912,0.0,0.0,0.0,0.929,10.362
2025_03_HOU_JAX,JAX,HOU,LeQuint Allen Jr.,00-0040238,RB,anytime_td,0.053,0.0,0.0,0.0,0.0,0.0
2025_03_HOU_JAX,JAX,HOU,Johnny Mundt,00-0033246,TE,car,0.003,0.0,0.0,0.0,0.0,0.0
2025_03_HOU_JAX,JAX,HOU,Johnny Mundt,00-0033246,TE,rush_yds,0.004,0.0,0.0,0.0,0.0,0.0
2025_03_HOU_JAX,JAX,HOU,Johnny Mundt,00-0033246,TE,tgt,0.783,0.0,0.0,0.0,1.0,2.0
2025_03_HOU_JAX,JAX,HOU,Johnny Mundt,00-0033246,TE,rec,0.569,0.0,0.0,0.0,1.0,2.0
2025_03_HOU_JAX,JAX,HOU,Johnny Mundt,00-0033246,TE,rec_yds,5.601,0.0,0.0,0.0,7.725,19.185
2025_03_HOU_JAX,JAX,HOU,Johnny Mundt,00-0033246,TE,anytime_td,0.028,0.0,0.0,0.0,0.0,0.0
2025_03_HOU_JAX,JAX,HOU,Hunter Long,00-0037004,TE,car,0.002,0.0,0.0,0.0,0.0,0.0
2025_03_HOU_JAX,JAX,HOU,Hunter Long,00-0037004,TE,rush_yds,0.002,0.0,0.0,0.0,0.0,0.0
2025_03_HOU_JAX,JAX,HOU,Hunter Long,00-0037004,TE,tgt,0.559,0.0,0.0,0.0,1.0,2.0
2025_03_HOU_JAX,JAX,HOU,Hunter Long,00-0037004,TE,rec,0.42,0.0,0.0,0.0,1.0,1.0
2025_03_HOU_JAX,JAX,HOU,Hunter Long,00-0037004,TE,rec_yds,4.188,0.0,0.0,0.0,4.167,14.938
2025_03_HOU_JAX,JAX,HOU,Hunter Long,00-0037004,TE,anytime_td,0.074,0.0,0.0,0.0,0.0,0.0
2025_03_HOU_JAX,JAX,HOU,Bhayshul Tuten,00-0040719,RB,car,5.805,1.0,3.0,5.0,8.0,12.0
2025_03_HOU_JAX,JAX,HOU,Bhayshul Tuten,00-0040719,RB,rush_yds,23.428,1.073,6.862,17.455,33.443,52.753
2025_03_HOU_JAX,JAX,HOU,Bhayshul Tuten,00-0040719,RB,tgt,0.913,0.0,0.0,1.0,1.0,3.0
2025_03_HOU_JAX,JAX,HOU,Bhayshul Tuten,00-0040719,RB,rec,0.74,0.0,0.0,0.0,1.0,2.0
2025_03_HOU_JAX,JAX,HOU,Bhayshul Tuten,00-0040719,RB,rec_yds,5.667,0.0,0.0,0.0,7.738,18.206
2025_03_HOU_JAX,JAX,HOU,Bhayshul Tuten,00-0040719,RB,anytime_td,0.237,0.0,0.0,0.0,0.0,1.0
2025_03_HOU_JAX,HOU,JAX,C.J. Stroud,00-0039163,QB,att,30.156,20.0,26.0,31.0,36.0,40.0
2025_03_HOU_JAX,HOU,JAX,C.J. Stroud,00-0039163,QB,cmp,19.247,12.0,16.0,20.0,23.0,27.0
2025_03_HOU_JAX,HOU,JAX,C.J. Stroud,00-0039163,QB,pass_yds,210.846,122.288,166.407,211.381,259.326,305.52
2025_03_HOU_JAX,HOU,JAX,C.J. Stroud,00-0039163,QB,pass_td,1.261,0.0,0.0,1.0,2.0,3.0
2025_03_HOU_JAX,HOU,JAX,C.J. Stroud,00-0039163,QB,ints,0.692,0.0,0.0,0.0,1.0,2.0
2025_03_HOU_JAX,HOU,JAX,C.J. Stroud,00-0039163,QB,car,3.854,1.0,2.0,4.0,5.0,7.0
2025_03_HOU_JAX,HOU,JAX,C.J. Stroud,00-0039163,QB,rush_yds,21.709,0.023,7.206,18.42,31.77,47.074
2025_03_HOU_JAX,HOU,JAX,C.J. Stroud,00-0039163,QB,tgt,0.001,0.0,0.0,0.0,0.0,0.0
2025_03_HOU_JAX,HOU,JAX,C.J. Stroud,00-0039163,QB,rec,0.001,0.0,0.0,0.0,0.0,0.0
2025_03_HOU_JAX,HOU,JAX,C.J. Stroud,00-0039163,QB,rec_yds,0.004,0.0,0.0,0.0,0.0,0.0
2025_03_HOU_JAX,HOU,JAX,C.J. Stroud,00-0039163,QB,anytime_td,0.022,0.0,0.0,0.0,0.0,0.0
2025_03_HOU_JAX,HOU,JAX,Nico Collins,00-0036554,WR,car,0.026,0.0,0.0,0.0,0.0,0.0
2025_03_HOU_JAX,HOU,JAX,Nico Collins,00-0036554,WR,rush_yds,0.162,0.0,0.0,0.0,0.0,0.0
2025_03_HOU_JAX,HOU,JAX,Nico Collins,00-0036554,WR,tgt,8.922,4.0,6.0,9.0,11.0,14.0
2025_03_HOU_JAX,HOU,JAX,Nico Collins,00-0036554,WR,rec,5.556,2.0,4.0,5.0,7.0,9.0
2025_03_HOU_JAX,HOU,JAX,Nico Collins,00-0036554,WR,rec_yds,67.012,20.494,37.758,61.252,90.578,120.798
2025_03_HOU_JAX,HOU,JAX,Nico Collins,00-0036554,WR,anytime_td,0.423,0.0,0.0,0.0,1.0,1.0
2025_03_HOU_JAX,HOU,JAX,Dalton Schultz,00-0034383,TE,car,0.002,0.0,0.0,0.0,0.0,0.0
2025_03_HOU_JAX,HOU,JAX,Dalton Schultz,00-0034383,TE,rush_yds,0.002,0.0,0.0,0.0,0.0,0.0
2025_03_HOU_JAX,HOU,JAX,Dalton Schultz,00-0034383,TE,tgt,5.436,2.0,3.0,5.0,7.0,9.0
2025_03_HOU_JAX,HOU,JAX,Dalton Schultz,00-0034383,TE,rec,3.892,1.0,2.0,4.0,5.0,7.0
2025_03_HOU_JAX,HOU,JAX,Dalton Schultz,00-0034383,TE,rec_yds,37.05,6.754,17.347,32.476,52.083,73.025
2025_03_HOU_JAX,HOU,JAX,Dalton Schultz,00-0034383,TE,anytime_td,0.157,0.0,0.0,0.0,0.0,1.0
2025_03_HOU_JAX,HOU,JAX,Christian Kirk,00-0034775,WR,car,0.055,0.0,0.0,0.0,0.0,0.0
2025_03_HOU_JAX,HOU,JAX,Christian Kirk,00-0034775,WR,rush_yds,0.291,0.0,0.0,0.0,0.0,0.0
2025_03_HOU_JAX,HOU,JAX,Christian Kirk,00-0034775,WR,tgt,5.812,2.0,4.0,5.0,8.0,10.0
2025_03_HOU_JAX,HOU,JAX,Christian Kirk,00-0034775,WR,rec,3.667,1.0,2.0,3.0,5.0,7.0
2025_03_HOU_JAX,HOU,JAX,Christian Kirk,00-0034775,WR,rec_yds,43.637,7.232,19.171,37.737,61.153,87.745
2025_03_HOU_JAX,HOU,JAX,Christian Kirk,00-0034775,WR,anytime_td,0.169,0.0,0.0,0.0,0.0,1.0
2025_03_HOU_JAX,HOU,JAX,Xavier Hutchinson,00-0038618,WR,car,0.288,0.0,0.0,0.0,0.0,1.0
2025_03_HOU_JAX,HOU,JAX,Xavier Hutchinson,00-0038618,WR,rush_yds,1.566,0.0,0.0,0.0,0.0,2.599
2025_03_HOU_JAX,HOU,JAX,Xavier Hutchinson,00-0038618,WR,tgt,3.088,1.0,1.0,3.0,4.0,6.0
2025_03_HOU_JAX,HOU,JAX,Xavier Hutchinson,00-0038618,WR,rec,2.032,0.0,1.0,2.0,3.0,4.0
2025_03_HOU_JAX,HOU,JAX,Xavier Hutchinson,00-0038618,WR,rec_yds,24.304,0.0,5.584,18.001,36.367,58.015
2025_03_HOU_JAX,HOU,JAX,Xavier Hutchinson,00-0038618,WR,anytime_td,0.069,0.0,0.0,0.0,0.0,0.0
2025_03_HOU_JAX,HOU,JAX,Nick Chubb,00-0034791,RB,car,15.772,8.0,11.0,15.0,20.0,24.0
2025_03_HOU_JAX,HOU,JAX,Nick Chubb,00-0034791,RB,rush_yds,63.846,23.83,37.654,57.731,82.91,111.933
2025_03_HOU_JAX,HOU,JAX,Nick Chubb,00-0034791,RB,tgt,1.633,0.0,0.0,1.0,2.0,4.0
2025_03_HOU_JAX,HOU,JAX,Nick Chubb,00-0034791,RB,rec,1.275,0.0,0.0,1.0,2.0,3.0
2025_03_HOU_JAX,HOU,JAX,Nick Chubb,00-0034791,RB,rec_yds,8.968,0.0,0.0,4.368,13.269,26.068
2025_03_HOU_JAX,HOU,JAX,Nick Chubb,00-0034791,RB,anytime_td,0.439,0.0,0.0,0.0,1.0,1.0
2025_03_HOU_JAX,HOU,JAX,Woody Marks,00-0040583,RB,car,4.321,0.0,2.0,3.0,6.0,9.0
2025_03_HOU_JAX,HOU,JAX,Woody Marks,00-0040583,RB,rush_yds,17.778,0.0,3.802,11.868,25.49,42.949
2025_03_HOU_JAX,HOU,JAX,Woody Marks,00-0040583,RB,tgt,0.807,0.0,0.0,0.0,1.0,2.0
2025_03_HOU_JAX,HOU,JAX,Woody Marks,00-0040583,RB,rec,0.651,0.0,0.0,0.0,1.0,2.0
2025_03_HOU_JAX,HOU,JAX,Woody Marks,00-0040583,RB,rec_yds,5.138,0.0,0.0,0.0,6.721,16.731
2025_03_HOU_JAX,HOU,JAX,Woody Marks,00-0040583,RB,anytime_td,0.119,0.0,0.0,0.0,0.0,1.0
2025_03_HOU_JAX,HOU,JAX,Jayden Higgins,00-0040130,WR,car,0.039,0.0,0.0,0.0,0.0,0.0
2025_03_HOU_JAX,HOU,JAX,Jayden Higgins,00-0040130,WR,rush_yds,0.222,0.0,0.0,0.0,0.0,0.0
2025_03_HOU_JAX,HOU,JAX,Jayden Higgins,00-0040130,WR,tgt,2.563,0.0,1.0,2.0,4.0,5.0
2025_03_HOU_JAX,HOU,JAX,Jayden Higgins,00-0040130,WR,rec,1.695,0.0,1.0,1.0,2.0,4.0
2025_03_HOU_JAX,HOU,JAX,Jayden Higgins,00-0040130,WR,rec_yds,21.008,0.0,1.071,14.213,31.514,53.814
2025_03_HOU_JAX,HOU,JAX,Jayden Higgins,00-0040130,WR,anytime_td,0.078,0.0,0.0,0.0,0.0,0.0
2025_03_HOU_JAX,HOU,JAX,Harrison Bryant,00-0036232,TE,car,0.012,0.0,0.0,0.0,0.0,0.0
2025_03_HOU_JAX,HOU,JAX,Harrison Bryant,00-0036232,TE,rush_yds,0.022,0.0,0.0,0.0,0.0,0.0
2025_03_HOU_JAX,HOU,JAX,Harrison Bryant,00-0036232,TE,tgt,1.019,0.0,0.0,1.0,2.0,3.0
2025_03_HOU_JAX,HOU,JAX,Harrison Bryant,00-0036232,TE,rec,0.74,0.0,0.0,0.0,1.0,2.0
2025_03_HOU_JAX,HOU,JAX,Harrison Bryant,00-0036232,TE,rec_yds,6.941,0.0,0.0,0.0,9.911,22.233
2025_03_HOU_JAX,HOU,JAX,Harrison Bryant,00-0036232,TE,anytime_td,0.026,0.0,0.0,0.0,0.0,0.0
2025_03_HOU_JAX,HOU,JAX,Jakob Johnson,00-0035726,RB,car,0.682,0.0,0.0,0.0,1.0,2.0
2025_03_HOU_JAX,HOU,JAX,Jakob Johnson,00-0035726,RB,rush_yds,2.958,0.0,0.0,0.0,1.095,9.878
2025_03_HOU_JAX,HOU,JAX,Jakob Johnson,00-0035726,RB,tgt,0.175,0.0,0.0,0.0,0.0,1.0
2025_03_HOU_JAX,HOU,JAX,Jakob Johnson,00-0035726,RB,rec,0.139,0.0,0.0,0.0,0.0,1.0
2025_03_HOU_JAX,HOU,JAX,Jakob Johnson,00-0035726,RB,rec_yds,0.918,0.0,0.0,0.0,0.0,0.0
2025_03_HOU_JAX,HOU,JAX,Jakob Johnson,00-0035726,RB,anytime_td,0.018,0.0,0.0,0.0,0.0,0.0
2025_03_HOU_JAX,HOU,JAX,Jaylin Noel,00-0040138,WR,car,0.032,0.0,0.0,0.0,0.0,0.0
2025_03_HOU_JAX,HOU,JAX,Jaylin Noel,00-0040138,WR,rush_yds,0.196,0.0,0.0,0.0,0.0,0.0
2025_03_HOU_JAX,HOU,JAX,Jaylin Noel,00-0040138,WR,tgt,1.528,0.0,0.0,1.0,2.0,4.0
2025_03_HOU_JAX,HOU,JAX,Jaylin Noel,00-0040138,WR,rec,0.986,0.0,0.0,1.0,2.0,3.0
2025_03_HOU_JAX,HOU,JAX,Jaylin Noel,00-0040138,WR,rec_yds,11.293,0.0,0.0,4.435,16.911,33.103
2025_03_HOU_JAX,HOU,JAX,Jaylin Noel,00-0040138,WR,anytime_td,0.039,0.0,0.0,0.0,0.0,0.0
2025_03_IND_TEN,TEN,IND,Cam Ward,00-0040676,QB,att,29.353,20.0,25.0,30.0,35.0,40.0
2025_03_IND_TEN,TEN,IND,Cam Ward,00-0040676,QB,cmp,18.863,12.0,15.0,19.0,23.0,26.0
2025_03_IND_TEN,TEN,IND,Cam Ward,00-0040676,QB,pass_yds,190.935,109.657,147.98,189.336,234.759,278.967
2025_03_IND_TEN,TEN,IND,Cam Ward,00-0040676,QB,pass_td,1.152,0.0,0.0,1.0,2.0,3.0
2025_03_IND_TEN,TEN,IND,Cam Ward,00-0040676,QB,ints,0.723,0.0,0.0,0.0,1.0,2.0
2025_03_IND_TEN,TEN,IND,Cam Ward,00-0040676,QB,car,2.741,0.0,1.0,2.0,4.0,6.0
2025_03_IND_TEN,TEN,IND,Cam Ward,00-0040676,QB,rush_yds,13.063,0.0,1.752,9.302,19.578,32.561
2025_03_IND_TEN,TEN,IND,Cam Ward,00-0040676,QB,tgt,0.0,0.0,0.0,0.0,0.0,0.0
2025_03_IND_TEN,TEN,IND,Cam Ward,00-0040676,QB,rec,0.0,0.0,0.0,0.0,0.0,0.0
2025_03_IND_TEN,TEN,IND,Cam Ward,00-0040676,QB,rec_yds,0.001,0.0,0.0,0.0,0.0,0.0
2025_03_IND_TEN,TEN,IND,Cam Ward,00-0040676,QB,anytime_td,0.035,0.0,0.0,0.0,0.0,0.0
2025_03_IND_TEN,TEN,IND,Tony Pollard,00-0035261,RB,car,18.926,11.0,14.0,18.0,23.0,28.0
2025_03_IND_TEN,TEN,IND,Tony Pollard,00-0035261,RB,rush_yds,73.937,31.034,46.088,67.878,94.846,124.147
2025_03_IND_TEN,TEN,IND,Tony Pollard,00-0035261,RB,tgt,2.164,0.0,1.0,2.0,3.0,5.0
2025_03_IND_TEN,TEN,IND,Tony Pollard,00-0035261,RB,rec,1.699,0.0,0.0,1.0,3.0,4.0
2025_03_IND_TEN,TEN,IND,Tony Pollard,00-0035261,RB,rec_yds,11.634,0.0,0.0,7.131,17.134,30.594
2025_03_IND_TEN,TEN,IND,Tony Pollard,00-0035261,RB,anytime_td,0.327,0.0,0.0,0.0,1.0,1.0
2025_03_IND_TEN,TEN,IND,Calvin Ridley,00-0034837,WR,car,0.358,0.0,0.0,0.0,0.0,1.0
2025_03_IND_TEN,TEN,IND,Calvin Ridley,00-0034837,WR,rush_yds,1.846,0.0,0.0,0.0,0.0,5.188
2025_03_IND_TEN,TEN,IND,Calvin Ridley,00-0034837,WR,tgt,6.955,3.0,5.0,7.0,9.0,11.0
2025_03_IND_TEN,TEN,IND,Calvin Ridley,00-0034837,WR,rec,4.336,1.0,3.0,4.0,6.0,8.0
2025_03_IND_TEN,TEN,IND,Calvin Ridley,00-0034837,WR,rec_yds,51.652,11.845,25.181,45.529,71.162,98.715
2025_03_IND_TEN,TEN,IND,Calvin Ridley,00-0034837,WR,anytime_td,0.206,0.0,0.0,0.0,0.0,1.0
2025_03_IND_TEN,TEN,IND,Elic Ayomanor,00-0040170,WR,car,0.018,0.0,0.0,0.0,0.0,0.0
2025_03_IND_TEN,TEN,IND,Elic Ayomanor,00-0040170,WR,rush_yds,0.087,0.0,0.0,0.0,0.0,0.0
2025_03_IND_TEN,TEN,IND,Elic Ayomanor,00-0040170,WR,tgt,5.871,2.0,4.0,5.0,8.0,10.0
2025_03_IND_TEN,TEN,IND,Elic Ayomanor,00-0040170,WR,rec,3.642,1.0,2.0,3.0,5.0,7.0
2025_03_IND_TEN,TEN,IND,Elic Ayomanor,00-0040170,WR,rec_yds,40.747,7.22,17.778,34.902,57.118,81.864
2025_03_IND_TEN,TEN,IND,Elic Ayomanor,00-0040170,WR,anytime_td,0.318,0.0,0.0,0.0,1.0,1.0
2025_03_IND_TEN,TEN,IND,Chig Okonkwo,00-0037809,TE,car,0.081,0.0,0.0,0.0,0.0,0.0
2025_03_IND_TEN,TEN,IND,Chig Okonkwo,00-0037809,TE,rush_yds,0.16,0.0,0.0,0.0,0.0,0.0
2025_03_IND_TEN,TEN,IND,Chig Okonkwo,00-0037809,TE,tgt,4.942,2.0,3.0,5.0,7.0,9.0
2025_03_IND_TEN,TEN,IND,Chig Okonkwo,00-0037809,TE,rec,3.694,1.0,2.0,3.0,5.0,7.0
2025_03_IND_TEN,TEN,IND,Chig Okonkwo,00-0037809,TE,rec_yds,31.699,5.715,14.108,27.41,44.707,63.917
2025_03_IND_TEN,TEN,IND,Chig Okonkwo,00-0037809,TE,anytime_td,0.109,0.0,0.0,0.0,0.0,1.0
2025_03_IND_TEN,TEN,IND,Tyler Lockett,00-0032211,WR,car,0.019,0.0,0.0,0.0,0.0,0.0
2025_03_IND_TEN,TEN,IND,Tyler Lockett,00-0032211,WR,rush_yds,0.095,0.0,0.0,0.0,0.0,0.0
2025_03_IND_TEN,TEN,IND,Tyler Lockett,00-0032211,WR,tgt,2.842,0.0,1.0,2.0,4.0,6.0
2025_03_IND_TEN,TEN,IND,Tyler Lockett,00-0032211,WR,rec,1.861,0.0,1.0,2.0,3.0,4.0
2025_03_IND_TEN,TEN,IND,Tyler Lockett,00-0032211,WR,rec_yds,19.869,0.0,3.323,13.895,30.027,48.502
2025_03_IND_TEN,TEN,IND,Tyler Lockett,00-0032211,WR,anytime_td,0.083,0.0,0.0,0.0,0.0,0.0
2025_03_IND_TEN,TEN,IND,Chimere Dike,00-0040705,WR,car,1.494,0.0,0.0,1.0,2.0,4.0
2025_03_IND_TEN,TEN,IND,Chimere Dike,00-0040705,WR,rush_yds,7.749,0.0,0.0,0.0,9.934,25.207
2025_03_IND_TEN,TEN,IND,Chimere Dike,00-0040705,WR,tgt,3.021,1.0,1.0,3.0,4.0,6.0
2025_03_IND_TEN,TEN,IND,Chimere Dike,00-0040705,WR,rec,1.849,0.0,1.0,2.0,3.0,4.0
2025_03_IND_TEN,TEN,IND,Chimere Dike,00-0040705,WR,rec_yds,19.279,0.0,3.813,13.583,28.333,46.925
2025_03_IND_TEN,TEN,IND,Chimere Dike,00-0040705,WR,anytime_td,0.117,0.0,0.0,0.0,0.0,1.0
2025_03_IND_TEN,TEN,IND,Gunnar Helm,00-0040584,TE,car,0.003,0.0,0.0,0.0,0.0,0.0
2025_03_IND_TEN,TEN,IND,Gunnar Helm,00-0040584,TE,rush_yds,0.006,0.0,0.0,0.0,0.0,0.0
2025_03_IND_TEN,TEN,IND,Gunnar Helm,00-0040584,TE,tgt,1.822,0.0,1.0,1.0,3.0,4.0
2025_03_IND_TEN,TEN,IND,Gunnar Helm,00-0040584,TE,rec,1.361,0.0,0.0,1.0,2.0,3.0
2025_03_IND_TEN,TEN,IND,Gunnar Helm,00-0040584,TE,rec_yds,12.202,0.0,0.0,7.569,18.618,32.243
2025_03_IND_TEN,TEN,IND,Gunnar Helm,00-0040584,TE,anytime_td,0.051,0.0,0.0,0.0,0.0,0.0
2025_03_IND_TEN,TEN,IND,Van Jefferson,00-0036415,WR,car,0.018,0.0,0.0,0.0,0.0,0.0
2025_03_IND_TEN,TEN,IND,Van Jefferson,00-0036415,WR,rush_yds,0.102,0.0,0.0,0.0,0.0,0.0
2025_03_IND_TEN,TEN,IND,Van Jefferson,00-0036415,WR,tgt,1.847,0.0,1.0,1.0,3.0,4.0
2025_03_IND_TEN,TEN,IND,Van Jefferson,00-0036415,WR,rec,1.24,0.0,0.0,1.0,2.0,3.0
2025_03_IND_TEN,TEN,IND,Van Jefferson,00-0036415,WR,rec_yds,13.155,0.0,0.0,7.322,20.019,36.33
2025_03_IND_TEN,TEN,IND,Van Jefferson,00-0036415,WR,anytime_td,0.102,0.0,0.0,0.0,0.0,1.0
2025_03_IND_TEN,TEN,IND,Julius Chestnut,00-0037594,RB,car,1.916,0.0,0.0,1.0,3.0,5.0
2025_03_IND_TEN,TEN,IND,Julius Chestnut,00-0037594,RB,rush_yds,7.655,0.0,0.0,2.054,10.464,22.785
2025_03_IND_TEN,TEN,IND,Julius Chestnut,00-0037594,RB,tgt,0.252,0.0,0.0,0.0,0.0,1.0
2025_03_IND_TEN,TEN,IND,Julius Chestnut,00-0037594,RB,rec,0.211,0.0,0.0,0.0,0.0,1.0
2025_03_IND_TEN,TEN,IND,Julius Chestnut,00-0037594,RB,rec_yds,1.375,0.0,0.0,0.0,0.0,4.469
2025_03_IND_TEN,TEN,IND,Julius Chestnut,00-0037594,RB,anytime_td,0.058,0.0,0.0,0.0,0.0,0.0
2025_03_IND_TEN,IND,TEN,Daniel Jones,00-0035710,QB,att,29.42,19.0,25.0,30.0,35.0,40.0
2025_03_IND_TEN,IND,TEN,Daniel Jones,00-0035710,QB,cmp,19.605,12.0,16.0,20.0,24.0,27.0
2025_03_IND_TEN,IND,TEN,Daniel Jones,00-0035710,QB,pass_yds,222.203,128.744,173.927,221.042,274.204,319.401
2025_03_IND_TEN,IND,TEN,Daniel Jones,00-0035710,QB,pass_td,1.387,0.0,1.0,1.0,2.0,3.0
2025_03_IND_TEN,IND,TEN,Daniel Jones,00-0035710,QB,ints,0.597,0.0,0.0,0.0,1.0,2.0
2025_03_IND_TEN,IND,TEN,Daniel Jones,00-0035710,QB,car,5.723,2.0,3.0,5.0,8.0,11.0
2025_03_IND_TEN,IND,TEN,Daniel Jones,00-0035710,QB,rush_yds,22.899,0.916,8.046,18.585,32.916,49.95
2025_03_IND_TEN,IND,TEN,Daniel Jones,00-0035710,QB,tgt,0.001,0.0,0.0,0.0,0.0,0.0
2025_03_IND_TEN,IND,TEN,Daniel Jones,00-0035710,QB,rec,0.001,0.0,0.0,0.0,0.0,0.0
2025_03_IND_TEN,IND,TEN,Daniel Jones,00-0035710,QB,rec_yds,0.008,0.0,0.0,0.0,0.0,0.0
2025_03_IND_TEN,IND,TEN,Daniel Jones,00-0035710,QB,anytime_td,0.466,0.0,0.0,0.0,1.0,1.0
2025_03_IND_TEN,IND,TEN,Michael Pittman,00-0036252,WR,car,0.009,0.0,0.0,0.0,0.0,0.0
2025_03_IND_TEN,IND,TEN,Michael Pittman,00-0036252,WR,rush_yds,0.065,0.0,0.0,0.0,0.0,0.0
2025_03_IND_TEN,IND,TEN,Michael Pittman,00-0036252,WR,tgt,6.117,2.0,4.0,6.0,8.0,10.0
2025_03_IND_TEN,IND,TEN,Michael Pittman,00-0036252,WR,rec,4.234,1.0,2.0,4.0,6.0,8.0
2025_03_IND_TEN,IND,TEN,Michael Pittman,00-0036252,WR,rec_yds,50.231,10.103,24.018,44.09,70.199,98.331
2025_03_IND_TEN,IND,TEN,Michael Pittman,00-0036252,WR,anytime_td,0.265,0.0,0.0,0.0,1.0,1.0
2025_03_IND_TEN,IND,TEN,Jonathan Taylor,00-0036223,RB,car,17.555,9.0,13.0,17.0,22.0,26.0
2025_03_IND_TEN,IND,TEN,Jonathan Taylor,00-0036223,RB,rush_yds,88.66,35.086,54.396,81.298,115.388,151.109
2025_03_IND_TEN,IND,TEN,Jonathan Taylor,00-0036223,RB,tgt,1.952,0.0,1.0,2.0,3.0,4.0
2025_03_IND_TEN,IND,TEN,Jonathan Taylor,00-0036223,RB,rec,1.578,0.0,0.0,1.0,2.0,4.0
2025_03_IND_TEN,IND,TEN,Jonathan Taylor,00-0036223,RB,rec_yds,13.011,0.0,0.0,7.698,19.555,34.582
2025_03_IND_TEN,IND,TEN,Jonathan Taylor,00-0036223,RB,anytime_td,0.468,0.0,0.0,0.0,1.0,1.0
2025_03_IND_TEN,IND,TEN,Tyler Warren,00-0040128,TE,car,0.643,0.0,0.0,0.0,1.0,2.0
2025_03_IND_TEN,IND,TEN,Tyler Warren,00-0040128,TE,rush_yds,1.654,0.0,0.0,0.0,0.0,5.483
2025_03_IND_TEN,IND,TEN,Tyler Warren,00-0040128,TE,tgt,5.854,2.0,4.0,5.0,8.0,10.0
2025_03_IND_TEN,IND,TEN,Tyler Warren,00-0040128,TE,rec,4.263,1.0,2.0,4.0,6.0,7.0
2025_03_IND_TEN,IND,TEN,Tyler Warren,00-0040128,TE,rec_yds,46.917,10.716,23.422,41.276,65.126,90.924
2025_03_IND_TEN,IND,TEN,Tyler Warren,00-0040128,TE,anytime_td,0.211,0.0,0.0,0.0,0.0,1.0
2025_03_IND_TEN,IND,TEN,Alec Pierce,00-0037664,WR,car,0.012,0.0,0.0,0.0,0.0,0.0
2025_03_IND_TEN,IND,TEN,Alec Pierce,00-0037664,WR,rush_yds,0.071,0.0,0.0,0.0,0.0,0.0
2025_03_IND_TEN,IND,TEN,Alec Pierce,00-0037664,WR,tgt,3.766,1.0,2.0,3.0,5.0,7.0
2025_03_IND_TEN,IND,TEN,Alec Pierce,00-0037664,WR,rec,2.374,0.0,1.0,2.0,3.0,5.0
2025_03_IND_TEN,IND,TEN,Alec Pierce,00-0037664,WR,rec_yds,33.695,0.0,9.63,26.094,49.688,77.125
2025_03_IND_TEN,IND,TEN,Alec Pierce,00-0037664,WR,anytime_td,0.21,0.0,0.0,0.0,0.0,1.0
2025_03_IND_TEN,IND,TEN,Josh Downs,00-0038997,WR,car,0.021,0.0,0.0,0.0,0.0,0.0
2025_03_IND_TEN,IND,TEN,Josh Downs,00-0038997,WR,rush_yds,0.089,0.0,0.0,0.0,0.0,0.0
2025_03_IND_TEN,IND,TEN,Josh Downs,00-0038997,WR,tgt,5.77,2.0,4.0,5.0,8.0,10.0
2025_03_IND_TEN,IND,TEN,Josh Downs,00-0038997,WR,rec,3.915,1.0,2.0,4.0,5.0,7.0
2025_03_IND_TEN,IND,TEN,Josh Downs,00-0038997,WR,rec_yds,44.571,8.636,20.22,38.177,63.739,88.928
2025_03_IND_TEN,IND,TEN,Josh Downs,00-0038997,WR,anytime_td,0.202,0.0,0.0,0.0,0.0,1.0
2025_03_IND_TEN,IND,TEN,Mo Alie-Cox,00-0033217,TE,car,0.002,0.0,0.0,0.0,0.0,0.0
2025_03_IND_TEN,IND,TEN,Mo Alie-Cox,00-0033217,TE,rush_yds,0.004,0.0,0.0,0.0,0.0,0.0
2025_03_IND_TEN,IND,TEN,Mo Alie-Cox,00-0033217,TE,tgt,0.97,0.0,0.0,1.0,1.0,3.0
2025_03_IND_TEN,IND,TEN,Mo Alie-Cox,00-0033217,TE,rec,0.719,0.0,0.0,0.0,1.0,2.0
2025_03_IND_TEN,IND,TEN,Mo Alie-Cox,00-0033217,TE,rec_yds,7.624,0.0,0.0,0.0,11.34,24.06
2025_03_IND_TEN,IND,TEN,Mo Alie-Cox,00-0033217,TE,anytime_td,0.031,0.0,0.0,0.0,0.0,0.0
2025_03_IND_TEN,IND,TEN,Adonai Mitchell,00-0039890,WR,car,0.09,0.0,0.0,0.0,0.0,0.0
2025_03_IND_TEN,IND,TEN,Adonai Mitchell,00-0039890,WR,rush_yds,0.516,0.0,0.0,0.0,0.0,0.0
2025_03_IND_TEN,IND,TEN,Adonai Mitchell,00-0039890,WR,tgt,2.736,0.0,1.0,2.0,4.0,6.0
2025_03_IND_TEN,IND,TEN,Adonai Mitchell,00-0039890,WR,rec,1.695,0.0,1.0,1.0,3.0,4.0
2025_03_IND_TEN,IND,TEN,Adonai Mitchell,00-0039890,WR,rec_yds,20.892,0.0,1.987,14.63,31.027,51.598
2025_03_IND_TEN,IND,TEN,Adonai Mitchell,00-0039890,WR,anytime_td,0.062,0.0,0.0,0.0,0.0,0.0
2025_03_IND_TEN,IND,TEN,DJ Giddens,00-0040179,RB,car,4.097,0.0,1.0,3.0,6.0,9.0
2025_03_IND_TEN,IND,TEN,DJ Giddens,00-0040179,RB,rush_yds,18.555,0.0,2.956,11.471,26.763,46.764
2025_03_IND_TEN,IND,TEN,DJ Giddens,00-0040179,RB,tgt,0.537,0.0,0.0,0.0,1.0,2.0
2025_03_IND_TEN,IND,TEN,DJ Giddens,00-0040179,RB,rec,0.425,0.0,0.0,0.0,1.0,1.0
2025_03_IND_TEN,IND,TEN,DJ Giddens,00-0040179,RB,rec_yds,3.127,0.0,0.0,0.0,1.973,10.927
2025_03_IND_TEN,IND,TEN,DJ Giddens,00-0040179,RB,anytime_td,0.122,0.0,0.0,0.0,0.0,1.0
2025_03_IND_TEN,IND,TEN,Tyler Goodson,00-0037120,RB,car,1.577,0.0,0.0,1.0,2.0,5.0
2025_03_IND_TEN,IND,TEN,Tyler Goodson,00-0037120,RB,rush_yds,7.305,0.0,0.0,0.0,8.847,22.873
2025_03_IND_TEN,IND,TEN,Tyler Goodson,00-0037120,RB,tgt,0.779,0.0,0.0,0.0,1.0,2.0
2025_03_IND_TEN,IND,TEN,Tyler Goodson,00-0037120,RB,rec,0.612,0.0,0.0,0.0,1.0,2.0
2025_03_IND_TEN,IND,TEN,Tyler Goodson,00-0037120,RB,rec_yds,4.256,0.0,0.0,0.0,5.738,14.343
2025_03_IND_TEN,IND,TEN,Tyler Goodson,00-0037120,RB,anytime_td,0.098,0.0,0.0,0.0,0.0,0.0
2025_03_IND_TEN,IND,TEN,Anthony Gould,00-0039816,WR,car,0.027,0.0,0.0,0.0,0.0,0.0
2025_03_IND_TEN,IND,TEN,Anthony Gould,00-0039816,WR,rush_yds,0.154,0.0,0.0,0.0,0.0,0.0
2025_03_IND_TEN,IND,TEN,Anthony Gould,00-0039816,WR,tgt,0.676,0.0,0.0,0.0,1.0,2.0
2025_03_IND_TEN,IND,TEN,Anthony Gould,00-0039816,WR,rec,0.437,0.0,0.0,0.0,1.0,1.0
2025_03_IND_TEN,IND,TEN,Anthony Gould,00-0039816,WR,rec_yds,5.429,0.0,0.0,0.0,6.063,18.944
2025_03_IND_TEN,IND,TEN,Anthony Gould,00-0039816,WR,anytime_td,0.026,0.0,0.0,0.0,0.0,0.0
2025_03_KC_NYG,NYG,KC,Russell Wilson,00-0029263,QB,att,31.3,21.0,27.0,32.0,37.0,42.0
2025_03_KC_NYG,NYG,KC,Russell Wilson,00-0029263,QB,cmp,20.148,13.0,17.0,21.0,24.0,28.0
2025_03_KC_NYG,NYG,KC,Russell Wilson,00-0029263,QB,pass_yds,219.186,128.082,172.826,220.125,268.635,314.162
2025_03_KC_NYG,NYG,KC,Russell Wilson,00-0029263,QB,pass_td,1.209,0.0,0.0,1.0,2.0,3.0
2025_03_KC_NYG,NYG,KC,Russell Wilson,00-0029263,QB,ints,0.691,0.0,0.0,0.0,1.0,2.0
2025_03_KC_NYG,NYG,KC,Russell Wilson,00-0029263,QB,car,4.248,1.0,2.0,4.0,6.0,8.0
2025_03_KC_NYG,NYG,KC,Russell Wilson,00-0029263,QB,rush_yds,21.404,0.944,7.993,17.662,31.068,45.874
2025_03_KC_NYG,NYG,KC,Russell Wilson,00-0029263,QB,tgt,0.001,0.0,0.0,0.0,0.0,0.0
2025_03_KC_NYG,NYG,KC,Russell Wilson,00-0029263,QB,rec,0.001,0.0,0.0,0.0,0.0,0.0
2025_03_KC_NYG,NYG,KC,Russell Wilson,00-0029263,QB,rec_yds,0.005,0.0,0.0,0.0,0.0,0.0
2025_03_KC_NYG,NYG,KC,Russell Wilson,00-0029263,QB,anytime_td,0.083,0.0,0.0,0.0,0.0,0.0
2025_03_KC_NYG,NYG,KC,Malik Nabers,00-0039337,WR,car,0.115,0.0,0.0,0.0,0.0,0.0
2025_03_KC_NYG,NYG,KC,Malik Nabers,00-0039337,WR,rush_yds,0.614,0.0,0.0,0.0,0.0,0.0
2025_03_KC_NYG,NYG,KC,Malik Nabers,00-0039337,WR,tgt,9.625,5.0,7.0,9.0,12.0,15.0
2025_03_KC_NYG,NYG,KC,Malik Nabers,00-0039337,WR,rec,6.002,3.0,4.0,6.0,8.0,10.0
2025_03_KC_NYG,NYG,KC,Malik Nabers,00-0039337,WR,rec_yds,77.774,25.813,44.401,71.951,104.24,138.753
2025_03_KC_NYG,NYG,KC,Malik Nabers,00-0039337,WR,anytime_td,0.414,0.0,0.0,0.0,1.0,1.0
2025_03_KC_NYG,NYG,KC,Theo Johnson,00-0039847,TE,car,0.0,0.0,0.0,0.0,0.0,0.0
2025_03_KC_NYG,NYG,KC,Theo Johnson,00-0039847,TE,rush_yds,-0.002,0.0,0.0,0.0,0.0,0.0
2025_03_KC_NYG,NYG,KC,Theo Johnson,00-0039847,TE,tgt,3.26,1.0,2.0,3.0,5.0,6.0
2025_03_KC_NYG,NYG,KC,Theo Johnson,00-0039847,TE,rec,2.288,0.0,1.0,2.0,3.0,5.0
2025_03_KC_NYG,NYG,KC,Theo Johnson,00-0039847,TE,rec_yds,22.236,0.0,6.47,17.243,32.602,50.64
2025_03_KC_NYG,NYG,KC,Theo Johnson,00-0039847,TE,anytime_td,0.103,0.0,0.0,0.0,0.0,1.0
2025_03_KC_NYG,NYG,KC,Wan'Dale Robinson,00-0038117,WR,car,0.063,0.0,0.0,0.0,0.0,0.0
2025_03_KC_NYG,NYG,KC,Wan'Dale Robinson,00-0038117,WR,rush_yds,0.337,0.0,0.0,0.0,0.0,0.0
2025_03_KC_NYG,NYG,KC,Wan'Dale Robinson,00-0038117,WR,tgt,7.244,3.0,5.0,7.0,9.0,12.0
2025_03_KC_NYG,NYG,KC,Wan'Dale Robinson,00-0038117,WR,rec,4.938,2.0,3.0,5.0,6.0,8.0
2025_03_KC_NYG,NYG,KC,Wan'Dale Robinson,00-0038117,WR,rec_yds,56.805,15.001,29.705,50.856,78.546,104.939
2025_03_KC_NYG,NYG,KC,Wan'Dale Robinson,00-0038117,WR,anytime_td,0.254,0.0,0.0,0.0,1.0,1.0
2025_03_KC_NYG,NYG,KC,Darius Slayton,00-0035535,WR,car,0.091,0.0,0.0,0.0,0.0,0.0
2025_03_KC_NYG,NYG,KC,Darius Slayton,00-0035535,WR,rush_yds,0.481,0.0,0.0,0.0,0.0,0.0
2025_03_KC_NYG,NYG,KC,Darius Slayton,00-0035535,WR,tgt,2.622,0.0,1.0,2.0,4.0,5.0
2025_03_KC_NYG,NYG,KC,Darius Slayton,00-0035535,WR,rec,1.583,0.0,0.0,1.0,2.0,4.0
2025_03_KC_NYG,NYG,KC,Darius Slayton,00-0035535,WR,rec_yds,21.074,0.0,0.0,14.077,31.698,53.313
2025_03_KC_NYG,NYG,KC,Darius Slayton,00-0035535,WR,anytime_td,0.097,0.0,0.0,0.0,0.0,0.0
2025_03_KC_NYG,NYG,KC,Cam Skattebo,00-0040715,RB,car,6.125,1.0,3.0,5.0,8.0,12.0
2025_03_KC_NYG,NYG,KC,Cam Skattebo,00-0040715,RB,rush_yds,23.895,2.452,8.098,17.801,34.3,53.483
2025_03_KC_NYG,NYG,KC,Cam Skattebo,00-0040715,RB,tgt,1.774,0.0,0.0,1.0,3.0,4.0
2025_03_KC_NYG,NYG,KC,Cam Skattebo,00-0040715,RB,rec,1.385,0.0,0.0,1.0,2.0,3.0
2025_03_KC_NYG,NYG,KC,Cam Skattebo,00-0040715,RB,rec_yds,9.726,0.0,0.0,5.327,14.552,27.398
2025_03_KC_NYG,NYG,KC,Cam Skattebo,00-0040715,RB,anytime_td,0.277,0.0,0.0,0.0,1.0,1.0
2025_03_KC_NYG,NYG,KC,Daniel Bellinger,00-0038115,TE,car,0.004,0.0,0.0,0.0,0.0,0.0
2025_03_KC_NYG,NYG,KC,Daniel Bellinger,00-0038115,TE,rush_yds,0.011,0.0,0.0,0.0,0.0,0.0
2025_03_KC_NYG,NYG,KC,Daniel Bellinger,00-0038115,TE,tgt,0.883,0.0,0.0,0.0,1.0,2.0
2025_03_KC_NYG,NYG,KC,Daniel Bellinger,00-0038115,TE,rec,0.633,0.0,0.0,0.0,1.0,2.0
2025_03_KC_NYG,NYG,KC,Daniel Bellinger,00-0038115,TE,rec_yds,6.173,0.0,0.0,0.0,8.565,20.254
2025_03_KC_NYG,NYG,KC,Daniel Bellinger,00-0038115,TE,anytime_td,0.016,0.0,0.0,0.0,0.0,0.0
2025_03_KC_NYG,NYG,KC,Devin Singletary,00-0035250,RB,car,4.352,0.0,2.0,4.0,6.0,9.0
2025_03_KC_NYG,NYG,KC,Devin Singletary,00-0035250,RB,rush_yds,17.375,0.0,3.673,11.194,24.608,42.383
2025_03_KC_NYG,NYG,KC,Devin Singletary,00-0035250,RB,tgt,0.834,0.0,0.0,0.0,1.0,2.0
2025_03_KC_NYG,NYG,KC,Devin Singletary,00-0035250,RB,rec,0.661,0.0,0.0,0.0,1.0,2.0
2025_03_KC_NYG,NYG,KC,Devin Singletary,00-0035250,RB,rec_yds,4.185,0.0,0.0,0.0,5.698,13.906
2025_03_KC_NYG,NYG,KC,Devin Singletary,00-0035250,RB,anytime_td,0.129,0.0,0.0,0.0,0.0,1.0
2025_03_KC_NYG,NYG,KC,Tyrone Tracy Jr.,00-0039384,RB,car,9.369,3.0,6.0,9.0,12.0,16.0
2025_03_KC_NYG,NYG,KC,Tyrone Tracy Jr.,00-0039384,RB,rush_yds,35.196,8.046,16.087,29.337,48.238,69.347
2025_03_KC_NYG,NYG,KC,Tyrone Tracy Jr.,00-0039384,RB,tgt,3.4,1.0,2.0,3.0,5.0,7.0
2025_03_KC_NYG,NYG,KC,Tyrone Tracy Jr.,00-0039384,RB,rec,2.523,0.0,1.0,2.0,4.0,5.0
2025_03_KC_NYG,NYG,KC,Tyrone Tracy Jr.,00-0039384,RB,rec_yds,18.242,0.0,4.917,13.579,26.141,42.759
2025_03_KC_NYG,NYG,KC,Tyrone Tracy Jr.,00-0039384,RB,anytime_td,0.263,0.0,0.0,0.0,1.0,1.0
2025_03_KC_NYG,NYG,KC,Jalin Hyatt,00-0038938,WR,car,0.014,0.0,0.0,0.0,0.0,0.0
2025_03_KC_NYG,NYG,KC,Jalin Hyatt,00-0038938,WR,rush_yds,0.088,0.0,0.0,0.0,0.0,0.0
2025_03_KC_NYG,NYG,KC,Jalin Hyatt,00-0038938,WR,tgt,1.269,0.0,0.0,1.0,2.0,3.0
2025_03_KC_NYG,NYG,KC,Jalin Hyatt,00-0038938,WR,rec,0.798,0.0,0.0,0.0,1.0,2.0
2025_03_KC_NYG,NYG,KC,Jalin Hyatt,00-0038938,WR,rec_yds,9.565,0.0,0.0,0.0,13.81,29.765
2025_03_KC_NYG,NYG,KC,Jalin Hyatt,00-0038938,WR,anytime_td,0.026,0.0,0.0,0.0,0.0,0.0
2025_03_KC_NYG,KC,NYG,Patrick Mahomes,00-0033873,QB,att,31.343,21.0,27.0,32.0,37.0,42.0
2025_03_KC_NYG,KC,NYG,Patrick Mahomes,00-0033873,QB,cmp,21.243,13.9,18.0,22.0,25.25,29.0
2025_03_KC_NYG,KC,NYG,Patrick Mahomes,00-0033873,QB,pass_yds,233.557,140.692,186.212,233.813,284.724,334.15
2025_03_KC_NYG,KC,NYG,Patrick Mahomes,00-0033873,QB,pass_td,1.729,0.0,1.0,2.0,2.0,3.0
2025_03_KC_NYG,KC,NYG,Patrick Mahomes,00-0033873,QB,ints,0.576,0.0,0.0,0.0,1.0,2.0
2025_03_KC_NYG,KC,NYG,Patrick Mahomes,00-0033873,QB,car,4.823,2.0,3.0,5.0,6.0,8.0
2025_03_KC_NYG,KC,NYG,Patrick Mahomes,00-0033873,QB,rush_yds,28.872,3.198,11.791,25.315,41.638,58.627
2025_03_KC_NYG,KC,NYG,Patrick Mahomes,00-0033873,QB,tgt,0.001,0.0,0.0,0.0,0.0,0.0
2025_03_KC_NYG,KC,NYG,Patrick Mahomes,00-0033873,QB,rec,0.001,0.0,0.0,0.0,0.0,0.0
2025_03_KC_NYG,KC,NYG,Patrick Mahomes,00-0033873,QB,rec_yds,0.014,0.0,0.0,0.0,0.0,0.0
2025_03_KC_NYG,KC,NYG,Patrick Mahomes,00-0033873,QB,anytime_td,0.326,0.0,0.0,0.0,1.0,1.0
2025_03_KC_NYG,KC,NYG,Tyquan Thornton,00-0038104,WR,car,0.032,0.0,0.0,0.0,0.0,0.0
2025_03_KC_NYG,KC,NYG,Tyquan Thornton,00-0038104,WR,rush_yds,0.21,0.0,0.0,0.0,0.0,0.0
2025_03_KC_NYG,KC,NYG,Tyquan Thornton,00-0038104,WR,tgt,3.786,1.0,2.0,3.0,5.0,7.0
2025_03_KC_NYG,KC,NYG,Tyquan Thornton,00-0038104,WR,rec,2.377,0.0,1.0,2.0,3.0,5.0
2025_03_KC_NYG,KC,NYG,Tyquan Thornton,00-0038104,WR,rec_yds,33.472,0.0,9.899,25.987,49.513,76.556
2025_03_KC_NYG,KC,NYG,Tyquan Thornton,00-0038104,WR,anytime_td,0.28,0.0,0.0,0.0,1.0,1.0
2025_03_KC_NYG,KC,NYG,Travis Kelce,00-0030506,TE,car,0.012,0.0,0.0,0.0,0.0,0.0
2025_03_KC_NYG,KC,NYG,Travis Kelce,00-0030506,TE,rush_yds,0.024,0.0,0.0,0.0,0.0,0.0
2025_03_KC_NYG,KC,NYG,Travis Kelce,00-0030506,TE,tgt,6.578,3.0,4.0,6.0,9.0,11.0
2025_03_KC_NYG,KC,NYG,Travis Kelce,00-0030506,TE,rec,4.867,2.0,3.0,5.0,6.0,8.0
2025_03_KC_NYG,KC,NYG,Travis Kelce,00-0030506,TE,rec_yds,55.089,14.235,28.76,50.002,75.694,102.722
2025_03_KC_NYG,KC,NYG,Travis Kelce,00-0030506,TE,anytime_td,0.327,0.0,0.0,0.0,1.0,1.0
2025_03_KC_NYG,KC,NYG,JuJu Smith-Schuster,00-0033857,WR,car,0.01,0.0,0.0,0.0,0.0,0.0
2025_03_KC_NYG,KC,NYG,JuJu Smith-Schuster,00-0033857,WR,rush_yds,0.079,0.0,0.0,0.0,0.0,0.0
2025_03_KC_NYG,KC,NYG,JuJu Smith-Schuster,00-0033857,WR,tgt,3.188,1.0,1.0,3.0,4.0,6.0
2025_03_KC_NYG,KC,NYG,JuJu Smith-Schuster,00-0033857,WR,rec,2.171,0.0,1.0,2.0,3.0,5.0
2025_03_KC_NYG,KC,NYG,JuJu Smith-Schuster,00-0033857,WR,rec_yds,27.143,0.0,6.635,20.423,40.187,62.611
2025_03_KC_NYG,KC,NYG,JuJu Smith-Schuster,00-0033857,WR,anytime_td,0.097,0.0,0.0,0.0,0.0,0.0
2025_03_KC_NYG,KC,NYG,Noah Gray,00-0036637,TE,car,0.055,0.0,0.0,0.0,0.0,0.0
2025_03_KC_NYG,KC,NYG,Noah Gray,00-0036637,TE,rush_yds,0.14,0.0,0.0,0.0,0.0,0.0
2025_03_KC_NYG,KC,NYG,Noah Gray,00-0036637,TE,tgt,2.776,0.0,1.0,2.0,4.0,6.0
2025_03_KC_NYG,KC,NYG,Noah Gray,00-0036637,TE,rec,1.998,0.0,1.0,2.0,3.0,4.0
2025_03_KC_NYG,KC,NYG,Noah Gray,00-0036637,TE,rec_yds,19.507,0.0,4.615,14.36,29.055,46.198
2025_03_KC_NYG,KC,NYG,Noah Gray,00-0036637,TE,anytime_td,0.142,0.0,0.0,0.0,0.0,1.0
2025_03_KC_NYG,KC,NYG,Marquise Brown,00-0035662,WR,car,0.031,0.0,0.0,0.0,0.0,0.0
2025_03_KC_NYG,KC,NYG,Marquise Brown,00-0035662,WR,rush_yds,0.212,0.0,0.0,0.0,0.0,0.0
2025_03_KC_NYG,KC,NYG,Marquise Brown,00-0035662,WR,tgt,8.422,4.0,6.0,8.0,11.0,13.0
2025_03_KC_NYG,KC,NYG,Marquise Brown,00-0035662,WR,rec,5.672,2.0,4.0,5.0,7.0,9.0
2025_03_KC_NYG,KC,NYG,Marquise Brown,00-0035662,WR,rec_yds,65.231,20.105,36.246,59.448,87.003,117.969
2025_03_KC_NYG,KC,NYG,Marquise Brown,00-0035662,WR,anytime_td,0.22,0.0,0.0,0.0,0.0,1.0
2025_03_KC_NYG,KC,NYG,Isiah Pacheco,00-0037197,RB,car,9.514,3.0,6.0,9.0,13.0,16.0
2025_03_KC_NYG,KC,NYG,Isiah Pacheco,00-0037197,RB,rush_yds,40.674,9.037,18.627,34.246,55.005,79.946
2025_03_KC_NYG,KC,NYG,Isiah Pacheco,00-0037197,RB,tgt,2.341,0.0,1.0,2.0,3.0,5.0
2025_03_KC_NYG,KC,NYG,Isiah Pacheco,00-0037197,RB,rec,1.877,0.0,1.0,2.0,3.0,4.0
2025_03_KC_NYG,KC,NYG,Isiah Pacheco,00-0037197,RB,rec_yds,13.234,0.0,0.0,8.658,19.695,33.65
2025_03_KC_NYG,KC,NYG,Isiah Pacheco,00-0037197,RB,anytime_td,0.213,0.0,0.0,0.0,0.0,1.0
2025_03_KC_NYG,KC,NYG,Kareem Hunt,00-0033923,RB,car,10.214,4.0,6.0,9.0,13.0,17.0
2025_03_KC_NYG,KC,NYG,Kareem Hunt,00-0033923,RB,rush_yds,44.504,11.145,21.645,37.412,60.555,86.275
2025_03_KC_NYG,KC,NYG,Kareem Hunt,00-0033923,RB,tgt,1.941,0.0,1.0,2.0,3.0,4.0
2025_03_KC_NYG,KC,NYG,Kareem Hunt,00-0033923,RB,rec,1.597,0.0,0.0,1.0,2.0,4.0
2025_03_KC_NYG,KC,NYG,Kareem Hunt,00-0033923,RB,rec_yds,11.793,0.0,0.0,6.582,17.634,31.678
2025_03_KC_NYG,KC,NYG,Kareem Hunt,00-0033923,RB,anytime_td,0.286,0.0,0.0,0.0,1.0,1.0
2025_03_KC_NYG,KC,NYG,Brashard Smith,00-0040078,RB,car,1.307,0.0,0.0,1.0,2.0,4.0
2025_03_KC_NYG,KC,NYG,Brashard Smith,00-0040078,RB,rush_yds,5.736,0.0,0.0,0.0,7.078,17.88
2025_03_KC_NYG,KC,NYG,Brashard Smith,00-0040078,RB,tgt,0.665,0.0,0.0,0.0,1.0,2.0
2025_03_KC_NYG,KC,NYG,Brashard Smith,00-0040078,RB,rec,0.533,0.0,0.0,0.0,1.0,2.0
2025_03_KC_NYG,KC,NYG,Brashard Smith,00-0040078,RB,rec_yds,4.014,0.0,0.0,0.0,4.865,14.091
2025_03_KC_NYG,KC,NYG,Brashard Smith,00-0040078,RB,anytime_td,0.055,0.0,0.0,0.0,0.0,0.0
2025_03_KC_NYG,KC,NYG,Jason Brownlee,00-0038492,WR,car,0.017,0.0,0.0,0.0,0.0,0.0
2025_03_KC_NYG,KC,NYG,Jason Brownlee,00-0038492,WR,rush_yds,0.088,0.0,0.0,0.0,0.0,0.0
2025_03_KC_NYG,KC,NYG,Jason Brownlee,00-0038492,WR,tgt,1.001,0.0,0.0,1.0,2.0,3.0
2025_03_KC_NYG,KC,NYG,Jason Brownlee,00-0038492,WR,rec,0.649,0.0,0.0,0.0,1.0,2.0
2025_03_KC_NYG,KC,NYG,Jason Brownlee,00-0038492,WR,rec_yds,8.226,0.0,0.0,0.0,10.967,27.141
2025_03_KC_NYG,KC,NYG,Jason Brownlee,00-0038492,WR,anytime_td,0.072,0.0,0.0,0.0,0.0,0.0
2025_03_KC_NYG,KC,NYG,Nikko Remigio,00-0038519,WR,car,0.014,0.0,0.0,0.0,0.0,0.0
2025_03_KC_NYG,KC,NYG,Nikko Remigio,00-0038519,WR,rush_yds,0.07,0.0,0.0,0.0,0.0,0.0
2025_03_KC_NYG,KC,NYG,Nikko Remigio,00-0038519,WR,tgt,1.125,0.0,0.0,1.0,2.0,3.0
2025_03_KC_NYG,KC,NYG,Nikko Remigio,00-0038519,WR,rec,0.749,0.0,0.0,0.0,1.0,2.0
2025_03_KC_NYG,KC,NYG,Nikko Remigio,00-0038519,WR,rec_yds,9.73,0.0,0.0,0.0,14.319,30.399
2025_03_KC_NYG,KC,NYG,Nikko Remigio,00-0038519,WR,anytime_td,0.026,0.0,0.0,0.0,0.0,0.0
2025_03_LA_PHI,PHI,LA,Jalen Hurts,00-0036389,QB,att,26.091,17.0,22.0,27.0,31.0,36.0
2025_03_LA_PHI,PHI,LA,Jalen Hurts,00-0036389,QB,cmp,17.688,11.0,14.0,18.0,22.0,25.0
2025_03_LA_PHI,PHI,LA,Jalen Hurts,00-0036389,QB,pass_yds,196.296,110.319,152.17,196.706,242.584,286.55
2025_03_LA_PHI,PHI,LA,Jalen Hurts,00-0036389,QB,pass_td,1.246,0.0,0.0,1.0,2.0,3.0
2025_03_LA_PHI,PHI,LA,Jalen Hurts,00-0036389,QB,ints,0.499,0.0,0.0,0.0,1.0,2.0
2025_03_LA_PHI,PHI,LA,Jalen Hurts,00-0036389,QB,car,7.56,3.0,4.0,7.0,10.0,13.0
2025_03_LA_PHI,PHI,LA,Jalen Hurts,00-0036389,QB,rush_yds,36.107,7.0,16.975,31.861,50.122,70.602
2025_03_LA_PHI,PHI,LA,Jalen Hurts,00-0036389,QB,tgt,0.0,0.0,0.0,0.0,0.0,0.0
2025_03_LA_PHI,PHI,LA,Jalen Hurts,00-0036389,QB,rec,0.0,0.0,0.0,0.0,0.0,0.0
2025_03_LA_PHI,PHI,LA,Jalen Hurts,00-0036389,QB,rec_yds,0.0,0.0,0.0,0.0,0.0,0.0
2025_03_LA_PHI,PHI,LA,Jalen Hurts,00-0036389,QB,anytime_td,0.48,0.0,0.0,0.0,1.0,1.0
2025_03_LA_PHI,PHI,LA,DeVonta Smith,00-0036912,WR,car,0.035,0.0,0.0,0.0,0.0,0.0
2025_03_LA_PHI,PHI,LA,DeVonta Smith,00-0036912,WR,rush_yds,0.242,0.0,0.0,0.0,0.0,0.0
2025_03_LA_PHI,PHI,LA,DeVonta Smith,00-0036912,WR,tgt,5.153,2.0,3.0,5.0,7.0,9.0
2025_03_LA_PHI,PHI,LA,DeVonta Smith,00-0036912,WR,rec,3.582,1.0,2.0,3.0,5.0,7.0
2025_03_LA_PHI,PHI,LA,DeVonta Smith,00-0036912,WR,rec_yds,45.346,7.258,19.635,38.432,64.52,91.994
2025_03_LA_PHI,PHI,LA,DeVonta Smith,00-0036912,WR,anytime_td,0.278,0.0,0.0,0.0,1.0,1.0
2025_03_LA_PHI,PHI,LA,Saquon Barkley,00-0034844,RB,car,17.418,9.0,13.0,17.0,22.0,26.0
2025_03_LA_PHI,PHI,LA,Saquon Barkley,00-0034844,RB,rush_yds,84.506,32.662,51.722,77.595,110.337,144.266
2025_03_LA_PHI,PHI,LA,Saquon Barkley,00-0034844,RB,tgt,2.983,1.0,1.0,3.0,4.0,6.0
2025_03_LA_PHI,PHI,LA,Saquon Barkley,00-0034844,RB,rec,2.39,0.0,1.0,2.0,3.0,5.0
2025_03_LA_PHI,PHI,LA,Saquon Barkley,00-0034844,RB,rec_yds,17.009,0.0,3.897,12.602,25.094,40.344
2025_03_LA_PHI,PHI,LA,Saquon Barkley,00-0034844,RB,anytime_td,0.475,0.0,0.0,0.0,1.0,1.0
2025_03_LA_PHI,PHI,LA,A.J. Brown,00-0035676,WR,car,0.011,0.0,0.0,0.0,0.0,0.0
2025_03_LA_PHI,PHI,LA,A.J. Brown,00-0035676,WR,rush_yds,0.073,0.0,0.0,0.0,0.0,0.0
2025_03_LA_PHI,PHI,LA,A.J. Brown,00-0035676,WR,tgt,5.717,2.0,4.0,5.0,8.0,10.0
2025_03_LA_PHI,PHI,LA,A.J. Brown,00-0035676,WR,rec,3.649,1.0,2.0,3.0,5.0,7.0
2025_03_LA_PHI,PHI,LA,A.J. Brown,00-0035676,WR,rec_yds,45.344,7.424,20.206,39.193,64.587,90.131
2025_03_LA_PHI,PHI,LA,A.J. Brown,00-0035676,WR,anytime_td,0.279,0.0,0.0,0.0,1.0,1.0
2025_03_LA_PHI,PHI,LA,Dallas Goedert,00-0034351,TE,car,0.132,0.0,0.0,0.0,0.0,0.0
2025_03_LA_PHI,PHI,LA,Dallas Goedert,00-0034351,TE,rush_yds,0.38,0.0,0.0,0.0,0.0,0.0
2025_03_LA_PHI,PHI,LA,Dallas Goedert,00-0034351,TE,tgt,5.017,2.0,3.0,5.0,7.0,9.0
2025_03_LA_PHI,PHI,LA,Dallas Goedert,00-0034351,TE,rec,3.897,1.0,2.0,4.0,5.0,7.0
2025_03_LA_PHI,PHI,LA,Dallas Goedert,00-0034351,TE,rec_yds,40.556,7.804,18.512,35.013,56.857,79.884
2025_03_LA_PHI,PHI,LA,Dallas Goedert,00-0034351,TE,anytime_td,0.205,0.0,0.0,0.0,0.0,1.0
2025_03_LA_PHI,PHI,LA,Jahan Dotson,00-0037741,WR,car,0.014,0.0,0.0,0.0,0.0,0.0
2025_03_LA_PHI,PHI,LA,Jahan Dotson,00-0037741,WR,rush_yds,0.076,0.0,0.0,0.0,0.0,0.0
2025_03_LA_PHI,PHI,LA,Jahan Dotson,00-0037741,WR,tgt,1.998,0.0,1.0,2.0,3.0,4.0
2025_03_LA_PHI,PHI,LA,Jahan Dotson,00-0037741,WR,rec,1.315,0.0,0.0,1.0,2.0,3.0
2025_03_LA_PHI,PHI,LA,Jahan Dotson,00-0037741,WR,rec_yds,17.611,0.0,0.0,10.378,26.628,47.145
2025_03_LA_PHI,PHI,LA,Jahan Dotson,00-0037741,WR,anytime_td,0.085,0.0,0.0,0.0,0.0,0.0
2025_03_LA_PHI,PHI,LA,Grant Calcaterra,00-0037086,TE,car,0.007,0.0,0.0,0.0,0.0,0.0
2025_03_LA_PHI,PHI,LA,Grant Calcaterra,00-0037086,TE,rush_yds,0.03,0.0,0.0,0.0,0.0,0.0
2025_03_LA_PHI,PHI,LA,Grant Calcaterra,00-0037086,TE,tgt,1.159,0.0,0.0,1.0,2.0,3.0
2025_03_LA_PHI,PHI,LA,Grant Calcaterra,00-0037086,TE,rec,0.83,0.0,0.0,0.0,1.0,2.0
2025_03_LA_PHI,PHI,LA,Grant Calcaterra,00-0037086,TE,rec_yds,8.713,0.0,0.0,0.0,13.171,26.649
2025_03_LA_PHI,PHI,LA,Grant Calcaterra,00-0037086,TE,anytime_td,0.046,0.0,0.0,0.0,0.0,0.0
2025_03_LA_PHI,PHI,LA,AJ Dillon,00-0036265,RB,car,6.28,1.0,3.0,5.0,9.0,12.0
2025_03_LA_PHI,PHI,LA,AJ Dillon,00-0036265,RB,rush_yds,28.119,2.065,8.587,21.082,39.627,63.033
2025_03_LA_PHI,PHI,LA,AJ Dillon,00-0036265,RB,tgt,0.718,0.0,0.0,0.0,1.0,2.0
2025_03_LA_PHI,PHI,LA,AJ Dillon,00-0036265,RB,rec,0.562,0.0,0.0,0.0,1.0,2.0
2025_03_LA_PHI,PHI,LA,AJ Dillon,00-0036265,RB,rec_yds,4.455,0.0,0.0,0.0,5.955,15.333
2025_03_LA_PHI,PHI,LA,AJ Dillon,00-0036265,RB,anytime_td,0.149,0.0,0.0,0.0,0.0,1.0
2025_03_LA_PHI,PHI,LA,Kylen Granson,00-0036876,TE,car,0.005,0.0,0.0,0.0,0.0,0.0
2025_03_LA_PHI,PHI,LA,Kylen Granson,00-0036876,TE,rush_yds,0.014,0.0,0.0,0.0,0.0,0.0
2025_03_LA_PHI,PHI,LA,Kylen Granson,00-0036876,TE,tgt,1.52,0.0,0.0,1.0,2.0,4.0
2025_03_LA_PHI,PHI,LA,Kylen Granson,00-0036876,TE,rec,1.079,0.0,0.0,1.0,2.0,3.0
2025_03_LA_PHI,PHI,LA,Kylen Granson,00-0036876,TE,rec_yds,10.827,0.0,0.0,5.519,16.896,30.048
2025_03_LA_PHI,PHI,LA,Kylen Granson,00-0036876,TE,anytime_td,0.052,0.0,0.0,0.0,0.0,0.0
2025_03_LA_PHI,PHI,LA,John Metchie III,00-0037614,WR,car,0.021,0.0,0.0,0.0,0.0,0.0
2025_03_LA_PHI,PHI,LA,John Metchie III,00-0037614,WR,rush_yds,0.124,0.0,0.0,0.0,0.0,0.0
2025_03_LA_PHI,PHI,LA,John Metchie III,00-0037614,WR,tgt,1.891,0.0,1.0,2.0,3.0,4.0
2025_03_LA_PHI,PHI,LA,John Metchie III,00-0037614,WR,rec,1.217,0.0,0.0,1.0,2.0,3.0
2025_03_LA_PHI,PHI,LA,John Metchie III,00-0037614,WR,rec_yds,15.309,0.0,0.0,8.221,23.67,41.377
2025_03_LA_PHI,PHI,LA,John Metchie III,00-0037614,WR,anytime_td,0.086,0.0,0.0,0.0,0.0,0.0
2025_03_LA_PHI,LA,PHI,Matthew Stafford,00-0026498,QB,att,31.387,21.0,27.0,32.0,37.0,42.0
2025_03_LA_PHI,LA,PHI,Matthew Stafford,00-0026498,QB,cmp,20.197,13.0,17.0,21.0,24.0,28.0
2025_03_LA_PHI,LA,PHI,Matthew Stafford,00-0026498,QB,pass_yds,219.578,125.852,171.794,219.742,268.67,318.732
2025_03_LA_PHI,LA,PHI,Matthew Stafford,00-0026498,QB,pass_td,1.258,0.0,0.0,1.0,2.0,3.0
2025_03_LA_PHI,LA,PHI,Matthew Stafford,00-0026498,QB,ints,0.677,0.0,0.0,0.0,1.0,2.0
2025_03_LA_PHI,LA,PHI,Matthew Stafford,00-0026498,QB,car,2.316,0.0,1.0,2.0,3.0,5.0
2025_03_LA_PHI,LA,PHI,Matthew Stafford,00-0026498,QB,rush_yds,8.221,-1.0,0.0,4.006,13.02,23.998
2025_03_LA_PHI,LA,PHI,Matthew Stafford,00-0026498,QB,tgt,0.0,0.0,0.0,0.0,0.0,0.0
2025_03_LA_PHI,LA,PHI,Matthew Stafford,00-0026498,QB,rec,0.0,0.0,0.0,0.0,0.0,0.0
2025_03_LA_PHI,LA,PHI,Matthew Stafford,00-0026498,QB,rec_yds,0.0,0.0,0.0,0.0,0.0,0.0
2025_03_LA_PHI,LA,PHI,Matthew Stafford,00-0026498,QB,anytime_td,0.051,0.0,0.0,0.0,0.0,0.0
2025_03_LA_PHI,LA,PHI,Puka Nacua,00-0039075,WR,car,0.86,0.0,0.0,0.0,1.0,3.0
2025_03_LA_PHI,LA,PHI,Puka Nacua,00-0039075,WR,rush_yds,4.941,0.0,0.0,0.0,3.608,17.588
2025_03_LA_PHI,LA,PHI,Puka Nacua,00-0039075,WR,tgt,9.713,5.0,7.0,9.0,12.0,15.0
2025_03_LA_PHI,LA,PHI,Puka Nacua,00-0039075,WR,rec,6.838,3.0,5.0,7.0,9.0,11.0
2025_03_LA_PHI,LA,PHI,Puka Nacua,00-0039075,WR,rec_yds,79.864,29.389,46.968,73.184,105.175,140.096
2025_03_LA_PHI,LA,PHI,Puka Nacua,00-0039075,WR,anytime_td,0.257,0.0,0.0,0.0,1.0,1.0
2025_03_LA_PHI,LA,PHI,Davante Adams,00-0031381,WR,car,0.015,0.0,0.0,0.0,0.0,0.0
2025_03_LA_PHI,LA,PHI,Davante Adams,00-0031381,WR,rush_yds,0.075,0.0,0.0,0.0,0.0,0.0
2025_03_LA_PHI,LA,PHI,Davante Adams,00-0031381,WR,tgt,9.556,5.0,7.0,9.0,12.0,15.0
2025_03_LA_PHI,LA,PHI,Davante Adams,00-0031381,WR,rec,5.562,2.0,4.0,5.0,7.0,9.0
2025_03_LA_PHI,LA,PHI,Davante Adams,00-0031381,WR,rec_yds,69.052,21.272,37.984,62.494,92.246,125.879
2025_03_LA_PHI,LA,PHI,Davante Adams,00-0031381,WR,anytime_td,0.36,0.0,0.0,0.0,1.0,1.0
2025_03_LA_PHI,LA,PHI,Kyren Williams,00-0037840,RB,car,17.554,10.0,13.0,17.0,22.0,26.0
2025_03_LA_PHI,LA,PHI,Kyren Williams,00-0037840,RB,rush_yds,71.659,28.234,42.908,64.835,93.768,124.354
2025_03_LA_PHI,LA,PHI,Kyren Williams,00-0037840,RB,tgt,2.063,0.0,1.0,2.0,3.0,4.0
2025_03_LA_PHI,LA,PHI,Kyren Williams,00-0037840,RB,rec,1.607,0.0,0.0,1.0,2.0,4.0
2025_03_LA_PHI,LA,PHI,Kyren Williams,00-0037840,RB,rec_yds,10.514,0.0,0.0,6.22,15.953,28.27
2025_03_LA_PHI,LA,PHI,Kyren Williams,00-0037840,RB,anytime_td,0.462,0.0,0.0,0.0,1.0,1.0
2025_03_LA_PHI,LA,PHI,Tyler Higbee,00-0033110,TE,car,0.006,0.0,0.0,0.0,0.0,0.0
2025_03_LA_PHI,LA,PHI,Tyler Higbee,00-0033110,TE,rush_yds,0.014,0.0,0.0,0.0,0.0,0.0
2025_03_LA_PHI,LA,PHI,Tyler Higbee,00-0033110,TE,tgt,3.401,1.0,2.0,3.0,5.0,7.0
2025_03_LA_PHI,LA,PHI,Tyler Higbee,00-0033110,TE,rec,2.527,0.0,1.0,2.0,4.0,5.0
2025_03_LA_PHI,LA,PHI,Tyler Higbee,00-0033110,TE,rec_yds,23.463,0.0,7.292,18.808,34.179,51.757
2025_03_LA_PHI,LA,PHI,Tyler Higbee,00-0033110,TE,anytime_td,0.165,0.0,0.0,0.0,0.0,1.0
2025_03_LA_PHI,LA,PHI,Jordan Whittington,00-0039751,WR,car,0.326,0.0,0.0,0.0,0.0,1.0
2025_03_LA_PHI,LA,PHI,Jordan Whittington,00-0039751,WR,rush_yds,1.827,0.0,0.0,0.0,0.0,3.541
2025_03_LA_PHI,LA,PHI,Jordan Whittington,00-0039751,WR,tgt,1.351,0.0,0.0,1.0,2.0,3.0
2025_03_LA_PHI,LA,PHI,Jordan Whittington,00-0039751,WR,rec,0.877,0.0,0.0,1.0,1.0,2.0
2025_03_LA_PHI,LA,PHI,Jordan Whittington,00-0039751,WR,rec_yds,10.618,0.0,0.0,2.565,15.602,31.652
2025_03_LA_PHI,LA,PHI,Jordan Whittington,00-0039751,WR,anytime_td,0.037,0.0,0.0,0.0,0.0,0.0
2025_03_LA_PHI,LA,PHI,Davis Allen,00-0039074,TE,car,0.004,0.0,0.0,0.0,0.0,0.0
2025_03_LA_PHI,LA,PHI,Davis Allen,00-0039074,TE,rush_yds,0.011,0.0,0.0,0.0,0.0,0.0
2025_03_LA_PHI,LA,PHI,Davis Allen,00-0039074,TE,tgt,1.148,0.0,0.0,1.0,2.0,3.0
2025_03_LA_PHI,LA,PHI,Davis Allen,00-0039074,TE,rec,0.801,0.0,0.0,0.0,1.0,2.0
2025_03_LA_PHI,LA,PHI,Davis Allen,00-0039074,TE,rec_yds,7.697,0.0,0.0,0.0,11.262,24.243
2025_03_LA_PHI,LA,PHI,Davis Allen,00-0039074,TE,anytime_td,0.169,0.0,0.0,0.0,0.0,1.0
2025_03_LA_PHI,LA,PHI,Tutu Atwell,00-0036849,WR,car,0.054,0.0,0.0,0.0,0.0,0.0
2025_03_LA_PHI,LA,PHI,Tutu Atwell,00-0036849,WR,rush_yds,0.301,0.0,0.0,0.0,0.0,0.0
2025_03_LA_PHI,LA,PHI,Tutu Atwell,00-0036849,WR,tgt,1.94,0.0,1.0,2.0,3.0,4.0
2025_03_LA_PHI,LA,PHI,Tutu Atwell,00-0036849,WR,rec,1.236,0.0,0.0,1.0,2.0,3.0
2025_03_LA_PHI,LA,PHI,Tutu Atwell,00-0036849,WR,rec_yds,14.371,0.0,0.0,7.796,21.988,39.874
2025_03_LA_PHI,LA,PHI,Tutu Atwell,00-0036849,WR,anytime_td,0.031,0.0,0.0,0.0,0.0,0.0
2025_03_LA_PHI,LA,PHI,Colby Parkinson,00-0036244,TE,car,0.002,0.0,0.0,0.0,0.0,0.0
2025_03_LA_PHI,LA,PHI,Colby Parkinson,00-0036244,TE,rush_yds,0.008,0.0,0.0,0.0,0.0,0.0
2025_03_LA_PHI,LA,PHI,Colby Parkinson,00-0036244,TE,tgt,1.963,0.0,1.0,2.0,3.0,4.0
2025_03_LA_PHI,LA,PHI,Colby Parkinson,00-0036244,TE,rec,1.422,0.0,0.0,1.0,2.0,3.0
2025_03_LA_PHI,LA,PHI,Colby Parkinson,00-0036244,TE,rec_yds,12.62,0.0,0.0,7.956,19.297,33.402
2025_03_LA_PHI,LA,PHI,Colby Parkinson,00-0036244,TE,anytime_td,0.109,0.0,0.0,0.0,0.0,1.0
2025_03_LA_PHI,LA,PHI,Blake Corum,00-0039738,RB,car,3.584,0.0,1.0,3.0,5.0,8.0
2025_03_LA_PHI,LA,PHI,Blake Corum,00-0039738,RB,rush_yds,15.375,0.0,1.935,9.183,21.9,39.888
2025_03_LA_PHI,LA,PHI,Blake Corum,00-0039738,RB,tgt,0.61,0.0,0.0,0.0,1.0,2.0
2025_03_LA_PHI,LA,PHI,Blake Corum,00-0039738,RB,rec,0.475,0.0,0.0,0.0,1.0,1.0
2025_03_LA_PHI,LA,PHI,Blake Corum,00-0039738,RB,rec_yds,3.406,0.0,0.0,0.0,3.425,11.991
2025_03_LA_PHI,LA,PHI,Blake Corum,00-0039738,RB,anytime_td,0.179,0.0,0.0,0.0,0.0,1.0
2025_03_LV_WAS,WAS,LV,Marcus Mariota,00-0032268,QB,att,33.059,22.0,28.0,34.0,39.0,44.0
2025_03_LV_WAS,WAS,LV,Marcus Mariota,00-0032268,QB,cmp,21.936,14.0,18.0,22.0,26.0,30.0
2025_03_LV_WAS,WAS,LV,Marcus Mariota,00-0032268,QB,pass_yds,237.765,146.452,191.553,238.347,287.375,335.511
2025_03_LV_WAS,WAS,LV,Marcus Mariota,00-0032268,QB,pass_td,1.518,0.0,1.0,1.0,2.0,3.0
2025_03_LV_WAS,WAS,LV,Marcus Mariota,00-0032268,QB,ints,0.663,0.0,0.0,0.0,1.0,2.0
2025_03_LV_WAS,WAS,LV,Marcus Mariota,00-0032268,QB,car,4.026,1.0,2.0,4.0,5.0,8.0
2025_03_LV_WAS,WAS,LV,Marcus Mariota,00-0032268,QB,rush_yds,18.245,0.0,4.939,13.966,26.658,42.323
2025_03_LV_WAS,WAS,LV,Marcus Mariota,00-0032268,QB,tgt,0.001,0.0,0.0,0.0,0.0,0.0
2025_03_LV_WAS,WAS,LV,Marcus Mariota,00-0032268,QB,rec,0.001,0.0,0.0,0.0,0.0,0.0
2025_03_LV_WAS,WAS,LV,Marcus Mariota,00-0032268,QB,rec_yds,0.004,0.0,0.0,0.0,0.0,0.0
2025_03_LV_WAS,WAS,LV,Marcus Mariota,00-0032268,QB,anytime_td,0.08,0.0,0.0,0.0,0.0,0.0
2025_03_LV_WAS,WAS,LV,Terry McLaurin,00-0035659,WR,car,0.039,0.0,0.0,0.0,0.0,0.0
2025_03_LV_WAS,WAS,LV,Terry McLaurin,00-0035659,WR,rush_yds,0.178,0.0,0.0,0.0,0.0,0.0
2025_03_LV_WAS,WAS,LV,Terry McLaurin,00-0035659,WR,tgt,8.493,4.0,6.0,8.0,11.0,13.0
2025_03_LV_WAS,WAS,LV,Terry McLaurin,00-0035659,WR,rec,5.462,2.0,3.0,5.0,7.0,9.0
2025_03_LV_WAS,WAS,LV,Terry McLaurin,00-0035659,WR,rec_yds,66.332,19.128,35.7,59.665,89.229,121.496
2025_03_LV_WAS,WAS,LV,Terry McLaurin,00-0035659,WR,anytime_td,0.326,0.0,0.0,0.0,1.0,1.0
2025_03_LV_WAS,WAS,LV,Ben Sinnott,00-0039912,TE,car,0.001,0.0,0.0,0.0,0.0,0.0
2025_03_LV_WAS,WAS,LV,Ben Sinnott,00-0039912,TE,rush_yds,0.0,0.0,0.0,0.0,0.0,0.0
2025_03_LV_WAS,WAS,LV,Ben Sinnott,00-0039912,TE,tgt,0.599,0.0,0.0,0.0,1.0,2.0
2025_03_LV_WAS,WAS,LV,Ben Sinnott,00-0039912,TE,rec,0.451,0.0,0.0,0.0,1.0,1.0
2025_03_LV_WAS,WAS,LV,Ben Sinnott,00-0039912,TE,rec_yds,4.641,0.0,0.0,0.0,5.493,16.706
2025_03_LV_WAS,WAS,LV,Ben Sinnott,00-0039912,TE,anytime_td,0.014,0.0,0.0,0.0,0.0,0.0
2025_03_LV_WAS,WAS,LV,Chris Moore,00-0032398,WR,car,0.031,0.0,0.0,0.0,0.0,0.0
2025_03_LV_WAS,WAS,LV,Chris Moore,00-0032398,WR,rush_yds,0.123,0.0,0.0,0.0,0.0,0.0
2025_03_LV_WAS,WAS,LV,Chris Moore,00-0032398,WR,tgt,1.239,0.0,0.0,1.0,2.0,3.0
2025_03_LV_WAS,WAS,LV,Chris Moore,00-0032398,WR,rec,0.837,0.0,0.0,1.0,1.0,2.0
2025_03_LV_WAS,WAS,LV,Chris Moore,00-0032398,WR,rec_yds,10.764,0.0,0.0,0.0,15.922,32.918
2025_03_LV_WAS,WAS,LV,Chris Moore,00-0032398,WR,anytime_td,0.024,0.0,0.0,0.0,0.0,0.0
2025_03_LV_WAS,WAS,LV,Zach Ertz,00-0030061,TE,car,0.001,0.0,0.0,0.0,0.0,0.0
2025_03_LV_WAS,WAS,LV,Zach Ertz,00-0030061,TE,rush_yds,0.003,0.0,0.0,0.0,0.0,0.0
2025_03_LV_WAS,WAS,LV,Zach Ertz,00-0030061,TE,tgt,7.699,3.0,5.0,7.0,10.0,13.0
2025_03_LV_WAS,WAS,LV,Zach Ertz,00-0030061,TE,rec,5.729,2.0,4.0,5.0,7.0,10.0
2025_03_LV_WAS,WAS,LV,Zach Ertz,00-0030061,TE,rec_yds,55.546,17.041,31.158,50.662,75.098,99.849
2025_03_LV_WAS,WAS,LV,Zach Ertz,00-0030061,TE,anytime_td,0.405,0.0,0.0,0.0,1.0,1.0
2025_03_LV_WAS,WAS,LV,Deebo Samuel Sr.,00-0035719,WR,car,2.039,0.0,0.0,1.0,3.0,5.0
2025_03_LV_WAS,WAS,LV,Deebo Samuel Sr.,00-0035719,WR,rush_yds,10.376,0.0,0.0,3.313,15.138,32.01
2025_03_LV_WAS,WAS,LV,Deebo Samuel Sr.,00-0035719,WR,tgt,8.828,4.0,6.0,8.0,11.0,14.0
2025_03_LV_WAS,WAS,LV,Deebo Samuel Sr.,00-0035719,WR,rec,6.188,3.0,4.0,6.0,8.0,10.0
2025_03_LV_WAS,WAS,LV,Deebo Samuel Sr.,00-0035719,WR,rec_yds,68.32,21.922,39.875,63.035,90.978,121.017
2025_03_LV_WAS,WAS,LV,Deebo Samuel Sr.,00-0035719,WR,anytime_td,0.421,0.0,0.0,0.0,1.0,1.0
2025_03_LV_WAS,WAS,LV,Jacory Croskey-Merritt,00-0040242,RB,car,9.541,3.9,6.0,9.0,13.0,16.0
2025_03_LV_WAS,WAS,LV,Jacory Croskey-Merritt,00-0040242,RB,rush_yds,41.027,8.855,18.775,34.594,56.678,80.413
2025_03_LV_WAS,WAS,LV,Jacory Croskey-Merritt,00-0040242,RB,tgt,1.21,0.0,0.0,1.0,2.0,3.0
2025_03_LV_WAS,WAS,LV,Jacory Croskey-Merritt,00-0040242,RB,rec,0.937,0.0,0.0,1.0,1.0,2.0
2025_03_LV_WAS,WAS,LV,Jacory Croskey-Merritt,00-0040242,RB,rec_yds,6.642,0.0,0.0,0.0,9.504,20.753
2025_03_LV_WAS,WAS,LV,Jacory Croskey-Merritt,00-0040242,RB,anytime_td,0.282,0.0,0.0,0.0,1.0,1.0
2025_03_LV_WAS,WAS,LV,Chris Rodriguez Jr.,00-0038611,RB,car,5.815,1.0,3.0,5.0,8.0,12.0
2025_03_LV_WAS,WAS,LV,Chris Rodriguez Jr.,00-0038611,RB,rush_yds,23.364,1.707,7.089,17.584,33.248,53.861
2025_03_LV_WAS,WAS,LV,Chris Rodriguez Jr.,00-0038611,RB,tgt,0.432,0.0,0.0,0.0,1.0,1.0
2025_03_LV_WAS,WAS,LV,Chris Rodriguez Jr.,00-0038611,RB,rec,0.348,0.0,0.0,0.0,0.0,1.0
2025_03_LV_WAS,WAS,LV,Chris Rodriguez Jr.,00-0038611,RB,rec_yds,2.408,0.0,0.0,0.0,0.0,8.919
2025_03_LV_WAS,WAS,LV,Chris Rodriguez Jr.,00-0038611,RB,anytime_td,0.177,0.0,0.0,0.0,0.0,1.0
2025_03_LV_WAS,WAS,LV,Luke McCaffrey,00-0039355,WR,car,0.016,0.0,0.0,0.0,0.0,0.0
2025_03_LV_WAS,WAS,LV,Luke McCaffrey,00-0039355,WR,rush_yds,0.076,0.0,0.0,0.0,0.0,0.0
2025_03_LV_WAS,WAS,LV,Luke McCaffrey,00-0039355,WR,tgt,1.056,0.0,0.0,1.0,2.0,3.0
2025_03_LV_WAS,WAS,LV,Luke McCaffrey,00-0039355,WR,rec,0.689,0.0,0.0,0.0,1.0,2.0
2025_03_LV_WAS,WAS,LV,Luke McCaffrey,00-0039355,WR,rec_yds,8.433,0.0,0.0,0.0,11.706,26.61
2025_03_LV_WAS,WAS,LV,Luke McCaffrey,00-0039355,WR,anytime_td,0.016,0.0,0.0,0.0,0.0,0.0
2025_03_LV_WAS,WAS,LV,Jeremy McNichols,00-0033955,RB,car,3.274,0.0,1.0,2.0,5.0,8.0
2025_03_LV_WAS,WAS,LV,Jeremy McNichols,00-0033955,RB,rush_yds,12.779,0.0,0.886,7.38,18.377,33.38
2025_03_LV_WAS,WAS,LV,Jeremy McNichols,00-0033955,RB,tgt,0.57,0.0,0.0,0.0,1.0,2.0
2025_03_LV_WAS,WAS,LV,Jeremy McNichols,00-0033955,RB,rec,0.463,0.0,0.0,0.0,1.0,2.0
2025_03_LV_WAS,WAS,LV,Jeremy McNichols,00-0033955,RB,rec_yds,3.32,0.0,0.0,0.0,2.841,11.813
2025_03_LV_WAS,WAS,LV,Jeremy McNichols,00-0033955,RB,anytime_td,0.087,0.0,0.0,0.0,0.0,0.0
2025_03_LV_WAS,WAS,LV,Jaylin Lane,00-0040164,WR,car,0.032,0.0,0.0,0.0,0.0,0.0
2025_03_LV_WAS,WAS,LV,Jaylin Lane,00-0040164,WR,rush_yds,0.144,0.0,0.0,0.0,0.0,0.0
2025_03_LV_WAS,WAS,LV,Jaylin Lane,00-0040164,WR,tgt,3.466,1.0,2.0,3.0,5.0,7.0
2025_03_LV_WAS,WAS,LV,Jaylin Lane,00-0040164,WR,rec,2.118,0.0,1.0,2.0,3.0,4.0
2025_03_LV_WAS,WAS,LV,Jaylin Lane,00-0040164,WR,rec_yds,25.511,0.0,6.325,19.198,37.57,59.524
2025_03_LV_WAS,WAS,LV,Jaylin Lane,00-0040164,WR,anytime_td,0.077,0.0,0.0,0.0,0.0,0.0
2025_03_LV_WAS,LV,WAS,Geno Smith,00-0030565,QB,att,32.393,22.0,28.0,33.0,38.0,43.0
2025_03_LV_WAS,LV,WAS,Geno Smith,00-0030565,QB,cmp,20.41,13.0,17.0,21.0,25.0,28.0
2025_03_LV_WAS,LV,WAS,Geno Smith,00-0030565,QB,pass_yds,225.175,131.115,177.031,226.412,276.935,322.391
2025_03_LV_WAS,LV,WAS,Geno Smith,00-0030565,QB,pass_td,1.32,0.0,0.0,1.0,2.0,3.0
2025_03_LV_WAS,LV,WAS,Geno Smith,00-0030565,QB,ints,0.743,0.0,0.0,0.0,1.0,2.0
2025_03_LV_WAS,LV,WAS,Geno Smith,00-0030565,QB,car,3.295,1.0,1.0,3.0,5.0,7.0
2025_03_LV_WAS,LV,WAS,Geno Smith,00-0030565,QB,rush_yds,14.945,0.0,2.052,10.628,22.574,36.494
2025_03_LV_WAS,LV,WAS,Geno Smith,00-0030565,QB,tgt,0.001,0.0,0.0,0.0,0.0,0.0
2025_03_LV_WAS,LV,WAS,Geno Smith,00-0030565,QB,rec,0.001,0.0,0.0,0.0,0.0,0.0
2025_03_LV_WAS,LV,WAS,Geno Smith,00-0030565,QB,rec_yds,0.011,0.0,0.0,0.0,0.0,0.0
2025_03_LV_WAS,LV,WAS,Geno Smith,00-0030565,QB,anytime_td,0.075,0.0,0.0,0.0,0.0,0.0
2025_03_LV_WAS,LV,WAS,Tre Tucker,00-0038563,WR,car,0.485,0.0,0.0,0.0,0.0,2.0
2025_03_LV_WAS,LV,WAS,Tre Tucker,00-0038563,WR,rush_yds,3.051,0.0,0.0,0.0,0.0,9.482
2025_03_LV_WAS,LV,WAS,Tre Tucker,00-0038563,WR,tgt,4.571,1.0,3.0,4.0,6.0,8.0
2025_03_LV_WAS,LV,WAS,Tre Tucker,00-0038563,WR,rec,2.643,1.0,1.0,2.0,4.0,5.0
2025_03_LV_WAS,LV,WAS,Tre Tucker,00-0038563,WR,rec_yds,33.588,0.0,11.279,27.559,48.325,73.282
2025_03_LV_WAS,LV,WAS,Tre Tucker,00-0038563,WR,anytime_td,0.266,0.0,0.0,0.0,1.0,1.0
2025_03_LV_WAS,LV,WAS,Jakobi Meyers,00-0034960,WR,car,0.055,0.0,0.0,0.0,0.0,0.0
2025_03_LV_WAS,LV,WAS,Jakobi Meyers,00-0034960,WR,rush_yds,0.308,0.0,0.0,0.0,0.0,0.0
2025_03_LV_WAS,LV,WAS,Jakobi Meyers,00-0034960,WR,tgt,8.776,4.0,6.0,8.0,11.0,14.0
2025_03_LV_WAS,LV,WAS,Jakobi Meyers,00-0034960,WR,rec,5.505,2.0,3.0,5.0,7.0,9.0
2025_03_LV_WAS,LV,WAS,Jakobi Meyers,00-0034960,WR,rec_yds,68.159,20.22,37.459,60.949,91.297,123.669
2025_03_LV_WAS,LV,WAS,Jakobi Meyers,00-0034960,WR,anytime_td,0.275,0.0,0.0,0.0,1.0,1.0
2025_03_LV_WAS,LV,WAS,Brock Bowers,00-0039338,TE,car,0.188,0.0,0.0,0.0,0.0,0.0
2025_03_LV_WAS,LV,WAS,Brock Bowers,00-0039338,TE,rush_yds,0.443,0.0,0.0,0.0,0.0,0.0
2025_03_LV_WAS,LV,WAS,Brock Bowers,00-0039338,TE,tgt,7.418,3.0,5.0,7.0,9.0,12.0
2025_03_LV_WAS,LV,WAS,Brock Bowers,00-0039338,TE,rec,5.065,2.0,3.0,5.0,7.0,9.0
2025_03_LV_WAS,LV,WAS,Brock Bowers,00-0039338,TE,rec_yds,55.632,15.607,29.135,50.348,75.676,102.391
2025_03_LV_WAS,LV,WAS,Brock Bowers,00-0039338,TE,anytime_td,0.26,0.0,0.0,0.0,1.0,1.0
2025_03_LV_WAS,LV,WAS,Ashton Jeanty,00-0040122,RB,car,13.564,6.0,9.0,13.0,17.0,21.0
2025_03_LV_WAS,LV,WAS,Ashton Jeanty,00-0040122,RB,rush_yds,54.671,17.783,30.382,48.73,72.345,97.974
2025_03_LV_WAS,LV,WAS,Ashton Jeanty,00-0040122,RB,tgt,2.441,0.0,1.0,2.0,4.0,5.0
2025_03_LV_WAS,LV,WAS,Ashton Jeanty,00-0040122,RB,rec,1.897,0.0,1.0,2.0,3.0,4.0
2025_03_LV_WAS,LV,WAS,Ashton Jeanty,00-0040122,RB,rec_yds,12.391,0.0,0.0,8.117,18.327,31.648
2025_03_LV_WAS,LV,WAS,Ashton Jeanty,00-0040122,RB,anytime_td,0.405,0.0,0.0,0.0,1.0,1.0
2025_03_LV_WAS,LV,WAS,Dont'e Thornton Jr.,00-0040581,WR,car,0.024,0.0,0.0,0.0,0.0,0.0
2025_03_LV_WAS,LV,WAS,Dont'e Thornton Jr.,00-0040581,WR,rush_yds,0.134,0.0,0.0,0.0,0.0,0.0
2025_03_LV_WAS,LV,WAS,Dont'e Thornton Jr.,00-0040581,WR,tgt,3.272,1.0,2.0,3.0,5.0,6.0
2025_03_LV_WAS,LV,WAS,Dont'e Thornton Jr.,00-0040581,WR,rec,1.903,0.0,1.0,2.0,3.0,4.0
2025_03_LV_WAS,LV,WAS,Dont'e Thornton Jr.,00-0040581,WR,rec_yds,25.355,0.0,4.888,17.992,38.0,60.439
2025_03_LV_WAS,LV,WAS,Dont'e Thornton Jr.,00-0040581,WR,anytime_td,0.108,0.0,0.0,0.0,0.0,1.0
2025_03_LV_WAS,LV,WAS,Zamir White,00-0038040,RB,car,5.437,1.0,2.0,5.0,8.0,11.0
2025_03_LV_WAS,LV,WAS,Zamir White,00-0038040,RB,rush_yds,21.875,0.963,6.399,16.322,31.025,49.665
2025_03_LV_WAS,LV,WAS,Zamir White,00-0038040,RB,tgt,1.159,0.0,0.0,1.0,2.0,3.0
2025_03_LV_WAS,LV,WAS,Zamir White,00-0038040,RB,rec,0.88,0.0,0.0,1.0,1.0,2.0
2025_03_LV_WAS,LV,WAS,Zamir White,00-0038040,RB,rec_yds,6.231,0.0,0.0,0.0,9.011,18.729
2025_03_LV_WAS,LV,WAS,Zamir White,00-0038040,RB,anytime_td,0.173,0.0,0.0,0.0,0.0,1.0
2025_03_LV_WAS,LV,WAS,Jack Bech,00-0040729,WR,car,0.026,0.0,0.0,0.0,0.0,0.0
2025_03_LV_WAS,LV,WAS,Jack Bech,00-0040729,WR,rush_yds,0.115,0.0,0.0,0.0,0.0,0.0
2025_03_LV_WAS,LV,WAS,Jack Bech,00-0040729,WR,tgt,0.68,0.0,0.0,0.0,1.0,2.0
2025_03_LV_WAS,LV,WAS,Jack Bech,00-0040729,WR,rec,0.422,0.0,0.0,0.0,1.0,1.0
2025_03_LV_WAS,LV,WAS,Jack Bech,00-0040729,WR,rec_yds,5.505,0.0,0.0,0.0,5.686,19.134
2025_03_LV_WAS,LV,WAS,Jack Bech,00-0040729,WR,anytime_td,0.018,0.0,0.0,0.0,0.0,0.0
2025_03_LV_WAS,LV,WAS,Dylan Laube,00-0039407,RB,car,1.077,0.0,0.0,0.0,1.0,3.0
2025_03_LV_WAS,LV,WAS,Dylan Laube,00-0039407,RB,rush_yds,4.759,0.0,0.0,0.0,5.184,15.75
2025_03_LV_WAS,LV,WAS,Dylan Laube,00-0039407,RB,tgt,0.998,0.0,0.0,1.0,2.0,3.0
2025_03_LV_WAS,LV,WAS,Dylan Laube,00-0039407,RB,rec,0.773,0.0,0.0,0.0,1.0,2.0
2025_03_LV_WAS,LV,WAS,Dylan Laube,00-0039407,RB,rec_yds,5.828,0.0,0.0,0.0,8.484,18.74
2025_03_LV_WAS,LV,WAS,Dylan Laube,00-0039407,RB,anytime_td,0.058,0.0,0.0,0.0,0.0,0.0
2025_03_LV_WAS,LV,WAS,Michael Mayer,00-0039066,TE,car,0.001,0.0,0.0,0.0,0.0,0.0
2025_03_LV_WAS,LV,WAS,Michael Mayer,00-0039066,TE,rush_yds,0.002,0.0,0.0,0.0,0.0,0.0
2025_03_LV_WAS,LV,WAS,Michael Mayer,00-0039066,TE,tgt,2.579,0.0,1.0,2.0,4.0,5.0
2025_03_LV_WAS,LV,WAS,Michael Mayer,00-0039066,TE,rec,1.882,0.0,1.0,2.0,3.0,4.0
2025_03_LV_WAS,LV,WAS,Michael Mayer,00-0039066,TE,rec_yds,18.043,0.0,2.708,12.833,26.886,43.943
2025_03_LV_WAS,LV,WAS,Michael Mayer,00-0039066,TE,anytime_td,0.086,0.0,0.0,0.0,0.0,0.0
2025_03_LV_WAS,LV,WAS,Alex Bachman,00-0035602,WR,car,0.014,0.0,0.0,0.0,0.0,0.0
2025_03_LV_WAS,LV,WAS,Alex Bachman,00-0035602,WR,rush_yds,0.083,0.0,0.0,0.0,0.0,0.0
2025_03_LV_WAS,LV,WAS,Alex Bachman,00-0035602,WR,tgt,0.653,0.0,0.0,0.0,1.0,2.0
2025_03_LV_WAS,LV,WAS,Alex Bachman,00-0035602,WR,rec,0.413,0.0,0.0,0.0,1.0,1.0
2025_03_LV_WAS,LV,WAS,Alex Bachman,00-0035602,WR,rec_yds,5.033,0.0,0.0,0.0,4.719,18.317
2025_03_LV_WAS,LV,WAS,Alex Bachman,00-0035602,WR,anytime_td,0.014,0.0,0.0,0.0,0.0,0.0
2025_03_NO_SEA,SEA,NO,Sam Darnold,00-0034869,QB,att,30.193,20.0,26.0,31.0,36.0,41.0
2025_03_NO_SEA,SEA,NO,Sam Darnold,00-0034869,QB,cmp,20.523,13.0,17.0,21.0,25.0,28.0
2025_03_NO_SEA,SEA,NO,Sam Darnold,00-0034869,QB,pass_yds,226.266,134.681,179.138,225.536,274.416,326.29
2025_03_NO_SEA,SEA,NO,Sam Darnold,00-0034869,QB,pass_td,1.58,0.0,1.0,2.0,2.0,3.0
2025_03_NO_SEA,SEA,NO,Sam Darnold,00-0034869,QB,ints,0.605,0.0,0.0,0.0,1.0,2.0
2025_03_NO_SEA,SEA,NO,Sam Darnold,00-0034869,QB,car,3.043,1.0,1.0,3.0,4.0,6.0
2025_03_NO_SEA,SEA,NO,Sam Darnold,00-0034869,QB,rush_yds,10.761,-1.0,0.0,6.904,16.818,28.949
2025_03_NO_SEA,SEA,NO,Sam Darnold,00-0034869,QB,tgt,0.001,0.0,0.0,0.0,0.0,0.0
2025_03_NO_SEA,SEA,NO,Sam Darnold,00-0034869,QB,rec,0.001,0.0,0.0,0.0,0.0,0.0
2025_03_NO_SEA,SEA,NO,Sam Darnold,00-0034869,QB,rec_yds,0.003,0.0,0.0,0.0,0.0,0.0
2025_03_NO_SEA,SEA,NO,Sam Darnold,00-0034869,QB,anytime_td,0.053,0.0,0.0,0.0,0.0,0.0
2025_03_NO_SEA,SEA,NO,AJ Barner,00-0039793,TE,car,0.546,0.0,0.0,0.0,0.0,2.0
2025_03_NO_SEA,SEA,NO,AJ Barner,00-0039793,TE,rush_yds,1.354,0.0,0.0,0.0,0.0,4.354
2025_03_NO_SEA,SEA,NO,AJ Barner,00-0039793,TE,tgt,2.781,0.0,1.0,2.0,4.0,6.0
2025_03_NO_SEA,SEA,NO,AJ Barner,00-0039793,TE,rec,2.022,0.0,1.0,2.0,3.0,4.0
2025_03_NO_SEA,SEA,NO,AJ Barner,00-0039793,TE,rec_yds,19.924,0.0,4.557,14.877,29.5,46.962
2025_03_NO_SEA,SEA,NO,AJ Barner,00-0039793,TE,anytime_td,0.302,0.0,0.0,0.0,1.0,1.0
2025_03_NO_SEA,SEA,NO,Cooper Kupp,00-0033908,WR,car,0.041,0.0,0.0,0.0,0.0,0.0
2025_03_NO_SEA,SEA,NO,Cooper Kupp,00-0033908,WR,rush_yds,0.231,0.0,0.0,0.0,0.0,0.0
2025_03_NO_SEA,SEA,NO,Cooper Kupp,00-0033908,WR,tgt,6.568,3.0,4.0,6.0,8.0,11.0
2025_03_NO_SEA,SEA,NO,Cooper Kupp,00-0033908,WR,rec,4.392,2.0,3.0,4.0,6.0,8.0
2025_03_NO_SEA,SEA,NO,Cooper Kupp,00-0033908,WR,rec_yds,54.036,13.184,27.274,47.504,74.569,104.205
2025_03_NO_SEA,SEA,NO,Cooper Kupp,00-0033908,WR,anytime_td,0.219,0.0,0.0,0.0,0.0,1.0
2025_03_NO_SEA,SEA,NO,Kenneth Walker III,00-0038134,RB,car,15.731,8.0,11.0,15.0,20.0,24.0
2025_03_NO_SEA,SEA,NO,Kenneth Walker III,00-0038134,RB,rush_yds,69.343,24.882,40.395,62.828,90.706,121.26
2025_03_NO_SEA,SEA,NO,Kenneth Walker III,00-0038134,RB,tgt,3.395,1.0,2.0,3.0,5.0,7.0
2025_03_NO_SEA,SEA,NO,Kenneth Walker III,00-0038134,RB,rec,2.779,0.0,1.0,2.0,4.0,6.0
2025_03_NO_SEA,SEA,NO,Kenneth Walker III,00-0038134,RB,rec_yds,19.025,0.0,5.058,14.21,27.818,44.207
2025_03_NO_SEA,SEA,NO,Kenneth Walker III,00-0038134,RB,anytime_td,0.438,0.0,0.0,0.0,1.0,1.0
2025_03_NO_SEA,SEA,NO,Tory Horton,00-0040648,WR,car,0.023,0.0,0.0,0.0,0.0,0.0
2025_03_NO_SEA,SEA,NO,Tory Horton,00-0040648,WR,rush_yds,0.126,0.0,0.0,0.0,0.0,0.0
2025_03_NO_SEA,SEA,NO,Tory Horton,00-0040648,WR,tgt,2.469,0.0,1.0,2.0,4.0,5.0
2025_03_NO_SEA,SEA,NO,Tory Horton,00-0040648,WR,rec,1.543,0.0,0.0,1.0,2.0,4.0
2025_03_NO_SEA,SEA,NO,Tory Horton,00-0040648,WR,rec_yds,19.856,0.0,0.0,12.882,30.117,51.213
2025_03_NO_SEA,SEA,NO,Tory Horton,00-0040648,WR,anytime_td,0.251,0.0,0.0,0.0,1.0,1.0
2025_03_NO_SEA,SEA,NO,Elijah Arroyo,00-0040739,TE,car,0.002,0.0,0.0,0.0,0.0,0.0
2025_03_NO_SEA,SEA,NO,Elijah Arroyo,00-0040739,TE,rush_yds,0.003,0.0,0.0,0.0,0.0,0.0
2025_03_NO_SEA,SEA,NO,Elijah Arroyo,00-0040739,TE,tgt,2.205,0.0,1.0,2.0,3.0,5.0
2025_03_NO_SEA,SEA,NO,Elijah Arroyo,00-0040739,TE,rec,1.609,0.0,0.0,1.0,2.0,4.0
2025_03_NO_SEA,SEA,NO,Elijah Arroyo,00-0040739,TE,rec_yds,16.79,0.0,0.0,11.508,25.148,41.478
2025_03_NO_SEA,SEA,NO,Elijah Arroyo,00-0040739,TE,anytime_td,0.067,0.0,0.0,0.0,0.0,0.0
2025_03_NO_SEA,SEA,NO,Jaxon Smith-Njigba,00-0038543,WR,car,0.308,0.0,0.0,0.0,0.0,1.0
2025_03_NO_SEA,SEA,NO,Jaxon Smith-Njigba,00-0038543,WR,rush_yds,1.675,0.0,0.0,0.0,0.0,2.272
2025_03_NO_SEA,SEA,NO,Jaxon Smith-Njigba,00-0038543,WR,tgt,9.879,5.0,7.0,9.0,12.0,15.0
2025_03_NO_SEA,SEA,NO,Jaxon Smith-Njigba,00-0038543,WR,rec,6.884,3.0,5.0,7.0,9.0,11.0
2025_03_NO_SEA,SEA,NO,Jaxon Smith-Njigba,00-0038543,WR,rec_yds,86.961,32.613,52.385,80.529,114.448,149.056
2025_03_NO_SEA,SEA,NO,Jaxon Smith-Njigba,00-0038543,WR,anytime_td,0.308,0.0,0.0,0.0,1.0,1.0
2025_03_NO_SEA,SEA,NO,Eric Saubert,00-0033576,TE,car,0.004,0.0,0.0,0.0,0.0,0.0
2025_03_NO_SEA,SEA,NO,Eric Saubert,00-0033576,TE,rush_yds,0.005,0.0,0.0,0.0,0.0,0.0
2025_03_NO_SEA,SEA,NO,Eric Saubert,00-0033576,TE,tgt,0.639,0.0,0.0,0.0,1.0,2.0
2025_03_NO_SEA,SEA,NO,Eric Saubert,00-0033576,TE,rec,0.465,0.0,0.0,0.0,1.0,1.0
2025_03_NO_SEA,SEA,NO,Eric Saubert,00-0033576,TE,rec_yds,4.712,0.0,0.0,0.0,6.022,16.623
2025_03_NO_SEA,SEA,NO,Eric Saubert,00-0033576,TE,anytime_td,0.039,0.0,0.0,0.0,0.0,0.0
2025_03_NO_SEA,SEA,NO,George Holani,00-0039299,RB,car,2.915,0.0,1.0,2.0,4.0,7.0
2025_03_NO_SEA,SEA,NO,George Holani,00-0039299,RB,rush_yds,12.854,0.0,0.0,6.705,18.506,35.192
2025_03_NO_SEA,SEA,NO,George Holani,00-0039299,RB,tgt,0.652,0.0,0.0,0.0,1.0,2.0
2025_03_NO_SEA,SEA,NO,George Holani,00-0039299,RB,rec,0.527,0.0,0.0,0.0,1.0,2.0
2025_03_NO_SEA,SEA,NO,George Holani,00-0039299,RB,rec_yds,3.88,0.0,0.0,0.0,4.249,13.206
2025_03_NO_SEA,SEA,NO,George Holani,00-0039299,RB,anytime_td,0.096,0.0,0.0,0.0,0.0,0.0
2025_03_NO_SEA,SEA,NO,Jake Bobo,00-0038752,WR,car,0.016,0.0,0.0,0.0,0.0,0.0
2025_03_NO_SEA,SEA,NO,Jake Bobo,00-0038752,WR,rush_yds,0.083,0.0,0.0,0.0,0.0,0.0
2025_03_NO_SEA,SEA,NO,Jake Bobo,00-0038752,WR,tgt,0.782,0.0,0.0,0.0,1.0,2.0
2025_03_NO_SEA,SEA,NO,Jake Bobo,00-0038752,WR,rec,0.511,0.0,0.0,0.0,1.0,2.0
2025_03_NO_SEA,SEA,NO,Jake Bobo,00-0038752,WR,rec_yds,6.356,0.0,0.0,0.0,8.025,22.165
2025_03_NO_SEA,SEA,NO,Jake Bobo,00-0038752,WR,anytime_td,0.068,0.0,0.0,0.0,0.0,0.0
2025_03_NO_SEA,SEA,NO,Robbie Ouzts,00-0040649,RB,car,0.767,0.0,0.0,0.0,1.0,3.0
2025_03_NO_SEA,SEA,NO,Robbie Ouzts,00-0040649,RB,rush_yds,3.422,0.0,0.0,0.0,2.242,10.965
2025_03_NO_SEA,SEA,NO,Robbie Ouzts,00-0040649,RB,tgt,0.202,0.0,0.0,0.0,0.0,1.0
2025_03_NO_SEA,SEA,NO,Robbie Ouzts,00-0040649,RB,rec,0.162,0.0,0.0,0.0,0.0,1.0
2025_03_NO_SEA,SEA,NO,Robbie Ouzts,00-0040649,RB,rec_yds,1.169,0.0,0.0,0.0,0.0,2.153
2025_03_NO_SEA,SEA,NO,Robbie Ouzts,00-0040649,RB,anytime_td,0.018,0.0,0.0,0.0,0.0,0.0
2025_03_NO_SEA,SEA,NO,Brady Russell,00-0038488,RB,car,0.758,0.0,0.0,0.0,1.0,3.0
2025_03_NO_SEA,SEA,NO,Brady Russell,00-0038488,RB,rush_yds,3.192,0.0,0.0,0.0,1.955,10.696
2025_03_NO_SEA,SEA,NO,Brady Russell,00-0038488,RB,tgt,0.127,0.0,0.0,0.0,0.0,0.0
2025_03_NO_SEA,SEA,NO,Brady Russell,00-0038488,RB,rec,0.098,0.0,0.0,0.0,0.0,0.0
2025_03_NO_SEA,SEA,NO,Brady Russell,00-0038488,RB,rec_yds,0.707,0.0,0.0,0.0,0.0,0.0
2025_03_NO_SEA,SEA,NO,Brady Russell,00-0038488,RB,anytime_td,0.014,0.0,0.0,0.0,0.0,0.0
2025_03_NO_SEA,SEA,NO,Jacardia Wright,00-0040067,RB,car,3.378,0.0,1.0,2.0,5.0,8.0
2025_03_NO_SEA,SEA,NO,Jacardia Wright,00-0040067,RB,rush_yds,14.619,0.0,1.074,8.196,21.04,38.312
2025_03_NO_SEA,SEA,NO,Jacardia Wright,00-0040067,RB,tgt,0.777,0.0,0.0,0.0,1.0,2.0
2025_03_NO_SEA,SEA,NO,Jacardia Wright,00-0040067,RB,rec,0.618,0.0,0.0,0.0,1.0,2.0
2025_03_NO_SEA,SEA,NO,Jacardia Wright,00-0040067,RB,rec_yds,4.453,0.0,0.0,0.0,5.668,15.13
2025_03_NO_SEA,SEA,NO,Jacardia Wright,00-0040067,RB,anytime_td,0.136,0.0,0.0,0.0,0.0,1.0
2025_03_NO_SEA,NO,SEA,Spencer Rattler,00-0039376,QB,att,31.176,21.0,27.0,32.0,37.0,42.0
2025_03_NO_SEA,NO,SEA,Spencer Rattler,00-0039376,QB,cmp,19.561,12.0,16.0,20.0,24.0,27.0
2025_03_NO_SEA,NO,SEA,Spencer Rattler,00-0039376,QB,pass_yds,194.666,111.617,150.479,193.293,239.428,283.239
2025_03_NO_SEA,NO,SEA,Spencer Rattler,00-0039376,QB,pass_td,1.039,0.0,0.0,1.0,2.0,2.0
2025_03_NO_SEA,NO,SEA,Spencer Rattler,00-0039376,QB,ints,0.77,0.0,0.0,1.0,1.0,2.0
2025_03_NO_SEA,NO,SEA,Spencer Rattler,00-0039376,QB,car,3.464,1.0,2.0,3.0,5.0,7.0
2025_03_NO_SEA,NO,SEA,Spencer Rattler,00-0039376,QB,rush_yds,17.081,0.0,4.935,12.919,25.416,39.555
2025_03_NO_SEA,NO,SEA,Spencer Rattler,00-0039376,QB,tgt,0.001,0.0,0.0,0.0,0.0,0.0
2025_03_NO_SEA,NO,SEA,Spencer Rattler,00-0039376,QB,rec,0.001,0.0,0.0,0.0,0.0,0.0
2025_03_NO_SEA,NO,SEA,Spencer Rattler,00-0039376,QB,rec_yds,0.005,0.0,0.0,0.0,0.0,0.0
2025_03_NO_SEA,NO,SEA,Spencer Rattler,00-0039376,QB,anytime_td,0.037,0.0,0.0,0.0,0.0,0.0
2025_03_NO_SEA,NO,SEA,Juwan Johnson,00-0036040,TE,car,0.002,0.0,0.0,0.0,0.0,0.0
2025_03_NO_SEA,NO,SEA,Juwan Johnson,00-0036040,TE,rush_yds,0.003,0.0,0.0,0.0,0.0,0.0
2025_03_NO_SEA,NO,SEA,Juwan Johnson,00-0036040,TE,tgt,5.856,2.0,4.0,6.0,8.0,10.0
2025_03_NO_SEA,NO,SEA,Juwan Johnson,00-0036040,TE,rec,4.0,1.0,2.0,4.0,5.0,7.0
2025_03_NO_SEA,NO,SEA,Juwan Johnson,00-0036040,TE,rec_yds,38.75,7.618,18.136,33.985,53.759,75.249
2025_03_NO_SEA,NO,SEA,Juwan Johnson,00-0036040,TE,anytime_td,0.193,0.0,0.0,0.0,0.0,1.0
2025_03_NO_SEA,NO,SEA,Chris Olave,00-0037239,WR,car,0.043,0.0,0.0,0.0,0.0,0.0
2025_03_NO_SEA,NO,SEA,Chris Olave,00-0037239,WR,rush_yds,0.221,0.0,0.0,0.0,0.0,0.0
2025_03_NO_SEA,NO,SEA,Chris Olave,00-0037239,WR,tgt,6.731,3.0,4.0,6.0,9.0,11.0
2025_03_NO_SEA,NO,SEA,Chris Olave,00-0037239,WR,rec,4.093,1.0,2.0,4.0,5.0,7.0
2025_03_NO_SEA,NO,SEA,Chris Olave,00-0037239,WR,rec_yds,44.062,9.424,20.903,38.314,61.439,86.702
2025_03_NO_SEA,NO,SEA,Chris Olave,00-0037239,WR,anytime_td,0.126,0.0,0.0,0.0,0.0,1.0
2025_03_NO_SEA,NO,SEA,Rashid Shaheed,00-0037545,WR,car,0.375,0.0,0.0,0.0,0.0,1.0
2025_03_NO_SEA,NO,SEA,Rashid Shaheed,00-0037545,WR,rush_yds,1.911,0.0,0.0,0.0,0.0,5.404
2025_03_NO_SEA,NO,SEA,Rashid Shaheed,00-0037545,WR,tgt,5.453,2.0,3.0,5.0,7.0,9.0
2025_03_NO_SEA,NO,SEA,Rashid Shaheed,00-0037545,WR,rec,3.304,1.0,2.0,3.0,5.0,6.0
2025_03_NO_SEA,NO,SEA,Rashid Shaheed,00-0037545,WR,rec_yds,38.083,5.543,15.701,31.94,53.359,77.548
2025_03_NO_SEA,NO,SEA,Rashid Shaheed,00-0037545,WR,anytime_td,0.224,0.0,0.0,0.0,0.0,1.0
2025_03_NO_SEA,NO,SEA,Alvin Kamara,00-0033906,RB,car,14.973,7.0,10.0,14.0,19.0,23.0
2025_03_NO_SEA,NO,SEA,Alvin Kamara,00-0033906,RB,rush_yds,59.618,21.157,34.048,53.097,78.746,107.077
2025_03_NO_SEA,NO,SEA,Alvin Kamara,00-0033906,RB,tgt,4.505,1.0,3.0,4.0,6.0,8.0
2025_03_NO_SEA,NO,SEA,Alvin Kamara,00-0033906,RB,rec,3.568,1.0,2.0,3.0,5.0,7.0
2025_03_NO_SEA,NO,SEA,Alvin Kamara,00-0033906,RB,rec_yds,23.222,1.953,8.938,19.075,33.437,49.215
2025_03_NO_SEA,NO,SEA,Alvin Kamara,00-0033906,RB,anytime_td,0.326,0.0,0.0,0.0,1.0,1.0
2025_03_NO_SEA,NO,SEA,Brandin Cooks,00-0031236,WR,car,0.116,0.0,0.0,0.0,0.0,0.0
2025_03_NO_SEA,NO,SEA,Brandin Cooks,00-0031236,WR,rush_yds,0.616,0.0,0.0,0.0,0.0,0.0
2025_03_NO_SEA,NO,SEA,Brandin Cooks,00-0031236,WR,tgt,3.199,1.0,1.0,3.0,5.0,6.0
2025_03_NO_SEA,NO,SEA,Brandin Cooks,00-0031236,WR,rec,1.993,0.0,1.0,2.0,3.0,4.0
2025_03_NO_SEA,NO,SEA,Brandin Cooks,00-0031236,WR,rec_yds,22.375,0.0,4.858,16.336,32.45,53.709
2025_03_NO_SEA,NO,SEA,Brandin Cooks,00-0031236,WR,anytime_td,0.098,0.0,0.0,0.0,0.0,0.0
2025_03_NO_SEA,NO,SEA,Kevin Austin Jr.,00-0037231,WR,car,0.123,0.0,0.0,0.0,0.0,0.0
2025_03_NO_SEA,NO,SEA,Kevin Austin Jr.,00-0037231,WR,rush_yds,0.596,0.0,0.0,0.0,0.0,0.0
2025_03_NO_SEA,NO,SEA,Kevin Austin Jr.,00-0037231,WR,tgt,2.236,0.0,1.0,2.0,3.0,5.0
2025_03_NO_SEA,NO,SEA,Kevin Austin Jr.,00-0037231,WR,rec,1.358,0.0,0.0,1.0,2.0,3.0
2025_03_NO_SEA,NO,SEA,Kevin Austin Jr.,00-0037231,WR,rec_yds,16.123,0.0,0.0,9.499,23.855,44.331
2025_03_NO_SEA,NO,SEA,Kevin Austin Jr.,00-0037231,WR,anytime_td,0.049,0.0,0.0,0.0,0.0,0.0
2025_03_NO_SEA,NO,SEA,Kendre Miller,00-0038551,RB,car,6.089,1.0,3.0,5.0,8.0,12.0
2025_03_NO_SEA,NO,SEA,Kendre Miller,00-0038551,RB,rush_yds,23.179,1.808,7.401,17.582,32.743,51.923
2025_03_NO_SEA,NO,SEA,Kendre Miller,00-0038551,RB,tgt,0.789,0.0,0.0,0.0,1.0,2.0
2025_03_NO_SEA,NO,SEA,Kendre Miller,00-0038551,RB,rec,0.606,0.0,0.0,0.0,1.0,2.0
2025_03_NO_SEA,NO,SEA,Kendre Miller,00-0038551,RB,rec_yds,4.034,0.0,0.0,0.0,5.708,13.907
2025_03_NO_SEA,NO,SEA,Kendre Miller,00-0038551,RB,anytime_td,0.124,0.0,0.0,0.0,0.0,1.0
2025_03_NO_SEA,NO,SEA,Mason Tipton,00-0039623,WR,car,0.017,0.0,0.0,0.0,0.0,0.0
2025_03_NO_SEA,NO,SEA,Mason Tipton,00-0039623,WR,rush_yds,0.121,0.0,0.0,0.0,0.0,0.0
2025_03_NO_SEA,NO,SEA,Mason Tipton,00-0039623,WR,tgt,2.156,0.0,1.0,2.0,3.0,5.0
2025_03_NO_SEA,NO,SEA,Mason Tipton,00-0039623,WR,rec,1.29,0.0,0.0,1.0,2.0,3.0
2025_03_NO_SEA,NO,SEA,Mason Tipton,00-0039623,WR,rec_yds,14.657,0.0,0.0,8.181,22.007,40.049
2025_03_NO_SEA,NO,SEA,Mason Tipton,00-0039623,WR,anytime_td,0.05,0.0,0.0,0.0,0.0,0.0
2025_03_NO_SEA,NO,SEA,Treyton Welch,00-0039518,TE,car,0.006,0.0,0.0,0.0,0.0,0.0
2025_03_NO_SEA,NO,SEA,Treyton Welch,00-0039518,TE,rush_yds,0.021,0.0,0.0,0.0,0.0,0.0
2025_03_NO_SEA,NO,SEA,Treyton Welch,00-0039518,TE,tgt,0.809,0.0,0.0,0.0,1.0,2.0
2025_03_NO_SEA,NO,SEA,Treyton Welch,00-0039518,TE,rec,0.567,0.0,0.0,0.0,1.0,2.0
2025_03_NO_SEA,NO,SEA,Treyton Welch,00-0039518,TE,rec_yds,5.404,0.0,0.0,0.0,7.521,18.663
2025_03_NO_SEA,NO,SEA,Treyton Welch,00-0039518,TE,anytime_td,0.021,0.0,0.0,0.0,0.0,0.0
2025_03_NYJ_TB,TB,NYJ,Baker Mayfield,00-0034855,QB,att,29.427,19.0,25.0,30.0,35.0,40.0
2025_03_NYJ_TB,TB,NYJ,Baker Mayfield,00-0034855,QB,cmp,19.842,12.0,16.0,20.0,24.0,27.0
2025_03_NYJ_TB,TB,NYJ,Baker Mayfield,00-0034855,QB,pass_yds,220.315,129.778,170.826,219.124,269.502,321.635
2025_03_NYJ_TB,TB,NYJ,Baker Mayfield,00-0034855,QB,pass_td,1.69,0.0,1.0,2.0,2.0,3.0
2025_03_NYJ_TB,TB,NYJ,Baker Mayfield,00-0034855,QB,ints,0.545,0.0,0.0,0.0,1.0,2.0
2025_03_NYJ_TB,TB,NYJ,Baker Mayfield,00-0034855,QB,car,4.002,1.0,2.0,4.0,5.0,7.0
2025_03_NYJ_TB,TB,NYJ,Baker Mayfield,00-0034855,QB,rush_yds,20.944,0.0,6.457,17.034,30.674,46.277
2025_03_NYJ_TB,TB,NYJ,Baker Mayfield,00-0034855,QB,tgt,0.001,0.0,0.0,0.0,0.0,0.0
2025_03_NYJ_TB,TB,NYJ,Baker Mayfield,00-0034855,QB,rec,0.001,0.0,0.0,0.0,0.0,0.0
2025_03_NYJ_TB,TB,NYJ,Baker Mayfield,00-0034855,QB,rec_yds,0.008,0.0,0.0,0.0,0.0,0.0
2025_03_NYJ_TB,TB,NYJ,Baker Mayfield,00-0034855,QB,anytime_td,0.088,0.0,0.0,0.0,0.0,0.0
2025_03_NYJ_TB,TB,NYJ,Cade Otton,00-0038129,TE,car,0.015,0.0,0.0,0.0,0.0,0.0
2025_03_NYJ_TB,TB,NYJ,Cade Otton,00-0038129,TE,rush_yds,0.037,0.0,0.0,0.0,0.0,0.0
2025_03_NYJ_TB,TB,NYJ,Cade Otton,00-0038129,TE,tgt,4.337,1.0,2.0,4.0,6.0,8.0
2025_03_NYJ_TB,TB,NYJ,Cade Otton,00-0038129,TE,rec,3.084,1.0,2.0,3.0,4.0,6.0
2025_03_NYJ_TB,TB,NYJ,Cade Otton,00-0038129,TE,rec_yds,32.854,3.556,12.807,27.624,47.269,68.157
2025_03_NYJ_TB,TB,NYJ,Cade Otton,00-0038129,TE,anytime_td,0.154,0.0,0.0,0.0,0.0,1.0
2025_03_NYJ_TB,TB,NYJ,Bucky Irving,00-0039361,RB,car,16.445,9.0,12.0,16.0,20.0,25.0
2025_03_NYJ_TB,TB,NYJ,Bucky Irving,00-0039361,RB,rush_yds,72.076,27.008,42.683,64.833,94.095,127.052
2025_03_NYJ_TB,TB,NYJ,Bucky Irving,00-0039361,RB,tgt,3.556,1.0,2.0,3.0,5.0,7.0
2025_03_NYJ_TB,TB,NYJ,Bucky Irving,00-0039361,RB,rec,3.055,1.0,1.0,3.0,4.0,6.0
2025_03_NYJ_TB,TB,NYJ,Bucky Irving,00-0039361,RB,rec_yds,22.594,0.0,7.085,17.856,32.145,50.664
2025_03_NYJ_TB,TB,NYJ,Bucky Irving,00-0039361,RB,anytime_td,0.505,0.0,0.0,1.0,1.0,1.0
2025_03_NYJ_TB,TB,NYJ,Mike Evans,00-0031408,WR,car,0.014,0.0,0.0,0.0,0.0,0.0
2025_03_NYJ_TB,TB,NYJ,Mike Evans,00-0031408,WR,rush_yds,0.102,0.0,0.0,0.0,0.0,0.0
2025_03_NYJ_TB,TB,NYJ,Mike Evans,00-0031408,WR,tgt,7.96,4.0,5.0,8.0,10.0,13.0
2025_03_NYJ_TB,TB,NYJ,Mike Evans,00-0031408,WR,rec,5.19,2.0,3.0,5.0,7.0,9.0
2025_03_NYJ_TB,TB,NYJ,Mike Evans,00-0031408,WR,rec_yds,66.174,18.655,35.848,59.766,89.075,122.688
2025_03_NYJ_TB,TB,NYJ,Mike Evans,00-0031408,WR,anytime_td,0.288,0.0,0.0,0.0,1.0,1.0
2025_03_NYJ_TB,TB,NYJ,Emeka Egbuka,00-0040129,WR,car,0.495,0.0,0.0,0.0,0.0,2.0
2025_03_NYJ_TB,TB,NYJ,Emeka Egbuka,00-0040129,WR,rush_yds,2.791,0.0,0.0,0.0,0.0,9.114
2025_03_NYJ_TB,TB,NYJ,Emeka Egbuka,00-0040129,WR,tgt,4.959,2.0,3.0,5.0,7.0,9.0
2025_03_NYJ_TB,TB,NYJ,Emeka Egbuka,00-0040129,WR,rec,3.238,1.0,2.0,3.0,4.0,6.0
2025_03_NYJ_TB,TB,NYJ,Emeka Egbuka,00-0040129,WR,rec_yds,40.965,5.298,16.781,34.596,58.324,84.124
2025_03_NYJ_TB,TB,NYJ,Emeka Egbuka,00-0040129,WR,anytime_td,0.437,0.0,0.0,0.0,1.0,1.0
2025_03_NYJ_TB,TB,NYJ,Sterling Shepard,00-0032385,WR,car,0.209,0.0,0.0,0.0,0.0,0.0
2025_03_NYJ_TB,TB,NYJ,Sterling Shepard,00-0032385,WR,rush_yds,1.175,0.0,0.0,0.0,0.0,0.0
2025_03_NYJ_TB,TB,NYJ,Sterling Shepard,00-0032385,WR,tgt,3.574,1.0,2.0,3.0,5.0,7.0
2025_03_NYJ_TB,TB,NYJ,Sterling Shepard,00-0032385,WR,rec,2.399,0.0,1.0,2.0,3.0,5.0
2025_03_NYJ_TB,TB,NYJ,Sterling Shepard,00-0032385,WR,rec_yds,29.539,0.0,8.681,23.39,43.356,66.509
2025_03_NYJ_TB,TB,NYJ,Sterling Shepard,00-0032385,WR,anytime_td,0.086,0.0,0.0,0.0,0.0,0.0
2025_03_NYJ_TB,TB,NYJ,Payne Durham,00-0039050,TE,car,0.002,0.0,0.0,0.0,0.0,0.0
2025_03_NYJ_TB,TB,NYJ,Payne Durham,00-0039050,TE,rush_yds,0.001,0.0,0.0,0.0,0.0,0.0
2025_03_NYJ_TB,TB,NYJ,Payne Durham,00-0039050,TE,tgt,1.007,0.0,0.0,1.0,2.0,3.0
2025_03_NYJ_TB,TB,NYJ,Payne Durham,00-0039050,TE,rec,0.751,0.0,0.0,0.0,1.0,2.0
2025_03_NYJ_TB,TB,NYJ,Payne Durham,00-0039050,TE,rec_yds,8.104,0.0,0.0,0.0,12.101,25.729
2025_03_NYJ_TB,TB,NYJ,Payne Durham,00-0039050,TE,anytime_td,0.078,0.0,0.0,0.0,0.0,0.0
2025_03_NYJ_TB,TB,NYJ,Tez Johnson,00-0040237,WR,car,0.04,0.0,0.0,0.0,0.0,0.0
2025_03_NYJ_TB,TB,NYJ,Tez Johnson,00-0040237,WR,rush_yds,0.191,0.0,0.0,0.0,0.0,0.0
2025_03_NYJ_TB,TB,NYJ,Tez Johnson,00-0040237,WR,tgt,1.175,0.0,0.0,1.0,2.0,3.0
2025_03_NYJ_TB,TB,NYJ,Tez Johnson,00-0040237,WR,rec,0.76,0.0,0.0,0.0,1.0,2.0
2025_03_NYJ_TB,TB,NYJ,Tez Johnson,00-0040237,WR,rec_yds,10.018,0.0,0.0,0.0,14.666,31.097
2025_03_NYJ_TB,TB,NYJ,Tez Johnson,00-0040237,WR,anytime_td,0.036,0.0,0.0,0.0,0.0,0.0
2025_03_NYJ_TB,TB,NYJ,Rachaad White,00-0037256,RB,car,7.77,2.0,4.0,7.0,11.0,15.0
2025_03_NYJ_TB,TB,NYJ,Rachaad White,00-0037256,RB,rush_yds,35.615,5.207,14.156,28.257,50.146,74.97
2025_03_NYJ_TB,TB,NYJ,Rachaad White,00-0037256,RB,tgt,1.965,0.0,1.0,2.0,3.0,4.0
2025_03_NYJ_TB,TB,NYJ,Rachaad White,00-0037256,RB,rec,1.662,0.0,0.0,1.0,2.0,4.0
2025_03_NYJ_TB,TB,NYJ,Rachaad White,00-0037256,RB,rec_yds,11.534,0.0,0.0,7.059,17.172,30.365
2025_03_NYJ_TB,TB,NYJ,Rachaad White,00-0037256,RB,anytime_td,0.368,0.0,0.0,0.0,1.0,1.0
2025_03_NYJ_TB,TB,NYJ,Ryan Miller,00-0038824,WR,car,0.01,0.0,0.0,0.0,0.0,0.0
2025_03_NYJ_TB,TB,NYJ,Ryan Miller,00-0038824,WR,rush_yds,0.034,0.0,0.0,0.0,0.0,0.0
2025_03_NYJ_TB,TB,NYJ,Ryan Miller,00-0038824,WR,tgt,1.198,0.0,0.0,1.0,2.0,3.0
2025_03_NYJ_TB,TB,NYJ,Ryan Miller,00-0038824,WR,rec,0.785,0.0,0.0,0.0,1.0,2.0
2025_03_NYJ_TB,TB,NYJ,Ryan Miller,00-0038824,WR,rec_yds,10.155,0.0,0.0,0.0,14.696,32.328
2025_03_NYJ_TB,TB,NYJ,Ryan Miller,00-0038824,WR,anytime_td,0.127,0.0,0.0,0.0,0.0,1.0
2025_03_NYJ_TB,NYJ,TB,Garrett Wilson,00-0037740,WR,car,0.083,0.0,0.0,0.0,0.0,0.0
2025_03_NYJ_TB,NYJ,TB,Garrett Wilson,00-0037740,WR,rush_yds,0.421,0.0,0.0,0.0,0.0,0.0
2025_03_NYJ_TB,NYJ,TB,Garrett Wilson,00-0037740,WR,tgt,10.091,5.0,7.0,10.0,13.0,15.0
2025_03_NYJ_TB,NYJ,TB,Garrett Wilson,00-0037740,WR,rec,6.322,3.0,4.0,6.0,8.0,10.0
2025_03_NYJ_TB,NYJ,TB,Garrett Wilson,00-0037740,WR,rec_yds,76.814,26.773,45.361,70.333,102.355,136.062
2025_03_NYJ_TB,NYJ,TB,Garrett Wilson,00-0037740,WR,anytime_td,0.245,0.0,0.0,0.0,0.0,1.0
2025_03_NYJ_TB,NYJ,TB,Tyrod Taylor,00-0028118,QB,att,29.686,20.0,25.0,30.0,35.0,40.0
2025_03_NYJ_TB,NYJ,TB,Tyrod Taylor,00-0028118,QB,cmp,18.695,12.0,15.0,19.0,23.0,26.0
2025_03_NYJ_TB,NYJ,TB,Tyrod Taylor,00-0028118,QB,pass_yds,198.441,111.22,153.778,196.795,244.807,292.687
2025_03_NYJ_TB,NYJ,TB,Tyrod Taylor,00-0028118,QB,pass_td,1.116,0.0,0.0,1.0,2.0,2.0
2025_03_NYJ_TB,NYJ,TB,Tyrod Taylor,00-0028118,QB,ints,0.635,0.0,0.0,0.0,1.0,2.0
2025_03_NYJ_TB,NYJ,TB,Tyrod Taylor,00-0028118,QB,car,3.696,1.0,2.0,3.0,5.0,7.0
2025_03_NYJ_TB,NYJ,TB,Tyrod Taylor,00-0028118,QB,rush_yds,20.743,0.0,6.853,16.794,30.33,44.228
2025_03_NYJ_TB,NYJ,TB,Tyrod Taylor,00-0028118,QB,tgt,0.001,0.0,0.0,0.0,0.0,0.0
2025_03_NYJ_TB,NYJ,TB,Tyrod Taylor,00-0028118,QB,rec,0.0,0.0,0.0,0.0,0.0,0.0
2025_03_NYJ_TB,NYJ,TB,Tyrod Taylor,00-0028118,QB,rec_yds,0.003,0.0,0.0,0.0,0.0,0.0
2025_03_NYJ_TB,NYJ,TB,Tyrod Taylor,00-0028118,QB,anytime_td,0.027,0.0,0.0,0.0,0.0,0.0
2025_03_NYJ_TB,NYJ,TB,Arian Smith,00-0040582,WR,car,0.411,0.0,0.0,0.0,0.0,1.0
2025_03_NYJ_TB,NYJ,TB,Arian Smith,00-0040582,WR,rush_yds,1.917,0.0,0.0,0.0,0.0,5.963
2025_03_NYJ_TB,NYJ,TB,Arian Smith,00-0040582,WR,tgt,1.897,0.0,1.0,2.0,3.0,4.0
2025_03_NYJ_TB,NYJ,TB,Arian Smith,00-0040582,WR,rec,1.127,0.0,0.0,1.0,2.0,3.0
2025_03_NYJ_TB,NYJ,TB,Arian Smith,00-0040582,WR,rec_yds,14.075,0.0,0.0,7.3,20.859,39.088
2025_03_NYJ_TB,NYJ,TB,Arian Smith,00-0040582,WR,anytime_td,0.04,0.0,0.0,0.0,0.0,0.0
2025_03_NYJ_TB,NYJ,TB,Mason Taylor,00-0040736,TE,car,0.001,0.0,0.0,0.0,0.0,0.0
2025_03_NYJ_TB,NYJ,TB,Mason Taylor,00-0040736,TE,rush_yds,0.003,0.0,0.0,0.0,0.0,0.0
2025_03_NYJ_TB,NYJ,TB,Mason Taylor,00-0040736,TE,tgt,2.194,0.0,1.0,2.0,3.0,5.0
2025_03_NYJ_TB,NYJ,TB,Mason Taylor,00-0040736,TE,rec,1.518,0.0,0.0,1.0,2.0,3.0
2025_03_NYJ_TB,NYJ,TB,Mason Taylor,00-0040736,TE,rec_yds,15.482,0.0,0.0,10.18,23.903,40.104
2025_03_NYJ_TB,NYJ,TB,Mason Taylor,00-0040736,TE,anytime_td,0.04,0.0,0.0,0.0,0.0,0.0
2025_03_NYJ_TB,NYJ,TB,Tyler Johnson,00-0036427,WR,car,0.014,0.0,0.0,0.0,0.0,0.0
2025_03_NYJ_TB,NYJ,TB,Tyler Johnson,00-0036427,WR,rush_yds,0.084,0.0,0.0,0.0,0.0,0.0
2025_03_NYJ_TB,NYJ,TB,Tyler Johnson,00-0036427,WR,tgt,2.671,0.0,1.0,2.0,4.0,5.0
2025_03_NYJ_TB,NYJ,TB,Tyler Johnson,00-0036427,WR,rec,1.614,0.0,1.0,1.0,2.0,4.0
2025_03_NYJ_TB,NYJ,TB,Tyler Johnson,00-0036427,WR,rec_yds,20.112,0.0,0.0,13.765,30.249,50.887
2025_03_NYJ_TB,NYJ,TB,Tyler Johnson,00-0036427,WR,anytime_td,0.074,0.0,0.0,0.0,0.0,0.0
2025_03_NYJ_TB,NYJ,TB,Breece Hall,00-0038120,RB,car,13.396,6.0,9.0,13.0,17.0,21.0
2025_03_NYJ_TB,NYJ,TB,Breece Hall,00-0038120,RB,rush_yds,51.97,17.238,28.795,46.091,69.171,94.498
2025_03_NYJ_TB,NYJ,TB,Breece Hall,00-0038120,RB,tgt,4.683,1.0,3.0,4.0,6.0,8.0
2025_03_NYJ_TB,NYJ,TB,Breece Hall,00-0038120,RB,rec,3.404,1.0,2.0,3.0,5.0,6.0
2025_03_NYJ_TB,NYJ,TB,Breece Hall,00-0038120,RB,rec_yds,26.707,1.167,9.723,21.769,38.162,57.484
2025_03_NYJ_TB,NYJ,TB,Breece Hall,00-0038120,RB,anytime_td,0.297,0.0,0.0,0.0,1.0,1.0
2025_03_NYJ_TB,NYJ,TB,Jeremy Ruckert,00-0037805,TE,car,0.003,0.0,0.0,0.0,0.0,0.0
2025_03_NYJ_TB,NYJ,TB,Jeremy Ruckert,00-0037805,TE,rush_yds,0.01,0.0,0.0,0.0,0.0,0.0
2025_03_NYJ_TB,NYJ,TB,Jeremy Ruckert,00-0037805,TE,tgt,1.989,0.0,1.0,2.0,3.0,4.0
2025_03_NYJ_TB,NYJ,TB,Jeremy Ruckert,00-0037805,TE,rec,1.395,0.0,0.0,1.0,2.0,3.0
2025_03_NYJ_TB,NYJ,TB,Jeremy Ruckert,00-0037805,TE,rec_yds,13.431,0.0,0.0,8.614,20.995,34.349
2025_03_NYJ_TB,NYJ,TB,Jeremy Ruckert,00-0037805,TE,anytime_td,0.119,0.0,0.0,0.0,0.0,1.0
2025_03_NYJ_TB,NYJ,TB,Braelon Allen,00-0039794,RB,car,4.686,1.0,2.0,4.0,7.0,10.0
2025_03_NYJ_TB,NYJ,TB,Braelon Allen,00-0039794,RB,rush_yds,17.001,0.0,4.235,11.521,23.782,40.373
2025_03_NYJ_TB,NYJ,TB,Braelon Allen,00-0039794,RB,tgt,1.353,0.0,0.0,1.0,2.0,3.0
2025_03_NYJ_TB,NYJ,TB,Braelon Allen,00-0039794,RB,rec,0.983,0.0,0.0,1.0,2.0,3.0
2025_03_NYJ_TB,NYJ,TB,Braelon Allen,00-0039794,RB,rec_yds,7.323,0.0,0.0,1.71,10.981,21.659
2025_03_NYJ_TB,NYJ,TB,Braelon Allen,00-0039794,RB,anytime_td,0.173,0.0,0.0,0.0,0.0,1.0
2025_03_NYJ_TB,NYJ,TB,Allen Lazard,00-0034521,WR,car,0.018,0.0,0.0,0.0,0.0,0.0
2025_03_NYJ_TB,NYJ,TB,Allen Lazard,00-0034521,WR,rush_yds,0.095,0.0,0.0,0.0,0.0,0.0
2025_03_NYJ_TB,NYJ,TB,Allen Lazard,00-0034521,WR,tgt,3.444,1.0,2.0,3.0,5.0,7.0
2025_03_NYJ_TB,NYJ,TB,Allen Lazard,00-0034521,WR,rec,2.089,0.0,1.0,2.0,3.0,4.0
2025_03_NYJ_TB,NYJ,TB,Allen Lazard,00-0034521,WR,rec_yds,27.149,0.0,6.686,20.185,40.732,64.688
2025_03_NYJ_TB,NYJ,TB,Allen Lazard,00-0034521,WR,anytime_td,0.128,0.0,0.0,0.0,0.0,1.0
2025_03_NYJ_TB,NYJ,TB,Isaiah Davis,00-0039798,RB,car,2.414,0.0,0.0,2.0,3.25,6.0
2025_03_NYJ_TB,NYJ,TB,Isaiah Davis,00-0039798,RB,rush_yds,10.085,0.0,0.0,4.515,13.946,28.297
2025_03_NYJ_TB,NYJ,TB,Isaiah Davis,00-0039798,RB,tgt,1.816,0.0,1.0,1.0,3.0,4.0
2025_03_NYJ_TB,NYJ,TB,Isaiah Davis,00-0039798,RB,rec,1.305,0.0,0.0,1.0,2.0,3.0
2025_03_NYJ_TB,NYJ,TB,Isaiah Davis,00-0039798,RB,rec_yds,9.586,0.0,0.0,4.911,13.994,26.833
2025_03_NYJ_TB,NYJ,TB,Isaiah Davis,00-0039798,RB,anytime_td,0.091,0.0,0.0,0.0,0.0,0.0
2025_03_NYJ_TB,NYJ,TB,Andrew Beck,00-0034959,RB,car,0.554,0.0,0.0,0.0,0.0,2.0
2025_03_NYJ_TB,NYJ,TB,Andrew Beck,00-0034959,RB,rush_yds,2.202,0.0,0.0,0.0,0.0,6.805
2025_03_NYJ_TB,NYJ,TB,Andrew Beck,00-0034959,RB,tgt,0.406,0.0,0.0,0.0,1.0,1.0
2025_03_NYJ_TB,NYJ,TB,Andrew Beck,00-0034959,RB,rec,0.301,0.0,0.0,0.0,0.0,1.0
2025_03_NYJ_TB,NYJ,TB,Andrew Beck,00-0034959,RB,rec_yds,2.127,0.0,0.0,0.0,0.0,7.981
2025_03_NYJ_TB,NYJ,TB,Andrew Beck,00-0034959,RB,anytime_td,0.016,0.0,0.0,0.0,0.0,0.0
2025_03_PIT_NE,NE,PIT,Drake Maye,00-0039851,QB,att,30.287,20.0,26.0,31.0,36.0,41.0
2025_03_PIT_NE,NE,PIT,Drake Maye,00-0039851,QB,cmp,20.213,13.0,17.0,21.0,24.0,28.0
2025_03_PIT_NE,NE,PIT,Drake Maye,00-0039851,QB,pass_yds,217.588,129.834,170.016,216.889,265.034,311.355
2025_03_PIT_NE,NE,PIT,Drake Maye,00-0039851,QB,pass_td,1.411,0.0,1.0,1.0,2.0,3.0
2025_03_PIT_NE,NE,PIT,Drake Maye,00-0039851,QB,ints,0.669,0.0,0.0,0.0,1.0,2.0
2025_03_PIT_NE,NE,PIT,Drake Maye,00-0039851,QB,car,4.895,2.0,3.0,4.0,6.0,9.0
2025_03_PIT_NE,NE,PIT,Drake Maye,00-0039851,QB,rush_yds,24.858,2.875,10.579,21.25,35.782,51.091
2025_03_PIT_NE,NE,PIT,Drake Maye,00-0039851,QB,tgt,0.001,0.0,0.0,0.0,0.0,0.0
2025_03_PIT_NE,NE,PIT,Drake Maye,00-0039851,QB,rec,0.001,0.0,0.0,0.0,0.0,0.0
2025_03_PIT_NE,NE,PIT,Drake Maye,00-0039851,QB,rec_yds,0.007,0.0,0.0,0.0,0.0,0.0
2025_03_PIT_NE,NE,PIT,Drake Maye,00-0039851,QB,anytime_td,0.231,0.0,0.0,0.0,0.0,1.0
2025_03_PIT_NE,NE,PIT,Hunter Henry,00-0033090,TE,car,0.003,0.0,0.0,0.0,0.0,0.0
2025_03_PIT_NE,NE,PIT,Hunter Henry,00-0033090,TE,rush_yds,0.004,0.0,0.0,0.0,0.0,0.0
2025_03_PIT_NE,NE,PIT,Hunter Henry,00-0033090,TE,tgt,4.916,2.0,3.0,4.0,7.0,9.0
2025_03_PIT_NE,NE,PIT,Hunter Henry,00-0033090,TE,rec,3.257,1.0,2.0,3.0,4.0,6.0
2025_03_PIT_NE,NE,PIT,Hunter Henry,00-0033090,TE,rec_yds,35.203,4.422,14.404,30.038,50.283,71.827
2025_03_PIT_NE,NE,PIT,Hunter Henry,00-0033090,TE,anytime_td,0.174,0.0,0.0,0.0,0.0,1.0
2025_03_PIT_NE,NE,PIT,Kayshon Boutte,00-0038608,WR,car,0.009,0.0,0.0,0.0,0.0,0.0
2025_03_PIT_NE,NE,PIT,Kayshon Boutte,00-0038608,WR,rush_yds,0.051,0.0,0.0,0.0,0.0,0.0
2025_03_PIT_NE,NE,PIT,Kayshon Boutte,00-0038608,WR,tgt,4.137,1.0,2.0,4.0,6.0,8.0
2025_03_PIT_NE,NE,PIT,Kayshon Boutte,00-0038608,WR,rec,2.732,0.0,1.0,2.0,4.0,5.0
2025_03_PIT_NE,NE,PIT,Kayshon Boutte,00-0038608,WR,rec_yds,36.948,0.0,12.699,29.728,53.411,80.189
2025_03_PIT_NE,NE,PIT,Kayshon Boutte,00-0038608,WR,anytime_td,0.253,0.0,0.0,0.0,1.0,1.0
2025_03_PIT_NE,NE,PIT,Austin Hooper,00-0032392,TE,car,0.003,0.0,0.0,0.0,0.0,0.0
2025_03_PIT_NE,NE,PIT,Austin Hooper,00-0032392,TE,rush_yds,0.008,0.0,0.0,0.0,0.0,0.0
2025_03_PIT_NE,NE,PIT,Austin Hooper,00-0032392,TE,tgt,2.628,0.0,1.0,2.0,4.0,5.0
2025_03_PIT_NE,NE,PIT,Austin Hooper,00-0032392,TE,rec,1.973,0.0,1.0,2.0,3.0,4.0
2025_03_PIT_NE,NE,PIT,Austin Hooper,00-0032392,TE,rec_yds,21.055,0.0,4.382,15.949,31.788,49.786
2025_03_PIT_NE,NE,PIT,Austin Hooper,00-0032392,TE,anytime_td,0.099,0.0,0.0,0.0,0.0,0.0
2025_03_PIT_NE,NE,PIT,Mack Hollins,00-0033555,WR,car,0.01,0.0,0.0,0.0,0.0,0.0
2025_03_PIT_NE,NE,PIT,Mack Hollins,00-0033555,WR,rush_yds,0.052,0.0,0.0,0.0,0.0,0.0
2025_03_PIT_NE,NE,PIT,Mack Hollins,00-0033555,WR,tgt,2.214,0.0,1.0,2.0,3.0,5.0
2025_03_PIT_NE,NE,PIT,Mack Hollins,00-0033555,WR,rec,1.392,0.0,0.0,1.0,2.0,3.0
2025_03_PIT_NE,NE,PIT,Mack Hollins,00-0033555,WR,rec_yds,17.503,0.0,0.0,10.345,26.613,46.271
2025_03_PIT_NE,NE,PIT,Mack Hollins,00-0033555,WR,anytime_td,0.201,0.0,0.0,0.0,0.0,1.0
2025_03_PIT_NE,NE,PIT,Stefon Diggs,00-0031588,WR,car,0.094,0.0,0.0,0.0,0.0,0.0
2025_03_PIT_NE,NE,PIT,Stefon Diggs,00-0031588,WR,rush_yds,0.48,0.0,0.0,0.0,0.0,0.0
2025_03_PIT_NE,NE,PIT,Stefon Diggs,00-0031588,WR,tgt,5.46,2.0,3.0,5.0,7.0,9.0
2025_03_PIT_NE,NE,PIT,Stefon Diggs,00-0031588,WR,rec,3.721,1.0,2.0,3.0,5.0,7.0
2025_03_PIT_NE,NE,PIT,Stefon Diggs,00-0031588,WR,rec_yds,43.561,7.588,19.475,37.313,60.953,87.259
2025_03_PIT_NE,NE,PIT,Stefon Diggs,00-0031588,WR,anytime_td,0.171,0.0,0.0,0.0,0.0,1.0
2025_03_PIT_NE,NE,PIT,TreVeyon Henderson,00-0040734,RB,car,4.154,0.0,1.0,3.0,6.0,9.0
2025_03_PIT_NE,NE,PIT,TreVeyon Henderson,00-0040734,RB,rush_yds,17.682,0.0,3.6,11.794,25.164,43.253
2025_03_PIT_NE,NE,PIT,TreVeyon Henderson,00-0040734,RB,tgt,2.778,0.0,1.0,2.0,4.0,6.0
2025_03_PIT_NE,NE,PIT,TreVeyon Henderson,00-0040734,RB,rec,2.257,0.0,1.0,2.0,3.0,5.0
2025_03_PIT_NE,NE,PIT,TreVeyon Henderson,00-0040734,RB,rec_yds,16.584,0.0,2.946,12.121,24.989,39.827
2025_03_PIT_NE,NE,PIT,TreVeyon Henderson,00-0040734,RB,anytime_td,0.163,0.0,0.0,0.0,0.0,1.0
2025_03_PIT_NE,NE,PIT,DeMario Douglas,00-0038621,WR,car,0.329,0.0,0.0,0.0,0.0,1.0
2025_03_PIT_NE,NE,PIT,DeMario Douglas,00-0038621,WR,rush_yds,1.848,0.0,0.0,0.0,0.0,4.175
2025_03_PIT_NE,NE,PIT,DeMario Douglas,00-0038621,WR,tgt,3.86,1.0,2.0,4.0,5.0,7.0
2025_03_PIT_NE,NE,PIT,DeMario Douglas,00-0038621,WR,rec,2.431,0.0,1.0,2.0,3.0,5.0
2025_03_PIT_NE,NE,PIT,DeMario Douglas,00-0038621,WR,rec_yds,27.8,0.0,8.258,21.44,40.322,64.087
2025_03_PIT_NE,NE,PIT,DeMario Douglas,00-0038621,WR,anytime_td,0.245,0.0,0.0,0.0,0.0,1.0
2025_03_PIT_NE,NE,PIT,Rhamondre Stevenson,00-0036875,RB,car,10.932,4.0,7.0,10.0,14.0,18.0
2025_03_PIT_NE,NE,PIT,Rhamondre Stevenson,00-0036875,RB,rush_yds,45.208,11.735,22.928,39.138,61.294,87.116
2025_03_PIT_NE,NE,PIT,Rhamondre Stevenson,00-0036875,RB,tgt,2.636,0.0,1.0,2.0,4.0,5.0
2025_03_PIT_NE,NE,PIT,Rhamondre Stevenson,00-0036875,RB,rec,2.09,0.0,1.0,2.0,3.0,4.0
2025_03_PIT_NE,NE,PIT,Rhamondre Stevenson,00-0036875,RB,rec_yds,17.585,0.0,2.387,12.116,26.066,43.023
2025_03_PIT_NE,NE,PIT,Rhamondre Stevenson,00-0036875,RB,anytime_td,0.3,0.0,0.0,0.0,1.0,1.0
2025_03_PIT_NE,NE,PIT,Antonio Gibson,00-0036328,RB,car,5.817,1.0,3.0,5.0,8.0,11.0
2025_03_PIT_NE,NE,PIT,Antonio Gibson,00-0036328,RB,rush_yds,24.844,1.888,7.871,18.175,35.238,56.284
2025_03_PIT_NE,NE,PIT,Antonio Gibson,00-0036328,RB,tgt,1.328,0.0,0.0,1.0,2.0,3.0
2025_03_PIT_NE,NE,PIT,Antonio Gibson,00-0036328,RB,rec,1.031,0.0,0.0,1.0,2.0,3.0
2025_03_PIT_NE,NE,PIT,Antonio Gibson,00-0036328,RB,rec_yds,7.574,0.0,0.0,2.147,11.287,23.445
2025_03_PIT_NE,NE,PIT,Antonio Gibson,00-0036328,RB,anytime_td,0.133,0.0,0.0,0.0,0.0,1.0
2025_03_PIT_NE,NE,PIT,Kyle Williams,00-0040131,WR,car,0.018,0.0,0.0,0.0,0.0,0.0
2025_03_PIT_NE,NE,PIT,Kyle Williams,00-0040131,WR,rush_yds,0.099,0.0,0.0,0.0,0.0,0.0
2025_03_PIT_NE,NE,PIT,Kyle Williams,00-0040131,WR,tgt,0.636,0.0,0.0,0.0,1.0,2.0
2025_03_PIT_NE,NE,PIT,Kyle Williams,00-0040131,WR,rec,0.41,0.0,0.0,0.0,1.0,1.0
2025_03_PIT_NE,NE,PIT,Kyle Williams,00-0040131,WR,rec_yds,5.396,0.0,0.0,0.0,4.934,18.706
2025_03_PIT_NE,NE,PIT,Kyle Williams,00-0040131,WR,anytime_td,0.014,0.0,0.0,0.0,0.0,0.0
2025_03_PIT_NE,PIT,NE,Aaron Rodgers,00-0023459,QB,att,30.328,20.0,26.0,31.0,36.0,41.0
2025_03_PIT_NE,PIT,NE,Aaron Rodgers,00-0023459,QB,cmp,20.374,13.0,17.0,21.0,24.0,28.0
2025_03_PIT_NE,PIT,NE,Aaron Rodgers,00-0023459,QB,pass_yds,221.57,128.647,175.251,221.27,271.1,316.6
2025_03_PIT_NE,PIT,NE,Aaron Rodgers,00-0023459,QB,pass_td,1.528,0.0,1.0,1.0,2.0,3.0
2025_03_PIT_NE,PIT,NE,Aaron Rodgers,00-0023459,QB,ints,0.642,0.0,0.0,0.0,1.0,2.0
2025_03_PIT_NE,PIT,NE,Aaron Rodgers,00-0023459,QB,car,1.943,0.0,1.0,2.0,3.0,4.0
2025_03_PIT_NE,PIT,NE,Aaron Rodgers,00-0023459,QB,rush_yds,6.975,-1.0,0.0,2.88,10.735,21.471
2025_03_PIT_NE,PIT,NE,Aaron Rodgers,00-0023459,QB,tgt,0.001,0.0,0.0,0.0,0.0,0.0
2025_03_PIT_NE,PIT,NE,Aaron Rodgers,00-0023459,QB,rec,0.001,0.0,0.0,0.0,0.0,0.0
2025_03_PIT_NE,PIT,NE,Aaron Rodgers,00-0023459,QB,rec_yds,0.002,0.0,0.0,0.0,0.0,0.0
2025_03_PIT_NE,PIT,NE,Aaron Rodgers,00-0023459,QB,anytime_td,0.006,0.0,0.0,0.0,0.0,0.0
2025_03_PIT_NE,PIT,NE,DK Metcalf,00-0035640,WR,car,0.031,0.0,0.0,0.0,0.0,0.0
2025_03_PIT_NE,PIT,NE,DK Metcalf,00-0035640,WR,rush_yds,0.188,0.0,0.0,0.0,0.0,0.0
2025_03_PIT_NE,PIT,NE,DK Metcalf,00-0035640,WR,tgt,6.107,2.0,4.0,6.0,8.0,10.0
2025_03_PIT_NE,PIT,NE,DK Metcalf,00-0035640,WR,rec,3.747,1.0,2.0,3.0,5.0,7.0
2025_03_PIT_NE,PIT,NE,DK Metcalf,00-0035640,WR,rec_yds,51.454,10.503,24.687,44.647,71.378,100.322
2025_03_PIT_NE,PIT,NE,DK Metcalf,00-0035640,WR,anytime_td,0.294,0.0,0.0,0.0,1.0,1.0
2025_03_PIT_NE,PIT,NE,Jonnu Smith,00-0033858,TE,car,0.07,0.0,0.0,0.0,0.0,0.0
2025_03_PIT_NE,PIT,NE,Jonnu Smith,00-0033858,TE,rush_yds,0.167,0.0,0.0,0.0,0.0,0.0
2025_03_PIT_NE,PIT,NE,Jonnu Smith,00-0033858,TE,tgt,5.371,2.0,3.0,5.0,7.0,9.0
2025_03_PIT_NE,PIT,NE,Jonnu Smith,00-0033858,TE,rec,4.079,1.0,2.0,4.0,6.0,7.0
2025_03_PIT_NE,PIT,NE,Jonnu Smith,00-0033858,TE,rec_yds,38.839,8.077,18.171,34.167,54.512,74.89
2025_03_PIT_NE,PIT,NE,Jonnu Smith,00-0033858,TE,anytime_td,0.315,0.0,0.0,0.0,1.0,1.0
2025_03_PIT_NE,PIT,NE,Jaylen Warren,00-0037228,RB,car,15.9,8.0,11.0,15.0,20.0,25.0
2025_03_PIT_NE,PIT,NE,Jaylen Warren,00-0037228,RB,rush_yds,65.957,24.831,38.776,59.836,86.009,115.144
2025_03_PIT_NE,PIT,NE,Jaylen Warren,00-0037228,RB,tgt,3.472,1.0,2.0,3.0,5.0,7.0
2025_03_PIT_NE,PIT,NE,Jaylen Warren,00-0037228,RB,rec,2.78,0.0,1.0,2.0,4.0,5.0
2025_03_PIT_NE,PIT,NE,Jaylen Warren,00-0037228,RB,rec_yds,25.551,0.0,7.069,19.437,37.904,58.075
2025_03_PIT_NE,PIT,NE,Jaylen Warren,00-0037228,RB,anytime_td,0.368,0.0,0.0,0.0,1.0,1.0
2025_03_PIT_NE,PIT,NE,Calvin Austin III,00-0037837,WR,car,0.027,0.0,0.0,0.0,0.0,0.0
2025_03_PIT_NE,PIT,NE,Calvin Austin III,00-0037837,WR,rush_yds,0.126,0.0,0.0,0.0,0.0,0.0
2025_03_PIT_NE,PIT,NE,Calvin Austin III,00-0037837,WR,tgt,4.118,1.0,2.0,4.0,6.0,8.0
2025_03_PIT_NE,PIT,NE,Calvin Austin III,00-0037837,WR,rec,2.505,0.0,1.0,2.0,4.0,5.0
2025_03_PIT_NE,PIT,NE,Calvin Austin III,00-0037837,WR,rec_yds,35.178,0.0,11.172,28.421,50.914,77.002
2025_03_PIT_NE,PIT,NE,Calvin Austin III,00-0037837,WR,anytime_td,0.203,0.0,0.0,0.0,0.0,1.0
2025_03_PIT_NE,PIT,NE,Pat Freiermuth,00-0036894,TE,car,0.001,0.0,0.0,0.0,0.0,0.0
2025_03_PIT_NE,PIT,NE,Pat Freiermuth,00-0036894,TE,rush_yds,0.003,0.0,0.0,0.0,0.0,0.0
2025_03_PIT_NE,PIT,NE,Pat Freiermuth,00-0036894,TE,tgt,4.523,1.0,3.0,4.0,6.0,8.0
2025_03_PIT_NE,PIT,NE,Pat Freiermuth,00-0036894,TE,rec,3.377,1.0,2.0,3.0,5.0,6.0
2025_03_PIT_NE,PIT,NE,Pat Freiermuth,00-0036894,TE,rec_yds,35.503,5.569,15.286,30.184,50.243,71.929
2025_03_PIT_NE,PIT,NE,Pat Freiermuth,00-0036894,TE,anytime_td,0.202,0.0,0.0,0.0,0.0,1.0
2025_03_PIT_NE,PIT,NE,Darnell Washington,00-0038558,TE,car,0.001,0.0,0.0,0.0,0.0,0.0
2025_03_PIT_NE,PIT,NE,Darnell Washington,00-0038558,TE,rush_yds,0.001,0.0,0.0,0.0,0.0,0.0
2025_03_PIT_NE,PIT,NE,Darnell Washington,00-0038558,TE,tgt,1.11,0.0,0.0,1.0,2.0,3.0
2025_03_PIT_NE,PIT,NE,Darnell Washington,00-0038558,TE,rec,0.76,0.0,0.0,0.0,1.0,2.0
2025_03_PIT_NE,PIT,NE,Darnell Washington,00-0038558,TE,rec_yds,7.84,0.0,0.0,0.0,11.654,24.896
2025_03_PIT_NE,PIT,NE,Darnell Washington,00-0038558,TE,anytime_td,0.021,0.0,0.0,0.0,0.0,0.0
2025_03_PIT_NE,PIT,NE,Kenny Gainwell,00-0036919,RB,car,7.385,2.0,4.0,7.0,10.0,14.0
2025_03_PIT_NE,PIT,NE,Kenny Gainwell,00-0036919,RB,rush_yds,30.164,4.443,11.424,23.967,42.36,64.113
2025_03_PIT_NE,PIT,NE,Kenny Gainwell,00-0036919,RB,tgt,3.217,1.0,2.0,3.0,4.0,6.0
2025_03_PIT_NE,PIT,NE,Kenny Gainwell,00-0036919,RB,rec,2.455,0.0,1.0,2.0,4.0,5.0
2025_03_PIT_NE,PIT,NE,Kenny Gainwell,00-0036919,RB,rec_yds,17.547,0.0,4.118,13.11,26.179,41.523
2025_03_PIT_NE,PIT,NE,Kenny Gainwell,00-0036919,RB,anytime_td,0.134,0.0,0.0,0.0,0.0,1.0
2025_03_PIT_NE,PIT,NE,Roman Wilson,00-0039739,WR,car,0.027,0.0,0.0,0.0,0.0,0.0
2025_03_PIT_NE,PIT,NE,Roman Wilson,00-0039739,WR,rush_yds,0.138,0.0,0.0,0.0,0.0,0.0
2025_03_PIT_NE,PIT,NE,Roman Wilson,00-0039739,WR,tgt,1.176,0.0,0.0,1.0,2.0,3.0
2025_03_PIT_NE,PIT,NE,Roman Wilson,00-0039739,WR,rec,0.719,0.0,0.0,0.0,1.0,2.0
2025_03_PIT_NE,PIT,NE,Roman Wilson,00-0039739,WR,rec_yds,9.316,0.0,0.0,0.0,13.476,29.499
2025_03_PIT_NE,PIT,NE,Roman Wilson,00-0039739,WR,anytime_td,0.025,0.0,0.0,0.0,0.0,0.0
2025_03_PIT_NE,PIT,NE,Ben Skowronek,00-0036862,WR,car,0.023,0.0,0.0,0.0,0.0,0.0
2025_03_PIT_NE,PIT,NE,Ben Skowronek,00-0036862,WR,rush_yds,0.12,0.0,0.0,0.0,0.0,0.0
2025_03_PIT_NE,PIT,NE,Ben Skowronek,00-0036862,WR,tgt,0.719,0.0,0.0,0.0,1.0,2.0
2025_03_PIT_NE,PIT,NE,Ben Skowronek,00-0036862,WR,rec,0.462,0.0,0.0,0.0,1.0,1.0
2025_03_PIT_NE,PIT,NE,Ben Skowronek,00-0036862,WR,rec_yds,6.395,0.0,0.0,0.0,7.341,21.773
2025_03_PIT_NE,PIT,NE,Ben Skowronek,00-0036862,WR,anytime_td,0.083,0.0,0.0,0.0,0.0,0.0
2025_03_PIT_NE,PIT,NE,Scott Miller,00-0035298,WR,car,0.019,0.0,0.0,0.0,0.0,0.0
2025_03_PIT_NE,PIT,NE,Scott Miller,00-0035298,WR,rush_yds,0.088,0.0,0.0,0.0,0.0,0.0
2025_03_PIT_NE,PIT,NE,Scott Miller,00-0035298,WR,tgt,0.623,0.0,0.0,0.0,1.0,2.0
2025_03_PIT_NE,PIT,NE,Scott Miller,00-0035298,WR,rec,0.392,0.0,0.0,0.0,1.0,1.0
2025_03_PIT_NE,PIT,NE,Scott Miller,00-0035298,WR,rec_yds,5.086,0.0,0.0,0.0,3.955,18.39
2025_03_PIT_NE,PIT,NE,Scott Miller,00-0035298,WR,anytime_td,0.009,0.0,0.0,0.0,0.0,0.0
2025_03_PIT_NE,PIT,NE,Connor Heyward,00-0037304,RB,car,0.593,0.0,0.0,0.0,1.0,2.0
2025_03_PIT_NE,PIT,NE,Connor Heyward,00-0037304,RB,rush_yds,2.595,0.0,0.0,0.0,0.0,8.369
2025_03_PIT_NE,PIT,NE,Connor Heyward,00-0037304,RB,tgt,0.542,0.0,0.0,0.0,1.0,2.0
2025_03_PIT_NE,PIT,NE,Connor Heyward,00-0037304,RB,rec,0.426,0.0,0.0,0.0,1.0,1.0
2025_03_PIT_NE,PIT,NE,Connor Heyward,00-0037304,RB,rec_yds,3.199,0.0,0.0,0.0,1.881,11.59
2025_03_PIT_NE,PIT,NE,Connor Heyward,00-0037304,RB,anytime_td,0.023,0.0,0.0,0.0,0.0,0.0
2025_03_DET_BAL,BAL,DET,Lamar Jackson,00-0034796,QB,att,28.404,18.0,24.0,29.0,34.0,38.0
2025_03_DET_BAL,BAL,DET,Lamar Jackson,00-0034796,QB,cmp,19.66,12.0,16.0,20.0,24.0,27.0
2025_03_DET_BAL,BAL,DET,Lamar Jackson,00-0034796,QB,pass_yds,235.04,131.077,183.969,236.143,290.024,341.051
2025_03_DET_BAL,BAL,DET,Lamar Jackson,00-0034796,QB,pass_td,1.824,0.0,1.0,2.0,3.0,3.0
2025_03_DET_BAL,BAL,DET,Lamar Jackson,00-0034796,QB,ints,0.539,0.0,0.0,0.0,1.0,2.0
2025_03_DET_BAL,BAL,DET,Lamar Jackson,00-0034796,QB,car,6.467,2.0,4.0,6.0,9.0,12.0
2025_03_DET_BAL,BAL,DET,Lamar Jackson,00-0034796,QB,rush_yds,30.423,2.475,11.926,25.424,43.373,63.118
2025_03_DET_BAL,BAL,DET,Lamar Jackson,00-0034796,QB,tgt,0.001,0.0,0.0,0.0,0.0,0.0
2025_03_DET_BAL,BAL,DET,Lamar Jackson,00-0034796,QB,rec,0.001,0.0,0.0,0.0,0.0,0.0
2025_03_DET_BAL,BAL,DET,Lamar Jackson,00-0034796,QB,rec_yds,0.009,0.0,0.0,0.0,0.0,0.0
2025_03_DET_BAL,BAL,DET,Lamar Jackson,00-0034796,QB,anytime_td,0.325,0.0,0.0,0.0,1.0,1.0
2025_03_DET_BAL,BAL,DET,Zay Flowers,00-0039064,WR,car,0.958,0.0,0.0,0.0,1.0,3.0
2025_03_DET_BAL,BAL,DET,Zay Flowers,00-0039064,WR,rush_yds,5.218,0.0,0.0,0.0,4.21,18.215
2025_03_DET_BAL,BAL,DET,Zay Flowers,00-0039064,WR,tgt,8.942,4.0,6.0,9.0,11.0,14.0
2025_03_DET_BAL,BAL,DET,Zay Flowers,00-0039064,WR,rec,6.148,3.0,4.0,6.0,8.0,10.0
2025_03_DET_BAL,BAL,DET,Zay Flowers,00-0039064,WR,rec_yds,86.188,28.421,50.283,80.043,114.863,151.598
2025_03_DET_BAL,BAL,DET,Zay Flowers,00-0039064,WR,anytime_td,0.274,0.0,0.0,0.0,1.0,1.0
2025_03_DET_BAL,BAL,DET,Mark Andrews,00-0034753,TE,car,0.664,0.0,0.0,0.0,1.0,2.0
2025_03_DET_BAL,BAL,DET,Mark Andrews,00-0034753,TE,rush_yds,1.58,0.0,0.0,0.0,0.0,5.827
2025_03_DET_BAL,BAL,DET,Mark Andrews,00-0034753,TE,tgt,3.924,1.0,2.0,4.0,5.0,7.0
2025_03_DET_BAL,BAL,DET,Mark Andrews,00-0034753,TE,rec,2.953,1.0,1.0,3.0,4.0,6.0
2025_03_DET_BAL,BAL,DET,Mark Andrews,00-0034753,TE,rec_yds,31.059,2.101,11.679,25.507,44.461,65.226
2025_03_DET_BAL,BAL,DET,Mark Andrews,00-0034753,TE,anytime_td,0.261,0.0,0.0,0.0,1.0,1.0
2025_03_DET_BAL,BAL,DET,Rashod Bateman,00-0036550,WR,car,0.01,0.0,0.0,0.0,0.0,0.0
2025_03_DET_BAL,BAL,DET,Rashod Bateman,00-0036550,WR,rush_yds,0.057,0.0,0.0,0.0,0.0,0.0
2025_03_DET_BAL,BAL,DET,Rashod Bateman,00-0036550,WR,tgt,4.74,2.0,3.0,4.0,6.0,8.0
2025_03_DET_BAL,BAL,DET,Rashod Bateman,00-0036550,WR,rec,3.15,1.0,2.0,3.0,4.0,6.0
2025_03_DET_BAL,BAL,DET,Rashod Bateman,00-0036550,WR,rec_yds,40.506,4.646,15.79,34.058,58.087,85.392
2025_03_DET_BAL,BAL,DET,Rashod Bateman,00-0036550,WR,anytime_td,0.24,0.0,0.0,0.0,0.0,1.0
2025_03_DET_BAL,BAL,DET,Tylan Wallace,00-0036630,WR,car,0.008,0.0,0.0,0.0,0.0,0.0
2025_03_DET_BAL,BAL,DET,Tylan Wallace,00-0036630,WR,rush_yds,0.044,0.0,0.0,0.0,0.0,0.0
2025_03_DET_BAL,BAL,DET,Tylan Wallace,00-0036630,WR,tgt,1.387,0.0,0.0,1.0,2.0,3.0
2025_03_DET_BAL,BAL,DET,Tylan Wallace,00-0036630,WR,rec,0.99,0.0,0.0,1.0,2.0,3.0
2025_03_DET_BAL,BAL,DET,Tylan Wallace,00-0036630,WR,rec_yds,12.99,0.0,0.0,4.983,19.406,37.976
2025_03_DET_BAL,BAL,DET,Tylan Wallace,00-0036630,WR,anytime_td,0.129,0.0,0.0,0.0,0.0,1.0
2025_03_DET_BAL,BAL,DET,Justice Hill,00-0034975,RB,car,3.618,0.0,1.0,3.0,5.0,9.0
2025_03_DET_BAL,BAL,DET,Justice Hill,00-0034975,RB,rush_yds,15.121,0.0,1.11,8.81,21.773,39.47
2025_03_DET_BAL,BAL,DET,Justice Hill,00-0034975,RB,tgt,3.158,1.0,2.0,3.0,4.0,6.0
2025_03_DET_BAL,BAL,DET,Justice Hill,00-0034975,RB,rec,2.68,0.0,1.0,2.0,4.0,5.0
2025_03_DET_BAL,BAL,DET,Justice Hill,00-0034975,RB,rec_yds,19.72,0.0,5.43,14.939,28.47,45.78
2025_03_DET_BAL,BAL,DET,Justice Hill,00-0034975,RB,anytime_td,0.212,0.0,0.0,0.0,0.0,1.0
2025_03_DET_BAL,BAL,DET,Derrick Henry,00-0032764,RB,car,17.168,9.0,12.0,17.0,21.0,26.0
2025_03_DET_BAL,BAL,DET,Derrick Henry,00-0032764,RB,rush_yds,89.204,35.421,53.163,80.841,116.223,153.936
2025_03_DET_BAL,BAL,DET,Derrick Henry,00-0032764,RB,tgt,1.18,0.0,0.0,1.0,2.0,3.0
2025_03_DET_BAL,BAL,DET,Derrick Henry,00-0032764,RB,rec,0.986,0.0,0.0,1.0,2.0,3.0
2025_03_DET_BAL,BAL,DET,Derrick Henry,00-0032764,RB,rec_yds,7.534,0.0,0.0,1.2,11.308,22.717
2025_03_DET_BAL,BAL,DET,Derrick Henry,00-0032764,RB,anytime_td,0.576,0.0,0.0,1.0,1.0,1.0
2025_03_DET_BAL,BAL,DET,Zaire Mitchell-Paden,00-0037340,TE,car,0.0,0.0,0.0,0.0,0.0,0.0
2025_03_DET_BAL,BAL,DET,Zaire Mitchell-Paden,00-0037340,TE,rush_yds,0.001,0.0,0.0,0.0,0.0,0.0
2025_03_DET_BAL,BAL,DET,Zaire Mitchell-Paden,00-0037340,TE,tgt,0.718,0.0,0.0,0.0,1.0,2.0
2025_03_DET_BAL,BAL,DET,Zaire Mitchell-Paden,00-0037340,TE,rec,0.535,0.0,0.0,0.0,1.0,2.0
2025_03_DET_BAL,BAL,DET,Zaire Mitchell-Paden,00-0037340,TE,rec_yds,5.595,0.0,0.0,0.0,7.547,19.269
2025_03_DET_BAL,BAL,DET,Zaire Mitchell-Paden,00-0037340,TE,anytime_td,0.035,0.0,0.0,0.0,0.0,0.0
2025_03_DET_BAL,BAL,DET,DeAndre Hopkins,00-0030564,WR,car,0.019,0.0,0.0,0.0,0.0,0.0
2025_03_DET_BAL,BAL,DET,DeAndre Hopkins,00-0030564,WR,rush_yds,0.119,0.0,0.0,0.0,0.0,0.0
2025_03_DET_BAL,BAL,DET,DeAndre Hopkins,00-0030564,WR,tgt,3.326,1.0,2.0,3.0,5.0,6.0
2025_03_DET_BAL,BAL,DET,DeAndre Hopkins,00-0030564,WR,rec,2.347,0.0,1.0,2.0,3.0,5.0
2025_03_DET_BAL,BAL,DET,DeAndre Hopkins,00-0030564,WR,rec_yds,32.774,0.0,8.738,25.426,48.35,74.703
2025_03_DET_BAL,BAL,DET,DeAndre Hopkins,00-0030564,WR,anytime_td,0.317,0.0,0.0,0.0,1.0,1.0
2025_03_DET_BAL,BAL,DET,Devontez Walker,00-0039792,WR,car,0.022,0.0,0.0,0.0,0.0,0.0
2025_03_DET_BAL,BAL,DET,Devontez Walker,00-0039792,WR,rush_yds,0.107,0.0,0.0,0.0,0.0,0.0
2025_03_DET_BAL,BAL,DET,Devontez Walker,00-0039792,WR,tgt,1.283,0.0,0.0,1.0,2.0,3.0
2025_03_DET_BAL,BAL,DET,Devontez Walker,00-0039792,WR,rec,0.896,0.0,0.0,1.0,1.0,2.0
2025_03_DET_BAL,BAL,DET,Devontez Walker,00-0039792,WR,rec_yds,11.604,0.0,0.0,3.029,17.104,34.573
2025_03_DET_BAL,BAL,DET,Devontez Walker,00-0039792,WR,anytime_td,0.222,0.0,0.0,0.0,0.0,1.0
2025_03_DET_BAL,DET,BAL,Jared Goff,00-0033106,QB,att,32.912,23.0,28.0,34.0,39.0,44.0
2025_03_DET_BAL,DET,BAL,Jared Goff,00-0033106,QB,cmp,22.409,15.0,19.0,23.0,27.0,31.0
2025_03_DET_BAL,DET,BAL,Jared Goff,00-0033106,QB,pass_yds,245.697,146.937,196.838,246.126,297.234,352.588
2025_03_DET_BAL,DET,BAL,Jared Goff,00-0033106,QB,pass_td,1.526,0.0,1.0,1.0,2.0,3.0
2025_03_DET_BAL,DET,BAL,Jared Goff,00-0033106,QB,ints,0.76,0.0,0.0,1.0,1.0,2.0
2025_03_DET_BAL,DET,BAL,Jared Goff,00-0033106,QB,car,1.681,0.0,0.0,1.0,2.0,4.0
2025_03_DET_BAL,DET,BAL,Jared Goff,00-0033106,QB,rush_yds,6.826,-1.0,0.0,1.931,10.746,21.472
2025_03_DET_BAL,DET,BAL,Jared Goff,00-0033106,QB,tgt,0.0,0.0,0.0,0.0,0.0,0.0
2025_03_DET_BAL,DET,BAL,Jared Goff,00-0033106,QB,rec,0.0,0.0,0.0,0.0,0.0,0.0
2025_03_DET_BAL,DET,BAL,Jared Goff,00-0033106,QB,rec_yds,0.001,0.0,0.0,0.0,0.0,0.0
2025_03_DET_BAL,DET,BAL,Jared Goff,00-0033106,QB,anytime_td,0.01,0.0,0.0,0.0,0.0,0.0
2025_03_DET_BAL,DET,BAL,Jameson Williams,00-0037240,WR,car,0.524,0.0,0.0,0.0,0.0,2.0
2025_03_DET_BAL,DET,BAL,Jameson Williams,00-0037240,WR,rush_yds,2.912,0.0,0.0,0.0,0.0,10.36
2025_03_DET_BAL,DET,BAL,Jameson Williams,00-0037240,WR,tgt,5.083,2.0,3.0,5.0,7.0,9.0
2025_03_DET_BAL,DET,BAL,Jameson Williams,00-0037240,WR,rec,3.208,1.0,2.0,3.0,4.0,6.0
2025_03_DET_BAL,DET,BAL,Jameson Williams,00-0037240,WR,rec_yds,46.779,5.857,18.451,39.044,65.892,98.426
2025_03_DET_BAL,DET,BAL,Jameson Williams,00-0037240,WR,anytime_td,0.248,0.0,0.0,0.0,0.0,1.0
2025_03_DET_BAL,DET,BAL,Amon-Ra St. Brown,00-0036963,WR,car,0.421,0.0,0.0,0.0,0.0,1.0
2025_03_DET_BAL,DET,BAL,Amon-Ra St. Brown,00-0036963,WR,rush_yds,2.187,0.0,0.0,0.0,0.0,6.788
2025_03_DET_BAL,DET,BAL,Amon-Ra St. Brown,00-0036963,WR,tgt,8.399,4.0,6.0,8.0,11.0,13.0
2025_03_DET_BAL,DET,BAL,Amon-Ra St. Brown,00-0036963,WR,rec,5.847,2.0,4.0,6.0,8.0,10.0
2025_03_DET_BAL,DET,BAL,Amon-Ra St. Brown,00-0036963,WR,rec_yds,75.874,23.429,43.301,69.359,101.295,136.886
2025_03_DET_BAL,DET,BAL,Amon-Ra St. Brown,00-0036963,WR,anytime_td,0.449,0.0,0.0,0.0,1.0,1.0
2025_03_DET_BAL,DET,BAL,Sam LaPorta,00-0039065,TE,car,0.002,0.0,0.0,0.0,0.0,0.0
2025_03_DET_BAL,DET,BAL,Sam LaPorta,00-0039065,TE,rush_yds,0.002,0.0,0.0,0.0,0.0,0.0
2025_03_DET_BAL,DET,BAL,Sam LaPorta,00-0039065,TE,tgt,6.091,2.0,4.0,6.0,8.0,10.0
2025_03_DET_BAL,DET,BAL,Sam LaPorta,00-0039065,TE,rec,4.318,1.0,3.0,4.0,6.0,8.0
2025_03_DET_BAL,DET,BAL,Sam LaPorta,00-0039065,TE,rec_yds,46.781,9.945,22.466,41.068,65.25,90.935
2025_03_DET_BAL,DET,BAL,Sam LaPorta,00-0039065,TE,anytime_td,0.21,0.0,0.0,0.0,0.0,1.0
2025_03_DET_BAL,DET,BAL,Jahmyr Gibbs,00-0039139,RB,car,10.659,4.0,7.0,10.0,14.0,18.0
2025_03_DET_BAL,DET,BAL,Jahmyr Gibbs,00-0039139,RB,rush_yds,49.846,13.166,24.946,42.525,68.036,96.173
2025_03_DET_BAL,DET,BAL,Jahmyr Gibbs,00-0039139,RB,tgt,5.438,2.0,3.0,5.0,7.0,9.0
2025_03_DET_BAL,DET,BAL,Jahmyr Gibbs,00-0039139,RB,rec,4.38,1.0,2.0,4.0,6.0,8.0
2025_03_DET_BAL,DET,BAL,Jahmyr Gibbs,00-0039139,RB,rec_yds,30.486,4.948,12.868,25.712,43.062,62.204
2025_03_DET_BAL,DET,BAL,Jahmyr Gibbs,00-0039139,RB,anytime_td,0.472,0.0,0.0,0.0,1.0,1.0
2025_03_DET_BAL,DET,BAL,Brock Wright,00-0036754,TE,car,0.003,0.0,0.0,0.0,0.0,0.0
2025_03_DET_BAL,DET,BAL,Brock Wright,00-0036754,TE,rush_yds,0.008,0.0,0.0,0.0,0.0,0.0
2025_03_DET_BAL,DET,BAL,Brock Wright,00-0036754,TE,tgt,1.077,0.0,0.0,1.0,2.0,3.0
2025_03_DET_BAL,DET,BAL,Brock Wright,00-0036754,TE,rec,0.788,0.0,0.0,0.0,1.0,2.0
2025_03_DET_BAL,DET,BAL,Brock Wright,00-0036754,TE,rec_yds,7.995,0.0,0.0,0.0,11.518,25.424
2025_03_DET_BAL,DET,BAL,Brock Wright,00-0036754,TE,anytime_td,0.119,0.0,0.0,0.0,0.0,1.0
2025_03_DET_BAL,DET,BAL,Kalif Raymond,00-0032464,WR,car,0.246,0.0,0.0,0.0,0.0,1.0
2025_03_DET_BAL,DET,BAL,Kalif Raymond,00-0032464,WR,rush_yds,1.303,0.0,0.0,0.0,0.0,0.0
2025_03_DET_BAL,DET,BAL,Kalif Raymond,00-0032464,WR,tgt,2.032,0.0,1.0,2.0,3.0,4.0
2025_03_DET_BAL,DET,BAL,Kalif Raymond,00-0032464,WR,rec,1.297,0.0,0.0,1.0,2.0,3.0
2025_03_DET_BAL,DET,BAL,Kalif Raymond,00-0032464,WR,rec_yds,16.126,0.0,0.0,9.115,24.57,44.124
2025_03_DET_BAL,DET,BAL,Kalif Raymond,00-0032464,WR,anytime_td,0.06,0.0,0.0,0.0,0.0,0.0
2025_03_DET_BAL,DET,BAL,David Montgomery,00-0035685,RB,car,9.384,3.0,6.0,9.0,12.0,16.0
2025_03_DET_BAL,DET,BAL,David Montgomery,00-0035685,RB,rush_yds,37.481,7.94,17.034,31.942,51.355,74.825
2025_03_DET_BAL,DET,BAL,David Montgomery,00-0035685,RB,tgt,2.498,0.0,1.0,2.0,4.0,5.0
2025_03_DET_BAL,DET,BAL,David Montgomery,00-0035685,RB,rec,1.999,0.0,1.0,2.0,3.0,4.0
2025_03_DET_BAL,DET,BAL,David Montgomery,00-0035685,RB,rec_yds,15.02,0.0,1.108,10.196,22.325,37.801
2025_03_DET_BAL,DET,BAL,David Montgomery,00-0035685,RB,anytime_td,0.353,0.0,0.0,0.0,1.0,1.0
2025_03_DET_BAL,DET,BAL,Isaac TeSlaa,00-0040669,WR,car,0.02,0.0,0.0,0.0,0.0,0.0
2025_03_DET_BAL,DET,BAL,Isaac TeSlaa,00-0040669,WR,rush_yds,0.107,0.0,0.0,0.0,0.0,0.0
2025_03_DET_BAL,DET,BAL,Isaac TeSlaa,00-0040669,WR,tgt,1.212,0.0,0.0,1.0,2.0,3.0
2025_03_DET_BAL,DET,BAL,Isaac TeSlaa,00-0040669,WR,rec,0.771,0.0,0.0,0.0,1.0,2.0
2025_03_DET_BAL,DET,BAL,Isaac TeSlaa,00-0040669,WR,rec_yds,10.297,0.0,0.0,0.0,14.856,32.144
2025_03_DET_BAL,DET,BAL,Isaac TeSlaa,00-0040669,WR,anytime_td,0.124,0.0,0.0,0.0,0.0,1.0
2025_03_DET_BAL,DET,BAL,Jacob Saylors,00-0038896,RB,car,2.466,0.0,0.0,2.0,4.0,6.0
2025_03_DET_BAL,DET,BAL,Jacob Saylors,00-0038896,RB,rush_yds,10.342,0.0,0.0,4.696,14.589,28.862
2025_03_DET_BAL,DET,BAL,Jacob Saylors,00-0038896,RB,tgt,0.799,0.0,0.0,0.0,1.0,2.0
2025_03_DET_BAL,DET,BAL,Jacob Saylors,00-0038896,RB,rec,0.613,0.0,0.0,0.0,1.0,2.0
2025_03_DET_BAL,DET,BAL,Jacob Saylors,00-0038896,RB,rec_yds,4.729,0.0,0.0,0.0,6.235,15.606
2025_03_DET_BAL,DET,BAL,Jacob Saylors,00-0038896,RB,anytime_td,0.136,0.0,0.0,0.0,0.0,1.0
2025_03_DET_BAL,DET,BAL,Dominic Lovett,00-0040241,WR,car,0.029,0.0,0.0,0.0,0.0,0.0
2025_03_DET_BAL,DET,BAL,Dominic Lovett,00-0040241,WR,rush_yds,0.14,0.0,0.0,0.0,0.0,0.0
2025_03_DET_BAL,DET,BAL,Dominic Lovett,00-0040241,WR,tgt,0.663,0.0,0.0,0.0,1.0,2.0
2025_03_DET_BAL,DET,BAL,Dominic Lovett,00-0040241,WR,rec,0.421,0.0,0.0,0.0,1.0,1.0
2025_03_DET_BAL,DET,BAL,Dominic Lovett,00-0040241,WR,rec_yds,5.469,0.0,0.0,0.0,5.639,19.517
2025_03_DET_BAL,DET,BAL,Dominic Lovett,00-0040241,WR,anytime_td,0.012,0.0,0.0,0.0,0.0,0.0
