game_id,team,opp,player,player_id,pos,stat,mean,p10,p25,median,p75,p90
2025_15_ATL_TB,TB,ATL,Baker Mayfield,00-0034855,QB,att,28.896,19.0,24.0,29.0,35.0,39.0
2025_15_ATL_TB,TB,ATL,Baker Mayfield,00-0034855,QB,cmp,18.868,12.0,15.0,19.0,23.0,26.0
2025_15_ATL_TB,TB,ATL,Baker Mayfield,00-0034855,QB,pass_yds,211.395,124.696,166.679,211.81,257.351,303.054
2025_15_ATL_TB,TB,ATL,Baker Mayfield,00-0034855,QB,pass_td,1.567,0.0,1.0,1.0,2.0,3.0
2025_15_ATL_TB,TB,ATL,Baker Mayfield,00-0034855,QB,ints,0.601,0.0,0.0,0.0,1.0,2.0
2025_15_ATL_TB,TB,ATL,Baker Mayfield,00-0034855,QB,car,3.803,1.0,2.0,4.0,5.0,7.0
2025_15_ATL_TB,TB,ATL,Baker Mayfield,00-0034855,QB,rush_yds,19.165,0.0,5.477,15.411,28.804,43.152
2025_15_ATL_TB,TB,ATL,Baker Mayfield,00-0034855,QB,tgt,0.0,0.0,0.0,0.0,0.0,0.0
2025_15_ATL_TB,TB,ATL,Baker Mayfield,00-0034855,QB,rec,0.0,0.0,0.0,0.0,0.0,0.0
2025_15_ATL_TB,TB,ATL,Baker Mayfield,00-0034855,QB,rec_yds,0.0,0.0,0.0,0.0,0.0,0.0
2025_15_ATL_TB,TB,ATL,Baker Mayfield,00-0034855,QB,anytime_td,0.107,0.0,0.0,0.0,0.0,1.0
2025_15_ATL_TB,TB,ATL,Chris Godwin Jr.,00-0033921,WR,car,0.038,0.0,0.0,0.0,0.0,0.0
2025_15_ATL_TB,TB,ATL,Chris Godwin Jr.,00-0033921,WR,rush_yds,0.226,0.0,0.0,0.0,0.0,0.0
2025_15_ATL_TB,TB,ATL,Chris Godwin Jr.,00-0033921,WR,tgt,5.062,2.0,3.0,5.0,7.0,9.0
2025_15_ATL_TB,TB,ATL,Chris Godwin Jr.,00-0033921,WR,rec,3.39,1.0,2.0,3.0,5.0,6.0
2025_15_ATL_TB,TB,ATL,Chris Godwin Jr.,00-0033921,WR,rec_yds,41.829,6.029,17.69,35.528,59.233,85.911
2025_15_ATL_TB,TB,ATL,Chris Godwin Jr.,00-0033921,WR,anytime_td,0.172,0.0,0.0,0.0,0.0,1.0
2025_15_ATL_TB,TB,ATL,Emeka Egbuka,00-0040129,WR,car,0.064,0.0,0.0,0.0,0.0,0.0
2025_15_ATL_TB,TB,ATL,Emeka Egbuka,00-0040129,WR,rush_yds,0.358,0.0,0.0,0.0,0.0,0.0
2025_15_ATL_TB,TB,ATL,Emeka Egbuka,00-0040129,WR,tgt,6.679,3.0,4.0,6.0,9.0,11.0
2025_15_ATL_TB,TB,ATL,Emeka Egbuka,00-0040129,WR,rec,3.749,1.0,2.0,3.0,5.0,7.0
2025_15_ATL_TB,TB,ATL,Emeka Egbuka,00-0040129,WR,rec_yds,48.907,9.314,23.125,42.879,67.726,95.975
2025_15_ATL_TB,TB,ATL,Emeka Egbuka,00-0040129,WR,anytime_td,0.253,0.0,0.0,0.0,1.0,1.0
2025_15_ATL_TB,TB,ATL,Mike Evans,00-0031408,WR,car,0.006,0.0,0.0,0.0,0.0,0.0
2025_15_ATL_TB,TB,ATL,Mike Evans,00-0031408,WR,rush_yds,0.046,0.0,0.0,0.0,0.0,0.0
2025_15_ATL_TB,TB,ATL,Mike Evans,00-0031408,WR,tgt,5.5,2.0,3.0,5.0,7.0,9.0
2025_15_ATL_TB,TB,ATL,Mike Evans,00-0031408,WR,rec,3.419,1.0,2.0,3.0,5.0,6.0
2025_15_ATL_TB,TB,ATL,Mike Evans,00-0031408,WR,rec_yds,41.151,6.28,17.527,35.11,59.058,84.019
2025_15_ATL_TB,TB,ATL,Mike Evans,00-0031408,WR,anytime_td,0.25,0.0,0.0,0.0,1.0,1.0
2025_15_ATL_TB,TB,ATL,Bucky Irving,00-0039361,RB,car,12.435,5.0,8.0,12.0,16.0,21.0
2025_15_ATL_TB,TB,ATL,Bucky Irving,00-0039361,RB,rush_yds,52.881,15.684,27.41,46.669,71.077,99.302
2025_15_ATL_TB,TB,ATL,Bucky Irving,00-0039361,RB,tgt,2.804,0.0,1.0,2.0,4.0,6.0
2025_15_ATL_TB,TB,ATL,Bucky Irving,00-0039361,RB,rec,2.502,0.0,1.0,2.0,4.0,5.0
2025_15_ATL_TB,TB,ATL,Bucky Irving,00-0039361,RB,rec_yds,21.529,0.0,5.028,15.859,31.881,50.835
2025_15_ATL_TB,TB,ATL,Bucky Irving,00-0039361,RB,anytime_td,0.471,0.0,0.0,0.0,1.0,1.0
2025_15_ATL_TB,TB,ATL,Jalen McMillan,00-0039855,WR,car,0.255,0.0,0.0,0.0,0.0,1.0
2025_15_ATL_TB,TB,ATL,Jalen McMillan,00-0039855,WR,rush_yds,1.512,0.0,0.0,0.0,0.0,0.0
2025_15_ATL_TB,TB,ATL,Jalen McMillan,00-0039855,WR,tgt,3.604,1.0,2.0,3.0,5.0,7.0
2025_15_ATL_TB,TB,ATL,Jalen McMillan,00-0039855,WR,rec,2.49,0.0,1.0,2.0,4.0,5.0
2025_15_ATL_TB,TB,ATL,Jalen McMillan,00-0039855,WR,rec_yds,31.253,0.0,10.014,24.522,46.815,68.958
2025_15_ATL_TB,TB,ATL,Jalen McMillan,00-0039855,WR,anytime_td,0.242,0.0,0.0,0.0,0.0,1.0
2025_15_ATL_TB,TB,ATL,Rachaad White,00-0037256,RB,car,6.884,2.0,3.0,6.0,9.0,13.0
2025_15_ATL_TB,TB,ATL,Rachaad White,00-0037256,RB,rush_yds,30.74,3.134,10.88,24.124,42.662,66.384
2025_15_ATL_TB,TB,ATL,Rachaad White,00-0037256,RB,tgt,2.272,0.0,1.0,2.0,3.0,5.0
2025_15_ATL_TB,TB,ATL,Rachaad White,00-0037256,RB,rec,1.959,0.0,1.0,2.0,3.0,4.0
2025_15_ATL_TB,TB,ATL,Rachaad White,00-0037256,RB,rec_yds,13.026,0.0,0.813,8.631,19.654,33.275
2025_15_ATL_TB,TB,ATL,Rachaad White,00-0037256,RB,anytime_td,0.229,0.0,0.0,0.0,0.0,1.0
2025_15_ATL_TB,TB,ATL,Tez Johnson,00-0040237,WR,car,0.44,0.0,0.0,0.0,0.0,1.0
2025_15_ATL_TB,TB,ATL,Tez Johnson,00-0040237,WR,rush_yds,2.449,0.0,0.0,0.0,0.0,7.235
2025_15_ATL_TB,TB,ATL,Tez Johnson,00-0040237,WR,tgt,2.412,0.0,1.0,2.0,3.0,5.0
2025_15_ATL_TB,TB,ATL,Tez Johnson,00-0040237,WR,rec,1.651,0.0,1.0,1.0,2.0,4.0
2025_15_ATL_TB,TB,ATL,Tez Johnson,00-0040237,WR,rec_yds,19.863,0.0,0.0,14.148,29.894,49.248
2025_15_ATL_TB,TB,ATL,Tez Johnson,00-0040237,WR,anytime_td,0.226,0.0,0.0,0.0,0.0,1.0
2025_15_ATL_TB,TB,ATL,Sean Tucker,00-0038951,RB,car,5.809,1.0,3.0,5.0,8.0,12.0
2025_15_ATL_TB,TB,ATL,Sean Tucker,00-0038951,RB,rush_yds,26.324,1.069,7.935,19.415,37.375,59.496
2025_15_ATL_TB,TB,ATL,Sean Tucker,00-0038951,RB,tgt,0.731,0.0,0.0,0.0,1.0,2.0
2025_15_ATL_TB,TB,ATL,Sean Tucker,00-0038951,RB,rec,0.604,0.0,0.0,0.0,1.0,2.0
2025_15_ATL_TB,TB,ATL,Sean Tucker,00-0038951,RB,rec_yds,4.3,0.0,0.0,0.0,5.571,14.874
2025_15_ATL_TB,TB,ATL,Sean Tucker,00-0038951,RB,anytime_td,0.306,0.0,0.0,0.0,1.0,1.0
2025_15_ATL_TB,ATL,TB,Kirk Cousins,00-0029604,QB,att,30.927,21.0,26.0,32.0,37.0,42.0
2025_15_ATL_TB,ATL,TB,Kirk Cousins,00-0029604,QB,cmp,19.397,12.0,16.0,20.0,23.0,27.0
2025_15_ATL_TB,ATL,TB,Kirk Cousins,00-0029604,QB,pass_yds,205.471,124.746,163.315,204.971,248.457,292.748
2025_15_ATL_TB,ATL,TB,Kirk Cousins,00-0029604,QB,pass_td,0.976,0.0,0.0,1.0,2.0,2.0
2025_15_ATL_TB,ATL,TB,Kirk Cousins,00-0029604,QB,ints,0.806,0.0,0.0,1.0,1.0,2.0
2025_15_ATL_TB,ATL,TB,Kirk Cousins,00-0029604,QB,car,1.568,0.0,0.0,1.0,2.0,4.0
2025_15_ATL_TB,ATL,TB,Kirk Cousins,00-0029604,QB,rush_yds,5.669,-1.0,0.0,0.0,8.892,18.794
2025_15_ATL_TB,ATL,TB,Kirk Cousins,00-0029604,QB,tgt,0.0,0.0,0.0,0.0,0.0,0.0
2025_15_ATL_TB,ATL,TB,Kirk Cousins,00-0029604,QB,rec,0.0,0.0,0.0,0.0,0.0,0.0
2025_15_ATL_TB,ATL,TB,Kirk Cousins,00-0029604,QB,rec_yds,0.001,0.0,0.0,0.0,0.0,0.0
2025_15_ATL_TB,ATL,TB,Kirk Cousins,00-0029604,QB,anytime_td,0.009,0.0,0.0,0.0,0.0,0.0
2025_15_ATL_TB,ATL,TB,Kyle Pitts,00-0036970,TE,car,0.002,0.0,0.0,0.0,0.0,0.0
2025_15_ATL_TB,ATL,TB,Kyle Pitts,00-0036970,TE,rush_yds,0.002,0.0,0.0,0.0,0.0,0.0
2025_15_ATL_TB,ATL,TB,Kyle Pitts,00-0036970,TE,tgt,8.669,4.0,6.0,8.0,11.0,14.0
2025_15_ATL_TB,ATL,TB,Kyle Pitts,00-0036970,TE,rec,5.958,3.0,4.0,6.0,8.0,10.0
2025_15_ATL_TB,ATL,TB,Kyle Pitts,00-0036970,TE,rec_yds,63.267,22.218,37.73,58.874,84.337,111.002
2025_15_ATL_TB,ATL,TB,Kyle Pitts,00-0036970,TE,anytime_td,0.101,0.0,0.0,0.0,0.0,1.0
2025_15_ATL_TB,ATL,TB,David Sills,00-0035359,WR,car,0.004,0.0,0.0,0.0,0.0,0.0
2025_15_ATL_TB,ATL,TB,David Sills,00-0035359,WR,rush_yds,0.018,0.0,0.0,0.0,0.0,0.0
2025_15_ATL_TB,ATL,TB,David Sills,00-0035359,WR,tgt,3.008,1.0,1.0,3.0,4.0,6.0
2025_15_ATL_TB,ATL,TB,David Sills,00-0035359,WR,rec,1.654,0.0,1.0,1.0,2.0,4.0
2025_15_ATL_TB,ATL,TB,David Sills,00-0035359,WR,rec_yds,19.728,0.0,1.6,13.573,29.429,48.999
2025_15_ATL_TB,ATL,TB,David Sills,00-0035359,WR,anytime_td,0.16,0.0,0.0,0.0,0.0,1.0
2025_15_ATL_TB,ATL,TB,Darnell Mooney,00-0036309,WR,car,0.006,0.0,0.0,0.0,0.0,0.0
2025_15_ATL_TB,ATL,TB,Darnell Mooney,00-0036309,WR,rush_yds,0.025,0.0,0.0,0.0,0.0,0.0
2025_15_ATL_TB,ATL,TB,Darnell Mooney,00-0036309,WR,tgt,6.607,3.0,4.0,6.0,9.0,11.0
2025_15_ATL_TB,ATL,TB,Darnell Mooney,00-0036309,WR,rec,3.477,1.0,2.0,3.0,5.0,6.0
2025_15_ATL_TB,ATL,TB,Darnell Mooney,00-0036309,WR,rec_yds,46.419,7.743,21.334,40.362,65.805,91.135
2025_15_ATL_TB,ATL,TB,Darnell Mooney,00-0036309,WR,anytime_td,0.143,0.0,0.0,0.0,0.0,1.0
2025_15_ATL_TB,ATL,TB,Bijan Robinson,00-0038542,RB,car,15.985,8.0,11.0,16.0,20.0,24.0
2025_15_ATL_TB,ATL,TB,Bijan Robinson,00-0038542,RB,rush_yds,69.752,25.331,41.16,62.356,90.718,123.288
2025_15_ATL_TB,ATL,TB,Bijan Robinson,00-0038542,RB,tgt,6.301,3.0,4.0,6.0,8.0,11.0
2025_15_ATL_TB,ATL,TB,Bijan Robinson,00-0038542,RB,rec,4.896,2.0,3.0,5.0,7.0,8.0
2025_15_ATL_TB,ATL,TB,Bijan Robinson,00-0038542,RB,rec_yds,40.861,8.13,19.249,36.328,56.895,80.466
2025_15_ATL_TB,ATL,TB,Bijan Robinson,00-0038542,RB,anytime_td,0.422,0.0,0.0,0.0,1.0,1.0
2025_15_ATL_TB,ATL,TB,Charlie Woerner,00-0036429,TE,car,0.002,0.0,0.0,0.0,0.0,0.0
2025_15_ATL_TB,ATL,TB,Charlie Woerner,00-0036429,TE,rush_yds,0.003,0.0,0.0,0.0,0.0,0.0
2025_15_ATL_TB,ATL,TB,Charlie Woerner,00-0036429,TE,tgt,0.821,0.0,0.0,0.0,1.0,2.0
2025_15_ATL_TB,ATL,TB,Charlie Woerner,00-0036429,TE,rec,0.583,0.0,0.0,0.0,1.0,2.0
2025_15_ATL_TB,ATL,TB,Charlie Woerner,00-0036429,TE,rec_yds,5.684,0.0,0.0,0.0,7.771,19.33
2025_15_ATL_TB,ATL,TB,Charlie Woerner,00-0036429,TE,anytime_td,0.004,0.0,0.0,0.0,0.0,0.0
2025_15_ATL_TB,ATL,TB,Dylan Drummond,00-0038953,WR,car,0.013,0.0,0.0,0.0,0.0,0.0
2025_15_ATL_TB,ATL,TB,Dylan Drummond,00-0038953,WR,rush_yds,0.064,0.0,0.0,0.0,0.0,0.0
2025_15_ATL_TB,ATL,TB,Dylan Drummond,00-0038953,WR,tgt,3.315,1.0,2.0,3.0,5.0,6.0
2025_15_ATL_TB,ATL,TB,Dylan Drummond,00-0038953,WR,rec,2.024,0.0,1.0,2.0,3.0,4.0
2025_15_ATL_TB,ATL,TB,Dylan Drummond,00-0038953,WR,rec_yds,23.075,0.0,5.432,16.763,33.987,54.963
2025_15_ATL_TB,ATL,TB,Dylan Drummond,00-0038953,WR,anytime_td,0.042,0.0,0.0,0.0,0.0,0.0
2025_15_ATL_TB,ATL,TB,Tyler Allgeier,00-0037263,RB,car,7.58,2.0,4.0,7.0,10.0,14.0
2025_15_ATL_TB,ATL,TB,Tyler Allgeier,00-0037263,RB,rush_yds,27.755,4.211,10.931,21.863,38.498,58.566
2025_15_ATL_TB,ATL,TB,Tyler Allgeier,00-0037263,RB,tgt,1.558,0.0,0.0,1.0,2.0,4.0
2025_15_ATL_TB,ATL,TB,Tyler Allgeier,00-0037263,RB,rec,1.24,0.0,0.0,1.0,2.0,3.0
2025_15_ATL_TB,ATL,TB,Tyler Allgeier,00-0037263,RB,rec_yds,9.78,0.0,0.0,4.856,14.578,28.181
2025_15_ATL_TB,ATL,TB,Tyler Allgeier,00-0037263,RB,anytime_td,0.328,0.0,0.0,0.0,1.0,1.0
2025_15_ATL_TB,ATL,TB,Chris Blair,00-0036463,WR,car,0.025,0.0,0.0,0.0,0.0,0.0
2025_15_ATL_TB,ATL,TB,Chris Blair,00-0036463,WR,rush_yds,0.146,0.0,0.0,0.0,0.0,0.0
2025_15_ATL_TB,ATL,TB,Chris Blair,00-0036463,WR,tgt,1.14,0.0,0.0,1.0,2.0,3.0
2025_15_ATL_TB,ATL,TB,Chris Blair,00-0036463,WR,rec,0.702,0.0,0.0,0.0,1.0,2.0
2025_15_ATL_TB,ATL,TB,Chris Blair,00-0036463,WR,rec_yds,8.731,0.0,0.0,0.0,12.689,28.574
2025_15_ATL_TB,ATL,TB,Chris Blair,00-0036463,WR,anytime_td,0.019,0.0,0.0,0.0,0.0,0.0
2025_15_ARI_HOU,HOU,ARI,C.J. Stroud,00-0039163,QB,att,30.827,20.0,26.0,31.0,37.0,41.0
2025_15_ARI_HOU,HOU,ARI,C.J. Stroud,00-0039163,QB,cmp,20.394,13.0,17.0,21.0,25.0,28.0
2025_15_ARI_HOU,HOU,ARI,C.J. Stroud,00-0039163,QB,pass_yds,237.022,144.949,190.164,238.46,285.506,332.31
2025_15_ARI_HOU,HOU,ARI,C.J. Stroud,00-0039163,QB,pass_td,1.759,0.0,1.0,2.0,3.0,3.0
2025_15_ARI_HOU,HOU,ARI,C.J. Stroud,00-0039163,QB,ints,0.573,0.0,0.0,0.0,1.0,2.0
2025_15_ARI_HOU,HOU,ARI,C.J. Stroud,00-0039163,QB,car,3.827,1.0,2.0,3.0,5.0,7.0
2025_15_ARI_HOU,HOU,ARI,C.J. Stroud,00-0039163,QB,rush_yds,16.661,-1.0,3.131,12.425,24.848,40.277
2025_15_ARI_HOU,HOU,ARI,C.J. Stroud,00-0039163,QB,tgt,0.002,0.0,0.0,0.0,0.0,0.0
2025_15_ARI_HOU,HOU,ARI,C.J. Stroud,00-0039163,QB,rec,0.002,0.0,0.0,0.0,0.0,0.0
2025_15_ARI_HOU,HOU,ARI,C.J. Stroud,00-0039163,QB,rec_yds,0.015,0.0,0.0,0.0,0.0,0.0
2025_15_ARI_HOU,HOU,ARI,C.J. Stroud,00-0039163,QB,anytime_td,0.025,0.0,0.0,0.0,0.0,0.0
2025_15_ARI_HOU,HOU,ARI,Dalton Schultz,00-0034383,TE,car,0.001,0.0,0.0,0.0,0.0,0.0
2025_15_ARI_HOU,HOU,ARI,Dalton Schultz,00-0034383,TE,rush_yds,0.005,0.0,0.0,0.0,0.0,0.0
2025_15_ARI_HOU,HOU,ARI,Dalton Schultz,00-0034383,TE,tgt,5.637,2.0,4.0,5.0,7.0,10.0
2025_15_ARI_HOU,HOU,ARI,Dalton Schultz,00-0034383,TE,rec,4.259,1.0,2.0,4.0,6.0,7.0
2025_15_ARI_HOU,HOU,ARI,Dalton Schultz,00-0034383,TE,rec_yds,42.129,9.521,20.864,37.566,58.735,79.991
2025_15_ARI_HOU,HOU,ARI,Dalton Schultz,00-0034383,TE,anytime_td,0.17,0.0,0.0,0.0,0.0,1.0
2025_15_ARI_HOU,HOU,ARI,Nico Collins,00-0036554,WR,car,0.246,0.0,0.0,0.0,0.0,1.0
2025_15_ARI_HOU,HOU,ARI,Nico Collins,00-0036554,WR,rush_yds,1.624,0.0,0.0,0.0,0.0,0.0
2025_15_ARI_HOU,HOU,ARI,Nico Collins,00-0036554,WR,tgt,7.667,4.0,5.0,7.0,10.0,12.0
2025_15_ARI_HOU,HOU,ARI,Nico Collins,00-0036554,WR,rec,4.963,2.0,3.0,5.0,7.0,8.0
2025_15_ARI_HOU,HOU,ARI,Nico Collins,00-0036554,WR,rec_yds,72.889,20.543,39.256,67.286,99.043,132.686
2025_15_ARI_HOU,HOU,ARI,Nico Collins,00-0036554,WR,anytime_td,0.356,0.0,0.0,0.0,1.0,1.0
2025_15_ARI_HOU,HOU,ARI,Jayden Higgins,00-0040130,WR,car,0.006,0.0,0.0,0.0,0.0,0.0
2025_15_ARI_HOU,HOU,ARI,Jayden Higgins,00-0040130,WR,rush_yds,0.028,0.0,0.0,0.0,0.0,0.0
2025_15_ARI_HOU,HOU,ARI,Jayden Higgins,00-0040130,WR,tgt,4.397,1.0,3.0,4.0,6.0,8.0
2025_15_ARI_HOU,HOU,ARI,Jayden Higgins,00-0040130,WR,rec,2.905,1.0,1.0,3.0,4.0,6.0
2025_15_ARI_HOU,HOU,ARI,Jayden Higgins,00-0040130,WR,rec_yds,35.308,2.063,13.47,28.995,50.648,75.104
2025_15_ARI_HOU,HOU,ARI,Jayden Higgins,00-0040130,WR,anytime_td,0.294,0.0,0.0,0.0,1.0,1.0
2025_15_ARI_HOU,HOU,ARI,Cade Stover,00-0039359,TE,car,0.781,0.0,0.0,0.0,1.0,3.0
2025_15_ARI_HOU,HOU,ARI,Cade Stover,00-0039359,TE,rush_yds,2.097,0.0,0.0,0.0,1.02,7.392
2025_15_ARI_HOU,HOU,ARI,Cade Stover,00-0039359,TE,tgt,1.551,0.0,0.0,1.0,2.0,4.0
2025_15_ARI_HOU,HOU,ARI,Cade Stover,00-0039359,TE,rec,1.163,0.0,0.0,1.0,2.0,3.0
2025_15_ARI_HOU,HOU,ARI,Cade Stover,00-0039359,TE,rec_yds,11.489,0.0,0.0,6.32,17.797,31.685
2025_15_ARI_HOU,HOU,ARI,Cade Stover,00-0039359,TE,anytime_td,0.101,0.0,0.0,0.0,0.0,1.0
2025_15_ARI_HOU,HOU,ARI,Jawhar Jordan,00-0039405,RB,car,3.363,0.0,1.0,3.0,5.0,8.0
2025_15_ARI_HOU,HOU,ARI,Jawhar Jordan,00-0039405,RB,rush_yds,16.928,0.0,1.233,9.925,24.221,44.696
2025_15_ARI_HOU,HOU,ARI,Jawhar Jordan,00-0039405,RB,tgt,0.687,0.0,0.0,0.0,1.0,2.0
2025_15_ARI_HOU,HOU,ARI,Jawhar Jordan,00-0039405,RB,rec,0.565,0.0,0.0,0.0,1.0,2.0
2025_15_ARI_HOU,HOU,ARI,Jawhar Jordan,00-0039405,RB,rec_yds,4.212,0.0,0.0,0.0,5.105,14.655
2025_15_ARI_HOU,HOU,ARI,Jawhar Jordan,00-0039405,RB,anytime_td,0.16,0.0,0.0,0.0,0.0,1.0
2025_15_ARI_HOU,HOU,ARI,Dare Ogunbowale,00-0033854,RB,car,0.658,0.0,0.0,0.0,1.0,2.0
2025_15_ARI_HOU,HOU,ARI,Dare Ogunbowale,00-0033854,RB,rush_yds,3.382,0.0,0.0,0.0,1.179,10.725
2025_15_ARI_HOU,HOU,ARI,Dare Ogunbowale,00-0033854,RB,tgt,0.434,0.0,0.0,0.0,1.0,1.0
2025_15_ARI_HOU,HOU,ARI,Dare Ogunbowale,00-0033854,RB,rec,0.357,0.0,0.0,0.0,1.0,1.0
2025_15_ARI_HOU,HOU,ARI,Dare Ogunbowale,00-0033854,RB,rec_yds,2.718,0.0,0.0,0.0,0.0,9.803
2025_15_ARI_HOU,HOU,ARI,Dare Ogunbowale,00-0033854,RB,anytime_td,0.082,0.0,0.0,0.0,0.0,0.0
2025_15_ARI_HOU,HOU,ARI,Xavier Hutchinson,00-0038618,WR,car,0.046,0.0,0.0,0.0,0.0,0.0
2025_15_ARI_HOU,HOU,ARI,Xavier Hutchinson,00-0038618,WR,rush_yds,0.285,0.0,0.0,0.0,0.0,0.0
2025_15_ARI_HOU,HOU,ARI,Xavier Hutchinson,00-0038618,WR,tgt,2.727,0.0,1.0,2.0,4.0,6.0
2025_15_ARI_HOU,HOU,ARI,Xavier Hutchinson,00-0038618,WR,rec,1.729,0.0,1.0,1.0,3.0,4.0
2025_15_ARI_HOU,HOU,ARI,Xavier Hutchinson,00-0038618,WR,rec_yds,22.417,0.0,2.061,15.474,33.333,54.688
2025_15_ARI_HOU,HOU,ARI,Xavier Hutchinson,00-0038618,WR,anytime_td,0.184,0.0,0.0,0.0,0.0,1.0
2025_15_ARI_HOU,HOU,ARI,Christian Kirk,00-0034775,WR,car,0.005,0.0,0.0,0.0,0.0,0.0
2025_15_ARI_HOU,HOU,ARI,Christian Kirk,00-0034775,WR,rush_yds,0.042,0.0,0.0,0.0,0.0,0.0
2025_15_ARI_HOU,HOU,ARI,Christian Kirk,00-0034775,WR,tgt,3.663,1.0,2.0,3.0,5.0,7.0
2025_15_ARI_HOU,HOU,ARI,Christian Kirk,00-0034775,WR,rec,2.302,0.0,1.0,2.0,3.0,5.0
2025_15_ARI_HOU,HOU,ARI,Christian Kirk,00-0034775,WR,rec_yds,27.605,0.0,7.542,21.181,40.705,64.327
2025_15_ARI_HOU,HOU,ARI,Christian Kirk,00-0034775,WR,anytime_td,0.185,0.0,0.0,0.0,0.0,1.0
2025_15_ARI_HOU,HOU,ARI,Woody Marks,00-0040583,RB,car,17.94,10.0,13.0,17.0,22.0,27.0
2025_15_ARI_HOU,HOU,ARI,Woody Marks,00-0040583,RB,rush_yds,78.803,31.225,47.757,71.711,101.575,136.659
2025_15_ARI_HOU,HOU,ARI,Woody Marks,00-0040583,RB,tgt,1.942,0.0,1.0,2.0,3.0,4.0
2025_15_ARI_HOU,HOU,ARI,Woody Marks,00-0040583,RB,rec,1.519,0.0,0.0,1.0,2.0,3.0
2025_15_ARI_HOU,HOU,ARI,Woody Marks,00-0040583,RB,rec_yds,11.555,0.0,0.0,6.713,17.751,31.273
2025_15_ARI_HOU,HOU,ARI,Woody Marks,00-0040583,RB,anytime_td,0.471,0.0,0.0,0.0,1.0,1.0
2025_15_ARI_HOU,HOU,ARI,Jaylin Noel,00-0040138,WR,car,0.529,0.0,0.0,0.0,0.0,2.0
2025_15_ARI_HOU,HOU,ARI,Jaylin Noel,00-0040138,WR,rush_yds,3.324,0.0,0.0,0.0,0.0,10.957
2025_15_ARI_HOU,HOU,ARI,Jaylin Noel,00-0040138,WR,tgt,2.036,0.0,1.0,2.0,3.0,5.0
2025_15_ARI_HOU,HOU,ARI,Jaylin Noel,00-0040138,WR,rec,1.409,0.0,0.0,1.0,2.0,3.0
2025_15_ARI_HOU,HOU,ARI,Jaylin Noel,00-0040138,WR,rec_yds,16.905,0.0,0.0,10.346,25.822,45.323
2025_15_ARI_HOU,HOU,ARI,Jaylin Noel,00-0040138,WR,anytime_td,0.108,0.0,0.0,0.0,0.0,1.0
2025_15_ARI_HOU,HOU,ARI,Harrison Bryant,00-0036232,TE,car,0.002,0.0,0.0,0.0,0.0,0.0
2025_15_ARI_HOU,HOU,ARI,Harrison Bryant,00-0036232,TE,rush_yds,0.002,0.0,0.0,0.0,0.0,0.0
2025_15_ARI_HOU,HOU,ARI,Harrison Bryant,00-0036232,TE,tgt,0.666,0.0,0.0,0.0,1.0,2.0
2025_15_ARI_HOU,HOU,ARI,Harrison Bryant,00-0036232,TE,rec,0.472,0.0,0.0,0.0,1.0,2.0
2025_15_ARI_HOU,HOU,ARI,Harrison Bryant,00-0036232,TE,rec_yds,4.677,0.0,0.0,0.0,5.805,16.653
2025_15_ARI_HOU,HOU,ARI,Harrison Bryant,00-0036232,TE,anytime_td,0.007,0.0,0.0,0.0,0.0,0.0
2025_15_ARI_HOU,HOU,ARI,British Brooks,00-0039603,RB,car,0.823,0.0,0.0,0.0,1.0,3.0
2025_15_ARI_HOU,HOU,ARI,British Brooks,00-0039603,RB,rush_yds,4.083,0.0,0.0,0.0,3.067,13.631
2025_15_ARI_HOU,HOU,ARI,British Brooks,00-0039603,RB,tgt,0.06,0.0,0.0,0.0,0.0,0.0
2025_15_ARI_HOU,HOU,ARI,British Brooks,00-0039603,RB,rec,0.048,0.0,0.0,0.0,0.0,0.0
2025_15_ARI_HOU,HOU,ARI,British Brooks,00-0039603,RB,rec_yds,0.356,0.0,0.0,0.0,0.0,0.0
2025_15_ARI_HOU,HOU,ARI,British Brooks,00-0039603,RB,anytime_td,0.029,0.0,0.0,0.0,0.0,0.0
2025_15_ARI_HOU,ARI,HOU,Jacoby Brissett,00-0033119,QB,att,34.201,24.0,29.0,35.0,40.0,45.0
2025_15_ARI_HOU,ARI,HOU,Jacoby Brissett,00-0033119,QB,cmp,20.315,13.0,17.0,21.0,24.0,28.0
2025_15_ARI_HOU,ARI,HOU,Jacoby Brissett,00-0033119,QB,pass_yds,210.228,129.872,168.836,210.126,254.055,295.505
2025_15_ARI_HOU,ARI,HOU,Jacoby Brissett,00-0033119,QB,pass_td,1.049,0.0,0.0,1.0,2.0,2.0
2025_15_ARI_HOU,ARI,HOU,Jacoby Brissett,00-0033119,QB,ints,0.89,0.0,0.0,1.0,1.0,2.0
2025_15_ARI_HOU,ARI,HOU,Jacoby Brissett,00-0033119,QB,car,3.165,1.0,1.0,3.0,4.0,6.0
2025_15_ARI_HOU,ARI,HOU,Jacoby Brissett,00-0033119,QB,rush_yds,16.385,0.0,4.646,12.927,24.636,37.03
2025_15_ARI_HOU,ARI,HOU,Jacoby Brissett,00-0033119,QB,tgt,0.0,0.0,0.0,0.0,0.0,0.0
2025_15_ARI_HOU,ARI,HOU,Jacoby Brissett,00-0033119,QB,rec,0.0,0.0,0.0,0.0,0.0,0.0
2025_15_ARI_HOU,ARI,HOU,Jacoby Brissett,00-0033119,QB,rec_yds,0.002,0.0,0.0,0.0,0.0,0.0
2025_15_ARI_HOU,ARI,HOU,Jacoby Brissett,00-0033119,QB,anytime_td,0.072,0.0,0.0,0.0,0.0,0.0
2025_15_ARI_HOU,ARI,HOU,Trey McBride,00-0037744,TE,car,0.001,0.0,0.0,0.0,0.0,0.0
2025_15_ARI_HOU,ARI,HOU,Trey McBride,00-0037744,TE,rush_yds,0.001,0.0,0.0,0.0,0.0,0.0
2025_15_ARI_HOU,ARI,HOU,Trey McBride,00-0037744,TE,tgt,9.743,5.0,7.0,9.0,12.0,15.0
2025_15_ARI_HOU,ARI,HOU,Trey McBride,00-0037744,TE,rec,6.231,3.0,4.0,6.0,8.0,10.0
2025_15_ARI_HOU,ARI,HOU,Trey McBride,00-0037744,TE,rec_yds,65.698,23.609,39.738,61.54,87.207,113.668
2025_15_ARI_HOU,ARI,HOU,Trey McBride,00-0037744,TE,anytime_td,0.265,0.0,0.0,0.0,1.0,1.0
2025_15_ARI_HOU,ARI,HOU,Michael Wilson,00-0038559,WR,car,0.015,0.0,0.0,0.0,0.0,0.0
2025_15_ARI_HOU,ARI,HOU,Michael Wilson,00-0038559,WR,rush_yds,0.059,0.0,0.0,0.0,0.0,0.0
2025_15_ARI_HOU,ARI,HOU,Michael Wilson,00-0038559,WR,tgt,9.047,4.0,6.0,9.0,11.0,14.0
2025_15_ARI_HOU,ARI,HOU,Michael Wilson,00-0038559,WR,rec,5.168,2.0,3.0,5.0,7.0,9.0
2025_15_ARI_HOU,ARI,HOU,Michael Wilson,00-0038559,WR,rec_yds,64.888,18.976,34.898,58.389,90.115,119.326
2025_15_ARI_HOU,ARI,HOU,Michael Wilson,00-0038559,WR,anytime_td,0.199,0.0,0.0,0.0,0.0,1.0
2025_15_ARI_HOU,ARI,HOU,Michael Carter,00-0036924,RB,car,5.07,1.0,2.0,4.0,7.0,10.0
2025_15_ARI_HOU,ARI,HOU,Michael Carter,00-0036924,RB,rush_yds,17.831,0.654,5.085,12.974,25.005,41.468
2025_15_ARI_HOU,ARI,HOU,Michael Carter,00-0036924,RB,tgt,3.551,1.0,2.0,3.0,5.0,7.0
2025_15_ARI_HOU,ARI,HOU,Michael Carter,00-0036924,RB,rec,2.407,0.0,1.0,2.0,3.0,5.0
2025_15_ARI_HOU,ARI,HOU,Michael Carter,00-0036924,RB,rec_yds,18.856,0.0,4.555,14.013,27.845,44.413
2025_15_ARI_HOU,ARI,HOU,Michael Carter,00-0036924,RB,anytime_td,0.121,0.0,0.0,0.0,0.0,1.0
2025_15_ARI_HOU,ARI,HOU,Jalen Brooks,00-0038640,WR,car,0.017,0.0,0.0,0.0,0.0,0.0
2025_15_ARI_HOU,ARI,HOU,Jalen Brooks,00-0038640,WR,rush_yds,0.112,0.0,0.0,0.0,0.0,0.0
2025_15_ARI_HOU,ARI,HOU,Jalen Brooks,00-0038640,WR,tgt,2.095,0.0,1.0,2.0,3.0,5.0
2025_15_ARI_HOU,ARI,HOU,Jalen Brooks,00-0038640,WR,rec,1.149,0.0,0.0,1.0,2.0,3.0
2025_15_ARI_HOU,ARI,HOU,Jalen Brooks,00-0038640,WR,rec_yds,15.144,0.0,0.0,8.359,23.374,41.519
2025_15_ARI_HOU,ARI,HOU,Jalen Brooks,00-0038640,WR,anytime_td,0.041,0.0,0.0,0.0,0.0,0.0
2025_15_ARI_HOU,ARI,HOU,Elijah Higgins,00-0039041,TE,car,0.002,0.0,0.0,0.0,0.0,0.0
2025_15_ARI_HOU,ARI,HOU,Elijah Higgins,00-0039041,TE,rush_yds,0.007,0.0,0.0,0.0,0.0,0.0
2025_15_ARI_HOU,ARI,HOU,Elijah Higgins,00-0039041,TE,tgt,1.705,0.0,0.0,1.0,3.0,4.0
2025_15_ARI_HOU,ARI,HOU,Elijah Higgins,00-0039041,TE,rec,1.107,0.0,0.0,1.0,2.0,3.0
2025_15_ARI_HOU,ARI,HOU,Elijah Higgins,00-0039041,TE,rec_yds,11.195,0.0,0.0,5.667,16.836,31.81
2025_15_ARI_HOU,ARI,HOU,Elijah Higgins,00-0039041,TE,anytime_td,0.02,0.0,0.0,0.0,0.0,0.0
2025_15_ARI_HOU,ARI,HOU,Trent Sherfield,00-0034487,WR,car,0.008,0.0,0.0,0.0,0.0,0.0
2025_15_ARI_HOU,ARI,HOU,Trent Sherfield,00-0034487,WR,rush_yds,0.035,0.0,0.0,0.0,0.0,0.0
2025_15_ARI_HOU,ARI,HOU,Trent Sherfield,00-0034487,WR,tgt,0.663,0.0,0.0,0.0,1.0,2.0
2025_15_ARI_HOU,ARI,HOU,Trent Sherfield,00-0034487,WR,rec,0.361,0.0,0.0,0.0,1.0,1.0
2025_15_ARI_HOU,ARI,HOU,Trent Sherfield,00-0034487,WR,rec_yds,4.553,0.0,0.0,0.0,2.48,16.392
2025_15_ARI_HOU,ARI,HOU,Trent Sherfield,00-0034487,WR,anytime_td,0.004,0.0,0.0,0.0,0.0,0.0
2025_15_ARI_HOU,ARI,HOU,Andre Baccellia,00-0035876,WR,car,0.009,0.0,0.0,0.0,0.0,0.0
2025_15_ARI_HOU,ARI,HOU,Andre Baccellia,00-0035876,WR,rush_yds,0.024,0.0,0.0,0.0,0.0,0.0
2025_15_ARI_HOU,ARI,HOU,Andre Baccellia,00-0035876,WR,tgt,1.118,0.0,0.0,1.0,2.0,3.0
2025_15_ARI_HOU,ARI,HOU,Andre Baccellia,00-0035876,WR,rec,0.612,0.0,0.0,0.0,1.0,2.0
2025_15_ARI_HOU,ARI,HOU,Andre Baccellia,00-0035876,WR,rec_yds,7.71,0.0,0.0,0.0,10.594,26.079
2025_15_ARI_HOU,ARI,HOU,Andre Baccellia,00-0035876,WR,anytime_td,0.012,0.0,0.0,0.0,0.0,0.0
2025_15_ARI_HOU,ARI,HOU,Emari Demercado,00-0038705,RB,car,3.35,0.0,1.0,3.0,5.0,7.0
2025_15_ARI_HOU,ARI,HOU,Emari Demercado,00-0038705,RB,rush_yds,14.748,0.0,1.941,8.969,21.406,37.324
2025_15_ARI_HOU,ARI,HOU,Emari Demercado,00-0038705,RB,tgt,1.853,0.0,1.0,1.0,3.0,4.0
2025_15_ARI_HOU,ARI,HOU,Emari Demercado,00-0038705,RB,rec,1.248,0.0,0.0,1.0,2.0,3.0
2025_15_ARI_HOU,ARI,HOU,Emari Demercado,00-0038705,RB,rec_yds,9.476,0.0,0.0,4.768,14.493,27.091
2025_15_ARI_HOU,ARI,HOU,Emari Demercado,00-0038705,RB,anytime_td,0.093,0.0,0.0,0.0,0.0,0.0
2025_15_ARI_HOU,ARI,HOU,Corey Kiner,00-0040556,RB,car,1.872,0.0,0.0,1.0,3.0,5.0
2025_15_ARI_HOU,ARI,HOU,Corey Kiner,00-0040556,RB,rush_yds,7.061,0.0,0.0,2.482,9.518,20.232
2025_15_ARI_HOU,ARI,HOU,Corey Kiner,00-0040556,RB,tgt,0.894,0.0,0.0,0.0,1.0,3.0
2025_15_ARI_HOU,ARI,HOU,Corey Kiner,00-0040556,RB,rec,0.611,0.0,0.0,0.0,1.0,2.0
2025_15_ARI_HOU,ARI,HOU,Corey Kiner,00-0040556,RB,rec_yds,4.631,0.0,0.0,0.0,6.063,15.677
2025_15_ARI_HOU,ARI,HOU,Corey Kiner,00-0040556,RB,anytime_td,0.068,0.0,0.0,0.0,0.0,0.0
2025_15_ARI_HOU,ARI,HOU,Bam Knight,00-0037157,RB,car,7.651,2.0,4.0,7.0,10.0,14.0
2025_15_ARI_HOU,ARI,HOU,Bam Knight,00-0037157,RB,rush_yds,26.165,4.191,10.73,20.845,36.541,54.462
2025_15_ARI_HOU,ARI,HOU,Bam Knight,00-0037157,RB,tgt,3.498,1.0,2.0,3.0,5.0,7.0
2025_15_ARI_HOU,ARI,HOU,Bam Knight,00-0037157,RB,rec,2.306,0.0,1.0,2.0,3.0,5.0
2025_15_ARI_HOU,ARI,HOU,Bam Knight,00-0037157,RB,rec_yds,17.12,0.0,3.519,12.63,25.492,40.824
2025_15_ARI_HOU,ARI,HOU,Bam Knight,00-0037157,RB,anytime_td,0.25,0.0,0.0,0.0,0.0,1.0
2025_15_BAL_CIN,CIN,BAL,Joe Burrow,00-0036442,QB,att,35.699,25.0,31.0,36.0,42.0,47.0
2025_15_BAL_CIN,CIN,BAL,Joe Burrow,00-0036442,QB,cmp,22.693,15.0,19.0,23.0,27.0,31.0
2025_15_BAL_CIN,CIN,BAL,Joe Burrow,00-0036442,QB,pass_yds,254.634,158.653,209.311,256.447,307.194,356.531
2025_15_BAL_CIN,CIN,BAL,Joe Burrow,00-0036442,QB,pass_td,1.829,0.0,1.0,2.0,3.0,3.0
2025_15_BAL_CIN,CIN,BAL,Joe Burrow,00-0036442,QB,ints,0.777,0.0,0.0,1.0,1.0,2.0
2025_15_BAL_CIN,CIN,BAL,Joe Burrow,00-0036442,QB,car,2.204,0.0,1.0,2.0,3.0,5.0
2025_15_BAL_CIN,CIN,BAL,Joe Burrow,00-0036442,QB,rush_yds,8.805,-1.0,0.0,4.783,13.938,25.195
2025_15_BAL_CIN,CIN,BAL,Joe Burrow,00-0036442,QB,tgt,0.001,0.0,0.0,0.0,0.0,0.0
2025_15_BAL_CIN,CIN,BAL,Joe Burrow,00-0036442,QB,rec,0.001,0.0,0.0,0.0,0.0,0.0
2025_15_BAL_CIN,CIN,BAL,Joe Burrow,00-0036442,QB,rec_yds,0.011,0.0,0.0,0.0,0.0,0.0
2025_15_BAL_CIN,CIN,BAL,Joe Burrow,00-0036442,QB,anytime_td,0.074,0.0,0.0,0.0,0.0,0.0
2025_15_BAL_CIN,CIN,BAL,Ja'Marr Chase,00-0036900,WR,car,0.262,0.0,0.0,0.0,0.0,1.0
2025_15_BAL_CIN,CIN,BAL,Ja'Marr Chase,00-0036900,WR,rush_yds,1.3,0.0,0.0,0.0,0.0,1.05
2025_15_BAL_CIN,CIN,BAL,Ja'Marr Chase,00-0036900,WR,tgt,11.951,7.0,9.0,12.0,15.0,18.0
2025_15_BAL_CIN,CIN,BAL,Ja'Marr Chase,00-0036900,WR,rec,7.358,4.0,5.0,7.0,9.0,12.0
2025_15_BAL_CIN,CIN,BAL,Ja'Marr Chase,00-0036900,WR,rec_yds,95.804,38.057,60.334,90.966,124.355,159.986
2025_15_BAL_CIN,CIN,BAL,Ja'Marr Chase,00-0036900,WR,anytime_td,0.278,0.0,0.0,0.0,1.0,1.0
2025_15_BAL_CIN,CIN,BAL,Andrei Iosivas,00-0038619,WR,car,0.204,0.0,0.0,0.0,0.0,1.0
2025_15_BAL_CIN,CIN,BAL,Andrei Iosivas,00-0038619,WR,rush_yds,1.074,0.0,0.0,0.0,0.0,0.0
2025_15_BAL_CIN,CIN,BAL,Andrei Iosivas,00-0038619,WR,tgt,4.084,1.0,2.0,4.0,6.0,8.0
2025_15_BAL_CIN,CIN,BAL,Andrei Iosivas,00-0038619,WR,rec,2.429,0.0,1.0,2.0,3.0,5.0
2025_15_BAL_CIN,CIN,BAL,Andrei Iosivas,00-0038619,WR,rec_yds,34.136,0.0,10.461,27.208,49.945,75.743
2025_15_BAL_CIN,CIN,BAL,Andrei Iosivas,00-0038619,WR,anytime_td,0.183,0.0,0.0,0.0,0.0,1.0
2025_15_BAL_CIN,CIN,BAL,Chase Brown,00-0038597,RB,car,12.079,5.0,8.0,12.0,15.0,19.0
2025_15_BAL_CIN,CIN,BAL,Chase Brown,00-0038597,RB,rush_yds,51.399,14.544,26.974,44.815,67.722,96.182
2025_15_BAL_CIN,CIN,BAL,Chase Brown,00-0038597,RB,tgt,5.724,2.0,3.0,5.0,8.0,10.0
2025_15_BAL_CIN,CIN,BAL,Chase Brown,00-0038597,RB,rec,4.304,1.0,2.0,4.0,6.0,8.0
2025_15_BAL_CIN,CIN,BAL,Chase Brown,00-0038597,RB,rec_yds,30.572,4.572,13.155,26.209,43.601,62.409
2025_15_BAL_CIN,CIN,BAL,Chase Brown,00-0038597,RB,anytime_td,0.468,0.0,0.0,0.0,1.0,1.0
2025_15_BAL_CIN,CIN,BAL,Mike Gesicki,00-0034829,TE,car,0.001,0.0,0.0,0.0,0.0,0.0
2025_15_BAL_CIN,CIN,BAL,Mike Gesicki,00-0034829,TE,rush_yds,0.004,0.0,0.0,0.0,0.0,0.0
2025_15_BAL_CIN,CIN,BAL,Mike Gesicki,00-0034829,TE,tgt,4.228,1.0,2.0,4.0,6.0,8.0
2025_15_BAL_CIN,CIN,BAL,Mike Gesicki,00-0034829,TE,rec,2.927,1.0,1.0,3.0,4.0,6.0
2025_15_BAL_CIN,CIN,BAL,Mike Gesicki,00-0034829,TE,rec_yds,33.007,2.142,11.95,27.399,47.666,69.908
2025_15_BAL_CIN,CIN,BAL,Mike Gesicki,00-0034829,TE,anytime_td,0.165,0.0,0.0,0.0,0.0,1.0
2025_15_BAL_CIN,CIN,BAL,Drew Sample,00-0035631,TE,car,0.126,0.0,0.0,0.0,0.0,0.0
2025_15_BAL_CIN,CIN,BAL,Drew Sample,00-0035631,TE,rush_yds,0.294,0.0,0.0,0.0,0.0,0.0
2025_15_BAL_CIN,CIN,BAL,Drew Sample,00-0035631,TE,tgt,0.872,0.0,0.0,0.0,1.0,2.0
2025_15_BAL_CIN,CIN,BAL,Drew Sample,00-0035631,TE,rec,0.603,0.0,0.0,0.0,1.0,2.0
2025_15_BAL_CIN,CIN,BAL,Drew Sample,00-0035631,TE,rec_yds,6.412,0.0,0.0,0.0,9.011,21.524
2025_15_BAL_CIN,CIN,BAL,Drew Sample,00-0035631,TE,anytime_td,0.036,0.0,0.0,0.0,0.0,0.0
2025_15_BAL_CIN,CIN,BAL,Samaje Perine,00-0033526,RB,car,5.091,1.0,2.0,4.0,7.0,10.0
2025_15_BAL_CIN,CIN,BAL,Samaje Perine,00-0033526,RB,rush_yds,22.331,0.925,6.405,15.812,31.381,52.051
2025_15_BAL_CIN,CIN,BAL,Samaje Perine,00-0033526,RB,tgt,1.227,0.0,0.0,1.0,2.0,3.0
2025_15_BAL_CIN,CIN,BAL,Samaje Perine,00-0033526,RB,rec,0.948,0.0,0.0,1.0,1.0,3.0
2025_15_BAL_CIN,CIN,BAL,Samaje Perine,00-0033526,RB,rec_yds,7.421,0.0,0.0,0.0,10.844,22.969
2025_15_BAL_CIN,CIN,BAL,Samaje Perine,00-0033526,RB,anytime_td,0.17,0.0,0.0,0.0,0.0,1.0
2025_15_BAL_CIN,CIN,BAL,Mitchell Tinsley,00-0038839,WR,car,0.009,0.0,0.0,0.0,0.0,0.0
2025_15_BAL_CIN,CIN,BAL,Mitchell Tinsley,00-0038839,WR,rush_yds,0.064,0.0,0.0,0.0,0.0,0.0
2025_15_BAL_CIN,CIN,BAL,Mitchell Tinsley,00-0038839,WR,tgt,2.384,0.0,1.0,2.0,3.0,5.0
2025_15_BAL_CIN,CIN,BAL,Mitchell Tinsley,00-0038839,WR,rec,1.266,0.0,0.0,1.0,2.0,3.0
2025_15_BAL_CIN,CIN,BAL,Mitchell Tinsley,00-0038839,WR,rec_yds,17.735,0.0,0.0,10.372,26.835,47.923
2025_15_BAL_CIN,CIN,BAL,Mitchell Tinsley,00-0038839,WR,anytime_td,0.103,0.0,0.0,0.0,0.0,1.0
2025_15_BAL_CIN,CIN,BAL,Tanner Hudson,00-0034613,TE,car,0.007,0.0,0.0,0.0,0.0,0.0
2025_15_BAL_CIN,CIN,BAL,Tanner Hudson,00-0034613,TE,rush_yds,0.012,0.0,0.0,0.0,0.0,0.0
2025_15_BAL_CIN,CIN,BAL,Tanner Hudson,00-0034613,TE,tgt,1.871,0.0,1.0,1.0,3.0,4.0
2025_15_BAL_CIN,CIN,BAL,Tanner Hudson,00-0034613,TE,rec,1.367,0.0,0.0,1.0,2.0,3.0
2025_15_BAL_CIN,CIN,BAL,Tanner Hudson,00-0034613,TE,rec_yds,14.998,0.0,0.0,9.035,23.325,40.354
2025_15_BAL_CIN,CIN,BAL,Tanner Hudson,00-0034613,TE,anytime_td,0.145,0.0,0.0,0.0,0.0,1.0
2025_15_BAL_CIN,CIN,BAL,Noah Fant,00-0035644,TE,car,0.001,0.0,0.0,0.0,0.0,0.0
2025_15_BAL_CIN,CIN,BAL,Noah Fant,00-0035644,TE,rush_yds,0.002,0.0,0.0,0.0,0.0,0.0
2025_15_BAL_CIN,CIN,BAL,Noah Fant,00-0035644,TE,tgt,3.059,1.0,1.0,3.0,4.0,6.0
2025_15_BAL_CIN,CIN,BAL,Noah Fant,00-0035644,TE,rec,2.219,0.0,1.0,2.0,3.0,5.0
2025_15_BAL_CIN,CIN,BAL,Noah Fant,00-0035644,TE,rec_yds,23.889,0.0,6.247,18.931,35.64,55.159
2025_15_BAL_CIN,CIN,BAL,Noah Fant,00-0035644,TE,anytime_td,0.14,0.0,0.0,0.0,0.0,1.0
2025_15_BAL_CIN,CIN,BAL,Tahj Brooks,00-0040208,RB,car,2.036,0.0,0.0,1.0,3.0,5.0
2025_15_BAL_CIN,CIN,BAL,Tahj Brooks,00-0040208,RB,rush_yds,8.21,0.0,0.0,2.944,11.653,23.524
2025_15_BAL_CIN,CIN,BAL,Tahj Brooks,00-0040208,RB,tgt,0.426,0.0,0.0,0.0,1.0,1.0
2025_15_BAL_CIN,CIN,BAL,Tahj Brooks,00-0040208,RB,rec,0.314,0.0,0.0,0.0,0.0,1.0
2025_15_BAL_CIN,CIN,BAL,Tahj Brooks,00-0040208,RB,rec_yds,2.519,0.0,0.0,0.0,0.0,9.334
2025_15_BAL_CIN,CIN,BAL,Tahj Brooks,00-0040208,RB,anytime_td,0.081,0.0,0.0,0.0,0.0,0.0
2025_15_BAL_CIN,CIN,BAL,Cam Grandy,00-0039631,TE,car,0.002,0.0,0.0,0.0,0.0,0.0
2025_15_BAL_CIN,CIN,BAL,Cam Grandy,00-0039631,TE,rush_yds,0.003,0.0,0.0,0.0,0.0,0.0
2025_15_BAL_CIN,CIN,BAL,Cam Grandy,00-0039631,TE,tgt,0.53,0.0,0.0,0.0,1.0,2.0
2025_15_BAL_CIN,CIN,BAL,Cam Grandy,00-0039631,TE,rec,0.38,0.0,0.0,0.0,1.0,1.0
2025_15_BAL_CIN,CIN,BAL,Cam Grandy,00-0039631,TE,rec_yds,4.18,0.0,0.0,0.0,2.609,15.252
2025_15_BAL_CIN,CIN,BAL,Cam Grandy,00-0039631,TE,anytime_td,0.008,0.0,0.0,0.0,0.0,0.0
2025_15_BAL_CIN,BAL,CIN,Lamar Jackson,00-0034796,QB,att,28.384,19.0,24.0,29.0,34.0,38.0
2025_15_BAL_CIN,BAL,CIN,Lamar Jackson,00-0034796,QB,cmp,19.004,12.0,16.0,19.0,23.0,26.0
2025_15_BAL_CIN,BAL,CIN,Lamar Jackson,00-0034796,QB,pass_yds,226.709,137.165,180.992,226.715,274.64,321.708
2025_15_BAL_CIN,BAL,CIN,Lamar Jackson,00-0034796,QB,pass_td,1.568,0.0,1.0,1.0,2.0,3.0
2025_15_BAL_CIN,BAL,CIN,Lamar Jackson,00-0034796,QB,ints,0.609,0.0,0.0,0.0,1.0,2.0
2025_15_BAL_CIN,BAL,CIN,Lamar Jackson,00-0034796,QB,car,5.987,2.0,3.0,6.0,8.0,11.0
2025_15_BAL_CIN,BAL,CIN,Lamar Jackson,00-0034796,QB,rush_yds,29.956,4.486,12.466,25.457,42.328,61.429
2025_15_BAL_CIN,BAL,CIN,Lamar Jackson,00-0034796,QB,tgt,0.001,0.0,0.0,0.0,0.0,0.0
2025_15_BAL_CIN,BAL,CIN,Lamar Jackson,00-0034796,QB,rec,0.0,0.0,0.0,0.0,0.0,0.0
2025_15_BAL_CIN,BAL,CIN,Lamar Jackson,00-0034796,QB,rec_yds,0.002,0.0,0.0,0.0,0.0,0.0
2025_15_BAL_CIN,BAL,CIN,Lamar Jackson,00-0034796,QB,anytime_td,0.245,0.0,0.0,0.0,0.0,1.0
2025_15_BAL_CIN,BAL,CIN,Zay Flowers,00-0039064,WR,car,0.633,0.0,0.0,0.0,1.0,2.0
2025_15_BAL_CIN,BAL,CIN,Zay Flowers,00-0039064,WR,rush_yds,3.785,0.0,0.0,0.0,0.0,13.307
2025_15_BAL_CIN,BAL,CIN,Zay Flowers,00-0039064,WR,tgt,7.914,4.0,5.0,7.0,10.0,13.0
2025_15_BAL_CIN,BAL,CIN,Zay Flowers,00-0039064,WR,rec,5.363,2.0,3.0,5.0,7.0,9.0
2025_15_BAL_CIN,BAL,CIN,Zay Flowers,00-0039064,WR,rec_yds,75.547,22.969,42.401,69.226,102.11,135.332
2025_15_BAL_CIN,BAL,CIN,Zay Flowers,00-0039064,WR,anytime_td,0.171,0.0,0.0,0.0,0.0,1.0
2025_15_BAL_CIN,BAL,CIN,Devontez Walker,00-0039792,WR,car,0.006,0.0,0.0,0.0,0.0,0.0
2025_15_BAL_CIN,BAL,CIN,Devontez Walker,00-0039792,WR,rush_yds,0.027,0.0,0.0,0.0,0.0,0.0
2025_15_BAL_CIN,BAL,CIN,Devontez Walker,00-0039792,WR,tgt,1.138,0.0,0.0,1.0,2.0,3.0
2025_15_BAL_CIN,BAL,CIN,Devontez Walker,00-0039792,WR,rec,0.728,0.0,0.0,0.0,1.0,2.0
2025_15_BAL_CIN,BAL,CIN,Devontez Walker,00-0039792,WR,rec_yds,10.703,0.0,0.0,0.0,15.339,35.331
2025_15_BAL_CIN,BAL,CIN,Devontez Walker,00-0039792,WR,anytime_td,0.133,0.0,0.0,0.0,0.0,1.0
2025_15_BAL_CIN,BAL,CIN,Charlie Kolar,00-0038046,TE,car,0.002,0.0,0.0,0.0,0.0,0.0
2025_15_BAL_CIN,BAL,CIN,Charlie Kolar,00-0038046,TE,rush_yds,0.008,0.0,0.0,0.0,0.0,0.0
2025_15_BAL_CIN,BAL,CIN,Charlie Kolar,00-0038046,TE,tgt,1.333,0.0,0.0,1.0,2.0,3.0
2025_15_BAL_CIN,BAL,CIN,Charlie Kolar,00-0038046,TE,rec,0.964,0.0,0.0,1.0,1.0,2.1
2025_15_BAL_CIN,BAL,CIN,Charlie Kolar,00-0038046,TE,rec_yds,11.645,0.0,0.0,4.662,17.686,33.713
2025_15_BAL_CIN,BAL,CIN,Charlie Kolar,00-0038046,TE,anytime_td,0.136,0.0,0.0,0.0,0.0,1.0
2025_15_BAL_CIN,BAL,CIN,Isaiah Likely,00-0037838,TE,car,0.004,0.0,0.0,0.0,0.0,0.0
2025_15_BAL_CIN,BAL,CIN,Isaiah Likely,00-0037838,TE,rush_yds,0.009,0.0,0.0,0.0,0.0,0.0
2025_15_BAL_CIN,BAL,CIN,Isaiah Likely,00-0037838,TE,tgt,4.6,1.0,3.0,4.0,6.0,8.0
2025_15_BAL_CIN,BAL,CIN,Isaiah Likely,00-0037838,TE,rec,3.354,1.0,2.0,3.0,5.0,6.0
2025_15_BAL_CIN,BAL,CIN,Isaiah Likely,00-0037838,TE,rec_yds,39.194,5.723,17.108,33.613,56.286,79.301
2025_15_BAL_CIN,BAL,CIN,Isaiah Likely,00-0037838,TE,anytime_td,0.271,0.0,0.0,0.0,1.0,1.0
2025_15_BAL_CIN,BAL,CIN,Mark Andrews,00-0034753,TE,car,0.671,0.0,0.0,0.0,1.0,2.0
2025_15_BAL_CIN,BAL,CIN,Mark Andrews,00-0034753,TE,rush_yds,1.972,0.0,0.0,0.0,0.0,6.754
2025_15_BAL_CIN,BAL,CIN,Mark Andrews,00-0034753,TE,tgt,5.64,2.0,4.0,5.0,7.0,10.0
2025_15_BAL_CIN,BAL,CIN,Mark Andrews,00-0034753,TE,rec,3.876,1.0,2.0,4.0,5.0,7.0
2025_15_BAL_CIN,BAL,CIN,Mark Andrews,00-0034753,TE,rec_yds,42.345,9.016,20.234,37.297,58.496,83.532
2025_15_BAL_CIN,BAL,CIN,Mark Andrews,00-0034753,TE,anytime_td,0.403,0.0,0.0,0.0,1.0,1.0
2025_15_BAL_CIN,BAL,CIN,Keaton Mitchell,00-0038454,RB,car,3.476,0.0,1.0,3.0,5.0,8.0
2025_15_BAL_CIN,BAL,CIN,Keaton Mitchell,00-0038454,RB,rush_yds,19.502,0.0,1.413,11.228,27.894,50.617
2025_15_BAL_CIN,BAL,CIN,Keaton Mitchell,00-0038454,RB,tgt,1.309,0.0,0.0,1.0,2.0,3.0
2025_15_BAL_CIN,BAL,CIN,Keaton Mitchell,00-0038454,RB,rec,1.047,0.0,0.0,1.0,2.0,3.0
2025_15_BAL_CIN,BAL,CIN,Keaton Mitchell,00-0038454,RB,rec_yds,8.634,0.0,0.0,2.737,12.991,25.517
2025_15_BAL_CIN,BAL,CIN,Keaton Mitchell,00-0038454,RB,anytime_td,0.158,0.0,0.0,0.0,0.0,1.0
2025_15_BAL_CIN,BAL,CIN,Derrick Henry,00-0032764,RB,car,16.782,9.0,12.0,16.0,21.0,25.0
2025_15_BAL_CIN,BAL,CIN,Derrick Henry,00-0032764,RB,rush_yds,82.887,31.234,49.098,74.856,107.847,146.296
2025_15_BAL_CIN,BAL,CIN,Derrick Henry,00-0032764,RB,tgt,1.924,0.0,1.0,2.0,3.0,4.0
2025_15_BAL_CIN,BAL,CIN,Derrick Henry,00-0032764,RB,rec,1.534,0.0,0.0,1.0,2.0,4.0
2025_15_BAL_CIN,BAL,CIN,Derrick Henry,00-0032764,RB,rec_yds,13.697,0.0,0.0,8.407,20.463,37.03
2025_15_BAL_CIN,BAL,CIN,Derrick Henry,00-0032764,RB,anytime_td,0.536,0.0,0.0,1.0,1.0,1.0
2025_15_BAL_CIN,BAL,CIN,DeAndre Hopkins,00-0030564,WR,car,0.006,0.0,0.0,0.0,0.0,0.0
2025_15_BAL_CIN,BAL,CIN,DeAndre Hopkins,00-0030564,WR,rush_yds,0.034,0.0,0.0,0.0,0.0,0.0
2025_15_BAL_CIN,BAL,CIN,DeAndre Hopkins,00-0030564,WR,tgt,2.799,0.0,1.0,2.0,4.0,6.0
2025_15_BAL_CIN,BAL,CIN,DeAndre Hopkins,00-0030564,WR,rec,1.718,0.0,1.0,1.0,3.0,4.0
2025_15_BAL_CIN,BAL,CIN,DeAndre Hopkins,00-0030564,WR,rec_yds,23.224,0.0,2.265,16.514,34.656,57.922
2025_15_BAL_CIN,BAL,CIN,DeAndre Hopkins,00-0030564,WR,anytime_td,0.133,0.0,0.0,0.0,0.0,1.0
2025_15_BAL_CIN,BAL,CIN,Rasheen Ali,00-0039796,RB,car,1.35,0.0,0.0,0.0,2.0,4.0
2025_15_BAL_CIN,BAL,CIN,Rasheen Ali,00-0039796,RB,rush_yds,6.294,0.0,0.0,0.0,7.836,20.031
2025_15_BAL_CIN,BAL,CIN,Rasheen Ali,00-0039796,RB,tgt,0.961,0.0,0.0,1.0,1.0,3.0
2025_15_BAL_CIN,BAL,CIN,Rasheen Ali,00-0039796,RB,rec,0.758,0.0,0.0,0.0,1.0,2.0
2025_15_BAL_CIN,BAL,CIN,Rasheen Ali,00-0039796,RB,rec_yds,6.008,0.0,0.0,0.0,8.817,19.289
2025_15_BAL_CIN,BAL,CIN,Rasheen Ali,00-0039796,RB,anytime_td,0.043,0.0,0.0,0.0,0.0,0.0
2025_15_BAL_CIN,BAL,CIN,Tylan Wallace,00-0036630,WR,car,0.008,0.0,0.0,0.0,0.0,0.0
2025_15_BAL_CIN,BAL,CIN,Tylan Wallace,00-0036630,WR,rush_yds,0.063,0.0,0.0,0.0,0.0,0.0
2025_15_BAL_CIN,BAL,CIN,Tylan Wallace,00-0036630,WR,tgt,0.841,0.0,0.0,0.0,1.0,2.0
2025_15_BAL_CIN,BAL,CIN,Tylan Wallace,00-0036630,WR,rec,0.529,0.0,0.0,0.0,1.0,2.0
2025_15_BAL_CIN,BAL,CIN,Tylan Wallace,00-0036630,WR,rec_yds,7.006,0.0,0.0,0.0,9.067,24.668
2025_15_BAL_CIN,BAL,CIN,Tylan Wallace,00-0036630,WR,anytime_td,0.044,0.0,0.0,0.0,0.0,0.0
2025_15_BUF_NE,NE,BUF,Drake Maye,00-0039851,QB,att,28.684,19.0,24.0,29.0,34.0,39.0
2025_15_BUF_NE,NE,BUF,Drake Maye,00-0039851,QB,cmp,18.775,12.0,15.0,19.0,23.0,26.0
2025_15_BUF_NE,NE,BUF,Drake Maye,00-0039851,QB,pass_yds,221.059,133.705,176.692,221.941,269.835,316.239
2025_15_BUF_NE,NE,BUF,Drake Maye,00-0039851,QB,pass_td,1.512,0.0,1.0,1.0,2.0,3.0
2025_15_BUF_NE,NE,BUF,Drake Maye,00-0039851,QB,ints,0.667,0.0,0.0,0.0,1.0,2.0
2025_15_BUF_NE,NE,BUF,Drake Maye,00-0039851,QB,car,4.72,1.0,3.0,4.0,6.0,8.0
2025_15_BUF_NE,NE,BUF,Drake Maye,00-0039851,QB,rush_yds,24.625,2.812,10.312,20.787,35.097,50.056
2025_15_BUF_NE,NE,BUF,Drake Maye,00-0039851,QB,tgt,0.001,0.0,0.0,0.0,0.0,0.0
2025_15_BUF_NE,NE,BUF,Drake Maye,00-0039851,QB,rec,0.0,0.0,0.0,0.0,0.0,0.0
2025_15_BUF_NE,NE,BUF,Drake Maye,00-0039851,QB,rec_yds,0.0,0.0,0.0,0.0,0.0,0.0
2025_15_BUF_NE,NE,BUF,Drake Maye,00-0039851,QB,anytime_td,0.125,0.0,0.0,0.0,0.0,1.0
2025_15_BUF_NE,NE,BUF,Hunter Henry,00-0033090,TE,car,0.003,0.0,0.0,0.0,0.0,0.0
2025_15_BUF_NE,NE,BUF,Hunter Henry,00-0033090,TE,rush_yds,0.005,0.0,0.0,0.0,0.0,0.0
2025_15_BUF_NE,NE,BUF,Hunter Henry,00-0033090,TE,tgt,5.117,2.0,3.0,5.0,7.0,9.0
2025_15_BUF_NE,NE,BUF,Hunter Henry,00-0033090,TE,rec,3.429,1.0,2.0,3.0,5.0,6.0
2025_15_BUF_NE,NE,BUF,Hunter Henry,00-0033090,TE,rec_yds,41.872,7.178,18.289,36.147,59.958,84.276
2025_15_BUF_NE,NE,BUF,Hunter Henry,00-0033090,TE,anytime_td,0.257,0.0,0.0,0.0,1.0,1.0
2025_15_BUF_NE,NE,BUF,Mack Hollins,00-0033555,WR,car,0.052,0.0,0.0,0.0,0.0,0.0
2025_15_BUF_NE,NE,BUF,Mack Hollins,00-0033555,WR,rush_yds,0.292,0.0,0.0,0.0,0.0,0.0
2025_15_BUF_NE,NE,BUF,Mack Hollins,00-0033555,WR,tgt,4.081,1.0,2.0,4.0,6.0,7.0
2025_15_BUF_NE,NE,BUF,Mack Hollins,00-0033555,WR,rec,2.617,0.0,1.0,2.0,4.0,5.0
2025_15_BUF_NE,NE,BUF,Mack Hollins,00-0033555,WR,rec_yds,34.334,0.0,11.865,27.836,49.6,74.773
2025_15_BUF_NE,NE,BUF,Mack Hollins,00-0033555,WR,anytime_td,0.12,0.0,0.0,0.0,0.0,1.0
2025_15_BUF_NE,NE,BUF,Kayshon Boutte,00-0038608,WR,car,0.005,0.0,0.0,0.0,0.0,0.0
2025_15_BUF_NE,NE,BUF,Kayshon Boutte,00-0038608,WR,rush_yds,0.025,0.0,0.0,0.0,0.0,0.0
2025_15_BUF_NE,NE,BUF,Kayshon Boutte,00-0038608,WR,tgt,3.461,1.0,2.0,3.0,5.0,7.0
2025_15_BUF_NE,NE,BUF,Kayshon Boutte,00-0038608,WR,rec,2.26,0.0,1.0,2.0,3.0,5.0
2025_15_BUF_NE,NE,BUF,Kayshon Boutte,00-0038608,WR,rec_yds,31.534,0.0,8.771,24.543,46.533,72.09
2025_15_BUF_NE,NE,BUF,Kayshon Boutte,00-0038608,WR,anytime_td,0.28,0.0,0.0,0.0,1.0,1.0
2025_15_BUF_NE,NE,BUF,Rhamondre Stevenson,00-0036875,RB,car,10.6,4.0,7.0,10.0,14.0,18.0
2025_15_BUF_NE,NE,BUF,Rhamondre Stevenson,00-0036875,RB,rush_yds,40.856,10.144,20.657,35.115,55.088,77.162
2025_15_BUF_NE,NE,BUF,Rhamondre Stevenson,00-0036875,RB,tgt,2.217,0.0,1.0,2.0,3.0,5.0
2025_15_BUF_NE,NE,BUF,Rhamondre Stevenson,00-0036875,RB,rec,1.7,0.0,1.0,1.0,2.25,4.0
2025_15_BUF_NE,NE,BUF,Rhamondre Stevenson,00-0036875,RB,rec_yds,13.815,0.0,0.0,8.805,20.795,37.074
2025_15_BUF_NE,NE,BUF,Rhamondre Stevenson,00-0036875,RB,anytime_td,0.352,0.0,0.0,0.0,1.0,1.0
2025_15_BUF_NE,NE,BUF,Stefon Diggs,00-0031588,WR,car,0.022,0.0,0.0,0.0,0.0,0.0
2025_15_BUF_NE,NE,BUF,Stefon Diggs,00-0031588,WR,rush_yds,0.153,0.0,0.0,0.0,0.0,0.0
2025_15_BUF_NE,NE,BUF,Stefon Diggs,00-0031588,WR,tgt,5.577,2.0,3.0,5.0,7.0,9.0
2025_15_BUF_NE,NE,BUF,Stefon Diggs,00-0031588,WR,rec,3.82,1.0,2.0,3.0,5.0,7.0
2025_15_BUF_NE,NE,BUF,Stefon Diggs,00-0031588,WR,rec_yds,46.088,8.919,21.424,39.921,64.321,90.459
2025_15_BUF_NE,NE,BUF,Stefon Diggs,00-0031588,WR,anytime_td,0.227,0.0,0.0,0.0,0.0,1.0
2025_15_BUF_NE,NE,BUF,TreVeyon Henderson,00-0040734,RB,car,11.481,5.0,7.0,11.0,15.0,19.0
2025_15_BUF_NE,NE,BUF,TreVeyon Henderson,00-0040734,RB,rush_yds,54.845,14.674,28.016,47.313,73.437,104.844
2025_15_BUF_NE,NE,BUF,TreVeyon Henderson,00-0040734,RB,tgt,2.985,1.0,1.0,3.0,4.0,6.0
2025_15_BUF_NE,NE,BUF,TreVeyon Henderson,00-0040734,RB,rec,2.298,0.0,1.0,2.0,3.0,5.0
2025_15_BUF_NE,NE,BUF,TreVeyon Henderson,00-0040734,RB,rec_yds,16.548,0.0,3.696,12.086,24.75,39.795
2025_15_BUF_NE,NE,BUF,TreVeyon Henderson,00-0040734,RB,anytime_td,0.432,0.0,0.0,0.0,1.0,1.0
2025_15_BUF_NE,NE,BUF,Austin Hooper,00-0032392,TE,car,0.0,0.0,0.0,0.0,0.0,0.0
2025_15_BUF_NE,NE,BUF,Austin Hooper,00-0032392,TE,rush_yds,0.001,0.0,0.0,0.0,0.0,0.0
2025_15_BUF_NE,NE,BUF,Austin Hooper,00-0032392,TE,tgt,1.644,0.0,0.0,1.0,2.0,4.0
2025_15_BUF_NE,NE,BUF,Austin Hooper,00-0032392,TE,rec,1.178,0.0,0.0,1.0,2.0,3.0
2025_15_BUF_NE,NE,BUF,Austin Hooper,00-0032392,TE,rec_yds,13.169,0.0,0.0,7.593,20.727,35.688
2025_15_BUF_NE,NE,BUF,Austin Hooper,00-0032392,TE,anytime_td,0.083,0.0,0.0,0.0,0.0,0.0
2025_15_BUF_NE,NE,BUF,DeMario Douglas,00-0038621,WR,car,0.519,0.0,0.0,0.0,0.0,2.0
2025_15_BUF_NE,NE,BUF,DeMario Douglas,00-0038621,WR,rush_yds,2.826,0.0,0.0,0.0,0.0,9.398
2025_15_BUF_NE,NE,BUF,DeMario Douglas,00-0038621,WR,tgt,2.858,0.0,1.0,3.0,4.0,6.0
2025_15_BUF_NE,NE,BUF,DeMario Douglas,00-0038621,WR,rec,1.907,0.0,1.0,2.0,3.0,4.0
2025_15_BUF_NE,NE,BUF,DeMario Douglas,00-0038621,WR,rec_yds,26.62,0.0,5.184,19.217,40.119,63.307
2025_15_BUF_NE,NE,BUF,DeMario Douglas,00-0038621,WR,anytime_td,0.148,0.0,0.0,0.0,0.0,1.0
2025_15_BUF_NE,NE,BUF,Kyle Williams,00-0040131,WR,car,0.054,0.0,0.0,0.0,0.0,0.0
2025_15_BUF_NE,NE,BUF,Kyle Williams,00-0040131,WR,rush_yds,0.292,0.0,0.0,0.0,0.0,0.0
2025_15_BUF_NE,NE,BUF,Kyle Williams,00-0040131,WR,tgt,1.236,0.0,0.0,1.0,2.0,3.0
2025_15_BUF_NE,NE,BUF,Kyle Williams,00-0040131,WR,rec,0.712,0.0,0.0,0.0,1.0,2.0
2025_15_BUF_NE,NE,BUF,Kyle Williams,00-0040131,WR,rec_yds,10.62,0.0,0.0,0.0,15.61,34.038
2025_15_BUF_NE,NE,BUF,Kyle Williams,00-0040131,WR,anytime_td,0.121,0.0,0.0,0.0,0.0,1.0
2025_15_BUF_NE,BUF,NE,Josh Allen,00-0034857,QB,att,27.933,18.0,24.0,28.0,33.0,38.0
2025_15_BUF_NE,BUF,NE,Josh Allen,00-0034857,QB,cmp,18.93,12.0,15.0,19.0,23.0,27.0
2025_15_BUF_NE,BUF,NE,Josh Allen,00-0034857,QB,pass_yds,217.916,128.171,174.561,218.33,266.093,312.071
2025_15_BUF_NE,BUF,NE,Josh Allen,00-0034857,QB,pass_td,1.544,0.0,1.0,1.0,2.0,3.0
2025_15_BUF_NE,BUF,NE,Josh Allen,00-0034857,QB,ints,0.622,0.0,0.0,0.0,1.0,2.0
2025_15_BUF_NE,BUF,NE,Josh Allen,00-0034857,QB,car,6.002,2.0,3.0,5.0,8.0,11.0
2025_15_BUF_NE,BUF,NE,Josh Allen,00-0034857,QB,rush_yds,31.74,4.164,13.578,27.789,45.522,64.234
2025_15_BUF_NE,BUF,NE,Josh Allen,00-0034857,QB,tgt,0.0,0.0,0.0,0.0,0.0,0.0
2025_15_BUF_NE,BUF,NE,Josh Allen,00-0034857,QB,rec,0.0,0.0,0.0,0.0,0.0,0.0
2025_15_BUF_NE,BUF,NE,Josh Allen,00-0034857,QB,rec_yds,0.0,0.0,0.0,0.0,0.0,0.0
2025_15_BUF_NE,BUF,NE,Josh Allen,00-0034857,QB,anytime_td,0.498,0.0,0.0,0.0,1.0,1.0
2025_15_BUF_NE,BUF,NE,Khalil Shakir,00-0037261,WR,car,0.054,0.0,0.0,0.0,0.0,0.0
2025_15_BUF_NE,BUF,NE,Khalil Shakir,00-0037261,WR,rush_yds,0.304,0.0,0.0,0.0,0.0,0.0
2025_15_BUF_NE,BUF,NE,Khalil Shakir,00-0037261,WR,tgt,5.282,2.0,3.0,5.0,7.0,9.0
2025_15_BUF_NE,BUF,NE,Khalil Shakir,00-0037261,WR,rec,3.6,1.0,2.0,3.0,5.0,7.0
2025_15_BUF_NE,BUF,NE,Khalil Shakir,00-0037261,WR,rec_yds,40.841,7.011,18.118,35.126,56.935,82.349
2025_15_BUF_NE,BUF,NE,Khalil Shakir,00-0037261,WR,anytime_td,0.235,0.0,0.0,0.0,0.0,1.0
2025_15_BUF_NE,BUF,NE,James Cook,00-0037248,RB,car,18.331,10.0,14.0,18.0,23.0,27.0
2025_15_BUF_NE,BUF,NE,James Cook,00-0037248,RB,rush_yds,87.733,34.83,53.616,80.623,113.281,148.503
2025_15_BUF_NE,BUF,NE,James Cook,00-0037248,RB,tgt,2.202,0.0,1.0,2.0,3.0,5.0
2025_15_BUF_NE,BUF,NE,James Cook,00-0037248,RB,rec,1.864,0.0,1.0,2.0,3.0,4.0
2025_15_BUF_NE,BUF,NE,James Cook,00-0037248,RB,rec_yds,15.828,0.0,0.0,10.816,24.091,40.524
2025_15_BUF_NE,BUF,NE,James Cook,00-0037248,RB,anytime_td,0.396,0.0,0.0,0.0,1.0,1.0
2025_15_BUF_NE,BUF,NE,Dawson Knox,00-0035689,TE,car,0.001,0.0,0.0,0.0,0.0,0.0
2025_15_BUF_NE,BUF,NE,Dawson Knox,00-0035689,TE,rush_yds,0.002,0.0,0.0,0.0,0.0,0.0
2025_15_BUF_NE,BUF,NE,Dawson Knox,00-0035689,TE,tgt,3.155,1.0,2.0,3.0,4.0,6.0
2025_15_BUF_NE,BUF,NE,Dawson Knox,00-0035689,TE,rec,2.316,0.0,1.0,2.0,3.0,5.0
2025_15_BUF_NE,BUF,NE,Dawson Knox,00-0035689,TE,rec_yds,27.195,0.0,8.109,21.531,40.301,59.963
2025_15_BUF_NE,BUF,NE,Dawson Knox,00-0035689,TE,anytime_td,0.109,0.0,0.0,0.0,0.0,1.0
2025_15_BUF_NE,BUF,NE,Keon Coleman,00-0039901,WR,car,0.016,0.0,0.0,0.0,0.0,0.0
2025_15_BUF_NE,BUF,NE,Keon Coleman,00-0039901,WR,rush_yds,0.097,0.0,0.0,0.0,0.0,0.0
2025_15_BUF_NE,BUF,NE,Keon Coleman,00-0039901,WR,tgt,4.088,1.0,2.0,4.0,6.0,7.0
2025_15_BUF_NE,BUF,NE,Keon Coleman,00-0039901,WR,rec,2.57,0.0,1.0,2.0,4.0,5.0
2025_15_BUF_NE,BUF,NE,Keon Coleman,00-0039901,WR,rec_yds,30.829,0.0,10.596,25.26,44.553,66.575
2025_15_BUF_NE,BUF,NE,Keon Coleman,00-0039901,WR,anytime_td,0.253,0.0,0.0,0.0,1.0,1.0
2025_15_BUF_NE,BUF,NE,Tyrell Shavers,00-0038679,WR,car,0.006,0.0,0.0,0.0,0.0,0.0
2025_15_BUF_NE,BUF,NE,Tyrell Shavers,00-0038679,WR,rush_yds,0.028,0.0,0.0,0.0,0.0,0.0
2025_15_BUF_NE,BUF,NE,Tyrell Shavers,00-0038679,WR,tgt,1.245,0.0,0.0,1.0,2.0,3.0
2025_15_BUF_NE,BUF,NE,Tyrell Shavers,00-0038679,WR,rec,0.818,0.0,0.0,0.0,1.0,2.0
2025_15_BUF_NE,BUF,NE,Tyrell Shavers,00-0038679,WR,rec_yds,11.479,0.0,0.0,0.0,16.828,35.216
2025_15_BUF_NE,BUF,NE,Tyrell Shavers,00-0038679,WR,anytime_td,0.079,0.0,0.0,0.0,0.0,0.0
2025_15_BUF_NE,BUF,NE,Jackson Hawes,00-0040194,TE,car,0.004,0.0,0.0,0.0,0.0,0.0
2025_15_BUF_NE,BUF,NE,Jackson Hawes,00-0040194,TE,rush_yds,0.011,0.0,0.0,0.0,0.0,0.0
2025_15_BUF_NE,BUF,NE,Jackson Hawes,00-0040194,TE,tgt,1.172,0.0,0.0,1.0,2.0,3.0
2025_15_BUF_NE,BUF,NE,Jackson Hawes,00-0040194,TE,rec,0.87,0.0,0.0,1.0,1.0,2.0
2025_15_BUF_NE,BUF,NE,Jackson Hawes,00-0040194,TE,rec_yds,9.449,0.0,0.0,2.036,14.851,28.116
2025_15_BUF_NE,BUF,NE,Jackson Hawes,00-0040194,TE,anytime_td,0.152,0.0,0.0,0.0,0.0,1.0
2025_15_BUF_NE,BUF,NE,Dalton Kincaid,00-0038933,TE,car,0.003,0.0,0.0,0.0,0.0,0.0
2025_15_BUF_NE,BUF,NE,Dalton Kincaid,00-0038933,TE,rush_yds,0.007,0.0,0.0,0.0,0.0,0.0
2025_15_BUF_NE,BUF,NE,Dalton Kincaid,00-0038933,TE,tgt,4.142,1.0,2.0,4.0,6.0,8.0
2025_15_BUF_NE,BUF,NE,Dalton Kincaid,00-0038933,TE,rec,3.114,1.0,2.0,3.0,4.0,6.0
2025_15_BUF_NE,BUF,NE,Dalton Kincaid,00-0038933,TE,rec_yds,38.899,4.692,15.555,32.929,55.4,81.272
2025_15_BUF_NE,BUF,NE,Dalton Kincaid,00-0038933,TE,anytime_td,0.289,0.0,0.0,0.0,1.0,1.0
2025_15_BUF_NE,BUF,NE,Brandin Cooks,00-0031236,WR,car,0.015,0.0,0.0,0.0,0.0,0.0
2025_15_BUF_NE,BUF,NE,Brandin Cooks,00-0031236,WR,rush_yds,0.097,0.0,0.0,0.0,0.0,0.0
2025_15_BUF_NE,BUF,NE,Brandin Cooks,00-0031236,WR,tgt,1.543,0.0,0.0,1.0,2.0,4.0
2025_15_BUF_NE,BUF,NE,Brandin Cooks,00-0031236,WR,rec,1.013,0.0,0.0,1.0,2.0,3.0
2025_15_BUF_NE,BUF,NE,Brandin Cooks,00-0031236,WR,rec_yds,12.482,0.0,0.0,5.848,19.002,35.897
2025_15_BUF_NE,BUF,NE,Brandin Cooks,00-0031236,WR,anytime_td,0.038,0.0,0.0,0.0,0.0,0.0
2025_15_BUF_NE,BUF,NE,Josh Palmer,00-0036988,WR,car,0.007,0.0,0.0,0.0,0.0,0.0
2025_15_BUF_NE,BUF,NE,Josh Palmer,00-0036988,WR,rush_yds,0.049,0.0,0.0,0.0,0.0,0.0
2025_15_BUF_NE,BUF,NE,Josh Palmer,00-0036988,WR,tgt,3.174,1.0,2.0,3.0,4.0,6.0
2025_15_BUF_NE,BUF,NE,Josh Palmer,00-0036988,WR,rec,2.009,0.0,1.0,2.0,3.0,4.0
2025_15_BUF_NE,BUF,NE,Josh Palmer,00-0036988,WR,rec_yds,28.41,0.0,6.541,20.749,42.162,67.545
2025_15_BUF_NE,BUF,NE,Josh Palmer,00-0036988,WR,anytime_td,0.062,0.0,0.0,0.0,0.0,0.0
2025_15_BUF_NE,BUF,NE,Ty Johnson,00-0035537,RB,car,2.093,0.0,0.0,1.0,3.0,6.0
2025_15_BUF_NE,BUF,NE,Ty Johnson,00-0035537,RB,rush_yds,9.078,0.0,0.0,3.309,12.161,26.013
2025_15_BUF_NE,BUF,NE,Ty Johnson,00-0035537,RB,tgt,2.038,0.0,1.0,2.0,3.0,4.0
2025_15_BUF_NE,BUF,NE,Ty Johnson,00-0035537,RB,rec,1.586,0.0,0.0,1.0,2.0,4.0
2025_15_BUF_NE,BUF,NE,Ty Johnson,00-0035537,RB,rec_yds,13.953,0.0,0.0,8.426,21.53,37.25
2025_15_BUF_NE,BUF,NE,Ty Johnson,00-0035537,RB,anytime_td,0.148,0.0,0.0,0.0,0.0,1.0
2025_15_BUF_NE,BUF,NE,Ray Davis,00-0039875,RB,car,2.67,0.0,0.0,2.0,4.0,7.0
2025_15_BUF_NE,BUF,NE,Ray Davis,00-0039875,RB,rush_yds,11.4,0.0,0.0,5.424,15.851,31.269
2025_15_BUF_NE,BUF,NE,Ray Davis,00-0039875,RB,tgt,0.481,0.0,0.0,0.0,1.0,2.0
2025_15_BUF_NE,BUF,NE,Ray Davis,00-0039875,RB,rec,0.377,0.0,0.0,0.0,1.0,1.0
2025_15_BUF_NE,BUF,NE,Ray Davis,00-0039875,RB,rec_yds,2.918,0.0,0.0,0.0,0.0,10.453
2025_15_BUF_NE,BUF,NE,Ray Davis,00-0039875,RB,anytime_td,0.063,0.0,0.0,0.0,0.0,0.0
2025_15_CAR_NO,NO,CAR,Tyler Shough,00-0040743,QB,att,29.745,20.0,25.0,30.0,35.0,40.0
2025_15_CAR_NO,NO,CAR,Tyler Shough,00-0040743,QB,cmp,19.04,12.0,16.0,19.0,23.0,26.0
2025_15_CAR_NO,NO,CAR,Tyler Shough,00-0040743,QB,pass_yds,202.51,123.913,161.616,202.569,246.006,287.922
2025_15_CAR_NO,NO,CAR,Tyler Shough,00-0040743,QB,pass_td,1.219,0.0,0.0,1.0,2.0,3.0
2025_15_CAR_NO,NO,CAR,Tyler Shough,00-0040743,QB,ints,0.753,0.0,0.0,1.0,1.0,2.0
2025_15_CAR_NO,NO,CAR,Tyler Shough,00-0040743,QB,car,5.301,1.0,3.0,5.0,7.0,10.0
2025_15_CAR_NO,NO,CAR,Tyler Shough,00-0040743,QB,rush_yds,22.459,0.071,7.019,17.465,32.506,49.806
2025_15_CAR_NO,NO,CAR,Tyler Shough,00-0040743,QB,tgt,0.001,0.0,0.0,0.0,0.0,0.0
2025_15_CAR_NO,NO,CAR,Tyler Shough,00-0040743,QB,rec,0.001,0.0,0.0,0.0,0.0,0.0
2025_15_CAR_NO,NO,CAR,Tyler Shough,00-0040743,QB,rec_yds,0.008,0.0,0.0,0.0,0.0,0.0
2025_15_CAR_NO,NO,CAR,Tyler Shough,00-0040743,QB,anytime_td,0.268,0.0,0.0,0.0,1.0,1.0
2025_15_CAR_NO,NO,CAR,Chris Olave,00-0037239,WR,car,0.117,0.0,0.0,0.0,0.0,0.0
2025_15_CAR_NO,NO,CAR,Chris Olave,00-0037239,WR,rush_yds,0.681,0.0,0.0,0.0,0.0,0.0
2025_15_CAR_NO,NO,CAR,Chris Olave,00-0037239,WR,tgt,9.078,4.0,6.0,9.0,11.0,14.0
2025_15_CAR_NO,NO,CAR,Chris Olave,00-0037239,WR,rec,5.699,2.0,4.0,5.0,7.0,9.0
2025_15_CAR_NO,NO,CAR,Chris Olave,00-0037239,WR,rec_yds,66.034,21.269,38.03,61.12,88.58,115.506
2025_15_CAR_NO,NO,CAR,Chris Olave,00-0037239,WR,anytime_td,0.346,0.0,0.0,0.0,1.0,1.0
2025_15_CAR_NO,NO,CAR,Mason Tipton,00-0039623,WR,car,0.374,0.0,0.0,0.0,0.0,1.0
2025_15_CAR_NO,NO,CAR,Mason Tipton,00-0039623,WR,rush_yds,2.109,0.0,0.0,0.0,0.0,5.28
2025_15_CAR_NO,NO,CAR,Mason Tipton,00-0039623,WR,tgt,1.57,0.0,0.0,1.0,2.0,4.0
2025_15_CAR_NO,NO,CAR,Mason Tipton,00-0039623,WR,rec,0.985,0.0,0.0,1.0,2.0,3.0
2025_15_CAR_NO,NO,CAR,Mason Tipton,00-0039623,WR,rec_yds,11.328,0.0,0.0,4.87,17.129,33.576
2025_15_CAR_NO,NO,CAR,Mason Tipton,00-0039623,WR,anytime_td,0.024,0.0,0.0,0.0,0.0,0.0
2025_15_CAR_NO,NO,CAR,Juwan Johnson,00-0036040,TE,car,0.003,0.0,0.0,0.0,0.0,0.0
2025_15_CAR_NO,NO,CAR,Juwan Johnson,00-0036040,TE,rush_yds,0.011,0.0,0.0,0.0,0.0,0.0
2025_15_CAR_NO,NO,CAR,Juwan Johnson,00-0036040,TE,tgt,6.426,3.0,4.0,6.0,8.0,11.0
2025_15_CAR_NO,NO,CAR,Juwan Johnson,00-0036040,TE,rec,4.637,2.0,3.0,4.0,6.0,8.0
2025_15_CAR_NO,NO,CAR,Juwan Johnson,00-0036040,TE,rec_yds,48.338,12.569,25.251,44.344,66.043,90.258
2025_15_CAR_NO,NO,CAR,Juwan Johnson,00-0036040,TE,anytime_td,0.233,0.0,0.0,0.0,0.0,1.0
2025_15_CAR_NO,NO,CAR,Devaughn Vele,00-0039424,WR,car,0.006,0.0,0.0,0.0,0.0,0.0
2025_15_CAR_NO,NO,CAR,Devaughn Vele,00-0039424,WR,rush_yds,0.042,0.0,0.0,0.0,0.0,0.0
2025_15_CAR_NO,NO,CAR,Devaughn Vele,00-0039424,WR,tgt,4.115,1.0,2.0,4.0,6.0,7.0
2025_15_CAR_NO,NO,CAR,Devaughn Vele,00-0039424,WR,rec,2.54,0.0,1.0,2.0,4.0,5.0
2025_15_CAR_NO,NO,CAR,Devaughn Vele,00-0039424,WR,rec_yds,30.405,0.0,9.905,24.81,44.559,65.676
2025_15_CAR_NO,NO,CAR,Devaughn Vele,00-0039424,WR,anytime_td,0.186,0.0,0.0,0.0,0.0,1.0
2025_15_CAR_NO,NO,CAR,Foster Moreau,00-0034981,TE,car,0.002,0.0,0.0,0.0,0.0,0.0
2025_15_CAR_NO,NO,CAR,Foster Moreau,00-0034981,TE,rush_yds,0.004,0.0,0.0,0.0,0.0,0.0
2025_15_CAR_NO,NO,CAR,Foster Moreau,00-0034981,TE,tgt,1.669,0.0,0.0,1.0,2.0,4.0
2025_15_CAR_NO,NO,CAR,Foster Moreau,00-0034981,TE,rec,1.161,0.0,0.0,1.0,2.0,3.0
2025_15_CAR_NO,NO,CAR,Foster Moreau,00-0034981,TE,rec_yds,11.589,0.0,0.0,6.311,17.953,32.753
2025_15_CAR_NO,NO,CAR,Foster Moreau,00-0034981,TE,anytime_td,0.058,0.0,0.0,0.0,0.0,0.0
2025_15_CAR_NO,NO,CAR,Kevin Austin Jr.,00-0037231,WR,car,0.049,0.0,0.0,0.0,0.0,0.0
2025_15_CAR_NO,NO,CAR,Kevin Austin Jr.,00-0037231,WR,rush_yds,0.257,0.0,0.0,0.0,0.0,0.0
2025_15_CAR_NO,NO,CAR,Kevin Austin Jr.,00-0037231,WR,tgt,1.04,0.0,0.0,1.0,2.0,3.0
2025_15_CAR_NO,NO,CAR,Kevin Austin Jr.,00-0037231,WR,rec,0.623,0.0,0.0,0.0,1.0,2.0
2025_15_CAR_NO,NO,CAR,Kevin Austin Jr.,00-0037231,WR,rec_yds,7.746,0.0,0.0,0.0,10.354,25.835
2025_15_CAR_NO,NO,CAR,Kevin Austin Jr.,00-0037231,WR,anytime_td,0.014,0.0,0.0,0.0,0.0,0.0
2025_15_CAR_NO,NO,CAR,Audric Estimé,00-0039373,RB,car,4.942,1.0,2.0,4.0,7.0,10.0
2025_15_CAR_NO,NO,CAR,Audric Estimé,00-0039373,RB,rush_yds,20.853,0.0,5.305,14.771,28.819,47.673
2025_15_CAR_NO,NO,CAR,Audric Estimé,00-0039373,RB,tgt,0.357,0.0,0.0,0.0,0.0,1.0
2025_15_CAR_NO,NO,CAR,Audric Estimé,00-0039373,RB,rec,0.278,0.0,0.0,0.0,0.0,1.0
2025_15_CAR_NO,NO,CAR,Audric Estimé,00-0039373,RB,rec_yds,2.053,0.0,0.0,0.0,0.0,7.453
2025_15_CAR_NO,NO,CAR,Audric Estimé,00-0039373,RB,anytime_td,0.089,0.0,0.0,0.0,0.0,0.0
2025_15_CAR_NO,NO,CAR,Evan Hull,00-0038397,RB,car,3.492,0.0,1.0,3.0,5.0,8.0
2025_15_CAR_NO,NO,CAR,Evan Hull,00-0038397,RB,rush_yds,14.907,0.0,1.117,8.435,21.017,38.55
2025_15_CAR_NO,NO,CAR,Evan Hull,00-0038397,RB,tgt,0.738,0.0,0.0,0.0,1.0,2.0
2025_15_CAR_NO,NO,CAR,Evan Hull,00-0038397,RB,rec,0.571,0.0,0.0,0.0,1.0,2.0
2025_15_CAR_NO,NO,CAR,Evan Hull,00-0038397,RB,rec_yds,4.166,0.0,0.0,0.0,5.115,14.312
2025_15_CAR_NO,NO,CAR,Evan Hull,00-0038397,RB,anytime_td,0.052,0.0,0.0,0.0,0.0,0.0
2025_15_CAR_NO,NO,CAR,Devin Neal,00-0040202,RB,car,11.97,5.0,8.0,11.0,15.0,19.0
2025_15_CAR_NO,NO,CAR,Devin Neal,00-0040202,RB,rush_yds,49.04,14.501,26.099,42.629,65.834,90.993
2025_15_CAR_NO,NO,CAR,Devin Neal,00-0040202,RB,tgt,2.706,0.0,1.0,2.0,4.0,5.0
2025_15_CAR_NO,NO,CAR,Devin Neal,00-0040202,RB,rec,2.134,0.0,1.0,2.0,3.0,4.0
2025_15_CAR_NO,NO,CAR,Devin Neal,00-0040202,RB,rec_yds,15.018,0.0,2.191,10.494,22.066,36.747
2025_15_CAR_NO,NO,CAR,Devin Neal,00-0040202,RB,anytime_td,0.202,0.0,0.0,0.0,0.0,1.0
2025_15_CAR_NO,NO,CAR,Jack Stoll,00-0036741,TE,car,0.001,0.0,0.0,0.0,0.0,0.0
2025_15_CAR_NO,NO,CAR,Jack Stoll,00-0036741,TE,rush_yds,0.004,0.0,0.0,0.0,0.0,0.0
2025_15_CAR_NO,NO,CAR,Jack Stoll,00-0036741,TE,tgt,0.751,0.0,0.0,0.0,1.0,2.0
2025_15_CAR_NO,NO,CAR,Jack Stoll,00-0036741,TE,rec,0.51,0.0,0.0,0.0,1.0,2.0
2025_15_CAR_NO,NO,CAR,Jack Stoll,00-0036741,TE,rec_yds,5.121,0.0,0.0,0.0,6.913,17.921
2025_15_CAR_NO,NO,CAR,Jack Stoll,00-0036741,TE,anytime_td,0.038,0.0,0.0,0.0,0.0,0.0
2025_15_CAR_NO,NO,CAR,Dante Pettis,00-0034860,WR,car,0.027,0.0,0.0,0.0,0.0,0.0
2025_15_CAR_NO,NO,CAR,Dante Pettis,00-0034860,WR,rush_yds,0.143,0.0,0.0,0.0,0.0,0.0
2025_15_CAR_NO,NO,CAR,Dante Pettis,00-0034860,WR,tgt,1.891,0.0,1.0,1.0,3.0,4.0
2025_15_CAR_NO,NO,CAR,Dante Pettis,00-0034860,WR,rec,1.125,0.0,0.0,1.0,2.0,3.0
2025_15_CAR_NO,NO,CAR,Dante Pettis,00-0034860,WR,rec_yds,13.629,0.0,0.0,7.094,20.66,38.297
2025_15_CAR_NO,NO,CAR,Dante Pettis,00-0034860,WR,anytime_td,0.086,0.0,0.0,0.0,0.0,0.0
2025_15_CAR_NO,CAR,NO,Bryce Young,00-0039150,QB,att,27.264,18.0,23.0,28.0,33.0,37.0
2025_15_CAR_NO,CAR,NO,Bryce Young,00-0039150,QB,cmp,17.543,10.0,14.0,18.0,21.25,25.0
2025_15_CAR_NO,CAR,NO,Bryce Young,00-0039150,QB,pass_yds,195.354,113.714,153.595,196.004,237.018,281.666
2025_15_CAR_NO,CAR,NO,Bryce Young,00-0039150,QB,pass_td,1.377,0.0,1.0,1.0,2.0,3.0
2025_15_CAR_NO,CAR,NO,Bryce Young,00-0039150,QB,ints,0.63,0.0,0.0,0.0,1.0,2.0
2025_15_CAR_NO,CAR,NO,Bryce Young,00-0039150,QB,car,2.777,1.0,1.0,3.0,4.0,5.0
2025_15_CAR_NO,CAR,NO,Bryce Young,00-0039150,QB,rush_yds,12.493,-1.0,0.985,9.546,19.301,30.849
2025_15_CAR_NO,CAR,NO,Bryce Young,00-0039150,QB,tgt,0.001,0.0,0.0,0.0,0.0,0.0
2025_15_CAR_NO,CAR,NO,Bryce Young,00-0039150,QB,rec,0.001,0.0,0.0,0.0,0.0,0.0
2025_15_CAR_NO,CAR,NO,Bryce Young,00-0039150,QB,rec_yds,0.003,0.0,0.0,0.0,0.0,0.0
2025_15_CAR_NO,CAR,NO,Bryce Young,00-0039150,QB,anytime_td,0.104,0.0,0.0,0.0,0.0,1.0
2025_15_CAR_NO,CAR,NO,Tetairoa McMillan,00-0040124,WR,car,0.008,0.0,0.0,0.0,0.0,0.0
2025_15_CAR_NO,CAR,NO,Tetairoa McMillan,00-0040124,WR,rush_yds,0.045,0.0,0.0,0.0,0.0,0.0
2025_15_CAR_NO,CAR,NO,Tetairoa McMillan,00-0040124,WR,tgt,6.719,3.0,4.0,6.0,9.0,11.0
2025_15_CAR_NO,CAR,NO,Tetairoa McMillan,00-0040124,WR,rec,4.027,1.0,2.0,4.0,5.0,7.0
2025_15_CAR_NO,CAR,NO,Tetairoa McMillan,00-0040124,WR,rec_yds,55.326,12.494,27.426,50.069,76.646,102.355
2025_15_CAR_NO,CAR,NO,Tetairoa McMillan,00-0040124,WR,anytime_td,0.382,0.0,0.0,0.0,1.0,1.0
2025_15_CAR_NO,CAR,NO,Xavier Legette,00-0039342,WR,car,0.075,0.0,0.0,0.0,0.0,0.0
2025_15_CAR_NO,CAR,NO,Xavier Legette,00-0039342,WR,rush_yds,0.439,0.0,0.0,0.0,0.0,0.0
2025_15_CAR_NO,CAR,NO,Xavier Legette,00-0039342,WR,tgt,4.296,1.0,2.0,4.0,6.0,8.0
2025_15_CAR_NO,CAR,NO,Xavier Legette,00-0039342,WR,rec,2.547,0.0,1.0,2.0,4.0,5.0
2025_15_CAR_NO,CAR,NO,Xavier Legette,00-0039342,WR,rec_yds,30.553,0.0,9.849,24.919,44.204,67.4
2025_15_CAR_NO,CAR,NO,Xavier Legette,00-0039342,WR,anytime_td,0.202,0.0,0.0,0.0,0.0,1.0
2025_15_CAR_NO,CAR,NO,Jalen Coker,00-0039491,WR,car,0.006,0.0,0.0,0.0,0.0,0.0
2025_15_CAR_NO,CAR,NO,Jalen Coker,00-0039491,WR,rush_yds,0.038,0.0,0.0,0.0,0.0,0.0
2025_15_CAR_NO,CAR,NO,Jalen Coker,00-0039491,WR,tgt,3.945,1.0,2.0,4.0,5.0,7.0
2025_15_CAR_NO,CAR,NO,Jalen Coker,00-0039491,WR,rec,2.607,0.0,1.0,2.0,4.0,5.0
2025_15_CAR_NO,CAR,NO,Jalen Coker,00-0039491,WR,rec_yds,33.395,0.0,11.094,27.342,48.966,72.649
2025_15_CAR_NO,CAR,NO,Jalen Coker,00-0039491,WR,anytime_td,0.187,0.0,0.0,0.0,0.0,1.0
2025_15_CAR_NO,CAR,NO,Rico Dowdle,00-0036139,RB,car,15.642,8.0,11.0,15.0,20.0,24.0
2025_15_CAR_NO,CAR,NO,Rico Dowdle,00-0036139,RB,rush_yds,68.248,24.072,39.935,61.786,88.764,121.077
2025_15_CAR_NO,CAR,NO,Rico Dowdle,00-0036139,RB,tgt,2.833,0.0,1.0,3.0,4.0,6.0
2025_15_CAR_NO,CAR,NO,Rico Dowdle,00-0036139,RB,rec,2.264,0.0,1.0,2.0,3.0,5.0
2025_15_CAR_NO,CAR,NO,Rico Dowdle,00-0036139,RB,rec_yds,17.901,0.0,3.343,12.86,26.645,43.32
2025_15_CAR_NO,CAR,NO,Rico Dowdle,00-0036139,RB,anytime_td,0.454,0.0,0.0,0.0,1.0,1.0
2025_15_CAR_NO,CAR,NO,Ja'Tavion Sanders,00-0039356,TE,car,0.006,0.0,0.0,0.0,0.0,0.0
2025_15_CAR_NO,CAR,NO,Ja'Tavion Sanders,00-0039356,TE,rush_yds,0.011,0.0,0.0,0.0,0.0,0.0
2025_15_CAR_NO,CAR,NO,Ja'Tavion Sanders,00-0039356,TE,tgt,2.437,0.0,1.0,2.0,3.0,5.0
2025_15_CAR_NO,CAR,NO,Ja'Tavion Sanders,00-0039356,TE,rec,1.847,0.0,1.0,2.0,3.0,4.0
2025_15_CAR_NO,CAR,NO,Ja'Tavion Sanders,00-0039356,TE,rec_yds,17.495,0.0,2.894,12.79,26.438,41.74
2025_15_CAR_NO,CAR,NO,Ja'Tavion Sanders,00-0039356,TE,anytime_td,0.048,0.0,0.0,0.0,0.0,0.0
2025_15_CAR_NO,CAR,NO,Tommy Tremble,00-0037005,TE,car,0.005,0.0,0.0,0.0,0.0,0.0
2025_15_CAR_NO,CAR,NO,Tommy Tremble,00-0037005,TE,rush_yds,0.009,0.0,0.0,0.0,0.0,0.0
2025_15_CAR_NO,CAR,NO,Tommy Tremble,00-0037005,TE,tgt,1.747,0.0,0.0,1.0,3.0,4.0
2025_15_CAR_NO,CAR,NO,Tommy Tremble,00-0037005,TE,rec,1.222,0.0,0.0,1.0,2.0,3.0
2025_15_CAR_NO,CAR,NO,Tommy Tremble,00-0037005,TE,rec_yds,12.793,0.0,0.0,7.305,19.929,34.552
2025_15_CAR_NO,CAR,NO,Tommy Tremble,00-0037005,TE,anytime_td,0.064,0.0,0.0,0.0,0.0,0.0
2025_15_CAR_NO,CAR,NO,Mitchell Evans,00-0040187,TE,car,0.002,0.0,0.0,0.0,0.0,0.0
2025_15_CAR_NO,CAR,NO,Mitchell Evans,00-0040187,TE,rush_yds,0.003,0.0,0.0,0.0,0.0,0.0
2025_15_CAR_NO,CAR,NO,Mitchell Evans,00-0040187,TE,tgt,1.53,0.0,0.0,1.0,2.0,4.0
2025_15_CAR_NO,CAR,NO,Mitchell Evans,00-0040187,TE,rec,1.098,0.0,0.0,1.0,2.0,3.0
2025_15_CAR_NO,CAR,NO,Mitchell Evans,00-0040187,TE,rec_yds,11.504,0.0,0.0,6.056,17.953,32.487
2025_15_CAR_NO,CAR,NO,Mitchell Evans,00-0040187,TE,anytime_td,0.089,0.0,0.0,0.0,0.0,0.0
2025_15_CAR_NO,CAR,NO,Chuba Hubbard,00-0036555,RB,car,10.632,4.0,6.0,10.0,14.0,18.0
2025_15_CAR_NO,CAR,NO,Chuba Hubbard,00-0036555,RB,rush_yds,45.077,10.814,21.249,38.433,62.004,88.658
2025_15_CAR_NO,CAR,NO,Chuba Hubbard,00-0036555,RB,tgt,2.472,0.0,1.0,2.0,4.0,5.0
2025_15_CAR_NO,CAR,NO,Chuba Hubbard,00-0036555,RB,rec,1.886,0.0,1.0,2.0,3.0,4.0
2025_15_CAR_NO,CAR,NO,Chuba Hubbard,00-0036555,RB,rec_yds,14.488,0.0,0.0,10.189,21.912,36.273
2025_15_CAR_NO,CAR,NO,Chuba Hubbard,00-0036555,RB,anytime_td,0.391,0.0,0.0,0.0,1.0,1.0
2025_15_CAR_NO,CAR,NO,Brycen Tremayne,00-0038840,WR,car,0.009,0.0,0.0,0.0,0.0,0.0
2025_15_CAR_NO,CAR,NO,Brycen Tremayne,00-0038840,WR,rush_yds,0.058,0.0,0.0,0.0,0.0,0.0
2025_15_CAR_NO,CAR,NO,Brycen Tremayne,00-0038840,WR,tgt,0.958,0.0,0.0,1.0,1.0,3.0
2025_15_CAR_NO,CAR,NO,Brycen Tremayne,00-0038840,WR,rec,0.637,0.0,0.0,0.0,1.0,2.0
2025_15_CAR_NO,CAR,NO,Brycen Tremayne,00-0038840,WR,rec_yds,7.696,0.0,0.0,0.0,10.759,25.446
2025_15_CAR_NO,CAR,NO,Brycen Tremayne,00-0038840,WR,anytime_td,0.011,0.0,0.0,0.0,0.0,0.0
2025_15_CAR_NO,CAR,NO,Jimmy Horn Jr.,00-0040218,WR,car,0.55,0.0,0.0,0.0,0.0,2.0
2025_15_CAR_NO,CAR,NO,Jimmy Horn Jr.,00-0040218,WR,rush_yds,3.147,0.0,0.0,0.0,0.0,9.809
2025_15_CAR_NO,CAR,NO,Jimmy Horn Jr.,00-0040218,WR,tgt,1.066,0.0,0.0,1.0,2.0,3.0
2025_15_CAR_NO,CAR,NO,Jimmy Horn Jr.,00-0040218,WR,rec,0.664,0.0,0.0,0.0,1.0,2.0
2025_15_CAR_NO,CAR,NO,Jimmy Horn Jr.,00-0040218,WR,rec_yds,8.108,0.0,0.0,0.0,11.755,26.665
2025_15_CAR_NO,CAR,NO,Jimmy Horn Jr.,00-0040218,WR,anytime_td,0.024,0.0,0.0,0.0,0.0,0.0
2025_15_CLE_CHI,CHI,CLE,Caleb Williams,00-0039918,QB,att,28.226,19.0,24.0,29.0,34.0,38.0
2025_15_CLE_CHI,CHI,CLE,Caleb Williams,00-0039918,QB,cmp,17.568,11.0,14.0,18.0,21.0,25.0
2025_15_CLE_CHI,CHI,CLE,Caleb Williams,00-0039918,QB,pass_yds,199.655,117.256,158.04,199.408,243.88,286.887
2025_15_CLE_CHI,CHI,CLE,Caleb Williams,00-0039918,QB,pass_td,1.384,0.0,1.0,1.0,2.0,3.0
2025_15_CLE_CHI,CHI,CLE,Caleb Williams,00-0039918,QB,ints,0.542,0.0,0.0,0.0,1.0,2.0
2025_15_CLE_CHI,CHI,CLE,Caleb Williams,00-0039918,QB,car,4.346,1.0,2.0,4.0,6.0,8.0
2025_15_CLE_CHI,CHI,CLE,Caleb Williams,00-0039918,QB,rush_yds,19.321,0.0,5.244,15.605,28.366,44.354
2025_15_CLE_CHI,CHI,CLE,Caleb Williams,00-0039918,QB,tgt,0.001,0.0,0.0,0.0,0.0,0.0
2025_15_CLE_CHI,CHI,CLE,Caleb Williams,00-0039918,QB,rec,0.001,0.0,0.0,0.0,0.0,0.0
2025_15_CLE_CHI,CHI,CLE,Caleb Williams,00-0039918,QB,rec_yds,0.003,0.0,0.0,0.0,0.0,0.0
2025_15_CLE_CHI,CHI,CLE,Caleb Williams,00-0039918,QB,anytime_td,0.145,0.0,0.0,0.0,0.0,1.0
2025_15_CLE_CHI,CHI,CLE,DJ Moore,00-0034827,WR,car,0.702,0.0,0.0,0.0,1.0,2.0
2025_15_CLE_CHI,CHI,CLE,DJ Moore,00-0034827,WR,rush_yds,3.795,0.0,0.0,0.0,0.0,13.03
2025_15_CLE_CHI,CHI,CLE,DJ Moore,00-0034827,WR,tgt,5.224,2.0,3.0,5.0,7.0,9.0
2025_15_CLE_CHI,CHI,CLE,DJ Moore,00-0034827,WR,rec,3.006,1.0,2.0,3.0,4.0,6.0
2025_15_CLE_CHI,CHI,CLE,DJ Moore,00-0034827,WR,rec_yds,39.076,3.94,14.788,32.776,56.507,83.064
2025_15_CLE_CHI,CHI,CLE,DJ Moore,00-0034827,WR,anytime_td,0.245,0.0,0.0,0.0,0.0,1.0
2025_15_CLE_CHI,CHI,CLE,Olamide Zaccheaus,00-0035208,WR,car,0.135,0.0,0.0,0.0,0.0,0.0
2025_15_CLE_CHI,CHI,CLE,Olamide Zaccheaus,00-0035208,WR,rush_yds,0.707,0.0,0.0,0.0,0.0,0.0
2025_15_CLE_CHI,CHI,CLE,Olamide Zaccheaus,00-0035208,WR,tgt,3.814,1.0,2.0,3.0,5.0,7.0
2025_15_CLE_CHI,CHI,CLE,Olamide Zaccheaus,00-0035208,WR,rec,2.324,0.0,1.0,2.0,3.0,5.0
2025_15_CLE_CHI,CHI,CLE,Olamide Zaccheaus,00-0035208,WR,rec_yds,26.317,0.0,7.817,20.849,38.439,59.224
2025_15_CLE_CHI,CHI,CLE,Olamide Zaccheaus,00-0035208,WR,anytime_td,0.173,0.0,0.0,0.0,0.0,1.0
2025_15_CLE_CHI,CHI,CLE,Cole Kmet,00-0036290,TE,car,0.002,0.0,0.0,0.0,0.0,0.0
2025_15_CLE_CHI,CHI,CLE,Cole Kmet,00-0036290,TE,rush_yds,0.004,0.0,0.0,0.0,0.0,0.0
2025_15_CLE_CHI,CHI,CLE,Cole Kmet,00-0036290,TE,tgt,3.03,1.0,1.0,3.0,4.0,6.0
2025_15_CLE_CHI,CHI,CLE,Cole Kmet,00-0036290,TE,rec,2.085,0.0,1.0,2.0,3.0,4.0
2025_15_CLE_CHI,CHI,CLE,Cole Kmet,00-0036290,TE,rec_yds,23.95,0.0,6.392,18.918,35.969,54.22
2025_15_CLE_CHI,CHI,CLE,Cole Kmet,00-0036290,TE,anytime_td,0.138,0.0,0.0,0.0,0.0,1.0
2025_15_CLE_CHI,CHI,CLE,Colston Loveland,00-0040126,TE,car,0.006,0.0,0.0,0.0,0.0,0.0
2025_15_CLE_CHI,CHI,CLE,Colston Loveland,00-0040126,TE,rush_yds,0.009,0.0,0.0,0.0,0.0,0.0
2025_15_CLE_CHI,CHI,CLE,Colston Loveland,00-0040126,TE,tgt,4.811,2.0,3.0,4.0,6.0,8.0
2025_15_CLE_CHI,CHI,CLE,Colston Loveland,00-0040126,TE,rec,3.307,1.0,2.0,3.0,5.0,6.0
2025_15_CLE_CHI,CHI,CLE,Colston Loveland,00-0040126,TE,rec_yds,38.528,6.239,16.219,33.102,55.026,77.899
2025_15_CLE_CHI,CHI,CLE,Colston Loveland,00-0040126,TE,anytime_td,0.277,0.0,0.0,0.0,1.0,1.0
2025_15_CLE_CHI,CHI,CLE,D'Andre Swift,00-0036275,RB,car,11.94,5.0,8.0,11.0,16.0,20.0
2025_15_CLE_CHI,CHI,CLE,D'Andre Swift,00-0036275,RB,rush_yds,54.152,14.237,26.548,46.831,73.604,103.482
2025_15_CLE_CHI,CHI,CLE,D'Andre Swift,00-0036275,RB,tgt,3.243,1.0,2.0,3.0,5.0,6.0
2025_15_CLE_CHI,CHI,CLE,D'Andre Swift,00-0036275,RB,rec,2.318,0.0,1.0,2.0,3.0,5.0
2025_15_CLE_CHI,CHI,CLE,D'Andre Swift,00-0036275,RB,rec_yds,19.756,0.0,4.57,14.38,28.964,47.995
2025_15_CLE_CHI,CHI,CLE,D'Andre Swift,00-0036275,RB,anytime_td,0.326,0.0,0.0,0.0,1.0,1.0
2025_15_CLE_CHI,CHI,CLE,Kyle Monangai,00-0040236,RB,car,10.132,3.0,6.0,9.0,13.0,18.0
2025_15_CLE_CHI,CHI,CLE,Kyle Monangai,00-0040236,RB,rush_yds,44.968,9.448,20.283,37.264,61.987,91.955
2025_15_CLE_CHI,CHI,CLE,Kyle Monangai,00-0040236,RB,tgt,1.542,0.0,0.0,1.0,2.0,4.0
2025_15_CLE_CHI,CHI,CLE,Kyle Monangai,00-0040236,RB,rec,1.085,0.0,0.0,1.0,2.0,3.0
2025_15_CLE_CHI,CHI,CLE,Kyle Monangai,00-0040236,RB,rec_yds,8.686,0.0,0.0,3.458,12.919,25.521
2025_15_CLE_CHI,CHI,CLE,Kyle Monangai,00-0040236,RB,anytime_td,0.272,0.0,0.0,0.0,1.0,1.0
2025_15_CLE_CHI,CHI,CLE,Luther Burden III,00-0040735,WR,car,0.425,0.0,0.0,0.0,0.0,1.0
2025_15_CLE_CHI,CHI,CLE,Luther Burden III,00-0040735,WR,rush_yds,2.418,0.0,0.0,0.0,0.0,6.387
2025_15_CLE_CHI,CHI,CLE,Luther Burden III,00-0040735,WR,tgt,4.118,1.0,2.0,4.0,6.0,7.0
2025_15_CLE_CHI,CHI,CLE,Luther Burden III,00-0040735,WR,rec,2.586,0.0,1.0,2.0,4.0,5.0
2025_15_CLE_CHI,CHI,CLE,Luther Burden III,00-0040735,WR,rec_yds,34.99,0.0,11.967,28.569,51.383,75.506
2025_15_CLE_CHI,CHI,CLE,Luther Burden III,00-0040735,WR,anytime_td,0.089,0.0,0.0,0.0,0.0,0.0
2025_15_CLE_CHI,CHI,CLE,Durham Smythe,00-0034798,TE,car,0.003,0.0,0.0,0.0,0.0,0.0
2025_15_CLE_CHI,CHI,CLE,Durham Smythe,00-0034798,TE,rush_yds,0.007,0.0,0.0,0.0,0.0,0.0
2025_15_CLE_CHI,CHI,CLE,Durham Smythe,00-0034798,TE,tgt,0.702,0.0,0.0,0.0,1.0,2.0
2025_15_CLE_CHI,CHI,CLE,Durham Smythe,00-0034798,TE,rec,0.479,0.0,0.0,0.0,1.0,2.0
2025_15_CLE_CHI,CHI,CLE,Durham Smythe,00-0034798,TE,rec_yds,4.987,0.0,0.0,0.0,6.28,17.548
2025_15_CLE_CHI,CHI,CLE,Durham Smythe,00-0034798,TE,anytime_td,0.007,0.0,0.0,0.0,0.0,0.0
2025_15_CLE_CHI,CHI,CLE,Devin Duvernay,00-0036331,WR,car,0.081,0.0,0.0,0.0,0.0,0.0
2025_15_CLE_CHI,CHI,CLE,Devin Duvernay,00-0036331,WR,rush_yds,0.476,0.0,0.0,0.0,0.0,0.0
2025_15_CLE_CHI,CHI,CLE,Devin Duvernay,00-0036331,WR,tgt,1.385,0.0,0.0,1.0,2.0,3.0
2025_15_CLE_CHI,CHI,CLE,Devin Duvernay,00-0036331,WR,rec,0.836,0.0,0.0,1.0,1.0,2.0
2025_15_CLE_CHI,CHI,CLE,Devin Duvernay,00-0036331,WR,rec_yds,11.045,0.0,0.0,0.0,16.646,33.656
2025_15_CLE_CHI,CHI,CLE,Devin Duvernay,00-0036331,WR,anytime_td,0.034,0.0,0.0,0.0,0.0,0.0
2025_15_CLE_CHI,CHI,CLE,Brittain Brown,00-0037329,RB,car,3.462,0.0,1.0,3.0,5.0,8.0
2025_15_CLE_CHI,CHI,CLE,Brittain Brown,00-0037329,RB,rush_yds,15.008,0.0,1.005,8.575,21.179,39.232
2025_15_CLE_CHI,CHI,CLE,Brittain Brown,00-0037329,RB,tgt,0.963,0.0,0.0,1.0,1.0,3.0
2025_15_CLE_CHI,CHI,CLE,Brittain Brown,00-0037329,RB,rec,0.701,0.0,0.0,0.0,1.0,2.0
2025_15_CLE_CHI,CHI,CLE,Brittain Brown,00-0037329,RB,rec_yds,5.4,0.0,0.0,0.0,7.528,17.811
2025_15_CLE_CHI,CHI,CLE,Brittain Brown,00-0037329,RB,anytime_td,0.186,0.0,0.0,0.0,0.0,1.0
2025_15_CLE_CHI,CLE,CHI,Shedeur Sanders,00-0040668,QB,att,28.851,19.0,24.0,29.0,34.0,39.0
2025_15_CLE_CHI,CLE,CHI,Shedeur Sanders,00-0040668,QB,cmp,17.398,11.0,14.0,18.0,21.0,24.0
2025_15_CLE_CHI,CLE,CHI,Shedeur Sanders,00-0040668,QB,pass_yds,191.653,115.339,151.804,191.575,233.774,273.842
2025_15_CLE_CHI,CLE,CHI,Shedeur Sanders,00-0040668,QB,pass_td,0.91,0.0,0.0,1.0,1.0,2.0
2025_15_CLE_CHI,CLE,CHI,Shedeur Sanders,00-0040668,QB,ints,0.8,0.0,0.0,1.0,1.0,2.0
2025_15_CLE_CHI,CLE,CHI,Shedeur Sanders,00-0040668,QB,car,2.252,0.0,1.0,2.0,3.0,5.0
2025_15_CLE_CHI,CLE,CHI,Shedeur Sanders,00-0040668,QB,rush_yds,12.475,0.0,1.0,8.998,18.996,31.694
2025_15_CLE_CHI,CLE,CHI,Shedeur Sanders,00-0040668,QB,tgt,0.001,0.0,0.0,0.0,0.0,0.0
2025_15_CLE_CHI,CLE,CHI,Shedeur Sanders,00-0040668,QB,rec,0.001,0.0,0.0,0.0,0.0,0.0
2025_15_CLE_CHI,CLE,CHI,Shedeur Sanders,00-0040668,QB,rec_yds,0.007,0.0,0.0,0.0,0.0,0.0
2025_15_CLE_CHI,CLE,CHI,Shedeur Sanders,00-0040668,QB,anytime_td,0.123,0.0,0.0,0.0,0.0,1.0
2025_15_CLE_CHI,CLE,CHI,Harold Fannin Jr.,00-0040663,TE,car,0.433,0.0,0.0,0.0,0.0,1.0
2025_15_CLE_CHI,CLE,CHI,Harold Fannin Jr.,00-0040663,TE,rush_yds,1.078,0.0,0.0,0.0,0.0,3.317
2025_15_CLE_CHI,CLE,CHI,Harold Fannin Jr.,00-0040663,TE,tgt,7.967,4.0,5.0,8.0,10.0,13.0
2025_15_CLE_CHI,CLE,CHI,Harold Fannin Jr.,00-0040663,TE,rec,5.512,2.0,4.0,5.0,7.0,9.0
2025_15_CLE_CHI,CLE,CHI,Harold Fannin Jr.,00-0040663,TE,rec_yds,57.502,18.56,33.061,53.242,77.046,101.784
2025_15_CLE_CHI,CLE,CHI,Harold Fannin Jr.,00-0040663,TE,anytime_td,0.216,0.0,0.0,0.0,0.0,1.0
2025_15_CLE_CHI,CLE,CHI,Jerry Jeudy,00-0036407,WR,car,0.008,0.0,0.0,0.0,0.0,0.0
2025_15_CLE_CHI,CLE,CHI,Jerry Jeudy,00-0036407,WR,rush_yds,0.038,0.0,0.0,0.0,0.0,0.0
2025_15_CLE_CHI,CLE,CHI,Jerry Jeudy,00-0036407,WR,tgt,7.161,3.0,5.0,7.0,9.0,12.0
2025_15_CLE_CHI,CLE,CHI,Jerry Jeudy,00-0036407,WR,rec,3.992,1.0,2.0,4.0,5.0,7.0
2025_15_CLE_CHI,CLE,CHI,Jerry Jeudy,00-0036407,WR,rec_yds,50.463,10.926,24.219,44.759,70.837,96.444
2025_15_CLE_CHI,CLE,CHI,Jerry Jeudy,00-0036407,WR,anytime_td,0.163,0.0,0.0,0.0,0.0,1.0
2025_15_CLE_CHI,CLE,CHI,Isaiah Bond,00-0040782,WR,car,0.326,0.0,0.0,0.0,0.0,1.0
2025_15_CLE_CHI,CLE,CHI,Isaiah Bond,00-0040782,WR,rush_yds,1.808,0.0,0.0,0.0,0.0,4.408
2025_15_CLE_CHI,CLE,CHI,Isaiah Bond,00-0040782,WR,tgt,3.194,1.0,2.0,3.0,4.0,6.0
2025_15_CLE_CHI,CLE,CHI,Isaiah Bond,00-0040782,WR,rec,1.769,0.0,1.0,1.0,3.0,4.0
2025_15_CLE_CHI,CLE,CHI,Isaiah Bond,00-0040782,WR,rec_yds,22.327,0.0,3.564,15.664,34.072,54.186
2025_15_CLE_CHI,CLE,CHI,Isaiah Bond,00-0040782,WR,anytime_td,0.041,0.0,0.0,0.0,0.0,0.0
2025_15_CLE_CHI,CLE,CHI,Quinshon Judkins,00-0040784,RB,car,19.954,12.0,15.0,20.0,24.0,29.0
2025_15_CLE_CHI,CLE,CHI,Quinshon Judkins,00-0040784,RB,rush_yds,75.931,32.76,47.508,69.753,96.005,127.866
2025_15_CLE_CHI,CLE,CHI,Quinshon Judkins,00-0040784,RB,tgt,2.477,0.0,1.0,2.0,4.0,5.0
2025_15_CLE_CHI,CLE,CHI,Quinshon Judkins,00-0040784,RB,rec,1.838,0.0,1.0,2.0,3.0,4.0
2025_15_CLE_CHI,CLE,CHI,Quinshon Judkins,00-0040784,RB,rec_yds,14.388,0.0,0.0,9.681,21.349,36.307
2025_15_CLE_CHI,CLE,CHI,Quinshon Judkins,00-0040784,RB,anytime_td,0.308,0.0,0.0,0.0,1.0,1.0
2025_15_CLE_CHI,CLE,CHI,Gage Larvadain,00-0040259,WR,car,0.011,0.0,0.0,0.0,0.0,0.0
2025_15_CLE_CHI,CLE,CHI,Gage Larvadain,00-0040259,WR,rush_yds,0.052,0.0,0.0,0.0,0.0,0.0
2025_15_CLE_CHI,CLE,CHI,Gage Larvadain,00-0040259,WR,tgt,1.96,0.0,1.0,2.0,3.0,4.0
2025_15_CLE_CHI,CLE,CHI,Gage Larvadain,00-0040259,WR,rec,1.21,0.0,0.0,1.0,2.0,3.0
2025_15_CLE_CHI,CLE,CHI,Gage Larvadain,00-0040259,WR,rec_yds,14.329,0.0,0.0,8.132,21.773,39.239
2025_15_CLE_CHI,CLE,CHI,Gage Larvadain,00-0040259,WR,anytime_td,0.017,0.0,0.0,0.0,0.0,0.0
2025_15_CLE_CHI,CLE,CHI,Trayveon Williams,00-0035291,RB,car,2.622,0.0,0.0,2.0,4.0,7.0
2025_15_CLE_CHI,CLE,CHI,Trayveon Williams,00-0035291,RB,rush_yds,10.907,0.0,0.0,5.169,15.253,30.379
2025_15_CLE_CHI,CLE,CHI,Trayveon Williams,00-0035291,RB,tgt,0.655,0.0,0.0,0.0,1.0,2.0
2025_15_CLE_CHI,CLE,CHI,Trayveon Williams,00-0035291,RB,rec,0.498,0.0,0.0,0.0,1.0,2.0
2025_15_CLE_CHI,CLE,CHI,Trayveon Williams,00-0035291,RB,rec_yds,3.545,0.0,0.0,0.0,4.268,12.255
2025_15_CLE_CHI,CLE,CHI,Trayveon Williams,00-0035291,RB,anytime_td,0.058,0.0,0.0,0.0,0.0,0.0
2025_15_CLE_CHI,CLE,CHI,Malachi Corley,00-0039920,WR,car,0.887,0.0,0.0,0.0,1.0,3.0
2025_15_CLE_CHI,CLE,CHI,Malachi Corley,00-0039920,WR,rush_yds,5.161,0.0,0.0,0.0,4.762,18.473
2025_15_CLE_CHI,CLE,CHI,Malachi Corley,00-0039920,WR,tgt,0.936,0.0,0.0,1.0,1.0,2.0
2025_15_CLE_CHI,CLE,CHI,Malachi Corley,00-0039920,WR,rec,0.603,0.0,0.0,0.0,1.0,2.0
2025_15_CLE_CHI,CLE,CHI,Malachi Corley,00-0039920,WR,rec_yds,6.941,0.0,0.0,0.0,9.68,22.887
2025_15_CLE_CHI,CLE,CHI,Malachi Corley,00-0039920,WR,anytime_td,0.022,0.0,0.0,0.0,0.0,0.0
2025_15_CLE_CHI,CLE,CHI,Blake Whiteheart,00-0038710,TE,car,0.002,0.0,0.0,0.0,0.0,0.0
2025_15_CLE_CHI,CLE,CHI,Blake Whiteheart,00-0038710,TE,rush_yds,0.004,0.0,0.0,0.0,0.0,0.0
2025_15_CLE_CHI,CLE,CHI,Blake Whiteheart,00-0038710,TE,tgt,0.53,0.0,0.0,0.0,1.0,2.0
2025_15_CLE_CHI,CLE,CHI,Blake Whiteheart,00-0038710,TE,rec,0.373,0.0,0.0,0.0,1.0,1.0
2025_15_CLE_CHI,CLE,CHI,Blake Whiteheart,00-0038710,TE,rec_yds,3.523,0.0,0.0,0.0,1.804,12.793
2025_15_CLE_CHI,CLE,CHI,Blake Whiteheart,00-0038710,TE,anytime_td,0.005,0.0,0.0,0.0,0.0,0.0
2025_15_CLE_CHI,CLE,CHI,Cedric Tillman,00-0038979,WR,car,0.023,0.0,0.0,0.0,0.0,0.0
2025_15_CLE_CHI,CLE,CHI,Cedric Tillman,00-0038979,WR,rush_yds,0.153,0.0,0.0,0.0,0.0,0.0
2025_15_CLE_CHI,CLE,CHI,Cedric Tillman,00-0038979,WR,tgt,4.066,1.0,2.0,4.0,6.0,7.0
2025_15_CLE_CHI,CLE,CHI,Cedric Tillman,00-0038979,WR,rec,2.389,0.0,1.0,2.0,3.0,5.0
2025_15_CLE_CHI,CLE,CHI,Cedric Tillman,00-0038979,WR,rec_yds,27.865,0.0,8.603,21.89,41.732,61.815
2025_15_CLE_CHI,CLE,CHI,Cedric Tillman,00-0038979,WR,anytime_td,0.109,0.0,0.0,0.0,0.0,1.0
2025_15_DET_LA,LA,DET,Matthew Stafford,00-0026498,QB,att,32.98,23.0,28.0,34.0,39.0,44.0
2025_15_DET_LA,LA,DET,Matthew Stafford,00-0026498,QB,cmp,22.159,14.0,19.0,22.0,27.0,30.0
2025_15_DET_LA,LA,DET,Matthew Stafford,00-0026498,QB,pass_yds,269.17,170.416,220.081,269.476,322.4,377.901
2025_15_DET_LA,LA,DET,Matthew Stafford,00-0026498,QB,pass_td,2.0,0.0,1.0,2.0,3.0,4.0
2025_15_DET_LA,LA,DET,Matthew Stafford,00-0026498,QB,ints,0.633,0.0,0.0,0.0,1.0,2.0
2025_15_DET_LA,LA,DET,Matthew Stafford,00-0026498,QB,car,1.761,0.0,1.0,1.0,3.0,4.0
2025_15_DET_LA,LA,DET,Matthew Stafford,00-0026498,QB,rush_yds,3.796,-2.0,-1.0,0.0,5.877,15.167
2025_15_DET_LA,LA,DET,Matthew Stafford,00-0026498,QB,tgt,0.0,0.0,0.0,0.0,0.0,0.0
2025_15_DET_LA,LA,DET,Matthew Stafford,00-0026498,QB,rec,0.0,0.0,0.0,0.0,0.0,0.0
2025_15_DET_LA,LA,DET,Matthew Stafford,00-0026498,QB,rec_yds,0.002,0.0,0.0,0.0,0.0,0.0
2025_15_DET_LA,LA,DET,Matthew Stafford,00-0026498,QB,anytime_td,0.01,0.0,0.0,0.0,0.0,0.0
2025_15_DET_LA,LA,DET,Colby Parkinson,00-0036244,TE,car,0.003,0.0,0.0,0.0,0.0,0.0
2025_15_DET_LA,LA,DET,Colby Parkinson,00-0036244,TE,rush_yds,0.008,0.0,0.0,0.0,0.0,0.0
2025_15_DET_LA,LA,DET,Colby Parkinson,00-0036244,TE,tgt,3.234,1.0,2.0,3.0,5.0,6.0
2025_15_DET_LA,LA,DET,Colby Parkinson,00-0036244,TE,rec,2.513,0.0,1.0,2.0,4.0,5.0
2025_15_DET_LA,LA,DET,Colby Parkinson,00-0036244,TE,rec_yds,25.604,0.0,7.836,20.32,37.816,57.983
2025_15_DET_LA,LA,DET,Colby Parkinson,00-0036244,TE,anytime_td,0.297,0.0,0.0,0.0,1.0,1.0
2025_15_DET_LA,LA,DET,Terrance Ferguson,00-0040737,TE,car,0.065,0.0,0.0,0.0,0.0,0.0
2025_15_DET_LA,LA,DET,Terrance Ferguson,00-0040737,TE,rush_yds,0.158,0.0,0.0,0.0,0.0,0.0
2025_15_DET_LA,LA,DET,Terrance Ferguson,00-0040737,TE,tgt,1.586,0.0,0.0,1.0,2.0,4.0
2025_15_DET_LA,LA,DET,Terrance Ferguson,00-0040737,TE,rec,1.033,0.0,0.0,1.0,2.0,3.0
2025_15_DET_LA,LA,DET,Terrance Ferguson,00-0040737,TE,rec_yds,12.194,0.0,0.0,6.046,18.682,34.591
2025_15_DET_LA,LA,DET,Terrance Ferguson,00-0040737,TE,anytime_td,0.073,0.0,0.0,0.0,0.0,0.0
2025_15_DET_LA,LA,DET,Davis Allen,00-0039074,TE,car,0.002,0.0,0.0,0.0,0.0,0.0
2025_15_DET_LA,LA,DET,Davis Allen,00-0039074,TE,rush_yds,0.004,0.0,0.0,0.0,0.0,0.0
2025_15_DET_LA,LA,DET,Davis Allen,00-0039074,TE,tgt,1.877,0.0,1.0,1.0,3.0,4.0
2025_15_DET_LA,LA,DET,Davis Allen,00-0039074,TE,rec,1.451,0.0,0.0,1.0,2.0,3.0
2025_15_DET_LA,LA,DET,Davis Allen,00-0039074,TE,rec_yds,14.509,0.0,0.0,8.893,22.098,37.995
2025_15_DET_LA,LA,DET,Davis Allen,00-0039074,TE,anytime_td,0.114,0.0,0.0,0.0,0.0,1.0
2025_15_DET_LA,LA,DET,Puka Nacua,00-0039075,WR,car,0.44,0.0,0.0,0.0,0.0,2.0
2025_15_DET_LA,LA,DET,Puka Nacua,00-0039075,WR,rush_yds,2.59,0.0,0.0,0.0,0.0,8.44
2025_15_DET_LA,LA,DET,Puka Nacua,00-0039075,WR,tgt,9.934,5.0,7.0,10.0,12.0,15.0
2025_15_DET_LA,LA,DET,Puka Nacua,00-0039075,WR,rec,7.264,3.0,5.0,7.0,9.0,12.0
2025_15_DET_LA,LA,DET,Puka Nacua,00-0039075,WR,rec_yds,99.433,39.085,62.221,93.313,129.141,166.787
2025_15_DET_LA,LA,DET,Puka Nacua,00-0039075,WR,anytime_td,0.402,0.0,0.0,0.0,1.0,1.0
2025_15_DET_LA,LA,DET,Kyren Williams,00-0037840,RB,car,14.681,7.0,10.0,14.0,19.0,23.0
2025_15_DET_LA,LA,DET,Kyren Williams,00-0037840,RB,rush_yds,69.515,24.278,39.674,61.883,91.561,125.515
2025_15_DET_LA,LA,DET,Kyren Williams,00-0037840,RB,tgt,2.254,0.0,1.0,2.0,3.0,5.0
2025_15_DET_LA,LA,DET,Kyren Williams,00-0037840,RB,rec,1.795,0.0,1.0,1.0,3.0,4.0
2025_15_DET_LA,LA,DET,Kyren Williams,00-0037840,RB,rec_yds,13.603,0.0,0.0,8.594,20.16,35.234
2025_15_DET_LA,LA,DET,Kyren Williams,00-0037840,RB,anytime_td,0.606,0.0,0.0,1.0,1.0,1.0
2025_15_DET_LA,LA,DET,Blake Corum,00-0039738,RB,car,8.377,3.0,5.0,8.0,11.0,15.0
2025_15_DET_LA,LA,DET,Blake Corum,00-0039738,RB,rush_yds,41.545,7.834,17.646,33.654,56.867,86.822
2025_15_DET_LA,LA,DET,Blake Corum,00-0039738,RB,tgt,0.772,0.0,0.0,0.0,1.0,2.0
2025_15_DET_LA,LA,DET,Blake Corum,00-0039738,RB,rec,0.608,0.0,0.0,0.0,1.0,2.0
2025_15_DET_LA,LA,DET,Blake Corum,00-0039738,RB,rec_yds,4.496,0.0,0.0,0.0,5.477,15.499
2025_15_DET_LA,LA,DET,Blake Corum,00-0039738,RB,anytime_td,0.386,0.0,0.0,0.0,1.0,1.0
2025_15_DET_LA,LA,DET,Davante Adams,00-0031381,WR,car,0.006,0.0,0.0,0.0,0.0,0.0
2025_15_DET_LA,LA,DET,Davante Adams,00-0031381,WR,rush_yds,0.038,0.0,0.0,0.0,0.0,0.0
2025_15_DET_LA,LA,DET,Davante Adams,00-0031381,WR,tgt,7.906,4.0,5.0,8.0,10.0,13.0
2025_15_DET_LA,LA,DET,Davante Adams,00-0031381,WR,rec,4.888,2.0,3.0,5.0,6.0,8.0
2025_15_DET_LA,LA,DET,Davante Adams,00-0031381,WR,rec_yds,62.093,17.435,33.433,55.675,83.786,114.786
2025_15_DET_LA,LA,DET,Davante Adams,00-0031381,WR,anytime_td,0.535,0.0,0.0,1.0,1.0,1.0
2025_15_DET_LA,LA,DET,Konata Mumpfield,00-0040590,WR,car,0.007,0.0,0.0,0.0,0.0,0.0
2025_15_DET_LA,LA,DET,Konata Mumpfield,00-0040590,WR,rush_yds,0.036,0.0,0.0,0.0,0.0,0.0
2025_15_DET_LA,LA,DET,Konata Mumpfield,00-0040590,WR,tgt,0.872,0.0,0.0,0.0,1.0,2.0
2025_15_DET_LA,LA,DET,Konata Mumpfield,00-0040590,WR,rec,0.57,0.0,0.0,0.0,1.0,2.0
2025_15_DET_LA,LA,DET,Konata Mumpfield,00-0040590,WR,rec_yds,7.375,0.0,0.0,0.0,9.83,25.313
2025_15_DET_LA,LA,DET,Konata Mumpfield,00-0040590,WR,anytime_td,0.048,0.0,0.0,0.0,0.0,0.0
2025_15_DET_LA,LA,DET,Jordan Whittington,00-0039751,WR,car,0.128,0.0,0.0,0.0,0.0,0.0
2025_15_DET_LA,LA,DET,Jordan Whittington,00-0039751,WR,rush_yds,0.678,0.0,0.0,0.0,0.0,0.0
2025_15_DET_LA,LA,DET,Jordan Whittington,00-0039751,WR,tgt,1.787,0.0,0.0,1.0,3.0,4.0
2025_15_DET_LA,LA,DET,Jordan Whittington,00-0039751,WR,rec,1.204,0.0,0.0,1.0,2.0,3.0
2025_15_DET_LA,LA,DET,Jordan Whittington,00-0039751,WR,rec_yds,14.37,0.0,0.0,7.684,22.059,39.197
2025_15_DET_LA,LA,DET,Jordan Whittington,00-0039751,WR,anytime_td,0.015,0.0,0.0,0.0,0.0,0.0
2025_15_DET_LA,LA,DET,Tutu Atwell,00-0036849,WR,car,0.03,0.0,0.0,0.0,0.0,0.0
2025_15_DET_LA,LA,DET,Tutu Atwell,00-0036849,WR,rush_yds,0.169,0.0,0.0,0.0,0.0,0.0
2025_15_DET_LA,LA,DET,Tutu Atwell,00-0036849,WR,tgt,1.795,0.0,0.0,1.0,3.0,4.0
2025_15_DET_LA,LA,DET,Tutu Atwell,00-0036849,WR,rec,1.141,0.0,0.0,1.0,2.0,3.0
2025_15_DET_LA,LA,DET,Tutu Atwell,00-0036849,WR,rec_yds,17.42,0.0,0.0,8.8,26.217,49.064
2025_15_DET_LA,LA,DET,Tutu Atwell,00-0036849,WR,anytime_td,0.101,0.0,0.0,0.0,0.0,1.0
2025_15_DET_LA,LA,DET,Xavier Smith,00-0038359,WR,car,0.042,0.0,0.0,0.0,0.0,0.0
2025_15_DET_LA,LA,DET,Xavier Smith,00-0038359,WR,rush_yds,0.202,0.0,0.0,0.0,0.0,0.0
2025_15_DET_LA,LA,DET,Xavier Smith,00-0038359,WR,tgt,1.683,0.0,0.0,1.0,2.0,4.0
2025_15_DET_LA,LA,DET,Xavier Smith,00-0038359,WR,rec,1.175,0.0,0.0,1.0,2.0,3.0
2025_15_DET_LA,LA,DET,Xavier Smith,00-0038359,WR,rec_yds,15.889,0.0,0.0,7.955,23.779,44.313
2025_15_DET_LA,LA,DET,Xavier Smith,00-0038359,WR,anytime_td,0.017,0.0,0.0,0.0,0.0,0.0
2025_15_DET_LA,DET,LA,Jared Goff,00-0033106,QB,att,32.036,22.0,27.0,33.0,38.0,43.0
2025_15_DET_LA,DET,LA,Jared Goff,00-0033106,QB,cmp,21.24,14.0,18.0,22.0,25.0,29.0
2025_15_DET_LA,DET,LA,Jared Goff,00-0033106,QB,pass_yds,242.649,149.802,195.207,243.236,294.064,341.434
2025_15_DET_LA,DET,LA,Jared Goff,00-0033106,QB,pass_td,1.495,0.0,1.0,1.0,2.0,3.0
2025_15_DET_LA,DET,LA,Jared Goff,00-0033106,QB,ints,0.771,0.0,0.0,1.0,1.0,2.0
2025_15_DET_LA,DET,LA,Jared Goff,00-0033106,QB,car,1.309,0.0,0.0,1.0,2.0,3.0
2025_15_DET_LA,DET,LA,Jared Goff,00-0033106,QB,rush_yds,4.739,-1.0,0.0,0.0,7.319,16.776
2025_15_DET_LA,DET,LA,Jared Goff,00-0033106,QB,tgt,0.0,0.0,0.0,0.0,0.0,0.0
2025_15_DET_LA,DET,LA,Jared Goff,00-0033106,QB,rec,0.0,0.0,0.0,0.0,0.0,0.0
2025_15_DET_LA,DET,LA,Jared Goff,00-0033106,QB,rec_yds,0.003,0.0,0.0,0.0,0.0,0.0
2025_15_DET_LA,DET,LA,Jared Goff,00-0033106,QB,anytime_td,0.007,0.0,0.0,0.0,0.0,0.0
2025_15_DET_LA,DET,LA,Amon-Ra St. Brown,00-0036963,WR,car,0.136,0.0,0.0,0.0,0.0,0.0
2025_15_DET_LA,DET,LA,Amon-Ra St. Brown,00-0036963,WR,rush_yds,0.696,0.0,0.0,0.0,0.0,0.0
2025_15_DET_LA,DET,LA,Amon-Ra St. Brown,00-0036963,WR,tgt,10.682,6.0,8.0,10.0,13.0,16.0
2025_15_DET_LA,DET,LA,Amon-Ra St. Brown,00-0036963,WR,rec,6.853,3.0,5.0,7.0,9.0,11.0
2025_15_DET_LA,DET,LA,Amon-Ra St. Brown,00-0036963,WR,rec_yds,87.011,32.546,52.715,81.278,114.895,147.823
2025_15_DET_LA,DET,LA,Amon-Ra St. Brown,00-0036963,WR,anytime_td,0.36,0.0,0.0,0.0,1.0,1.0
2025_15_DET_LA,DET,LA,Jameson Williams,00-0037240,WR,car,0.521,0.0,0.0,0.0,0.0,2.0
2025_15_DET_LA,DET,LA,Jameson Williams,00-0037240,WR,rush_yds,2.564,0.0,0.0,0.0,0.0,8.363
2025_15_DET_LA,DET,LA,Jameson Williams,00-0037240,WR,tgt,7.444,3.0,5.0,7.0,10.0,12.0
2025_15_DET_LA,DET,LA,Jameson Williams,00-0037240,WR,rec,4.732,2.0,3.0,4.0,6.0,8.0
2025_15_DET_LA,DET,LA,Jameson Williams,00-0037240,WR,rec_yds,69.813,17.772,36.266,62.989,96.256,130.16
2025_15_DET_LA,DET,LA,Jameson Williams,00-0037240,WR,anytime_td,0.303,0.0,0.0,0.0,1.0,1.0
2025_15_DET_LA,DET,LA,Jahmyr Gibbs,00-0039139,RB,car,14.296,7.0,10.0,14.0,18.0,23.0
2025_15_DET_LA,DET,LA,Jahmyr Gibbs,00-0039139,RB,rush_yds,67.869,23.046,38.18,59.966,89.362,124.073
2025_15_DET_LA,DET,LA,Jahmyr Gibbs,00-0039139,RB,tgt,6.682,3.0,4.0,6.0,9.0,11.0
2025_15_DET_LA,DET,LA,Jahmyr Gibbs,00-0039139,RB,rec,5.452,2.0,3.0,5.0,7.0,9.0
2025_15_DET_LA,DET,LA,Jahmyr Gibbs,00-0039139,RB,rec_yds,44.243,10.043,21.275,39.002,61.022,86.485
2025_15_DET_LA,DET,LA,Jahmyr Gibbs,00-0039139,RB,anytime_td,0.617,0.0,0.0,1.0,1.0,1.0
2025_15_DET_LA,DET,LA,Isaac TeSlaa,00-0040669,WR,car,0.004,0.0,0.0,0.0,0.0,0.0
2025_15_DET_LA,DET,LA,Isaac TeSlaa,00-0040669,WR,rush_yds,0.024,0.0,0.0,0.0,0.0,0.0
2025_15_DET_LA,DET,LA,Isaac TeSlaa,00-0040669,WR,tgt,1.679,0.0,0.0,1.0,2.0,4.0
2025_15_DET_LA,DET,LA,Isaac TeSlaa,00-0040669,WR,rec,1.037,0.0,0.0,1.0,2.0,3.0
2025_15_DET_LA,DET,LA,Isaac TeSlaa,00-0040669,WR,rec_yds,13.152,0.0,0.0,6.34,19.995,37.808
2025_15_DET_LA,DET,LA,Isaac TeSlaa,00-0040669,WR,anytime_td,0.176,0.0,0.0,0.0,0.0,1.0
2025_15_DET_LA,DET,LA,Anthony Firkser,00-0033455,TE,car,0.002,0.0,0.0,0.0,0.0,0.0
2025_15_DET_LA,DET,LA,Anthony Firkser,00-0033455,TE,rush_yds,0.004,0.0,0.0,0.0,0.0,0.0
2025_15_DET_LA,DET,LA,Anthony Firkser,00-0033455,TE,tgt,0.751,0.0,0.0,0.0,1.0,2.0
2025_15_DET_LA,DET,LA,Anthony Firkser,00-0033455,TE,rec,0.545,0.0,0.0,0.0,1.0,2.0
2025_15_DET_LA,DET,LA,Anthony Firkser,00-0033455,TE,rec_yds,5.457,0.0,0.0,0.0,7.003,19.127
2025_15_DET_LA,DET,LA,Anthony Firkser,00-0033455,TE,anytime_td,0.012,0.0,0.0,0.0,0.0,0.0
2025_15_DET_LA,DET,LA,David Montgomery,00-0035685,RB,car,9.006,3.0,5.0,8.0,12.0,16.0
2025_15_DET_LA,DET,LA,David Montgomery,00-0035685,RB,rush_yds,37.095,7.176,16.54,30.742,50.95,74.058
2025_15_DET_LA,DET,LA,David Montgomery,00-0035685,RB,tgt,2.381,0.0,1.0,2.0,3.0,5.0
2025_15_DET_LA,DET,LA,David Montgomery,00-0035685,RB,rec,1.897,0.0,1.0,2.0,3.0,4.0
2025_15_DET_LA,DET,LA,David Montgomery,00-0035685,RB,rec_yds,14.363,0.0,0.0,9.213,21.481,37.003
2025_15_DET_LA,DET,LA,David Montgomery,00-0035685,RB,anytime_td,0.335,0.0,0.0,0.0,1.0,1.0
2025_15_DET_LA,DET,LA,Giovanni Ricci,00-0035956,TE,car,0.003,0.0,0.0,0.0,0.0,0.0
2025_15_DET_LA,DET,LA,Giovanni Ricci,00-0035956,TE,rush_yds,0.004,0.0,0.0,0.0,0.0,0.0
2025_15_DET_LA,DET,LA,Giovanni Ricci,00-0035956,TE,tgt,0.703,0.0,0.0,0.0,1.0,2.0
2025_15_DET_LA,DET,LA,Giovanni Ricci,00-0035956,TE,rec,0.507,0.0,0.0,0.0,1.0,2.0
2025_15_DET_LA,DET,LA,Giovanni Ricci,00-0035956,TE,rec_yds,5.131,0.0,0.0,0.0,6.788,17.953
2025_15_DET_LA,DET,LA,Giovanni Ricci,00-0035956,TE,anytime_td,0.022,0.0,0.0,0.0,0.0,0.0
2025_15_DET_LA,DET,LA,Kalif Raymond,00-0032464,WR,car,0.17,0.0,0.0,0.0,0.0,0.0
2025_15_DET_LA,DET,LA,Kalif Raymond,00-0032464,WR,rush_yds,0.873,0.0,0.0,0.0,0.0,0.0
2025_15_DET_LA,DET,LA,Kalif Raymond,00-0032464,WR,tgt,2.101,0.0,1.0,2.0,3.0,5.0
2025_15_DET_LA,DET,LA,Kalif Raymond,00-0032464,WR,rec,1.406,0.0,0.0,1.0,2.0,3.0
2025_15_DET_LA,DET,LA,Kalif Raymond,00-0032464,WR,rec_yds,17.16,0.0,0.0,10.335,25.817,45.938
2025_15_DET_LA,DET,LA,Kalif Raymond,00-0032464,WR,anytime_td,0.034,0.0,0.0,0.0,0.0,0.0
2025_15_GB_DEN,DEN,GB,Bo Nix,00-0039732,QB,att,31.228,21.0,26.75,32.0,37.0,42.0
2025_15_GB_DEN,DEN,GB,Bo Nix,00-0039732,QB,cmp,19.82,12.0,16.0,20.0,24.0,27.0
2025_15_GB_DEN,DEN,GB,Bo Nix,00-0039732,QB,pass_yds,207.3,125.744,165.553,207.629,251.775,295.437
2025_15_GB_DEN,DEN,GB,Bo Nix,00-0039732,QB,pass_td,1.274,0.0,0.0,1.0,2.0,3.0
2025_15_GB_DEN,DEN,GB,Bo Nix,00-0039732,QB,ints,0.682,0.0,0.0,0.0,1.0,2.0
2025_15_GB_DEN,DEN,GB,Bo Nix,00-0039732,QB,car,3.763,1.0,2.0,3.0,5.0,8.0
2025_15_GB_DEN,DEN,GB,Bo Nix,00-0039732,QB,rush_yds,15.973,0.0,3.145,11.677,23.838,39.259
2025_15_GB_DEN,DEN,GB,Bo Nix,00-0039732,QB,tgt,0.001,0.0,0.0,0.0,0.0,0.0
2025_15_GB_DEN,DEN,GB,Bo Nix,00-0039732,QB,rec,0.0,0.0,0.0,0.0,0.0,0.0
2025_15_GB_DEN,DEN,GB,Bo Nix,00-0039732,QB,rec_yds,0.0,0.0,0.0,0.0,0.0,0.0
2025_15_GB_DEN,DEN,GB,Bo Nix,00-0039732,QB,anytime_td,0.192,0.0,0.0,0.0,0.0,1.0
2025_15_GB_DEN,DEN,GB,Courtland Sutton,00-0034348,WR,car,0.005,0.0,0.0,0.0,0.0,0.0
2025_15_GB_DEN,DEN,GB,Courtland Sutton,00-0034348,WR,rush_yds,0.047,0.0,0.0,0.0,0.0,0.0
2025_15_GB_DEN,DEN,GB,Courtland Sutton,00-0034348,WR,tgt,6.426,3.0,4.0,6.0,8.0,11.0
2025_15_GB_DEN,DEN,GB,Courtland Sutton,00-0034348,WR,rec,3.898,1.0,2.0,4.0,5.0,7.0
2025_15_GB_DEN,DEN,GB,Courtland Sutton,00-0034348,WR,rec_yds,50.889,10.156,23.951,44.874,71.514,100.052
2025_15_GB_DEN,DEN,GB,Courtland Sutton,00-0034348,WR,anytime_td,0.268,0.0,0.0,0.0,1.0,1.0
2025_15_GB_DEN,DEN,GB,Lil'Jordan Humphrey,00-0035406,WR,car,0.013,0.0,0.0,0.0,0.0,0.0
2025_15_GB_DEN,DEN,GB,Lil'Jordan Humphrey,00-0035406,WR,rush_yds,0.084,0.0,0.0,0.0,0.0,0.0
2025_15_GB_DEN,DEN,GB,Lil'Jordan Humphrey,00-0035406,WR,tgt,1.799,0.0,1.0,1.0,3.0,4.0
2025_15_GB_DEN,DEN,GB,Lil'Jordan Humphrey,00-0035406,WR,rec,1.096,0.0,0.0,1.0,2.0,3.0
2025_15_GB_DEN,DEN,GB,Lil'Jordan Humphrey,00-0035406,WR,rec_yds,13.639,0.0,0.0,6.719,20.806,38.649
2025_15_GB_DEN,DEN,GB,Lil'Jordan Humphrey,00-0035406,WR,anytime_td,0.045,0.0,0.0,0.0,0.0,0.0
2025_15_GB_DEN,DEN,GB,RJ Harvey,00-0040730,RB,car,10.943,4.0,7.0,10.0,14.0,18.0
2025_15_GB_DEN,DEN,GB,RJ Harvey,00-0040730,RB,rush_yds,43.57,10.871,21.481,37.184,58.808,83.666
2025_15_GB_DEN,DEN,GB,RJ Harvey,00-0040730,RB,tgt,3.28,1.0,2.0,3.0,5.0,6.0
2025_15_GB_DEN,DEN,GB,RJ Harvey,00-0040730,RB,rec,2.629,0.0,1.0,2.0,4.0,5.0
2025_15_GB_DEN,DEN,GB,RJ Harvey,00-0040730,RB,rec_yds,18.708,0.0,5.05,14.568,27.05,42.802
2025_15_GB_DEN,DEN,GB,RJ Harvey,00-0040730,RB,anytime_td,0.416,0.0,0.0,0.0,1.0,1.0
2025_15_GB_DEN,DEN,GB,Adam Trautman,00-0036422,TE,car,0.003,0.0,0.0,0.0,0.0,0.0
2025_15_GB_DEN,DEN,GB,Adam Trautman,00-0036422,TE,rush_yds,0.006,0.0,0.0,0.0,0.0,0.0
2025_15_GB_DEN,DEN,GB,Adam Trautman,00-0036422,TE,tgt,1.438,0.0,0.0,1.0,2.0,4.0
2025_15_GB_DEN,DEN,GB,Adam Trautman,00-0036422,TE,rec,1.045,0.0,0.0,1.0,2.0,3.0
2025_15_GB_DEN,DEN,GB,Adam Trautman,00-0036422,TE,rec_yds,10.933,0.0,0.0,4.993,16.7,31.422
2025_15_GB_DEN,DEN,GB,Adam Trautman,00-0036422,TE,anytime_td,0.043,0.0,0.0,0.0,0.0,0.0
2025_15_GB_DEN,DEN,GB,Troy Franklin,00-0039868,WR,car,0.316,0.0,0.0,0.0,0.0,1.0
2025_15_GB_DEN,DEN,GB,Troy Franklin,00-0039868,WR,rush_yds,1.76,0.0,0.0,0.0,0.0,4.002
2025_15_GB_DEN,DEN,GB,Troy Franklin,00-0039868,WR,tgt,5.663,2.0,3.75,5.0,7.0,10.0
2025_15_GB_DEN,DEN,GB,Troy Franklin,00-0039868,WR,rec,3.298,1.0,2.0,3.0,5.0,6.0
2025_15_GB_DEN,DEN,GB,Troy Franklin,00-0039868,WR,rec_yds,39.013,5.14,16.682,33.281,55.644,79.902
2025_15_GB_DEN,DEN,GB,Troy Franklin,00-0039868,WR,anytime_td,0.258,0.0,0.0,0.0,1.0,1.0
2025_15_GB_DEN,DEN,GB,Nate Adkins,00-0038783,TE,car,0.001,0.0,0.0,0.0,0.0,0.0
2025_15_GB_DEN,DEN,GB,Nate Adkins,00-0038783,TE,rush_yds,0.003,0.0,0.0,0.0,0.0,0.0
2025_15_GB_DEN,DEN,GB,Nate Adkins,00-0038783,TE,tgt,1.527,0.0,0.0,1.0,2.0,4.0
2025_15_GB_DEN,DEN,GB,Nate Adkins,00-0038783,TE,rec,1.051,0.0,0.0,1.0,2.0,3.0
2025_15_GB_DEN,DEN,GB,Nate Adkins,00-0038783,TE,rec_yds,10.708,0.0,0.0,5.21,16.262,30.866
2025_15_GB_DEN,DEN,GB,Nate Adkins,00-0038783,TE,anytime_td,0.088,0.0,0.0,0.0,0.0,0.0
2025_15_GB_DEN,DEN,GB,Marvin Mims Jr.,00-0038976,WR,car,1.371,0.0,0.0,0.0,2.0,4.0
2025_15_GB_DEN,DEN,GB,Marvin Mims Jr.,00-0038976,WR,rush_yds,7.615,0.0,0.0,0.0,9.555,24.94
2025_15_GB_DEN,DEN,GB,Marvin Mims Jr.,00-0038976,WR,tgt,2.546,0.0,1.0,2.0,4.0,5.0
2025_15_GB_DEN,DEN,GB,Marvin Mims Jr.,00-0038976,WR,rec,1.656,0.0,1.0,1.0,2.0,4.0
2025_15_GB_DEN,DEN,GB,Marvin Mims Jr.,00-0038976,WR,rec_yds,19.981,0.0,0.814,13.345,30.033,50.855
2025_15_GB_DEN,DEN,GB,Marvin Mims Jr.,00-0038976,WR,anytime_td,0.119,0.0,0.0,0.0,0.0,1.0
2025_15_GB_DEN,DEN,GB,Evan Engram,00-0033881,TE,car,0.07,0.0,0.0,0.0,0.0,0.0
2025_15_GB_DEN,DEN,GB,Evan Engram,00-0033881,TE,rush_yds,0.169,0.0,0.0,0.0,0.0,0.0
2025_15_GB_DEN,DEN,GB,Evan Engram,00-0033881,TE,tgt,4.637,1.0,3.0,4.0,6.0,8.0
2025_15_GB_DEN,DEN,GB,Evan Engram,00-0033881,TE,rec,3.132,1.0,2.0,3.0,4.0,6.0
2025_15_GB_DEN,DEN,GB,Evan Engram,00-0033881,TE,rec_yds,30.161,3.558,12.134,25.672,42.686,63.649
2025_15_GB_DEN,DEN,GB,Evan Engram,00-0033881,TE,anytime_td,0.093,0.0,0.0,0.0,0.0,0.0
2025_15_GB_DEN,DEN,GB,Adam Prentice,00-0036727,RB,car,1.119,0.0,0.0,0.0,1.25,3.0
2025_15_GB_DEN,DEN,GB,Adam Prentice,00-0036727,RB,rush_yds,4.846,0.0,0.0,0.0,5.112,16.224
2025_15_GB_DEN,DEN,GB,Adam Prentice,00-0036727,RB,tgt,0.849,0.0,0.0,0.0,1.0,2.0
2025_15_GB_DEN,DEN,GB,Adam Prentice,00-0036727,RB,rec,0.647,0.0,0.0,0.0,1.0,2.0
2025_15_GB_DEN,DEN,GB,Adam Prentice,00-0036727,RB,rec_yds,4.879,0.0,0.0,0.0,6.724,16.579
2025_15_GB_DEN,DEN,GB,Adam Prentice,00-0036727,RB,anytime_td,0.033,0.0,0.0,0.0,0.0,0.0
2025_15_GB_DEN,DEN,GB,Jaleel McLaughlin,00-0038794,RB,car,7.367,2.0,4.0,7.0,10.0,14.0
2025_15_GB_DEN,DEN,GB,Jaleel McLaughlin,00-0038794,RB,rush_yds,30.717,4.428,11.436,24.213,42.993,65.747
2025_15_GB_DEN,DEN,GB,Jaleel McLaughlin,00-0038794,RB,tgt,1.112,0.0,0.0,1.0,2.0,3.0
2025_15_GB_DEN,DEN,GB,Jaleel McLaughlin,00-0038794,RB,rec,0.858,0.0,0.0,1.0,1.0,2.0
2025_15_GB_DEN,DEN,GB,Jaleel McLaughlin,00-0038794,RB,rec_yds,5.999,0.0,0.0,0.0,8.777,18.421
2025_15_GB_DEN,DEN,GB,Jaleel McLaughlin,00-0038794,RB,anytime_td,0.161,0.0,0.0,0.0,0.0,1.0
2025_15_GB_DEN,DEN,GB,Tyler Badie,00-0037085,RB,car,1.428,0.0,0.0,1.0,2.0,4.0
2025_15_GB_DEN,DEN,GB,Tyler Badie,00-0037085,RB,rush_yds,5.943,0.0,0.0,0.0,7.114,18.211
2025_15_GB_DEN,DEN,GB,Tyler Badie,00-0037085,RB,tgt,1.818,0.0,1.0,1.0,3.0,4.0
2025_15_GB_DEN,DEN,GB,Tyler Badie,00-0037085,RB,rec,1.332,0.0,0.0,1.0,2.0,3.0
2025_15_GB_DEN,DEN,GB,Tyler Badie,00-0037085,RB,rec_yds,9.772,0.0,0.0,5.224,14.723,27.464
2025_15_GB_DEN,DEN,GB,Tyler Badie,00-0037085,RB,anytime_td,0.043,0.0,0.0,0.0,0.0,0.0
2025_15_GB_DEN,DEN,GB,Michael Bandy,00-0036959,WR,car,0.017,0.0,0.0,0.0,0.0,0.0
2025_15_GB_DEN,DEN,GB,Michael Bandy,00-0036959,WR,rush_yds,0.08,0.0,0.0,0.0,0.0,0.0
2025_15_GB_DEN,DEN,GB,Michael Bandy,00-0036959,WR,tgt,0.752,0.0,0.0,0.0,1.0,2.0
2025_15_GB_DEN,DEN,GB,Michael Bandy,00-0036959,WR,rec,0.457,0.0,0.0,0.0,1.0,1.0
2025_15_GB_DEN,DEN,GB,Michael Bandy,00-0036959,WR,rec_yds,5.854,0.0,0.0,0.0,7.089,20.442
2025_15_GB_DEN,DEN,GB,Michael Bandy,00-0036959,WR,anytime_td,0.016,0.0,0.0,0.0,0.0,0.0
2025_15_GB_DEN,GB,DEN,Jordan Love,00-0036264,QB,att,29.528,20.0,25.0,30.0,35.0,40.0
2025_15_GB_DEN,GB,DEN,Jordan Love,00-0036264,QB,cmp,18.69,12.0,15.0,19.0,23.0,26.0
2025_15_GB_DEN,GB,DEN,Jordan Love,00-0036264,QB,pass_yds,212.232,127.555,167.283,211.706,258.137,302.918
2025_15_GB_DEN,GB,DEN,Jordan Love,00-0036264,QB,pass_td,1.268,0.0,0.0,1.0,2.0,3.0
2025_15_GB_DEN,GB,DEN,Jordan Love,00-0036264,QB,ints,0.589,0.0,0.0,0.0,1.0,2.0
2025_15_GB_DEN,GB,DEN,Jordan Love,00-0036264,QB,car,2.734,0.0,1.0,2.0,4.0,6.0
2025_15_GB_DEN,GB,DEN,Jordan Love,00-0036264,QB,rush_yds,11.117,-1.0,0.0,6.888,17.609,29.518
2025_15_GB_DEN,GB,DEN,Jordan Love,00-0036264,QB,tgt,0.0,0.0,0.0,0.0,0.0,0.0
2025_15_GB_DEN,GB,DEN,Jordan Love,00-0036264,QB,rec,0.0,0.0,0.0,0.0,0.0,0.0
2025_15_GB_DEN,GB,DEN,Jordan Love,00-0036264,QB,rec_yds,0.002,0.0,0.0,0.0,0.0,0.0
2025_15_GB_DEN,GB,DEN,Jordan Love,00-0036264,QB,anytime_td,0.02,0.0,0.0,0.0,0.0,0.0
2025_15_GB_DEN,GB,DEN,Romeo Doubs,00-0037816,WR,car,0.004,0.0,0.0,0.0,0.0,0.0
2025_15_GB_DEN,GB,DEN,Romeo Doubs,00-0037816,WR,rush_yds,0.033,0.0,0.0,0.0,0.0,0.0
2025_15_GB_DEN,GB,DEN,Romeo Doubs,00-0037816,WR,tgt,4.973,2.0,3.0,5.0,7.0,9.0
2025_15_GB_DEN,GB,DEN,Romeo Doubs,00-0037816,WR,rec,3.017,1.0,2.0,3.0,4.0,6.0
2025_15_GB_DEN,GB,DEN,Romeo Doubs,00-0037816,WR,rec_yds,35.952,3.89,14.071,30.376,51.209,75.096
2025_15_GB_DEN,GB,DEN,Romeo Doubs,00-0037816,WR,anytime_td,0.211,0.0,0.0,0.0,0.0,1.0
2025_15_GB_DEN,GB,DEN,John FitzPatrick,00-0037306,TE,car,0.001,0.0,0.0,0.0,0.0,0.0
2025_15_GB_DEN,GB,DEN,John FitzPatrick,00-0037306,TE,rush_yds,0.004,0.0,0.0,0.0,0.0,0.0
2025_15_GB_DEN,GB,DEN,John FitzPatrick,00-0037306,TE,tgt,0.923,0.0,0.0,1.0,1.0,3.0
2025_15_GB_DEN,GB,DEN,John FitzPatrick,00-0037306,TE,rec,0.677,0.0,0.0,0.0,1.0,2.0
2025_15_GB_DEN,GB,DEN,John FitzPatrick,00-0037306,TE,rec_yds,6.484,0.0,0.0,0.0,9.256,20.942
2025_15_GB_DEN,GB,DEN,John FitzPatrick,00-0037306,TE,anytime_td,0.04,0.0,0.0,0.0,0.0,0.0
2025_15_GB_DEN,GB,DEN,Jayden Reed,00-0039146,WR,car,0.71,0.0,0.0,0.0,1.0,2.0
2025_15_GB_DEN,GB,DEN,Jayden Reed,00-0039146,WR,rush_yds,3.829,0.0,0.0,0.0,0.942,13.746
2025_15_GB_DEN,GB,DEN,Jayden Reed,00-0039146,WR,tgt,3.427,1.0,2.0,3.0,5.0,6.0
2025_15_GB_DEN,GB,DEN,Jayden Reed,00-0039146,WR,rec,2.253,0.0,1.0,2.0,3.0,5.0
2025_15_GB_DEN,GB,DEN,Jayden Reed,00-0039146,WR,rec_yds,27.538,0.0,7.658,21.245,40.492,63.403
2025_15_GB_DEN,GB,DEN,Jayden Reed,00-0039146,WR,anytime_td,0.168,0.0,0.0,0.0,0.0,1.0
2025_15_GB_DEN,GB,DEN,Josh Jacobs,00-0035700,RB,car,15.22,8.0,11.0,15.0,19.0,24.0
2025_15_GB_DEN,GB,DEN,Josh Jacobs,00-0035700,RB,rush_yds,60.979,21.511,34.993,54.039,80.583,109.376
2025_15_GB_DEN,GB,DEN,Josh Jacobs,00-0035700,RB,tgt,2.547,0.0,1.0,2.0,4.0,5.0
2025_15_GB_DEN,GB,DEN,Josh Jacobs,00-0035700,RB,rec,2.006,0.0,1.0,2.0,3.0,4.0
2025_15_GB_DEN,GB,DEN,Josh Jacobs,00-0035700,RB,rec_yds,14.699,0.0,1.098,9.854,21.464,37.093
2025_15_GB_DEN,GB,DEN,Josh Jacobs,00-0035700,RB,anytime_td,0.503,0.0,0.0,1.0,1.0,1.0
2025_15_GB_DEN,GB,DEN,Luke Musgrave,00-0039144,TE,car,0.002,0.0,0.0,0.0,0.0,0.0
2025_15_GB_DEN,GB,DEN,Luke Musgrave,00-0039144,TE,rush_yds,0.003,0.0,0.0,0.0,0.0,0.0
2025_15_GB_DEN,GB,DEN,Luke Musgrave,00-0039144,TE,tgt,1.982,0.0,1.0,2.0,3.0,4.0
2025_15_GB_DEN,GB,DEN,Luke Musgrave,00-0039144,TE,rec,1.377,0.0,0.0,1.0,2.0,3.0
2025_15_GB_DEN,GB,DEN,Luke Musgrave,00-0039144,TE,rec_yds,13.872,0.0,0.0,8.701,20.929,36.309
2025_15_GB_DEN,GB,DEN,Luke Musgrave,00-0039144,TE,anytime_td,0.024,0.0,0.0,0.0,0.0,0.0
2025_15_GB_DEN,GB,DEN,Dontayvion Wicks,00-0038393,WR,car,0.109,0.0,0.0,0.0,0.0,0.0
2025_15_GB_DEN,GB,DEN,Dontayvion Wicks,00-0038393,WR,rush_yds,0.579,0.0,0.0,0.0,0.0,0.0
2025_15_GB_DEN,GB,DEN,Dontayvion Wicks,00-0038393,WR,tgt,3.695,1.0,2.0,3.0,5.0,7.0
2025_15_GB_DEN,GB,DEN,Dontayvion Wicks,00-0038393,WR,rec,2.326,0.0,1.0,2.0,3.0,5.0
2025_15_GB_DEN,GB,DEN,Dontayvion Wicks,00-0038393,WR,rec_yds,28.461,0.0,7.813,22.173,42.424,64.075
2025_15_GB_DEN,GB,DEN,Dontayvion Wicks,00-0038393,WR,anytime_td,0.18,0.0,0.0,0.0,0.0,1.0
2025_15_GB_DEN,GB,DEN,Christian Watson,00-0038124,WR,car,0.195,0.0,0.0,0.0,0.0,0.0
2025_15_GB_DEN,GB,DEN,Christian Watson,00-0038124,WR,rush_yds,1.023,0.0,0.0,0.0,0.0,0.0
2025_15_GB_DEN,GB,DEN,Christian Watson,00-0038124,WR,tgt,5.093,2.0,3.0,5.0,7.0,9.0
2025_15_GB_DEN,GB,DEN,Christian Watson,00-0038124,WR,rec,3.144,1.0,2.0,3.0,4.0,6.0
2025_15_GB_DEN,GB,DEN,Christian Watson,00-0038124,WR,rec_yds,45.768,5.535,18.152,38.601,66.6,93.979
2025_15_GB_DEN,GB,DEN,Christian Watson,00-0038124,WR,anytime_td,0.315,0.0,0.0,0.0,1.0,1.0
2025_15_GB_DEN,GB,DEN,Matthew Golden,00-0040667,WR,car,0.476,0.0,0.0,0.0,0.0,2.0
2025_15_GB_DEN,GB,DEN,Matthew Golden,00-0040667,WR,rush_yds,2.448,0.0,0.0,0.0,0.0,7.669
2025_15_GB_DEN,GB,DEN,Matthew Golden,00-0040667,WR,tgt,2.944,1.0,1.0,3.0,4.0,6.0
2025_15_GB_DEN,GB,DEN,Matthew Golden,00-0040667,WR,rec,1.869,0.0,1.0,2.0,3.0,4.0
2025_15_GB_DEN,GB,DEN,Matthew Golden,00-0040667,WR,rec_yds,22.847,0.0,4.335,16.441,34.256,55.439
2025_15_GB_DEN,GB,DEN,Matthew Golden,00-0040667,WR,anytime_td,0.046,0.0,0.0,0.0,0.0,0.0
2025_15_GB_DEN,GB,DEN,Chris Brooks,00-0038685,RB,car,1.246,0.0,0.0,0.0,2.0,4.0
2025_15_GB_DEN,GB,DEN,Chris Brooks,00-0038685,RB,rush_yds,5.037,0.0,0.0,0.0,5.608,16.085
2025_15_GB_DEN,GB,DEN,Chris Brooks,00-0038685,RB,tgt,0.937,0.0,0.0,1.0,1.0,3.0
2025_15_GB_DEN,GB,DEN,Chris Brooks,00-0038685,RB,rec,0.733,0.0,0.0,0.0,1.0,2.0
2025_15_GB_DEN,GB,DEN,Chris Brooks,00-0038685,RB,rec_yds,5.223,0.0,0.0,0.0,7.537,17.099
2025_15_GB_DEN,GB,DEN,Chris Brooks,00-0038685,RB,anytime_td,0.031,0.0,0.0,0.0,0.0,0.0
2025_15_GB_DEN,GB,DEN,Emanuel Wilson,00-0038797,RB,car,6.743,2.0,3.0,6.0,9.0,13.0
2025_15_GB_DEN,GB,DEN,Emanuel Wilson,00-0038797,RB,rush_yds,26.698,2.499,9.011,20.392,37.337,58.46
2025_15_GB_DEN,GB,DEN,Emanuel Wilson,00-0038797,RB,tgt,1.025,0.0,0.0,1.0,2.0,3.0
2025_15_GB_DEN,GB,DEN,Emanuel Wilson,00-0038797,RB,rec,0.802,0.0,0.0,0.0,1.0,2.0
2025_15_GB_DEN,GB,DEN,Emanuel Wilson,00-0038797,RB,rec_yds,5.816,0.0,0.0,0.0,8.301,18.741
2025_15_GB_DEN,GB,DEN,Emanuel Wilson,00-0038797,RB,anytime_td,0.253,0.0,0.0,0.0,1.0,1.0
2025_15_GB_DEN,GB,DEN,Bo Melton,00-0037091,WR,car,0.445,0.0,0.0,0.0,0.0,1.0
2025_15_GB_DEN,GB,DEN,Bo Melton,00-0037091,WR,rush_yds,2.373,0.0,0.0,0.0,0.0,7.029
2025_15_GB_DEN,GB,DEN,Bo Melton,00-0037091,WR,tgt,1.168,0.0,0.0,1.0,2.0,3.0
2025_15_GB_DEN,GB,DEN,Bo Melton,00-0037091,WR,rec,0.688,0.0,0.0,0.0,1.0,2.0
2025_15_GB_DEN,GB,DEN,Bo Melton,00-0037091,WR,rec_yds,9.114,0.0,0.0,0.0,12.788,29.332
2025_15_GB_DEN,GB,DEN,Bo Melton,00-0037091,WR,anytime_td,0.083,0.0,0.0,0.0,0.0,0.0
2025_15_GB_DEN,GB,DEN,Josh Whyle,00-0038589,TE,car,0.002,0.0,0.0,0.0,0.0,0.0
2025_15_GB_DEN,GB,DEN,Josh Whyle,00-0038589,TE,rush_yds,0.003,0.0,0.0,0.0,0.0,0.0
2025_15_GB_DEN,GB,DEN,Josh Whyle,00-0038589,TE,tgt,1.265,0.0,0.0,1.0,2.0,3.0
2025_15_GB_DEN,GB,DEN,Josh Whyle,00-0038589,TE,rec,0.905,0.0,0.0,1.0,1.0,2.0
2025_15_GB_DEN,GB,DEN,Josh Whyle,00-0038589,TE,rec_yds,9.056,0.0,0.0,2.284,13.794,27.506
2025_15_GB_DEN,GB,DEN,Josh Whyle,00-0038589,TE,anytime_td,0.087,0.0,0.0,0.0,0.0,0.0
2025_15_IND_SEA,SEA,IND,Sam Darnold,00-0034869,QB,att,28.689,19.0,24.0,29.0,34.0,39.0
2025_15_IND_SEA,SEA,IND,Sam Darnold,00-0034869,QB,cmp,19.303,12.0,16.0,19.0,23.0,27.0
2025_15_IND_SEA,SEA,IND,Sam Darnold,00-0034869,QB,pass_yds,233.745,140.65,185.958,234.102,285.415,335.135
2025_15_IND_SEA,SEA,IND,Sam Darnold,00-0034869,QB,pass_td,1.678,0.0,1.0,2.0,2.0,3.0
2025_15_IND_SEA,SEA,IND,Sam Darnold,00-0034869,QB,ints,0.575,0.0,0.0,0.0,1.0,2.0
2025_15_IND_SEA,SEA,IND,Sam Darnold,00-0034869,QB,car,2.407,0.0,1.0,2.0,3.0,5.0
2025_15_IND_SEA,SEA,IND,Sam Darnold,00-0034869,QB,rush_yds,6.567,-2.0,-1.0,1.21,10.295,21.517
2025_15_IND_SEA,SEA,IND,Sam Darnold,00-0034869,QB,tgt,0.001,0.0,0.0,0.0,0.0,0.0
2025_15_IND_SEA,SEA,IND,Sam Darnold,00-0034869,QB,rec,0.001,0.0,0.0,0.0,0.0,0.0
2025_15_IND_SEA,SEA,IND,Sam Darnold,00-0034869,QB,rec_yds,0.002,0.0,0.0,0.0,0.0,0.0
2025_15_IND_SEA,SEA,IND,Sam Darnold,00-0034869,QB,anytime_td,0.018,0.0,0.0,0.0,0.0,0.0
2025_15_IND_SEA,SEA,IND,Jaxon Smith-Njigba,00-0038543,WR,car,0.625,0.0,0.0,0.0,0.0,2.0
2025_15_IND_SEA,SEA,IND,Jaxon Smith-Njigba,00-0038543,WR,rush_yds,3.609,0.0,0.0,0.0,0.0,11.662
2025_15_IND_SEA,SEA,IND,Jaxon Smith-Njigba,00-0038543,WR,tgt,9.694,5.0,7.0,9.0,12.0,15.0
2025_15_IND_SEA,SEA,IND,Jaxon Smith-Njigba,00-0038543,WR,rec,6.813,3.0,5.0,7.0,9.0,11.0
2025_15_IND_SEA,SEA,IND,Jaxon Smith-Njigba,00-0038543,WR,rec_yds,99.91,36.538,62.053,94.562,131.438,169.836
2025_15_IND_SEA,SEA,IND,Jaxon Smith-Njigba,00-0038543,WR,anytime_td,0.522,0.0,0.0,1.0,1.0,1.0
2025_15_IND_SEA,SEA,IND,AJ Barner,00-0039793,TE,car,0.686,0.0,0.0,0.0,1.0,2.0
2025_15_IND_SEA,SEA,IND,AJ Barner,00-0039793,TE,rush_yds,1.673,0.0,0.0,0.0,0.0,5.967
2025_15_IND_SEA,SEA,IND,AJ Barner,00-0039793,TE,tgt,4.577,2.0,3.0,4.0,6.0,8.0
2025_15_IND_SEA,SEA,IND,AJ Barner,00-0039793,TE,rec,3.461,1.0,2.0,3.0,5.0,6.0
2025_15_IND_SEA,SEA,IND,AJ Barner,00-0039793,TE,rec_yds,34.206,5.845,14.914,29.354,48.61,68.957
2025_15_IND_SEA,SEA,IND,AJ Barner,00-0039793,TE,anytime_td,0.27,0.0,0.0,0.0,1.0,1.0
2025_15_IND_SEA,SEA,IND,Cooper Kupp,00-0033908,WR,car,0.009,0.0,0.0,0.0,0.0,0.0
2025_15_IND_SEA,SEA,IND,Cooper Kupp,00-0033908,WR,rush_yds,0.047,0.0,0.0,0.0,0.0,0.0
2025_15_IND_SEA,SEA,IND,Cooper Kupp,00-0033908,WR,tgt,4.632,2.0,3.0,4.0,6.0,8.0
2025_15_IND_SEA,SEA,IND,Cooper Kupp,00-0033908,WR,rec,3.052,1.0,2.0,3.0,4.0,6.0
2025_15_IND_SEA,SEA,IND,Cooper Kupp,00-0033908,WR,rec_yds,40.473,4.835,16.188,34.328,58.035,84.249
2025_15_IND_SEA,SEA,IND,Cooper Kupp,00-0033908,WR,anytime_td,0.239,0.0,0.0,0.0,0.0,1.0
2025_15_IND_SEA,SEA,IND,Rashid Shaheed,00-0037545,WR,car,0.699,0.0,0.0,0.0,1.0,2.0
2025_15_IND_SEA,SEA,IND,Rashid Shaheed,00-0037545,WR,rush_yds,4.214,0.0,0.0,0.0,0.957,13.75
2025_15_IND_SEA,SEA,IND,Rashid Shaheed,00-0037545,WR,tgt,5.044,2.0,3.0,5.0,7.0,9.0
2025_15_IND_SEA,SEA,IND,Rashid Shaheed,00-0037545,WR,rec,3.139,1.0,2.0,3.0,4.0,6.0
2025_15_IND_SEA,SEA,IND,Rashid Shaheed,00-0037545,WR,rec_yds,40.44,4.901,15.781,33.557,58.086,84.78
2025_15_IND_SEA,SEA,IND,Rashid Shaheed,00-0037545,WR,anytime_td,0.166,0.0,0.0,0.0,0.0,1.0
2025_15_IND_SEA,SEA,IND,Zach Charbonnet,00-0039165,RB,car,10.449,4.0,6.0,10.0,14.0,18.0
2025_15_IND_SEA,SEA,IND,Zach Charbonnet,00-0039165,RB,rush_yds,45.468,10.282,20.946,38.504,62.451,90.599
2025_15_IND_SEA,SEA,IND,Zach Charbonnet,00-0039165,RB,tgt,1.361,0.0,0.0,1.0,2.0,3.0
2025_15_IND_SEA,SEA,IND,Zach Charbonnet,00-0039165,RB,rec,1.081,0.0,0.0,1.0,2.0,3.0
2025_15_IND_SEA,SEA,IND,Zach Charbonnet,00-0039165,RB,rec_yds,8.161,0.0,0.0,3.083,12.443,23.982
2025_15_IND_SEA,SEA,IND,Zach Charbonnet,00-0039165,RB,anytime_td,0.515,0.0,0.0,1.0,1.0,1.0
2025_15_IND_SEA,SEA,IND,Kenneth Walker III,00-0038134,RB,car,12.892,6.0,8.0,12.0,17.0,21.0
2025_15_IND_SEA,SEA,IND,Kenneth Walker III,00-0038134,RB,rush_yds,57.038,17.029,29.553,49.525,77.098,106.186
2025_15_IND_SEA,SEA,IND,Kenneth Walker III,00-0038134,RB,tgt,2.665,0.0,1.0,2.0,4.0,5.0
2025_15_IND_SEA,SEA,IND,Kenneth Walker III,00-0038134,RB,rec,2.088,0.0,1.0,2.0,3.0,4.0
2025_15_IND_SEA,SEA,IND,Kenneth Walker III,00-0038134,RB,rec_yds,16.114,0.0,2.342,11.387,23.987,39.145
2025_15_IND_SEA,SEA,IND,Kenneth Walker III,00-0038134,RB,anytime_td,0.364,0.0,0.0,0.0,1.0,1.0
2025_15_IND_SEA,SEA,IND,Velus Jones Jr.,00-0037745,RB,car,2.195,0.0,0.0,1.0,3.0,6.0
2025_15_IND_SEA,SEA,IND,Velus Jones Jr.,00-0037745,RB,rush_yds,10.165,0.0,0.0,3.461,13.894,29.687
2025_15_IND_SEA,SEA,IND,Velus Jones Jr.,00-0037745,RB,tgt,0.205,0.0,0.0,0.0,0.0,1.0
2025_15_IND_SEA,SEA,IND,Velus Jones Jr.,00-0037745,RB,rec,0.159,0.0,0.0,0.0,0.0,1.0
2025_15_IND_SEA,SEA,IND,Velus Jones Jr.,00-0037745,RB,rec_yds,1.128,0.0,0.0,0.0,0.0,2.029
2025_15_IND_SEA,SEA,IND,Velus Jones Jr.,00-0037745,RB,anytime_td,0.09,0.0,0.0,0.0,0.0,0.0
2025_15_IND_SEA,IND,SEA,Alec Pierce,00-0037664,WR,car,0.012,0.0,0.0,0.0,0.0,0.0
2025_15_IND_SEA,IND,SEA,Alec Pierce,00-0037664,WR,rush_yds,0.051,0.0,0.0,0.0,0.0,0.0
2025_15_IND_SEA,IND,SEA,Alec Pierce,00-0037664,WR,tgt,6.06,2.0,4.0,6.0,8.0,10.0
2025_15_IND_SEA,IND,SEA,Alec Pierce,00-0037664,WR,rec,3.322,1.0,2.0,3.0,5.0,6.0
2025_15_IND_SEA,IND,SEA,Alec Pierce,00-0037664,WR,rec_yds,44.817,6.768,19.479,38.595,63.183,91.487
2025_15_IND_SEA,IND,SEA,Alec Pierce,00-0037664,WR,anytime_td,0.133,0.0,0.0,0.0,0.0,1.0
2025_15_IND_SEA,IND,SEA,Philip Rivers,00-0022942,QB,att,30.901,21.0,26.0,32.0,37.0,41.0
2025_15_IND_SEA,IND,SEA,Philip Rivers,00-0022942,QB,cmp,18.409,12.0,15.0,19.0,22.0,26.0
2025_15_IND_SEA,IND,SEA,Philip Rivers,00-0022942,QB,pass_yds,180.012,107.88,142.726,179.164,218.521,257.962
2025_15_IND_SEA,IND,SEA,Philip Rivers,00-0022942,QB,pass_td,0.744,0.0,0.0,1.0,1.0,2.0
2025_15_IND_SEA,IND,SEA,Philip Rivers,00-0022942,QB,ints,0.896,0.0,0.0,1.0,1.0,2.0
2025_15_IND_SEA,IND,SEA,Philip Rivers,00-0022942,QB,car,2.52,0.0,1.0,2.0,4.0,5.0
2025_15_IND_SEA,IND,SEA,Philip Rivers,00-0022942,QB,rush_yds,13.699,0.0,1.995,9.972,20.94,33.655
2025_15_IND_SEA,IND,SEA,Philip Rivers,00-0022942,QB,tgt,0.0,0.0,0.0,0.0,0.0,0.0
2025_15_IND_SEA,IND,SEA,Philip Rivers,00-0022942,QB,rec,0.0,0.0,0.0,0.0,0.0,0.0
2025_15_IND_SEA,IND,SEA,Philip Rivers,00-0022942,QB,rec_yds,0.001,0.0,0.0,0.0,0.0,0.0
2025_15_IND_SEA,IND,SEA,Philip Rivers,00-0022942,QB,anytime_td,0.025,0.0,0.0,0.0,0.0,0.0
2025_15_IND_SEA,IND,SEA,Michael Pittman,00-0036252,WR,car,0.005,0.0,0.0,0.0,0.0,0.0
2025_15_IND_SEA,IND,SEA,Michael Pittman,00-0036252,WR,rush_yds,0.011,0.0,0.0,0.0,0.0,0.0
2025_15_IND_SEA,IND,SEA,Michael Pittman,00-0036252,WR,tgt,7.411,3.0,5.0,7.0,9.0,12.0
2025_15_IND_SEA,IND,SEA,Michael Pittman,00-0036252,WR,rec,4.619,2.0,3.0,4.0,6.0,8.0
2025_15_IND_SEA,IND,SEA,Michael Pittman,00-0036252,WR,rec_yds,45.449,12.111,23.632,40.573,61.517,85.362
2025_15_IND_SEA,IND,SEA,Michael Pittman,00-0036252,WR,anytime_td,0.179,0.0,0.0,0.0,0.0,1.0
2025_15_IND_SEA,IND,SEA,Jonathan Taylor,00-0036223,RB,car,19.179,11.0,14.0,19.0,23.0,28.0
2025_15_IND_SEA,IND,SEA,Jonathan Taylor,00-0036223,RB,rush_yds,74.934,29.804,46.344,68.209,97.077,128.738
2025_15_IND_SEA,IND,SEA,Jonathan Taylor,00-0036223,RB,tgt,2.888,1.0,1.0,3.0,4.0,6.0
2025_15_IND_SEA,IND,SEA,Jonathan Taylor,00-0036223,RB,rec,2.093,0.0,1.0,2.0,3.0,4.0
2025_15_IND_SEA,IND,SEA,Jonathan Taylor,00-0036223,RB,rec_yds,14.333,0.0,2.427,10.195,21.051,34.828
2025_15_IND_SEA,IND,SEA,Jonathan Taylor,00-0036223,RB,anytime_td,0.349,0.0,0.0,0.0,1.0,1.0
2025_15_IND_SEA,IND,SEA,Tyler Warren,00-0040128,TE,car,0.438,0.0,0.0,0.0,0.0,1.0
2025_15_IND_SEA,IND,SEA,Tyler Warren,00-0040128,TE,rush_yds,0.822,0.0,0.0,0.0,0.0,2.577
2025_15_IND_SEA,IND,SEA,Tyler Warren,00-0040128,TE,tgt,6.499,3.0,4.0,6.0,8.0,11.0
2025_15_IND_SEA,IND,SEA,Tyler Warren,00-0040128,TE,rec,4.223,1.0,3.0,4.0,6.0,7.1
2025_15_IND_SEA,IND,SEA,Tyler Warren,00-0040128,TE,rec_yds,39.193,8.556,19.622,35.47,54.183,74.433
2025_15_IND_SEA,IND,SEA,Tyler Warren,00-0040128,TE,anytime_td,0.171,0.0,0.0,0.0,0.0,1.0
2025_15_IND_SEA,IND,SEA,Josh Downs,00-0038997,WR,car,0.006,0.0,0.0,0.0,0.0,0.0
2025_15_IND_SEA,IND,SEA,Josh Downs,00-0038997,WR,rush_yds,0.017,0.0,0.0,0.0,0.0,0.0
2025_15_IND_SEA,IND,SEA,Josh Downs,00-0038997,WR,tgt,5.584,2.0,3.0,5.0,7.0,10.0
2025_15_IND_SEA,IND,SEA,Josh Downs,00-0038997,WR,rec,3.264,1.0,2.0,3.0,4.0,6.0
2025_15_IND_SEA,IND,SEA,Josh Downs,00-0038997,WR,rec_yds,31.363,4.343,12.997,26.539,45.072,64.372
2025_15_IND_SEA,IND,SEA,Josh Downs,00-0038997,WR,anytime_td,0.134,0.0,0.0,0.0,0.0,1.0
2025_15_IND_SEA,IND,SEA,Mo Alie-Cox,00-0033217,TE,car,0.003,0.0,0.0,0.0,0.0,0.0
2025_15_IND_SEA,IND,SEA,Mo Alie-Cox,00-0033217,TE,rush_yds,0.005,0.0,0.0,0.0,0.0,0.0
2025_15_IND_SEA,IND,SEA,Mo Alie-Cox,00-0033217,TE,tgt,1.055,0.0,0.0,1.0,2.0,3.0
2025_15_IND_SEA,IND,SEA,Mo Alie-Cox,00-0033217,TE,rec,0.635,0.0,0.0,0.0,1.0,2.0
2025_15_IND_SEA,IND,SEA,Mo Alie-Cox,00-0033217,TE,rec_yds,5.794,0.0,0.0,0.0,8.344,19.158
2025_15_IND_SEA,IND,SEA,Mo Alie-Cox,00-0033217,TE,anytime_td,0.008,0.0,0.0,0.0,0.0,0.0
2025_15_IND_SEA,IND,SEA,Ameer Abdullah,00-0032104,RB,car,1.647,0.0,0.0,1.0,2.0,5.0
2025_15_IND_SEA,IND,SEA,Ameer Abdullah,00-0032104,RB,rush_yds,5.633,0.0,0.0,0.766,7.372,17.039
2025_15_IND_SEA,IND,SEA,Ameer Abdullah,00-0032104,RB,tgt,1.236,0.0,0.0,1.0,2.0,3.0
2025_15_IND_SEA,IND,SEA,Ameer Abdullah,00-0032104,RB,rec,0.904,0.0,0.0,1.0,1.0,2.0
2025_15_IND_SEA,IND,SEA,Ameer Abdullah,00-0032104,RB,rec_yds,5.544,0.0,0.0,0.0,8.065,17.172
2025_15_IND_SEA,IND,SEA,Ameer Abdullah,00-0032104,RB,anytime_td,0.057,0.0,0.0,0.0,0.0,0.0
2025_15_IND_SEA,IND,SEA,Andrew Ogletree,00-0037292,TE,car,0.003,0.0,0.0,0.0,0.0,0.0
2025_15_IND_SEA,IND,SEA,Andrew Ogletree,00-0037292,TE,rush_yds,0.006,0.0,0.0,0.0,0.0,0.0
2025_15_IND_SEA,IND,SEA,Andrew Ogletree,00-0037292,TE,tgt,0.554,0.0,0.0,0.0,1.0,2.0
2025_15_IND_SEA,IND,SEA,Andrew Ogletree,00-0037292,TE,rec,0.362,0.0,0.0,0.0,1.0,1.0
2025_15_IND_SEA,IND,SEA,Andrew Ogletree,00-0037292,TE,rec_yds,3.264,0.0,0.0,0.0,1.726,11.741
2025_15_IND_SEA,IND,SEA,Andrew Ogletree,00-0037292,TE,anytime_td,0.03,0.0,0.0,0.0,0.0,0.0
2025_15_LAC_KC,KC,LAC,Travis Kelce,00-0030506,TE,car,0.097,0.0,0.0,0.0,0.0,0.0
2025_15_LAC_KC,KC,LAC,Travis Kelce,00-0030506,TE,rush_yds,0.235,0.0,0.0,0.0,0.0,0.0
2025_15_LAC_KC,KC,LAC,Travis Kelce,00-0030506,TE,tgt,5.893,2.0,4.0,6.0,8.0,10.0
2025_15_LAC_KC,KC,LAC,Travis Kelce,00-0030506,TE,rec,4.09,1.0,2.0,4.0,5.0,7.0
2025_15_LAC_KC,KC,LAC,Travis Kelce,00-0030506,TE,rec_yds,46.323,9.887,23.03,40.959,63.897,89.408
2025_15_LAC_KC,KC,LAC,Travis Kelce,00-0030506,TE,anytime_td,0.305,0.0,0.0,0.0,1.0,1.0
2025_15_LAC_KC,KC,LAC,Patrick Mahomes,00-0033873,QB,att,30.559,21.0,26.0,31.0,36.0,41.0
2025_15_LAC_KC,KC,LAC,Patrick Mahomes,00-0033873,QB,cmp,19.39,12.0,16.0,20.0,23.0,27.0
2025_15_LAC_KC,KC,LAC,Patrick Mahomes,00-0033873,QB,pass_yds,219.709,135.129,176.21,218.851,266.181,311.622
2025_15_LAC_KC,KC,LAC,Patrick Mahomes,00-0033873,QB,pass_td,1.563,0.0,1.0,1.0,2.0,3.0
2025_15_LAC_KC,KC,LAC,Patrick Mahomes,00-0033873,QB,ints,0.775,0.0,0.0,1.0,1.0,2.0
2025_15_LAC_KC,KC,LAC,Patrick Mahomes,00-0033873,QB,car,4.146,1.0,2.0,4.0,6.0,7.0
2025_15_LAC_KC,KC,LAC,Patrick Mahomes,00-0033873,QB,rush_yds,23.165,1.065,8.326,19.619,34.075,49.564
2025_15_LAC_KC,KC,LAC,Patrick Mahomes,00-0033873,QB,tgt,0.001,0.0,0.0,0.0,0.0,0.0
2025_15_LAC_KC,KC,LAC,Patrick Mahomes,00-0033873,QB,rec,0.001,0.0,0.0,0.0,0.0,0.0
2025_15_LAC_KC,KC,LAC,Patrick Mahomes,00-0033873,QB,rec_yds,0.003,0.0,0.0,0.0,0.0,0.0
2025_15_LAC_KC,KC,LAC,Patrick Mahomes,00-0033873,QB,anytime_td,0.158,0.0,0.0,0.0,0.0,1.0
2025_15_LAC_KC,KC,LAC,Rashee Rice,00-0039067,WR,car,0.468,0.0,0.0,0.0,0.0,2.0
2025_15_LAC_KC,KC,LAC,Rashee Rice,00-0039067,WR,rush_yds,2.54,0.0,0.0,0.0,0.0,8.25
2025_15_LAC_KC,KC,LAC,Rashee Rice,00-0039067,WR,tgt,8.351,4.0,6.0,8.0,11.0,13.0
2025_15_LAC_KC,KC,LAC,Rashee Rice,00-0039067,WR,rec,5.417,2.0,3.0,5.0,7.0,9.0
2025_15_LAC_KC,KC,LAC,Rashee Rice,00-0039067,WR,rec_yds,66.423,20.281,37.528,60.446,88.464,119.871
2025_15_LAC_KC,KC,LAC,Rashee Rice,00-0039067,WR,anytime_td,0.473,0.0,0.0,0.0,1.0,1.0
2025_15_LAC_KC,KC,LAC,Xavier Worthy,00-0039894,WR,car,0.671,0.0,0.0,0.0,1.0,2.0
2025_15_LAC_KC,KC,LAC,Xavier Worthy,00-0039894,WR,rush_yds,3.916,0.0,0.0,0.0,1.054,14.106
2025_15_LAC_KC,KC,LAC,Xavier Worthy,00-0039894,WR,tgt,5.342,2.0,3.0,5.0,7.0,9.0
2025_15_LAC_KC,KC,LAC,Xavier Worthy,00-0039894,WR,rec,3.26,1.0,2.0,3.0,4.0,6.0
2025_15_LAC_KC,KC,LAC,Xavier Worthy,00-0039894,WR,rec_yds,42.074,5.665,16.934,35.258,60.049,88.048
2025_15_LAC_KC,KC,LAC,Xavier Worthy,00-0039894,WR,anytime_td,0.157,0.0,0.0,0.0,0.0,1.0
2025_15_LAC_KC,KC,LAC,JuJu Smith-Schuster,00-0033857,WR,car,0.005,0.0,0.0,0.0,0.0,0.0
2025_15_LAC_KC,KC,LAC,JuJu Smith-Schuster,00-0033857,WR,rush_yds,0.034,0.0,0.0,0.0,0.0,0.0
2025_15_LAC_KC,KC,LAC,JuJu Smith-Schuster,00-0033857,WR,tgt,2.002,0.0,1.0,2.0,3.0,4.0
2025_15_LAC_KC,KC,LAC,JuJu Smith-Schuster,00-0033857,WR,rec,1.262,0.0,0.0,1.0,2.0,3.0
2025_15_LAC_KC,KC,LAC,JuJu Smith-Schuster,00-0033857,WR,rec_yds,15.672,0.0,0.0,9.124,23.71,42.602
2025_15_LAC_KC,KC,LAC,JuJu Smith-Schuster,00-0033857,WR,anytime_td,0.077,0.0,0.0,0.0,0.0,0.0
2025_15_LAC_KC,KC,LAC,Tyquan Thornton,00-0038104,WR,car,0.01,0.0,0.0,0.0,0.0,0.0
2025_15_LAC_KC,KC,LAC,Tyquan Thornton,00-0038104,WR,rush_yds,0.05,0.0,0.0,0.0,0.0,0.0
2025_15_LAC_KC,KC,LAC,Tyquan Thornton,00-0038104,WR,tgt,1.869,0.0,1.0,1.0,3.0,4.0
2025_15_LAC_KC,KC,LAC,Tyquan Thornton,00-0038104,WR,rec,1.102,0.0,0.0,1.0,2.0,3.0
2025_15_LAC_KC,KC,LAC,Tyquan Thornton,00-0038104,WR,rec_yds,16.186,0.0,0.0,8.443,24.571,45.764
2025_15_LAC_KC,KC,LAC,Tyquan Thornton,00-0038104,WR,anytime_td,0.1,0.0,0.0,0.0,0.0,0.1
2025_15_LAC_KC,KC,LAC,Kareem Hunt,00-0033923,RB,car,11.268,5.0,7.0,11.0,15.0,19.0
2025_15_LAC_KC,KC,LAC,Kareem Hunt,00-0033923,RB,rush_yds,46.089,12.596,23.529,39.476,61.883,87.458
2025_15_LAC_KC,KC,LAC,Kareem Hunt,00-0033923,RB,tgt,1.475,0.0,0.0,1.0,2.0,4.0
2025_15_LAC_KC,KC,LAC,Kareem Hunt,00-0033923,RB,rec,1.11,0.0,0.0,1.0,2.0,3.0
2025_15_LAC_KC,KC,LAC,Kareem Hunt,00-0033923,RB,rec_yds,8.773,0.0,0.0,3.409,13.298,25.8
2025_15_LAC_KC,KC,LAC,Kareem Hunt,00-0033923,RB,anytime_td,0.405,0.0,0.0,0.0,1.0,1.0
2025_15_LAC_KC,KC,LAC,Isiah Pacheco,00-0037197,RB,car,8.385,3.0,5.0,8.0,11.0,15.0
2025_15_LAC_KC,KC,LAC,Isiah Pacheco,00-0037197,RB,rush_yds,35.995,6.591,15.23,29.849,48.837,73.429
2025_15_LAC_KC,KC,LAC,Isiah Pacheco,00-0037197,RB,tgt,1.671,0.0,0.0,1.0,2.0,4.0
2025_15_LAC_KC,KC,LAC,Isiah Pacheco,00-0037197,RB,rec,1.258,0.0,0.0,1.0,2.0,3.0
2025_15_LAC_KC,KC,LAC,Isiah Pacheco,00-0037197,RB,rec_yds,8.868,0.0,0.0,4.403,13.255,25.53
2025_15_LAC_KC,KC,LAC,Isiah Pacheco,00-0037197,RB,anytime_td,0.197,0.0,0.0,0.0,0.0,1.0
2025_15_LAC_KC,KC,LAC,Noah Gray,00-0036637,TE,car,0.009,0.0,0.0,0.0,0.0,0.0
2025_15_LAC_KC,KC,LAC,Noah Gray,00-0036637,TE,rush_yds,0.024,0.0,0.0,0.0,0.0,0.0
2025_15_LAC_KC,KC,LAC,Noah Gray,00-0036637,TE,tgt,2.372,0.0,1.0,2.0,3.0,5.0
2025_15_LAC_KC,KC,LAC,Noah Gray,00-0036637,TE,rec,1.553,0.0,0.0,1.0,2.0,3.0
2025_15_LAC_KC,KC,LAC,Noah Gray,00-0036637,TE,rec_yds,16.066,0.0,0.0,11.131,24.535,40.325
2025_15_LAC_KC,KC,LAC,Noah Gray,00-0036637,TE,anytime_td,0.056,0.0,0.0,0.0,0.0,0.0
2025_15_LAC_KC,KC,LAC,Brashard Smith,00-0040078,RB,car,2.0,0.0,0.0,1.0,3.0,5.0
2025_15_LAC_KC,KC,LAC,Brashard Smith,00-0040078,RB,rush_yds,8.459,0.0,0.0,2.809,11.208,24.808
2025_15_LAC_KC,KC,LAC,Brashard Smith,00-0040078,RB,tgt,1.629,0.0,0.0,1.0,2.0,4.0
2025_15_LAC_KC,KC,LAC,Brashard Smith,00-0040078,RB,rec,1.227,0.0,0.0,1.0,2.0,3.0
2025_15_LAC_KC,KC,LAC,Brashard Smith,00-0040078,RB,rec_yds,9.043,0.0,0.0,4.316,13.794,26.041
2025_15_LAC_KC,KC,LAC,Brashard Smith,00-0040078,RB,anytime_td,0.056,0.0,0.0,0.0,0.0,0.0
2025_15_LAC_KC,LAC,KC,Justin Herbert,00-0036355,QB,att,29.2,19.0,25.0,30.0,35.0,40.0
2025_15_LAC_KC,LAC,KC,Justin Herbert,00-0036355,QB,cmp,18.526,11.0,15.0,19.0,22.0,26.0
2025_15_LAC_KC,LAC,KC,Justin Herbert,00-0036355,QB,pass_yds,195.11,114.313,154.763,195.541,239.777,281.373
2025_15_LAC_KC,LAC,KC,Justin Herbert,00-0036355,QB,pass_td,1.098,0.0,0.0,1.0,2.0,2.0
2025_15_LAC_KC,LAC,KC,Justin Herbert,00-0036355,QB,ints,0.681,0.0,0.0,0.0,1.0,2.0
2025_15_LAC_KC,LAC,KC,Justin Herbert,00-0036355,QB,car,4.757,1.0,3.0,4.0,6.0,8.0
2025_15_LAC_KC,LAC,KC,Justin Herbert,00-0036355,QB,rush_yds,27.073,3.066,11.569,23.338,38.533,55.304
2025_15_LAC_KC,LAC,KC,Justin Herbert,00-0036355,QB,tgt,0.001,0.0,0.0,0.0,0.0,0.0
2025_15_LAC_KC,LAC,KC,Justin Herbert,00-0036355,QB,rec,0.001,0.0,0.0,0.0,0.0,0.0
2025_15_LAC_KC,LAC,KC,Justin Herbert,00-0036355,QB,rec_yds,0.004,0.0,0.0,0.0,0.0,0.0
2025_15_LAC_KC,LAC,KC,Justin Herbert,00-0036355,QB,anytime_td,0.099,0.0,0.0,0.0,0.0,0.0
2025_15_LAC_KC,LAC,KC,Tre Harris,00-0040727,WR,car,0.126,0.0,0.0,0.0,0.0,0.0
2025_15_LAC_KC,LAC,KC,Tre Harris,00-0040727,WR,rush_yds,0.589,0.0,0.0,0.0,0.0,0.0
2025_15_LAC_KC,LAC,KC,Tre Harris,00-0040727,WR,tgt,2.332,0.0,1.0,2.0,3.0,5.0
2025_15_LAC_KC,LAC,KC,Tre Harris,00-0040727,WR,rec,1.511,0.0,0.0,1.0,2.0,3.0
2025_15_LAC_KC,LAC,KC,Tre Harris,00-0040727,WR,rec_yds,17.29,0.0,0.0,10.969,26.157,45.198
2025_15_LAC_KC,LAC,KC,Tre Harris,00-0040727,WR,anytime_td,0.065,0.0,0.0,0.0,0.0,0.0
2025_15_LAC_KC,LAC,KC,Ladd McConkey,00-0039915,WR,car,0.005,0.0,0.0,0.0,0.0,0.0
2025_15_LAC_KC,LAC,KC,Ladd McConkey,00-0039915,WR,rush_yds,0.026,0.0,0.0,0.0,0.0,0.0
2025_15_LAC_KC,LAC,KC,Ladd McConkey,00-0039915,WR,tgt,7.316,3.0,5.0,7.0,9.0,12.0
2025_15_LAC_KC,LAC,KC,Ladd McConkey,00-0039915,WR,rec,4.385,2.0,3.0,4.0,6.0,8.0
2025_15_LAC_KC,LAC,KC,Ladd McConkey,00-0039915,WR,rec_yds,53.687,13.488,27.123,47.614,74.085,102.074
2025_15_LAC_KC,LAC,KC,Ladd McConkey,00-0039915,WR,anytime_td,0.252,0.0,0.0,0.0,1.0,1.0
2025_15_LAC_KC,LAC,KC,Kimani Vidal,00-0039391,RB,car,10.505,4.0,7.0,10.0,14.0,18.0
2025_15_LAC_KC,LAC,KC,Kimani Vidal,00-0039391,RB,rush_yds,39.672,9.483,19.034,33.575,53.394,77.116
2025_15_LAC_KC,LAC,KC,Kimani Vidal,00-0039391,RB,tgt,2.01,0.0,1.0,2.0,3.0,4.0
2025_15_LAC_KC,LAC,KC,Kimani Vidal,00-0039391,RB,rec,1.451,0.0,0.0,1.0,2.0,3.0
2025_15_LAC_KC,LAC,KC,Kimani Vidal,00-0039391,RB,rec_yds,12.064,0.0,0.0,7.057,18.121,32.681
2025_15_LAC_KC,LAC,KC,Kimani Vidal,00-0039391,RB,anytime_td,0.281,0.0,0.0,0.0,1.0,1.0
2025_15_LAC_KC,LAC,KC,Oronde Gadsden II,00-0040189,TE,car,0.002,0.0,0.0,0.0,0.0,0.0
2025_15_LAC_KC,LAC,KC,Oronde Gadsden II,00-0040189,TE,rush_yds,0.004,0.0,0.0,0.0,0.0,0.0
2025_15_LAC_KC,LAC,KC,Oronde Gadsden II,00-0040189,TE,tgt,4.92,2.0,3.0,5.0,7.0,9.0
2025_15_LAC_KC,LAC,KC,Oronde Gadsden II,00-0040189,TE,rec,3.281,1.0,2.0,3.0,5.0,6.0
2025_15_LAC_KC,LAC,KC,Oronde Gadsden II,00-0040189,TE,rec_yds,37.497,5.596,16.277,32.494,53.679,74.964
2025_15_LAC_KC,LAC,KC,Oronde Gadsden II,00-0040189,TE,anytime_td,0.124,0.0,0.0,0.0,0.0,1.0
2025_15_LAC_KC,LAC,KC,Keenan Allen,00-0030279,WR,car,0.006,0.0,0.0,0.0,0.0,0.0
2025_15_LAC_KC,LAC,KC,Keenan Allen,00-0030279,WR,rush_yds,0.013,0.0,0.0,0.0,0.0,0.0
2025_15_LAC_KC,LAC,KC,Keenan Allen,00-0030279,WR,tgt,6.773,3.0,4.0,6.0,9.0,11.0
2025_15_LAC_KC,LAC,KC,Keenan Allen,00-0030279,WR,rec,4.277,1.0,3.0,4.0,6.0,7.0
2025_15_LAC_KC,LAC,KC,Keenan Allen,00-0030279,WR,rec_yds,47.691,11.061,24.273,42.653,65.726,91.706
2025_15_LAC_KC,LAC,KC,Keenan Allen,00-0030279,WR,anytime_td,0.152,0.0,0.0,0.0,0.0,1.0
2025_15_LAC_KC,LAC,KC,Omarion Hampton,00-0040666,RB,car,10.566,4.0,7.0,10.0,14.0,18.0
2025_15_LAC_KC,LAC,KC,Omarion Hampton,00-0040666,RB,rush_yds,41.908,10.58,20.139,35.604,56.045,82.349
2025_15_LAC_KC,LAC,KC,Omarion Hampton,00-0040666,RB,tgt,3.706,1.0,2.0,3.0,5.0,7.0
2025_15_LAC_KC,LAC,KC,Omarion Hampton,00-0040666,RB,rec,2.942,1.0,1.0,3.0,4.0,6.0
2025_15_LAC_KC,LAC,KC,Omarion Hampton,00-0040666,RB,rec_yds,20.553,0.0,6.303,16.256,30.229,46.339
2025_15_LAC_KC,LAC,KC,Omarion Hampton,00-0040666,RB,anytime_td,0.376,0.0,0.0,0.0,1.0,1.0
2025_15_LAC_KC,LAC,KC,Will Dissly,00-0034159,TE,car,0.003,0.0,0.0,0.0,0.0,0.0
2025_15_LAC_KC,LAC,KC,Will Dissly,00-0034159,TE,rush_yds,0.007,0.0,0.0,0.0,0.0,0.0
2025_15_LAC_KC,LAC,KC,Will Dissly,00-0034159,TE,tgt,1.865,0.0,1.0,2.0,3.0,4.0
2025_15_LAC_KC,LAC,KC,Will Dissly,00-0034159,TE,rec,1.319,0.0,0.0,1.0,2.0,3.0
2025_15_LAC_KC,LAC,KC,Will Dissly,00-0034159,TE,rec_yds,12.887,0.0,0.0,7.965,19.769,34.93
2025_15_LAC_KC,LAC,KC,Will Dissly,00-0034159,TE,anytime_td,0.039,0.0,0.0,0.0,0.0,0.0
2025_15_LAC_KC,LAC,KC,KeAndre Lambert-Smith,00-0040184,WR,car,0.01,0.0,0.0,0.0,0.0,0.0
2025_15_LAC_KC,LAC,KC,KeAndre Lambert-Smith,00-0040184,WR,rush_yds,0.044,0.0,0.0,0.0,0.0,0.0
2025_15_LAC_KC,LAC,KC,KeAndre Lambert-Smith,00-0040184,WR,tgt,0.893,0.0,0.0,1.0,1.0,2.0
2025_15_LAC_KC,LAC,KC,KeAndre Lambert-Smith,00-0040184,WR,rec,0.522,0.0,0.0,0.0,1.0,2.0
2025_15_LAC_KC,LAC,KC,KeAndre Lambert-Smith,00-0040184,WR,rec_yds,6.326,0.0,0.0,0.0,8.104,21.57
2025_15_LAC_KC,LAC,KC,KeAndre Lambert-Smith,00-0040184,WR,anytime_td,0.007,0.0,0.0,0.0,0.0,0.0
2025_15_LV_PHI,PHI,LV,Jalen Hurts,00-0036389,QB,att,28.304,19.0,24.0,29.0,34.0,38.0
2025_15_LV_PHI,PHI,LV,Jalen Hurts,00-0036389,QB,cmp,19.101,12.0,16.0,19.0,23.0,27.0
2025_15_LV_PHI,PHI,LV,Jalen Hurts,00-0036389,QB,pass_yds,214.409,130.725,170.24,214.949,261.051,307.191
2025_15_LV_PHI,PHI,LV,Jalen Hurts,00-0036389,QB,pass_td,1.563,0.0,1.0,1.0,2.0,3.0
2025_15_LV_PHI,PHI,LV,Jalen Hurts,00-0036389,QB,ints,0.538,0.0,0.0,0.0,1.0,2.0
2025_15_LV_PHI,PHI,LV,Jalen Hurts,00-0036389,QB,car,6.506,2.0,4.0,6.0,9.0,12.0
2025_15_LV_PHI,PHI,LV,Jalen Hurts,00-0036389,QB,rush_yds,25.387,1.779,9.448,21.0,36.112,54.091
2025_15_LV_PHI,PHI,LV,Jalen Hurts,00-0036389,QB,tgt,0.001,0.0,0.0,0.0,0.0,0.0
2025_15_LV_PHI,PHI,LV,Jalen Hurts,00-0036389,QB,rec,0.001,0.0,0.0,0.0,0.0,0.0
2025_15_LV_PHI,PHI,LV,Jalen Hurts,00-0036389,QB,rec_yds,0.01,0.0,0.0,0.0,0.0,0.0
2025_15_LV_PHI,PHI,LV,Jalen Hurts,00-0036389,QB,anytime_td,0.41,0.0,0.0,0.0,1.0,1.0
2025_15_LV_PHI,PHI,LV,Dallas Goedert,00-0034351,TE,car,0.02,0.0,0.0,0.0,0.0,0.0
2025_15_LV_PHI,PHI,LV,Dallas Goedert,00-0034351,TE,rush_yds,0.043,0.0,0.0,0.0,0.0,0.0
2025_15_LV_PHI,PHI,LV,Dallas Goedert,00-0034351,TE,tgt,4.787,2.0,3.0,4.0,6.0,8.0
2025_15_LV_PHI,PHI,LV,Dallas Goedert,00-0034351,TE,rec,3.656,1.0,2.0,3.0,5.0,7.0
2025_15_LV_PHI,PHI,LV,Dallas Goedert,00-0034351,TE,rec_yds,37.208,5.839,16.648,32.723,52.699,74.488
2025_15_LV_PHI,PHI,LV,Dallas Goedert,00-0034351,TE,anytime_td,0.305,0.0,0.0,0.0,1.0,1.0
2025_15_LV_PHI,PHI,LV,A.J. Brown,00-0035676,WR,car,0.006,0.0,0.0,0.0,0.0,0.0
2025_15_LV_PHI,PHI,LV,A.J. Brown,00-0035676,WR,rush_yds,0.034,0.0,0.0,0.0,0.0,0.0
2025_15_LV_PHI,PHI,LV,A.J. Brown,00-0035676,WR,tgt,8.218,4.0,6.0,8.0,10.0,13.0
2025_15_LV_PHI,PHI,LV,A.J. Brown,00-0035676,WR,rec,5.489,2.0,4.0,5.0,7.0,9.0
2025_15_LV_PHI,PHI,LV,A.J. Brown,00-0035676,WR,rec_yds,70.08,23.449,40.98,64.425,93.502,123.101
2025_15_LV_PHI,PHI,LV,A.J. Brown,00-0035676,WR,anytime_td,0.471,0.0,0.0,0.0,1.0,1.0
2025_15_LV_PHI,PHI,LV,Saquon Barkley,00-0034844,RB,car,18.011,10.0,13.0,17.0,22.0,27.0
2025_15_LV_PHI,PHI,LV,Saquon Barkley,00-0034844,RB,rush_yds,81.358,32.898,49.168,73.597,104.478,142.086
2025_15_LV_PHI,PHI,LV,Saquon Barkley,00-0034844,RB,tgt,3.073,1.0,1.0,3.0,4.0,6.0
2025_15_LV_PHI,PHI,LV,Saquon Barkley,00-0034844,RB,rec,2.463,0.0,1.0,2.0,4.0,5.0
2025_15_LV_PHI,PHI,LV,Saquon Barkley,00-0034844,RB,rec_yds,18.327,0.0,4.734,13.913,27.096,42.125
2025_15_LV_PHI,PHI,LV,Saquon Barkley,00-0034844,RB,anytime_td,0.456,0.0,0.0,0.0,1.0,1.0
2025_15_LV_PHI,PHI,LV,Grant Calcaterra,00-0037086,TE,car,0.003,0.0,0.0,0.0,0.0,0.0
2025_15_LV_PHI,PHI,LV,Grant Calcaterra,00-0037086,TE,rush_yds,0.008,0.0,0.0,0.0,0.0,0.0
2025_15_LV_PHI,PHI,LV,Grant Calcaterra,00-0037086,TE,tgt,0.588,0.0,0.0,0.0,1.0,2.0
2025_15_LV_PHI,PHI,LV,Grant Calcaterra,00-0037086,TE,rec,0.443,0.0,0.0,0.0,1.0,1.0
2025_15_LV_PHI,PHI,LV,Grant Calcaterra,00-0037086,TE,rec_yds,4.449,0.0,0.0,0.0,5.345,16.082
2025_15_LV_PHI,PHI,LV,Grant Calcaterra,00-0037086,TE,anytime_td,0.013,0.0,0.0,0.0,0.0,0.0
2025_15_LV_PHI,PHI,LV,Jahan Dotson,00-0037741,WR,car,0.007,0.0,0.0,0.0,0.0,0.0
2025_15_LV_PHI,PHI,LV,Jahan Dotson,00-0037741,WR,rush_yds,0.053,0.0,0.0,0.0,0.0,0.0
2025_15_LV_PHI,PHI,LV,Jahan Dotson,00-0037741,WR,tgt,1.901,0.0,1.0,2.0,3.0,4.0
2025_15_LV_PHI,PHI,LV,Jahan Dotson,00-0037741,WR,rec,1.176,0.0,0.0,1.0,2.0,3.0
2025_15_LV_PHI,PHI,LV,Jahan Dotson,00-0037741,WR,rec_yds,15.055,0.0,0.0,8.4,23.295,41.851
2025_15_LV_PHI,PHI,LV,Jahan Dotson,00-0037741,WR,anytime_td,0.094,0.0,0.0,0.0,0.0,0.0
2025_15_LV_PHI,PHI,LV,DeVonta Smith,00-0036912,WR,car,0.017,0.0,0.0,0.0,0.0,0.0
2025_15_LV_PHI,PHI,LV,DeVonta Smith,00-0036912,WR,rush_yds,0.101,0.0,0.0,0.0,0.0,0.0
2025_15_LV_PHI,PHI,LV,DeVonta Smith,00-0036912,WR,tgt,7.075,3.0,5.0,7.0,9.0,12.0
2025_15_LV_PHI,PHI,LV,DeVonta Smith,00-0036912,WR,rec,4.711,2.0,3.0,4.0,6.0,8.0
2025_15_LV_PHI,PHI,LV,DeVonta Smith,00-0036912,WR,rec_yds,58.611,15.05,30.881,53.727,79.955,108.111
2025_15_LV_PHI,PHI,LV,DeVonta Smith,00-0036912,WR,anytime_td,0.242,0.0,0.0,0.0,0.0,1.0
2025_15_LV_PHI,PHI,LV,Tank Bigsby,00-0038555,RB,car,3.773,0.0,1.0,3.0,5.0,9.0
2025_15_LV_PHI,PHI,LV,Tank Bigsby,00-0038555,RB,rush_yds,18.379,0.0,2.158,10.753,25.821,47.337
2025_15_LV_PHI,PHI,LV,Tank Bigsby,00-0038555,RB,tgt,0.219,0.0,0.0,0.0,0.0,1.0
2025_15_LV_PHI,PHI,LV,Tank Bigsby,00-0038555,RB,rec,0.177,0.0,0.0,0.0,0.0,1.0
2025_15_LV_PHI,PHI,LV,Tank Bigsby,00-0038555,RB,rec_yds,1.237,0.0,0.0,0.0,0.0,3.415
2025_15_LV_PHI,PHI,LV,Tank Bigsby,00-0038555,RB,anytime_td,0.098,0.0,0.0,0.0,0.0,0.0
2025_15_LV_PHI,PHI,LV,Darius Cooper,00-0040024,WR,car,0.011,0.0,0.0,0.0,0.0,0.0
2025_15_LV_PHI,PHI,LV,Darius Cooper,00-0040024,WR,rush_yds,0.051,0.0,0.0,0.0,0.0,0.0
2025_15_LV_PHI,PHI,LV,Darius Cooper,00-0040024,WR,tgt,0.531,0.0,0.0,0.0,1.0,2.0
2025_15_LV_PHI,PHI,LV,Darius Cooper,00-0040024,WR,rec,0.362,0.0,0.0,0.0,1.0,1.0
2025_15_LV_PHI,PHI,LV,Darius Cooper,00-0040024,WR,rec_yds,4.579,0.0,0.0,0.0,2.271,16.294
2025_15_LV_PHI,PHI,LV,Darius Cooper,00-0040024,WR,anytime_td,0.008,0.0,0.0,0.0,0.0,0.0
2025_15_LV_PHI,PHI,LV,Will Shipley,00-0039746,RB,car,1.343,0.0,0.0,0.0,2.0,4.0
2025_15_LV_PHI,PHI,LV,Will Shipley,00-0039746,RB,rush_yds,5.991,0.0,0.0,0.0,6.86,18.728
2025_15_LV_PHI,PHI,LV,Will Shipley,00-0039746,RB,tgt,0.679,0.0,0.0,0.0,1.0,2.0
2025_15_LV_PHI,PHI,LV,Will Shipley,00-0039746,RB,rec,0.563,0.0,0.0,0.0,1.0,2.0
2025_15_LV_PHI,PHI,LV,Will Shipley,00-0039746,RB,rec_yds,4.108,0.0,0.0,0.0,5.248,13.894
2025_15_LV_PHI,PHI,LV,Will Shipley,00-0039746,RB,anytime_td,0.034,0.0,0.0,0.0,0.0,0.0
2025_15_LV_PHI,PHI,LV,Britain Covey,00-0037132,WR,car,0.018,0.0,0.0,0.0,0.0,0.0
2025_15_LV_PHI,PHI,LV,Britain Covey,00-0037132,WR,rush_yds,0.097,0.0,0.0,0.0,0.0,0.0
2025_15_LV_PHI,PHI,LV,Britain Covey,00-0037132,WR,tgt,1.375,0.0,0.0,1.0,2.0,3.0
2025_15_LV_PHI,PHI,LV,Britain Covey,00-0037132,WR,rec,0.932,0.0,0.0,1.0,1.0,2.0
2025_15_LV_PHI,PHI,LV,Britain Covey,00-0037132,WR,rec_yds,11.064,0.0,0.0,4.31,17.009,32.447
2025_15_LV_PHI,PHI,LV,Britain Covey,00-0037132,WR,anytime_td,0.066,0.0,0.0,0.0,0.0,0.0
2025_15_LV_PHI,LV,PHI,Kenny Pickett,00-0038102,QB,att,29.994,20.0,25.0,31.0,36.0,41.0
2025_15_LV_PHI,LV,PHI,Kenny Pickett,00-0038102,QB,cmp,17.313,10.0,14.0,17.0,21.0,25.0
2025_15_LV_PHI,LV,PHI,Kenny Pickett,00-0038102,QB,pass_yds,177.323,101.792,138.231,175.358,217.487,260.547
2025_15_LV_PHI,LV,PHI,Kenny Pickett,00-0038102,QB,pass_td,0.769,0.0,0.0,1.0,1.0,2.0
2025_15_LV_PHI,LV,PHI,Kenny Pickett,00-0038102,QB,ints,0.792,0.0,0.0,1.0,1.0,2.0
2025_15_LV_PHI,LV,PHI,Kenny Pickett,00-0038102,QB,car,2.564,0.0,1.0,2.0,4.0,5.0
2025_15_LV_PHI,LV,PHI,Kenny Pickett,00-0038102,QB,rush_yds,14.1,0.0,2.824,10.804,21.266,34.131
2025_15_LV_PHI,LV,PHI,Kenny Pickett,00-0038102,QB,tgt,0.001,0.0,0.0,0.0,0.0,0.0
2025_15_LV_PHI,LV,PHI,Kenny Pickett,00-0038102,QB,rec,0.0,0.0,0.0,0.0,0.0,0.0
2025_15_LV_PHI,LV,PHI,Kenny Pickett,00-0038102,QB,rec_yds,0.003,0.0,0.0,0.0,0.0,0.0
2025_15_LV_PHI,LV,PHI,Kenny Pickett,00-0038102,QB,anytime_td,0.026,0.0,0.0,0.0,0.0,0.0
2025_15_LV_PHI,LV,PHI,Tre Tucker,00-0038563,WR,car,0.363,0.0,0.0,0.0,0.0,1.0
2025_15_LV_PHI,LV,PHI,Tre Tucker,00-0038563,WR,rush_yds,1.832,0.0,0.0,0.0,0.0,5.537
2025_15_LV_PHI,LV,PHI,Tre Tucker,00-0038563,WR,tgt,5.522,2.0,3.0,5.0,7.0,9.0
2025_15_LV_PHI,LV,PHI,Tre Tucker,00-0038563,WR,rec,2.918,1.0,1.0,3.0,4.0,5.0
2025_15_LV_PHI,LV,PHI,Tre Tucker,00-0038563,WR,rec_yds,35.346,3.019,13.968,29.279,50.669,73.885
2025_15_LV_PHI,LV,PHI,Tre Tucker,00-0038563,WR,anytime_td,0.14,0.0,0.0,0.0,0.0,1.0
2025_15_LV_PHI,LV,PHI,Brock Bowers,00-0039338,TE,car,0.208,0.0,0.0,0.0,0.0,1.0
2025_15_LV_PHI,LV,PHI,Brock Bowers,00-0039338,TE,rush_yds,0.413,0.0,0.0,0.0,0.0,0.0
2025_15_LV_PHI,LV,PHI,Brock Bowers,00-0039338,TE,tgt,6.716,3.0,4.0,6.0,9.0,11.0
2025_15_LV_PHI,LV,PHI,Brock Bowers,00-0039338,TE,rec,4.252,1.0,2.0,4.0,6.0,7.0
2025_15_LV_PHI,LV,PHI,Brock Bowers,00-0039338,TE,rec_yds,46.005,10.633,23.655,41.5,63.137,86.443
2025_15_LV_PHI,LV,PHI,Brock Bowers,00-0039338,TE,anytime_td,0.231,0.0,0.0,0.0,0.0,1.0
2025_15_LV_PHI,LV,PHI,Jack Bech,00-0040729,WR,car,0.009,0.0,0.0,0.0,0.0,0.0
2025_15_LV_PHI,LV,PHI,Jack Bech,00-0040729,WR,rush_yds,0.05,0.0,0.0,0.0,0.0,0.0
2025_15_LV_PHI,LV,PHI,Jack Bech,00-0040729,WR,tgt,2.289,0.0,1.0,2.0,3.0,5.0
2025_15_LV_PHI,LV,PHI,Jack Bech,00-0040729,WR,rec,1.338,0.0,0.0,1.0,2.0,3.0
2025_15_LV_PHI,LV,PHI,Jack Bech,00-0040729,WR,rec_yds,15.837,0.0,0.0,9.768,23.893,42.367
2025_15_LV_PHI,LV,PHI,Jack Bech,00-0040729,WR,anytime_td,0.025,0.0,0.0,0.0,0.0,0.0
2025_15_LV_PHI,LV,PHI,Tyler Lockett,00-0032211,WR,car,0.01,0.0,0.0,0.0,0.0,0.0
2025_15_LV_PHI,LV,PHI,Tyler Lockett,00-0032211,WR,rush_yds,0.044,0.0,0.0,0.0,0.0,0.0
2025_15_LV_PHI,LV,PHI,Tyler Lockett,00-0032211,WR,tgt,3.145,1.0,1.0,3.0,4.0,6.0
2025_15_LV_PHI,LV,PHI,Tyler Lockett,00-0032211,WR,rec,1.819,0.0,1.0,2.0,3.0,4.0
2025_15_LV_PHI,LV,PHI,Tyler Lockett,00-0032211,WR,rec_yds,22.425,0.0,4.241,16.408,33.723,54.701
2025_15_LV_PHI,LV,PHI,Tyler Lockett,00-0032211,WR,anytime_td,0.027,0.0,0.0,0.0,0.0,0.0
2025_15_LV_PHI,LV,PHI,Ashton Jeanty,00-0040122,RB,car,16.022,8.0,12.0,16.0,20.0,24.0
2025_15_LV_PHI,LV,PHI,Ashton Jeanty,00-0040122,RB,rush_yds,54.93,19.641,31.555,49.0,72.4,96.672
2025_15_LV_PHI,LV,PHI,Ashton Jeanty,00-0040122,RB,tgt,5.049,2.0,3.0,5.0,7.0,9.0
2025_15_LV_PHI,LV,PHI,Ashton Jeanty,00-0040122,RB,rec,3.421,1.0,2.0,3.0,5.0,6.0
2025_15_LV_PHI,LV,PHI,Ashton Jeanty,00-0040122,RB,rec_yds,22.759,1.734,8.438,18.534,32.865,48.453
2025_15_LV_PHI,LV,PHI,Ashton Jeanty,00-0040122,RB,anytime_td,0.327,0.0,0.0,0.0,1.0,1.0
2025_15_LV_PHI,LV,PHI,Raheem Mostert,00-0031687,RB,car,2.329,0.0,0.0,2.0,4.0,6.0
2025_15_LV_PHI,LV,PHI,Raheem Mostert,00-0031687,RB,rush_yds,8.889,0.0,0.0,4.17,12.765,24.214
2025_15_LV_PHI,LV,PHI,Raheem Mostert,00-0031687,RB,tgt,1.146,0.0,0.0,1.0,2.0,3.0
2025_15_LV_PHI,LV,PHI,Raheem Mostert,00-0031687,RB,rec,0.816,0.0,0.0,0.0,1.0,2.0
2025_15_LV_PHI,LV,PHI,Raheem Mostert,00-0031687,RB,rec_yds,5.803,0.0,0.0,0.0,8.384,18.753
2025_15_LV_PHI,LV,PHI,Raheem Mostert,00-0031687,RB,anytime_td,0.041,0.0,0.0,0.0,0.0,0.0
2025_15_LV_PHI,LV,PHI,Michael Mayer,00-0039066,TE,car,0.002,0.0,0.0,0.0,0.0,0.0
2025_15_LV_PHI,LV,PHI,Michael Mayer,00-0039066,TE,rush_yds,0.006,0.0,0.0,0.0,0.0,0.0
2025_15_LV_PHI,LV,PHI,Michael Mayer,00-0039066,TE,tgt,3.109,1.0,1.0,3.0,4.0,6.0
2025_15_LV_PHI,LV,PHI,Michael Mayer,00-0039066,TE,rec,1.904,0.0,1.0,2.0,3.0,4.0
2025_15_LV_PHI,LV,PHI,Michael Mayer,00-0039066,TE,rec_yds,18.237,0.0,3.678,12.914,27.705,44.022
2025_15_LV_PHI,LV,PHI,Michael Mayer,00-0039066,TE,anytime_td,0.07,0.0,0.0,0.0,0.0,0.0
2025_15_LV_PHI,LV,PHI,Dont'e Thornton Jr.,00-0040581,WR,car,0.01,0.0,0.0,0.0,0.0,0.0
2025_15_LV_PHI,LV,PHI,Dont'e Thornton Jr.,00-0040581,WR,rush_yds,0.06,0.0,0.0,0.0,0.0,0.0
2025_15_LV_PHI,LV,PHI,Dont'e Thornton Jr.,00-0040581,WR,tgt,2.099,0.0,1.0,2.0,3.0,4.0
2025_15_LV_PHI,LV,PHI,Dont'e Thornton Jr.,00-0040581,WR,rec,1.026,0.0,0.0,1.0,2.0,3.0
2025_15_LV_PHI,LV,PHI,Dont'e Thornton Jr.,00-0040581,WR,rec_yds,12.939,0.0,0.0,6.224,19.553,37.059
2025_15_LV_PHI,LV,PHI,Dont'e Thornton Jr.,00-0040581,WR,anytime_td,0.015,0.0,0.0,0.0,0.0,0.0
2025_15_LV_PHI,LV,PHI,Shedrick Jackson,00-0038891,WR,car,0.031,0.0,0.0,0.0,0.0,0.0
2025_15_LV_PHI,LV,PHI,Shedrick Jackson,00-0038891,WR,rush_yds,0.161,0.0,0.0,0.0,0.0,0.0
2025_15_LV_PHI,LV,PHI,Shedrick Jackson,00-0038891,WR,tgt,0.961,0.0,0.0,1.0,1.0,3.0
2025_15_LV_PHI,LV,PHI,Shedrick Jackson,00-0038891,WR,rec,0.541,0.0,0.0,0.0,1.0,2.0
2025_15_LV_PHI,LV,PHI,Shedrick Jackson,00-0038891,WR,rec_yds,6.864,0.0,0.0,0.0,9.124,22.947
2025_15_LV_PHI,LV,PHI,Shedrick Jackson,00-0038891,WR,anytime_td,0.077,0.0,0.0,0.0,0.0,0.0
2025_15_LV_PHI,LV,PHI,Dylan Laube,00-0039407,RB,car,1.829,0.0,0.0,1.0,3.0,5.0
2025_15_LV_PHI,LV,PHI,Dylan Laube,00-0039407,RB,rush_yds,6.798,0.0,0.0,2.215,9.278,19.365
2025_15_LV_PHI,LV,PHI,Dylan Laube,00-0039407,RB,tgt,0.76,0.0,0.0,0.0,1.0,2.0
2025_15_LV_PHI,LV,PHI,Dylan Laube,00-0039407,RB,rec,0.505,0.0,0.0,0.0,1.0,2.0
2025_15_LV_PHI,LV,PHI,Dylan Laube,00-0039407,RB,rec_yds,3.624,0.0,0.0,0.0,4.338,12.82
2025_15_LV_PHI,LV,PHI,Dylan Laube,00-0039407,RB,anytime_td,0.044,0.0,0.0,0.0,0.0,0.0
2025_15_MIN_DAL,DAL,MIN,Dak Prescott,00-0033077,QB,att,32.361,21.9,28.0,33.0,38.0,43.0
2025_15_MIN_DAL,DAL,MIN,Dak Prescott,00-0033077,QB,cmp,21.643,14.0,18.0,22.0,26.0,30.0
2025_15_MIN_DAL,DAL,MIN,Dak Prescott,00-0033077,QB,pass_yds,250.703,157.357,202.114,250.87,303.046,351.061
2025_15_MIN_DAL,DAL,MIN,Dak Prescott,00-0033077,QB,pass_td,1.822,0.0,1.0,2.0,3.0,3.0
2025_15_MIN_DAL,DAL,MIN,Dak Prescott,00-0033077,QB,ints,0.668,0.0,0.0,0.0,1.0,2.0
2025_15_MIN_DAL,DAL,MIN,Dak Prescott,00-0033077,QB,car,3.091,1.0,2.0,3.0,4.0,6.0
2025_15_MIN_DAL,DAL,MIN,Dak Prescott,00-0033077,QB,rush_yds,12.33,-1.0,0.907,8.581,18.975,31.463
2025_15_MIN_DAL,DAL,MIN,Dak Prescott,00-0033077,QB,tgt,0.001,0.0,0.0,0.0,0.0,0.0
2025_15_MIN_DAL,DAL,MIN,Dak Prescott,00-0033077,QB,rec,0.001,0.0,0.0,0.0,0.0,0.0
2025_15_MIN_DAL,DAL,MIN,Dak Prescott,00-0033077,QB,rec_yds,0.006,0.0,0.0,0.0,0.0,0.0
2025_15_MIN_DAL,DAL,MIN,Dak Prescott,00-0033077,QB,anytime_td,0.181,0.0,0.0,0.0,0.0,1.0
2025_15_MIN_DAL,DAL,MIN,George Pickens,00-0037247,WR,car,0.015,0.0,0.0,0.0,0.0,0.0
2025_15_MIN_DAL,DAL,MIN,George Pickens,00-0037247,WR,rush_yds,0.089,0.0,0.0,0.0,0.0,0.0
2025_15_MIN_DAL,DAL,MIN,George Pickens,00-0037247,WR,tgt,7.771,4.0,5.0,7.0,10.0,13.0
2025_15_MIN_DAL,DAL,MIN,George Pickens,00-0037247,WR,rec,5.252,2.0,3.0,5.0,7.0,9.0
2025_15_MIN_DAL,DAL,MIN,George Pickens,00-0037247,WR,rec_yds,72.601,21.34,39.914,65.891,98.171,134.079
2025_15_MIN_DAL,DAL,MIN,George Pickens,00-0037247,WR,anytime_td,0.366,0.0,0.0,0.0,1.0,1.0
2025_15_MIN_DAL,DAL,MIN,CeeDee Lamb,00-0036358,WR,car,0.168,0.0,0.0,0.0,0.0,0.0
2025_15_MIN_DAL,DAL,MIN,CeeDee Lamb,00-0036358,WR,rush_yds,0.936,0.0,0.0,0.0,0.0,0.0
2025_15_MIN_DAL,DAL,MIN,CeeDee Lamb,00-0036358,WR,tgt,7.454,3.0,5.0,7.0,10.0,12.0
2025_15_MIN_DAL,DAL,MIN,CeeDee Lamb,00-0036358,WR,rec,4.872,2.0,3.0,5.0,6.0,8.0
2025_15_MIN_DAL,DAL,MIN,CeeDee Lamb,00-0036358,WR,rec_yds,67.383,18.042,36.173,60.681,92.334,125.111
2025_15_MIN_DAL,DAL,MIN,CeeDee Lamb,00-0036358,WR,anytime_td,0.321,0.0,0.0,0.0,1.0,1.0
2025_15_MIN_DAL,DAL,MIN,Jake Ferguson,00-0038041,TE,car,0.112,0.0,0.0,0.0,0.0,0.0
2025_15_MIN_DAL,DAL,MIN,Jake Ferguson,00-0038041,TE,rush_yds,0.276,0.0,0.0,0.0,0.0,0.0
2025_15_MIN_DAL,DAL,MIN,Jake Ferguson,00-0038041,TE,tgt,5.54,2.0,3.0,5.0,7.0,9.1
2025_15_MIN_DAL,DAL,MIN,Jake Ferguson,00-0038041,TE,rec,4.299,1.0,2.0,4.0,6.0,8.0
2025_15_MIN_DAL,DAL,MIN,Jake Ferguson,00-0038041,TE,rec_yds,39.071,9.083,19.506,34.512,54.245,75.27
2025_15_MIN_DAL,DAL,MIN,Jake Ferguson,00-0038041,TE,anytime_td,0.316,0.0,0.0,0.0,1.0,1.0
2025_15_MIN_DAL,DAL,MIN,Ryan Flournoy,00-0039410,WR,car,0.237,0.0,0.0,0.0,0.0,1.0
2025_15_MIN_DAL,DAL,MIN,Ryan Flournoy,00-0039410,WR,rush_yds,1.266,0.0,0.0,0.0,0.0,0.0
2025_15_MIN_DAL,DAL,MIN,Ryan Flournoy,00-0039410,WR,tgt,3.377,1.0,2.0,3.0,5.0,7.0
2025_15_MIN_DAL,DAL,MIN,Ryan Flournoy,00-0039410,WR,rec,2.288,0.0,1.0,2.0,3.0,5.0
2025_15_MIN_DAL,DAL,MIN,Ryan Flournoy,00-0039410,WR,rec_yds,27.803,0.0,7.069,20.985,40.909,65.428
2025_15_MIN_DAL,DAL,MIN,Ryan Flournoy,00-0039410,WR,anytime_td,0.251,0.0,0.0,0.0,1.0,1.0
2025_15_MIN_DAL,DAL,MIN,Malik Davis,00-0037563,RB,car,3.042,0.0,1.0,2.0,5.0,7.0
2025_15_MIN_DAL,DAL,MIN,Malik Davis,00-0037563,RB,rush_yds,13.964,0.0,0.0,7.604,19.446,36.59
2025_15_MIN_DAL,DAL,MIN,Malik Davis,00-0037563,RB,tgt,0.128,0.0,0.0,0.0,0.0,0.0
2025_15_MIN_DAL,DAL,MIN,Malik Davis,00-0037563,RB,rec,0.099,0.0,0.0,0.0,0.0,0.0
2025_15_MIN_DAL,DAL,MIN,Malik Davis,00-0037563,RB,rec_yds,0.742,0.0,0.0,0.0,0.0,0.0
2025_15_MIN_DAL,DAL,MIN,Malik Davis,00-0037563,RB,anytime_td,0.143,0.0,0.0,0.0,0.0,1.0
2025_15_MIN_DAL,DAL,MIN,Luke Schoonmaker,00-0038547,TE,car,0.002,0.0,0.0,0.0,0.0,0.0
2025_15_MIN_DAL,DAL,MIN,Luke Schoonmaker,00-0038547,TE,rush_yds,0.006,0.0,0.0,0.0,0.0,0.0
2025_15_MIN_DAL,DAL,MIN,Luke Schoonmaker,00-0038547,TE,tgt,1.317,0.0,0.0,1.0,2.0,3.0
2025_15_MIN_DAL,DAL,MIN,Luke Schoonmaker,00-0038547,TE,rec,0.917,0.0,0.0,1.0,1.0,2.0
2025_15_MIN_DAL,DAL,MIN,Luke Schoonmaker,00-0038547,TE,rec_yds,9.113,0.0,0.0,2.3,13.673,27.636
2025_15_MIN_DAL,DAL,MIN,Luke Schoonmaker,00-0038547,TE,anytime_td,0.015,0.0,0.0,0.0,0.0,0.0
2025_15_MIN_DAL,DAL,MIN,Brevyn Spann-Ford,00-0039530,TE,car,0.003,0.0,0.0,0.0,0.0,0.0
2025_15_MIN_DAL,DAL,MIN,Brevyn Spann-Ford,00-0039530,TE,rush_yds,0.004,0.0,0.0,0.0,0.0,0.0
2025_15_MIN_DAL,DAL,MIN,Brevyn Spann-Ford,00-0039530,TE,tgt,0.55,0.0,0.0,0.0,1.0,2.0
2025_15_MIN_DAL,DAL,MIN,Brevyn Spann-Ford,00-0039530,TE,rec,0.414,0.0,0.0,0.0,1.0,1.0
2025_15_MIN_DAL,DAL,MIN,Brevyn Spann-Ford,00-0039530,TE,rec_yds,4.033,0.0,0.0,0.0,3.912,14.866
2025_15_MIN_DAL,DAL,MIN,Brevyn Spann-Ford,00-0039530,TE,anytime_td,0.059,0.0,0.0,0.0,0.0,0.0
2025_15_MIN_DAL,DAL,MIN,Javonte Williams,00-0036997,RB,car,18.209,10.0,13.0,18.0,22.0,27.0
2025_15_MIN_DAL,DAL,MIN,Javonte Williams,00-0036997,RB,rush_yds,79.293,32.752,48.868,71.871,101.634,137.216
2025_15_MIN_DAL,DAL,MIN,Javonte Williams,00-0036997,RB,tgt,2.698,0.0,1.0,2.0,4.0,6.0
2025_15_MIN_DAL,DAL,MIN,Javonte Williams,00-0036997,RB,rec,2.056,0.0,1.0,2.0,3.0,4.0
2025_15_MIN_DAL,DAL,MIN,Javonte Williams,00-0036997,RB,rec_yds,12.879,0.0,1.028,8.789,19.323,31.562
2025_15_MIN_DAL,DAL,MIN,Javonte Williams,00-0036997,RB,anytime_td,0.534,0.0,0.0,1.0,1.0,1.0
2025_15_MIN_DAL,DAL,MIN,Hunter Luepke,00-0038738,RB,car,0.552,0.0,0.0,0.0,0.0,2.0
2025_15_MIN_DAL,DAL,MIN,Hunter Luepke,00-0038738,RB,rush_yds,2.309,0.0,0.0,0.0,0.0,7.376
2025_15_MIN_DAL,DAL,MIN,Hunter Luepke,00-0038738,RB,tgt,0.634,0.0,0.0,0.0,1.0,2.0
2025_15_MIN_DAL,DAL,MIN,Hunter Luepke,00-0038738,RB,rec,0.52,0.0,0.0,0.0,1.0,2.0
2025_15_MIN_DAL,DAL,MIN,Hunter Luepke,00-0038738,RB,rec_yds,3.91,0.0,0.0,0.0,4.363,13.528
2025_15_MIN_DAL,DAL,MIN,Hunter Luepke,00-0038738,RB,anytime_td,0.051,0.0,0.0,0.0,0.0,0.0
2025_15_MIN_DAL,DAL,MIN,KaVontae Turpin,00-0037801,WR,car,1.357,0.0,0.0,0.0,2.0,4.0
2025_15_MIN_DAL,DAL,MIN,KaVontae Turpin,00-0037801,WR,rush_yds,7.512,0.0,0.0,0.0,9.259,25.637
2025_15_MIN_DAL,DAL,MIN,KaVontae Turpin,00-0037801,WR,tgt,2.222,0.0,1.0,2.0,3.0,5.0
2025_15_MIN_DAL,DAL,MIN,KaVontae Turpin,00-0037801,WR,rec,1.455,0.0,0.0,1.0,2.0,3.0
2025_15_MIN_DAL,DAL,MIN,KaVontae Turpin,00-0037801,WR,rec_yds,18.625,0.0,0.0,12.142,28.233,48.452
2025_15_MIN_DAL,DAL,MIN,KaVontae Turpin,00-0037801,WR,anytime_td,0.078,0.0,0.0,0.0,0.0,0.0
2025_15_MIN_DAL,DAL,MIN,Jonathan Mingo,00-0039062,WR,car,0.025,0.0,0.0,0.0,0.0,0.0
2025_15_MIN_DAL,DAL,MIN,Jonathan Mingo,00-0039062,WR,rush_yds,0.12,0.0,0.0,0.0,0.0,0.0
2025_15_MIN_DAL,DAL,MIN,Jonathan Mingo,00-0039062,WR,tgt,1.242,0.0,0.0,1.0,2.0,3.0
2025_15_MIN_DAL,DAL,MIN,Jonathan Mingo,00-0039062,WR,rec,0.764,0.0,0.0,0.0,1.0,2.0
2025_15_MIN_DAL,DAL,MIN,Jonathan Mingo,00-0039062,WR,rec_yds,9.515,0.0,0.0,0.0,13.667,30.667
2025_15_MIN_DAL,DAL,MIN,Jonathan Mingo,00-0039062,WR,anytime_td,0.033,0.0,0.0,0.0,0.0,0.0
2025_15_MIN_DAL,MIN,DAL,J.J. McCarthy,00-0039923,QB,att,30.45,20.0,26.0,31.0,36.0,41.0
2025_15_MIN_DAL,MIN,DAL,J.J. McCarthy,00-0039923,QB,cmp,19.641,12.0,16.0,20.0,24.0,27.0
2025_15_MIN_DAL,MIN,DAL,J.J. McCarthy,00-0039923,QB,pass_yds,208.575,126.021,167.916,209.753,253.378,297.793
2025_15_MIN_DAL,MIN,DAL,J.J. McCarthy,00-0039923,QB,pass_td,1.349,0.0,1.0,1.0,2.0,3.0
2025_15_MIN_DAL,MIN,DAL,J.J. McCarthy,00-0039923,QB,ints,0.801,0.0,0.0,1.0,1.0,2.0
2025_15_MIN_DAL,MIN,DAL,J.J. McCarthy,00-0039923,QB,car,3.343,1.0,2.0,3.0,5.0,7.0
2025_15_MIN_DAL,MIN,DAL,J.J. McCarthy,00-0039923,QB,rush_yds,17.778,0.0,4.243,13.791,26.521,41.373
2025_15_MIN_DAL,MIN,DAL,J.J. McCarthy,00-0039923,QB,tgt,0.0,0.0,0.0,0.0,0.0,0.0
2025_15_MIN_DAL,MIN,DAL,J.J. McCarthy,00-0039923,QB,rec,0.0,0.0,0.0,0.0,0.0,0.0
2025_15_MIN_DAL,MIN,DAL,J.J. McCarthy,00-0039923,QB,rec_yds,0.0,0.0,0.0,0.0,0.0,0.0
2025_15_MIN_DAL,MIN,DAL,J.J. McCarthy,00-0039923,QB,anytime_td,0.169,0.0,0.0,0.0,0.0,1.0
2025_15_MIN_DAL,MIN,DAL,Justin Jefferson,00-0036322,WR,car,0.041,0.0,0.0,0.0,0.0,0.0
2025_15_MIN_DAL,MIN,DAL,Justin Jefferson,00-0036322,WR,rush_yds,0.214,0.0,0.0,0.0,0.0,0.0
2025_15_MIN_DAL,MIN,DAL,Justin Jefferson,00-0036322,WR,tgt,8.205,4.0,6.0,8.0,10.0,13.0
2025_15_MIN_DAL,MIN,DAL,Justin Jefferson,00-0036322,WR,rec,5.05,2.0,3.0,5.0,7.0,9.0
2025_15_MIN_DAL,MIN,DAL,Justin Jefferson,00-0036322,WR,rec_yds,60.0,17.64,32.991,53.791,80.842,110.806
2025_15_MIN_DAL,MIN,DAL,Justin Jefferson,00-0036322,WR,anytime_td,0.214,0.0,0.0,0.0,0.0,1.0
2025_15_MIN_DAL,MIN,DAL,T.J. Hockenson,00-0035229,TE,car,0.12,0.0,0.0,0.0,0.0,0.0
2025_15_MIN_DAL,MIN,DAL,T.J. Hockenson,00-0035229,TE,rush_yds,0.275,0.0,0.0,0.0,0.0,0.0
2025_15_MIN_DAL,MIN,DAL,T.J. Hockenson,00-0035229,TE,tgt,4.811,2.0,3.0,4.0,6.0,8.0
2025_15_MIN_DAL,MIN,DAL,T.J. Hockenson,00-0035229,TE,rec,3.685,1.0,2.0,3.0,5.0,7.0
2025_15_MIN_DAL,MIN,DAL,T.J. Hockenson,00-0035229,TE,rec_yds,34.326,6.257,15.289,29.885,48.233,68.867
2025_15_MIN_DAL,MIN,DAL,T.J. Hockenson,00-0035229,TE,anytime_td,0.254,0.0,0.0,0.0,1.0,1.0
2025_15_MIN_DAL,MIN,DAL,Jordan Addison,00-0038994,WR,car,0.093,0.0,0.0,0.0,0.0,0.0
2025_15_MIN_DAL,MIN,DAL,Jordan Addison,00-0038994,WR,rush_yds,0.462,0.0,0.0,0.0,0.0,0.0
2025_15_MIN_DAL,MIN,DAL,Jordan Addison,00-0038994,WR,tgt,6.928,3.0,5.0,7.0,9.0,11.0
2025_15_MIN_DAL,MIN,DAL,Jordan Addison,00-0038994,WR,rec,4.086,1.0,2.0,4.0,5.0,7.0
2025_15_MIN_DAL,MIN,DAL,Jordan Addison,00-0038994,WR,rec_yds,50.776,11.338,24.503,44.659,70.971,97.561
2025_15_MIN_DAL,MIN,DAL,Jordan Addison,00-0038994,WR,anytime_td,0.284,0.0,0.0,0.0,1.0,1.0
2025_15_MIN_DAL,MIN,DAL,Josh Oliver,00-0035249,TE,car,0.004,0.0,0.0,0.0,0.0,0.0
2025_15_MIN_DAL,MIN,DAL,Josh Oliver,00-0035249,TE,rush_yds,0.01,0.0,0.0,0.0,0.0,0.0
2025_15_MIN_DAL,MIN,DAL,Josh Oliver,00-0035249,TE,tgt,1.164,0.0,0.0,1.0,2.0,3.0
2025_15_MIN_DAL,MIN,DAL,Josh Oliver,00-0035249,TE,rec,0.893,0.0,0.0,1.0,1.0,2.0
2025_15_MIN_DAL,MIN,DAL,Josh Oliver,00-0035249,TE,rec_yds,9.01,0.0,0.0,2.077,13.472,26.826
2025_15_MIN_DAL,MIN,DAL,Josh Oliver,00-0035249,TE,anytime_td,0.201,0.0,0.0,0.0,0.0,1.0
2025_15_MIN_DAL,MIN,DAL,Aaron Jones,00-0033293,RB,car,10.412,4.0,7.0,10.0,13.0,18.0
2025_15_MIN_DAL,MIN,DAL,Aaron Jones,00-0033293,RB,rush_yds,44.897,11.403,21.768,38.045,60.761,86.924
2025_15_MIN_DAL,MIN,DAL,Aaron Jones,00-0033293,RB,tgt,3.879,1.0,2.0,4.0,5.0,7.0
2025_15_MIN_DAL,MIN,DAL,Aaron Jones,00-0033293,RB,rec,2.972,1.0,1.0,3.0,4.0,6.0
2025_15_MIN_DAL,MIN,DAL,Aaron Jones,00-0033293,RB,rec_yds,21.079,0.0,6.676,16.522,30.425,47.411
2025_15_MIN_DAL,MIN,DAL,Aaron Jones,00-0033293,RB,anytime_td,0.299,0.0,0.0,0.0,1.0,1.0
2025_15_MIN_DAL,MIN,DAL,Jalen Nailor,00-0037291,WR,car,0.061,0.0,0.0,0.0,0.0,0.0
2025_15_MIN_DAL,MIN,DAL,Jalen Nailor,00-0037291,WR,rush_yds,0.378,0.0,0.0,0.0,0.0,0.0
2025_15_MIN_DAL,MIN,DAL,Jalen Nailor,00-0037291,WR,tgt,2.966,1.0,1.0,3.0,4.0,6.0
2025_15_MIN_DAL,MIN,DAL,Jalen Nailor,00-0037291,WR,rec,1.901,0.0,1.0,2.0,3.0,4.0
2025_15_MIN_DAL,MIN,DAL,Jalen Nailor,00-0037291,WR,rec_yds,25.027,0.0,4.836,18.192,37.482,60.456
2025_15_MIN_DAL,MIN,DAL,Jalen Nailor,00-0037291,WR,anytime_td,0.145,0.0,0.0,0.0,0.0,1.0
2025_15_MIN_DAL,MIN,DAL,Jordan Mason,00-0037525,RB,car,9.106,3.0,6.0,8.0,12.0,16.0
2025_15_MIN_DAL,MIN,DAL,Jordan Mason,00-0037525,RB,rush_yds,40.354,8.585,18.378,33.449,54.86,80.395
2025_15_MIN_DAL,MIN,DAL,Jordan Mason,00-0037525,RB,tgt,0.932,0.0,0.0,1.0,1.0,3.0
2025_15_MIN_DAL,MIN,DAL,Jordan Mason,00-0037525,RB,rec,0.766,0.0,0.0,0.0,1.0,2.0
2025_15_MIN_DAL,MIN,DAL,Jordan Mason,00-0037525,RB,rec_yds,5.131,0.0,0.0,0.0,7.178,16.702
2025_15_MIN_DAL,MIN,DAL,Jordan Mason,00-0037525,RB,anytime_td,0.306,0.0,0.0,0.0,1.0,1.0
2025_15_MIN_DAL,MIN,DAL,Tai Felton,00-0040154,WR,car,0.014,0.0,0.0,0.0,0.0,0.0
2025_15_MIN_DAL,MIN,DAL,Tai Felton,00-0040154,WR,rush_yds,0.077,0.0,0.0,0.0,0.0,0.0
2025_15_MIN_DAL,MIN,DAL,Tai Felton,00-0040154,WR,tgt,0.992,0.0,0.0,1.0,2.0,3.0
2025_15_MIN_DAL,MIN,DAL,Tai Felton,00-0040154,WR,rec,0.661,0.0,0.0,0.0,1.0,2.0
2025_15_MIN_DAL,MIN,DAL,Tai Felton,00-0040154,WR,rec_yds,7.984,0.0,0.0,0.0,11.301,26.195
2025_15_MIN_DAL,MIN,DAL,Tai Felton,00-0040154,WR,anytime_td,0.018,0.0,0.0,0.0,0.0,0.0
2025_15_NYJ_JAX,JAX,NYJ,Trevor Lawrence,00-0036971,QB,att,28.016,18.0,24.0,29.0,34.0,38.0
2025_15_NYJ_JAX,JAX,NYJ,Trevor Lawrence,00-0036971,QB,cmp,18.239,11.0,15.0,18.0,22.0,25.0
2025_15_NYJ_JAX,JAX,NYJ,Trevor Lawrence,00-0036971,QB,pass_yds,217.627,130.204,172.622,218.757,264.458,307.875
2025_15_NYJ_JAX,JAX,NYJ,Trevor Lawrence,00-0036971,QB,pass_td,1.662,0.0,1.0,2.0,2.0,3.0
2025_15_NYJ_JAX,JAX,NYJ,Trevor Lawrence,00-0036971,QB,ints,0.464,0.0,0.0,0.0,1.0,1.0
2025_15_NYJ_JAX,JAX,NYJ,Trevor Lawrence,00-0036971,QB,car,5.128,2.0,3.0,5.0,7.0,9.0
2025_15_NYJ_JAX,JAX,NYJ,Trevor Lawrence,00-0036971,QB,rush_yds,20.973,0.0,6.804,16.607,30.143,46.467
2025_15_NYJ_JAX,JAX,NYJ,Trevor Lawrence,00-0036971,QB,tgt,0.0,0.0,0.0,0.0,0.0,0.0
2025_15_NYJ_JAX,JAX,NYJ,Trevor Lawrence,00-0036971,QB,rec,0.0,0.0,0.0,0.0,0.0,0.0
2025_15_NYJ_JAX,JAX,NYJ,Trevor Lawrence,00-0036971,QB,rec_yds,0.001,0.0,0.0,0.0,0.0,0.0
2025_15_NYJ_JAX,JAX,NYJ,Trevor Lawrence,00-0036971,QB,anytime_td,0.301,0.0,0.0,0.0,1.0,1.0
2025_15_NYJ_JAX,JAX,NYJ,Jakobi Meyers,00-0034960,WR,car,0.665,0.0,0.0,0.0,1.0,2.0
2025_15_NYJ_JAX,JAX,NYJ,Jakobi Meyers,00-0034960,WR,rush_yds,4.041,0.0,0.0,0.0,0.0,14.367
2025_15_NYJ_JAX,JAX,NYJ,Jakobi Meyers,00-0034960,WR,tgt,5.759,2.0,4.0,5.0,8.0,10.0
2025_15_NYJ_JAX,JAX,NYJ,Jakobi Meyers,00-0034960,WR,rec,3.913,1.0,2.0,4.0,5.0,7.0
2025_15_NYJ_JAX,JAX,NYJ,Jakobi Meyers,00-0034960,WR,rec_yds,49.273,9.817,23.455,43.127,68.976,96.769
2025_15_NYJ_JAX,JAX,NYJ,Jakobi Meyers,00-0034960,WR,anytime_td,0.353,0.0,0.0,0.0,1.0,1.0
2025_15_NYJ_JAX,JAX,NYJ,Brenton Strange,00-0038935,TE,car,0.002,0.0,0.0,0.0,0.0,0.0
2025_15_NYJ_JAX,JAX,NYJ,Brenton Strange,00-0038935,TE,rush_yds,0.006,0.0,0.0,0.0,0.0,0.0
2025_15_NYJ_JAX,JAX,NYJ,Brenton Strange,00-0038935,TE,tgt,3.754,1.0,2.0,3.0,5.0,7.0
2025_15_NYJ_JAX,JAX,NYJ,Brenton Strange,00-0038935,TE,rec,2.858,1.0,1.0,3.0,4.0,5.0
2025_15_NYJ_JAX,JAX,NYJ,Brenton Strange,00-0038935,TE,rec_yds,32.392,1.212,12.35,26.778,46.841,68.68
2025_15_NYJ_JAX,JAX,NYJ,Brenton Strange,00-0038935,TE,anytime_td,0.163,0.0,0.0,0.0,0.0,1.0
2025_15_NYJ_JAX,JAX,NYJ,Brian Thomas Jr.,00-0039893,WR,car,0.177,0.0,0.0,0.0,0.0,0.0
2025_15_NYJ_JAX,JAX,NYJ,Brian Thomas Jr.,00-0039893,WR,rush_yds,1.05,0.0,0.0,0.0,0.0,0.0
2025_15_NYJ_JAX,JAX,NYJ,Brian Thomas Jr.,00-0039893,WR,tgt,5.057,2.0,3.0,5.0,7.0,9.0
2025_15_NYJ_JAX,JAX,NYJ,Brian Thomas Jr.,00-0039893,WR,rec,3.1,1.0,2.0,3.0,4.0,6.0
2025_15_NYJ_JAX,JAX,NYJ,Brian Thomas Jr.,00-0039893,WR,rec_yds,44.526,6.193,17.979,37.615,63.963,91.55
2025_15_NYJ_JAX,JAX,NYJ,Brian Thomas Jr.,00-0039893,WR,anytime_td,0.213,0.0,0.0,0.0,0.0,1.0
2025_15_NYJ_JAX,JAX,NYJ,Travis Etienne,00-0036973,RB,car,16.145,8.0,11.0,16.0,20.25,25.0
2025_15_NYJ_JAX,JAX,NYJ,Travis Etienne,00-0036973,RB,rush_yds,74.373,26.934,43.103,66.885,96.75,131.531
2025_15_NYJ_JAX,JAX,NYJ,Travis Etienne,00-0036973,RB,tgt,2.283,0.0,1.0,2.0,3.0,5.0
2025_15_NYJ_JAX,JAX,NYJ,Travis Etienne,00-0036973,RB,rec,1.755,0.0,1.0,1.0,3.0,4.0
2025_15_NYJ_JAX,JAX,NYJ,Travis Etienne,00-0036973,RB,rec_yds,13.719,0.0,0.0,8.734,20.615,35.653
2025_15_NYJ_JAX,JAX,NYJ,Travis Etienne,00-0036973,RB,anytime_td,0.497,0.0,0.0,0.0,1.0,1.0
2025_15_NYJ_JAX,JAX,NYJ,Parker Washington,00-0038606,WR,car,0.478,0.0,0.0,0.0,0.0,2.0
2025_15_NYJ_JAX,JAX,NYJ,Parker Washington,00-0038606,WR,rush_yds,2.732,0.0,0.0,0.0,0.0,8.755
2025_15_NYJ_JAX,JAX,NYJ,Parker Washington,00-0038606,WR,tgt,4.272,1.0,2.0,4.0,6.0,8.0
2025_15_NYJ_JAX,JAX,NYJ,Parker Washington,00-0038606,WR,rec,2.696,1.0,1.0,2.0,4.0,5.0
2025_15_NYJ_JAX,JAX,NYJ,Parker Washington,00-0038606,WR,rec_yds,35.371,0.0,12.905,29.413,50.776,75.444
2025_15_NYJ_JAX,JAX,NYJ,Parker Washington,00-0038606,WR,anytime_td,0.271,0.0,0.0,0.0,1.0,1.0
2025_15_NYJ_JAX,JAX,NYJ,Tim Patrick,00-0033375,WR,car,0.007,0.0,0.0,0.0,0.0,0.0
2025_15_NYJ_JAX,JAX,NYJ,Tim Patrick,00-0033375,WR,rush_yds,0.03,0.0,0.0,0.0,0.0,0.0
2025_15_NYJ_JAX,JAX,NYJ,Tim Patrick,00-0033375,WR,tgt,2.004,0.0,1.0,2.0,3.0,4.0
2025_15_NYJ_JAX,JAX,NYJ,Tim Patrick,00-0033375,WR,rec,1.3,0.0,0.0,1.0,2.0,3.0
2025_15_NYJ_JAX,JAX,NYJ,Tim Patrick,00-0033375,WR,rec_yds,17.057,0.0,0.0,9.949,25.909,46.35
2025_15_NYJ_JAX,JAX,NYJ,Tim Patrick,00-0033375,WR,anytime_td,0.214,0.0,0.0,0.0,0.0,1.0
2025_15_NYJ_JAX,JAX,NYJ,LeQuint Allen Jr.,00-0040238,RB,car,1.383,0.0,0.0,0.0,2.0,4.0
2025_15_NYJ_JAX,JAX,NYJ,LeQuint Allen Jr.,00-0040238,RB,rush_yds,6.695,0.0,0.0,0.0,8.212,21.21
2025_15_NYJ_JAX,JAX,NYJ,LeQuint Allen Jr.,00-0040238,RB,tgt,0.674,0.0,0.0,0.0,1.0,2.0
2025_15_NYJ_JAX,JAX,NYJ,LeQuint Allen Jr.,00-0040238,RB,rec,0.56,0.0,0.0,0.0,1.0,2.0
2025_15_NYJ_JAX,JAX,NYJ,LeQuint Allen Jr.,00-0040238,RB,rec_yds,4.1,0.0,0.0,0.0,5.231,13.982
2025_15_NYJ_JAX,JAX,NYJ,LeQuint Allen Jr.,00-0040238,RB,anytime_td,0.02,0.0,0.0,0.0,0.0,0.0
2025_15_NYJ_JAX,JAX,NYJ,Quintin Morris,00-0036590,TE,car,0.003,0.0,0.0,0.0,0.0,0.0
2025_15_NYJ_JAX,JAX,NYJ,Quintin Morris,00-0036590,TE,rush_yds,0.008,0.0,0.0,0.0,0.0,0.0
2025_15_NYJ_JAX,JAX,NYJ,Quintin Morris,00-0036590,TE,tgt,0.663,0.0,0.0,0.0,1.0,2.0
2025_15_NYJ_JAX,JAX,NYJ,Quintin Morris,00-0036590,TE,rec,0.469,0.0,0.0,0.0,1.0,1.0
2025_15_NYJ_JAX,JAX,NYJ,Quintin Morris,00-0036590,TE,rec_yds,5.049,0.0,0.0,0.0,6.458,17.876
2025_15_NYJ_JAX,JAX,NYJ,Quintin Morris,00-0036590,TE,anytime_td,0.014,0.0,0.0,0.0,0.0,0.0
2025_15_NYJ_JAX,JAX,NYJ,Johnny Mundt,00-0033246,TE,car,0.001,0.0,0.0,0.0,0.0,0.0
2025_15_NYJ_JAX,JAX,NYJ,Johnny Mundt,00-0033246,TE,rush_yds,0.001,0.0,0.0,0.0,0.0,0.0
2025_15_NYJ_JAX,JAX,NYJ,Johnny Mundt,00-0033246,TE,tgt,1.299,0.0,0.0,1.0,2.0,3.0
2025_15_NYJ_JAX,JAX,NYJ,Johnny Mundt,00-0033246,TE,rec,0.905,0.0,0.0,1.0,1.0,2.0
2025_15_NYJ_JAX,JAX,NYJ,Johnny Mundt,00-0033246,TE,rec_yds,9.513,0.0,0.0,3.012,14.696,28.371
2025_15_NYJ_JAX,JAX,NYJ,Johnny Mundt,00-0033246,TE,anytime_td,0.028,0.0,0.0,0.0,0.0,0.0
2025_15_NYJ_JAX,JAX,NYJ,Bhayshul Tuten,00-0040719,RB,car,6.664,1.0,3.0,6.0,9.0,13.0
2025_15_NYJ_JAX,JAX,NYJ,Bhayshul Tuten,00-0040719,RB,rush_yds,28.898,2.656,9.444,21.703,41.033,63.942
2025_15_NYJ_JAX,JAX,NYJ,Bhayshul Tuten,00-0040719,RB,tgt,0.766,0.0,0.0,0.0,1.0,2.0
2025_15_NYJ_JAX,JAX,NYJ,Bhayshul Tuten,00-0040719,RB,rec,0.608,0.0,0.0,0.0,1.0,2.0
2025_15_NYJ_JAX,JAX,NYJ,Bhayshul Tuten,00-0040719,RB,rec_yds,4.469,0.0,0.0,0.0,5.757,15.429
2025_15_NYJ_JAX,JAX,NYJ,Bhayshul Tuten,00-0040719,RB,anytime_td,0.266,0.0,0.0,0.0,1.0,1.0
2025_15_NYJ_JAX,JAX,NYJ,Dyami Brown,00-0036626,WR,car,0.285,0.0,0.0,0.0,0.0,1.0
2025_15_NYJ_JAX,JAX,NYJ,Dyami Brown,00-0036626,WR,rush_yds,1.753,0.0,0.0,0.0,0.0,2.321
2025_15_NYJ_JAX,JAX,NYJ,Dyami Brown,00-0036626,WR,tgt,2.107,0.0,1.0,2.0,3.0,5.0
2025_15_NYJ_JAX,JAX,NYJ,Dyami Brown,00-0036626,WR,rec,1.294,0.0,0.0,1.0,2.0,3.0
2025_15_NYJ_JAX,JAX,NYJ,Dyami Brown,00-0036626,WR,rec_yds,16.636,0.0,0.0,10.006,25.607,43.773
2025_15_NYJ_JAX,JAX,NYJ,Dyami Brown,00-0036626,WR,anytime_td,0.093,0.0,0.0,0.0,0.0,0.0
2025_15_NYJ_JAX,NYJ,JAX,Brady Cook,00-0040398,QB,att,30.552,20.0,26.0,31.0,37.0,41.0
2025_15_NYJ_JAX,NYJ,JAX,Brady Cook,00-0040398,QB,cmp,17.951,11.0,15.0,18.0,22.0,25.0
2025_15_NYJ_JAX,NYJ,JAX,Brady Cook,00-0040398,QB,pass_yds,180.332,106.338,141.552,180.633,220.428,260.42
2025_15_NYJ_JAX,NYJ,JAX,Brady Cook,00-0040398,QB,pass_td,0.764,0.0,0.0,1.0,1.0,2.0
2025_15_NYJ_JAX,NYJ,JAX,Brady Cook,00-0040398,QB,ints,0.855,0.0,0.0,1.0,1.0,2.0
2025_15_NYJ_JAX,NYJ,JAX,Brady Cook,00-0040398,QB,car,2.445,0.0,1.0,2.0,3.0,5.0
2025_15_NYJ_JAX,NYJ,JAX,Brady Cook,00-0040398,QB,rush_yds,11.781,0.0,0.0,7.976,17.953,29.921
2025_15_NYJ_JAX,NYJ,JAX,Brady Cook,00-0040398,QB,tgt,0.001,0.0,0.0,0.0,0.0,0.0
2025_15_NYJ_JAX,NYJ,JAX,Brady Cook,00-0040398,QB,rec,0.001,0.0,0.0,0.0,0.0,0.0
2025_15_NYJ_JAX,NYJ,JAX,Brady Cook,00-0040398,QB,rec_yds,0.005,0.0,0.0,0.0,0.0,0.0
2025_15_NYJ_JAX,NYJ,JAX,Brady Cook,00-0040398,QB,anytime_td,0.037,0.0,0.0,0.0,0.0,0.0
2025_15_NYJ_JAX,NYJ,JAX,Adonai Mitchell,00-0039890,WR,car,0.019,0.0,0.0,0.0,0.0,0.0
2025_15_NYJ_JAX,NYJ,JAX,Adonai Mitchell,00-0039890,WR,rush_yds,0.119,0.0,0.0,0.0,0.0,0.0
2025_15_NYJ_JAX,NYJ,JAX,Adonai Mitchell,00-0039890,WR,tgt,6.27,2.0,4.0,6.0,8.0,10.0
2025_15_NYJ_JAX,NYJ,JAX,Adonai Mitchell,00-0039890,WR,rec,3.116,1.0,2.0,3.0,4.0,6.0
2025_15_NYJ_JAX,NYJ,JAX,Adonai Mitchell,00-0039890,WR,rec_yds,39.399,4.729,16.24,33.951,56.44,80.612
2025_15_NYJ_JAX,NYJ,JAX,Adonai Mitchell,00-0039890,WR,anytime_td,0.095,0.0,0.0,0.0,0.0,0.0
2025_15_NYJ_JAX,NYJ,JAX,Jeremy Ruckert,00-0037805,TE,car,0.002,0.0,0.0,0.0,0.0,0.0
2025_15_NYJ_JAX,NYJ,JAX,Jeremy Ruckert,00-0037805,TE,rush_yds,0.003,0.0,0.0,0.0,0.0,0.0
2025_15_NYJ_JAX,NYJ,JAX,Jeremy Ruckert,00-0037805,TE,tgt,2.521,0.0,1.0,2.0,4.0,5.0
2025_15_NYJ_JAX,NYJ,JAX,Jeremy Ruckert,00-0037805,TE,rec,1.727,0.0,1.0,1.0,3.0,4.0
2025_15_NYJ_JAX,NYJ,JAX,Jeremy Ruckert,00-0037805,TE,rec_yds,16.016,0.0,1.749,11.19,24.419,39.392
2025_15_NYJ_JAX,NYJ,JAX,Jeremy Ruckert,00-0037805,TE,anytime_td,0.039,0.0,0.0,0.0,0.0,0.0
2025_15_NYJ_JAX,NYJ,JAX,John Metchie III,00-0037614,WR,car,0.232,0.0,0.0,0.0,0.0,1.0
2025_15_NYJ_JAX,NYJ,JAX,John Metchie III,00-0037614,WR,rush_yds,1.037,0.0,0.0,0.0,0.0,0.0
2025_15_NYJ_JAX,NYJ,JAX,John Metchie III,00-0037614,WR,tgt,5.79,2.0,4.0,5.0,8.0,10.0
2025_15_NYJ_JAX,NYJ,JAX,John Metchie III,00-0037614,WR,rec,3.454,1.0,2.0,3.0,5.0,6.0
2025_15_NYJ_JAX,NYJ,JAX,John Metchie III,00-0037614,WR,rec_yds,36.863,6.316,16.469,32.174,52.393,72.909
2025_15_NYJ_JAX,NYJ,JAX,John Metchie III,00-0037614,WR,anytime_td,0.137,0.0,0.0,0.0,0.0,1.0
2025_15_NYJ_JAX,NYJ,JAX,Isaiah Williams,00-0039451,WR,car,0.197,0.0,0.0,0.0,0.0,1.0
2025_15_NYJ_JAX,NYJ,JAX,Isaiah Williams,00-0039451,WR,rush_yds,0.958,0.0,0.0,0.0,0.0,0.0
2025_15_NYJ_JAX,NYJ,JAX,Isaiah Williams,00-0039451,WR,tgt,2.406,0.0,1.0,2.0,3.0,5.0
2025_15_NYJ_JAX,NYJ,JAX,Isaiah Williams,00-0039451,WR,rec,1.352,0.0,0.0,1.0,2.0,3.0
2025_15_NYJ_JAX,NYJ,JAX,Isaiah Williams,00-0039451,WR,rec_yds,15.551,0.0,0.0,8.941,23.598,42.141
2025_15_NYJ_JAX,NYJ,JAX,Isaiah Williams,00-0039451,WR,anytime_td,0.017,0.0,0.0,0.0,0.0,0.0
2025_15_NYJ_JAX,NYJ,JAX,Breece Hall,00-0038120,RB,car,13.595,7.0,9.0,13.0,17.0,21.0
2025_15_NYJ_JAX,NYJ,JAX,Breece Hall,00-0038120,RB,rush_yds,48.184,15.523,26.12,42.58,64.171,88.754
2025_15_NYJ_JAX,NYJ,JAX,Breece Hall,00-0038120,RB,tgt,3.488,1.0,2.0,3.0,5.0,7.0
2025_15_NYJ_JAX,NYJ,JAX,Breece Hall,00-0038120,RB,rec,2.514,0.0,1.0,2.0,4.0,5.0
2025_15_NYJ_JAX,NYJ,JAX,Breece Hall,00-0038120,RB,rec_yds,20.136,0.0,5.097,15.033,29.769,47.028
2025_15_NYJ_JAX,NYJ,JAX,Breece Hall,00-0038120,RB,anytime_td,0.268,0.0,0.0,0.0,1.0,1.0
2025_15_NYJ_JAX,NYJ,JAX,Isaiah Davis,00-0039798,RB,car,2.236,0.0,0.0,1.0,3.0,6.0
2025_15_NYJ_JAX,NYJ,JAX,Isaiah Davis,00-0039798,RB,rush_yds,8.518,0.0,0.0,3.496,11.839,24.049
2025_15_NYJ_JAX,NYJ,JAX,Isaiah Davis,00-0039798,RB,tgt,1.855,0.0,1.0,1.0,3.0,4.0
2025_15_NYJ_JAX,NYJ,JAX,Isaiah Davis,00-0039798,RB,rec,1.314,0.0,0.0,1.0,2.0,3.0
2025_15_NYJ_JAX,NYJ,JAX,Isaiah Davis,00-0039798,RB,rec_yds,9.272,0.0,0.0,4.889,14.029,26.226
2025_15_NYJ_JAX,NYJ,JAX,Isaiah Davis,00-0039798,RB,anytime_td,0.045,0.0,0.0,0.0,0.0,0.0
2025_15_NYJ_JAX,NYJ,JAX,Jelani Woods,00-0037755,TE,car,0.002,0.0,0.0,0.0,0.0,0.0
2025_15_NYJ_JAX,NYJ,JAX,Jelani Woods,00-0037755,TE,rush_yds,0.002,0.0,0.0,0.0,0.0,0.0
2025_15_NYJ_JAX,NYJ,JAX,Jelani Woods,00-0037755,TE,tgt,2.324,0.0,1.0,2.0,3.0,5.0
2025_15_NYJ_JAX,NYJ,JAX,Jelani Woods,00-0037755,TE,rec,1.504,0.0,0.0,1.0,2.0,3.0
2025_15_NYJ_JAX,NYJ,JAX,Jelani Woods,00-0037755,TE,rec_yds,14.978,0.0,0.0,10.009,22.981,38.548
2025_15_NYJ_JAX,NYJ,JAX,Jelani Woods,00-0037755,TE,anytime_td,0.042,0.0,0.0,0.0,0.0,0.0
2025_15_NYJ_JAX,NYJ,JAX,Allen Lazard,00-0034521,WR,car,0.006,0.0,0.0,0.0,0.0,0.0
2025_15_NYJ_JAX,NYJ,JAX,Allen Lazard,00-0034521,WR,rush_yds,0.017,0.0,0.0,0.0,0.0,0.0
2025_15_NYJ_JAX,NYJ,JAX,Allen Lazard,00-0034521,WR,tgt,2.555,0.0,1.0,2.0,4.0,5.0
2025_15_NYJ_JAX,NYJ,JAX,Allen Lazard,00-0034521,WR,rec,1.449,0.0,0.0,1.0,2.0,3.0
2025_15_NYJ_JAX,NYJ,JAX,Allen Lazard,00-0034521,WR,rec_yds,16.575,0.0,0.0,10.858,25.601,42.918
2025_15_NYJ_JAX,NYJ,JAX,Allen Lazard,00-0034521,WR,anytime_td,0.069,0.0,0.0,0.0,0.0,0.0
2025_15_NYJ_JAX,NYJ,JAX,Andrew Beck,00-0034959,RB,car,0.218,0.0,0.0,0.0,0.0,1.0
2025_15_NYJ_JAX,NYJ,JAX,Andrew Beck,00-0034959,RB,rush_yds,0.764,0.0,0.0,0.0,0.0,0.0
2025_15_NYJ_JAX,NYJ,JAX,Andrew Beck,00-0034959,RB,tgt,0.73,0.0,0.0,0.0,1.0,2.0
2025_15_NYJ_JAX,NYJ,JAX,Andrew Beck,00-0034959,RB,rec,0.53,0.0,0.0,0.0,1.0,2.0
2025_15_NYJ_JAX,NYJ,JAX,Andrew Beck,00-0034959,RB,rec_yds,3.891,0.0,0.0,0.0,4.835,13.35
2025_15_NYJ_JAX,NYJ,JAX,Andrew Beck,00-0034959,RB,anytime_td,0.028,0.0,0.0,0.0,0.0,0.0
2025_15_NYJ_JAX,NYJ,JAX,Stone Smartt,00-0037475,TE,car,0.002,0.0,0.0,0.0,0.0,0.0
2025_15_NYJ_JAX,NYJ,JAX,Stone Smartt,00-0037475,TE,rush_yds,0.002,0.0,0.0,0.0,0.0,0.0
2025_15_NYJ_JAX,NYJ,JAX,Stone Smartt,00-0037475,TE,tgt,0.917,0.0,0.0,1.0,1.0,3.0
2025_15_NYJ_JAX,NYJ,JAX,Stone Smartt,00-0037475,TE,rec,0.602,0.0,0.0,0.0,1.0,2.0
2025_15_NYJ_JAX,NYJ,JAX,Stone Smartt,00-0037475,TE,rec_yds,5.95,0.0,0.0,0.0,8.818,20.039
2025_15_NYJ_JAX,NYJ,JAX,Stone Smartt,00-0037475,TE,anytime_td,0.009,0.0,0.0,0.0,0.0,0.0
2025_15_NYJ_JAX,NYJ,JAX,Arian Smith,00-0040582,WR,car,0.232,0.0,0.0,0.0,0.0,1.0
2025_15_NYJ_JAX,NYJ,JAX,Arian Smith,00-0040582,WR,rush_yds,1.076,0.0,0.0,0.0,0.0,0.0
2025_15_NYJ_JAX,NYJ,JAX,Arian Smith,00-0040582,WR,tgt,1.032,0.0,0.0,1.0,2.0,3.0
2025_15_NYJ_JAX,NYJ,JAX,Arian Smith,00-0040582,WR,rec,0.61,0.0,0.0,0.0,1.0,2.0
2025_15_NYJ_JAX,NYJ,JAX,Arian Smith,00-0040582,WR,rec_yds,7.159,0.0,0.0,0.0,10.009,23.965
2025_15_NYJ_JAX,NYJ,JAX,Arian Smith,00-0040582,WR,anytime_td,0.008,0.0,0.0,0.0,0.0,0.0
2025_15_NYJ_JAX,NYJ,JAX,Khalil Herbert,00-0036906,RB,car,3.961,0.0,1.0,3.0,6.0,9.0
2025_15_NYJ_JAX,NYJ,JAX,Khalil Herbert,00-0036906,RB,rush_yds,14.373,0.0,2.657,9.109,20.373,35.497
2025_15_NYJ_JAX,NYJ,JAX,Khalil Herbert,00-0036906,RB,tgt,1.35,0.0,0.0,1.0,2.0,3.0
2025_15_NYJ_JAX,NYJ,JAX,Khalil Herbert,00-0036906,RB,rec,0.978,0.0,0.0,1.0,2.0,3.0
2025_15_NYJ_JAX,NYJ,JAX,Khalil Herbert,00-0036906,RB,rec_yds,6.517,0.0,0.0,1.047,9.755,19.029
2025_15_NYJ_JAX,NYJ,JAX,Khalil Herbert,00-0036906,RB,anytime_td,0.088,0.0,0.0,0.0,0.0,0.0
2025_15_TEN_SF,SF,TEN,Brock Purdy,00-0037834,QB,att,30.749,21.0,26.0,31.0,36.0,41.0
2025_15_TEN_SF,SF,TEN,Brock Purdy,00-0037834,QB,cmp,21.177,14.0,18.0,22.0,25.0,29.0
2025_15_TEN_SF,SF,TEN,Brock Purdy,00-0037834,QB,pass_yds,247.162,154.332,201.837,248.624,298.066,346.466
2025_15_TEN_SF,SF,TEN,Brock Purdy,00-0037834,QB,pass_td,1.831,0.0,1.0,2.0,3.0,3.0
2025_15_TEN_SF,SF,TEN,Brock Purdy,00-0037834,QB,ints,0.628,0.0,0.0,0.0,1.0,2.0
2025_15_TEN_SF,SF,TEN,Brock Purdy,00-0037834,QB,car,3.766,1.0,2.0,3.0,5.0,7.0
2025_15_TEN_SF,SF,TEN,Brock Purdy,00-0037834,QB,rush_yds,14.183,-1.0,1.917,9.771,21.483,35.176
2025_15_TEN_SF,SF,TEN,Brock Purdy,00-0037834,QB,tgt,0.001,0.0,0.0,0.0,0.0,0.0
2025_15_TEN_SF,SF,TEN,Brock Purdy,00-0037834,QB,rec,0.001,0.0,0.0,0.0,0.0,0.0
2025_15_TEN_SF,SF,TEN,Brock Purdy,00-0037834,QB,rec_yds,0.001,0.0,0.0,0.0,0.0,0.0
2025_15_TEN_SF,SF,TEN,Brock Purdy,00-0037834,QB,anytime_td,0.268,0.0,0.0,0.0,1.0,1.0
2025_15_TEN_SF,SF,TEN,George Kittle,00-0033288,TE,car,0.101,0.0,0.0,0.0,0.0,0.0
2025_15_TEN_SF,SF,TEN,George Kittle,00-0033288,TE,rush_yds,0.311,0.0,0.0,0.0,0.0,0.0
2025_15_TEN_SF,SF,TEN,George Kittle,00-0033288,TE,tgt,5.752,2.0,4.0,5.0,8.0,10.0
2025_15_TEN_SF,SF,TEN,George Kittle,00-0033288,TE,rec,4.464,1.0,3.0,4.0,6.0,8.0
2025_15_TEN_SF,SF,TEN,George Kittle,00-0033288,TE,rec_yds,54.634,12.824,27.523,48.878,75.191,102.669
2025_15_TEN_SF,SF,TEN,George Kittle,00-0033288,TE,anytime_td,0.384,0.0,0.0,0.0,1.0,1.0
2025_15_TEN_SF,SF,TEN,Christian McCaffrey,00-0033280,RB,car,17.459,9.0,13.0,17.0,22.0,26.0
2025_15_TEN_SF,SF,TEN,Christian McCaffrey,00-0033280,RB,rush_yds,76.17,29.176,45.16,69.856,99.191,132.945
2025_15_TEN_SF,SF,TEN,Christian McCaffrey,00-0033280,RB,tgt,6.288,2.0,4.0,6.0,8.0,11.0
2025_15_TEN_SF,SF,TEN,Christian McCaffrey,00-0033280,RB,rec,5.107,2.0,3.0,5.0,7.0,9.0
2025_15_TEN_SF,SF,TEN,Christian McCaffrey,00-0033280,RB,rec_yds,46.057,10.222,22.455,40.9,63.577,88.435
2025_15_TEN_SF,SF,TEN,Christian McCaffrey,00-0033280,RB,anytime_td,0.676,0.0,0.0,1.0,1.0,1.0
2025_15_TEN_SF,SF,TEN,Jauan Jennings,00-0036259,WR,car,0.005,0.0,0.0,0.0,0.0,0.0
2025_15_TEN_SF,SF,TEN,Jauan Jennings,00-0036259,WR,rush_yds,0.036,0.0,0.0,0.0,0.0,0.0
2025_15_TEN_SF,SF,TEN,Jauan Jennings,00-0036259,WR,tgt,5.947,2.0,4.0,6.0,8.0,10.0
2025_15_TEN_SF,SF,TEN,Jauan Jennings,00-0036259,WR,rec,3.812,1.0,2.0,3.0,5.0,7.0
2025_15_TEN_SF,SF,TEN,Jauan Jennings,00-0036259,WR,rec_yds,48.509,8.479,21.85,42.039,68.232,97.087
2025_15_TEN_SF,SF,TEN,Jauan Jennings,00-0036259,WR,anytime_td,0.378,0.0,0.0,0.0,1.0,1.0
2025_15_TEN_SF,SF,TEN,Kyle Juszczyk,00-0029892,RB,car,0.3,0.0,0.0,0.0,0.0,1.0
2025_15_TEN_SF,SF,TEN,Kyle Juszczyk,00-0029892,RB,rush_yds,1.498,0.0,0.0,0.0,0.0,3.21
2025_15_TEN_SF,SF,TEN,Kyle Juszczyk,00-0029892,RB,tgt,1.495,0.0,0.0,1.0,2.0,4.0
2025_15_TEN_SF,SF,TEN,Kyle Juszczyk,00-0029892,RB,rec,1.191,0.0,0.0,1.0,2.0,3.0
2025_15_TEN_SF,SF,TEN,Kyle Juszczyk,00-0029892,RB,rec_yds,10.198,0.0,0.0,4.762,15.236,29.767
2025_15_TEN_SF,SF,TEN,Kyle Juszczyk,00-0029892,RB,anytime_td,0.079,0.0,0.0,0.0,0.0,0.0
2025_15_TEN_SF,SF,TEN,Ricky Pearsall,00-0039916,WR,car,0.288,0.0,0.0,0.0,0.0,1.0
2025_15_TEN_SF,SF,TEN,Ricky Pearsall,00-0039916,WR,rush_yds,1.767,0.0,0.0,0.0,0.0,2.13
2025_15_TEN_SF,SF,TEN,Ricky Pearsall,00-0039916,WR,tgt,4.282,1.0,2.0,4.0,6.0,8.0
2025_15_TEN_SF,SF,TEN,Ricky Pearsall,00-0039916,WR,rec,2.798,1.0,1.0,3.0,4.0,5.0
2025_15_TEN_SF,SF,TEN,Ricky Pearsall,00-0039916,WR,rec_yds,39.225,0.0,14.117,32.33,56.54,84.816
2025_15_TEN_SF,SF,TEN,Ricky Pearsall,00-0039916,WR,anytime_td,0.124,0.0,0.0,0.0,0.0,1.0
2025_15_TEN_SF,SF,TEN,Kendrick Bourne,00-0033307,WR,car,0.012,0.0,0.0,0.0,0.0,0.0
2025_15_TEN_SF,SF,TEN,Kendrick Bourne,00-0033307,WR,rush_yds,0.106,0.0,0.0,0.0,0.0,0.0
2025_15_TEN_SF,SF,TEN,Kendrick Bourne,00-0033307,WR,tgt,2.385,0.0,1.0,2.0,3.0,5.0
2025_15_TEN_SF,SF,TEN,Kendrick Bourne,00-0033307,WR,rec,1.566,0.0,0.0,1.0,2.0,4.0
2025_15_TEN_SF,SF,TEN,Kendrick Bourne,00-0033307,WR,rec_yds,22.878,0.0,0.0,15.067,34.343,58.753
2025_15_TEN_SF,SF,TEN,Kendrick Bourne,00-0033307,WR,anytime_td,0.04,0.0,0.0,0.0,0.0,0.0
2025_15_TEN_SF,SF,TEN,Demarcus Robinson,00-0032775,WR,car,0.17,0.0,0.0,0.0,0.0,0.0
2025_15_TEN_SF,SF,TEN,Demarcus Robinson,00-0032775,WR,rush_yds,0.984,0.0,0.0,0.0,0.0,0.0
2025_15_TEN_SF,SF,TEN,Demarcus Robinson,00-0032775,WR,tgt,2.071,0.0,1.0,2.0,3.0,4.0
2025_15_TEN_SF,SF,TEN,Demarcus Robinson,00-0032775,WR,rec,1.255,0.0,0.0,1.0,2.0,3.0
2025_15_TEN_SF,SF,TEN,Demarcus Robinson,00-0032775,WR,rec_yds,17.424,0.0,0.0,9.634,26.779,47.31
2025_15_TEN_SF,SF,TEN,Demarcus Robinson,00-0032775,WR,anytime_td,0.052,0.0,0.0,0.0,0.0,0.0
2025_15_TEN_SF,SF,TEN,Luke Farrell,00-0036887,TE,car,0.003,0.0,0.0,0.0,0.0,0.0
2025_15_TEN_SF,SF,TEN,Luke Farrell,00-0036887,TE,rush_yds,0.005,0.0,0.0,0.0,0.0,0.0
2025_15_TEN_SF,SF,TEN,Luke Farrell,00-0036887,TE,tgt,0.945,0.0,0.0,1.0,1.0,3.0
2025_15_TEN_SF,SF,TEN,Luke Farrell,00-0036887,TE,rec,0.685,0.0,0.0,0.0,1.0,2.0
2025_15_TEN_SF,SF,TEN,Luke Farrell,00-0036887,TE,rec_yds,7.707,0.0,0.0,0.0,10.964,25.012
2025_15_TEN_SF,SF,TEN,Luke Farrell,00-0036887,TE,anytime_td,0.098,0.0,0.0,0.0,0.0,0.0
2025_15_TEN_SF,SF,TEN,Brian Robinson,00-0037746,RB,car,6.246,1.0,3.0,5.0,9.0,13.0
2025_15_TEN_SF,SF,TEN,Brian Robinson,00-0037746,RB,rush_yds,30.665,2.407,9.535,22.527,43.312,68.909
2025_15_TEN_SF,SF,TEN,Brian Robinson,00-0037746,RB,tgt,0.744,0.0,0.0,0.0,1.0,2.0
2025_15_TEN_SF,SF,TEN,Brian Robinson,00-0037746,RB,rec,0.583,0.0,0.0,0.0,1.0,2.0
2025_15_TEN_SF,SF,TEN,Brian Robinson,00-0037746,RB,rec_yds,4.349,0.0,0.0,0.0,5.61,14.35
2025_15_TEN_SF,SF,TEN,Brian Robinson,00-0037746,RB,anytime_td,0.216,0.0,0.0,0.0,0.0,1.0
2025_15_TEN_SF,SF,TEN,Jake Tonges,00-0037112,TE,car,0.002,0.0,0.0,0.0,0.0,0.0
2025_15_TEN_SF,SF,TEN,Jake Tonges,00-0037112,TE,rush_yds,0.008,0.0,0.0,0.0,0.0,0.0
2025_15_TEN_SF,SF,TEN,Jake Tonges,00-0037112,TE,tgt,1.458,0.0,0.0,1.0,2.0,3.0
2025_15_TEN_SF,SF,TEN,Jake Tonges,00-0037112,TE,rec,1.074,0.0,0.0,1.0,2.0,3.0
2025_15_TEN_SF,SF,TEN,Jake Tonges,00-0037112,TE,rec_yds,11.857,0.0,0.0,6.188,18.401,33.564
2025_15_TEN_SF,SF,TEN,Jake Tonges,00-0037112,TE,anytime_td,0.146,0.0,0.0,0.0,0.0,1.0
2025_15_TEN_SF,TEN,SF,Cam Ward,00-0040676,QB,att,31.561,21.0,27.0,32.0,37.0,42.0
2025_15_TEN_SF,TEN,SF,Cam Ward,00-0040676,QB,cmp,19.644,12.0,16.0,20.0,24.0,27.0
2025_15_TEN_SF,TEN,SF,Cam Ward,00-0040676,QB,pass_yds,188.33,113.087,148.791,187.574,228.91,269.481
2025_15_TEN_SF,TEN,SF,Cam Ward,00-0040676,QB,pass_td,0.967,0.0,0.0,1.0,2.0,2.0
2025_15_TEN_SF,TEN,SF,Cam Ward,00-0040676,QB,ints,0.745,0.0,0.0,0.0,1.0,2.0
2025_15_TEN_SF,TEN,SF,Cam Ward,00-0040676,QB,car,2.411,0.0,1.0,2.0,3.0,5.0
2025_15_TEN_SF,TEN,SF,Cam Ward,00-0040676,QB,rush_yds,12.111,0.0,0.0,7.957,18.785,30.823
2025_15_TEN_SF,TEN,SF,Cam Ward,00-0040676,QB,tgt,0.0,0.0,0.0,0.0,0.0,0.0
2025_15_TEN_SF,TEN,SF,Cam Ward,00-0040676,QB,rec,0.0,0.0,0.0,0.0,0.0,0.0
2025_15_TEN_SF,TEN,SF,Cam Ward,00-0040676,QB,rec_yds,0.003,0.0,0.0,0.0,0.0,0.0
2025_15_TEN_SF,TEN,SF,Cam Ward,00-0040676,QB,anytime_td,0.086,0.0,0.0,0.0,0.0,0.0
2025_15_TEN_SF,TEN,SF,Elic Ayomanor,00-0040170,WR,car,0.006,0.0,0.0,0.0,0.0,0.0
2025_15_TEN_SF,TEN,SF,Elic Ayomanor,00-0040170,WR,rush_yds,0.035,0.0,0.0,0.0,0.0,0.0
2025_15_TEN_SF,TEN,SF,Elic Ayomanor,00-0040170,WR,tgt,5.658,2.0,4.0,5.0,7.0,10.0
2025_15_TEN_SF,TEN,SF,Elic Ayomanor,00-0040170,WR,rec,2.863,1.0,1.0,3.0,4.0,5.0
2025_15_TEN_SF,TEN,SF,Elic Ayomanor,00-0040170,WR,rec_yds,34.247,2.755,12.887,28.135,49.397,73.578
2025_15_TEN_SF,TEN,SF,Elic Ayomanor,00-0040170,WR,anytime_td,0.213,0.0,0.0,0.0,0.0,1.0
2025_15_TEN_SF,TEN,SF,Chimere Dike,00-0040705,WR,car,0.411,0.0,0.0,0.0,0.0,1.0
2025_15_TEN_SF,TEN,SF,Chimere Dike,00-0040705,WR,rush_yds,1.886,0.0,0.0,0.0,0.0,5.762
2025_15_TEN_SF,TEN,SF,Chimere Dike,00-0040705,WR,tgt,4.932,2.0,3.0,5.0,7.0,9.0
2025_15_TEN_SF,TEN,SF,Chimere Dike,00-0040705,WR,rec,2.963,1.0,2.0,3.0,4.0,6.0
2025_15_TEN_SF,TEN,SF,Chimere Dike,00-0040705,WR,rec_yds,31.2,2.703,12.125,25.842,44.583,65.988
2025_15_TEN_SF,TEN,SF,Chimere Dike,00-0040705,WR,anytime_td,0.263,0.0,0.0,0.0,1.0,1.0
2025_15_TEN_SF,TEN,SF,Van Jefferson,00-0036415,WR,car,0.005,0.0,0.0,0.0,0.0,0.0
2025_15_TEN_SF,TEN,SF,Van Jefferson,00-0036415,WR,rush_yds,0.02,0.0,0.0,0.0,0.0,0.0
2025_15_TEN_SF,TEN,SF,Van Jefferson,00-0036415,WR,tgt,3.857,1.0,2.0,3.0,5.0,7.0
2025_15_TEN_SF,TEN,SF,Van Jefferson,00-0036415,WR,rec,2.185,0.0,1.0,2.0,3.0,5.0
2025_15_TEN_SF,TEN,SF,Van Jefferson,00-0036415,WR,rec_yds,24.982,0.0,6.349,18.8,37.285,58.074
2025_15_TEN_SF,TEN,SF,Van Jefferson,00-0036415,WR,anytime_td,0.117,0.0,0.0,0.0,0.0,1.0
2025_15_TEN_SF,TEN,SF,Chig Okonkwo,00-0037809,TE,car,0.008,0.0,0.0,0.0,0.0,0.0
2025_15_TEN_SF,TEN,SF,Chig Okonkwo,00-0037809,TE,rush_yds,0.017,0.0,0.0,0.0,0.0,0.0
2025_15_TEN_SF,TEN,SF,Chig Okonkwo,00-0037809,TE,tgt,4.032,1.0,2.0,4.0,6.0,8.0
2025_15_TEN_SF,TEN,SF,Chig Okonkwo,00-0037809,TE,rec,2.915,1.0,1.0,3.0,4.0,6.0
2025_15_TEN_SF,TEN,SF,Chig Okonkwo,00-0037809,TE,rec_yds,28.984,1.107,10.567,23.557,41.614,61.777
2025_15_TEN_SF,TEN,SF,Chig Okonkwo,00-0037809,TE,anytime_td,0.056,0.0,0.0,0.0,0.0,0.0
2025_15_TEN_SF,TEN,SF,Tony Pollard,00-0035261,RB,car,12.359,6.0,8.0,12.0,16.0,20.0
2025_15_TEN_SF,TEN,SF,Tony Pollard,00-0035261,RB,rush_yds,48.653,14.441,25.141,42.195,65.347,91.538
2025_15_TEN_SF,TEN,SF,Tony Pollard,00-0035261,RB,tgt,2.646,0.0,1.0,2.0,4.0,5.0
2025_15_TEN_SF,TEN,SF,Tony Pollard,00-0035261,RB,rec,1.959,0.0,1.0,2.0,3.0,4.0
2025_15_TEN_SF,TEN,SF,Tony Pollard,00-0035261,RB,rec_yds,13.059,0.0,1.01,8.954,19.342,32.452
2025_15_TEN_SF,TEN,SF,Tony Pollard,00-0035261,RB,anytime_td,0.259,0.0,0.0,0.0,1.0,1.0
2025_15_TEN_SF,TEN,SF,Gunnar Helm,00-0040584,TE,car,0.002,0.0,0.0,0.0,0.0,0.0
2025_15_TEN_SF,TEN,SF,Gunnar Helm,00-0040584,TE,rush_yds,0.004,0.0,0.0,0.0,0.0,0.0
2025_15_TEN_SF,TEN,SF,Gunnar Helm,00-0040584,TE,tgt,4.092,1.0,2.0,4.0,6.0,7.0
2025_15_TEN_SF,TEN,SF,Gunnar Helm,00-0040584,TE,rec,2.952,1.0,1.0,3.0,4.0,6.0
2025_15_TEN_SF,TEN,SF,Gunnar Helm,00-0040584,TE,rec_yds,26.25,2.663,10.121,22.02,37.562,55.605
2025_15_TEN_SF,TEN,SF,Gunnar Helm,00-0040584,TE,anytime_td,0.116,0.0,0.0,0.0,0.0,1.0
2025_15_TEN_SF,TEN,SF,Tyjae Spears,00-0039032,RB,car,5.086,1.0,2.0,4.0,7.0,10.0
2025_15_TEN_SF,TEN,SF,Tyjae Spears,00-0039032,RB,rush_yds,18.235,0.0,4.902,13.364,25.793,42.58
2025_15_TEN_SF,TEN,SF,Tyjae Spears,00-0039032,RB,tgt,4.187,1.0,2.0,4.0,6.0,8.0
2025_15_TEN_SF,TEN,SF,Tyjae Spears,00-0039032,RB,rec,3.259,1.0,2.0,3.0,5.0,6.0
2025_15_TEN_SF,TEN,SF,Tyjae Spears,00-0039032,RB,rec_yds,22.52,0.0,7.539,18.013,32.458,49.537
2025_15_TEN_SF,TEN,SF,Tyjae Spears,00-0039032,RB,anytime_td,0.163,0.0,0.0,0.0,0.0,1.0
2025_15_TEN_SF,TEN,SF,James Proche,00-0036133,WR,car,0.006,0.0,0.0,0.0,0.0,0.0
2025_15_TEN_SF,TEN,SF,James Proche,00-0036133,WR,rush_yds,0.019,0.0,0.0,0.0,0.0,0.0
2025_15_TEN_SF,TEN,SF,James Proche,00-0036133,WR,tgt,1.176,0.0,0.0,1.0,2.0,3.0
2025_15_TEN_SF,TEN,SF,James Proche,00-0036133,WR,rec,0.739,0.0,0.0,0.0,1.0,2.0
2025_15_TEN_SF,TEN,SF,James Proche,00-0036133,WR,rec_yds,9.175,0.0,0.0,0.0,13.41,29.152
2025_15_TEN_SF,TEN,SF,James Proche,00-0036133,WR,anytime_td,0.018,0.0,0.0,0.0,0.0,0.0
2025_15_TEN_SF,TEN,SF,Kalel Mullings,00-0040205,RB,car,1.136,0.0,0.0,0.0,2.0,4.0
2025_15_TEN_SF,TEN,SF,Kalel Mullings,00-0040205,RB,rush_yds,4.28,0.0,0.0,0.0,4.818,13.853
2025_15_TEN_SF,TEN,SF,Kalel Mullings,00-0040205,RB,tgt,0.27,0.0,0.0,0.0,0.0,1.0
2025_15_TEN_SF,TEN,SF,Kalel Mullings,00-0040205,RB,rec,0.209,0.0,0.0,0.0,0.0,1.0
2025_15_TEN_SF,TEN,SF,Kalel Mullings,00-0040205,RB,rec_yds,1.492,0.0,0.0,0.0,0.0,5.016
2025_15_TEN_SF,TEN,SF,Kalel Mullings,00-0040205,RB,anytime_td,0.03,0.0,0.0,0.0,0.0,0.0
2025_15_TEN_SF,TEN,SF,Mason Kinsey,00-0036176,WR,car,0.009,0.0,0.0,0.0,0.0,0.0
2025_15_TEN_SF,TEN,SF,Mason Kinsey,00-0036176,WR,rush_yds,0.041,0.0,0.0,0.0,0.0,0.0
2025_15_TEN_SF,TEN,SF,Mason Kinsey,00-0036176,WR,tgt,0.65,0.0,0.0,0.0,1.0,2.0
2025_15_TEN_SF,TEN,SF,Mason Kinsey,00-0036176,WR,rec,0.381,0.0,0.0,0.0,1.0,1.0
2025_15_TEN_SF,TEN,SF,Mason Kinsey,00-0036176,WR,rec_yds,4.591,0.0,0.0,0.0,4.031,17.106
2025_15_TEN_SF,TEN,SF,Mason Kinsey,00-0036176,WR,anytime_td,0.008,0.0,0.0,0.0,0.0,0.0
2025_15_TEN_SF,TEN,SF,Julius Chestnut,00-0037594,RB,car,1.472,0.0,0.0,1.0,2.0,4.0
2025_15_TEN_SF,TEN,SF,Julius Chestnut,00-0037594,RB,rush_yds,5.581,0.0,0.0,0.0,7.205,17.364
2025_15_TEN_SF,TEN,SF,Julius Chestnut,00-0037594,RB,tgt,0.3,0.0,0.0,0.0,0.0,1.0
2025_15_TEN_SF,TEN,SF,Julius Chestnut,00-0037594,RB,rec,0.218,0.0,0.0,0.0,0.0,1.0
2025_15_TEN_SF,TEN,SF,Julius Chestnut,00-0037594,RB,rec_yds,1.569,0.0,0.0,0.0,0.0,5.36
2025_15_TEN_SF,TEN,SF,Julius Chestnut,00-0037594,RB,anytime_td,0.033,0.0,0.0,0.0,0.0,0.0
2025_15_WAS_NYG,NYG,WAS,Wan'Dale Robinson,00-0038117,WR,car,0.205,0.0,0.0,0.0,0.0,1.0
2025_15_WAS_NYG,NYG,WAS,Wan'Dale Robinson,00-0038117,WR,rush_yds,1.145,0.0,0.0,0.0,0.0,0.0
2025_15_WAS_NYG,NYG,WAS,Wan'Dale Robinson,00-0038117,WR,tgt,8.763,4.0,6.0,8.0,11.0,14.0
2025_15_WAS_NYG,NYG,WAS,Wan'Dale Robinson,00-0038117,WR,rec,5.948,3.0,4.0,6.0,8.0,10.0
2025_15_WAS_NYG,NYG,WAS,Wan'Dale Robinson,00-0038117,WR,rec_yds,68.265,22.327,40.025,63.269,91.638,118.8
2025_15_WAS_NYG,NYG,WAS,Wan'Dale Robinson,00-0038117,WR,anytime_td,0.257,0.0,0.0,0.0,1.0,1.0
2025_15_WAS_NYG,NYG,WAS,Jaxson Dart,00-0040691,QB,att,28.367,19.0,24.0,29.0,34.0,38.0
2025_15_WAS_NYG,NYG,WAS,Jaxson Dart,00-0040691,QB,cmp,18.824,12.0,15.0,19.0,23.0,26.0
2025_15_WAS_NYG,NYG,WAS,Jaxson Dart,00-0040691,QB,pass_yds,214.146,128.296,170.037,214.294,262.085,303.792
2025_15_WAS_NYG,NYG,WAS,Jaxson Dart,00-0040691,QB,pass_td,1.448,0.0,1.0,1.0,2.0,3.0
2025_15_WAS_NYG,NYG,WAS,Jaxson Dart,00-0040691,QB,ints,0.584,0.0,0.0,0.0,1.0,2.0
2025_15_WAS_NYG,NYG,WAS,Jaxson Dart,00-0040691,QB,car,6.832,2.0,4.0,6.0,9.0,12.0
2025_15_WAS_NYG,NYG,WAS,Jaxson Dart,00-0040691,QB,rush_yds,33.287,4.853,13.74,28.016,46.655,67.983
2025_15_WAS_NYG,NYG,WAS,Jaxson Dart,00-0040691,QB,tgt,0.0,0.0,0.0,0.0,0.0,0.0
2025_15_WAS_NYG,NYG,WAS,Jaxson Dart,00-0040691,QB,rec,0.0,0.0,0.0,0.0,0.0,0.0
2025_15_WAS_NYG,NYG,WAS,Jaxson Dart,00-0040691,QB,rec_yds,0.0,0.0,0.0,0.0,0.0,0.0
2025_15_WAS_NYG,NYG,WAS,Jaxson Dart,00-0040691,QB,anytime_td,0.431,0.0,0.0,0.0,1.0,1.0
2025_15_WAS_NYG,NYG,WAS,Isaiah Hodgins,00-0036165,WR,car,0.01,0.0,0.0,0.0,0.0,0.0
2025_15_WAS_NYG,NYG,WAS,Isaiah Hodgins,00-0036165,WR,rush_yds,0.072,0.0,0.0,0.0,0.0,0.0
2025_15_WAS_NYG,NYG,WAS,Isaiah Hodgins,00-0036165,WR,tgt,3.054,1.0,1.0,3.0,4.0,6.0
2025_15_WAS_NYG,NYG,WAS,Isaiah Hodgins,00-0036165,WR,rec,2.003,0.0,1.0,2.0,3.0,4.0
2025_15_WAS_NYG,NYG,WAS,Isaiah Hodgins,00-0036165,WR,rec_yds,24.842,0.0,5.758,18.285,36.776,59.157
2025_15_WAS_NYG,NYG,WAS,Isaiah Hodgins,00-0036165,WR,anytime_td,0.196,0.0,0.0,0.0,0.0,1.0
2025_15_WAS_NYG,NYG,WAS,Darius Slayton,00-0035535,WR,car,0.034,0.0,0.0,0.0,0.0,0.0
2025_15_WAS_NYG,NYG,WAS,Darius Slayton,00-0035535,WR,rush_yds,0.201,0.0,0.0,0.0,0.0,0.0
2025_15_WAS_NYG,NYG,WAS,Darius Slayton,00-0035535,WR,tgt,3.718,1.0,2.0,3.0,5.0,7.0
2025_15_WAS_NYG,NYG,WAS,Darius Slayton,00-0035535,WR,rec,2.461,0.0,1.0,2.0,4.0,5.0
2025_15_WAS_NYG,NYG,WAS,Darius Slayton,00-0035535,WR,rec_yds,34.805,0.0,10.752,26.801,52.128,77.48
2025_15_WAS_NYG,NYG,WAS,Darius Slayton,00-0035535,WR,anytime_td,0.171,0.0,0.0,0.0,0.0,1.0
2025_15_WAS_NYG,NYG,WAS,Theo Johnson,00-0039847,TE,car,0.003,0.0,0.0,0.0,0.0,0.0
2025_15_WAS_NYG,NYG,WAS,Theo Johnson,00-0039847,TE,rush_yds,0.012,0.0,0.0,0.0,0.0,0.0
2025_15_WAS_NYG,NYG,WAS,Theo Johnson,00-0039847,TE,tgt,5.499,2.0,3.0,5.0,7.0,9.0
2025_15_WAS_NYG,NYG,WAS,Theo Johnson,00-0039847,TE,rec,3.798,1.0,2.0,3.0,5.0,7.0
2025_15_WAS_NYG,NYG,WAS,Theo Johnson,00-0039847,TE,rec_yds,41.958,8.35,19.772,36.715,58.505,82.134
2025_15_WAS_NYG,NYG,WAS,Theo Johnson,00-0039847,TE,anytime_td,0.271,0.0,0.0,0.0,1.0,1.0
2025_15_WAS_NYG,NYG,WAS,Tyrone Tracy Jr.,00-0039384,RB,car,13.037,6.0,9.0,12.0,17.0,21.0
2025_15_WAS_NYG,NYG,WAS,Tyrone Tracy Jr.,00-0039384,RB,rush_yds,58.957,17.886,30.537,51.007,79.426,112.059
2025_15_WAS_NYG,NYG,WAS,Tyrone Tracy Jr.,00-0039384,RB,tgt,2.65,0.0,1.0,2.0,4.0,5.0
2025_15_WAS_NYG,NYG,WAS,Tyrone Tracy Jr.,00-0039384,RB,rec,2.137,0.0,1.0,2.0,3.0,4.0
2025_15_WAS_NYG,NYG,WAS,Tyrone Tracy Jr.,00-0039384,RB,rec_yds,17.901,0.0,3.029,12.337,26.945,43.214
2025_15_WAS_NYG,NYG,WAS,Tyrone Tracy Jr.,00-0039384,RB,anytime_td,0.182,0.0,0.0,0.0,0.0,1.0
2025_15_WAS_NYG,NYG,WAS,Daniel Bellinger,00-0038115,TE,car,0.002,0.0,0.0,0.0,0.0,0.0
2025_15_WAS_NYG,NYG,WAS,Daniel Bellinger,00-0038115,TE,rush_yds,0.003,0.0,0.0,0.0,0.0,0.0
2025_15_WAS_NYG,NYG,WAS,Daniel Bellinger,00-0038115,TE,tgt,1.39,0.0,0.0,1.0,2.0,3.0
2025_15_WAS_NYG,NYG,WAS,Daniel Bellinger,00-0038115,TE,rec,1.005,0.0,0.0,1.0,2.0,3.0
2025_15_WAS_NYG,NYG,WAS,Daniel Bellinger,00-0038115,TE,rec_yds,11.656,0.0,0.0,5.247,18.004,33.05
2025_15_WAS_NYG,NYG,WAS,Daniel Bellinger,00-0038115,TE,anytime_td,0.074,0.0,0.0,0.0,0.0,0.0
2025_15_WAS_NYG,NYG,WAS,Devin Singletary,00-0035250,RB,car,9.239,3.0,5.0,9.0,12.0,16.0
2025_15_WAS_NYG,NYG,WAS,Devin Singletary,00-0035250,RB,rush_yds,41.305,7.825,17.794,34.167,56.928,84.455
2025_15_WAS_NYG,NYG,WAS,Devin Singletary,00-0035250,RB,tgt,1.273,0.0,0.0,1.0,2.0,3.0
2025_15_WAS_NYG,NYG,WAS,Devin Singletary,00-0035250,RB,rec,1.07,0.0,0.0,1.0,2.0,3.0
2025_15_WAS_NYG,NYG,WAS,Devin Singletary,00-0035250,RB,rec_yds,8.944,0.0,0.0,2.375,13.291,26.87
2025_15_WAS_NYG,NYG,WAS,Devin Singletary,00-0035250,RB,anytime_td,0.255,0.0,0.0,0.0,1.0,1.0
2025_15_WAS_NYG,NYG,WAS,Jalin Hyatt,00-0038938,WR,car,0.01,0.0,0.0,0.0,0.0,0.0
2025_15_WAS_NYG,NYG,WAS,Jalin Hyatt,00-0038938,WR,rush_yds,0.066,0.0,0.0,0.0,0.0,0.0
2025_15_WAS_NYG,NYG,WAS,Jalin Hyatt,00-0038938,WR,tgt,2.113,0.0,1.0,2.0,3.0,4.0
2025_15_WAS_NYG,NYG,WAS,Jalin Hyatt,00-0038938,WR,rec,1.271,0.0,0.0,1.0,2.0,3.0
2025_15_WAS_NYG,NYG,WAS,Jalin Hyatt,00-0038938,WR,rec_yds,15.594,0.0,0.0,9.408,23.671,42.132
2025_15_WAS_NYG,NYG,WAS,Jalin Hyatt,00-0038938,WR,anytime_td,0.04,0.0,0.0,0.0,0.0,0.0
2025_15_WAS_NYG,WAS,NYG,Marcus Mariota,00-0032268,QB,att,30.477,20.0,26.0,31.0,36.0,41.0
2025_15_WAS_NYG,WAS,NYG,Marcus Mariota,00-0032268,QB,cmp,19.685,12.0,16.0,20.0,24.0,27.0
2025_15_WAS_NYG,WAS,NYG,Marcus Mariota,00-0032268,QB,pass_yds,217.293,130.205,175.23,218.472,264.534,310.055
2025_15_WAS_NYG,WAS,NYG,Marcus Mariota,00-0032268,QB,pass_td,1.351,0.0,1.0,1.0,2.0,3.0
2025_15_WAS_NYG,WAS,NYG,Marcus Mariota,00-0032268,QB,ints,0.706,0.0,0.0,0.0,1.0,2.0
2025_15_WAS_NYG,WAS,NYG,Marcus Mariota,00-0032268,QB,car,6.191,2.0,3.0,6.0,8.0,11.0
2025_15_WAS_NYG,WAS,NYG,Marcus Mariota,00-0032268,QB,rush_yds,30.844,3.217,12.219,25.869,43.86,64.807
2025_15_WAS_NYG,WAS,NYG,Marcus Mariota,00-0032268,QB,tgt,0.0,0.0,0.0,0.0,0.0,0.0
2025_15_WAS_NYG,WAS,NYG,Marcus Mariota,00-0032268,QB,rec,0.0,0.0,0.0,0.0,0.0,0.0
2025_15_WAS_NYG,WAS,NYG,Marcus Mariota,00-0032268,QB,rec_yds,0.001,0.0,0.0,0.0,0.0,0.0
2025_15_WAS_NYG,WAS,NYG,Marcus Mariota,00-0032268,QB,anytime_td,0.095,0.0,0.0,0.0,0.0,0.0
2025_15_WAS_NYG,WAS,NYG,Terry McLaurin,00-0035659,WR,car,0.027,0.0,0.0,0.0,0.0,0.0
2025_15_WAS_NYG,WAS,NYG,Terry McLaurin,00-0035659,WR,rush_yds,0.175,0.0,0.0,0.0,0.0,0.0
2025_15_WAS_NYG,WAS,NYG,Terry McLaurin,00-0035659,WR,tgt,7.819,4.0,5.0,7.0,10.0,12.0
2025_15_WAS_NYG,WAS,NYG,Terry McLaurin,00-0035659,WR,rec,4.867,2.0,3.0,5.0,6.0,8.0
2025_15_WAS_NYG,WAS,NYG,Terry McLaurin,00-0035659,WR,rec_yds,62.486,17.743,33.073,57.266,85.971,113.816
2025_15_WAS_NYG,WAS,NYG,Terry McLaurin,00-0035659,WR,anytime_td,0.366,0.0,0.0,0.0,1.0,1.0
2025_15_WAS_NYG,WAS,NYG,John Bates,00-0036628,TE,car,0.003,0.0,0.0,0.0,0.0,0.0
2025_15_WAS_NYG,WAS,NYG,John Bates,00-0036628,TE,rush_yds,0.006,0.0,0.0,0.0,0.0,0.0
2025_15_WAS_NYG,WAS,NYG,John Bates,00-0036628,TE,tgt,1.405,0.0,0.0,1.0,2.0,3.0
2025_15_WAS_NYG,WAS,NYG,John Bates,00-0036628,TE,rec,1.029,0.0,0.0,1.0,2.0,3.0
2025_15_WAS_NYG,WAS,NYG,John Bates,00-0036628,TE,rec_yds,9.832,0.0,0.0,4.682,14.923,28.658
2025_15_WAS_NYG,WAS,NYG,John Bates,00-0036628,TE,anytime_td,0.027,0.0,0.0,0.0,0.0,0.0
2025_15_WAS_NYG,WAS,NYG,Deebo Samuel Sr.,00-0035719,WR,car,1.569,0.0,0.0,1.0,2.0,4.0
2025_15_WAS_NYG,WAS,NYG,Deebo Samuel Sr.,00-0035719,WR,rush_yds,8.962,0.0,0.0,0.0,12.31,29.328
2025_15_WAS_NYG,WAS,NYG,Deebo Samuel Sr.,00-0035719,WR,tgt,8.022,4.0,5.0,8.0,10.0,13.0
2025_15_WAS_NYG,WAS,NYG,Deebo Samuel Sr.,00-0035719,WR,rec,5.731,2.0,4.0,5.0,8.0,9.0
2025_15_WAS_NYG,WAS,NYG,Deebo Samuel Sr.,00-0035719,WR,rec_yds,60.301,19.087,34.059,55.54,80.243,108.287
2025_15_WAS_NYG,WAS,NYG,Deebo Samuel Sr.,00-0035719,WR,anytime_td,0.369,0.0,0.0,0.0,1.0,1.0
2025_15_WAS_NYG,WAS,NYG,Ben Sinnott,00-0039912,TE,car,0.003,0.0,0.0,0.0,0.0,0.0
2025_15_WAS_NYG,WAS,NYG,Ben Sinnott,00-0039912,TE,rush_yds,0.006,0.0,0.0,0.0,0.0,0.0
2025_15_WAS_NYG,WAS,NYG,Ben Sinnott,00-0039912,TE,tgt,0.545,0.0,0.0,0.0,1.0,2.0
2025_15_WAS_NYG,WAS,NYG,Ben Sinnott,00-0039912,TE,rec,0.405,0.0,0.0,0.0,1.0,1.0
2025_15_WAS_NYG,WAS,NYG,Ben Sinnott,00-0039912,TE,rec_yds,3.915,0.0,0.0,0.0,3.866,14.501
2025_15_WAS_NYG,WAS,NYG,Ben Sinnott,00-0039912,TE,anytime_td,0.062,0.0,0.0,0.0,0.0,0.0
2025_15_WAS_NYG,WAS,NYG,Jacory Croskey-Merritt,00-0040242,RB,car,13.768,6.0,9.0,13.0,17.0,22.0
2025_15_WAS_NYG,WAS,NYG,Jacory Croskey-Merritt,00-0040242,RB,rush_yds,62.319,19.996,33.874,55.605,83.024,113.704
2025_15_WAS_NYG,WAS,NYG,Jacory Croskey-Merritt,00-0040242,RB,tgt,1.06,0.0,0.0,1.0,2.0,3.0
2025_15_WAS_NYG,WAS,NYG,Jacory Croskey-Merritt,00-0040242,RB,rec,0.841,0.0,0.0,0.0,1.0,2.0
2025_15_WAS_NYG,WAS,NYG,Jacory Croskey-Merritt,00-0040242,RB,rec_yds,6.024,0.0,0.0,0.0,8.515,19.176
2025_15_WAS_NYG,WAS,NYG,Jacory Croskey-Merritt,00-0040242,RB,anytime_td,0.186,0.0,0.0,0.0,0.0,1.0
2025_15_WAS_NYG,WAS,NYG,Jeremy McNichols,00-0033955,RB,car,4.081,0.0,1.0,3.0,6.0,9.0
2025_15_WAS_NYG,WAS,NYG,Jeremy McNichols,00-0033955,RB,rush_yds,19.776,0.0,3.678,12.804,28.173,49.9
2025_15_WAS_NYG,WAS,NYG,Jeremy McNichols,00-0033955,RB,tgt,2.226,0.0,1.0,2.0,3.0,5.0
2025_15_WAS_NYG,WAS,NYG,Jeremy McNichols,00-0033955,RB,rec,1.808,0.0,1.0,1.0,3.0,4.0
2025_15_WAS_NYG,WAS,NYG,Jeremy McNichols,00-0033955,RB,rec_yds,12.53,0.0,0.0,7.966,18.515,32.232
2025_15_WAS_NYG,WAS,NYG,Jeremy McNichols,00-0033955,RB,anytime_td,0.087,0.0,0.0,0.0,0.0,0.0
2025_15_WAS_NYG,WAS,NYG,Jaylin Lane,00-0040164,WR,car,0.105,0.0,0.0,0.0,0.0,0.0
2025_15_WAS_NYG,WAS,NYG,Jaylin Lane,00-0040164,WR,rush_yds,0.631,0.0,0.0,0.0,0.0,0.0
2025_15_WAS_NYG,WAS,NYG,Jaylin Lane,00-0040164,WR,tgt,2.484,0.0,1.0,2.0,4.0,5.0
2025_15_WAS_NYG,WAS,NYG,Jaylin Lane,00-0040164,WR,rec,1.55,0.0,0.0,1.0,2.0,4.0
2025_15_WAS_NYG,WAS,NYG,Jaylin Lane,00-0040164,WR,rec_yds,19.472,0.0,0.0,12.098,29.519,50.819
2025_15_WAS_NYG,WAS,NYG,Jaylin Lane,00-0040164,WR,anytime_td,0.032,0.0,0.0,0.0,0.0,0.0
2025_15_WAS_NYG,WAS,NYG,Treylon Burks,00-0037742,WR,car,0.117,0.0,0.0,0.0,0.0,0.0
2025_15_WAS_NYG,WAS,NYG,Treylon Burks,00-0037742,WR,rush_yds,0.716,0.0,0.0,0.0,0.0,0.0
2025_15_WAS_NYG,WAS,NYG,Treylon Burks,00-0037742,WR,tgt,2.672,0.0,1.0,2.0,4.0,5.0
2025_15_WAS_NYG,WAS,NYG,Treylon Burks,00-0037742,WR,rec,1.692,0.0,1.0,1.0,2.0,4.0
2025_15_WAS_NYG,WAS,NYG,Treylon Burks,00-0037742,WR,rec_yds,20.749,0.0,1.564,14.354,30.827,51.686
2025_15_WAS_NYG,WAS,NYG,Treylon Burks,00-0037742,WR,anytime_td,0.183,0.0,0.0,0.0,0.0,1.0
2025_15_WAS_NYG,WAS,NYG,Noah Brown,00-0033591,WR,car,0.018,0.0,0.0,0.0,0.0,0.0
2025_15_WAS_NYG,WAS,NYG,Noah Brown,00-0033591,WR,rush_yds,0.116,0.0,0.0,0.0,0.0,0.0
2025_15_WAS_NYG,WAS,NYG,Noah Brown,00-0033591,WR,tgt,4.471,1.0,3.0,4.0,6.0,8.0
2025_15_WAS_NYG,WAS,NYG,Noah Brown,00-0033591,WR,rec,2.778,1.0,1.0,2.0,4.0,5.0
2025_15_WAS_NYG,WAS,NYG,Noah Brown,00-0033591,WR,rec_yds,33.601,0.902,11.968,27.686,48.688,72.396
2025_15_WAS_NYG,WAS,NYG,Noah Brown,00-0033591,WR,anytime_td,0.1,0.0,0.0,0.0,0.0,0.0
2025_15_WAS_NYG,WAS,NYG,Colson Yankoff,00-0039686,TE,car,0.004,0.0,0.0,0.0,0.0,0.0
2025_15_WAS_NYG,WAS,NYG,Colson Yankoff,00-0039686,TE,rush_yds,0.004,0.0,0.0,0.0,0.0,0.0
2025_15_WAS_NYG,WAS,NYG,Colson Yankoff,00-0039686,TE,tgt,0.573,0.0,0.0,0.0,1.0,2.0
2025_15_WAS_NYG,WAS,NYG,Colson Yankoff,00-0039686,TE,rec,0.418,0.0,0.0,0.0,1.0,1.0
2025_15_WAS_NYG,WAS,NYG,Colson Yankoff,00-0039686,TE,rec_yds,4.119,0.0,0.0,0.0,4.402,15.003
2025_15_WAS_NYG,WAS,NYG,Colson Yankoff,00-0039686,TE,anytime_td,0.006,0.0,0.0,0.0,0.0,0.0
2025_15_MIA_PIT,PIT,MIA,Aaron Rodgers,00-0023459,QB,att,29.727,20.0,25.0,30.0,35.0,40.0
2025_15_MIA_PIT,PIT,MIA,Aaron Rodgers,00-0023459,QB,cmp,19.555,12.0,16.0,20.0,24.0,27.0
2025_15_MIA_PIT,PIT,MIA,Aaron Rodgers,00-0023459,QB,pass_yds,213.267,127.703,170.46,213.338,259.143,303.746
2025_15_MIA_PIT,PIT,MIA,Aaron Rodgers,00-0023459,QB,pass_td,1.447,0.0,1.0,1.0,2.0,3.0
2025_15_MIA_PIT,PIT,MIA,Aaron Rodgers,00-0023459,QB,ints,0.651,0.0,0.0,0.0,1.0,2.0
2025_15_MIA_PIT,PIT,MIA,Aaron Rodgers,00-0023459,QB,car,1.976,0.0,1.0,2.0,3.0,4.0
2025_15_MIA_PIT,PIT,MIA,Aaron Rodgers,00-0023459,QB,rush_yds,6.045,-2.0,-1.0,0.941,9.998,19.752
2025_15_MIA_PIT,PIT,MIA,Aaron Rodgers,00-0023459,QB,tgt,0.0,0.0,0.0,0.0,0.0,0.0
2025_15_MIA_PIT,PIT,MIA,Aaron Rodgers,00-0023459,QB,rec,0.0,0.0,0.0,0.0,0.0,0.0
2025_15_MIA_PIT,PIT,MIA,Aaron Rodgers,00-0023459,QB,rec_yds,0.0,0.0,0.0,0.0,0.0,0.0
2025_15_MIA_PIT,PIT,MIA,Aaron Rodgers,00-0023459,QB,anytime_td,0.13,0.0,0.0,0.0,0.0,1.0
2025_15_MIA_PIT,PIT,MIA,DK Metcalf,00-0035640,WR,car,0.216,0.0,0.0,0.0,0.0,1.0
2025_15_MIA_PIT,PIT,MIA,DK Metcalf,00-0035640,WR,rush_yds,1.237,0.0,0.0,0.0,0.0,0.0
2025_15_MIA_PIT,PIT,MIA,DK Metcalf,00-0035640,WR,tgt,6.753,3.0,4.0,7.0,9.0,11.0
2025_15_MIA_PIT,PIT,MIA,DK Metcalf,00-0035640,WR,rec,4.099,1.0,2.0,4.0,5.0,7.0
2025_15_MIA_PIT,PIT,MIA,DK Metcalf,00-0035640,WR,rec_yds,56.762,12.136,27.222,50.536,78.643,109.868
2025_15_MIA_PIT,PIT,MIA,DK Metcalf,00-0035640,WR,anytime_td,0.266,0.0,0.0,0.0,1.0,1.0
2025_15_MIA_PIT,PIT,MIA,Darnell Washington,00-0038558,TE,car,0.001,0.0,0.0,0.0,0.0,0.0
2025_15_MIA_PIT,PIT,MIA,Darnell Washington,00-0038558,TE,rush_yds,0.002,0.0,0.0,0.0,0.0,0.0
2025_15_MIA_PIT,PIT,MIA,Darnell Washington,00-0038558,TE,tgt,2.656,0.0,1.0,2.0,4.0,5.0
2025_15_MIA_PIT,PIT,MIA,Darnell Washington,00-0038558,TE,rec,1.889,0.0,1.0,2.0,3.0,4.0
2025_15_MIA_PIT,PIT,MIA,Darnell Washington,00-0038558,TE,rec_yds,21.919,0.0,4.143,15.8,33.007,52.002
2025_15_MIA_PIT,PIT,MIA,Darnell Washington,00-0038558,TE,anytime_td,0.091,0.0,0.0,0.0,0.0,0.0
2025_15_MIA_PIT,PIT,MIA,Adam Thielen,00-0030035,WR,car,0.017,0.0,0.0,0.0,0.0,0.0
2025_15_MIA_PIT,PIT,MIA,Adam Thielen,00-0030035,WR,rush_yds,0.095,0.0,0.0,0.0,0.0,0.0
2025_15_MIA_PIT,PIT,MIA,Adam Thielen,00-0030035,WR,tgt,1.606,0.0,0.0,1.0,2.0,4.0
2025_15_MIA_PIT,PIT,MIA,Adam Thielen,00-0030035,WR,rec,0.998,0.0,0.0,1.0,2.0,3.0
2025_15_MIA_PIT,PIT,MIA,Adam Thielen,00-0030035,WR,rec_yds,12.548,0.0,0.0,5.154,19.024,37.401
2025_15_MIA_PIT,PIT,MIA,Adam Thielen,00-0030035,WR,anytime_td,0.05,0.0,0.0,0.0,0.0,0.0
2025_15_MIA_PIT,PIT,MIA,Kenny Gainwell,00-0036919,RB,car,6.163,1.0,3.0,5.0,9.0,12.0
2025_15_MIA_PIT,PIT,MIA,Kenny Gainwell,00-0036919,RB,rush_yds,28.465,2.084,8.922,21.486,40.163,63.321
2025_15_MIA_PIT,PIT,MIA,Kenny Gainwell,00-0036919,RB,tgt,4.29,1.0,2.0,4.0,6.0,8.0
2025_15_MIA_PIT,PIT,MIA,Kenny Gainwell,00-0036919,RB,rec,3.495,1.0,2.0,3.0,5.0,6.0
2025_15_MIA_PIT,PIT,MIA,Kenny Gainwell,00-0036919,RB,rec_yds,25.113,1.774,9.177,20.459,35.76,53.901
2025_15_MIA_PIT,PIT,MIA,Kenny Gainwell,00-0036919,RB,anytime_td,0.395,0.0,0.0,0.0,1.0,1.0
2025_15_MIA_PIT,PIT,MIA,Marquez Valdes-Scantling,00-0034272,WR,car,0.029,0.0,0.0,0.0,0.0,0.0
2025_15_MIA_PIT,PIT,MIA,Marquez Valdes-Scantling,00-0034272,WR,rush_yds,0.135,0.0,0.0,0.0,0.0,0.0
2025_15_MIA_PIT,PIT,MIA,Marquez Valdes-Scantling,00-0034272,WR,tgt,1.529,0.0,0.0,1.0,2.0,4.0
2025_15_MIA_PIT,PIT,MIA,Marquez Valdes-Scantling,00-0034272,WR,rec,0.927,0.0,0.0,1.0,1.0,2.0
2025_15_MIA_PIT,PIT,MIA,Marquez Valdes-Scantling,00-0034272,WR,rec_yds,12.284,0.0,0.0,4.845,18.782,36.72
2025_15_MIA_PIT,PIT,MIA,Marquez Valdes-Scantling,00-0034272,WR,anytime_td,0.057,0.0,0.0,0.0,0.0,0.0
2025_15_MIA_PIT,PIT,MIA,Jaylen Warren,00-0037228,RB,car,13.126,6.0,9.0,13.0,17.0,21.0
2025_15_MIA_PIT,PIT,MIA,Jaylen Warren,00-0037228,RB,rush_yds,54.545,17.541,29.976,48.274,72.026,99.394
2025_15_MIA_PIT,PIT,MIA,Jaylen Warren,00-0037228,RB,tgt,2.589,0.0,1.0,2.0,4.0,5.0
2025_15_MIA_PIT,PIT,MIA,Jaylen Warren,00-0037228,RB,rec,2.057,0.0,1.0,2.0,3.0,4.0
2025_15_MIA_PIT,PIT,MIA,Jaylen Warren,00-0037228,RB,rec_yds,16.768,0.0,2.041,11.267,24.982,41.581
2025_15_MIA_PIT,PIT,MIA,Jaylen Warren,00-0037228,RB,anytime_td,0.452,0.0,0.0,0.0,1.0,1.0
2025_15_MIA_PIT,PIT,MIA,Pat Freiermuth,00-0036894,TE,car,0.001,0.0,0.0,0.0,0.0,0.0
2025_15_MIA_PIT,PIT,MIA,Pat Freiermuth,00-0036894,TE,rush_yds,0.002,0.0,0.0,0.0,0.0,0.0
2025_15_MIA_PIT,PIT,MIA,Pat Freiermuth,00-0036894,TE,tgt,2.704,0.0,1.0,2.0,4.0,5.0
2025_15_MIA_PIT,PIT,MIA,Pat Freiermuth,00-0036894,TE,rec,2.012,0.0,1.0,2.0,3.0,4.0
2025_15_MIA_PIT,PIT,MIA,Pat Freiermuth,00-0036894,TE,rec_yds,21.57,0.0,4.945,16.34,32.529,50.466
2025_15_MIA_PIT,PIT,MIA,Pat Freiermuth,00-0036894,TE,anytime_td,0.234,0.0,0.0,0.0,0.0,1.0
2025_15_MIA_PIT,PIT,MIA,Jonnu Smith,00-0033858,TE,car,0.301,0.0,0.0,0.0,0.0,1.0
2025_15_MIA_PIT,PIT,MIA,Jonnu Smith,00-0033858,TE,rush_yds,0.743,0.0,0.0,0.0,0.0,1.471
2025_15_MIA_PIT,PIT,MIA,Jonnu Smith,00-0033858,TE,tgt,3.071,1.0,1.0,3.0,4.0,6.0
2025_15_MIA_PIT,PIT,MIA,Jonnu Smith,00-0033858,TE,rec,2.113,0.0,1.0,2.0,3.0,4.0
2025_15_MIA_PIT,PIT,MIA,Jonnu Smith,00-0033858,TE,rec_yds,20.449,0.0,4.952,15.505,31.135,48.054
2025_15_MIA_PIT,PIT,MIA,Jonnu Smith,00-0033858,TE,anytime_td,0.136,0.0,0.0,0.0,0.0,1.0
2025_15_MIA_PIT,PIT,MIA,Calvin Austin III,00-0037837,WR,car,0.006,0.0,0.0,0.0,0.0,0.0
2025_15_MIA_PIT,PIT,MIA,Calvin Austin III,00-0037837,WR,rush_yds,0.022,0.0,0.0,0.0,0.0,0.0
2025_15_MIA_PIT,PIT,MIA,Calvin Austin III,00-0037837,WR,tgt,3.64,1.0,2.0,3.0,5.0,7.0
2025_15_MIA_PIT,PIT,MIA,Calvin Austin III,00-0037837,WR,rec,2.208,0.0,1.0,2.0,3.0,4.0
2025_15_MIA_PIT,PIT,MIA,Calvin Austin III,00-0037837,WR,rec_yds,28.52,0.0,8.282,22.17,41.768,64.055
2025_15_MIA_PIT,PIT,MIA,Calvin Austin III,00-0037837,WR,anytime_td,0.124,0.0,0.0,0.0,0.0,1.0
2025_15_MIA_PIT,PIT,MIA,Connor Heyward,00-0037304,RB,car,0.851,0.0,0.0,0.0,1.0,3.0
2025_15_MIA_PIT,PIT,MIA,Connor Heyward,00-0037304,RB,rush_yds,3.616,0.0,0.0,0.0,3.082,12.194
2025_15_MIA_PIT,PIT,MIA,Connor Heyward,00-0037304,RB,tgt,0.225,0.0,0.0,0.0,0.0,1.0
2025_15_MIA_PIT,PIT,MIA,Connor Heyward,00-0037304,RB,rec,0.17,0.0,0.0,0.0,0.0,1.0
2025_15_MIA_PIT,PIT,MIA,Connor Heyward,00-0037304,RB,rec_yds,1.228,0.0,0.0,0.0,0.0,2.843
2025_15_MIA_PIT,PIT,MIA,Connor Heyward,00-0037304,RB,anytime_td,0.038,0.0,0.0,0.0,0.0,0.0
2025_15_MIA_PIT,PIT,MIA,Ben Skowronek,00-0036862,WR,car,0.012,0.0,0.0,0.0,0.0,0.0
2025_15_MIA_PIT,PIT,MIA,Ben Skowronek,00-0036862,WR,rush_yds,0.072,0.0,0.0,0.0,0.0,0.0
2025_15_MIA_PIT,PIT,MIA,Ben Skowronek,00-0036862,WR,tgt,0.623,0.0,0.0,0.0,1.0,2.0
2025_15_MIA_PIT,PIT,MIA,Ben Skowronek,00-0036862,WR,rec,0.401,0.0,0.0,0.0,1.0,1.0
2025_15_MIA_PIT,PIT,MIA,Ben Skowronek,00-0036862,WR,rec_yds,5.413,0.0,0.0,0.0,4.89,19.56
2025_15_MIA_PIT,PIT,MIA,Ben Skowronek,00-0036862,WR,anytime_td,0.023,0.0,0.0,0.0,0.0,0.0
2025_15_MIA_PIT,PIT,MIA,Kaleb Johnson,00-0040142,RB,car,3.475,0.0,1.0,3.0,5.0,8.0
2025_15_MIA_PIT,PIT,MIA,Kaleb Johnson,00-0040142,RB,rush_yds,14.251,0.0,1.628,8.157,19.837,37.115
2025_15_MIA_PIT,PIT,MIA,Kaleb Johnson,00-0040142,RB,tgt,0.246,0.0,0.0,0.0,0.0,1.0
2025_15_MIA_PIT,PIT,MIA,Kaleb Johnson,00-0040142,RB,rec,0.19,0.0,0.0,0.0,0.0,1.0
2025_15_MIA_PIT,PIT,MIA,Kaleb Johnson,00-0040142,RB,rec_yds,1.472,0.0,0.0,0.0,0.0,4.492
2025_15_MIA_PIT,PIT,MIA,Kaleb Johnson,00-0040142,RB,anytime_td,0.05,0.0,0.0,0.0,0.0,0.0
2025_15_MIA_PIT,MIA,PIT,Tua Tagovailoa,00-0036212,QB,att,29.225,20.0,25.0,30.0,35.0,39.0
2025_15_MIA_PIT,MIA,PIT,Tua Tagovailoa,00-0036212,QB,cmp,18.608,12.0,15.0,19.0,22.0,26.0
2025_15_MIA_PIT,MIA,PIT,Tua Tagovailoa,00-0036212,QB,pass_yds,199.83,120.921,158.188,198.882,242.044,286.264
2025_15_MIA_PIT,MIA,PIT,Tua Tagovailoa,00-0036212,QB,pass_td,1.09,0.0,0.0,1.0,2.0,2.0
2025_15_MIA_PIT,MIA,PIT,Tua Tagovailoa,00-0036212,QB,ints,0.75,0.0,0.0,1.0,1.0,2.0
2025_15_MIA_PIT,MIA,PIT,Tua Tagovailoa,00-0036212,QB,car,1.901,0.0,1.0,1.0,3.0,4.0
2025_15_MIA_PIT,MIA,PIT,Tua Tagovailoa,00-0036212,QB,rush_yds,7.027,-1.0,0.0,2.727,11.182,21.432
2025_15_MIA_PIT,MIA,PIT,Tua Tagovailoa,00-0036212,QB,tgt,0.0,0.0,0.0,0.0,0.0,0.0
2025_15_MIA_PIT,MIA,PIT,Tua Tagovailoa,00-0036212,QB,rec,0.0,0.0,0.0,0.0,0.0,0.0
2025_15_MIA_PIT,MIA,PIT,Tua Tagovailoa,00-0036212,QB,rec_yds,0.0,0.0,0.0,0.0,0.0,0.0
2025_15_MIA_PIT,MIA,PIT,Tua Tagovailoa,00-0036212,QB,anytime_td,0.01,0.0,0.0,0.0,0.0,0.0
2025_15_MIA_PIT,MIA,PIT,Jaylen Waddle,00-0036613,WR,car,0.172,0.0,0.0,0.0,0.0,0.0
2025_15_MIA_PIT,MIA,PIT,Jaylen Waddle,00-0036613,WR,rush_yds,0.868,0.0,0.0,0.0,0.0,0.0
2025_15_MIA_PIT,MIA,PIT,Jaylen Waddle,00-0036613,WR,tgt,7.111,3.0,5.0,7.0,9.0,12.0
2025_15_MIA_PIT,MIA,PIT,Jaylen Waddle,00-0036613,WR,rec,4.336,2.0,3.0,4.0,6.0,8.0
2025_15_MIA_PIT,MIA,PIT,Jaylen Waddle,00-0036613,WR,rec_yds,58.727,14.573,30.27,52.639,80.716,110.298
2025_15_MIA_PIT,MIA,PIT,Jaylen Waddle,00-0036613,WR,anytime_td,0.278,0.0,0.0,0.0,1.0,1.0
2025_15_MIA_PIT,MIA,PIT,De'Von Achane,00-0039040,RB,car,13.865,6.0,9.0,13.0,18.0,22.0
2025_15_MIA_PIT,MIA,PIT,De'Von Achane,00-0039040,RB,rush_yds,68.042,21.605,37.114,60.387,90.496,124.094
2025_15_MIA_PIT,MIA,PIT,De'Von Achane,00-0039040,RB,tgt,4.978,2.0,3.0,5.0,7.0,9.0
2025_15_MIA_PIT,MIA,PIT,De'Von Achane,00-0039040,RB,rec,3.713,1.0,2.0,3.0,5.0,7.0
2025_15_MIA_PIT,MIA,PIT,De'Von Achane,00-0039040,RB,rec_yds,27.383,2.736,10.582,22.926,39.192,57.354
2025_15_MIA_PIT,MIA,PIT,De'Von Achane,00-0039040,RB,anytime_td,0.49,0.0,0.0,0.0,1.0,1.0
2025_15_MIA_PIT,MIA,PIT,Malik Washington,00-0039880,WR,car,0.619,0.0,0.0,0.0,1.0,2.0
2025_15_MIA_PIT,MIA,PIT,Malik Washington,00-0039880,WR,rush_yds,3.073,0.0,0.0,0.0,0.0,10.446
2025_15_MIA_PIT,MIA,PIT,Malik Washington,00-0039880,WR,tgt,4.47,1.0,3.0,4.0,6.0,8.0
2025_15_MIA_PIT,MIA,PIT,Malik Washington,00-0039880,WR,rec,2.916,1.0,1.0,3.0,4.0,6.0
2025_15_MIA_PIT,MIA,PIT,Malik Washington,00-0039880,WR,rec_yds,31.129,2.216,11.51,25.756,45.044,65.957
2025_15_MIA_PIT,MIA,PIT,Malik Washington,00-0039880,WR,anytime_td,0.154,0.0,0.0,0.0,0.0,1.0
2025_15_MIA_PIT,MIA,PIT,Darren Waller,00-0031610,TE,car,0.171,0.0,0.0,0.0,0.0,0.0
2025_15_MIA_PIT,MIA,PIT,Darren Waller,00-0031610,TE,rush_yds,0.359,0.0,0.0,0.0,0.0,0.0
2025_15_MIA_PIT,MIA,PIT,Darren Waller,00-0031610,TE,tgt,3.449,1.0,2.0,3.0,5.0,6.0
2025_15_MIA_PIT,MIA,PIT,Darren Waller,00-0031610,TE,rec,2.369,0.0,1.0,2.0,3.0,5.0
2025_15_MIA_PIT,MIA,PIT,Darren Waller,00-0031610,TE,rec_yds,26.411,0.0,8.318,20.954,39.113,58.917
2025_15_MIA_PIT,MIA,PIT,Darren Waller,00-0031610,TE,anytime_td,0.256,0.0,0.0,0.0,1.0,1.0
2025_15_MIA_PIT,MIA,PIT,Julian Hill,00-0038720,TE,car,0.004,0.0,0.0,0.0,0.0,0.0
2025_15_MIA_PIT,MIA,PIT,Julian Hill,00-0038720,TE,rush_yds,0.005,0.0,0.0,0.0,0.0,0.0
2025_15_MIA_PIT,MIA,PIT,Julian Hill,00-0038720,TE,tgt,1.512,0.0,0.0,1.0,2.0,4.0
2025_15_MIA_PIT,MIA,PIT,Julian Hill,00-0038720,TE,rec,1.018,0.0,0.0,1.0,2.0,3.0
2025_15_MIA_PIT,MIA,PIT,Julian Hill,00-0038720,TE,rec_yds,10.088,0.0,0.0,4.846,15.368,29.159
2025_15_MIA_PIT,MIA,PIT,Julian Hill,00-0038720,TE,anytime_td,0.015,0.0,0.0,0.0,0.0,0.0
2025_15_MIA_PIT,MIA,PIT,Greg Dulcich,00-0037252,TE,car,0.001,0.0,0.0,0.0,0.0,0.0
2025_15_MIA_PIT,MIA,PIT,Greg Dulcich,00-0037252,TE,rush_yds,0.003,0.0,0.0,0.0,0.0,0.0
2025_15_MIA_PIT,MIA,PIT,Greg Dulcich,00-0037252,TE,tgt,3.088,1.0,2.0,3.0,4.0,6.0
2025_15_MIA_PIT,MIA,PIT,Greg Dulcich,00-0037252,TE,rec,2.117,0.0,1.0,2.0,3.0,4.0
2025_15_MIA_PIT,MIA,PIT,Greg Dulcich,00-0037252,TE,rec_yds,23.424,0.0,6.671,17.883,35.031,54.379
2025_15_MIA_PIT,MIA,PIT,Greg Dulcich,00-0037252,TE,anytime_td,0.061,0.0,0.0,0.0,0.0,0.0
2025_15_MIA_PIT,MIA,PIT,Nick Westbrook-Ikhine,00-0036182,WR,car,0.007,0.0,0.0,0.0,0.0,0.0
2025_15_MIA_PIT,MIA,PIT,Nick Westbrook-Ikhine,00-0036182,WR,rush_yds,0.03,0.0,0.0,0.0,0.0,0.0
2025_15_MIA_PIT,MIA,PIT,Nick Westbrook-Ikhine,00-0036182,WR,tgt,1.598,0.0,0.0,1.0,2.0,4.0
2025_15_MIA_PIT,MIA,PIT,Nick Westbrook-Ikhine,00-0036182,WR,rec,0.947,0.0,0.0,1.0,1.0,2.0
2025_15_MIA_PIT,MIA,PIT,Nick Westbrook-Ikhine,00-0036182,WR,rec_yds,11.534,0.0,0.0,4.305,17.167,34.224
2025_15_MIA_PIT,MIA,PIT,Nick Westbrook-Ikhine,00-0036182,WR,anytime_td,0.036,0.0,0.0,0.0,0.0,0.0
2025_15_MIA_PIT,MIA,PIT,Cedrick Wilson Jr.,00-0034418,WR,car,0.006,0.0,0.0,0.0,0.0,0.0
2025_15_MIA_PIT,MIA,PIT,Cedrick Wilson Jr.,00-0034418,WR,rush_yds,0.025,0.0,0.0,0.0,0.0,0.0
2025_15_MIA_PIT,MIA,PIT,Cedrick Wilson Jr.,00-0034418,WR,tgt,1.148,0.0,0.0,1.0,2.0,3.0
2025_15_MIA_PIT,MIA,PIT,Cedrick Wilson Jr.,00-0034418,WR,rec,0.687,0.0,0.0,0.0,1.0,2.0
2025_15_MIA_PIT,MIA,PIT,Cedrick Wilson Jr.,00-0034418,WR,rec_yds,8.8,0.0,0.0,0.0,12.661,28.883
2025_15_MIA_PIT,MIA,PIT,Cedrick Wilson Jr.,00-0034418,WR,anytime_td,0.019,0.0,0.0,0.0,0.0,0.0
2025_15_MIA_PIT,MIA,PIT,Dee Eskridge,00-0036620,WR,car,0.014,0.0,0.0,0.0,0.0,0.0
2025_15_MIA_PIT,MIA,PIT,Dee Eskridge,00-0036620,WR,rush_yds,0.067,0.0,0.0,0.0,0.0,0.0
2025_15_MIA_PIT,MIA,PIT,Dee Eskridge,00-0036620,WR,tgt,0.664,0.0,0.0,0.0,1.0,2.0
2025_15_MIA_PIT,MIA,PIT,Dee Eskridge,00-0036620,WR,rec,0.404,0.0,0.0,0.0,1.0,1.0
2025_15_MIA_PIT,MIA,PIT,Dee Eskridge,00-0036620,WR,rec_yds,5.489,0.0,0.0,0.0,5.295,20.239
2025_15_MIA_PIT,MIA,PIT,Dee Eskridge,00-0036620,WR,anytime_td,0.006,0.0,0.0,0.0,0.0,0.0
2025_15_MIA_PIT,MIA,PIT,Ollie Gordon II,00-0040198,RB,car,4.206,0.0,1.0,3.0,6.0,9.0
2025_15_MIA_PIT,MIA,PIT,Ollie Gordon II,00-0040198,RB,rush_yds,15.733,0.0,2.591,9.965,22.773,39.273
2025_15_MIA_PIT,MIA,PIT,Ollie Gordon II,00-0040198,RB,tgt,0.551,0.0,0.0,0.0,1.0,2.0
2025_15_MIA_PIT,MIA,PIT,Ollie Gordon II,00-0040198,RB,rec,0.411,0.0,0.0,0.0,1.0,1.0
2025_15_MIA_PIT,MIA,PIT,Ollie Gordon II,00-0040198,RB,rec_yds,3.022,0.0,0.0,0.0,1.852,11.217
2025_15_MIA_PIT,MIA,PIT,Ollie Gordon II,00-0040198,RB,anytime_td,0.22,0.0,0.0,0.0,0.0,1.0
2025_15_MIA_PIT,MIA,PIT,Jaylen Wright,00-0039874,RB,car,6.21,1.0,3.0,5.0,9.0,13.0
2025_15_MIA_PIT,MIA,PIT,Jaylen Wright,00-0039874,RB,rush_yds,24.02,1.743,7.278,17.943,34.742,54.65
2025_15_MIA_PIT,MIA,PIT,Jaylen Wright,00-0039874,RB,tgt,0.822,0.0,0.0,0.0,1.0,2.0
2025_15_MIA_PIT,MIA,PIT,Jaylen Wright,00-0039874,RB,rec,0.574,0.0,0.0,0.0,1.0,2.0
2025_15_MIA_PIT,MIA,PIT,Jaylen Wright,00-0039874,RB,rec_yds,4.293,0.0,0.0,0.0,5.356,14.605
2025_15_MIA_PIT,MIA,PIT,Jaylen Wright,00-0039874,RB,anytime_td,0.163,0.0,0.0,0.0,0.0,1.0
