game_id,team,opp,player,player_id,pos,stat,mean,p10,p25,median,p75,p90
2025_13_CIN_BAL,BAL,CIN,Lamar Jackson,00-0034796,QB,att,27.398,18.0,23.0,28.0,33.0,38.0
2025_13_CIN_BAL,BAL,CIN,Lamar Jackson,00-0034796,QB,cmp,19.132,12.0,16.0,19.0,23.0,27.0
2025_13_CIN_BAL,BAL,CIN,Lamar Jackson,00-0034796,QB,pass_yds,232.246,137.177,184.247,232.019,283.008,332.556
2025_13_CIN_BAL,BAL,CIN,Lamar Jackson,00-0034796,QB,pass_td,1.791,0.0,1.0,2.0,3.0,3.0
2025_13_CIN_BAL,BAL,CIN,Lamar Jackson,00-0034796,QB,ints,0.525,0.0,0.0,0.0,1.0,2.0
2025_13_CIN_BAL,BAL,CIN,Lamar Jackson,00-0034796,QB,car,6.152,2.0,4.0,6.0,8.0,11.0
2025_13_CIN_BAL,BAL,CIN,Lamar Jackson,00-0034796,QB,rush_yds,29.247,3.528,11.708,24.728,41.22,61.046
2025_13_CIN_BAL,BAL,CIN,Lamar Jackson,00-0034796,QB,tgt,0.0,0.0,0.0,0.0,0.0,0.0
2025_13_CIN_BAL,BAL,CIN,Lamar Jackson,00-0034796,QB,rec,0.0,0.0,0.0,0.0,0.0,0.0
2025_13_CIN_BAL,BAL,CIN,Lamar Jackson,00-0034796,QB,rec_yds,0.0,0.0,0.0,0.0,0.0,0.0
2025_13_CIN_BAL,BAL,CIN,Lamar Jackson,00-0034796,QB,anytime_td,0.192,0.0,0.0,0.0,0.0,1.0
2025_13_CIN_BAL,BAL,CIN,Zay Flowers,00-0039064,WR,car,0.791,0.0,0.0,0.0,1.0,3.0
2025_13_CIN_BAL,BAL,CIN,Zay Flowers,00-0039064,WR,rush_yds,5.275,0.0,0.0,0.0,2.384,19.289
2025_13_CIN_BAL,BAL,CIN,Zay Flowers,00-0039064,WR,tgt,7.143,3.0,5.0,7.0,9.0,12.0
2025_13_CIN_BAL,BAL,CIN,Zay Flowers,00-0039064,WR,rec,5.25,2.0,3.0,5.0,7.0,9.0
2025_13_CIN_BAL,BAL,CIN,Zay Flowers,00-0039064,WR,rec_yds,74.668,21.001,39.691,68.151,100.648,137.565
2025_13_CIN_BAL,BAL,CIN,Zay Flowers,00-0039064,WR,anytime_td,0.198,0.0,0.0,0.0,0.0,1.0
2025_13_CIN_BAL,BAL,CIN,Rashod Bateman,00-0036550,WR,car,0.007,0.0,0.0,0.0,0.0,0.0
2025_13_CIN_BAL,BAL,CIN,Rashod Bateman,00-0036550,WR,rush_yds,0.031,0.0,0.0,0.0,0.0,0.0
2025_13_CIN_BAL,BAL,CIN,Rashod Bateman,00-0036550,WR,tgt,3.542,1.0,2.0,3.0,5.0,7.0
2025_13_CIN_BAL,BAL,CIN,Rashod Bateman,00-0036550,WR,rec,2.266,0.0,1.0,2.0,3.0,5.0
2025_13_CIN_BAL,BAL,CIN,Rashod Bateman,00-0036550,WR,rec_yds,31.697,0.0,8.564,24.657,46.719,73.404
2025_13_CIN_BAL,BAL,CIN,Rashod Bateman,00-0036550,WR,anytime_td,0.252,0.0,0.0,0.0,1.0,1.0
2025_13_CIN_BAL,BAL,CIN,Mark Andrews,00-0034753,TE,car,0.932,0.0,0.0,0.0,1.0,3.0
2025_13_CIN_BAL,BAL,CIN,Mark Andrews,00-0034753,TE,rush_yds,2.844,0.0,0.0,0.0,2.227,9.635
2025_13_CIN_BAL,BAL,CIN,Mark Andrews,00-0034753,TE,tgt,5.024,2.0,3.0,5.0,7.0,9.0
2025_13_CIN_BAL,BAL,CIN,Mark Andrews,00-0034753,TE,rec,3.738,1.0,2.0,3.0,5.0,7.0
2025_13_CIN_BAL,BAL,CIN,Mark Andrews,00-0034753,TE,rec_yds,39.932,7.29,18.222,34.931,56.607,79.329
2025_13_CIN_BAL,BAL,CIN,Mark Andrews,00-0034753,TE,anytime_td,0.495,0.0,0.0,0.0,1.0,1.0
2025_13_CIN_BAL,BAL,CIN,Isaiah Likely,00-0037838,TE,car,0.003,0.0,0.0,0.0,0.0,0.0
2025_13_CIN_BAL,BAL,CIN,Isaiah Likely,00-0037838,TE,rush_yds,0.009,0.0,0.0,0.0,0.0,0.0
2025_13_CIN_BAL,BAL,CIN,Isaiah Likely,00-0037838,TE,tgt,3.401,1.0,2.0,3.0,5.0,6.0
2025_13_CIN_BAL,BAL,CIN,Isaiah Likely,00-0037838,TE,rec,2.523,0.0,1.0,2.0,4.0,5.0
2025_13_CIN_BAL,BAL,CIN,Isaiah Likely,00-0037838,TE,rec_yds,28.775,0.0,9.318,22.875,42.558,64.174
2025_13_CIN_BAL,BAL,CIN,Isaiah Likely,00-0037838,TE,anytime_td,0.16,0.0,0.0,0.0,0.0,1.0
2025_13_CIN_BAL,BAL,CIN,Rasheen Ali,00-0039796,RB,car,0.863,0.0,0.0,0.0,1.0,3.0
2025_13_CIN_BAL,BAL,CIN,Rasheen Ali,00-0039796,RB,rush_yds,4.016,0.0,0.0,0.0,3.081,13.02
2025_13_CIN_BAL,BAL,CIN,Rasheen Ali,00-0039796,RB,tgt,0.47,0.0,0.0,0.0,1.0,2.0
2025_13_CIN_BAL,BAL,CIN,Rasheen Ali,00-0039796,RB,rec,0.383,0.0,0.0,0.0,1.0,1.0
2025_13_CIN_BAL,BAL,CIN,Rasheen Ali,00-0039796,RB,rec_yds,3.166,0.0,0.0,0.0,0.0,11.934
2025_13_CIN_BAL,BAL,CIN,Rasheen Ali,00-0039796,RB,anytime_td,0.026,0.0,0.0,0.0,0.0,0.0
2025_13_CIN_BAL,BAL,CIN,Derrick Henry,00-0032764,RB,car,17.97,10.0,13.0,18.0,22.0,27.0
2025_13_CIN_BAL,BAL,CIN,Derrick Henry,00-0032764,RB,rush_yds,92.595,36.768,56.668,84.891,120.621,158.862
2025_13_CIN_BAL,BAL,CIN,Derrick Henry,00-0032764,RB,tgt,1.964,0.0,1.0,2.0,3.0,4.0
2025_13_CIN_BAL,BAL,CIN,Derrick Henry,00-0032764,RB,rec,1.647,0.0,0.0,1.0,2.0,4.0
2025_13_CIN_BAL,BAL,CIN,Derrick Henry,00-0032764,RB,rec_yds,13.442,0.0,0.0,8.487,20.335,36.212
2025_13_CIN_BAL,BAL,CIN,Derrick Henry,00-0032764,RB,anytime_td,0.65,0.0,0.0,1.0,1.0,1.0
2025_13_CIN_BAL,BAL,CIN,DeAndre Hopkins,00-0030564,WR,car,0.01,0.0,0.0,0.0,0.0,0.0
2025_13_CIN_BAL,BAL,CIN,DeAndre Hopkins,00-0030564,WR,rush_yds,0.06,0.0,0.0,0.0,0.0,0.0
2025_13_CIN_BAL,BAL,CIN,DeAndre Hopkins,00-0030564,WR,tgt,2.981,1.0,1.0,3.0,4.0,6.0
2025_13_CIN_BAL,BAL,CIN,DeAndre Hopkins,00-0030564,WR,rec,1.932,0.0,1.0,2.0,3.0,4.0
2025_13_CIN_BAL,BAL,CIN,DeAndre Hopkins,00-0030564,WR,rec_yds,26.731,0.0,5.46,19.531,40.404,64.121
2025_13_CIN_BAL,BAL,CIN,DeAndre Hopkins,00-0030564,WR,anytime_td,0.17,0.0,0.0,0.0,0.0,1.0
2025_13_CIN_BAL,BAL,CIN,Devontez Walker,00-0039792,WR,car,0.007,0.0,0.0,0.0,0.0,0.0
2025_13_CIN_BAL,BAL,CIN,Devontez Walker,00-0039792,WR,rush_yds,0.028,0.0,0.0,0.0,0.0,0.0
2025_13_CIN_BAL,BAL,CIN,Devontez Walker,00-0039792,WR,tgt,0.824,0.0,0.0,0.0,1.0,2.0
2025_13_CIN_BAL,BAL,CIN,Devontez Walker,00-0039792,WR,rec,0.58,0.0,0.0,0.0,1.0,2.0
2025_13_CIN_BAL,BAL,CIN,Devontez Walker,00-0039792,WR,rec_yds,8.54,0.0,0.0,0.0,11.254,28.771
2025_13_CIN_BAL,BAL,CIN,Devontez Walker,00-0039792,WR,anytime_td,0.133,0.0,0.0,0.0,0.0,1.0
2025_13_CIN_BAL,BAL,CIN,Charlie Kolar,00-0038046,TE,car,0.005,0.0,0.0,0.0,0.0,0.0
2025_13_CIN_BAL,BAL,CIN,Charlie Kolar,00-0038046,TE,rush_yds,0.013,0.0,0.0,0.0,0.0,0.0
2025_13_CIN_BAL,BAL,CIN,Charlie Kolar,00-0038046,TE,tgt,1.255,0.0,0.0,1.0,2.0,3.0
2025_13_CIN_BAL,BAL,CIN,Charlie Kolar,00-0038046,TE,rec,0.933,0.0,0.0,1.0,1.0,2.0
2025_13_CIN_BAL,BAL,CIN,Charlie Kolar,00-0038046,TE,rec_yds,10.738,0.0,0.0,4.007,16.532,31.473
2025_13_CIN_BAL,BAL,CIN,Charlie Kolar,00-0038046,TE,anytime_td,0.16,0.0,0.0,0.0,0.0,1.0
2025_13_CIN_BAL,BAL,CIN,Keaton Mitchell,00-0038454,RB,car,3.455,0.0,1.0,3.0,5.0,8.0
2025_13_CIN_BAL,BAL,CIN,Keaton Mitchell,00-0038454,RB,rush_yds,18.593,0.0,1.358,10.576,26.129,49.828
2025_13_CIN_BAL,BAL,CIN,Keaton Mitchell,00-0038454,RB,tgt,1.114,0.0,0.0,1.0,2.0,3.0
2025_13_CIN_BAL,BAL,CIN,Keaton Mitchell,00-0038454,RB,rec,0.932,0.0,0.0,1.0,1.0,2.0
2025_13_CIN_BAL,BAL,CIN,Keaton Mitchell,00-0038454,RB,rec_yds,7.585,0.0,0.0,1.032,11.088,22.71
2025_13_CIN_BAL,BAL,CIN,Keaton Mitchell,00-0038454,RB,anytime_td,0.088,0.0,0.0,0.0,0.0,0.0
2025_13_CIN_BAL,CIN,BAL,Joe Burrow,00-0036442,QB,att,34.3,24.0,30.0,35.0,40.0,45.0
2025_13_CIN_BAL,CIN,BAL,Joe Burrow,00-0036442,QB,cmp,21.791,14.0,18.0,22.0,26.0,30.0
2025_13_CIN_BAL,CIN,BAL,Joe Burrow,00-0036442,QB,pass_yds,240.64,148.522,195.633,242.287,288.995,337.224
2025_13_CIN_BAL,CIN,BAL,Joe Burrow,00-0036442,QB,pass_td,1.644,0.0,1.0,2.0,2.0,3.0
2025_13_CIN_BAL,CIN,BAL,Joe Burrow,00-0036442,QB,ints,0.791,0.0,0.0,1.0,1.0,2.0
2025_13_CIN_BAL,CIN,BAL,Joe Burrow,00-0036442,QB,car,2.176,0.0,1.0,2.0,3.0,5.0
2025_13_CIN_BAL,CIN,BAL,Joe Burrow,00-0036442,QB,rush_yds,10.918,-1.0,0.0,6.847,16.629,28.535
2025_13_CIN_BAL,CIN,BAL,Joe Burrow,00-0036442,QB,tgt,0.001,0.0,0.0,0.0,0.0,0.0
2025_13_CIN_BAL,CIN,BAL,Joe Burrow,00-0036442,QB,rec,0.001,0.0,0.0,0.0,0.0,0.0
2025_13_CIN_BAL,CIN,BAL,Joe Burrow,00-0036442,QB,rec_yds,0.005,0.0,0.0,0.0,0.0,0.0
2025_13_CIN_BAL,CIN,BAL,Joe Burrow,00-0036442,QB,anytime_td,0.07,0.0,0.0,0.0,0.0,0.0
2025_13_CIN_BAL,CIN,BAL,Ja'Marr Chase,00-0036900,WR,car,0.218,0.0,0.0,0.0,0.0,1.0
2025_13_CIN_BAL,CIN,BAL,Ja'Marr Chase,00-0036900,WR,rush_yds,1.06,0.0,0.0,0.0,0.0,0.0
2025_13_CIN_BAL,CIN,BAL,Ja'Marr Chase,00-0036900,WR,tgt,11.985,7.0,9.0,12.0,15.0,18.0
2025_13_CIN_BAL,CIN,BAL,Ja'Marr Chase,00-0036900,WR,rec,7.535,4.0,5.0,7.0,9.0,12.0
2025_13_CIN_BAL,CIN,BAL,Ja'Marr Chase,00-0036900,WR,rec_yds,94.807,39.079,61.033,89.276,122.114,158.306
2025_13_CIN_BAL,CIN,BAL,Ja'Marr Chase,00-0036900,WR,anytime_td,0.314,0.0,0.0,0.0,1.0,1.0
2025_13_CIN_BAL,CIN,BAL,Andrei Iosivas,00-0038619,WR,car,0.341,0.0,0.0,0.0,0.0,1.0
2025_13_CIN_BAL,CIN,BAL,Andrei Iosivas,00-0038619,WR,rush_yds,1.7,0.0,0.0,0.0,0.0,4.479
2025_13_CIN_BAL,CIN,BAL,Andrei Iosivas,00-0038619,WR,tgt,4.484,1.0,2.0,4.0,6.0,8.0
2025_13_CIN_BAL,CIN,BAL,Andrei Iosivas,00-0038619,WR,rec,2.683,0.0,1.0,2.0,4.0,5.0
2025_13_CIN_BAL,CIN,BAL,Andrei Iosivas,00-0038619,WR,rec_yds,36.913,0.0,12.558,29.976,53.858,80.14
2025_13_CIN_BAL,CIN,BAL,Andrei Iosivas,00-0038619,WR,anytime_td,0.151,0.0,0.0,0.0,0.0,1.0
2025_13_CIN_BAL,CIN,BAL,Mitchell Tinsley,00-0038839,WR,car,0.01,0.0,0.0,0.0,0.0,0.0
2025_13_CIN_BAL,CIN,BAL,Mitchell Tinsley,00-0038839,WR,rush_yds,0.043,0.0,0.0,0.0,0.0,0.0
2025_13_CIN_BAL,CIN,BAL,Mitchell Tinsley,00-0038839,WR,tgt,1.576,0.0,0.0,1.0,2.0,4.0
2025_13_CIN_BAL,CIN,BAL,Mitchell Tinsley,00-0038839,WR,rec,0.895,0.0,0.0,1.0,1.0,2.0
2025_13_CIN_BAL,CIN,BAL,Mitchell Tinsley,00-0038839,WR,rec_yds,12.395,0.0,0.0,3.528,18.705,37.087
2025_13_CIN_BAL,CIN,BAL,Mitchell Tinsley,00-0038839,WR,anytime_td,0.12,0.0,0.0,0.0,0.0,1.0
2025_13_CIN_BAL,CIN,BAL,Chase Brown,00-0038597,RB,car,14.485,7.0,10.0,14.0,18.0,23.0
2025_13_CIN_BAL,CIN,BAL,Chase Brown,00-0038597,RB,rush_yds,60.525,20.688,34.403,54.015,79.164,108.414
2025_13_CIN_BAL,CIN,BAL,Chase Brown,00-0038597,RB,tgt,5.541,2.0,3.0,5.0,7.0,10.0
2025_13_CIN_BAL,CIN,BAL,Chase Brown,00-0038597,RB,rec,4.01,1.0,2.0,4.0,5.0,7.0
2025_13_CIN_BAL,CIN,BAL,Chase Brown,00-0038597,RB,rec_yds,28.733,3.608,11.401,24.276,40.539,60.296
2025_13_CIN_BAL,CIN,BAL,Chase Brown,00-0038597,RB,anytime_td,0.395,0.0,0.0,0.0,1.0,1.0
2025_13_CIN_BAL,CIN,BAL,Drew Sample,00-0035631,TE,car,0.006,0.0,0.0,0.0,0.0,0.0
2025_13_CIN_BAL,CIN,BAL,Drew Sample,00-0035631,TE,rush_yds,0.014,0.0,0.0,0.0,0.0,0.0
2025_13_CIN_BAL,CIN,BAL,Drew Sample,00-0035631,TE,tgt,0.835,0.0,0.0,0.0,1.0,2.0
2025_13_CIN_BAL,CIN,BAL,Drew Sample,00-0035631,TE,rec,0.585,0.0,0.0,0.0,1.0,2.0
2025_13_CIN_BAL,CIN,BAL,Drew Sample,00-0035631,TE,rec_yds,6.125,0.0,0.0,0.0,8.512,20.888
2025_13_CIN_BAL,CIN,BAL,Drew Sample,00-0035631,TE,anytime_td,0.044,0.0,0.0,0.0,0.0,0.0
2025_13_CIN_BAL,CIN,BAL,Noah Fant,00-0035644,TE,car,0.001,0.0,0.0,0.0,0.0,0.0
2025_13_CIN_BAL,CIN,BAL,Noah Fant,00-0035644,TE,rush_yds,0.001,0.0,0.0,0.0,0.0,0.0
2025_13_CIN_BAL,CIN,BAL,Noah Fant,00-0035644,TE,tgt,3.286,1.0,2.0,3.0,5.0,6.0
2025_13_CIN_BAL,CIN,BAL,Noah Fant,00-0035644,TE,rec,2.459,0.0,1.0,2.0,3.0,5.0
2025_13_CIN_BAL,CIN,BAL,Noah Fant,00-0035644,TE,rec_yds,25.577,0.0,7.737,19.715,37.722,57.528
2025_13_CIN_BAL,CIN,BAL,Noah Fant,00-0035644,TE,anytime_td,0.181,0.0,0.0,0.0,0.0,1.0
2025_13_CIN_BAL,CIN,BAL,Samaje Perine,00-0033526,RB,car,4.5,1.0,2.0,4.0,6.0,9.0
2025_13_CIN_BAL,CIN,BAL,Samaje Perine,00-0033526,RB,rush_yds,19.718,0.0,4.775,13.684,27.555,47.206
2025_13_CIN_BAL,CIN,BAL,Samaje Perine,00-0033526,RB,tgt,1.0,0.0,0.0,1.0,1.0,3.0
2025_13_CIN_BAL,CIN,BAL,Samaje Perine,00-0033526,RB,rec,0.753,0.0,0.0,0.0,1.0,2.0
2025_13_CIN_BAL,CIN,BAL,Samaje Perine,00-0033526,RB,rec_yds,5.743,0.0,0.0,0.0,8.185,18.145
2025_13_CIN_BAL,CIN,BAL,Samaje Perine,00-0033526,RB,anytime_td,0.143,0.0,0.0,0.0,0.0,1.0
2025_13_CIN_BAL,CIN,BAL,Mike Gesicki,00-0034829,TE,car,0.001,0.0,0.0,0.0,0.0,0.0
2025_13_CIN_BAL,CIN,BAL,Mike Gesicki,00-0034829,TE,rush_yds,0.003,0.0,0.0,0.0,0.0,0.0
2025_13_CIN_BAL,CIN,BAL,Mike Gesicki,00-0034829,TE,tgt,3.791,1.0,2.0,3.0,5.0,7.0
2025_13_CIN_BAL,CIN,BAL,Mike Gesicki,00-0034829,TE,rec,2.523,0.0,1.0,2.0,4.0,5.0
2025_13_CIN_BAL,CIN,BAL,Mike Gesicki,00-0034829,TE,rec_yds,26.438,0.0,8.164,21.023,37.936,59.899
2025_13_CIN_BAL,CIN,BAL,Mike Gesicki,00-0034829,TE,anytime_td,0.07,0.0,0.0,0.0,0.0,0.0
2025_13_CIN_BAL,CIN,BAL,Tanner Hudson,00-0034613,TE,car,0.015,0.0,0.0,0.0,0.0,0.0
2025_13_CIN_BAL,CIN,BAL,Tanner Hudson,00-0034613,TE,rush_yds,0.035,0.0,0.0,0.0,0.0,0.0
2025_13_CIN_BAL,CIN,BAL,Tanner Hudson,00-0034613,TE,tgt,1.896,0.0,1.0,2.0,3.0,4.0
2025_13_CIN_BAL,CIN,BAL,Tanner Hudson,00-0034613,TE,rec,1.388,0.0,0.0,1.0,2.0,3.0
2025_13_CIN_BAL,CIN,BAL,Tanner Hudson,00-0034613,TE,rec_yds,14.619,0.0,0.0,9.131,22.064,38.362
2025_13_CIN_BAL,CIN,BAL,Tanner Hudson,00-0034613,TE,anytime_td,0.105,0.0,0.0,0.0,0.0,1.0
2025_13_CIN_BAL,CIN,BAL,Charlie Jones,00-0038576,WR,car,0.025,0.0,0.0,0.0,0.0,0.0
2025_13_CIN_BAL,CIN,BAL,Charlie Jones,00-0038576,WR,rush_yds,0.142,0.0,0.0,0.0,0.0,0.0
2025_13_CIN_BAL,CIN,BAL,Charlie Jones,00-0038576,WR,tgt,0.548,0.0,0.0,0.0,1.0,2.0
2025_13_CIN_BAL,CIN,BAL,Charlie Jones,00-0038576,WR,rec,0.331,0.0,0.0,0.0,0.0,1.0
2025_13_CIN_BAL,CIN,BAL,Charlie Jones,00-0038576,WR,rec_yds,4.392,0.0,0.0,0.0,0.0,16.584
2025_13_CIN_BAL,CIN,BAL,Charlie Jones,00-0038576,WR,anytime_td,0.006,0.0,0.0,0.0,0.0,0.0
2025_13_GB_DET,DET,GB,Jared Goff,00-0033106,QB,att,30.111,20.0,25.0,31.0,36.0,41.0
2025_13_GB_DET,DET,GB,Jared Goff,00-0033106,QB,cmp,20.385,13.0,17.0,21.0,25.0,28.0
2025_13_GB_DET,DET,GB,Jared Goff,00-0033106,QB,pass_yds,229.851,136.219,181.306,229.654,279.171,328.676
2025_13_GB_DET,DET,GB,Jared Goff,00-0033106,QB,pass_td,1.602,0.0,1.0,1.0,2.0,3.0
2025_13_GB_DET,DET,GB,Jared Goff,00-0033106,QB,ints,0.614,0.0,0.0,0.0,1.0,2.0
2025_13_GB_DET,DET,GB,Jared Goff,00-0033106,QB,car,1.656,0.0,0.0,1.0,2.0,4.0
2025_13_GB_DET,DET,GB,Jared Goff,00-0033106,QB,rush_yds,3.749,-2.0,-1.0,0.0,5.891,14.709
2025_13_GB_DET,DET,GB,Jared Goff,00-0033106,QB,tgt,0.0,0.0,0.0,0.0,0.0,0.0
2025_13_GB_DET,DET,GB,Jared Goff,00-0033106,QB,rec,0.0,0.0,0.0,0.0,0.0,0.0
2025_13_GB_DET,DET,GB,Jared Goff,00-0033106,QB,rec_yds,0.003,0.0,0.0,0.0,0.0,0.0
2025_13_GB_DET,DET,GB,Jared Goff,00-0033106,QB,anytime_td,0.011,0.0,0.0,0.0,0.0,0.0
2025_13_GB_DET,DET,GB,Jameson Williams,00-0037240,WR,car,0.372,0.0,0.0,0.0,0.0,1.0
2025_13_GB_DET,DET,GB,Jameson Williams,00-0037240,WR,rush_yds,1.849,0.0,0.0,0.0,0.0,5.238
2025_13_GB_DET,DET,GB,Jameson Williams,00-0037240,WR,tgt,6.173,2.0,4.0,6.0,8.0,10.1
2025_13_GB_DET,DET,GB,Jameson Williams,00-0037240,WR,rec,3.832,1.0,2.0,4.0,5.0,7.0
2025_13_GB_DET,DET,GB,Jameson Williams,00-0037240,WR,rec_yds,56.08,10.742,25.458,48.305,78.806,111.317
2025_13_GB_DET,DET,GB,Jameson Williams,00-0037240,WR,anytime_td,0.295,0.0,0.0,0.0,1.0,1.0
2025_13_GB_DET,DET,GB,Isaac TeSlaa,00-0040669,WR,car,0.007,0.0,0.0,0.0,0.0,0.0
2025_13_GB_DET,DET,GB,Isaac TeSlaa,00-0040669,WR,rush_yds,0.048,0.0,0.0,0.0,0.0,0.0
2025_13_GB_DET,DET,GB,Isaac TeSlaa,00-0040669,WR,tgt,1.12,0.0,0.0,1.0,2.0,3.0
2025_13_GB_DET,DET,GB,Isaac TeSlaa,00-0040669,WR,rec,0.696,0.0,0.0,0.0,1.0,2.0
2025_13_GB_DET,DET,GB,Isaac TeSlaa,00-0040669,WR,rec_yds,8.813,0.0,0.0,0.0,13.17,28.072
2025_13_GB_DET,DET,GB,Isaac TeSlaa,00-0040669,WR,anytime_td,0.064,0.0,0.0,0.0,0.0,0.0
2025_13_GB_DET,DET,GB,Jahmyr Gibbs,00-0039139,RB,car,15.101,7.0,10.0,15.0,19.0,24.0
2025_13_GB_DET,DET,GB,Jahmyr Gibbs,00-0039139,RB,rush_yds,79.146,27.434,45.339,70.747,105.125,139.923
2025_13_GB_DET,DET,GB,Jahmyr Gibbs,00-0039139,RB,tgt,6.853,3.0,4.0,6.5,9.0,11.0
2025_13_GB_DET,DET,GB,Jahmyr Gibbs,00-0039139,RB,rec,5.68,2.0,4.0,5.0,7.0,10.0
2025_13_GB_DET,DET,GB,Jahmyr Gibbs,00-0039139,RB,rec_yds,46.275,10.664,23.732,40.999,63.314,88.943
2025_13_GB_DET,DET,GB,Jahmyr Gibbs,00-0039139,RB,anytime_td,0.659,0.0,0.0,1.0,1.0,1.0
2025_13_GB_DET,DET,GB,Tom Kennedy,00-0035544,WR,car,0.019,0.0,0.0,0.0,0.0,0.0
2025_13_GB_DET,DET,GB,Tom Kennedy,00-0035544,WR,rush_yds,0.097,0.0,0.0,0.0,0.0,0.0
2025_13_GB_DET,DET,GB,Tom Kennedy,00-0035544,WR,tgt,1.024,0.0,0.0,1.0,2.0,3.0
2025_13_GB_DET,DET,GB,Tom Kennedy,00-0035544,WR,rec,0.658,0.0,0.0,0.0,1.0,2.0
2025_13_GB_DET,DET,GB,Tom Kennedy,00-0035544,WR,rec_yds,8.413,0.0,0.0,0.0,11.75,27.436
2025_13_GB_DET,DET,GB,Tom Kennedy,00-0035544,WR,anytime_td,0.025,0.0,0.0,0.0,0.0,0.0
2025_13_GB_DET,DET,GB,David Montgomery,00-0035685,RB,car,10.589,4.0,6.0,10.0,14.0,18.0
2025_13_GB_DET,DET,GB,David Montgomery,00-0035685,RB,rush_yds,41.134,9.641,19.785,34.933,55.542,80.631
2025_13_GB_DET,DET,GB,David Montgomery,00-0035685,RB,tgt,2.613,0.0,1.0,2.0,4.0,5.0
2025_13_GB_DET,DET,GB,David Montgomery,00-0035685,RB,rec,2.124,0.0,1.0,2.0,3.0,5.0
2025_13_GB_DET,DET,GB,David Montgomery,00-0035685,RB,rec_yds,16.132,0.0,1.932,11.17,24.028,40.444
2025_13_GB_DET,DET,GB,David Montgomery,00-0035685,RB,anytime_td,0.334,0.0,0.0,0.0,1.0,1.0
2025_13_GB_DET,DET,GB,Amon-Ra St. Brown,00-0036963,WR,car,0.201,0.0,0.0,0.0,0.0,0.0
2025_13_GB_DET,DET,GB,Amon-Ra St. Brown,00-0036963,WR,rush_yds,0.909,0.0,0.0,0.0,0.0,0.0
2025_13_GB_DET,DET,GB,Amon-Ra St. Brown,00-0036963,WR,tgt,12.341,7.0,9.0,12.0,15.0,18.0
2025_13_GB_DET,DET,GB,Amon-Ra St. Brown,00-0036963,WR,rec,8.274,4.0,6.0,8.0,10.0,13.0
2025_13_GB_DET,DET,GB,Amon-Ra St. Brown,00-0036963,WR,rec_yds,104.404,44.532,68.488,98.012,134.302,170.591
2025_13_GB_DET,DET,GB,Amon-Ra St. Brown,00-0036963,WR,anytime_td,0.432,0.0,0.0,0.0,1.0,1.0
2025_13_GB_DET,GB,DET,Jordan Love,00-0036264,QB,att,30.091,20.0,26.0,31.0,36.0,40.0
2025_13_GB_DET,GB,DET,Jordan Love,00-0036264,QB,cmp,19.335,12.0,16.0,20.0,23.0,27.0
2025_13_GB_DET,GB,DET,Jordan Love,00-0036264,QB,pass_yds,220.817,134.086,175.355,220.86,268.061,313.513
2025_13_GB_DET,GB,DET,Jordan Love,00-0036264,QB,pass_td,1.309,0.0,1.0,1.0,2.0,3.0
2025_13_GB_DET,GB,DET,Jordan Love,00-0036264,QB,ints,0.643,0.0,0.0,0.0,1.0,2.0
2025_13_GB_DET,GB,DET,Jordan Love,00-0036264,QB,car,2.875,0.0,1.0,2.0,4.0,6.0
2025_13_GB_DET,GB,DET,Jordan Love,00-0036264,QB,rush_yds,13.583,0.0,1.802,9.925,20.672,34.289
2025_13_GB_DET,GB,DET,Jordan Love,00-0036264,QB,tgt,0.001,0.0,0.0,0.0,0.0,0.0
2025_13_GB_DET,GB,DET,Jordan Love,00-0036264,QB,rec,0.001,0.0,0.0,0.0,0.0,0.0
2025_13_GB_DET,GB,DET,Jordan Love,00-0036264,QB,rec_yds,0.007,0.0,0.0,0.0,0.0,0.0
2025_13_GB_DET,GB,DET,Jordan Love,00-0036264,QB,anytime_td,0.022,0.0,0.0,0.0,0.0,0.0
2025_13_GB_DET,GB,DET,Romeo Doubs,00-0037816,WR,car,0.004,0.0,0.0,0.0,0.0,0.0
2025_13_GB_DET,GB,DET,Romeo Doubs,00-0037816,WR,rush_yds,0.028,0.0,0.0,0.0,0.0,0.0
2025_13_GB_DET,GB,DET,Romeo Doubs,00-0037816,WR,tgt,7.094,3.0,5.0,7.0,9.0,12.0
2025_13_GB_DET,GB,DET,Romeo Doubs,00-0037816,WR,rec,4.334,1.9,3.0,4.0,6.0,8.0
2025_13_GB_DET,GB,DET,Romeo Doubs,00-0037816,WR,rec_yds,56.462,13.701,28.636,50.296,78.714,107.635
2025_13_GB_DET,GB,DET,Romeo Doubs,00-0037816,WR,anytime_td,0.227,0.0,0.0,0.0,0.0,1.0
2025_13_GB_DET,GB,DET,Christian Watson,00-0038124,WR,car,0.088,0.0,0.0,0.0,0.0,0.0
2025_13_GB_DET,GB,DET,Christian Watson,00-0038124,WR,rush_yds,0.515,0.0,0.0,0.0,0.0,0.0
2025_13_GB_DET,GB,DET,Christian Watson,00-0038124,WR,tgt,5.519,2.0,3.0,5.0,7.0,9.0
2025_13_GB_DET,GB,DET,Christian Watson,00-0038124,WR,rec,3.524,1.0,2.0,3.0,5.0,6.0
2025_13_GB_DET,GB,DET,Christian Watson,00-0038124,WR,rec_yds,51.164,8.806,22.917,44.68,71.923,102.885
2025_13_GB_DET,GB,DET,Christian Watson,00-0038124,WR,anytime_td,0.251,0.0,0.0,0.0,1.0,1.0
2025_13_GB_DET,GB,DET,Luke Musgrave,00-0039144,TE,car,0.002,0.0,0.0,0.0,0.0,0.0
2025_13_GB_DET,GB,DET,Luke Musgrave,00-0039144,TE,rush_yds,0.002,0.0,0.0,0.0,0.0,0.0
2025_13_GB_DET,GB,DET,Luke Musgrave,00-0039144,TE,tgt,2.088,0.0,1.0,2.0,3.0,5.0
2025_13_GB_DET,GB,DET,Luke Musgrave,00-0039144,TE,rec,1.51,0.0,0.0,1.0,2.0,3.1
2025_13_GB_DET,GB,DET,Luke Musgrave,00-0039144,TE,rec_yds,15.127,0.0,0.0,10.063,22.897,38.702
2025_13_GB_DET,GB,DET,Luke Musgrave,00-0039144,TE,anytime_td,0.03,0.0,0.0,0.0,0.0,0.0
2025_13_GB_DET,GB,DET,Josh Jacobs,00-0035700,RB,car,14.365,7.0,10.0,14.0,18.0,23.0
2025_13_GB_DET,GB,DET,Josh Jacobs,00-0035700,RB,rush_yds,59.876,20.111,33.701,53.632,79.275,107.433
2025_13_GB_DET,GB,DET,Josh Jacobs,00-0035700,RB,tgt,3.719,1.0,2.0,3.0,5.0,7.0
2025_13_GB_DET,GB,DET,Josh Jacobs,00-0035700,RB,rec,2.936,1.0,1.0,3.0,4.0,6.0
2025_13_GB_DET,GB,DET,Josh Jacobs,00-0035700,RB,rec_yds,22.965,0.0,6.816,18.109,33.678,51.413
2025_13_GB_DET,GB,DET,Josh Jacobs,00-0035700,RB,anytime_td,0.544,0.0,0.0,1.0,1.0,1.0
2025_13_GB_DET,GB,DET,Josh Whyle,00-0038589,TE,car,0.003,0.0,0.0,0.0,0.0,0.0
2025_13_GB_DET,GB,DET,Josh Whyle,00-0038589,TE,rush_yds,0.008,0.0,0.0,0.0,0.0,0.0
2025_13_GB_DET,GB,DET,Josh Whyle,00-0038589,TE,tgt,1.627,0.0,0.0,1.0,2.0,4.0
2025_13_GB_DET,GB,DET,Josh Whyle,00-0038589,TE,rec,1.19,0.0,0.0,1.0,2.0,3.0
2025_13_GB_DET,GB,DET,Josh Whyle,00-0038589,TE,rec_yds,12.192,0.0,0.0,6.398,19.16,34.343
2025_13_GB_DET,GB,DET,Josh Whyle,00-0038589,TE,anytime_td,0.147,0.0,0.0,0.0,0.0,1.0
2025_13_GB_DET,GB,DET,Dontayvion Wicks,00-0038393,WR,car,0.005,0.0,0.0,0.0,0.0,0.0
2025_13_GB_DET,GB,DET,Dontayvion Wicks,00-0038393,WR,rush_yds,0.03,0.0,0.0,0.0,0.0,0.0
2025_13_GB_DET,GB,DET,Dontayvion Wicks,00-0038393,WR,tgt,4.965,2.0,3.0,5.0,7.0,9.0
2025_13_GB_DET,GB,DET,Dontayvion Wicks,00-0038393,WR,rec,2.992,1.0,2.0,3.0,4.0,6.0
2025_13_GB_DET,GB,DET,Dontayvion Wicks,00-0038393,WR,rec_yds,37.266,3.848,14.238,31.098,53.308,79.354
2025_13_GB_DET,GB,DET,Dontayvion Wicks,00-0038393,WR,anytime_td,0.086,0.0,0.0,0.0,0.0,0.0
2025_13_GB_DET,GB,DET,Chris Brooks,00-0038685,RB,car,1.532,0.0,0.0,1.0,2.0,4.0
2025_13_GB_DET,GB,DET,Chris Brooks,00-0038685,RB,rush_yds,6.394,0.0,0.0,0.0,8.104,19.53
2025_13_GB_DET,GB,DET,Chris Brooks,00-0038685,RB,tgt,0.991,0.0,0.0,1.0,2.0,3.0
2025_13_GB_DET,GB,DET,Chris Brooks,00-0038685,RB,rec,0.767,0.0,0.0,0.0,1.0,2.0
2025_13_GB_DET,GB,DET,Chris Brooks,00-0038685,RB,rec_yds,5.875,0.0,0.0,0.0,8.376,18.571
2025_13_GB_DET,GB,DET,Chris Brooks,00-0038685,RB,anytime_td,0.03,0.0,0.0,0.0,0.0,0.0
2025_13_GB_DET,GB,DET,John FitzPatrick,00-0037306,TE,car,0.001,0.0,0.0,0.0,0.0,0.0
2025_13_GB_DET,GB,DET,John FitzPatrick,00-0037306,TE,rush_yds,0.002,0.0,0.0,0.0,0.0,0.0
2025_13_GB_DET,GB,DET,John FitzPatrick,00-0037306,TE,tgt,0.783,0.0,0.0,0.0,1.0,2.0
2025_13_GB_DET,GB,DET,John FitzPatrick,00-0037306,TE,rec,0.572,0.0,0.0,0.0,1.0,2.0
2025_13_GB_DET,GB,DET,John FitzPatrick,00-0037306,TE,rec_yds,5.863,0.0,0.0,0.0,8.116,19.687
2025_13_GB_DET,GB,DET,John FitzPatrick,00-0037306,TE,anytime_td,0.048,0.0,0.0,0.0,0.0,0.0
2025_13_GB_DET,GB,DET,Emanuel Wilson,00-0038797,RB,car,7.962,2.0,4.0,7.0,11.0,15.0
2025_13_GB_DET,GB,DET,Emanuel Wilson,00-0038797,RB,rush_yds,33.106,5.225,13.12,26.407,46.286,69.944
2025_13_GB_DET,GB,DET,Emanuel Wilson,00-0038797,RB,tgt,1.729,0.0,0.0,1.0,3.0,4.0
2025_13_GB_DET,GB,DET,Emanuel Wilson,00-0038797,RB,rec,1.365,0.0,0.0,1.0,2.0,3.0
2025_13_GB_DET,GB,DET,Emanuel Wilson,00-0038797,RB,rec_yds,10.433,0.0,0.0,5.396,15.344,29.55
2025_13_GB_DET,GB,DET,Emanuel Wilson,00-0038797,RB,anytime_td,0.31,0.0,0.0,0.0,1.0,1.0
2025_13_GB_DET,GB,DET,Bo Melton,00-0037091,WR,car,0.286,0.0,0.0,0.0,0.0,1.0
2025_13_GB_DET,GB,DET,Bo Melton,00-0037091,WR,rush_yds,1.524,0.0,0.0,0.0,0.0,1.023
2025_13_GB_DET,GB,DET,Bo Melton,00-0037091,WR,tgt,1.171,0.0,0.0,1.0,2.0,3.0
2025_13_GB_DET,GB,DET,Bo Melton,00-0037091,WR,rec,0.713,0.0,0.0,0.0,1.0,2.0
2025_13_GB_DET,GB,DET,Bo Melton,00-0037091,WR,rec_yds,9.095,0.0,0.0,0.0,13.628,28.746
2025_13_GB_DET,GB,DET,Bo Melton,00-0037091,WR,anytime_td,0.024,0.0,0.0,0.0,0.0,0.0
2025_13_GB_DET,GB,DET,Malik Heath,00-0038465,WR,car,0.011,0.0,0.0,0.0,0.0,0.0
2025_13_GB_DET,GB,DET,Malik Heath,00-0038465,WR,rush_yds,0.057,0.0,0.0,0.0,0.0,0.0
2025_13_GB_DET,GB,DET,Malik Heath,00-0038465,WR,tgt,0.989,0.0,0.0,1.0,2.0,3.0
2025_13_GB_DET,GB,DET,Malik Heath,00-0038465,WR,rec,0.653,0.0,0.0,0.0,1.0,2.0
2025_13_GB_DET,GB,DET,Malik Heath,00-0038465,WR,rec_yds,8.412,0.0,0.0,0.0,12.135,26.809
2025_13_GB_DET,GB,DET,Malik Heath,00-0038465,WR,anytime_td,0.033,0.0,0.0,0.0,0.0,0.0
2025_13_KC_DAL,DAL,KC,Dak Prescott,00-0033077,QB,att,32.651,22.0,28.0,33.0,39.0,43.0
2025_13_KC_DAL,DAL,KC,Dak Prescott,00-0033077,QB,cmp,22.301,14.0,19.0,23.0,27.0,30.0
2025_13_KC_DAL,DAL,KC,Dak Prescott,00-0033077,QB,pass_yds,246.155,151.364,199.7,246.688,297.73,347.499
2025_13_KC_DAL,DAL,KC,Dak Prescott,00-0033077,QB,pass_td,1.692,0.0,1.0,2.0,2.0,3.0
2025_13_KC_DAL,DAL,KC,Dak Prescott,00-0033077,QB,ints,0.75,0.0,0.0,0.0,1.0,2.0
2025_13_KC_DAL,DAL,KC,Dak Prescott,00-0033077,QB,car,3.041,1.0,1.0,3.0,4.0,6.0
2025_13_KC_DAL,DAL,KC,Dak Prescott,00-0033077,QB,rush_yds,14.977,0.0,3.124,11.368,22.631,35.231
2025_13_KC_DAL,DAL,KC,Dak Prescott,00-0033077,QB,tgt,0.0,0.0,0.0,0.0,0.0,0.0
2025_13_KC_DAL,DAL,KC,Dak Prescott,00-0033077,QB,rec,0.0,0.0,0.0,0.0,0.0,0.0
2025_13_KC_DAL,DAL,KC,Dak Prescott,00-0033077,QB,rec_yds,0.002,0.0,0.0,0.0,0.0,0.0
2025_13_KC_DAL,DAL,KC,Dak Prescott,00-0033077,QB,anytime_td,0.202,0.0,0.0,0.0,0.0,1.0
2025_13_KC_DAL,DAL,KC,CeeDee Lamb,00-0036358,WR,car,0.226,0.0,0.0,0.0,0.0,1.0
2025_13_KC_DAL,DAL,KC,CeeDee Lamb,00-0036358,WR,rush_yds,1.119,0.0,0.0,0.0,0.0,0.0
2025_13_KC_DAL,DAL,KC,CeeDee Lamb,00-0036358,WR,tgt,7.864,4.0,5.0,7.0,10.0,13.0
2025_13_KC_DAL,DAL,KC,CeeDee Lamb,00-0036358,WR,rec,5.036,2.0,3.0,5.0,7.0,9.0
2025_13_KC_DAL,DAL,KC,CeeDee Lamb,00-0036358,WR,rec_yds,63.792,17.28,33.86,58.306,87.603,117.705
2025_13_KC_DAL,DAL,KC,CeeDee Lamb,00-0036358,WR,anytime_td,0.272,0.0,0.0,0.0,1.0,1.0
2025_13_KC_DAL,DAL,KC,Javonte Williams,00-0036997,RB,car,16.628,9.0,12.0,16.0,21.0,25.0
2025_13_KC_DAL,DAL,KC,Javonte Williams,00-0036997,RB,rush_yds,70.532,26.413,41.636,64.304,91.712,123.68
2025_13_KC_DAL,DAL,KC,Javonte Williams,00-0036997,RB,tgt,2.821,0.0,1.0,2.0,4.0,6.0
2025_13_KC_DAL,DAL,KC,Javonte Williams,00-0036997,RB,rec,2.198,0.0,1.0,2.0,3.0,5.0
2025_13_KC_DAL,DAL,KC,Javonte Williams,00-0036997,RB,rec_yds,13.351,0.0,2.465,9.081,19.246,32.527
2025_13_KC_DAL,DAL,KC,Javonte Williams,00-0036997,RB,anytime_td,0.484,0.0,0.0,0.0,1.0,1.0
2025_13_KC_DAL,DAL,KC,George Pickens,00-0037247,WR,car,0.014,0.0,0.0,0.0,0.0,0.0
2025_13_KC_DAL,DAL,KC,George Pickens,00-0037247,WR,rush_yds,0.066,0.0,0.0,0.0,0.0,0.0
2025_13_KC_DAL,DAL,KC,George Pickens,00-0037247,WR,tgt,7.689,3.0,5.0,7.0,10.0,12.0
2025_13_KC_DAL,DAL,KC,George Pickens,00-0037247,WR,rec,5.663,2.0,4.0,5.0,7.0,10.0
2025_13_KC_DAL,DAL,KC,George Pickens,00-0037247,WR,rec_yds,78.107,23.678,43.332,71.775,105.242,142.24
2025_13_KC_DAL,DAL,KC,George Pickens,00-0037247,WR,anytime_td,0.361,0.0,0.0,0.0,1.0,1.0
2025_13_KC_DAL,DAL,KC,Jake Ferguson,00-0038041,TE,car,0.16,0.0,0.0,0.0,0.0,0.0
2025_13_KC_DAL,DAL,KC,Jake Ferguson,00-0038041,TE,rush_yds,0.357,0.0,0.0,0.0,0.0,0.0
2025_13_KC_DAL,DAL,KC,Jake Ferguson,00-0038041,TE,tgt,5.499,2.0,3.0,5.0,7.0,9.0
2025_13_KC_DAL,DAL,KC,Jake Ferguson,00-0038041,TE,rec,4.381,1.0,3.0,4.0,6.0,8.0
2025_13_KC_DAL,DAL,KC,Jake Ferguson,00-0038041,TE,rec_yds,36.74,8.868,18.419,32.382,50.716,71.28
2025_13_KC_DAL,DAL,KC,Jake Ferguson,00-0038041,TE,anytime_td,0.333,0.0,0.0,0.0,1.0,1.0
2025_13_KC_DAL,DAL,KC,Ryan Flournoy,00-0039410,WR,car,0.277,0.0,0.0,0.0,0.0,1.0
2025_13_KC_DAL,DAL,KC,Ryan Flournoy,00-0039410,WR,rush_yds,1.457,0.0,0.0,0.0,0.0,1.931
2025_13_KC_DAL,DAL,KC,Ryan Flournoy,00-0039410,WR,tgt,2.018,0.0,1.0,2.0,3.0,4.0
2025_13_KC_DAL,DAL,KC,Ryan Flournoy,00-0039410,WR,rec,1.326,0.0,0.0,1.0,2.0,3.0
2025_13_KC_DAL,DAL,KC,Ryan Flournoy,00-0039410,WR,rec_yds,15.471,0.0,0.0,8.985,23.642,41.744
2025_13_KC_DAL,DAL,KC,Ryan Flournoy,00-0039410,WR,anytime_td,0.149,0.0,0.0,0.0,0.0,1.0
2025_13_KC_DAL,DAL,KC,KaVontae Turpin,00-0037801,WR,car,0.968,0.0,0.0,0.0,1.0,3.0
2025_13_KC_DAL,DAL,KC,KaVontae Turpin,00-0037801,WR,rush_yds,4.821,0.0,0.0,0.0,5.068,17.16
2025_13_KC_DAL,DAL,KC,KaVontae Turpin,00-0037801,WR,tgt,2.469,0.0,1.0,2.0,4.0,5.0
2025_13_KC_DAL,DAL,KC,KaVontae Turpin,00-0037801,WR,rec,1.587,0.0,0.0,1.0,2.0,4.0
2025_13_KC_DAL,DAL,KC,KaVontae Turpin,00-0037801,WR,rec_yds,19.744,0.0,0.0,12.654,30.263,50.437
2025_13_KC_DAL,DAL,KC,KaVontae Turpin,00-0037801,WR,anytime_td,0.08,0.0,0.0,0.0,0.0,0.0
2025_13_KC_DAL,DAL,KC,Luke Schoonmaker,00-0038547,TE,car,0.005,0.0,0.0,0.0,0.0,0.0
2025_13_KC_DAL,DAL,KC,Luke Schoonmaker,00-0038547,TE,rush_yds,0.011,0.0,0.0,0.0,0.0,0.0
2025_13_KC_DAL,DAL,KC,Luke Schoonmaker,00-0038547,TE,tgt,1.311,0.0,0.0,1.0,2.0,3.0
2025_13_KC_DAL,DAL,KC,Luke Schoonmaker,00-0038547,TE,rec,0.918,0.0,0.0,1.0,1.0,2.0
2025_13_KC_DAL,DAL,KC,Luke Schoonmaker,00-0038547,TE,rec_yds,8.909,0.0,0.0,2.948,13.524,26.465
2025_13_KC_DAL,DAL,KC,Luke Schoonmaker,00-0038547,TE,anytime_td,0.017,0.0,0.0,0.0,0.0,0.0
2025_13_KC_DAL,DAL,KC,Hunter Luepke,00-0038738,RB,car,0.577,0.0,0.0,0.0,1.0,2.0
2025_13_KC_DAL,DAL,KC,Hunter Luepke,00-0038738,RB,rush_yds,2.28,0.0,0.0,0.0,0.0,7.526
2025_13_KC_DAL,DAL,KC,Hunter Luepke,00-0038738,RB,tgt,0.936,0.0,0.0,1.0,1.0,3.0
2025_13_KC_DAL,DAL,KC,Hunter Luepke,00-0038738,RB,rec,0.78,0.0,0.0,0.0,1.0,2.0
2025_13_KC_DAL,DAL,KC,Hunter Luepke,00-0038738,RB,rec_yds,5.536,0.0,0.0,0.0,7.955,17.809
2025_13_KC_DAL,DAL,KC,Hunter Luepke,00-0038738,RB,anytime_td,0.061,0.0,0.0,0.0,0.0,0.0
2025_13_KC_DAL,DAL,KC,Brevyn Spann-Ford,00-0039530,TE,car,0.003,0.0,0.0,0.0,0.0,0.0
2025_13_KC_DAL,DAL,KC,Brevyn Spann-Ford,00-0039530,TE,rush_yds,0.003,0.0,0.0,0.0,0.0,0.0
2025_13_KC_DAL,DAL,KC,Brevyn Spann-Ford,00-0039530,TE,tgt,0.566,0.0,0.0,0.0,1.0,2.0
2025_13_KC_DAL,DAL,KC,Brevyn Spann-Ford,00-0039530,TE,rec,0.427,0.0,0.0,0.0,1.0,1.0
2025_13_KC_DAL,DAL,KC,Brevyn Spann-Ford,00-0039530,TE,rec_yds,3.983,0.0,0.0,0.0,3.866,14.832
2025_13_KC_DAL,DAL,KC,Brevyn Spann-Ford,00-0039530,TE,anytime_td,0.065,0.0,0.0,0.0,0.0,0.0
2025_13_KC_DAL,DAL,KC,Jalen Tolbert,00-0037666,WR,car,0.014,0.0,0.0,0.0,0.0,0.0
2025_13_KC_DAL,DAL,KC,Jalen Tolbert,00-0037666,WR,rush_yds,0.091,0.0,0.0,0.0,0.0,0.0
2025_13_KC_DAL,DAL,KC,Jalen Tolbert,00-0037666,WR,tgt,2.082,0.0,1.0,2.0,3.0,4.0
2025_13_KC_DAL,DAL,KC,Jalen Tolbert,00-0037666,WR,rec,1.327,0.0,0.0,1.0,2.0,3.0
2025_13_KC_DAL,DAL,KC,Jalen Tolbert,00-0037666,WR,rec_yds,16.133,0.0,0.0,9.157,24.765,43.933
2025_13_KC_DAL,DAL,KC,Jalen Tolbert,00-0037666,WR,anytime_td,0.114,0.0,0.0,0.0,0.0,1.0
2025_13_KC_DAL,DAL,KC,Malik Davis,00-0037563,RB,car,2.551,0.0,1.0,2.0,4.0,6.0
2025_13_KC_DAL,DAL,KC,Malik Davis,00-0037563,RB,rush_yds,10.617,0.0,0.0,5.264,14.808,28.823
2025_13_KC_DAL,DAL,KC,Malik Davis,00-0037563,RB,tgt,0.19,0.0,0.0,0.0,0.0,1.0
2025_13_KC_DAL,DAL,KC,Malik Davis,00-0037563,RB,rec,0.157,0.0,0.0,0.0,0.0,1.0
2025_13_KC_DAL,DAL,KC,Malik Davis,00-0037563,RB,rec_yds,1.062,0.0,0.0,0.0,0.0,1.834
2025_13_KC_DAL,DAL,KC,Malik Davis,00-0037563,RB,anytime_td,0.058,0.0,0.0,0.0,0.0,0.0
2025_13_KC_DAL,KC,DAL,Patrick Mahomes,00-0033873,QB,att,34.071,24.0,29.0,35.0,40.0,45.0
2025_13_KC_DAL,KC,DAL,Patrick Mahomes,00-0033873,QB,cmp,23.401,15.0,20.0,24.0,28.0,32.0
2025_13_KC_DAL,KC,DAL,Patrick Mahomes,00-0033873,QB,pass_yds,269.273,171.241,218.994,271.108,326.169,375.574
2025_13_KC_DAL,KC,DAL,Patrick Mahomes,00-0033873,QB,pass_td,1.957,0.0,1.0,2.0,3.0,3.0
2025_13_KC_DAL,KC,DAL,Patrick Mahomes,00-0033873,QB,ints,0.665,0.0,0.0,0.0,1.0,2.0
2025_13_KC_DAL,KC,DAL,Patrick Mahomes,00-0033873,QB,car,3.934,1.0,2.0,4.0,5.0,7.0
2025_13_KC_DAL,KC,DAL,Patrick Mahomes,00-0033873,QB,rush_yds,21.371,0.0,8.022,18.004,31.092,46.128
2025_13_KC_DAL,KC,DAL,Patrick Mahomes,00-0033873,QB,tgt,0.001,0.0,0.0,0.0,0.0,0.0
2025_13_KC_DAL,KC,DAL,Patrick Mahomes,00-0033873,QB,rec,0.001,0.0,0.0,0.0,0.0,0.0
2025_13_KC_DAL,KC,DAL,Patrick Mahomes,00-0033873,QB,rec_yds,0.004,0.0,0.0,0.0,0.0,0.0
2025_13_KC_DAL,KC,DAL,Patrick Mahomes,00-0033873,QB,anytime_td,0.225,0.0,0.0,0.0,0.0,1.0
2025_13_KC_DAL,KC,DAL,Travis Kelce,00-0030506,TE,car,0.117,0.0,0.0,0.0,0.0,0.0
2025_13_KC_DAL,KC,DAL,Travis Kelce,00-0030506,TE,rush_yds,0.289,0.0,0.0,0.0,0.0,0.0
2025_13_KC_DAL,KC,DAL,Travis Kelce,00-0030506,TE,tgt,6.609,3.0,4.0,6.0,9.0,11.0
2025_13_KC_DAL,KC,DAL,Travis Kelce,00-0030506,TE,rec,5.042,2.0,3.0,5.0,7.0,9.0
2025_13_KC_DAL,KC,DAL,Travis Kelce,00-0030506,TE,rec_yds,58.387,16.555,31.282,52.419,80.276,107.438
2025_13_KC_DAL,KC,DAL,Travis Kelce,00-0030506,TE,anytime_td,0.33,0.0,0.0,0.0,1.0,1.0
2025_13_KC_DAL,KC,DAL,Rashee Rice,00-0039067,WR,car,0.45,0.0,0.0,0.0,0.0,2.0
2025_13_KC_DAL,KC,DAL,Rashee Rice,00-0039067,WR,rush_yds,2.597,0.0,0.0,0.0,0.0,8.416
2025_13_KC_DAL,KC,DAL,Rashee Rice,00-0039067,WR,tgt,7.91,4.0,5.0,7.0,10.0,13.0
2025_13_KC_DAL,KC,DAL,Rashee Rice,00-0039067,WR,rec,5.68,2.0,4.0,5.0,7.0,9.0
2025_13_KC_DAL,KC,DAL,Rashee Rice,00-0039067,WR,rec_yds,71.8,22.614,40.339,64.822,96.442,129.513
2025_13_KC_DAL,KC,DAL,Rashee Rice,00-0039067,WR,anytime_td,0.484,0.0,0.0,0.0,1.0,1.0
2025_13_KC_DAL,KC,DAL,Xavier Worthy,00-0039894,WR,car,0.541,0.0,0.0,0.0,0.0,2.0
2025_13_KC_DAL,KC,DAL,Xavier Worthy,00-0039894,WR,rush_yds,3.233,0.0,0.0,0.0,0.0,11.279
2025_13_KC_DAL,KC,DAL,Xavier Worthy,00-0039894,WR,tgt,5.617,2.0,3.0,5.0,7.0,10.0
2025_13_KC_DAL,KC,DAL,Xavier Worthy,00-0039894,WR,rec,3.613,1.0,2.0,3.0,5.0,7.0
2025_13_KC_DAL,KC,DAL,Xavier Worthy,00-0039894,WR,rec_yds,44.713,5.969,19.194,38.068,62.993,91.657
2025_13_KC_DAL,KC,DAL,Xavier Worthy,00-0039894,WR,anytime_td,0.204,0.0,0.0,0.0,0.0,1.0
2025_13_KC_DAL,KC,DAL,Kareem Hunt,00-0033923,RB,car,9.781,4.0,6.0,9.0,13.0,17.0
2025_13_KC_DAL,KC,DAL,Kareem Hunt,00-0033923,RB,rush_yds,43.445,9.183,19.905,36.523,59.458,86.24
2025_13_KC_DAL,KC,DAL,Kareem Hunt,00-0033923,RB,tgt,1.528,0.0,0.0,1.0,2.0,4.0
2025_13_KC_DAL,KC,DAL,Kareem Hunt,00-0033923,RB,rec,1.247,0.0,0.0,1.0,2.0,3.0
2025_13_KC_DAL,KC,DAL,Kareem Hunt,00-0033923,RB,rec_yds,9.293,0.0,0.0,4.198,13.773,26.411
2025_13_KC_DAL,KC,DAL,Kareem Hunt,00-0033923,RB,anytime_td,0.472,0.0,0.0,0.0,1.0,1.0
2025_13_KC_DAL,KC,DAL,Marquise Brown,00-0035662,WR,car,0.011,0.0,0.0,0.0,0.0,0.0
2025_13_KC_DAL,KC,DAL,Marquise Brown,00-0035662,WR,rush_yds,0.06,0.0,0.0,0.0,0.0,0.0
2025_13_KC_DAL,KC,DAL,Marquise Brown,00-0035662,WR,tgt,3.936,1.0,2.0,4.0,5.0,7.0
2025_13_KC_DAL,KC,DAL,Marquise Brown,00-0035662,WR,rec,2.644,0.0,1.0,2.0,4.0,5.0
2025_13_KC_DAL,KC,DAL,Marquise Brown,00-0035662,WR,rec_yds,33.547,0.0,10.68,26.585,49.423,74.172
2025_13_KC_DAL,KC,DAL,Marquise Brown,00-0035662,WR,anytime_td,0.287,0.0,0.0,0.0,1.0,1.0
2025_13_KC_DAL,KC,DAL,JuJu Smith-Schuster,00-0033857,WR,car,0.004,0.0,0.0,0.0,0.0,0.0
2025_13_KC_DAL,KC,DAL,JuJu Smith-Schuster,00-0033857,WR,rush_yds,0.032,0.0,0.0,0.0,0.0,0.0
2025_13_KC_DAL,KC,DAL,JuJu Smith-Schuster,00-0033857,WR,tgt,2.256,0.0,1.0,2.0,3.0,5.0
2025_13_KC_DAL,KC,DAL,JuJu Smith-Schuster,00-0033857,WR,rec,1.599,0.0,0.0,1.0,2.0,4.0
2025_13_KC_DAL,KC,DAL,JuJu Smith-Schuster,00-0033857,WR,rec_yds,20.373,0.0,0.0,12.537,31.255,53.031
2025_13_KC_DAL,KC,DAL,JuJu Smith-Schuster,00-0033857,WR,anytime_td,0.097,0.0,0.0,0.0,0.0,0.0
2025_13_KC_DAL,KC,DAL,Isiah Pacheco,00-0037197,RB,car,8.088,3.0,4.0,7.0,11.0,15.0
2025_13_KC_DAL,KC,DAL,Isiah Pacheco,00-0037197,RB,rush_yds,36.698,6.56,15.19,29.967,50.54,76.293
2025_13_KC_DAL,KC,DAL,Isiah Pacheco,00-0037197,RB,tgt,2.005,0.0,1.0,2.0,3.0,4.0
2025_13_KC_DAL,KC,DAL,Isiah Pacheco,00-0037197,RB,rec,1.58,0.0,0.0,1.0,2.0,4.0
2025_13_KC_DAL,KC,DAL,Isiah Pacheco,00-0037197,RB,rec_yds,10.78,0.0,0.0,6.28,15.844,28.742
2025_13_KC_DAL,KC,DAL,Isiah Pacheco,00-0037197,RB,anytime_td,0.282,0.0,0.0,0.0,1.0,1.0
2025_13_KC_DAL,KC,DAL,Tyquan Thornton,00-0038104,WR,car,0.01,0.0,0.0,0.0,0.0,0.0
2025_13_KC_DAL,KC,DAL,Tyquan Thornton,00-0038104,WR,rush_yds,0.071,0.0,0.0,0.0,0.0,0.0
2025_13_KC_DAL,KC,DAL,Tyquan Thornton,00-0038104,WR,tgt,2.007,0.0,1.0,2.0,3.0,4.0
2025_13_KC_DAL,KC,DAL,Tyquan Thornton,00-0038104,WR,rec,1.228,0.0,0.0,1.0,2.0,3.0
2025_13_KC_DAL,KC,DAL,Tyquan Thornton,00-0038104,WR,rec_yds,18.822,0.0,0.0,10.201,28.787,52.756
2025_13_KC_DAL,KC,DAL,Tyquan Thornton,00-0038104,WR,anytime_td,0.148,0.0,0.0,0.0,0.0,1.0
2025_13_KC_DAL,KC,DAL,Brashard Smith,00-0040078,RB,car,2.196,0.0,0.0,1.0,3.0,6.0
2025_13_KC_DAL,KC,DAL,Brashard Smith,00-0040078,RB,rush_yds,9.749,0.0,0.0,3.959,13.824,28.007
2025_13_KC_DAL,KC,DAL,Brashard Smith,00-0040078,RB,tgt,2.368,0.0,1.0,2.0,3.0,5.0
2025_13_KC_DAL,KC,DAL,Brashard Smith,00-0040078,RB,rec,1.902,0.0,1.0,2.0,3.0,4.0
2025_13_KC_DAL,KC,DAL,Brashard Smith,00-0040078,RB,rec_yds,15.005,0.0,0.919,9.991,22.036,37.715
2025_13_KC_DAL,KC,DAL,Brashard Smith,00-0040078,RB,anytime_td,0.093,0.0,0.0,0.0,0.0,0.0
2025_13_CHI_PHI,PHI,CHI,Jalen Hurts,00-0036389,QB,att,26.99,17.0,23.0,27.0,32.0,37.0
2025_13_CHI_PHI,PHI,CHI,Jalen Hurts,00-0036389,QB,cmp,18.274,11.0,15.0,19.0,22.0,25.0
2025_13_CHI_PHI,PHI,CHI,Jalen Hurts,00-0036389,QB,pass_yds,209.266,123.803,165.243,209.309,255.501,299.521
2025_13_CHI_PHI,PHI,CHI,Jalen Hurts,00-0036389,QB,pass_td,1.513,0.0,1.0,1.0,2.0,3.0
2025_13_CHI_PHI,PHI,CHI,Jalen Hurts,00-0036389,QB,ints,0.53,0.0,0.0,0.0,1.0,2.0
2025_13_CHI_PHI,PHI,CHI,Jalen Hurts,00-0036389,QB,car,6.707,2.0,4.0,6.0,9.0,12.0
2025_13_CHI_PHI,PHI,CHI,Jalen Hurts,00-0036389,QB,rush_yds,27.685,2.596,10.952,23.071,39.408,57.799
2025_13_CHI_PHI,PHI,CHI,Jalen Hurts,00-0036389,QB,tgt,0.001,0.0,0.0,0.0,0.0,0.0
2025_13_CHI_PHI,PHI,CHI,Jalen Hurts,00-0036389,QB,rec,0.001,0.0,0.0,0.0,0.0,0.0
2025_13_CHI_PHI,PHI,CHI,Jalen Hurts,00-0036389,QB,rec_yds,0.006,0.0,0.0,0.0,0.0,0.0
2025_13_CHI_PHI,PHI,CHI,Jalen Hurts,00-0036389,QB,anytime_td,0.456,0.0,0.0,0.0,1.0,1.0
2025_13_CHI_PHI,PHI,CHI,A.J. Brown,00-0035676,WR,car,0.007,0.0,0.0,0.0,0.0,0.0
2025_13_CHI_PHI,PHI,CHI,A.J. Brown,00-0035676,WR,rush_yds,0.046,0.0,0.0,0.0,0.0,0.0
2025_13_CHI_PHI,PHI,CHI,A.J. Brown,00-0035676,WR,tgt,7.261,3.0,5.0,7.0,9.0,12.0
2025_13_CHI_PHI,PHI,CHI,A.J. Brown,00-0035676,WR,rec,4.769,2.0,3.0,5.0,6.0,8.0
2025_13_CHI_PHI,PHI,CHI,A.J. Brown,00-0035676,WR,rec_yds,61.066,16.044,31.869,54.827,83.893,114.842
2025_13_CHI_PHI,PHI,CHI,A.J. Brown,00-0035676,WR,anytime_td,0.388,0.0,0.0,0.0,1.0,1.0
2025_13_CHI_PHI,PHI,CHI,DeVonta Smith,00-0036912,WR,car,0.011,0.0,0.0,0.0,0.0,0.0
2025_13_CHI_PHI,PHI,CHI,DeVonta Smith,00-0036912,WR,rush_yds,0.054,0.0,0.0,0.0,0.0,0.0
2025_13_CHI_PHI,PHI,CHI,DeVonta Smith,00-0036912,WR,tgt,7.157,3.0,5.0,7.0,9.0,12.0
2025_13_CHI_PHI,PHI,CHI,DeVonta Smith,00-0036912,WR,rec,4.774,2.0,3.0,4.0,6.0,8.0
2025_13_CHI_PHI,PHI,CHI,DeVonta Smith,00-0036912,WR,rec_yds,65.257,17.538,35.241,59.154,88.781,121.209
2025_13_CHI_PHI,PHI,CHI,DeVonta Smith,00-0036912,WR,anytime_td,0.265,0.0,0.0,0.0,1.0,1.0
2025_13_CHI_PHI,PHI,CHI,Saquon Barkley,00-0034844,RB,car,17.062,9.0,12.0,17.0,21.0,26.0
2025_13_CHI_PHI,PHI,CHI,Saquon Barkley,00-0034844,RB,rush_yds,77.834,29.406,45.78,70.39,102.327,136.783
2025_13_CHI_PHI,PHI,CHI,Saquon Barkley,00-0034844,RB,tgt,3.772,1.0,2.0,3.0,5.0,7.0
2025_13_CHI_PHI,PHI,CHI,Saquon Barkley,00-0034844,RB,rec,3.156,1.0,2.0,3.0,4.0,6.0
2025_13_CHI_PHI,PHI,CHI,Saquon Barkley,00-0034844,RB,rec_yds,24.041,0.922,8.097,19.046,34.419,53.231
2025_13_CHI_PHI,PHI,CHI,Saquon Barkley,00-0034844,RB,anytime_td,0.424,0.0,0.0,0.0,1.0,1.0
2025_13_CHI_PHI,PHI,CHI,Dallas Goedert,00-0034351,TE,car,0.039,0.0,0.0,0.0,0.0,0.0
2025_13_CHI_PHI,PHI,CHI,Dallas Goedert,00-0034351,TE,rush_yds,0.099,0.0,0.0,0.0,0.0,0.0
2025_13_CHI_PHI,PHI,CHI,Dallas Goedert,00-0034351,TE,tgt,4.766,2.0,3.0,4.0,6.0,8.0
2025_13_CHI_PHI,PHI,CHI,Dallas Goedert,00-0034351,TE,rec,3.528,1.0,2.0,3.0,5.0,6.0
2025_13_CHI_PHI,PHI,CHI,Dallas Goedert,00-0034351,TE,rec_yds,36.868,5.712,16.535,32.628,52.435,73.147
2025_13_CHI_PHI,PHI,CHI,Dallas Goedert,00-0034351,TE,anytime_td,0.362,0.0,0.0,0.0,1.0,1.0
2025_13_CHI_PHI,PHI,CHI,Jahan Dotson,00-0037741,WR,car,0.01,0.0,0.0,0.0,0.0,0.0
2025_13_CHI_PHI,PHI,CHI,Jahan Dotson,00-0037741,WR,rush_yds,0.078,0.0,0.0,0.0,0.0,0.0
2025_13_CHI_PHI,PHI,CHI,Jahan Dotson,00-0037741,WR,tgt,1.595,0.0,0.0,1.0,2.0,4.0
2025_13_CHI_PHI,PHI,CHI,Jahan Dotson,00-0037741,WR,rec,1.002,0.0,0.0,1.0,2.0,3.0
2025_13_CHI_PHI,PHI,CHI,Jahan Dotson,00-0037741,WR,rec_yds,14.063,0.0,0.0,6.44,21.264,39.863
2025_13_CHI_PHI,PHI,CHI,Jahan Dotson,00-0037741,WR,anytime_td,0.089,0.0,0.0,0.0,0.0,0.0
2025_13_CHI_PHI,PHI,CHI,Darius Cooper,00-0040024,WR,car,0.008,0.0,0.0,0.0,0.0,0.0
2025_13_CHI_PHI,PHI,CHI,Darius Cooper,00-0040024,WR,rush_yds,0.044,0.0,0.0,0.0,0.0,0.0
2025_13_CHI_PHI,PHI,CHI,Darius Cooper,00-0040024,WR,tgt,0.539,0.0,0.0,0.0,1.0,2.0
2025_13_CHI_PHI,PHI,CHI,Darius Cooper,00-0040024,WR,rec,0.362,0.0,0.0,0.0,1.0,1.0
2025_13_CHI_PHI,PHI,CHI,Darius Cooper,00-0040024,WR,rec_yds,4.339,0.0,0.0,0.0,3.08,15.798
2025_13_CHI_PHI,PHI,CHI,Darius Cooper,00-0040024,WR,anytime_td,0.009,0.0,0.0,0.0,0.0,0.0
2025_13_CHI_PHI,PHI,CHI,Grant Calcaterra,00-0037086,TE,car,0.002,0.0,0.0,0.0,0.0,0.0
2025_13_CHI_PHI,PHI,CHI,Grant Calcaterra,00-0037086,TE,rush_yds,0.003,0.0,0.0,0.0,0.0,0.0
2025_13_CHI_PHI,PHI,CHI,Grant Calcaterra,00-0037086,TE,tgt,0.95,0.0,0.0,1.0,1.0,3.0
2025_13_CHI_PHI,PHI,CHI,Grant Calcaterra,00-0037086,TE,rec,0.694,0.0,0.0,0.0,1.0,2.0
2025_13_CHI_PHI,PHI,CHI,Grant Calcaterra,00-0037086,TE,rec_yds,7.35,0.0,0.0,0.0,11.105,23.782
2025_13_CHI_PHI,PHI,CHI,Grant Calcaterra,00-0037086,TE,anytime_td,0.022,0.0,0.0,0.0,0.0,0.0
2025_13_CHI_PHI,PHI,CHI,Will Shipley,00-0039746,RB,car,1.639,0.0,0.0,1.0,2.0,5.0
2025_13_CHI_PHI,PHI,CHI,Will Shipley,00-0039746,RB,rush_yds,7.898,0.0,0.0,0.9,10.236,24.277
2025_13_CHI_PHI,PHI,CHI,Will Shipley,00-0039746,RB,tgt,0.661,0.0,0.0,0.0,1.0,2.0
2025_13_CHI_PHI,PHI,CHI,Will Shipley,00-0039746,RB,rec,0.537,0.0,0.0,0.0,1.0,2.0
2025_13_CHI_PHI,PHI,CHI,Will Shipley,00-0039746,RB,rec_yds,4.086,0.0,0.0,0.0,4.82,14.211
2025_13_CHI_PHI,PHI,CHI,Will Shipley,00-0039746,RB,anytime_td,0.039,0.0,0.0,0.0,0.0,0.0
2025_13_CHI_PHI,PHI,CHI,Kylen Granson,00-0036876,TE,car,0.002,0.0,0.0,0.0,0.0,0.0
2025_13_CHI_PHI,PHI,CHI,Kylen Granson,00-0036876,TE,rush_yds,0.012,0.0,0.0,0.0,0.0,0.0
2025_13_CHI_PHI,PHI,CHI,Kylen Granson,00-0036876,TE,tgt,0.546,0.0,0.0,0.0,1.0,2.0
2025_13_CHI_PHI,PHI,CHI,Kylen Granson,00-0036876,TE,rec,0.394,0.0,0.0,0.0,1.0,1.0
2025_13_CHI_PHI,PHI,CHI,Kylen Granson,00-0036876,TE,rec_yds,4.008,0.0,0.0,0.0,4.106,14.604
2025_13_CHI_PHI,PHI,CHI,Kylen Granson,00-0036876,TE,anytime_td,0.009,0.0,0.0,0.0,0.0,0.0
2025_13_CHI_PHI,PHI,CHI,Tank Bigsby,00-0038555,RB,car,4.81,1.0,2.0,4.0,7.0,10.0
2025_13_CHI_PHI,PHI,CHI,Tank Bigsby,00-0038555,RB,rush_yds,25.59,0.0,5.31,17.242,36.837,62.416
2025_13_CHI_PHI,PHI,CHI,Tank Bigsby,00-0038555,RB,tgt,0.304,0.0,0.0,0.0,0.0,1.0
2025_13_CHI_PHI,PHI,CHI,Tank Bigsby,00-0038555,RB,rec,0.243,0.0,0.0,0.0,0.0,1.0
2025_13_CHI_PHI,PHI,CHI,Tank Bigsby,00-0038555,RB,rec_yds,1.789,0.0,0.0,0.0,0.0,6.142
2025_13_CHI_PHI,PHI,CHI,Tank Bigsby,00-0038555,RB,anytime_td,0.127,0.0,0.0,0.0,0.0,1.0
2025_13_CHI_PHI,CHI,PHI,Caleb Williams,00-0039918,QB,att,30.514,20.0,26.0,31.0,36.0,41.0
2025_13_CHI_PHI,CHI,PHI,Caleb Williams,00-0039918,QB,cmp,18.216,11.0,15.0,18.0,22.0,26.0
2025_13_CHI_PHI,CHI,PHI,Caleb Williams,00-0039918,QB,pass_yds,203.884,118.936,159.896,203.961,249.726,295.201
2025_13_CHI_PHI,CHI,PHI,Caleb Williams,00-0039918,QB,pass_td,1.038,0.0,0.0,1.0,2.0,2.0
2025_13_CHI_PHI,CHI,PHI,Caleb Williams,00-0039918,QB,ints,0.646,0.0,0.0,0.0,1.0,2.0
2025_13_CHI_PHI,CHI,PHI,Caleb Williams,00-0039918,QB,car,4.139,1.0,2.0,4.0,6.0,8.0
2025_13_CHI_PHI,CHI,PHI,Caleb Williams,00-0039918,QB,rush_yds,23.865,0.107,8.857,19.929,34.321,50.782
2025_13_CHI_PHI,CHI,PHI,Caleb Williams,00-0039918,QB,tgt,0.002,0.0,0.0,0.0,0.0,0.0
2025_13_CHI_PHI,CHI,PHI,Caleb Williams,00-0039918,QB,rec,0.001,0.0,0.0,0.0,0.0,0.0
2025_13_CHI_PHI,CHI,PHI,Caleb Williams,00-0039918,QB,rec_yds,0.005,0.0,0.0,0.0,0.0,0.0
2025_13_CHI_PHI,CHI,PHI,Caleb Williams,00-0039918,QB,anytime_td,0.15,0.0,0.0,0.0,0.0,1.0
2025_13_CHI_PHI,CHI,PHI,DJ Moore,00-0034827,WR,car,0.836,0.0,0.0,0.0,1.0,3.0
2025_13_CHI_PHI,CHI,PHI,DJ Moore,00-0034827,WR,rush_yds,4.35,0.0,0.0,0.0,2.817,15.142
2025_13_CHI_PHI,CHI,PHI,DJ Moore,00-0034827,WR,tgt,5.44,2.0,3.0,5.0,7.0,9.0
2025_13_CHI_PHI,CHI,PHI,DJ Moore,00-0034827,WR,rec,3.224,1.0,2.0,3.0,4.0,6.0
2025_13_CHI_PHI,CHI,PHI,DJ Moore,00-0034827,WR,rec_yds,40.074,5.114,16.627,33.865,57.105,81.888
2025_13_CHI_PHI,CHI,PHI,DJ Moore,00-0034827,WR,anytime_td,0.248,0.0,0.0,0.0,0.0,1.0
2025_13_CHI_PHI,CHI,PHI,Rome Odunze,00-0039919,WR,car,0.013,0.0,0.0,0.0,0.0,0.0
2025_13_CHI_PHI,CHI,PHI,Rome Odunze,00-0039919,WR,rush_yds,0.067,0.0,0.0,0.0,0.0,0.0
2025_13_CHI_PHI,CHI,PHI,Rome Odunze,00-0039919,WR,tgt,7.129,3.0,5.0,7.0,9.0,12.0
2025_13_CHI_PHI,CHI,PHI,Rome Odunze,00-0039919,WR,rec,3.7,1.0,2.0,3.0,5.0,7.0
2025_13_CHI_PHI,CHI,PHI,Rome Odunze,00-0039919,WR,rec_yds,50.332,9.509,23.387,43.898,71.485,97.719
2025_13_CHI_PHI,CHI,PHI,Rome Odunze,00-0039919,WR,anytime_td,0.214,0.0,0.0,0.0,0.0,1.0
2025_13_CHI_PHI,CHI,PHI,Cole Kmet,00-0036290,TE,car,0.001,0.0,0.0,0.0,0.0,0.0
2025_13_CHI_PHI,CHI,PHI,Cole Kmet,00-0036290,TE,rush_yds,0.003,0.0,0.0,0.0,0.0,0.0
2025_13_CHI_PHI,CHI,PHI,Cole Kmet,00-0036290,TE,tgt,2.627,0.0,1.0,2.0,4.0,5.0
2025_13_CHI_PHI,CHI,PHI,Cole Kmet,00-0036290,TE,rec,1.753,0.0,1.0,1.0,3.0,4.0
2025_13_CHI_PHI,CHI,PHI,Cole Kmet,00-0036290,TE,rec_yds,17.196,0.0,2.034,11.876,25.47,42.475
2025_13_CHI_PHI,CHI,PHI,Cole Kmet,00-0036290,TE,anytime_td,0.074,0.0,0.0,0.0,0.0,0.0
2025_13_CHI_PHI,CHI,PHI,Colston Loveland,00-0040126,TE,car,0.002,0.0,0.0,0.0,0.0,0.0
2025_13_CHI_PHI,CHI,PHI,Colston Loveland,00-0040126,TE,rush_yds,0.006,0.0,0.0,0.0,0.0,0.0
2025_13_CHI_PHI,CHI,PHI,Colston Loveland,00-0040126,TE,tgt,4.018,1.0,2.0,4.0,5.0,7.0
2025_13_CHI_PHI,CHI,PHI,Colston Loveland,00-0040126,TE,rec,2.834,0.0,1.0,3.0,4.0,6.0
2025_13_CHI_PHI,CHI,PHI,Colston Loveland,00-0040126,TE,rec_yds,32.019,0.0,11.366,26.214,46.173,68.469
2025_13_CHI_PHI,CHI,PHI,Colston Loveland,00-0040126,TE,anytime_td,0.19,0.0,0.0,0.0,0.0,1.0
2025_13_CHI_PHI,CHI,PHI,D'Andre Swift,00-0036275,RB,car,12.372,5.0,8.0,12.0,16.0,20.0
2025_13_CHI_PHI,CHI,PHI,D'Andre Swift,00-0036275,RB,rush_yds,49.276,14.247,25.922,43.202,66.929,91.521
2025_13_CHI_PHI,CHI,PHI,D'Andre Swift,00-0036275,RB,tgt,2.9,1.0,1.0,2.0,4.0,6.0
2025_13_CHI_PHI,CHI,PHI,D'Andre Swift,00-0036275,RB,rec,2.081,0.0,1.0,2.0,3.0,4.0
2025_13_CHI_PHI,CHI,PHI,D'Andre Swift,00-0036275,RB,rec_yds,16.055,0.0,2.404,11.463,23.733,38.734
2025_13_CHI_PHI,CHI,PHI,D'Andre Swift,00-0036275,RB,anytime_td,0.28,0.0,0.0,0.0,1.0,1.0
2025_13_CHI_PHI,CHI,PHI,Luther Burden III,00-0040735,WR,car,0.298,0.0,0.0,0.0,0.0,1.0
2025_13_CHI_PHI,CHI,PHI,Luther Burden III,00-0040735,WR,rush_yds,1.505,0.0,0.0,0.0,0.0,2.605
2025_13_CHI_PHI,CHI,PHI,Luther Burden III,00-0040735,WR,tgt,3.175,1.0,2.0,3.0,4.0,6.0
2025_13_CHI_PHI,CHI,PHI,Luther Burden III,00-0040735,WR,rec,2.008,0.0,1.0,2.0,3.0,4.0
2025_13_CHI_PHI,CHI,PHI,Luther Burden III,00-0040735,WR,rec_yds,25.026,0.0,5.897,18.811,37.457,58.209
2025_13_CHI_PHI,CHI,PHI,Luther Burden III,00-0040735,WR,anytime_td,0.074,0.0,0.0,0.0,0.0,0.0
2025_13_CHI_PHI,CHI,PHI,Kyle Monangai,00-0040236,RB,car,8.697,3.0,5.0,8.0,12.0,15.0
2025_13_CHI_PHI,CHI,PHI,Kyle Monangai,00-0040236,RB,rush_yds,34.908,6.574,14.845,28.407,48.147,72.218
2025_13_CHI_PHI,CHI,PHI,Kyle Monangai,00-0040236,RB,tgt,1.39,0.0,0.0,1.0,2.0,3.0
2025_13_CHI_PHI,CHI,PHI,Kyle Monangai,00-0040236,RB,rec,1.003,0.0,0.0,1.0,2.0,3.0
2025_13_CHI_PHI,CHI,PHI,Kyle Monangai,00-0040236,RB,rec_yds,7.322,0.0,0.0,1.088,10.947,21.576
2025_13_CHI_PHI,CHI,PHI,Kyle Monangai,00-0040236,RB,anytime_td,0.245,0.0,0.0,0.0,0.0,1.0
2025_13_CHI_PHI,CHI,PHI,Olamide Zaccheaus,00-0035208,WR,car,0.205,0.0,0.0,0.0,0.0,0.0
2025_13_CHI_PHI,CHI,PHI,Olamide Zaccheaus,00-0035208,WR,rush_yds,1.112,0.0,0.0,0.0,0.0,0.0
2025_13_CHI_PHI,CHI,PHI,Olamide Zaccheaus,00-0035208,WR,tgt,4.0,1.0,2.0,4.0,5.0,7.0
2025_13_CHI_PHI,CHI,PHI,Olamide Zaccheaus,00-0035208,WR,rec,2.445,0.0,1.0,2.0,3.0,5.0
2025_13_CHI_PHI,CHI,PHI,Olamide Zaccheaus,00-0035208,WR,rec_yds,25.756,0.0,8.033,20.211,38.104,57.036
2025_13_CHI_PHI,CHI,PHI,Olamide Zaccheaus,00-0035208,WR,anytime_td,0.096,0.0,0.0,0.0,0.0,0.0
2025_13_CHI_PHI,CHI,PHI,Durham Smythe,00-0034798,TE,car,0.002,0.0,0.0,0.0,0.0,0.0
2025_13_CHI_PHI,CHI,PHI,Durham Smythe,00-0034798,TE,rush_yds,0.002,0.0,0.0,0.0,0.0,0.0
2025_13_CHI_PHI,CHI,PHI,Durham Smythe,00-0034798,TE,tgt,0.668,0.0,0.0,0.0,1.0,2.0
2025_13_CHI_PHI,CHI,PHI,Durham Smythe,00-0034798,TE,rec,0.441,0.0,0.0,0.0,1.0,1.0
2025_13_CHI_PHI,CHI,PHI,Durham Smythe,00-0034798,TE,rec_yds,4.266,0.0,0.0,0.0,5.292,15.302
2025_13_CHI_PHI,CHI,PHI,Durham Smythe,00-0034798,TE,anytime_td,0.006,0.0,0.0,0.0,0.0,0.0
2025_13_ARI_TB,TB,ARI,Baker Mayfield,00-0034855,QB,att,30.075,20.0,26.0,31.0,35.0,40.0
2025_13_ARI_TB,TB,ARI,Baker Mayfield,00-0034855,QB,cmp,19.791,13.0,16.0,20.0,24.0,27.0
2025_13_ARI_TB,TB,ARI,Baker Mayfield,00-0034855,QB,pass_yds,220.917,135.566,176.088,220.664,267.859,316.26
2025_13_ARI_TB,TB,ARI,Baker Mayfield,00-0034855,QB,pass_td,1.637,0.0,1.0,2.0,2.0,3.0
2025_13_ARI_TB,TB,ARI,Baker Mayfield,00-0034855,QB,ints,0.632,0.0,0.0,0.0,1.0,2.0
2025_13_ARI_TB,TB,ARI,Baker Mayfield,00-0034855,QB,car,3.195,1.0,2.0,3.0,4.0,6.0
2025_13_ARI_TB,TB,ARI,Baker Mayfield,00-0034855,QB,rush_yds,15.619,-1.0,3.026,12.093,23.207,38.328
2025_13_ARI_TB,TB,ARI,Baker Mayfield,00-0034855,QB,tgt,0.0,0.0,0.0,0.0,0.0,0.0
2025_13_ARI_TB,TB,ARI,Baker Mayfield,00-0034855,QB,rec,0.0,0.0,0.0,0.0,0.0,0.0
2025_13_ARI_TB,TB,ARI,Baker Mayfield,00-0034855,QB,rec_yds,0.002,0.0,0.0,0.0,0.0,0.0
2025_13_ARI_TB,TB,ARI,Baker Mayfield,00-0034855,QB,anytime_td,0.105,0.0,0.0,0.0,0.0,1.0
2025_13_ARI_TB,TB,ARI,Cade Otton,00-0038129,TE,car,0.002,0.0,0.0,0.0,0.0,0.0
2025_13_ARI_TB,TB,ARI,Cade Otton,00-0038129,TE,rush_yds,0.003,0.0,0.0,0.0,0.0,0.0
2025_13_ARI_TB,TB,ARI,Cade Otton,00-0038129,TE,tgt,4.8,2.0,3.0,4.0,6.0,8.0
2025_13_ARI_TB,TB,ARI,Cade Otton,00-0038129,TE,rec,3.463,1.0,2.0,3.0,5.0,6.0
2025_13_ARI_TB,TB,ARI,Cade Otton,00-0038129,TE,rec_yds,36.104,5.783,15.803,31.184,51.271,72.919
2025_13_ARI_TB,TB,ARI,Cade Otton,00-0038129,TE,anytime_td,0.106,0.0,0.0,0.0,0.0,1.0
2025_13_ARI_TB,TB,ARI,Emeka Egbuka,00-0040129,WR,car,0.078,0.0,0.0,0.0,0.0,0.0
2025_13_ARI_TB,TB,ARI,Emeka Egbuka,00-0040129,WR,rush_yds,0.492,0.0,0.0,0.0,0.0,0.0
2025_13_ARI_TB,TB,ARI,Emeka Egbuka,00-0040129,WR,tgt,6.685,3.0,4.0,6.0,9.0,11.0
2025_13_ARI_TB,TB,ARI,Emeka Egbuka,00-0040129,WR,rec,3.751,1.0,2.0,3.0,5.0,7.0
2025_13_ARI_TB,TB,ARI,Emeka Egbuka,00-0040129,WR,rec_yds,53.45,9.424,24.903,47.281,74.937,105.371
2025_13_ARI_TB,TB,ARI,Emeka Egbuka,00-0040129,WR,anytime_td,0.319,0.0,0.0,0.0,1.0,1.0
2025_13_ARI_TB,TB,ARI,Chris Godwin Jr.,00-0033921,WR,car,0.05,0.0,0.0,0.0,0.0,0.0
2025_13_ARI_TB,TB,ARI,Chris Godwin Jr.,00-0033921,WR,rush_yds,0.389,0.0,0.0,0.0,0.0,0.0
2025_13_ARI_TB,TB,ARI,Chris Godwin Jr.,00-0033921,WR,tgt,4.823,2.0,3.0,4.0,6.0,9.0
2025_13_ARI_TB,TB,ARI,Chris Godwin Jr.,00-0033921,WR,rec,3.088,1.0,2.0,3.0,4.0,6.0
2025_13_ARI_TB,TB,ARI,Chris Godwin Jr.,00-0033921,WR,rec_yds,37.515,4.793,14.428,31.082,53.207,79.597
2025_13_ARI_TB,TB,ARI,Chris Godwin Jr.,00-0033921,WR,anytime_td,0.204,0.0,0.0,0.0,0.0,1.0
2025_13_ARI_TB,TB,ARI,Tez Johnson,00-0040237,WR,car,0.581,0.0,0.0,0.0,0.0,2.0
2025_13_ARI_TB,TB,ARI,Tez Johnson,00-0040237,WR,rush_yds,3.278,0.0,0.0,0.0,0.0,10.612
2025_13_ARI_TB,TB,ARI,Tez Johnson,00-0040237,WR,tgt,3.167,1.0,1.0,3.0,4.0,6.0
2025_13_ARI_TB,TB,ARI,Tez Johnson,00-0040237,WR,rec,2.055,0.0,1.0,2.0,3.0,4.0
2025_13_ARI_TB,TB,ARI,Tez Johnson,00-0040237,WR,rec_yds,25.763,0.0,5.982,19.15,38.347,61.248
2025_13_ARI_TB,TB,ARI,Tez Johnson,00-0040237,WR,anytime_td,0.332,0.0,0.0,0.0,1.0,1.0
2025_13_ARI_TB,TB,ARI,Bucky Irving,00-0039361,RB,car,11.029,4.0,7.0,10.0,15.0,19.0
2025_13_ARI_TB,TB,ARI,Bucky Irving,00-0039361,RB,rush_yds,47.157,11.079,22.974,40.577,64.207,91.023
2025_13_ARI_TB,TB,ARI,Bucky Irving,00-0039361,RB,tgt,3.146,1.0,1.0,3.0,4.0,6.0
2025_13_ARI_TB,TB,ARI,Bucky Irving,00-0039361,RB,rec,2.737,0.0,1.0,2.0,4.0,5.0
2025_13_ARI_TB,TB,ARI,Bucky Irving,00-0039361,RB,rec_yds,24.352,0.0,6.613,18.586,35.643,56.321
2025_13_ARI_TB,TB,ARI,Bucky Irving,00-0039361,RB,anytime_td,0.442,0.0,0.0,0.0,1.0,1.0
2025_13_ARI_TB,TB,ARI,Rachaad White,00-0037256,RB,car,6.795,2.0,3.0,6.0,9.0,13.0
2025_13_ARI_TB,TB,ARI,Rachaad White,00-0037256,RB,rush_yds,29.954,2.947,10.388,23.491,42.092,64.928
2025_13_ARI_TB,TB,ARI,Rachaad White,00-0037256,RB,tgt,2.288,0.0,1.0,2.0,3.0,5.0
2025_13_ARI_TB,TB,ARI,Rachaad White,00-0037256,RB,rec,1.91,0.0,1.0,2.0,3.0,4.0
2025_13_ARI_TB,TB,ARI,Rachaad White,00-0037256,RB,rec_yds,13.02,0.0,0.0,8.48,19.387,33.633
2025_13_ARI_TB,TB,ARI,Rachaad White,00-0037256,RB,anytime_td,0.244,0.0,0.0,0.0,0.0,1.0
2025_13_ARI_TB,TB,ARI,Sterling Shepard,00-0032385,WR,car,0.289,0.0,0.0,0.0,0.0,1.0
2025_13_ARI_TB,TB,ARI,Sterling Shepard,00-0032385,WR,rush_yds,1.663,0.0,0.0,0.0,0.0,2.253
2025_13_ARI_TB,TB,ARI,Sterling Shepard,00-0032385,WR,tgt,3.356,1.0,2.0,3.0,5.0,6.0
2025_13_ARI_TB,TB,ARI,Sterling Shepard,00-0032385,WR,rec,2.326,0.0,1.0,2.0,3.0,5.0
2025_13_ARI_TB,TB,ARI,Sterling Shepard,00-0032385,WR,rec_yds,27.016,0.0,7.732,21.091,40.004,61.278
2025_13_ARI_TB,TB,ARI,Sterling Shepard,00-0032385,WR,anytime_td,0.115,0.0,0.0,0.0,0.0,1.0
2025_13_ARI_TB,TB,ARI,Sean Tucker,00-0038951,RB,car,5.839,1.0,3.0,5.0,8.0,12.0
2025_13_ARI_TB,TB,ARI,Sean Tucker,00-0038951,RB,rush_yds,27.166,1.115,7.722,19.818,38.676,61.91
2025_13_ARI_TB,TB,ARI,Sean Tucker,00-0038951,RB,tgt,0.995,0.0,0.0,1.0,2.0,3.0
2025_13_ARI_TB,TB,ARI,Sean Tucker,00-0038951,RB,rec,0.799,0.0,0.0,0.0,1.0,2.0
2025_13_ARI_TB,TB,ARI,Sean Tucker,00-0038951,RB,rec_yds,6.035,0.0,0.0,0.0,8.827,18.945
2025_13_ARI_TB,TB,ARI,Sean Tucker,00-0038951,RB,anytime_td,0.303,0.0,0.0,0.0,1.0,1.0
2025_13_ARI_TB,TB,ARI,Kameron Johnson,00-0039589,WR,car,0.143,0.0,0.0,0.0,0.0,0.0
2025_13_ARI_TB,TB,ARI,Kameron Johnson,00-0039589,WR,rush_yds,0.742,0.0,0.0,0.0,0.0,0.0
2025_13_ARI_TB,TB,ARI,Kameron Johnson,00-0039589,WR,tgt,0.5,0.0,0.0,0.0,1.0,2.0
2025_13_ARI_TB,TB,ARI,Kameron Johnson,00-0039589,WR,rec,0.324,0.0,0.0,0.0,0.0,1.0
2025_13_ARI_TB,TB,ARI,Kameron Johnson,00-0039589,WR,rec_yds,4.484,0.0,0.0,0.0,0.0,16.824
2025_13_ARI_TB,TB,ARI,Kameron Johnson,00-0039589,WR,anytime_td,0.037,0.0,0.0,0.0,0.0,0.0
2025_13_ARI_TB,ARI,TB,Jacoby Brissett,00-0033119,QB,att,35.043,24.0,30.0,36.0,42.0,46.0
2025_13_ARI_TB,ARI,TB,Jacoby Brissett,00-0033119,QB,cmp,22.743,15.0,19.0,23.0,27.0,31.0
2025_13_ARI_TB,ARI,TB,Jacoby Brissett,00-0033119,QB,pass_yds,238.439,147.684,193.08,239.951,288.97,334.624
2025_13_ARI_TB,ARI,TB,Jacoby Brissett,00-0033119,QB,pass_td,1.331,0.0,1.0,1.0,2.0,3.0
2025_13_ARI_TB,ARI,TB,Jacoby Brissett,00-0033119,QB,ints,0.774,0.0,0.0,1.0,1.0,2.0
2025_13_ARI_TB,ARI,TB,Jacoby Brissett,00-0033119,QB,car,3.515,1.0,2.0,3.0,5.0,7.0
2025_13_ARI_TB,ARI,TB,Jacoby Brissett,00-0033119,QB,rush_yds,16.723,0.0,3.907,12.698,24.976,39.507
2025_13_ARI_TB,ARI,TB,Jacoby Brissett,00-0033119,QB,tgt,0.001,0.0,0.0,0.0,0.0,0.0
2025_13_ARI_TB,ARI,TB,Jacoby Brissett,00-0033119,QB,rec,0.0,0.0,0.0,0.0,0.0,0.0
2025_13_ARI_TB,ARI,TB,Jacoby Brissett,00-0033119,QB,rec_yds,0.002,0.0,0.0,0.0,0.0,0.0
2025_13_ARI_TB,ARI,TB,Jacoby Brissett,00-0033119,QB,anytime_td,0.097,0.0,0.0,0.0,0.0,0.0
2025_13_ARI_TB,ARI,TB,Michael Wilson,00-0038559,WR,car,0.029,0.0,0.0,0.0,0.0,0.0
2025_13_ARI_TB,ARI,TB,Michael Wilson,00-0038559,WR,rush_yds,0.147,0.0,0.0,0.0,0.0,0.0
2025_13_ARI_TB,ARI,TB,Michael Wilson,00-0038559,WR,tgt,7.157,3.0,5.0,7.0,9.0,12.0
2025_13_ARI_TB,ARI,TB,Michael Wilson,00-0038559,WR,rec,4.699,2.0,3.0,4.0,6.0,8.0
2025_13_ARI_TB,ARI,TB,Michael Wilson,00-0038559,WR,rec_yds,55.258,13.72,27.641,49.218,75.51,106.364
2025_13_ARI_TB,ARI,TB,Michael Wilson,00-0038559,WR,anytime_td,0.124,0.0,0.0,0.0,0.0,1.0
2025_13_ARI_TB,ARI,TB,Trey McBride,00-0037744,TE,car,0.005,0.0,0.0,0.0,0.0,0.0
2025_13_ARI_TB,ARI,TB,Trey McBride,00-0037744,TE,rush_yds,0.019,0.0,0.0,0.0,0.0,0.0
2025_13_ARI_TB,ARI,TB,Trey McBride,00-0037744,TE,tgt,9.076,4.0,6.0,9.0,11.0,14.0
2025_13_ARI_TB,ARI,TB,Trey McBride,00-0037744,TE,rec,6.636,3.0,4.0,6.0,8.25,11.0
2025_13_ARI_TB,ARI,TB,Trey McBride,00-0037744,TE,rec_yds,65.732,22.653,39.271,61.059,87.702,113.463
2025_13_ARI_TB,ARI,TB,Trey McBride,00-0037744,TE,anytime_td,0.393,0.0,0.0,0.0,1.0,1.0
2025_13_ARI_TB,ARI,TB,Marvin Harrison Jr.,00-0039849,WR,car,0.008,0.0,0.0,0.0,0.0,0.0
2025_13_ARI_TB,ARI,TB,Marvin Harrison Jr.,00-0039849,WR,rush_yds,0.043,0.0,0.0,0.0,0.0,0.0
2025_13_ARI_TB,ARI,TB,Marvin Harrison Jr.,00-0039849,WR,tgt,7.541,3.0,5.0,7.0,10.0,12.0
2025_13_ARI_TB,ARI,TB,Marvin Harrison Jr.,00-0039849,WR,rec,4.238,1.0,3.0,4.0,6.0,7.0
2025_13_ARI_TB,ARI,TB,Marvin Harrison Jr.,00-0039849,WR,rec_yds,56.582,12.204,27.308,50.599,78.92,108.697
2025_13_ARI_TB,ARI,TB,Marvin Harrison Jr.,00-0039849,WR,anytime_td,0.3,0.0,0.0,0.0,1.0,1.0
2025_13_ARI_TB,ARI,TB,Michael Carter,00-0036924,RB,car,7.329,2.0,4.0,7.0,10.0,13.0
2025_13_ARI_TB,ARI,TB,Michael Carter,00-0036924,RB,rush_yds,28.769,4.377,11.439,22.89,40.191,61.065
2025_13_ARI_TB,ARI,TB,Michael Carter,00-0036924,RB,tgt,2.649,0.0,1.0,2.0,4.0,5.0
2025_13_ARI_TB,ARI,TB,Michael Carter,00-0036924,RB,rec,2.05,0.0,1.0,2.0,3.0,4.0
2025_13_ARI_TB,ARI,TB,Michael Carter,00-0036924,RB,rec_yds,14.671,0.0,1.696,10.221,21.953,36.15
2025_13_ARI_TB,ARI,TB,Michael Carter,00-0036924,RB,anytime_td,0.16,0.0,0.0,0.0,0.0,1.0
2025_13_ARI_TB,ARI,TB,Xavier Weaver,00-0039521,WR,car,0.016,0.0,0.0,0.0,0.0,0.0
2025_13_ARI_TB,ARI,TB,Xavier Weaver,00-0039521,WR,rush_yds,0.122,0.0,0.0,0.0,0.0,0.0
2025_13_ARI_TB,ARI,TB,Xavier Weaver,00-0039521,WR,tgt,1.419,0.0,0.0,1.0,2.0,3.0
2025_13_ARI_TB,ARI,TB,Xavier Weaver,00-0039521,WR,rec,0.845,0.0,0.0,1.0,1.0,2.0
2025_13_ARI_TB,ARI,TB,Xavier Weaver,00-0039521,WR,rec_yds,9.951,0.0,0.0,0.0,14.731,30.594
2025_13_ARI_TB,ARI,TB,Xavier Weaver,00-0039521,WR,anytime_td,0.016,0.0,0.0,0.0,0.0,0.0
2025_13_ARI_TB,ARI,TB,Bam Knight,00-0037157,RB,car,9.778,4.0,6.0,9.0,13.0,17.0
2025_13_ARI_TB,ARI,TB,Bam Knight,00-0037157,RB,rush_yds,36.85,8.521,17.518,31.053,49.343,72.63
2025_13_ARI_TB,ARI,TB,Bam Knight,00-0037157,RB,tgt,2.697,0.0,1.0,2.0,4.0,6.0
2025_13_ARI_TB,ARI,TB,Bam Knight,00-0037157,RB,rec,2.039,0.0,1.0,2.0,3.0,4.0
2025_13_ARI_TB,ARI,TB,Bam Knight,00-0037157,RB,rec_yds,13.987,0.0,1.81,9.332,20.99,35.033
2025_13_ARI_TB,ARI,TB,Bam Knight,00-0037157,RB,anytime_td,0.279,0.0,0.0,0.0,1.0,1.0
2025_13_ARI_TB,ARI,TB,Elijah Higgins,00-0039041,TE,car,0.002,0.0,0.0,0.0,0.0,0.0
2025_13_ARI_TB,ARI,TB,Elijah Higgins,00-0039041,TE,rush_yds,0.003,0.0,0.0,0.0,0.0,0.0
2025_13_ARI_TB,ARI,TB,Elijah Higgins,00-0039041,TE,tgt,1.609,0.0,0.0,1.0,2.0,4.0
2025_13_ARI_TB,ARI,TB,Elijah Higgins,00-0039041,TE,rec,1.148,0.0,0.0,1.0,2.0,3.0
2025_13_ARI_TB,ARI,TB,Elijah Higgins,00-0039041,TE,rec_yds,11.081,0.0,0.0,5.703,17.02,31.62
2025_13_ARI_TB,ARI,TB,Elijah Higgins,00-0039041,TE,anytime_td,0.028,0.0,0.0,0.0,0.0,0.0
2025_13_ARI_TB,ARI,TB,Greg Dortch,00-0035500,WR,car,0.861,0.0,0.0,0.0,1.0,3.0
2025_13_ARI_TB,ARI,TB,Greg Dortch,00-0035500,WR,rush_yds,4.438,0.0,0.0,0.0,3.945,15.936
2025_13_ARI_TB,ARI,TB,Greg Dortch,00-0035500,WR,tgt,3.107,1.0,1.0,3.0,4.0,6.0
2025_13_ARI_TB,ARI,TB,Greg Dortch,00-0035500,WR,rec,2.176,0.0,1.0,2.0,3.0,5.0
2025_13_ARI_TB,ARI,TB,Greg Dortch,00-0035500,WR,rec_yds,23.103,0.0,5.812,17.258,33.571,54.664
2025_13_ARI_TB,ARI,TB,Greg Dortch,00-0035500,WR,anytime_td,0.266,0.0,0.0,0.0,1.0,1.0
2025_13_ATL_NYJ,NYJ,ATL,Tyrod Taylor,00-0028118,QB,att,26.295,17.0,22.0,27.0,31.0,36.0
2025_13_ATL_NYJ,NYJ,ATL,Tyrod Taylor,00-0028118,QB,cmp,16.551,10.0,13.0,17.0,20.0,23.0
2025_13_ATL_NYJ,NYJ,ATL,Tyrod Taylor,00-0028118,QB,pass_yds,177.902,100.255,137.716,177.282,218.749,260.363
2025_13_ATL_NYJ,NYJ,ATL,Tyrod Taylor,00-0028118,QB,pass_td,1.048,0.0,0.0,1.0,2.0,2.0
2025_13_ATL_NYJ,NYJ,ATL,Tyrod Taylor,00-0028118,QB,ints,0.677,0.0,0.0,0.0,1.0,2.0
2025_13_ATL_NYJ,NYJ,ATL,Tyrod Taylor,00-0028118,QB,car,4.254,1.0,2.0,4.0,6.0,8.0
2025_13_ATL_NYJ,NYJ,ATL,Tyrod Taylor,00-0028118,QB,rush_yds,22.208,1.755,8.454,18.787,31.937,46.027
2025_13_ATL_NYJ,NYJ,ATL,Tyrod Taylor,00-0028118,QB,tgt,0.001,0.0,0.0,0.0,0.0,0.0
2025_13_ATL_NYJ,NYJ,ATL,Tyrod Taylor,00-0028118,QB,rec,0.0,0.0,0.0,0.0,0.0,0.0
2025_13_ATL_NYJ,NYJ,ATL,Tyrod Taylor,00-0028118,QB,rec_yds,0.002,0.0,0.0,0.0,0.0,0.0
2025_13_ATL_NYJ,NYJ,ATL,Tyrod Taylor,00-0028118,QB,anytime_td,0.022,0.0,0.0,0.0,0.0,0.0
2025_13_ATL_NYJ,NYJ,ATL,John Metchie III,00-0037614,WR,car,0.203,0.0,0.0,0.0,0.0,0.0
2025_13_ATL_NYJ,NYJ,ATL,John Metchie III,00-0037614,WR,rush_yds,1.09,0.0,0.0,0.0,0.0,0.0
2025_13_ATL_NYJ,NYJ,ATL,John Metchie III,00-0037614,WR,tgt,2.934,1.0,1.0,3.0,4.0,6.0
2025_13_ATL_NYJ,NYJ,ATL,John Metchie III,00-0037614,WR,rec,1.952,0.0,1.0,2.0,3.0,4.0
2025_13_ATL_NYJ,NYJ,ATL,John Metchie III,00-0037614,WR,rec_yds,24.056,0.0,5.17,17.361,36.414,56.722
2025_13_ATL_NYJ,NYJ,ATL,John Metchie III,00-0037614,WR,anytime_td,0.17,0.0,0.0,0.0,0.0,1.0
2025_13_ATL_NYJ,NYJ,ATL,Breece Hall,00-0038120,RB,car,19.907,12.0,15.0,19.0,24.0,29.0
2025_13_ATL_NYJ,NYJ,ATL,Breece Hall,00-0038120,RB,rush_yds,81.413,34.52,50.994,74.412,104.275,138.571
2025_13_ATL_NYJ,NYJ,ATL,Breece Hall,00-0038120,RB,tgt,3.543,1.0,2.0,3.0,5.0,7.0
2025_13_ATL_NYJ,NYJ,ATL,Breece Hall,00-0038120,RB,rec,2.696,0.0,1.0,2.0,4.0,5.0
2025_13_ATL_NYJ,NYJ,ATL,Breece Hall,00-0038120,RB,rec_yds,24.802,0.0,7.126,19.259,36.697,55.76
2025_13_ATL_NYJ,NYJ,ATL,Breece Hall,00-0038120,RB,anytime_td,0.361,0.0,0.0,0.0,1.0,1.0
2025_13_ATL_NYJ,NYJ,ATL,Adonai Mitchell,00-0039890,WR,car,0.041,0.0,0.0,0.0,0.0,0.0
2025_13_ATL_NYJ,NYJ,ATL,Adonai Mitchell,00-0039890,WR,rush_yds,0.226,0.0,0.0,0.0,0.0,0.0
2025_13_ATL_NYJ,NYJ,ATL,Adonai Mitchell,00-0039890,WR,tgt,3.486,1.0,2.0,3.0,5.0,7.0
2025_13_ATL_NYJ,NYJ,ATL,Adonai Mitchell,00-0039890,WR,rec,1.803,0.0,1.0,2.0,3.0,4.0
2025_13_ATL_NYJ,NYJ,ATL,Adonai Mitchell,00-0039890,WR,rec_yds,24.325,0.0,4.584,17.877,36.363,58.288
2025_13_ATL_NYJ,NYJ,ATL,Adonai Mitchell,00-0039890,WR,anytime_td,0.041,0.0,0.0,0.0,0.0,0.0
2025_13_ATL_NYJ,NYJ,ATL,Mason Taylor,00-0040736,TE,car,0.004,0.0,0.0,0.0,0.0,0.0
2025_13_ATL_NYJ,NYJ,ATL,Mason Taylor,00-0040736,TE,rush_yds,0.008,0.0,0.0,0.0,0.0,0.0
2025_13_ATL_NYJ,NYJ,ATL,Mason Taylor,00-0040736,TE,tgt,5.313,2.0,3.0,5.0,7.0,9.0
2025_13_ATL_NYJ,NYJ,ATL,Mason Taylor,00-0040736,TE,rec,3.637,1.0,2.0,3.0,5.0,6.0
2025_13_ATL_NYJ,NYJ,ATL,Mason Taylor,00-0040736,TE,rec_yds,34.592,6.686,16.049,30.695,48.445,67.631
2025_13_ATL_NYJ,NYJ,ATL,Mason Taylor,00-0040736,TE,anytime_td,0.138,0.0,0.0,0.0,0.0,1.0
2025_13_ATL_NYJ,NYJ,ATL,Jeremy Ruckert,00-0037805,TE,car,0.001,0.0,0.0,0.0,0.0,0.0
2025_13_ATL_NYJ,NYJ,ATL,Jeremy Ruckert,00-0037805,TE,rush_yds,0.004,0.0,0.0,0.0,0.0,0.0
2025_13_ATL_NYJ,NYJ,ATL,Jeremy Ruckert,00-0037805,TE,tgt,1.69,0.0,0.0,1.0,3.0,4.0
2025_13_ATL_NYJ,NYJ,ATL,Jeremy Ruckert,00-0037805,TE,rec,1.194,0.0,0.0,1.0,2.0,3.0
2025_13_ATL_NYJ,NYJ,ATL,Jeremy Ruckert,00-0037805,TE,rec_yds,11.888,0.0,0.0,6.966,18.123,32.464
2025_13_ATL_NYJ,NYJ,ATL,Jeremy Ruckert,00-0037805,TE,anytime_td,0.049,0.0,0.0,0.0,0.0,0.0
2025_13_ATL_NYJ,NYJ,ATL,Isaiah Williams,00-0039451,WR,car,0.398,0.0,0.0,0.0,0.0,1.0
2025_13_ATL_NYJ,NYJ,ATL,Isaiah Williams,00-0039451,WR,rush_yds,2.052,0.0,0.0,0.0,0.0,5.67
2025_13_ATL_NYJ,NYJ,ATL,Isaiah Williams,00-0039451,WR,tgt,1.813,0.0,1.0,1.0,3.0,4.0
2025_13_ATL_NYJ,NYJ,ATL,Isaiah Williams,00-0039451,WR,rec,1.074,0.0,0.0,1.0,2.0,3.0
2025_13_ATL_NYJ,NYJ,ATL,Isaiah Williams,00-0039451,WR,rec_yds,12.982,0.0,0.0,6.284,19.374,37.337
2025_13_ATL_NYJ,NYJ,ATL,Isaiah Williams,00-0039451,WR,anytime_td,0.025,0.0,0.0,0.0,0.0,0.0
2025_13_ATL_NYJ,NYJ,ATL,Allen Lazard,00-0034521,WR,car,0.013,0.0,0.0,0.0,0.0,0.0
2025_13_ATL_NYJ,NYJ,ATL,Allen Lazard,00-0034521,WR,rush_yds,0.052,0.0,0.0,0.0,0.0,0.0
2025_13_ATL_NYJ,NYJ,ATL,Allen Lazard,00-0034521,WR,tgt,2.478,0.0,1.0,2.0,4.0,5.0
2025_13_ATL_NYJ,NYJ,ATL,Allen Lazard,00-0034521,WR,rec,1.426,0.0,0.0,1.0,2.0,3.0
2025_13_ATL_NYJ,NYJ,ATL,Allen Lazard,00-0034521,WR,rec_yds,17.56,0.0,0.0,11.049,26.901,45.543
2025_13_ATL_NYJ,NYJ,ATL,Allen Lazard,00-0034521,WR,anytime_td,0.106,0.0,0.0,0.0,0.0,1.0
2025_13_ATL_NYJ,NYJ,ATL,Andrew Beck,00-0034959,RB,car,0.308,0.0,0.0,0.0,0.0,1.0
2025_13_ATL_NYJ,NYJ,ATL,Andrew Beck,00-0034959,RB,rush_yds,1.214,0.0,0.0,0.0,0.0,2.722
2025_13_ATL_NYJ,NYJ,ATL,Andrew Beck,00-0034959,RB,tgt,0.662,0.0,0.0,0.0,1.0,2.0
2025_13_ATL_NYJ,NYJ,ATL,Andrew Beck,00-0034959,RB,rec,0.503,0.0,0.0,0.0,1.0,2.0
2025_13_ATL_NYJ,NYJ,ATL,Andrew Beck,00-0034959,RB,rec_yds,3.814,0.0,0.0,0.0,4.29,13.222
2025_13_ATL_NYJ,NYJ,ATL,Andrew Beck,00-0034959,RB,anytime_td,0.049,0.0,0.0,0.0,0.0,0.0
2025_13_ATL_NYJ,NYJ,ATL,Isaiah Davis,00-0039798,RB,car,3.816,0.0,1.0,3.0,6.0,8.0
2025_13_ATL_NYJ,NYJ,ATL,Isaiah Davis,00-0039798,RB,rush_yds,15.617,0.0,2.629,9.905,22.064,39.506
2025_13_ATL_NYJ,NYJ,ATL,Isaiah Davis,00-0039798,RB,tgt,2.028,0.0,1.0,2.0,3.0,4.0
2025_13_ATL_NYJ,NYJ,ATL,Isaiah Davis,00-0039798,RB,rec,1.526,0.0,0.0,1.0,2.0,3.0
2025_13_ATL_NYJ,NYJ,ATL,Isaiah Davis,00-0039798,RB,rec_yds,11.851,0.0,0.0,6.973,17.753,32.121
2025_13_ATL_NYJ,NYJ,ATL,Isaiah Davis,00-0039798,RB,anytime_td,0.079,0.0,0.0,0.0,0.0,0.0
2025_13_ATL_NYJ,NYJ,ATL,Stone Smartt,00-0037475,TE,car,0.003,0.0,0.0,0.0,0.0,0.0
2025_13_ATL_NYJ,NYJ,ATL,Stone Smartt,00-0037475,TE,rush_yds,0.004,0.0,0.0,0.0,0.0,0.0
2025_13_ATL_NYJ,NYJ,ATL,Stone Smartt,00-0037475,TE,tgt,0.849,0.0,0.0,0.0,1.0,2.0
2025_13_ATL_NYJ,NYJ,ATL,Stone Smartt,00-0037475,TE,rec,0.59,0.0,0.0,0.0,1.0,2.0
2025_13_ATL_NYJ,NYJ,ATL,Stone Smartt,00-0037475,TE,rec_yds,6.312,0.0,0.0,0.0,8.955,20.934
2025_13_ATL_NYJ,NYJ,ATL,Stone Smartt,00-0037475,TE,anytime_td,0.015,0.0,0.0,0.0,0.0,0.0
2025_13_ATL_NYJ,NYJ,ATL,Tyler Johnson,00-0036427,WR,car,0.012,0.0,0.0,0.0,0.0,0.0
2025_13_ATL_NYJ,NYJ,ATL,Tyler Johnson,00-0036427,WR,rush_yds,0.064,0.0,0.0,0.0,0.0,0.0
2025_13_ATL_NYJ,NYJ,ATL,Tyler Johnson,00-0036427,WR,tgt,2.137,0.0,1.0,2.0,3.0,5.0
2025_13_ATL_NYJ,NYJ,ATL,Tyler Johnson,00-0036427,WR,rec,1.284,0.0,0.0,1.0,2.0,3.0
2025_13_ATL_NYJ,NYJ,ATL,Tyler Johnson,00-0036427,WR,rec_yds,17.88,0.0,0.0,10.65,27.313,48.147
2025_13_ATL_NYJ,NYJ,ATL,Tyler Johnson,00-0036427,WR,anytime_td,0.096,0.0,0.0,0.0,0.0,0.0
2025_13_ATL_NYJ,ATL,NYJ,Kirk Cousins,00-0029604,QB,att,29.778,20.0,25.0,30.0,35.0,40.0
2025_13_ATL_NYJ,ATL,NYJ,Kirk Cousins,00-0029604,QB,cmp,18.679,12.0,15.0,19.0,23.0,26.0
2025_13_ATL_NYJ,ATL,NYJ,Kirk Cousins,00-0029604,QB,pass_yds,204.298,122.335,160.735,202.903,249.529,294.283
2025_13_ATL_NYJ,ATL,NYJ,Kirk Cousins,00-0029604,QB,pass_td,1.184,0.0,0.0,1.0,2.0,3.0
2025_13_ATL_NYJ,ATL,NYJ,Kirk Cousins,00-0029604,QB,ints,0.598,0.0,0.0,0.0,1.0,2.0
2025_13_ATL_NYJ,ATL,NYJ,Kirk Cousins,00-0029604,QB,car,2.35,0.0,1.0,2.0,3.0,5.0
2025_13_ATL_NYJ,ATL,NYJ,Kirk Cousins,00-0029604,QB,rush_yds,7.804,-1.015,0.0,3.244,12.044,23.6
2025_13_ATL_NYJ,ATL,NYJ,Kirk Cousins,00-0029604,QB,tgt,0.001,0.0,0.0,0.0,0.0,0.0
2025_13_ATL_NYJ,ATL,NYJ,Kirk Cousins,00-0029604,QB,rec,0.001,0.0,0.0,0.0,0.0,0.0
2025_13_ATL_NYJ,ATL,NYJ,Kirk Cousins,00-0029604,QB,rec_yds,0.003,0.0,0.0,0.0,0.0,0.0
2025_13_ATL_NYJ,ATL,NYJ,Kirk Cousins,00-0029604,QB,anytime_td,0.019,0.0,0.0,0.0,0.0,0.0
2025_13_ATL_NYJ,ATL,NYJ,Darnell Mooney,00-0036309,WR,car,0.01,0.0,0.0,0.0,0.0,0.0
2025_13_ATL_NYJ,ATL,NYJ,Darnell Mooney,00-0036309,WR,rush_yds,0.034,0.0,0.0,0.0,0.0,0.0
2025_13_ATL_NYJ,ATL,NYJ,Darnell Mooney,00-0036309,WR,tgt,7.44,3.0,5.0,7.0,10.0,12.0
2025_13_ATL_NYJ,ATL,NYJ,Darnell Mooney,00-0036309,WR,rec,3.951,1.0,2.0,4.0,5.0,7.0
2025_13_ATL_NYJ,ATL,NYJ,Darnell Mooney,00-0036309,WR,rec_yds,56.763,12.117,26.922,50.417,80.117,109.44
2025_13_ATL_NYJ,ATL,NYJ,Darnell Mooney,00-0036309,WR,anytime_td,0.169,0.0,0.0,0.0,0.0,1.0
2025_13_ATL_NYJ,ATL,NYJ,Kyle Pitts,00-0036970,TE,car,0.002,0.0,0.0,0.0,0.0,0.0
2025_13_ATL_NYJ,ATL,NYJ,Kyle Pitts,00-0036970,TE,rush_yds,0.007,0.0,0.0,0.0,0.0,0.0
2025_13_ATL_NYJ,ATL,NYJ,Kyle Pitts,00-0036970,TE,tgt,8.275,4.0,6.0,8.0,10.0,13.0
2025_13_ATL_NYJ,ATL,NYJ,Kyle Pitts,00-0036970,TE,rec,5.536,2.0,4.0,5.0,7.0,9.0
2025_13_ATL_NYJ,ATL,NYJ,Kyle Pitts,00-0036970,TE,rec_yds,57.299,18.068,33.3,52.344,76.779,101.555
2025_13_ATL_NYJ,ATL,NYJ,Kyle Pitts,00-0036970,TE,anytime_td,0.134,0.0,0.0,0.0,0.0,1.0
2025_13_ATL_NYJ,ATL,NYJ,Bijan Robinson,00-0038542,RB,car,16.265,9.0,12.0,16.0,20.0,25.0
2025_13_ATL_NYJ,ATL,NYJ,Bijan Robinson,00-0038542,RB,rush_yds,71.608,27.205,41.757,65.458,93.194,124.456
2025_13_ATL_NYJ,ATL,NYJ,Bijan Robinson,00-0038542,RB,tgt,6.806,3.0,4.0,6.0,9.0,11.0
2025_13_ATL_NYJ,ATL,NYJ,Bijan Robinson,00-0038542,RB,rec,5.232,2.0,3.0,5.0,7.0,9.0
2025_13_ATL_NYJ,ATL,NYJ,Bijan Robinson,00-0038542,RB,rec_yds,46.052,10.775,22.469,40.764,63.108,88.899
2025_13_ATL_NYJ,ATL,NYJ,Bijan Robinson,00-0038542,RB,anytime_td,0.43,0.0,0.0,0.0,1.0,1.0
2025_13_ATL_NYJ,ATL,NYJ,David Sills,00-0035359,WR,car,0.01,0.0,0.0,0.0,0.0,0.0
2025_13_ATL_NYJ,ATL,NYJ,David Sills,00-0035359,WR,rush_yds,0.048,0.0,0.0,0.0,0.0,0.0
2025_13_ATL_NYJ,ATL,NYJ,David Sills,00-0035359,WR,tgt,2.121,0.0,1.0,2.0,3.0,5.0
2025_13_ATL_NYJ,ATL,NYJ,David Sills,00-0035359,WR,rec,1.239,0.0,0.0,1.0,2.0,3.0
2025_13_ATL_NYJ,ATL,NYJ,David Sills,00-0035359,WR,rec_yds,15.648,0.0,0.0,9.191,24.11,42.063
2025_13_ATL_NYJ,ATL,NYJ,David Sills,00-0035359,WR,anytime_td,0.109,0.0,0.0,0.0,0.0,1.0
2025_13_ATL_NYJ,ATL,NYJ,Charlie Woerner,00-0036429,TE,car,0.001,0.0,0.0,0.0,0.0,0.0
2025_13_ATL_NYJ,ATL,NYJ,Charlie Woerner,00-0036429,TE,rush_yds,-0.002,0.0,0.0,0.0,0.0,0.0
2025_13_ATL_NYJ,ATL,NYJ,Charlie Woerner,00-0036429,TE,tgt,1.219,0.0,0.0,1.0,2.0,3.0
2025_13_ATL_NYJ,ATL,NYJ,Charlie Woerner,00-0036429,TE,rec,0.87,0.0,0.0,1.0,1.0,2.0
2025_13_ATL_NYJ,ATL,NYJ,Charlie Woerner,00-0036429,TE,rec_yds,9.025,0.0,0.0,1.051,13.464,27.967
2025_13_ATL_NYJ,ATL,NYJ,Charlie Woerner,00-0036429,TE,anytime_td,0.011,0.0,0.0,0.0,0.0,0.0
2025_13_ATL_NYJ,ATL,NYJ,Dylan Drummond,00-0038953,WR,car,0.021,0.0,0.0,0.0,0.0,0.0
2025_13_ATL_NYJ,ATL,NYJ,Dylan Drummond,00-0038953,WR,rush_yds,0.112,0.0,0.0,0.0,0.0,0.0
2025_13_ATL_NYJ,ATL,NYJ,Dylan Drummond,00-0038953,WR,tgt,1.764,0.0,1.0,1.0,3.0,4.0
2025_13_ATL_NYJ,ATL,NYJ,Dylan Drummond,00-0038953,WR,rec,1.11,0.0,0.0,1.0,2.0,3.0
2025_13_ATL_NYJ,ATL,NYJ,Dylan Drummond,00-0038953,WR,rec_yds,13.713,0.0,0.0,6.736,20.984,38.758
2025_13_ATL_NYJ,ATL,NYJ,Dylan Drummond,00-0038953,WR,anytime_td,0.019,0.0,0.0,0.0,0.0,0.0
2025_13_ATL_NYJ,ATL,NYJ,Tyler Allgeier,00-0037263,RB,car,7.981,2.0,4.0,7.0,11.0,15.0
2025_13_ATL_NYJ,ATL,NYJ,Tyler Allgeier,00-0037263,RB,rush_yds,30.613,4.74,12.079,24.802,41.965,64.697
2025_13_ATL_NYJ,ATL,NYJ,Tyler Allgeier,00-0037263,RB,tgt,1.247,0.0,0.0,1.0,2.0,3.0
2025_13_ATL_NYJ,ATL,NYJ,Tyler Allgeier,00-0037263,RB,rec,0.96,0.0,0.0,1.0,1.0,3.0
2025_13_ATL_NYJ,ATL,NYJ,Tyler Allgeier,00-0037263,RB,rec_yds,6.908,0.0,0.0,1.025,10.371,21.073
2025_13_ATL_NYJ,ATL,NYJ,Tyler Allgeier,00-0037263,RB,anytime_td,0.347,0.0,0.0,0.0,1.0,1.0
2025_13_ATL_NYJ,ATL,NYJ,Deven Thompkins,00-0037487,WR,car,0.298,0.0,0.0,0.0,0.0,1.0
2025_13_ATL_NYJ,ATL,NYJ,Deven Thompkins,00-0037487,WR,rush_yds,1.487,0.0,0.0,0.0,0.0,1.959
2025_13_ATL_NYJ,ATL,NYJ,Deven Thompkins,00-0037487,WR,tgt,1.175,0.0,0.0,1.0,2.0,3.0
2025_13_ATL_NYJ,ATL,NYJ,Deven Thompkins,00-0037487,WR,rec,0.721,0.0,0.0,0.0,1.0,2.0
2025_13_ATL_NYJ,ATL,NYJ,Deven Thompkins,00-0037487,WR,rec_yds,9.226,0.0,0.0,0.0,13.51,28.538
2025_13_ATL_NYJ,ATL,NYJ,Deven Thompkins,00-0037487,WR,anytime_td,0.028,0.0,0.0,0.0,0.0,0.0
2025_13_BUF_PIT,PIT,BUF,DK Metcalf,00-0035640,WR,car,0.336,0.0,0.0,0.0,0.0,1.0
2025_13_BUF_PIT,PIT,BUF,DK Metcalf,00-0035640,WR,rush_yds,1.874,0.0,0.0,0.0,0.0,3.999
2025_13_BUF_PIT,PIT,BUF,DK Metcalf,00-0035640,WR,tgt,6.364,3.0,4.0,6.0,8.0,11.0
2025_13_BUF_PIT,PIT,BUF,DK Metcalf,00-0035640,WR,rec,3.752,1.0,2.0,3.0,5.0,7.0
2025_13_BUF_PIT,PIT,BUF,DK Metcalf,00-0035640,WR,rec_yds,49.404,8.585,22.188,43.232,69.295,97.959
2025_13_BUF_PIT,PIT,BUF,DK Metcalf,00-0035640,WR,anytime_td,0.263,0.0,0.0,0.0,1.0,1.0
2025_13_BUF_PIT,PIT,BUF,Aaron Rodgers,00-0023459,QB,att,29.035,19.0,24.0,30.0,35.0,40.0
2025_13_BUF_PIT,PIT,BUF,Aaron Rodgers,00-0023459,QB,cmp,18.57,12.0,15.0,19.0,22.0,26.0
2025_13_BUF_PIT,PIT,BUF,Aaron Rodgers,00-0023459,QB,pass_yds,200.785,119.094,157.172,201.001,245.086,293.256
2025_13_BUF_PIT,PIT,BUF,Aaron Rodgers,00-0023459,QB,pass_td,1.302,0.0,0.0,1.0,2.0,3.0
2025_13_BUF_PIT,PIT,BUF,Aaron Rodgers,00-0023459,QB,ints,0.676,0.0,0.0,0.0,1.0,2.0
2025_13_BUF_PIT,PIT,BUF,Aaron Rodgers,00-0023459,QB,car,1.596,0.0,0.0,1.0,2.0,4.0
2025_13_BUF_PIT,PIT,BUF,Aaron Rodgers,00-0023459,QB,rush_yds,6.226,-1.0,0.0,0.954,10.398,19.935
2025_13_BUF_PIT,PIT,BUF,Aaron Rodgers,00-0023459,QB,tgt,0.0,0.0,0.0,0.0,0.0,0.0
2025_13_BUF_PIT,PIT,BUF,Aaron Rodgers,00-0023459,QB,rec,0.0,0.0,0.0,0.0,0.0,0.0
2025_13_BUF_PIT,PIT,BUF,Aaron Rodgers,00-0023459,QB,rec_yds,0.0,0.0,0.0,0.0,0.0,0.0
2025_13_BUF_PIT,PIT,BUF,Aaron Rodgers,00-0023459,QB,anytime_td,0.002,0.0,0.0,0.0,0.0,0.0
2025_13_BUF_PIT,PIT,BUF,Darnell Washington,00-0038558,TE,car,0.001,0.0,0.0,0.0,0.0,0.0
2025_13_BUF_PIT,PIT,BUF,Darnell Washington,00-0038558,TE,rush_yds,0.004,0.0,0.0,0.0,0.0,0.0
2025_13_BUF_PIT,PIT,BUF,Darnell Washington,00-0038558,TE,tgt,2.606,0.0,1.0,2.0,4.0,5.0
2025_13_BUF_PIT,PIT,BUF,Darnell Washington,00-0038558,TE,rec,1.786,0.0,1.0,1.0,3.0,4.0
2025_13_BUF_PIT,PIT,BUF,Darnell Washington,00-0038558,TE,rec_yds,20.583,0.0,2.237,14.349,31.211,50.293
2025_13_BUF_PIT,PIT,BUF,Darnell Washington,00-0038558,TE,anytime_td,0.093,0.0,0.0,0.0,0.0,0.0
2025_13_BUF_PIT,PIT,BUF,Jaylen Warren,00-0037228,RB,car,14.314,7.0,10.0,14.0,18.0,22.0
2025_13_BUF_PIT,PIT,BUF,Jaylen Warren,00-0037228,RB,rush_yds,62.689,21.639,35.454,55.514,82.199,113.98
2025_13_BUF_PIT,PIT,BUF,Jaylen Warren,00-0037228,RB,tgt,2.403,0.0,1.0,2.0,3.0,5.0
2025_13_BUF_PIT,PIT,BUF,Jaylen Warren,00-0037228,RB,rec,1.869,0.0,1.0,2.0,3.0,4.0
2025_13_BUF_PIT,PIT,BUF,Jaylen Warren,00-0037228,RB,rec_yds,14.61,0.0,0.0,9.657,22.19,36.624
2025_13_BUF_PIT,PIT,BUF,Jaylen Warren,00-0037228,RB,anytime_td,0.408,0.0,0.0,0.0,1.0,1.0
2025_13_BUF_PIT,PIT,BUF,Jonnu Smith,00-0033858,TE,car,0.38,0.0,0.0,0.0,0.0,1.0
2025_13_BUF_PIT,PIT,BUF,Jonnu Smith,00-0033858,TE,rush_yds,0.945,0.0,0.0,0.0,0.0,2.597
2025_13_BUF_PIT,PIT,BUF,Jonnu Smith,00-0033858,TE,tgt,3.427,1.0,2.0,3.0,5.0,6.0
2025_13_BUF_PIT,PIT,BUF,Jonnu Smith,00-0033858,TE,rec,2.317,0.0,1.0,2.0,3.0,5.0
2025_13_BUF_PIT,PIT,BUF,Jonnu Smith,00-0033858,TE,rec_yds,22.759,0.0,7.139,18.302,33.33,50.801
2025_13_BUF_PIT,PIT,BUF,Jonnu Smith,00-0033858,TE,anytime_td,0.141,0.0,0.0,0.0,0.0,1.0
2025_13_BUF_PIT,PIT,BUF,Calvin Austin III,00-0037837,WR,car,0.01,0.0,0.0,0.0,0.0,0.0
2025_13_BUF_PIT,PIT,BUF,Calvin Austin III,00-0037837,WR,rush_yds,0.055,0.0,0.0,0.0,0.0,0.0
2025_13_BUF_PIT,PIT,BUF,Calvin Austin III,00-0037837,WR,tgt,4.352,1.0,2.0,4.0,6.0,8.0
2025_13_BUF_PIT,PIT,BUF,Calvin Austin III,00-0037837,WR,rec,2.609,0.0,1.0,2.0,4.0,5.0
2025_13_BUF_PIT,PIT,BUF,Calvin Austin III,00-0037837,WR,rec_yds,32.826,0.0,11.172,26.8,47.938,70.811
2025_13_BUF_PIT,PIT,BUF,Calvin Austin III,00-0037837,WR,anytime_td,0.127,0.0,0.0,0.0,0.0,1.0
2025_13_BUF_PIT,PIT,BUF,Roman Wilson,00-0039739,WR,car,0.005,0.0,0.0,0.0,0.0,0.0
2025_13_BUF_PIT,PIT,BUF,Roman Wilson,00-0039739,WR,rush_yds,0.039,0.0,0.0,0.0,0.0,0.0
2025_13_BUF_PIT,PIT,BUF,Roman Wilson,00-0039739,WR,tgt,2.188,0.0,1.0,2.0,3.0,5.0
2025_13_BUF_PIT,PIT,BUF,Roman Wilson,00-0039739,WR,rec,1.263,0.0,0.0,1.0,2.0,3.0
2025_13_BUF_PIT,PIT,BUF,Roman Wilson,00-0039739,WR,rec_yds,17.317,0.0,0.0,10.076,25.67,47.292
2025_13_BUF_PIT,PIT,BUF,Roman Wilson,00-0039739,WR,anytime_td,0.131,0.0,0.0,0.0,0.0,1.0
2025_13_BUF_PIT,PIT,BUF,Kenny Gainwell,00-0036919,RB,car,6.492,1.0,3.0,6.0,9.0,13.0
2025_13_BUF_PIT,PIT,BUF,Kenny Gainwell,00-0036919,RB,rush_yds,29.996,3.209,10.174,22.508,40.941,66.793
2025_13_BUF_PIT,PIT,BUF,Kenny Gainwell,00-0036919,RB,tgt,4.291,1.0,2.0,4.0,6.0,8.0
2025_13_BUF_PIT,PIT,BUF,Kenny Gainwell,00-0036919,RB,rec,3.371,1.0,2.0,3.0,5.0,6.0
2025_13_BUF_PIT,PIT,BUF,Kenny Gainwell,00-0036919,RB,rec_yds,24.685,1.075,8.726,19.973,36.003,54.033
2025_13_BUF_PIT,PIT,BUF,Kenny Gainwell,00-0036919,RB,anytime_td,0.352,0.0,0.0,0.0,1.0,1.0
2025_13_BUF_PIT,PIT,BUF,Pat Freiermuth,00-0036894,TE,car,0.004,0.0,0.0,0.0,0.0,0.0
2025_13_BUF_PIT,PIT,BUF,Pat Freiermuth,00-0036894,TE,rush_yds,0.015,0.0,0.0,0.0,0.0,0.0
2025_13_BUF_PIT,PIT,BUF,Pat Freiermuth,00-0036894,TE,tgt,2.94,1.0,1.0,3.0,4.0,6.0
2025_13_BUF_PIT,PIT,BUF,Pat Freiermuth,00-0036894,TE,rec,2.11,0.0,1.0,2.0,3.0,4.0
2025_13_BUF_PIT,PIT,BUF,Pat Freiermuth,00-0036894,TE,rec_yds,23.597,0.0,6.349,17.646,34.562,55.434
2025_13_BUF_PIT,PIT,BUF,Pat Freiermuth,00-0036894,TE,anytime_td,0.228,0.0,0.0,0.0,0.0,1.0
2025_13_BUF_PIT,PIT,BUF,Kaleb Johnson,00-0040142,RB,car,3.801,0.0,1.0,3.0,6.0,9.0
2025_13_BUF_PIT,PIT,BUF,Kaleb Johnson,00-0040142,RB,rush_yds,15.935,0.0,2.615,9.57,22.976,40.306
2025_13_BUF_PIT,PIT,BUF,Kaleb Johnson,00-0040142,RB,tgt,0.332,0.0,0.0,0.0,0.0,1.0
2025_13_BUF_PIT,PIT,BUF,Kaleb Johnson,00-0040142,RB,rec,0.242,0.0,0.0,0.0,0.0,1.0
2025_13_BUF_PIT,PIT,BUF,Kaleb Johnson,00-0040142,RB,rec_yds,1.798,0.0,0.0,0.0,0.0,6.57
2025_13_BUF_PIT,PIT,BUF,Kaleb Johnson,00-0040142,RB,anytime_td,0.068,0.0,0.0,0.0,0.0,0.0
2025_13_BUF_PIT,BUF,PIT,Josh Allen,00-0034857,QB,att,30.056,20.0,25.0,30.0,36.0,40.0
2025_13_BUF_PIT,BUF,PIT,Josh Allen,00-0034857,QB,cmp,20.019,13.0,16.0,20.0,24.0,28.0
2025_13_BUF_PIT,BUF,PIT,Josh Allen,00-0034857,QB,pass_yds,229.636,138.039,183.839,231.865,278.816,326.146
2025_13_BUF_PIT,BUF,PIT,Josh Allen,00-0034857,QB,pass_td,1.378,0.0,1.0,1.0,2.0,3.0
2025_13_BUF_PIT,BUF,PIT,Josh Allen,00-0034857,QB,ints,0.713,0.0,0.0,0.0,1.0,2.0
2025_13_BUF_PIT,BUF,PIT,Josh Allen,00-0034857,QB,car,5.697,2.0,3.0,5.0,8.0,10.0
2025_13_BUF_PIT,BUF,PIT,Josh Allen,00-0034857,QB,rush_yds,25.964,2.636,10.318,21.998,37.657,54.447
2025_13_BUF_PIT,BUF,PIT,Josh Allen,00-0034857,QB,tgt,0.0,0.0,0.0,0.0,0.0,0.0
2025_13_BUF_PIT,BUF,PIT,Josh Allen,00-0034857,QB,rec,0.0,0.0,0.0,0.0,0.0,0.0
2025_13_BUF_PIT,BUF,PIT,Josh Allen,00-0034857,QB,rec_yds,0.002,0.0,0.0,0.0,0.0,0.0
2025_13_BUF_PIT,BUF,PIT,Josh Allen,00-0034857,QB,anytime_td,0.42,0.0,0.0,0.0,1.0,1.0
2025_13_BUF_PIT,BUF,PIT,Dawson Knox,00-0035689,TE,car,0.002,0.0,0.0,0.0,0.0,0.0
2025_13_BUF_PIT,BUF,PIT,Dawson Knox,00-0035689,TE,rush_yds,0.001,0.0,0.0,0.0,0.0,0.0
2025_13_BUF_PIT,BUF,PIT,Dawson Knox,00-0035689,TE,tgt,2.693,0.0,1.0,2.0,4.0,6.0
2025_13_BUF_PIT,BUF,PIT,Dawson Knox,00-0035689,TE,rec,1.898,0.0,1.0,2.0,3.0,4.0
2025_13_BUF_PIT,BUF,PIT,Dawson Knox,00-0035689,TE,rec_yds,21.452,0.0,4.247,15.73,32.614,51.245
2025_13_BUF_PIT,BUF,PIT,Dawson Knox,00-0035689,TE,anytime_td,0.099,0.0,0.0,0.0,0.0,0.0
2025_13_BUF_PIT,BUF,PIT,Jackson Hawes,00-0040194,TE,car,0.005,0.0,0.0,0.0,0.0,0.0
2025_13_BUF_PIT,BUF,PIT,Jackson Hawes,00-0040194,TE,rush_yds,0.007,0.0,0.0,0.0,0.0,0.0
2025_13_BUF_PIT,BUF,PIT,Jackson Hawes,00-0040194,TE,tgt,1.492,0.0,0.0,1.0,2.0,4.0
2025_13_BUF_PIT,BUF,PIT,Jackson Hawes,00-0040194,TE,rec,1.098,0.0,0.0,1.0,2.0,3.0
2025_13_BUF_PIT,BUF,PIT,Jackson Hawes,00-0040194,TE,rec_yds,12.524,0.0,0.0,6.162,19.247,35.433
2025_13_BUF_PIT,BUF,PIT,Jackson Hawes,00-0040194,TE,anytime_td,0.108,0.0,0.0,0.0,0.0,1.0
2025_13_BUF_PIT,BUF,PIT,Tyrell Shavers,00-0038679,WR,car,0.007,0.0,0.0,0.0,0.0,0.0
2025_13_BUF_PIT,BUF,PIT,Tyrell Shavers,00-0038679,WR,rush_yds,0.028,0.0,0.0,0.0,0.0,0.0
2025_13_BUF_PIT,BUF,PIT,Tyrell Shavers,00-0038679,WR,tgt,1.803,0.0,1.0,1.0,3.0,4.0
2025_13_BUF_PIT,BUF,PIT,Tyrell Shavers,00-0038679,WR,rec,1.194,0.0,0.0,1.0,2.0,3.0
2025_13_BUF_PIT,BUF,PIT,Tyrell Shavers,00-0038679,WR,rec_yds,16.933,0.0,0.0,8.924,25.488,46.846
2025_13_BUF_PIT,BUF,PIT,Tyrell Shavers,00-0038679,WR,anytime_td,0.105,0.0,0.0,0.0,0.0,1.0
2025_13_BUF_PIT,BUF,PIT,James Cook,00-0037248,RB,car,16.793,9.0,12.0,16.0,21.0,25.0
2025_13_BUF_PIT,BUF,PIT,James Cook,00-0037248,RB,rush_yds,79.447,30.109,47.153,71.393,104.01,138.924
2025_13_BUF_PIT,BUF,PIT,James Cook,00-0037248,RB,tgt,2.431,0.0,1.0,2.0,4.0,5.0
2025_13_BUF_PIT,BUF,PIT,James Cook,00-0037248,RB,rec,2.017,0.0,1.0,2.0,3.0,4.0
2025_13_BUF_PIT,BUF,PIT,James Cook,00-0037248,RB,rec_yds,16.68,0.0,1.124,11.053,25.099,41.812
2025_13_BUF_PIT,BUF,PIT,James Cook,00-0037248,RB,anytime_td,0.4,0.0,0.0,0.0,1.0,1.0
2025_13_BUF_PIT,BUF,PIT,Gabe Davis,00-0036196,WR,car,0.016,0.0,0.0,0.0,0.0,0.0
2025_13_BUF_PIT,BUF,PIT,Gabe Davis,00-0036196,WR,rush_yds,0.085,0.0,0.0,0.0,0.0,0.0
2025_13_BUF_PIT,BUF,PIT,Gabe Davis,00-0036196,WR,tgt,3.42,1.0,2.0,3.0,5.0,7.0
2025_13_BUF_PIT,BUF,PIT,Gabe Davis,00-0036196,WR,rec,2.132,0.0,1.0,2.0,3.0,4.0
2025_13_BUF_PIT,BUF,PIT,Gabe Davis,00-0036196,WR,rec_yds,28.423,0.0,7.397,21.735,42.267,64.984
2025_13_BUF_PIT,BUF,PIT,Gabe Davis,00-0036196,WR,anytime_td,0.136,0.0,0.0,0.0,0.0,1.0
2025_13_BUF_PIT,BUF,PIT,Khalil Shakir,00-0037261,WR,car,0.069,0.0,0.0,0.0,0.0,0.0
2025_13_BUF_PIT,BUF,PIT,Khalil Shakir,00-0037261,WR,rush_yds,0.388,0.0,0.0,0.0,0.0,0.0
2025_13_BUF_PIT,BUF,PIT,Khalil Shakir,00-0037261,WR,tgt,7.431,3.0,5.0,7.0,9.0,12.0
2025_13_BUF_PIT,BUF,PIT,Khalil Shakir,00-0037261,WR,rec,5.297,2.0,3.0,5.0,7.0,9.0
2025_13_BUF_PIT,BUF,PIT,Khalil Shakir,00-0037261,WR,rec_yds,61.047,17.866,33.408,54.748,82.464,112.44
2025_13_BUF_PIT,BUF,PIT,Khalil Shakir,00-0037261,WR,anytime_td,0.205,0.0,0.0,0.0,0.0,1.0
2025_13_BUF_PIT,BUF,PIT,Keon Coleman,00-0039901,WR,car,0.018,0.0,0.0,0.0,0.0,0.0
2025_13_BUF_PIT,BUF,PIT,Keon Coleman,00-0039901,WR,rush_yds,0.109,0.0,0.0,0.0,0.0,0.0
2025_13_BUF_PIT,BUF,PIT,Keon Coleman,00-0039901,WR,tgt,5.669,2.0,3.0,5.0,7.0,10.0
2025_13_BUF_PIT,BUF,PIT,Keon Coleman,00-0039901,WR,rec,3.495,1.0,2.0,3.0,5.0,6.0
2025_13_BUF_PIT,BUF,PIT,Keon Coleman,00-0039901,WR,rec_yds,43.996,6.828,18.882,37.398,61.88,89.754
2025_13_BUF_PIT,BUF,PIT,Keon Coleman,00-0039901,WR,anytime_td,0.233,0.0,0.0,0.0,0.0,1.0
2025_13_BUF_PIT,BUF,PIT,Ty Johnson,00-0035537,RB,car,2.174,0.0,0.0,1.0,3.0,6.0
2025_13_BUF_PIT,BUF,PIT,Ty Johnson,00-0035537,RB,rush_yds,8.818,0.0,0.0,3.14,11.969,25.714
2025_13_BUF_PIT,BUF,PIT,Ty Johnson,00-0035537,RB,tgt,1.738,0.0,0.0,1.0,3.0,4.0
2025_13_BUF_PIT,BUF,PIT,Ty Johnson,00-0035537,RB,rec,1.386,0.0,0.0,1.0,2.0,3.0
2025_13_BUF_PIT,BUF,PIT,Ty Johnson,00-0035537,RB,rec_yds,13.066,0.0,0.0,6.847,19.539,36.518
2025_13_BUF_PIT,BUF,PIT,Ty Johnson,00-0035537,RB,anytime_td,0.16,0.0,0.0,0.0,0.0,1.0
2025_13_BUF_PIT,BUF,PIT,Brandin Cooks,00-0031236,WR,car,0.04,0.0,0.0,0.0,0.0,0.0
2025_13_BUF_PIT,BUF,PIT,Brandin Cooks,00-0031236,WR,rush_yds,0.241,0.0,0.0,0.0,0.0,0.0
2025_13_BUF_PIT,BUF,PIT,Brandin Cooks,00-0031236,WR,tgt,2.535,0.0,1.0,2.0,4.0,5.0
2025_13_BUF_PIT,BUF,PIT,Brandin Cooks,00-0031236,WR,rec,1.665,0.0,1.0,1.0,2.0,4.0
2025_13_BUF_PIT,BUF,PIT,Brandin Cooks,00-0031236,WR,rec_yds,20.572,0.0,0.0,13.781,30.757,51.912
2025_13_BUF_PIT,BUF,PIT,Brandin Cooks,00-0031236,WR,anytime_td,0.064,0.0,0.0,0.0,0.0,0.0
2025_13_BUF_PIT,BUF,PIT,Ray Davis,00-0039875,RB,car,2.221,0.0,0.0,1.0,3.0,6.0
2025_13_BUF_PIT,BUF,PIT,Ray Davis,00-0039875,RB,rush_yds,8.501,0.0,0.0,3.412,11.912,24.272
2025_13_BUF_PIT,BUF,PIT,Ray Davis,00-0039875,RB,tgt,0.689,0.0,0.0,0.0,1.0,2.0
2025_13_BUF_PIT,BUF,PIT,Ray Davis,00-0039875,RB,rec,0.53,0.0,0.0,0.0,1.0,2.0
2025_13_BUF_PIT,BUF,PIT,Ray Davis,00-0039875,RB,rec_yds,4.121,0.0,0.0,0.0,5.031,14.434
2025_13_BUF_PIT,BUF,PIT,Ray Davis,00-0039875,RB,anytime_td,0.093,0.0,0.0,0.0,0.0,0.0
2025_13_BUF_PIT,BUF,PIT,Keleki Latu,00-0040363,TE,car,0.002,0.0,0.0,0.0,0.0,0.0
2025_13_BUF_PIT,BUF,PIT,Keleki Latu,00-0040363,TE,rush_yds,0.005,0.0,0.0,0.0,0.0,0.0
2025_13_BUF_PIT,BUF,PIT,Keleki Latu,00-0040363,TE,tgt,0.604,0.0,0.0,0.0,1.0,2.0
2025_13_BUF_PIT,BUF,PIT,Keleki Latu,00-0040363,TE,rec,0.444,0.0,0.0,0.0,1.0,1.0
2025_13_BUF_PIT,BUF,PIT,Keleki Latu,00-0040363,TE,rec_yds,4.707,0.0,0.0,0.0,5.264,17.182
2025_13_BUF_PIT,BUF,PIT,Keleki Latu,00-0040363,TE,anytime_td,0.014,0.0,0.0,0.0,0.0,0.0
2025_13_DEN_WAS,WAS,DEN,Marcus Mariota,00-0032268,QB,att,30.374,21.0,26.0,31.0,36.0,41.0
2025_13_DEN_WAS,WAS,DEN,Marcus Mariota,00-0032268,QB,cmp,18.765,12.0,15.0,19.0,23.0,26.0
2025_13_DEN_WAS,WAS,DEN,Marcus Mariota,00-0032268,QB,pass_yds,203.035,120.507,161.018,202.571,247.341,291.126
2025_13_DEN_WAS,WAS,DEN,Marcus Mariota,00-0032268,QB,pass_td,1.071,0.0,0.0,1.0,2.0,2.0
2025_13_DEN_WAS,WAS,DEN,Marcus Mariota,00-0032268,QB,ints,0.749,0.0,0.0,1.0,1.0,2.0
2025_13_DEN_WAS,WAS,DEN,Marcus Mariota,00-0032268,QB,car,4.163,1.0,2.0,4.0,6.0,8.0
2025_13_DEN_WAS,WAS,DEN,Marcus Mariota,00-0032268,QB,rush_yds,21.179,0.0,6.55,16.97,31.447,46.953
2025_13_DEN_WAS,WAS,DEN,Marcus Mariota,00-0032268,QB,tgt,0.001,0.0,0.0,0.0,0.0,0.0
2025_13_DEN_WAS,WAS,DEN,Marcus Mariota,00-0032268,QB,rec,0.0,0.0,0.0,0.0,0.0,0.0
2025_13_DEN_WAS,WAS,DEN,Marcus Mariota,00-0032268,QB,rec_yds,0.003,0.0,0.0,0.0,0.0,0.0
2025_13_DEN_WAS,WAS,DEN,Marcus Mariota,00-0032268,QB,anytime_td,0.106,0.0,0.0,0.0,0.0,1.0
2025_13_DEN_WAS,WAS,DEN,Deebo Samuel Sr.,00-0035719,WR,car,1.059,0.0,0.0,0.0,1.0,3.0
2025_13_DEN_WAS,WAS,DEN,Deebo Samuel Sr.,00-0035719,WR,rush_yds,5.185,0.0,0.0,0.0,5.664,17.597
2025_13_DEN_WAS,WAS,DEN,Deebo Samuel Sr.,00-0035719,WR,tgt,6.788,3.0,4.0,6.0,9.0,11.0
2025_13_DEN_WAS,WAS,DEN,Deebo Samuel Sr.,00-0035719,WR,rec,4.525,2.0,3.0,4.0,6.0,8.0
2025_13_DEN_WAS,WAS,DEN,Deebo Samuel Sr.,00-0035719,WR,rec_yds,46.519,11.264,23.531,41.174,65.045,87.41
2025_13_DEN_WAS,WAS,DEN,Deebo Samuel Sr.,00-0035719,WR,anytime_td,0.328,0.0,0.0,0.0,1.0,1.0
2025_13_DEN_WAS,WAS,DEN,Zach Ertz,00-0030061,TE,car,0.003,0.0,0.0,0.0,0.0,0.0
2025_13_DEN_WAS,WAS,DEN,Zach Ertz,00-0030061,TE,rush_yds,0.002,0.0,0.0,0.0,0.0,0.0
2025_13_DEN_WAS,WAS,DEN,Zach Ertz,00-0030061,TE,tgt,5.831,2.0,4.0,5.0,8.0,10.0
2025_13_DEN_WAS,WAS,DEN,Zach Ertz,00-0030061,TE,rec,3.87,1.0,2.0,4.0,5.0,7.0
2025_13_DEN_WAS,WAS,DEN,Zach Ertz,00-0030061,TE,rec_yds,38.403,7.78,18.713,34.173,53.37,73.897
2025_13_DEN_WAS,WAS,DEN,Zach Ertz,00-0030061,TE,anytime_td,0.199,0.0,0.0,0.0,0.0,1.0
2025_13_DEN_WAS,WAS,DEN,Treylon Burks,00-0037742,WR,car,0.106,0.0,0.0,0.0,0.0,0.0
2025_13_DEN_WAS,WAS,DEN,Treylon Burks,00-0037742,WR,rush_yds,0.497,0.0,0.0,0.0,0.0,0.0
2025_13_DEN_WAS,WAS,DEN,Treylon Burks,00-0037742,WR,tgt,2.267,0.0,1.0,2.0,3.0,5.0
2025_13_DEN_WAS,WAS,DEN,Treylon Burks,00-0037742,WR,rec,1.445,0.0,0.0,1.0,2.0,3.0
2025_13_DEN_WAS,WAS,DEN,Treylon Burks,00-0037742,WR,rec_yds,18.141,0.0,0.0,11.499,27.555,47.638
2025_13_DEN_WAS,WAS,DEN,Treylon Burks,00-0037742,WR,anytime_td,0.042,0.0,0.0,0.0,0.0,0.0
2025_13_DEN_WAS,WAS,DEN,John Bates,00-0036628,TE,car,0.002,0.0,0.0,0.0,0.0,0.0
2025_13_DEN_WAS,WAS,DEN,John Bates,00-0036628,TE,rush_yds,0.004,0.0,0.0,0.0,0.0,0.0
2025_13_DEN_WAS,WAS,DEN,John Bates,00-0036628,TE,tgt,1.335,0.0,0.0,1.0,2.0,3.0
2025_13_DEN_WAS,WAS,DEN,John Bates,00-0036628,TE,rec,0.883,0.0,0.0,1.0,1.0,2.0
2025_13_DEN_WAS,WAS,DEN,John Bates,00-0036628,TE,rec_yds,8.871,0.0,0.0,2.22,13.254,27.163
2025_13_DEN_WAS,WAS,DEN,John Bates,00-0036628,TE,anytime_td,0.023,0.0,0.0,0.0,0.0,0.0
2025_13_DEN_WAS,WAS,DEN,Terry McLaurin,00-0035659,WR,car,0.02,0.0,0.0,0.0,0.0,0.0
2025_13_DEN_WAS,WAS,DEN,Terry McLaurin,00-0035659,WR,rush_yds,0.109,0.0,0.0,0.0,0.0,0.0
2025_13_DEN_WAS,WAS,DEN,Terry McLaurin,00-0035659,WR,tgt,5.387,2.0,3.0,5.0,7.0,9.0
2025_13_DEN_WAS,WAS,DEN,Terry McLaurin,00-0035659,WR,rec,3.263,1.0,2.0,3.0,4.0,6.0
2025_13_DEN_WAS,WAS,DEN,Terry McLaurin,00-0035659,WR,rec_yds,42.529,5.86,17.44,35.986,60.509,88.057
2025_13_DEN_WAS,WAS,DEN,Terry McLaurin,00-0035659,WR,anytime_td,0.244,0.0,0.0,0.0,0.0,1.0
2025_13_DEN_WAS,WAS,DEN,Jeremy McNichols,00-0033955,RB,car,2.628,0.0,0.0,2.0,4.0,6.0
2025_13_DEN_WAS,WAS,DEN,Jeremy McNichols,00-0033955,RB,rush_yds,10.829,0.0,0.0,5.201,14.875,30.235
2025_13_DEN_WAS,WAS,DEN,Jeremy McNichols,00-0033955,RB,tgt,1.885,0.0,1.0,1.0,3.0,4.0
2025_13_DEN_WAS,WAS,DEN,Jeremy McNichols,00-0033955,RB,rec,1.393,0.0,0.0,1.0,2.0,3.0
2025_13_DEN_WAS,WAS,DEN,Jeremy McNichols,00-0033955,RB,rec_yds,10.658,0.0,0.0,5.658,15.485,29.521
2025_13_DEN_WAS,WAS,DEN,Jeremy McNichols,00-0033955,RB,anytime_td,0.084,0.0,0.0,0.0,0.0,0.0
2025_13_DEN_WAS,WAS,DEN,Chris Rodriguez Jr.,00-0038611,RB,car,6.586,2.0,3.0,6.0,9.0,12.0
2025_13_DEN_WAS,WAS,DEN,Chris Rodriguez Jr.,00-0038611,RB,rush_yds,26.404,2.932,9.196,20.336,37.307,57.402
2025_13_DEN_WAS,WAS,DEN,Chris Rodriguez Jr.,00-0038611,RB,tgt,0.256,0.0,0.0,0.0,0.0,1.0
2025_13_DEN_WAS,WAS,DEN,Chris Rodriguez Jr.,00-0038611,RB,rec,0.189,0.0,0.0,0.0,0.0,1.0
2025_13_DEN_WAS,WAS,DEN,Chris Rodriguez Jr.,00-0038611,RB,rec_yds,1.383,0.0,0.0,0.0,0.0,4.355
2025_13_DEN_WAS,WAS,DEN,Chris Rodriguez Jr.,00-0038611,RB,anytime_td,0.208,0.0,0.0,0.0,0.0,1.0
2025_13_DEN_WAS,WAS,DEN,Jaylin Lane,00-0040164,WR,car,0.085,0.0,0.0,0.0,0.0,0.0
2025_13_DEN_WAS,WAS,DEN,Jaylin Lane,00-0040164,WR,rush_yds,0.475,0.0,0.0,0.0,0.0,0.0
2025_13_DEN_WAS,WAS,DEN,Jaylin Lane,00-0040164,WR,tgt,2.877,0.0,1.0,2.0,4.0,6.0
2025_13_DEN_WAS,WAS,DEN,Jaylin Lane,00-0040164,WR,rec,1.674,0.0,1.0,1.0,2.0,4.0
2025_13_DEN_WAS,WAS,DEN,Jaylin Lane,00-0040164,WR,rec_yds,21.027,0.0,2.249,14.937,31.342,51.798
2025_13_DEN_WAS,WAS,DEN,Jaylin Lane,00-0040164,WR,anytime_td,0.031,0.0,0.0,0.0,0.0,0.0
2025_13_DEN_WAS,WAS,DEN,Chris Moore,00-0032398,WR,car,0.05,0.0,0.0,0.0,0.0,0.0
2025_13_DEN_WAS,WAS,DEN,Chris Moore,00-0032398,WR,rush_yds,0.212,0.0,0.0,0.0,0.0,0.0
2025_13_DEN_WAS,WAS,DEN,Chris Moore,00-0032398,WR,tgt,2.372,0.0,1.0,2.0,3.0,5.0
2025_13_DEN_WAS,WAS,DEN,Chris Moore,00-0032398,WR,rec,1.317,0.0,0.0,1.0,2.0,3.0
2025_13_DEN_WAS,WAS,DEN,Chris Moore,00-0032398,WR,rec_yds,17.3,0.0,0.0,10.347,26.483,45.48
2025_13_DEN_WAS,WAS,DEN,Chris Moore,00-0032398,WR,anytime_td,0.073,0.0,0.0,0.0,0.0,0.0
2025_13_DEN_WAS,WAS,DEN,Jacory Croskey-Merritt,00-0040242,RB,car,10.033,4.0,6.0,9.0,13.0,17.0
2025_13_DEN_WAS,WAS,DEN,Jacory Croskey-Merritt,00-0040242,RB,rush_yds,36.676,8.789,17.381,30.798,50.282,71.657
2025_13_DEN_WAS,WAS,DEN,Jacory Croskey-Merritt,00-0040242,RB,tgt,1.179,0.0,0.0,1.0,2.0,3.0
2025_13_DEN_WAS,WAS,DEN,Jacory Croskey-Merritt,00-0040242,RB,rec,0.865,0.0,0.0,1.0,1.0,2.0
2025_13_DEN_WAS,WAS,DEN,Jacory Croskey-Merritt,00-0040242,RB,rec_yds,6.099,0.0,0.0,0.0,8.749,18.54
2025_13_DEN_WAS,WAS,DEN,Jacory Croskey-Merritt,00-0040242,RB,anytime_td,0.189,0.0,0.0,0.0,0.0,1.0
2025_13_DEN_WAS,DEN,WAS,Bo Nix,00-0039732,QB,att,31.274,21.0,27.0,32.0,37.0,42.0
2025_13_DEN_WAS,DEN,WAS,Bo Nix,00-0039732,QB,cmp,20.971,13.0,17.0,21.0,25.0,29.0
2025_13_DEN_WAS,DEN,WAS,Bo Nix,00-0039732,QB,pass_yds,236.858,143.325,189.709,237.582,289.131,336.944
2025_13_DEN_WAS,DEN,WAS,Bo Nix,00-0039732,QB,pass_td,1.658,0.0,1.0,2.0,2.0,3.0
2025_13_DEN_WAS,DEN,WAS,Bo Nix,00-0039732,QB,ints,0.601,0.0,0.0,0.0,1.0,2.0
2025_13_DEN_WAS,DEN,WAS,Bo Nix,00-0039732,QB,car,4.89,1.0,2.0,4.0,7.0,9.0
2025_13_DEN_WAS,DEN,WAS,Bo Nix,00-0039732,QB,rush_yds,19.342,0.0,4.451,14.177,28.194,45.745
2025_13_DEN_WAS,DEN,WAS,Bo Nix,00-0039732,QB,tgt,0.001,0.0,0.0,0.0,0.0,0.0
2025_13_DEN_WAS,DEN,WAS,Bo Nix,00-0039732,QB,rec,0.0,0.0,0.0,0.0,0.0,0.0
2025_13_DEN_WAS,DEN,WAS,Bo Nix,00-0039732,QB,rec_yds,0.001,0.0,0.0,0.0,0.0,0.0
2025_13_DEN_WAS,DEN,WAS,Bo Nix,00-0039732,QB,anytime_td,0.237,0.0,0.0,0.0,0.0,1.0
2025_13_DEN_WAS,DEN,WAS,Courtland Sutton,00-0034348,WR,car,0.008,0.0,0.0,0.0,0.0,0.0
2025_13_DEN_WAS,DEN,WAS,Courtland Sutton,00-0034348,WR,rush_yds,0.055,0.0,0.0,0.0,0.0,0.0
2025_13_DEN_WAS,DEN,WAS,Courtland Sutton,00-0034348,WR,tgt,6.15,2.0,4.0,6.0,8.0,10.0
2025_13_DEN_WAS,DEN,WAS,Courtland Sutton,00-0034348,WR,rec,3.986,1.0,2.0,4.0,5.0,7.0
2025_13_DEN_WAS,DEN,WAS,Courtland Sutton,00-0034348,WR,rec_yds,54.95,10.734,25.598,48.427,76.25,108.265
2025_13_DEN_WAS,DEN,WAS,Courtland Sutton,00-0034348,WR,anytime_td,0.273,0.0,0.0,0.0,1.0,1.0
2025_13_DEN_WAS,DEN,WAS,Pat Bryant,00-0040134,WR,car,0.011,0.0,0.0,0.0,0.0,0.0
2025_13_DEN_WAS,DEN,WAS,Pat Bryant,00-0040134,WR,rush_yds,0.1,0.0,0.0,0.0,0.0,0.0
2025_13_DEN_WAS,DEN,WAS,Pat Bryant,00-0040134,WR,tgt,2.61,0.0,1.0,2.0,4.0,5.0
2025_13_DEN_WAS,DEN,WAS,Pat Bryant,00-0040134,WR,rec,1.759,0.0,1.0,1.0,3.0,4.0
2025_13_DEN_WAS,DEN,WAS,Pat Bryant,00-0040134,WR,rec_yds,24.878,0.0,3.157,17.273,37.013,60.503
2025_13_DEN_WAS,DEN,WAS,Pat Bryant,00-0040134,WR,anytime_td,0.138,0.0,0.0,0.0,0.0,1.0
2025_13_DEN_WAS,DEN,WAS,Adam Trautman,00-0036422,TE,car,0.002,0.0,0.0,0.0,0.0,0.0
2025_13_DEN_WAS,DEN,WAS,Adam Trautman,00-0036422,TE,rush_yds,0.004,0.0,0.0,0.0,0.0,0.0
2025_13_DEN_WAS,DEN,WAS,Adam Trautman,00-0036422,TE,tgt,0.994,0.0,0.0,1.0,2.0,3.0
2025_13_DEN_WAS,DEN,WAS,Adam Trautman,00-0036422,TE,rec,0.775,0.0,0.0,0.0,1.0,2.0
2025_13_DEN_WAS,DEN,WAS,Adam Trautman,00-0036422,TE,rec_yds,8.007,0.0,0.0,0.0,11.656,26.601
2025_13_DEN_WAS,DEN,WAS,Adam Trautman,00-0036422,TE,anytime_td,0.057,0.0,0.0,0.0,0.0,0.0
2025_13_DEN_WAS,DEN,WAS,Evan Engram,00-0033881,TE,car,0.106,0.0,0.0,0.0,0.0,0.0
2025_13_DEN_WAS,DEN,WAS,Evan Engram,00-0033881,TE,rush_yds,0.296,0.0,0.0,0.0,0.0,0.0
2025_13_DEN_WAS,DEN,WAS,Evan Engram,00-0033881,TE,tgt,4.666,2.0,3.0,4.0,6.0,8.0
2025_13_DEN_WAS,DEN,WAS,Evan Engram,00-0033881,TE,rec,3.376,1.0,2.0,3.0,5.0,6.0
2025_13_DEN_WAS,DEN,WAS,Evan Engram,00-0033881,TE,rec_yds,32.927,4.949,13.668,28.469,46.417,67.678
2025_13_DEN_WAS,DEN,WAS,Evan Engram,00-0033881,TE,anytime_td,0.128,0.0,0.0,0.0,0.0,1.0
2025_13_DEN_WAS,DEN,WAS,Troy Franklin,00-0039868,WR,car,0.568,0.0,0.0,0.0,0.0,2.0
2025_13_DEN_WAS,DEN,WAS,Troy Franklin,00-0039868,WR,rush_yds,3.335,0.0,0.0,0.0,0.0,11.353
2025_13_DEN_WAS,DEN,WAS,Troy Franklin,00-0039868,WR,tgt,6.713,3.0,4.0,6.0,9.0,11.0
2025_13_DEN_WAS,DEN,WAS,Troy Franklin,00-0039868,WR,rec,4.131,1.0,2.0,4.0,6.0,7.0
2025_13_DEN_WAS,DEN,WAS,Troy Franklin,00-0039868,WR,rec_yds,51.741,11.217,24.792,45.329,72.447,99.872
2025_13_DEN_WAS,DEN,WAS,Troy Franklin,00-0039868,WR,anytime_td,0.368,0.0,0.0,0.0,1.0,1.0
2025_13_DEN_WAS,DEN,WAS,RJ Harvey,00-0040730,RB,car,8.828,3.0,5.0,8.0,12.0,16.0
2025_13_DEN_WAS,DEN,WAS,RJ Harvey,00-0040730,RB,rush_yds,39.649,7.734,17.323,32.338,53.914,81.304
2025_13_DEN_WAS,DEN,WAS,RJ Harvey,00-0040730,RB,tgt,2.667,0.0,1.0,2.0,4.0,5.0
2025_13_DEN_WAS,DEN,WAS,RJ Harvey,00-0040730,RB,rec,2.312,0.0,1.0,2.0,3.0,5.0
2025_13_DEN_WAS,DEN,WAS,RJ Harvey,00-0040730,RB,rec_yds,17.534,0.0,3.2,12.43,26.319,42.205
2025_13_DEN_WAS,DEN,WAS,RJ Harvey,00-0040730,RB,anytime_td,0.408,0.0,0.0,0.0,1.0,1.0
2025_13_DEN_WAS,DEN,WAS,Marvin Mims Jr.,00-0038976,WR,car,1.666,0.0,0.0,1.0,2.0,5.0
2025_13_DEN_WAS,DEN,WAS,Marvin Mims Jr.,00-0038976,WR,rush_yds,10.186,0.0,0.0,0.0,13.755,33.17
2025_13_DEN_WAS,DEN,WAS,Marvin Mims Jr.,00-0038976,WR,tgt,3.03,1.0,1.0,3.0,4.0,6.0
2025_13_DEN_WAS,DEN,WAS,Marvin Mims Jr.,00-0038976,WR,rec,2.131,0.0,1.0,2.0,3.0,4.0
2025_13_DEN_WAS,DEN,WAS,Marvin Mims Jr.,00-0038976,WR,rec_yds,27.116,0.0,6.102,19.903,40.402,64.375
2025_13_DEN_WAS,DEN,WAS,Marvin Mims Jr.,00-0038976,WR,anytime_td,0.191,0.0,0.0,0.0,0.0,1.0
2025_13_DEN_WAS,DEN,WAS,Tyler Badie,00-0037085,RB,car,0.858,0.0,0.0,0.0,1.0,3.0
2025_13_DEN_WAS,DEN,WAS,Tyler Badie,00-0037085,RB,rush_yds,4.007,0.0,0.0,0.0,3.401,13.14
2025_13_DEN_WAS,DEN,WAS,Tyler Badie,00-0037085,RB,tgt,1.439,0.0,0.0,1.0,2.0,3.0
2025_13_DEN_WAS,DEN,WAS,Tyler Badie,00-0037085,RB,rec,1.15,0.0,0.0,1.0,2.0,3.0
2025_13_DEN_WAS,DEN,WAS,Tyler Badie,00-0037085,RB,rec_yds,8.639,0.0,0.0,3.349,13.153,25.688
2025_13_DEN_WAS,DEN,WAS,Tyler Badie,00-0037085,RB,anytime_td,0.031,0.0,0.0,0.0,0.0,0.0
2025_13_DEN_WAS,DEN,WAS,Adam Prentice,00-0036727,RB,car,0.883,0.0,0.0,0.0,1.0,3.0
2025_13_DEN_WAS,DEN,WAS,Adam Prentice,00-0036727,RB,rush_yds,4.241,0.0,0.0,0.0,3.245,13.826
2025_13_DEN_WAS,DEN,WAS,Adam Prentice,00-0036727,RB,tgt,0.566,0.0,0.0,0.0,1.0,2.0
2025_13_DEN_WAS,DEN,WAS,Adam Prentice,00-0036727,RB,rec,0.453,0.0,0.0,0.0,1.0,1.0
2025_13_DEN_WAS,DEN,WAS,Adam Prentice,00-0036727,RB,rec_yds,3.508,0.0,0.0,0.0,3.14,12.306
2025_13_DEN_WAS,DEN,WAS,Adam Prentice,00-0036727,RB,anytime_td,0.02,0.0,0.0,0.0,0.0,0.0
2025_13_DEN_WAS,DEN,WAS,Lil'Jordan Humphrey,00-0035406,WR,car,0.028,0.0,0.0,0.0,0.0,0.0
2025_13_DEN_WAS,DEN,WAS,Lil'Jordan Humphrey,00-0035406,WR,rush_yds,0.167,0.0,0.0,0.0,0.0,0.0
2025_13_DEN_WAS,DEN,WAS,Lil'Jordan Humphrey,00-0035406,WR,tgt,1.891,0.0,1.0,2.0,3.0,4.0
2025_13_DEN_WAS,DEN,WAS,Lil'Jordan Humphrey,00-0035406,WR,rec,1.23,0.0,0.0,1.0,2.0,3.0
2025_13_DEN_WAS,DEN,WAS,Lil'Jordan Humphrey,00-0035406,WR,rec_yds,16.048,0.0,0.0,8.6,24.136,44.409
2025_13_DEN_WAS,DEN,WAS,Lil'Jordan Humphrey,00-0035406,WR,anytime_td,0.074,0.0,0.0,0.0,0.0,0.0
2025_13_DEN_WAS,DEN,WAS,Jaleel McLaughlin,00-0038794,RB,car,9.037,3.0,5.0,8.0,12.0,16.0
2025_13_DEN_WAS,DEN,WAS,Jaleel McLaughlin,00-0038794,RB,rush_yds,41.452,8.817,18.263,34.814,56.467,82.537
2025_13_DEN_WAS,DEN,WAS,Jaleel McLaughlin,00-0038794,RB,tgt,1.283,0.0,0.0,1.0,2.0,3.0
2025_13_DEN_WAS,DEN,WAS,Jaleel McLaughlin,00-0038794,RB,rec,1.069,0.0,0.0,1.0,2.0,3.0
2025_13_DEN_WAS,DEN,WAS,Jaleel McLaughlin,00-0038794,RB,rec_yds,7.309,0.0,0.0,1.978,10.787,22.004
2025_13_DEN_WAS,DEN,WAS,Jaleel McLaughlin,00-0038794,RB,anytime_td,0.304,0.0,0.0,0.0,1.0,1.0
2025_13_HOU_IND,IND,HOU,Daniel Jones,00-0035710,QB,att,29.981,20.0,25.0,31.0,36.0,40.0
2025_13_HOU_IND,IND,HOU,Daniel Jones,00-0035710,QB,cmp,19.343,12.0,16.0,20.0,23.0,27.0
2025_13_HOU_IND,IND,HOU,Daniel Jones,00-0035710,QB,pass_yds,222.719,133.911,177.146,223.784,271.045,318.392
2025_13_HOU_IND,IND,HOU,Daniel Jones,00-0035710,QB,pass_td,1.432,0.0,1.0,1.0,2.0,3.0
2025_13_HOU_IND,IND,HOU,Daniel Jones,00-0035710,QB,ints,0.7,0.0,0.0,0.0,1.0,2.0
2025_13_HOU_IND,IND,HOU,Daniel Jones,00-0035710,QB,car,4.039,1.0,2.0,4.0,5.0,8.0
2025_13_HOU_IND,IND,HOU,Daniel Jones,00-0035710,QB,rush_yds,17.016,0.0,4.804,13.664,24.57,39.294
2025_13_HOU_IND,IND,HOU,Daniel Jones,00-0035710,QB,tgt,0.001,0.0,0.0,0.0,0.0,0.0
2025_13_HOU_IND,IND,HOU,Daniel Jones,00-0035710,QB,rec,0.001,0.0,0.0,0.0,0.0,0.0
2025_13_HOU_IND,IND,HOU,Daniel Jones,00-0035710,QB,rec_yds,0.008,0.0,0.0,0.0,0.0,0.0
2025_13_HOU_IND,IND,HOU,Daniel Jones,00-0035710,QB,anytime_td,0.234,0.0,0.0,0.0,0.0,1.0
2025_13_HOU_IND,IND,HOU,Jonathan Taylor,00-0036223,RB,car,19.78,12.0,15.0,19.0,24.0,29.0
2025_13_HOU_IND,IND,HOU,Jonathan Taylor,00-0036223,RB,rush_yds,91.115,39.751,57.906,83.72,116.557,151.998
2025_13_HOU_IND,IND,HOU,Jonathan Taylor,00-0036223,RB,tgt,2.88,1.0,1.0,2.0,4.0,6.0
2025_13_HOU_IND,IND,HOU,Jonathan Taylor,00-0036223,RB,rec,2.303,0.0,1.0,2.0,3.0,5.0
2025_13_HOU_IND,IND,HOU,Jonathan Taylor,00-0036223,RB,rec_yds,18.14,0.0,4.252,12.919,26.699,43.913
2025_13_HOU_IND,IND,HOU,Jonathan Taylor,00-0036223,RB,anytime_td,0.57,0.0,0.0,1.0,1.0,1.0
2025_13_HOU_IND,IND,HOU,Alec Pierce,00-0037664,WR,car,0.007,0.0,0.0,0.0,0.0,0.0
2025_13_HOU_IND,IND,HOU,Alec Pierce,00-0037664,WR,rush_yds,0.029,0.0,0.0,0.0,0.0,0.0
2025_13_HOU_IND,IND,HOU,Alec Pierce,00-0037664,WR,tgt,5.756,2.0,4.0,5.0,8.0,10.0
2025_13_HOU_IND,IND,HOU,Alec Pierce,00-0037664,WR,rec,3.266,1.0,2.0,3.0,4.25,6.0
2025_13_HOU_IND,IND,HOU,Alec Pierce,00-0037664,WR,rec_yds,53.13,8.074,22.268,46.24,75.935,108.559
2025_13_HOU_IND,IND,HOU,Alec Pierce,00-0037664,WR,anytime_td,0.202,0.0,0.0,0.0,0.0,1.0
2025_13_HOU_IND,IND,HOU,Tyler Warren,00-0040128,TE,car,0.223,0.0,0.0,0.0,0.0,1.0
2025_13_HOU_IND,IND,HOU,Tyler Warren,00-0040128,TE,rush_yds,0.468,0.0,0.0,0.0,0.0,0.0
2025_13_HOU_IND,IND,HOU,Tyler Warren,00-0040128,TE,tgt,6.454,3.0,4.0,6.0,8.0,11.0
2025_13_HOU_IND,IND,HOU,Tyler Warren,00-0040128,TE,rec,4.65,2.0,3.0,4.0,6.0,8.0
2025_13_HOU_IND,IND,HOU,Tyler Warren,00-0040128,TE,rec_yds,51.861,13.478,27.444,46.275,70.905,96.46
2025_13_HOU_IND,IND,HOU,Tyler Warren,00-0040128,TE,anytime_td,0.261,0.0,0.0,0.0,1.0,1.0
2025_13_HOU_IND,IND,HOU,Michael Pittman,00-0036252,WR,car,0.009,0.0,0.0,0.0,0.0,0.0
2025_13_HOU_IND,IND,HOU,Michael Pittman,00-0036252,WR,rush_yds,0.035,0.0,0.0,0.0,0.0,0.0
2025_13_HOU_IND,IND,HOU,Michael Pittman,00-0036252,WR,tgt,6.949,3.0,4.0,7.0,9.0,11.0
2025_13_HOU_IND,IND,HOU,Michael Pittman,00-0036252,WR,rec,4.737,2.0,3.0,4.0,6.0,8.0
2025_13_HOU_IND,IND,HOU,Michael Pittman,00-0036252,WR,rec_yds,54.971,13.877,28.41,49.533,75.209,104.208
2025_13_HOU_IND,IND,HOU,Michael Pittman,00-0036252,WR,anytime_td,0.357,0.0,0.0,0.0,1.0,1.0
2025_13_HOU_IND,IND,HOU,Josh Downs,00-0038997,WR,car,0.011,0.0,0.0,0.0,0.0,0.0
2025_13_HOU_IND,IND,HOU,Josh Downs,00-0038997,WR,rush_yds,0.051,0.0,0.0,0.0,0.0,0.0
2025_13_HOU_IND,IND,HOU,Josh Downs,00-0038997,WR,tgt,5.529,2.0,3.0,5.0,7.0,9.0
2025_13_HOU_IND,IND,HOU,Josh Downs,00-0038997,WR,rec,3.493,1.0,2.0,3.0,5.0,6.0
2025_13_HOU_IND,IND,HOU,Josh Downs,00-0038997,WR,rec_yds,38.644,5.747,17.406,32.784,54.937,78.933
2025_13_HOU_IND,IND,HOU,Josh Downs,00-0038997,WR,anytime_td,0.258,0.0,0.0,0.0,1.0,1.0
2025_13_HOU_IND,IND,HOU,Mo Alie-Cox,00-0033217,TE,car,0.002,0.0,0.0,0.0,0.0,0.0
2025_13_HOU_IND,IND,HOU,Mo Alie-Cox,00-0033217,TE,rush_yds,0.004,0.0,0.0,0.0,0.0,0.0
2025_13_HOU_IND,IND,HOU,Mo Alie-Cox,00-0033217,TE,tgt,0.943,0.0,0.0,1.0,1.0,3.0
2025_13_HOU_IND,IND,HOU,Mo Alie-Cox,00-0033217,TE,rec,0.623,0.0,0.0,0.0,1.0,2.0
2025_13_HOU_IND,IND,HOU,Mo Alie-Cox,00-0033217,TE,rec_yds,6.658,0.0,0.0,0.0,9.276,22.364
2025_13_HOU_IND,IND,HOU,Mo Alie-Cox,00-0033217,TE,anytime_td,0.01,0.0,0.0,0.0,0.0,0.0
2025_13_HOU_IND,IND,HOU,Andrew Ogletree,00-0037292,TE,car,0.002,0.0,0.0,0.0,0.0,0.0
2025_13_HOU_IND,IND,HOU,Andrew Ogletree,00-0037292,TE,rush_yds,0.005,0.0,0.0,0.0,0.0,0.0
2025_13_HOU_IND,IND,HOU,Andrew Ogletree,00-0037292,TE,tgt,0.509,0.0,0.0,0.0,1.0,2.0
2025_13_HOU_IND,IND,HOU,Andrew Ogletree,00-0037292,TE,rec,0.356,0.0,0.0,0.0,1.0,1.0
2025_13_HOU_IND,IND,HOU,Andrew Ogletree,00-0037292,TE,rec_yds,3.65,0.0,0.0,0.0,2.081,13.16
2025_13_HOU_IND,IND,HOU,Andrew Ogletree,00-0037292,TE,anytime_td,0.062,0.0,0.0,0.0,0.0,0.0
2025_13_HOU_IND,IND,HOU,Laquon Treadwell,00-0032951,WR,car,0.029,0.0,0.0,0.0,0.0,0.0
2025_13_HOU_IND,IND,HOU,Laquon Treadwell,00-0032951,WR,rush_yds,0.118,0.0,0.0,0.0,0.0,0.0
2025_13_HOU_IND,IND,HOU,Laquon Treadwell,00-0032951,WR,tgt,0.589,0.0,0.0,0.0,1.0,2.0
2025_13_HOU_IND,IND,HOU,Laquon Treadwell,00-0032951,WR,rec,0.357,0.0,0.0,0.0,1.0,1.0
2025_13_HOU_IND,IND,HOU,Laquon Treadwell,00-0032951,WR,rec_yds,4.496,0.0,0.0,0.0,2.144,16.549
2025_13_HOU_IND,IND,HOU,Laquon Treadwell,00-0032951,WR,anytime_td,0.01,0.0,0.0,0.0,0.0,0.0
2025_13_HOU_IND,IND,HOU,Ameer Abdullah,00-0032104,RB,car,2.06,0.0,0.0,1.0,3.0,6.0
2025_13_HOU_IND,IND,HOU,Ameer Abdullah,00-0032104,RB,rush_yds,7.856,0.0,0.0,2.703,10.741,22.729
2025_13_HOU_IND,IND,HOU,Ameer Abdullah,00-0032104,RB,tgt,1.219,0.0,0.0,1.0,2.0,3.0
2025_13_HOU_IND,IND,HOU,Ameer Abdullah,00-0032104,RB,rec,0.935,0.0,0.0,1.0,1.0,2.0
2025_13_HOU_IND,IND,HOU,Ameer Abdullah,00-0032104,RB,rec_yds,6.994,0.0,0.0,0.415,10.395,21.73
2025_13_HOU_IND,IND,HOU,Ameer Abdullah,00-0032104,RB,anytime_td,0.111,0.0,0.0,0.0,0.0,1.0
2025_13_HOU_IND,HOU,IND,C.J. Stroud,00-0039163,QB,att,32.253,22.0,28.0,33.0,38.0,43.0
2025_13_HOU_IND,HOU,IND,C.J. Stroud,00-0039163,QB,cmp,20.421,13.0,17.0,21.0,25.0,28.0
2025_13_HOU_IND,HOU,IND,C.J. Stroud,00-0039163,QB,pass_yds,225.499,139.495,179.901,225.08,271.687,320.906
2025_13_HOU_IND,HOU,IND,C.J. Stroud,00-0039163,QB,pass_td,1.371,0.0,1.0,1.0,2.0,3.0
2025_13_HOU_IND,HOU,IND,C.J. Stroud,00-0039163,QB,ints,0.713,0.0,0.0,0.0,1.0,2.0
2025_13_HOU_IND,HOU,IND,C.J. Stroud,00-0039163,QB,car,3.619,1.0,2.0,3.0,5.0,7.0
2025_13_HOU_IND,HOU,IND,C.J. Stroud,00-0039163,QB,rush_yds,20.145,0.0,6.34,15.851,30.259,45.221
2025_13_HOU_IND,HOU,IND,C.J. Stroud,00-0039163,QB,tgt,0.0,0.0,0.0,0.0,0.0,0.0
2025_13_HOU_IND,HOU,IND,C.J. Stroud,00-0039163,QB,rec,0.0,0.0,0.0,0.0,0.0,0.0
2025_13_HOU_IND,HOU,IND,C.J. Stroud,00-0039163,QB,rec_yds,0.001,0.0,0.0,0.0,0.0,0.0
2025_13_HOU_IND,HOU,IND,C.J. Stroud,00-0039163,QB,anytime_td,0.02,0.0,0.0,0.0,0.0,0.0
2025_13_HOU_IND,HOU,IND,Nico Collins,00-0036554,WR,car,0.084,0.0,0.0,0.0,0.0,0.0
2025_13_HOU_IND,HOU,IND,Nico Collins,00-0036554,WR,rush_yds,0.488,0.0,0.0,0.0,0.0,0.0
2025_13_HOU_IND,HOU,IND,Nico Collins,00-0036554,WR,tgt,7.4,3.0,5.0,7.0,9.0,12.0
2025_13_HOU_IND,HOU,IND,Nico Collins,00-0036554,WR,rec,4.702,2.0,3.0,4.0,6.0,8.0
2025_13_HOU_IND,HOU,IND,Nico Collins,00-0036554,WR,rec_yds,61.698,16.002,32.435,55.347,84.692,115.132
2025_13_HOU_IND,HOU,IND,Nico Collins,00-0036554,WR,anytime_td,0.276,0.0,0.0,0.0,1.0,1.0
2025_13_HOU_IND,HOU,IND,Dalton Schultz,00-0034383,TE,car,0.002,0.0,0.0,0.0,0.0,0.0
2025_13_HOU_IND,HOU,IND,Dalton Schultz,00-0034383,TE,rush_yds,0.005,0.0,0.0,0.0,0.0,0.0
2025_13_HOU_IND,HOU,IND,Dalton Schultz,00-0034383,TE,tgt,5.903,2.0,4.0,5.0,8.0,10.0
2025_13_HOU_IND,HOU,IND,Dalton Schultz,00-0034383,TE,rec,4.111,1.0,2.0,4.0,6.0,7.0
2025_13_HOU_IND,HOU,IND,Dalton Schultz,00-0034383,TE,rec_yds,41.182,8.033,19.87,35.954,57.347,80.04
2025_13_HOU_IND,HOU,IND,Dalton Schultz,00-0034383,TE,anytime_td,0.141,0.0,0.0,0.0,0.0,1.0
2025_13_HOU_IND,HOU,IND,Jayden Higgins,00-0040130,WR,car,0.01,0.0,0.0,0.0,0.0,0.0
2025_13_HOU_IND,HOU,IND,Jayden Higgins,00-0040130,WR,rush_yds,0.049,0.0,0.0,0.0,0.0,0.0
2025_13_HOU_IND,HOU,IND,Jayden Higgins,00-0040130,WR,tgt,4.277,1.0,2.0,4.0,6.0,8.0
2025_13_HOU_IND,HOU,IND,Jayden Higgins,00-0040130,WR,rec,2.607,0.0,1.0,2.0,4.0,5.0
2025_13_HOU_IND,HOU,IND,Jayden Higgins,00-0040130,WR,rec_yds,31.171,0.0,10.135,24.595,45.425,69.949
2025_13_HOU_IND,HOU,IND,Jayden Higgins,00-0040130,WR,anytime_td,0.266,0.0,0.0,0.0,1.0,1.0
2025_13_HOU_IND,HOU,IND,Xavier Hutchinson,00-0038618,WR,car,0.039,0.0,0.0,0.0,0.0,0.0
2025_13_HOU_IND,HOU,IND,Xavier Hutchinson,00-0038618,WR,rush_yds,0.189,0.0,0.0,0.0,0.0,0.0
2025_13_HOU_IND,HOU,IND,Xavier Hutchinson,00-0038618,WR,tgt,2.571,0.0,1.0,2.0,4.0,5.0
2025_13_HOU_IND,HOU,IND,Xavier Hutchinson,00-0038618,WR,rec,1.632,0.0,0.0,1.0,2.0,4.0
2025_13_HOU_IND,HOU,IND,Xavier Hutchinson,00-0038618,WR,rec_yds,19.813,0.0,0.0,13.631,29.263,50.832
2025_13_HOU_IND,HOU,IND,Xavier Hutchinson,00-0038618,WR,anytime_td,0.144,0.0,0.0,0.0,0.0,1.0
2025_13_HOU_IND,HOU,IND,Woody Marks,00-0040583,RB,car,11.337,5.0,7.0,11.0,15.0,19.0
2025_13_HOU_IND,HOU,IND,Woody Marks,00-0040583,RB,rush_yds,43.366,11.458,21.48,37.339,58.417,83.151
2025_13_HOU_IND,HOU,IND,Woody Marks,00-0040583,RB,tgt,2.012,0.0,1.0,2.0,3.0,4.0
2025_13_HOU_IND,HOU,IND,Woody Marks,00-0040583,RB,rec,1.504,0.0,0.0,1.0,2.0,4.0
2025_13_HOU_IND,HOU,IND,Woody Marks,00-0040583,RB,rec_yds,11.75,0.0,0.0,6.73,17.498,32.281
2025_13_HOU_IND,HOU,IND,Woody Marks,00-0040583,RB,anytime_td,0.372,0.0,0.0,0.0,1.0,1.0
2025_13_HOU_IND,HOU,IND,Christian Kirk,00-0034775,WR,car,0.012,0.0,0.0,0.0,0.0,0.0
2025_13_HOU_IND,HOU,IND,Christian Kirk,00-0034775,WR,rush_yds,0.088,0.0,0.0,0.0,0.0,0.0
2025_13_HOU_IND,HOU,IND,Christian Kirk,00-0034775,WR,tgt,4.564,1.0,3.0,4.0,6.0,8.0
2025_13_HOU_IND,HOU,IND,Christian Kirk,00-0034775,WR,rec,2.771,1.0,1.0,2.0,4.0,5.0
2025_13_HOU_IND,HOU,IND,Christian Kirk,00-0034775,WR,rec_yds,32.369,0.0,11.235,26.359,46.537,70.873
2025_13_HOU_IND,HOU,IND,Christian Kirk,00-0034775,WR,anytime_td,0.183,0.0,0.0,0.0,0.0,1.0
2025_13_HOU_IND,HOU,IND,Cade Stover,00-0039359,TE,car,0.003,0.0,0.0,0.0,0.0,0.0
2025_13_HOU_IND,HOU,IND,Cade Stover,00-0039359,TE,rush_yds,0.011,0.0,0.0,0.0,0.0,0.0
2025_13_HOU_IND,HOU,IND,Cade Stover,00-0039359,TE,tgt,1.872,0.0,1.0,1.0,3.0,4.0
2025_13_HOU_IND,HOU,IND,Cade Stover,00-0039359,TE,rec,1.315,0.0,0.0,1.0,2.0,3.0
2025_13_HOU_IND,HOU,IND,Cade Stover,00-0039359,TE,rec_yds,12.817,0.0,0.0,7.626,19.446,34.455
2025_13_HOU_IND,HOU,IND,Cade Stover,00-0039359,TE,anytime_td,0.063,0.0,0.0,0.0,0.0,0.0
2025_13_HOU_IND,HOU,IND,Nick Chubb,00-0034791,RB,car,8.376,3.0,5.0,8.0,11.0,15.0
2025_13_HOU_IND,HOU,IND,Nick Chubb,00-0034791,RB,rush_yds,33.714,6.295,14.236,27.454,46.508,69.876
2025_13_HOU_IND,HOU,IND,Nick Chubb,00-0034791,RB,tgt,1.329,0.0,0.0,1.0,2.0,3.0
2025_13_HOU_IND,HOU,IND,Nick Chubb,00-0034791,RB,rec,0.985,0.0,0.0,1.0,2.0,3.0
2025_13_HOU_IND,HOU,IND,Nick Chubb,00-0034791,RB,rec_yds,6.668,0.0,0.0,0.947,9.757,20.359
2025_13_HOU_IND,HOU,IND,Nick Chubb,00-0034791,RB,anytime_td,0.216,0.0,0.0,0.0,0.0,1.0
2025_13_HOU_IND,HOU,IND,Jaylin Noel,00-0040138,WR,car,0.345,0.0,0.0,0.0,0.0,1.0
2025_13_HOU_IND,HOU,IND,Jaylin Noel,00-0040138,WR,rush_yds,1.777,0.0,0.0,0.0,0.0,5.303
2025_13_HOU_IND,HOU,IND,Jaylin Noel,00-0040138,WR,tgt,2.28,0.0,1.0,2.0,3.0,5.0
2025_13_HOU_IND,HOU,IND,Jaylin Noel,00-0040138,WR,rec,1.525,0.0,0.0,1.0,2.0,4.0
2025_13_HOU_IND,HOU,IND,Jaylin Noel,00-0040138,WR,rec_yds,18.386,0.0,0.0,11.531,27.581,48.022
2025_13_HOU_IND,HOU,IND,Jaylin Noel,00-0040138,WR,anytime_td,0.087,0.0,0.0,0.0,0.0,0.0
2025_13_HOU_IND,HOU,IND,Dare Ogunbowale,00-0033854,RB,car,0.493,0.0,0.0,0.0,0.0,2.0
2025_13_HOU_IND,HOU,IND,Dare Ogunbowale,00-0033854,RB,rush_yds,2.087,0.0,0.0,0.0,0.0,6.49
2025_13_HOU_IND,HOU,IND,Dare Ogunbowale,00-0033854,RB,tgt,0.601,0.0,0.0,0.0,1.0,2.0
2025_13_HOU_IND,HOU,IND,Dare Ogunbowale,00-0033854,RB,rec,0.475,0.0,0.0,0.0,1.0,2.0
2025_13_HOU_IND,HOU,IND,Dare Ogunbowale,00-0033854,RB,rec_yds,3.523,0.0,0.0,0.0,3.189,12.941
2025_13_HOU_IND,HOU,IND,Dare Ogunbowale,00-0033854,RB,anytime_td,0.013,0.0,0.0,0.0,0.0,0.0
2025_13_HOU_IND,HOU,IND,British Brooks,00-0039603,RB,car,0.687,0.0,0.0,0.0,1.0,2.0
2025_13_HOU_IND,HOU,IND,British Brooks,00-0039603,RB,rush_yds,2.803,0.0,0.0,0.0,1.673,9.185
2025_13_HOU_IND,HOU,IND,British Brooks,00-0039603,RB,tgt,0.071,0.0,0.0,0.0,0.0,0.0
2025_13_HOU_IND,HOU,IND,British Brooks,00-0039603,RB,rec,0.056,0.0,0.0,0.0,0.0,0.0
2025_13_HOU_IND,HOU,IND,British Brooks,00-0039603,RB,rec_yds,0.43,0.0,0.0,0.0,0.0,0.0
2025_13_HOU_IND,HOU,IND,British Brooks,00-0039603,RB,anytime_td,0.021,0.0,0.0,0.0,0.0,0.0
2025_13_JAX_TEN,TEN,JAX,Cam Ward,00-0040676,QB,att,32.234,22.0,28.0,33.0,38.0,43.0
2025_13_JAX_TEN,TEN,JAX,Cam Ward,00-0040676,QB,cmp,19.897,12.0,16.0,20.0,24.0,28.0
2025_13_JAX_TEN,TEN,JAX,Cam Ward,00-0040676,QB,pass_yds,204.568,120.35,162.791,205.626,248.952,293.639
2025_13_JAX_TEN,TEN,JAX,Cam Ward,00-0040676,QB,pass_td,1.173,0.0,0.0,1.0,2.0,3.0
2025_13_JAX_TEN,TEN,JAX,Cam Ward,00-0040676,QB,ints,0.712,0.0,0.0,0.0,1.0,2.0
2025_13_JAX_TEN,TEN,JAX,Cam Ward,00-0040676,QB,car,2.851,0.0,1.0,2.0,4.0,6.0
2025_13_JAX_TEN,TEN,JAX,Cam Ward,00-0040676,QB,rush_yds,14.267,0.0,1.988,10.654,21.85,34.781
2025_13_JAX_TEN,TEN,JAX,Cam Ward,00-0040676,QB,tgt,0.0,0.0,0.0,0.0,0.0,0.0
2025_13_JAX_TEN,TEN,JAX,Cam Ward,00-0040676,QB,rec,0.0,0.0,0.0,0.0,0.0,0.0
2025_13_JAX_TEN,TEN,JAX,Cam Ward,00-0040676,QB,rec_yds,0.0,0.0,0.0,0.0,0.0,0.0
2025_13_JAX_TEN,TEN,JAX,Cam Ward,00-0040676,QB,anytime_td,0.148,0.0,0.0,0.0,0.0,1.0
2025_13_JAX_TEN,TEN,JAX,Elic Ayomanor,00-0040170,WR,car,0.009,0.0,0.0,0.0,0.0,0.0
2025_13_JAX_TEN,TEN,JAX,Elic Ayomanor,00-0040170,WR,rush_yds,0.065,0.0,0.0,0.0,0.0,0.0
2025_13_JAX_TEN,TEN,JAX,Elic Ayomanor,00-0040170,WR,tgt,5.809,2.0,4.0,6.0,8.0,10.0
2025_13_JAX_TEN,TEN,JAX,Elic Ayomanor,00-0040170,WR,rec,3.051,1.0,2.0,3.0,4.0,6.0
2025_13_JAX_TEN,TEN,JAX,Elic Ayomanor,00-0040170,WR,rec_yds,37.563,4.07,15.429,31.61,52.908,77.923
2025_13_JAX_TEN,TEN,JAX,Elic Ayomanor,00-0040170,WR,anytime_td,0.201,0.0,0.0,0.0,0.0,1.0
2025_13_JAX_TEN,TEN,JAX,Chimere Dike,00-0040705,WR,car,0.489,0.0,0.0,0.0,0.0,2.0
2025_13_JAX_TEN,TEN,JAX,Chimere Dike,00-0040705,WR,rush_yds,2.367,0.0,0.0,0.0,0.0,8.107
2025_13_JAX_TEN,TEN,JAX,Chimere Dike,00-0040705,WR,tgt,4.07,1.0,2.0,4.0,6.0,8.0
2025_13_JAX_TEN,TEN,JAX,Chimere Dike,00-0040705,WR,rec,2.525,0.0,1.0,2.0,4.0,5.0
2025_13_JAX_TEN,TEN,JAX,Chimere Dike,00-0040705,WR,rec_yds,28.617,0.0,8.996,22.849,41.753,63.454
2025_13_JAX_TEN,TEN,JAX,Chimere Dike,00-0040705,WR,anytime_td,0.25,0.0,0.0,0.0,0.25,1.0
2025_13_JAX_TEN,TEN,JAX,Van Jefferson,00-0036415,WR,car,0.013,0.0,0.0,0.0,0.0,0.0
2025_13_JAX_TEN,TEN,JAX,Van Jefferson,00-0036415,WR,rush_yds,0.068,0.0,0.0,0.0,0.0,0.0
2025_13_JAX_TEN,TEN,JAX,Van Jefferson,00-0036415,WR,tgt,3.387,1.0,2.0,3.0,5.0,6.0
2025_13_JAX_TEN,TEN,JAX,Van Jefferson,00-0036415,WR,rec,1.854,0.0,1.0,2.0,3.0,4.0
2025_13_JAX_TEN,TEN,JAX,Van Jefferson,00-0036415,WR,rec_yds,22.532,0.0,4.369,16.109,33.975,54.45
2025_13_JAX_TEN,TEN,JAX,Van Jefferson,00-0036415,WR,anytime_td,0.157,0.0,0.0,0.0,0.0,1.0
2025_13_JAX_TEN,TEN,JAX,Chig Okonkwo,00-0037809,TE,car,0.012,0.0,0.0,0.0,0.0,0.0
2025_13_JAX_TEN,TEN,JAX,Chig Okonkwo,00-0037809,TE,rush_yds,0.029,0.0,0.0,0.0,0.0,0.0
2025_13_JAX_TEN,TEN,JAX,Chig Okonkwo,00-0037809,TE,tgt,3.915,1.0,2.0,4.0,5.0,7.0
2025_13_JAX_TEN,TEN,JAX,Chig Okonkwo,00-0037809,TE,rec,2.774,0.9,1.0,2.0,4.0,5.0
2025_13_JAX_TEN,TEN,JAX,Chig Okonkwo,00-0037809,TE,rec_yds,29.481,0.0,10.292,24.241,42.908,63.349
2025_13_JAX_TEN,TEN,JAX,Chig Okonkwo,00-0037809,TE,anytime_td,0.069,0.0,0.0,0.0,0.0,0.0
2025_13_JAX_TEN,TEN,JAX,Gunnar Helm,00-0040584,TE,car,0.001,0.0,0.0,0.0,0.0,0.0
2025_13_JAX_TEN,TEN,JAX,Gunnar Helm,00-0040584,TE,rush_yds,0.002,0.0,0.0,0.0,0.0,0.0
2025_13_JAX_TEN,TEN,JAX,Gunnar Helm,00-0040584,TE,tgt,3.678,1.0,2.0,3.0,5.0,7.0
2025_13_JAX_TEN,TEN,JAX,Gunnar Helm,00-0040584,TE,rec,2.627,0.0,1.0,2.0,4.0,5.0
2025_13_JAX_TEN,TEN,JAX,Gunnar Helm,00-0040584,TE,rec_yds,25.399,0.0,8.034,20.827,37.52,54.68
2025_13_JAX_TEN,TEN,JAX,Gunnar Helm,00-0040584,TE,anytime_td,0.15,0.0,0.0,0.0,0.0,1.0
2025_13_JAX_TEN,TEN,JAX,Tyjae Spears,00-0039032,RB,car,5.606,1.0,3.0,5.0,8.0,11.0
2025_13_JAX_TEN,TEN,JAX,Tyjae Spears,00-0039032,RB,rush_yds,21.575,1.606,6.553,16.115,30.196,47.731
2025_13_JAX_TEN,TEN,JAX,Tyjae Spears,00-0039032,RB,tgt,3.393,1.0,2.0,3.0,5.0,7.0
2025_13_JAX_TEN,TEN,JAX,Tyjae Spears,00-0039032,RB,rec,2.663,0.0,1.0,2.0,4.0,5.0
2025_13_JAX_TEN,TEN,JAX,Tyjae Spears,00-0039032,RB,rec_yds,19.473,0.0,4.879,14.477,28.742,45.909
2025_13_JAX_TEN,TEN,JAX,Tyjae Spears,00-0039032,RB,anytime_td,0.228,0.0,0.0,0.0,0.0,1.0
2025_13_JAX_TEN,TEN,JAX,Tony Pollard,00-0035261,RB,car,11.235,5.0,7.0,11.0,14.0,18.0
2025_13_JAX_TEN,TEN,JAX,Tony Pollard,00-0035261,RB,rush_yds,40.087,10.612,20.015,34.226,54.579,76.547
2025_13_JAX_TEN,TEN,JAX,Tony Pollard,00-0035261,RB,tgt,2.947,0.0,1.0,3.0,4.0,6.0
2025_13_JAX_TEN,TEN,JAX,Tony Pollard,00-0035261,RB,rec,2.247,0.0,1.0,2.0,3.0,5.0
2025_13_JAX_TEN,TEN,JAX,Tony Pollard,00-0035261,RB,rec_yds,14.998,0.0,2.73,10.507,22.292,36.638
2025_13_JAX_TEN,TEN,JAX,Tony Pollard,00-0035261,RB,anytime_td,0.236,0.0,0.0,0.0,0.0,1.0
2025_13_JAX_TEN,TEN,JAX,Xavier Restrepo,00-0040522,WR,car,0.022,0.0,0.0,0.0,0.0,0.0
2025_13_JAX_TEN,TEN,JAX,Xavier Restrepo,00-0040522,WR,rush_yds,0.106,0.0,0.0,0.0,0.0,0.0
2025_13_JAX_TEN,TEN,JAX,Xavier Restrepo,00-0040522,WR,tgt,3.829,1.0,2.0,3.0,5.0,7.0
2025_13_JAX_TEN,TEN,JAX,Xavier Restrepo,00-0040522,WR,rec,2.162,0.0,1.0,2.0,3.0,4.0
2025_13_JAX_TEN,TEN,JAX,Xavier Restrepo,00-0040522,WR,rec_yds,26.806,0.0,6.97,20.743,39.868,61.755
2025_13_JAX_TEN,TEN,JAX,Xavier Restrepo,00-0040522,WR,anytime_td,0.111,0.0,0.0,0.0,0.0,1.0
2025_13_JAX_TEN,TEN,JAX,James Proche,00-0036133,WR,car,0.008,0.0,0.0,0.0,0.0,0.0
2025_13_JAX_TEN,TEN,JAX,James Proche,00-0036133,WR,rush_yds,0.025,0.0,0.0,0.0,0.0,0.0
2025_13_JAX_TEN,TEN,JAX,James Proche,00-0036133,WR,tgt,1.065,0.0,0.0,1.0,2.0,3.0
2025_13_JAX_TEN,TEN,JAX,James Proche,00-0036133,WR,rec,0.676,0.0,0.0,0.0,1.0,2.0
2025_13_JAX_TEN,TEN,JAX,James Proche,00-0036133,WR,rec_yds,8.35,0.0,0.0,0.0,12.114,27.4
2025_13_JAX_TEN,TEN,JAX,James Proche,00-0036133,WR,anytime_td,0.021,0.0,0.0,0.0,0.0,0.0
2025_13_JAX_TEN,TEN,JAX,Kalel Mullings,00-0040205,RB,car,1.999,0.0,0.0,1.0,3.0,5.0
2025_13_JAX_TEN,TEN,JAX,Kalel Mullings,00-0040205,RB,rush_yds,7.709,0.0,0.0,2.836,10.264,22.801
2025_13_JAX_TEN,TEN,JAX,Kalel Mullings,00-0040205,RB,tgt,0.725,0.0,0.0,0.0,1.0,2.0
2025_13_JAX_TEN,TEN,JAX,Kalel Mullings,00-0040205,RB,rec,0.541,0.0,0.0,0.0,1.0,2.0
2025_13_JAX_TEN,TEN,JAX,Kalel Mullings,00-0040205,RB,rec_yds,3.928,0.0,0.0,0.0,4.908,13.675
2025_13_JAX_TEN,TEN,JAX,Kalel Mullings,00-0040205,RB,anytime_td,0.081,0.0,0.0,0.0,0.0,0.0
2025_13_JAX_TEN,JAX,TEN,Trevor Lawrence,00-0036971,QB,att,29.343,19.0,25.0,30.0,35.0,39.0
2025_13_JAX_TEN,JAX,TEN,Trevor Lawrence,00-0036971,QB,cmp,19.486,12.0,16.0,20.0,24.0,27.0
2025_13_JAX_TEN,JAX,TEN,Trevor Lawrence,00-0036971,QB,pass_yds,220.088,134.443,175.246,219.083,266.338,313.728
2025_13_JAX_TEN,JAX,TEN,Trevor Lawrence,00-0036971,QB,pass_td,1.453,0.0,1.0,1.0,2.0,3.0
2025_13_JAX_TEN,JAX,TEN,Trevor Lawrence,00-0036971,QB,ints,0.652,0.0,0.0,0.0,1.0,2.0
2025_13_JAX_TEN,JAX,TEN,Trevor Lawrence,00-0036971,QB,car,4.905,1.0,3.0,4.0,7.0,9.0
2025_13_JAX_TEN,JAX,TEN,Trevor Lawrence,00-0036971,QB,rush_yds,20.785,0.821,7.478,17.16,29.653,44.921
2025_13_JAX_TEN,JAX,TEN,Trevor Lawrence,00-0036971,QB,tgt,0.0,0.0,0.0,0.0,0.0,0.0
2025_13_JAX_TEN,JAX,TEN,Trevor Lawrence,00-0036971,QB,rec,0.0,0.0,0.0,0.0,0.0,0.0
2025_13_JAX_TEN,JAX,TEN,Trevor Lawrence,00-0036971,QB,rec_yds,0.002,0.0,0.0,0.0,0.0,0.0
2025_13_JAX_TEN,JAX,TEN,Trevor Lawrence,00-0036971,QB,anytime_td,0.323,0.0,0.0,0.0,1.0,1.0
2025_13_JAX_TEN,JAX,TEN,Jakobi Meyers,00-0034960,WR,car,0.012,0.0,0.0,0.0,0.0,0.0
2025_13_JAX_TEN,JAX,TEN,Jakobi Meyers,00-0034960,WR,rush_yds,0.079,0.0,0.0,0.0,0.0,0.0
2025_13_JAX_TEN,JAX,TEN,Jakobi Meyers,00-0034960,WR,tgt,5.691,2.0,4.0,5.0,8.0,10.0
2025_13_JAX_TEN,JAX,TEN,Jakobi Meyers,00-0034960,WR,rec,3.977,1.0,2.0,4.0,5.0,7.0
2025_13_JAX_TEN,JAX,TEN,Jakobi Meyers,00-0034960,WR,rec_yds,47.933,9.679,22.756,42.529,66.216,93.756
2025_13_JAX_TEN,JAX,TEN,Jakobi Meyers,00-0034960,WR,anytime_td,0.216,0.0,0.0,0.0,0.0,1.0
2025_13_JAX_TEN,JAX,TEN,Brenton Strange,00-0038935,TE,car,0.004,0.0,0.0,0.0,0.0,0.0
2025_13_JAX_TEN,JAX,TEN,Brenton Strange,00-0038935,TE,rush_yds,0.009,0.0,0.0,0.0,0.0,0.0
2025_13_JAX_TEN,JAX,TEN,Brenton Strange,00-0038935,TE,tgt,3.708,1.0,2.0,3.0,5.0,7.0
2025_13_JAX_TEN,JAX,TEN,Brenton Strange,00-0038935,TE,rec,2.951,1.0,1.0,3.0,4.0,6.0
2025_13_JAX_TEN,JAX,TEN,Brenton Strange,00-0038935,TE,rec_yds,32.532,2.202,12.139,26.497,47.553,69.868
2025_13_JAX_TEN,JAX,TEN,Brenton Strange,00-0038935,TE,anytime_td,0.062,0.0,0.0,0.0,0.0,0.0
2025_13_JAX_TEN,JAX,TEN,Brian Thomas Jr.,00-0039893,WR,car,0.228,0.0,0.0,0.0,0.0,1.0
2025_13_JAX_TEN,JAX,TEN,Brian Thomas Jr.,00-0039893,WR,rush_yds,1.321,0.0,0.0,0.0,0.0,0.0
2025_13_JAX_TEN,JAX,TEN,Brian Thomas Jr.,00-0039893,WR,tgt,5.845,2.0,4.0,5.0,8.0,10.0
2025_13_JAX_TEN,JAX,TEN,Brian Thomas Jr.,00-0039893,WR,rec,3.639,1.0,2.0,3.0,5.0,7.0
2025_13_JAX_TEN,JAX,TEN,Brian Thomas Jr.,00-0039893,WR,rec_yds,47.862,8.19,21.191,41.472,67.871,95.962
2025_13_JAX_TEN,JAX,TEN,Brian Thomas Jr.,00-0039893,WR,anytime_td,0.271,0.0,0.0,0.0,1.0,1.0
2025_13_JAX_TEN,JAX,TEN,Austin Trammell,00-0036841,WR,car,0.007,0.0,0.0,0.0,0.0,0.0
2025_13_JAX_TEN,JAX,TEN,Austin Trammell,00-0036841,WR,rush_yds,0.041,0.0,0.0,0.0,0.0,0.0
2025_13_JAX_TEN,JAX,TEN,Austin Trammell,00-0036841,WR,tgt,1.537,0.0,0.0,1.0,2.0,4.0
2025_13_JAX_TEN,JAX,TEN,Austin Trammell,00-0036841,WR,rec,0.996,0.0,0.0,1.0,2.0,3.0
2025_13_JAX_TEN,JAX,TEN,Austin Trammell,00-0036841,WR,rec_yds,12.986,0.0,0.0,5.328,19.395,38.084
2025_13_JAX_TEN,JAX,TEN,Austin Trammell,00-0036841,WR,anytime_td,0.035,0.0,0.0,0.0,0.0,0.0
2025_13_JAX_TEN,JAX,TEN,Travis Etienne,00-0036973,RB,car,14.494,7.0,10.0,14.0,18.0,23.0
2025_13_JAX_TEN,JAX,TEN,Travis Etienne,00-0036973,RB,rush_yds,66.481,22.693,37.331,60.024,88.231,119.401
2025_13_JAX_TEN,JAX,TEN,Travis Etienne,00-0036973,RB,tgt,2.897,0.0,1.0,3.0,4.0,6.0
2025_13_JAX_TEN,JAX,TEN,Travis Etienne,00-0036973,RB,rec,2.209,0.0,1.0,2.0,3.0,5.0
2025_13_JAX_TEN,JAX,TEN,Travis Etienne,00-0036973,RB,rec_yds,16.247,0.0,2.994,11.678,23.88,39.367
2025_13_JAX_TEN,JAX,TEN,Travis Etienne,00-0036973,RB,anytime_td,0.462,0.0,0.0,0.0,1.0,1.0
2025_13_JAX_TEN,JAX,TEN,Parker Washington,00-0038606,WR,car,0.487,0.0,0.0,0.0,0.0,2.0
2025_13_JAX_TEN,JAX,TEN,Parker Washington,00-0038606,WR,rush_yds,2.7,0.0,0.0,0.0,0.0,8.893
2025_13_JAX_TEN,JAX,TEN,Parker Washington,00-0038606,WR,tgt,4.892,2.0,3.0,5.0,7.0,9.0
2025_13_JAX_TEN,JAX,TEN,Parker Washington,00-0038606,WR,rec,3.182,1.0,2.0,3.0,4.0,6.0
2025_13_JAX_TEN,JAX,TEN,Parker Washington,00-0038606,WR,rec_yds,39.116,4.861,16.325,32.65,55.699,81.226
2025_13_JAX_TEN,JAX,TEN,Parker Washington,00-0038606,WR,anytime_td,0.292,0.0,0.0,0.0,1.0,1.0
2025_13_JAX_TEN,JAX,TEN,Bhayshul Tuten,00-0040719,RB,car,6.561,2.0,3.0,6.0,9.0,13.0
2025_13_JAX_TEN,JAX,TEN,Bhayshul Tuten,00-0040719,RB,rush_yds,28.312,2.699,9.481,21.083,39.891,64.709
2025_13_JAX_TEN,JAX,TEN,Bhayshul Tuten,00-0040719,RB,tgt,0.928,0.0,0.0,1.0,1.0,3.0
2025_13_JAX_TEN,JAX,TEN,Bhayshul Tuten,00-0040719,RB,rec,0.736,0.0,0.0,0.0,1.0,2.0
2025_13_JAX_TEN,JAX,TEN,Bhayshul Tuten,00-0040719,RB,rec_yds,5.181,0.0,0.0,0.0,7.212,16.795
2025_13_JAX_TEN,JAX,TEN,Bhayshul Tuten,00-0040719,RB,anytime_td,0.237,0.0,0.0,0.0,0.0,1.0
2025_13_JAX_TEN,JAX,TEN,LeQuint Allen Jr.,00-0040238,RB,car,1.827,0.0,0.0,1.0,3.0,5.0
2025_13_JAX_TEN,JAX,TEN,LeQuint Allen Jr.,00-0040238,RB,rush_yds,8.24,0.0,0.0,2.086,10.797,24.427
2025_13_JAX_TEN,JAX,TEN,LeQuint Allen Jr.,00-0040238,RB,tgt,0.607,0.0,0.0,0.0,1.0,2.0
2025_13_JAX_TEN,JAX,TEN,LeQuint Allen Jr.,00-0040238,RB,rec,0.502,0.0,0.0,0.0,1.0,2.0
2025_13_JAX_TEN,JAX,TEN,LeQuint Allen Jr.,00-0040238,RB,rec_yds,3.547,0.0,0.0,0.0,3.681,12.334
2025_13_JAX_TEN,JAX,TEN,LeQuint Allen Jr.,00-0040238,RB,anytime_td,0.025,0.0,0.0,0.0,0.0,0.0
2025_13_JAX_TEN,JAX,TEN,Johnny Mundt,00-0033246,TE,car,0.002,0.0,0.0,0.0,0.0,0.0
2025_13_JAX_TEN,JAX,TEN,Johnny Mundt,00-0033246,TE,rush_yds,0.008,0.0,0.0,0.0,0.0,0.0
2025_13_JAX_TEN,JAX,TEN,Johnny Mundt,00-0033246,TE,tgt,1.547,0.0,0.0,1.0,2.0,4.0
2025_13_JAX_TEN,JAX,TEN,Johnny Mundt,00-0033246,TE,rec,1.071,0.0,0.0,1.0,2.0,3.0
2025_13_JAX_TEN,JAX,TEN,Johnny Mundt,00-0033246,TE,rec_yds,11.645,0.0,0.0,5.863,18.351,32.862
2025_13_JAX_TEN,JAX,TEN,Johnny Mundt,00-0033246,TE,anytime_td,0.028,0.0,0.0,0.0,0.0,0.0
2025_13_JAX_TEN,JAX,TEN,Quintin Morris,00-0036590,TE,car,0.003,0.0,0.0,0.0,0.0,0.0
2025_13_JAX_TEN,JAX,TEN,Quintin Morris,00-0036590,TE,rush_yds,0.008,0.0,0.0,0.0,0.0,0.0
2025_13_JAX_TEN,JAX,TEN,Quintin Morris,00-0036590,TE,tgt,0.651,0.0,0.0,0.0,1.0,2.0
2025_13_JAX_TEN,JAX,TEN,Quintin Morris,00-0036590,TE,rec,0.464,0.0,0.0,0.0,1.0,1.0
2025_13_JAX_TEN,JAX,TEN,Quintin Morris,00-0036590,TE,rec_yds,4.74,0.0,0.0,0.0,5.807,17.311
2025_13_JAX_TEN,JAX,TEN,Quintin Morris,00-0036590,TE,anytime_td,0.014,0.0,0.0,0.0,0.0,0.0
2025_13_JAX_TEN,JAX,TEN,Tim Patrick,00-0033375,WR,car,0.007,0.0,0.0,0.0,0.0,0.0
2025_13_JAX_TEN,JAX,TEN,Tim Patrick,00-0033375,WR,rush_yds,0.041,0.0,0.0,0.0,0.0,0.0
2025_13_JAX_TEN,JAX,TEN,Tim Patrick,00-0033375,WR,tgt,1.637,0.0,0.0,1.0,2.0,4.0
2025_13_JAX_TEN,JAX,TEN,Tim Patrick,00-0033375,WR,rec,1.036,0.0,0.0,1.0,2.0,3.0
2025_13_JAX_TEN,JAX,TEN,Tim Patrick,00-0033375,WR,rec_yds,12.713,0.0,0.0,5.88,19.046,36.788
2025_13_JAX_TEN,JAX,TEN,Tim Patrick,00-0033375,WR,anytime_td,0.156,0.0,0.0,0.0,0.0,1.0
2025_13_LA_CAR,CAR,LA,Bryce Young,00-0039150,QB,att,30.16,20.0,26.0,31.0,36.0,41.0
2025_13_LA_CAR,CAR,LA,Bryce Young,00-0039150,QB,cmp,18.791,12.0,15.0,19.0,23.0,26.0
2025_13_LA_CAR,CAR,LA,Bryce Young,00-0039150,QB,pass_yds,192.721,114.819,152.713,190.797,235.019,277.127
2025_13_LA_CAR,CAR,LA,Bryce Young,00-0039150,QB,pass_td,1.003,0.0,0.0,1.0,2.0,2.0
2025_13_LA_CAR,CAR,LA,Bryce Young,00-0039150,QB,ints,0.84,0.0,0.0,1.0,1.0,2.0
2025_13_LA_CAR,CAR,LA,Bryce Young,00-0039150,QB,car,2.294,0.0,1.0,2.0,3.0,5.0
2025_13_LA_CAR,CAR,LA,Bryce Young,00-0039150,QB,rush_yds,11.643,0.0,0.913,8.22,17.813,28.312
2025_13_LA_CAR,CAR,LA,Bryce Young,00-0039150,QB,tgt,0.0,0.0,0.0,0.0,0.0,0.0
2025_13_LA_CAR,CAR,LA,Bryce Young,00-0039150,QB,rec,0.0,0.0,0.0,0.0,0.0,0.0
2025_13_LA_CAR,CAR,LA,Bryce Young,00-0039150,QB,rec_yds,0.003,0.0,0.0,0.0,0.0,0.0
2025_13_LA_CAR,CAR,LA,Bryce Young,00-0039150,QB,anytime_td,0.073,0.0,0.0,0.0,0.0,0.0
2025_13_LA_CAR,CAR,LA,Tetairoa McMillan,00-0040124,WR,car,0.005,0.0,0.0,0.0,0.0,0.0
2025_13_LA_CAR,CAR,LA,Tetairoa McMillan,00-0040124,WR,rush_yds,0.02,0.0,0.0,0.0,0.0,0.0
2025_13_LA_CAR,CAR,LA,Tetairoa McMillan,00-0040124,WR,tgt,7.641,3.0,5.0,7.0,10.0,12.0
2025_13_LA_CAR,CAR,LA,Tetairoa McMillan,00-0040124,WR,rec,4.445,2.0,3.0,4.0,6.0,8.0
2025_13_LA_CAR,CAR,LA,Tetairoa McMillan,00-0040124,WR,rec_yds,55.426,14.283,28.087,50.191,76.341,103.648
2025_13_LA_CAR,CAR,LA,Tetairoa McMillan,00-0040124,WR,anytime_td,0.311,0.0,0.0,0.0,1.0,1.0
2025_13_LA_CAR,CAR,LA,Xavier Legette,00-0039342,WR,car,0.087,0.0,0.0,0.0,0.0,0.0
2025_13_LA_CAR,CAR,LA,Xavier Legette,00-0039342,WR,rush_yds,0.506,0.0,0.0,0.0,0.0,0.0
2025_13_LA_CAR,CAR,LA,Xavier Legette,00-0039342,WR,tgt,4.737,1.0,3.0,4.0,6.0,8.0
2025_13_LA_CAR,CAR,LA,Xavier Legette,00-0039342,WR,rec,2.702,1.0,1.0,2.0,4.0,5.0
2025_13_LA_CAR,CAR,LA,Xavier Legette,00-0039342,WR,rec_yds,31.233,0.0,10.828,25.063,44.874,68.38
2025_13_LA_CAR,CAR,LA,Xavier Legette,00-0039342,WR,anytime_td,0.18,0.0,0.0,0.0,0.0,1.0
2025_13_LA_CAR,CAR,LA,Chuba Hubbard,00-0036555,RB,car,7.93,2.0,4.0,7.0,11.0,14.0
2025_13_LA_CAR,CAR,LA,Chuba Hubbard,00-0036555,RB,rush_yds,29.363,4.537,11.916,23.975,40.099,60.754
2025_13_LA_CAR,CAR,LA,Chuba Hubbard,00-0036555,RB,tgt,2.622,0.0,1.0,2.0,4.0,5.0
2025_13_LA_CAR,CAR,LA,Chuba Hubbard,00-0036555,RB,rec,1.921,0.0,1.0,2.0,3.0,4.0
2025_13_LA_CAR,CAR,LA,Chuba Hubbard,00-0036555,RB,rec_yds,12.586,0.0,0.94,8.467,18.948,31.634
2025_13_LA_CAR,CAR,LA,Chuba Hubbard,00-0036555,RB,anytime_td,0.266,0.0,0.0,0.0,1.0,1.0
2025_13_LA_CAR,CAR,LA,Tommy Tremble,00-0037005,TE,car,0.003,0.0,0.0,0.0,0.0,0.0
2025_13_LA_CAR,CAR,LA,Tommy Tremble,00-0037005,TE,rush_yds,0.004,0.0,0.0,0.0,0.0,0.0
2025_13_LA_CAR,CAR,LA,Tommy Tremble,00-0037005,TE,tgt,1.706,0.0,0.0,1.0,3.0,4.0
2025_13_LA_CAR,CAR,LA,Tommy Tremble,00-0037005,TE,rec,1.176,0.0,0.0,1.0,2.0,3.0
2025_13_LA_CAR,CAR,LA,Tommy Tremble,00-0037005,TE,rec_yds,12.026,0.0,0.0,6.545,18.31,33.637
2025_13_LA_CAR,CAR,LA,Tommy Tremble,00-0037005,TE,anytime_td,0.062,0.0,0.0,0.0,0.0,0.0
2025_13_LA_CAR,CAR,LA,Jalen Coker,00-0039491,WR,car,0.007,0.0,0.0,0.0,0.0,0.0
2025_13_LA_CAR,CAR,LA,Jalen Coker,00-0039491,WR,rush_yds,0.033,0.0,0.0,0.0,0.0,0.0
2025_13_LA_CAR,CAR,LA,Jalen Coker,00-0039491,WR,tgt,3.528,1.0,2.0,3.0,5.0,7.0
2025_13_LA_CAR,CAR,LA,Jalen Coker,00-0039491,WR,rec,2.27,0.0,1.0,2.0,3.0,5.0
2025_13_LA_CAR,CAR,LA,Jalen Coker,00-0039491,WR,rec_yds,26.148,0.0,6.606,20.304,39.072,59.914
2025_13_LA_CAR,CAR,LA,Jalen Coker,00-0039491,WR,anytime_td,0.075,0.0,0.0,0.0,0.0,0.0
2025_13_LA_CAR,CAR,LA,Mitchell Evans,00-0040187,TE,car,0.003,0.0,0.0,0.0,0.0,0.0
2025_13_LA_CAR,CAR,LA,Mitchell Evans,00-0040187,TE,rush_yds,0.008,0.0,0.0,0.0,0.0,0.0
2025_13_LA_CAR,CAR,LA,Mitchell Evans,00-0040187,TE,tgt,1.242,0.0,0.0,1.0,2.0,3.0
2025_13_LA_CAR,CAR,LA,Mitchell Evans,00-0040187,TE,rec,0.836,0.0,0.0,1.0,1.0,2.0
2025_13_LA_CAR,CAR,LA,Mitchell Evans,00-0040187,TE,rec_yds,8.354,0.0,0.0,0.0,12.627,25.033
2025_13_LA_CAR,CAR,LA,Mitchell Evans,00-0040187,TE,anytime_td,0.07,0.0,0.0,0.0,0.0,0.0
2025_13_LA_CAR,CAR,LA,Ja'Tavion Sanders,00-0039356,TE,car,0.002,0.0,0.0,0.0,0.0,0.0
2025_13_LA_CAR,CAR,LA,Ja'Tavion Sanders,00-0039356,TE,rush_yds,0.006,0.0,0.0,0.0,0.0,0.0
2025_13_LA_CAR,CAR,LA,Ja'Tavion Sanders,00-0039356,TE,tgt,2.847,0.0,1.0,2.0,4.0,6.0
2025_13_LA_CAR,CAR,LA,Ja'Tavion Sanders,00-0039356,TE,rec,2.102,0.0,1.0,2.0,3.0,4.0
2025_13_LA_CAR,CAR,LA,Ja'Tavion Sanders,00-0039356,TE,rec_yds,18.26,0.0,4.355,13.65,27.073,42.737
2025_13_LA_CAR,CAR,LA,Ja'Tavion Sanders,00-0039356,TE,anytime_td,0.046,0.0,0.0,0.0,0.0,0.0
2025_13_LA_CAR,CAR,LA,Rico Dowdle,00-0036139,RB,car,13.286,6.0,9.0,13.0,17.0,21.0
2025_13_LA_CAR,CAR,LA,Rico Dowdle,00-0036139,RB,rush_yds,53.881,16.483,28.707,47.372,72.099,100.385
2025_13_LA_CAR,CAR,LA,Rico Dowdle,00-0036139,RB,tgt,3.082,1.0,1.0,3.0,4.0,6.0
2025_13_LA_CAR,CAR,LA,Rico Dowdle,00-0036139,RB,rec,2.339,0.0,1.0,2.0,3.0,5.0
2025_13_LA_CAR,CAR,LA,Rico Dowdle,00-0036139,RB,rec_yds,17.43,0.0,3.743,12.324,25.625,41.623
2025_13_LA_CAR,CAR,LA,Rico Dowdle,00-0036139,RB,anytime_td,0.37,0.0,0.0,0.0,1.0,1.0
2025_13_LA_CAR,CAR,LA,Brycen Tremayne,00-0038840,WR,car,0.008,0.0,0.0,0.0,0.0,0.0
2025_13_LA_CAR,CAR,LA,Brycen Tremayne,00-0038840,WR,rush_yds,0.041,0.0,0.0,0.0,0.0,0.0
2025_13_LA_CAR,CAR,LA,Brycen Tremayne,00-0038840,WR,tgt,1.102,0.0,0.0,1.0,2.0,3.0
2025_13_LA_CAR,CAR,LA,Brycen Tremayne,00-0038840,WR,rec,0.708,0.0,0.0,0.0,1.0,2.0
2025_13_LA_CAR,CAR,LA,Brycen Tremayne,00-0038840,WR,rec_yds,8.306,0.0,0.0,0.0,12.083,26.947
2025_13_LA_CAR,CAR,LA,Brycen Tremayne,00-0038840,WR,anytime_td,0.009,0.0,0.0,0.0,0.0,0.0
2025_13_LA_CAR,CAR,LA,Trevor Etienne,00-0040644,RB,car,1.626,0.0,0.0,1.0,2.0,5.0
2025_13_LA_CAR,CAR,LA,Trevor Etienne,00-0040644,RB,rush_yds,6.418,0.0,0.0,0.854,8.164,19.882
2025_13_LA_CAR,CAR,LA,Trevor Etienne,00-0040644,RB,tgt,0.195,0.0,0.0,0.0,0.0,1.0
2025_13_LA_CAR,CAR,LA,Trevor Etienne,00-0040644,RB,rec,0.147,0.0,0.0,0.0,0.0,1.0
2025_13_LA_CAR,CAR,LA,Trevor Etienne,00-0040644,RB,rec_yds,1.062,0.0,0.0,0.0,0.0,2.075
2025_13_LA_CAR,CAR,LA,Trevor Etienne,00-0040644,RB,anytime_td,0.031,0.0,0.0,0.0,0.0,0.0
2025_13_LA_CAR,CAR,LA,Jimmy Horn Jr.,00-0040218,WR,car,0.579,0.0,0.0,0.0,0.0,2.0
2025_13_LA_CAR,CAR,LA,Jimmy Horn Jr.,00-0040218,WR,rush_yds,2.906,0.0,0.0,0.0,0.0,9.854
2025_13_LA_CAR,CAR,LA,Jimmy Horn Jr.,00-0040218,WR,tgt,1.235,0.0,0.0,1.0,2.0,3.0
2025_13_LA_CAR,CAR,LA,Jimmy Horn Jr.,00-0040218,WR,rec,0.762,0.0,0.0,0.0,1.0,2.0
2025_13_LA_CAR,CAR,LA,Jimmy Horn Jr.,00-0040218,WR,rec_yds,8.848,0.0,0.0,0.0,12.89,28.185
2025_13_LA_CAR,CAR,LA,Jimmy Horn Jr.,00-0040218,WR,anytime_td,0.019,0.0,0.0,0.0,0.0,0.0
2025_13_LA_CAR,CAR,LA,James Mitchell,00-0037282,TE,car,0.001,0.0,0.0,0.0,0.0,0.0
2025_13_LA_CAR,CAR,LA,James Mitchell,00-0037282,TE,rush_yds,0.003,0.0,0.0,0.0,0.0,0.0
2025_13_LA_CAR,CAR,LA,James Mitchell,00-0037282,TE,tgt,0.802,0.0,0.0,0.0,1.0,2.0
2025_13_LA_CAR,CAR,LA,James Mitchell,00-0037282,TE,rec,0.568,0.0,0.0,0.0,1.0,2.0
2025_13_LA_CAR,CAR,LA,James Mitchell,00-0037282,TE,rec_yds,5.453,0.0,0.0,0.0,7.45,18.972
2025_13_LA_CAR,CAR,LA,James Mitchell,00-0037282,TE,anytime_td,0.008,0.0,0.0,0.0,0.0,0.0
2025_13_LA_CAR,LA,CAR,Matthew Stafford,00-0026498,QB,att,31.972,21.0,27.0,33.0,38.0,43.0
2025_13_LA_CAR,LA,CAR,Matthew Stafford,00-0026498,QB,cmp,21.842,14.0,18.0,22.0,26.0,30.0
2025_13_LA_CAR,LA,CAR,Matthew Stafford,00-0026498,QB,pass_yds,249.872,154.036,203.633,250.453,301.874,351.025
2025_13_LA_CAR,LA,CAR,Matthew Stafford,00-0026498,QB,pass_td,1.902,0.0,1.0,2.0,3.0,3.0
2025_13_LA_CAR,LA,CAR,Matthew Stafford,00-0026498,QB,ints,0.522,0.0,0.0,0.0,1.0,2.0
2025_13_LA_CAR,LA,CAR,Matthew Stafford,00-0026498,QB,car,1.977,0.0,1.0,2.0,3.0,4.0
2025_13_LA_CAR,LA,CAR,Matthew Stafford,00-0026498,QB,rush_yds,4.178,-2.0,-1.0,0.0,5.832,16.286
2025_13_LA_CAR,LA,CAR,Matthew Stafford,00-0026498,QB,tgt,0.001,0.0,0.0,0.0,0.0,0.0
2025_13_LA_CAR,LA,CAR,Matthew Stafford,00-0026498,QB,rec,0.001,0.0,0.0,0.0,0.0,0.0
2025_13_LA_CAR,LA,CAR,Matthew Stafford,00-0026498,QB,rec_yds,0.002,0.0,0.0,0.0,0.0,0.0
2025_13_LA_CAR,LA,CAR,Matthew Stafford,00-0026498,QB,anytime_td,0.017,0.0,0.0,0.0,0.0,0.0
2025_13_LA_CAR,LA,CAR,Davante Adams,00-0031381,WR,car,0.007,0.0,0.0,0.0,0.0,0.0
2025_13_LA_CAR,LA,CAR,Davante Adams,00-0031381,WR,rush_yds,0.065,0.0,0.0,0.0,0.0,0.0
2025_13_LA_CAR,LA,CAR,Davante Adams,00-0031381,WR,tgt,8.539,4.0,6.0,8.0,11.0,13.0
2025_13_LA_CAR,LA,CAR,Davante Adams,00-0031381,WR,rec,5.098,2.0,3.0,5.0,7.0,9.0
2025_13_LA_CAR,LA,CAR,Davante Adams,00-0031381,WR,rec_yds,65.129,17.981,35.256,59.417,88.564,119.183
2025_13_LA_CAR,LA,CAR,Davante Adams,00-0031381,WR,anytime_td,0.532,0.0,0.0,1.0,1.0,1.0
2025_13_LA_CAR,LA,CAR,Puka Nacua,00-0039075,WR,car,0.634,0.0,0.0,0.0,1.0,2.0
2025_13_LA_CAR,LA,CAR,Puka Nacua,00-0039075,WR,rush_yds,3.774,0.0,0.0,0.0,0.0,12.966
2025_13_LA_CAR,LA,CAR,Puka Nacua,00-0039075,WR,tgt,9.679,5.0,7.0,9.0,12.0,15.0
2025_13_LA_CAR,LA,CAR,Puka Nacua,00-0039075,WR,rec,7.34,3.0,5.0,7.0,9.0,12.0
2025_13_LA_CAR,LA,CAR,Puka Nacua,00-0039075,WR,rec_yds,91.278,35.915,56.872,85.849,118.355,155.065
2025_13_LA_CAR,LA,CAR,Puka Nacua,00-0039075,WR,anytime_td,0.344,0.0,0.0,0.0,1.0,1.0
2025_13_LA_CAR,LA,CAR,Colby Parkinson,00-0036244,TE,car,0.006,0.0,0.0,0.0,0.0,0.0
2025_13_LA_CAR,LA,CAR,Colby Parkinson,00-0036244,TE,rush_yds,0.016,0.0,0.0,0.0,0.0,0.0
2025_13_LA_CAR,LA,CAR,Colby Parkinson,00-0036244,TE,tgt,2.63,0.0,1.0,2.0,4.0,5.0
2025_13_LA_CAR,LA,CAR,Colby Parkinson,00-0036244,TE,rec,2.117,0.0,1.0,2.0,3.0,5.0
2025_13_LA_CAR,LA,CAR,Colby Parkinson,00-0036244,TE,rec_yds,21.319,0.0,4.847,15.911,31.493,49.608
2025_13_LA_CAR,LA,CAR,Colby Parkinson,00-0036244,TE,anytime_td,0.243,0.0,0.0,0.0,0.0,1.0
2025_13_LA_CAR,LA,CAR,Kyren Williams,00-0037840,RB,car,15.627,8.0,11.0,15.0,20.0,24.0
2025_13_LA_CAR,LA,CAR,Kyren Williams,00-0037840,RB,rush_yds,75.041,27.057,42.951,67.442,97.664,134.783
2025_13_LA_CAR,LA,CAR,Kyren Williams,00-0037840,RB,tgt,2.761,0.0,1.0,2.0,4.0,6.0
2025_13_LA_CAR,LA,CAR,Kyren Williams,00-0037840,RB,rec,2.237,0.0,1.0,2.0,3.0,5.0
2025_13_LA_CAR,LA,CAR,Kyren Williams,00-0037840,RB,rec_yds,16.524,0.0,2.928,11.641,24.769,39.792
2025_13_LA_CAR,LA,CAR,Kyren Williams,00-0037840,RB,anytime_td,0.613,0.0,0.0,1.0,1.0,1.0
2025_13_LA_CAR,LA,CAR,Davis Allen,00-0039074,TE,car,0.002,0.0,0.0,0.0,0.0,0.0
2025_13_LA_CAR,LA,CAR,Davis Allen,00-0039074,TE,rush_yds,0.008,0.0,0.0,0.0,0.0,0.0
2025_13_LA_CAR,LA,CAR,Davis Allen,00-0039074,TE,tgt,2.029,0.0,1.0,2.0,3.0,4.0
2025_13_LA_CAR,LA,CAR,Davis Allen,00-0039074,TE,rec,1.567,0.0,0.0,1.0,2.0,4.0
2025_13_LA_CAR,LA,CAR,Davis Allen,00-0039074,TE,rec_yds,15.722,0.0,0.0,10.667,24.305,40.111
2025_13_LA_CAR,LA,CAR,Davis Allen,00-0039074,TE,anytime_td,0.147,0.0,0.0,0.0,0.0,1.0
2025_13_LA_CAR,LA,CAR,Xavier Smith,00-0038359,WR,car,0.06,0.0,0.0,0.0,0.0,0.0
2025_13_LA_CAR,LA,CAR,Xavier Smith,00-0038359,WR,rush_yds,0.297,0.0,0.0,0.0,0.0,0.0
2025_13_LA_CAR,LA,CAR,Xavier Smith,00-0038359,WR,tgt,1.489,0.0,0.0,1.0,2.0,4.0
2025_13_LA_CAR,LA,CAR,Xavier Smith,00-0038359,WR,rec,1.001,0.0,0.0,1.0,2.0,3.0
2025_13_LA_CAR,LA,CAR,Xavier Smith,00-0038359,WR,rec_yds,12.556,0.0,0.0,4.694,18.861,36.107
2025_13_LA_CAR,LA,CAR,Xavier Smith,00-0038359,WR,anytime_td,0.011,0.0,0.0,0.0,0.0,0.0
2025_13_LA_CAR,LA,CAR,Konata Mumpfield,00-0040590,WR,car,0.016,0.0,0.0,0.0,0.0,0.0
2025_13_LA_CAR,LA,CAR,Konata Mumpfield,00-0040590,WR,rush_yds,0.089,0.0,0.0,0.0,0.0,0.0
2025_13_LA_CAR,LA,CAR,Konata Mumpfield,00-0040590,WR,tgt,0.93,0.0,0.0,1.0,1.0,3.0
2025_13_LA_CAR,LA,CAR,Konata Mumpfield,00-0040590,WR,rec,0.623,0.0,0.0,0.0,1.0,2.0
2025_13_LA_CAR,LA,CAR,Konata Mumpfield,00-0040590,WR,rec_yds,7.857,0.0,0.0,0.0,11.028,25.812
2025_13_LA_CAR,LA,CAR,Konata Mumpfield,00-0040590,WR,anytime_td,0.061,0.0,0.0,0.0,0.0,0.0
2025_13_LA_CAR,LA,CAR,Jordan Whittington,00-0039751,WR,car,0.173,0.0,0.0,0.0,0.0,0.0
2025_13_LA_CAR,LA,CAR,Jordan Whittington,00-0039751,WR,rush_yds,1.027,0.0,0.0,0.0,0.0,0.0
2025_13_LA_CAR,LA,CAR,Jordan Whittington,00-0039751,WR,tgt,1.936,0.0,1.0,2.0,3.0,4.0
2025_13_LA_CAR,LA,CAR,Jordan Whittington,00-0039751,WR,rec,1.367,0.0,0.0,1.0,2.0,3.0
2025_13_LA_CAR,LA,CAR,Jordan Whittington,00-0039751,WR,rec_yds,16.174,0.0,0.0,9.462,24.4,43.39
2025_13_LA_CAR,LA,CAR,Jordan Whittington,00-0039751,WR,anytime_td,0.021,0.0,0.0,0.0,0.0,0.0
2025_13_LA_CAR,LA,CAR,Terrance Ferguson,00-0040737,TE,car,0.084,0.0,0.0,0.0,0.0,0.0
2025_13_LA_CAR,LA,CAR,Terrance Ferguson,00-0040737,TE,rush_yds,0.203,0.0,0.0,0.0,0.0,0.0
2025_13_LA_CAR,LA,CAR,Terrance Ferguson,00-0040737,TE,tgt,1.65,0.0,0.0,1.0,2.0,4.0
2025_13_LA_CAR,LA,CAR,Terrance Ferguson,00-0040737,TE,rec,1.133,0.0,0.0,1.0,2.0,3.0
2025_13_LA_CAR,LA,CAR,Terrance Ferguson,00-0040737,TE,rec_yds,13.6,0.0,0.0,7.17,20.879,37.984
2025_13_LA_CAR,LA,CAR,Terrance Ferguson,00-0040737,TE,anytime_td,0.078,0.0,0.0,0.0,0.0,0.0
2025_13_LA_CAR,LA,CAR,Blake Corum,00-0039738,RB,car,8.204,2.0,4.0,7.0,11.0,15.0
2025_13_LA_CAR,LA,CAR,Blake Corum,00-0039738,RB,rush_yds,35.106,5.938,14.122,28.233,47.897,74.019
2025_13_LA_CAR,LA,CAR,Blake Corum,00-0039738,RB,tgt,0.897,0.0,0.0,1.0,1.0,2.0
2025_13_LA_CAR,LA,CAR,Blake Corum,00-0039738,RB,rec,0.708,0.0,0.0,0.0,1.0,2.0
2025_13_LA_CAR,LA,CAR,Blake Corum,00-0039738,RB,rec_yds,5.104,0.0,0.0,0.0,7.135,16.502
2025_13_LA_CAR,LA,CAR,Blake Corum,00-0039738,RB,anytime_td,0.197,0.0,0.0,0.0,0.0,1.0
2025_13_LV_LAC,LAC,LV,Justin Herbert,00-0036355,QB,att,30.593,21.0,26.0,31.0,36.0,41.0
2025_13_LV_LAC,LAC,LV,Justin Herbert,00-0036355,QB,cmp,20.461,13.0,17.0,21.0,25.0,28.0
2025_13_LV_LAC,LAC,LV,Justin Herbert,00-0036355,QB,pass_yds,229.538,139.689,185.065,231.208,279.928,324.007
2025_13_LV_LAC,LAC,LV,Justin Herbert,00-0036355,QB,pass_td,1.747,0.0,1.0,2.0,3.0,3.0
2025_13_LV_LAC,LAC,LV,Justin Herbert,00-0036355,QB,ints,0.604,0.0,0.0,0.0,1.0,2.0
2025_13_LV_LAC,LAC,LV,Justin Herbert,00-0036355,QB,car,5.212,2.0,3.0,5.0,7.0,9.0
2025_13_LV_LAC,LAC,LV,Justin Herbert,00-0036355,QB,rush_yds,25.188,0.367,9.101,20.924,36.308,54.991
2025_13_LV_LAC,LAC,LV,Justin Herbert,00-0036355,QB,tgt,0.0,0.0,0.0,0.0,0.0,0.0
2025_13_LV_LAC,LAC,LV,Justin Herbert,00-0036355,QB,rec,0.0,0.0,0.0,0.0,0.0,0.0
2025_13_LV_LAC,LAC,LV,Justin Herbert,00-0036355,QB,rec_yds,0.001,0.0,0.0,0.0,0.0,0.0
2025_13_LV_LAC,LAC,LV,Justin Herbert,00-0036355,QB,anytime_td,0.177,0.0,0.0,0.0,0.0,1.0
2025_13_LV_LAC,LAC,LV,Kimani Vidal,00-0039391,RB,car,14.307,7.0,10.0,14.0,18.0,22.0
2025_13_LV_LAC,LAC,LV,Kimani Vidal,00-0039391,RB,rush_yds,60.259,21.062,34.144,53.568,79.676,108.431
2025_13_LV_LAC,LAC,LV,Kimani Vidal,00-0039391,RB,tgt,1.776,0.0,1.0,1.0,3.0,4.0
2025_13_LV_LAC,LAC,LV,Kimani Vidal,00-0039391,RB,rec,1.453,0.0,0.0,1.0,2.0,3.0
2025_13_LV_LAC,LAC,LV,Kimani Vidal,00-0039391,RB,rec_yds,9.562,0.0,0.0,5.379,14.242,26.102
2025_13_LV_LAC,LAC,LV,Kimani Vidal,00-0039391,RB,anytime_td,0.39,0.0,0.0,0.0,1.0,1.0
2025_13_LV_LAC,LAC,LV,Ladd McConkey,00-0039915,WR,car,0.015,0.0,0.0,0.0,0.0,0.0
2025_13_LV_LAC,LAC,LV,Ladd McConkey,00-0039915,WR,rush_yds,0.087,0.0,0.0,0.0,0.0,0.0
2025_13_LV_LAC,LAC,LV,Ladd McConkey,00-0039915,WR,tgt,7.124,3.0,5.0,7.0,9.0,11.0
2025_13_LV_LAC,LAC,LV,Ladd McConkey,00-0039915,WR,rec,4.866,2.0,3.0,5.0,6.0,8.0
2025_13_LV_LAC,LAC,LV,Ladd McConkey,00-0039915,WR,rec_yds,59.611,15.991,31.781,53.271,81.567,110.324
2025_13_LV_LAC,LAC,LV,Ladd McConkey,00-0039915,WR,anytime_td,0.335,0.0,0.0,0.0,1.0,1.0
2025_13_LV_LAC,LAC,LV,Oronde Gadsden II,00-0040189,TE,car,0.002,0.0,0.0,0.0,0.0,0.0
2025_13_LV_LAC,LAC,LV,Oronde Gadsden II,00-0040189,TE,rush_yds,-0.0,0.0,0.0,0.0,0.0,0.0
2025_13_LV_LAC,LAC,LV,Oronde Gadsden II,00-0040189,TE,tgt,4.941,2.0,3.0,5.0,7.0,9.0
2025_13_LV_LAC,LAC,LV,Oronde Gadsden II,00-0040189,TE,rec,3.795,1.0,2.0,4.0,5.0,7.0
2025_13_LV_LAC,LAC,LV,Oronde Gadsden II,00-0040189,TE,rec_yds,43.492,7.779,19.349,37.806,61.252,87.126
2025_13_LV_LAC,LAC,LV,Oronde Gadsden II,00-0040189,TE,anytime_td,0.263,0.0,0.0,0.0,1.0,1.0
2025_13_LV_LAC,LAC,LV,Quentin Johnston,00-0038544,WR,car,0.166,0.0,0.0,0.0,0.0,0.0
2025_13_LV_LAC,LAC,LV,Quentin Johnston,00-0038544,WR,rush_yds,1.006,0.0,0.0,0.0,0.0,0.0
2025_13_LV_LAC,LAC,LV,Quentin Johnston,00-0038544,WR,tgt,5.887,2.0,4.0,6.0,8.0,10.0
2025_13_LV_LAC,LAC,LV,Quentin Johnston,00-0038544,WR,rec,3.661,1.0,2.0,3.0,5.0,7.0
2025_13_LV_LAC,LAC,LV,Quentin Johnston,00-0038544,WR,rec_yds,44.558,8.015,20.388,39.577,62.643,88.417
2025_13_LV_LAC,LAC,LV,Quentin Johnston,00-0038544,WR,anytime_td,0.356,0.0,0.0,0.0,1.0,1.0
2025_13_LV_LAC,LAC,LV,Keenan Allen,00-0030279,WR,car,0.009,0.0,0.0,0.0,0.0,0.0
2025_13_LV_LAC,LAC,LV,Keenan Allen,00-0030279,WR,rush_yds,0.051,0.0,0.0,0.0,0.0,0.0
2025_13_LV_LAC,LAC,LV,Keenan Allen,00-0030279,WR,tgt,6.834,3.0,5.0,6.0,9.0,11.0
2025_13_LV_LAC,LAC,LV,Keenan Allen,00-0030279,WR,rec,4.606,2.0,3.0,4.0,6.0,8.0
2025_13_LV_LAC,LAC,LV,Keenan Allen,00-0030279,WR,rec_yds,52.339,13.142,26.918,46.374,71.817,99.45
2025_13_LV_LAC,LAC,LV,Keenan Allen,00-0030279,WR,anytime_td,0.27,0.0,0.0,0.0,1.0,1.0
2025_13_LV_LAC,LAC,LV,Tre Harris,00-0040727,WR,car,0.015,0.0,0.0,0.0,0.0,0.0
2025_13_LV_LAC,LAC,LV,Tre Harris,00-0040727,WR,rush_yds,0.08,0.0,0.0,0.0,0.0,0.0
2025_13_LV_LAC,LAC,LV,Tre Harris,00-0040727,WR,tgt,1.804,0.0,1.0,1.0,3.0,4.0
2025_13_LV_LAC,LAC,LV,Tre Harris,00-0040727,WR,rec,1.293,0.0,0.0,1.0,2.0,3.0
2025_13_LV_LAC,LAC,LV,Tre Harris,00-0040727,WR,rec_yds,14.115,0.0,0.0,7.879,21.039,38.861
2025_13_LV_LAC,LAC,LV,Tre Harris,00-0040727,WR,anytime_td,0.11,0.0,0.0,0.0,0.0,1.0
2025_13_LV_LAC,LAC,LV,Jaret Patterson,00-0036755,RB,car,6.492,2.0,3.0,6.0,9.0,12.1
2025_13_LV_LAC,LAC,LV,Jaret Patterson,00-0036755,RB,rush_yds,26.876,2.94,9.427,20.966,37.5,58.132
2025_13_LV_LAC,LAC,LV,Jaret Patterson,00-0036755,RB,tgt,0.198,0.0,0.0,0.0,0.0,1.0
2025_13_LV_LAC,LAC,LV,Jaret Patterson,00-0036755,RB,rec,0.162,0.0,0.0,0.0,0.0,1.0
2025_13_LV_LAC,LAC,LV,Jaret Patterson,00-0036755,RB,rec_yds,1.143,0.0,0.0,0.0,0.0,2.192
2025_13_LV_LAC,LAC,LV,Jaret Patterson,00-0036755,RB,anytime_td,0.091,0.0,0.0,0.0,0.0,0.0
2025_13_LV_LAC,LAC,LV,Tyler Conklin,00-0034270,TE,car,0.072,0.0,0.0,0.0,0.0,0.0
2025_13_LV_LAC,LAC,LV,Tyler Conklin,00-0034270,TE,rush_yds,0.165,0.0,0.0,0.0,0.0,0.0
2025_13_LV_LAC,LAC,LV,Tyler Conklin,00-0034270,TE,tgt,1.382,0.0,0.0,1.0,2.0,3.0
2025_13_LV_LAC,LAC,LV,Tyler Conklin,00-0034270,TE,rec,1.039,0.0,0.0,1.0,2.0,3.0
2025_13_LV_LAC,LAC,LV,Tyler Conklin,00-0034270,TE,rec_yds,10.551,0.0,0.0,5.07,16.407,29.925
2025_13_LV_LAC,LAC,LV,Tyler Conklin,00-0034270,TE,anytime_td,0.062,0.0,0.0,0.0,0.0,0.0
2025_13_LV_LAC,LAC,LV,Derius Davis,00-0038573,WR,car,0.331,0.0,0.0,0.0,0.0,1.0
2025_13_LV_LAC,LAC,LV,Derius Davis,00-0038573,WR,rush_yds,1.777,0.0,0.0,0.0,0.0,3.949
2025_13_LV_LAC,LAC,LV,Derius Davis,00-0038573,WR,tgt,0.618,0.0,0.0,0.0,1.0,2.0
2025_13_LV_LAC,LAC,LV,Derius Davis,00-0038573,WR,rec,0.412,0.0,0.0,0.0,1.0,1.0
2025_13_LV_LAC,LAC,LV,Derius Davis,00-0038573,WR,rec_yds,4.743,0.0,0.0,0.0,4.435,16.886
2025_13_LV_LAC,LAC,LV,Derius Davis,00-0038573,WR,anytime_td,0.029,0.0,0.0,0.0,0.0,0.0
2025_13_LV_LAC,LV,LAC,Geno Smith,00-0030565,QB,att,30.689,21.0,26.0,31.0,36.0,41.0
2025_13_LV_LAC,LV,LAC,Geno Smith,00-0030565,QB,cmp,18.667,11.0,15.0,19.0,23.0,26.0
2025_13_LV_LAC,LV,LAC,Geno Smith,00-0030565,QB,pass_yds,188.003,109.992,146.635,187.77,228.701,271.568
2025_13_LV_LAC,LV,LAC,Geno Smith,00-0030565,QB,pass_td,0.948,0.0,0.0,1.0,2.0,2.0
2025_13_LV_LAC,LV,LAC,Geno Smith,00-0030565,QB,ints,0.847,0.0,0.0,1.0,1.0,2.0
2025_13_LV_LAC,LV,LAC,Geno Smith,00-0030565,QB,car,3.251,1.0,1.0,3.0,5.0,7.0
2025_13_LV_LAC,LV,LAC,Geno Smith,00-0030565,QB,rush_yds,14.71,0.0,3.142,10.896,21.538,34.918
2025_13_LV_LAC,LV,LAC,Geno Smith,00-0030565,QB,tgt,0.0,0.0,0.0,0.0,0.0,0.0
2025_13_LV_LAC,LV,LAC,Geno Smith,00-0030565,QB,rec,0.0,0.0,0.0,0.0,0.0,0.0
2025_13_LV_LAC,LV,LAC,Geno Smith,00-0030565,QB,rec_yds,0.004,0.0,0.0,0.0,0.0,0.0
2025_13_LV_LAC,LV,LAC,Geno Smith,00-0030565,QB,anytime_td,0.035,0.0,0.0,0.0,0.0,0.0
2025_13_LV_LAC,LV,LAC,Brock Bowers,00-0039338,TE,car,0.29,0.0,0.0,0.0,0.0,1.0
2025_13_LV_LAC,LV,LAC,Brock Bowers,00-0039338,TE,rush_yds,0.649,0.0,0.0,0.0,0.0,1.454
2025_13_LV_LAC,LV,LAC,Brock Bowers,00-0039338,TE,tgt,8.504,4.0,6.0,8.0,11.0,13.0
2025_13_LV_LAC,LV,LAC,Brock Bowers,00-0039338,TE,rec,5.547,2.0,4.0,5.0,7.0,9.0
2025_13_LV_LAC,LV,LAC,Brock Bowers,00-0039338,TE,rec_yds,57.817,18.011,32.618,53.505,77.725,102.425
2025_13_LV_LAC,LV,LAC,Brock Bowers,00-0039338,TE,anytime_td,0.218,0.0,0.0,0.0,0.0,1.0
2025_13_LV_LAC,LV,LAC,Ashton Jeanty,00-0040122,RB,car,15.461,8.0,11.0,15.0,19.0,23.0
2025_13_LV_LAC,LV,LAC,Ashton Jeanty,00-0040122,RB,rush_yds,57.443,21.134,33.597,50.981,75.576,99.821
2025_13_LV_LAC,LV,LAC,Ashton Jeanty,00-0040122,RB,tgt,5.429,2.0,3.0,5.0,7.0,9.0
2025_13_LV_LAC,LV,LAC,Ashton Jeanty,00-0040122,RB,rec,3.971,1.0,2.0,4.0,5.0,7.0
2025_13_LV_LAC,LV,LAC,Ashton Jeanty,00-0040122,RB,rec_yds,26.756,3.923,11.113,22.198,37.415,54.933
2025_13_LV_LAC,LV,LAC,Ashton Jeanty,00-0040122,RB,anytime_td,0.456,0.0,0.0,0.0,1.0,1.0
2025_13_LV_LAC,LV,LAC,Tre Tucker,00-0038563,WR,car,0.478,0.0,0.0,0.0,0.0,2.0
2025_13_LV_LAC,LV,LAC,Tre Tucker,00-0038563,WR,rush_yds,2.491,0.0,0.0,0.0,0.0,7.976
2025_13_LV_LAC,LV,LAC,Tre Tucker,00-0038563,WR,tgt,6.655,3.0,4.0,6.0,9.0,11.0
2025_13_LV_LAC,LV,LAC,Tre Tucker,00-0038563,WR,rec,3.718,1.0,2.0,3.0,5.0,7.0
2025_13_LV_LAC,LV,LAC,Tre Tucker,00-0038563,WR,rec_yds,44.407,8.017,19.837,38.611,61.894,88.579
2025_13_LV_LAC,LV,LAC,Tre Tucker,00-0038563,WR,anytime_td,0.213,0.0,0.0,0.0,0.0,1.0
2025_13_LV_LAC,LV,LAC,Ian Thomas,00-0034365,TE,car,0.001,0.0,0.0,0.0,0.0,0.0
2025_13_LV_LAC,LV,LAC,Ian Thomas,00-0034365,TE,rush_yds,0.001,0.0,0.0,0.0,0.0,0.0
2025_13_LV_LAC,LV,LAC,Ian Thomas,00-0034365,TE,tgt,1.378,0.0,0.0,1.0,2.0,3.0
2025_13_LV_LAC,LV,LAC,Ian Thomas,00-0034365,TE,rec,0.965,0.0,0.0,1.0,1.0,3.0
2025_13_LV_LAC,LV,LAC,Ian Thomas,00-0034365,TE,rec_yds,9.648,0.0,0.0,3.642,14.498,28.536
2025_13_LV_LAC,LV,LAC,Ian Thomas,00-0034365,TE,anytime_td,0.015,0.0,0.0,0.0,0.0,0.0
2025_13_LV_LAC,LV,LAC,Jack Bech,00-0040729,WR,car,0.01,0.0,0.0,0.0,0.0,0.0
2025_13_LV_LAC,LV,LAC,Jack Bech,00-0040729,WR,rush_yds,0.054,0.0,0.0,0.0,0.0,0.0
2025_13_LV_LAC,LV,LAC,Jack Bech,00-0040729,WR,tgt,1.453,0.0,0.0,1.0,2.0,3.0
2025_13_LV_LAC,LV,LAC,Jack Bech,00-0040729,WR,rec,0.86,0.0,0.0,1.0,1.0,2.0
2025_13_LV_LAC,LV,LAC,Jack Bech,00-0040729,WR,rec_yds,10.53,0.0,0.0,2.255,15.442,31.828
2025_13_LV_LAC,LV,LAC,Jack Bech,00-0040729,WR,anytime_td,0.019,0.0,0.0,0.0,0.0,0.0
2025_13_LV_LAC,LV,LAC,Tyler Lockett,00-0032211,WR,car,0.011,0.0,0.0,0.0,0.0,0.0
2025_13_LV_LAC,LV,LAC,Tyler Lockett,00-0032211,WR,rush_yds,0.062,0.0,0.0,0.0,0.0,0.0
2025_13_LV_LAC,LV,LAC,Tyler Lockett,00-0032211,WR,tgt,3.725,1.0,2.0,3.0,5.0,7.0
2025_13_LV_LAC,LV,LAC,Tyler Lockett,00-0032211,WR,rec,2.244,0.0,1.0,2.0,3.0,5.0
2025_13_LV_LAC,LV,LAC,Tyler Lockett,00-0032211,WR,rec_yds,26.246,0.0,7.146,19.97,38.95,60.428
2025_13_LV_LAC,LV,LAC,Tyler Lockett,00-0032211,WR,anytime_td,0.052,0.0,0.0,0.0,0.0,0.0
2025_13_LV_LAC,LV,LAC,Dont'e Thornton Jr.,00-0040581,WR,car,0.01,0.0,0.0,0.0,0.0,0.0
2025_13_LV_LAC,LV,LAC,Dont'e Thornton Jr.,00-0040581,WR,rush_yds,0.038,0.0,0.0,0.0,0.0,0.0
2025_13_LV_LAC,LV,LAC,Dont'e Thornton Jr.,00-0040581,WR,tgt,2.327,0.0,1.0,2.0,3.0,5.0
2025_13_LV_LAC,LV,LAC,Dont'e Thornton Jr.,00-0040581,WR,rec,1.194,0.0,0.0,1.0,2.0,3.0
2025_13_LV_LAC,LV,LAC,Dont'e Thornton Jr.,00-0040581,WR,rec_yds,14.739,0.0,0.0,8.33,22.463,40.484
2025_13_LV_LAC,LV,LAC,Dont'e Thornton Jr.,00-0040581,WR,anytime_td,0.026,0.0,0.0,0.0,0.0,0.0
2025_13_LV_LAC,LV,LAC,Raheem Mostert,00-0031687,RB,car,2.817,0.0,1.0,2.0,4.0,7.0
2025_13_LV_LAC,LV,LAC,Raheem Mostert,00-0031687,RB,rush_yds,11.204,0.0,0.0,6.057,15.492,29.26
2025_13_LV_LAC,LV,LAC,Raheem Mostert,00-0031687,RB,tgt,1.623,0.0,0.0,1.0,2.0,4.0
2025_13_LV_LAC,LV,LAC,Raheem Mostert,00-0031687,RB,rec,1.222,0.0,0.0,1.0,2.0,3.0
2025_13_LV_LAC,LV,LAC,Raheem Mostert,00-0031687,RB,rec_yds,8.636,0.0,0.0,3.828,12.93,25.218
2025_13_LV_LAC,LV,LAC,Raheem Mostert,00-0031687,RB,anytime_td,0.067,0.0,0.0,0.0,0.0,0.0
2025_13_MIN_SEA,SEA,MIN,Sam Darnold,00-0034869,QB,att,28.0,18.0,23.0,29.0,34.0,38.0
2025_13_MIN_SEA,SEA,MIN,Sam Darnold,00-0034869,QB,cmp,19.17,12.0,16.0,19.0,23.0,27.0
2025_13_MIN_SEA,SEA,MIN,Sam Darnold,00-0034869,QB,pass_yds,230.495,134.21,182.661,231.943,282.776,328.764
2025_13_MIN_SEA,SEA,MIN,Sam Darnold,00-0034869,QB,pass_td,1.653,0.0,1.0,2.0,2.0,3.0
2025_13_MIN_SEA,SEA,MIN,Sam Darnold,00-0034869,QB,ints,0.56,0.0,0.0,0.0,1.0,2.0
2025_13_MIN_SEA,SEA,MIN,Sam Darnold,00-0034869,QB,car,2.232,0.0,1.0,2.0,3.0,5.0
2025_13_MIN_SEA,SEA,MIN,Sam Darnold,00-0034869,QB,rush_yds,5.73,-2.0,-1.0,0.007,9.059,20.145
2025_13_MIN_SEA,SEA,MIN,Sam Darnold,00-0034869,QB,tgt,0.001,0.0,0.0,0.0,0.0,0.0
2025_13_MIN_SEA,SEA,MIN,Sam Darnold,00-0034869,QB,rec,0.0,0.0,0.0,0.0,0.0,0.0
2025_13_MIN_SEA,SEA,MIN,Sam Darnold,00-0034869,QB,rec_yds,0.001,0.0,0.0,0.0,0.0,0.0
2025_13_MIN_SEA,SEA,MIN,Sam Darnold,00-0034869,QB,anytime_td,0.016,0.0,0.0,0.0,0.0,0.0
2025_13_MIN_SEA,SEA,MIN,AJ Barner,00-0039793,TE,car,0.714,0.0,0.0,0.0,1.0,2.0
2025_13_MIN_SEA,SEA,MIN,AJ Barner,00-0039793,TE,rush_yds,1.711,0.0,0.0,0.0,0.0,5.991
2025_13_MIN_SEA,SEA,MIN,AJ Barner,00-0039793,TE,tgt,3.756,1.0,2.0,3.0,5.0,7.0
2025_13_MIN_SEA,SEA,MIN,AJ Barner,00-0039793,TE,rec,2.903,1.0,1.0,3.0,4.0,6.0
2025_13_MIN_SEA,SEA,MIN,AJ Barner,00-0039793,TE,rec_yds,28.164,2.415,10.417,23.745,40.718,59.345
2025_13_MIN_SEA,SEA,MIN,AJ Barner,00-0039793,TE,anytime_td,0.292,0.0,0.0,0.0,1.0,1.0
2025_13_MIN_SEA,SEA,MIN,Jaxon Smith-Njigba,00-0038543,WR,car,0.578,0.0,0.0,0.0,0.0,2.0
2025_13_MIN_SEA,SEA,MIN,Jaxon Smith-Njigba,00-0038543,WR,rush_yds,3.444,0.0,0.0,0.0,0.0,10.693
2025_13_MIN_SEA,SEA,MIN,Jaxon Smith-Njigba,00-0038543,WR,tgt,8.565,4.0,6.0,8.0,11.0,13.0
2025_13_MIN_SEA,SEA,MIN,Jaxon Smith-Njigba,00-0038543,WR,rec,6.219,3.0,4.0,6.0,8.0,10.0
2025_13_MIN_SEA,SEA,MIN,Jaxon Smith-Njigba,00-0038543,WR,rec_yds,92.002,32.165,54.909,84.851,122.313,160.477
2025_13_MIN_SEA,SEA,MIN,Jaxon Smith-Njigba,00-0038543,WR,anytime_td,0.463,0.0,0.0,0.0,1.0,1.0
2025_13_MIN_SEA,SEA,MIN,Cooper Kupp,00-0033908,WR,car,0.015,0.0,0.0,0.0,0.0,0.0
2025_13_MIN_SEA,SEA,MIN,Cooper Kupp,00-0033908,WR,rush_yds,0.086,0.0,0.0,0.0,0.0,0.0
2025_13_MIN_SEA,SEA,MIN,Cooper Kupp,00-0033908,WR,tgt,4.081,1.0,2.0,4.0,6.0,7.0
2025_13_MIN_SEA,SEA,MIN,Cooper Kupp,00-0033908,WR,rec,2.664,1.0,1.0,2.0,4.0,5.0
2025_13_MIN_SEA,SEA,MIN,Cooper Kupp,00-0033908,WR,rec_yds,34.709,0.0,12.165,28.027,50.866,74.799
2025_13_MIN_SEA,SEA,MIN,Cooper Kupp,00-0033908,WR,anytime_td,0.171,0.0,0.0,0.0,0.0,1.0
2025_13_MIN_SEA,SEA,MIN,Kenneth Walker III,00-0038134,RB,car,13.026,6.0,8.0,12.0,17.0,21.0
2025_13_MIN_SEA,SEA,MIN,Kenneth Walker III,00-0038134,RB,rush_yds,60.082,17.56,31.53,52.644,80.742,111.204
2025_13_MIN_SEA,SEA,MIN,Kenneth Walker III,00-0038134,RB,tgt,1.933,0.0,1.0,2.0,3.0,4.0
2025_13_MIN_SEA,SEA,MIN,Kenneth Walker III,00-0038134,RB,rec,1.617,0.0,0.0,1.0,2.0,4.0
2025_13_MIN_SEA,SEA,MIN,Kenneth Walker III,00-0038134,RB,rec_yds,12.797,0.0,0.0,7.646,18.986,33.73
2025_13_MIN_SEA,SEA,MIN,Kenneth Walker III,00-0038134,RB,anytime_td,0.388,0.0,0.0,0.0,1.0,1.0
2025_13_MIN_SEA,SEA,MIN,Rashid Shaheed,00-0037545,WR,car,0.809,0.0,0.0,0.0,1.0,3.0
2025_13_MIN_SEA,SEA,MIN,Rashid Shaheed,00-0037545,WR,rush_yds,4.861,0.0,0.0,0.0,2.092,16.39
2025_13_MIN_SEA,SEA,MIN,Rashid Shaheed,00-0037545,WR,tgt,4.335,1.0,2.0,4.0,6.0,8.0
2025_13_MIN_SEA,SEA,MIN,Rashid Shaheed,00-0037545,WR,rec,2.71,1.0,1.0,2.0,4.0,5.0
2025_13_MIN_SEA,SEA,MIN,Rashid Shaheed,00-0037545,WR,rec_yds,32.926,0.0,11.577,27.12,47.861,70.582
2025_13_MIN_SEA,SEA,MIN,Rashid Shaheed,00-0037545,WR,anytime_td,0.204,0.0,0.0,0.0,0.0,1.0
2025_13_MIN_SEA,SEA,MIN,Zach Charbonnet,00-0039165,RB,car,10.029,4.0,6.0,9.0,13.0,17.0
2025_13_MIN_SEA,SEA,MIN,Zach Charbonnet,00-0039165,RB,rush_yds,42.992,9.481,20.206,36.333,58.225,85.686
2025_13_MIN_SEA,SEA,MIN,Zach Charbonnet,00-0039165,RB,tgt,1.036,0.0,0.0,1.0,2.0,3.0
2025_13_MIN_SEA,SEA,MIN,Zach Charbonnet,00-0039165,RB,rec,0.85,0.0,0.0,0.0,1.0,2.0
2025_13_MIN_SEA,SEA,MIN,Zach Charbonnet,00-0039165,RB,rec_yds,6.116,0.0,0.0,0.0,8.861,19.496
2025_13_MIN_SEA,SEA,MIN,Zach Charbonnet,00-0039165,RB,anytime_td,0.5,0.0,0.0,0.5,1.0,1.0
2025_13_MIN_SEA,SEA,MIN,Elijah Arroyo,00-0040739,TE,car,0.001,0.0,0.0,0.0,0.0,0.0
2025_13_MIN_SEA,SEA,MIN,Elijah Arroyo,00-0040739,TE,rush_yds,0.002,0.0,0.0,0.0,0.0,0.0
2025_13_MIN_SEA,SEA,MIN,Elijah Arroyo,00-0040739,TE,tgt,1.924,0.0,1.0,2.0,3.0,4.0
2025_13_MIN_SEA,SEA,MIN,Elijah Arroyo,00-0040739,TE,rec,1.389,0.0,0.0,1.0,2.0,3.0
2025_13_MIN_SEA,SEA,MIN,Elijah Arroyo,00-0040739,TE,rec_yds,14.668,0.0,0.0,9.313,22.656,38.429
2025_13_MIN_SEA,SEA,MIN,Elijah Arroyo,00-0040739,TE,anytime_td,0.122,0.0,0.0,0.0,0.0,1.0
2025_13_MIN_SEA,SEA,MIN,Myles Gaskin,00-0035311,RB,car,2.636,0.0,0.0,2.0,4.0,7.0
2025_13_MIN_SEA,SEA,MIN,Myles Gaskin,00-0035311,RB,rush_yds,11.471,0.0,0.0,5.105,16.106,32.175
2025_13_MIN_SEA,SEA,MIN,Myles Gaskin,00-0035311,RB,tgt,0.683,0.0,0.0,0.0,1.0,2.0
2025_13_MIN_SEA,SEA,MIN,Myles Gaskin,00-0035311,RB,rec,0.548,0.0,0.0,0.0,1.0,2.0
2025_13_MIN_SEA,SEA,MIN,Myles Gaskin,00-0035311,RB,rec_yds,4.125,0.0,0.0,0.0,5.094,14.283
2025_13_MIN_SEA,SEA,MIN,Myles Gaskin,00-0035311,RB,anytime_td,0.128,0.0,0.0,0.0,0.0,1.0
2025_13_MIN_SEA,SEA,MIN,Cody White,00-0035891,WR,car,0.034,0.0,0.0,0.0,0.0,0.0
2025_13_MIN_SEA,SEA,MIN,Cody White,00-0035891,WR,rush_yds,0.216,0.0,0.0,0.0,0.0,0.0
2025_13_MIN_SEA,SEA,MIN,Cody White,00-0035891,WR,tgt,1.849,0.0,1.0,1.0,3.0,4.0
2025_13_MIN_SEA,SEA,MIN,Cody White,00-0035891,WR,rec,1.206,0.0,0.0,1.0,2.0,3.0
2025_13_MIN_SEA,SEA,MIN,Cody White,00-0035891,WR,rec_yds,17.03,0.0,0.0,9.353,25.371,47.201
2025_13_MIN_SEA,SEA,MIN,Cody White,00-0035891,WR,anytime_td,0.176,0.0,0.0,0.0,0.0,1.0
2025_13_MIN_SEA,MIN,SEA,Max Brosmer,00-0040494,QB,att,31.234,21.0,27.0,32.0,37.0,42.0
2025_13_MIN_SEA,MIN,SEA,Max Brosmer,00-0040494,QB,cmp,18.579,11.0,15.0,19.0,23.0,26.0
2025_13_MIN_SEA,MIN,SEA,Max Brosmer,00-0040494,QB,pass_yds,190.027,109.986,148.282,189.436,233.543,274.366
2025_13_MIN_SEA,MIN,SEA,Max Brosmer,00-0040494,QB,pass_td,0.882,0.0,0.0,1.0,1.0,2.0
2025_13_MIN_SEA,MIN,SEA,Max Brosmer,00-0040494,QB,ints,0.772,0.0,0.0,1.0,1.0,2.0
2025_13_MIN_SEA,MIN,SEA,Max Brosmer,00-0040494,QB,car,2.097,0.0,1.0,2.0,3.0,4.0
2025_13_MIN_SEA,MIN,SEA,Max Brosmer,00-0040494,QB,rush_yds,12.194,0.0,0.76,8.947,18.909,29.856
2025_13_MIN_SEA,MIN,SEA,Max Brosmer,00-0040494,QB,tgt,0.001,0.0,0.0,0.0,0.0,0.0
2025_13_MIN_SEA,MIN,SEA,Max Brosmer,00-0040494,QB,rec,0.001,0.0,0.0,0.0,0.0,0.0
2025_13_MIN_SEA,MIN,SEA,Max Brosmer,00-0040494,QB,rec_yds,0.006,0.0,0.0,0.0,0.0,0.0
2025_13_MIN_SEA,MIN,SEA,Max Brosmer,00-0040494,QB,anytime_td,0.003,0.0,0.0,0.0,0.0,0.0
2025_13_MIN_SEA,MIN,SEA,Justin Jefferson,00-0036322,WR,car,0.046,0.0,0.0,0.0,0.0,0.0
2025_13_MIN_SEA,MIN,SEA,Justin Jefferson,00-0036322,WR,rush_yds,0.204,0.0,0.0,0.0,0.0,0.0
2025_13_MIN_SEA,MIN,SEA,Justin Jefferson,00-0036322,WR,tgt,8.83,4.0,6.0,8.0,11.0,14.0
2025_13_MIN_SEA,MIN,SEA,Justin Jefferson,00-0036322,WR,rec,5.094,2.0,3.0,5.0,7.0,9.0
2025_13_MIN_SEA,MIN,SEA,Justin Jefferson,00-0036322,WR,rec_yds,61.995,18.332,34.211,56.741,83.822,112.639
2025_13_MIN_SEA,MIN,SEA,Justin Jefferson,00-0036322,WR,anytime_td,0.155,0.0,0.0,0.0,0.0,1.0
2025_13_MIN_SEA,MIN,SEA,Jordan Addison,00-0038994,WR,car,0.121,0.0,0.0,0.0,0.0,0.0
2025_13_MIN_SEA,MIN,SEA,Jordan Addison,00-0038994,WR,rush_yds,0.522,0.0,0.0,0.0,0.0,0.0
2025_13_MIN_SEA,MIN,SEA,Jordan Addison,00-0038994,WR,tgt,5.931,2.0,4.0,6.0,8.0,10.0
2025_13_MIN_SEA,MIN,SEA,Jordan Addison,00-0038994,WR,rec,3.193,1.0,2.0,3.0,4.0,6.0
2025_13_MIN_SEA,MIN,SEA,Jordan Addison,00-0038994,WR,rec_yds,39.604,5.825,16.027,32.949,56.816,82.106
2025_13_MIN_SEA,MIN,SEA,Jordan Addison,00-0038994,WR,anytime_td,0.215,0.0,0.0,0.0,0.0,1.0
2025_13_MIN_SEA,MIN,SEA,T.J. Hockenson,00-0035229,TE,car,0.13,0.0,0.0,0.0,0.0,0.0
2025_13_MIN_SEA,MIN,SEA,T.J. Hockenson,00-0035229,TE,rush_yds,0.267,0.0,0.0,0.0,0.0,0.0
2025_13_MIN_SEA,MIN,SEA,T.J. Hockenson,00-0035229,TE,tgt,4.592,1.0,3.0,4.0,6.0,8.0
2025_13_MIN_SEA,MIN,SEA,T.J. Hockenson,00-0035229,TE,rec,3.13,1.0,2.0,3.0,4.0,6.0
2025_13_MIN_SEA,MIN,SEA,T.J. Hockenson,00-0035229,TE,rec_yds,27.699,3.558,11.28,23.122,39.88,57.637
2025_13_MIN_SEA,MIN,SEA,T.J. Hockenson,00-0035229,TE,anytime_td,0.113,0.0,0.0,0.0,0.0,1.0
2025_13_MIN_SEA,MIN,SEA,Jalen Nailor,00-0037291,WR,car,0.062,0.0,0.0,0.0,0.0,0.0
2025_13_MIN_SEA,MIN,SEA,Jalen Nailor,00-0037291,WR,rush_yds,0.28,0.0,0.0,0.0,0.0,0.0
2025_13_MIN_SEA,MIN,SEA,Jalen Nailor,00-0037291,WR,tgt,3.097,1.0,1.0,3.0,4.0,6.0
2025_13_MIN_SEA,MIN,SEA,Jalen Nailor,00-0037291,WR,rec,1.76,0.0,1.0,1.0,3.0,4.0
2025_13_MIN_SEA,MIN,SEA,Jalen Nailor,00-0037291,WR,rec_yds,23.087,0.0,2.646,16.659,35.317,56.032
2025_13_MIN_SEA,MIN,SEA,Jalen Nailor,00-0037291,WR,anytime_td,0.119,0.0,0.0,0.0,0.0,1.0
2025_13_MIN_SEA,MIN,SEA,Josh Oliver,00-0035249,TE,car,0.003,0.0,0.0,0.0,0.0,0.0
2025_13_MIN_SEA,MIN,SEA,Josh Oliver,00-0035249,TE,rush_yds,0.003,0.0,0.0,0.0,0.0,0.0
2025_13_MIN_SEA,MIN,SEA,Josh Oliver,00-0035249,TE,tgt,1.175,0.0,0.0,1.0,2.0,3.0
2025_13_MIN_SEA,MIN,SEA,Josh Oliver,00-0035249,TE,rec,0.804,0.0,0.0,0.0,1.0,2.0
2025_13_MIN_SEA,MIN,SEA,Josh Oliver,00-0035249,TE,rec_yds,7.63,0.0,0.0,0.0,11.218,23.852
2025_13_MIN_SEA,MIN,SEA,Josh Oliver,00-0035249,TE,anytime_td,0.078,0.0,0.0,0.0,0.0,0.0
2025_13_MIN_SEA,MIN,SEA,Aaron Jones,00-0033293,RB,car,8.692,3.0,5.0,8.0,12.0,15.0
2025_13_MIN_SEA,MIN,SEA,Aaron Jones,00-0033293,RB,rush_yds,32.869,6.616,14.52,27.36,45.375,66.16
2025_13_MIN_SEA,MIN,SEA,Aaron Jones,00-0033293,RB,tgt,4.275,1.0,2.0,4.0,6.0,8.0
2025_13_MIN_SEA,MIN,SEA,Aaron Jones,00-0033293,RB,rec,2.909,1.0,1.0,3.0,4.0,6.0
2025_13_MIN_SEA,MIN,SEA,Aaron Jones,00-0033293,RB,rec_yds,20.661,0.0,6.613,16.242,29.945,46.152
2025_13_MIN_SEA,MIN,SEA,Aaron Jones,00-0033293,RB,anytime_td,0.245,0.0,0.0,0.0,0.0,1.0
2025_13_MIN_SEA,MIN,SEA,Jordan Mason,00-0037525,RB,car,7.702,2.0,4.0,7.0,10.0,14.0
2025_13_MIN_SEA,MIN,SEA,Jordan Mason,00-0037525,RB,rush_yds,28.668,4.591,11.569,23.111,40.323,59.196
2025_13_MIN_SEA,MIN,SEA,Jordan Mason,00-0037525,RB,tgt,1.002,0.0,0.0,1.0,2.0,3.0
2025_13_MIN_SEA,MIN,SEA,Jordan Mason,00-0037525,RB,rec,0.74,0.0,0.0,0.0,1.0,2.0
2025_13_MIN_SEA,MIN,SEA,Jordan Mason,00-0037525,RB,rec_yds,4.854,0.0,0.0,0.0,6.84,15.348
2025_13_MIN_SEA,MIN,SEA,Jordan Mason,00-0037525,RB,anytime_td,0.215,0.0,0.0,0.0,0.0,1.0
2025_13_MIN_SEA,MIN,SEA,Zavier Scott,00-0038440,RB,car,3.424,0.0,1.0,3.0,5.0,8.0
2025_13_MIN_SEA,MIN,SEA,Zavier Scott,00-0038440,RB,rush_yds,12.047,0.0,1.572,7.367,17.15,30.026
2025_13_MIN_SEA,MIN,SEA,Zavier Scott,00-0038440,RB,tgt,1.957,0.0,1.0,2.0,3.0,4.0
2025_13_MIN_SEA,MIN,SEA,Zavier Scott,00-0038440,RB,rec,1.469,0.0,0.0,1.0,2.0,3.0
2025_13_MIN_SEA,MIN,SEA,Zavier Scott,00-0038440,RB,rec_yds,10.244,0.0,0.0,5.761,15.293,27.897
2025_13_MIN_SEA,MIN,SEA,Zavier Scott,00-0038440,RB,anytime_td,0.128,0.0,0.0,0.0,0.0,1.0
2025_13_MIN_SEA,MIN,SEA,Myles Price,00-0040506,WR,car,0.023,0.0,0.0,0.0,0.0,0.0
2025_13_MIN_SEA,MIN,SEA,Myles Price,00-0040506,WR,rush_yds,0.136,0.0,0.0,0.0,0.0,0.0
2025_13_MIN_SEA,MIN,SEA,Myles Price,00-0040506,WR,tgt,0.584,0.0,0.0,0.0,1.0,2.0
2025_13_MIN_SEA,MIN,SEA,Myles Price,00-0040506,WR,rec,0.353,0.0,0.0,0.0,1.0,1.0
2025_13_MIN_SEA,MIN,SEA,Myles Price,00-0040506,WR,rec_yds,4.254,0.0,0.0,0.0,1.648,15.581
2025_13_MIN_SEA,MIN,SEA,Myles Price,00-0040506,WR,anytime_td,0.009,0.0,0.0,0.0,0.0,0.0
2025_13_NO_MIA,MIA,NO,Tua Tagovailoa,00-0036212,QB,att,28.204,18.0,24.0,29.0,34.0,38.0
2025_13_NO_MIA,MIA,NO,Tua Tagovailoa,00-0036212,QB,cmp,19.057,12.0,16.0,19.0,23.0,27.0
2025_13_NO_MIA,MIA,NO,Tua Tagovailoa,00-0036212,QB,pass_yds,210.15,124.301,165.565,210.973,256.946,300.584
2025_13_NO_MIA,MIA,NO,Tua Tagovailoa,00-0036212,QB,pass_td,1.457,0.0,1.0,1.0,2.0,3.0
2025_13_NO_MIA,MIA,NO,Tua Tagovailoa,00-0036212,QB,ints,0.644,0.0,0.0,0.0,1.0,2.0
2025_13_NO_MIA,MIA,NO,Tua Tagovailoa,00-0036212,QB,car,2.126,0.0,1.0,2.0,3.0,4.0
2025_13_NO_MIA,MIA,NO,Tua Tagovailoa,00-0036212,QB,rush_yds,6.092,-2.0,-1.0,1.435,9.475,19.793
2025_13_NO_MIA,MIA,NO,Tua Tagovailoa,00-0036212,QB,tgt,0.001,0.0,0.0,0.0,0.0,0.0
2025_13_NO_MIA,MIA,NO,Tua Tagovailoa,00-0036212,QB,rec,0.001,0.0,0.0,0.0,0.0,0.0
2025_13_NO_MIA,MIA,NO,Tua Tagovailoa,00-0036212,QB,rec_yds,0.009,0.0,0.0,0.0,0.0,0.0
2025_13_NO_MIA,MIA,NO,Tua Tagovailoa,00-0036212,QB,anytime_td,0.007,0.0,0.0,0.0,0.0,0.0
2025_13_NO_MIA,MIA,NO,Jaylen Waddle,00-0036613,WR,car,0.029,0.0,0.0,0.0,0.0,0.0
2025_13_NO_MIA,MIA,NO,Jaylen Waddle,00-0036613,WR,rush_yds,0.144,0.0,0.0,0.0,0.0,0.0
2025_13_NO_MIA,MIA,NO,Jaylen Waddle,00-0036613,WR,tgt,6.371,3.0,4.0,6.0,8.0,11.0
2025_13_NO_MIA,MIA,NO,Jaylen Waddle,00-0036613,WR,rec,4.12,1.0,2.0,4.0,6.0,7.0
2025_13_NO_MIA,MIA,NO,Jaylen Waddle,00-0036613,WR,rec_yds,59.9,13.337,29.195,53.115,83.641,115.997
2025_13_NO_MIA,MIA,NO,Jaylen Waddle,00-0036613,WR,anytime_td,0.278,0.0,0.0,0.0,1.0,1.0
2025_13_NO_MIA,MIA,NO,De'Von Achane,00-0039040,RB,car,16.142,8.0,11.0,16.0,20.0,25.0
2025_13_NO_MIA,MIA,NO,De'Von Achane,00-0039040,RB,rush_yds,76.147,28.243,44.935,68.836,100.623,133.647
2025_13_NO_MIA,MIA,NO,De'Von Achane,00-0039040,RB,tgt,5.749,2.0,4.0,5.0,7.0,10.0
2025_13_NO_MIA,MIA,NO,De'Von Achane,00-0039040,RB,rec,4.529,2.0,3.0,4.0,6.0,8.0
2025_13_NO_MIA,MIA,NO,De'Von Achane,00-0039040,RB,rec_yds,34.242,6.056,15.85,29.113,47.899,68.172
2025_13_NO_MIA,MIA,NO,De'Von Achane,00-0039040,RB,anytime_td,0.582,0.0,0.0,1.0,1.0,1.0
2025_13_NO_MIA,MIA,NO,Malik Washington,00-0039880,WR,car,0.953,0.0,0.0,0.0,1.0,3.0
2025_13_NO_MIA,MIA,NO,Malik Washington,00-0039880,WR,rush_yds,4.982,0.0,0.0,0.0,3.878,17.103
2025_13_NO_MIA,MIA,NO,Malik Washington,00-0039880,WR,tgt,3.916,1.0,2.0,4.0,5.0,7.0
2025_13_NO_MIA,MIA,NO,Malik Washington,00-0039880,WR,rec,2.658,0.0,1.0,2.0,4.0,5.0
2025_13_NO_MIA,MIA,NO,Malik Washington,00-0039880,WR,rec_yds,30.992,0.0,10.215,25.31,44.97,67.181
2025_13_NO_MIA,MIA,NO,Malik Washington,00-0039880,WR,anytime_td,0.214,0.0,0.0,0.0,0.0,1.0
2025_13_NO_MIA,MIA,NO,Julian Hill,00-0038720,TE,car,0.003,0.0,0.0,0.0,0.0,0.0
2025_13_NO_MIA,MIA,NO,Julian Hill,00-0038720,TE,rush_yds,0.005,0.0,0.0,0.0,0.0,0.0
2025_13_NO_MIA,MIA,NO,Julian Hill,00-0038720,TE,tgt,1.705,0.0,0.0,1.0,3.0,4.0
2025_13_NO_MIA,MIA,NO,Julian Hill,00-0038720,TE,rec,1.252,0.0,0.0,1.0,2.0,3.0
2025_13_NO_MIA,MIA,NO,Julian Hill,00-0038720,TE,rec_yds,13.021,0.0,0.0,7.705,20.821,35.263
2025_13_NO_MIA,MIA,NO,Julian Hill,00-0038720,TE,anytime_td,0.025,0.0,0.0,0.0,0.0,0.0
2025_13_NO_MIA,MIA,NO,Darren Waller,00-0031610,TE,car,0.003,0.0,0.0,0.0,0.0,0.0
2025_13_NO_MIA,MIA,NO,Darren Waller,00-0031610,TE,rush_yds,0.003,0.0,0.0,0.0,0.0,0.0
2025_13_NO_MIA,MIA,NO,Darren Waller,00-0031610,TE,tgt,3.06,1.0,1.0,3.0,4.0,6.0
2025_13_NO_MIA,MIA,NO,Darren Waller,00-0031610,TE,rec,2.265,0.0,1.0,2.0,3.0,5.0
2025_13_NO_MIA,MIA,NO,Darren Waller,00-0031610,TE,rec_yds,25.348,0.0,7.152,20.013,37.383,57.33
2025_13_NO_MIA,MIA,NO,Darren Waller,00-0031610,TE,anytime_td,0.351,0.0,0.0,0.0,1.0,1.0
2025_13_NO_MIA,MIA,NO,Greg Dulcich,00-0037252,TE,car,0.006,0.0,0.0,0.0,0.0,0.0
2025_13_NO_MIA,MIA,NO,Greg Dulcich,00-0037252,TE,rush_yds,0.011,0.0,0.0,0.0,0.0,0.0
2025_13_NO_MIA,MIA,NO,Greg Dulcich,00-0037252,TE,tgt,2.893,0.0,1.0,3.0,4.0,6.0
2025_13_NO_MIA,MIA,NO,Greg Dulcich,00-0037252,TE,rec,1.998,0.0,1.0,2.0,3.0,4.0
2025_13_NO_MIA,MIA,NO,Greg Dulcich,00-0037252,TE,rec_yds,22.095,0.0,5.1,16.07,32.668,53.327
2025_13_NO_MIA,MIA,NO,Greg Dulcich,00-0037252,TE,anytime_td,0.091,0.0,0.0,0.0,0.0,0.0
2025_13_NO_MIA,MIA,NO,Ollie Gordon II,00-0040198,RB,car,5.014,1.0,2.0,4.0,7.0,10.0
2025_13_NO_MIA,MIA,NO,Ollie Gordon II,00-0040198,RB,rush_yds,19.337,0.0,4.725,13.476,27.168,45.069
2025_13_NO_MIA,MIA,NO,Ollie Gordon II,00-0040198,RB,tgt,0.649,0.0,0.0,0.0,1.0,2.0
2025_13_NO_MIA,MIA,NO,Ollie Gordon II,00-0040198,RB,rec,0.509,0.0,0.0,0.0,1.0,2.0
2025_13_NO_MIA,MIA,NO,Ollie Gordon II,00-0040198,RB,rec_yds,3.842,0.0,0.0,0.0,4.243,13.309
2025_13_NO_MIA,MIA,NO,Ollie Gordon II,00-0040198,RB,anytime_td,0.29,0.0,0.0,0.0,1.0,1.0
2025_13_NO_MIA,MIA,NO,Nick Westbrook-Ikhine,00-0036182,WR,car,0.006,0.0,0.0,0.0,0.0,0.0
2025_13_NO_MIA,MIA,NO,Nick Westbrook-Ikhine,00-0036182,WR,rush_yds,0.023,0.0,0.0,0.0,0.0,0.0
2025_13_NO_MIA,MIA,NO,Nick Westbrook-Ikhine,00-0036182,WR,tgt,1.904,0.0,1.0,2.0,3.0,4.0
2025_13_NO_MIA,MIA,NO,Nick Westbrook-Ikhine,00-0036182,WR,rec,1.196,0.0,0.0,1.0,2.0,3.0
2025_13_NO_MIA,MIA,NO,Nick Westbrook-Ikhine,00-0036182,WR,rec_yds,15.105,0.0,0.0,8.513,22.914,42.134
2025_13_NO_MIA,MIA,NO,Nick Westbrook-Ikhine,00-0036182,WR,anytime_td,0.055,0.0,0.0,0.0,0.0,0.0
2025_13_NO_MIA,MIA,NO,Cedrick Wilson Jr.,00-0034418,WR,car,0.007,0.0,0.0,0.0,0.0,0.0
2025_13_NO_MIA,MIA,NO,Cedrick Wilson Jr.,00-0034418,WR,rush_yds,0.033,0.0,0.0,0.0,0.0,0.0
2025_13_NO_MIA,MIA,NO,Cedrick Wilson Jr.,00-0034418,WR,tgt,1.016,0.0,0.0,1.0,2.0,3.0
2025_13_NO_MIA,MIA,NO,Cedrick Wilson Jr.,00-0034418,WR,rec,0.667,0.0,0.0,0.0,1.0,2.0
2025_13_NO_MIA,MIA,NO,Cedrick Wilson Jr.,00-0034418,WR,rec_yds,8.294,0.0,0.0,0.0,12.05,27.09
2025_13_NO_MIA,MIA,NO,Cedrick Wilson Jr.,00-0034418,WR,anytime_td,0.026,0.0,0.0,0.0,0.0,0.0
2025_13_NO_MIA,MIA,NO,Jaylen Wright,00-0039874,RB,car,3.512,0.0,1.0,3.0,5.0,8.0
2025_13_NO_MIA,MIA,NO,Jaylen Wright,00-0039874,RB,rush_yds,13.736,0.0,0.936,7.87,19.584,35.539
2025_13_NO_MIA,MIA,NO,Jaylen Wright,00-0039874,RB,tgt,0.366,0.0,0.0,0.0,1.0,1.0
2025_13_NO_MIA,MIA,NO,Jaylen Wright,00-0039874,RB,rec,0.289,0.0,0.0,0.0,0.0,1.0
2025_13_NO_MIA,MIA,NO,Jaylen Wright,00-0039874,RB,rec_yds,2.068,0.0,0.0,0.0,0.0,7.511
2025_13_NO_MIA,MIA,NO,Jaylen Wright,00-0039874,RB,anytime_td,0.072,0.0,0.0,0.0,0.0,0.0
2025_13_NO_MIA,MIA,NO,Dee Eskridge,00-0036620,WR,car,0.02,0.0,0.0,0.0,0.0,0.0
2025_13_NO_MIA,MIA,NO,Dee Eskridge,00-0036620,WR,rush_yds,0.115,0.0,0.0,0.0,0.0,0.0
2025_13_NO_MIA,MIA,NO,Dee Eskridge,00-0036620,WR,tgt,0.733,0.0,0.0,0.0,1.0,2.0
2025_13_NO_MIA,MIA,NO,Dee Eskridge,00-0036620,WR,rec,0.471,0.0,0.0,0.0,1.0,1.1
2025_13_NO_MIA,MIA,NO,Dee Eskridge,00-0036620,WR,rec_yds,6.436,0.0,0.0,0.0,7.346,22.938
2025_13_NO_MIA,MIA,NO,Dee Eskridge,00-0036620,WR,anytime_td,0.01,0.0,0.0,0.0,0.0,0.0
2025_13_NO_MIA,NO,MIA,Tyler Shough,00-0040743,QB,att,30.742,21.0,26.0,31.0,36.0,41.0
2025_13_NO_MIA,NO,MIA,Tyler Shough,00-0040743,QB,cmp,19.892,13.0,16.0,20.0,24.0,27.0
2025_13_NO_MIA,NO,MIA,Tyler Shough,00-0040743,QB,pass_yds,202.117,122.737,160.718,201.281,245.101,287.181
2025_13_NO_MIA,NO,MIA,Tyler Shough,00-0040743,QB,pass_td,1.145,0.0,0.0,1.0,2.0,2.0
2025_13_NO_MIA,NO,MIA,Tyler Shough,00-0040743,QB,ints,0.688,0.0,0.0,0.0,1.0,2.0
2025_13_NO_MIA,NO,MIA,Tyler Shough,00-0040743,QB,car,6.606,2.0,4.0,6.0,9.0,12.0
2025_13_NO_MIA,NO,MIA,Tyler Shough,00-0040743,QB,rush_yds,24.929,2.558,9.42,20.386,36.121,52.63
2025_13_NO_MIA,NO,MIA,Tyler Shough,00-0040743,QB,tgt,0.0,0.0,0.0,0.0,0.0,0.0
2025_13_NO_MIA,NO,MIA,Tyler Shough,00-0040743,QB,rec,0.0,0.0,0.0,0.0,0.0,0.0
2025_13_NO_MIA,NO,MIA,Tyler Shough,00-0040743,QB,rec_yds,0.005,0.0,0.0,0.0,0.0,0.0
2025_13_NO_MIA,NO,MIA,Tyler Shough,00-0040743,QB,anytime_td,0.082,0.0,0.0,0.0,0.0,0.0
2025_13_NO_MIA,NO,MIA,Devaughn Vele,00-0039424,WR,car,0.032,0.0,0.0,0.0,0.0,0.0
2025_13_NO_MIA,NO,MIA,Devaughn Vele,00-0039424,WR,rush_yds,0.202,0.0,0.0,0.0,0.0,0.0
2025_13_NO_MIA,NO,MIA,Devaughn Vele,00-0039424,WR,tgt,2.918,0.0,1.0,3.0,4.0,6.0
2025_13_NO_MIA,NO,MIA,Devaughn Vele,00-0039424,WR,rec,1.689,0.0,1.0,1.0,2.0,4.0
2025_13_NO_MIA,NO,MIA,Devaughn Vele,00-0039424,WR,rec_yds,19.292,0.0,0.914,13.565,28.61,47.393
2025_13_NO_MIA,NO,MIA,Devaughn Vele,00-0039424,WR,anytime_td,0.104,0.0,0.0,0.0,0.0,1.0
2025_13_NO_MIA,NO,MIA,Chris Olave,00-0037239,WR,car,0.347,0.0,0.0,0.0,0.0,1.0
2025_13_NO_MIA,NO,MIA,Chris Olave,00-0037239,WR,rush_yds,1.852,0.0,0.0,0.0,0.0,4.49
2025_13_NO_MIA,NO,MIA,Chris Olave,00-0037239,WR,tgt,10.025,5.0,7.0,10.0,12.0,15.0
2025_13_NO_MIA,NO,MIA,Chris Olave,00-0037239,WR,rec,6.525,3.0,4.0,6.0,8.0,10.0
2025_13_NO_MIA,NO,MIA,Chris Olave,00-0037239,WR,rec_yds,72.229,25.92,43.322,66.801,95.483,124.76
2025_13_NO_MIA,NO,MIA,Chris Olave,00-0037239,WR,anytime_td,0.332,0.0,0.0,0.0,1.0,1.0
2025_13_NO_MIA,NO,MIA,Mason Tipton,00-0039623,WR,car,0.528,0.0,0.0,0.0,0.0,2.0
2025_13_NO_MIA,NO,MIA,Mason Tipton,00-0039623,WR,rush_yds,2.718,0.0,0.0,0.0,0.0,9.051
2025_13_NO_MIA,NO,MIA,Mason Tipton,00-0039623,WR,tgt,1.325,0.0,0.0,1.0,2.0,3.0
2025_13_NO_MIA,NO,MIA,Mason Tipton,00-0039623,WR,rec,0.83,0.0,0.0,1.0,1.0,2.0
2025_13_NO_MIA,NO,MIA,Mason Tipton,00-0039623,WR,rec_yds,9.104,0.0,0.0,0.0,13.385,28.578
2025_13_NO_MIA,NO,MIA,Mason Tipton,00-0039623,WR,anytime_td,0.021,0.0,0.0,0.0,0.0,0.0
2025_13_NO_MIA,NO,MIA,Devin Neal,00-0040202,RB,car,12.021,5.0,8.0,11.0,15.0,19.0
2025_13_NO_MIA,NO,MIA,Devin Neal,00-0040202,RB,rush_yds,48.396,14.104,25.386,41.908,64.795,89.539
2025_13_NO_MIA,NO,MIA,Devin Neal,00-0040202,RB,tgt,2.908,1.0,1.0,3.0,4.0,6.0
2025_13_NO_MIA,NO,MIA,Devin Neal,00-0040202,RB,rec,2.324,0.0,1.0,2.0,3.0,5.0
2025_13_NO_MIA,NO,MIA,Devin Neal,00-0040202,RB,rec_yds,14.804,0.0,2.968,10.612,21.834,35.916
2025_13_NO_MIA,NO,MIA,Devin Neal,00-0040202,RB,anytime_td,0.101,0.0,0.0,0.0,0.0,1.0
2025_13_NO_MIA,NO,MIA,Juwan Johnson,00-0036040,TE,car,0.003,0.0,0.0,0.0,0.0,0.0
2025_13_NO_MIA,NO,MIA,Juwan Johnson,00-0036040,TE,rush_yds,0.008,0.0,0.0,0.0,0.0,0.0
2025_13_NO_MIA,NO,MIA,Juwan Johnson,00-0036040,TE,tgt,6.34,3.0,4.0,6.0,8.0,11.0
2025_13_NO_MIA,NO,MIA,Juwan Johnson,00-0036040,TE,rec,4.706,2.0,3.0,4.0,6.0,8.0
2025_13_NO_MIA,NO,MIA,Juwan Johnson,00-0036040,TE,rec_yds,47.319,12.479,24.832,42.625,64.552,87.885
2025_13_NO_MIA,NO,MIA,Juwan Johnson,00-0036040,TE,anytime_td,0.249,0.0,0.0,0.0,0.0,1.0
2025_13_NO_MIA,NO,MIA,Foster Moreau,00-0034981,TE,car,0.003,0.0,0.0,0.0,0.0,0.0
2025_13_NO_MIA,NO,MIA,Foster Moreau,00-0034981,TE,rush_yds,0.007,0.0,0.0,0.0,0.0,0.0
2025_13_NO_MIA,NO,MIA,Foster Moreau,00-0034981,TE,tgt,1.645,0.0,0.0,1.0,2.0,4.0
2025_13_NO_MIA,NO,MIA,Foster Moreau,00-0034981,TE,rec,1.147,0.0,0.0,1.0,2.0,3.0
2025_13_NO_MIA,NO,MIA,Foster Moreau,00-0034981,TE,rec_yds,10.894,0.0,0.0,5.912,16.427,30.947
2025_13_NO_MIA,NO,MIA,Foster Moreau,00-0034981,TE,anytime_td,0.066,0.0,0.0,0.0,0.0,0.0
2025_13_NO_MIA,NO,MIA,Evan Hull,00-0038397,RB,car,5.22,1.0,2.0,4.0,7.0,11.0
2025_13_NO_MIA,NO,MIA,Evan Hull,00-0038397,RB,rush_yds,21.345,0.0,5.617,15.489,30.174,49.801
2025_13_NO_MIA,NO,MIA,Evan Hull,00-0038397,RB,tgt,0.695,0.0,0.0,0.0,1.0,2.0
2025_13_NO_MIA,NO,MIA,Evan Hull,00-0038397,RB,rec,0.532,0.0,0.0,0.0,1.0,2.0
2025_13_NO_MIA,NO,MIA,Evan Hull,00-0038397,RB,rec_yds,3.548,0.0,0.0,0.0,4.478,12.595
2025_13_NO_MIA,NO,MIA,Evan Hull,00-0038397,RB,anytime_td,0.046,0.0,0.0,0.0,0.0,0.0
2025_13_NO_MIA,NO,MIA,Kevin Austin Jr.,00-0037231,WR,car,0.189,0.0,0.0,0.0,0.0,0.0
2025_13_NO_MIA,NO,MIA,Kevin Austin Jr.,00-0037231,WR,rush_yds,0.965,0.0,0.0,0.0,0.0,0.0
2025_13_NO_MIA,NO,MIA,Kevin Austin Jr.,00-0037231,WR,tgt,1.495,0.0,0.0,1.0,2.0,4.0
2025_13_NO_MIA,NO,MIA,Kevin Austin Jr.,00-0037231,WR,rec,0.903,0.0,0.0,1.0,1.0,2.0
2025_13_NO_MIA,NO,MIA,Kevin Austin Jr.,00-0037231,WR,rec_yds,10.446,0.0,0.0,2.924,16.083,31.369
2025_13_NO_MIA,NO,MIA,Kevin Austin Jr.,00-0037231,WR,anytime_td,0.027,0.0,0.0,0.0,0.0,0.0
2025_13_NO_MIA,NO,MIA,Jack Stoll,00-0036741,TE,car,0.001,0.0,0.0,0.0,0.0,0.0
2025_13_NO_MIA,NO,MIA,Jack Stoll,00-0036741,TE,rush_yds,0.004,0.0,0.0,0.0,0.0,0.0
2025_13_NO_MIA,NO,MIA,Jack Stoll,00-0036741,TE,tgt,0.83,0.0,0.0,0.0,1.0,2.0
2025_13_NO_MIA,NO,MIA,Jack Stoll,00-0036741,TE,rec,0.584,0.0,0.0,0.0,1.0,2.0
2025_13_NO_MIA,NO,MIA,Jack Stoll,00-0036741,TE,rec_yds,5.414,0.0,0.0,0.0,7.702,17.967
2025_13_NO_MIA,NO,MIA,Jack Stoll,00-0036741,TE,anytime_td,0.05,0.0,0.0,0.0,0.0,0.0
2025_13_NO_MIA,NO,MIA,Dante Pettis,00-0034860,WR,car,0.063,0.0,0.0,0.0,0.0,0.0
2025_13_NO_MIA,NO,MIA,Dante Pettis,00-0034860,WR,rush_yds,0.353,0.0,0.0,0.0,0.0,0.0
2025_13_NO_MIA,NO,MIA,Dante Pettis,00-0034860,WR,tgt,3.076,1.0,1.0,3.0,4.0,6.0
2025_13_NO_MIA,NO,MIA,Dante Pettis,00-0034860,WR,rec,1.876,0.0,1.0,2.0,3.0,4.0
2025_13_NO_MIA,NO,MIA,Dante Pettis,00-0034860,WR,rec_yds,21.578,0.0,4.199,15.97,32.576,51.091
2025_13_NO_MIA,NO,MIA,Dante Pettis,00-0034860,WR,anytime_td,0.132,0.0,0.0,0.0,0.0,1.0
2025_13_SF_CLE,CLE,SF,Shedeur Sanders,00-0040668,QB,att,30.019,20.0,25.0,31.0,36.0,40.0
2025_13_SF_CLE,CLE,SF,Shedeur Sanders,00-0040668,QB,cmp,18.334,11.0,15.0,19.0,22.0,26.0
2025_13_SF_CLE,CLE,SF,Shedeur Sanders,00-0040668,QB,pass_yds,191.848,113.419,151.351,191.81,234.636,275.12
2025_13_SF_CLE,CLE,SF,Shedeur Sanders,00-0040668,QB,pass_td,0.833,0.0,0.0,1.0,1.0,2.0
2025_13_SF_CLE,CLE,SF,Shedeur Sanders,00-0040668,QB,ints,0.756,0.0,0.0,0.0,1.0,2.0
2025_13_SF_CLE,CLE,SF,Shedeur Sanders,00-0040668,QB,car,2.524,0.0,1.0,2.0,4.0,5.0
2025_13_SF_CLE,CLE,SF,Shedeur Sanders,00-0040668,QB,rush_yds,13.603,0.0,1.944,9.719,20.563,33.015
2025_13_SF_CLE,CLE,SF,Shedeur Sanders,00-0040668,QB,tgt,0.0,0.0,0.0,0.0,0.0,0.0
2025_13_SF_CLE,CLE,SF,Shedeur Sanders,00-0040668,QB,rec,0.0,0.0,0.0,0.0,0.0,0.0
2025_13_SF_CLE,CLE,SF,Shedeur Sanders,00-0040668,QB,rec_yds,0.001,0.0,0.0,0.0,0.0,0.0
2025_13_SF_CLE,CLE,SF,Shedeur Sanders,00-0040668,QB,anytime_td,0.004,0.0,0.0,0.0,0.0,0.0
2025_13_SF_CLE,CLE,SF,Harold Fannin Jr.,00-0040663,TE,car,0.352,0.0,0.0,0.0,0.0,1.0
2025_13_SF_CLE,CLE,SF,Harold Fannin Jr.,00-0040663,TE,rush_yds,0.778,0.0,0.0,0.0,0.0,2.084
2025_13_SF_CLE,CLE,SF,Harold Fannin Jr.,00-0040663,TE,tgt,5.771,2.0,4.0,5.0,8.0,10.0
2025_13_SF_CLE,CLE,SF,Harold Fannin Jr.,00-0040663,TE,rec,3.962,1.0,2.0,4.0,5.0,7.0
2025_13_SF_CLE,CLE,SF,Harold Fannin Jr.,00-0040663,TE,rec_yds,40.392,8.204,18.987,35.654,56.436,78.464
2025_13_SF_CLE,CLE,SF,Harold Fannin Jr.,00-0040663,TE,anytime_td,0.142,0.0,0.0,0.0,0.0,1.0
2025_13_SF_CLE,CLE,SF,Jerry Jeudy,00-0036407,WR,car,0.007,0.0,0.0,0.0,0.0,0.0
2025_13_SF_CLE,CLE,SF,Jerry Jeudy,00-0036407,WR,rush_yds,0.061,0.0,0.0,0.0,0.0,0.0
2025_13_SF_CLE,CLE,SF,Jerry Jeudy,00-0036407,WR,tgt,6.283,3.0,4.0,6.0,8.0,10.0
2025_13_SF_CLE,CLE,SF,Jerry Jeudy,00-0036407,WR,rec,3.287,1.0,2.0,3.0,5.0,6.0
2025_13_SF_CLE,CLE,SF,Jerry Jeudy,00-0036407,WR,rec_yds,41.602,5.833,17.963,35.61,58.581,85.975
2025_13_SF_CLE,CLE,SF,Jerry Jeudy,00-0036407,WR,anytime_td,0.133,0.0,0.0,0.0,0.0,1.0
2025_13_SF_CLE,CLE,SF,Cedric Tillman,00-0038979,WR,car,0.026,0.0,0.0,0.0,0.0,0.0
2025_13_SF_CLE,CLE,SF,Cedric Tillman,00-0038979,WR,rush_yds,0.119,0.0,0.0,0.0,0.0,0.0
2025_13_SF_CLE,CLE,SF,Cedric Tillman,00-0038979,WR,tgt,3.85,1.0,2.0,3.0,5.0,7.0
2025_13_SF_CLE,CLE,SF,Cedric Tillman,00-0038979,WR,rec,2.289,0.0,1.0,2.0,3.0,5.0
2025_13_SF_CLE,CLE,SF,Cedric Tillman,00-0038979,WR,rec_yds,27.734,0.0,7.964,21.579,40.915,62.239
2025_13_SF_CLE,CLE,SF,Cedric Tillman,00-0038979,WR,anytime_td,0.143,0.0,0.0,0.0,0.0,1.0
2025_13_SF_CLE,CLE,SF,Quinshon Judkins,00-0040784,RB,car,16.272,9.0,12.0,16.0,20.0,24.0
2025_13_SF_CLE,CLE,SF,Quinshon Judkins,00-0040784,RB,rush_yds,59.827,22.735,35.369,54.028,77.964,104.585
2025_13_SF_CLE,CLE,SF,Quinshon Judkins,00-0040784,RB,tgt,1.762,0.0,1.0,1.0,3.0,4.0
2025_13_SF_CLE,CLE,SF,Quinshon Judkins,00-0040784,RB,rec,1.303,0.0,0.0,1.0,2.0,3.0
2025_13_SF_CLE,CLE,SF,Quinshon Judkins,00-0040784,RB,rec_yds,9.004,0.0,0.0,4.85,13.526,25.142
2025_13_SF_CLE,CLE,SF,Quinshon Judkins,00-0040784,RB,anytime_td,0.376,0.0,0.0,0.0,1.0,1.0
2025_13_SF_CLE,CLE,SF,David Njoku,00-0033885,TE,car,0.001,0.0,0.0,0.0,0.0,0.0
2025_13_SF_CLE,CLE,SF,David Njoku,00-0033885,TE,rush_yds,0.003,0.0,0.0,0.0,0.0,0.0
2025_13_SF_CLE,CLE,SF,David Njoku,00-0033885,TE,tgt,3.775,1.0,2.0,3.0,5.0,7.0
2025_13_SF_CLE,CLE,SF,David Njoku,00-0033885,TE,rec,2.555,0.0,1.0,2.0,4.0,5.0
2025_13_SF_CLE,CLE,SF,David Njoku,00-0033885,TE,rec_yds,25.225,0.0,8.396,20.565,36.512,54.659
2025_13_SF_CLE,CLE,SF,David Njoku,00-0033885,TE,anytime_td,0.173,0.0,0.0,0.0,0.0,1.0
2025_13_SF_CLE,CLE,SF,Malachi Corley,00-0039920,WR,car,0.64,0.0,0.0,0.0,1.0,2.0
2025_13_SF_CLE,CLE,SF,Malachi Corley,00-0039920,WR,rush_yds,3.385,0.0,0.0,0.0,0.0,11.543
2025_13_SF_CLE,CLE,SF,Malachi Corley,00-0039920,WR,tgt,1.065,0.0,0.0,1.0,2.0,3.0
2025_13_SF_CLE,CLE,SF,Malachi Corley,00-0039920,WR,rec,0.681,0.0,0.0,0.0,1.0,2.0
2025_13_SF_CLE,CLE,SF,Malachi Corley,00-0039920,WR,rec_yds,8.042,0.0,0.0,0.0,11.595,25.912
2025_13_SF_CLE,CLE,SF,Malachi Corley,00-0039920,WR,anytime_td,0.017,0.0,0.0,0.0,0.0,0.0
2025_13_SF_CLE,CLE,SF,Gage Larvadain,00-0040259,WR,car,0.01,0.0,0.0,0.0,0.0,0.0
2025_13_SF_CLE,CLE,SF,Gage Larvadain,00-0040259,WR,rush_yds,0.059,0.0,0.0,0.0,0.0,0.0
2025_13_SF_CLE,CLE,SF,Gage Larvadain,00-0040259,WR,tgt,0.838,0.0,0.0,0.0,1.0,2.0
2025_13_SF_CLE,CLE,SF,Gage Larvadain,00-0040259,WR,rec,0.504,0.0,0.0,0.0,1.0,2.0
2025_13_SF_CLE,CLE,SF,Gage Larvadain,00-0040259,WR,rec_yds,6.31,0.0,0.0,0.0,7.689,22.012
2025_13_SF_CLE,CLE,SF,Gage Larvadain,00-0040259,WR,anytime_td,0.01,0.0,0.0,0.0,0.0,0.0
2025_13_SF_CLE,CLE,SF,Isaiah Bond,00-0040782,WR,car,0.188,0.0,0.0,0.0,0.0,0.0
2025_13_SF_CLE,CLE,SF,Isaiah Bond,00-0040782,WR,rush_yds,1.046,0.0,0.0,0.0,0.0,0.0
2025_13_SF_CLE,CLE,SF,Isaiah Bond,00-0040782,WR,tgt,2.882,1.0,1.0,3.0,4.0,6.0
2025_13_SF_CLE,CLE,SF,Isaiah Bond,00-0040782,WR,rec,1.572,0.0,1.0,1.0,2.0,3.0
2025_13_SF_CLE,CLE,SF,Isaiah Bond,00-0040782,WR,rec_yds,20.986,0.0,0.0,14.347,31.65,53.002
2025_13_SF_CLE,CLE,SF,Isaiah Bond,00-0040782,WR,anytime_td,0.051,0.0,0.0,0.0,0.0,0.0
2025_13_SF_CLE,CLE,SF,Jerome Ford,00-0037267,RB,car,2.298,0.0,0.0,1.0,3.0,6.0
2025_13_SF_CLE,CLE,SF,Jerome Ford,00-0037267,RB,rush_yds,9.033,0.0,0.0,3.849,12.542,25.119
2025_13_SF_CLE,CLE,SF,Jerome Ford,00-0037267,RB,tgt,1.808,0.0,1.0,1.0,3.0,4.0
2025_13_SF_CLE,CLE,SF,Jerome Ford,00-0037267,RB,rec,1.391,0.0,0.0,1.0,2.0,3.0
2025_13_SF_CLE,CLE,SF,Jerome Ford,00-0037267,RB,rec_yds,8.945,0.0,0.0,4.937,13.172,24.722
2025_13_SF_CLE,CLE,SF,Jerome Ford,00-0037267,RB,anytime_td,0.069,0.0,0.0,0.0,0.0,0.0
2025_13_SF_CLE,CLE,SF,Dylan Sampson,00-0040162,RB,car,3.286,0.0,1.0,3.0,5.0,7.0
2025_13_SF_CLE,CLE,SF,Dylan Sampson,00-0040162,RB,rush_yds,12.285,0.0,0.855,7.107,17.717,31.485
2025_13_SF_CLE,CLE,SF,Dylan Sampson,00-0040162,RB,tgt,2.278,0.0,1.0,2.0,3.0,5.0
2025_13_SF_CLE,CLE,SF,Dylan Sampson,00-0040162,RB,rec,1.743,0.0,1.0,1.0,3.0,4.0
2025_13_SF_CLE,CLE,SF,Dylan Sampson,00-0040162,RB,rec_yds,13.86,0.0,0.0,8.79,20.858,36.022
2025_13_SF_CLE,CLE,SF,Dylan Sampson,00-0040162,RB,anytime_td,0.134,0.0,0.0,0.0,0.0,1.0
2025_13_SF_CLE,SF,CLE,Brock Purdy,00-0037834,QB,att,28.67,19.0,24.0,29.0,34.0,39.0
2025_13_SF_CLE,SF,CLE,Brock Purdy,00-0037834,QB,cmp,18.82,12.0,15.0,19.0,23.0,26.0
2025_13_SF_CLE,SF,CLE,Brock Purdy,00-0037834,QB,pass_yds,203.917,120.822,161.602,203.442,248.581,293.248
2025_13_SF_CLE,SF,CLE,Brock Purdy,00-0037834,QB,pass_td,1.209,0.0,0.0,1.0,2.0,3.0
2025_13_SF_CLE,SF,CLE,Brock Purdy,00-0037834,QB,ints,0.723,0.0,0.0,0.0,1.0,2.0
2025_13_SF_CLE,SF,CLE,Brock Purdy,00-0037834,QB,car,3.685,1.0,2.0,3.0,5.0,7.0
2025_13_SF_CLE,SF,CLE,Brock Purdy,00-0037834,QB,rush_yds,14.276,-1.0,1.983,9.942,21.856,34.787
2025_13_SF_CLE,SF,CLE,Brock Purdy,00-0037834,QB,tgt,0.001,0.0,0.0,0.0,0.0,0.0
2025_13_SF_CLE,SF,CLE,Brock Purdy,00-0037834,QB,rec,0.001,0.0,0.0,0.0,0.0,0.0
2025_13_SF_CLE,SF,CLE,Brock Purdy,00-0037834,QB,rec_yds,0.003,0.0,0.0,0.0,0.0,0.0
2025_13_SF_CLE,SF,CLE,Brock Purdy,00-0037834,QB,anytime_td,0.122,0.0,0.0,0.0,0.0,1.0
2025_13_SF_CLE,SF,CLE,Ricky Pearsall,00-0039916,WR,car,0.354,0.0,0.0,0.0,0.0,1.0
2025_13_SF_CLE,SF,CLE,Ricky Pearsall,00-0039916,WR,rush_yds,1.938,0.0,0.0,0.0,0.0,5.176
2025_13_SF_CLE,SF,CLE,Ricky Pearsall,00-0039916,WR,tgt,3.921,1.0,2.0,4.0,5.0,7.0
2025_13_SF_CLE,SF,CLE,Ricky Pearsall,00-0039916,WR,rec,2.425,0.0,1.0,2.0,3.0,5.0
2025_13_SF_CLE,SF,CLE,Ricky Pearsall,00-0039916,WR,rec_yds,32.366,0.0,10.776,25.764,47.329,71.019
2025_13_SF_CLE,SF,CLE,Ricky Pearsall,00-0039916,WR,anytime_td,0.089,0.0,0.0,0.0,0.0,0.0
2025_13_SF_CLE,SF,CLE,George Kittle,00-0033288,TE,car,0.099,0.0,0.0,0.0,0.0,0.0
2025_13_SF_CLE,SF,CLE,George Kittle,00-0033288,TE,rush_yds,0.226,0.0,0.0,0.0,0.0,0.0
2025_13_SF_CLE,SF,CLE,George Kittle,00-0033288,TE,tgt,5.19,2.0,3.0,5.0,7.0,9.0
2025_13_SF_CLE,SF,CLE,George Kittle,00-0033288,TE,rec,3.838,1.0,2.0,4.0,5.0,7.0
2025_13_SF_CLE,SF,CLE,George Kittle,00-0033288,TE,rec_yds,41.772,8.291,19.83,36.471,57.937,81.64
2025_13_SF_CLE,SF,CLE,George Kittle,00-0033288,TE,anytime_td,0.294,0.0,0.0,0.0,1.0,1.0
2025_13_SF_CLE,SF,CLE,Jauan Jennings,00-0036259,WR,car,0.011,0.0,0.0,0.0,0.0,0.0
2025_13_SF_CLE,SF,CLE,Jauan Jennings,00-0036259,WR,rush_yds,0.047,0.0,0.0,0.0,0.0,0.0
2025_13_SF_CLE,SF,CLE,Jauan Jennings,00-0036259,WR,tgt,5.197,2.0,3.0,5.0,7.0,9.0
2025_13_SF_CLE,SF,CLE,Jauan Jennings,00-0036259,WR,rec,3.145,1.0,2.0,3.0,4.0,6.0
2025_13_SF_CLE,SF,CLE,Jauan Jennings,00-0036259,WR,rec_yds,37.704,4.677,14.754,31.276,54.496,78.6
2025_13_SF_CLE,SF,CLE,Jauan Jennings,00-0036259,WR,anytime_td,0.234,0.0,0.0,0.0,0.0,1.0
2025_13_SF_CLE,SF,CLE,Christian McCaffrey,00-0033280,RB,car,17.793,10.0,13.0,17.0,22.0,26.0
2025_13_SF_CLE,SF,CLE,Christian McCaffrey,00-0033280,RB,rush_yds,71.577,28.08,43.516,65.328,92.717,122.081
2025_13_SF_CLE,SF,CLE,Christian McCaffrey,00-0033280,RB,tgt,6.252,3.0,4.0,6.0,8.0,10.0
2025_13_SF_CLE,SF,CLE,Christian McCaffrey,00-0033280,RB,rec,4.798,2.0,3.0,5.0,6.0,8.0
2025_13_SF_CLE,SF,CLE,Christian McCaffrey,00-0033280,RB,rec_yds,41.332,8.237,18.822,36.247,58.415,80.816
2025_13_SF_CLE,SF,CLE,Christian McCaffrey,00-0033280,RB,anytime_td,0.54,0.0,0.0,1.0,1.0,1.0
2025_13_SF_CLE,SF,CLE,Demarcus Robinson,00-0032775,WR,car,0.011,0.0,0.0,0.0,0.0,0.0
2025_13_SF_CLE,SF,CLE,Demarcus Robinson,00-0032775,WR,rush_yds,0.048,0.0,0.0,0.0,0.0,0.0
2025_13_SF_CLE,SF,CLE,Demarcus Robinson,00-0032775,WR,tgt,2.014,0.0,1.0,2.0,3.0,4.0
2025_13_SF_CLE,SF,CLE,Demarcus Robinson,00-0032775,WR,rec,1.194,0.0,0.0,1.0,2.0,3.0
2025_13_SF_CLE,SF,CLE,Demarcus Robinson,00-0032775,WR,rec_yds,15.248,0.0,0.0,8.228,23.32,42.706
2025_13_SF_CLE,SF,CLE,Demarcus Robinson,00-0032775,WR,anytime_td,0.044,0.0,0.0,0.0,0.0,0.0
2025_13_SF_CLE,SF,CLE,Kyle Juszczyk,00-0029892,RB,car,0.398,0.0,0.0,0.0,0.0,1.0
2025_13_SF_CLE,SF,CLE,Kyle Juszczyk,00-0029892,RB,rush_yds,1.734,0.0,0.0,0.0,0.0,4.738
2025_13_SF_CLE,SF,CLE,Kyle Juszczyk,00-0029892,RB,tgt,1.309,0.0,0.0,1.0,2.0,3.0
2025_13_SF_CLE,SF,CLE,Kyle Juszczyk,00-0029892,RB,rec,0.997,0.0,0.0,1.0,2.0,3.0
2025_13_SF_CLE,SF,CLE,Kyle Juszczyk,00-0029892,RB,rec_yds,8.021,0.0,0.0,1.254,11.772,23.992
2025_13_SF_CLE,SF,CLE,Kyle Juszczyk,00-0029892,RB,anytime_td,0.062,0.0,0.0,0.0,0.0,0.0
2025_13_SF_CLE,SF,CLE,Kendrick Bourne,00-0033307,WR,car,0.021,0.0,0.0,0.0,0.0,0.0
2025_13_SF_CLE,SF,CLE,Kendrick Bourne,00-0033307,WR,rush_yds,0.128,0.0,0.0,0.0,0.0,0.0
2025_13_SF_CLE,SF,CLE,Kendrick Bourne,00-0033307,WR,tgt,2.283,0.0,1.0,2.0,3.0,5.0
2025_13_SF_CLE,SF,CLE,Kendrick Bourne,00-0033307,WR,rec,1.48,0.0,0.0,1.0,2.0,3.0
2025_13_SF_CLE,SF,CLE,Kendrick Bourne,00-0033307,WR,rec_yds,20.686,0.0,0.0,13.207,31.663,53.087
2025_13_SF_CLE,SF,CLE,Kendrick Bourne,00-0033307,WR,anytime_td,0.037,0.0,0.0,0.0,0.0,0.0
2025_13_SF_CLE,SF,CLE,Luke Farrell,00-0036887,TE,car,0.002,0.0,0.0,0.0,0.0,0.0
2025_13_SF_CLE,SF,CLE,Luke Farrell,00-0036887,TE,rush_yds,0.004,0.0,0.0,0.0,0.0,0.0
2025_13_SF_CLE,SF,CLE,Luke Farrell,00-0036887,TE,tgt,0.799,0.0,0.0,0.0,1.0,2.0
2025_13_SF_CLE,SF,CLE,Luke Farrell,00-0036887,TE,rec,0.565,0.0,0.0,0.0,1.0,2.0
2025_13_SF_CLE,SF,CLE,Luke Farrell,00-0036887,TE,rec_yds,5.636,0.0,0.0,0.0,8.035,19.146
2025_13_SF_CLE,SF,CLE,Luke Farrell,00-0036887,TE,anytime_td,0.058,0.0,0.0,0.0,0.0,0.0
2025_13_SF_CLE,SF,CLE,Brian Robinson,00-0037746,RB,car,6.055,1.0,3.0,5.0,8.0,12.0
2025_13_SF_CLE,SF,CLE,Brian Robinson,00-0037746,RB,rush_yds,26.745,1.868,8.337,19.95,37.976,59.36
2025_13_SF_CLE,SF,CLE,Brian Robinson,00-0037746,RB,tgt,0.783,0.0,0.0,0.0,1.0,2.0
2025_13_SF_CLE,SF,CLE,Brian Robinson,00-0037746,RB,rec,0.57,0.0,0.0,0.0,1.0,2.0
2025_13_SF_CLE,SF,CLE,Brian Robinson,00-0037746,RB,rec_yds,4.127,0.0,0.0,0.0,5.389,13.573
2025_13_SF_CLE,SF,CLE,Brian Robinson,00-0037746,RB,anytime_td,0.177,0.0,0.0,0.0,0.0,1.0
2025_13_SF_CLE,SF,CLE,Jake Tonges,00-0037112,TE,car,0.002,0.0,0.0,0.0,0.0,0.0
2025_13_SF_CLE,SF,CLE,Jake Tonges,00-0037112,TE,rush_yds,0.002,0.0,0.0,0.0,0.0,0.0
2025_13_SF_CLE,SF,CLE,Jake Tonges,00-0037112,TE,tgt,1.477,0.0,0.0,1.0,2.0,4.0
2025_13_SF_CLE,SF,CLE,Jake Tonges,00-0037112,TE,rec,1.018,0.0,0.0,1.0,2.0,3.0
2025_13_SF_CLE,SF,CLE,Jake Tonges,00-0037112,TE,rec_yds,10.28,0.0,0.0,5.096,15.841,29.097
2025_13_SF_CLE,SF,CLE,Jake Tonges,00-0037112,TE,anytime_td,0.102,0.0,0.0,0.0,0.0,1.0
2025_13_NYG_NE,NE,NYG,Drake Maye,00-0039851,QB,att,29.387,20.0,25.0,30.0,35.0,39.0
2025_13_NYG_NE,NE,NYG,Drake Maye,00-0039851,QB,cmp,20.1,13.0,17.0,20.0,24.0,28.0
2025_13_NYG_NE,NE,NYG,Drake Maye,00-0039851,QB,pass_yds,238.25,146.631,190.518,238.506,290.385,340.593
2025_13_NYG_NE,NE,NYG,Drake Maye,00-0039851,QB,pass_td,1.737,0.0,1.0,2.0,2.0,3.0
2025_13_NYG_NE,NE,NYG,Drake Maye,00-0039851,QB,ints,0.541,0.0,0.0,0.0,1.0,2.0
2025_13_NYG_NE,NE,NYG,Drake Maye,00-0039851,QB,car,5.232,2.0,3.0,5.0,7.0,9.0
2025_13_NYG_NE,NE,NYG,Drake Maye,00-0039851,QB,rush_yds,26.339,3.71,11.304,22.608,37.68,53.694
2025_13_NYG_NE,NE,NYG,Drake Maye,00-0039851,QB,tgt,0.0,0.0,0.0,0.0,0.0,0.0
2025_13_NYG_NE,NE,NYG,Drake Maye,00-0039851,QB,rec,0.0,0.0,0.0,0.0,0.0,0.0
2025_13_NYG_NE,NE,NYG,Drake Maye,00-0039851,QB,rec_yds,0.002,0.0,0.0,0.0,0.0,0.0
2025_13_NYG_NE,NE,NYG,Drake Maye,00-0039851,QB,anytime_td,0.145,0.0,0.0,0.0,0.0,1.0
2025_13_NYG_NE,NE,NYG,Hunter Henry,00-0033090,TE,car,0.001,0.0,0.0,0.0,0.0,0.0
2025_13_NYG_NE,NE,NYG,Hunter Henry,00-0033090,TE,rush_yds,0.002,0.0,0.0,0.0,0.0,0.0
2025_13_NYG_NE,NE,NYG,Hunter Henry,00-0033090,TE,tgt,5.107,2.0,3.0,5.0,7.0,9.0
2025_13_NYG_NE,NE,NYG,Hunter Henry,00-0033090,TE,rec,3.576,1.0,2.0,3.0,5.0,7.0
2025_13_NYG_NE,NE,NYG,Hunter Henry,00-0033090,TE,rec_yds,42.093,6.647,18.345,36.208,59.509,85.378
2025_13_NYG_NE,NE,NYG,Hunter Henry,00-0033090,TE,anytime_td,0.311,0.0,0.0,0.0,1.0,1.0
2025_13_NYG_NE,NE,NYG,Kayshon Boutte,00-0038608,WR,car,0.004,0.0,0.0,0.0,0.0,0.0
2025_13_NYG_NE,NE,NYG,Kayshon Boutte,00-0038608,WR,rush_yds,0.023,0.0,0.0,0.0,0.0,0.0
2025_13_NYG_NE,NE,NYG,Kayshon Boutte,00-0038608,WR,tgt,3.199,1.0,2.0,3.0,4.0,6.0
2025_13_NYG_NE,NE,NYG,Kayshon Boutte,00-0038608,WR,rec,2.189,0.0,1.0,2.0,3.0,4.0
2025_13_NYG_NE,NE,NYG,Kayshon Boutte,00-0038608,WR,rec_yds,31.928,0.0,8.705,24.103,47.42,73.929
2025_13_NYG_NE,NE,NYG,Kayshon Boutte,00-0038608,WR,anytime_td,0.287,0.0,0.0,0.0,1.0,1.0
2025_13_NYG_NE,NE,NYG,Mack Hollins,00-0033555,WR,car,0.076,0.0,0.0,0.0,0.0,0.0
2025_13_NYG_NE,NE,NYG,Mack Hollins,00-0033555,WR,rush_yds,0.473,0.0,0.0,0.0,0.0,0.0
2025_13_NYG_NE,NE,NYG,Mack Hollins,00-0033555,WR,tgt,4.216,1.0,2.0,4.0,6.0,8.0
2025_13_NYG_NE,NE,NYG,Mack Hollins,00-0033555,WR,rec,2.807,1.0,1.0,3.0,4.0,5.0
2025_13_NYG_NE,NE,NYG,Mack Hollins,00-0033555,WR,rec_yds,38.395,1.107,13.418,31.202,55.504,82.226
2025_13_NYG_NE,NE,NYG,Mack Hollins,00-0033555,WR,anytime_td,0.145,0.0,0.0,0.0,0.0,1.0
2025_13_NYG_NE,NE,NYG,Rhamondre Stevenson,00-0036875,RB,car,10.538,4.0,7.0,10.0,14.0,18.0
2025_13_NYG_NE,NE,NYG,Rhamondre Stevenson,00-0036875,RB,rush_yds,45.414,11.5,22.216,39.199,62.47,88.542
2025_13_NYG_NE,NE,NYG,Rhamondre Stevenson,00-0036875,RB,tgt,2.244,0.0,1.0,2.0,3.0,5.0
2025_13_NYG_NE,NE,NYG,Rhamondre Stevenson,00-0036875,RB,rec,1.767,0.0,1.0,1.0,3.0,4.0
2025_13_NYG_NE,NE,NYG,Rhamondre Stevenson,00-0036875,RB,rec_yds,13.932,0.0,0.0,8.988,20.828,35.908
2025_13_NYG_NE,NE,NYG,Rhamondre Stevenson,00-0036875,RB,anytime_td,0.392,0.0,0.0,0.0,1.0,1.0
2025_13_NYG_NE,NE,NYG,TreVeyon Henderson,00-0040734,RB,car,11.676,5.0,8.0,11.0,15.0,19.0
2025_13_NYG_NE,NE,NYG,TreVeyon Henderson,00-0040734,RB,rush_yds,61.779,16.783,32.135,53.601,82.797,115.289
2025_13_NYG_NE,NE,NYG,TreVeyon Henderson,00-0040734,RB,tgt,2.861,0.0,1.0,2.0,4.0,6.0
2025_13_NYG_NE,NE,NYG,TreVeyon Henderson,00-0040734,RB,rec,2.316,0.0,1.0,2.0,3.0,5.0
2025_13_NYG_NE,NE,NYG,TreVeyon Henderson,00-0040734,RB,rec_yds,16.564,0.0,3.571,11.761,24.21,40.382
2025_13_NYG_NE,NE,NYG,TreVeyon Henderson,00-0040734,RB,anytime_td,0.484,0.0,0.0,0.0,1.0,1.0
2025_13_NYG_NE,NE,NYG,Stefon Diggs,00-0031588,WR,car,0.022,0.0,0.0,0.0,0.0,0.0
2025_13_NYG_NE,NE,NYG,Stefon Diggs,00-0031588,WR,rush_yds,0.137,0.0,0.0,0.0,0.0,0.0
2025_13_NYG_NE,NE,NYG,Stefon Diggs,00-0031588,WR,tgt,5.961,2.0,4.0,6.0,8.0,10.0
2025_13_NYG_NE,NE,NYG,Stefon Diggs,00-0031588,WR,rec,4.31,1.0,2.0,4.0,6.0,8.0
2025_13_NYG_NE,NE,NYG,Stefon Diggs,00-0031588,WR,rec_yds,52.026,11.1,25.114,45.805,72.001,101.534
2025_13_NYG_NE,NE,NYG,Stefon Diggs,00-0031588,WR,anytime_td,0.279,0.0,0.0,0.0,1.0,1.0
2025_13_NYG_NE,NE,NYG,Austin Hooper,00-0032392,TE,car,0.003,0.0,0.0,0.0,0.0,0.0
2025_13_NYG_NE,NE,NYG,Austin Hooper,00-0032392,TE,rush_yds,0.005,0.0,0.0,0.0,0.0,0.0
2025_13_NYG_NE,NE,NYG,Austin Hooper,00-0032392,TE,tgt,1.976,0.0,1.0,2.0,3.0,4.0
2025_13_NYG_NE,NE,NYG,Austin Hooper,00-0032392,TE,rec,1.486,0.0,0.0,1.0,2.0,3.0
2025_13_NYG_NE,NE,NYG,Austin Hooper,00-0032392,TE,rec_yds,16.713,0.0,0.0,10.568,25.346,43.139
2025_13_NYG_NE,NE,NYG,Austin Hooper,00-0032392,TE,anytime_td,0.108,0.0,0.0,0.0,0.0,1.0
2025_13_NYG_NE,NE,NYG,DeMario Douglas,00-0038621,WR,car,0.593,0.0,0.0,0.0,1.0,2.0
2025_13_NYG_NE,NE,NYG,DeMario Douglas,00-0038621,WR,rush_yds,3.786,0.0,0.0,0.0,0.0,11.628
2025_13_NYG_NE,NE,NYG,DeMario Douglas,00-0038621,WR,tgt,2.892,0.0,1.0,3.0,4.0,6.0
2025_13_NYG_NE,NE,NYG,DeMario Douglas,00-0038621,WR,rec,1.981,0.0,1.0,2.0,3.0,4.0
2025_13_NYG_NE,NE,NYG,DeMario Douglas,00-0038621,WR,rec_yds,28.474,0.0,5.734,20.055,43.2,68.44
2025_13_NYG_NE,NE,NYG,DeMario Douglas,00-0038621,WR,anytime_td,0.182,0.0,0.0,0.0,0.0,1.0
2025_13_NYG_NE,NE,NYG,Kyle Williams,00-0040131,WR,car,0.055,0.0,0.0,0.0,0.0,0.0
2025_13_NYG_NE,NE,NYG,Kyle Williams,00-0040131,WR,rush_yds,0.288,0.0,0.0,0.0,0.0,0.0
2025_13_NYG_NE,NE,NYG,Kyle Williams,00-0040131,WR,tgt,1.272,0.0,0.0,1.0,2.0,3.0
2025_13_NYG_NE,NE,NYG,Kyle Williams,00-0040131,WR,rec,0.759,0.0,0.0,0.0,1.0,2.0
2025_13_NYG_NE,NE,NYG,Kyle Williams,00-0040131,WR,rec_yds,10.862,0.0,0.0,0.0,15.856,33.755
2025_13_NYG_NE,NE,NYG,Kyle Williams,00-0040131,WR,anytime_td,0.091,0.0,0.0,0.0,0.0,0.0
2025_13_NYG_NE,NYG,NE,Wan'Dale Robinson,00-0038117,WR,car,0.203,0.0,0.0,0.0,0.0,0.0
2025_13_NYG_NE,NYG,NE,Wan'Dale Robinson,00-0038117,WR,rush_yds,1.132,0.0,0.0,0.0,0.0,0.0
2025_13_NYG_NE,NYG,NE,Wan'Dale Robinson,00-0038117,WR,tgt,9.228,5.0,7.0,9.0,12.0,14.0
2025_13_NYG_NE,NYG,NE,Wan'Dale Robinson,00-0038117,WR,rec,5.727,2.0,4.0,5.0,7.0,9.0
2025_13_NYG_NE,NYG,NE,Wan'Dale Robinson,00-0038117,WR,rec_yds,65.349,21.254,37.525,60.074,87.314,115.868
2025_13_NYG_NE,NYG,NE,Wan'Dale Robinson,00-0038117,WR,anytime_td,0.214,0.0,0.0,0.0,0.0,1.0
2025_13_NYG_NE,NYG,NE,Jaxson Dart,00-0040691,QB,att,29.111,20.0,25.0,30.0,34.0,39.0
2025_13_NYG_NE,NYG,NE,Jaxson Dart,00-0040691,QB,cmp,18.246,11.0,15.0,18.0,22.0,26.0
2025_13_NYG_NE,NYG,NE,Jaxson Dart,00-0040691,QB,pass_yds,198.824,117.9,155.962,197.829,242.283,288.231
2025_13_NYG_NE,NYG,NE,Jaxson Dart,00-0040691,QB,pass_td,1.114,0.0,0.0,1.0,2.0,3.0
2025_13_NYG_NE,NYG,NE,Jaxson Dart,00-0040691,QB,ints,0.638,0.0,0.0,0.0,1.0,2.0
2025_13_NYG_NE,NYG,NE,Jaxson Dart,00-0040691,QB,car,7.003,2.0,4.0,6.0,9.0,13.0
2025_13_NYG_NE,NYG,NE,Jaxson Dart,00-0040691,QB,rush_yds,34.251,5.635,15.192,29.749,48.059,68.136
2025_13_NYG_NE,NYG,NE,Jaxson Dart,00-0040691,QB,tgt,0.0,0.0,0.0,0.0,0.0,0.0
2025_13_NYG_NE,NYG,NE,Jaxson Dart,00-0040691,QB,rec,0.0,0.0,0.0,0.0,0.0,0.0
2025_13_NYG_NE,NYG,NE,Jaxson Dart,00-0040691,QB,rec_yds,0.0,0.0,0.0,0.0,0.0,0.0
2025_13_NYG_NE,NYG,NE,Jaxson Dart,00-0040691,QB,anytime_td,0.366,0.0,0.0,0.0,1.0,1.0
2025_13_NYG_NE,NYG,NE,Isaiah Hodgins,00-0036165,WR,car,0.01,0.0,0.0,0.0,0.0,0.0
2025_13_NYG_NE,NYG,NE,Isaiah Hodgins,00-0036165,WR,rush_yds,0.033,0.0,0.0,0.0,0.0,0.0
2025_13_NYG_NE,NYG,NE,Isaiah Hodgins,00-0036165,WR,tgt,3.696,1.0,2.0,3.0,5.0,7.0
2025_13_NYG_NE,NYG,NE,Isaiah Hodgins,00-0036165,WR,rec,2.252,0.0,1.0,2.0,3.0,4.0
2025_13_NYG_NE,NYG,NE,Isaiah Hodgins,00-0036165,WR,rec_yds,27.154,0.0,8.223,21.596,40.528,60.216
2025_13_NYG_NE,NYG,NE,Isaiah Hodgins,00-0036165,WR,anytime_td,0.184,0.0,0.0,0.0,0.0,1.0
2025_13_NYG_NE,NYG,NE,Theo Johnson,00-0039847,TE,car,0.004,0.0,0.0,0.0,0.0,0.0
2025_13_NYG_NE,NYG,NE,Theo Johnson,00-0039847,TE,rush_yds,0.014,0.0,0.0,0.0,0.0,0.0
2025_13_NYG_NE,NYG,NE,Theo Johnson,00-0039847,TE,tgt,5.452,2.0,3.0,5.0,7.0,9.0
2025_13_NYG_NE,NYG,NE,Theo Johnson,00-0039847,TE,rec,3.716,1.0,2.0,3.0,5.0,7.0
2025_13_NYG_NE,NYG,NE,Theo Johnson,00-0039847,TE,rec_yds,38.857,7.111,18.002,34.116,54.473,78.212
2025_13_NYG_NE,NYG,NE,Theo Johnson,00-0039847,TE,anytime_td,0.244,0.0,0.0,0.0,0.0,1.0
2025_13_NYG_NE,NYG,NE,Darius Slayton,00-0035535,WR,car,0.03,0.0,0.0,0.0,0.0,0.0
2025_13_NYG_NE,NYG,NE,Darius Slayton,00-0035535,WR,rush_yds,0.161,0.0,0.0,0.0,0.0,0.0
2025_13_NYG_NE,NYG,NE,Darius Slayton,00-0035535,WR,tgt,4.059,1.0,2.0,4.0,6.0,7.0
2025_13_NYG_NE,NYG,NE,Darius Slayton,00-0035535,WR,rec,2.523,0.0,1.0,2.0,4.0,5.0
2025_13_NYG_NE,NYG,NE,Darius Slayton,00-0035535,WR,rec_yds,32.455,0.0,9.965,26.185,47.411,72.361
2025_13_NYG_NE,NYG,NE,Darius Slayton,00-0035535,WR,anytime_td,0.069,0.0,0.0,0.0,0.0,0.0
2025_13_NYG_NE,NYG,NE,Devin Singletary,00-0035250,RB,car,7.919,2.0,4.0,7.0,11.0,15.0
2025_13_NYG_NE,NYG,NE,Devin Singletary,00-0035250,RB,rush_yds,30.527,4.911,12.416,24.821,42.488,63.494
2025_13_NYG_NE,NYG,NE,Devin Singletary,00-0035250,RB,tgt,1.049,0.0,0.0,1.0,2.0,3.0
2025_13_NYG_NE,NYG,NE,Devin Singletary,00-0035250,RB,rec,0.833,0.0,0.0,0.0,1.0,2.0
2025_13_NYG_NE,NYG,NE,Devin Singletary,00-0035250,RB,rec_yds,6.096,0.0,0.0,0.0,9.064,19.437
2025_13_NYG_NE,NYG,NE,Devin Singletary,00-0035250,RB,anytime_td,0.17,0.0,0.0,0.0,0.0,1.0
2025_13_NYG_NE,NYG,NE,Tyrone Tracy Jr.,00-0039384,RB,car,12.239,5.0,8.0,12.0,16.0,20.0
2025_13_NYG_NE,NYG,NE,Tyrone Tracy Jr.,00-0039384,RB,rush_yds,50.363,14.652,25.73,43.137,67.748,94.768
2025_13_NYG_NE,NYG,NE,Tyrone Tracy Jr.,00-0039384,RB,tgt,3.154,1.0,2.0,3.0,4.0,6.0
2025_13_NYG_NE,NYG,NE,Tyrone Tracy Jr.,00-0039384,RB,rec,2.349,0.0,1.0,2.0,3.0,5.0
2025_13_NYG_NE,NYG,NE,Tyrone Tracy Jr.,00-0039384,RB,rec_yds,19.137,0.0,4.512,14.417,27.728,45.712
2025_13_NYG_NE,NYG,NE,Tyrone Tracy Jr.,00-0039384,RB,anytime_td,0.143,0.0,0.0,0.0,0.0,1.0
2025_13_NYG_NE,NYG,NE,Daniel Bellinger,00-0038115,TE,car,0.004,0.0,0.0,0.0,0.0,0.0
2025_13_NYG_NE,NYG,NE,Daniel Bellinger,00-0038115,TE,rush_yds,0.011,0.0,0.0,0.0,0.0,0.0
2025_13_NYG_NE,NYG,NE,Daniel Bellinger,00-0038115,TE,tgt,1.8,0.0,1.0,1.0,3.0,4.0
2025_13_NYG_NE,NYG,NE,Daniel Bellinger,00-0038115,TE,rec,1.224,0.0,0.0,1.0,2.0,3.0
2025_13_NYG_NE,NYG,NE,Daniel Bellinger,00-0038115,TE,rec_yds,13.128,0.0,0.0,7.551,19.953,36.073
2025_13_NYG_NE,NYG,NE,Daniel Bellinger,00-0038115,TE,anytime_td,0.068,0.0,0.0,0.0,0.0,0.0
2025_13_NYG_NE,NYG,NE,Dalen Cambre,00-0040431,WR,car,0.032,0.0,0.0,0.0,0.0,0.0
2025_13_NYG_NE,NYG,NE,Dalen Cambre,00-0040431,WR,rush_yds,0.207,0.0,0.0,0.0,0.0,0.0
2025_13_NYG_NE,NYG,NE,Dalen Cambre,00-0040431,WR,tgt,0.511,0.0,0.0,0.0,1.0,2.0
2025_13_NYG_NE,NYG,NE,Dalen Cambre,00-0040431,WR,rec,0.318,0.0,0.0,0.0,0.0,1.0
2025_13_NYG_NE,NYG,NE,Dalen Cambre,00-0040431,WR,rec_yds,3.698,0.0,0.0,0.0,0.0,13.24
2025_13_NYG_NE,NYG,NE,Dalen Cambre,00-0040431,WR,anytime_td,0.007,0.0,0.0,0.0,0.0,0.0
2025_13_NYG_NE,NYG,NE,Gunner Olszewski,00-0035645,WR,car,0.021,0.0,0.0,0.0,0.0,0.0
2025_13_NYG_NE,NYG,NE,Gunner Olszewski,00-0035645,WR,rush_yds,0.129,0.0,0.0,0.0,0.0,0.0
2025_13_NYG_NE,NYG,NE,Gunner Olszewski,00-0035645,WR,tgt,0.637,0.0,0.0,0.0,1.0,2.0
2025_13_NYG_NE,NYG,NE,Gunner Olszewski,00-0035645,WR,rec,0.376,0.0,0.0,0.0,1.0,1.0
2025_13_NYG_NE,NYG,NE,Gunner Olszewski,00-0035645,WR,rec_yds,4.5,0.0,0.0,0.0,4.103,16.034
2025_13_NYG_NE,NYG,NE,Gunner Olszewski,00-0035645,WR,anytime_td,0.045,0.0,0.0,0.0,0.0,0.0
