game_id,team,opp,player,player_id,pos,stat,mean,p10,p25,median,p75,p90
2025_10_LV_DEN,DEN,LV,Bo Nix,00-0039732,QB,att,32.115,22.0,28.0,33.0,38.0,43.0
2025_10_LV_DEN,DEN,LV,Bo Nix,00-0039732,QB,cmp,21.771,14.0,18.0,22.0,26.0,30.0
2025_10_LV_DEN,DEN,LV,Bo Nix,00-0039732,QB,pass_yds,237.375,147.429,191.688,237.654,287.076,333.8
2025_10_LV_DEN,DEN,LV,Bo Nix,00-0039732,QB,pass_td,1.739,0.0,1.0,2.0,2.0,3.0
2025_10_LV_DEN,DEN,LV,Bo Nix,00-0039732,QB,ints,0.574,0.0,0.0,0.0,1.0,2.0
2025_10_LV_DEN,DEN,LV,Bo Nix,00-0039732,QB,car,4.41,1.0,2.0,4.0,6.0,8.0
2025_10_LV_DEN,DEN,LV,Bo Nix,00-0039732,QB,rush_yds,18.414,-0.896,3.961,14.214,27.374,43.91
2025_10_LV_DEN,DEN,LV,Bo Nix,00-0039732,QB,tgt,0.0,0.0,0.0,0.0,0.0,0.0
2025_10_LV_DEN,DEN,LV,Bo Nix,00-0039732,QB,rec,0.0,0.0,0.0,0.0,0.0,0.0
2025_10_LV_DEN,DEN,LV,Bo Nix,00-0039732,QB,rec_yds,0.001,0.0,0.0,0.0,0.0,0.0
2025_10_LV_DEN,DEN,LV,Bo Nix,00-0039732,QB,anytime_td,0.266,0.0,0.0,0.0,1.0,1.0
2025_10_LV_DEN,DEN,LV,Courtland Sutton,00-0034348,WR,car,0.012,0.0,0.0,0.0,0.0,0.0
2025_10_LV_DEN,DEN,LV,Courtland Sutton,00-0034348,WR,rush_yds,0.064,0.0,0.0,0.0,0.0,0.0
2025_10_LV_DEN,DEN,LV,Courtland Sutton,00-0034348,WR,tgt,7.606,3.0,5.0,7.0,10.0,12.0
2025_10_LV_DEN,DEN,LV,Courtland Sutton,00-0034348,WR,rec,4.958,2.0,3.0,5.0,7.0,8.0
2025_10_LV_DEN,DEN,LV,Courtland Sutton,00-0034348,WR,rec_yds,69.888,19.259,37.606,63.168,95.159,129.118
2025_10_LV_DEN,DEN,LV,Courtland Sutton,00-0034348,WR,anytime_td,0.322,0.0,0.0,0.0,1.0,1.0
2025_10_LV_DEN,DEN,LV,Troy Franklin,00-0039868,WR,car,0.489,0.0,0.0,0.0,0.0,2.0
2025_10_LV_DEN,DEN,LV,Troy Franklin,00-0039868,WR,rush_yds,2.534,0.0,0.0,0.0,0.0,8.586
2025_10_LV_DEN,DEN,LV,Troy Franklin,00-0039868,WR,tgt,7.528,3.0,5.0,7.0,10.0,12.0
2025_10_LV_DEN,DEN,LV,Troy Franklin,00-0039868,WR,rec,4.713,2.0,3.0,4.0,6.0,8.0
2025_10_LV_DEN,DEN,LV,Troy Franklin,00-0039868,WR,rec_yds,55.987,13.693,28.581,49.808,77.313,106.471
2025_10_LV_DEN,DEN,LV,Troy Franklin,00-0039868,WR,anytime_td,0.347,0.0,0.0,0.0,1.0,1.0
2025_10_LV_DEN,DEN,LV,Adam Trautman,00-0036422,TE,car,0.003,0.0,0.0,0.0,0.0,0.0
2025_10_LV_DEN,DEN,LV,Adam Trautman,00-0036422,TE,rush_yds,0.007,0.0,0.0,0.0,0.0,0.0
2025_10_LV_DEN,DEN,LV,Adam Trautman,00-0036422,TE,tgt,1.109,0.0,0.0,1.0,2.0,3.0
2025_10_LV_DEN,DEN,LV,Adam Trautman,00-0036422,TE,rec,0.867,0.0,0.0,1.0,1.0,2.0
2025_10_LV_DEN,DEN,LV,Adam Trautman,00-0036422,TE,rec_yds,9.01,0.0,0.0,0.0,13.598,27.52
2025_10_LV_DEN,DEN,LV,Adam Trautman,00-0036422,TE,anytime_td,0.06,0.0,0.0,0.0,0.0,0.0
2025_10_LV_DEN,DEN,LV,J.K. Dobbins,00-0036158,RB,car,15.376,8.0,11.0,15.0,19.0,24.0
2025_10_LV_DEN,DEN,LV,J.K. Dobbins,00-0036158,RB,rush_yds,70.444,25.398,40.72,63.431,92.36,124.62
2025_10_LV_DEN,DEN,LV,J.K. Dobbins,00-0036158,RB,tgt,1.597,0.0,0.0,1.0,2.0,4.0
2025_10_LV_DEN,DEN,LV,J.K. Dobbins,00-0036158,RB,rec,1.347,0.0,0.0,1.0,2.0,3.0
2025_10_LV_DEN,DEN,LV,J.K. Dobbins,00-0036158,RB,rec_yds,9.124,0.0,0.0,4.488,13.224,26.035
2025_10_LV_DEN,DEN,LV,J.K. Dobbins,00-0036158,RB,anytime_td,0.314,0.0,0.0,0.0,1.0,1.0
2025_10_LV_DEN,DEN,LV,Pat Bryant,00-0040134,WR,car,0.007,0.0,0.0,0.0,0.0,0.0
2025_10_LV_DEN,DEN,LV,Pat Bryant,00-0040134,WR,rush_yds,0.041,0.0,0.0,0.0,0.0,0.0
2025_10_LV_DEN,DEN,LV,Pat Bryant,00-0040134,WR,tgt,2.488,0.0,1.0,2.0,4.0,5.0
2025_10_LV_DEN,DEN,LV,Pat Bryant,00-0040134,WR,rec,1.606,0.0,1.0,1.0,2.0,4.0
2025_10_LV_DEN,DEN,LV,Pat Bryant,00-0040134,WR,rec_yds,20.542,0.0,0.0,13.92,30.48,52.6
2025_10_LV_DEN,DEN,LV,Pat Bryant,00-0040134,WR,anytime_td,0.137,0.0,0.0,0.0,0.0,1.0
2025_10_LV_DEN,DEN,LV,Evan Engram,00-0033881,TE,car,0.107,0.0,0.0,0.0,0.0,0.0
2025_10_LV_DEN,DEN,LV,Evan Engram,00-0033881,TE,rush_yds,0.237,0.0,0.0,0.0,0.0,0.0
2025_10_LV_DEN,DEN,LV,Evan Engram,00-0033881,TE,tgt,5.242,2.0,3.0,5.0,7.0,9.0
2025_10_LV_DEN,DEN,LV,Evan Engram,00-0033881,TE,rec,3.862,1.0,2.0,4.0,5.0,7.0
2025_10_LV_DEN,DEN,LV,Evan Engram,00-0033881,TE,rec_yds,37.598,7.14,17.57,32.866,52.542,74.856
2025_10_LV_DEN,DEN,LV,Evan Engram,00-0033881,TE,anytime_td,0.138,0.0,0.0,0.0,0.0,1.0
2025_10_LV_DEN,DEN,LV,RJ Harvey,00-0040730,RB,car,5.192,1.0,2.0,4.0,7.0,11.0
2025_10_LV_DEN,DEN,LV,RJ Harvey,00-0040730,RB,rush_yds,21.681,0.0,5.779,14.985,31.232,51.71
2025_10_LV_DEN,DEN,LV,RJ Harvey,00-0040730,RB,tgt,3.152,1.0,1.0,3.0,4.0,6.0
2025_10_LV_DEN,DEN,LV,RJ Harvey,00-0040730,RB,rec,2.747,0.0,1.0,2.0,4.0,6.0
2025_10_LV_DEN,DEN,LV,RJ Harvey,00-0040730,RB,rec_yds,20.861,0.0,5.565,14.998,30.747,48.507
2025_10_LV_DEN,DEN,LV,RJ Harvey,00-0040730,RB,anytime_td,0.46,0.0,0.0,0.0,1.0,1.0
2025_10_LV_DEN,DEN,LV,Tyler Badie,00-0037085,RB,car,0.732,0.0,0.0,0.0,1.0,2.0
2025_10_LV_DEN,DEN,LV,Tyler Badie,00-0037085,RB,rush_yds,3.17,0.0,0.0,0.0,1.945,10.404
2025_10_LV_DEN,DEN,LV,Tyler Badie,00-0037085,RB,tgt,1.989,0.0,1.0,2.0,3.0,4.0
2025_10_LV_DEN,DEN,LV,Tyler Badie,00-0037085,RB,rec,1.612,0.0,0.0,1.0,2.0,4.0
2025_10_LV_DEN,DEN,LV,Tyler Badie,00-0037085,RB,rec_yds,12.203,0.0,0.0,7.369,18.016,32.605
2025_10_LV_DEN,DEN,LV,Tyler Badie,00-0037085,RB,anytime_td,0.034,0.0,0.0,0.0,0.0,0.0
2025_10_LV_DEN,DEN,LV,Trent Sherfield,00-0034487,WR,car,0.009,0.0,0.0,0.0,0.0,0.0
2025_10_LV_DEN,DEN,LV,Trent Sherfield,00-0034487,WR,rush_yds,0.047,0.0,0.0,0.0,0.0,0.0
2025_10_LV_DEN,DEN,LV,Trent Sherfield,00-0034487,WR,tgt,0.503,0.0,0.0,0.0,1.0,2.0
2025_10_LV_DEN,DEN,LV,Trent Sherfield,00-0034487,WR,rec,0.342,0.0,0.0,0.0,0.0,1.0
2025_10_LV_DEN,DEN,LV,Trent Sherfield,00-0034487,WR,rec_yds,4.437,0.0,0.0,0.0,0.0,16.721
2025_10_LV_DEN,DEN,LV,Trent Sherfield,00-0034487,WR,anytime_td,0.007,0.0,0.0,0.0,0.0,0.0
2025_10_LV_DEN,DEN,LV,Adam Prentice,00-0036727,RB,car,0.742,0.0,0.0,0.0,1.0,2.0
2025_10_LV_DEN,DEN,LV,Adam Prentice,00-0036727,RB,rush_yds,3.104,0.0,0.0,0.0,1.074,10.458
2025_10_LV_DEN,DEN,LV,Adam Prentice,00-0036727,RB,tgt,0.282,0.0,0.0,0.0,0.0,1.0
2025_10_LV_DEN,DEN,LV,Adam Prentice,00-0036727,RB,rec,0.23,0.0,0.0,0.0,0.0,1.0
2025_10_LV_DEN,DEN,LV,Adam Prentice,00-0036727,RB,rec_yds,1.739,0.0,0.0,0.0,0.0,6.127
2025_10_LV_DEN,DEN,LV,Adam Prentice,00-0036727,RB,anytime_td,0.018,0.0,0.0,0.0,0.0,0.0
2025_10_LV_DEN,DEN,LV,Michael Bandy,00-0036959,WR,car,0.028,0.0,0.0,0.0,0.0,0.0
2025_10_LV_DEN,DEN,LV,Michael Bandy,00-0036959,WR,rush_yds,0.152,0.0,0.0,0.0,0.0,0.0
2025_10_LV_DEN,DEN,LV,Michael Bandy,00-0036959,WR,tgt,1.176,0.0,0.0,1.0,2.0,3.0
2025_10_LV_DEN,DEN,LV,Michael Bandy,00-0036959,WR,rec,0.795,0.0,0.0,0.0,1.0,2.0
2025_10_LV_DEN,DEN,LV,Michael Bandy,00-0036959,WR,rec_yds,10.357,0.0,0.0,0.0,15.637,32.411
2025_10_LV_DEN,DEN,LV,Michael Bandy,00-0036959,WR,anytime_td,0.028,0.0,0.0,0.0,0.0,0.0
2025_10_LV_DEN,LV,DEN,Tre Tucker,00-0038563,WR,car,0.541,0.0,0.0,0.0,1.0,2.0
2025_10_LV_DEN,LV,DEN,Tre Tucker,00-0038563,WR,rush_yds,2.624,0.0,0.0,0.0,0.0,8.781
2025_10_LV_DEN,LV,DEN,Tre Tucker,00-0038563,WR,tgt,5.712,2.0,4.0,5.0,7.25,10.0
2025_10_LV_DEN,LV,DEN,Tre Tucker,00-0038563,WR,rec,3.605,1.0,2.0,3.0,5.0,7.0
2025_10_LV_DEN,LV,DEN,Tre Tucker,00-0038563,WR,rec_yds,44.297,7.508,19.644,38.077,61.992,89.49
2025_10_LV_DEN,LV,DEN,Tre Tucker,00-0038563,WR,anytime_td,0.205,0.0,0.0,0.0,0.0,1.0
2025_10_LV_DEN,LV,DEN,Geno Smith,00-0030565,QB,att,30.922,21.0,26.0,31.0,37.0,41.0
2025_10_LV_DEN,LV,DEN,Geno Smith,00-0030565,QB,cmp,19.022,12.0,16.0,19.0,23.0,26.0
2025_10_LV_DEN,LV,DEN,Geno Smith,00-0030565,QB,pass_yds,199.064,121.077,158.722,198.088,241.684,284.071
2025_10_LV_DEN,LV,DEN,Geno Smith,00-0030565,QB,pass_td,1.016,0.0,0.0,1.0,2.0,2.0
2025_10_LV_DEN,LV,DEN,Geno Smith,00-0030565,QB,ints,0.776,0.0,0.0,1.0,1.0,2.0
2025_10_LV_DEN,LV,DEN,Geno Smith,00-0030565,QB,car,3.375,0.0,1.0,3.0,5.0,7.0
2025_10_LV_DEN,LV,DEN,Geno Smith,00-0030565,QB,rush_yds,13.752,0.0,2.532,9.744,20.678,33.37
2025_10_LV_DEN,LV,DEN,Geno Smith,00-0030565,QB,tgt,0.0,0.0,0.0,0.0,0.0,0.0
2025_10_LV_DEN,LV,DEN,Geno Smith,00-0030565,QB,rec,0.0,0.0,0.0,0.0,0.0,0.0
2025_10_LV_DEN,LV,DEN,Geno Smith,00-0030565,QB,rec_yds,0.003,0.0,0.0,0.0,0.0,0.0
2025_10_LV_DEN,LV,DEN,Geno Smith,00-0030565,QB,anytime_td,0.046,0.0,0.0,0.0,0.0,0.0
2025_10_LV_DEN,LV,DEN,Ashton Jeanty,00-0040122,RB,car,15.274,8.0,11.0,15.0,19.0,23.0
2025_10_LV_DEN,LV,DEN,Ashton Jeanty,00-0040122,RB,rush_yds,55.435,19.837,31.552,49.117,72.662,99.011
2025_10_LV_DEN,LV,DEN,Ashton Jeanty,00-0040122,RB,tgt,3.448,1.0,2.0,3.0,5.0,7.0
2025_10_LV_DEN,LV,DEN,Ashton Jeanty,00-0040122,RB,rec,2.54,0.0,1.0,2.0,4.0,5.0
2025_10_LV_DEN,LV,DEN,Ashton Jeanty,00-0040122,RB,rec_yds,18.613,0.0,5.209,14.113,27.09,43.134
2025_10_LV_DEN,LV,DEN,Ashton Jeanty,00-0040122,RB,anytime_td,0.457,0.0,0.0,0.0,1.0,1.0
2025_10_LV_DEN,LV,DEN,Brock Bowers,00-0039338,TE,car,0.273,0.0,0.0,0.0,0.0,1.0
2025_10_LV_DEN,LV,DEN,Brock Bowers,00-0039338,TE,rush_yds,0.59,0.0,0.0,0.0,0.0,1.036
2025_10_LV_DEN,LV,DEN,Brock Bowers,00-0039338,TE,tgt,8.162,4.0,6.0,8.0,10.0,13.0
2025_10_LV_DEN,LV,DEN,Brock Bowers,00-0039338,TE,rec,5.672,2.0,4.0,5.0,7.0,9.0
2025_10_LV_DEN,LV,DEN,Brock Bowers,00-0039338,TE,rec_yds,59.0,19.386,33.327,54.314,79.087,104.17
2025_10_LV_DEN,LV,DEN,Brock Bowers,00-0039338,TE,anytime_td,0.268,0.0,0.0,0.0,1.0,1.0
2025_10_LV_DEN,LV,DEN,Michael Mayer,00-0039066,TE,car,0.002,0.0,0.0,0.0,0.0,0.0
2025_10_LV_DEN,LV,DEN,Michael Mayer,00-0039066,TE,rush_yds,0.004,0.0,0.0,0.0,0.0,0.0
2025_10_LV_DEN,LV,DEN,Michael Mayer,00-0039066,TE,tgt,4.043,1.0,2.0,4.0,5.0,8.0
2025_10_LV_DEN,LV,DEN,Michael Mayer,00-0039066,TE,rec,2.553,0.0,1.0,2.0,4.0,5.0
2025_10_LV_DEN,LV,DEN,Michael Mayer,00-0039066,TE,rec_yds,24.41,0.0,8.03,19.609,35.639,53.648
2025_10_LV_DEN,LV,DEN,Michael Mayer,00-0039066,TE,anytime_td,0.111,0.0,0.0,0.0,0.0,1.0
2025_10_LV_DEN,LV,DEN,Dont'e Thornton Jr.,00-0040581,WR,car,0.012,0.0,0.0,0.0,0.0,0.0
2025_10_LV_DEN,LV,DEN,Dont'e Thornton Jr.,00-0040581,WR,rush_yds,0.049,0.0,0.0,0.0,0.0,0.0
2025_10_LV_DEN,LV,DEN,Dont'e Thornton Jr.,00-0040581,WR,tgt,3.056,1.0,1.0,3.0,4.0,6.0
2025_10_LV_DEN,LV,DEN,Dont'e Thornton Jr.,00-0040581,WR,rec,1.525,0.0,0.0,1.0,2.0,3.0
2025_10_LV_DEN,LV,DEN,Dont'e Thornton Jr.,00-0040581,WR,rec_yds,19.574,0.0,0.0,13.085,29.786,50.529
2025_10_LV_DEN,LV,DEN,Dont'e Thornton Jr.,00-0040581,WR,anytime_td,0.041,0.0,0.0,0.0,0.0,0.0
2025_10_LV_DEN,LV,DEN,Tyler Lockett,00-0032211,WR,car,0.012,0.0,0.0,0.0,0.0,0.0
2025_10_LV_DEN,LV,DEN,Tyler Lockett,00-0032211,WR,rush_yds,0.063,0.0,0.0,0.0,0.0,0.0
2025_10_LV_DEN,LV,DEN,Tyler Lockett,00-0032211,WR,tgt,2.596,0.0,1.0,2.0,4.0,5.0
2025_10_LV_DEN,LV,DEN,Tyler Lockett,00-0032211,WR,rec,1.406,0.0,0.0,1.0,2.0,3.0
2025_10_LV_DEN,LV,DEN,Tyler Lockett,00-0032211,WR,rec_yds,16.195,0.0,0.0,10.152,24.335,42.536
2025_10_LV_DEN,LV,DEN,Tyler Lockett,00-0032211,WR,anytime_td,0.045,0.0,0.0,0.0,0.0,0.0
2025_10_LV_DEN,LV,DEN,Jack Bech,00-0040729,WR,car,0.01,0.0,0.0,0.0,0.0,0.0
2025_10_LV_DEN,LV,DEN,Jack Bech,00-0040729,WR,rush_yds,0.049,0.0,0.0,0.0,0.0,0.0
2025_10_LV_DEN,LV,DEN,Jack Bech,00-0040729,WR,tgt,2.035,0.0,1.0,2.0,3.0,4.0
2025_10_LV_DEN,LV,DEN,Jack Bech,00-0040729,WR,rec,1.2,0.0,0.0,1.0,2.0,3.0
2025_10_LV_DEN,LV,DEN,Jack Bech,00-0040729,WR,rec_yds,14.104,0.0,0.0,7.35,21.553,38.973
2025_10_LV_DEN,LV,DEN,Jack Bech,00-0040729,WR,anytime_td,0.03,0.0,0.0,0.0,0.0,0.0
2025_10_LV_DEN,LV,DEN,Raheem Mostert,00-0031687,RB,car,3.708,0.0,1.0,3.0,5.0,8.0
2025_10_LV_DEN,LV,DEN,Raheem Mostert,00-0031687,RB,rush_yds,13.888,0.0,2.19,8.422,19.388,34.882
2025_10_LV_DEN,LV,DEN,Raheem Mostert,00-0031687,RB,tgt,0.949,0.0,0.0,1.0,1.0,3.0
2025_10_LV_DEN,LV,DEN,Raheem Mostert,00-0031687,RB,rec,0.71,0.0,0.0,0.0,1.0,2.0
2025_10_LV_DEN,LV,DEN,Raheem Mostert,00-0031687,RB,rec_yds,5.133,0.0,0.0,0.0,6.87,17.158
2025_10_LV_DEN,LV,DEN,Raheem Mostert,00-0031687,RB,anytime_td,0.086,0.0,0.0,0.0,0.0,0.0
2025_10_LV_DEN,LV,DEN,Ian Thomas,00-0034365,TE,car,0.001,0.0,0.0,0.0,0.0,0.0
2025_10_LV_DEN,LV,DEN,Ian Thomas,00-0034365,TE,rush_yds,0.005,0.0,0.0,0.0,0.0,0.0
2025_10_LV_DEN,LV,DEN,Ian Thomas,00-0034365,TE,tgt,0.883,0.0,0.0,1.0,1.0,2.0
2025_10_LV_DEN,LV,DEN,Ian Thomas,00-0034365,TE,rec,0.599,0.0,0.0,0.0,1.0,2.0
2025_10_LV_DEN,LV,DEN,Ian Thomas,00-0034365,TE,rec_yds,5.712,0.0,0.0,0.0,8.183,19.304
2025_10_LV_DEN,LV,DEN,Ian Thomas,00-0034365,TE,anytime_td,0.011,0.0,0.0,0.0,0.0,0.0
2025_10_LV_DEN,LV,DEN,Alex Bachman,00-0035602,WR,car,0.006,0.0,0.0,0.0,0.0,0.0
2025_10_LV_DEN,LV,DEN,Alex Bachman,00-0035602,WR,rush_yds,0.033,0.0,0.0,0.0,0.0,0.0
2025_10_LV_DEN,LV,DEN,Alex Bachman,00-0035602,WR,tgt,0.524,0.0,0.0,0.0,1.0,2.0
2025_10_LV_DEN,LV,DEN,Alex Bachman,00-0035602,WR,rec,0.315,0.0,0.0,0.0,0.0,1.0
2025_10_LV_DEN,LV,DEN,Alex Bachman,00-0035602,WR,rec_yds,3.665,0.0,0.0,0.0,0.0,13.915
2025_10_LV_DEN,LV,DEN,Alex Bachman,00-0035602,WR,anytime_td,0.005,0.0,0.0,0.0,0.0,0.0
2025_10_ARI_SEA,SEA,ARI,Sam Darnold,00-0034869,QB,att,29.407,19.0,25.0,30.0,35.0,40.0
2025_10_ARI_SEA,SEA,ARI,Sam Darnold,00-0034869,QB,cmp,20.106,12.0,17.0,20.0,24.0,28.0
2025_10_ARI_SEA,SEA,ARI,Sam Darnold,00-0034869,QB,pass_yds,237.182,141.011,189.343,239.978,290.278,338.167
2025_10_ARI_SEA,SEA,ARI,Sam Darnold,00-0034869,QB,pass_td,1.612,0.0,1.0,2.0,2.0,3.0
2025_10_ARI_SEA,SEA,ARI,Sam Darnold,00-0034869,QB,ints,0.581,0.0,0.0,0.0,1.0,2.0
2025_10_ARI_SEA,SEA,ARI,Sam Darnold,00-0034869,QB,car,2.04,0.0,1.0,2.0,3.0,4.0
2025_10_ARI_SEA,SEA,ARI,Sam Darnold,00-0034869,QB,rush_yds,6.296,-2.0,-1.0,1.018,10.107,21.186
2025_10_ARI_SEA,SEA,ARI,Sam Darnold,00-0034869,QB,tgt,0.001,0.0,0.0,0.0,0.0,0.0
2025_10_ARI_SEA,SEA,ARI,Sam Darnold,00-0034869,QB,rec,0.001,0.0,0.0,0.0,0.0,0.0
2025_10_ARI_SEA,SEA,ARI,Sam Darnold,00-0034869,QB,rec_yds,0.006,0.0,0.0,0.0,0.0,0.0
2025_10_ARI_SEA,SEA,ARI,Sam Darnold,00-0034869,QB,anytime_td,0.017,0.0,0.0,0.0,0.0,0.0
2025_10_ARI_SEA,SEA,ARI,Cooper Kupp,00-0033908,WR,car,0.01,0.0,0.0,0.0,0.0,0.0
2025_10_ARI_SEA,SEA,ARI,Cooper Kupp,00-0033908,WR,rush_yds,0.102,0.0,0.0,0.0,0.0,0.0
2025_10_ARI_SEA,SEA,ARI,Cooper Kupp,00-0033908,WR,tgt,4.347,1.0,2.0,4.0,6.0,8.0
2025_10_ARI_SEA,SEA,ARI,Cooper Kupp,00-0033908,WR,rec,2.949,1.0,1.0,3.0,4.0,6.0
2025_10_ARI_SEA,SEA,ARI,Cooper Kupp,00-0033908,WR,rec_yds,36.853,3.795,13.686,30.432,53.54,78.609
2025_10_ARI_SEA,SEA,ARI,Cooper Kupp,00-0033908,WR,anytime_td,0.191,0.0,0.0,0.0,0.0,1.0
2025_10_ARI_SEA,SEA,ARI,Elijah Arroyo,00-0040739,TE,car,0.007,0.0,0.0,0.0,0.0,0.0
2025_10_ARI_SEA,SEA,ARI,Elijah Arroyo,00-0040739,TE,rush_yds,0.008,0.0,0.0,0.0,0.0,0.0
2025_10_ARI_SEA,SEA,ARI,Elijah Arroyo,00-0040739,TE,tgt,2.481,0.0,1.0,2.0,4.0,5.0
2025_10_ARI_SEA,SEA,ARI,Elijah Arroyo,00-0040739,TE,rec,1.819,0.0,1.0,2.0,3.0,4.0
2025_10_ARI_SEA,SEA,ARI,Elijah Arroyo,00-0040739,TE,rec_yds,19.373,0.0,3.178,13.972,28.677,47.457
2025_10_ARI_SEA,SEA,ARI,Elijah Arroyo,00-0040739,TE,anytime_td,0.147,0.0,0.0,0.0,0.0,1.0
2025_10_ARI_SEA,SEA,ARI,Kenneth Walker III,00-0038134,RB,car,11.078,4.0,7.0,10.0,14.0,19.0
2025_10_ARI_SEA,SEA,ARI,Kenneth Walker III,00-0038134,RB,rush_yds,51.254,12.678,25.368,43.862,69.322,100.237
2025_10_ARI_SEA,SEA,ARI,Kenneth Walker III,00-0038134,RB,tgt,1.63,0.0,0.0,1.0,2.0,4.0
2025_10_ARI_SEA,SEA,ARI,Kenneth Walker III,00-0038134,RB,rec,1.359,0.0,0.0,1.0,2.0,3.0
2025_10_ARI_SEA,SEA,ARI,Kenneth Walker III,00-0038134,RB,rec_yds,10.108,0.0,0.0,5.303,15.273,28.654
2025_10_ARI_SEA,SEA,ARI,Kenneth Walker III,00-0038134,RB,anytime_td,0.343,0.0,0.0,0.0,1.0,1.0
2025_10_ARI_SEA,SEA,ARI,Jaxon Smith-Njigba,00-0038543,WR,car,0.43,0.0,0.0,0.0,0.0,1.0
2025_10_ARI_SEA,SEA,ARI,Jaxon Smith-Njigba,00-0038543,WR,rush_yds,2.538,0.0,0.0,0.0,0.0,6.873
2025_10_ARI_SEA,SEA,ARI,Jaxon Smith-Njigba,00-0038543,WR,tgt,9.126,5.0,6.0,9.0,11.0,14.0
2025_10_ARI_SEA,SEA,ARI,Jaxon Smith-Njigba,00-0038543,WR,rec,6.466,3.0,4.0,6.0,8.0,10.0
2025_10_ARI_SEA,SEA,ARI,Jaxon Smith-Njigba,00-0038543,WR,rec_yds,93.088,34.083,56.839,87.046,122.068,159.526
2025_10_ARI_SEA,SEA,ARI,Jaxon Smith-Njigba,00-0038543,WR,anytime_td,0.334,0.0,0.0,0.0,1.0,1.0
2025_10_ARI_SEA,SEA,ARI,AJ Barner,00-0039793,TE,car,0.347,0.0,0.0,0.0,0.0,1.0
2025_10_ARI_SEA,SEA,ARI,AJ Barner,00-0039793,TE,rush_yds,0.881,0.0,0.0,0.0,0.0,1.966
2025_10_ARI_SEA,SEA,ARI,AJ Barner,00-0039793,TE,tgt,3.221,1.0,2.0,3.0,5.0,6.0
2025_10_ARI_SEA,SEA,ARI,AJ Barner,00-0039793,TE,rec,2.435,0.0,1.0,2.0,4.0,5.0
2025_10_ARI_SEA,SEA,ARI,AJ Barner,00-0039793,TE,rec_yds,25.4,0.0,7.414,19.934,37.827,57.366
2025_10_ARI_SEA,SEA,ARI,AJ Barner,00-0039793,TE,anytime_td,0.303,0.0,0.0,0.0,1.0,1.0
2025_10_ARI_SEA,SEA,ARI,Zach Charbonnet,00-0039165,RB,car,9.174,3.0,5.0,9.0,12.0,16.0
2025_10_ARI_SEA,SEA,ARI,Zach Charbonnet,00-0039165,RB,rush_yds,37.705,7.736,16.471,31.349,51.765,75.627
2025_10_ARI_SEA,SEA,ARI,Zach Charbonnet,00-0039165,RB,tgt,1.365,0.0,0.0,1.0,2.0,3.0
2025_10_ARI_SEA,SEA,ARI,Zach Charbonnet,00-0039165,RB,rec,1.117,0.0,0.0,1.0,2.0,3.0
2025_10_ARI_SEA,SEA,ARI,Zach Charbonnet,00-0039165,RB,rec_yds,8.502,0.0,0.0,3.278,12.634,24.812
2025_10_ARI_SEA,SEA,ARI,Zach Charbonnet,00-0039165,RB,anytime_td,0.457,0.0,0.0,0.0,1.0,1.0
2025_10_ARI_SEA,SEA,ARI,Rashid Shaheed,00-0037545,WR,car,0.234,0.0,0.0,0.0,0.0,1.0
2025_10_ARI_SEA,SEA,ARI,Rashid Shaheed,00-0037545,WR,rush_yds,1.468,0.0,0.0,0.0,0.0,0.0
2025_10_ARI_SEA,SEA,ARI,Rashid Shaheed,00-0037545,WR,tgt,6.069,2.0,4.0,6.0,8.0,10.0
2025_10_ARI_SEA,SEA,ARI,Rashid Shaheed,00-0037545,WR,rec,3.943,1.0,2.0,4.0,5.0,7.0
2025_10_ARI_SEA,SEA,ARI,Rashid Shaheed,00-0037545,WR,rec_yds,47.261,9.715,22.135,41.003,66.139,92.685
2025_10_ARI_SEA,SEA,ARI,Rashid Shaheed,00-0037545,WR,anytime_td,0.287,0.0,0.0,0.0,1.0,1.0
2025_10_ARI_SEA,SEA,ARI,George Holani,00-0039299,RB,car,4.086,0.0,1.0,3.0,6.0,9.0
2025_10_ARI_SEA,SEA,ARI,George Holani,00-0039299,RB,rush_yds,17.757,0.0,2.931,11.44,25.791,44.585
2025_10_ARI_SEA,SEA,ARI,George Holani,00-0039299,RB,tgt,0.848,0.0,0.0,0.0,1.0,2.0
2025_10_ARI_SEA,SEA,ARI,George Holani,00-0039299,RB,rec,0.68,0.0,0.0,0.0,1.0,2.0
2025_10_ARI_SEA,SEA,ARI,George Holani,00-0039299,RB,rec_yds,4.796,0.0,0.0,0.0,6.817,15.801
2025_10_ARI_SEA,SEA,ARI,George Holani,00-0039299,RB,anytime_td,0.111,0.0,0.0,0.0,0.0,1.0
2025_10_ARI_SEA,SEA,ARI,Ricky White III,00-0040653,WR,car,0.031,0.0,0.0,0.0,0.0,0.0
2025_10_ARI_SEA,SEA,ARI,Ricky White III,00-0040653,WR,rush_yds,0.172,0.0,0.0,0.0,0.0,0.0
2025_10_ARI_SEA,SEA,ARI,Ricky White III,00-0040653,WR,tgt,0.548,0.0,0.0,0.0,1.0,2.0
2025_10_ARI_SEA,SEA,ARI,Ricky White III,00-0040653,WR,rec,0.362,0.0,0.0,0.0,1.0,1.0
2025_10_ARI_SEA,SEA,ARI,Ricky White III,00-0040653,WR,rec_yds,4.69,0.0,0.0,0.0,2.194,17.407
2025_10_ARI_SEA,SEA,ARI,Ricky White III,00-0040653,WR,anytime_td,0.016,0.0,0.0,0.0,0.0,0.0
2025_10_ARI_SEA,ARI,SEA,Jacoby Brissett,00-0033119,QB,att,32.182,22.0,28.0,33.0,38.0,43.0
2025_10_ARI_SEA,ARI,SEA,Jacoby Brissett,00-0033119,QB,cmp,20.832,13.0,17.0,21.0,25.0,28.0
2025_10_ARI_SEA,ARI,SEA,Jacoby Brissett,00-0033119,QB,pass_yds,215.406,131.04,172.006,215.407,262.169,304.545
2025_10_ARI_SEA,ARI,SEA,Jacoby Brissett,00-0033119,QB,pass_td,1.158,0.0,0.0,1.0,2.0,3.0
2025_10_ARI_SEA,ARI,SEA,Jacoby Brissett,00-0033119,QB,ints,0.756,0.0,0.0,0.0,1.0,2.0
2025_10_ARI_SEA,ARI,SEA,Jacoby Brissett,00-0033119,QB,car,3.443,1.0,2.0,3.0,5.0,7.0
2025_10_ARI_SEA,ARI,SEA,Jacoby Brissett,00-0033119,QB,rush_yds,16.556,0.0,3.897,12.665,24.337,38.97
2025_10_ARI_SEA,ARI,SEA,Jacoby Brissett,00-0033119,QB,tgt,0.001,0.0,0.0,0.0,0.0,0.0
2025_10_ARI_SEA,ARI,SEA,Jacoby Brissett,00-0033119,QB,rec,0.0,0.0,0.0,0.0,0.0,0.0
2025_10_ARI_SEA,ARI,SEA,Jacoby Brissett,00-0033119,QB,rec_yds,0.004,0.0,0.0,0.0,0.0,0.0
2025_10_ARI_SEA,ARI,SEA,Jacoby Brissett,00-0033119,QB,anytime_td,0.137,0.0,0.0,0.0,0.0,1.0
2025_10_ARI_SEA,ARI,SEA,Michael Wilson,00-0038559,WR,car,0.027,0.0,0.0,0.0,0.0,0.0
2025_10_ARI_SEA,ARI,SEA,Michael Wilson,00-0038559,WR,rush_yds,0.124,0.0,0.0,0.0,0.0,0.0
2025_10_ARI_SEA,ARI,SEA,Michael Wilson,00-0038559,WR,tgt,4.013,1.0,2.0,4.0,5.0,7.0
2025_10_ARI_SEA,ARI,SEA,Michael Wilson,00-0038559,WR,rec,2.464,0.0,1.0,2.0,3.0,5.0
2025_10_ARI_SEA,ARI,SEA,Michael Wilson,00-0038559,WR,rec_yds,29.846,0.0,9.424,23.85,43.306,66.61
2025_10_ARI_SEA,ARI,SEA,Michael Wilson,00-0038559,WR,anytime_td,0.109,0.0,0.0,0.0,0.0,1.0
2025_10_ARI_SEA,ARI,SEA,Marvin Harrison Jr.,00-0039849,WR,car,0.01,0.0,0.0,0.0,0.0,0.0
2025_10_ARI_SEA,ARI,SEA,Marvin Harrison Jr.,00-0039849,WR,rush_yds,0.066,0.0,0.0,0.0,0.0,0.0
2025_10_ARI_SEA,ARI,SEA,Marvin Harrison Jr.,00-0039849,WR,tgt,6.372,3.0,4.0,6.0,8.0,11.0
2025_10_ARI_SEA,ARI,SEA,Marvin Harrison Jr.,00-0039849,WR,rec,3.883,1.0,2.0,4.0,5.0,7.0
2025_10_ARI_SEA,ARI,SEA,Marvin Harrison Jr.,00-0039849,WR,rec_yds,52.347,10.371,24.539,46.681,72.311,102.098
2025_10_ARI_SEA,ARI,SEA,Marvin Harrison Jr.,00-0039849,WR,anytime_td,0.241,0.0,0.0,0.0,0.0,1.0
2025_10_ARI_SEA,ARI,SEA,Trey McBride,00-0037744,TE,car,0.008,0.0,0.0,0.0,0.0,0.0
2025_10_ARI_SEA,ARI,SEA,Trey McBride,00-0037744,TE,rush_yds,0.02,0.0,0.0,0.0,0.0,0.0
2025_10_ARI_SEA,ARI,SEA,Trey McBride,00-0037744,TE,tgt,9.468,5.0,7.0,9.0,12.0,15.0
2025_10_ARI_SEA,ARI,SEA,Trey McBride,00-0037744,TE,rec,6.499,3.0,4.0,6.0,8.0,11.0
2025_10_ARI_SEA,ARI,SEA,Trey McBride,00-0037744,TE,rec_yds,60.731,22.355,36.614,56.685,80.391,105.134
2025_10_ARI_SEA,ARI,SEA,Trey McBride,00-0037744,TE,anytime_td,0.37,0.0,0.0,0.0,1.0,1.0
2025_10_ARI_SEA,ARI,SEA,Bam Knight,00-0037157,RB,car,7.767,2.0,4.0,7.0,10.0,14.0
2025_10_ARI_SEA,ARI,SEA,Bam Knight,00-0037157,RB,rush_yds,29.187,4.39,11.334,23.274,39.591,61.117
2025_10_ARI_SEA,ARI,SEA,Bam Knight,00-0037157,RB,tgt,2.118,0.0,1.0,2.0,3.0,5.0
2025_10_ARI_SEA,ARI,SEA,Bam Knight,00-0037157,RB,rec,1.628,0.0,0.0,1.0,2.0,4.0
2025_10_ARI_SEA,ARI,SEA,Bam Knight,00-0037157,RB,rec_yds,11.94,0.0,0.0,7.289,17.936,31.839
2025_10_ARI_SEA,ARI,SEA,Bam Knight,00-0037157,RB,anytime_td,0.211,0.0,0.0,0.0,0.0,1.0
2025_10_ARI_SEA,ARI,SEA,Emari Demercado,00-0038705,RB,car,3.773,0.0,1.0,3.0,5.0,8.0
2025_10_ARI_SEA,ARI,SEA,Emari Demercado,00-0038705,RB,rush_yds,17.67,0.0,2.894,11.372,25.717,43.5
2025_10_ARI_SEA,ARI,SEA,Emari Demercado,00-0038705,RB,tgt,1.11,0.0,0.0,1.0,2.0,3.0
2025_10_ARI_SEA,ARI,SEA,Emari Demercado,00-0038705,RB,rec,0.836,0.0,0.0,0.0,1.0,2.0
2025_10_ARI_SEA,ARI,SEA,Emari Demercado,00-0038705,RB,rec_yds,5.717,0.0,0.0,0.0,8.345,18.262
2025_10_ARI_SEA,ARI,SEA,Emari Demercado,00-0038705,RB,anytime_td,0.124,0.0,0.0,0.0,0.0,1.0
2025_10_ARI_SEA,ARI,SEA,Greg Dortch,00-0035500,WR,car,0.364,0.0,0.0,0.0,0.0,1.0
2025_10_ARI_SEA,ARI,SEA,Greg Dortch,00-0035500,WR,rush_yds,1.955,0.0,0.0,0.0,0.0,5.67
2025_10_ARI_SEA,ARI,SEA,Greg Dortch,00-0035500,WR,tgt,2.1,0.0,1.0,2.0,3.0,5.0
2025_10_ARI_SEA,ARI,SEA,Greg Dortch,00-0035500,WR,rec,1.451,0.0,0.0,1.0,2.0,3.0
2025_10_ARI_SEA,ARI,SEA,Greg Dortch,00-0035500,WR,rec_yds,15.035,0.0,0.0,9.169,22.162,39.848
2025_10_ARI_SEA,ARI,SEA,Greg Dortch,00-0035500,WR,anytime_td,0.113,0.0,0.0,0.0,0.0,1.0
2025_10_ARI_SEA,ARI,SEA,Elijah Higgins,00-0039041,TE,car,0.001,0.0,0.0,0.0,0.0,0.0
2025_10_ARI_SEA,ARI,SEA,Elijah Higgins,00-0039041,TE,rush_yds,0.002,0.0,0.0,0.0,0.0,0.0
2025_10_ARI_SEA,ARI,SEA,Elijah Higgins,00-0039041,TE,tgt,1.756,0.0,0.0,1.0,3.0,4.0
2025_10_ARI_SEA,ARI,SEA,Elijah Higgins,00-0039041,TE,rec,1.286,0.0,0.0,1.0,2.0,3.0
2025_10_ARI_SEA,ARI,SEA,Elijah Higgins,00-0039041,TE,rec_yds,13.054,0.0,0.0,7.612,20.109,35.442
2025_10_ARI_SEA,ARI,SEA,Elijah Higgins,00-0039041,TE,anytime_td,0.026,0.0,0.0,0.0,0.0,0.0
2025_10_ARI_SEA,ARI,SEA,Simi Fehoko,00-0036646,WR,car,0.008,0.0,0.0,0.0,0.0,0.0
2025_10_ARI_SEA,ARI,SEA,Simi Fehoko,00-0036646,WR,rush_yds,0.046,0.0,0.0,0.0,0.0,0.0
2025_10_ARI_SEA,ARI,SEA,Simi Fehoko,00-0036646,WR,tgt,0.536,0.0,0.0,0.0,1.0,2.0
2025_10_ARI_SEA,ARI,SEA,Simi Fehoko,00-0036646,WR,rec,0.325,0.0,0.0,0.0,0.0,1.0
2025_10_ARI_SEA,ARI,SEA,Simi Fehoko,00-0036646,WR,rec_yds,3.996,0.0,0.0,0.0,0.0,14.856
2025_10_ARI_SEA,ARI,SEA,Simi Fehoko,00-0036646,WR,anytime_td,0.009,0.0,0.0,0.0,0.0,0.0
2025_10_ARI_SEA,ARI,SEA,Zay Jones,00-0033891,WR,car,0.006,0.0,0.0,0.0,0.0,0.0
2025_10_ARI_SEA,ARI,SEA,Zay Jones,00-0033891,WR,rush_yds,0.03,0.0,0.0,0.0,0.0,0.0
2025_10_ARI_SEA,ARI,SEA,Zay Jones,00-0033891,WR,tgt,2.408,0.0,1.0,2.0,3.0,5.0
2025_10_ARI_SEA,ARI,SEA,Zay Jones,00-0033891,WR,rec,1.512,0.0,0.0,1.0,2.0,3.0
2025_10_ARI_SEA,ARI,SEA,Zay Jones,00-0033891,WR,rec_yds,19.341,0.0,0.0,12.421,29.301,49.509
2025_10_ARI_SEA,ARI,SEA,Zay Jones,00-0033891,WR,anytime_td,0.029,0.0,0.0,0.0,0.0,0.0
2025_10_ARI_SEA,ARI,SEA,Michael Carter,00-0036924,RB,car,8.106,3.0,5.0,7.0,11.0,14.0
2025_10_ARI_SEA,ARI,SEA,Michael Carter,00-0036924,RB,rush_yds,28.934,5.096,12.133,23.299,39.706,60.075
2025_10_ARI_SEA,ARI,SEA,Michael Carter,00-0036924,RB,tgt,2.785,0.0,1.0,2.0,4.0,6.0
2025_10_ARI_SEA,ARI,SEA,Michael Carter,00-0036924,RB,rec,2.137,0.0,1.0,2.0,3.0,5.0
2025_10_ARI_SEA,ARI,SEA,Michael Carter,00-0036924,RB,rec_yds,15.568,0.0,2.02,10.617,23.215,38.772
2025_10_ARI_SEA,ARI,SEA,Michael Carter,00-0036924,RB,anytime_td,0.2,0.0,0.0,0.0,0.0,1.0
2025_10_ATL_IND,IND,ATL,Daniel Jones,00-0035710,QB,att,31.243,21.0,27.0,32.0,37.0,42.0
2025_10_ATL_IND,IND,ATL,Daniel Jones,00-0035710,QB,cmp,21.346,13.0,18.0,22.0,26.0,29.0
2025_10_ATL_IND,IND,ATL,Daniel Jones,00-0035710,QB,pass_yds,248.782,150.34,199.525,249.914,301.874,353.723
2025_10_ATL_IND,IND,ATL,Daniel Jones,00-0035710,QB,pass_td,1.716,0.0,1.0,2.0,2.0,3.0
2025_10_ATL_IND,IND,ATL,Daniel Jones,00-0035710,QB,ints,0.641,0.0,0.0,0.0,1.0,2.0
2025_10_ATL_IND,IND,ATL,Daniel Jones,00-0035710,QB,car,3.924,1.0,2.0,3.0,5.0,8.0
2025_10_ATL_IND,IND,ATL,Daniel Jones,00-0035710,QB,rush_yds,13.731,-1.0,1.873,9.467,20.696,34.499
2025_10_ATL_IND,IND,ATL,Daniel Jones,00-0035710,QB,tgt,0.0,0.0,0.0,0.0,0.0,0.0
2025_10_ATL_IND,IND,ATL,Daniel Jones,00-0035710,QB,rec,0.0,0.0,0.0,0.0,0.0,0.0
2025_10_ATL_IND,IND,ATL,Daniel Jones,00-0035710,QB,rec_yds,0.004,0.0,0.0,0.0,0.0,0.0
2025_10_ATL_IND,IND,ATL,Daniel Jones,00-0035710,QB,anytime_td,0.304,0.0,0.0,0.0,1.0,1.0
2025_10_ATL_IND,IND,ATL,Alec Pierce,00-0037664,WR,car,0.011,0.0,0.0,0.0,0.0,0.0
2025_10_ATL_IND,IND,ATL,Alec Pierce,00-0037664,WR,rush_yds,0.054,0.0,0.0,0.0,0.0,0.0
2025_10_ATL_IND,IND,ATL,Alec Pierce,00-0037664,WR,tgt,6.172,2.0,4.0,6.0,8.0,10.0
2025_10_ATL_IND,IND,ATL,Alec Pierce,00-0037664,WR,rec,3.642,1.0,2.0,3.0,5.0,7.0
2025_10_ATL_IND,IND,ATL,Alec Pierce,00-0037664,WR,rec_yds,60.232,10.114,27.079,51.546,83.101,121.152
2025_10_ATL_IND,IND,ATL,Alec Pierce,00-0037664,WR,anytime_td,0.155,0.0,0.0,0.0,0.0,1.0
2025_10_ATL_IND,IND,ATL,Jonathan Taylor,00-0036223,RB,car,17.516,10.0,13.0,17.0,22.0,26.0
2025_10_ATL_IND,IND,ATL,Jonathan Taylor,00-0036223,RB,rush_yds,84.878,32.831,51.851,77.506,110.015,146.196
2025_10_ATL_IND,IND,ATL,Jonathan Taylor,00-0036223,RB,tgt,2.877,0.0,1.0,3.0,4.0,6.0
2025_10_ATL_IND,IND,ATL,Jonathan Taylor,00-0036223,RB,rec,2.429,0.0,1.0,2.0,3.0,5.0
2025_10_ATL_IND,IND,ATL,Jonathan Taylor,00-0036223,RB,rec_yds,18.796,0.0,4.221,13.501,27.421,45.456
2025_10_ATL_IND,IND,ATL,Jonathan Taylor,00-0036223,RB,anytime_td,0.605,0.0,0.0,1.0,1.0,1.0
2025_10_ATL_IND,IND,ATL,Tyler Warren,00-0040128,TE,car,0.305,0.0,0.0,0.0,0.0,1.0
2025_10_ATL_IND,IND,ATL,Tyler Warren,00-0040128,TE,rush_yds,0.617,0.0,0.0,0.0,0.0,1.309
2025_10_ATL_IND,IND,ATL,Tyler Warren,00-0040128,TE,tgt,5.418,2.0,3.0,5.0,7.0,9.0
2025_10_ATL_IND,IND,ATL,Tyler Warren,00-0040128,TE,rec,4.046,1.0,2.0,4.0,5.0,7.0
2025_10_ATL_IND,IND,ATL,Tyler Warren,00-0040128,TE,rec_yds,45.659,9.907,21.671,40.325,64.393,88.959
2025_10_ATL_IND,IND,ATL,Tyler Warren,00-0040128,TE,anytime_td,0.332,0.0,0.0,0.0,1.0,1.0
2025_10_ATL_IND,IND,ATL,Michael Pittman,00-0036252,WR,car,0.008,0.0,0.0,0.0,0.0,0.0
2025_10_ATL_IND,IND,ATL,Michael Pittman,00-0036252,WR,rush_yds,0.036,0.0,0.0,0.0,0.0,0.0
2025_10_ATL_IND,IND,ATL,Michael Pittman,00-0036252,WR,tgt,7.45,3.0,5.0,7.0,10.0,12.0
2025_10_ATL_IND,IND,ATL,Michael Pittman,00-0036252,WR,rec,5.379,2.0,3.0,5.0,7.0,9.0
2025_10_ATL_IND,IND,ATL,Michael Pittman,00-0036252,WR,rec_yds,64.821,18.777,35.406,59.144,88.199,117.262
2025_10_ATL_IND,IND,ATL,Michael Pittman,00-0036252,WR,anytime_td,0.394,0.0,0.0,0.0,1.0,1.0
2025_10_ATL_IND,IND,ATL,Josh Downs,00-0038997,WR,car,0.011,0.0,0.0,0.0,0.0,0.0
2025_10_ATL_IND,IND,ATL,Josh Downs,00-0038997,WR,rush_yds,0.068,0.0,0.0,0.0,0.0,0.0
2025_10_ATL_IND,IND,ATL,Josh Downs,00-0038997,WR,tgt,5.823,2.0,4.0,5.0,8.0,10.0
2025_10_ATL_IND,IND,ATL,Josh Downs,00-0038997,WR,rec,4.129,1.0,2.0,4.0,6.0,7.0
2025_10_ATL_IND,IND,ATL,Josh Downs,00-0038997,WR,rec_yds,46.737,9.615,22.019,40.836,65.087,92.12
2025_10_ATL_IND,IND,ATL,Josh Downs,00-0038997,WR,anytime_td,0.346,0.0,0.0,0.0,1.0,1.0
2025_10_ATL_IND,IND,ATL,Mo Alie-Cox,00-0033217,TE,car,0.002,0.0,0.0,0.0,0.0,0.0
2025_10_ATL_IND,IND,ATL,Mo Alie-Cox,00-0033217,TE,rush_yds,0.005,0.0,0.0,0.0,0.0,0.0
2025_10_ATL_IND,IND,ATL,Mo Alie-Cox,00-0033217,TE,tgt,0.824,0.0,0.0,0.0,1.0,2.0
2025_10_ATL_IND,IND,ATL,Mo Alie-Cox,00-0033217,TE,rec,0.582,0.0,0.0,0.0,1.0,2.0
2025_10_ATL_IND,IND,ATL,Mo Alie-Cox,00-0033217,TE,rec_yds,6.176,0.0,0.0,0.0,8.572,20.568
2025_10_ATL_IND,IND,ATL,Mo Alie-Cox,00-0033217,TE,anytime_td,0.013,0.0,0.0,0.0,0.0,0.0
2025_10_ATL_IND,IND,ATL,Ashton Dulin,00-0035021,WR,car,0.183,0.0,0.0,0.0,0.0,0.0
2025_10_ATL_IND,IND,ATL,Ashton Dulin,00-0035021,WR,rush_yds,0.996,0.0,0.0,0.0,0.0,0.0
2025_10_ATL_IND,IND,ATL,Ashton Dulin,00-0035021,WR,tgt,0.884,0.0,0.0,0.0,1.0,2.0
2025_10_ATL_IND,IND,ATL,Ashton Dulin,00-0035021,WR,rec,0.562,0.0,0.0,0.0,1.0,2.0
2025_10_ATL_IND,IND,ATL,Ashton Dulin,00-0035021,WR,rec_yds,7.376,0.0,0.0,0.0,9.461,24.745
2025_10_ATL_IND,IND,ATL,Ashton Dulin,00-0035021,WR,anytime_td,0.015,0.0,0.0,0.0,0.0,0.0
2025_10_ATL_IND,IND,ATL,Ameer Abdullah,00-0032104,RB,car,2.937,0.0,1.0,2.0,4.0,7.0
2025_10_ATL_IND,IND,ATL,Ameer Abdullah,00-0032104,RB,rush_yds,12.067,0.0,0.0,6.333,17.446,32.355
2025_10_ATL_IND,IND,ATL,Ameer Abdullah,00-0032104,RB,tgt,1.307,0.0,0.0,1.0,2.0,3.0
2025_10_ATL_IND,IND,ATL,Ameer Abdullah,00-0032104,RB,rec,1.074,0.0,0.0,1.0,2.0,3.0
2025_10_ATL_IND,IND,ATL,Ameer Abdullah,00-0032104,RB,rec_yds,7.946,0.0,0.0,2.058,11.721,24.544
2025_10_ATL_IND,IND,ATL,Ameer Abdullah,00-0032104,RB,anytime_td,0.168,0.0,0.0,0.0,0.0,1.0
2025_10_ATL_IND,IND,ATL,Tyler Goodson,00-0037120,RB,car,1.412,0.0,0.0,1.0,2.0,4.0
2025_10_ATL_IND,IND,ATL,Tyler Goodson,00-0037120,RB,rush_yds,5.74,0.0,0.0,0.0,6.831,17.752
2025_10_ATL_IND,IND,ATL,Tyler Goodson,00-0037120,RB,tgt,0.857,0.0,0.0,0.0,1.0,2.0
2025_10_ATL_IND,IND,ATL,Tyler Goodson,00-0037120,RB,rec,0.669,0.0,0.0,0.0,1.0,2.0
2025_10_ATL_IND,IND,ATL,Tyler Goodson,00-0037120,RB,rec_yds,4.785,0.0,0.0,0.0,6.741,16.008
2025_10_ATL_IND,IND,ATL,Tyler Goodson,00-0037120,RB,anytime_td,0.076,0.0,0.0,0.0,0.0,0.0
2025_10_ATL_IND,ATL,IND,Michael Penix Jr.,00-0039917,QB,att,32.514,22.0,28.0,33.0,39.0,44.0
2025_10_ATL_IND,ATL,IND,Michael Penix Jr.,00-0039917,QB,cmp,21.081,13.0,18.0,21.0,25.0,29.0
2025_10_ATL_IND,ATL,IND,Michael Penix Jr.,00-0039917,QB,pass_yds,223.816,135.826,180.418,225.552,270.364,317.363
2025_10_ATL_IND,ATL,IND,Michael Penix Jr.,00-0039917,QB,pass_td,1.254,0.0,0.0,1.0,2.0,3.0
2025_10_ATL_IND,ATL,IND,Michael Penix Jr.,00-0039917,QB,ints,0.751,0.0,0.0,1.0,1.0,2.0
2025_10_ATL_IND,ATL,IND,Michael Penix Jr.,00-0039917,QB,car,2.219,0.0,1.0,2.0,3.0,5.0
2025_10_ATL_IND,ATL,IND,Michael Penix Jr.,00-0039917,QB,rush_yds,11.093,-0.058,0.0,7.539,16.962,28.27
2025_10_ATL_IND,ATL,IND,Michael Penix Jr.,00-0039917,QB,tgt,0.001,0.0,0.0,0.0,0.0,0.0
2025_10_ATL_IND,ATL,IND,Michael Penix Jr.,00-0039917,QB,rec,0.001,0.0,0.0,0.0,0.0,0.0
2025_10_ATL_IND,ATL,IND,Michael Penix Jr.,00-0039917,QB,rec_yds,0.001,0.0,0.0,0.0,0.0,0.0
2025_10_ATL_IND,ATL,IND,Michael Penix Jr.,00-0039917,QB,anytime_td,0.103,0.0,0.0,0.0,0.0,1.0
2025_10_ATL_IND,ATL,IND,Drake London,00-0037238,WR,car,0.023,0.0,0.0,0.0,0.0,0.0
2025_10_ATL_IND,ATL,IND,Drake London,00-0037238,WR,rush_yds,0.101,0.0,0.0,0.0,0.0,0.0
2025_10_ATL_IND,ATL,IND,Drake London,00-0037238,WR,tgt,10.43,5.0,7.0,10.0,13.0,16.0
2025_10_ATL_IND,ATL,IND,Drake London,00-0037238,WR,rec,6.518,3.0,4.0,6.0,8.0,10.0
2025_10_ATL_IND,ATL,IND,Drake London,00-0037238,WR,rec_yds,80.042,28.656,48.522,74.657,106.605,137.169
2025_10_ATL_IND,ATL,IND,Drake London,00-0037238,WR,anytime_td,0.494,0.0,0.0,0.0,1.0,1.0
2025_10_ATL_IND,ATL,IND,Kyle Pitts,00-0036970,TE,car,0.003,0.0,0.0,0.0,0.0,0.0
2025_10_ATL_IND,ATL,IND,Kyle Pitts,00-0036970,TE,rush_yds,0.011,0.0,0.0,0.0,0.0,0.0
2025_10_ATL_IND,ATL,IND,Kyle Pitts,00-0036970,TE,tgt,6.386,3.0,4.0,6.0,8.0,11.0
2025_10_ATL_IND,ATL,IND,Kyle Pitts,00-0036970,TE,rec,4.83,2.0,3.0,5.0,6.0,8.0
2025_10_ATL_IND,ATL,IND,Kyle Pitts,00-0036970,TE,rec_yds,44.197,11.123,23.013,40.451,60.348,81.555
2025_10_ATL_IND,ATL,IND,Kyle Pitts,00-0036970,TE,anytime_td,0.193,0.0,0.0,0.0,0.0,1.0
2025_10_ATL_IND,ATL,IND,Darnell Mooney,00-0036309,WR,car,0.009,0.0,0.0,0.0,0.0,0.0
2025_10_ATL_IND,ATL,IND,Darnell Mooney,00-0036309,WR,rush_yds,0.049,0.0,0.0,0.0,0.0,0.0
2025_10_ATL_IND,ATL,IND,Darnell Mooney,00-0036309,WR,tgt,4.457,1.0,2.0,4.0,6.0,8.0
2025_10_ATL_IND,ATL,IND,Darnell Mooney,00-0036309,WR,rec,2.582,0.0,1.0,2.0,4.0,5.0
2025_10_ATL_IND,ATL,IND,Darnell Mooney,00-0036309,WR,rec_yds,33.009,0.0,10.717,26.534,47.861,72.893
2025_10_ATL_IND,ATL,IND,Darnell Mooney,00-0036309,WR,anytime_td,0.102,0.0,0.0,0.0,0.0,1.0
2025_10_ATL_IND,ATL,IND,Bijan Robinson,00-0038542,RB,car,14.873,7.0,11.0,14.0,19.0,23.0
2025_10_ATL_IND,ATL,IND,Bijan Robinson,00-0038542,RB,rush_yds,63.621,21.92,36.606,57.936,82.819,112.143
2025_10_ATL_IND,ATL,IND,Bijan Robinson,00-0038542,RB,tgt,5.966,2.0,4.0,6.0,8.0,10.0
2025_10_ATL_IND,ATL,IND,Bijan Robinson,00-0038542,RB,rec,4.736,2.0,3.0,4.0,6.0,8.0
2025_10_ATL_IND,ATL,IND,Bijan Robinson,00-0038542,RB,rec_yds,39.466,7.16,17.797,33.648,55.3,79.614
2025_10_ATL_IND,ATL,IND,Bijan Robinson,00-0038542,RB,anytime_td,0.477,0.0,0.0,0.0,1.0,1.0
2025_10_ATL_IND,ATL,IND,David Sills,00-0035359,WR,car,0.008,0.0,0.0,0.0,0.0,0.0
2025_10_ATL_IND,ATL,IND,David Sills,00-0035359,WR,rush_yds,0.045,0.0,0.0,0.0,0.0,0.0
2025_10_ATL_IND,ATL,IND,David Sills,00-0035359,WR,tgt,0.946,0.0,0.0,1.0,1.0,3.0
2025_10_ATL_IND,ATL,IND,David Sills,00-0035359,WR,rec,0.589,0.0,0.0,0.0,1.0,2.0
2025_10_ATL_IND,ATL,IND,David Sills,00-0035359,WR,rec_yds,6.741,0.0,0.0,0.0,8.961,22.707
2025_10_ATL_IND,ATL,IND,David Sills,00-0035359,WR,anytime_td,0.011,0.0,0.0,0.0,0.0,0.0
2025_10_ATL_IND,ATL,IND,Tyler Allgeier,00-0037263,RB,car,7.101,2.0,4.0,6.0,10.0,13.0
2025_10_ATL_IND,ATL,IND,Tyler Allgeier,00-0037263,RB,rush_yds,25.722,3.514,9.753,20.7,36.053,54.71
2025_10_ATL_IND,ATL,IND,Tyler Allgeier,00-0037263,RB,tgt,0.778,0.0,0.0,0.0,1.0,2.0
2025_10_ATL_IND,ATL,IND,Tyler Allgeier,00-0037263,RB,rec,0.63,0.0,0.0,0.0,1.0,2.0
2025_10_ATL_IND,ATL,IND,Tyler Allgeier,00-0037263,RB,rec_yds,4.368,0.0,0.0,0.0,5.589,14.926
2025_10_ATL_IND,ATL,IND,Tyler Allgeier,00-0037263,RB,anytime_td,0.301,0.0,0.0,0.0,1.0,1.0
2025_10_ATL_IND,ATL,IND,KhaDarel Hodge,00-0034854,WR,car,0.009,0.0,0.0,0.0,0.0,0.0
2025_10_ATL_IND,ATL,IND,KhaDarel Hodge,00-0034854,WR,rush_yds,0.055,0.0,0.0,0.0,0.0,0.0
2025_10_ATL_IND,ATL,IND,KhaDarel Hodge,00-0034854,WR,tgt,1.479,0.0,0.0,1.0,2.0,4.0
2025_10_ATL_IND,ATL,IND,KhaDarel Hodge,00-0034854,WR,rec,0.89,0.0,0.0,1.0,1.0,2.0
2025_10_ATL_IND,ATL,IND,KhaDarel Hodge,00-0034854,WR,rec_yds,10.442,0.0,0.0,2.615,15.716,30.448
2025_10_ATL_IND,ATL,IND,KhaDarel Hodge,00-0034854,WR,anytime_td,0.032,0.0,0.0,0.0,0.0,0.0
2025_10_ATL_IND,ATL,IND,Casey Washington,00-0039394,WR,car,0.012,0.0,0.0,0.0,0.0,0.0
2025_10_ATL_IND,ATL,IND,Casey Washington,00-0039394,WR,rush_yds,0.04,0.0,0.0,0.0,0.0,0.0
2025_10_ATL_IND,ATL,IND,Casey Washington,00-0039394,WR,tgt,2.304,0.0,1.0,2.0,3.0,5.0
2025_10_ATL_IND,ATL,IND,Casey Washington,00-0039394,WR,rec,1.368,0.0,0.0,1.0,2.0,3.0
2025_10_ATL_IND,ATL,IND,Casey Washington,00-0039394,WR,rec_yds,17.072,0.0,0.0,10.421,25.864,45.242
2025_10_ATL_IND,ATL,IND,Casey Washington,00-0039394,WR,anytime_td,0.052,0.0,0.0,0.0,0.0,0.0
2025_10_BAL_MIN,MIN,BAL,J.J. McCarthy,00-0039923,QB,att,31.045,21.0,27.0,32.0,37.0,41.0
2025_10_BAL_MIN,MIN,BAL,J.J. McCarthy,00-0039923,QB,cmp,20.434,13.0,17.0,21.0,25.0,28.0
2025_10_BAL_MIN,MIN,BAL,J.J. McCarthy,00-0039923,QB,pass_yds,217.041,132.919,173.746,218.111,262.961,308.41
2025_10_BAL_MIN,MIN,BAL,J.J. McCarthy,00-0039923,QB,pass_td,1.462,0.0,1.0,1.0,2.0,3.0
2025_10_BAL_MIN,MIN,BAL,J.J. McCarthy,00-0039923,QB,ints,0.736,0.0,0.0,0.0,1.0,2.0
2025_10_BAL_MIN,MIN,BAL,J.J. McCarthy,00-0039923,QB,car,4.279,1.0,2.0,4.0,6.0,8.0
2025_10_BAL_MIN,MIN,BAL,J.J. McCarthy,00-0039923,QB,rush_yds,19.955,0.0,6.086,16.185,29.136,43.75
2025_10_BAL_MIN,MIN,BAL,J.J. McCarthy,00-0039923,QB,tgt,0.0,0.0,0.0,0.0,0.0,0.0
2025_10_BAL_MIN,MIN,BAL,J.J. McCarthy,00-0039923,QB,rec,0.0,0.0,0.0,0.0,0.0,0.0
2025_10_BAL_MIN,MIN,BAL,J.J. McCarthy,00-0039923,QB,rec_yds,0.0,0.0,0.0,0.0,0.0,0.0
2025_10_BAL_MIN,MIN,BAL,J.J. McCarthy,00-0039923,QB,anytime_td,0.251,0.0,0.0,0.0,1.0,1.0
2025_10_BAL_MIN,MIN,BAL,Justin Jefferson,00-0036322,WR,car,0.072,0.0,0.0,0.0,0.0,0.0
2025_10_BAL_MIN,MIN,BAL,Justin Jefferson,00-0036322,WR,rush_yds,0.439,0.0,0.0,0.0,0.0,0.0
2025_10_BAL_MIN,MIN,BAL,Justin Jefferson,00-0036322,WR,tgt,9.142,5.0,6.0,9.0,11.0,14.0
2025_10_BAL_MIN,MIN,BAL,Justin Jefferson,00-0036322,WR,rec,6.03,3.0,4.0,6.0,8.0,10.0
2025_10_BAL_MIN,MIN,BAL,Justin Jefferson,00-0036322,WR,rec_yds,73.545,25.213,43.341,67.568,98.116,128.196
2025_10_BAL_MIN,MIN,BAL,Justin Jefferson,00-0036322,WR,anytime_td,0.298,0.0,0.0,0.0,1.0,1.0
2025_10_BAL_MIN,MIN,BAL,Jordan Addison,00-0038994,WR,car,0.195,0.0,0.0,0.0,0.0,0.0
2025_10_BAL_MIN,MIN,BAL,Jordan Addison,00-0038994,WR,rush_yds,1.056,0.0,0.0,0.0,0.0,0.0
2025_10_BAL_MIN,MIN,BAL,Jordan Addison,00-0038994,WR,tgt,6.07,2.0,4.0,6.0,8.0,10.0
2025_10_BAL_MIN,MIN,BAL,Jordan Addison,00-0038994,WR,rec,3.989,1.0,2.0,4.0,5.0,7.0
2025_10_BAL_MIN,MIN,BAL,Jordan Addison,00-0038994,WR,rec_yds,50.293,10.119,23.372,44.48,70.141,98.42
2025_10_BAL_MIN,MIN,BAL,Jordan Addison,00-0038994,WR,anytime_td,0.303,0.0,0.0,0.0,1.0,1.0
2025_10_BAL_MIN,MIN,BAL,T.J. Hockenson,00-0035229,TE,car,0.003,0.0,0.0,0.0,0.0,0.0
2025_10_BAL_MIN,MIN,BAL,T.J. Hockenson,00-0035229,TE,rush_yds,0.019,0.0,0.0,0.0,0.0,0.0
2025_10_BAL_MIN,MIN,BAL,T.J. Hockenson,00-0035229,TE,tgt,4.813,1.0,3.0,4.0,6.0,8.0
2025_10_BAL_MIN,MIN,BAL,T.J. Hockenson,00-0035229,TE,rec,3.552,1.0,2.0,3.0,5.0,7.0
2025_10_BAL_MIN,MIN,BAL,T.J. Hockenson,00-0035229,TE,rec_yds,32.302,4.983,13.607,27.686,46.113,66.332
2025_10_BAL_MIN,MIN,BAL,T.J. Hockenson,00-0035229,TE,anytime_td,0.233,0.0,0.0,0.0,0.0,1.0
2025_10_BAL_MIN,MIN,BAL,Aaron Jones,00-0033293,RB,car,8.481,3.0,5.0,8.0,11.0,15.0
2025_10_BAL_MIN,MIN,BAL,Aaron Jones,00-0033293,RB,rush_yds,37.274,7.405,16.106,30.743,51.567,75.685
2025_10_BAL_MIN,MIN,BAL,Aaron Jones,00-0033293,RB,tgt,3.284,1.0,2.0,3.0,5.0,6.0
2025_10_BAL_MIN,MIN,BAL,Aaron Jones,00-0033293,RB,rec,2.539,0.0,1.0,2.0,4.0,5.0
2025_10_BAL_MIN,MIN,BAL,Aaron Jones,00-0033293,RB,rec_yds,18.634,0.0,4.417,13.859,27.466,44.407
2025_10_BAL_MIN,MIN,BAL,Aaron Jones,00-0033293,RB,anytime_td,0.3,0.0,0.0,0.0,1.0,1.0
2025_10_BAL_MIN,MIN,BAL,Jalen Nailor,00-0037291,WR,car,0.119,0.0,0.0,0.0,0.0,0.0
2025_10_BAL_MIN,MIN,BAL,Jalen Nailor,00-0037291,WR,rush_yds,0.601,0.0,0.0,0.0,0.0,0.0
2025_10_BAL_MIN,MIN,BAL,Jalen Nailor,00-0037291,WR,tgt,3.516,1.0,2.0,3.0,5.0,7.0
2025_10_BAL_MIN,MIN,BAL,Jalen Nailor,00-0037291,WR,rec,2.093,0.0,1.0,2.0,3.0,4.0
2025_10_BAL_MIN,MIN,BAL,Jalen Nailor,00-0037291,WR,rec_yds,24.734,0.0,6.322,18.815,36.125,58.118
2025_10_BAL_MIN,MIN,BAL,Jalen Nailor,00-0037291,WR,anytime_td,0.162,0.0,0.0,0.0,0.0,1.0
2025_10_BAL_MIN,MIN,BAL,Jordan Mason,00-0037525,RB,car,10.23,4.0,6.0,10.0,13.0,17.0
2025_10_BAL_MIN,MIN,BAL,Jordan Mason,00-0037525,RB,rush_yds,42.342,10.534,19.789,36.271,56.995,82.215
2025_10_BAL_MIN,MIN,BAL,Jordan Mason,00-0037525,RB,tgt,1.473,0.0,0.0,1.0,2.0,4.0
2025_10_BAL_MIN,MIN,BAL,Jordan Mason,00-0037525,RB,rec,1.21,0.0,0.0,1.0,2.0,3.0
2025_10_BAL_MIN,MIN,BAL,Jordan Mason,00-0037525,RB,rec_yds,7.579,0.0,0.0,3.396,11.179,21.983
2025_10_BAL_MIN,MIN,BAL,Jordan Mason,00-0037525,RB,anytime_td,0.254,0.0,0.0,0.0,1.0,1.0
2025_10_BAL_MIN,MIN,BAL,Ben Yurosek,00-0040509,TE,car,0.007,0.0,0.0,0.0,0.0,0.0
2025_10_BAL_MIN,MIN,BAL,Ben Yurosek,00-0040509,TE,rush_yds,0.011,0.0,0.0,0.0,0.0,0.0
2025_10_BAL_MIN,MIN,BAL,Ben Yurosek,00-0040509,TE,tgt,0.527,0.0,0.0,0.0,1.0,2.0
2025_10_BAL_MIN,MIN,BAL,Ben Yurosek,00-0040509,TE,rec,0.379,0.0,0.0,0.0,1.0,1.0
2025_10_BAL_MIN,MIN,BAL,Ben Yurosek,00-0040509,TE,rec_yds,3.572,0.0,0.0,0.0,1.968,13.802
2025_10_BAL_MIN,MIN,BAL,Ben Yurosek,00-0040509,TE,anytime_td,0.008,0.0,0.0,0.0,0.0,0.0
2025_10_BAL_MIN,MIN,BAL,Adam Thielen,00-0030035,WR,car,0.008,0.0,0.0,0.0,0.0,0.0
2025_10_BAL_MIN,MIN,BAL,Adam Thielen,00-0030035,WR,rush_yds,0.055,0.0,0.0,0.0,0.0,0.0
2025_10_BAL_MIN,MIN,BAL,Adam Thielen,00-0030035,WR,tgt,2.026,0.0,1.0,2.0,3.0,4.0
2025_10_BAL_MIN,MIN,BAL,Adam Thielen,00-0030035,WR,rec,1.286,0.0,0.0,1.0,2.0,3.0
2025_10_BAL_MIN,MIN,BAL,Adam Thielen,00-0030035,WR,rec_yds,14.952,0.0,0.0,8.733,22.56,40.604
2025_10_BAL_MIN,MIN,BAL,Adam Thielen,00-0030035,WR,anytime_td,0.07,0.0,0.0,0.0,0.0,0.0
2025_10_BAL_MIN,MIN,BAL,C.J. Ham,00-0032918,RB,car,0.318,0.0,0.0,0.0,0.0,1.0
2025_10_BAL_MIN,MIN,BAL,C.J. Ham,00-0032918,RB,rush_yds,1.328,0.0,0.0,0.0,0.0,3.399
2025_10_BAL_MIN,MIN,BAL,C.J. Ham,00-0032918,RB,tgt,0.518,0.0,0.0,0.0,1.0,2.0
2025_10_BAL_MIN,MIN,BAL,C.J. Ham,00-0032918,RB,rec,0.424,0.0,0.0,0.0,1.0,1.0
2025_10_BAL_MIN,MIN,BAL,C.J. Ham,00-0032918,RB,rec_yds,2.818,0.0,0.0,0.0,1.676,10.453
2025_10_BAL_MIN,MIN,BAL,C.J. Ham,00-0032918,RB,anytime_td,0.015,0.0,0.0,0.0,0.0,0.0
2025_10_BAL_MIN,BAL,MIN,Lamar Jackson,00-0034796,QB,att,26.672,17.0,22.0,27.0,32.0,37.0
2025_10_BAL_MIN,BAL,MIN,Lamar Jackson,00-0034796,QB,cmp,18.733,11.0,15.0,19.0,23.0,26.0
2025_10_BAL_MIN,BAL,MIN,Lamar Jackson,00-0034796,QB,pass_yds,221.114,127.097,175.452,222.2,270.915,318.688
2025_10_BAL_MIN,BAL,MIN,Lamar Jackson,00-0034796,QB,pass_td,1.65,0.0,1.0,2.0,2.0,3.0
2025_10_BAL_MIN,BAL,MIN,Lamar Jackson,00-0034796,QB,ints,0.505,0.0,0.0,0.0,1.0,2.0
2025_10_BAL_MIN,BAL,MIN,Lamar Jackson,00-0034796,QB,car,6.169,2.0,3.0,6.0,8.0,11.0
2025_10_BAL_MIN,BAL,MIN,Lamar Jackson,00-0034796,QB,rush_yds,29.296,2.471,11.828,24.652,41.784,60.668
2025_10_BAL_MIN,BAL,MIN,Lamar Jackson,00-0034796,QB,tgt,0.001,0.0,0.0,0.0,0.0,0.0
2025_10_BAL_MIN,BAL,MIN,Lamar Jackson,00-0034796,QB,rec,0.0,0.0,0.0,0.0,0.0,0.0
2025_10_BAL_MIN,BAL,MIN,Lamar Jackson,00-0034796,QB,rec_yds,0.001,0.0,0.0,0.0,0.0,0.0
2025_10_BAL_MIN,BAL,MIN,Lamar Jackson,00-0034796,QB,anytime_td,0.237,0.0,0.0,0.0,0.0,1.0
2025_10_BAL_MIN,BAL,MIN,Zay Flowers,00-0039064,WR,car,0.359,0.0,0.0,0.0,0.0,1.0
2025_10_BAL_MIN,BAL,MIN,Zay Flowers,00-0039064,WR,rush_yds,1.978,0.0,0.0,0.0,0.0,4.919
2025_10_BAL_MIN,BAL,MIN,Zay Flowers,00-0039064,WR,tgt,7.132,3.0,5.0,7.0,9.0,11.0
2025_10_BAL_MIN,BAL,MIN,Zay Flowers,00-0039064,WR,rec,5.196,2.0,3.0,5.0,7.0,9.0
2025_10_BAL_MIN,BAL,MIN,Zay Flowers,00-0039064,WR,rec_yds,69.268,20.453,38.455,62.392,92.967,126.848
2025_10_BAL_MIN,BAL,MIN,Zay Flowers,00-0039064,WR,anytime_td,0.174,0.0,0.0,0.0,0.0,1.0
2025_10_BAL_MIN,BAL,MIN,Derrick Henry,00-0032764,RB,car,16.258,8.0,12.0,16.0,20.0,25.0
2025_10_BAL_MIN,BAL,MIN,Derrick Henry,00-0032764,RB,rush_yds,77.279,28.454,46.153,69.276,100.223,137.268
2025_10_BAL_MIN,BAL,MIN,Derrick Henry,00-0032764,RB,tgt,1.352,0.0,0.0,1.0,2.0,3.0
2025_10_BAL_MIN,BAL,MIN,Derrick Henry,00-0032764,RB,rec,1.055,0.0,0.0,1.0,2.0,3.0
2025_10_BAL_MIN,BAL,MIN,Derrick Henry,00-0032764,RB,rec_yds,8.54,0.0,0.0,2.528,12.295,25.819
2025_10_BAL_MIN,BAL,MIN,Derrick Henry,00-0032764,RB,anytime_td,0.535,0.0,0.0,1.0,1.0,1.0
2025_10_BAL_MIN,BAL,MIN,Mark Andrews,00-0034753,TE,car,0.833,0.0,0.0,0.0,1.0,3.0
2025_10_BAL_MIN,BAL,MIN,Mark Andrews,00-0034753,TE,rush_yds,2.027,0.0,0.0,0.0,0.979,7.136
2025_10_BAL_MIN,BAL,MIN,Mark Andrews,00-0034753,TE,tgt,4.33,1.0,2.0,4.0,6.0,8.0
2025_10_BAL_MIN,BAL,MIN,Mark Andrews,00-0034753,TE,rec,3.33,1.0,2.0,3.0,5.0,6.0
2025_10_BAL_MIN,BAL,MIN,Mark Andrews,00-0034753,TE,rec_yds,36.451,5.463,15.389,31.401,52.179,73.94
2025_10_BAL_MIN,BAL,MIN,Mark Andrews,00-0034753,TE,anytime_td,0.369,0.0,0.0,0.0,1.0,1.0
2025_10_BAL_MIN,BAL,MIN,Rashod Bateman,00-0036550,WR,car,0.011,0.0,0.0,0.0,0.0,0.0
2025_10_BAL_MIN,BAL,MIN,Rashod Bateman,00-0036550,WR,rush_yds,0.041,0.0,0.0,0.0,0.0,0.0
2025_10_BAL_MIN,BAL,MIN,Rashod Bateman,00-0036550,WR,tgt,3.758,1.0,2.0,3.0,5.0,7.0
2025_10_BAL_MIN,BAL,MIN,Rashod Bateman,00-0036550,WR,rec,2.355,0.0,1.0,2.0,3.0,5.0
2025_10_BAL_MIN,BAL,MIN,Rashod Bateman,00-0036550,WR,rec_yds,32.983,0.0,9.602,25.346,48.692,74.532
2025_10_BAL_MIN,BAL,MIN,Rashod Bateman,00-0036550,WR,anytime_td,0.267,0.0,0.0,0.0,1.0,1.0
2025_10_BAL_MIN,BAL,MIN,Isaiah Likely,00-0037838,TE,car,0.002,0.0,0.0,0.0,0.0,0.0
2025_10_BAL_MIN,BAL,MIN,Isaiah Likely,00-0037838,TE,rush_yds,0.007,0.0,0.0,0.0,0.0,0.0
2025_10_BAL_MIN,BAL,MIN,Isaiah Likely,00-0037838,TE,tgt,2.561,0.0,1.0,2.0,4.0,5.0
2025_10_BAL_MIN,BAL,MIN,Isaiah Likely,00-0037838,TE,rec,1.97,0.0,1.0,2.0,3.0,4.0
2025_10_BAL_MIN,BAL,MIN,Isaiah Likely,00-0037838,TE,rec_yds,23.385,0.0,5.375,17.654,34.609,55.572
2025_10_BAL_MIN,BAL,MIN,Isaiah Likely,00-0037838,TE,anytime_td,0.151,0.0,0.0,0.0,0.0,1.0
2025_10_BAL_MIN,BAL,MIN,Charlie Kolar,00-0038046,TE,car,0.007,0.0,0.0,0.0,0.0,0.0
2025_10_BAL_MIN,BAL,MIN,Charlie Kolar,00-0038046,TE,rush_yds,0.019,0.0,0.0,0.0,0.0,0.0
2025_10_BAL_MIN,BAL,MIN,Charlie Kolar,00-0038046,TE,tgt,1.116,0.0,0.0,1.0,2.0,3.0
2025_10_BAL_MIN,BAL,MIN,Charlie Kolar,00-0038046,TE,rec,0.819,0.0,0.0,1.0,1.0,2.0
2025_10_BAL_MIN,BAL,MIN,Charlie Kolar,00-0038046,TE,rec_yds,9.277,0.0,0.0,0.0,13.952,28.872
2025_10_BAL_MIN,BAL,MIN,Charlie Kolar,00-0038046,TE,anytime_td,0.165,0.0,0.0,0.0,0.0,1.0
2025_10_BAL_MIN,BAL,MIN,Justice Hill,00-0034975,RB,car,2.458,0.0,0.0,2.0,4.0,6.0
2025_10_BAL_MIN,BAL,MIN,Justice Hill,00-0034975,RB,rush_yds,10.941,0.0,0.0,4.727,14.849,30.149
2025_10_BAL_MIN,BAL,MIN,Justice Hill,00-0034975,RB,tgt,3.055,1.0,1.0,3.0,4.0,6.0
2025_10_BAL_MIN,BAL,MIN,Justice Hill,00-0034975,RB,rec,2.521,0.0,1.0,2.0,4.0,5.0
2025_10_BAL_MIN,BAL,MIN,Justice Hill,00-0034975,RB,rec_yds,20.454,0.0,5.064,15.43,29.942,48.292
2025_10_BAL_MIN,BAL,MIN,Justice Hill,00-0034975,RB,anytime_td,0.226,0.0,0.0,0.0,0.0,1.0
2025_10_BAL_MIN,BAL,MIN,DeAndre Hopkins,00-0030564,WR,car,0.008,0.0,0.0,0.0,0.0,0.0
2025_10_BAL_MIN,BAL,MIN,DeAndre Hopkins,00-0030564,WR,rush_yds,0.039,0.0,0.0,0.0,0.0,0.0
2025_10_BAL_MIN,BAL,MIN,DeAndre Hopkins,00-0030564,WR,tgt,2.209,0.0,1.0,2.0,3.0,5.0
2025_10_BAL_MIN,BAL,MIN,DeAndre Hopkins,00-0030564,WR,rec,1.435,0.0,0.0,1.0,2.0,3.0
2025_10_BAL_MIN,BAL,MIN,DeAndre Hopkins,00-0030564,WR,rec_yds,21.24,0.0,0.0,14.076,32.305,55.807
2025_10_BAL_MIN,BAL,MIN,DeAndre Hopkins,00-0030564,WR,anytime_td,0.153,0.0,0.0,0.0,0.0,1.0
2025_10_BAL_MIN,BAL,MIN,Tylan Wallace,00-0036630,WR,car,0.009,0.0,0.0,0.0,0.0,0.0
2025_10_BAL_MIN,BAL,MIN,Tylan Wallace,00-0036630,WR,rush_yds,0.053,0.0,0.0,0.0,0.0,0.0
2025_10_BAL_MIN,BAL,MIN,Tylan Wallace,00-0036630,WR,tgt,0.827,0.0,0.0,0.0,1.0,2.0
2025_10_BAL_MIN,BAL,MIN,Tylan Wallace,00-0036630,WR,rec,0.548,0.0,0.0,0.0,1.0,2.0
2025_10_BAL_MIN,BAL,MIN,Tylan Wallace,00-0036630,WR,rec_yds,7.508,0.0,0.0,0.0,9.965,25.484
2025_10_BAL_MIN,BAL,MIN,Tylan Wallace,00-0036630,WR,anytime_td,0.055,0.0,0.0,0.0,0.0,0.0
2025_10_BAL_MIN,BAL,MIN,Keaton Mitchell,00-0038454,RB,car,2.931,0.0,1.0,2.0,4.0,7.0
2025_10_BAL_MIN,BAL,MIN,Keaton Mitchell,00-0038454,RB,rush_yds,12.903,0.0,0.0,6.881,18.738,34.272
2025_10_BAL_MIN,BAL,MIN,Keaton Mitchell,00-0038454,RB,tgt,0.606,0.0,0.0,0.0,1.0,2.0
2025_10_BAL_MIN,BAL,MIN,Keaton Mitchell,00-0038454,RB,rec,0.496,0.0,0.0,0.0,1.0,2.0
2025_10_BAL_MIN,BAL,MIN,Keaton Mitchell,00-0038454,RB,rec_yds,4.091,0.0,0.0,0.0,4.663,13.998
2025_10_BAL_MIN,BAL,MIN,Keaton Mitchell,00-0038454,RB,anytime_td,0.069,0.0,0.0,0.0,0.0,0.0
2025_10_BUF_MIA,MIA,BUF,Tua Tagovailoa,00-0036212,QB,att,30.993,21.0,26.0,32.0,37.0,42.0
2025_10_BUF_MIA,MIA,BUF,Tua Tagovailoa,00-0036212,QB,cmp,20.161,13.0,17.0,21.0,24.0,28.0
2025_10_BUF_MIA,MIA,BUF,Tua Tagovailoa,00-0036212,QB,pass_yds,215.159,128.288,169.676,214.279,262.897,309.016
2025_10_BUF_MIA,MIA,BUF,Tua Tagovailoa,00-0036212,QB,pass_td,1.376,0.0,1.0,1.0,2.0,3.0
2025_10_BUF_MIA,MIA,BUF,Tua Tagovailoa,00-0036212,QB,ints,0.804,0.0,0.0,1.0,1.0,2.0
2025_10_BUF_MIA,MIA,BUF,Tua Tagovailoa,00-0036212,QB,car,1.865,0.0,1.0,1.0,3.0,4.0
2025_10_BUF_MIA,MIA,BUF,Tua Tagovailoa,00-0036212,QB,rush_yds,7.994,-1.0,0.0,4.535,12.136,22.631
2025_10_BUF_MIA,MIA,BUF,Tua Tagovailoa,00-0036212,QB,tgt,0.001,0.0,0.0,0.0,0.0,0.0
2025_10_BUF_MIA,MIA,BUF,Tua Tagovailoa,00-0036212,QB,rec,0.001,0.0,0.0,0.0,0.0,0.0
2025_10_BUF_MIA,MIA,BUF,Tua Tagovailoa,00-0036212,QB,rec_yds,0.009,0.0,0.0,0.0,0.0,0.0
2025_10_BUF_MIA,MIA,BUF,Tua Tagovailoa,00-0036212,QB,anytime_td,0.015,0.0,0.0,0.0,0.0,0.0
2025_10_BUF_MIA,MIA,BUF,De'Von Achane,00-0039040,RB,car,12.746,6.0,9.0,12.0,16.0,20.0
2025_10_BUF_MIA,MIA,BUF,De'Von Achane,00-0039040,RB,rush_yds,57.594,17.337,30.625,50.591,76.134,107.371
2025_10_BUF_MIA,MIA,BUF,De'Von Achane,00-0039040,RB,tgt,7.55,3.0,5.0,7.0,10.0,12.0
2025_10_BUF_MIA,MIA,BUF,De'Von Achane,00-0039040,RB,rec,5.53,2.0,4.0,5.0,7.0,9.0
2025_10_BUF_MIA,MIA,BUF,De'Von Achane,00-0039040,RB,rec_yds,38.698,10.183,19.113,34.125,53.003,74.082
2025_10_BUF_MIA,MIA,BUF,De'Von Achane,00-0039040,RB,anytime_td,0.53,0.0,0.0,1.0,1.0,1.0
2025_10_BUF_MIA,MIA,BUF,Jaylen Waddle,00-0036613,WR,car,0.042,0.0,0.0,0.0,0.0,0.0
2025_10_BUF_MIA,MIA,BUF,Jaylen Waddle,00-0036613,WR,rush_yds,0.228,0.0,0.0,0.0,0.0,0.0
2025_10_BUF_MIA,MIA,BUF,Jaylen Waddle,00-0036613,WR,tgt,7.616,3.0,5.0,7.0,10.0,12.0
2025_10_BUF_MIA,MIA,BUF,Jaylen Waddle,00-0036613,WR,rec,4.904,2.0,3.0,5.0,7.0,8.0
2025_10_BUF_MIA,MIA,BUF,Jaylen Waddle,00-0036613,WR,rec_yds,69.52,18.466,36.617,63.278,95.148,127.662
2025_10_BUF_MIA,MIA,BUF,Jaylen Waddle,00-0036613,WR,anytime_td,0.259,0.0,0.0,0.0,1.0,1.0
2025_10_BUF_MIA,MIA,BUF,Greg Dulcich,00-0037252,TE,car,0.002,0.0,0.0,0.0,0.0,0.0
2025_10_BUF_MIA,MIA,BUF,Greg Dulcich,00-0037252,TE,rush_yds,0.008,0.0,0.0,0.0,0.0,0.0
2025_10_BUF_MIA,MIA,BUF,Greg Dulcich,00-0037252,TE,tgt,2.049,0.0,1.0,2.0,3.0,5.0
2025_10_BUF_MIA,MIA,BUF,Greg Dulcich,00-0037252,TE,rec,1.497,0.0,0.0,1.0,2.0,4.0
2025_10_BUF_MIA,MIA,BUF,Greg Dulcich,00-0037252,TE,rec_yds,15.821,0.0,0.0,9.984,23.96,41.138
2025_10_BUF_MIA,MIA,BUF,Greg Dulcich,00-0037252,TE,anytime_td,0.035,0.0,0.0,0.0,0.0,0.0
2025_10_BUF_MIA,MIA,BUF,Nick Westbrook-Ikhine,00-0036182,WR,car,0.005,0.0,0.0,0.0,0.0,0.0
2025_10_BUF_MIA,MIA,BUF,Nick Westbrook-Ikhine,00-0036182,WR,rush_yds,0.028,0.0,0.0,0.0,0.0,0.0
2025_10_BUF_MIA,MIA,BUF,Nick Westbrook-Ikhine,00-0036182,WR,tgt,3.076,1.0,1.0,3.0,4.0,6.0
2025_10_BUF_MIA,MIA,BUF,Nick Westbrook-Ikhine,00-0036182,WR,rec,1.825,0.0,1.0,2.0,3.0,4.0
2025_10_BUF_MIA,MIA,BUF,Nick Westbrook-Ikhine,00-0036182,WR,rec_yds,22.823,0.0,3.862,16.496,34.548,54.592
2025_10_BUF_MIA,MIA,BUF,Nick Westbrook-Ikhine,00-0036182,WR,anytime_td,0.074,0.0,0.0,0.0,0.0,0.0
2025_10_BUF_MIA,MIA,BUF,Malik Washington,00-0039880,WR,car,1.034,0.0,0.0,0.0,1.0,3.0
2025_10_BUF_MIA,MIA,BUF,Malik Washington,00-0039880,WR,rush_yds,5.377,0.0,0.0,0.0,5.964,18.995
2025_10_BUF_MIA,MIA,BUF,Malik Washington,00-0039880,WR,tgt,5.291,2.0,3.0,5.0,7.0,9.0
2025_10_BUF_MIA,MIA,BUF,Malik Washington,00-0039880,WR,rec,3.5,1.0,2.0,3.0,5.0,6.0
2025_10_BUF_MIA,MIA,BUF,Malik Washington,00-0039880,WR,rec_yds,38.997,6.515,16.786,33.688,54.977,79.414
2025_10_BUF_MIA,MIA,BUF,Malik Washington,00-0039880,WR,anytime_td,0.171,0.0,0.0,0.0,0.0,1.0
2025_10_BUF_MIA,MIA,BUF,Alec Ingold,00-0035125,RB,car,0.366,0.0,0.0,0.0,0.0,1.0
2025_10_BUF_MIA,MIA,BUF,Alec Ingold,00-0035125,RB,rush_yds,1.502,0.0,0.0,0.0,0.0,4.015
2025_10_BUF_MIA,MIA,BUF,Alec Ingold,00-0035125,RB,tgt,0.821,0.0,0.0,0.0,1.0,2.0
2025_10_BUF_MIA,MIA,BUF,Alec Ingold,00-0035125,RB,rec,0.625,0.0,0.0,0.0,1.0,2.0
2025_10_BUF_MIA,MIA,BUF,Alec Ingold,00-0035125,RB,rec_yds,4.842,0.0,0.0,0.0,6.494,16.176
2025_10_BUF_MIA,MIA,BUF,Alec Ingold,00-0035125,RB,anytime_td,0.019,0.0,0.0,0.0,0.0,0.0
2025_10_BUF_MIA,MIA,BUF,Cedrick Wilson Jr.,00-0034418,WR,car,0.011,0.0,0.0,0.0,0.0,0.0
2025_10_BUF_MIA,MIA,BUF,Cedrick Wilson Jr.,00-0034418,WR,rush_yds,0.071,0.0,0.0,0.0,0.0,0.0
2025_10_BUF_MIA,MIA,BUF,Cedrick Wilson Jr.,00-0034418,WR,tgt,1.947,0.0,1.0,2.0,3.0,4.0
2025_10_BUF_MIA,MIA,BUF,Cedrick Wilson Jr.,00-0034418,WR,rec,1.263,0.0,0.0,1.0,2.0,3.0
2025_10_BUF_MIA,MIA,BUF,Cedrick Wilson Jr.,00-0034418,WR,rec_yds,15.943,0.0,0.0,8.95,24.465,43.412
2025_10_BUF_MIA,MIA,BUF,Cedrick Wilson Jr.,00-0034418,WR,anytime_td,0.047,0.0,0.0,0.0,0.0,0.0
2025_10_BUF_MIA,MIA,BUF,Jaylen Wright,00-0039874,RB,car,3.508,0.0,1.0,3.0,5.0,8.0
2025_10_BUF_MIA,MIA,BUF,Jaylen Wright,00-0039874,RB,rush_yds,13.698,0.0,1.758,8.312,19.424,34.903
2025_10_BUF_MIA,MIA,BUF,Jaylen Wright,00-0039874,RB,tgt,0.682,0.0,0.0,0.0,1.0,2.0
2025_10_BUF_MIA,MIA,BUF,Jaylen Wright,00-0039874,RB,rec,0.524,0.0,0.0,0.0,1.0,2.0
2025_10_BUF_MIA,MIA,BUF,Jaylen Wright,00-0039874,RB,rec_yds,3.873,0.0,0.0,0.0,4.253,13.307
2025_10_BUF_MIA,MIA,BUF,Jaylen Wright,00-0039874,RB,anytime_td,0.087,0.0,0.0,0.0,0.0,0.0
2025_10_BUF_MIA,MIA,BUF,Tahj Washington,00-0039884,WR,car,0.027,0.0,0.0,0.0,0.0,0.0
2025_10_BUF_MIA,MIA,BUF,Tahj Washington,00-0039884,WR,rush_yds,0.136,0.0,0.0,0.0,0.0,0.0
2025_10_BUF_MIA,MIA,BUF,Tahj Washington,00-0039884,WR,tgt,1.283,0.0,0.0,1.0,2.0,3.0
2025_10_BUF_MIA,MIA,BUF,Tahj Washington,00-0039884,WR,rec,0.776,0.0,0.0,0.0,1.0,2.0
2025_10_BUF_MIA,MIA,BUF,Tahj Washington,00-0039884,WR,rec_yds,10.326,0.0,0.0,0.0,15.323,31.667
2025_10_BUF_MIA,MIA,BUF,Tahj Washington,00-0039884,WR,anytime_td,0.026,0.0,0.0,0.0,0.0,0.0
2025_10_BUF_MIA,MIA,BUF,Ollie Gordon II,00-0040198,RB,car,4.356,1.0,2.0,4.0,6.0,9.0
2025_10_BUF_MIA,MIA,BUF,Ollie Gordon II,00-0040198,RB,rush_yds,16.95,0.0,3.48,11.474,24.054,41.397
2025_10_BUF_MIA,MIA,BUF,Ollie Gordon II,00-0040198,RB,tgt,1.161,0.0,0.0,1.0,2.0,3.0
2025_10_BUF_MIA,MIA,BUF,Ollie Gordon II,00-0040198,RB,rec,0.881,0.0,0.0,1.0,1.0,2.0
2025_10_BUF_MIA,MIA,BUF,Ollie Gordon II,00-0040198,RB,rec_yds,6.721,0.0,0.0,0.0,9.516,21.196
2025_10_BUF_MIA,MIA,BUF,Ollie Gordon II,00-0040198,RB,anytime_td,0.232,0.0,0.0,0.0,0.0,1.0
2025_10_BUF_MIA,BUF,MIA,Josh Allen,00-0034857,QB,att,27.526,18.0,23.0,28.0,33.0,37.0
2025_10_BUF_MIA,BUF,MIA,Josh Allen,00-0034857,QB,cmp,19.935,12.0,16.0,20.0,24.0,28.0
2025_10_BUF_MIA,BUF,MIA,Josh Allen,00-0034857,QB,pass_yds,230.911,139.942,185.414,231.695,281.63,328.56
2025_10_BUF_MIA,BUF,MIA,Josh Allen,00-0034857,QB,pass_td,1.725,0.0,1.0,2.0,2.0,3.0
2025_10_BUF_MIA,BUF,MIA,Josh Allen,00-0034857,QB,ints,0.471,0.0,0.0,0.0,1.0,1.0
2025_10_BUF_MIA,BUF,MIA,Josh Allen,00-0034857,QB,car,6.254,2.0,4.0,6.0,8.0,11.0
2025_10_BUF_MIA,BUF,MIA,Josh Allen,00-0034857,QB,rush_yds,29.202,3.219,11.97,24.754,41.694,61.173
2025_10_BUF_MIA,BUF,MIA,Josh Allen,00-0034857,QB,tgt,0.0,0.0,0.0,0.0,0.0,0.0
2025_10_BUF_MIA,BUF,MIA,Josh Allen,00-0034857,QB,rec,0.0,0.0,0.0,0.0,0.0,0.0
2025_10_BUF_MIA,BUF,MIA,Josh Allen,00-0034857,QB,rec_yds,0.0,0.0,0.0,0.0,0.0,0.0
2025_10_BUF_MIA,BUF,MIA,Josh Allen,00-0034857,QB,anytime_td,0.508,0.0,0.0,1.0,1.0,1.0
2025_10_BUF_MIA,BUF,MIA,Dawson Knox,00-0035689,TE,car,0.002,0.0,0.0,0.0,0.0,0.0
2025_10_BUF_MIA,BUF,MIA,Dawson Knox,00-0035689,TE,rush_yds,0.006,0.0,0.0,0.0,0.0,0.0
2025_10_BUF_MIA,BUF,MIA,Dawson Knox,00-0035689,TE,tgt,1.786,0.0,1.0,1.0,3.0,4.0
2025_10_BUF_MIA,BUF,MIA,Dawson Knox,00-0035689,TE,rec,1.38,0.0,0.0,1.0,2.0,3.0
2025_10_BUF_MIA,BUF,MIA,Dawson Knox,00-0035689,TE,rec_yds,15.854,0.0,0.0,9.603,23.984,41.908
2025_10_BUF_MIA,BUF,MIA,Dawson Knox,00-0035689,TE,anytime_td,0.128,0.0,0.0,0.0,0.0,1.0
2025_10_BUF_MIA,BUF,MIA,Khalil Shakir,00-0037261,WR,car,0.11,0.0,0.0,0.0,0.0,0.0
2025_10_BUF_MIA,BUF,MIA,Khalil Shakir,00-0037261,WR,rush_yds,0.609,0.0,0.0,0.0,0.0,0.0
2025_10_BUF_MIA,BUF,MIA,Khalil Shakir,00-0037261,WR,tgt,6.394,3.0,4.0,6.0,8.0,11.0
2025_10_BUF_MIA,BUF,MIA,Khalil Shakir,00-0037261,WR,rec,4.905,2.0,3.0,5.0,6.0,8.0
2025_10_BUF_MIA,BUF,MIA,Khalil Shakir,00-0037261,WR,rec_yds,58.12,14.905,30.44,51.963,79.336,109.354
2025_10_BUF_MIA,BUF,MIA,Khalil Shakir,00-0037261,WR,anytime_td,0.314,0.0,0.0,0.0,1.0,1.0
2025_10_BUF_MIA,BUF,MIA,Keon Coleman,00-0039901,WR,car,0.025,0.0,0.0,0.0,0.0,0.0
2025_10_BUF_MIA,BUF,MIA,Keon Coleman,00-0039901,WR,rush_yds,0.168,0.0,0.0,0.0,0.0,0.0
2025_10_BUF_MIA,BUF,MIA,Keon Coleman,00-0039901,WR,tgt,4.624,1.0,3.0,4.0,6.0,8.0
2025_10_BUF_MIA,BUF,MIA,Keon Coleman,00-0039901,WR,rec,3.252,1.0,2.0,3.0,4.0,6.0
2025_10_BUF_MIA,BUF,MIA,Keon Coleman,00-0039901,WR,rec_yds,39.056,4.964,15.292,33.288,56.61,80.057
2025_10_BUF_MIA,BUF,MIA,Keon Coleman,00-0039901,WR,anytime_td,0.23,0.0,0.0,0.0,0.0,1.0
2025_10_BUF_MIA,BUF,MIA,James Cook,00-0037248,RB,car,17.585,9.0,13.0,17.0,22.0,27.0
2025_10_BUF_MIA,BUF,MIA,James Cook,00-0037248,RB,rush_yds,93.482,37.105,55.937,85.626,121.665,160.604
2025_10_BUF_MIA,BUF,MIA,James Cook,00-0037248,RB,tgt,1.631,0.0,0.0,1.0,2.0,4.0
2025_10_BUF_MIA,BUF,MIA,James Cook,00-0037248,RB,rec,1.407,0.0,0.0,1.0,2.0,3.0
2025_10_BUF_MIA,BUF,MIA,James Cook,00-0037248,RB,rec_yds,10.831,0.0,0.0,5.679,16.134,30.237
2025_10_BUF_MIA,BUF,MIA,James Cook,00-0037248,RB,anytime_td,0.469,0.0,0.0,0.0,1.0,1.0
2025_10_BUF_MIA,BUF,MIA,Jackson Hawes,00-0040194,TE,car,0.001,0.0,0.0,0.0,0.0,0.0
2025_10_BUF_MIA,BUF,MIA,Jackson Hawes,00-0040194,TE,rush_yds,0.007,0.0,0.0,0.0,0.0,0.0
2025_10_BUF_MIA,BUF,MIA,Jackson Hawes,00-0040194,TE,tgt,1.353,0.0,0.0,1.0,2.0,3.0
2025_10_BUF_MIA,BUF,MIA,Jackson Hawes,00-0040194,TE,rec,1.042,0.0,0.0,1.0,2.0,3.0
2025_10_BUF_MIA,BUF,MIA,Jackson Hawes,00-0040194,TE,rec_yds,11.563,0.0,0.0,5.532,18.066,32.92
2025_10_BUF_MIA,BUF,MIA,Jackson Hawes,00-0040194,TE,anytime_td,0.102,0.0,0.0,0.0,0.0,1.0
2025_10_BUF_MIA,BUF,MIA,Ty Johnson,00-0035537,RB,car,2.528,0.0,0.0,2.0,4.0,6.0
2025_10_BUF_MIA,BUF,MIA,Ty Johnson,00-0035537,RB,rush_yds,11.186,0.0,0.0,4.843,15.632,31.26
2025_10_BUF_MIA,BUF,MIA,Ty Johnson,00-0035537,RB,tgt,1.232,0.0,0.0,1.0,2.0,3.0
2025_10_BUF_MIA,BUF,MIA,Ty Johnson,00-0035537,RB,rec,1.009,0.0,0.0,1.0,2.0,3.0
2025_10_BUF_MIA,BUF,MIA,Ty Johnson,00-0035537,RB,rec_yds,7.75,0.0,0.0,2.031,11.302,23.61
2025_10_BUF_MIA,BUF,MIA,Ty Johnson,00-0035537,RB,anytime_td,0.156,0.0,0.0,0.0,0.0,1.0
2025_10_BUF_MIA,BUF,MIA,Elijah Moore,00-0036980,WR,car,0.453,0.0,0.0,0.0,0.0,2.0
2025_10_BUF_MIA,BUF,MIA,Elijah Moore,00-0036980,WR,rush_yds,2.63,0.0,0.0,0.0,0.0,7.642
2025_10_BUF_MIA,BUF,MIA,Elijah Moore,00-0036980,WR,tgt,2.348,0.0,1.0,2.0,3.0,5.0
2025_10_BUF_MIA,BUF,MIA,Elijah Moore,00-0036980,WR,rec,1.499,0.0,0.0,1.0,2.0,3.0
2025_10_BUF_MIA,BUF,MIA,Elijah Moore,00-0036980,WR,rec_yds,20.135,0.0,0.0,13.229,30.855,51.745
2025_10_BUF_MIA,BUF,MIA,Elijah Moore,00-0036980,WR,anytime_td,0.092,0.0,0.0,0.0,0.0,0.0
2025_10_BUF_MIA,BUF,MIA,Tyrell Shavers,00-0038679,WR,car,0.011,0.0,0.0,0.0,0.0,0.0
2025_10_BUF_MIA,BUF,MIA,Tyrell Shavers,00-0038679,WR,rush_yds,0.076,0.0,0.0,0.0,0.0,0.0
2025_10_BUF_MIA,BUF,MIA,Tyrell Shavers,00-0038679,WR,tgt,1.435,0.0,0.0,1.0,2.0,3.0
2025_10_BUF_MIA,BUF,MIA,Tyrell Shavers,00-0038679,WR,rec,0.986,0.0,0.0,1.0,2.0,3.0
2025_10_BUF_MIA,BUF,MIA,Tyrell Shavers,00-0038679,WR,rec_yds,12.738,0.0,0.0,5.229,19.432,37.827
2025_10_BUF_MIA,BUF,MIA,Tyrell Shavers,00-0038679,WR,anytime_td,0.044,0.0,0.0,0.0,0.0,0.0
2025_10_BUF_MIA,BUF,MIA,Curtis Samuel,00-0033282,WR,car,0.072,0.0,0.0,0.0,0.0,0.0
2025_10_BUF_MIA,BUF,MIA,Curtis Samuel,00-0033282,WR,rush_yds,0.451,0.0,0.0,0.0,0.0,0.0
2025_10_BUF_MIA,BUF,MIA,Curtis Samuel,00-0033282,WR,tgt,1.925,0.0,1.0,2.0,3.0,4.0
2025_10_BUF_MIA,BUF,MIA,Curtis Samuel,00-0033282,WR,rec,1.371,0.0,0.0,1.0,2.0,3.0
2025_10_BUF_MIA,BUF,MIA,Curtis Samuel,00-0033282,WR,rec_yds,17.08,0.0,0.0,10.098,25.818,45.375
2025_10_BUF_MIA,BUF,MIA,Curtis Samuel,00-0033282,WR,anytime_td,0.193,0.0,0.0,0.0,0.0,1.0
2025_10_BUF_MIA,BUF,MIA,Dalton Kincaid,00-0038933,TE,car,0.004,0.0,0.0,0.0,0.0,0.0
2025_10_BUF_MIA,BUF,MIA,Dalton Kincaid,00-0038933,TE,rush_yds,0.009,0.0,0.0,0.0,0.0,0.0
2025_10_BUF_MIA,BUF,MIA,Dalton Kincaid,00-0038933,TE,tgt,4.778,2.0,3.0,4.0,6.0,8.0
2025_10_BUF_MIA,BUF,MIA,Dalton Kincaid,00-0038933,TE,rec,3.845,1.0,2.0,4.0,5.0,7.0
2025_10_BUF_MIA,BUF,MIA,Dalton Kincaid,00-0038933,TE,rec_yds,49.148,9.713,23.021,42.885,67.923,97.203
2025_10_BUF_MIA,BUF,MIA,Dalton Kincaid,00-0038933,TE,anytime_td,0.34,0.0,0.0,0.0,1.0,1.0
2025_10_BUF_MIA,BUF,MIA,Ray Davis,00-0039875,RB,car,3.044,0.0,1.0,2.0,4.0,7.0
2025_10_BUF_MIA,BUF,MIA,Ray Davis,00-0039875,RB,rush_yds,12.474,0.0,0.0,6.895,17.915,33.135
2025_10_BUF_MIA,BUF,MIA,Ray Davis,00-0039875,RB,tgt,0.706,0.0,0.0,0.0,1.0,2.0
2025_10_BUF_MIA,BUF,MIA,Ray Davis,00-0039875,RB,rec,0.59,0.0,0.0,0.0,1.0,2.0
2025_10_BUF_MIA,BUF,MIA,Ray Davis,00-0039875,RB,rec_yds,4.552,0.0,0.0,0.0,5.751,15.724
2025_10_BUF_MIA,BUF,MIA,Ray Davis,00-0039875,RB,anytime_td,0.149,0.0,0.0,0.0,0.0,1.0
2025_10_CLE_NYJ,NYJ,CLE,Mason Taylor,00-0040736,TE,car,0.002,0.0,0.0,0.0,0.0,0.0
2025_10_CLE_NYJ,NYJ,CLE,Mason Taylor,00-0040736,TE,rush_yds,0.004,0.0,0.0,0.0,0.0,0.0
2025_10_CLE_NYJ,NYJ,CLE,Mason Taylor,00-0040736,TE,tgt,5.121,2.0,3.0,5.0,7.0,9.0
2025_10_CLE_NYJ,NYJ,CLE,Mason Taylor,00-0040736,TE,rec,3.491,1.0,2.0,3.0,5.0,6.0
2025_10_CLE_NYJ,NYJ,CLE,Mason Taylor,00-0040736,TE,rec_yds,33.572,5.758,15.033,29.894,47.313,65.85
2025_10_CLE_NYJ,NYJ,CLE,Mason Taylor,00-0040736,TE,anytime_td,0.208,0.0,0.0,0.0,0.0,1.0
2025_10_CLE_NYJ,NYJ,CLE,Breece Hall,00-0038120,RB,car,19.135,11.0,14.0,19.0,23.0,28.0
2025_10_CLE_NYJ,NYJ,CLE,Breece Hall,00-0038120,RB,rush_yds,78.444,32.507,48.709,71.801,101.659,132.099
2025_10_CLE_NYJ,NYJ,CLE,Breece Hall,00-0038120,RB,tgt,3.217,1.0,2.0,3.0,4.0,6.0
2025_10_CLE_NYJ,NYJ,CLE,Breece Hall,00-0038120,RB,rec,2.361,0.0,1.0,2.0,3.0,5.0
2025_10_CLE_NYJ,NYJ,CLE,Breece Hall,00-0038120,RB,rec_yds,18.094,0.0,4.325,13.656,26.413,42.907
2025_10_CLE_NYJ,NYJ,CLE,Breece Hall,00-0038120,RB,anytime_td,0.35,0.0,0.0,0.0,1.0,1.0
2025_10_CLE_NYJ,NYJ,CLE,Arian Smith,00-0040582,WR,car,0.116,0.0,0.0,0.0,0.0,0.0
2025_10_CLE_NYJ,NYJ,CLE,Arian Smith,00-0040582,WR,rush_yds,0.557,0.0,0.0,0.0,0.0,0.0
2025_10_CLE_NYJ,NYJ,CLE,Arian Smith,00-0040582,WR,tgt,1.291,0.0,0.0,1.0,2.0,3.0
2025_10_CLE_NYJ,NYJ,CLE,Arian Smith,00-0040582,WR,rec,0.797,0.0,0.0,0.0,1.0,2.0
2025_10_CLE_NYJ,NYJ,CLE,Arian Smith,00-0040582,WR,rec_yds,9.832,0.0,0.0,0.0,14.82,29.498
2025_10_CLE_NYJ,NYJ,CLE,Arian Smith,00-0040582,WR,anytime_td,0.02,0.0,0.0,0.0,0.0,0.0
2025_10_CLE_NYJ,NYJ,CLE,Tyler Johnson,00-0036427,WR,car,0.01,0.0,0.0,0.0,0.0,0.0
2025_10_CLE_NYJ,NYJ,CLE,Tyler Johnson,00-0036427,WR,rush_yds,0.072,0.0,0.0,0.0,0.0,0.0
2025_10_CLE_NYJ,NYJ,CLE,Tyler Johnson,00-0036427,WR,tgt,2.268,0.0,1.0,2.0,3.0,5.0
2025_10_CLE_NYJ,NYJ,CLE,Tyler Johnson,00-0036427,WR,rec,1.395,0.0,0.0,1.0,2.0,3.0
2025_10_CLE_NYJ,NYJ,CLE,Tyler Johnson,00-0036427,WR,rec_yds,19.225,0.0,0.0,12.036,29.644,50.935
2025_10_CLE_NYJ,NYJ,CLE,Tyler Johnson,00-0036427,WR,anytime_td,0.125,0.0,0.0,0.0,0.0,1.0
2025_10_CLE_NYJ,NYJ,CLE,Jeremy Ruckert,00-0037805,TE,car,0.003,0.0,0.0,0.0,0.0,0.0
2025_10_CLE_NYJ,NYJ,CLE,Jeremy Ruckert,00-0037805,TE,rush_yds,0.005,0.0,0.0,0.0,0.0,0.0
2025_10_CLE_NYJ,NYJ,CLE,Jeremy Ruckert,00-0037805,TE,tgt,1.178,0.0,0.0,1.0,2.0,3.0
2025_10_CLE_NYJ,NYJ,CLE,Jeremy Ruckert,00-0037805,TE,rec,0.837,0.0,0.0,1.0,1.0,2.0
2025_10_CLE_NYJ,NYJ,CLE,Jeremy Ruckert,00-0037805,TE,rec_yds,8.76,0.0,0.0,0.929,13.194,26.777
2025_10_CLE_NYJ,NYJ,CLE,Jeremy Ruckert,00-0037805,TE,anytime_td,0.053,0.0,0.0,0.0,0.0,0.0
2025_10_CLE_NYJ,NYJ,CLE,Isaiah Williams,00-0039451,WR,car,0.416,0.0,0.0,0.0,0.0,1.0
2025_10_CLE_NYJ,NYJ,CLE,Isaiah Williams,00-0039451,WR,rush_yds,2.04,0.0,0.0,0.0,0.0,5.768
2025_10_CLE_NYJ,NYJ,CLE,Isaiah Williams,00-0039451,WR,tgt,1.38,0.0,0.0,1.0,2.0,3.0
2025_10_CLE_NYJ,NYJ,CLE,Isaiah Williams,00-0039451,WR,rec,0.872,0.0,0.0,1.0,1.0,2.0
2025_10_CLE_NYJ,NYJ,CLE,Isaiah Williams,00-0039451,WR,rec_yds,10.841,0.0,0.0,2.815,16.405,32.786
2025_10_CLE_NYJ,NYJ,CLE,Isaiah Williams,00-0039451,WR,anytime_td,0.027,0.0,0.0,0.0,0.0,0.0
2025_10_CLE_NYJ,NYJ,CLE,Garrett Wilson,00-0037740,WR,car,0.061,0.0,0.0,0.0,0.0,0.0
2025_10_CLE_NYJ,NYJ,CLE,Garrett Wilson,00-0037740,WR,rush_yds,0.295,0.0,0.0,0.0,0.0,0.0
2025_10_CLE_NYJ,NYJ,CLE,Garrett Wilson,00-0037740,WR,tgt,8.194,4.0,6.0,8.0,10.0,13.0
2025_10_CLE_NYJ,NYJ,CLE,Garrett Wilson,00-0037740,WR,rec,5.068,2.0,3.0,5.0,7.0,9.0
2025_10_CLE_NYJ,NYJ,CLE,Garrett Wilson,00-0037740,WR,rec_yds,59.004,17.882,32.387,53.602,80.321,107.023
2025_10_CLE_NYJ,NYJ,CLE,Garrett Wilson,00-0037740,WR,anytime_td,0.338,0.0,0.0,0.0,1.0,1.0
2025_10_CLE_NYJ,NYJ,CLE,Isaiah Davis,00-0039798,RB,car,3.856,0.0,1.0,3.0,6.0,9.0
2025_10_CLE_NYJ,NYJ,CLE,Isaiah Davis,00-0039798,RB,rush_yds,15.972,0.0,2.474,9.816,22.839,41.254
2025_10_CLE_NYJ,NYJ,CLE,Isaiah Davis,00-0039798,RB,tgt,2.309,0.0,1.0,2.0,3.0,5.0
2025_10_CLE_NYJ,NYJ,CLE,Isaiah Davis,00-0039798,RB,rec,1.746,0.0,1.0,1.0,3.0,4.0
2025_10_CLE_NYJ,NYJ,CLE,Isaiah Davis,00-0039798,RB,rec_yds,13.57,0.0,0.0,8.799,20.414,35.249
2025_10_CLE_NYJ,NYJ,CLE,Isaiah Davis,00-0039798,RB,anytime_td,0.089,0.0,0.0,0.0,0.0,0.0
2025_10_CLE_NYJ,NYJ,CLE,Andrew Beck,00-0034959,RB,car,0.373,0.0,0.0,0.0,0.0,1.0
2025_10_CLE_NYJ,NYJ,CLE,Andrew Beck,00-0034959,RB,rush_yds,1.41,0.0,0.0,0.0,0.0,3.506
2025_10_CLE_NYJ,NYJ,CLE,Andrew Beck,00-0034959,RB,tgt,0.592,0.0,0.0,0.0,1.0,2.0
2025_10_CLE_NYJ,NYJ,CLE,Andrew Beck,00-0034959,RB,rec,0.445,0.0,0.0,0.0,1.0,1.0
2025_10_CLE_NYJ,NYJ,CLE,Andrew Beck,00-0034959,RB,rec_yds,3.343,0.0,0.0,0.0,2.924,12.145
2025_10_CLE_NYJ,NYJ,CLE,Andrew Beck,00-0034959,RB,anytime_td,0.054,0.0,0.0,0.0,0.0,0.0
2025_10_CLE_NYJ,NYJ,CLE,John Metchie III,00-0037614,WR,car,0.018,0.0,0.0,0.0,0.0,0.0
2025_10_CLE_NYJ,NYJ,CLE,John Metchie III,00-0037614,WR,rush_yds,0.094,0.0,0.0,0.0,0.0,0.0
2025_10_CLE_NYJ,NYJ,CLE,John Metchie III,00-0037614,WR,tgt,1.046,0.0,0.0,1.0,2.0,3.0
2025_10_CLE_NYJ,NYJ,CLE,John Metchie III,00-0037614,WR,rec,0.657,0.0,0.0,0.0,1.0,2.0
2025_10_CLE_NYJ,NYJ,CLE,John Metchie III,00-0037614,WR,rec_yds,7.988,0.0,0.0,0.0,11.201,26.008
2025_10_CLE_NYJ,NYJ,CLE,John Metchie III,00-0037614,WR,anytime_td,0.018,0.0,0.0,0.0,0.0,0.0
2025_10_CLE_NYJ,NYJ,CLE,Stone Smartt,00-0037475,TE,car,0.001,0.0,0.0,0.0,0.0,0.0
2025_10_CLE_NYJ,NYJ,CLE,Stone Smartt,00-0037475,TE,rush_yds,0.002,0.0,0.0,0.0,0.0,0.0
2025_10_CLE_NYJ,NYJ,CLE,Stone Smartt,00-0037475,TE,tgt,0.853,0.0,0.0,0.0,1.0,2.0
2025_10_CLE_NYJ,NYJ,CLE,Stone Smartt,00-0037475,TE,rec,0.602,0.0,0.0,0.0,1.0,2.0
2025_10_CLE_NYJ,NYJ,CLE,Stone Smartt,00-0037475,TE,rec_yds,6.529,0.0,0.0,0.0,9.209,21.676
2025_10_CLE_NYJ,NYJ,CLE,Stone Smartt,00-0037475,TE,anytime_td,0.021,0.0,0.0,0.0,0.0,0.0
2025_10_CLE_NYJ,NYJ,CLE,Tyrod Taylor,00-0028118,QB,att,26.914,18.0,23.0,27.0,32.0,36.0
2025_10_CLE_NYJ,NYJ,CLE,Tyrod Taylor,00-0028118,QB,cmp,17.219,11.0,14.0,17.0,21.0,24.0
2025_10_CLE_NYJ,NYJ,CLE,Tyrod Taylor,00-0028118,QB,pass_yds,179.632,106.088,140.485,178.39,219.957,260.495
2025_10_CLE_NYJ,NYJ,CLE,Tyrod Taylor,00-0028118,QB,pass_td,1.115,0.0,0.0,1.0,2.0,2.0
2025_10_CLE_NYJ,NYJ,CLE,Tyrod Taylor,00-0028118,QB,ints,0.621,0.0,0.0,0.0,1.0,2.0
2025_10_CLE_NYJ,NYJ,CLE,Tyrod Taylor,00-0028118,QB,car,4.293,1.0,3.0,4.0,6.0,8.0
2025_10_CLE_NYJ,NYJ,CLE,Tyrod Taylor,00-0028118,QB,rush_yds,23.314,2.686,9.385,19.708,33.529,47.863
2025_10_CLE_NYJ,NYJ,CLE,Tyrod Taylor,00-0028118,QB,tgt,0.0,0.0,0.0,0.0,0.0,0.0
2025_10_CLE_NYJ,NYJ,CLE,Tyrod Taylor,00-0028118,QB,rec,0.0,0.0,0.0,0.0,0.0,0.0
2025_10_CLE_NYJ,NYJ,CLE,Tyrod Taylor,00-0028118,QB,rec_yds,0.001,0.0,0.0,0.0,0.0,0.0
2025_10_CLE_NYJ,NYJ,CLE,Tyrod Taylor,00-0028118,QB,anytime_td,0.018,0.0,0.0,0.0,0.0,0.0
2025_10_CLE_NYJ,CLE,NYJ,Dillon Gabriel,00-0040704,QB,att,30.756,21.0,26.0,31.0,36.0,41.0
2025_10_CLE_NYJ,CLE,NYJ,Dillon Gabriel,00-0040704,QB,cmp,19.1,12.0,16.0,19.0,23.0,27.0
2025_10_CLE_NYJ,CLE,NYJ,Dillon Gabriel,00-0040704,QB,pass_yds,198.354,121.785,158.651,197.711,242.098,282.147
2025_10_CLE_NYJ,CLE,NYJ,Dillon Gabriel,00-0040704,QB,pass_td,1.218,0.0,0.0,1.0,2.0,3.0
2025_10_CLE_NYJ,CLE,NYJ,Dillon Gabriel,00-0040704,QB,ints,0.589,0.0,0.0,0.0,1.0,2.0
2025_10_CLE_NYJ,CLE,NYJ,Dillon Gabriel,00-0040704,QB,car,2.333,0.0,1.0,2.0,3.0,5.0
2025_10_CLE_NYJ,CLE,NYJ,Dillon Gabriel,00-0040704,QB,rush_yds,9.906,-1.0,0.0,5.904,15.745,27.522
2025_10_CLE_NYJ,CLE,NYJ,Dillon Gabriel,00-0040704,QB,tgt,0.001,0.0,0.0,0.0,0.0,0.0
2025_10_CLE_NYJ,CLE,NYJ,Dillon Gabriel,00-0040704,QB,rec,0.0,0.0,0.0,0.0,0.0,0.0
2025_10_CLE_NYJ,CLE,NYJ,Dillon Gabriel,00-0040704,QB,rec_yds,0.003,0.0,0.0,0.0,0.0,0.0
2025_10_CLE_NYJ,CLE,NYJ,Dillon Gabriel,00-0040704,QB,anytime_td,0.006,0.0,0.0,0.0,0.0,0.0
2025_10_CLE_NYJ,CLE,NYJ,Jerry Jeudy,00-0036407,WR,car,0.007,0.0,0.0,0.0,0.0,0.0
2025_10_CLE_NYJ,CLE,NYJ,Jerry Jeudy,00-0036407,WR,rush_yds,0.044,0.0,0.0,0.0,0.0,0.0
2025_10_CLE_NYJ,CLE,NYJ,Jerry Jeudy,00-0036407,WR,tgt,5.932,2.0,4.0,6.0,8.0,10.0
2025_10_CLE_NYJ,CLE,NYJ,Jerry Jeudy,00-0036407,WR,rec,3.036,1.0,2.0,3.0,4.0,6.0
2025_10_CLE_NYJ,CLE,NYJ,Jerry Jeudy,00-0036407,WR,rec_yds,39.014,4.414,14.954,32.541,56.493,81.878
2025_10_CLE_NYJ,CLE,NYJ,Jerry Jeudy,00-0036407,WR,anytime_td,0.125,0.0,0.0,0.0,0.0,1.0
2025_10_CLE_NYJ,CLE,NYJ,Cedric Tillman,00-0038979,WR,car,0.037,0.0,0.0,0.0,0.0,0.0
2025_10_CLE_NYJ,CLE,NYJ,Cedric Tillman,00-0038979,WR,rush_yds,0.236,0.0,0.0,0.0,0.0,0.0
2025_10_CLE_NYJ,CLE,NYJ,Cedric Tillman,00-0038979,WR,tgt,3.964,1.0,2.0,4.0,5.0,7.0
2025_10_CLE_NYJ,CLE,NYJ,Cedric Tillman,00-0038979,WR,rec,2.289,0.0,1.0,2.0,3.0,5.0
2025_10_CLE_NYJ,CLE,NYJ,Cedric Tillman,00-0038979,WR,rec_yds,28.29,0.0,8.279,22.011,42.022,65.084
2025_10_CLE_NYJ,CLE,NYJ,Cedric Tillman,00-0038979,WR,anytime_td,0.258,0.0,0.0,0.0,1.0,1.0
2025_10_CLE_NYJ,CLE,NYJ,David Njoku,00-0033885,TE,car,0.002,0.0,0.0,0.0,0.0,0.0
2025_10_CLE_NYJ,CLE,NYJ,David Njoku,00-0033885,TE,rush_yds,0.007,0.0,0.0,0.0,0.0,0.0
2025_10_CLE_NYJ,CLE,NYJ,David Njoku,00-0033885,TE,tgt,5.181,2.0,3.0,5.0,7.0,9.0
2025_10_CLE_NYJ,CLE,NYJ,David Njoku,00-0033885,TE,rec,3.458,1.0,2.0,3.0,5.0,6.0
2025_10_CLE_NYJ,CLE,NYJ,David Njoku,00-0033885,TE,rec_yds,35.351,5.756,15.189,29.842,49.906,71.384
2025_10_CLE_NYJ,CLE,NYJ,David Njoku,00-0033885,TE,anytime_td,0.262,0.0,0.0,0.0,1.0,1.0
2025_10_CLE_NYJ,CLE,NYJ,Harold Fannin Jr.,00-0040663,TE,car,0.375,0.0,0.0,0.0,0.0,1.0
2025_10_CLE_NYJ,CLE,NYJ,Harold Fannin Jr.,00-0040663,TE,rush_yds,0.909,0.0,0.0,0.0,0.0,2.379
2025_10_CLE_NYJ,CLE,NYJ,Harold Fannin Jr.,00-0040663,TE,tgt,5.609,2.0,3.0,5.0,7.0,10.0
2025_10_CLE_NYJ,CLE,NYJ,Harold Fannin Jr.,00-0040663,TE,rec,3.933,1.0,2.0,4.0,5.0,7.0
2025_10_CLE_NYJ,CLE,NYJ,Harold Fannin Jr.,00-0040663,TE,rec_yds,41.03,7.918,19.038,36.181,57.618,81.633
2025_10_CLE_NYJ,CLE,NYJ,Harold Fannin Jr.,00-0040663,TE,anytime_td,0.247,0.0,0.0,0.0,0.0,1.0
2025_10_CLE_NYJ,CLE,NYJ,Quinshon Judkins,00-0040784,RB,car,16.704,9.0,12.0,16.0,21.0,25.0
2025_10_CLE_NYJ,CLE,NYJ,Quinshon Judkins,00-0040784,RB,rush_yds,68.077,24.874,39.662,62.113,89.641,120.313
2025_10_CLE_NYJ,CLE,NYJ,Quinshon Judkins,00-0040784,RB,tgt,1.726,0.0,0.0,1.0,3.0,4.0
2025_10_CLE_NYJ,CLE,NYJ,Quinshon Judkins,00-0040784,RB,rec,1.311,0.0,0.0,1.0,2.0,3.0
2025_10_CLE_NYJ,CLE,NYJ,Quinshon Judkins,00-0040784,RB,rec_yds,9.337,0.0,0.0,4.609,14.077,26.468
2025_10_CLE_NYJ,CLE,NYJ,Quinshon Judkins,00-0040784,RB,anytime_td,0.457,0.0,0.0,0.0,1.0,1.0
2025_10_CLE_NYJ,CLE,NYJ,Dylan Sampson,00-0040162,RB,car,3.245,0.0,1.0,2.0,5.0,8.0
2025_10_CLE_NYJ,CLE,NYJ,Dylan Sampson,00-0040162,RB,rush_yds,12.526,0.0,0.788,7.047,17.783,32.895
2025_10_CLE_NYJ,CLE,NYJ,Dylan Sampson,00-0040162,RB,tgt,2.32,0.0,1.0,2.0,3.0,5.0
2025_10_CLE_NYJ,CLE,NYJ,Dylan Sampson,00-0040162,RB,rec,1.802,0.0,1.0,1.0,3.0,4.0
2025_10_CLE_NYJ,CLE,NYJ,Dylan Sampson,00-0040162,RB,rec_yds,13.315,0.0,0.0,8.885,19.852,33.676
2025_10_CLE_NYJ,CLE,NYJ,Dylan Sampson,00-0040162,RB,anytime_td,0.151,0.0,0.0,0.0,0.0,1.0
2025_10_CLE_NYJ,CLE,NYJ,Jamari Thrash,00-0039379,WR,car,0.008,0.0,0.0,0.0,0.0,0.0
2025_10_CLE_NYJ,CLE,NYJ,Jamari Thrash,00-0039379,WR,rush_yds,0.027,0.0,0.0,0.0,0.0,0.0
2025_10_CLE_NYJ,CLE,NYJ,Jamari Thrash,00-0039379,WR,tgt,1.614,0.0,0.0,1.0,2.0,4.0
2025_10_CLE_NYJ,CLE,NYJ,Jamari Thrash,00-0039379,WR,rec,0.986,0.0,0.0,1.0,2.0,3.0
2025_10_CLE_NYJ,CLE,NYJ,Jamari Thrash,00-0039379,WR,rec_yds,12.952,0.0,0.0,5.543,19.564,37.485
2025_10_CLE_NYJ,CLE,NYJ,Jamari Thrash,00-0039379,WR,anytime_td,0.023,0.0,0.0,0.0,0.0,0.0
2025_10_CLE_NYJ,CLE,NYJ,Malachi Corley,00-0039920,WR,car,0.526,0.0,0.0,0.0,0.0,2.0
2025_10_CLE_NYJ,CLE,NYJ,Malachi Corley,00-0039920,WR,rush_yds,3.136,0.0,0.0,0.0,0.0,10.076
2025_10_CLE_NYJ,CLE,NYJ,Malachi Corley,00-0039920,WR,tgt,0.742,0.0,0.0,0.0,1.0,2.0
2025_10_CLE_NYJ,CLE,NYJ,Malachi Corley,00-0039920,WR,rec,0.465,0.0,0.0,0.0,1.0,1.0
2025_10_CLE_NYJ,CLE,NYJ,Malachi Corley,00-0039920,WR,rec_yds,5.999,0.0,0.0,0.0,6.779,21.294
2025_10_CLE_NYJ,CLE,NYJ,Malachi Corley,00-0039920,WR,anytime_td,0.02,0.0,0.0,0.0,0.0,0.0
2025_10_CLE_NYJ,CLE,NYJ,Gage Larvadain,00-0040259,WR,car,0.019,0.0,0.0,0.0,0.0,0.0
2025_10_CLE_NYJ,CLE,NYJ,Gage Larvadain,00-0040259,WR,rush_yds,0.094,0.0,0.0,0.0,0.0,0.0
2025_10_CLE_NYJ,CLE,NYJ,Gage Larvadain,00-0040259,WR,tgt,1.252,0.0,0.0,1.0,2.0,3.0
2025_10_CLE_NYJ,CLE,NYJ,Gage Larvadain,00-0040259,WR,rec,0.745,0.0,0.0,0.0,1.0,2.0
2025_10_CLE_NYJ,CLE,NYJ,Gage Larvadain,00-0040259,WR,rec_yds,9.655,0.0,0.0,0.0,14.342,31.114
2025_10_CLE_NYJ,CLE,NYJ,Gage Larvadain,00-0040259,WR,anytime_td,0.021,0.0,0.0,0.0,0.0,0.0
2025_10_CLE_NYJ,CLE,NYJ,Jerome Ford,00-0037267,RB,car,3.195,0.0,1.0,2.0,5.0,8.0
2025_10_CLE_NYJ,CLE,NYJ,Jerome Ford,00-0037267,RB,rush_yds,13.742,0.0,0.86,7.447,19.908,36.429
2025_10_CLE_NYJ,CLE,NYJ,Jerome Ford,00-0037267,RB,tgt,2.564,0.0,1.0,2.0,4.0,5.0
2025_10_CLE_NYJ,CLE,NYJ,Jerome Ford,00-0037267,RB,rec,1.979,0.0,1.0,2.0,3.0,4.0
2025_10_CLE_NYJ,CLE,NYJ,Jerome Ford,00-0037267,RB,rec_yds,13.051,0.0,0.891,8.785,19.213,33.392
2025_10_CLE_NYJ,CLE,NYJ,Jerome Ford,00-0037267,RB,anytime_td,0.12,0.0,0.0,0.0,0.0,1.0
2025_10_DET_WAS,WAS,DET,Marcus Mariota,00-0032268,QB,att,31.322,21.0,27.0,32.0,37.0,42.0
2025_10_DET_WAS,WAS,DET,Marcus Mariota,00-0032268,QB,cmp,20.0,13.0,17.0,20.0,24.0,28.0
2025_10_DET_WAS,WAS,DET,Marcus Mariota,00-0032268,QB,pass_yds,216.105,130.368,172.249,216.005,262.596,308.62
2025_10_DET_WAS,WAS,DET,Marcus Mariota,00-0032268,QB,pass_td,1.242,0.0,0.0,1.0,2.0,3.0
2025_10_DET_WAS,WAS,DET,Marcus Mariota,00-0032268,QB,ints,0.836,0.0,0.0,1.0,1.0,2.0
2025_10_DET_WAS,WAS,DET,Marcus Mariota,00-0032268,QB,car,4.229,1.0,2.0,4.0,6.0,8.0
2025_10_DET_WAS,WAS,DET,Marcus Mariota,00-0032268,QB,rush_yds,20.584,0.0,6.812,16.545,30.108,45.833
2025_10_DET_WAS,WAS,DET,Marcus Mariota,00-0032268,QB,tgt,0.0,0.0,0.0,0.0,0.0,0.0
2025_10_DET_WAS,WAS,DET,Marcus Mariota,00-0032268,QB,rec,0.0,0.0,0.0,0.0,0.0,0.0
2025_10_DET_WAS,WAS,DET,Marcus Mariota,00-0032268,QB,rec_yds,0.003,0.0,0.0,0.0,0.0,0.0
2025_10_DET_WAS,WAS,DET,Marcus Mariota,00-0032268,QB,anytime_td,0.111,0.0,0.0,0.0,0.0,1.0
2025_10_DET_WAS,WAS,DET,Zach Ertz,00-0030061,TE,car,0.001,0.0,0.0,0.0,0.0,0.0
2025_10_DET_WAS,WAS,DET,Zach Ertz,00-0030061,TE,rush_yds,0.002,0.0,0.0,0.0,0.0,0.0
2025_10_DET_WAS,WAS,DET,Zach Ertz,00-0030061,TE,tgt,6.086,2.0,4.0,6.0,8.0,10.0
2025_10_DET_WAS,WAS,DET,Zach Ertz,00-0030061,TE,rec,4.254,1.0,3.0,4.0,6.0,7.0
2025_10_DET_WAS,WAS,DET,Zach Ertz,00-0030061,TE,rec_yds,42.443,10.009,21.161,37.688,58.609,79.9
2025_10_DET_WAS,WAS,DET,Zach Ertz,00-0030061,TE,anytime_td,0.276,0.0,0.0,0.0,1.0,1.0
2025_10_DET_WAS,WAS,DET,Deebo Samuel Sr.,00-0035719,WR,car,1.229,0.0,0.0,0.0,2.0,4.0
2025_10_DET_WAS,WAS,DET,Deebo Samuel Sr.,00-0035719,WR,rush_yds,6.246,0.0,0.0,0.0,7.692,20.637
2025_10_DET_WAS,WAS,DET,Deebo Samuel Sr.,00-0035719,WR,tgt,8.103,4.0,5.0,8.0,10.0,13.0
2025_10_DET_WAS,WAS,DET,Deebo Samuel Sr.,00-0035719,WR,rec,5.447,2.0,3.0,5.0,7.0,9.0
2025_10_DET_WAS,WAS,DET,Deebo Samuel Sr.,00-0035719,WR,rec_yds,58.837,16.877,32.182,53.365,79.518,107.569
2025_10_DET_WAS,WAS,DET,Deebo Samuel Sr.,00-0035719,WR,anytime_td,0.29,0.0,0.0,0.0,1.0,1.0
2025_10_DET_WAS,WAS,DET,John Bates,00-0036628,TE,car,0.001,0.0,0.0,0.0,0.0,0.0
2025_10_DET_WAS,WAS,DET,John Bates,00-0036628,TE,rush_yds,0.001,0.0,0.0,0.0,0.0,0.0
2025_10_DET_WAS,WAS,DET,John Bates,00-0036628,TE,tgt,1.65,0.0,0.0,1.0,2.0,4.0
2025_10_DET_WAS,WAS,DET,John Bates,00-0036628,TE,rec,1.129,0.0,0.0,1.0,2.0,3.0
2025_10_DET_WAS,WAS,DET,John Bates,00-0036628,TE,rec_yds,11.669,0.0,0.0,6.08,18.075,32.281
2025_10_DET_WAS,WAS,DET,John Bates,00-0036628,TE,anytime_td,0.035,0.0,0.0,0.0,0.0,0.0
2025_10_DET_WAS,WAS,DET,Jacory Croskey-Merritt,00-0040242,RB,car,10.502,4.0,7.0,10.0,14.0,18.0
2025_10_DET_WAS,WAS,DET,Jacory Croskey-Merritt,00-0040242,RB,rush_yds,42.639,10.449,20.686,36.198,57.873,83.568
2025_10_DET_WAS,WAS,DET,Jacory Croskey-Merritt,00-0040242,RB,tgt,1.713,0.0,0.0,1.0,3.0,4.0
2025_10_DET_WAS,WAS,DET,Jacory Croskey-Merritt,00-0040242,RB,rec,1.277,0.0,0.0,1.0,2.0,3.0
2025_10_DET_WAS,WAS,DET,Jacory Croskey-Merritt,00-0040242,RB,rec_yds,9.178,0.0,0.0,4.659,13.767,26.217
2025_10_DET_WAS,WAS,DET,Jacory Croskey-Merritt,00-0040242,RB,anytime_td,0.24,0.0,0.0,0.0,0.0,1.0
2025_10_DET_WAS,WAS,DET,Treylon Burks,00-0037742,WR,car,0.174,0.0,0.0,0.0,0.0,0.0
2025_10_DET_WAS,WAS,DET,Treylon Burks,00-0037742,WR,rush_yds,0.892,0.0,0.0,0.0,0.0,0.0
2025_10_DET_WAS,WAS,DET,Treylon Burks,00-0037742,WR,tgt,2.031,0.0,1.0,2.0,3.0,4.0
2025_10_DET_WAS,WAS,DET,Treylon Burks,00-0037742,WR,rec,1.274,0.0,0.0,1.0,2.0,3.0
2025_10_DET_WAS,WAS,DET,Treylon Burks,00-0037742,WR,rec_yds,16.043,0.0,0.0,9.347,23.996,42.438
2025_10_DET_WAS,WAS,DET,Treylon Burks,00-0037742,WR,anytime_td,0.057,0.0,0.0,0.0,0.0,0.0
2025_10_DET_WAS,WAS,DET,Chris Rodriguez Jr.,00-0038611,RB,car,5.033,1.0,2.0,4.0,7.0,10.0
2025_10_DET_WAS,WAS,DET,Chris Rodriguez Jr.,00-0038611,RB,rush_yds,20.971,0.817,6.056,15.238,29.489,48.1
2025_10_DET_WAS,WAS,DET,Chris Rodriguez Jr.,00-0038611,RB,tgt,0.123,0.0,0.0,0.0,0.0,0.0
2025_10_DET_WAS,WAS,DET,Chris Rodriguez Jr.,00-0038611,RB,rec,0.097,0.0,0.0,0.0,0.0,0.0
2025_10_DET_WAS,WAS,DET,Chris Rodriguez Jr.,00-0038611,RB,rec_yds,0.694,0.0,0.0,0.0,0.0,0.0
2025_10_DET_WAS,WAS,DET,Chris Rodriguez Jr.,00-0038611,RB,anytime_td,0.19,0.0,0.0,0.0,0.0,1.0
2025_10_DET_WAS,WAS,DET,Jeremy McNichols,00-0033955,RB,car,1.88,0.0,0.0,1.0,3.0,5.0
2025_10_DET_WAS,WAS,DET,Jeremy McNichols,00-0033955,RB,rush_yds,8.323,0.0,0.0,2.803,11.019,23.983
2025_10_DET_WAS,WAS,DET,Jeremy McNichols,00-0033955,RB,tgt,2.434,0.0,1.0,2.0,4.0,5.0
2025_10_DET_WAS,WAS,DET,Jeremy McNichols,00-0033955,RB,rec,1.82,0.0,1.0,1.0,3.0,4.0
2025_10_DET_WAS,WAS,DET,Jeremy McNichols,00-0033955,RB,rec_yds,14.889,0.0,0.0,9.486,22.362,38.911
2025_10_DET_WAS,WAS,DET,Jeremy McNichols,00-0033955,RB,anytime_td,0.097,0.0,0.0,0.0,0.0,0.0
2025_10_DET_WAS,WAS,DET,Jaylin Lane,00-0040164,WR,car,0.112,0.0,0.0,0.0,0.0,0.0
2025_10_DET_WAS,WAS,DET,Jaylin Lane,00-0040164,WR,rush_yds,0.594,0.0,0.0,0.0,0.0,0.0
2025_10_DET_WAS,WAS,DET,Jaylin Lane,00-0040164,WR,tgt,4.196,1.0,2.0,4.0,6.0,8.0
2025_10_DET_WAS,WAS,DET,Jaylin Lane,00-0040164,WR,rec,2.464,0.0,1.0,2.0,3.0,5.0
2025_10_DET_WAS,WAS,DET,Jaylin Lane,00-0040164,WR,rec_yds,31.319,0.0,10.035,24.847,45.814,70.573
2025_10_DET_WAS,WAS,DET,Jaylin Lane,00-0040164,WR,anytime_td,0.057,0.0,0.0,0.0,0.0,0.0
2025_10_DET_WAS,WAS,DET,Robbie Chosen,00-0032688,WR,car,0.016,0.0,0.0,0.0,0.0,0.0
2025_10_DET_WAS,WAS,DET,Robbie Chosen,00-0032688,WR,rush_yds,0.07,0.0,0.0,0.0,0.0,0.0
2025_10_DET_WAS,WAS,DET,Robbie Chosen,00-0032688,WR,tgt,2.74,0.0,1.0,2.0,4.0,6.0
2025_10_DET_WAS,WAS,DET,Robbie Chosen,00-0032688,WR,rec,1.764,0.0,1.0,1.0,3.0,4.0
2025_10_DET_WAS,WAS,DET,Robbie Chosen,00-0032688,WR,rec_yds,21.403,0.0,1.077,15.019,32.168,53.891
2025_10_DET_WAS,WAS,DET,Robbie Chosen,00-0032688,WR,anytime_td,0.068,0.0,0.0,0.0,0.0,0.0
2025_10_DET_WAS,WAS,DET,Chris Moore,00-0032398,WR,car,0.08,0.0,0.0,0.0,0.0,0.0
2025_10_DET_WAS,WAS,DET,Chris Moore,00-0032398,WR,rush_yds,0.426,0.0,0.0,0.0,0.0,0.0
2025_10_DET_WAS,WAS,DET,Chris Moore,00-0032398,WR,tgt,2.451,0.0,1.0,2.0,4.0,5.0
2025_10_DET_WAS,WAS,DET,Chris Moore,00-0032398,WR,rec,1.437,0.0,0.0,1.0,2.0,3.0
2025_10_DET_WAS,WAS,DET,Chris Moore,00-0032398,WR,rec_yds,19.906,0.0,0.0,12.57,30.053,52.098
2025_10_DET_WAS,WAS,DET,Chris Moore,00-0032398,WR,anytime_td,0.099,0.0,0.0,0.0,0.0,0.0
2025_10_DET_WAS,DET,WAS,Jameson Williams,00-0037240,WR,car,0.334,0.0,0.0,0.0,0.0,1.0
2025_10_DET_WAS,DET,WAS,Jameson Williams,00-0037240,WR,rush_yds,1.858,0.0,0.0,0.0,0.0,3.716
2025_10_DET_WAS,DET,WAS,Jameson Williams,00-0037240,WR,tgt,4.773,2.0,3.0,4.0,6.0,8.0
2025_10_DET_WAS,DET,WAS,Jameson Williams,00-0037240,WR,rec,3.048,1.0,2.0,3.0,4.0,6.0
2025_10_DET_WAS,DET,WAS,Jameson Williams,00-0037240,WR,rec_yds,45.541,3.854,17.447,37.854,66.061,95.119
2025_10_DET_WAS,DET,WAS,Jameson Williams,00-0037240,WR,anytime_td,0.307,0.0,0.0,0.0,1.0,1.0
2025_10_DET_WAS,DET,WAS,Jared Goff,00-0033106,QB,att,29.62,19.0,25.0,30.0,35.0,40.0
2025_10_DET_WAS,DET,WAS,Jared Goff,00-0033106,QB,cmp,21.265,13.0,18.0,22.0,26.0,30.0
2025_10_DET_WAS,DET,WAS,Jared Goff,00-0033106,QB,pass_yds,250.748,154.35,201.561,251.005,304.709,354.68
2025_10_DET_WAS,DET,WAS,Jared Goff,00-0033106,QB,pass_td,1.86,0.0,1.0,2.0,3.0,3.0
2025_10_DET_WAS,DET,WAS,Jared Goff,00-0033106,QB,ints,0.541,0.0,0.0,0.0,1.0,2.0
2025_10_DET_WAS,DET,WAS,Jared Goff,00-0033106,QB,car,2.133,0.0,1.0,2.0,3.0,4.0
2025_10_DET_WAS,DET,WAS,Jared Goff,00-0033106,QB,rush_yds,5.644,-2.0,-1.0,0.0,8.771,19.441
2025_10_DET_WAS,DET,WAS,Jared Goff,00-0033106,QB,tgt,0.0,0.0,0.0,0.0,0.0,0.0
2025_10_DET_WAS,DET,WAS,Jared Goff,00-0033106,QB,rec,0.0,0.0,0.0,0.0,0.0,0.0
2025_10_DET_WAS,DET,WAS,Jared Goff,00-0033106,QB,rec_yds,0.002,0.0,0.0,0.0,0.0,0.0
2025_10_DET_WAS,DET,WAS,Jared Goff,00-0033106,QB,anytime_td,0.019,0.0,0.0,0.0,0.0,0.0
2025_10_DET_WAS,DET,WAS,Amon-Ra St. Brown,00-0036963,WR,car,0.246,0.0,0.0,0.0,0.0,1.0
2025_10_DET_WAS,DET,WAS,Amon-Ra St. Brown,00-0036963,WR,rush_yds,1.474,0.0,0.0,0.0,0.0,0.0
2025_10_DET_WAS,DET,WAS,Amon-Ra St. Brown,00-0036963,WR,tgt,9.394,5.0,7.0,9.0,12.0,15.0
2025_10_DET_WAS,DET,WAS,Amon-Ra St. Brown,00-0036963,WR,rec,7.049,3.0,5.0,7.0,9.0,11.0
2025_10_DET_WAS,DET,WAS,Amon-Ra St. Brown,00-0036963,WR,rec_yds,88.405,34.134,54.386,83.349,115.572,147.046
2025_10_DET_WAS,DET,WAS,Amon-Ra St. Brown,00-0036963,WR,anytime_td,0.478,0.0,0.0,0.0,1.0,1.0
2025_10_DET_WAS,DET,WAS,Sam LaPorta,00-0039065,TE,car,0.003,0.0,0.0,0.0,0.0,0.0
2025_10_DET_WAS,DET,WAS,Sam LaPorta,00-0039065,TE,rush_yds,0.007,0.0,0.0,0.0,0.0,0.0
2025_10_DET_WAS,DET,WAS,Sam LaPorta,00-0039065,TE,tgt,5.497,2.0,3.0,5.0,7.0,10.0
2025_10_DET_WAS,DET,WAS,Sam LaPorta,00-0039065,TE,rec,4.302,1.0,3.0,4.0,6.0,8.0
2025_10_DET_WAS,DET,WAS,Sam LaPorta,00-0039065,TE,rec_yds,52.929,12.274,26.363,47.342,73.311,101.075
2025_10_DET_WAS,DET,WAS,Sam LaPorta,00-0039065,TE,anytime_td,0.358,0.0,0.0,0.0,1.0,1.0
2025_10_DET_WAS,DET,WAS,Kalif Raymond,00-0032464,WR,car,0.094,0.0,0.0,0.0,0.0,0.0
2025_10_DET_WAS,DET,WAS,Kalif Raymond,00-0032464,WR,rush_yds,0.632,0.0,0.0,0.0,0.0,0.0
2025_10_DET_WAS,DET,WAS,Kalif Raymond,00-0032464,WR,tgt,1.707,0.0,0.0,1.0,3.0,4.0
2025_10_DET_WAS,DET,WAS,Kalif Raymond,00-0032464,WR,rec,1.137,0.0,0.0,1.0,2.0,3.0
2025_10_DET_WAS,DET,WAS,Kalif Raymond,00-0032464,WR,rec_yds,14.885,0.0,0.0,7.509,22.969,42.026
2025_10_DET_WAS,DET,WAS,Kalif Raymond,00-0032464,WR,anytime_td,0.051,0.0,0.0,0.0,0.0,0.0
2025_10_DET_WAS,DET,WAS,David Montgomery,00-0035685,RB,car,9.886,3.0,6.0,9.0,13.0,17.0
2025_10_DET_WAS,DET,WAS,David Montgomery,00-0035685,RB,rush_yds,44.197,9.122,20.315,37.368,60.449,87.255
2025_10_DET_WAS,DET,WAS,David Montgomery,00-0035685,RB,tgt,2.279,0.0,1.0,2.0,3.0,5.0
2025_10_DET_WAS,DET,WAS,David Montgomery,00-0035685,RB,rec,1.832,0.0,1.0,1.0,3.0,4.0
2025_10_DET_WAS,DET,WAS,David Montgomery,00-0035685,RB,rec_yds,15.38,0.0,0.0,9.796,23.027,39.451
2025_10_DET_WAS,DET,WAS,David Montgomery,00-0035685,RB,anytime_td,0.455,0.0,0.0,0.0,1.0,1.0
2025_10_DET_WAS,DET,WAS,Jahmyr Gibbs,00-0039139,RB,car,12.54,5.0,8.0,12.0,16.0,21.0
2025_10_DET_WAS,DET,WAS,Jahmyr Gibbs,00-0039139,RB,rush_yds,63.135,17.648,32.811,54.839,85.619,117.377
2025_10_DET_WAS,DET,WAS,Jahmyr Gibbs,00-0039139,RB,tgt,3.486,1.0,2.0,3.0,5.0,7.0
2025_10_DET_WAS,DET,WAS,Jahmyr Gibbs,00-0039139,RB,rec,2.97,1.0,1.0,3.0,4.0,6.0
2025_10_DET_WAS,DET,WAS,Jahmyr Gibbs,00-0039139,RB,rec_yds,24.808,0.0,7.23,18.976,36.633,56.687
2025_10_DET_WAS,DET,WAS,Jahmyr Gibbs,00-0039139,RB,anytime_td,0.585,0.0,0.0,1.0,1.0,1.0
2025_10_DET_WAS,DET,WAS,Brock Wright,00-0036754,TE,car,0.001,0.0,0.0,0.0,0.0,0.0
2025_10_DET_WAS,DET,WAS,Brock Wright,00-0036754,TE,rush_yds,0.002,0.0,0.0,0.0,0.0,0.0
2025_10_DET_WAS,DET,WAS,Brock Wright,00-0036754,TE,tgt,1.222,0.0,0.0,1.0,2.0,3.0
2025_10_DET_WAS,DET,WAS,Brock Wright,00-0036754,TE,rec,0.933,0.0,0.0,1.0,1.0,2.0
2025_10_DET_WAS,DET,WAS,Brock Wright,00-0036754,TE,rec_yds,10.057,0.0,0.0,2.384,15.178,30.276
2025_10_DET_WAS,DET,WAS,Brock Wright,00-0036754,TE,anytime_td,0.121,0.0,0.0,0.0,0.0,1.0
2025_10_DET_WAS,DET,WAS,Isaac TeSlaa,00-0040669,WR,car,0.003,0.0,0.0,0.0,0.0,0.0
2025_10_DET_WAS,DET,WAS,Isaac TeSlaa,00-0040669,WR,rush_yds,0.006,0.0,0.0,0.0,0.0,0.0
2025_10_DET_WAS,DET,WAS,Isaac TeSlaa,00-0040669,WR,tgt,0.809,0.0,0.0,0.0,1.0,2.0
2025_10_DET_WAS,DET,WAS,Isaac TeSlaa,00-0040669,WR,rec,0.521,0.0,0.0,0.0,1.0,2.0
2025_10_DET_WAS,DET,WAS,Isaac TeSlaa,00-0040669,WR,rec_yds,7.242,0.0,0.0,0.0,9.166,24.667
2025_10_DET_WAS,DET,WAS,Isaac TeSlaa,00-0040669,WR,anytime_td,0.092,0.0,0.0,0.0,0.0,0.0
2025_10_DET_WAS,DET,WAS,Sione Vaki,00-0039364,RB,car,0.942,0.0,0.0,0.0,1.0,3.0
2025_10_DET_WAS,DET,WAS,Sione Vaki,00-0039364,RB,rush_yds,4.317,0.0,0.0,0.0,3.912,15.514
2025_10_DET_WAS,DET,WAS,Sione Vaki,00-0039364,RB,tgt,0.439,0.0,0.0,0.0,1.0,1.0
2025_10_DET_WAS,DET,WAS,Sione Vaki,00-0039364,RB,rec,0.355,0.0,0.0,0.0,0.0,1.0
2025_10_DET_WAS,DET,WAS,Sione Vaki,00-0039364,RB,rec_yds,2.794,0.0,0.0,0.0,0.0,10.721
2025_10_DET_WAS,DET,WAS,Sione Vaki,00-0039364,RB,anytime_td,0.035,0.0,0.0,0.0,0.0,0.0
2025_10_DET_WAS,DET,WAS,Craig Reynolds,00-0035567,RB,car,2.54,0.0,0.0,2.0,4.0,7.0
2025_10_DET_WAS,DET,WAS,Craig Reynolds,00-0035567,RB,rush_yds,11.573,0.0,0.0,4.683,15.867,33.196
2025_10_DET_WAS,DET,WAS,Craig Reynolds,00-0035567,RB,tgt,0.432,0.0,0.0,0.0,1.0,1.0
2025_10_DET_WAS,DET,WAS,Craig Reynolds,00-0035567,RB,rec,0.345,0.0,0.0,0.0,0.25,1.0
2025_10_DET_WAS,DET,WAS,Craig Reynolds,00-0035567,RB,rec_yds,2.696,0.0,0.0,0.0,0.0,10.258
2025_10_DET_WAS,DET,WAS,Craig Reynolds,00-0035567,RB,anytime_td,0.049,0.0,0.0,0.0,0.0,0.0
2025_10_JAX_HOU,HOU,JAX,Davis Mills,00-0036898,QB,att,32.425,22.0,28.0,33.0,38.0,43.0
2025_10_JAX_HOU,HOU,JAX,Davis Mills,00-0036898,QB,cmp,20.669,13.0,17.0,21.0,25.0,28.0
2025_10_JAX_HOU,HOU,JAX,Davis Mills,00-0036898,QB,pass_yds,205.117,125.748,164.722,204.638,249.294,290.404
2025_10_JAX_HOU,HOU,JAX,Davis Mills,00-0036898,QB,pass_td,1.164,0.0,0.0,1.0,2.0,3.0
2025_10_JAX_HOU,HOU,JAX,Davis Mills,00-0036898,QB,ints,0.722,0.0,0.0,0.0,1.0,2.0
2025_10_JAX_HOU,HOU,JAX,Davis Mills,00-0036898,QB,car,2.822,0.0,1.0,2.0,4.0,6.0
2025_10_JAX_HOU,HOU,JAX,Davis Mills,00-0036898,QB,rush_yds,13.67,-0.015,1.954,9.846,20.662,33.478
2025_10_JAX_HOU,HOU,JAX,Davis Mills,00-0036898,QB,tgt,0.001,0.0,0.0,0.0,0.0,0.0
2025_10_JAX_HOU,HOU,JAX,Davis Mills,00-0036898,QB,rec,0.001,0.0,0.0,0.0,0.0,0.0
2025_10_JAX_HOU,HOU,JAX,Davis Mills,00-0036898,QB,rec_yds,0.002,0.0,0.0,0.0,0.0,0.0
2025_10_JAX_HOU,HOU,JAX,Davis Mills,00-0036898,QB,anytime_td,0.037,0.0,0.0,0.0,0.0,0.0
2025_10_JAX_HOU,HOU,JAX,Nico Collins,00-0036554,WR,car,0.146,0.0,0.0,0.0,0.0,0.0
2025_10_JAX_HOU,HOU,JAX,Nico Collins,00-0036554,WR,rush_yds,0.75,0.0,0.0,0.0,0.0,0.0
2025_10_JAX_HOU,HOU,JAX,Nico Collins,00-0036554,WR,tgt,7.066,3.0,5.0,7.0,9.0,12.0
2025_10_JAX_HOU,HOU,JAX,Nico Collins,00-0036554,WR,rec,4.353,1.0,3.0,4.0,6.0,8.0
2025_10_JAX_HOU,HOU,JAX,Nico Collins,00-0036554,WR,rec_yds,48.783,11.022,23.829,43.611,67.765,92.929
2025_10_JAX_HOU,HOU,JAX,Nico Collins,00-0036554,WR,anytime_td,0.257,0.0,0.0,0.0,1.0,1.0
2025_10_JAX_HOU,HOU,JAX,Woody Marks,00-0040583,RB,car,8.632,3.0,5.0,8.0,11.0,15.0
2025_10_JAX_HOU,HOU,JAX,Woody Marks,00-0040583,RB,rush_yds,32.557,6.33,13.742,26.932,44.901,66.2
2025_10_JAX_HOU,HOU,JAX,Woody Marks,00-0040583,RB,tgt,2.425,0.0,1.0,2.0,3.0,5.0
2025_10_JAX_HOU,HOU,JAX,Woody Marks,00-0040583,RB,rec,1.761,0.0,1.0,1.0,3.0,4.0
2025_10_JAX_HOU,HOU,JAX,Woody Marks,00-0040583,RB,rec_yds,13.041,0.0,0.0,8.416,19.296,34.122
2025_10_JAX_HOU,HOU,JAX,Woody Marks,00-0040583,RB,anytime_td,0.304,0.0,0.0,0.0,1.0,1.0
2025_10_JAX_HOU,HOU,JAX,Dalton Schultz,00-0034383,TE,car,0.003,0.0,0.0,0.0,0.0,0.0
2025_10_JAX_HOU,HOU,JAX,Dalton Schultz,00-0034383,TE,rush_yds,0.006,0.0,0.0,0.0,0.0,0.0
2025_10_JAX_HOU,HOU,JAX,Dalton Schultz,00-0034383,TE,tgt,5.273,2.0,3.0,5.0,7.0,9.0
2025_10_JAX_HOU,HOU,JAX,Dalton Schultz,00-0034383,TE,rec,3.923,1.0,2.0,4.0,5.0,7.0
2025_10_JAX_HOU,HOU,JAX,Dalton Schultz,00-0034383,TE,rec_yds,36.67,6.887,16.843,31.354,51.332,73.431
2025_10_JAX_HOU,HOU,JAX,Dalton Schultz,00-0034383,TE,anytime_td,0.075,0.0,0.0,0.0,0.0,0.0
2025_10_JAX_HOU,HOU,JAX,Jayden Higgins,00-0040130,WR,car,0.01,0.0,0.0,0.0,0.0,0.0
2025_10_JAX_HOU,HOU,JAX,Jayden Higgins,00-0040130,WR,rush_yds,0.042,0.0,0.0,0.0,0.0,0.0
2025_10_JAX_HOU,HOU,JAX,Jayden Higgins,00-0040130,WR,tgt,2.522,0.0,1.0,2.0,4.0,5.0
2025_10_JAX_HOU,HOU,JAX,Jayden Higgins,00-0040130,WR,rec,1.59,0.0,0.0,1.0,2.0,4.0
2025_10_JAX_HOU,HOU,JAX,Jayden Higgins,00-0040130,WR,rec_yds,16.761,0.0,0.0,11.047,25.505,42.947
2025_10_JAX_HOU,HOU,JAX,Jayden Higgins,00-0040130,WR,anytime_td,0.151,0.0,0.0,0.0,0.0,1.0
2025_10_JAX_HOU,HOU,JAX,Xavier Hutchinson,00-0038618,WR,car,0.071,0.0,0.0,0.0,0.0,0.0
2025_10_JAX_HOU,HOU,JAX,Xavier Hutchinson,00-0038618,WR,rush_yds,0.423,0.0,0.0,0.0,0.0,0.0
2025_10_JAX_HOU,HOU,JAX,Xavier Hutchinson,00-0038618,WR,tgt,3.109,1.0,1.0,3.0,4.0,6.0
2025_10_JAX_HOU,HOU,JAX,Xavier Hutchinson,00-0038618,WR,rec,2.031,0.0,1.0,2.0,3.0,4.0
2025_10_JAX_HOU,HOU,JAX,Xavier Hutchinson,00-0038618,WR,rec_yds,21.925,0.0,4.76,15.813,32.585,52.728
2025_10_JAX_HOU,HOU,JAX,Xavier Hutchinson,00-0038618,WR,anytime_td,0.202,0.0,0.0,0.0,0.0,1.0
2025_10_JAX_HOU,HOU,JAX,Christian Kirk,00-0034775,WR,car,0.007,0.0,0.0,0.0,0.0,0.0
2025_10_JAX_HOU,HOU,JAX,Christian Kirk,00-0034775,WR,rush_yds,0.036,0.0,0.0,0.0,0.0,0.0
2025_10_JAX_HOU,HOU,JAX,Christian Kirk,00-0034775,WR,tgt,5.052,2.0,3.0,5.0,7.0,9.0
2025_10_JAX_HOU,HOU,JAX,Christian Kirk,00-0034775,WR,rec,3.09,1.0,2.0,3.0,4.0,6.0
2025_10_JAX_HOU,HOU,JAX,Christian Kirk,00-0034775,WR,rec_yds,33.316,3.147,12.464,27.726,48.169,71.106
2025_10_JAX_HOU,HOU,JAX,Christian Kirk,00-0034775,WR,anytime_td,0.081,0.0,0.0,0.0,0.0,0.0
2025_10_JAX_HOU,HOU,JAX,Jaylin Noel,00-0040138,WR,car,0.433,0.0,0.0,0.0,0.0,1.0
2025_10_JAX_HOU,HOU,JAX,Jaylin Noel,00-0040138,WR,rush_yds,2.278,0.0,0.0,0.0,0.0,6.614
2025_10_JAX_HOU,HOU,JAX,Jaylin Noel,00-0040138,WR,tgt,2.291,0.0,1.0,2.0,3.0,5.0
2025_10_JAX_HOU,HOU,JAX,Jaylin Noel,00-0040138,WR,rec,1.514,0.0,0.0,1.0,2.0,3.0
2025_10_JAX_HOU,HOU,JAX,Jaylin Noel,00-0040138,WR,rec_yds,16.721,0.0,0.0,10.763,25.372,43.038
2025_10_JAX_HOU,HOU,JAX,Jaylin Noel,00-0040138,WR,anytime_td,0.102,0.0,0.0,0.0,0.0,1.0
2025_10_JAX_HOU,HOU,JAX,Harrison Bryant,00-0036232,TE,car,0.003,0.0,0.0,0.0,0.0,0.0
2025_10_JAX_HOU,HOU,JAX,Harrison Bryant,00-0036232,TE,rush_yds,0.005,0.0,0.0,0.0,0.0,0.0
2025_10_JAX_HOU,HOU,JAX,Harrison Bryant,00-0036232,TE,tgt,0.849,0.0,0.0,0.0,1.0,2.0
2025_10_JAX_HOU,HOU,JAX,Harrison Bryant,00-0036232,TE,rec,0.574,0.0,0.0,0.0,1.0,2.0
2025_10_JAX_HOU,HOU,JAX,Harrison Bryant,00-0036232,TE,rec_yds,5.14,0.0,0.0,0.0,7.307,17.793
2025_10_JAX_HOU,HOU,JAX,Harrison Bryant,00-0036232,TE,anytime_td,0.01,0.0,0.0,0.0,0.0,0.0
2025_10_JAX_HOU,HOU,JAX,Nick Chubb,00-0034791,RB,car,10.949,4.9,7.0,10.0,14.0,18.0
2025_10_JAX_HOU,HOU,JAX,Nick Chubb,00-0034791,RB,rush_yds,41.69,10.805,20.643,35.952,56.408,79.728
2025_10_JAX_HOU,HOU,JAX,Nick Chubb,00-0034791,RB,tgt,1.431,0.0,0.0,1.0,2.0,3.0
2025_10_JAX_HOU,HOU,JAX,Nick Chubb,00-0034791,RB,rec,1.077,0.0,0.0,1.0,2.0,3.0
2025_10_JAX_HOU,HOU,JAX,Nick Chubb,00-0034791,RB,rec_yds,6.721,0.0,0.0,2.296,10.155,19.698
2025_10_JAX_HOU,HOU,JAX,Nick Chubb,00-0034791,RB,anytime_td,0.269,0.0,0.0,0.0,1.0,1.0
2025_10_JAX_HOU,HOU,JAX,Dare Ogunbowale,00-0033854,RB,car,0.695,0.0,0.0,0.0,1.0,2.0
2025_10_JAX_HOU,HOU,JAX,Dare Ogunbowale,00-0033854,RB,rush_yds,2.852,0.0,0.0,0.0,1.608,9.435
2025_10_JAX_HOU,HOU,JAX,Dare Ogunbowale,00-0033854,RB,tgt,0.736,0.0,0.0,0.0,1.0,2.0
2025_10_JAX_HOU,HOU,JAX,Dare Ogunbowale,00-0033854,RB,rec,0.572,0.0,0.0,0.0,1.0,2.0
2025_10_JAX_HOU,HOU,JAX,Dare Ogunbowale,00-0033854,RB,rec_yds,3.688,0.0,0.0,0.0,4.866,12.667
2025_10_JAX_HOU,HOU,JAX,Dare Ogunbowale,00-0033854,RB,anytime_td,0.018,0.0,0.0,0.0,0.0,0.0
2025_10_JAX_HOU,HOU,JAX,British Brooks,00-0039603,RB,car,1.047,0.0,0.0,0.0,1.0,3.0
2025_10_JAX_HOU,HOU,JAX,British Brooks,00-0039603,RB,rush_yds,4.135,0.0,0.0,0.0,4.162,13.315
2025_10_JAX_HOU,HOU,JAX,British Brooks,00-0039603,RB,tgt,0.071,0.0,0.0,0.0,0.0,0.0
2025_10_JAX_HOU,HOU,JAX,British Brooks,00-0039603,RB,rec,0.056,0.0,0.0,0.0,0.0,0.0
2025_10_JAX_HOU,HOU,JAX,British Brooks,00-0039603,RB,rec_yds,0.417,0.0,0.0,0.0,0.0,0.0
2025_10_JAX_HOU,HOU,JAX,British Brooks,00-0039603,RB,anytime_td,0.041,0.0,0.0,0.0,0.0,0.0
2025_10_JAX_HOU,HOU,JAX,Braxton Berrios,00-0034419,WR,car,0.015,0.0,0.0,0.0,0.0,0.0
2025_10_JAX_HOU,HOU,JAX,Braxton Berrios,00-0034419,WR,rush_yds,0.079,0.0,0.0,0.0,0.0,0.0
2025_10_JAX_HOU,HOU,JAX,Braxton Berrios,00-0034419,WR,tgt,2.165,0.0,1.0,2.0,3.0,5.0
2025_10_JAX_HOU,HOU,JAX,Braxton Berrios,00-0034419,WR,rec,1.396,0.0,0.0,1.0,2.0,3.0
2025_10_JAX_HOU,HOU,JAX,Braxton Berrios,00-0034419,WR,rec_yds,14.553,0.0,0.0,8.58,22.102,39.499
2025_10_JAX_HOU,HOU,JAX,Braxton Berrios,00-0034419,WR,anytime_td,0.043,0.0,0.0,0.0,0.0,0.0
2025_10_JAX_HOU,JAX,HOU,Trevor Lawrence,00-0036971,QB,att,30.087,20.0,26.0,31.0,36.0,40.1
2025_10_JAX_HOU,JAX,HOU,Trevor Lawrence,00-0036971,QB,cmp,18.462,11.0,15.0,19.0,22.0,26.0
2025_10_JAX_HOU,JAX,HOU,Trevor Lawrence,00-0036971,QB,pass_yds,200.895,118.593,158.866,199.814,246.329,290.103
2025_10_JAX_HOU,JAX,HOU,Trevor Lawrence,00-0036971,QB,pass_td,1.174,0.0,0.0,1.0,2.0,3.0
2025_10_JAX_HOU,JAX,HOU,Trevor Lawrence,00-0036971,QB,ints,0.695,0.0,0.0,0.0,1.0,2.0
2025_10_JAX_HOU,JAX,HOU,Trevor Lawrence,00-0036971,QB,car,4.488,1.0,2.0,4.0,6.0,8.1
2025_10_JAX_HOU,JAX,HOU,Trevor Lawrence,00-0036971,QB,rush_yds,18.196,0.0,5.186,14.821,26.789,41.196
2025_10_JAX_HOU,JAX,HOU,Trevor Lawrence,00-0036971,QB,tgt,0.001,0.0,0.0,0.0,0.0,0.0
2025_10_JAX_HOU,JAX,HOU,Trevor Lawrence,00-0036971,QB,rec,0.0,0.0,0.0,0.0,0.0,0.0
2025_10_JAX_HOU,JAX,HOU,Trevor Lawrence,00-0036971,QB,rec_yds,0.001,0.0,0.0,0.0,0.0,0.0
2025_10_JAX_HOU,JAX,HOU,Trevor Lawrence,00-0036971,QB,anytime_td,0.277,0.0,0.0,0.0,1.0,1.0
2025_10_JAX_HOU,JAX,HOU,Parker Washington,00-0038606,WR,car,0.554,0.0,0.0,0.0,0.0,2.0
2025_10_JAX_HOU,JAX,HOU,Parker Washington,00-0038606,WR,rush_yds,2.769,0.0,0.0,0.0,0.0,8.718
2025_10_JAX_HOU,JAX,HOU,Parker Washington,00-0038606,WR,tgt,6.164,2.0,4.0,6.0,8.0,10.0
2025_10_JAX_HOU,JAX,HOU,Parker Washington,00-0038606,WR,rec,3.678,1.0,2.0,3.0,5.0,7.0
2025_10_JAX_HOU,JAX,HOU,Parker Washington,00-0038606,WR,rec_yds,45.265,7.238,19.937,39.798,63.694,88.837
2025_10_JAX_HOU,JAX,HOU,Parker Washington,00-0038606,WR,anytime_td,0.157,0.0,0.0,0.0,0.0,1.0
2025_10_JAX_HOU,JAX,HOU,Tim Patrick,00-0033375,WR,car,0.014,0.0,0.0,0.0,0.0,0.0
2025_10_JAX_HOU,JAX,HOU,Tim Patrick,00-0033375,WR,rush_yds,0.071,0.0,0.0,0.0,0.0,0.0
2025_10_JAX_HOU,JAX,HOU,Tim Patrick,00-0033375,WR,tgt,1.346,0.0,0.0,1.0,2.0,3.0
2025_10_JAX_HOU,JAX,HOU,Tim Patrick,00-0033375,WR,rec,0.83,0.0,0.0,1.0,1.0,2.0
2025_10_JAX_HOU,JAX,HOU,Tim Patrick,00-0033375,WR,rec_yds,10.813,0.0,0.0,0.0,16.403,33.452
2025_10_JAX_HOU,JAX,HOU,Tim Patrick,00-0033375,WR,anytime_td,0.088,0.0,0.0,0.0,0.0,0.0
2025_10_JAX_HOU,JAX,HOU,Travis Etienne,00-0036973,RB,car,14.874,7.0,11.0,14.0,19.0,23.0
2025_10_JAX_HOU,JAX,HOU,Travis Etienne,00-0036973,RB,rush_yds,59.867,19.495,33.919,53.224,78.713,108.758
2025_10_JAX_HOU,JAX,HOU,Travis Etienne,00-0036973,RB,tgt,3.785,1.0,2.0,3.0,5.0,7.0
2025_10_JAX_HOU,JAX,HOU,Travis Etienne,00-0036973,RB,rec,2.802,1.0,1.0,3.0,4.0,5.0
2025_10_JAX_HOU,JAX,HOU,Travis Etienne,00-0036973,RB,rec_yds,19.654,0.0,5.6,15.404,28.855,45.194
2025_10_JAX_HOU,JAX,HOU,Travis Etienne,00-0036973,RB,anytime_td,0.274,0.0,0.0,0.0,1.0,1.0
2025_10_JAX_HOU,JAX,HOU,Johnny Mundt,00-0033246,TE,car,0.0,0.0,0.0,0.0,0.0,0.0
2025_10_JAX_HOU,JAX,HOU,Johnny Mundt,00-0033246,TE,rush_yds,0.0,0.0,0.0,0.0,0.0,0.0
2025_10_JAX_HOU,JAX,HOU,Johnny Mundt,00-0033246,TE,tgt,1.483,0.0,0.0,1.0,2.0,4.0
2025_10_JAX_HOU,JAX,HOU,Johnny Mundt,00-0033246,TE,rec,0.959,0.0,0.0,1.0,2.0,2.0
2025_10_JAX_HOU,JAX,HOU,Johnny Mundt,00-0033246,TE,rec_yds,9.949,0.0,0.0,4.325,15.466,28.585
2025_10_JAX_HOU,JAX,HOU,Johnny Mundt,00-0033246,TE,anytime_td,0.027,0.0,0.0,0.0,0.0,0.0
2025_10_JAX_HOU,JAX,HOU,Jakobi Meyers,00-0034960,WR,car,0.026,0.0,0.0,0.0,0.0,0.0
2025_10_JAX_HOU,JAX,HOU,Jakobi Meyers,00-0034960,WR,rush_yds,0.156,0.0,0.0,0.0,0.0,0.0
2025_10_JAX_HOU,JAX,HOU,Jakobi Meyers,00-0034960,WR,tgt,7.89,4.0,5.0,8.0,10.0,12.0
2025_10_JAX_HOU,JAX,HOU,Jakobi Meyers,00-0034960,WR,rec,5.01,2.0,3.0,5.0,7.0,8.0
2025_10_JAX_HOU,JAX,HOU,Jakobi Meyers,00-0034960,WR,rec_yds,58.62,15.993,31.224,53.399,80.107,108.282
2025_10_JAX_HOU,JAX,HOU,Jakobi Meyers,00-0034960,WR,anytime_td,0.099,0.0,0.0,0.0,0.0,0.0
2025_10_JAX_HOU,JAX,HOU,Dyami Brown,00-0036626,WR,car,0.608,0.0,0.0,0.0,1.0,2.0
2025_10_JAX_HOU,JAX,HOU,Dyami Brown,00-0036626,WR,rush_yds,3.163,0.0,0.0,0.0,0.0,11.314
2025_10_JAX_HOU,JAX,HOU,Dyami Brown,00-0036626,WR,tgt,5.121,2.0,3.0,5.0,7.0,9.0
2025_10_JAX_HOU,JAX,HOU,Dyami Brown,00-0036626,WR,rec,2.97,1.0,1.0,3.0,4.0,6.0
2025_10_JAX_HOU,JAX,HOU,Dyami Brown,00-0036626,WR,rec_yds,36.202,3.211,13.733,29.928,52.12,76.715
2025_10_JAX_HOU,JAX,HOU,Dyami Brown,00-0036626,WR,anytime_td,0.135,0.0,0.0,0.0,0.0,1.0
2025_10_JAX_HOU,JAX,HOU,LeQuint Allen Jr.,00-0040238,RB,car,0.878,0.0,0.0,0.0,1.0,3.0
2025_10_JAX_HOU,JAX,HOU,LeQuint Allen Jr.,00-0040238,RB,rush_yds,3.693,0.0,0.0,0.0,2.947,11.764
2025_10_JAX_HOU,JAX,HOU,LeQuint Allen Jr.,00-0040238,RB,tgt,1.038,0.0,0.0,1.0,2.0,3.0
2025_10_JAX_HOU,JAX,HOU,LeQuint Allen Jr.,00-0040238,RB,rec,0.795,0.0,0.0,0.0,1.0,2.0
2025_10_JAX_HOU,JAX,HOU,LeQuint Allen Jr.,00-0040238,RB,rec_yds,5.593,0.0,0.0,0.0,7.878,18.104
2025_10_JAX_HOU,JAX,HOU,LeQuint Allen Jr.,00-0040238,RB,anytime_td,0.017,0.0,0.0,0.0,0.0,0.0
2025_10_JAX_HOU,JAX,HOU,Bhayshul Tuten,00-0040719,RB,car,5.451,1.0,2.0,5.0,8.0,11.0
2025_10_JAX_HOU,JAX,HOU,Bhayshul Tuten,00-0040719,RB,rush_yds,20.674,0.823,5.803,14.984,29.048,47.806
2025_10_JAX_HOU,JAX,HOU,Bhayshul Tuten,00-0040719,RB,tgt,1.244,0.0,0.0,1.0,2.0,3.0
2025_10_JAX_HOU,JAX,HOU,Bhayshul Tuten,00-0040719,RB,rec,0.951,0.0,0.0,1.0,1.0,2.0
2025_10_JAX_HOU,JAX,HOU,Bhayshul Tuten,00-0040719,RB,rec_yds,6.891,0.0,0.0,0.0,10.052,21.636
2025_10_JAX_HOU,JAX,HOU,Bhayshul Tuten,00-0040719,RB,anytime_td,0.195,0.0,0.0,0.0,0.0,1.0
2025_10_JAX_HOU,JAX,HOU,Austin Trammell,00-0036841,WR,car,0.022,0.0,0.0,0.0,0.0,0.0
2025_10_JAX_HOU,JAX,HOU,Austin Trammell,00-0036841,WR,rush_yds,0.13,0.0,0.0,0.0,0.0,0.0
2025_10_JAX_HOU,JAX,HOU,Austin Trammell,00-0036841,WR,tgt,1.576,0.0,0.0,1.0,2.0,4.0
2025_10_JAX_HOU,JAX,HOU,Austin Trammell,00-0036841,WR,rec,0.934,0.0,0.0,1.0,1.0,2.0
2025_10_JAX_HOU,JAX,HOU,Austin Trammell,00-0036841,WR,rec_yds,12.153,0.0,0.0,4.161,18.149,36.633
2025_10_JAX_HOU,JAX,HOU,Austin Trammell,00-0036841,WR,anytime_td,0.033,0.0,0.0,0.0,0.0,0.0
2025_10_JAX_HOU,JAX,HOU,Tim Jones,00-0036497,WR,car,0.017,0.0,0.0,0.0,0.0,0.0
2025_10_JAX_HOU,JAX,HOU,Tim Jones,00-0036497,WR,rush_yds,0.073,0.0,0.0,0.0,0.0,0.0
2025_10_JAX_HOU,JAX,HOU,Tim Jones,00-0036497,WR,tgt,0.836,0.0,0.0,0.0,1.0,2.0
2025_10_JAX_HOU,JAX,HOU,Tim Jones,00-0036497,WR,rec,0.53,0.0,0.0,0.0,1.0,2.0
2025_10_JAX_HOU,JAX,HOU,Tim Jones,00-0036497,WR,rec_yds,6.876,0.0,0.0,0.0,8.947,22.783
2025_10_JAX_HOU,JAX,HOU,Tim Jones,00-0036497,WR,anytime_td,0.014,0.0,0.0,0.0,0.0,0.0
2025_10_LA_SF,SF,LA,Mac Jones,00-0036972,QB,att,31.743,21.0,27.0,32.0,38.0,42.0
2025_10_LA_SF,SF,LA,Mac Jones,00-0036972,QB,cmp,20.721,13.0,17.0,21.0,25.0,28.0
2025_10_LA_SF,SF,LA,Mac Jones,00-0036972,QB,pass_yds,224.088,133.677,177.902,224.661,273.427,319.079
2025_10_LA_SF,SF,LA,Mac Jones,00-0036972,QB,pass_td,1.368,0.0,1.0,1.0,2.0,3.0
2025_10_LA_SF,SF,LA,Mac Jones,00-0036972,QB,ints,0.741,0.0,0.0,1.0,1.0,2.0
2025_10_LA_SF,SF,LA,Mac Jones,00-0036972,QB,car,3.155,0.0,1.0,3.0,4.0,7.0
2025_10_LA_SF,SF,LA,Mac Jones,00-0036972,QB,rush_yds,13.713,0.0,1.841,9.573,20.273,34.56
2025_10_LA_SF,SF,LA,Mac Jones,00-0036972,QB,tgt,0.0,0.0,0.0,0.0,0.0,0.0
2025_10_LA_SF,SF,LA,Mac Jones,00-0036972,QB,rec,0.0,0.0,0.0,0.0,0.0,0.0
2025_10_LA_SF,SF,LA,Mac Jones,00-0036972,QB,rec_yds,0.001,0.0,0.0,0.0,0.0,0.0
2025_10_LA_SF,SF,LA,Mac Jones,00-0036972,QB,anytime_td,0.042,0.0,0.0,0.0,0.0,0.0
2025_10_LA_SF,SF,LA,Jauan Jennings,00-0036259,WR,car,0.012,0.0,0.0,0.0,0.0,0.0
2025_10_LA_SF,SF,LA,Jauan Jennings,00-0036259,WR,rush_yds,0.044,0.0,0.0,0.0,0.0,0.0
2025_10_LA_SF,SF,LA,Jauan Jennings,00-0036259,WR,tgt,5.845,2.0,4.0,5.0,8.0,10.0
2025_10_LA_SF,SF,LA,Jauan Jennings,00-0036259,WR,rec,3.487,1.0,2.0,3.0,5.0,6.0
2025_10_LA_SF,SF,LA,Jauan Jennings,00-0036259,WR,rec_yds,42.115,6.559,17.711,36.55,60.089,85.519
2025_10_LA_SF,SF,LA,Jauan Jennings,00-0036259,WR,anytime_td,0.208,0.0,0.0,0.0,0.0,1.0
2025_10_LA_SF,SF,LA,George Kittle,00-0033288,TE,car,0.163,0.0,0.0,0.0,0.0,0.0
2025_10_LA_SF,SF,LA,George Kittle,00-0033288,TE,rush_yds,0.331,0.0,0.0,0.0,0.0,0.0
2025_10_LA_SF,SF,LA,George Kittle,00-0033288,TE,tgt,4.377,1.0,2.0,4.0,6.0,8.0
2025_10_LA_SF,SF,LA,George Kittle,00-0033288,TE,rec,3.211,1.0,2.0,3.0,4.0,6.0
2025_10_LA_SF,SF,LA,George Kittle,00-0033288,TE,rec_yds,34.235,4.199,14.144,28.932,48.978,70.856
2025_10_LA_SF,SF,LA,George Kittle,00-0033288,TE,anytime_td,0.238,0.0,0.0,0.0,0.0,1.0
2025_10_LA_SF,SF,LA,Christian McCaffrey,00-0033280,RB,car,16.379,9.0,12.0,16.0,20.0,25.0
2025_10_LA_SF,SF,LA,Christian McCaffrey,00-0033280,RB,rush_yds,65.782,25.143,39.074,59.168,85.909,114.645
2025_10_LA_SF,SF,LA,Christian McCaffrey,00-0033280,RB,tgt,7.031,3.0,5.0,7.0,9.0,12.0
2025_10_LA_SF,SF,LA,Christian McCaffrey,00-0033280,RB,rec,5.268,2.0,3.0,5.0,7.0,9.0
2025_10_LA_SF,SF,LA,Christian McCaffrey,00-0033280,RB,rec_yds,47.241,11.234,23.219,41.333,65.177,90.216
2025_10_LA_SF,SF,LA,Christian McCaffrey,00-0033280,RB,anytime_td,0.632,0.0,0.0,1.0,1.0,1.0
2025_10_LA_SF,SF,LA,Kendrick Bourne,00-0033307,WR,car,0.018,0.0,0.0,0.0,0.0,0.0
2025_10_LA_SF,SF,LA,Kendrick Bourne,00-0033307,WR,rush_yds,0.126,0.0,0.0,0.0,0.0,0.0
2025_10_LA_SF,SF,LA,Kendrick Bourne,00-0033307,WR,tgt,4.233,1.0,2.0,4.0,6.0,8.0
2025_10_LA_SF,SF,LA,Kendrick Bourne,00-0033307,WR,rec,2.812,1.0,1.0,2.0,4.0,6.0
2025_10_LA_SF,SF,LA,Kendrick Bourne,00-0033307,WR,rec_yds,38.382,0.0,13.761,31.658,54.899,83.359
2025_10_LA_SF,SF,LA,Kendrick Bourne,00-0033307,WR,anytime_td,0.073,0.0,0.0,0.0,0.0,0.0
2025_10_LA_SF,SF,LA,Kyle Juszczyk,00-0029892,RB,car,0.447,0.0,0.0,0.0,0.0,2.0
2025_10_LA_SF,SF,LA,Kyle Juszczyk,00-0029892,RB,rush_yds,1.979,0.0,0.0,0.0,0.0,5.84
2025_10_LA_SF,SF,LA,Kyle Juszczyk,00-0029892,RB,tgt,1.716,0.0,0.0,1.0,2.0,4.0
2025_10_LA_SF,SF,LA,Kyle Juszczyk,00-0029892,RB,rec,1.293,0.0,0.0,1.0,2.0,3.0
2025_10_LA_SF,SF,LA,Kyle Juszczyk,00-0029892,RB,rec_yds,10.112,0.0,0.0,4.819,14.989,28.683
2025_10_LA_SF,SF,LA,Kyle Juszczyk,00-0029892,RB,anytime_td,0.096,0.0,0.0,0.0,0.0,0.0
2025_10_LA_SF,SF,LA,Demarcus Robinson,00-0032775,WR,car,0.007,0.0,0.0,0.0,0.0,0.0
2025_10_LA_SF,SF,LA,Demarcus Robinson,00-0032775,WR,rush_yds,0.046,0.0,0.0,0.0,0.0,0.0
2025_10_LA_SF,SF,LA,Demarcus Robinson,00-0032775,WR,tgt,2.608,0.0,1.0,2.0,4.0,5.0
2025_10_LA_SF,SF,LA,Demarcus Robinson,00-0032775,WR,rec,1.499,0.0,0.0,1.0,2.0,3.0
2025_10_LA_SF,SF,LA,Demarcus Robinson,00-0032775,WR,rec_yds,19.36,0.0,0.0,12.813,29.168,49.516
2025_10_LA_SF,SF,LA,Demarcus Robinson,00-0032775,WR,anytime_td,0.075,0.0,0.0,0.0,0.0,0.0
2025_10_LA_SF,SF,LA,Luke Farrell,00-0036887,TE,car,0.0,0.0,0.0,0.0,0.0,0.0
2025_10_LA_SF,SF,LA,Luke Farrell,00-0036887,TE,rush_yds,0.004,0.0,0.0,0.0,0.0,0.0
2025_10_LA_SF,SF,LA,Luke Farrell,00-0036887,TE,tgt,0.929,0.0,0.0,1.0,1.0,3.0
2025_10_LA_SF,SF,LA,Luke Farrell,00-0036887,TE,rec,0.655,0.0,0.0,0.0,1.0,2.0
2025_10_LA_SF,SF,LA,Luke Farrell,00-0036887,TE,rec_yds,6.546,0.0,0.0,0.0,9.3,22.074
2025_10_LA_SF,SF,LA,Luke Farrell,00-0036887,TE,anytime_td,0.042,0.0,0.0,0.0,0.0,0.0
2025_10_LA_SF,SF,LA,Brian Robinson,00-0037746,RB,car,4.611,1.0,2.0,4.0,7.0,10.0
2025_10_LA_SF,SF,LA,Brian Robinson,00-0037746,RB,rush_yds,20.76,0.0,4.81,14.565,29.689,48.661
2025_10_LA_SF,SF,LA,Brian Robinson,00-0037746,RB,tgt,0.656,0.0,0.0,0.0,1.0,2.0
2025_10_LA_SF,SF,LA,Brian Robinson,00-0037746,RB,rec,0.501,0.0,0.0,0.0,1.0,2.0
2025_10_LA_SF,SF,LA,Brian Robinson,00-0037746,RB,rec_yds,3.536,0.0,0.0,0.0,3.859,12.734
2025_10_LA_SF,SF,LA,Brian Robinson,00-0037746,RB,anytime_td,0.21,0.0,0.0,0.0,0.0,1.0
2025_10_LA_SF,SF,LA,Skyy Moore,00-0038090,WR,car,0.089,0.0,0.0,0.0,0.0,0.0
2025_10_LA_SF,SF,LA,Skyy Moore,00-0038090,WR,rush_yds,0.544,0.0,0.0,0.0,0.0,0.0
2025_10_LA_SF,SF,LA,Skyy Moore,00-0038090,WR,tgt,0.715,0.0,0.0,0.0,1.0,2.0
2025_10_LA_SF,SF,LA,Skyy Moore,00-0038090,WR,rec,0.431,0.0,0.0,0.0,1.0,1.0
2025_10_LA_SF,SF,LA,Skyy Moore,00-0038090,WR,rec_yds,5.519,0.0,0.0,0.0,5.788,20.431
2025_10_LA_SF,SF,LA,Skyy Moore,00-0038090,WR,anytime_td,0.008,0.0,0.0,0.0,0.0,0.0
2025_10_LA_SF,SF,LA,Jake Tonges,00-0037112,TE,car,0.003,0.0,0.0,0.0,0.0,0.0
2025_10_LA_SF,SF,LA,Jake Tonges,00-0037112,TE,rush_yds,0.005,0.0,0.0,0.0,0.0,0.0
2025_10_LA_SF,SF,LA,Jake Tonges,00-0037112,TE,tgt,2.721,0.0,1.0,2.0,4.0,5.0
2025_10_LA_SF,SF,LA,Jake Tonges,00-0037112,TE,rec,1.92,0.0,1.0,2.0,3.0,4.0
2025_10_LA_SF,SF,LA,Jake Tonges,00-0037112,TE,rec_yds,18.928,0.0,3.367,13.805,28.375,45.997
2025_10_LA_SF,SF,LA,Jake Tonges,00-0037112,TE,anytime_td,0.203,0.0,0.0,0.0,0.0,1.0
2025_10_LA_SF,SF,LA,Jordan Watkins,00-0040172,WR,car,0.023,0.0,0.0,0.0,0.0,0.0
2025_10_LA_SF,SF,LA,Jordan Watkins,00-0040172,WR,rush_yds,0.125,0.0,0.0,0.0,0.0,0.0
2025_10_LA_SF,SF,LA,Jordan Watkins,00-0040172,WR,tgt,1.611,0.0,0.0,1.0,2.0,4.0
2025_10_LA_SF,SF,LA,Jordan Watkins,00-0040172,WR,rec,1.003,0.0,0.0,1.0,2.0,3.0
2025_10_LA_SF,SF,LA,Jordan Watkins,00-0040172,WR,rec_yds,12.692,0.0,0.0,5.425,19.287,37.13
2025_10_LA_SF,SF,LA,Jordan Watkins,00-0040172,WR,anytime_td,0.038,0.0,0.0,0.0,0.0,0.0
2025_10_LA_SF,LA,SF,Matthew Stafford,00-0026498,QB,att,32.667,22.0,28.0,33.0,39.0,44.0
2025_10_LA_SF,LA,SF,Matthew Stafford,00-0026498,QB,cmp,22.692,15.0,19.0,23.0,27.0,31.0
2025_10_LA_SF,LA,SF,Matthew Stafford,00-0026498,QB,pass_yds,255.076,159.931,208.884,256.841,306.974,356.6
2025_10_LA_SF,LA,SF,Matthew Stafford,00-0026498,QB,pass_td,1.907,0.0,1.0,2.0,3.0,3.0
2025_10_LA_SF,LA,SF,Matthew Stafford,00-0026498,QB,ints,0.514,0.0,0.0,0.0,1.0,2.0
2025_10_LA_SF,LA,SF,Matthew Stafford,00-0026498,QB,car,2.209,0.0,1.0,2.0,3.0,5.0
2025_10_LA_SF,LA,SF,Matthew Stafford,00-0026498,QB,rush_yds,5.96,-2.0,-1.0,0.88,9.559,20.079
2025_10_LA_SF,LA,SF,Matthew Stafford,00-0026498,QB,tgt,0.0,0.0,0.0,0.0,0.0,0.0
2025_10_LA_SF,LA,SF,Matthew Stafford,00-0026498,QB,rec,0.0,0.0,0.0,0.0,0.0,0.0
2025_10_LA_SF,LA,SF,Matthew Stafford,00-0026498,QB,rec_yds,0.003,0.0,0.0,0.0,0.0,0.0
2025_10_LA_SF,LA,SF,Matthew Stafford,00-0026498,QB,anytime_td,0.032,0.0,0.0,0.0,0.0,0.0
2025_10_LA_SF,LA,SF,Kyren Williams,00-0037840,RB,car,15.855,8.0,11.0,15.0,20.0,24.0
2025_10_LA_SF,LA,SF,Kyren Williams,00-0037840,RB,rush_yds,71.621,26.331,41.991,64.012,93.288,125.891
2025_10_LA_SF,LA,SF,Kyren Williams,00-0037840,RB,tgt,2.871,0.0,1.0,2.0,4.0,6.0
2025_10_LA_SF,LA,SF,Kyren Williams,00-0037840,RB,rec,2.369,0.0,1.0,2.0,3.0,5.0
2025_10_LA_SF,LA,SF,Kyren Williams,00-0037840,RB,rec_yds,18.453,0.0,3.9,13.264,27.018,44.47
2025_10_LA_SF,LA,SF,Kyren Williams,00-0037840,RB,anytime_td,0.622,0.0,0.0,1.0,1.0,1.0
2025_10_LA_SF,LA,SF,Colby Parkinson,00-0036244,TE,car,0.002,0.0,0.0,0.0,0.0,0.0
2025_10_LA_SF,LA,SF,Colby Parkinson,00-0036244,TE,rush_yds,0.005,0.0,0.0,0.0,0.0,0.0
2025_10_LA_SF,LA,SF,Colby Parkinson,00-0036244,TE,tgt,1.663,0.0,0.0,1.0,2.0,4.0
2025_10_LA_SF,LA,SF,Colby Parkinson,00-0036244,TE,rec,1.284,0.0,0.0,1.0,2.0,3.0
2025_10_LA_SF,LA,SF,Colby Parkinson,00-0036244,TE,rec_yds,12.869,0.0,0.0,7.223,19.376,35.955
2025_10_LA_SF,LA,SF,Colby Parkinson,00-0036244,TE,anytime_td,0.058,0.0,0.0,0.0,0.0,0.0
2025_10_LA_SF,LA,SF,Tyler Higbee,00-0033110,TE,car,0.003,0.0,0.0,0.0,0.0,0.0
2025_10_LA_SF,LA,SF,Tyler Higbee,00-0033110,TE,rush_yds,0.008,0.0,0.0,0.0,0.0,0.0
2025_10_LA_SF,LA,SF,Tyler Higbee,00-0033110,TE,tgt,3.913,1.0,2.0,4.0,5.0,7.0
2025_10_LA_SF,LA,SF,Tyler Higbee,00-0033110,TE,rec,2.89,1.0,1.0,3.0,4.0,6.0
2025_10_LA_SF,LA,SF,Tyler Higbee,00-0033110,TE,rec_yds,27.847,0.0,9.947,23.131,40.85,58.805
2025_10_LA_SF,LA,SF,Tyler Higbee,00-0033110,TE,anytime_td,0.255,0.0,0.0,0.0,1.0,1.0
2025_10_LA_SF,LA,SF,Puka Nacua,00-0039075,WR,car,0.524,0.0,0.0,0.0,0.0,2.0
2025_10_LA_SF,LA,SF,Puka Nacua,00-0039075,WR,rush_yds,3.157,0.0,0.0,0.0,0.0,10.93
2025_10_LA_SF,LA,SF,Puka Nacua,00-0039075,WR,tgt,9.134,5.0,6.0,9.0,12.0,14.0
2025_10_LA_SF,LA,SF,Puka Nacua,00-0039075,WR,rec,7.072,3.0,5.0,7.0,9.0,11.0
2025_10_LA_SF,LA,SF,Puka Nacua,00-0039075,WR,rec_yds,86.449,32.598,53.649,81.387,113.57,145.342
2025_10_LA_SF,LA,SF,Puka Nacua,00-0039075,WR,anytime_td,0.371,0.0,0.0,0.0,1.0,1.0
2025_10_LA_SF,LA,SF,Davis Allen,00-0039074,TE,car,0.005,0.0,0.0,0.0,0.0,0.0
2025_10_LA_SF,LA,SF,Davis Allen,00-0039074,TE,rush_yds,0.009,0.0,0.0,0.0,0.0,0.0
2025_10_LA_SF,LA,SF,Davis Allen,00-0039074,TE,tgt,1.639,0.0,0.0,1.0,2.0,4.0
2025_10_LA_SF,LA,SF,Davis Allen,00-0039074,TE,rec,1.252,0.0,0.0,1.0,2.0,3.0
2025_10_LA_SF,LA,SF,Davis Allen,00-0039074,TE,rec_yds,12.404,0.0,0.0,6.976,18.717,34.322
2025_10_LA_SF,LA,SF,Davis Allen,00-0039074,TE,anytime_td,0.115,0.0,0.0,0.0,0.0,1.0
2025_10_LA_SF,LA,SF,Davante Adams,00-0031381,WR,car,0.005,0.0,0.0,0.0,0.0,0.0
2025_10_LA_SF,LA,SF,Davante Adams,00-0031381,WR,rush_yds,0.026,0.0,0.0,0.0,0.0,0.0
2025_10_LA_SF,LA,SF,Davante Adams,00-0031381,WR,tgt,7.996,4.0,5.0,8.0,10.0,13.0
2025_10_LA_SF,LA,SF,Davante Adams,00-0031381,WR,rec,4.931,2.0,3.0,5.0,6.0,8.0
2025_10_LA_SF,LA,SF,Davante Adams,00-0031381,WR,rec_yds,63.819,17.167,33.293,57.044,87.06,118.644
2025_10_LA_SF,LA,SF,Davante Adams,00-0031381,WR,anytime_td,0.5,0.0,0.0,1.0,1.0,1.0
2025_10_LA_SF,LA,SF,Xavier Smith,00-0038359,WR,car,0.074,0.0,0.0,0.0,0.0,0.0
2025_10_LA_SF,LA,SF,Xavier Smith,00-0038359,WR,rush_yds,0.421,0.0,0.0,0.0,0.0,0.0
2025_10_LA_SF,LA,SF,Xavier Smith,00-0038359,WR,tgt,1.257,0.0,0.0,1.0,2.0,3.0
2025_10_LA_SF,LA,SF,Xavier Smith,00-0038359,WR,rec,0.853,0.0,0.0,1.0,1.0,2.0
2025_10_LA_SF,LA,SF,Xavier Smith,00-0038359,WR,rec_yds,10.673,0.0,0.0,0.984,15.567,32.184
2025_10_LA_SF,LA,SF,Xavier Smith,00-0038359,WR,anytime_td,0.015,0.0,0.0,0.0,0.0,0.0
2025_10_LA_SF,LA,SF,Konata Mumpfield,00-0040590,WR,car,0.011,0.0,0.0,0.0,0.0,0.0
2025_10_LA_SF,LA,SF,Konata Mumpfield,00-0040590,WR,rush_yds,0.049,0.0,0.0,0.0,0.0,0.0
2025_10_LA_SF,LA,SF,Konata Mumpfield,00-0040590,WR,tgt,0.544,0.0,0.0,0.0,1.0,2.0
2025_10_LA_SF,LA,SF,Konata Mumpfield,00-0040590,WR,rec,0.364,0.0,0.0,0.0,1.0,1.0
2025_10_LA_SF,LA,SF,Konata Mumpfield,00-0040590,WR,rec_yds,4.382,0.0,0.0,0.0,1.813,16.078
2025_10_LA_SF,LA,SF,Konata Mumpfield,00-0040590,WR,anytime_td,0.054,0.0,0.0,0.0,0.0,0.0
2025_10_LA_SF,LA,SF,Blake Corum,00-0039738,RB,car,6.72,2.0,3.0,6.0,9.0,13.0
2025_10_LA_SF,LA,SF,Blake Corum,00-0039738,RB,rush_yds,29.487,3.601,10.116,22.832,40.524,64.654
2025_10_LA_SF,LA,SF,Blake Corum,00-0039738,RB,tgt,0.885,0.0,0.0,0.0,1.0,2.0
2025_10_LA_SF,LA,SF,Blake Corum,00-0039738,RB,rec,0.709,0.0,0.0,0.0,1.0,2.0
2025_10_LA_SF,LA,SF,Blake Corum,00-0039738,RB,rec_yds,5.008,0.0,0.0,0.0,7.055,16.436
2025_10_LA_SF,LA,SF,Blake Corum,00-0039738,RB,anytime_td,0.211,0.0,0.0,0.0,0.0,1.0
2025_10_LA_SF,LA,SF,Terrance Ferguson,00-0040737,TE,car,0.163,0.0,0.0,0.0,0.0,0.0
2025_10_LA_SF,LA,SF,Terrance Ferguson,00-0040737,TE,rush_yds,0.388,0.0,0.0,0.0,0.0,0.0
2025_10_LA_SF,LA,SF,Terrance Ferguson,00-0040737,TE,tgt,1.502,0.0,0.0,1.0,2.0,4.0
2025_10_LA_SF,LA,SF,Terrance Ferguson,00-0040737,TE,rec,1.108,0.0,0.0,1.0,2.0,3.0
2025_10_LA_SF,LA,SF,Terrance Ferguson,00-0040737,TE,rec_yds,13.378,0.0,0.0,6.744,20.695,37.365
2025_10_LA_SF,LA,SF,Terrance Ferguson,00-0040737,TE,anytime_td,0.117,0.0,0.0,0.0,0.0,1.0
2025_10_LA_SF,LA,SF,Jordan Whittington,00-0039751,WR,car,0.259,0.0,0.0,0.0,0.0,1.0
2025_10_LA_SF,LA,SF,Jordan Whittington,00-0039751,WR,rush_yds,1.471,0.0,0.0,0.0,0.0,0.838
2025_10_LA_SF,LA,SF,Jordan Whittington,00-0039751,WR,tgt,2.057,0.0,1.0,2.0,3.0,5.0
2025_10_LA_SF,LA,SF,Jordan Whittington,00-0039751,WR,rec,1.408,0.0,0.0,1.0,2.0,3.0
2025_10_LA_SF,LA,SF,Jordan Whittington,00-0039751,WR,rec_yds,17.282,0.0,0.0,10.323,26.355,46.295
2025_10_LA_SF,LA,SF,Jordan Whittington,00-0039751,WR,anytime_td,0.025,0.0,0.0,0.0,0.0,0.0
2025_10_NE_TB,TB,NE,Baker Mayfield,00-0034855,QB,att,31.156,21.0,27.0,32.0,37.0,41.0
2025_10_NE_TB,TB,NE,Baker Mayfield,00-0034855,QB,cmp,21.235,14.0,18.0,22.0,26.0,29.0
2025_10_NE_TB,TB,NE,Baker Mayfield,00-0034855,QB,pass_yds,236.444,147.318,191.013,235.423,285.913,333.49
2025_10_NE_TB,TB,NE,Baker Mayfield,00-0034855,QB,pass_td,1.724,0.0,1.0,2.0,2.0,3.0
2025_10_NE_TB,TB,NE,Baker Mayfield,00-0034855,QB,ints,0.626,0.0,0.0,0.0,1.0,2.0
2025_10_NE_TB,TB,NE,Baker Mayfield,00-0034855,QB,car,3.062,1.0,1.0,3.0,4.0,6.0
2025_10_NE_TB,TB,NE,Baker Mayfield,00-0034855,QB,rush_yds,15.177,-1.0,2.152,11.556,23.112,36.77
2025_10_NE_TB,TB,NE,Baker Mayfield,00-0034855,QB,tgt,0.0,0.0,0.0,0.0,0.0,0.0
2025_10_NE_TB,TB,NE,Baker Mayfield,00-0034855,QB,rec,0.0,0.0,0.0,0.0,0.0,0.0
2025_10_NE_TB,TB,NE,Baker Mayfield,00-0034855,QB,rec_yds,0.0,0.0,0.0,0.0,0.0,0.0
2025_10_NE_TB,TB,NE,Baker Mayfield,00-0034855,QB,anytime_td,0.036,0.0,0.0,0.0,0.0,0.0
2025_10_NE_TB,TB,NE,Cade Otton,00-0038129,TE,car,0.009,0.0,0.0,0.0,0.0,0.0
2025_10_NE_TB,TB,NE,Cade Otton,00-0038129,TE,rush_yds,0.023,0.0,0.0,0.0,0.0,0.0
2025_10_NE_TB,TB,NE,Cade Otton,00-0038129,TE,tgt,5.941,2.0,4.0,6.0,8.0,10.0
2025_10_NE_TB,TB,NE,Cade Otton,00-0038129,TE,rec,4.636,2.0,3.0,4.0,6.0,8.0
2025_10_NE_TB,TB,NE,Cade Otton,00-0038129,TE,rec_yds,47.578,11.444,23.945,43.102,64.987,90.031
2025_10_NE_TB,TB,NE,Cade Otton,00-0038129,TE,anytime_td,0.124,0.0,0.0,0.0,0.0,1.0
2025_10_NE_TB,TB,NE,Emeka Egbuka,00-0040129,WR,car,0.289,0.0,0.0,0.0,0.0,1.0
2025_10_NE_TB,TB,NE,Emeka Egbuka,00-0040129,WR,rush_yds,1.554,0.0,0.0,0.0,0.0,2.783
2025_10_NE_TB,TB,NE,Emeka Egbuka,00-0040129,WR,tgt,8.995,4.0,6.0,9.0,11.0,14.0
2025_10_NE_TB,TB,NE,Emeka Egbuka,00-0040129,WR,rec,5.413,2.0,3.0,5.0,7.0,9.0
2025_10_NE_TB,TB,NE,Emeka Egbuka,00-0040129,WR,rec_yds,75.304,22.785,42.284,69.066,101.617,136.101
2025_10_NE_TB,TB,NE,Emeka Egbuka,00-0040129,WR,anytime_td,0.406,0.0,0.0,0.0,1.0,1.0
2025_10_NE_TB,TB,NE,Tez Johnson,00-0040237,WR,car,0.203,0.0,0.0,0.0,0.0,0.0
2025_10_NE_TB,TB,NE,Tez Johnson,00-0040237,WR,rush_yds,1.068,0.0,0.0,0.0,0.0,0.0
2025_10_NE_TB,TB,NE,Tez Johnson,00-0040237,WR,tgt,4.821,2.0,3.0,4.0,6.0,8.0
2025_10_NE_TB,TB,NE,Tez Johnson,00-0040237,WR,rec,3.217,1.0,2.0,3.0,4.0,6.0
2025_10_NE_TB,TB,NE,Tez Johnson,00-0040237,WR,rec_yds,41.141,4.462,15.706,35.301,59.539,85.246
2025_10_NE_TB,TB,NE,Tez Johnson,00-0040237,WR,anytime_td,0.288,0.0,0.0,0.0,1.0,1.0
2025_10_NE_TB,TB,NE,Rachaad White,00-0037256,RB,car,14.742,7.0,10.0,14.0,19.0,23.0
2025_10_NE_TB,TB,NE,Rachaad White,00-0037256,RB,rush_yds,59.666,20.783,34.295,53.388,78.545,106.418
2025_10_NE_TB,TB,NE,Rachaad White,00-0037256,RB,tgt,3.797,1.0,2.0,3.0,5.0,7.0
2025_10_NE_TB,TB,NE,Rachaad White,00-0037256,RB,rec,3.279,1.0,2.0,3.0,5.0,6.0
2025_10_NE_TB,TB,NE,Rachaad White,00-0037256,RB,rec_yds,22.44,0.825,7.613,17.867,32.11,48.395
2025_10_NE_TB,TB,NE,Rachaad White,00-0037256,RB,anytime_td,0.445,0.0,0.0,0.0,1.0,1.0
2025_10_NE_TB,TB,NE,Sterling Shepard,00-0032385,WR,car,0.39,0.0,0.0,0.0,0.0,1.0
2025_10_NE_TB,TB,NE,Sterling Shepard,00-0032385,WR,rush_yds,2.078,0.0,0.0,0.0,0.0,6.18
2025_10_NE_TB,TB,NE,Sterling Shepard,00-0032385,WR,tgt,4.745,1.0,3.0,4.0,6.0,8.1
2025_10_NE_TB,TB,NE,Sterling Shepard,00-0032385,WR,rec,3.436,1.0,2.0,3.0,5.0,6.0
2025_10_NE_TB,TB,NE,Sterling Shepard,00-0032385,WR,rec_yds,38.273,4.841,15.776,32.208,54.462,79.092
2025_10_NE_TB,TB,NE,Sterling Shepard,00-0032385,WR,anytime_td,0.178,0.0,0.0,0.0,0.0,1.0
2025_10_NE_TB,TB,NE,Sean Tucker,00-0038951,RB,car,7.044,2.0,4.0,6.0,10.0,13.0
2025_10_NE_TB,TB,NE,Sean Tucker,00-0038951,RB,rush_yds,29.484,3.304,10.589,23.149,41.296,63.164
2025_10_NE_TB,TB,NE,Sean Tucker,00-0038951,RB,tgt,0.905,0.0,0.0,1.0,1.0,3.0
2025_10_NE_TB,TB,NE,Sean Tucker,00-0038951,RB,rec,0.764,0.0,0.0,0.0,1.0,2.0
2025_10_NE_TB,TB,NE,Sean Tucker,00-0038951,RB,rec_yds,5.069,0.0,0.0,0.0,7.321,16.897
2025_10_NE_TB,TB,NE,Sean Tucker,00-0038951,RB,anytime_td,0.273,0.0,0.0,0.0,1.0,1.0
2025_10_NE_TB,TB,NE,Kameron Johnson,00-0039589,WR,car,0.244,0.0,0.0,0.0,0.0,1.0
2025_10_NE_TB,TB,NE,Kameron Johnson,00-0039589,WR,rush_yds,1.338,0.0,0.0,0.0,0.0,0.0
2025_10_NE_TB,TB,NE,Kameron Johnson,00-0039589,WR,tgt,0.935,0.0,0.0,1.0,1.0,3.0
2025_10_NE_TB,TB,NE,Kameron Johnson,00-0039589,WR,rec,0.641,0.0,0.0,0.0,1.0,2.0
2025_10_NE_TB,TB,NE,Kameron Johnson,00-0039589,WR,rec_yds,7.99,0.0,0.0,0.0,11.032,26.992
2025_10_NE_TB,TB,NE,Kameron Johnson,00-0039589,WR,anytime_td,0.095,0.0,0.0,0.0,0.0,0.0
2025_10_NE_TB,TB,NE,Ryan Miller,00-0038824,WR,car,0.016,0.0,0.0,0.0,0.0,0.0
2025_10_NE_TB,TB,NE,Ryan Miller,00-0038824,WR,rush_yds,0.077,0.0,0.0,0.0,0.0,0.0
2025_10_NE_TB,TB,NE,Ryan Miller,00-0038824,WR,tgt,0.754,0.0,0.0,0.0,1.0,2.0
2025_10_NE_TB,TB,NE,Ryan Miller,00-0038824,WR,rec,0.51,0.0,0.0,0.0,1.0,2.0
2025_10_NE_TB,TB,NE,Ryan Miller,00-0038824,WR,rec_yds,6.436,0.0,0.0,0.0,8.232,21.964
2025_10_NE_TB,TB,NE,Ryan Miller,00-0038824,WR,anytime_td,0.057,0.0,0.0,0.0,0.0,0.0
2025_10_NE_TB,NE,TB,Drake Maye,00-0039851,QB,att,28.997,20.0,25.0,29.0,34.0,39.0
2025_10_NE_TB,NE,TB,Drake Maye,00-0039851,QB,cmp,19.795,13.0,16.0,20.0,24.0,27.0
2025_10_NE_TB,NE,TB,Drake Maye,00-0039851,QB,pass_yds,222.538,135.281,178.576,223.043,271.607,315.468
2025_10_NE_TB,NE,TB,Drake Maye,00-0039851,QB,pass_td,1.493,0.0,1.0,1.0,2.0,3.0
2025_10_NE_TB,NE,TB,Drake Maye,00-0039851,QB,ints,0.649,0.0,0.0,0.0,1.0,2.0
2025_10_NE_TB,NE,TB,Drake Maye,00-0039851,QB,car,5.666,2.0,4.0,5.0,7.0,10.0
2025_10_NE_TB,NE,TB,Drake Maye,00-0039851,QB,rush_yds,32.721,6.917,15.81,28.656,45.454,63.23
2025_10_NE_TB,NE,TB,Drake Maye,00-0039851,QB,tgt,0.001,0.0,0.0,0.0,0.0,0.0
2025_10_NE_TB,NE,TB,Drake Maye,00-0039851,QB,rec,0.001,0.0,0.0,0.0,0.0,0.0
2025_10_NE_TB,NE,TB,Drake Maye,00-0039851,QB,rec_yds,0.004,0.0,0.0,0.0,0.0,0.0
2025_10_NE_TB,NE,TB,Drake Maye,00-0039851,QB,anytime_td,0.153,0.0,0.0,0.0,0.0,1.0
2025_10_NE_TB,NE,TB,Hunter Henry,00-0033090,TE,car,0.001,0.0,0.0,0.0,0.0,0.0
2025_10_NE_TB,NE,TB,Hunter Henry,00-0033090,TE,rush_yds,0.001,0.0,0.0,0.0,0.0,0.0
2025_10_NE_TB,NE,TB,Hunter Henry,00-0033090,TE,tgt,5.698,2.0,3.0,5.0,8.0,10.0
2025_10_NE_TB,NE,TB,Hunter Henry,00-0033090,TE,rec,4.025,1.0,2.0,4.0,5.0,7.0
2025_10_NE_TB,NE,TB,Hunter Henry,00-0033090,TE,rec_yds,44.461,8.686,21.026,39.372,62.194,86.571
2025_10_NE_TB,NE,TB,Hunter Henry,00-0033090,TE,anytime_td,0.253,0.0,0.0,0.0,1.0,1.0
2025_10_NE_TB,NE,TB,TreVeyon Henderson,00-0040734,RB,car,9.937,4.0,6.0,9.0,13.0,17.0
2025_10_NE_TB,NE,TB,TreVeyon Henderson,00-0040734,RB,rush_yds,39.594,9.572,18.756,33.295,54.033,78.562
2025_10_NE_TB,NE,TB,TreVeyon Henderson,00-0040734,RB,tgt,3.184,1.0,2.0,3.0,4.0,6.0
2025_10_NE_TB,NE,TB,TreVeyon Henderson,00-0040734,RB,rec,2.477,0.0,1.0,2.0,3.25,5.0
2025_10_NE_TB,NE,TB,TreVeyon Henderson,00-0040734,RB,rec_yds,18.074,0.0,4.392,13.361,26.874,42.437
2025_10_NE_TB,NE,TB,TreVeyon Henderson,00-0040734,RB,anytime_td,0.172,0.0,0.0,0.0,0.0,1.0
2025_10_NE_TB,NE,TB,Mack Hollins,00-0033555,WR,car,0.157,0.0,0.0,0.0,0.0,0.0
2025_10_NE_TB,NE,TB,Mack Hollins,00-0033555,WR,rush_yds,0.809,0.0,0.0,0.0,0.0,0.0
2025_10_NE_TB,NE,TB,Mack Hollins,00-0033555,WR,tgt,3.578,1.0,2.0,3.0,5.0,7.0
2025_10_NE_TB,NE,TB,Mack Hollins,00-0033555,WR,rec,2.53,0.0,1.0,2.0,4.0,5.0
2025_10_NE_TB,NE,TB,Mack Hollins,00-0033555,WR,rec_yds,31.189,0.0,9.704,24.325,45.281,69.801
2025_10_NE_TB,NE,TB,Mack Hollins,00-0033555,WR,anytime_td,0.134,0.0,0.0,0.0,0.0,1.0
2025_10_NE_TB,NE,TB,Stefon Diggs,00-0031588,WR,car,0.041,0.0,0.0,0.0,0.0,0.0
2025_10_NE_TB,NE,TB,Stefon Diggs,00-0031588,WR,rush_yds,0.225,0.0,0.0,0.0,0.0,0.0
2025_10_NE_TB,NE,TB,Stefon Diggs,00-0031588,WR,tgt,7.329,3.0,5.0,7.0,9.0,12.0
2025_10_NE_TB,NE,TB,Stefon Diggs,00-0031588,WR,rec,5.292,2.0,3.0,5.0,7.0,9.0
2025_10_NE_TB,NE,TB,Stefon Diggs,00-0031588,WR,rec_yds,63.594,18.289,35.233,58.7,85.057,115.56
2025_10_NE_TB,NE,TB,Stefon Diggs,00-0031588,WR,anytime_td,0.244,0.0,0.0,0.0,0.0,1.0
2025_10_NE_TB,NE,TB,Austin Hooper,00-0032392,TE,car,0.001,0.0,0.0,0.0,0.0,0.0
2025_10_NE_TB,NE,TB,Austin Hooper,00-0032392,TE,rush_yds,0.002,0.0,0.0,0.0,0.0,0.0
2025_10_NE_TB,NE,TB,Austin Hooper,00-0032392,TE,tgt,2.265,0.0,1.0,2.0,3.0,5.0
2025_10_NE_TB,NE,TB,Austin Hooper,00-0032392,TE,rec,1.723,0.0,1.0,1.0,3.0,4.0
2025_10_NE_TB,NE,TB,Austin Hooper,00-0032392,TE,rec_yds,19.213,0.0,1.221,13.308,28.588,47.495
2025_10_NE_TB,NE,TB,Austin Hooper,00-0032392,TE,anytime_td,0.114,0.0,0.0,0.0,0.0,1.0
2025_10_NE_TB,NE,TB,Kyle Williams,00-0040131,WR,car,0.109,0.0,0.0,0.0,0.0,0.0
2025_10_NE_TB,NE,TB,Kyle Williams,00-0040131,WR,rush_yds,0.571,0.0,0.0,0.0,0.0,0.0
2025_10_NE_TB,NE,TB,Kyle Williams,00-0040131,WR,tgt,1.009,0.0,0.0,1.0,2.0,3.0
2025_10_NE_TB,NE,TB,Kyle Williams,00-0040131,WR,rec,0.587,0.0,0.0,0.0,1.0,2.0
2025_10_NE_TB,NE,TB,Kyle Williams,00-0040131,WR,rec_yds,7.3,0.0,0.0,0.0,10.056,24.924
2025_10_NE_TB,NE,TB,Kyle Williams,00-0040131,WR,anytime_td,0.012,0.0,0.0,0.0,0.0,0.0
2025_10_NE_TB,NE,TB,DeMario Douglas,00-0038621,WR,car,0.467,0.0,0.0,0.0,0.0,2.0
2025_10_NE_TB,NE,TB,DeMario Douglas,00-0038621,WR,rush_yds,2.351,0.0,0.0,0.0,0.0,7.765
2025_10_NE_TB,NE,TB,DeMario Douglas,00-0038621,WR,tgt,4.469,1.0,3.0,4.0,6.0,8.0
2025_10_NE_TB,NE,TB,DeMario Douglas,00-0038621,WR,rec,2.901,1.0,1.0,3.0,4.0,6.0
2025_10_NE_TB,NE,TB,DeMario Douglas,00-0038621,WR,rec_yds,40.529,2.417,14.699,34.256,58.706,86.361
2025_10_NE_TB,NE,TB,DeMario Douglas,00-0038621,WR,anytime_td,0.223,0.0,0.0,0.0,0.0,1.0
2025_10_NE_TB,NE,TB,D'Ernest Johnson,00-0035628,RB,car,2.543,0.0,0.0,2.0,4.0,6.0
2025_10_NE_TB,NE,TB,D'Ernest Johnson,00-0035628,RB,rush_yds,10.266,0.0,0.0,4.631,13.773,28.061
2025_10_NE_TB,NE,TB,D'Ernest Johnson,00-0035628,RB,tgt,0.98,0.0,0.0,1.0,2.0,3.0
2025_10_NE_TB,NE,TB,D'Ernest Johnson,00-0035628,RB,rec,0.768,0.0,0.0,0.0,1.0,2.0
2025_10_NE_TB,NE,TB,D'Ernest Johnson,00-0035628,RB,rec_yds,5.55,0.0,0.0,0.0,8.196,18.207
2025_10_NE_TB,NE,TB,D'Ernest Johnson,00-0035628,RB,anytime_td,0.082,0.0,0.0,0.0,0.0,0.0
2025_10_NE_TB,NE,TB,Terrell Jennings,00-0039757,RB,car,7.184,2.0,4.0,6.0,10.0,13.0
2025_10_NE_TB,NE,TB,Terrell Jennings,00-0039757,RB,rush_yds,27.747,3.938,10.448,22.248,38.869,59.258
2025_10_NE_TB,NE,TB,Terrell Jennings,00-0039757,RB,tgt,0.594,0.0,0.0,0.0,1.0,2.0
2025_10_NE_TB,NE,TB,Terrell Jennings,00-0039757,RB,rec,0.463,0.0,0.0,0.0,1.0,1.0
2025_10_NE_TB,NE,TB,Terrell Jennings,00-0039757,RB,rec_yds,3.374,0.0,0.0,0.0,3.416,12.691
2025_10_NE_TB,NE,TB,Terrell Jennings,00-0039757,RB,anytime_td,0.222,0.0,0.0,0.0,0.0,1.0
2025_10_NO_CAR,CAR,NO,Bryce Young,00-0039150,QB,att,27.358,18.0,23.0,28.0,33.0,37.0
2025_10_NO_CAR,CAR,NO,Bryce Young,00-0039150,QB,cmp,17.973,11.0,15.0,18.0,22.0,25.0
2025_10_NO_CAR,CAR,NO,Bryce Young,00-0039150,QB,pass_yds,192.991,114.807,150.866,192.636,235.764,276.265
2025_10_NO_CAR,CAR,NO,Bryce Young,00-0039150,QB,pass_td,1.301,0.0,1.0,1.0,2.0,3.0
2025_10_NO_CAR,CAR,NO,Bryce Young,00-0039150,QB,ints,0.549,0.0,0.0,0.0,1.0,2.0
2025_10_NO_CAR,CAR,NO,Bryce Young,00-0039150,QB,car,2.688,1.0,1.0,2.0,4.0,5.0
2025_10_NO_CAR,CAR,NO,Bryce Young,00-0039150,QB,rush_yds,11.231,-1.0,0.0,7.551,17.877,29.26
2025_10_NO_CAR,CAR,NO,Bryce Young,00-0039150,QB,tgt,0.001,0.0,0.0,0.0,0.0,0.0
2025_10_NO_CAR,CAR,NO,Bryce Young,00-0039150,QB,rec,0.001,0.0,0.0,0.0,0.0,0.0
2025_10_NO_CAR,CAR,NO,Bryce Young,00-0039150,QB,rec_yds,0.001,0.0,0.0,0.0,0.0,0.0
2025_10_NO_CAR,CAR,NO,Bryce Young,00-0039150,QB,anytime_td,0.134,0.0,0.0,0.0,0.0,1.0
2025_10_NO_CAR,CAR,NO,Tetairoa McMillan,00-0040124,WR,car,0.011,0.0,0.0,0.0,0.0,0.0
2025_10_NO_CAR,CAR,NO,Tetairoa McMillan,00-0040124,WR,rush_yds,0.056,0.0,0.0,0.0,0.0,0.0
2025_10_NO_CAR,CAR,NO,Tetairoa McMillan,00-0040124,WR,tgt,6.899,3.0,5.0,7.0,9.0,11.0
2025_10_NO_CAR,CAR,NO,Tetairoa McMillan,00-0040124,WR,rec,4.427,2.0,3.0,4.0,6.0,8.0
2025_10_NO_CAR,CAR,NO,Tetairoa McMillan,00-0040124,WR,rec_yds,55.835,14.103,28.715,49.926,76.281,106.523
2025_10_NO_CAR,CAR,NO,Tetairoa McMillan,00-0040124,WR,anytime_td,0.255,0.0,0.0,0.0,1.0,1.0
2025_10_NO_CAR,CAR,NO,Rico Dowdle,00-0036139,RB,car,14.464,7.0,10.0,14.0,19.0,23.0
2025_10_NO_CAR,CAR,NO,Rico Dowdle,00-0036139,RB,rush_yds,69.365,21.941,37.812,62.408,91.676,126.375
2025_10_NO_CAR,CAR,NO,Rico Dowdle,00-0036139,RB,tgt,1.982,0.0,1.0,2.0,3.0,4.0
2025_10_NO_CAR,CAR,NO,Rico Dowdle,00-0036139,RB,rec,1.568,0.0,0.0,1.0,2.0,4.0
2025_10_NO_CAR,CAR,NO,Rico Dowdle,00-0036139,RB,rec_yds,12.192,0.0,0.0,7.586,18.15,31.33
2025_10_NO_CAR,CAR,NO,Rico Dowdle,00-0036139,RB,anytime_td,0.449,0.0,0.0,0.0,1.0,1.0
2025_10_NO_CAR,CAR,NO,Jalen Coker,00-0039491,WR,car,0.011,0.0,0.0,0.0,0.0,0.0
2025_10_NO_CAR,CAR,NO,Jalen Coker,00-0039491,WR,rush_yds,0.059,0.0,0.0,0.0,0.0,0.0
2025_10_NO_CAR,CAR,NO,Jalen Coker,00-0039491,WR,tgt,3.123,1.0,2.0,3.0,4.0,6.0
2025_10_NO_CAR,CAR,NO,Jalen Coker,00-0039491,WR,rec,2.055,0.0,1.0,2.0,3.0,4.0
2025_10_NO_CAR,CAR,NO,Jalen Coker,00-0039491,WR,rec_yds,26.132,0.0,6.186,19.555,38.643,61.196
2025_10_NO_CAR,CAR,NO,Jalen Coker,00-0039491,WR,anytime_td,0.125,0.0,0.0,0.0,0.0,1.0
2025_10_NO_CAR,CAR,NO,Xavier Legette,00-0039342,WR,car,0.147,0.0,0.0,0.0,0.0,0.0
2025_10_NO_CAR,CAR,NO,Xavier Legette,00-0039342,WR,rush_yds,0.749,0.0,0.0,0.0,0.0,0.0
2025_10_NO_CAR,CAR,NO,Xavier Legette,00-0039342,WR,tgt,4.601,1.0,3.0,4.0,6.0,8.0
2025_10_NO_CAR,CAR,NO,Xavier Legette,00-0039342,WR,rec,2.868,1.0,1.0,3.0,4.0,5.0
2025_10_NO_CAR,CAR,NO,Xavier Legette,00-0039342,WR,rec_yds,32.494,2.483,12.335,26.709,45.861,69.596
2025_10_NO_CAR,CAR,NO,Xavier Legette,00-0039342,WR,anytime_td,0.219,0.0,0.0,0.0,0.0,1.0
2025_10_NO_CAR,CAR,NO,Tommy Tremble,00-0037005,TE,car,0.002,0.0,0.0,0.0,0.0,0.0
2025_10_NO_CAR,CAR,NO,Tommy Tremble,00-0037005,TE,rush_yds,0.006,0.0,0.0,0.0,0.0,0.0
2025_10_NO_CAR,CAR,NO,Tommy Tremble,00-0037005,TE,tgt,2.238,0.0,1.0,2.0,3.0,5.0
2025_10_NO_CAR,CAR,NO,Tommy Tremble,00-0037005,TE,rec,1.665,0.0,1.0,1.0,2.0,4.0
2025_10_NO_CAR,CAR,NO,Tommy Tremble,00-0037005,TE,rec_yds,15.799,0.0,0.0,11.314,23.727,39.205
2025_10_NO_CAR,CAR,NO,Tommy Tremble,00-0037005,TE,anytime_td,0.104,0.0,0.0,0.0,0.0,1.0
2025_10_NO_CAR,CAR,NO,Ja'Tavion Sanders,00-0039356,TE,car,0.004,0.0,0.0,0.0,0.0,0.0
2025_10_NO_CAR,CAR,NO,Ja'Tavion Sanders,00-0039356,TE,rush_yds,0.006,0.0,0.0,0.0,0.0,0.0
2025_10_NO_CAR,CAR,NO,Ja'Tavion Sanders,00-0039356,TE,tgt,2.644,0.0,1.0,2.0,4.0,5.0
2025_10_NO_CAR,CAR,NO,Ja'Tavion Sanders,00-0039356,TE,rec,1.97,0.0,1.0,2.0,3.0,4.0
2025_10_NO_CAR,CAR,NO,Ja'Tavion Sanders,00-0039356,TE,rec_yds,18.838,0.0,4.183,14.022,28.523,45.16
2025_10_NO_CAR,CAR,NO,Ja'Tavion Sanders,00-0039356,TE,anytime_td,0.079,0.0,0.0,0.0,0.0,0.0
2025_10_NO_CAR,CAR,NO,Mitchell Evans,00-0040187,TE,car,0.001,0.0,0.0,0.0,0.0,0.0
2025_10_NO_CAR,CAR,NO,Mitchell Evans,00-0040187,TE,rush_yds,0.002,0.0,0.0,0.0,0.0,0.0
2025_10_NO_CAR,CAR,NO,Mitchell Evans,00-0040187,TE,tgt,1.116,0.0,0.0,1.0,2.0,3.0
2025_10_NO_CAR,CAR,NO,Mitchell Evans,00-0040187,TE,rec,0.824,0.0,0.0,1.0,1.0,2.0
2025_10_NO_CAR,CAR,NO,Mitchell Evans,00-0040187,TE,rec_yds,8.405,0.0,0.0,0.0,12.595,25.632
2025_10_NO_CAR,CAR,NO,Mitchell Evans,00-0040187,TE,anytime_td,0.122,0.0,0.0,0.0,0.0,1.0
2025_10_NO_CAR,CAR,NO,Chuba Hubbard,00-0036555,RB,car,12.208,5.0,8.0,12.0,16.0,20.0
2025_10_NO_CAR,CAR,NO,Chuba Hubbard,00-0036555,RB,rush_yds,47.391,13.225,24.512,40.861,63.241,89.831
2025_10_NO_CAR,CAR,NO,Chuba Hubbard,00-0036555,RB,tgt,2.478,0.0,1.0,2.0,4.0,5.0
2025_10_NO_CAR,CAR,NO,Chuba Hubbard,00-0036555,RB,rec,1.912,0.0,1.0,2.0,3.0,4.0
2025_10_NO_CAR,CAR,NO,Chuba Hubbard,00-0036555,RB,rec_yds,13.712,0.0,0.0,9.353,20.283,34.511
2025_10_NO_CAR,CAR,NO,Chuba Hubbard,00-0036555,RB,anytime_td,0.395,0.0,0.0,0.0,1.0,1.0
2025_10_NO_CAR,CAR,NO,Jimmy Horn Jr.,00-0040218,WR,car,1.087,0.0,0.0,0.0,1.0,4.0
2025_10_NO_CAR,CAR,NO,Jimmy Horn Jr.,00-0040218,WR,rush_yds,5.875,0.0,0.0,0.0,5.494,20.002
2025_10_NO_CAR,CAR,NO,Jimmy Horn Jr.,00-0040218,WR,tgt,2.054,0.0,1.0,2.0,3.0,4.0
2025_10_NO_CAR,CAR,NO,Jimmy Horn Jr.,00-0040218,WR,rec,1.322,0.0,0.0,1.0,2.0,3.0
2025_10_NO_CAR,CAR,NO,Jimmy Horn Jr.,00-0040218,WR,rec_yds,15.838,0.0,0.0,9.68,24.325,42.216
2025_10_NO_CAR,CAR,NO,Jimmy Horn Jr.,00-0040218,WR,anytime_td,0.056,0.0,0.0,0.0,0.0,0.0
2025_10_NO_CAR,CAR,NO,Dan Chisena,00-0035976,WR,car,0.03,0.0,0.0,0.0,0.0,0.0
2025_10_NO_CAR,CAR,NO,Dan Chisena,00-0035976,WR,rush_yds,0.147,0.0,0.0,0.0,0.0,0.0
2025_10_NO_CAR,CAR,NO,Dan Chisena,00-0035976,WR,tgt,0.733,0.0,0.0,0.0,1.0,2.0
2025_10_NO_CAR,CAR,NO,Dan Chisena,00-0035976,WR,rec,0.485,0.0,0.0,0.0,1.0,2.0
2025_10_NO_CAR,CAR,NO,Dan Chisena,00-0035976,WR,rec_yds,6.036,0.0,0.0,0.0,7.468,21.718
2025_10_NO_CAR,CAR,NO,Dan Chisena,00-0035976,WR,anytime_td,0.021,0.0,0.0,0.0,0.0,0.0
2025_10_NO_CAR,NO,CAR,Devaughn Vele,00-0039424,WR,car,0.007,0.0,0.0,0.0,0.0,0.0
2025_10_NO_CAR,NO,CAR,Devaughn Vele,00-0039424,WR,rush_yds,0.02,0.0,0.0,0.0,0.0,0.0
2025_10_NO_CAR,NO,CAR,Devaughn Vele,00-0039424,WR,tgt,1.873,0.0,1.0,2.0,3.0,4.0
2025_10_NO_CAR,NO,CAR,Devaughn Vele,00-0039424,WR,rec,1.08,0.0,0.0,1.0,2.0,3.0
2025_10_NO_CAR,NO,CAR,Devaughn Vele,00-0039424,WR,rec_yds,13.006,0.0,0.0,6.343,19.288,37.169
2025_10_NO_CAR,NO,CAR,Devaughn Vele,00-0039424,WR,anytime_td,0.082,0.0,0.0,0.0,0.0,0.0
2025_10_NO_CAR,NO,CAR,Tyler Shough,00-0040743,QB,att,30.686,21.0,26.0,31.0,36.0,41.0
2025_10_NO_CAR,NO,CAR,Tyler Shough,00-0040743,QB,cmp,19.444,12.0,16.0,20.0,24.0,27.0
2025_10_NO_CAR,NO,CAR,Tyler Shough,00-0040743,QB,pass_yds,193.712,116.629,153.769,194.976,235.744,277.615
2025_10_NO_CAR,NO,CAR,Tyler Shough,00-0040743,QB,pass_td,1.038,0.0,0.0,1.0,2.0,2.0
2025_10_NO_CAR,NO,CAR,Tyler Shough,00-0040743,QB,ints,0.762,0.0,0.0,1.0,1.0,2.0
2025_10_NO_CAR,NO,CAR,Tyler Shough,00-0040743,QB,car,2.65,0.0,1.0,2.0,4.0,5.0
2025_10_NO_CAR,NO,CAR,Tyler Shough,00-0040743,QB,rush_yds,12.853,0.0,1.791,8.797,19.785,32.243
2025_10_NO_CAR,NO,CAR,Tyler Shough,00-0040743,QB,tgt,0.001,0.0,0.0,0.0,0.0,0.0
2025_10_NO_CAR,NO,CAR,Tyler Shough,00-0040743,QB,rec,0.0,0.0,0.0,0.0,0.0,0.0
2025_10_NO_CAR,NO,CAR,Tyler Shough,00-0040743,QB,rec_yds,0.004,0.0,0.0,0.0,0.0,0.0
2025_10_NO_CAR,NO,CAR,Tyler Shough,00-0040743,QB,anytime_td,0.025,0.0,0.0,0.0,0.0,0.0
2025_10_NO_CAR,NO,CAR,Alvin Kamara,00-0033906,RB,car,12.742,6.0,9.0,12.0,16.0,21.0
2025_10_NO_CAR,NO,CAR,Alvin Kamara,00-0033906,RB,rush_yds,49.343,15.018,26.116,42.435,65.244,92.604
2025_10_NO_CAR,NO,CAR,Alvin Kamara,00-0033906,RB,tgt,4.713,2.0,3.0,4.0,6.0,8.0
2025_10_NO_CAR,NO,CAR,Alvin Kamara,00-0033906,RB,rec,3.537,1.0,2.0,3.0,5.0,6.0
2025_10_NO_CAR,NO,CAR,Alvin Kamara,00-0033906,RB,rec_yds,23.484,1.881,8.792,19.508,33.752,49.313
2025_10_NO_CAR,NO,CAR,Alvin Kamara,00-0033906,RB,anytime_td,0.241,0.0,0.0,0.0,0.0,1.0
2025_10_NO_CAR,NO,CAR,Foster Moreau,00-0034981,TE,car,0.002,0.0,0.0,0.0,0.0,0.0
2025_10_NO_CAR,NO,CAR,Foster Moreau,00-0034981,TE,rush_yds,0.002,0.0,0.0,0.0,0.0,0.0
2025_10_NO_CAR,NO,CAR,Foster Moreau,00-0034981,TE,tgt,1.401,0.0,0.0,1.0,2.0,3.0
2025_10_NO_CAR,NO,CAR,Foster Moreau,00-0034981,TE,rec,0.958,0.0,0.0,1.0,1.0,2.0
2025_10_NO_CAR,NO,CAR,Foster Moreau,00-0034981,TE,rec_yds,9.884,0.0,0.0,4.086,15.071,28.606
2025_10_NO_CAR,NO,CAR,Foster Moreau,00-0034981,TE,anytime_td,0.07,0.0,0.0,0.0,0.0,0.0
2025_10_NO_CAR,NO,CAR,Chris Olave,00-0037239,WR,car,0.185,0.0,0.0,0.0,0.0,0.0
2025_10_NO_CAR,NO,CAR,Chris Olave,00-0037239,WR,rush_yds,1.041,0.0,0.0,0.0,0.0,0.0
2025_10_NO_CAR,NO,CAR,Chris Olave,00-0037239,WR,tgt,10.006,5.0,7.0,10.0,13.0,15.0
2025_10_NO_CAR,NO,CAR,Chris Olave,00-0037239,WR,rec,6.129,3.0,4.0,6.0,8.0,10.0
2025_10_NO_CAR,NO,CAR,Chris Olave,00-0037239,WR,rec_yds,70.334,23.132,41.135,65.261,93.372,124.889
2025_10_NO_CAR,NO,CAR,Chris Olave,00-0037239,WR,anytime_td,0.268,0.0,0.0,0.0,1.0,1.0
2025_10_NO_CAR,NO,CAR,Brandin Cooks,00-0031236,WR,car,0.039,0.0,0.0,0.0,0.0,0.0
2025_10_NO_CAR,NO,CAR,Brandin Cooks,00-0031236,WR,rush_yds,0.221,0.0,0.0,0.0,0.0,0.0
2025_10_NO_CAR,NO,CAR,Brandin Cooks,00-0031236,WR,tgt,3.438,1.0,2.0,3.0,5.0,7.0
2025_10_NO_CAR,NO,CAR,Brandin Cooks,00-0031236,WR,rec,2.177,0.0,1.0,2.0,3.0,5.0
2025_10_NO_CAR,NO,CAR,Brandin Cooks,00-0031236,WR,rec_yds,23.79,0.0,5.869,18.13,35.077,55.072
2025_10_NO_CAR,NO,CAR,Brandin Cooks,00-0031236,WR,anytime_td,0.057,0.0,0.0,0.0,0.0,0.0
2025_10_NO_CAR,NO,CAR,Juwan Johnson,00-0036040,TE,car,0.003,0.0,0.0,0.0,0.0,0.0
2025_10_NO_CAR,NO,CAR,Juwan Johnson,00-0036040,TE,rush_yds,0.006,0.0,0.0,0.0,0.0,0.0
2025_10_NO_CAR,NO,CAR,Juwan Johnson,00-0036040,TE,tgt,6.461,3.0,4.0,6.0,8.0,11.0
2025_10_NO_CAR,NO,CAR,Juwan Johnson,00-0036040,TE,rec,4.402,1.0,3.0,4.0,6.0,8.0
2025_10_NO_CAR,NO,CAR,Juwan Johnson,00-0036040,TE,rec_yds,44.896,10.973,23.3,40.556,61.659,84.633
2025_10_NO_CAR,NO,CAR,Juwan Johnson,00-0036040,TE,anytime_td,0.2,0.0,0.0,0.0,0.0,1.0
2025_10_NO_CAR,NO,CAR,Zaire Mitchell-Paden,00-0037340,TE,car,0.001,0.0,0.0,0.0,0.0,0.0
2025_10_NO_CAR,NO,CAR,Zaire Mitchell-Paden,00-0037340,TE,rush_yds,0.002,0.0,0.0,0.0,0.0,0.0
2025_10_NO_CAR,NO,CAR,Zaire Mitchell-Paden,00-0037340,TE,tgt,0.613,0.0,0.0,0.0,1.0,2.0
2025_10_NO_CAR,NO,CAR,Zaire Mitchell-Paden,00-0037340,TE,rec,0.415,0.0,0.0,0.0,1.0,1.0
2025_10_NO_CAR,NO,CAR,Zaire Mitchell-Paden,00-0037340,TE,rec_yds,4.082,0.0,0.0,0.0,4.356,14.569
2025_10_NO_CAR,NO,CAR,Zaire Mitchell-Paden,00-0037340,TE,anytime_td,0.014,0.0,0.0,0.0,0.0,0.0
2025_10_NO_CAR,NO,CAR,Devin Neal,00-0040202,RB,car,2.604,0.0,0.0,2.0,4.0,6.0
2025_10_NO_CAR,NO,CAR,Devin Neal,00-0040202,RB,rush_yds,11.046,0.0,0.0,5.145,15.772,30.778
2025_10_NO_CAR,NO,CAR,Devin Neal,00-0040202,RB,tgt,1.233,0.0,0.0,1.0,2.0,3.0
2025_10_NO_CAR,NO,CAR,Devin Neal,00-0040202,RB,rec,0.935,0.0,0.0,1.0,1.0,3.0
2025_10_NO_CAR,NO,CAR,Devin Neal,00-0040202,RB,rec_yds,6.348,0.0,0.0,0.0,8.987,19.174
2025_10_NO_CAR,NO,CAR,Devin Neal,00-0040202,RB,anytime_td,0.069,0.0,0.0,0.0,0.0,0.0
2025_10_NO_CAR,NO,CAR,Mason Tipton,00-0039623,WR,car,0.014,0.0,0.0,0.0,0.0,0.0
2025_10_NO_CAR,NO,CAR,Mason Tipton,00-0039623,WR,rush_yds,0.083,0.0,0.0,0.0,0.0,0.0
2025_10_NO_CAR,NO,CAR,Mason Tipton,00-0039623,WR,tgt,0.927,0.0,0.0,1.0,1.0,3.0
2025_10_NO_CAR,NO,CAR,Mason Tipton,00-0039623,WR,rec,0.532,0.0,0.0,0.0,1.0,2.0
2025_10_NO_CAR,NO,CAR,Mason Tipton,00-0039623,WR,rec_yds,6.532,0.0,0.0,0.0,8.667,22.003
2025_10_NO_CAR,NO,CAR,Mason Tipton,00-0039623,WR,anytime_td,0.012,0.0,0.0,0.0,0.0,0.0
2025_10_NO_CAR,NO,CAR,Audric Estimé,00-0039373,RB,car,6.067,1.0,3.0,5.0,8.0,12.0
2025_10_NO_CAR,NO,CAR,Audric Estimé,00-0039373,RB,rush_yds,25.134,1.86,8.505,19.319,35.399,55.833
2025_10_NO_CAR,NO,CAR,Audric Estimé,00-0039373,RB,tgt,0.649,0.0,0.0,0.0,1.0,2.0
2025_10_NO_CAR,NO,CAR,Audric Estimé,00-0039373,RB,rec,0.499,0.0,0.0,0.0,1.0,2.0
2025_10_NO_CAR,NO,CAR,Audric Estimé,00-0039373,RB,rec_yds,3.635,0.0,0.0,0.0,3.838,13.169
2025_10_NO_CAR,NO,CAR,Audric Estimé,00-0039373,RB,anytime_td,0.141,0.0,0.0,0.0,0.0,1.0
2025_10_NYG_CHI,CHI,NYG,Caleb Williams,00-0039918,QB,att,30.962,21.0,26.0,32.0,37.0,42.0
2025_10_NYG_CHI,CHI,NYG,Caleb Williams,00-0039918,QB,cmp,20.724,13.0,17.0,21.0,25.0,28.0
2025_10_NYG_CHI,CHI,NYG,Caleb Williams,00-0039918,QB,pass_yds,235.693,144.283,189.7,235.839,287.301,332.495
2025_10_NYG_CHI,CHI,NYG,Caleb Williams,00-0039918,QB,pass_td,1.602,0.0,1.0,2.0,2.0,3.0
2025_10_NYG_CHI,CHI,NYG,Caleb Williams,00-0039918,QB,ints,0.547,0.0,0.0,0.0,1.0,2.0
2025_10_NYG_CHI,CHI,NYG,Caleb Williams,00-0039918,QB,car,4.519,1.0,2.0,4.0,6.0,8.0
2025_10_NYG_CHI,CHI,NYG,Caleb Williams,00-0039918,QB,rush_yds,21.335,0.0,7.262,17.577,31.216,47.028
2025_10_NYG_CHI,CHI,NYG,Caleb Williams,00-0039918,QB,tgt,0.0,0.0,0.0,0.0,0.0,0.0
2025_10_NYG_CHI,CHI,NYG,Caleb Williams,00-0039918,QB,rec,0.0,0.0,0.0,0.0,0.0,0.0
2025_10_NYG_CHI,CHI,NYG,Caleb Williams,00-0039918,QB,rec_yds,0.003,0.0,0.0,0.0,0.0,0.0
2025_10_NYG_CHI,CHI,NYG,Caleb Williams,00-0039918,QB,anytime_td,0.199,0.0,0.0,0.0,0.0,1.0
2025_10_NYG_CHI,CHI,NYG,Rome Odunze,00-0039919,WR,car,0.025,0.0,0.0,0.0,0.0,0.0
2025_10_NYG_CHI,CHI,NYG,Rome Odunze,00-0039919,WR,rush_yds,0.155,0.0,0.0,0.0,0.0,0.0
2025_10_NYG_CHI,CHI,NYG,Rome Odunze,00-0039919,WR,tgt,6.391,3.0,4.0,6.0,8.0,11.0
2025_10_NYG_CHI,CHI,NYG,Rome Odunze,00-0039919,WR,rec,3.79,1.0,2.0,4.0,5.0,7.0
2025_10_NYG_CHI,CHI,NYG,Rome Odunze,00-0039919,WR,rec_yds,51.988,9.452,23.837,45.44,72.508,104.153
2025_10_NYG_CHI,CHI,NYG,Rome Odunze,00-0039919,WR,anytime_td,0.313,0.0,0.0,0.0,1.0,1.0
2025_10_NYG_CHI,CHI,NYG,Cole Kmet,00-0036290,TE,car,0.001,0.0,0.0,0.0,0.0,0.0
2025_10_NYG_CHI,CHI,NYG,Cole Kmet,00-0036290,TE,rush_yds,0.004,0.0,0.0,0.0,0.0,0.0
2025_10_NYG_CHI,CHI,NYG,Cole Kmet,00-0036290,TE,tgt,2.789,0.0,1.0,2.0,4.0,6.0
2025_10_NYG_CHI,CHI,NYG,Cole Kmet,00-0036290,TE,rec,1.941,0.0,1.0,2.0,3.0,4.0
2025_10_NYG_CHI,CHI,NYG,Cole Kmet,00-0036290,TE,rec_yds,20.767,0.0,4.22,15.014,31.125,50.226
2025_10_NYG_CHI,CHI,NYG,Cole Kmet,00-0036290,TE,anytime_td,0.126,0.0,0.0,0.0,0.0,1.0
2025_10_NYG_CHI,CHI,NYG,D'Andre Swift,00-0036275,RB,car,12.873,6.0,9.0,12.0,16.0,21.0
2025_10_NYG_CHI,CHI,NYG,D'Andre Swift,00-0036275,RB,rush_yds,59.814,17.909,31.97,52.064,79.824,110.528
2025_10_NYG_CHI,CHI,NYG,D'Andre Swift,00-0036275,RB,tgt,2.997,1.0,1.0,3.0,4.0,6.0
2025_10_NYG_CHI,CHI,NYG,D'Andre Swift,00-0036275,RB,rec,2.446,0.0,1.0,2.0,4.0,5.0
2025_10_NYG_CHI,CHI,NYG,D'Andre Swift,00-0036275,RB,rec_yds,21.309,0.0,4.553,15.411,31.977,50.604
2025_10_NYG_CHI,CHI,NYG,D'Andre Swift,00-0036275,RB,anytime_td,0.515,0.0,0.0,1.0,1.0,1.0
2025_10_NYG_CHI,CHI,NYG,DJ Moore,00-0034827,WR,car,1.157,0.0,0.0,0.0,2.0,4.0
2025_10_NYG_CHI,CHI,NYG,DJ Moore,00-0034827,WR,rush_yds,6.43,0.0,0.0,0.0,7.163,21.577
2025_10_NYG_CHI,CHI,NYG,DJ Moore,00-0034827,WR,tgt,5.898,2.0,4.0,6.0,8.0,10.0
2025_10_NYG_CHI,CHI,NYG,DJ Moore,00-0034827,WR,rec,4.073,1.0,2.0,4.0,5.0,7.0
2025_10_NYG_CHI,CHI,NYG,DJ Moore,00-0034827,WR,rec_yds,51.894,10.692,24.593,45.394,73.184,100.681
2025_10_NYG_CHI,CHI,NYG,DJ Moore,00-0034827,WR,anytime_td,0.248,0.0,0.0,0.0,0.0,1.0
2025_10_NYG_CHI,CHI,NYG,Colston Loveland,00-0040126,TE,car,0.004,0.0,0.0,0.0,0.0,0.0
2025_10_NYG_CHI,CHI,NYG,Colston Loveland,00-0040126,TE,rush_yds,0.01,0.0,0.0,0.0,0.0,0.0
2025_10_NYG_CHI,CHI,NYG,Colston Loveland,00-0040126,TE,tgt,3.861,1.0,2.0,3.0,5.0,7.0
2025_10_NYG_CHI,CHI,NYG,Colston Loveland,00-0040126,TE,rec,2.873,1.0,1.0,3.0,4.0,6.0
2025_10_NYG_CHI,CHI,NYG,Colston Loveland,00-0040126,TE,rec_yds,33.409,1.147,12.198,27.487,47.793,71.839
2025_10_NYG_CHI,CHI,NYG,Colston Loveland,00-0040126,TE,anytime_td,0.262,0.0,0.0,0.0,1.0,1.0
2025_10_NYG_CHI,CHI,NYG,Olamide Zaccheaus,00-0035208,WR,car,0.336,0.0,0.0,0.0,0.0,1.0
2025_10_NYG_CHI,CHI,NYG,Olamide Zaccheaus,00-0035208,WR,rush_yds,1.901,0.0,0.0,0.0,0.0,4.202
2025_10_NYG_CHI,CHI,NYG,Olamide Zaccheaus,00-0035208,WR,tgt,5.393,2.0,3.0,5.0,7.0,9.0
2025_10_NYG_CHI,CHI,NYG,Olamide Zaccheaus,00-0035208,WR,rec,3.75,1.0,2.0,3.0,5.0,7.0
2025_10_NYG_CHI,CHI,NYG,Olamide Zaccheaus,00-0035208,WR,rec_yds,39.266,6.684,17.453,33.967,55.299,79.261
2025_10_NYG_CHI,CHI,NYG,Olamide Zaccheaus,00-0035208,WR,anytime_td,0.202,0.0,0.0,0.0,0.0,1.0
2025_10_NYG_CHI,CHI,NYG,Luther Burden III,00-0040735,WR,car,0.254,0.0,0.0,0.0,0.0,1.0
2025_10_NYG_CHI,CHI,NYG,Luther Burden III,00-0040735,WR,rush_yds,1.397,0.0,0.0,0.0,0.0,0.984
2025_10_NYG_CHI,CHI,NYG,Luther Burden III,00-0040735,WR,tgt,2.202,0.0,1.0,2.0,3.0,5.0
2025_10_NYG_CHI,CHI,NYG,Luther Burden III,00-0040735,WR,rec,1.577,0.0,0.0,1.0,2.0,4.0
2025_10_NYG_CHI,CHI,NYG,Luther Burden III,00-0040735,WR,rec_yds,19.86,0.0,0.0,13.181,29.91,50.199
2025_10_NYG_CHI,CHI,NYG,Luther Burden III,00-0040735,WR,anytime_td,0.145,0.0,0.0,0.0,0.0,1.0
2025_10_NYG_CHI,CHI,NYG,Kyle Monangai,00-0040236,RB,car,8.539,3.0,5.0,8.0,12.0,15.0
2025_10_NYG_CHI,CHI,NYG,Kyle Monangai,00-0040236,RB,rush_yds,42.057,7.861,17.953,34.833,57.41,85.985
2025_10_NYG_CHI,CHI,NYG,Kyle Monangai,00-0040236,RB,tgt,1.897,0.0,1.0,1.0,3.0,4.0
2025_10_NYG_CHI,CHI,NYG,Kyle Monangai,00-0040236,RB,rec,1.494,0.0,0.0,1.0,2.0,4.0
2025_10_NYG_CHI,CHI,NYG,Kyle Monangai,00-0040236,RB,rec_yds,11.348,0.0,0.0,6.534,17.289,31.029
2025_10_NYG_CHI,CHI,NYG,Kyle Monangai,00-0040236,RB,anytime_td,0.215,0.0,0.0,0.0,0.0,1.0
2025_10_NYG_CHI,NYG,CHI,Wan'Dale Robinson,00-0038117,WR,car,0.171,0.0,0.0,0.0,0.0,0.0
2025_10_NYG_CHI,NYG,CHI,Wan'Dale Robinson,00-0038117,WR,rush_yds,1.016,0.0,0.0,0.0,0.0,0.0
2025_10_NYG_CHI,NYG,CHI,Wan'Dale Robinson,00-0038117,WR,tgt,8.812,4.0,6.0,8.0,11.0,14.0
2025_10_NYG_CHI,NYG,CHI,Wan'Dale Robinson,00-0038117,WR,rec,5.992,3.0,4.0,6.0,8.0,10.0
2025_10_NYG_CHI,NYG,CHI,Wan'Dale Robinson,00-0038117,WR,rec_yds,68.897,22.071,39.945,63.565,91.873,122.786
2025_10_NYG_CHI,NYG,CHI,Wan'Dale Robinson,00-0038117,WR,anytime_td,0.185,0.0,0.0,0.0,0.0,1.0
2025_10_NYG_CHI,NYG,CHI,Theo Johnson,00-0039847,TE,car,0.003,0.0,0.0,0.0,0.0,0.0
2025_10_NYG_CHI,NYG,CHI,Theo Johnson,00-0039847,TE,rush_yds,0.01,0.0,0.0,0.0,0.0,0.0
2025_10_NYG_CHI,NYG,CHI,Theo Johnson,00-0039847,TE,tgt,5.545,2.0,3.0,5.0,7.0,9.0
2025_10_NYG_CHI,NYG,CHI,Theo Johnson,00-0039847,TE,rec,3.769,1.0,2.0,3.0,5.0,7.0
2025_10_NYG_CHI,NYG,CHI,Theo Johnson,00-0039847,TE,rec_yds,38.764,7.728,18.342,34.141,53.996,75.786
2025_10_NYG_CHI,NYG,CHI,Theo Johnson,00-0039847,TE,anytime_td,0.318,0.0,0.0,0.0,1.0,1.0
2025_10_NYG_CHI,NYG,CHI,Daniel Bellinger,00-0038115,TE,car,0.004,0.0,0.0,0.0,0.0,0.0
2025_10_NYG_CHI,NYG,CHI,Daniel Bellinger,00-0038115,TE,rush_yds,0.006,0.0,0.0,0.0,0.0,0.0
2025_10_NYG_CHI,NYG,CHI,Daniel Bellinger,00-0038115,TE,tgt,1.937,0.0,1.0,2.0,3.0,4.0
2025_10_NYG_CHI,NYG,CHI,Daniel Bellinger,00-0038115,TE,rec,1.482,0.0,0.0,1.0,2.0,3.0
2025_10_NYG_CHI,NYG,CHI,Daniel Bellinger,00-0038115,TE,rec_yds,17.922,0.0,0.0,11.703,26.569,46.714
2025_10_NYG_CHI,NYG,CHI,Daniel Bellinger,00-0038115,TE,anytime_td,0.103,0.0,0.0,0.0,0.0,1.0
2025_10_NYG_CHI,NYG,CHI,Jaxson Dart,00-0040691,QB,att,28.99,19.0,25.0,30.0,34.0,39.0
2025_10_NYG_CHI,NYG,CHI,Jaxson Dart,00-0040691,QB,cmp,19.083,12.0,16.0,19.0,23.0,26.0
2025_10_NYG_CHI,NYG,CHI,Jaxson Dart,00-0040691,QB,pass_yds,208.312,124.867,166.334,207.675,252.174,294.814
2025_10_NYG_CHI,NYG,CHI,Jaxson Dart,00-0040691,QB,pass_td,1.236,0.0,0.0,1.0,2.0,3.0
2025_10_NYG_CHI,NYG,CHI,Jaxson Dart,00-0040691,QB,ints,0.753,0.0,0.0,1.0,1.0,2.0
2025_10_NYG_CHI,NYG,CHI,Jaxson Dart,00-0040691,QB,car,7.701,3.0,5.0,7.0,10.0,13.0
2025_10_NYG_CHI,NYG,CHI,Jaxson Dart,00-0040691,QB,rush_yds,35.926,7.158,17.334,31.541,49.528,70.211
2025_10_NYG_CHI,NYG,CHI,Jaxson Dart,00-0040691,QB,tgt,0.0,0.0,0.0,0.0,0.0,0.0
2025_10_NYG_CHI,NYG,CHI,Jaxson Dart,00-0040691,QB,rec,0.0,0.0,0.0,0.0,0.0,0.0
2025_10_NYG_CHI,NYG,CHI,Jaxson Dart,00-0040691,QB,rec_yds,0.001,0.0,0.0,0.0,0.0,0.0
2025_10_NYG_CHI,NYG,CHI,Jaxson Dart,00-0040691,QB,anytime_td,0.307,0.0,0.0,0.0,1.0,1.0
2025_10_NYG_CHI,NYG,CHI,Tyrone Tracy Jr.,00-0039384,RB,car,12.08,5.0,8.0,11.0,16.0,20.0
2025_10_NYG_CHI,NYG,CHI,Tyrone Tracy Jr.,00-0039384,RB,rush_yds,51.087,15.003,26.675,44.253,68.095,96.329
2025_10_NYG_CHI,NYG,CHI,Tyrone Tracy Jr.,00-0039384,RB,tgt,3.171,1.0,2.0,3.0,4.0,6.0
2025_10_NYG_CHI,NYG,CHI,Tyrone Tracy Jr.,00-0039384,RB,rec,2.449,0.0,1.0,2.0,3.0,5.0
2025_10_NYG_CHI,NYG,CHI,Tyrone Tracy Jr.,00-0039384,RB,rec_yds,17.76,0.0,4.249,13.331,26.028,41.578
2025_10_NYG_CHI,NYG,CHI,Tyrone Tracy Jr.,00-0039384,RB,anytime_td,0.164,0.0,0.0,0.0,0.0,1.0
2025_10_NYG_CHI,NYG,CHI,Darius Slayton,00-0035535,WR,car,0.062,0.0,0.0,0.0,0.0,0.0
2025_10_NYG_CHI,NYG,CHI,Darius Slayton,00-0035535,WR,rush_yds,0.306,0.0,0.0,0.0,0.0,0.0
2025_10_NYG_CHI,NYG,CHI,Darius Slayton,00-0035535,WR,tgt,4.993,2.0,3.0,5.0,7.0,9.0
2025_10_NYG_CHI,NYG,CHI,Darius Slayton,00-0035535,WR,rec,3.171,1.0,2.0,3.0,4.0,6.0
2025_10_NYG_CHI,NYG,CHI,Darius Slayton,00-0035535,WR,rec_yds,40.478,5.542,16.275,34.693,57.177,83.705
2025_10_NYG_CHI,NYG,CHI,Darius Slayton,00-0035535,WR,anytime_td,0.1,0.0,0.0,0.0,0.0,1.0
2025_10_NYG_CHI,NYG,CHI,Devin Singletary,00-0035250,RB,car,6.427,2.0,3.0,6.0,9.0,12.0
2025_10_NYG_CHI,NYG,CHI,Devin Singletary,00-0035250,RB,rush_yds,27.651,2.642,9.496,21.068,39.105,61.839
2025_10_NYG_CHI,NYG,CHI,Devin Singletary,00-0035250,RB,tgt,1.029,0.0,0.0,1.0,2.0,3.0
2025_10_NYG_CHI,NYG,CHI,Devin Singletary,00-0035250,RB,rec,0.814,0.0,0.0,0.0,1.0,2.0
2025_10_NYG_CHI,NYG,CHI,Devin Singletary,00-0035250,RB,rec_yds,6.023,0.0,0.0,0.0,8.878,19.279
2025_10_NYG_CHI,NYG,CHI,Devin Singletary,00-0035250,RB,anytime_td,0.067,0.0,0.0,0.0,0.0,0.0
2025_10_NYG_CHI,NYG,CHI,Ray-Ray McCloud,00-0034407,WR,car,0.196,0.0,0.0,0.0,0.0,0.0
2025_10_NYG_CHI,NYG,CHI,Ray-Ray McCloud,00-0034407,WR,rush_yds,1.189,0.0,0.0,0.0,0.0,0.0
2025_10_NYG_CHI,NYG,CHI,Ray-Ray McCloud,00-0034407,WR,tgt,3.401,1.0,2.0,3.0,5.0,6.0
2025_10_NYG_CHI,NYG,CHI,Ray-Ray McCloud,00-0034407,WR,rec,2.144,0.0,1.0,2.0,3.0,4.0
2025_10_NYG_CHI,NYG,CHI,Ray-Ray McCloud,00-0034407,WR,rec_yds,25.732,0.0,6.565,19.376,38.48,60.598
2025_10_NYG_CHI,NYG,CHI,Ray-Ray McCloud,00-0034407,WR,anytime_td,0.062,0.0,0.0,0.0,0.0,0.0
2025_10_PIT_LAC,LAC,PIT,Justin Herbert,00-0036355,QB,att,32.377,22.0,28.0,33.0,38.0,43.0
2025_10_PIT_LAC,LAC,PIT,Justin Herbert,00-0036355,QB,cmp,21.916,14.0,18.0,22.0,26.0,30.0
2025_10_PIT_LAC,LAC,PIT,Justin Herbert,00-0036355,QB,pass_yds,241.569,149.614,196.335,242.441,291.512,340.142
2025_10_PIT_LAC,LAC,PIT,Justin Herbert,00-0036355,QB,pass_td,1.714,0.0,1.0,2.0,2.0,3.0
2025_10_PIT_LAC,LAC,PIT,Justin Herbert,00-0036355,QB,ints,0.71,0.0,0.0,0.0,1.0,2.0
2025_10_PIT_LAC,LAC,PIT,Justin Herbert,00-0036355,QB,car,5.045,1.0,3.0,5.0,7.0,9.0
2025_10_PIT_LAC,LAC,PIT,Justin Herbert,00-0036355,QB,rush_yds,26.205,1.168,9.6,22.039,37.568,55.836
2025_10_PIT_LAC,LAC,PIT,Justin Herbert,00-0036355,QB,tgt,0.001,0.0,0.0,0.0,0.0,0.0
2025_10_PIT_LAC,LAC,PIT,Justin Herbert,00-0036355,QB,rec,0.001,0.0,0.0,0.0,0.0,0.0
2025_10_PIT_LAC,LAC,PIT,Justin Herbert,00-0036355,QB,rec_yds,0.005,0.0,0.0,0.0,0.0,0.0
2025_10_PIT_LAC,LAC,PIT,Justin Herbert,00-0036355,QB,anytime_td,0.191,0.0,0.0,0.0,0.0,1.0
2025_10_PIT_LAC,LAC,PIT,Kimani Vidal,00-0039391,RB,car,11.438,5.0,7.0,11.0,15.0,19.0
2025_10_PIT_LAC,LAC,PIT,Kimani Vidal,00-0039391,RB,rush_yds,50.239,13.675,26.082,43.465,67.048,95.663
2025_10_PIT_LAC,LAC,PIT,Kimani Vidal,00-0039391,RB,tgt,1.81,0.0,0.0,1.0,3.0,4.0
2025_10_PIT_LAC,LAC,PIT,Kimani Vidal,00-0039391,RB,rec,1.424,0.0,0.0,1.0,2.0,3.0
2025_10_PIT_LAC,LAC,PIT,Kimani Vidal,00-0039391,RB,rec_yds,9.439,0.0,0.0,5.31,14.358,26.294
2025_10_PIT_LAC,LAC,PIT,Kimani Vidal,00-0039391,RB,anytime_td,0.306,0.0,0.0,0.0,1.0,1.0
2025_10_PIT_LAC,LAC,PIT,Quentin Johnston,00-0038544,WR,car,0.209,0.0,0.0,0.0,0.0,1.0
2025_10_PIT_LAC,LAC,PIT,Quentin Johnston,00-0038544,WR,rush_yds,1.119,0.0,0.0,0.0,0.0,0.0
2025_10_PIT_LAC,LAC,PIT,Quentin Johnston,00-0038544,WR,tgt,5.825,2.0,4.0,5.0,8.0,10.0
2025_10_PIT_LAC,LAC,PIT,Quentin Johnston,00-0038544,WR,rec,3.798,1.0,2.0,4.0,5.0,7.0
2025_10_PIT_LAC,LAC,PIT,Quentin Johnston,00-0038544,WR,rec_yds,46.438,8.604,21.098,40.38,64.807,93.175
2025_10_PIT_LAC,LAC,PIT,Quentin Johnston,00-0038544,WR,anytime_td,0.366,0.0,0.0,0.0,1.0,1.0
2025_10_PIT_LAC,LAC,PIT,Ladd McConkey,00-0039915,WR,car,0.009,0.0,0.0,0.0,0.0,0.0
2025_10_PIT_LAC,LAC,PIT,Ladd McConkey,00-0039915,WR,rush_yds,0.05,0.0,0.0,0.0,0.0,0.0
2025_10_PIT_LAC,LAC,PIT,Ladd McConkey,00-0039915,WR,tgt,8.003,4.0,5.0,8.0,10.0,13.0
2025_10_PIT_LAC,LAC,PIT,Ladd McConkey,00-0039915,WR,rec,5.375,2.0,3.0,5.0,7.0,9.0
2025_10_PIT_LAC,LAC,PIT,Ladd McConkey,00-0039915,WR,rec_yds,62.432,18.76,34.268,56.698,84.473,113.077
2025_10_PIT_LAC,LAC,PIT,Ladd McConkey,00-0039915,WR,anytime_td,0.27,0.0,0.0,0.0,1.0,1.0
2025_10_PIT_LAC,LAC,PIT,Oronde Gadsden II,00-0040189,TE,car,0.002,0.0,0.0,0.0,0.0,0.0
2025_10_PIT_LAC,LAC,PIT,Oronde Gadsden II,00-0040189,TE,rush_yds,0.004,0.0,0.0,0.0,0.0,0.0
2025_10_PIT_LAC,LAC,PIT,Oronde Gadsden II,00-0040189,TE,tgt,4.958,2.0,3.0,5.0,7.0,9.0
2025_10_PIT_LAC,LAC,PIT,Oronde Gadsden II,00-0040189,TE,rec,4.04,1.0,2.0,4.0,5.0,7.0
2025_10_PIT_LAC,LAC,PIT,Oronde Gadsden II,00-0040189,TE,rec_yds,46.315,7.935,21.857,41.037,65.102,90.852
2025_10_PIT_LAC,LAC,PIT,Oronde Gadsden II,00-0040189,TE,anytime_td,0.262,0.0,0.0,0.0,1.0,1.0
2025_10_PIT_LAC,LAC,PIT,Keenan Allen,00-0030279,WR,car,0.013,0.0,0.0,0.0,0.0,0.0
2025_10_PIT_LAC,LAC,PIT,Keenan Allen,00-0030279,WR,rush_yds,0.086,0.0,0.0,0.0,0.0,0.0
2025_10_PIT_LAC,LAC,PIT,Keenan Allen,00-0030279,WR,tgt,7.482,3.0,5.0,7.0,10.0,12.0
2025_10_PIT_LAC,LAC,PIT,Keenan Allen,00-0030279,WR,rec,5.058,2.0,3.0,5.0,7.0,9.0
2025_10_PIT_LAC,LAC,PIT,Keenan Allen,00-0030279,WR,rec_yds,55.78,16.204,29.498,50.248,75.714,103.58
2025_10_PIT_LAC,LAC,PIT,Keenan Allen,00-0030279,WR,anytime_td,0.284,0.0,0.0,0.0,1.0,1.0
2025_10_PIT_LAC,LAC,PIT,Tre Harris,00-0040727,WR,car,0.012,0.0,0.0,0.0,0.0,0.0
2025_10_PIT_LAC,LAC,PIT,Tre Harris,00-0040727,WR,rush_yds,0.041,0.0,0.0,0.0,0.0,0.0
2025_10_PIT_LAC,LAC,PIT,Tre Harris,00-0040727,WR,tgt,1.923,0.0,1.0,2.0,3.0,4.0
2025_10_PIT_LAC,LAC,PIT,Tre Harris,00-0040727,WR,rec,1.348,0.0,0.0,1.0,2.0,3.0
2025_10_PIT_LAC,LAC,PIT,Tre Harris,00-0040727,WR,rec_yds,14.794,0.0,0.0,8.643,22.483,40.151
2025_10_PIT_LAC,LAC,PIT,Tre Harris,00-0040727,WR,anytime_td,0.108,0.0,0.0,0.0,0.0,1.0
2025_10_PIT_LAC,LAC,PIT,Tyler Conklin,00-0034270,TE,car,0.096,0.0,0.0,0.0,0.0,0.0
2025_10_PIT_LAC,LAC,PIT,Tyler Conklin,00-0034270,TE,rush_yds,0.247,0.0,0.0,0.0,0.0,0.0
2025_10_PIT_LAC,LAC,PIT,Tyler Conklin,00-0034270,TE,tgt,1.574,0.0,0.0,1.0,2.0,4.0
2025_10_PIT_LAC,LAC,PIT,Tyler Conklin,00-0034270,TE,rec,1.164,0.0,0.0,1.0,2.0,3.0
2025_10_PIT_LAC,LAC,PIT,Tyler Conklin,00-0034270,TE,rec_yds,11.876,0.0,0.0,6.11,18.112,33.758
2025_10_PIT_LAC,LAC,PIT,Tyler Conklin,00-0034270,TE,anytime_td,0.049,0.0,0.0,0.0,0.0,0.0
2025_10_PIT_LAC,LAC,PIT,Jaret Patterson,00-0036755,RB,car,8.303,3.0,5.0,8.0,11.0,15.0
2025_10_PIT_LAC,LAC,PIT,Jaret Patterson,00-0036755,RB,rush_yds,34.672,6.001,14.634,28.324,48.178,70.905
2025_10_PIT_LAC,LAC,PIT,Jaret Patterson,00-0036755,RB,tgt,0.288,0.0,0.0,0.0,0.0,1.0
2025_10_PIT_LAC,LAC,PIT,Jaret Patterson,00-0036755,RB,rec,0.235,0.0,0.0,0.0,0.0,1.0
2025_10_PIT_LAC,LAC,PIT,Jaret Patterson,00-0036755,RB,rec_yds,1.737,0.0,0.0,0.0,0.0,6.242
2025_10_PIT_LAC,LAC,PIT,Jaret Patterson,00-0036755,RB,anytime_td,0.122,0.0,0.0,0.0,0.0,1.0
2025_10_PIT_LAC,PIT,LAC,Aaron Rodgers,00-0023459,QB,att,30.729,21.0,26.0,31.0,37.0,41.0
2025_10_PIT_LAC,PIT,LAC,Aaron Rodgers,00-0023459,QB,cmp,20.019,13.0,17.0,20.0,24.0,28.0
2025_10_PIT_LAC,PIT,LAC,Aaron Rodgers,00-0023459,QB,pass_yds,213.757,126.469,170.719,214.361,259.996,305.413
2025_10_PIT_LAC,PIT,LAC,Aaron Rodgers,00-0023459,QB,pass_td,1.378,0.0,1.0,1.0,2.0,3.0
2025_10_PIT_LAC,PIT,LAC,Aaron Rodgers,00-0023459,QB,ints,0.669,0.0,0.0,0.0,1.0,2.0
2025_10_PIT_LAC,PIT,LAC,Aaron Rodgers,00-0023459,QB,car,1.721,0.0,1.0,1.0,3.0,4.0
2025_10_PIT_LAC,PIT,LAC,Aaron Rodgers,00-0023459,QB,rush_yds,6.821,-1.0,0.0,2.749,11.122,21.495
2025_10_PIT_LAC,PIT,LAC,Aaron Rodgers,00-0023459,QB,tgt,0.001,0.0,0.0,0.0,0.0,0.0
2025_10_PIT_LAC,PIT,LAC,Aaron Rodgers,00-0023459,QB,rec,0.0,0.0,0.0,0.0,0.0,0.0
2025_10_PIT_LAC,PIT,LAC,Aaron Rodgers,00-0023459,QB,rec_yds,0.001,0.0,0.0,0.0,0.0,0.0
2025_10_PIT_LAC,PIT,LAC,Aaron Rodgers,00-0023459,QB,anytime_td,0.003,0.0,0.0,0.0,0.0,0.0
2025_10_PIT_LAC,PIT,LAC,DK Metcalf,00-0035640,WR,car,0.012,0.0,0.0,0.0,0.0,0.0
2025_10_PIT_LAC,PIT,LAC,DK Metcalf,00-0035640,WR,rush_yds,0.06,0.0,0.0,0.0,0.0,0.0
2025_10_PIT_LAC,PIT,LAC,DK Metcalf,00-0035640,WR,tgt,5.837,2.0,4.0,5.0,8.0,10.0
2025_10_PIT_LAC,PIT,LAC,DK Metcalf,00-0035640,WR,rec,3.519,1.0,2.0,3.0,5.0,6.0
2025_10_PIT_LAC,PIT,LAC,DK Metcalf,00-0035640,WR,rec_yds,50.385,8.06,22.304,44.144,71.072,100.865
2025_10_PIT_LAC,PIT,LAC,DK Metcalf,00-0035640,WR,anytime_td,0.29,0.0,0.0,0.0,1.0,1.0
2025_10_PIT_LAC,PIT,LAC,Calvin Austin III,00-0037837,WR,car,0.01,0.0,0.0,0.0,0.0,0.0
2025_10_PIT_LAC,PIT,LAC,Calvin Austin III,00-0037837,WR,rush_yds,0.067,0.0,0.0,0.0,0.0,0.0
2025_10_PIT_LAC,PIT,LAC,Calvin Austin III,00-0037837,WR,tgt,4.689,2.0,3.0,4.0,6.0,8.0
2025_10_PIT_LAC,PIT,LAC,Calvin Austin III,00-0037837,WR,rec,2.921,1.0,1.0,3.0,4.0,6.0
2025_10_PIT_LAC,PIT,LAC,Calvin Austin III,00-0037837,WR,rec_yds,37.351,3.615,14.41,30.427,53.402,79.681
2025_10_PIT_LAC,PIT,LAC,Calvin Austin III,00-0037837,WR,anytime_td,0.179,0.0,0.0,0.0,0.0,1.0
2025_10_PIT_LAC,PIT,LAC,Jonnu Smith,00-0033858,TE,car,0.113,0.0,0.0,0.0,0.0,0.0
2025_10_PIT_LAC,PIT,LAC,Jonnu Smith,00-0033858,TE,rush_yds,0.279,0.0,0.0,0.0,0.0,0.0
2025_10_PIT_LAC,PIT,LAC,Jonnu Smith,00-0033858,TE,tgt,4.432,1.0,2.0,4.0,6.0,8.0
2025_10_PIT_LAC,PIT,LAC,Jonnu Smith,00-0033858,TE,rec,3.043,1.0,2.0,3.0,4.0,6.0
2025_10_PIT_LAC,PIT,LAC,Jonnu Smith,00-0033858,TE,rec_yds,29.216,2.626,11.311,24.751,41.434,61.446
2025_10_PIT_LAC,PIT,LAC,Jonnu Smith,00-0033858,TE,anytime_td,0.185,0.0,0.0,0.0,0.0,1.0
2025_10_PIT_LAC,PIT,LAC,Kenny Gainwell,00-0036919,RB,car,5.518,1.0,2.0,5.0,8.0,11.0
2025_10_PIT_LAC,PIT,LAC,Kenny Gainwell,00-0036919,RB,rush_yds,23.526,1.016,6.774,17.17,33.561,53.197
2025_10_PIT_LAC,PIT,LAC,Kenny Gainwell,00-0036919,RB,tgt,3.651,1.0,2.0,3.0,5.0,7.0
2025_10_PIT_LAC,PIT,LAC,Kenny Gainwell,00-0036919,RB,rec,2.861,1.0,1.0,2.0,4.0,6.0
2025_10_PIT_LAC,PIT,LAC,Kenny Gainwell,00-0036919,RB,rec_yds,19.398,0.0,5.662,15.054,28.275,44.496
2025_10_PIT_LAC,PIT,LAC,Kenny Gainwell,00-0036919,RB,anytime_td,0.246,0.0,0.0,0.0,0.0,1.0
2025_10_PIT_LAC,PIT,LAC,Pat Freiermuth,00-0036894,TE,car,0.003,0.0,0.0,0.0,0.0,0.0
2025_10_PIT_LAC,PIT,LAC,Pat Freiermuth,00-0036894,TE,rush_yds,0.012,0.0,0.0,0.0,0.0,0.0
2025_10_PIT_LAC,PIT,LAC,Pat Freiermuth,00-0036894,TE,tgt,3.534,1.0,2.0,3.0,5.0,7.0
2025_10_PIT_LAC,PIT,LAC,Pat Freiermuth,00-0036894,TE,rec,2.49,0.0,1.0,2.0,4.0,5.0
2025_10_PIT_LAC,PIT,LAC,Pat Freiermuth,00-0036894,TE,rec_yds,27.58,0.0,8.331,22.012,41.109,61.423
2025_10_PIT_LAC,PIT,LAC,Pat Freiermuth,00-0036894,TE,anytime_td,0.236,0.0,0.0,0.0,0.0,1.0
2025_10_PIT_LAC,PIT,LAC,Darnell Washington,00-0038558,TE,car,0.001,0.0,0.0,0.0,0.0,0.0
2025_10_PIT_LAC,PIT,LAC,Darnell Washington,00-0038558,TE,rush_yds,0.006,0.0,0.0,0.0,0.0,0.0
2025_10_PIT_LAC,PIT,LAC,Darnell Washington,00-0038558,TE,tgt,2.65,0.0,1.0,2.0,4.0,5.0
2025_10_PIT_LAC,PIT,LAC,Darnell Washington,00-0038558,TE,rec,1.782,0.0,1.0,1.0,3.0,4.0
2025_10_PIT_LAC,PIT,LAC,Darnell Washington,00-0038558,TE,rec_yds,18.852,0.0,1.088,13.898,28.593,45.703
2025_10_PIT_LAC,PIT,LAC,Darnell Washington,00-0038558,TE,anytime_td,0.113,0.0,0.0,0.0,0.0,1.0
2025_10_PIT_LAC,PIT,LAC,Jaylen Warren,00-0037228,RB,car,12.699,6.0,9.0,12.0,16.0,20.0
2025_10_PIT_LAC,PIT,LAC,Jaylen Warren,00-0037228,RB,rush_yds,53.411,16.122,28.536,46.903,70.474,98.553
2025_10_PIT_LAC,PIT,LAC,Jaylen Warren,00-0037228,RB,tgt,3.369,1.0,2.0,3.0,5.0,6.1
2025_10_PIT_LAC,PIT,LAC,Jaylen Warren,00-0037228,RB,rec,2.596,0.0,1.0,2.0,4.0,5.0
2025_10_PIT_LAC,PIT,LAC,Jaylen Warren,00-0037228,RB,rec_yds,20.611,0.0,5.239,15.583,30.269,48.125
2025_10_PIT_LAC,PIT,LAC,Jaylen Warren,00-0037228,RB,anytime_td,0.439,0.0,0.0,0.0,1.0,1.0
2025_10_PIT_LAC,PIT,LAC,Roman Wilson,00-0039739,WR,car,0.007,0.0,0.0,0.0,0.0,0.0
2025_10_PIT_LAC,PIT,LAC,Roman Wilson,00-0039739,WR,rush_yds,0.033,0.0,0.0,0.0,0.0,0.0
2025_10_PIT_LAC,PIT,LAC,Roman Wilson,00-0039739,WR,tgt,1.883,0.0,1.0,2.0,3.0,4.0
2025_10_PIT_LAC,PIT,LAC,Roman Wilson,00-0039739,WR,rec,1.172,0.0,0.0,1.0,2.0,3.0
2025_10_PIT_LAC,PIT,LAC,Roman Wilson,00-0039739,WR,rec_yds,15.392,0.0,0.0,8.201,23.232,43.262
2025_10_PIT_LAC,PIT,LAC,Roman Wilson,00-0039739,WR,anytime_td,0.097,0.0,0.0,0.0,0.0,0.0
2025_10_PIT_LAC,PIT,LAC,Kaleb Johnson,00-0040142,RB,car,3.111,0.0,1.0,2.0,5.0,7.0
2025_10_PIT_LAC,PIT,LAC,Kaleb Johnson,00-0040142,RB,rush_yds,12.668,0.0,0.0,7.216,18.116,33.122
2025_10_PIT_LAC,PIT,LAC,Kaleb Johnson,00-0040142,RB,tgt,0.538,0.0,0.0,0.0,1.0,2.0
2025_10_PIT_LAC,PIT,LAC,Kaleb Johnson,00-0040142,RB,rec,0.4,0.0,0.0,0.0,1.0,1.0
2025_10_PIT_LAC,PIT,LAC,Kaleb Johnson,00-0040142,RB,rec_yds,3.088,0.0,0.0,0.0,1.327,11.654
2025_10_PIT_LAC,PIT,LAC,Kaleb Johnson,00-0040142,RB,anytime_td,0.063,0.0,0.0,0.0,0.0,0.0
2025_10_PHI_GB,GB,PHI,Jordan Love,00-0036264,QB,att,29.937,20.0,25.0,30.5,36.0,40.0
2025_10_PHI_GB,GB,PHI,Jordan Love,00-0036264,QB,cmp,19.72,12.0,16.0,20.0,24.0,27.0
2025_10_PHI_GB,GB,PHI,Jordan Love,00-0036264,QB,pass_yds,226.328,138.361,180.132,226.779,273.767,320.886
2025_10_PHI_GB,GB,PHI,Jordan Love,00-0036264,QB,pass_td,1.399,0.0,1.0,1.0,2.0,3.0
2025_10_PHI_GB,GB,PHI,Jordan Love,00-0036264,QB,ints,0.615,0.0,0.0,0.0,1.0,2.0
2025_10_PHI_GB,GB,PHI,Jordan Love,00-0036264,QB,car,2.872,0.0,1.0,2.0,4.0,6.0
2025_10_PHI_GB,GB,PHI,Jordan Love,00-0036264,QB,rush_yds,12.75,-1.0,0.0,8.884,19.758,32.633
2025_10_PHI_GB,GB,PHI,Jordan Love,00-0036264,QB,tgt,0.001,0.0,0.0,0.0,0.0,0.0
2025_10_PHI_GB,GB,PHI,Jordan Love,00-0036264,QB,rec,0.001,0.0,0.0,0.0,0.0,0.0
2025_10_PHI_GB,GB,PHI,Jordan Love,00-0036264,QB,rec_yds,0.005,0.0,0.0,0.0,0.0,0.0
2025_10_PHI_GB,GB,PHI,Jordan Love,00-0036264,QB,anytime_td,0.031,0.0,0.0,0.0,0.0,0.0
2025_10_PHI_GB,GB,PHI,Christian Watson,00-0038124,WR,car,0.162,0.0,0.0,0.0,0.0,0.0
2025_10_PHI_GB,GB,PHI,Christian Watson,00-0038124,WR,rush_yds,0.882,0.0,0.0,0.0,0.0,0.0
2025_10_PHI_GB,GB,PHI,Christian Watson,00-0038124,WR,tgt,4.202,1.0,2.0,4.0,6.0,8.0
2025_10_PHI_GB,GB,PHI,Christian Watson,00-0038124,WR,rec,2.646,0.0,1.0,2.0,4.0,5.0
2025_10_PHI_GB,GB,PHI,Christian Watson,00-0038124,WR,rec_yds,42.003,0.0,14.227,33.395,61.949,91.995
2025_10_PHI_GB,GB,PHI,Christian Watson,00-0038124,WR,anytime_td,0.084,0.0,0.0,0.0,0.0,0.0
2025_10_PHI_GB,GB,PHI,Luke Musgrave,00-0039144,TE,car,0.005,0.0,0.0,0.0,0.0,0.0
2025_10_PHI_GB,GB,PHI,Luke Musgrave,00-0039144,TE,rush_yds,0.007,0.0,0.0,0.0,0.0,0.0
2025_10_PHI_GB,GB,PHI,Luke Musgrave,00-0039144,TE,tgt,1.551,0.0,0.0,1.0,2.0,4.0
2025_10_PHI_GB,GB,PHI,Luke Musgrave,00-0039144,TE,rec,1.151,0.0,0.0,1.0,2.0,3.0
2025_10_PHI_GB,GB,PHI,Luke Musgrave,00-0039144,TE,rec_yds,11.976,0.0,0.0,6.274,18.811,33.848
2025_10_PHI_GB,GB,PHI,Luke Musgrave,00-0039144,TE,anytime_td,0.021,0.0,0.0,0.0,0.0,0.0
2025_10_PHI_GB,GB,PHI,Josh Jacobs,00-0035700,RB,car,16.818,9.0,12.0,16.0,21.0,25.0
2025_10_PHI_GB,GB,PHI,Josh Jacobs,00-0035700,RB,rush_yds,69.521,25.222,40.281,62.742,91.588,122.664
2025_10_PHI_GB,GB,PHI,Josh Jacobs,00-0035700,RB,tgt,3.707,1.0,2.0,3.0,5.0,7.0
2025_10_PHI_GB,GB,PHI,Josh Jacobs,00-0035700,RB,rec,3.001,1.0,1.0,3.0,4.0,6.0
2025_10_PHI_GB,GB,PHI,Josh Jacobs,00-0035700,RB,rec_yds,23.946,0.0,7.198,18.842,34.595,54.996
2025_10_PHI_GB,GB,PHI,Josh Jacobs,00-0035700,RB,anytime_td,0.612,0.0,0.0,1.0,1.0,1.0
2025_10_PHI_GB,GB,PHI,Dontayvion Wicks,00-0038393,WR,car,0.008,0.0,0.0,0.0,0.0,0.0
2025_10_PHI_GB,GB,PHI,Dontayvion Wicks,00-0038393,WR,rush_yds,0.042,0.0,0.0,0.0,0.0,0.0
2025_10_PHI_GB,GB,PHI,Dontayvion Wicks,00-0038393,WR,tgt,4.336,1.0,2.0,4.0,6.0,8.0
2025_10_PHI_GB,GB,PHI,Dontayvion Wicks,00-0038393,WR,rec,2.709,0.0,1.0,2.0,4.0,5.0
2025_10_PHI_GB,GB,PHI,Dontayvion Wicks,00-0038393,WR,rec_yds,33.076,0.0,11.155,26.123,48.19,73.152
2025_10_PHI_GB,GB,PHI,Dontayvion Wicks,00-0038393,WR,anytime_td,0.075,0.0,0.0,0.0,0.0,0.0
2025_10_PHI_GB,GB,PHI,Romeo Doubs,00-0037816,WR,car,0.004,0.0,0.0,0.0,0.0,0.0
2025_10_PHI_GB,GB,PHI,Romeo Doubs,00-0037816,WR,rush_yds,0.02,0.0,0.0,0.0,0.0,0.0
2025_10_PHI_GB,GB,PHI,Romeo Doubs,00-0037816,WR,tgt,7.546,3.0,5.0,7.0,10.0,12.0
2025_10_PHI_GB,GB,PHI,Romeo Doubs,00-0037816,WR,rec,4.841,2.0,3.0,5.0,6.0,8.0
2025_10_PHI_GB,GB,PHI,Romeo Doubs,00-0037816,WR,rec_yds,62.765,16.788,32.852,57.072,85.636,118.151
2025_10_PHI_GB,GB,PHI,Romeo Doubs,00-0037816,WR,anytime_td,0.283,0.0,0.0,0.0,1.0,1.0
2025_10_PHI_GB,GB,PHI,Bo Melton,00-0037091,WR,car,0.241,0.0,0.0,0.0,0.0,1.0
2025_10_PHI_GB,GB,PHI,Bo Melton,00-0037091,WR,rush_yds,1.421,0.0,0.0,0.0,0.0,0.916
2025_10_PHI_GB,GB,PHI,Bo Melton,00-0037091,WR,tgt,0.708,0.0,0.0,0.0,1.0,2.0
2025_10_PHI_GB,GB,PHI,Bo Melton,00-0037091,WR,rec,0.439,0.0,0.0,0.0,1.0,1.0
2025_10_PHI_GB,GB,PHI,Bo Melton,00-0037091,WR,rec_yds,5.551,0.0,0.0,0.0,6.417,20.226
2025_10_PHI_GB,GB,PHI,Bo Melton,00-0037091,WR,anytime_td,0.016,0.0,0.0,0.0,0.0,0.0
2025_10_PHI_GB,GB,PHI,Malik Heath,00-0038465,WR,car,0.006,0.0,0.0,0.0,0.0,0.0
2025_10_PHI_GB,GB,PHI,Malik Heath,00-0038465,WR,rush_yds,0.036,0.0,0.0,0.0,0.0,0.0
2025_10_PHI_GB,GB,PHI,Malik Heath,00-0038465,WR,tgt,1.272,0.0,0.0,1.0,2.0,3.0
2025_10_PHI_GB,GB,PHI,Malik Heath,00-0038465,WR,rec,0.842,0.0,0.0,1.0,1.0,2.0
2025_10_PHI_GB,GB,PHI,Malik Heath,00-0038465,WR,rec_yds,10.975,0.0,0.0,0.0,16.01,34.312
2025_10_PHI_GB,GB,PHI,Malik Heath,00-0038465,WR,anytime_td,0.032,0.0,0.0,0.0,0.0,0.0
2025_10_PHI_GB,GB,PHI,Emanuel Wilson,00-0038797,RB,car,5.935,1.0,3.0,5.0,8.0,12.0
2025_10_PHI_GB,GB,PHI,Emanuel Wilson,00-0038797,RB,rush_yds,25.667,1.866,7.678,19.062,36.167,58.482
2025_10_PHI_GB,GB,PHI,Emanuel Wilson,00-0038797,RB,tgt,1.66,0.0,0.0,1.0,2.0,4.0
2025_10_PHI_GB,GB,PHI,Emanuel Wilson,00-0038797,RB,rec,1.298,0.0,0.0,1.0,2.0,3.0
2025_10_PHI_GB,GB,PHI,Emanuel Wilson,00-0038797,RB,rec_yds,9.496,0.0,0.0,4.72,14.016,26.646
2025_10_PHI_GB,GB,PHI,Emanuel Wilson,00-0038797,RB,anytime_td,0.161,0.0,0.0,0.0,0.0,1.0
2025_10_PHI_GB,GB,PHI,John FitzPatrick,00-0037306,TE,car,0.005,0.0,0.0,0.0,0.0,0.0
2025_10_PHI_GB,GB,PHI,John FitzPatrick,00-0037306,TE,rush_yds,0.016,0.0,0.0,0.0,0.0,0.0
2025_10_PHI_GB,GB,PHI,John FitzPatrick,00-0037306,TE,tgt,0.633,0.0,0.0,0.0,1.0,2.0
2025_10_PHI_GB,GB,PHI,John FitzPatrick,00-0037306,TE,rec,0.472,0.0,0.0,0.0,1.0,2.0
2025_10_PHI_GB,GB,PHI,John FitzPatrick,00-0037306,TE,rec_yds,4.827,0.0,0.0,0.0,5.951,16.976
2025_10_PHI_GB,GB,PHI,John FitzPatrick,00-0037306,TE,anytime_td,0.054,0.0,0.0,0.0,0.0,0.0
2025_10_PHI_GB,GB,PHI,Chris Brooks,00-0038685,RB,car,0.773,0.0,0.0,0.0,1.0,3.0
2025_10_PHI_GB,GB,PHI,Chris Brooks,00-0038685,RB,rush_yds,3.209,0.0,0.0,0.0,2.127,10.558
2025_10_PHI_GB,GB,PHI,Chris Brooks,00-0038685,RB,tgt,1.197,0.0,0.0,1.0,2.0,3.0
2025_10_PHI_GB,GB,PHI,Chris Brooks,00-0038685,RB,rec,0.931,0.0,0.0,1.0,1.0,2.0
2025_10_PHI_GB,GB,PHI,Chris Brooks,00-0038685,RB,rec_yds,7.088,0.0,0.0,0.0,10.6,21.392
2025_10_PHI_GB,GB,PHI,Chris Brooks,00-0038685,RB,anytime_td,0.036,0.0,0.0,0.0,0.0,0.0
2025_10_PHI_GB,GB,PHI,Josh Whyle,00-0038589,TE,car,0.004,0.0,0.0,0.0,0.0,0.0
2025_10_PHI_GB,GB,PHI,Josh Whyle,00-0038589,TE,rush_yds,0.007,0.0,0.0,0.0,0.0,0.0
2025_10_PHI_GB,GB,PHI,Josh Whyle,00-0038589,TE,tgt,2.537,0.0,1.0,2.0,4.0,5.0
2025_10_PHI_GB,GB,PHI,Josh Whyle,00-0038589,TE,rec,1.827,0.0,1.0,2.0,3.0,4.0
2025_10_PHI_GB,GB,PHI,Josh Whyle,00-0038589,TE,rec_yds,18.961,0.0,3.137,14.012,28.315,45.264
2025_10_PHI_GB,GB,PHI,Josh Whyle,00-0038589,TE,anytime_td,0.105,0.0,0.0,0.0,0.0,1.0
2025_10_PHI_GB,GB,PHI,Savion Williams,00-0040009,WR,car,0.984,0.0,0.0,0.0,1.0,3.0
2025_10_PHI_GB,GB,PHI,Savion Williams,00-0040009,WR,rush_yds,5.475,0.0,0.0,0.0,4.658,18.784
2025_10_PHI_GB,GB,PHI,Savion Williams,00-0040009,WR,tgt,1.228,0.0,0.0,1.0,2.0,3.0
2025_10_PHI_GB,GB,PHI,Savion Williams,00-0040009,WR,rec,0.822,0.0,0.0,0.0,1.0,2.0
2025_10_PHI_GB,GB,PHI,Savion Williams,00-0040009,WR,rec_yds,10.021,0.0,0.0,0.0,14.862,31.995
2025_10_PHI_GB,GB,PHI,Savion Williams,00-0040009,WR,anytime_td,0.11,0.0,0.0,0.0,0.0,1.0
2025_10_PHI_GB,PHI,GB,Jalen Hurts,00-0036389,QB,att,27.832,18.0,23.0,28.0,33.0,38.0
2025_10_PHI_GB,PHI,GB,Jalen Hurts,00-0036389,QB,cmp,18.705,12.0,15.0,19.0,23.0,26.0
2025_10_PHI_GB,PHI,GB,Jalen Hurts,00-0036389,QB,pass_yds,205.146,121.641,161.769,206.112,250.161,293.558
2025_10_PHI_GB,PHI,GB,Jalen Hurts,00-0036389,QB,pass_td,1.314,0.0,1.0,1.0,2.0,3.0
2025_10_PHI_GB,PHI,GB,Jalen Hurts,00-0036389,QB,ints,0.514,0.0,0.0,0.0,1.0,2.0
2025_10_PHI_GB,PHI,GB,Jalen Hurts,00-0036389,QB,car,5.809,2.0,3.0,5.0,8.0,11.0
2025_10_PHI_GB,PHI,GB,Jalen Hurts,00-0036389,QB,rush_yds,25.746,2.956,10.798,22.175,37.07,52.114
2025_10_PHI_GB,PHI,GB,Jalen Hurts,00-0036389,QB,tgt,0.0,0.0,0.0,0.0,0.0,0.0
2025_10_PHI_GB,PHI,GB,Jalen Hurts,00-0036389,QB,rec,0.0,0.0,0.0,0.0,0.0,0.0
2025_10_PHI_GB,PHI,GB,Jalen Hurts,00-0036389,QB,rec_yds,0.001,0.0,0.0,0.0,0.0,0.0
2025_10_PHI_GB,PHI,GB,Jalen Hurts,00-0036389,QB,anytime_td,0.311,0.0,0.0,0.0,1.0,1.0
2025_10_PHI_GB,PHI,GB,DeVonta Smith,00-0036912,WR,car,0.009,0.0,0.0,0.0,0.0,0.0
2025_10_PHI_GB,PHI,GB,DeVonta Smith,00-0036912,WR,rush_yds,0.059,0.0,0.0,0.0,0.0,0.0
2025_10_PHI_GB,PHI,GB,DeVonta Smith,00-0036912,WR,tgt,7.028,3.0,5.0,7.0,9.0,11.0
2025_10_PHI_GB,PHI,GB,DeVonta Smith,00-0036912,WR,rec,5.057,2.0,3.0,5.0,7.0,9.0
2025_10_PHI_GB,PHI,GB,DeVonta Smith,00-0036912,WR,rec_yds,65.066,18.983,34.799,59.205,88.463,117.523
2025_10_PHI_GB,PHI,GB,DeVonta Smith,00-0036912,WR,anytime_td,0.206,0.0,0.0,0.0,0.0,1.0
2025_10_PHI_GB,PHI,GB,Dallas Goedert,00-0034351,TE,car,0.039,0.0,0.0,0.0,0.0,0.0
2025_10_PHI_GB,PHI,GB,Dallas Goedert,00-0034351,TE,rush_yds,0.095,0.0,0.0,0.0,0.0,0.0
2025_10_PHI_GB,PHI,GB,Dallas Goedert,00-0034351,TE,tgt,5.313,2.0,3.0,5.0,7.0,9.0
2025_10_PHI_GB,PHI,GB,Dallas Goedert,00-0034351,TE,rec,3.961,1.0,2.0,4.0,5.0,7.0
2025_10_PHI_GB,PHI,GB,Dallas Goedert,00-0034351,TE,rec_yds,39.116,8.305,19.049,34.696,54.448,75.497
2025_10_PHI_GB,PHI,GB,Dallas Goedert,00-0034351,TE,anytime_td,0.352,0.0,0.0,0.0,1.0,1.0
2025_10_PHI_GB,PHI,GB,A.J. Brown,00-0035676,WR,car,0.007,0.0,0.0,0.0,0.0,0.0
2025_10_PHI_GB,PHI,GB,A.J. Brown,00-0035676,WR,rush_yds,0.049,0.0,0.0,0.0,0.0,0.0
2025_10_PHI_GB,PHI,GB,A.J. Brown,00-0035676,WR,tgt,6.961,3.0,5.0,7.0,9.0,11.0
2025_10_PHI_GB,PHI,GB,A.J. Brown,00-0035676,WR,rec,4.234,1.0,3.0,4.0,6.0,7.0
2025_10_PHI_GB,PHI,GB,A.J. Brown,00-0035676,WR,rec_yds,54.727,12.338,27.19,49.287,75.801,103.081
2025_10_PHI_GB,PHI,GB,A.J. Brown,00-0035676,WR,anytime_td,0.314,0.0,0.0,0.0,1.0,1.0
2025_10_PHI_GB,PHI,GB,Saquon Barkley,00-0034844,RB,car,13.769,6.0,9.0,13.0,18.0,22.0
2025_10_PHI_GB,PHI,GB,Saquon Barkley,00-0034844,RB,rush_yds,59.813,19.32,33.106,53.223,79.475,108.951
2025_10_PHI_GB,PHI,GB,Saquon Barkley,00-0034844,RB,tgt,3.407,1.0,2.0,3.0,5.0,7.0
2025_10_PHI_GB,PHI,GB,Saquon Barkley,00-0034844,RB,rec,2.749,0.0,1.0,2.0,4.0,6.0
2025_10_PHI_GB,PHI,GB,Saquon Barkley,00-0034844,RB,rec_yds,18.889,0.0,5.164,14.258,27.658,43.299
2025_10_PHI_GB,PHI,GB,Saquon Barkley,00-0034844,RB,anytime_td,0.405,0.0,0.0,0.0,1.0,1.0
2025_10_PHI_GB,PHI,GB,Grant Calcaterra,00-0037086,TE,car,0.001,0.0,0.0,0.0,0.0,0.0
2025_10_PHI_GB,PHI,GB,Grant Calcaterra,00-0037086,TE,rush_yds,0.002,0.0,0.0,0.0,0.0,0.0
2025_10_PHI_GB,PHI,GB,Grant Calcaterra,00-0037086,TE,tgt,1.099,0.0,0.0,1.0,2.0,3.0
2025_10_PHI_GB,PHI,GB,Grant Calcaterra,00-0037086,TE,rec,0.784,0.0,0.0,0.0,1.0,2.0
2025_10_PHI_GB,PHI,GB,Grant Calcaterra,00-0037086,TE,rec_yds,7.65,0.0,0.0,0.0,11.294,23.651
2025_10_PHI_GB,PHI,GB,Grant Calcaterra,00-0037086,TE,anytime_td,0.019,0.0,0.0,0.0,0.0,0.0
2025_10_PHI_GB,PHI,GB,Jahan Dotson,00-0037741,WR,car,0.009,0.0,0.0,0.0,0.0,0.0
2025_10_PHI_GB,PHI,GB,Jahan Dotson,00-0037741,WR,rush_yds,0.065,0.0,0.0,0.0,0.0,0.0
2025_10_PHI_GB,PHI,GB,Jahan Dotson,00-0037741,WR,tgt,1.785,0.0,1.0,1.0,3.0,4.0
2025_10_PHI_GB,PHI,GB,Jahan Dotson,00-0037741,WR,rec,1.106,0.0,0.0,1.0,2.0,3.0
2025_10_PHI_GB,PHI,GB,Jahan Dotson,00-0037741,WR,rec_yds,14.548,0.0,0.0,7.663,21.638,40.023
2025_10_PHI_GB,PHI,GB,Jahan Dotson,00-0037741,WR,anytime_td,0.091,0.0,0.0,0.0,0.0,0.0
2025_10_PHI_GB,PHI,GB,Will Shipley,00-0039746,RB,car,1.645,0.0,0.0,1.0,2.0,5.0
2025_10_PHI_GB,PHI,GB,Will Shipley,00-0039746,RB,rush_yds,6.816,0.0,0.0,0.91,8.515,21.161
2025_10_PHI_GB,PHI,GB,Will Shipley,00-0039746,RB,tgt,0.649,0.0,0.0,0.0,1.0,2.0
2025_10_PHI_GB,PHI,GB,Will Shipley,00-0039746,RB,rec,0.495,0.0,0.0,0.0,1.0,2.0
2025_10_PHI_GB,PHI,GB,Will Shipley,00-0039746,RB,rec_yds,3.44,0.0,0.0,0.0,4.048,12.131
2025_10_PHI_GB,PHI,GB,Will Shipley,00-0039746,RB,anytime_td,0.04,0.0,0.0,0.0,0.0,0.0
2025_10_PHI_GB,PHI,GB,Tank Bigsby,00-0038555,RB,car,5.834,1.0,3.0,5.0,8.0,11.0
2025_10_PHI_GB,PHI,GB,Tank Bigsby,00-0038555,RB,rush_yds,27.524,2.084,8.579,20.784,38.7,60.967
2025_10_PHI_GB,PHI,GB,Tank Bigsby,00-0038555,RB,tgt,0.613,0.0,0.0,0.0,1.0,2.0
2025_10_PHI_GB,PHI,GB,Tank Bigsby,00-0038555,RB,rec,0.479,0.0,0.0,0.0,1.0,2.0
2025_10_PHI_GB,PHI,GB,Tank Bigsby,00-0038555,RB,rec_yds,3.342,0.0,0.0,0.0,3.664,12.107
2025_10_PHI_GB,PHI,GB,Tank Bigsby,00-0038555,RB,anytime_td,0.174,0.0,0.0,0.0,0.0,1.0
2025_10_PHI_GB,PHI,GB,Xavier Gipson,00-0038496,WR,car,0.101,0.0,0.0,0.0,0.0,0.0
2025_10_PHI_GB,PHI,GB,Xavier Gipson,00-0038496,WR,rush_yds,0.613,0.0,0.0,0.0,0.0,0.0
2025_10_PHI_GB,PHI,GB,Xavier Gipson,00-0038496,WR,tgt,0.815,0.0,0.0,0.0,1.0,2.0
2025_10_PHI_GB,PHI,GB,Xavier Gipson,00-0038496,WR,rec,0.524,0.0,0.0,0.0,1.0,2.0
2025_10_PHI_GB,PHI,GB,Xavier Gipson,00-0038496,WR,rec_yds,6.151,0.0,0.0,0.0,7.976,20.801
2025_10_PHI_GB,PHI,GB,Xavier Gipson,00-0038496,WR,anytime_td,0.022,0.0,0.0,0.0,0.0,0.0
