game_id,team,opp,player,player_id,pos,stat,mean,p10,p25,median,p75,p90
2025_09_BAL_MIA,MIA,BAL,Tua Tagovailoa,00-0036212,QB,att,32.551,22.0,28.0,33.0,38.0,43.0
2025_09_BAL_MIA,MIA,BAL,Tua Tagovailoa,00-0036212,QB,cmp,21.884,14.0,18.0,22.0,26.0,30.0
2025_09_BAL_MIA,MIA,BAL,Tua Tagovailoa,00-0036212,QB,pass_yds,228.668,138.444,182.102,229.597,277.437,326.036
2025_09_BAL_MIA,MIA,BAL,Tua Tagovailoa,00-0036212,QB,pass_td,1.457,0.0,1.0,1.0,2.0,3.0
2025_09_BAL_MIA,MIA,BAL,Tua Tagovailoa,00-0036212,QB,ints,0.769,0.0,0.0,1.0,1.0,2.0
2025_09_BAL_MIA,MIA,BAL,Tua Tagovailoa,00-0036212,QB,car,2.122,0.0,1.0,2.0,3.0,5.0
2025_09_BAL_MIA,MIA,BAL,Tua Tagovailoa,00-0036212,QB,rush_yds,8.971,-1.0,0.0,5.381,14.21,24.717
2025_09_BAL_MIA,MIA,BAL,Tua Tagovailoa,00-0036212,QB,tgt,0.001,0.0,0.0,0.0,0.0,0.0
2025_09_BAL_MIA,MIA,BAL,Tua Tagovailoa,00-0036212,QB,rec,0.001,0.0,0.0,0.0,0.0,0.0
2025_09_BAL_MIA,MIA,BAL,Tua Tagovailoa,00-0036212,QB,rec_yds,0.006,0.0,0.0,0.0,0.0,0.0
2025_09_BAL_MIA,MIA,BAL,Tua Tagovailoa,00-0036212,QB,anytime_td,0.017,0.0,0.0,0.0,0.0,0.0
2025_09_BAL_MIA,MIA,BAL,De'Von Achane,00-0039040,RB,car,14.291,7.0,10.0,14.0,18.0,22.0
2025_09_BAL_MIA,MIA,BAL,De'Von Achane,00-0039040,RB,rush_yds,62.033,20.462,34.832,55.325,81.91,112.633
2025_09_BAL_MIA,MIA,BAL,De'Von Achane,00-0039040,RB,tgt,7.155,3.0,5.0,7.0,9.0,12.0
2025_09_BAL_MIA,MIA,BAL,De'Von Achane,00-0039040,RB,rec,5.555,2.0,3.0,5.0,7.0,9.0
2025_09_BAL_MIA,MIA,BAL,De'Von Achane,00-0039040,RB,rec_yds,37.842,8.755,18.875,33.783,52.257,72.583
2025_09_BAL_MIA,MIA,BAL,De'Von Achane,00-0039040,RB,anytime_td,0.573,0.0,0.0,1.0,1.0,1.0
2025_09_BAL_MIA,MIA,BAL,Jaylen Waddle,00-0036613,WR,car,0.048,0.0,0.0,0.0,0.0,0.0
2025_09_BAL_MIA,MIA,BAL,Jaylen Waddle,00-0036613,WR,rush_yds,0.222,0.0,0.0,0.0,0.0,0.0
2025_09_BAL_MIA,MIA,BAL,Jaylen Waddle,00-0036613,WR,tgt,7.747,4.0,5.0,7.0,10.0,12.0
2025_09_BAL_MIA,MIA,BAL,Jaylen Waddle,00-0036613,WR,rec,5.181,2.0,3.0,5.0,7.0,9.0
2025_09_BAL_MIA,MIA,BAL,Jaylen Waddle,00-0036613,WR,rec_yds,72.465,20.699,38.312,65.967,98.401,133.655
2025_09_BAL_MIA,MIA,BAL,Jaylen Waddle,00-0036613,WR,anytime_td,0.274,0.0,0.0,0.0,1.0,1.0
2025_09_BAL_MIA,MIA,BAL,Malik Washington,00-0039880,WR,car,0.817,0.0,0.0,0.0,1.0,3.0
2025_09_BAL_MIA,MIA,BAL,Malik Washington,00-0039880,WR,rush_yds,4.463,0.0,0.0,0.0,3.256,16.0
2025_09_BAL_MIA,MIA,BAL,Malik Washington,00-0039880,WR,tgt,5.949,2.0,4.0,6.0,8.0,10.0
2025_09_BAL_MIA,MIA,BAL,Malik Washington,00-0039880,WR,rec,4.013,1.0,2.0,4.0,5.0,7.0
2025_09_BAL_MIA,MIA,BAL,Malik Washington,00-0039880,WR,rec_yds,41.061,8.124,19.329,35.966,57.171,80.285
2025_09_BAL_MIA,MIA,BAL,Malik Washington,00-0039880,WR,anytime_td,0.178,0.0,0.0,0.0,0.0,1.0
2025_09_BAL_MIA,MIA,BAL,Nick Westbrook-Ikhine,00-0036182,WR,car,0.01,0.0,0.0,0.0,0.0,0.0
2025_09_BAL_MIA,MIA,BAL,Nick Westbrook-Ikhine,00-0036182,WR,rush_yds,0.043,0.0,0.0,0.0,0.0,0.0
2025_09_BAL_MIA,MIA,BAL,Nick Westbrook-Ikhine,00-0036182,WR,tgt,2.922,0.0,1.0,3.0,4.0,6.0
2025_09_BAL_MIA,MIA,BAL,Nick Westbrook-Ikhine,00-0036182,WR,rec,1.82,0.0,1.0,1.0,3.0,4.0
2025_09_BAL_MIA,MIA,BAL,Nick Westbrook-Ikhine,00-0036182,WR,rec_yds,22.257,0.0,3.652,15.265,33.472,55.327
2025_09_BAL_MIA,MIA,BAL,Nick Westbrook-Ikhine,00-0036182,WR,anytime_td,0.078,0.0,0.0,0.0,0.0,0.0
2025_09_BAL_MIA,MIA,BAL,Tanner Conner,00-0037348,TE,car,0.003,0.0,0.0,0.0,0.0,0.0
2025_09_BAL_MIA,MIA,BAL,Tanner Conner,00-0037348,TE,rush_yds,0.012,0.0,0.0,0.0,0.0,0.0
2025_09_BAL_MIA,MIA,BAL,Tanner Conner,00-0037348,TE,tgt,2.089,0.0,1.0,2.0,3.0,5.0
2025_09_BAL_MIA,MIA,BAL,Tanner Conner,00-0037348,TE,rec,1.513,0.0,0.0,1.0,2.0,4.0
2025_09_BAL_MIA,MIA,BAL,Tanner Conner,00-0037348,TE,rec_yds,15.325,0.0,0.0,9.704,23.321,39.596
2025_09_BAL_MIA,MIA,BAL,Tanner Conner,00-0037348,TE,anytime_td,0.029,0.0,0.0,0.0,0.0,0.0
2025_09_BAL_MIA,MIA,BAL,Greg Dulcich,00-0037252,TE,car,0.003,0.0,0.0,0.0,0.0,0.0
2025_09_BAL_MIA,MIA,BAL,Greg Dulcich,00-0037252,TE,rush_yds,0.005,0.0,0.0,0.0,0.0,0.0
2025_09_BAL_MIA,MIA,BAL,Greg Dulcich,00-0037252,TE,tgt,0.666,0.0,0.0,0.0,1.0,2.0
2025_09_BAL_MIA,MIA,BAL,Greg Dulcich,00-0037252,TE,rec,0.476,0.0,0.0,0.0,1.0,2.0
2025_09_BAL_MIA,MIA,BAL,Greg Dulcich,00-0037252,TE,rec_yds,4.799,0.0,0.0,0.0,6.003,17.246
2025_09_BAL_MIA,MIA,BAL,Greg Dulcich,00-0037252,TE,anytime_td,0.01,0.0,0.0,0.0,0.0,0.0
2025_09_BAL_MIA,MIA,BAL,Cedrick Wilson Jr.,00-0034418,WR,car,0.015,0.0,0.0,0.0,0.0,0.0
2025_09_BAL_MIA,MIA,BAL,Cedrick Wilson Jr.,00-0034418,WR,rush_yds,0.063,0.0,0.0,0.0,0.0,0.0
2025_09_BAL_MIA,MIA,BAL,Cedrick Wilson Jr.,00-0034418,WR,tgt,2.379,0.0,1.0,2.0,3.0,5.0
2025_09_BAL_MIA,MIA,BAL,Cedrick Wilson Jr.,00-0034418,WR,rec,1.577,0.0,0.0,1.0,2.0,4.0
2025_09_BAL_MIA,MIA,BAL,Cedrick Wilson Jr.,00-0034418,WR,rec_yds,19.204,0.0,0.0,12.361,29.329,49.562
2025_09_BAL_MIA,MIA,BAL,Cedrick Wilson Jr.,00-0034418,WR,anytime_td,0.051,0.0,0.0,0.0,0.0,0.0
2025_09_BAL_MIA,MIA,BAL,Ollie Gordon II,00-0040198,RB,car,5.514,1.0,2.0,5.0,8.0,11.0
2025_09_BAL_MIA,MIA,BAL,Ollie Gordon II,00-0040198,RB,rush_yds,20.533,0.917,6.298,15.208,29.035,46.184
2025_09_BAL_MIA,MIA,BAL,Ollie Gordon II,00-0040198,RB,tgt,1.255,0.0,0.0,1.0,2.0,3.0
2025_09_BAL_MIA,MIA,BAL,Ollie Gordon II,00-0040198,RB,rec,0.985,0.0,0.0,1.0,2.0,3.0
2025_09_BAL_MIA,MIA,BAL,Ollie Gordon II,00-0040198,RB,rec_yds,7.297,0.0,0.0,1.055,10.555,21.802
2025_09_BAL_MIA,MIA,BAL,Ollie Gordon II,00-0040198,RB,anytime_td,0.255,0.0,0.0,0.0,1.0,1.0
2025_09_BAL_MIA,MIA,BAL,Alec Ingold,00-0035125,RB,car,0.447,0.0,0.0,0.0,0.0,2.0
2025_09_BAL_MIA,MIA,BAL,Alec Ingold,00-0035125,RB,rush_yds,1.767,0.0,0.0,0.0,0.0,5.572
2025_09_BAL_MIA,MIA,BAL,Alec Ingold,00-0035125,RB,tgt,1.017,0.0,0.0,1.0,2.0,3.0
2025_09_BAL_MIA,MIA,BAL,Alec Ingold,00-0035125,RB,rec,0.804,0.0,0.0,0.0,1.0,2.0
2025_09_BAL_MIA,MIA,BAL,Alec Ingold,00-0035125,RB,rec_yds,5.877,0.0,0.0,0.0,8.124,19.018
2025_09_BAL_MIA,MIA,BAL,Alec Ingold,00-0035125,RB,anytime_td,0.024,0.0,0.0,0.0,0.0,0.0
2025_09_BAL_MIA,MIA,BAL,Tahj Washington,00-0039884,WR,car,0.045,0.0,0.0,0.0,0.0,0.0
2025_09_BAL_MIA,MIA,BAL,Tahj Washington,00-0039884,WR,rush_yds,0.239,0.0,0.0,0.0,0.0,0.0
2025_09_BAL_MIA,MIA,BAL,Tahj Washington,00-0039884,WR,tgt,0.634,0.0,0.0,0.0,1.0,2.0
2025_09_BAL_MIA,MIA,BAL,Tahj Washington,00-0039884,WR,rec,0.401,0.0,0.0,0.0,1.0,1.0
2025_09_BAL_MIA,MIA,BAL,Tahj Washington,00-0039884,WR,rec_yds,5.246,0.0,0.0,0.0,4.647,19.247
2025_09_BAL_MIA,MIA,BAL,Tahj Washington,00-0039884,WR,anytime_td,0.013,0.0,0.0,0.0,0.0,0.0
2025_09_BAL_MIA,MIA,BAL,Dee Eskridge,00-0036620,WR,car,0.018,0.0,0.0,0.0,0.0,0.0
2025_09_BAL_MIA,MIA,BAL,Dee Eskridge,00-0036620,WR,rush_yds,0.102,0.0,0.0,0.0,0.0,0.0
2025_09_BAL_MIA,MIA,BAL,Dee Eskridge,00-0036620,WR,tgt,1.053,0.0,0.0,1.0,2.0,3.0
2025_09_BAL_MIA,MIA,BAL,Dee Eskridge,00-0036620,WR,rec,0.676,0.0,0.0,0.0,1.0,2.0
2025_09_BAL_MIA,MIA,BAL,Dee Eskridge,00-0036620,WR,rec_yds,8.941,0.0,0.0,0.0,12.766,29.468
2025_09_BAL_MIA,MIA,BAL,Dee Eskridge,00-0036620,WR,anytime_td,0.009,0.0,0.0,0.0,0.0,0.0
2025_09_BAL_MIA,BAL,MIA,Lamar Jackson,00-0034796,QB,att,26.818,17.0,23.0,27.0,32.0,36.0
2025_09_BAL_MIA,BAL,MIA,Lamar Jackson,00-0034796,QB,cmp,19.354,12.0,16.0,20.0,23.0,27.0
2025_09_BAL_MIA,BAL,MIA,Lamar Jackson,00-0034796,QB,pass_yds,229.301,134.92,180.783,229.246,279.467,329.751
2025_09_BAL_MIA,BAL,MIA,Lamar Jackson,00-0034796,QB,pass_td,1.852,0.0,1.0,2.0,3.0,3.0
2025_09_BAL_MIA,BAL,MIA,Lamar Jackson,00-0034796,QB,ints,0.475,0.0,0.0,0.0,1.0,1.0
2025_09_BAL_MIA,BAL,MIA,Lamar Jackson,00-0034796,QB,car,6.857,2.0,4.0,6.0,9.0,12.0
2025_09_BAL_MIA,BAL,MIA,Lamar Jackson,00-0034796,QB,rush_yds,33.691,4.35,14.221,28.477,47.385,68.943
2025_09_BAL_MIA,BAL,MIA,Lamar Jackson,00-0034796,QB,tgt,0.001,0.0,0.0,0.0,0.0,0.0
2025_09_BAL_MIA,BAL,MIA,Lamar Jackson,00-0034796,QB,rec,0.001,0.0,0.0,0.0,0.0,0.0
2025_09_BAL_MIA,BAL,MIA,Lamar Jackson,00-0034796,QB,rec_yds,0.005,0.0,0.0,0.0,0.0,0.0
2025_09_BAL_MIA,BAL,MIA,Lamar Jackson,00-0034796,QB,anytime_td,0.279,0.0,0.0,0.0,1.0,1.0
2025_09_BAL_MIA,BAL,MIA,Zay Flowers,00-0039064,WR,car,0.465,0.0,0.0,0.0,0.0,2.0
2025_09_BAL_MIA,BAL,MIA,Zay Flowers,00-0039064,WR,rush_yds,2.942,0.0,0.0,0.0,0.0,8.362
2025_09_BAL_MIA,BAL,MIA,Zay Flowers,00-0039064,WR,tgt,7.365,3.0,5.0,7.0,9.0,12.0
2025_09_BAL_MIA,BAL,MIA,Zay Flowers,00-0039064,WR,rec,5.39,2.0,3.0,5.0,7.0,9.0
2025_09_BAL_MIA,BAL,MIA,Zay Flowers,00-0039064,WR,rec_yds,71.647,22.002,39.647,64.919,96.598,131.525
2025_09_BAL_MIA,BAL,MIA,Zay Flowers,00-0039064,WR,anytime_td,0.242,0.0,0.0,0.0,0.0,1.0
2025_09_BAL_MIA,BAL,MIA,Rashod Bateman,00-0036550,WR,car,0.011,0.0,0.0,0.0,0.0,0.0
2025_09_BAL_MIA,BAL,MIA,Rashod Bateman,00-0036550,WR,rush_yds,0.083,0.0,0.0,0.0,0.0,0.0
2025_09_BAL_MIA,BAL,MIA,Rashod Bateman,00-0036550,WR,tgt,3.537,1.0,2.0,3.0,5.0,7.0
2025_09_BAL_MIA,BAL,MIA,Rashod Bateman,00-0036550,WR,rec,2.281,0.0,1.0,2.0,3.0,5.0
2025_09_BAL_MIA,BAL,MIA,Rashod Bateman,00-0036550,WR,rec_yds,33.541,0.0,9.316,25.762,49.503,78.178
2025_09_BAL_MIA,BAL,MIA,Rashod Bateman,00-0036550,WR,anytime_td,0.245,0.0,0.0,0.0,0.0,1.0
2025_09_BAL_MIA,BAL,MIA,Derrick Henry,00-0032764,RB,car,15.912,8.0,11.0,15.0,20.0,24.0
2025_09_BAL_MIA,BAL,MIA,Derrick Henry,00-0032764,RB,rush_yds,80.216,28.962,46.206,72.584,105.392,140.478
2025_09_BAL_MIA,BAL,MIA,Derrick Henry,00-0032764,RB,tgt,1.385,0.0,0.0,1.0,2.0,3.0
2025_09_BAL_MIA,BAL,MIA,Derrick Henry,00-0032764,RB,rec,1.105,0.0,0.0,1.0,2.0,3.0
2025_09_BAL_MIA,BAL,MIA,Derrick Henry,00-0032764,RB,rec_yds,9.377,0.0,0.0,3.602,13.763,27.042
2025_09_BAL_MIA,BAL,MIA,Derrick Henry,00-0032764,RB,anytime_td,0.578,0.0,0.0,1.0,1.0,1.0
2025_09_BAL_MIA,BAL,MIA,Isaiah Likely,00-0037838,TE,car,0.001,0.0,0.0,0.0,0.0,0.0
2025_09_BAL_MIA,BAL,MIA,Isaiah Likely,00-0037838,TE,rush_yds,0.002,0.0,0.0,0.0,0.0,0.0
2025_09_BAL_MIA,BAL,MIA,Isaiah Likely,00-0037838,TE,tgt,2.22,0.0,1.0,2.0,3.0,5.0
2025_09_BAL_MIA,BAL,MIA,Isaiah Likely,00-0037838,TE,rec,1.78,0.0,1.0,1.0,3.0,4.0
2025_09_BAL_MIA,BAL,MIA,Isaiah Likely,00-0037838,TE,rec_yds,19.743,0.0,2.133,13.943,30.181,48.174
2025_09_BAL_MIA,BAL,MIA,Isaiah Likely,00-0037838,TE,anytime_td,0.188,0.0,0.0,0.0,0.0,1.0
2025_09_BAL_MIA,BAL,MIA,Mark Andrews,00-0034753,TE,car,0.609,0.0,0.0,0.0,1.0,2.0
2025_09_BAL_MIA,BAL,MIA,Mark Andrews,00-0034753,TE,rush_yds,1.555,0.0,0.0,0.0,0.0,5.503
2025_09_BAL_MIA,BAL,MIA,Mark Andrews,00-0034753,TE,tgt,4.529,1.0,3.0,4.0,6.0,8.0
2025_09_BAL_MIA,BAL,MIA,Mark Andrews,00-0034753,TE,rec,3.633,1.0,2.0,3.0,5.0,7.0
2025_09_BAL_MIA,BAL,MIA,Mark Andrews,00-0034753,TE,rec_yds,39.779,6.511,17.787,34.664,55.97,79.398
2025_09_BAL_MIA,BAL,MIA,Mark Andrews,00-0034753,TE,anytime_td,0.335,0.0,0.0,0.0,1.0,1.0
2025_09_BAL_MIA,BAL,MIA,Charlie Kolar,00-0038046,TE,car,0.007,0.0,0.0,0.0,0.0,0.0
2025_09_BAL_MIA,BAL,MIA,Charlie Kolar,00-0038046,TE,rush_yds,0.022,0.0,0.0,0.0,0.0,0.0
2025_09_BAL_MIA,BAL,MIA,Charlie Kolar,00-0038046,TE,tgt,0.936,0.0,0.0,1.0,1.0,2.0
2025_09_BAL_MIA,BAL,MIA,Charlie Kolar,00-0038046,TE,rec,0.712,0.0,0.0,0.0,1.0,2.0
2025_09_BAL_MIA,BAL,MIA,Charlie Kolar,00-0038046,TE,rec_yds,7.987,0.0,0.0,0.0,12.094,25.253
2025_09_BAL_MIA,BAL,MIA,Charlie Kolar,00-0038046,TE,anytime_td,0.133,0.0,0.0,0.0,0.0,1.0
2025_09_BAL_MIA,BAL,MIA,DeAndre Hopkins,00-0030564,WR,car,0.008,0.0,0.0,0.0,0.0,0.0
2025_09_BAL_MIA,BAL,MIA,DeAndre Hopkins,00-0030564,WR,rush_yds,0.029,0.0,0.0,0.0,0.0,0.0
2025_09_BAL_MIA,BAL,MIA,DeAndre Hopkins,00-0030564,WR,tgt,2.3,0.0,1.0,2.0,3.0,5.0
2025_09_BAL_MIA,BAL,MIA,DeAndre Hopkins,00-0030564,WR,rec,1.576,0.0,0.0,1.0,2.0,4.0
2025_09_BAL_MIA,BAL,MIA,DeAndre Hopkins,00-0030564,WR,rec_yds,22.812,0.0,0.0,14.883,35.632,57.577
2025_09_BAL_MIA,BAL,MIA,DeAndre Hopkins,00-0030564,WR,anytime_td,0.203,0.0,0.0,0.0,0.0,1.0
2025_09_BAL_MIA,BAL,MIA,Justice Hill,00-0034975,RB,car,2.693,0.0,0.0,2.0,4.0,7.0
2025_09_BAL_MIA,BAL,MIA,Justice Hill,00-0034975,RB,rush_yds,13.854,0.0,0.0,6.552,20.011,39.288
2025_09_BAL_MIA,BAL,MIA,Justice Hill,00-0034975,RB,tgt,3.202,1.0,2.0,3.0,4.0,6.0
2025_09_BAL_MIA,BAL,MIA,Justice Hill,00-0034975,RB,rec,2.699,0.0,1.0,2.0,4.0,5.0
2025_09_BAL_MIA,BAL,MIA,Justice Hill,00-0034975,RB,rec_yds,22.62,0.0,6.757,17.279,32.724,51.18
2025_09_BAL_MIA,BAL,MIA,Justice Hill,00-0034975,RB,anytime_td,0.302,0.0,0.0,0.0,1.0,1.0
2025_09_BAL_MIA,BAL,MIA,Keaton Mitchell,00-0038454,RB,car,2.757,0.0,1.0,2.0,4.0,7.0
2025_09_BAL_MIA,BAL,MIA,Keaton Mitchell,00-0038454,RB,rush_yds,13.9,0.0,0.0,6.748,19.402,37.635
2025_09_BAL_MIA,BAL,MIA,Keaton Mitchell,00-0038454,RB,tgt,0.471,0.0,0.0,0.0,1.0,2.0
2025_09_BAL_MIA,BAL,MIA,Keaton Mitchell,00-0038454,RB,rec,0.395,0.0,0.0,0.0,1.0,1.0
2025_09_BAL_MIA,BAL,MIA,Keaton Mitchell,00-0038454,RB,rec_yds,3.291,0.0,0.0,0.0,0.0,11.924
2025_09_BAL_MIA,BAL,MIA,Keaton Mitchell,00-0038454,RB,anytime_td,0.074,0.0,0.0,0.0,0.0,0.0
2025_09_BAL_MIA,BAL,MIA,Tylan Wallace,00-0036630,WR,car,0.008,0.0,0.0,0.0,0.0,0.0
2025_09_BAL_MIA,BAL,MIA,Tylan Wallace,00-0036630,WR,rush_yds,0.047,0.0,0.0,0.0,0.0,0.0
2025_09_BAL_MIA,BAL,MIA,Tylan Wallace,00-0036630,WR,tgt,0.966,0.0,0.0,1.0,2.0,3.0
2025_09_BAL_MIA,BAL,MIA,Tylan Wallace,00-0036630,WR,rec,0.673,0.0,0.0,0.0,1.0,2.0
2025_09_BAL_MIA,BAL,MIA,Tylan Wallace,00-0036630,WR,rec_yds,9.45,0.0,0.0,0.0,13.831,29.937
2025_09_BAL_MIA,BAL,MIA,Tylan Wallace,00-0036630,WR,anytime_td,0.09,0.0,0.0,0.0,0.0,0.0
2025_09_ATL_NE,NE,ATL,Drake Maye,00-0039851,QB,att,27.324,18.0,23.0,28.0,33.0,37.0
2025_09_ATL_NE,NE,ATL,Drake Maye,00-0039851,QB,cmp,18.871,12.0,15.0,19.0,23.0,26.0
2025_09_ATL_NE,NE,ATL,Drake Maye,00-0039851,QB,pass_yds,218.475,125.702,172.33,219.473,267.259,316.06
2025_09_ATL_NE,NE,ATL,Drake Maye,00-0039851,QB,pass_td,1.713,0.0,1.0,2.0,2.0,3.0
2025_09_ATL_NE,NE,ATL,Drake Maye,00-0039851,QB,ints,0.545,0.0,0.0,0.0,1.0,2.0
2025_09_ATL_NE,NE,ATL,Drake Maye,00-0039851,QB,car,6.406,2.0,4.0,6.0,8.0,11.0
2025_09_ATL_NE,NE,ATL,Drake Maye,00-0039851,QB,rush_yds,34.051,6.877,16.488,30.771,47.182,65.645
2025_09_ATL_NE,NE,ATL,Drake Maye,00-0039851,QB,tgt,0.001,0.0,0.0,0.0,0.0,0.0
2025_09_ATL_NE,NE,ATL,Drake Maye,00-0039851,QB,rec,0.001,0.0,0.0,0.0,0.0,0.0
2025_09_ATL_NE,NE,ATL,Drake Maye,00-0039851,QB,rec_yds,0.002,0.0,0.0,0.0,0.0,0.0
2025_09_ATL_NE,NE,ATL,Drake Maye,00-0039851,QB,anytime_td,0.169,0.0,0.0,0.0,0.0,1.0
2025_09_ATL_NE,NE,ATL,TreVeyon Henderson,00-0040734,RB,car,13.343,6.0,9.0,13.0,17.0,21.0
2025_09_ATL_NE,NE,ATL,TreVeyon Henderson,00-0040734,RB,rush_yds,59.236,17.974,32.226,51.876,79.179,109.467
2025_09_ATL_NE,NE,ATL,TreVeyon Henderson,00-0040734,RB,tgt,2.022,0.0,1.0,2.0,3.0,4.0
2025_09_ATL_NE,NE,ATL,TreVeyon Henderson,00-0040734,RB,rec,1.617,0.0,0.0,1.0,2.0,4.0
2025_09_ATL_NE,NE,ATL,TreVeyon Henderson,00-0040734,RB,rec_yds,11.158,0.0,0.0,6.753,16.694,30.002
2025_09_ATL_NE,NE,ATL,TreVeyon Henderson,00-0040734,RB,anytime_td,0.172,0.0,0.0,0.0,0.0,1.0
2025_09_ATL_NE,NE,ATL,Hunter Henry,00-0033090,TE,car,0.005,0.0,0.0,0.0,0.0,0.0
2025_09_ATL_NE,NE,ATL,Hunter Henry,00-0033090,TE,rush_yds,0.006,0.0,0.0,0.0,0.0,0.0
2025_09_ATL_NE,NE,ATL,Hunter Henry,00-0033090,TE,tgt,4.534,1.0,3.0,4.0,6.0,8.0
2025_09_ATL_NE,NE,ATL,Hunter Henry,00-0033090,TE,rec,3.242,1.0,2.0,3.0,4.0,6.0
2025_09_ATL_NE,NE,ATL,Hunter Henry,00-0033090,TE,rec_yds,34.576,5.184,14.046,29.379,48.935,72.068
2025_09_ATL_NE,NE,ATL,Hunter Henry,00-0033090,TE,anytime_td,0.318,0.0,0.0,0.0,1.0,1.0
2025_09_ATL_NE,NE,ATL,Mack Hollins,00-0033555,WR,car,0.287,0.0,0.0,0.0,0.0,1.0
2025_09_ATL_NE,NE,ATL,Mack Hollins,00-0033555,WR,rush_yds,1.596,0.0,0.0,0.0,0.0,2.189
2025_09_ATL_NE,NE,ATL,Mack Hollins,00-0033555,WR,tgt,3.279,1.0,2.0,3.0,5.0,6.0
2025_09_ATL_NE,NE,ATL,Mack Hollins,00-0033555,WR,rec,2.363,0.0,1.0,2.0,3.0,5.0
2025_09_ATL_NE,NE,ATL,Mack Hollins,00-0033555,WR,rec_yds,29.125,0.0,8.474,22.574,42.922,66.173
2025_09_ATL_NE,NE,ATL,Mack Hollins,00-0033555,WR,anytime_td,0.19,0.0,0.0,0.0,0.0,1.0
2025_09_ATL_NE,NE,ATL,Stefon Diggs,00-0031588,WR,car,0.065,0.0,0.0,0.0,0.0,0.0
2025_09_ATL_NE,NE,ATL,Stefon Diggs,00-0031588,WR,rush_yds,0.329,0.0,0.0,0.0,0.0,0.0
2025_09_ATL_NE,NE,ATL,Stefon Diggs,00-0031588,WR,tgt,6.76,3.0,4.0,6.0,9.0,11.0
2025_09_ATL_NE,NE,ATL,Stefon Diggs,00-0031588,WR,rec,5.025,2.0,3.0,5.0,7.0,8.0
2025_09_ATL_NE,NE,ATL,Stefon Diggs,00-0031588,WR,rec_yds,58.005,16.046,30.647,51.968,78.934,108.422
2025_09_ATL_NE,NE,ATL,Stefon Diggs,00-0031588,WR,anytime_td,0.237,0.0,0.0,0.0,0.0,1.0
2025_09_ATL_NE,NE,ATL,Austin Hooper,00-0032392,TE,car,0.001,0.0,0.0,0.0,0.0,0.0
2025_09_ATL_NE,NE,ATL,Austin Hooper,00-0032392,TE,rush_yds,0.006,0.0,0.0,0.0,0.0,0.0
2025_09_ATL_NE,NE,ATL,Austin Hooper,00-0032392,TE,tgt,1.997,0.0,1.0,2.0,3.0,4.0
2025_09_ATL_NE,NE,ATL,Austin Hooper,00-0032392,TE,rec,1.556,0.0,0.0,1.0,2.0,4.0
2025_09_ATL_NE,NE,ATL,Austin Hooper,00-0032392,TE,rec_yds,16.337,0.0,0.0,11.335,25.222,41.69
2025_09_ATL_NE,NE,ATL,Austin Hooper,00-0032392,TE,anytime_td,0.148,0.0,0.0,0.0,0.0,1.0
2025_09_ATL_NE,NE,ATL,Kyle Williams,00-0040131,WR,car,0.223,0.0,0.0,0.0,0.0,1.0
2025_09_ATL_NE,NE,ATL,Kyle Williams,00-0040131,WR,rush_yds,1.212,0.0,0.0,0.0,0.0,0.0
2025_09_ATL_NE,NE,ATL,Kyle Williams,00-0040131,WR,tgt,0.837,0.0,0.0,0.0,1.0,2.0
2025_09_ATL_NE,NE,ATL,Kyle Williams,00-0040131,WR,rec,0.514,0.0,0.0,0.0,1.0,2.0
2025_09_ATL_NE,NE,ATL,Kyle Williams,00-0040131,WR,rec_yds,6.345,0.0,0.0,0.0,8.306,21.836
2025_09_ATL_NE,NE,ATL,Kyle Williams,00-0040131,WR,anytime_td,0.014,0.0,0.0,0.0,0.0,0.0
2025_09_ATL_NE,NE,ATL,Kayshon Boutte,00-0038608,WR,car,0.015,0.0,0.0,0.0,0.0,0.0
2025_09_ATL_NE,NE,ATL,Kayshon Boutte,00-0038608,WR,rush_yds,0.093,0.0,0.0,0.0,0.0,0.0
2025_09_ATL_NE,NE,ATL,Kayshon Boutte,00-0038608,WR,tgt,4.338,1.0,2.0,4.0,6.0,8.0
2025_09_ATL_NE,NE,ATL,Kayshon Boutte,00-0038608,WR,rec,3.0,1.0,2.0,3.0,4.0,6.0
2025_09_ATL_NE,NE,ATL,Kayshon Boutte,00-0038608,WR,rec_yds,43.857,3.578,16.473,36.92,62.998,92.512
2025_09_ATL_NE,NE,ATL,Kayshon Boutte,00-0038608,WR,anytime_td,0.374,0.0,0.0,0.0,1.0,1.0
2025_09_ATL_NE,NE,ATL,Terrell Jennings,00-0039757,RB,car,7.248,2.0,4.0,7.0,10.0,13.0
2025_09_ATL_NE,NE,ATL,Terrell Jennings,00-0039757,RB,rush_yds,31.07,4.236,11.856,24.431,42.712,66.155
2025_09_ATL_NE,NE,ATL,Terrell Jennings,00-0039757,RB,tgt,0.315,0.0,0.0,0.0,0.0,1.0
2025_09_ATL_NE,NE,ATL,Terrell Jennings,00-0039757,RB,rec,0.25,0.0,0.0,0.0,0.0,1.0
2025_09_ATL_NE,NE,ATL,Terrell Jennings,00-0039757,RB,rec_yds,1.832,0.0,0.0,0.0,0.0,6.811
2025_09_ATL_NE,NE,ATL,Terrell Jennings,00-0039757,RB,anytime_td,0.085,0.0,0.0,0.0,0.0,0.0
2025_09_ATL_NE,NE,ATL,DeMario Douglas,00-0038621,WR,car,0.808,0.0,0.0,0.0,1.0,3.0
2025_09_ATL_NE,NE,ATL,DeMario Douglas,00-0038621,WR,rush_yds,4.396,0.0,0.0,0.0,2.792,15.569
2025_09_ATL_NE,NE,ATL,DeMario Douglas,00-0038621,WR,tgt,3.394,1.0,2.0,3.0,5.0,7.0
2025_09_ATL_NE,NE,ATL,DeMario Douglas,00-0038621,WR,rec,2.256,0.0,1.0,2.0,3.0,5.0
2025_09_ATL_NE,NE,ATL,DeMario Douglas,00-0038621,WR,rec_yds,27.942,0.0,7.592,21.153,41.866,64.856
2025_09_ATL_NE,NE,ATL,DeMario Douglas,00-0038621,WR,anytime_td,0.204,0.0,0.0,0.0,0.0,1.0
2025_09_ATL_NE,ATL,NE,Michael Penix Jr.,00-0039917,QB,att,30.652,20.0,26.0,32.0,37.0,41.0
2025_09_ATL_NE,ATL,NE,Michael Penix Jr.,00-0039917,QB,cmp,20.058,12.0,17.0,20.0,24.0,28.0
2025_09_ATL_NE,ATL,NE,Michael Penix Jr.,00-0039917,QB,pass_yds,214.626,124.311,170.436,213.891,261.803,310.274
2025_09_ATL_NE,ATL,NE,Michael Penix Jr.,00-0039917,QB,pass_td,1.131,0.0,0.0,1.0,2.0,2.0
2025_09_ATL_NE,ATL,NE,Michael Penix Jr.,00-0039917,QB,ints,0.707,0.0,0.0,0.0,1.0,2.0
2025_09_ATL_NE,ATL,NE,Michael Penix Jr.,00-0039917,QB,car,2.215,0.0,1.0,2.0,3.0,5.0
2025_09_ATL_NE,ATL,NE,Michael Penix Jr.,00-0039917,QB,rush_yds,10.306,-1.0,0.0,6.41,15.567,27.47
2025_09_ATL_NE,ATL,NE,Michael Penix Jr.,00-0039917,QB,tgt,0.0,0.0,0.0,0.0,0.0,0.0
2025_09_ATL_NE,ATL,NE,Michael Penix Jr.,00-0039917,QB,rec,0.0,0.0,0.0,0.0,0.0,0.0
2025_09_ATL_NE,ATL,NE,Michael Penix Jr.,00-0039917,QB,rec_yds,0.001,0.0,0.0,0.0,0.0,0.0
2025_09_ATL_NE,ATL,NE,Michael Penix Jr.,00-0039917,QB,anytime_td,0.108,0.0,0.0,0.0,0.0,1.0
2025_09_ATL_NE,ATL,NE,Darnell Mooney,00-0036309,WR,car,0.011,0.0,0.0,0.0,0.0,0.0
2025_09_ATL_NE,ATL,NE,Darnell Mooney,00-0036309,WR,rush_yds,0.072,0.0,0.0,0.0,0.0,0.0
2025_09_ATL_NE,ATL,NE,Darnell Mooney,00-0036309,WR,tgt,5.067,2.0,3.0,5.0,7.0,9.0
2025_09_ATL_NE,ATL,NE,Darnell Mooney,00-0036309,WR,rec,2.95,1.0,1.0,3.0,4.0,6.0
2025_09_ATL_NE,ATL,NE,Darnell Mooney,00-0036309,WR,rec_yds,37.646,2.888,13.437,31.414,54.695,80.817
2025_09_ATL_NE,ATL,NE,Darnell Mooney,00-0036309,WR,anytime_td,0.139,0.0,0.0,0.0,0.0,1.0
2025_09_ATL_NE,ATL,NE,Drake London,00-0037238,WR,car,0.022,0.0,0.0,0.0,0.0,0.0
2025_09_ATL_NE,ATL,NE,Drake London,00-0037238,WR,rush_yds,0.112,0.0,0.0,0.0,0.0,0.0
2025_09_ATL_NE,ATL,NE,Drake London,00-0037238,WR,tgt,9.963,5.0,7.0,10.0,12.0,15.0
2025_09_ATL_NE,ATL,NE,Drake London,00-0037238,WR,rec,6.166,3.0,4.0,6.0,8.0,10.0
2025_09_ATL_NE,ATL,NE,Drake London,00-0037238,WR,rec_yds,76.129,24.786,45.222,70.676,101.005,133.933
2025_09_ATL_NE,ATL,NE,Drake London,00-0037238,WR,anytime_td,0.354,0.0,0.0,0.0,1.0,1.0
2025_09_ATL_NE,ATL,NE,Bijan Robinson,00-0038542,RB,car,15.173,8.0,11.0,15.0,19.0,23.0
2025_09_ATL_NE,ATL,NE,Bijan Robinson,00-0038542,RB,rush_yds,64.47,22.971,36.941,57.392,84.61,116.239
2025_09_ATL_NE,ATL,NE,Bijan Robinson,00-0038542,RB,tgt,5.5,2.0,3.0,5.0,7.0,9.0
2025_09_ATL_NE,ATL,NE,Bijan Robinson,00-0038542,RB,rec,4.391,1.0,2.0,4.0,6.0,8.0
2025_09_ATL_NE,ATL,NE,Bijan Robinson,00-0038542,RB,rec_yds,38.958,6.421,16.432,32.858,55.446,79.631
2025_09_ATL_NE,ATL,NE,Bijan Robinson,00-0038542,RB,anytime_td,0.49,0.0,0.0,0.0,1.0,1.0
2025_09_ATL_NE,ATL,NE,Kyle Pitts,00-0036970,TE,car,0.003,0.0,0.0,0.0,0.0,0.0
2025_09_ATL_NE,ATL,NE,Kyle Pitts,00-0036970,TE,rush_yds,0.004,0.0,0.0,0.0,0.0,0.0
2025_09_ATL_NE,ATL,NE,Kyle Pitts,00-0036970,TE,tgt,6.352,2.9,4.0,6.0,8.0,11.0
2025_09_ATL_NE,ATL,NE,Kyle Pitts,00-0036970,TE,rec,4.921,2.0,3.0,5.0,7.0,9.0
2025_09_ATL_NE,ATL,NE,Kyle Pitts,00-0036970,TE,rec_yds,44.829,11.252,23.331,40.745,61.639,82.869
2025_09_ATL_NE,ATL,NE,Kyle Pitts,00-0036970,TE,anytime_td,0.215,0.0,0.0,0.0,0.0,1.0
2025_09_ATL_NE,ATL,NE,David Sills,00-0035359,WR,car,0.006,0.0,0.0,0.0,0.0,0.0
2025_09_ATL_NE,ATL,NE,David Sills,00-0035359,WR,rush_yds,0.024,0.0,0.0,0.0,0.0,0.0
2025_09_ATL_NE,ATL,NE,David Sills,00-0035359,WR,tgt,0.929,0.0,0.0,1.0,1.0,3.0
2025_09_ATL_NE,ATL,NE,David Sills,00-0035359,WR,rec,0.595,0.0,0.0,0.0,1.0,2.0
2025_09_ATL_NE,ATL,NE,David Sills,00-0035359,WR,rec_yds,7.071,0.0,0.0,0.0,9.231,23.506
2025_09_ATL_NE,ATL,NE,David Sills,00-0035359,WR,anytime_td,0.013,0.0,0.0,0.0,0.0,0.0
2025_09_ATL_NE,ATL,NE,Tyler Allgeier,00-0037263,RB,car,8.023,2.0,5.0,7.0,11.0,14.0
2025_09_ATL_NE,ATL,NE,Tyler Allgeier,00-0037263,RB,rush_yds,28.966,4.709,11.81,23.448,40.105,60.503
2025_09_ATL_NE,ATL,NE,Tyler Allgeier,00-0037263,RB,tgt,0.937,0.0,0.0,1.0,1.0,3.0
2025_09_ATL_NE,ATL,NE,Tyler Allgeier,00-0037263,RB,rec,0.754,0.0,0.0,0.0,1.0,2.0
2025_09_ATL_NE,ATL,NE,Tyler Allgeier,00-0037263,RB,rec_yds,5.131,0.0,0.0,0.0,7.229,16.978
2025_09_ATL_NE,ATL,NE,Tyler Allgeier,00-0037263,RB,anytime_td,0.321,0.0,0.0,0.0,1.0,1.0
2025_09_ATL_NE,ATL,NE,KhaDarel Hodge,00-0034854,WR,car,0.01,0.0,0.0,0.0,0.0,0.0
2025_09_ATL_NE,ATL,NE,KhaDarel Hodge,00-0034854,WR,rush_yds,0.05,0.0,0.0,0.0,0.0,0.0
2025_09_ATL_NE,ATL,NE,KhaDarel Hodge,00-0034854,WR,tgt,1.732,0.0,0.0,1.0,3.0,4.0
2025_09_ATL_NE,ATL,NE,KhaDarel Hodge,00-0034854,WR,rec,1.039,0.0,0.0,1.0,2.0,3.0
2025_09_ATL_NE,ATL,NE,KhaDarel Hodge,00-0034854,WR,rec_yds,12.684,0.0,0.0,5.773,18.897,36.719
2025_09_ATL_NE,ATL,NE,KhaDarel Hodge,00-0034854,WR,anytime_td,0.043,0.0,0.0,0.0,0.0,0.0
2025_09_CAR_GB,GB,CAR,Jordan Love,00-0036264,QB,att,28.592,19.0,24.0,29.0,34.0,39.0
2025_09_CAR_GB,GB,CAR,Jordan Love,00-0036264,QB,cmp,19.869,13.0,16.0,20.0,24.0,28.0
2025_09_CAR_GB,GB,CAR,Jordan Love,00-0036264,QB,pass_yds,232.854,140.517,184.35,232.844,284.593,331.455
2025_09_CAR_GB,GB,CAR,Jordan Love,00-0036264,QB,pass_td,1.74,0.0,1.0,2.0,2.0,3.0
2025_09_CAR_GB,GB,CAR,Jordan Love,00-0036264,QB,ints,0.491,0.0,0.0,0.0,1.0,1.0
2025_09_CAR_GB,GB,CAR,Jordan Love,00-0036264,QB,car,3.219,1.0,2.0,3.0,4.0,6.0
2025_09_CAR_GB,GB,CAR,Jordan Love,00-0036264,QB,rush_yds,12.474,-1.0,0.435,8.494,19.721,32.569
2025_09_CAR_GB,GB,CAR,Jordan Love,00-0036264,QB,tgt,0.0,0.0,0.0,0.0,0.0,0.0
2025_09_CAR_GB,GB,CAR,Jordan Love,00-0036264,QB,rec,0.0,0.0,0.0,0.0,0.0,0.0
2025_09_CAR_GB,GB,CAR,Jordan Love,00-0036264,QB,rec_yds,0.002,0.0,0.0,0.0,0.0,0.0
2025_09_CAR_GB,GB,CAR,Jordan Love,00-0036264,QB,anytime_td,0.041,0.0,0.0,0.0,0.0,0.0
2025_09_CAR_GB,GB,CAR,Romeo Doubs,00-0037816,WR,car,0.006,0.0,0.0,0.0,0.0,0.0
2025_09_CAR_GB,GB,CAR,Romeo Doubs,00-0037816,WR,rush_yds,0.027,0.0,0.0,0.0,0.0,0.0
2025_09_CAR_GB,GB,CAR,Romeo Doubs,00-0037816,WR,tgt,5.927,2.0,4.0,6.0,8.0,10.0
2025_09_CAR_GB,GB,CAR,Romeo Doubs,00-0037816,WR,rec,3.921,1.0,2.0,4.0,5.0,7.0
2025_09_CAR_GB,GB,CAR,Romeo Doubs,00-0037816,WR,rec_yds,50.142,10.179,23.079,43.369,70.289,98.381
2025_09_CAR_GB,GB,CAR,Romeo Doubs,00-0037816,WR,anytime_td,0.365,0.0,0.0,0.0,1.0,1.0
2025_09_CAR_GB,GB,CAR,Christian Watson,00-0038124,WR,car,0.235,0.0,0.0,0.0,0.0,1.0
2025_09_CAR_GB,GB,CAR,Christian Watson,00-0038124,WR,rush_yds,1.591,0.0,0.0,0.0,0.0,0.0
2025_09_CAR_GB,GB,CAR,Christian Watson,00-0038124,WR,tgt,3.638,1.0,2.0,3.0,5.0,7.0
2025_09_CAR_GB,GB,CAR,Christian Watson,00-0038124,WR,rec,2.4,0.0,1.0,2.0,3.0,5.0
2025_09_CAR_GB,GB,CAR,Christian Watson,00-0038124,WR,rec_yds,35.557,0.0,10.461,27.484,52.092,79.215
2025_09_CAR_GB,GB,CAR,Christian Watson,00-0038124,WR,anytime_td,0.118,0.0,0.0,0.0,0.0,1.0
2025_09_CAR_GB,GB,CAR,Josh Jacobs,00-0035700,RB,car,17.146,9.0,12.0,17.0,21.0,26.0
2025_09_CAR_GB,GB,CAR,Josh Jacobs,00-0035700,RB,rush_yds,77.35,29.596,46.576,69.88,101.273,133.951
2025_09_CAR_GB,GB,CAR,Josh Jacobs,00-0035700,RB,tgt,3.152,1.0,1.0,3.0,4.0,6.0
2025_09_CAR_GB,GB,CAR,Josh Jacobs,00-0035700,RB,rec,2.648,0.0,1.0,2.0,4.0,5.0
2025_09_CAR_GB,GB,CAR,Josh Jacobs,00-0035700,RB,rec_yds,21.828,0.0,5.6,16.518,31.821,50.089
2025_09_CAR_GB,GB,CAR,Josh Jacobs,00-0035700,RB,anytime_td,0.697,0.0,0.0,1.0,1.0,1.0
2025_09_CAR_GB,GB,CAR,Tucker Kraft,00-0038996,TE,car,0.152,0.0,0.0,0.0,0.0,0.0
2025_09_CAR_GB,GB,CAR,Tucker Kraft,00-0038996,TE,rush_yds,0.391,0.0,0.0,0.0,0.0,0.0
2025_09_CAR_GB,GB,CAR,Tucker Kraft,00-0038996,TE,tgt,5.855,2.0,4.0,5.0,8.0,10.0
2025_09_CAR_GB,GB,CAR,Tucker Kraft,00-0038996,TE,rec,4.381,1.0,3.0,4.0,6.0,8.0
2025_09_CAR_GB,GB,CAR,Tucker Kraft,00-0038996,TE,rec_yds,56.409,13.314,27.709,49.693,77.523,107.739
2025_09_CAR_GB,GB,CAR,Tucker Kraft,00-0038996,TE,anytime_td,0.492,0.0,0.0,0.0,1.0,1.0
2025_09_CAR_GB,GB,CAR,Luke Musgrave,00-0039144,TE,car,0.002,0.0,0.0,0.0,0.0,0.0
2025_09_CAR_GB,GB,CAR,Luke Musgrave,00-0039144,TE,rush_yds,0.002,0.0,0.0,0.0,0.0,0.0
2025_09_CAR_GB,GB,CAR,Luke Musgrave,00-0039144,TE,tgt,1.051,0.0,0.0,1.0,2.0,3.0
2025_09_CAR_GB,GB,CAR,Luke Musgrave,00-0039144,TE,rec,0.782,0.0,0.0,0.0,1.0,2.0
2025_09_CAR_GB,GB,CAR,Luke Musgrave,00-0039144,TE,rec_yds,8.037,0.0,0.0,0.0,12.183,25.28
2025_09_CAR_GB,GB,CAR,Luke Musgrave,00-0039144,TE,anytime_td,0.024,0.0,0.0,0.0,0.0,0.0
2025_09_CAR_GB,GB,CAR,Malik Heath,00-0038465,WR,car,0.01,0.0,0.0,0.0,0.0,0.0
2025_09_CAR_GB,GB,CAR,Malik Heath,00-0038465,WR,rush_yds,0.069,0.0,0.0,0.0,0.0,0.0
2025_09_CAR_GB,GB,CAR,Malik Heath,00-0038465,WR,tgt,1.166,0.0,0.0,1.0,2.0,3.0
2025_09_CAR_GB,GB,CAR,Malik Heath,00-0038465,WR,rec,0.791,0.0,0.0,0.0,1.0,2.0
2025_09_CAR_GB,GB,CAR,Malik Heath,00-0038465,WR,rec_yds,10.125,0.0,0.0,0.0,14.827,31.109
2025_09_CAR_GB,GB,CAR,Malik Heath,00-0038465,WR,anytime_td,0.052,0.0,0.0,0.0,0.0,0.0
2025_09_CAR_GB,GB,CAR,Matthew Golden,00-0040667,WR,car,1.019,0.0,0.0,0.0,1.0,3.0
2025_09_CAR_GB,GB,CAR,Matthew Golden,00-0040667,WR,rush_yds,6.372,0.0,0.0,0.0,6.116,22.509
2025_09_CAR_GB,GB,CAR,Matthew Golden,00-0040667,WR,tgt,3.647,1.0,2.0,3.0,5.0,7.0
2025_09_CAR_GB,GB,CAR,Matthew Golden,00-0040667,WR,rec,2.633,0.0,1.0,2.0,4.0,5.0
2025_09_CAR_GB,GB,CAR,Matthew Golden,00-0040667,WR,rec_yds,32.945,0.0,10.916,26.103,47.694,72.851
2025_09_CAR_GB,GB,CAR,Matthew Golden,00-0040667,WR,anytime_td,0.082,0.0,0.0,0.0,0.0,0.0
2025_09_CAR_GB,GB,CAR,Emanuel Wilson,00-0038797,RB,car,6.024,1.0,3.0,5.0,8.0,12.0
2025_09_CAR_GB,GB,CAR,Emanuel Wilson,00-0038797,RB,rush_yds,29.994,2.066,8.792,22.004,43.062,68.337
2025_09_CAR_GB,GB,CAR,Emanuel Wilson,00-0038797,RB,tgt,1.542,0.0,0.0,1.0,2.0,4.0
2025_09_CAR_GB,GB,CAR,Emanuel Wilson,00-0038797,RB,rec,1.267,0.0,0.0,1.0,2.0,3.0
2025_09_CAR_GB,GB,CAR,Emanuel Wilson,00-0038797,RB,rec_yds,9.388,0.0,0.0,4.472,14.113,26.639
2025_09_CAR_GB,GB,CAR,Emanuel Wilson,00-0038797,RB,anytime_td,0.176,0.0,0.0,0.0,0.0,1.0
2025_09_CAR_GB,GB,CAR,Savion Williams,00-0040009,WR,car,1.043,0.0,0.0,0.0,1.0,3.0
2025_09_CAR_GB,GB,CAR,Savion Williams,00-0040009,WR,rush_yds,6.297,0.0,0.0,0.0,5.464,22.078
2025_09_CAR_GB,GB,CAR,Savion Williams,00-0040009,WR,tgt,0.816,0.0,0.0,0.0,1.0,2.0
2025_09_CAR_GB,GB,CAR,Savion Williams,00-0040009,WR,rec,0.566,0.0,0.0,0.0,1.0,2.0
2025_09_CAR_GB,GB,CAR,Savion Williams,00-0040009,WR,rec_yds,7.02,0.0,0.0,0.0,9.463,23.529
2025_09_CAR_GB,GB,CAR,Savion Williams,00-0040009,WR,anytime_td,0.122,0.0,0.0,0.0,0.0,1.0
2025_09_CAR_GB,GB,CAR,John FitzPatrick,00-0037306,TE,car,0.002,0.0,0.0,0.0,0.0,0.0
2025_09_CAR_GB,GB,CAR,John FitzPatrick,00-0037306,TE,rush_yds,0.006,0.0,0.0,0.0,0.0,0.0
2025_09_CAR_GB,GB,CAR,John FitzPatrick,00-0037306,TE,tgt,0.7,0.0,0.0,0.0,1.0,2.0
2025_09_CAR_GB,GB,CAR,John FitzPatrick,00-0037306,TE,rec,0.536,0.0,0.0,0.0,1.0,2.0
2025_09_CAR_GB,GB,CAR,John FitzPatrick,00-0037306,TE,rec_yds,5.326,0.0,0.0,0.0,7.019,18.516
2025_09_CAR_GB,GB,CAR,John FitzPatrick,00-0037306,TE,anytime_td,0.074,0.0,0.0,0.0,0.0,0.0
2025_09_CAR_GB,GB,CAR,Chris Brooks,00-0038685,RB,car,0.944,0.0,0.0,0.0,1.0,3.0
2025_09_CAR_GB,GB,CAR,Chris Brooks,00-0038685,RB,rush_yds,4.459,0.0,0.0,0.0,4.206,14.903
2025_09_CAR_GB,GB,CAR,Chris Brooks,00-0038685,RB,tgt,0.938,0.0,0.0,1.0,1.0,3.0
2025_09_CAR_GB,GB,CAR,Chris Brooks,00-0038685,RB,rec,0.745,0.0,0.0,0.0,1.0,2.0
2025_09_CAR_GB,GB,CAR,Chris Brooks,00-0038685,RB,rec_yds,5.367,0.0,0.0,0.0,7.798,16.589
2025_09_CAR_GB,GB,CAR,Chris Brooks,00-0038685,RB,anytime_td,0.044,0.0,0.0,0.0,0.0,0.0
2025_09_CAR_GB,GB,CAR,Bo Melton,00-0037091,WR,car,0.343,0.0,0.0,0.0,0.0,1.0
2025_09_CAR_GB,GB,CAR,Bo Melton,00-0037091,WR,rush_yds,2.164,0.0,0.0,0.0,0.0,5.773
2025_09_CAR_GB,GB,CAR,Bo Melton,00-0037091,WR,tgt,0.751,0.0,0.0,0.0,1.0,2.0
2025_09_CAR_GB,GB,CAR,Bo Melton,00-0037091,WR,rec,0.487,0.0,0.0,0.0,1.0,2.0
2025_09_CAR_GB,GB,CAR,Bo Melton,00-0037091,WR,rec_yds,6.006,0.0,0.0,0.0,7.23,20.393
2025_09_CAR_GB,GB,CAR,Bo Melton,00-0037091,WR,anytime_td,0.029,0.0,0.0,0.0,0.0,0.0
2025_09_CAR_GB,CAR,GB,Bryce Young,00-0039150,QB,att,30.587,20.0,26.0,31.0,36.0,41.0
2025_09_CAR_GB,CAR,GB,Bryce Young,00-0039150,QB,cmp,19.225,12.0,16.0,20.0,23.0,27.0
2025_09_CAR_GB,CAR,GB,Bryce Young,00-0039150,QB,pass_yds,183.927,108.181,143.982,183.89,225.202,268.524
2025_09_CAR_GB,CAR,GB,Bryce Young,00-0039150,QB,pass_td,0.84,0.0,0.0,1.0,1.0,2.0
2025_09_CAR_GB,CAR,GB,Bryce Young,00-0039150,QB,ints,0.712,0.0,0.0,0.0,1.0,2.0
2025_09_CAR_GB,CAR,GB,Bryce Young,00-0039150,QB,car,2.152,0.0,1.0,2.0,3.0,4.0
2025_09_CAR_GB,CAR,GB,Bryce Young,00-0039150,QB,rush_yds,12.241,0.0,0.914,8.613,18.183,31.496
2025_09_CAR_GB,CAR,GB,Bryce Young,00-0039150,QB,tgt,0.001,0.0,0.0,0.0,0.0,0.0
2025_09_CAR_GB,CAR,GB,Bryce Young,00-0039150,QB,rec,0.001,0.0,0.0,0.0,0.0,0.0
2025_09_CAR_GB,CAR,GB,Bryce Young,00-0039150,QB,rec_yds,0.005,0.0,0.0,0.0,0.0,0.0
2025_09_CAR_GB,CAR,GB,Bryce Young,00-0039150,QB,anytime_td,0.088,0.0,0.0,0.0,0.0,0.0
2025_09_CAR_GB,CAR,GB,Tetairoa McMillan,00-0040124,WR,car,0.007,0.0,0.0,0.0,0.0,0.0
2025_09_CAR_GB,CAR,GB,Tetairoa McMillan,00-0040124,WR,rush_yds,0.036,0.0,0.0,0.0,0.0,0.0
2025_09_CAR_GB,CAR,GB,Tetairoa McMillan,00-0040124,WR,tgt,7.082,3.0,5.0,7.0,9.0,11.0
2025_09_CAR_GB,CAR,GB,Tetairoa McMillan,00-0040124,WR,rec,4.277,1.0,3.0,4.0,6.0,7.0
2025_09_CAR_GB,CAR,GB,Tetairoa McMillan,00-0040124,WR,rec_yds,49.194,11.221,23.887,43.533,68.569,95.182
2025_09_CAR_GB,CAR,GB,Tetairoa McMillan,00-0040124,WR,anytime_td,0.164,0.0,0.0,0.0,0.0,1.0
2025_09_CAR_GB,CAR,GB,Rico Dowdle,00-0036139,RB,car,9.744,4.0,6.0,9.0,13.0,17.0
2025_09_CAR_GB,CAR,GB,Rico Dowdle,00-0036139,RB,rush_yds,41.59,9.669,19.298,34.508,57.173,83.643
2025_09_CAR_GB,CAR,GB,Rico Dowdle,00-0036139,RB,tgt,2.096,0.0,1.0,2.0,3.0,5.0
2025_09_CAR_GB,CAR,GB,Rico Dowdle,00-0036139,RB,rec,1.602,0.0,0.0,1.0,2.0,4.0
2025_09_CAR_GB,CAR,GB,Rico Dowdle,00-0036139,RB,rec_yds,11.179,0.0,0.0,6.736,16.892,29.831
2025_09_CAR_GB,CAR,GB,Rico Dowdle,00-0036139,RB,anytime_td,0.239,0.0,0.0,0.0,0.0,1.0
2025_09_CAR_GB,CAR,GB,Jalen Coker,00-0039491,WR,car,0.015,0.0,0.0,0.0,0.0,0.0
2025_09_CAR_GB,CAR,GB,Jalen Coker,00-0039491,WR,rush_yds,0.091,0.0,0.0,0.0,0.0,0.0
2025_09_CAR_GB,CAR,GB,Jalen Coker,00-0039491,WR,tgt,3.699,1.0,2.0,3.0,5.0,7.0
2025_09_CAR_GB,CAR,GB,Jalen Coker,00-0039491,WR,rec,2.281,0.0,1.0,2.0,3.0,5.0
2025_09_CAR_GB,CAR,GB,Jalen Coker,00-0039491,WR,rec_yds,25.467,0.0,7.023,19.757,37.025,57.911
2025_09_CAR_GB,CAR,GB,Jalen Coker,00-0039491,WR,anytime_td,0.084,0.0,0.0,0.0,0.0,0.0
2025_09_CAR_GB,CAR,GB,Tommy Tremble,00-0037005,TE,car,0.001,0.0,0.0,0.0,0.0,0.0
2025_09_CAR_GB,CAR,GB,Tommy Tremble,00-0037005,TE,rush_yds,0.002,0.0,0.0,0.0,0.0,0.0
2025_09_CAR_GB,CAR,GB,Tommy Tremble,00-0037005,TE,tgt,2.552,0.0,1.0,2.0,4.0,5.0
2025_09_CAR_GB,CAR,GB,Tommy Tremble,00-0037005,TE,rec,1.842,0.0,1.0,2.0,3.0,4.0
2025_09_CAR_GB,CAR,GB,Tommy Tremble,00-0037005,TE,rec_yds,15.332,0.0,1.776,11.028,23.159,37.331
2025_09_CAR_GB,CAR,GB,Tommy Tremble,00-0037005,TE,anytime_td,0.073,0.0,0.0,0.0,0.0,0.0
2025_09_CAR_GB,CAR,GB,Xavier Legette,00-0039342,WR,car,0.126,0.0,0.0,0.0,0.0,0.0
2025_09_CAR_GB,CAR,GB,Xavier Legette,00-0039342,WR,rush_yds,0.599,0.0,0.0,0.0,0.0,0.0
2025_09_CAR_GB,CAR,GB,Xavier Legette,00-0039342,WR,tgt,5.063,2.0,3.0,5.0,7.0,9.0
2025_09_CAR_GB,CAR,GB,Xavier Legette,00-0039342,WR,rec,3.086,1.0,2.0,3.0,4.0,6.0
2025_09_CAR_GB,CAR,GB,Xavier Legette,00-0039342,WR,rec_yds,30.682,3.742,11.696,25.459,44.975,64.027
2025_09_CAR_GB,CAR,GB,Xavier Legette,00-0039342,WR,anytime_td,0.146,0.0,0.0,0.0,0.0,1.0
2025_09_CAR_GB,CAR,GB,Ja'Tavion Sanders,00-0039356,TE,car,0.003,0.0,0.0,0.0,0.0,0.0
2025_09_CAR_GB,CAR,GB,Ja'Tavion Sanders,00-0039356,TE,rush_yds,0.003,0.0,0.0,0.0,0.0,0.0
2025_09_CAR_GB,CAR,GB,Ja'Tavion Sanders,00-0039356,TE,tgt,3.091,1.0,1.0,3.0,4.0,6.0
2025_09_CAR_GB,CAR,GB,Ja'Tavion Sanders,00-0039356,TE,rec,2.148,0.0,1.0,2.0,3.0,4.0
2025_09_CAR_GB,CAR,GB,Ja'Tavion Sanders,00-0039356,TE,rec_yds,18.827,0.0,4.851,14.594,28.122,43.073
2025_09_CAR_GB,CAR,GB,Ja'Tavion Sanders,00-0039356,TE,anytime_td,0.052,0.0,0.0,0.0,0.0,0.0
2025_09_CAR_GB,CAR,GB,Mitchell Evans,00-0040187,TE,car,0.001,0.0,0.0,0.0,0.0,0.0
2025_09_CAR_GB,CAR,GB,Mitchell Evans,00-0040187,TE,rush_yds,0.002,0.0,0.0,0.0,0.0,0.0
2025_09_CAR_GB,CAR,GB,Mitchell Evans,00-0040187,TE,tgt,1.41,0.0,0.0,1.0,2.0,3.0
2025_09_CAR_GB,CAR,GB,Mitchell Evans,00-0040187,TE,rec,1.0,0.0,0.0,1.0,2.0,3.0
2025_09_CAR_GB,CAR,GB,Mitchell Evans,00-0040187,TE,rec_yds,9.085,0.0,0.0,4.037,13.919,26.08
2025_09_CAR_GB,CAR,GB,Mitchell Evans,00-0040187,TE,anytime_td,0.087,0.0,0.0,0.0,0.0,0.0
2025_09_CAR_GB,CAR,GB,Brycen Tremayne,00-0038840,WR,car,0.005,0.0,0.0,0.0,0.0,0.0
2025_09_CAR_GB,CAR,GB,Brycen Tremayne,00-0038840,WR,rush_yds,0.029,0.0,0.0,0.0,0.0,0.0
2025_09_CAR_GB,CAR,GB,Brycen Tremayne,00-0038840,WR,tgt,1.173,0.0,0.0,1.0,2.0,3.0
2025_09_CAR_GB,CAR,GB,Brycen Tremayne,00-0038840,WR,rec,0.748,0.0,0.0,0.0,1.0,2.0
2025_09_CAR_GB,CAR,GB,Brycen Tremayne,00-0038840,WR,rec_yds,8.22,0.0,0.0,0.0,11.992,25.695
2025_09_CAR_GB,CAR,GB,Brycen Tremayne,00-0038840,WR,anytime_td,0.009,0.0,0.0,0.0,0.0,0.0
2025_09_CAR_GB,CAR,GB,Jimmy Horn Jr.,00-0040218,WR,car,0.862,0.0,0.0,0.0,1.0,3.0
2025_09_CAR_GB,CAR,GB,Jimmy Horn Jr.,00-0040218,WR,rush_yds,4.036,0.0,0.0,0.0,3.313,14.412
2025_09_CAR_GB,CAR,GB,Jimmy Horn Jr.,00-0040218,WR,tgt,1.994,0.0,1.0,2.0,3.0,4.0
2025_09_CAR_GB,CAR,GB,Jimmy Horn Jr.,00-0040218,WR,rec,1.224,0.0,0.0,1.0,2.0,3.0
2025_09_CAR_GB,CAR,GB,Jimmy Horn Jr.,00-0040218,WR,rec_yds,13.76,0.0,0.0,7.347,20.835,38.285
2025_09_CAR_GB,CAR,GB,Jimmy Horn Jr.,00-0040218,WR,anytime_td,0.037,0.0,0.0,0.0,0.0,0.0
2025_09_CAR_GB,CAR,GB,Chuba Hubbard,00-0036555,RB,car,10.269,4.0,6.0,10.0,13.0,17.0
2025_09_CAR_GB,CAR,GB,Chuba Hubbard,00-0036555,RB,rush_yds,35.445,8.456,16.731,29.995,48.331,69.822
2025_09_CAR_GB,CAR,GB,Chuba Hubbard,00-0036555,RB,tgt,2.917,0.0,1.0,3.0,4.0,6.0
2025_09_CAR_GB,CAR,GB,Chuba Hubbard,00-0036555,RB,rec,2.171,0.0,1.0,2.0,3.0,5.0
2025_09_CAR_GB,CAR,GB,Chuba Hubbard,00-0036555,RB,rec_yds,13.935,0.0,2.168,9.903,20.28,33.751
2025_09_CAR_GB,CAR,GB,Chuba Hubbard,00-0036555,RB,anytime_td,0.282,0.0,0.0,0.0,1.0,1.0
2025_09_CAR_GB,CAR,GB,Trevor Etienne,00-0040644,RB,car,1.818,0.0,0.0,1.0,3.0,5.0
2025_09_CAR_GB,CAR,GB,Trevor Etienne,00-0040644,RB,rush_yds,6.892,0.0,0.0,1.742,9.038,20.511
2025_09_CAR_GB,CAR,GB,Trevor Etienne,00-0040644,RB,tgt,0.271,0.0,0.0,0.0,0.0,1.0
2025_09_CAR_GB,CAR,GB,Trevor Etienne,00-0040644,RB,rec,0.204,0.0,0.0,0.0,0.0,1.0
2025_09_CAR_GB,CAR,GB,Trevor Etienne,00-0040644,RB,rec_yds,1.36,0.0,0.0,0.0,0.0,4.335
2025_09_CAR_GB,CAR,GB,Trevor Etienne,00-0040644,RB,anytime_td,0.041,0.0,0.0,0.0,0.0,0.0
2025_09_CHI_CIN,CIN,CHI,Joe Flacco,00-0026158,QB,att,34.174,23.0,30.0,35.0,40.0,45.0
2025_09_CHI_CIN,CIN,CHI,Joe Flacco,00-0026158,QB,cmp,23.491,15.0,20.0,24.0,28.0,32.0
2025_09_CHI_CIN,CIN,CHI,Joe Flacco,00-0026158,QB,pass_yds,242.865,151.883,195.739,243.657,294.74,340.812
2025_09_CHI_CIN,CIN,CHI,Joe Flacco,00-0026158,QB,pass_td,1.748,0.0,1.0,2.0,3.0,3.0
2025_09_CHI_CIN,CIN,CHI,Joe Flacco,00-0026158,QB,ints,0.857,0.0,0.0,1.0,1.0,2.0
2025_09_CHI_CIN,CIN,CHI,Joe Flacco,00-0026158,QB,car,2.081,0.0,1.0,2.0,3.0,5.0
2025_09_CHI_CIN,CIN,CHI,Joe Flacco,00-0026158,QB,rush_yds,7.637,-1.0,0.0,2.034,12.072,23.43
2025_09_CHI_CIN,CIN,CHI,Joe Flacco,00-0026158,QB,tgt,0.001,0.0,0.0,0.0,0.0,0.0
2025_09_CHI_CIN,CIN,CHI,Joe Flacco,00-0026158,QB,rec,0.001,0.0,0.0,0.0,0.0,0.0
2025_09_CHI_CIN,CIN,CHI,Joe Flacco,00-0026158,QB,rec_yds,0.007,0.0,0.0,0.0,0.0,0.0
2025_09_CHI_CIN,CIN,CHI,Joe Flacco,00-0026158,QB,anytime_td,0.133,0.0,0.0,0.0,0.0,1.0
2025_09_CHI_CIN,CIN,CHI,Ja'Marr Chase,00-0036900,WR,car,0.224,0.0,0.0,0.0,0.0,1.0
2025_09_CHI_CIN,CIN,CHI,Ja'Marr Chase,00-0036900,WR,rush_yds,1.382,0.0,0.0,0.0,0.0,0.0
2025_09_CHI_CIN,CIN,CHI,Ja'Marr Chase,00-0036900,WR,tgt,12.947,7.0,10.0,13.0,16.0,19.0
2025_09_CHI_CIN,CIN,CHI,Ja'Marr Chase,00-0036900,WR,rec,9.189,5.0,7.0,9.0,11.0,14.0
2025_09_CHI_CIN,CIN,CHI,Ja'Marr Chase,00-0036900,WR,rec_yds,98.858,44.331,65.501,93.31,126.282,158.357
2025_09_CHI_CIN,CIN,CHI,Ja'Marr Chase,00-0036900,WR,anytime_td,0.446,0.0,0.0,0.0,1.0,1.0
2025_09_CHI_CIN,CIN,CHI,Chase Brown,00-0038597,RB,car,11.394,5.0,7.0,11.0,15.0,19.0
2025_09_CHI_CIN,CIN,CHI,Chase Brown,00-0038597,RB,rush_yds,50.509,14.298,25.716,43.833,67.839,96.65
2025_09_CHI_CIN,CIN,CHI,Chase Brown,00-0038597,RB,tgt,3.8,1.0,2.0,3.0,5.0,7.0
2025_09_CHI_CIN,CIN,CHI,Chase Brown,00-0038597,RB,rec,3.184,1.0,2.0,3.0,4.0,6.0
2025_09_CHI_CIN,CIN,CHI,Chase Brown,00-0038597,RB,rec_yds,20.425,0.0,6.447,16.015,29.643,44.689
2025_09_CHI_CIN,CIN,CHI,Chase Brown,00-0038597,RB,anytime_td,0.432,0.0,0.0,0.0,1.0,1.0
2025_09_CHI_CIN,CIN,CHI,Andrei Iosivas,00-0038619,WR,car,0.093,0.0,0.0,0.0,0.0,0.0
2025_09_CHI_CIN,CIN,CHI,Andrei Iosivas,00-0038619,WR,rush_yds,0.488,0.0,0.0,0.0,0.0,0.0
2025_09_CHI_CIN,CIN,CHI,Andrei Iosivas,00-0038619,WR,tgt,3.318,1.0,2.0,3.0,5.0,6.1
2025_09_CHI_CIN,CIN,CHI,Andrei Iosivas,00-0038619,WR,rec,2.009,0.0,1.0,2.0,3.0,4.0
2025_09_CHI_CIN,CIN,CHI,Andrei Iosivas,00-0038619,WR,rec_yds,25.936,0.0,5.159,19.032,38.719,62.618
2025_09_CHI_CIN,CIN,CHI,Andrei Iosivas,00-0038619,WR,anytime_td,0.083,0.0,0.0,0.0,0.0,0.0
2025_09_CHI_CIN,CIN,CHI,Tee Higgins,00-0036410,WR,car,0.007,0.0,0.0,0.0,0.0,0.0
2025_09_CHI_CIN,CIN,CHI,Tee Higgins,00-0036410,WR,rush_yds,0.022,0.0,0.0,0.0,0.0,0.0
2025_09_CHI_CIN,CIN,CHI,Tee Higgins,00-0036410,WR,tgt,6.177,2.0,4.0,6.0,8.0,10.0
2025_09_CHI_CIN,CIN,CHI,Tee Higgins,00-0036410,WR,rec,3.87,1.0,2.0,4.0,5.0,7.0
2025_09_CHI_CIN,CIN,CHI,Tee Higgins,00-0036410,WR,rec_yds,51.062,9.116,22.791,44.438,72.157,100.905
2025_09_CHI_CIN,CIN,CHI,Tee Higgins,00-0036410,WR,anytime_td,0.368,0.0,0.0,0.0,1.0,1.0
2025_09_CHI_CIN,CIN,CHI,Drew Sample,00-0035631,TE,car,0.007,0.0,0.0,0.0,0.0,0.0
2025_09_CHI_CIN,CIN,CHI,Drew Sample,00-0035631,TE,rush_yds,0.013,0.0,0.0,0.0,0.0,0.0
2025_09_CHI_CIN,CIN,CHI,Drew Sample,00-0035631,TE,tgt,1.122,0.0,0.0,1.0,2.0,3.0
2025_09_CHI_CIN,CIN,CHI,Drew Sample,00-0035631,TE,rec,0.83,0.0,0.0,0.0,1.0,2.0
2025_09_CHI_CIN,CIN,CHI,Drew Sample,00-0035631,TE,rec_yds,7.977,0.0,0.0,0.0,11.922,25.054
2025_09_CHI_CIN,CIN,CHI,Drew Sample,00-0035631,TE,anytime_td,0.063,0.0,0.0,0.0,0.0,0.0
2025_09_CHI_CIN,CIN,CHI,Noah Fant,00-0035644,TE,car,0.002,0.0,0.0,0.0,0.0,0.0
2025_09_CHI_CIN,CIN,CHI,Noah Fant,00-0035644,TE,rush_yds,0.005,0.0,0.0,0.0,0.0,0.0
2025_09_CHI_CIN,CIN,CHI,Noah Fant,00-0035644,TE,tgt,3.592,1.0,2.0,3.0,5.0,7.0
2025_09_CHI_CIN,CIN,CHI,Noah Fant,00-0035644,TE,rec,2.923,1.0,1.0,3.0,4.0,6.0
2025_09_CHI_CIN,CIN,CHI,Noah Fant,00-0035644,TE,rec_yds,28.36,0.0,9.904,23.398,41.0,61.806
2025_09_CHI_CIN,CIN,CHI,Noah Fant,00-0035644,TE,anytime_td,0.193,0.0,0.0,0.0,0.0,1.0
2025_09_CHI_CIN,CIN,CHI,Mitchell Tinsley,00-0038839,WR,car,0.007,0.0,0.0,0.0,0.0,0.0
2025_09_CHI_CIN,CIN,CHI,Mitchell Tinsley,00-0038839,WR,rush_yds,0.04,0.0,0.0,0.0,0.0,0.0
2025_09_CHI_CIN,CIN,CHI,Mitchell Tinsley,00-0038839,WR,tgt,0.545,0.0,0.0,0.0,1.0,2.0
2025_09_CHI_CIN,CIN,CHI,Mitchell Tinsley,00-0038839,WR,rec,0.355,0.0,0.0,0.0,1.0,1.0
2025_09_CHI_CIN,CIN,CHI,Mitchell Tinsley,00-0038839,WR,rec_yds,4.411,0.0,0.0,0.0,0.0,16.594
2025_09_CHI_CIN,CIN,CHI,Mitchell Tinsley,00-0038839,WR,anytime_td,0.039,0.0,0.0,0.0,0.0,0.0
2025_09_CHI_CIN,CIN,CHI,Tanner Hudson,00-0034613,TE,car,0.027,0.0,0.0,0.0,0.0,0.0
2025_09_CHI_CIN,CIN,CHI,Tanner Hudson,00-0034613,TE,rush_yds,0.065,0.0,0.0,0.0,0.0,0.0
2025_09_CHI_CIN,CIN,CHI,Tanner Hudson,00-0034613,TE,tgt,2.004,0.0,1.0,2.0,3.0,4.0
2025_09_CHI_CIN,CIN,CHI,Tanner Hudson,00-0034613,TE,rec,1.515,0.0,0.0,1.0,2.0,4.0
2025_09_CHI_CIN,CIN,CHI,Tanner Hudson,00-0034613,TE,rec_yds,13.831,0.0,0.0,8.378,20.822,36.642
2025_09_CHI_CIN,CIN,CHI,Tanner Hudson,00-0034613,TE,anytime_td,0.169,0.0,0.0,0.0,0.0,1.0
2025_09_CHI_CIN,CIN,CHI,Tahj Brooks,00-0040208,RB,car,3.501,0.0,1.0,3.0,5.0,8.0
2025_09_CHI_CIN,CIN,CHI,Tahj Brooks,00-0040208,RB,rush_yds,14.541,0.0,1.951,9.035,20.82,36.511
2025_09_CHI_CIN,CIN,CHI,Tahj Brooks,00-0040208,RB,tgt,0.334,0.0,0.0,0.0,0.0,1.0
2025_09_CHI_CIN,CIN,CHI,Tahj Brooks,00-0040208,RB,rec,0.271,0.0,0.0,0.0,0.0,1.0
2025_09_CHI_CIN,CIN,CHI,Tahj Brooks,00-0040208,RB,rec_yds,2.014,0.0,0.0,0.0,0.0,7.384
2025_09_CHI_CIN,CIN,CHI,Tahj Brooks,00-0040208,RB,anytime_td,0.136,0.0,0.0,0.0,0.0,1.0
2025_09_CHI_CIN,CIN,CHI,Samaje Perine,00-0033526,RB,car,4.322,1.0,2.0,3.0,6.0,9.0
2025_09_CHI_CIN,CIN,CHI,Samaje Perine,00-0033526,RB,rush_yds,21.118,0.0,4.72,14.187,30.358,51.62
2025_09_CHI_CIN,CIN,CHI,Samaje Perine,00-0033526,RB,tgt,1.196,0.0,0.0,1.0,2.0,3.0
2025_09_CHI_CIN,CIN,CHI,Samaje Perine,00-0033526,RB,rec,0.973,0.0,0.0,1.0,1.0,3.0
2025_09_CHI_CIN,CIN,CHI,Samaje Perine,00-0033526,RB,rec_yds,6.832,0.0,0.0,0.874,9.725,21.25
2025_09_CHI_CIN,CIN,CHI,Samaje Perine,00-0033526,RB,anytime_td,0.166,0.0,0.0,0.0,0.0,1.0
2025_09_CHI_CIN,CHI,CIN,Rome Odunze,00-0039919,WR,car,0.03,0.0,0.0,0.0,0.0,0.0
2025_09_CHI_CIN,CHI,CIN,Rome Odunze,00-0039919,WR,rush_yds,0.209,0.0,0.0,0.0,0.0,0.0
2025_09_CHI_CIN,CHI,CIN,Rome Odunze,00-0039919,WR,tgt,7.654,3.0,5.0,7.0,10.0,12.0
2025_09_CHI_CIN,CHI,CIN,Rome Odunze,00-0039919,WR,rec,4.915,2.0,3.0,5.0,6.0,8.0
2025_09_CHI_CIN,CHI,CIN,Rome Odunze,00-0039919,WR,rec_yds,68.71,18.538,36.554,62.857,94.42,126.886
2025_09_CHI_CIN,CHI,CIN,Rome Odunze,00-0039919,WR,anytime_td,0.449,0.0,0.0,0.0,1.0,1.0
2025_09_CHI_CIN,CHI,CIN,Caleb Williams,00-0039918,QB,att,31.055,21.0,26.0,32.0,37.0,42.0
2025_09_CHI_CIN,CHI,CIN,Caleb Williams,00-0039918,QB,cmp,21.309,13.0,18.0,22.0,26.0,29.0
2025_09_CHI_CIN,CHI,CIN,Caleb Williams,00-0039918,QB,pass_yds,243.629,146.809,195.241,246.448,296.545,346.33
2025_09_CHI_CIN,CHI,CIN,Caleb Williams,00-0039918,QB,pass_td,1.763,0.0,1.0,2.0,3.0,3.0
2025_09_CHI_CIN,CHI,CIN,Caleb Williams,00-0039918,QB,ints,0.672,0.0,0.0,0.0,1.0,2.0
2025_09_CHI_CIN,CHI,CIN,Caleb Williams,00-0039918,QB,car,5.729,2.0,3.0,5.0,8.0,10.0
2025_09_CHI_CIN,CHI,CIN,Caleb Williams,00-0039918,QB,rush_yds,24.98,1.068,8.869,20.382,35.643,54.002
2025_09_CHI_CIN,CHI,CIN,Caleb Williams,00-0039918,QB,tgt,0.001,0.0,0.0,0.0,0.0,0.0
2025_09_CHI_CIN,CHI,CIN,Caleb Williams,00-0039918,QB,rec,0.001,0.0,0.0,0.0,0.0,0.0
2025_09_CHI_CIN,CHI,CIN,Caleb Williams,00-0039918,QB,rec_yds,0.005,0.0,0.0,0.0,0.0,0.0
2025_09_CHI_CIN,CHI,CIN,Caleb Williams,00-0039918,QB,anytime_td,0.218,0.0,0.0,0.0,0.0,1.0
2025_09_CHI_CIN,CHI,CIN,DJ Moore,00-0034827,WR,car,2.274,0.0,0.0,1.0,3.0,6.0
2025_09_CHI_CIN,CHI,CIN,DJ Moore,00-0034827,WR,rush_yds,13.3,0.0,0.0,5.621,19.816,38.972
2025_09_CHI_CIN,CHI,CIN,DJ Moore,00-0034827,WR,tgt,6.316,3.0,4.0,6.0,8.0,10.0
2025_09_CHI_CIN,CHI,CIN,DJ Moore,00-0034827,WR,rec,4.547,2.0,3.0,4.0,6.0,8.0
2025_09_CHI_CIN,CHI,CIN,DJ Moore,00-0034827,WR,rec_yds,56.161,13.603,28.056,49.522,77.265,106.719
2025_09_CHI_CIN,CHI,CIN,DJ Moore,00-0034827,WR,anytime_td,0.295,0.0,0.0,0.0,1.0,1.0
2025_09_CHI_CIN,CHI,CIN,Colston Loveland,00-0040126,TE,car,0.005,0.0,0.0,0.0,0.0,0.0
2025_09_CHI_CIN,CHI,CIN,Colston Loveland,00-0040126,TE,rush_yds,0.01,0.0,0.0,0.0,0.0,0.0
2025_09_CHI_CIN,CHI,CIN,Colston Loveland,00-0040126,TE,tgt,3.673,1.0,2.0,3.0,5.0,7.0
2025_09_CHI_CIN,CHI,CIN,Colston Loveland,00-0040126,TE,rec,2.781,0.9,1.0,2.0,4.0,5.0
2025_09_CHI_CIN,CHI,CIN,Colston Loveland,00-0040126,TE,rec_yds,28.94,0.0,9.974,23.437,41.687,62.797
2025_09_CHI_CIN,CHI,CIN,Colston Loveland,00-0040126,TE,anytime_td,0.101,0.0,0.0,0.0,0.0,1.0
2025_09_CHI_CIN,CHI,CIN,Kyle Monangai,00-0040236,RB,car,10.536,4.0,7.0,10.0,14.0,18.0
2025_09_CHI_CIN,CHI,CIN,Kyle Monangai,00-0040236,RB,rush_yds,49.894,11.77,24.042,42.518,67.614,97.665
2025_09_CHI_CIN,CHI,CIN,Kyle Monangai,00-0040236,RB,tgt,1.373,0.0,0.0,1.0,2.0,3.0
2025_09_CHI_CIN,CHI,CIN,Kyle Monangai,00-0040236,RB,rec,1.152,0.0,0.0,1.0,2.0,3.0
2025_09_CHI_CIN,CHI,CIN,Kyle Monangai,00-0040236,RB,rec_yds,8.865,0.0,0.0,3.361,13.106,26.748
2025_09_CHI_CIN,CHI,CIN,Kyle Monangai,00-0040236,RB,anytime_td,0.194,0.0,0.0,0.0,0.0,1.0
2025_09_CHI_CIN,CHI,CIN,Olamide Zaccheaus,00-0035208,WR,car,0.786,0.0,0.0,0.0,1.0,3.0
2025_09_CHI_CIN,CHI,CIN,Olamide Zaccheaus,00-0035208,WR,rush_yds,4.749,0.0,0.0,0.0,3.006,16.855
2025_09_CHI_CIN,CHI,CIN,Olamide Zaccheaus,00-0035208,WR,tgt,5.334,2.0,3.0,5.0,7.0,9.0
2025_09_CHI_CIN,CHI,CIN,Olamide Zaccheaus,00-0035208,WR,rec,3.845,1.0,2.0,4.0,5.0,7.0
2025_09_CHI_CIN,CHI,CIN,Olamide Zaccheaus,00-0035208,WR,rec_yds,40.111,7.417,18.494,34.816,55.912,79.808
2025_09_CHI_CIN,CHI,CIN,Olamide Zaccheaus,00-0035208,WR,anytime_td,0.155,0.0,0.0,0.0,0.0,1.0
2025_09_CHI_CIN,CHI,CIN,Cole Kmet,00-0036290,TE,car,0.004,0.0,0.0,0.0,0.0,0.0
2025_09_CHI_CIN,CHI,CIN,Cole Kmet,00-0036290,TE,rush_yds,0.008,0.0,0.0,0.0,0.0,0.0
2025_09_CHI_CIN,CHI,CIN,Cole Kmet,00-0036290,TE,tgt,3.467,1.0,2.0,3.0,5.0,7.0
2025_09_CHI_CIN,CHI,CIN,Cole Kmet,00-0036290,TE,rec,2.531,0.0,1.0,2.0,4.0,5.0
2025_09_CHI_CIN,CHI,CIN,Cole Kmet,00-0036290,TE,rec_yds,27.456,0.0,8.458,21.58,40.291,61.106
2025_09_CHI_CIN,CHI,CIN,Cole Kmet,00-0036290,TE,anytime_td,0.2,0.0,0.0,0.0,0.0,1.0
2025_09_CHI_CIN,CHI,CIN,Brittain Brown,00-0037329,RB,car,4.579,1.0,2.0,4.0,7.0,10.0
2025_09_CHI_CIN,CHI,CIN,Brittain Brown,00-0037329,RB,rush_yds,21.194,0.0,4.622,14.342,30.523,52.462
2025_09_CHI_CIN,CHI,CIN,Brittain Brown,00-0037329,RB,tgt,0.775,0.0,0.0,0.0,1.0,2.0
2025_09_CHI_CIN,CHI,CIN,Brittain Brown,00-0037329,RB,rec,0.659,0.0,0.0,0.0,1.0,2.0
2025_09_CHI_CIN,CHI,CIN,Brittain Brown,00-0037329,RB,rec_yds,4.997,0.0,0.0,0.0,6.801,16.451
2025_09_CHI_CIN,CHI,CIN,Brittain Brown,00-0037329,RB,anytime_td,0.135,0.0,0.0,0.0,0.0,1.0
2025_09_CHI_CIN,CHI,CIN,Travis Homer,00-0035594,RB,car,2.682,0.0,1.0,2.0,4.0,7.0
2025_09_CHI_CIN,CHI,CIN,Travis Homer,00-0035594,RB,rush_yds,12.81,0.0,0.0,6.378,17.905,34.762
2025_09_CHI_CIN,CHI,CIN,Travis Homer,00-0035594,RB,tgt,0.746,0.0,0.0,0.0,1.0,2.0
2025_09_CHI_CIN,CHI,CIN,Travis Homer,00-0035594,RB,rec,0.636,0.0,0.0,0.0,1.0,2.0
2025_09_CHI_CIN,CHI,CIN,Travis Homer,00-0035594,RB,rec_yds,4.503,0.0,0.0,0.0,6.059,15.073
2025_09_CHI_CIN,CHI,CIN,Travis Homer,00-0035594,RB,anytime_td,0.075,0.0,0.0,0.0,0.0,0.0
2025_09_CHI_CIN,CHI,CIN,Devin Duvernay,00-0036331,WR,car,0.265,0.0,0.0,0.0,0.0,1.0
2025_09_CHI_CIN,CHI,CIN,Devin Duvernay,00-0036331,WR,rush_yds,1.612,0.0,0.0,0.0,0.0,1.152
2025_09_CHI_CIN,CHI,CIN,Devin Duvernay,00-0036331,WR,tgt,1.983,0.0,1.0,2.0,3.0,4.0
2025_09_CHI_CIN,CHI,CIN,Devin Duvernay,00-0036331,WR,rec,1.329,0.0,0.0,1.0,2.0,3.0
2025_09_CHI_CIN,CHI,CIN,Devin Duvernay,00-0036331,WR,rec_yds,16.194,0.0,0.0,9.378,24.041,43.897
2025_09_CHI_CIN,CHI,CIN,Devin Duvernay,00-0036331,WR,anytime_td,0.104,0.0,0.0,0.0,0.0,1.0
2025_09_DEN_HOU,HOU,DEN,Dalton Schultz,00-0034383,TE,car,0.0,0.0,0.0,0.0,0.0,0.0
2025_09_DEN_HOU,HOU,DEN,Dalton Schultz,00-0034383,TE,rush_yds,0.002,0.0,0.0,0.0,0.0,0.0
2025_09_DEN_HOU,HOU,DEN,Dalton Schultz,00-0034383,TE,tgt,4.752,2.0,3.0,4.0,6.0,8.0
2025_09_DEN_HOU,HOU,DEN,Dalton Schultz,00-0034383,TE,rec,3.502,1.0,2.0,3.0,5.0,6.0
2025_09_DEN_HOU,HOU,DEN,Dalton Schultz,00-0034383,TE,rec_yds,35.272,5.307,15.264,30.061,50.098,71.365
2025_09_DEN_HOU,HOU,DEN,Dalton Schultz,00-0034383,TE,anytime_td,0.085,0.0,0.0,0.0,0.0,0.0
2025_09_DEN_HOU,HOU,DEN,Nico Collins,00-0036554,WR,car,0.192,0.0,0.0,0.0,0.0,0.0
2025_09_DEN_HOU,HOU,DEN,Nico Collins,00-0036554,WR,rush_yds,1.027,0.0,0.0,0.0,0.0,0.0
2025_09_DEN_HOU,HOU,DEN,Nico Collins,00-0036554,WR,tgt,6.812,3.0,4.0,6.0,9.0,11.0
2025_09_DEN_HOU,HOU,DEN,Nico Collins,00-0036554,WR,rec,4.08,1.0,2.0,4.0,5.0,7.0
2025_09_DEN_HOU,HOU,DEN,Nico Collins,00-0036554,WR,rec_yds,51.769,11.479,24.897,45.41,72.496,100.693
2025_09_DEN_HOU,HOU,DEN,Nico Collins,00-0036554,WR,anytime_td,0.313,0.0,0.0,0.0,1.0,1.0
2025_09_DEN_HOU,HOU,DEN,Xavier Hutchinson,00-0038618,WR,car,0.082,0.0,0.0,0.0,0.0,0.0
2025_09_DEN_HOU,HOU,DEN,Xavier Hutchinson,00-0038618,WR,rush_yds,0.4,0.0,0.0,0.0,0.0,0.0
2025_09_DEN_HOU,HOU,DEN,Xavier Hutchinson,00-0038618,WR,tgt,3.073,1.0,1.0,3.0,4.0,6.0
2025_09_DEN_HOU,HOU,DEN,Xavier Hutchinson,00-0038618,WR,rec,1.999,0.0,1.0,2.0,3.0,4.0
2025_09_DEN_HOU,HOU,DEN,Xavier Hutchinson,00-0038618,WR,rec_yds,23.567,0.0,5.386,16.729,34.773,56.166
2025_09_DEN_HOU,HOU,DEN,Xavier Hutchinson,00-0038618,WR,anytime_td,0.247,0.0,0.0,0.0,0.0,1.0
2025_09_DEN_HOU,HOU,DEN,Christian Kirk,00-0034775,WR,car,0.014,0.0,0.0,0.0,0.0,0.0
2025_09_DEN_HOU,HOU,DEN,Christian Kirk,00-0034775,WR,rush_yds,0.076,0.0,0.0,0.0,0.0,0.0
2025_09_DEN_HOU,HOU,DEN,Christian Kirk,00-0034775,WR,tgt,4.894,2.0,3.0,5.0,7.0,9.0
2025_09_DEN_HOU,HOU,DEN,Christian Kirk,00-0034775,WR,rec,3.052,1.0,2.0,3.0,4.0,6.0
2025_09_DEN_HOU,HOU,DEN,Christian Kirk,00-0034775,WR,rec_yds,37.904,3.5,14.225,31.837,55.175,79.981
2025_09_DEN_HOU,HOU,DEN,Christian Kirk,00-0034775,WR,anytime_td,0.087,0.0,0.0,0.0,0.0,0.0
2025_09_DEN_HOU,HOU,DEN,Jayden Higgins,00-0040130,WR,car,0.012,0.0,0.0,0.0,0.0,0.0
2025_09_DEN_HOU,HOU,DEN,Jayden Higgins,00-0040130,WR,rush_yds,0.056,0.0,0.0,0.0,0.0,0.0
2025_09_DEN_HOU,HOU,DEN,Jayden Higgins,00-0040130,WR,tgt,2.974,1.0,1.0,3.0,4.0,6.0
2025_09_DEN_HOU,HOU,DEN,Jayden Higgins,00-0040130,WR,rec,1.822,0.0,1.0,2.0,3.0,4.0
2025_09_DEN_HOU,HOU,DEN,Jayden Higgins,00-0040130,WR,rec_yds,21.632,0.0,3.89,15.587,32.339,53.081
2025_09_DEN_HOU,HOU,DEN,Jayden Higgins,00-0040130,WR,anytime_td,0.189,0.0,0.0,0.0,0.0,1.0
2025_09_DEN_HOU,HOU,DEN,Woody Marks,00-0040583,RB,car,8.965,3.0,5.0,8.0,12.0,16.0
2025_09_DEN_HOU,HOU,DEN,Woody Marks,00-0040583,RB,rush_yds,36.075,7.112,15.702,29.975,50.334,73.29
2025_09_DEN_HOU,HOU,DEN,Woody Marks,00-0040583,RB,tgt,2.35,0.0,1.0,2.0,3.0,5.0
2025_09_DEN_HOU,HOU,DEN,Woody Marks,00-0040583,RB,rec,1.779,0.0,1.0,1.0,3.0,4.0
2025_09_DEN_HOU,HOU,DEN,Woody Marks,00-0040583,RB,rec_yds,14.871,0.0,0.0,9.4,22.173,38.535
2025_09_DEN_HOU,HOU,DEN,Woody Marks,00-0040583,RB,anytime_td,0.377,0.0,0.0,0.0,1.0,1.0
2025_09_DEN_HOU,HOU,DEN,Nick Chubb,00-0034791,RB,car,11.833,5.0,8.0,11.0,15.0,20.0
2025_09_DEN_HOU,HOU,DEN,Nick Chubb,00-0034791,RB,rush_yds,46.981,13.96,24.45,40.519,62.32,89.408
2025_09_DEN_HOU,HOU,DEN,Nick Chubb,00-0034791,RB,tgt,1.624,0.0,0.0,1.0,2.0,4.0
2025_09_DEN_HOU,HOU,DEN,Nick Chubb,00-0034791,RB,rec,1.209,0.0,0.0,1.0,2.0,3.0
2025_09_DEN_HOU,HOU,DEN,Nick Chubb,00-0034791,RB,rec_yds,8.013,0.0,0.0,3.965,11.841,22.668
2025_09_DEN_HOU,HOU,DEN,Nick Chubb,00-0034791,RB,anytime_td,0.346,0.0,0.0,0.0,1.0,1.0
2025_09_DEN_HOU,HOU,DEN,C.J. Stroud,00-0039163,QB,att,30.118,20.0,26.0,31.0,36.0,40.0
2025_09_DEN_HOU,HOU,DEN,C.J. Stroud,00-0039163,QB,cmp,19.071,12.0,16.0,19.0,23.0,26.0
2025_09_DEN_HOU,HOU,DEN,C.J. Stroud,00-0039163,QB,pass_yds,210.646,125.649,166.349,210.208,256.865,302.186
2025_09_DEN_HOU,HOU,DEN,C.J. Stroud,00-0039163,QB,pass_td,1.368,0.0,1.0,1.0,2.0,3.0
2025_09_DEN_HOU,HOU,DEN,C.J. Stroud,00-0039163,QB,ints,0.639,0.0,0.0,0.0,1.0,2.0
2025_09_DEN_HOU,HOU,DEN,C.J. Stroud,00-0039163,QB,car,3.797,1.0,2.0,3.0,5.0,7.0
2025_09_DEN_HOU,HOU,DEN,C.J. Stroud,00-0039163,QB,rush_yds,19.605,0.0,5.368,15.105,29.478,44.416
2025_09_DEN_HOU,HOU,DEN,C.J. Stroud,00-0039163,QB,tgt,0.0,0.0,0.0,0.0,0.0,0.0
2025_09_DEN_HOU,HOU,DEN,C.J. Stroud,00-0039163,QB,rec,0.0,0.0,0.0,0.0,0.0,0.0
2025_09_DEN_HOU,HOU,DEN,C.J. Stroud,00-0039163,QB,rec_yds,0.0,0.0,0.0,0.0,0.0,0.0
2025_09_DEN_HOU,HOU,DEN,C.J. Stroud,00-0039163,QB,anytime_td,0.025,0.0,0.0,0.0,0.0,0.0
2025_09_DEN_HOU,HOU,DEN,Harrison Bryant,00-0036232,TE,car,0.001,0.0,0.0,0.0,0.0,0.0
2025_09_DEN_HOU,HOU,DEN,Harrison Bryant,00-0036232,TE,rush_yds,0.002,0.0,0.0,0.0,0.0,0.0
2025_09_DEN_HOU,HOU,DEN,Harrison Bryant,00-0036232,TE,tgt,0.639,0.0,0.0,0.0,1.0,2.0
2025_09_DEN_HOU,HOU,DEN,Harrison Bryant,00-0036232,TE,rec,0.43,0.0,0.0,0.0,1.0,1.0
2025_09_DEN_HOU,HOU,DEN,Harrison Bryant,00-0036232,TE,rec_yds,4.286,0.0,0.0,0.0,5.07,15.106
2025_09_DEN_HOU,HOU,DEN,Harrison Bryant,00-0036232,TE,anytime_td,0.007,0.0,0.0,0.0,0.0,0.0
2025_09_DEN_HOU,HOU,DEN,Dare Ogunbowale,00-0033854,RB,car,0.873,0.0,0.0,0.0,1.0,3.0
2025_09_DEN_HOU,HOU,DEN,Dare Ogunbowale,00-0033854,RB,rush_yds,3.789,0.0,0.0,0.0,3.076,11.874
2025_09_DEN_HOU,HOU,DEN,Dare Ogunbowale,00-0033854,RB,tgt,0.669,0.0,0.0,0.0,1.0,2.0
2025_09_DEN_HOU,HOU,DEN,Dare Ogunbowale,00-0033854,RB,rec,0.522,0.0,0.0,0.0,1.0,2.0
2025_09_DEN_HOU,HOU,DEN,Dare Ogunbowale,00-0033854,RB,rec_yds,3.875,0.0,0.0,0.0,4.382,13.689
2025_09_DEN_HOU,HOU,DEN,Dare Ogunbowale,00-0033854,RB,anytime_td,0.021,0.0,0.0,0.0,0.0,0.0
2025_09_DEN_HOU,HOU,DEN,British Brooks,00-0039603,RB,car,0.814,0.0,0.0,0.0,1.0,3.0
2025_09_DEN_HOU,HOU,DEN,British Brooks,00-0039603,RB,rush_yds,3.435,0.0,0.0,0.0,2.441,11.247
2025_09_DEN_HOU,HOU,DEN,British Brooks,00-0039603,RB,tgt,0.085,0.0,0.0,0.0,0.0,0.0
2025_09_DEN_HOU,HOU,DEN,British Brooks,00-0039603,RB,rec,0.064,0.0,0.0,0.0,0.0,0.0
2025_09_DEN_HOU,HOU,DEN,British Brooks,00-0039603,RB,rec_yds,0.494,0.0,0.0,0.0,0.0,0.0
2025_09_DEN_HOU,HOU,DEN,British Brooks,00-0039603,RB,anytime_td,0.018,0.0,0.0,0.0,0.0,0.0
2025_09_DEN_HOU,HOU,DEN,Jaylin Noel,00-0040138,WR,car,0.289,0.0,0.0,0.0,0.0,1.0
2025_09_DEN_HOU,HOU,DEN,Jaylin Noel,00-0040138,WR,rush_yds,1.471,0.0,0.0,0.0,0.0,1.879
2025_09_DEN_HOU,HOU,DEN,Jaylin Noel,00-0040138,WR,tgt,2.902,0.0,1.0,3.0,4.0,6.0
2025_09_DEN_HOU,HOU,DEN,Jaylin Noel,00-0040138,WR,rec,1.872,0.0,1.0,2.0,3.0,4.0
2025_09_DEN_HOU,HOU,DEN,Jaylin Noel,00-0040138,WR,rec_yds,22.992,0.0,4.037,16.632,34.38,55.536
2025_09_DEN_HOU,HOU,DEN,Jaylin Noel,00-0040138,WR,anytime_td,0.119,0.0,0.0,0.0,0.0,1.0
2025_09_DEN_HOU,DEN,HOU,Bo Nix,00-0039732,QB,att,31.465,22.0,27.0,32.0,37.0,42.0
2025_09_DEN_HOU,DEN,HOU,Bo Nix,00-0039732,QB,cmp,19.537,12.0,16.0,20.0,24.0,27.0
2025_09_DEN_HOU,DEN,HOU,Bo Nix,00-0039732,QB,pass_yds,209.108,126.774,164.162,208.506,255.113,301.032
2025_09_DEN_HOU,DEN,HOU,Bo Nix,00-0039732,QB,pass_td,1.212,0.0,0.0,1.0,2.0,3.0
2025_09_DEN_HOU,DEN,HOU,Bo Nix,00-0039732,QB,ints,0.746,0.0,0.0,0.0,1.0,2.0
2025_09_DEN_HOU,DEN,HOU,Bo Nix,00-0039732,QB,car,3.892,1.0,2.0,3.0,5.0,8.0
2025_09_DEN_HOU,DEN,HOU,Bo Nix,00-0039732,QB,rush_yds,17.743,0.0,4.552,13.706,26.411,41.056
2025_09_DEN_HOU,DEN,HOU,Bo Nix,00-0039732,QB,tgt,0.0,0.0,0.0,0.0,0.0,0.0
2025_09_DEN_HOU,DEN,HOU,Bo Nix,00-0039732,QB,rec,0.0,0.0,0.0,0.0,0.0,0.0
2025_09_DEN_HOU,DEN,HOU,Bo Nix,00-0039732,QB,rec_yds,0.0,0.0,0.0,0.0,0.0,0.0
2025_09_DEN_HOU,DEN,HOU,Bo Nix,00-0039732,QB,anytime_td,0.199,0.0,0.0,0.0,0.0,1.0
2025_09_DEN_HOU,DEN,HOU,Courtland Sutton,00-0034348,WR,car,0.008,0.0,0.0,0.0,0.0,0.0
2025_09_DEN_HOU,DEN,HOU,Courtland Sutton,00-0034348,WR,rush_yds,0.058,0.0,0.0,0.0,0.0,0.0
2025_09_DEN_HOU,DEN,HOU,Courtland Sutton,00-0034348,WR,tgt,7.672,3.0,5.0,7.0,10.0,12.1
2025_09_DEN_HOU,DEN,HOU,Courtland Sutton,00-0034348,WR,rec,4.71,2.0,3.0,4.0,6.0,8.0
2025_09_DEN_HOU,DEN,HOU,Courtland Sutton,00-0034348,WR,rec_yds,63.612,16.077,33.241,57.293,86.629,119.808
2025_09_DEN_HOU,DEN,HOU,Courtland Sutton,00-0034348,WR,anytime_td,0.186,0.0,0.0,0.0,0.0,1.0
2025_09_DEN_HOU,DEN,HOU,Troy Franklin,00-0039868,WR,car,0.212,0.0,0.0,0.0,0.0,1.0
2025_09_DEN_HOU,DEN,HOU,Troy Franklin,00-0039868,WR,rush_yds,0.969,0.0,0.0,0.0,0.0,0.0
2025_09_DEN_HOU,DEN,HOU,Troy Franklin,00-0039868,WR,tgt,6.822,3.0,4.0,6.0,9.0,11.0
2025_09_DEN_HOU,DEN,HOU,Troy Franklin,00-0039868,WR,rec,4.015,1.0,2.0,4.0,5.0,7.0
2025_09_DEN_HOU,DEN,HOU,Troy Franklin,00-0039868,WR,rec_yds,47.987,10.045,22.934,42.4,66.718,92.72
2025_09_DEN_HOU,DEN,HOU,Troy Franklin,00-0039868,WR,anytime_td,0.265,0.0,0.0,0.0,1.0,1.0
2025_09_DEN_HOU,DEN,HOU,Adam Trautman,00-0036422,TE,car,0.002,0.0,0.0,0.0,0.0,0.0
2025_09_DEN_HOU,DEN,HOU,Adam Trautman,00-0036422,TE,rush_yds,0.004,0.0,0.0,0.0,0.0,0.0
2025_09_DEN_HOU,DEN,HOU,Adam Trautman,00-0036422,TE,tgt,1.001,0.0,0.0,1.0,2.0,3.0
2025_09_DEN_HOU,DEN,HOU,Adam Trautman,00-0036422,TE,rec,0.694,0.0,0.0,0.0,1.0,2.0
2025_09_DEN_HOU,DEN,HOU,Adam Trautman,00-0036422,TE,rec_yds,7.057,0.0,0.0,0.0,10.363,23.092
2025_09_DEN_HOU,DEN,HOU,Adam Trautman,00-0036422,TE,anytime_td,0.045,0.0,0.0,0.0,0.0,0.0
2025_09_DEN_HOU,DEN,HOU,Pat Bryant,00-0040134,WR,car,0.012,0.0,0.0,0.0,0.0,0.0
2025_09_DEN_HOU,DEN,HOU,Pat Bryant,00-0040134,WR,rush_yds,0.081,0.0,0.0,0.0,0.0,0.0
2025_09_DEN_HOU,DEN,HOU,Pat Bryant,00-0040134,WR,tgt,2.344,0.0,1.0,2.0,3.0,5.0
2025_09_DEN_HOU,DEN,HOU,Pat Bryant,00-0040134,WR,rec,1.352,0.0,0.0,1.0,2.0,3.0
2025_09_DEN_HOU,DEN,HOU,Pat Bryant,00-0040134,WR,rec_yds,16.849,0.0,0.0,10.134,25.506,45.082
2025_09_DEN_HOU,DEN,HOU,Pat Bryant,00-0040134,WR,anytime_td,0.102,0.0,0.0,0.0,0.0,1.0
2025_09_DEN_HOU,DEN,HOU,Evan Engram,00-0033881,TE,car,0.11,0.0,0.0,0.0,0.0,0.0
2025_09_DEN_HOU,DEN,HOU,Evan Engram,00-0033881,TE,rush_yds,0.224,0.0,0.0,0.0,0.0,0.0
2025_09_DEN_HOU,DEN,HOU,Evan Engram,00-0033881,TE,tgt,5.87,2.0,4.0,6.0,8.0,10.0
2025_09_DEN_HOU,DEN,HOU,Evan Engram,00-0033881,TE,rec,4.021,1.0,2.0,4.0,5.0,7.0
2025_09_DEN_HOU,DEN,HOU,Evan Engram,00-0033881,TE,rec_yds,38.275,7.961,18.337,33.881,52.782,74.044
2025_09_DEN_HOU,DEN,HOU,Evan Engram,00-0033881,TE,anytime_td,0.116,0.0,0.0,0.0,0.0,1.0
2025_09_DEN_HOU,DEN,HOU,J.K. Dobbins,00-0036158,RB,car,14.213,7.0,10.0,14.0,18.0,22.0
2025_09_DEN_HOU,DEN,HOU,J.K. Dobbins,00-0036158,RB,rush_yds,60.861,19.964,33.767,53.349,79.352,110.581
2025_09_DEN_HOU,DEN,HOU,J.K. Dobbins,00-0036158,RB,tgt,1.649,0.0,0.0,1.0,2.0,4.0
2025_09_DEN_HOU,DEN,HOU,J.K. Dobbins,00-0036158,RB,rec,1.238,0.0,0.0,1.0,2.0,3.0
2025_09_DEN_HOU,DEN,HOU,J.K. Dobbins,00-0036158,RB,rec_yds,8.002,0.0,0.0,3.71,11.961,22.769
2025_09_DEN_HOU,DEN,HOU,J.K. Dobbins,00-0036158,RB,anytime_td,0.236,0.0,0.0,0.0,0.0,1.0
2025_09_DEN_HOU,DEN,HOU,RJ Harvey,00-0040730,RB,car,5.408,1.0,2.0,5.0,8.0,11.0
2025_09_DEN_HOU,DEN,HOU,RJ Harvey,00-0040730,RB,rush_yds,20.744,0.757,5.721,14.896,29.418,47.808
2025_09_DEN_HOU,DEN,HOU,RJ Harvey,00-0040730,RB,tgt,2.653,0.0,1.0,2.0,4.0,5.0
2025_09_DEN_HOU,DEN,HOU,RJ Harvey,00-0040730,RB,rec,2.025,0.0,1.0,2.0,3.0,4.0
2025_09_DEN_HOU,DEN,HOU,RJ Harvey,00-0040730,RB,rec_yds,14.265,0.0,0.999,9.462,21.047,36.465
2025_09_DEN_HOU,DEN,HOU,RJ Harvey,00-0040730,RB,anytime_td,0.316,0.0,0.0,0.0,1.0,1.0
2025_09_DEN_HOU,DEN,HOU,Tyler Badie,00-0037085,RB,car,0.822,0.0,0.0,0.0,1.0,3.0
2025_09_DEN_HOU,DEN,HOU,Tyler Badie,00-0037085,RB,rush_yds,3.233,0.0,0.0,0.0,2.676,10.828
2025_09_DEN_HOU,DEN,HOU,Tyler Badie,00-0037085,RB,tgt,1.688,0.0,0.0,1.0,3.0,4.0
2025_09_DEN_HOU,DEN,HOU,Tyler Badie,00-0037085,RB,rec,1.229,0.0,0.0,1.0,2.0,3.0
2025_09_DEN_HOU,DEN,HOU,Tyler Badie,00-0037085,RB,rec_yds,9.38,0.0,0.0,4.177,13.968,26.828
2025_09_DEN_HOU,DEN,HOU,Tyler Badie,00-0037085,RB,anytime_td,0.022,0.0,0.0,0.0,0.0,0.0
2025_09_DEN_HOU,DEN,HOU,Adam Prentice,00-0036727,RB,car,0.61,0.0,0.0,0.0,1.0,2.0
2025_09_DEN_HOU,DEN,HOU,Adam Prentice,00-0036727,RB,rush_yds,2.437,0.0,0.0,0.0,0.0,7.915
2025_09_DEN_HOU,DEN,HOU,Adam Prentice,00-0036727,RB,tgt,0.325,0.0,0.0,0.0,0.0,1.0
2025_09_DEN_HOU,DEN,HOU,Adam Prentice,00-0036727,RB,rec,0.243,0.0,0.0,0.0,0.0,1.0
2025_09_DEN_HOU,DEN,HOU,Adam Prentice,00-0036727,RB,rec_yds,1.745,0.0,0.0,0.0,0.0,6.068
2025_09_DEN_HOU,DEN,HOU,Adam Prentice,00-0036727,RB,anytime_td,0.007,0.0,0.0,0.0,0.0,0.0
2025_09_DEN_HOU,DEN,HOU,Trent Sherfield,00-0034487,WR,car,0.007,0.0,0.0,0.0,0.0,0.0
2025_09_DEN_HOU,DEN,HOU,Trent Sherfield,00-0034487,WR,rush_yds,0.037,0.0,0.0,0.0,0.0,0.0
2025_09_DEN_HOU,DEN,HOU,Trent Sherfield,00-0034487,WR,tgt,0.623,0.0,0.0,0.0,1.0,2.0
2025_09_DEN_HOU,DEN,HOU,Trent Sherfield,00-0034487,WR,rec,0.38,0.0,0.0,0.0,1.0,1.0
2025_09_DEN_HOU,DEN,HOU,Trent Sherfield,00-0034487,WR,rec_yds,4.714,0.0,0.0,0.0,3.508,17.438
2025_09_DEN_HOU,DEN,HOU,Trent Sherfield,00-0034487,WR,anytime_td,0.005,0.0,0.0,0.0,0.0,0.0
2025_09_DEN_HOU,DEN,HOU,Michael Bandy,00-0036959,WR,car,0.037,0.0,0.0,0.0,0.0,0.0
2025_09_DEN_HOU,DEN,HOU,Michael Bandy,00-0036959,WR,rush_yds,0.136,0.0,0.0,0.0,0.0,0.0
2025_09_DEN_HOU,DEN,HOU,Michael Bandy,00-0036959,WR,tgt,1.145,0.0,0.0,1.0,2.0,3.0
2025_09_DEN_HOU,DEN,HOU,Michael Bandy,00-0036959,WR,rec,0.684,0.0,0.0,0.0,1.0,2.0
2025_09_DEN_HOU,DEN,HOU,Michael Bandy,00-0036959,WR,rec_yds,8.685,0.0,0.0,0.0,12.416,28.081
2025_09_DEN_HOU,DEN,HOU,Michael Bandy,00-0036959,WR,anytime_td,0.028,0.0,0.0,0.0,0.0,0.0
2025_09_IND_PIT,PIT,IND,Aaron Rodgers,00-0023459,QB,att,32.146,22.0,28.0,33.0,38.0,43.0
2025_09_IND_PIT,PIT,IND,Aaron Rodgers,00-0023459,QB,cmp,21.604,14.0,18.0,22.0,26.0,30.0
2025_09_IND_PIT,PIT,IND,Aaron Rodgers,00-0023459,QB,pass_yds,235.166,139.41,188.162,235.741,285.914,337.295
2025_09_IND_PIT,PIT,IND,Aaron Rodgers,00-0023459,QB,pass_td,1.638,0.0,1.0,2.0,2.0,3.0
2025_09_IND_PIT,PIT,IND,Aaron Rodgers,00-0023459,QB,ints,0.786,0.0,0.0,1.0,1.0,2.0
2025_09_IND_PIT,PIT,IND,Aaron Rodgers,00-0023459,QB,car,1.635,0.0,0.0,1.0,2.0,4.0
2025_09_IND_PIT,PIT,IND,Aaron Rodgers,00-0023459,QB,rush_yds,6.671,-1.0,0.0,1.911,10.51,21.019
2025_09_IND_PIT,PIT,IND,Aaron Rodgers,00-0023459,QB,tgt,0.001,0.0,0.0,0.0,0.0,0.0
2025_09_IND_PIT,PIT,IND,Aaron Rodgers,00-0023459,QB,rec,0.001,0.0,0.0,0.0,0.0,0.0
2025_09_IND_PIT,PIT,IND,Aaron Rodgers,00-0023459,QB,rec_yds,0.014,0.0,0.0,0.0,0.0,0.0
2025_09_IND_PIT,PIT,IND,Aaron Rodgers,00-0023459,QB,anytime_td,0.005,0.0,0.0,0.0,0.0,0.0
2025_09_IND_PIT,PIT,IND,DK Metcalf,00-0035640,WR,car,0.013,0.0,0.0,0.0,0.0,0.0
2025_09_IND_PIT,PIT,IND,DK Metcalf,00-0035640,WR,rush_yds,0.058,0.0,0.0,0.0,0.0,0.0
2025_09_IND_PIT,PIT,IND,DK Metcalf,00-0035640,WR,tgt,6.354,2.0,4.0,6.0,8.0,11.0
2025_09_IND_PIT,PIT,IND,DK Metcalf,00-0035640,WR,rec,3.972,1.0,2.0,4.0,5.0,7.0
2025_09_IND_PIT,PIT,IND,DK Metcalf,00-0035640,WR,rec_yds,59.431,11.881,27.712,52.507,84.06,116.256
2025_09_IND_PIT,PIT,IND,DK Metcalf,00-0035640,WR,anytime_td,0.348,0.0,0.0,0.0,1.0,1.0
2025_09_IND_PIT,PIT,IND,Darnell Washington,00-0038558,TE,car,0.002,0.0,0.0,0.0,0.0,0.0
2025_09_IND_PIT,PIT,IND,Darnell Washington,00-0038558,TE,rush_yds,0.001,0.0,0.0,0.0,0.0,0.0
2025_09_IND_PIT,PIT,IND,Darnell Washington,00-0038558,TE,tgt,2.141,0.0,1.0,2.0,3.0,5.0
2025_09_IND_PIT,PIT,IND,Darnell Washington,00-0038558,TE,rec,1.469,0.0,0.0,1.0,2.0,3.0
2025_09_IND_PIT,PIT,IND,Darnell Washington,00-0038558,TE,rec_yds,15.496,0.0,0.0,9.831,23.278,40.615
2025_09_IND_PIT,PIT,IND,Darnell Washington,00-0038558,TE,anytime_td,0.108,0.0,0.0,0.0,0.0,1.0
2025_09_IND_PIT,PIT,IND,Jaylen Warren,00-0037228,RB,car,11.068,5.0,7.0,10.0,14.0,18.0
2025_09_IND_PIT,PIT,IND,Jaylen Warren,00-0037228,RB,rush_yds,48.967,12.714,24.246,41.337,66.312,93.898
2025_09_IND_PIT,PIT,IND,Jaylen Warren,00-0037228,RB,tgt,3.708,1.0,2.0,3.0,5.0,7.0
2025_09_IND_PIT,PIT,IND,Jaylen Warren,00-0037228,RB,rec,2.939,1.0,1.0,3.0,4.0,6.0
2025_09_IND_PIT,PIT,IND,Jaylen Warren,00-0037228,RB,rec_yds,24.809,0.0,7.871,19.145,35.207,56.484
2025_09_IND_PIT,PIT,IND,Jaylen Warren,00-0037228,RB,anytime_td,0.374,0.0,0.0,0.0,1.0,1.0
2025_09_IND_PIT,PIT,IND,Calvin Austin III,00-0037837,WR,car,0.014,0.0,0.0,0.0,0.0,0.0
2025_09_IND_PIT,PIT,IND,Calvin Austin III,00-0037837,WR,rush_yds,0.076,0.0,0.0,0.0,0.0,0.0
2025_09_IND_PIT,PIT,IND,Calvin Austin III,00-0037837,WR,tgt,4.43,1.0,2.0,4.0,6.0,8.0
2025_09_IND_PIT,PIT,IND,Calvin Austin III,00-0037837,WR,rec,2.757,1.0,1.0,2.0,4.0,5.0
2025_09_IND_PIT,PIT,IND,Calvin Austin III,00-0037837,WR,rec_yds,35.594,0.0,12.375,29.079,51.705,77.895
2025_09_IND_PIT,PIT,IND,Calvin Austin III,00-0037837,WR,anytime_td,0.22,0.0,0.0,0.0,0.0,1.0
2025_09_IND_PIT,PIT,IND,Roman Wilson,00-0039739,WR,car,0.01,0.0,0.0,0.0,0.0,0.0
2025_09_IND_PIT,PIT,IND,Roman Wilson,00-0039739,WR,rush_yds,0.048,0.0,0.0,0.0,0.0,0.0
2025_09_IND_PIT,PIT,IND,Roman Wilson,00-0039739,WR,tgt,1.88,0.0,1.0,1.5,3.0,4.0
2025_09_IND_PIT,PIT,IND,Roman Wilson,00-0039739,WR,rec,1.24,0.0,0.0,1.0,2.0,3.0
2025_09_IND_PIT,PIT,IND,Roman Wilson,00-0039739,WR,rec_yds,17.059,0.0,0.0,9.024,25.615,47.31
2025_09_IND_PIT,PIT,IND,Roman Wilson,00-0039739,WR,anytime_td,0.119,0.0,0.0,0.0,0.0,1.0
2025_09_IND_PIT,PIT,IND,Pat Freiermuth,00-0036894,TE,car,0.002,0.0,0.0,0.0,0.0,0.0
2025_09_IND_PIT,PIT,IND,Pat Freiermuth,00-0036894,TE,rush_yds,0.006,0.0,0.0,0.0,0.0,0.0
2025_09_IND_PIT,PIT,IND,Pat Freiermuth,00-0036894,TE,tgt,3.653,1.0,2.0,3.0,5.0,7.0
2025_09_IND_PIT,PIT,IND,Pat Freiermuth,00-0036894,TE,rec,2.662,0.0,1.0,2.0,4.0,5.0
2025_09_IND_PIT,PIT,IND,Pat Freiermuth,00-0036894,TE,rec_yds,30.532,0.0,10.316,24.309,44.441,66.582
2025_09_IND_PIT,PIT,IND,Pat Freiermuth,00-0036894,TE,anytime_td,0.216,0.0,0.0,0.0,0.0,1.0
2025_09_IND_PIT,PIT,IND,Jonnu Smith,00-0033858,TE,car,0.127,0.0,0.0,0.0,0.0,0.0
2025_09_IND_PIT,PIT,IND,Jonnu Smith,00-0033858,TE,rush_yds,0.268,0.0,0.0,0.0,0.0,0.0
2025_09_IND_PIT,PIT,IND,Jonnu Smith,00-0033858,TE,tgt,4.541,1.0,3.0,4.0,6.0,8.0
2025_09_IND_PIT,PIT,IND,Jonnu Smith,00-0033858,TE,rec,3.256,1.0,2.0,3.0,4.0,6.0
2025_09_IND_PIT,PIT,IND,Jonnu Smith,00-0033858,TE,rec_yds,31.311,4.345,12.644,26.276,44.457,64.859
2025_09_IND_PIT,PIT,IND,Jonnu Smith,00-0033858,TE,anytime_td,0.224,0.0,0.0,0.0,0.0,1.0
2025_09_IND_PIT,PIT,IND,Kenny Gainwell,00-0036919,RB,car,5.621,1.0,3.0,5.0,8.0,11.0
2025_09_IND_PIT,PIT,IND,Kenny Gainwell,00-0036919,RB,rush_yds,23.966,1.076,7.391,17.862,33.814,53.866
2025_09_IND_PIT,PIT,IND,Kenny Gainwell,00-0036919,RB,tgt,3.279,1.0,2.0,3.0,5.0,6.0
2025_09_IND_PIT,PIT,IND,Kenny Gainwell,00-0036919,RB,rec,2.666,0.0,1.0,2.0,4.0,5.0
2025_09_IND_PIT,PIT,IND,Kenny Gainwell,00-0036919,RB,rec_yds,17.111,0.0,4.463,12.728,24.938,39.837
2025_09_IND_PIT,PIT,IND,Kenny Gainwell,00-0036919,RB,anytime_td,0.324,0.0,0.0,0.0,1.0,1.0
2025_09_IND_PIT,PIT,IND,Ben Skowronek,00-0036862,WR,car,0.009,0.0,0.0,0.0,0.0,0.0
2025_09_IND_PIT,PIT,IND,Ben Skowronek,00-0036862,WR,rush_yds,0.072,0.0,0.0,0.0,0.0,0.0
2025_09_IND_PIT,PIT,IND,Ben Skowronek,00-0036862,WR,tgt,0.622,0.0,0.0,0.0,1.0,2.0
2025_09_IND_PIT,PIT,IND,Ben Skowronek,00-0036862,WR,rec,0.391,0.0,0.0,0.0,1.0,1.0
2025_09_IND_PIT,PIT,IND,Ben Skowronek,00-0036862,WR,rec_yds,5.167,0.0,0.0,0.0,4.348,18.794
2025_09_IND_PIT,PIT,IND,Ben Skowronek,00-0036862,WR,anytime_td,0.035,0.0,0.0,0.0,0.0,0.0
2025_09_IND_PIT,PIT,IND,Kaleb Johnson,00-0040142,RB,car,3.355,0.0,1.0,2.0,5.0,8.0
2025_09_IND_PIT,PIT,IND,Kaleb Johnson,00-0040142,RB,rush_yds,13.489,0.0,0.93,7.917,19.184,35.374
2025_09_IND_PIT,PIT,IND,Kaleb Johnson,00-0040142,RB,tgt,0.38,0.0,0.0,0.0,1.0,1.0
2025_09_IND_PIT,PIT,IND,Kaleb Johnson,00-0040142,RB,rec,0.289,0.0,0.0,0.0,0.0,1.0
2025_09_IND_PIT,PIT,IND,Kaleb Johnson,00-0040142,RB,rec_yds,2.392,0.0,0.0,0.0,0.0,8.736
2025_09_IND_PIT,PIT,IND,Kaleb Johnson,00-0040142,RB,anytime_td,0.085,0.0,0.0,0.0,0.0,0.0
2025_09_IND_PIT,PIT,IND,Trey Sermon,00-0036984,RB,car,1.779,0.0,0.0,1.0,3.0,5.0
2025_09_IND_PIT,PIT,IND,Trey Sermon,00-0036984,RB,rush_yds,7.366,0.0,0.0,1.97,9.979,21.683
2025_09_IND_PIT,PIT,IND,Trey Sermon,00-0036984,RB,tgt,1.126,0.0,0.0,1.0,2.0,3.0
2025_09_IND_PIT,PIT,IND,Trey Sermon,00-0036984,RB,rec,0.872,0.0,0.0,1.0,1.0,2.0
2025_09_IND_PIT,PIT,IND,Trey Sermon,00-0036984,RB,rec_yds,6.839,0.0,0.0,0.0,10.224,20.91
2025_09_IND_PIT,PIT,IND,Trey Sermon,00-0036984,RB,anytime_td,0.098,0.0,0.0,0.0,0.0,0.0
2025_09_IND_PIT,IND,PIT,Daniel Jones,00-0035710,QB,att,31.984,22.0,27.0,33.0,38.0,43.0
2025_09_IND_PIT,IND,PIT,Daniel Jones,00-0035710,QB,cmp,22.226,14.0,19.0,23.0,27.0,30.0
2025_09_IND_PIT,IND,PIT,Daniel Jones,00-0035710,QB,pass_yds,257.01,157.352,208.166,256.226,310.296,364.419
2025_09_IND_PIT,IND,PIT,Daniel Jones,00-0035710,QB,pass_td,1.662,0.0,1.0,2.0,2.0,3.0
2025_09_IND_PIT,IND,PIT,Daniel Jones,00-0035710,QB,ints,0.592,0.0,0.0,0.0,1.0,2.0
2025_09_IND_PIT,IND,PIT,Daniel Jones,00-0035710,QB,car,3.684,1.0,2.0,3.0,5.0,7.0
2025_09_IND_PIT,IND,PIT,Daniel Jones,00-0035710,QB,rush_yds,13.937,-1.0,1.843,9.63,21.152,34.081
2025_09_IND_PIT,IND,PIT,Daniel Jones,00-0035710,QB,tgt,0.001,0.0,0.0,0.0,0.0,0.0
2025_09_IND_PIT,IND,PIT,Daniel Jones,00-0035710,QB,rec,0.001,0.0,0.0,0.0,0.0,0.0
2025_09_IND_PIT,IND,PIT,Daniel Jones,00-0035710,QB,rec_yds,0.004,0.0,0.0,0.0,0.0,0.0
2025_09_IND_PIT,IND,PIT,Daniel Jones,00-0035710,QB,anytime_td,0.251,0.0,0.0,0.0,1.0,1.0
2025_09_IND_PIT,IND,PIT,Alec Pierce,00-0037664,WR,car,0.008,0.0,0.0,0.0,0.0,0.0
2025_09_IND_PIT,IND,PIT,Alec Pierce,00-0037664,WR,rush_yds,0.049,0.0,0.0,0.0,0.0,0.0
2025_09_IND_PIT,IND,PIT,Alec Pierce,00-0037664,WR,tgt,5.163,2.0,3.0,5.0,7.0,9.0
2025_09_IND_PIT,IND,PIT,Alec Pierce,00-0037664,WR,rec,3.188,1.0,2.0,3.0,4.0,6.0
2025_09_IND_PIT,IND,PIT,Alec Pierce,00-0037664,WR,rec_yds,51.147,6.411,20.987,43.838,72.14,105.625
2025_09_IND_PIT,IND,PIT,Alec Pierce,00-0037664,WR,anytime_td,0.154,0.0,0.0,0.0,0.0,1.0
2025_09_IND_PIT,IND,PIT,Michael Pittman,00-0036252,WR,car,0.008,0.0,0.0,0.0,0.0,0.0
2025_09_IND_PIT,IND,PIT,Michael Pittman,00-0036252,WR,rush_yds,0.029,0.0,0.0,0.0,0.0,0.0
2025_09_IND_PIT,IND,PIT,Michael Pittman,00-0036252,WR,tgt,6.938,3.0,4.0,7.0,9.0,11.0
2025_09_IND_PIT,IND,PIT,Michael Pittman,00-0036252,WR,rec,5.078,2.0,3.0,5.0,7.0,9.0
2025_09_IND_PIT,IND,PIT,Michael Pittman,00-0036252,WR,rec_yds,59.238,15.379,30.73,53.201,81.293,111.032
2025_09_IND_PIT,IND,PIT,Michael Pittman,00-0036252,WR,anytime_td,0.408,0.0,0.0,0.0,1.0,1.0
2025_09_IND_PIT,IND,PIT,Tyler Warren,00-0040128,TE,car,0.343,0.0,0.0,0.0,0.0,1.0
2025_09_IND_PIT,IND,PIT,Tyler Warren,00-0040128,TE,rush_yds,0.765,0.0,0.0,0.0,0.0,2.098
2025_09_IND_PIT,IND,PIT,Tyler Warren,00-0040128,TE,tgt,5.726,2.0,3.0,5.0,8.0,10.0
2025_09_IND_PIT,IND,PIT,Tyler Warren,00-0040128,TE,rec,4.373,1.0,3.0,4.0,6.0,8.0
2025_09_IND_PIT,IND,PIT,Tyler Warren,00-0040128,TE,rec_yds,51.376,11.347,24.871,45.824,71.407,99.304
2025_09_IND_PIT,IND,PIT,Tyler Warren,00-0040128,TE,anytime_td,0.319,0.0,0.0,0.0,1.0,1.0
2025_09_IND_PIT,IND,PIT,Jonathan Taylor,00-0036223,RB,car,16.93,9.0,12.0,17.0,21.0,25.0
2025_09_IND_PIT,IND,PIT,Jonathan Taylor,00-0036223,RB,rush_yds,85.655,32.998,52.043,78.124,110.672,147.988
2025_09_IND_PIT,IND,PIT,Jonathan Taylor,00-0036223,RB,tgt,2.986,0.0,1.0,3.0,4.0,6.0
2025_09_IND_PIT,IND,PIT,Jonathan Taylor,00-0036223,RB,rec,2.542,0.0,1.0,2.0,4.0,5.0
2025_09_IND_PIT,IND,PIT,Jonathan Taylor,00-0036223,RB,rec_yds,19.433,0.0,4.37,14.031,29.263,46.109
2025_09_IND_PIT,IND,PIT,Jonathan Taylor,00-0036223,RB,anytime_td,0.649,0.0,0.0,1.0,1.0,1.0
2025_09_IND_PIT,IND,PIT,Josh Downs,00-0038997,WR,car,0.011,0.0,0.0,0.0,0.0,0.0
2025_09_IND_PIT,IND,PIT,Josh Downs,00-0038997,WR,rush_yds,0.065,0.0,0.0,0.0,0.0,0.0
2025_09_IND_PIT,IND,PIT,Josh Downs,00-0038997,WR,tgt,5.545,2.0,3.0,5.0,7.0,10.0
2025_09_IND_PIT,IND,PIT,Josh Downs,00-0038997,WR,rec,4.002,1.0,2.0,4.0,5.0,7.0
2025_09_IND_PIT,IND,PIT,Josh Downs,00-0038997,WR,rec_yds,45.206,8.832,20.321,39.235,63.409,89.511
2025_09_IND_PIT,IND,PIT,Josh Downs,00-0038997,WR,anytime_td,0.296,0.0,0.0,0.0,1.0,1.0
2025_09_IND_PIT,IND,PIT,Mo Alie-Cox,00-0033217,TE,car,0.003,0.0,0.0,0.0,0.0,0.0
2025_09_IND_PIT,IND,PIT,Mo Alie-Cox,00-0033217,TE,rush_yds,0.003,0.0,0.0,0.0,0.0,0.0
2025_09_IND_PIT,IND,PIT,Mo Alie-Cox,00-0033217,TE,tgt,0.894,0.0,0.0,1.0,1.0,2.0
2025_09_IND_PIT,IND,PIT,Mo Alie-Cox,00-0033217,TE,rec,0.654,0.0,0.0,0.0,1.0,2.0
2025_09_IND_PIT,IND,PIT,Mo Alie-Cox,00-0033217,TE,rec_yds,6.749,0.0,0.0,0.0,9.551,22.429
2025_09_IND_PIT,IND,PIT,Mo Alie-Cox,00-0033217,TE,anytime_td,0.017,0.0,0.0,0.0,0.0,0.0
2025_09_IND_PIT,IND,PIT,Tyler Goodson,00-0037120,RB,car,1.518,0.0,0.0,1.0,2.0,4.0
2025_09_IND_PIT,IND,PIT,Tyler Goodson,00-0037120,RB,rush_yds,6.088,0.0,0.0,0.0,7.825,18.771
2025_09_IND_PIT,IND,PIT,Tyler Goodson,00-0037120,RB,tgt,0.575,0.0,0.0,0.0,1.0,2.0
2025_09_IND_PIT,IND,PIT,Tyler Goodson,00-0037120,RB,rec,0.462,0.0,0.0,0.0,1.0,1.0
2025_09_IND_PIT,IND,PIT,Tyler Goodson,00-0037120,RB,rec_yds,3.275,0.0,0.0,0.0,3.034,11.619
2025_09_IND_PIT,IND,PIT,Tyler Goodson,00-0037120,RB,anytime_td,0.06,0.0,0.0,0.0,0.0,0.0
2025_09_IND_PIT,IND,PIT,Ashton Dulin,00-0035021,WR,car,0.212,0.0,0.0,0.0,0.0,1.0
2025_09_IND_PIT,IND,PIT,Ashton Dulin,00-0035021,WR,rush_yds,1.211,0.0,0.0,0.0,0.0,0.0
2025_09_IND_PIT,IND,PIT,Ashton Dulin,00-0035021,WR,tgt,1.09,0.0,0.0,1.0,2.0,3.0
2025_09_IND_PIT,IND,PIT,Ashton Dulin,00-0035021,WR,rec,0.711,0.0,0.0,0.0,1.0,2.0
2025_09_IND_PIT,IND,PIT,Ashton Dulin,00-0035021,WR,rec_yds,9.112,0.0,0.0,0.0,12.806,29.544
2025_09_IND_PIT,IND,PIT,Ashton Dulin,00-0035021,WR,anytime_td,0.021,0.0,0.0,0.0,0.0,0.0
2025_09_IND_PIT,IND,PIT,Ameer Abdullah,00-0032104,RB,car,3.176,0.0,1.0,2.0,5.0,8.0
2025_09_IND_PIT,IND,PIT,Ameer Abdullah,00-0032104,RB,rush_yds,13.533,0.0,0.8,7.219,19.365,36.031
2025_09_IND_PIT,IND,PIT,Ameer Abdullah,00-0032104,RB,tgt,1.416,0.0,0.0,1.0,2.0,3.0
2025_09_IND_PIT,IND,PIT,Ameer Abdullah,00-0032104,RB,rec,1.18,0.0,0.0,1.0,2.0,3.0
2025_09_IND_PIT,IND,PIT,Ameer Abdullah,00-0032104,RB,rec_yds,8.763,0.0,0.0,3.497,12.695,25.257
2025_09_IND_PIT,IND,PIT,Ameer Abdullah,00-0032104,RB,anytime_td,0.185,0.0,0.0,0.0,0.0,1.0
2025_09_IND_PIT,IND,PIT,Adonai Mitchell,00-0039890,WR,car,0.046,0.0,0.0,0.0,0.0,0.0
2025_09_IND_PIT,IND,PIT,Adonai Mitchell,00-0039890,WR,rush_yds,0.207,0.0,0.0,0.0,0.0,0.0
2025_09_IND_PIT,IND,PIT,Adonai Mitchell,00-0039890,WR,tgt,2.083,0.0,1.0,2.0,3.0,5.0
2025_09_IND_PIT,IND,PIT,Adonai Mitchell,00-0039890,WR,rec,1.293,0.0,0.0,1.0,2.0,3.0
2025_09_IND_PIT,IND,PIT,Adonai Mitchell,00-0039890,WR,rec_yds,17.536,0.0,0.0,10.082,26.641,47.621
2025_09_IND_PIT,IND,PIT,Adonai Mitchell,00-0039890,WR,anytime_td,0.032,0.0,0.0,0.0,0.0,0.0
2025_09_JAX_LV,LV,JAX,Geno Smith,00-0030565,QB,att,30.88,21.0,26.0,32.0,37.0,41.0
2025_09_JAX_LV,LV,JAX,Geno Smith,00-0030565,QB,cmp,19.907,13.0,16.0,20.0,24.0,27.0
2025_09_JAX_LV,LV,JAX,Geno Smith,00-0030565,QB,pass_yds,214.761,126.33,171.882,216.072,260.255,305.434
2025_09_JAX_LV,LV,JAX,Geno Smith,00-0030565,QB,pass_td,1.267,0.0,0.0,1.0,2.0,3.0
2025_09_JAX_LV,LV,JAX,Geno Smith,00-0030565,QB,ints,0.763,0.0,0.0,1.0,1.0,2.0
2025_09_JAX_LV,LV,JAX,Geno Smith,00-0030565,QB,car,3.327,0.0,1.0,3.0,5.0,7.0
2025_09_JAX_LV,LV,JAX,Geno Smith,00-0030565,QB,rush_yds,13.489,-0.032,1.523,9.115,20.263,34.356
2025_09_JAX_LV,LV,JAX,Geno Smith,00-0030565,QB,tgt,0.001,0.0,0.0,0.0,0.0,0.0
2025_09_JAX_LV,LV,JAX,Geno Smith,00-0030565,QB,rec,0.001,0.0,0.0,0.0,0.0,0.0
2025_09_JAX_LV,LV,JAX,Geno Smith,00-0030565,QB,rec_yds,0.008,0.0,0.0,0.0,0.0,0.0
2025_09_JAX_LV,LV,JAX,Geno Smith,00-0030565,QB,anytime_td,0.063,0.0,0.0,0.0,0.0,0.0
2025_09_JAX_LV,LV,JAX,Tre Tucker,00-0038563,WR,car,0.648,0.0,0.0,0.0,1.0,2.0
2025_09_JAX_LV,LV,JAX,Tre Tucker,00-0038563,WR,rush_yds,3.392,0.0,0.0,0.0,0.0,11.691
2025_09_JAX_LV,LV,JAX,Tre Tucker,00-0038563,WR,tgt,5.861,2.0,4.0,6.0,8.0,10.0
2025_09_JAX_LV,LV,JAX,Tre Tucker,00-0038563,WR,rec,3.872,1.0,2.0,4.0,5.0,7.0
2025_09_JAX_LV,LV,JAX,Tre Tucker,00-0038563,WR,rec_yds,48.432,8.857,21.454,41.584,69.161,96.648
2025_09_JAX_LV,LV,JAX,Tre Tucker,00-0038563,WR,anytime_td,0.328,0.0,0.0,0.0,1.0,1.0
2025_09_JAX_LV,LV,JAX,Ashton Jeanty,00-0040122,RB,car,15.465,8.0,11.0,15.0,19.0,24.0
2025_09_JAX_LV,LV,JAX,Ashton Jeanty,00-0040122,RB,rush_yds,61.853,22.573,35.782,55.306,81.091,108.725
2025_09_JAX_LV,LV,JAX,Ashton Jeanty,00-0040122,RB,tgt,3.251,1.0,2.0,3.0,5.0,6.0
2025_09_JAX_LV,LV,JAX,Ashton Jeanty,00-0040122,RB,rec,2.391,0.0,1.0,2.0,3.0,5.0
2025_09_JAX_LV,LV,JAX,Ashton Jeanty,00-0040122,RB,rec_yds,17.124,0.0,3.958,12.75,24.962,40.194
2025_09_JAX_LV,LV,JAX,Ashton Jeanty,00-0040122,RB,anytime_td,0.579,0.0,0.0,1.0,1.0,1.0
2025_09_JAX_LV,LV,JAX,Jakobi Meyers,00-0034960,WR,car,0.022,0.0,0.0,0.0,0.0,0.0
2025_09_JAX_LV,LV,JAX,Jakobi Meyers,00-0034960,WR,rush_yds,0.095,0.0,0.0,0.0,0.0,0.0
2025_09_JAX_LV,LV,JAX,Jakobi Meyers,00-0034960,WR,tgt,7.244,3.0,5.0,7.0,9.0,12.0
2025_09_JAX_LV,LV,JAX,Jakobi Meyers,00-0034960,WR,rec,4.61,2.0,3.0,4.0,6.0,8.0
2025_09_JAX_LV,LV,JAX,Jakobi Meyers,00-0034960,WR,rec_yds,55.541,14.433,28.995,50.508,75.12,103.496
2025_09_JAX_LV,LV,JAX,Jakobi Meyers,00-0034960,WR,anytime_td,0.15,0.0,0.0,0.0,0.0,1.0
2025_09_JAX_LV,LV,JAX,Michael Mayer,00-0039066,TE,car,0.003,0.0,0.0,0.0,0.0,0.0
2025_09_JAX_LV,LV,JAX,Michael Mayer,00-0039066,TE,rush_yds,0.004,0.0,0.0,0.0,0.0,0.0
2025_09_JAX_LV,LV,JAX,Michael Mayer,00-0039066,TE,tgt,3.309,1.0,2.0,3.0,5.0,6.0
2025_09_JAX_LV,LV,JAX,Michael Mayer,00-0039066,TE,rec,2.298,0.0,1.0,2.0,3.0,5.0
2025_09_JAX_LV,LV,JAX,Michael Mayer,00-0039066,TE,rec_yds,22.762,0.0,6.306,17.742,33.664,51.517
2025_09_JAX_LV,LV,JAX,Michael Mayer,00-0039066,TE,anytime_td,0.183,0.0,0.0,0.0,0.0,1.0
2025_09_JAX_LV,LV,JAX,Brock Bowers,00-0039338,TE,car,0.123,0.0,0.0,0.0,0.0,0.0
2025_09_JAX_LV,LV,JAX,Brock Bowers,00-0039338,TE,rush_yds,0.284,0.0,0.0,0.0,0.0,0.0
2025_09_JAX_LV,LV,JAX,Brock Bowers,00-0039338,TE,tgt,7.204,3.0,5.0,7.0,9.0,12.0
2025_09_JAX_LV,LV,JAX,Brock Bowers,00-0039338,TE,rec,5.02,2.0,3.0,5.0,7.0,9.0
2025_09_JAX_LV,LV,JAX,Brock Bowers,00-0039338,TE,rec_yds,53.382,15.082,28.852,48.053,72.14,99.095
2025_09_JAX_LV,LV,JAX,Brock Bowers,00-0039338,TE,anytime_td,0.172,0.0,0.0,0.0,0.0,1.0
2025_09_JAX_LV,LV,JAX,Tyler Lockett,00-0032211,WR,car,0.016,0.0,0.0,0.0,0.0,0.0
2025_09_JAX_LV,LV,JAX,Tyler Lockett,00-0032211,WR,rush_yds,0.09,0.0,0.0,0.0,0.0,0.0
2025_09_JAX_LV,LV,JAX,Tyler Lockett,00-0032211,WR,tgt,2.946,0.0,1.0,3.0,4.0,6.0
2025_09_JAX_LV,LV,JAX,Tyler Lockett,00-0032211,WR,rec,1.715,0.0,1.0,1.0,3.0,4.0
2025_09_JAX_LV,LV,JAX,Tyler Lockett,00-0032211,WR,rec_yds,20.486,0.0,1.753,13.876,31.003,50.829
2025_09_JAX_LV,LV,JAX,Tyler Lockett,00-0032211,WR,anytime_td,0.079,0.0,0.0,0.0,0.0,0.0
2025_09_JAX_LV,LV,JAX,Ian Thomas,00-0034365,TE,car,0.004,0.0,0.0,0.0,0.0,0.0
2025_09_JAX_LV,LV,JAX,Ian Thomas,00-0034365,TE,rush_yds,0.006,0.0,0.0,0.0,0.0,0.0
2025_09_JAX_LV,LV,JAX,Ian Thomas,00-0034365,TE,tgt,0.876,0.0,0.0,0.0,1.0,2.0
2025_09_JAX_LV,LV,JAX,Ian Thomas,00-0034365,TE,rec,0.626,0.0,0.0,0.0,1.0,2.0
2025_09_JAX_LV,LV,JAX,Ian Thomas,00-0034365,TE,rec_yds,6.144,0.0,0.0,0.0,8.456,20.802
2025_09_JAX_LV,LV,JAX,Ian Thomas,00-0034365,TE,anytime_td,0.015,0.0,0.0,0.0,0.0,0.0
2025_09_JAX_LV,LV,JAX,Raheem Mostert,00-0031687,RB,car,4.527,1.0,2.0,4.0,6.0,10.0
2025_09_JAX_LV,LV,JAX,Raheem Mostert,00-0031687,RB,rush_yds,18.66,0.0,4.131,12.322,26.505,44.907
2025_09_JAX_LV,LV,JAX,Raheem Mostert,00-0031687,RB,tgt,0.974,0.0,0.0,1.0,1.0,3.0
2025_09_JAX_LV,LV,JAX,Raheem Mostert,00-0031687,RB,rec,0.74,0.0,0.0,0.0,1.0,2.0
2025_09_JAX_LV,LV,JAX,Raheem Mostert,00-0031687,RB,rec_yds,5.467,0.0,0.0,0.0,7.68,17.28
2025_09_JAX_LV,LV,JAX,Raheem Mostert,00-0031687,RB,anytime_td,0.134,0.0,0.0,0.0,0.0,1.0
2025_09_JAX_LV,JAX,LV,Trevor Lawrence,00-0036971,QB,att,32.241,22.0,28.0,33.0,38.0,43.0
2025_09_JAX_LV,JAX,LV,Trevor Lawrence,00-0036971,QB,cmp,21.232,14.0,18.0,22.0,26.0,29.0
2025_09_JAX_LV,JAX,LV,Trevor Lawrence,00-0036971,QB,pass_yds,227.551,138.846,182.154,228.156,277.82,322.858
2025_09_JAX_LV,JAX,LV,Trevor Lawrence,00-0036971,QB,pass_td,1.511,0.0,1.0,1.0,2.0,3.0
2025_09_JAX_LV,JAX,LV,Trevor Lawrence,00-0036971,QB,ints,0.611,0.0,0.0,0.0,1.0,2.0
2025_09_JAX_LV,JAX,LV,Trevor Lawrence,00-0036971,QB,car,3.935,1.0,2.0,3.0,5.0,8.0
2025_09_JAX_LV,JAX,LV,Trevor Lawrence,00-0036971,QB,rush_yds,17.363,0.0,4.388,13.252,25.333,40.433
2025_09_JAX_LV,JAX,LV,Trevor Lawrence,00-0036971,QB,tgt,0.001,0.0,0.0,0.0,0.0,0.0
2025_09_JAX_LV,JAX,LV,Trevor Lawrence,00-0036971,QB,rec,0.0,0.0,0.0,0.0,0.0,0.0
2025_09_JAX_LV,JAX,LV,Trevor Lawrence,00-0036971,QB,rec_yds,0.004,0.0,0.0,0.0,0.0,0.0
2025_09_JAX_LV,JAX,LV,Trevor Lawrence,00-0036971,QB,anytime_td,0.253,0.0,0.0,0.0,1.0,1.0
2025_09_JAX_LV,JAX,LV,Parker Washington,00-0038606,WR,car,0.622,0.0,0.0,0.0,1.0,2.0
2025_09_JAX_LV,JAX,LV,Parker Washington,00-0038606,WR,rush_yds,3.091,0.0,0.0,0.0,0.0,10.536
2025_09_JAX_LV,JAX,LV,Parker Washington,00-0038606,WR,tgt,5.903,2.0,4.0,6.0,8.0,10.0
2025_09_JAX_LV,JAX,LV,Parker Washington,00-0038606,WR,rec,3.613,1.0,2.0,3.0,5.0,7.0
2025_09_JAX_LV,JAX,LV,Parker Washington,00-0038606,WR,rec_yds,43.212,7.038,18.61,37.347,61.351,87.02
2025_09_JAX_LV,JAX,LV,Parker Washington,00-0038606,WR,anytime_td,0.207,0.0,0.0,0.0,0.0,1.0
2025_09_JAX_LV,JAX,LV,Hunter Long,00-0037004,TE,car,0.001,0.0,0.0,0.0,0.0,0.0
2025_09_JAX_LV,JAX,LV,Hunter Long,00-0037004,TE,rush_yds,0.003,0.0,0.0,0.0,0.0,0.0
2025_09_JAX_LV,JAX,LV,Hunter Long,00-0037004,TE,tgt,2.266,0.0,1.0,2.0,3.0,5.0
2025_09_JAX_LV,JAX,LV,Hunter Long,00-0037004,TE,rec,1.772,0.0,1.0,1.0,3.0,4.0
2025_09_JAX_LV,JAX,LV,Hunter Long,00-0037004,TE,rec_yds,16.7,0.0,1.798,11.92,25.261,40.92
2025_09_JAX_LV,JAX,LV,Hunter Long,00-0037004,TE,anytime_td,0.164,0.0,0.0,0.0,0.0,1.0
2025_09_JAX_LV,JAX,LV,Brian Thomas Jr.,00-0039893,WR,car,0.268,0.0,0.0,0.0,0.0,1.0
2025_09_JAX_LV,JAX,LV,Brian Thomas Jr.,00-0039893,WR,rush_yds,1.424,0.0,0.0,0.0,0.0,2.168
2025_09_JAX_LV,JAX,LV,Brian Thomas Jr.,00-0039893,WR,tgt,9.252,5.0,6.0,9.0,12.0,14.0
2025_09_JAX_LV,JAX,LV,Brian Thomas Jr.,00-0039893,WR,rec,5.887,3.0,4.0,6.0,8.0,10.0
2025_09_JAX_LV,JAX,LV,Brian Thomas Jr.,00-0039893,WR,rec_yds,73.236,24.01,41.606,66.638,98.098,131.74
2025_09_JAX_LV,JAX,LV,Brian Thomas Jr.,00-0039893,WR,anytime_td,0.297,0.0,0.0,0.0,1.0,1.0
2025_09_JAX_LV,JAX,LV,Dyami Brown,00-0036626,WR,car,0.557,0.0,0.0,0.0,1.0,2.0
2025_09_JAX_LV,JAX,LV,Dyami Brown,00-0036626,WR,rush_yds,3.018,0.0,0.0,0.0,0.0,10.153
2025_09_JAX_LV,JAX,LV,Dyami Brown,00-0036626,WR,tgt,4.946,2.0,3.0,5.0,7.0,9.0
2025_09_JAX_LV,JAX,LV,Dyami Brown,00-0036626,WR,rec,3.329,1.0,2.0,3.0,5.0,6.0
2025_09_JAX_LV,JAX,LV,Dyami Brown,00-0036626,WR,rec_yds,40.219,5.293,16.3,33.812,57.154,82.729
2025_09_JAX_LV,JAX,LV,Dyami Brown,00-0036626,WR,anytime_td,0.155,0.0,0.0,0.0,0.0,1.0
2025_09_JAX_LV,JAX,LV,Travis Etienne,00-0036973,RB,car,13.618,6.0,9.0,13.0,17.0,22.0
2025_09_JAX_LV,JAX,LV,Travis Etienne,00-0036973,RB,rush_yds,58.52,18.098,31.672,51.399,78.231,108.144
2025_09_JAX_LV,JAX,LV,Travis Etienne,00-0036973,RB,tgt,3.706,1.0,2.0,3.0,5.0,7.0
2025_09_JAX_LV,JAX,LV,Travis Etienne,00-0036973,RB,rec,2.897,1.0,1.0,3.0,4.0,6.0
2025_09_JAX_LV,JAX,LV,Travis Etienne,00-0036973,RB,rec_yds,19.989,0.0,6.084,15.677,29.225,44.18
2025_09_JAX_LV,JAX,LV,Travis Etienne,00-0036973,RB,anytime_td,0.356,0.0,0.0,0.0,1.0,1.0
2025_09_JAX_LV,JAX,LV,Johnny Mundt,00-0033246,TE,car,0.002,0.0,0.0,0.0,0.0,0.0
2025_09_JAX_LV,JAX,LV,Johnny Mundt,00-0033246,TE,rush_yds,0.002,0.0,0.0,0.0,0.0,0.0
2025_09_JAX_LV,JAX,LV,Johnny Mundt,00-0033246,TE,tgt,1.837,0.0,1.0,1.0,3.0,4.0
2025_09_JAX_LV,JAX,LV,Johnny Mundt,00-0033246,TE,rec,1.317,0.0,0.0,1.0,2.0,3.0
2025_09_JAX_LV,JAX,LV,Johnny Mundt,00-0033246,TE,rec_yds,12.903,0.0,0.0,7.873,19.328,34.552
2025_09_JAX_LV,JAX,LV,Johnny Mundt,00-0033246,TE,anytime_td,0.034,0.0,0.0,0.0,0.0,0.0
2025_09_JAX_LV,JAX,LV,Austin Trammell,00-0036841,WR,car,0.034,0.0,0.0,0.0,0.0,0.0
2025_09_JAX_LV,JAX,LV,Austin Trammell,00-0036841,WR,rush_yds,0.17,0.0,0.0,0.0,0.0,0.0
2025_09_JAX_LV,JAX,LV,Austin Trammell,00-0036841,WR,tgt,1.998,0.0,1.0,2.0,3.0,4.0
2025_09_JAX_LV,JAX,LV,Austin Trammell,00-0036841,WR,rec,1.361,0.0,0.0,1.0,2.0,3.0
2025_09_JAX_LV,JAX,LV,Austin Trammell,00-0036841,WR,rec_yds,16.642,0.0,0.0,9.93,25.158,44.755
2025_09_JAX_LV,JAX,LV,Austin Trammell,00-0036841,WR,anytime_td,0.052,0.0,0.0,0.0,0.0,0.0
2025_09_JAX_LV,JAX,LV,LeQuint Allen Jr.,00-0040238,RB,car,0.824,0.0,0.0,0.0,1.0,3.0
2025_09_JAX_LV,JAX,LV,LeQuint Allen Jr.,00-0040238,RB,rush_yds,3.336,0.0,0.0,0.0,2.708,10.882
2025_09_JAX_LV,JAX,LV,LeQuint Allen Jr.,00-0040238,RB,tgt,1.075,0.0,0.0,1.0,2.0,3.0
2025_09_JAX_LV,JAX,LV,LeQuint Allen Jr.,00-0040238,RB,rec,0.899,0.0,0.0,1.0,1.0,2.0
2025_09_JAX_LV,JAX,LV,LeQuint Allen Jr.,00-0040238,RB,rec_yds,6.272,0.0,0.0,0.0,9.116,19.223
2025_09_JAX_LV,JAX,LV,LeQuint Allen Jr.,00-0040238,RB,anytime_td,0.025,0.0,0.0,0.0,0.0,0.0
2025_09_JAX_LV,JAX,LV,Bhayshul Tuten,00-0040719,RB,car,4.934,1.0,2.0,4.0,7.0,10.0
2025_09_JAX_LV,JAX,LV,Bhayshul Tuten,00-0040719,RB,rush_yds,19.891,0.0,5.26,13.946,28.15,47.103
2025_09_JAX_LV,JAX,LV,Bhayshul Tuten,00-0040719,RB,tgt,1.336,0.0,0.0,1.0,2.0,3.0
2025_09_JAX_LV,JAX,LV,Bhayshul Tuten,00-0040719,RB,rec,1.124,0.0,0.0,1.0,2.0,3.0
2025_09_JAX_LV,JAX,LV,Bhayshul Tuten,00-0040719,RB,rec_yds,8.213,0.0,0.0,2.809,12.284,23.952
2025_09_JAX_LV,JAX,LV,Bhayshul Tuten,00-0040719,RB,anytime_td,0.194,0.0,0.0,0.0,0.0,1.0
2025_09_JAX_LV,JAX,LV,Tim Jones,00-0036497,WR,car,0.021,0.0,0.0,0.0,0.0,0.0
2025_09_JAX_LV,JAX,LV,Tim Jones,00-0036497,WR,rush_yds,0.105,0.0,0.0,0.0,0.0,0.0
2025_09_JAX_LV,JAX,LV,Tim Jones,00-0036497,WR,tgt,0.679,0.0,0.0,0.0,1.0,2.0
2025_09_JAX_LV,JAX,LV,Tim Jones,00-0036497,WR,rec,0.466,0.0,0.0,0.0,1.0,2.0
2025_09_JAX_LV,JAX,LV,Tim Jones,00-0036497,WR,rec_yds,5.534,0.0,0.0,0.0,6.078,20.139
2025_09_JAX_LV,JAX,LV,Tim Jones,00-0036497,WR,anytime_td,0.012,0.0,0.0,0.0,0.0,0.0
2025_09_KC_BUF,BUF,KC,Josh Allen,00-0034857,QB,att,28.434,19.0,24.0,29.0,34.0,38.0
2025_09_KC_BUF,BUF,KC,Josh Allen,00-0034857,QB,cmp,19.665,13.0,16.0,20.0,24.0,27.0
2025_09_KC_BUF,BUF,KC,Josh Allen,00-0034857,QB,pass_yds,221.855,134.294,177.745,221.361,270.206,316.502
2025_09_KC_BUF,BUF,KC,Josh Allen,00-0034857,QB,pass_td,1.524,0.0,1.0,1.0,2.0,3.0
2025_09_KC_BUF,BUF,KC,Josh Allen,00-0034857,QB,ints,0.644,0.0,0.0,0.0,1.0,2.0
2025_09_KC_BUF,BUF,KC,Josh Allen,00-0034857,QB,car,5.982,2.0,3.0,5.0,8.0,11.0
2025_09_KC_BUF,BUF,KC,Josh Allen,00-0034857,QB,rush_yds,31.005,4.596,13.838,26.941,43.501,62.953
2025_09_KC_BUF,BUF,KC,Josh Allen,00-0034857,QB,tgt,0.001,0.0,0.0,0.0,0.0,0.0
2025_09_KC_BUF,BUF,KC,Josh Allen,00-0034857,QB,rec,0.001,0.0,0.0,0.0,0.0,0.0
2025_09_KC_BUF,BUF,KC,Josh Allen,00-0034857,QB,rec_yds,0.008,0.0,0.0,0.0,0.0,0.0
2025_09_KC_BUF,BUF,KC,Josh Allen,00-0034857,QB,anytime_td,0.41,0.0,0.0,0.0,1.0,1.0
2025_09_KC_BUF,BUF,KC,James Cook,00-0037248,RB,car,15.372,8.0,11.0,15.0,19.0,24.0
2025_09_KC_BUF,BUF,KC,James Cook,00-0037248,RB,rush_yds,76.777,27.797,43.78,69.543,100.562,136.529
2025_09_KC_BUF,BUF,KC,James Cook,00-0037248,RB,tgt,1.824,0.0,1.0,1.0,3.0,4.0
2025_09_KC_BUF,BUF,KC,James Cook,00-0037248,RB,rec,1.523,0.0,0.0,1.0,2.0,4.0
2025_09_KC_BUF,BUF,KC,James Cook,00-0037248,RB,rec_yds,11.514,0.0,0.0,6.548,17.483,31.199
2025_09_KC_BUF,BUF,KC,James Cook,00-0037248,RB,anytime_td,0.443,0.0,0.0,0.0,1.0,1.0
2025_09_KC_BUF,BUF,KC,Keon Coleman,00-0039901,WR,car,0.028,0.0,0.0,0.0,0.0,0.0
2025_09_KC_BUF,BUF,KC,Keon Coleman,00-0039901,WR,rush_yds,0.169,0.0,0.0,0.0,0.0,0.0
2025_09_KC_BUF,BUF,KC,Keon Coleman,00-0039901,WR,tgt,5.254,2.0,3.0,5.0,7.0,9.0
2025_09_KC_BUF,BUF,KC,Keon Coleman,00-0039901,WR,rec,3.546,1.0,2.0,3.0,5.0,7.0
2025_09_KC_BUF,BUF,KC,Keon Coleman,00-0039901,WR,rec_yds,42.298,6.217,17.264,36.855,59.89,86.357
2025_09_KC_BUF,BUF,KC,Keon Coleman,00-0039901,WR,anytime_td,0.218,0.0,0.0,0.0,0.0,1.0
2025_09_KC_BUF,BUF,KC,Khalil Shakir,00-0037261,WR,car,0.129,0.0,0.0,0.0,0.0,0.0
2025_09_KC_BUF,BUF,KC,Khalil Shakir,00-0037261,WR,rush_yds,0.608,0.0,0.0,0.0,0.0,0.0
2025_09_KC_BUF,BUF,KC,Khalil Shakir,00-0037261,WR,tgt,6.158,2.0,4.0,6.0,8.0,10.0
2025_09_KC_BUF,BUF,KC,Khalil Shakir,00-0037261,WR,rec,4.536,2.0,3.0,4.0,6.0,8.0
2025_09_KC_BUF,BUF,KC,Khalil Shakir,00-0037261,WR,rec_yds,55.117,13.248,27.955,49.695,75.797,104.526
2025_09_KC_BUF,BUF,KC,Khalil Shakir,00-0037261,WR,anytime_td,0.298,0.0,0.0,0.0,1.0,1.0
2025_09_KC_BUF,BUF,KC,Dawson Knox,00-0035689,TE,car,0.005,0.0,0.0,0.0,0.0,0.0
2025_09_KC_BUF,BUF,KC,Dawson Knox,00-0035689,TE,rush_yds,0.015,0.0,0.0,0.0,0.0,0.0
2025_09_KC_BUF,BUF,KC,Dawson Knox,00-0035689,TE,tgt,1.828,0.0,1.0,1.0,3.0,4.0
2025_09_KC_BUF,BUF,KC,Dawson Knox,00-0035689,TE,rec,1.365,0.0,0.0,1.0,2.0,3.0
2025_09_KC_BUF,BUF,KC,Dawson Knox,00-0035689,TE,rec_yds,14.404,0.0,0.0,8.796,22.377,37.453
2025_09_KC_BUF,BUF,KC,Dawson Knox,00-0035689,TE,anytime_td,0.122,0.0,0.0,0.0,0.0,1.0
2025_09_KC_BUF,BUF,KC,Tyrell Shavers,00-0038679,WR,car,0.011,0.0,0.0,0.0,0.0,0.0
2025_09_KC_BUF,BUF,KC,Tyrell Shavers,00-0038679,WR,rush_yds,0.054,0.0,0.0,0.0,0.0,0.0
2025_09_KC_BUF,BUF,KC,Tyrell Shavers,00-0038679,WR,tgt,1.564,0.0,0.0,1.0,2.0,4.0
2025_09_KC_BUF,BUF,KC,Tyrell Shavers,00-0038679,WR,rec,1.013,0.0,0.0,1.0,2.0,3.0
2025_09_KC_BUF,BUF,KC,Tyrell Shavers,00-0038679,WR,rec_yds,12.915,0.0,0.0,5.493,18.921,37.123
2025_09_KC_BUF,BUF,KC,Tyrell Shavers,00-0038679,WR,anytime_td,0.046,0.0,0.0,0.0,0.0,0.0
2025_09_KC_BUF,BUF,KC,Jackson Hawes,00-0040194,TE,car,0.009,0.0,0.0,0.0,0.0,0.0
2025_09_KC_BUF,BUF,KC,Jackson Hawes,00-0040194,TE,rush_yds,0.021,0.0,0.0,0.0,0.0,0.0
2025_09_KC_BUF,BUF,KC,Jackson Hawes,00-0040194,TE,tgt,1.124,0.0,0.0,1.0,2.0,3.0
2025_09_KC_BUF,BUF,KC,Jackson Hawes,00-0040194,TE,rec,0.86,0.0,0.0,1.0,1.0,2.0
2025_09_KC_BUF,BUF,KC,Jackson Hawes,00-0040194,TE,rec_yds,8.693,0.0,0.0,0.0,13.413,26.415
2025_09_KC_BUF,BUF,KC,Jackson Hawes,00-0040194,TE,anytime_td,0.082,0.0,0.0,0.0,0.0,0.0
2025_09_KC_BUF,BUF,KC,Curtis Samuel,00-0033282,WR,car,0.088,0.0,0.0,0.0,0.0,0.0
2025_09_KC_BUF,BUF,KC,Curtis Samuel,00-0033282,WR,rush_yds,0.473,0.0,0.0,0.0,0.0,0.0
2025_09_KC_BUF,BUF,KC,Curtis Samuel,00-0033282,WR,tgt,2.223,0.0,1.0,2.0,3.0,5.0
2025_09_KC_BUF,BUF,KC,Curtis Samuel,00-0033282,WR,rec,1.522,0.0,0.0,1.0,2.0,3.0
2025_09_KC_BUF,BUF,KC,Curtis Samuel,00-0033282,WR,rec_yds,18.581,0.0,0.0,12.166,27.887,47.832
2025_09_KC_BUF,BUF,KC,Curtis Samuel,00-0033282,WR,anytime_td,0.195,0.0,0.0,0.0,0.0,1.0
2025_09_KC_BUF,BUF,KC,Dalton Kincaid,00-0038933,TE,car,0.002,0.0,0.0,0.0,0.0,0.0
2025_09_KC_BUF,BUF,KC,Dalton Kincaid,00-0038933,TE,rush_yds,0.002,0.0,0.0,0.0,0.0,0.0
2025_09_KC_BUF,BUF,KC,Dalton Kincaid,00-0038933,TE,tgt,4.333,1.0,2.0,4.0,6.0,8.0
2025_09_KC_BUF,BUF,KC,Dalton Kincaid,00-0038933,TE,rec,3.296,1.0,2.0,3.0,5.0,6.0
2025_09_KC_BUF,BUF,KC,Dalton Kincaid,00-0038933,TE,rec_yds,39.618,4.976,15.915,33.83,56.882,81.266
2025_09_KC_BUF,BUF,KC,Dalton Kincaid,00-0038933,TE,anytime_td,0.246,0.0,0.0,0.0,0.0,1.0
2025_09_KC_BUF,BUF,KC,Elijah Moore,00-0036980,WR,car,0.48,0.0,0.0,0.0,0.0,2.0
2025_09_KC_BUF,BUF,KC,Elijah Moore,00-0036980,WR,rush_yds,2.517,0.0,0.0,0.0,0.0,7.557
2025_09_KC_BUF,BUF,KC,Elijah Moore,00-0036980,WR,tgt,2.709,0.0,1.0,2.0,4.0,6.0
2025_09_KC_BUF,BUF,KC,Elijah Moore,00-0036980,WR,rec,1.671,0.0,1.0,1.0,2.0,4.0
2025_09_KC_BUF,BUF,KC,Elijah Moore,00-0036980,WR,rec_yds,21.335,0.0,0.975,14.876,32.213,53.858
2025_09_KC_BUF,BUF,KC,Elijah Moore,00-0036980,WR,anytime_td,0.09,0.0,0.0,0.0,0.0,0.0
2025_09_KC_BUF,BUF,KC,Ty Johnson,00-0035537,RB,car,2.454,0.0,0.0,2.0,4.0,6.0
2025_09_KC_BUF,BUF,KC,Ty Johnson,00-0035537,RB,rush_yds,9.766,0.0,0.0,4.406,13.692,27.281
2025_09_KC_BUF,BUF,KC,Ty Johnson,00-0035537,RB,tgt,1.082,0.0,0.0,1.0,2.0,3.0
2025_09_KC_BUF,BUF,KC,Ty Johnson,00-0035537,RB,rec,0.851,0.0,0.0,1.0,1.0,2.0
2025_09_KC_BUF,BUF,KC,Ty Johnson,00-0035537,RB,rec_yds,6.371,0.0,0.0,0.0,9.249,19.862
2025_09_KC_BUF,BUF,KC,Ty Johnson,00-0035537,RB,anytime_td,0.068,0.0,0.0,0.0,0.0,0.0
2025_09_KC_BUF,BUF,KC,Ray Davis,00-0039875,RB,car,3.403,0.0,1.0,3.0,5.0,8.0
2025_09_KC_BUF,BUF,KC,Ray Davis,00-0039875,RB,rush_yds,12.365,0.0,1.473,7.112,17.602,31.721
2025_09_KC_BUF,BUF,KC,Ray Davis,00-0039875,RB,tgt,0.87,0.0,0.0,0.0,1.0,2.0
2025_09_KC_BUF,BUF,KC,Ray Davis,00-0039875,RB,rec,0.711,0.0,0.0,0.0,1.0,2.0
2025_09_KC_BUF,BUF,KC,Ray Davis,00-0039875,RB,rec_yds,5.174,0.0,0.0,0.0,7.443,17.003
2025_09_KC_BUF,BUF,KC,Ray Davis,00-0039875,RB,anytime_td,0.154,0.0,0.0,0.0,0.0,1.0
2025_09_KC_BUF,KC,BUF,Patrick Mahomes,00-0033873,QB,att,31.537,21.0,27.0,32.0,38.0,42.0
2025_09_KC_BUF,KC,BUF,Patrick Mahomes,00-0033873,QB,cmp,21.974,14.0,18.0,22.0,26.0,30.0
2025_09_KC_BUF,KC,BUF,Patrick Mahomes,00-0033873,QB,pass_yds,251.907,153.492,201.893,252.657,306.763,358.576
2025_09_KC_BUF,KC,BUF,Patrick Mahomes,00-0033873,QB,pass_td,1.966,0.0,1.0,2.0,3.0,4.0
2025_09_KC_BUF,KC,BUF,Patrick Mahomes,00-0033873,QB,ints,0.627,0.0,0.0,0.0,1.0,2.0
2025_09_KC_BUF,KC,BUF,Patrick Mahomes,00-0033873,QB,car,4.719,2.0,3.0,4.0,6.0,8.0
2025_09_KC_BUF,KC,BUF,Patrick Mahomes,00-0033873,QB,rush_yds,26.899,2.616,11.31,22.633,38.781,54.42
2025_09_KC_BUF,KC,BUF,Patrick Mahomes,00-0033873,QB,tgt,0.0,0.0,0.0,0.0,0.0,0.0
2025_09_KC_BUF,KC,BUF,Patrick Mahomes,00-0033873,QB,rec,0.0,0.0,0.0,0.0,0.0,0.0
2025_09_KC_BUF,KC,BUF,Patrick Mahomes,00-0033873,QB,rec_yds,0.0,0.0,0.0,0.0,0.0,0.0
2025_09_KC_BUF,KC,BUF,Patrick Mahomes,00-0033873,QB,anytime_td,0.311,0.0,0.0,0.0,1.0,1.0
2025_09_KC_BUF,KC,BUF,Travis Kelce,00-0030506,TE,car,0.004,0.0,0.0,0.0,0.0,0.0
2025_09_KC_BUF,KC,BUF,Travis Kelce,00-0030506,TE,rush_yds,0.01,0.0,0.0,0.0,0.0,0.0
2025_09_KC_BUF,KC,BUF,Travis Kelce,00-0030506,TE,tgt,4.989,2.0,3.0,5.0,7.0,9.0
2025_09_KC_BUF,KC,BUF,Travis Kelce,00-0030506,TE,rec,3.88,1.0,2.0,4.0,5.0,7.0
2025_09_KC_BUF,KC,BUF,Travis Kelce,00-0030506,TE,rec_yds,45.532,8.741,20.244,39.443,64.133,90.592
2025_09_KC_BUF,KC,BUF,Travis Kelce,00-0030506,TE,anytime_td,0.246,0.0,0.0,0.0,0.0,1.0
2025_09_KC_BUF,KC,BUF,Xavier Worthy,00-0039894,WR,car,1.068,0.0,0.0,0.0,1.0,3.0
2025_09_KC_BUF,KC,BUF,Xavier Worthy,00-0039894,WR,rush_yds,6.735,0.0,0.0,0.0,7.201,22.645
2025_09_KC_BUF,KC,BUF,Xavier Worthy,00-0039894,WR,tgt,4.817,1.0,3.0,4.0,6.0,9.0
2025_09_KC_BUF,KC,BUF,Xavier Worthy,00-0039894,WR,rec,3.271,1.0,2.0,3.0,5.0,6.0
2025_09_KC_BUF,KC,BUF,Xavier Worthy,00-0039894,WR,rec_yds,40.896,5.026,15.919,33.757,58.779,86.881
2025_09_KC_BUF,KC,BUF,Xavier Worthy,00-0039894,WR,anytime_td,0.22,0.0,0.0,0.0,0.0,1.0
2025_09_KC_BUF,KC,BUF,Rashee Rice,00-0039067,WR,car,0.66,0.0,0.0,0.0,1.0,2.0
2025_09_KC_BUF,KC,BUF,Rashee Rice,00-0039067,WR,rush_yds,3.976,0.0,0.0,0.0,1.06,13.328
2025_09_KC_BUF,KC,BUF,Rashee Rice,00-0039067,WR,tgt,6.867,3.0,5.0,7.0,9.0,11.0
2025_09_KC_BUF,KC,BUF,Rashee Rice,00-0039067,WR,rec,5.141,2.0,3.0,5.0,7.0,9.0
2025_09_KC_BUF,KC,BUF,Rashee Rice,00-0039067,WR,rec_yds,59.792,16.161,31.158,53.526,82.133,111.736
2025_09_KC_BUF,KC,BUF,Rashee Rice,00-0039067,WR,anytime_td,0.472,0.0,0.0,0.0,1.0,1.0
2025_09_KC_BUF,KC,BUF,Kareem Hunt,00-0033923,RB,car,9.406,3.0,6.0,9.0,12.25,16.0
2025_09_KC_BUF,KC,BUF,Kareem Hunt,00-0033923,RB,rush_yds,42.818,8.71,19.336,35.412,58.311,86.516
2025_09_KC_BUF,KC,BUF,Kareem Hunt,00-0033923,RB,tgt,0.952,0.0,0.0,1.0,1.0,3.0
2025_09_KC_BUF,KC,BUF,Kareem Hunt,00-0033923,RB,rec,0.786,0.0,0.0,0.0,1.0,2.0
2025_09_KC_BUF,KC,BUF,Kareem Hunt,00-0033923,RB,rec_yds,5.991,0.0,0.0,0.0,8.853,19.251
2025_09_KC_BUF,KC,BUF,Kareem Hunt,00-0033923,RB,anytime_td,0.384,0.0,0.0,0.0,1.0,1.0
2025_09_KC_BUF,KC,BUF,Marquise Brown,00-0035662,WR,car,0.012,0.0,0.0,0.0,0.0,0.0
2025_09_KC_BUF,KC,BUF,Marquise Brown,00-0035662,WR,rush_yds,0.069,0.0,0.0,0.0,0.0,0.0
2025_09_KC_BUF,KC,BUF,Marquise Brown,00-0035662,WR,tgt,4.448,1.0,2.0,4.0,6.0,8.0
2025_09_KC_BUF,KC,BUF,Marquise Brown,00-0035662,WR,rec,2.886,1.0,1.0,3.0,4.0,6.0
2025_09_KC_BUF,KC,BUF,Marquise Brown,00-0035662,WR,rec_yds,34.348,0.987,11.983,28.02,49.938,73.917
2025_09_KC_BUF,KC,BUF,Marquise Brown,00-0035662,WR,anytime_td,0.309,0.0,0.0,0.0,1.0,1.0
2025_09_KC_BUF,KC,BUF,Noah Gray,00-0036637,TE,car,0.014,0.0,0.0,0.0,0.0,0.0
2025_09_KC_BUF,KC,BUF,Noah Gray,00-0036637,TE,rush_yds,0.025,0.0,0.0,0.0,0.0,0.0
2025_09_KC_BUF,KC,BUF,Noah Gray,00-0036637,TE,tgt,1.93,0.0,1.0,2.0,3.0,4.0
2025_09_KC_BUF,KC,BUF,Noah Gray,00-0036637,TE,rec,1.4,0.0,0.0,1.0,2.0,3.0
2025_09_KC_BUF,KC,BUF,Noah Gray,00-0036637,TE,rec_yds,14.699,0.0,0.0,9.171,22.663,38.046
2025_09_KC_BUF,KC,BUF,Noah Gray,00-0036637,TE,anytime_td,0.056,0.0,0.0,0.0,0.0,0.0
2025_09_KC_BUF,KC,BUF,JuJu Smith-Schuster,00-0033857,WR,car,0.004,0.0,0.0,0.0,0.0,0.0
2025_09_KC_BUF,KC,BUF,JuJu Smith-Schuster,00-0033857,WR,rush_yds,0.023,0.0,0.0,0.0,0.0,0.0
2025_09_KC_BUF,KC,BUF,JuJu Smith-Schuster,00-0033857,WR,tgt,2.702,0.0,1.0,2.0,4.0,5.0
2025_09_KC_BUF,KC,BUF,JuJu Smith-Schuster,00-0033857,WR,rec,1.961,0.0,1.0,2.0,3.0,4.0
2025_09_KC_BUF,KC,BUF,JuJu Smith-Schuster,00-0033857,WR,rec_yds,25.185,0.0,5.071,18.248,37.166,59.3
2025_09_KC_BUF,KC,BUF,JuJu Smith-Schuster,00-0033857,WR,anytime_td,0.107,0.0,0.0,0.0,0.0,1.0
2025_09_KC_BUF,KC,BUF,Tyquan Thornton,00-0038104,WR,car,0.011,0.0,0.0,0.0,0.0,0.0
2025_09_KC_BUF,KC,BUF,Tyquan Thornton,00-0038104,WR,rush_yds,0.076,0.0,0.0,0.0,0.0,0.0
2025_09_KC_BUF,KC,BUF,Tyquan Thornton,00-0038104,WR,tgt,2.253,0.0,1.0,2.0,3.0,5.0
2025_09_KC_BUF,KC,BUF,Tyquan Thornton,00-0038104,WR,rec,1.419,0.0,0.0,1.0,2.0,3.0
2025_09_KC_BUF,KC,BUF,Tyquan Thornton,00-0038104,WR,rec_yds,21.272,0.0,0.0,13.309,32.095,55.144
2025_09_KC_BUF,KC,BUF,Tyquan Thornton,00-0038104,WR,anytime_td,0.173,0.0,0.0,0.0,0.0,1.0
2025_09_KC_BUF,KC,BUF,Brashard Smith,00-0040078,RB,car,4.302,1.0,2.0,3.5,6.0,9.0
2025_09_KC_BUF,KC,BUF,Brashard Smith,00-0040078,RB,rush_yds,18.459,0.0,3.758,12.175,25.905,44.733
2025_09_KC_BUF,KC,BUF,Brashard Smith,00-0040078,RB,tgt,2.027,0.0,1.0,2.0,3.0,4.0
2025_09_KC_BUF,KC,BUF,Brashard Smith,00-0040078,RB,rec,1.663,0.0,0.0,1.0,3.0,4.0
2025_09_KC_BUF,KC,BUF,Brashard Smith,00-0040078,RB,rec_yds,13.228,0.0,0.0,7.98,19.883,35.242
2025_09_KC_BUF,KC,BUF,Brashard Smith,00-0040078,RB,anytime_td,0.112,0.0,0.0,0.0,0.0,1.0
2025_09_KC_BUF,KC,BUF,Clyde Edwards-Helaire,00-0036360,RB,car,5.95,1.0,3.0,5.0,8.0,12.0
2025_09_KC_BUF,KC,BUF,Clyde Edwards-Helaire,00-0036360,RB,rush_yds,27.198,2.029,8.394,20.422,37.77,60.329
2025_09_KC_BUF,KC,BUF,Clyde Edwards-Helaire,00-0036360,RB,tgt,1.283,0.0,0.0,1.0,2.0,3.0
2025_09_KC_BUF,KC,BUF,Clyde Edwards-Helaire,00-0036360,RB,rec,1.038,0.0,0.0,1.0,2.0,3.0
2025_09_KC_BUF,KC,BUF,Clyde Edwards-Helaire,00-0036360,RB,rec_yds,7.72,0.0,0.0,1.848,11.369,23.422
2025_09_KC_BUF,KC,BUF,Clyde Edwards-Helaire,00-0036360,RB,anytime_td,0.228,0.0,0.0,0.0,0.0,1.0
2025_09_LAC_TEN,TEN,LAC,Cam Ward,00-0040676,QB,att,31.149,21.0,27.0,32.0,37.0,42.0
2025_09_LAC_TEN,TEN,LAC,Cam Ward,00-0040676,QB,cmp,19.145,12.0,16.0,19.0,23.0,27.0
2025_09_LAC_TEN,TEN,LAC,Cam Ward,00-0040676,QB,pass_yds,195.539,113.787,153.618,194.495,240.574,282.166
2025_09_LAC_TEN,TEN,LAC,Cam Ward,00-0040676,QB,pass_td,1.056,0.0,0.0,1.0,2.0,2.0
2025_09_LAC_TEN,TEN,LAC,Cam Ward,00-0040676,QB,ints,0.821,0.0,0.0,1.0,1.0,2.0
2025_09_LAC_TEN,TEN,LAC,Cam Ward,00-0040676,QB,car,1.927,0.0,1.0,2.0,3.0,4.0
2025_09_LAC_TEN,TEN,LAC,Cam Ward,00-0040676,QB,rush_yds,9.255,-1.0,0.0,5.575,14.203,25.513
2025_09_LAC_TEN,TEN,LAC,Cam Ward,00-0040676,QB,tgt,0.0,0.0,0.0,0.0,0.0,0.0
2025_09_LAC_TEN,TEN,LAC,Cam Ward,00-0040676,QB,rec,0.0,0.0,0.0,0.0,0.0,0.0
2025_09_LAC_TEN,TEN,LAC,Cam Ward,00-0040676,QB,rec_yds,0.001,0.0,0.0,0.0,0.0,0.0
2025_09_LAC_TEN,TEN,LAC,Cam Ward,00-0040676,QB,anytime_td,0.013,0.0,0.0,0.0,0.0,0.0
2025_09_LAC_TEN,TEN,LAC,Chimere Dike,00-0040705,WR,car,0.899,0.0,0.0,0.0,1.0,3.0
2025_09_LAC_TEN,TEN,LAC,Chimere Dike,00-0040705,WR,rush_yds,4.435,0.0,0.0,0.0,4.194,15.171
2025_09_LAC_TEN,TEN,LAC,Chimere Dike,00-0040705,WR,tgt,4.652,2.0,3.0,4.0,6.0,8.0
2025_09_LAC_TEN,TEN,LAC,Chimere Dike,00-0040705,WR,rec,2.911,1.0,1.0,3.0,4.0,6.0
2025_09_LAC_TEN,TEN,LAC,Chimere Dike,00-0040705,WR,rec_yds,34.704,2.683,12.553,28.427,50.307,73.715
2025_09_LAC_TEN,TEN,LAC,Chimere Dike,00-0040705,WR,anytime_td,0.181,0.0,0.0,0.0,0.0,1.0
2025_09_LAC_TEN,TEN,LAC,Van Jefferson,00-0036415,WR,car,0.008,0.0,0.0,0.0,0.0,0.0
2025_09_LAC_TEN,TEN,LAC,Van Jefferson,00-0036415,WR,rush_yds,0.036,0.0,0.0,0.0,0.0,0.0
2025_09_LAC_TEN,TEN,LAC,Van Jefferson,00-0036415,WR,tgt,3.938,1.0,2.0,4.0,5.0,7.0
2025_09_LAC_TEN,TEN,LAC,Van Jefferson,00-0036415,WR,rec,2.237,0.0,1.0,2.0,3.0,5.0
2025_09_LAC_TEN,TEN,LAC,Van Jefferson,00-0036415,WR,rec_yds,27.095,0.0,7.397,20.761,40.113,62.141
2025_09_LAC_TEN,TEN,LAC,Van Jefferson,00-0036415,WR,anytime_td,0.08,0.0,0.0,0.0,0.0,0.0
2025_09_LAC_TEN,TEN,LAC,Chig Okonkwo,00-0037809,TE,car,0.022,0.0,0.0,0.0,0.0,0.0
2025_09_LAC_TEN,TEN,LAC,Chig Okonkwo,00-0037809,TE,rush_yds,0.056,0.0,0.0,0.0,0.0,0.0
2025_09_LAC_TEN,TEN,LAC,Chig Okonkwo,00-0037809,TE,tgt,5.092,2.0,3.0,5.0,7.0,9.0
2025_09_LAC_TEN,TEN,LAC,Chig Okonkwo,00-0037809,TE,rec,3.454,1.0,2.0,3.0,5.0,6.0
2025_09_LAC_TEN,TEN,LAC,Chig Okonkwo,00-0037809,TE,rec_yds,34.832,5.509,15.073,30.269,49.041,69.785
2025_09_LAC_TEN,TEN,LAC,Chig Okonkwo,00-0037809,TE,anytime_td,0.083,0.0,0.0,0.0,0.0,0.0
2025_09_LAC_TEN,TEN,LAC,Elic Ayomanor,00-0040170,WR,car,0.008,0.0,0.0,0.0,0.0,0.0
2025_09_LAC_TEN,TEN,LAC,Elic Ayomanor,00-0040170,WR,rush_yds,0.036,0.0,0.0,0.0,0.0,0.0
2025_09_LAC_TEN,TEN,LAC,Elic Ayomanor,00-0040170,WR,tgt,6.522,3.0,4.0,6.0,8.0,11.0
2025_09_LAC_TEN,TEN,LAC,Elic Ayomanor,00-0040170,WR,rec,3.466,1.0,2.0,3.0,5.0,6.0
2025_09_LAC_TEN,TEN,LAC,Elic Ayomanor,00-0040170,WR,rec_yds,42.744,7.203,18.333,36.614,59.925,85.845
2025_09_LAC_TEN,TEN,LAC,Elic Ayomanor,00-0040170,WR,anytime_td,0.229,0.0,0.0,0.0,0.0,1.0
2025_09_LAC_TEN,TEN,LAC,Tony Pollard,00-0035261,RB,car,12.905,6.0,9.0,12.0,17.0,20.1
2025_09_LAC_TEN,TEN,LAC,Tony Pollard,00-0035261,RB,rush_yds,49.196,15.363,26.273,43.064,65.109,91.759
2025_09_LAC_TEN,TEN,LAC,Tony Pollard,00-0035261,RB,tgt,3.468,1.0,2.0,3.0,5.0,7.0
2025_09_LAC_TEN,TEN,LAC,Tony Pollard,00-0035261,RB,rec,2.565,0.0,1.0,2.0,4.0,5.0
2025_09_LAC_TEN,TEN,LAC,Tony Pollard,00-0035261,RB,rec_yds,18.071,0.0,4.728,13.426,26.457,42.209
2025_09_LAC_TEN,TEN,LAC,Tony Pollard,00-0035261,RB,anytime_td,0.286,0.0,0.0,0.0,1.0,1.0
2025_09_LAC_TEN,TEN,LAC,Gunnar Helm,00-0040584,TE,car,0.001,0.0,0.0,0.0,0.0,0.0
2025_09_LAC_TEN,TEN,LAC,Gunnar Helm,00-0040584,TE,rush_yds,-0.0,0.0,0.0,0.0,0.0,0.0
2025_09_LAC_TEN,TEN,LAC,Gunnar Helm,00-0040584,TE,tgt,3.484,1.0,2.0,3.0,5.0,7.0
2025_09_LAC_TEN,TEN,LAC,Gunnar Helm,00-0040584,TE,rec,2.399,0.0,1.0,2.0,3.0,5.0
2025_09_LAC_TEN,TEN,LAC,Gunnar Helm,00-0040584,TE,rec_yds,23.272,0.0,7.195,18.809,34.358,51.467
2025_09_LAC_TEN,TEN,LAC,Gunnar Helm,00-0040584,TE,anytime_td,0.196,0.0,0.0,0.0,0.0,1.0
2025_09_LAC_TEN,TEN,LAC,Tyjae Spears,00-0039032,RB,car,6.454,2.0,3.0,6.0,9.0,12.0
2025_09_LAC_TEN,TEN,LAC,Tyjae Spears,00-0039032,RB,rush_yds,26.39,2.814,9.262,20.332,37.149,57.638
2025_09_LAC_TEN,TEN,LAC,Tyjae Spears,00-0039032,RB,tgt,3.348,1.0,2.0,3.0,5.0,6.1
2025_09_LAC_TEN,TEN,LAC,Tyjae Spears,00-0039032,RB,rec,2.547,0.0,1.0,2.0,4.0,5.0
2025_09_LAC_TEN,TEN,LAC,Tyjae Spears,00-0039032,RB,rec_yds,18.027,0.0,4.491,13.37,26.729,42.334
2025_09_LAC_TEN,TEN,LAC,Tyjae Spears,00-0039032,RB,anytime_td,0.275,0.0,0.0,0.0,1.0,1.0
2025_09_LAC_TEN,TEN,LAC,James Proche,00-0036133,WR,car,0.016,0.0,0.0,0.0,0.0,0.0
2025_09_LAC_TEN,TEN,LAC,James Proche,00-0036133,WR,rush_yds,0.113,0.0,0.0,0.0,0.0,0.0
2025_09_LAC_TEN,TEN,LAC,James Proche,00-0036133,WR,tgt,0.66,0.0,0.0,0.0,1.0,2.0
2025_09_LAC_TEN,TEN,LAC,James Proche,00-0036133,WR,rec,0.394,0.0,0.0,0.0,1.0,1.0
2025_09_LAC_TEN,TEN,LAC,James Proche,00-0036133,WR,rec_yds,4.814,0.0,0.0,0.0,4.442,17.752
2025_09_LAC_TEN,TEN,LAC,James Proche,00-0036133,WR,anytime_td,0.01,0.0,0.0,0.0,0.0,0.0
2025_09_LAC_TEN,LAC,TEN,Justin Herbert,00-0036355,QB,att,31.714,22.0,27.0,32.0,38.0,42.0
2025_09_LAC_TEN,LAC,TEN,Justin Herbert,00-0036355,QB,cmp,22.543,15.0,19.0,23.0,27.0,31.0
2025_09_LAC_TEN,LAC,TEN,Justin Herbert,00-0036355,QB,pass_yds,250.592,156.329,203.611,251.636,303.824,350.008
2025_09_LAC_TEN,LAC,TEN,Justin Herbert,00-0036355,QB,pass_td,1.984,0.0,1.0,2.0,3.0,4.0
2025_09_LAC_TEN,LAC,TEN,Justin Herbert,00-0036355,QB,ints,0.594,0.0,0.0,0.0,1.0,2.0
2025_09_LAC_TEN,LAC,TEN,Justin Herbert,00-0036355,QB,car,4.874,1.0,3.0,4.0,7.0,9.0
2025_09_LAC_TEN,LAC,TEN,Justin Herbert,00-0036355,QB,rush_yds,23.945,0.0,7.946,19.569,34.546,52.555
2025_09_LAC_TEN,LAC,TEN,Justin Herbert,00-0036355,QB,tgt,0.0,0.0,0.0,0.0,0.0,0.0
2025_09_LAC_TEN,LAC,TEN,Justin Herbert,00-0036355,QB,rec,0.0,0.0,0.0,0.0,0.0,0.0
2025_09_LAC_TEN,LAC,TEN,Justin Herbert,00-0036355,QB,rec_yds,0.002,0.0,0.0,0.0,0.0,0.0
2025_09_LAC_TEN,LAC,TEN,Justin Herbert,00-0036355,QB,anytime_td,0.081,0.0,0.0,0.0,0.0,0.0
2025_09_LAC_TEN,LAC,TEN,Oronde Gadsden II,00-0040189,TE,car,0.003,0.0,0.0,0.0,0.0,0.0
2025_09_LAC_TEN,LAC,TEN,Oronde Gadsden II,00-0040189,TE,rush_yds,0.007,0.0,0.0,0.0,0.0,0.0
2025_09_LAC_TEN,LAC,TEN,Oronde Gadsden II,00-0040189,TE,tgt,4.812,2.0,3.0,4.0,6.0,9.0
2025_09_LAC_TEN,LAC,TEN,Oronde Gadsden II,00-0040189,TE,rec,4.045,1.0,2.0,4.0,5.0,7.0
2025_09_LAC_TEN,LAC,TEN,Oronde Gadsden II,00-0040189,TE,rec_yds,47.745,9.477,22.033,41.76,66.657,94.622
2025_09_LAC_TEN,LAC,TEN,Oronde Gadsden II,00-0040189,TE,anytime_td,0.315,0.0,0.0,0.0,1.0,1.0
2025_09_LAC_TEN,LAC,TEN,Kimani Vidal,00-0039391,RB,car,12.335,5.0,8.0,12.0,16.0,20.0
2025_09_LAC_TEN,LAC,TEN,Kimani Vidal,00-0039391,RB,rush_yds,60.171,17.776,31.274,52.618,80.62,112.175
2025_09_LAC_TEN,LAC,TEN,Kimani Vidal,00-0039391,RB,tgt,1.946,0.0,1.0,2.0,3.0,4.0
2025_09_LAC_TEN,LAC,TEN,Kimani Vidal,00-0039391,RB,rec,1.627,0.0,0.0,1.0,2.0,4.0
2025_09_LAC_TEN,LAC,TEN,Kimani Vidal,00-0039391,RB,rec_yds,10.646,0.0,0.0,6.441,15.957,28.418
2025_09_LAC_TEN,LAC,TEN,Kimani Vidal,00-0039391,RB,anytime_td,0.404,0.0,0.0,0.0,1.0,1.0
2025_09_LAC_TEN,LAC,TEN,Ladd McConkey,00-0039915,WR,car,0.008,0.0,0.0,0.0,0.0,0.0
2025_09_LAC_TEN,LAC,TEN,Ladd McConkey,00-0039915,WR,rush_yds,0.037,0.0,0.0,0.0,0.0,0.0
2025_09_LAC_TEN,LAC,TEN,Ladd McConkey,00-0039915,WR,tgt,8.145,4.0,6.0,8.0,10.0,13.0
2025_09_LAC_TEN,LAC,TEN,Ladd McConkey,00-0039915,WR,rec,5.74,2.0,4.0,5.0,7.0,10.0
2025_09_LAC_TEN,LAC,TEN,Ladd McConkey,00-0039915,WR,rec_yds,66.953,20.861,37.32,61.301,90.222,121.502
2025_09_LAC_TEN,LAC,TEN,Ladd McConkey,00-0039915,WR,anytime_td,0.351,0.0,0.0,0.0,1.0,1.0
2025_09_LAC_TEN,LAC,TEN,Quentin Johnston,00-0038544,WR,car,0.289,0.0,0.0,0.0,0.0,1.0
2025_09_LAC_TEN,LAC,TEN,Quentin Johnston,00-0038544,WR,rush_yds,1.755,0.0,0.0,0.0,0.0,2.971
2025_09_LAC_TEN,LAC,TEN,Quentin Johnston,00-0038544,WR,tgt,5.593,2.0,3.0,5.0,7.0,10.0
2025_09_LAC_TEN,LAC,TEN,Quentin Johnston,00-0038544,WR,rec,3.811,1.0,2.0,4.0,5.0,7.0
2025_09_LAC_TEN,LAC,TEN,Quentin Johnston,00-0038544,WR,rec_yds,47.467,8.609,21.601,41.291,66.42,94.033
2025_09_LAC_TEN,LAC,TEN,Quentin Johnston,00-0038544,WR,anytime_td,0.368,0.0,0.0,0.0,1.0,1.0
2025_09_LAC_TEN,LAC,TEN,Tre Harris,00-0040727,WR,car,0.009,0.0,0.0,0.0,0.0,0.0
2025_09_LAC_TEN,LAC,TEN,Tre Harris,00-0040727,WR,rush_yds,0.042,0.0,0.0,0.0,0.0,0.0
2025_09_LAC_TEN,LAC,TEN,Tre Harris,00-0040727,WR,tgt,1.85,0.0,0.75,1.0,3.0,4.0
2025_09_LAC_TEN,LAC,TEN,Tre Harris,00-0040727,WR,rec,1.362,0.0,0.0,1.0,2.0,3.0
2025_09_LAC_TEN,LAC,TEN,Tre Harris,00-0040727,WR,rec_yds,15.299,0.0,0.0,8.763,23.454,41.451
2025_09_LAC_TEN,LAC,TEN,Tre Harris,00-0040727,WR,anytime_td,0.153,0.0,0.0,0.0,0.0,1.0
2025_09_LAC_TEN,LAC,TEN,Keenan Allen,00-0030279,WR,car,0.009,0.0,0.0,0.0,0.0,0.0
2025_09_LAC_TEN,LAC,TEN,Keenan Allen,00-0030279,WR,rush_yds,0.051,0.0,0.0,0.0,0.0,0.0
2025_09_LAC_TEN,LAC,TEN,Keenan Allen,00-0030279,WR,tgt,7.771,3.9,5.0,7.0,10.0,13.0
2025_09_LAC_TEN,LAC,TEN,Keenan Allen,00-0030279,WR,rec,5.686,2.0,4.0,5.0,7.0,10.0
2025_09_LAC_TEN,LAC,TEN,Keenan Allen,00-0030279,WR,rec_yds,61.877,18.828,34.726,56.759,82.636,110.884
2025_09_LAC_TEN,LAC,TEN,Keenan Allen,00-0030279,WR,anytime_td,0.358,0.0,0.0,0.0,1.0,1.0
2025_09_LAC_TEN,LAC,TEN,Jaret Patterson,00-0036755,RB,car,8.409,3.0,5.0,8.0,11.0,15.0
2025_09_LAC_TEN,LAC,TEN,Jaret Patterson,00-0036755,RB,rush_yds,37.094,6.807,15.401,30.502,51.293,76.405
2025_09_LAC_TEN,LAC,TEN,Jaret Patterson,00-0036755,RB,tgt,0.436,0.0,0.0,0.0,1.0,1.0
2025_09_LAC_TEN,LAC,TEN,Jaret Patterson,00-0036755,RB,rec,0.369,0.0,0.0,0.0,1.0,1.0
2025_09_LAC_TEN,LAC,TEN,Jaret Patterson,00-0036755,RB,rec_yds,2.609,0.0,0.0,0.0,0.0,9.619
2025_09_LAC_TEN,LAC,TEN,Jaret Patterson,00-0036755,RB,anytime_td,0.169,0.0,0.0,0.0,0.0,1.0
2025_09_LAC_TEN,LAC,TEN,KeAndre Lambert-Smith,00-0040184,WR,car,0.014,0.0,0.0,0.0,0.0,0.0
2025_09_LAC_TEN,LAC,TEN,KeAndre Lambert-Smith,00-0040184,WR,rush_yds,0.08,0.0,0.0,0.0,0.0,0.0
2025_09_LAC_TEN,LAC,TEN,KeAndre Lambert-Smith,00-0040184,WR,tgt,0.79,0.0,0.0,0.0,1.0,2.0
2025_09_LAC_TEN,LAC,TEN,KeAndre Lambert-Smith,00-0040184,WR,rec,0.549,0.0,0.0,0.0,1.0,2.0
2025_09_LAC_TEN,LAC,TEN,KeAndre Lambert-Smith,00-0040184,WR,rec_yds,6.301,0.0,0.0,0.0,7.866,21.52
2025_09_LAC_TEN,LAC,TEN,KeAndre Lambert-Smith,00-0040184,WR,anytime_td,0.016,0.0,0.0,0.0,0.0,0.0
2025_09_LAC_TEN,LAC,TEN,Derius Davis,00-0038573,WR,car,0.53,0.0,0.0,0.0,0.0,2.0
2025_09_LAC_TEN,LAC,TEN,Derius Davis,00-0038573,WR,rush_yds,3.043,0.0,0.0,0.0,0.0,10.018
2025_09_LAC_TEN,LAC,TEN,Derius Davis,00-0038573,WR,tgt,0.462,0.0,0.0,0.0,1.0,2.0
2025_09_LAC_TEN,LAC,TEN,Derius Davis,00-0038573,WR,rec,0.334,0.0,0.0,0.0,0.0,1.0
2025_09_LAC_TEN,LAC,TEN,Derius Davis,00-0038573,WR,rec_yds,3.958,0.0,0.0,0.0,0.0,15.025
2025_09_LAC_TEN,LAC,TEN,Derius Davis,00-0038573,WR,anytime_td,0.033,0.0,0.0,0.0,0.0,0.0
2025_09_MIN_DET,DET,MIN,Sam LaPorta,00-0039065,TE,car,0.003,0.0,0.0,0.0,0.0,0.0
2025_09_MIN_DET,DET,MIN,Sam LaPorta,00-0039065,TE,rush_yds,0.009,0.0,0.0,0.0,0.0,0.0
2025_09_MIN_DET,DET,MIN,Sam LaPorta,00-0039065,TE,tgt,5.419,2.0,3.0,5.0,7.0,9.0
2025_09_MIN_DET,DET,MIN,Sam LaPorta,00-0039065,TE,rec,4.214,1.0,2.0,4.0,6.0,7.0
2025_09_MIN_DET,DET,MIN,Sam LaPorta,00-0039065,TE,rec_yds,48.178,10.394,23.216,42.37,67.589,93.244
2025_09_MIN_DET,DET,MIN,Sam LaPorta,00-0039065,TE,anytime_td,0.295,0.0,0.0,0.0,1.0,1.0
2025_09_MIN_DET,DET,MIN,Jared Goff,00-0033106,QB,att,28.824,19.0,24.0,29.0,34.0,39.0
2025_09_MIN_DET,DET,MIN,Jared Goff,00-0033106,QB,cmp,20.666,13.0,17.0,21.0,25.0,29.0
2025_09_MIN_DET,DET,MIN,Jared Goff,00-0033106,QB,pass_yds,237.493,143.751,189.736,236.797,288.657,337.375
2025_09_MIN_DET,DET,MIN,Jared Goff,00-0033106,QB,pass_td,1.746,0.0,1.0,2.0,2.0,3.0
2025_09_MIN_DET,DET,MIN,Jared Goff,00-0033106,QB,ints,0.534,0.0,0.0,0.0,1.0,2.0
2025_09_MIN_DET,DET,MIN,Jared Goff,00-0033106,QB,car,2.38,0.0,1.0,2.0,3.0,5.0
2025_09_MIN_DET,DET,MIN,Jared Goff,00-0033106,QB,rush_yds,6.906,-2.0,-1.0,1.941,10.674,22.259
2025_09_MIN_DET,DET,MIN,Jared Goff,00-0033106,QB,tgt,0.001,0.0,0.0,0.0,0.0,0.0
2025_09_MIN_DET,DET,MIN,Jared Goff,00-0033106,QB,rec,0.001,0.0,0.0,0.0,0.0,0.0
2025_09_MIN_DET,DET,MIN,Jared Goff,00-0033106,QB,rec_yds,0.004,0.0,0.0,0.0,0.0,0.0
2025_09_MIN_DET,DET,MIN,Jared Goff,00-0033106,QB,anytime_td,0.027,0.0,0.0,0.0,0.0,0.0
2025_09_MIN_DET,DET,MIN,Amon-Ra St. Brown,00-0036963,WR,car,0.345,0.0,0.0,0.0,0.0,1.0
2025_09_MIN_DET,DET,MIN,Amon-Ra St. Brown,00-0036963,WR,rush_yds,1.872,0.0,0.0,0.0,0.0,3.75
2025_09_MIN_DET,DET,MIN,Amon-Ra St. Brown,00-0036963,WR,tgt,9.061,4.0,6.0,9.0,11.0,14.0
2025_09_MIN_DET,DET,MIN,Amon-Ra St. Brown,00-0036963,WR,rec,6.865,3.0,5.0,7.0,9.0,11.0
2025_09_MIN_DET,DET,MIN,Amon-Ra St. Brown,00-0036963,WR,rec_yds,84.818,30.812,51.04,79.229,112.166,145.159
2025_09_MIN_DET,DET,MIN,Amon-Ra St. Brown,00-0036963,WR,anytime_td,0.488,0.0,0.0,0.0,1.0,1.0
2025_09_MIN_DET,DET,MIN,Jameson Williams,00-0037240,WR,car,0.454,0.0,0.0,0.0,0.0,1.0
2025_09_MIN_DET,DET,MIN,Jameson Williams,00-0037240,WR,rush_yds,2.466,0.0,0.0,0.0,0.0,6.836
2025_09_MIN_DET,DET,MIN,Jameson Williams,00-0037240,WR,tgt,4.714,1.0,3.0,4.0,6.0,8.0
2025_09_MIN_DET,DET,MIN,Jameson Williams,00-0037240,WR,rec,2.957,1.0,1.0,3.0,4.0,6.0
2025_09_MIN_DET,DET,MIN,Jameson Williams,00-0037240,WR,rec_yds,42.191,3.413,16.184,35.224,60.536,89.536
2025_09_MIN_DET,DET,MIN,Jameson Williams,00-0037240,WR,anytime_td,0.238,0.0,0.0,0.0,0.0,1.0
2025_09_MIN_DET,DET,MIN,Jahmyr Gibbs,00-0039139,RB,car,15.292,8.0,11.0,15.0,19.0,24.0
2025_09_MIN_DET,DET,MIN,Jahmyr Gibbs,00-0039139,RB,rush_yds,75.554,26.724,43.389,67.355,99.439,134.251
2025_09_MIN_DET,DET,MIN,Jahmyr Gibbs,00-0039139,RB,tgt,3.884,1.0,2.0,4.0,5.0,7.0
2025_09_MIN_DET,DET,MIN,Jahmyr Gibbs,00-0039139,RB,rec,3.275,1.0,2.0,3.0,5.0,6.0
2025_09_MIN_DET,DET,MIN,Jahmyr Gibbs,00-0039139,RB,rec_yds,28.472,1.102,9.916,22.964,40.975,61.888
2025_09_MIN_DET,DET,MIN,Jahmyr Gibbs,00-0039139,RB,anytime_td,0.642,0.0,0.0,1.0,1.0,1.0
2025_09_MIN_DET,DET,MIN,Brock Wright,00-0036754,TE,car,0.003,0.0,0.0,0.0,0.0,0.0
2025_09_MIN_DET,DET,MIN,Brock Wright,00-0036754,TE,rush_yds,0.006,0.0,0.0,0.0,0.0,0.0
2025_09_MIN_DET,DET,MIN,Brock Wright,00-0036754,TE,tgt,1.378,0.0,0.0,1.0,2.0,3.0
2025_09_MIN_DET,DET,MIN,Brock Wright,00-0036754,TE,rec,1.05,0.0,0.0,1.0,2.0,3.0
2025_09_MIN_DET,DET,MIN,Brock Wright,00-0036754,TE,rec_yds,10.898,0.0,0.0,5.112,16.617,30.829
2025_09_MIN_DET,DET,MIN,Brock Wright,00-0036754,TE,anytime_td,0.136,0.0,0.0,0.0,0.0,1.0
2025_09_MIN_DET,DET,MIN,Kalif Raymond,00-0032464,WR,car,0.115,0.0,0.0,0.0,0.0,0.0
2025_09_MIN_DET,DET,MIN,Kalif Raymond,00-0032464,WR,rush_yds,0.723,0.0,0.0,0.0,0.0,0.0
2025_09_MIN_DET,DET,MIN,Kalif Raymond,00-0032464,WR,tgt,1.897,0.0,1.0,1.0,3.0,4.0
2025_09_MIN_DET,DET,MIN,Kalif Raymond,00-0032464,WR,rec,1.294,0.0,0.0,1.0,2.0,3.0
2025_09_MIN_DET,DET,MIN,Kalif Raymond,00-0032464,WR,rec_yds,15.514,0.0,0.0,8.918,23.575,41.901
2025_09_MIN_DET,DET,MIN,Kalif Raymond,00-0032464,WR,anytime_td,0.058,0.0,0.0,0.0,0.0,0.0
2025_09_MIN_DET,DET,MIN,David Montgomery,00-0035685,RB,car,11.178,4.0,7.0,10.0,15.0,19.0
2025_09_MIN_DET,DET,MIN,David Montgomery,00-0035685,RB,rush_yds,48.545,11.967,23.34,41.282,65.371,95.191
2025_09_MIN_DET,DET,MIN,David Montgomery,00-0035685,RB,tgt,2.079,0.0,1.0,2.0,3.0,5.0
2025_09_MIN_DET,DET,MIN,David Montgomery,00-0035685,RB,rec,1.701,0.0,0.0,1.0,3.0,4.0
2025_09_MIN_DET,DET,MIN,David Montgomery,00-0035685,RB,rec_yds,14.171,0.0,0.0,8.663,20.946,37.385
2025_09_MIN_DET,DET,MIN,David Montgomery,00-0035685,RB,anytime_td,0.428,0.0,0.0,0.0,1.0,1.0
2025_09_MIN_DET,DET,MIN,Isaac TeSlaa,00-0040669,WR,car,0.009,0.0,0.0,0.0,0.0,0.0
2025_09_MIN_DET,DET,MIN,Isaac TeSlaa,00-0040669,WR,rush_yds,0.048,0.0,0.0,0.0,0.0,0.0
2025_09_MIN_DET,DET,MIN,Isaac TeSlaa,00-0040669,WR,tgt,1.005,0.0,0.0,1.0,2.0,3.0
2025_09_MIN_DET,DET,MIN,Isaac TeSlaa,00-0040669,WR,rec,0.646,0.0,0.0,0.0,1.0,2.0
2025_09_MIN_DET,DET,MIN,Isaac TeSlaa,00-0040669,WR,rec_yds,8.684,0.0,0.0,0.0,12.06,28.918
2025_09_MIN_DET,DET,MIN,Isaac TeSlaa,00-0040669,WR,anytime_td,0.114,0.0,0.0,0.0,0.0,1.0
2025_09_MIN_DET,MIN,DET,J.J. McCarthy,00-0039923,QB,att,31.835,22.0,27.0,33.0,38.0,42.0
2025_09_MIN_DET,MIN,DET,J.J. McCarthy,00-0039923,QB,cmp,20.28,13.0,17.0,21.0,24.0,28.0
2025_09_MIN_DET,MIN,DET,J.J. McCarthy,00-0039923,QB,pass_yds,211.975,125.659,168.106,211.352,258.944,303.894
2025_09_MIN_DET,MIN,DET,J.J. McCarthy,00-0039923,QB,pass_td,1.225,0.0,0.0,1.0,2.0,3.0
2025_09_MIN_DET,MIN,DET,J.J. McCarthy,00-0039923,QB,ints,0.848,0.0,0.0,1.0,1.0,2.0
2025_09_MIN_DET,MIN,DET,J.J. McCarthy,00-0039923,QB,car,3.78,1.0,2.0,3.0,5.0,7.0
2025_09_MIN_DET,MIN,DET,J.J. McCarthy,00-0039923,QB,rush_yds,20.247,0.0,7.067,16.162,29.276,44.42
2025_09_MIN_DET,MIN,DET,J.J. McCarthy,00-0039923,QB,tgt,0.0,0.0,0.0,0.0,0.0,0.0
2025_09_MIN_DET,MIN,DET,J.J. McCarthy,00-0039923,QB,rec,0.0,0.0,0.0,0.0,0.0,0.0
2025_09_MIN_DET,MIN,DET,J.J. McCarthy,00-0039923,QB,rec_yds,0.001,0.0,0.0,0.0,0.0,0.0
2025_09_MIN_DET,MIN,DET,J.J. McCarthy,00-0039923,QB,anytime_td,0.161,0.0,0.0,0.0,0.0,1.0
2025_09_MIN_DET,MIN,DET,Justin Jefferson,00-0036322,WR,car,0.073,0.0,0.0,0.0,0.0,0.0
2025_09_MIN_DET,MIN,DET,Justin Jefferson,00-0036322,WR,rush_yds,0.347,0.0,0.0,0.0,0.0,0.0
2025_09_MIN_DET,MIN,DET,Justin Jefferson,00-0036322,WR,tgt,9.046,4.0,6.0,9.0,11.0,14.0
2025_09_MIN_DET,MIN,DET,Justin Jefferson,00-0036322,WR,rec,5.694,2.0,4.0,5.0,7.0,9.0
2025_09_MIN_DET,MIN,DET,Justin Jefferson,00-0036322,WR,rec_yds,70.727,21.589,39.503,64.171,94.655,127.145
2025_09_MIN_DET,MIN,DET,Justin Jefferson,00-0036322,WR,anytime_td,0.205,0.0,0.0,0.0,0.0,1.0
2025_09_MIN_DET,MIN,DET,Jordan Addison,00-0038994,WR,car,0.036,0.0,0.0,0.0,0.0,0.0
2025_09_MIN_DET,MIN,DET,Jordan Addison,00-0038994,WR,rush_yds,0.232,0.0,0.0,0.0,0.0,0.0
2025_09_MIN_DET,MIN,DET,Jordan Addison,00-0038994,WR,tgt,6.391,3.0,4.0,6.0,8.0,11.0
2025_09_MIN_DET,MIN,DET,Jordan Addison,00-0038994,WR,rec,4.125,1.0,2.0,4.0,6.0,7.0
2025_09_MIN_DET,MIN,DET,Jordan Addison,00-0038994,WR,rec_yds,49.846,10.539,23.769,43.365,70.015,97.153
2025_09_MIN_DET,MIN,DET,Jordan Addison,00-0038994,WR,anytime_td,0.316,0.0,0.0,0.0,1.0,1.0
2025_09_MIN_DET,MIN,DET,T.J. Hockenson,00-0035229,TE,car,0.003,0.0,0.0,0.0,0.0,0.0
2025_09_MIN_DET,MIN,DET,T.J. Hockenson,00-0035229,TE,rush_yds,0.008,0.0,0.0,0.0,0.0,0.0
2025_09_MIN_DET,MIN,DET,T.J. Hockenson,00-0035229,TE,tgt,5.151,2.0,3.0,5.0,7.0,9.0
2025_09_MIN_DET,MIN,DET,T.J. Hockenson,00-0035229,TE,rec,3.683,1.0,2.0,3.0,5.0,7.0
2025_09_MIN_DET,MIN,DET,T.J. Hockenson,00-0035229,TE,rec_yds,32.64,5.704,14.576,28.159,46.359,65.693
2025_09_MIN_DET,MIN,DET,T.J. Hockenson,00-0035229,TE,anytime_td,0.15,0.0,0.0,0.0,0.0,1.0
2025_09_MIN_DET,MIN,DET,Jordan Mason,00-0037525,RB,car,10.006,4.0,6.0,9.0,13.0,17.0
2025_09_MIN_DET,MIN,DET,Jordan Mason,00-0037525,RB,rush_yds,39.606,9.836,18.793,34.274,53.997,76.135
2025_09_MIN_DET,MIN,DET,Jordan Mason,00-0037525,RB,tgt,1.595,0.0,0.0,1.0,2.0,4.0
2025_09_MIN_DET,MIN,DET,Jordan Mason,00-0037525,RB,rec,1.256,0.0,0.0,1.0,2.0,3.0
2025_09_MIN_DET,MIN,DET,Jordan Mason,00-0037525,RB,rec_yds,7.755,0.0,0.0,3.617,11.614,22.725
2025_09_MIN_DET,MIN,DET,Jordan Mason,00-0037525,RB,anytime_td,0.246,0.0,0.0,0.0,0.0,1.0
2025_09_MIN_DET,MIN,DET,Jalen Nailor,00-0037291,WR,car,0.119,0.0,0.0,0.0,0.0,0.0
2025_09_MIN_DET,MIN,DET,Jalen Nailor,00-0037291,WR,rush_yds,0.626,0.0,0.0,0.0,0.0,0.0
2025_09_MIN_DET,MIN,DET,Jalen Nailor,00-0037291,WR,tgt,3.321,1.0,2.0,3.0,5.0,6.0
2025_09_MIN_DET,MIN,DET,Jalen Nailor,00-0037291,WR,rec,1.954,0.0,1.0,2.0,3.0,4.0
2025_09_MIN_DET,MIN,DET,Jalen Nailor,00-0037291,WR,rec_yds,22.357,0.0,4.578,16.068,33.07,53.771
2025_09_MIN_DET,MIN,DET,Jalen Nailor,00-0037291,WR,anytime_td,0.156,0.0,0.0,0.0,0.0,1.0
2025_09_MIN_DET,MIN,DET,Nick Vannett,00-0032394,TE,car,0.003,0.0,0.0,0.0,0.0,0.0
2025_09_MIN_DET,MIN,DET,Nick Vannett,00-0032394,TE,rush_yds,0.009,0.0,0.0,0.0,0.0,0.0
2025_09_MIN_DET,MIN,DET,Nick Vannett,00-0032394,TE,tgt,0.536,0.0,0.0,0.0,1.0,2.0
2025_09_MIN_DET,MIN,DET,Nick Vannett,00-0032394,TE,rec,0.377,0.0,0.0,0.0,1.0,1.0
2025_09_MIN_DET,MIN,DET,Nick Vannett,00-0032394,TE,rec_yds,3.549,0.0,0.0,0.0,2.845,13.306
2025_09_MIN_DET,MIN,DET,Nick Vannett,00-0032394,TE,anytime_td,0.031,0.0,0.0,0.0,0.0,0.0
2025_09_MIN_DET,MIN,DET,Aaron Jones,00-0033293,RB,car,8.107,3.0,5.0,8.0,11.0,14.0
2025_09_MIN_DET,MIN,DET,Aaron Jones,00-0033293,RB,rush_yds,31.317,5.991,13.06,25.548,43.075,64.058
2025_09_MIN_DET,MIN,DET,Aaron Jones,00-0033293,RB,tgt,3.537,1.0,2.0,3.0,5.0,7.0
2025_09_MIN_DET,MIN,DET,Aaron Jones,00-0033293,RB,rec,2.627,0.0,1.0,2.0,4.0,5.0
2025_09_MIN_DET,MIN,DET,Aaron Jones,00-0033293,RB,rec_yds,18.594,0.0,5.198,14.134,27.71,42.435
2025_09_MIN_DET,MIN,DET,Aaron Jones,00-0033293,RB,anytime_td,0.3,0.0,0.0,0.0,1.0,1.0
2025_09_MIN_DET,MIN,DET,Ben Yurosek,00-0040509,TE,car,0.001,0.0,0.0,0.0,0.0,0.0
2025_09_MIN_DET,MIN,DET,Ben Yurosek,00-0040509,TE,rush_yds,0.002,0.0,0.0,0.0,0.0,0.0
2025_09_MIN_DET,MIN,DET,Ben Yurosek,00-0040509,TE,tgt,0.648,0.0,0.0,0.0,1.0,2.0
2025_09_MIN_DET,MIN,DET,Ben Yurosek,00-0040509,TE,rec,0.457,0.0,0.0,0.0,1.0,2.0
2025_09_MIN_DET,MIN,DET,Ben Yurosek,00-0040509,TE,rec_yds,4.311,0.0,0.0,0.0,5.173,15.487
2025_09_MIN_DET,MIN,DET,Ben Yurosek,00-0040509,TE,anytime_td,0.011,0.0,0.0,0.0,0.0,0.0
2025_09_MIN_DET,MIN,DET,Adam Thielen,00-0030035,WR,car,0.006,0.0,0.0,0.0,0.0,0.0
2025_09_MIN_DET,MIN,DET,Adam Thielen,00-0030035,WR,rush_yds,0.034,0.0,0.0,0.0,0.0,0.0
2025_09_MIN_DET,MIN,DET,Adam Thielen,00-0030035,WR,tgt,2.334,0.0,1.0,2.0,3.0,5.0
2025_09_MIN_DET,MIN,DET,Adam Thielen,00-0030035,WR,rec,1.41,0.0,0.0,1.0,2.0,3.0
2025_09_MIN_DET,MIN,DET,Adam Thielen,00-0030035,WR,rec_yds,15.867,0.0,0.0,9.449,24.197,42.059
2025_09_MIN_DET,MIN,DET,Adam Thielen,00-0030035,WR,anytime_td,0.072,0.0,0.0,0.0,0.0,0.0
2025_09_NO_LA,LA,NO,Matthew Stafford,00-0026498,QB,att,30.359,20.0,26.0,31.0,36.0,41.0
2025_09_NO_LA,LA,NO,Matthew Stafford,00-0026498,QB,cmp,21.172,14.0,18.0,21.0,26.0,29.0
2025_09_NO_LA,LA,NO,Matthew Stafford,00-0026498,QB,pass_yds,247.982,150.297,198.056,247.49,303.428,354.029
2025_09_NO_LA,LA,NO,Matthew Stafford,00-0026498,QB,pass_td,2.102,0.9,1.0,2.0,3.0,4.0
2025_09_NO_LA,LA,NO,Matthew Stafford,00-0026498,QB,ints,0.479,0.0,0.0,0.0,1.0,1.0
2025_09_NO_LA,LA,NO,Matthew Stafford,00-0026498,QB,car,2.744,0.0,1.0,2.0,4.0,6.0
2025_09_NO_LA,LA,NO,Matthew Stafford,00-0026498,QB,rush_yds,7.131,-2.0,-1.0,2.02,11.398,22.733
2025_09_NO_LA,LA,NO,Matthew Stafford,00-0026498,QB,tgt,0.0,0.0,0.0,0.0,0.0,0.0
2025_09_NO_LA,LA,NO,Matthew Stafford,00-0026498,QB,rec,0.0,0.0,0.0,0.0,0.0,0.0
2025_09_NO_LA,LA,NO,Matthew Stafford,00-0026498,QB,rec_yds,0.002,0.0,0.0,0.0,0.0,0.0
2025_09_NO_LA,LA,NO,Matthew Stafford,00-0026498,QB,anytime_td,0.05,0.0,0.0,0.0,0.0,0.0
2025_09_NO_LA,LA,NO,Kyren Williams,00-0037840,RB,car,17.37,9.0,12.0,17.0,22.0,26.0
2025_09_NO_LA,LA,NO,Kyren Williams,00-0037840,RB,rush_yds,81.735,31.302,49.151,74.235,105.432,143.18
2025_09_NO_LA,LA,NO,Kyren Williams,00-0037840,RB,tgt,2.992,1.0,1.0,3.0,4.0,6.0
2025_09_NO_LA,LA,NO,Kyren Williams,00-0037840,RB,rec,2.496,0.0,1.0,2.0,4.0,5.0
2025_09_NO_LA,LA,NO,Kyren Williams,00-0037840,RB,rec_yds,20.195,0.0,5.171,15.18,29.532,47.463
2025_09_NO_LA,LA,NO,Kyren Williams,00-0037840,RB,anytime_td,0.655,0.0,0.0,1.0,1.0,1.0
2025_09_NO_LA,LA,NO,Davante Adams,00-0031381,WR,car,0.009,0.0,0.0,0.0,0.0,0.0
2025_09_NO_LA,LA,NO,Davante Adams,00-0031381,WR,rush_yds,0.056,0.0,0.0,0.0,0.0,0.0
2025_09_NO_LA,LA,NO,Davante Adams,00-0031381,WR,tgt,7.634,3.0,5.0,7.0,10.0,12.0
2025_09_NO_LA,LA,NO,Davante Adams,00-0031381,WR,rec,4.637,2.0,3.0,4.0,6.0,8.0
2025_09_NO_LA,LA,NO,Davante Adams,00-0031381,WR,rec_yds,63.591,16.251,32.622,56.888,87.072,120.418
2025_09_NO_LA,LA,NO,Davante Adams,00-0031381,WR,anytime_td,0.519,0.0,0.0,1.0,1.0,1.0
2025_09_NO_LA,LA,NO,Davis Allen,00-0039074,TE,car,0.002,0.0,0.0,0.0,0.0,0.0
2025_09_NO_LA,LA,NO,Davis Allen,00-0039074,TE,rush_yds,0.002,0.0,0.0,0.0,0.0,0.0
2025_09_NO_LA,LA,NO,Davis Allen,00-0039074,TE,tgt,1.162,0.0,0.0,1.0,2.0,3.0
2025_09_NO_LA,LA,NO,Davis Allen,00-0039074,TE,rec,0.902,0.0,0.0,1.0,1.0,2.0
2025_09_NO_LA,LA,NO,Davis Allen,00-0039074,TE,rec_yds,9.388,0.0,0.0,1.082,14.445,28.292
2025_09_NO_LA,LA,NO,Davis Allen,00-0039074,TE,anytime_td,0.117,0.0,0.0,0.0,0.0,1.0
2025_09_NO_LA,LA,NO,Colby Parkinson,00-0036244,TE,car,0.004,0.0,0.0,0.0,0.0,0.0
2025_09_NO_LA,LA,NO,Colby Parkinson,00-0036244,TE,rush_yds,0.012,0.0,0.0,0.0,0.0,0.0
2025_09_NO_LA,LA,NO,Colby Parkinson,00-0036244,TE,tgt,1.488,0.0,0.0,1.0,2.0,4.0
2025_09_NO_LA,LA,NO,Colby Parkinson,00-0036244,TE,rec,1.165,0.0,0.0,1.0,2.0,3.0
2025_09_NO_LA,LA,NO,Colby Parkinson,00-0036244,TE,rec_yds,12.478,0.0,0.0,6.419,19.477,34.439
2025_09_NO_LA,LA,NO,Colby Parkinson,00-0036244,TE,anytime_td,0.066,0.0,0.0,0.0,0.0,0.0
2025_09_NO_LA,LA,NO,Tyler Higbee,00-0033110,TE,car,0.003,0.0,0.0,0.0,0.0,0.0
2025_09_NO_LA,LA,NO,Tyler Higbee,00-0033110,TE,rush_yds,0.007,0.0,0.0,0.0,0.0,0.0
2025_09_NO_LA,LA,NO,Tyler Higbee,00-0033110,TE,tgt,3.592,1.0,2.0,3.0,5.0,7.0
2025_09_NO_LA,LA,NO,Tyler Higbee,00-0033110,TE,rec,2.633,0.0,1.0,2.0,4.0,5.0
2025_09_NO_LA,LA,NO,Tyler Higbee,00-0033110,TE,rec_yds,27.562,0.0,8.929,21.786,41.116,61.091
2025_09_NO_LA,LA,NO,Tyler Higbee,00-0033110,TE,anytime_td,0.231,0.0,0.0,0.0,0.0,1.0
2025_09_NO_LA,LA,NO,Puka Nacua,00-0039075,WR,car,0.581,0.0,0.0,0.0,1.0,2.0
2025_09_NO_LA,LA,NO,Puka Nacua,00-0039075,WR,rush_yds,3.589,0.0,0.0,0.0,0.0,12.109
2025_09_NO_LA,LA,NO,Puka Nacua,00-0039075,WR,tgt,8.727,4.0,6.0,8.0,11.0,14.0
2025_09_NO_LA,LA,NO,Puka Nacua,00-0039075,WR,rec,6.81,3.0,5.0,7.0,9.0,11.0
2025_09_NO_LA,LA,NO,Puka Nacua,00-0039075,WR,rec_yds,85.813,30.918,51.525,80.272,113.37,146.275
2025_09_NO_LA,LA,NO,Puka Nacua,00-0039075,WR,anytime_td,0.398,0.0,0.0,0.0,1.0,1.0
2025_09_NO_LA,LA,NO,Jordan Whittington,00-0039751,WR,car,0.366,0.0,0.0,0.0,0.0,1.0
2025_09_NO_LA,LA,NO,Jordan Whittington,00-0039751,WR,rush_yds,2.267,0.0,0.0,0.0,0.0,5.322
2025_09_NO_LA,LA,NO,Jordan Whittington,00-0039751,WR,tgt,2.222,0.0,1.0,2.0,3.0,5.0
2025_09_NO_LA,LA,NO,Jordan Whittington,00-0039751,WR,rec,1.541,0.0,0.0,1.0,2.0,4.0
2025_09_NO_LA,LA,NO,Jordan Whittington,00-0039751,WR,rec_yds,19.516,0.0,0.0,12.838,29.382,50.209
2025_09_NO_LA,LA,NO,Jordan Whittington,00-0039751,WR,anytime_td,0.038,0.0,0.0,0.0,0.0,0.0
2025_09_NO_LA,LA,NO,Konata Mumpfield,00-0040590,WR,car,0.012,0.0,0.0,0.0,0.0,0.0
2025_09_NO_LA,LA,NO,Konata Mumpfield,00-0040590,WR,rush_yds,0.065,0.0,0.0,0.0,0.0,0.0
2025_09_NO_LA,LA,NO,Konata Mumpfield,00-0040590,WR,tgt,0.633,0.0,0.0,0.0,1.0,2.0
2025_09_NO_LA,LA,NO,Konata Mumpfield,00-0040590,WR,rec,0.423,0.0,0.0,0.0,1.0,1.0
2025_09_NO_LA,LA,NO,Konata Mumpfield,00-0040590,WR,rec_yds,5.447,0.0,0.0,0.0,5.392,19.711
2025_09_NO_LA,LA,NO,Konata Mumpfield,00-0040590,WR,anytime_td,0.084,0.0,0.0,0.0,0.0,0.0
2025_09_NO_LA,LA,NO,Terrance Ferguson,00-0040737,TE,car,0.284,0.0,0.0,0.0,0.0,1.0
2025_09_NO_LA,LA,NO,Terrance Ferguson,00-0040737,TE,rush_yds,0.72,0.0,0.0,0.0,0.0,1.019
2025_09_NO_LA,LA,NO,Terrance Ferguson,00-0040737,TE,tgt,0.955,0.0,0.0,1.0,1.0,3.0
2025_09_NO_LA,LA,NO,Terrance Ferguson,00-0040737,TE,rec,0.714,0.0,0.0,0.0,1.0,2.0
2025_09_NO_LA,LA,NO,Terrance Ferguson,00-0040737,TE,rec_yds,8.272,0.0,0.0,0.0,12.387,26.736
2025_09_NO_LA,LA,NO,Terrance Ferguson,00-0040737,TE,anytime_td,0.126,0.0,0.0,0.0,0.0,1.0
2025_09_NO_LA,LA,NO,Blake Corum,00-0039738,RB,car,6.769,2.0,3.0,6.0,9.0,13.0
2025_09_NO_LA,LA,NO,Blake Corum,00-0039738,RB,rush_yds,30.552,2.962,10.558,23.382,43.232,66.286
2025_09_NO_LA,LA,NO,Blake Corum,00-0039738,RB,tgt,0.962,0.0,0.0,1.0,1.0,3.0
2025_09_NO_LA,LA,NO,Blake Corum,00-0039738,RB,rec,0.772,0.0,0.0,0.0,1.0,2.0
2025_09_NO_LA,LA,NO,Blake Corum,00-0039738,RB,rec_yds,5.696,0.0,0.0,0.0,7.94,18.395
2025_09_NO_LA,LA,NO,Blake Corum,00-0039738,RB,anytime_td,0.24,0.0,0.0,0.0,0.0,1.0
2025_09_NO_LA,LA,NO,Xavier Smith,00-0038359,WR,car,0.134,0.0,0.0,0.0,0.0,0.0
2025_09_NO_LA,LA,NO,Xavier Smith,00-0038359,WR,rush_yds,0.826,0.0,0.0,0.0,0.0,0.0
2025_09_NO_LA,LA,NO,Xavier Smith,00-0038359,WR,tgt,0.789,0.0,0.0,0.0,1.0,2.0
2025_09_NO_LA,LA,NO,Xavier Smith,00-0038359,WR,rec,0.544,0.0,0.0,0.0,1.0,2.0
2025_09_NO_LA,LA,NO,Xavier Smith,00-0038359,WR,rec_yds,7.25,0.0,0.0,0.0,9.375,25.022
2025_09_NO_LA,LA,NO,Xavier Smith,00-0038359,WR,anytime_td,0.009,0.0,0.0,0.0,0.0,0.0
2025_09_NO_LA,NO,LA,Tyler Shough,00-0040743,QB,att,31.837,22.0,27.0,32.0,38.0,42.0
2025_09_NO_LA,NO,LA,Tyler Shough,00-0040743,QB,cmp,19.805,13.0,16.0,20.0,24.0,27.0
2025_09_NO_LA,NO,LA,Tyler Shough,00-0040743,QB,pass_yds,189.574,113.837,149.267,188.791,231.094,272.342
2025_09_NO_LA,NO,LA,Tyler Shough,00-0040743,QB,pass_td,0.95,0.0,0.0,1.0,2.0,2.0
2025_09_NO_LA,NO,LA,Tyler Shough,00-0040743,QB,ints,0.808,0.0,0.0,1.0,1.0,2.0
2025_09_NO_LA,NO,LA,Tyler Shough,00-0040743,QB,car,2.598,0.0,1.0,2.0,4.0,5.0
2025_09_NO_LA,NO,LA,Tyler Shough,00-0040743,QB,rush_yds,14.873,0.0,3.751,11.401,21.853,34.204
2025_09_NO_LA,NO,LA,Tyler Shough,00-0040743,QB,tgt,0.0,0.0,0.0,0.0,0.0,0.0
2025_09_NO_LA,NO,LA,Tyler Shough,00-0040743,QB,rec,0.0,0.0,0.0,0.0,0.0,0.0
2025_09_NO_LA,NO,LA,Tyler Shough,00-0040743,QB,rec_yds,0.0,0.0,0.0,0.0,0.0,0.0
2025_09_NO_LA,NO,LA,Tyler Shough,00-0040743,QB,anytime_td,0.008,0.0,0.0,0.0,0.0,0.0
2025_09_NO_LA,NO,LA,Chris Olave,00-0037239,WR,car,0.245,0.0,0.0,0.0,0.0,1.0
2025_09_NO_LA,NO,LA,Chris Olave,00-0037239,WR,rush_yds,1.175,0.0,0.0,0.0,0.0,0.988
2025_09_NO_LA,NO,LA,Chris Olave,00-0037239,WR,tgt,8.504,4.0,6.0,8.0,11.0,13.0
2025_09_NO_LA,NO,LA,Chris Olave,00-0037239,WR,rec,5.181,2.0,3.0,5.0,7.0,9.0
2025_09_NO_LA,NO,LA,Chris Olave,00-0037239,WR,rec_yds,53.333,15.677,28.755,48.275,72.134,98.321
2025_09_NO_LA,NO,LA,Chris Olave,00-0037239,WR,anytime_td,0.255,0.0,0.0,0.0,1.0,1.0
2025_09_NO_LA,NO,LA,Rashid Shaheed,00-0037545,WR,car,0.426,0.0,0.0,0.0,0.0,1.0
2025_09_NO_LA,NO,LA,Rashid Shaheed,00-0037545,WR,rush_yds,2.244,0.0,0.0,0.0,0.0,6.67
2025_09_NO_LA,NO,LA,Rashid Shaheed,00-0037545,WR,tgt,6.716,3.0,4.0,6.0,9.0,11.0
2025_09_NO_LA,NO,LA,Rashid Shaheed,00-0037545,WR,rec,4.151,1.0,2.0,4.0,6.0,7.0
2025_09_NO_LA,NO,LA,Rashid Shaheed,00-0037545,WR,rec_yds,44.739,9.568,21.622,39.231,61.959,86.871
2025_09_NO_LA,NO,LA,Rashid Shaheed,00-0037545,WR,anytime_td,0.187,0.0,0.0,0.0,0.0,1.0
2025_09_NO_LA,NO,LA,Juwan Johnson,00-0036040,TE,car,0.002,0.0,0.0,0.0,0.0,0.0
2025_09_NO_LA,NO,LA,Juwan Johnson,00-0036040,TE,rush_yds,0.007,0.0,0.0,0.0,0.0,0.0
2025_09_NO_LA,NO,LA,Juwan Johnson,00-0036040,TE,tgt,5.306,2.0,3.0,5.0,7.0,9.0
2025_09_NO_LA,NO,LA,Juwan Johnson,00-0036040,TE,rec,3.579,1.0,2.0,3.0,5.0,7.0
2025_09_NO_LA,NO,LA,Juwan Johnson,00-0036040,TE,rec_yds,34.2,5.538,15.008,29.338,48.266,69.771
2025_09_NO_LA,NO,LA,Juwan Johnson,00-0036040,TE,anytime_td,0.117,0.0,0.0,0.0,0.0,1.0
2025_09_NO_LA,NO,LA,Alvin Kamara,00-0033906,RB,car,17.765,10.0,13.0,17.0,22.0,26.0
2025_09_NO_LA,NO,LA,Alvin Kamara,00-0033906,RB,rush_yds,64.789,25.254,38.963,57.906,84.535,112.485
2025_09_NO_LA,NO,LA,Alvin Kamara,00-0033906,RB,tgt,3.729,1.0,2.0,3.0,5.0,7.0
2025_09_NO_LA,NO,LA,Alvin Kamara,00-0033906,RB,rec,2.891,1.0,1.0,3.0,4.0,6.0
2025_09_NO_LA,NO,LA,Alvin Kamara,00-0033906,RB,rec_yds,17.856,0.0,5.403,13.827,26.02,40.436
2025_09_NO_LA,NO,LA,Alvin Kamara,00-0033906,RB,anytime_td,0.237,0.0,0.0,0.0,0.0,1.0
2025_09_NO_LA,NO,LA,Brandin Cooks,00-0031236,WR,car,0.065,0.0,0.0,0.0,0.0,0.0
2025_09_NO_LA,NO,LA,Brandin Cooks,00-0031236,WR,rush_yds,0.347,0.0,0.0,0.0,0.0,0.0
2025_09_NO_LA,NO,LA,Brandin Cooks,00-0031236,WR,tgt,2.671,0.0,1.0,2.0,4.0,5.0
2025_09_NO_LA,NO,LA,Brandin Cooks,00-0031236,WR,rec,1.702,0.0,1.0,1.0,3.0,4.0
2025_09_NO_LA,NO,LA,Brandin Cooks,00-0031236,WR,rec_yds,17.676,0.0,0.0,11.719,26.263,44.92
2025_09_NO_LA,NO,LA,Brandin Cooks,00-0031236,WR,anytime_td,0.057,0.0,0.0,0.0,0.0,0.0
2025_09_NO_LA,NO,LA,Devin Neal,00-0040202,RB,car,2.609,0.0,0.0,2.0,4.0,6.0
2025_09_NO_LA,NO,LA,Devin Neal,00-0040202,RB,rush_yds,10.416,0.0,0.0,4.896,14.494,28.707
2025_09_NO_LA,NO,LA,Devin Neal,00-0040202,RB,tgt,0.889,0.0,0.0,0.0,1.0,2.0
2025_09_NO_LA,NO,LA,Devin Neal,00-0040202,RB,rec,0.676,0.0,0.0,0.0,1.0,2.0
2025_09_NO_LA,NO,LA,Devin Neal,00-0040202,RB,rec_yds,4.272,0.0,0.0,0.0,5.823,14.423
2025_09_NO_LA,NO,LA,Devin Neal,00-0040202,RB,anytime_td,0.055,0.0,0.0,0.0,0.0,0.0
2025_09_NO_LA,NO,LA,Foster Moreau,00-0034981,TE,car,0.002,0.0,0.0,0.0,0.0,0.0
2025_09_NO_LA,NO,LA,Foster Moreau,00-0034981,TE,rush_yds,0.008,0.0,0.0,0.0,0.0,0.0
2025_09_NO_LA,NO,LA,Foster Moreau,00-0034981,TE,tgt,1.293,0.0,0.0,1.0,2.0,3.0
2025_09_NO_LA,NO,LA,Foster Moreau,00-0034981,TE,rec,0.865,0.0,0.0,1.0,1.0,2.0
2025_09_NO_LA,NO,LA,Foster Moreau,00-0034981,TE,rec_yds,8.096,0.0,0.0,0.963,12.178,24.667
2025_09_NO_LA,NO,LA,Foster Moreau,00-0034981,TE,anytime_td,0.065,0.0,0.0,0.0,0.0,0.0
2025_09_NO_LA,NO,LA,Devaughn Vele,00-0039424,WR,car,0.016,0.0,0.0,0.0,0.0,0.0
2025_09_NO_LA,NO,LA,Devaughn Vele,00-0039424,WR,rush_yds,0.056,0.0,0.0,0.0,0.0,0.0
2025_09_NO_LA,NO,LA,Devaughn Vele,00-0039424,WR,tgt,1.769,0.0,0.0,1.0,3.0,4.0
2025_09_NO_LA,NO,LA,Devaughn Vele,00-0039424,WR,rec,1.031,0.0,0.0,1.0,2.0,3.0
2025_09_NO_LA,NO,LA,Devaughn Vele,00-0039424,WR,rec_yds,11.316,0.0,0.0,5.054,17.202,32.771
2025_09_NO_LA,NO,LA,Devaughn Vele,00-0039424,WR,anytime_td,0.081,0.0,0.0,0.0,0.0,0.0
2025_09_NO_LA,NO,LA,Jack Stoll,00-0036741,TE,car,0.003,0.0,0.0,0.0,0.0,0.0
2025_09_NO_LA,NO,LA,Jack Stoll,00-0036741,TE,rush_yds,0.007,0.0,0.0,0.0,0.0,0.0
2025_09_NO_LA,NO,LA,Jack Stoll,00-0036741,TE,tgt,0.725,0.0,0.0,0.0,1.0,2.0
2025_09_NO_LA,NO,LA,Jack Stoll,00-0036741,TE,rec,0.488,0.0,0.0,0.0,1.0,2.0
2025_09_NO_LA,NO,LA,Jack Stoll,00-0036741,TE,rec_yds,4.47,0.0,0.0,0.0,5.788,15.671
2025_09_NO_LA,NO,LA,Jack Stoll,00-0036741,TE,anytime_td,0.042,0.0,0.0,0.0,0.0,0.0
2025_09_NO_LA,NO,LA,Mason Tipton,00-0039623,WR,car,0.015,0.0,0.0,0.0,0.0,0.0
2025_09_NO_LA,NO,LA,Mason Tipton,00-0039623,WR,rush_yds,0.049,0.0,0.0,0.0,0.0,0.0
2025_09_NO_LA,NO,LA,Mason Tipton,00-0039623,WR,tgt,0.876,0.0,0.0,0.0,1.0,2.0
2025_09_NO_LA,NO,LA,Mason Tipton,00-0039623,WR,rec,0.511,0.0,0.0,0.0,1.0,2.0
2025_09_NO_LA,NO,LA,Mason Tipton,00-0039623,WR,rec_yds,5.867,0.0,0.0,0.0,7.115,20.083
2025_09_NO_LA,NO,LA,Mason Tipton,00-0039623,WR,anytime_td,0.01,0.0,0.0,0.0,0.0,0.0
2025_09_SEA_WAS,WAS,SEA,Jayden Daniels,00-0039910,QB,att,29.398,19.0,25.0,30.0,35.0,39.0
2025_09_SEA_WAS,WAS,SEA,Jayden Daniels,00-0039910,QB,cmp,19.363,12.0,16.0,20.0,23.0,27.0
2025_09_SEA_WAS,WAS,SEA,Jayden Daniels,00-0039910,QB,pass_yds,211.769,123.242,167.309,212.916,259.457,305.567
2025_09_SEA_WAS,WAS,SEA,Jayden Daniels,00-0039910,QB,pass_td,1.412,0.0,1.0,1.0,2.0,3.0
2025_09_SEA_WAS,WAS,SEA,Jayden Daniels,00-0039910,QB,ints,0.649,0.0,0.0,0.0,1.0,2.0
2025_09_SEA_WAS,WAS,SEA,Jayden Daniels,00-0039910,QB,car,6.955,3.0,4.0,6.0,9.0,12.0
2025_09_SEA_WAS,WAS,SEA,Jayden Daniels,00-0039910,QB,rush_yds,36.447,8.22,18.822,32.652,50.29,69.197
2025_09_SEA_WAS,WAS,SEA,Jayden Daniels,00-0039910,QB,tgt,0.0,0.0,0.0,0.0,0.0,0.0
2025_09_SEA_WAS,WAS,SEA,Jayden Daniels,00-0039910,QB,rec,0.0,0.0,0.0,0.0,0.0,0.0
2025_09_SEA_WAS,WAS,SEA,Jayden Daniels,00-0039910,QB,rec_yds,0.002,0.0,0.0,0.0,0.0,0.0
2025_09_SEA_WAS,WAS,SEA,Jayden Daniels,00-0039910,QB,anytime_td,0.212,0.0,0.0,0.0,0.0,1.0
2025_09_SEA_WAS,WAS,SEA,Chris Moore,00-0032398,WR,car,0.106,0.0,0.0,0.0,0.0,0.0
2025_09_SEA_WAS,WAS,SEA,Chris Moore,00-0032398,WR,rush_yds,0.636,0.0,0.0,0.0,0.0,0.0
2025_09_SEA_WAS,WAS,SEA,Chris Moore,00-0032398,WR,tgt,2.943,0.9,1.0,3.0,4.0,6.0
2025_09_SEA_WAS,WAS,SEA,Chris Moore,00-0032398,WR,rec,1.744,0.0,1.0,1.0,3.0,4.0
2025_09_SEA_WAS,WAS,SEA,Chris Moore,00-0032398,WR,rec_yds,24.455,0.0,3.435,17.282,36.83,60.007
2025_09_SEA_WAS,WAS,SEA,Chris Moore,00-0032398,WR,anytime_td,0.113,0.0,0.0,0.0,0.0,1.0
2025_09_SEA_WAS,WAS,SEA,Deebo Samuel Sr.,00-0035719,WR,car,1.576,0.0,0.0,1.0,2.0,4.0
2025_09_SEA_WAS,WAS,SEA,Deebo Samuel Sr.,00-0035719,WR,rush_yds,8.072,0.0,0.0,0.0,10.961,26.021
2025_09_SEA_WAS,WAS,SEA,Deebo Samuel Sr.,00-0035719,WR,tgt,8.285,4.0,6.0,8.0,11.0,13.0
2025_09_SEA_WAS,WAS,SEA,Deebo Samuel Sr.,00-0035719,WR,rec,5.736,2.0,4.0,5.0,7.25,10.0
2025_09_SEA_WAS,WAS,SEA,Deebo Samuel Sr.,00-0035719,WR,rec_yds,64.527,19.234,35.89,58.628,88.051,116.479
2025_09_SEA_WAS,WAS,SEA,Deebo Samuel Sr.,00-0035719,WR,anytime_td,0.353,0.0,0.0,0.0,1.0,1.0
2025_09_SEA_WAS,WAS,SEA,Jaylin Lane,00-0040164,WR,car,0.173,0.0,0.0,0.0,0.0,0.0
2025_09_SEA_WAS,WAS,SEA,Jaylin Lane,00-0040164,WR,rush_yds,0.937,0.0,0.0,0.0,0.0,0.0
2025_09_SEA_WAS,WAS,SEA,Jaylin Lane,00-0040164,WR,tgt,3.685,1.0,2.0,3.0,5.0,7.0
2025_09_SEA_WAS,WAS,SEA,Jaylin Lane,00-0040164,WR,rec,2.209,0.0,1.0,2.0,3.0,5.0
2025_09_SEA_WAS,WAS,SEA,Jaylin Lane,00-0040164,WR,rec_yds,29.757,0.0,7.69,22.773,44.2,69.215
2025_09_SEA_WAS,WAS,SEA,Jaylin Lane,00-0040164,WR,anytime_td,0.058,0.0,0.0,0.0,0.0,0.0
2025_09_SEA_WAS,WAS,SEA,Zach Ertz,00-0030061,TE,car,0.0,0.0,0.0,0.0,0.0,0.0
2025_09_SEA_WAS,WAS,SEA,Zach Ertz,00-0030061,TE,rush_yds,0.001,0.0,0.0,0.0,0.0,0.0
2025_09_SEA_WAS,WAS,SEA,Zach Ertz,00-0030061,TE,tgt,6.418,3.0,4.0,6.0,8.0,11.0
2025_09_SEA_WAS,WAS,SEA,Zach Ertz,00-0030061,TE,rec,4.543,2.0,3.0,4.0,6.0,8.0
2025_09_SEA_WAS,WAS,SEA,Zach Ertz,00-0030061,TE,rec_yds,45.33,11.446,23.351,40.943,61.806,85.32
2025_09_SEA_WAS,WAS,SEA,Zach Ertz,00-0030061,TE,anytime_td,0.318,0.0,0.0,0.0,1.0,1.0
2025_09_SEA_WAS,WAS,SEA,Treylon Burks,00-0037742,WR,car,0.28,0.0,0.0,0.0,0.0,1.0
2025_09_SEA_WAS,WAS,SEA,Treylon Burks,00-0037742,WR,rush_yds,1.359,0.0,0.0,0.0,0.0,1.844
2025_09_SEA_WAS,WAS,SEA,Treylon Burks,00-0037742,WR,tgt,2.221,0.0,1.0,2.0,3.0,5.0
2025_09_SEA_WAS,WAS,SEA,Treylon Burks,00-0037742,WR,rec,1.429,0.0,0.0,1.0,2.0,3.0
2025_09_SEA_WAS,WAS,SEA,Treylon Burks,00-0037742,WR,rec_yds,18.171,0.0,0.0,11.157,27.557,47.723
2025_09_SEA_WAS,WAS,SEA,Treylon Burks,00-0037742,WR,anytime_td,0.074,0.0,0.0,0.0,0.0,0.0
2025_09_SEA_WAS,WAS,SEA,John Bates,00-0036628,TE,car,0.002,0.0,0.0,0.0,0.0,0.0
2025_09_SEA_WAS,WAS,SEA,John Bates,00-0036628,TE,rush_yds,0.004,0.0,0.0,0.0,0.0,0.0
2025_09_SEA_WAS,WAS,SEA,John Bates,00-0036628,TE,tgt,1.048,0.0,0.0,1.0,2.0,3.0
2025_09_SEA_WAS,WAS,SEA,John Bates,00-0036628,TE,rec,0.758,0.0,0.0,0.0,1.0,2.0
2025_09_SEA_WAS,WAS,SEA,John Bates,00-0036628,TE,rec_yds,8.275,0.0,0.0,0.0,12.278,25.886
2025_09_SEA_WAS,WAS,SEA,John Bates,00-0036628,TE,anytime_td,0.025,0.0,0.0,0.0,0.0,0.0
2025_09_SEA_WAS,WAS,SEA,Jacory Croskey-Merritt,00-0040242,RB,car,11.291,5.0,7.0,11.0,15.0,19.0
2025_09_SEA_WAS,WAS,SEA,Jacory Croskey-Merritt,00-0040242,RB,rush_yds,46.021,12.41,23.055,39.3,61.22,87.9
2025_09_SEA_WAS,WAS,SEA,Jacory Croskey-Merritt,00-0040242,RB,tgt,1.885,0.0,1.0,1.0,3.0,4.0
2025_09_SEA_WAS,WAS,SEA,Jacory Croskey-Merritt,00-0040242,RB,rec,1.454,0.0,0.0,1.0,2.0,3.0
2025_09_SEA_WAS,WAS,SEA,Jacory Croskey-Merritt,00-0040242,RB,rec_yds,11.306,0.0,0.0,6.446,16.853,31.078
2025_09_SEA_WAS,WAS,SEA,Jacory Croskey-Merritt,00-0040242,RB,anytime_td,0.294,0.0,0.0,0.0,1.0,1.0
2025_09_SEA_WAS,WAS,SEA,Chris Rodriguez Jr.,00-0038611,RB,car,4.171,0.0,2.0,3.0,6.0,9.0
2025_09_SEA_WAS,WAS,SEA,Chris Rodriguez Jr.,00-0038611,RB,rush_yds,17.099,0.0,3.478,11.245,24.105,41.554
2025_09_SEA_WAS,WAS,SEA,Chris Rodriguez Jr.,00-0038611,RB,tgt,0.143,0.0,0.0,0.0,0.0,1.0
2025_09_SEA_WAS,WAS,SEA,Chris Rodriguez Jr.,00-0038611,RB,rec,0.113,0.0,0.0,0.0,0.0,0.0
2025_09_SEA_WAS,WAS,SEA,Chris Rodriguez Jr.,00-0038611,RB,rec_yds,0.876,0.0,0.0,0.0,0.0,0.0
2025_09_SEA_WAS,WAS,SEA,Chris Rodriguez Jr.,00-0038611,RB,anytime_td,0.162,0.0,0.0,0.0,0.0,1.0
2025_09_SEA_WAS,WAS,SEA,Jeremy McNichols,00-0033955,RB,car,2.181,0.0,0.0,1.0,3.0,6.0
2025_09_SEA_WAS,WAS,SEA,Jeremy McNichols,00-0033955,RB,rush_yds,9.486,0.0,0.0,3.885,12.776,26.789
2025_09_SEA_WAS,WAS,SEA,Jeremy McNichols,00-0033955,RB,tgt,3.048,1.0,1.0,3.0,4.0,6.0
2025_09_SEA_WAS,WAS,SEA,Jeremy McNichols,00-0033955,RB,rec,2.355,0.0,1.0,2.0,3.0,5.0
2025_09_SEA_WAS,WAS,SEA,Jeremy McNichols,00-0033955,RB,rec_yds,20.111,0.0,4.675,14.225,29.054,48.605
2025_09_SEA_WAS,WAS,SEA,Jeremy McNichols,00-0033955,RB,anytime_td,0.11,0.0,0.0,0.0,0.0,1.0
2025_09_SEA_WAS,SEA,WAS,Sam Darnold,00-0034869,QB,att,29.865,20.0,25.0,30.0,36.0,41.0
2025_09_SEA_WAS,SEA,WAS,Sam Darnold,00-0034869,QB,cmp,20.365,13.0,17.0,21.0,25.0,28.0
2025_09_SEA_WAS,SEA,WAS,Sam Darnold,00-0034869,QB,pass_yds,238.039,138.303,187.117,237.657,292.815,344.241
2025_09_SEA_WAS,SEA,WAS,Sam Darnold,00-0034869,QB,pass_td,1.541,0.0,1.0,1.0,2.0,3.0
2025_09_SEA_WAS,SEA,WAS,Sam Darnold,00-0034869,QB,ints,0.625,0.0,0.0,0.0,1.0,2.0
2025_09_SEA_WAS,SEA,WAS,Sam Darnold,00-0034869,QB,car,1.985,0.0,1.0,2.0,3.0,4.0
2025_09_SEA_WAS,SEA,WAS,Sam Darnold,00-0034869,QB,rush_yds,7.083,-2.0,0.0,2.195,11.128,22.201
2025_09_SEA_WAS,SEA,WAS,Sam Darnold,00-0034869,QB,tgt,0.0,0.0,0.0,0.0,0.0,0.0
2025_09_SEA_WAS,SEA,WAS,Sam Darnold,00-0034869,QB,rec,0.0,0.0,0.0,0.0,0.0,0.0
2025_09_SEA_WAS,SEA,WAS,Sam Darnold,00-0034869,QB,rec_yds,0.01,0.0,0.0,0.0,0.0,0.0
2025_09_SEA_WAS,SEA,WAS,Sam Darnold,00-0034869,QB,anytime_td,0.02,0.0,0.0,0.0,0.0,0.0
2025_09_SEA_WAS,SEA,WAS,AJ Barner,00-0039793,TE,car,0.241,0.0,0.0,0.0,0.0,1.0
2025_09_SEA_WAS,SEA,WAS,AJ Barner,00-0039793,TE,rush_yds,0.591,0.0,0.0,0.0,0.0,0.403
2025_09_SEA_WAS,SEA,WAS,AJ Barner,00-0039793,TE,tgt,3.596,1.0,2.0,3.0,5.0,7.0
2025_09_SEA_WAS,SEA,WAS,AJ Barner,00-0039793,TE,rec,2.749,0.0,1.0,2.0,4.0,5.0
2025_09_SEA_WAS,SEA,WAS,AJ Barner,00-0039793,TE,rec_yds,29.586,0.0,10.729,23.884,42.307,63.752
2025_09_SEA_WAS,SEA,WAS,AJ Barner,00-0039793,TE,anytime_td,0.313,0.0,0.0,0.0,1.0,1.0
2025_09_SEA_WAS,SEA,WAS,Tory Horton,00-0040648,WR,car,0.008,0.0,0.0,0.0,0.0,0.0
2025_09_SEA_WAS,SEA,WAS,Tory Horton,00-0040648,WR,rush_yds,0.053,0.0,0.0,0.0,0.0,0.0
2025_09_SEA_WAS,SEA,WAS,Tory Horton,00-0040648,WR,tgt,3.124,1.0,1.0,3.0,4.0,6.0
2025_09_SEA_WAS,SEA,WAS,Tory Horton,00-0040648,WR,rec,1.887,0.0,1.0,2.0,3.0,4.0
2025_09_SEA_WAS,SEA,WAS,Tory Horton,00-0040648,WR,rec_yds,23.652,0.0,4.45,16.883,35.197,58.066
2025_09_SEA_WAS,SEA,WAS,Tory Horton,00-0040648,WR,anytime_td,0.248,0.0,0.0,0.0,0.0,1.0
2025_09_SEA_WAS,SEA,WAS,Jaxon Smith-Njigba,00-0038543,WR,car,0.289,0.0,0.0,0.0,0.0,1.0
2025_09_SEA_WAS,SEA,WAS,Jaxon Smith-Njigba,00-0038543,WR,rush_yds,1.723,0.0,0.0,0.0,0.0,3.76
2025_09_SEA_WAS,SEA,WAS,Jaxon Smith-Njigba,00-0038543,WR,tgt,11.0,6.0,8.0,11.0,14.0,16.0
2025_09_SEA_WAS,SEA,WAS,Jaxon Smith-Njigba,00-0038543,WR,rec,7.607,4.0,5.0,7.0,10.0,12.0
2025_09_SEA_WAS,SEA,WAS,Jaxon Smith-Njigba,00-0038543,WR,rec_yds,110.367,44.2,69.477,103.841,142.992,184.464
2025_09_SEA_WAS,SEA,WAS,Jaxon Smith-Njigba,00-0038543,WR,anytime_td,0.408,0.0,0.0,0.0,1.0,1.0
2025_09_SEA_WAS,SEA,WAS,Kenneth Walker III,00-0038134,RB,car,10.554,4.0,6.0,10.0,14.0,18.0
2025_09_SEA_WAS,SEA,WAS,Kenneth Walker III,00-0038134,RB,rush_yds,49.574,12.022,24.277,42.064,67.06,95.871
2025_09_SEA_WAS,SEA,WAS,Kenneth Walker III,00-0038134,RB,tgt,1.878,0.0,1.0,2.0,3.0,4.0
2025_09_SEA_WAS,SEA,WAS,Kenneth Walker III,00-0038134,RB,rec,1.54,0.0,0.0,1.0,2.0,4.0
2025_09_SEA_WAS,SEA,WAS,Kenneth Walker III,00-0038134,RB,rec_yds,10.975,0.0,0.0,6.803,16.66,28.976
2025_09_SEA_WAS,SEA,WAS,Kenneth Walker III,00-0038134,RB,anytime_td,0.334,0.0,0.0,0.0,1.0,1.0
2025_09_SEA_WAS,SEA,WAS,Elijah Arroyo,00-0040739,TE,car,0.002,0.0,0.0,0.0,0.0,0.0
2025_09_SEA_WAS,SEA,WAS,Elijah Arroyo,00-0040739,TE,rush_yds,0.005,0.0,0.0,0.0,0.0,0.0
2025_09_SEA_WAS,SEA,WAS,Elijah Arroyo,00-0040739,TE,tgt,2.919,1.0,1.0,3.0,4.0,6.0
2025_09_SEA_WAS,SEA,WAS,Elijah Arroyo,00-0040739,TE,rec,2.114,0.0,1.0,2.0,3.0,4.0
2025_09_SEA_WAS,SEA,WAS,Elijah Arroyo,00-0040739,TE,rec_yds,22.581,0.0,5.888,17.308,33.596,51.816
2025_09_SEA_WAS,SEA,WAS,Elijah Arroyo,00-0040739,TE,anytime_td,0.08,0.0,0.0,0.0,0.0,0.0
2025_09_SEA_WAS,SEA,WAS,Zach Charbonnet,00-0039165,RB,car,8.732,3.0,5.0,8.0,12.0,16.0
2025_09_SEA_WAS,SEA,WAS,Zach Charbonnet,00-0039165,RB,rush_yds,35.942,6.845,15.467,29.62,49.342,73.784
2025_09_SEA_WAS,SEA,WAS,Zach Charbonnet,00-0039165,RB,tgt,1.755,0.0,0.75,1.0,3.0,4.0
2025_09_SEA_WAS,SEA,WAS,Zach Charbonnet,00-0039165,RB,rec,1.429,0.0,0.0,1.0,2.0,3.0
2025_09_SEA_WAS,SEA,WAS,Zach Charbonnet,00-0039165,RB,rec_yds,10.091,0.0,0.0,5.561,14.812,28.051
2025_09_SEA_WAS,SEA,WAS,Zach Charbonnet,00-0039165,RB,anytime_td,0.469,0.0,0.0,0.0,1.0,1.0
2025_09_SEA_WAS,SEA,WAS,Nick Kallerup,00-0040058,TE,car,0.006,0.0,0.0,0.0,0.0,0.0
2025_09_SEA_WAS,SEA,WAS,Nick Kallerup,00-0040058,TE,rush_yds,0.012,0.0,0.0,0.0,0.0,0.0
2025_09_SEA_WAS,SEA,WAS,Nick Kallerup,00-0040058,TE,tgt,0.838,0.0,0.0,0.0,1.0,2.0
2025_09_SEA_WAS,SEA,WAS,Nick Kallerup,00-0040058,TE,rec,0.614,0.0,0.0,0.0,1.0,2.0
2025_09_SEA_WAS,SEA,WAS,Nick Kallerup,00-0040058,TE,rec_yds,6.432,0.0,0.0,0.0,9.414,21.135
2025_09_SEA_WAS,SEA,WAS,Nick Kallerup,00-0040058,TE,anytime_td,0.032,0.0,0.0,0.0,0.0,0.0
2025_09_SEA_WAS,SEA,WAS,Ricky White III,00-0040653,WR,car,0.075,0.0,0.0,0.0,0.0,0.0
2025_09_SEA_WAS,SEA,WAS,Ricky White III,00-0040653,WR,rush_yds,0.437,0.0,0.0,0.0,0.0,0.0
2025_09_SEA_WAS,SEA,WAS,Ricky White III,00-0040653,WR,tgt,1.555,0.0,0.0,1.0,2.0,4.0
2025_09_SEA_WAS,SEA,WAS,Ricky White III,00-0040653,WR,rec,0.995,0.0,0.0,1.0,2.0,3.0
2025_09_SEA_WAS,SEA,WAS,Ricky White III,00-0040653,WR,rec_yds,12.493,0.0,0.0,5.078,18.527,37.168
2025_09_SEA_WAS,SEA,WAS,Ricky White III,00-0040653,WR,anytime_td,0.075,0.0,0.0,0.0,0.0,0.0
2025_09_SEA_WAS,SEA,WAS,George Holani,00-0039299,RB,car,4.452,0.0,2.0,4.0,6.0,10.0
2025_09_SEA_WAS,SEA,WAS,George Holani,00-0039299,RB,rush_yds,19.765,0.0,3.962,13.382,28.693,47.891
2025_09_SEA_WAS,SEA,WAS,George Holani,00-0039299,RB,tgt,1.531,0.0,0.0,1.0,2.0,4.0
2025_09_SEA_WAS,SEA,WAS,George Holani,00-0039299,RB,rec,1.242,0.0,0.0,1.0,2.0,3.0
2025_09_SEA_WAS,SEA,WAS,George Holani,00-0039299,RB,rec_yds,8.999,0.0,0.0,4.144,13.004,25.891
2025_09_SEA_WAS,SEA,WAS,George Holani,00-0039299,RB,anytime_td,0.163,0.0,0.0,0.0,0.0,1.0
2025_09_SEA_WAS,SEA,WAS,Cody White,00-0035891,WR,car,0.025,0.0,0.0,0.0,0.0,0.0
2025_09_SEA_WAS,SEA,WAS,Cody White,00-0035891,WR,rush_yds,0.135,0.0,0.0,0.0,0.0,0.0
2025_09_SEA_WAS,SEA,WAS,Cody White,00-0035891,WR,tgt,2.109,0.0,1.0,2.0,3.0,5.0
2025_09_SEA_WAS,SEA,WAS,Cody White,00-0035891,WR,rec,1.361,0.0,0.0,1.0,2.0,3.0
2025_09_SEA_WAS,SEA,WAS,Cody White,00-0035891,WR,rec_yds,17.227,0.0,0.0,10.164,25.673,45.579
2025_09_SEA_WAS,SEA,WAS,Cody White,00-0035891,WR,anytime_td,0.085,0.0,0.0,0.0,0.0,0.0
2025_09_SF_NYG,NYG,SF,Jaxson Dart,00-0040691,QB,att,29.787,20.0,25.0,31.0,35.0,40.0
2025_09_SF_NYG,NYG,SF,Jaxson Dart,00-0040691,QB,cmp,19.7,12.0,16.0,20.0,24.0,27.0
2025_09_SF_NYG,NYG,SF,Jaxson Dart,00-0040691,QB,pass_yds,217.812,128.592,172.591,217.818,266.072,313.705
2025_09_SF_NYG,NYG,SF,Jaxson Dart,00-0040691,QB,pass_td,1.37,0.0,1.0,1.0,2.0,3.0
2025_09_SF_NYG,NYG,SF,Jaxson Dart,00-0040691,QB,ints,0.586,0.0,0.0,0.0,1.0,2.0
2025_09_SF_NYG,NYG,SF,Jaxson Dart,00-0040691,QB,car,7.548,3.0,4.0,7.0,10.0,13.0
2025_09_SF_NYG,NYG,SF,Jaxson Dart,00-0040691,QB,rush_yds,33.96,5.923,15.443,29.522,47.526,66.938
2025_09_SF_NYG,NYG,SF,Jaxson Dart,00-0040691,QB,tgt,0.0,0.0,0.0,0.0,0.0,0.0
2025_09_SF_NYG,NYG,SF,Jaxson Dart,00-0040691,QB,rec,0.0,0.0,0.0,0.0,0.0,0.0
2025_09_SF_NYG,NYG,SF,Jaxson Dart,00-0040691,QB,rec_yds,0.002,0.0,0.0,0.0,0.0,0.0
2025_09_SF_NYG,NYG,SF,Jaxson Dart,00-0040691,QB,anytime_td,0.305,0.0,0.0,0.0,1.0,1.0
2025_09_SF_NYG,NYG,SF,Wan'Dale Robinson,00-0038117,WR,car,0.199,0.0,0.0,0.0,0.0,0.0
2025_09_SF_NYG,NYG,SF,Wan'Dale Robinson,00-0038117,WR,rush_yds,1.12,0.0,0.0,0.0,0.0,0.0
2025_09_SF_NYG,NYG,SF,Wan'Dale Robinson,00-0038117,WR,tgt,8.866,4.0,6.0,9.0,11.0,14.0
2025_09_SF_NYG,NYG,SF,Wan'Dale Robinson,00-0038117,WR,rec,6.023,3.0,4.0,6.0,8.0,10.0
2025_09_SF_NYG,NYG,SF,Wan'Dale Robinson,00-0038117,WR,rec_yds,73.712,25.995,43.23,68.071,98.183,128.173
2025_09_SF_NYG,NYG,SF,Wan'Dale Robinson,00-0038117,WR,anytime_td,0.228,0.0,0.0,0.0,0.0,1.0
2025_09_SF_NYG,NYG,SF,Ray-Ray McCloud,00-0034407,WR,car,0.238,0.0,0.0,0.0,0.0,1.0
2025_09_SF_NYG,NYG,SF,Ray-Ray McCloud,00-0034407,WR,rush_yds,1.415,0.0,0.0,0.0,0.0,0.0
2025_09_SF_NYG,NYG,SF,Ray-Ray McCloud,00-0034407,WR,tgt,4.403,1.0,3.0,4.0,6.0,8.0
2025_09_SF_NYG,NYG,SF,Ray-Ray McCloud,00-0034407,WR,rec,2.821,1.0,1.0,3.0,4.0,5.0
2025_09_SF_NYG,NYG,SF,Ray-Ray McCloud,00-0034407,WR,rec_yds,33.817,0.0,12.173,27.754,48.58,72.953
2025_09_SF_NYG,NYG,SF,Ray-Ray McCloud,00-0034407,WR,anytime_td,0.1,0.0,0.0,0.0,0.0,1.0
2025_09_SF_NYG,NYG,SF,Darius Slayton,00-0035535,WR,car,0.061,0.0,0.0,0.0,0.0,0.0
2025_09_SF_NYG,NYG,SF,Darius Slayton,00-0035535,WR,rush_yds,0.362,0.0,0.0,0.0,0.0,0.0
2025_09_SF_NYG,NYG,SF,Darius Slayton,00-0035535,WR,tgt,4.845,2.0,3.0,4.0,6.0,9.0
2025_09_SF_NYG,NYG,SF,Darius Slayton,00-0035535,WR,rec,3.088,1.0,2.0,3.0,4.0,6.0
2025_09_SF_NYG,NYG,SF,Darius Slayton,00-0035535,WR,rec_yds,38.909,3.969,14.347,32.392,56.428,82.974
2025_09_SF_NYG,NYG,SF,Darius Slayton,00-0035535,WR,anytime_td,0.102,0.0,0.0,0.0,0.0,1.0
2025_09_SF_NYG,NYG,SF,Theo Johnson,00-0039847,TE,car,0.002,0.0,0.0,0.0,0.0,0.0
2025_09_SF_NYG,NYG,SF,Theo Johnson,00-0039847,TE,rush_yds,0.006,0.0,0.0,0.0,0.0,0.0
2025_09_SF_NYG,NYG,SF,Theo Johnson,00-0039847,TE,tgt,5.907,2.0,4.0,6.0,8.0,10.0
2025_09_SF_NYG,NYG,SF,Theo Johnson,00-0039847,TE,rec,4.223,1.0,2.0,4.0,6.0,7.1
2025_09_SF_NYG,NYG,SF,Theo Johnson,00-0039847,TE,rec_yds,42.747,9.364,20.836,38.258,59.706,82.338
2025_09_SF_NYG,NYG,SF,Theo Johnson,00-0039847,TE,anytime_td,0.322,0.0,0.0,0.0,1.0,1.0
2025_09_SF_NYG,NYG,SF,Devin Singletary,00-0035250,RB,car,5.619,1.0,3.0,5.0,8.0,11.0
2025_09_SF_NYG,NYG,SF,Devin Singletary,00-0035250,RB,rush_yds,23.321,1.721,6.96,16.823,32.935,52.88
2025_09_SF_NYG,NYG,SF,Devin Singletary,00-0035250,RB,tgt,0.902,0.0,0.0,1.0,1.0,2.0
2025_09_SF_NYG,NYG,SF,Devin Singletary,00-0035250,RB,rec,0.739,0.0,0.0,0.0,1.0,2.0
2025_09_SF_NYG,NYG,SF,Devin Singletary,00-0035250,RB,rec_yds,5.88,0.0,0.0,0.0,8.158,18.534
2025_09_SF_NYG,NYG,SF,Devin Singletary,00-0035250,RB,anytime_td,0.056,0.0,0.0,0.0,0.0,0.0
2025_09_SF_NYG,NYG,SF,Tyrone Tracy Jr.,00-0039384,RB,car,13.101,6.0,9.0,13.0,17.0,21.0
2025_09_SF_NYG,NYG,SF,Tyrone Tracy Jr.,00-0039384,RB,rush_yds,56.32,18.378,30.288,49.385,74.594,104.067
2025_09_SF_NYG,NYG,SF,Tyrone Tracy Jr.,00-0039384,RB,tgt,3.243,1.0,2.0,3.0,5.0,6.0
2025_09_SF_NYG,NYG,SF,Tyrone Tracy Jr.,00-0039384,RB,rec,2.544,0.0,1.0,2.0,4.0,5.0
2025_09_SF_NYG,NYG,SF,Tyrone Tracy Jr.,00-0039384,RB,rec_yds,18.417,0.0,4.373,13.877,26.621,43.102
2025_09_SF_NYG,NYG,SF,Tyrone Tracy Jr.,00-0039384,RB,anytime_td,0.182,0.0,0.0,0.0,0.0,1.0
2025_09_SF_NYG,NYG,SF,Beaux Collins,00-0040432,WR,car,0.015,0.0,0.0,0.0,0.0,0.0
2025_09_SF_NYG,NYG,SF,Beaux Collins,00-0040432,WR,rush_yds,0.084,0.0,0.0,0.0,0.0,0.0
2025_09_SF_NYG,NYG,SF,Beaux Collins,00-0040432,WR,tgt,1.447,0.0,0.0,1.0,2.0,4.0
2025_09_SF_NYG,NYG,SF,Beaux Collins,00-0040432,WR,rec,0.908,0.0,0.0,1.0,1.0,2.0
2025_09_SF_NYG,NYG,SF,Beaux Collins,00-0040432,WR,rec_yds,11.563,0.0,0.0,3.233,17.099,35.251
2025_09_SF_NYG,NYG,SF,Beaux Collins,00-0040432,WR,anytime_td,0.036,0.0,0.0,0.0,0.0,0.0
2025_09_SF_NYG,SF,NYG,Mac Jones,00-0036972,QB,att,32.936,23.0,28.0,34.0,39.0,44.0
2025_09_SF_NYG,SF,NYG,Mac Jones,00-0036972,QB,cmp,22.117,14.0,18.0,23.0,26.0,30.0
2025_09_SF_NYG,SF,NYG,Mac Jones,00-0036972,QB,pass_yds,241.76,147.211,194.134,244.043,293.909,341.458
2025_09_SF_NYG,SF,NYG,Mac Jones,00-0036972,QB,pass_td,1.691,0.0,1.0,2.0,2.0,3.0
2025_09_SF_NYG,SF,NYG,Mac Jones,00-0036972,QB,ints,0.666,0.0,0.0,0.0,1.0,2.0
2025_09_SF_NYG,SF,NYG,Mac Jones,00-0036972,QB,car,3.638,1.0,2.0,3.0,5.0,7.0
2025_09_SF_NYG,SF,NYG,Mac Jones,00-0036972,QB,rush_yds,14.242,-1.0,1.05,9.921,21.543,36.327
2025_09_SF_NYG,SF,NYG,Mac Jones,00-0036972,QB,tgt,0.0,0.0,0.0,0.0,0.0,0.0
2025_09_SF_NYG,SF,NYG,Mac Jones,00-0036972,QB,rec,0.0,0.0,0.0,0.0,0.0,0.0
2025_09_SF_NYG,SF,NYG,Mac Jones,00-0036972,QB,rec_yds,0.003,0.0,0.0,0.0,0.0,0.0
2025_09_SF_NYG,SF,NYG,Mac Jones,00-0036972,QB,anytime_td,0.083,0.0,0.0,0.0,0.0,0.0
2025_09_SF_NYG,SF,NYG,Christian McCaffrey,00-0033280,RB,car,15.805,8.0,11.0,15.0,20.0,24.0
2025_09_SF_NYG,SF,NYG,Christian McCaffrey,00-0033280,RB,rush_yds,71.832,26.478,42.301,64.631,93.615,126.096
2025_09_SF_NYG,SF,NYG,Christian McCaffrey,00-0033280,RB,tgt,7.099,3.0,5.0,7.0,9.0,12.0
2025_09_SF_NYG,SF,NYG,Christian McCaffrey,00-0033280,RB,rec,5.513,2.0,3.0,5.0,7.0,9.0
2025_09_SF_NYG,SF,NYG,Christian McCaffrey,00-0033280,RB,rec_yds,48.669,11.783,24.584,43.448,66.767,92.864
2025_09_SF_NYG,SF,NYG,Christian McCaffrey,00-0033280,RB,anytime_td,0.669,0.0,0.0,1.0,1.0,1.0
2025_09_SF_NYG,SF,NYG,George Kittle,00-0033288,TE,car,0.002,0.0,0.0,0.0,0.0,0.0
2025_09_SF_NYG,SF,NYG,George Kittle,00-0033288,TE,rush_yds,0.004,0.0,0.0,0.0,0.0,0.0
2025_09_SF_NYG,SF,NYG,George Kittle,00-0033288,TE,tgt,4.417,1.0,2.0,4.0,6.0,8.0
2025_09_SF_NYG,SF,NYG,George Kittle,00-0033288,TE,rec,3.298,1.0,2.0,3.0,5.0,6.0
2025_09_SF_NYG,SF,NYG,George Kittle,00-0033288,TE,rec_yds,36.823,5.391,15.169,30.959,52.829,75.542
2025_09_SF_NYG,SF,NYG,George Kittle,00-0033288,TE,anytime_td,0.328,0.0,0.0,0.0,1.0,1.0
2025_09_SF_NYG,SF,NYG,Jauan Jennings,00-0036259,WR,car,0.01,0.0,0.0,0.0,0.0,0.0
2025_09_SF_NYG,SF,NYG,Jauan Jennings,00-0036259,WR,rush_yds,0.041,0.0,0.0,0.0,0.0,0.0
2025_09_SF_NYG,SF,NYG,Jauan Jennings,00-0036259,WR,tgt,5.942,2.0,4.0,6.0,8.0,10.0
2025_09_SF_NYG,SF,NYG,Jauan Jennings,00-0036259,WR,rec,3.563,1.0,2.0,3.0,5.0,7.0
2025_09_SF_NYG,SF,NYG,Jauan Jennings,00-0036259,WR,rec_yds,44.001,6.56,18.549,37.52,62.805,89.353
2025_09_SF_NYG,SF,NYG,Jauan Jennings,00-0036259,WR,anytime_td,0.201,0.0,0.0,0.0,0.0,1.0
2025_09_SF_NYG,SF,NYG,Kendrick Bourne,00-0033307,WR,car,0.026,0.0,0.0,0.0,0.0,0.0
2025_09_SF_NYG,SF,NYG,Kendrick Bourne,00-0033307,WR,rush_yds,0.156,0.0,0.0,0.0,0.0,0.0
2025_09_SF_NYG,SF,NYG,Kendrick Bourne,00-0033307,WR,tgt,4.598,1.0,3.0,4.0,6.0,8.0
2025_09_SF_NYG,SF,NYG,Kendrick Bourne,00-0033307,WR,rec,3.113,1.0,2.0,3.0,4.0,6.0
2025_09_SF_NYG,SF,NYG,Kendrick Bourne,00-0033307,WR,rec_yds,43.06,4.428,16.502,35.624,61.532,90.583
2025_09_SF_NYG,SF,NYG,Kendrick Bourne,00-0033307,WR,anytime_td,0.091,0.0,0.0,0.0,0.0,0.0
2025_09_SF_NYG,SF,NYG,Kyle Juszczyk,00-0029892,RB,car,0.543,0.0,0.0,0.0,0.0,2.0
2025_09_SF_NYG,SF,NYG,Kyle Juszczyk,00-0029892,RB,rush_yds,2.566,0.0,0.0,0.0,0.0,8.287
2025_09_SF_NYG,SF,NYG,Kyle Juszczyk,00-0029892,RB,tgt,1.619,0.0,0.0,1.0,2.0,4.0
2025_09_SF_NYG,SF,NYG,Kyle Juszczyk,00-0029892,RB,rec,1.296,0.0,0.0,1.0,2.0,3.0
2025_09_SF_NYG,SF,NYG,Kyle Juszczyk,00-0029892,RB,rec_yds,10.111,0.0,0.0,5.006,15.562,28.721
2025_09_SF_NYG,SF,NYG,Kyle Juszczyk,00-0029892,RB,anytime_td,0.126,0.0,0.0,0.0,0.0,1.0
2025_09_SF_NYG,SF,NYG,Demarcus Robinson,00-0032775,WR,car,0.01,0.0,0.0,0.0,0.0,0.0
2025_09_SF_NYG,SF,NYG,Demarcus Robinson,00-0032775,WR,rush_yds,0.052,0.0,0.0,0.0,0.0,0.0
2025_09_SF_NYG,SF,NYG,Demarcus Robinson,00-0032775,WR,tgt,2.87,0.0,1.0,2.0,4.0,6.0
2025_09_SF_NYG,SF,NYG,Demarcus Robinson,00-0032775,WR,rec,1.74,0.0,1.0,1.0,3.0,4.0
2025_09_SF_NYG,SF,NYG,Demarcus Robinson,00-0032775,WR,rec_yds,22.704,0.0,1.857,15.632,33.565,56.831
2025_09_SF_NYG,SF,NYG,Demarcus Robinson,00-0032775,WR,anytime_td,0.1,0.0,0.0,0.0,0.0,1.0
2025_09_SF_NYG,SF,NYG,Luke Farrell,00-0036887,TE,car,0.001,0.0,0.0,0.0,0.0,0.0
2025_09_SF_NYG,SF,NYG,Luke Farrell,00-0036887,TE,rush_yds,0.001,0.0,0.0,0.0,0.0,0.0
2025_09_SF_NYG,SF,NYG,Luke Farrell,00-0036887,TE,tgt,0.901,0.0,0.0,0.0,1.0,2.0
2025_09_SF_NYG,SF,NYG,Luke Farrell,00-0036887,TE,rec,0.655,0.0,0.0,0.0,1.0,2.0
2025_09_SF_NYG,SF,NYG,Luke Farrell,00-0036887,TE,rec_yds,6.537,0.0,0.0,0.0,9.404,21.982
2025_09_SF_NYG,SF,NYG,Luke Farrell,00-0036887,TE,anytime_td,0.058,0.0,0.0,0.0,0.0,0.0
2025_09_SF_NYG,SF,NYG,Brian Robinson,00-0037746,RB,car,4.814,1.0,2.0,4.0,7.0,10.0
2025_09_SF_NYG,SF,NYG,Brian Robinson,00-0037746,RB,rush_yds,23.126,0.0,5.449,16.277,33.581,53.959
2025_09_SF_NYG,SF,NYG,Brian Robinson,00-0037746,RB,tgt,0.725,0.0,0.0,0.0,1.0,2.0
2025_09_SF_NYG,SF,NYG,Brian Robinson,00-0037746,RB,rec,0.578,0.0,0.0,0.0,1.0,2.0
2025_09_SF_NYG,SF,NYG,Brian Robinson,00-0037746,RB,rec_yds,3.993,0.0,0.0,0.0,5.04,13.643
2025_09_SF_NYG,SF,NYG,Brian Robinson,00-0037746,RB,anytime_td,0.164,0.0,0.0,0.0,0.0,1.0
2025_09_SF_NYG,SF,NYG,Skyy Moore,00-0038090,WR,car,0.121,0.0,0.0,0.0,0.0,0.0
2025_09_SF_NYG,SF,NYG,Skyy Moore,00-0038090,WR,rush_yds,0.746,0.0,0.0,0.0,0.0,0.0
2025_09_SF_NYG,SF,NYG,Skyy Moore,00-0038090,WR,tgt,0.632,0.0,0.0,0.0,1.0,2.0
2025_09_SF_NYG,SF,NYG,Skyy Moore,00-0038090,WR,rec,0.402,0.0,0.0,0.0,1.0,1.0
2025_09_SF_NYG,SF,NYG,Skyy Moore,00-0038090,WR,rec_yds,5.333,0.0,0.0,0.0,4.625,18.618
2025_09_SF_NYG,SF,NYG,Skyy Moore,00-0038090,WR,anytime_td,0.008,0.0,0.0,0.0,0.0,0.0
2025_09_SF_NYG,SF,NYG,Jordan Watkins,00-0040172,WR,car,0.065,0.0,0.0,0.0,0.0,0.0
2025_09_SF_NYG,SF,NYG,Jordan Watkins,00-0040172,WR,rush_yds,0.384,0.0,0.0,0.0,0.0,0.0
2025_09_SF_NYG,SF,NYG,Jordan Watkins,00-0040172,WR,tgt,1.824,0.0,1.0,1.0,3.0,4.0
2025_09_SF_NYG,SF,NYG,Jordan Watkins,00-0040172,WR,rec,1.161,0.0,0.0,1.0,2.0,3.0
2025_09_SF_NYG,SF,NYG,Jordan Watkins,00-0040172,WR,rec_yds,14.432,0.0,0.0,7.366,22.422,40.047
2025_09_SF_NYG,SF,NYG,Jordan Watkins,00-0040172,WR,anytime_td,0.06,0.0,0.0,0.0,0.0,0.0
2025_09_SF_NYG,SF,NYG,Jake Tonges,00-0037112,TE,car,0.005,0.0,0.0,0.0,0.0,0.0
2025_09_SF_NYG,SF,NYG,Jake Tonges,00-0037112,TE,rush_yds,0.01,0.0,0.0,0.0,0.0,0.0
2025_09_SF_NYG,SF,NYG,Jake Tonges,00-0037112,TE,tgt,3.093,1.0,1.0,3.0,4.0,6.0
2025_09_SF_NYG,SF,NYG,Jake Tonges,00-0037112,TE,rec,2.285,0.0,1.0,2.0,3.0,5.0
2025_09_SF_NYG,SF,NYG,Jake Tonges,00-0037112,TE,rec_yds,22.464,0.0,5.955,17.152,32.759,51.7
2025_09_SF_NYG,SF,NYG,Jake Tonges,00-0037112,TE,anytime_td,0.282,0.0,0.0,0.0,1.0,1.0
2025_09_ARI_DAL,DAL,ARI,Dak Prescott,00-0033077,QB,att,33.149,23.0,29.0,34.0,39.0,44.0
2025_09_ARI_DAL,DAL,ARI,Dak Prescott,00-0033077,QB,cmp,23.053,15.0,19.0,24.0,27.0,31.0
2025_09_ARI_DAL,DAL,ARI,Dak Prescott,00-0033077,QB,pass_yds,258.953,159.943,209.646,258.884,314.941,364.636
2025_09_ARI_DAL,DAL,ARI,Dak Prescott,00-0033077,QB,pass_td,1.936,0.0,1.0,2.0,3.0,3.0
2025_09_ARI_DAL,DAL,ARI,Dak Prescott,00-0033077,QB,ints,0.651,0.0,0.0,0.0,1.0,2.0
2025_09_ARI_DAL,DAL,ARI,Dak Prescott,00-0033077,QB,car,3.49,1.0,2.0,3.0,5.0,7.0
2025_09_ARI_DAL,DAL,ARI,Dak Prescott,00-0033077,QB,rush_yds,14.207,-1.0,1.917,10.491,21.925,34.51
2025_09_ARI_DAL,DAL,ARI,Dak Prescott,00-0033077,QB,tgt,0.001,0.0,0.0,0.0,0.0,0.0
2025_09_ARI_DAL,DAL,ARI,Dak Prescott,00-0033077,QB,rec,0.001,0.0,0.0,0.0,0.0,0.0
2025_09_ARI_DAL,DAL,ARI,Dak Prescott,00-0033077,QB,rec_yds,0.007,0.0,0.0,0.0,0.0,0.0
2025_09_ARI_DAL,DAL,ARI,Dak Prescott,00-0033077,QB,anytime_td,0.17,0.0,0.0,0.0,0.0,1.0
2025_09_ARI_DAL,DAL,ARI,George Pickens,00-0037247,WR,car,0.024,0.0,0.0,0.0,0.0,0.0
2025_09_ARI_DAL,DAL,ARI,George Pickens,00-0037247,WR,rush_yds,0.122,0.0,0.0,0.0,0.0,0.0
2025_09_ARI_DAL,DAL,ARI,George Pickens,00-0037247,WR,tgt,6.846,3.0,4.0,6.0,9.0,11.0
2025_09_ARI_DAL,DAL,ARI,George Pickens,00-0037247,WR,rec,4.785,2.0,3.0,4.0,6.0,8.0
2025_09_ARI_DAL,DAL,ARI,George Pickens,00-0037247,WR,rec_yds,68.111,17.681,35.513,61.227,93.281,126.839
2025_09_ARI_DAL,DAL,ARI,George Pickens,00-0037247,WR,anytime_td,0.401,0.0,0.0,0.0,1.0,1.0
2025_09_ARI_DAL,DAL,ARI,Jake Ferguson,00-0038041,TE,car,0.003,0.0,0.0,0.0,0.0,0.0
2025_09_ARI_DAL,DAL,ARI,Jake Ferguson,00-0038041,TE,rush_yds,0.002,0.0,0.0,0.0,0.0,0.0
2025_09_ARI_DAL,DAL,ARI,Jake Ferguson,00-0038041,TE,tgt,5.589,2.0,3.0,5.0,7.0,10.0
2025_09_ARI_DAL,DAL,ARI,Jake Ferguson,00-0038041,TE,rec,4.585,2.0,3.0,4.0,6.0,8.0
2025_09_ARI_DAL,DAL,ARI,Jake Ferguson,00-0038041,TE,rec_yds,38.804,8.904,19.286,34.692,54.189,74.189
2025_09_ARI_DAL,DAL,ARI,Jake Ferguson,00-0038041,TE,anytime_td,0.407,0.0,0.0,0.0,1.0,1.0
2025_09_ARI_DAL,DAL,ARI,CeeDee Lamb,00-0036358,WR,car,0.422,0.0,0.0,0.0,0.0,1.0
2025_09_ARI_DAL,DAL,ARI,CeeDee Lamb,00-0036358,WR,rush_yds,2.247,0.0,0.0,0.0,0.0,7.296
2025_09_ARI_DAL,DAL,ARI,CeeDee Lamb,00-0036358,WR,tgt,7.002,3.0,5.0,7.0,9.0,11.0
2025_09_ARI_DAL,DAL,ARI,CeeDee Lamb,00-0036358,WR,rec,4.896,2.0,3.0,5.0,6.0,8.0
2025_09_ARI_DAL,DAL,ARI,CeeDee Lamb,00-0036358,WR,rec_yds,63.618,16.583,32.643,56.471,87.341,120.518
2025_09_ARI_DAL,DAL,ARI,CeeDee Lamb,00-0036358,WR,anytime_td,0.31,0.0,0.0,0.0,1.0,1.0
2025_09_ARI_DAL,DAL,ARI,Javonte Williams,00-0036997,RB,car,16.899,9.0,12.0,16.0,21.0,25.0
2025_09_ARI_DAL,DAL,ARI,Javonte Williams,00-0036997,RB,rush_yds,77.616,29.414,46.097,70.322,99.891,135.011
2025_09_ARI_DAL,DAL,ARI,Javonte Williams,00-0036997,RB,tgt,3.484,1.0,2.0,3.0,5.0,7.0
2025_09_ARI_DAL,DAL,ARI,Javonte Williams,00-0036997,RB,rec,2.685,0.0,1.0,2.0,4.0,5.0
2025_09_ARI_DAL,DAL,ARI,Javonte Williams,00-0036997,RB,rec_yds,16.716,0.0,4.591,12.802,24.662,38.654
2025_09_ARI_DAL,DAL,ARI,Javonte Williams,00-0036997,RB,anytime_td,0.611,0.0,0.0,1.0,1.0,1.0
2025_09_ARI_DAL,DAL,ARI,Ryan Flournoy,00-0039410,WR,car,0.548,0.0,0.0,0.0,0.0,2.0
2025_09_ARI_DAL,DAL,ARI,Ryan Flournoy,00-0039410,WR,rush_yds,3.093,0.0,0.0,0.0,0.0,10.18
2025_09_ARI_DAL,DAL,ARI,Ryan Flournoy,00-0039410,WR,tgt,2.519,0.0,1.0,2.0,4.0,5.0
2025_09_ARI_DAL,DAL,ARI,Ryan Flournoy,00-0039410,WR,rec,1.703,0.0,1.0,1.0,3.0,4.0
2025_09_ARI_DAL,DAL,ARI,Ryan Flournoy,00-0039410,WR,rec_yds,21.477,0.0,0.966,14.614,32.017,53.945
2025_09_ARI_DAL,DAL,ARI,Ryan Flournoy,00-0039410,WR,anytime_td,0.048,0.0,0.0,0.0,0.0,0.0
2025_09_ARI_DAL,DAL,ARI,Luke Schoonmaker,00-0038547,TE,car,0.002,0.0,0.0,0.0,0.0,0.0
2025_09_ARI_DAL,DAL,ARI,Luke Schoonmaker,00-0038547,TE,rush_yds,0.007,0.0,0.0,0.0,0.0,0.0
2025_09_ARI_DAL,DAL,ARI,Luke Schoonmaker,00-0038547,TE,tgt,1.589,0.0,0.0,1.0,2.0,4.0
2025_09_ARI_DAL,DAL,ARI,Luke Schoonmaker,00-0038547,TE,rec,1.164,0.0,0.0,1.0,2.0,3.0
2025_09_ARI_DAL,DAL,ARI,Luke Schoonmaker,00-0038547,TE,rec_yds,11.781,0.0,0.0,6.336,17.96,33.564
2025_09_ARI_DAL,DAL,ARI,Luke Schoonmaker,00-0038547,TE,anytime_td,0.026,0.0,0.0,0.0,0.0,0.0
2025_09_ARI_DAL,DAL,ARI,KaVontae Turpin,00-0037801,WR,car,1.009,0.0,0.0,0.0,1.0,3.0
2025_09_ARI_DAL,DAL,ARI,KaVontae Turpin,00-0037801,WR,rush_yds,5.365,0.0,0.0,0.0,5.447,18.445
2025_09_ARI_DAL,DAL,ARI,KaVontae Turpin,00-0037801,WR,tgt,2.691,0.0,1.0,2.0,4.0,6.0
2025_09_ARI_DAL,DAL,ARI,KaVontae Turpin,00-0037801,WR,rec,1.763,0.0,1.0,1.0,3.0,4.0
2025_09_ARI_DAL,DAL,ARI,KaVontae Turpin,00-0037801,WR,rec_yds,22.608,0.0,2.006,15.597,33.975,56.717
2025_09_ARI_DAL,DAL,ARI,KaVontae Turpin,00-0037801,WR,anytime_td,0.142,0.0,0.0,0.0,0.0,1.0
2025_09_ARI_DAL,DAL,ARI,Brevyn Spann-Ford,00-0039530,TE,car,0.0,0.0,0.0,0.0,0.0,0.0
2025_09_ARI_DAL,DAL,ARI,Brevyn Spann-Ford,00-0039530,TE,rush_yds,0.001,0.0,0.0,0.0,0.0,0.0
2025_09_ARI_DAL,DAL,ARI,Brevyn Spann-Ford,00-0039530,TE,tgt,0.517,0.0,0.0,0.0,1.0,2.0
2025_09_ARI_DAL,DAL,ARI,Brevyn Spann-Ford,00-0039530,TE,rec,0.4,0.0,0.0,0.0,1.0,1.0
2025_09_ARI_DAL,DAL,ARI,Brevyn Spann-Ford,00-0039530,TE,rec_yds,3.966,0.0,0.0,0.0,3.894,14.63
2025_09_ARI_DAL,DAL,ARI,Brevyn Spann-Ford,00-0039530,TE,anytime_td,0.006,0.0,0.0,0.0,0.0,0.0
2025_09_ARI_DAL,DAL,ARI,Jalen Tolbert,00-0037666,WR,car,0.009,0.0,0.0,0.0,0.0,0.0
2025_09_ARI_DAL,DAL,ARI,Jalen Tolbert,00-0037666,WR,rush_yds,0.058,0.0,0.0,0.0,0.0,0.0
2025_09_ARI_DAL,DAL,ARI,Jalen Tolbert,00-0037666,WR,tgt,2.657,0.0,1.0,2.0,4.0,6.0
2025_09_ARI_DAL,DAL,ARI,Jalen Tolbert,00-0037666,WR,rec,1.747,0.0,1.0,1.0,3.0,4.0
2025_09_ARI_DAL,DAL,ARI,Jalen Tolbert,00-0037666,WR,rec_yds,22.876,0.0,0.982,15.568,35.237,57.167
2025_09_ARI_DAL,DAL,ARI,Jalen Tolbert,00-0037666,WR,anytime_td,0.172,0.0,0.0,0.0,0.0,1.0
2025_09_ARI_DAL,DAL,ARI,Malik Davis,00-0037563,RB,car,2.615,0.0,0.0,2.0,4.0,6.0
2025_09_ARI_DAL,DAL,ARI,Malik Davis,00-0037563,RB,rush_yds,11.016,0.0,0.0,5.324,15.287,30.358
2025_09_ARI_DAL,DAL,ARI,Malik Davis,00-0037563,RB,tgt,0.331,0.0,0.0,0.0,0.0,1.0
2025_09_ARI_DAL,DAL,ARI,Malik Davis,00-0037563,RB,rec,0.272,0.0,0.0,0.0,0.0,1.0
2025_09_ARI_DAL,DAL,ARI,Malik Davis,00-0037563,RB,rec_yds,2.008,0.0,0.0,0.0,0.0,7.436
2025_09_ARI_DAL,DAL,ARI,Malik Davis,00-0037563,RB,anytime_td,0.072,0.0,0.0,0.0,0.0,0.0
2025_09_ARI_DAL,DAL,ARI,Hunter Luepke,00-0038738,RB,car,0.723,0.0,0.0,0.0,1.0,2.0
2025_09_ARI_DAL,DAL,ARI,Hunter Luepke,00-0038738,RB,rush_yds,3.195,0.0,0.0,0.0,1.826,10.23
2025_09_ARI_DAL,DAL,ARI,Hunter Luepke,00-0038738,RB,tgt,0.646,0.0,0.0,0.0,1.0,2.0
2025_09_ARI_DAL,DAL,ARI,Hunter Luepke,00-0038738,RB,rec,0.53,0.0,0.0,0.0,1.0,2.0
2025_09_ARI_DAL,DAL,ARI,Hunter Luepke,00-0038738,RB,rec_yds,3.802,0.0,0.0,0.0,4.11,13.533
2025_09_ARI_DAL,DAL,ARI,Hunter Luepke,00-0038738,RB,anytime_td,0.08,0.0,0.0,0.0,0.0,0.0
2025_09_ARI_DAL,ARI,DAL,Jacoby Brissett,00-0033119,QB,att,32.747,22.0,28.0,34.0,39.0,44.0
2025_09_ARI_DAL,ARI,DAL,Jacoby Brissett,00-0033119,QB,cmp,22.445,14.0,19.0,23.0,27.0,30.1
2025_09_ARI_DAL,ARI,DAL,Jacoby Brissett,00-0033119,QB,pass_yds,245.292,151.139,198.432,247.174,297.071,345.635
2025_09_ARI_DAL,ARI,DAL,Jacoby Brissett,00-0033119,QB,pass_td,1.656,0.0,1.0,2.0,2.0,3.0
2025_09_ARI_DAL,ARI,DAL,Jacoby Brissett,00-0033119,QB,ints,0.722,0.0,0.0,0.0,1.0,2.0
2025_09_ARI_DAL,ARI,DAL,Jacoby Brissett,00-0033119,QB,car,4.553,1.0,2.0,4.0,6.0,9.0
2025_09_ARI_DAL,ARI,DAL,Jacoby Brissett,00-0033119,QB,rush_yds,21.633,0.0,6.892,17.326,31.458,47.258
2025_09_ARI_DAL,ARI,DAL,Jacoby Brissett,00-0033119,QB,tgt,0.001,0.0,0.0,0.0,0.0,0.0
2025_09_ARI_DAL,ARI,DAL,Jacoby Brissett,00-0033119,QB,rec,0.001,0.0,0.0,0.0,0.0,0.0
2025_09_ARI_DAL,ARI,DAL,Jacoby Brissett,00-0033119,QB,rec_yds,0.007,0.0,0.0,0.0,0.0,0.0
2025_09_ARI_DAL,ARI,DAL,Jacoby Brissett,00-0033119,QB,anytime_td,0.049,0.0,0.0,0.0,0.0,0.0
2025_09_ARI_DAL,ARI,DAL,Trey McBride,00-0037744,TE,car,0.018,0.0,0.0,0.0,0.0,0.0
2025_09_ARI_DAL,ARI,DAL,Trey McBride,00-0037744,TE,rush_yds,0.047,0.0,0.0,0.0,0.0,0.0
2025_09_ARI_DAL,ARI,DAL,Trey McBride,00-0037744,TE,tgt,10.397,6.0,8.0,10.0,13.0,16.0
2025_09_ARI_DAL,ARI,DAL,Trey McBride,00-0037744,TE,rec,7.898,4.0,6.0,8.0,10.0,12.0
2025_09_ARI_DAL,ARI,DAL,Trey McBride,00-0037744,TE,rec_yds,75.288,31.212,48.273,69.978,97.451,125.745
2025_09_ARI_DAL,ARI,DAL,Trey McBride,00-0037744,TE,anytime_td,0.484,0.0,0.0,0.0,1.0,1.0
2025_09_ARI_DAL,ARI,DAL,Michael Wilson,00-0038559,WR,car,0.052,0.0,0.0,0.0,0.0,0.0
2025_09_ARI_DAL,ARI,DAL,Michael Wilson,00-0038559,WR,rush_yds,0.317,0.0,0.0,0.0,0.0,0.0
2025_09_ARI_DAL,ARI,DAL,Michael Wilson,00-0038559,WR,tgt,4.4,1.0,2.0,4.0,6.0,8.0
2025_09_ARI_DAL,ARI,DAL,Michael Wilson,00-0038559,WR,rec,2.856,1.0,1.0,3.0,4.0,6.0
2025_09_ARI_DAL,ARI,DAL,Michael Wilson,00-0038559,WR,rec_yds,33.494,0.905,11.832,26.889,48.212,72.492
2025_09_ARI_DAL,ARI,DAL,Michael Wilson,00-0038559,WR,anytime_td,0.186,0.0,0.0,0.0,0.0,1.0
2025_09_ARI_DAL,ARI,DAL,Marvin Harrison Jr.,00-0039849,WR,car,0.018,0.0,0.0,0.0,0.0,0.0
2025_09_ARI_DAL,ARI,DAL,Marvin Harrison Jr.,00-0039849,WR,rush_yds,0.111,0.0,0.0,0.0,0.0,0.0
2025_09_ARI_DAL,ARI,DAL,Marvin Harrison Jr.,00-0039849,WR,tgt,6.228,2.0,4.0,6.0,8.0,11.0
2025_09_ARI_DAL,ARI,DAL,Marvin Harrison Jr.,00-0039849,WR,rec,3.976,1.0,2.0,4.0,5.0,7.0
2025_09_ARI_DAL,ARI,DAL,Marvin Harrison Jr.,00-0039849,WR,rec_yds,56.739,11.388,26.659,49.572,79.133,111.727
2025_09_ARI_DAL,ARI,DAL,Marvin Harrison Jr.,00-0039849,WR,anytime_td,0.263,0.0,0.0,0.0,1.0,1.0
2025_09_ARI_DAL,ARI,DAL,Bam Knight,00-0037157,RB,car,15.233,8.0,11.0,15.0,19.0,23.0
2025_09_ARI_DAL,ARI,DAL,Bam Knight,00-0037157,RB,rush_yds,66.231,23.192,37.699,58.955,87.229,118.725
2025_09_ARI_DAL,ARI,DAL,Bam Knight,00-0037157,RB,tgt,2.151,0.0,1.0,2.0,3.0,5.0
2025_09_ARI_DAL,ARI,DAL,Bam Knight,00-0037157,RB,rec,1.76,0.0,1.0,1.0,3.0,4.0
2025_09_ARI_DAL,ARI,DAL,Bam Knight,00-0037157,RB,rec_yds,12.958,0.0,0.0,8.081,19.967,33.518
2025_09_ARI_DAL,ARI,DAL,Bam Knight,00-0037157,RB,anytime_td,0.331,0.0,0.0,0.0,1.0,1.0
2025_09_ARI_DAL,ARI,DAL,Zay Jones,00-0033891,WR,car,0.015,0.0,0.0,0.0,0.0,0.0
2025_09_ARI_DAL,ARI,DAL,Zay Jones,00-0033891,WR,rush_yds,0.073,0.0,0.0,0.0,0.0,0.0
2025_09_ARI_DAL,ARI,DAL,Zay Jones,00-0033891,WR,tgt,3.161,1.0,1.0,3.0,4.0,6.0
2025_09_ARI_DAL,ARI,DAL,Zay Jones,00-0033891,WR,rec,2.174,0.0,1.0,2.0,3.0,5.0
2025_09_ARI_DAL,ARI,DAL,Zay Jones,00-0033891,WR,rec_yds,28.93,0.0,7.173,21.701,43.643,67.862
2025_09_ARI_DAL,ARI,DAL,Zay Jones,00-0033891,WR,anytime_td,0.052,0.0,0.0,0.0,0.0,0.0
2025_09_ARI_DAL,ARI,DAL,Elijah Higgins,00-0039041,TE,car,0.002,0.0,0.0,0.0,0.0,0.0
2025_09_ARI_DAL,ARI,DAL,Elijah Higgins,00-0039041,TE,rush_yds,0.006,0.0,0.0,0.0,0.0,0.0
2025_09_ARI_DAL,ARI,DAL,Elijah Higgins,00-0039041,TE,tgt,1.604,0.0,0.0,1.0,2.0,4.0
2025_09_ARI_DAL,ARI,DAL,Elijah Higgins,00-0039041,TE,rec,1.258,0.0,0.0,1.0,2.0,3.0
2025_09_ARI_DAL,ARI,DAL,Elijah Higgins,00-0039041,TE,rec_yds,13.081,0.0,0.0,7.43,19.937,35.935
2025_09_ARI_DAL,ARI,DAL,Elijah Higgins,00-0039041,TE,anytime_td,0.042,0.0,0.0,0.0,0.0,0.0
2025_09_ARI_DAL,ARI,DAL,Emari Demercado,00-0038705,RB,car,3.699,0.0,1.0,3.0,5.0,8.0
2025_09_ARI_DAL,ARI,DAL,Emari Demercado,00-0038705,RB,rush_yds,19.491,0.0,2.77,12.307,27.845,49.432
2025_09_ARI_DAL,ARI,DAL,Emari Demercado,00-0038705,RB,tgt,1.186,0.0,0.0,1.0,2.0,3.0
2025_09_ARI_DAL,ARI,DAL,Emari Demercado,00-0038705,RB,rec,0.948,0.0,0.0,1.0,1.0,3.0
2025_09_ARI_DAL,ARI,DAL,Emari Demercado,00-0038705,RB,rec_yds,6.946,0.0,0.0,0.0,10.175,21.446
2025_09_ARI_DAL,ARI,DAL,Emari Demercado,00-0038705,RB,anytime_td,0.187,0.0,0.0,0.0,0.0,1.0
2025_09_ARI_DAL,ARI,DAL,Greg Dortch,00-0035500,WR,car,0.528,0.0,0.0,0.0,0.0,2.0
2025_09_ARI_DAL,ARI,DAL,Greg Dortch,00-0035500,WR,rush_yds,3.252,0.0,0.0,0.0,0.0,11.183
2025_09_ARI_DAL,ARI,DAL,Greg Dortch,00-0035500,WR,tgt,2.663,0.0,1.0,2.0,4.0,5.0
2025_09_ARI_DAL,ARI,DAL,Greg Dortch,00-0035500,WR,rec,1.974,0.0,1.0,2.0,3.0,4.0
2025_09_ARI_DAL,ARI,DAL,Greg Dortch,00-0035500,WR,rec_yds,20.843,0.0,3.61,14.464,31.539,51.287
2025_09_ARI_DAL,ARI,DAL,Greg Dortch,00-0035500,WR,anytime_td,0.186,0.0,0.0,0.0,0.0,1.0
2025_09_ARI_DAL,ARI,DAL,Xavier Weaver,00-0039521,WR,car,0.043,0.0,0.0,0.0,0.0,0.0
2025_09_ARI_DAL,ARI,DAL,Xavier Weaver,00-0039521,WR,rush_yds,0.245,0.0,0.0,0.0,0.0,0.0
2025_09_ARI_DAL,ARI,DAL,Xavier Weaver,00-0039521,WR,tgt,0.829,0.0,0.0,0.0,1.0,2.0
2025_09_ARI_DAL,ARI,DAL,Xavier Weaver,00-0039521,WR,rec,0.535,0.0,0.0,0.0,1.0,2.0
2025_09_ARI_DAL,ARI,DAL,Xavier Weaver,00-0039521,WR,rec_yds,6.847,0.0,0.0,0.0,8.57,24.257
2025_09_ARI_DAL,ARI,DAL,Xavier Weaver,00-0039521,WR,anytime_td,0.018,0.0,0.0,0.0,0.0,0.0
2025_09_ARI_DAL,ARI,DAL,Simi Fehoko,00-0036646,WR,car,0.026,0.0,0.0,0.0,0.0,0.0
2025_09_ARI_DAL,ARI,DAL,Simi Fehoko,00-0036646,WR,rush_yds,0.17,0.0,0.0,0.0,0.0,0.0
2025_09_ARI_DAL,ARI,DAL,Simi Fehoko,00-0036646,WR,tgt,0.705,0.0,0.0,0.0,1.0,2.0
2025_09_ARI_DAL,ARI,DAL,Simi Fehoko,00-0036646,WR,rec,0.456,0.0,0.0,0.0,1.0,1.0
2025_09_ARI_DAL,ARI,DAL,Simi Fehoko,00-0036646,WR,rec_yds,5.849,0.0,0.0,0.0,6.251,21.232
2025_09_ARI_DAL,ARI,DAL,Simi Fehoko,00-0036646,WR,anytime_td,0.015,0.0,0.0,0.0,0.0,0.0
