game_id,team,opp,player,player_id,pos,stat,mean,p10,p25,median,p75,p90
2025_07_PIT_CIN,CIN,PIT,Joe Flacco,00-0026158,QB,att,34.344,24.0,30.0,35.0,40.0,45.0
2025_07_PIT_CIN,CIN,PIT,Joe Flacco,00-0026158,QB,cmp,22.741,15.0,19.0,23.0,27.0,31.0
2025_07_PIT_CIN,CIN,PIT,Joe Flacco,00-0026158,QB,pass_yds,218.648,133.597,175.136,218.128,265.234,310.502
2025_07_PIT_CIN,CIN,PIT,Joe Flacco,00-0026158,QB,pass_td,1.417,0.0,1.0,1.0,2.0,3.0
2025_07_PIT_CIN,CIN,PIT,Joe Flacco,00-0026158,QB,ints,0.819,0.0,0.0,1.0,1.0,2.0
2025_07_PIT_CIN,CIN,PIT,Joe Flacco,00-0026158,QB,car,1.713,0.0,0.0,1.0,3.0,4.0
2025_07_PIT_CIN,CIN,PIT,Joe Flacco,00-0026158,QB,rush_yds,6.403,-1.0,0.0,0.987,9.865,20.717
2025_07_PIT_CIN,CIN,PIT,Joe Flacco,00-0026158,QB,tgt,0.001,0.0,0.0,0.0,0.0,0.0
2025_07_PIT_CIN,CIN,PIT,Joe Flacco,00-0026158,QB,rec,0.0,0.0,0.0,0.0,0.0,0.0
2025_07_PIT_CIN,CIN,PIT,Joe Flacco,00-0026158,QB,rec_yds,0.001,0.0,0.0,0.0,0.0,0.0
2025_07_PIT_CIN,CIN,PIT,Joe Flacco,00-0026158,QB,anytime_td,0.026,0.0,0.0,0.0,0.0,0.0
2025_07_PIT_CIN,CIN,PIT,Ja'Marr Chase,00-0036900,WR,car,0.404,0.0,0.0,0.0,0.0,1.0
2025_07_PIT_CIN,CIN,PIT,Ja'Marr Chase,00-0036900,WR,rush_yds,2.173,0.0,0.0,0.0,0.0,6.554
2025_07_PIT_CIN,CIN,PIT,Ja'Marr Chase,00-0036900,WR,tgt,10.808,6.0,8.0,10.0,13.0,16.0
2025_07_PIT_CIN,CIN,PIT,Ja'Marr Chase,00-0036900,WR,rec,7.467,4.0,5.0,7.0,9.0,12.0
2025_07_PIT_CIN,CIN,PIT,Ja'Marr Chase,00-0036900,WR,rec_yds,80.976,31.144,49.315,76.147,105.909,137.597
2025_07_PIT_CIN,CIN,PIT,Ja'Marr Chase,00-0036900,WR,anytime_td,0.398,0.0,0.0,0.0,1.0,1.0
2025_07_PIT_CIN,CIN,PIT,Tee Higgins,00-0036410,WR,car,0.015,0.0,0.0,0.0,0.0,0.0
2025_07_PIT_CIN,CIN,PIT,Tee Higgins,00-0036410,WR,rush_yds,0.071,0.0,0.0,0.0,0.0,0.0
2025_07_PIT_CIN,CIN,PIT,Tee Higgins,00-0036410,WR,tgt,7.106,3.0,5.0,7.0,9.0,12.0
2025_07_PIT_CIN,CIN,PIT,Tee Higgins,00-0036410,WR,rec,4.276,1.0,3.0,4.0,6.0,7.0
2025_07_PIT_CIN,CIN,PIT,Tee Higgins,00-0036410,WR,rec_yds,48.393,10.866,23.743,42.531,67.282,93.7
2025_07_PIT_CIN,CIN,PIT,Tee Higgins,00-0036410,WR,anytime_td,0.295,0.0,0.0,0.0,1.0,1.0
2025_07_PIT_CIN,CIN,PIT,Andrei Iosivas,00-0038619,WR,car,0.165,0.0,0.0,0.0,0.0,0.0
2025_07_PIT_CIN,CIN,PIT,Andrei Iosivas,00-0038619,WR,rush_yds,0.883,0.0,0.0,0.0,0.0,0.0
2025_07_PIT_CIN,CIN,PIT,Andrei Iosivas,00-0038619,WR,tgt,3.52,1.0,2.0,3.0,5.0,7.0
2025_07_PIT_CIN,CIN,PIT,Andrei Iosivas,00-0038619,WR,rec,2.092,0.0,1.0,2.0,3.0,4.0
2025_07_PIT_CIN,CIN,PIT,Andrei Iosivas,00-0038619,WR,rec_yds,24.792,0.0,6.105,18.795,36.764,58.018
2025_07_PIT_CIN,CIN,PIT,Andrei Iosivas,00-0038619,WR,anytime_td,0.097,0.0,0.0,0.0,0.0,0.0
2025_07_PIT_CIN,CIN,PIT,Noah Fant,00-0035644,TE,car,0.0,0.0,0.0,0.0,0.0,0.0
2025_07_PIT_CIN,CIN,PIT,Noah Fant,00-0035644,TE,rush_yds,0.001,0.0,0.0,0.0,0.0,0.0
2025_07_PIT_CIN,CIN,PIT,Noah Fant,00-0035644,TE,tgt,4.148,1.0,2.0,4.0,6.0,8.0
2025_07_PIT_CIN,CIN,PIT,Noah Fant,00-0035644,TE,rec,3.144,1.0,2.0,3.0,4.0,6.0
2025_07_PIT_CIN,CIN,PIT,Noah Fant,00-0035644,TE,rec_yds,26.883,2.543,10.619,22.662,38.707,56.22
2025_07_PIT_CIN,CIN,PIT,Noah Fant,00-0035644,TE,anytime_td,0.125,0.0,0.0,0.0,0.0,1.0
2025_07_PIT_CIN,CIN,PIT,Chase Brown,00-0038597,RB,car,15.232,8.0,11.0,15.0,19.0,23.0
2025_07_PIT_CIN,CIN,PIT,Chase Brown,00-0038597,RB,rush_yds,56.758,19.99,32.494,51.616,73.81,99.089
2025_07_PIT_CIN,CIN,PIT,Chase Brown,00-0038597,RB,tgt,4.354,1.0,2.0,4.0,6.0,8.0
2025_07_PIT_CIN,CIN,PIT,Chase Brown,00-0038597,RB,rec,3.514,1.0,2.0,3.0,5.0,7.0
2025_07_PIT_CIN,CIN,PIT,Chase Brown,00-0038597,RB,rec_yds,21.25,1.562,7.679,17.036,30.297,46.542
2025_07_PIT_CIN,CIN,PIT,Chase Brown,00-0038597,RB,anytime_td,0.348,0.0,0.0,0.0,1.0,1.0
2025_07_PIT_CIN,CIN,PIT,Drew Sample,00-0035631,TE,car,0.017,0.0,0.0,0.0,0.0,0.0
2025_07_PIT_CIN,CIN,PIT,Drew Sample,00-0035631,TE,rush_yds,0.042,0.0,0.0,0.0,0.0,0.0
2025_07_PIT_CIN,CIN,PIT,Drew Sample,00-0035631,TE,tgt,1.753,0.0,0.0,1.0,3.0,4.0
2025_07_PIT_CIN,CIN,PIT,Drew Sample,00-0035631,TE,rec,1.244,0.0,0.0,1.0,2.0,3.0
2025_07_PIT_CIN,CIN,PIT,Drew Sample,00-0035631,TE,rec_yds,10.403,0.0,0.0,5.917,16.088,27.993
2025_07_PIT_CIN,CIN,PIT,Drew Sample,00-0035631,TE,anytime_td,0.086,0.0,0.0,0.0,0.0,0.0
2025_07_PIT_CIN,CIN,PIT,Samaje Perine,00-0033526,RB,car,3.504,0.0,1.0,3.0,5.0,8.0
2025_07_PIT_CIN,CIN,PIT,Samaje Perine,00-0033526,RB,rush_yds,14.56,0.0,1.95,9.011,20.345,37.577
2025_07_PIT_CIN,CIN,PIT,Samaje Perine,00-0033526,RB,tgt,1.794,0.0,0.0,1.0,3.0,4.0
2025_07_PIT_CIN,CIN,PIT,Samaje Perine,00-0033526,RB,rec,1.383,0.0,0.0,1.0,2.0,3.0
2025_07_PIT_CIN,CIN,PIT,Samaje Perine,00-0033526,RB,rec_yds,8.87,0.0,0.0,4.637,13.082,24.352
2025_07_PIT_CIN,CIN,PIT,Samaje Perine,00-0033526,RB,anytime_td,0.076,0.0,0.0,0.0,0.0,0.0
2025_07_PIT_CIN,CIN,PIT,Mitchell Tinsley,00-0038839,WR,car,0.011,0.0,0.0,0.0,0.0,0.0
2025_07_PIT_CIN,CIN,PIT,Mitchell Tinsley,00-0038839,WR,rush_yds,0.071,0.0,0.0,0.0,0.0,0.0
2025_07_PIT_CIN,CIN,PIT,Mitchell Tinsley,00-0038839,WR,tgt,0.815,0.0,0.0,0.0,1.0,2.0
2025_07_PIT_CIN,CIN,PIT,Mitchell Tinsley,00-0038839,WR,rec,0.504,0.0,0.0,0.0,1.0,2.0
2025_07_PIT_CIN,CIN,PIT,Mitchell Tinsley,00-0038839,WR,rec_yds,5.679,0.0,0.0,0.0,7.196,19.742
2025_07_PIT_CIN,CIN,PIT,Mitchell Tinsley,00-0038839,WR,anytime_td,0.059,0.0,0.0,0.0,0.0,0.0
2025_07_PIT_CIN,CIN,PIT,Cam Grandy,00-0039631,TE,car,0.002,0.0,0.0,0.0,0.0,0.0
2025_07_PIT_CIN,CIN,PIT,Cam Grandy,00-0039631,TE,rush_yds,0.004,0.0,0.0,0.0,0.0,0.0
2025_07_PIT_CIN,CIN,PIT,Cam Grandy,00-0039631,TE,tgt,0.776,0.0,0.0,0.0,1.0,2.0
2025_07_PIT_CIN,CIN,PIT,Cam Grandy,00-0039631,TE,rec,0.576,0.0,0.0,0.0,1.0,2.0
2025_07_PIT_CIN,CIN,PIT,Cam Grandy,00-0039631,TE,rec_yds,5.31,0.0,0.0,0.0,7.123,18.46
2025_07_PIT_CIN,CIN,PIT,Cam Grandy,00-0039631,TE,anytime_td,0.015,0.0,0.0,0.0,0.0,0.0
2025_07_PIT_CIN,PIT,CIN,Aaron Rodgers,00-0023459,QB,att,29.446,20.0,25.0,30.0,35.0,40.0
2025_07_PIT_CIN,PIT,CIN,Aaron Rodgers,00-0023459,QB,cmp,20.353,13.0,17.0,21.0,24.0,28.0
2025_07_PIT_CIN,PIT,CIN,Aaron Rodgers,00-0023459,QB,pass_yds,228.048,131.949,178.441,226.417,280.811,331.803
2025_07_PIT_CIN,PIT,CIN,Aaron Rodgers,00-0023459,QB,pass_td,1.693,0.0,1.0,2.0,2.0,3.0
2025_07_PIT_CIN,PIT,CIN,Aaron Rodgers,00-0023459,QB,ints,0.595,0.0,0.0,0.0,1.0,2.0
2025_07_PIT_CIN,PIT,CIN,Aaron Rodgers,00-0023459,QB,car,2.173,0.0,1.0,2.0,3.0,4.0
2025_07_PIT_CIN,PIT,CIN,Aaron Rodgers,00-0023459,QB,rush_yds,7.537,-2.0,0.0,3.423,12.295,22.745
2025_07_PIT_CIN,PIT,CIN,Aaron Rodgers,00-0023459,QB,tgt,0.001,0.0,0.0,0.0,0.0,0.0
2025_07_PIT_CIN,PIT,CIN,Aaron Rodgers,00-0023459,QB,rec,0.0,0.0,0.0,0.0,0.0,0.0
2025_07_PIT_CIN,PIT,CIN,Aaron Rodgers,00-0023459,QB,rec_yds,0.003,0.0,0.0,0.0,0.0,0.0
2025_07_PIT_CIN,PIT,CIN,Aaron Rodgers,00-0023459,QB,anytime_td,0.004,0.0,0.0,0.0,0.0,0.0
2025_07_PIT_CIN,PIT,CIN,DK Metcalf,00-0035640,WR,car,0.009,0.0,0.0,0.0,0.0,0.0
2025_07_PIT_CIN,PIT,CIN,DK Metcalf,00-0035640,WR,rush_yds,0.053,0.0,0.0,0.0,0.0,0.0
2025_07_PIT_CIN,PIT,CIN,DK Metcalf,00-0035640,WR,tgt,7.29,3.0,5.0,7.0,9.0,12.0
2025_07_PIT_CIN,PIT,CIN,DK Metcalf,00-0035640,WR,rec,4.525,2.0,3.0,4.0,6.0,8.0
2025_07_PIT_CIN,PIT,CIN,DK Metcalf,00-0035640,WR,rec_yds,74.692,18.706,37.755,65.058,101.751,142.842
2025_07_PIT_CIN,PIT,CIN,DK Metcalf,00-0035640,WR,anytime_td,0.44,0.0,0.0,0.0,1.0,1.0
2025_07_PIT_CIN,PIT,CIN,Jonnu Smith,00-0033858,TE,car,0.256,0.0,0.0,0.0,0.0,1.0
2025_07_PIT_CIN,PIT,CIN,Jonnu Smith,00-0033858,TE,rush_yds,0.646,0.0,0.0,0.0,0.0,0.501
2025_07_PIT_CIN,PIT,CIN,Jonnu Smith,00-0033858,TE,tgt,5.393,2.0,3.0,5.0,7.0,9.0
2025_07_PIT_CIN,PIT,CIN,Jonnu Smith,00-0033858,TE,rec,4.06,1.0,2.0,4.0,6.0,7.0
2025_07_PIT_CIN,PIT,CIN,Jonnu Smith,00-0033858,TE,rec_yds,40.224,7.984,19.009,35.036,56.064,78.946
2025_07_PIT_CIN,PIT,CIN,Jonnu Smith,00-0033858,TE,anytime_td,0.244,0.0,0.0,0.0,0.0,1.0
2025_07_PIT_CIN,PIT,CIN,Jaylen Warren,00-0037228,RB,car,15.255,8.0,11.0,15.0,19.0,24.0
2025_07_PIT_CIN,PIT,CIN,Jaylen Warren,00-0037228,RB,rush_yds,66.05,23.519,37.886,58.967,86.355,118.097
2025_07_PIT_CIN,PIT,CIN,Jaylen Warren,00-0037228,RB,tgt,3.998,1.0,2.0,4.0,5.0,7.0
2025_07_PIT_CIN,PIT,CIN,Jaylen Warren,00-0037228,RB,rec,3.21,1.0,2.0,3.0,4.0,6.0
2025_07_PIT_CIN,PIT,CIN,Jaylen Warren,00-0037228,RB,rec_yds,29.209,0.0,9.587,23.687,42.674,64.141
2025_07_PIT_CIN,PIT,CIN,Jaylen Warren,00-0037228,RB,anytime_td,0.415,0.0,0.0,0.0,1.0,1.0
2025_07_PIT_CIN,PIT,CIN,Pat Freiermuth,00-0036894,TE,car,0.001,0.0,0.0,0.0,0.0,0.0
2025_07_PIT_CIN,PIT,CIN,Pat Freiermuth,00-0036894,TE,rush_yds,0.001,0.0,0.0,0.0,0.0,0.0
2025_07_PIT_CIN,PIT,CIN,Pat Freiermuth,00-0036894,TE,tgt,3.546,1.0,2.0,3.0,5.0,7.0
2025_07_PIT_CIN,PIT,CIN,Pat Freiermuth,00-0036894,TE,rec,2.582,0.0,1.0,2.0,4.0,5.0
2025_07_PIT_CIN,PIT,CIN,Pat Freiermuth,00-0036894,TE,rec_yds,29.316,0.0,9.353,23.659,42.885,64.991
2025_07_PIT_CIN,PIT,CIN,Pat Freiermuth,00-0036894,TE,anytime_td,0.148,0.0,0.0,0.0,0.0,1.0
2025_07_PIT_CIN,PIT,CIN,Darnell Washington,00-0038558,TE,car,0.002,0.0,0.0,0.0,0.0,0.0
2025_07_PIT_CIN,PIT,CIN,Darnell Washington,00-0038558,TE,rush_yds,0.004,0.0,0.0,0.0,0.0,0.0
2025_07_PIT_CIN,PIT,CIN,Darnell Washington,00-0038558,TE,tgt,2.471,0.0,1.0,2.0,4.0,5.0
2025_07_PIT_CIN,PIT,CIN,Darnell Washington,00-0038558,TE,rec,1.73,0.0,1.0,1.0,3.0,4.0
2025_07_PIT_CIN,PIT,CIN,Darnell Washington,00-0038558,TE,rec_yds,20.918,0.0,1.27,14.731,31.521,51.281
2025_07_PIT_CIN,PIT,CIN,Darnell Washington,00-0038558,TE,anytime_td,0.045,0.0,0.0,0.0,0.0,0.0
2025_07_PIT_CIN,PIT,CIN,Roman Wilson,00-0039739,WR,car,0.016,0.0,0.0,0.0,0.0,0.0
2025_07_PIT_CIN,PIT,CIN,Roman Wilson,00-0039739,WR,rush_yds,0.092,0.0,0.0,0.0,0.0,0.0
2025_07_PIT_CIN,PIT,CIN,Roman Wilson,00-0039739,WR,tgt,0.879,0.0,0.0,1.0,1.0,2.0
2025_07_PIT_CIN,PIT,CIN,Roman Wilson,00-0039739,WR,rec,0.561,0.0,0.0,0.0,1.0,2.0
2025_07_PIT_CIN,PIT,CIN,Roman Wilson,00-0039739,WR,rec_yds,7.686,0.0,0.0,0.0,9.914,25.715
2025_07_PIT_CIN,PIT,CIN,Roman Wilson,00-0039739,WR,anytime_td,0.016,0.0,0.0,0.0,0.0,0.0
2025_07_PIT_CIN,PIT,CIN,Kenny Gainwell,00-0036919,RB,car,9.3,3.0,5.0,9.0,12.0,16.0
2025_07_PIT_CIN,PIT,CIN,Kenny Gainwell,00-0036919,RB,rush_yds,42.603,8.742,19.111,35.753,58.601,84.307
2025_07_PIT_CIN,PIT,CIN,Kenny Gainwell,00-0036919,RB,tgt,4.639,1.0,3.0,4.0,6.0,8.0
2025_07_PIT_CIN,PIT,CIN,Kenny Gainwell,00-0036919,RB,rec,3.769,1.0,2.0,3.0,5.0,7.0
2025_07_PIT_CIN,PIT,CIN,Kenny Gainwell,00-0036919,RB,rec_yds,26.242,3.316,10.423,21.798,37.091,55.267
2025_07_PIT_CIN,PIT,CIN,Kenny Gainwell,00-0036919,RB,anytime_td,0.415,0.0,0.0,0.0,1.0,1.0
2025_07_PIT_CIN,PIT,CIN,Scott Miller,00-0035298,WR,car,0.012,0.0,0.0,0.0,0.0,0.0
2025_07_PIT_CIN,PIT,CIN,Scott Miller,00-0035298,WR,rush_yds,0.081,0.0,0.0,0.0,0.0,0.0
2025_07_PIT_CIN,PIT,CIN,Scott Miller,00-0035298,WR,tgt,0.617,0.0,0.0,0.0,1.0,2.0
2025_07_PIT_CIN,PIT,CIN,Scott Miller,00-0035298,WR,rec,0.377,0.0,0.0,0.0,1.0,1.0
2025_07_PIT_CIN,PIT,CIN,Scott Miller,00-0035298,WR,rec_yds,5.349,0.0,0.0,0.0,3.401,18.968
2025_07_PIT_CIN,PIT,CIN,Scott Miller,00-0035298,WR,anytime_td,0.012,0.0,0.0,0.0,0.0,0.0
2025_07_PIT_CIN,PIT,CIN,Ben Skowronek,00-0036862,WR,car,0.011,0.0,0.0,0.0,0.0,0.0
2025_07_PIT_CIN,PIT,CIN,Ben Skowronek,00-0036862,WR,rush_yds,0.051,0.0,0.0,0.0,0.0,0.0
2025_07_PIT_CIN,PIT,CIN,Ben Skowronek,00-0036862,WR,tgt,0.672,0.0,0.0,0.0,1.0,2.0
2025_07_PIT_CIN,PIT,CIN,Ben Skowronek,00-0036862,WR,rec,0.42,0.0,0.0,0.0,1.0,1.0
2025_07_PIT_CIN,PIT,CIN,Ben Skowronek,00-0036862,WR,rec_yds,5.983,0.0,0.0,0.0,6.687,21.013
2025_07_PIT_CIN,PIT,CIN,Ben Skowronek,00-0036862,WR,anytime_td,0.056,0.0,0.0,0.0,0.0,0.0
2025_07_PIT_CIN,PIT,CIN,Connor Heyward,00-0037304,RB,car,0.603,0.0,0.0,0.0,0.0,2.0
2025_07_PIT_CIN,PIT,CIN,Connor Heyward,00-0037304,RB,rush_yds,2.822,0.0,0.0,0.0,0.0,8.692
2025_07_PIT_CIN,PIT,CIN,Connor Heyward,00-0037304,RB,tgt,0.571,0.0,0.0,0.0,1.0,2.0
2025_07_PIT_CIN,PIT,CIN,Connor Heyward,00-0037304,RB,rec,0.45,0.0,0.0,0.0,1.0,2.0
2025_07_PIT_CIN,PIT,CIN,Connor Heyward,00-0037304,RB,rec_yds,3.63,0.0,0.0,0.0,2.411,13.348
2025_07_PIT_CIN,PIT,CIN,Connor Heyward,00-0037304,RB,anytime_td,0.091,0.0,0.0,0.0,0.0,0.0
2025_07_ATL_SF,SF,ATL,Mac Jones,00-0036972,QB,att,33.247,23.0,28.0,34.0,39.0,44.0
2025_07_ATL_SF,SF,ATL,Mac Jones,00-0036972,QB,cmp,22.12,14.0,18.0,23.0,26.0,30.0
2025_07_ATL_SF,SF,ATL,Mac Jones,00-0036972,QB,pass_yds,238.635,143.14,189.86,237.806,288.49,339.15
2025_07_ATL_SF,SF,ATL,Mac Jones,00-0036972,QB,pass_td,1.675,0.0,1.0,2.0,2.0,3.0
2025_07_ATL_SF,SF,ATL,Mac Jones,00-0036972,QB,ints,0.759,0.0,0.0,1.0,1.0,2.0
2025_07_ATL_SF,SF,ATL,Mac Jones,00-0036972,QB,car,3.708,1.0,2.0,3.0,5.0,7.0
2025_07_ATL_SF,SF,ATL,Mac Jones,00-0036972,QB,rush_yds,13.972,-1.0,1.749,9.787,21.139,34.94
2025_07_ATL_SF,SF,ATL,Mac Jones,00-0036972,QB,tgt,0.001,0.0,0.0,0.0,0.0,0.0
2025_07_ATL_SF,SF,ATL,Mac Jones,00-0036972,QB,rec,0.001,0.0,0.0,0.0,0.0,0.0
2025_07_ATL_SF,SF,ATL,Mac Jones,00-0036972,QB,rec_yds,0.011,0.0,0.0,0.0,0.0,0.0
2025_07_ATL_SF,SF,ATL,Mac Jones,00-0036972,QB,anytime_td,0.086,0.0,0.0,0.0,0.0,0.0
2025_07_ATL_SF,SF,ATL,Jauan Jennings,00-0036259,WR,car,0.013,0.0,0.0,0.0,0.0,0.0
2025_07_ATL_SF,SF,ATL,Jauan Jennings,00-0036259,WR,rush_yds,0.073,0.0,0.0,0.0,0.0,0.0
2025_07_ATL_SF,SF,ATL,Jauan Jennings,00-0036259,WR,tgt,5.35,2.0,3.0,5.0,7.0,9.0
2025_07_ATL_SF,SF,ATL,Jauan Jennings,00-0036259,WR,rec,3.145,1.0,2.0,3.0,4.0,6.0
2025_07_ATL_SF,SF,ATL,Jauan Jennings,00-0036259,WR,rec_yds,38.932,5.142,15.121,32.556,55.478,81.875
2025_07_ATL_SF,SF,ATL,Jauan Jennings,00-0036259,WR,anytime_td,0.209,0.0,0.0,0.0,0.0,1.0
2025_07_ATL_SF,SF,ATL,George Kittle,00-0033288,TE,car,0.002,0.0,0.0,0.0,0.0,0.0
2025_07_ATL_SF,SF,ATL,George Kittle,00-0033288,TE,rush_yds,0.009,0.0,0.0,0.0,0.0,0.0
2025_07_ATL_SF,SF,ATL,George Kittle,00-0033288,TE,tgt,4.566,1.0,3.0,4.0,6.0,8.0
2025_07_ATL_SF,SF,ATL,George Kittle,00-0033288,TE,rec,3.463,1.0,2.0,3.0,5.0,6.0
2025_07_ATL_SF,SF,ATL,George Kittle,00-0033288,TE,rec_yds,38.543,5.876,15.891,33.058,54.591,78.97
2025_07_ATL_SF,SF,ATL,George Kittle,00-0033288,TE,anytime_td,0.289,0.0,0.0,0.0,1.0,1.0
2025_07_ATL_SF,SF,ATL,Kendrick Bourne,00-0033307,WR,car,0.03,0.0,0.0,0.0,0.0,0.0
2025_07_ATL_SF,SF,ATL,Kendrick Bourne,00-0033307,WR,rush_yds,0.197,0.0,0.0,0.0,0.0,0.0
2025_07_ATL_SF,SF,ATL,Kendrick Bourne,00-0033307,WR,tgt,5.107,2.0,3.0,5.0,7.0,9.0
2025_07_ATL_SF,SF,ATL,Kendrick Bourne,00-0033307,WR,rec,3.35,1.0,2.0,3.0,5.0,6.0
2025_07_ATL_SF,SF,ATL,Kendrick Bourne,00-0033307,WR,rec_yds,47.296,6.155,19.209,40.309,66.998,98.995
2025_07_ATL_SF,SF,ATL,Kendrick Bourne,00-0033307,WR,anytime_td,0.1,0.0,0.0,0.0,0.0,1.0
2025_07_ATL_SF,SF,ATL,Christian McCaffrey,00-0033280,RB,car,15.236,8.0,11.0,15.0,19.0,23.0
2025_07_ATL_SF,SF,ATL,Christian McCaffrey,00-0033280,RB,rush_yds,61.304,21.418,35.612,55.123,80.424,107.73
2025_07_ATL_SF,SF,ATL,Christian McCaffrey,00-0033280,RB,tgt,7.257,3.0,5.0,7.0,9.0,12.0
2025_07_ATL_SF,SF,ATL,Christian McCaffrey,00-0033280,RB,rec,5.588,2.0,3.0,5.0,7.0,10.0
2025_07_ATL_SF,SF,ATL,Christian McCaffrey,00-0033280,RB,rec_yds,46.283,10.916,22.67,40.643,63.651,90.818
2025_07_ATL_SF,SF,ATL,Christian McCaffrey,00-0033280,RB,anytime_td,0.623,0.0,0.0,1.0,1.0,1.0
2025_07_ATL_SF,SF,ATL,Kyle Juszczyk,00-0029892,RB,car,0.42,0.0,0.0,0.0,0.0,1.0
2025_07_ATL_SF,SF,ATL,Kyle Juszczyk,00-0029892,RB,rush_yds,2.059,0.0,0.0,0.0,0.0,6.222
2025_07_ATL_SF,SF,ATL,Kyle Juszczyk,00-0029892,RB,tgt,1.641,0.0,0.0,1.0,2.0,4.0
2025_07_ATL_SF,SF,ATL,Kyle Juszczyk,00-0029892,RB,rec,1.29,0.0,0.0,1.0,2.0,3.0
2025_07_ATL_SF,SF,ATL,Kyle Juszczyk,00-0029892,RB,rec_yds,10.131,0.0,0.0,5.25,15.285,28.788
2025_07_ATL_SF,SF,ATL,Kyle Juszczyk,00-0029892,RB,anytime_td,0.142,0.0,0.0,0.0,0.0,1.0
2025_07_ATL_SF,SF,ATL,Demarcus Robinson,00-0032775,WR,car,0.012,0.0,0.0,0.0,0.0,0.0
2025_07_ATL_SF,SF,ATL,Demarcus Robinson,00-0032775,WR,rush_yds,0.089,0.0,0.0,0.0,0.0,0.0
2025_07_ATL_SF,SF,ATL,Demarcus Robinson,00-0032775,WR,tgt,3.178,1.0,1.0,3.0,4.0,6.0
2025_07_ATL_SF,SF,ATL,Demarcus Robinson,00-0032775,WR,rec,1.855,0.0,1.0,2.0,3.0,4.0
2025_07_ATL_SF,SF,ATL,Demarcus Robinson,00-0032775,WR,rec_yds,25.412,0.0,4.804,18.069,37.634,61.732
2025_07_ATL_SF,SF,ATL,Demarcus Robinson,00-0032775,WR,anytime_td,0.122,0.0,0.0,0.0,0.0,1.0
2025_07_ATL_SF,SF,ATL,Luke Farrell,00-0036887,TE,car,0.001,0.0,0.0,0.0,0.0,0.0
2025_07_ATL_SF,SF,ATL,Luke Farrell,00-0036887,TE,rush_yds,0.002,0.0,0.0,0.0,0.0,0.0
2025_07_ATL_SF,SF,ATL,Luke Farrell,00-0036887,TE,tgt,0.97,0.0,0.0,1.0,2.0,3.0
2025_07_ATL_SF,SF,ATL,Luke Farrell,00-0036887,TE,rec,0.689,0.0,0.0,0.0,1.0,2.0
2025_07_ATL_SF,SF,ATL,Luke Farrell,00-0036887,TE,rec_yds,6.795,0.0,0.0,0.0,9.845,22.102
2025_07_ATL_SF,SF,ATL,Luke Farrell,00-0036887,TE,anytime_td,0.069,0.0,0.0,0.0,0.0,0.0
2025_07_ATL_SF,SF,ATL,Brian Robinson,00-0037746,RB,car,4.848,1.0,2.0,4.0,7.0,10.0
2025_07_ATL_SF,SF,ATL,Brian Robinson,00-0037746,RB,rush_yds,22.36,0.0,5.18,15.504,31.605,53.533
2025_07_ATL_SF,SF,ATL,Brian Robinson,00-0037746,RB,tgt,0.927,0.0,0.0,1.0,1.0,3.0
2025_07_ATL_SF,SF,ATL,Brian Robinson,00-0037746,RB,rec,0.725,0.0,0.0,0.0,1.0,2.0
2025_07_ATL_SF,SF,ATL,Brian Robinson,00-0037746,RB,rec_yds,4.993,0.0,0.0,0.0,7.037,16.907
2025_07_ATL_SF,SF,ATL,Brian Robinson,00-0037746,RB,anytime_td,0.191,0.0,0.0,0.0,0.0,1.0
2025_07_ATL_SF,SF,ATL,Malik Turner,00-0034867,WR,car,0.017,0.0,0.0,0.0,0.0,0.0
2025_07_ATL_SF,SF,ATL,Malik Turner,00-0034867,WR,rush_yds,0.126,0.0,0.0,0.0,0.0,0.0
2025_07_ATL_SF,SF,ATL,Malik Turner,00-0034867,WR,tgt,0.552,0.0,0.0,0.0,1.0,2.0
2025_07_ATL_SF,SF,ATL,Malik Turner,00-0034867,WR,rec,0.337,0.0,0.0,0.0,0.0,1.0
2025_07_ATL_SF,SF,ATL,Malik Turner,00-0034867,WR,rec_yds,4.219,0.0,0.0,0.0,0.0,15.647
2025_07_ATL_SF,SF,ATL,Malik Turner,00-0034867,WR,anytime_td,0.014,0.0,0.0,0.0,0.0,0.0
2025_07_ATL_SF,SF,ATL,Jake Tonges,00-0037112,TE,car,0.001,0.0,0.0,0.0,0.0,0.0
2025_07_ATL_SF,SF,ATL,Jake Tonges,00-0037112,TE,rush_yds,0.004,0.0,0.0,0.0,0.0,0.0
2025_07_ATL_SF,SF,ATL,Jake Tonges,00-0037112,TE,tgt,3.827,1.0,2.0,3.0,5.0,7.0
2025_07_ATL_SF,SF,ATL,Jake Tonges,00-0037112,TE,rec,2.736,0.0,1.0,2.0,4.0,5.0
2025_07_ATL_SF,SF,ATL,Jake Tonges,00-0037112,TE,rec_yds,26.93,0.0,9.638,21.245,39.093,58.263
2025_07_ATL_SF,SF,ATL,Jake Tonges,00-0037112,TE,anytime_td,0.243,0.0,0.0,0.0,0.0,1.0
2025_07_ATL_SF,ATL,SF,Michael Penix Jr.,00-0039917,QB,att,30.348,21.0,26.0,31.0,36.0,41.0
2025_07_ATL_SF,ATL,SF,Michael Penix Jr.,00-0039917,QB,cmp,20.305,13.0,17.0,21.0,24.0,28.0
2025_07_ATL_SF,ATL,SF,Michael Penix Jr.,00-0039917,QB,pass_yds,222.087,132.363,174.74,220.491,270.513,318.103
2025_07_ATL_SF,ATL,SF,Michael Penix Jr.,00-0039917,QB,pass_td,1.261,0.0,0.0,1.0,2.0,3.0
2025_07_ATL_SF,ATL,SF,Michael Penix Jr.,00-0039917,QB,ints,0.593,0.0,0.0,0.0,1.0,2.0
2025_07_ATL_SF,ATL,SF,Michael Penix Jr.,00-0039917,QB,car,2.254,0.0,1.0,2.0,3.0,5.0
2025_07_ATL_SF,ATL,SF,Michael Penix Jr.,00-0039917,QB,rush_yds,9.777,-1.0,0.0,6.568,15.011,25.334
2025_07_ATL_SF,ATL,SF,Michael Penix Jr.,00-0039917,QB,tgt,0.001,0.0,0.0,0.0,0.0,0.0
2025_07_ATL_SF,ATL,SF,Michael Penix Jr.,00-0039917,QB,rec,0.0,0.0,0.0,0.0,0.0,0.0
2025_07_ATL_SF,ATL,SF,Michael Penix Jr.,00-0039917,QB,rec_yds,0.004,0.0,0.0,0.0,0.0,0.0
2025_07_ATL_SF,ATL,SF,Michael Penix Jr.,00-0039917,QB,anytime_td,0.132,0.0,0.0,0.0,0.0,1.0
2025_07_ATL_SF,ATL,SF,Drake London,00-0037238,WR,car,0.019,0.0,0.0,0.0,0.0,0.0
2025_07_ATL_SF,ATL,SF,Drake London,00-0037238,WR,rush_yds,0.1,0.0,0.0,0.0,0.0,0.0
2025_07_ATL_SF,ATL,SF,Drake London,00-0037238,WR,tgt,10.05,5.0,7.0,10.0,13.0,15.0
2025_07_ATL_SF,ATL,SF,Drake London,00-0037238,WR,rec,6.678,3.0,4.0,6.0,9.0,11.0
2025_07_ATL_SF,ATL,SF,Drake London,00-0037238,WR,rec_yds,82.287,28.555,49.057,76.477,109.421,143.551
2025_07_ATL_SF,ATL,SF,Drake London,00-0037238,WR,anytime_td,0.429,0.0,0.0,0.0,1.0,1.0
2025_07_ATL_SF,ATL,SF,Bijan Robinson,00-0038542,RB,car,16.467,9.0,12.0,16.0,21.0,25.0
2025_07_ATL_SF,ATL,SF,Bijan Robinson,00-0038542,RB,rush_yds,78.312,29.498,46.215,71.382,102.019,137.281
2025_07_ATL_SF,ATL,SF,Bijan Robinson,00-0038542,RB,tgt,5.408,2.0,3.0,5.0,7.0,9.0
2025_07_ATL_SF,ATL,SF,Bijan Robinson,00-0038542,RB,rec,4.393,1.0,3.0,4.0,6.0,8.0
2025_07_ATL_SF,ATL,SF,Bijan Robinson,00-0038542,RB,rec_yds,39.948,6.45,17.457,34.178,55.954,81.025
2025_07_ATL_SF,ATL,SF,Bijan Robinson,00-0038542,RB,anytime_td,0.514,0.0,0.0,1.0,1.0,1.0
2025_07_ATL_SF,ATL,SF,Darnell Mooney,00-0036309,WR,car,0.01,0.0,0.0,0.0,0.0,0.0
2025_07_ATL_SF,ATL,SF,Darnell Mooney,00-0036309,WR,rush_yds,0.058,0.0,0.0,0.0,0.0,0.0
2025_07_ATL_SF,ATL,SF,Darnell Mooney,00-0036309,WR,tgt,5.376,2.0,3.0,5.0,7.0,9.0
2025_07_ATL_SF,ATL,SF,Darnell Mooney,00-0036309,WR,rec,3.311,1.0,2.0,3.0,5.0,6.0
2025_07_ATL_SF,ATL,SF,Darnell Mooney,00-0036309,WR,rec_yds,40.681,4.754,16.085,34.323,57.837,83.407
2025_07_ATL_SF,ATL,SF,Darnell Mooney,00-0036309,WR,anytime_td,0.169,0.0,0.0,0.0,0.0,1.0
2025_07_ATL_SF,ATL,SF,Kyle Pitts,00-0036970,TE,car,0.002,0.0,0.0,0.0,0.0,0.0
2025_07_ATL_SF,ATL,SF,Kyle Pitts,00-0036970,TE,rush_yds,0.004,0.0,0.0,0.0,0.0,0.0
2025_07_ATL_SF,ATL,SF,Kyle Pitts,00-0036970,TE,tgt,4.773,2.0,3.0,4.0,6.0,8.0
2025_07_ATL_SF,ATL,SF,Kyle Pitts,00-0036970,TE,rec,3.693,1.0,2.0,3.0,5.0,7.0
2025_07_ATL_SF,ATL,SF,Kyle Pitts,00-0036970,TE,rec_yds,35.302,5.689,15.344,30.481,49.959,70.547
2025_07_ATL_SF,ATL,SF,Kyle Pitts,00-0036970,TE,anytime_td,0.24,0.0,0.0,0.0,0.0,1.0
2025_07_ATL_SF,ATL,SF,David Sills,00-0035359,WR,car,0.01,0.0,0.0,0.0,0.0,0.0
2025_07_ATL_SF,ATL,SF,David Sills,00-0035359,WR,rush_yds,0.048,0.0,0.0,0.0,0.0,0.0
2025_07_ATL_SF,ATL,SF,David Sills,00-0035359,WR,tgt,0.559,0.0,0.0,0.0,1.0,2.0
2025_07_ATL_SF,ATL,SF,David Sills,00-0035359,WR,rec,0.361,0.0,0.0,0.0,1.0,1.0
2025_07_ATL_SF,ATL,SF,David Sills,00-0035359,WR,rec_yds,4.232,0.0,0.0,0.0,1.736,15.423
2025_07_ATL_SF,ATL,SF,David Sills,00-0035359,WR,anytime_td,0.007,0.0,0.0,0.0,0.0,0.0
2025_07_ATL_SF,ATL,SF,Tyler Allgeier,00-0037263,RB,car,9.49,3.0,6.0,9.0,13.0,17.0
2025_07_ATL_SF,ATL,SF,Tyler Allgeier,00-0037263,RB,rush_yds,36.821,7.774,16.559,31.009,50.135,73.162
2025_07_ATL_SF,ATL,SF,Tyler Allgeier,00-0037263,RB,tgt,0.825,0.0,0.0,0.0,1.0,2.0
2025_07_ATL_SF,ATL,SF,Tyler Allgeier,00-0037263,RB,rec,0.672,0.0,0.0,0.0,1.0,2.0
2025_07_ATL_SF,ATL,SF,Tyler Allgeier,00-0037263,RB,rec_yds,4.387,0.0,0.0,0.0,6.123,14.612
2025_07_ATL_SF,ATL,SF,Tyler Allgeier,00-0037263,RB,anytime_td,0.336,0.0,0.0,0.0,1.0,1.0
2025_07_ATL_SF,ATL,SF,Casey Washington,00-0039394,WR,car,0.011,0.0,0.0,0.0,0.0,0.0
2025_07_ATL_SF,ATL,SF,Casey Washington,00-0039394,WR,rush_yds,0.07,0.0,0.0,0.0,0.0,0.0
2025_07_ATL_SF,ATL,SF,Casey Washington,00-0039394,WR,tgt,2.835,0.0,1.0,2.0,4.0,6.0
2025_07_ATL_SF,ATL,SF,Casey Washington,00-0039394,WR,rec,1.713,0.0,1.0,1.0,3.0,4.0
2025_07_ATL_SF,ATL,SF,Casey Washington,00-0039394,WR,rec_yds,20.751,0.0,2.331,14.074,30.848,51.605
2025_07_ATL_SF,ATL,SF,Casey Washington,00-0039394,WR,anytime_td,0.057,0.0,0.0,0.0,0.0,0.0
2025_07_ATL_SF,ATL,SF,KhaDarel Hodge,00-0034854,WR,car,0.01,0.0,0.0,0.0,0.0,0.0
2025_07_ATL_SF,ATL,SF,KhaDarel Hodge,00-0034854,WR,rush_yds,0.055,0.0,0.0,0.0,0.0,0.0
2025_07_ATL_SF,ATL,SF,KhaDarel Hodge,00-0034854,WR,tgt,0.6,0.0,0.0,0.0,1.0,2.0
2025_07_ATL_SF,ATL,SF,KhaDarel Hodge,00-0034854,WR,rec,0.39,0.0,0.0,0.0,1.0,1.0
2025_07_ATL_SF,ATL,SF,KhaDarel Hodge,00-0034854,WR,rec_yds,4.845,0.0,0.0,0.0,3.986,17.089
2025_07_ATL_SF,ATL,SF,KhaDarel Hodge,00-0034854,WR,anytime_td,0.027,0.0,0.0,0.0,0.0,0.0
2025_07_CAR_NYJ,NYJ,CAR,Josh Reynolds,00-0033943,WR,car,0.012,0.0,0.0,0.0,0.0,0.0
2025_07_CAR_NYJ,NYJ,CAR,Josh Reynolds,00-0033943,WR,rush_yds,0.073,0.0,0.0,0.0,0.0,0.0
2025_07_CAR_NYJ,NYJ,CAR,Josh Reynolds,00-0033943,WR,tgt,3.809,1.0,2.0,3.0,5.0,7.0
2025_07_CAR_NYJ,NYJ,CAR,Josh Reynolds,00-0033943,WR,rec,2.408,0.0,1.0,2.0,3.0,5.0
2025_07_CAR_NYJ,NYJ,CAR,Josh Reynolds,00-0033943,WR,rec_yds,31.032,0.0,9.704,24.728,46.131,68.696
2025_07_CAR_NYJ,NYJ,CAR,Josh Reynolds,00-0033943,WR,anytime_td,0.093,0.0,0.0,0.0,0.0,0.0
2025_07_CAR_NYJ,NYJ,CAR,Mason Taylor,00-0040736,TE,car,0.004,0.0,0.0,0.0,0.0,0.0
2025_07_CAR_NYJ,NYJ,CAR,Mason Taylor,00-0040736,TE,rush_yds,0.009,0.0,0.0,0.0,0.0,0.0
2025_07_CAR_NYJ,NYJ,CAR,Mason Taylor,00-0040736,TE,tgt,6.9,3.0,5.0,7.0,9.0,11.0
2025_07_CAR_NYJ,NYJ,CAR,Mason Taylor,00-0040736,TE,rec,4.889,2.0,3.0,5.0,6.0,8.0
2025_07_CAR_NYJ,NYJ,CAR,Mason Taylor,00-0040736,TE,rec_yds,50.564,14.492,27.456,45.489,69.018,91.999
2025_07_CAR_NYJ,NYJ,CAR,Mason Taylor,00-0040736,TE,anytime_td,0.085,0.0,0.0,0.0,0.0,0.0
2025_07_CAR_NYJ,NYJ,CAR,Arian Smith,00-0040582,WR,car,0.146,0.0,0.0,0.0,0.0,0.0
2025_07_CAR_NYJ,NYJ,CAR,Arian Smith,00-0040582,WR,rush_yds,0.861,0.0,0.0,0.0,0.0,0.0
2025_07_CAR_NYJ,NYJ,CAR,Arian Smith,00-0040582,WR,tgt,1.577,0.0,0.0,1.0,2.0,4.0
2025_07_CAR_NYJ,NYJ,CAR,Arian Smith,00-0040582,WR,rec,0.981,0.0,0.0,1.0,2.0,3.0
2025_07_CAR_NYJ,NYJ,CAR,Arian Smith,00-0040582,WR,rec_yds,12.945,0.0,0.0,5.436,19.833,37.633
2025_07_CAR_NYJ,NYJ,CAR,Arian Smith,00-0040582,WR,anytime_td,0.023,0.0,0.0,0.0,0.0,0.0
2025_07_CAR_NYJ,NYJ,CAR,Allen Lazard,00-0034521,WR,car,0.014,0.0,0.0,0.0,0.0,0.0
2025_07_CAR_NYJ,NYJ,CAR,Allen Lazard,00-0034521,WR,rush_yds,0.085,0.0,0.0,0.0,0.0,0.0
2025_07_CAR_NYJ,NYJ,CAR,Allen Lazard,00-0034521,WR,tgt,2.929,1.0,1.0,3.0,4.0,6.0
2025_07_CAR_NYJ,NYJ,CAR,Allen Lazard,00-0034521,WR,rec,1.826,0.0,1.0,2.0,3.0,4.0
2025_07_CAR_NYJ,NYJ,CAR,Allen Lazard,00-0034521,WR,rec_yds,23.609,0.0,3.952,16.679,35.414,57.149
2025_07_CAR_NYJ,NYJ,CAR,Allen Lazard,00-0034521,WR,anytime_td,0.152,0.0,0.0,0.0,0.0,1.0
2025_07_CAR_NYJ,NYJ,CAR,Breece Hall,00-0038120,RB,car,16.011,8.0,12.0,15.0,20.0,25.0
2025_07_CAR_NYJ,NYJ,CAR,Breece Hall,00-0038120,RB,rush_yds,69.285,25.636,40.327,61.689,90.32,123.117
2025_07_CAR_NYJ,NYJ,CAR,Breece Hall,00-0038120,RB,tgt,5.27,2.0,3.0,5.0,7.0,9.0
2025_07_CAR_NYJ,NYJ,CAR,Breece Hall,00-0038120,RB,rec,3.967,1.0,2.0,4.0,5.0,7.0
2025_07_CAR_NYJ,NYJ,CAR,Breece Hall,00-0038120,RB,rec_yds,32.604,4.808,13.82,27.813,46.096,66.169
2025_07_CAR_NYJ,NYJ,CAR,Breece Hall,00-0038120,RB,anytime_td,0.281,0.0,0.0,0.0,1.0,1.0
2025_07_CAR_NYJ,NYJ,CAR,Isaiah Davis,00-0039798,RB,car,2.238,0.0,0.0,1.0,3.0,6.0
2025_07_CAR_NYJ,NYJ,CAR,Isaiah Davis,00-0039798,RB,rush_yds,9.816,0.0,0.0,3.814,13.455,28.03
2025_07_CAR_NYJ,NYJ,CAR,Isaiah Davis,00-0039798,RB,tgt,2.335,0.0,1.0,2.0,3.0,5.0
2025_07_CAR_NYJ,NYJ,CAR,Isaiah Davis,00-0039798,RB,rec,1.769,0.0,1.0,1.0,3.0,4.0
2025_07_CAR_NYJ,NYJ,CAR,Isaiah Davis,00-0039798,RB,rec_yds,14.1,0.0,0.0,9.119,21.2,36.403
2025_07_CAR_NYJ,NYJ,CAR,Isaiah Davis,00-0039798,RB,anytime_td,0.082,0.0,0.0,0.0,0.0,0.0
2025_07_CAR_NYJ,NYJ,CAR,Justin Fields,00-0036945,QB,att,27.632,18.0,23.0,28.0,33.0,38.0
2025_07_CAR_NYJ,NYJ,CAR,Justin Fields,00-0036945,QB,cmp,18.402,11.9,15.0,19.0,22.0,26.0
2025_07_CAR_NYJ,NYJ,CAR,Justin Fields,00-0036945,QB,pass_yds,193.168,112.312,150.131,192.049,237.864,281.334
2025_07_CAR_NYJ,NYJ,CAR,Justin Fields,00-0036945,QB,pass_td,1.333,0.0,1.0,1.0,2.0,3.0
2025_07_CAR_NYJ,NYJ,CAR,Justin Fields,00-0036945,QB,ints,0.526,0.0,0.0,0.0,1.0,2.0
2025_07_CAR_NYJ,NYJ,CAR,Justin Fields,00-0036945,QB,car,7.126,3.0,4.0,7.0,9.0,12.0
2025_07_CAR_NYJ,NYJ,CAR,Justin Fields,00-0036945,QB,rush_yds,34.882,6.273,16.265,30.308,49.229,68.811
2025_07_CAR_NYJ,NYJ,CAR,Justin Fields,00-0036945,QB,tgt,0.001,0.0,0.0,0.0,0.0,0.0
2025_07_CAR_NYJ,NYJ,CAR,Justin Fields,00-0036945,QB,rec,0.001,0.0,0.0,0.0,0.0,0.0
2025_07_CAR_NYJ,NYJ,CAR,Justin Fields,00-0036945,QB,rec_yds,0.004,0.0,0.0,0.0,0.0,0.0
2025_07_CAR_NYJ,NYJ,CAR,Justin Fields,00-0036945,QB,anytime_td,0.286,0.0,0.0,0.0,1.0,1.0
2025_07_CAR_NYJ,NYJ,CAR,Jeremy Ruckert,00-0037805,TE,car,0.004,0.0,0.0,0.0,0.0,0.0
2025_07_CAR_NYJ,NYJ,CAR,Jeremy Ruckert,00-0037805,TE,rush_yds,0.017,0.0,0.0,0.0,0.0,0.0
2025_07_CAR_NYJ,NYJ,CAR,Jeremy Ruckert,00-0037805,TE,tgt,1.905,0.0,1.0,2.0,3.0,4.0
2025_07_CAR_NYJ,NYJ,CAR,Jeremy Ruckert,00-0037805,TE,rec,1.401,0.0,0.0,1.0,2.0,3.0
2025_07_CAR_NYJ,NYJ,CAR,Jeremy Ruckert,00-0037805,TE,rec_yds,14.581,0.0,0.0,9.492,22.316,37.794
2025_07_CAR_NYJ,NYJ,CAR,Jeremy Ruckert,00-0037805,TE,anytime_td,0.084,0.0,0.0,0.0,0.0,0.0
2025_07_CAR_NYJ,NYJ,CAR,Tyler Johnson,00-0036427,WR,car,0.008,0.0,0.0,0.0,0.0,0.0
2025_07_CAR_NYJ,NYJ,CAR,Tyler Johnson,00-0036427,WR,rush_yds,0.044,0.0,0.0,0.0,0.0,0.0
2025_07_CAR_NYJ,NYJ,CAR,Tyler Johnson,00-0036427,WR,tgt,2.185,0.0,1.0,2.0,3.0,5.0
2025_07_CAR_NYJ,NYJ,CAR,Tyler Johnson,00-0036427,WR,rec,1.335,0.0,0.0,1.0,2.0,3.0
2025_07_CAR_NYJ,NYJ,CAR,Tyler Johnson,00-0036427,WR,rec_yds,18.28,0.0,0.0,11.185,27.53,48.726
2025_07_CAR_NYJ,NYJ,CAR,Tyler Johnson,00-0036427,WR,anytime_td,0.052,0.0,0.0,0.0,0.0,0.0
2025_07_CAR_NYJ,NYJ,CAR,Andrew Beck,00-0034959,RB,car,0.333,0.0,0.0,0.0,0.0,1.0
2025_07_CAR_NYJ,NYJ,CAR,Andrew Beck,00-0034959,RB,rush_yds,1.427,0.0,0.0,0.0,0.0,3.859
2025_07_CAR_NYJ,NYJ,CAR,Andrew Beck,00-0034959,RB,tgt,0.931,0.0,0.0,1.0,1.0,2.0
2025_07_CAR_NYJ,NYJ,CAR,Andrew Beck,00-0034959,RB,rec,0.704,0.0,0.0,0.0,1.0,2.0
2025_07_CAR_NYJ,NYJ,CAR,Andrew Beck,00-0034959,RB,rec_yds,5.458,0.0,0.0,0.0,7.392,17.464
2025_07_CAR_NYJ,NYJ,CAR,Andrew Beck,00-0034959,RB,anytime_td,0.087,0.0,0.0,0.0,0.0,0.0
2025_07_CAR_NYJ,NYJ,CAR,Kene Nwangwu,00-0036842,RB,car,1.825,0.0,0.0,1.0,3.0,5.0
2025_07_CAR_NYJ,NYJ,CAR,Kene Nwangwu,00-0036842,RB,rush_yds,7.728,0.0,0.0,1.912,10.342,23.168
2025_07_CAR_NYJ,NYJ,CAR,Kene Nwangwu,00-0036842,RB,tgt,0.442,0.0,0.0,0.0,1.0,1.0
2025_07_CAR_NYJ,NYJ,CAR,Kene Nwangwu,00-0036842,RB,rec,0.345,0.0,0.0,0.0,0.0,1.0
2025_07_CAR_NYJ,NYJ,CAR,Kene Nwangwu,00-0036842,RB,rec_yds,2.688,0.0,0.0,0.0,0.0,9.767
2025_07_CAR_NYJ,NYJ,CAR,Kene Nwangwu,00-0036842,RB,anytime_td,0.046,0.0,0.0,0.0,0.0,0.0
2025_07_CAR_NYJ,CAR,NYJ,Tetairoa McMillan,00-0040124,WR,car,0.005,0.0,0.0,0.0,0.0,0.0
2025_07_CAR_NYJ,CAR,NYJ,Tetairoa McMillan,00-0040124,WR,rush_yds,0.026,0.0,0.0,0.0,0.0,0.0
2025_07_CAR_NYJ,CAR,NYJ,Tetairoa McMillan,00-0040124,WR,tgt,6.262,3.0,4.0,6.0,8.0,10.0
2025_07_CAR_NYJ,CAR,NYJ,Tetairoa McMillan,00-0040124,WR,rec,3.727,1.0,2.0,4.0,5.0,7.0
2025_07_CAR_NYJ,CAR,NYJ,Tetairoa McMillan,00-0040124,WR,rec_yds,45.913,8.479,20.994,40.367,64.447,90.318
2025_07_CAR_NYJ,CAR,NYJ,Tetairoa McMillan,00-0040124,WR,anytime_td,0.216,0.0,0.0,0.0,0.0,1.0
2025_07_CAR_NYJ,CAR,NYJ,Xavier Legette,00-0039342,WR,car,0.186,0.0,0.0,0.0,0.0,0.0
2025_07_CAR_NYJ,CAR,NYJ,Xavier Legette,00-0039342,WR,rush_yds,0.934,0.0,0.0,0.0,0.0,0.0
2025_07_CAR_NYJ,CAR,NYJ,Xavier Legette,00-0039342,WR,tgt,3.993,1.0,2.0,4.0,5.0,7.0
2025_07_CAR_NYJ,CAR,NYJ,Xavier Legette,00-0039342,WR,rec,2.283,0.0,1.0,2.0,3.0,5.0
2025_07_CAR_NYJ,CAR,NYJ,Xavier Legette,00-0039342,WR,rec_yds,24.849,0.0,6.754,18.76,36.775,56.921
2025_07_CAR_NYJ,CAR,NYJ,Xavier Legette,00-0039342,WR,anytime_td,0.139,0.0,0.0,0.0,0.0,1.0
2025_07_CAR_NYJ,CAR,NYJ,Bryce Young,00-0039150,QB,att,29.822,20.0,25.0,30.0,36.0,40.0
2025_07_CAR_NYJ,CAR,NYJ,Bryce Young,00-0039150,QB,cmp,19.102,12.0,16.0,19.0,23.0,27.0
2025_07_CAR_NYJ,CAR,NYJ,Bryce Young,00-0039150,QB,pass_yds,197.123,115.547,154.618,196.433,241.692,284.484
2025_07_CAR_NYJ,CAR,NYJ,Bryce Young,00-0039150,QB,pass_td,1.177,0.0,0.0,1.0,2.0,3.0
2025_07_CAR_NYJ,CAR,NYJ,Bryce Young,00-0039150,QB,ints,0.598,0.0,0.0,0.0,1.0,2.0
2025_07_CAR_NYJ,CAR,NYJ,Bryce Young,00-0039150,QB,car,2.529,0.0,1.0,2.0,4.0,5.0
2025_07_CAR_NYJ,CAR,NYJ,Bryce Young,00-0039150,QB,rush_yds,12.651,-1.0,0.965,9.572,19.294,31.835
2025_07_CAR_NYJ,CAR,NYJ,Bryce Young,00-0039150,QB,tgt,0.001,0.0,0.0,0.0,0.0,0.0
2025_07_CAR_NYJ,CAR,NYJ,Bryce Young,00-0039150,QB,rec,0.001,0.0,0.0,0.0,0.0,0.0
2025_07_CAR_NYJ,CAR,NYJ,Bryce Young,00-0039150,QB,rec_yds,0.004,0.0,0.0,0.0,0.0,0.0
2025_07_CAR_NYJ,CAR,NYJ,Bryce Young,00-0039150,QB,anytime_td,0.131,0.0,0.0,0.0,0.0,1.0
2025_07_CAR_NYJ,CAR,NYJ,Tommy Tremble,00-0037005,TE,car,0.005,0.0,0.0,0.0,0.0,0.0
2025_07_CAR_NYJ,CAR,NYJ,Tommy Tremble,00-0037005,TE,rush_yds,0.006,0.0,0.0,0.0,0.0,0.0
2025_07_CAR_NYJ,CAR,NYJ,Tommy Tremble,00-0037005,TE,tgt,2.88,0.0,1.0,2.0,4.0,6.0
2025_07_CAR_NYJ,CAR,NYJ,Tommy Tremble,00-0037005,TE,rec,2.081,0.0,1.0,2.0,3.0,4.0
2025_07_CAR_NYJ,CAR,NYJ,Tommy Tremble,00-0037005,TE,rec_yds,19.131,0.0,4.547,14.406,28.304,45.026
2025_07_CAR_NYJ,CAR,NYJ,Tommy Tremble,00-0037005,TE,anytime_td,0.112,0.0,0.0,0.0,0.0,1.0
2025_07_CAR_NYJ,CAR,NYJ,Chuba Hubbard,00-0036555,RB,car,11.155,4.0,7.0,10.0,15.0,19.0
2025_07_CAR_NYJ,CAR,NYJ,Chuba Hubbard,00-0036555,RB,rush_yds,43.593,10.715,21.269,37.449,60.054,83.329
2025_07_CAR_NYJ,CAR,NYJ,Chuba Hubbard,00-0036555,RB,tgt,3.001,1.0,1.0,3.0,4.0,6.0
2025_07_CAR_NYJ,CAR,NYJ,Chuba Hubbard,00-0036555,RB,rec,2.327,0.0,1.0,2.0,3.0,5.0
2025_07_CAR_NYJ,CAR,NYJ,Chuba Hubbard,00-0036555,RB,rec_yds,15.513,0.0,3.409,11.523,22.934,36.329
2025_07_CAR_NYJ,CAR,NYJ,Chuba Hubbard,00-0036555,RB,anytime_td,0.341,0.0,0.0,0.0,1.0,1.0
2025_07_CAR_NYJ,CAR,NYJ,Rico Dowdle,00-0036139,RB,car,10.582,4.0,6.0,10.0,14.0,18.0
2025_07_CAR_NYJ,CAR,NYJ,Rico Dowdle,00-0036139,RB,rush_yds,48.443,11.705,22.785,40.728,65.774,94.617
2025_07_CAR_NYJ,CAR,NYJ,Rico Dowdle,00-0036139,RB,tgt,2.199,0.0,1.0,2.0,3.0,5.0
2025_07_CAR_NYJ,CAR,NYJ,Rico Dowdle,00-0036139,RB,rec,1.708,0.0,1.0,1.0,3.0,4.0
2025_07_CAR_NYJ,CAR,NYJ,Rico Dowdle,00-0036139,RB,rec_yds,13.003,0.0,0.0,8.103,19.642,33.844
2025_07_CAR_NYJ,CAR,NYJ,Rico Dowdle,00-0036139,RB,anytime_td,0.321,0.0,0.0,0.0,1.0,1.0
2025_07_CAR_NYJ,CAR,NYJ,Mitchell Evans,00-0040187,TE,car,0.003,0.0,0.0,0.0,0.0,0.0
2025_07_CAR_NYJ,CAR,NYJ,Mitchell Evans,00-0040187,TE,rush_yds,0.004,0.0,0.0,0.0,0.0,0.0
2025_07_CAR_NYJ,CAR,NYJ,Mitchell Evans,00-0040187,TE,tgt,1.219,0.0,0.0,1.0,2.0,3.0
2025_07_CAR_NYJ,CAR,NYJ,Mitchell Evans,00-0040187,TE,rec,0.889,0.0,0.0,1.0,1.0,2.0
2025_07_CAR_NYJ,CAR,NYJ,Mitchell Evans,00-0040187,TE,rec_yds,8.586,0.0,0.0,2.109,12.961,25.373
2025_07_CAR_NYJ,CAR,NYJ,Mitchell Evans,00-0040187,TE,anytime_td,0.119,0.0,0.0,0.0,0.0,1.0
2025_07_CAR_NYJ,CAR,NYJ,Ja'Tavion Sanders,00-0039356,TE,car,0.003,0.0,0.0,0.0,0.0,0.0
2025_07_CAR_NYJ,CAR,NYJ,Ja'Tavion Sanders,00-0039356,TE,rush_yds,0.006,0.0,0.0,0.0,0.0,0.0
2025_07_CAR_NYJ,CAR,NYJ,Ja'Tavion Sanders,00-0039356,TE,tgt,3.043,1.0,1.0,3.0,4.0,6.0
2025_07_CAR_NYJ,CAR,NYJ,Ja'Tavion Sanders,00-0039356,TE,rec,2.206,0.0,1.0,2.0,3.0,5.0
2025_07_CAR_NYJ,CAR,NYJ,Ja'Tavion Sanders,00-0039356,TE,rec_yds,20.941,0.0,5.536,15.754,30.784,48.695
2025_07_CAR_NYJ,CAR,NYJ,Ja'Tavion Sanders,00-0039356,TE,anytime_td,0.06,0.0,0.0,0.0,0.0,0.0
2025_07_CAR_NYJ,CAR,NYJ,Jalen Coker,00-0039491,WR,car,0.019,0.0,0.0,0.0,0.0,0.0
2025_07_CAR_NYJ,CAR,NYJ,Jalen Coker,00-0039491,WR,rush_yds,0.102,0.0,0.0,0.0,0.0,0.0
2025_07_CAR_NYJ,CAR,NYJ,Jalen Coker,00-0039491,WR,tgt,3.787,1.0,2.0,3.0,5.0,7.0
2025_07_CAR_NYJ,CAR,NYJ,Jalen Coker,00-0039491,WR,rec,2.429,0.0,1.0,2.0,3.0,5.0
2025_07_CAR_NYJ,CAR,NYJ,Jalen Coker,00-0039491,WR,rec_yds,30.351,0.0,9.106,23.757,44.671,67.62
2025_07_CAR_NYJ,CAR,NYJ,Jalen Coker,00-0039491,WR,anytime_td,0.136,0.0,0.0,0.0,0.0,1.0
2025_07_CAR_NYJ,CAR,NYJ,Brycen Tremayne,00-0038840,WR,car,0.01,0.0,0.0,0.0,0.0,0.0
2025_07_CAR_NYJ,CAR,NYJ,Brycen Tremayne,00-0038840,WR,rush_yds,0.045,0.0,0.0,0.0,0.0,0.0
2025_07_CAR_NYJ,CAR,NYJ,Brycen Tremayne,00-0038840,WR,tgt,1.556,0.0,0.0,1.0,2.0,4.0
2025_07_CAR_NYJ,CAR,NYJ,Brycen Tremayne,00-0038840,WR,rec,1.008,0.0,0.0,1.0,2.0,3.0
2025_07_CAR_NYJ,CAR,NYJ,Brycen Tremayne,00-0038840,WR,rec_yds,11.973,0.0,0.0,5.528,17.921,34.717
2025_07_CAR_NYJ,CAR,NYJ,Brycen Tremayne,00-0038840,WR,anytime_td,0.021,0.0,0.0,0.0,0.0,0.0
2025_07_CAR_NYJ,CAR,NYJ,Jimmy Horn Jr.,00-0040218,WR,car,0.733,0.0,0.0,0.0,1.0,2.0
2025_07_CAR_NYJ,CAR,NYJ,Jimmy Horn Jr.,00-0040218,WR,rush_yds,3.719,0.0,0.0,0.0,1.719,13.229
2025_07_CAR_NYJ,CAR,NYJ,Jimmy Horn Jr.,00-0040218,WR,tgt,2.276,0.0,1.0,2.0,3.0,5.0
2025_07_CAR_NYJ,CAR,NYJ,Jimmy Horn Jr.,00-0040218,WR,rec,1.463,0.0,0.0,1.0,2.0,3.0
2025_07_CAR_NYJ,CAR,NYJ,Jimmy Horn Jr.,00-0040218,WR,rec_yds,18.126,0.0,0.0,11.448,28.153,47.1
2025_07_CAR_NYJ,CAR,NYJ,Jimmy Horn Jr.,00-0040218,WR,anytime_td,0.052,0.0,0.0,0.0,0.0,0.0
2025_07_CAR_NYJ,CAR,NYJ,Trevor Etienne,00-0040644,RB,car,2.032,0.0,0.0,1.0,3.0,5.0
2025_07_CAR_NYJ,CAR,NYJ,Trevor Etienne,00-0040644,RB,rush_yds,8.083,0.0,0.0,2.768,11.266,23.862
2025_07_CAR_NYJ,CAR,NYJ,Trevor Etienne,00-0040644,RB,tgt,0.326,0.0,0.0,0.0,0.0,1.0
2025_07_CAR_NYJ,CAR,NYJ,Trevor Etienne,00-0040644,RB,rec,0.248,0.0,0.0,0.0,0.0,1.0
2025_07_CAR_NYJ,CAR,NYJ,Trevor Etienne,00-0040644,RB,rec_yds,1.751,0.0,0.0,0.0,0.0,6.386
2025_07_CAR_NYJ,CAR,NYJ,Trevor Etienne,00-0040644,RB,anytime_td,0.052,0.0,0.0,0.0,0.0,0.0
2025_07_GB_ARI,ARI,GB,Jacoby Brissett,00-0033119,QB,att,33.504,23.0,29.0,34.0,39.0,44.0
2025_07_GB_ARI,ARI,GB,Jacoby Brissett,00-0033119,QB,cmp,22.149,15.0,19.0,22.0,26.0,30.0
2025_07_GB_ARI,ARI,GB,Jacoby Brissett,00-0033119,QB,pass_yds,217.141,132.063,173.783,216.137,261.927,309.216
2025_07_GB_ARI,ARI,GB,Jacoby Brissett,00-0033119,QB,pass_td,1.155,0.0,0.0,1.0,2.0,2.0
2025_07_GB_ARI,ARI,GB,Jacoby Brissett,00-0033119,QB,ints,0.757,0.0,0.0,1.0,1.0,2.0
2025_07_GB_ARI,ARI,GB,Jacoby Brissett,00-0033119,QB,car,2.793,0.0,1.0,2.0,4.0,6.0
2025_07_GB_ARI,ARI,GB,Jacoby Brissett,00-0033119,QB,rush_yds,12.968,0.0,1.01,9.094,19.199,32.85
2025_07_GB_ARI,ARI,GB,Jacoby Brissett,00-0033119,QB,tgt,0.001,0.0,0.0,0.0,0.0,0.0
2025_07_GB_ARI,ARI,GB,Jacoby Brissett,00-0033119,QB,rec,0.001,0.0,0.0,0.0,0.0,0.0
2025_07_GB_ARI,ARI,GB,Jacoby Brissett,00-0033119,QB,rec_yds,0.015,0.0,0.0,0.0,0.0,0.0
2025_07_GB_ARI,ARI,GB,Jacoby Brissett,00-0033119,QB,anytime_td,0.028,0.0,0.0,0.0,0.0,0.0
2025_07_GB_ARI,ARI,GB,Trey McBride,00-0037744,TE,car,0.007,0.0,0.0,0.0,0.0,0.0
2025_07_GB_ARI,ARI,GB,Trey McBride,00-0037744,TE,rush_yds,0.02,0.0,0.0,0.0,0.0,0.0
2025_07_GB_ARI,ARI,GB,Trey McBride,00-0037744,TE,tgt,9.003,4.0,6.0,9.0,11.0,14.0
2025_07_GB_ARI,ARI,GB,Trey McBride,00-0037744,TE,rec,6.47,3.0,4.0,6.0,8.0,10.0
2025_07_GB_ARI,ARI,GB,Trey McBride,00-0037744,TE,rec_yds,58.199,20.565,34.02,53.781,78.678,102.456
2025_07_GB_ARI,ARI,GB,Trey McBride,00-0037744,TE,anytime_td,0.279,0.0,0.0,0.0,1.0,1.0
2025_07_GB_ARI,ARI,GB,Marvin Harrison Jr.,00-0039849,WR,car,0.009,0.0,0.0,0.0,0.0,0.0
2025_07_GB_ARI,ARI,GB,Marvin Harrison Jr.,00-0039849,WR,rush_yds,0.039,0.0,0.0,0.0,0.0,0.0
2025_07_GB_ARI,ARI,GB,Marvin Harrison Jr.,00-0039849,WR,tgt,5.67,2.0,3.0,5.0,7.0,10.0
2025_07_GB_ARI,ARI,GB,Marvin Harrison Jr.,00-0039849,WR,rec,3.623,1.0,2.0,3.0,5.0,7.0
2025_07_GB_ARI,ARI,GB,Marvin Harrison Jr.,00-0039849,WR,rec_yds,45.861,7.236,19.719,38.463,64.282,93.377
2025_07_GB_ARI,ARI,GB,Marvin Harrison Jr.,00-0039849,WR,anytime_td,0.19,0.0,0.0,0.0,0.0,1.0
2025_07_GB_ARI,ARI,GB,Michael Wilson,00-0038559,WR,car,0.045,0.0,0.0,0.0,0.0,0.0
2025_07_GB_ARI,ARI,GB,Michael Wilson,00-0038559,WR,rush_yds,0.216,0.0,0.0,0.0,0.0,0.0
2025_07_GB_ARI,ARI,GB,Michael Wilson,00-0038559,WR,tgt,4.039,1.0,2.0,4.0,6.0,8.0
2025_07_GB_ARI,ARI,GB,Michael Wilson,00-0038559,WR,rec,2.509,0.0,1.0,2.0,4.0,5.0
2025_07_GB_ARI,ARI,GB,Michael Wilson,00-0038559,WR,rec_yds,26.813,0.0,8.192,20.895,39.079,60.697
2025_07_GB_ARI,ARI,GB,Michael Wilson,00-0038559,WR,anytime_td,0.137,0.0,0.0,0.0,0.0,1.0
2025_07_GB_ARI,ARI,GB,Zay Jones,00-0033891,WR,car,0.009,0.0,0.0,0.0,0.0,0.0
2025_07_GB_ARI,ARI,GB,Zay Jones,00-0033891,WR,rush_yds,0.04,0.0,0.0,0.0,0.0,0.0
2025_07_GB_ARI,ARI,GB,Zay Jones,00-0033891,WR,tgt,3.045,1.0,1.0,3.0,4.0,6.0
2025_07_GB_ARI,ARI,GB,Zay Jones,00-0033891,WR,rec,1.963,0.0,1.0,2.0,3.0,4.0
2025_07_GB_ARI,ARI,GB,Zay Jones,00-0033891,WR,rec_yds,22.851,0.0,4.825,17.1,33.428,53.921
2025_07_GB_ARI,ARI,GB,Zay Jones,00-0033891,WR,anytime_td,0.036,0.0,0.0,0.0,0.0,0.0
2025_07_GB_ARI,ARI,GB,Bam Knight,00-0037157,RB,car,6.82,2.0,4.0,6.0,9.0,13.0
2025_07_GB_ARI,ARI,GB,Bam Knight,00-0037157,RB,rush_yds,26.892,3.352,9.691,21.33,36.866,58.386
2025_07_GB_ARI,ARI,GB,Bam Knight,00-0037157,RB,tgt,1.25,0.0,0.0,1.0,2.0,3.0
2025_07_GB_ARI,ARI,GB,Bam Knight,00-0037157,RB,rec,0.963,0.0,0.0,1.0,2.0,3.0
2025_07_GB_ARI,ARI,GB,Bam Knight,00-0037157,RB,rec_yds,6.986,0.0,0.0,0.911,10.153,21.738
2025_07_GB_ARI,ARI,GB,Bam Knight,00-0037157,RB,anytime_td,0.233,0.0,0.0,0.0,0.0,1.0
2025_07_GB_ARI,ARI,GB,Elijah Higgins,00-0039041,TE,car,0.001,0.0,0.0,0.0,0.0,0.0
2025_07_GB_ARI,ARI,GB,Elijah Higgins,00-0039041,TE,rush_yds,0.002,0.0,0.0,0.0,0.0,0.0
2025_07_GB_ARI,ARI,GB,Elijah Higgins,00-0039041,TE,tgt,1.634,0.0,0.0,1.0,2.0,4.0
2025_07_GB_ARI,ARI,GB,Elijah Higgins,00-0039041,TE,rec,1.208,0.0,0.0,1.0,2.0,3.0
2025_07_GB_ARI,ARI,GB,Elijah Higgins,00-0039041,TE,rec_yds,11.883,0.0,0.0,6.779,18.301,32.901
2025_07_GB_ARI,ARI,GB,Elijah Higgins,00-0039041,TE,anytime_td,0.03,0.0,0.0,0.0,0.0,0.0
2025_07_GB_ARI,ARI,GB,Michael Carter,00-0036924,RB,car,10.26,4.0,6.0,10.0,13.0,17.0
2025_07_GB_ARI,ARI,GB,Michael Carter,00-0036924,RB,rush_yds,39.911,9.676,19.262,34.184,53.887,77.51
2025_07_GB_ARI,ARI,GB,Michael Carter,00-0036924,RB,tgt,2.979,1.0,1.0,3.0,4.0,6.0
2025_07_GB_ARI,ARI,GB,Michael Carter,00-0036924,RB,rec,2.307,0.0,1.0,2.0,3.0,5.0
2025_07_GB_ARI,ARI,GB,Michael Carter,00-0036924,RB,rec_yds,15.26,0.0,3.43,10.939,22.452,36.333
2025_07_GB_ARI,ARI,GB,Michael Carter,00-0036924,RB,anytime_td,0.228,0.0,0.0,0.0,0.0,1.0
2025_07_GB_ARI,ARI,GB,D'Ernest Johnson,00-0035628,RB,car,2.557,0.0,1.0,2.0,4.0,6.0
2025_07_GB_ARI,ARI,GB,D'Ernest Johnson,00-0035628,RB,rush_yds,10.753,0.0,0.0,5.383,14.844,30.03
2025_07_GB_ARI,ARI,GB,D'Ernest Johnson,00-0035628,RB,tgt,1.492,0.0,0.0,1.0,2.0,4.0
2025_07_GB_ARI,ARI,GB,D'Ernest Johnson,00-0035628,RB,rec,1.153,0.0,0.0,1.0,2.0,3.0
2025_07_GB_ARI,ARI,GB,D'Ernest Johnson,00-0035628,RB,rec_yds,7.829,0.0,0.0,3.432,11.662,22.484
2025_07_GB_ARI,ARI,GB,D'Ernest Johnson,00-0035628,RB,anytime_td,0.086,0.0,0.0,0.0,0.0,0.0
2025_07_GB_ARI,ARI,GB,Greg Dortch,00-0035500,WR,car,0.382,0.0,0.0,0.0,0.0,1.0
2025_07_GB_ARI,ARI,GB,Greg Dortch,00-0035500,WR,rush_yds,2.112,0.0,0.0,0.0,0.0,5.832
2025_07_GB_ARI,ARI,GB,Greg Dortch,00-0035500,WR,tgt,2.51,0.0,1.0,2.0,4.0,5.0
2025_07_GB_ARI,ARI,GB,Greg Dortch,00-0035500,WR,rec,1.776,0.0,1.0,1.0,3.0,4.0
2025_07_GB_ARI,ARI,GB,Greg Dortch,00-0035500,WR,rec_yds,17.64,0.0,0.803,11.877,26.322,44.15
2025_07_GB_ARI,ARI,GB,Greg Dortch,00-0035500,WR,anytime_td,0.15,0.0,0.0,0.0,0.0,1.0
2025_07_GB_ARI,ARI,GB,Xavier Weaver,00-0039521,WR,car,0.032,0.0,0.0,0.0,0.0,0.0
2025_07_GB_ARI,ARI,GB,Xavier Weaver,00-0039521,WR,rush_yds,0.166,0.0,0.0,0.0,0.0,0.0
2025_07_GB_ARI,ARI,GB,Xavier Weaver,00-0039521,WR,tgt,1.137,0.0,0.0,1.0,2.0,3.0
2025_07_GB_ARI,ARI,GB,Xavier Weaver,00-0039521,WR,rec,0.685,0.0,0.0,0.0,1.0,2.0
2025_07_GB_ARI,ARI,GB,Xavier Weaver,00-0039521,WR,rec_yds,7.842,0.0,0.0,0.0,11.298,25.155
2025_07_GB_ARI,ARI,GB,Xavier Weaver,00-0039521,WR,anytime_td,0.018,0.0,0.0,0.0,0.0,0.0
2025_07_GB_ARI,ARI,GB,Simi Fehoko,00-0036646,WR,car,0.018,0.0,0.0,0.0,0.0,0.0
2025_07_GB_ARI,ARI,GB,Simi Fehoko,00-0036646,WR,rush_yds,0.081,0.0,0.0,0.0,0.0,0.0
2025_07_GB_ARI,ARI,GB,Simi Fehoko,00-0036646,WR,tgt,0.859,0.0,0.0,0.0,1.0,2.0
2025_07_GB_ARI,ARI,GB,Simi Fehoko,00-0036646,WR,rec,0.53,0.0,0.0,0.0,1.0,2.0
2025_07_GB_ARI,ARI,GB,Simi Fehoko,00-0036646,WR,rec_yds,6.208,0.0,0.0,0.0,8.073,21.25
2025_07_GB_ARI,ARI,GB,Simi Fehoko,00-0036646,WR,anytime_td,0.017,0.0,0.0,0.0,0.0,0.0
2025_07_GB_ARI,GB,ARI,Jordan Love,00-0036264,QB,att,28.228,19.0,24.0,29.0,34.0,38.0
2025_07_GB_ARI,GB,ARI,Jordan Love,00-0036264,QB,cmp,19.424,12.0,16.0,20.0,23.0,27.0
2025_07_GB_ARI,GB,ARI,Jordan Love,00-0036264,QB,pass_yds,221.762,130.822,172.008,220.66,271.222,322.406
2025_07_GB_ARI,GB,ARI,Jordan Love,00-0036264,QB,pass_td,1.525,0.0,1.0,1.0,2.0,3.0
2025_07_GB_ARI,GB,ARI,Jordan Love,00-0036264,QB,ints,0.538,0.0,0.0,0.0,1.0,2.0
2025_07_GB_ARI,GB,ARI,Jordan Love,00-0036264,QB,car,3.286,1.0,2.0,3.0,4.0,6.0
2025_07_GB_ARI,GB,ARI,Jordan Love,00-0036264,QB,rush_yds,13.838,-1.0,1.859,9.832,21.063,34.412
2025_07_GB_ARI,GB,ARI,Jordan Love,00-0036264,QB,tgt,0.0,0.0,0.0,0.0,0.0,0.0
2025_07_GB_ARI,GB,ARI,Jordan Love,00-0036264,QB,rec,0.0,0.0,0.0,0.0,0.0,0.0
2025_07_GB_ARI,GB,ARI,Jordan Love,00-0036264,QB,rec_yds,0.001,0.0,0.0,0.0,0.0,0.0
2025_07_GB_ARI,GB,ARI,Jordan Love,00-0036264,QB,anytime_td,0.046,0.0,0.0,0.0,0.0,0.0
2025_07_GB_ARI,GB,ARI,Romeo Doubs,00-0037816,WR,car,0.012,0.0,0.0,0.0,0.0,0.0
2025_07_GB_ARI,GB,ARI,Romeo Doubs,00-0037816,WR,rush_yds,0.07,0.0,0.0,0.0,0.0,0.0
2025_07_GB_ARI,GB,ARI,Romeo Doubs,00-0037816,WR,tgt,6.018,2.0,4.0,6.0,8.0,10.0
2025_07_GB_ARI,GB,ARI,Romeo Doubs,00-0037816,WR,rec,3.949,1.0,2.0,4.0,5.0,7.0
2025_07_GB_ARI,GB,ARI,Romeo Doubs,00-0037816,WR,rec_yds,49.993,10.002,23.93,43.778,68.863,99.057
2025_07_GB_ARI,GB,ARI,Romeo Doubs,00-0037816,WR,anytime_td,0.41,0.0,0.0,0.0,1.0,1.0
2025_07_GB_ARI,GB,ARI,Tucker Kraft,00-0038996,TE,car,0.235,0.0,0.0,0.0,0.0,1.0
2025_07_GB_ARI,GB,ARI,Tucker Kraft,00-0038996,TE,rush_yds,0.564,0.0,0.0,0.0,0.0,0.0
2025_07_GB_ARI,GB,ARI,Tucker Kraft,00-0038996,TE,tgt,4.535,1.0,3.0,4.0,6.0,8.0
2025_07_GB_ARI,GB,ARI,Tucker Kraft,00-0038996,TE,rec,3.482,1.0,2.0,3.0,5.0,6.0
2025_07_GB_ARI,GB,ARI,Tucker Kraft,00-0038996,TE,rec_yds,41.939,6.443,18.037,36.115,59.457,84.199
2025_07_GB_ARI,GB,ARI,Tucker Kraft,00-0038996,TE,anytime_td,0.314,0.0,0.0,0.0,1.0,1.0
2025_07_GB_ARI,GB,ARI,Matthew Golden,00-0040667,WR,car,1.573,0.0,0.0,1.0,2.0,5.0
2025_07_GB_ARI,GB,ARI,Matthew Golden,00-0040667,WR,rush_yds,9.466,0.0,0.0,0.0,12.458,31.332
2025_07_GB_ARI,GB,ARI,Matthew Golden,00-0040667,WR,tgt,4.169,1.0,2.0,4.0,6.0,8.0
2025_07_GB_ARI,GB,ARI,Matthew Golden,00-0040667,WR,rec,2.821,1.0,1.0,3.0,4.0,5.0
2025_07_GB_ARI,GB,ARI,Matthew Golden,00-0040667,WR,rec_yds,38.825,1.329,13.898,32.317,56.354,83.662
2025_07_GB_ARI,GB,ARI,Matthew Golden,00-0040667,WR,anytime_td,0.11,0.0,0.0,0.0,0.0,1.0
2025_07_GB_ARI,GB,ARI,Josh Jacobs,00-0035700,RB,car,18.089,10.0,13.0,18.0,22.0,27.0
2025_07_GB_ARI,GB,ARI,Josh Jacobs,00-0035700,RB,rush_yds,78.492,30.609,47.554,72.112,101.022,135.039
2025_07_GB_ARI,GB,ARI,Josh Jacobs,00-0035700,RB,tgt,3.79,1.0,2.0,3.0,5.0,7.0
2025_07_GB_ARI,GB,ARI,Josh Jacobs,00-0035700,RB,rec,3.107,1.0,2.0,3.0,4.0,6.0
2025_07_GB_ARI,GB,ARI,Josh Jacobs,00-0035700,RB,rec_yds,27.775,0.0,9.379,21.697,40.121,60.392
2025_07_GB_ARI,GB,ARI,Josh Jacobs,00-0035700,RB,anytime_td,0.667,0.0,0.0,1.0,1.0,1.0
2025_07_GB_ARI,GB,ARI,Luke Musgrave,00-0039144,TE,car,0.003,0.0,0.0,0.0,0.0,0.0
2025_07_GB_ARI,GB,ARI,Luke Musgrave,00-0039144,TE,rush_yds,0.009,0.0,0.0,0.0,0.0,0.0
2025_07_GB_ARI,GB,ARI,Luke Musgrave,00-0039144,TE,tgt,1.431,0.0,0.0,1.0,2.0,3.0
2025_07_GB_ARI,GB,ARI,Luke Musgrave,00-0039144,TE,rec,1.077,0.0,0.0,1.0,2.0,3.0
2025_07_GB_ARI,GB,ARI,Luke Musgrave,00-0039144,TE,rec_yds,11.128,0.0,0.0,5.47,16.845,31.338
2025_07_GB_ARI,GB,ARI,Luke Musgrave,00-0039144,TE,anytime_td,0.037,0.0,0.0,0.0,0.0,0.0
2025_07_GB_ARI,GB,ARI,Malik Heath,00-0038465,WR,car,0.011,0.0,0.0,0.0,0.0,0.0
2025_07_GB_ARI,GB,ARI,Malik Heath,00-0038465,WR,rush_yds,0.07,0.0,0.0,0.0,0.0,0.0
2025_07_GB_ARI,GB,ARI,Malik Heath,00-0038465,WR,tgt,0.959,0.0,0.0,1.0,1.0,3.0
2025_07_GB_ARI,GB,ARI,Malik Heath,00-0038465,WR,rec,0.631,0.0,0.0,0.0,1.0,2.0
2025_07_GB_ARI,GB,ARI,Malik Heath,00-0038465,WR,rec_yds,8.248,0.0,0.0,0.0,11.55,26.947
2025_07_GB_ARI,GB,ARI,Malik Heath,00-0038465,WR,anytime_td,0.047,0.0,0.0,0.0,0.0,0.0
2025_07_GB_ARI,GB,ARI,Emanuel Wilson,00-0038797,RB,car,4.546,0.0,2.0,4.0,6.0,10.0
2025_07_GB_ARI,GB,ARI,Emanuel Wilson,00-0038797,RB,rush_yds,21.364,0.0,4.377,14.268,30.821,52.062
2025_07_GB_ARI,GB,ARI,Emanuel Wilson,00-0038797,RB,tgt,1.073,0.0,0.0,1.0,2.0,3.0
2025_07_GB_ARI,GB,ARI,Emanuel Wilson,00-0038797,RB,rec,0.865,0.0,0.0,1.0,1.0,2.0
2025_07_GB_ARI,GB,ARI,Emanuel Wilson,00-0038797,RB,rec_yds,6.626,0.0,0.0,0.0,9.619,20.5
2025_07_GB_ARI,GB,ARI,Emanuel Wilson,00-0038797,RB,anytime_td,0.152,0.0,0.0,0.0,0.0,1.0
2025_07_GB_ARI,GB,ARI,John FitzPatrick,00-0037306,TE,car,0.002,0.0,0.0,0.0,0.0,0.0
2025_07_GB_ARI,GB,ARI,John FitzPatrick,00-0037306,TE,rush_yds,0.003,0.0,0.0,0.0,0.0,0.0
2025_07_GB_ARI,GB,ARI,John FitzPatrick,00-0037306,TE,tgt,0.545,0.0,0.0,0.0,1.0,2.0
2025_07_GB_ARI,GB,ARI,John FitzPatrick,00-0037306,TE,rec,0.402,0.0,0.0,0.0,1.0,1.0
2025_07_GB_ARI,GB,ARI,John FitzPatrick,00-0037306,TE,rec_yds,4.07,0.0,0.0,0.0,4.081,14.5
2025_07_GB_ARI,GB,ARI,John FitzPatrick,00-0037306,TE,anytime_td,0.071,0.0,0.0,0.0,0.0,0.0
2025_07_GB_ARI,GB,ARI,Dontayvion Wicks,00-0038393,WR,car,0.013,0.0,0.0,0.0,0.0,0.0
2025_07_GB_ARI,GB,ARI,Dontayvion Wicks,00-0038393,WR,rush_yds,0.06,0.0,0.0,0.0,0.0,0.0
2025_07_GB_ARI,GB,ARI,Dontayvion Wicks,00-0038393,WR,tgt,4.133,1.0,2.0,4.0,6.0,7.0
2025_07_GB_ARI,GB,ARI,Dontayvion Wicks,00-0038393,WR,rec,2.708,1.0,1.0,2.0,4.0,5.0
2025_07_GB_ARI,GB,ARI,Dontayvion Wicks,00-0038393,WR,rec_yds,32.595,0.895,11.047,26.102,47.434,70.867
2025_07_GB_ARI,GB,ARI,Dontayvion Wicks,00-0038393,WR,anytime_td,0.111,0.0,0.0,0.0,0.0,1.0
2025_07_GB_ARI,GB,ARI,Chris Brooks,00-0038685,RB,car,1.234,0.0,0.0,0.0,2.0,4.0
2025_07_GB_ARI,GB,ARI,Chris Brooks,00-0038685,RB,rush_yds,6.01,0.0,0.0,0.0,6.411,19.248
2025_07_GB_ARI,GB,ARI,Chris Brooks,00-0038685,RB,tgt,1.235,0.0,0.0,1.0,2.0,3.0
2025_07_GB_ARI,GB,ARI,Chris Brooks,00-0038685,RB,rec,0.988,0.0,0.0,1.0,2.0,3.0
2025_07_GB_ARI,GB,ARI,Chris Brooks,00-0038685,RB,rec_yds,6.946,0.0,0.0,1.051,10.208,20.915
2025_07_GB_ARI,GB,ARI,Chris Brooks,00-0038685,RB,anytime_td,0.059,0.0,0.0,0.0,0.0,0.0
2025_07_GB_ARI,GB,ARI,Savion Williams,00-0040009,WR,car,1.131,0.0,0.0,0.0,1.0,3.0
2025_07_GB_ARI,GB,ARI,Savion Williams,00-0040009,WR,rush_yds,6.725,0.0,0.0,0.0,7.019,22.36
2025_07_GB_ARI,GB,ARI,Savion Williams,00-0040009,WR,tgt,0.998,0.0,0.0,1.0,2.0,3.0
2025_07_GB_ARI,GB,ARI,Savion Williams,00-0040009,WR,rec,0.681,0.0,0.0,0.0,1.0,2.0
2025_07_GB_ARI,GB,ARI,Savion Williams,00-0040009,WR,rec_yds,8.305,0.0,0.0,0.0,11.896,26.654
2025_07_GB_ARI,GB,ARI,Savion Williams,00-0040009,WR,anytime_td,0.04,0.0,0.0,0.0,0.0,0.0
2025_07_IND_LAC,LAC,IND,Justin Herbert,00-0036355,QB,att,33.378,23.0,29.0,34.0,39.0,44.0
2025_07_IND_LAC,LAC,IND,Justin Herbert,00-0036355,QB,cmp,22.867,15.0,19.0,23.0,27.0,31.0
2025_07_IND_LAC,LAC,IND,Justin Herbert,00-0036355,QB,pass_yds,246.326,151.688,198.097,248.37,298.58,347.595
2025_07_IND_LAC,LAC,IND,Justin Herbert,00-0036355,QB,pass_td,1.772,0.0,1.0,2.0,2.0,3.0
2025_07_IND_LAC,LAC,IND,Justin Herbert,00-0036355,QB,ints,0.723,0.0,0.0,0.0,1.0,2.0
2025_07_IND_LAC,LAC,IND,Justin Herbert,00-0036355,QB,car,4.351,1.0,2.0,4.0,6.0,8.0
2025_07_IND_LAC,LAC,IND,Justin Herbert,00-0036355,QB,rush_yds,18.561,0.0,4.02,13.95,27.267,43.801
2025_07_IND_LAC,LAC,IND,Justin Herbert,00-0036355,QB,tgt,0.0,0.0,0.0,0.0,0.0,0.0
2025_07_IND_LAC,LAC,IND,Justin Herbert,00-0036355,QB,rec,0.0,0.0,0.0,0.0,0.0,0.0
2025_07_IND_LAC,LAC,IND,Justin Herbert,00-0036355,QB,rec_yds,0.0,0.0,0.0,0.0,0.0,0.0
2025_07_IND_LAC,LAC,IND,Justin Herbert,00-0036355,QB,anytime_td,0.057,0.0,0.0,0.0,0.0,0.0
2025_07_IND_LAC,LAC,IND,Quentin Johnston,00-0038544,WR,car,0.651,0.0,0.0,0.0,1.0,2.0
2025_07_IND_LAC,LAC,IND,Quentin Johnston,00-0038544,WR,rush_yds,3.592,0.0,0.0,0.0,0.864,12.592
2025_07_IND_LAC,LAC,IND,Quentin Johnston,00-0038544,WR,tgt,7.241,3.0,5.0,7.0,9.0,12.0
2025_07_IND_LAC,LAC,IND,Quentin Johnston,00-0038544,WR,rec,4.91,2.0,3.0,5.0,7.0,8.0
2025_07_IND_LAC,LAC,IND,Quentin Johnston,00-0038544,WR,rec_yds,61.195,15.559,31.89,54.96,84.554,114.443
2025_07_IND_LAC,LAC,IND,Quentin Johnston,00-0038544,WR,anytime_td,0.404,0.0,0.0,0.0,1.0,1.0
2025_07_IND_LAC,LAC,IND,Ladd McConkey,00-0039915,WR,car,0.017,0.0,0.0,0.0,0.0,0.0
2025_07_IND_LAC,LAC,IND,Ladd McConkey,00-0039915,WR,rush_yds,0.101,0.0,0.0,0.0,0.0,0.0
2025_07_IND_LAC,LAC,IND,Ladd McConkey,00-0039915,WR,tgt,6.997,3.0,5.0,7.0,9.0,11.0
2025_07_IND_LAC,LAC,IND,Ladd McConkey,00-0039915,WR,rec,4.896,2.0,3.0,5.0,6.0,8.0
2025_07_IND_LAC,LAC,IND,Ladd McConkey,00-0039915,WR,rec_yds,58.399,15.46,30.938,52.304,79.575,108.893
2025_07_IND_LAC,LAC,IND,Ladd McConkey,00-0039915,WR,anytime_td,0.345,0.0,0.0,0.0,1.0,1.0
2025_07_IND_LAC,LAC,IND,Oronde Gadsden II,00-0040189,TE,car,0.002,0.0,0.0,0.0,0.0,0.0
2025_07_IND_LAC,LAC,IND,Oronde Gadsden II,00-0040189,TE,rush_yds,0.004,0.0,0.0,0.0,0.0,0.0
2025_07_IND_LAC,LAC,IND,Oronde Gadsden II,00-0040189,TE,tgt,4.08,1.0,2.0,4.0,6.0,8.0
2025_07_IND_LAC,LAC,IND,Oronde Gadsden II,00-0040189,TE,rec,3.229,1.0,2.0,3.0,5.0,6.0
2025_07_IND_LAC,LAC,IND,Oronde Gadsden II,00-0040189,TE,rec_yds,31.049,2.953,11.96,26.024,44.815,65.467
2025_07_IND_LAC,LAC,IND,Oronde Gadsden II,00-0040189,TE,anytime_td,0.101,0.0,0.0,0.0,0.0,1.0
2025_07_IND_LAC,LAC,IND,Kimani Vidal,00-0039391,RB,car,11.933,5.0,8.0,11.0,15.0,19.0
2025_07_IND_LAC,LAC,IND,Kimani Vidal,00-0039391,RB,rush_yds,53.557,15.338,28.806,46.342,71.471,100.84
2025_07_IND_LAC,LAC,IND,Kimani Vidal,00-0039391,RB,tgt,1.477,0.0,0.0,1.0,2.0,4.0
2025_07_IND_LAC,LAC,IND,Kimani Vidal,00-0039391,RB,rec,1.226,0.0,0.0,1.0,2.0,3.0
2025_07_IND_LAC,LAC,IND,Kimani Vidal,00-0039391,RB,rec_yds,8.168,0.0,0.0,3.58,12.307,24.0
2025_07_IND_LAC,LAC,IND,Kimani Vidal,00-0039391,RB,anytime_td,0.286,0.0,0.0,0.0,1.0,1.0
2025_07_IND_LAC,LAC,IND,Keenan Allen,00-0030279,WR,car,0.018,0.0,0.0,0.0,0.0,0.0
2025_07_IND_LAC,LAC,IND,Keenan Allen,00-0030279,WR,rush_yds,0.106,0.0,0.0,0.0,0.0,0.0
2025_07_IND_LAC,LAC,IND,Keenan Allen,00-0030279,WR,tgt,7.692,3.0,5.0,7.0,10.0,12.0
2025_07_IND_LAC,LAC,IND,Keenan Allen,00-0030279,WR,rec,5.173,2.0,3.0,5.0,7.0,9.0
2025_07_IND_LAC,LAC,IND,Keenan Allen,00-0030279,WR,rec_yds,54.796,15.433,29.546,49.722,74.033,100.588
2025_07_IND_LAC,LAC,IND,Keenan Allen,00-0030279,WR,anytime_td,0.333,0.0,0.0,0.0,1.0,1.0
2025_07_IND_LAC,LAC,IND,Tre Harris,00-0040727,WR,car,0.02,0.0,0.0,0.0,0.0,0.0
2025_07_IND_LAC,LAC,IND,Tre Harris,00-0040727,WR,rush_yds,0.113,0.0,0.0,0.0,0.0,0.0
2025_07_IND_LAC,LAC,IND,Tre Harris,00-0040727,WR,tgt,1.887,0.0,1.0,1.0,3.0,4.0
2025_07_IND_LAC,LAC,IND,Tre Harris,00-0040727,WR,rec,1.258,0.0,0.0,1.0,2.0,3.0
2025_07_IND_LAC,LAC,IND,Tre Harris,00-0040727,WR,rec_yds,14.314,0.0,0.0,7.769,21.565,39.986
2025_07_IND_LAC,LAC,IND,Tre Harris,00-0040727,WR,anytime_td,0.033,0.0,0.0,0.0,0.0,0.0
2025_07_IND_LAC,LAC,IND,Hassan Haskins,00-0037617,RB,car,5.077,1.0,2.0,4.0,7.0,10.0
2025_07_IND_LAC,LAC,IND,Hassan Haskins,00-0037617,RB,rush_yds,19.759,0.0,5.157,14.416,28.225,45.332
2025_07_IND_LAC,LAC,IND,Hassan Haskins,00-0037617,RB,tgt,0.497,0.0,0.0,0.0,1.0,2.0
2025_07_IND_LAC,LAC,IND,Hassan Haskins,00-0037617,RB,rec,0.422,0.0,0.0,0.0,1.0,1.0
2025_07_IND_LAC,LAC,IND,Hassan Haskins,00-0037617,RB,rec_yds,3.003,0.0,0.0,0.0,0.937,11.031
2025_07_IND_LAC,LAC,IND,Hassan Haskins,00-0037617,RB,anytime_td,0.1,0.0,0.0,0.0,0.0,1.0
2025_07_IND_LAC,LAC,IND,Tucker Fisk,00-0037654,TE,car,0.002,0.0,0.0,0.0,0.0,0.0
2025_07_IND_LAC,LAC,IND,Tucker Fisk,00-0037654,TE,rush_yds,0.005,0.0,0.0,0.0,0.0,0.0
2025_07_IND_LAC,LAC,IND,Tucker Fisk,00-0037654,TE,tgt,0.58,0.0,0.0,0.0,1.0,2.0
2025_07_IND_LAC,LAC,IND,Tucker Fisk,00-0037654,TE,rec,0.427,0.0,0.0,0.0,1.0,1.0
2025_07_IND_LAC,LAC,IND,Tucker Fisk,00-0037654,TE,rec_yds,4.236,0.0,0.0,0.0,4.424,15.113
2025_07_IND_LAC,LAC,IND,Tucker Fisk,00-0037654,TE,anytime_td,0.009,0.0,0.0,0.0,0.0,0.0
2025_07_IND_LAC,LAC,IND,Scott Matlock,00-0038614,RB,car,0.542,0.0,0.0,0.0,0.0,2.0
2025_07_IND_LAC,LAC,IND,Scott Matlock,00-0038614,RB,rush_yds,2.193,0.0,0.0,0.0,0.0,6.735
2025_07_IND_LAC,LAC,IND,Scott Matlock,00-0038614,RB,tgt,0.269,0.0,0.0,0.0,0.0,1.0
2025_07_IND_LAC,LAC,IND,Scott Matlock,00-0038614,RB,rec,0.23,0.0,0.0,0.0,0.0,1.0
2025_07_IND_LAC,LAC,IND,Scott Matlock,00-0038614,RB,rec_yds,1.565,0.0,0.0,0.0,0.0,5.491
2025_07_IND_LAC,LAC,IND,Scott Matlock,00-0038614,RB,anytime_td,0.008,0.0,0.0,0.0,0.0,0.0
2025_07_IND_LAC,LAC,IND,Will Dissly,00-0034159,TE,car,0.003,0.0,0.0,0.0,0.0,0.0
2025_07_IND_LAC,LAC,IND,Will Dissly,00-0034159,TE,rush_yds,0.003,0.0,0.0,0.0,0.0,0.0
2025_07_IND_LAC,LAC,IND,Will Dissly,00-0034159,TE,tgt,2.72,0.0,1.0,2.0,4.0,6.0
2025_07_IND_LAC,LAC,IND,Will Dissly,00-0034159,TE,rec,2.11,0.0,1.0,2.0,3.0,5.0
2025_07_IND_LAC,LAC,IND,Will Dissly,00-0034159,TE,rec_yds,20.42,0.0,4.6,15.03,30.442,48.66
2025_07_IND_LAC,LAC,IND,Will Dissly,00-0034159,TE,anytime_td,0.095,0.0,0.0,0.0,0.0,0.0
2025_07_IND_LAC,LAC,IND,Derius Davis,00-0038573,WR,car,1.3,0.0,0.0,0.0,2.0,4.0
2025_07_IND_LAC,LAC,IND,Derius Davis,00-0038573,WR,rush_yds,6.634,0.0,0.0,0.0,8.129,21.968
2025_07_IND_LAC,LAC,IND,Derius Davis,00-0038573,WR,tgt,0.692,0.0,0.0,0.0,1.0,2.0
2025_07_IND_LAC,LAC,IND,Derius Davis,00-0038573,WR,rec,0.473,0.0,0.0,0.0,1.0,2.0
2025_07_IND_LAC,LAC,IND,Derius Davis,00-0038573,WR,rec_yds,5.338,0.0,0.0,0.0,5.857,18.435
2025_07_IND_LAC,LAC,IND,Derius Davis,00-0038573,WR,anytime_td,0.063,0.0,0.0,0.0,0.0,0.0
2025_07_IND_LAC,IND,LAC,Daniel Jones,00-0035710,QB,att,31.099,21.0,26.0,32.0,37.0,41.0
2025_07_IND_LAC,IND,LAC,Daniel Jones,00-0035710,QB,cmp,20.499,13.0,17.0,21.0,25.0,28.0
2025_07_IND_LAC,IND,LAC,Daniel Jones,00-0035710,QB,pass_yds,228.013,137.323,181.588,226.65,276.076,326.045
2025_07_IND_LAC,IND,LAC,Daniel Jones,00-0035710,QB,pass_td,1.269,0.0,0.0,1.0,2.0,3.0
2025_07_IND_LAC,IND,LAC,Daniel Jones,00-0035710,QB,ints,0.723,0.0,0.0,0.0,1.0,2.0
2025_07_IND_LAC,IND,LAC,Daniel Jones,00-0035710,QB,car,3.941,1.0,2.0,3.0,5.0,8.0
2025_07_IND_LAC,IND,LAC,Daniel Jones,00-0035710,QB,rush_yds,17.412,0.0,4.836,13.617,25.262,39.659
2025_07_IND_LAC,IND,LAC,Daniel Jones,00-0035710,QB,tgt,0.001,0.0,0.0,0.0,0.0,0.0
2025_07_IND_LAC,IND,LAC,Daniel Jones,00-0035710,QB,rec,0.0,0.0,0.0,0.0,0.0,0.0
2025_07_IND_LAC,IND,LAC,Daniel Jones,00-0035710,QB,rec_yds,0.001,0.0,0.0,0.0,0.0,0.0
2025_07_IND_LAC,IND,LAC,Daniel Jones,00-0035710,QB,anytime_td,0.273,0.0,0.0,0.0,1.0,1.0
2025_07_IND_LAC,IND,LAC,Tyler Warren,00-0040128,TE,car,0.471,0.0,0.0,0.0,0.0,2.0
2025_07_IND_LAC,IND,LAC,Tyler Warren,00-0040128,TE,rush_yds,1.087,0.0,0.0,0.0,0.0,3.437
2025_07_IND_LAC,IND,LAC,Tyler Warren,00-0040128,TE,tgt,7.395,3.0,5.0,7.0,9.0,12.0
2025_07_IND_LAC,IND,LAC,Tyler Warren,00-0040128,TE,rec,5.286,2.0,3.0,5.0,7.0,9.0
2025_07_IND_LAC,IND,LAC,Tyler Warren,00-0040128,TE,rec_yds,59.527,16.301,32.659,54.615,80.603,108.505
2025_07_IND_LAC,IND,LAC,Tyler Warren,00-0040128,TE,anytime_td,0.319,0.0,0.0,0.0,1.0,1.0
2025_07_IND_LAC,IND,LAC,Alec Pierce,00-0037664,WR,car,0.007,0.0,0.0,0.0,0.0,0.0
2025_07_IND_LAC,IND,LAC,Alec Pierce,00-0037664,WR,rush_yds,0.032,0.0,0.0,0.0,0.0,0.0
2025_07_IND_LAC,IND,LAC,Alec Pierce,00-0037664,WR,tgt,5.241,2.0,3.0,5.0,7.0,9.0
2025_07_IND_LAC,IND,LAC,Alec Pierce,00-0037664,WR,rec,3.213,1.0,2.0,3.0,4.0,6.0
2025_07_IND_LAC,IND,LAC,Alec Pierce,00-0037664,WR,rec_yds,48.045,6.244,19.562,40.723,69.038,99.116
2025_07_IND_LAC,IND,LAC,Alec Pierce,00-0037664,WR,anytime_td,0.167,0.0,0.0,0.0,0.0,1.0
2025_07_IND_LAC,IND,LAC,Michael Pittman,00-0036252,WR,car,0.008,0.0,0.0,0.0,0.0,0.0
2025_07_IND_LAC,IND,LAC,Michael Pittman,00-0036252,WR,rush_yds,0.043,0.0,0.0,0.0,0.0,0.0
2025_07_IND_LAC,IND,LAC,Michael Pittman,00-0036252,WR,tgt,7.498,3.0,5.0,7.0,10.0,12.0
2025_07_IND_LAC,IND,LAC,Michael Pittman,00-0036252,WR,rec,4.997,2.0,3.0,5.0,7.0,9.0
2025_07_IND_LAC,IND,LAC,Michael Pittman,00-0036252,WR,rec_yds,57.927,15.67,30.237,51.482,78.603,109.181
2025_07_IND_LAC,IND,LAC,Michael Pittman,00-0036252,WR,anytime_td,0.336,0.0,0.0,0.0,1.0,1.0
2025_07_IND_LAC,IND,LAC,Jonathan Taylor,00-0036223,RB,car,15.813,8.0,11.0,15.0,20.0,24.0
2025_07_IND_LAC,IND,LAC,Jonathan Taylor,00-0036223,RB,rush_yds,74.194,27.282,44.276,67.601,96.655,128.153
2025_07_IND_LAC,IND,LAC,Jonathan Taylor,00-0036223,RB,tgt,4.071,1.0,2.0,4.0,6.0,8.0
2025_07_IND_LAC,IND,LAC,Jonathan Taylor,00-0036223,RB,rec,3.244,1.0,2.0,3.0,4.0,6.0
2025_07_IND_LAC,IND,LAC,Jonathan Taylor,00-0036223,RB,rec_yds,22.979,0.961,7.775,18.19,33.023,50.839
2025_07_IND_LAC,IND,LAC,Jonathan Taylor,00-0036223,RB,anytime_td,0.506,0.0,0.0,1.0,1.0,1.0
2025_07_IND_LAC,IND,LAC,Mo Alie-Cox,00-0033217,TE,car,0.004,0.0,0.0,0.0,0.0,0.0
2025_07_IND_LAC,IND,LAC,Mo Alie-Cox,00-0033217,TE,rush_yds,0.015,0.0,0.0,0.0,0.0,0.0
2025_07_IND_LAC,IND,LAC,Mo Alie-Cox,00-0033217,TE,tgt,1.043,0.0,0.0,1.0,2.0,3.0
2025_07_IND_LAC,IND,LAC,Mo Alie-Cox,00-0033217,TE,rec,0.723,0.0,0.0,0.0,1.0,2.0
2025_07_IND_LAC,IND,LAC,Mo Alie-Cox,00-0033217,TE,rec_yds,7.736,0.0,0.0,0.0,11.552,24.419
2025_07_IND_LAC,IND,LAC,Mo Alie-Cox,00-0033217,TE,anytime_td,0.018,0.0,0.0,0.0,0.0,0.0
2025_07_IND_LAC,IND,LAC,Ameer Abdullah,00-0032104,RB,car,3.237,0.0,1.0,2.0,5.0,8.0
2025_07_IND_LAC,IND,LAC,Ameer Abdullah,00-0032104,RB,rush_yds,13.929,0.0,0.976,7.92,19.995,36.684
2025_07_IND_LAC,IND,LAC,Ameer Abdullah,00-0032104,RB,tgt,2.033,0.0,1.0,2.0,3.0,4.0
2025_07_IND_LAC,IND,LAC,Ameer Abdullah,00-0032104,RB,rec,1.579,0.0,0.0,1.0,2.0,4.0
2025_07_IND_LAC,IND,LAC,Ameer Abdullah,00-0032104,RB,rec_yds,12.042,0.0,0.0,7.113,17.879,32.767
2025_07_IND_LAC,IND,LAC,Ameer Abdullah,00-0032104,RB,anytime_td,0.225,0.0,0.0,0.0,0.0,1.0
2025_07_IND_LAC,IND,LAC,Adonai Mitchell,00-0039890,WR,car,0.044,0.0,0.0,0.0,0.0,0.0
2025_07_IND_LAC,IND,LAC,Adonai Mitchell,00-0039890,WR,rush_yds,0.256,0.0,0.0,0.0,0.0,0.0
2025_07_IND_LAC,IND,LAC,Adonai Mitchell,00-0039890,WR,tgt,3.116,1.0,2.0,3.0,4.0,6.0
2025_07_IND_LAC,IND,LAC,Adonai Mitchell,00-0039890,WR,rec,1.84,0.0,1.0,2.0,3.0,4.0
2025_07_IND_LAC,IND,LAC,Adonai Mitchell,00-0039890,WR,rec_yds,25.028,0.0,4.814,17.275,37.857,60.569
2025_07_IND_LAC,IND,LAC,Adonai Mitchell,00-0039890,WR,anytime_td,0.046,0.0,0.0,0.0,0.0,0.0
2025_07_IND_LAC,IND,LAC,DJ Giddens,00-0040179,RB,car,2.321,0.0,0.0,1.0,3.0,6.0
2025_07_IND_LAC,IND,LAC,DJ Giddens,00-0040179,RB,rush_yds,9.49,0.0,0.0,4.035,13.665,27.272
2025_07_IND_LAC,IND,LAC,DJ Giddens,00-0040179,RB,tgt,0.506,0.0,0.0,0.0,1.0,2.0
2025_07_IND_LAC,IND,LAC,DJ Giddens,00-0040179,RB,rec,0.374,0.0,0.0,0.0,1.0,1.0
2025_07_IND_LAC,IND,LAC,DJ Giddens,00-0040179,RB,rec_yds,2.807,0.0,0.0,0.0,0.0,10.21
2025_07_IND_LAC,IND,LAC,DJ Giddens,00-0040179,RB,anytime_td,0.036,0.0,0.0,0.0,0.0,0.0
2025_07_LA_JAX,JAX,LA,Trevor Lawrence,00-0036971,QB,att,31.156,21.0,27.0,32.0,37.0,42.0
2025_07_LA_JAX,JAX,LA,Trevor Lawrence,00-0036971,QB,cmp,20.366,13.0,17.0,21.0,24.0,28.0
2025_07_LA_JAX,JAX,LA,Trevor Lawrence,00-0036971,QB,pass_yds,212.834,126.923,166.699,210.578,259.924,306.893
2025_07_LA_JAX,JAX,LA,Trevor Lawrence,00-0036971,QB,pass_td,1.291,0.0,0.0,1.0,2.0,3.0
2025_07_LA_JAX,JAX,LA,Trevor Lawrence,00-0036971,QB,ints,0.696,0.0,0.0,0.0,1.0,2.0
2025_07_LA_JAX,JAX,LA,Trevor Lawrence,00-0036971,QB,car,4.044,1.0,2.0,4.0,6.0,8.0
2025_07_LA_JAX,JAX,LA,Trevor Lawrence,00-0036971,QB,rush_yds,17.916,0.0,5.246,14.137,25.947,40.326
2025_07_LA_JAX,JAX,LA,Trevor Lawrence,00-0036971,QB,tgt,0.001,0.0,0.0,0.0,0.0,0.0
2025_07_LA_JAX,JAX,LA,Trevor Lawrence,00-0036971,QB,rec,0.001,0.0,0.0,0.0,0.0,0.0
2025_07_LA_JAX,JAX,LA,Trevor Lawrence,00-0036971,QB,rec_yds,0.004,0.0,0.0,0.0,0.0,0.0
2025_07_LA_JAX,JAX,LA,Trevor Lawrence,00-0036971,QB,anytime_td,0.248,0.0,0.0,0.0,0.0,1.0
2025_07_LA_JAX,JAX,LA,Parker Washington,00-0038606,WR,car,0.16,0.0,0.0,0.0,0.0,0.0
2025_07_LA_JAX,JAX,LA,Parker Washington,00-0038606,WR,rush_yds,0.834,0.0,0.0,0.0,0.0,0.0
2025_07_LA_JAX,JAX,LA,Parker Washington,00-0038606,WR,tgt,4.11,1.0,2.0,4.0,6.0,8.0
2025_07_LA_JAX,JAX,LA,Parker Washington,00-0038606,WR,rec,2.579,0.0,1.0,2.0,4.0,5.0
2025_07_LA_JAX,JAX,LA,Parker Washington,00-0038606,WR,rec_yds,30.164,0.0,9.477,23.548,44.258,67.097
2025_07_LA_JAX,JAX,LA,Parker Washington,00-0038606,WR,anytime_td,0.183,0.0,0.0,0.0,0.0,1.0
2025_07_LA_JAX,JAX,LA,Travis Hunter,00-0040718,WR,car,0.016,0.0,0.0,0.0,0.0,0.0
2025_07_LA_JAX,JAX,LA,Travis Hunter,00-0040718,WR,rush_yds,0.079,0.0,0.0,0.0,0.0,0.0
2025_07_LA_JAX,JAX,LA,Travis Hunter,00-0040718,WR,tgt,4.926,2.0,3.0,5.0,7.0,9.0
2025_07_LA_JAX,JAX,LA,Travis Hunter,00-0040718,WR,rec,3.27,1.0,2.0,3.0,4.0,6.0
2025_07_LA_JAX,JAX,LA,Travis Hunter,00-0040718,WR,rec_yds,36.58,4.452,14.481,31.115,52.338,75.182
2025_07_LA_JAX,JAX,LA,Travis Hunter,00-0040718,WR,anytime_td,0.089,0.0,0.0,0.0,0.0,0.0
2025_07_LA_JAX,JAX,LA,Brian Thomas Jr.,00-0039893,WR,car,0.303,0.0,0.0,0.0,0.0,1.0
2025_07_LA_JAX,JAX,LA,Brian Thomas Jr.,00-0039893,WR,rush_yds,1.617,0.0,0.0,0.0,0.0,3.316
2025_07_LA_JAX,JAX,LA,Brian Thomas Jr.,00-0039893,WR,tgt,8.188,4.0,6.0,8.0,10.0,13.0
2025_07_LA_JAX,JAX,LA,Brian Thomas Jr.,00-0039893,WR,rec,5.174,2.0,3.0,5.0,7.0,9.0
2025_07_LA_JAX,JAX,LA,Brian Thomas Jr.,00-0039893,WR,rec_yds,63.622,18.22,34.248,57.792,85.341,116.524
2025_07_LA_JAX,JAX,LA,Brian Thomas Jr.,00-0039893,WR,anytime_td,0.27,0.0,0.0,0.0,1.0,1.0
2025_07_LA_JAX,JAX,LA,Hunter Long,00-0037004,TE,car,0.003,0.0,0.0,0.0,0.0,0.0
2025_07_LA_JAX,JAX,LA,Hunter Long,00-0037004,TE,rush_yds,0.007,0.0,0.0,0.0,0.0,0.0
2025_07_LA_JAX,JAX,LA,Hunter Long,00-0037004,TE,tgt,1.801,0.0,1.0,1.0,3.0,4.0
2025_07_LA_JAX,JAX,LA,Hunter Long,00-0037004,TE,rec,1.368,0.0,0.0,1.0,2.0,3.0
2025_07_LA_JAX,JAX,LA,Hunter Long,00-0037004,TE,rec_yds,12.521,0.0,0.0,7.501,19.198,34.703
2025_07_LA_JAX,JAX,LA,Hunter Long,00-0037004,TE,anytime_td,0.148,0.0,0.0,0.0,0.0,1.0
2025_07_LA_JAX,JAX,LA,Travis Etienne,00-0036973,RB,car,14.975,7.0,11.0,14.0,19.0,23.0
2025_07_LA_JAX,JAX,LA,Travis Etienne,00-0036973,RB,rush_yds,62.825,22.346,35.762,56.233,82.969,110.461
2025_07_LA_JAX,JAX,LA,Travis Etienne,00-0036973,RB,tgt,3.368,1.0,2.0,3.0,5.0,6.0
2025_07_LA_JAX,JAX,LA,Travis Etienne,00-0036973,RB,rec,2.657,0.0,1.0,2.0,4.0,5.0
2025_07_LA_JAX,JAX,LA,Travis Etienne,00-0036973,RB,rec_yds,17.475,0.0,4.568,13.0,25.34,41.075
2025_07_LA_JAX,JAX,LA,Travis Etienne,00-0036973,RB,anytime_td,0.347,0.0,0.0,0.0,1.0,1.0
2025_07_LA_JAX,JAX,LA,Johnny Mundt,00-0033246,TE,car,0.001,0.0,0.0,0.0,0.0,0.0
2025_07_LA_JAX,JAX,LA,Johnny Mundt,00-0033246,TE,rush_yds,0.003,0.0,0.0,0.0,0.0,0.0
2025_07_LA_JAX,JAX,LA,Johnny Mundt,00-0033246,TE,tgt,1.218,0.0,0.0,1.0,2.0,3.0
2025_07_LA_JAX,JAX,LA,Johnny Mundt,00-0033246,TE,rec,0.88,0.0,0.0,1.0,1.0,2.0
2025_07_LA_JAX,JAX,LA,Johnny Mundt,00-0033246,TE,rec_yds,8.491,0.0,0.0,1.854,12.774,25.975
2025_07_LA_JAX,JAX,LA,Johnny Mundt,00-0033246,TE,anytime_td,0.025,0.0,0.0,0.0,0.0,0.0
2025_07_LA_JAX,JAX,LA,Dyami Brown,00-0036626,WR,car,0.68,0.0,0.0,0.0,1.0,2.0
2025_07_LA_JAX,JAX,LA,Dyami Brown,00-0036626,WR,rush_yds,3.57,0.0,0.0,0.0,0.0,12.365
2025_07_LA_JAX,JAX,LA,Dyami Brown,00-0036626,WR,tgt,4.284,1.0,2.0,4.0,6.0,8.0
2025_07_LA_JAX,JAX,LA,Dyami Brown,00-0036626,WR,rec,2.802,1.0,1.0,3.0,4.0,5.0
2025_07_LA_JAX,JAX,LA,Dyami Brown,00-0036626,WR,rec_yds,31.69,0.926,11.153,25.494,45.949,68.95
2025_07_LA_JAX,JAX,LA,Dyami Brown,00-0036626,WR,anytime_td,0.162,0.0,0.0,0.0,0.0,1.0
2025_07_LA_JAX,JAX,LA,Bhayshul Tuten,00-0040719,RB,car,4.789,1.0,2.0,4.0,7.0,10.0
2025_07_LA_JAX,JAX,LA,Bhayshul Tuten,00-0040719,RB,rush_yds,18.773,0.0,4.822,13.157,26.84,43.897
2025_07_LA_JAX,JAX,LA,Bhayshul Tuten,00-0040719,RB,tgt,1.46,0.0,0.0,1.0,2.0,3.0
2025_07_LA_JAX,JAX,LA,Bhayshul Tuten,00-0040719,RB,rec,1.174,0.0,0.0,1.0,2.0,3.0
2025_07_LA_JAX,JAX,LA,Bhayshul Tuten,00-0040719,RB,rec_yds,8.39,0.0,0.0,3.719,12.209,24.253
2025_07_LA_JAX,JAX,LA,Bhayshul Tuten,00-0040719,RB,anytime_td,0.196,0.0,0.0,0.0,0.0,1.0
2025_07_LA_JAX,JAX,LA,LeQuint Allen Jr.,00-0040238,RB,car,0.969,0.0,0.0,0.0,1.0,3.0
2025_07_LA_JAX,JAX,LA,LeQuint Allen Jr.,00-0040238,RB,rush_yds,3.969,0.0,0.0,0.0,3.923,13.429
2025_07_LA_JAX,JAX,LA,LeQuint Allen Jr.,00-0040238,RB,tgt,0.955,0.0,0.0,1.0,1.0,3.0
2025_07_LA_JAX,JAX,LA,LeQuint Allen Jr.,00-0040238,RB,rec,0.782,0.0,0.0,0.0,1.0,2.0
2025_07_LA_JAX,JAX,LA,LeQuint Allen Jr.,00-0040238,RB,rec_yds,5.522,0.0,0.0,0.0,7.913,17.522
2025_07_LA_JAX,JAX,LA,LeQuint Allen Jr.,00-0040238,RB,anytime_td,0.031,0.0,0.0,0.0,0.0,0.0
2025_07_LA_JAX,JAX,LA,Tim Patrick,00-0033375,WR,car,0.007,0.0,0.0,0.0,0.0,0.0
2025_07_LA_JAX,JAX,LA,Tim Patrick,00-0033375,WR,rush_yds,0.035,0.0,0.0,0.0,0.0,0.0
2025_07_LA_JAX,JAX,LA,Tim Patrick,00-0033375,WR,tgt,1.343,0.0,0.0,1.0,2.0,3.0
2025_07_LA_JAX,JAX,LA,Tim Patrick,00-0033375,WR,rec,0.874,0.0,0.0,1.0,1.0,2.0
2025_07_LA_JAX,JAX,LA,Tim Patrick,00-0033375,WR,rec_yds,10.87,0.0,0.0,1.934,16.407,32.583
2025_07_LA_JAX,JAX,LA,Tim Patrick,00-0033375,WR,anytime_td,0.117,0.0,0.0,0.0,0.0,1.0
2025_07_LA_JAX,LA,JAX,Matthew Stafford,00-0026498,QB,att,32.679,22.0,28.0,33.0,39.0,44.0
2025_07_LA_JAX,LA,JAX,Matthew Stafford,00-0026498,QB,cmp,21.749,14.0,18.0,22.0,26.0,30.0
2025_07_LA_JAX,LA,JAX,Matthew Stafford,00-0026498,QB,pass_yds,244.506,148.682,196.135,245.761,296.294,345.419
2025_07_LA_JAX,LA,JAX,Matthew Stafford,00-0026498,QB,pass_td,1.595,0.0,1.0,2.0,2.0,3.0
2025_07_LA_JAX,LA,JAX,Matthew Stafford,00-0026498,QB,ints,0.654,0.0,0.0,0.0,1.0,2.0
2025_07_LA_JAX,LA,JAX,Matthew Stafford,00-0026498,QB,car,2.313,0.0,1.0,2.0,3.0,5.0
2025_07_LA_JAX,LA,JAX,Matthew Stafford,00-0026498,QB,rush_yds,6.632,-2.0,-0.062,1.896,10.635,21.319
2025_07_LA_JAX,LA,JAX,Matthew Stafford,00-0026498,QB,tgt,0.001,0.0,0.0,0.0,0.0,0.0
2025_07_LA_JAX,LA,JAX,Matthew Stafford,00-0026498,QB,rec,0.001,0.0,0.0,0.0,0.0,0.0
2025_07_LA_JAX,LA,JAX,Matthew Stafford,00-0026498,QB,rec_yds,0.004,0.0,0.0,0.0,0.0,0.0
2025_07_LA_JAX,LA,JAX,Matthew Stafford,00-0026498,QB,anytime_td,0.042,0.0,0.0,0.0,0.0,0.0
2025_07_LA_JAX,LA,JAX,Jordan Whittington,00-0039751,WR,car,0.309,0.0,0.0,0.0,0.0,1.0
2025_07_LA_JAX,LA,JAX,Jordan Whittington,00-0039751,WR,rush_yds,1.641,0.0,0.0,0.0,0.0,3.185
2025_07_LA_JAX,LA,JAX,Jordan Whittington,00-0039751,WR,tgt,2.732,0.0,1.0,2.0,4.0,6.0
2025_07_LA_JAX,LA,JAX,Jordan Whittington,00-0039751,WR,rec,1.899,0.0,1.0,2.0,3.0,4.0
2025_07_LA_JAX,LA,JAX,Jordan Whittington,00-0039751,WR,rec_yds,23.936,0.0,4.381,17.218,35.745,57.686
2025_07_LA_JAX,LA,JAX,Jordan Whittington,00-0039751,WR,anytime_td,0.038,0.0,0.0,0.0,0.0,0.0
2025_07_LA_JAX,LA,JAX,Kyren Williams,00-0037840,RB,car,13.806,7.0,10.0,13.0,17.0,21.0
2025_07_LA_JAX,LA,JAX,Kyren Williams,00-0037840,RB,rush_yds,60.379,20.363,33.973,52.654,79.025,110.864
2025_07_LA_JAX,LA,JAX,Kyren Williams,00-0037840,RB,tgt,4.531,1.0,2.0,4.0,6.0,8.0
2025_07_LA_JAX,LA,JAX,Kyren Williams,00-0037840,RB,rec,3.748,1.0,2.0,3.0,5.0,7.0
2025_07_LA_JAX,LA,JAX,Kyren Williams,00-0037840,RB,rec_yds,29.975,3.18,11.375,24.822,42.476,64.22
2025_07_LA_JAX,LA,JAX,Kyren Williams,00-0037840,RB,anytime_td,0.597,0.0,0.0,1.0,1.0,1.0
2025_07_LA_JAX,LA,JAX,Davante Adams,00-0031381,WR,car,0.009,0.0,0.0,0.0,0.0,0.0
2025_07_LA_JAX,LA,JAX,Davante Adams,00-0031381,WR,rush_yds,0.049,0.0,0.0,0.0,0.0,0.0
2025_07_LA_JAX,LA,JAX,Davante Adams,00-0031381,WR,tgt,10.981,6.0,8.0,11.0,14.0,16.0
2025_07_LA_JAX,LA,JAX,Davante Adams,00-0031381,WR,rec,6.417,3.0,4.0,6.0,8.0,10.0
2025_07_LA_JAX,LA,JAX,Davante Adams,00-0031381,WR,rec_yds,87.931,31.436,53.336,81.857,117.341,150.013
2025_07_LA_JAX,LA,JAX,Davante Adams,00-0031381,WR,anytime_td,0.35,0.0,0.0,0.0,1.0,1.0
2025_07_LA_JAX,LA,JAX,Davis Allen,00-0039074,TE,car,0.003,0.0,0.0,0.0,0.0,0.0
2025_07_LA_JAX,LA,JAX,Davis Allen,00-0039074,TE,rush_yds,0.005,0.0,0.0,0.0,0.0,0.0
2025_07_LA_JAX,LA,JAX,Davis Allen,00-0039074,TE,tgt,1.71,0.0,0.0,1.0,3.0,4.0
2025_07_LA_JAX,LA,JAX,Davis Allen,00-0039074,TE,rec,1.295,0.0,0.0,1.0,2.0,3.0
2025_07_LA_JAX,LA,JAX,Davis Allen,00-0039074,TE,rec_yds,13.255,0.0,0.0,7.481,20.399,35.502
2025_07_LA_JAX,LA,JAX,Davis Allen,00-0039074,TE,anytime_td,0.136,0.0,0.0,0.0,0.0,1.0
2025_07_LA_JAX,LA,JAX,Terrance Ferguson,00-0040737,TE,car,0.278,0.0,0.0,0.0,0.0,1.0
2025_07_LA_JAX,LA,JAX,Terrance Ferguson,00-0040737,TE,rush_yds,0.601,0.0,0.0,0.0,0.0,1.121
2025_07_LA_JAX,LA,JAX,Terrance Ferguson,00-0040737,TE,tgt,0.545,0.0,0.0,0.0,1.0,2.0
2025_07_LA_JAX,LA,JAX,Terrance Ferguson,00-0040737,TE,rec,0.406,0.0,0.0,0.0,1.0,1.0
2025_07_LA_JAX,LA,JAX,Terrance Ferguson,00-0040737,TE,rec_yds,4.28,0.0,0.0,0.0,3.822,15.97
2025_07_LA_JAX,LA,JAX,Terrance Ferguson,00-0040737,TE,anytime_td,0.02,0.0,0.0,0.0,0.0,0.0
2025_07_LA_JAX,LA,JAX,Colby Parkinson,00-0036244,TE,car,0.003,0.0,0.0,0.0,0.0,0.0
2025_07_LA_JAX,LA,JAX,Colby Parkinson,00-0036244,TE,rush_yds,0.006,0.0,0.0,0.0,0.0,0.0
2025_07_LA_JAX,LA,JAX,Colby Parkinson,00-0036244,TE,tgt,1.736,0.0,0.0,1.0,3.0,4.0
2025_07_LA_JAX,LA,JAX,Colby Parkinson,00-0036244,TE,rec,1.31,0.0,0.0,1.0,2.0,3.0
2025_07_LA_JAX,LA,JAX,Colby Parkinson,00-0036244,TE,rec_yds,12.77,0.0,0.0,7.434,19.637,34.517
2025_07_LA_JAX,LA,JAX,Colby Parkinson,00-0036244,TE,anytime_td,0.073,0.0,0.0,0.0,0.0,0.0
2025_07_LA_JAX,LA,JAX,Konata Mumpfield,00-0040590,WR,car,0.01,0.0,0.0,0.0,0.0,0.0
2025_07_LA_JAX,LA,JAX,Konata Mumpfield,00-0040590,WR,rush_yds,0.041,0.0,0.0,0.0,0.0,0.0
2025_07_LA_JAX,LA,JAX,Konata Mumpfield,00-0040590,WR,tgt,0.738,0.0,0.0,0.0,1.0,2.0
2025_07_LA_JAX,LA,JAX,Konata Mumpfield,00-0040590,WR,rec,0.477,0.0,0.0,0.0,1.0,2.0
2025_07_LA_JAX,LA,JAX,Konata Mumpfield,00-0040590,WR,rec_yds,5.989,0.0,0.0,0.0,7.003,20.883
2025_07_LA_JAX,LA,JAX,Konata Mumpfield,00-0040590,WR,anytime_td,0.007,0.0,0.0,0.0,0.0,0.0
2025_07_LA_JAX,LA,JAX,Tyler Higbee,00-0033110,TE,car,0.002,0.0,0.0,0.0,0.0,0.0
2025_07_LA_JAX,LA,JAX,Tyler Higbee,00-0033110,TE,rush_yds,0.004,0.0,0.0,0.0,0.0,0.0
2025_07_LA_JAX,LA,JAX,Tyler Higbee,00-0033110,TE,tgt,4.619,1.0,3.0,4.0,6.0,8.0
2025_07_LA_JAX,LA,JAX,Tyler Higbee,00-0033110,TE,rec,3.437,1.0,2.0,3.0,5.0,6.1
2025_07_LA_JAX,LA,JAX,Tyler Higbee,00-0033110,TE,rec_yds,35.661,4.987,14.869,30.062,50.053,73.096
2025_07_LA_JAX,LA,JAX,Tyler Higbee,00-0033110,TE,anytime_td,0.241,0.0,0.0,0.0,0.0,1.0
2025_07_LA_JAX,LA,JAX,Blake Corum,00-0039738,RB,car,4.092,0.0,1.0,3.0,6.0,9.0
2025_07_LA_JAX,LA,JAX,Blake Corum,00-0039738,RB,rush_yds,17.78,0.0,3.181,11.684,25.631,43.647
2025_07_LA_JAX,LA,JAX,Blake Corum,00-0039738,RB,tgt,1.419,0.0,0.0,1.0,2.0,3.0
2025_07_LA_JAX,LA,JAX,Blake Corum,00-0039738,RB,rec,1.101,0.0,0.0,1.0,2.0,3.0
2025_07_LA_JAX,LA,JAX,Blake Corum,00-0039738,RB,rec_yds,8.059,0.0,0.0,2.787,11.838,24.155
2025_07_LA_JAX,LA,JAX,Blake Corum,00-0039738,RB,anytime_td,0.158,0.0,0.0,0.0,0.0,1.0
2025_07_LA_JAX,LA,JAX,Tutu Atwell,00-0036849,WR,car,0.028,0.0,0.0,0.0,0.0,0.0
2025_07_LA_JAX,LA,JAX,Tutu Atwell,00-0036849,WR,rush_yds,0.126,0.0,0.0,0.0,0.0,0.0
2025_07_LA_JAX,LA,JAX,Tutu Atwell,00-0036849,WR,tgt,2.623,0.0,1.0,2.0,4.0,5.0
2025_07_LA_JAX,LA,JAX,Tutu Atwell,00-0036849,WR,rec,1.671,0.0,1.0,1.0,2.0,4.0
2025_07_LA_JAX,LA,JAX,Tutu Atwell,00-0036849,WR,rec_yds,26.58,0.0,1.016,17.901,40.971,66.44
2025_07_LA_JAX,LA,JAX,Tutu Atwell,00-0036849,WR,anytime_td,0.119,0.0,0.0,0.0,0.0,1.0
2025_07_LA_JAX,LA,JAX,Ronnie Rivers,00-0037557,RB,car,3.895,0.0,1.0,3.0,6.0,9.0
2025_07_LA_JAX,LA,JAX,Ronnie Rivers,00-0037557,RB,rush_yds,16.534,0.0,2.938,10.447,23.355,41.085
2025_07_LA_JAX,LA,JAX,Ronnie Rivers,00-0037557,RB,tgt,1.414,0.0,0.0,1.0,2.0,3.0
2025_07_LA_JAX,LA,JAX,Ronnie Rivers,00-0037557,RB,rec,1.162,0.0,0.0,1.0,2.0,3.0
2025_07_LA_JAX,LA,JAX,Ronnie Rivers,00-0037557,RB,rec_yds,8.848,0.0,0.0,3.809,12.841,26.107
2025_07_LA_JAX,LA,JAX,Ronnie Rivers,00-0037557,RB,anytime_td,0.136,0.0,0.0,0.0,0.0,1.0
2025_07_LV_KC,KC,LV,Patrick Mahomes,00-0033873,QB,att,31.798,21.0,27.0,33.0,38.0,42.0
2025_07_LV_KC,KC,LV,Patrick Mahomes,00-0033873,QB,cmp,22.261,14.0,19.0,23.0,27.0,30.0
2025_07_LV_KC,KC,LV,Patrick Mahomes,00-0033873,QB,pass_yds,254.301,154.819,204.254,254.494,307.869,359.793
2025_07_LV_KC,KC,LV,Patrick Mahomes,00-0033873,QB,pass_td,2.089,1.0,1.0,2.0,3.0,4.0
2025_07_LV_KC,KC,LV,Patrick Mahomes,00-0033873,QB,ints,0.508,0.0,0.0,0.0,1.0,2.0
2025_07_LV_KC,KC,LV,Patrick Mahomes,00-0033873,QB,car,5.214,2.0,3.0,5.0,7.0,9.0
2025_07_LV_KC,KC,LV,Patrick Mahomes,00-0033873,QB,rush_yds,27.117,3.06,11.165,23.287,39.583,56.355
2025_07_LV_KC,KC,LV,Patrick Mahomes,00-0033873,QB,tgt,0.001,0.0,0.0,0.0,0.0,0.0
2025_07_LV_KC,KC,LV,Patrick Mahomes,00-0033873,QB,rec,0.0,0.0,0.0,0.0,0.0,0.0
2025_07_LV_KC,KC,LV,Patrick Mahomes,00-0033873,QB,rec_yds,0.002,0.0,0.0,0.0,0.0,0.0
2025_07_LV_KC,KC,LV,Patrick Mahomes,00-0033873,QB,anytime_td,0.372,0.0,0.0,0.0,1.0,1.0
2025_07_LV_KC,KC,LV,Travis Kelce,00-0030506,TE,car,0.004,0.0,0.0,0.0,0.0,0.0
2025_07_LV_KC,KC,LV,Travis Kelce,00-0030506,TE,rush_yds,0.013,0.0,0.0,0.0,0.0,0.0
2025_07_LV_KC,KC,LV,Travis Kelce,00-0030506,TE,tgt,5.034,2.0,3.0,5.0,7.0,9.0
2025_07_LV_KC,KC,LV,Travis Kelce,00-0030506,TE,rec,3.976,1.0,2.0,4.0,5.0,7.0
2025_07_LV_KC,KC,LV,Travis Kelce,00-0030506,TE,rec_yds,43.085,8.724,20.182,37.985,60.212,84.218
2025_07_LV_KC,KC,LV,Travis Kelce,00-0030506,TE,anytime_td,0.26,0.0,0.0,0.0,1.0,1.0
2025_07_LV_KC,KC,LV,Noah Gray,00-0036637,TE,car,0.027,0.0,0.0,0.0,0.0,0.0
2025_07_LV_KC,KC,LV,Noah Gray,00-0036637,TE,rush_yds,0.063,0.0,0.0,0.0,0.0,0.0
2025_07_LV_KC,KC,LV,Noah Gray,00-0036637,TE,tgt,1.764,0.0,0.0,1.0,3.0,4.0
2025_07_LV_KC,KC,LV,Noah Gray,00-0036637,TE,rec,1.304,0.0,0.0,1.0,2.0,3.0
2025_07_LV_KC,KC,LV,Noah Gray,00-0036637,TE,rec_yds,13.181,0.0,0.0,7.6,20.398,35.725
2025_07_LV_KC,KC,LV,Noah Gray,00-0036637,TE,anytime_td,0.06,0.0,0.0,0.0,0.0,0.0
2025_07_LV_KC,KC,LV,Xavier Worthy,00-0039894,WR,car,1.197,0.0,0.0,0.0,2.0,4.0
2025_07_LV_KC,KC,LV,Xavier Worthy,00-0039894,WR,rush_yds,7.419,0.0,0.0,0.0,8.798,25.014
2025_07_LV_KC,KC,LV,Xavier Worthy,00-0039894,WR,tgt,4.523,1.0,3.0,4.0,6.0,8.0
2025_07_LV_KC,KC,LV,Xavier Worthy,00-0039894,WR,rec,3.086,1.0,2.0,3.0,4.0,6.0
2025_07_LV_KC,KC,LV,Xavier Worthy,00-0039894,WR,rec_yds,38.395,4.268,15.027,31.714,55.408,80.44
2025_07_LV_KC,KC,LV,Xavier Worthy,00-0039894,WR,anytime_td,0.299,0.0,0.0,0.0,1.0,1.0
2025_07_LV_KC,KC,LV,Isiah Pacheco,00-0037197,RB,car,8.875,3.0,5.0,8.0,12.0,16.0
2025_07_LV_KC,KC,LV,Isiah Pacheco,00-0037197,RB,rush_yds,38.743,7.9,17.521,32.225,52.98,77.984
2025_07_LV_KC,KC,LV,Isiah Pacheco,00-0037197,RB,tgt,1.84,0.0,1.0,1.0,3.0,4.0
2025_07_LV_KC,KC,LV,Isiah Pacheco,00-0037197,RB,rec,1.478,0.0,0.0,1.0,2.0,3.0
2025_07_LV_KC,KC,LV,Isiah Pacheco,00-0037197,RB,rec_yds,10.325,0.0,0.0,5.817,15.365,28.358
2025_07_LV_KC,KC,LV,Isiah Pacheco,00-0037197,RB,anytime_td,0.231,0.0,0.0,0.0,0.0,1.0
2025_07_LV_KC,KC,LV,Rashee Rice,00-0039067,WR,car,0.229,0.0,0.0,0.0,0.0,1.0
2025_07_LV_KC,KC,LV,Rashee Rice,00-0039067,WR,rush_yds,1.421,0.0,0.0,0.0,0.0,0.0
2025_07_LV_KC,KC,LV,Rashee Rice,00-0039067,WR,tgt,5.124,2.0,3.0,5.0,7.0,9.0
2025_07_LV_KC,KC,LV,Rashee Rice,00-0039067,WR,rec,3.738,1.0,2.0,3.0,5.0,7.0
2025_07_LV_KC,KC,LV,Rashee Rice,00-0039067,WR,rec_yds,47.177,7.706,20.213,40.321,66.534,95.017
2025_07_LV_KC,KC,LV,Rashee Rice,00-0039067,WR,anytime_td,0.333,0.0,0.0,0.0,1.0,1.0
2025_07_LV_KC,KC,LV,JuJu Smith-Schuster,00-0033857,WR,car,0.006,0.0,0.0,0.0,0.0,0.0
2025_07_LV_KC,KC,LV,JuJu Smith-Schuster,00-0033857,WR,rush_yds,0.054,0.0,0.0,0.0,0.0,0.0
2025_07_LV_KC,KC,LV,JuJu Smith-Schuster,00-0033857,WR,tgt,2.768,0.0,1.0,2.0,4.0,6.0
2025_07_LV_KC,KC,LV,JuJu Smith-Schuster,00-0033857,WR,rec,2.006,0.0,1.0,2.0,3.0,4.0
2025_07_LV_KC,KC,LV,JuJu Smith-Schuster,00-0033857,WR,rec_yds,25.79,0.0,5.206,18.437,38.238,61.088
2025_07_LV_KC,KC,LV,JuJu Smith-Schuster,00-0033857,WR,anytime_td,0.162,0.0,0.0,0.0,0.0,1.0
2025_07_LV_KC,KC,LV,Brashard Smith,00-0040078,RB,car,1.684,0.0,0.0,1.0,2.0,5.0
2025_07_LV_KC,KC,LV,Brashard Smith,00-0040078,RB,rush_yds,7.547,0.0,0.0,1.12,9.904,22.842
2025_07_LV_KC,KC,LV,Brashard Smith,00-0040078,RB,tgt,1.829,0.0,1.0,1.0,3.0,4.0
2025_07_LV_KC,KC,LV,Brashard Smith,00-0040078,RB,rec,1.502,0.0,0.0,1.0,2.0,3.1
2025_07_LV_KC,KC,LV,Brashard Smith,00-0040078,RB,rec_yds,12.139,0.0,0.0,6.716,18.098,32.727
2025_07_LV_KC,KC,LV,Brashard Smith,00-0040078,RB,anytime_td,0.075,0.0,0.0,0.0,0.0,0.0
2025_07_LV_KC,KC,LV,Tyquan Thornton,00-0038104,WR,car,0.024,0.0,0.0,0.0,0.0,0.0
2025_07_LV_KC,KC,LV,Tyquan Thornton,00-0038104,WR,rush_yds,0.158,0.0,0.0,0.0,0.0,0.0
2025_07_LV_KC,KC,LV,Tyquan Thornton,00-0038104,WR,tgt,2.751,0.0,1.0,2.0,4.0,6.0
2025_07_LV_KC,KC,LV,Tyquan Thornton,00-0038104,WR,rec,1.782,0.0,1.0,1.0,3.0,4.0
2025_07_LV_KC,KC,LV,Tyquan Thornton,00-0038104,WR,rec_yds,26.336,0.0,3.168,18.193,39.043,64.311
2025_07_LV_KC,KC,LV,Tyquan Thornton,00-0038104,WR,anytime_td,0.25,0.0,0.0,0.0,0.0,1.0
2025_07_LV_KC,KC,LV,Marquise Brown,00-0035662,WR,car,0.015,0.0,0.0,0.0,0.0,0.0
2025_07_LV_KC,KC,LV,Marquise Brown,00-0035662,WR,rush_yds,0.069,0.0,0.0,0.0,0.0,0.0
2025_07_LV_KC,KC,LV,Marquise Brown,00-0035662,WR,tgt,5.053,2.0,3.0,5.0,7.0,9.0
2025_07_LV_KC,KC,LV,Marquise Brown,00-0035662,WR,rec,3.466,1.0,2.0,3.0,5.0,6.0
2025_07_LV_KC,KC,LV,Marquise Brown,00-0035662,WR,rec_yds,41.321,6.009,17.276,35.372,58.37,84.991
2025_07_LV_KC,KC,LV,Marquise Brown,00-0035662,WR,anytime_td,0.344,0.0,0.0,0.0,1.0,1.0
2025_07_LV_KC,KC,LV,Kareem Hunt,00-0033923,RB,car,9.123,3.0,5.0,8.0,12.0,16.0
2025_07_LV_KC,KC,LV,Kareem Hunt,00-0033923,RB,rush_yds,39.339,8.467,17.161,32.369,54.092,78.975
2025_07_LV_KC,KC,LV,Kareem Hunt,00-0033923,RB,tgt,1.044,0.0,0.0,1.0,2.0,3.0
2025_07_LV_KC,KC,LV,Kareem Hunt,00-0033923,RB,rec,0.882,0.0,0.0,1.0,1.0,2.0
2025_07_LV_KC,KC,LV,Kareem Hunt,00-0033923,RB,rec_yds,6.902,0.0,0.0,0.0,9.946,22.178
2025_07_LV_KC,KC,LV,Kareem Hunt,00-0033923,RB,anytime_td,0.34,0.0,0.0,0.0,1.0,1.0
2025_07_LV_KC,LV,KC,Michael Mayer,00-0039066,TE,car,0.004,0.0,0.0,0.0,0.0,0.0
2025_07_LV_KC,LV,KC,Michael Mayer,00-0039066,TE,rush_yds,0.009,0.0,0.0,0.0,0.0,0.0
2025_07_LV_KC,LV,KC,Michael Mayer,00-0039066,TE,tgt,4.559,1.0,3.0,4.0,6.0,8.0
2025_07_LV_KC,LV,KC,Michael Mayer,00-0039066,TE,rec,3.165,1.0,2.0,3.0,4.0,6.0
2025_07_LV_KC,LV,KC,Michael Mayer,00-0039066,TE,rec_yds,29.465,3.48,11.59,24.846,41.552,62.0
2025_07_LV_KC,LV,KC,Michael Mayer,00-0039066,TE,anytime_td,0.131,0.0,0.0,0.0,0.0,1.0
2025_07_LV_KC,LV,KC,Tre Tucker,00-0038563,WR,car,0.626,0.0,0.0,0.0,1.0,2.0
2025_07_LV_KC,LV,KC,Tre Tucker,00-0038563,WR,rush_yds,3.218,0.0,0.0,0.0,0.0,11.013
2025_07_LV_KC,LV,KC,Tre Tucker,00-0038563,WR,tgt,7.716,4.0,5.0,7.0,10.0,12.0
2025_07_LV_KC,LV,KC,Tre Tucker,00-0038563,WR,rec,4.977,2.0,3.0,5.0,7.0,8.0
2025_07_LV_KC,LV,KC,Tre Tucker,00-0038563,WR,rec_yds,62.699,17.173,32.725,56.559,85.458,116.874
2025_07_LV_KC,LV,KC,Tre Tucker,00-0038563,WR,anytime_td,0.253,0.0,0.0,0.0,1.0,1.0
2025_07_LV_KC,LV,KC,Dont'e Thornton Jr.,00-0040581,WR,car,0.01,0.0,0.0,0.0,0.0,0.0
2025_07_LV_KC,LV,KC,Dont'e Thornton Jr.,00-0040581,WR,rush_yds,0.051,0.0,0.0,0.0,0.0,0.0
2025_07_LV_KC,LV,KC,Dont'e Thornton Jr.,00-0040581,WR,tgt,3.685,1.0,2.0,3.0,5.0,7.0
2025_07_LV_KC,LV,KC,Dont'e Thornton Jr.,00-0040581,WR,rec,2.004,0.0,1.0,2.0,3.0,4.0
2025_07_LV_KC,LV,KC,Dont'e Thornton Jr.,00-0040581,WR,rec_yds,24.313,0.0,5.625,18.152,36.139,57.508
2025_07_LV_KC,LV,KC,Dont'e Thornton Jr.,00-0040581,WR,anytime_td,0.033,0.0,0.0,0.0,0.0,0.0
2025_07_LV_KC,LV,KC,Geno Smith,00-0030565,QB,att,30.333,20.0,26.0,31.0,36.0,41.0
2025_07_LV_KC,LV,KC,Geno Smith,00-0030565,QB,cmp,19.232,12.0,16.0,20.0,23.0,27.0
2025_07_LV_KC,LV,KC,Geno Smith,00-0030565,QB,pass_yds,193.35,110.668,150.647,192.343,236.816,279.883
2025_07_LV_KC,LV,KC,Geno Smith,00-0030565,QB,pass_td,0.889,0.0,0.0,1.0,1.0,2.0
2025_07_LV_KC,LV,KC,Geno Smith,00-0030565,QB,ints,0.896,0.0,0.0,1.0,1.0,2.0
2025_07_LV_KC,LV,KC,Geno Smith,00-0030565,QB,car,2.929,0.0,1.0,2.0,4.0,6.0
2025_07_LV_KC,LV,KC,Geno Smith,00-0030565,QB,rush_yds,14.176,0.0,2.081,10.166,21.559,34.65
2025_07_LV_KC,LV,KC,Geno Smith,00-0030565,QB,tgt,0.001,0.0,0.0,0.0,0.0,0.0
2025_07_LV_KC,LV,KC,Geno Smith,00-0030565,QB,rec,0.001,0.0,0.0,0.0,0.0,0.0
2025_07_LV_KC,LV,KC,Geno Smith,00-0030565,QB,rec_yds,0.002,0.0,0.0,0.0,0.0,0.0
2025_07_LV_KC,LV,KC,Geno Smith,00-0030565,QB,anytime_td,0.039,0.0,0.0,0.0,0.0,0.0
2025_07_LV_KC,LV,KC,Jack Bech,00-0040729,WR,car,0.011,0.0,0.0,0.0,0.0,0.0
2025_07_LV_KC,LV,KC,Jack Bech,00-0040729,WR,rush_yds,0.052,0.0,0.0,0.0,0.0,0.0
2025_07_LV_KC,LV,KC,Jack Bech,00-0040729,WR,tgt,2.44,0.0,1.0,2.0,4.0,5.0
2025_07_LV_KC,LV,KC,Jack Bech,00-0040729,WR,rec,1.471,0.0,0.0,1.0,2.0,3.0
2025_07_LV_KC,LV,KC,Jack Bech,00-0040729,WR,rec_yds,17.238,0.0,0.0,10.792,25.948,44.426
2025_07_LV_KC,LV,KC,Jack Bech,00-0040729,WR,anytime_td,0.018,0.0,0.0,0.0,0.0,0.0
2025_07_LV_KC,LV,KC,Ashton Jeanty,00-0040122,RB,car,14.285,7.0,10.0,14.0,18.0,22.0
2025_07_LV_KC,LV,KC,Ashton Jeanty,00-0040122,RB,rush_yds,54.266,17.836,29.983,48.431,71.765,97.993
2025_07_LV_KC,LV,KC,Ashton Jeanty,00-0040122,RB,tgt,5.095,2.0,3.0,5.0,7.0,9.0
2025_07_LV_KC,LV,KC,Ashton Jeanty,00-0040122,RB,rec,3.781,1.0,2.0,3.0,5.0,7.0
2025_07_LV_KC,LV,KC,Ashton Jeanty,00-0040122,RB,rec_yds,24.673,2.994,9.858,20.459,34.826,51.956
2025_07_LV_KC,LV,KC,Ashton Jeanty,00-0040122,RB,anytime_td,0.439,0.0,0.0,0.0,1.0,1.0
2025_07_LV_KC,LV,KC,Ian Thomas,00-0034365,TE,car,0.005,0.0,0.0,0.0,0.0,0.0
2025_07_LV_KC,LV,KC,Ian Thomas,00-0034365,TE,rush_yds,0.008,0.0,0.0,0.0,0.0,0.0
2025_07_LV_KC,LV,KC,Ian Thomas,00-0034365,TE,tgt,1.322,0.0,0.0,1.0,2.0,3.0
2025_07_LV_KC,LV,KC,Ian Thomas,00-0034365,TE,rec,0.931,0.0,0.0,1.0,1.0,2.0
2025_07_LV_KC,LV,KC,Ian Thomas,00-0034365,TE,rec_yds,8.655,0.0,0.0,2.893,13.434,25.206
2025_07_LV_KC,LV,KC,Ian Thomas,00-0034365,TE,anytime_td,0.013,0.0,0.0,0.0,0.0,0.0
2025_07_LV_KC,LV,KC,Raheem Mostert,00-0031687,RB,car,4.421,1.0,2.0,4.0,6.0,9.0
2025_07_LV_KC,LV,KC,Raheem Mostert,00-0031687,RB,rush_yds,16.836,0.0,3.586,10.933,24.075,40.687
2025_07_LV_KC,LV,KC,Raheem Mostert,00-0031687,RB,tgt,1.238,0.0,0.0,1.0,2.0,3.0
2025_07_LV_KC,LV,KC,Raheem Mostert,00-0031687,RB,rec,0.945,0.0,0.0,1.0,1.0,2.0
2025_07_LV_KC,LV,KC,Raheem Mostert,00-0031687,RB,rec_yds,6.583,0.0,0.0,0.892,9.562,20.08
2025_07_LV_KC,LV,KC,Raheem Mostert,00-0031687,RB,anytime_td,0.094,0.0,0.0,0.0,0.0,0.0
2025_07_LV_KC,LV,KC,Dylan Laube,00-0039407,RB,car,1.65,0.0,0.0,1.0,2.0,5.0
2025_07_LV_KC,LV,KC,Dylan Laube,00-0039407,RB,rush_yds,6.075,0.0,0.0,0.916,8.072,18.38
2025_07_LV_KC,LV,KC,Dylan Laube,00-0039407,RB,tgt,1.47,0.0,0.0,1.0,2.0,4.0
2025_07_LV_KC,LV,KC,Dylan Laube,00-0039407,RB,rec,1.099,0.0,0.0,1.0,2.0,3.0
2025_07_LV_KC,LV,KC,Dylan Laube,00-0039407,RB,rec_yds,7.709,0.0,0.0,2.855,11.567,22.524
2025_07_LV_KC,LV,KC,Dylan Laube,00-0039407,RB,anytime_td,0.052,0.0,0.0,0.0,0.0,0.0
2025_07_LV_KC,LV,KC,Shedrick Jackson,00-0038891,WR,car,0.064,0.0,0.0,0.0,0.0,0.0
2025_07_LV_KC,LV,KC,Shedrick Jackson,00-0038891,WR,rush_yds,0.302,0.0,0.0,0.0,0.0,0.0
2025_07_LV_KC,LV,KC,Shedrick Jackson,00-0038891,WR,tgt,1.937,0.0,1.0,2.0,3.0,4.0
2025_07_LV_KC,LV,KC,Shedrick Jackson,00-0038891,WR,rec,1.175,0.0,0.0,1.0,2.0,3.0
2025_07_LV_KC,LV,KC,Shedrick Jackson,00-0038891,WR,rec_yds,14.195,0.0,0.0,7.893,21.387,38.997
2025_07_LV_KC,LV,KC,Shedrick Jackson,00-0038891,WR,anytime_td,0.035,0.0,0.0,0.0,0.0,0.0
2025_07_LV_KC,LV,KC,Alex Bachman,00-0035602,WR,car,0.009,0.0,0.0,0.0,0.0,0.0
2025_07_LV_KC,LV,KC,Alex Bachman,00-0035602,WR,rush_yds,0.038,0.0,0.0,0.0,0.0,0.0
2025_07_LV_KC,LV,KC,Alex Bachman,00-0035602,WR,tgt,0.83,0.0,0.0,0.0,1.0,2.0
2025_07_LV_KC,LV,KC,Alex Bachman,00-0035602,WR,rec,0.51,0.0,0.0,0.0,1.0,2.0
2025_07_LV_KC,LV,KC,Alex Bachman,00-0035602,WR,rec_yds,6.014,0.0,0.0,0.0,7.644,20.083
2025_07_LV_KC,LV,KC,Alex Bachman,00-0035602,WR,anytime_td,0.006,0.0,0.0,0.0,0.0,0.0
2025_07_MIA_CLE,CLE,MIA,Dillon Gabriel,00-0040704,QB,att,31.639,21.0,27.0,32.0,38.0,43.0
2025_07_MIA_CLE,CLE,MIA,Dillon Gabriel,00-0040704,QB,cmp,20.312,13.0,17.0,21.0,25.0,28.0
2025_07_MIA_CLE,CLE,MIA,Dillon Gabriel,00-0040704,QB,pass_yds,204.904,120.006,160.874,204.679,250.731,295.549
2025_07_MIA_CLE,CLE,MIA,Dillon Gabriel,00-0040704,QB,pass_td,1.177,0.0,0.0,1.0,2.0,3.0
2025_07_MIA_CLE,CLE,MIA,Dillon Gabriel,00-0040704,QB,ints,0.601,0.0,0.0,0.0,1.0,2.0
2025_07_MIA_CLE,CLE,MIA,Dillon Gabriel,00-0040704,QB,car,2.08,0.0,1.0,2.0,3.0,4.0
2025_07_MIA_CLE,CLE,MIA,Dillon Gabriel,00-0040704,QB,rush_yds,7.443,-1.0,0.0,2.98,11.918,22.836
2025_07_MIA_CLE,CLE,MIA,Dillon Gabriel,00-0040704,QB,tgt,0.001,0.0,0.0,0.0,0.0,0.0
2025_07_MIA_CLE,CLE,MIA,Dillon Gabriel,00-0040704,QB,rec,0.001,0.0,0.0,0.0,0.0,0.0
2025_07_MIA_CLE,CLE,MIA,Dillon Gabriel,00-0040704,QB,rec_yds,0.005,0.0,0.0,0.0,0.0,0.0
2025_07_MIA_CLE,CLE,MIA,Dillon Gabriel,00-0040704,QB,anytime_td,0.016,0.0,0.0,0.0,0.0,0.0
2025_07_MIA_CLE,CLE,MIA,Harold Fannin Jr.,00-0040663,TE,car,0.279,0.0,0.0,0.0,0.0,1.0
2025_07_MIA_CLE,CLE,MIA,Harold Fannin Jr.,00-0040663,TE,rush_yds,0.684,0.0,0.0,0.0,0.0,0.929
2025_07_MIA_CLE,CLE,MIA,Harold Fannin Jr.,00-0040663,TE,tgt,6.35,3.0,4.0,6.0,8.0,10.0
2025_07_MIA_CLE,CLE,MIA,Harold Fannin Jr.,00-0040663,TE,rec,4.686,2.0,3.0,4.0,6.0,8.0
2025_07_MIA_CLE,CLE,MIA,Harold Fannin Jr.,00-0040663,TE,rec_yds,46.01,12.246,23.563,41.186,63.51,85.496
2025_07_MIA_CLE,CLE,MIA,Harold Fannin Jr.,00-0040663,TE,anytime_td,0.192,0.0,0.0,0.0,0.0,1.0
2025_07_MIA_CLE,CLE,MIA,Jerry Jeudy,00-0036407,WR,car,0.009,0.0,0.0,0.0,0.0,0.0
2025_07_MIA_CLE,CLE,MIA,Jerry Jeudy,00-0036407,WR,rush_yds,0.032,0.0,0.0,0.0,0.0,0.0
2025_07_MIA_CLE,CLE,MIA,Jerry Jeudy,00-0036407,WR,tgt,8.511,4.0,6.0,8.0,11.0,13.0
2025_07_MIA_CLE,CLE,MIA,Jerry Jeudy,00-0036407,WR,rec,4.66,2.0,3.0,4.0,6.0,8.0
2025_07_MIA_CLE,CLE,MIA,Jerry Jeudy,00-0036407,WR,rec_yds,57.171,14.751,30.149,51.041,78.201,107.551
2025_07_MIA_CLE,CLE,MIA,Jerry Jeudy,00-0036407,WR,anytime_td,0.132,0.0,0.0,0.0,0.0,1.0
2025_07_MIA_CLE,CLE,MIA,Quinshon Judkins,00-0040784,RB,car,15.71,8.0,11.0,15.0,20.0,24.0
2025_07_MIA_CLE,CLE,MIA,Quinshon Judkins,00-0040784,RB,rush_yds,67.322,23.832,38.983,60.586,88.23,118.532
2025_07_MIA_CLE,CLE,MIA,Quinshon Judkins,00-0040784,RB,tgt,2.283,0.0,1.0,2.0,3.0,5.0
2025_07_MIA_CLE,CLE,MIA,Quinshon Judkins,00-0040784,RB,rec,1.789,0.0,1.0,1.0,3.0,4.0
2025_07_MIA_CLE,CLE,MIA,Quinshon Judkins,00-0040784,RB,rec_yds,13.265,0.0,0.0,8.756,19.543,34.227
2025_07_MIA_CLE,CLE,MIA,Quinshon Judkins,00-0040784,RB,anytime_td,0.379,0.0,0.0,0.0,1.0,1.0
2025_07_MIA_CLE,CLE,MIA,Blake Whiteheart,00-0038710,TE,car,0.002,0.0,0.0,0.0,0.0,0.0
2025_07_MIA_CLE,CLE,MIA,Blake Whiteheart,00-0038710,TE,rush_yds,0.005,0.0,0.0,0.0,0.0,0.0
2025_07_MIA_CLE,CLE,MIA,Blake Whiteheart,00-0038710,TE,tgt,0.57,0.0,0.0,0.0,1.0,2.0
2025_07_MIA_CLE,CLE,MIA,Blake Whiteheart,00-0038710,TE,rec,0.407,0.0,0.0,0.0,1.0,1.0
2025_07_MIA_CLE,CLE,MIA,Blake Whiteheart,00-0038710,TE,rec_yds,4.053,0.0,0.0,0.0,3.837,14.699
2025_07_MIA_CLE,CLE,MIA,Blake Whiteheart,00-0038710,TE,anytime_td,0.012,0.0,0.0,0.0,0.0,0.0
2025_07_MIA_CLE,CLE,MIA,Isaiah Bond,00-0040782,WR,car,0.115,0.0,0.0,0.0,0.0,0.0
2025_07_MIA_CLE,CLE,MIA,Isaiah Bond,00-0040782,WR,rush_yds,0.616,0.0,0.0,0.0,0.0,0.0
2025_07_MIA_CLE,CLE,MIA,Isaiah Bond,00-0040782,WR,tgt,4.573,1.0,3.0,4.0,6.0,8.0
2025_07_MIA_CLE,CLE,MIA,Isaiah Bond,00-0040782,WR,rec,2.623,0.0,1.0,2.0,4.0,5.0
2025_07_MIA_CLE,CLE,MIA,Isaiah Bond,00-0040782,WR,rec_yds,32.638,0.0,11.132,26.379,47.906,70.95
2025_07_MIA_CLE,CLE,MIA,Isaiah Bond,00-0040782,WR,anytime_td,0.111,0.0,0.0,0.0,0.0,1.0
2025_07_MIA_CLE,CLE,MIA,Jamari Thrash,00-0039379,WR,car,0.01,0.0,0.0,0.0,0.0,0.0
2025_07_MIA_CLE,CLE,MIA,Jamari Thrash,00-0039379,WR,rush_yds,0.079,0.0,0.0,0.0,0.0,0.0
2025_07_MIA_CLE,CLE,MIA,Jamari Thrash,00-0039379,WR,tgt,1.541,0.0,0.0,1.0,2.0,4.0
2025_07_MIA_CLE,CLE,MIA,Jamari Thrash,00-0039379,WR,rec,1.017,0.0,0.0,1.0,2.0,3.0
2025_07_MIA_CLE,CLE,MIA,Jamari Thrash,00-0039379,WR,rec_yds,12.159,0.0,0.0,5.077,18.141,35.281
2025_07_MIA_CLE,CLE,MIA,Jamari Thrash,00-0039379,WR,anytime_td,0.018,0.0,0.0,0.0,0.0,0.0
2025_07_MIA_CLE,CLE,MIA,Gage Larvadain,00-0040259,WR,car,0.023,0.0,0.0,0.0,0.0,0.0
2025_07_MIA_CLE,CLE,MIA,Gage Larvadain,00-0040259,WR,rush_yds,0.103,0.0,0.0,0.0,0.0,0.0
2025_07_MIA_CLE,CLE,MIA,Gage Larvadain,00-0040259,WR,tgt,2.149,0.0,1.0,2.0,3.0,5.0
2025_07_MIA_CLE,CLE,MIA,Gage Larvadain,00-0040259,WR,rec,1.347,0.0,0.0,1.0,2.0,3.0
2025_07_MIA_CLE,CLE,MIA,Gage Larvadain,00-0040259,WR,rec_yds,16.937,0.0,0.0,9.828,25.399,45.951
2025_07_MIA_CLE,CLE,MIA,Gage Larvadain,00-0040259,WR,anytime_td,0.037,0.0,0.0,0.0,0.0,0.0
2025_07_MIA_CLE,CLE,MIA,Jerome Ford,00-0037267,RB,car,4.165,0.0,1.0,3.0,6.0,9.0
2025_07_MIA_CLE,CLE,MIA,Jerome Ford,00-0037267,RB,rush_yds,17.83,0.0,3.096,11.576,25.45,43.385
2025_07_MIA_CLE,CLE,MIA,Jerome Ford,00-0037267,RB,tgt,3.482,1.0,2.0,3.0,5.0,7.0
2025_07_MIA_CLE,CLE,MIA,Jerome Ford,00-0037267,RB,rec,2.864,1.0,1.0,3.0,4.0,6.0
2025_07_MIA_CLE,CLE,MIA,Jerome Ford,00-0037267,RB,rec_yds,18.206,0.0,5.348,14.094,26.442,41.649
2025_07_MIA_CLE,CLE,MIA,Jerome Ford,00-0037267,RB,anytime_td,0.15,0.0,0.0,0.0,0.0,1.0
2025_07_MIA_CLE,CLE,MIA,Malachi Corley,00-0039920,WR,car,0.368,0.0,0.0,0.0,0.0,1.0
2025_07_MIA_CLE,CLE,MIA,Malachi Corley,00-0039920,WR,rush_yds,2.072,0.0,0.0,0.0,0.0,5.419
2025_07_MIA_CLE,CLE,MIA,Malachi Corley,00-0039920,WR,tgt,0.645,0.0,0.0,0.0,1.0,2.0
2025_07_MIA_CLE,CLE,MIA,Malachi Corley,00-0039920,WR,rec,0.404,0.0,0.0,0.0,1.0,1.0
2025_07_MIA_CLE,CLE,MIA,Malachi Corley,00-0039920,WR,rec_yds,4.915,0.0,0.0,0.0,4.412,17.796
2025_07_MIA_CLE,CLE,MIA,Malachi Corley,00-0039920,WR,anytime_td,0.021,0.0,0.0,0.0,0.0,0.0
2025_07_MIA_CLE,CLE,MIA,Dylan Sampson,00-0040162,RB,car,3.181,0.0,1.0,2.0,5.0,8.0
2025_07_MIA_CLE,CLE,MIA,Dylan Sampson,00-0040162,RB,rush_yds,12.717,0.0,0.716,6.806,18.082,33.512
2025_07_MIA_CLE,CLE,MIA,Dylan Sampson,00-0040162,RB,tgt,2.361,0.0,1.0,2.0,3.0,5.0
2025_07_MIA_CLE,CLE,MIA,Dylan Sampson,00-0040162,RB,rec,1.917,0.0,1.0,2.0,3.0,4.0
2025_07_MIA_CLE,CLE,MIA,Dylan Sampson,00-0040162,RB,rec_yds,13.663,0.0,0.0,9.121,20.194,34.942
2025_07_MIA_CLE,CLE,MIA,Dylan Sampson,00-0040162,RB,anytime_td,0.167,0.0,0.0,0.0,0.0,1.0
2025_07_MIA_CLE,MIA,CLE,Tua Tagovailoa,00-0036212,QB,att,30.393,20.0,26.0,31.0,36.0,41.0
2025_07_MIA_CLE,MIA,CLE,Tua Tagovailoa,00-0036212,QB,cmp,19.536,12.0,16.0,20.0,24.0,27.0
2025_07_MIA_CLE,MIA,CLE,Tua Tagovailoa,00-0036212,QB,pass_yds,193.852,110.275,150.668,192.905,238.867,283.959
2025_07_MIA_CLE,MIA,CLE,Tua Tagovailoa,00-0036212,QB,pass_td,0.97,0.0,0.0,1.0,2.0,2.0
2025_07_MIA_CLE,MIA,CLE,Tua Tagovailoa,00-0036212,QB,ints,0.692,0.0,0.0,0.0,1.0,2.0
2025_07_MIA_CLE,MIA,CLE,Tua Tagovailoa,00-0036212,QB,car,2.051,0.0,1.0,2.0,3.0,4.0
2025_07_MIA_CLE,MIA,CLE,Tua Tagovailoa,00-0036212,QB,rush_yds,7.751,-1.0,0.0,3.774,12.209,22.645
2025_07_MIA_CLE,MIA,CLE,Tua Tagovailoa,00-0036212,QB,tgt,0.0,0.0,0.0,0.0,0.0,0.0
2025_07_MIA_CLE,MIA,CLE,Tua Tagovailoa,00-0036212,QB,rec,0.0,0.0,0.0,0.0,0.0,0.0
2025_07_MIA_CLE,MIA,CLE,Tua Tagovailoa,00-0036212,QB,rec_yds,0.0,0.0,0.0,0.0,0.0,0.0
2025_07_MIA_CLE,MIA,CLE,Tua Tagovailoa,00-0036212,QB,anytime_td,0.007,0.0,0.0,0.0,0.0,0.0
2025_07_MIA_CLE,MIA,CLE,Nick Westbrook-Ikhine,00-0036182,WR,car,0.013,0.0,0.0,0.0,0.0,0.0
2025_07_MIA_CLE,MIA,CLE,Nick Westbrook-Ikhine,00-0036182,WR,rush_yds,0.068,0.0,0.0,0.0,0.0,0.0
2025_07_MIA_CLE,MIA,CLE,Nick Westbrook-Ikhine,00-0036182,WR,tgt,1.886,0.0,1.0,2.0,3.0,4.0
2025_07_MIA_CLE,MIA,CLE,Nick Westbrook-Ikhine,00-0036182,WR,rec,1.099,0.0,0.0,1.0,2.0,3.0
2025_07_MIA_CLE,MIA,CLE,Nick Westbrook-Ikhine,00-0036182,WR,rec_yds,13.282,0.0,0.0,6.756,20.471,36.982
2025_07_MIA_CLE,MIA,CLE,Nick Westbrook-Ikhine,00-0036182,WR,anytime_td,0.046,0.0,0.0,0.0,0.0,0.0
2025_07_MIA_CLE,MIA,CLE,Jaylen Waddle,00-0036613,WR,car,0.068,0.0,0.0,0.0,0.0,0.0
2025_07_MIA_CLE,MIA,CLE,Jaylen Waddle,00-0036613,WR,rush_yds,0.331,0.0,0.0,0.0,0.0,0.0
2025_07_MIA_CLE,MIA,CLE,Jaylen Waddle,00-0036613,WR,tgt,7.064,3.0,5.0,7.0,9.0,11.0
2025_07_MIA_CLE,MIA,CLE,Jaylen Waddle,00-0036613,WR,rec,4.446,2.0,3.0,4.0,6.0,8.0
2025_07_MIA_CLE,MIA,CLE,Jaylen Waddle,00-0036613,WR,rec_yds,57.954,13.973,29.843,51.675,79.427,108.128
2025_07_MIA_CLE,MIA,CLE,Jaylen Waddle,00-0036613,WR,anytime_td,0.198,0.0,0.0,0.0,0.0,1.0
2025_07_MIA_CLE,MIA,CLE,Malik Washington,00-0039880,WR,car,1.169,0.0,0.0,0.0,2.0,4.0
2025_07_MIA_CLE,MIA,CLE,Malik Washington,00-0039880,WR,rush_yds,5.58,0.0,0.0,0.0,6.81,19.261
2025_07_MIA_CLE,MIA,CLE,Malik Washington,00-0039880,WR,tgt,4.35,1.0,2.0,4.0,6.0,8.0
2025_07_MIA_CLE,MIA,CLE,Malik Washington,00-0039880,WR,rec,2.676,0.0,1.0,2.0,4.0,5.0
2025_07_MIA_CLE,MIA,CLE,Malik Washington,00-0039880,WR,rec_yds,27.016,0.0,9.266,21.597,39.297,58.817
2025_07_MIA_CLE,MIA,CLE,Malik Washington,00-0039880,WR,anytime_td,0.074,0.0,0.0,0.0,0.0,0.0
2025_07_MIA_CLE,MIA,CLE,Julian Hill,00-0038720,TE,car,0.0,0.0,0.0,0.0,0.0,0.0
2025_07_MIA_CLE,MIA,CLE,Julian Hill,00-0038720,TE,rush_yds,0.0,0.0,0.0,0.0,0.0,0.0
2025_07_MIA_CLE,MIA,CLE,Julian Hill,00-0038720,TE,tgt,2.107,0.0,1.0,2.0,3.0,5.0
2025_07_MIA_CLE,MIA,CLE,Julian Hill,00-0038720,TE,rec,1.445,0.0,0.0,1.0,2.0,3.0
2025_07_MIA_CLE,MIA,CLE,Julian Hill,00-0038720,TE,rec_yds,13.937,0.0,0.0,8.777,21.07,36.998
2025_07_MIA_CLE,MIA,CLE,Julian Hill,00-0038720,TE,anytime_td,0.018,0.0,0.0,0.0,0.0,0.0
2025_07_MIA_CLE,MIA,CLE,De'Von Achane,00-0039040,RB,car,12.96,6.0,9.0,12.0,17.0,21.0
2025_07_MIA_CLE,MIA,CLE,De'Von Achane,00-0039040,RB,rush_yds,51.85,16.295,28.131,45.294,69.095,95.476
2025_07_MIA_CLE,MIA,CLE,De'Von Achane,00-0039040,RB,tgt,6.215,2.0,4.0,6.0,8.0,10.0
2025_07_MIA_CLE,MIA,CLE,De'Von Achane,00-0039040,RB,rec,4.613,2.0,3.0,4.0,6.0,8.0
2025_07_MIA_CLE,MIA,CLE,De'Von Achane,00-0039040,RB,rec_yds,31.015,5.695,13.889,26.513,43.386,60.889
2025_07_MIA_CLE,MIA,CLE,De'Von Achane,00-0039040,RB,anytime_td,0.412,0.0,0.0,0.0,1.0,1.0
2025_07_MIA_CLE,MIA,CLE,Alec Ingold,00-0035125,RB,car,0.512,0.0,0.0,0.0,0.0,2.0
2025_07_MIA_CLE,MIA,CLE,Alec Ingold,00-0035125,RB,rush_yds,1.775,0.0,0.0,0.0,0.0,5.937
2025_07_MIA_CLE,MIA,CLE,Alec Ingold,00-0035125,RB,tgt,1.011,0.0,0.0,1.0,2.0,3.0
2025_07_MIA_CLE,MIA,CLE,Alec Ingold,00-0035125,RB,rec,0.73,0.0,0.0,0.0,1.0,2.0
2025_07_MIA_CLE,MIA,CLE,Alec Ingold,00-0035125,RB,rec_yds,5.681,0.0,0.0,0.0,7.84,18.687
2025_07_MIA_CLE,MIA,CLE,Alec Ingold,00-0035125,RB,anytime_td,0.02,0.0,0.0,0.0,0.0,0.0
2025_07_MIA_CLE,MIA,CLE,Tanner Conner,00-0037348,TE,car,0.002,0.0,0.0,0.0,0.0,0.0
2025_07_MIA_CLE,MIA,CLE,Tanner Conner,00-0037348,TE,rush_yds,0.003,0.0,0.0,0.0,0.0,0.0
2025_07_MIA_CLE,MIA,CLE,Tanner Conner,00-0037348,TE,tgt,1.439,0.0,0.0,1.0,2.0,3.0
2025_07_MIA_CLE,MIA,CLE,Tanner Conner,00-0037348,TE,rec,0.977,0.0,0.0,1.0,2.0,3.0
2025_07_MIA_CLE,MIA,CLE,Tanner Conner,00-0037348,TE,rec_yds,9.611,0.0,0.0,3.921,14.359,28.411
2025_07_MIA_CLE,MIA,CLE,Tanner Conner,00-0037348,TE,anytime_td,0.016,0.0,0.0,0.0,0.0,0.0
2025_07_MIA_CLE,MIA,CLE,Ollie Gordon II,00-0040198,RB,car,4.135,0.0,1.0,3.0,6.0,9.0
2025_07_MIA_CLE,MIA,CLE,Ollie Gordon II,00-0040198,RB,rush_yds,14.181,0.0,2.753,9.498,20.266,34.317
2025_07_MIA_CLE,MIA,CLE,Ollie Gordon II,00-0040198,RB,tgt,0.783,0.0,0.0,0.0,1.0,2.0
2025_07_MIA_CLE,MIA,CLE,Ollie Gordon II,00-0040198,RB,rec,0.578,0.0,0.0,0.0,1.0,2.0
2025_07_MIA_CLE,MIA,CLE,Ollie Gordon II,00-0040198,RB,rec_yds,3.97,0.0,0.0,0.0,4.946,13.411
2025_07_MIA_CLE,MIA,CLE,Ollie Gordon II,00-0040198,RB,anytime_td,0.114,0.0,0.0,0.0,0.0,1.0
2025_07_MIA_CLE,MIA,CLE,Dee Eskridge,00-0036620,WR,car,0.017,0.0,0.0,0.0,0.0,0.0
2025_07_MIA_CLE,MIA,CLE,Dee Eskridge,00-0036620,WR,rush_yds,0.087,0.0,0.0,0.0,0.0,0.0
2025_07_MIA_CLE,MIA,CLE,Dee Eskridge,00-0036620,WR,tgt,0.779,0.0,0.0,0.0,1.0,2.0
2025_07_MIA_CLE,MIA,CLE,Dee Eskridge,00-0036620,WR,rec,0.461,0.0,0.0,0.0,1.0,1.0
2025_07_MIA_CLE,MIA,CLE,Dee Eskridge,00-0036620,WR,rec_yds,5.749,0.0,0.0,0.0,6.618,20.135
2025_07_MIA_CLE,MIA,CLE,Dee Eskridge,00-0036620,WR,anytime_td,0.005,0.0,0.0,0.0,0.0,0.0
2025_07_MIA_CLE,MIA,CLE,Darren Waller,00-0031610,TE,car,0.002,0.0,0.0,0.0,0.0,0.0
2025_07_MIA_CLE,MIA,CLE,Darren Waller,00-0031610,TE,rush_yds,0.006,0.0,0.0,0.0,0.0,0.0
2025_07_MIA_CLE,MIA,CLE,Darren Waller,00-0031610,TE,tgt,4.886,2.0,3.0,5.0,7.0,9.0
2025_07_MIA_CLE,MIA,CLE,Darren Waller,00-0031610,TE,rec,3.399,1.0,2.0,3.0,5.0,6.0
2025_07_MIA_CLE,MIA,CLE,Darren Waller,00-0031610,TE,rec_yds,35.444,4.971,14.456,30.042,50.613,72.341
2025_07_MIA_CLE,MIA,CLE,Darren Waller,00-0031610,TE,anytime_td,0.313,0.0,0.0,0.0,1.0,1.0
2025_07_MIA_CLE,MIA,CLE,Jaylen Wright,00-0039874,RB,car,3.512,0.0,1.0,3.0,5.0,8.0
2025_07_MIA_CLE,MIA,CLE,Jaylen Wright,00-0039874,RB,rush_yds,12.368,0.0,1.598,7.309,17.649,31.836
2025_07_MIA_CLE,MIA,CLE,Jaylen Wright,00-0039874,RB,tgt,0.543,0.0,0.0,0.0,1.0,2.0
2025_07_MIA_CLE,MIA,CLE,Jaylen Wright,00-0039874,RB,rec,0.402,0.0,0.0,0.0,1.0,1.0
2025_07_MIA_CLE,MIA,CLE,Jaylen Wright,00-0039874,RB,rec_yds,2.874,0.0,0.0,0.0,1.024,10.606
2025_07_MIA_CLE,MIA,CLE,Jaylen Wright,00-0039874,RB,anytime_td,0.065,0.0,0.0,0.0,0.0,0.0
2025_07_NE_TEN,TEN,NE,Cam Ward,00-0040676,QB,att,30.045,20.0,26.0,31.0,36.0,40.0
2025_07_NE_TEN,TEN,NE,Cam Ward,00-0040676,QB,cmp,19.139,12.0,16.0,19.0,23.0,27.0
2025_07_NE_TEN,TEN,NE,Cam Ward,00-0040676,QB,pass_yds,191.176,111.732,149.788,190.12,233.457,278.102
2025_07_NE_TEN,TEN,NE,Cam Ward,00-0040676,QB,pass_td,1.02,0.0,0.0,1.0,2.0,2.0
2025_07_NE_TEN,TEN,NE,Cam Ward,00-0040676,QB,ints,0.683,0.0,0.0,0.0,1.0,2.0
2025_07_NE_TEN,TEN,NE,Cam Ward,00-0040676,QB,car,2.031,0.0,1.0,2.0,3.0,4.0
2025_07_NE_TEN,TEN,NE,Cam Ward,00-0040676,QB,rush_yds,9.705,-1.0,0.0,5.609,14.956,26.045
2025_07_NE_TEN,TEN,NE,Cam Ward,00-0040676,QB,tgt,0.0,0.0,0.0,0.0,0.0,0.0
2025_07_NE_TEN,TEN,NE,Cam Ward,00-0040676,QB,rec,0.0,0.0,0.0,0.0,0.0,0.0
2025_07_NE_TEN,TEN,NE,Cam Ward,00-0040676,QB,rec_yds,0.002,0.0,0.0,0.0,0.0,0.0
2025_07_NE_TEN,TEN,NE,Cam Ward,00-0040676,QB,anytime_td,0.004,0.0,0.0,0.0,0.0,0.0
2025_07_NE_TEN,TEN,NE,Elic Ayomanor,00-0040170,WR,car,0.012,0.0,0.0,0.0,0.0,0.0
2025_07_NE_TEN,TEN,NE,Elic Ayomanor,00-0040170,WR,rush_yds,0.059,0.0,0.0,0.0,0.0,0.0
2025_07_NE_TEN,TEN,NE,Elic Ayomanor,00-0040170,WR,tgt,5.836,2.0,4.0,5.0,8.0,10.0
2025_07_NE_TEN,TEN,NE,Elic Ayomanor,00-0040170,WR,rec,3.357,1.0,2.0,3.0,5.0,6.0
2025_07_NE_TEN,TEN,NE,Elic Ayomanor,00-0040170,WR,rec_yds,40.304,6.346,17.492,34.179,57.114,82.112
2025_07_NE_TEN,TEN,NE,Elic Ayomanor,00-0040170,WR,anytime_td,0.268,0.0,0.0,0.0,1.0,1.0
2025_07_NE_TEN,TEN,NE,Van Jefferson,00-0036415,WR,car,0.01,0.0,0.0,0.0,0.0,0.0
2025_07_NE_TEN,TEN,NE,Van Jefferson,00-0036415,WR,rush_yds,0.035,0.0,0.0,0.0,0.0,0.0
2025_07_NE_TEN,TEN,NE,Van Jefferson,00-0036415,WR,tgt,2.324,0.0,1.0,2.0,3.0,5.0
2025_07_NE_TEN,TEN,NE,Van Jefferson,00-0036415,WR,rec,1.481,0.0,0.0,1.0,2.0,3.0
2025_07_NE_TEN,TEN,NE,Van Jefferson,00-0036415,WR,rec_yds,18.635,0.0,0.0,11.74,27.924,48.228
2025_07_NE_TEN,TEN,NE,Van Jefferson,00-0036415,WR,anytime_td,0.07,0.0,0.0,0.0,0.0,0.0
2025_07_NE_TEN,TEN,NE,Chig Okonkwo,00-0037809,TE,car,0.031,0.0,0.0,0.0,0.0,0.0
2025_07_NE_TEN,TEN,NE,Chig Okonkwo,00-0037809,TE,rush_yds,0.069,0.0,0.0,0.0,0.0,0.0
2025_07_NE_TEN,TEN,NE,Chig Okonkwo,00-0037809,TE,tgt,5.608,2.0,3.0,5.0,7.0,10.0
2025_07_NE_TEN,TEN,NE,Chig Okonkwo,00-0037809,TE,rec,4.068,1.0,2.0,4.0,5.0,7.0
2025_07_NE_TEN,TEN,NE,Chig Okonkwo,00-0037809,TE,rec_yds,39.623,8.471,19.442,35.167,54.545,75.726
2025_07_NE_TEN,TEN,NE,Chig Okonkwo,00-0037809,TE,anytime_td,0.106,0.0,0.0,0.0,0.0,1.0
2025_07_NE_TEN,TEN,NE,Chimere Dike,00-0040705,WR,car,0.863,0.0,0.0,0.0,1.0,3.0
2025_07_NE_TEN,TEN,NE,Chimere Dike,00-0040705,WR,rush_yds,4.323,0.0,0.0,0.0,3.601,15.308
2025_07_NE_TEN,TEN,NE,Chimere Dike,00-0040705,WR,tgt,3.371,1.0,2.0,3.0,5.0,7.0
2025_07_NE_TEN,TEN,NE,Chimere Dike,00-0040705,WR,rec,2.002,0.0,1.0,2.0,3.0,4.0
2025_07_NE_TEN,TEN,NE,Chimere Dike,00-0040705,WR,rec_yds,20.939,0.0,4.524,15.394,31.091,49.541
2025_07_NE_TEN,TEN,NE,Chimere Dike,00-0040705,WR,anytime_td,0.085,0.0,0.0,0.0,0.0,0.0
2025_07_NE_TEN,TEN,NE,Tony Pollard,00-0035261,RB,car,15.034,8.0,11.0,15.0,19.0,23.0
2025_07_NE_TEN,TEN,NE,Tony Pollard,00-0035261,RB,rush_yds,55.5,19.842,31.958,49.193,72.377,98.941
2025_07_NE_TEN,TEN,NE,Tony Pollard,00-0035261,RB,tgt,2.772,0.0,1.0,2.0,4.0,6.0
2025_07_NE_TEN,TEN,NE,Tony Pollard,00-0035261,RB,rec,2.138,0.0,1.0,2.0,3.0,5.0
2025_07_NE_TEN,TEN,NE,Tony Pollard,00-0035261,RB,rec_yds,14.47,0.0,2.161,10.235,21.211,35.274
2025_07_NE_TEN,TEN,NE,Tony Pollard,00-0035261,RB,anytime_td,0.35,0.0,0.0,0.0,1.0,1.0
2025_07_NE_TEN,TEN,NE,Gunnar Helm,00-0040584,TE,car,0.002,0.0,0.0,0.0,0.0,0.0
2025_07_NE_TEN,TEN,NE,Gunnar Helm,00-0040584,TE,rush_yds,0.006,0.0,0.0,0.0,0.0,0.0
2025_07_NE_TEN,TEN,NE,Gunnar Helm,00-0040584,TE,tgt,3.037,1.0,1.0,3.0,4.0,6.0
2025_07_NE_TEN,TEN,NE,Gunnar Helm,00-0040584,TE,rec,2.189,0.0,1.0,2.0,3.0,5.0
2025_07_NE_TEN,TEN,NE,Gunnar Helm,00-0040584,TE,rec_yds,21.026,0.0,5.464,16.635,31.499,48.339
2025_07_NE_TEN,TEN,NE,Gunnar Helm,00-0040584,TE,anytime_td,0.061,0.0,0.0,0.0,0.0,0.0
2025_07_NE_TEN,TEN,NE,Tyjae Spears,00-0039032,RB,car,6.314,2.0,3.0,6.0,9.0,12.0
2025_07_NE_TEN,TEN,NE,Tyjae Spears,00-0039032,RB,rush_yds,24.36,2.604,8.7,19.005,33.761,53.974
2025_07_NE_TEN,TEN,NE,Tyjae Spears,00-0039032,RB,tgt,2.847,0.0,1.0,2.0,4.0,6.0
2025_07_NE_TEN,TEN,NE,Tyjae Spears,00-0039032,RB,rec,2.248,0.0,1.0,2.0,3.0,5.0
2025_07_NE_TEN,TEN,NE,Tyjae Spears,00-0039032,RB,rec_yds,16.027,0.0,3.012,11.47,23.593,39.242
2025_07_NE_TEN,TEN,NE,Tyjae Spears,00-0039032,RB,anytime_td,0.233,0.0,0.0,0.0,0.0,1.0
2025_07_NE_TEN,TEN,NE,Tyler Lockett,00-0032211,WR,car,0.009,0.0,0.0,0.0,0.0,0.0
2025_07_NE_TEN,TEN,NE,Tyler Lockett,00-0032211,WR,rush_yds,0.036,0.0,0.0,0.0,0.0,0.0
2025_07_NE_TEN,TEN,NE,Tyler Lockett,00-0032211,WR,tgt,3.719,1.0,2.0,3.0,5.0,7.0
2025_07_NE_TEN,TEN,NE,Tyler Lockett,00-0032211,WR,rec,2.108,0.0,1.0,2.0,3.0,4.0
2025_07_NE_TEN,TEN,NE,Tyler Lockett,00-0032211,WR,rec_yds,23.84,0.0,6.148,17.588,34.931,55.422
2025_07_NE_TEN,TEN,NE,Tyler Lockett,00-0032211,WR,anytime_td,0.074,0.0,0.0,0.0,0.0,0.0
2025_07_NE_TEN,TEN,NE,Mason Kinsey,00-0036176,WR,car,0.016,0.0,0.0,0.0,0.0,0.0
2025_07_NE_TEN,TEN,NE,Mason Kinsey,00-0036176,WR,rush_yds,0.078,0.0,0.0,0.0,0.0,0.0
2025_07_NE_TEN,TEN,NE,Mason Kinsey,00-0036176,WR,tgt,0.715,0.0,0.0,0.0,1.0,2.0
2025_07_NE_TEN,TEN,NE,Mason Kinsey,00-0036176,WR,rec,0.45,0.0,0.0,0.0,1.0,1.0
2025_07_NE_TEN,TEN,NE,Mason Kinsey,00-0036176,WR,rec_yds,5.478,0.0,0.0,0.0,5.834,19.782
2025_07_NE_TEN,TEN,NE,Mason Kinsey,00-0036176,WR,anytime_td,0.011,0.0,0.0,0.0,0.0,0.0
2025_07_NE_TEN,NE,TEN,Drake Maye,00-0039851,QB,att,28.431,19.0,24.0,29.0,34.0,38.0
2025_07_NE_TEN,NE,TEN,Drake Maye,00-0039851,QB,cmp,19.627,13.0,16.0,20.0,24.0,27.0
2025_07_NE_TEN,NE,TEN,Drake Maye,00-0039851,QB,pass_yds,218.765,129.804,172.372,216.607,265.652,315.577
2025_07_NE_TEN,NE,TEN,Drake Maye,00-0039851,QB,pass_td,1.531,0.0,1.0,1.0,2.0,3.0
2025_07_NE_TEN,NE,TEN,Drake Maye,00-0039851,QB,ints,0.552,0.0,0.0,0.0,1.0,2.0
2025_07_NE_TEN,NE,TEN,Drake Maye,00-0039851,QB,car,5.343,2.0,3.0,5.0,7.0,9.0
2025_07_NE_TEN,NE,TEN,Drake Maye,00-0039851,QB,rush_yds,25.412,2.864,10.5,21.864,36.273,52.182
2025_07_NE_TEN,NE,TEN,Drake Maye,00-0039851,QB,tgt,0.001,0.0,0.0,0.0,0.0,0.0
2025_07_NE_TEN,NE,TEN,Drake Maye,00-0039851,QB,rec,0.001,0.0,0.0,0.0,0.0,0.0
2025_07_NE_TEN,NE,TEN,Drake Maye,00-0039851,QB,rec_yds,0.004,0.0,0.0,0.0,0.0,0.0
2025_07_NE_TEN,NE,TEN,Drake Maye,00-0039851,QB,anytime_td,0.205,0.0,0.0,0.0,0.0,1.0
2025_07_NE_TEN,NE,TEN,Rhamondre Stevenson,00-0036875,RB,car,10.016,4.0,6.0,9.0,13.0,17.0
2025_07_NE_TEN,NE,TEN,Rhamondre Stevenson,00-0036875,RB,rush_yds,40.362,9.108,18.501,34.528,54.866,79.327
2025_07_NE_TEN,NE,TEN,Rhamondre Stevenson,00-0036875,RB,tgt,2.122,0.0,1.0,2.0,3.0,5.0
2025_07_NE_TEN,NE,TEN,Rhamondre Stevenson,00-0036875,RB,rec,1.725,0.0,1.0,1.0,3.0,4.0
2025_07_NE_TEN,NE,TEN,Rhamondre Stevenson,00-0036875,RB,rec_yds,14.006,0.0,0.0,9.007,20.83,36.143
2025_07_NE_TEN,NE,TEN,Rhamondre Stevenson,00-0036875,RB,anytime_td,0.321,0.0,0.0,0.0,1.0,1.0
2025_07_NE_TEN,NE,TEN,Kayshon Boutte,00-0038608,WR,car,0.013,0.0,0.0,0.0,0.0,0.0
2025_07_NE_TEN,NE,TEN,Kayshon Boutte,00-0038608,WR,rush_yds,0.079,0.0,0.0,0.0,0.0,0.0
2025_07_NE_TEN,NE,TEN,Kayshon Boutte,00-0038608,WR,tgt,3.88,1.0,2.0,4.0,5.0,7.0
2025_07_NE_TEN,NE,TEN,Kayshon Boutte,00-0038608,WR,rec,2.693,0.0,1.0,2.0,4.0,5.0
2025_07_NE_TEN,NE,TEN,Kayshon Boutte,00-0038608,WR,rec_yds,37.257,0.0,12.205,29.627,54.608,82.316
2025_07_NE_TEN,NE,TEN,Kayshon Boutte,00-0038608,WR,anytime_td,0.305,0.0,0.0,0.0,1.0,1.0
2025_07_NE_TEN,NE,TEN,Hunter Henry,00-0033090,TE,car,0.004,0.0,0.0,0.0,0.0,0.0
2025_07_NE_TEN,NE,TEN,Hunter Henry,00-0033090,TE,rush_yds,0.01,0.0,0.0,0.0,0.0,0.0
2025_07_NE_TEN,NE,TEN,Hunter Henry,00-0033090,TE,tgt,4.746,2.0,3.0,4.0,6.0,8.0
2025_07_NE_TEN,NE,TEN,Hunter Henry,00-0033090,TE,rec,3.354,1.0,2.0,3.0,5.0,6.0
2025_07_NE_TEN,NE,TEN,Hunter Henry,00-0033090,TE,rec_yds,37.624,5.707,16.17,31.679,53.327,77.297
2025_07_NE_TEN,NE,TEN,Hunter Henry,00-0033090,TE,anytime_td,0.309,0.0,0.0,0.0,1.0,1.0
2025_07_NE_TEN,NE,TEN,Mack Hollins,00-0033555,WR,car,0.008,0.0,0.0,0.0,0.0,0.0
2025_07_NE_TEN,NE,TEN,Mack Hollins,00-0033555,WR,rush_yds,0.038,0.0,0.0,0.0,0.0,0.0
2025_07_NE_TEN,NE,TEN,Mack Hollins,00-0033555,WR,tgt,2.157,0.0,1.0,2.0,3.0,5.0
2025_07_NE_TEN,NE,TEN,Mack Hollins,00-0033555,WR,rec,1.447,0.0,0.0,1.0,2.0,3.0
2025_07_NE_TEN,NE,TEN,Mack Hollins,00-0033555,WR,rec_yds,17.433,0.0,0.0,10.794,26.267,45.841
2025_07_NE_TEN,NE,TEN,Mack Hollins,00-0033555,WR,anytime_td,0.194,0.0,0.0,0.0,0.0,1.0
2025_07_NE_TEN,NE,TEN,Stefon Diggs,00-0031588,WR,car,0.035,0.0,0.0,0.0,0.0,0.0
2025_07_NE_TEN,NE,TEN,Stefon Diggs,00-0031588,WR,rush_yds,0.204,0.0,0.0,0.0,0.0,0.0
2025_07_NE_TEN,NE,TEN,Stefon Diggs,00-0031588,WR,tgt,6.075,2.0,4.0,6.0,8.0,10.0
2025_07_NE_TEN,NE,TEN,Stefon Diggs,00-0031588,WR,rec,4.486,2.0,3.0,4.0,6.0,8.0
2025_07_NE_TEN,NE,TEN,Stefon Diggs,00-0031588,WR,rec_yds,55.056,13.038,26.771,48.522,76.057,106.864
2025_07_NE_TEN,NE,TEN,Stefon Diggs,00-0031588,WR,anytime_td,0.136,0.0,0.0,0.0,0.0,1.0
2025_07_NE_TEN,NE,TEN,Austin Hooper,00-0032392,TE,car,0.003,0.0,0.0,0.0,0.0,0.0
2025_07_NE_TEN,NE,TEN,Austin Hooper,00-0032392,TE,rush_yds,0.003,0.0,0.0,0.0,0.0,0.0
2025_07_NE_TEN,NE,TEN,Austin Hooper,00-0032392,TE,tgt,1.873,0.0,1.0,2.0,3.0,4.0
2025_07_NE_TEN,NE,TEN,Austin Hooper,00-0032392,TE,rec,1.433,0.0,0.0,1.0,2.0,3.0
2025_07_NE_TEN,NE,TEN,Austin Hooper,00-0032392,TE,rec_yds,15.109,0.0,0.0,9.562,23.181,39.556
2025_07_NE_TEN,NE,TEN,Austin Hooper,00-0032392,TE,anytime_td,0.06,0.0,0.0,0.0,0.0,0.0
2025_07_NE_TEN,NE,TEN,DeMario Douglas,00-0038621,WR,car,0.162,0.0,0.0,0.0,0.0,0.0
2025_07_NE_TEN,NE,TEN,DeMario Douglas,00-0038621,WR,rush_yds,0.923,0.0,0.0,0.0,0.0,0.0
2025_07_NE_TEN,NE,TEN,DeMario Douglas,00-0038621,WR,tgt,3.408,1.0,2.0,3.0,5.0,6.0
2025_07_NE_TEN,NE,TEN,DeMario Douglas,00-0038621,WR,rec,2.177,0.0,1.0,2.0,3.0,4.0
2025_07_NE_TEN,NE,TEN,DeMario Douglas,00-0038621,WR,rec_yds,26.175,0.0,6.57,20.447,38.532,60.679
2025_07_NE_TEN,NE,TEN,DeMario Douglas,00-0038621,WR,anytime_td,0.239,0.0,0.0,0.0,0.0,1.0
2025_07_NE_TEN,NE,TEN,Kyle Williams,00-0040131,WR,car,0.196,0.0,0.0,0.0,0.0,0.0
2025_07_NE_TEN,NE,TEN,Kyle Williams,00-0040131,WR,rush_yds,1.143,0.0,0.0,0.0,0.0,0.0
2025_07_NE_TEN,NE,TEN,Kyle Williams,00-0040131,WR,tgt,0.827,0.0,0.0,0.0,1.0,2.0
2025_07_NE_TEN,NE,TEN,Kyle Williams,00-0040131,WR,rec,0.516,0.0,0.0,0.0,1.0,2.0
2025_07_NE_TEN,NE,TEN,Kyle Williams,00-0040131,WR,rec_yds,6.375,0.0,0.0,0.0,7.926,21.738
2025_07_NE_TEN,NE,TEN,Kyle Williams,00-0040131,WR,anytime_td,0.015,0.0,0.0,0.0,0.0,0.0
2025_07_NE_TEN,NE,TEN,Efton Chism III,00-0040563,WR,car,0.039,0.0,0.0,0.0,0.0,0.0
2025_07_NE_TEN,NE,TEN,Efton Chism III,00-0040563,WR,rush_yds,0.233,0.0,0.0,0.0,0.0,0.0
2025_07_NE_TEN,NE,TEN,Efton Chism III,00-0040563,WR,tgt,0.55,0.0,0.0,0.0,1.0,2.0
2025_07_NE_TEN,NE,TEN,Efton Chism III,00-0040563,WR,rec,0.355,0.0,0.0,0.0,1.0,1.0
2025_07_NE_TEN,NE,TEN,Efton Chism III,00-0040563,WR,rec_yds,4.531,0.0,0.0,0.0,0.951,16.683
2025_07_NE_TEN,NE,TEN,Efton Chism III,00-0040563,WR,anytime_td,0.016,0.0,0.0,0.0,0.0,0.0
2025_07_NE_TEN,NE,TEN,Terrell Jennings,00-0039757,RB,car,4.987,1.0,2.0,4.0,7.0,10.0
2025_07_NE_TEN,NE,TEN,Terrell Jennings,00-0039757,RB,rush_yds,21.708,0.0,5.356,15.53,30.688,50.806
2025_07_NE_TEN,NE,TEN,Terrell Jennings,00-0039757,RB,tgt,0.584,0.0,0.0,0.0,1.0,2.0
2025_07_NE_TEN,NE,TEN,Terrell Jennings,00-0039757,RB,rec,0.453,0.0,0.0,0.0,1.0,1.0
2025_07_NE_TEN,NE,TEN,Terrell Jennings,00-0039757,RB,rec_yds,3.299,0.0,0.0,0.0,2.168,11.628
2025_07_NE_TEN,NE,TEN,Terrell Jennings,00-0039757,RB,anytime_td,0.165,0.0,0.0,0.0,0.0,1.0
2025_07_NE_TEN,NE,TEN,TreVeyon Henderson,00-0040734,RB,car,7.393,2.0,4.0,7.0,10.0,14.0
2025_07_NE_TEN,NE,TEN,TreVeyon Henderson,00-0040734,RB,rush_yds,32.108,4.1,11.616,25.633,46.211,67.65
2025_07_NE_TEN,NE,TEN,TreVeyon Henderson,00-0040734,RB,tgt,2.674,0.0,1.0,2.0,4.0,5.0
2025_07_NE_TEN,NE,TEN,TreVeyon Henderson,00-0040734,RB,rec,2.164,0.0,1.0,2.0,3.0,5.0
2025_07_NE_TEN,NE,TEN,TreVeyon Henderson,00-0040734,RB,rec_yds,14.988,0.0,2.312,10.321,22.009,37.451
2025_07_NE_TEN,NE,TEN,TreVeyon Henderson,00-0040734,RB,anytime_td,0.215,0.0,0.0,0.0,0.0,1.0
2025_07_NO_CHI,CHI,NO,Caleb Williams,00-0039918,QB,att,29.939,20.0,25.0,31.0,36.0,40.0
2025_07_NO_CHI,CHI,NO,Caleb Williams,00-0039918,QB,cmp,20.119,13.0,17.0,21.0,24.0,28.0
2025_07_NO_CHI,CHI,NO,Caleb Williams,00-0039918,QB,pass_yds,225.008,132.708,177.33,224.935,276.001,325.7
2025_07_NO_CHI,CHI,NO,Caleb Williams,00-0039918,QB,pass_td,1.589,0.0,1.0,2.0,2.0,3.0
2025_07_NO_CHI,CHI,NO,Caleb Williams,00-0039918,QB,ints,0.553,0.0,0.0,0.0,1.0,2.0
2025_07_NO_CHI,CHI,NO,Caleb Williams,00-0039918,QB,car,5.108,2.0,3.0,5.0,7.0,9.0
2025_07_NO_CHI,CHI,NO,Caleb Williams,00-0039918,QB,rush_yds,22.658,0.989,7.91,18.774,32.628,48.234
2025_07_NO_CHI,CHI,NO,Caleb Williams,00-0039918,QB,tgt,0.001,0.0,0.0,0.0,0.0,0.0
2025_07_NO_CHI,CHI,NO,Caleb Williams,00-0039918,QB,rec,0.0,0.0,0.0,0.0,0.0,0.0
2025_07_NO_CHI,CHI,NO,Caleb Williams,00-0039918,QB,rec_yds,0.003,0.0,0.0,0.0,0.0,0.0
2025_07_NO_CHI,CHI,NO,Caleb Williams,00-0039918,QB,anytime_td,0.256,0.0,0.0,0.0,1.0,1.0
2025_07_NO_CHI,CHI,NO,Rome Odunze,00-0039919,WR,car,0.035,0.0,0.0,0.0,0.0,0.0
2025_07_NO_CHI,CHI,NO,Rome Odunze,00-0039919,WR,rush_yds,0.183,0.0,0.0,0.0,0.0,0.0
2025_07_NO_CHI,CHI,NO,Rome Odunze,00-0039919,WR,tgt,6.577,3.0,4.0,6.0,9.0,11.0
2025_07_NO_CHI,CHI,NO,Rome Odunze,00-0039919,WR,rec,4.081,1.0,2.0,4.0,5.0,7.0
2025_07_NO_CHI,CHI,NO,Rome Odunze,00-0039919,WR,rec_yds,56.837,11.738,26.749,49.723,78.59,111.728
2025_07_NO_CHI,CHI,NO,Rome Odunze,00-0039919,WR,anytime_td,0.427,0.0,0.0,0.0,1.0,1.0
2025_07_NO_CHI,CHI,NO,DJ Moore,00-0034827,WR,car,1.281,0.0,0.0,0.0,2.0,4.0
2025_07_NO_CHI,CHI,NO,DJ Moore,00-0034827,WR,rush_yds,6.569,0.0,0.0,0.0,7.901,21.627
2025_07_NO_CHI,CHI,NO,DJ Moore,00-0034827,WR,tgt,5.655,2.0,4.0,5.0,7.0,10.0
2025_07_NO_CHI,CHI,NO,DJ Moore,00-0034827,WR,rec,4.057,1.0,2.0,4.0,5.0,7.0
2025_07_NO_CHI,CHI,NO,DJ Moore,00-0034827,WR,rec_yds,46.895,9.223,21.754,40.374,65.19,93.288
2025_07_NO_CHI,CHI,NO,DJ Moore,00-0034827,WR,anytime_td,0.264,0.0,0.0,0.0,1.0,1.0
2025_07_NO_CHI,CHI,NO,Colston Loveland,00-0040126,TE,car,0.001,0.0,0.0,0.0,0.0,0.0
2025_07_NO_CHI,CHI,NO,Colston Loveland,00-0040126,TE,rush_yds,0.003,0.0,0.0,0.0,0.0,0.0
2025_07_NO_CHI,CHI,NO,Colston Loveland,00-0040126,TE,tgt,2.195,0.0,1.0,2.0,3.0,5.0
2025_07_NO_CHI,CHI,NO,Colston Loveland,00-0040126,TE,rec,1.584,0.0,0.0,1.0,2.0,4.0
2025_07_NO_CHI,CHI,NO,Colston Loveland,00-0040126,TE,rec_yds,16.2,0.0,0.0,11.244,24.405,40.139
2025_07_NO_CHI,CHI,NO,Colston Loveland,00-0040126,TE,anytime_td,0.05,0.0,0.0,0.0,0.0,0.0
2025_07_NO_CHI,CHI,NO,D'Andre Swift,00-0036275,RB,car,13.146,6.0,9.0,12.5,17.0,21.0
2025_07_NO_CHI,CHI,NO,D'Andre Swift,00-0036275,RB,rush_yds,54.604,15.755,28.972,48.04,72.749,100.845
2025_07_NO_CHI,CHI,NO,D'Andre Swift,00-0036275,RB,tgt,3.524,1.0,2.0,3.0,5.0,7.0
2025_07_NO_CHI,CHI,NO,D'Andre Swift,00-0036275,RB,rec,2.832,1.0,1.0,3.0,4.0,6.0
2025_07_NO_CHI,CHI,NO,D'Andre Swift,00-0036275,RB,rec_yds,24.178,0.0,7.206,18.734,35.376,53.94
2025_07_NO_CHI,CHI,NO,D'Andre Swift,00-0036275,RB,anytime_td,0.438,0.0,0.0,0.0,1.0,1.0
2025_07_NO_CHI,CHI,NO,Olamide Zaccheaus,00-0035208,WR,car,0.442,0.0,0.0,0.0,0.0,1.0
2025_07_NO_CHI,CHI,NO,Olamide Zaccheaus,00-0035208,WR,rush_yds,2.406,0.0,0.0,0.0,0.0,7.526
2025_07_NO_CHI,CHI,NO,Olamide Zaccheaus,00-0035208,WR,tgt,4.765,2.0,3.0,4.0,6.0,9.0
2025_07_NO_CHI,CHI,NO,Olamide Zaccheaus,00-0035208,WR,rec,3.068,1.0,2.0,3.0,4.0,6.0
2025_07_NO_CHI,CHI,NO,Olamide Zaccheaus,00-0035208,WR,rec_yds,35.195,3.735,13.579,29.245,50.268,74.76
2025_07_NO_CHI,CHI,NO,Olamide Zaccheaus,00-0035208,WR,anytime_td,0.118,0.0,0.0,0.0,0.0,1.0
2025_07_NO_CHI,CHI,NO,Kyle Monangai,00-0040236,RB,car,4.218,0.0,1.0,3.0,6.0,9.0
2025_07_NO_CHI,CHI,NO,Kyle Monangai,00-0040236,RB,rush_yds,17.14,0.0,3.238,10.987,24.304,42.319
2025_07_NO_CHI,CHI,NO,Kyle Monangai,00-0040236,RB,tgt,1.075,0.0,0.0,1.0,2.0,3.0
2025_07_NO_CHI,CHI,NO,Kyle Monangai,00-0040236,RB,rec,0.882,0.0,0.0,1.0,1.0,2.0
2025_07_NO_CHI,CHI,NO,Kyle Monangai,00-0040236,RB,rec_yds,6.916,0.0,0.0,0.0,9.889,21.247
2025_07_NO_CHI,CHI,NO,Kyle Monangai,00-0040236,RB,anytime_td,0.095,0.0,0.0,0.0,0.0,0.0
2025_07_NO_CHI,CHI,NO,Cole Kmet,00-0036290,TE,car,0.001,0.0,0.0,0.0,0.0,0.0
2025_07_NO_CHI,CHI,NO,Cole Kmet,00-0036290,TE,rush_yds,0.003,0.0,0.0,0.0,0.0,0.0
2025_07_NO_CHI,CHI,NO,Cole Kmet,00-0036290,TE,tgt,3.142,1.0,1.0,3.0,4.0,6.0
2025_07_NO_CHI,CHI,NO,Cole Kmet,00-0036290,TE,rec,2.162,0.0,1.0,2.0,3.0,4.0
2025_07_NO_CHI,CHI,NO,Cole Kmet,00-0036290,TE,rec_yds,23.27,0.0,6.555,18.033,34.864,53.151
2025_07_NO_CHI,CHI,NO,Cole Kmet,00-0036290,TE,anytime_td,0.176,0.0,0.0,0.0,0.0,1.0
2025_07_NO_CHI,CHI,NO,Luther Burden III,00-0040735,WR,car,0.191,0.0,0.0,0.0,0.0,0.0
2025_07_NO_CHI,CHI,NO,Luther Burden III,00-0040735,WR,rush_yds,0.947,0.0,0.0,0.0,0.0,0.0
2025_07_NO_CHI,CHI,NO,Luther Burden III,00-0040735,WR,tgt,2.411,0.0,1.0,2.0,3.0,5.0
2025_07_NO_CHI,CHI,NO,Luther Burden III,00-0040735,WR,rec,1.755,0.0,1.0,1.0,3.0,4.0
2025_07_NO_CHI,CHI,NO,Luther Burden III,00-0040735,WR,rec_yds,22.508,0.0,2.192,15.529,33.668,56.854
2025_07_NO_CHI,CHI,NO,Luther Burden III,00-0040735,WR,anytime_td,0.161,0.0,0.0,0.0,0.0,1.0
2025_07_NO_CHI,CHI,NO,Roschon Johnson,00-0039021,RB,car,2.81,0.0,1.0,2.0,4.0,7.0
2025_07_NO_CHI,CHI,NO,Roschon Johnson,00-0039021,RB,rush_yds,11.386,0.0,0.0,5.824,15.761,30.839
2025_07_NO_CHI,CHI,NO,Roschon Johnson,00-0039021,RB,tgt,1.055,0.0,0.0,1.0,2.0,3.0
2025_07_NO_CHI,CHI,NO,Roschon Johnson,00-0039021,RB,rec,0.871,0.0,0.0,1.0,1.0,2.0
2025_07_NO_CHI,CHI,NO,Roschon Johnson,00-0039021,RB,rec_yds,6.258,0.0,0.0,0.0,8.95,19.67
2025_07_NO_CHI,CHI,NO,Roschon Johnson,00-0039021,RB,anytime_td,0.158,0.0,0.0,0.0,0.0,1.0
2025_07_NO_CHI,NO,CHI,Spencer Rattler,00-0039376,QB,att,29.503,19.0,25.0,30.0,35.0,40.0
2025_07_NO_CHI,NO,CHI,Spencer Rattler,00-0039376,QB,cmp,19.644,12.0,16.0,20.0,24.0,27.0
2025_07_NO_CHI,NO,CHI,Spencer Rattler,00-0039376,QB,pass_yds,200.814,118.494,158.161,199.268,244.594,290.014
2025_07_NO_CHI,NO,CHI,Spencer Rattler,00-0039376,QB,pass_td,1.181,0.0,0.0,1.0,2.0,2.0
2025_07_NO_CHI,NO,CHI,Spencer Rattler,00-0039376,QB,ints,0.702,0.0,0.0,0.0,1.0,2.0
2025_07_NO_CHI,NO,CHI,Spencer Rattler,00-0039376,QB,car,4.118,1.0,2.0,4.0,6.0,8.0
2025_07_NO_CHI,NO,CHI,Spencer Rattler,00-0039376,QB,rush_yds,19.648,0.0,5.949,15.083,28.767,44.665
2025_07_NO_CHI,NO,CHI,Spencer Rattler,00-0039376,QB,tgt,0.001,0.0,0.0,0.0,0.0,0.0
2025_07_NO_CHI,NO,CHI,Spencer Rattler,00-0039376,QB,rec,0.001,0.0,0.0,0.0,0.0,0.0
2025_07_NO_CHI,NO,CHI,Spencer Rattler,00-0039376,QB,rec_yds,0.005,0.0,0.0,0.0,0.0,0.0
2025_07_NO_CHI,NO,CHI,Spencer Rattler,00-0039376,QB,anytime_td,0.046,0.0,0.0,0.0,0.0,0.0
2025_07_NO_CHI,NO,CHI,Chris Olave,00-0037239,WR,car,0.02,0.0,0.0,0.0,0.0,0.0
2025_07_NO_CHI,NO,CHI,Chris Olave,00-0037239,WR,rush_yds,0.146,0.0,0.0,0.0,0.0,0.0
2025_07_NO_CHI,NO,CHI,Chris Olave,00-0037239,WR,tgt,7.972,4.0,5.0,8.0,10.0,13.0
2025_07_NO_CHI,NO,CHI,Chris Olave,00-0037239,WR,rec,5.074,2.0,3.0,5.0,7.0,9.0
2025_07_NO_CHI,NO,CHI,Chris Olave,00-0037239,WR,rec_yds,55.369,15.86,29.467,49.901,75.817,101.921
2025_07_NO_CHI,NO,CHI,Chris Olave,00-0037239,WR,anytime_td,0.205,0.0,0.0,0.0,0.0,1.0
2025_07_NO_CHI,NO,CHI,Alvin Kamara,00-0033906,RB,car,12.59,5.0,8.0,12.0,16.0,20.0
2025_07_NO_CHI,NO,CHI,Alvin Kamara,00-0033906,RB,rush_yds,52.73,15.548,28.031,46.253,70.455,97.92
2025_07_NO_CHI,NO,CHI,Alvin Kamara,00-0033906,RB,tgt,4.188,1.0,2.0,4.0,6.0,8.0
2025_07_NO_CHI,NO,CHI,Alvin Kamara,00-0033906,RB,rec,3.378,1.0,2.0,3.0,5.0,6.0
2025_07_NO_CHI,NO,CHI,Alvin Kamara,00-0033906,RB,rec_yds,23.121,1.019,8.171,18.557,32.904,50.716
2025_07_NO_CHI,NO,CHI,Alvin Kamara,00-0033906,RB,anytime_td,0.312,0.0,0.0,0.0,1.0,1.0
2025_07_NO_CHI,NO,CHI,Rashid Shaheed,00-0037545,WR,car,0.41,0.0,0.0,0.0,0.0,1.0
2025_07_NO_CHI,NO,CHI,Rashid Shaheed,00-0037545,WR,rush_yds,2.256,0.0,0.0,0.0,0.0,6.564
2025_07_NO_CHI,NO,CHI,Rashid Shaheed,00-0037545,WR,tgt,5.094,2.0,3.0,5.0,7.0,9.0
2025_07_NO_CHI,NO,CHI,Rashid Shaheed,00-0037545,WR,rec,3.367,1.0,2.0,3.0,5.0,6.0
2025_07_NO_CHI,NO,CHI,Rashid Shaheed,00-0037545,WR,rec_yds,42.374,5.789,17.877,36.005,60.097,88.255
2025_07_NO_CHI,NO,CHI,Rashid Shaheed,00-0037545,WR,anytime_td,0.259,0.0,0.0,0.0,1.0,1.0
2025_07_NO_CHI,NO,CHI,Juwan Johnson,00-0036040,TE,car,0.004,0.0,0.0,0.0,0.0,0.0
2025_07_NO_CHI,NO,CHI,Juwan Johnson,00-0036040,TE,rush_yds,0.019,0.0,0.0,0.0,0.0,0.0
2025_07_NO_CHI,NO,CHI,Juwan Johnson,00-0036040,TE,tgt,4.619,1.0,3.0,4.0,6.0,8.0
2025_07_NO_CHI,NO,CHI,Juwan Johnson,00-0036040,TE,rec,3.342,1.0,2.0,3.0,5.0,6.0
2025_07_NO_CHI,NO,CHI,Juwan Johnson,00-0036040,TE,rec_yds,32.253,4.819,13.428,27.405,45.319,66.422
2025_07_NO_CHI,NO,CHI,Juwan Johnson,00-0036040,TE,anytime_td,0.165,0.0,0.0,0.0,0.0,1.0
2025_07_NO_CHI,NO,CHI,Brandin Cooks,00-0031236,WR,car,0.048,0.0,0.0,0.0,0.0,0.0
2025_07_NO_CHI,NO,CHI,Brandin Cooks,00-0031236,WR,rush_yds,0.297,0.0,0.0,0.0,0.0,0.0
2025_07_NO_CHI,NO,CHI,Brandin Cooks,00-0031236,WR,tgt,2.703,0.0,1.0,2.0,4.0,6.0
2025_07_NO_CHI,NO,CHI,Brandin Cooks,00-0031236,WR,rec,1.791,0.0,1.0,1.0,3.0,4.0
2025_07_NO_CHI,NO,CHI,Brandin Cooks,00-0031236,WR,rec_yds,20.668,0.0,2.572,14.037,31.236,51.78
2025_07_NO_CHI,NO,CHI,Brandin Cooks,00-0031236,WR,anytime_td,0.077,0.0,0.0,0.0,0.0,0.0
2025_07_NO_CHI,NO,CHI,Devaughn Vele,00-0039424,WR,car,0.01,0.0,0.0,0.0,0.0,0.0
2025_07_NO_CHI,NO,CHI,Devaughn Vele,00-0039424,WR,rush_yds,0.072,0.0,0.0,0.0,0.0,0.0
2025_07_NO_CHI,NO,CHI,Devaughn Vele,00-0039424,WR,tgt,1.335,0.0,0.0,1.0,2.0,3.0
2025_07_NO_CHI,NO,CHI,Devaughn Vele,00-0039424,WR,rec,0.869,0.0,0.0,1.0,1.0,2.0
2025_07_NO_CHI,NO,CHI,Devaughn Vele,00-0039424,WR,rec_yds,10.354,0.0,0.0,2.414,15.393,31.841
2025_07_NO_CHI,NO,CHI,Devaughn Vele,00-0039424,WR,anytime_td,0.109,0.0,0.0,0.0,0.0,1.0
2025_07_NO_CHI,NO,CHI,Foster Moreau,00-0034981,TE,car,0.002,0.0,0.0,0.0,0.0,0.0
2025_07_NO_CHI,NO,CHI,Foster Moreau,00-0034981,TE,rush_yds,0.005,0.0,0.0,0.0,0.0,0.0
2025_07_NO_CHI,NO,CHI,Foster Moreau,00-0034981,TE,tgt,1.762,0.0,1.0,1.0,3.0,4.0
2025_07_NO_CHI,NO,CHI,Foster Moreau,00-0034981,TE,rec,1.293,0.0,0.0,1.0,2.0,3.0
2025_07_NO_CHI,NO,CHI,Foster Moreau,00-0034981,TE,rec_yds,13.333,0.0,0.0,7.895,20.353,36.17
2025_07_NO_CHI,NO,CHI,Foster Moreau,00-0034981,TE,anytime_td,0.12,0.0,0.0,0.0,0.0,1.0
2025_07_NO_CHI,NO,CHI,Jack Stoll,00-0036741,TE,car,0.003,0.0,0.0,0.0,0.0,0.0
2025_07_NO_CHI,NO,CHI,Jack Stoll,00-0036741,TE,rush_yds,-0.0,0.0,0.0,0.0,0.0,0.0
2025_07_NO_CHI,NO,CHI,Jack Stoll,00-0036741,TE,tgt,0.597,0.0,0.0,0.0,1.0,2.0
2025_07_NO_CHI,NO,CHI,Jack Stoll,00-0036741,TE,rec,0.435,0.0,0.0,0.0,1.0,1.0
2025_07_NO_CHI,NO,CHI,Jack Stoll,00-0036741,TE,rec_yds,4.301,0.0,0.0,0.0,4.898,15.788
2025_07_NO_CHI,NO,CHI,Jack Stoll,00-0036741,TE,anytime_td,0.061,0.0,0.0,0.0,0.0,0.0
2025_07_NO_CHI,NO,CHI,Devin Neal,00-0040202,RB,car,2.596,0.0,0.0,2.0,4.0,6.0
2025_07_NO_CHI,NO,CHI,Devin Neal,00-0040202,RB,rush_yds,11.509,0.0,0.0,5.505,16.008,33.006
2025_07_NO_CHI,NO,CHI,Devin Neal,00-0040202,RB,tgt,0.182,0.0,0.0,0.0,0.0,1.0
2025_07_NO_CHI,NO,CHI,Devin Neal,00-0040202,RB,rec,0.144,0.0,0.0,0.0,0.0,1.0
2025_07_NO_CHI,NO,CHI,Devin Neal,00-0040202,RB,rec_yds,1.015,0.0,0.0,0.0,0.0,1.055
2025_07_NO_CHI,NO,CHI,Devin Neal,00-0040202,RB,anytime_td,0.056,0.0,0.0,0.0,0.0,0.0
2025_07_NO_CHI,NO,CHI,Mason Tipton,00-0039623,WR,car,0.01,0.0,0.0,0.0,0.0,0.0
2025_07_NO_CHI,NO,CHI,Mason Tipton,00-0039623,WR,rush_yds,0.047,0.0,0.0,0.0,0.0,0.0
2025_07_NO_CHI,NO,CHI,Mason Tipton,00-0039623,WR,tgt,0.733,0.0,0.0,0.0,1.0,2.0
2025_07_NO_CHI,NO,CHI,Mason Tipton,00-0039623,WR,rec,0.459,0.0,0.0,0.0,1.0,1.0
2025_07_NO_CHI,NO,CHI,Mason Tipton,00-0039623,WR,rec_yds,5.527,0.0,0.0,0.0,6.288,19.407
2025_07_NO_CHI,NO,CHI,Mason Tipton,00-0039623,WR,anytime_td,0.011,0.0,0.0,0.0,0.0,0.0
2025_07_NO_CHI,NO,CHI,Kendre Miller,00-0038551,RB,car,7.417,2.0,4.0,7.0,10.0,14.0
2025_07_NO_CHI,NO,CHI,Kendre Miller,00-0038551,RB,rush_yds,31.762,4.502,12.101,25.185,44.322,68.092
2025_07_NO_CHI,NO,CHI,Kendre Miller,00-0038551,RB,tgt,0.843,0.0,0.0,0.0,1.0,2.0
2025_07_NO_CHI,NO,CHI,Kendre Miller,00-0038551,RB,rec,0.675,0.0,0.0,0.0,1.0,2.0
2025_07_NO_CHI,NO,CHI,Kendre Miller,00-0038551,RB,rec_yds,4.757,0.0,0.0,0.0,6.455,15.643
2025_07_NO_CHI,NO,CHI,Kendre Miller,00-0038551,RB,anytime_td,0.205,0.0,0.0,0.0,0.0,1.0
2025_07_NYG_DEN,DEN,NYG,Bo Nix,00-0039732,QB,att,31.048,21.0,26.0,32.0,37.0,42.0
2025_07_NYG_DEN,DEN,NYG,Bo Nix,00-0039732,QB,cmp,20.857,13.0,17.0,21.0,25.0,29.0
2025_07_NYG_DEN,DEN,NYG,Bo Nix,00-0039732,QB,pass_yds,224.037,133.15,175.842,224.537,272.948,322.308
2025_07_NYG_DEN,DEN,NYG,Bo Nix,00-0039732,QB,pass_td,1.539,0.0,1.0,1.0,2.0,3.0
2025_07_NYG_DEN,DEN,NYG,Bo Nix,00-0039732,QB,ints,0.553,0.0,0.0,0.0,1.0,2.0
2025_07_NYG_DEN,DEN,NYG,Bo Nix,00-0039732,QB,car,4.64,1.0,3.0,4.0,6.0,8.0
2025_07_NYG_DEN,DEN,NYG,Bo Nix,00-0039732,QB,rush_yds,21.1,0.0,6.985,17.334,30.671,45.983
2025_07_NYG_DEN,DEN,NYG,Bo Nix,00-0039732,QB,tgt,0.001,0.0,0.0,0.0,0.0,0.0
2025_07_NYG_DEN,DEN,NYG,Bo Nix,00-0039732,QB,rec,0.0,0.0,0.0,0.0,0.0,0.0
2025_07_NYG_DEN,DEN,NYG,Bo Nix,00-0039732,QB,rec_yds,0.001,0.0,0.0,0.0,0.0,0.0
2025_07_NYG_DEN,DEN,NYG,Bo Nix,00-0039732,QB,anytime_td,0.179,0.0,0.0,0.0,0.0,1.0
2025_07_NYG_DEN,DEN,NYG,Courtland Sutton,00-0034348,WR,car,0.008,0.0,0.0,0.0,0.0,0.0
2025_07_NYG_DEN,DEN,NYG,Courtland Sutton,00-0034348,WR,rush_yds,0.035,0.0,0.0,0.0,0.0,0.0
2025_07_NYG_DEN,DEN,NYG,Courtland Sutton,00-0034348,WR,tgt,6.599,3.0,4.0,6.0,8.0,11.0
2025_07_NYG_DEN,DEN,NYG,Courtland Sutton,00-0034348,WR,rec,4.334,1.0,3.0,4.0,6.0,8.0
2025_07_NYG_DEN,DEN,NYG,Courtland Sutton,00-0034348,WR,rec_yds,58.542,13.632,28.347,51.324,81.539,112.565
2025_07_NYG_DEN,DEN,NYG,Courtland Sutton,00-0034348,WR,anytime_td,0.325,0.0,0.0,0.0,1.0,1.0
2025_07_NYG_DEN,DEN,NYG,Troy Franklin,00-0039868,WR,car,0.291,0.0,0.0,0.0,0.0,1.0
2025_07_NYG_DEN,DEN,NYG,Troy Franklin,00-0039868,WR,rush_yds,1.675,0.0,0.0,0.0,0.0,3.022
2025_07_NYG_DEN,DEN,NYG,Troy Franklin,00-0039868,WR,tgt,5.061,2.0,3.0,5.0,7.0,9.0
2025_07_NYG_DEN,DEN,NYG,Troy Franklin,00-0039868,WR,rec,3.287,1.0,2.0,3.0,4.0,6.0
2025_07_NYG_DEN,DEN,NYG,Troy Franklin,00-0039868,WR,rec_yds,39.801,4.765,15.828,33.427,56.72,83.217
2025_07_NYG_DEN,DEN,NYG,Troy Franklin,00-0039868,WR,anytime_td,0.195,0.0,0.0,0.0,0.0,1.0
2025_07_NYG_DEN,DEN,NYG,Evan Engram,00-0033881,TE,car,0.196,0.0,0.0,0.0,0.0,0.1
2025_07_NYG_DEN,DEN,NYG,Evan Engram,00-0033881,TE,rush_yds,0.484,0.0,0.0,0.0,0.0,0.0
2025_07_NYG_DEN,DEN,NYG,Evan Engram,00-0033881,TE,tgt,5.201,2.0,3.0,5.0,7.0,9.0
2025_07_NYG_DEN,DEN,NYG,Evan Engram,00-0033881,TE,rec,3.767,1.0,2.0,3.0,5.0,7.0
2025_07_NYG_DEN,DEN,NYG,Evan Engram,00-0033881,TE,rec_yds,36.123,6.146,16.507,31.683,50.093,72.954
2025_07_NYG_DEN,DEN,NYG,Evan Engram,00-0033881,TE,anytime_td,0.212,0.0,0.0,0.0,0.0,1.0
2025_07_NYG_DEN,DEN,NYG,Marvin Mims Jr.,00-0038976,WR,car,0.668,0.0,0.0,0.0,1.0,2.0
2025_07_NYG_DEN,DEN,NYG,Marvin Mims Jr.,00-0038976,WR,rush_yds,3.784,0.0,0.0,0.0,0.873,13.836
2025_07_NYG_DEN,DEN,NYG,Marvin Mims Jr.,00-0038976,WR,tgt,3.976,1.0,2.0,4.0,5.0,7.0
2025_07_NYG_DEN,DEN,NYG,Marvin Mims Jr.,00-0038976,WR,rec,2.616,0.0,1.0,2.0,4.0,5.0
2025_07_NYG_DEN,DEN,NYG,Marvin Mims Jr.,00-0038976,WR,rec_yds,31.836,0.0,10.019,25.128,46.063,71.227
2025_07_NYG_DEN,DEN,NYG,Marvin Mims Jr.,00-0038976,WR,anytime_td,0.237,0.0,0.0,0.0,0.0,1.0
2025_07_NYG_DEN,DEN,NYG,Pat Bryant,00-0040134,WR,car,0.013,0.0,0.0,0.0,0.0,0.0
2025_07_NYG_DEN,DEN,NYG,Pat Bryant,00-0040134,WR,rush_yds,0.08,0.0,0.0,0.0,0.0,0.0
2025_07_NYG_DEN,DEN,NYG,Pat Bryant,00-0040134,WR,tgt,1.103,0.0,0.0,1.0,2.0,3.0
2025_07_NYG_DEN,DEN,NYG,Pat Bryant,00-0040134,WR,rec,0.718,0.0,0.0,0.0,1.0,2.0
2025_07_NYG_DEN,DEN,NYG,Pat Bryant,00-0040134,WR,rec_yds,9.023,0.0,0.0,0.0,13.302,28.994
2025_07_NYG_DEN,DEN,NYG,Pat Bryant,00-0040134,WR,anytime_td,0.033,0.0,0.0,0.0,0.0,0.0
2025_07_NYG_DEN,DEN,NYG,J.K. Dobbins,00-0036158,RB,car,14.446,7.0,10.0,14.0,18.0,23.0
2025_07_NYG_DEN,DEN,NYG,J.K. Dobbins,00-0036158,RB,rush_yds,64.961,22.371,36.74,58.239,85.495,115.645
2025_07_NYG_DEN,DEN,NYG,J.K. Dobbins,00-0036158,RB,tgt,1.495,0.0,0.0,1.0,2.0,4.0
2025_07_NYG_DEN,DEN,NYG,J.K. Dobbins,00-0036158,RB,rec,1.172,0.0,0.0,1.0,2.0,3.0
2025_07_NYG_DEN,DEN,NYG,J.K. Dobbins,00-0036158,RB,rec_yds,8.377,0.0,0.0,3.689,12.577,24.541
2025_07_NYG_DEN,DEN,NYG,J.K. Dobbins,00-0036158,RB,anytime_td,0.412,0.0,0.0,0.0,1.0,1.0
2025_07_NYG_DEN,DEN,NYG,Nate Adkins,00-0038783,TE,car,0.002,0.0,0.0,0.0,0.0,0.0
2025_07_NYG_DEN,DEN,NYG,Nate Adkins,00-0038783,TE,rush_yds,0.002,0.0,0.0,0.0,0.0,0.0
2025_07_NYG_DEN,DEN,NYG,Nate Adkins,00-0038783,TE,tgt,1.367,0.0,0.0,1.0,2.0,3.0
2025_07_NYG_DEN,DEN,NYG,Nate Adkins,00-0038783,TE,rec,1.004,0.0,0.0,1.0,2.0,3.0
2025_07_NYG_DEN,DEN,NYG,Nate Adkins,00-0038783,TE,rec_yds,10.183,0.0,0.0,4.621,15.149,29.27
2025_07_NYG_DEN,DEN,NYG,Nate Adkins,00-0038783,TE,anytime_td,0.151,0.0,0.0,0.0,0.0,1.0
2025_07_NYG_DEN,DEN,NYG,Adam Trautman,00-0036422,TE,car,0.0,0.0,0.0,0.0,0.0,0.0
2025_07_NYG_DEN,DEN,NYG,Adam Trautman,00-0036422,TE,rush_yds,0.0,0.0,0.0,0.0,0.0,0.0
2025_07_NYG_DEN,DEN,NYG,Adam Trautman,00-0036422,TE,tgt,1.286,0.0,0.0,1.0,2.0,3.0
2025_07_NYG_DEN,DEN,NYG,Adam Trautman,00-0036422,TE,rec,0.953,0.0,0.0,1.0,1.0,2.0
2025_07_NYG_DEN,DEN,NYG,Adam Trautman,00-0036422,TE,rec_yds,9.855,0.0,0.0,3.713,14.871,28.574
2025_07_NYG_DEN,DEN,NYG,Adam Trautman,00-0036422,TE,anytime_td,0.094,0.0,0.0,0.0,0.0,0.0
2025_07_NYG_DEN,DEN,NYG,Tyler Badie,00-0037085,RB,car,0.899,0.0,0.0,0.0,1.0,3.0
2025_07_NYG_DEN,DEN,NYG,Tyler Badie,00-0037085,RB,rush_yds,3.943,0.0,0.0,0.0,3.414,12.932
2025_07_NYG_DEN,DEN,NYG,Tyler Badie,00-0037085,RB,tgt,1.822,0.0,1.0,1.0,3.0,4.0
2025_07_NYG_DEN,DEN,NYG,Tyler Badie,00-0037085,RB,rec,1.366,0.0,0.0,1.0,2.0,3.0
2025_07_NYG_DEN,DEN,NYG,Tyler Badie,00-0037085,RB,rec_yds,10.699,0.0,0.0,5.924,15.923,29.67
2025_07_NYG_DEN,DEN,NYG,Tyler Badie,00-0037085,RB,anytime_td,0.058,0.0,0.0,0.0,0.0,0.0
2025_07_NYG_DEN,DEN,NYG,RJ Harvey,00-0040730,RB,car,5.338,1.0,2.0,4.0,8.0,11.0
2025_07_NYG_DEN,DEN,NYG,RJ Harvey,00-0040730,RB,rush_yds,23.283,0.0,6.28,16.596,32.816,54.953
2025_07_NYG_DEN,DEN,NYG,RJ Harvey,00-0040730,RB,tgt,2.937,0.0,1.0,3.0,4.0,6.0
2025_07_NYG_DEN,DEN,NYG,RJ Harvey,00-0040730,RB,rec,2.42,0.0,1.0,2.0,4.0,5.0
2025_07_NYG_DEN,DEN,NYG,RJ Harvey,00-0040730,RB,rec_yds,17.587,0.0,3.813,12.666,25.596,42.152
2025_07_NYG_DEN,DEN,NYG,RJ Harvey,00-0040730,RB,anytime_td,0.234,0.0,0.0,0.0,0.0,1.0
2025_07_NYG_DEN,DEN,NYG,Trent Sherfield,00-0034487,WR,car,0.011,0.0,0.0,0.0,0.0,0.0
2025_07_NYG_DEN,DEN,NYG,Trent Sherfield,00-0034487,WR,rush_yds,0.049,0.0,0.0,0.0,0.0,0.0
2025_07_NYG_DEN,DEN,NYG,Trent Sherfield,00-0034487,WR,tgt,0.74,0.0,0.0,0.0,1.0,2.0
2025_07_NYG_DEN,DEN,NYG,Trent Sherfield,00-0034487,WR,rec,0.475,0.0,0.0,0.0,1.0,2.0
2025_07_NYG_DEN,DEN,NYG,Trent Sherfield,00-0034487,WR,rec_yds,5.983,0.0,0.0,0.0,6.827,21.454
2025_07_NYG_DEN,DEN,NYG,Trent Sherfield,00-0034487,WR,anytime_td,0.013,0.0,0.0,0.0,0.0,0.0
2025_07_NYG_DEN,DEN,NYG,Adam Prentice,00-0036727,RB,car,0.777,0.0,0.0,0.0,1.0,3.0
2025_07_NYG_DEN,DEN,NYG,Adam Prentice,00-0036727,RB,rush_yds,3.325,0.0,0.0,0.0,2.051,11.194
2025_07_NYG_DEN,DEN,NYG,Adam Prentice,00-0036727,RB,tgt,0.19,0.0,0.0,0.0,0.0,1.0
2025_07_NYG_DEN,DEN,NYG,Adam Prentice,00-0036727,RB,rec,0.15,0.0,0.0,0.0,0.0,1.0
2025_07_NYG_DEN,DEN,NYG,Adam Prentice,00-0036727,RB,rec_yds,1.141,0.0,0.0,0.0,0.0,1.241
2025_07_NYG_DEN,DEN,NYG,Adam Prentice,00-0036727,RB,anytime_td,0.014,0.0,0.0,0.0,0.0,0.0
2025_07_NYG_DEN,NYG,DEN,Jaxson Dart,00-0040691,QB,att,28.284,19.0,24.0,29.0,34.0,38.0
2025_07_NYG_DEN,NYG,DEN,Jaxson Dart,00-0040691,QB,cmp,17.28,11.0,14.0,17.0,21.0,24.0
2025_07_NYG_DEN,NYG,DEN,Jaxson Dart,00-0040691,QB,pass_yds,178.391,99.232,136.599,176.244,219.466,265.268
2025_07_NYG_DEN,NYG,DEN,Jaxson Dart,00-0040691,QB,pass_td,0.875,0.0,0.0,1.0,1.0,2.0
2025_07_NYG_DEN,NYG,DEN,Jaxson Dart,00-0040691,QB,ints,0.661,0.0,0.0,0.0,1.0,2.0
2025_07_NYG_DEN,NYG,DEN,Jaxson Dart,00-0040691,QB,car,5.822,2.0,3.0,5.0,8.0,10.0
2025_07_NYG_DEN,NYG,DEN,Jaxson Dart,00-0040691,QB,rush_yds,31.412,5.08,14.972,28.046,44.299,61.498
2025_07_NYG_DEN,NYG,DEN,Jaxson Dart,00-0040691,QB,tgt,0.0,0.0,0.0,0.0,0.0,0.0
2025_07_NYG_DEN,NYG,DEN,Jaxson Dart,00-0040691,QB,rec,0.0,0.0,0.0,0.0,0.0,0.0
2025_07_NYG_DEN,NYG,DEN,Jaxson Dart,00-0040691,QB,rec_yds,0.0,0.0,0.0,0.0,0.0,0.0
2025_07_NYG_DEN,NYG,DEN,Jaxson Dart,00-0040691,QB,anytime_td,0.173,0.0,0.0,0.0,0.0,1.0
2025_07_NYG_DEN,NYG,DEN,Lil'Jordan Humphrey,00-0035406,WR,car,0.016,0.0,0.0,0.0,0.0,0.0
2025_07_NYG_DEN,NYG,DEN,Lil'Jordan Humphrey,00-0035406,WR,rush_yds,0.093,0.0,0.0,0.0,0.0,0.0
2025_07_NYG_DEN,NYG,DEN,Lil'Jordan Humphrey,00-0035406,WR,tgt,4.105,1.0,2.0,4.0,6.0,7.0
2025_07_NYG_DEN,NYG,DEN,Lil'Jordan Humphrey,00-0035406,WR,rec,2.303,0.0,1.0,2.0,3.0,5.0
2025_07_NYG_DEN,NYG,DEN,Lil'Jordan Humphrey,00-0035406,WR,rec_yds,29.532,0.0,9.001,23.018,43.044,65.628
2025_07_NYG_DEN,NYG,DEN,Lil'Jordan Humphrey,00-0035406,WR,anytime_td,0.076,0.0,0.0,0.0,0.0,0.0
2025_07_NYG_DEN,NYG,DEN,Wan'Dale Robinson,00-0038117,WR,car,0.131,0.0,0.0,0.0,0.0,0.0
2025_07_NYG_DEN,NYG,DEN,Wan'Dale Robinson,00-0038117,WR,rush_yds,0.692,0.0,0.0,0.0,0.0,0.0
2025_07_NYG_DEN,NYG,DEN,Wan'Dale Robinson,00-0038117,WR,tgt,7.13,3.0,5.0,7.0,9.0,12.0
2025_07_NYG_DEN,NYG,DEN,Wan'Dale Robinson,00-0038117,WR,rec,4.373,2.0,3.0,4.0,6.0,8.0
2025_07_NYG_DEN,NYG,DEN,Wan'Dale Robinson,00-0038117,WR,rec_yds,52.247,12.145,26.134,46.569,72.244,99.587
2025_07_NYG_DEN,NYG,DEN,Wan'Dale Robinson,00-0038117,WR,anytime_td,0.189,0.0,0.0,0.0,0.0,1.0
2025_07_NYG_DEN,NYG,DEN,Theo Johnson,00-0039847,TE,car,0.002,0.0,0.0,0.0,0.0,0.0
2025_07_NYG_DEN,NYG,DEN,Theo Johnson,00-0039847,TE,rush_yds,0.004,0.0,0.0,0.0,0.0,0.0
2025_07_NYG_DEN,NYG,DEN,Theo Johnson,00-0039847,TE,tgt,4.425,1.0,2.0,4.0,6.0,8.0
2025_07_NYG_DEN,NYG,DEN,Theo Johnson,00-0039847,TE,rec,2.817,1.0,1.0,3.0,4.0,5.0
2025_07_NYG_DEN,NYG,DEN,Theo Johnson,00-0039847,TE,rec_yds,27.847,0.966,10.12,22.741,40.814,60.468
2025_07_NYG_DEN,NYG,DEN,Theo Johnson,00-0039847,TE,anytime_td,0.233,0.0,0.0,0.0,0.0,1.0
2025_07_NYG_DEN,NYG,DEN,Daniel Bellinger,00-0038115,TE,car,0.001,0.0,0.0,0.0,0.0,0.0
2025_07_NYG_DEN,NYG,DEN,Daniel Bellinger,00-0038115,TE,rush_yds,0.002,0.0,0.0,0.0,0.0,0.0
2025_07_NYG_DEN,NYG,DEN,Daniel Bellinger,00-0038115,TE,tgt,1.348,0.0,0.0,1.0,2.0,3.0
2025_07_NYG_DEN,NYG,DEN,Daniel Bellinger,00-0038115,TE,rec,0.937,0.0,0.0,1.0,1.0,2.0
2025_07_NYG_DEN,NYG,DEN,Daniel Bellinger,00-0038115,TE,rec_yds,9.73,0.0,0.0,3.557,14.806,28.393
2025_07_NYG_DEN,NYG,DEN,Daniel Bellinger,00-0038115,TE,anytime_td,0.01,0.0,0.0,0.0,0.0,0.0
2025_07_NYG_DEN,NYG,DEN,Cam Skattebo,00-0040715,RB,car,10.476,4.0,7.0,10.0,14.0,18.0
2025_07_NYG_DEN,NYG,DEN,Cam Skattebo,00-0040715,RB,rush_yds,40.647,9.904,19.662,34.728,55.354,78.439
2025_07_NYG_DEN,NYG,DEN,Cam Skattebo,00-0040715,RB,tgt,3.829,1.0,2.0,3.0,5.0,7.0
2025_07_NYG_DEN,NYG,DEN,Cam Skattebo,00-0040715,RB,rec,2.852,1.0,1.0,3.0,4.0,6.0
2025_07_NYG_DEN,NYG,DEN,Cam Skattebo,00-0040715,RB,rec_yds,21.309,0.0,6.505,16.661,31.023,48.249
2025_07_NYG_DEN,NYG,DEN,Cam Skattebo,00-0040715,RB,anytime_td,0.285,0.0,0.0,0.0,1.0,1.0
2025_07_NYG_DEN,NYG,DEN,Tyrone Tracy Jr.,00-0039384,RB,car,7.067,2.0,4.0,6.0,10.0,13.0
2025_07_NYG_DEN,NYG,DEN,Tyrone Tracy Jr.,00-0039384,RB,rush_yds,26.37,3.236,9.598,20.598,36.474,57.685
2025_07_NYG_DEN,NYG,DEN,Tyrone Tracy Jr.,00-0039384,RB,tgt,2.88,1.0,1.0,3.0,4.0,6.0
2025_07_NYG_DEN,NYG,DEN,Tyrone Tracy Jr.,00-0039384,RB,rec,1.974,0.0,1.0,2.0,3.0,4.0
2025_07_NYG_DEN,NYG,DEN,Tyrone Tracy Jr.,00-0039384,RB,rec_yds,14.425,0.0,2.03,9.936,21.599,35.623
2025_07_NYG_DEN,NYG,DEN,Tyrone Tracy Jr.,00-0039384,RB,anytime_td,0.127,0.0,0.0,0.0,0.0,1.0
2025_07_NYG_DEN,NYG,DEN,Jalin Hyatt,00-0038938,WR,car,0.011,0.0,0.0,0.0,0.0,0.0
2025_07_NYG_DEN,NYG,DEN,Jalin Hyatt,00-0038938,WR,rush_yds,0.082,0.0,0.0,0.0,0.0,0.0
2025_07_NYG_DEN,NYG,DEN,Jalin Hyatt,00-0038938,WR,tgt,2.141,0.0,1.0,2.0,3.0,5.0
2025_07_NYG_DEN,NYG,DEN,Jalin Hyatt,00-0038938,WR,rec,1.18,0.0,0.0,1.0,2.0,3.0
2025_07_NYG_DEN,NYG,DEN,Jalin Hyatt,00-0038938,WR,rec_yds,14.201,0.0,0.0,7.634,21.689,38.516
2025_07_NYG_DEN,NYG,DEN,Jalin Hyatt,00-0038938,WR,anytime_td,0.029,0.0,0.0,0.0,0.0,0.0
2025_07_NYG_DEN,NYG,DEN,Beaux Collins,00-0040432,WR,car,0.007,0.0,0.0,0.0,0.0,0.0
2025_07_NYG_DEN,NYG,DEN,Beaux Collins,00-0040432,WR,rush_yds,0.041,0.0,0.0,0.0,0.0,0.0
2025_07_NYG_DEN,NYG,DEN,Beaux Collins,00-0040432,WR,tgt,0.911,0.0,0.0,1.0,1.0,2.0
2025_07_NYG_DEN,NYG,DEN,Beaux Collins,00-0040432,WR,rec,0.533,0.0,0.0,0.0,1.0,2.0
2025_07_NYG_DEN,NYG,DEN,Beaux Collins,00-0040432,WR,rec_yds,6.605,0.0,0.0,0.0,8.646,22.615
2025_07_NYG_DEN,NYG,DEN,Beaux Collins,00-0040432,WR,anytime_td,0.01,0.0,0.0,0.0,0.0,0.0
2025_07_NYG_DEN,NYG,DEN,Thomas Fidone II,00-0040225,TE,car,0.004,0.0,0.0,0.0,0.0,0.0
2025_07_NYG_DEN,NYG,DEN,Thomas Fidone II,00-0040225,TE,rush_yds,0.013,0.0,0.0,0.0,0.0,0.0
2025_07_NYG_DEN,NYG,DEN,Thomas Fidone II,00-0040225,TE,tgt,0.839,0.0,0.0,0.0,1.0,2.0
2025_07_NYG_DEN,NYG,DEN,Thomas Fidone II,00-0040225,TE,rec,0.557,0.0,0.0,0.0,1.0,2.0
2025_07_NYG_DEN,NYG,DEN,Thomas Fidone II,00-0040225,TE,rec_yds,5.943,0.0,0.0,0.0,8.307,20.572
2025_07_NYG_DEN,NYG,DEN,Thomas Fidone II,00-0040225,TE,anytime_td,0.023,0.0,0.0,0.0,0.0,0.0
2025_07_NYG_DEN,NYG,DEN,Devin Singletary,00-0035250,RB,car,3.779,0.0,1.0,3.0,6.0,8.0
2025_07_NYG_DEN,NYG,DEN,Devin Singletary,00-0035250,RB,rush_yds,14.484,0.0,1.864,8.905,20.97,36.37
2025_07_NYG_DEN,NYG,DEN,Devin Singletary,00-0035250,RB,tgt,0.737,0.0,0.0,0.0,1.0,2.0
2025_07_NYG_DEN,NYG,DEN,Devin Singletary,00-0035250,RB,rec,0.528,0.0,0.0,0.0,1.0,2.0
2025_07_NYG_DEN,NYG,DEN,Devin Singletary,00-0035250,RB,rec_yds,3.699,0.0,0.0,0.0,4.37,12.826
2025_07_NYG_DEN,NYG,DEN,Devin Singletary,00-0035250,RB,anytime_td,0.049,0.0,0.0,0.0,0.0,0.0
2025_07_PHI_MIN,MIN,PHI,Carson Wentz,00-0032950,QB,att,30.456,20.0,26.0,31.0,36.0,41.0
2025_07_PHI_MIN,MIN,PHI,Carson Wentz,00-0032950,QB,cmp,19.438,12.0,16.0,20.0,23.0,27.0
2025_07_PHI_MIN,MIN,PHI,Carson Wentz,00-0032950,QB,pass_yds,209.647,121.617,165.049,209.081,256.432,301.095
2025_07_PHI_MIN,MIN,PHI,Carson Wentz,00-0032950,QB,pass_td,1.335,0.0,0.0,1.0,2.0,3.0
2025_07_PHI_MIN,MIN,PHI,Carson Wentz,00-0032950,QB,ints,0.675,0.0,0.0,0.0,1.0,2.0
2025_07_PHI_MIN,MIN,PHI,Carson Wentz,00-0032950,QB,car,2.929,1.0,1.0,3.0,4.0,6.0
2025_07_PHI_MIN,MIN,PHI,Carson Wentz,00-0032950,QB,rush_yds,14.071,0.0,2.734,10.725,20.962,33.544
2025_07_PHI_MIN,MIN,PHI,Carson Wentz,00-0032950,QB,tgt,0.0,0.0,0.0,0.0,0.0,0.0
2025_07_PHI_MIN,MIN,PHI,Carson Wentz,00-0032950,QB,rec,0.0,0.0,0.0,0.0,0.0,0.0
2025_07_PHI_MIN,MIN,PHI,Carson Wentz,00-0032950,QB,rec_yds,0.005,0.0,0.0,0.0,0.0,0.0
2025_07_PHI_MIN,MIN,PHI,Carson Wentz,00-0032950,QB,anytime_td,0.02,0.0,0.0,0.0,0.0,0.0
2025_07_PHI_MIN,MIN,PHI,Justin Jefferson,00-0036322,WR,car,0.132,0.0,0.0,0.0,0.0,0.0
2025_07_PHI_MIN,MIN,PHI,Justin Jefferson,00-0036322,WR,rush_yds,0.734,0.0,0.0,0.0,0.0,0.0
2025_07_PHI_MIN,MIN,PHI,Justin Jefferson,00-0036322,WR,tgt,8.342,4.0,6.0,8.0,11.0,13.0
2025_07_PHI_MIN,MIN,PHI,Justin Jefferson,00-0036322,WR,rec,5.437,2.0,3.0,5.0,7.0,9.0
2025_07_PHI_MIN,MIN,PHI,Justin Jefferson,00-0036322,WR,rec_yds,71.088,21.302,38.595,64.68,96.54,130.937
2025_07_PHI_MIN,MIN,PHI,Justin Jefferson,00-0036322,WR,anytime_td,0.228,0.0,0.0,0.0,0.0,1.0
2025_07_PHI_MIN,MIN,PHI,Jordan Addison,00-0038994,WR,car,0.087,0.0,0.0,0.0,0.0,0.0
2025_07_PHI_MIN,MIN,PHI,Jordan Addison,00-0038994,WR,rush_yds,0.49,0.0,0.0,0.0,0.0,0.0
2025_07_PHI_MIN,MIN,PHI,Jordan Addison,00-0038994,WR,tgt,5.648,2.0,4.0,5.0,7.0,9.0
2025_07_PHI_MIN,MIN,PHI,Jordan Addison,00-0038994,WR,rec,3.476,1.0,2.0,3.0,5.0,6.0
2025_07_PHI_MIN,MIN,PHI,Jordan Addison,00-0038994,WR,rec_yds,43.337,6.545,17.993,37.439,61.303,88.44
2025_07_PHI_MIN,MIN,PHI,Jordan Addison,00-0038994,WR,anytime_td,0.27,0.0,0.0,0.0,1.0,1.0
2025_07_PHI_MIN,MIN,PHI,T.J. Hockenson,00-0035229,TE,car,0.003,0.0,0.0,0.0,0.0,0.0
2025_07_PHI_MIN,MIN,PHI,T.J. Hockenson,00-0035229,TE,rush_yds,0.008,0.0,0.0,0.0,0.0,0.0
2025_07_PHI_MIN,MIN,PHI,T.J. Hockenson,00-0035229,TE,tgt,4.769,2.0,3.0,4.0,6.0,8.0
2025_07_PHI_MIN,MIN,PHI,T.J. Hockenson,00-0035229,TE,rec,3.432,1.0,2.0,3.0,5.0,6.0
2025_07_PHI_MIN,MIN,PHI,T.J. Hockenson,00-0035229,TE,rec_yds,31.369,4.816,13.569,26.683,44.778,63.725
2025_07_PHI_MIN,MIN,PHI,T.J. Hockenson,00-0035229,TE,anytime_td,0.163,0.0,0.0,0.0,0.0,1.0
2025_07_PHI_MIN,MIN,PHI,Jordan Mason,00-0037525,RB,car,15.551,8.0,11.0,15.0,19.0,24.0
2025_07_PHI_MIN,MIN,PHI,Jordan Mason,00-0037525,RB,rush_yds,65.282,23.155,38.124,58.387,85.765,116.195
2025_07_PHI_MIN,MIN,PHI,Jordan Mason,00-0037525,RB,tgt,1.986,0.0,1.0,2.0,3.0,4.0
2025_07_PHI_MIN,MIN,PHI,Jordan Mason,00-0037525,RB,rec,1.525,0.0,0.0,1.0,2.0,3.0
2025_07_PHI_MIN,MIN,PHI,Jordan Mason,00-0037525,RB,rec_yds,9.493,0.0,0.0,5.453,14.214,26.404
2025_07_PHI_MIN,MIN,PHI,Jordan Mason,00-0037525,RB,anytime_td,0.369,0.0,0.0,0.0,1.0,1.0
2025_07_PHI_MIN,MIN,PHI,Jalen Nailor,00-0037291,WR,car,0.272,0.0,0.0,0.0,0.0,1.0
2025_07_PHI_MIN,MIN,PHI,Jalen Nailor,00-0037291,WR,rush_yds,1.444,0.0,0.0,0.0,0.0,1.898
2025_07_PHI_MIN,MIN,PHI,Jalen Nailor,00-0037291,WR,tgt,3.673,1.0,2.0,3.0,5.0,7.0
2025_07_PHI_MIN,MIN,PHI,Jalen Nailor,00-0037291,WR,rec,2.189,0.0,1.0,2.0,3.0,4.0
2025_07_PHI_MIN,MIN,PHI,Jalen Nailor,00-0037291,WR,rec_yds,25.325,0.0,6.753,19.447,37.752,57.631
2025_07_PHI_MIN,MIN,PHI,Jalen Nailor,00-0037291,WR,anytime_td,0.183,0.0,0.0,0.0,0.0,1.0
2025_07_PHI_MIN,MIN,PHI,Josh Oliver,00-0035249,TE,car,0.001,0.0,0.0,0.0,0.0,0.0
2025_07_PHI_MIN,MIN,PHI,Josh Oliver,00-0035249,TE,rush_yds,0.002,0.0,0.0,0.0,0.0,0.0
2025_07_PHI_MIN,MIN,PHI,Josh Oliver,00-0035249,TE,tgt,1.358,0.0,0.0,1.0,2.0,3.0
2025_07_PHI_MIN,MIN,PHI,Josh Oliver,00-0035249,TE,rec,0.953,0.0,0.0,1.0,1.0,2.0
2025_07_PHI_MIN,MIN,PHI,Josh Oliver,00-0035249,TE,rec_yds,9.476,0.0,0.0,3.567,14.277,27.658
2025_07_PHI_MIN,MIN,PHI,Josh Oliver,00-0035249,TE,anytime_td,0.148,0.0,0.0,0.0,0.0,1.0
2025_07_PHI_MIN,MIN,PHI,C.J. Ham,00-0032918,RB,car,0.548,0.0,0.0,0.0,0.25,2.0
2025_07_PHI_MIN,MIN,PHI,C.J. Ham,00-0032918,RB,rush_yds,2.232,0.0,0.0,0.0,0.0,6.844
2025_07_PHI_MIN,MIN,PHI,C.J. Ham,00-0032918,RB,tgt,0.385,0.0,0.0,0.0,1.0,1.0
2025_07_PHI_MIN,MIN,PHI,C.J. Ham,00-0032918,RB,rec,0.297,0.0,0.0,0.0,0.0,1.0
2025_07_PHI_MIN,MIN,PHI,C.J. Ham,00-0032918,RB,rec_yds,2.042,0.0,0.0,0.0,0.0,7.756
2025_07_PHI_MIN,MIN,PHI,C.J. Ham,00-0032918,RB,anytime_td,0.018,0.0,0.0,0.0,0.0,0.0
2025_07_PHI_MIN,MIN,PHI,Zavier Scott,00-0038440,RB,car,5.72,1.0,3.0,5.0,8.0,11.0
2025_07_PHI_MIN,MIN,PHI,Zavier Scott,00-0038440,RB,rush_yds,22.159,1.602,6.927,16.538,31.069,49.662
2025_07_PHI_MIN,MIN,PHI,Zavier Scott,00-0038440,RB,tgt,2.278,0.0,1.0,2.0,3.0,5.0
2025_07_PHI_MIN,MIN,PHI,Zavier Scott,00-0038440,RB,rec,1.731,0.0,1.0,1.0,3.0,4.0
2025_07_PHI_MIN,MIN,PHI,Zavier Scott,00-0038440,RB,rec_yds,12.305,0.0,0.0,8.038,18.498,31.348
2025_07_PHI_MIN,MIN,PHI,Zavier Scott,00-0038440,RB,anytime_td,0.223,0.0,0.0,0.0,0.0,1.0
2025_07_PHI_MIN,MIN,PHI,Adam Thielen,00-0030035,WR,car,0.018,0.0,0.0,0.0,0.0,0.0
2025_07_PHI_MIN,MIN,PHI,Adam Thielen,00-0030035,WR,rush_yds,0.112,0.0,0.0,0.0,0.0,0.0
2025_07_PHI_MIN,MIN,PHI,Adam Thielen,00-0030035,WR,tgt,2.477,0.0,1.0,2.0,4.0,5.0
2025_07_PHI_MIN,MIN,PHI,Adam Thielen,00-0030035,WR,rec,1.543,0.0,0.0,1.0,2.0,3.0
2025_07_PHI_MIN,MIN,PHI,Adam Thielen,00-0030035,WR,rec_yds,17.73,0.0,0.0,11.673,26.43,45.527
2025_07_PHI_MIN,MIN,PHI,Adam Thielen,00-0030035,WR,anytime_td,0.083,0.0,0.0,0.0,0.0,0.0
2025_07_PHI_MIN,PHI,MIN,Jalen Hurts,00-0036389,QB,att,27.917,18.0,23.0,29.0,33.0,38.0
2025_07_PHI_MIN,PHI,MIN,Jalen Hurts,00-0036389,QB,cmp,18.889,11.9,15.0,19.0,23.0,26.0
2025_07_PHI_MIN,PHI,MIN,Jalen Hurts,00-0036389,QB,pass_yds,205.184,117.872,160.549,204.759,252.035,297.823
2025_07_PHI_MIN,PHI,MIN,Jalen Hurts,00-0036389,QB,pass_td,1.346,0.0,1.0,1.0,2.0,3.0
2025_07_PHI_MIN,PHI,MIN,Jalen Hurts,00-0036389,QB,ints,0.531,0.0,0.0,0.0,1.0,2.0
2025_07_PHI_MIN,PHI,MIN,Jalen Hurts,00-0036389,QB,car,6.337,2.0,4.0,6.0,8.0,11.0
2025_07_PHI_MIN,PHI,MIN,Jalen Hurts,00-0036389,QB,rush_yds,28.25,3.804,11.987,24.525,40.134,57.033
2025_07_PHI_MIN,PHI,MIN,Jalen Hurts,00-0036389,QB,tgt,0.0,0.0,0.0,0.0,0.0,0.0
2025_07_PHI_MIN,PHI,MIN,Jalen Hurts,00-0036389,QB,rec,0.0,0.0,0.0,0.0,0.0,0.0
2025_07_PHI_MIN,PHI,MIN,Jalen Hurts,00-0036389,QB,rec_yds,0.001,0.0,0.0,0.0,0.0,0.0
2025_07_PHI_MIN,PHI,MIN,Jalen Hurts,00-0036389,QB,anytime_td,0.353,0.0,0.0,0.0,1.0,1.0
2025_07_PHI_MIN,PHI,MIN,Dallas Goedert,00-0034351,TE,car,0.053,0.0,0.0,0.0,0.0,0.0
2025_07_PHI_MIN,PHI,MIN,Dallas Goedert,00-0034351,TE,rush_yds,0.14,0.0,0.0,0.0,0.0,0.0
2025_07_PHI_MIN,PHI,MIN,Dallas Goedert,00-0034351,TE,tgt,6.494,3.0,4.0,6.0,8.0,11.0
2025_07_PHI_MIN,PHI,MIN,Dallas Goedert,00-0034351,TE,rec,4.814,2.0,3.0,5.0,6.0,8.0
2025_07_PHI_MIN,PHI,MIN,Dallas Goedert,00-0034351,TE,rec_yds,50.938,13.652,27.115,45.567,70.012,95.008
2025_07_PHI_MIN,PHI,MIN,Dallas Goedert,00-0034351,TE,anytime_td,0.443,0.0,0.0,0.0,1.0,1.0
2025_07_PHI_MIN,PHI,MIN,A.J. Brown,00-0035676,WR,car,0.004,0.0,0.0,0.0,0.0,0.0
2025_07_PHI_MIN,PHI,MIN,A.J. Brown,00-0035676,WR,rush_yds,0.03,0.0,0.0,0.0,0.0,0.0
2025_07_PHI_MIN,PHI,MIN,A.J. Brown,00-0035676,WR,tgt,7.784,4.0,5.0,7.0,10.0,12.0
2025_07_PHI_MIN,PHI,MIN,A.J. Brown,00-0035676,WR,rec,4.769,2.0,3.0,5.0,6.0,8.0
2025_07_PHI_MIN,PHI,MIN,A.J. Brown,00-0035676,WR,rec_yds,58.718,15.703,31.065,53.08,79.807,109.905
2025_07_PHI_MIN,PHI,MIN,A.J. Brown,00-0035676,WR,anytime_td,0.244,0.0,0.0,0.0,0.0,1.0
2025_07_PHI_MIN,PHI,MIN,DeVonta Smith,00-0036912,WR,car,0.017,0.0,0.0,0.0,0.0,0.0
2025_07_PHI_MIN,PHI,MIN,DeVonta Smith,00-0036912,WR,rush_yds,0.093,0.0,0.0,0.0,0.0,0.0
2025_07_PHI_MIN,PHI,MIN,DeVonta Smith,00-0036912,WR,tgt,5.958,2.0,4.0,6.0,8.0,10.0
2025_07_PHI_MIN,PHI,MIN,DeVonta Smith,00-0036912,WR,rec,4.353,1.0,3.0,4.0,6.0,8.0
2025_07_PHI_MIN,PHI,MIN,DeVonta Smith,00-0036912,WR,rec_yds,53.111,12.53,25.657,46.71,73.895,103.254
2025_07_PHI_MIN,PHI,MIN,DeVonta Smith,00-0036912,WR,anytime_td,0.22,0.0,0.0,0.0,0.0,1.0
2025_07_PHI_MIN,PHI,MIN,Saquon Barkley,00-0034844,RB,car,13.149,6.0,9.0,13.0,17.0,21.0
2025_07_PHI_MIN,PHI,MIN,Saquon Barkley,00-0034844,RB,rush_yds,57.046,17.966,31.145,50.116,75.893,105.451
2025_07_PHI_MIN,PHI,MIN,Saquon Barkley,00-0034844,RB,tgt,3.615,1.0,2.0,3.0,5.0,7.0
2025_07_PHI_MIN,PHI,MIN,Saquon Barkley,00-0034844,RB,rec,2.959,1.0,1.0,3.0,4.0,6.0
2025_07_PHI_MIN,PHI,MIN,Saquon Barkley,00-0034844,RB,rec_yds,21.928,0.0,7.086,16.945,31.644,48.887
2025_07_PHI_MIN,PHI,MIN,Saquon Barkley,00-0034844,RB,anytime_td,0.392,0.0,0.0,0.0,1.0,1.0
2025_07_PHI_MIN,PHI,MIN,Jahan Dotson,00-0037741,WR,car,0.013,0.0,0.0,0.0,0.0,0.0
2025_07_PHI_MIN,PHI,MIN,Jahan Dotson,00-0037741,WR,rush_yds,0.051,0.0,0.0,0.0,0.0,0.0
2025_07_PHI_MIN,PHI,MIN,Jahan Dotson,00-0037741,WR,tgt,2.141,0.0,1.0,2.0,3.0,5.0
2025_07_PHI_MIN,PHI,MIN,Jahan Dotson,00-0037741,WR,rec,1.327,0.0,0.0,1.0,2.0,3.0
2025_07_PHI_MIN,PHI,MIN,Jahan Dotson,00-0037741,WR,rec_yds,17.335,0.0,0.0,10.845,26.494,45.877
2025_07_PHI_MIN,PHI,MIN,Jahan Dotson,00-0037741,WR,anytime_td,0.052,0.0,0.0,0.0,0.0,0.0
2025_07_PHI_MIN,PHI,MIN,Kylen Granson,00-0036876,TE,car,0.005,0.0,0.0,0.0,0.0,0.0
2025_07_PHI_MIN,PHI,MIN,Kylen Granson,00-0036876,TE,rush_yds,0.016,0.0,0.0,0.0,0.0,0.0
2025_07_PHI_MIN,PHI,MIN,Kylen Granson,00-0036876,TE,tgt,0.682,0.0,0.0,0.0,1.0,2.0
2025_07_PHI_MIN,PHI,MIN,Kylen Granson,00-0036876,TE,rec,0.485,0.0,0.0,0.0,1.0,2.0
2025_07_PHI_MIN,PHI,MIN,Kylen Granson,00-0036876,TE,rec_yds,5.02,0.0,0.0,0.0,6.506,17.643
2025_07_PHI_MIN,PHI,MIN,Kylen Granson,00-0036876,TE,anytime_td,0.012,0.0,0.0,0.0,0.0,0.0
2025_07_PHI_MIN,PHI,MIN,Will Shipley,00-0039746,RB,car,1.589,0.0,0.0,1.0,2.0,5.0
2025_07_PHI_MIN,PHI,MIN,Will Shipley,00-0039746,RB,rush_yds,7.235,0.0,0.0,0.0,9.31,21.922
2025_07_PHI_MIN,PHI,MIN,Will Shipley,00-0039746,RB,tgt,0.777,0.0,0.0,0.0,1.0,2.0
2025_07_PHI_MIN,PHI,MIN,Will Shipley,00-0039746,RB,rec,0.599,0.0,0.0,0.0,1.0,2.0
2025_07_PHI_MIN,PHI,MIN,Will Shipley,00-0039746,RB,rec_yds,4.462,0.0,0.0,0.0,5.607,14.93
2025_07_PHI_MIN,PHI,MIN,Will Shipley,00-0039746,RB,anytime_td,0.051,0.0,0.0,0.0,0.0,0.0
2025_07_PHI_MIN,PHI,MIN,Tank Bigsby,00-0038555,RB,car,6.872,2.0,3.0,6.0,9.0,13.0
2025_07_PHI_MIN,PHI,MIN,Tank Bigsby,00-0038555,RB,rush_yds,29.615,3.515,10.605,22.785,41.737,64.375
2025_07_PHI_MIN,PHI,MIN,Tank Bigsby,00-0038555,RB,tgt,0.651,0.0,0.0,0.0,1.0,2.0
2025_07_PHI_MIN,PHI,MIN,Tank Bigsby,00-0038555,RB,rec,0.518,0.0,0.0,0.0,1.0,2.0
2025_07_PHI_MIN,PHI,MIN,Tank Bigsby,00-0038555,RB,rec_yds,3.771,0.0,0.0,0.0,4.438,13.311
2025_07_PHI_MIN,PHI,MIN,Tank Bigsby,00-0038555,RB,anytime_td,0.233,0.0,0.0,0.0,0.0,1.0
2025_07_WAS_DAL,DAL,WAS,Dak Prescott,00-0033077,QB,att,33.686,23.0,29.0,34.0,40.0,45.0
2025_07_WAS_DAL,DAL,WAS,Dak Prescott,00-0033077,QB,cmp,23.337,15.0,20.0,24.0,28.0,31.0
2025_07_WAS_DAL,DAL,WAS,Dak Prescott,00-0033077,QB,pass_yds,267.816,164.361,215.065,267.804,323.703,381.061
2025_07_WAS_DAL,DAL,WAS,Dak Prescott,00-0033077,QB,pass_td,1.972,0.0,1.0,2.0,3.0,3.0
2025_07_WAS_DAL,DAL,WAS,Dak Prescott,00-0033077,QB,ints,0.647,0.0,0.0,0.0,1.0,2.0
2025_07_WAS_DAL,DAL,WAS,Dak Prescott,00-0033077,QB,car,2.566,0.0,1.0,2.0,4.0,5.0
2025_07_WAS_DAL,DAL,WAS,Dak Prescott,00-0033077,QB,rush_yds,9.6,-1.0,0.0,5.053,15.299,27.088
2025_07_WAS_DAL,DAL,WAS,Dak Prescott,00-0033077,QB,tgt,0.0,0.0,0.0,0.0,0.0,0.0
2025_07_WAS_DAL,DAL,WAS,Dak Prescott,00-0033077,QB,rec,0.0,0.0,0.0,0.0,0.0,0.0
2025_07_WAS_DAL,DAL,WAS,Dak Prescott,00-0033077,QB,rec_yds,0.001,0.0,0.0,0.0,0.0,0.0
2025_07_WAS_DAL,DAL,WAS,Dak Prescott,00-0033077,QB,anytime_td,0.169,0.0,0.0,0.0,0.0,1.0
2025_07_WAS_DAL,DAL,WAS,George Pickens,00-0037247,WR,car,0.019,0.0,0.0,0.0,0.0,0.0
2025_07_WAS_DAL,DAL,WAS,George Pickens,00-0037247,WR,rush_yds,0.11,0.0,0.0,0.0,0.0,0.0
2025_07_WAS_DAL,DAL,WAS,George Pickens,00-0037247,WR,tgt,6.501,3.0,4.0,6.0,8.0,11.0
2025_07_WAS_DAL,DAL,WAS,George Pickens,00-0037247,WR,rec,4.404,1.0,3.0,4.0,6.0,8.0
2025_07_WAS_DAL,DAL,WAS,George Pickens,00-0037247,WR,rec_yds,66.705,15.473,32.381,58.714,92.328,130.024
2025_07_WAS_DAL,DAL,WAS,George Pickens,00-0037247,WR,anytime_td,0.445,0.0,0.0,0.0,1.0,1.0
2025_07_WAS_DAL,DAL,WAS,CeeDee Lamb,00-0036358,WR,car,0.286,0.0,0.0,0.0,0.0,1.0
2025_07_WAS_DAL,DAL,WAS,CeeDee Lamb,00-0036358,WR,rush_yds,1.546,0.0,0.0,0.0,0.0,2.27
2025_07_WAS_DAL,DAL,WAS,CeeDee Lamb,00-0036358,WR,tgt,6.371,3.0,4.0,6.0,8.0,11.0
2025_07_WAS_DAL,DAL,WAS,CeeDee Lamb,00-0036358,WR,rec,4.379,1.0,3.0,4.0,6.0,8.0
2025_07_WAS_DAL,DAL,WAS,CeeDee Lamb,00-0036358,WR,rec_yds,58.286,12.833,27.856,51.346,81.649,112.896
2025_07_WAS_DAL,DAL,WAS,CeeDee Lamb,00-0036358,WR,anytime_td,0.244,0.0,0.0,0.0,0.0,1.0
2025_07_WAS_DAL,DAL,WAS,Javonte Williams,00-0036997,RB,car,13.222,6.0,9.0,13.0,17.0,21.0
2025_07_WAS_DAL,DAL,WAS,Javonte Williams,00-0036997,RB,rush_yds,62.073,19.898,33.411,55.011,81.925,113.422
2025_07_WAS_DAL,DAL,WAS,Javonte Williams,00-0036997,RB,tgt,3.717,1.0,2.0,3.0,5.0,7.0
2025_07_WAS_DAL,DAL,WAS,Javonte Williams,00-0036997,RB,rec,3.014,1.0,1.0,3.0,4.0,6.0
2025_07_WAS_DAL,DAL,WAS,Javonte Williams,00-0036997,RB,rec_yds,18.761,0.0,5.48,14.489,27.051,42.162
2025_07_WAS_DAL,DAL,WAS,Javonte Williams,00-0036997,RB,anytime_td,0.539,0.0,0.0,1.0,1.0,1.0
2025_07_WAS_DAL,DAL,WAS,Jake Ferguson,00-0038041,TE,car,0.002,0.0,0.0,0.0,0.0,0.0
2025_07_WAS_DAL,DAL,WAS,Jake Ferguson,00-0038041,TE,rush_yds,0.004,0.0,0.0,0.0,0.0,0.0
2025_07_WAS_DAL,DAL,WAS,Jake Ferguson,00-0038041,TE,tgt,5.957,2.0,4.0,6.0,8.0,10.0
2025_07_WAS_DAL,DAL,WAS,Jake Ferguson,00-0038041,TE,rec,4.814,2.0,3.0,4.0,6.0,8.0
2025_07_WAS_DAL,DAL,WAS,Jake Ferguson,00-0038041,TE,rec_yds,43.362,10.663,21.883,39.013,59.815,81.379
2025_07_WAS_DAL,DAL,WAS,Jake Ferguson,00-0038041,TE,anytime_td,0.385,0.0,0.0,0.0,1.0,1.0
2025_07_WAS_DAL,DAL,WAS,Jalen Tolbert,00-0037666,WR,car,0.005,0.0,0.0,0.0,0.0,0.0
2025_07_WAS_DAL,DAL,WAS,Jalen Tolbert,00-0037666,WR,rush_yds,0.035,0.0,0.0,0.0,0.0,0.0
2025_07_WAS_DAL,DAL,WAS,Jalen Tolbert,00-0037666,WR,tgt,2.793,0.0,1.0,2.0,4.0,6.0
2025_07_WAS_DAL,DAL,WAS,Jalen Tolbert,00-0037666,WR,rec,1.796,0.0,1.0,2.0,3.0,4.0
2025_07_WAS_DAL,DAL,WAS,Jalen Tolbert,00-0037666,WR,rec_yds,23.032,0.0,3.287,16.501,34.208,56.943
2025_07_WAS_DAL,DAL,WAS,Jalen Tolbert,00-0037666,WR,anytime_td,0.118,0.0,0.0,0.0,0.0,1.0
2025_07_WAS_DAL,DAL,WAS,Luke Schoonmaker,00-0038547,TE,car,0.003,0.0,0.0,0.0,0.0,0.0
2025_07_WAS_DAL,DAL,WAS,Luke Schoonmaker,00-0038547,TE,rush_yds,0.018,0.0,0.0,0.0,0.0,0.0
2025_07_WAS_DAL,DAL,WAS,Luke Schoonmaker,00-0038547,TE,tgt,1.408,0.0,0.0,1.0,2.0,3.0
2025_07_WAS_DAL,DAL,WAS,Luke Schoonmaker,00-0038547,TE,rec,1.024,0.0,0.0,1.0,2.0,3.0
2025_07_WAS_DAL,DAL,WAS,Luke Schoonmaker,00-0038547,TE,rec_yds,10.261,0.0,0.0,4.69,15.905,29.423
2025_07_WAS_DAL,DAL,WAS,Luke Schoonmaker,00-0038547,TE,anytime_td,0.032,0.0,0.0,0.0,0.0,0.0
2025_07_WAS_DAL,DAL,WAS,KaVontae Turpin,00-0037801,WR,car,1.194,0.0,0.0,0.0,2.0,4.0
2025_07_WAS_DAL,DAL,WAS,KaVontae Turpin,00-0037801,WR,rush_yds,6.422,0.0,0.0,0.0,7.899,21.181
2025_07_WAS_DAL,DAL,WAS,KaVontae Turpin,00-0037801,WR,tgt,2.466,0.0,1.0,2.0,3.0,5.0
2025_07_WAS_DAL,DAL,WAS,KaVontae Turpin,00-0037801,WR,rec,1.695,0.0,1.0,1.0,2.0,4.0
2025_07_WAS_DAL,DAL,WAS,KaVontae Turpin,00-0037801,WR,rec_yds,22.867,0.0,1.076,15.59,34.446,56.632
2025_07_WAS_DAL,DAL,WAS,KaVontae Turpin,00-0037801,WR,anytime_td,0.191,0.0,0.0,0.0,0.0,1.0
2025_07_WAS_DAL,DAL,WAS,Ryan Flournoy,00-0039410,WR,car,0.619,0.0,0.0,0.0,1.0,2.0
2025_07_WAS_DAL,DAL,WAS,Ryan Flournoy,00-0039410,WR,rush_yds,3.501,0.0,0.0,0.0,0.0,12.049
2025_07_WAS_DAL,DAL,WAS,Ryan Flournoy,00-0039410,WR,tgt,3.104,1.0,1.0,3.0,4.0,6.0
2025_07_WAS_DAL,DAL,WAS,Ryan Flournoy,00-0039410,WR,rec,2.071,0.0,1.0,2.0,3.0,4.0
2025_07_WAS_DAL,DAL,WAS,Ryan Flournoy,00-0039410,WR,rec_yds,27.892,0.0,6.444,20.026,41.494,66.845
2025_07_WAS_DAL,DAL,WAS,Ryan Flournoy,00-0039410,WR,anytime_td,0.068,0.0,0.0,0.0,0.0,0.0
2025_07_WAS_DAL,DAL,WAS,Jaydon Blue,00-0040586,RB,car,3.647,0.0,1.0,3.0,5.0,8.0
2025_07_WAS_DAL,DAL,WAS,Jaydon Blue,00-0040586,RB,rush_yds,14.862,0.0,1.885,9.045,21.271,37.233
2025_07_WAS_DAL,DAL,WAS,Jaydon Blue,00-0040586,RB,tgt,0.157,0.0,0.0,0.0,0.0,1.0
2025_07_WAS_DAL,DAL,WAS,Jaydon Blue,00-0040586,RB,rec,0.13,0.0,0.0,0.0,0.0,1.0
2025_07_WAS_DAL,DAL,WAS,Jaydon Blue,00-0040586,RB,rec_yds,0.954,0.0,0.0,0.0,0.0,0.0
2025_07_WAS_DAL,DAL,WAS,Jaydon Blue,00-0040586,RB,anytime_td,0.118,0.0,0.0,0.0,0.0,1.0
2025_07_WAS_DAL,DAL,WAS,Hunter Luepke,00-0038738,RB,car,0.514,0.0,0.0,0.0,0.0,2.0
2025_07_WAS_DAL,DAL,WAS,Hunter Luepke,00-0038738,RB,rush_yds,2.252,0.0,0.0,0.0,0.0,7.21
2025_07_WAS_DAL,DAL,WAS,Hunter Luepke,00-0038738,RB,tgt,0.709,0.0,0.0,0.0,1.0,2.0
2025_07_WAS_DAL,DAL,WAS,Hunter Luepke,00-0038738,RB,rec,0.578,0.0,0.0,0.0,1.0,2.0
2025_07_WAS_DAL,DAL,WAS,Hunter Luepke,00-0038738,RB,rec_yds,4.377,0.0,0.0,0.0,5.383,15.574
2025_07_WAS_DAL,DAL,WAS,Hunter Luepke,00-0038738,RB,anytime_td,0.087,0.0,0.0,0.0,0.0,0.0
2025_07_WAS_DAL,DAL,WAS,Malik Davis,00-0037563,RB,car,2.929,0.0,1.0,2.0,4.0,7.0
2025_07_WAS_DAL,DAL,WAS,Malik Davis,00-0037563,RB,rush_yds,12.832,0.0,0.0,6.682,18.012,35.118
2025_07_WAS_DAL,DAL,WAS,Malik Davis,00-0037563,RB,tgt,0.546,0.0,0.0,0.0,1.0,2.0
2025_07_WAS_DAL,DAL,WAS,Malik Davis,00-0037563,RB,rec,0.451,0.0,0.0,0.0,1.0,1.0
2025_07_WAS_DAL,DAL,WAS,Malik Davis,00-0037563,RB,rec_yds,3.337,0.0,0.0,0.0,2.785,12.064
2025_07_WAS_DAL,DAL,WAS,Malik Davis,00-0037563,RB,anytime_td,0.118,0.0,0.0,0.0,0.0,1.0
2025_07_WAS_DAL,WAS,DAL,Chris Moore,00-0032398,WR,car,0.179,0.0,0.0,0.0,0.0,0.0
2025_07_WAS_DAL,WAS,DAL,Chris Moore,00-0032398,WR,rush_yds,1.007,0.0,0.0,0.0,0.0,0.0
2025_07_WAS_DAL,WAS,DAL,Chris Moore,00-0032398,WR,tgt,4.368,1.0,2.0,4.0,6.0,8.0
2025_07_WAS_DAL,WAS,DAL,Chris Moore,00-0032398,WR,rec,2.825,1.0,1.0,3.0,4.0,5.0
2025_07_WAS_DAL,WAS,DAL,Chris Moore,00-0032398,WR,rec_yds,38.764,1.058,14.413,31.921,55.605,83.32
2025_07_WAS_DAL,WAS,DAL,Chris Moore,00-0032398,WR,anytime_td,0.184,0.0,0.0,0.0,0.0,1.0
2025_07_WAS_DAL,WAS,DAL,Jaylin Lane,00-0040164,WR,car,0.226,0.0,0.0,0.0,0.0,1.0
2025_07_WAS_DAL,WAS,DAL,Jaylin Lane,00-0040164,WR,rush_yds,1.384,0.0,0.0,0.0,0.0,0.0
2025_07_WAS_DAL,WAS,DAL,Jaylin Lane,00-0040164,WR,tgt,4.567,1.0,3.0,4.0,6.0,8.0
2025_07_WAS_DAL,WAS,DAL,Jaylin Lane,00-0040164,WR,rec,2.924,1.0,1.0,3.0,4.0,6.0
2025_07_WAS_DAL,WAS,DAL,Jaylin Lane,00-0040164,WR,rec_yds,38.462,3.371,13.613,31.719,54.785,83.797
2025_07_WAS_DAL,WAS,DAL,Jaylin Lane,00-0040164,WR,anytime_td,0.065,0.0,0.0,0.0,0.0,0.0
2025_07_WAS_DAL,WAS,DAL,Jayden Daniels,00-0039910,QB,att,29.153,19.0,25.0,30.0,35.0,39.0
2025_07_WAS_DAL,WAS,DAL,Jayden Daniels,00-0039910,QB,cmp,20.453,13.0,17.0,21.0,25.0,28.0
2025_07_WAS_DAL,WAS,DAL,Jayden Daniels,00-0039910,QB,pass_yds,228.388,133.753,182.77,229.132,278.691,325.633
2025_07_WAS_DAL,WAS,DAL,Jayden Daniels,00-0039910,QB,pass_td,1.704,0.0,1.0,2.0,2.0,3.0
2025_07_WAS_DAL,WAS,DAL,Jayden Daniels,00-0039910,QB,ints,0.588,0.0,0.0,0.0,1.0,2.0
2025_07_WAS_DAL,WAS,DAL,Jayden Daniels,00-0039910,QB,car,7.663,3.0,5.0,7.0,10.0,13.0
2025_07_WAS_DAL,WAS,DAL,Jayden Daniels,00-0039910,QB,rush_yds,40.171,10.805,21.494,36.426,54.684,74.682
2025_07_WAS_DAL,WAS,DAL,Jayden Daniels,00-0039910,QB,tgt,0.001,0.0,0.0,0.0,0.0,0.0
2025_07_WAS_DAL,WAS,DAL,Jayden Daniels,00-0039910,QB,rec,0.001,0.0,0.0,0.0,0.0,0.0
2025_07_WAS_DAL,WAS,DAL,Jayden Daniels,00-0039910,QB,rec_yds,0.008,0.0,0.0,0.0,0.0,0.0
2025_07_WAS_DAL,WAS,DAL,Jayden Daniels,00-0039910,QB,anytime_td,0.171,0.0,0.0,0.0,0.0,1.0
2025_07_WAS_DAL,WAS,DAL,Zach Ertz,00-0030061,TE,car,0.001,0.0,0.0,0.0,0.0,0.0
2025_07_WAS_DAL,WAS,DAL,Zach Ertz,00-0030061,TE,rush_yds,0.003,0.0,0.0,0.0,0.0,0.0
2025_07_WAS_DAL,WAS,DAL,Zach Ertz,00-0030061,TE,tgt,8.459,4.0,6.0,8.0,11.0,13.0
2025_07_WAS_DAL,WAS,DAL,Zach Ertz,00-0030061,TE,rec,6.65,3.0,4.0,6.0,9.0,11.0
2025_07_WAS_DAL,WAS,DAL,Zach Ertz,00-0030061,TE,rec_yds,67.456,25.165,40.908,62.513,89.059,116.476
2025_07_WAS_DAL,WAS,DAL,Zach Ertz,00-0030061,TE,anytime_td,0.355,0.0,0.0,0.0,1.0,1.0
2025_07_WAS_DAL,WAS,DAL,Luke McCaffrey,00-0039355,WR,car,0.01,0.0,0.0,0.0,0.0,0.0
2025_07_WAS_DAL,WAS,DAL,Luke McCaffrey,00-0039355,WR,rush_yds,0.048,0.0,0.0,0.0,0.0,0.0
2025_07_WAS_DAL,WAS,DAL,Luke McCaffrey,00-0039355,WR,tgt,2.879,0.0,1.0,3.0,4.0,6.0
2025_07_WAS_DAL,WAS,DAL,Luke McCaffrey,00-0039355,WR,rec,2.018,0.0,1.0,2.0,3.0,4.0
2025_07_WAS_DAL,WAS,DAL,Luke McCaffrey,00-0039355,WR,rec_yds,29.859,0.0,6.422,21.978,44.093,72.43
2025_07_WAS_DAL,WAS,DAL,Luke McCaffrey,00-0039355,WR,anytime_td,0.251,0.0,0.0,0.0,1.0,1.0
2025_07_WAS_DAL,WAS,DAL,Robbie Chosen,00-0032688,WR,car,0.034,0.0,0.0,0.0,0.0,0.0
2025_07_WAS_DAL,WAS,DAL,Robbie Chosen,00-0032688,WR,rush_yds,0.173,0.0,0.0,0.0,0.0,0.0
2025_07_WAS_DAL,WAS,DAL,Robbie Chosen,00-0032688,WR,tgt,2.279,0.0,1.0,2.0,3.0,5.0
2025_07_WAS_DAL,WAS,DAL,Robbie Chosen,00-0032688,WR,rec,1.516,0.0,0.0,1.0,2.0,3.0
2025_07_WAS_DAL,WAS,DAL,Robbie Chosen,00-0032688,WR,rec_yds,19.731,0.0,0.0,12.58,29.173,51.029
2025_07_WAS_DAL,WAS,DAL,Robbie Chosen,00-0032688,WR,anytime_td,0.072,0.0,0.0,0.0,0.0,0.0
2025_07_WAS_DAL,WAS,DAL,Jacory Croskey-Merritt,00-0040242,RB,car,11.767,5.0,8.0,11.0,15.0,19.0
2025_07_WAS_DAL,WAS,DAL,Jacory Croskey-Merritt,00-0040242,RB,rush_yds,57.063,15.628,29.634,49.775,76.49,107.354
2025_07_WAS_DAL,WAS,DAL,Jacory Croskey-Merritt,00-0040242,RB,tgt,2.603,0.0,1.0,2.0,4.0,5.0
2025_07_WAS_DAL,WAS,DAL,Jacory Croskey-Merritt,00-0040242,RB,rec,2.184,0.0,1.0,2.0,3.0,5.0
2025_07_WAS_DAL,WAS,DAL,Jacory Croskey-Merritt,00-0040242,RB,rec_yds,17.542,0.0,2.587,12.802,26.381,41.799
2025_07_WAS_DAL,WAS,DAL,Jacory Croskey-Merritt,00-0040242,RB,anytime_td,0.426,0.0,0.0,0.0,1.0,1.0
2025_07_WAS_DAL,WAS,DAL,John Bates,00-0036628,TE,car,0.002,0.0,0.0,0.0,0.0,0.0
2025_07_WAS_DAL,WAS,DAL,John Bates,00-0036628,TE,rush_yds,0.009,0.0,0.0,0.0,0.0,0.0
2025_07_WAS_DAL,WAS,DAL,John Bates,00-0036628,TE,tgt,1.098,0.0,0.0,1.0,2.0,3.0
2025_07_WAS_DAL,WAS,DAL,John Bates,00-0036628,TE,rec,0.835,0.0,0.0,0.0,1.0,2.0
2025_07_WAS_DAL,WAS,DAL,John Bates,00-0036628,TE,rec_yds,8.842,0.0,0.0,0.0,13.173,26.923
2025_07_WAS_DAL,WAS,DAL,John Bates,00-0036628,TE,anytime_td,0.018,0.0,0.0,0.0,0.0,0.0
2025_07_WAS_DAL,WAS,DAL,Jeremy McNichols,00-0033955,RB,car,2.553,0.0,0.0,2.0,4.0,6.0
2025_07_WAS_DAL,WAS,DAL,Jeremy McNichols,00-0033955,RB,rush_yds,12.37,0.0,0.0,5.885,18.104,34.73
2025_07_WAS_DAL,WAS,DAL,Jeremy McNichols,00-0033955,RB,tgt,2.68,0.0,1.0,2.0,4.0,5.0
2025_07_WAS_DAL,WAS,DAL,Jeremy McNichols,00-0033955,RB,rec,2.189,0.0,1.0,2.0,3.0,5.0
2025_07_WAS_DAL,WAS,DAL,Jeremy McNichols,00-0033955,RB,rec_yds,16.757,0.0,2.788,11.967,25.244,40.857
2025_07_WAS_DAL,WAS,DAL,Jeremy McNichols,00-0033955,RB,anytime_td,0.143,0.0,0.0,0.0,0.0,1.0
2025_07_WAS_DAL,WAS,DAL,Chris Rodriguez Jr.,00-0038611,RB,car,5.311,1.0,2.0,4.0,7.0,11.0
2025_07_WAS_DAL,WAS,DAL,Chris Rodriguez Jr.,00-0038611,RB,rush_yds,23.954,0.934,6.854,17.266,33.822,55.597
2025_07_WAS_DAL,WAS,DAL,Chris Rodriguez Jr.,00-0038611,RB,tgt,0.271,0.0,0.0,0.0,0.0,1.0
2025_07_WAS_DAL,WAS,DAL,Chris Rodriguez Jr.,00-0038611,RB,rec,0.223,0.0,0.0,0.0,0.0,1.0
2025_07_WAS_DAL,WAS,DAL,Chris Rodriguez Jr.,00-0038611,RB,rec_yds,1.588,0.0,0.0,0.0,0.0,5.627
2025_07_WAS_DAL,WAS,DAL,Chris Rodriguez Jr.,00-0038611,RB,anytime_td,0.152,0.0,0.0,0.0,0.0,1.0
2025_07_HOU_SEA,SEA,HOU,Sam Darnold,00-0034869,QB,att,29.14,19.0,25.0,30.0,35.0,39.0
2025_07_HOU_SEA,SEA,HOU,Sam Darnold,00-0034869,QB,cmp,19.15,12.0,16.0,19.0,23.0,27.0
2025_07_HOU_SEA,SEA,HOU,Sam Darnold,00-0034869,QB,pass_yds,220.684,130.441,172.444,220.78,271.27,320.919
2025_07_HOU_SEA,SEA,HOU,Sam Darnold,00-0034869,QB,pass_td,1.345,0.0,1.0,1.0,2.0,3.0
2025_07_HOU_SEA,SEA,HOU,Sam Darnold,00-0034869,QB,ints,0.635,0.0,0.0,0.0,1.0,2.0
2025_07_HOU_SEA,SEA,HOU,Sam Darnold,00-0034869,QB,car,2.039,0.0,1.0,2.0,3.0,4.0
2025_07_HOU_SEA,SEA,HOU,Sam Darnold,00-0034869,QB,rush_yds,6.938,-2.0,0.0,2.063,10.496,22.689
2025_07_HOU_SEA,SEA,HOU,Sam Darnold,00-0034869,QB,tgt,0.0,0.0,0.0,0.0,0.0,0.0
2025_07_HOU_SEA,SEA,HOU,Sam Darnold,00-0034869,QB,rec,0.0,0.0,0.0,0.0,0.0,0.0
2025_07_HOU_SEA,SEA,HOU,Sam Darnold,00-0034869,QB,rec_yds,0.0,0.0,0.0,0.0,0.0,0.0
2025_07_HOU_SEA,SEA,HOU,Sam Darnold,00-0034869,QB,anytime_td,0.018,0.0,0.0,0.0,0.0,0.0
2025_07_HOU_SEA,SEA,HOU,Jaxon Smith-Njigba,00-0038543,WR,car,0.481,0.0,0.0,0.0,0.0,2.0
2025_07_HOU_SEA,SEA,HOU,Jaxon Smith-Njigba,00-0038543,WR,rush_yds,2.711,0.0,0.0,0.0,0.0,8.596
2025_07_HOU_SEA,SEA,HOU,Jaxon Smith-Njigba,00-0038543,WR,tgt,9.84,5.0,7.0,10.0,12.0,15.0
2025_07_HOU_SEA,SEA,HOU,Jaxon Smith-Njigba,00-0038543,WR,rec,6.67,3.0,5.0,6.0,8.0,11.0
2025_07_HOU_SEA,SEA,HOU,Jaxon Smith-Njigba,00-0038543,WR,rec_yds,93.42,36.591,56.886,86.936,122.459,161.634
2025_07_HOU_SEA,SEA,HOU,Jaxon Smith-Njigba,00-0038543,WR,anytime_td,0.346,0.0,0.0,0.0,1.0,1.0
2025_07_HOU_SEA,SEA,HOU,AJ Barner,00-0039793,TE,car,0.185,0.0,0.0,0.0,0.0,0.0
2025_07_HOU_SEA,SEA,HOU,AJ Barner,00-0039793,TE,rush_yds,0.425,0.0,0.0,0.0,0.0,0.0
2025_07_HOU_SEA,SEA,HOU,AJ Barner,00-0039793,TE,tgt,3.499,1.0,2.0,3.0,5.0,7.0
2025_07_HOU_SEA,SEA,HOU,AJ Barner,00-0039793,TE,rec,2.646,0.0,1.0,2.0,4.0,5.0
2025_07_HOU_SEA,SEA,HOU,AJ Barner,00-0039793,TE,rec_yds,27.484,0.0,9.402,21.966,40.115,60.441
2025_07_HOU_SEA,SEA,HOU,AJ Barner,00-0039793,TE,anytime_td,0.301,0.0,0.0,0.0,1.0,1.0
2025_07_HOU_SEA,SEA,HOU,Cooper Kupp,00-0033908,WR,car,0.014,0.0,0.0,0.0,0.0,0.0
2025_07_HOU_SEA,SEA,HOU,Cooper Kupp,00-0033908,WR,rush_yds,0.093,0.0,0.0,0.0,0.0,0.0
2025_07_HOU_SEA,SEA,HOU,Cooper Kupp,00-0033908,WR,tgt,5.991,2.0,4.0,6.0,8.0,10.0
2025_07_HOU_SEA,SEA,HOU,Cooper Kupp,00-0033908,WR,rec,3.887,1.0,2.0,4.0,5.0,7.0
2025_07_HOU_SEA,SEA,HOU,Cooper Kupp,00-0033908,WR,rec_yds,45.668,9.016,21.217,40.06,63.679,90.207
2025_07_HOU_SEA,SEA,HOU,Cooper Kupp,00-0033908,WR,anytime_td,0.192,0.0,0.0,0.0,0.0,1.0
2025_07_HOU_SEA,SEA,HOU,Zach Charbonnet,00-0039165,RB,car,11.019,4.0,7.0,10.0,14.0,19.0
2025_07_HOU_SEA,SEA,HOU,Zach Charbonnet,00-0039165,RB,rush_yds,40.657,10.413,19.868,34.398,54.507,78.98
2025_07_HOU_SEA,SEA,HOU,Zach Charbonnet,00-0039165,RB,tgt,1.613,0.0,0.0,1.0,2.0,4.0
2025_07_HOU_SEA,SEA,HOU,Zach Charbonnet,00-0039165,RB,rec,1.234,0.0,0.0,1.0,2.0,3.0
2025_07_HOU_SEA,SEA,HOU,Zach Charbonnet,00-0039165,RB,rec_yds,8.749,0.0,0.0,4.29,13.021,25.027
2025_07_HOU_SEA,SEA,HOU,Zach Charbonnet,00-0039165,RB,anytime_td,0.42,0.0,0.0,0.0,1.0,1.0
2025_07_HOU_SEA,SEA,HOU,Kenneth Walker III,00-0038134,RB,car,12.772,6.0,8.0,12.0,16.0,21.0
2025_07_HOU_SEA,SEA,HOU,Kenneth Walker III,00-0038134,RB,rush_yds,55.57,17.1,29.898,48.528,74.667,104.848
2025_07_HOU_SEA,SEA,HOU,Kenneth Walker III,00-0038134,RB,tgt,2.19,0.0,1.0,2.0,3.0,5.0
2025_07_HOU_SEA,SEA,HOU,Kenneth Walker III,00-0038134,RB,rec,1.708,0.0,0.0,1.0,3.0,4.0
2025_07_HOU_SEA,SEA,HOU,Kenneth Walker III,00-0038134,RB,rec_yds,11.875,0.0,0.0,7.366,17.867,31.635
2025_07_HOU_SEA,SEA,HOU,Kenneth Walker III,00-0038134,RB,anytime_td,0.365,0.0,0.0,0.0,1.0,1.0
2025_07_HOU_SEA,SEA,HOU,Tory Horton,00-0040648,WR,car,0.012,0.0,0.0,0.0,0.0,0.0
2025_07_HOU_SEA,SEA,HOU,Tory Horton,00-0040648,WR,rush_yds,0.067,0.0,0.0,0.0,0.0,0.0
2025_07_HOU_SEA,SEA,HOU,Tory Horton,00-0040648,WR,tgt,2.871,0.0,1.0,2.0,4.0,6.0
2025_07_HOU_SEA,SEA,HOU,Tory Horton,00-0040648,WR,rec,1.745,0.0,1.0,1.0,3.0,4.0
2025_07_HOU_SEA,SEA,HOU,Tory Horton,00-0040648,WR,rec_yds,20.96,0.0,2.287,14.446,31.473,51.62
2025_07_HOU_SEA,SEA,HOU,Tory Horton,00-0040648,WR,anytime_td,0.216,0.0,0.0,0.0,0.0,1.0
2025_07_HOU_SEA,SEA,HOU,Elijah Arroyo,00-0040739,TE,car,0.003,0.0,0.0,0.0,0.0,0.0
2025_07_HOU_SEA,SEA,HOU,Elijah Arroyo,00-0040739,TE,rush_yds,0.013,0.0,0.0,0.0,0.0,0.0
2025_07_HOU_SEA,SEA,HOU,Elijah Arroyo,00-0040739,TE,tgt,2.227,0.0,1.0,2.0,3.0,5.0
2025_07_HOU_SEA,SEA,HOU,Elijah Arroyo,00-0040739,TE,rec,1.504,0.0,0.0,1.0,2.0,3.0
2025_07_HOU_SEA,SEA,HOU,Elijah Arroyo,00-0040739,TE,rec_yds,15.671,0.0,0.0,10.092,23.89,40.226
2025_07_HOU_SEA,SEA,HOU,Elijah Arroyo,00-0040739,TE,anytime_td,0.048,0.0,0.0,0.0,0.0,0.0
2025_07_HOU_SEA,SEA,HOU,Jake Bobo,00-0038752,WR,car,0.01,0.0,0.0,0.0,0.0,0.0
2025_07_HOU_SEA,SEA,HOU,Jake Bobo,00-0038752,WR,rush_yds,0.061,0.0,0.0,0.0,0.0,0.0
2025_07_HOU_SEA,SEA,HOU,Jake Bobo,00-0038752,WR,tgt,0.549,0.0,0.0,0.0,1.0,2.0
2025_07_HOU_SEA,SEA,HOU,Jake Bobo,00-0038752,WR,rec,0.348,0.0,0.0,0.0,1.0,1.0
2025_07_HOU_SEA,SEA,HOU,Jake Bobo,00-0038752,WR,rec_yds,3.968,0.0,0.0,0.0,1.981,14.594
2025_07_HOU_SEA,SEA,HOU,Jake Bobo,00-0038752,WR,anytime_td,0.023,0.0,0.0,0.0,0.0,0.0
2025_07_HOU_SEA,SEA,HOU,Dareke Young,00-0037093,WR,car,0.009,0.0,0.0,0.0,0.0,0.0
2025_07_HOU_SEA,SEA,HOU,Dareke Young,00-0037093,WR,rush_yds,0.055,0.0,0.0,0.0,0.0,0.0
2025_07_HOU_SEA,SEA,HOU,Dareke Young,00-0037093,WR,tgt,0.517,0.0,0.0,0.0,1.0,2.0
2025_07_HOU_SEA,SEA,HOU,Dareke Young,00-0037093,WR,rec,0.328,0.0,0.0,0.0,0.0,1.0
2025_07_HOU_SEA,SEA,HOU,Dareke Young,00-0037093,WR,rec_yds,4.189,0.0,0.0,0.0,0.0,15.607
2025_07_HOU_SEA,SEA,HOU,Dareke Young,00-0037093,WR,anytime_td,0.004,0.0,0.0,0.0,0.0,0.0
2025_07_HOU_SEA,HOU,SEA,C.J. Stroud,00-0039163,QB,att,29.849,20.0,25.0,30.0,35.0,40.0
2025_07_HOU_SEA,HOU,SEA,C.J. Stroud,00-0039163,QB,cmp,19.674,13.0,16.0,20.0,24.0,27.0
2025_07_HOU_SEA,HOU,SEA,C.J. Stroud,00-0039163,QB,pass_yds,206.455,122.149,163.326,206.262,253.407,297.492
2025_07_HOU_SEA,HOU,SEA,C.J. Stroud,00-0039163,QB,pass_td,1.165,0.0,0.0,1.0,2.0,3.0
2025_07_HOU_SEA,HOU,SEA,C.J. Stroud,00-0039163,QB,ints,0.686,0.0,0.0,0.0,1.0,2.0
2025_07_HOU_SEA,HOU,SEA,C.J. Stroud,00-0039163,QB,car,3.473,1.0,2.0,3.0,5.0,6.0
2025_07_HOU_SEA,HOU,SEA,C.J. Stroud,00-0039163,QB,rush_yds,19.594,0.0,6.348,15.928,28.683,44.437
2025_07_HOU_SEA,HOU,SEA,C.J. Stroud,00-0039163,QB,tgt,0.001,0.0,0.0,0.0,0.0,0.0
2025_07_HOU_SEA,HOU,SEA,C.J. Stroud,00-0039163,QB,rec,0.001,0.0,0.0,0.0,0.0,0.0
2025_07_HOU_SEA,HOU,SEA,C.J. Stroud,00-0039163,QB,rec_yds,0.01,0.0,0.0,0.0,0.0,0.0
2025_07_HOU_SEA,HOU,SEA,C.J. Stroud,00-0039163,QB,anytime_td,0.019,0.0,0.0,0.0,0.0,0.0
2025_07_HOU_SEA,HOU,SEA,Xavier Hutchinson,00-0038618,WR,car,0.112,0.0,0.0,0.0,0.0,0.0
2025_07_HOU_SEA,HOU,SEA,Xavier Hutchinson,00-0038618,WR,rush_yds,0.564,0.0,0.0,0.0,0.0,0.0
2025_07_HOU_SEA,HOU,SEA,Xavier Hutchinson,00-0038618,WR,tgt,3.196,1.0,2.0,3.0,4.0,6.0
2025_07_HOU_SEA,HOU,SEA,Xavier Hutchinson,00-0038618,WR,rec,2.138,0.0,1.0,2.0,3.0,4.0
2025_07_HOU_SEA,HOU,SEA,Xavier Hutchinson,00-0038618,WR,rec_yds,23.938,0.0,5.94,17.714,34.957,57.42
2025_07_HOU_SEA,HOU,SEA,Xavier Hutchinson,00-0038618,WR,anytime_td,0.208,0.0,0.0,0.0,0.0,1.0
2025_07_HOU_SEA,HOU,SEA,Dalton Schultz,00-0034383,TE,car,0.0,0.0,0.0,0.0,0.0,0.0
2025_07_HOU_SEA,HOU,SEA,Dalton Schultz,00-0034383,TE,rush_yds,0.002,0.0,0.0,0.0,0.0,0.0
2025_07_HOU_SEA,HOU,SEA,Dalton Schultz,00-0034383,TE,tgt,6.046,2.0,4.0,6.0,8.0,10.0
2025_07_HOU_SEA,HOU,SEA,Dalton Schultz,00-0034383,TE,rec,4.426,1.0,3.0,4.0,6.0,8.0
2025_07_HOU_SEA,HOU,SEA,Dalton Schultz,00-0034383,TE,rec_yds,42.223,9.904,20.745,37.42,58.215,80.135
2025_07_HOU_SEA,HOU,SEA,Dalton Schultz,00-0034383,TE,anytime_td,0.09,0.0,0.0,0.0,0.0,0.0
2025_07_HOU_SEA,HOU,SEA,Jayden Higgins,00-0040130,WR,car,0.015,0.0,0.0,0.0,0.0,0.0
2025_07_HOU_SEA,HOU,SEA,Jayden Higgins,00-0040130,WR,rush_yds,0.061,0.0,0.0,0.0,0.0,0.0
2025_07_HOU_SEA,HOU,SEA,Jayden Higgins,00-0040130,WR,tgt,2.498,0.0,1.0,2.0,4.0,5.0
2025_07_HOU_SEA,HOU,SEA,Jayden Higgins,00-0040130,WR,rec,1.684,0.0,1.0,1.0,2.0,4.0
2025_07_HOU_SEA,HOU,SEA,Jayden Higgins,00-0040130,WR,rec_yds,20.403,0.0,0.0,13.988,30.639,50.769
2025_07_HOU_SEA,HOU,SEA,Jayden Higgins,00-0040130,WR,anytime_td,0.119,0.0,0.0,0.0,0.0,1.0
2025_07_HOU_SEA,HOU,SEA,Woody Marks,00-0040583,RB,car,7.572,2.0,4.0,7.0,10.0,14.0
2025_07_HOU_SEA,HOU,SEA,Woody Marks,00-0040583,RB,rush_yds,28.862,4.555,12.057,23.348,39.986,59.753
2025_07_HOU_SEA,HOU,SEA,Woody Marks,00-0040583,RB,tgt,2.294,0.0,1.0,2.0,3.0,5.0
2025_07_HOU_SEA,HOU,SEA,Woody Marks,00-0040583,RB,rec,1.719,0.0,1.0,1.0,3.0,4.0
2025_07_HOU_SEA,HOU,SEA,Woody Marks,00-0040583,RB,rec_yds,14.11,0.0,0.0,8.675,21.103,36.973
2025_07_HOU_SEA,HOU,SEA,Woody Marks,00-0040583,RB,anytime_td,0.302,0.0,0.0,0.0,1.0,1.0
2025_07_HOU_SEA,HOU,SEA,Nico Collins,00-0036554,WR,car,0.21,0.0,0.0,0.0,0.0,0.0
2025_07_HOU_SEA,HOU,SEA,Nico Collins,00-0036554,WR,rush_yds,1.056,0.0,0.0,0.0,0.0,0.0
2025_07_HOU_SEA,HOU,SEA,Nico Collins,00-0036554,WR,tgt,8.272,4.0,6.0,8.0,10.0,13.0
2025_07_HOU_SEA,HOU,SEA,Nico Collins,00-0036554,WR,rec,5.29,2.0,3.0,5.0,7.0,9.0
2025_07_HOU_SEA,HOU,SEA,Nico Collins,00-0036554,WR,rec_yds,67.531,19.854,37.359,61.757,91.139,122.098
2025_07_HOU_SEA,HOU,SEA,Nico Collins,00-0036554,WR,anytime_td,0.318,0.0,0.0,0.0,1.0,1.0
2025_07_HOU_SEA,HOU,SEA,Braxton Berrios,00-0034419,WR,car,0.026,0.0,0.0,0.0,0.0,0.0
2025_07_HOU_SEA,HOU,SEA,Braxton Berrios,00-0034419,WR,rush_yds,0.115,0.0,0.0,0.0,0.0,0.0
2025_07_HOU_SEA,HOU,SEA,Braxton Berrios,00-0034419,WR,tgt,1.133,0.0,0.0,1.0,2.0,3.0
2025_07_HOU_SEA,HOU,SEA,Braxton Berrios,00-0034419,WR,rec,0.692,0.0,0.0,0.0,1.0,2.0
2025_07_HOU_SEA,HOU,SEA,Braxton Berrios,00-0034419,WR,rec_yds,8.382,0.0,0.0,0.0,11.797,26.318
2025_07_HOU_SEA,HOU,SEA,Braxton Berrios,00-0034419,WR,anytime_td,0.036,0.0,0.0,0.0,0.0,0.0
2025_07_HOU_SEA,HOU,SEA,Jaylin Noel,00-0040138,WR,car,0.464,0.0,0.0,0.0,0.0,2.0
2025_07_HOU_SEA,HOU,SEA,Jaylin Noel,00-0040138,WR,rush_yds,2.375,0.0,0.0,0.0,0.0,7.24
2025_07_HOU_SEA,HOU,SEA,Jaylin Noel,00-0040138,WR,tgt,1.874,0.0,1.0,1.0,3.0,4.0
2025_07_HOU_SEA,HOU,SEA,Jaylin Noel,00-0040138,WR,rec,1.206,0.0,0.0,1.0,2.0,3.0
2025_07_HOU_SEA,HOU,SEA,Jaylin Noel,00-0040138,WR,rec_yds,13.143,0.0,0.0,6.819,20.108,37.149
2025_07_HOU_SEA,HOU,SEA,Jaylin Noel,00-0040138,WR,anytime_td,0.129,0.0,0.0,0.0,0.0,1.0
2025_07_HOU_SEA,HOU,SEA,Harrison Bryant,00-0036232,TE,car,0.002,0.0,0.0,0.0,0.0,0.0
2025_07_HOU_SEA,HOU,SEA,Harrison Bryant,00-0036232,TE,rush_yds,0.004,0.0,0.0,0.0,0.0,0.0
2025_07_HOU_SEA,HOU,SEA,Harrison Bryant,00-0036232,TE,tgt,0.969,0.0,0.0,1.0,1.0,3.0
2025_07_HOU_SEA,HOU,SEA,Harrison Bryant,00-0036232,TE,rec,0.657,0.0,0.0,0.0,1.0,2.0
2025_07_HOU_SEA,HOU,SEA,Harrison Bryant,00-0036232,TE,rec_yds,6.22,0.0,0.0,0.0,8.965,20.599
2025_07_HOU_SEA,HOU,SEA,Harrison Bryant,00-0036232,TE,anytime_td,0.01,0.0,0.0,0.0,0.0,0.0
2025_07_HOU_SEA,HOU,SEA,Nick Chubb,00-0034791,RB,car,11.676,5.0,8.0,11.0,15.0,19.0
2025_07_HOU_SEA,HOU,SEA,Nick Chubb,00-0034791,RB,rush_yds,45.605,12.927,22.981,38.889,61.248,88.081
2025_07_HOU_SEA,HOU,SEA,Nick Chubb,00-0034791,RB,tgt,2.148,0.0,1.0,2.0,3.0,5.0
2025_07_HOU_SEA,HOU,SEA,Nick Chubb,00-0034791,RB,rec,1.62,0.0,0.0,1.0,2.0,4.0
2025_07_HOU_SEA,HOU,SEA,Nick Chubb,00-0034791,RB,rec_yds,11.101,0.0,0.0,6.864,16.948,28.911
2025_07_HOU_SEA,HOU,SEA,Nick Chubb,00-0034791,RB,anytime_td,0.344,0.0,0.0,0.0,1.0,1.0
2025_07_HOU_SEA,HOU,SEA,Dare Ogunbowale,00-0033854,RB,car,0.932,0.0,0.0,0.0,1.0,3.0
2025_07_HOU_SEA,HOU,SEA,Dare Ogunbowale,00-0033854,RB,rush_yds,3.607,0.0,0.0,0.0,3.48,12.058
2025_07_HOU_SEA,HOU,SEA,Dare Ogunbowale,00-0033854,RB,tgt,0.896,0.0,0.0,0.0,1.0,2.0
2025_07_HOU_SEA,HOU,SEA,Dare Ogunbowale,00-0033854,RB,rec,0.699,0.0,0.0,0.0,1.0,2.0
2025_07_HOU_SEA,HOU,SEA,Dare Ogunbowale,00-0033854,RB,rec_yds,4.839,0.0,0.0,0.0,6.982,15.615
2025_07_HOU_SEA,HOU,SEA,Dare Ogunbowale,00-0033854,RB,anytime_td,0.031,0.0,0.0,0.0,0.0,0.0
2025_07_HOU_SEA,HOU,SEA,British Brooks,00-0039603,RB,car,1.2,0.0,0.0,0.0,2.0,4.0
2025_07_HOU_SEA,HOU,SEA,British Brooks,00-0039603,RB,rush_yds,4.66,0.0,0.0,0.0,5.319,15.003
2025_07_HOU_SEA,HOU,SEA,British Brooks,00-0039603,RB,tgt,0.171,0.0,0.0,0.0,0.0,1.0
2025_07_HOU_SEA,HOU,SEA,British Brooks,00-0039603,RB,rec,0.134,0.0,0.0,0.0,0.0,1.0
2025_07_HOU_SEA,HOU,SEA,British Brooks,00-0039603,RB,rec_yds,0.99,0.0,0.0,0.0,0.0,0.0
2025_07_HOU_SEA,HOU,SEA,British Brooks,00-0039603,RB,anytime_td,0.022,0.0,0.0,0.0,0.0,0.0
2025_07_HOU_SEA,HOU,SEA,Brenden Bates,00-0039458,TE,car,0.001,0.0,0.0,0.0,0.0,0.0
2025_07_HOU_SEA,HOU,SEA,Brenden Bates,00-0039458,TE,rush_yds,0.003,0.0,0.0,0.0,0.0,0.0
2025_07_HOU_SEA,HOU,SEA,Brenden Bates,00-0039458,TE,tgt,0.976,0.0,0.0,1.0,2.0,3.0
2025_07_HOU_SEA,HOU,SEA,Brenden Bates,00-0039458,TE,rec,0.71,0.0,0.0,0.0,1.0,2.0
2025_07_HOU_SEA,HOU,SEA,Brenden Bates,00-0039458,TE,rec_yds,7.176,0.0,0.0,0.0,10.597,23.349
2025_07_HOU_SEA,HOU,SEA,Brenden Bates,00-0039458,TE,anytime_td,0.014,0.0,0.0,0.0,0.0,0.0
2025_07_TB_DET,DET,TB,Jared Goff,00-0033106,QB,att,31.086,21.0,27.0,32.0,37.0,42.0
2025_07_TB_DET,DET,TB,Jared Goff,00-0033106,QB,cmp,22.628,15.0,19.0,23.0,27.0,31.0
2025_07_TB_DET,DET,TB,Jared Goff,00-0033106,QB,pass_yds,260.261,156.827,209.235,259.686,315.852,369.91
2025_07_TB_DET,DET,TB,Jared Goff,00-0033106,QB,pass_td,1.894,0.0,1.0,2.0,3.0,3.0
2025_07_TB_DET,DET,TB,Jared Goff,00-0033106,QB,ints,0.572,0.0,0.0,0.0,1.0,2.0
2025_07_TB_DET,DET,TB,Jared Goff,00-0033106,QB,car,2.238,0.0,1.0,2.0,3.0,5.0
2025_07_TB_DET,DET,TB,Jared Goff,00-0033106,QB,rush_yds,6.922,-2.0,-0.434,2.039,11.361,22.292
2025_07_TB_DET,DET,TB,Jared Goff,00-0033106,QB,tgt,0.0,0.0,0.0,0.0,0.0,0.0
2025_07_TB_DET,DET,TB,Jared Goff,00-0033106,QB,rec,0.0,0.0,0.0,0.0,0.0,0.0
2025_07_TB_DET,DET,TB,Jared Goff,00-0033106,QB,rec_yds,0.001,0.0,0.0,0.0,0.0,0.0
2025_07_TB_DET,DET,TB,Jared Goff,00-0033106,QB,anytime_td,0.024,0.0,0.0,0.0,0.0,0.0
2025_07_TB_DET,DET,TB,Sam LaPorta,00-0039065,TE,car,0.003,0.0,0.0,0.0,0.0,0.0
2025_07_TB_DET,DET,TB,Sam LaPorta,00-0039065,TE,rush_yds,0.005,0.0,0.0,0.0,0.0,0.0
2025_07_TB_DET,DET,TB,Sam LaPorta,00-0039065,TE,tgt,6.156,3.0,4.0,6.0,8.0,10.0
2025_07_TB_DET,DET,TB,Sam LaPorta,00-0039065,TE,rec,4.789,2.0,3.0,4.0,6.0,8.0
2025_07_TB_DET,DET,TB,Sam LaPorta,00-0039065,TE,rec_yds,56.485,15.692,29.089,49.992,76.445,106.103
2025_07_TB_DET,DET,TB,Sam LaPorta,00-0039065,TE,anytime_td,0.331,0.0,0.0,0.0,1.0,1.0
2025_07_TB_DET,DET,TB,Amon-Ra St. Brown,00-0036963,WR,car,0.384,0.0,0.0,0.0,0.0,1.0
2025_07_TB_DET,DET,TB,Amon-Ra St. Brown,00-0036963,WR,rush_yds,2.04,0.0,0.0,0.0,0.0,5.712
2025_07_TB_DET,DET,TB,Amon-Ra St. Brown,00-0036963,WR,tgt,9.594,5.0,7.0,9.0,12.0,15.0
2025_07_TB_DET,DET,TB,Amon-Ra St. Brown,00-0036963,WR,rec,7.537,4.0,5.0,7.0,10.0,12.0
2025_07_TB_DET,DET,TB,Amon-Ra St. Brown,00-0036963,WR,rec_yds,91.885,35.07,56.483,85.097,120.337,157.269
2025_07_TB_DET,DET,TB,Amon-Ra St. Brown,00-0036963,WR,anytime_td,0.476,0.0,0.0,0.0,1.0,1.0
2025_07_TB_DET,DET,TB,Jameson Williams,00-0037240,WR,car,0.528,0.0,0.0,0.0,0.0,2.0
2025_07_TB_DET,DET,TB,Jameson Williams,00-0037240,WR,rush_yds,2.888,0.0,0.0,0.0,0.0,10.029
2025_07_TB_DET,DET,TB,Jameson Williams,00-0037240,WR,tgt,5.57,2.0,3.0,5.0,7.0,10.0
2025_07_TB_DET,DET,TB,Jameson Williams,00-0037240,WR,rec,3.628,1.0,2.0,3.0,5.0,7.0
2025_07_TB_DET,DET,TB,Jameson Williams,00-0037240,WR,rec_yds,53.008,9.188,23.148,45.797,74.235,106.73
2025_07_TB_DET,DET,TB,Jameson Williams,00-0037240,WR,anytime_td,0.283,0.0,0.0,0.0,1.0,1.0
2025_07_TB_DET,DET,TB,Jahmyr Gibbs,00-0039139,RB,car,13.969,7.0,9.0,13.0,18.0,22.0
2025_07_TB_DET,DET,TB,Jahmyr Gibbs,00-0039139,RB,rush_yds,63.308,20.572,35.416,55.858,84.057,116.041
2025_07_TB_DET,DET,TB,Jahmyr Gibbs,00-0039139,RB,tgt,4.456,1.0,3.0,4.0,6.0,8.0
2025_07_TB_DET,DET,TB,Jahmyr Gibbs,00-0039139,RB,rec,3.746,1.0,2.0,3.0,5.0,7.0
2025_07_TB_DET,DET,TB,Jahmyr Gibbs,00-0039139,RB,rec_yds,27.866,2.826,10.444,23.058,39.284,58.962
2025_07_TB_DET,DET,TB,Jahmyr Gibbs,00-0039139,RB,anytime_td,0.623,0.0,0.0,1.0,1.0,1.0
2025_07_TB_DET,DET,TB,Brock Wright,00-0036754,TE,car,0.005,0.0,0.0,0.0,0.0,0.0
2025_07_TB_DET,DET,TB,Brock Wright,00-0036754,TE,rush_yds,0.014,0.0,0.0,0.0,0.0,0.0
2025_07_TB_DET,DET,TB,Brock Wright,00-0036754,TE,tgt,1.049,0.0,0.0,1.0,2.0,3.0
2025_07_TB_DET,DET,TB,Brock Wright,00-0036754,TE,rec,0.79,0.0,0.0,0.0,1.0,2.0
2025_07_TB_DET,DET,TB,Brock Wright,00-0036754,TE,rec_yds,8.488,0.0,0.0,0.0,12.669,26.838
2025_07_TB_DET,DET,TB,Brock Wright,00-0036754,TE,anytime_td,0.142,0.0,0.0,0.0,0.0,1.0
2025_07_TB_DET,DET,TB,Kalif Raymond,00-0032464,WR,car,0.115,0.0,0.0,0.0,0.0,0.0
2025_07_TB_DET,DET,TB,Kalif Raymond,00-0032464,WR,rush_yds,0.601,0.0,0.0,0.0,0.0,0.0
2025_07_TB_DET,DET,TB,Kalif Raymond,00-0032464,WR,tgt,1.75,0.0,0.0,1.0,3.0,4.0
2025_07_TB_DET,DET,TB,Kalif Raymond,00-0032464,WR,rec,1.161,0.0,0.0,1.0,2.0,3.0
2025_07_TB_DET,DET,TB,Kalif Raymond,00-0032464,WR,rec_yds,15.019,0.0,0.0,7.501,22.763,42.685
2025_07_TB_DET,DET,TB,Kalif Raymond,00-0032464,WR,anytime_td,0.052,0.0,0.0,0.0,0.0,0.0
2025_07_TB_DET,DET,TB,David Montgomery,00-0035685,RB,car,10.12,4.0,6.0,9.0,13.0,17.0
2025_07_TB_DET,DET,TB,David Montgomery,00-0035685,RB,rush_yds,45.092,10.435,21.374,38.482,61.717,88.754
2025_07_TB_DET,DET,TB,David Montgomery,00-0035685,RB,tgt,2.028,0.0,1.0,2.0,3.0,4.0
2025_07_TB_DET,DET,TB,David Montgomery,00-0035685,RB,rec,1.703,0.0,0.0,1.0,3.0,4.0
2025_07_TB_DET,DET,TB,David Montgomery,00-0035685,RB,rec_yds,14.33,0.0,0.0,8.638,21.59,38.213
2025_07_TB_DET,DET,TB,David Montgomery,00-0035685,RB,anytime_td,0.473,0.0,0.0,0.0,1.0,1.0
2025_07_TB_DET,DET,TB,Isaac TeSlaa,00-0040669,WR,car,0.013,0.0,0.0,0.0,0.0,0.0
2025_07_TB_DET,DET,TB,Isaac TeSlaa,00-0040669,WR,rush_yds,0.078,0.0,0.0,0.0,0.0,0.0
2025_07_TB_DET,DET,TB,Isaac TeSlaa,00-0040669,WR,tgt,1.037,0.0,0.0,1.0,2.0,3.0
2025_07_TB_DET,DET,TB,Isaac TeSlaa,00-0040669,WR,rec,0.679,0.0,0.0,0.0,1.0,2.0
2025_07_TB_DET,DET,TB,Isaac TeSlaa,00-0040669,WR,rec_yds,9.243,0.0,0.0,0.0,13.369,29.332
2025_07_TB_DET,DET,TB,Isaac TeSlaa,00-0040669,WR,anytime_td,0.131,0.0,0.0,0.0,0.0,1.0
2025_07_TB_DET,TB,DET,Baker Mayfield,00-0034855,QB,att,31.819,21.0,27.0,33.0,38.0,43.0
2025_07_TB_DET,TB,DET,Baker Mayfield,00-0034855,QB,cmp,21.424,14.0,18.0,22.0,26.0,29.1
2025_07_TB_DET,TB,DET,Baker Mayfield,00-0034855,QB,pass_yds,243.687,147.171,194.511,244.782,297.043,348.956
2025_07_TB_DET,TB,DET,Baker Mayfield,00-0034855,QB,pass_td,1.59,0.0,1.0,2.0,2.0,3.0
2025_07_TB_DET,TB,DET,Baker Mayfield,00-0034855,QB,ints,0.708,0.0,0.0,0.0,1.0,2.0
2025_07_TB_DET,TB,DET,Baker Mayfield,00-0034855,QB,car,3.774,1.0,2.0,3.0,5.0,7.0
2025_07_TB_DET,TB,DET,Baker Mayfield,00-0034855,QB,rush_yds,23.051,0.649,8.477,19.133,33.396,49.803
2025_07_TB_DET,TB,DET,Baker Mayfield,00-0034855,QB,tgt,0.001,0.0,0.0,0.0,0.0,0.0
2025_07_TB_DET,TB,DET,Baker Mayfield,00-0034855,QB,rec,0.0,0.0,0.0,0.0,0.0,0.0
2025_07_TB_DET,TB,DET,Baker Mayfield,00-0034855,QB,rec_yds,0.001,0.0,0.0,0.0,0.0,0.0
2025_07_TB_DET,TB,DET,Baker Mayfield,00-0034855,QB,anytime_td,0.042,0.0,0.0,0.0,0.0,0.0
2025_07_TB_DET,TB,DET,Cade Otton,00-0038129,TE,car,0.01,0.0,0.0,0.0,0.0,0.0
2025_07_TB_DET,TB,DET,Cade Otton,00-0038129,TE,rush_yds,0.026,0.0,0.0,0.0,0.0,0.0
2025_07_TB_DET,TB,DET,Cade Otton,00-0038129,TE,tgt,4.29,1.0,2.0,4.0,6.0,8.0
2025_07_TB_DET,TB,DET,Cade Otton,00-0038129,TE,rec,3.256,1.0,2.0,3.0,4.0,6.0
2025_07_TB_DET,TB,DET,Cade Otton,00-0038129,TE,rec_yds,33.568,4.048,13.536,28.288,47.854,70.449
2025_07_TB_DET,TB,DET,Cade Otton,00-0038129,TE,anytime_td,0.107,0.0,0.0,0.0,0.0,1.0
2025_07_TB_DET,TB,DET,Rachaad White,00-0037256,RB,car,13.821,7.0,10.0,13.0,17.0,22.0
2025_07_TB_DET,TB,DET,Rachaad White,00-0037256,RB,rush_yds,55.936,19.382,31.539,49.951,72.963,99.524
2025_07_TB_DET,TB,DET,Rachaad White,00-0037256,RB,tgt,2.886,0.0,1.0,3.0,4.0,6.0
2025_07_TB_DET,TB,DET,Rachaad White,00-0037256,RB,rec,2.518,0.0,1.0,2.0,4.0,5.0
2025_07_TB_DET,TB,DET,Rachaad White,00-0037256,RB,rec_yds,17.208,0.0,4.211,12.635,25.342,40.87
2025_07_TB_DET,TB,DET,Rachaad White,00-0037256,RB,anytime_td,0.449,0.0,0.0,0.0,1.0,1.0
2025_07_TB_DET,TB,DET,Emeka Egbuka,00-0040129,WR,car,0.439,0.0,0.0,0.0,0.0,1.0
2025_07_TB_DET,TB,DET,Emeka Egbuka,00-0040129,WR,rush_yds,2.413,0.0,0.0,0.0,0.0,7.399
2025_07_TB_DET,TB,DET,Emeka Egbuka,00-0040129,WR,tgt,6.687,3.0,4.0,6.0,9.0,11.0
2025_07_TB_DET,TB,DET,Emeka Egbuka,00-0040129,WR,rec,4.469,2.0,3.0,4.0,6.0,8.0
2025_07_TB_DET,TB,DET,Emeka Egbuka,00-0040129,WR,rec_yds,63.148,15.187,31.287,55.818,86.784,121.158
2025_07_TB_DET,TB,DET,Emeka Egbuka,00-0040129,WR,anytime_td,0.386,0.0,0.0,0.0,1.0,1.0
2025_07_TB_DET,TB,DET,Tez Johnson,00-0040237,WR,car,0.303,0.0,0.0,0.0,0.0,1.0
2025_07_TB_DET,TB,DET,Tez Johnson,00-0040237,WR,rush_yds,1.669,0.0,0.0,0.0,0.0,3.84
2025_07_TB_DET,TB,DET,Tez Johnson,00-0040237,WR,tgt,2.335,0.0,1.0,2.0,3.0,5.0
2025_07_TB_DET,TB,DET,Tez Johnson,00-0040237,WR,rec,1.552,0.0,0.0,1.0,2.0,4.0
2025_07_TB_DET,TB,DET,Tez Johnson,00-0040237,WR,rec_yds,20.049,0.0,0.0,12.66,30.174,52.122
2025_07_TB_DET,TB,DET,Tez Johnson,00-0040237,WR,anytime_td,0.15,0.0,0.0,0.0,0.0,1.0
2025_07_TB_DET,TB,DET,Sterling Shepard,00-0032385,WR,car,0.573,0.0,0.0,0.0,1.0,2.0
2025_07_TB_DET,TB,DET,Sterling Shepard,00-0032385,WR,rush_yds,2.998,0.0,0.0,0.0,0.0,10.482
2025_07_TB_DET,TB,DET,Sterling Shepard,00-0032385,WR,tgt,4.057,1.0,2.0,4.0,6.0,8.0
2025_07_TB_DET,TB,DET,Sterling Shepard,00-0032385,WR,rec,2.81,1.0,1.0,3.0,4.0,5.1
2025_07_TB_DET,TB,DET,Sterling Shepard,00-0032385,WR,rec_yds,34.162,0.0,11.838,27.947,48.918,74.382
2025_07_TB_DET,TB,DET,Sterling Shepard,00-0032385,WR,anytime_td,0.172,0.0,0.0,0.0,0.0,1.0
2025_07_TB_DET,TB,DET,Kameron Johnson,00-0039589,WR,car,0.348,0.0,0.0,0.0,0.0,1.0
2025_07_TB_DET,TB,DET,Kameron Johnson,00-0039589,WR,rush_yds,1.825,0.0,0.0,0.0,0.0,5.446
2025_07_TB_DET,TB,DET,Kameron Johnson,00-0039589,WR,tgt,0.968,0.0,0.0,1.0,1.0,3.0
2025_07_TB_DET,TB,DET,Kameron Johnson,00-0039589,WR,rec,0.676,0.0,0.0,0.0,1.0,2.0
2025_07_TB_DET,TB,DET,Kameron Johnson,00-0039589,WR,rec_yds,8.399,0.0,0.0,0.0,11.965,27.345
2025_07_TB_DET,TB,DET,Kameron Johnson,00-0039589,WR,anytime_td,0.095,0.0,0.0,0.0,0.0,0.0
2025_07_TB_DET,TB,DET,Mike Evans,00-0031408,WR,car,0.014,0.0,0.0,0.0,0.0,0.0
2025_07_TB_DET,TB,DET,Mike Evans,00-0031408,WR,rush_yds,0.079,0.0,0.0,0.0,0.0,0.0
2025_07_TB_DET,TB,DET,Mike Evans,00-0031408,WR,tgt,8.651,4.0,6.0,8.0,11.0,14.0
2025_07_TB_DET,TB,DET,Mike Evans,00-0031408,WR,rec,5.541,2.0,4.0,5.0,7.0,9.0
2025_07_TB_DET,TB,DET,Mike Evans,00-0031408,WR,rec_yds,64.843,19.892,35.731,58.235,87.217,118.698
2025_07_TB_DET,TB,DET,Mike Evans,00-0031408,WR,anytime_td,0.347,0.0,0.0,0.0,1.0,1.0
2025_07_TB_DET,TB,DET,Ryan Miller,00-0038824,WR,car,0.013,0.0,0.0,0.0,0.0,0.0
2025_07_TB_DET,TB,DET,Ryan Miller,00-0038824,WR,rush_yds,0.08,0.0,0.0,0.0,0.0,0.0
2025_07_TB_DET,TB,DET,Ryan Miller,00-0038824,WR,tgt,0.741,0.0,0.0,0.0,1.0,2.0
2025_07_TB_DET,TB,DET,Ryan Miller,00-0038824,WR,rec,0.493,0.0,0.0,0.0,1.0,2.0
2025_07_TB_DET,TB,DET,Ryan Miller,00-0038824,WR,rec_yds,6.086,0.0,0.0,0.0,6.736,21.107
2025_07_TB_DET,TB,DET,Ryan Miller,00-0038824,WR,anytime_td,0.058,0.0,0.0,0.0,0.0,0.0
2025_07_TB_DET,TB,DET,Sean Tucker,00-0038951,RB,car,5.186,1.0,2.0,4.0,7.0,10.0
2025_07_TB_DET,TB,DET,Sean Tucker,00-0038951,RB,rush_yds,21.251,0.908,6.249,15.347,29.988,48.865
2025_07_TB_DET,TB,DET,Sean Tucker,00-0038951,RB,tgt,0.912,0.0,0.0,1.0,1.0,2.0
2025_07_TB_DET,TB,DET,Sean Tucker,00-0038951,RB,rec,0.762,0.0,0.0,0.0,1.0,2.0
2025_07_TB_DET,TB,DET,Sean Tucker,00-0038951,RB,rec_yds,4.928,0.0,0.0,0.0,6.938,15.807
2025_07_TB_DET,TB,DET,Sean Tucker,00-0038951,RB,anytime_td,0.189,0.0,0.0,0.0,0.0,1.0
2025_07_TB_DET,TB,DET,Devin Culp,00-0039754,TE,car,0.003,0.0,0.0,0.0,0.0,0.0
2025_07_TB_DET,TB,DET,Devin Culp,00-0039754,TE,rush_yds,0.004,0.0,0.0,0.0,0.0,0.0
2025_07_TB_DET,TB,DET,Devin Culp,00-0039754,TE,tgt,0.633,0.0,0.0,0.0,1.0,2.0
2025_07_TB_DET,TB,DET,Devin Culp,00-0039754,TE,rec,0.481,0.0,0.0,0.0,1.0,2.0
2025_07_TB_DET,TB,DET,Devin Culp,00-0039754,TE,rec_yds,4.827,0.0,0.0,0.0,5.724,17.595
2025_07_TB_DET,TB,DET,Devin Culp,00-0039754,TE,anytime_td,0.012,0.0,0.0,0.0,0.0,0.0
