game_id,team,opp,player,player_id,pos,stat,mean,p10,p25,median,p75,p90
2025_05_SF_LA,LA,SF,Matthew Stafford,00-0026498,QB,att,30.328,20.0,26.0,31.0,36.0,41.0
2025_05_SF_LA,LA,SF,Matthew Stafford,00-0026498,QB,cmp,20.89,13.0,17.0,21.0,25.0,29.0
2025_05_SF_LA,LA,SF,Matthew Stafford,00-0026498,QB,pass_yds,232.427,139.011,185.34,233.631,283.468,332.475
2025_05_SF_LA,LA,SF,Matthew Stafford,00-0026498,QB,pass_td,1.704,0.0,1.0,2.0,2.0,3.0
2025_05_SF_LA,LA,SF,Matthew Stafford,00-0026498,QB,ints,0.52,0.0,0.0,0.0,1.0,2.0
2025_05_SF_LA,LA,SF,Matthew Stafford,00-0026498,QB,car,2.523,0.0,1.0,2.0,3.0,5.0
2025_05_SF_LA,LA,SF,Matthew Stafford,00-0026498,QB,rush_yds,6.585,-2.0,-1.0,1.643,10.341,21.815
2025_05_SF_LA,LA,SF,Matthew Stafford,00-0026498,QB,tgt,0.0,0.0,0.0,0.0,0.0,0.0
2025_05_SF_LA,LA,SF,Matthew Stafford,00-0026498,QB,rec,0.0,0.0,0.0,0.0,0.0,0.0
2025_05_SF_LA,LA,SF,Matthew Stafford,00-0026498,QB,rec_yds,0.002,0.0,0.0,0.0,0.0,0.0
2025_05_SF_LA,LA,SF,Matthew Stafford,00-0026498,QB,anytime_td,0.051,0.0,0.0,0.0,0.0,0.0
2025_05_SF_LA,LA,SF,Puka Nacua,00-0039075,WR,car,0.774,0.0,0.0,0.0,1.0,3.0
2025_05_SF_LA,LA,SF,Puka Nacua,00-0039075,WR,rush_yds,4.504,0.0,0.0,0.0,1.902,16.528
2025_05_SF_LA,LA,SF,Puka Nacua,00-0039075,WR,tgt,11.761,7.0,9.0,11.0,14.0,17.0
2025_05_SF_LA,LA,SF,Puka Nacua,00-0039075,WR,rec,9.025,5.0,7.0,9.0,11.0,14.0
2025_05_SF_LA,LA,SF,Puka Nacua,00-0039075,WR,rec_yds,106.364,47.275,71.222,100.914,136.354,172.653
2025_05_SF_LA,LA,SF,Puka Nacua,00-0039075,WR,anytime_td,0.37,0.0,0.0,0.0,1.0,1.0
2025_05_SF_LA,LA,SF,Kyren Williams,00-0037840,RB,car,18.354,10.0,14.0,18.0,22.0,27.0
2025_05_SF_LA,LA,SF,Kyren Williams,00-0037840,RB,rush_yds,82.701,34.08,51.166,75.639,107.315,140.536
2025_05_SF_LA,LA,SF,Kyren Williams,00-0037840,RB,tgt,2.751,0.0,1.0,2.0,4.0,6.0
2025_05_SF_LA,LA,SF,Kyren Williams,00-0037840,RB,rec,2.251,0.0,1.0,2.0,3.0,5.0
2025_05_SF_LA,LA,SF,Kyren Williams,00-0037840,RB,rec_yds,14.94,0.0,2.78,10.543,22.306,36.323
2025_05_SF_LA,LA,SF,Kyren Williams,00-0037840,RB,anytime_td,0.575,0.0,0.0,1.0,1.0,1.0
2025_05_SF_LA,LA,SF,Davante Adams,00-0031381,WR,car,0.01,0.0,0.0,0.0,0.0,0.0
2025_05_SF_LA,LA,SF,Davante Adams,00-0031381,WR,rush_yds,0.058,0.0,0.0,0.0,0.0,0.0
2025_05_SF_LA,LA,SF,Davante Adams,00-0031381,WR,tgt,8.563,4.0,6.0,8.0,11.0,13.0
2025_05_SF_LA,LA,SF,Davante Adams,00-0031381,WR,rec,5.219,2.0,3.0,5.0,7.0,9.0
2025_05_SF_LA,LA,SF,Davante Adams,00-0031381,WR,rec_yds,67.007,19.86,36.791,60.699,91.077,122.047
2025_05_SF_LA,LA,SF,Davante Adams,00-0031381,WR,anytime_td,0.464,0.0,0.0,0.0,1.0,1.0
2025_05_SF_LA,LA,SF,Tutu Atwell,00-0036849,WR,car,0.031,0.0,0.0,0.0,0.0,0.0
2025_05_SF_LA,LA,SF,Tutu Atwell,00-0036849,WR,rush_yds,0.182,0.0,0.0,0.0,0.0,0.0
2025_05_SF_LA,LA,SF,Tutu Atwell,00-0036849,WR,tgt,1.835,0.0,1.0,1.0,3.0,4.0
2025_05_SF_LA,LA,SF,Tutu Atwell,00-0036849,WR,rec,1.188,0.0,0.0,1.0,2.0,3.0
2025_05_SF_LA,LA,SF,Tutu Atwell,00-0036849,WR,rec_yds,16.568,0.0,0.0,8.321,24.914,46.025
2025_05_SF_LA,LA,SF,Tutu Atwell,00-0036849,WR,anytime_td,0.132,0.0,0.0,0.0,0.0,1.0
2025_05_SF_LA,LA,SF,Davis Allen,00-0039074,TE,car,0.004,0.0,0.0,0.0,0.0,0.0
2025_05_SF_LA,LA,SF,Davis Allen,00-0039074,TE,rush_yds,0.01,0.0,0.0,0.0,0.0,0.0
2025_05_SF_LA,LA,SF,Davis Allen,00-0039074,TE,tgt,1.138,0.0,0.0,1.0,2.0,3.0
2025_05_SF_LA,LA,SF,Davis Allen,00-0039074,TE,rec,0.861,0.0,0.0,1.0,1.0,2.0
2025_05_SF_LA,LA,SF,Davis Allen,00-0039074,TE,rec_yds,7.983,0.0,0.0,0.718,12.121,23.784
2025_05_SF_LA,LA,SF,Davis Allen,00-0039074,TE,anytime_td,0.163,0.0,0.0,0.0,0.0,1.0
2025_05_SF_LA,LA,SF,Jordan Whittington,00-0039751,WR,car,0.578,0.0,0.0,0.0,0.0,2.0
2025_05_SF_LA,LA,SF,Jordan Whittington,00-0039751,WR,rush_yds,3.279,0.0,0.0,0.0,0.0,10.557
2025_05_SF_LA,LA,SF,Jordan Whittington,00-0039751,WR,tgt,1.555,0.0,0.0,1.0,2.0,4.0
2025_05_SF_LA,LA,SF,Jordan Whittington,00-0039751,WR,rec,1.07,0.0,0.0,1.0,2.0,3.0
2025_05_SF_LA,LA,SF,Jordan Whittington,00-0039751,WR,rec_yds,12.714,0.0,0.0,6.192,19.298,35.371
2025_05_SF_LA,LA,SF,Jordan Whittington,00-0039751,WR,anytime_td,0.044,0.0,0.0,0.0,0.0,0.0
2025_05_SF_LA,LA,SF,Colby Parkinson,00-0036244,TE,car,0.002,0.0,0.0,0.0,0.0,0.0
2025_05_SF_LA,LA,SF,Colby Parkinson,00-0036244,TE,rush_yds,0.009,0.0,0.0,0.0,0.0,0.0
2025_05_SF_LA,LA,SF,Colby Parkinson,00-0036244,TE,tgt,1.687,0.0,0.0,1.0,2.0,4.0
2025_05_SF_LA,LA,SF,Colby Parkinson,00-0036244,TE,rec,1.309,0.0,0.0,1.0,2.0,3.0
2025_05_SF_LA,LA,SF,Colby Parkinson,00-0036244,TE,rec_yds,11.957,0.0,0.0,7.066,18.52,32.244
2025_05_SF_LA,LA,SF,Colby Parkinson,00-0036244,TE,anytime_td,0.093,0.0,0.0,0.0,0.0,0.0
2025_05_SF_LA,LA,SF,Blake Corum,00-0039738,RB,car,5.91,1.0,3.0,5.0,8.0,12.0
2025_05_SF_LA,LA,SF,Blake Corum,00-0039738,RB,rush_yds,26.43,1.704,7.783,19.077,37.515,61.929
2025_05_SF_LA,LA,SF,Blake Corum,00-0039738,RB,tgt,1.266,0.0,0.0,1.0,2.0,3.0
2025_05_SF_LA,LA,SF,Blake Corum,00-0039738,RB,rec,1.012,0.0,0.0,1.0,2.0,3.0
2025_05_SF_LA,LA,SF,Blake Corum,00-0039738,RB,rec_yds,6.709,0.0,0.0,1.683,9.69,20.221
2025_05_SF_LA,LA,SF,Blake Corum,00-0039738,RB,anytime_td,0.239,0.0,0.0,0.0,0.0,1.0
2025_05_SF_LA,SF,LA,Mac Jones,00-0036972,QB,att,32.634,22.0,28.0,33.0,39.0,43.0
2025_05_SF_LA,SF,LA,Mac Jones,00-0036972,QB,cmp,20.845,13.0,17.0,21.0,25.0,29.0
2025_05_SF_LA,SF,LA,Mac Jones,00-0036972,QB,pass_yds,206.211,121.429,160.831,204.757,252.287,299.758
2025_05_SF_LA,SF,LA,Mac Jones,00-0036972,QB,pass_td,1.104,0.0,0.0,1.0,2.0,2.0
2025_05_SF_LA,SF,LA,Mac Jones,00-0036972,QB,ints,0.832,0.0,0.0,1.0,1.0,2.0
2025_05_SF_LA,SF,LA,Mac Jones,00-0036972,QB,car,2.456,0.0,1.0,2.0,4.0,5.0
2025_05_SF_LA,SF,LA,Mac Jones,00-0036972,QB,rush_yds,11.262,0.0,0.0,7.029,17.074,30.123
2025_05_SF_LA,SF,LA,Mac Jones,00-0036972,QB,tgt,0.001,0.0,0.0,0.0,0.0,0.0
2025_05_SF_LA,SF,LA,Mac Jones,00-0036972,QB,rec,0.001,0.0,0.0,0.0,0.0,0.0
2025_05_SF_LA,SF,LA,Mac Jones,00-0036972,QB,rec_yds,0.003,0.0,0.0,0.0,0.0,0.0
2025_05_SF_LA,SF,LA,Mac Jones,00-0036972,QB,anytime_td,0.054,0.0,0.0,0.0,0.0,0.0
2025_05_SF_LA,SF,LA,Christian McCaffrey,00-0033280,RB,car,14.242,7.0,10.0,14.0,18.0,22.0
2025_05_SF_LA,SF,LA,Christian McCaffrey,00-0033280,RB,rush_yds,54.733,18.547,31.019,49.064,71.477,98.526
2025_05_SF_LA,SF,LA,Christian McCaffrey,00-0033280,RB,tgt,11.292,6.0,8.0,11.0,14.0,17.0
2025_05_SF_LA,SF,LA,Christian McCaffrey,00-0033280,RB,rec,8.079,4.0,6.0,8.0,10.0,13.0
2025_05_SF_LA,SF,LA,Christian McCaffrey,00-0033280,RB,rec_yds,66.149,23.149,38.796,60.026,87.029,116.816
2025_05_SF_LA,SF,LA,Christian McCaffrey,00-0033280,RB,anytime_td,0.454,0.0,0.0,0.0,1.0,1.0
2025_05_SF_LA,SF,LA,Demarcus Robinson,00-0032775,WR,car,0.02,0.0,0.0,0.0,0.0,0.0
2025_05_SF_LA,SF,LA,Demarcus Robinson,00-0032775,WR,rush_yds,0.12,0.0,0.0,0.0,0.0,0.0
2025_05_SF_LA,SF,LA,Demarcus Robinson,00-0032775,WR,tgt,3.94,1.0,2.0,4.0,5.0,7.0
2025_05_SF_LA,SF,LA,Demarcus Robinson,00-0032775,WR,rec,2.265,0.0,1.0,2.0,3.0,5.0
2025_05_SF_LA,SF,LA,Demarcus Robinson,00-0032775,WR,rec_yds,29.43,0.0,8.754,22.858,43.644,66.565
2025_05_SF_LA,SF,LA,Demarcus Robinson,00-0032775,WR,anytime_td,0.103,0.0,0.0,0.0,0.0,1.0
2025_05_SF_LA,SF,LA,Kendrick Bourne,00-0033307,WR,car,0.041,0.0,0.0,0.0,0.0,0.0
2025_05_SF_LA,SF,LA,Kendrick Bourne,00-0033307,WR,rush_yds,0.208,0.0,0.0,0.0,0.0,0.0
2025_05_SF_LA,SF,LA,Kendrick Bourne,00-0033307,WR,tgt,4.996,2.0,3.0,5.0,7.0,9.0
2025_05_SF_LA,SF,LA,Kendrick Bourne,00-0033307,WR,rec,3.019,1.0,2.0,3.0,4.0,6.0
2025_05_SF_LA,SF,LA,Kendrick Bourne,00-0033307,WR,rec_yds,35.609,3.535,13.411,29.507,50.906,75.704
2025_05_SF_LA,SF,LA,Kendrick Bourne,00-0033307,WR,anytime_td,0.056,0.0,0.0,0.0,0.0,0.0
2025_05_SF_LA,SF,LA,Jake Tonges,00-0037112,TE,car,0.002,0.0,0.0,0.0,0.0,0.0
2025_05_SF_LA,SF,LA,Jake Tonges,00-0037112,TE,rush_yds,0.002,0.0,0.0,0.0,0.0,0.0
2025_05_SF_LA,SF,LA,Jake Tonges,00-0037112,TE,tgt,3.536,1.0,2.0,3.0,5.0,7.0
2025_05_SF_LA,SF,LA,Jake Tonges,00-0037112,TE,rec,2.421,0.0,1.0,2.0,3.0,5.0
2025_05_SF_LA,SF,LA,Jake Tonges,00-0037112,TE,rec_yds,24.969,0.0,7.533,19.805,36.497,55.674
2025_05_SF_LA,SF,LA,Jake Tonges,00-0037112,TE,anytime_td,0.147,0.0,0.0,0.0,0.0,1.0
2025_05_SF_LA,SF,LA,Marquez Valdes-Scantling,00-0034272,WR,car,0.046,0.0,0.0,0.0,0.0,0.0
2025_05_SF_LA,SF,LA,Marquez Valdes-Scantling,00-0034272,WR,rush_yds,0.256,0.0,0.0,0.0,0.0,0.0
2025_05_SF_LA,SF,LA,Marquez Valdes-Scantling,00-0034272,WR,tgt,2.358,0.0,1.0,2.0,3.0,5.0
2025_05_SF_LA,SF,LA,Marquez Valdes-Scantling,00-0034272,WR,rec,1.37,0.0,0.0,1.0,2.0,3.0
2025_05_SF_LA,SF,LA,Marquez Valdes-Scantling,00-0034272,WR,rec_yds,17.49,0.0,0.0,10.612,26.326,46.421
2025_05_SF_LA,SF,LA,Marquez Valdes-Scantling,00-0034272,WR,anytime_td,0.057,0.0,0.0,0.0,0.0,0.0
2025_05_SF_LA,SF,LA,Luke Farrell,00-0036887,TE,car,0.002,0.0,0.0,0.0,0.0,0.0
2025_05_SF_LA,SF,LA,Luke Farrell,00-0036887,TE,rush_yds,0.005,0.0,0.0,0.0,0.0,0.0
2025_05_SF_LA,SF,LA,Luke Farrell,00-0036887,TE,tgt,1.755,0.0,0.0,1.0,3.0,4.0
2025_05_SF_LA,SF,LA,Luke Farrell,00-0036887,TE,rec,1.223,0.0,0.0,1.0,2.0,3.0
2025_05_SF_LA,SF,LA,Luke Farrell,00-0036887,TE,rec_yds,11.765,0.0,0.0,6.39,18.293,32.254
2025_05_SF_LA,SF,LA,Luke Farrell,00-0036887,TE,anytime_td,0.08,0.0,0.0,0.0,0.0,0.0
2025_05_SF_LA,SF,LA,Kyle Juszczyk,00-0029892,RB,car,0.388,0.0,0.0,0.0,0.0,1.0
2025_05_SF_LA,SF,LA,Kyle Juszczyk,00-0029892,RB,rush_yds,1.595,0.0,0.0,0.0,0.0,4.198
2025_05_SF_LA,SF,LA,Kyle Juszczyk,00-0029892,RB,tgt,2.186,0.0,1.0,2.0,3.0,5.0
2025_05_SF_LA,SF,LA,Kyle Juszczyk,00-0029892,RB,rec,1.677,0.0,0.0,1.0,3.0,4.0
2025_05_SF_LA,SF,LA,Kyle Juszczyk,00-0029892,RB,rec_yds,13.226,0.0,0.0,7.908,19.621,35.226
2025_05_SF_LA,SF,LA,Kyle Juszczyk,00-0029892,RB,anytime_td,0.132,0.0,0.0,0.0,0.0,1.0
2025_05_SF_LA,SF,LA,Brian Robinson,00-0037746,RB,car,6.198,1.0,3.0,5.0,9.0,12.0
2025_05_SF_LA,SF,LA,Brian Robinson,00-0037746,RB,rush_yds,25.767,2.583,8.797,19.343,36.104,57.5
2025_05_SF_LA,SF,LA,Brian Robinson,00-0037746,RB,tgt,1.124,0.0,0.0,1.0,2.0,3.0
2025_05_SF_LA,SF,LA,Brian Robinson,00-0037746,RB,rec,0.828,0.0,0.0,0.5,1.0,2.0
2025_05_SF_LA,SF,LA,Brian Robinson,00-0037746,RB,rec_yds,5.722,0.0,0.0,0.0,8.195,18.111
2025_05_SF_LA,SF,LA,Brian Robinson,00-0037746,RB,anytime_td,0.177,0.0,0.0,0.0,0.0,1.0
2025_05_SF_LA,SF,LA,Skyy Moore,00-0038090,WR,car,0.014,0.0,0.0,0.0,0.0,0.0
2025_05_SF_LA,SF,LA,Skyy Moore,00-0038090,WR,rush_yds,0.071,0.0,0.0,0.0,0.0,0.0
2025_05_SF_LA,SF,LA,Skyy Moore,00-0038090,WR,tgt,1.007,0.0,0.0,1.0,2.0,3.0
2025_05_SF_LA,SF,LA,Skyy Moore,00-0038090,WR,rec,0.603,0.0,0.0,0.0,1.0,2.0
2025_05_SF_LA,SF,LA,Skyy Moore,00-0038090,WR,rec_yds,7.207,0.0,0.0,0.0,9.805,23.508
2025_05_SF_LA,SF,LA,Skyy Moore,00-0038090,WR,anytime_td,0.008,0.0,0.0,0.0,0.0,0.0
2025_05_SF_LA,SF,LA,Malik Turner,00-0034867,WR,car,0.019,0.0,0.0,0.0,0.0,0.0
2025_05_SF_LA,SF,LA,Malik Turner,00-0034867,WR,rush_yds,0.093,0.0,0.0,0.0,0.0,0.0
2025_05_SF_LA,SF,LA,Malik Turner,00-0034867,WR,tgt,0.589,0.0,0.0,0.0,1.0,2.0
2025_05_SF_LA,SF,LA,Malik Turner,00-0034867,WR,rec,0.36,0.0,0.0,0.0,1.0,1.0
2025_05_SF_LA,SF,LA,Malik Turner,00-0034867,WR,rec_yds,4.371,0.0,0.0,0.0,2.011,16.208
2025_05_SF_LA,SF,LA,Malik Turner,00-0034867,WR,anytime_td,0.01,0.0,0.0,0.0,0.0,0.0
2025_05_DAL_NYJ,NYJ,DAL,Justin Fields,00-0036945,QB,att,29.347,19.0,25.0,30.0,35.0,40.0
2025_05_DAL_NYJ,NYJ,DAL,Justin Fields,00-0036945,QB,cmp,20.346,13.0,17.0,21.0,25.0,28.0
2025_05_DAL_NYJ,NYJ,DAL,Justin Fields,00-0036945,QB,pass_yds,226.474,130.71,177.017,228.169,278.156,327.624
2025_05_DAL_NYJ,NYJ,DAL,Justin Fields,00-0036945,QB,pass_td,1.692,0.0,1.0,2.0,2.0,3.0
2025_05_DAL_NYJ,NYJ,DAL,Justin Fields,00-0036945,QB,ints,0.582,0.0,0.0,0.0,1.0,2.0
2025_05_DAL_NYJ,NYJ,DAL,Justin Fields,00-0036945,QB,car,7.845,3.0,5.0,7.0,10.0,13.0
2025_05_DAL_NYJ,NYJ,DAL,Justin Fields,00-0036945,QB,rush_yds,40.766,8.37,20.187,36.679,56.899,78.47
2025_05_DAL_NYJ,NYJ,DAL,Justin Fields,00-0036945,QB,tgt,0.0,0.0,0.0,0.0,0.0,0.0
2025_05_DAL_NYJ,NYJ,DAL,Justin Fields,00-0036945,QB,rec,0.0,0.0,0.0,0.0,0.0,0.0
2025_05_DAL_NYJ,NYJ,DAL,Justin Fields,00-0036945,QB,rec_yds,0.001,0.0,0.0,0.0,0.0,0.0
2025_05_DAL_NYJ,NYJ,DAL,Justin Fields,00-0036945,QB,anytime_td,0.371,0.0,0.0,0.0,1.0,1.0
2025_05_DAL_NYJ,NYJ,DAL,Garrett Wilson,00-0037740,WR,car,0.077,0.0,0.0,0.0,0.0,0.0
2025_05_DAL_NYJ,NYJ,DAL,Garrett Wilson,00-0037740,WR,rush_yds,0.407,0.0,0.0,0.0,0.0,0.0
2025_05_DAL_NYJ,NYJ,DAL,Garrett Wilson,00-0037740,WR,tgt,9.239,5.0,7.0,9.0,12.0,14.0
2025_05_DAL_NYJ,NYJ,DAL,Garrett Wilson,00-0037740,WR,rec,6.543,3.0,4.0,6.0,8.0,11.0
2025_05_DAL_NYJ,NYJ,DAL,Garrett Wilson,00-0037740,WR,rec_yds,80.999,29.682,48.011,74.082,107.795,140.758
2025_05_DAL_NYJ,NYJ,DAL,Garrett Wilson,00-0037740,WR,anytime_td,0.453,0.0,0.0,0.0,1.0,1.0
2025_05_DAL_NYJ,NYJ,DAL,Mason Taylor,00-0040736,TE,car,0.001,0.0,0.0,0.0,0.0,0.0
2025_05_DAL_NYJ,NYJ,DAL,Mason Taylor,00-0040736,TE,rush_yds,0.0,0.0,0.0,0.0,0.0,0.0
2025_05_DAL_NYJ,NYJ,DAL,Mason Taylor,00-0040736,TE,tgt,4.471,1.0,3.0,4.0,6.0,8.0
2025_05_DAL_NYJ,NYJ,DAL,Mason Taylor,00-0040736,TE,rec,3.348,1.0,2.0,3.0,5.0,6.0
2025_05_DAL_NYJ,NYJ,DAL,Mason Taylor,00-0040736,TE,rec_yds,35.579,5.085,14.867,29.979,50.939,72.412
2025_05_DAL_NYJ,NYJ,DAL,Mason Taylor,00-0040736,TE,anytime_td,0.122,0.0,0.0,0.0,0.0,1.0
2025_05_DAL_NYJ,NYJ,DAL,Josh Reynolds,00-0033943,WR,car,0.01,0.0,0.0,0.0,0.0,0.0
2025_05_DAL_NYJ,NYJ,DAL,Josh Reynolds,00-0033943,WR,rush_yds,0.048,0.0,0.0,0.0,0.0,0.0
2025_05_DAL_NYJ,NYJ,DAL,Josh Reynolds,00-0033943,WR,tgt,2.564,0.0,1.0,2.0,4.0,5.0
2025_05_DAL_NYJ,NYJ,DAL,Josh Reynolds,00-0033943,WR,rec,1.63,0.0,1.0,1.0,2.0,4.0
2025_05_DAL_NYJ,NYJ,DAL,Josh Reynolds,00-0033943,WR,rec_yds,21.165,0.0,0.0,14.029,32.24,53.292
2025_05_DAL_NYJ,NYJ,DAL,Josh Reynolds,00-0033943,WR,anytime_td,0.121,0.0,0.0,0.0,0.0,1.0
2025_05_DAL_NYJ,NYJ,DAL,Breece Hall,00-0038120,RB,car,15.629,8.0,11.0,15.0,20.0,24.0
2025_05_DAL_NYJ,NYJ,DAL,Breece Hall,00-0038120,RB,rush_yds,69.662,25.749,41.205,63.841,90.799,120.894
2025_05_DAL_NYJ,NYJ,DAL,Breece Hall,00-0038120,RB,tgt,4.874,2.0,3.0,4.5,6.0,9.0
2025_05_DAL_NYJ,NYJ,DAL,Breece Hall,00-0038120,RB,rec,3.906,1.0,2.0,4.0,5.0,7.0
2025_05_DAL_NYJ,NYJ,DAL,Breece Hall,00-0038120,RB,rec_yds,30.928,4.218,12.544,26.208,43.722,63.474
2025_05_DAL_NYJ,NYJ,DAL,Breece Hall,00-0038120,RB,anytime_td,0.331,0.0,0.0,0.0,1.0,1.0
2025_05_DAL_NYJ,NYJ,DAL,Arian Smith,00-0040582,WR,car,0.254,0.0,0.0,0.0,0.0,1.0
2025_05_DAL_NYJ,NYJ,DAL,Arian Smith,00-0040582,WR,rush_yds,1.45,0.0,0.0,0.0,0.0,0.974
2025_05_DAL_NYJ,NYJ,DAL,Arian Smith,00-0040582,WR,tgt,1.268,0.0,0.0,1.0,2.0,3.0
2025_05_DAL_NYJ,NYJ,DAL,Arian Smith,00-0040582,WR,rec,0.852,0.0,0.0,1.0,1.0,2.0
2025_05_DAL_NYJ,NYJ,DAL,Arian Smith,00-0040582,WR,rec_yds,10.423,0.0,0.0,0.0,15.771,31.935
2025_05_DAL_NYJ,NYJ,DAL,Arian Smith,00-0040582,WR,anytime_td,0.037,0.0,0.0,0.0,0.0,0.0
2025_05_DAL_NYJ,NYJ,DAL,Isaiah Davis,00-0039798,RB,car,2.703,0.0,1.0,2.0,4.0,7.0
2025_05_DAL_NYJ,NYJ,DAL,Isaiah Davis,00-0039798,RB,rush_yds,11.89,0.0,0.0,6.274,17.153,31.999
2025_05_DAL_NYJ,NYJ,DAL,Isaiah Davis,00-0039798,RB,tgt,1.381,0.0,0.0,1.0,2.0,3.0
2025_05_DAL_NYJ,NYJ,DAL,Isaiah Davis,00-0039798,RB,rec,1.123,0.0,0.0,1.0,2.0,3.0
2025_05_DAL_NYJ,NYJ,DAL,Isaiah Davis,00-0039798,RB,rec_yds,8.891,0.0,0.0,3.32,13.06,26.402
2025_05_DAL_NYJ,NYJ,DAL,Isaiah Davis,00-0039798,RB,anytime_td,0.103,0.0,0.0,0.0,0.0,1.0
2025_05_DAL_NYJ,NYJ,DAL,Jeremy Ruckert,00-0037805,TE,car,0.002,0.0,0.0,0.0,0.0,0.0
2025_05_DAL_NYJ,NYJ,DAL,Jeremy Ruckert,00-0037805,TE,rush_yds,0.004,0.0,0.0,0.0,0.0,0.0
2025_05_DAL_NYJ,NYJ,DAL,Jeremy Ruckert,00-0037805,TE,tgt,1.205,0.0,0.0,1.0,2.0,3.0
2025_05_DAL_NYJ,NYJ,DAL,Jeremy Ruckert,00-0037805,TE,rec,0.936,0.0,0.0,1.0,1.0,2.0
2025_05_DAL_NYJ,NYJ,DAL,Jeremy Ruckert,00-0037805,TE,rec_yds,9.754,0.0,0.0,3.233,14.222,29.282
2025_05_DAL_NYJ,NYJ,DAL,Jeremy Ruckert,00-0037805,TE,anytime_td,0.119,0.0,0.0,0.0,0.0,1.0
2025_05_DAL_NYJ,NYJ,DAL,Allen Lazard,00-0034521,WR,car,0.016,0.0,0.0,0.0,0.0,0.0
2025_05_DAL_NYJ,NYJ,DAL,Allen Lazard,00-0034521,WR,rush_yds,0.099,0.0,0.0,0.0,0.0,0.0
2025_05_DAL_NYJ,NYJ,DAL,Allen Lazard,00-0034521,WR,tgt,2.553,0.0,1.0,2.0,4.0,5.0
2025_05_DAL_NYJ,NYJ,DAL,Allen Lazard,00-0034521,WR,rec,1.706,0.0,1.0,1.0,3.0,4.0
2025_05_DAL_NYJ,NYJ,DAL,Allen Lazard,00-0034521,WR,rec_yds,22.201,0.0,0.0,15.001,33.817,56.164
2025_05_DAL_NYJ,NYJ,DAL,Allen Lazard,00-0034521,WR,anytime_td,0.241,0.0,0.0,0.0,0.0,1.0
2025_05_DAL_NYJ,NYJ,DAL,Tyler Johnson,00-0036427,WR,car,0.016,0.0,0.0,0.0,0.0,0.0
2025_05_DAL_NYJ,NYJ,DAL,Tyler Johnson,00-0036427,WR,rush_yds,0.115,0.0,0.0,0.0,0.0,0.0
2025_05_DAL_NYJ,NYJ,DAL,Tyler Johnson,00-0036427,WR,tgt,2.417,0.0,1.0,2.0,3.0,5.0
2025_05_DAL_NYJ,NYJ,DAL,Tyler Johnson,00-0036427,WR,rec,1.616,0.0,0.0,1.0,2.0,4.0
2025_05_DAL_NYJ,NYJ,DAL,Tyler Johnson,00-0036427,WR,rec_yds,21.743,0.0,0.0,14.081,31.78,56.622
2025_05_DAL_NYJ,NYJ,DAL,Tyler Johnson,00-0036427,WR,anytime_td,0.098,0.0,0.0,0.0,0.0,0.0
2025_05_DAL_NYJ,DAL,NYJ,Dak Prescott,00-0033077,QB,att,33.479,23.0,29.0,34.0,40.0,45.0
2025_05_DAL_NYJ,DAL,NYJ,Dak Prescott,00-0033077,QB,cmp,22.349,15.0,19.0,23.0,27.0,30.0
2025_05_DAL_NYJ,DAL,NYJ,Dak Prescott,00-0033077,QB,pass_yds,240.472,142.998,191.495,241.022,293.429,342.801
2025_05_DAL_NYJ,DAL,NYJ,Dak Prescott,00-0033077,QB,pass_td,1.521,0.0,1.0,1.0,2.0,3.0
2025_05_DAL_NYJ,DAL,NYJ,Dak Prescott,00-0033077,QB,ints,0.709,0.0,0.0,0.0,1.0,2.0
2025_05_DAL_NYJ,DAL,NYJ,Dak Prescott,00-0033077,QB,car,2.44,0.0,1.0,2.0,3.0,5.0
2025_05_DAL_NYJ,DAL,NYJ,Dak Prescott,00-0033077,QB,rush_yds,9.134,-1.0,0.0,4.658,14.326,26.706
2025_05_DAL_NYJ,DAL,NYJ,Dak Prescott,00-0033077,QB,tgt,0.001,0.0,0.0,0.0,0.0,0.0
2025_05_DAL_NYJ,DAL,NYJ,Dak Prescott,00-0033077,QB,rec,0.001,0.0,0.0,0.0,0.0,0.0
2025_05_DAL_NYJ,DAL,NYJ,Dak Prescott,00-0033077,QB,rec_yds,0.007,0.0,0.0,0.0,0.0,0.0
2025_05_DAL_NYJ,DAL,NYJ,Dak Prescott,00-0033077,QB,anytime_td,0.15,0.0,0.0,0.0,0.0,1.0
2025_05_DAL_NYJ,DAL,NYJ,George Pickens,00-0037247,WR,car,0.051,0.0,0.0,0.0,0.0,0.0
2025_05_DAL_NYJ,DAL,NYJ,George Pickens,00-0037247,WR,rush_yds,0.288,0.0,0.0,0.0,0.0,0.0
2025_05_DAL_NYJ,DAL,NYJ,George Pickens,00-0037247,WR,tgt,8.39,4.0,6.0,8.0,11.0,13.0
2025_05_DAL_NYJ,DAL,NYJ,George Pickens,00-0037247,WR,rec,5.285,2.0,3.0,5.0,7.0,9.0
2025_05_DAL_NYJ,DAL,NYJ,George Pickens,00-0037247,WR,rec_yds,74.859,21.091,40.111,67.062,101.769,138.193
2025_05_DAL_NYJ,DAL,NYJ,George Pickens,00-0037247,WR,anytime_td,0.477,0.0,0.0,0.0,1.0,1.0
2025_05_DAL_NYJ,DAL,NYJ,Jalen Tolbert,00-0037666,WR,car,0.012,0.0,0.0,0.0,0.0,0.0
2025_05_DAL_NYJ,DAL,NYJ,Jalen Tolbert,00-0037666,WR,rush_yds,0.048,0.0,0.0,0.0,0.0,0.0
2025_05_DAL_NYJ,DAL,NYJ,Jalen Tolbert,00-0037666,WR,tgt,4.746,2.0,3.0,4.0,6.0,9.0
2025_05_DAL_NYJ,DAL,NYJ,Jalen Tolbert,00-0037666,WR,rec,2.885,1.0,1.0,3.0,4.0,6.0
2025_05_DAL_NYJ,DAL,NYJ,Jalen Tolbert,00-0037666,WR,rec_yds,37.255,2.205,13.292,30.166,54.422,80.214
2025_05_DAL_NYJ,DAL,NYJ,Jalen Tolbert,00-0037666,WR,anytime_td,0.175,0.0,0.0,0.0,0.0,1.0
2025_05_DAL_NYJ,DAL,NYJ,Javonte Williams,00-0036997,RB,car,17.914,10.0,13.0,18.0,22.0,27.0
2025_05_DAL_NYJ,DAL,NYJ,Javonte Williams,00-0036997,RB,rush_yds,77.824,30.562,47.194,71.431,100.192,133.126
2025_05_DAL_NYJ,DAL,NYJ,Javonte Williams,00-0036997,RB,tgt,4.276,1.0,2.0,4.0,6.0,8.0
2025_05_DAL_NYJ,DAL,NYJ,Javonte Williams,00-0036997,RB,rec,3.423,1.0,2.0,3.0,5.0,6.0
2025_05_DAL_NYJ,DAL,NYJ,Javonte Williams,00-0036997,RB,rec_yds,23.383,1.003,7.812,18.57,33.341,50.778
2025_05_DAL_NYJ,DAL,NYJ,Javonte Williams,00-0036997,RB,anytime_td,0.42,0.0,0.0,0.0,1.0,1.0
2025_05_DAL_NYJ,DAL,NYJ,Ryan Flournoy,00-0039410,WR,car,0.311,0.0,0.0,0.0,0.0,1.0
2025_05_DAL_NYJ,DAL,NYJ,Ryan Flournoy,00-0039410,WR,rush_yds,1.698,0.0,0.0,0.0,0.0,2.805
2025_05_DAL_NYJ,DAL,NYJ,Ryan Flournoy,00-0039410,WR,tgt,1.758,0.0,0.0,1.0,3.0,4.0
2025_05_DAL_NYJ,DAL,NYJ,Ryan Flournoy,00-0039410,WR,rec,1.146,0.0,0.0,1.0,2.0,3.0
2025_05_DAL_NYJ,DAL,NYJ,Ryan Flournoy,00-0039410,WR,rec_yds,14.686,0.0,0.0,7.332,22.297,41.367
2025_05_DAL_NYJ,DAL,NYJ,Ryan Flournoy,00-0039410,WR,anytime_td,0.029,0.0,0.0,0.0,0.0,0.0
2025_05_DAL_NYJ,DAL,NYJ,Luke Schoonmaker,00-0038547,TE,car,0.002,0.0,0.0,0.0,0.0,0.0
2025_05_DAL_NYJ,DAL,NYJ,Luke Schoonmaker,00-0038547,TE,rush_yds,0.004,0.0,0.0,0.0,0.0,0.0
2025_05_DAL_NYJ,DAL,NYJ,Luke Schoonmaker,00-0038547,TE,tgt,1.833,0.0,0.0,1.0,3.0,4.0
2025_05_DAL_NYJ,DAL,NYJ,Luke Schoonmaker,00-0038547,TE,rec,1.311,0.0,0.0,1.0,2.0,3.0
2025_05_DAL_NYJ,DAL,NYJ,Luke Schoonmaker,00-0038547,TE,rec_yds,13.388,0.0,0.0,7.733,20.421,36.689
2025_05_DAL_NYJ,DAL,NYJ,Luke Schoonmaker,00-0038547,TE,anytime_td,0.039,0.0,0.0,0.0,0.0,0.0
2025_05_DAL_NYJ,DAL,NYJ,Jake Ferguson,00-0038041,TE,car,0.003,0.0,0.0,0.0,0.0,0.0
2025_05_DAL_NYJ,DAL,NYJ,Jake Ferguson,00-0038041,TE,rush_yds,0.009,0.0,0.0,0.0,0.0,0.0
2025_05_DAL_NYJ,DAL,NYJ,Jake Ferguson,00-0038041,TE,tgt,8.524,4.0,6.0,8.0,11.0,13.0
2025_05_DAL_NYJ,DAL,NYJ,Jake Ferguson,00-0038041,TE,rec,6.586,3.0,4.0,6.0,9.0,11.0
2025_05_DAL_NYJ,DAL,NYJ,Jake Ferguson,00-0038041,TE,rec_yds,57.424,20.169,34.148,53.587,76.163,98.894
2025_05_DAL_NYJ,DAL,NYJ,Jake Ferguson,00-0038041,TE,anytime_td,0.241,0.0,0.0,0.0,0.0,1.0
2025_05_DAL_NYJ,DAL,NYJ,Brevyn Spann-Ford,00-0039530,TE,car,0.002,0.0,0.0,0.0,0.0,0.0
2025_05_DAL_NYJ,DAL,NYJ,Brevyn Spann-Ford,00-0039530,TE,rush_yds,0.007,0.0,0.0,0.0,0.0,0.0
2025_05_DAL_NYJ,DAL,NYJ,Brevyn Spann-Ford,00-0039530,TE,tgt,0.627,0.0,0.0,0.0,1.0,2.0
2025_05_DAL_NYJ,DAL,NYJ,Brevyn Spann-Ford,00-0039530,TE,rec,0.443,0.0,0.0,0.0,1.0,2.0
2025_05_DAL_NYJ,DAL,NYJ,Brevyn Spann-Ford,00-0039530,TE,rec_yds,4.771,0.0,0.0,0.0,5.344,17.633
2025_05_DAL_NYJ,DAL,NYJ,Brevyn Spann-Ford,00-0039530,TE,anytime_td,0.008,0.0,0.0,0.0,0.0,0.0
2025_05_DAL_NYJ,DAL,NYJ,Hunter Luepke,00-0038738,RB,car,0.995,0.0,0.0,0.0,1.0,3.0
2025_05_DAL_NYJ,DAL,NYJ,Hunter Luepke,00-0038738,RB,rush_yds,4.034,0.0,0.0,0.0,3.899,13.638
2025_05_DAL_NYJ,DAL,NYJ,Hunter Luepke,00-0038738,RB,tgt,0.532,0.0,0.0,0.0,1.0,2.0
2025_05_DAL_NYJ,DAL,NYJ,Hunter Luepke,00-0038738,RB,rec,0.403,0.0,0.0,0.0,1.0,1.0
2025_05_DAL_NYJ,DAL,NYJ,Hunter Luepke,00-0038738,RB,rec_yds,3.186,0.0,0.0,0.0,0.94,11.175
2025_05_DAL_NYJ,DAL,NYJ,Hunter Luepke,00-0038738,RB,anytime_td,0.017,0.0,0.0,0.0,0.0,0.0
2025_05_DAL_NYJ,DAL,NYJ,Jaydon Blue,00-0040586,RB,car,3.602,0.0,1.0,3.0,5.0,8.0
2025_05_DAL_NYJ,DAL,NYJ,Jaydon Blue,00-0040586,RB,rush_yds,14.771,0.0,1.936,9.209,20.494,37.118
2025_05_DAL_NYJ,DAL,NYJ,Jaydon Blue,00-0040586,RB,tgt,0.911,0.0,0.0,1.0,1.0,2.0
2025_05_DAL_NYJ,DAL,NYJ,Jaydon Blue,00-0040586,RB,rec,0.713,0.0,0.0,0.0,1.0,2.0
2025_05_DAL_NYJ,DAL,NYJ,Jaydon Blue,00-0040586,RB,rec_yds,5.467,0.0,0.0,0.0,7.809,18.082
2025_05_DAL_NYJ,DAL,NYJ,Jaydon Blue,00-0040586,RB,anytime_td,0.126,0.0,0.0,0.0,0.0,1.0
2025_05_DAL_NYJ,DAL,NYJ,Jalen Moreno-Cropper,00-0038740,WR,car,0.044,0.0,0.0,0.0,0.0,0.0
2025_05_DAL_NYJ,DAL,NYJ,Jalen Moreno-Cropper,00-0038740,WR,rush_yds,0.223,0.0,0.0,0.0,0.0,0.0
2025_05_DAL_NYJ,DAL,NYJ,Jalen Moreno-Cropper,00-0038740,WR,tgt,0.528,0.0,0.0,0.0,1.0,2.0
2025_05_DAL_NYJ,DAL,NYJ,Jalen Moreno-Cropper,00-0038740,WR,rec,0.337,0.0,0.0,0.0,0.0,1.0
2025_05_DAL_NYJ,DAL,NYJ,Jalen Moreno-Cropper,00-0038740,WR,rec_yds,4.415,0.0,0.0,0.0,0.0,15.988
2025_05_DAL_NYJ,DAL,NYJ,Jalen Moreno-Cropper,00-0038740,WR,anytime_td,0.012,0.0,0.0,0.0,0.0,0.0
2025_05_DAL_NYJ,DAL,NYJ,Jalen Brooks,00-0038640,WR,car,0.013,0.0,0.0,0.0,0.0,0.0
2025_05_DAL_NYJ,DAL,NYJ,Jalen Brooks,00-0038640,WR,rush_yds,0.086,0.0,0.0,0.0,0.0,0.0
2025_05_DAL_NYJ,DAL,NYJ,Jalen Brooks,00-0038640,WR,tgt,2.214,0.0,1.0,2.0,3.0,5.0
2025_05_DAL_NYJ,DAL,NYJ,Jalen Brooks,00-0038640,WR,rec,1.355,0.0,0.0,1.0,2.0,3.0
2025_05_DAL_NYJ,DAL,NYJ,Jalen Brooks,00-0038640,WR,rec_yds,17.933,0.0,0.0,10.731,26.44,48.66
2025_05_DAL_NYJ,DAL,NYJ,Jalen Brooks,00-0038640,WR,anytime_td,0.115,0.0,0.0,0.0,0.0,1.0
2025_05_DEN_PHI,PHI,DEN,Jalen Hurts,00-0036389,QB,att,26.858,18.0,23.0,27.0,32.0,36.0
2025_05_DEN_PHI,PHI,DEN,Jalen Hurts,00-0036389,QB,cmp,17.913,11.0,15.0,18.0,22.0,25.0
2025_05_DEN_PHI,PHI,DEN,Jalen Hurts,00-0036389,QB,pass_yds,199.536,116.029,154.291,197.942,243.457,289.636
2025_05_DEN_PHI,PHI,DEN,Jalen Hurts,00-0036389,QB,pass_td,1.307,0.0,1.0,1.0,2.0,3.0
2025_05_DEN_PHI,PHI,DEN,Jalen Hurts,00-0036389,QB,ints,0.48,0.0,0.0,0.0,1.0,1.0
2025_05_DEN_PHI,PHI,DEN,Jalen Hurts,00-0036389,QB,car,7.665,3.0,5.0,7.0,10.0,13.0
2025_05_DEN_PHI,PHI,DEN,Jalen Hurts,00-0036389,QB,rush_yds,36.904,7.158,17.381,32.423,51.281,71.832
2025_05_DEN_PHI,PHI,DEN,Jalen Hurts,00-0036389,QB,tgt,0.0,0.0,0.0,0.0,0.0,0.0
2025_05_DEN_PHI,PHI,DEN,Jalen Hurts,00-0036389,QB,rec,0.0,0.0,0.0,0.0,0.0,0.0
2025_05_DEN_PHI,PHI,DEN,Jalen Hurts,00-0036389,QB,rec_yds,0.002,0.0,0.0,0.0,0.0,0.0
2025_05_DEN_PHI,PHI,DEN,Jalen Hurts,00-0036389,QB,anytime_td,0.455,0.0,0.0,0.0,1.0,1.0
2025_05_DEN_PHI,PHI,DEN,DeVonta Smith,00-0036912,WR,car,0.028,0.0,0.0,0.0,0.0,0.0
2025_05_DEN_PHI,PHI,DEN,DeVonta Smith,00-0036912,WR,rush_yds,0.162,0.0,0.0,0.0,0.0,0.0
2025_05_DEN_PHI,PHI,DEN,DeVonta Smith,00-0036912,WR,tgt,5.273,2.0,3.0,5.0,7.0,9.0
2025_05_DEN_PHI,PHI,DEN,DeVonta Smith,00-0036912,WR,rec,3.799,1.0,2.0,4.0,5.0,7.0
2025_05_DEN_PHI,PHI,DEN,DeVonta Smith,00-0036912,WR,rec_yds,46.578,9.088,21.822,40.784,64.963,91.841
2025_05_DEN_PHI,PHI,DEN,DeVonta Smith,00-0036912,WR,anytime_td,0.266,0.0,0.0,0.0,1.0,1.0
2025_05_DEN_PHI,PHI,DEN,A.J. Brown,00-0035676,WR,car,0.012,0.0,0.0,0.0,0.0,0.0
2025_05_DEN_PHI,PHI,DEN,A.J. Brown,00-0035676,WR,rush_yds,0.063,0.0,0.0,0.0,0.0,0.0
2025_05_DEN_PHI,PHI,DEN,A.J. Brown,00-0035676,WR,tgt,7.313,3.0,5.0,7.0,9.0,12.0
2025_05_DEN_PHI,PHI,DEN,A.J. Brown,00-0035676,WR,rec,4.288,1.0,3.0,4.0,6.0,8.0
2025_05_DEN_PHI,PHI,DEN,A.J. Brown,00-0035676,WR,rec_yds,55.68,12.925,27.659,49.15,76.855,107.672
2025_05_DEN_PHI,PHI,DEN,A.J. Brown,00-0035676,WR,anytime_td,0.297,0.0,0.0,0.0,1.0,1.0
2025_05_DEN_PHI,PHI,DEN,Dallas Goedert,00-0034351,TE,car,0.084,0.0,0.0,0.0,0.0,0.0
2025_05_DEN_PHI,PHI,DEN,Dallas Goedert,00-0034351,TE,rush_yds,0.188,0.0,0.0,0.0,0.0,0.0
2025_05_DEN_PHI,PHI,DEN,Dallas Goedert,00-0034351,TE,tgt,4.258,1.0,2.0,4.0,6.0,8.0
2025_05_DEN_PHI,PHI,DEN,Dallas Goedert,00-0034351,TE,rec,3.269,1.0,2.0,3.0,4.0,6.0
2025_05_DEN_PHI,PHI,DEN,Dallas Goedert,00-0034351,TE,rec_yds,35.478,5.326,14.678,29.788,50.42,72.928
2025_05_DEN_PHI,PHI,DEN,Dallas Goedert,00-0034351,TE,anytime_td,0.359,0.0,0.0,0.0,1.0,1.0
2025_05_DEN_PHI,PHI,DEN,Jahan Dotson,00-0037741,WR,car,0.011,0.0,0.0,0.0,0.0,0.0
2025_05_DEN_PHI,PHI,DEN,Jahan Dotson,00-0037741,WR,rush_yds,0.072,0.0,0.0,0.0,0.0,0.0
2025_05_DEN_PHI,PHI,DEN,Jahan Dotson,00-0037741,WR,tgt,1.879,0.0,1.0,2.0,3.0,4.0
2025_05_DEN_PHI,PHI,DEN,Jahan Dotson,00-0037741,WR,rec,1.19,0.0,0.0,1.0,2.0,3.0
2025_05_DEN_PHI,PHI,DEN,Jahan Dotson,00-0037741,WR,rec_yds,15.57,0.0,0.0,8.6,23.819,42.921
2025_05_DEN_PHI,PHI,DEN,Jahan Dotson,00-0037741,WR,anytime_td,0.053,0.0,0.0,0.0,0.0,0.0
2025_05_DEN_PHI,PHI,DEN,Saquon Barkley,00-0034844,RB,car,16.417,8.0,12.0,16.0,20.0,25.0
2025_05_DEN_PHI,PHI,DEN,Saquon Barkley,00-0034844,RB,rush_yds,71.156,26.78,41.812,63.786,93.151,125.983
2025_05_DEN_PHI,PHI,DEN,Saquon Barkley,00-0034844,RB,tgt,3.499,1.0,2.0,3.0,5.0,7.0
2025_05_DEN_PHI,PHI,DEN,Saquon Barkley,00-0034844,RB,rec,2.845,1.0,1.0,3.0,4.0,6.0
2025_05_DEN_PHI,PHI,DEN,Saquon Barkley,00-0034844,RB,rec_yds,20.077,0.0,6.158,15.496,28.878,45.057
2025_05_DEN_PHI,PHI,DEN,Saquon Barkley,00-0034844,RB,anytime_td,0.428,0.0,0.0,0.0,1.0,1.0
2025_05_DEN_PHI,PHI,DEN,Kylen Granson,00-0036876,TE,car,0.007,0.0,0.0,0.0,0.0,0.0
2025_05_DEN_PHI,PHI,DEN,Kylen Granson,00-0036876,TE,rush_yds,0.02,0.0,0.0,0.0,0.0,0.0
2025_05_DEN_PHI,PHI,DEN,Kylen Granson,00-0036876,TE,tgt,0.952,0.0,0.0,1.0,1.0,3.0
2025_05_DEN_PHI,PHI,DEN,Kylen Granson,00-0036876,TE,rec,0.679,0.0,0.0,0.0,1.0,2.0
2025_05_DEN_PHI,PHI,DEN,Kylen Granson,00-0036876,TE,rec_yds,7.065,0.0,0.0,0.0,10.456,23.133
2025_05_DEN_PHI,PHI,DEN,Kylen Granson,00-0036876,TE,anytime_td,0.023,0.0,0.0,0.0,0.0,0.0
2025_05_DEN_PHI,PHI,DEN,AJ Dillon,00-0036265,RB,car,4.116,0.0,1.0,3.0,6.0,9.0
2025_05_DEN_PHI,PHI,DEN,AJ Dillon,00-0036265,RB,rush_yds,18.73,0.0,3.121,12.271,27.186,47.183
2025_05_DEN_PHI,PHI,DEN,AJ Dillon,00-0036265,RB,tgt,0.466,0.0,0.0,0.0,1.0,2.0
2025_05_DEN_PHI,PHI,DEN,AJ Dillon,00-0036265,RB,rec,0.362,0.0,0.0,0.0,1.0,1.0
2025_05_DEN_PHI,PHI,DEN,AJ Dillon,00-0036265,RB,rec_yds,2.874,0.0,0.0,0.0,0.0,10.562
2025_05_DEN_PHI,PHI,DEN,AJ Dillon,00-0036265,RB,anytime_td,0.09,0.0,0.0,0.0,0.0,0.0
2025_05_DEN_PHI,PHI,DEN,Will Shipley,00-0039746,RB,car,2.193,0.0,0.0,1.0,3.0,6.0
2025_05_DEN_PHI,PHI,DEN,Will Shipley,00-0039746,RB,rush_yds,10.406,0.0,0.0,3.882,14.175,29.605
2025_05_DEN_PHI,PHI,DEN,Will Shipley,00-0039746,RB,tgt,0.576,0.0,0.0,0.0,1.0,2.0
2025_05_DEN_PHI,PHI,DEN,Will Shipley,00-0039746,RB,rec,0.439,0.0,0.0,0.0,1.0,1.0
2025_05_DEN_PHI,PHI,DEN,Will Shipley,00-0039746,RB,rec_yds,3.385,0.0,0.0,0.0,2.997,11.972
2025_05_DEN_PHI,PHI,DEN,Will Shipley,00-0039746,RB,anytime_td,0.07,0.0,0.0,0.0,0.0,0.0
2025_05_DEN_PHI,PHI,DEN,Grant Calcaterra,00-0037086,TE,car,0.006,0.0,0.0,0.0,0.0,0.0
2025_05_DEN_PHI,PHI,DEN,Grant Calcaterra,00-0037086,TE,rush_yds,0.012,0.0,0.0,0.0,0.0,0.0
2025_05_DEN_PHI,PHI,DEN,Grant Calcaterra,00-0037086,TE,tgt,1.128,0.0,0.0,1.0,2.0,3.0
2025_05_DEN_PHI,PHI,DEN,Grant Calcaterra,00-0037086,TE,rec,0.784,0.0,0.0,0.0,1.0,2.0
2025_05_DEN_PHI,PHI,DEN,Grant Calcaterra,00-0037086,TE,rec_yds,8.737,0.0,0.0,0.0,13.289,27.349
2025_05_DEN_PHI,PHI,DEN,Grant Calcaterra,00-0037086,TE,anytime_td,0.03,0.0,0.0,0.0,0.0,0.0
2025_05_DEN_PHI,PHI,DEN,John Metchie III,00-0037614,WR,car,0.013,0.0,0.0,0.0,0.0,0.0
2025_05_DEN_PHI,PHI,DEN,John Metchie III,00-0037614,WR,rush_yds,0.081,0.0,0.0,0.0,0.0,0.0
2025_05_DEN_PHI,PHI,DEN,John Metchie III,00-0037614,WR,tgt,1.824,0.0,1.0,1.0,3.0,4.0
2025_05_DEN_PHI,PHI,DEN,John Metchie III,00-0037614,WR,rec,1.218,0.0,0.0,1.0,2.0,3.0
2025_05_DEN_PHI,PHI,DEN,John Metchie III,00-0037614,WR,rec_yds,14.898,0.0,0.0,8.644,21.767,40.832
2025_05_DEN_PHI,PHI,DEN,John Metchie III,00-0037614,WR,anytime_td,0.05,0.0,0.0,0.0,0.0,0.0
2025_05_DEN_PHI,DEN,PHI,Bo Nix,00-0039732,QB,att,31.587,22.0,27.0,32.0,37.0,42.0
2025_05_DEN_PHI,DEN,PHI,Bo Nix,00-0039732,QB,cmp,20.141,13.0,17.0,20.0,24.0,28.0
2025_05_DEN_PHI,DEN,PHI,Bo Nix,00-0039732,QB,pass_yds,212.753,125.932,165.855,211.105,260.164,309.626
2025_05_DEN_PHI,DEN,PHI,Bo Nix,00-0039732,QB,pass_td,1.29,0.0,0.0,1.0,2.0,3.0
2025_05_DEN_PHI,DEN,PHI,Bo Nix,00-0039732,QB,ints,0.757,0.0,0.0,1.0,1.0,2.0
2025_05_DEN_PHI,DEN,PHI,Bo Nix,00-0039732,QB,car,4.673,1.0,2.0,4.0,6.0,9.0
2025_05_DEN_PHI,DEN,PHI,Bo Nix,00-0039732,QB,rush_yds,22.903,1.41,8.974,19.173,32.928,48.895
2025_05_DEN_PHI,DEN,PHI,Bo Nix,00-0039732,QB,tgt,0.001,0.0,0.0,0.0,0.0,0.0
2025_05_DEN_PHI,DEN,PHI,Bo Nix,00-0039732,QB,rec,0.001,0.0,0.0,0.0,0.0,0.0
2025_05_DEN_PHI,DEN,PHI,Bo Nix,00-0039732,QB,rec_yds,0.003,0.0,0.0,0.0,0.0,0.0
2025_05_DEN_PHI,DEN,PHI,Bo Nix,00-0039732,QB,anytime_td,0.189,0.0,0.0,0.0,0.0,1.0
2025_05_DEN_PHI,DEN,PHI,Courtland Sutton,00-0034348,WR,car,0.007,0.0,0.0,0.0,0.0,0.0
2025_05_DEN_PHI,DEN,PHI,Courtland Sutton,00-0034348,WR,rush_yds,0.029,0.0,0.0,0.0,0.0,0.0
2025_05_DEN_PHI,DEN,PHI,Courtland Sutton,00-0034348,WR,tgt,6.839,3.0,4.0,6.0,9.0,11.0
2025_05_DEN_PHI,DEN,PHI,Courtland Sutton,00-0034348,WR,rec,4.254,1.0,3.0,4.0,6.0,7.0
2025_05_DEN_PHI,DEN,PHI,Courtland Sutton,00-0034348,WR,rec_yds,56.732,12.909,28.203,49.728,78.347,109.525
2025_05_DEN_PHI,DEN,PHI,Courtland Sutton,00-0034348,WR,anytime_td,0.324,0.0,0.0,0.0,1.0,1.0
2025_05_DEN_PHI,DEN,PHI,Troy Franklin,00-0039868,WR,car,0.161,0.0,0.0,0.0,0.0,0.0
2025_05_DEN_PHI,DEN,PHI,Troy Franklin,00-0039868,WR,rush_yds,0.812,0.0,0.0,0.0,0.0,0.0
2025_05_DEN_PHI,DEN,PHI,Troy Franklin,00-0039868,WR,tgt,5.442,2.0,3.0,5.0,7.0,9.0
2025_05_DEN_PHI,DEN,PHI,Troy Franklin,00-0039868,WR,rec,3.363,1.0,2.0,3.0,5.0,6.0
2025_05_DEN_PHI,DEN,PHI,Troy Franklin,00-0039868,WR,rec_yds,40.55,6.001,16.574,33.662,57.092,84.664
2025_05_DEN_PHI,DEN,PHI,Troy Franklin,00-0039868,WR,anytime_td,0.192,0.0,0.0,0.0,0.0,1.0
2025_05_DEN_PHI,DEN,PHI,Pat Bryant,00-0040134,WR,car,0.014,0.0,0.0,0.0,0.0,0.0
2025_05_DEN_PHI,DEN,PHI,Pat Bryant,00-0040134,WR,rush_yds,0.095,0.0,0.0,0.0,0.0,0.0
2025_05_DEN_PHI,DEN,PHI,Pat Bryant,00-0040134,WR,tgt,1.127,0.0,0.0,1.0,2.0,3.0
2025_05_DEN_PHI,DEN,PHI,Pat Bryant,00-0040134,WR,rec,0.664,0.0,0.0,0.0,1.0,2.0
2025_05_DEN_PHI,DEN,PHI,Pat Bryant,00-0040134,WR,rec_yds,8.211,0.0,0.0,0.0,12.005,26.834
2025_05_DEN_PHI,DEN,PHI,Pat Bryant,00-0040134,WR,anytime_td,0.029,0.0,0.0,0.0,0.0,0.0
2025_05_DEN_PHI,DEN,PHI,J.K. Dobbins,00-0036158,RB,car,12.642,6.0,8.0,12.0,16.0,20.0
2025_05_DEN_PHI,DEN,PHI,J.K. Dobbins,00-0036158,RB,rush_yds,55.582,17.172,29.604,49.197,73.711,102.68
2025_05_DEN_PHI,DEN,PHI,J.K. Dobbins,00-0036158,RB,tgt,1.789,0.0,1.0,1.0,3.0,4.0
2025_05_DEN_PHI,DEN,PHI,J.K. Dobbins,00-0036158,RB,rec,1.326,0.0,0.0,1.0,2.0,3.0
2025_05_DEN_PHI,DEN,PHI,J.K. Dobbins,00-0036158,RB,rec_yds,8.994,0.0,0.0,4.65,13.365,25.032
2025_05_DEN_PHI,DEN,PHI,J.K. Dobbins,00-0036158,RB,anytime_td,0.326,0.0,0.0,0.0,1.0,1.0
2025_05_DEN_PHI,DEN,PHI,Adam Trautman,00-0036422,TE,car,0.003,0.0,0.0,0.0,0.0,0.0
2025_05_DEN_PHI,DEN,PHI,Adam Trautman,00-0036422,TE,rush_yds,0.008,0.0,0.0,0.0,0.0,0.0
2025_05_DEN_PHI,DEN,PHI,Adam Trautman,00-0036422,TE,tgt,1.645,0.0,0.0,1.0,2.0,4.0
2025_05_DEN_PHI,DEN,PHI,Adam Trautman,00-0036422,TE,rec,1.163,0.0,0.0,1.0,2.0,3.0
2025_05_DEN_PHI,DEN,PHI,Adam Trautman,00-0036422,TE,rec_yds,11.507,0.0,0.0,6.094,17.629,32.268
2025_05_DEN_PHI,DEN,PHI,Adam Trautman,00-0036422,TE,anytime_td,0.101,0.0,0.0,0.0,0.0,1.0
2025_05_DEN_PHI,DEN,PHI,Evan Engram,00-0033881,TE,car,0.002,0.0,0.0,0.0,0.0,0.0
2025_05_DEN_PHI,DEN,PHI,Evan Engram,00-0033881,TE,rush_yds,0.003,0.0,0.0,0.0,0.0,0.0
2025_05_DEN_PHI,DEN,PHI,Evan Engram,00-0033881,TE,tgt,4.728,1.0,3.0,4.0,6.0,8.0
2025_05_DEN_PHI,DEN,PHI,Evan Engram,00-0033881,TE,rec,3.195,1.0,2.0,3.0,4.0,6.0
2025_05_DEN_PHI,DEN,PHI,Evan Engram,00-0033881,TE,rec_yds,30.088,3.528,12.241,25.278,42.781,62.847
2025_05_DEN_PHI,DEN,PHI,Evan Engram,00-0033881,TE,anytime_td,0.092,0.0,0.0,0.0,0.0,0.0
2025_05_DEN_PHI,DEN,PHI,Marvin Mims Jr.,00-0038976,WR,car,0.503,0.0,0.0,0.0,0.0,2.0
2025_05_DEN_PHI,DEN,PHI,Marvin Mims Jr.,00-0038976,WR,rush_yds,2.705,0.0,0.0,0.0,0.0,8.908
2025_05_DEN_PHI,DEN,PHI,Marvin Mims Jr.,00-0038976,WR,tgt,4.048,1.0,2.0,4.0,6.0,8.0
2025_05_DEN_PHI,DEN,PHI,Marvin Mims Jr.,00-0038976,WR,rec,2.637,0.0,1.0,2.0,4.0,5.0
2025_05_DEN_PHI,DEN,PHI,Marvin Mims Jr.,00-0038976,WR,rec_yds,31.189,0.0,9.891,24.335,46.341,69.234
2025_05_DEN_PHI,DEN,PHI,Marvin Mims Jr.,00-0038976,WR,anytime_td,0.228,0.0,0.0,0.0,0.0,1.0
2025_05_DEN_PHI,DEN,PHI,Nate Adkins,00-0038783,TE,car,0.004,0.0,0.0,0.0,0.0,0.0
2025_05_DEN_PHI,DEN,PHI,Nate Adkins,00-0038783,TE,rush_yds,0.006,0.0,0.0,0.0,0.0,0.0
2025_05_DEN_PHI,DEN,PHI,Nate Adkins,00-0038783,TE,tgt,1.269,0.0,0.0,1.0,2.0,3.0
2025_05_DEN_PHI,DEN,PHI,Nate Adkins,00-0038783,TE,rec,0.89,0.0,0.0,1.0,1.0,2.0
2025_05_DEN_PHI,DEN,PHI,Nate Adkins,00-0038783,TE,rec_yds,8.689,0.0,0.0,1.806,13.407,26.271
2025_05_DEN_PHI,DEN,PHI,Nate Adkins,00-0038783,TE,anytime_td,0.053,0.0,0.0,0.0,0.0,0.0
2025_05_DEN_PHI,DEN,PHI,Tyler Badie,00-0037085,RB,car,1.059,0.0,0.0,0.0,1.0,3.0
2025_05_DEN_PHI,DEN,PHI,Tyler Badie,00-0037085,RB,rush_yds,4.175,0.0,0.0,0.0,4.197,13.592
2025_05_DEN_PHI,DEN,PHI,Tyler Badie,00-0037085,RB,tgt,1.873,0.0,1.0,1.0,3.0,4.0
2025_05_DEN_PHI,DEN,PHI,Tyler Badie,00-0037085,RB,rec,1.352,0.0,0.0,1.0,2.0,3.0
2025_05_DEN_PHI,DEN,PHI,Tyler Badie,00-0037085,RB,rec_yds,9.817,0.0,0.0,5.187,14.429,27.238
2025_05_DEN_PHI,DEN,PHI,Tyler Badie,00-0037085,RB,anytime_td,0.052,0.0,0.0,0.0,0.0,0.0
2025_05_DEN_PHI,DEN,PHI,Trent Sherfield,00-0034487,WR,car,0.01,0.0,0.0,0.0,0.0,0.0
2025_05_DEN_PHI,DEN,PHI,Trent Sherfield,00-0034487,WR,rush_yds,0.058,0.0,0.0,0.0,0.0,0.0
2025_05_DEN_PHI,DEN,PHI,Trent Sherfield,00-0034487,WR,tgt,0.639,0.0,0.0,0.0,1.0,2.0
2025_05_DEN_PHI,DEN,PHI,Trent Sherfield,00-0034487,WR,rec,0.404,0.0,0.0,0.0,1.0,1.0
2025_05_DEN_PHI,DEN,PHI,Trent Sherfield,00-0034487,WR,rec_yds,4.642,0.0,0.0,0.0,4.532,16.57
2025_05_DEN_PHI,DEN,PHI,Trent Sherfield,00-0034487,WR,anytime_td,0.007,0.0,0.0,0.0,0.0,0.0
2025_05_DEN_PHI,DEN,PHI,RJ Harvey,00-0040730,RB,car,6.45,2.0,3.0,6.0,9.0,13.0
2025_05_DEN_PHI,DEN,PHI,RJ Harvey,00-0040730,RB,rush_yds,26.081,3.103,9.21,20.145,36.905,57.113
2025_05_DEN_PHI,DEN,PHI,RJ Harvey,00-0040730,RB,tgt,2.609,0.0,1.0,2.0,4.0,5.0
2025_05_DEN_PHI,DEN,PHI,RJ Harvey,00-0040730,RB,rec,2.015,0.0,1.0,2.0,3.0,4.0
2025_05_DEN_PHI,DEN,PHI,RJ Harvey,00-0040730,RB,rec_yds,15.053,0.0,1.901,10.386,22.173,37.126
2025_05_DEN_PHI,DEN,PHI,RJ Harvey,00-0040730,RB,anytime_td,0.235,0.0,0.0,0.0,0.0,1.0
2025_05_DEN_PHI,DEN,PHI,Adam Prentice,00-0036727,RB,car,0.519,0.0,0.0,0.0,0.0,2.0
2025_05_DEN_PHI,DEN,PHI,Adam Prentice,00-0036727,RB,rush_yds,2.011,0.0,0.0,0.0,0.0,6.208
2025_05_DEN_PHI,DEN,PHI,Adam Prentice,00-0036727,RB,tgt,0.279,0.0,0.0,0.0,0.0,1.0
2025_05_DEN_PHI,DEN,PHI,Adam Prentice,00-0036727,RB,rec,0.21,0.0,0.0,0.0,0.0,1.0
2025_05_DEN_PHI,DEN,PHI,Adam Prentice,00-0036727,RB,rec_yds,1.478,0.0,0.0,0.0,0.0,5.161
2025_05_DEN_PHI,DEN,PHI,Adam Prentice,00-0036727,RB,anytime_td,0.007,0.0,0.0,0.0,0.0,0.0
2025_05_DET_CIN,CIN,DET,Jake Browning,00-0035100,QB,att,33.38,23.0,29.0,34.0,39.0,45.0
2025_05_DET_CIN,CIN,DET,Jake Browning,00-0035100,QB,cmp,21.332,14.0,18.0,22.0,26.0,29.0
2025_05_DET_CIN,CIN,DET,Jake Browning,00-0035100,QB,pass_yds,218.477,128.742,174.573,218.459,266.17,314.171
2025_05_DET_CIN,CIN,DET,Jake Browning,00-0035100,QB,pass_td,1.28,0.0,0.0,1.0,2.0,3.0
2025_05_DET_CIN,CIN,DET,Jake Browning,00-0035100,QB,ints,0.891,0.0,0.0,1.0,1.0,2.0
2025_05_DET_CIN,CIN,DET,Jake Browning,00-0035100,QB,car,2.425,0.0,1.0,2.0,3.0,5.0
2025_05_DET_CIN,CIN,DET,Jake Browning,00-0035100,QB,rush_yds,11.22,-0.027,0.0,6.814,16.643,29.769
2025_05_DET_CIN,CIN,DET,Jake Browning,00-0035100,QB,tgt,0.001,0.0,0.0,0.0,0.0,0.0
2025_05_DET_CIN,CIN,DET,Jake Browning,00-0035100,QB,rec,0.001,0.0,0.0,0.0,0.0,0.0
2025_05_DET_CIN,CIN,DET,Jake Browning,00-0035100,QB,rec_yds,0.005,0.0,0.0,0.0,0.0,0.0
2025_05_DET_CIN,CIN,DET,Jake Browning,00-0035100,QB,anytime_td,0.159,0.0,0.0,0.0,0.0,1.0
2025_05_DET_CIN,CIN,DET,Tee Higgins,00-0036410,WR,car,0.012,0.0,0.0,0.0,0.0,0.0
2025_05_DET_CIN,CIN,DET,Tee Higgins,00-0036410,WR,rush_yds,0.067,0.0,0.0,0.0,0.0,0.0
2025_05_DET_CIN,CIN,DET,Tee Higgins,00-0036410,WR,tgt,6.062,2.0,4.0,6.0,8.0,10.0
2025_05_DET_CIN,CIN,DET,Tee Higgins,00-0036410,WR,rec,3.584,1.0,2.0,3.0,5.0,7.0
2025_05_DET_CIN,CIN,DET,Tee Higgins,00-0036410,WR,rec_yds,44.229,6.863,19.008,37.564,62.876,89.781
2025_05_DET_CIN,CIN,DET,Tee Higgins,00-0036410,WR,anytime_td,0.248,0.0,0.0,0.0,0.0,1.0
2025_05_DET_CIN,CIN,DET,Ja'Marr Chase,00-0036900,WR,car,0.281,0.0,0.0,0.0,0.0,1.0
2025_05_DET_CIN,CIN,DET,Ja'Marr Chase,00-0036900,WR,rush_yds,1.511,0.0,0.0,0.0,0.0,2.113
2025_05_DET_CIN,CIN,DET,Ja'Marr Chase,00-0036900,WR,tgt,9.272,5.0,7.0,9.0,12.0,14.0
2025_05_DET_CIN,CIN,DET,Ja'Marr Chase,00-0036900,WR,rec,6.127,3.0,4.0,6.0,8.0,10.0
2025_05_DET_CIN,CIN,DET,Ja'Marr Chase,00-0036900,WR,rec_yds,69.348,23.12,40.904,63.984,92.6,122.665
2025_05_DET_CIN,CIN,DET,Ja'Marr Chase,00-0036900,WR,anytime_td,0.288,0.0,0.0,0.0,1.0,1.0
2025_05_DET_CIN,CIN,DET,Andrei Iosivas,00-0038619,WR,car,0.253,0.0,0.0,0.0,0.0,1.0
2025_05_DET_CIN,CIN,DET,Andrei Iosivas,00-0038619,WR,rush_yds,1.405,0.0,0.0,0.0,0.0,0.951
2025_05_DET_CIN,CIN,DET,Andrei Iosivas,00-0038619,WR,tgt,2.198,0.0,1.0,2.0,3.0,5.0
2025_05_DET_CIN,CIN,DET,Andrei Iosivas,00-0038619,WR,rec,1.275,0.0,0.0,1.0,2.0,3.0
2025_05_DET_CIN,CIN,DET,Andrei Iosivas,00-0038619,WR,rec_yds,15.816,0.0,0.0,8.974,24.181,42.573
2025_05_DET_CIN,CIN,DET,Andrei Iosivas,00-0038619,WR,anytime_td,0.084,0.0,0.0,0.0,0.0,0.0
2025_05_DET_CIN,CIN,DET,Chase Brown,00-0038597,RB,car,15.798,8.0,11.0,15.0,20.0,24.0
2025_05_DET_CIN,CIN,DET,Chase Brown,00-0038597,RB,rush_yds,58.438,22.219,34.416,52.923,76.204,102.279
2025_05_DET_CIN,CIN,DET,Chase Brown,00-0038597,RB,tgt,3.566,1.0,2.0,3.0,5.0,7.0
2025_05_DET_CIN,CIN,DET,Chase Brown,00-0038597,RB,rec,2.729,0.0,1.0,2.0,4.0,5.0
2025_05_DET_CIN,CIN,DET,Chase Brown,00-0038597,RB,rec_yds,18.87,0.0,5.223,14.264,27.099,43.995
2025_05_DET_CIN,CIN,DET,Chase Brown,00-0038597,RB,anytime_td,0.363,0.0,0.0,0.0,1.0,1.0
2025_05_DET_CIN,CIN,DET,Mike Gesicki,00-0034829,TE,car,0.004,0.0,0.0,0.0,0.0,0.0
2025_05_DET_CIN,CIN,DET,Mike Gesicki,00-0034829,TE,rush_yds,0.012,0.0,0.0,0.0,0.0,0.0
2025_05_DET_CIN,CIN,DET,Mike Gesicki,00-0034829,TE,tgt,3.538,1.0,2.0,3.0,5.0,7.0
2025_05_DET_CIN,CIN,DET,Mike Gesicki,00-0034829,TE,rec,2.378,0.0,1.0,2.0,3.0,5.0
2025_05_DET_CIN,CIN,DET,Mike Gesicki,00-0034829,TE,rec_yds,22.685,0.0,6.701,17.569,33.345,50.923
2025_05_DET_CIN,CIN,DET,Mike Gesicki,00-0034829,TE,anytime_td,0.072,0.0,0.0,0.0,0.0,0.0
2025_05_DET_CIN,CIN,DET,Samaje Perine,00-0033526,RB,car,1.677,0.0,0.0,1.0,2.0,5.0
2025_05_DET_CIN,CIN,DET,Samaje Perine,00-0033526,RB,rush_yds,7.102,0.0,0.0,1.969,9.706,20.973
2025_05_DET_CIN,CIN,DET,Samaje Perine,00-0033526,RB,tgt,1.035,0.0,0.0,1.0,2.0,3.0
2025_05_DET_CIN,CIN,DET,Samaje Perine,00-0033526,RB,rec,0.767,0.0,0.0,0.0,1.0,2.0
2025_05_DET_CIN,CIN,DET,Samaje Perine,00-0033526,RB,rec_yds,5.494,0.0,0.0,0.0,7.741,17.281
2025_05_DET_CIN,CIN,DET,Samaje Perine,00-0033526,RB,anytime_td,0.047,0.0,0.0,0.0,0.0,0.0
2025_05_DET_CIN,CIN,DET,Drew Sample,00-0035631,TE,car,0.019,0.0,0.0,0.0,0.0,0.0
2025_05_DET_CIN,CIN,DET,Drew Sample,00-0035631,TE,rush_yds,0.045,0.0,0.0,0.0,0.0,0.0
2025_05_DET_CIN,CIN,DET,Drew Sample,00-0035631,TE,tgt,1.47,0.0,0.0,1.0,2.0,4.0
2025_05_DET_CIN,CIN,DET,Drew Sample,00-0035631,TE,rec,1.0,0.0,0.0,1.0,2.0,3.0
2025_05_DET_CIN,CIN,DET,Drew Sample,00-0035631,TE,rec_yds,9.428,0.0,0.0,4.052,14.079,27.395
2025_05_DET_CIN,CIN,DET,Drew Sample,00-0035631,TE,anytime_td,0.096,0.0,0.0,0.0,0.0,0.0
2025_05_DET_CIN,CIN,DET,Noah Fant,00-0035644,TE,car,0.003,0.0,0.0,0.0,0.0,0.0
2025_05_DET_CIN,CIN,DET,Noah Fant,00-0035644,TE,rush_yds,0.007,0.0,0.0,0.0,0.0,0.0
2025_05_DET_CIN,CIN,DET,Noah Fant,00-0035644,TE,tgt,4.564,1.0,3.0,4.0,6.0,8.0
2025_05_DET_CIN,CIN,DET,Noah Fant,00-0035644,TE,rec,3.306,1.0,2.0,3.0,5.0,6.0
2025_05_DET_CIN,CIN,DET,Noah Fant,00-0035644,TE,rec_yds,30.106,4.004,12.284,25.107,42.612,62.544
2025_05_DET_CIN,CIN,DET,Noah Fant,00-0035644,TE,anytime_td,0.17,0.0,0.0,0.0,0.0,1.0
2025_05_DET_CIN,CIN,DET,Mitchell Tinsley,00-0038839,WR,car,0.013,0.0,0.0,0.0,0.0,0.0
2025_05_DET_CIN,CIN,DET,Mitchell Tinsley,00-0038839,WR,rush_yds,0.081,0.0,0.0,0.0,0.0,0.0
2025_05_DET_CIN,CIN,DET,Mitchell Tinsley,00-0038839,WR,tgt,1.29,0.0,0.0,1.0,2.0,3.0
2025_05_DET_CIN,CIN,DET,Mitchell Tinsley,00-0038839,WR,rec,0.75,0.0,0.0,0.0,1.0,2.0
2025_05_DET_CIN,CIN,DET,Mitchell Tinsley,00-0038839,WR,rec_yds,9.159,0.0,0.0,0.0,13.155,28.916
2025_05_DET_CIN,CIN,DET,Mitchell Tinsley,00-0038839,WR,anytime_td,0.1,0.0,0.0,0.0,0.0,0.0
2025_05_DET_CIN,CIN,DET,Tanner Hudson,00-0034613,TE,car,0.057,0.0,0.0,0.0,0.0,0.0
2025_05_DET_CIN,CIN,DET,Tanner Hudson,00-0034613,TE,rush_yds,0.126,0.0,0.0,0.0,0.0,0.0
2025_05_DET_CIN,CIN,DET,Tanner Hudson,00-0034613,TE,tgt,1.406,0.0,0.0,1.0,2.0,4.0
2025_05_DET_CIN,CIN,DET,Tanner Hudson,00-0034613,TE,rec,0.988,0.0,0.0,1.0,2.0,3.0
2025_05_DET_CIN,CIN,DET,Tanner Hudson,00-0034613,TE,rec_yds,9.488,0.0,0.0,3.594,14.834,27.554
2025_05_DET_CIN,CIN,DET,Tanner Hudson,00-0034613,TE,anytime_td,0.045,0.0,0.0,0.0,0.0,0.0
2025_05_DET_CIN,DET,CIN,Jared Goff,00-0033106,QB,att,30.456,20.0,26.0,31.0,36.0,41.0
2025_05_DET_CIN,DET,CIN,Jared Goff,00-0033106,QB,cmp,21.532,14.0,18.0,22.0,26.0,30.0
2025_05_DET_CIN,DET,CIN,Jared Goff,00-0033106,QB,pass_yds,248.743,147.337,196.127,248.466,305.158,357.672
2025_05_DET_CIN,DET,CIN,Jared Goff,00-0033106,QB,pass_td,1.846,0.0,1.0,2.0,3.0,3.0
2025_05_DET_CIN,DET,CIN,Jared Goff,00-0033106,QB,ints,0.605,0.0,0.0,0.0,1.0,2.0
2025_05_DET_CIN,DET,CIN,Jared Goff,00-0033106,QB,car,2.444,0.0,1.0,2.0,3.0,5.0
2025_05_DET_CIN,DET,CIN,Jared Goff,00-0033106,QB,rush_yds,6.724,-2.0,-1.0,1.909,10.678,22.267
2025_05_DET_CIN,DET,CIN,Jared Goff,00-0033106,QB,tgt,0.001,0.0,0.0,0.0,0.0,0.0
2025_05_DET_CIN,DET,CIN,Jared Goff,00-0033106,QB,rec,0.001,0.0,0.0,0.0,0.0,0.0
2025_05_DET_CIN,DET,CIN,Jared Goff,00-0033106,QB,rec_yds,0.013,0.0,0.0,0.0,0.0,0.0
2025_05_DET_CIN,DET,CIN,Jared Goff,00-0033106,QB,anytime_td,0.025,0.0,0.0,0.0,0.0,0.0
2025_05_DET_CIN,DET,CIN,Sam LaPorta,00-0039065,TE,car,0.003,0.0,0.0,0.0,0.0,0.0
2025_05_DET_CIN,DET,CIN,Sam LaPorta,00-0039065,TE,rush_yds,0.008,0.0,0.0,0.0,0.0,0.0
2025_05_DET_CIN,DET,CIN,Sam LaPorta,00-0039065,TE,tgt,5.824,2.0,4.0,5.0,8.0,10.0
2025_05_DET_CIN,DET,CIN,Sam LaPorta,00-0039065,TE,rec,4.394,1.0,3.0,4.0,6.0,8.0
2025_05_DET_CIN,DET,CIN,Sam LaPorta,00-0039065,TE,rec_yds,49.414,10.929,24.417,44.008,68.449,95.09
2025_05_DET_CIN,DET,CIN,Sam LaPorta,00-0039065,TE,anytime_td,0.222,0.0,0.0,0.0,0.0,1.0
2025_05_DET_CIN,DET,CIN,Jameson Williams,00-0037240,WR,car,0.607,0.0,0.0,0.0,0.0,2.0
2025_05_DET_CIN,DET,CIN,Jameson Williams,00-0037240,WR,rush_yds,3.697,0.0,0.0,0.0,0.0,11.753
2025_05_DET_CIN,DET,CIN,Jameson Williams,00-0037240,WR,tgt,5.465,2.0,3.0,5.0,7.0,10.0
2025_05_DET_CIN,DET,CIN,Jameson Williams,00-0037240,WR,rec,3.318,1.0,2.0,3.0,5.0,6.0
2025_05_DET_CIN,DET,CIN,Jameson Williams,00-0037240,WR,rec_yds,50.973,7.407,21.334,42.891,72.644,105.172
2025_05_DET_CIN,DET,CIN,Jameson Williams,00-0037240,WR,anytime_td,0.254,0.0,0.0,0.0,1.0,1.0
2025_05_DET_CIN,DET,CIN,Amon-Ra St. Brown,00-0036963,WR,car,0.355,0.0,0.0,0.0,0.0,1.0
2025_05_DET_CIN,DET,CIN,Amon-Ra St. Brown,00-0036963,WR,rush_yds,2.014,0.0,0.0,0.0,0.0,4.685
2025_05_DET_CIN,DET,CIN,Amon-Ra St. Brown,00-0036963,WR,tgt,8.259,4.0,6.0,8.0,10.0,13.0
2025_05_DET_CIN,DET,CIN,Amon-Ra St. Brown,00-0036963,WR,rec,6.32,3.0,4.0,6.0,8.0,10.0
2025_05_DET_CIN,DET,CIN,Amon-Ra St. Brown,00-0036963,WR,rec_yds,82.196,27.993,47.452,74.987,110.125,144.29
2025_05_DET_CIN,DET,CIN,Amon-Ra St. Brown,00-0036963,WR,anytime_td,0.603,0.0,0.0,1.0,1.0,1.0
2025_05_DET_CIN,DET,CIN,Brock Wright,00-0036754,TE,car,0.004,0.0,0.0,0.0,0.0,0.0
2025_05_DET_CIN,DET,CIN,Brock Wright,00-0036754,TE,rush_yds,0.006,0.0,0.0,0.0,0.0,0.0
2025_05_DET_CIN,DET,CIN,Brock Wright,00-0036754,TE,tgt,0.773,0.0,0.0,0.0,1.0,2.0
2025_05_DET_CIN,DET,CIN,Brock Wright,00-0036754,TE,rec,0.588,0.0,0.0,0.0,1.0,2.0
2025_05_DET_CIN,DET,CIN,Brock Wright,00-0036754,TE,rec_yds,6.245,0.0,0.0,0.0,8.47,21.219
2025_05_DET_CIN,DET,CIN,Brock Wright,00-0036754,TE,anytime_td,0.103,0.0,0.0,0.0,0.0,1.0
2025_05_DET_CIN,DET,CIN,David Montgomery,00-0035685,RB,car,11.282,4.0,7.0,11.0,15.0,19.0
2025_05_DET_CIN,DET,CIN,David Montgomery,00-0035685,RB,rush_yds,55.306,13.32,27.098,48.215,75.614,107.219
2025_05_DET_CIN,DET,CIN,David Montgomery,00-0035685,RB,tgt,1.938,0.0,1.0,2.0,3.0,4.0
2025_05_DET_CIN,DET,CIN,David Montgomery,00-0035685,RB,rec,1.586,0.0,0.0,1.0,2.0,4.0
2025_05_DET_CIN,DET,CIN,David Montgomery,00-0035685,RB,rec_yds,12.711,0.0,0.0,7.567,18.726,33.546
2025_05_DET_CIN,DET,CIN,David Montgomery,00-0035685,RB,anytime_td,0.464,0.0,0.0,0.0,1.0,1.0
2025_05_DET_CIN,DET,CIN,Jahmyr Gibbs,00-0039139,RB,car,15.18,7.0,10.0,15.0,19.0,24.0
2025_05_DET_CIN,DET,CIN,Jahmyr Gibbs,00-0039139,RB,rush_yds,75.031,26.373,43.094,67.517,98.07,134.721
2025_05_DET_CIN,DET,CIN,Jahmyr Gibbs,00-0039139,RB,tgt,4.971,2.0,3.0,5.0,7.0,9.0
2025_05_DET_CIN,DET,CIN,Jahmyr Gibbs,00-0039139,RB,rec,4.211,1.0,2.0,4.0,6.0,8.0
2025_05_DET_CIN,DET,CIN,Jahmyr Gibbs,00-0039139,RB,rec_yds,30.329,4.71,12.543,25.527,42.576,62.007
2025_05_DET_CIN,DET,CIN,Jahmyr Gibbs,00-0039139,RB,anytime_td,0.624,0.0,0.0,1.0,1.0,1.0
2025_05_DET_CIN,DET,CIN,Isaac TeSlaa,00-0040669,WR,car,0.018,0.0,0.0,0.0,0.0,0.0
2025_05_DET_CIN,DET,CIN,Isaac TeSlaa,00-0040669,WR,rush_yds,0.095,0.0,0.0,0.0,0.0,0.0
2025_05_DET_CIN,DET,CIN,Isaac TeSlaa,00-0040669,WR,tgt,1.209,0.0,0.0,1.0,2.0,3.0
2025_05_DET_CIN,DET,CIN,Isaac TeSlaa,00-0040669,WR,rec,0.775,0.0,0.0,0.0,1.0,2.0
2025_05_DET_CIN,DET,CIN,Isaac TeSlaa,00-0040669,WR,rec_yds,10.842,0.0,0.0,0.0,15.436,33.054
2025_05_DET_CIN,DET,CIN,Isaac TeSlaa,00-0040669,WR,anytime_td,0.108,0.0,0.0,0.0,0.0,1.0
2025_05_DET_CIN,DET,CIN,Kalif Raymond,00-0032464,WR,car,0.211,0.0,0.0,0.0,0.0,0.0
2025_05_DET_CIN,DET,CIN,Kalif Raymond,00-0032464,WR,rush_yds,1.202,0.0,0.0,0.0,0.0,0.0
2025_05_DET_CIN,DET,CIN,Kalif Raymond,00-0032464,WR,tgt,2.291,0.0,1.0,2.0,3.0,5.0
2025_05_DET_CIN,DET,CIN,Kalif Raymond,00-0032464,WR,rec,1.531,0.0,0.0,1.0,2.0,4.0
2025_05_DET_CIN,DET,CIN,Kalif Raymond,00-0032464,WR,rec_yds,19.327,0.0,0.0,12.356,29.353,49.592
2025_05_DET_CIN,DET,CIN,Kalif Raymond,00-0032464,WR,anytime_td,0.092,0.0,0.0,0.0,0.0,0.0
2025_05_HOU_BAL,BAL,HOU,Cooper Rush,00-0033662,QB,att,29.572,19.0,25.0,30.0,35.0,40.0
2025_05_HOU_BAL,BAL,HOU,Cooper Rush,00-0033662,QB,cmp,18.942,12.0,16.0,19.0,23.0,26.0
2025_05_HOU_BAL,BAL,HOU,Cooper Rush,00-0033662,QB,pass_yds,186.649,106.747,144.853,186.516,230.778,272.715
2025_05_HOU_BAL,BAL,HOU,Cooper Rush,00-0033662,QB,pass_td,1.183,0.0,0.0,1.0,2.0,3.0
2025_05_HOU_BAL,BAL,HOU,Cooper Rush,00-0033662,QB,ints,0.661,0.0,0.0,0.0,1.0,2.0
2025_05_HOU_BAL,BAL,HOU,Cooper Rush,00-0033662,QB,car,2.358,0.0,1.0,2.0,3.0,5.0
2025_05_HOU_BAL,BAL,HOU,Cooper Rush,00-0033662,QB,rush_yds,9.425,-1.0,0.0,5.523,15.066,25.636
2025_05_HOU_BAL,BAL,HOU,Cooper Rush,00-0033662,QB,tgt,0.001,0.0,0.0,0.0,0.0,0.0
2025_05_HOU_BAL,BAL,HOU,Cooper Rush,00-0033662,QB,rec,0.0,0.0,0.0,0.0,0.0,0.0
2025_05_HOU_BAL,BAL,HOU,Cooper Rush,00-0033662,QB,rec_yds,0.001,0.0,0.0,0.0,0.0,0.0
2025_05_HOU_BAL,BAL,HOU,Cooper Rush,00-0033662,QB,anytime_td,0.024,0.0,0.0,0.0,0.0,0.0
2025_05_HOU_BAL,BAL,HOU,Zay Flowers,00-0039064,WR,car,0.607,0.0,0.0,0.0,1.0,2.0
2025_05_HOU_BAL,BAL,HOU,Zay Flowers,00-0039064,WR,rush_yds,3.106,0.0,0.0,0.0,0.0,10.505
2025_05_HOU_BAL,BAL,HOU,Zay Flowers,00-0039064,WR,tgt,7.31,3.0,5.0,7.0,9.0,12.0
2025_05_HOU_BAL,BAL,HOU,Zay Flowers,00-0039064,WR,rec,4.686,2.0,3.0,4.0,6.0,8.0
2025_05_HOU_BAL,BAL,HOU,Zay Flowers,00-0039064,WR,rec_yds,54.069,12.837,28.189,47.738,73.863,102.219
2025_05_HOU_BAL,BAL,HOU,Zay Flowers,00-0039064,WR,anytime_td,0.141,0.0,0.0,0.0,0.0,1.0
2025_05_HOU_BAL,BAL,HOU,Rashod Bateman,00-0036550,WR,car,0.011,0.0,0.0,0.0,0.0,0.0
2025_05_HOU_BAL,BAL,HOU,Rashod Bateman,00-0036550,WR,rush_yds,0.062,0.0,0.0,0.0,0.0,0.0
2025_05_HOU_BAL,BAL,HOU,Rashod Bateman,00-0036550,WR,tgt,4.4,1.0,3.0,4.0,6.0,8.0
2025_05_HOU_BAL,BAL,HOU,Rashod Bateman,00-0036550,WR,rec,2.619,1.0,1.0,2.0,4.0,5.0
2025_05_HOU_BAL,BAL,HOU,Rashod Bateman,00-0036550,WR,rec_yds,30.456,0.0,10.296,24.482,44.344,65.052
2025_05_HOU_BAL,BAL,HOU,Rashod Bateman,00-0036550,WR,anytime_td,0.188,0.0,0.0,0.0,0.0,1.0
2025_05_HOU_BAL,BAL,HOU,Derrick Henry,00-0032764,RB,car,14.949,7.0,10.0,14.0,19.0,23.0
2025_05_HOU_BAL,BAL,HOU,Derrick Henry,00-0032764,RB,rush_yds,67.065,23.404,39.032,60.549,88.529,119.062
2025_05_HOU_BAL,BAL,HOU,Derrick Henry,00-0032764,RB,tgt,1.421,0.0,0.0,1.0,2.0,3.0
2025_05_HOU_BAL,BAL,HOU,Derrick Henry,00-0032764,RB,rec,1.054,0.0,0.0,1.0,2.0,3.0
2025_05_HOU_BAL,BAL,HOU,Derrick Henry,00-0032764,RB,rec_yds,7.257,0.0,0.0,1.992,10.659,21.622
2025_05_HOU_BAL,BAL,HOU,Derrick Henry,00-0032764,RB,anytime_td,0.378,0.0,0.0,0.0,1.0,1.0
2025_05_HOU_BAL,BAL,HOU,Mark Andrews,00-0034753,TE,car,0.421,0.0,0.0,0.0,0.0,1.0
2025_05_HOU_BAL,BAL,HOU,Mark Andrews,00-0034753,TE,rush_yds,0.876,0.0,0.0,0.0,0.0,2.716
2025_05_HOU_BAL,BAL,HOU,Mark Andrews,00-0034753,TE,tgt,4.947,2.0,3.0,5.0,7.0,9.0
2025_05_HOU_BAL,BAL,HOU,Mark Andrews,00-0034753,TE,rec,3.548,1.0,2.0,3.0,5.0,6.0
2025_05_HOU_BAL,BAL,HOU,Mark Andrews,00-0034753,TE,rec_yds,31.944,4.954,13.511,27.481,45.103,64.565
2025_05_HOU_BAL,BAL,HOU,Mark Andrews,00-0034753,TE,anytime_td,0.229,0.0,0.0,0.0,0.0,1.0
2025_05_HOU_BAL,BAL,HOU,Isaiah Likely,00-0037838,TE,car,0.003,0.0,0.0,0.0,0.0,0.0
2025_05_HOU_BAL,BAL,HOU,Isaiah Likely,00-0037838,TE,rush_yds,0.005,0.0,0.0,0.0,0.0,0.0
2025_05_HOU_BAL,BAL,HOU,Isaiah Likely,00-0037838,TE,tgt,2.58,0.0,1.0,2.0,4.0,5.0
2025_05_HOU_BAL,BAL,HOU,Isaiah Likely,00-0037838,TE,rec,1.772,0.0,1.0,1.0,3.0,4.0
2025_05_HOU_BAL,BAL,HOU,Isaiah Likely,00-0037838,TE,rec_yds,17.243,0.0,2.407,12.571,25.788,41.716
2025_05_HOU_BAL,BAL,HOU,Isaiah Likely,00-0037838,TE,anytime_td,0.154,0.0,0.0,0.0,0.0,1.0
2025_05_HOU_BAL,BAL,HOU,Charlie Kolar,00-0038046,TE,car,0.008,0.0,0.0,0.0,0.0,0.0
2025_05_HOU_BAL,BAL,HOU,Charlie Kolar,00-0038046,TE,rush_yds,0.011,0.0,0.0,0.0,0.0,0.0
2025_05_HOU_BAL,BAL,HOU,Charlie Kolar,00-0038046,TE,tgt,0.793,0.0,0.0,0.0,1.0,2.0
2025_05_HOU_BAL,BAL,HOU,Charlie Kolar,00-0038046,TE,rec,0.537,0.0,0.0,0.0,1.0,2.0
2025_05_HOU_BAL,BAL,HOU,Charlie Kolar,00-0038046,TE,rec_yds,4.931,0.0,0.0,0.0,6.702,16.906
2025_05_HOU_BAL,BAL,HOU,Charlie Kolar,00-0038046,TE,anytime_td,0.015,0.0,0.0,0.0,0.0,0.0
2025_05_HOU_BAL,BAL,HOU,Justice Hill,00-0034975,RB,car,2.937,0.0,1.0,2.0,4.0,7.0
2025_05_HOU_BAL,BAL,HOU,Justice Hill,00-0034975,RB,rush_yds,12.974,0.0,0.0,7.174,18.377,34.37
2025_05_HOU_BAL,BAL,HOU,Justice Hill,00-0034975,RB,tgt,3.761,1.0,2.0,3.0,5.0,7.0
2025_05_HOU_BAL,BAL,HOU,Justice Hill,00-0034975,RB,rec,2.823,0.0,1.0,2.0,4.0,6.0
2025_05_HOU_BAL,BAL,HOU,Justice Hill,00-0034975,RB,rec_yds,19.523,0.0,5.632,14.708,28.483,44.271
2025_05_HOU_BAL,BAL,HOU,Justice Hill,00-0034975,RB,anytime_td,0.245,0.0,0.0,0.0,0.0,1.0
2025_05_HOU_BAL,BAL,HOU,DeAndre Hopkins,00-0030564,WR,car,0.013,0.0,0.0,0.0,0.0,0.0
2025_05_HOU_BAL,BAL,HOU,DeAndre Hopkins,00-0030564,WR,rush_yds,0.044,0.0,0.0,0.0,0.0,0.0
2025_05_HOU_BAL,BAL,HOU,DeAndre Hopkins,00-0030564,WR,tgt,2.463,0.0,1.0,2.0,4.0,5.0
2025_05_HOU_BAL,BAL,HOU,DeAndre Hopkins,00-0030564,WR,rec,1.499,0.0,0.0,1.0,2.0,3.0
2025_05_HOU_BAL,BAL,HOU,DeAndre Hopkins,00-0030564,WR,rec_yds,17.648,0.0,0.0,11.665,26.883,45.108
2025_05_HOU_BAL,BAL,HOU,DeAndre Hopkins,00-0030564,WR,anytime_td,0.159,0.0,0.0,0.0,0.0,1.0
2025_05_HOU_BAL,BAL,HOU,Keaton Mitchell,00-0038454,RB,car,4.214,0.0,1.0,3.0,6.0,9.0
2025_05_HOU_BAL,BAL,HOU,Keaton Mitchell,00-0038454,RB,rush_yds,16.193,0.0,2.746,10.863,23.702,39.214
2025_05_HOU_BAL,BAL,HOU,Keaton Mitchell,00-0038454,RB,tgt,0.633,0.0,0.0,0.0,1.0,2.0
2025_05_HOU_BAL,BAL,HOU,Keaton Mitchell,00-0038454,RB,rec,0.47,0.0,0.0,0.0,1.0,2.0
2025_05_HOU_BAL,BAL,HOU,Keaton Mitchell,00-0038454,RB,rec_yds,3.107,0.0,0.0,0.0,2.928,11.057
2025_05_HOU_BAL,BAL,HOU,Keaton Mitchell,00-0038454,RB,anytime_td,0.102,0.0,0.0,0.0,0.0,1.0
2025_05_HOU_BAL,BAL,HOU,Tylan Wallace,00-0036630,WR,car,0.012,0.0,0.0,0.0,0.0,0.0
2025_05_HOU_BAL,BAL,HOU,Tylan Wallace,00-0036630,WR,rush_yds,0.065,0.0,0.0,0.0,0.0,0.0
2025_05_HOU_BAL,BAL,HOU,Tylan Wallace,00-0036630,WR,tgt,1.398,0.0,0.0,1.0,2.0,3.0
2025_05_HOU_BAL,BAL,HOU,Tylan Wallace,00-0036630,WR,rec,0.846,0.0,0.0,1.0,1.0,2.0
2025_05_HOU_BAL,BAL,HOU,Tylan Wallace,00-0036630,WR,rec_yds,9.503,0.0,0.0,1.74,13.769,29.334
2025_05_HOU_BAL,BAL,HOU,Tylan Wallace,00-0036630,WR,anytime_td,0.07,0.0,0.0,0.0,0.0,0.0
2025_05_HOU_BAL,HOU,BAL,C.J. Stroud,00-0039163,QB,att,29.339,20.0,25.0,30.0,35.0,39.1
2025_05_HOU_BAL,HOU,BAL,C.J. Stroud,00-0039163,QB,cmp,19.262,12.0,16.0,19.0,23.0,27.0
2025_05_HOU_BAL,HOU,BAL,C.J. Stroud,00-0039163,QB,pass_yds,209.422,121.432,163.015,207.577,257.485,304.979
2025_05_HOU_BAL,HOU,BAL,C.J. Stroud,00-0039163,QB,pass_td,1.402,0.0,1.0,1.0,2.0,3.0
2025_05_HOU_BAL,HOU,BAL,C.J. Stroud,00-0039163,QB,ints,0.57,0.0,0.0,0.0,1.0,2.0
2025_05_HOU_BAL,HOU,BAL,C.J. Stroud,00-0039163,QB,car,3.813,1.0,2.0,3.0,5.0,7.0
2025_05_HOU_BAL,HOU,BAL,C.J. Stroud,00-0039163,QB,rush_yds,19.142,0.0,5.942,15.836,28.593,42.567
2025_05_HOU_BAL,HOU,BAL,C.J. Stroud,00-0039163,QB,tgt,0.0,0.0,0.0,0.0,0.0,0.0
2025_05_HOU_BAL,HOU,BAL,C.J. Stroud,00-0039163,QB,rec,0.0,0.0,0.0,0.0,0.0,0.0
2025_05_HOU_BAL,HOU,BAL,C.J. Stroud,00-0039163,QB,rec_yds,0.006,0.0,0.0,0.0,0.0,0.0
2025_05_HOU_BAL,HOU,BAL,C.J. Stroud,00-0039163,QB,anytime_td,0.022,0.0,0.0,0.0,0.0,0.0
2025_05_HOU_BAL,HOU,BAL,Xavier Hutchinson,00-0038618,WR,car,0.125,0.0,0.0,0.0,0.0,0.0
2025_05_HOU_BAL,HOU,BAL,Xavier Hutchinson,00-0038618,WR,rush_yds,0.816,0.0,0.0,0.0,0.0,0.0
2025_05_HOU_BAL,HOU,BAL,Xavier Hutchinson,00-0038618,WR,tgt,2.658,0.0,1.0,2.0,4.0,5.0
2025_05_HOU_BAL,HOU,BAL,Xavier Hutchinson,00-0038618,WR,rec,1.786,0.0,1.0,1.0,3.0,4.0
2025_05_HOU_BAL,HOU,BAL,Xavier Hutchinson,00-0038618,WR,rec_yds,21.623,0.0,2.101,14.948,32.838,54.138
2025_05_HOU_BAL,HOU,BAL,Xavier Hutchinson,00-0038618,WR,anytime_td,0.065,0.0,0.0,0.0,0.0,0.0
2025_05_HOU_BAL,HOU,BAL,Dalton Schultz,00-0034383,TE,car,0.001,0.0,0.0,0.0,0.0,0.0
2025_05_HOU_BAL,HOU,BAL,Dalton Schultz,00-0034383,TE,rush_yds,0.003,0.0,0.0,0.0,0.0,0.0
2025_05_HOU_BAL,HOU,BAL,Dalton Schultz,00-0034383,TE,tgt,4.942,2.0,3.0,5.0,7.0,9.0
2025_05_HOU_BAL,HOU,BAL,Dalton Schultz,00-0034383,TE,rec,3.627,1.0,2.0,3.0,5.0,7.0
2025_05_HOU_BAL,HOU,BAL,Dalton Schultz,00-0034383,TE,rec_yds,34.488,5.8,14.853,29.974,48.42,69.098
2025_05_HOU_BAL,HOU,BAL,Dalton Schultz,00-0034383,TE,anytime_td,0.149,0.0,0.0,0.0,0.0,1.0
2025_05_HOU_BAL,HOU,BAL,Nico Collins,00-0036554,WR,car,0.013,0.0,0.0,0.0,0.0,0.0
2025_05_HOU_BAL,HOU,BAL,Nico Collins,00-0036554,WR,rush_yds,0.087,0.0,0.0,0.0,0.0,0.0
2025_05_HOU_BAL,HOU,BAL,Nico Collins,00-0036554,WR,tgt,7.616,4.0,5.0,7.0,10.0,12.0
2025_05_HOU_BAL,HOU,BAL,Nico Collins,00-0036554,WR,rec,4.889,2.0,3.0,5.0,6.0,8.0
2025_05_HOU_BAL,HOU,BAL,Nico Collins,00-0036554,WR,rec_yds,65.436,17.64,34.596,59.222,88.906,122.149
2025_05_HOU_BAL,HOU,BAL,Nico Collins,00-0036554,WR,anytime_td,0.414,0.0,0.0,0.0,1.0,1.0
2025_05_HOU_BAL,HOU,BAL,Jayden Higgins,00-0040130,WR,car,0.017,0.0,0.0,0.0,0.0,0.0
2025_05_HOU_BAL,HOU,BAL,Jayden Higgins,00-0040130,WR,rush_yds,0.103,0.0,0.0,0.0,0.0,0.0
2025_05_HOU_BAL,HOU,BAL,Jayden Higgins,00-0040130,WR,tgt,1.565,0.0,0.0,1.0,2.0,4.0
2025_05_HOU_BAL,HOU,BAL,Jayden Higgins,00-0040130,WR,rec,1.033,0.0,0.0,1.0,2.0,3.0
2025_05_HOU_BAL,HOU,BAL,Jayden Higgins,00-0040130,WR,rec_yds,13.537,0.0,0.0,6.04,20.754,39.46
2025_05_HOU_BAL,HOU,BAL,Jayden Higgins,00-0040130,WR,anytime_td,0.155,0.0,0.0,0.0,0.0,1.0
2025_05_HOU_BAL,HOU,BAL,Christian Kirk,00-0034775,WR,car,0.013,0.0,0.0,0.0,0.0,0.0
2025_05_HOU_BAL,HOU,BAL,Christian Kirk,00-0034775,WR,rush_yds,0.066,0.0,0.0,0.0,0.0,0.0
2025_05_HOU_BAL,HOU,BAL,Christian Kirk,00-0034775,WR,tgt,5.258,2.0,3.0,5.0,7.0,9.0
2025_05_HOU_BAL,HOU,BAL,Christian Kirk,00-0034775,WR,rec,3.179,1.0,2.0,3.0,4.0,6.0
2025_05_HOU_BAL,HOU,BAL,Christian Kirk,00-0034775,WR,rec_yds,37.947,4.886,15.326,31.465,54.132,78.301
2025_05_HOU_BAL,HOU,BAL,Christian Kirk,00-0034775,WR,anytime_td,0.142,0.0,0.0,0.0,0.0,1.0
2025_05_HOU_BAL,HOU,BAL,Woody Marks,00-0040583,RB,car,7.076,2.0,4.0,6.0,10.0,13.0
2025_05_HOU_BAL,HOU,BAL,Woody Marks,00-0040583,RB,rush_yds,29.495,3.86,11.102,23.656,41.58,62.588
2025_05_HOU_BAL,HOU,BAL,Woody Marks,00-0040583,RB,tgt,2.282,0.0,1.0,2.0,3.0,5.0
2025_05_HOU_BAL,HOU,BAL,Woody Marks,00-0040583,RB,rec,1.78,0.0,1.0,1.0,3.0,4.0
2025_05_HOU_BAL,HOU,BAL,Woody Marks,00-0040583,RB,rec_yds,14.77,0.0,0.0,9.327,22.169,37.609
2025_05_HOU_BAL,HOU,BAL,Woody Marks,00-0040583,RB,anytime_td,0.403,0.0,0.0,0.0,1.0,1.0
2025_05_HOU_BAL,HOU,BAL,Nick Chubb,00-0034791,RB,car,10.539,4.0,7.0,10.0,14.0,18.0
2025_05_HOU_BAL,HOU,BAL,Nick Chubb,00-0034791,RB,rush_yds,44.216,10.778,21.724,38.07,60.023,86.893
2025_05_HOU_BAL,HOU,BAL,Nick Chubb,00-0034791,RB,tgt,1.99,0.0,1.0,2.0,3.0,4.0
2025_05_HOU_BAL,HOU,BAL,Nick Chubb,00-0034791,RB,rec,1.567,0.0,0.0,1.0,2.0,4.0
2025_05_HOU_BAL,HOU,BAL,Nick Chubb,00-0034791,RB,rec_yds,11.06,0.0,0.0,6.66,16.418,29.676
2025_05_HOU_BAL,HOU,BAL,Nick Chubb,00-0034791,RB,anytime_td,0.345,0.0,0.0,0.0,1.0,1.0
2025_05_HOU_BAL,HOU,BAL,Jaylin Noel,00-0040138,WR,car,0.249,0.0,0.0,0.0,0.0,1.0
2025_05_HOU_BAL,HOU,BAL,Jaylin Noel,00-0040138,WR,rush_yds,1.467,0.0,0.0,0.0,0.0,0.949
2025_05_HOU_BAL,HOU,BAL,Jaylin Noel,00-0040138,WR,tgt,1.152,0.0,0.0,1.0,2.0,3.0
2025_05_HOU_BAL,HOU,BAL,Jaylin Noel,00-0040138,WR,rec,0.751,0.0,0.0,0.0,1.0,2.0
2025_05_HOU_BAL,HOU,BAL,Jaylin Noel,00-0040138,WR,rec_yds,8.863,0.0,0.0,0.0,13.17,27.809
2025_05_HOU_BAL,HOU,BAL,Jaylin Noel,00-0040138,WR,anytime_td,0.035,0.0,0.0,0.0,0.0,0.0
2025_05_HOU_BAL,HOU,BAL,Harrison Bryant,00-0036232,TE,car,0.003,0.0,0.0,0.0,0.0,0.0
2025_05_HOU_BAL,HOU,BAL,Harrison Bryant,00-0036232,TE,rush_yds,0.004,0.0,0.0,0.0,0.0,0.0
2025_05_HOU_BAL,HOU,BAL,Harrison Bryant,00-0036232,TE,tgt,0.508,0.0,0.0,0.0,1.0,2.0
2025_05_HOU_BAL,HOU,BAL,Harrison Bryant,00-0036232,TE,rec,0.359,0.0,0.0,0.0,1.0,1.0
2025_05_HOU_BAL,HOU,BAL,Harrison Bryant,00-0036232,TE,rec_yds,3.704,0.0,0.0,0.0,0.0,13.953
2025_05_HOU_BAL,HOU,BAL,Harrison Bryant,00-0036232,TE,anytime_td,0.009,0.0,0.0,0.0,0.0,0.0
2025_05_HOU_BAL,HOU,BAL,Dameon Pierce,00-0037258,RB,car,3.797,0.0,1.0,3.0,6.0,9.0
2025_05_HOU_BAL,HOU,BAL,Dameon Pierce,00-0037258,RB,rush_yds,17.172,0.0,2.15,10.465,24.389,44.657
2025_05_HOU_BAL,HOU,BAL,Dameon Pierce,00-0037258,RB,tgt,0.742,0.0,0.0,0.0,1.0,2.0
2025_05_HOU_BAL,HOU,BAL,Dameon Pierce,00-0037258,RB,rec,0.555,0.0,0.0,0.0,1.0,2.0
2025_05_HOU_BAL,HOU,BAL,Dameon Pierce,00-0037258,RB,rec_yds,4.054,0.0,0.0,0.0,5.075,13.816
2025_05_HOU_BAL,HOU,BAL,Dameon Pierce,00-0037258,RB,anytime_td,0.154,0.0,0.0,0.0,0.0,1.0
2025_05_HOU_BAL,HOU,BAL,British Brooks,00-0039603,RB,car,0.686,0.0,0.0,0.0,1.0,2.0
2025_05_HOU_BAL,HOU,BAL,British Brooks,00-0039603,RB,rush_yds,2.913,0.0,0.0,0.0,1.044,9.75
2025_05_HOU_BAL,HOU,BAL,British Brooks,00-0039603,RB,tgt,0.171,0.0,0.0,0.0,0.0,1.0
2025_05_HOU_BAL,HOU,BAL,British Brooks,00-0039603,RB,rec,0.14,0.0,0.0,0.0,0.0,1.0
2025_05_HOU_BAL,HOU,BAL,British Brooks,00-0039603,RB,rec_yds,1.082,0.0,0.0,0.0,0.0,0.0
2025_05_HOU_BAL,HOU,BAL,British Brooks,00-0039603,RB,anytime_td,0.016,0.0,0.0,0.0,0.0,0.0
2025_05_HOU_BAL,HOU,BAL,Dare Ogunbowale,00-0033854,RB,car,0.979,0.0,0.0,0.0,1.0,3.0
2025_05_HOU_BAL,HOU,BAL,Dare Ogunbowale,00-0033854,RB,rush_yds,4.294,0.0,0.0,0.0,4.041,14.345
2025_05_HOU_BAL,HOU,BAL,Dare Ogunbowale,00-0033854,RB,tgt,0.932,0.0,0.0,1.0,1.0,3.0
2025_05_HOU_BAL,HOU,BAL,Dare Ogunbowale,00-0033854,RB,rec,0.737,0.0,0.0,0.0,1.0,2.0
2025_05_HOU_BAL,HOU,BAL,Dare Ogunbowale,00-0033854,RB,rec_yds,5.352,0.0,0.0,0.0,7.84,17.574
2025_05_HOU_BAL,HOU,BAL,Dare Ogunbowale,00-0033854,RB,anytime_td,0.049,0.0,0.0,0.0,0.0,0.0
2025_05_LV_IND,IND,LV,Daniel Jones,00-0035710,QB,att,30.215,20.0,25.0,31.0,36.0,41.0
2025_05_LV_IND,IND,LV,Daniel Jones,00-0035710,QB,cmp,20.528,13.0,17.0,21.0,25.0,28.0
2025_05_LV_IND,IND,LV,Daniel Jones,00-0035710,QB,pass_yds,236.354,137.493,187.737,236.526,290.014,342.019
2025_05_LV_IND,IND,LV,Daniel Jones,00-0035710,QB,pass_td,1.495,0.0,1.0,1.0,2.0,3.0
2025_05_LV_IND,IND,LV,Daniel Jones,00-0035710,QB,ints,0.589,0.0,0.0,0.0,1.0,2.0
2025_05_LV_IND,IND,LV,Daniel Jones,00-0035710,QB,car,4.55,1.0,2.0,4.0,6.0,9.0
2025_05_LV_IND,IND,LV,Daniel Jones,00-0035710,QB,rush_yds,17.477,-0.055,4.565,13.208,26.01,40.886
2025_05_LV_IND,IND,LV,Daniel Jones,00-0035710,QB,tgt,0.0,0.0,0.0,0.0,0.0,0.0
2025_05_LV_IND,IND,LV,Daniel Jones,00-0035710,QB,rec,0.0,0.0,0.0,0.0,0.0,0.0
2025_05_LV_IND,IND,LV,Daniel Jones,00-0035710,QB,rec_yds,0.002,0.0,0.0,0.0,0.0,0.0
2025_05_LV_IND,IND,LV,Daniel Jones,00-0035710,QB,anytime_td,0.324,0.0,0.0,0.0,1.0,1.0
2025_05_LV_IND,IND,LV,Michael Pittman,00-0036252,WR,car,0.006,0.0,0.0,0.0,0.0,0.0
2025_05_LV_IND,IND,LV,Michael Pittman,00-0036252,WR,rush_yds,0.026,0.0,0.0,0.0,0.0,0.0
2025_05_LV_IND,IND,LV,Michael Pittman,00-0036252,WR,tgt,7.267,3.0,5.0,7.0,9.0,12.0
2025_05_LV_IND,IND,LV,Michael Pittman,00-0036252,WR,rec,4.934,2.0,3.0,5.0,6.0,8.0
2025_05_LV_IND,IND,LV,Michael Pittman,00-0036252,WR,rec_yds,62.173,16.662,32.393,55.47,84.261,116.887
2025_05_LV_IND,IND,LV,Michael Pittman,00-0036252,WR,anytime_td,0.432,0.0,0.0,0.0,1.0,1.0
2025_05_LV_IND,IND,LV,Jonathan Taylor,00-0036223,RB,car,15.081,7.0,11.0,14.0,19.0,24.0
2025_05_LV_IND,IND,LV,Jonathan Taylor,00-0036223,RB,rush_yds,72.274,26.094,42.013,64.874,95.814,128.834
2025_05_LV_IND,IND,LV,Jonathan Taylor,00-0036223,RB,tgt,3.039,1.0,1.0,3.0,4.0,6.0
2025_05_LV_IND,IND,LV,Jonathan Taylor,00-0036223,RB,rec,2.47,0.0,1.0,2.0,4.0,5.0
2025_05_LV_IND,IND,LV,Jonathan Taylor,00-0036223,RB,rec_yds,19.734,0.0,4.969,14.964,28.831,46.81
2025_05_LV_IND,IND,LV,Jonathan Taylor,00-0036223,RB,anytime_td,0.525,0.0,0.0,1.0,1.0,1.0
2025_05_LV_IND,IND,LV,Tyler Warren,00-0040128,TE,car,0.77,0.0,0.0,0.0,1.0,2.0
2025_05_LV_IND,IND,LV,Tyler Warren,00-0040128,TE,rush_yds,1.806,0.0,0.0,0.0,0.859,6.236
2025_05_LV_IND,IND,LV,Tyler Warren,00-0040128,TE,tgt,6.143,2.0,4.0,6.0,8.0,10.0
2025_05_LV_IND,IND,LV,Tyler Warren,00-0040128,TE,rec,4.449,1.0,3.0,4.0,6.0,8.0
2025_05_LV_IND,IND,LV,Tyler Warren,00-0040128,TE,rec_yds,53.939,12.107,26.083,48.498,74.186,104.131
2025_05_LV_IND,IND,LV,Tyler Warren,00-0040128,TE,anytime_td,0.239,0.0,0.0,0.0,0.0,1.0
2025_05_LV_IND,IND,LV,Mo Alie-Cox,00-0033217,TE,car,0.004,0.0,0.0,0.0,0.0,0.0
2025_05_LV_IND,IND,LV,Mo Alie-Cox,00-0033217,TE,rush_yds,0.006,0.0,0.0,0.0,0.0,0.0
2025_05_LV_IND,IND,LV,Mo Alie-Cox,00-0033217,TE,tgt,0.76,0.0,0.0,0.0,1.0,2.0
2025_05_LV_IND,IND,LV,Mo Alie-Cox,00-0033217,TE,rec,0.556,0.0,0.0,0.0,1.0,2.0
2025_05_LV_IND,IND,LV,Mo Alie-Cox,00-0033217,TE,rec_yds,6.196,0.0,0.0,0.0,8.365,20.822
2025_05_LV_IND,IND,LV,Mo Alie-Cox,00-0033217,TE,anytime_td,0.025,0.0,0.0,0.0,0.0,0.0
2025_05_LV_IND,IND,LV,Josh Downs,00-0038997,WR,car,0.013,0.0,0.0,0.0,0.0,0.0
2025_05_LV_IND,IND,LV,Josh Downs,00-0038997,WR,rush_yds,0.096,0.0,0.0,0.0,0.0,0.0
2025_05_LV_IND,IND,LV,Josh Downs,00-0038997,WR,tgt,5.532,2.0,3.0,5.0,7.0,10.0
2025_05_LV_IND,IND,LV,Josh Downs,00-0038997,WR,rec,3.748,1.0,2.0,3.0,5.0,7.0
2025_05_LV_IND,IND,LV,Josh Downs,00-0038997,WR,rec_yds,45.574,8.558,20.396,39.225,63.857,92.852
2025_05_LV_IND,IND,LV,Josh Downs,00-0038997,WR,anytime_td,0.183,0.0,0.0,0.0,0.0,1.0
2025_05_LV_IND,IND,LV,DJ Giddens,00-0040179,RB,car,2.297,0.0,0.0,1.0,3.0,6.0
2025_05_LV_IND,IND,LV,DJ Giddens,00-0040179,RB,rush_yds,9.821,0.0,0.0,3.82,13.243,28.252
2025_05_LV_IND,IND,LV,DJ Giddens,00-0040179,RB,tgt,0.32,0.0,0.0,0.0,0.0,1.0
2025_05_LV_IND,IND,LV,DJ Giddens,00-0040179,RB,rec,0.246,0.0,0.0,0.0,0.0,1.0
2025_05_LV_IND,IND,LV,DJ Giddens,00-0040179,RB,rec_yds,1.954,0.0,0.0,0.0,0.0,7.096
2025_05_LV_IND,IND,LV,DJ Giddens,00-0040179,RB,anytime_td,0.058,0.0,0.0,0.0,0.0,0.0
2025_05_LV_IND,IND,LV,Anthony Gould,00-0039816,WR,car,0.013,0.0,0.0,0.0,0.0,0.0
2025_05_LV_IND,IND,LV,Anthony Gould,00-0039816,WR,rush_yds,0.069,0.0,0.0,0.0,0.0,0.0
2025_05_LV_IND,IND,LV,Anthony Gould,00-0039816,WR,tgt,0.514,0.0,0.0,0.0,1.0,2.0
2025_05_LV_IND,IND,LV,Anthony Gould,00-0039816,WR,rec,0.336,0.0,0.0,0.0,0.0,1.0
2025_05_LV_IND,IND,LV,Anthony Gould,00-0039816,WR,rec_yds,4.578,0.0,0.0,0.0,0.0,17.259
2025_05_LV_IND,IND,LV,Anthony Gould,00-0039816,WR,anytime_td,0.015,0.0,0.0,0.0,0.0,0.0
2025_05_LV_IND,IND,LV,Adonai Mitchell,00-0039890,WR,car,0.055,0.0,0.0,0.0,0.0,0.0
2025_05_LV_IND,IND,LV,Adonai Mitchell,00-0039890,WR,rush_yds,0.32,0.0,0.0,0.0,0.0,0.0
2025_05_LV_IND,IND,LV,Adonai Mitchell,00-0039890,WR,tgt,3.021,1.0,1.0,3.0,4.0,6.0
2025_05_LV_IND,IND,LV,Adonai Mitchell,00-0039890,WR,rec,1.866,0.0,1.0,2.0,3.0,4.0
2025_05_LV_IND,IND,LV,Adonai Mitchell,00-0039890,WR,rec_yds,28.024,0.0,4.894,20.011,42.142,68.025
2025_05_LV_IND,IND,LV,Adonai Mitchell,00-0039890,WR,anytime_td,0.07,0.0,0.0,0.0,0.0,0.0
2025_05_LV_IND,IND,LV,Ameer Abdullah,00-0032104,RB,car,5.004,1.0,2.0,4.0,7.0,10.0
2025_05_LV_IND,IND,LV,Ameer Abdullah,00-0032104,RB,rush_yds,22.012,0.0,5.62,16.022,30.927,50.381
2025_05_LV_IND,IND,LV,Ameer Abdullah,00-0032104,RB,tgt,2.66,0.0,1.0,2.0,4.0,5.0
2025_05_LV_IND,IND,LV,Ameer Abdullah,00-0032104,RB,rec,2.149,0.0,1.0,2.0,3.0,5.0
2025_05_LV_IND,IND,LV,Ameer Abdullah,00-0032104,RB,rec_yds,16.628,0.0,2.658,11.434,24.736,40.582
2025_05_LV_IND,IND,LV,Ameer Abdullah,00-0032104,RB,anytime_td,0.385,0.0,0.0,0.0,1.0,1.0
2025_05_LV_IND,IND,LV,Will Mallory,00-0038394,TE,car,0.003,0.0,0.0,0.0,0.0,0.0
2025_05_LV_IND,IND,LV,Will Mallory,00-0038394,TE,rush_yds,0.007,0.0,0.0,0.0,0.0,0.0
2025_05_LV_IND,IND,LV,Will Mallory,00-0038394,TE,tgt,0.976,0.0,0.0,1.0,1.0,3.0
2025_05_LV_IND,IND,LV,Will Mallory,00-0038394,TE,rec,0.695,0.0,0.0,0.0,1.0,2.0
2025_05_LV_IND,IND,LV,Will Mallory,00-0038394,TE,rec_yds,7.609,0.0,0.0,0.0,11.236,24.5
2025_05_LV_IND,IND,LV,Will Mallory,00-0038394,TE,anytime_td,0.03,0.0,0.0,0.0,0.0,0.0
2025_05_LV_IND,LV,IND,Geno Smith,00-0030565,QB,att,31.261,21.0,27.0,32.0,37.0,42.0
2025_05_LV_IND,LV,IND,Geno Smith,00-0030565,QB,cmp,20.267,13.0,17.0,21.0,24.0,28.0
2025_05_LV_IND,LV,IND,Geno Smith,00-0030565,QB,pass_yds,217.37,128.052,170.479,216.724,265.275,315.348
2025_05_LV_IND,LV,IND,Geno Smith,00-0030565,QB,pass_td,1.248,0.0,0.0,1.0,2.0,3.0
2025_05_LV_IND,LV,IND,Geno Smith,00-0030565,QB,ints,0.841,0.0,0.0,1.0,1.0,2.0
2025_05_LV_IND,LV,IND,Geno Smith,00-0030565,QB,car,3.343,0.0,1.0,3.0,5.0,7.0
2025_05_LV_IND,LV,IND,Geno Smith,00-0030565,QB,rush_yds,15.374,0.0,2.811,10.746,23.2,37.437
2025_05_LV_IND,LV,IND,Geno Smith,00-0030565,QB,tgt,0.0,0.0,0.0,0.0,0.0,0.0
2025_05_LV_IND,LV,IND,Geno Smith,00-0030565,QB,rec,0.0,0.0,0.0,0.0,0.0,0.0
2025_05_LV_IND,LV,IND,Geno Smith,00-0030565,QB,rec_yds,0.003,0.0,0.0,0.0,0.0,0.0
2025_05_LV_IND,LV,IND,Geno Smith,00-0030565,QB,anytime_td,0.063,0.0,0.0,0.0,0.0,0.0
2025_05_LV_IND,LV,IND,Tre Tucker,00-0038563,WR,car,0.867,0.0,0.0,0.0,1.0,3.0
2025_05_LV_IND,LV,IND,Tre Tucker,00-0038563,WR,rush_yds,4.359,0.0,0.0,0.0,3.758,15.272
2025_05_LV_IND,LV,IND,Tre Tucker,00-0038563,WR,tgt,7.028,3.0,5.0,7.0,9.0,11.0
2025_05_LV_IND,LV,IND,Tre Tucker,00-0038563,WR,rec,4.659,2.0,3.0,4.0,6.0,8.0
2025_05_LV_IND,LV,IND,Tre Tucker,00-0038563,WR,rec_yds,56.99,13.708,28.526,50.669,78.123,108.981
2025_05_LV_IND,LV,IND,Tre Tucker,00-0038563,WR,anytime_td,0.384,0.0,0.0,0.0,1.0,1.0
2025_05_LV_IND,LV,IND,Jakobi Meyers,00-0034960,WR,car,0.032,0.0,0.0,0.0,0.0,0.0
2025_05_LV_IND,LV,IND,Jakobi Meyers,00-0034960,WR,rush_yds,0.193,0.0,0.0,0.0,0.0,0.0
2025_05_LV_IND,LV,IND,Jakobi Meyers,00-0034960,WR,tgt,11.029,6.0,8.0,11.0,14.0,16.0
2025_05_LV_IND,LV,IND,Jakobi Meyers,00-0034960,WR,rec,7.228,4.0,5.0,7.0,9.0,11.0
2025_05_LV_IND,LV,IND,Jakobi Meyers,00-0034960,WR,rec_yds,83.304,32.175,51.754,77.204,108.555,143.322
2025_05_LV_IND,LV,IND,Jakobi Meyers,00-0034960,WR,anytime_td,0.164,0.0,0.0,0.0,0.0,1.0
2025_05_LV_IND,LV,IND,Ashton Jeanty,00-0040122,RB,car,15.378,8.0,11.0,15.0,19.0,23.0
2025_05_LV_IND,LV,IND,Ashton Jeanty,00-0040122,RB,rush_yds,61.329,22.588,35.633,55.272,80.442,107.613
2025_05_LV_IND,LV,IND,Ashton Jeanty,00-0040122,RB,tgt,2.738,0.0,1.0,2.0,4.0,6.0
2025_05_LV_IND,LV,IND,Ashton Jeanty,00-0040122,RB,rec,2.238,0.0,1.0,2.0,3.0,5.0
2025_05_LV_IND,LV,IND,Ashton Jeanty,00-0040122,RB,rec_yds,13.841,0.0,2.454,9.588,20.021,33.959
2025_05_LV_IND,LV,IND,Ashton Jeanty,00-0040122,RB,anytime_td,0.559,0.0,0.0,1.0,1.0,1.0
2025_05_LV_IND,LV,IND,Jack Bech,00-0040729,WR,car,0.01,0.0,0.0,0.0,0.0,0.0
2025_05_LV_IND,LV,IND,Jack Bech,00-0040729,WR,rush_yds,0.038,0.0,0.0,0.0,0.0,0.0
2025_05_LV_IND,LV,IND,Jack Bech,00-0040729,WR,tgt,0.972,0.0,0.0,1.0,1.0,3.0
2025_05_LV_IND,LV,IND,Jack Bech,00-0040729,WR,rec,0.647,0.0,0.0,0.0,1.0,2.0
2025_05_LV_IND,LV,IND,Jack Bech,00-0040729,WR,rec_yds,7.698,0.0,0.0,0.0,10.781,24.693
2025_05_LV_IND,LV,IND,Jack Bech,00-0040729,WR,anytime_td,0.016,0.0,0.0,0.0,0.0,0.0
2025_05_LV_IND,LV,IND,Raheem Mostert,00-0031687,RB,car,4.636,1.0,2.0,4.0,7.0,10.0
2025_05_LV_IND,LV,IND,Raheem Mostert,00-0031687,RB,rush_yds,20.197,0.0,4.872,14.218,27.981,47.817
2025_05_LV_IND,LV,IND,Raheem Mostert,00-0031687,RB,tgt,2.055,0.0,1.0,2.0,3.0,4.0
2025_05_LV_IND,LV,IND,Raheem Mostert,00-0031687,RB,rec,1.669,0.0,0.0,1.0,2.0,4.0
2025_05_LV_IND,LV,IND,Raheem Mostert,00-0031687,RB,rec_yds,11.736,0.0,0.0,6.94,17.312,31.458
2025_05_LV_IND,LV,IND,Raheem Mostert,00-0031687,RB,anytime_td,0.147,0.0,0.0,0.0,0.0,1.0
2025_05_LV_IND,LV,IND,Dont'e Thornton Jr.,00-0040581,WR,car,0.018,0.0,0.0,0.0,0.0,0.0
2025_05_LV_IND,LV,IND,Dont'e Thornton Jr.,00-0040581,WR,rush_yds,0.104,0.0,0.0,0.0,0.0,0.0
2025_05_LV_IND,LV,IND,Dont'e Thornton Jr.,00-0040581,WR,tgt,4.841,2.0,3.0,5.0,6.0,8.0
2025_05_LV_IND,LV,IND,Dont'e Thornton Jr.,00-0040581,WR,rec,2.838,1.0,1.0,3.0,4.0,5.0
2025_05_LV_IND,LV,IND,Dont'e Thornton Jr.,00-0040581,WR,rec_yds,35.136,1.777,12.592,28.455,51.202,75.363
2025_05_LV_IND,LV,IND,Dont'e Thornton Jr.,00-0040581,WR,anytime_td,0.062,0.0,0.0,0.0,0.0,0.0
2025_05_LV_IND,LV,IND,Albert Okwuegbunam,00-0036423,TE,car,0.004,0.0,0.0,0.0,0.0,0.0
2025_05_LV_IND,LV,IND,Albert Okwuegbunam,00-0036423,TE,rush_yds,0.008,0.0,0.0,0.0,0.0,0.0
2025_05_LV_IND,LV,IND,Albert Okwuegbunam,00-0036423,TE,tgt,1.035,0.0,0.0,1.0,2.0,3.0
2025_05_LV_IND,LV,IND,Albert Okwuegbunam,00-0036423,TE,rec,0.746,0.0,0.0,0.0,1.0,2.0
2025_05_LV_IND,LV,IND,Albert Okwuegbunam,00-0036423,TE,rec_yds,7.218,0.0,0.0,0.0,10.491,23.197
2025_05_LV_IND,LV,IND,Albert Okwuegbunam,00-0036423,TE,anytime_td,0.032,0.0,0.0,0.0,0.0,0.0
2025_05_LV_IND,LV,IND,Alex Bachman,00-0035602,WR,car,0.016,0.0,0.0,0.0,0.0,0.0
2025_05_LV_IND,LV,IND,Alex Bachman,00-0035602,WR,rush_yds,0.073,0.0,0.0,0.0,0.0,0.0
2025_05_LV_IND,LV,IND,Alex Bachman,00-0035602,WR,tgt,0.709,0.0,0.0,0.0,1.0,2.0
2025_05_LV_IND,LV,IND,Alex Bachman,00-0035602,WR,rec,0.448,0.0,0.0,0.0,1.0,1.0
2025_05_LV_IND,LV,IND,Alex Bachman,00-0035602,WR,rec_yds,5.309,0.0,0.0,0.0,6.321,18.155
2025_05_LV_IND,LV,IND,Alex Bachman,00-0035602,WR,anytime_td,0.008,0.0,0.0,0.0,0.0,0.0
2025_05_LV_IND,LV,IND,Carter Runyon,00-0040488,TE,car,0.006,0.0,0.0,0.0,0.0,0.0
2025_05_LV_IND,LV,IND,Carter Runyon,00-0040488,TE,rush_yds,0.012,0.0,0.0,0.0,0.0,0.0
2025_05_LV_IND,LV,IND,Carter Runyon,00-0040488,TE,tgt,1.139,0.0,0.0,1.0,2.0,3.0
2025_05_LV_IND,LV,IND,Carter Runyon,00-0040488,TE,rec,0.841,0.0,0.0,0.0,1.0,2.0
2025_05_LV_IND,LV,IND,Carter Runyon,00-0040488,TE,rec_yds,8.024,0.0,0.0,0.0,11.849,24.657
2025_05_LV_IND,LV,IND,Carter Runyon,00-0040488,TE,anytime_td,0.033,0.0,0.0,0.0,0.0,0.0
2025_05_MIA_CAR,CAR,MIA,Bryce Young,00-0039150,QB,att,31.354,21.0,27.0,32.0,37.0,42.0
2025_05_MIA_CAR,CAR,MIA,Bryce Young,00-0039150,QB,cmp,20.76,13.0,17.0,21.0,25.0,29.0
2025_05_MIA_CAR,CAR,MIA,Bryce Young,00-0039150,QB,pass_yds,212.98,124.575,167.896,213.933,261.134,305.693
2025_05_MIA_CAR,CAR,MIA,Bryce Young,00-0039150,QB,pass_td,1.371,0.0,1.0,1.0,2.0,3.0
2025_05_MIA_CAR,CAR,MIA,Bryce Young,00-0039150,QB,ints,0.621,0.0,0.0,0.0,1.0,2.0
2025_05_MIA_CAR,CAR,MIA,Bryce Young,00-0039150,QB,car,2.97,1.0,2.0,3.0,4.0,6.0
2025_05_MIA_CAR,CAR,MIA,Bryce Young,00-0039150,QB,rush_yds,15.661,0.0,3.847,12.006,23.265,36.836
2025_05_MIA_CAR,CAR,MIA,Bryce Young,00-0039150,QB,tgt,0.0,0.0,0.0,0.0,0.0,0.0
2025_05_MIA_CAR,CAR,MIA,Bryce Young,00-0039150,QB,rec,0.0,0.0,0.0,0.0,0.0,0.0
2025_05_MIA_CAR,CAR,MIA,Bryce Young,00-0039150,QB,rec_yds,0.003,0.0,0.0,0.0,0.0,0.0
2025_05_MIA_CAR,CAR,MIA,Bryce Young,00-0039150,QB,anytime_td,0.207,0.0,0.0,0.0,0.0,1.0
2025_05_MIA_CAR,CAR,MIA,Tetairoa McMillan,00-0040124,WR,car,0.021,0.0,0.0,0.0,0.0,0.0
2025_05_MIA_CAR,CAR,MIA,Tetairoa McMillan,00-0040124,WR,rush_yds,0.095,0.0,0.0,0.0,0.0,0.0
2025_05_MIA_CAR,CAR,MIA,Tetairoa McMillan,00-0040124,WR,tgt,8.023,4.0,5.0,8.0,10.0,13.0
2025_05_MIA_CAR,CAR,MIA,Tetairoa McMillan,00-0040124,WR,rec,5.025,2.0,3.0,5.0,7.0,9.0
2025_05_MIA_CAR,CAR,MIA,Tetairoa McMillan,00-0040124,WR,rec_yds,63.476,16.526,33.213,57.077,86.758,118.64
2025_05_MIA_CAR,CAR,MIA,Tetairoa McMillan,00-0040124,WR,anytime_td,0.123,0.0,0.0,0.0,0.0,1.0
2025_05_MIA_CAR,CAR,MIA,Xavier Legette,00-0039342,WR,car,0.733,0.0,0.0,0.0,1.0,2.0
2025_05_MIA_CAR,CAR,MIA,Xavier Legette,00-0039342,WR,rush_yds,4.011,0.0,0.0,0.0,1.9,14.013
2025_05_MIA_CAR,CAR,MIA,Xavier Legette,00-0039342,WR,tgt,6.063,2.0,4.0,6.0,8.0,10.0
2025_05_MIA_CAR,CAR,MIA,Xavier Legette,00-0039342,WR,rec,3.539,1.0,2.0,3.0,5.0,6.0
2025_05_MIA_CAR,CAR,MIA,Xavier Legette,00-0039342,WR,rec_yds,36.33,5.994,16.047,31.15,50.969,73.038
2025_05_MIA_CAR,CAR,MIA,Xavier Legette,00-0039342,WR,anytime_td,0.143,0.0,0.0,0.0,0.0,1.0
2025_05_MIA_CAR,CAR,MIA,Tommy Tremble,00-0037005,TE,car,0.0,0.0,0.0,0.0,0.0,0.0
2025_05_MIA_CAR,CAR,MIA,Tommy Tremble,00-0037005,TE,rush_yds,0.002,0.0,0.0,0.0,0.0,0.0
2025_05_MIA_CAR,CAR,MIA,Tommy Tremble,00-0037005,TE,tgt,3.619,1.0,2.0,3.0,5.0,7.0
2025_05_MIA_CAR,CAR,MIA,Tommy Tremble,00-0037005,TE,rec,2.833,1.0,1.0,3.0,4.0,6.0
2025_05_MIA_CAR,CAR,MIA,Tommy Tremble,00-0037005,TE,rec_yds,25.311,0.0,8.91,21.095,36.788,53.594
2025_05_MIA_CAR,CAR,MIA,Tommy Tremble,00-0037005,TE,anytime_td,0.207,0.0,0.0,0.0,0.0,1.0
2025_05_MIA_CAR,CAR,MIA,Rico Dowdle,00-0036139,RB,car,14.906,8.0,10.0,14.0,19.0,23.0
2025_05_MIA_CAR,CAR,MIA,Rico Dowdle,00-0036139,RB,rush_yds,60.459,21.406,34.593,53.898,79.604,109.132
2025_05_MIA_CAR,CAR,MIA,Rico Dowdle,00-0036139,RB,tgt,1.781,0.0,1.0,1.0,3.0,4.0
2025_05_MIA_CAR,CAR,MIA,Rico Dowdle,00-0036139,RB,rec,1.517,0.0,0.0,1.0,2.0,4.0
2025_05_MIA_CAR,CAR,MIA,Rico Dowdle,00-0036139,RB,rec_yds,9.821,0.0,0.0,5.582,14.475,26.896
2025_05_MIA_CAR,CAR,MIA,Rico Dowdle,00-0036139,RB,anytime_td,0.3,0.0,0.0,0.0,1.0,1.0
2025_05_MIA_CAR,CAR,MIA,Hunter Renfrow,00-0034983,WR,car,0.019,0.0,0.0,0.0,0.0,0.0
2025_05_MIA_CAR,CAR,MIA,Hunter Renfrow,00-0034983,WR,rush_yds,0.109,0.0,0.0,0.0,0.0,0.0
2025_05_MIA_CAR,CAR,MIA,Hunter Renfrow,00-0034983,WR,tgt,4.248,1.0,2.0,4.0,6.0,8.0
2025_05_MIA_CAR,CAR,MIA,Hunter Renfrow,00-0034983,WR,rec,2.957,1.0,1.0,3.0,4.0,6.0
2025_05_MIA_CAR,CAR,MIA,Hunter Renfrow,00-0034983,WR,rec_yds,29.65,0.523,10.199,24.136,42.545,64.181
2025_05_MIA_CAR,CAR,MIA,Hunter Renfrow,00-0034983,WR,anytime_td,0.233,0.0,0.0,0.0,0.0,1.0
2025_05_MIA_CAR,CAR,MIA,Mitchell Evans,00-0040187,TE,car,0.002,0.0,0.0,0.0,0.0,0.0
2025_05_MIA_CAR,CAR,MIA,Mitchell Evans,00-0040187,TE,rush_yds,0.004,0.0,0.0,0.0,0.0,0.0
2025_05_MIA_CAR,CAR,MIA,Mitchell Evans,00-0040187,TE,tgt,1.739,0.0,0.0,1.0,3.0,4.0
2025_05_MIA_CAR,CAR,MIA,Mitchell Evans,00-0040187,TE,rec,1.376,0.0,0.0,1.0,2.0,3.0
2025_05_MIA_CAR,CAR,MIA,Mitchell Evans,00-0040187,TE,rec_yds,12.807,0.0,0.0,7.996,19.58,34.157
2025_05_MIA_CAR,CAR,MIA,Mitchell Evans,00-0040187,TE,anytime_td,0.167,0.0,0.0,0.0,0.0,1.0
2025_05_MIA_CAR,CAR,MIA,Jimmy Horn Jr.,00-0040218,WR,car,0.115,0.0,0.0,0.0,0.0,0.0
2025_05_MIA_CAR,CAR,MIA,Jimmy Horn Jr.,00-0040218,WR,rush_yds,0.648,0.0,0.0,0.0,0.0,0.0
2025_05_MIA_CAR,CAR,MIA,Jimmy Horn Jr.,00-0040218,WR,tgt,1.609,0.0,0.0,1.0,2.0,4.0
2025_05_MIA_CAR,CAR,MIA,Jimmy Horn Jr.,00-0040218,WR,rec,1.111,0.0,0.0,1.0,2.0,3.0
2025_05_MIA_CAR,CAR,MIA,Jimmy Horn Jr.,00-0040218,WR,rec_yds,13.104,0.0,0.0,6.287,19.424,37.429
2025_05_MIA_CAR,CAR,MIA,Jimmy Horn Jr.,00-0040218,WR,anytime_td,0.066,0.0,0.0,0.0,0.0,0.0
2025_05_MIA_CAR,CAR,MIA,Brycen Tremayne,00-0038840,WR,car,0.021,0.0,0.0,0.0,0.0,0.0
2025_05_MIA_CAR,CAR,MIA,Brycen Tremayne,00-0038840,WR,rush_yds,0.109,0.0,0.0,0.0,0.0,0.0
2025_05_MIA_CAR,CAR,MIA,Brycen Tremayne,00-0038840,WR,tgt,2.699,0.0,1.0,2.0,4.0,5.0
2025_05_MIA_CAR,CAR,MIA,Brycen Tremayne,00-0038840,WR,rec,1.908,0.0,1.0,2.0,3.0,4.0
2025_05_MIA_CAR,CAR,MIA,Brycen Tremayne,00-0038840,WR,rec_yds,21.745,0.0,4.269,15.11,32.537,52.685
2025_05_MIA_CAR,CAR,MIA,Brycen Tremayne,00-0038840,WR,anytime_td,0.043,0.0,0.0,0.0,0.0,0.0
2025_05_MIA_CAR,CAR,MIA,Trevor Etienne,00-0040644,RB,car,4.019,0.0,1.0,3.0,6.0,9.0
2025_05_MIA_CAR,CAR,MIA,Trevor Etienne,00-0040644,RB,rush_yds,17.38,0.0,3.041,11.191,24.918,43.27
2025_05_MIA_CAR,CAR,MIA,Trevor Etienne,00-0040644,RB,tgt,0.34,0.0,0.0,0.0,0.0,1.0
2025_05_MIA_CAR,CAR,MIA,Trevor Etienne,00-0040644,RB,rec,0.289,0.0,0.0,0.0,0.0,1.0
2025_05_MIA_CAR,CAR,MIA,Trevor Etienne,00-0040644,RB,rec_yds,1.98,0.0,0.0,0.0,0.0,7.25
2025_05_MIA_CAR,CAR,MIA,Trevor Etienne,00-0040644,RB,anytime_td,0.078,0.0,0.0,0.0,0.0,0.0
2025_05_MIA_CAR,CAR,MIA,James Mitchell,00-0037282,TE,car,0.002,0.0,0.0,0.0,0.0,0.0
2025_05_MIA_CAR,CAR,MIA,James Mitchell,00-0037282,TE,rush_yds,0.006,0.0,0.0,0.0,0.0,0.0
2025_05_MIA_CAR,CAR,MIA,James Mitchell,00-0037282,TE,tgt,1.291,0.0,0.0,1.0,2.0,3.0
2025_05_MIA_CAR,CAR,MIA,James Mitchell,00-0037282,TE,rec,1.021,0.0,0.0,1.0,2.0,3.0
2025_05_MIA_CAR,CAR,MIA,James Mitchell,00-0037282,TE,rec_yds,9.589,0.0,0.0,4.51,14.732,28.172
2025_05_MIA_CAR,CAR,MIA,James Mitchell,00-0037282,TE,anytime_td,0.021,0.0,0.0,0.0,0.0,0.0
2025_05_MIA_CAR,CAR,MIA,DeeJay Dallas,00-0036425,RB,car,2.647,0.0,1.0,2.0,4.0,6.0
2025_05_MIA_CAR,CAR,MIA,DeeJay Dallas,00-0036425,RB,rush_yds,11.327,0.0,0.0,5.628,16.584,31.1
2025_05_MIA_CAR,CAR,MIA,DeeJay Dallas,00-0036425,RB,tgt,0.794,0.0,0.0,0.0,1.0,2.0
2025_05_MIA_CAR,CAR,MIA,DeeJay Dallas,00-0036425,RB,rec,0.676,0.0,0.0,0.0,1.0,2.0
2025_05_MIA_CAR,CAR,MIA,DeeJay Dallas,00-0036425,RB,rec_yds,4.5,0.0,0.0,0.0,6.263,14.307
2025_05_MIA_CAR,CAR,MIA,DeeJay Dallas,00-0036425,RB,anytime_td,0.083,0.0,0.0,0.0,0.0,0.0
2025_05_MIA_CAR,MIA,CAR,Tua Tagovailoa,00-0036212,QB,att,30.683,20.0,26.0,31.0,37.0,42.0
2025_05_MIA_CAR,MIA,CAR,Tua Tagovailoa,00-0036212,QB,cmp,20.578,13.0,17.0,21.0,25.0,28.1
2025_05_MIA_CAR,MIA,CAR,Tua Tagovailoa,00-0036212,QB,pass_yds,221.544,125.281,174.892,221.747,273.694,323.674
2025_05_MIA_CAR,MIA,CAR,Tua Tagovailoa,00-0036212,QB,pass_td,1.506,0.0,1.0,1.0,2.0,3.0
2025_05_MIA_CAR,MIA,CAR,Tua Tagovailoa,00-0036212,QB,ints,0.701,0.0,0.0,0.0,1.0,2.0
2025_05_MIA_CAR,MIA,CAR,Tua Tagovailoa,00-0036212,QB,car,2.608,0.0,1.0,2.0,4.0,5.0
2025_05_MIA_CAR,MIA,CAR,Tua Tagovailoa,00-0036212,QB,rush_yds,9.826,-1.0,0.0,5.743,15.356,26.76
2025_05_MIA_CAR,MIA,CAR,Tua Tagovailoa,00-0036212,QB,tgt,0.0,0.0,0.0,0.0,0.0,0.0
2025_05_MIA_CAR,MIA,CAR,Tua Tagovailoa,00-0036212,QB,rec,0.0,0.0,0.0,0.0,0.0,0.0
2025_05_MIA_CAR,MIA,CAR,Tua Tagovailoa,00-0036212,QB,rec_yds,0.0,0.0,0.0,0.0,0.0,0.0
2025_05_MIA_CAR,MIA,CAR,Tua Tagovailoa,00-0036212,QB,anytime_td,0.021,0.0,0.0,0.0,0.0,0.0
2025_05_MIA_CAR,MIA,CAR,Jaylen Waddle,00-0036613,WR,car,0.114,0.0,0.0,0.0,0.0,0.0
2025_05_MIA_CAR,MIA,CAR,Jaylen Waddle,00-0036613,WR,rush_yds,0.675,0.0,0.0,0.0,0.0,0.0
2025_05_MIA_CAR,MIA,CAR,Jaylen Waddle,00-0036613,WR,tgt,6.406,3.0,4.0,6.0,8.0,11.0
2025_05_MIA_CAR,MIA,CAR,Jaylen Waddle,00-0036613,WR,rec,4.251,1.0,2.0,4.0,6.0,8.0
2025_05_MIA_CAR,MIA,CAR,Jaylen Waddle,00-0036613,WR,rec_yds,55.181,11.989,26.19,48.205,76.306,107.373
2025_05_MIA_CAR,MIA,CAR,Jaylen Waddle,00-0036613,WR,anytime_td,0.286,0.0,0.0,0.0,1.0,1.0
2025_05_MIA_CAR,MIA,CAR,De'Von Achane,00-0039040,RB,car,14.877,7.0,10.0,14.0,19.0,23.0
2025_05_MIA_CAR,MIA,CAR,De'Von Achane,00-0039040,RB,rush_yds,67.237,24.132,38.881,60.355,88.899,120.225
2025_05_MIA_CAR,MIA,CAR,De'Von Achane,00-0039040,RB,tgt,6.157,2.0,4.0,6.0,8.0,10.0
2025_05_MIA_CAR,MIA,CAR,De'Von Achane,00-0039040,RB,rec,4.88,2.0,3.0,5.0,6.0,8.0
2025_05_MIA_CAR,MIA,CAR,De'Von Achane,00-0039040,RB,rec_yds,36.98,6.917,16.878,32.278,52.003,73.093
2025_05_MIA_CAR,MIA,CAR,De'Von Achane,00-0039040,RB,anytime_td,0.554,0.0,0.0,1.0,1.0,1.0
2025_05_MIA_CAR,MIA,CAR,Nick Westbrook-Ikhine,00-0036182,WR,car,0.009,0.0,0.0,0.0,0.0,0.0
2025_05_MIA_CAR,MIA,CAR,Nick Westbrook-Ikhine,00-0036182,WR,rush_yds,0.045,0.0,0.0,0.0,0.0,0.0
2025_05_MIA_CAR,MIA,CAR,Nick Westbrook-Ikhine,00-0036182,WR,tgt,2.663,0.0,1.0,2.0,4.0,6.0
2025_05_MIA_CAR,MIA,CAR,Nick Westbrook-Ikhine,00-0036182,WR,rec,1.677,0.0,1.0,1.0,2.0,4.0
2025_05_MIA_CAR,MIA,CAR,Nick Westbrook-Ikhine,00-0036182,WR,rec_yds,21.55,0.0,0.0,14.521,32.254,54.258
2025_05_MIA_CAR,MIA,CAR,Nick Westbrook-Ikhine,00-0036182,WR,anytime_td,0.127,0.0,0.0,0.0,0.0,1.0
2025_05_MIA_CAR,MIA,CAR,Malik Washington,00-0039880,WR,car,1.697,0.0,0.0,1.0,2.0,5.0
2025_05_MIA_CAR,MIA,CAR,Malik Washington,00-0039880,WR,rush_yds,9.424,0.0,0.0,1.056,12.966,30.12
2025_05_MIA_CAR,MIA,CAR,Malik Washington,00-0039880,WR,tgt,4.082,1.0,2.0,4.0,6.0,7.0
2025_05_MIA_CAR,MIA,CAR,Malik Washington,00-0039880,WR,rec,2.554,0.0,1.0,2.0,4.0,5.0
2025_05_MIA_CAR,MIA,CAR,Malik Washington,00-0039880,WR,rec_yds,30.723,0.0,9.398,24.425,44.702,68.15
2025_05_MIA_CAR,MIA,CAR,Malik Washington,00-0039880,WR,anytime_td,0.103,0.0,0.0,0.0,0.0,1.0
2025_05_MIA_CAR,MIA,CAR,Darren Waller,00-0031610,TE,car,0.003,0.0,0.0,0.0,0.0,0.0
2025_05_MIA_CAR,MIA,CAR,Darren Waller,00-0031610,TE,rush_yds,0.008,0.0,0.0,0.0,0.0,0.0
2025_05_MIA_CAR,MIA,CAR,Darren Waller,00-0031610,TE,tgt,5.518,2.0,3.0,5.0,7.0,9.0
2025_05_MIA_CAR,MIA,CAR,Darren Waller,00-0031610,TE,rec,3.968,1.0,2.0,4.0,5.0,7.0
2025_05_MIA_CAR,MIA,CAR,Darren Waller,00-0031610,TE,rec_yds,42.903,8.496,19.885,37.724,59.851,83.604
2025_05_MIA_CAR,MIA,CAR,Darren Waller,00-0031610,TE,anytime_td,0.438,0.0,0.0,0.0,1.0,1.0
2025_05_MIA_CAR,MIA,CAR,Julian Hill,00-0038720,TE,car,0.003,0.0,0.0,0.0,0.0,0.0
2025_05_MIA_CAR,MIA,CAR,Julian Hill,00-0038720,TE,rush_yds,0.004,0.0,0.0,0.0,0.0,0.0
2025_05_MIA_CAR,MIA,CAR,Julian Hill,00-0038720,TE,tgt,1.066,0.0,0.0,1.0,2.0,3.0
2025_05_MIA_CAR,MIA,CAR,Julian Hill,00-0038720,TE,rec,0.762,0.0,0.0,0.0,1.0,2.0
2025_05_MIA_CAR,MIA,CAR,Julian Hill,00-0038720,TE,rec_yds,8.33,0.0,0.0,0.0,12.358,26.047
2025_05_MIA_CAR,MIA,CAR,Julian Hill,00-0038720,TE,anytime_td,0.014,0.0,0.0,0.0,0.0,0.0
2025_05_MIA_CAR,MIA,CAR,Alec Ingold,00-0035125,RB,car,0.515,0.0,0.0,0.0,0.0,2.0
2025_05_MIA_CAR,MIA,CAR,Alec Ingold,00-0035125,RB,rush_yds,2.255,0.0,0.0,0.0,0.0,7.078
2025_05_MIA_CAR,MIA,CAR,Alec Ingold,00-0035125,RB,tgt,0.988,0.0,0.0,1.0,2.0,3.0
2025_05_MIA_CAR,MIA,CAR,Alec Ingold,00-0035125,RB,rec,0.783,0.0,0.0,0.0,1.0,2.0
2025_05_MIA_CAR,MIA,CAR,Alec Ingold,00-0035125,RB,rec_yds,6.062,0.0,0.0,0.0,8.34,19.724
2025_05_MIA_CAR,MIA,CAR,Alec Ingold,00-0035125,RB,anytime_td,0.029,0.0,0.0,0.0,0.0,0.0
2025_05_MIA_CAR,MIA,CAR,Ollie Gordon II,00-0040198,RB,car,5.929,1.0,3.0,5.0,8.0,12.0
2025_05_MIA_CAR,MIA,CAR,Ollie Gordon II,00-0040198,RB,rush_yds,24.327,1.819,7.612,18.568,34.356,54.802
2025_05_MIA_CAR,MIA,CAR,Ollie Gordon II,00-0040198,RB,tgt,0.919,0.0,0.0,1.0,1.0,3.0
2025_05_MIA_CAR,MIA,CAR,Ollie Gordon II,00-0040198,RB,rec,0.714,0.0,0.0,0.0,1.0,2.0
2025_05_MIA_CAR,MIA,CAR,Ollie Gordon II,00-0040198,RB,rec_yds,5.534,0.0,0.0,0.0,7.369,18.304
2025_05_MIA_CAR,MIA,CAR,Ollie Gordon II,00-0040198,RB,anytime_td,0.269,0.0,0.0,0.0,1.0,1.0
2025_05_MIA_CAR,MIA,CAR,Tanner Conner,00-0037348,TE,car,0.001,0.0,0.0,0.0,0.0,0.0
2025_05_MIA_CAR,MIA,CAR,Tanner Conner,00-0037348,TE,rush_yds,0.0,0.0,0.0,0.0,0.0,0.0
2025_05_MIA_CAR,MIA,CAR,Tanner Conner,00-0037348,TE,tgt,1.388,0.0,0.0,1.0,2.0,3.0
2025_05_MIA_CAR,MIA,CAR,Tanner Conner,00-0037348,TE,rec,0.959,0.0,0.0,1.0,2.0,2.1
2025_05_MIA_CAR,MIA,CAR,Tanner Conner,00-0037348,TE,rec_yds,10.312,0.0,0.0,3.568,16.02,30.537
2025_05_MIA_CAR,MIA,CAR,Tanner Conner,00-0037348,TE,anytime_td,0.035,0.0,0.0,0.0,0.0,0.0
2025_05_MIA_CAR,MIA,CAR,Tahj Washington,00-0039884,WR,car,0.095,0.0,0.0,0.0,0.0,0.0
2025_05_MIA_CAR,MIA,CAR,Tahj Washington,00-0039884,WR,rush_yds,0.515,0.0,0.0,0.0,0.0,0.0
2025_05_MIA_CAR,MIA,CAR,Tahj Washington,00-0039884,WR,tgt,1.61,0.0,0.0,1.0,2.0,4.0
2025_05_MIA_CAR,MIA,CAR,Tahj Washington,00-0039884,WR,rec,1.02,0.0,0.0,1.0,2.0,3.0
2025_05_MIA_CAR,MIA,CAR,Tahj Washington,00-0039884,WR,rec_yds,13.174,0.0,0.0,5.914,19.587,37.614
2025_05_MIA_CAR,MIA,CAR,Tahj Washington,00-0039884,WR,anytime_td,0.07,0.0,0.0,0.0,0.0,0.0
2025_05_MIA_CAR,MIA,CAR,Dee Eskridge,00-0036620,WR,car,0.026,0.0,0.0,0.0,0.0,0.0
2025_05_MIA_CAR,MIA,CAR,Dee Eskridge,00-0036620,WR,rush_yds,0.125,0.0,0.0,0.0,0.0,0.0
2025_05_MIA_CAR,MIA,CAR,Dee Eskridge,00-0036620,WR,tgt,0.886,0.0,0.0,0.0,1.0,2.0
2025_05_MIA_CAR,MIA,CAR,Dee Eskridge,00-0036620,WR,rec,0.573,0.0,0.0,0.0,1.0,2.0
2025_05_MIA_CAR,MIA,CAR,Dee Eskridge,00-0036620,WR,rec_yds,7.443,0.0,0.0,0.0,9.889,24.476
2025_05_MIA_CAR,MIA,CAR,Dee Eskridge,00-0036620,WR,anytime_td,0.012,0.0,0.0,0.0,0.0,0.0
2025_05_MIN_CLE,CLE,MIN,Dillon Gabriel,00-0040704,QB,att,31.251,21.0,27.0,32.0,37.0,42.0
2025_05_MIN_CLE,CLE,MIN,Dillon Gabriel,00-0040704,QB,cmp,19.256,12.0,16.0,20.0,23.0,27.0
2025_05_MIN_CLE,CLE,MIN,Dillon Gabriel,00-0040704,QB,pass_yds,202.159,113.818,157.359,201.811,248.36,294.714
2025_05_MIN_CLE,CLE,MIN,Dillon Gabriel,00-0040704,QB,pass_td,0.966,0.0,0.0,1.0,2.0,2.0
2025_05_MIN_CLE,CLE,MIN,Dillon Gabriel,00-0040704,QB,ints,0.794,0.0,0.0,1.0,1.0,2.0
2025_05_MIN_CLE,CLE,MIN,Dillon Gabriel,00-0040704,QB,car,2.274,0.0,1.0,2.0,3.0,5.0
2025_05_MIN_CLE,CLE,MIN,Dillon Gabriel,00-0040704,QB,rush_yds,11.507,-1.0,0.0,7.937,17.867,29.789
2025_05_MIN_CLE,CLE,MIN,Dillon Gabriel,00-0040704,QB,tgt,0.0,0.0,0.0,0.0,0.0,0.0
2025_05_MIN_CLE,CLE,MIN,Dillon Gabriel,00-0040704,QB,rec,0.0,0.0,0.0,0.0,0.0,0.0
2025_05_MIN_CLE,CLE,MIN,Dillon Gabriel,00-0040704,QB,rec_yds,0.0,0.0,0.0,0.0,0.0,0.0
2025_05_MIN_CLE,CLE,MIN,Dillon Gabriel,00-0040704,QB,anytime_td,0.004,0.0,0.0,0.0,0.0,0.0
2025_05_MIN_CLE,CLE,MIN,David Njoku,00-0033885,TE,car,0.004,0.0,0.0,0.0,0.0,0.0
2025_05_MIN_CLE,CLE,MIN,David Njoku,00-0033885,TE,rush_yds,0.007,0.0,0.0,0.0,0.0,0.0
2025_05_MIN_CLE,CLE,MIN,David Njoku,00-0033885,TE,tgt,5.58,2.0,3.0,5.0,7.0,10.0
2025_05_MIN_CLE,CLE,MIN,David Njoku,00-0033885,TE,rec,3.658,1.0,2.0,3.0,5.0,7.0
2025_05_MIN_CLE,CLE,MIN,David Njoku,00-0033885,TE,rec_yds,35.866,6.22,15.81,30.81,50.377,71.787
2025_05_MIN_CLE,CLE,MIN,David Njoku,00-0033885,TE,anytime_td,0.161,0.0,0.0,0.0,0.0,1.0
2025_05_MIN_CLE,CLE,MIN,Jerry Jeudy,00-0036407,WR,car,0.012,0.0,0.0,0.0,0.0,0.0
2025_05_MIN_CLE,CLE,MIN,Jerry Jeudy,00-0036407,WR,rush_yds,0.047,0.0,0.0,0.0,0.0,0.0
2025_05_MIN_CLE,CLE,MIN,Jerry Jeudy,00-0036407,WR,tgt,6.879,3.0,4.0,7.0,9.0,11.0
2025_05_MIN_CLE,CLE,MIN,Jerry Jeudy,00-0036407,WR,rec,3.711,1.0,2.0,3.0,5.0,7.0
2025_05_MIN_CLE,CLE,MIN,Jerry Jeudy,00-0036407,WR,rec_yds,49.905,8.996,22.69,43.236,69.317,99.222
2025_05_MIN_CLE,CLE,MIN,Jerry Jeudy,00-0036407,WR,anytime_td,0.12,0.0,0.0,0.0,0.0,1.0
2025_05_MIN_CLE,CLE,MIN,Harold Fannin Jr.,00-0040663,TE,car,0.417,0.0,0.0,0.0,0.0,1.0
2025_05_MIN_CLE,CLE,MIN,Harold Fannin Jr.,00-0040663,TE,rush_yds,0.903,0.0,0.0,0.0,0.0,2.98
2025_05_MIN_CLE,CLE,MIN,Harold Fannin Jr.,00-0040663,TE,tgt,4.809,2.0,3.0,4.0,6.0,8.0
2025_05_MIN_CLE,CLE,MIN,Harold Fannin Jr.,00-0040663,TE,rec,3.225,1.0,2.0,3.0,5.0,6.0
2025_05_MIN_CLE,CLE,MIN,Harold Fannin Jr.,00-0040663,TE,rec_yds,33.585,3.914,13.624,28.343,47.906,69.086
2025_05_MIN_CLE,CLE,MIN,Harold Fannin Jr.,00-0040663,TE,anytime_td,0.085,0.0,0.0,0.0,0.0,0.0
2025_05_MIN_CLE,CLE,MIN,Isaiah Bond,00-0040782,WR,car,0.213,0.0,0.0,0.0,0.0,1.0
2025_05_MIN_CLE,CLE,MIN,Isaiah Bond,00-0040782,WR,rush_yds,1.122,0.0,0.0,0.0,0.0,0.0
2025_05_MIN_CLE,CLE,MIN,Isaiah Bond,00-0040782,WR,tgt,3.173,1.0,1.0,3.0,4.0,6.0
2025_05_MIN_CLE,CLE,MIN,Isaiah Bond,00-0040782,WR,rec,1.812,0.0,1.0,1.5,3.0,4.0
2025_05_MIN_CLE,CLE,MIN,Isaiah Bond,00-0040782,WR,rec_yds,23.725,0.0,3.339,16.613,35.34,58.504
2025_05_MIN_CLE,CLE,MIN,Isaiah Bond,00-0040782,WR,anytime_td,0.056,0.0,0.0,0.0,0.0,0.0
2025_05_MIN_CLE,CLE,MIN,Quinshon Judkins,00-0040784,RB,car,14.083,7.0,10.0,14.0,18.0,22.0
2025_05_MIN_CLE,CLE,MIN,Quinshon Judkins,00-0040784,RB,rush_yds,56.257,19.24,31.176,49.772,74.509,100.859
2025_05_MIN_CLE,CLE,MIN,Quinshon Judkins,00-0040784,RB,tgt,2.508,0.0,1.0,2.0,4.0,5.0
2025_05_MIN_CLE,CLE,MIN,Quinshon Judkins,00-0040784,RB,rec,1.909,0.0,1.0,2.0,3.0,4.0
2025_05_MIN_CLE,CLE,MIN,Quinshon Judkins,00-0040784,RB,rec_yds,13.934,0.0,0.962,9.321,20.315,35.378
2025_05_MIN_CLE,CLE,MIN,Quinshon Judkins,00-0040784,RB,anytime_td,0.356,0.0,0.0,0.0,1.0,1.0
2025_05_MIN_CLE,CLE,MIN,Jamari Thrash,00-0039379,WR,car,0.01,0.0,0.0,0.0,0.0,0.0
2025_05_MIN_CLE,CLE,MIN,Jamari Thrash,00-0039379,WR,rush_yds,0.035,0.0,0.0,0.0,0.0,0.0
2025_05_MIN_CLE,CLE,MIN,Jamari Thrash,00-0039379,WR,tgt,1.082,0.0,0.0,1.0,2.0,3.0
2025_05_MIN_CLE,CLE,MIN,Jamari Thrash,00-0039379,WR,rec,0.666,0.0,0.0,0.0,1.0,2.0
2025_05_MIN_CLE,CLE,MIN,Jamari Thrash,00-0039379,WR,rec_yds,8.308,0.0,0.0,0.0,11.618,26.617
2025_05_MIN_CLE,CLE,MIN,Jamari Thrash,00-0039379,WR,anytime_td,0.015,0.0,0.0,0.0,0.0,0.0
2025_05_MIN_CLE,CLE,MIN,Jerome Ford,00-0037267,RB,car,4.334,0.0,1.75,3.0,6.0,10.0
2025_05_MIN_CLE,CLE,MIN,Jerome Ford,00-0037267,RB,rush_yds,16.685,0.0,3.276,10.921,23.891,40.479
2025_05_MIN_CLE,CLE,MIN,Jerome Ford,00-0037267,RB,tgt,2.621,0.0,1.0,2.0,4.0,5.0
2025_05_MIN_CLE,CLE,MIN,Jerome Ford,00-0037267,RB,rec,1.996,0.0,1.0,2.0,3.0,4.0
2025_05_MIN_CLE,CLE,MIN,Jerome Ford,00-0037267,RB,rec_yds,13.485,0.0,0.998,9.297,19.694,33.716
2025_05_MIN_CLE,CLE,MIN,Jerome Ford,00-0037267,RB,anytime_td,0.127,0.0,0.0,0.0,0.0,1.0
2025_05_MIN_CLE,CLE,MIN,Malachi Corley,00-0039920,WR,car,0.265,0.0,0.0,0.0,0.0,1.0
2025_05_MIN_CLE,CLE,MIN,Malachi Corley,00-0039920,WR,rush_yds,1.21,0.0,0.0,0.0,0.0,1.078
2025_05_MIN_CLE,CLE,MIN,Malachi Corley,00-0039920,WR,tgt,1.268,0.0,0.0,1.0,2.0,3.0
2025_05_MIN_CLE,CLE,MIN,Malachi Corley,00-0039920,WR,rec,0.757,0.0,0.0,0.0,1.0,2.0
2025_05_MIN_CLE,CLE,MIN,Malachi Corley,00-0039920,WR,rec_yds,9.973,0.0,0.0,0.0,14.389,31.478
2025_05_MIN_CLE,CLE,MIN,Malachi Corley,00-0039920,WR,anytime_td,0.035,0.0,0.0,0.0,0.0,0.0
2025_05_MIN_CLE,CLE,MIN,Dylan Sampson,00-0040162,RB,car,3.578,0.0,1.0,3.0,5.0,8.0
2025_05_MIN_CLE,CLE,MIN,Dylan Sampson,00-0040162,RB,rush_yds,12.751,0.0,1.564,7.596,18.393,32.159
2025_05_MIN_CLE,CLE,MIN,Dylan Sampson,00-0040162,RB,tgt,2.135,0.0,1.0,2.0,3.0,5.0
2025_05_MIN_CLE,CLE,MIN,Dylan Sampson,00-0040162,RB,rec,1.624,0.0,0.0,1.0,2.0,4.0
2025_05_MIN_CLE,CLE,MIN,Dylan Sampson,00-0040162,RB,rec_yds,12.087,0.0,0.0,7.503,17.743,32.147
2025_05_MIN_CLE,CLE,MIN,Dylan Sampson,00-0040162,RB,anytime_td,0.179,0.0,0.0,0.0,0.0,1.0
2025_05_MIN_CLE,CLE,MIN,Gage Larvadain,00-0040259,WR,car,0.088,0.0,0.0,0.0,0.0,0.0
2025_05_MIN_CLE,CLE,MIN,Gage Larvadain,00-0040259,WR,rush_yds,0.462,0.0,0.0,0.0,0.0,0.0
2025_05_MIN_CLE,CLE,MIN,Gage Larvadain,00-0040259,WR,tgt,1.506,0.0,0.0,1.0,2.0,4.0
2025_05_MIN_CLE,CLE,MIN,Gage Larvadain,00-0040259,WR,rec,0.907,0.0,0.0,1.0,1.0,2.0
2025_05_MIN_CLE,CLE,MIN,Gage Larvadain,00-0040259,WR,rec_yds,11.813,0.0,0.0,3.644,17.392,35.477
2025_05_MIN_CLE,CLE,MIN,Gage Larvadain,00-0040259,WR,anytime_td,0.042,0.0,0.0,0.0,0.0,0.0
2025_05_MIN_CLE,MIN,CLE,Justin Jefferson,00-0036322,WR,car,0.164,0.0,0.0,0.0,0.0,0.0
2025_05_MIN_CLE,MIN,CLE,Justin Jefferson,00-0036322,WR,rush_yds,0.791,0.0,0.0,0.0,0.0,0.0
2025_05_MIN_CLE,MIN,CLE,Justin Jefferson,00-0036322,WR,tgt,6.946,3.0,5.0,7.0,9.0,11.0
2025_05_MIN_CLE,MIN,CLE,Justin Jefferson,00-0036322,WR,rec,4.568,2.0,3.0,4.0,6.0,8.0
2025_05_MIN_CLE,MIN,CLE,Justin Jefferson,00-0036322,WR,rec_yds,58.632,14.344,29.955,52.601,80.207,110.968
2025_05_MIN_CLE,MIN,CLE,Justin Jefferson,00-0036322,WR,anytime_td,0.206,0.0,0.0,0.0,0.0,1.0
2025_05_MIN_CLE,MIN,CLE,Carson Wentz,00-0032950,QB,att,28.588,19.0,24.0,29.0,34.0,39.0
2025_05_MIN_CLE,MIN,CLE,Carson Wentz,00-0032950,QB,cmp,18.302,11.0,15.0,19.0,22.0,25.0
2025_05_MIN_CLE,MIN,CLE,Carson Wentz,00-0032950,QB,pass_yds,196.892,111.157,151.608,194.693,243.615,289.15
2025_05_MIN_CLE,MIN,CLE,Carson Wentz,00-0032950,QB,pass_td,1.236,0.0,0.0,1.0,2.0,3.0
2025_05_MIN_CLE,MIN,CLE,Carson Wentz,00-0032950,QB,ints,0.608,0.0,0.0,0.0,1.0,2.0
2025_05_MIN_CLE,MIN,CLE,Carson Wentz,00-0032950,QB,car,2.751,0.0,1.0,2.0,4.0,5.0
2025_05_MIN_CLE,MIN,CLE,Carson Wentz,00-0032950,QB,rush_yds,11.238,-1.0,0.0,7.494,17.673,29.041
2025_05_MIN_CLE,MIN,CLE,Carson Wentz,00-0032950,QB,tgt,0.001,0.0,0.0,0.0,0.0,0.0
2025_05_MIN_CLE,MIN,CLE,Carson Wentz,00-0032950,QB,rec,0.001,0.0,0.0,0.0,0.0,0.0
2025_05_MIN_CLE,MIN,CLE,Carson Wentz,00-0032950,QB,rec_yds,0.003,0.0,0.0,0.0,0.0,0.0
2025_05_MIN_CLE,MIN,CLE,Carson Wentz,00-0032950,QB,anytime_td,0.024,0.0,0.0,0.0,0.0,0.0
2025_05_MIN_CLE,MIN,CLE,T.J. Hockenson,00-0035229,TE,car,0.005,0.0,0.0,0.0,0.0,0.0
2025_05_MIN_CLE,MIN,CLE,T.J. Hockenson,00-0035229,TE,rush_yds,0.011,0.0,0.0,0.0,0.0,0.0
2025_05_MIN_CLE,MIN,CLE,T.J. Hockenson,00-0035229,TE,tgt,4.214,1.0,2.0,4.0,6.0,8.0
2025_05_MIN_CLE,MIN,CLE,T.J. Hockenson,00-0035229,TE,rec,2.936,1.0,1.0,3.0,4.0,6.0
2025_05_MIN_CLE,MIN,CLE,T.J. Hockenson,00-0035229,TE,rec_yds,28.635,2.973,10.798,24.133,41.749,59.702
2025_05_MIN_CLE,MIN,CLE,T.J. Hockenson,00-0035229,TE,anytime_td,0.145,0.0,0.0,0.0,0.0,1.0
2025_05_MIN_CLE,MIN,CLE,Jordan Addison,00-0038994,WR,car,0.086,0.0,0.0,0.0,0.0,0.0
2025_05_MIN_CLE,MIN,CLE,Jordan Addison,00-0038994,WR,rush_yds,0.444,0.0,0.0,0.0,0.0,0.0
2025_05_MIN_CLE,MIN,CLE,Jordan Addison,00-0038994,WR,tgt,4.943,2.0,3.0,5.0,7.0,9.0
2025_05_MIN_CLE,MIN,CLE,Jordan Addison,00-0038994,WR,rec,2.942,1.0,1.0,3.0,4.0,6.0
2025_05_MIN_CLE,MIN,CLE,Jordan Addison,00-0038994,WR,rec_yds,38.957,3.757,15.376,32.476,55.144,82.452
2025_05_MIN_CLE,MIN,CLE,Jordan Addison,00-0038994,WR,anytime_td,0.196,0.0,0.0,0.0,0.0,1.0
2025_05_MIN_CLE,MIN,CLE,Jordan Mason,00-0037525,RB,car,13.232,6.0,9.0,13.0,17.0,21.0
2025_05_MIN_CLE,MIN,CLE,Jordan Mason,00-0037525,RB,rush_yds,53.744,17.674,29.716,47.549,71.7,97.223
2025_05_MIN_CLE,MIN,CLE,Jordan Mason,00-0037525,RB,tgt,1.404,0.0,0.0,1.0,2.0,3.0
2025_05_MIN_CLE,MIN,CLE,Jordan Mason,00-0037525,RB,rec,1.093,0.0,0.0,1.0,2.0,3.0
2025_05_MIN_CLE,MIN,CLE,Jordan Mason,00-0037525,RB,rec_yds,7.343,0.0,0.0,2.577,10.548,22.146
2025_05_MIN_CLE,MIN,CLE,Jordan Mason,00-0037525,RB,anytime_td,0.306,0.0,0.0,0.0,1.0,1.0
2025_05_MIN_CLE,MIN,CLE,Jalen Nailor,00-0037291,WR,car,0.038,0.0,0.0,0.0,0.0,0.0
2025_05_MIN_CLE,MIN,CLE,Jalen Nailor,00-0037291,WR,rush_yds,0.156,0.0,0.0,0.0,0.0,0.0
2025_05_MIN_CLE,MIN,CLE,Jalen Nailor,00-0037291,WR,tgt,3.167,1.0,1.0,3.0,4.0,6.0
2025_05_MIN_CLE,MIN,CLE,Jalen Nailor,00-0037291,WR,rec,1.865,0.0,1.0,2.0,3.0,4.0
2025_05_MIN_CLE,MIN,CLE,Jalen Nailor,00-0037291,WR,rec_yds,22.119,0.0,4.177,16.16,32.464,54.946
2025_05_MIN_CLE,MIN,CLE,Jalen Nailor,00-0037291,WR,anytime_td,0.165,0.0,0.0,0.0,0.0,1.0
2025_05_MIN_CLE,MIN,CLE,Josh Oliver,00-0035249,TE,car,0.005,0.0,0.0,0.0,0.0,0.0
2025_05_MIN_CLE,MIN,CLE,Josh Oliver,00-0035249,TE,rush_yds,0.007,0.0,0.0,0.0,0.0,0.0
2025_05_MIN_CLE,MIN,CLE,Josh Oliver,00-0035249,TE,tgt,0.992,0.0,0.0,1.0,2.0,3.0
2025_05_MIN_CLE,MIN,CLE,Josh Oliver,00-0035249,TE,rec,0.694,0.0,0.0,0.0,1.0,2.0
2025_05_MIN_CLE,MIN,CLE,Josh Oliver,00-0035249,TE,rec_yds,6.941,0.0,0.0,0.0,10.43,22.371
2025_05_MIN_CLE,MIN,CLE,Josh Oliver,00-0035249,TE,anytime_td,0.081,0.0,0.0,0.0,0.0,0.0
2025_05_MIN_CLE,MIN,CLE,Zavier Scott,00-0038440,RB,car,4.645,1.0,2.0,4.0,7.0,10.0
2025_05_MIN_CLE,MIN,CLE,Zavier Scott,00-0038440,RB,rush_yds,17.309,0.0,3.734,11.409,24.362,41.843
2025_05_MIN_CLE,MIN,CLE,Zavier Scott,00-0038440,RB,tgt,3.026,1.0,1.0,3.0,4.0,6.0
2025_05_MIN_CLE,MIN,CLE,Zavier Scott,00-0038440,RB,rec,2.314,0.0,1.0,2.0,3.0,5.0
2025_05_MIN_CLE,MIN,CLE,Zavier Scott,00-0038440,RB,rec_yds,16.778,0.0,3.804,12.116,24.45,40.721
2025_05_MIN_CLE,MIN,CLE,Zavier Scott,00-0038440,RB,anytime_td,0.238,0.0,0.0,0.0,0.0,1.0
2025_05_MIN_CLE,MIN,CLE,Adam Thielen,00-0030035,WR,car,0.015,0.0,0.0,0.0,0.0,0.0
2025_05_MIN_CLE,MIN,CLE,Adam Thielen,00-0030035,WR,rush_yds,0.059,0.0,0.0,0.0,0.0,0.0
2025_05_MIN_CLE,MIN,CLE,Adam Thielen,00-0030035,WR,tgt,2.692,0.0,1.0,2.0,4.0,5.0
2025_05_MIN_CLE,MIN,CLE,Adam Thielen,00-0030035,WR,rec,1.694,0.0,1.0,1.0,3.0,4.0
2025_05_MIN_CLE,MIN,CLE,Adam Thielen,00-0030035,WR,rec_yds,19.941,0.0,1.936,13.78,29.687,48.821
2025_05_MIN_CLE,MIN,CLE,Adam Thielen,00-0030035,WR,anytime_td,0.092,0.0,0.0,0.0,0.0,0.0
2025_05_MIN_CLE,MIN,CLE,C.J. Ham,00-0032918,RB,car,0.532,0.0,0.0,0.0,0.0,2.0
2025_05_MIN_CLE,MIN,CLE,C.J. Ham,00-0032918,RB,rush_yds,2.037,0.0,0.0,0.0,0.0,6.373
2025_05_MIN_CLE,MIN,CLE,C.J. Ham,00-0032918,RB,tgt,0.445,0.0,0.0,0.0,1.0,1.0
2025_05_MIN_CLE,MIN,CLE,C.J. Ham,00-0032918,RB,rec,0.351,0.0,0.0,0.0,1.0,1.0
2025_05_MIN_CLE,MIN,CLE,C.J. Ham,00-0032918,RB,rec_yds,2.365,0.0,0.0,0.0,0.0,8.721
2025_05_MIN_CLE,MIN,CLE,C.J. Ham,00-0032918,RB,anytime_td,0.021,0.0,0.0,0.0,0.0,0.0
2025_05_MIN_CLE,MIN,CLE,Nick Vannett,00-0032394,TE,car,0.004,0.0,0.0,0.0,0.0,0.0
2025_05_MIN_CLE,MIN,CLE,Nick Vannett,00-0032394,TE,rush_yds,0.009,0.0,0.0,0.0,0.0,0.0
2025_05_MIN_CLE,MIN,CLE,Nick Vannett,00-0032394,TE,tgt,0.618,0.0,0.0,0.0,1.0,2.0
2025_05_MIN_CLE,MIN,CLE,Nick Vannett,00-0032394,TE,rec,0.449,0.0,0.0,0.0,1.0,1.0
2025_05_MIN_CLE,MIN,CLE,Nick Vannett,00-0032394,TE,rec_yds,4.252,0.0,0.0,0.0,5.148,14.599
2025_05_MIN_CLE,MIN,CLE,Nick Vannett,00-0032394,TE,anytime_td,0.043,0.0,0.0,0.0,0.0,0.0
2025_05_MIN_CLE,MIN,CLE,Cam Akers,00-0036414,RB,car,5.611,1.0,3.0,5.0,8.0,11.0
2025_05_MIN_CLE,MIN,CLE,Cam Akers,00-0036414,RB,rush_yds,22.34,1.633,6.597,16.614,31.232,50.801
2025_05_MIN_CLE,MIN,CLE,Cam Akers,00-0036414,RB,tgt,0.813,0.0,0.0,0.0,1.0,2.0
2025_05_MIN_CLE,MIN,CLE,Cam Akers,00-0036414,RB,rec,0.625,0.0,0.0,0.0,1.0,2.0
2025_05_MIN_CLE,MIN,CLE,Cam Akers,00-0036414,RB,rec_yds,4.19,0.0,0.0,0.0,5.79,14.476
2025_05_MIN_CLE,MIN,CLE,Cam Akers,00-0036414,RB,anytime_td,0.163,0.0,0.0,0.0,0.0,1.0
2025_05_NE_BUF,BUF,NE,Josh Allen,00-0034857,QB,att,28.652,19.0,24.0,29.0,34.0,39.0
2025_05_NE_BUF,BUF,NE,Josh Allen,00-0034857,QB,cmp,20.148,12.0,17.0,20.5,24.0,28.0
2025_05_NE_BUF,BUF,NE,Josh Allen,00-0034857,QB,pass_yds,233.105,131.718,182.327,234.742,287.305,337.265
2025_05_NE_BUF,BUF,NE,Josh Allen,00-0034857,QB,pass_td,1.667,0.0,1.0,2.0,2.0,3.0
2025_05_NE_BUF,BUF,NE,Josh Allen,00-0034857,QB,ints,0.52,0.0,0.0,0.0,1.0,2.0
2025_05_NE_BUF,BUF,NE,Josh Allen,00-0034857,QB,car,6.421,2.0,4.0,6.0,9.0,12.0
2025_05_NE_BUF,BUF,NE,Josh Allen,00-0034857,QB,rush_yds,29.922,3.109,12.208,25.046,42.977,62.167
2025_05_NE_BUF,BUF,NE,Josh Allen,00-0034857,QB,tgt,0.001,0.0,0.0,0.0,0.0,0.0
2025_05_NE_BUF,BUF,NE,Josh Allen,00-0034857,QB,rec,0.001,0.0,0.0,0.0,0.0,0.0
2025_05_NE_BUF,BUF,NE,Josh Allen,00-0034857,QB,rec_yds,0.005,0.0,0.0,0.0,0.0,0.0
2025_05_NE_BUF,BUF,NE,Josh Allen,00-0034857,QB,anytime_td,0.413,0.0,0.0,0.0,1.0,1.0
2025_05_NE_BUF,BUF,NE,James Cook,00-0037248,RB,car,16.817,9.0,12.0,16.0,21.0,26.0
2025_05_NE_BUF,BUF,NE,James Cook,00-0037248,RB,rush_yds,82.635,32.251,49.601,74.685,107.597,143.321
2025_05_NE_BUF,BUF,NE,James Cook,00-0037248,RB,tgt,2.707,0.0,1.0,2.0,4.0,5.0
2025_05_NE_BUF,BUF,NE,James Cook,00-0037248,RB,rec,2.335,0.0,1.0,2.0,3.0,5.0
2025_05_NE_BUF,BUF,NE,James Cook,00-0037248,RB,rec_yds,17.991,0.0,3.773,12.858,26.666,42.564
2025_05_NE_BUF,BUF,NE,James Cook,00-0037248,RB,anytime_td,0.521,0.0,0.0,1.0,1.0,1.0
2025_05_NE_BUF,BUF,NE,Khalil Shakir,00-0037261,WR,car,0.022,0.0,0.0,0.0,0.0,0.0
2025_05_NE_BUF,BUF,NE,Khalil Shakir,00-0037261,WR,rush_yds,0.109,0.0,0.0,0.0,0.0,0.0
2025_05_NE_BUF,BUF,NE,Khalil Shakir,00-0037261,WR,tgt,5.174,2.0,3.0,5.0,7.0,9.0
2025_05_NE_BUF,BUF,NE,Khalil Shakir,00-0037261,WR,rec,3.869,1.0,2.0,4.0,5.0,7.0
2025_05_NE_BUF,BUF,NE,Khalil Shakir,00-0037261,WR,rec_yds,48.958,9.476,22.301,42.266,68.436,96.681
2025_05_NE_BUF,BUF,NE,Khalil Shakir,00-0037261,WR,anytime_td,0.31,0.0,0.0,0.0,1.0,1.0
2025_05_NE_BUF,BUF,NE,Keon Coleman,00-0039901,WR,car,0.035,0.0,0.0,0.0,0.0,0.0
2025_05_NE_BUF,BUF,NE,Keon Coleman,00-0039901,WR,rush_yds,0.193,0.0,0.0,0.0,0.0,0.0
2025_05_NE_BUF,BUF,NE,Keon Coleman,00-0039901,WR,tgt,4.666,1.0,3.0,4.0,6.0,8.0
2025_05_NE_BUF,BUF,NE,Keon Coleman,00-0039901,WR,rec,3.202,1.0,2.0,3.0,4.0,6.0
2025_05_NE_BUF,BUF,NE,Keon Coleman,00-0039901,WR,rec_yds,42.365,5.344,16.396,34.873,60.584,90.17
2025_05_NE_BUF,BUF,NE,Keon Coleman,00-0039901,WR,anytime_td,0.213,0.0,0.0,0.0,0.0,1.0
2025_05_NE_BUF,BUF,NE,Dawson Knox,00-0035689,TE,car,0.002,0.0,0.0,0.0,0.0,0.0
2025_05_NE_BUF,BUF,NE,Dawson Knox,00-0035689,TE,rush_yds,0.005,0.0,0.0,0.0,0.0,0.0
2025_05_NE_BUF,BUF,NE,Dawson Knox,00-0035689,TE,tgt,1.962,0.0,1.0,2.0,3.0,4.0
2025_05_NE_BUF,BUF,NE,Dawson Knox,00-0035689,TE,rec,1.412,0.0,0.0,1.0,2.0,3.0
2025_05_NE_BUF,BUF,NE,Dawson Knox,00-0035689,TE,rec_yds,15.155,0.0,0.0,9.779,22.984,38.815
2025_05_NE_BUF,BUF,NE,Dawson Knox,00-0035689,TE,anytime_td,0.049,0.0,0.0,0.0,0.0,0.0
2025_05_NE_BUF,BUF,NE,Dalton Kincaid,00-0038933,TE,car,0.003,0.0,0.0,0.0,0.0,0.0
2025_05_NE_BUF,BUF,NE,Dalton Kincaid,00-0038933,TE,rush_yds,0.013,0.0,0.0,0.0,0.0,0.0
2025_05_NE_BUF,BUF,NE,Dalton Kincaid,00-0038933,TE,tgt,4.33,1.0,2.0,4.0,6.0,8.0
2025_05_NE_BUF,BUF,NE,Dalton Kincaid,00-0038933,TE,rec,3.266,1.0,2.0,3.0,4.0,6.0
2025_05_NE_BUF,BUF,NE,Dalton Kincaid,00-0038933,TE,rec_yds,37.126,5.67,14.847,31.455,52.661,75.683
2025_05_NE_BUF,BUF,NE,Dalton Kincaid,00-0038933,TE,anytime_td,0.337,0.0,0.0,0.0,1.0,1.0
2025_05_NE_BUF,BUF,NE,Josh Palmer,00-0036988,WR,car,0.012,0.0,0.0,0.0,0.0,0.0
2025_05_NE_BUF,BUF,NE,Josh Palmer,00-0036988,WR,rush_yds,0.063,0.0,0.0,0.0,0.0,0.0
2025_05_NE_BUF,BUF,NE,Josh Palmer,00-0036988,WR,tgt,3.693,1.0,2.0,3.0,5.0,7.0
2025_05_NE_BUF,BUF,NE,Josh Palmer,00-0036988,WR,rec,2.463,0.0,1.0,2.0,3.0,5.0
2025_05_NE_BUF,BUF,NE,Josh Palmer,00-0036988,WR,rec_yds,33.065,0.0,9.943,25.545,48.37,73.926
2025_05_NE_BUF,BUF,NE,Josh Palmer,00-0036988,WR,anytime_td,0.086,0.0,0.0,0.0,0.0,0.0
2025_05_NE_BUF,BUF,NE,Curtis Samuel,00-0033282,WR,car,0.148,0.0,0.0,0.0,0.0,0.0
2025_05_NE_BUF,BUF,NE,Curtis Samuel,00-0033282,WR,rush_yds,0.866,0.0,0.0,0.0,0.0,0.0
2025_05_NE_BUF,BUF,NE,Curtis Samuel,00-0033282,WR,tgt,2.941,1.0,1.0,3.0,4.0,6.0
2025_05_NE_BUF,BUF,NE,Curtis Samuel,00-0033282,WR,rec,1.978,0.0,1.0,2.0,3.0,4.0
2025_05_NE_BUF,BUF,NE,Curtis Samuel,00-0033282,WR,rec_yds,24.766,0.0,4.835,18.057,37.014,59.313
2025_05_NE_BUF,BUF,NE,Curtis Samuel,00-0033282,WR,anytime_td,0.188,0.0,0.0,0.0,0.0,1.0
2025_05_NE_BUF,BUF,NE,Jackson Hawes,00-0040194,TE,car,0.008,0.0,0.0,0.0,0.0,0.0
2025_05_NE_BUF,BUF,NE,Jackson Hawes,00-0040194,TE,rush_yds,0.013,0.0,0.0,0.0,0.0,0.0
2025_05_NE_BUF,BUF,NE,Jackson Hawes,00-0040194,TE,tgt,1.011,0.0,0.0,1.0,2.0,3.0
2025_05_NE_BUF,BUF,NE,Jackson Hawes,00-0040194,TE,rec,0.795,0.0,0.0,0.0,1.0,2.0
2025_05_NE_BUF,BUF,NE,Jackson Hawes,00-0040194,TE,rec_yds,8.776,0.0,0.0,0.0,12.966,27.368
2025_05_NE_BUF,BUF,NE,Jackson Hawes,00-0040194,TE,anytime_td,0.128,0.0,0.0,0.0,0.0,1.0
2025_05_NE_BUF,BUF,NE,Tyrell Shavers,00-0038679,WR,car,0.016,0.0,0.0,0.0,0.0,0.0
2025_05_NE_BUF,BUF,NE,Tyrell Shavers,00-0038679,WR,rush_yds,0.099,0.0,0.0,0.0,0.0,0.0
2025_05_NE_BUF,BUF,NE,Tyrell Shavers,00-0038679,WR,tgt,0.979,0.0,0.0,1.0,1.0,3.0
2025_05_NE_BUF,BUF,NE,Tyrell Shavers,00-0038679,WR,rec,0.652,0.0,0.0,0.0,1.0,2.0
2025_05_NE_BUF,BUF,NE,Tyrell Shavers,00-0038679,WR,rec_yds,8.631,0.0,0.0,0.0,11.586,28.044
2025_05_NE_BUF,BUF,NE,Tyrell Shavers,00-0038679,WR,anytime_td,0.051,0.0,0.0,0.0,0.0,0.0
2025_05_NE_BUF,BUF,NE,Ty Johnson,00-0035537,RB,car,2.86,0.0,1.0,2.0,4.0,7.0
2025_05_NE_BUF,BUF,NE,Ty Johnson,00-0035537,RB,rush_yds,12.936,0.0,0.0,6.466,18.844,35.099
2025_05_NE_BUF,BUF,NE,Ty Johnson,00-0035537,RB,tgt,1.276,0.0,0.0,1.0,2.0,3.0
2025_05_NE_BUF,BUF,NE,Ty Johnson,00-0035537,RB,rec,1.013,0.0,0.0,1.0,2.0,3.0
2025_05_NE_BUF,BUF,NE,Ty Johnson,00-0035537,RB,rec_yds,8.347,0.0,0.0,2.398,12.163,24.632
2025_05_NE_BUF,BUF,NE,Ty Johnson,00-0035537,RB,anytime_td,0.102,0.0,0.0,0.0,0.0,1.0
2025_05_NE_BUF,BUF,NE,Ray Davis,00-0039875,RB,car,3.736,0.0,1.0,3.0,5.0,9.0
2025_05_NE_BUF,BUF,NE,Ray Davis,00-0039875,RB,rush_yds,15.995,0.0,1.766,9.376,22.858,41.237
2025_05_NE_BUF,BUF,NE,Ray Davis,00-0039875,RB,tgt,0.631,0.0,0.0,0.0,1.0,2.0
2025_05_NE_BUF,BUF,NE,Ray Davis,00-0039875,RB,rec,0.511,0.0,0.0,0.0,1.0,2.0
2025_05_NE_BUF,BUF,NE,Ray Davis,00-0039875,RB,rec_yds,3.781,0.0,0.0,0.0,4.184,13.377
2025_05_NE_BUF,BUF,NE,Ray Davis,00-0039875,RB,anytime_td,0.123,0.0,0.0,0.0,0.0,1.0
2025_05_NE_BUF,NE,BUF,Drake Maye,00-0039851,QB,att,29.114,19.0,25.0,30.0,35.0,39.0
2025_05_NE_BUF,NE,BUF,Drake Maye,00-0039851,QB,cmp,19.289,12.0,16.0,20.0,23.0,27.0
2025_05_NE_BUF,NE,BUF,Drake Maye,00-0039851,QB,pass_yds,208.154,122.821,162.825,207.38,255.189,302.332
2025_05_NE_BUF,NE,BUF,Drake Maye,00-0039851,QB,pass_td,1.33,0.0,1.0,1.0,2.0,3.0
2025_05_NE_BUF,NE,BUF,Drake Maye,00-0039851,QB,ints,0.695,0.0,0.0,0.0,1.0,2.0
2025_05_NE_BUF,NE,BUF,Drake Maye,00-0039851,QB,car,4.837,2.0,3.0,4.0,6.0,9.0
2025_05_NE_BUF,NE,BUF,Drake Maye,00-0039851,QB,rush_yds,26.931,3.812,11.733,22.873,38.096,54.324
2025_05_NE_BUF,NE,BUF,Drake Maye,00-0039851,QB,tgt,0.001,0.0,0.0,0.0,0.0,0.0
2025_05_NE_BUF,NE,BUF,Drake Maye,00-0039851,QB,rec,0.001,0.0,0.0,0.0,0.0,0.0
2025_05_NE_BUF,NE,BUF,Drake Maye,00-0039851,QB,rec_yds,0.007,0.0,0.0,0.0,0.0,0.0
2025_05_NE_BUF,NE,BUF,Drake Maye,00-0039851,QB,anytime_td,0.235,0.0,0.0,0.0,0.0,1.0
2025_05_NE_BUF,NE,BUF,Hunter Henry,00-0033090,TE,car,0.001,0.0,0.0,0.0,0.0,0.0
2025_05_NE_BUF,NE,BUF,Hunter Henry,00-0033090,TE,rush_yds,0.001,0.0,0.0,0.0,0.0,0.0
2025_05_NE_BUF,NE,BUF,Hunter Henry,00-0033090,TE,tgt,5.271,2.0,3.0,5.0,7.0,9.0
2025_05_NE_BUF,NE,BUF,Hunter Henry,00-0033090,TE,rec,3.555,1.0,2.0,3.0,5.0,7.0
2025_05_NE_BUF,NE,BUF,Hunter Henry,00-0033090,TE,rec_yds,39.197,6.497,16.981,33.643,55.493,79.075
2025_05_NE_BUF,NE,BUF,Hunter Henry,00-0033090,TE,anytime_td,0.345,0.0,0.0,0.0,1.0,1.0
2025_05_NE_BUF,NE,BUF,Kayshon Boutte,00-0038608,WR,car,0.013,0.0,0.0,0.0,0.0,0.0
2025_05_NE_BUF,NE,BUF,Kayshon Boutte,00-0038608,WR,rush_yds,0.071,0.0,0.0,0.0,0.0,0.0
2025_05_NE_BUF,NE,BUF,Kayshon Boutte,00-0038608,WR,tgt,3.806,1.0,2.0,3.0,5.0,7.0
2025_05_NE_BUF,NE,BUF,Kayshon Boutte,00-0038608,WR,rec,2.383,0.0,1.0,2.0,3.0,5.0
2025_05_NE_BUF,NE,BUF,Kayshon Boutte,00-0038608,WR,rec_yds,32.192,0.0,9.422,24.946,47.544,72.903
2025_05_NE_BUF,NE,BUF,Kayshon Boutte,00-0038608,WR,anytime_td,0.181,0.0,0.0,0.0,0.0,1.0
2025_05_NE_BUF,NE,BUF,Mack Hollins,00-0033555,WR,car,0.006,0.0,0.0,0.0,0.0,0.0
2025_05_NE_BUF,NE,BUF,Mack Hollins,00-0033555,WR,rush_yds,0.034,0.0,0.0,0.0,0.0,0.0
2025_05_NE_BUF,NE,BUF,Mack Hollins,00-0033555,WR,tgt,2.35,0.0,1.0,2.0,3.0,5.0
2025_05_NE_BUF,NE,BUF,Mack Hollins,00-0033555,WR,rec,1.509,0.0,0.0,1.0,2.0,3.0
2025_05_NE_BUF,NE,BUF,Mack Hollins,00-0033555,WR,rec_yds,17.711,0.0,0.0,11.525,27.147,45.362
2025_05_NE_BUF,NE,BUF,Mack Hollins,00-0033555,WR,anytime_td,0.218,0.0,0.0,0.0,0.0,1.0
2025_05_NE_BUF,NE,BUF,Austin Hooper,00-0032392,TE,car,0.001,0.0,0.0,0.0,0.0,0.0
2025_05_NE_BUF,NE,BUF,Austin Hooper,00-0032392,TE,rush_yds,0.002,0.0,0.0,0.0,0.0,0.0
2025_05_NE_BUF,NE,BUF,Austin Hooper,00-0032392,TE,tgt,2.381,0.0,1.0,2.0,3.0,5.0
2025_05_NE_BUF,NE,BUF,Austin Hooper,00-0032392,TE,rec,1.746,0.0,1.0,1.0,3.0,4.0
2025_05_NE_BUF,NE,BUF,Austin Hooper,00-0032392,TE,rec_yds,19.209,0.0,2.011,13.529,29.512,47.167
2025_05_NE_BUF,NE,BUF,Austin Hooper,00-0032392,TE,anytime_td,0.077,0.0,0.0,0.0,0.0,0.0
2025_05_NE_BUF,NE,BUF,Rhamondre Stevenson,00-0036875,RB,car,8.749,3.0,5.0,8.0,12.0,15.0
2025_05_NE_BUF,NE,BUF,Rhamondre Stevenson,00-0036875,RB,rush_yds,36.654,7.21,16.356,30.085,49.986,74.732
2025_05_NE_BUF,NE,BUF,Rhamondre Stevenson,00-0036875,RB,tgt,2.551,0.0,1.0,2.0,4.0,5.0
2025_05_NE_BUF,NE,BUF,Rhamondre Stevenson,00-0036875,RB,rec,2.018,0.0,1.0,2.0,3.0,4.0
2025_05_NE_BUF,NE,BUF,Rhamondre Stevenson,00-0036875,RB,rec_yds,16.858,0.0,2.316,11.466,24.914,41.709
2025_05_NE_BUF,NE,BUF,Rhamondre Stevenson,00-0036875,RB,anytime_td,0.2,0.0,0.0,0.0,0.0,1.0
2025_05_NE_BUF,NE,BUF,TreVeyon Henderson,00-0040734,RB,car,6.292,1.0,3.0,6.0,9.0,12.0
2025_05_NE_BUF,NE,BUF,TreVeyon Henderson,00-0040734,RB,rush_yds,26.121,2.135,8.656,20.103,37.006,58.131
2025_05_NE_BUF,NE,BUF,TreVeyon Henderson,00-0040734,RB,tgt,2.841,0.0,1.0,2.0,4.0,6.0
2025_05_NE_BUF,NE,BUF,TreVeyon Henderson,00-0040734,RB,rec,2.288,0.0,1.0,2.0,3.0,5.0
2025_05_NE_BUF,NE,BUF,TreVeyon Henderson,00-0040734,RB,rec_yds,16.472,0.0,3.607,12.318,24.236,39.252
2025_05_NE_BUF,NE,BUF,TreVeyon Henderson,00-0040734,RB,anytime_td,0.218,0.0,0.0,0.0,0.0,1.0
2025_05_NE_BUF,NE,BUF,Stefon Diggs,00-0031588,WR,car,0.051,0.0,0.0,0.0,0.0,0.0
2025_05_NE_BUF,NE,BUF,Stefon Diggs,00-0031588,WR,rush_yds,0.275,0.0,0.0,0.0,0.0,0.0
2025_05_NE_BUF,NE,BUF,Stefon Diggs,00-0031588,WR,tgt,5.47,2.0,3.0,5.0,7.0,9.0
2025_05_NE_BUF,NE,BUF,Stefon Diggs,00-0031588,WR,rec,3.786,1.0,2.0,3.0,5.0,7.0
2025_05_NE_BUF,NE,BUF,Stefon Diggs,00-0031588,WR,rec_yds,45.941,8.241,20.107,39.473,65.459,91.129
2025_05_NE_BUF,NE,BUF,Stefon Diggs,00-0031588,WR,anytime_td,0.114,0.0,0.0,0.0,0.0,1.0
2025_05_NE_BUF,NE,BUF,DeMario Douglas,00-0038621,WR,car,0.213,0.0,0.0,0.0,0.0,0.0
2025_05_NE_BUF,NE,BUF,DeMario Douglas,00-0038621,WR,rush_yds,1.119,0.0,0.0,0.0,0.0,0.0
2025_05_NE_BUF,NE,BUF,DeMario Douglas,00-0038621,WR,tgt,3.423,1.0,2.0,3.0,5.0,6.0
2025_05_NE_BUF,NE,BUF,DeMario Douglas,00-0038621,WR,rec,2.069,0.0,1.0,2.0,3.0,4.0
2025_05_NE_BUF,NE,BUF,DeMario Douglas,00-0038621,WR,rec_yds,23.075,0.0,5.625,16.981,34.144,54.004
2025_05_NE_BUF,NE,BUF,DeMario Douglas,00-0038621,WR,anytime_td,0.179,0.0,0.0,0.0,0.0,1.0
2025_05_NE_BUF,NE,BUF,Kyle Williams,00-0040131,WR,car,0.279,0.0,0.0,0.0,0.0,1.0
2025_05_NE_BUF,NE,BUF,Kyle Williams,00-0040131,WR,rush_yds,1.54,0.0,0.0,0.0,0.0,2.011
2025_05_NE_BUF,NE,BUF,Kyle Williams,00-0040131,WR,tgt,0.62,0.0,0.0,0.0,1.0,2.0
2025_05_NE_BUF,NE,BUF,Kyle Williams,00-0040131,WR,rec,0.387,0.0,0.0,0.0,1.0,1.0
2025_05_NE_BUF,NE,BUF,Kyle Williams,00-0040131,WR,rec_yds,4.822,0.0,0.0,0.0,4.394,17.718
2025_05_NE_BUF,NE,BUF,Kyle Williams,00-0040131,WR,anytime_td,0.013,0.0,0.0,0.0,0.0,0.0
2025_05_NE_BUF,NE,BUF,Antonio Gibson,00-0036328,RB,car,5.869,1.0,3.0,5.0,8.0,12.0
2025_05_NE_BUF,NE,BUF,Antonio Gibson,00-0036328,RB,rush_yds,25.417,1.814,7.786,19.049,35.523,57.528
2025_05_NE_BUF,NE,BUF,Antonio Gibson,00-0036328,RB,tgt,0.957,0.0,0.0,1.0,1.0,3.0
2025_05_NE_BUF,NE,BUF,Antonio Gibson,00-0036328,RB,rec,0.723,0.0,0.0,0.0,1.0,2.0
2025_05_NE_BUF,NE,BUF,Antonio Gibson,00-0036328,RB,rec_yds,5.27,0.0,0.0,0.0,7.458,17.154
2025_05_NE_BUF,NE,BUF,Antonio Gibson,00-0036328,RB,anytime_td,0.165,0.0,0.0,0.0,0.0,1.0
2025_05_NYG_NO,NO,NYG,Spencer Rattler,00-0039376,QB,att,30.93,21.0,26.0,32.0,37.0,42.0
2025_05_NYG_NO,NO,NYG,Spencer Rattler,00-0039376,QB,cmp,20.111,13.0,17.0,20.0,24.0,28.0
2025_05_NYG_NO,NO,NYG,Spencer Rattler,00-0039376,QB,pass_yds,206.977,121.13,163.508,206.795,253.337,300.055
2025_05_NYG_NO,NO,NYG,Spencer Rattler,00-0039376,QB,pass_td,1.379,0.0,1.0,1.0,2.0,3.0
2025_05_NYG_NO,NO,NYG,Spencer Rattler,00-0039376,QB,ints,0.632,0.0,0.0,0.0,1.0,2.0
2025_05_NYG_NO,NO,NYG,Spencer Rattler,00-0039376,QB,car,3.942,1.0,2.0,4.0,5.0,7.0
2025_05_NYG_NO,NO,NYG,Spencer Rattler,00-0039376,QB,rush_yds,19.387,0.0,5.127,15.269,28.383,44.697
2025_05_NYG_NO,NO,NYG,Spencer Rattler,00-0039376,QB,tgt,0.0,0.0,0.0,0.0,0.0,0.0
2025_05_NYG_NO,NO,NYG,Spencer Rattler,00-0039376,QB,rec,0.0,0.0,0.0,0.0,0.0,0.0
2025_05_NYG_NO,NO,NYG,Spencer Rattler,00-0039376,QB,rec_yds,0.002,0.0,0.0,0.0,0.0,0.0
2025_05_NYG_NO,NO,NYG,Spencer Rattler,00-0039376,QB,anytime_td,0.046,0.0,0.0,0.0,0.0,0.0
2025_05_NYG_NO,NO,NYG,Juwan Johnson,00-0036040,TE,car,0.003,0.0,0.0,0.0,0.0,0.0
2025_05_NYG_NO,NO,NYG,Juwan Johnson,00-0036040,TE,rush_yds,0.001,0.0,0.0,0.0,0.0,0.0
2025_05_NYG_NO,NO,NYG,Juwan Johnson,00-0036040,TE,tgt,5.203,2.0,3.0,5.0,7.0,9.0
2025_05_NYG_NO,NO,NYG,Juwan Johnson,00-0036040,TE,rec,3.735,1.0,2.0,3.0,5.0,7.0
2025_05_NYG_NO,NO,NYG,Juwan Johnson,00-0036040,TE,rec_yds,37.287,6.746,16.715,32.207,53.258,73.72
2025_05_NYG_NO,NO,NYG,Juwan Johnson,00-0036040,TE,anytime_td,0.193,0.0,0.0,0.0,0.0,1.0
2025_05_NYG_NO,NO,NYG,Chris Olave,00-0037239,WR,car,0.021,0.0,0.0,0.0,0.0,0.0
2025_05_NYG_NO,NO,NYG,Chris Olave,00-0037239,WR,rush_yds,0.134,0.0,0.0,0.0,0.0,0.0
2025_05_NYG_NO,NO,NYG,Chris Olave,00-0037239,WR,tgt,7.257,3.0,5.0,7.0,9.0,12.0
2025_05_NYG_NO,NO,NYG,Chris Olave,00-0037239,WR,rec,4.533,2.0,3.0,4.0,6.0,8.0
2025_05_NYG_NO,NO,NYG,Chris Olave,00-0037239,WR,rec_yds,47.99,11.728,23.677,42.614,66.341,92.155
2025_05_NYG_NO,NO,NYG,Chris Olave,00-0037239,WR,anytime_td,0.243,0.0,0.0,0.0,0.0,1.0
2025_05_NYG_NO,NO,NYG,Rashid Shaheed,00-0037545,WR,car,0.621,0.0,0.0,0.0,1.0,2.0
2025_05_NYG_NO,NO,NYG,Rashid Shaheed,00-0037545,WR,rush_yds,3.37,0.0,0.0,0.0,0.0,11.831
2025_05_NYG_NO,NO,NYG,Rashid Shaheed,00-0037545,WR,tgt,5.066,2.0,3.0,5.0,7.0,9.0
2025_05_NYG_NO,NO,NYG,Rashid Shaheed,00-0037545,WR,rec,3.254,1.0,2.0,3.0,5.0,6.0
2025_05_NYG_NO,NO,NYG,Rashid Shaheed,00-0037545,WR,rec_yds,39.985,4.671,15.679,33.383,58.076,82.204
2025_05_NYG_NO,NO,NYG,Rashid Shaheed,00-0037545,WR,anytime_td,0.229,0.0,0.0,0.0,0.0,1.0
2025_05_NYG_NO,NO,NYG,Alvin Kamara,00-0033906,RB,car,14.564,7.0,10.0,14.0,18.0,23.0
2025_05_NYG_NO,NO,NYG,Alvin Kamara,00-0033906,RB,rush_yds,62.393,21.018,35.135,55.514,83.07,112.493
2025_05_NYG_NO,NO,NYG,Alvin Kamara,00-0033906,RB,tgt,3.629,1.0,2.0,3.0,5.0,7.0
2025_05_NYG_NO,NO,NYG,Alvin Kamara,00-0033906,RB,rec,2.863,1.0,1.0,3.0,4.0,6.0
2025_05_NYG_NO,NO,NYG,Alvin Kamara,00-0033906,RB,rec_yds,18.87,0.0,5.371,14.787,27.385,42.369
2025_05_NYG_NO,NO,NYG,Alvin Kamara,00-0033906,RB,anytime_td,0.374,0.0,0.0,0.0,1.0,1.0
2025_05_NYG_NO,NO,NYG,Brandin Cooks,00-0031236,WR,car,0.069,0.0,0.0,0.0,0.0,0.0
2025_05_NYG_NO,NO,NYG,Brandin Cooks,00-0031236,WR,rush_yds,0.382,0.0,0.0,0.0,0.0,0.0
2025_05_NYG_NO,NO,NYG,Brandin Cooks,00-0031236,WR,tgt,3.438,1.0,2.0,3.0,5.0,7.0
2025_05_NYG_NO,NO,NYG,Brandin Cooks,00-0031236,WR,rec,2.191,0.0,1.0,2.0,3.0,5.0
2025_05_NYG_NO,NO,NYG,Brandin Cooks,00-0031236,WR,rec_yds,25.026,0.0,6.381,18.807,36.401,58.612
2025_05_NYG_NO,NO,NYG,Brandin Cooks,00-0031236,WR,anytime_td,0.093,0.0,0.0,0.0,0.0,0.0
2025_05_NYG_NO,NO,NYG,Kendre Miller,00-0038551,RB,car,6.824,2.0,3.0,6.0,9.0,13.0
2025_05_NYG_NO,NO,NYG,Kendre Miller,00-0038551,RB,rush_yds,30.591,3.692,11.098,24.092,42.88,65.225
2025_05_NYG_NO,NO,NYG,Kendre Miller,00-0038551,RB,tgt,0.74,0.0,0.0,0.0,1.0,2.0
2025_05_NYG_NO,NO,NYG,Kendre Miller,00-0038551,RB,rec,0.587,0.0,0.0,0.0,1.0,2.0
2025_05_NYG_NO,NO,NYG,Kendre Miller,00-0038551,RB,rec_yds,4.113,0.0,0.0,0.0,5.312,14.072
2025_05_NYG_NO,NO,NYG,Kendre Miller,00-0038551,RB,anytime_td,0.266,0.0,0.0,0.0,1.0,1.0
2025_05_NYG_NO,NO,NYG,Jack Stoll,00-0036741,TE,car,0.001,0.0,0.0,0.0,0.0,0.0
2025_05_NYG_NO,NO,NYG,Jack Stoll,00-0036741,TE,rush_yds,0.007,0.0,0.0,0.0,0.0,0.0
2025_05_NYG_NO,NO,NYG,Jack Stoll,00-0036741,TE,tgt,0.808,0.0,0.0,0.0,1.0,2.0
2025_05_NYG_NO,NO,NYG,Jack Stoll,00-0036741,TE,rec,0.574,0.0,0.0,0.0,1.0,2.0
2025_05_NYG_NO,NO,NYG,Jack Stoll,00-0036741,TE,rec_yds,5.725,0.0,0.0,0.0,8.025,19.599
2025_05_NYG_NO,NO,NYG,Jack Stoll,00-0036741,TE,anytime_td,0.079,0.0,0.0,0.0,0.0,0.0
2025_05_NYG_NO,NO,NYG,Devaughn Vele,00-0039424,WR,car,0.013,0.0,0.0,0.0,0.0,0.0
2025_05_NYG_NO,NO,NYG,Devaughn Vele,00-0039424,WR,rush_yds,0.049,0.0,0.0,0.0,0.0,0.0
2025_05_NYG_NO,NO,NYG,Devaughn Vele,00-0039424,WR,tgt,1.574,0.0,0.0,1.0,2.0,4.0
2025_05_NYG_NO,NO,NYG,Devaughn Vele,00-0039424,WR,rec,1.002,0.0,0.0,1.0,2.0,3.0
2025_05_NYG_NO,NO,NYG,Devaughn Vele,00-0039424,WR,rec_yds,12.597,0.0,0.0,5.439,18.695,36.005
2025_05_NYG_NO,NO,NYG,Devaughn Vele,00-0039424,WR,anytime_td,0.137,0.0,0.0,0.0,0.0,1.0
2025_05_NYG_NO,NO,NYG,Foster Moreau,00-0034981,TE,car,0.002,0.0,0.0,0.0,0.0,0.0
2025_05_NYG_NO,NO,NYG,Foster Moreau,00-0034981,TE,rush_yds,0.004,0.0,0.0,0.0,0.0,0.0
2025_05_NYG_NO,NO,NYG,Foster Moreau,00-0034981,TE,tgt,2.436,0.0,1.0,2.0,3.0,5.0
2025_05_NYG_NO,NO,NYG,Foster Moreau,00-0034981,TE,rec,1.744,0.0,1.0,1.0,3.0,4.0
2025_05_NYG_NO,NO,NYG,Foster Moreau,00-0034981,TE,rec_yds,18.858,0.0,1.001,13.252,28.361,46.612
2025_05_NYG_NO,NO,NYG,Foster Moreau,00-0034981,TE,anytime_td,0.183,0.0,0.0,0.0,0.0,1.0
2025_05_NYG_NO,NO,NYG,Mason Tipton,00-0039623,WR,car,0.009,0.0,0.0,0.0,0.0,0.0
2025_05_NYG_NO,NO,NYG,Mason Tipton,00-0039623,WR,rush_yds,0.052,0.0,0.0,0.0,0.0,0.0
2025_05_NYG_NO,NO,NYG,Mason Tipton,00-0039623,WR,tgt,1.126,0.0,0.0,1.0,2.0,3.0
2025_05_NYG_NO,NO,NYG,Mason Tipton,00-0039623,WR,rec,0.698,0.0,0.0,0.0,1.0,2.0
2025_05_NYG_NO,NO,NYG,Mason Tipton,00-0039623,WR,rec_yds,8.454,0.0,0.0,0.0,12.255,26.539
2025_05_NYG_NO,NO,NYG,Mason Tipton,00-0039623,WR,anytime_td,0.022,0.0,0.0,0.0,0.0,0.0
2025_05_NYG_NO,NO,NYG,Velus Jones Jr.,00-0037745,RB,car,0.994,0.0,0.0,0.0,1.0,3.0
2025_05_NYG_NO,NO,NYG,Velus Jones Jr.,00-0037745,RB,rush_yds,4.438,0.0,0.0,0.0,4.605,14.728
2025_05_NYG_NO,NO,NYG,Velus Jones Jr.,00-0037745,RB,tgt,0.358,0.0,0.0,0.0,0.0,1.0
2025_05_NYG_NO,NO,NYG,Velus Jones Jr.,00-0037745,RB,rec,0.275,0.0,0.0,0.0,0.0,1.0
2025_05_NYG_NO,NO,NYG,Velus Jones Jr.,00-0037745,RB,rec_yds,2.09,0.0,0.0,0.0,0.0,7.214
2025_05_NYG_NO,NO,NYG,Velus Jones Jr.,00-0037745,RB,anytime_td,0.029,0.0,0.0,0.0,0.0,0.0
2025_05_NYG_NO,NYG,NO,Jaxson Dart,00-0040691,QB,att,28.674,19.0,24.0,29.0,34.0,39.0
2025_05_NYG_NO,NYG,NO,Jaxson Dart,00-0040691,QB,cmp,18.53,12.0,15.0,19.0,22.0,26.0
2025_05_NYG_NO,NYG,NO,Jaxson Dart,00-0040691,QB,pass_yds,199.012,114.812,155.144,198.149,243.751,288.897
2025_05_NYG_NO,NYG,NO,Jaxson Dart,00-0040691,QB,pass_td,1.232,0.0,0.0,1.0,2.0,3.0
2025_05_NYG_NO,NYG,NO,Jaxson Dart,00-0040691,QB,ints,0.615,0.0,0.0,0.0,1.0,2.0
2025_05_NYG_NO,NYG,NO,Jaxson Dart,00-0040691,QB,car,5.997,2.0,3.0,5.0,8.0,11.0
2025_05_NYG_NO,NYG,NO,Jaxson Dart,00-0040691,QB,rush_yds,27.317,2.937,10.816,23.329,38.987,56.578
2025_05_NYG_NO,NYG,NO,Jaxson Dart,00-0040691,QB,tgt,0.0,0.0,0.0,0.0,0.0,0.0
2025_05_NYG_NO,NYG,NO,Jaxson Dart,00-0040691,QB,rec,0.0,0.0,0.0,0.0,0.0,0.0
2025_05_NYG_NO,NYG,NO,Jaxson Dart,00-0040691,QB,rec_yds,0.002,0.0,0.0,0.0,0.0,0.0
2025_05_NYG_NO,NYG,NO,Jaxson Dart,00-0040691,QB,anytime_td,0.233,0.0,0.0,0.0,0.0,1.0
2025_05_NYG_NO,NYG,NO,Wan'Dale Robinson,00-0038117,WR,car,0.059,0.0,0.0,0.0,0.0,0.0
2025_05_NYG_NO,NYG,NO,Wan'Dale Robinson,00-0038117,WR,rush_yds,0.315,0.0,0.0,0.0,0.0,0.0
2025_05_NYG_NO,NYG,NO,Wan'Dale Robinson,00-0038117,WR,tgt,9.718,5.0,7.0,9.0,12.0,15.0
2025_05_NYG_NO,NYG,NO,Wan'Dale Robinson,00-0038117,WR,rec,6.16,3.0,4.0,6.0,8.0,10.0
2025_05_NYG_NO,NYG,NO,Wan'Dale Robinson,00-0038117,WR,rec_yds,74.563,25.425,43.759,68.9,99.449,129.586
2025_05_NYG_NO,NYG,NO,Wan'Dale Robinson,00-0038117,WR,anytime_td,0.223,0.0,0.0,0.0,0.0,1.0
2025_05_NYG_NO,NYG,NO,Theo Johnson,00-0039847,TE,car,0.003,0.0,0.0,0.0,0.0,0.0
2025_05_NYG_NO,NYG,NO,Theo Johnson,00-0039847,TE,rush_yds,0.005,0.0,0.0,0.0,0.0,0.0
2025_05_NYG_NO,NYG,NO,Theo Johnson,00-0039847,TE,tgt,5.399,2.0,3.0,5.0,7.0,9.0
2025_05_NYG_NO,NYG,NO,Theo Johnson,00-0039847,TE,rec,3.66,1.0,2.0,3.0,5.0,7.0
2025_05_NYG_NO,NYG,NO,Theo Johnson,00-0039847,TE,rec_yds,36.512,5.848,15.844,31.786,51.695,73.641
2025_05_NYG_NO,NYG,NO,Theo Johnson,00-0039847,TE,anytime_td,0.232,0.0,0.0,0.0,0.0,1.0
2025_05_NYG_NO,NYG,NO,Darius Slayton,00-0035535,WR,car,0.052,0.0,0.0,0.0,0.0,0.0
2025_05_NYG_NO,NYG,NO,Darius Slayton,00-0035535,WR,rush_yds,0.297,0.0,0.0,0.0,0.0,0.0
2025_05_NYG_NO,NYG,NO,Darius Slayton,00-0035535,WR,tgt,4.639,1.9,3.0,4.0,6.0,8.0
2025_05_NYG_NO,NYG,NO,Darius Slayton,00-0035535,WR,rec,2.922,1.0,1.0,3.0,4.0,6.0
2025_05_NYG_NO,NYG,NO,Darius Slayton,00-0035535,WR,rec_yds,38.643,2.558,13.775,31.831,55.401,82.483
2025_05_NYG_NO,NYG,NO,Darius Slayton,00-0035535,WR,anytime_td,0.109,0.0,0.0,0.0,0.0,1.0
2025_05_NYG_NO,NYG,NO,Cam Skattebo,00-0040715,RB,car,15.265,8.0,11.0,15.0,19.0,24.0
2025_05_NYG_NO,NYG,NO,Cam Skattebo,00-0040715,RB,rush_yds,62.735,23.458,36.666,56.447,82.418,111.098
2025_05_NYG_NO,NYG,NO,Cam Skattebo,00-0040715,RB,tgt,5.04,2.0,3.0,5.0,7.0,9.0
2025_05_NYG_NO,NYG,NO,Cam Skattebo,00-0040715,RB,rec,3.88,1.0,2.0,4.0,5.0,7.0
2025_05_NYG_NO,NYG,NO,Cam Skattebo,00-0040715,RB,rec_yds,29.538,4.144,11.845,24.632,41.627,61.281
2025_05_NYG_NO,NYG,NO,Cam Skattebo,00-0040715,RB,anytime_td,0.368,0.0,0.0,0.0,1.0,1.0
2025_05_NYG_NO,NYG,NO,Daniel Bellinger,00-0038115,TE,car,0.001,0.0,0.0,0.0,0.0,0.0
2025_05_NYG_NO,NYG,NO,Daniel Bellinger,00-0038115,TE,rush_yds,0.002,0.0,0.0,0.0,0.0,0.0
2025_05_NYG_NO,NYG,NO,Daniel Bellinger,00-0038115,TE,tgt,1.481,0.0,0.0,1.0,2.0,4.0
2025_05_NYG_NO,NYG,NO,Daniel Bellinger,00-0038115,TE,rec,1.068,0.0,0.0,1.0,2.0,3.0
2025_05_NYG_NO,NYG,NO,Daniel Bellinger,00-0038115,TE,rec_yds,11.172,0.0,0.0,5.493,16.746,31.905
2025_05_NYG_NO,NYG,NO,Daniel Bellinger,00-0038115,TE,anytime_td,0.016,0.0,0.0,0.0,0.0,0.0
2025_05_NYG_NO,NYG,NO,Jalin Hyatt,00-0038938,WR,car,0.016,0.0,0.0,0.0,0.0,0.0
2025_05_NYG_NO,NYG,NO,Jalin Hyatt,00-0038938,WR,rush_yds,0.075,0.0,0.0,0.0,0.0,0.0
2025_05_NYG_NO,NYG,NO,Jalin Hyatt,00-0038938,WR,tgt,1.195,0.0,0.0,1.0,2.0,3.0
2025_05_NYG_NO,NYG,NO,Jalin Hyatt,00-0038938,WR,rec,0.72,0.0,0.0,0.0,1.0,2.0
2025_05_NYG_NO,NYG,NO,Jalin Hyatt,00-0038938,WR,rec_yds,9.277,0.0,0.0,0.0,13.855,29.42
2025_05_NYG_NO,NYG,NO,Jalin Hyatt,00-0038938,WR,anytime_td,0.015,0.0,0.0,0.0,0.0,0.0
2025_05_NYG_NO,NYG,NO,Devin Singletary,00-0035250,RB,car,6.389,1.0,3.0,6.0,9.0,12.0
2025_05_NYG_NO,NYG,NO,Devin Singletary,00-0035250,RB,rush_yds,26.47,2.352,8.283,20.222,37.536,59.14
2025_05_NYG_NO,NYG,NO,Devin Singletary,00-0035250,RB,tgt,0.92,0.0,0.0,1.0,1.0,3.0
2025_05_NYG_NO,NYG,NO,Devin Singletary,00-0035250,RB,rec,0.716,0.0,0.0,0.0,1.0,2.0
2025_05_NYG_NO,NYG,NO,Devin Singletary,00-0035250,RB,rec_yds,5.142,0.0,0.0,0.0,7.158,17.21
2025_05_NYG_NO,NYG,NO,Devin Singletary,00-0035250,RB,anytime_td,0.106,0.0,0.0,0.0,0.0,1.0
2025_05_NYG_NO,NYG,NO,Chris Manhertz,00-0031484,TE,car,0.002,0.0,0.0,0.0,0.0,0.0
2025_05_NYG_NO,NYG,NO,Chris Manhertz,00-0031484,TE,rush_yds,0.005,0.0,0.0,0.0,0.0,0.0
2025_05_NYG_NO,NYG,NO,Chris Manhertz,00-0031484,TE,tgt,0.501,0.0,0.0,0.0,1.0,2.0
2025_05_NYG_NO,NYG,NO,Chris Manhertz,00-0031484,TE,rec,0.358,0.0,0.0,0.0,1.0,1.0
2025_05_NYG_NO,NYG,NO,Chris Manhertz,00-0031484,TE,rec_yds,3.634,0.0,0.0,0.0,1.977,13.175
2025_05_NYG_NO,NYG,NO,Chris Manhertz,00-0031484,TE,anytime_td,0.011,0.0,0.0,0.0,0.0,0.0
2025_05_TB_SEA,SEA,TB,Sam Darnold,00-0034869,QB,att,29.627,20.0,25.0,30.0,35.0,40.0
2025_05_TB_SEA,SEA,TB,Sam Darnold,00-0034869,QB,cmp,20.078,13.0,17.0,20.0,24.0,28.0
2025_05_TB_SEA,SEA,TB,Sam Darnold,00-0034869,QB,pass_yds,223.787,131.599,176.444,223.525,274.269,326.063
2025_05_TB_SEA,SEA,TB,Sam Darnold,00-0034869,QB,pass_td,1.367,0.0,1.0,1.0,2.0,3.0
2025_05_TB_SEA,SEA,TB,Sam Darnold,00-0034869,QB,ints,0.57,0.0,0.0,0.0,1.0,2.0
2025_05_TB_SEA,SEA,TB,Sam Darnold,00-0034869,QB,car,2.447,0.0,1.0,2.0,3.0,5.0
2025_05_TB_SEA,SEA,TB,Sam Darnold,00-0034869,QB,rush_yds,10.082,-1.0,0.0,5.517,15.81,28.511
2025_05_TB_SEA,SEA,TB,Sam Darnold,00-0034869,QB,tgt,0.001,0.0,0.0,0.0,0.0,0.0
2025_05_TB_SEA,SEA,TB,Sam Darnold,00-0034869,QB,rec,0.001,0.0,0.0,0.0,0.0,0.0
2025_05_TB_SEA,SEA,TB,Sam Darnold,00-0034869,QB,rec_yds,0.009,0.0,0.0,0.0,0.0,0.0
2025_05_TB_SEA,SEA,TB,Sam Darnold,00-0034869,QB,anytime_td,0.03,0.0,0.0,0.0,0.0,0.0
2025_05_TB_SEA,SEA,TB,Jaxon Smith-Njigba,00-0038543,WR,car,0.663,0.0,0.0,0.0,1.0,2.0
2025_05_TB_SEA,SEA,TB,Jaxon Smith-Njigba,00-0038543,WR,rush_yds,3.543,0.0,0.0,0.0,0.0,12.164
2025_05_TB_SEA,SEA,TB,Jaxon Smith-Njigba,00-0038543,WR,tgt,8.968,4.0,6.0,9.0,11.0,14.0
2025_05_TB_SEA,SEA,TB,Jaxon Smith-Njigba,00-0038543,WR,rec,6.291,3.0,4.0,6.0,8.0,10.0
2025_05_TB_SEA,SEA,TB,Jaxon Smith-Njigba,00-0038543,WR,rec_yds,83.229,29.136,48.827,76.979,110.111,146.463
2025_05_TB_SEA,SEA,TB,Jaxon Smith-Njigba,00-0038543,WR,anytime_td,0.292,0.0,0.0,0.0,1.0,1.0
2025_05_TB_SEA,SEA,TB,Cooper Kupp,00-0033908,WR,car,0.022,0.0,0.0,0.0,0.0,0.0
2025_05_TB_SEA,SEA,TB,Cooper Kupp,00-0033908,WR,rush_yds,0.116,0.0,0.0,0.0,0.0,0.0
2025_05_TB_SEA,SEA,TB,Cooper Kupp,00-0033908,WR,tgt,6.168,3.0,4.0,6.0,8.0,10.0
2025_05_TB_SEA,SEA,TB,Cooper Kupp,00-0033908,WR,rec,4.159,1.0,2.0,4.0,6.0,7.0
2025_05_TB_SEA,SEA,TB,Cooper Kupp,00-0033908,WR,rec_yds,48.439,10.705,22.8,43.299,67.374,93.293
2025_05_TB_SEA,SEA,TB,Cooper Kupp,00-0033908,WR,anytime_td,0.168,0.0,0.0,0.0,0.0,1.0
2025_05_TB_SEA,SEA,TB,AJ Barner,00-0039793,TE,car,0.241,0.0,0.0,0.0,0.0,1.0
2025_05_TB_SEA,SEA,TB,AJ Barner,00-0039793,TE,rush_yds,0.555,0.0,0.0,0.0,0.0,0.0
2025_05_TB_SEA,SEA,TB,AJ Barner,00-0039793,TE,tgt,2.708,0.0,1.0,2.0,4.0,5.0
2025_05_TB_SEA,SEA,TB,AJ Barner,00-0039793,TE,rec,2.01,0.0,1.0,2.0,3.0,4.0
2025_05_TB_SEA,SEA,TB,AJ Barner,00-0039793,TE,rec_yds,20.205,0.0,4.827,14.809,29.908,48.095
2025_05_TB_SEA,SEA,TB,AJ Barner,00-0039793,TE,anytime_td,0.275,0.0,0.0,0.0,1.0,1.0
2025_05_TB_SEA,SEA,TB,Zach Charbonnet,00-0039165,RB,car,10.205,4.0,6.0,9.0,14.0,17.0
2025_05_TB_SEA,SEA,TB,Zach Charbonnet,00-0039165,RB,rush_yds,38.166,9.137,18.387,32.47,51.965,74.523
2025_05_TB_SEA,SEA,TB,Zach Charbonnet,00-0039165,RB,tgt,1.719,0.0,0.0,1.0,3.0,4.0
2025_05_TB_SEA,SEA,TB,Zach Charbonnet,00-0039165,RB,rec,1.376,0.0,0.0,1.0,2.0,3.0
2025_05_TB_SEA,SEA,TB,Zach Charbonnet,00-0039165,RB,rec_yds,9.37,0.0,0.0,4.915,13.816,26.138
2025_05_TB_SEA,SEA,TB,Zach Charbonnet,00-0039165,RB,anytime_td,0.431,0.0,0.0,0.0,1.0,1.0
2025_05_TB_SEA,SEA,TB,Tory Horton,00-0040648,WR,car,0.007,0.0,0.0,0.0,0.0,0.0
2025_05_TB_SEA,SEA,TB,Tory Horton,00-0040648,WR,rush_yds,0.04,0.0,0.0,0.0,0.0,0.0
2025_05_TB_SEA,SEA,TB,Tory Horton,00-0040648,WR,tgt,3.184,1.0,2.0,3.0,4.0,6.0
2025_05_TB_SEA,SEA,TB,Tory Horton,00-0040648,WR,rec,2.0,0.0,1.0,2.0,3.0,4.0
2025_05_TB_SEA,SEA,TB,Tory Horton,00-0040648,WR,rec_yds,24.503,0.0,5.684,18.193,35.886,59.046
2025_05_TB_SEA,SEA,TB,Tory Horton,00-0040648,WR,anytime_td,0.256,0.0,0.0,0.0,1.0,1.0
2025_05_TB_SEA,SEA,TB,Kenneth Walker III,00-0038134,RB,car,12.858,6.0,8.75,12.0,17.0,21.0
2025_05_TB_SEA,SEA,TB,Kenneth Walker III,00-0038134,RB,rush_yds,51.882,15.954,27.751,45.519,69.255,95.915
2025_05_TB_SEA,SEA,TB,Kenneth Walker III,00-0038134,RB,tgt,2.975,0.0,1.0,3.0,4.0,6.0
2025_05_TB_SEA,SEA,TB,Kenneth Walker III,00-0038134,RB,rec,2.402,0.0,1.0,2.0,3.0,5.0
2025_05_TB_SEA,SEA,TB,Kenneth Walker III,00-0038134,RB,rec_yds,17.862,0.0,3.947,12.749,26.053,43.001
2025_05_TB_SEA,SEA,TB,Kenneth Walker III,00-0038134,RB,anytime_td,0.454,0.0,0.0,0.0,1.0,1.0
2025_05_TB_SEA,SEA,TB,Elijah Arroyo,00-0040739,TE,car,0.001,0.0,0.0,0.0,0.0,0.0
2025_05_TB_SEA,SEA,TB,Elijah Arroyo,00-0040739,TE,rush_yds,0.004,0.0,0.0,0.0,0.0,0.0
2025_05_TB_SEA,SEA,TB,Elijah Arroyo,00-0040739,TE,tgt,2.785,0.0,1.0,2.0,4.0,6.0
2025_05_TB_SEA,SEA,TB,Elijah Arroyo,00-0040739,TE,rec,1.933,0.0,1.0,2.0,3.0,4.0
2025_05_TB_SEA,SEA,TB,Elijah Arroyo,00-0040739,TE,rec_yds,20.918,0.0,4.761,15.377,31.379,49.716
2025_05_TB_SEA,SEA,TB,Elijah Arroyo,00-0040739,TE,anytime_td,0.089,0.0,0.0,0.0,0.0,0.0
2025_05_TB_SEA,SEA,TB,Eric Saubert,00-0033576,TE,car,0.001,0.0,0.0,0.0,0.0,0.0
2025_05_TB_SEA,SEA,TB,Eric Saubert,00-0033576,TE,rush_yds,0.002,0.0,0.0,0.0,0.0,0.0
2025_05_TB_SEA,SEA,TB,Eric Saubert,00-0033576,TE,tgt,0.664,0.0,0.0,0.0,1.0,2.0
2025_05_TB_SEA,SEA,TB,Eric Saubert,00-0033576,TE,rec,0.483,0.0,0.0,0.0,1.0,2.0
2025_05_TB_SEA,SEA,TB,Eric Saubert,00-0033576,TE,rec_yds,4.823,0.0,0.0,0.0,6.009,17.045
2025_05_TB_SEA,SEA,TB,Eric Saubert,00-0033576,TE,anytime_td,0.032,0.0,0.0,0.0,0.0,0.0
2025_05_TB_SEA,SEA,TB,Jake Bobo,00-0038752,WR,car,0.013,0.0,0.0,0.0,0.0,0.0
2025_05_TB_SEA,SEA,TB,Jake Bobo,00-0038752,WR,rush_yds,0.08,0.0,0.0,0.0,0.0,0.0
2025_05_TB_SEA,SEA,TB,Jake Bobo,00-0038752,WR,tgt,0.797,0.0,0.0,0.0,1.0,2.0
2025_05_TB_SEA,SEA,TB,Jake Bobo,00-0038752,WR,rec,0.52,0.0,0.0,0.0,1.0,2.0
2025_05_TB_SEA,SEA,TB,Jake Bobo,00-0038752,WR,rec_yds,6.477,0.0,0.0,0.0,8.304,22.025
2025_05_TB_SEA,SEA,TB,Jake Bobo,00-0038752,WR,anytime_td,0.044,0.0,0.0,0.0,0.0,0.0
2025_05_TB_SEA,TB,SEA,Baker Mayfield,00-0034855,QB,att,30.596,20.0,26.0,31.0,37.0,41.0
2025_05_TB_SEA,TB,SEA,Baker Mayfield,00-0034855,QB,cmp,19.991,12.0,16.0,20.0,24.0,28.0
2025_05_TB_SEA,TB,SEA,Baker Mayfield,00-0034855,QB,pass_yds,209.464,122.036,165.298,209.717,258.433,302.206
2025_05_TB_SEA,TB,SEA,Baker Mayfield,00-0034855,QB,pass_td,1.307,0.0,0.0,1.0,2.0,3.0
2025_05_TB_SEA,TB,SEA,Baker Mayfield,00-0034855,QB,ints,0.71,0.0,0.0,0.0,1.0,2.0
2025_05_TB_SEA,TB,SEA,Baker Mayfield,00-0034855,QB,car,3.631,1.0,2.0,3.0,5.0,7.0
2025_05_TB_SEA,TB,SEA,Baker Mayfield,00-0034855,QB,rush_yds,21.818,0.0,6.66,17.667,32.021,48.24
2025_05_TB_SEA,TB,SEA,Baker Mayfield,00-0034855,QB,tgt,0.0,0.0,0.0,0.0,0.0,0.0
2025_05_TB_SEA,TB,SEA,Baker Mayfield,00-0034855,QB,rec,0.0,0.0,0.0,0.0,0.0,0.0
2025_05_TB_SEA,TB,SEA,Baker Mayfield,00-0034855,QB,rec_yds,0.003,0.0,0.0,0.0,0.0,0.0
2025_05_TB_SEA,TB,SEA,Baker Mayfield,00-0034855,QB,anytime_td,0.049,0.0,0.0,0.0,0.0,0.0
2025_05_TB_SEA,TB,SEA,Cade Otton,00-0038129,TE,car,0.017,0.0,0.0,0.0,0.0,0.0
2025_05_TB_SEA,TB,SEA,Cade Otton,00-0038129,TE,rush_yds,0.033,0.0,0.0,0.0,0.0,0.0
2025_05_TB_SEA,TB,SEA,Cade Otton,00-0038129,TE,tgt,3.74,1.0,2.0,3.0,5.0,7.0
2025_05_TB_SEA,TB,SEA,Cade Otton,00-0038129,TE,rec,2.681,0.0,1.0,2.0,4.0,5.0
2025_05_TB_SEA,TB,SEA,Cade Otton,00-0038129,TE,rec_yds,24.367,0.0,8.525,19.572,35.716,52.925
2025_05_TB_SEA,TB,SEA,Cade Otton,00-0038129,TE,anytime_td,0.091,0.0,0.0,0.0,0.0,0.0
2025_05_TB_SEA,TB,SEA,Emeka Egbuka,00-0040129,WR,car,0.816,0.0,0.0,0.0,1.0,3.0
2025_05_TB_SEA,TB,SEA,Emeka Egbuka,00-0040129,WR,rush_yds,4.071,0.0,0.0,0.0,2.866,14.108
2025_05_TB_SEA,TB,SEA,Emeka Egbuka,00-0040129,WR,tgt,7.243,3.0,5.0,7.0,9.0,12.0
2025_05_TB_SEA,TB,SEA,Emeka Egbuka,00-0040129,WR,rec,4.547,2.0,3.0,4.0,6.0,8.0
2025_05_TB_SEA,TB,SEA,Emeka Egbuka,00-0040129,WR,rec_yds,57.652,13.295,28.529,51.107,79.6,111.102
2025_05_TB_SEA,TB,SEA,Emeka Egbuka,00-0040129,WR,anytime_td,0.375,0.0,0.0,0.0,1.0,1.0
2025_05_TB_SEA,TB,SEA,Rachaad White,00-0037256,RB,car,11.072,5.0,7.0,10.0,14.0,18.0
2025_05_TB_SEA,TB,SEA,Rachaad White,00-0037256,RB,rush_yds,43.471,11.412,21.734,37.518,57.955,82.623
2025_05_TB_SEA,TB,SEA,Rachaad White,00-0037256,RB,tgt,2.673,0.0,1.0,2.0,4.0,5.0
2025_05_TB_SEA,TB,SEA,Rachaad White,00-0037256,RB,rec,2.236,0.0,1.0,2.0,3.0,5.0
2025_05_TB_SEA,TB,SEA,Rachaad White,00-0037256,RB,rec_yds,14.379,0.0,2.653,10.052,21.123,35.618
2025_05_TB_SEA,TB,SEA,Rachaad White,00-0037256,RB,anytime_td,0.268,0.0,0.0,0.0,1.0,1.0
2025_05_TB_SEA,TB,SEA,Chris Godwin Jr.,00-0033921,WR,car,0.218,0.0,0.0,0.0,0.0,1.0
2025_05_TB_SEA,TB,SEA,Chris Godwin Jr.,00-0033921,WR,rush_yds,1.114,0.0,0.0,0.0,0.0,0.0
2025_05_TB_SEA,TB,SEA,Chris Godwin Jr.,00-0033921,WR,tgt,8.009,4.0,6.0,8.0,10.0,13.0
2025_05_TB_SEA,TB,SEA,Chris Godwin Jr.,00-0033921,WR,rec,5.159,2.0,3.0,5.0,7.0,9.0
2025_05_TB_SEA,TB,SEA,Chris Godwin Jr.,00-0033921,WR,rec_yds,57.054,16.486,30.41,50.755,78.457,105.585
2025_05_TB_SEA,TB,SEA,Chris Godwin Jr.,00-0033921,WR,anytime_td,0.238,0.0,0.0,0.0,0.0,1.0
2025_05_TB_SEA,TB,SEA,Sterling Shepard,00-0032385,WR,car,0.575,0.0,0.0,0.0,1.0,2.0
2025_05_TB_SEA,TB,SEA,Sterling Shepard,00-0032385,WR,rush_yds,2.917,0.0,0.0,0.0,0.0,9.947
2025_05_TB_SEA,TB,SEA,Sterling Shepard,00-0032385,WR,tgt,4.137,1.0,2.0,4.0,6.0,8.0
2025_05_TB_SEA,TB,SEA,Sterling Shepard,00-0032385,WR,rec,2.759,1.0,1.0,2.0,4.0,5.0
2025_05_TB_SEA,TB,SEA,Sterling Shepard,00-0032385,WR,rec_yds,31.976,0.0,11.094,25.868,45.986,68.462
2025_05_TB_SEA,TB,SEA,Sterling Shepard,00-0032385,WR,anytime_td,0.078,0.0,0.0,0.0,0.0,0.0
2025_05_TB_SEA,TB,SEA,Tez Johnson,00-0040237,WR,car,0.637,0.0,0.0,0.0,1.0,2.0
2025_05_TB_SEA,TB,SEA,Tez Johnson,00-0040237,WR,rush_yds,3.273,0.0,0.0,0.0,0.0,11.493
2025_05_TB_SEA,TB,SEA,Tez Johnson,00-0040237,WR,tgt,1.145,0.0,0.0,1.0,2.0,3.0
2025_05_TB_SEA,TB,SEA,Tez Johnson,00-0040237,WR,rec,0.729,0.0,0.0,0.0,1.0,2.0
2025_05_TB_SEA,TB,SEA,Tez Johnson,00-0040237,WR,rec_yds,8.304,0.0,0.0,0.0,12.171,26.568
2025_05_TB_SEA,TB,SEA,Tez Johnson,00-0040237,WR,anytime_td,0.027,0.0,0.0,0.0,0.0,0.0
2025_05_TB_SEA,TB,SEA,Payne Durham,00-0039050,TE,car,0.003,0.0,0.0,0.0,0.0,0.0
2025_05_TB_SEA,TB,SEA,Payne Durham,00-0039050,TE,rush_yds,0.006,0.0,0.0,0.0,0.0,0.0
2025_05_TB_SEA,TB,SEA,Payne Durham,00-0039050,TE,tgt,0.68,0.0,0.0,0.0,1.0,2.0
2025_05_TB_SEA,TB,SEA,Payne Durham,00-0039050,TE,rec,0.499,0.0,0.0,0.0,1.0,2.0
2025_05_TB_SEA,TB,SEA,Payne Durham,00-0039050,TE,rec_yds,4.725,0.0,0.0,0.0,5.877,16.805
2025_05_TB_SEA,TB,SEA,Payne Durham,00-0039050,TE,anytime_td,0.04,0.0,0.0,0.0,0.0,0.0
2025_05_TB_SEA,TB,SEA,Sean Tucker,00-0038951,RB,car,4.741,1.0,2.0,4.0,7.0,10.0
2025_05_TB_SEA,TB,SEA,Sean Tucker,00-0038951,RB,rush_yds,19.253,0.0,4.584,13.878,27.25,45.453
2025_05_TB_SEA,TB,SEA,Sean Tucker,00-0038951,RB,tgt,0.525,0.0,0.0,0.0,1.0,2.0
2025_05_TB_SEA,TB,SEA,Sean Tucker,00-0038951,RB,rec,0.42,0.0,0.0,0.0,1.0,1.0
2025_05_TB_SEA,TB,SEA,Sean Tucker,00-0038951,RB,rec_yds,2.916,0.0,0.0,0.0,1.897,10.421
2025_05_TB_SEA,TB,SEA,Sean Tucker,00-0038951,RB,anytime_td,0.088,0.0,0.0,0.0,0.0,0.0
2025_05_TB_SEA,TB,SEA,Ryan Miller,00-0038824,WR,car,0.02,0.0,0.0,0.0,0.0,0.0
2025_05_TB_SEA,TB,SEA,Ryan Miller,00-0038824,WR,rush_yds,0.088,0.0,0.0,0.0,0.0,0.0
2025_05_TB_SEA,TB,SEA,Ryan Miller,00-0038824,WR,tgt,1.041,0.0,0.0,1.0,2.0,3.0
2025_05_TB_SEA,TB,SEA,Ryan Miller,00-0038824,WR,rec,0.663,0.0,0.0,0.0,1.0,2.0
2025_05_TB_SEA,TB,SEA,Ryan Miller,00-0038824,WR,rec_yds,7.848,0.0,0.0,0.0,11.012,25.8
2025_05_TB_SEA,TB,SEA,Ryan Miller,00-0038824,WR,anytime_td,0.08,0.0,0.0,0.0,0.0,0.0
2025_05_TB_SEA,TB,SEA,Devin Culp,00-0039754,TE,car,0.003,0.0,0.0,0.0,0.0,0.0
2025_05_TB_SEA,TB,SEA,Devin Culp,00-0039754,TE,rush_yds,0.01,0.0,0.0,0.0,0.0,0.0
2025_05_TB_SEA,TB,SEA,Devin Culp,00-0039754,TE,tgt,1.224,0.0,0.0,1.0,2.0,3.0
2025_05_TB_SEA,TB,SEA,Devin Culp,00-0039754,TE,rec,0.916,0.0,0.0,1.0,1.0,2.0
2025_05_TB_SEA,TB,SEA,Devin Culp,00-0039754,TE,rec_yds,8.87,0.0,0.0,2.042,13.137,26.643
2025_05_TB_SEA,TB,SEA,Devin Culp,00-0039754,TE,anytime_td,0.021,0.0,0.0,0.0,0.0,0.0
2025_05_TB_SEA,TB,SEA,Josh Williams,00-0040429,RB,car,4.927,1.0,2.0,4.0,7.0,10.0
2025_05_TB_SEA,TB,SEA,Josh Williams,00-0040429,RB,rush_yds,19.305,0.0,4.935,13.448,27.644,45.522
2025_05_TB_SEA,TB,SEA,Josh Williams,00-0040429,RB,tgt,0.772,0.0,0.0,0.0,1.0,2.0
2025_05_TB_SEA,TB,SEA,Josh Williams,00-0040429,RB,rec,0.618,0.0,0.0,0.0,1.0,2.0
2025_05_TB_SEA,TB,SEA,Josh Williams,00-0040429,RB,rec_yds,4.201,0.0,0.0,0.0,5.572,14.046
2025_05_TB_SEA,TB,SEA,Josh Williams,00-0040429,RB,anytime_td,0.101,0.0,0.0,0.0,0.0,1.0
2025_05_TEN_ARI,ARI,TEN,Kyler Murray,00-0035228,QB,att,30.417,21.0,26.0,31.0,36.0,41.0
2025_05_TEN_ARI,ARI,TEN,Kyler Murray,00-0035228,QB,cmp,20.9,13.0,17.0,21.0,25.0,29.0
2025_05_TEN_ARI,ARI,TEN,Kyler Murray,00-0035228,QB,pass_yds,222.49,130.35,173.888,223.101,271.779,320.29
2025_05_TEN_ARI,ARI,TEN,Kyler Murray,00-0035228,QB,pass_td,1.655,0.0,1.0,2.0,2.0,3.0
2025_05_TEN_ARI,ARI,TEN,Kyler Murray,00-0035228,QB,ints,0.602,0.0,0.0,0.0,1.0,2.0
2025_05_TEN_ARI,ARI,TEN,Kyler Murray,00-0035228,QB,car,7.046,2.0,4.0,6.0,9.0,12.0
2025_05_TEN_ARI,ARI,TEN,Kyler Murray,00-0035228,QB,rush_yds,32.682,5.073,14.589,28.21,46.525,65.561
2025_05_TEN_ARI,ARI,TEN,Kyler Murray,00-0035228,QB,tgt,0.001,0.0,0.0,0.0,0.0,0.0
2025_05_TEN_ARI,ARI,TEN,Kyler Murray,00-0035228,QB,rec,0.0,0.0,0.0,0.0,0.0,0.0
2025_05_TEN_ARI,ARI,TEN,Kyler Murray,00-0035228,QB,rec_yds,0.001,0.0,0.0,0.0,0.0,0.0
2025_05_TEN_ARI,ARI,TEN,Kyler Murray,00-0035228,QB,anytime_td,0.159,0.0,0.0,0.0,0.0,1.0
2025_05_TEN_ARI,ARI,TEN,Trey McBride,00-0037744,TE,car,0.032,0.0,0.0,0.0,0.0,0.0
2025_05_TEN_ARI,ARI,TEN,Trey McBride,00-0037744,TE,rush_yds,0.071,0.0,0.0,0.0,0.0,0.0
2025_05_TEN_ARI,ARI,TEN,Trey McBride,00-0037744,TE,tgt,8.497,4.0,6.0,8.0,11.0,13.0
2025_05_TEN_ARI,ARI,TEN,Trey McBride,00-0037744,TE,rec,6.424,3.0,4.0,6.0,8.0,10.0
2025_05_TEN_ARI,ARI,TEN,Trey McBride,00-0037744,TE,rec_yds,63.524,21.98,37.083,58.496,84.99,112.284
2025_05_TEN_ARI,ARI,TEN,Trey McBride,00-0037744,TE,anytime_td,0.321,0.0,0.0,0.0,1.0,1.0
2025_05_TEN_ARI,ARI,TEN,Marvin Harrison Jr.,00-0039849,WR,car,0.019,0.0,0.0,0.0,0.0,0.0
2025_05_TEN_ARI,ARI,TEN,Marvin Harrison Jr.,00-0039849,WR,rush_yds,0.109,0.0,0.0,0.0,0.0,0.0
2025_05_TEN_ARI,ARI,TEN,Marvin Harrison Jr.,00-0039849,WR,tgt,6.754,3.0,4.0,6.0,9.0,11.0
2025_05_TEN_ARI,ARI,TEN,Marvin Harrison Jr.,00-0039849,WR,rec,4.357,1.0,3.0,4.0,6.0,8.0
2025_05_TEN_ARI,ARI,TEN,Marvin Harrison Jr.,00-0039849,WR,rec_yds,54.59,12.136,26.526,47.591,75.189,106.186
2025_05_TEN_ARI,ARI,TEN,Marvin Harrison Jr.,00-0039849,WR,anytime_td,0.358,0.0,0.0,0.0,1.0,1.0
2025_05_TEN_ARI,ARI,TEN,Michael Wilson,00-0038559,WR,car,0.102,0.0,0.0,0.0,0.0,0.0
2025_05_TEN_ARI,ARI,TEN,Michael Wilson,00-0038559,WR,rush_yds,0.65,0.0,0.0,0.0,0.0,0.0
2025_05_TEN_ARI,ARI,TEN,Michael Wilson,00-0038559,WR,tgt,3.759,1.0,2.0,3.0,5.0,7.0
2025_05_TEN_ARI,ARI,TEN,Michael Wilson,00-0038559,WR,rec,2.406,0.0,1.0,2.0,3.0,5.0
2025_05_TEN_ARI,ARI,TEN,Michael Wilson,00-0038559,WR,rec_yds,28.058,0.0,8.329,22.027,41.046,63.342
2025_05_TEN_ARI,ARI,TEN,Michael Wilson,00-0038559,WR,anytime_td,0.219,0.0,0.0,0.0,0.0,1.0
2025_05_TEN_ARI,ARI,TEN,Michael Carter,00-0036924,RB,car,9.465,3.0,6.0,9.0,13.0,17.0
2025_05_TEN_ARI,ARI,TEN,Michael Carter,00-0036924,RB,rush_yds,43.602,9.479,20.273,36.444,60.414,87.087
2025_05_TEN_ARI,ARI,TEN,Michael Carter,00-0036924,RB,tgt,1.421,0.0,0.0,1.0,2.0,3.0
2025_05_TEN_ARI,ARI,TEN,Michael Carter,00-0036924,RB,rec,1.203,0.0,0.0,1.0,2.0,3.0
2025_05_TEN_ARI,ARI,TEN,Michael Carter,00-0036924,RB,rec_yds,8.443,0.0,0.0,3.962,12.779,23.774
2025_05_TEN_ARI,ARI,TEN,Michael Carter,00-0036924,RB,anytime_td,0.21,0.0,0.0,0.0,0.0,1.0
2025_05_TEN_ARI,ARI,TEN,Zay Jones,00-0033891,WR,car,0.02,0.0,0.0,0.0,0.0,0.0
2025_05_TEN_ARI,ARI,TEN,Zay Jones,00-0033891,WR,rush_yds,0.109,0.0,0.0,0.0,0.0,0.0
2025_05_TEN_ARI,ARI,TEN,Zay Jones,00-0033891,WR,tgt,1.65,0.0,0.0,1.0,2.0,4.0
2025_05_TEN_ARI,ARI,TEN,Zay Jones,00-0033891,WR,rec,1.12,0.0,0.0,1.0,2.0,3.0
2025_05_TEN_ARI,ARI,TEN,Zay Jones,00-0033891,WR,rec_yds,13.912,0.0,0.0,6.879,20.924,39.952
2025_05_TEN_ARI,ARI,TEN,Zay Jones,00-0033891,WR,anytime_td,0.036,0.0,0.0,0.0,0.0,0.0
2025_05_TEN_ARI,ARI,TEN,Tip Reiman,00-0039737,TE,car,0.005,0.0,0.0,0.0,0.0,0.0
2025_05_TEN_ARI,ARI,TEN,Tip Reiman,00-0039737,TE,rush_yds,0.013,0.0,0.0,0.0,0.0,0.0
2025_05_TEN_ARI,ARI,TEN,Tip Reiman,00-0039737,TE,tgt,0.93,0.0,0.0,1.0,1.0,3.0
2025_05_TEN_ARI,ARI,TEN,Tip Reiman,00-0039737,TE,rec,0.713,0.0,0.0,0.0,1.0,2.0
2025_05_TEN_ARI,ARI,TEN,Tip Reiman,00-0039737,TE,rec_yds,7.077,0.0,0.0,0.0,10.148,22.679
2025_05_TEN_ARI,ARI,TEN,Tip Reiman,00-0039737,TE,anytime_td,0.014,0.0,0.0,0.0,0.0,0.0
2025_05_TEN_ARI,ARI,TEN,Elijah Higgins,00-0039041,TE,car,0.001,0.0,0.0,0.0,0.0,0.0
2025_05_TEN_ARI,ARI,TEN,Elijah Higgins,00-0039041,TE,rush_yds,0.002,0.0,0.0,0.0,0.0,0.0
2025_05_TEN_ARI,ARI,TEN,Elijah Higgins,00-0039041,TE,tgt,1.314,0.0,0.0,1.0,2.0,3.0
2025_05_TEN_ARI,ARI,TEN,Elijah Higgins,00-0039041,TE,rec,1.007,0.0,0.0,1.0,2.0,3.0
2025_05_TEN_ARI,ARI,TEN,Elijah Higgins,00-0039041,TE,rec_yds,10.493,0.0,0.0,4.466,15.78,30.613
2025_05_TEN_ARI,ARI,TEN,Elijah Higgins,00-0039041,TE,anytime_td,0.05,0.0,0.0,0.0,0.0,0.0
2025_05_TEN_ARI,ARI,TEN,Emari Demercado,00-0038705,RB,car,3.159,0.0,1.0,2.0,5.0,7.0
2025_05_TEN_ARI,ARI,TEN,Emari Demercado,00-0038705,RB,rush_yds,14.317,0.0,0.0,8.364,20.744,37.151
2025_05_TEN_ARI,ARI,TEN,Emari Demercado,00-0038705,RB,tgt,1.293,0.0,0.0,1.0,2.0,3.0
2025_05_TEN_ARI,ARI,TEN,Emari Demercado,00-0038705,RB,rec,1.07,0.0,0.0,1.0,2.0,3.0
2025_05_TEN_ARI,ARI,TEN,Emari Demercado,00-0038705,RB,rec_yds,7.797,0.0,0.0,2.15,11.574,23.464
2025_05_TEN_ARI,ARI,TEN,Emari Demercado,00-0038705,RB,anytime_td,0.226,0.0,0.0,0.0,0.0,1.0
2025_05_TEN_ARI,ARI,TEN,Bam Knight,00-0037157,RB,car,6.286,1.0,3.0,6.0,9.0,12.0
2025_05_TEN_ARI,ARI,TEN,Bam Knight,00-0037157,RB,rush_yds,28.633,2.982,9.889,22.685,39.897,61.413
2025_05_TEN_ARI,ARI,TEN,Bam Knight,00-0037157,RB,tgt,0.874,0.0,0.0,0.0,1.0,2.0
2025_05_TEN_ARI,ARI,TEN,Bam Knight,00-0037157,RB,rec,0.742,0.0,0.0,0.0,1.0,2.0
2025_05_TEN_ARI,ARI,TEN,Bam Knight,00-0037157,RB,rec_yds,5.409,0.0,0.0,0.0,7.582,17.626
2025_05_TEN_ARI,ARI,TEN,Bam Knight,00-0037157,RB,anytime_td,0.128,0.0,0.0,0.0,0.0,1.0
2025_05_TEN_ARI,ARI,TEN,Greg Dortch,00-0035500,WR,car,0.877,0.0,0.0,0.0,1.0,3.0
2025_05_TEN_ARI,ARI,TEN,Greg Dortch,00-0035500,WR,rush_yds,5.15,0.0,0.0,0.0,4.347,17.854
2025_05_TEN_ARI,ARI,TEN,Greg Dortch,00-0035500,WR,tgt,2.535,0.0,1.0,2.0,4.0,5.0
2025_05_TEN_ARI,ARI,TEN,Greg Dortch,00-0035500,WR,rec,1.855,0.0,1.0,2.0,3.0,4.0
2025_05_TEN_ARI,ARI,TEN,Greg Dortch,00-0035500,WR,rec_yds,20.976,0.0,3.095,14.586,31.42,53.1
2025_05_TEN_ARI,ARI,TEN,Greg Dortch,00-0035500,WR,anytime_td,0.134,0.0,0.0,0.0,0.0,1.0
2025_05_TEN_ARI,ARI,TEN,Simi Fehoko,00-0036646,WR,car,0.044,0.0,0.0,0.0,0.0,0.0
2025_05_TEN_ARI,ARI,TEN,Simi Fehoko,00-0036646,WR,rush_yds,0.26,0.0,0.0,0.0,0.0,0.0
2025_05_TEN_ARI,ARI,TEN,Simi Fehoko,00-0036646,WR,tgt,1.862,0.0,1.0,1.0,3.0,4.0
2025_05_TEN_ARI,ARI,TEN,Simi Fehoko,00-0036646,WR,rec,1.213,0.0,0.0,1.0,2.0,3.0
2025_05_TEN_ARI,ARI,TEN,Simi Fehoko,00-0036646,WR,rec_yds,15.206,0.0,0.0,7.997,22.62,43.631
2025_05_TEN_ARI,ARI,TEN,Simi Fehoko,00-0036646,WR,anytime_td,0.065,0.0,0.0,0.0,0.0,0.0
2025_05_TEN_ARI,TEN,ARI,Cam Ward,00-0040676,QB,att,29.594,20.0,25.0,30.0,35.0,40.0
2025_05_TEN_ARI,TEN,ARI,Cam Ward,00-0040676,QB,cmp,18.409,11.0,15.0,19.0,22.0,26.0
2025_05_TEN_ARI,TEN,ARI,Cam Ward,00-0040676,QB,pass_yds,181.678,100.214,140.075,181.022,224.256,265.599
2025_05_TEN_ARI,TEN,ARI,Cam Ward,00-0040676,QB,pass_td,1.021,0.0,0.0,1.0,2.0,2.0
2025_05_TEN_ARI,TEN,ARI,Cam Ward,00-0040676,QB,ints,0.676,0.0,0.0,0.0,1.0,2.0
2025_05_TEN_ARI,TEN,ARI,Cam Ward,00-0040676,QB,car,2.509,0.0,1.0,2.0,4.0,5.0
2025_05_TEN_ARI,TEN,ARI,Cam Ward,00-0040676,QB,rush_yds,13.168,0.0,2.278,9.424,19.732,31.983
2025_05_TEN_ARI,TEN,ARI,Cam Ward,00-0040676,QB,tgt,0.001,0.0,0.0,0.0,0.0,0.0
2025_05_TEN_ARI,TEN,ARI,Cam Ward,00-0040676,QB,rec,0.001,0.0,0.0,0.0,0.0,0.0
2025_05_TEN_ARI,TEN,ARI,Cam Ward,00-0040676,QB,rec_yds,0.003,0.0,0.0,0.0,0.0,0.0
2025_05_TEN_ARI,TEN,ARI,Cam Ward,00-0040676,QB,anytime_td,0.011,0.0,0.0,0.0,0.0,0.0
2025_05_TEN_ARI,TEN,ARI,Tony Pollard,00-0035261,RB,car,13.666,7.0,9.0,13.0,17.0,21.0
2025_05_TEN_ARI,TEN,ARI,Tony Pollard,00-0035261,RB,rush_yds,51.254,17.034,28.895,45.604,67.084,92.534
2025_05_TEN_ARI,TEN,ARI,Tony Pollard,00-0035261,RB,tgt,2.44,0.0,1.0,2.0,4.0,5.0
2025_05_TEN_ARI,TEN,ARI,Tony Pollard,00-0035261,RB,rec,1.85,0.0,1.0,2.0,3.0,4.0
2025_05_TEN_ARI,TEN,ARI,Tony Pollard,00-0035261,RB,rec_yds,12.342,0.0,0.0,8.181,18.813,32.125
2025_05_TEN_ARI,TEN,ARI,Tony Pollard,00-0035261,RB,anytime_td,0.295,0.0,0.0,0.0,1.0,1.0
2025_05_TEN_ARI,TEN,ARI,Elic Ayomanor,00-0040170,WR,car,0.012,0.0,0.0,0.0,0.0,0.0
2025_05_TEN_ARI,TEN,ARI,Elic Ayomanor,00-0040170,WR,rush_yds,0.077,0.0,0.0,0.0,0.0,0.0
2025_05_TEN_ARI,TEN,ARI,Elic Ayomanor,00-0040170,WR,tgt,5.58,2.0,3.0,5.0,7.0,9.0
2025_05_TEN_ARI,TEN,ARI,Elic Ayomanor,00-0040170,WR,rec,3.229,1.0,2.0,3.0,4.0,6.0
2025_05_TEN_ARI,TEN,ARI,Elic Ayomanor,00-0040170,WR,rec_yds,37.298,5.07,15.26,31.538,52.949,75.898
2025_05_TEN_ARI,TEN,ARI,Elic Ayomanor,00-0040170,WR,anytime_td,0.337,0.0,0.0,0.0,1.0,1.0
2025_05_TEN_ARI,TEN,ARI,Gunnar Helm,00-0040584,TE,car,0.002,0.0,0.0,0.0,0.0,0.0
2025_05_TEN_ARI,TEN,ARI,Gunnar Helm,00-0040584,TE,rush_yds,0.001,0.0,0.0,0.0,0.0,0.0
2025_05_TEN_ARI,TEN,ARI,Gunnar Helm,00-0040584,TE,tgt,1.803,0.0,1.0,1.0,3.0,4.0
2025_05_TEN_ARI,TEN,ARI,Gunnar Helm,00-0040584,TE,rec,1.318,0.0,0.0,1.0,2.0,3.0
2025_05_TEN_ARI,TEN,ARI,Gunnar Helm,00-0040584,TE,rec_yds,12.18,0.0,0.0,7.412,18.557,32.602
2025_05_TEN_ARI,TEN,ARI,Gunnar Helm,00-0040584,TE,anytime_td,0.041,0.0,0.0,0.0,0.0,0.0
2025_05_TEN_ARI,TEN,ARI,Calvin Ridley,00-0034837,WR,car,0.157,0.0,0.0,0.0,0.0,0.0
2025_05_TEN_ARI,TEN,ARI,Calvin Ridley,00-0034837,WR,rush_yds,0.822,0.0,0.0,0.0,0.0,0.0
2025_05_TEN_ARI,TEN,ARI,Calvin Ridley,00-0034837,WR,tgt,5.713,2.0,3.0,5.0,8.0,10.0
2025_05_TEN_ARI,TEN,ARI,Calvin Ridley,00-0034837,WR,rec,3.226,1.0,2.0,3.0,4.0,6.0
2025_05_TEN_ARI,TEN,ARI,Calvin Ridley,00-0034837,WR,rec_yds,39.63,5.166,15.976,34.105,56.252,80.141
2025_05_TEN_ARI,TEN,ARI,Calvin Ridley,00-0034837,WR,anytime_td,0.159,0.0,0.0,0.0,0.0,1.0
2025_05_TEN_ARI,TEN,ARI,Chig Okonkwo,00-0037809,TE,car,0.031,0.0,0.0,0.0,0.0,0.0
2025_05_TEN_ARI,TEN,ARI,Chig Okonkwo,00-0037809,TE,rush_yds,0.076,0.0,0.0,0.0,0.0,0.0
2025_05_TEN_ARI,TEN,ARI,Chig Okonkwo,00-0037809,TE,tgt,4.377,1.0,2.0,4.0,6.0,8.0
2025_05_TEN_ARI,TEN,ARI,Chig Okonkwo,00-0037809,TE,rec,3.073,1.0,2.0,3.0,4.0,6.0
2025_05_TEN_ARI,TEN,ARI,Chig Okonkwo,00-0037809,TE,rec_yds,28.149,3.106,10.852,24.161,40.302,58.537
2025_05_TEN_ARI,TEN,ARI,Chig Okonkwo,00-0037809,TE,anytime_td,0.091,0.0,0.0,0.0,0.0,0.0
2025_05_TEN_ARI,TEN,ARI,Chimere Dike,00-0040705,WR,car,1.23,0.0,0.0,0.0,2.0,4.0
2025_05_TEN_ARI,TEN,ARI,Chimere Dike,00-0040705,WR,rush_yds,6.213,0.0,0.0,0.0,7.404,20.026
2025_05_TEN_ARI,TEN,ARI,Chimere Dike,00-0040705,WR,tgt,2.314,0.0,1.0,2.0,3.0,5.0
2025_05_TEN_ARI,TEN,ARI,Chimere Dike,00-0040705,WR,rec,1.415,0.0,0.0,1.0,2.0,3.0
2025_05_TEN_ARI,TEN,ARI,Chimere Dike,00-0040705,WR,rec_yds,14.276,0.0,0.0,9.045,21.284,37.25
2025_05_TEN_ARI,TEN,ARI,Chimere Dike,00-0040705,WR,anytime_td,0.085,0.0,0.0,0.0,0.0,0.0
2025_05_TEN_ARI,TEN,ARI,Tyler Lockett,00-0032211,WR,car,0.011,0.0,0.0,0.0,0.0,0.0
2025_05_TEN_ARI,TEN,ARI,Tyler Lockett,00-0032211,WR,rush_yds,0.053,0.0,0.0,0.0,0.0,0.0
2025_05_TEN_ARI,TEN,ARI,Tyler Lockett,00-0032211,WR,tgt,3.095,1.0,1.0,3.0,4.0,6.0
2025_05_TEN_ARI,TEN,ARI,Tyler Lockett,00-0032211,WR,rec,1.856,0.0,1.0,2.0,3.0,4.0
2025_05_TEN_ARI,TEN,ARI,Tyler Lockett,00-0032211,WR,rec_yds,20.326,0.0,3.7,14.203,30.458,50.003
2025_05_TEN_ARI,TEN,ARI,Tyler Lockett,00-0032211,WR,anytime_td,0.071,0.0,0.0,0.0,0.0,0.0
2025_05_TEN_ARI,TEN,ARI,Tyjae Spears,00-0039032,RB,car,6.153,1.0,3.0,5.0,9.0,12.0
2025_05_TEN_ARI,TEN,ARI,Tyjae Spears,00-0039032,RB,rush_yds,23.56,1.923,7.716,17.703,33.1,52.007
2025_05_TEN_ARI,TEN,ARI,Tyjae Spears,00-0039032,RB,tgt,2.927,0.0,1.0,3.0,4.0,6.0
2025_05_TEN_ARI,TEN,ARI,Tyjae Spears,00-0039032,RB,rec,2.294,0.0,1.0,2.0,3.0,5.0
2025_05_TEN_ARI,TEN,ARI,Tyjae Spears,00-0039032,RB,rec_yds,15.834,0.0,3.03,11.282,23.194,38.308
2025_05_TEN_ARI,TEN,ARI,Tyjae Spears,00-0039032,RB,anytime_td,0.261,0.0,0.0,0.0,1.0,1.0
2025_05_TEN_ARI,TEN,ARI,Van Jefferson,00-0036415,WR,car,0.012,0.0,0.0,0.0,0.0,0.0
2025_05_TEN_ARI,TEN,ARI,Van Jefferson,00-0036415,WR,rush_yds,0.058,0.0,0.0,0.0,0.0,0.0
2025_05_TEN_ARI,TEN,ARI,Van Jefferson,00-0036415,WR,tgt,1.381,0.0,0.0,1.0,2.0,3.0
2025_05_TEN_ARI,TEN,ARI,Van Jefferson,00-0036415,WR,rec,0.909,0.0,0.0,1.0,1.0,2.0
2025_05_TEN_ARI,TEN,ARI,Van Jefferson,00-0036415,WR,rec_yds,9.887,0.0,0.0,3.138,14.685,29.959
2025_05_TEN_ARI,TEN,ARI,Van Jefferson,00-0036415,WR,anytime_td,0.061,0.0,0.0,0.0,0.0,0.0
2025_05_TEN_ARI,TEN,ARI,Julius Chestnut,00-0037594,RB,car,1.447,0.0,0.0,1.0,2.0,4.0
2025_05_TEN_ARI,TEN,ARI,Julius Chestnut,00-0037594,RB,rush_yds,5.858,0.0,0.0,0.0,6.882,18.626
2025_05_TEN_ARI,TEN,ARI,Julius Chestnut,00-0037594,RB,tgt,0.372,0.0,0.0,0.0,1.0,1.0
2025_05_TEN_ARI,TEN,ARI,Julius Chestnut,00-0037594,RB,rec,0.276,0.0,0.0,0.0,0.0,1.0
2025_05_TEN_ARI,TEN,ARI,Julius Chestnut,00-0037594,RB,rec_yds,1.877,0.0,0.0,0.0,0.0,6.934
2025_05_TEN_ARI,TEN,ARI,Julius Chestnut,00-0037594,RB,anytime_td,0.046,0.0,0.0,0.0,0.0,0.0
2025_05_WAS_LAC,LAC,WAS,Justin Herbert,00-0036355,QB,att,32.267,22.0,28.0,33.0,38.0,43.0
2025_05_WAS_LAC,LAC,WAS,Justin Herbert,00-0036355,QB,cmp,21.37,14.0,18.0,22.0,26.0,29.0
2025_05_WAS_LAC,LAC,WAS,Justin Herbert,00-0036355,QB,pass_yds,243.946,143.726,193.263,244.082,298.728,348.98
2025_05_WAS_LAC,LAC,WAS,Justin Herbert,00-0036355,QB,pass_td,1.704,0.0,1.0,2.0,2.0,3.0
2025_05_WAS_LAC,LAC,WAS,Justin Herbert,00-0036355,QB,ints,0.658,0.0,0.0,0.0,1.0,2.0
2025_05_WAS_LAC,LAC,WAS,Justin Herbert,00-0036355,QB,car,3.79,1.0,2.0,3.0,5.0,7.0
2025_05_WAS_LAC,LAC,WAS,Justin Herbert,00-0036355,QB,rush_yds,17.733,0.0,4.37,13.277,26.22,41.705
2025_05_WAS_LAC,LAC,WAS,Justin Herbert,00-0036355,QB,tgt,0.001,0.0,0.0,0.0,0.0,0.0
2025_05_WAS_LAC,LAC,WAS,Justin Herbert,00-0036355,QB,rec,0.001,0.0,0.0,0.0,0.0,0.0
2025_05_WAS_LAC,LAC,WAS,Justin Herbert,00-0036355,QB,rec_yds,0.003,0.0,0.0,0.0,0.0,0.0
2025_05_WAS_LAC,LAC,WAS,Justin Herbert,00-0036355,QB,anytime_td,0.083,0.0,0.0,0.0,0.0,0.0
2025_05_WAS_LAC,LAC,WAS,Quentin Johnston,00-0038544,WR,car,0.221,0.0,0.0,0.0,0.0,1.0
2025_05_WAS_LAC,LAC,WAS,Quentin Johnston,00-0038544,WR,rush_yds,1.114,0.0,0.0,0.0,0.0,0.0
2025_05_WAS_LAC,LAC,WAS,Quentin Johnston,00-0038544,WR,tgt,7.367,3.0,5.0,7.0,9.0,12.0
2025_05_WAS_LAC,LAC,WAS,Quentin Johnston,00-0038544,WR,rec,4.706,2.0,3.0,4.0,6.0,8.0
2025_05_WAS_LAC,LAC,WAS,Quentin Johnston,00-0038544,WR,rec_yds,63.479,16.964,32.48,57.534,87.193,116.551
2025_05_WAS_LAC,LAC,WAS,Quentin Johnston,00-0038544,WR,anytime_td,0.446,0.0,0.0,0.0,1.0,1.0
2025_05_WAS_LAC,LAC,WAS,Ladd McConkey,00-0039915,WR,car,0.012,0.0,0.0,0.0,0.0,0.0
2025_05_WAS_LAC,LAC,WAS,Ladd McConkey,00-0039915,WR,rush_yds,0.051,0.0,0.0,0.0,0.0,0.0
2025_05_WAS_LAC,LAC,WAS,Ladd McConkey,00-0039915,WR,tgt,6.244,2.0,4.0,6.0,8.0,10.0
2025_05_WAS_LAC,LAC,WAS,Ladd McConkey,00-0039915,WR,rec,4.082,1.0,2.0,4.0,6.0,7.0
2025_05_WAS_LAC,LAC,WAS,Ladd McConkey,00-0039915,WR,rec_yds,53.051,10.579,24.714,46.17,73.913,104.407
2025_05_WAS_LAC,LAC,WAS,Ladd McConkey,00-0039915,WR,anytime_td,0.219,0.0,0.0,0.0,0.0,1.0
2025_05_WAS_LAC,LAC,WAS,Keenan Allen,00-0030279,WR,car,0.016,0.0,0.0,0.0,0.0,0.0
2025_05_WAS_LAC,LAC,WAS,Keenan Allen,00-0030279,WR,rush_yds,0.072,0.0,0.0,0.0,0.0,0.0
2025_05_WAS_LAC,LAC,WAS,Keenan Allen,00-0030279,WR,tgt,7.318,3.0,5.0,7.0,9.0,12.0
2025_05_WAS_LAC,LAC,WAS,Keenan Allen,00-0030279,WR,rec,4.912,2.0,3.0,5.0,6.0,8.0
2025_05_WAS_LAC,LAC,WAS,Keenan Allen,00-0030279,WR,rec_yds,56.782,14.484,29.174,49.922,77.02,107.205
2025_05_WAS_LAC,LAC,WAS,Keenan Allen,00-0030279,WR,anytime_td,0.419,0.0,0.0,0.0,1.0,1.0
2025_05_WAS_LAC,LAC,WAS,Omarion Hampton,00-0040666,RB,car,15.541,8.0,11.0,15.0,19.25,24.0
2025_05_WAS_LAC,LAC,WAS,Omarion Hampton,00-0040666,RB,rush_yds,69.39,25.08,40.768,63.467,90.116,121.969
2025_05_WAS_LAC,LAC,WAS,Omarion Hampton,00-0040666,RB,tgt,3.37,1.0,2.0,3.0,5.0,7.0
2025_05_WAS_LAC,LAC,WAS,Omarion Hampton,00-0040666,RB,rec,2.79,0.0,1.0,2.0,4.0,5.1
2025_05_WAS_LAC,LAC,WAS,Omarion Hampton,00-0040666,RB,rec_yds,21.171,0.0,5.817,16.163,30.755,48.247
2025_05_WAS_LAC,LAC,WAS,Omarion Hampton,00-0040666,RB,anytime_td,0.533,0.0,0.0,1.0,1.0,1.0
2025_05_WAS_LAC,LAC,WAS,Oronde Gadsden II,00-0040189,TE,car,0.002,0.0,0.0,0.0,0.0,0.0
2025_05_WAS_LAC,LAC,WAS,Oronde Gadsden II,00-0040189,TE,rush_yds,0.001,0.0,0.0,0.0,0.0,0.0
2025_05_WAS_LAC,LAC,WAS,Oronde Gadsden II,00-0040189,TE,tgt,3.175,1.0,2.0,3.0,4.0,6.0
2025_05_WAS_LAC,LAC,WAS,Oronde Gadsden II,00-0040189,TE,rec,2.348,0.0,1.0,2.0,3.0,5.0
2025_05_WAS_LAC,LAC,WAS,Oronde Gadsden II,00-0040189,TE,rec_yds,24.085,0.0,6.775,18.733,35.11,54.556
2025_05_WAS_LAC,LAC,WAS,Oronde Gadsden II,00-0040189,TE,anytime_td,0.144,0.0,0.0,0.0,0.0,1.0
2025_05_WAS_LAC,LAC,WAS,Tre Harris,00-0040727,WR,car,0.014,0.0,0.0,0.0,0.0,0.0
2025_05_WAS_LAC,LAC,WAS,Tre Harris,00-0040727,WR,rush_yds,0.09,0.0,0.0,0.0,0.0,0.0
2025_05_WAS_LAC,LAC,WAS,Tre Harris,00-0040727,WR,tgt,1.372,0.0,0.0,1.0,2.0,3.0
2025_05_WAS_LAC,LAC,WAS,Tre Harris,00-0040727,WR,rec,0.863,0.0,0.0,1.0,1.0,2.0
2025_05_WAS_LAC,LAC,WAS,Tre Harris,00-0040727,WR,rec_yds,11.179,0.0,0.0,1.12,16.538,34.615
2025_05_WAS_LAC,LAC,WAS,Tre Harris,00-0040727,WR,anytime_td,0.031,0.0,0.0,0.0,0.0,0.0
2025_05_WAS_LAC,LAC,WAS,Tyler Conklin,00-0034270,TE,car,0.172,0.0,0.0,0.0,0.0,0.0
2025_05_WAS_LAC,LAC,WAS,Tyler Conklin,00-0034270,TE,rush_yds,0.418,0.0,0.0,0.0,0.0,0.0
2025_05_WAS_LAC,LAC,WAS,Tyler Conklin,00-0034270,TE,tgt,1.801,0.0,1.0,1.0,3.0,4.0
2025_05_WAS_LAC,LAC,WAS,Tyler Conklin,00-0034270,TE,rec,1.328,0.0,0.0,1.0,2.0,3.0
2025_05_WAS_LAC,LAC,WAS,Tyler Conklin,00-0034270,TE,rec_yds,14.039,0.0,0.0,8.506,21.664,37.715
2025_05_WAS_LAC,LAC,WAS,Tyler Conklin,00-0034270,TE,anytime_td,0.093,0.0,0.0,0.0,0.0,0.0
2025_05_WAS_LAC,LAC,WAS,Tucker Fisk,00-0037654,TE,car,0.002,0.0,0.0,0.0,0.0,0.0
2025_05_WAS_LAC,LAC,WAS,Tucker Fisk,00-0037654,TE,rush_yds,0.002,0.0,0.0,0.0,0.0,0.0
2025_05_WAS_LAC,LAC,WAS,Tucker Fisk,00-0037654,TE,tgt,0.815,0.0,0.0,0.0,1.0,2.0
2025_05_WAS_LAC,LAC,WAS,Tucker Fisk,00-0037654,TE,rec,0.582,0.0,0.0,0.0,1.0,2.0
2025_05_WAS_LAC,LAC,WAS,Tucker Fisk,00-0037654,TE,rec_yds,5.924,0.0,0.0,0.0,8.308,20.031
2025_05_WAS_LAC,LAC,WAS,Tucker Fisk,00-0037654,TE,anytime_td,0.018,0.0,0.0,0.0,0.0,0.0
2025_05_WAS_LAC,LAC,WAS,Hassan Haskins,00-0037617,RB,car,1.507,0.0,0.0,1.0,2.0,4.0
2025_05_WAS_LAC,LAC,WAS,Hassan Haskins,00-0037617,RB,rush_yds,6.124,0.0,0.0,0.0,7.717,18.983
2025_05_WAS_LAC,LAC,WAS,Hassan Haskins,00-0037617,RB,tgt,0.195,0.0,0.0,0.0,0.0,1.0
2025_05_WAS_LAC,LAC,WAS,Hassan Haskins,00-0037617,RB,rec,0.161,0.0,0.0,0.0,0.0,1.0
2025_05_WAS_LAC,LAC,WAS,Hassan Haskins,00-0037617,RB,rec_yds,1.21,0.0,0.0,0.0,0.0,2.951
2025_05_WAS_LAC,LAC,WAS,Hassan Haskins,00-0037617,RB,anytime_td,0.096,0.0,0.0,0.0,0.0,0.0
2025_05_WAS_LAC,LAC,WAS,Kimani Vidal,00-0039391,RB,car,3.356,0.0,1.0,2.0,5.0,8.0
2025_05_WAS_LAC,LAC,WAS,Kimani Vidal,00-0039391,RB,rush_yds,13.712,0.0,0.965,8.017,19.474,35.049
2025_05_WAS_LAC,LAC,WAS,Kimani Vidal,00-0039391,RB,tgt,0.573,0.0,0.0,0.0,1.0,2.0
2025_05_WAS_LAC,LAC,WAS,Kimani Vidal,00-0039391,RB,rec,0.46,0.0,0.0,0.0,1.0,1.0
2025_05_WAS_LAC,LAC,WAS,Kimani Vidal,00-0039391,RB,rec_yds,3.47,0.0,0.0,0.0,2.976,12.179
2025_05_WAS_LAC,LAC,WAS,Kimani Vidal,00-0039391,RB,anytime_td,0.095,0.0,0.0,0.0,0.0,0.0
2025_05_WAS_LAC,LAC,WAS,KeAndre Lambert-Smith,00-0040184,WR,car,0.019,0.0,0.0,0.0,0.0,0.0
2025_05_WAS_LAC,LAC,WAS,KeAndre Lambert-Smith,00-0040184,WR,rush_yds,0.116,0.0,0.0,0.0,0.0,0.0
2025_05_WAS_LAC,LAC,WAS,KeAndre Lambert-Smith,00-0040184,WR,tgt,0.51,0.0,0.0,0.0,1.0,2.0
2025_05_WAS_LAC,LAC,WAS,KeAndre Lambert-Smith,00-0040184,WR,rec,0.331,0.0,0.0,0.0,0.0,1.0
2025_05_WAS_LAC,LAC,WAS,KeAndre Lambert-Smith,00-0040184,WR,rec_yds,4.178,0.0,0.0,0.0,0.0,16.224
2025_05_WAS_LAC,LAC,WAS,KeAndre Lambert-Smith,00-0040184,WR,anytime_td,0.01,0.0,0.0,0.0,0.0,0.0
2025_05_WAS_LAC,WAS,LAC,Jayden Daniels,00-0039910,QB,att,29.776,20.0,25.0,30.0,36.0,40.0
2025_05_WAS_LAC,WAS,LAC,Jayden Daniels,00-0039910,QB,cmp,19.46,12.0,16.0,20.0,24.0,27.0
2025_05_WAS_LAC,WAS,LAC,Jayden Daniels,00-0039910,QB,pass_yds,206.247,119.698,161.82,205.571,253.7,297.881
2025_05_WAS_LAC,WAS,LAC,Jayden Daniels,00-0039910,QB,pass_td,1.402,0.0,1.0,1.0,2.0,3.0
2025_05_WAS_LAC,WAS,LAC,Jayden Daniels,00-0039910,QB,ints,0.64,0.0,0.0,0.0,1.0,2.0
2025_05_WAS_LAC,WAS,LAC,Jayden Daniels,00-0039910,QB,car,6.958,3.0,4.0,6.0,9.0,12.0
2025_05_WAS_LAC,WAS,LAC,Jayden Daniels,00-0039910,QB,rush_yds,34.44,7.424,17.539,31.099,47.994,65.234
2025_05_WAS_LAC,WAS,LAC,Jayden Daniels,00-0039910,QB,tgt,0.001,0.0,0.0,0.0,0.0,0.0
2025_05_WAS_LAC,WAS,LAC,Jayden Daniels,00-0039910,QB,rec,0.0,0.0,0.0,0.0,0.0,0.0
2025_05_WAS_LAC,WAS,LAC,Jayden Daniels,00-0039910,QB,rec_yds,0.002,0.0,0.0,0.0,0.0,0.0
2025_05_WAS_LAC,WAS,LAC,Jayden Daniels,00-0039910,QB,anytime_td,0.171,0.0,0.0,0.0,0.0,1.0
2025_05_WAS_LAC,WAS,LAC,Deebo Samuel Sr.,00-0035719,WR,car,2.265,0.0,0.0,1.0,3.0,6.0
2025_05_WAS_LAC,WAS,LAC,Deebo Samuel Sr.,00-0035719,WR,rush_yds,11.977,0.0,0.0,4.755,17.262,35.991
2025_05_WAS_LAC,WAS,LAC,Deebo Samuel Sr.,00-0035719,WR,tgt,8.347,4.0,6.0,8.0,11.0,13.0
2025_05_WAS_LAC,WAS,LAC,Deebo Samuel Sr.,00-0035719,WR,rec,5.788,2.0,4.0,5.0,7.0,10.0
2025_05_WAS_LAC,WAS,LAC,Deebo Samuel Sr.,00-0035719,WR,rec_yds,63.934,19.877,36.084,58.541,84.893,114.049
2025_05_WAS_LAC,WAS,LAC,Deebo Samuel Sr.,00-0035719,WR,anytime_td,0.382,0.0,0.0,0.0,1.0,1.0
2025_05_WAS_LAC,WAS,LAC,Chris Moore,00-0032398,WR,car,0.257,0.0,0.0,0.0,0.0,1.0
2025_05_WAS_LAC,WAS,LAC,Chris Moore,00-0032398,WR,rush_yds,1.411,0.0,0.0,0.0,0.0,1.008
2025_05_WAS_LAC,WAS,LAC,Chris Moore,00-0032398,WR,tgt,2.545,0.0,1.0,2.0,4.0,5.0
2025_05_WAS_LAC,WAS,LAC,Chris Moore,00-0032398,WR,rec,1.554,0.0,0.0,1.0,2.0,3.1
2025_05_WAS_LAC,WAS,LAC,Chris Moore,00-0032398,WR,rec_yds,19.514,0.0,0.0,12.755,29.121,50.057
2025_05_WAS_LAC,WAS,LAC,Chris Moore,00-0032398,WR,anytime_td,0.045,0.0,0.0,0.0,0.0,0.0
2025_05_WAS_LAC,WAS,LAC,Zach Ertz,00-0030061,TE,car,0.002,0.0,0.0,0.0,0.0,0.0
2025_05_WAS_LAC,WAS,LAC,Zach Ertz,00-0030061,TE,rush_yds,0.005,0.0,0.0,0.0,0.0,0.0
2025_05_WAS_LAC,WAS,LAC,Zach Ertz,00-0030061,TE,tgt,7.018,3.0,5.0,7.0,9.0,12.0
2025_05_WAS_LAC,WAS,LAC,Zach Ertz,00-0030061,TE,rec,5.009,2.0,3.0,5.0,7.0,9.0
2025_05_WAS_LAC,WAS,LAC,Zach Ertz,00-0030061,TE,rec_yds,49.56,13.846,27.094,45.292,67.243,90.061
2025_05_WAS_LAC,WAS,LAC,Zach Ertz,00-0030061,TE,anytime_td,0.294,0.0,0.0,0.0,1.0,1.0
2025_05_WAS_LAC,WAS,LAC,John Bates,00-0036628,TE,car,0.001,0.0,0.0,0.0,0.0,0.0
2025_05_WAS_LAC,WAS,LAC,John Bates,00-0036628,TE,rush_yds,0.005,0.0,0.0,0.0,0.0,0.0
2025_05_WAS_LAC,WAS,LAC,John Bates,00-0036628,TE,tgt,0.833,0.0,0.0,0.0,1.0,2.0
2025_05_WAS_LAC,WAS,LAC,John Bates,00-0036628,TE,rec,0.585,0.0,0.0,0.0,1.0,2.0
2025_05_WAS_LAC,WAS,LAC,John Bates,00-0036628,TE,rec_yds,5.726,0.0,0.0,0.0,7.99,18.984
2025_05_WAS_LAC,WAS,LAC,John Bates,00-0036628,TE,anytime_td,0.019,0.0,0.0,0.0,0.0,0.0
2025_05_WAS_LAC,WAS,LAC,Jacory Croskey-Merritt,00-0040242,RB,car,7.591,2.0,4.0,7.0,10.0,14.0
2025_05_WAS_LAC,WAS,LAC,Jacory Croskey-Merritt,00-0040242,RB,rush_yds,33.401,5.263,13.216,26.935,46.405,70.252
2025_05_WAS_LAC,WAS,LAC,Jacory Croskey-Merritt,00-0040242,RB,tgt,1.841,0.0,1.0,1.0,3.0,4.0
2025_05_WAS_LAC,WAS,LAC,Jacory Croskey-Merritt,00-0040242,RB,rec,1.416,0.0,0.0,1.0,2.0,3.0
2025_05_WAS_LAC,WAS,LAC,Jacory Croskey-Merritt,00-0040242,RB,rec_yds,10.047,0.0,0.0,5.411,14.825,27.986
2025_05_WAS_LAC,WAS,LAC,Jacory Croskey-Merritt,00-0040242,RB,anytime_td,0.27,0.0,0.0,0.0,1.0,1.0
2025_05_WAS_LAC,WAS,LAC,Luke McCaffrey,00-0039355,WR,car,0.011,0.0,0.0,0.0,0.0,0.0
2025_05_WAS_LAC,WAS,LAC,Luke McCaffrey,00-0039355,WR,rush_yds,0.066,0.0,0.0,0.0,0.0,0.0
2025_05_WAS_LAC,WAS,LAC,Luke McCaffrey,00-0039355,WR,tgt,2.273,0.0,1.0,2.0,3.0,5.0
2025_05_WAS_LAC,WAS,LAC,Luke McCaffrey,00-0039355,WR,rec,1.499,0.0,0.0,1.0,2.0,3.0
2025_05_WAS_LAC,WAS,LAC,Luke McCaffrey,00-0039355,WR,rec_yds,18.63,0.0,0.0,11.797,28.373,47.852
2025_05_WAS_LAC,WAS,LAC,Luke McCaffrey,00-0039355,WR,anytime_td,0.204,0.0,0.0,0.0,0.0,1.0
2025_05_WAS_LAC,WAS,LAC,Jaylin Lane,00-0040164,WR,car,0.016,0.0,0.0,0.0,0.0,0.0
2025_05_WAS_LAC,WAS,LAC,Jaylin Lane,00-0040164,WR,rush_yds,0.09,0.0,0.0,0.0,0.0,0.0
2025_05_WAS_LAC,WAS,LAC,Jaylin Lane,00-0040164,WR,tgt,3.878,1.0,2.0,4.0,5.0,7.0
2025_05_WAS_LAC,WAS,LAC,Jaylin Lane,00-0040164,WR,rec,2.344,0.0,1.0,2.0,3.0,5.0
2025_05_WAS_LAC,WAS,LAC,Jaylin Lane,00-0040164,WR,rec_yds,26.817,0.0,7.877,20.594,39.737,61.45
2025_05_WAS_LAC,WAS,LAC,Jaylin Lane,00-0040164,WR,anytime_td,0.065,0.0,0.0,0.0,0.0,0.0
2025_05_WAS_LAC,WAS,LAC,Chris Rodriguez Jr.,00-0038611,RB,car,6.759,2.0,3.0,6.0,9.0,13.0
2025_05_WAS_LAC,WAS,LAC,Chris Rodriguez Jr.,00-0038611,RB,rush_yds,28.854,3.246,10.725,22.667,40.153,62.385
2025_05_WAS_LAC,WAS,LAC,Chris Rodriguez Jr.,00-0038611,RB,tgt,0.287,0.0,0.0,0.0,0.0,1.0
2025_05_WAS_LAC,WAS,LAC,Chris Rodriguez Jr.,00-0038611,RB,rec,0.221,0.0,0.0,0.0,0.0,1.0
2025_05_WAS_LAC,WAS,LAC,Chris Rodriguez Jr.,00-0038611,RB,rec_yds,1.584,0.0,0.0,0.0,0.0,5.84
2025_05_WAS_LAC,WAS,LAC,Chris Rodriguez Jr.,00-0038611,RB,anytime_td,0.152,0.0,0.0,0.0,0.0,1.0
2025_05_WAS_LAC,WAS,LAC,Jeremy McNichols,00-0033955,RB,car,2.742,0.0,1.0,2.0,4.0,7.0
2025_05_WAS_LAC,WAS,LAC,Jeremy McNichols,00-0033955,RB,rush_yds,12.497,0.0,0.0,6.29,17.513,34.236
2025_05_WAS_LAC,WAS,LAC,Jeremy McNichols,00-0033955,RB,tgt,0.935,0.0,0.0,1.0,1.0,3.0
2025_05_WAS_LAC,WAS,LAC,Jeremy McNichols,00-0033955,RB,rec,0.71,0.0,0.0,0.0,1.0,2.0
2025_05_WAS_LAC,WAS,LAC,Jeremy McNichols,00-0033955,RB,rec_yds,5.058,0.0,0.0,0.0,6.71,16.518
2025_05_WAS_LAC,WAS,LAC,Jeremy McNichols,00-0033955,RB,anytime_td,0.121,0.0,0.0,0.0,0.0,1.0
2025_05_WAS_LAC,WAS,LAC,Tay Martin,00-0037524,WR,car,0.029,0.0,0.0,0.0,0.0,0.0
2025_05_WAS_LAC,WAS,LAC,Tay Martin,00-0037524,WR,rush_yds,0.144,0.0,0.0,0.0,0.0,0.0
2025_05_WAS_LAC,WAS,LAC,Tay Martin,00-0037524,WR,tgt,1.861,0.0,1.0,1.0,3.0,4.0
2025_05_WAS_LAC,WAS,LAC,Tay Martin,00-0037524,WR,rec,1.181,0.0,0.0,1.0,2.0,3.0
2025_05_WAS_LAC,WAS,LAC,Tay Martin,00-0037524,WR,rec_yds,14.694,0.0,0.0,7.901,21.982,40.051
2025_05_WAS_LAC,WAS,LAC,Tay Martin,00-0037524,WR,anytime_td,0.088,0.0,0.0,0.0,0.0,0.0
2025_05_KC_JAX,JAX,KC,Trevor Lawrence,00-0036971,QB,att,31.677,21.0,27.0,32.0,38.0,42.0
2025_05_KC_JAX,JAX,KC,Trevor Lawrence,00-0036971,QB,cmp,20.63,13.0,17.0,21.0,25.0,29.0
2025_05_KC_JAX,JAX,KC,Trevor Lawrence,00-0036971,QB,pass_yds,214.407,126.052,167.051,214.58,264.672,312.178
2025_05_KC_JAX,JAX,KC,Trevor Lawrence,00-0036971,QB,pass_td,1.251,0.0,0.0,1.0,2.0,3.0
2025_05_KC_JAX,JAX,KC,Trevor Lawrence,00-0036971,QB,ints,0.765,0.0,0.0,1.0,1.0,2.0
2025_05_KC_JAX,JAX,KC,Trevor Lawrence,00-0036971,QB,car,3.239,1.0,1.0,3.0,4.0,6.0
2025_05_KC_JAX,JAX,KC,Trevor Lawrence,00-0036971,QB,rush_yds,14.134,0.0,2.563,10.152,21.373,34.872
2025_05_KC_JAX,JAX,KC,Trevor Lawrence,00-0036971,QB,tgt,0.0,0.0,0.0,0.0,0.0,0.0
2025_05_KC_JAX,JAX,KC,Trevor Lawrence,00-0036971,QB,rec,0.0,0.0,0.0,0.0,0.0,0.0
2025_05_KC_JAX,JAX,KC,Trevor Lawrence,00-0036971,QB,rec_yds,0.0,0.0,0.0,0.0,0.0,0.0
2025_05_KC_JAX,JAX,KC,Trevor Lawrence,00-0036971,QB,anytime_td,0.126,0.0,0.0,0.0,0.0,1.0
2025_05_KC_JAX,JAX,KC,Brian Thomas Jr.,00-0039893,WR,car,0.455,0.0,0.0,0.0,0.0,2.0
2025_05_KC_JAX,JAX,KC,Brian Thomas Jr.,00-0039893,WR,rush_yds,2.392,0.0,0.0,0.0,0.0,7.626
2025_05_KC_JAX,JAX,KC,Brian Thomas Jr.,00-0039893,WR,tgt,7.543,3.0,5.0,7.0,10.0,12.0
2025_05_KC_JAX,JAX,KC,Brian Thomas Jr.,00-0039893,WR,rec,4.41,2.0,3.0,4.0,6.0,8.0
2025_05_KC_JAX,JAX,KC,Brian Thomas Jr.,00-0039893,WR,rec_yds,54.305,12.943,26.571,47.024,74.881,104.344
2025_05_KC_JAX,JAX,KC,Brian Thomas Jr.,00-0039893,WR,anytime_td,0.253,0.0,0.0,0.0,1.0,1.0
2025_05_KC_JAX,JAX,KC,Travis Hunter,00-0040718,WR,car,0.017,0.0,0.0,0.0,0.0,0.0
2025_05_KC_JAX,JAX,KC,Travis Hunter,00-0040718,WR,rush_yds,0.071,0.0,0.0,0.0,0.0,0.0
2025_05_KC_JAX,JAX,KC,Travis Hunter,00-0040718,WR,tgt,4.342,1.0,2.0,4.0,6.0,8.0
2025_05_KC_JAX,JAX,KC,Travis Hunter,00-0040718,WR,rec,2.819,1.0,1.0,3.0,4.0,5.0
2025_05_KC_JAX,JAX,KC,Travis Hunter,00-0040718,WR,rec_yds,31.123,0.867,10.69,25.228,45.131,67.277
2025_05_KC_JAX,JAX,KC,Travis Hunter,00-0040718,WR,anytime_td,0.104,0.0,0.0,0.0,0.0,1.0
2025_05_KC_JAX,JAX,KC,Dyami Brown,00-0036626,WR,car,0.638,0.0,0.0,0.0,1.0,2.0
2025_05_KC_JAX,JAX,KC,Dyami Brown,00-0036626,WR,rush_yds,3.115,0.0,0.0,0.0,0.0,10.836
2025_05_KC_JAX,JAX,KC,Dyami Brown,00-0036626,WR,tgt,3.802,1.0,2.0,3.0,5.0,7.0
2025_05_KC_JAX,JAX,KC,Dyami Brown,00-0036626,WR,rec,2.602,0.0,1.0,2.0,4.0,5.0
2025_05_KC_JAX,JAX,KC,Dyami Brown,00-0036626,WR,rec_yds,30.218,0.0,9.505,23.563,44.008,68.308
2025_05_KC_JAX,JAX,KC,Dyami Brown,00-0036626,WR,anytime_td,0.192,0.0,0.0,0.0,0.0,1.0
2025_05_KC_JAX,JAX,KC,Hunter Long,00-0037004,TE,car,0.001,0.0,0.0,0.0,0.0,0.0
2025_05_KC_JAX,JAX,KC,Hunter Long,00-0037004,TE,rush_yds,0.001,0.0,0.0,0.0,0.0,0.0
2025_05_KC_JAX,JAX,KC,Hunter Long,00-0037004,TE,tgt,1.381,0.0,0.0,1.0,2.0,3.0
2025_05_KC_JAX,JAX,KC,Hunter Long,00-0037004,TE,rec,1.061,0.0,0.0,1.0,2.0,3.0
2025_05_KC_JAX,JAX,KC,Hunter Long,00-0037004,TE,rec_yds,9.681,0.0,0.0,4.675,15.028,28.61
2025_05_KC_JAX,JAX,KC,Hunter Long,00-0037004,TE,anytime_td,0.16,0.0,0.0,0.0,0.0,1.0
2025_05_KC_JAX,JAX,KC,Travis Etienne,00-0036973,RB,car,14.654,7.0,10.0,14.0,19.0,23.0
2025_05_KC_JAX,JAX,KC,Travis Etienne,00-0036973,RB,rush_yds,64.236,22.492,36.781,58.149,85.161,114.72
2025_05_KC_JAX,JAX,KC,Travis Etienne,00-0036973,RB,tgt,2.584,0.0,1.0,2.0,4.0,5.0
2025_05_KC_JAX,JAX,KC,Travis Etienne,00-0036973,RB,rec,2.005,0.0,1.0,2.0,3.0,4.0
2025_05_KC_JAX,JAX,KC,Travis Etienne,00-0036973,RB,rec_yds,13.345,0.0,0.984,9.354,20.138,33.527
2025_05_KC_JAX,JAX,KC,Travis Etienne,00-0036973,RB,anytime_td,0.407,0.0,0.0,0.0,1.0,1.0
2025_05_KC_JAX,JAX,KC,Brenton Strange,00-0038935,TE,car,0.002,0.0,0.0,0.0,0.0,0.0
2025_05_KC_JAX,JAX,KC,Brenton Strange,00-0038935,TE,rush_yds,0.005,0.0,0.0,0.0,0.0,0.0
2025_05_KC_JAX,JAX,KC,Brenton Strange,00-0038935,TE,tgt,4.465,1.0,2.0,4.0,6.0,8.0
2025_05_KC_JAX,JAX,KC,Brenton Strange,00-0038935,TE,rec,3.478,1.0,2.0,3.0,5.0,6.0
2025_05_KC_JAX,JAX,KC,Brenton Strange,00-0038935,TE,rec_yds,32.731,4.883,13.768,28.096,46.088,66.757
2025_05_KC_JAX,JAX,KC,Brenton Strange,00-0038935,TE,anytime_td,0.077,0.0,0.0,0.0,0.0,0.0
2025_05_KC_JAX,JAX,KC,Johnny Mundt,00-0033246,TE,car,0.003,0.0,0.0,0.0,0.0,0.0
2025_05_KC_JAX,JAX,KC,Johnny Mundt,00-0033246,TE,rush_yds,0.004,0.0,0.0,0.0,0.0,0.0
2025_05_KC_JAX,JAX,KC,Johnny Mundt,00-0033246,TE,tgt,0.854,0.0,0.0,0.0,1.0,2.0
2025_05_KC_JAX,JAX,KC,Johnny Mundt,00-0033246,TE,rec,0.618,0.0,0.0,0.0,1.0,2.0
2025_05_KC_JAX,JAX,KC,Johnny Mundt,00-0033246,TE,rec_yds,5.948,0.0,0.0,0.0,8.181,19.971
2025_05_KC_JAX,JAX,KC,Johnny Mundt,00-0033246,TE,anytime_td,0.024,0.0,0.0,0.0,0.0,0.0
2025_05_KC_JAX,JAX,KC,Parker Washington,00-0038606,WR,car,0.2,0.0,0.0,0.0,0.0,0.0
2025_05_KC_JAX,JAX,KC,Parker Washington,00-0038606,WR,rush_yds,1.072,0.0,0.0,0.0,0.0,0.0
2025_05_KC_JAX,JAX,KC,Parker Washington,00-0038606,WR,tgt,3.963,1.0,2.0,4.0,5.0,7.0
2025_05_KC_JAX,JAX,KC,Parker Washington,00-0038606,WR,rec,2.433,0.0,1.0,2.0,3.0,5.0
2025_05_KC_JAX,JAX,KC,Parker Washington,00-0038606,WR,rec_yds,28.287,0.0,8.598,22.273,41.299,62.77
2025_05_KC_JAX,JAX,KC,Parker Washington,00-0038606,WR,anytime_td,0.125,0.0,0.0,0.0,0.0,1.0
2025_05_KC_JAX,JAX,KC,LeQuint Allen Jr.,00-0040238,RB,car,1.073,0.0,0.0,0.0,1.0,3.0
2025_05_KC_JAX,JAX,KC,LeQuint Allen Jr.,00-0040238,RB,rush_yds,4.362,0.0,0.0,0.0,4.906,14.25
2025_05_KC_JAX,JAX,KC,LeQuint Allen Jr.,00-0040238,RB,tgt,0.744,0.0,0.0,0.0,1.0,2.0
2025_05_KC_JAX,JAX,KC,LeQuint Allen Jr.,00-0040238,RB,rec,0.61,0.0,0.0,0.0,1.0,2.0
2025_05_KC_JAX,JAX,KC,LeQuint Allen Jr.,00-0040238,RB,rec_yds,4.125,0.0,0.0,0.0,5.518,13.682
2025_05_KC_JAX,JAX,KC,LeQuint Allen Jr.,00-0040238,RB,anytime_td,0.026,0.0,0.0,0.0,0.0,0.0
2025_05_KC_JAX,JAX,KC,Bhayshul Tuten,00-0040719,RB,car,5.276,1.0,2.0,5.0,7.0,11.0
2025_05_KC_JAX,JAX,KC,Bhayshul Tuten,00-0040719,RB,rush_yds,20.609,0.0,5.666,15.301,29.237,47.067
2025_05_KC_JAX,JAX,KC,Bhayshul Tuten,00-0040719,RB,tgt,0.958,0.0,0.0,1.0,1.0,3.0
2025_05_KC_JAX,JAX,KC,Bhayshul Tuten,00-0040719,RB,rec,0.784,0.0,0.0,0.0,1.0,2.0
2025_05_KC_JAX,JAX,KC,Bhayshul Tuten,00-0040719,RB,rec_yds,5.715,0.0,0.0,0.0,7.684,18.768
2025_05_KC_JAX,JAX,KC,Bhayshul Tuten,00-0040719,RB,anytime_td,0.268,0.0,0.0,0.0,1.0,1.0
2025_05_KC_JAX,JAX,KC,Tim Patrick,00-0033375,WR,car,0.012,0.0,0.0,0.0,0.0,0.0
2025_05_KC_JAX,JAX,KC,Tim Patrick,00-0033375,WR,rush_yds,0.063,0.0,0.0,0.0,0.0,0.0
2025_05_KC_JAX,JAX,KC,Tim Patrick,00-0033375,WR,tgt,1.339,0.0,0.0,1.0,2.0,3.0
2025_05_KC_JAX,JAX,KC,Tim Patrick,00-0033375,WR,rec,0.886,0.0,0.0,1.0,1.0,2.0
2025_05_KC_JAX,JAX,KC,Tim Patrick,00-0033375,WR,rec_yds,10.524,0.0,0.0,1.877,15.472,31.991
2025_05_KC_JAX,JAX,KC,Tim Patrick,00-0033375,WR,anytime_td,0.051,0.0,0.0,0.0,0.0,0.0
2025_05_KC_JAX,KC,JAX,Patrick Mahomes,00-0033873,QB,att,32.244,22.0,28.0,33.0,38.0,43.0
2025_05_KC_JAX,KC,JAX,Patrick Mahomes,00-0033873,QB,cmp,21.251,14.0,18.0,22.0,26.0,29.0
2025_05_KC_JAX,KC,JAX,Patrick Mahomes,00-0033873,QB,pass_yds,234.648,141.404,185.954,233.975,286.177,335.606
2025_05_KC_JAX,KC,JAX,Patrick Mahomes,00-0033873,QB,pass_td,1.671,0.0,1.0,2.0,2.0,3.0
2025_05_KC_JAX,KC,JAX,Patrick Mahomes,00-0033873,QB,ints,0.679,0.0,0.0,0.0,1.0,2.0
2025_05_KC_JAX,KC,JAX,Patrick Mahomes,00-0033873,QB,car,4.38,1.0,3.0,4.0,6.0,8.0
2025_05_KC_JAX,KC,JAX,Patrick Mahomes,00-0033873,QB,rush_yds,23.435,1.009,8.987,19.972,33.837,48.94
2025_05_KC_JAX,KC,JAX,Patrick Mahomes,00-0033873,QB,tgt,0.0,0.0,0.0,0.0,0.0,0.0
2025_05_KC_JAX,KC,JAX,Patrick Mahomes,00-0033873,QB,rec,0.0,0.0,0.0,0.0,0.0,0.0
2025_05_KC_JAX,KC,JAX,Patrick Mahomes,00-0033873,QB,rec_yds,0.002,0.0,0.0,0.0,0.0,0.0
2025_05_KC_JAX,KC,JAX,Patrick Mahomes,00-0033873,QB,anytime_td,0.265,0.0,0.0,0.0,1.0,1.0
2025_05_KC_JAX,KC,JAX,Travis Kelce,00-0030506,TE,car,0.006,0.0,0.0,0.0,0.0,0.0
2025_05_KC_JAX,KC,JAX,Travis Kelce,00-0030506,TE,rush_yds,0.01,0.0,0.0,0.0,0.0,0.0
2025_05_KC_JAX,KC,JAX,Travis Kelce,00-0030506,TE,tgt,5.549,2.0,3.0,5.0,7.0,10.0
2025_05_KC_JAX,KC,JAX,Travis Kelce,00-0030506,TE,rec,4.043,1.0,2.0,4.0,5.0,7.0
2025_05_KC_JAX,KC,JAX,Travis Kelce,00-0030506,TE,rec_yds,42.992,8.719,20.331,38.021,59.471,83.412
2025_05_KC_JAX,KC,JAX,Travis Kelce,00-0030506,TE,anytime_td,0.211,0.0,0.0,0.0,0.0,1.0
2025_05_KC_JAX,KC,JAX,Xavier Worthy,00-0039894,WR,car,1.283,0.0,0.0,0.0,2.0,4.0
2025_05_KC_JAX,KC,JAX,Xavier Worthy,00-0039894,WR,rush_yds,7.353,0.0,0.0,0.0,9.288,24.054
2025_05_KC_JAX,KC,JAX,Xavier Worthy,00-0039894,WR,tgt,5.131,2.0,3.0,5.0,7.0,9.0
2025_05_KC_JAX,KC,JAX,Xavier Worthy,00-0039894,WR,rec,3.397,1.0,2.0,3.0,5.0,6.0
2025_05_KC_JAX,KC,JAX,Xavier Worthy,00-0039894,WR,rec_yds,44.55,6.028,18.729,37.468,63.762,91.889
2025_05_KC_JAX,KC,JAX,Xavier Worthy,00-0039894,WR,anytime_td,0.271,0.0,0.0,0.0,1.0,1.0
2025_05_KC_JAX,KC,JAX,JuJu Smith-Schuster,00-0033857,WR,car,0.008,0.0,0.0,0.0,0.0,0.0
2025_05_KC_JAX,KC,JAX,JuJu Smith-Schuster,00-0033857,WR,rush_yds,0.031,0.0,0.0,0.0,0.0,0.0
2025_05_KC_JAX,KC,JAX,JuJu Smith-Schuster,00-0033857,WR,tgt,3.499,1.0,2.0,3.0,5.0,7.0
2025_05_KC_JAX,KC,JAX,JuJu Smith-Schuster,00-0033857,WR,rec,2.374,0.0,1.0,2.0,3.0,5.0
2025_05_KC_JAX,KC,JAX,JuJu Smith-Schuster,00-0033857,WR,rec_yds,29.053,0.0,8.2,22.491,42.872,65.937
2025_05_KC_JAX,KC,JAX,JuJu Smith-Schuster,00-0033857,WR,anytime_td,0.197,0.0,0.0,0.0,0.0,1.0
2025_05_KC_JAX,KC,JAX,Isiah Pacheco,00-0037197,RB,car,8.029,3.0,4.75,7.0,11.0,14.0
2025_05_KC_JAX,KC,JAX,Isiah Pacheco,00-0037197,RB,rush_yds,33.419,5.901,14.089,27.497,45.642,68.608
2025_05_KC_JAX,KC,JAX,Isiah Pacheco,00-0037197,RB,tgt,2.097,0.0,1.0,2.0,3.0,5.0
2025_05_KC_JAX,KC,JAX,Isiah Pacheco,00-0037197,RB,rec,1.629,0.0,0.0,1.0,2.0,4.0
2025_05_KC_JAX,KC,JAX,Isiah Pacheco,00-0037197,RB,rec_yds,11.535,0.0,0.0,7.036,17.072,31.292
2025_05_KC_JAX,KC,JAX,Isiah Pacheco,00-0037197,RB,anytime_td,0.272,0.0,0.0,0.0,1.0,1.0
2025_05_KC_JAX,KC,JAX,Noah Gray,00-0036637,TE,car,0.026,0.0,0.0,0.0,0.0,0.0
2025_05_KC_JAX,KC,JAX,Noah Gray,00-0036637,TE,rush_yds,0.062,0.0,0.0,0.0,0.0,0.0
2025_05_KC_JAX,KC,JAX,Noah Gray,00-0036637,TE,tgt,2.652,0.0,1.0,2.0,4.0,5.0
2025_05_KC_JAX,KC,JAX,Noah Gray,00-0036637,TE,rec,1.825,0.0,1.0,1.0,3.0,4.0
2025_05_KC_JAX,KC,JAX,Noah Gray,00-0036637,TE,rec_yds,17.15,0.0,2.741,12.142,25.65,41.58
2025_05_KC_JAX,KC,JAX,Noah Gray,00-0036637,TE,anytime_td,0.091,0.0,0.0,0.0,0.0,0.0
2025_05_KC_JAX,KC,JAX,Marquise Brown,00-0035662,WR,car,0.019,0.0,0.0,0.0,0.0,0.0
2025_05_KC_JAX,KC,JAX,Marquise Brown,00-0035662,WR,rush_yds,0.104,0.0,0.0,0.0,0.0,0.0
2025_05_KC_JAX,KC,JAX,Marquise Brown,00-0035662,WR,tgt,6.367,3.0,4.0,6.0,8.0,11.0
2025_05_KC_JAX,KC,JAX,Marquise Brown,00-0035662,WR,rec,4.171,1.0,2.0,4.0,6.0,7.0
2025_05_KC_JAX,KC,JAX,Marquise Brown,00-0035662,WR,rec_yds,48.344,9.713,22.572,41.96,67.874,94.805
2025_05_KC_JAX,KC,JAX,Marquise Brown,00-0035662,WR,anytime_td,0.23,0.0,0.0,0.0,0.0,1.0
2025_05_KC_JAX,KC,JAX,Tyquan Thornton,00-0038104,WR,car,0.017,0.0,0.0,0.0,0.0,0.0
2025_05_KC_JAX,KC,JAX,Tyquan Thornton,00-0038104,WR,rush_yds,0.099,0.0,0.0,0.0,0.0,0.0
2025_05_KC_JAX,KC,JAX,Tyquan Thornton,00-0038104,WR,tgt,3.928,1.0,2.0,4.0,5.0,7.0
2025_05_KC_JAX,KC,JAX,Tyquan Thornton,00-0038104,WR,rec,2.385,0.0,1.0,2.0,3.0,5.0
2025_05_KC_JAX,KC,JAX,Tyquan Thornton,00-0038104,WR,rec_yds,33.058,0.0,9.412,25.521,49.036,75.385
2025_05_KC_JAX,KC,JAX,Tyquan Thornton,00-0038104,WR,anytime_td,0.334,0.0,0.0,0.0,1.0,1.0
2025_05_KC_JAX,KC,JAX,Kareem Hunt,00-0033923,RB,car,9.613,4.0,6.0,9.0,13.0,16.0
2025_05_KC_JAX,KC,JAX,Kareem Hunt,00-0033923,RB,rush_yds,37.338,8.355,17.429,31.307,51.049,74.053
2025_05_KC_JAX,KC,JAX,Kareem Hunt,00-0033923,RB,tgt,1.475,0.0,0.0,1.0,2.0,4.0
2025_05_KC_JAX,KC,JAX,Kareem Hunt,00-0033923,RB,rec,1.176,0.0,0.0,1.0,2.0,3.0
2025_05_KC_JAX,KC,JAX,Kareem Hunt,00-0033923,RB,rec_yds,8.7,0.0,0.0,3.193,12.667,25.873
2025_05_KC_JAX,KC,JAX,Kareem Hunt,00-0033923,RB,anytime_td,0.296,0.0,0.0,0.0,1.0,1.0
2025_05_KC_JAX,KC,JAX,Brashard Smith,00-0040078,RB,car,2.065,0.0,0.0,1.0,3.0,5.0
2025_05_KC_JAX,KC,JAX,Brashard Smith,00-0040078,RB,rush_yds,8.731,0.0,0.0,3.514,11.797,24.591
2025_05_KC_JAX,KC,JAX,Brashard Smith,00-0040078,RB,tgt,1.59,0.0,0.0,1.0,2.0,4.0
2025_05_KC_JAX,KC,JAX,Brashard Smith,00-0040078,RB,rec,1.22,0.0,0.0,1.0,2.0,3.0
2025_05_KC_JAX,KC,JAX,Brashard Smith,00-0040078,RB,rec_yds,9.569,0.0,0.0,4.693,14.335,27.109
2025_05_KC_JAX,KC,JAX,Brashard Smith,00-0040078,RB,anytime_td,0.088,0.0,0.0,0.0,0.0,0.0
2025_05_KC_JAX,KC,JAX,Jalen Royals,00-0040646,WR,car,0.022,0.0,0.0,0.0,0.0,0.0
2025_05_KC_JAX,KC,JAX,Jalen Royals,00-0040646,WR,rush_yds,0.098,0.0,0.0,0.0,0.0,0.0
2025_05_KC_JAX,KC,JAX,Jalen Royals,00-0040646,WR,tgt,0.503,0.0,0.0,0.0,1.0,2.0
2025_05_KC_JAX,KC,JAX,Jalen Royals,00-0040646,WR,rec,0.324,0.0,0.0,0.0,0.0,1.0
2025_05_KC_JAX,KC,JAX,Jalen Royals,00-0040646,WR,rec_yds,4.097,0.0,0.0,0.0,0.0,15.238
2025_05_KC_JAX,KC,JAX,Jalen Royals,00-0040646,WR,anytime_td,0.01,0.0,0.0,0.0,0.0,0.0
