game_id,team,opp,player,player_id,pos,stat,mean,p10,p25,median,p75,p90
2025_14_DAL_DET,DET,DAL,Jared Goff,00-0033106,QB,att,31.772,21.0,27.0,32.0,38.0,43.0
2025_14_DAL_DET,DET,DAL,Jared Goff,00-0033106,QB,cmp,22.294,14.0,19.0,23.0,27.0,30.1
2025_14_DAL_DET,DET,DAL,Jared Goff,00-0033106,QB,pass_yds,263.128,161.854,212.396,262.484,319.405,370.994
2025_14_DAL_DET,DET,DAL,Jared Goff,00-0033106,QB,pass_td,1.902,0.0,1.0,2.0,3.0,3.0
2025_14_DAL_DET,DET,DAL,Jared Goff,00-0033106,QB,ints,0.58,0.0,0.0,0.0,1.0,2.0
2025_14_DAL_DET,DET,DAL,Jared Goff,00-0033106,QB,car,1.77,0.0,1.0,1.0,3.0,4.0
2025_14_DAL_DET,DET,DAL,Jared Goff,00-0033106,QB,rush_yds,5.569,-2.0,-1.0,0.0,8.463,18.978
2025_14_DAL_DET,DET,DAL,Jared Goff,00-0033106,QB,tgt,0.0,0.0,0.0,0.0,0.0,0.0
2025_14_DAL_DET,DET,DAL,Jared Goff,00-0033106,QB,rec,0.0,0.0,0.0,0.0,0.0,0.0
2025_14_DAL_DET,DET,DAL,Jared Goff,00-0033106,QB,rec_yds,0.003,0.0,0.0,0.0,0.0,0.0
2025_14_DAL_DET,DET,DAL,Jared Goff,00-0033106,QB,anytime_td,0.013,0.0,0.0,0.0,0.0,0.0
2025_14_DAL_DET,DET,DAL,Jameson Williams,00-0037240,WR,car,0.453,0.0,0.0,0.0,0.0,1.0
2025_14_DAL_DET,DET,DAL,Jameson Williams,00-0037240,WR,rush_yds,2.537,0.0,0.0,0.0,0.0,7.188
2025_14_DAL_DET,DET,DAL,Jameson Williams,00-0037240,WR,tgt,6.797,3.0,4.0,6.0,9.0,11.0
2025_14_DAL_DET,DET,DAL,Jameson Williams,00-0037240,WR,rec,4.536,2.0,3.0,4.0,6.0,8.0
2025_14_DAL_DET,DET,DAL,Jameson Williams,00-0037240,WR,rec_yds,70.911,17.308,35.56,63.258,98.457,133.633
2025_14_DAL_DET,DET,DAL,Jameson Williams,00-0037240,WR,anytime_td,0.385,0.0,0.0,0.0,1.0,1.0
2025_14_DAL_DET,DET,DAL,Amon-Ra St. Brown,00-0036963,WR,car,0.128,0.0,0.0,0.0,0.0,0.0
2025_14_DAL_DET,DET,DAL,Amon-Ra St. Brown,00-0036963,WR,rush_yds,0.739,0.0,0.0,0.0,0.0,0.0
2025_14_DAL_DET,DET,DAL,Amon-Ra St. Brown,00-0036963,WR,tgt,10.461,6.0,7.0,10.0,13.0,16.0
2025_14_DAL_DET,DET,DAL,Amon-Ra St. Brown,00-0036963,WR,rec,7.196,3.0,5.0,7.0,9.0,11.0
2025_14_DAL_DET,DET,DAL,Amon-Ra St. Brown,00-0036963,WR,rec_yds,93.568,34.869,57.51,88.505,123.024,158.33
2025_14_DAL_DET,DET,DAL,Amon-Ra St. Brown,00-0036963,WR,anytime_td,0.447,0.0,0.0,0.0,1.0,1.0
2025_14_DAL_DET,DET,DAL,Isaac TeSlaa,00-0040669,WR,car,0.006,0.0,0.0,0.0,0.0,0.0
2025_14_DAL_DET,DET,DAL,Isaac TeSlaa,00-0040669,WR,rush_yds,0.03,0.0,0.0,0.0,0.0,0.0
2025_14_DAL_DET,DET,DAL,Isaac TeSlaa,00-0040669,WR,tgt,1.32,0.0,0.0,1.0,2.0,3.0
2025_14_DAL_DET,DET,DAL,Isaac TeSlaa,00-0040669,WR,rec,0.883,0.0,0.0,1.0,1.0,2.0
2025_14_DAL_DET,DET,DAL,Isaac TeSlaa,00-0040669,WR,rec_yds,11.853,0.0,0.0,1.122,17.651,36.008
2025_14_DAL_DET,DET,DAL,Isaac TeSlaa,00-0040669,WR,anytime_td,0.136,0.0,0.0,0.0,0.0,1.0
2025_14_DAL_DET,DET,DAL,Jahmyr Gibbs,00-0039139,RB,car,14.066,7.0,10.0,14.0,18.0,22.0
2025_14_DAL_DET,DET,DAL,Jahmyr Gibbs,00-0039139,RB,rush_yds,75.706,25.151,42.512,66.965,100.159,136.636
2025_14_DAL_DET,DET,DAL,Jahmyr Gibbs,00-0039139,RB,tgt,6.266,3.0,4.0,6.0,8.0,11.0
2025_14_DAL_DET,DET,DAL,Jahmyr Gibbs,00-0039139,RB,rec,5.365,2.0,3.0,5.0,7.0,9.0
2025_14_DAL_DET,DET,DAL,Jahmyr Gibbs,00-0039139,RB,rec_yds,44.249,10.278,21.655,39.455,60.984,86.055
2025_14_DAL_DET,DET,DAL,Jahmyr Gibbs,00-0039139,RB,anytime_td,0.691,0.0,0.0,1.0,1.0,1.0
2025_14_DAL_DET,DET,DAL,Anthony Firkser,00-0033455,TE,car,0.005,0.0,0.0,0.0,0.0,0.0
2025_14_DAL_DET,DET,DAL,Anthony Firkser,00-0033455,TE,rush_yds,0.013,0.0,0.0,0.0,0.0,0.0
2025_14_DAL_DET,DET,DAL,Anthony Firkser,00-0033455,TE,tgt,0.538,0.0,0.0,0.0,1.0,2.0
2025_14_DAL_DET,DET,DAL,Anthony Firkser,00-0033455,TE,rec,0.421,0.0,0.0,0.0,1.0,1.0
2025_14_DAL_DET,DET,DAL,Anthony Firkser,00-0033455,TE,rec_yds,4.467,0.0,0.0,0.0,5.07,15.946
2025_14_DAL_DET,DET,DAL,Anthony Firkser,00-0033455,TE,anytime_td,0.012,0.0,0.0,0.0,0.0,0.0
2025_14_DAL_DET,DET,DAL,David Montgomery,00-0035685,RB,car,9.071,3.0,5.0,8.0,12.0,16.0
2025_14_DAL_DET,DET,DAL,David Montgomery,00-0035685,RB,rush_yds,38.72,7.56,16.947,32.03,53.17,77.447
2025_14_DAL_DET,DET,DAL,David Montgomery,00-0035685,RB,tgt,2.537,0.0,1.0,2.0,4.0,5.0
2025_14_DAL_DET,DET,DAL,David Montgomery,00-0035685,RB,rec,2.164,0.0,1.0,2.0,3.0,5.0
2025_14_DAL_DET,DET,DAL,David Montgomery,00-0035685,RB,rec_yds,16.822,0.0,2.11,11.848,24.742,42.401
2025_14_DAL_DET,DET,DAL,David Montgomery,00-0035685,RB,anytime_td,0.42,0.0,0.0,0.0,1.0,1.0
2025_14_DAL_DET,DET,DAL,Ross Dwelley,00-0034073,TE,car,0.002,0.0,0.0,0.0,0.0,0.0
2025_14_DAL_DET,DET,DAL,Ross Dwelley,00-0034073,TE,rush_yds,0.004,0.0,0.0,0.0,0.0,0.0
2025_14_DAL_DET,DET,DAL,Ross Dwelley,00-0034073,TE,tgt,0.834,0.0,0.0,0.0,1.0,2.0
2025_14_DAL_DET,DET,DAL,Ross Dwelley,00-0034073,TE,rec,0.605,0.0,0.0,0.0,1.0,2.0
2025_14_DAL_DET,DET,DAL,Ross Dwelley,00-0034073,TE,rec_yds,6.267,0.0,0.0,0.0,8.554,20.687
2025_14_DAL_DET,DET,DAL,Ross Dwelley,00-0034073,TE,anytime_td,0.034,0.0,0.0,0.0,0.0,0.0
2025_14_DAL_DET,DET,DAL,Tom Kennedy,00-0035544,WR,car,0.013,0.0,0.0,0.0,0.0,0.0
2025_14_DAL_DET,DET,DAL,Tom Kennedy,00-0035544,WR,rush_yds,0.091,0.0,0.0,0.0,0.0,0.0
2025_14_DAL_DET,DET,DAL,Tom Kennedy,00-0035544,WR,tgt,2.346,0.0,1.0,2.0,3.0,5.0
2025_14_DAL_DET,DET,DAL,Tom Kennedy,00-0035544,WR,rec,1.641,0.0,0.0,1.0,2.0,4.0
2025_14_DAL_DET,DET,DAL,Tom Kennedy,00-0035544,WR,rec_yds,20.766,0.0,0.0,13.176,31.283,53.783
2025_14_DAL_DET,DET,DAL,Tom Kennedy,00-0035544,WR,anytime_td,0.056,0.0,0.0,0.0,0.0,0.0
2025_14_DAL_DET,DET,DAL,Jacob Saylors,00-0038896,RB,car,1.002,0.0,0.0,0.0,1.0,3.0
2025_14_DAL_DET,DET,DAL,Jacob Saylors,00-0038896,RB,rush_yds,4.28,0.0,0.0,0.0,4.18,14.132
2025_14_DAL_DET,DET,DAL,Jacob Saylors,00-0038896,RB,tgt,0.171,0.0,0.0,0.0,0.0,1.0
2025_14_DAL_DET,DET,DAL,Jacob Saylors,00-0038896,RB,rec,0.139,0.0,0.0,0.0,0.0,1.0
2025_14_DAL_DET,DET,DAL,Jacob Saylors,00-0038896,RB,rec_yds,1.041,0.0,0.0,0.0,0.0,0.0
2025_14_DAL_DET,DET,DAL,Jacob Saylors,00-0038896,RB,anytime_td,0.023,0.0,0.0,0.0,0.0,0.0
2025_14_DAL_DET,DET,DAL,Malik Cunningham,00-0038911,WR,car,0.071,0.0,0.0,0.0,0.0,0.0
2025_14_DAL_DET,DET,DAL,Malik Cunningham,00-0038911,WR,rush_yds,0.345,0.0,0.0,0.0,0.0,0.0
2025_14_DAL_DET,DET,DAL,Malik Cunningham,00-0038911,WR,tgt,1.028,0.0,0.0,1.0,2.0,3.0
2025_14_DAL_DET,DET,DAL,Malik Cunningham,00-0038911,WR,rec,0.693,0.0,0.0,0.0,1.0,2.0
2025_14_DAL_DET,DET,DAL,Malik Cunningham,00-0038911,WR,rec_yds,9.009,0.0,0.0,0.0,12.722,28.368
2025_14_DAL_DET,DET,DAL,Malik Cunningham,00-0038911,WR,anytime_td,0.052,0.0,0.0,0.0,0.0,0.0
2025_14_DAL_DET,DAL,DET,Dak Prescott,00-0033077,QB,att,34.006,23.0,29.0,35.0,40.0,45.0
2025_14_DAL_DET,DAL,DET,Dak Prescott,00-0033077,QB,cmp,22.341,15.0,19.0,23.0,27.0,30.0
2025_14_DAL_DET,DAL,DET,Dak Prescott,00-0033077,QB,pass_yds,261.146,162.95,212.779,263.319,314.56,364.988
2025_14_DAL_DET,DAL,DET,Dak Prescott,00-0033077,QB,pass_td,1.811,0.0,1.0,2.0,3.0,3.0
2025_14_DAL_DET,DAL,DET,Dak Prescott,00-0033077,QB,ints,0.772,0.0,0.0,1.0,1.0,2.0
2025_14_DAL_DET,DAL,DET,Dak Prescott,00-0033077,QB,car,2.782,0.0,1.0,2.0,4.0,6.0
2025_14_DAL_DET,DAL,DET,Dak Prescott,00-0033077,QB,rush_yds,12.824,-0.047,1.86,9.439,19.458,31.463
2025_14_DAL_DET,DAL,DET,Dak Prescott,00-0033077,QB,tgt,0.001,0.0,0.0,0.0,0.0,0.0
2025_14_DAL_DET,DAL,DET,Dak Prescott,00-0033077,QB,rec,0.001,0.0,0.0,0.0,0.0,0.0
2025_14_DAL_DET,DAL,DET,Dak Prescott,00-0033077,QB,rec_yds,0.005,0.0,0.0,0.0,0.0,0.0
2025_14_DAL_DET,DAL,DET,Dak Prescott,00-0033077,QB,anytime_td,0.201,0.0,0.0,0.0,0.0,1.0
2025_14_DAL_DET,DAL,DET,George Pickens,00-0037247,WR,car,0.014,0.0,0.0,0.0,0.0,0.0
2025_14_DAL_DET,DAL,DET,George Pickens,00-0037247,WR,rush_yds,0.075,0.0,0.0,0.0,0.0,0.0
2025_14_DAL_DET,DAL,DET,George Pickens,00-0037247,WR,tgt,8.756,4.0,6.0,8.0,11.0,14.0
2025_14_DAL_DET,DAL,DET,George Pickens,00-0037247,WR,rec,5.892,2.0,4.0,6.0,8.0,10.0
2025_14_DAL_DET,DAL,DET,George Pickens,00-0037247,WR,rec_yds,84.216,27.049,47.985,77.1,113.056,150.041
2025_14_DAL_DET,DAL,DET,George Pickens,00-0037247,WR,anytime_td,0.371,0.0,0.0,0.0,1.0,1.0
2025_14_DAL_DET,DAL,DET,Jake Ferguson,00-0038041,TE,car,0.134,0.0,0.0,0.0,0.0,0.0
2025_14_DAL_DET,DAL,DET,Jake Ferguson,00-0038041,TE,rush_yds,0.314,0.0,0.0,0.0,0.0,0.0
2025_14_DAL_DET,DAL,DET,Jake Ferguson,00-0038041,TE,tgt,5.592,2.0,3.0,5.0,7.0,10.0
2025_14_DAL_DET,DAL,DET,Jake Ferguson,00-0038041,TE,rec,4.315,1.0,2.0,4.0,6.0,8.0
2025_14_DAL_DET,DAL,DET,Jake Ferguson,00-0038041,TE,rec_yds,38.077,8.124,17.888,33.22,52.9,73.678
2025_14_DAL_DET,DAL,DET,Jake Ferguson,00-0038041,TE,anytime_td,0.33,0.0,0.0,0.0,1.0,1.0
2025_14_DAL_DET,DAL,DET,Javonte Williams,00-0036997,RB,car,16.536,9.0,12.0,16.0,21.0,25.0
2025_14_DAL_DET,DAL,DET,Javonte Williams,00-0036997,RB,rush_yds,71.238,26.801,42.26,64.292,93.489,123.441
2025_14_DAL_DET,DAL,DET,Javonte Williams,00-0036997,RB,tgt,2.832,0.0,1.0,2.0,4.0,6.0
2025_14_DAL_DET,DAL,DET,Javonte Williams,00-0036997,RB,rec,2.171,0.0,1.0,2.0,3.0,5.0
2025_14_DAL_DET,DAL,DET,Javonte Williams,00-0036997,RB,rec_yds,14.06,0.0,1.851,9.604,20.855,35.04
2025_14_DAL_DET,DAL,DET,Javonte Williams,00-0036997,RB,anytime_td,0.515,0.0,0.0,1.0,1.0,1.0
2025_14_DAL_DET,DAL,DET,Ryan Flournoy,00-0039410,WR,car,0.233,0.0,0.0,0.0,0.0,1.0
2025_14_DAL_DET,DAL,DET,Ryan Flournoy,00-0039410,WR,rush_yds,1.355,0.0,0.0,0.0,0.0,0.0
2025_14_DAL_DET,DAL,DET,Ryan Flournoy,00-0039410,WR,tgt,2.246,0.0,1.0,2.0,3.0,5.0
2025_14_DAL_DET,DAL,DET,Ryan Flournoy,00-0039410,WR,rec,1.478,0.0,0.0,1.0,2.0,3.0
2025_14_DAL_DET,DAL,DET,Ryan Flournoy,00-0039410,WR,rec_yds,18.146,0.0,0.0,11.623,27.716,46.919
2025_14_DAL_DET,DAL,DET,Ryan Flournoy,00-0039410,WR,anytime_td,0.157,0.0,0.0,0.0,0.0,1.0
2025_14_DAL_DET,DAL,DET,KaVontae Turpin,00-0037801,WR,car,1.199,0.0,0.0,0.0,2.0,4.0
2025_14_DAL_DET,DAL,DET,KaVontae Turpin,00-0037801,WR,rush_yds,6.366,0.0,0.0,0.0,7.675,21.337
2025_14_DAL_DET,DAL,DET,KaVontae Turpin,00-0037801,WR,tgt,2.539,0.0,1.0,2.0,4.0,5.0
2025_14_DAL_DET,DAL,DET,KaVontae Turpin,00-0037801,WR,rec,1.605,0.0,0.0,1.0,2.0,4.0
2025_14_DAL_DET,DAL,DET,KaVontae Turpin,00-0037801,WR,rec_yds,20.838,0.0,0.0,13.629,31.318,53.003
2025_14_DAL_DET,DAL,DET,KaVontae Turpin,00-0037801,WR,anytime_td,0.089,0.0,0.0,0.0,0.0,0.0
2025_14_DAL_DET,DAL,DET,CeeDee Lamb,00-0036358,WR,car,0.181,0.0,0.0,0.0,0.0,0.0
2025_14_DAL_DET,DAL,DET,CeeDee Lamb,00-0036358,WR,rush_yds,0.927,0.0,0.0,0.0,0.0,0.0
2025_14_DAL_DET,DAL,DET,CeeDee Lamb,00-0036358,WR,tgt,8.366,4.0,6.0,8.0,11.0,13.0
2025_14_DAL_DET,DAL,DET,CeeDee Lamb,00-0036358,WR,rec,5.31,2.0,3.0,5.0,7.0,9.0
2025_14_DAL_DET,DAL,DET,CeeDee Lamb,00-0036358,WR,rec_yds,72.187,21.646,39.907,66.167,96.936,131.06
2025_14_DAL_DET,DAL,DET,CeeDee Lamb,00-0036358,WR,anytime_td,0.339,0.0,0.0,0.0,1.0,1.0
2025_14_DAL_DET,DAL,DET,Hunter Luepke,00-0038738,RB,car,0.503,0.0,0.0,0.0,0.0,2.0
2025_14_DAL_DET,DAL,DET,Hunter Luepke,00-0038738,RB,rush_yds,2.043,0.0,0.0,0.0,0.0,6.515
2025_14_DAL_DET,DAL,DET,Hunter Luepke,00-0038738,RB,tgt,0.817,0.0,0.0,0.0,1.0,2.0
2025_14_DAL_DET,DAL,DET,Hunter Luepke,00-0038738,RB,rec,0.651,0.0,0.0,0.0,1.0,2.0
2025_14_DAL_DET,DAL,DET,Hunter Luepke,00-0038738,RB,rec_yds,4.992,0.0,0.0,0.0,6.414,16.954
2025_14_DAL_DET,DAL,DET,Hunter Luepke,00-0038738,RB,anytime_td,0.06,0.0,0.0,0.0,0.0,0.0
2025_14_DAL_DET,DAL,DET,Luke Schoonmaker,00-0038547,TE,car,0.001,0.0,0.0,0.0,0.0,0.0
2025_14_DAL_DET,DAL,DET,Luke Schoonmaker,00-0038547,TE,rush_yds,0.003,0.0,0.0,0.0,0.0,0.0
2025_14_DAL_DET,DAL,DET,Luke Schoonmaker,00-0038547,TE,tgt,1.298,0.0,0.0,1.0,2.0,3.0
2025_14_DAL_DET,DAL,DET,Luke Schoonmaker,00-0038547,TE,rec,0.893,0.0,0.0,1.0,1.0,2.0
2025_14_DAL_DET,DAL,DET,Luke Schoonmaker,00-0038547,TE,rec_yds,8.832,0.0,0.0,1.898,13.279,26.671
2025_14_DAL_DET,DAL,DET,Luke Schoonmaker,00-0038547,TE,anytime_td,0.016,0.0,0.0,0.0,0.0,0.0
2025_14_DAL_DET,DAL,DET,Jonathan Mingo,00-0039062,WR,car,0.024,0.0,0.0,0.0,0.0,0.0
2025_14_DAL_DET,DAL,DET,Jonathan Mingo,00-0039062,WR,rush_yds,0.14,0.0,0.0,0.0,0.0,0.0
2025_14_DAL_DET,DAL,DET,Jonathan Mingo,00-0039062,WR,tgt,1.532,0.0,0.0,1.0,2.0,4.0
2025_14_DAL_DET,DAL,DET,Jonathan Mingo,00-0039062,WR,rec,0.928,0.0,0.0,1.0,1.0,2.0
2025_14_DAL_DET,DAL,DET,Jonathan Mingo,00-0039062,WR,rec_yds,11.501,0.0,0.0,3.319,17.344,34.316
2025_14_DAL_DET,DAL,DET,Jonathan Mingo,00-0039062,WR,anytime_td,0.034,0.0,0.0,0.0,0.0,0.0
2025_14_DAL_DET,DAL,DET,Brevyn Spann-Ford,00-0039530,TE,car,0.004,0.0,0.0,0.0,0.0,0.0
2025_14_DAL_DET,DAL,DET,Brevyn Spann-Ford,00-0039530,TE,rush_yds,0.013,0.0,0.0,0.0,0.0,0.0
2025_14_DAL_DET,DAL,DET,Brevyn Spann-Ford,00-0039530,TE,tgt,0.513,0.0,0.0,0.0,1.0,2.0
2025_14_DAL_DET,DAL,DET,Brevyn Spann-Ford,00-0039530,TE,rec,0.371,0.0,0.0,0.0,1.0,1.0
2025_14_DAL_DET,DAL,DET,Brevyn Spann-Ford,00-0039530,TE,rec_yds,3.644,0.0,0.0,0.0,1.674,13.349
2025_14_DAL_DET,DAL,DET,Brevyn Spann-Ford,00-0039530,TE,anytime_td,0.06,0.0,0.0,0.0,0.0,0.0
2025_14_DAL_DET,DAL,DET,Malik Davis,00-0037563,RB,car,2.717,0.0,1.0,2.0,4.0,7.0
2025_14_DAL_DET,DAL,DET,Malik Davis,00-0037563,RB,rush_yds,12.394,0.0,0.0,5.928,17.519,34.09
2025_14_DAL_DET,DAL,DET,Malik Davis,00-0037563,RB,tgt,0.162,0.0,0.0,0.0,0.0,1.0
2025_14_DAL_DET,DAL,DET,Malik Davis,00-0037563,RB,rec,0.128,0.0,0.0,0.0,0.0,0.0
2025_14_DAL_DET,DAL,DET,Malik Davis,00-0037563,RB,rec_yds,0.995,0.0,0.0,0.0,0.0,0.0
2025_14_DAL_DET,DAL,DET,Malik Davis,00-0037563,RB,anytime_td,0.153,0.0,0.0,0.0,0.0,1.0
2025_14_CHI_GB,GB,CHI,Jordan Love,00-0036264,QB,att,27.811,18.0,23.0,28.0,33.0,38.0
2025_14_CHI_GB,GB,CHI,Jordan Love,00-0036264,QB,cmp,18.771,12.0,15.0,19.0,23.0,26.0
2025_14_CHI_GB,GB,CHI,Jordan Love,00-0036264,QB,pass_yds,215.374,127.095,169.94,215.55,262.91,310.462
2025_14_CHI_GB,GB,CHI,Jordan Love,00-0036264,QB,pass_td,1.516,0.0,1.0,1.0,2.0,3.0
2025_14_CHI_GB,GB,CHI,Jordan Love,00-0036264,QB,ints,0.566,0.0,0.0,0.0,1.0,2.0
2025_14_CHI_GB,GB,CHI,Jordan Love,00-0036264,QB,car,3.111,1.0,1.0,3.0,4.0,6.0
2025_14_CHI_GB,GB,CHI,Jordan Love,00-0036264,QB,rush_yds,12.279,-1.0,0.0,8.791,19.6,31.363
2025_14_CHI_GB,GB,CHI,Jordan Love,00-0036264,QB,tgt,0.0,0.0,0.0,0.0,0.0,0.0
2025_14_CHI_GB,GB,CHI,Jordan Love,00-0036264,QB,rec,0.0,0.0,0.0,0.0,0.0,0.0
2025_14_CHI_GB,GB,CHI,Jordan Love,00-0036264,QB,rec_yds,0.001,0.0,0.0,0.0,0.0,0.0
2025_14_CHI_GB,GB,CHI,Jordan Love,00-0036264,QB,anytime_td,0.027,0.0,0.0,0.0,0.0,0.0
2025_14_CHI_GB,GB,CHI,Christian Watson,00-0038124,WR,car,0.236,0.0,0.0,0.0,0.0,1.0
2025_14_CHI_GB,GB,CHI,Christian Watson,00-0038124,WR,rush_yds,1.443,0.0,0.0,0.0,0.0,0.0
2025_14_CHI_GB,GB,CHI,Christian Watson,00-0038124,WR,tgt,4.818,2.0,3.0,4.0,6.0,8.0
2025_14_CHI_GB,GB,CHI,Christian Watson,00-0038124,WR,rec,3.08,1.0,2.0,3.0,4.0,6.0
2025_14_CHI_GB,GB,CHI,Christian Watson,00-0038124,WR,rec_yds,44.158,5.638,17.847,37.665,63.067,91.615
2025_14_CHI_GB,GB,CHI,Christian Watson,00-0038124,WR,anytime_td,0.304,0.0,0.0,0.0,1.0,1.0
2025_14_CHI_GB,GB,CHI,Romeo Doubs,00-0037816,WR,car,0.008,0.0,0.0,0.0,0.0,0.0
2025_14_CHI_GB,GB,CHI,Romeo Doubs,00-0037816,WR,rush_yds,0.047,0.0,0.0,0.0,0.0,0.0
2025_14_CHI_GB,GB,CHI,Romeo Doubs,00-0037816,WR,tgt,5.004,2.0,3.0,5.0,7.0,9.0
2025_14_CHI_GB,GB,CHI,Romeo Doubs,00-0037816,WR,rec,3.322,1.0,2.0,3.0,5.0,6.0
2025_14_CHI_GB,GB,CHI,Romeo Doubs,00-0037816,WR,rec_yds,40.11,6.099,16.821,33.469,56.776,83.365
2025_14_CHI_GB,GB,CHI,Romeo Doubs,00-0037816,WR,anytime_td,0.28,0.0,0.0,0.0,1.0,1.0
2025_14_CHI_GB,GB,CHI,Josh Jacobs,00-0035700,RB,car,15.78,8.0,11.0,15.0,20.0,25.0
2025_14_CHI_GB,GB,CHI,Josh Jacobs,00-0035700,RB,rush_yds,72.219,25.241,41.497,64.428,95.663,128.865
2025_14_CHI_GB,GB,CHI,Josh Jacobs,00-0035700,RB,tgt,2.543,0.0,1.0,2.0,4.0,5.0
2025_14_CHI_GB,GB,CHI,Josh Jacobs,00-0035700,RB,rec,2.131,0.0,1.0,2.0,3.0,5.0
2025_14_CHI_GB,GB,CHI,Josh Jacobs,00-0035700,RB,rec_yds,15.819,0.0,2.118,11.062,23.59,39.029
2025_14_CHI_GB,GB,CHI,Josh Jacobs,00-0035700,RB,anytime_td,0.562,0.0,0.0,1.0,1.0,1.0
2025_14_CHI_GB,GB,CHI,John FitzPatrick,00-0037306,TE,car,0.001,0.0,0.0,0.0,0.0,0.0
2025_14_CHI_GB,GB,CHI,John FitzPatrick,00-0037306,TE,rush_yds,0.006,0.0,0.0,0.0,0.0,0.0
2025_14_CHI_GB,GB,CHI,John FitzPatrick,00-0037306,TE,tgt,0.645,0.0,0.0,0.0,1.0,2.0
2025_14_CHI_GB,GB,CHI,John FitzPatrick,00-0037306,TE,rec,0.484,0.0,0.0,0.0,1.0,2.0
2025_14_CHI_GB,GB,CHI,John FitzPatrick,00-0037306,TE,rec_yds,4.789,0.0,0.0,0.0,6.164,16.432
2025_14_CHI_GB,GB,CHI,John FitzPatrick,00-0037306,TE,anytime_td,0.05,0.0,0.0,0.0,0.0,0.0
2025_14_CHI_GB,GB,CHI,Jayden Reed,00-0039146,WR,car,0.471,0.0,0.0,0.0,0.0,2.0
2025_14_CHI_GB,GB,CHI,Jayden Reed,00-0039146,WR,rush_yds,2.864,0.0,0.0,0.0,0.0,9.121
2025_14_CHI_GB,GB,CHI,Jayden Reed,00-0039146,WR,tgt,2.986,1.0,1.0,3.0,4.0,6.0
2025_14_CHI_GB,GB,CHI,Jayden Reed,00-0039146,WR,rec,2.035,0.0,1.0,2.0,3.0,4.0
2025_14_CHI_GB,GB,CHI,Jayden Reed,00-0039146,WR,rec_yds,26.588,0.0,6.287,19.744,39.175,63.31
2025_14_CHI_GB,GB,CHI,Jayden Reed,00-0039146,WR,anytime_td,0.235,0.0,0.0,0.0,0.0,1.0
2025_14_CHI_GB,GB,CHI,Josh Whyle,00-0038589,TE,car,0.002,0.0,0.0,0.0,0.0,0.0
2025_14_CHI_GB,GB,CHI,Josh Whyle,00-0038589,TE,rush_yds,0.003,0.0,0.0,0.0,0.0,0.0
2025_14_CHI_GB,GB,CHI,Josh Whyle,00-0038589,TE,tgt,1.177,0.0,0.0,1.0,2.0,3.0
2025_14_CHI_GB,GB,CHI,Josh Whyle,00-0038589,TE,rec,0.88,0.0,0.0,1.0,1.0,2.0
2025_14_CHI_GB,GB,CHI,Josh Whyle,00-0038589,TE,rec_yds,8.63,0.0,0.0,1.937,13.121,25.611
2025_14_CHI_GB,GB,CHI,Josh Whyle,00-0038589,TE,anytime_td,0.119,0.0,0.0,0.0,0.0,1.0
2025_14_CHI_GB,GB,CHI,Luke Musgrave,00-0039144,TE,car,0.002,0.0,0.0,0.0,0.0,0.0
2025_14_CHI_GB,GB,CHI,Luke Musgrave,00-0039144,TE,rush_yds,0.002,0.0,0.0,0.0,0.0,0.0
2025_14_CHI_GB,GB,CHI,Luke Musgrave,00-0039144,TE,tgt,1.469,0.0,0.0,1.0,2.0,4.0
2025_14_CHI_GB,GB,CHI,Luke Musgrave,00-0039144,TE,rec,1.15,0.0,0.0,1.0,2.0,3.0
2025_14_CHI_GB,GB,CHI,Luke Musgrave,00-0039144,TE,rec_yds,11.704,0.0,0.0,6.392,18.478,32.235
2025_14_CHI_GB,GB,CHI,Luke Musgrave,00-0039144,TE,anytime_td,0.024,0.0,0.0,0.0,0.0,0.0
2025_14_CHI_GB,GB,CHI,Bo Melton,00-0037091,WR,car,0.499,0.0,0.0,0.0,0.0,2.0
2025_14_CHI_GB,GB,CHI,Bo Melton,00-0037091,WR,rush_yds,3.036,0.0,0.0,0.0,0.0,9.956
2025_14_CHI_GB,GB,CHI,Bo Melton,00-0037091,WR,tgt,0.906,0.0,0.0,1.0,1.0,3.0
2025_14_CHI_GB,GB,CHI,Bo Melton,00-0037091,WR,rec,0.563,0.0,0.0,0.0,1.0,2.0
2025_14_CHI_GB,GB,CHI,Bo Melton,00-0037091,WR,rec_yds,7.101,0.0,0.0,0.0,9.667,23.893
2025_14_CHI_GB,GB,CHI,Bo Melton,00-0037091,WR,anytime_td,0.022,0.0,0.0,0.0,0.0,0.0
2025_14_CHI_GB,GB,CHI,Chris Brooks,00-0038685,RB,car,1.486,0.0,0.0,1.0,2.0,4.0
2025_14_CHI_GB,GB,CHI,Chris Brooks,00-0038685,RB,rush_yds,6.594,0.0,0.0,0.0,8.268,20.764
2025_14_CHI_GB,GB,CHI,Chris Brooks,00-0038685,RB,tgt,0.888,0.0,0.0,1.0,1.0,2.0
2025_14_CHI_GB,GB,CHI,Chris Brooks,00-0038685,RB,rec,0.742,0.0,0.0,0.0,1.0,2.0
2025_14_CHI_GB,GB,CHI,Chris Brooks,00-0038685,RB,rec_yds,5.284,0.0,0.0,0.0,7.526,17.467
2025_14_CHI_GB,GB,CHI,Chris Brooks,00-0038685,RB,anytime_td,0.037,0.0,0.0,0.0,0.0,0.0
2025_14_CHI_GB,GB,CHI,Emanuel Wilson,00-0038797,RB,car,7.777,2.0,4.0,7.0,11.0,15.0
2025_14_CHI_GB,GB,CHI,Emanuel Wilson,00-0038797,RB,rush_yds,35.259,4.969,13.51,28.155,48.72,75.618
2025_14_CHI_GB,GB,CHI,Emanuel Wilson,00-0038797,RB,tgt,1.085,0.0,0.0,1.0,2.0,3.0
2025_14_CHI_GB,GB,CHI,Emanuel Wilson,00-0038797,RB,rec,0.909,0.0,0.0,1.0,1.0,2.0
2025_14_CHI_GB,GB,CHI,Emanuel Wilson,00-0038797,RB,rec_yds,6.554,0.0,0.0,0.0,9.527,20.431
2025_14_CHI_GB,GB,CHI,Emanuel Wilson,00-0038797,RB,anytime_td,0.304,0.0,0.0,0.0,1.0,1.0
2025_14_CHI_GB,GB,CHI,Dontayvion Wicks,00-0038393,WR,car,0.15,0.0,0.0,0.0,0.0,0.0
2025_14_CHI_GB,GB,CHI,Dontayvion Wicks,00-0038393,WR,rush_yds,0.856,0.0,0.0,0.0,0.0,0.0
2025_14_CHI_GB,GB,CHI,Dontayvion Wicks,00-0038393,WR,tgt,4.029,1.0,2.0,4.0,6.0,7.0
2025_14_CHI_GB,GB,CHI,Dontayvion Wicks,00-0038393,WR,rec,2.687,1.0,1.0,2.0,4.0,5.0
2025_14_CHI_GB,GB,CHI,Dontayvion Wicks,00-0038393,WR,rec_yds,34.088,0.0,12.03,27.707,49.551,73.267
2025_14_CHI_GB,GB,CHI,Dontayvion Wicks,00-0038393,WR,anytime_td,0.246,0.0,0.0,0.0,0.0,1.0
2025_14_CHI_GB,GB,CHI,Matthew Golden,00-0040667,WR,car,0.626,0.0,0.0,0.0,1.0,2.0
2025_14_CHI_GB,GB,CHI,Matthew Golden,00-0040667,WR,rush_yds,3.923,0.0,0.0,0.0,0.0,13.018
2025_14_CHI_GB,GB,CHI,Matthew Golden,00-0040667,WR,tgt,3.001,1.0,1.0,3.0,4.0,6.0
2025_14_CHI_GB,GB,CHI,Matthew Golden,00-0040667,WR,rec,2.102,0.0,1.0,2.0,3.0,4.0
2025_14_CHI_GB,GB,CHI,Matthew Golden,00-0040667,WR,rec_yds,25.679,0.0,6.362,19.507,38.487,59.248
2025_14_CHI_GB,GB,CHI,Matthew Golden,00-0040667,WR,anytime_td,0.056,0.0,0.0,0.0,0.0,0.0
2025_14_CHI_GB,CHI,GB,Caleb Williams,00-0039918,QB,att,29.309,20.0,25.0,30.0,35.0,39.0
2025_14_CHI_GB,CHI,GB,Caleb Williams,00-0039918,QB,cmp,18.242,12.0,15.0,18.0,22.0,25.0
2025_14_CHI_GB,CHI,GB,Caleb Williams,00-0039918,QB,pass_yds,193.46,116.227,153.071,192.58,235.001,276.692
2025_14_CHI_GB,CHI,GB,Caleb Williams,00-0039918,QB,pass_td,1.056,0.0,0.0,1.0,2.0,2.0
2025_14_CHI_GB,CHI,GB,Caleb Williams,00-0039918,QB,ints,0.624,0.0,0.0,0.0,1.0,2.0
2025_14_CHI_GB,CHI,GB,Caleb Williams,00-0039918,QB,car,3.955,1.0,2.0,3.0,5.0,8.0
2025_14_CHI_GB,CHI,GB,Caleb Williams,00-0039918,QB,rush_yds,20.661,0.0,6.468,16.373,30.435,45.725
2025_14_CHI_GB,CHI,GB,Caleb Williams,00-0039918,QB,tgt,0.001,0.0,0.0,0.0,0.0,0.0
2025_14_CHI_GB,CHI,GB,Caleb Williams,00-0039918,QB,rec,0.0,0.0,0.0,0.0,0.0,0.0
2025_14_CHI_GB,CHI,GB,Caleb Williams,00-0039918,QB,rec_yds,0.003,0.0,0.0,0.0,0.0,0.0
2025_14_CHI_GB,CHI,GB,Caleb Williams,00-0039918,QB,anytime_td,0.14,0.0,0.0,0.0,0.0,1.0
2025_14_CHI_GB,CHI,GB,DJ Moore,00-0034827,WR,car,0.825,0.0,0.0,0.0,1.0,3.0
2025_14_CHI_GB,CHI,GB,DJ Moore,00-0034827,WR,rush_yds,3.97,0.0,0.0,0.0,2.309,13.991
2025_14_CHI_GB,CHI,GB,DJ Moore,00-0034827,WR,tgt,5.948,2.0,4.0,6.0,8.0,10.0
2025_14_CHI_GB,CHI,GB,DJ Moore,00-0034827,WR,rec,3.454,1.0,2.0,3.0,5.0,6.0
2025_14_CHI_GB,CHI,GB,DJ Moore,00-0034827,WR,rec_yds,42.363,7.454,18.935,36.742,60.17,83.775
2025_14_CHI_GB,CHI,GB,DJ Moore,00-0034827,WR,anytime_td,0.219,0.0,0.0,0.0,0.0,1.0
2025_14_CHI_GB,CHI,GB,Olamide Zaccheaus,00-0035208,WR,car,0.182,0.0,0.0,0.0,0.0,0.0
2025_14_CHI_GB,CHI,GB,Olamide Zaccheaus,00-0035208,WR,rush_yds,0.864,0.0,0.0,0.0,0.0,0.0
2025_14_CHI_GB,CHI,GB,Olamide Zaccheaus,00-0035208,WR,tgt,4.214,1.0,2.0,4.0,6.0,8.0
2025_14_CHI_GB,CHI,GB,Olamide Zaccheaus,00-0035208,WR,rec,2.642,0.0,1.0,2.0,4.0,5.0
2025_14_CHI_GB,CHI,GB,Olamide Zaccheaus,00-0035208,WR,rec_yds,27.749,0.0,9.455,22.787,40.642,60.195
2025_14_CHI_GB,CHI,GB,Olamide Zaccheaus,00-0035208,WR,anytime_td,0.086,0.0,0.0,0.0,0.0,0.0
2025_14_CHI_GB,CHI,GB,Cole Kmet,00-0036290,TE,car,0.003,0.0,0.0,0.0,0.0,0.0
2025_14_CHI_GB,CHI,GB,Cole Kmet,00-0036290,TE,rush_yds,0.007,0.0,0.0,0.0,0.0,0.0
2025_14_CHI_GB,CHI,GB,Cole Kmet,00-0036290,TE,tgt,3.113,1.0,1.0,3.0,4.0,6.0
2025_14_CHI_GB,CHI,GB,Cole Kmet,00-0036290,TE,rec,2.142,0.0,1.0,2.0,3.0,5.0
2025_14_CHI_GB,CHI,GB,Cole Kmet,00-0036290,TE,rec_yds,21.291,0.0,5.861,16.272,31.533,48.687
2025_14_CHI_GB,CHI,GB,Cole Kmet,00-0036290,TE,anytime_td,0.131,0.0,0.0,0.0,0.0,1.0
2025_14_CHI_GB,CHI,GB,Luther Burden III,00-0040735,WR,car,0.374,0.0,0.0,0.0,0.0,1.0
2025_14_CHI_GB,CHI,GB,Luther Burden III,00-0040735,WR,rush_yds,2.052,0.0,0.0,0.0,0.0,5.34
2025_14_CHI_GB,CHI,GB,Luther Burden III,00-0040735,WR,tgt,4.17,1.0,2.0,4.0,6.0,8.0
2025_14_CHI_GB,CHI,GB,Luther Burden III,00-0040735,WR,rec,2.681,0.0,1.0,2.0,4.0,5.0
2025_14_CHI_GB,CHI,GB,Luther Burden III,00-0040735,WR,rec_yds,31.944,0.0,10.935,25.996,46.96,69.766
2025_14_CHI_GB,CHI,GB,Luther Burden III,00-0040735,WR,anytime_td,0.073,0.0,0.0,0.0,0.0,0.0
2025_14_CHI_GB,CHI,GB,Colston Loveland,00-0040126,TE,car,0.001,0.0,0.0,0.0,0.0,0.0
2025_14_CHI_GB,CHI,GB,Colston Loveland,00-0040126,TE,rush_yds,0.002,0.0,0.0,0.0,0.0,0.0
2025_14_CHI_GB,CHI,GB,Colston Loveland,00-0040126,TE,tgt,4.99,2.0,3.0,5.0,7.0,9.0
2025_14_CHI_GB,CHI,GB,Colston Loveland,00-0040126,TE,rec,3.428,1.0,2.0,3.0,5.0,6.0
2025_14_CHI_GB,CHI,GB,Colston Loveland,00-0040126,TE,rec_yds,37.84,5.946,16.311,32.436,53.481,76.322
2025_14_CHI_GB,CHI,GB,Colston Loveland,00-0040126,TE,anytime_td,0.171,0.0,0.0,0.0,0.0,1.0
2025_14_CHI_GB,CHI,GB,D'Andre Swift,00-0036275,RB,car,12.839,6.0,9.0,12.0,16.0,21.0
2025_14_CHI_GB,CHI,GB,D'Andre Swift,00-0036275,RB,rush_yds,53.228,16.19,28.313,47.089,70.543,99.514
2025_14_CHI_GB,CHI,GB,D'Andre Swift,00-0036275,RB,tgt,3.302,1.0,2.0,3.0,5.0,6.0
2025_14_CHI_GB,CHI,GB,D'Andre Swift,00-0036275,RB,rec,2.362,0.0,1.0,2.0,3.0,5.0
2025_14_CHI_GB,CHI,GB,D'Andre Swift,00-0036275,RB,rec_yds,18.401,0.0,4.3,13.323,27.04,43.888
2025_14_CHI_GB,CHI,GB,D'Andre Swift,00-0036275,RB,anytime_td,0.307,0.0,0.0,0.0,1.0,1.0
2025_14_CHI_GB,CHI,GB,Kyle Monangai,00-0040236,RB,car,10.273,4.0,6.0,10.0,13.0,18.0
2025_14_CHI_GB,CHI,GB,Kyle Monangai,00-0040236,RB,rush_yds,42.262,10.115,19.823,35.945,57.521,82.801
2025_14_CHI_GB,CHI,GB,Kyle Monangai,00-0040236,RB,tgt,1.53,0.0,0.0,1.0,2.0,4.0
2025_14_CHI_GB,CHI,GB,Kyle Monangai,00-0040236,RB,rec,1.085,0.0,0.0,1.0,2.0,3.0
2025_14_CHI_GB,CHI,GB,Kyle Monangai,00-0040236,RB,rec_yds,8.238,0.0,0.0,3.307,12.237,24.017
2025_14_CHI_GB,CHI,GB,Kyle Monangai,00-0040236,RB,anytime_td,0.292,0.0,0.0,0.0,1.0,1.0
2025_14_CHI_GB,CHI,GB,Durham Smythe,00-0034798,TE,car,0.002,0.0,0.0,0.0,0.0,0.0
2025_14_CHI_GB,CHI,GB,Durham Smythe,00-0034798,TE,rush_yds,0.011,0.0,0.0,0.0,0.0,0.0
2025_14_CHI_GB,CHI,GB,Durham Smythe,00-0034798,TE,tgt,0.644,0.0,0.0,0.0,1.0,2.0
2025_14_CHI_GB,CHI,GB,Durham Smythe,00-0034798,TE,rec,0.428,0.0,0.0,0.0,1.0,1.0
2025_14_CHI_GB,CHI,GB,Durham Smythe,00-0034798,TE,rec_yds,4.109,0.0,0.0,0.0,4.457,14.724
2025_14_CHI_GB,CHI,GB,Durham Smythe,00-0034798,TE,anytime_td,0.004,0.0,0.0,0.0,0.0,0.0
2025_14_CHI_GB,CHI,GB,Devin Duvernay,00-0036331,WR,car,0.1,0.0,0.0,0.0,0.0,0.0
2025_14_CHI_GB,CHI,GB,Devin Duvernay,00-0036331,WR,rush_yds,0.493,0.0,0.0,0.0,0.0,0.0
2025_14_CHI_GB,CHI,GB,Devin Duvernay,00-0036331,WR,tgt,1.567,0.0,0.0,1.0,2.0,4.0
2025_14_CHI_GB,CHI,GB,Devin Duvernay,00-0036331,WR,rec,0.934,0.0,0.0,1.0,1.0,2.0
2025_14_CHI_GB,CHI,GB,Devin Duvernay,00-0036331,WR,rec_yds,10.876,0.0,0.0,3.679,16.709,32.21
2025_14_CHI_GB,CHI,GB,Devin Duvernay,00-0036331,WR,anytime_td,0.029,0.0,0.0,0.0,0.0,0.0
2025_14_CIN_BUF,BUF,CIN,Josh Allen,00-0034857,QB,att,29.376,20.0,25.0,30.0,35.0,40.0
2025_14_CIN_BUF,BUF,CIN,Josh Allen,00-0034857,QB,cmp,20.542,13.0,17.0,21.0,25.0,28.0
2025_14_CIN_BUF,BUF,CIN,Josh Allen,00-0034857,QB,pass_yds,249.038,153.875,200.606,248.57,300.686,349.163
2025_14_CIN_BUF,BUF,CIN,Josh Allen,00-0034857,QB,pass_td,1.853,0.0,1.0,2.0,3.0,3.0
2025_14_CIN_BUF,BUF,CIN,Josh Allen,00-0034857,QB,ints,0.667,0.0,0.0,0.0,1.0,2.0
2025_14_CIN_BUF,BUF,CIN,Josh Allen,00-0034857,QB,car,6.32,2.0,4.0,6.0,8.0,11.0
2025_14_CIN_BUF,BUF,CIN,Josh Allen,00-0034857,QB,rush_yds,29.796,4.076,12.802,25.009,41.994,60.385
2025_14_CIN_BUF,BUF,CIN,Josh Allen,00-0034857,QB,tgt,0.0,0.0,0.0,0.0,0.0,0.0
2025_14_CIN_BUF,BUF,CIN,Josh Allen,00-0034857,QB,rec,0.0,0.0,0.0,0.0,0.0,0.0
2025_14_CIN_BUF,BUF,CIN,Josh Allen,00-0034857,QB,rec_yds,0.003,0.0,0.0,0.0,0.0,0.0
2025_14_CIN_BUF,BUF,CIN,Josh Allen,00-0034857,QB,anytime_td,0.56,0.0,0.0,1.0,1.0,1.0
2025_14_CIN_BUF,BUF,CIN,James Cook,00-0037248,RB,car,18.422,10.0,14.0,18.0,23.0,27.0
2025_14_CIN_BUF,BUF,CIN,James Cook,00-0037248,RB,rush_yds,98.761,39.214,60.775,90.229,127.957,168.629
2025_14_CIN_BUF,BUF,CIN,James Cook,00-0037248,RB,tgt,2.339,0.0,1.0,2.0,3.0,5.0
2025_14_CIN_BUF,BUF,CIN,James Cook,00-0037248,RB,rec,2.044,0.0,1.0,2.0,3.0,4.0
2025_14_CIN_BUF,BUF,CIN,James Cook,00-0037248,RB,rec_yds,17.766,0.0,1.205,12.114,26.904,44.581
2025_14_CIN_BUF,BUF,CIN,James Cook,00-0037248,RB,anytime_td,0.479,0.0,0.0,0.0,1.0,1.0
2025_14_CIN_BUF,BUF,CIN,Gabe Davis,00-0036196,WR,car,0.012,0.0,0.0,0.0,0.0,0.0
2025_14_CIN_BUF,BUF,CIN,Gabe Davis,00-0036196,WR,rush_yds,0.077,0.0,0.0,0.0,0.0,0.0
2025_14_CIN_BUF,BUF,CIN,Gabe Davis,00-0036196,WR,tgt,2.653,0.0,1.0,2.0,4.0,5.0
2025_14_CIN_BUF,BUF,CIN,Gabe Davis,00-0036196,WR,rec,1.698,0.0,1.0,1.0,2.0,4.0
2025_14_CIN_BUF,BUF,CIN,Gabe Davis,00-0036196,WR,rec_yds,23.491,0.0,1.369,16.301,35.35,57.925
2025_14_CIN_BUF,BUF,CIN,Gabe Davis,00-0036196,WR,anytime_td,0.15,0.0,0.0,0.0,0.0,1.0
2025_14_CIN_BUF,BUF,CIN,Tyrell Shavers,00-0038679,WR,car,0.008,0.0,0.0,0.0,0.0,0.0
2025_14_CIN_BUF,BUF,CIN,Tyrell Shavers,00-0038679,WR,rush_yds,0.042,0.0,0.0,0.0,0.0,0.0
2025_14_CIN_BUF,BUF,CIN,Tyrell Shavers,00-0038679,WR,tgt,1.333,0.0,0.0,1.0,2.0,3.0
2025_14_CIN_BUF,BUF,CIN,Tyrell Shavers,00-0038679,WR,rec,0.906,0.0,0.0,1.0,1.0,2.0
2025_14_CIN_BUF,BUF,CIN,Tyrell Shavers,00-0038679,WR,rec_yds,13.266,0.0,0.0,4.113,19.786,40.098
2025_14_CIN_BUF,BUF,CIN,Tyrell Shavers,00-0038679,WR,anytime_td,0.108,0.0,0.0,0.0,0.0,1.0
2025_14_CIN_BUF,BUF,CIN,Dawson Knox,00-0035689,TE,car,0.003,0.0,0.0,0.0,0.0,0.0
2025_14_CIN_BUF,BUF,CIN,Dawson Knox,00-0035689,TE,rush_yds,0.009,0.0,0.0,0.0,0.0,0.0
2025_14_CIN_BUF,BUF,CIN,Dawson Knox,00-0035689,TE,tgt,2.788,0.0,1.0,2.0,4.0,6.0
2025_14_CIN_BUF,BUF,CIN,Dawson Knox,00-0035689,TE,rec,2.046,0.0,1.0,2.0,3.0,4.0
2025_14_CIN_BUF,BUF,CIN,Dawson Knox,00-0035689,TE,rec_yds,24.346,0.0,5.867,18.756,36.346,55.975
2025_14_CIN_BUF,BUF,CIN,Dawson Knox,00-0035689,TE,anytime_td,0.12,0.0,0.0,0.0,0.0,1.0
2025_14_CIN_BUF,BUF,CIN,Jackson Hawes,00-0040194,TE,car,0.004,0.0,0.0,0.0,0.0,0.0
2025_14_CIN_BUF,BUF,CIN,Jackson Hawes,00-0040194,TE,rush_yds,0.023,0.0,0.0,0.0,0.0,0.0
2025_14_CIN_BUF,BUF,CIN,Jackson Hawes,00-0040194,TE,tgt,1.284,0.0,0.0,1.0,2.0,3.0
2025_14_CIN_BUF,BUF,CIN,Jackson Hawes,00-0040194,TE,rec,0.982,0.0,0.0,1.0,2.0,3.0
2025_14_CIN_BUF,BUF,CIN,Jackson Hawes,00-0040194,TE,rec_yds,11.448,0.0,0.0,4.8,17.604,33.613
2025_14_CIN_BUF,BUF,CIN,Jackson Hawes,00-0040194,TE,anytime_td,0.111,0.0,0.0,0.0,0.0,1.0
2025_14_CIN_BUF,BUF,CIN,Khalil Shakir,00-0037261,WR,car,0.062,0.0,0.0,0.0,0.0,0.0
2025_14_CIN_BUF,BUF,CIN,Khalil Shakir,00-0037261,WR,rush_yds,0.376,0.0,0.0,0.0,0.0,0.0
2025_14_CIN_BUF,BUF,CIN,Khalil Shakir,00-0037261,WR,tgt,5.891,2.0,4.0,6.0,8.0,10.0
2025_14_CIN_BUF,BUF,CIN,Khalil Shakir,00-0037261,WR,rec,4.213,1.0,2.0,4.0,6.0,8.0
2025_14_CIN_BUF,BUF,CIN,Khalil Shakir,00-0037261,WR,rec_yds,51.377,10.419,24.148,45.007,72.124,100.418
2025_14_CIN_BUF,BUF,CIN,Khalil Shakir,00-0037261,WR,anytime_td,0.228,0.0,0.0,0.0,0.0,1.0
2025_14_CIN_BUF,BUF,CIN,Brandin Cooks,00-0031236,WR,car,0.026,0.0,0.0,0.0,0.0,0.0
2025_14_CIN_BUF,BUF,CIN,Brandin Cooks,00-0031236,WR,rush_yds,0.16,0.0,0.0,0.0,0.0,0.0
2025_14_CIN_BUF,BUF,CIN,Brandin Cooks,00-0031236,WR,tgt,1.919,0.0,1.0,2.0,3.0,4.0
2025_14_CIN_BUF,BUF,CIN,Brandin Cooks,00-0031236,WR,rec,1.311,0.0,0.0,1.0,2.0,3.0
2025_14_CIN_BUF,BUF,CIN,Brandin Cooks,00-0031236,WR,rec_yds,17.203,0.0,0.0,10.01,26.053,46.543
2025_14_CIN_BUF,BUF,CIN,Brandin Cooks,00-0031236,WR,anytime_td,0.065,0.0,0.0,0.0,0.0,0.0
2025_14_CIN_BUF,BUF,CIN,Dalton Kincaid,00-0038933,TE,car,0.002,0.0,0.0,0.0,0.0,0.0
2025_14_CIN_BUF,BUF,CIN,Dalton Kincaid,00-0038933,TE,rush_yds,0.003,0.0,0.0,0.0,0.0,0.0
2025_14_CIN_BUF,BUF,CIN,Dalton Kincaid,00-0038933,TE,tgt,4.344,1.0,2.0,4.0,6.0,8.0
2025_14_CIN_BUF,BUF,CIN,Dalton Kincaid,00-0038933,TE,rec,3.367,1.0,2.0,3.0,5.0,6.0
2025_14_CIN_BUF,BUF,CIN,Dalton Kincaid,00-0038933,TE,rec_yds,45.784,6.86,19.459,39.546,64.922,93.366
2025_14_CIN_BUF,BUF,CIN,Dalton Kincaid,00-0038933,TE,anytime_td,0.279,0.0,0.0,0.0,1.0,1.0
2025_14_CIN_BUF,BUF,CIN,Keon Coleman,00-0039901,WR,car,0.021,0.0,0.0,0.0,0.0,0.0
2025_14_CIN_BUF,BUF,CIN,Keon Coleman,00-0039901,WR,rush_yds,0.144,0.0,0.0,0.0,0.0,0.0
2025_14_CIN_BUF,BUF,CIN,Keon Coleman,00-0039901,WR,tgt,4.521,1.0,3.0,4.0,6.0,8.0
2025_14_CIN_BUF,BUF,CIN,Keon Coleman,00-0039901,WR,rec,2.949,1.0,1.0,3.0,4.0,6.0
2025_14_CIN_BUF,BUF,CIN,Keon Coleman,00-0039901,WR,rec_yds,38.111,3.236,14.351,31.901,55.13,81.142
2025_14_CIN_BUF,BUF,CIN,Keon Coleman,00-0039901,WR,anytime_td,0.327,0.0,0.0,0.0,1.0,1.0
2025_14_CIN_BUF,BUF,CIN,Ty Johnson,00-0035537,RB,car,2.112,0.0,0.0,1.0,3.0,6.0
2025_14_CIN_BUF,BUF,CIN,Ty Johnson,00-0035537,RB,rush_yds,9.926,0.0,0.0,3.265,13.695,29.091
2025_14_CIN_BUF,BUF,CIN,Ty Johnson,00-0035537,RB,tgt,2.077,0.0,1.0,2.0,3.0,5.0
2025_14_CIN_BUF,BUF,CIN,Ty Johnson,00-0035537,RB,rec,1.678,0.0,0.0,1.0,2.0,4.0
2025_14_CIN_BUF,BUF,CIN,Ty Johnson,00-0035537,RB,rec_yds,16.52,0.0,0.0,10.159,24.747,44.629
2025_14_CIN_BUF,BUF,CIN,Ty Johnson,00-0035537,RB,anytime_td,0.194,0.0,0.0,0.0,0.0,1.0
2025_14_CIN_BUF,BUF,CIN,Ray Davis,00-0039875,RB,car,3.096,0.0,1.0,2.0,5.0,7.1
2025_14_CIN_BUF,BUF,CIN,Ray Davis,00-0039875,RB,rush_yds,14.557,0.0,0.0,7.506,20.899,37.896
2025_14_CIN_BUF,BUF,CIN,Ray Davis,00-0039875,RB,tgt,0.553,0.0,0.0,0.0,1.0,2.0
2025_14_CIN_BUF,BUF,CIN,Ray Davis,00-0039875,RB,rec,0.444,0.0,0.0,0.0,1.0,1.0
2025_14_CIN_BUF,BUF,CIN,Ray Davis,00-0039875,RB,rec_yds,3.623,0.0,0.0,0.0,3.107,12.709
2025_14_CIN_BUF,BUF,CIN,Ray Davis,00-0039875,RB,anytime_td,0.096,0.0,0.0,0.0,0.0,0.0
2025_14_CIN_BUF,CIN,BUF,Joe Burrow,00-0036442,QB,att,33.87,23.0,29.0,35.0,40.0,45.0
2025_14_CIN_BUF,CIN,BUF,Joe Burrow,00-0036442,QB,cmp,21.307,14.0,18.0,22.0,26.0,29.0
2025_14_CIN_BUF,CIN,BUF,Joe Burrow,00-0036442,QB,pass_yds,239.187,147.578,193.99,240.799,289.8,336.07
2025_14_CIN_BUF,CIN,BUF,Joe Burrow,00-0036442,QB,pass_td,1.745,0.0,1.0,2.0,3.0,3.0
2025_14_CIN_BUF,CIN,BUF,Joe Burrow,00-0036442,QB,ints,0.781,0.0,0.0,1.0,1.0,2.0
2025_14_CIN_BUF,CIN,BUF,Joe Burrow,00-0036442,QB,car,2.336,0.0,1.0,2.0,3.0,5.0
2025_14_CIN_BUF,CIN,BUF,Joe Burrow,00-0036442,QB,rush_yds,10.383,-1.0,0.0,6.718,16.366,27.978
2025_14_CIN_BUF,CIN,BUF,Joe Burrow,00-0036442,QB,tgt,0.001,0.0,0.0,0.0,0.0,0.0
2025_14_CIN_BUF,CIN,BUF,Joe Burrow,00-0036442,QB,rec,0.001,0.0,0.0,0.0,0.0,0.0
2025_14_CIN_BUF,CIN,BUF,Joe Burrow,00-0036442,QB,rec_yds,0.005,0.0,0.0,0.0,0.0,0.0
2025_14_CIN_BUF,CIN,BUF,Joe Burrow,00-0036442,QB,anytime_td,0.078,0.0,0.0,0.0,0.0,0.0
2025_14_CIN_BUF,CIN,BUF,Ja'Marr Chase,00-0036900,WR,car,0.155,0.0,0.0,0.0,0.0,0.0
2025_14_CIN_BUF,CIN,BUF,Ja'Marr Chase,00-0036900,WR,rush_yds,0.82,0.0,0.0,0.0,0.0,0.0
2025_14_CIN_BUF,CIN,BUF,Ja'Marr Chase,00-0036900,WR,tgt,9.755,5.0,7.0,9.0,12.0,15.0
2025_14_CIN_BUF,CIN,BUF,Ja'Marr Chase,00-0036900,WR,rec,6.084,3.0,4.0,6.0,8.0,10.0
2025_14_CIN_BUF,CIN,BUF,Ja'Marr Chase,00-0036900,WR,rec_yds,75.607,25.859,44.528,69.404,100.267,132.895
2025_14_CIN_BUF,CIN,BUF,Ja'Marr Chase,00-0036900,WR,anytime_td,0.301,0.0,0.0,0.0,1.0,1.0
2025_14_CIN_BUF,CIN,BUF,Tee Higgins,00-0036410,WR,car,0.01,0.0,0.0,0.0,0.0,0.0
2025_14_CIN_BUF,CIN,BUF,Tee Higgins,00-0036410,WR,rush_yds,0.044,0.0,0.0,0.0,0.0,0.0
2025_14_CIN_BUF,CIN,BUF,Tee Higgins,00-0036410,WR,tgt,5.515,2.0,3.0,5.0,7.0,9.0
2025_14_CIN_BUF,CIN,BUF,Tee Higgins,00-0036410,WR,rec,3.392,1.0,2.0,3.0,5.0,6.0
2025_14_CIN_BUF,CIN,BUF,Tee Higgins,00-0036410,WR,rec_yds,47.959,6.739,19.789,41.341,67.933,98.255
2025_14_CIN_BUF,CIN,BUF,Tee Higgins,00-0036410,WR,anytime_td,0.37,0.0,0.0,0.0,1.0,1.0
2025_14_CIN_BUF,CIN,BUF,Chase Brown,00-0038597,RB,car,13.862,7.0,10.0,13.0,18.0,22.0
2025_14_CIN_BUF,CIN,BUF,Chase Brown,00-0038597,RB,rush_yds,63.23,20.657,35.474,56.711,83.611,114.85
2025_14_CIN_BUF,CIN,BUF,Chase Brown,00-0038597,RB,tgt,4.619,1.0,3.0,4.0,6.0,8.0
2025_14_CIN_BUF,CIN,BUF,Chase Brown,00-0038597,RB,rec,3.516,1.0,2.0,3.0,5.0,6.1
2025_14_CIN_BUF,CIN,BUF,Chase Brown,00-0038597,RB,rec_yds,24.028,1.102,8.766,19.601,34.414,51.982
2025_14_CIN_BUF,CIN,BUF,Chase Brown,00-0038597,RB,anytime_td,0.395,0.0,0.0,0.0,1.0,1.0
2025_14_CIN_BUF,CIN,BUF,Andrei Iosivas,00-0038619,WR,car,0.268,0.0,0.0,0.0,0.0,1.0
2025_14_CIN_BUF,CIN,BUF,Andrei Iosivas,00-0038619,WR,rush_yds,1.456,0.0,0.0,0.0,0.0,2.466
2025_14_CIN_BUF,CIN,BUF,Andrei Iosivas,00-0038619,WR,tgt,3.28,1.0,2.0,3.0,5.0,6.0
2025_14_CIN_BUF,CIN,BUF,Andrei Iosivas,00-0038619,WR,rec,1.965,0.0,1.0,2.0,3.0,4.0
2025_14_CIN_BUF,CIN,BUF,Andrei Iosivas,00-0038619,WR,rec_yds,26.624,0.0,5.946,19.02,39.273,64.544
2025_14_CIN_BUF,CIN,BUF,Andrei Iosivas,00-0038619,WR,anytime_td,0.2,0.0,0.0,0.0,0.0,1.0
2025_14_CIN_BUF,CIN,BUF,Drew Sample,00-0035631,TE,car,0.138,0.0,0.0,0.0,0.0,0.0
2025_14_CIN_BUF,CIN,BUF,Drew Sample,00-0035631,TE,rush_yds,0.35,0.0,0.0,0.0,0.0,0.0
2025_14_CIN_BUF,CIN,BUF,Drew Sample,00-0035631,TE,tgt,0.804,0.0,0.0,0.0,1.0,2.0
2025_14_CIN_BUF,CIN,BUF,Drew Sample,00-0035631,TE,rec,0.566,0.0,0.0,0.0,1.0,2.0
2025_14_CIN_BUF,CIN,BUF,Drew Sample,00-0035631,TE,rec_yds,5.646,0.0,0.0,0.0,7.749,19.69
2025_14_CIN_BUF,CIN,BUF,Drew Sample,00-0035631,TE,anytime_td,0.036,0.0,0.0,0.0,0.0,0.0
2025_14_CIN_BUF,CIN,BUF,Mike Gesicki,00-0034829,TE,car,0.003,0.0,0.0,0.0,0.0,0.0
2025_14_CIN_BUF,CIN,BUF,Mike Gesicki,00-0034829,TE,rush_yds,0.01,0.0,0.0,0.0,0.0,0.0
2025_14_CIN_BUF,CIN,BUF,Mike Gesicki,00-0034829,TE,tgt,3.048,1.0,1.0,3.0,4.0,6.0
2025_14_CIN_BUF,CIN,BUF,Mike Gesicki,00-0034829,TE,rec,2.036,0.0,1.0,2.0,3.0,4.0
2025_14_CIN_BUF,CIN,BUF,Mike Gesicki,00-0034829,TE,rec_yds,20.351,0.0,4.89,15.533,30.102,47.499
2025_14_CIN_BUF,CIN,BUF,Mike Gesicki,00-0034829,TE,anytime_td,0.085,0.0,0.0,0.0,0.0,0.0
2025_14_CIN_BUF,CIN,BUF,Noah Fant,00-0035644,TE,car,0.001,0.0,0.0,0.0,0.0,0.0
2025_14_CIN_BUF,CIN,BUF,Noah Fant,00-0035644,TE,rush_yds,-0.0,0.0,0.0,0.0,0.0,0.0
2025_14_CIN_BUF,CIN,BUF,Noah Fant,00-0035644,TE,tgt,2.524,0.0,1.0,2.0,4.0,5.0
2025_14_CIN_BUF,CIN,BUF,Noah Fant,00-0035644,TE,rec,1.879,0.0,1.0,2.0,3.0,4.0
2025_14_CIN_BUF,CIN,BUF,Noah Fant,00-0035644,TE,rec_yds,19.264,0.0,2.976,13.711,28.678,46.779
2025_14_CIN_BUF,CIN,BUF,Noah Fant,00-0035644,TE,anytime_td,0.154,0.0,0.0,0.0,0.0,1.0
2025_14_CIN_BUF,CIN,BUF,Samaje Perine,00-0033526,RB,car,5.768,1.0,3.0,5.0,8.0,11.0
2025_14_CIN_BUF,CIN,BUF,Samaje Perine,00-0033526,RB,rush_yds,25.331,1.917,7.835,18.964,36.005,56.31
2025_14_CIN_BUF,CIN,BUF,Samaje Perine,00-0033526,RB,tgt,0.963,0.0,0.0,1.0,1.0,3.0
2025_14_CIN_BUF,CIN,BUF,Samaje Perine,00-0033526,RB,rec,0.765,0.0,0.0,0.0,1.0,2.0
2025_14_CIN_BUF,CIN,BUF,Samaje Perine,00-0033526,RB,rec_yds,5.758,0.0,0.0,0.0,8.08,18.289
2025_14_CIN_BUF,CIN,BUF,Samaje Perine,00-0033526,RB,anytime_td,0.171,0.0,0.0,0.0,0.0,1.0
2025_14_CIN_BUF,CIN,BUF,Mitchell Tinsley,00-0038839,WR,car,0.008,0.0,0.0,0.0,0.0,0.0
2025_14_CIN_BUF,CIN,BUF,Mitchell Tinsley,00-0038839,WR,rush_yds,0.047,0.0,0.0,0.0,0.0,0.0
2025_14_CIN_BUF,CIN,BUF,Mitchell Tinsley,00-0038839,WR,tgt,2.196,0.0,1.0,2.0,3.0,5.0
2025_14_CIN_BUF,CIN,BUF,Mitchell Tinsley,00-0038839,WR,rec,1.161,0.0,0.0,1.0,2.0,3.0
2025_14_CIN_BUF,CIN,BUF,Mitchell Tinsley,00-0038839,WR,rec_yds,15.319,0.0,0.0,8.179,23.791,42.466
2025_14_CIN_BUF,CIN,BUF,Mitchell Tinsley,00-0038839,WR,anytime_td,0.125,0.0,0.0,0.0,0.0,1.0
2025_14_CIN_BUF,CIN,BUF,Tanner Hudson,00-0034613,TE,car,0.008,0.0,0.0,0.0,0.0,0.0
2025_14_CIN_BUF,CIN,BUF,Tanner Hudson,00-0034613,TE,rush_yds,0.021,0.0,0.0,0.0,0.0,0.0
2025_14_CIN_BUF,CIN,BUF,Tanner Hudson,00-0034613,TE,tgt,1.585,0.0,0.0,1.0,2.0,4.0
2025_14_CIN_BUF,CIN,BUF,Tanner Hudson,00-0034613,TE,rec,1.153,0.0,0.0,1.0,2.0,3.0
2025_14_CIN_BUF,CIN,BUF,Tanner Hudson,00-0034613,TE,rec_yds,11.842,0.0,0.0,6.33,18.34,32.92
2025_14_CIN_BUF,CIN,BUF,Tanner Hudson,00-0034613,TE,anytime_td,0.165,0.0,0.0,0.0,0.0,1.0
2025_14_DEN_LV,LV,DEN,Brock Bowers,00-0039338,TE,car,0.249,0.0,0.0,0.0,0.0,1.0
2025_14_DEN_LV,LV,DEN,Brock Bowers,00-0039338,TE,rush_yds,0.505,0.0,0.0,0.0,0.0,0.417
2025_14_DEN_LV,LV,DEN,Brock Bowers,00-0039338,TE,tgt,9.045,5.0,6.0,9.0,11.0,14.0
2025_14_DEN_LV,LV,DEN,Brock Bowers,00-0039338,TE,rec,5.851,2.0,4.0,6.0,8.0,10.0
2025_14_DEN_LV,LV,DEN,Brock Bowers,00-0039338,TE,rec_yds,63.87,21.05,37.227,59.129,85.94,111.574
2025_14_DEN_LV,LV,DEN,Brock Bowers,00-0039338,TE,anytime_td,0.309,0.0,0.0,0.0,1.0,1.0
2025_14_DEN_LV,LV,DEN,Tre Tucker,00-0038563,WR,car,0.421,0.0,0.0,0.0,0.0,1.0
2025_14_DEN_LV,LV,DEN,Tre Tucker,00-0038563,WR,rush_yds,2.179,0.0,0.0,0.0,0.0,6.417
2025_14_DEN_LV,LV,DEN,Tre Tucker,00-0038563,WR,tgt,6.718,3.0,4.0,6.0,9.0,11.0
2025_14_DEN_LV,LV,DEN,Tre Tucker,00-0038563,WR,rec,3.767,1.0,2.0,4.0,5.0,7.0
2025_14_DEN_LV,LV,DEN,Tre Tucker,00-0038563,WR,rec_yds,45.181,8.832,20.673,39.368,64.134,89.178
2025_14_DEN_LV,LV,DEN,Tre Tucker,00-0038563,WR,anytime_td,0.202,0.0,0.0,0.0,0.0,1.0
2025_14_DEN_LV,LV,DEN,Jack Bech,00-0040729,WR,car,0.01,0.0,0.0,0.0,0.0,0.0
2025_14_DEN_LV,LV,DEN,Jack Bech,00-0040729,WR,rush_yds,0.045,0.0,0.0,0.0,0.0,0.0
2025_14_DEN_LV,LV,DEN,Jack Bech,00-0040729,WR,tgt,1.946,0.0,1.0,2.0,3.0,4.0
2025_14_DEN_LV,LV,DEN,Jack Bech,00-0040729,WR,rec,1.113,0.0,0.0,1.0,2.0,3.0
2025_14_DEN_LV,LV,DEN,Jack Bech,00-0040729,WR,rec_yds,13.671,0.0,0.0,6.896,20.786,38.568
2025_14_DEN_LV,LV,DEN,Jack Bech,00-0040729,WR,anytime_td,0.025,0.0,0.0,0.0,0.0,0.0
2025_14_DEN_LV,LV,DEN,Geno Smith,00-0030565,QB,att,31.061,21.0,27.0,32.0,37.0,42.0
2025_14_DEN_LV,LV,DEN,Geno Smith,00-0030565,QB,cmp,18.918,12.0,16.0,19.0,23.0,26.0
2025_14_DEN_LV,LV,DEN,Geno Smith,00-0030565,QB,pass_yds,193.093,115.804,152.851,191.929,235.073,275.654
2025_14_DEN_LV,LV,DEN,Geno Smith,00-0030565,QB,pass_td,1.031,0.0,0.0,1.0,2.0,2.0
2025_14_DEN_LV,LV,DEN,Geno Smith,00-0030565,QB,ints,0.774,0.0,0.0,1.0,1.0,2.0
2025_14_DEN_LV,LV,DEN,Geno Smith,00-0030565,QB,car,3.176,0.0,1.0,3.0,4.0,7.0
2025_14_DEN_LV,LV,DEN,Geno Smith,00-0030565,QB,rush_yds,13.531,0.0,1.887,9.437,20.618,33.029
2025_14_DEN_LV,LV,DEN,Geno Smith,00-0030565,QB,tgt,0.0,0.0,0.0,0.0,0.0,0.0
2025_14_DEN_LV,LV,DEN,Geno Smith,00-0030565,QB,rec,0.0,0.0,0.0,0.0,0.0,0.0
2025_14_DEN_LV,LV,DEN,Geno Smith,00-0030565,QB,rec_yds,0.001,0.0,0.0,0.0,0.0,0.0
2025_14_DEN_LV,LV,DEN,Geno Smith,00-0030565,QB,anytime_td,0.047,0.0,0.0,0.0,0.0,0.0
2025_14_DEN_LV,LV,DEN,Ashton Jeanty,00-0040122,RB,car,15.889,8.0,12.0,15.0,20.0,24.0
2025_14_DEN_LV,LV,DEN,Ashton Jeanty,00-0040122,RB,rush_yds,54.516,19.906,31.639,49.581,71.187,95.444
2025_14_DEN_LV,LV,DEN,Ashton Jeanty,00-0040122,RB,tgt,6.144,2.0,4.0,6.0,8.0,10.0
2025_14_DEN_LV,LV,DEN,Ashton Jeanty,00-0040122,RB,rec,4.376,1.0,3.0,4.0,6.0,8.0
2025_14_DEN_LV,LV,DEN,Ashton Jeanty,00-0040122,RB,rec_yds,29.376,5.129,12.798,25.429,40.758,59.216
2025_14_DEN_LV,LV,DEN,Ashton Jeanty,00-0040122,RB,anytime_td,0.454,0.0,0.0,0.0,1.0,1.0
2025_14_DEN_LV,LV,DEN,Tyler Lockett,00-0032211,WR,car,0.012,0.0,0.0,0.0,0.0,0.0
2025_14_DEN_LV,LV,DEN,Tyler Lockett,00-0032211,WR,rush_yds,0.073,0.0,0.0,0.0,0.0,0.0
2025_14_DEN_LV,LV,DEN,Tyler Lockett,00-0032211,WR,tgt,3.634,1.0,2.0,3.0,5.0,7.0
2025_14_DEN_LV,LV,DEN,Tyler Lockett,00-0032211,WR,rec,2.163,0.0,1.0,2.0,3.0,4.0
2025_14_DEN_LV,LV,DEN,Tyler Lockett,00-0032211,WR,rec_yds,26.224,0.0,7.24,20.285,38.542,59.347
2025_14_DEN_LV,LV,DEN,Tyler Lockett,00-0032211,WR,anytime_td,0.047,0.0,0.0,0.0,0.0,0.0
2025_14_DEN_LV,LV,DEN,Ian Thomas,00-0034365,TE,car,0.004,0.0,0.0,0.0,0.0,0.0
2025_14_DEN_LV,LV,DEN,Ian Thomas,00-0034365,TE,rush_yds,0.009,0.0,0.0,0.0,0.0,0.0
2025_14_DEN_LV,LV,DEN,Ian Thomas,00-0034365,TE,tgt,1.555,0.0,0.0,1.0,2.0,4.0
2025_14_DEN_LV,LV,DEN,Ian Thomas,00-0034365,TE,rec,1.066,0.0,0.0,1.0,2.0,3.0
2025_14_DEN_LV,LV,DEN,Ian Thomas,00-0034365,TE,rec_yds,10.604,0.0,0.0,5.188,16.153,30.561
2025_14_DEN_LV,LV,DEN,Ian Thomas,00-0034365,TE,anytime_td,0.014,0.0,0.0,0.0,0.0,0.0
2025_14_DEN_LV,LV,DEN,Raheem Mostert,00-0031687,RB,car,2.631,0.0,1.0,2.0,4.0,6.0
2025_14_DEN_LV,LV,DEN,Raheem Mostert,00-0031687,RB,rush_yds,10.02,0.0,0.0,5.299,13.921,27.406
2025_14_DEN_LV,LV,DEN,Raheem Mostert,00-0031687,RB,tgt,1.415,0.0,0.0,1.0,2.0,3.0
2025_14_DEN_LV,LV,DEN,Raheem Mostert,00-0031687,RB,rec,1.033,0.0,0.0,1.0,2.0,3.0
2025_14_DEN_LV,LV,DEN,Raheem Mostert,00-0031687,RB,rec_yds,7.529,0.0,0.0,2.233,11.296,22.707
2025_14_DEN_LV,LV,DEN,Raheem Mostert,00-0031687,RB,anytime_td,0.058,0.0,0.0,0.0,0.0,0.0
2025_14_DEN_LV,LV,DEN,Shedrick Jackson,00-0038891,WR,car,0.041,0.0,0.0,0.0,0.0,0.0
2025_14_DEN_LV,LV,DEN,Shedrick Jackson,00-0038891,WR,rush_yds,0.218,0.0,0.0,0.0,0.0,0.0
2025_14_DEN_LV,LV,DEN,Shedrick Jackson,00-0038891,WR,tgt,0.982,0.0,0.0,1.0,2.0,3.0
2025_14_DEN_LV,LV,DEN,Shedrick Jackson,00-0038891,WR,rec,0.553,0.0,0.0,0.0,1.0,2.0
2025_14_DEN_LV,LV,DEN,Shedrick Jackson,00-0038891,WR,rec_yds,6.959,0.0,0.0,0.0,9.65,23.218
2025_14_DEN_LV,LV,DEN,Shedrick Jackson,00-0038891,WR,anytime_td,0.021,0.0,0.0,0.0,0.0,0.0
2025_14_DEN_LV,DEN,LV,Bo Nix,00-0039732,QB,att,32.343,22.0,28.0,33.0,38.0,43.0
2025_14_DEN_LV,DEN,LV,Bo Nix,00-0039732,QB,cmp,21.376,14.0,18.0,22.0,26.0,29.0
2025_14_DEN_LV,DEN,LV,Bo Nix,00-0039732,QB,pass_yds,234.42,143.296,189.751,235.931,283.152,328.354
2025_14_DEN_LV,DEN,LV,Bo Nix,00-0039732,QB,pass_td,1.62,0.0,1.0,2.0,2.0,3.0
2025_14_DEN_LV,DEN,LV,Bo Nix,00-0039732,QB,ints,0.625,0.0,0.0,0.0,1.0,2.0
2025_14_DEN_LV,DEN,LV,Bo Nix,00-0039732,QB,car,4.491,1.0,2.0,4.0,6.0,9.0
2025_14_DEN_LV,DEN,LV,Bo Nix,00-0039732,QB,rush_yds,17.466,-0.398,3.447,12.909,26.206,41.516
2025_14_DEN_LV,DEN,LV,Bo Nix,00-0039732,QB,tgt,0.0,0.0,0.0,0.0,0.0,0.0
2025_14_DEN_LV,DEN,LV,Bo Nix,00-0039732,QB,rec,0.0,0.0,0.0,0.0,0.0,0.0
2025_14_DEN_LV,DEN,LV,Bo Nix,00-0039732,QB,rec_yds,0.002,0.0,0.0,0.0,0.0,0.0
2025_14_DEN_LV,DEN,LV,Bo Nix,00-0039732,QB,anytime_td,0.181,0.0,0.0,0.0,0.0,1.0
2025_14_DEN_LV,DEN,LV,Adam Trautman,00-0036422,TE,car,0.003,0.0,0.0,0.0,0.0,0.0
2025_14_DEN_LV,DEN,LV,Adam Trautman,00-0036422,TE,rush_yds,0.005,0.0,0.0,0.0,0.0,0.0
2025_14_DEN_LV,DEN,LV,Adam Trautman,00-0036422,TE,tgt,1.313,0.0,0.0,1.0,2.0,3.0
2025_14_DEN_LV,DEN,LV,Adam Trautman,00-0036422,TE,rec,1.022,0.0,0.0,1.0,2.0,3.0
2025_14_DEN_LV,DEN,LV,Adam Trautman,00-0036422,TE,rec_yds,10.61,0.0,0.0,4.286,16.045,30.655
2025_14_DEN_LV,DEN,LV,Adam Trautman,00-0036422,TE,anytime_td,0.053,0.0,0.0,0.0,0.0,0.0
2025_14_DEN_LV,DEN,LV,RJ Harvey,00-0040730,RB,car,9.782,3.0,6.0,9.0,13.0,17.0
2025_14_DEN_LV,DEN,LV,RJ Harvey,00-0040730,RB,rush_yds,39.87,8.863,18.382,33.144,54.356,80.487
2025_14_DEN_LV,DEN,LV,RJ Harvey,00-0040730,RB,tgt,2.784,0.0,1.0,2.0,4.0,6.0
2025_14_DEN_LV,DEN,LV,RJ Harvey,00-0040730,RB,rec,2.326,0.0,1.0,2.0,3.0,5.0
2025_14_DEN_LV,DEN,LV,RJ Harvey,00-0040730,RB,rec_yds,17.421,0.0,3.224,12.285,25.976,42.798
2025_14_DEN_LV,DEN,LV,RJ Harvey,00-0040730,RB,anytime_td,0.458,0.0,0.0,0.0,1.0,1.0
2025_14_DEN_LV,DEN,LV,Courtland Sutton,00-0034348,WR,car,0.011,0.0,0.0,0.0,0.0,0.0
2025_14_DEN_LV,DEN,LV,Courtland Sutton,00-0034348,WR,rush_yds,0.068,0.0,0.0,0.0,0.0,0.0
2025_14_DEN_LV,DEN,LV,Courtland Sutton,00-0034348,WR,tgt,6.122,2.0,4.0,6.0,8.0,10.0
2025_14_DEN_LV,DEN,LV,Courtland Sutton,00-0034348,WR,rec,3.988,1.0,2.0,4.0,5.0,7.0
2025_14_DEN_LV,DEN,LV,Courtland Sutton,00-0034348,WR,rec_yds,53.131,11.075,24.678,46.584,74.483,103.077
2025_14_DEN_LV,DEN,LV,Courtland Sutton,00-0034348,WR,anytime_td,0.33,0.0,0.0,0.0,1.0,1.0
2025_14_DEN_LV,DEN,LV,Pat Bryant,00-0040134,WR,car,0.014,0.0,0.0,0.0,0.0,0.0
2025_14_DEN_LV,DEN,LV,Pat Bryant,00-0040134,WR,rush_yds,0.075,0.0,0.0,0.0,0.0,0.0
2025_14_DEN_LV,DEN,LV,Pat Bryant,00-0040134,WR,tgt,3.173,1.0,2.0,3.0,4.0,6.0
2025_14_DEN_LV,DEN,LV,Pat Bryant,00-0040134,WR,rec,1.983,0.0,1.0,2.0,3.0,4.0
2025_14_DEN_LV,DEN,LV,Pat Bryant,00-0040134,WR,rec_yds,27.099,0.0,5.659,19.901,40.312,64.784
2025_14_DEN_LV,DEN,LV,Pat Bryant,00-0040134,WR,anytime_td,0.117,0.0,0.0,0.0,0.0,1.0
2025_14_DEN_LV,DEN,LV,Adam Prentice,00-0036727,RB,car,0.928,0.0,0.0,0.0,1.0,3.0
2025_14_DEN_LV,DEN,LV,Adam Prentice,00-0036727,RB,rush_yds,4.032,0.0,0.0,0.0,3.84,13.388
2025_14_DEN_LV,DEN,LV,Adam Prentice,00-0036727,RB,tgt,0.614,0.0,0.0,0.0,1.0,2.0
2025_14_DEN_LV,DEN,LV,Adam Prentice,00-0036727,RB,rec,0.485,0.0,0.0,0.0,1.0,2.0
2025_14_DEN_LV,DEN,LV,Adam Prentice,00-0036727,RB,rec_yds,3.845,0.0,0.0,0.0,4.044,13.748
2025_14_DEN_LV,DEN,LV,Adam Prentice,00-0036727,RB,anytime_td,0.021,0.0,0.0,0.0,0.0,0.0
2025_14_DEN_LV,DEN,LV,Lil'Jordan Humphrey,00-0035406,WR,car,0.013,0.0,0.0,0.0,0.0,0.0
2025_14_DEN_LV,DEN,LV,Lil'Jordan Humphrey,00-0035406,WR,rush_yds,0.08,0.0,0.0,0.0,0.0,0.0
2025_14_DEN_LV,DEN,LV,Lil'Jordan Humphrey,00-0035406,WR,tgt,1.622,0.0,0.0,1.0,2.0,4.0
2025_14_DEN_LV,DEN,LV,Lil'Jordan Humphrey,00-0035406,WR,rec,1.001,0.0,0.0,1.0,2.0,3.0
2025_14_DEN_LV,DEN,LV,Lil'Jordan Humphrey,00-0035406,WR,rec_yds,12.539,0.0,0.0,5.258,19.101,36.567
2025_14_DEN_LV,DEN,LV,Lil'Jordan Humphrey,00-0035406,WR,anytime_td,0.059,0.0,0.0,0.0,0.0,0.0
2025_14_DEN_LV,DEN,LV,Evan Engram,00-0033881,TE,car,0.092,0.0,0.0,0.0,0.0,0.0
2025_14_DEN_LV,DEN,LV,Evan Engram,00-0033881,TE,rush_yds,0.212,0.0,0.0,0.0,0.0,0.0
2025_14_DEN_LV,DEN,LV,Evan Engram,00-0033881,TE,tgt,4.983,2.0,3.0,5.0,7.0,9.0
2025_14_DEN_LV,DEN,LV,Evan Engram,00-0033881,TE,rec,3.535,1.0,2.0,3.0,5.0,7.0
2025_14_DEN_LV,DEN,LV,Evan Engram,00-0033881,TE,rec_yds,35.125,5.792,15.206,30.086,49.802,70.226
2025_14_DEN_LV,DEN,LV,Evan Engram,00-0033881,TE,anytime_td,0.117,0.0,0.0,0.0,0.0,1.0
2025_14_DEN_LV,DEN,LV,Marvin Mims Jr.,00-0038976,WR,car,1.508,0.0,0.0,1.0,2.0,4.0
2025_14_DEN_LV,DEN,LV,Marvin Mims Jr.,00-0038976,WR,rush_yds,8.501,0.0,0.0,0.0,10.926,28.46
2025_14_DEN_LV,DEN,LV,Marvin Mims Jr.,00-0038976,WR,tgt,2.911,0.0,1.0,2.0,4.0,6.0
2025_14_DEN_LV,DEN,LV,Marvin Mims Jr.,00-0038976,WR,rec,2.036,0.0,1.0,2.0,3.0,4.0
2025_14_DEN_LV,DEN,LV,Marvin Mims Jr.,00-0038976,WR,rec_yds,24.557,0.0,5.221,18.065,36.574,58.754
2025_14_DEN_LV,DEN,LV,Marvin Mims Jr.,00-0038976,WR,anytime_td,0.161,0.0,0.0,0.0,0.0,1.0
2025_14_DEN_LV,DEN,LV,Troy Franklin,00-0039868,WR,car,0.438,0.0,0.0,0.0,0.0,1.0
2025_14_DEN_LV,DEN,LV,Troy Franklin,00-0039868,WR,rush_yds,2.404,0.0,0.0,0.0,0.0,7.105
2025_14_DEN_LV,DEN,LV,Troy Franklin,00-0039868,WR,tgt,6.223,2.0,4.0,6.0,8.0,11.0
2025_14_DEN_LV,DEN,LV,Troy Franklin,00-0039868,WR,rec,3.82,1.0,2.0,4.0,5.0,7.0
2025_14_DEN_LV,DEN,LV,Troy Franklin,00-0039868,WR,rec_yds,46.54,8.507,21.042,40.158,65.053,92.587
2025_14_DEN_LV,DEN,LV,Troy Franklin,00-0039868,WR,anytime_td,0.335,0.0,0.0,0.0,1.0,1.0
2025_14_DEN_LV,DEN,LV,Tyler Badie,00-0037085,RB,car,0.741,0.0,0.0,0.0,1.0,2.0
2025_14_DEN_LV,DEN,LV,Tyler Badie,00-0037085,RB,rush_yds,3.438,0.0,0.0,0.0,2.054,11.026
2025_14_DEN_LV,DEN,LV,Tyler Badie,00-0037085,RB,tgt,1.957,0.0,1.0,2.0,3.0,4.0
2025_14_DEN_LV,DEN,LV,Tyler Badie,00-0037085,RB,rec,1.491,0.0,0.0,1.0,2.0,3.0
2025_14_DEN_LV,DEN,LV,Tyler Badie,00-0037085,RB,rec_yds,10.809,0.0,0.0,6.294,16.04,28.992
2025_14_DEN_LV,DEN,LV,Tyler Badie,00-0037085,RB,anytime_td,0.057,0.0,0.0,0.0,0.0,0.0
2025_14_DEN_LV,DEN,LV,Jaleel McLaughlin,00-0038794,RB,car,8.302,3.0,5.0,8.0,11.0,15.0
2025_14_DEN_LV,DEN,LV,Jaleel McLaughlin,00-0038794,RB,rush_yds,35.578,6.077,14.681,28.46,49.108,74.08
2025_14_DEN_LV,DEN,LV,Jaleel McLaughlin,00-0038794,RB,tgt,1.166,0.0,0.0,1.0,2.0,3.0
2025_14_DEN_LV,DEN,LV,Jaleel McLaughlin,00-0038794,RB,rec,0.957,0.0,0.0,1.0,1.0,3.0
2025_14_DEN_LV,DEN,LV,Jaleel McLaughlin,00-0038794,RB,rec_yds,6.489,0.0,0.0,0.0,9.317,19.597
2025_14_DEN_LV,DEN,LV,Jaleel McLaughlin,00-0038794,RB,anytime_td,0.232,0.0,0.0,0.0,0.0,1.0
2025_14_HOU_KC,KC,HOU,Patrick Mahomes,00-0033873,QB,att,31.547,21.0,27.0,32.0,37.0,42.0
2025_14_HOU_KC,KC,HOU,Patrick Mahomes,00-0033873,QB,cmp,19.9,13.0,17.0,20.0,24.0,27.0
2025_14_HOU_KC,KC,HOU,Patrick Mahomes,00-0033873,QB,pass_yds,227.191,140.874,182.998,227.69,274.176,321.121
2025_14_HOU_KC,KC,HOU,Patrick Mahomes,00-0033873,QB,pass_td,1.558,0.0,1.0,1.0,2.0,3.0
2025_14_HOU_KC,KC,HOU,Patrick Mahomes,00-0033873,QB,ints,0.667,0.0,0.0,0.0,1.0,2.0
2025_14_HOU_KC,KC,HOU,Patrick Mahomes,00-0033873,QB,car,3.768,1.0,2.0,3.0,5.0,7.0
2025_14_HOU_KC,KC,HOU,Patrick Mahomes,00-0033873,QB,rush_yds,19.988,0.0,6.199,16.354,29.642,43.975
2025_14_HOU_KC,KC,HOU,Patrick Mahomes,00-0033873,QB,tgt,0.001,0.0,0.0,0.0,0.0,0.0
2025_14_HOU_KC,KC,HOU,Patrick Mahomes,00-0033873,QB,rec,0.001,0.0,0.0,0.0,0.0,0.0
2025_14_HOU_KC,KC,HOU,Patrick Mahomes,00-0033873,QB,rec_yds,0.006,0.0,0.0,0.0,0.0,0.0
2025_14_HOU_KC,KC,HOU,Patrick Mahomes,00-0033873,QB,anytime_td,0.167,0.0,0.0,0.0,0.0,1.0
2025_14_HOU_KC,KC,HOU,Travis Kelce,00-0030506,TE,car,0.112,0.0,0.0,0.0,0.0,0.0
2025_14_HOU_KC,KC,HOU,Travis Kelce,00-0030506,TE,rush_yds,0.222,0.0,0.0,0.0,0.0,0.0
2025_14_HOU_KC,KC,HOU,Travis Kelce,00-0030506,TE,tgt,5.497,2.0,3.0,5.0,7.0,9.1
2025_14_HOU_KC,KC,HOU,Travis Kelce,00-0030506,TE,rec,3.877,1.0,2.0,4.0,5.0,7.0
2025_14_HOU_KC,KC,HOU,Travis Kelce,00-0030506,TE,rec_yds,44.193,8.827,20.585,38.884,62.28,87.359
2025_14_HOU_KC,KC,HOU,Travis Kelce,00-0030506,TE,anytime_td,0.277,0.0,0.0,0.0,1.0,1.0
2025_14_HOU_KC,KC,HOU,Rashee Rice,00-0039067,WR,car,0.569,0.0,0.0,0.0,1.0,2.0
2025_14_HOU_KC,KC,HOU,Rashee Rice,00-0039067,WR,rush_yds,2.922,0.0,0.0,0.0,0.0,9.891
2025_14_HOU_KC,KC,HOU,Rashee Rice,00-0039067,WR,tgt,7.641,3.0,5.0,7.0,10.0,12.0
2025_14_HOU_KC,KC,HOU,Rashee Rice,00-0039067,WR,rec,4.965,2.0,3.0,5.0,7.0,8.0
2025_14_HOU_KC,KC,HOU,Rashee Rice,00-0039067,WR,rec_yds,61.947,17.388,32.609,55.973,84.54,115.678
2025_14_HOU_KC,KC,HOU,Rashee Rice,00-0039067,WR,anytime_td,0.449,0.0,0.0,0.0,1.0,1.0
2025_14_HOU_KC,KC,HOU,Xavier Worthy,00-0039894,WR,car,0.763,0.0,0.0,0.0,1.0,3.0
2025_14_HOU_KC,KC,HOU,Xavier Worthy,00-0039894,WR,rush_yds,4.193,0.0,0.0,0.0,2.241,14.397
2025_14_HOU_KC,KC,HOU,Xavier Worthy,00-0039894,WR,tgt,5.074,2.0,3.0,5.0,7.0,9.0
2025_14_HOU_KC,KC,HOU,Xavier Worthy,00-0039894,WR,rec,3.027,1.0,2.0,3.0,4.0,6.0
2025_14_HOU_KC,KC,HOU,Xavier Worthy,00-0039894,WR,rec_yds,38.233,3.776,14.537,32.187,54.44,79.791
2025_14_HOU_KC,KC,HOU,Xavier Worthy,00-0039894,WR,anytime_td,0.142,0.0,0.0,0.0,0.0,1.0
2025_14_HOU_KC,KC,HOU,Kareem Hunt,00-0033923,RB,car,10.917,4.0,7.0,10.0,14.0,18.0
2025_14_HOU_KC,KC,HOU,Kareem Hunt,00-0033923,RB,rush_yds,43.074,11.004,21.425,36.844,58.184,82.557
2025_14_HOU_KC,KC,HOU,Kareem Hunt,00-0033923,RB,tgt,1.393,0.0,0.0,1.0,2.0,3.0
2025_14_HOU_KC,KC,HOU,Kareem Hunt,00-0033923,RB,rec,1.034,0.0,0.0,1.0,2.0,3.0
2025_14_HOU_KC,KC,HOU,Kareem Hunt,00-0033923,RB,rec_yds,8.129,0.0,0.0,2.173,12.23,25.232
2025_14_HOU_KC,KC,HOU,Kareem Hunt,00-0033923,RB,anytime_td,0.364,0.0,0.0,0.0,1.0,1.0
2025_14_HOU_KC,KC,HOU,Noah Gray,00-0036637,TE,car,0.003,0.0,0.0,0.0,0.0,0.0
2025_14_HOU_KC,KC,HOU,Noah Gray,00-0036637,TE,rush_yds,0.007,0.0,0.0,0.0,0.0,0.0
2025_14_HOU_KC,KC,HOU,Noah Gray,00-0036637,TE,tgt,2.098,0.0,1.0,2.0,3.0,5.0
2025_14_HOU_KC,KC,HOU,Noah Gray,00-0036637,TE,rec,1.381,0.0,0.0,1.0,2.0,3.0
2025_14_HOU_KC,KC,HOU,Noah Gray,00-0036637,TE,rec_yds,14.065,0.0,0.0,8.547,21.361,37.566
2025_14_HOU_KC,KC,HOU,Noah Gray,00-0036637,TE,anytime_td,0.05,0.0,0.0,0.0,0.0,0.0
2025_14_HOU_KC,KC,HOU,JuJu Smith-Schuster,00-0033857,WR,car,0.01,0.0,0.0,0.0,0.0,0.0
2025_14_HOU_KC,KC,HOU,JuJu Smith-Schuster,00-0033857,WR,rush_yds,0.038,0.0,0.0,0.0,0.0,0.0
2025_14_HOU_KC,KC,HOU,JuJu Smith-Schuster,00-0033857,WR,tgt,1.828,0.0,1.0,1.0,3.0,4.0
2025_14_HOU_KC,KC,HOU,JuJu Smith-Schuster,00-0033857,WR,rec,1.168,0.0,0.0,1.0,2.0,3.0
2025_14_HOU_KC,KC,HOU,JuJu Smith-Schuster,00-0033857,WR,rec_yds,14.63,0.0,0.0,7.699,22.355,40.682
2025_14_HOU_KC,KC,HOU,JuJu Smith-Schuster,00-0033857,WR,anytime_td,0.061,0.0,0.0,0.0,0.0,0.0
2025_14_HOU_KC,KC,HOU,Marquise Brown,00-0035662,WR,car,0.009,0.0,0.0,0.0,0.0,0.0
2025_14_HOU_KC,KC,HOU,Marquise Brown,00-0035662,WR,rush_yds,0.064,0.0,0.0,0.0,0.0,0.0
2025_14_HOU_KC,KC,HOU,Marquise Brown,00-0035662,WR,tgt,3.247,1.0,2.0,3.0,4.0,6.0
2025_14_HOU_KC,KC,HOU,Marquise Brown,00-0035662,WR,rec,2.048,0.0,1.0,2.0,3.0,4.0
2025_14_HOU_KC,KC,HOU,Marquise Brown,00-0035662,WR,rec_yds,26.091,0.0,6.15,20.122,38.917,60.597
2025_14_HOU_KC,KC,HOU,Marquise Brown,00-0035662,WR,anytime_td,0.242,0.0,0.0,0.0,0.0,1.0
2025_14_HOU_KC,KC,HOU,Isiah Pacheco,00-0037197,RB,car,7.933,3.0,4.0,7.0,11.0,14.0
2025_14_HOU_KC,KC,HOU,Isiah Pacheco,00-0037197,RB,rush_yds,32.848,5.494,13.084,26.028,45.741,68.7
2025_14_HOU_KC,KC,HOU,Isiah Pacheco,00-0037197,RB,tgt,1.779,0.0,0.0,1.0,3.0,4.0
2025_14_HOU_KC,KC,HOU,Isiah Pacheco,00-0037197,RB,rec,1.296,0.0,0.0,1.0,2.0,3.0
2025_14_HOU_KC,KC,HOU,Isiah Pacheco,00-0037197,RB,rec_yds,9.022,0.0,0.0,4.388,13.573,25.581
2025_14_HOU_KC,KC,HOU,Isiah Pacheco,00-0037197,RB,anytime_td,0.199,0.0,0.0,0.0,0.0,1.0
2025_14_HOU_KC,KC,HOU,Tyquan Thornton,00-0038104,WR,car,0.007,0.0,0.0,0.0,0.0,0.0
2025_14_HOU_KC,KC,HOU,Tyquan Thornton,00-0038104,WR,rush_yds,0.041,0.0,0.0,0.0,0.0,0.0
2025_14_HOU_KC,KC,HOU,Tyquan Thornton,00-0038104,WR,tgt,1.548,0.0,0.0,1.0,2.0,4.0
2025_14_HOU_KC,KC,HOU,Tyquan Thornton,00-0038104,WR,rec,0.855,0.0,0.0,1.0,1.0,2.0
2025_14_HOU_KC,KC,HOU,Tyquan Thornton,00-0038104,WR,rec_yds,12.907,0.0,0.0,1.313,19.334,39.039
2025_14_HOU_KC,KC,HOU,Tyquan Thornton,00-0038104,WR,anytime_td,0.076,0.0,0.0,0.0,0.0,0.0
2025_14_HOU_KC,KC,HOU,Brashard Smith,00-0040078,RB,car,2.103,0.0,0.0,1.0,3.0,6.0
2025_14_HOU_KC,KC,HOU,Brashard Smith,00-0040078,RB,rush_yds,8.228,0.0,0.0,2.896,11.423,24.332
2025_14_HOU_KC,KC,HOU,Brashard Smith,00-0040078,RB,tgt,1.831,0.0,1.0,1.0,3.0,4.0
2025_14_HOU_KC,KC,HOU,Brashard Smith,00-0040078,RB,rec,1.344,0.0,0.0,1.0,2.0,3.0
2025_14_HOU_KC,KC,HOU,Brashard Smith,00-0040078,RB,rec_yds,10.535,0.0,0.0,5.482,15.763,29.909
2025_14_HOU_KC,KC,HOU,Brashard Smith,00-0040078,RB,anytime_td,0.053,0.0,0.0,0.0,0.0,0.0
2025_14_HOU_KC,HOU,KC,C.J. Stroud,00-0039163,QB,att,31.507,21.0,27.0,32.0,37.0,42.0
2025_14_HOU_KC,HOU,KC,C.J. Stroud,00-0039163,QB,cmp,20.11,13.0,17.0,20.0,24.0,28.0
2025_14_HOU_KC,HOU,KC,C.J. Stroud,00-0039163,QB,pass_yds,211.933,127.872,168.419,211.766,256.365,302.032
2025_14_HOU_KC,HOU,KC,C.J. Stroud,00-0039163,QB,pass_td,1.123,0.0,0.0,1.0,2.0,2.0
2025_14_HOU_KC,HOU,KC,C.J. Stroud,00-0039163,QB,ints,0.698,0.0,0.0,0.0,1.0,2.0
2025_14_HOU_KC,HOU,KC,C.J. Stroud,00-0039163,QB,car,3.218,1.0,2.0,3.0,4.0,6.0
2025_14_HOU_KC,HOU,KC,C.J. Stroud,00-0039163,QB,rush_yds,17.719,0.0,4.93,13.72,26.318,40.232
2025_14_HOU_KC,HOU,KC,C.J. Stroud,00-0039163,QB,tgt,0.002,0.0,0.0,0.0,0.0,0.0
2025_14_HOU_KC,HOU,KC,C.J. Stroud,00-0039163,QB,rec,0.001,0.0,0.0,0.0,0.0,0.0
2025_14_HOU_KC,HOU,KC,C.J. Stroud,00-0039163,QB,rec_yds,0.013,0.0,0.0,0.0,0.0,0.0
2025_14_HOU_KC,HOU,KC,C.J. Stroud,00-0039163,QB,anytime_td,0.022,0.0,0.0,0.0,0.0,0.0
2025_14_HOU_KC,HOU,KC,Woody Marks,00-0040583,RB,car,11.634,5.0,8.0,11.0,15.0,19.0
2025_14_HOU_KC,HOU,KC,Woody Marks,00-0040583,RB,rush_yds,43.83,12.247,22.293,37.547,58.437,83.05
2025_14_HOU_KC,HOU,KC,Woody Marks,00-0040583,RB,tgt,1.83,0.0,1.0,1.0,3.0,4.0
2025_14_HOU_KC,HOU,KC,Woody Marks,00-0040583,RB,rec,1.396,0.0,0.0,1.0,2.0,3.0
2025_14_HOU_KC,HOU,KC,Woody Marks,00-0040583,RB,rec_yds,9.994,0.0,0.0,5.609,14.827,27.604
2025_14_HOU_KC,HOU,KC,Woody Marks,00-0040583,RB,anytime_td,0.291,0.0,0.0,0.0,1.0,1.0
2025_14_HOU_KC,HOU,KC,Nico Collins,00-0036554,WR,car,0.2,0.0,0.0,0.0,0.0,1.0
2025_14_HOU_KC,HOU,KC,Nico Collins,00-0036554,WR,rush_yds,1.101,0.0,0.0,0.0,0.0,0.0
2025_14_HOU_KC,HOU,KC,Nico Collins,00-0036554,WR,tgt,7.738,4.0,5.0,7.0,10.0,12.0
2025_14_HOU_KC,HOU,KC,Nico Collins,00-0036554,WR,rec,4.856,2.0,3.0,5.0,6.0,8.0
2025_14_HOU_KC,HOU,KC,Nico Collins,00-0036554,WR,rec_yds,61.978,16.575,32.392,56.152,84.612,114.557
2025_14_HOU_KC,HOU,KC,Nico Collins,00-0036554,WR,anytime_td,0.246,0.0,0.0,0.0,0.0,1.0
2025_14_HOU_KC,HOU,KC,Dalton Schultz,00-0034383,TE,car,0.003,0.0,0.0,0.0,0.0,0.0
2025_14_HOU_KC,HOU,KC,Dalton Schultz,00-0034383,TE,rush_yds,0.007,0.0,0.0,0.0,0.0,0.0
2025_14_HOU_KC,HOU,KC,Dalton Schultz,00-0034383,TE,tgt,5.928,2.0,4.0,6.0,8.0,10.0
2025_14_HOU_KC,HOU,KC,Dalton Schultz,00-0034383,TE,rec,4.254,1.0,2.0,4.0,6.0,7.0
2025_14_HOU_KC,HOU,KC,Dalton Schultz,00-0034383,TE,rec_yds,39.281,8.099,18.457,34.974,54.491,76.434
2025_14_HOU_KC,HOU,KC,Dalton Schultz,00-0034383,TE,anytime_td,0.129,0.0,0.0,0.0,0.0,1.0
2025_14_HOU_KC,HOU,KC,Jayden Higgins,00-0040130,WR,car,0.004,0.0,0.0,0.0,0.0,0.0
2025_14_HOU_KC,HOU,KC,Jayden Higgins,00-0040130,WR,rush_yds,0.026,0.0,0.0,0.0,0.0,0.0
2025_14_HOU_KC,HOU,KC,Jayden Higgins,00-0040130,WR,tgt,4.396,1.0,2.0,4.0,6.0,8.0
2025_14_HOU_KC,HOU,KC,Jayden Higgins,00-0040130,WR,rec,2.788,1.0,1.0,2.0,4.0,5.0
2025_14_HOU_KC,HOU,KC,Jayden Higgins,00-0040130,WR,rec_yds,31.332,0.949,10.375,25.15,45.23,68.716
2025_14_HOU_KC,HOU,KC,Jayden Higgins,00-0040130,WR,anytime_td,0.21,0.0,0.0,0.0,0.0,1.0
2025_14_HOU_KC,HOU,KC,Xavier Hutchinson,00-0038618,WR,car,0.031,0.0,0.0,0.0,0.0,0.0
2025_14_HOU_KC,HOU,KC,Xavier Hutchinson,00-0038618,WR,rush_yds,0.139,0.0,0.0,0.0,0.0,0.0
2025_14_HOU_KC,HOU,KC,Xavier Hutchinson,00-0038618,WR,tgt,2.869,0.0,1.0,2.0,4.0,6.0
2025_14_HOU_KC,HOU,KC,Xavier Hutchinson,00-0038618,WR,rec,1.817,0.0,1.0,2.0,3.0,4.0
2025_14_HOU_KC,HOU,KC,Xavier Hutchinson,00-0038618,WR,rec_yds,21.431,0.0,3.303,15.497,32.154,51.867
2025_14_HOU_KC,HOU,KC,Xavier Hutchinson,00-0038618,WR,anytime_td,0.128,0.0,0.0,0.0,0.0,1.0
2025_14_HOU_KC,HOU,KC,Jaylin Noel,00-0040138,WR,car,0.303,0.0,0.0,0.0,0.0,1.0
2025_14_HOU_KC,HOU,KC,Jaylin Noel,00-0040138,WR,rush_yds,1.523,0.0,0.0,0.0,0.0,3.593
2025_14_HOU_KC,HOU,KC,Jaylin Noel,00-0040138,WR,tgt,2.057,0.0,1.0,2.0,3.0,4.1
2025_14_HOU_KC,HOU,KC,Jaylin Noel,00-0040138,WR,rec,1.343,0.0,0.0,1.0,2.0,3.0
2025_14_HOU_KC,HOU,KC,Jaylin Noel,00-0040138,WR,rec_yds,15.274,0.0,0.0,8.902,23.497,41.495
2025_14_HOU_KC,HOU,KC,Jaylin Noel,00-0040138,WR,anytime_td,0.076,0.0,0.0,0.0,0.0,0.0
2025_14_HOU_KC,HOU,KC,Christian Kirk,00-0034775,WR,car,0.006,0.0,0.0,0.0,0.0,0.0
2025_14_HOU_KC,HOU,KC,Christian Kirk,00-0034775,WR,rush_yds,0.04,0.0,0.0,0.0,0.0,0.0
2025_14_HOU_KC,HOU,KC,Christian Kirk,00-0034775,WR,tgt,3.876,1.0,2.0,4.0,5.0,7.0
2025_14_HOU_KC,HOU,KC,Christian Kirk,00-0034775,WR,rec,2.405,0.0,1.0,2.0,3.0,5.0
2025_14_HOU_KC,HOU,KC,Christian Kirk,00-0034775,WR,rec_yds,26.413,0.0,8.066,21.247,38.748,59.043
2025_14_HOU_KC,HOU,KC,Christian Kirk,00-0034775,WR,anytime_td,0.141,0.0,0.0,0.0,0.0,1.0
2025_14_HOU_KC,HOU,KC,Cade Stover,00-0039359,TE,car,0.665,0.0,0.0,0.0,1.0,2.0
2025_14_HOU_KC,HOU,KC,Cade Stover,00-0039359,TE,rush_yds,1.472,0.0,0.0,0.0,0.373,5.233
2025_14_HOU_KC,HOU,KC,Cade Stover,00-0039359,TE,tgt,1.834,0.0,1.0,1.0,3.0,4.0
2025_14_HOU_KC,HOU,KC,Cade Stover,00-0039359,TE,rec,1.314,0.0,0.0,1.0,2.0,3.0
2025_14_HOU_KC,HOU,KC,Cade Stover,00-0039359,TE,rec_yds,11.56,0.0,0.0,6.651,17.969,30.196
2025_14_HOU_KC,HOU,KC,Cade Stover,00-0039359,TE,anytime_td,0.074,0.0,0.0,0.0,0.0,0.0
2025_14_HOU_KC,HOU,KC,Nick Chubb,00-0034791,RB,car,7.893,2.0,4.0,7.0,11.0,14.0
2025_14_HOU_KC,HOU,KC,Nick Chubb,00-0034791,RB,rush_yds,31.917,5.738,13.208,26.061,44.344,65.541
2025_14_HOU_KC,HOU,KC,Nick Chubb,00-0034791,RB,tgt,1.115,0.0,0.0,1.0,2.0,3.0
2025_14_HOU_KC,HOU,KC,Nick Chubb,00-0034791,RB,rec,0.833,0.0,0.0,0.0,1.0,2.0
2025_14_HOU_KC,HOU,KC,Nick Chubb,00-0034791,RB,rec_yds,5.481,0.0,0.0,0.0,7.965,17.43
2025_14_HOU_KC,HOU,KC,Nick Chubb,00-0034791,RB,anytime_td,0.233,0.0,0.0,0.0,0.0,1.0
2025_14_IND_JAX,JAX,IND,Trevor Lawrence,00-0036971,QB,att,30.096,20.0,26.0,31.0,36.0,40.0
2025_14_IND_JAX,JAX,IND,Trevor Lawrence,00-0036971,QB,cmp,18.975,12.0,16.0,19.0,23.0,26.0
2025_14_IND_JAX,JAX,IND,Trevor Lawrence,00-0036971,QB,pass_yds,212.439,128.805,169.524,212.182,258.817,300.884
2025_14_IND_JAX,JAX,IND,Trevor Lawrence,00-0036971,QB,pass_td,1.221,0.0,0.0,1.0,2.0,3.0
2025_14_IND_JAX,JAX,IND,Trevor Lawrence,00-0036971,QB,ints,0.722,0.0,0.0,0.0,1.0,2.0
2025_14_IND_JAX,JAX,IND,Trevor Lawrence,00-0036971,QB,car,4.516,1.0,2.0,4.0,6.0,8.0
2025_14_IND_JAX,JAX,IND,Trevor Lawrence,00-0036971,QB,rush_yds,21.326,0.0,7.472,17.645,30.915,46.616
2025_14_IND_JAX,JAX,IND,Trevor Lawrence,00-0036971,QB,tgt,0.001,0.0,0.0,0.0,0.0,0.0
2025_14_IND_JAX,JAX,IND,Trevor Lawrence,00-0036971,QB,rec,0.001,0.0,0.0,0.0,0.0,0.0
2025_14_IND_JAX,JAX,IND,Trevor Lawrence,00-0036971,QB,rec_yds,0.004,0.0,0.0,0.0,0.0,0.0
2025_14_IND_JAX,JAX,IND,Trevor Lawrence,00-0036971,QB,anytime_td,0.272,0.0,0.0,0.0,1.0,1.0
2025_14_IND_JAX,JAX,IND,Jakobi Meyers,00-0034960,WR,car,0.192,0.0,0.0,0.0,0.0,0.0
2025_14_IND_JAX,JAX,IND,Jakobi Meyers,00-0034960,WR,rush_yds,1.006,0.0,0.0,0.0,0.0,0.0
2025_14_IND_JAX,JAX,IND,Jakobi Meyers,00-0034960,WR,tgt,6.15,3.0,4.0,6.0,8.0,10.0
2025_14_IND_JAX,JAX,IND,Jakobi Meyers,00-0034960,WR,rec,4.208,1.0,2.0,4.0,6.0,7.0
2025_14_IND_JAX,JAX,IND,Jakobi Meyers,00-0034960,WR,rec_yds,52.04,11.864,25.444,46.478,72.009,99.138
2025_14_IND_JAX,JAX,IND,Jakobi Meyers,00-0034960,WR,anytime_td,0.218,0.0,0.0,0.0,0.0,1.0
2025_14_IND_JAX,JAX,IND,Brian Thomas Jr.,00-0039893,WR,car,0.207,0.0,0.0,0.0,0.0,0.0
2025_14_IND_JAX,JAX,IND,Brian Thomas Jr.,00-0039893,WR,rush_yds,1.087,0.0,0.0,0.0,0.0,0.0
2025_14_IND_JAX,JAX,IND,Brian Thomas Jr.,00-0039893,WR,tgt,6.064,2.0,4.0,6.0,8.0,10.0
2025_14_IND_JAX,JAX,IND,Brian Thomas Jr.,00-0039893,WR,rec,3.561,1.0,2.0,3.0,5.0,6.0
2025_14_IND_JAX,JAX,IND,Brian Thomas Jr.,00-0039893,WR,rec_yds,46.531,8.171,20.834,40.478,65.515,91.988
2025_14_IND_JAX,JAX,IND,Brian Thomas Jr.,00-0039893,WR,anytime_td,0.202,0.0,0.0,0.0,0.0,1.0
2025_14_IND_JAX,JAX,IND,Brenton Strange,00-0038935,TE,car,0.005,0.0,0.0,0.0,0.0,0.0
2025_14_IND_JAX,JAX,IND,Brenton Strange,00-0038935,TE,rush_yds,0.008,0.0,0.0,0.0,0.0,0.0
2025_14_IND_JAX,JAX,IND,Brenton Strange,00-0038935,TE,tgt,4.219,1.0,2.0,4.0,6.0,8.0
2025_14_IND_JAX,JAX,IND,Brenton Strange,00-0038935,TE,rec,3.166,1.0,2.0,3.0,4.0,6.0
2025_14_IND_JAX,JAX,IND,Brenton Strange,00-0038935,TE,rec_yds,34.868,3.945,14.119,29.451,49.528,72.68
2025_14_IND_JAX,JAX,IND,Brenton Strange,00-0038935,TE,anytime_td,0.138,0.0,0.0,0.0,0.0,1.0
2025_14_IND_JAX,JAX,IND,Travis Etienne,00-0036973,RB,car,14.066,7.0,10.0,13.0,18.0,22.0
2025_14_IND_JAX,JAX,IND,Travis Etienne,00-0036973,RB,rush_yds,56.97,18.864,31.445,50.943,75.506,104.16
2025_14_IND_JAX,JAX,IND,Travis Etienne,00-0036973,RB,tgt,2.905,1.0,1.0,2.0,4.0,6.0
2025_14_IND_JAX,JAX,IND,Travis Etienne,00-0036973,RB,rec,2.106,0.0,1.0,2.0,3.0,4.0
2025_14_IND_JAX,JAX,IND,Travis Etienne,00-0036973,RB,rec_yds,15.709,0.0,2.434,10.719,23.43,38.951
2025_14_IND_JAX,JAX,IND,Travis Etienne,00-0036973,RB,anytime_td,0.368,0.0,0.0,0.0,1.0,1.0
2025_14_IND_JAX,JAX,IND,Tim Patrick,00-0033375,WR,car,0.009,0.0,0.0,0.0,0.0,0.0
2025_14_IND_JAX,JAX,IND,Tim Patrick,00-0033375,WR,rush_yds,0.042,0.0,0.0,0.0,0.0,0.0
2025_14_IND_JAX,JAX,IND,Tim Patrick,00-0033375,WR,tgt,1.757,0.0,1.0,1.0,3.0,4.0
2025_14_IND_JAX,JAX,IND,Tim Patrick,00-0033375,WR,rec,1.049,0.0,0.0,1.0,2.0,3.0
2025_14_IND_JAX,JAX,IND,Tim Patrick,00-0033375,WR,rec_yds,12.806,0.0,0.0,6.422,19.81,36.56
2025_14_IND_JAX,JAX,IND,Tim Patrick,00-0033375,WR,anytime_td,0.105,0.0,0.0,0.0,0.0,1.0
2025_14_IND_JAX,JAX,IND,Quintin Morris,00-0036590,TE,car,0.002,0.0,0.0,0.0,0.0,0.0
2025_14_IND_JAX,JAX,IND,Quintin Morris,00-0036590,TE,rush_yds,0.005,0.0,0.0,0.0,0.0,0.0
2025_14_IND_JAX,JAX,IND,Quintin Morris,00-0036590,TE,tgt,0.982,0.0,0.0,1.0,2.0,3.0
2025_14_IND_JAX,JAX,IND,Quintin Morris,00-0036590,TE,rec,0.655,0.0,0.0,0.0,1.0,2.0
2025_14_IND_JAX,JAX,IND,Quintin Morris,00-0036590,TE,rec_yds,6.693,0.0,0.0,0.0,9.775,21.317
2025_14_IND_JAX,JAX,IND,Quintin Morris,00-0036590,TE,anytime_td,0.017,0.0,0.0,0.0,0.0,0.0
2025_14_IND_JAX,JAX,IND,Hunter Long,00-0037004,TE,car,0.002,0.0,0.0,0.0,0.0,0.0
2025_14_IND_JAX,JAX,IND,Hunter Long,00-0037004,TE,rush_yds,0.004,0.0,0.0,0.0,0.0,0.0
2025_14_IND_JAX,JAX,IND,Hunter Long,00-0037004,TE,tgt,1.897,0.0,1.0,2.0,3.0,4.0
2025_14_IND_JAX,JAX,IND,Hunter Long,00-0037004,TE,rec,1.312,0.0,0.0,1.0,2.0,3.0
2025_14_IND_JAX,JAX,IND,Hunter Long,00-0037004,TE,rec_yds,12.608,0.0,0.0,7.839,19.452,33.226
2025_14_IND_JAX,JAX,IND,Hunter Long,00-0037004,TE,anytime_td,0.136,0.0,0.0,0.0,0.0,1.0
2025_14_IND_JAX,JAX,IND,LeQuint Allen Jr.,00-0040238,RB,car,1.51,0.0,0.0,1.0,2.0,4.0
2025_14_IND_JAX,JAX,IND,LeQuint Allen Jr.,00-0040238,RB,rush_yds,6.342,0.0,0.0,0.0,7.901,19.53
2025_14_IND_JAX,JAX,IND,LeQuint Allen Jr.,00-0040238,RB,tgt,0.587,0.0,0.0,0.0,1.0,2.0
2025_14_IND_JAX,JAX,IND,LeQuint Allen Jr.,00-0040238,RB,rec,0.442,0.0,0.0,0.0,1.0,1.0
2025_14_IND_JAX,JAX,IND,LeQuint Allen Jr.,00-0040238,RB,rec_yds,3.143,0.0,0.0,0.0,2.361,11.457
2025_14_IND_JAX,JAX,IND,LeQuint Allen Jr.,00-0040238,RB,anytime_td,0.019,0.0,0.0,0.0,0.0,0.0
2025_14_IND_JAX,JAX,IND,Dyami Brown,00-0036626,WR,car,0.305,0.0,0.0,0.0,0.0,1.0
2025_14_IND_JAX,JAX,IND,Dyami Brown,00-0036626,WR,rush_yds,1.616,0.0,0.0,0.0,0.0,2.899
2025_14_IND_JAX,JAX,IND,Dyami Brown,00-0036626,WR,tgt,2.931,1.0,1.0,3.0,4.0,6.0
2025_14_IND_JAX,JAX,IND,Dyami Brown,00-0036626,WR,rec,1.694,0.0,1.0,1.0,2.0,4.0
2025_14_IND_JAX,JAX,IND,Dyami Brown,00-0036626,WR,rec_yds,20.699,0.0,2.773,14.593,31.179,50.447
2025_14_IND_JAX,JAX,IND,Dyami Brown,00-0036626,WR,anytime_td,0.092,0.0,0.0,0.0,0.0,0.0
2025_14_IND_JAX,JAX,IND,Austin Trammell,00-0036841,WR,car,0.01,0.0,0.0,0.0,0.0,0.0
2025_14_IND_JAX,JAX,IND,Austin Trammell,00-0036841,WR,rush_yds,0.062,0.0,0.0,0.0,0.0,0.0
2025_14_IND_JAX,JAX,IND,Austin Trammell,00-0036841,WR,tgt,2.215,0.0,1.0,2.0,3.0,5.0
2025_14_IND_JAX,JAX,IND,Austin Trammell,00-0036841,WR,rec,1.24,0.0,0.0,1.0,2.0,3.0
2025_14_IND_JAX,JAX,IND,Austin Trammell,00-0036841,WR,rec_yds,15.729,0.0,0.0,9.111,24.42,42.865
2025_14_IND_JAX,JAX,IND,Austin Trammell,00-0036841,WR,anytime_td,0.03,0.0,0.0,0.0,0.0,0.0
2025_14_IND_JAX,JAX,IND,Bhayshul Tuten,00-0040719,RB,car,6.594,2.0,3.0,6.0,9.0,13.0
2025_14_IND_JAX,JAX,IND,Bhayshul Tuten,00-0040719,RB,rush_yds,25.201,2.608,8.603,19.4,36.119,54.226
2025_14_IND_JAX,JAX,IND,Bhayshul Tuten,00-0040719,RB,tgt,1.007,0.0,0.0,1.0,2.0,3.0
2025_14_IND_JAX,JAX,IND,Bhayshul Tuten,00-0040719,RB,rec,0.748,0.0,0.0,0.0,1.0,2.0
2025_14_IND_JAX,JAX,IND,Bhayshul Tuten,00-0040719,RB,rec_yds,5.301,0.0,0.0,0.0,7.462,17.405
2025_14_IND_JAX,JAX,IND,Bhayshul Tuten,00-0040719,RB,anytime_td,0.239,0.0,0.0,0.0,0.0,1.0
2025_14_IND_JAX,IND,JAX,Tyler Warren,00-0040128,TE,car,0.297,0.0,0.0,0.0,0.0,1.0
2025_14_IND_JAX,IND,JAX,Tyler Warren,00-0040128,TE,rush_yds,0.629,0.0,0.0,0.0,0.0,1.117
2025_14_IND_JAX,IND,JAX,Tyler Warren,00-0040128,TE,tgt,6.696,3.0,4.0,6.0,9.0,11.0
2025_14_IND_JAX,IND,JAX,Tyler Warren,00-0040128,TE,rec,4.908,2.0,3.0,5.0,6.0,8.0
2025_14_IND_JAX,IND,JAX,Tyler Warren,00-0040128,TE,rec_yds,52.306,13.676,27.573,47.243,71.367,97.507
2025_14_IND_JAX,IND,JAX,Tyler Warren,00-0040128,TE,anytime_td,0.289,0.0,0.0,0.0,1.0,1.0
2025_14_IND_JAX,IND,JAX,Michael Pittman,00-0036252,WR,car,0.006,0.0,0.0,0.0,0.0,0.0
2025_14_IND_JAX,IND,JAX,Michael Pittman,00-0036252,WR,rush_yds,0.028,0.0,0.0,0.0,0.0,0.0
2025_14_IND_JAX,IND,JAX,Michael Pittman,00-0036252,WR,tgt,6.864,3.0,5.0,7.0,9.0,11.0
2025_14_IND_JAX,IND,JAX,Michael Pittman,00-0036252,WR,rec,4.601,2.0,3.0,4.0,6.0,8.0
2025_14_IND_JAX,IND,JAX,Michael Pittman,00-0036252,WR,rec_yds,52.526,13.408,27.06,46.959,72.245,99.438
2025_14_IND_JAX,IND,JAX,Michael Pittman,00-0036252,WR,anytime_td,0.311,0.0,0.0,0.0,1.0,1.0
2025_14_IND_JAX,IND,JAX,Alec Pierce,00-0037664,WR,car,0.004,0.0,0.0,0.0,0.0,0.0
2025_14_IND_JAX,IND,JAX,Alec Pierce,00-0037664,WR,rush_yds,0.022,0.0,0.0,0.0,0.0,0.0
2025_14_IND_JAX,IND,JAX,Alec Pierce,00-0037664,WR,tgt,5.821,2.0,4.0,5.0,8.0,10.0
2025_14_IND_JAX,IND,JAX,Alec Pierce,00-0037664,WR,rec,3.467,1.0,2.0,3.0,5.0,6.0
2025_14_IND_JAX,IND,JAX,Alec Pierce,00-0037664,WR,rec_yds,55.008,8.659,23.852,47.716,78.68,112.43
2025_14_IND_JAX,IND,JAX,Alec Pierce,00-0037664,WR,anytime_td,0.247,0.0,0.0,0.0,0.0,1.0
2025_14_IND_JAX,IND,JAX,Jonathan Taylor,00-0036223,RB,car,18.298,10.0,14.0,18.0,22.0,27.0
2025_14_IND_JAX,IND,JAX,Jonathan Taylor,00-0036223,RB,rush_yds,82.464,33.828,50.776,75.934,106.017,140.001
2025_14_IND_JAX,IND,JAX,Jonathan Taylor,00-0036223,RB,tgt,3.271,1.0,2.0,3.0,5.0,6.0
2025_14_IND_JAX,IND,JAX,Jonathan Taylor,00-0036223,RB,rec,2.593,0.0,1.0,2.0,4.0,5.0
2025_14_IND_JAX,IND,JAX,Jonathan Taylor,00-0036223,RB,rec_yds,20.811,0.0,5.035,15.307,30.75,48.952
2025_14_IND_JAX,IND,JAX,Jonathan Taylor,00-0036223,RB,anytime_td,0.56,0.0,0.0,1.0,1.0,1.0
2025_14_IND_JAX,IND,JAX,Josh Downs,00-0038997,WR,car,0.015,0.0,0.0,0.0,0.0,0.0
2025_14_IND_JAX,IND,JAX,Josh Downs,00-0038997,WR,rush_yds,0.07,0.0,0.0,0.0,0.0,0.0
2025_14_IND_JAX,IND,JAX,Josh Downs,00-0038997,WR,tgt,5.723,2.0,3.0,5.0,8.0,10.0
2025_14_IND_JAX,IND,JAX,Josh Downs,00-0038997,WR,rec,3.553,1.0,2.0,3.0,5.0,6.0
2025_14_IND_JAX,IND,JAX,Josh Downs,00-0038997,WR,rec_yds,40.107,6.218,17.183,34.844,57.26,80.412
2025_14_IND_JAX,IND,JAX,Josh Downs,00-0038997,WR,anytime_td,0.227,0.0,0.0,0.0,0.0,1.0
2025_14_IND_JAX,IND,JAX,Mo Alie-Cox,00-0033217,TE,car,0.003,0.0,0.0,0.0,0.0,0.0
2025_14_IND_JAX,IND,JAX,Mo Alie-Cox,00-0033217,TE,rush_yds,0.008,0.0,0.0,0.0,0.0,0.0
2025_14_IND_JAX,IND,JAX,Mo Alie-Cox,00-0033217,TE,tgt,0.887,0.0,0.0,0.0,1.0,2.0
2025_14_IND_JAX,IND,JAX,Mo Alie-Cox,00-0033217,TE,rec,0.598,0.0,0.0,0.0,1.0,2.0
2025_14_IND_JAX,IND,JAX,Mo Alie-Cox,00-0033217,TE,rec_yds,6.171,0.0,0.0,0.0,8.534,21.11
2025_14_IND_JAX,IND,JAX,Mo Alie-Cox,00-0033217,TE,anytime_td,0.011,0.0,0.0,0.0,0.0,0.0
2025_14_IND_JAX,IND,JAX,Ameer Abdullah,00-0032104,RB,car,1.532,0.0,0.0,1.0,2.0,4.0
2025_14_IND_JAX,IND,JAX,Ameer Abdullah,00-0032104,RB,rush_yds,5.777,0.0,0.0,0.779,7.398,17.424
2025_14_IND_JAX,IND,JAX,Ameer Abdullah,00-0032104,RB,tgt,1.101,0.0,0.0,1.0,2.0,3.0
2025_14_IND_JAX,IND,JAX,Ameer Abdullah,00-0032104,RB,rec,0.866,0.0,0.0,1.0,1.0,2.0
2025_14_IND_JAX,IND,JAX,Ameer Abdullah,00-0032104,RB,rec_yds,6.188,0.0,0.0,0.0,8.892,19.094
2025_14_IND_JAX,IND,JAX,Ameer Abdullah,00-0032104,RB,anytime_td,0.097,0.0,0.0,0.0,0.0,0.0
2025_14_IND_JAX,IND,JAX,Daniel Jones,00-0035710,QB,att,31.865,22.0,27.0,33.0,38.0,42.0
2025_14_IND_JAX,IND,JAX,Daniel Jones,00-0035710,QB,cmp,20.749,13.0,17.0,21.0,25.0,28.0
2025_14_IND_JAX,IND,JAX,Daniel Jones,00-0035710,QB,pass_yds,232.98,143.451,186.013,233.403,281.578,330.431
2025_14_IND_JAX,IND,JAX,Daniel Jones,00-0035710,QB,pass_td,1.428,0.0,1.0,1.0,2.0,3.0
2025_14_IND_JAX,IND,JAX,Daniel Jones,00-0035710,QB,ints,0.658,0.0,0.0,0.0,1.0,2.0
2025_14_IND_JAX,IND,JAX,Daniel Jones,00-0035710,QB,car,3.752,1.0,2.0,3.0,5.0,7.0
2025_14_IND_JAX,IND,JAX,Daniel Jones,00-0035710,QB,rush_yds,15.674,0.0,3.674,11.824,23.637,36.729
2025_14_IND_JAX,IND,JAX,Daniel Jones,00-0035710,QB,tgt,0.0,0.0,0.0,0.0,0.0,0.0
2025_14_IND_JAX,IND,JAX,Daniel Jones,00-0035710,QB,rec,0.0,0.0,0.0,0.0,0.0,0.0
2025_14_IND_JAX,IND,JAX,Daniel Jones,00-0035710,QB,rec_yds,0.0,0.0,0.0,0.0,0.0,0.0
2025_14_IND_JAX,IND,JAX,Daniel Jones,00-0035710,QB,anytime_td,0.226,0.0,0.0,0.0,0.0,1.0
2025_14_IND_JAX,IND,JAX,Andrew Ogletree,00-0037292,TE,car,0.002,0.0,0.0,0.0,0.0,0.0
2025_14_IND_JAX,IND,JAX,Andrew Ogletree,00-0037292,TE,rush_yds,0.005,0.0,0.0,0.0,0.0,0.0
2025_14_IND_JAX,IND,JAX,Andrew Ogletree,00-0037292,TE,tgt,0.648,0.0,0.0,0.0,1.0,2.0
2025_14_IND_JAX,IND,JAX,Andrew Ogletree,00-0037292,TE,rec,0.459,0.0,0.0,0.0,1.0,2.0
2025_14_IND_JAX,IND,JAX,Andrew Ogletree,00-0037292,TE,rec_yds,4.445,0.0,0.0,0.0,5.343,15.699
2025_14_IND_JAX,IND,JAX,Andrew Ogletree,00-0037292,TE,anytime_td,0.066,0.0,0.0,0.0,0.0,0.0
2025_14_IND_JAX,IND,JAX,Tyler Goodson,00-0037120,RB,car,1.091,0.0,0.0,0.0,1.0,3.0
2025_14_IND_JAX,IND,JAX,Tyler Goodson,00-0037120,RB,rush_yds,4.106,0.0,0.0,0.0,4.474,13.157
2025_14_IND_JAX,IND,JAX,Tyler Goodson,00-0037120,RB,tgt,0.582,0.0,0.0,0.0,1.0,2.0
2025_14_IND_JAX,IND,JAX,Tyler Goodson,00-0037120,RB,rec,0.453,0.0,0.0,0.0,1.0,1.0
2025_14_IND_JAX,IND,JAX,Tyler Goodson,00-0037120,RB,rec_yds,3.277,0.0,0.0,0.0,2.9,12.072
2025_14_IND_JAX,IND,JAX,Tyler Goodson,00-0037120,RB,anytime_td,0.038,0.0,0.0,0.0,0.0,0.0
2025_14_LA_ARI,ARI,LA,Jacoby Brissett,00-0033119,QB,att,34.192,24.0,29.0,35.0,40.0,45.0
2025_14_LA_ARI,ARI,LA,Jacoby Brissett,00-0033119,QB,cmp,22.144,14.0,18.0,22.0,26.0,30.0
2025_14_LA_ARI,ARI,LA,Jacoby Brissett,00-0033119,QB,pass_yds,229.005,147.69,186.138,228.754,276.115,320.484
2025_14_LA_ARI,ARI,LA,Jacoby Brissett,00-0033119,QB,pass_td,1.356,0.0,1.0,1.0,2.0,3.0
2025_14_LA_ARI,ARI,LA,Jacoby Brissett,00-0033119,QB,ints,0.855,0.0,0.0,1.0,1.0,2.0
2025_14_LA_ARI,ARI,LA,Jacoby Brissett,00-0033119,QB,car,3.291,1.0,2.0,3.0,5.0,6.0
2025_14_LA_ARI,ARI,LA,Jacoby Brissett,00-0033119,QB,rush_yds,16.244,0.0,3.841,12.444,24.155,37.838
2025_14_LA_ARI,ARI,LA,Jacoby Brissett,00-0033119,QB,tgt,0.0,0.0,0.0,0.0,0.0,0.0
2025_14_LA_ARI,ARI,LA,Jacoby Brissett,00-0033119,QB,rec,0.0,0.0,0.0,0.0,0.0,0.0
2025_14_LA_ARI,ARI,LA,Jacoby Brissett,00-0033119,QB,rec_yds,0.001,0.0,0.0,0.0,0.0,0.0
2025_14_LA_ARI,ARI,LA,Jacoby Brissett,00-0033119,QB,anytime_td,0.086,0.0,0.0,0.0,0.0,0.0
2025_14_LA_ARI,ARI,LA,Trey McBride,00-0037744,TE,car,0.007,0.0,0.0,0.0,0.0,0.0
2025_14_LA_ARI,ARI,LA,Trey McBride,00-0037744,TE,rush_yds,0.015,0.0,0.0,0.0,0.0,0.0
2025_14_LA_ARI,ARI,LA,Trey McBride,00-0037744,TE,tgt,11.968,7.0,9.0,12.0,15.0,18.0
2025_14_LA_ARI,ARI,LA,Trey McBride,00-0037744,TE,rec,8.462,4.0,6.0,8.0,11.0,13.0
2025_14_LA_ARI,ARI,LA,Trey McBride,00-0037744,TE,rec_yds,88.437,39.693,58.632,83.836,112.419,142.157
2025_14_LA_ARI,ARI,LA,Trey McBride,00-0037744,TE,anytime_td,0.389,0.0,0.0,0.0,1.0,1.0
2025_14_LA_ARI,ARI,LA,Michael Wilson,00-0038559,WR,car,0.028,0.0,0.0,0.0,0.0,0.0
2025_14_LA_ARI,ARI,LA,Michael Wilson,00-0038559,WR,rush_yds,0.195,0.0,0.0,0.0,0.0,0.0
2025_14_LA_ARI,ARI,LA,Michael Wilson,00-0038559,WR,tgt,8.973,4.0,6.0,9.0,11.0,14.0
2025_14_LA_ARI,ARI,LA,Michael Wilson,00-0038559,WR,rec,5.456,2.0,4.0,5.0,7.0,9.0
2025_14_LA_ARI,ARI,LA,Michael Wilson,00-0038559,WR,rec_yds,66.915,21.542,38.221,61.759,89.291,118.556
2025_14_LA_ARI,ARI,LA,Michael Wilson,00-0038559,WR,anytime_td,0.109,0.0,0.0,0.0,0.0,1.0
2025_14_LA_ARI,ARI,LA,Andre Baccellia,00-0035876,WR,car,0.015,0.0,0.0,0.0,0.0,0.0
2025_14_LA_ARI,ARI,LA,Andre Baccellia,00-0035876,WR,rush_yds,0.087,0.0,0.0,0.0,0.0,0.0
2025_14_LA_ARI,ARI,LA,Andre Baccellia,00-0035876,WR,tgt,0.661,0.0,0.0,0.0,1.0,2.0
2025_14_LA_ARI,ARI,LA,Andre Baccellia,00-0035876,WR,rec,0.386,0.0,0.0,0.0,1.0,1.0
2025_14_LA_ARI,ARI,LA,Andre Baccellia,00-0035876,WR,rec_yds,4.911,0.0,0.0,0.0,3.556,17.348
2025_14_LA_ARI,ARI,LA,Andre Baccellia,00-0035876,WR,anytime_td,0.007,0.0,0.0,0.0,0.0,0.0
2025_14_LA_ARI,ARI,LA,Elijah Higgins,00-0039041,TE,car,0.004,0.0,0.0,0.0,0.0,0.0
2025_14_LA_ARI,ARI,LA,Elijah Higgins,00-0039041,TE,rush_yds,0.011,0.0,0.0,0.0,0.0,0.0
2025_14_LA_ARI,ARI,LA,Elijah Higgins,00-0039041,TE,tgt,2.201,0.0,1.0,2.0,3.0,5.0
2025_14_LA_ARI,ARI,LA,Elijah Higgins,00-0039041,TE,rec,1.528,0.0,0.0,1.0,2.0,4.0
2025_14_LA_ARI,ARI,LA,Elijah Higgins,00-0039041,TE,rec_yds,15.492,0.0,0.0,9.923,23.964,39.843
2025_14_LA_ARI,ARI,LA,Elijah Higgins,00-0039041,TE,anytime_td,0.031,0.0,0.0,0.0,0.0,0.0
2025_14_LA_ARI,ARI,LA,Michael Carter,00-0036924,RB,car,8.103,3.0,5.0,8.0,11.0,14.0
2025_14_LA_ARI,ARI,LA,Michael Carter,00-0036924,RB,rush_yds,32.136,5.868,13.644,26.16,44.669,65.068
2025_14_LA_ARI,ARI,LA,Michael Carter,00-0036924,RB,tgt,4.108,1.0,2.0,4.0,6.0,8.0
2025_14_LA_ARI,ARI,LA,Michael Carter,00-0036924,RB,rec,3.042,1.0,1.0,3.0,4.0,6.0
2025_14_LA_ARI,ARI,LA,Michael Carter,00-0036924,RB,rec_yds,23.232,0.0,7.319,17.971,33.81,52.934
2025_14_LA_ARI,ARI,LA,Michael Carter,00-0036924,RB,anytime_td,0.161,0.0,0.0,0.0,0.0,1.0
2025_14_LA_ARI,ARI,LA,Bam Knight,00-0037157,RB,car,11.7,5.0,8.0,11.0,15.0,19.0
2025_14_LA_ARI,ARI,LA,Bam Knight,00-0037157,RB,rush_yds,46.575,12.495,23.671,40.193,62.356,88.569
2025_14_LA_ARI,ARI,LA,Bam Knight,00-0037157,RB,tgt,3.593,1.0,2.0,3.0,5.0,7.0
2025_14_LA_ARI,ARI,LA,Bam Knight,00-0037157,RB,rec,2.637,0.0,1.0,2.0,4.0,5.0
2025_14_LA_ARI,ARI,LA,Bam Knight,00-0037157,RB,rec_yds,19.741,0.0,5.43,15.388,28.858,45.185
2025_14_LA_ARI,ARI,LA,Bam Knight,00-0037157,RB,anytime_td,0.324,0.0,0.0,0.0,1.0,1.0
2025_14_LA_ARI,ARI,LA,Jalen Brooks,00-0038640,WR,car,0.016,0.0,0.0,0.0,0.0,0.0
2025_14_LA_ARI,ARI,LA,Jalen Brooks,00-0038640,WR,rush_yds,0.096,0.0,0.0,0.0,0.0,0.0
2025_14_LA_ARI,ARI,LA,Jalen Brooks,00-0038640,WR,tgt,1.967,0.0,1.0,2.0,3.0,4.0
2025_14_LA_ARI,ARI,LA,Jalen Brooks,00-0038640,WR,rec,1.152,0.0,0.0,1.0,2.0,3.0
2025_14_LA_ARI,ARI,LA,Jalen Brooks,00-0038640,WR,rec_yds,14.725,0.0,0.0,7.471,22.146,40.767
2025_14_LA_ARI,ARI,LA,Jalen Brooks,00-0038640,WR,anytime_td,0.058,0.0,0.0,0.0,0.0,0.0
2025_14_LA_ARI,ARI,LA,Trent Sherfield,00-0034487,WR,car,0.016,0.0,0.0,0.0,0.0,0.0
2025_14_LA_ARI,ARI,LA,Trent Sherfield,00-0034487,WR,rush_yds,0.076,0.0,0.0,0.0,0.0,0.0
2025_14_LA_ARI,ARI,LA,Trent Sherfield,00-0034487,WR,tgt,0.67,0.0,0.0,0.0,1.0,2.0
2025_14_LA_ARI,ARI,LA,Trent Sherfield,00-0034487,WR,rec,0.389,0.0,0.0,0.0,1.0,1.0
2025_14_LA_ARI,ARI,LA,Trent Sherfield,00-0034487,WR,rec_yds,4.903,0.0,0.0,0.0,3.862,18.116
2025_14_LA_ARI,ARI,LA,Trent Sherfield,00-0034487,WR,anytime_td,0.006,0.0,0.0,0.0,0.0,0.0
2025_14_LA_ARI,LA,ARI,Matthew Stafford,00-0026498,QB,att,32.189,22.0,27.0,33.0,38.0,43.0
2025_14_LA_ARI,LA,ARI,Matthew Stafford,00-0026498,QB,cmp,22.107,14.0,18.0,23.0,26.25,30.0
2025_14_LA_ARI,LA,ARI,Matthew Stafford,00-0026498,QB,pass_yds,260.208,163.404,212.625,261.334,313.643,362.052
2025_14_LA_ARI,LA,ARI,Matthew Stafford,00-0026498,QB,pass_td,2.026,1.0,1.0,2.0,3.0,4.0
2025_14_LA_ARI,LA,ARI,Matthew Stafford,00-0026498,QB,ints,0.579,0.0,0.0,0.0,1.0,2.0
2025_14_LA_ARI,LA,ARI,Matthew Stafford,00-0026498,QB,car,1.927,0.0,1.0,2.0,3.0,4.0
2025_14_LA_ARI,LA,ARI,Matthew Stafford,00-0026498,QB,rush_yds,3.85,-2.0,-1.0,0.0,5.858,15.528
2025_14_LA_ARI,LA,ARI,Matthew Stafford,00-0026498,QB,tgt,0.001,0.0,0.0,0.0,0.0,0.0
2025_14_LA_ARI,LA,ARI,Matthew Stafford,00-0026498,QB,rec,0.001,0.0,0.0,0.0,0.0,0.0
2025_14_LA_ARI,LA,ARI,Matthew Stafford,00-0026498,QB,rec_yds,0.008,0.0,0.0,0.0,0.0,0.0
2025_14_LA_ARI,LA,ARI,Matthew Stafford,00-0026498,QB,anytime_td,0.017,0.0,0.0,0.0,0.0,0.0
2025_14_LA_ARI,LA,ARI,Davis Allen,00-0039074,TE,car,0.004,0.0,0.0,0.0,0.0,0.0
2025_14_LA_ARI,LA,ARI,Davis Allen,00-0039074,TE,rush_yds,0.006,0.0,0.0,0.0,0.0,0.0
2025_14_LA_ARI,LA,ARI,Davis Allen,00-0039074,TE,tgt,1.851,0.0,1.0,2.0,3.0,4.0
2025_14_LA_ARI,LA,ARI,Davis Allen,00-0039074,TE,rec,1.428,0.0,0.0,1.0,2.0,3.0
2025_14_LA_ARI,LA,ARI,Davis Allen,00-0039074,TE,rec_yds,14.581,0.0,0.0,9.202,22.688,38.185
2025_14_LA_ARI,LA,ARI,Davis Allen,00-0039074,TE,anytime_td,0.137,0.0,0.0,0.0,0.0,1.0
2025_14_LA_ARI,LA,ARI,Colby Parkinson,00-0036244,TE,car,0.002,0.0,0.0,0.0,0.0,0.0
2025_14_LA_ARI,LA,ARI,Colby Parkinson,00-0036244,TE,rush_yds,0.004,0.0,0.0,0.0,0.0,0.0
2025_14_LA_ARI,LA,ARI,Colby Parkinson,00-0036244,TE,tgt,2.958,1.0,1.0,3.0,4.0,6.0
2025_14_LA_ARI,LA,ARI,Colby Parkinson,00-0036244,TE,rec,2.359,0.0,1.0,2.0,3.0,5.0
2025_14_LA_ARI,LA,ARI,Colby Parkinson,00-0036244,TE,rec_yds,23.993,0.0,7.15,19.097,35.855,54.215
2025_14_LA_ARI,LA,ARI,Colby Parkinson,00-0036244,TE,anytime_td,0.253,0.0,0.0,0.0,1.0,1.0
2025_14_LA_ARI,LA,ARI,Terrance Ferguson,00-0040737,TE,car,0.081,0.0,0.0,0.0,0.0,0.0
2025_14_LA_ARI,LA,ARI,Terrance Ferguson,00-0040737,TE,rush_yds,0.159,0.0,0.0,0.0,0.0,0.0
2025_14_LA_ARI,LA,ARI,Terrance Ferguson,00-0040737,TE,tgt,1.704,0.0,0.0,1.0,3.0,4.0
2025_14_LA_ARI,LA,ARI,Terrance Ferguson,00-0040737,TE,rec,1.136,0.0,0.0,1.0,2.0,3.0
2025_14_LA_ARI,LA,ARI,Terrance Ferguson,00-0040737,TE,rec_yds,13.933,0.0,0.0,7.502,21.332,38.973
2025_14_LA_ARI,LA,ARI,Terrance Ferguson,00-0040737,TE,anytime_td,0.075,0.0,0.0,0.0,0.0,0.0
2025_14_LA_ARI,LA,ARI,Kyren Williams,00-0037840,RB,car,13.409,6.0,9.0,13.0,17.0,21.0
2025_14_LA_ARI,LA,ARI,Kyren Williams,00-0037840,RB,rush_yds,64.15,19.424,35.012,57.204,86.031,117.4
2025_14_LA_ARI,LA,ARI,Kyren Williams,00-0037840,RB,tgt,2.327,0.0,1.0,2.0,3.0,5.0
2025_14_LA_ARI,LA,ARI,Kyren Williams,00-0037840,RB,rec,1.856,0.0,1.0,2.0,3.0,4.0
2025_14_LA_ARI,LA,ARI,Kyren Williams,00-0037840,RB,rec_yds,14.112,0.0,0.0,9.169,21.101,35.698
2025_14_LA_ARI,LA,ARI,Kyren Williams,00-0037840,RB,anytime_td,0.612,0.0,0.0,1.0,1.0,1.0
2025_14_LA_ARI,LA,ARI,Konata Mumpfield,00-0040590,WR,car,0.008,0.0,0.0,0.0,0.0,0.0
2025_14_LA_ARI,LA,ARI,Konata Mumpfield,00-0040590,WR,rush_yds,0.038,0.0,0.0,0.0,0.0,0.0
2025_14_LA_ARI,LA,ARI,Konata Mumpfield,00-0040590,WR,tgt,0.863,0.0,0.0,0.0,1.0,2.0
2025_14_LA_ARI,LA,ARI,Konata Mumpfield,00-0040590,WR,rec,0.566,0.0,0.0,0.0,1.0,2.0
2025_14_LA_ARI,LA,ARI,Konata Mumpfield,00-0040590,WR,rec_yds,7.334,0.0,0.0,0.0,9.238,24.807
2025_14_LA_ARI,LA,ARI,Konata Mumpfield,00-0040590,WR,anytime_td,0.05,0.0,0.0,0.0,0.0,0.0
2025_14_LA_ARI,LA,ARI,Puka Nacua,00-0039075,WR,car,0.451,0.0,0.0,0.0,0.0,2.0
2025_14_LA_ARI,LA,ARI,Puka Nacua,00-0039075,WR,rush_yds,2.786,0.0,0.0,0.0,0.0,8.841
2025_14_LA_ARI,LA,ARI,Puka Nacua,00-0039075,WR,tgt,9.411,5.0,7.0,9.0,12.0,15.0
2025_14_LA_ARI,LA,ARI,Puka Nacua,00-0039075,WR,rec,7.071,3.0,5.0,7.0,9.0,11.0
2025_14_LA_ARI,LA,ARI,Puka Nacua,00-0039075,WR,rec_yds,90.566,33.861,55.401,85.299,118.997,154.248
2025_14_LA_ARI,LA,ARI,Puka Nacua,00-0039075,WR,anytime_td,0.324,0.0,0.0,0.0,1.0,1.0
2025_14_LA_ARI,LA,ARI,Davante Adams,00-0031381,WR,car,0.007,0.0,0.0,0.0,0.0,0.0
2025_14_LA_ARI,LA,ARI,Davante Adams,00-0031381,WR,rush_yds,0.041,0.0,0.0,0.0,0.0,0.0
2025_14_LA_ARI,LA,ARI,Davante Adams,00-0031381,WR,tgt,8.034,4.0,5.0,8.0,10.0,13.0
2025_14_LA_ARI,LA,ARI,Davante Adams,00-0031381,WR,rec,4.97,2.0,3.0,5.0,7.0,8.0
2025_14_LA_ARI,LA,ARI,Davante Adams,00-0031381,WR,rec_yds,66.105,17.975,34.486,59.79,90.324,122.724
2025_14_LA_ARI,LA,ARI,Davante Adams,00-0031381,WR,anytime_td,0.591,0.0,0.0,1.0,1.0,1.0
2025_14_LA_ARI,LA,ARI,Blake Corum,00-0039738,RB,car,6.977,2.0,4.0,6.0,10.0,13.0
2025_14_LA_ARI,LA,ARI,Blake Corum,00-0039738,RB,rush_yds,33.076,4.018,11.997,25.615,46.628,71.847
2025_14_LA_ARI,LA,ARI,Blake Corum,00-0039738,RB,tgt,0.758,0.0,0.0,0.0,1.0,2.0
2025_14_LA_ARI,LA,ARI,Blake Corum,00-0039738,RB,rec,0.61,0.0,0.0,0.0,1.0,2.0
2025_14_LA_ARI,LA,ARI,Blake Corum,00-0039738,RB,rec_yds,4.446,0.0,0.0,0.0,5.731,14.711
2025_14_LA_ARI,LA,ARI,Blake Corum,00-0039738,RB,anytime_td,0.262,0.0,0.0,0.0,1.0,1.0
2025_14_LA_ARI,LA,ARI,Xavier Smith,00-0038359,WR,car,0.043,0.0,0.0,0.0,0.0,0.0
2025_14_LA_ARI,LA,ARI,Xavier Smith,00-0038359,WR,rush_yds,0.22,0.0,0.0,0.0,0.0,0.0
2025_14_LA_ARI,LA,ARI,Xavier Smith,00-0038359,WR,tgt,1.76,0.0,0.0,1.0,3.0,4.0
2025_14_LA_ARI,LA,ARI,Xavier Smith,00-0038359,WR,rec,1.231,0.0,0.0,1.0,2.0,3.0
2025_14_LA_ARI,LA,ARI,Xavier Smith,00-0038359,WR,rec_yds,17.316,0.0,0.0,9.395,25.979,48.736
2025_14_LA_ARI,LA,ARI,Xavier Smith,00-0038359,WR,anytime_td,0.017,0.0,0.0,0.0,0.0,0.0
2025_14_LA_ARI,LA,ARI,Jordan Whittington,00-0039751,WR,car,0.116,0.0,0.0,0.0,0.0,0.0
2025_14_LA_ARI,LA,ARI,Jordan Whittington,00-0039751,WR,rush_yds,0.663,0.0,0.0,0.0,0.0,0.0
2025_14_LA_ARI,LA,ARI,Jordan Whittington,00-0039751,WR,tgt,1.826,0.0,1.0,1.0,3.0,4.0
2025_14_LA_ARI,LA,ARI,Jordan Whittington,00-0039751,WR,rec,1.232,0.0,0.0,1.0,2.0,3.0
2025_14_LA_ARI,LA,ARI,Jordan Whittington,00-0039751,WR,rec_yds,15.112,0.0,0.0,8.352,23.584,41.466
2025_14_LA_ARI,LA,ARI,Jordan Whittington,00-0039751,WR,anytime_td,0.022,0.0,0.0,0.0,0.0,0.0
2025_14_LA_ARI,LA,ARI,Ronnie Rivers,00-0037557,RB,car,2.815,0.0,1.0,2.0,4.0,7.0
2025_14_LA_ARI,LA,ARI,Ronnie Rivers,00-0037557,RB,rush_yds,12.498,0.0,0.0,6.448,18.05,34.867
2025_14_LA_ARI,LA,ARI,Ronnie Rivers,00-0037557,RB,tgt,0.781,0.0,0.0,0.0,1.0,2.0
2025_14_LA_ARI,LA,ARI,Ronnie Rivers,00-0037557,RB,rec,0.642,0.0,0.0,0.0,1.0,2.0
2025_14_LA_ARI,LA,ARI,Ronnie Rivers,00-0037557,RB,rec_yds,4.932,0.0,0.0,0.0,6.734,16.592
2025_14_LA_ARI,LA,ARI,Ronnie Rivers,00-0037557,RB,anytime_td,0.111,0.0,0.0,0.0,0.0,1.0
2025_14_LA_ARI,LA,ARI,Nick Vannett,00-0032394,TE,car,0.003,0.0,0.0,0.0,0.0,0.0
2025_14_LA_ARI,LA,ARI,Nick Vannett,00-0032394,TE,rush_yds,0.011,0.0,0.0,0.0,0.0,0.0
2025_14_LA_ARI,LA,ARI,Nick Vannett,00-0032394,TE,tgt,0.519,0.0,0.0,0.0,1.0,2.0
2025_14_LA_ARI,LA,ARI,Nick Vannett,00-0032394,TE,rec,0.387,0.0,0.0,0.0,1.0,1.0
2025_14_LA_ARI,LA,ARI,Nick Vannett,00-0032394,TE,rec_yds,4.053,0.0,0.0,0.0,3.309,15.1
2025_14_LA_ARI,LA,ARI,Nick Vannett,00-0032394,TE,anytime_td,0.047,0.0,0.0,0.0,0.0,0.0
2025_14_MIA_NYJ,NYJ,MIA,John Metchie III,00-0037614,WR,car,0.358,0.0,0.0,0.0,0.0,1.0
2025_14_MIA_NYJ,NYJ,MIA,John Metchie III,00-0037614,WR,rush_yds,1.805,0.0,0.0,0.0,0.0,4.069
2025_14_MIA_NYJ,NYJ,MIA,John Metchie III,00-0037614,WR,tgt,3.973,1.0,2.0,4.0,5.0,7.0
2025_14_MIA_NYJ,NYJ,MIA,John Metchie III,00-0037614,WR,rec,2.633,0.0,1.0,2.0,4.0,5.0
2025_14_MIA_NYJ,NYJ,MIA,John Metchie III,00-0037614,WR,rec_yds,30.173,0.0,9.803,24.248,44.162,67.182
2025_14_MIA_NYJ,NYJ,MIA,John Metchie III,00-0037614,WR,anytime_td,0.206,0.0,0.0,0.0,0.0,1.0
2025_14_MIA_NYJ,NYJ,MIA,Adonai Mitchell,00-0039890,WR,car,0.027,0.0,0.0,0.0,0.0,0.0
2025_14_MIA_NYJ,NYJ,MIA,Adonai Mitchell,00-0039890,WR,rush_yds,0.151,0.0,0.0,0.0,0.0,0.0
2025_14_MIA_NYJ,NYJ,MIA,Adonai Mitchell,00-0039890,WR,tgt,4.947,2.0,3.0,5.0,7.0,9.0
2025_14_MIA_NYJ,NYJ,MIA,Adonai Mitchell,00-0039890,WR,rec,2.822,1.0,1.0,3.0,4.0,5.0
2025_14_MIA_NYJ,NYJ,MIA,Adonai Mitchell,00-0039890,WR,rec_yds,37.706,2.509,14.478,31.057,54.704,79.635
2025_14_MIA_NYJ,NYJ,MIA,Adonai Mitchell,00-0039890,WR,anytime_td,0.152,0.0,0.0,0.0,0.0,1.0
2025_14_MIA_NYJ,NYJ,MIA,Breece Hall,00-0038120,RB,car,19.526,11.0,15.0,19.0,24.0,28.0
2025_14_MIA_NYJ,NYJ,MIA,Breece Hall,00-0038120,RB,rush_yds,78.924,32.715,48.915,72.391,100.803,134.492
2025_14_MIA_NYJ,NYJ,MIA,Breece Hall,00-0038120,RB,tgt,3.225,1.0,2.0,3.0,4.0,6.0
2025_14_MIA_NYJ,NYJ,MIA,Breece Hall,00-0038120,RB,rec,2.566,0.0,1.0,2.0,4.0,5.0
2025_14_MIA_NYJ,NYJ,MIA,Breece Hall,00-0038120,RB,rec_yds,22.165,0.0,5.864,16.648,32.443,51.731
2025_14_MIA_NYJ,NYJ,MIA,Breece Hall,00-0038120,RB,anytime_td,0.364,0.0,0.0,0.0,1.0,1.0
2025_14_MIA_NYJ,NYJ,MIA,Mason Taylor,00-0040736,TE,car,0.002,0.0,0.0,0.0,0.0,0.0
2025_14_MIA_NYJ,NYJ,MIA,Mason Taylor,00-0040736,TE,rush_yds,0.002,0.0,0.0,0.0,0.0,0.0
2025_14_MIA_NYJ,NYJ,MIA,Mason Taylor,00-0040736,TE,tgt,5.454,2.0,3.0,5.0,7.0,9.0
2025_14_MIA_NYJ,NYJ,MIA,Mason Taylor,00-0040736,TE,rec,3.832,1.0,2.0,4.0,5.0,7.0
2025_14_MIA_NYJ,NYJ,MIA,Mason Taylor,00-0040736,TE,rec_yds,36.328,7.467,16.838,31.398,50.782,71.797
2025_14_MIA_NYJ,NYJ,MIA,Mason Taylor,00-0040736,TE,anytime_td,0.139,0.0,0.0,0.0,0.0,1.0
2025_14_MIA_NYJ,NYJ,MIA,Isaiah Williams,00-0039451,WR,car,0.296,0.0,0.0,0.0,0.0,1.0
2025_14_MIA_NYJ,NYJ,MIA,Isaiah Williams,00-0039451,WR,rush_yds,1.773,0.0,0.0,0.0,0.0,3.524
2025_14_MIA_NYJ,NYJ,MIA,Isaiah Williams,00-0039451,WR,tgt,1.651,0.0,0.0,1.0,2.0,4.0
2025_14_MIA_NYJ,NYJ,MIA,Isaiah Williams,00-0039451,WR,rec,1.009,0.0,0.0,1.0,2.0,3.0
2025_14_MIA_NYJ,NYJ,MIA,Isaiah Williams,00-0039451,WR,rec_yds,12.285,0.0,0.0,5.94,18.676,35.701
2025_14_MIA_NYJ,NYJ,MIA,Isaiah Williams,00-0039451,WR,anytime_td,0.028,0.0,0.0,0.0,0.0,0.0
2025_14_MIA_NYJ,NYJ,MIA,Jeremy Ruckert,00-0037805,TE,car,0.004,0.0,0.0,0.0,0.0,0.0
2025_14_MIA_NYJ,NYJ,MIA,Jeremy Ruckert,00-0037805,TE,rush_yds,0.01,0.0,0.0,0.0,0.0,0.0
2025_14_MIA_NYJ,NYJ,MIA,Jeremy Ruckert,00-0037805,TE,tgt,1.887,0.0,1.0,2.0,3.0,4.0
2025_14_MIA_NYJ,NYJ,MIA,Jeremy Ruckert,00-0037805,TE,rec,1.412,0.0,0.0,1.0,2.0,3.0
2025_14_MIA_NYJ,NYJ,MIA,Jeremy Ruckert,00-0037805,TE,rec_yds,13.744,0.0,0.0,9.273,21.359,34.945
2025_14_MIA_NYJ,NYJ,MIA,Jeremy Ruckert,00-0037805,TE,anytime_td,0.058,0.0,0.0,0.0,0.0,0.0
2025_14_MIA_NYJ,NYJ,MIA,Isaiah Davis,00-0039798,RB,car,3.229,0.0,1.0,2.0,5.0,8.0
2025_14_MIA_NYJ,NYJ,MIA,Isaiah Davis,00-0039798,RB,rush_yds,13.971,0.0,0.0,7.764,19.564,36.591
2025_14_MIA_NYJ,NYJ,MIA,Isaiah Davis,00-0039798,RB,tgt,1.809,0.0,1.0,1.0,3.0,4.0
2025_14_MIA_NYJ,NYJ,MIA,Isaiah Davis,00-0039798,RB,rec,1.376,0.0,0.0,1.0,2.0,3.0
2025_14_MIA_NYJ,NYJ,MIA,Isaiah Davis,00-0039798,RB,rec_yds,10.596,0.0,0.0,6.027,16.187,28.896
2025_14_MIA_NYJ,NYJ,MIA,Isaiah Davis,00-0039798,RB,anytime_td,0.063,0.0,0.0,0.0,0.0,0.0
2025_14_MIA_NYJ,NYJ,MIA,Allen Lazard,00-0034521,WR,car,0.011,0.0,0.0,0.0,0.0,0.0
2025_14_MIA_NYJ,NYJ,MIA,Allen Lazard,00-0034521,WR,rush_yds,0.087,0.0,0.0,0.0,0.0,0.0
2025_14_MIA_NYJ,NYJ,MIA,Allen Lazard,00-0034521,WR,tgt,2.215,0.0,1.0,2.0,3.0,5.0
2025_14_MIA_NYJ,NYJ,MIA,Allen Lazard,00-0034521,WR,rec,1.387,0.0,0.0,1.0,2.0,3.0
2025_14_MIA_NYJ,NYJ,MIA,Allen Lazard,00-0034521,WR,rec_yds,16.558,0.0,0.0,10.157,25.262,43.783
2025_14_MIA_NYJ,NYJ,MIA,Allen Lazard,00-0034521,WR,anytime_td,0.104,0.0,0.0,0.0,0.0,1.0
2025_14_MIA_NYJ,NYJ,MIA,Andrew Beck,00-0034959,RB,car,0.296,0.0,0.0,0.0,0.0,1.0
2025_14_MIA_NYJ,NYJ,MIA,Andrew Beck,00-0034959,RB,rush_yds,1.241,0.0,0.0,0.0,0.0,1.98
2025_14_MIA_NYJ,NYJ,MIA,Andrew Beck,00-0034959,RB,tgt,0.52,0.0,0.0,0.0,1.0,2.0
2025_14_MIA_NYJ,NYJ,MIA,Andrew Beck,00-0034959,RB,rec,0.414,0.0,0.0,0.0,1.0,1.0
2025_14_MIA_NYJ,NYJ,MIA,Andrew Beck,00-0034959,RB,rec_yds,3.108,0.0,0.0,0.0,2.049,11.662
2025_14_MIA_NYJ,NYJ,MIA,Andrew Beck,00-0034959,RB,anytime_td,0.036,0.0,0.0,0.0,0.0,0.0
2025_14_MIA_NYJ,NYJ,MIA,Tyrod Taylor,00-0028118,QB,att,26.927,18.0,23.0,27.0,32.0,37.0
2025_14_MIA_NYJ,NYJ,MIA,Tyrod Taylor,00-0028118,QB,cmp,17.543,11.0,14.0,18.0,21.0,25.0
2025_14_MIA_NYJ,NYJ,MIA,Tyrod Taylor,00-0028118,QB,pass_yds,184.841,108.615,144.87,184.787,224.665,265.341
2025_14_MIA_NYJ,NYJ,MIA,Tyrod Taylor,00-0028118,QB,pass_td,1.197,0.0,0.0,1.0,2.0,3.0
2025_14_MIA_NYJ,NYJ,MIA,Tyrod Taylor,00-0028118,QB,ints,0.587,0.0,0.0,0.0,1.0,2.0
2025_14_MIA_NYJ,NYJ,MIA,Tyrod Taylor,00-0028118,QB,car,4.767,2.0,3.0,4.0,6.0,8.0
2025_14_MIA_NYJ,NYJ,MIA,Tyrod Taylor,00-0028118,QB,rush_yds,25.729,3.731,11.355,22.55,35.906,52.271
2025_14_MIA_NYJ,NYJ,MIA,Tyrod Taylor,00-0028118,QB,tgt,0.0,0.0,0.0,0.0,0.0,0.0
2025_14_MIA_NYJ,NYJ,MIA,Tyrod Taylor,00-0028118,QB,rec,0.0,0.0,0.0,0.0,0.0,0.0
2025_14_MIA_NYJ,NYJ,MIA,Tyrod Taylor,00-0028118,QB,rec_yds,0.002,0.0,0.0,0.0,0.0,0.0
2025_14_MIA_NYJ,NYJ,MIA,Tyrod Taylor,00-0028118,QB,anytime_td,0.164,0.0,0.0,0.0,0.0,1.0
2025_14_MIA_NYJ,NYJ,MIA,Stone Smartt,00-0037475,TE,car,0.002,0.0,0.0,0.0,0.0,0.0
2025_14_MIA_NYJ,NYJ,MIA,Stone Smartt,00-0037475,TE,rush_yds,0.006,0.0,0.0,0.0,0.0,0.0
2025_14_MIA_NYJ,NYJ,MIA,Stone Smartt,00-0037475,TE,tgt,0.696,0.0,0.0,0.0,1.0,2.0
2025_14_MIA_NYJ,NYJ,MIA,Stone Smartt,00-0037475,TE,rec,0.511,0.0,0.0,0.0,1.0,2.0
2025_14_MIA_NYJ,NYJ,MIA,Stone Smartt,00-0037475,TE,rec_yds,5.385,0.0,0.0,0.0,7.352,18.754
2025_14_MIA_NYJ,NYJ,MIA,Stone Smartt,00-0037475,TE,anytime_td,0.011,0.0,0.0,0.0,0.0,0.0
2025_14_MIA_NYJ,NYJ,MIA,Arian Smith,00-0040582,WR,car,0.413,0.0,0.0,0.0,0.0,1.0
2025_14_MIA_NYJ,NYJ,MIA,Arian Smith,00-0040582,WR,rush_yds,2.063,0.0,0.0,0.0,0.0,5.862
2025_14_MIA_NYJ,NYJ,MIA,Arian Smith,00-0040582,WR,tgt,0.991,0.0,0.0,1.0,2.0,3.0
2025_14_MIA_NYJ,NYJ,MIA,Arian Smith,00-0040582,WR,rec,0.621,0.0,0.0,0.0,1.0,2.0
2025_14_MIA_NYJ,NYJ,MIA,Arian Smith,00-0040582,WR,rec_yds,7.74,0.0,0.0,0.0,10.76,26.195
2025_14_MIA_NYJ,NYJ,MIA,Arian Smith,00-0040582,WR,anytime_td,0.013,0.0,0.0,0.0,0.0,0.0
2025_14_MIA_NYJ,MIA,NYJ,Tua Tagovailoa,00-0036212,QB,att,28.366,18.0,24.0,29.0,34.0,38.0
2025_14_MIA_NYJ,MIA,NYJ,Tua Tagovailoa,00-0036212,QB,cmp,18.458,11.0,15.0,19.0,22.0,26.0
2025_14_MIA_NYJ,MIA,NYJ,Tua Tagovailoa,00-0036212,QB,pass_yds,203.992,121.048,160.522,204.553,248.083,292.351
2025_14_MIA_NYJ,MIA,NYJ,Tua Tagovailoa,00-0036212,QB,pass_td,1.301,0.0,0.0,1.0,2.0,3.0
2025_14_MIA_NYJ,MIA,NYJ,Tua Tagovailoa,00-0036212,QB,ints,0.617,0.0,0.0,0.0,1.0,2.0
2025_14_MIA_NYJ,MIA,NYJ,Tua Tagovailoa,00-0036212,QB,car,2.131,0.0,1.0,2.0,3.0,4.0
2025_14_MIA_NYJ,MIA,NYJ,Tua Tagovailoa,00-0036212,QB,rush_yds,7.337,-1.0,0.0,3.615,11.921,21.228
2025_14_MIA_NYJ,MIA,NYJ,Tua Tagovailoa,00-0036212,QB,tgt,0.0,0.0,0.0,0.0,0.0,0.0
2025_14_MIA_NYJ,MIA,NYJ,Tua Tagovailoa,00-0036212,QB,rec,0.0,0.0,0.0,0.0,0.0,0.0
2025_14_MIA_NYJ,MIA,NYJ,Tua Tagovailoa,00-0036212,QB,rec_yds,0.003,0.0,0.0,0.0,0.0,0.0
2025_14_MIA_NYJ,MIA,NYJ,Tua Tagovailoa,00-0036212,QB,anytime_td,0.009,0.0,0.0,0.0,0.0,0.0
2025_14_MIA_NYJ,MIA,NYJ,Jaylen Waddle,00-0036613,WR,car,0.028,0.0,0.0,0.0,0.0,0.0
2025_14_MIA_NYJ,MIA,NYJ,Jaylen Waddle,00-0036613,WR,rush_yds,0.14,0.0,0.0,0.0,0.0,0.0
2025_14_MIA_NYJ,MIA,NYJ,Jaylen Waddle,00-0036613,WR,tgt,6.538,3.0,4.0,6.0,9.0,11.0
2025_14_MIA_NYJ,MIA,NYJ,Jaylen Waddle,00-0036613,WR,rec,4.023,1.0,2.0,4.0,5.0,7.0
2025_14_MIA_NYJ,MIA,NYJ,Jaylen Waddle,00-0036613,WR,rec_yds,57.88,11.289,27.722,51.442,80.777,111.383
2025_14_MIA_NYJ,MIA,NYJ,Jaylen Waddle,00-0036613,WR,anytime_td,0.255,0.0,0.0,0.0,1.0,1.0
2025_14_MIA_NYJ,MIA,NYJ,Greg Dulcich,00-0037252,TE,car,0.002,0.0,0.0,0.0,0.0,0.0
2025_14_MIA_NYJ,MIA,NYJ,Greg Dulcich,00-0037252,TE,rush_yds,0.005,0.0,0.0,0.0,0.0,0.0
2025_14_MIA_NYJ,MIA,NYJ,Greg Dulcich,00-0037252,TE,tgt,2.782,0.0,1.0,2.0,4.0,6.0
2025_14_MIA_NYJ,MIA,NYJ,Greg Dulcich,00-0037252,TE,rec,1.913,0.0,1.0,2.0,3.0,4.0
2025_14_MIA_NYJ,MIA,NYJ,Greg Dulcich,00-0037252,TE,rec_yds,20.816,0.0,4.448,15.504,30.914,49.183
2025_14_MIA_NYJ,MIA,NYJ,Greg Dulcich,00-0037252,TE,anytime_td,0.079,0.0,0.0,0.0,0.0,0.0
2025_14_MIA_NYJ,MIA,NYJ,Malik Washington,00-0039880,WR,car,0.804,0.0,0.0,0.0,1.0,3.0
2025_14_MIA_NYJ,MIA,NYJ,Malik Washington,00-0039880,WR,rush_yds,4.075,0.0,0.0,0.0,2.219,14.614
2025_14_MIA_NYJ,MIA,NYJ,Malik Washington,00-0039880,WR,tgt,4.251,1.0,2.0,4.0,6.0,8.0
2025_14_MIA_NYJ,MIA,NYJ,Malik Washington,00-0039880,WR,rec,2.852,1.0,1.0,3.0,4.0,6.0
2025_14_MIA_NYJ,MIA,NYJ,Malik Washington,00-0039880,WR,rec_yds,32.066,0.0,11.037,26.126,46.705,70.11
2025_14_MIA_NYJ,MIA,NYJ,Malik Washington,00-0039880,WR,anytime_td,0.193,0.0,0.0,0.0,0.0,1.0
2025_14_MIA_NYJ,MIA,NYJ,Jaylen Wright,00-0039874,RB,car,3.329,0.0,1.0,2.0,5.0,8.0
2025_14_MIA_NYJ,MIA,NYJ,Jaylen Wright,00-0039874,RB,rush_yds,12.73,0.0,0.823,7.16,18.064,33.281
2025_14_MIA_NYJ,MIA,NYJ,Jaylen Wright,00-0039874,RB,tgt,0.336,0.0,0.0,0.0,0.0,1.0
2025_14_MIA_NYJ,MIA,NYJ,Jaylen Wright,00-0039874,RB,rec,0.257,0.0,0.0,0.0,0.0,1.0
2025_14_MIA_NYJ,MIA,NYJ,Jaylen Wright,00-0039874,RB,rec_yds,1.933,0.0,0.0,0.0,0.0,6.974
2025_14_MIA_NYJ,MIA,NYJ,Jaylen Wright,00-0039874,RB,anytime_td,0.055,0.0,0.0,0.0,0.0,0.0
2025_14_MIA_NYJ,MIA,NYJ,Julian Hill,00-0038720,TE,car,0.003,0.0,0.0,0.0,0.0,0.0
2025_14_MIA_NYJ,MIA,NYJ,Julian Hill,00-0038720,TE,rush_yds,0.007,0.0,0.0,0.0,0.0,0.0
2025_14_MIA_NYJ,MIA,NYJ,Julian Hill,00-0038720,TE,tgt,1.663,0.0,0.0,1.0,2.0,4.0
2025_14_MIA_NYJ,MIA,NYJ,Julian Hill,00-0038720,TE,rec,1.155,0.0,0.0,1.0,2.0,3.0
2025_14_MIA_NYJ,MIA,NYJ,Julian Hill,00-0038720,TE,rec_yds,12.042,0.0,0.0,6.731,18.441,33.444
2025_14_MIA_NYJ,MIA,NYJ,Julian Hill,00-0038720,TE,anytime_td,0.02,0.0,0.0,0.0,0.0,0.0
2025_14_MIA_NYJ,MIA,NYJ,Darren Waller,00-0031610,TE,car,0.003,0.0,0.0,0.0,0.0,0.0
2025_14_MIA_NYJ,MIA,NYJ,Darren Waller,00-0031610,TE,rush_yds,0.004,0.0,0.0,0.0,0.0,0.0
2025_14_MIA_NYJ,MIA,NYJ,Darren Waller,00-0031610,TE,tgt,3.158,1.0,2.0,3.0,4.0,6.0
2025_14_MIA_NYJ,MIA,NYJ,Darren Waller,00-0031610,TE,rec,2.241,0.0,1.0,2.0,3.0,5.0
2025_14_MIA_NYJ,MIA,NYJ,Darren Waller,00-0031610,TE,rec_yds,26.093,0.0,7.771,20.542,38.48,58.781
2025_14_MIA_NYJ,MIA,NYJ,Darren Waller,00-0031610,TE,anytime_td,0.304,0.0,0.0,0.0,1.0,1.0
2025_14_MIA_NYJ,MIA,NYJ,Nick Westbrook-Ikhine,00-0036182,WR,car,0.013,0.0,0.0,0.0,0.0,0.0
2025_14_MIA_NYJ,MIA,NYJ,Nick Westbrook-Ikhine,00-0036182,WR,rush_yds,0.066,0.0,0.0,0.0,0.0,0.0
2025_14_MIA_NYJ,MIA,NYJ,Nick Westbrook-Ikhine,00-0036182,WR,tgt,1.736,0.0,0.0,1.0,3.0,4.0
2025_14_MIA_NYJ,MIA,NYJ,Nick Westbrook-Ikhine,00-0036182,WR,rec,1.051,0.0,0.0,1.0,2.0,3.0
2025_14_MIA_NYJ,MIA,NYJ,Nick Westbrook-Ikhine,00-0036182,WR,rec_yds,13.125,0.0,0.0,6.197,20.324,38.554
2025_14_MIA_NYJ,MIA,NYJ,Nick Westbrook-Ikhine,00-0036182,WR,anytime_td,0.052,0.0,0.0,0.0,0.0,0.0
2025_14_MIA_NYJ,MIA,NYJ,De'Von Achane,00-0039040,RB,car,16.523,8.0,12.0,16.0,21.0,25.0
2025_14_MIA_NYJ,MIA,NYJ,De'Von Achane,00-0039040,RB,rush_yds,78.078,28.771,46.154,70.391,101.303,136.865
2025_14_MIA_NYJ,MIA,NYJ,De'Von Achane,00-0039040,RB,tgt,5.336,2.0,3.0,5.0,7.0,9.0
2025_14_MIA_NYJ,MIA,NYJ,De'Von Achane,00-0039040,RB,rec,4.032,1.0,2.0,4.0,5.0,7.0
2025_14_MIA_NYJ,MIA,NYJ,De'Von Achane,00-0039040,RB,rec_yds,29.786,4.362,12.628,25.742,41.851,60.549
2025_14_MIA_NYJ,MIA,NYJ,De'Von Achane,00-0039040,RB,anytime_td,0.593,0.0,0.0,1.0,1.0,1.0
2025_14_MIA_NYJ,MIA,NYJ,Ollie Gordon II,00-0040198,RB,car,4.635,0.0,2.0,4.0,7.0,10.0
2025_14_MIA_NYJ,MIA,NYJ,Ollie Gordon II,00-0040198,RB,rush_yds,17.134,0.0,3.594,11.82,24.53,42.092
2025_14_MIA_NYJ,MIA,NYJ,Ollie Gordon II,00-0040198,RB,tgt,0.625,0.0,0.0,0.0,1.0,2.0
2025_14_MIA_NYJ,MIA,NYJ,Ollie Gordon II,00-0040198,RB,rec,0.488,0.0,0.0,0.0,1.0,2.0
2025_14_MIA_NYJ,MIA,NYJ,Ollie Gordon II,00-0040198,RB,rec_yds,3.688,0.0,0.0,0.0,4.061,13.352
2025_14_MIA_NYJ,MIA,NYJ,Ollie Gordon II,00-0040198,RB,anytime_td,0.244,0.0,0.0,0.0,0.0,1.0
2025_14_MIA_NYJ,MIA,NYJ,Cedrick Wilson Jr.,00-0034418,WR,car,0.011,0.0,0.0,0.0,0.0,0.0
2025_14_MIA_NYJ,MIA,NYJ,Cedrick Wilson Jr.,00-0034418,WR,rush_yds,0.032,0.0,0.0,0.0,0.0,0.0
2025_14_MIA_NYJ,MIA,NYJ,Cedrick Wilson Jr.,00-0034418,WR,tgt,1.282,0.0,0.0,1.0,2.0,3.0
2025_14_MIA_NYJ,MIA,NYJ,Cedrick Wilson Jr.,00-0034418,WR,rec,0.81,0.0,0.0,1.0,1.0,2.0
2025_14_MIA_NYJ,MIA,NYJ,Cedrick Wilson Jr.,00-0034418,WR,rec_yds,10.221,0.0,0.0,0.0,14.81,31.628
2025_14_MIA_NYJ,MIA,NYJ,Cedrick Wilson Jr.,00-0034418,WR,anytime_td,0.03,0.0,0.0,0.0,0.0,0.0
2025_14_MIA_NYJ,MIA,NYJ,Dee Eskridge,00-0036620,WR,car,0.01,0.0,0.0,0.0,0.0,0.0
2025_14_MIA_NYJ,MIA,NYJ,Dee Eskridge,00-0036620,WR,rush_yds,0.053,0.0,0.0,0.0,0.0,0.0
2025_14_MIA_NYJ,MIA,NYJ,Dee Eskridge,00-0036620,WR,tgt,0.707,0.0,0.0,0.0,1.0,2.0
2025_14_MIA_NYJ,MIA,NYJ,Dee Eskridge,00-0036620,WR,rec,0.43,0.0,0.0,0.0,1.0,1.0
2025_14_MIA_NYJ,MIA,NYJ,Dee Eskridge,00-0036620,WR,rec_yds,5.968,0.0,0.0,0.0,6.022,21.581
2025_14_MIA_NYJ,MIA,NYJ,Dee Eskridge,00-0036620,WR,anytime_td,0.005,0.0,0.0,0.0,0.0,0.0
2025_14_NO_TB,TB,NO,Baker Mayfield,00-0034855,QB,att,28.464,19.0,24.0,29.0,34.0,38.0
2025_14_NO_TB,TB,NO,Baker Mayfield,00-0034855,QB,cmp,18.959,12.0,15.0,19.0,23.0,26.0
2025_14_NO_TB,TB,NO,Baker Mayfield,00-0034855,QB,pass_yds,212.68,126.296,168.612,213.038,259.986,304.538
2025_14_NO_TB,TB,NO,Baker Mayfield,00-0034855,QB,pass_td,1.587,0.0,1.0,1.0,2.0,3.0
2025_14_NO_TB,TB,NO,Baker Mayfield,00-0034855,QB,ints,0.561,0.0,0.0,0.0,1.0,2.0
2025_14_NO_TB,TB,NO,Baker Mayfield,00-0034855,QB,car,3.343,1.0,2.0,3.0,5.0,6.0
2025_14_NO_TB,TB,NO,Baker Mayfield,00-0034855,QB,rush_yds,15.405,-1.0,3.13,11.39,23.748,36.385
2025_14_NO_TB,TB,NO,Baker Mayfield,00-0034855,QB,tgt,0.0,0.0,0.0,0.0,0.0,0.0
2025_14_NO_TB,TB,NO,Baker Mayfield,00-0034855,QB,rec,0.0,0.0,0.0,0.0,0.0,0.0
2025_14_NO_TB,TB,NO,Baker Mayfield,00-0034855,QB,rec_yds,0.002,0.0,0.0,0.0,0.0,0.0
2025_14_NO_TB,TB,NO,Baker Mayfield,00-0034855,QB,anytime_td,0.103,0.0,0.0,0.0,0.0,1.0
2025_14_NO_TB,TB,NO,Emeka Egbuka,00-0040129,WR,car,0.074,0.0,0.0,0.0,0.0,0.0
2025_14_NO_TB,TB,NO,Emeka Egbuka,00-0040129,WR,rush_yds,0.407,0.0,0.0,0.0,0.0,0.0
2025_14_NO_TB,TB,NO,Emeka Egbuka,00-0040129,WR,tgt,6.762,3.0,4.0,6.0,9.0,11.0
2025_14_NO_TB,TB,NO,Emeka Egbuka,00-0040129,WR,rec,3.85,1.0,2.0,4.0,5.0,7.0
2025_14_NO_TB,TB,NO,Emeka Egbuka,00-0040129,WR,rec_yds,53.321,10.784,24.966,47.497,74.377,103.492
2025_14_NO_TB,TB,NO,Emeka Egbuka,00-0040129,WR,anytime_td,0.316,0.0,0.0,0.0,1.0,1.0
2025_14_NO_TB,TB,NO,Cade Otton,00-0038129,TE,car,0.007,0.0,0.0,0.0,0.0,0.0
2025_14_NO_TB,TB,NO,Cade Otton,00-0038129,TE,rush_yds,0.013,0.0,0.0,0.0,0.0,0.0
2025_14_NO_TB,TB,NO,Cade Otton,00-0038129,TE,tgt,4.504,1.0,3.0,4.0,6.0,8.0
2025_14_NO_TB,TB,NO,Cade Otton,00-0038129,TE,rec,3.306,1.0,2.0,3.0,5.0,6.0
2025_14_NO_TB,TB,NO,Cade Otton,00-0038129,TE,rec_yds,33.806,4.814,14.436,29.553,47.922,67.717
2025_14_NO_TB,TB,NO,Cade Otton,00-0038129,TE,anytime_td,0.1,0.0,0.0,0.0,0.0,0.0
2025_14_NO_TB,TB,NO,Chris Godwin Jr.,00-0033921,WR,car,0.047,0.0,0.0,0.0,0.0,0.0
2025_14_NO_TB,TB,NO,Chris Godwin Jr.,00-0033921,WR,rush_yds,0.273,0.0,0.0,0.0,0.0,0.0
2025_14_NO_TB,TB,NO,Chris Godwin Jr.,00-0033921,WR,tgt,4.814,2.0,3.0,4.0,6.0,8.0
2025_14_NO_TB,TB,NO,Chris Godwin Jr.,00-0033921,WR,rec,3.109,1.0,2.0,3.0,4.0,6.0
2025_14_NO_TB,TB,NO,Chris Godwin Jr.,00-0033921,WR,rec_yds,40.633,4.477,15.923,34.479,58.957,83.936
2025_14_NO_TB,TB,NO,Chris Godwin Jr.,00-0033921,WR,anytime_td,0.201,0.0,0.0,0.0,0.0,1.0
2025_14_NO_TB,TB,NO,Sterling Shepard,00-0032385,WR,car,0.282,0.0,0.0,0.0,0.0,1.0
2025_14_NO_TB,TB,NO,Sterling Shepard,00-0032385,WR,rush_yds,1.658,0.0,0.0,0.0,0.0,2.164
2025_14_NO_TB,TB,NO,Sterling Shepard,00-0032385,WR,tgt,3.155,1.0,2.0,3.0,4.0,6.0
2025_14_NO_TB,TB,NO,Sterling Shepard,00-0032385,WR,rec,2.173,0.0,1.0,2.0,3.0,4.0
2025_14_NO_TB,TB,NO,Sterling Shepard,00-0032385,WR,rec_yds,25.051,0.0,6.798,19.219,36.924,57.092
2025_14_NO_TB,TB,NO,Sterling Shepard,00-0032385,WR,anytime_td,0.107,0.0,0.0,0.0,0.0,1.0
2025_14_NO_TB,TB,NO,Bucky Irving,00-0039361,RB,car,12.497,5.0,8.0,12.0,16.0,20.0
2025_14_NO_TB,TB,NO,Bucky Irving,00-0039361,RB,rush_yds,52.48,15.149,27.023,46.709,70.492,98.193
2025_14_NO_TB,TB,NO,Bucky Irving,00-0039361,RB,tgt,2.872,0.0,1.0,2.0,4.0,6.0
2025_14_NO_TB,TB,NO,Bucky Irving,00-0039361,RB,rec,2.534,0.0,1.0,2.0,4.0,5.0
2025_14_NO_TB,TB,NO,Bucky Irving,00-0039361,RB,rec_yds,22.949,0.0,5.577,17.111,33.528,53.698
2025_14_NO_TB,TB,NO,Bucky Irving,00-0039361,RB,anytime_td,0.487,0.0,0.0,0.0,1.0,1.0
2025_14_NO_TB,TB,NO,Rachaad White,00-0037256,RB,car,6.718,2.0,3.0,6.0,9.0,13.0
2025_14_NO_TB,TB,NO,Rachaad White,00-0037256,RB,rush_yds,29.234,2.939,9.765,22.457,41.435,64.451
2025_14_NO_TB,TB,NO,Rachaad White,00-0037256,RB,tgt,2.296,0.0,1.0,2.0,3.0,5.0
2025_14_NO_TB,TB,NO,Rachaad White,00-0037256,RB,rec,1.958,0.0,1.0,2.0,3.0,4.0
2025_14_NO_TB,TB,NO,Rachaad White,00-0037256,RB,rec_yds,13.73,0.0,0.0,9.146,20.259,34.056
2025_14_NO_TB,TB,NO,Rachaad White,00-0037256,RB,anytime_td,0.24,0.0,0.0,0.0,0.0,1.0
2025_14_NO_TB,TB,NO,Tez Johnson,00-0040237,WR,car,0.583,0.0,0.0,0.0,0.0,2.0
2025_14_NO_TB,TB,NO,Tez Johnson,00-0040237,WR,rush_yds,3.342,0.0,0.0,0.0,0.0,11.458
2025_14_NO_TB,TB,NO,Tez Johnson,00-0040237,WR,tgt,2.982,1.0,1.0,3.0,4.0,6.0
2025_14_NO_TB,TB,NO,Tez Johnson,00-0040237,WR,rec,1.962,0.0,1.0,2.0,3.0,4.0
2025_14_NO_TB,TB,NO,Tez Johnson,00-0040237,WR,rec_yds,24.561,0.0,5.57,18.268,36.796,58.032
2025_14_NO_TB,TB,NO,Tez Johnson,00-0040237,WR,anytime_td,0.313,0.0,0.0,0.0,1.0,1.0
2025_14_NO_TB,TB,NO,Sean Tucker,00-0038951,RB,car,5.707,1.0,2.0,5.0,8.0,12.0
2025_14_NO_TB,TB,NO,Sean Tucker,00-0038951,RB,rush_yds,26.06,0.997,7.265,19.12,36.954,59.138
2025_14_NO_TB,TB,NO,Sean Tucker,00-0038951,RB,tgt,0.821,0.0,0.0,0.0,1.0,2.0
2025_14_NO_TB,TB,NO,Sean Tucker,00-0038951,RB,rec,0.671,0.0,0.0,0.0,1.0,2.0
2025_14_NO_TB,TB,NO,Sean Tucker,00-0038951,RB,rec_yds,5.131,0.0,0.0,0.0,7.064,16.765
2025_14_NO_TB,TB,NO,Sean Tucker,00-0038951,RB,anytime_td,0.284,0.0,0.0,0.0,1.0,1.0
2025_14_NO_TB,NO,TB,Tyler Shough,00-0040743,QB,att,32.256,22.0,28.0,33.0,38.0,43.0
2025_14_NO_TB,NO,TB,Tyler Shough,00-0040743,QB,cmp,20.499,13.0,17.0,21.0,25.0,28.0
2025_14_NO_TB,NO,TB,Tyler Shough,00-0040743,QB,pass_yds,208.109,127.857,166.262,209.43,252.848,294.618
2025_14_NO_TB,NO,TB,Tyler Shough,00-0040743,QB,pass_td,1.067,0.0,0.0,1.0,2.0,2.0
2025_14_NO_TB,NO,TB,Tyler Shough,00-0040743,QB,ints,0.808,0.0,0.0,1.0,1.0,2.0
2025_14_NO_TB,NO,TB,Tyler Shough,00-0040743,QB,car,4.683,1.0,2.0,4.0,6.0,9.0
2025_14_NO_TB,NO,TB,Tyler Shough,00-0040743,QB,rush_yds,19.218,0.0,6.21,15.164,28.097,42.302
2025_14_NO_TB,NO,TB,Tyler Shough,00-0040743,QB,tgt,0.0,0.0,0.0,0.0,0.0,0.0
2025_14_NO_TB,NO,TB,Tyler Shough,00-0040743,QB,rec,0.0,0.0,0.0,0.0,0.0,0.0
2025_14_NO_TB,NO,TB,Tyler Shough,00-0040743,QB,rec_yds,0.0,0.0,0.0,0.0,0.0,0.0
2025_14_NO_TB,NO,TB,Tyler Shough,00-0040743,QB,anytime_td,0.097,0.0,0.0,0.0,0.0,0.0
2025_14_NO_TB,NO,TB,Devaughn Vele,00-0039424,WR,car,0.007,0.0,0.0,0.0,0.0,0.0
2025_14_NO_TB,NO,TB,Devaughn Vele,00-0039424,WR,rush_yds,0.018,0.0,0.0,0.0,0.0,0.0
2025_14_NO_TB,NO,TB,Devaughn Vele,00-0039424,WR,tgt,4.092,1.0,2.0,4.0,6.0,8.0
2025_14_NO_TB,NO,TB,Devaughn Vele,00-0039424,WR,rec,2.564,0.0,1.0,2.0,4.0,5.0
2025_14_NO_TB,NO,TB,Devaughn Vele,00-0039424,WR,rec_yds,28.973,0.0,9.171,22.82,42.095,63.909
2025_14_NO_TB,NO,TB,Devaughn Vele,00-0039424,WR,anytime_td,0.165,0.0,0.0,0.0,0.0,1.0
2025_14_NO_TB,NO,TB,Chris Olave,00-0037239,WR,car,0.128,0.0,0.0,0.0,0.0,0.0
2025_14_NO_TB,NO,TB,Chris Olave,00-0037239,WR,rush_yds,0.609,0.0,0.0,0.0,0.0,0.0
2025_14_NO_TB,NO,TB,Chris Olave,00-0037239,WR,tgt,10.156,5.0,7.0,10.0,13.0,15.0
2025_14_NO_TB,NO,TB,Chris Olave,00-0037239,WR,rec,6.376,3.0,4.0,6.0,8.0,10.0
2025_14_NO_TB,NO,TB,Chris Olave,00-0037239,WR,rec_yds,71.094,25.151,43.084,66.061,94.017,122.173
2025_14_NO_TB,NO,TB,Chris Olave,00-0037239,WR,anytime_td,0.309,0.0,0.0,0.0,1.0,1.0
2025_14_NO_TB,NO,TB,Devin Neal,00-0040202,RB,car,8.194,3.0,5.0,8.0,11.0,15.0
2025_14_NO_TB,NO,TB,Devin Neal,00-0040202,RB,rush_yds,30.297,5.459,12.403,24.823,42.31,62.43
2025_14_NO_TB,NO,TB,Devin Neal,00-0040202,RB,tgt,2.97,0.0,1.0,3.0,4.0,6.0
2025_14_NO_TB,NO,TB,Devin Neal,00-0040202,RB,rec,2.339,0.0,1.0,2.0,3.0,5.0
2025_14_NO_TB,NO,TB,Devin Neal,00-0040202,RB,rec_yds,15.267,0.0,3.379,10.957,22.514,36.973
2025_14_NO_TB,NO,TB,Devin Neal,00-0040202,RB,anytime_td,0.118,0.0,0.0,0.0,0.0,1.0
2025_14_NO_TB,NO,TB,Juwan Johnson,00-0036040,TE,car,0.002,0.0,0.0,0.0,0.0,0.0
2025_14_NO_TB,NO,TB,Juwan Johnson,00-0036040,TE,rush_yds,0.003,0.0,0.0,0.0,0.0,0.0
2025_14_NO_TB,NO,TB,Juwan Johnson,00-0036040,TE,tgt,6.961,3.0,4.0,7.0,9.0,11.0
2025_14_NO_TB,NO,TB,Juwan Johnson,00-0036040,TE,rec,4.897,2.0,3.0,5.0,6.0,8.0
2025_14_NO_TB,NO,TB,Juwan Johnson,00-0036040,TE,rec_yds,47.935,12.715,25.554,43.298,64.922,89.763
2025_14_NO_TB,NO,TB,Juwan Johnson,00-0036040,TE,anytime_td,0.206,0.0,0.0,0.0,0.0,1.0
2025_14_NO_TB,NO,TB,Foster Moreau,00-0034981,TE,car,0.004,0.0,0.0,0.0,0.0,0.0
2025_14_NO_TB,NO,TB,Foster Moreau,00-0034981,TE,rush_yds,0.007,0.0,0.0,0.0,0.0,0.0
2025_14_NO_TB,NO,TB,Foster Moreau,00-0034981,TE,tgt,1.723,0.0,0.0,1.0,3.0,4.0
2025_14_NO_TB,NO,TB,Foster Moreau,00-0034981,TE,rec,1.203,0.0,0.0,1.0,2.0,3.0
2025_14_NO_TB,NO,TB,Foster Moreau,00-0034981,TE,rec_yds,11.246,0.0,0.0,6.212,17.243,31.436
2025_14_NO_TB,NO,TB,Foster Moreau,00-0034981,TE,anytime_td,0.059,0.0,0.0,0.0,0.0,0.0
2025_14_NO_TB,NO,TB,Mason Tipton,00-0039623,WR,car,0.395,0.0,0.0,0.0,0.0,1.0
2025_14_NO_TB,NO,TB,Mason Tipton,00-0039623,WR,rush_yds,2.039,0.0,0.0,0.0,0.0,6.218
2025_14_NO_TB,NO,TB,Mason Tipton,00-0039623,WR,tgt,1.918,0.0,1.0,2.0,3.0,4.0
2025_14_NO_TB,NO,TB,Mason Tipton,00-0039623,WR,rec,1.202,0.0,0.0,1.0,2.0,3.0
2025_14_NO_TB,NO,TB,Mason Tipton,00-0039623,WR,rec_yds,12.984,0.0,0.0,7.009,19.96,36.123
2025_14_NO_TB,NO,TB,Mason Tipton,00-0039623,WR,anytime_td,0.024,0.0,0.0,0.0,0.0,0.0
2025_14_NO_TB,NO,TB,Jack Stoll,00-0036741,TE,car,0.004,0.0,0.0,0.0,0.0,0.0
2025_14_NO_TB,NO,TB,Jack Stoll,00-0036741,TE,rush_yds,0.01,0.0,0.0,0.0,0.0,0.0
2025_14_NO_TB,NO,TB,Jack Stoll,00-0036741,TE,tgt,0.704,0.0,0.0,0.0,1.0,2.0
2025_14_NO_TB,NO,TB,Jack Stoll,00-0036741,TE,rec,0.487,0.0,0.0,0.0,1.0,2.0
2025_14_NO_TB,NO,TB,Jack Stoll,00-0036741,TE,rec_yds,4.517,0.0,0.0,0.0,5.857,15.75
2025_14_NO_TB,NO,TB,Jack Stoll,00-0036741,TE,anytime_td,0.033,0.0,0.0,0.0,0.0,0.0
2025_14_NO_TB,NO,TB,Audric Estimé,00-0039373,RB,car,4.906,1.0,2.0,4.0,7.0,10.0
2025_14_NO_TB,NO,TB,Audric Estimé,00-0039373,RB,rush_yds,18.296,0.702,5.2,13.626,25.826,41.831
2025_14_NO_TB,NO,TB,Audric Estimé,00-0039373,RB,tgt,0.456,0.0,0.0,0.0,1.0,1.0
2025_14_NO_TB,NO,TB,Audric Estimé,00-0039373,RB,rec,0.356,0.0,0.0,0.0,1.0,1.0
2025_14_NO_TB,NO,TB,Audric Estimé,00-0039373,RB,rec_yds,2.505,0.0,0.0,0.0,0.0,9.222
2025_14_NO_TB,NO,TB,Audric Estimé,00-0039373,RB,anytime_td,0.096,0.0,0.0,0.0,0.0,0.0
2025_14_NO_TB,NO,TB,Evan Hull,00-0038397,RB,car,4.612,1.0,2.0,4.0,6.0,10.0
2025_14_NO_TB,NO,TB,Evan Hull,00-0038397,RB,rush_yds,17.44,0.0,4.235,11.906,24.218,42.031
2025_14_NO_TB,NO,TB,Evan Hull,00-0038397,RB,tgt,0.305,0.0,0.0,0.0,0.0,1.0
2025_14_NO_TB,NO,TB,Evan Hull,00-0038397,RB,rec,0.234,0.0,0.0,0.0,0.0,1.0
2025_14_NO_TB,NO,TB,Evan Hull,00-0038397,RB,rec_yds,1.574,0.0,0.0,0.0,0.0,5.892
2025_14_NO_TB,NO,TB,Evan Hull,00-0038397,RB,anytime_td,0.063,0.0,0.0,0.0,0.0,0.0
2025_14_NO_TB,NO,TB,Kevin Austin Jr.,00-0037231,WR,car,0.078,0.0,0.0,0.0,0.0,0.0
2025_14_NO_TB,NO,TB,Kevin Austin Jr.,00-0037231,WR,rush_yds,0.407,0.0,0.0,0.0,0.0,0.0
2025_14_NO_TB,NO,TB,Kevin Austin Jr.,00-0037231,WR,tgt,1.297,0.0,0.0,1.0,2.0,3.0
2025_14_NO_TB,NO,TB,Kevin Austin Jr.,00-0037231,WR,rec,0.789,0.0,0.0,0.0,1.0,2.0
2025_14_NO_TB,NO,TB,Kevin Austin Jr.,00-0037231,WR,rec_yds,9.273,0.0,0.0,0.0,13.517,29.85
2025_14_NO_TB,NO,TB,Kevin Austin Jr.,00-0037231,WR,anytime_td,0.019,0.0,0.0,0.0,0.0,0.0
2025_14_NO_TB,NO,TB,Dante Pettis,00-0034860,WR,car,0.027,0.0,0.0,0.0,0.0,0.0
2025_14_NO_TB,NO,TB,Dante Pettis,00-0034860,WR,rush_yds,0.144,0.0,0.0,0.0,0.0,0.0
2025_14_NO_TB,NO,TB,Dante Pettis,00-0034860,WR,tgt,2.439,0.0,1.0,2.0,3.0,5.0
2025_14_NO_TB,NO,TB,Dante Pettis,00-0034860,WR,rec,1.447,0.0,0.0,1.0,2.0,3.0
2025_14_NO_TB,NO,TB,Dante Pettis,00-0034860,WR,rec_yds,16.775,0.0,0.0,10.598,25.35,43.426
2025_14_NO_TB,NO,TB,Dante Pettis,00-0034860,WR,anytime_td,0.086,0.0,0.0,0.0,0.0,0.0
2025_14_PIT_BAL,BAL,PIT,Lamar Jackson,00-0034796,QB,att,27.547,18.0,23.0,28.0,33.0,38.0
2025_14_PIT_BAL,BAL,PIT,Lamar Jackson,00-0034796,QB,cmp,18.129,11.0,15.0,18.0,22.0,25.0
2025_14_PIT_BAL,BAL,PIT,Lamar Jackson,00-0034796,QB,pass_yds,211.92,126.49,167.072,210.754,259.869,304.783
2025_14_PIT_BAL,BAL,PIT,Lamar Jackson,00-0034796,QB,pass_td,1.426,0.0,1.0,1.0,2.0,3.0
2025_14_PIT_BAL,BAL,PIT,Lamar Jackson,00-0034796,QB,ints,0.565,0.0,0.0,0.0,1.0,2.0
2025_14_PIT_BAL,BAL,PIT,Lamar Jackson,00-0034796,QB,car,5.87,2.0,3.0,5.0,8.0,10.0
2025_14_PIT_BAL,BAL,PIT,Lamar Jackson,00-0034796,QB,rush_yds,27.023,2.88,10.888,22.504,38.364,55.921
2025_14_PIT_BAL,BAL,PIT,Lamar Jackson,00-0034796,QB,tgt,0.0,0.0,0.0,0.0,0.0,0.0
2025_14_PIT_BAL,BAL,PIT,Lamar Jackson,00-0034796,QB,rec,0.0,0.0,0.0,0.0,0.0,0.0
2025_14_PIT_BAL,BAL,PIT,Lamar Jackson,00-0034796,QB,rec_yds,0.0,0.0,0.0,0.0,0.0,0.0
2025_14_PIT_BAL,BAL,PIT,Lamar Jackson,00-0034796,QB,anytime_td,0.132,0.0,0.0,0.0,0.0,1.0
2025_14_PIT_BAL,BAL,PIT,Zay Flowers,00-0039064,WR,car,0.684,0.0,0.0,0.0,1.0,2.0
2025_14_PIT_BAL,BAL,PIT,Zay Flowers,00-0039064,WR,rush_yds,3.835,0.0,0.0,0.0,0.0,13.353
2025_14_PIT_BAL,BAL,PIT,Zay Flowers,00-0039064,WR,tgt,7.354,3.0,5.0,7.0,9.0,12.0
2025_14_PIT_BAL,BAL,PIT,Zay Flowers,00-0039064,WR,rec,4.872,2.0,3.0,5.0,6.0,8.0
2025_14_PIT_BAL,BAL,PIT,Zay Flowers,00-0039064,WR,rec_yds,64.479,17.389,34.418,58.382,88.162,120.306
2025_14_PIT_BAL,BAL,PIT,Zay Flowers,00-0039064,WR,anytime_td,0.16,0.0,0.0,0.0,0.0,1.0
2025_14_PIT_BAL,BAL,PIT,Rashod Bateman,00-0036550,WR,car,0.009,0.0,0.0,0.0,0.0,0.0
2025_14_PIT_BAL,BAL,PIT,Rashod Bateman,00-0036550,WR,rush_yds,0.07,0.0,0.0,0.0,0.0,0.0
2025_14_PIT_BAL,BAL,PIT,Rashod Bateman,00-0036550,WR,tgt,3.291,1.0,2.0,3.0,5.0,6.0
2025_14_PIT_BAL,BAL,PIT,Rashod Bateman,00-0036550,WR,rec,2.003,0.0,1.0,2.0,3.0,4.0
2025_14_PIT_BAL,BAL,PIT,Rashod Bateman,00-0036550,WR,rec_yds,26.42,0.0,6.351,19.605,38.497,62.427
2025_14_PIT_BAL,BAL,PIT,Rashod Bateman,00-0036550,WR,anytime_td,0.204,0.0,0.0,0.0,0.0,1.0
2025_14_PIT_BAL,BAL,PIT,Mark Andrews,00-0034753,TE,car,0.861,0.0,0.0,0.0,1.0,3.0
2025_14_PIT_BAL,BAL,PIT,Mark Andrews,00-0034753,TE,rush_yds,2.44,0.0,0.0,0.0,1.562,8.469
2025_14_PIT_BAL,BAL,PIT,Mark Andrews,00-0034753,TE,tgt,4.92,2.0,3.0,5.0,7.0,9.0
2025_14_PIT_BAL,BAL,PIT,Mark Andrews,00-0034753,TE,rec,3.495,1.0,2.0,3.0,5.0,6.0
2025_14_PIT_BAL,BAL,PIT,Mark Andrews,00-0034753,TE,rec_yds,36.49,6.084,16.168,31.779,51.068,73.943
2025_14_PIT_BAL,BAL,PIT,Mark Andrews,00-0034753,TE,anytime_td,0.397,0.0,0.0,0.0,1.0,1.0
2025_14_PIT_BAL,BAL,PIT,Isaiah Likely,00-0037838,TE,car,0.005,0.0,0.0,0.0,0.0,0.0
2025_14_PIT_BAL,BAL,PIT,Isaiah Likely,00-0037838,TE,rush_yds,0.011,0.0,0.0,0.0,0.0,0.0
2025_14_PIT_BAL,BAL,PIT,Isaiah Likely,00-0037838,TE,tgt,3.65,1.0,2.0,3.0,5.0,7.0
2025_14_PIT_BAL,BAL,PIT,Isaiah Likely,00-0037838,TE,rec,2.64,0.0,1.0,2.0,4.0,5.0
2025_14_PIT_BAL,BAL,PIT,Isaiah Likely,00-0037838,TE,rec_yds,30.849,0.0,10.391,24.68,44.736,68.276
2025_14_PIT_BAL,BAL,PIT,Isaiah Likely,00-0037838,TE,anytime_td,0.132,0.0,0.0,0.0,0.0,1.0
2025_14_PIT_BAL,BAL,PIT,Derrick Henry,00-0032764,RB,car,17.022,9.0,12.0,16.0,21.0,26.0
2025_14_PIT_BAL,BAL,PIT,Derrick Henry,00-0032764,RB,rush_yds,80.097,31.143,48.168,72.751,103.986,138.392
2025_14_PIT_BAL,BAL,PIT,Derrick Henry,00-0032764,RB,tgt,1.729,0.0,0.0,1.0,3.0,4.0
2025_14_PIT_BAL,BAL,PIT,Derrick Henry,00-0032764,RB,rec,1.389,0.0,0.0,1.0,2.0,3.0
2025_14_PIT_BAL,BAL,PIT,Derrick Henry,00-0032764,RB,rec_yds,12.321,0.0,0.0,6.939,18.612,34.34
2025_14_PIT_BAL,BAL,PIT,Derrick Henry,00-0032764,RB,anytime_td,0.537,0.0,0.0,1.0,1.0,1.0
2025_14_PIT_BAL,BAL,PIT,Rasheen Ali,00-0039796,RB,car,1.584,0.0,0.0,1.0,2.0,5.0
2025_14_PIT_BAL,BAL,PIT,Rasheen Ali,00-0039796,RB,rush_yds,6.907,0.0,0.0,0.0,8.712,21.749
2025_14_PIT_BAL,BAL,PIT,Rasheen Ali,00-0039796,RB,tgt,0.333,0.0,0.0,0.0,0.0,1.0
2025_14_PIT_BAL,BAL,PIT,Rasheen Ali,00-0039796,RB,rec,0.263,0.0,0.0,0.0,0.0,1.0
2025_14_PIT_BAL,BAL,PIT,Rasheen Ali,00-0039796,RB,rec_yds,2.114,0.0,0.0,0.0,0.0,7.705
2025_14_PIT_BAL,BAL,PIT,Rasheen Ali,00-0039796,RB,anytime_td,0.028,0.0,0.0,0.0,0.0,0.0
2025_14_PIT_BAL,BAL,PIT,Charlie Kolar,00-0038046,TE,car,0.002,0.0,0.0,0.0,0.0,0.0
2025_14_PIT_BAL,BAL,PIT,Charlie Kolar,00-0038046,TE,rush_yds,0.004,0.0,0.0,0.0,0.0,0.0
2025_14_PIT_BAL,BAL,PIT,Charlie Kolar,00-0038046,TE,tgt,1.121,0.0,0.0,1.0,2.0,3.0
2025_14_PIT_BAL,BAL,PIT,Charlie Kolar,00-0038046,TE,rec,0.805,0.0,0.0,0.0,1.0,2.0
2025_14_PIT_BAL,BAL,PIT,Charlie Kolar,00-0038046,TE,rec_yds,9.169,0.0,0.0,0.0,13.542,28.04
2025_14_PIT_BAL,BAL,PIT,Charlie Kolar,00-0038046,TE,anytime_td,0.124,0.0,0.0,0.0,0.0,1.0
2025_14_PIT_BAL,BAL,PIT,DeAndre Hopkins,00-0030564,WR,car,0.006,0.0,0.0,0.0,0.0,0.0
2025_14_PIT_BAL,BAL,PIT,DeAndre Hopkins,00-0030564,WR,rush_yds,0.035,0.0,0.0,0.0,0.0,0.0
2025_14_PIT_BAL,BAL,PIT,DeAndre Hopkins,00-0030564,WR,tgt,3.068,1.0,1.0,3.0,4.0,6.0
2025_14_PIT_BAL,BAL,PIT,DeAndre Hopkins,00-0030564,WR,rec,1.896,0.0,1.0,2.0,3.0,4.0
2025_14_PIT_BAL,BAL,PIT,DeAndre Hopkins,00-0030564,WR,rec_yds,24.61,0.0,4.689,18.089,37.464,60.187
2025_14_PIT_BAL,BAL,PIT,DeAndre Hopkins,00-0030564,WR,anytime_td,0.137,0.0,0.0,0.0,0.0,1.0
2025_14_PIT_BAL,BAL,PIT,Keaton Mitchell,00-0038454,RB,car,3.398,0.0,1.0,2.0,5.0,8.0
2025_14_PIT_BAL,BAL,PIT,Keaton Mitchell,00-0038454,RB,rush_yds,16.121,0.0,1.089,8.806,22.783,42.934
2025_14_PIT_BAL,BAL,PIT,Keaton Mitchell,00-0038454,RB,tgt,1.398,0.0,0.0,1.0,2.0,3.0
2025_14_PIT_BAL,BAL,PIT,Keaton Mitchell,00-0038454,RB,rec,1.115,0.0,0.0,1.0,2.0,3.0
2025_14_PIT_BAL,BAL,PIT,Keaton Mitchell,00-0038454,RB,rec_yds,9.022,0.0,0.0,3.129,13.044,26.761
2025_14_PIT_BAL,BAL,PIT,Keaton Mitchell,00-0038454,RB,anytime_td,0.165,0.0,0.0,0.0,0.0,1.0
2025_14_PIT_BAL,BAL,PIT,Tylan Wallace,00-0036630,WR,car,0.003,0.0,0.0,0.0,0.0,0.0
2025_14_PIT_BAL,BAL,PIT,Tylan Wallace,00-0036630,WR,rush_yds,0.006,0.0,0.0,0.0,0.0,0.0
2025_14_PIT_BAL,BAL,PIT,Tylan Wallace,00-0036630,WR,tgt,0.931,0.0,0.0,1.0,1.0,3.0
2025_14_PIT_BAL,BAL,PIT,Tylan Wallace,00-0036630,WR,rec,0.58,0.0,0.0,0.0,1.0,2.0
2025_14_PIT_BAL,BAL,PIT,Tylan Wallace,00-0036630,WR,rec_yds,7.595,0.0,0.0,0.0,10.311,24.607
2025_14_PIT_BAL,BAL,PIT,Tylan Wallace,00-0036630,WR,anytime_td,0.048,0.0,0.0,0.0,0.0,0.0
2025_14_PIT_BAL,PIT,BAL,Aaron Rodgers,00-0023459,QB,att,30.806,21.0,26.0,31.0,37.0,41.0
2025_14_PIT_BAL,PIT,BAL,Aaron Rodgers,00-0023459,QB,cmp,19.017,12.0,16.0,19.0,23.0,26.0
2025_14_PIT_BAL,PIT,BAL,Aaron Rodgers,00-0023459,QB,pass_yds,202.496,121.344,160.77,201.42,246.441,291.423
2025_14_PIT_BAL,PIT,BAL,Aaron Rodgers,00-0023459,QB,pass_td,1.153,0.0,0.0,1.0,2.0,3.0
2025_14_PIT_BAL,PIT,BAL,Aaron Rodgers,00-0023459,QB,ints,0.714,0.0,0.0,0.0,1.0,2.0
2025_14_PIT_BAL,PIT,BAL,Aaron Rodgers,00-0023459,QB,car,1.633,0.0,0.0,1.0,2.0,4.0
2025_14_PIT_BAL,PIT,BAL,Aaron Rodgers,00-0023459,QB,rush_yds,6.514,-1.0,0.0,1.92,10.559,20.119
2025_14_PIT_BAL,PIT,BAL,Aaron Rodgers,00-0023459,QB,tgt,0.0,0.0,0.0,0.0,0.0,0.0
2025_14_PIT_BAL,PIT,BAL,Aaron Rodgers,00-0023459,QB,rec,0.0,0.0,0.0,0.0,0.0,0.0
2025_14_PIT_BAL,PIT,BAL,Aaron Rodgers,00-0023459,QB,rec_yds,0.0,0.0,0.0,0.0,0.0,0.0
2025_14_PIT_BAL,PIT,BAL,Aaron Rodgers,00-0023459,QB,anytime_td,0.007,0.0,0.0,0.0,0.0,0.0
2025_14_PIT_BAL,PIT,BAL,DK Metcalf,00-0035640,WR,car,0.265,0.0,0.0,0.0,0.0,1.0
2025_14_PIT_BAL,PIT,BAL,DK Metcalf,00-0035640,WR,rush_yds,1.44,0.0,0.0,0.0,0.0,1.842
2025_14_PIT_BAL,PIT,BAL,DK Metcalf,00-0035640,WR,tgt,6.313,2.0,4.0,6.0,8.0,11.0
2025_14_PIT_BAL,PIT,BAL,DK Metcalf,00-0035640,WR,rec,3.609,1.0,2.0,3.0,5.0,6.0
2025_14_PIT_BAL,PIT,BAL,DK Metcalf,00-0035640,WR,rec_yds,45.959,8.045,20.232,39.897,65.158,91.355
2025_14_PIT_BAL,PIT,BAL,DK Metcalf,00-0035640,WR,anytime_td,0.228,0.0,0.0,0.0,0.0,1.0
2025_14_PIT_BAL,PIT,BAL,Pat Freiermuth,00-0036894,TE,car,0.002,0.0,0.0,0.0,0.0,0.0
2025_14_PIT_BAL,PIT,BAL,Pat Freiermuth,00-0036894,TE,rush_yds,0.005,0.0,0.0,0.0,0.0,0.0
2025_14_PIT_BAL,PIT,BAL,Pat Freiermuth,00-0036894,TE,tgt,2.6,0.0,1.0,2.0,4.0,5.0
2025_14_PIT_BAL,PIT,BAL,Pat Freiermuth,00-0036894,TE,rec,1.835,0.0,1.0,2.0,3.0,4.0
2025_14_PIT_BAL,PIT,BAL,Pat Freiermuth,00-0036894,TE,rec_yds,20.255,0.0,3.16,14.605,30.773,48.813
2025_14_PIT_BAL,PIT,BAL,Pat Freiermuth,00-0036894,TE,anytime_td,0.202,0.0,0.0,0.0,0.0,1.0
2025_14_PIT_BAL,PIT,BAL,Jonnu Smith,00-0033858,TE,car,0.313,0.0,0.0,0.0,0.0,1.0
2025_14_PIT_BAL,PIT,BAL,Jonnu Smith,00-0033858,TE,rush_yds,0.731,0.0,0.0,0.0,0.0,1.565
2025_14_PIT_BAL,PIT,BAL,Jonnu Smith,00-0033858,TE,tgt,3.353,1.0,2.0,3.0,5.0,7.0
2025_14_PIT_BAL,PIT,BAL,Jonnu Smith,00-0033858,TE,rec,2.192,0.0,1.0,2.0,3.0,5.0
2025_14_PIT_BAL,PIT,BAL,Jonnu Smith,00-0033858,TE,rec_yds,21.247,0.0,5.663,16.427,31.293,49.075
2025_14_PIT_BAL,PIT,BAL,Jonnu Smith,00-0033858,TE,anytime_td,0.126,0.0,0.0,0.0,0.0,1.0
2025_14_PIT_BAL,PIT,BAL,Jaylen Warren,00-0037228,RB,car,12.691,6.0,8.0,12.0,16.0,20.0
2025_14_PIT_BAL,PIT,BAL,Jaylen Warren,00-0037228,RB,rush_yds,50.937,14.805,27.109,44.986,68.171,94.997
2025_14_PIT_BAL,PIT,BAL,Jaylen Warren,00-0037228,RB,tgt,2.716,0.0,1.0,2.0,4.0,5.1
2025_14_PIT_BAL,PIT,BAL,Jaylen Warren,00-0037228,RB,rec,2.001,0.0,1.0,2.0,3.0,4.0
2025_14_PIT_BAL,PIT,BAL,Jaylen Warren,00-0037228,RB,rec_yds,15.165,0.0,1.677,10.502,22.315,37.854
2025_14_PIT_BAL,PIT,BAL,Jaylen Warren,00-0037228,RB,anytime_td,0.399,0.0,0.0,0.0,1.0,1.0
2025_14_PIT_BAL,PIT,BAL,Kenny Gainwell,00-0036919,RB,car,5.777,1.0,3.0,5.0,8.0,11.0
2025_14_PIT_BAL,PIT,BAL,Kenny Gainwell,00-0036919,RB,rush_yds,24.503,1.802,7.325,18.081,33.953,55.958
2025_14_PIT_BAL,PIT,BAL,Kenny Gainwell,00-0036919,RB,tgt,4.128,1.0,2.0,4.0,6.0,8.0
2025_14_PIT_BAL,PIT,BAL,Kenny Gainwell,00-0036919,RB,rec,3.157,1.0,2.0,3.0,4.0,6.0
2025_14_PIT_BAL,PIT,BAL,Kenny Gainwell,00-0036919,RB,rec_yds,23.062,0.0,7.56,18.564,33.297,50.651
2025_14_PIT_BAL,PIT,BAL,Kenny Gainwell,00-0036919,RB,anytime_td,0.312,0.0,0.0,0.0,1.0,1.0
2025_14_PIT_BAL,PIT,BAL,Adam Thielen,00-0030035,WR,car,0.013,0.0,0.0,0.0,0.0,0.0
2025_14_PIT_BAL,PIT,BAL,Adam Thielen,00-0030035,WR,rush_yds,0.085,0.0,0.0,0.0,0.0,0.0
2025_14_PIT_BAL,PIT,BAL,Adam Thielen,00-0030035,WR,tgt,1.914,0.0,1.0,2.0,3.0,4.0
2025_14_PIT_BAL,PIT,BAL,Adam Thielen,00-0030035,WR,rec,1.103,0.0,0.0,1.0,2.0,3.0
2025_14_PIT_BAL,PIT,BAL,Adam Thielen,00-0030035,WR,rec_yds,13.728,0.0,0.0,6.894,20.945,39.129
2025_14_PIT_BAL,PIT,BAL,Adam Thielen,00-0030035,WR,anytime_td,0.057,0.0,0.0,0.0,0.0,0.0
2025_14_PIT_BAL,PIT,BAL,Calvin Austin III,00-0037837,WR,car,0.01,0.0,0.0,0.0,0.0,0.0
2025_14_PIT_BAL,PIT,BAL,Calvin Austin III,00-0037837,WR,rush_yds,0.04,0.0,0.0,0.0,0.0,0.0
2025_14_PIT_BAL,PIT,BAL,Calvin Austin III,00-0037837,WR,tgt,4.133,1.0,2.0,4.0,6.0,8.0
2025_14_PIT_BAL,PIT,BAL,Calvin Austin III,00-0037837,WR,rec,2.362,0.0,1.0,2.0,3.0,5.0
2025_14_PIT_BAL,PIT,BAL,Calvin Austin III,00-0037837,WR,rec_yds,28.799,0.0,8.491,22.812,41.771,64.859
2025_14_PIT_BAL,PIT,BAL,Calvin Austin III,00-0037837,WR,anytime_td,0.119,0.0,0.0,0.0,0.0,1.0
2025_14_PIT_BAL,PIT,BAL,Marquez Valdes-Scantling,00-0034272,WR,car,0.03,0.0,0.0,0.0,0.0,0.0
2025_14_PIT_BAL,PIT,BAL,Marquez Valdes-Scantling,00-0034272,WR,rush_yds,0.139,0.0,0.0,0.0,0.0,0.0
2025_14_PIT_BAL,PIT,BAL,Marquez Valdes-Scantling,00-0034272,WR,tgt,1.792,0.0,0.0,1.0,3.0,4.0
2025_14_PIT_BAL,PIT,BAL,Marquez Valdes-Scantling,00-0034272,WR,rec,1.023,0.0,0.0,1.0,2.0,3.0
2025_14_PIT_BAL,PIT,BAL,Marquez Valdes-Scantling,00-0034272,WR,rec_yds,13.4,0.0,0.0,6.237,20.661,37.759
2025_14_PIT_BAL,PIT,BAL,Marquez Valdes-Scantling,00-0034272,WR,anytime_td,0.052,0.0,0.0,0.0,0.0,0.0
2025_14_PIT_BAL,PIT,BAL,Darnell Washington,00-0038558,TE,car,0.004,0.0,0.0,0.0,0.0,0.0
2025_14_PIT_BAL,PIT,BAL,Darnell Washington,00-0038558,TE,rush_yds,0.007,0.0,0.0,0.0,0.0,0.0
2025_14_PIT_BAL,PIT,BAL,Darnell Washington,00-0038558,TE,tgt,2.825,0.0,1.0,2.0,4.0,6.0
2025_14_PIT_BAL,PIT,BAL,Darnell Washington,00-0038558,TE,rec,1.874,0.0,1.0,2.0,3.0,4.0
2025_14_PIT_BAL,PIT,BAL,Darnell Washington,00-0038558,TE,rec_yds,22.114,0.0,4.61,16.069,33.032,52.343
2025_14_PIT_BAL,PIT,BAL,Darnell Washington,00-0038558,TE,anytime_td,0.086,0.0,0.0,0.0,0.0,0.0
2025_14_PIT_BAL,PIT,BAL,Ben Skowronek,00-0036862,WR,car,0.006,0.0,0.0,0.0,0.0,0.0
2025_14_PIT_BAL,PIT,BAL,Ben Skowronek,00-0036862,WR,rush_yds,0.021,0.0,0.0,0.0,0.0,0.0
2025_14_PIT_BAL,PIT,BAL,Ben Skowronek,00-0036862,WR,tgt,0.595,0.0,0.0,0.0,1.0,2.0
2025_14_PIT_BAL,PIT,BAL,Ben Skowronek,00-0036862,WR,rec,0.352,0.0,0.0,0.0,1.0,1.0
2025_14_PIT_BAL,PIT,BAL,Ben Skowronek,00-0036862,WR,rec_yds,4.687,0.0,0.0,0.0,2.056,17.322
2025_14_PIT_BAL,PIT,BAL,Ben Skowronek,00-0036862,WR,anytime_td,0.019,0.0,0.0,0.0,0.0,0.0
2025_14_PIT_BAL,PIT,BAL,Connor Heyward,00-0037304,RB,car,0.762,0.0,0.0,0.0,1.0,3.0
2025_14_PIT_BAL,PIT,BAL,Connor Heyward,00-0037304,RB,rush_yds,2.987,0.0,0.0,0.0,1.912,9.822
2025_14_PIT_BAL,PIT,BAL,Connor Heyward,00-0037304,RB,tgt,0.268,0.0,0.0,0.0,0.0,1.0
2025_14_PIT_BAL,PIT,BAL,Connor Heyward,00-0037304,RB,rec,0.192,0.0,0.0,0.0,0.0,1.0
2025_14_PIT_BAL,PIT,BAL,Connor Heyward,00-0037304,RB,rec_yds,1.503,0.0,0.0,0.0,0.0,5.071
2025_14_PIT_BAL,PIT,BAL,Connor Heyward,00-0037304,RB,anytime_td,0.031,0.0,0.0,0.0,0.0,0.0
2025_14_PIT_BAL,PIT,BAL,Kaleb Johnson,00-0040142,RB,car,3.341,0.0,1.0,3.0,5.0,8.0
2025_14_PIT_BAL,PIT,BAL,Kaleb Johnson,00-0040142,RB,rush_yds,12.572,0.0,0.866,7.352,17.531,32.219
2025_14_PIT_BAL,PIT,BAL,Kaleb Johnson,00-0040142,RB,tgt,0.294,0.0,0.0,0.0,0.0,1.0
2025_14_PIT_BAL,PIT,BAL,Kaleb Johnson,00-0040142,RB,rec,0.21,0.0,0.0,0.0,0.0,1.0
2025_14_PIT_BAL,PIT,BAL,Kaleb Johnson,00-0040142,RB,rec_yds,1.557,0.0,0.0,0.0,0.0,5.55
2025_14_PIT_BAL,PIT,BAL,Kaleb Johnson,00-0040142,RB,anytime_td,0.054,0.0,0.0,0.0,0.0,0.0
2025_14_SEA_ATL,ATL,SEA,Kirk Cousins,00-0029604,QB,att,31.435,21.0,27.0,32.0,37.0,42.0
2025_14_SEA_ATL,ATL,SEA,Kirk Cousins,00-0029604,QB,cmp,19.336,12.0,16.0,20.0,23.0,27.0
2025_14_SEA_ATL,ATL,SEA,Kirk Cousins,00-0029604,QB,pass_yds,203.278,123.098,162.3,202.84,247.585,290.095
2025_14_SEA_ATL,ATL,SEA,Kirk Cousins,00-0029604,QB,pass_td,0.984,0.0,0.0,1.0,2.0,2.0
2025_14_SEA_ATL,ATL,SEA,Kirk Cousins,00-0029604,QB,ints,0.765,0.0,0.0,1.0,1.0,2.0
2025_14_SEA_ATL,ATL,SEA,Kirk Cousins,00-0029604,QB,car,1.726,0.0,0.0,1.0,3.0,4.0
2025_14_SEA_ATL,ATL,SEA,Kirk Cousins,00-0029604,QB,rush_yds,6.822,-1.0,0.0,1.962,10.522,21.362
2025_14_SEA_ATL,ATL,SEA,Kirk Cousins,00-0029604,QB,tgt,0.002,0.0,0.0,0.0,0.0,0.0
2025_14_SEA_ATL,ATL,SEA,Kirk Cousins,00-0029604,QB,rec,0.002,0.0,0.0,0.0,0.0,0.0
2025_14_SEA_ATL,ATL,SEA,Kirk Cousins,00-0029604,QB,rec_yds,0.018,0.0,0.0,0.0,0.0,0.0
2025_14_SEA_ATL,ATL,SEA,Kirk Cousins,00-0029604,QB,anytime_td,0.011,0.0,0.0,0.0,0.0,0.0
2025_14_SEA_ATL,ATL,SEA,David Sills,00-0035359,WR,car,0.009,0.0,0.0,0.0,0.0,0.0
2025_14_SEA_ATL,ATL,SEA,David Sills,00-0035359,WR,rush_yds,0.039,0.0,0.0,0.0,0.0,0.0
2025_14_SEA_ATL,ATL,SEA,David Sills,00-0035359,WR,tgt,2.604,0.0,1.0,2.0,4.0,5.0
2025_14_SEA_ATL,ATL,SEA,David Sills,00-0035359,WR,rec,1.483,0.0,0.0,1.0,2.0,3.0
2025_14_SEA_ATL,ATL,SEA,David Sills,00-0035359,WR,rec_yds,17.602,0.0,0.0,11.192,26.942,45.411
2025_14_SEA_ATL,ATL,SEA,David Sills,00-0035359,WR,anytime_td,0.148,0.0,0.0,0.0,0.0,1.0
2025_14_SEA_ATL,ATL,SEA,Kyle Pitts,00-0036970,TE,car,0.006,0.0,0.0,0.0,0.0,0.0
2025_14_SEA_ATL,ATL,SEA,Kyle Pitts,00-0036970,TE,rush_yds,0.01,0.0,0.0,0.0,0.0,0.0
2025_14_SEA_ATL,ATL,SEA,Kyle Pitts,00-0036970,TE,tgt,8.38,4.0,6.0,8.0,11.0,13.0
2025_14_SEA_ATL,ATL,SEA,Kyle Pitts,00-0036970,TE,rec,5.65,2.0,4.0,5.0,7.0,9.0
2025_14_SEA_ATL,ATL,SEA,Kyle Pitts,00-0036970,TE,rec_yds,57.037,18.761,32.669,51.741,76.934,101.982
2025_14_SEA_ATL,ATL,SEA,Kyle Pitts,00-0036970,TE,anytime_td,0.111,0.0,0.0,0.0,0.0,1.0
2025_14_SEA_ATL,ATL,SEA,Darnell Mooney,00-0036309,WR,car,0.007,0.0,0.0,0.0,0.0,0.0
2025_14_SEA_ATL,ATL,SEA,Darnell Mooney,00-0036309,WR,rush_yds,0.03,0.0,0.0,0.0,0.0,0.0
2025_14_SEA_ATL,ATL,SEA,Darnell Mooney,00-0036309,WR,tgt,7.078,3.0,5.0,7.0,9.0,12.0
2025_14_SEA_ATL,ATL,SEA,Darnell Mooney,00-0036309,WR,rec,3.655,1.0,2.0,3.0,5.0,6.0
2025_14_SEA_ATL,ATL,SEA,Darnell Mooney,00-0036309,WR,rec_yds,49.649,9.512,23.174,43.475,69.307,98.668
2025_14_SEA_ATL,ATL,SEA,Darnell Mooney,00-0036309,WR,anytime_td,0.137,0.0,0.0,0.0,0.0,1.0
2025_14_SEA_ATL,ATL,SEA,Bijan Robinson,00-0038542,RB,car,15.34,8.0,11.0,15.0,19.0,24.0
2025_14_SEA_ATL,ATL,SEA,Bijan Robinson,00-0038542,RB,rush_yds,64.418,22.672,36.984,57.239,84.467,115.911
2025_14_SEA_ATL,ATL,SEA,Bijan Robinson,00-0038542,RB,tgt,7.364,3.0,5.0,7.0,10.0,12.0
2025_14_SEA_ATL,ATL,SEA,Bijan Robinson,00-0038542,RB,rec,5.482,2.0,3.0,5.0,7.0,9.0
2025_14_SEA_ATL,ATL,SEA,Bijan Robinson,00-0038542,RB,rec_yds,47.279,11.825,24.156,41.784,64.963,89.753
2025_14_SEA_ATL,ATL,SEA,Bijan Robinson,00-0038542,RB,anytime_td,0.414,0.0,0.0,0.0,1.0,1.0
2025_14_SEA_ATL,ATL,SEA,Dylan Drummond,00-0038953,WR,car,0.01,0.0,0.0,0.0,0.0,0.0
2025_14_SEA_ATL,ATL,SEA,Dylan Drummond,00-0038953,WR,rush_yds,0.044,0.0,0.0,0.0,0.0,0.0
2025_14_SEA_ATL,ATL,SEA,Dylan Drummond,00-0038953,WR,tgt,2.376,0.0,1.0,2.0,3.0,5.0
2025_14_SEA_ATL,ATL,SEA,Dylan Drummond,00-0038953,WR,rec,1.424,0.0,0.0,1.0,2.0,3.0
2025_14_SEA_ATL,ATL,SEA,Dylan Drummond,00-0038953,WR,rec_yds,16.586,0.0,0.0,10.415,25.398,43.8
2025_14_SEA_ATL,ATL,SEA,Dylan Drummond,00-0038953,WR,anytime_td,0.021,0.0,0.0,0.0,0.0,0.0
2025_14_SEA_ATL,ATL,SEA,Charlie Woerner,00-0036429,TE,car,0.002,0.0,0.0,0.0,0.0,0.0
2025_14_SEA_ATL,ATL,SEA,Charlie Woerner,00-0036429,TE,rush_yds,0.011,0.0,0.0,0.0,0.0,0.0
2025_14_SEA_ATL,ATL,SEA,Charlie Woerner,00-0036429,TE,tgt,0.996,0.0,0.0,1.0,2.0,3.0
2025_14_SEA_ATL,ATL,SEA,Charlie Woerner,00-0036429,TE,rec,0.688,0.0,0.0,0.0,1.0,2.0
2025_14_SEA_ATL,ATL,SEA,Charlie Woerner,00-0036429,TE,rec_yds,6.693,0.0,0.0,0.0,9.909,21.485
2025_14_SEA_ATL,ATL,SEA,Charlie Woerner,00-0036429,TE,anytime_td,0.008,0.0,0.0,0.0,0.0,0.0
2025_14_SEA_ATL,ATL,SEA,Tyler Allgeier,00-0037263,RB,car,7.09,2.0,4.0,6.0,10.0,13.0
2025_14_SEA_ATL,ATL,SEA,Tyler Allgeier,00-0037263,RB,rush_yds,25.327,3.247,9.408,20.27,35.257,53.593
2025_14_SEA_ATL,ATL,SEA,Tyler Allgeier,00-0037263,RB,tgt,1.484,0.0,0.0,1.0,2.0,4.0
2025_14_SEA_ATL,ATL,SEA,Tyler Allgeier,00-0037263,RB,rec,1.118,0.0,0.0,1.0,2.0,3.0
2025_14_SEA_ATL,ATL,SEA,Tyler Allgeier,00-0037263,RB,rec_yds,8.389,0.0,0.0,2.981,12.399,24.689
2025_14_SEA_ATL,ATL,SEA,Tyler Allgeier,00-0037263,RB,anytime_td,0.329,0.0,0.0,0.0,1.0,1.0
2025_14_SEA_ATL,ATL,SEA,Deven Thompkins,00-0037487,WR,car,0.507,0.0,0.0,0.0,0.0,2.0
2025_14_SEA_ATL,ATL,SEA,Deven Thompkins,00-0037487,WR,rush_yds,2.613,0.0,0.0,0.0,0.0,8.519
2025_14_SEA_ATL,ATL,SEA,Deven Thompkins,00-0037487,WR,tgt,1.731,0.0,0.0,1.0,3.0,4.0
2025_14_SEA_ATL,ATL,SEA,Deven Thompkins,00-0037487,WR,rec,1.044,0.0,0.0,1.0,2.0,3.0
2025_14_SEA_ATL,ATL,SEA,Deven Thompkins,00-0037487,WR,rec_yds,12.97,0.0,0.0,6.099,19.839,37.716
2025_14_SEA_ATL,ATL,SEA,Deven Thompkins,00-0037487,WR,anytime_td,0.036,0.0,0.0,0.0,0.0,0.0
2025_14_SEA_ATL,SEA,ATL,Sam Darnold,00-0034869,QB,att,28.585,19.0,24.0,29.0,34.0,39.0
2025_14_SEA_ATL,SEA,ATL,Sam Darnold,00-0034869,QB,cmp,19.345,12.0,16.0,20.0,23.0,27.0
2025_14_SEA_ATL,SEA,ATL,Sam Darnold,00-0034869,QB,pass_yds,226.868,137.586,182.084,226.853,277.17,321.506
2025_14_SEA_ATL,SEA,ATL,Sam Darnold,00-0034869,QB,pass_td,1.479,0.0,1.0,1.0,2.0,3.0
2025_14_SEA_ATL,SEA,ATL,Sam Darnold,00-0034869,QB,ints,0.623,0.0,0.0,0.0,1.0,2.0
2025_14_SEA_ATL,SEA,ATL,Sam Darnold,00-0034869,QB,car,2.098,0.0,1.0,2.0,3.0,4.0
2025_14_SEA_ATL,SEA,ATL,Sam Darnold,00-0034869,QB,rush_yds,5.91,-2.0,-1.0,1.007,9.074,19.886
2025_14_SEA_ATL,SEA,ATL,Sam Darnold,00-0034869,QB,tgt,0.0,0.0,0.0,0.0,0.0,0.0
2025_14_SEA_ATL,SEA,ATL,Sam Darnold,00-0034869,QB,rec,0.0,0.0,0.0,0.0,0.0,0.0
2025_14_SEA_ATL,SEA,ATL,Sam Darnold,00-0034869,QB,rec_yds,0.002,0.0,0.0,0.0,0.0,0.0
2025_14_SEA_ATL,SEA,ATL,Sam Darnold,00-0034869,QB,anytime_td,0.015,0.0,0.0,0.0,0.0,0.0
2025_14_SEA_ATL,SEA,ATL,Jaxon Smith-Njigba,00-0038543,WR,car,0.503,0.0,0.0,0.0,0.0,2.0
2025_14_SEA_ATL,SEA,ATL,Jaxon Smith-Njigba,00-0038543,WR,rush_yds,2.831,0.0,0.0,0.0,0.0,8.749
2025_14_SEA_ATL,SEA,ATL,Jaxon Smith-Njigba,00-0038543,WR,tgt,8.523,4.0,6.0,8.0,11.0,13.0
2025_14_SEA_ATL,SEA,ATL,Jaxon Smith-Njigba,00-0038543,WR,rec,6.059,3.0,4.0,6.0,8.0,10.0
2025_14_SEA_ATL,SEA,ATL,Jaxon Smith-Njigba,00-0038543,WR,rec_yds,87.417,30.633,51.938,81.202,117.046,151.571
2025_14_SEA_ATL,SEA,ATL,Jaxon Smith-Njigba,00-0038543,WR,anytime_td,0.42,0.0,0.0,0.0,1.0,1.0
2025_14_SEA_ATL,SEA,ATL,Cooper Kupp,00-0033908,WR,car,0.009,0.0,0.0,0.0,0.0,0.0
2025_14_SEA_ATL,SEA,ATL,Cooper Kupp,00-0033908,WR,rush_yds,0.067,0.0,0.0,0.0,0.0,0.0
2025_14_SEA_ATL,SEA,ATL,Cooper Kupp,00-0033908,WR,tgt,4.257,1.0,2.0,4.0,6.0,8.0
2025_14_SEA_ATL,SEA,ATL,Cooper Kupp,00-0033908,WR,rec,2.815,1.0,1.0,3.0,4.0,5.0
2025_14_SEA_ATL,SEA,ATL,Cooper Kupp,00-0033908,WR,rec_yds,34.745,0.981,12.917,28.237,50.61,74.033
2025_14_SEA_ATL,SEA,ATL,Cooper Kupp,00-0033908,WR,anytime_td,0.163,0.0,0.0,0.0,0.0,1.0
2025_14_SEA_ATL,SEA,ATL,AJ Barner,00-0039793,TE,car,0.761,0.0,0.0,0.0,1.0,3.0
2025_14_SEA_ATL,SEA,ATL,AJ Barner,00-0039793,TE,rush_yds,1.811,0.0,0.0,0.0,0.48,6.262
2025_14_SEA_ATL,SEA,ATL,AJ Barner,00-0039793,TE,tgt,3.92,1.0,2.0,4.0,5.0,7.0
2025_14_SEA_ATL,SEA,ATL,AJ Barner,00-0039793,TE,rec,3.001,1.0,1.0,3.0,4.0,6.0
2025_14_SEA_ATL,SEA,ATL,AJ Barner,00-0039793,TE,rec_yds,29.345,2.789,11.328,24.314,42.441,62.12
2025_14_SEA_ATL,SEA,ATL,AJ Barner,00-0039793,TE,anytime_td,0.279,0.0,0.0,0.0,1.0,1.0
2025_14_SEA_ATL,SEA,ATL,Kenneth Walker III,00-0038134,RB,car,12.833,6.0,8.0,12.0,17.0,21.0
2025_14_SEA_ATL,SEA,ATL,Kenneth Walker III,00-0038134,RB,rush_yds,59.24,17.934,31.391,51.861,78.891,110.696
2025_14_SEA_ATL,SEA,ATL,Kenneth Walker III,00-0038134,RB,tgt,2.388,0.0,1.0,2.0,3.0,5.0
2025_14_SEA_ATL,SEA,ATL,Kenneth Walker III,00-0038134,RB,rec,1.973,0.0,1.0,2.0,3.0,4.0
2025_14_SEA_ATL,SEA,ATL,Kenneth Walker III,00-0038134,RB,rec_yds,15.123,0.0,1.139,10.323,22.342,37.554
2025_14_SEA_ATL,SEA,ATL,Kenneth Walker III,00-0038134,RB,anytime_td,0.372,0.0,0.0,0.0,1.0,1.0
2025_14_SEA_ATL,SEA,ATL,Rashid Shaheed,00-0037545,WR,car,0.835,0.0,0.0,0.0,1.0,3.0
2025_14_SEA_ATL,SEA,ATL,Rashid Shaheed,00-0037545,WR,rush_yds,5.128,0.0,0.0,0.0,2.845,17.058
2025_14_SEA_ATL,SEA,ATL,Rashid Shaheed,00-0037545,WR,tgt,4.413,1.0,2.0,4.0,6.0,8.0
2025_14_SEA_ATL,SEA,ATL,Rashid Shaheed,00-0037545,WR,rec,2.696,1.0,1.0,2.0,4.0,5.0
2025_14_SEA_ATL,SEA,ATL,Rashid Shaheed,00-0037545,WR,rec_yds,32.502,0.0,11.415,26.178,47.044,71.439
2025_14_SEA_ATL,SEA,ATL,Rashid Shaheed,00-0037545,WR,anytime_td,0.19,0.0,0.0,0.0,0.0,1.0
2025_14_SEA_ATL,SEA,ATL,Zach Charbonnet,00-0039165,RB,car,10.79,4.0,7.0,10.0,14.0,18.0
2025_14_SEA_ATL,SEA,ATL,Zach Charbonnet,00-0039165,RB,rush_yds,46.192,10.591,21.442,39.665,62.187,91.001
2025_14_SEA_ATL,SEA,ATL,Zach Charbonnet,00-0039165,RB,tgt,1.027,0.0,0.0,1.0,2.0,3.0
2025_14_SEA_ATL,SEA,ATL,Zach Charbonnet,00-0039165,RB,rec,0.845,0.0,0.0,0.0,1.0,2.0
2025_14_SEA_ATL,SEA,ATL,Zach Charbonnet,00-0039165,RB,rec_yds,5.99,0.0,0.0,0.0,8.783,18.451
2025_14_SEA_ATL,SEA,ATL,Zach Charbonnet,00-0039165,RB,anytime_td,0.529,0.0,0.0,1.0,1.0,1.0
2025_14_SEA_ATL,SEA,ATL,Elijah Arroyo,00-0040739,TE,car,0.002,0.0,0.0,0.0,0.0,0.0
2025_14_SEA_ATL,SEA,ATL,Elijah Arroyo,00-0040739,TE,rush_yds,0.007,0.0,0.0,0.0,0.0,0.0
2025_14_SEA_ATL,SEA,ATL,Elijah Arroyo,00-0040739,TE,tgt,1.948,0.0,1.0,2.0,3.0,4.0
2025_14_SEA_ATL,SEA,ATL,Elijah Arroyo,00-0040739,TE,rec,1.344,0.0,0.0,1.0,2.0,3.0
2025_14_SEA_ATL,SEA,ATL,Elijah Arroyo,00-0040739,TE,rec_yds,13.742,0.0,0.0,8.479,21.188,35.789
2025_14_SEA_ATL,SEA,ATL,Elijah Arroyo,00-0040739,TE,anytime_td,0.115,0.0,0.0,0.0,0.0,1.0
2025_14_SEA_ATL,SEA,ATL,Velus Jones Jr.,00-0037745,RB,car,0.945,0.0,0.0,0.0,1.0,3.0
2025_14_SEA_ATL,SEA,ATL,Velus Jones Jr.,00-0037745,RB,rush_yds,4.193,0.0,0.0,0.0,3.849,14.311
2025_14_SEA_ATL,SEA,ATL,Velus Jones Jr.,00-0037745,RB,tgt,0.252,0.0,0.0,0.0,0.0,1.0
2025_14_SEA_ATL,SEA,ATL,Velus Jones Jr.,00-0037745,RB,rec,0.199,0.0,0.0,0.0,0.0,1.0
2025_14_SEA_ATL,SEA,ATL,Velus Jones Jr.,00-0037745,RB,rec_yds,1.423,0.0,0.0,0.0,0.0,4.832
2025_14_SEA_ATL,SEA,ATL,Velus Jones Jr.,00-0037745,RB,anytime_td,0.042,0.0,0.0,0.0,0.0,0.0
2025_14_SEA_ATL,SEA,ATL,Cody White,00-0035891,WR,car,0.019,0.0,0.0,0.0,0.0,0.0
2025_14_SEA_ATL,SEA,ATL,Cody White,00-0035891,WR,rush_yds,0.133,0.0,0.0,0.0,0.0,0.0
2025_14_SEA_ATL,SEA,ATL,Cody White,00-0035891,WR,tgt,1.662,0.0,0.0,1.0,2.0,4.0
2025_14_SEA_ATL,SEA,ATL,Cody White,00-0035891,WR,rec,1.089,0.0,0.0,1.0,2.0,3.0
2025_14_SEA_ATL,SEA,ATL,Cody White,00-0035891,WR,rec_yds,15.392,0.0,0.0,7.613,22.838,43.277
2025_14_SEA_ATL,SEA,ATL,Cody White,00-0035891,WR,anytime_td,0.153,0.0,0.0,0.0,0.0,1.0
2025_14_TEN_CLE,CLE,TEN,Shedeur Sanders,00-0040668,QB,att,27.788,18.0,24.0,29.0,33.0,38.0
2025_14_TEN_CLE,CLE,TEN,Shedeur Sanders,00-0040668,QB,cmp,17.426,11.0,14.0,18.0,21.0,25.0
2025_14_TEN_CLE,CLE,TEN,Shedeur Sanders,00-0040668,QB,pass_yds,193.753,114.373,154.222,194.821,238.313,279.141
2025_14_TEN_CLE,CLE,TEN,Shedeur Sanders,00-0040668,QB,pass_td,1.119,0.0,0.0,1.0,2.0,2.0
2025_14_TEN_CLE,CLE,TEN,Shedeur Sanders,00-0040668,QB,ints,0.564,0.0,0.0,0.0,1.0,2.0
2025_14_TEN_CLE,CLE,TEN,Shedeur Sanders,00-0040668,QB,car,2.614,0.0,1.0,2.0,4.0,5.0
2025_14_TEN_CLE,CLE,TEN,Shedeur Sanders,00-0040668,QB,rush_yds,11.336,-1.0,0.0,7.677,18.324,30.06
2025_14_TEN_CLE,CLE,TEN,Shedeur Sanders,00-0040668,QB,tgt,0.0,0.0,0.0,0.0,0.0,0.0
2025_14_TEN_CLE,CLE,TEN,Shedeur Sanders,00-0040668,QB,rec,0.0,0.0,0.0,0.0,0.0,0.0
2025_14_TEN_CLE,CLE,TEN,Shedeur Sanders,00-0040668,QB,rec_yds,0.0,0.0,0.0,0.0,0.0,0.0
2025_14_TEN_CLE,CLE,TEN,Shedeur Sanders,00-0040668,QB,anytime_td,0.006,0.0,0.0,0.0,0.0,0.0
2025_14_TEN_CLE,CLE,TEN,Harold Fannin Jr.,00-0040663,TE,car,0.461,0.0,0.0,0.0,0.0,2.0
2025_14_TEN_CLE,CLE,TEN,Harold Fannin Jr.,00-0040663,TE,rush_yds,1.072,0.0,0.0,0.0,0.0,3.232
2025_14_TEN_CLE,CLE,TEN,Harold Fannin Jr.,00-0040663,TE,tgt,5.477,2.0,3.0,5.0,7.0,9.0
2025_14_TEN_CLE,CLE,TEN,Harold Fannin Jr.,00-0040663,TE,rec,3.79,1.0,2.0,3.0,5.0,7.0
2025_14_TEN_CLE,CLE,TEN,Harold Fannin Jr.,00-0040663,TE,rec_yds,41.91,9.052,19.793,36.498,58.001,82.53
2025_14_TEN_CLE,CLE,TEN,Harold Fannin Jr.,00-0040663,TE,anytime_td,0.248,0.0,0.0,0.0,0.0,1.0
2025_14_TEN_CLE,CLE,TEN,Jerry Jeudy,00-0036407,WR,car,0.007,0.0,0.0,0.0,0.0,0.0
2025_14_TEN_CLE,CLE,TEN,Jerry Jeudy,00-0036407,WR,rush_yds,0.038,0.0,0.0,0.0,0.0,0.0
2025_14_TEN_CLE,CLE,TEN,Jerry Jeudy,00-0036407,WR,tgt,5.847,2.0,4.0,6.0,8.0,10.0
2025_14_TEN_CLE,CLE,TEN,Jerry Jeudy,00-0036407,WR,rec,3.2,1.0,2.0,3.0,4.0,6.0
2025_14_TEN_CLE,CLE,TEN,Jerry Jeudy,00-0036407,WR,rec_yds,42.223,6.177,17.559,36.53,60.423,86.48
2025_14_TEN_CLE,CLE,TEN,Jerry Jeudy,00-0036407,WR,anytime_td,0.166,0.0,0.0,0.0,0.0,1.0
2025_14_TEN_CLE,CLE,TEN,Cedric Tillman,00-0038979,WR,car,0.015,0.0,0.0,0.0,0.0,0.0
2025_14_TEN_CLE,CLE,TEN,Cedric Tillman,00-0038979,WR,rush_yds,0.091,0.0,0.0,0.0,0.0,0.0
2025_14_TEN_CLE,CLE,TEN,Cedric Tillman,00-0038979,WR,tgt,3.367,1.0,2.0,3.0,5.0,6.0
2025_14_TEN_CLE,CLE,TEN,Cedric Tillman,00-0038979,WR,rec,2.008,0.0,1.0,2.0,3.0,4.0
2025_14_TEN_CLE,CLE,TEN,Cedric Tillman,00-0038979,WR,rec_yds,25.885,0.0,6.151,19.603,38.332,60.292
2025_14_TEN_CLE,CLE,TEN,Cedric Tillman,00-0038979,WR,anytime_td,0.16,0.0,0.0,0.0,0.0,1.0
2025_14_TEN_CLE,CLE,TEN,Isaiah Bond,00-0040782,WR,car,0.347,0.0,0.0,0.0,0.0,1.0
2025_14_TEN_CLE,CLE,TEN,Isaiah Bond,00-0040782,WR,rush_yds,1.859,0.0,0.0,0.0,0.0,4.433
2025_14_TEN_CLE,CLE,TEN,Isaiah Bond,00-0040782,WR,tgt,2.719,0.0,1.0,2.0,4.0,5.0
2025_14_TEN_CLE,CLE,TEN,Isaiah Bond,00-0040782,WR,rec,1.544,0.0,0.0,1.0,2.0,3.0
2025_14_TEN_CLE,CLE,TEN,Isaiah Bond,00-0040782,WR,rec_yds,21.602,0.0,0.0,14.616,32.863,55.243
2025_14_TEN_CLE,CLE,TEN,Isaiah Bond,00-0040782,WR,anytime_td,0.072,0.0,0.0,0.0,0.0,0.0
2025_14_TEN_CLE,CLE,TEN,Quinshon Judkins,00-0040784,RB,car,17.955,10.0,13.0,17.0,22.0,27.0
2025_14_TEN_CLE,CLE,TEN,Quinshon Judkins,00-0040784,RB,rush_yds,71.164,28.383,43.786,64.906,92.201,122.592
2025_14_TEN_CLE,CLE,TEN,Quinshon Judkins,00-0040784,RB,tgt,1.787,0.0,1.0,1.0,3.0,4.0
2025_14_TEN_CLE,CLE,TEN,Quinshon Judkins,00-0040784,RB,rec,1.395,0.0,0.0,1.0,2.0,3.0
2025_14_TEN_CLE,CLE,TEN,Quinshon Judkins,00-0040784,RB,rec_yds,10.191,0.0,0.0,5.498,15.269,28.582
2025_14_TEN_CLE,CLE,TEN,Quinshon Judkins,00-0040784,RB,anytime_td,0.474,0.0,0.0,0.0,1.0,1.0
2025_14_TEN_CLE,CLE,TEN,Gage Larvadain,00-0040259,WR,car,0.011,0.0,0.0,0.0,0.0,0.0
2025_14_TEN_CLE,CLE,TEN,Gage Larvadain,00-0040259,WR,rush_yds,0.076,0.0,0.0,0.0,0.0,0.0
2025_14_TEN_CLE,CLE,TEN,Gage Larvadain,00-0040259,WR,tgt,1.217,0.0,0.0,1.0,2.0,3.0
2025_14_TEN_CLE,CLE,TEN,Gage Larvadain,00-0040259,WR,rec,0.752,0.0,0.0,0.0,1.0,2.0
2025_14_TEN_CLE,CLE,TEN,Gage Larvadain,00-0040259,WR,rec_yds,10.166,0.0,0.0,0.0,14.952,31.484
2025_14_TEN_CLE,CLE,TEN,Gage Larvadain,00-0040259,WR,anytime_td,0.021,0.0,0.0,0.0,0.0,0.0
2025_14_TEN_CLE,CLE,TEN,Dylan Sampson,00-0040162,RB,car,3.524,0.0,1.0,3.0,5.0,8.0
2025_14_TEN_CLE,CLE,TEN,Dylan Sampson,00-0040162,RB,rush_yds,14.344,0.0,1.629,8.201,20.672,37.174
2025_14_TEN_CLE,CLE,TEN,Dylan Sampson,00-0040162,RB,tgt,1.735,0.0,1.0,1.0,3.0,4.0
2025_14_TEN_CLE,CLE,TEN,Dylan Sampson,00-0040162,RB,rec,1.338,0.0,0.0,1.0,2.0,3.0
2025_14_TEN_CLE,CLE,TEN,Dylan Sampson,00-0040162,RB,rec_yds,11.549,0.0,0.0,6.29,17.663,32.44
2025_14_TEN_CLE,CLE,TEN,Dylan Sampson,00-0040162,RB,anytime_td,0.167,0.0,0.0,0.0,0.0,1.0
2025_14_TEN_CLE,CLE,TEN,Jerome Ford,00-0037267,RB,car,2.026,0.0,0.0,1.0,3.0,5.0
2025_14_TEN_CLE,CLE,TEN,Jerome Ford,00-0037267,RB,rush_yds,8.443,0.0,0.0,2.952,11.525,24.701
2025_14_TEN_CLE,CLE,TEN,Jerome Ford,00-0037267,RB,tgt,1.84,0.0,1.0,1.0,3.0,4.0
2025_14_TEN_CLE,CLE,TEN,Jerome Ford,00-0037267,RB,rec,1.466,0.0,0.0,1.0,2.0,3.0
2025_14_TEN_CLE,CLE,TEN,Jerome Ford,00-0037267,RB,rec_yds,10.332,0.0,0.0,5.87,15.768,27.972
2025_14_TEN_CLE,CLE,TEN,Jerome Ford,00-0037267,RB,anytime_td,0.082,0.0,0.0,0.0,0.0,0.0
2025_14_TEN_CLE,CLE,TEN,David Njoku,00-0033885,TE,car,0.004,0.0,0.0,0.0,0.0,0.0
2025_14_TEN_CLE,CLE,TEN,David Njoku,00-0033885,TE,rush_yds,0.007,0.0,0.0,0.0,0.0,0.0
2025_14_TEN_CLE,CLE,TEN,David Njoku,00-0033885,TE,tgt,3.459,1.0,2.0,3.0,5.0,7.0
2025_14_TEN_CLE,CLE,TEN,David Njoku,00-0033885,TE,rec,2.472,0.0,1.0,2.0,4.0,5.0
2025_14_TEN_CLE,CLE,TEN,David Njoku,00-0033885,TE,rec_yds,24.917,0.0,7.931,19.993,36.048,54.934
2025_14_TEN_CLE,CLE,TEN,David Njoku,00-0033885,TE,anytime_td,0.208,0.0,0.0,0.0,0.0,1.0
2025_14_TEN_CLE,CLE,TEN,Malachi Corley,00-0039920,WR,car,0.757,0.0,0.0,0.0,1.0,2.0
2025_14_TEN_CLE,CLE,TEN,Malachi Corley,00-0039920,WR,rush_yds,4.41,0.0,0.0,0.0,1.962,14.826
2025_14_TEN_CLE,CLE,TEN,Malachi Corley,00-0039920,WR,tgt,0.821,0.0,0.0,0.0,1.0,2.0
2025_14_TEN_CLE,CLE,TEN,Malachi Corley,00-0039920,WR,rec,0.535,0.0,0.0,0.0,1.0,2.0
2025_14_TEN_CLE,CLE,TEN,Malachi Corley,00-0039920,WR,rec_yds,6.91,0.0,0.0,0.0,8.958,23.378
2025_14_TEN_CLE,CLE,TEN,Malachi Corley,00-0039920,WR,anytime_td,0.023,0.0,0.0,0.0,0.0,0.0
2025_14_TEN_CLE,TEN,CLE,Cam Ward,00-0040676,QB,att,29.054,19.0,25.0,30.0,35.0,39.0
2025_14_TEN_CLE,TEN,CLE,Cam Ward,00-0040676,QB,cmp,17.504,11.0,14.0,18.0,21.0,25.0
2025_14_TEN_CLE,TEN,CLE,Cam Ward,00-0040676,QB,pass_yds,173.352,100.146,135.754,172.129,212.87,253.471
2025_14_TEN_CLE,TEN,CLE,Cam Ward,00-0040676,QB,pass_td,0.877,0.0,0.0,1.0,1.0,2.0
2025_14_TEN_CLE,TEN,CLE,Cam Ward,00-0040676,QB,ints,0.63,0.0,0.0,0.0,1.0,2.0
2025_14_TEN_CLE,TEN,CLE,Cam Ward,00-0040676,QB,car,2.684,0.0,1.0,2.0,4.0,5.0
2025_14_TEN_CLE,TEN,CLE,Cam Ward,00-0040676,QB,rush_yds,12.312,-0.013,0.835,8.93,18.879,30.803
2025_14_TEN_CLE,TEN,CLE,Cam Ward,00-0040676,QB,tgt,0.001,0.0,0.0,0.0,0.0,0.0
2025_14_TEN_CLE,TEN,CLE,Cam Ward,00-0040676,QB,rec,0.001,0.0,0.0,0.0,0.0,0.0
2025_14_TEN_CLE,TEN,CLE,Cam Ward,00-0040676,QB,rec_yds,0.002,0.0,0.0,0.0,0.0,0.0
2025_14_TEN_CLE,TEN,CLE,Cam Ward,00-0040676,QB,anytime_td,0.105,0.0,0.0,0.0,0.0,1.0
2025_14_TEN_CLE,TEN,CLE,Elic Ayomanor,00-0040170,WR,car,0.011,0.0,0.0,0.0,0.0,0.0
2025_14_TEN_CLE,TEN,CLE,Elic Ayomanor,00-0040170,WR,rush_yds,0.051,0.0,0.0,0.0,0.0,0.0
2025_14_TEN_CLE,TEN,CLE,Elic Ayomanor,00-0040170,WR,tgt,5.484,2.0,3.0,5.0,7.0,9.0
2025_14_TEN_CLE,TEN,CLE,Elic Ayomanor,00-0040170,WR,rec,2.7,0.0,1.0,2.0,4.0,5.0
2025_14_TEN_CLE,TEN,CLE,Elic Ayomanor,00-0040170,WR,rec_yds,32.757,0.0,11.445,27.023,47.354,70.74
2025_14_TEN_CLE,TEN,CLE,Elic Ayomanor,00-0040170,WR,anytime_td,0.153,0.0,0.0,0.0,0.0,1.0
2025_14_TEN_CLE,TEN,CLE,Van Jefferson,00-0036415,WR,car,0.013,0.0,0.0,0.0,0.0,0.0
2025_14_TEN_CLE,TEN,CLE,Van Jefferson,00-0036415,WR,rush_yds,0.063,0.0,0.0,0.0,0.0,0.0
2025_14_TEN_CLE,TEN,CLE,Van Jefferson,00-0036415,WR,tgt,3.414,1.0,2.0,3.0,5.0,6.0
2025_14_TEN_CLE,TEN,CLE,Van Jefferson,00-0036415,WR,rec,1.869,0.0,1.0,2.0,3.0,4.0
2025_14_TEN_CLE,TEN,CLE,Van Jefferson,00-0036415,WR,rec_yds,22.262,0.0,4.518,16.131,33.381,53.122
2025_14_TEN_CLE,TEN,CLE,Van Jefferson,00-0036415,WR,anytime_td,0.13,0.0,0.0,0.0,0.0,1.0
2025_14_TEN_CLE,TEN,CLE,Chimere Dike,00-0040705,WR,car,0.747,0.0,0.0,0.0,1.0,2.0
2025_14_TEN_CLE,TEN,CLE,Chimere Dike,00-0040705,WR,rush_yds,3.48,0.0,0.0,0.0,1.735,12.271
2025_14_TEN_CLE,TEN,CLE,Chimere Dike,00-0040705,WR,tgt,3.988,1.0,2.0,4.0,5.0,7.0
2025_14_TEN_CLE,TEN,CLE,Chimere Dike,00-0040705,WR,rec,2.3,0.0,1.0,2.0,3.0,5.0
2025_14_TEN_CLE,TEN,CLE,Chimere Dike,00-0040705,WR,rec_yds,26.452,0.0,7.839,21.091,38.604,60.279
2025_14_TEN_CLE,TEN,CLE,Chimere Dike,00-0040705,WR,anytime_td,0.197,0.0,0.0,0.0,0.0,1.0
2025_14_TEN_CLE,TEN,CLE,Gunnar Helm,00-0040584,TE,car,0.003,0.0,0.0,0.0,0.0,0.0
2025_14_TEN_CLE,TEN,CLE,Gunnar Helm,00-0040584,TE,rush_yds,0.005,0.0,0.0,0.0,0.0,0.0
2025_14_TEN_CLE,TEN,CLE,Gunnar Helm,00-0040584,TE,tgt,4.189,1.0,2.0,4.0,6.0,8.0
2025_14_TEN_CLE,TEN,CLE,Gunnar Helm,00-0040584,TE,rec,2.924,1.0,1.0,3.0,4.0,6.0
2025_14_TEN_CLE,TEN,CLE,Gunnar Helm,00-0040584,TE,rec_yds,26.785,1.831,9.868,22.629,38.907,56.319
2025_14_TEN_CLE,TEN,CLE,Gunnar Helm,00-0040584,TE,anytime_td,0.128,0.0,0.0,0.0,0.0,1.0
2025_14_TEN_CLE,TEN,CLE,Tony Pollard,00-0035261,RB,car,14.403,7.0,10.0,14.0,18.0,22.0
2025_14_TEN_CLE,TEN,CLE,Tony Pollard,00-0035261,RB,rush_yds,51.599,17.314,28.994,46.131,68.315,93.032
2025_14_TEN_CLE,TEN,CLE,Tony Pollard,00-0035261,RB,tgt,2.869,1.0,1.0,2.0,4.0,6.0
2025_14_TEN_CLE,TEN,CLE,Tony Pollard,00-0035261,RB,rec,2.076,0.0,1.0,2.0,3.0,4.0
2025_14_TEN_CLE,TEN,CLE,Tony Pollard,00-0035261,RB,rec_yds,14.054,0.0,2.041,10.027,20.894,34.768
2025_14_TEN_CLE,TEN,CLE,Tony Pollard,00-0035261,RB,anytime_td,0.21,0.0,0.0,0.0,0.0,1.0
2025_14_TEN_CLE,TEN,CLE,Chig Okonkwo,00-0037809,TE,car,0.018,0.0,0.0,0.0,0.0,0.0
2025_14_TEN_CLE,TEN,CLE,Chig Okonkwo,00-0037809,TE,rush_yds,0.035,0.0,0.0,0.0,0.0,0.0
2025_14_TEN_CLE,TEN,CLE,Chig Okonkwo,00-0037809,TE,tgt,4.107,1.0,2.0,4.0,6.0,8.0
2025_14_TEN_CLE,TEN,CLE,Chig Okonkwo,00-0037809,TE,rec,2.806,1.0,1.0,2.0,4.0,5.0
2025_14_TEN_CLE,TEN,CLE,Chig Okonkwo,00-0037809,TE,rec_yds,29.069,0.909,10.581,23.858,41.927,62.051
2025_14_TEN_CLE,TEN,CLE,Chig Okonkwo,00-0037809,TE,anytime_td,0.068,0.0,0.0,0.0,0.0,0.0
2025_14_TEN_CLE,TEN,CLE,Tyjae Spears,00-0039032,RB,car,6.314,2.0,3.0,6.0,9.0,12.0
2025_14_TEN_CLE,TEN,CLE,Tyjae Spears,00-0039032,RB,rush_yds,22.722,2.323,7.399,17.085,31.865,50.272
2025_14_TEN_CLE,TEN,CLE,Tyjae Spears,00-0039032,RB,tgt,3.805,1.0,2.0,3.0,5.0,7.0
2025_14_TEN_CLE,TEN,CLE,Tyjae Spears,00-0039032,RB,rec,2.913,1.0,1.0,3.0,4.0,6.0
2025_14_TEN_CLE,TEN,CLE,Tyjae Spears,00-0039032,RB,rec_yds,20.075,0.0,6.246,16.048,28.982,44.935
2025_14_TEN_CLE,TEN,CLE,Tyjae Spears,00-0039032,RB,anytime_td,0.187,0.0,0.0,0.0,0.0,1.0
2025_14_TEN_CLE,TEN,CLE,James Proche,00-0036133,WR,car,0.015,0.0,0.0,0.0,0.0,0.0
2025_14_TEN_CLE,TEN,CLE,James Proche,00-0036133,WR,rush_yds,0.071,0.0,0.0,0.0,0.0,0.0
2025_14_TEN_CLE,TEN,CLE,James Proche,00-0036133,WR,tgt,1.037,0.0,0.0,1.0,2.0,3.0
2025_14_TEN_CLE,TEN,CLE,James Proche,00-0036133,WR,rec,0.634,0.0,0.0,0.0,1.0,2.0
2025_14_TEN_CLE,TEN,CLE,James Proche,00-0036133,WR,rec_yds,8.034,0.0,0.0,0.0,11.38,26.231
2025_14_TEN_CLE,TEN,CLE,James Proche,00-0036133,WR,anytime_td,0.016,0.0,0.0,0.0,0.0,0.0
2025_14_TEN_CLE,TEN,CLE,Mason Kinsey,00-0036176,WR,car,0.011,0.0,0.0,0.0,0.0,0.0
2025_14_TEN_CLE,TEN,CLE,Mason Kinsey,00-0036176,WR,rush_yds,0.079,0.0,0.0,0.0,0.0,0.0
2025_14_TEN_CLE,TEN,CLE,Mason Kinsey,00-0036176,WR,tgt,0.677,0.0,0.0,0.0,1.0,2.0
2025_14_TEN_CLE,TEN,CLE,Mason Kinsey,00-0036176,WR,rec,0.362,0.0,0.0,0.0,1.0,1.0
2025_14_TEN_CLE,TEN,CLE,Mason Kinsey,00-0036176,WR,rec_yds,4.587,0.0,0.0,0.0,3.105,16.78
2025_14_TEN_CLE,TEN,CLE,Mason Kinsey,00-0036176,WR,anytime_td,0.007,0.0,0.0,0.0,0.0,0.0
2025_14_WAS_MIN,MIN,WAS,J.J. McCarthy,00-0039923,QB,att,30.028,20.0,26.0,31.0,36.0,40.0
2025_14_WAS_MIN,MIN,WAS,J.J. McCarthy,00-0039923,QB,cmp,19.405,12.0,16.0,20.0,23.0,27.0
2025_14_WAS_MIN,MIN,WAS,J.J. McCarthy,00-0039923,QB,pass_yds,208.362,125.413,166.067,207.962,253.441,298.797
2025_14_WAS_MIN,MIN,WAS,J.J. McCarthy,00-0039923,QB,pass_td,1.38,0.0,1.0,1.0,2.0,3.0
2025_14_WAS_MIN,MIN,WAS,J.J. McCarthy,00-0039923,QB,ints,0.83,0.0,0.0,1.0,1.0,2.0
2025_14_WAS_MIN,MIN,WAS,J.J. McCarthy,00-0039923,QB,car,3.533,1.0,2.0,3.0,5.0,7.0
2025_14_WAS_MIN,MIN,WAS,J.J. McCarthy,00-0039923,QB,rush_yds,16.773,0.0,3.196,12.47,24.941,40.528
2025_14_WAS_MIN,MIN,WAS,J.J. McCarthy,00-0039923,QB,tgt,0.001,0.0,0.0,0.0,0.0,0.0
2025_14_WAS_MIN,MIN,WAS,J.J. McCarthy,00-0039923,QB,rec,0.001,0.0,0.0,0.0,0.0,0.0
2025_14_WAS_MIN,MIN,WAS,J.J. McCarthy,00-0039923,QB,rec_yds,0.011,0.0,0.0,0.0,0.0,0.0
2025_14_WAS_MIN,MIN,WAS,J.J. McCarthy,00-0039923,QB,anytime_td,0.165,0.0,0.0,0.0,0.0,1.0
2025_14_WAS_MIN,MIN,WAS,Justin Jefferson,00-0036322,WR,car,0.042,0.0,0.0,0.0,0.0,0.0
2025_14_WAS_MIN,MIN,WAS,Justin Jefferson,00-0036322,WR,rush_yds,0.248,0.0,0.0,0.0,0.0,0.0
2025_14_WAS_MIN,MIN,WAS,Justin Jefferson,00-0036322,WR,tgt,8.017,4.0,6.0,8.0,10.0,13.0
2025_14_WAS_MIN,MIN,WAS,Justin Jefferson,00-0036322,WR,rec,4.928,2.0,3.0,5.0,6.0,8.0
2025_14_WAS_MIN,MIN,WAS,Justin Jefferson,00-0036322,WR,rec_yds,61.378,17.689,32.819,56.14,83.285,112.574
2025_14_WAS_MIN,MIN,WAS,Justin Jefferson,00-0036322,WR,anytime_td,0.232,0.0,0.0,0.0,0.0,1.0
2025_14_WAS_MIN,MIN,WAS,Jordan Addison,00-0038994,WR,car,0.093,0.0,0.0,0.0,0.0,0.0
2025_14_WAS_MIN,MIN,WAS,Jordan Addison,00-0038994,WR,rush_yds,0.547,0.0,0.0,0.0,0.0,0.0
2025_14_WAS_MIN,MIN,WAS,Jordan Addison,00-0038994,WR,tgt,6.242,3.0,4.0,6.0,8.0,10.0
2025_14_WAS_MIN,MIN,WAS,Jordan Addison,00-0038994,WR,rec,3.589,1.0,2.0,3.0,5.0,6.0
2025_14_WAS_MIN,MIN,WAS,Jordan Addison,00-0038994,WR,rec_yds,45.81,8.128,21.041,39.888,64.697,90.862
2025_14_WAS_MIN,MIN,WAS,Jordan Addison,00-0038994,WR,anytime_td,0.311,0.0,0.0,0.0,1.0,1.0
2025_14_WAS_MIN,MIN,WAS,Josh Oliver,00-0035249,TE,car,0.001,0.0,0.0,0.0,0.0,0.0
2025_14_WAS_MIN,MIN,WAS,Josh Oliver,00-0035249,TE,rush_yds,0.003,0.0,0.0,0.0,0.0,0.0
2025_14_WAS_MIN,MIN,WAS,Josh Oliver,00-0035249,TE,tgt,0.911,0.0,0.0,1.0,1.0,2.0
2025_14_WAS_MIN,MIN,WAS,Josh Oliver,00-0035249,TE,rec,0.682,0.0,0.0,0.0,1.0,2.0
2025_14_WAS_MIN,MIN,WAS,Josh Oliver,00-0035249,TE,rec_yds,6.948,0.0,0.0,0.0,10.057,22.86
2025_14_WAS_MIN,MIN,WAS,Josh Oliver,00-0035249,TE,anytime_td,0.101,0.0,0.0,0.0,0.0,1.0
2025_14_WAS_MIN,MIN,WAS,Jalen Nailor,00-0037291,WR,car,0.054,0.0,0.0,0.0,0.0,0.0
2025_14_WAS_MIN,MIN,WAS,Jalen Nailor,00-0037291,WR,rush_yds,0.332,0.0,0.0,0.0,0.0,0.0
2025_14_WAS_MIN,MIN,WAS,Jalen Nailor,00-0037291,WR,tgt,2.682,0.0,1.0,2.0,4.0,5.0
2025_14_WAS_MIN,MIN,WAS,Jalen Nailor,00-0037291,WR,rec,1.657,0.0,1.0,1.0,2.0,4.0
2025_14_WAS_MIN,MIN,WAS,Jalen Nailor,00-0037291,WR,rec_yds,22.837,0.0,0.0,15.818,34.318,57.531
2025_14_WAS_MIN,MIN,WAS,Jalen Nailor,00-0037291,WR,anytime_td,0.176,0.0,0.0,0.0,0.0,1.0
2025_14_WAS_MIN,MIN,WAS,T.J. Hockenson,00-0035229,TE,car,0.11,0.0,0.0,0.0,0.0,0.0
2025_14_WAS_MIN,MIN,WAS,T.J. Hockenson,00-0035229,TE,rush_yds,0.271,0.0,0.0,0.0,0.0,0.0
2025_14_WAS_MIN,MIN,WAS,T.J. Hockenson,00-0035229,TE,tgt,4.628,2.0,3.0,4.0,6.0,8.0
2025_14_WAS_MIN,MIN,WAS,T.J. Hockenson,00-0035229,TE,rec,3.543,1.0,2.0,3.0,5.0,7.0
2025_14_WAS_MIN,MIN,WAS,T.J. Hockenson,00-0035229,TE,rec_yds,34.645,5.534,15.177,29.554,49.179,71.473
2025_14_WAS_MIN,MIN,WAS,T.J. Hockenson,00-0035229,TE,anytime_td,0.184,0.0,0.0,0.0,0.0,1.0
2025_14_WAS_MIN,MIN,WAS,Aaron Jones,00-0033293,RB,car,8.761,3.0,5.0,8.0,12.0,15.0
2025_14_WAS_MIN,MIN,WAS,Aaron Jones,00-0033293,RB,rush_yds,37.489,7.947,16.913,31.287,51.524,74.985
2025_14_WAS_MIN,MIN,WAS,Aaron Jones,00-0033293,RB,tgt,3.986,1.0,2.0,4.0,5.0,7.0
2025_14_WAS_MIN,MIN,WAS,Aaron Jones,00-0033293,RB,rec,3.05,1.0,2.0,3.0,4.0,6.0
2025_14_WAS_MIN,MIN,WAS,Aaron Jones,00-0033293,RB,rec_yds,22.345,0.0,7.023,17.683,32.256,49.312
2025_14_WAS_MIN,MIN,WAS,Aaron Jones,00-0033293,RB,anytime_td,0.292,0.0,0.0,0.0,1.0,1.0
2025_14_WAS_MIN,MIN,WAS,Jordan Mason,00-0037525,RB,car,8.072,3.0,4.0,7.0,11.0,14.0
2025_14_WAS_MIN,MIN,WAS,Jordan Mason,00-0037525,RB,rush_yds,36.78,5.974,14.572,29.657,50.314,77.169
2025_14_WAS_MIN,MIN,WAS,Jordan Mason,00-0037525,RB,tgt,1.015,0.0,0.0,1.0,2.0,3.0
2025_14_WAS_MIN,MIN,WAS,Jordan Mason,00-0037525,RB,rec,0.825,0.0,0.0,0.0,1.0,2.0
2025_14_WAS_MIN,MIN,WAS,Jordan Mason,00-0037525,RB,rec_yds,5.794,0.0,0.0,0.0,8.288,18.672
2025_14_WAS_MIN,MIN,WAS,Jordan Mason,00-0037525,RB,anytime_td,0.247,0.0,0.0,0.0,0.0,1.0
2025_14_WAS_MIN,MIN,WAS,Tai Felton,00-0040154,WR,car,0.017,0.0,0.0,0.0,0.0,0.0
2025_14_WAS_MIN,MIN,WAS,Tai Felton,00-0040154,WR,rush_yds,0.089,0.0,0.0,0.0,0.0,0.0
2025_14_WAS_MIN,MIN,WAS,Tai Felton,00-0040154,WR,tgt,0.754,0.0,0.0,0.0,1.0,2.0
2025_14_WAS_MIN,MIN,WAS,Tai Felton,00-0040154,WR,rec,0.496,0.0,0.0,0.0,1.0,2.0
2025_14_WAS_MIN,MIN,WAS,Tai Felton,00-0040154,WR,rec_yds,6.324,0.0,0.0,0.0,7.708,22.592
2025_14_WAS_MIN,MIN,WAS,Tai Felton,00-0040154,WR,anytime_td,0.019,0.0,0.0,0.0,0.0,0.0
2025_14_WAS_MIN,MIN,WAS,Zavier Scott,00-0038440,RB,car,3.684,0.0,1.0,3.0,5.0,8.0
2025_14_WAS_MIN,MIN,WAS,Zavier Scott,00-0038440,RB,rush_yds,15.479,0.0,2.131,9.648,21.904,40.334
2025_14_WAS_MIN,MIN,WAS,Zavier Scott,00-0038440,RB,tgt,1.627,0.0,0.0,1.0,2.0,4.0
2025_14_WAS_MIN,MIN,WAS,Zavier Scott,00-0038440,RB,rec,1.329,0.0,0.0,1.0,2.0,3.0
2025_14_WAS_MIN,MIN,WAS,Zavier Scott,00-0038440,RB,rec_yds,9.94,0.0,0.0,4.939,15.179,28.269
2025_14_WAS_MIN,MIN,WAS,Zavier Scott,00-0038440,RB,anytime_td,0.167,0.0,0.0,0.0,0.0,1.0
2025_14_WAS_MIN,WAS,MIN,Zach Ertz,00-0030061,TE,car,0.003,0.0,0.0,0.0,0.0,0.0
2025_14_WAS_MIN,WAS,MIN,Zach Ertz,00-0030061,TE,rush_yds,0.005,0.0,0.0,0.0,0.0,0.0
2025_14_WAS_MIN,WAS,MIN,Zach Ertz,00-0030061,TE,tgt,6.018,2.0,4.0,6.0,8.0,10.0
2025_14_WAS_MIN,WAS,MIN,Zach Ertz,00-0030061,TE,rec,4.305,1.0,3.0,4.0,6.0,8.0
2025_14_WAS_MIN,WAS,MIN,Zach Ertz,00-0030061,TE,rec_yds,43.669,9.537,22.028,38.965,60.631,83.149
2025_14_WAS_MIN,WAS,MIN,Zach Ertz,00-0030061,TE,anytime_td,0.231,0.0,0.0,0.0,0.0,1.0
2025_14_WAS_MIN,WAS,MIN,John Bates,00-0036628,TE,car,0.001,0.0,0.0,0.0,0.0,0.0
2025_14_WAS_MIN,WAS,MIN,John Bates,00-0036628,TE,rush_yds,0.002,0.0,0.0,0.0,0.0,0.0
2025_14_WAS_MIN,WAS,MIN,John Bates,00-0036628,TE,tgt,1.305,0.0,0.0,1.0,2.0,3.0
2025_14_WAS_MIN,WAS,MIN,John Bates,00-0036628,TE,rec,0.926,0.0,0.0,1.0,1.0,2.0
2025_14_WAS_MIN,WAS,MIN,John Bates,00-0036628,TE,rec_yds,9.09,0.0,0.0,2.544,13.67,27.333
2025_14_WAS_MIN,WAS,MIN,John Bates,00-0036628,TE,anytime_td,0.023,0.0,0.0,0.0,0.0,0.0
2025_14_WAS_MIN,WAS,MIN,Noah Brown,00-0033591,WR,car,0.014,0.0,0.0,0.0,0.0,0.0
2025_14_WAS_MIN,WAS,MIN,Noah Brown,00-0033591,WR,rush_yds,0.081,0.0,0.0,0.0,0.0,0.0
2025_14_WAS_MIN,WAS,MIN,Noah Brown,00-0033591,WR,tgt,3.499,1.0,2.0,3.0,5.0,7.0
2025_14_WAS_MIN,WAS,MIN,Noah Brown,00-0033591,WR,rec,2.127,0.0,1.0,2.0,3.0,4.0
2025_14_WAS_MIN,WAS,MIN,Noah Brown,00-0033591,WR,rec_yds,26.341,0.0,6.839,20.155,39.092,61.547
2025_14_WAS_MIN,WAS,MIN,Noah Brown,00-0033591,WR,anytime_td,0.092,0.0,0.0,0.0,0.0,0.0
2025_14_WAS_MIN,WAS,MIN,Terry McLaurin,00-0035659,WR,car,0.019,0.0,0.0,0.0,0.0,0.0
2025_14_WAS_MIN,WAS,MIN,Terry McLaurin,00-0035659,WR,rush_yds,0.077,0.0,0.0,0.0,0.0,0.0
2025_14_WAS_MIN,WAS,MIN,Terry McLaurin,00-0035659,WR,tgt,5.637,2.0,4.0,5.0,7.0,10.0
2025_14_WAS_MIN,WAS,MIN,Terry McLaurin,00-0035659,WR,rec,3.469,1.0,2.0,3.0,5.0,6.0
2025_14_WAS_MIN,WAS,MIN,Terry McLaurin,00-0035659,WR,rec_yds,46.087,7.154,19.181,39.891,65.505,93.601
2025_14_WAS_MIN,WAS,MIN,Terry McLaurin,00-0035659,WR,anytime_td,0.355,0.0,0.0,0.0,1.0,1.0
2025_14_WAS_MIN,WAS,MIN,Deebo Samuel Sr.,00-0035719,WR,car,1.348,0.0,0.0,0.0,2.0,4.0
2025_14_WAS_MIN,WAS,MIN,Deebo Samuel Sr.,00-0035719,WR,rush_yds,6.807,0.0,0.0,0.0,8.545,22.277
2025_14_WAS_MIN,WAS,MIN,Deebo Samuel Sr.,00-0035719,WR,tgt,5.798,2.0,4.0,5.0,8.0,10.0
2025_14_WAS_MIN,WAS,MIN,Deebo Samuel Sr.,00-0035719,WR,rec,4.11,1.0,2.0,4.0,6.0,7.0
2025_14_WAS_MIN,WAS,MIN,Deebo Samuel Sr.,00-0035719,WR,rec_yds,44.905,9.142,21.109,38.737,62.754,87.954
2025_14_WAS_MIN,WAS,MIN,Deebo Samuel Sr.,00-0035719,WR,anytime_td,0.337,0.0,0.0,0.0,1.0,1.0
2025_14_WAS_MIN,WAS,MIN,Chris Rodriguez Jr.,00-0038611,RB,car,7.836,2.0,4.0,7.0,11.0,15.0
2025_14_WAS_MIN,WAS,MIN,Chris Rodriguez Jr.,00-0038611,RB,rush_yds,33.455,5.212,13.26,26.567,46.72,70.581
2025_14_WAS_MIN,WAS,MIN,Chris Rodriguez Jr.,00-0038611,RB,tgt,0.302,0.0,0.0,0.0,0.0,1.0
2025_14_WAS_MIN,WAS,MIN,Chris Rodriguez Jr.,00-0038611,RB,rec,0.231,0.0,0.0,0.0,0.0,1.0
2025_14_WAS_MIN,WAS,MIN,Chris Rodriguez Jr.,00-0038611,RB,rec_yds,1.709,0.0,0.0,0.0,0.0,6.537
2025_14_WAS_MIN,WAS,MIN,Chris Rodriguez Jr.,00-0038611,RB,anytime_td,0.276,0.0,0.0,0.0,1.0,1.0
2025_14_WAS_MIN,WAS,MIN,Treylon Burks,00-0037742,WR,car,0.089,0.0,0.0,0.0,0.0,0.0
2025_14_WAS_MIN,WAS,MIN,Treylon Burks,00-0037742,WR,rush_yds,0.498,0.0,0.0,0.0,0.0,0.0
2025_14_WAS_MIN,WAS,MIN,Treylon Burks,00-0037742,WR,tgt,2.188,0.0,1.0,2.0,3.0,5.0
2025_14_WAS_MIN,WAS,MIN,Treylon Burks,00-0037742,WR,rec,1.377,0.0,0.0,1.0,2.0,3.0
2025_14_WAS_MIN,WAS,MIN,Treylon Burks,00-0037742,WR,rec_yds,17.542,0.0,0.0,10.405,26.583,46.731
2025_14_WAS_MIN,WAS,MIN,Treylon Burks,00-0037742,WR,anytime_td,0.168,0.0,0.0,0.0,0.0,1.0
2025_14_WAS_MIN,WAS,MIN,Jeremy McNichols,00-0033955,RB,car,3.447,0.0,1.0,2.0,5.0,8.0
2025_14_WAS_MIN,WAS,MIN,Jeremy McNichols,00-0033955,RB,rush_yds,14.96,0.0,0.959,8.523,21.667,39.508
2025_14_WAS_MIN,WAS,MIN,Jeremy McNichols,00-0033955,RB,tgt,1.679,0.0,0.0,1.0,2.0,4.0
2025_14_WAS_MIN,WAS,MIN,Jeremy McNichols,00-0033955,RB,rec,1.344,0.0,0.0,1.0,2.0,3.0
2025_14_WAS_MIN,WAS,MIN,Jeremy McNichols,00-0033955,RB,rec_yds,9.97,0.0,0.0,5.16,14.816,27.706
2025_14_WAS_MIN,WAS,MIN,Jeremy McNichols,00-0033955,RB,anytime_td,0.101,0.0,0.0,0.0,0.0,1.0
2025_14_WAS_MIN,WAS,MIN,Marcus Mariota,00-0032268,QB,att,29.547,20.0,25.0,30.0,35.0,39.0
2025_14_WAS_MIN,WAS,MIN,Marcus Mariota,00-0032268,QB,cmp,19.168,12.0,16.0,19.0,23.0,27.0
2025_14_WAS_MIN,WAS,MIN,Marcus Mariota,00-0032268,QB,pass_yds,212.697,128.875,170.911,213.195,257.639,301.76
2025_14_WAS_MIN,WAS,MIN,Marcus Mariota,00-0032268,QB,pass_td,1.416,0.0,1.0,1.0,2.0,3.0
2025_14_WAS_MIN,WAS,MIN,Marcus Mariota,00-0032268,QB,ints,0.612,0.0,0.0,0.0,1.0,2.0
2025_14_WAS_MIN,WAS,MIN,Marcus Mariota,00-0032268,QB,car,5.345,1.0,3.0,5.0,7.0,10.0
2025_14_WAS_MIN,WAS,MIN,Marcus Mariota,00-0032268,QB,rush_yds,24.211,0.117,7.818,19.583,35.381,53.847
2025_14_WAS_MIN,WAS,MIN,Marcus Mariota,00-0032268,QB,tgt,0.0,0.0,0.0,0.0,0.0,0.0
2025_14_WAS_MIN,WAS,MIN,Marcus Mariota,00-0032268,QB,rec,0.0,0.0,0.0,0.0,0.0,0.0
2025_14_WAS_MIN,WAS,MIN,Marcus Mariota,00-0032268,QB,rec_yds,0.002,0.0,0.0,0.0,0.0,0.0
2025_14_WAS_MIN,WAS,MIN,Marcus Mariota,00-0032268,QB,anytime_td,0.119,0.0,0.0,0.0,0.0,1.0
2025_14_WAS_MIN,WAS,MIN,Jacory Croskey-Merritt,00-0040242,RB,car,10.004,4.0,6.0,9.0,13.0,17.0
2025_14_WAS_MIN,WAS,MIN,Jacory Croskey-Merritt,00-0040242,RB,rush_yds,40.275,8.778,18.465,34.125,55.588,79.797
2025_14_WAS_MIN,WAS,MIN,Jacory Croskey-Merritt,00-0040242,RB,tgt,0.828,0.0,0.0,0.0,1.0,2.0
2025_14_WAS_MIN,WAS,MIN,Jacory Croskey-Merritt,00-0040242,RB,rec,0.644,0.0,0.0,0.0,1.0,2.0
2025_14_WAS_MIN,WAS,MIN,Jacory Croskey-Merritt,00-0040242,RB,rec_yds,4.468,0.0,0.0,0.0,6.109,15.364
2025_14_WAS_MIN,WAS,MIN,Jacory Croskey-Merritt,00-0040242,RB,anytime_td,0.204,0.0,0.0,0.0,0.0,1.0
2025_14_WAS_MIN,WAS,MIN,Jaylin Lane,00-0040164,WR,car,0.068,0.0,0.0,0.0,0.0,0.0
2025_14_WAS_MIN,WAS,MIN,Jaylin Lane,00-0040164,WR,rush_yds,0.36,0.0,0.0,0.0,0.0,0.0
2025_14_WAS_MIN,WAS,MIN,Jaylin Lane,00-0040164,WR,tgt,2.118,0.0,1.0,2.0,3.0,5.0
2025_14_WAS_MIN,WAS,MIN,Jaylin Lane,00-0040164,WR,rec,1.283,0.0,0.0,1.0,2.0,3.0
2025_14_WAS_MIN,WAS,MIN,Jaylin Lane,00-0040164,WR,rec_yds,16.693,0.0,0.0,9.745,25.431,45.888
2025_14_WAS_MIN,WAS,MIN,Jaylin Lane,00-0040164,WR,anytime_td,0.029,0.0,0.0,0.0,0.0,0.0
2025_14_PHI_LAC,LAC,PHI,Justin Herbert,00-0036355,QB,att,29.58,20.0,25.0,30.0,35.0,40.0
2025_14_PHI_LAC,LAC,PHI,Justin Herbert,00-0036355,QB,cmp,18.164,11.0,15.0,18.0,22.0,25.0
2025_14_PHI_LAC,LAC,PHI,Justin Herbert,00-0036355,QB,pass_yds,202.996,118.931,160.452,203.202,248.858,290.611
2025_14_PHI_LAC,LAC,PHI,Justin Herbert,00-0036355,QB,pass_td,1.262,0.0,0.0,1.0,2.0,3.0
2025_14_PHI_LAC,LAC,PHI,Justin Herbert,00-0036355,QB,ints,0.706,0.0,0.0,0.0,1.0,2.0
2025_14_PHI_LAC,LAC,PHI,Justin Herbert,00-0036355,QB,car,4.249,1.0,2.0,4.0,6.0,8.0
2025_14_PHI_LAC,LAC,PHI,Justin Herbert,00-0036355,QB,rush_yds,22.889,0.943,8.306,19.197,33.195,49.325
2025_14_PHI_LAC,LAC,PHI,Justin Herbert,00-0036355,QB,tgt,0.001,0.0,0.0,0.0,0.0,0.0
2025_14_PHI_LAC,LAC,PHI,Justin Herbert,00-0036355,QB,rec,0.001,0.0,0.0,0.0,0.0,0.0
2025_14_PHI_LAC,LAC,PHI,Justin Herbert,00-0036355,QB,rec_yds,0.003,0.0,0.0,0.0,0.0,0.0
2025_14_PHI_LAC,LAC,PHI,Justin Herbert,00-0036355,QB,anytime_td,0.099,0.0,0.0,0.0,0.0,0.0
2025_14_PHI_LAC,LAC,PHI,Ladd McConkey,00-0039915,WR,car,0.007,0.0,0.0,0.0,0.0,0.0
2025_14_PHI_LAC,LAC,PHI,Ladd McConkey,00-0039915,WR,rush_yds,0.035,0.0,0.0,0.0,0.0,0.0
2025_14_PHI_LAC,LAC,PHI,Ladd McConkey,00-0039915,WR,tgt,6.342,3.0,4.0,6.0,8.0,11.0
2025_14_PHI_LAC,LAC,PHI,Ladd McConkey,00-0039915,WR,rec,3.834,1.0,2.0,4.0,5.0,7.0
2025_14_PHI_LAC,LAC,PHI,Ladd McConkey,00-0039915,WR,rec_yds,49.113,9.682,23.03,43.253,68.607,95.863
2025_14_PHI_LAC,LAC,PHI,Ladd McConkey,00-0039915,WR,anytime_td,0.285,0.0,0.0,0.0,1.0,1.0
2025_14_PHI_LAC,LAC,PHI,Quentin Johnston,00-0038544,WR,car,0.1,0.0,0.0,0.0,0.0,0.0
2025_14_PHI_LAC,LAC,PHI,Quentin Johnston,00-0038544,WR,rush_yds,0.559,0.0,0.0,0.0,0.0,0.0
2025_14_PHI_LAC,LAC,PHI,Quentin Johnston,00-0038544,WR,tgt,5.018,2.0,3.0,5.0,7.0,9.0
2025_14_PHI_LAC,LAC,PHI,Quentin Johnston,00-0038544,WR,rec,2.833,1.0,1.0,3.0,4.0,6.0
2025_14_PHI_LAC,LAC,PHI,Quentin Johnston,00-0038544,WR,rec_yds,35.401,2.03,13.345,29.377,50.87,75.006
2025_14_PHI_LAC,LAC,PHI,Quentin Johnston,00-0038544,WR,anytime_td,0.276,0.0,0.0,0.0,1.0,1.0
2025_14_PHI_LAC,LAC,PHI,Kimani Vidal,00-0039391,RB,car,10.964,4.0,7.0,10.0,14.0,19.0
2025_14_PHI_LAC,LAC,PHI,Kimani Vidal,00-0039391,RB,rush_yds,44.491,11.2,21.666,38.446,59.869,86.224
2025_14_PHI_LAC,LAC,PHI,Kimani Vidal,00-0039391,RB,tgt,1.479,0.0,0.0,1.0,2.0,4.0
2025_14_PHI_LAC,LAC,PHI,Kimani Vidal,00-0039391,RB,rec,1.067,0.0,0.0,1.0,2.0,3.0
2025_14_PHI_LAC,LAC,PHI,Kimani Vidal,00-0039391,RB,rec_yds,7.683,0.0,0.0,2.665,11.317,22.844
2025_14_PHI_LAC,LAC,PHI,Kimani Vidal,00-0039391,RB,anytime_td,0.282,0.0,0.0,0.0,1.0,1.0
2025_14_PHI_LAC,LAC,PHI,Oronde Gadsden II,00-0040189,TE,car,0.005,0.0,0.0,0.0,0.0,0.0
2025_14_PHI_LAC,LAC,PHI,Oronde Gadsden II,00-0040189,TE,rush_yds,0.009,0.0,0.0,0.0,0.0,0.0
2025_14_PHI_LAC,LAC,PHI,Oronde Gadsden II,00-0040189,TE,tgt,4.166,1.0,2.0,4.0,6.0,8.0
2025_14_PHI_LAC,LAC,PHI,Oronde Gadsden II,00-0040189,TE,rec,2.813,1.0,1.0,3.0,4.0,5.0
2025_14_PHI_LAC,LAC,PHI,Oronde Gadsden II,00-0040189,TE,rec_yds,34.352,1.036,12.209,28.587,49.128,73.267
2025_14_PHI_LAC,LAC,PHI,Oronde Gadsden II,00-0040189,TE,anytime_td,0.154,0.0,0.0,0.0,0.0,1.0
2025_14_PHI_LAC,LAC,PHI,Keenan Allen,00-0030279,WR,car,0.006,0.0,0.0,0.0,0.0,0.0
2025_14_PHI_LAC,LAC,PHI,Keenan Allen,00-0030279,WR,rush_yds,0.044,0.0,0.0,0.0,0.0,0.0
2025_14_PHI_LAC,LAC,PHI,Keenan Allen,00-0030279,WR,tgt,6.064,3.0,4.0,6.0,8.0,10.0
2025_14_PHI_LAC,LAC,PHI,Keenan Allen,00-0030279,WR,rec,3.675,1.0,2.0,3.0,5.0,7.0
2025_14_PHI_LAC,LAC,PHI,Keenan Allen,00-0030279,WR,rec_yds,43.274,8.218,19.753,37.514,61.05,86.518
2025_14_PHI_LAC,LAC,PHI,Keenan Allen,00-0030279,WR,anytime_td,0.18,0.0,0.0,0.0,0.0,1.0
2025_14_PHI_LAC,LAC,PHI,Tre Harris,00-0040727,WR,car,0.007,0.0,0.0,0.0,0.0,0.0
2025_14_PHI_LAC,LAC,PHI,Tre Harris,00-0040727,WR,rush_yds,0.042,0.0,0.0,0.0,0.0,0.0
2025_14_PHI_LAC,LAC,PHI,Tre Harris,00-0040727,WR,tgt,1.986,0.0,1.0,2.0,3.0,4.0
2025_14_PHI_LAC,LAC,PHI,Tre Harris,00-0040727,WR,rec,1.284,0.0,0.0,1.0,2.0,3.0
2025_14_PHI_LAC,LAC,PHI,Tre Harris,00-0040727,WR,rec_yds,14.995,0.0,0.0,8.563,22.564,41.465
2025_14_PHI_LAC,LAC,PHI,Tre Harris,00-0040727,WR,anytime_td,0.069,0.0,0.0,0.0,0.0,0.0
2025_14_PHI_LAC,LAC,PHI,Will Dissly,00-0034159,TE,car,0.004,0.0,0.0,0.0,0.0,0.0
2025_14_PHI_LAC,LAC,PHI,Will Dissly,00-0034159,TE,rush_yds,0.004,0.0,0.0,0.0,0.0,0.0
2025_14_PHI_LAC,LAC,PHI,Will Dissly,00-0034159,TE,tgt,1.705,0.0,0.0,1.0,3.0,4.0
2025_14_PHI_LAC,LAC,PHI,Will Dissly,00-0034159,TE,rec,1.165,0.0,0.0,1.0,2.0,3.0
2025_14_PHI_LAC,LAC,PHI,Will Dissly,00-0034159,TE,rec_yds,12.101,0.0,0.0,6.647,19.0,33.776
2025_14_PHI_LAC,LAC,PHI,Will Dissly,00-0034159,TE,anytime_td,0.054,0.0,0.0,0.0,0.0,0.0
2025_14_PHI_LAC,LAC,PHI,Omarion Hampton,00-0040666,RB,car,11.827,5.0,8.0,11.0,15.0,19.0
2025_14_PHI_LAC,LAC,PHI,Omarion Hampton,00-0040666,RB,rush_yds,50.311,14.42,26.107,43.811,67.042,94.777
2025_14_PHI_LAC,LAC,PHI,Omarion Hampton,00-0040666,RB,tgt,3.333,1.0,2.0,3.0,5.0,6.0
2025_14_PHI_LAC,LAC,PHI,Omarion Hampton,00-0040666,RB,rec,2.577,0.0,1.0,2.0,4.0,5.0
2025_14_PHI_LAC,LAC,PHI,Omarion Hampton,00-0040666,RB,rec_yds,18.922,0.0,4.759,14.382,27.751,44.071
2025_14_PHI_LAC,LAC,PHI,Omarion Hampton,00-0040666,RB,anytime_td,0.361,0.0,0.0,0.0,1.0,1.0
2025_14_PHI_LAC,PHI,LAC,Jalen Hurts,00-0036389,QB,att,27.451,18.0,23.0,28.0,33.0,38.0
2025_14_PHI_LAC,PHI,LAC,Jalen Hurts,00-0036389,QB,cmp,17.575,11.0,14.0,18.0,21.0,25.0
2025_14_PHI_LAC,PHI,LAC,Jalen Hurts,00-0036389,QB,pass_yds,196.168,114.101,153.085,196.475,241.675,282.448
2025_14_PHI_LAC,PHI,LAC,Jalen Hurts,00-0036389,QB,pass_td,1.255,0.0,0.0,1.0,2.0,3.0
2025_14_PHI_LAC,PHI,LAC,Jalen Hurts,00-0036389,QB,ints,0.572,0.0,0.0,0.0,1.0,2.0
2025_14_PHI_LAC,PHI,LAC,Jalen Hurts,00-0036389,QB,car,6.253,2.0,3.0,6.0,8.0,11.0
2025_14_PHI_LAC,PHI,LAC,Jalen Hurts,00-0036389,QB,rush_yds,26.425,2.767,10.132,21.985,37.444,54.737
2025_14_PHI_LAC,PHI,LAC,Jalen Hurts,00-0036389,QB,tgt,0.0,0.0,0.0,0.0,0.0,0.0
2025_14_PHI_LAC,PHI,LAC,Jalen Hurts,00-0036389,QB,rec,0.0,0.0,0.0,0.0,0.0,0.0
2025_14_PHI_LAC,PHI,LAC,Jalen Hurts,00-0036389,QB,rec_yds,0.0,0.0,0.0,0.0,0.0,0.0
2025_14_PHI_LAC,PHI,LAC,Jalen Hurts,00-0036389,QB,anytime_td,0.381,0.0,0.0,0.0,1.0,1.0
2025_14_PHI_LAC,PHI,LAC,A.J. Brown,00-0035676,WR,car,0.01,0.0,0.0,0.0,0.0,0.0
2025_14_PHI_LAC,PHI,LAC,A.J. Brown,00-0035676,WR,rush_yds,0.056,0.0,0.0,0.0,0.0,0.0
2025_14_PHI_LAC,PHI,LAC,A.J. Brown,00-0035676,WR,tgt,8.051,4.0,6.0,8.0,10.0,13.0
2025_14_PHI_LAC,PHI,LAC,A.J. Brown,00-0035676,WR,rec,5.243,2.0,3.0,5.0,7.0,9.0
2025_14_PHI_LAC,PHI,LAC,A.J. Brown,00-0035676,WR,rec_yds,65.213,19.251,36.333,59.621,88.201,118.23
2025_14_PHI_LAC,PHI,LAC,A.J. Brown,00-0035676,WR,anytime_td,0.411,0.0,0.0,0.0,1.0,1.0
2025_14_PHI_LAC,PHI,LAC,DeVonta Smith,00-0036912,WR,car,0.013,0.0,0.0,0.0,0.0,0.0
2025_14_PHI_LAC,PHI,LAC,DeVonta Smith,00-0036912,WR,rush_yds,0.065,0.0,0.0,0.0,0.0,0.0
2025_14_PHI_LAC,PHI,LAC,DeVonta Smith,00-0036912,WR,tgt,7.397,3.0,5.0,7.0,9.0,12.0
2025_14_PHI_LAC,PHI,LAC,DeVonta Smith,00-0036912,WR,rec,4.682,2.0,3.0,4.0,6.0,8.0
2025_14_PHI_LAC,PHI,LAC,DeVonta Smith,00-0036912,WR,rec_yds,60.045,14.89,31.135,53.839,82.613,113.977
2025_14_PHI_LAC,PHI,LAC,DeVonta Smith,00-0036912,WR,anytime_td,0.215,0.0,0.0,0.0,0.0,1.0
2025_14_PHI_LAC,PHI,LAC,Dallas Goedert,00-0034351,TE,car,0.02,0.0,0.0,0.0,0.0,0.0
2025_14_PHI_LAC,PHI,LAC,Dallas Goedert,00-0034351,TE,rush_yds,0.048,0.0,0.0,0.0,0.0,0.0
2025_14_PHI_LAC,PHI,LAC,Dallas Goedert,00-0034351,TE,tgt,4.454,1.0,2.0,4.0,6.0,8.0
2025_14_PHI_LAC,PHI,LAC,Dallas Goedert,00-0034351,TE,rec,3.059,1.0,2.0,3.0,4.0,6.0
2025_14_PHI_LAC,PHI,LAC,Dallas Goedert,00-0034351,TE,rec_yds,31.278,3.346,12.469,26.618,44.805,64.788
2025_14_PHI_LAC,PHI,LAC,Dallas Goedert,00-0034351,TE,anytime_td,0.263,0.0,0.0,0.0,1.0,1.0
2025_14_PHI_LAC,PHI,LAC,Saquon Barkley,00-0034844,RB,car,15.887,8.0,11.0,15.0,20.0,24.0
2025_14_PHI_LAC,PHI,LAC,Saquon Barkley,00-0034844,RB,rush_yds,66.402,24.128,38.127,59.764,87.195,117.775
2025_14_PHI_LAC,PHI,LAC,Saquon Barkley,00-0034844,RB,tgt,3.567,1.0,2.0,3.0,5.0,7.0
2025_14_PHI_LAC,PHI,LAC,Saquon Barkley,00-0034844,RB,rec,2.725,0.0,1.0,2.0,4.0,5.0
2025_14_PHI_LAC,PHI,LAC,Saquon Barkley,00-0034844,RB,rec_yds,20.011,0.0,5.691,15.269,29.422,46.183
2025_14_PHI_LAC,PHI,LAC,Saquon Barkley,00-0034844,RB,anytime_td,0.334,0.0,0.0,0.0,1.0,1.0
2025_14_PHI_LAC,PHI,LAC,Jahan Dotson,00-0037741,WR,car,0.013,0.0,0.0,0.0,0.0,0.0
2025_14_PHI_LAC,PHI,LAC,Jahan Dotson,00-0037741,WR,rush_yds,0.063,0.0,0.0,0.0,0.0,0.0
2025_14_PHI_LAC,PHI,LAC,Jahan Dotson,00-0037741,WR,tgt,1.905,0.0,1.0,2.0,3.0,4.0
2025_14_PHI_LAC,PHI,LAC,Jahan Dotson,00-0037741,WR,rec,1.124,0.0,0.0,1.0,2.0,3.0
2025_14_PHI_LAC,PHI,LAC,Jahan Dotson,00-0037741,WR,rec_yds,14.944,0.0,0.0,7.673,22.606,42.672
2025_14_PHI_LAC,PHI,LAC,Jahan Dotson,00-0037741,WR,anytime_td,0.075,0.0,0.0,0.0,0.0,0.0
2025_14_PHI_LAC,PHI,LAC,Grant Calcaterra,00-0037086,TE,car,0.002,0.0,0.0,0.0,0.0,0.0
2025_14_PHI_LAC,PHI,LAC,Grant Calcaterra,00-0037086,TE,rush_yds,0.005,0.0,0.0,0.0,0.0,0.0
2025_14_PHI_LAC,PHI,LAC,Grant Calcaterra,00-0037086,TE,tgt,0.78,0.0,0.0,0.0,1.0,2.0
2025_14_PHI_LAC,PHI,LAC,Grant Calcaterra,00-0037086,TE,rec,0.533,0.0,0.0,0.0,1.0,2.0
2025_14_PHI_LAC,PHI,LAC,Grant Calcaterra,00-0037086,TE,rec_yds,5.505,0.0,0.0,0.0,7.628,18.773
2025_14_PHI_LAC,PHI,LAC,Grant Calcaterra,00-0037086,TE,anytime_td,0.011,0.0,0.0,0.0,0.0,0.0
2025_14_PHI_LAC,PHI,LAC,Will Shipley,00-0039746,RB,car,1.319,0.0,0.0,0.0,2.0,4.0
2025_14_PHI_LAC,PHI,LAC,Will Shipley,00-0039746,RB,rush_yds,5.664,0.0,0.0,0.0,6.771,17.95
2025_14_PHI_LAC,PHI,LAC,Will Shipley,00-0039746,RB,tgt,0.702,0.0,0.0,0.0,1.0,2.0
2025_14_PHI_LAC,PHI,LAC,Will Shipley,00-0039746,RB,rec,0.534,0.0,0.0,0.0,1.0,2.0
2025_14_PHI_LAC,PHI,LAC,Will Shipley,00-0039746,RB,rec_yds,3.86,0.0,0.0,0.0,4.602,13.469
2025_14_PHI_LAC,PHI,LAC,Will Shipley,00-0039746,RB,anytime_td,0.034,0.0,0.0,0.0,0.0,0.0
2025_14_PHI_LAC,PHI,LAC,Tank Bigsby,00-0038555,RB,car,3.942,0.0,1.0,3.0,6.0,9.0
2025_14_PHI_LAC,PHI,LAC,Tank Bigsby,00-0038555,RB,rush_yds,19.097,0.0,3.169,11.782,27.046,48.33
2025_14_PHI_LAC,PHI,LAC,Tank Bigsby,00-0038555,RB,tgt,0.276,0.0,0.0,0.0,0.0,1.0
2025_14_PHI_LAC,PHI,LAC,Tank Bigsby,00-0038555,RB,rec,0.212,0.0,0.0,0.0,0.0,1.0
2025_14_PHI_LAC,PHI,LAC,Tank Bigsby,00-0038555,RB,rec_yds,1.528,0.0,0.0,0.0,0.0,4.875
2025_14_PHI_LAC,PHI,LAC,Tank Bigsby,00-0038555,RB,anytime_td,0.095,0.0,0.0,0.0,0.0,0.0
