game_id,team,opp,player,player_id,pos,stat,mean,p10,p25,median,p75,p90
2026_03_ATL_GB,GB,ATL,Jordan Love,00-0036264,QB,att,30.775,21.0,26.0,31.0,37.0,41.0
2026_03_ATL_GB,GB,ATL,Jordan Love,00-0036264,QB,cmp,19.419,12.0,16.0,20.0,23.0,27.0
2026_03_ATL_GB,GB,ATL,Jordan Love,00-0036264,QB,pass_yds,225.239,128.53,175.48,224.253,276.491,328.625
2026_03_ATL_GB,GB,ATL,Jordan Love,00-0036264,QB,pass_td,1.574,0.0,1.0,1.0,2.0,3.0
2026_03_ATL_GB,GB,ATL,Jordan Love,00-0036264,QB,ints,0.6,0.0,0.0,0.0,1.0,2.0
2026_03_ATL_GB,GB,ATL,Jordan Love,00-0036264,QB,car,2.608,0.0,1.0,2.0,4.0,6.0
2026_03_ATL_GB,GB,ATL,Jordan Love,00-0036264,QB,rush_yds,9.288,-1.0,0.0,5.017,14.717,27.091
2026_03_ATL_GB,GB,ATL,Jordan Love,00-0036264,QB,tgt,0.0,0.0,0.0,0.0,0.0,0.0
2026_03_ATL_GB,GB,ATL,Jordan Love,00-0036264,QB,rec,0.0,0.0,0.0,0.0,0.0,0.0
2026_03_ATL_GB,GB,ATL,Jordan Love,00-0036264,QB,rec_yds,0.004,0.0,0.0,0.0,0.0,0.0
2026_03_ATL_GB,GB,ATL,Jordan Love,00-0036264,QB,anytime_td,0.032,0.0,0.0,0.0,0.0,0.0
2026_03_ATL_GB,GB,ATL,Matthew Golden,00-0040667,WR,car,0.312,0.0,0.0,0.0,0.0,1.0
2026_03_ATL_GB,GB,ATL,Matthew Golden,00-0040667,WR,rush_yds,1.77,0.0,0.0,0.0,0.0,3.028
2026_03_ATL_GB,GB,ATL,Matthew Golden,00-0040667,WR,tgt,6.94,3.0,4.0,7.0,9.0,11.0
2026_03_ATL_GB,GB,ATL,Matthew Golden,00-0040667,WR,rec,4.312,1.0,3.0,4.0,6.0,8.0
2026_03_ATL_GB,GB,ATL,Matthew Golden,00-0040667,WR,rec_yds,54.979,12.027,26.682,48.649,76.012,106.391
2026_03_ATL_GB,GB,ATL,Matthew Golden,00-0040667,WR,anytime_td,0.146,0.0,0.0,0.0,0.0,1.0
2026_03_ATL_GB,GB,ATL,Christian Watson,00-0038124,WR,car,0.083,0.0,0.0,0.0,0.0,0.0
2026_03_ATL_GB,GB,ATL,Christian Watson,00-0038124,WR,rush_yds,0.48,0.0,0.0,0.0,0.0,0.0
2026_03_ATL_GB,GB,ATL,Christian Watson,00-0038124,WR,tgt,8.535,4.0,6.0,8.0,11.0,13.0
2026_03_ATL_GB,GB,ATL,Christian Watson,00-0038124,WR,rec,5.176,2.0,3.0,5.0,7.0,9.0
2026_03_ATL_GB,GB,ATL,Christian Watson,00-0038124,WR,rec_yds,71.566,21.012,39.038,64.086,97.407,130.891
2026_03_ATL_GB,GB,ATL,Christian Watson,00-0038124,WR,anytime_td,0.485,0.0,0.0,0.0,1.0,1.0
2026_03_ATL_GB,GB,ATL,Tucker Kraft,00-0038996,TE,car,0.074,0.0,0.0,0.0,0.0,0.0
2026_03_ATL_GB,GB,ATL,Tucker Kraft,00-0038996,TE,rush_yds,0.159,0.0,0.0,0.0,0.0,0.0
2026_03_ATL_GB,GB,ATL,Tucker Kraft,00-0038996,TE,tgt,5.442,2.0,3.0,5.0,7.0,9.0
2026_03_ATL_GB,GB,ATL,Tucker Kraft,00-0038996,TE,rec,3.836,1.0,2.0,4.0,5.0,7.0
2026_03_ATL_GB,GB,ATL,Tucker Kraft,00-0038996,TE,rec_yds,43.235,8.524,19.965,37.794,60.682,85.344
2026_03_ATL_GB,GB,ATL,Tucker Kraft,00-0038996,TE,anytime_td,0.26,0.0,0.0,0.0,1.0,1.0
2026_03_ATL_GB,GB,ATL,Skyy Moore,00-0038090,WR,car,0.161,0.0,0.0,0.0,0.0,0.0
2026_03_ATL_GB,GB,ATL,Skyy Moore,00-0038090,WR,rush_yds,0.832,0.0,0.0,0.0,0.0,0.0
2026_03_ATL_GB,GB,ATL,Skyy Moore,00-0038090,WR,tgt,1.696,0.0,0.0,1.0,3.0,4.0
2026_03_ATL_GB,GB,ATL,Skyy Moore,00-0038090,WR,rec,1.067,0.0,0.0,1.0,2.0,3.0
2026_03_ATL_GB,GB,ATL,Skyy Moore,00-0038090,WR,rec_yds,12.524,0.0,0.0,5.779,18.636,35.786
2026_03_ATL_GB,GB,ATL,Skyy Moore,00-0038090,WR,anytime_td,0.03,0.0,0.0,0.0,0.0,0.0
2026_03_ATL_GB,GB,ATL,Chris Brooks,00-0038685,RB,car,5.229,1.0,2.0,4.0,7.0,11.0
2026_03_ATL_GB,GB,ATL,Chris Brooks,00-0038685,RB,rush_yds,22.611,0.0,5.979,16.114,32.243,53.07
2026_03_ATL_GB,GB,ATL,Chris Brooks,00-0038685,RB,tgt,1.501,0.0,0.0,1.0,2.0,4.0
2026_03_ATL_GB,GB,ATL,Chris Brooks,00-0038685,RB,rec,1.148,0.0,0.0,1.0,2.0,3.0
2026_03_ATL_GB,GB,ATL,Chris Brooks,00-0038685,RB,rec_yds,8.33,0.0,0.0,3.678,12.472,24.269
2026_03_ATL_GB,GB,ATL,Chris Brooks,00-0038685,RB,anytime_td,0.126,0.0,0.0,0.0,0.0,1.0
2026_03_ATL_GB,GB,ATL,Kaleb Johnson,00-0040142,RB,car,6.748,2.0,3.0,6.0,9.0,13.0
2026_03_ATL_GB,GB,ATL,Kaleb Johnson,00-0040142,RB,rush_yds,28.526,3.279,10.26,22.3,39.759,61.606
2026_03_ATL_GB,GB,ATL,Kaleb Johnson,00-0040142,RB,tgt,0.282,0.0,0.0,0.0,0.0,1.0
2026_03_ATL_GB,GB,ATL,Kaleb Johnson,00-0040142,RB,rec,0.221,0.0,0.0,0.0,0.0,1.0
2026_03_ATL_GB,GB,ATL,Kaleb Johnson,00-0040142,RB,rec_yds,1.59,0.0,0.0,0.0,0.0,5.5
2026_03_ATL_GB,GB,ATL,Kaleb Johnson,00-0040142,RB,anytime_td,0.108,0.0,0.0,0.0,0.0,1.0
2026_03_ATL_GB,GB,ATL,Jonnu Smith,00-0033858,TE,car,0.422,0.0,0.0,0.0,0.0,1.0
2026_03_ATL_GB,GB,ATL,Jonnu Smith,00-0033858,TE,rush_yds,0.996,0.0,0.0,0.0,0.0,3.088
2026_03_ATL_GB,GB,ATL,Jonnu Smith,00-0033858,TE,tgt,2.25,0.0,1.0,2.0,3.0,5.0
2026_03_ATL_GB,GB,ATL,Jonnu Smith,00-0033858,TE,rec,1.619,0.0,0.0,1.0,2.0,4.0
2026_03_ATL_GB,GB,ATL,Jonnu Smith,00-0033858,TE,rec_yds,16.37,0.0,0.0,10.949,24.625,41.61
2026_03_ATL_GB,GB,ATL,Jonnu Smith,00-0033858,TE,anytime_td,0.083,0.0,0.0,0.0,0.0,0.0
2026_03_ATL_GB,GB,ATL,Bo Melton,00-0037091,WR,car,0.255,0.0,0.0,0.0,0.0,1.0
2026_03_ATL_GB,GB,ATL,Bo Melton,00-0037091,WR,rush_yds,1.408,0.0,0.0,0.0,0.0,1.05
2026_03_ATL_GB,GB,ATL,Bo Melton,00-0037091,WR,tgt,1.559,0.0,0.0,1.0,2.0,4.0
2026_03_ATL_GB,GB,ATL,Bo Melton,00-0037091,WR,rec,0.952,0.0,0.0,1.0,1.0,2.0
2026_03_ATL_GB,GB,ATL,Bo Melton,00-0037091,WR,rec_yds,11.602,0.0,0.0,4.384,17.778,34.487
2026_03_ATL_GB,GB,ATL,Bo Melton,00-0037091,WR,anytime_td,0.054,0.0,0.0,0.0,0.0,0.0
2026_03_ATL_GB,GB,ATL,J. Michael Sturdivant,00-0040948,WR,car,0.056,0.0,0.0,0.0,0.0,0.0
2026_03_ATL_GB,GB,ATL,J. Michael Sturdivant,00-0040948,WR,rush_yds,0.329,0.0,0.0,0.0,0.0,0.0
2026_03_ATL_GB,GB,ATL,J. Michael Sturdivant,00-0040948,WR,tgt,0.724,0.0,0.0,0.0,1.0,2.0
2026_03_ATL_GB,GB,ATL,J. Michael Sturdivant,00-0040948,WR,rec,0.46,0.0,0.0,0.0,1.0,1.0
2026_03_ATL_GB,GB,ATL,J. Michael Sturdivant,00-0040948,WR,rec_yds,5.576,0.0,0.0,0.0,6.425,19.559
2026_03_ATL_GB,GB,ATL,J. Michael Sturdivant,00-0040948,WR,anytime_td,0.019,0.0,0.0,0.0,0.0,0.0
2026_03_ATL_GB,GB,ATL,MarShawn Lloyd,00-0039811,RB,car,10.033,4.0,6.0,9.0,13.0,17.0
2026_03_ATL_GB,GB,ATL,MarShawn Lloyd,00-0039811,RB,rush_yds,40.945,9.581,19.516,34.778,56.108,80.575
2026_03_ATL_GB,GB,ATL,MarShawn Lloyd,00-0039811,RB,tgt,1.662,0.0,0.0,1.0,2.0,4.0
2026_03_ATL_GB,GB,ATL,MarShawn Lloyd,00-0039811,RB,rec,1.31,0.0,0.0,1.0,2.0,3.0
2026_03_ATL_GB,GB,ATL,MarShawn Lloyd,00-0039811,RB,rec_yds,8.679,0.0,0.0,4.433,12.722,24.688
2026_03_ATL_GB,GB,ATL,MarShawn Lloyd,00-0039811,RB,anytime_td,0.405,0.0,0.0,0.0,1.0,1.0
2026_03_ATL_GB,GB,ATL,Josh Whyle,00-0038589,TE,car,0.002,0.0,0.0,0.0,0.0,0.0
2026_03_ATL_GB,GB,ATL,Josh Whyle,00-0038589,TE,rush_yds,0.005,0.0,0.0,0.0,0.0,0.0
2026_03_ATL_GB,GB,ATL,Josh Whyle,00-0038589,TE,tgt,0.851,0.0,0.0,0.0,1.0,2.0
2026_03_ATL_GB,GB,ATL,Josh Whyle,00-0038589,TE,rec,0.623,0.0,0.0,0.0,1.0,2.0
2026_03_ATL_GB,GB,ATL,Josh Whyle,00-0038589,TE,rec_yds,6.012,0.0,0.0,0.0,8.382,20.277
2026_03_ATL_GB,GB,ATL,Josh Whyle,00-0038589,TE,anytime_td,0.037,0.0,0.0,0.0,0.0,0.0
2026_03_ATL_GB,ATL,GB,Michael Penix Jr.,00-0039917,QB,att,28.592,19.0,24.0,29.0,34.0,39.0
2026_03_ATL_GB,ATL,GB,Michael Penix Jr.,00-0039917,QB,cmp,17.777,11.0,14.0,18.0,22.0,25.0
2026_03_ATL_GB,ATL,GB,Michael Penix Jr.,00-0039917,QB,pass_yds,196.517,107.887,150.432,195.102,242.971,290.8
2026_03_ATL_GB,ATL,GB,Michael Penix Jr.,00-0039917,QB,pass_td,1.113,0.0,0.0,1.0,2.0,2.0
2026_03_ATL_GB,ATL,GB,Michael Penix Jr.,00-0039917,QB,ints,0.649,0.0,0.0,0.0,1.0,2.0
2026_03_ATL_GB,ATL,GB,Michael Penix Jr.,00-0039917,QB,car,2.196,0.0,1.0,2.0,3.0,5.0
2026_03_ATL_GB,ATL,GB,Michael Penix Jr.,00-0039917,QB,rush_yds,10.661,-1.0,0.0,6.867,16.663,28.431
2026_03_ATL_GB,ATL,GB,Michael Penix Jr.,00-0039917,QB,tgt,0.001,0.0,0.0,0.0,0.0,0.0
2026_03_ATL_GB,ATL,GB,Michael Penix Jr.,00-0039917,QB,rec,0.0,0.0,0.0,0.0,0.0,0.0
2026_03_ATL_GB,ATL,GB,Michael Penix Jr.,00-0039917,QB,rec_yds,0.004,0.0,0.0,0.0,0.0,0.0
2026_03_ATL_GB,ATL,GB,Michael Penix Jr.,00-0039917,QB,anytime_td,0.048,0.0,0.0,0.0,0.0,0.0
2026_03_ATL_GB,ATL,GB,Drake London,00-0037238,WR,car,0.458,0.0,0.0,0.0,0.0,2.0
2026_03_ATL_GB,ATL,GB,Drake London,00-0037238,WR,rush_yds,2.232,0.0,0.0,0.0,0.0,6.79
2026_03_ATL_GB,ATL,GB,Drake London,00-0037238,WR,tgt,6.518,3.0,4.0,6.0,9.0,11.0
2026_03_ATL_GB,ATL,GB,Drake London,00-0037238,WR,rec,3.928,1.0,2.0,4.0,5.0,7.0
2026_03_ATL_GB,ATL,GB,Drake London,00-0037238,WR,rec_yds,52.803,10.4,23.964,45.882,73.509,104.097
2026_03_ATL_GB,ATL,GB,Drake London,00-0037238,WR,anytime_td,0.266,0.0,0.0,0.0,1.0,1.0
2026_03_ATL_GB,ATL,GB,Bijan Robinson,00-0038542,RB,car,17.641,10.0,13.0,17.0,22.0,26.0
2026_03_ATL_GB,ATL,GB,Bijan Robinson,00-0038542,RB,rush_yds,71.451,28.467,43.552,65.355,92.45,122.558
2026_03_ATL_GB,ATL,GB,Bijan Robinson,00-0038542,RB,tgt,6.153,2.0,4.0,6.0,8.0,10.0
2026_03_ATL_GB,ATL,GB,Bijan Robinson,00-0038542,RB,rec,4.58,2.0,3.0,4.0,6.0,8.0
2026_03_ATL_GB,ATL,GB,Bijan Robinson,00-0038542,RB,rec_yds,38.082,6.577,16.722,32.82,53.027,75.941
2026_03_ATL_GB,ATL,GB,Bijan Robinson,00-0038542,RB,anytime_td,0.528,0.0,0.0,1.0,1.0,1.0
2026_03_ATL_GB,ATL,GB,Jahan Dotson,00-0037741,WR,car,0.014,0.0,0.0,0.0,0.0,0.0
2026_03_ATL_GB,ATL,GB,Jahan Dotson,00-0037741,WR,rush_yds,0.076,0.0,0.0,0.0,0.0,0.0
2026_03_ATL_GB,ATL,GB,Jahan Dotson,00-0037741,WR,tgt,3.029,1.0,1.0,3.0,4.0,6.0
2026_03_ATL_GB,ATL,GB,Jahan Dotson,00-0037741,WR,rec,1.716,0.0,1.0,1.0,3.0,4.0
2026_03_ATL_GB,ATL,GB,Jahan Dotson,00-0037741,WR,rec_yds,22.157,0.0,2.288,15.641,33.547,54.557
2026_03_ATL_GB,ATL,GB,Jahan Dotson,00-0037741,WR,anytime_td,0.074,0.0,0.0,0.0,0.0,0.0
2026_03_ATL_GB,ATL,GB,Charlie Woerner,00-0036429,TE,car,0.002,0.0,0.0,0.0,0.0,0.0
2026_03_ATL_GB,ATL,GB,Charlie Woerner,00-0036429,TE,rush_yds,0.007,0.0,0.0,0.0,0.0,0.0
2026_03_ATL_GB,ATL,GB,Charlie Woerner,00-0036429,TE,tgt,0.648,0.0,0.0,0.0,1.0,2.0
2026_03_ATL_GB,ATL,GB,Charlie Woerner,00-0036429,TE,rec,0.438,0.0,0.0,0.0,1.0,1.0
2026_03_ATL_GB,ATL,GB,Charlie Woerner,00-0036429,TE,rec_yds,4.612,0.0,0.0,0.0,5.409,16.815
2026_03_ATL_GB,ATL,GB,Charlie Woerner,00-0036429,TE,anytime_td,0.011,0.0,0.0,0.0,0.0,0.0
2026_03_ATL_GB,ATL,GB,Kyle Pitts,00-0036970,TE,car,0.002,0.0,0.0,0.0,0.0,0.0
2026_03_ATL_GB,ATL,GB,Kyle Pitts,00-0036970,TE,rush_yds,0.004,0.0,0.0,0.0,0.0,0.0
2026_03_ATL_GB,ATL,GB,Kyle Pitts,00-0036970,TE,tgt,4.815,2.0,3.0,4.0,6.0,9.0
2026_03_ATL_GB,ATL,GB,Kyle Pitts,00-0036970,TE,rec,3.206,1.0,2.0,3.0,4.0,6.0
2026_03_ATL_GB,ATL,GB,Kyle Pitts,00-0036970,TE,rec_yds,34.908,4.461,14.192,29.617,49.397,72.339
2026_03_ATL_GB,ATL,GB,Kyle Pitts,00-0036970,TE,anytime_td,0.199,0.0,0.0,0.0,0.0,1.0
2026_03_ATL_GB,ATL,GB,Olamide Zaccheaus,00-0035208,WR,car,0.05,0.0,0.0,0.0,0.0,0.0
2026_03_ATL_GB,ATL,GB,Olamide Zaccheaus,00-0035208,WR,rush_yds,0.222,0.0,0.0,0.0,0.0,0.0
2026_03_ATL_GB,ATL,GB,Olamide Zaccheaus,00-0035208,WR,tgt,2.339,0.0,1.0,2.0,3.0,5.0
2026_03_ATL_GB,ATL,GB,Olamide Zaccheaus,00-0035208,WR,rec,1.368,0.0,0.0,1.0,2.0,3.0
2026_03_ATL_GB,ATL,GB,Olamide Zaccheaus,00-0035208,WR,rec_yds,16.59,0.0,0.0,10.455,25.106,43.522
2026_03_ATL_GB,ATL,GB,Olamide Zaccheaus,00-0035208,WR,anytime_td,0.091,0.0,0.0,0.0,0.0,0.0
2026_03_ATL_GB,ATL,GB,Brian Robinson,00-0037746,RB,car,7.764,2.0,4.0,7.0,11.0,14.0
2026_03_ATL_GB,ATL,GB,Brian Robinson,00-0037746,RB,rush_yds,29.571,4.486,11.711,23.717,41.191,62.967
2026_03_ATL_GB,ATL,GB,Brian Robinson,00-0037746,RB,tgt,0.891,0.0,0.0,1.0,1.0,2.0
2026_03_ATL_GB,ATL,GB,Brian Robinson,00-0037746,RB,rec,0.674,0.0,0.0,0.0,1.0,2.0
2026_03_ATL_GB,ATL,GB,Brian Robinson,00-0037746,RB,rec_yds,4.99,0.0,0.0,0.0,6.939,16.712
2026_03_ATL_GB,ATL,GB,Brian Robinson,00-0037746,RB,anytime_td,0.177,0.0,0.0,0.0,0.0,1.0
2026_03_ATL_GB,ATL,GB,Austin Hooper,00-0032392,TE,car,0.002,0.0,0.0,0.0,0.0,0.0
2026_03_ATL_GB,ATL,GB,Austin Hooper,00-0032392,TE,rush_yds,0.004,0.0,0.0,0.0,0.0,0.0
2026_03_ATL_GB,ATL,GB,Austin Hooper,00-0032392,TE,tgt,2.035,0.0,1.0,2.0,3.0,4.0
2026_03_ATL_GB,ATL,GB,Austin Hooper,00-0032392,TE,rec,1.346,0.0,0.0,1.0,2.0,3.0
2026_03_ATL_GB,ATL,GB,Austin Hooper,00-0032392,TE,rec_yds,14.213,0.0,0.0,8.701,21.87,37.165
2026_03_ATL_GB,ATL,GB,Austin Hooper,00-0032392,TE,anytime_td,0.062,0.0,0.0,0.0,0.0,0.0
2026_03_ATL_GB,ATL,GB,Chris Blair,00-0036463,WR,car,0.016,0.0,0.0,0.0,0.0,0.0
2026_03_ATL_GB,ATL,GB,Chris Blair,00-0036463,WR,rush_yds,0.076,0.0,0.0,0.0,0.0,0.0
2026_03_ATL_GB,ATL,GB,Chris Blair,00-0036463,WR,tgt,1.264,0.0,0.0,1.0,2.0,3.0
2026_03_ATL_GB,ATL,GB,Chris Blair,00-0036463,WR,rec,0.745,0.0,0.0,0.0,1.0,2.0
2026_03_ATL_GB,ATL,GB,Chris Blair,00-0036463,WR,rec_yds,9.525,0.0,0.0,0.0,13.992,29.311
2026_03_ATL_GB,ATL,GB,Chris Blair,00-0036463,WR,anytime_td,0.03,0.0,0.0,0.0,0.0,0.0
2026_03_ATL_GB,ATL,GB,Zachariah Branch,00-0041044,WR,car,0.022,0.0,0.0,0.0,0.0,0.0
2026_03_ATL_GB,ATL,GB,Zachariah Branch,00-0041044,WR,rush_yds,0.133,0.0,0.0,0.0,0.0,0.0
2026_03_ATL_GB,ATL,GB,Zachariah Branch,00-0041044,WR,tgt,1.287,0.0,0.0,1.0,2.0,3.0
2026_03_ATL_GB,ATL,GB,Zachariah Branch,00-0041044,WR,rec,0.802,0.0,0.0,1.0,1.0,2.0
2026_03_ATL_GB,ATL,GB,Zachariah Branch,00-0041044,WR,rec_yds,10.17,0.0,0.0,0.0,14.864,31.556
2026_03_ATL_GB,ATL,GB,Zachariah Branch,00-0041044,WR,anytime_td,0.037,0.0,0.0,0.0,0.0,0.0
2026_03_ARI_SF,SF,ARI,Brock Purdy,00-0037834,QB,att,29.973,20.0,25.0,31.0,36.0,40.0
2026_03_ARI_SF,SF,ARI,Brock Purdy,00-0037834,QB,cmp,20.814,13.0,17.0,21.0,25.0,29.0
2026_03_ARI_SF,SF,ARI,Brock Purdy,00-0037834,QB,pass_yds,240.84,140.653,188.185,240.432,294.738,348.234
2026_03_ARI_SF,SF,ARI,Brock Purdy,00-0037834,QB,pass_td,1.823,0.0,1.0,2.0,3.0,3.0
2026_03_ARI_SF,SF,ARI,Brock Purdy,00-0037834,QB,ints,0.606,0.0,0.0,0.0,1.0,2.0
2026_03_ARI_SF,SF,ARI,Brock Purdy,00-0037834,QB,car,4.637,1.0,3.0,4.0,6.0,8.0
2026_03_ARI_SF,SF,ARI,Brock Purdy,00-0037834,QB,rush_yds,21.806,0.0,7.366,17.778,31.419,48.243
2026_03_ARI_SF,SF,ARI,Brock Purdy,00-0037834,QB,tgt,0.001,0.0,0.0,0.0,0.0,0.0
2026_03_ARI_SF,SF,ARI,Brock Purdy,00-0037834,QB,rec,0.0,0.0,0.0,0.0,0.0,0.0
2026_03_ARI_SF,SF,ARI,Brock Purdy,00-0037834,QB,rec_yds,0.007,0.0,0.0,0.0,0.0,0.0
2026_03_ARI_SF,SF,ARI,Brock Purdy,00-0037834,QB,anytime_td,0.302,0.0,0.0,0.0,1.0,1.0
2026_03_ARI_SF,SF,ARI,Kyle Juszczyk,00-0029892,RB,car,0.474,0.0,0.0,0.0,0.0,2.0
2026_03_ARI_SF,SF,ARI,Kyle Juszczyk,00-0029892,RB,rush_yds,2.189,0.0,0.0,0.0,0.0,6.485
2026_03_ARI_SF,SF,ARI,Kyle Juszczyk,00-0029892,RB,tgt,1.605,0.0,0.0,1.0,2.0,4.0
2026_03_ARI_SF,SF,ARI,Kyle Juszczyk,00-0029892,RB,rec,1.298,0.0,0.0,1.0,2.0,3.0
2026_03_ARI_SF,SF,ARI,Kyle Juszczyk,00-0029892,RB,rec_yds,11.403,0.0,0.0,5.829,16.972,32.522
2026_03_ARI_SF,SF,ARI,Kyle Juszczyk,00-0029892,RB,anytime_td,0.196,0.0,0.0,0.0,0.0,1.0
2026_03_ARI_SF,SF,ARI,Mike Evans,00-0031408,WR,car,0.016,0.0,0.0,0.0,0.0,0.0
2026_03_ARI_SF,SF,ARI,Mike Evans,00-0031408,WR,rush_yds,0.096,0.0,0.0,0.0,0.0,0.0
2026_03_ARI_SF,SF,ARI,Mike Evans,00-0031408,WR,tgt,6.41,3.0,4.0,6.0,8.0,11.0
2026_03_ARI_SF,SF,ARI,Mike Evans,00-0031408,WR,rec,4.293,1.0,3.0,4.0,6.0,8.0
2026_03_ARI_SF,SF,ARI,Mike Evans,00-0031408,WR,rec_yds,59.836,13.029,28.737,52.673,83.236,116.095
2026_03_ARI_SF,SF,ARI,Mike Evans,00-0031408,WR,anytime_td,0.318,0.0,0.0,0.0,1.0,1.0
2026_03_ARI_SF,SF,ARI,Christian McCaffrey,00-0033280,RB,car,13.273,6.0,9.0,13.0,17.0,21.0
2026_03_ARI_SF,SF,ARI,Christian McCaffrey,00-0033280,RB,rush_yds,59.48,18.989,32.264,52.169,79.276,109.236
2026_03_ARI_SF,SF,ARI,Christian McCaffrey,00-0033280,RB,tgt,6.737,3.0,4.0,6.0,9.0,11.0
2026_03_ARI_SF,SF,ARI,Christian McCaffrey,00-0033280,RB,rec,5.348,2.0,3.0,5.0,7.0,9.0
2026_03_ARI_SF,SF,ARI,Christian McCaffrey,00-0033280,RB,rec_yds,44.979,10.365,21.877,39.511,62.313,87.01
2026_03_ARI_SF,SF,ARI,Christian McCaffrey,00-0033280,RB,anytime_td,0.609,0.0,0.0,1.0,1.0,1.0
2026_03_ARI_SF,SF,ARI,George Kittle,00-0033288,TE,car,0.024,0.0,0.0,0.0,0.0,0.0
2026_03_ARI_SF,SF,ARI,George Kittle,00-0033288,TE,rush_yds,0.05,0.0,0.0,0.0,0.0,0.0
2026_03_ARI_SF,SF,ARI,George Kittle,00-0033288,TE,tgt,5.959,2.0,4.0,6.0,8.0,10.0
2026_03_ARI_SF,SF,ARI,George Kittle,00-0033288,TE,rec,4.425,1.0,3.0,4.0,6.0,8.0
2026_03_ARI_SF,SF,ARI,George Kittle,00-0033288,TE,rec_yds,54.952,13.255,27.569,49.297,75.507,104.856
2026_03_ARI_SF,SF,ARI,George Kittle,00-0033288,TE,anytime_td,0.326,0.0,0.0,0.0,1.0,1.0
2026_03_ARI_SF,SF,ARI,Deebo Samuel Sr.,00-0035719,WR,car,0.968,0.0,0.0,0.0,1.0,3.0
2026_03_ARI_SF,SF,ARI,Deebo Samuel Sr.,00-0035719,WR,rush_yds,5.74,0.0,0.0,0.0,5.383,19.851
2026_03_ARI_SF,SF,ARI,Deebo Samuel Sr.,00-0035719,WR,tgt,6.531,3.0,4.0,6.0,8.0,11.0
2026_03_ARI_SF,SF,ARI,Deebo Samuel Sr.,00-0035719,WR,rec,4.453,2.0,3.0,4.0,6.0,8.0
2026_03_ARI_SF,SF,ARI,Deebo Samuel Sr.,00-0035719,WR,rec_yds,57.585,13.487,28.457,50.934,79.811,109.445
2026_03_ARI_SF,SF,ARI,Deebo Samuel Sr.,00-0035719,WR,anytime_td,0.327,0.0,0.0,0.0,1.0,1.0
2026_03_ARI_SF,SF,ARI,Luke Farrell,00-0036887,TE,car,0.002,0.0,0.0,0.0,0.0,0.0
2026_03_ARI_SF,SF,ARI,Luke Farrell,00-0036887,TE,rush_yds,0.005,0.0,0.0,0.0,0.0,0.0
2026_03_ARI_SF,SF,ARI,Luke Farrell,00-0036887,TE,tgt,1.048,0.0,0.0,1.0,2.0,3.0
2026_03_ARI_SF,SF,ARI,Luke Farrell,00-0036887,TE,rec,0.764,0.0,0.0,0.0,1.0,2.0
2026_03_ARI_SF,SF,ARI,Luke Farrell,00-0036887,TE,rec_yds,8.551,0.0,0.0,0.0,12.932,26.532
2026_03_ARI_SF,SF,ARI,Luke Farrell,00-0036887,TE,anytime_td,0.034,0.0,0.0,0.0,0.0,0.0
2026_03_ARI_SF,SF,ARI,Jacob Cowing,00-0039365,WR,car,0.082,0.0,0.0,0.0,0.0,0.0
2026_03_ARI_SF,SF,ARI,Jacob Cowing,00-0039365,WR,rush_yds,0.436,0.0,0.0,0.0,0.0,0.0
2026_03_ARI_SF,SF,ARI,Jacob Cowing,00-0039365,WR,tgt,0.521,0.0,0.0,0.0,1.0,2.0
2026_03_ARI_SF,SF,ARI,Jacob Cowing,00-0039365,WR,rec,0.335,0.0,0.0,0.0,1.0,1.0
2026_03_ARI_SF,SF,ARI,Jacob Cowing,00-0039365,WR,rec_yds,4.785,0.0,0.0,0.0,0.0,17.479
2026_03_ARI_SF,SF,ARI,Jacob Cowing,00-0039365,WR,anytime_td,0.009,0.0,0.0,0.0,0.0,0.0
2026_03_ARI_SF,SF,ARI,Jordan Watkins,00-0040172,WR,car,0.031,0.0,0.0,0.0,0.0,0.0
2026_03_ARI_SF,SF,ARI,Jordan Watkins,00-0040172,WR,rush_yds,0.198,0.0,0.0,0.0,0.0,0.0
2026_03_ARI_SF,SF,ARI,Jordan Watkins,00-0040172,WR,tgt,0.997,0.0,0.0,1.0,2.0,3.0
2026_03_ARI_SF,SF,ARI,Jordan Watkins,00-0040172,WR,rec,0.64,0.0,0.0,0.0,1.0,2.0
2026_03_ARI_SF,SF,ARI,Jordan Watkins,00-0040172,WR,rec_yds,9.02,0.0,0.0,0.0,12.693,29.745
2026_03_ARI_SF,SF,ARI,Jordan Watkins,00-0040172,WR,anytime_td,0.026,0.0,0.0,0.0,0.0,0.0
2026_03_ARI_SF,SF,ARI,Kaelon Black,00-0041052,RB,car,8.951,3.0,5.0,8.0,12.0,16.0
2026_03_ARI_SF,SF,ARI,Kaelon Black,00-0041052,RB,rush_yds,40.652,8.253,17.856,34.004,55.924,81.633
2026_03_ARI_SF,SF,ARI,Kaelon Black,00-0041052,RB,tgt,0.658,0.0,0.0,0.0,1.0,2.0
2026_03_ARI_SF,SF,ARI,Kaelon Black,00-0041052,RB,rec,0.524,0.0,0.0,0.0,1.0,2.0
2026_03_ARI_SF,SF,ARI,Kaelon Black,00-0041052,RB,rec_yds,4.31,0.0,0.0,0.0,4.92,14.806
2026_03_ARI_SF,SF,ARI,Kaelon Black,00-0041052,RB,anytime_td,0.18,0.0,0.0,0.0,0.0,1.0
2026_03_ARI_SF,ARI,SF,Jacoby Brissett,00-0033119,QB,att,32.147,22.0,27.0,33.0,38.0,43.0
2026_03_ARI_SF,ARI,SF,Jacoby Brissett,00-0033119,QB,cmp,20.574,13.0,17.0,21.0,25.0,28.0
2026_03_ARI_SF,ARI,SF,Jacoby Brissett,00-0033119,QB,pass_yds,213.957,124.021,167.236,212.261,261.198,310.19
2026_03_ARI_SF,ARI,SF,Jacoby Brissett,00-0033119,QB,pass_td,1.408,0.0,1.0,1.0,2.0,3.0
2026_03_ARI_SF,ARI,SF,Jacoby Brissett,00-0033119,QB,ints,0.733,0.0,0.0,0.0,1.0,2.0
2026_03_ARI_SF,ARI,SF,Jacoby Brissett,00-0033119,QB,car,2.985,0.0,1.0,3.0,4.0,6.0
2026_03_ARI_SF,ARI,SF,Jacoby Brissett,00-0033119,QB,rush_yds,13.721,0.0,1.662,9.508,21.013,34.022
2026_03_ARI_SF,ARI,SF,Jacoby Brissett,00-0033119,QB,tgt,0.001,0.0,0.0,0.0,0.0,0.0
2026_03_ARI_SF,ARI,SF,Jacoby Brissett,00-0033119,QB,rec,0.001,0.0,0.0,0.0,0.0,0.0
2026_03_ARI_SF,ARI,SF,Jacoby Brissett,00-0033119,QB,rec_yds,0.01,0.0,0.0,0.0,0.0,0.0
2026_03_ARI_SF,ARI,SF,Jacoby Brissett,00-0033119,QB,anytime_td,0.061,0.0,0.0,0.0,0.0,0.0
2026_03_ARI_SF,ARI,SF,Kendrick Bourne,00-0033307,WR,car,0.019,0.0,0.0,0.0,0.0,0.0
2026_03_ARI_SF,ARI,SF,Kendrick Bourne,00-0033307,WR,rush_yds,0.114,0.0,0.0,0.0,0.0,0.0
2026_03_ARI_SF,ARI,SF,Kendrick Bourne,00-0033307,WR,tgt,3.953,1.0,2.0,4.0,5.0,7.0
2026_03_ARI_SF,ARI,SF,Kendrick Bourne,00-0033307,WR,rec,2.618,0.0,1.0,2.0,4.0,5.0
2026_03_ARI_SF,ARI,SF,Kendrick Bourne,00-0033307,WR,rec_yds,30.585,0.0,9.609,24.04,44.027,68.208
2026_03_ARI_SF,ARI,SF,Kendrick Bourne,00-0033307,WR,anytime_td,0.072,0.0,0.0,0.0,0.0,0.0
2026_03_ARI_SF,ARI,SF,Hunter Long,00-0037004,TE,car,0.002,0.0,0.0,0.0,0.0,0.0
2026_03_ARI_SF,ARI,SF,Hunter Long,00-0037004,TE,rush_yds,0.003,0.0,0.0,0.0,0.0,0.0
2026_03_ARI_SF,ARI,SF,Hunter Long,00-0037004,TE,tgt,0.824,0.0,0.0,0.0,1.0,2.0
2026_03_ARI_SF,ARI,SF,Hunter Long,00-0037004,TE,rec,0.577,0.0,0.0,0.0,1.0,2.0
2026_03_ARI_SF,ARI,SF,Hunter Long,00-0037004,TE,rec_yds,5.834,0.0,0.0,0.0,8.102,20.155
2026_03_ARI_SF,ARI,SF,Hunter Long,00-0037004,TE,anytime_td,0.052,0.0,0.0,0.0,0.0,0.0
2026_03_ARI_SF,ARI,SF,Tyler Allgeier,00-0037263,RB,car,10.229,4.0,6.0,10.0,13.0,17.0
2026_03_ARI_SF,ARI,SF,Tyler Allgeier,00-0037263,RB,rush_yds,40.844,10.206,19.662,34.964,55.372,79.844
2026_03_ARI_SF,ARI,SF,Tyler Allgeier,00-0037263,RB,tgt,1.695,0.0,0.0,1.0,3.0,4.0
2026_03_ARI_SF,ARI,SF,Tyler Allgeier,00-0037263,RB,rec,1.326,0.0,0.0,1.0,2.0,3.0
2026_03_ARI_SF,ARI,SF,Tyler Allgeier,00-0037263,RB,rec_yds,9.345,0.0,0.0,4.506,13.781,26.535
2026_03_ARI_SF,ARI,SF,Tyler Allgeier,00-0037263,RB,anytime_td,0.221,0.0,0.0,0.0,0.0,1.0
2026_03_ARI_SF,ARI,SF,Trey McBride,00-0037744,TE,car,0.002,0.0,0.0,0.0,0.0,0.0
2026_03_ARI_SF,ARI,SF,Trey McBride,00-0037744,TE,rush_yds,0.003,0.0,0.0,0.0,0.0,0.0
2026_03_ARI_SF,ARI,SF,Trey McBride,00-0037744,TE,tgt,9.892,5.0,7.0,9.0,12.0,15.0
2026_03_ARI_SF,ARI,SF,Trey McBride,00-0037744,TE,rec,7.095,3.0,5.0,7.0,9.0,11.0
2026_03_ARI_SF,ARI,SF,Trey McBride,00-0037744,TE,rec_yds,67.012,25.582,41.082,62.357,87.897,114.22
2026_03_ARI_SF,ARI,SF,Trey McBride,00-0037744,TE,anytime_td,0.474,0.0,0.0,0.0,1.0,1.0
2026_03_ARI_SF,ARI,SF,Michael Wilson,00-0038559,WR,car,0.018,0.0,0.0,0.0,0.0,0.0
2026_03_ARI_SF,ARI,SF,Michael Wilson,00-0038559,WR,rush_yds,0.123,0.0,0.0,0.0,0.0,0.0
2026_03_ARI_SF,ARI,SF,Michael Wilson,00-0038559,WR,tgt,7.199,3.0,5.0,7.0,9.0,12.0
2026_03_ARI_SF,ARI,SF,Michael Wilson,00-0038559,WR,rec,4.232,1.0,2.0,4.0,6.0,7.0
2026_03_ARI_SF,ARI,SF,Michael Wilson,00-0038559,WR,rec_yds,53.261,11.511,25.731,46.486,73.693,103.048
2026_03_ARI_SF,ARI,SF,Michael Wilson,00-0038559,WR,anytime_td,0.271,0.0,0.0,0.0,1.0,1.0
2026_03_ARI_SF,ARI,SF,Jalen Brooks,00-0038640,WR,car,0.019,0.0,0.0,0.0,0.0,0.0
2026_03_ARI_SF,ARI,SF,Jalen Brooks,00-0038640,WR,rush_yds,0.114,0.0,0.0,0.0,0.0,0.0
2026_03_ARI_SF,ARI,SF,Jalen Brooks,00-0038640,WR,tgt,0.673,0.0,0.0,0.0,1.0,2.0
2026_03_ARI_SF,ARI,SF,Jalen Brooks,00-0038640,WR,rec,0.411,0.0,0.0,0.0,1.0,1.0
2026_03_ARI_SF,ARI,SF,Jalen Brooks,00-0038640,WR,rec_yds,5.257,0.0,0.0,0.0,5.103,19.242
2026_03_ARI_SF,ARI,SF,Jalen Brooks,00-0038640,WR,anytime_td,0.015,0.0,0.0,0.0,0.0,0.0
2026_03_ARI_SF,ARI,SF,Elijah Higgins,00-0039041,TE,car,0.004,0.0,0.0,0.0,0.0,0.0
2026_03_ARI_SF,ARI,SF,Elijah Higgins,00-0039041,TE,rush_yds,0.006,0.0,0.0,0.0,0.0,0.0
2026_03_ARI_SF,ARI,SF,Elijah Higgins,00-0039041,TE,tgt,1.361,0.0,0.0,1.0,2.0,3.0
2026_03_ARI_SF,ARI,SF,Elijah Higgins,00-0039041,TE,rec,0.957,0.0,0.0,1.0,1.0,3.0
2026_03_ARI_SF,ARI,SF,Elijah Higgins,00-0039041,TE,rec_yds,9.662,0.0,0.0,3.504,14.727,28.598
2026_03_ARI_SF,ARI,SF,Elijah Higgins,00-0039041,TE,anytime_td,0.03,0.0,0.0,0.0,0.0,0.0
2026_03_ARI_SF,ARI,SF,Marvin Harrison Jr.,00-0039849,WR,car,0.017,0.0,0.0,0.0,0.0,0.0
2026_03_ARI_SF,ARI,SF,Marvin Harrison Jr.,00-0039849,WR,rush_yds,0.096,0.0,0.0,0.0,0.0,0.0
2026_03_ARI_SF,ARI,SF,Marvin Harrison Jr.,00-0039849,WR,tgt,3.93,1.0,2.0,4.0,5.0,7.0
2026_03_ARI_SF,ARI,SF,Marvin Harrison Jr.,00-0039849,WR,rec,2.242,0.0,1.0,2.0,3.0,5.0
2026_03_ARI_SF,ARI,SF,Marvin Harrison Jr.,00-0039849,WR,rec_yds,29.664,0.0,7.762,22.655,43.77,67.859
2026_03_ARI_SF,ARI,SF,Marvin Harrison Jr.,00-0039849,WR,anytime_td,0.165,0.0,0.0,0.0,0.0,1.0
2026_03_ARI_SF,ARI,SF,Jeremiyah Love,00-0041027,RB,car,10.264,4.0,6.0,10.0,13.0,17.0
2026_03_ARI_SF,ARI,SF,Jeremiyah Love,00-0041027,RB,rush_yds,42.161,10.509,21.015,36.291,56.764,80.382
2026_03_ARI_SF,ARI,SF,Jeremiyah Love,00-0041027,RB,tgt,3.246,1.0,2.0,3.0,5.0,6.0
2026_03_ARI_SF,ARI,SF,Jeremiyah Love,00-0041027,RB,rec,2.443,0.0,1.0,2.0,3.0,5.0
2026_03_ARI_SF,ARI,SF,Jeremiyah Love,00-0041027,RB,rec_yds,17.195,0.0,3.916,12.501,25.429,40.685
2026_03_ARI_SF,ARI,SF,Jeremiyah Love,00-0041027,RB,anytime_td,0.345,0.0,0.0,0.0,1.0,1.0
2026_03_BAL_DAL,DAL,BAL,Dak Prescott,00-0033077,QB,att,33.071,22.0,28.0,34.0,39.0,44.0
2026_03_BAL_DAL,DAL,BAL,Dak Prescott,00-0033077,QB,cmp,22.22,14.0,19.0,23.0,27.0,30.0
2026_03_BAL_DAL,DAL,BAL,Dak Prescott,00-0033077,QB,pass_yds,245.367,143.597,193.681,245.699,299.808,353.906
2026_03_BAL_DAL,DAL,BAL,Dak Prescott,00-0033077,QB,pass_td,1.725,0.0,1.0,2.0,2.0,3.0
2026_03_BAL_DAL,DAL,BAL,Dak Prescott,00-0033077,QB,ints,0.712,0.0,0.0,0.0,1.0,2.0
2026_03_BAL_DAL,DAL,BAL,Dak Prescott,00-0033077,QB,car,3.44,1.0,2.0,3.0,5.0,7.0
2026_03_BAL_DAL,DAL,BAL,Dak Prescott,00-0033077,QB,rush_yds,16.632,0.0,3.954,12.85,24.711,38.537
2026_03_BAL_DAL,DAL,BAL,Dak Prescott,00-0033077,QB,tgt,0.0,0.0,0.0,0.0,0.0,0.0
2026_03_BAL_DAL,DAL,BAL,Dak Prescott,00-0033077,QB,rec,0.0,0.0,0.0,0.0,0.0,0.0
2026_03_BAL_DAL,DAL,BAL,Dak Prescott,00-0033077,QB,rec_yds,0.003,0.0,0.0,0.0,0.0,0.0
2026_03_BAL_DAL,DAL,BAL,Dak Prescott,00-0033077,QB,anytime_td,0.087,0.0,0.0,0.0,0.0,0.0
2026_03_BAL_DAL,DAL,BAL,CeeDee Lamb,00-0036358,WR,car,0.34,0.0,0.0,0.0,0.0,1.0
2026_03_BAL_DAL,DAL,BAL,CeeDee Lamb,00-0036358,WR,rush_yds,1.871,0.0,0.0,0.0,0.0,4.523
2026_03_BAL_DAL,DAL,BAL,CeeDee Lamb,00-0036358,WR,tgt,8.695,4.0,6.0,8.0,11.0,14.0
2026_03_BAL_DAL,DAL,BAL,CeeDee Lamb,00-0036358,WR,rec,5.914,2.0,4.0,6.0,8.0,10.0
2026_03_BAL_DAL,DAL,BAL,CeeDee Lamb,00-0036358,WR,rec_yds,78.741,24.56,43.817,71.613,105.427,143.255
2026_03_BAL_DAL,DAL,BAL,CeeDee Lamb,00-0036358,WR,anytime_td,0.436,0.0,0.0,0.0,1.0,1.0
2026_03_BAL_DAL,DAL,BAL,Javonte Williams,00-0036997,RB,car,17.131,9.0,13.0,17.0,21.0,25.0
2026_03_BAL_DAL,DAL,BAL,Javonte Williams,00-0036997,RB,rush_yds,69.692,27.195,42.428,63.536,90.719,120.072
2026_03_BAL_DAL,DAL,BAL,Javonte Williams,00-0036997,RB,tgt,3.77,1.0,2.0,3.0,5.0,7.0
2026_03_BAL_DAL,DAL,BAL,Javonte Williams,00-0036997,RB,rec,2.999,1.0,1.0,3.0,4.0,6.0
2026_03_BAL_DAL,DAL,BAL,Javonte Williams,00-0036997,RB,rec_yds,20.104,0.0,6.073,15.418,29.147,45.354
2026_03_BAL_DAL,DAL,BAL,Javonte Williams,00-0036997,RB,anytime_td,0.556,0.0,0.0,1.0,1.0,1.0
2026_03_BAL_DAL,DAL,BAL,Tyler Goodson,00-0037120,RB,car,2.032,0.0,0.0,1.0,3.0,5.0
2026_03_BAL_DAL,DAL,BAL,Tyler Goodson,00-0037120,RB,rush_yds,8.512,0.0,0.0,3.006,11.659,24.574
2026_03_BAL_DAL,DAL,BAL,Tyler Goodson,00-0037120,RB,tgt,0.491,0.0,0.0,0.0,1.0,2.0
2026_03_BAL_DAL,DAL,BAL,Tyler Goodson,00-0037120,RB,rec,0.386,0.0,0.0,0.0,1.0,1.0
2026_03_BAL_DAL,DAL,BAL,Tyler Goodson,00-0037120,RB,rec_yds,2.791,0.0,0.0,0.0,0.0,9.878
2026_03_BAL_DAL,DAL,BAL,Tyler Goodson,00-0037120,RB,anytime_td,0.059,0.0,0.0,0.0,0.0,0.0
2026_03_BAL_DAL,DAL,BAL,George Pickens,00-0037247,WR,car,0.017,0.0,0.0,0.0,0.0,0.0
2026_03_BAL_DAL,DAL,BAL,George Pickens,00-0037247,WR,rush_yds,0.077,0.0,0.0,0.0,0.0,0.0
2026_03_BAL_DAL,DAL,BAL,George Pickens,00-0037247,WR,tgt,7.831,4.0,5.0,7.0,10.0,13.0
2026_03_BAL_DAL,DAL,BAL,George Pickens,00-0037247,WR,rec,5.153,2.0,3.0,5.0,7.0,9.0
2026_03_BAL_DAL,DAL,BAL,George Pickens,00-0037247,WR,rec_yds,62.075,16.538,32.628,55.696,84.288,115.624
2026_03_BAL_DAL,DAL,BAL,George Pickens,00-0037247,WR,anytime_td,0.216,0.0,0.0,0.0,0.0,1.0
2026_03_BAL_DAL,DAL,BAL,KaVontae Turpin,00-0037801,WR,car,1.053,0.0,0.0,0.0,1.0,3.0
2026_03_BAL_DAL,DAL,BAL,KaVontae Turpin,00-0037801,WR,rush_yds,5.737,0.0,0.0,0.0,6.365,19.93
2026_03_BAL_DAL,DAL,BAL,KaVontae Turpin,00-0037801,WR,tgt,1.694,0.0,0.0,1.0,3.0,4.0
2026_03_BAL_DAL,DAL,BAL,KaVontae Turpin,00-0037801,WR,rec,1.098,0.0,0.0,1.0,2.0,3.0
2026_03_BAL_DAL,DAL,BAL,KaVontae Turpin,00-0037801,WR,rec_yds,13.856,0.0,0.0,6.768,21.265,39.691
2026_03_BAL_DAL,DAL,BAL,KaVontae Turpin,00-0037801,WR,anytime_td,0.088,0.0,0.0,0.0,0.0,0.0
2026_03_BAL_DAL,DAL,BAL,Jake Ferguson,00-0038041,TE,car,0.042,0.0,0.0,0.0,0.0,0.0
2026_03_BAL_DAL,DAL,BAL,Jake Ferguson,00-0038041,TE,rush_yds,0.113,0.0,0.0,0.0,0.0,0.0
2026_03_BAL_DAL,DAL,BAL,Jake Ferguson,00-0038041,TE,tgt,4.116,1.0,2.0,4.0,6.0,8.0
2026_03_BAL_DAL,DAL,BAL,Jake Ferguson,00-0038041,TE,rec,3.164,1.0,2.0,3.0,4.0,6.0
2026_03_BAL_DAL,DAL,BAL,Jake Ferguson,00-0038041,TE,rec_yds,30.001,3.298,11.452,24.798,43.241,63.821
2026_03_BAL_DAL,DAL,BAL,Jake Ferguson,00-0038041,TE,anytime_td,0.353,0.0,0.0,0.0,1.0,1.0
2026_03_BAL_DAL,DAL,BAL,Luke Schoonmaker,00-0038547,TE,car,0.002,0.0,0.0,0.0,0.0,0.0
2026_03_BAL_DAL,DAL,BAL,Luke Schoonmaker,00-0038547,TE,rush_yds,0.007,0.0,0.0,0.0,0.0,0.0
2026_03_BAL_DAL,DAL,BAL,Luke Schoonmaker,00-0038547,TE,tgt,1.063,0.0,0.0,1.0,2.0,3.0
2026_03_BAL_DAL,DAL,BAL,Luke Schoonmaker,00-0038547,TE,rec,0.782,0.0,0.0,0.0,1.0,2.0
2026_03_BAL_DAL,DAL,BAL,Luke Schoonmaker,00-0038547,TE,rec_yds,7.756,0.0,0.0,0.0,11.536,24.465
2026_03_BAL_DAL,DAL,BAL,Luke Schoonmaker,00-0038547,TE,anytime_td,0.015,0.0,0.0,0.0,0.0,0.0
2026_03_BAL_DAL,DAL,BAL,Ryan Flournoy,00-0039410,WR,car,0.095,0.0,0.0,0.0,0.0,0.0
2026_03_BAL_DAL,DAL,BAL,Ryan Flournoy,00-0039410,WR,rush_yds,0.519,0.0,0.0,0.0,0.0,0.0
2026_03_BAL_DAL,DAL,BAL,Ryan Flournoy,00-0039410,WR,tgt,5.015,2.0,3.0,5.0,7.0,9.0
2026_03_BAL_DAL,DAL,BAL,Ryan Flournoy,00-0039410,WR,rec,3.397,1.0,2.0,3.0,5.0,6.0
2026_03_BAL_DAL,DAL,BAL,Ryan Flournoy,00-0039410,WR,rec_yds,38.318,5.132,15.318,32.343,54.035,78.973
2026_03_BAL_DAL,DAL,BAL,Ryan Flournoy,00-0039410,WR,anytime_td,0.169,0.0,0.0,0.0,0.0,1.0
2026_03_BAL_DAL,DAL,BAL,Brevyn Spann-Ford,00-0039530,TE,car,0.001,0.0,0.0,0.0,0.0,0.0
2026_03_BAL_DAL,DAL,BAL,Brevyn Spann-Ford,00-0039530,TE,rush_yds,0.004,0.0,0.0,0.0,0.0,0.0
2026_03_BAL_DAL,DAL,BAL,Brevyn Spann-Ford,00-0039530,TE,tgt,1.135,0.0,0.0,1.0,2.0,3.0
2026_03_BAL_DAL,DAL,BAL,Brevyn Spann-Ford,00-0039530,TE,rec,0.838,0.0,0.0,0.0,1.0,2.0
2026_03_BAL_DAL,DAL,BAL,Brevyn Spann-Ford,00-0039530,TE,rec_yds,8.438,0.0,0.0,0.0,12.673,26.565
2026_03_BAL_DAL,DAL,BAL,Brevyn Spann-Ford,00-0039530,TE,anytime_td,0.038,0.0,0.0,0.0,0.0,0.0
2026_03_BAL_DAL,BAL,DAL,Lamar Jackson,00-0034796,QB,att,28.26,19.0,24.0,29.0,34.0,38.0
2026_03_BAL_DAL,BAL,DAL,Lamar Jackson,00-0034796,QB,cmp,19.586,12.0,16.0,20.0,24.0,27.0
2026_03_BAL_DAL,BAL,DAL,Lamar Jackson,00-0034796,QB,pass_yds,234.661,132.921,180.559,233.963,289.485,342.364
2026_03_BAL_DAL,BAL,DAL,Lamar Jackson,00-0034796,QB,pass_td,1.624,0.0,1.0,2.0,2.0,3.0
2026_03_BAL_DAL,BAL,DAL,Lamar Jackson,00-0034796,QB,ints,0.573,0.0,0.0,0.0,1.0,2.0
2026_03_BAL_DAL,BAL,DAL,Lamar Jackson,00-0034796,QB,car,4.888,1.0,3.0,4.0,7.0,9.0
2026_03_BAL_DAL,BAL,DAL,Lamar Jackson,00-0034796,QB,rush_yds,25.106,2.025,9.471,20.988,35.674,53.388
2026_03_BAL_DAL,BAL,DAL,Lamar Jackson,00-0034796,QB,tgt,0.0,0.0,0.0,0.0,0.0,0.0
2026_03_BAL_DAL,BAL,DAL,Lamar Jackson,00-0034796,QB,rec,0.0,0.0,0.0,0.0,0.0,0.0
2026_03_BAL_DAL,BAL,DAL,Lamar Jackson,00-0034796,QB,rec_yds,0.001,0.0,0.0,0.0,0.0,0.0
2026_03_BAL_DAL,BAL,DAL,Lamar Jackson,00-0034796,QB,anytime_td,0.271,0.0,0.0,0.0,1.0,1.0
2026_03_BAL_DAL,BAL,DAL,Chris Moore,00-0032398,WR,car,0.031,0.0,0.0,0.0,0.0,0.0
2026_03_BAL_DAL,BAL,DAL,Chris Moore,00-0032398,WR,rush_yds,0.16,0.0,0.0,0.0,0.0,0.0
2026_03_BAL_DAL,BAL,DAL,Chris Moore,00-0032398,WR,tgt,2.454,0.0,1.0,2.0,3.0,5.0
2026_03_BAL_DAL,BAL,DAL,Chris Moore,00-0032398,WR,rec,1.551,0.0,0.0,1.0,2.0,3.0
2026_03_BAL_DAL,BAL,DAL,Chris Moore,00-0032398,WR,rec_yds,21.277,0.0,0.0,14.144,31.882,54.055
2026_03_BAL_DAL,BAL,DAL,Chris Moore,00-0032398,WR,anytime_td,0.077,0.0,0.0,0.0,0.0,0.0
2026_03_BAL_DAL,BAL,DAL,Derrick Henry,00-0032764,RB,car,19.867,11.0,15.0,19.0,24.0,29.0
2026_03_BAL_DAL,BAL,DAL,Derrick Henry,00-0032764,RB,rush_yds,98.201,43.115,63.312,90.981,125.737,163.147
2026_03_BAL_DAL,BAL,DAL,Derrick Henry,00-0032764,RB,tgt,1.976,0.0,1.0,2.0,3.0,4.0
2026_03_BAL_DAL,BAL,DAL,Derrick Henry,00-0032764,RB,rec,1.656,0.0,0.0,1.0,2.0,4.0
2026_03_BAL_DAL,BAL,DAL,Derrick Henry,00-0032764,RB,rec_yds,12.782,0.0,0.0,7.694,18.927,33.772
2026_03_BAL_DAL,BAL,DAL,Derrick Henry,00-0032764,RB,anytime_td,0.65,0.0,0.0,1.0,1.0,1.0
2026_03_BAL_DAL,BAL,DAL,Mark Andrews,00-0034753,TE,car,0.258,0.0,0.0,0.0,0.0,1.0
2026_03_BAL_DAL,BAL,DAL,Mark Andrews,00-0034753,TE,rush_yds,0.628,0.0,0.0,0.0,0.0,0.478
2026_03_BAL_DAL,BAL,DAL,Mark Andrews,00-0034753,TE,tgt,6.288,2.0,4.0,6.0,8.0,11.0
2026_03_BAL_DAL,BAL,DAL,Mark Andrews,00-0034753,TE,rec,4.75,2.0,3.0,4.0,6.0,8.0
2026_03_BAL_DAL,BAL,DAL,Mark Andrews,00-0034753,TE,rec_yds,47.446,11.736,24.281,42.556,65.133,88.957
2026_03_BAL_DAL,BAL,DAL,Mark Andrews,00-0034753,TE,anytime_td,0.231,0.0,0.0,0.0,0.0,1.0
2026_03_BAL_DAL,BAL,DAL,Justice Hill,00-0034975,RB,car,3.292,0.0,1.0,2.0,5.0,8.0
2026_03_BAL_DAL,BAL,DAL,Justice Hill,00-0034975,RB,rush_yds,14.338,0.0,0.933,8.163,20.621,37.392
2026_03_BAL_DAL,BAL,DAL,Justice Hill,00-0034975,RB,tgt,2.427,0.0,1.0,2.0,4.0,5.0
2026_03_BAL_DAL,BAL,DAL,Justice Hill,00-0034975,RB,rec,2.027,0.0,1.0,2.0,3.0,4.0
2026_03_BAL_DAL,BAL,DAL,Justice Hill,00-0034975,RB,rec_yds,15.069,0.0,1.071,10.352,22.367,37.918
2026_03_BAL_DAL,BAL,DAL,Justice Hill,00-0034975,RB,anytime_td,0.194,0.0,0.0,0.0,0.0,1.0
2026_03_BAL_DAL,BAL,DAL,Rashod Bateman,00-0036550,WR,car,0.015,0.0,0.0,0.0,0.0,0.0
2026_03_BAL_DAL,BAL,DAL,Rashod Bateman,00-0036550,WR,rush_yds,0.101,0.0,0.0,0.0,0.0,0.0
2026_03_BAL_DAL,BAL,DAL,Rashod Bateman,00-0036550,WR,tgt,4.726,2.0,3.0,4.0,6.0,8.0
2026_03_BAL_DAL,BAL,DAL,Rashod Bateman,00-0036550,WR,rec,3.138,1.0,2.0,3.0,4.0,6.0
2026_03_BAL_DAL,BAL,DAL,Rashod Bateman,00-0036550,WR,rec_yds,39.742,4.551,15.474,33.44,56.604,83.304
2026_03_BAL_DAL,BAL,DAL,Rashod Bateman,00-0036550,WR,anytime_td,0.312,0.0,0.0,0.0,1.0,1.0
2026_03_BAL_DAL,BAL,DAL,Zay Flowers,00-0039064,WR,car,0.343,0.0,0.0,0.0,0.0,1.0
2026_03_BAL_DAL,BAL,DAL,Zay Flowers,00-0039064,WR,rush_yds,1.992,0.0,0.0,0.0,0.0,4.396
2026_03_BAL_DAL,BAL,DAL,Zay Flowers,00-0039064,WR,tgt,8.392,4.0,6.0,8.0,11.0,13.0
2026_03_BAL_DAL,BAL,DAL,Zay Flowers,00-0039064,WR,rec,5.944,3.0,4.0,6.0,8.0,10.0
2026_03_BAL_DAL,BAL,DAL,Zay Flowers,00-0039064,WR,rec_yds,90.932,30.638,52.196,82.507,120.698,162.101
2026_03_BAL_DAL,BAL,DAL,Zay Flowers,00-0039064,WR,anytime_td,0.468,0.0,0.0,0.0,1.0,1.0
2026_03_BAL_DAL,BAL,DAL,Devontez Walker,00-0039792,WR,car,0.014,0.0,0.0,0.0,0.0,0.0
2026_03_BAL_DAL,BAL,DAL,Devontez Walker,00-0039792,WR,rush_yds,0.089,0.0,0.0,0.0,0.0,0.0
2026_03_BAL_DAL,BAL,DAL,Devontez Walker,00-0039792,WR,tgt,1.661,0.0,0.0,1.0,2.0,4.0
2026_03_BAL_DAL,BAL,DAL,Devontez Walker,00-0039792,WR,rec,1.103,0.0,0.0,1.0,2.0,3.0
2026_03_BAL_DAL,BAL,DAL,Devontez Walker,00-0039792,WR,rec_yds,15.507,0.0,0.0,7.555,23.428,43.476
2026_03_BAL_DAL,BAL,DAL,Devontez Walker,00-0039792,WR,anytime_td,0.131,0.0,0.0,0.0,0.0,1.0
2026_03_BAL_DAL,BAL,DAL,Matthew Hibner,00-0040879,TE,car,0.002,0.0,0.0,0.0,0.0,0.0
2026_03_BAL_DAL,BAL,DAL,Matthew Hibner,00-0040879,TE,rush_yds,0.003,0.0,0.0,0.0,0.0,0.0
2026_03_BAL_DAL,BAL,DAL,Matthew Hibner,00-0040879,TE,tgt,0.682,0.0,0.0,0.0,1.0,2.0
2026_03_BAL_DAL,BAL,DAL,Matthew Hibner,00-0040879,TE,rec,0.518,0.0,0.0,0.0,1.0,2.0
2026_03_BAL_DAL,BAL,DAL,Matthew Hibner,00-0040879,TE,rec_yds,5.394,0.0,0.0,0.0,7.157,18.86
2026_03_BAL_DAL,BAL,DAL,Matthew Hibner,00-0040879,TE,anytime_td,0.02,0.0,0.0,0.0,0.0,0.0
2026_03_CAR_CLE,CLE,CAR,Deshaun Watson,00-0033537,QB,att,27.806,18.0,23.0,28.0,33.0,38.0
2026_03_CAR_CLE,CLE,CAR,Deshaun Watson,00-0033537,QB,cmp,17.678,11.0,14.0,18.0,21.0,25.0
2026_03_CAR_CLE,CLE,CAR,Deshaun Watson,00-0033537,QB,pass_yds,191.462,104.659,145.679,189.524,236.72,284.13
2026_03_CAR_CLE,CLE,CAR,Deshaun Watson,00-0033537,QB,pass_td,1.239,0.0,0.0,1.0,2.0,3.0
2026_03_CAR_CLE,CLE,CAR,Deshaun Watson,00-0033537,QB,ints,0.684,0.0,0.0,0.0,1.0,2.0
2026_03_CAR_CLE,CLE,CAR,Deshaun Watson,00-0033537,QB,car,5.066,1.0,3.0,5.0,7.0,9.0
2026_03_CAR_CLE,CLE,CAR,Deshaun Watson,00-0033537,QB,rush_yds,23.972,1.757,8.619,19.869,34.342,50.543
2026_03_CAR_CLE,CLE,CAR,Deshaun Watson,00-0033537,QB,tgt,0.0,0.0,0.0,0.0,0.0,0.0
2026_03_CAR_CLE,CLE,CAR,Deshaun Watson,00-0033537,QB,rec,0.0,0.0,0.0,0.0,0.0,0.0
2026_03_CAR_CLE,CLE,CAR,Deshaun Watson,00-0033537,QB,rec_yds,0.001,0.0,0.0,0.0,0.0,0.0
2026_03_CAR_CLE,CLE,CAR,Deshaun Watson,00-0033537,QB,anytime_td,0.115,0.0,0.0,0.0,0.0,1.0
2026_03_CAR_CLE,CLE,CAR,Michael Burton,00-0031595,RB,car,0.7,0.0,0.0,0.0,1.0,2.0
2026_03_CAR_CLE,CLE,CAR,Michael Burton,00-0031595,RB,rush_yds,3.071,0.0,0.0,0.0,1.029,10.304
2026_03_CAR_CLE,CLE,CAR,Michael Burton,00-0031595,RB,tgt,0.415,0.0,0.0,0.0,1.0,1.0
2026_03_CAR_CLE,CLE,CAR,Michael Burton,00-0031595,RB,rec,0.306,0.0,0.0,0.0,0.0,1.0
2026_03_CAR_CLE,CLE,CAR,Michael Burton,00-0031595,RB,rec_yds,2.4,0.0,0.0,0.0,0.0,8.802
2026_03_CAR_CLE,CLE,CAR,Michael Burton,00-0031595,RB,anytime_td,0.049,0.0,0.0,0.0,0.0,0.0
2026_03_CAR_CLE,CLE,CAR,Raheim Sanders,00-0040466,RB,car,3.944,0.0,1.0,3.0,6.0,9.0
2026_03_CAR_CLE,CLE,CAR,Raheim Sanders,00-0040466,RB,rush_yds,16.819,0.0,2.972,10.763,24.439,41.722
2026_03_CAR_CLE,CLE,CAR,Raheim Sanders,00-0040466,RB,tgt,2.238,0.0,1.0,2.0,3.0,5.0
2026_03_CAR_CLE,CLE,CAR,Raheim Sanders,00-0040466,RB,rec,1.67,0.0,1.0,1.0,2.0,4.0
2026_03_CAR_CLE,CLE,CAR,Raheim Sanders,00-0040466,RB,rec_yds,12.697,0.0,0.0,7.833,18.997,33.061
2026_03_CAR_CLE,CLE,CAR,Raheim Sanders,00-0040466,RB,anytime_td,0.155,0.0,0.0,0.0,0.0,1.0
2026_03_CAR_CLE,CLE,CAR,Harold Fannin Jr.,00-0040663,TE,car,0.287,0.0,0.0,0.0,0.0,1.0
2026_03_CAR_CLE,CLE,CAR,Harold Fannin Jr.,00-0040663,TE,rush_yds,0.674,0.0,0.0,0.0,0.0,0.908
2026_03_CAR_CLE,CLE,CAR,Harold Fannin Jr.,00-0040663,TE,tgt,7.506,3.0,5.0,7.0,10.0,12.0
2026_03_CAR_CLE,CLE,CAR,Harold Fannin Jr.,00-0040663,TE,rec,4.982,2.0,3.0,5.0,7.0,8.0
2026_03_CAR_CLE,CLE,CAR,Harold Fannin Jr.,00-0040663,TE,rec_yds,52.56,15.183,28.574,47.468,71.209,95.819
2026_03_CAR_CLE,CLE,CAR,Harold Fannin Jr.,00-0040663,TE,anytime_td,0.238,0.0,0.0,0.0,0.0,1.0
2026_03_CAR_CLE,CLE,CAR,Quinshon Judkins,00-0040784,RB,car,15.014,7.0,11.0,15.0,19.0,23.0
2026_03_CAR_CLE,CLE,CAR,Quinshon Judkins,00-0040784,RB,rush_yds,57.883,20.939,33.691,52.164,75.692,102.772
2026_03_CAR_CLE,CLE,CAR,Quinshon Judkins,00-0040784,RB,tgt,4.177,1.0,2.0,4.0,6.0,8.0
2026_03_CAR_CLE,CLE,CAR,Quinshon Judkins,00-0040784,RB,rec,3.137,1.0,2.0,3.0,4.0,6.0
2026_03_CAR_CLE,CLE,CAR,Quinshon Judkins,00-0040784,RB,rec_yds,22.825,0.0,7.831,18.081,32.634,50.37
2026_03_CAR_CLE,CLE,CAR,Quinshon Judkins,00-0040784,RB,anytime_td,0.328,0.0,0.0,0.0,1.0,1.0
2026_03_CAR_CLE,CLE,CAR,Denzel Boston,00-0041037,WR,car,0.028,0.0,0.0,0.0,0.0,0.0
2026_03_CAR_CLE,CLE,CAR,Denzel Boston,00-0041037,WR,rush_yds,0.205,0.0,0.0,0.0,0.0,0.0
2026_03_CAR_CLE,CLE,CAR,Denzel Boston,00-0041037,WR,tgt,7.103,3.0,5.0,7.0,9.0,12.0
2026_03_CAR_CLE,CLE,CAR,Denzel Boston,00-0041037,WR,rec,4.227,1.0,3.0,4.0,6.0,7.0
2026_03_CAR_CLE,CLE,CAR,Denzel Boston,00-0041037,WR,rec_yds,61.713,14.013,30.707,54.643,84.835,118.161
2026_03_CAR_CLE,CLE,CAR,Denzel Boston,00-0041037,WR,anytime_td,0.361,0.0,0.0,0.0,1.0,1.0
2026_03_CAR_CLE,CLE,CAR,KC Concepcion,00-0041547,WR,car,1.91,0.0,0.0,1.0,3.0,5.0
2026_03_CAR_CLE,CLE,CAR,KC Concepcion,00-0041547,WR,rush_yds,10.659,0.0,0.0,2.454,15.008,32.731
2026_03_CAR_CLE,CLE,CAR,KC Concepcion,00-0041547,WR,tgt,6.959,3.0,5.0,7.0,9.0,11.0
2026_03_CAR_CLE,CLE,CAR,KC Concepcion,00-0041547,WR,rec,4.52,2.0,3.0,4.0,6.0,8.0
2026_03_CAR_CLE,CLE,CAR,KC Concepcion,00-0041547,WR,rec_yds,51.803,12.707,25.914,45.639,71.362,98.972
2026_03_CAR_CLE,CLE,CAR,KC Concepcion,00-0041547,WR,anytime_td,0.177,0.0,0.0,0.0,0.0,1.0
2026_03_CAR_CLE,CAR,CLE,Bryce Young,00-0039150,QB,att,29.867,20.0,25.0,30.0,36.0,40.0
2026_03_CAR_CLE,CAR,CLE,Bryce Young,00-0039150,QB,cmp,19.095,12.0,16.0,19.0,23.0,26.0
2026_03_CAR_CLE,CAR,CLE,Bryce Young,00-0039150,QB,pass_yds,214.512,123.34,166.662,213.491,262.807,312.622
2026_03_CAR_CLE,CAR,CLE,Bryce Young,00-0039150,QB,pass_td,1.453,0.0,1.0,1.0,2.0,3.0
2026_03_CAR_CLE,CAR,CLE,Bryce Young,00-0039150,QB,ints,0.623,0.0,0.0,0.0,1.0,2.0
2026_03_CAR_CLE,CAR,CLE,Bryce Young,00-0039150,QB,car,3.108,1.0,1.0,3.0,4.0,6.0
2026_03_CAR_CLE,CAR,CLE,Bryce Young,00-0039150,QB,rush_yds,13.932,-1.0,1.953,9.764,21.257,34.175
2026_03_CAR_CLE,CAR,CLE,Bryce Young,00-0039150,QB,tgt,0.0,0.0,0.0,0.0,0.0,0.0
2026_03_CAR_CLE,CAR,CLE,Bryce Young,00-0039150,QB,rec,0.0,0.0,0.0,0.0,0.0,0.0
2026_03_CAR_CLE,CAR,CLE,Bryce Young,00-0039150,QB,rec_yds,0.0,0.0,0.0,0.0,0.0,0.0
2026_03_CAR_CLE,CAR,CLE,Bryce Young,00-0039150,QB,anytime_td,0.197,0.0,0.0,0.0,0.0,1.0
2026_03_CAR_CLE,CAR,CLE,Darren Waller,00-0031610,TE,car,0.061,0.0,0.0,0.0,0.0,0.0
2026_03_CAR_CLE,CAR,CLE,Darren Waller,00-0031610,TE,rush_yds,0.141,0.0,0.0,0.0,0.0,0.0
2026_03_CAR_CLE,CAR,CLE,Darren Waller,00-0031610,TE,tgt,3.195,1.0,2.0,3.0,4.0,6.0
2026_03_CAR_CLE,CAR,CLE,Darren Waller,00-0031610,TE,rec,2.309,0.0,1.0,2.0,3.0,5.0
2026_03_CAR_CLE,CAR,CLE,Darren Waller,00-0031610,TE,rec_yds,23.529,0.0,6.827,18.607,34.807,52.582
2026_03_CAR_CLE,CAR,CLE,Darren Waller,00-0031610,TE,anytime_td,0.284,0.0,0.0,0.0,1.0,1.0
2026_03_CAR_CLE,CAR,CLE,David Moore,00-0033589,WR,car,0.328,0.0,0.0,0.0,0.0,1.0
2026_03_CAR_CLE,CAR,CLE,David Moore,00-0033589,WR,rush_yds,1.705,0.0,0.0,0.0,0.0,3.98
2026_03_CAR_CLE,CAR,CLE,David Moore,00-0033589,WR,tgt,1.484,0.0,0.0,1.0,2.0,4.0
2026_03_CAR_CLE,CAR,CLE,David Moore,00-0033589,WR,rec,0.915,0.0,0.0,1.0,1.0,2.0
2026_03_CAR_CLE,CAR,CLE,David Moore,00-0033589,WR,rec_yds,10.946,0.0,0.0,3.694,16.353,33.078
2026_03_CAR_CLE,CAR,CLE,David Moore,00-0033589,WR,anytime_td,0.077,0.0,0.0,0.0,0.0,0.0
2026_03_CAR_CLE,CAR,CLE,AJ Dillon,00-0036265,RB,car,6.192,1.0,3.0,5.0,9.0,12.0
2026_03_CAR_CLE,CAR,CLE,AJ Dillon,00-0036265,RB,rush_yds,25.758,1.971,8.363,19.726,36.497,57.649
2026_03_CAR_CLE,CAR,CLE,AJ Dillon,00-0036265,RB,tgt,0.39,0.0,0.0,0.0,1.0,1.0
2026_03_CAR_CLE,CAR,CLE,AJ Dillon,00-0036265,RB,rec,0.294,0.0,0.0,0.0,0.0,1.0
2026_03_CAR_CLE,CAR,CLE,AJ Dillon,00-0036265,RB,rec_yds,2.179,0.0,0.0,0.0,0.0,8.294
2026_03_CAR_CLE,CAR,CLE,AJ Dillon,00-0036265,RB,anytime_td,0.065,0.0,0.0,0.0,0.0,0.0
2026_03_CAR_CLE,CAR,CLE,Chuba Hubbard,00-0036555,RB,car,16.404,9.0,12.0,16.0,20.0,25.0
2026_03_CAR_CLE,CAR,CLE,Chuba Hubbard,00-0036555,RB,rush_yds,69.642,26.156,41.657,63.408,90.221,120.42
2026_03_CAR_CLE,CAR,CLE,Chuba Hubbard,00-0036555,RB,tgt,2.58,0.0,1.0,2.0,4.0,5.0
2026_03_CAR_CLE,CAR,CLE,Chuba Hubbard,00-0036555,RB,rec,2.009,0.0,1.0,2.0,3.0,4.0
2026_03_CAR_CLE,CAR,CLE,Chuba Hubbard,00-0036555,RB,rec_yds,14.429,0.0,1.187,9.863,21.379,36.112
2026_03_CAR_CLE,CAR,CLE,Chuba Hubbard,00-0036555,RB,anytime_td,0.44,0.0,0.0,0.0,1.0,1.0
2026_03_CAR_CLE,CAR,CLE,Tommy Tremble,00-0037005,TE,car,0.004,0.0,0.0,0.0,0.0,0.0
2026_03_CAR_CLE,CAR,CLE,Tommy Tremble,00-0037005,TE,rush_yds,0.01,0.0,0.0,0.0,0.0,0.0
2026_03_CAR_CLE,CAR,CLE,Tommy Tremble,00-0037005,TE,tgt,2.84,0.0,1.0,2.0,4.0,6.0
2026_03_CAR_CLE,CAR,CLE,Tommy Tremble,00-0037005,TE,rec,1.956,0.0,1.0,2.0,3.0,4.0
2026_03_CAR_CLE,CAR,CLE,Tommy Tremble,00-0037005,TE,rec_yds,18.473,0.0,3.81,13.464,27.738,44.098
2026_03_CAR_CLE,CAR,CLE,Tommy Tremble,00-0037005,TE,anytime_td,0.077,0.0,0.0,0.0,0.0,0.0
2026_03_CAR_CLE,CAR,CLE,John Metchie III,00-0037614,WR,car,0.22,0.0,0.0,0.0,0.0,1.0
2026_03_CAR_CLE,CAR,CLE,John Metchie III,00-0037614,WR,rush_yds,1.188,0.0,0.0,0.0,0.0,0.0
2026_03_CAR_CLE,CAR,CLE,John Metchie III,00-0037614,WR,tgt,2.792,0.0,1.0,2.0,4.0,6.0
2026_03_CAR_CLE,CAR,CLE,John Metchie III,00-0037614,WR,rec,1.725,0.0,1.0,1.0,3.0,4.0
2026_03_CAR_CLE,CAR,CLE,John Metchie III,00-0037614,WR,rec_yds,20.158,0.0,2.002,13.585,30.334,50.265
2026_03_CAR_CLE,CAR,CLE,John Metchie III,00-0037614,WR,anytime_td,0.091,0.0,0.0,0.0,0.0,0.0
2026_03_CAR_CLE,CAR,CLE,Brycen Tremayne,00-0038840,WR,car,0.02,0.0,0.0,0.0,0.0,0.0
2026_03_CAR_CLE,CAR,CLE,Brycen Tremayne,00-0038840,WR,rush_yds,0.108,0.0,0.0,0.0,0.0,0.0
2026_03_CAR_CLE,CAR,CLE,Brycen Tremayne,00-0038840,WR,tgt,0.659,0.0,0.0,0.0,1.0,2.0
2026_03_CAR_CLE,CAR,CLE,Brycen Tremayne,00-0038840,WR,rec,0.412,0.0,0.0,0.0,1.0,1.0
2026_03_CAR_CLE,CAR,CLE,Brycen Tremayne,00-0038840,WR,rec_yds,5.005,0.0,0.0,0.0,4.895,17.936
2026_03_CAR_CLE,CAR,CLE,Brycen Tremayne,00-0038840,WR,anytime_td,0.01,0.0,0.0,0.0,0.0,0.0
2026_03_CAR_CLE,CAR,CLE,Jalen Coker,00-0039491,WR,car,0.022,0.0,0.0,0.0,0.0,0.0
2026_03_CAR_CLE,CAR,CLE,Jalen Coker,00-0039491,WR,rush_yds,0.138,0.0,0.0,0.0,0.0,0.0
2026_03_CAR_CLE,CAR,CLE,Jalen Coker,00-0039491,WR,tgt,7.112,3.0,5.0,7.0,9.0,12.0
2026_03_CAR_CLE,CAR,CLE,Jalen Coker,00-0039491,WR,rec,5.014,2.0,3.0,5.0,7.0,9.0
2026_03_CAR_CLE,CAR,CLE,Jalen Coker,00-0039491,WR,rec_yds,60.653,16.488,31.833,54.315,82.54,112.687
2026_03_CAR_CLE,CAR,CLE,Jalen Coker,00-0039491,WR,anytime_td,0.329,0.0,0.0,0.0,1.0,1.0
2026_03_CAR_CLE,CAR,CLE,Tetairoa McMillan,00-0040124,WR,car,0.024,0.0,0.0,0.0,0.0,0.0
2026_03_CAR_CLE,CAR,CLE,Tetairoa McMillan,00-0040124,WR,rush_yds,0.134,0.0,0.0,0.0,0.0,0.0
2026_03_CAR_CLE,CAR,CLE,Tetairoa McMillan,00-0040124,WR,tgt,7.717,4.0,5.0,7.0,10.0,12.0
2026_03_CAR_CLE,CAR,CLE,Tetairoa McMillan,00-0040124,WR,rec,4.538,2.0,3.0,4.0,6.0,8.0
2026_03_CAR_CLE,CAR,CLE,Tetairoa McMillan,00-0040124,WR,rec_yds,61.704,14.924,30.845,54.687,85.378,117.685
2026_03_CAR_CLE,CAR,CLE,Tetairoa McMillan,00-0040124,WR,anytime_td,0.192,0.0,0.0,0.0,0.0,1.0
2026_03_CAR_CLE,CAR,CLE,Mitchell Evans,00-0040187,TE,car,0.1,0.0,0.0,0.0,0.0,0.0
2026_03_CAR_CLE,CAR,CLE,Mitchell Evans,00-0040187,TE,rush_yds,0.244,0.0,0.0,0.0,0.0,0.0
2026_03_CAR_CLE,CAR,CLE,Mitchell Evans,00-0040187,TE,tgt,1.621,0.0,0.0,1.0,2.0,4.0
2026_03_CAR_CLE,CAR,CLE,Mitchell Evans,00-0040187,TE,rec,1.125,0.0,0.0,1.0,2.0,3.0
2026_03_CAR_CLE,CAR,CLE,Mitchell Evans,00-0040187,TE,rec_yds,10.994,0.0,0.0,5.822,16.724,30.921
2026_03_CAR_CLE,CAR,CLE,Mitchell Evans,00-0040187,TE,anytime_td,0.049,0.0,0.0,0.0,0.0,0.0
2026_03_CIN_PIT,PIT,CIN,Aaron Rodgers,00-0023459,QB,att,32.412,22.0,28.0,33.0,38.0,43.0
2026_03_CIN_PIT,PIT,CIN,Aaron Rodgers,00-0023459,QB,cmp,20.034,13.0,17.0,20.0,24.0,28.0
2026_03_CIN_PIT,PIT,CIN,Aaron Rodgers,00-0023459,QB,pass_yds,208.44,119.84,161.823,207.144,255.17,304.078
2026_03_CIN_PIT,PIT,CIN,Aaron Rodgers,00-0023459,QB,pass_td,1.239,0.0,0.0,1.0,2.0,3.0
2026_03_CIN_PIT,PIT,CIN,Aaron Rodgers,00-0023459,QB,ints,0.677,0.0,0.0,0.0,1.0,2.0
2026_03_CIN_PIT,PIT,CIN,Aaron Rodgers,00-0023459,QB,car,1.719,0.0,0.0,1.0,3.0,4.0
2026_03_CIN_PIT,PIT,CIN,Aaron Rodgers,00-0023459,QB,rush_yds,7.044,-1.0,0.0,2.72,10.831,21.663
2026_03_CIN_PIT,PIT,CIN,Aaron Rodgers,00-0023459,QB,tgt,0.0,0.0,0.0,0.0,0.0,0.0
2026_03_CIN_PIT,PIT,CIN,Aaron Rodgers,00-0023459,QB,rec,0.0,0.0,0.0,0.0,0.0,0.0
2026_03_CIN_PIT,PIT,CIN,Aaron Rodgers,00-0023459,QB,rec_yds,0.0,0.0,0.0,0.0,0.0,0.0
2026_03_CIN_PIT,PIT,CIN,Aaron Rodgers,00-0023459,QB,anytime_td,0.035,0.0,0.0,0.0,0.0,0.0
2026_03_CIN_PIT,PIT,CIN,Travis Homer,00-0035594,RB,car,2.241,0.0,0.0,1.0,3.0,6.0
2026_03_CIN_PIT,PIT,CIN,Travis Homer,00-0035594,RB,rush_yds,9.127,0.0,0.0,3.929,12.674,25.771
2026_03_CIN_PIT,PIT,CIN,Travis Homer,00-0035594,RB,tgt,0.319,0.0,0.0,0.0,0.0,1.0
2026_03_CIN_PIT,PIT,CIN,Travis Homer,00-0035594,RB,rec,0.24,0.0,0.0,0.0,0.0,1.0
2026_03_CIN_PIT,PIT,CIN,Travis Homer,00-0035594,RB,rec_yds,1.621,0.0,0.0,0.0,0.0,5.915
2026_03_CIN_PIT,PIT,CIN,Travis Homer,00-0035594,RB,anytime_td,0.043,0.0,0.0,0.0,0.0,0.0
2026_03_CIN_PIT,PIT,CIN,DK Metcalf,00-0035640,WR,car,0.113,0.0,0.0,0.0,0.0,0.0
2026_03_CIN_PIT,PIT,CIN,DK Metcalf,00-0035640,WR,rush_yds,0.593,0.0,0.0,0.0,0.0,0.0
2026_03_CIN_PIT,PIT,CIN,DK Metcalf,00-0035640,WR,tgt,7.93,4.0,5.0,8.0,10.0,13.0
2026_03_CIN_PIT,PIT,CIN,DK Metcalf,00-0035640,WR,rec,4.373,2.0,3.0,4.0,6.0,8.0
2026_03_CIN_PIT,PIT,CIN,DK Metcalf,00-0035640,WR,rec_yds,50.892,12.19,25.111,44.785,69.696,97.62
2026_03_CIN_PIT,PIT,CIN,DK Metcalf,00-0035640,WR,anytime_td,0.209,0.0,0.0,0.0,0.0,1.0
2026_03_CIN_PIT,PIT,CIN,Michael Pittman,00-0036252,WR,car,0.022,0.0,0.0,0.0,0.0,0.0
2026_03_CIN_PIT,PIT,CIN,Michael Pittman,00-0036252,WR,rush_yds,0.11,0.0,0.0,0.0,0.0,0.0
2026_03_CIN_PIT,PIT,CIN,Michael Pittman,00-0036252,WR,tgt,4.839,2.0,3.0,4.0,6.0,9.0
2026_03_CIN_PIT,PIT,CIN,Michael Pittman,00-0036252,WR,rec,3.131,1.0,2.0,3.0,4.0,6.0
2026_03_CIN_PIT,PIT,CIN,Michael Pittman,00-0036252,WR,rec_yds,37.461,4.066,14.421,31.216,53.654,78.698
2026_03_CIN_PIT,PIT,CIN,Michael Pittman,00-0036252,WR,anytime_td,0.148,0.0,0.0,0.0,0.0,1.0
2026_03_CIN_PIT,PIT,CIN,Ben Skowronek,00-0036862,WR,car,0.017,0.0,0.0,0.0,0.0,0.0
2026_03_CIN_PIT,PIT,CIN,Ben Skowronek,00-0036862,WR,rush_yds,0.081,0.0,0.0,0.0,0.0,0.0
2026_03_CIN_PIT,PIT,CIN,Ben Skowronek,00-0036862,WR,tgt,0.723,0.0,0.0,0.0,1.0,2.0
2026_03_CIN_PIT,PIT,CIN,Ben Skowronek,00-0036862,WR,rec,0.452,0.0,0.0,0.0,1.0,1.0
2026_03_CIN_PIT,PIT,CIN,Ben Skowronek,00-0036862,WR,rec_yds,5.322,0.0,0.0,0.0,5.763,18.486
2026_03_CIN_PIT,PIT,CIN,Ben Skowronek,00-0036862,WR,anytime_td,0.017,0.0,0.0,0.0,0.0,0.0
2026_03_CIN_PIT,PIT,CIN,Pat Freiermuth,00-0036894,TE,car,0.332,0.0,0.0,0.0,0.0,1.0
2026_03_CIN_PIT,PIT,CIN,Pat Freiermuth,00-0036894,TE,rush_yds,0.745,0.0,0.0,0.0,0.0,1.753
2026_03_CIN_PIT,PIT,CIN,Pat Freiermuth,00-0036894,TE,tgt,4.412,1.0,2.0,4.0,6.0,8.0
2026_03_CIN_PIT,PIT,CIN,Pat Freiermuth,00-0036894,TE,rec,3.182,1.0,2.0,3.0,4.0,6.0
2026_03_CIN_PIT,PIT,CIN,Pat Freiermuth,00-0036894,TE,rec_yds,31.214,3.728,12.219,25.957,44.591,65.601
2026_03_CIN_PIT,PIT,CIN,Pat Freiermuth,00-0036894,TE,anytime_td,0.238,0.0,0.0,0.0,0.0,1.0
2026_03_CIN_PIT,PIT,CIN,Jaylen Warren,00-0037228,RB,car,15.638,8.0,11.0,15.0,19.0,24.0
2026_03_CIN_PIT,PIT,CIN,Jaylen Warren,00-0037228,RB,rush_yds,63.719,23.538,37.426,57.585,83.306,113.104
2026_03_CIN_PIT,PIT,CIN,Jaylen Warren,00-0037228,RB,tgt,3.611,1.0,2.0,3.0,5.0,7.0
2026_03_CIN_PIT,PIT,CIN,Jaylen Warren,00-0037228,RB,rec,2.747,0.0,1.0,2.0,4.0,5.0
2026_03_CIN_PIT,PIT,CIN,Jaylen Warren,00-0037228,RB,rec_yds,19.819,0.0,5.642,15.256,29.145,45.096
2026_03_CIN_PIT,PIT,CIN,Jaylen Warren,00-0037228,RB,anytime_td,0.343,0.0,0.0,0.0,1.0,1.0
2026_03_CIN_PIT,PIT,CIN,Lew Nichols III,00-0038409,RB,car,3.346,0.0,1.0,3.0,5.0,8.0
2026_03_CIN_PIT,PIT,CIN,Lew Nichols III,00-0038409,RB,rush_yds,13.325,0.0,1.605,7.897,19.275,34.163
2026_03_CIN_PIT,PIT,CIN,Lew Nichols III,00-0038409,RB,tgt,0.862,0.0,0.0,0.0,1.0,2.0
2026_03_CIN_PIT,PIT,CIN,Lew Nichols III,00-0038409,RB,rec,0.656,0.0,0.0,0.0,1.0,2.0
2026_03_CIN_PIT,PIT,CIN,Lew Nichols III,00-0038409,RB,rec_yds,4.668,0.0,0.0,0.0,6.24,15.26
2026_03_CIN_PIT,PIT,CIN,Lew Nichols III,00-0038409,RB,anytime_td,0.098,0.0,0.0,0.0,0.0,0.0
2026_03_CIN_PIT,PIT,CIN,Darnell Washington,00-0038558,TE,car,0.003,0.0,0.0,0.0,0.0,0.0
2026_03_CIN_PIT,PIT,CIN,Darnell Washington,00-0038558,TE,rush_yds,0.007,0.0,0.0,0.0,0.0,0.0
2026_03_CIN_PIT,PIT,CIN,Darnell Washington,00-0038558,TE,tgt,2.659,0.0,1.0,2.0,4.0,5.0
2026_03_CIN_PIT,PIT,CIN,Darnell Washington,00-0038558,TE,rec,1.873,0.0,1.0,2.0,3.0,4.0
2026_03_CIN_PIT,PIT,CIN,Darnell Washington,00-0038558,TE,rec_yds,18.284,0.0,3.139,12.983,27.299,44.217
2026_03_CIN_PIT,PIT,CIN,Darnell Washington,00-0038558,TE,anytime_td,0.066,0.0,0.0,0.0,0.0,0.0
2026_03_CIN_PIT,PIT,CIN,Roman Wilson,00-0039739,WR,car,0.016,0.0,0.0,0.0,0.0,0.0
2026_03_CIN_PIT,PIT,CIN,Roman Wilson,00-0039739,WR,rush_yds,0.081,0.0,0.0,0.0,0.0,0.0
2026_03_CIN_PIT,PIT,CIN,Roman Wilson,00-0039739,WR,tgt,3.881,1.0,2.0,3.0,5.0,7.0
2026_03_CIN_PIT,PIT,CIN,Roman Wilson,00-0039739,WR,rec,2.389,0.0,1.0,2.0,3.0,5.0
2026_03_CIN_PIT,PIT,CIN,Roman Wilson,00-0039739,WR,rec_yds,26.224,0.0,7.697,20.351,38.49,59.376
2026_03_CIN_PIT,PIT,CIN,Roman Wilson,00-0039739,WR,anytime_td,0.115,0.0,0.0,0.0,0.0,1.0
2026_03_CIN_PIT,PIT,CIN,Germie Bernard,00-0041489,WR,car,0.034,0.0,0.0,0.0,0.0,0.0
2026_03_CIN_PIT,PIT,CIN,Germie Bernard,00-0041489,WR,rush_yds,0.188,0.0,0.0,0.0,0.0,0.0
2026_03_CIN_PIT,PIT,CIN,Germie Bernard,00-0041489,WR,tgt,3.636,1.0,2.0,3.0,5.0,7.0
2026_03_CIN_PIT,PIT,CIN,Germie Bernard,00-0041489,WR,rec,2.161,0.0,1.0,2.0,3.0,4.0
2026_03_CIN_PIT,PIT,CIN,Germie Bernard,00-0041489,WR,rec_yds,25.231,0.0,6.454,18.914,37.469,58.667
2026_03_CIN_PIT,PIT,CIN,Germie Bernard,00-0041489,WR,anytime_td,0.096,0.0,0.0,0.0,0.0,0.0
2026_03_CIN_PIT,CIN,PIT,Joe Burrow,00-0036442,QB,att,31.05,21.0,26.0,32.0,37.0,42.0
2026_03_CIN_PIT,CIN,PIT,Joe Burrow,00-0036442,QB,cmp,20.215,13.0,17.0,20.0,24.0,28.0
2026_03_CIN_PIT,CIN,PIT,Joe Burrow,00-0036442,QB,pass_yds,224.575,129.659,175.041,223.19,276.035,328.362
2026_03_CIN_PIT,CIN,PIT,Joe Burrow,00-0036442,QB,pass_td,1.548,0.0,1.0,1.0,2.0,3.0
2026_03_CIN_PIT,CIN,PIT,Joe Burrow,00-0036442,QB,ints,0.707,0.0,0.0,0.0,1.0,2.0
2026_03_CIN_PIT,CIN,PIT,Joe Burrow,00-0036442,QB,car,2.959,0.0,1.0,2.0,4.0,6.0
2026_03_CIN_PIT,CIN,PIT,Joe Burrow,00-0036442,QB,rush_yds,9.992,-1.0,0.0,5.795,15.532,28.122
2026_03_CIN_PIT,CIN,PIT,Joe Burrow,00-0036442,QB,tgt,0.0,0.0,0.0,0.0,0.0,0.0
2026_03_CIN_PIT,CIN,PIT,Joe Burrow,00-0036442,QB,rec,0.0,0.0,0.0,0.0,0.0,0.0
2026_03_CIN_PIT,CIN,PIT,Joe Burrow,00-0036442,QB,rec_yds,0.001,0.0,0.0,0.0,0.0,0.0
2026_03_CIN_PIT,CIN,PIT,Joe Burrow,00-0036442,QB,anytime_td,0.056,0.0,0.0,0.0,0.0,0.0
2026_03_CIN_PIT,CIN,PIT,Samaje Perine,00-0033526,RB,car,5.562,1.0,2.0,5.0,8.0,11.0
2026_03_CIN_PIT,CIN,PIT,Samaje Perine,00-0033526,RB,rush_yds,23.703,1.023,6.889,17.4,33.629,53.741
2026_03_CIN_PIT,CIN,PIT,Samaje Perine,00-0033526,RB,tgt,1.858,0.0,1.0,1.0,3.0,4.0
2026_03_CIN_PIT,CIN,PIT,Samaje Perine,00-0033526,RB,rec,1.472,0.0,0.0,1.0,2.0,3.0
2026_03_CIN_PIT,CIN,PIT,Samaje Perine,00-0033526,RB,rec_yds,11.586,0.0,0.0,6.38,17.33,31.82
2026_03_CIN_PIT,CIN,PIT,Samaje Perine,00-0033526,RB,anytime_td,0.203,0.0,0.0,0.0,0.0,1.0
2026_03_CIN_PIT,CIN,PIT,Tanner Hudson,00-0034613,TE,car,0.005,0.0,0.0,0.0,0.0,0.0
2026_03_CIN_PIT,CIN,PIT,Tanner Hudson,00-0034613,TE,rush_yds,0.009,0.0,0.0,0.0,0.0,0.0
2026_03_CIN_PIT,CIN,PIT,Tanner Hudson,00-0034613,TE,tgt,1.545,0.0,0.0,1.0,2.0,4.0
2026_03_CIN_PIT,CIN,PIT,Tanner Hudson,00-0034613,TE,rec,1.125,0.0,0.0,1.0,2.0,3.0
2026_03_CIN_PIT,CIN,PIT,Tanner Hudson,00-0034613,TE,rec_yds,11.738,0.0,0.0,6.21,18.03,33.218
2026_03_CIN_PIT,CIN,PIT,Tanner Hudson,00-0034613,TE,anytime_td,0.075,0.0,0.0,0.0,0.0,0.0
2026_03_CIN_PIT,CIN,PIT,Mike Gesicki,00-0034829,TE,car,0.003,0.0,0.0,0.0,0.0,0.0
2026_03_CIN_PIT,CIN,PIT,Mike Gesicki,00-0034829,TE,rush_yds,0.005,0.0,0.0,0.0,0.0,0.0
2026_03_CIN_PIT,CIN,PIT,Mike Gesicki,00-0034829,TE,tgt,3.317,1.0,2.0,3.0,5.0,6.0
2026_03_CIN_PIT,CIN,PIT,Mike Gesicki,00-0034829,TE,rec,2.362,0.0,1.0,2.0,3.0,5.0
2026_03_CIN_PIT,CIN,PIT,Mike Gesicki,00-0034829,TE,rec_yds,27.13,0.0,7.876,21.248,39.835,61.015
2026_03_CIN_PIT,CIN,PIT,Mike Gesicki,00-0034829,TE,anytime_td,0.217,0.0,0.0,0.0,0.0,1.0
2026_03_CIN_PIT,CIN,PIT,Drew Sample,00-0035631,TE,car,0.04,0.0,0.0,0.0,0.0,0.0
2026_03_CIN_PIT,CIN,PIT,Drew Sample,00-0035631,TE,rush_yds,0.089,0.0,0.0,0.0,0.0,0.0
2026_03_CIN_PIT,CIN,PIT,Drew Sample,00-0035631,TE,tgt,1.408,0.0,0.0,1.0,2.0,3.0
2026_03_CIN_PIT,CIN,PIT,Drew Sample,00-0035631,TE,rec,1.042,0.0,0.0,1.0,2.0,3.0
2026_03_CIN_PIT,CIN,PIT,Drew Sample,00-0035631,TE,rec_yds,10.581,0.0,0.0,4.949,15.909,30.121
2026_03_CIN_PIT,CIN,PIT,Drew Sample,00-0035631,TE,anytime_td,0.03,0.0,0.0,0.0,0.0,0.0
2026_03_CIN_PIT,CIN,PIT,Tee Higgins,00-0036410,WR,car,0.016,0.0,0.0,0.0,0.0,0.0
2026_03_CIN_PIT,CIN,PIT,Tee Higgins,00-0036410,WR,rush_yds,0.092,0.0,0.0,0.0,0.0,0.0
2026_03_CIN_PIT,CIN,PIT,Tee Higgins,00-0036410,WR,tgt,7.323,3.0,5.0,7.0,9.0,12.0
2026_03_CIN_PIT,CIN,PIT,Tee Higgins,00-0036410,WR,rec,4.394,1.0,3.0,4.0,6.0,8.0
2026_03_CIN_PIT,CIN,PIT,Tee Higgins,00-0036410,WR,rec_yds,64.069,14.152,31.057,56.584,88.586,123.403
2026_03_CIN_PIT,CIN,PIT,Tee Higgins,00-0036410,WR,anytime_td,0.281,0.0,0.0,0.0,1.0,1.0
2026_03_CIN_PIT,CIN,PIT,Ja'Marr Chase,00-0036900,WR,car,0.089,0.0,0.0,0.0,0.0,0.0
2026_03_CIN_PIT,CIN,PIT,Ja'Marr Chase,00-0036900,WR,rush_yds,0.528,0.0,0.0,0.0,0.0,0.0
2026_03_CIN_PIT,CIN,PIT,Ja'Marr Chase,00-0036900,WR,tgt,8.923,4.0,6.0,9.0,11.0,14.0
2026_03_CIN_PIT,CIN,PIT,Ja'Marr Chase,00-0036900,WR,rec,5.828,3.0,4.0,6.0,7.0,10.0
2026_03_CIN_PIT,CIN,PIT,Ja'Marr Chase,00-0036900,WR,rec_yds,70.835,23.16,40.353,65.225,94.948,125.939
2026_03_CIN_PIT,CIN,PIT,Ja'Marr Chase,00-0036900,WR,anytime_td,0.4,0.0,0.0,0.0,1.0,1.0
2026_03_CIN_PIT,CIN,PIT,Chase Brown,00-0038597,RB,car,16.712,9.0,12.0,16.0,21.0,25.0
2026_03_CIN_PIT,CIN,PIT,Chase Brown,00-0038597,RB,rush_yds,71.036,27.24,42.499,64.867,92.731,123.528
2026_03_CIN_PIT,CIN,PIT,Chase Brown,00-0038597,RB,tgt,5.258,2.0,3.0,5.0,7.0,9.0
2026_03_CIN_PIT,CIN,PIT,Chase Brown,00-0038597,RB,rec,4.041,1.0,2.0,4.0,5.0,7.0
2026_03_CIN_PIT,CIN,PIT,Chase Brown,00-0038597,RB,rec_yds,26.841,3.666,10.966,22.429,37.681,55.728
2026_03_CIN_PIT,CIN,PIT,Chase Brown,00-0038597,RB,anytime_td,0.534,0.0,0.0,1.0,1.0,1.0
2026_03_CIN_PIT,CIN,PIT,Dohnte Meyers,00-0040785,WR,car,0.437,0.0,0.0,0.0,0.0,1.0
2026_03_CIN_PIT,CIN,PIT,Dohnte Meyers,00-0040785,WR,rush_yds,2.376,0.0,0.0,0.0,0.0,7.481
2026_03_CIN_PIT,CIN,PIT,Dohnte Meyers,00-0040785,WR,tgt,1.26,0.0,0.0,1.0,2.0,3.0
2026_03_CIN_PIT,CIN,PIT,Dohnte Meyers,00-0040785,WR,rec,0.783,0.0,0.0,0.0,1.0,2.0
2026_03_CIN_PIT,CIN,PIT,Dohnte Meyers,00-0040785,WR,rec_yds,10.375,0.0,0.0,0.0,15.388,32.169
2026_03_CIN_PIT,CIN,PIT,Dohnte Meyers,00-0040785,WR,anytime_td,0.041,0.0,0.0,0.0,0.0,0.0
2026_03_CIN_PIT,CIN,PIT,Colbie Young,00-0041069,WR,car,0.022,0.0,0.0,0.0,0.0,0.0
2026_03_CIN_PIT,CIN,PIT,Colbie Young,00-0041069,WR,rush_yds,0.135,0.0,0.0,0.0,0.0,0.0
2026_03_CIN_PIT,CIN,PIT,Colbie Young,00-0041069,WR,tgt,0.869,0.0,0.0,0.0,1.0,2.0
2026_03_CIN_PIT,CIN,PIT,Colbie Young,00-0041069,WR,rec,0.549,0.0,0.0,0.0,1.0,2.0
2026_03_CIN_PIT,CIN,PIT,Colbie Young,00-0041069,WR,rec_yds,6.976,0.0,0.0,0.0,9.217,23.452
2026_03_CIN_PIT,CIN,PIT,Colbie Young,00-0041069,WR,anytime_td,0.021,0.0,0.0,0.0,0.0,0.0
2026_03_HOU_IND,IND,HOU,Daniel Jones,00-0035710,QB,att,29.817,20.0,25.0,30.0,36.0,40.0
2026_03_HOU_IND,IND,HOU,Daniel Jones,00-0035710,QB,cmp,18.676,12.0,15.0,19.0,23.0,26.0
2026_03_HOU_IND,IND,HOU,Daniel Jones,00-0035710,QB,pass_yds,204.675,114.111,156.679,203.163,253.283,302.14
2026_03_HOU_IND,IND,HOU,Daniel Jones,00-0035710,QB,pass_td,1.143,0.0,0.0,1.0,2.0,3.0
2026_03_HOU_IND,IND,HOU,Daniel Jones,00-0035710,QB,ints,0.704,0.0,0.0,0.0,1.0,2.0
2026_03_HOU_IND,IND,HOU,Daniel Jones,00-0035710,QB,car,3.14,0.0,1.0,3.0,4.0,6.0
2026_03_HOU_IND,IND,HOU,Daniel Jones,00-0035710,QB,rush_yds,13.681,0.0,1.898,10.145,20.788,33.214
2026_03_HOU_IND,IND,HOU,Daniel Jones,00-0035710,QB,tgt,0.001,0.0,0.0,0.0,0.0,0.0
2026_03_HOU_IND,IND,HOU,Daniel Jones,00-0035710,QB,rec,0.001,0.0,0.0,0.0,0.0,0.0
2026_03_HOU_IND,IND,HOU,Daniel Jones,00-0035710,QB,rec_yds,0.007,0.0,0.0,0.0,0.0,0.0
2026_03_HOU_IND,IND,HOU,Daniel Jones,00-0035710,QB,anytime_td,0.093,0.0,0.0,0.0,0.0,0.0
2026_03_HOU_IND,IND,HOU,Keenan Allen,00-0030279,WR,car,0.011,0.0,0.0,0.0,0.0,0.0
2026_03_HOU_IND,IND,HOU,Keenan Allen,00-0030279,WR,rush_yds,0.064,0.0,0.0,0.0,0.0,0.0
2026_03_HOU_IND,IND,HOU,Keenan Allen,00-0030279,WR,tgt,7.425,3.0,5.0,7.0,10.0,12.0
2026_03_HOU_IND,IND,HOU,Keenan Allen,00-0030279,WR,rec,4.433,2.0,3.0,4.0,6.0,8.0
2026_03_HOU_IND,IND,HOU,Keenan Allen,00-0030279,WR,rec_yds,52.935,12.668,26.201,46.517,72.262,101.971
2026_03_HOU_IND,IND,HOU,Keenan Allen,00-0030279,WR,anytime_td,0.139,0.0,0.0,0.0,0.0,1.0
2026_03_HOU_IND,IND,HOU,Laquon Treadwell,00-0032951,WR,car,0.011,0.0,0.0,0.0,0.0,0.0
2026_03_HOU_IND,IND,HOU,Laquon Treadwell,00-0032951,WR,rush_yds,0.053,0.0,0.0,0.0,0.0,0.0
2026_03_HOU_IND,IND,HOU,Laquon Treadwell,00-0032951,WR,tgt,1.631,0.0,0.0,1.0,2.0,4.0
2026_03_HOU_IND,IND,HOU,Laquon Treadwell,00-0032951,WR,rec,1.013,0.0,0.0,1.0,2.0,3.0
2026_03_HOU_IND,IND,HOU,Laquon Treadwell,00-0032951,WR,rec_yds,14.722,0.0,0.0,6.431,21.89,43.4
2026_03_HOU_IND,IND,HOU,Laquon Treadwell,00-0032951,WR,anytime_td,0.02,0.0,0.0,0.0,0.0,0.0
2026_03_HOU_IND,IND,HOU,Mo Alie-Cox,00-0033217,TE,car,0.003,0.0,0.0,0.0,0.0,0.0
2026_03_HOU_IND,IND,HOU,Mo Alie-Cox,00-0033217,TE,rush_yds,0.007,0.0,0.0,0.0,0.0,0.0
2026_03_HOU_IND,IND,HOU,Mo Alie-Cox,00-0033217,TE,tgt,1.185,0.0,0.0,1.0,2.0,3.0
2026_03_HOU_IND,IND,HOU,Mo Alie-Cox,00-0033217,TE,rec,0.812,0.0,0.0,0.0,1.0,2.0
2026_03_HOU_IND,IND,HOU,Mo Alie-Cox,00-0033217,TE,rec_yds,8.969,0.0,0.0,0.0,13.197,27.502
2026_03_HOU_IND,IND,HOU,Mo Alie-Cox,00-0033217,TE,anytime_td,0.054,0.0,0.0,0.0,0.0,0.0
2026_03_HOU_IND,IND,HOU,Jonathan Taylor,00-0036223,RB,car,20.688,12.0,16.0,20.0,25.0,30.0
2026_03_HOU_IND,IND,HOU,Jonathan Taylor,00-0036223,RB,rush_yds,82.195,36.512,52.612,75.878,104.95,136.85
2026_03_HOU_IND,IND,HOU,Jonathan Taylor,00-0036223,RB,tgt,4.308,1.0,2.0,4.0,6.0,8.0
2026_03_HOU_IND,IND,HOU,Jonathan Taylor,00-0036223,RB,rec,3.272,1.0,2.0,3.0,5.0,6.0
2026_03_HOU_IND,IND,HOU,Jonathan Taylor,00-0036223,RB,rec_yds,26.87,1.139,9.126,21.465,38.839,59.111
2026_03_HOU_IND,IND,HOU,Jonathan Taylor,00-0036223,RB,anytime_td,0.52,0.0,0.0,1.0,1.0,1.0
2026_03_HOU_IND,IND,HOU,Josh Downs,00-0038997,WR,car,0.139,0.0,0.0,0.0,0.0,0.0
2026_03_HOU_IND,IND,HOU,Josh Downs,00-0038997,WR,rush_yds,0.708,0.0,0.0,0.0,0.0,0.0
2026_03_HOU_IND,IND,HOU,Josh Downs,00-0038997,WR,tgt,7.467,3.0,5.0,7.0,10.0,12.0
2026_03_HOU_IND,IND,HOU,Josh Downs,00-0038997,WR,rec,4.625,2.0,3.0,4.0,6.0,8.0
2026_03_HOU_IND,IND,HOU,Josh Downs,00-0038997,WR,rec_yds,60.339,14.808,30.574,53.223,82.946,114.333
2026_03_HOU_IND,IND,HOU,Josh Downs,00-0038997,WR,anytime_td,0.149,0.0,0.0,0.0,0.0,1.0
2026_03_HOU_IND,IND,HOU,Tyler Warren,00-0040128,TE,car,0.369,0.0,0.0,0.0,0.0,1.0
2026_03_HOU_IND,IND,HOU,Tyler Warren,00-0040128,TE,rush_yds,0.824,0.0,0.0,0.0,0.0,2.349
2026_03_HOU_IND,IND,HOU,Tyler Warren,00-0040128,TE,tgt,7.735,4.0,5.0,7.0,10.0,12.0
2026_03_HOU_IND,IND,HOU,Tyler Warren,00-0040128,TE,rec,5.245,2.0,3.0,5.0,7.0,9.0
2026_03_HOU_IND,IND,HOU,Tyler Warren,00-0040128,TE,rec_yds,50.646,15.094,27.652,46.245,68.868,91.423
2026_03_HOU_IND,IND,HOU,Tyler Warren,00-0040128,TE,anytime_td,0.323,0.0,0.0,0.0,1.0,1.0
2026_03_HOU_IND,IND,HOU,Seth McGowan,00-0041125,RB,car,1.587,0.0,0.0,1.0,2.0,4.0
2026_03_HOU_IND,IND,HOU,Seth McGowan,00-0041125,RB,rush_yds,6.054,0.0,0.0,0.845,7.873,18.603
2026_03_HOU_IND,IND,HOU,Seth McGowan,00-0041125,RB,tgt,0.716,0.0,0.0,0.0,1.0,2.0
2026_03_HOU_IND,IND,HOU,Seth McGowan,00-0041125,RB,rec,0.535,0.0,0.0,0.0,1.0,2.0
2026_03_HOU_IND,IND,HOU,Seth McGowan,00-0041125,RB,rec_yds,4.086,0.0,0.0,0.0,4.713,14.293
2026_03_HOU_IND,IND,HOU,Seth McGowan,00-0041125,RB,anytime_td,0.038,0.0,0.0,0.0,0.0,0.0
2026_03_HOU_IND,HOU,IND,C.J. Stroud,00-0039163,QB,att,32.576,22.0,28.0,33.0,39.0,43.0
2026_03_HOU_IND,HOU,IND,C.J. Stroud,00-0039163,QB,cmp,20.482,13.0,17.0,21.0,25.0,28.0
2026_03_HOU_IND,HOU,IND,C.J. Stroud,00-0039163,QB,pass_yds,229.156,132.374,180.207,228.284,280.001,332.054
2026_03_HOU_IND,HOU,IND,C.J. Stroud,00-0039163,QB,pass_td,1.37,0.0,1.0,1.0,2.0,3.0
2026_03_HOU_IND,HOU,IND,C.J. Stroud,00-0039163,QB,ints,0.646,0.0,0.0,0.0,1.0,2.0
2026_03_HOU_IND,HOU,IND,C.J. Stroud,00-0039163,QB,car,3.028,0.0,1.0,3.0,4.0,6.0
2026_03_HOU_IND,HOU,IND,C.J. Stroud,00-0039163,QB,rush_yds,13.428,-1.0,1.033,9.326,20.652,33.949
2026_03_HOU_IND,HOU,IND,C.J. Stroud,00-0039163,QB,tgt,0.0,0.0,0.0,0.0,0.0,0.0
2026_03_HOU_IND,HOU,IND,C.J. Stroud,00-0039163,QB,rec,0.0,0.0,0.0,0.0,0.0,0.0
2026_03_HOU_IND,HOU,IND,C.J. Stroud,00-0039163,QB,rec_yds,0.001,0.0,0.0,0.0,0.0,0.0
2026_03_HOU_IND,HOU,IND,C.J. Stroud,00-0039163,QB,anytime_td,0.08,0.0,0.0,0.0,0.0,0.0
2026_03_HOU_IND,HOU,IND,Dalton Schultz,00-0034383,TE,car,0.003,0.0,0.0,0.0,0.0,0.0
2026_03_HOU_IND,HOU,IND,Dalton Schultz,00-0034383,TE,rush_yds,0.009,0.0,0.0,0.0,0.0,0.0
2026_03_HOU_IND,HOU,IND,Dalton Schultz,00-0034383,TE,tgt,8.631,4.0,6.0,8.0,11.0,14.0
2026_03_HOU_IND,HOU,IND,Dalton Schultz,00-0034383,TE,rec,6.27,3.0,4.0,6.0,8.0,10.0
2026_03_HOU_IND,HOU,IND,Dalton Schultz,00-0034383,TE,rec_yds,67.071,22.476,38.952,61.728,89.458,117.678
2026_03_HOU_IND,HOU,IND,Dalton Schultz,00-0034383,TE,anytime_td,0.166,0.0,0.0,0.0,0.0,1.0
2026_03_HOU_IND,HOU,IND,Foster Moreau,00-0034981,TE,car,0.002,0.0,0.0,0.0,0.0,0.0
2026_03_HOU_IND,HOU,IND,Foster Moreau,00-0034981,TE,rush_yds,0.006,0.0,0.0,0.0,0.0,0.0
2026_03_HOU_IND,HOU,IND,Foster Moreau,00-0034981,TE,tgt,1.785,0.0,0.0,1.0,3.0,4.0
2026_03_HOU_IND,HOU,IND,Foster Moreau,00-0034981,TE,rec,1.304,0.0,0.0,1.0,2.0,3.0
2026_03_HOU_IND,HOU,IND,Foster Moreau,00-0034981,TE,rec_yds,13.96,0.0,0.0,7.889,21.363,37.912
2026_03_HOU_IND,HOU,IND,Foster Moreau,00-0034981,TE,anytime_td,0.04,0.0,0.0,0.0,0.0,0.0
2026_03_HOU_IND,HOU,IND,David Montgomery,00-0035685,RB,car,11.116,4.0,7.0,10.0,14.0,19.0
2026_03_HOU_IND,HOU,IND,David Montgomery,00-0035685,RB,rush_yds,45.209,11.682,22.18,38.958,60.898,87.094
2026_03_HOU_IND,HOU,IND,David Montgomery,00-0035685,RB,tgt,2.099,0.0,1.0,2.0,3.0,5.0
2026_03_HOU_IND,HOU,IND,David Montgomery,00-0035685,RB,rec,1.667,0.0,0.0,1.0,2.0,4.0
2026_03_HOU_IND,HOU,IND,David Montgomery,00-0035685,RB,rec_yds,12.504,0.0,0.0,7.554,18.534,32.714
2026_03_HOU_IND,HOU,IND,David Montgomery,00-0035685,RB,anytime_td,0.448,0.0,0.0,0.0,1.0,1.0
2026_03_HOU_IND,HOU,IND,Kayshon Boutte,00-0038608,WR,car,0.013,0.0,0.0,0.0,0.0,0.0
2026_03_HOU_IND,HOU,IND,Kayshon Boutte,00-0038608,WR,rush_yds,0.091,0.0,0.0,0.0,0.0,0.0
2026_03_HOU_IND,HOU,IND,Kayshon Boutte,00-0038608,WR,tgt,4.228,1.0,2.0,4.0,6.0,8.0
2026_03_HOU_IND,HOU,IND,Kayshon Boutte,00-0038608,WR,rec,2.549,0.0,1.0,2.0,4.0,5.0
2026_03_HOU_IND,HOU,IND,Kayshon Boutte,00-0038608,WR,rec_yds,33.983,0.0,10.828,27.082,49.255,74.981
2026_03_HOU_IND,HOU,IND,Kayshon Boutte,00-0038608,WR,anytime_td,0.128,0.0,0.0,0.0,0.0,1.0
2026_03_HOU_IND,HOU,IND,Xavier Hutchinson,00-0038618,WR,car,0.071,0.0,0.0,0.0,0.0,0.0
2026_03_HOU_IND,HOU,IND,Xavier Hutchinson,00-0038618,WR,rush_yds,0.405,0.0,0.0,0.0,0.0,0.0
2026_03_HOU_IND,HOU,IND,Xavier Hutchinson,00-0038618,WR,tgt,6.626,3.0,4.0,6.0,9.0,11.0
2026_03_HOU_IND,HOU,IND,Xavier Hutchinson,00-0038618,WR,rec,3.62,1.0,2.0,3.0,5.0,7.0
2026_03_HOU_IND,HOU,IND,Xavier Hutchinson,00-0038618,WR,rec_yds,45.93,7.778,20.225,39.071,64.561,92.368
2026_03_HOU_IND,HOU,IND,Xavier Hutchinson,00-0038618,WR,anytime_td,0.104,0.0,0.0,0.0,0.0,1.0
2026_03_HOU_IND,HOU,IND,Jared Wayne,00-0038728,WR,car,0.02,0.0,0.0,0.0,0.0,0.0
2026_03_HOU_IND,HOU,IND,Jared Wayne,00-0038728,WR,rush_yds,0.095,0.0,0.0,0.0,0.0,0.0
2026_03_HOU_IND,HOU,IND,Jared Wayne,00-0038728,WR,tgt,3.44,1.0,2.0,3.0,5.0,7.0
2026_03_HOU_IND,HOU,IND,Jared Wayne,00-0038728,WR,rec,2.016,0.0,1.0,2.0,3.0,4.0
2026_03_HOU_IND,HOU,IND,Jared Wayne,00-0038728,WR,rec_yds,26.394,0.0,6.038,19.454,39.432,61.923
2026_03_HOU_IND,HOU,IND,Jared Wayne,00-0038728,WR,anytime_td,0.066,0.0,0.0,0.0,0.0,0.0
2026_03_HOU_IND,HOU,IND,Jaylin Noel,00-0040138,WR,car,0.426,0.0,0.0,0.0,0.0,1.0
2026_03_HOU_IND,HOU,IND,Jaylin Noel,00-0040138,WR,rush_yds,2.472,0.0,0.0,0.0,0.0,6.948
2026_03_HOU_IND,HOU,IND,Jaylin Noel,00-0040138,WR,tgt,2.835,0.0,1.0,2.0,4.0,6.0
2026_03_HOU_IND,HOU,IND,Jaylin Noel,00-0040138,WR,rec,1.694,0.0,1.0,1.0,3.0,4.0
2026_03_HOU_IND,HOU,IND,Jaylin Noel,00-0040138,WR,rec_yds,23.626,0.0,0.0,15.791,35.142,59.76
2026_03_HOU_IND,HOU,IND,Jaylin Noel,00-0040138,WR,anytime_td,0.078,0.0,0.0,0.0,0.0,0.0
2026_03_HOU_IND,HOU,IND,Woody Marks,00-0040583,RB,car,11.796,5.0,8.0,11.0,15.0,19.0
2026_03_HOU_IND,HOU,IND,Woody Marks,00-0040583,RB,rush_yds,47.756,13.483,24.608,41.158,64.158,90.479
2026_03_HOU_IND,HOU,IND,Woody Marks,00-0040583,RB,tgt,3.082,1.0,1.0,3.0,4.0,6.0
2026_03_HOU_IND,HOU,IND,Woody Marks,00-0040583,RB,rec,2.375,0.0,1.0,2.0,3.0,5.0
2026_03_HOU_IND,HOU,IND,Woody Marks,00-0040583,RB,rec_yds,16.48,0.0,3.694,11.997,24.363,39.307
2026_03_HOU_IND,HOU,IND,Woody Marks,00-0040583,RB,anytime_td,0.273,0.0,0.0,0.0,1.0,1.0
2026_03_HOU_IND,HOU,IND,Lewis Bond,00-0041467,WR,car,0.044,0.0,0.0,0.0,0.0,0.0
2026_03_HOU_IND,HOU,IND,Lewis Bond,00-0041467,WR,rush_yds,0.237,0.0,0.0,0.0,0.0,0.0
2026_03_HOU_IND,HOU,IND,Lewis Bond,00-0041467,WR,tgt,0.537,0.0,0.0,0.0,1.0,2.0
2026_03_HOU_IND,HOU,IND,Lewis Bond,00-0041467,WR,rec,0.333,0.0,0.0,0.0,0.0,1.0
2026_03_HOU_IND,HOU,IND,Lewis Bond,00-0041467,WR,rec_yds,4.234,0.0,0.0,0.0,0.0,16.07
2026_03_HOU_IND,HOU,IND,Lewis Bond,00-0041467,WR,anytime_td,0.013,0.0,0.0,0.0,0.0,0.0
2026_03_KC_MIA,MIA,KC,Malik Willis,00-0038128,QB,att,27.318,18.0,23.0,28.0,33.0,37.0
2026_03_KC_MIA,MIA,KC,Malik Willis,00-0038128,QB,cmp,17.134,10.0,14.0,17.0,21.0,24.0
2026_03_KC_MIA,MIA,KC,Malik Willis,00-0038128,QB,pass_yds,185.111,100.832,139.69,183.026,229.698,277.086
2026_03_KC_MIA,MIA,KC,Malik Willis,00-0038128,QB,pass_td,1.004,0.0,0.0,1.0,2.0,2.0
2026_03_KC_MIA,MIA,KC,Malik Willis,00-0038128,QB,ints,0.702,0.0,0.0,0.0,1.0,2.0
2026_03_KC_MIA,MIA,KC,Malik Willis,00-0038128,QB,car,4.186,1.0,2.0,4.0,6.0,8.0
2026_03_KC_MIA,MIA,KC,Malik Willis,00-0038128,QB,rush_yds,21.77,0.981,7.895,17.827,31.595,46.723
2026_03_KC_MIA,MIA,KC,Malik Willis,00-0038128,QB,tgt,0.0,0.0,0.0,0.0,0.0,0.0
2026_03_KC_MIA,MIA,KC,Malik Willis,00-0038128,QB,rec,0.0,0.0,0.0,0.0,0.0,0.0
2026_03_KC_MIA,MIA,KC,Malik Willis,00-0038128,QB,rec_yds,0.001,0.0,0.0,0.0,0.0,0.0
2026_03_KC_MIA,MIA,KC,Malik Willis,00-0038128,QB,anytime_td,0.222,0.0,0.0,0.0,0.0,1.0
2026_03_KC_MIA,MIA,KC,Greg Dulcich,00-0037252,TE,car,0.074,0.0,0.0,0.0,0.0,0.0
2026_03_KC_MIA,MIA,KC,Greg Dulcich,00-0037252,TE,rush_yds,0.164,0.0,0.0,0.0,0.0,0.0
2026_03_KC_MIA,MIA,KC,Greg Dulcich,00-0037252,TE,tgt,5.087,2.0,3.0,5.0,7.0,9.0
2026_03_KC_MIA,MIA,KC,Greg Dulcich,00-0037252,TE,rec,3.561,1.0,2.0,3.0,5.0,6.0
2026_03_KC_MIA,MIA,KC,Greg Dulcich,00-0037252,TE,rec_yds,38.845,6.917,17.193,33.528,54.178,78.409
2026_03_KC_MIA,MIA,KC,Greg Dulcich,00-0037252,TE,anytime_td,0.101,0.0,0.0,0.0,0.0,1.0
2026_03_KC_MIA,MIA,KC,Ryan Miller,00-0038824,WR,car,0.017,0.0,0.0,0.0,0.0,0.0
2026_03_KC_MIA,MIA,KC,Ryan Miller,00-0038824,WR,rush_yds,0.072,0.0,0.0,0.0,0.0,0.0
2026_03_KC_MIA,MIA,KC,Ryan Miller,00-0038824,WR,tgt,1.212,0.0,0.0,1.0,2.0,3.0
2026_03_KC_MIA,MIA,KC,Ryan Miller,00-0038824,WR,rec,0.739,0.0,0.0,0.0,1.0,2.0
2026_03_KC_MIA,MIA,KC,Ryan Miller,00-0038824,WR,rec_yds,11.385,0.0,0.0,0.0,16.533,35.691
2026_03_KC_MIA,MIA,KC,Ryan Miller,00-0038824,WR,anytime_td,0.101,0.0,0.0,0.0,0.0,1.0
2026_03_KC_MIA,MIA,KC,De'Von Achane,00-0039040,RB,car,17.366,10.0,13.0,17.0,21.0,26.0
2026_03_KC_MIA,MIA,KC,De'Von Achane,00-0039040,RB,rush_yds,68.036,27.055,41.966,61.918,87.961,117.146
2026_03_KC_MIA,MIA,KC,De'Von Achane,00-0039040,RB,tgt,8.16,4.0,6.0,8.0,10.0,13.0
2026_03_KC_MIA,MIA,KC,De'Von Achane,00-0039040,RB,rec,5.951,3.0,4.0,6.0,8.0,10.0
2026_03_KC_MIA,MIA,KC,De'Von Achane,00-0039040,RB,rec_yds,46.177,12.783,24.425,41.095,62.846,86.462
2026_03_KC_MIA,MIA,KC,De'Von Achane,00-0039040,RB,anytime_td,0.35,0.0,0.0,0.0,1.0,1.0
2026_03_KC_MIA,MIA,KC,Malik Washington,00-0039880,WR,car,0.818,0.0,0.0,0.0,1.0,3.0
2026_03_KC_MIA,MIA,KC,Malik Washington,00-0039880,WR,rush_yds,4.015,0.0,0.0,0.0,2.759,14.689
2026_03_KC_MIA,MIA,KC,Malik Washington,00-0039880,WR,tgt,8.162,4.0,6.0,8.0,10.0,13.0
2026_03_KC_MIA,MIA,KC,Malik Washington,00-0039880,WR,rec,4.87,2.0,3.0,5.0,6.0,8.0
2026_03_KC_MIA,MIA,KC,Malik Washington,00-0039880,WR,rec_yds,61.335,17.004,32.742,54.317,83.081,113.98
2026_03_KC_MIA,MIA,KC,Malik Washington,00-0039880,WR,anytime_td,0.173,0.0,0.0,0.0,0.0,1.0
2026_03_KC_MIA,MIA,KC,Ollie Gordon II,00-0040198,RB,car,3.575,0.0,1.0,3.0,5.0,8.0
2026_03_KC_MIA,MIA,KC,Ollie Gordon II,00-0040198,RB,rush_yds,12.771,0.0,1.631,7.709,18.202,32.653
2026_03_KC_MIA,MIA,KC,Ollie Gordon II,00-0040198,RB,tgt,0.517,0.0,0.0,0.0,1.0,2.0
2026_03_KC_MIA,MIA,KC,Ollie Gordon II,00-0040198,RB,rec,0.389,0.0,0.0,0.0,1.0,1.0
2026_03_KC_MIA,MIA,KC,Ollie Gordon II,00-0040198,RB,rec_yds,2.946,0.0,0.0,0.0,0.962,10.924
2026_03_KC_MIA,MIA,KC,Ollie Gordon II,00-0040198,RB,anytime_td,0.102,0.0,0.0,0.0,0.0,1.0
2026_03_KC_MIA,MIA,KC,Chris Bell,00-0041525,WR,car,0.029,0.0,0.0,0.0,0.0,0.0
2026_03_KC_MIA,MIA,KC,Chris Bell,00-0041525,WR,rush_yds,0.129,0.0,0.0,0.0,0.0,0.0
2026_03_KC_MIA,MIA,KC,Chris Bell,00-0041525,WR,tgt,2.735,0.0,1.0,2.0,4.0,5.0
2026_03_KC_MIA,MIA,KC,Chris Bell,00-0041525,WR,rec,1.584,0.0,0.0,1.0,2.0,4.0
2026_03_KC_MIA,MIA,KC,Chris Bell,00-0041525,WR,rec_yds,21.409,0.0,0.0,14.314,32.444,54.474
2026_03_KC_MIA,MIA,KC,Chris Bell,00-0041525,WR,anytime_td,0.05,0.0,0.0,0.0,0.0,0.0
2026_03_KC_MIA,MIA,KC,Kevin Coleman Jr.,00-0041529,WR,car,0.032,0.0,0.0,0.0,0.0,0.0
2026_03_KC_MIA,MIA,KC,Kevin Coleman Jr.,00-0041529,WR,rush_yds,0.164,0.0,0.0,0.0,0.0,0.0
2026_03_KC_MIA,MIA,KC,Kevin Coleman Jr.,00-0041529,WR,tgt,1.996,0.0,1.0,2.0,3.0,4.0
2026_03_KC_MIA,MIA,KC,Kevin Coleman Jr.,00-0041529,WR,rec,1.158,0.0,0.0,1.0,2.0,3.0
2026_03_KC_MIA,MIA,KC,Kevin Coleman Jr.,00-0041529,WR,rec_yds,15.179,0.0,0.0,8.23,23.225,42.37
2026_03_KC_MIA,MIA,KC,Kevin Coleman Jr.,00-0041529,WR,anytime_td,0.031,0.0,0.0,0.0,0.0,0.0
2026_03_KC_MIA,KC,MIA,Patrick Mahomes,00-0033873,QB,att,30.374,20.0,26.0,31.0,36.0,41.0
2026_03_KC_MIA,KC,MIA,Patrick Mahomes,00-0033873,QB,cmp,20.931,13.0,17.0,21.0,25.0,29.0
2026_03_KC_MIA,KC,MIA,Patrick Mahomes,00-0033873,QB,pass_yds,240.771,139.292,190.043,239.993,294.515,348.778
2026_03_KC_MIA,KC,MIA,Patrick Mahomes,00-0033873,QB,pass_td,1.914,0.0,1.0,2.0,3.0,3.0
2026_03_KC_MIA,KC,MIA,Patrick Mahomes,00-0033873,QB,ints,0.602,0.0,0.0,0.0,1.0,2.0
2026_03_KC_MIA,KC,MIA,Patrick Mahomes,00-0033873,QB,car,3.711,1.0,2.0,3.0,5.0,7.0
2026_03_KC_MIA,KC,MIA,Patrick Mahomes,00-0033873,QB,rush_yds,18.234,0.0,5.046,14.104,27.182,41.273
2026_03_KC_MIA,KC,MIA,Patrick Mahomes,00-0033873,QB,tgt,0.001,0.0,0.0,0.0,0.0,0.0
2026_03_KC_MIA,KC,MIA,Patrick Mahomes,00-0033873,QB,rec,0.001,0.0,0.0,0.0,0.0,0.0
2026_03_KC_MIA,KC,MIA,Patrick Mahomes,00-0033873,QB,rec_yds,0.005,0.0,0.0,0.0,0.0,0.0
2026_03_KC_MIA,KC,MIA,Patrick Mahomes,00-0033873,QB,anytime_td,0.269,0.0,0.0,0.0,1.0,1.0
2026_03_KC_MIA,KC,MIA,Travis Kelce,00-0030506,TE,car,0.035,0.0,0.0,0.0,0.0,0.0
2026_03_KC_MIA,KC,MIA,Travis Kelce,00-0030506,TE,rush_yds,0.088,0.0,0.0,0.0,0.0,0.0
2026_03_KC_MIA,KC,MIA,Travis Kelce,00-0030506,TE,tgt,6.474,3.0,4.0,6.0,8.0,11.0
2026_03_KC_MIA,KC,MIA,Travis Kelce,00-0030506,TE,rec,4.809,2.0,3.0,4.0,6.0,8.0
2026_03_KC_MIA,KC,MIA,Travis Kelce,00-0030506,TE,rec_yds,57.888,15.359,30.245,51.68,78.547,107.06
2026_03_KC_MIA,KC,MIA,Travis Kelce,00-0030506,TE,anytime_td,0.323,0.0,0.0,0.0,1.0,1.0
2026_03_KC_MIA,KC,MIA,Noah Gray,00-0036637,TE,car,0.003,0.0,0.0,0.0,0.0,0.0
2026_03_KC_MIA,KC,MIA,Noah Gray,00-0036637,TE,rush_yds,0.008,0.0,0.0,0.0,0.0,0.0
2026_03_KC_MIA,KC,MIA,Noah Gray,00-0036637,TE,tgt,1.543,0.0,0.0,1.0,2.0,4.0
2026_03_KC_MIA,KC,MIA,Noah Gray,00-0036637,TE,rec,1.106,0.0,0.0,1.0,2.0,3.0
2026_03_KC_MIA,KC,MIA,Noah Gray,00-0036637,TE,rec_yds,12.006,0.0,0.0,6.247,18.332,34.32
2026_03_KC_MIA,KC,MIA,Noah Gray,00-0036637,TE,anytime_td,0.042,0.0,0.0,0.0,0.0,0.0
2026_03_KC_MIA,KC,MIA,Tyquan Thornton,00-0038104,WR,car,0.013,0.0,0.0,0.0,0.0,0.0
2026_03_KC_MIA,KC,MIA,Tyquan Thornton,00-0038104,WR,rush_yds,0.061,0.0,0.0,0.0,0.0,0.0
2026_03_KC_MIA,KC,MIA,Tyquan Thornton,00-0038104,WR,tgt,2.075,0.0,1.0,2.0,3.0,4.0
2026_03_KC_MIA,KC,MIA,Tyquan Thornton,00-0038104,WR,rec,1.388,0.0,0.0,1.0,2.0,3.0
2026_03_KC_MIA,KC,MIA,Tyquan Thornton,00-0038104,WR,rec_yds,21.663,0.0,0.0,12.782,32.55,56.794
2026_03_KC_MIA,KC,MIA,Tyquan Thornton,00-0038104,WR,anytime_td,0.076,0.0,0.0,0.0,0.0,0.0
2026_03_KC_MIA,KC,MIA,Kenneth Walker III,00-0038134,RB,car,16.374,9.0,12.0,16.0,20.0,25.0
2026_03_KC_MIA,KC,MIA,Kenneth Walker III,00-0038134,RB,rush_yds,77.298,29.674,46.207,70.58,100.452,134.522
2026_03_KC_MIA,KC,MIA,Kenneth Walker III,00-0038134,RB,tgt,5.094,2.0,3.0,5.0,7.0,9.0
2026_03_KC_MIA,KC,MIA,Kenneth Walker III,00-0038134,RB,rec,3.877,1.0,2.0,4.0,5.0,7.0
2026_03_KC_MIA,KC,MIA,Kenneth Walker III,00-0038134,RB,rec_yds,33.342,4.566,13.532,27.677,46.895,69.852
2026_03_KC_MIA,KC,MIA,Kenneth Walker III,00-0038134,RB,anytime_td,0.565,0.0,0.0,1.0,1.0,1.0
2026_03_KC_MIA,KC,MIA,Rashee Rice,00-0039067,WR,car,0.217,0.0,0.0,0.0,0.0,1.0
2026_03_KC_MIA,KC,MIA,Rashee Rice,00-0039067,WR,rush_yds,1.111,0.0,0.0,0.0,0.0,0.0
2026_03_KC_MIA,KC,MIA,Rashee Rice,00-0039067,WR,tgt,5.61,2.0,3.0,5.0,7.0,10.0
2026_03_KC_MIA,KC,MIA,Rashee Rice,00-0039067,WR,rec,3.841,1.0,2.0,4.0,5.0,7.0
2026_03_KC_MIA,KC,MIA,Rashee Rice,00-0039067,WR,rec_yds,53.242,9.256,23.976,46.444,74.451,105.681
2026_03_KC_MIA,KC,MIA,Rashee Rice,00-0039067,WR,anytime_td,0.378,0.0,0.0,0.0,1.0,1.0
2026_03_KC_MIA,KC,MIA,Xavier Worthy,00-0039894,WR,car,0.374,0.0,0.0,0.0,0.0,1.0
2026_03_KC_MIA,KC,MIA,Xavier Worthy,00-0039894,WR,rush_yds,2.025,0.0,0.0,0.0,0.0,5.692
2026_03_KC_MIA,KC,MIA,Xavier Worthy,00-0039894,WR,tgt,5.019,2.0,3.0,5.0,7.0,9.0
2026_03_KC_MIA,KC,MIA,Xavier Worthy,00-0039894,WR,rec,3.222,1.0,2.0,3.0,4.0,6.0
2026_03_KC_MIA,KC,MIA,Xavier Worthy,00-0039894,WR,rec_yds,40.393,4.929,15.841,33.689,57.49,84.322
2026_03_KC_MIA,KC,MIA,Xavier Worthy,00-0039894,WR,anytime_td,0.288,0.0,0.0,0.0,1.0,1.0
2026_03_KC_MIA,KC,MIA,Brashard Smith,00-0040078,RB,car,3.635,0.0,1.0,3.0,5.0,8.0
2026_03_KC_MIA,KC,MIA,Brashard Smith,00-0040078,RB,rush_yds,15.105,0.0,1.825,9.093,21.411,39.085
2026_03_KC_MIA,KC,MIA,Brashard Smith,00-0040078,RB,tgt,2.019,0.0,1.0,2.0,3.0,4.0
2026_03_KC_MIA,KC,MIA,Brashard Smith,00-0040078,RB,rec,1.622,0.0,0.0,1.0,2.0,4.0
2026_03_KC_MIA,KC,MIA,Brashard Smith,00-0040078,RB,rec_yds,12.447,0.0,0.0,7.457,18.663,33.02
2026_03_KC_MIA,KC,MIA,Brashard Smith,00-0040078,RB,anytime_td,0.242,0.0,0.0,0.0,0.0,1.0
2026_03_KC_MIA,KC,MIA,Jake Briningstool,00-0040081,TE,car,0.001,0.0,0.0,0.0,0.0,0.0
2026_03_KC_MIA,KC,MIA,Jake Briningstool,00-0040081,TE,rush_yds,0.003,0.0,0.0,0.0,0.0,0.0
2026_03_KC_MIA,KC,MIA,Jake Briningstool,00-0040081,TE,tgt,0.516,0.0,0.0,0.0,1.0,2.0
2026_03_KC_MIA,KC,MIA,Jake Briningstool,00-0040081,TE,rec,0.384,0.0,0.0,0.0,1.0,1.0
2026_03_KC_MIA,KC,MIA,Jake Briningstool,00-0040081,TE,rec_yds,4.184,0.0,0.0,0.0,2.906,15.704
2026_03_KC_MIA,KC,MIA,Jake Briningstool,00-0040081,TE,anytime_td,0.011,0.0,0.0,0.0,0.0,0.0
2026_03_KC_MIA,KC,MIA,Jalen Royals,00-0040646,WR,car,0.018,0.0,0.0,0.0,0.0,0.0
2026_03_KC_MIA,KC,MIA,Jalen Royals,00-0040646,WR,rush_yds,0.105,0.0,0.0,0.0,0.0,0.0
2026_03_KC_MIA,KC,MIA,Jalen Royals,00-0040646,WR,tgt,1.101,0.0,0.0,1.0,2.0,3.0
2026_03_KC_MIA,KC,MIA,Jalen Royals,00-0040646,WR,rec,0.751,0.0,0.0,0.0,1.0,2.0
2026_03_KC_MIA,KC,MIA,Jalen Royals,00-0040646,WR,rec_yds,9.68,0.0,0.0,0.0,14.139,29.983
2026_03_KC_MIA,KC,MIA,Jalen Royals,00-0040646,WR,anytime_td,0.154,0.0,0.0,0.0,0.0,1.0
2026_03_KC_MIA,KC,MIA,Emmett Johnson,00-0041013,RB,car,4.015,0.0,1.0,3.0,6.0,9.0
2026_03_KC_MIA,KC,MIA,Emmett Johnson,00-0041013,RB,rush_yds,16.381,0.0,2.782,10.477,23.523,40.984
2026_03_KC_MIA,KC,MIA,Emmett Johnson,00-0041013,RB,tgt,1.593,0.0,0.0,1.0,2.0,4.0
2026_03_KC_MIA,KC,MIA,Emmett Johnson,00-0041013,RB,rec,1.338,0.0,0.0,1.0,2.0,3.0
2026_03_KC_MIA,KC,MIA,Emmett Johnson,00-0041013,RB,rec_yds,12.145,0.0,0.0,6.116,17.829,34.131
2026_03_KC_MIA,KC,MIA,Emmett Johnson,00-0041013,RB,anytime_td,0.138,0.0,0.0,0.0,0.0,1.0
2026_03_LAC_BUF,BUF,LAC,Josh Allen,00-0034857,QB,att,29.43,20.0,25.0,30.0,35.0,40.0
2026_03_LAC_BUF,BUF,LAC,Josh Allen,00-0034857,QB,cmp,20.036,13.0,17.0,20.0,24.0,28.0
2026_03_LAC_BUF,BUF,LAC,Josh Allen,00-0034857,QB,pass_yds,239.658,137.277,187.086,239.435,295.068,346.95
2026_03_LAC_BUF,BUF,LAC,Josh Allen,00-0034857,QB,pass_td,1.817,0.0,1.0,2.0,3.0,3.0
2026_03_LAC_BUF,BUF,LAC,Josh Allen,00-0034857,QB,ints,0.588,0.0,0.0,0.0,1.0,2.0
2026_03_LAC_BUF,BUF,LAC,Josh Allen,00-0034857,QB,car,7.483,3.0,4.0,7.0,10.0,13.0
2026_03_LAC_BUF,BUF,LAC,Josh Allen,00-0034857,QB,rush_yds,33.737,5.416,15.165,29.247,47.863,66.731
2026_03_LAC_BUF,BUF,LAC,Josh Allen,00-0034857,QB,tgt,0.001,0.0,0.0,0.0,0.0,0.0
2026_03_LAC_BUF,BUF,LAC,Josh Allen,00-0034857,QB,rec,0.0,0.0,0.0,0.0,0.0,0.0
2026_03_LAC_BUF,BUF,LAC,Josh Allen,00-0034857,QB,rec_yds,0.003,0.0,0.0,0.0,0.0,0.0
2026_03_LAC_BUF,BUF,LAC,Josh Allen,00-0034857,QB,anytime_td,0.514,0.0,0.0,1.0,1.0,1.0
2026_03_LAC_BUF,BUF,LAC,DJ Moore,00-0034827,WR,car,0.587,0.0,0.0,0.0,1.0,2.0
2026_03_LAC_BUF,BUF,LAC,DJ Moore,00-0034827,WR,rush_yds,3.145,0.0,0.0,0.0,0.0,10.557
2026_03_LAC_BUF,BUF,LAC,DJ Moore,00-0034827,WR,tgt,4.453,1.0,3.0,4.0,6.0,8.0
2026_03_LAC_BUF,BUF,LAC,DJ Moore,00-0034827,WR,rec,2.824,1.0,1.0,3.0,4.0,5.0
2026_03_LAC_BUF,BUF,LAC,DJ Moore,00-0034827,WR,rec_yds,40.96,2.388,14.683,33.708,58.551,88.076
2026_03_LAC_BUF,BUF,LAC,DJ Moore,00-0034827,WR,anytime_td,0.295,0.0,0.0,0.0,1.0,1.0
2026_03_LAC_BUF,BUF,LAC,Ty Johnson,00-0035537,RB,car,3.922,0.0,1.0,3.0,6.0,9.0
2026_03_LAC_BUF,BUF,LAC,Ty Johnson,00-0035537,RB,rush_yds,16.621,0.0,2.675,10.638,23.754,41.98
2026_03_LAC_BUF,BUF,LAC,Ty Johnson,00-0035537,RB,tgt,2.486,0.0,1.0,2.0,4.0,5.0
2026_03_LAC_BUF,BUF,LAC,Ty Johnson,00-0035537,RB,rec,1.957,0.0,1.0,2.0,3.0,4.0
2026_03_LAC_BUF,BUF,LAC,Ty Johnson,00-0035537,RB,rec_yds,15.786,0.0,1.137,10.796,23.359,39.628
2026_03_LAC_BUF,BUF,LAC,Ty Johnson,00-0035537,RB,anytime_td,0.313,0.0,0.0,0.0,1.0,1.0
2026_03_LAC_BUF,BUF,LAC,Dawson Knox,00-0035689,TE,car,0.002,0.0,0.0,0.0,0.0,0.0
2026_03_LAC_BUF,BUF,LAC,Dawson Knox,00-0035689,TE,rush_yds,0.003,0.0,0.0,0.0,0.0,0.0
2026_03_LAC_BUF,BUF,LAC,Dawson Knox,00-0035689,TE,tgt,2.774,0.0,1.0,2.0,4.0,6.0
2026_03_LAC_BUF,BUF,LAC,Dawson Knox,00-0035689,TE,rec,2.063,0.0,1.0,2.0,3.0,4.0
2026_03_LAC_BUF,BUF,LAC,Dawson Knox,00-0035689,TE,rec_yds,22.158,0.0,5.544,16.687,32.659,52.354
2026_03_LAC_BUF,BUF,LAC,Dawson Knox,00-0035689,TE,anytime_td,0.24,0.0,0.0,0.0,0.0,1.0
2026_03_LAC_BUF,BUF,LAC,James Cook,00-0037248,RB,car,16.878,9.0,12.0,16.0,21.0,26.0
2026_03_LAC_BUF,BUF,LAC,James Cook,00-0037248,RB,rush_yds,80.396,31.138,47.896,73.223,104.639,138.145
2026_03_LAC_BUF,BUF,LAC,James Cook,00-0037248,RB,tgt,3.13,1.0,1.0,3.0,4.0,6.0
2026_03_LAC_BUF,BUF,LAC,James Cook,00-0037248,RB,rec,2.367,0.0,1.0,2.0,3.0,5.0
2026_03_LAC_BUF,BUF,LAC,James Cook,00-0037248,RB,rec_yds,18.181,0.0,4.196,13.209,26.449,43.027
2026_03_LAC_BUF,BUF,LAC,James Cook,00-0037248,RB,anytime_td,0.368,0.0,0.0,0.0,1.0,1.0
2026_03_LAC_BUF,BUF,LAC,Khalil Shakir,00-0037261,WR,car,0.017,0.0,0.0,0.0,0.0,0.0
2026_03_LAC_BUF,BUF,LAC,Khalil Shakir,00-0037261,WR,rush_yds,0.091,0.0,0.0,0.0,0.0,0.0
2026_03_LAC_BUF,BUF,LAC,Khalil Shakir,00-0037261,WR,tgt,6.952,3.0,5.0,7.0,9.0,11.0
2026_03_LAC_BUF,BUF,LAC,Khalil Shakir,00-0037261,WR,rec,4.666,2.0,3.0,4.0,6.0,8.0
2026_03_LAC_BUF,BUF,LAC,Khalil Shakir,00-0037261,WR,rec_yds,58.275,14.323,29.941,51.81,80.074,109.823
2026_03_LAC_BUF,BUF,LAC,Khalil Shakir,00-0037261,WR,anytime_td,0.172,0.0,0.0,0.0,0.0,1.0
2026_03_LAC_BUF,BUF,LAC,Dalton Kincaid,00-0038933,TE,car,0.003,0.0,0.0,0.0,0.0,0.0
2026_03_LAC_BUF,BUF,LAC,Dalton Kincaid,00-0038933,TE,rush_yds,0.007,0.0,0.0,0.0,0.0,0.0
2026_03_LAC_BUF,BUF,LAC,Dalton Kincaid,00-0038933,TE,tgt,5.891,2.0,4.0,6.0,8.0,10.0
2026_03_LAC_BUF,BUF,LAC,Dalton Kincaid,00-0038933,TE,rec,4.516,2.0,3.0,4.0,6.0,8.0
2026_03_LAC_BUF,BUF,LAC,Dalton Kincaid,00-0038933,TE,rec_yds,61.552,14.613,31.474,55.405,84.518,117.479
2026_03_LAC_BUF,BUF,LAC,Dalton Kincaid,00-0038933,TE,anytime_td,0.308,0.0,0.0,0.0,1.0,1.0
2026_03_LAC_BUF,BUF,LAC,Keon Coleman,00-0039901,WR,car,0.013,0.0,0.0,0.0,0.0,0.0
2026_03_LAC_BUF,BUF,LAC,Keon Coleman,00-0039901,WR,rush_yds,0.073,0.0,0.0,0.0,0.0,0.0
2026_03_LAC_BUF,BUF,LAC,Keon Coleman,00-0039901,WR,tgt,3.833,1.0,2.0,3.0,5.0,7.0
2026_03_LAC_BUF,BUF,LAC,Keon Coleman,00-0039901,WR,rec,2.585,0.0,1.0,2.0,4.0,5.0
2026_03_LAC_BUF,BUF,LAC,Keon Coleman,00-0039901,WR,rec_yds,34.348,0.0,10.886,27.419,49.952,76.051
2026_03_LAC_BUF,BUF,LAC,Keon Coleman,00-0039901,WR,anytime_td,0.164,0.0,0.0,0.0,0.0,1.0
2026_03_LAC_BUF,BUF,LAC,Jackson Hawes,00-0040194,TE,car,0.003,0.0,0.0,0.0,0.0,0.0
2026_03_LAC_BUF,BUF,LAC,Jackson Hawes,00-0040194,TE,rush_yds,0.005,0.0,0.0,0.0,0.0,0.0
2026_03_LAC_BUF,BUF,LAC,Jackson Hawes,00-0040194,TE,tgt,0.565,0.0,0.0,0.0,1.0,2.0
2026_03_LAC_BUF,BUF,LAC,Jackson Hawes,00-0040194,TE,rec,0.409,0.0,0.0,0.0,1.0,1.0
2026_03_LAC_BUF,BUF,LAC,Jackson Hawes,00-0040194,TE,rec_yds,4.469,0.0,0.0,0.0,4.506,16.041
2026_03_LAC_BUF,BUF,LAC,Jackson Hawes,00-0040194,TE,anytime_td,0.034,0.0,0.0,0.0,0.0,0.0
2026_03_LAC_BUF,LAC,BUF,Justin Herbert,00-0036355,QB,att,29.152,20.0,25.0,30.0,35.0,39.0
2026_03_LAC_BUF,LAC,BUF,Justin Herbert,00-0036355,QB,cmp,18.416,11.0,15.0,19.0,22.0,26.0
2026_03_LAC_BUF,LAC,BUF,Justin Herbert,00-0036355,QB,pass_yds,207.217,114.903,160.291,205.97,254.704,304.24
2026_03_LAC_BUF,LAC,BUF,Justin Herbert,00-0036355,QB,pass_td,1.366,0.0,1.0,1.0,2.0,3.0
2026_03_LAC_BUF,LAC,BUF,Justin Herbert,00-0036355,QB,ints,0.751,0.0,0.0,1.0,1.0,2.0
2026_03_LAC_BUF,LAC,BUF,Justin Herbert,00-0036355,QB,car,4.528,1.0,3.0,4.0,6.0,8.0
2026_03_LAC_BUF,LAC,BUF,Justin Herbert,00-0036355,QB,rush_yds,24.636,2.878,9.829,20.82,34.905,51.389
2026_03_LAC_BUF,LAC,BUF,Justin Herbert,00-0036355,QB,tgt,0.0,0.0,0.0,0.0,0.0,0.0
2026_03_LAC_BUF,LAC,BUF,Justin Herbert,00-0036355,QB,rec,0.0,0.0,0.0,0.0,0.0,0.0
2026_03_LAC_BUF,LAC,BUF,Justin Herbert,00-0036355,QB,rec_yds,0.001,0.0,0.0,0.0,0.0,0.0
2026_03_LAC_BUF,LAC,BUF,Justin Herbert,00-0036355,QB,anytime_td,0.123,0.0,0.0,0.0,0.0,1.0
2026_03_LAC_BUF,LAC,BUF,Marquez Valdes-Scantling,00-0034272,WR,car,0.022,0.0,0.0,0.0,0.0,0.0
2026_03_LAC_BUF,LAC,BUF,Marquez Valdes-Scantling,00-0034272,WR,rush_yds,0.098,0.0,0.0,0.0,0.0,0.0
2026_03_LAC_BUF,LAC,BUF,Marquez Valdes-Scantling,00-0034272,WR,tgt,3.661,1.0,2.0,3.0,5.0,7.0
2026_03_LAC_BUF,LAC,BUF,Marquez Valdes-Scantling,00-0034272,WR,rec,2.261,0.0,1.0,2.0,3.0,5.0
2026_03_LAC_BUF,LAC,BUF,Marquez Valdes-Scantling,00-0034272,WR,rec_yds,27.223,0.0,7.403,20.931,40.107,61.909
2026_03_LAC_BUF,LAC,BUF,Marquez Valdes-Scantling,00-0034272,WR,anytime_td,0.147,0.0,0.0,0.0,0.0,1.0
2026_03_LAC_BUF,LAC,BUF,Alec Ingold,00-0035125,RB,car,0.366,0.0,0.0,0.0,0.0,1.0
2026_03_LAC_BUF,LAC,BUF,Alec Ingold,00-0035125,RB,rush_yds,1.448,0.0,0.0,0.0,0.0,4.014
2026_03_LAC_BUF,LAC,BUF,Alec Ingold,00-0035125,RB,tgt,0.511,0.0,0.0,0.0,1.0,2.0
2026_03_LAC_BUF,LAC,BUF,Alec Ingold,00-0035125,RB,rec,0.407,0.0,0.0,0.0,1.0,1.0
2026_03_LAC_BUF,LAC,BUF,Alec Ingold,00-0035125,RB,rec_yds,3.001,0.0,0.0,0.0,0.989,10.856
2026_03_LAC_BUF,LAC,BUF,Alec Ingold,00-0035125,RB,anytime_td,0.015,0.0,0.0,0.0,0.0,0.0
2026_03_LAC_BUF,LAC,BUF,Keaton Mitchell,00-0038454,RB,car,3.686,0.0,1.0,3.0,5.0,8.0
2026_03_LAC_BUF,LAC,BUF,Keaton Mitchell,00-0038454,RB,rush_yds,15.221,0.0,1.998,9.405,21.598,38.548
2026_03_LAC_BUF,LAC,BUF,Keaton Mitchell,00-0038454,RB,tgt,1.026,0.0,0.0,1.0,2.0,3.0
2026_03_LAC_BUF,LAC,BUF,Keaton Mitchell,00-0038454,RB,rec,0.805,0.0,0.0,0.0,1.0,2.0
2026_03_LAC_BUF,LAC,BUF,Keaton Mitchell,00-0038454,RB,rec_yds,6.03,0.0,0.0,0.0,8.724,19.093
2026_03_LAC_BUF,LAC,BUF,Keaton Mitchell,00-0038454,RB,anytime_td,0.094,0.0,0.0,0.0,0.0,0.0
2026_03_LAC_BUF,LAC,BUF,Quentin Johnston,00-0038544,WR,car,0.24,0.0,0.0,0.0,0.0,1.0
2026_03_LAC_BUF,LAC,BUF,Quentin Johnston,00-0038544,WR,rush_yds,1.28,0.0,0.0,0.0,0.0,0.0
2026_03_LAC_BUF,LAC,BUF,Quentin Johnston,00-0038544,WR,tgt,6.684,3.0,4.0,6.0,9.0,11.0
2026_03_LAC_BUF,LAC,BUF,Quentin Johnston,00-0038544,WR,rec,3.782,1.0,2.0,4.0,5.0,7.0
2026_03_LAC_BUF,LAC,BUF,Quentin Johnston,00-0038544,WR,rec_yds,46.96,9.149,21.499,40.582,65.202,92.713
2026_03_LAC_BUF,LAC,BUF,Quentin Johnston,00-0038544,WR,anytime_td,0.223,0.0,0.0,0.0,0.0,1.0
2026_03_LAC_BUF,LAC,BUF,Kimani Vidal,00-0039391,RB,car,4.934,1.0,2.0,4.0,7.0,10.0
2026_03_LAC_BUF,LAC,BUF,Kimani Vidal,00-0039391,RB,rush_yds,19.646,0.0,5.17,13.869,27.724,45.685
2026_03_LAC_BUF,LAC,BUF,Kimani Vidal,00-0039391,RB,tgt,1.12,0.0,0.0,1.0,2.0,3.0
2026_03_LAC_BUF,LAC,BUF,Kimani Vidal,00-0039391,RB,rec,0.875,0.0,0.0,1.0,1.0,2.0
2026_03_LAC_BUF,LAC,BUF,Kimani Vidal,00-0039391,RB,rec_yds,6.599,0.0,0.0,0.0,9.29,20.806
2026_03_LAC_BUF,LAC,BUF,Kimani Vidal,00-0039391,RB,anytime_td,0.158,0.0,0.0,0.0,0.0,1.0
2026_03_LAC_BUF,LAC,BUF,Ladd McConkey,00-0039915,WR,car,0.009,0.0,0.0,0.0,0.0,0.0
2026_03_LAC_BUF,LAC,BUF,Ladd McConkey,00-0039915,WR,rush_yds,0.036,0.0,0.0,0.0,0.0,0.0
2026_03_LAC_BUF,LAC,BUF,Ladd McConkey,00-0039915,WR,tgt,6.239,3.0,4.0,6.0,8.0,10.0
2026_03_LAC_BUF,LAC,BUF,Ladd McConkey,00-0039915,WR,rec,4.097,1.0,2.0,4.0,5.0,7.0
2026_03_LAC_BUF,LAC,BUF,Ladd McConkey,00-0039915,WR,rec_yds,52.479,11.258,25.036,45.712,72.676,101.484
2026_03_LAC_BUF,LAC,BUF,Ladd McConkey,00-0039915,WR,anytime_td,0.311,0.0,0.0,0.0,1.0,1.0
2026_03_LAC_BUF,LAC,BUF,Oronde Gadsden II,00-0040189,TE,car,0.002,0.0,0.0,0.0,0.0,0.0
2026_03_LAC_BUF,LAC,BUF,Oronde Gadsden II,00-0040189,TE,rush_yds,0.003,0.0,0.0,0.0,0.0,0.0
2026_03_LAC_BUF,LAC,BUF,Oronde Gadsden II,00-0040189,TE,tgt,3.538,1.0,2.0,3.0,5.0,7.0
2026_03_LAC_BUF,LAC,BUF,Oronde Gadsden II,00-0040189,TE,rec,2.61,0.0,1.0,2.0,4.0,5.0
2026_03_LAC_BUF,LAC,BUF,Oronde Gadsden II,00-0040189,TE,rec_yds,28.055,0.0,9.358,22.537,40.625,61.571
2026_03_LAC_BUF,LAC,BUF,Oronde Gadsden II,00-0040189,TE,anytime_td,0.261,0.0,0.0,0.0,1.0,1.0
2026_03_LAC_BUF,LAC,BUF,Omarion Hampton,00-0040666,RB,car,12.367,5.0,8.0,12.0,16.0,20.0
2026_03_LAC_BUF,LAC,BUF,Omarion Hampton,00-0040666,RB,rush_yds,50.383,14.964,26.691,44.118,67.402,94.177
2026_03_LAC_BUF,LAC,BUF,Omarion Hampton,00-0040666,RB,tgt,2.575,0.0,1.0,2.0,4.0,5.0
2026_03_LAC_BUF,LAC,BUF,Omarion Hampton,00-0040666,RB,rec,2.091,0.0,1.0,2.0,3.0,4.0
2026_03_LAC_BUF,LAC,BUF,Omarion Hampton,00-0040666,RB,rec_yds,15.141,0.0,2.091,10.289,22.002,37.063
2026_03_LAC_BUF,LAC,BUF,Omarion Hampton,00-0040666,RB,anytime_td,0.44,0.0,0.0,0.0,1.0,1.0
2026_03_LAC_BUF,LAC,BUF,Tre Harris,00-0040727,WR,car,0.09,0.0,0.0,0.0,0.0,0.0
2026_03_LAC_BUF,LAC,BUF,Tre Harris,00-0040727,WR,rush_yds,0.469,0.0,0.0,0.0,0.0,0.0
2026_03_LAC_BUF,LAC,BUF,Tre Harris,00-0040727,WR,tgt,4.413,1.0,2.0,4.0,6.0,8.0
2026_03_LAC_BUF,LAC,BUF,Tre Harris,00-0040727,WR,rec,2.682,1.0,1.0,2.0,4.0,5.0
2026_03_LAC_BUF,LAC,BUF,Tre Harris,00-0040727,WR,rec_yds,35.0,0.0,12.223,28.142,50.992,76.114
2026_03_LAC_BUF,LAC,BUF,Tre Harris,00-0040727,WR,anytime_td,0.09,0.0,0.0,0.0,0.0,0.0
2026_03_LV_NO,NO,LV,Tyler Shough,00-0040743,QB,att,30.823,21.0,26.0,31.0,37.0,41.0
2026_03_LV_NO,NO,LV,Tyler Shough,00-0040743,QB,cmp,20.382,13.0,17.0,21.0,25.0,28.0
2026_03_LV_NO,NO,LV,Tyler Shough,00-0040743,QB,pass_yds,226.316,128.716,175.949,226.33,278.423,331.027
2026_03_LV_NO,NO,LV,Tyler Shough,00-0040743,QB,pass_td,1.585,0.0,1.0,1.0,2.0,3.0
2026_03_LV_NO,NO,LV,Tyler Shough,00-0040743,QB,ints,0.652,0.0,0.0,0.0,1.0,2.0
2026_03_LV_NO,NO,LV,Tyler Shough,00-0040743,QB,car,4.528,1.0,2.0,4.0,6.0,9.0
2026_03_LV_NO,NO,LV,Tyler Shough,00-0040743,QB,rush_yds,17.781,0.0,4.544,13.778,26.404,41.685
2026_03_LV_NO,NO,LV,Tyler Shough,00-0040743,QB,tgt,0.0,0.0,0.0,0.0,0.0,0.0
2026_03_LV_NO,NO,LV,Tyler Shough,00-0040743,QB,rec,0.0,0.0,0.0,0.0,0.0,0.0
2026_03_LV_NO,NO,LV,Tyler Shough,00-0040743,QB,rec_yds,0.003,0.0,0.0,0.0,0.0,0.0
2026_03_LV_NO,NO,LV,Tyler Shough,00-0040743,QB,anytime_td,0.234,0.0,0.0,0.0,0.0,1.0
2026_03_LV_NO,NO,LV,Alvin Kamara,00-0033906,RB,car,7.637,2.0,4.0,7.0,10.0,14.0
2026_03_LV_NO,NO,LV,Alvin Kamara,00-0033906,RB,rush_yds,29.984,4.68,11.94,24.148,41.952,62.664
2026_03_LV_NO,NO,LV,Alvin Kamara,00-0033906,RB,tgt,3.91,1.0,2.0,4.0,5.0,7.0
2026_03_LV_NO,NO,LV,Alvin Kamara,00-0033906,RB,rec,3.011,1.0,1.0,3.0,4.0,6.0
2026_03_LV_NO,NO,LV,Alvin Kamara,00-0033906,RB,rec_yds,20.399,0.0,6.416,15.894,29.359,45.785
2026_03_LV_NO,NO,LV,Alvin Kamara,00-0033906,RB,anytime_td,0.246,0.0,0.0,0.0,0.0,1.0
2026_03_LV_NO,NO,LV,Noah Fant,00-0035644,TE,car,0.002,0.0,0.0,0.0,0.0,0.0
2026_03_LV_NO,NO,LV,Noah Fant,00-0035644,TE,rush_yds,0.005,0.0,0.0,0.0,0.0,0.0
2026_03_LV_NO,NO,LV,Noah Fant,00-0035644,TE,tgt,2.375,0.0,1.0,2.0,3.0,5.0
2026_03_LV_NO,NO,LV,Noah Fant,00-0035644,TE,rec,1.578,0.0,0.0,1.0,2.0,4.0
2026_03_LV_NO,NO,LV,Noah Fant,00-0035644,TE,rec_yds,16.766,0.0,0.0,11.279,25.489,41.97
2026_03_LV_NO,NO,LV,Noah Fant,00-0035644,TE,anytime_td,0.173,0.0,0.0,0.0,0.0,1.0
2026_03_LV_NO,NO,LV,Juwan Johnson,00-0036040,TE,car,0.002,0.0,0.0,0.0,0.0,0.0
2026_03_LV_NO,NO,LV,Juwan Johnson,00-0036040,TE,rush_yds,0.005,0.0,0.0,0.0,0.0,0.0
2026_03_LV_NO,NO,LV,Juwan Johnson,00-0036040,TE,tgt,4.64,1.0,3.0,4.0,6.0,8.0
2026_03_LV_NO,NO,LV,Juwan Johnson,00-0036040,TE,rec,3.264,1.0,2.0,3.0,4.0,6.0
2026_03_LV_NO,NO,LV,Juwan Johnson,00-0036040,TE,rec_yds,40.31,5.521,16.531,33.938,57.475,83.725
2026_03_LV_NO,NO,LV,Juwan Johnson,00-0036040,TE,anytime_td,0.254,0.0,0.0,0.0,1.0,1.0
2026_03_LV_NO,NO,LV,Travis Etienne,00-0036973,RB,car,7.806,2.0,4.0,7.0,11.0,14.0
2026_03_LV_NO,NO,LV,Travis Etienne,00-0036973,RB,rush_yds,32.909,5.399,13.126,26.499,45.663,68.552
2026_03_LV_NO,NO,LV,Travis Etienne,00-0036973,RB,tgt,3.603,1.0,2.0,3.0,5.0,7.0
2026_03_LV_NO,NO,LV,Travis Etienne,00-0036973,RB,rec,2.762,0.0,1.0,2.0,4.0,5.0
2026_03_LV_NO,NO,LV,Travis Etienne,00-0036973,RB,rec_yds,20.055,0.0,5.511,15.29,29.412,46.376
2026_03_LV_NO,NO,LV,Travis Etienne,00-0036973,RB,anytime_td,0.29,0.0,0.0,0.0,1.0,1.0
2026_03_LV_NO,NO,LV,Chris Olave,00-0037239,WR,car,0.029,0.0,0.0,0.0,0.0,0.0
2026_03_LV_NO,NO,LV,Chris Olave,00-0037239,WR,rush_yds,0.157,0.0,0.0,0.0,0.0,0.0
2026_03_LV_NO,NO,LV,Chris Olave,00-0037239,WR,tgt,8.749,4.0,6.0,8.0,11.0,14.0
2026_03_LV_NO,NO,LV,Chris Olave,00-0037239,WR,rec,5.737,2.0,4.0,5.0,7.0,9.0
2026_03_LV_NO,NO,LV,Chris Olave,00-0037239,WR,rec_yds,79.205,24.54,43.602,71.808,105.961,142.975
2026_03_LV_NO,NO,LV,Chris Olave,00-0037239,WR,anytime_td,0.388,0.0,0.0,0.0,1.0,1.0
2026_03_LV_NO,NO,LV,Kendre Miller,00-0038551,RB,car,5.41,1.0,2.0,5.0,8.0,11.0
2026_03_LV_NO,NO,LV,Kendre Miller,00-0038551,RB,rush_yds,22.747,0.844,6.208,16.515,32.334,52.252
2026_03_LV_NO,NO,LV,Kendre Miller,00-0038551,RB,tgt,0.493,0.0,0.0,0.0,1.0,2.0
2026_03_LV_NO,NO,LV,Kendre Miller,00-0038551,RB,rec,0.379,0.0,0.0,0.0,1.0,1.0
2026_03_LV_NO,NO,LV,Kendre Miller,00-0038551,RB,rec_yds,2.901,0.0,0.0,0.0,0.0,10.786
2026_03_LV_NO,NO,LV,Kendre Miller,00-0038551,RB,anytime_td,0.223,0.0,0.0,0.0,0.0,1.0
2026_03_LV_NO,NO,LV,Devaughn Vele,00-0039424,WR,car,0.01,0.0,0.0,0.0,0.0,0.0
2026_03_LV_NO,NO,LV,Devaughn Vele,00-0039424,WR,rush_yds,0.063,0.0,0.0,0.0,0.0,0.0
2026_03_LV_NO,NO,LV,Devaughn Vele,00-0039424,WR,tgt,5.146,2.0,3.0,5.0,7.0,9.0
2026_03_LV_NO,NO,LV,Devaughn Vele,00-0039424,WR,rec,3.304,1.0,2.0,3.0,5.0,6.0
2026_03_LV_NO,NO,LV,Devaughn Vele,00-0039424,WR,rec_yds,42.506,5.671,17.244,36.108,60.367,87.773
2026_03_LV_NO,NO,LV,Devaughn Vele,00-0039424,WR,anytime_td,0.267,0.0,0.0,0.0,1.0,1.0
2026_03_LV_NO,NO,LV,Bryce Lance,00-0041067,WR,car,0.012,0.0,0.0,0.0,0.0,0.0
2026_03_LV_NO,NO,LV,Bryce Lance,00-0041067,WR,rush_yds,0.06,0.0,0.0,0.0,0.0,0.0
2026_03_LV_NO,NO,LV,Bryce Lance,00-0041067,WR,tgt,1.854,0.0,1.0,1.0,3.0,4.0
2026_03_LV_NO,NO,LV,Bryce Lance,00-0041067,WR,rec,1.166,0.0,0.0,1.0,2.0,3.0
2026_03_LV_NO,NO,LV,Bryce Lance,00-0041067,WR,rec_yds,15.387,0.0,0.0,8.081,22.911,42.324
2026_03_LV_NO,NO,LV,Bryce Lance,00-0041067,WR,anytime_td,0.042,0.0,0.0,0.0,0.0,0.0
2026_03_LV_NO,NO,LV,CJ Donaldson,00-0041326,RB,car,1.394,0.0,0.0,1.0,2.0,4.0
2026_03_LV_NO,NO,LV,CJ Donaldson,00-0041326,RB,rush_yds,5.959,0.0,0.0,0.0,7.409,18.89
2026_03_LV_NO,NO,LV,CJ Donaldson,00-0041326,RB,tgt,0.754,0.0,0.0,0.0,1.0,2.0
2026_03_LV_NO,NO,LV,CJ Donaldson,00-0041326,RB,rec,0.564,0.0,0.0,0.0,1.0,2.0
2026_03_LV_NO,NO,LV,CJ Donaldson,00-0041326,RB,rec_yds,4.184,0.0,0.0,0.0,5.216,14.066
2026_03_LV_NO,NO,LV,CJ Donaldson,00-0041326,RB,anytime_td,0.044,0.0,0.0,0.0,0.0,0.0
2026_03_LV_NO,LV,NO,Kirk Cousins,00-0029604,QB,att,29.902,20.0,25.0,31.0,36.0,40.0
2026_03_LV_NO,LV,NO,Kirk Cousins,00-0029604,QB,cmp,19.012,12.0,16.0,19.0,23.0,26.0
2026_03_LV_NO,LV,NO,Kirk Cousins,00-0029604,QB,pass_yds,201.807,112.378,155.061,198.883,249.451,296.471
2026_03_LV_NO,LV,NO,Kirk Cousins,00-0029604,QB,pass_td,1.267,0.0,0.0,1.0,2.0,3.0
2026_03_LV_NO,LV,NO,Kirk Cousins,00-0029604,QB,ints,0.753,0.0,0.0,1.0,1.0,2.0
2026_03_LV_NO,LV,NO,Kirk Cousins,00-0029604,QB,car,2.195,0.0,1.0,2.0,3.0,5.0
2026_03_LV_NO,LV,NO,Kirk Cousins,00-0029604,QB,rush_yds,9.027,-1.0,0.0,4.946,14.369,24.974
2026_03_LV_NO,LV,NO,Kirk Cousins,00-0029604,QB,tgt,0.0,0.0,0.0,0.0,0.0,0.0
2026_03_LV_NO,LV,NO,Kirk Cousins,00-0029604,QB,rec,0.0,0.0,0.0,0.0,0.0,0.0
2026_03_LV_NO,LV,NO,Kirk Cousins,00-0029604,QB,rec_yds,0.001,0.0,0.0,0.0,0.0,0.0
2026_03_LV_NO,LV,NO,Kirk Cousins,00-0029604,QB,anytime_td,0.066,0.0,0.0,0.0,0.0,0.0
2026_03_LV_NO,LV,NO,Cody White,00-0035891,WR,car,0.016,0.0,0.0,0.0,0.0,0.0
2026_03_LV_NO,LV,NO,Cody White,00-0035891,WR,rush_yds,0.096,0.0,0.0,0.0,0.0,0.0
2026_03_LV_NO,LV,NO,Cody White,00-0035891,WR,tgt,1.718,0.0,0.0,1.0,3.0,4.0
2026_03_LV_NO,LV,NO,Cody White,00-0035891,WR,rec,1.049,0.0,0.0,1.0,2.0,3.0
2026_03_LV_NO,LV,NO,Cody White,00-0035891,WR,rec_yds,13.622,0.0,0.0,6.132,20.315,39.256
2026_03_LV_NO,LV,NO,Cody White,00-0035891,WR,anytime_td,0.171,0.0,0.0,0.0,0.0,1.0
2026_03_LV_NO,LV,NO,Jalen Nailor,00-0037291,WR,car,0.062,0.0,0.0,0.0,0.0,0.0
2026_03_LV_NO,LV,NO,Jalen Nailor,00-0037291,WR,rush_yds,0.287,0.0,0.0,0.0,0.0,0.0
2026_03_LV_NO,LV,NO,Jalen Nailor,00-0037291,WR,tgt,3.649,1.0,2.0,3.0,5.0,7.0
2026_03_LV_NO,LV,NO,Jalen Nailor,00-0037291,WR,rec,2.129,0.0,1.0,2.0,3.0,4.0
2026_03_LV_NO,LV,NO,Jalen Nailor,00-0037291,WR,rec_yds,26.992,0.0,6.632,19.798,40.346,63.205
2026_03_LV_NO,LV,NO,Jalen Nailor,00-0037291,WR,anytime_td,0.105,0.0,0.0,0.0,0.0,1.0
2026_03_LV_NO,LV,NO,Tre Tucker,00-0038563,WR,car,0.39,0.0,0.0,0.0,0.0,1.0
2026_03_LV_NO,LV,NO,Tre Tucker,00-0038563,WR,rush_yds,2.082,0.0,0.0,0.0,0.0,6.516
2026_03_LV_NO,LV,NO,Tre Tucker,00-0038563,WR,tgt,5.696,2.0,4.0,5.0,8.0,10.0
2026_03_LV_NO,LV,NO,Tre Tucker,00-0038563,WR,rec,3.404,1.0,2.0,3.0,5.0,6.0
2026_03_LV_NO,LV,NO,Tre Tucker,00-0038563,WR,rec_yds,47.432,7.087,19.672,40.198,67.038,97.56
2026_03_LV_NO,LV,NO,Tre Tucker,00-0038563,WR,anytime_td,0.198,0.0,0.0,0.0,0.0,1.0
2026_03_LV_NO,LV,NO,Michael Mayer,00-0039066,TE,car,0.003,0.0,0.0,0.0,0.0,0.0
2026_03_LV_NO,LV,NO,Michael Mayer,00-0039066,TE,rush_yds,0.011,0.0,0.0,0.0,0.0,0.0
2026_03_LV_NO,LV,NO,Michael Mayer,00-0039066,TE,tgt,4.874,2.0,3.0,5.0,6.0,9.0
2026_03_LV_NO,LV,NO,Michael Mayer,00-0039066,TE,rec,3.419,1.0,2.0,3.0,5.0,6.0
2026_03_LV_NO,LV,NO,Michael Mayer,00-0039066,TE,rec_yds,33.074,5.204,14.07,27.895,47.093,67.806
2026_03_LV_NO,LV,NO,Michael Mayer,00-0039066,TE,anytime_td,0.077,0.0,0.0,0.0,0.0,0.0
2026_03_LV_NO,LV,NO,Brock Bowers,00-0039338,TE,car,0.164,0.0,0.0,0.0,0.0,0.0
2026_03_LV_NO,LV,NO,Brock Bowers,00-0039338,TE,rush_yds,0.381,0.0,0.0,0.0,0.0,0.0
2026_03_LV_NO,LV,NO,Brock Bowers,00-0039338,TE,tgt,6.78,3.0,4.0,6.0,9.0,11.0
2026_03_LV_NO,LV,NO,Brock Bowers,00-0039338,TE,rec,4.775,2.0,3.0,4.0,6.0,8.0
2026_03_LV_NO,LV,NO,Brock Bowers,00-0039338,TE,rec_yds,49.363,12.959,26.156,44.314,67.188,91.437
2026_03_LV_NO,LV,NO,Brock Bowers,00-0039338,TE,anytime_td,0.328,0.0,0.0,0.0,1.0,1.0
2026_03_LV_NO,LV,NO,Ashton Jeanty,00-0040122,RB,car,18.35,10.0,14.0,18.0,23.0,27.0
2026_03_LV_NO,LV,NO,Ashton Jeanty,00-0040122,RB,rush_yds,70.306,28.941,43.265,64.591,90.658,118.57
2026_03_LV_NO,LV,NO,Ashton Jeanty,00-0040122,RB,tgt,5.466,2.0,3.0,5.0,7.0,9.0
2026_03_LV_NO,LV,NO,Ashton Jeanty,00-0040122,RB,rec,4.039,1.0,2.0,4.0,5.0,7.0
2026_03_LV_NO,LV,NO,Ashton Jeanty,00-0040122,RB,rec_yds,28.659,4.124,11.645,23.738,40.666,59.023
2026_03_LV_NO,LV,NO,Ashton Jeanty,00-0040122,RB,anytime_td,0.56,0.0,0.0,1.0,1.0,1.0
2026_03_LV_NO,LV,NO,Mike Washington Jr.,00-0040878,RB,car,4.058,0.0,1.0,3.0,6.0,9.0
2026_03_LV_NO,LV,NO,Mike Washington Jr.,00-0040878,RB,rush_yds,17.188,0.0,3.187,11.242,24.763,42.487
2026_03_LV_NO,LV,NO,Mike Washington Jr.,00-0040878,RB,tgt,0.631,0.0,0.0,0.0,1.0,2.0
2026_03_LV_NO,LV,NO,Mike Washington Jr.,00-0040878,RB,rec,0.458,0.0,0.0,0.0,1.0,1.0
2026_03_LV_NO,LV,NO,Mike Washington Jr.,00-0040878,RB,rec_yds,3.46,0.0,0.0,0.0,3.22,12.176
2026_03_LV_NO,LV,NO,Mike Washington Jr.,00-0040878,RB,anytime_td,0.13,0.0,0.0,0.0,0.0,1.0
2026_03_LV_NO,LV,NO,Malik Benson,00-0040894,WR,car,0.346,0.0,0.0,0.0,0.0,1.0
2026_03_LV_NO,LV,NO,Malik Benson,00-0040894,WR,rush_yds,1.86,0.0,0.0,0.0,0.0,4.738
2026_03_LV_NO,LV,NO,Malik Benson,00-0040894,WR,tgt,1.651,0.0,0.0,1.0,2.0,4.0
2026_03_LV_NO,LV,NO,Malik Benson,00-0040894,WR,rec,0.962,0.0,0.0,1.0,2.0,2.0
2026_03_LV_NO,LV,NO,Malik Benson,00-0040894,WR,rec_yds,12.17,0.0,0.0,4.605,18.173,36.112
2026_03_LV_NO,LV,NO,Malik Benson,00-0040894,WR,anytime_td,0.036,0.0,0.0,0.0,0.0,0.0
2026_03_MIN_TB,TB,MIN,Baker Mayfield,00-0034855,QB,att,28.032,18.0,24.0,29.0,33.0,38.0
2026_03_MIN_TB,TB,MIN,Baker Mayfield,00-0034855,QB,cmp,17.514,11.0,14.0,18.0,21.0,25.0
2026_03_MIN_TB,TB,MIN,Baker Mayfield,00-0034855,QB,pass_yds,193.749,105.097,147.249,191.553,240.572,290.09
2026_03_MIN_TB,TB,MIN,Baker Mayfield,00-0034855,QB,pass_td,1.271,0.0,0.0,1.0,2.0,3.0
2026_03_MIN_TB,TB,MIN,Baker Mayfield,00-0034855,QB,ints,0.65,0.0,0.0,0.0,1.0,2.0
2026_03_MIN_TB,TB,MIN,Baker Mayfield,00-0034855,QB,car,3.618,1.0,2.0,3.0,5.0,7.0
2026_03_MIN_TB,TB,MIN,Baker Mayfield,00-0034855,QB,rush_yds,19.688,0.0,6.189,15.815,28.88,43.32
2026_03_MIN_TB,TB,MIN,Baker Mayfield,00-0034855,QB,tgt,0.0,0.0,0.0,0.0,0.0,0.0
2026_03_MIN_TB,TB,MIN,Baker Mayfield,00-0034855,QB,rec,0.0,0.0,0.0,0.0,0.0,0.0
2026_03_MIN_TB,TB,MIN,Baker Mayfield,00-0034855,QB,rec_yds,0.004,0.0,0.0,0.0,0.0,0.0
2026_03_MIN_TB,TB,MIN,Baker Mayfield,00-0034855,QB,anytime_td,0.166,0.0,0.0,0.0,0.0,1.0
2026_03_MIN_TB,TB,MIN,Chris Godwin Jr.,00-0033921,WR,car,0.578,0.0,0.0,0.0,0.0,2.0
2026_03_MIN_TB,TB,MIN,Chris Godwin Jr.,00-0033921,WR,rush_yds,2.903,0.0,0.0,0.0,0.0,9.809
2026_03_MIN_TB,TB,MIN,Chris Godwin Jr.,00-0033921,WR,tgt,3.91,1.0,2.0,4.0,5.0,7.0
2026_03_MIN_TB,TB,MIN,Chris Godwin Jr.,00-0033921,WR,rec,2.561,0.0,1.0,2.0,4.0,5.0
2026_03_MIN_TB,TB,MIN,Chris Godwin Jr.,00-0033921,WR,rec_yds,33.048,0.0,11.079,25.969,48.655,72.865
2026_03_MIN_TB,TB,MIN,Chris Godwin Jr.,00-0033921,WR,anytime_td,0.185,0.0,0.0,0.0,0.0,1.0
2026_03_MIN_TB,TB,MIN,Kenny Gainwell,00-0036919,RB,car,6.081,1.0,3.0,5.0,8.0,12.0
2026_03_MIN_TB,TB,MIN,Kenny Gainwell,00-0036919,RB,rush_yds,23.689,1.838,7.623,17.818,33.577,52.886
2026_03_MIN_TB,TB,MIN,Kenny Gainwell,00-0036919,RB,tgt,3.105,1.0,1.0,3.0,4.0,6.0
2026_03_MIN_TB,TB,MIN,Kenny Gainwell,00-0036919,RB,rec,2.329,0.0,1.0,2.0,3.0,5.0
2026_03_MIN_TB,TB,MIN,Kenny Gainwell,00-0036919,RB,rec_yds,16.994,0.0,3.872,12.197,25.081,40.356
2026_03_MIN_TB,TB,MIN,Kenny Gainwell,00-0036919,RB,anytime_td,0.242,0.0,0.0,0.0,0.0,1.0
2026_03_MIN_TB,TB,MIN,Cade Otton,00-0038129,TE,car,0.002,0.0,0.0,0.0,0.0,0.0
2026_03_MIN_TB,TB,MIN,Cade Otton,00-0038129,TE,rush_yds,0.007,0.0,0.0,0.0,0.0,0.0
2026_03_MIN_TB,TB,MIN,Cade Otton,00-0038129,TE,tgt,4.564,1.0,3.0,4.0,6.0,8.0
2026_03_MIN_TB,TB,MIN,Cade Otton,00-0038129,TE,rec,3.147,1.0,2.0,3.0,4.0,6.0
2026_03_MIN_TB,TB,MIN,Cade Otton,00-0038129,TE,rec_yds,32.188,4.016,12.869,27.172,45.583,66.839
2026_03_MIN_TB,TB,MIN,Cade Otton,00-0038129,TE,anytime_td,0.138,0.0,0.0,0.0,0.0,1.0
2026_03_MIN_TB,TB,MIN,Bucky Irving,00-0039361,RB,car,16.797,9.0,12.0,16.0,21.0,25.0
2026_03_MIN_TB,TB,MIN,Bucky Irving,00-0039361,RB,rush_yds,66.121,25.354,39.499,59.874,86.138,115.343
2026_03_MIN_TB,TB,MIN,Bucky Irving,00-0039361,RB,tgt,3.454,1.0,2.0,3.0,5.0,7.0
2026_03_MIN_TB,TB,MIN,Bucky Irving,00-0039361,RB,rec,2.707,0.0,1.0,2.0,4.0,5.0
2026_03_MIN_TB,TB,MIN,Bucky Irving,00-0039361,RB,rec_yds,19.342,0.0,5.263,14.61,28.332,44.95
2026_03_MIN_TB,TB,MIN,Bucky Irving,00-0039361,RB,anytime_td,0.38,0.0,0.0,0.0,1.0,1.0
2026_03_MIN_TB,TB,MIN,Jalen McMillan,00-0039855,WR,car,0.171,0.0,0.0,0.0,0.0,0.0
2026_03_MIN_TB,TB,MIN,Jalen McMillan,00-0039855,WR,rush_yds,0.896,0.0,0.0,0.0,0.0,0.0
2026_03_MIN_TB,TB,MIN,Jalen McMillan,00-0039855,WR,tgt,2.186,0.0,1.0,2.0,3.0,5.0
2026_03_MIN_TB,TB,MIN,Jalen McMillan,00-0039855,WR,rec,1.354,0.0,0.0,1.0,2.0,3.0
2026_03_MIN_TB,TB,MIN,Jalen McMillan,00-0039855,WR,rec_yds,18.19,0.0,0.0,11.111,27.345,48.448
2026_03_MIN_TB,TB,MIN,Jalen McMillan,00-0039855,WR,anytime_td,0.104,0.0,0.0,0.0,0.0,1.0
2026_03_MIN_TB,TB,MIN,Emeka Egbuka,00-0040129,WR,car,0.29,0.0,0.0,0.0,0.0,1.0
2026_03_MIN_TB,TB,MIN,Emeka Egbuka,00-0040129,WR,rush_yds,1.383,0.0,0.0,0.0,0.0,1.957
2026_03_MIN_TB,TB,MIN,Emeka Egbuka,00-0040129,WR,tgt,5.085,2.0,3.0,5.0,7.0,9.0
2026_03_MIN_TB,TB,MIN,Emeka Egbuka,00-0040129,WR,rec,2.949,1.0,2.0,3.0,4.0,6.0
2026_03_MIN_TB,TB,MIN,Emeka Egbuka,00-0040129,WR,rec_yds,37.973,3.872,14.585,31.422,54.189,79.782
2026_03_MIN_TB,TB,MIN,Emeka Egbuka,00-0040129,WR,anytime_td,0.268,0.0,0.0,0.0,1.0,1.0
2026_03_MIN_TB,TB,MIN,Tez Johnson,00-0040237,WR,car,0.53,0.0,0.0,0.0,0.0,2.0
2026_03_MIN_TB,TB,MIN,Tez Johnson,00-0040237,WR,rush_yds,2.535,0.0,0.0,0.0,0.0,8.128
2026_03_MIN_TB,TB,MIN,Tez Johnson,00-0040237,WR,tgt,2.15,0.0,1.0,2.0,3.0,5.0
2026_03_MIN_TB,TB,MIN,Tez Johnson,00-0040237,WR,rec,1.216,0.0,0.0,1.0,2.0,3.0
2026_03_MIN_TB,TB,MIN,Tez Johnson,00-0040237,WR,rec_yds,17.068,0.0,0.0,9.757,25.513,46.524
2026_03_MIN_TB,TB,MIN,Tez Johnson,00-0040237,WR,anytime_td,0.132,0.0,0.0,0.0,0.0,1.0
2026_03_MIN_TB,TB,MIN,Ted Hurst III,00-0041048,WR,car,0.03,0.0,0.0,0.0,0.0,0.0
2026_03_MIN_TB,TB,MIN,Ted Hurst III,00-0041048,WR,rush_yds,0.154,0.0,0.0,0.0,0.0,0.0
2026_03_MIN_TB,TB,MIN,Ted Hurst III,00-0041048,WR,tgt,3.94,1.0,2.0,4.0,5.0,7.0
2026_03_MIN_TB,TB,MIN,Ted Hurst III,00-0041048,WR,rec,2.268,0.0,1.0,2.0,3.0,5.0
2026_03_MIN_TB,TB,MIN,Ted Hurst III,00-0041048,WR,rec_yds,30.112,0.0,8.624,23.304,44.642,67.738
2026_03_MIN_TB,TB,MIN,Ted Hurst III,00-0041048,WR,anytime_td,0.13,0.0,0.0,0.0,0.0,1.0
2026_03_MIN_TB,MIN,TB,Kyler Murray,00-0035228,QB,att,27.568,18.0,23.0,28.0,33.0,37.0
2026_03_MIN_TB,MIN,TB,Kyler Murray,00-0035228,QB,cmp,18.114,11.0,15.0,18.0,22.0,25.0
2026_03_MIN_TB,MIN,TB,Kyler Murray,00-0035228,QB,pass_yds,194.826,105.355,148.939,194.082,242.096,288.265
2026_03_MIN_TB,MIN,TB,Kyler Murray,00-0035228,QB,pass_td,1.278,0.0,0.0,1.0,2.0,3.0
2026_03_MIN_TB,MIN,TB,Kyler Murray,00-0035228,QB,ints,0.633,0.0,0.0,0.0,1.0,2.0
2026_03_MIN_TB,MIN,TB,Kyler Murray,00-0035228,QB,car,4.471,1.0,2.0,4.0,6.0,8.0
2026_03_MIN_TB,MIN,TB,Kyler Murray,00-0035228,QB,rush_yds,20.658,0.0,6.916,16.784,29.649,45.447
2026_03_MIN_TB,MIN,TB,Kyler Murray,00-0035228,QB,tgt,0.0,0.0,0.0,0.0,0.0,0.0
2026_03_MIN_TB,MIN,TB,Kyler Murray,00-0035228,QB,rec,0.0,0.0,0.0,0.0,0.0,0.0
2026_03_MIN_TB,MIN,TB,Kyler Murray,00-0035228,QB,rec_yds,0.0,0.0,0.0,0.0,0.0,0.0
2026_03_MIN_TB,MIN,TB,Kyler Murray,00-0035228,QB,anytime_td,0.116,0.0,0.0,0.0,0.0,1.0
2026_03_MIN_TB,MIN,TB,Aaron Jones,00-0033293,RB,car,19.523,11.0,15.0,19.0,24.0,28.0
2026_03_MIN_TB,MIN,TB,Aaron Jones,00-0033293,RB,rush_yds,80.204,34.746,50.973,73.73,102.576,133.993
2026_03_MIN_TB,MIN,TB,Aaron Jones,00-0033293,RB,tgt,2.535,0.0,1.0,2.0,4.0,5.0
2026_03_MIN_TB,MIN,TB,Aaron Jones,00-0033293,RB,rec,1.981,0.0,1.0,2.0,3.0,4.0
2026_03_MIN_TB,MIN,TB,Aaron Jones,00-0033293,RB,rec_yds,14.1,0.0,1.139,9.569,20.807,34.996
2026_03_MIN_TB,MIN,TB,Aaron Jones,00-0033293,RB,anytime_td,0.36,0.0,0.0,0.0,1.0,1.0
2026_03_MIN_TB,MIN,TB,T.J. Hockenson,00-0035229,TE,car,0.058,0.0,0.0,0.0,0.0,0.0
2026_03_MIN_TB,MIN,TB,T.J. Hockenson,00-0035229,TE,rush_yds,0.134,0.0,0.0,0.0,0.0,0.0
2026_03_MIN_TB,MIN,TB,T.J. Hockenson,00-0035229,TE,tgt,5.064,2.0,3.0,5.0,7.0,9.0
2026_03_MIN_TB,MIN,TB,T.J. Hockenson,00-0035229,TE,rec,3.854,1.0,2.0,4.0,5.0,7.0
2026_03_MIN_TB,MIN,TB,T.J. Hockenson,00-0035229,TE,rec_yds,37.217,7.158,17.356,32.391,51.846,73.779
2026_03_MIN_TB,MIN,TB,T.J. Hockenson,00-0035229,TE,anytime_td,0.236,0.0,0.0,0.0,0.0,1.0
2026_03_MIN_TB,MIN,TB,Jauan Jennings,00-0036259,WR,car,0.022,0.0,0.0,0.0,0.0,0.0
2026_03_MIN_TB,MIN,TB,Jauan Jennings,00-0036259,WR,rush_yds,0.106,0.0,0.0,0.0,0.0,0.0
2026_03_MIN_TB,MIN,TB,Jauan Jennings,00-0036259,WR,tgt,3.828,1.0,2.0,3.0,5.0,7.0
2026_03_MIN_TB,MIN,TB,Jauan Jennings,00-0036259,WR,rec,2.415,0.0,1.0,2.0,3.0,5.0
2026_03_MIN_TB,MIN,TB,Jauan Jennings,00-0036259,WR,rec_yds,29.944,0.0,9.095,23.601,43.765,67.306
2026_03_MIN_TB,MIN,TB,Jauan Jennings,00-0036259,WR,anytime_td,0.175,0.0,0.0,0.0,0.0,1.0
2026_03_MIN_TB,MIN,TB,Justin Jefferson,00-0036322,WR,car,0.102,0.0,0.0,0.0,0.0,0.0
2026_03_MIN_TB,MIN,TB,Justin Jefferson,00-0036322,WR,rush_yds,0.563,0.0,0.0,0.0,0.0,0.0
2026_03_MIN_TB,MIN,TB,Justin Jefferson,00-0036322,WR,tgt,8.861,4.0,6.0,9.0,11.0,14.0
2026_03_MIN_TB,MIN,TB,Justin Jefferson,00-0036322,WR,rec,5.876,3.0,4.0,6.0,8.0,10.0
2026_03_MIN_TB,MIN,TB,Justin Jefferson,00-0036322,WR,rec_yds,72.386,23.205,40.758,66.415,97.158,128.641
2026_03_MIN_TB,MIN,TB,Justin Jefferson,00-0036322,WR,anytime_td,0.369,0.0,0.0,0.0,1.0,1.0
2026_03_MIN_TB,MIN,TB,DeeJay Dallas,00-0036425,RB,car,1.835,0.0,0.0,1.0,3.0,5.0
2026_03_MIN_TB,MIN,TB,DeeJay Dallas,00-0036425,RB,rush_yds,7.7,0.0,0.0,1.945,10.348,23.459
2026_03_MIN_TB,MIN,TB,DeeJay Dallas,00-0036425,RB,tgt,1.098,0.0,0.0,1.0,2.0,3.0
2026_03_MIN_TB,MIN,TB,DeeJay Dallas,00-0036425,RB,rec,0.893,0.0,0.0,1.0,1.0,2.0
2026_03_MIN_TB,MIN,TB,DeeJay Dallas,00-0036425,RB,rec_yds,6.28,0.0,0.0,0.0,9.134,19.362
2026_03_MIN_TB,MIN,TB,DeeJay Dallas,00-0036425,RB,anytime_td,0.058,0.0,0.0,0.0,0.0,0.0
2026_03_MIN_TB,MIN,TB,Jordan Addison,00-0038994,WR,car,0.127,0.0,0.0,0.0,0.0,0.0
2026_03_MIN_TB,MIN,TB,Jordan Addison,00-0038994,WR,rush_yds,0.702,0.0,0.0,0.0,0.0,0.0
2026_03_MIN_TB,MIN,TB,Jordan Addison,00-0038994,WR,tgt,4.88,2.0,3.0,5.0,6.0,9.0
2026_03_MIN_TB,MIN,TB,Jordan Addison,00-0038994,WR,rec,2.883,1.0,1.0,3.0,4.0,5.0
2026_03_MIN_TB,MIN,TB,Jordan Addison,00-0038994,WR,rec_yds,35.771,3.193,13.316,29.364,51.071,76.047
2026_03_MIN_TB,MIN,TB,Jordan Addison,00-0038994,WR,anytime_td,0.155,0.0,0.0,0.0,0.0,1.0
2026_03_MIN_TB,MIN,TB,Tai Felton,00-0040154,WR,car,0.021,0.0,0.0,0.0,0.0,0.0
2026_03_MIN_TB,MIN,TB,Tai Felton,00-0040154,WR,rush_yds,0.121,0.0,0.0,0.0,0.0,0.0
2026_03_MIN_TB,MIN,TB,Tai Felton,00-0040154,WR,tgt,0.61,0.0,0.0,0.0,1.0,2.0
2026_03_MIN_TB,MIN,TB,Tai Felton,00-0040154,WR,rec,0.397,0.0,0.0,0.0,1.0,1.0
2026_03_MIN_TB,MIN,TB,Tai Felton,00-0040154,WR,rec_yds,4.866,0.0,0.0,0.0,4.769,17.514
2026_03_MIN_TB,MIN,TB,Tai Felton,00-0040154,WR,anytime_td,0.01,0.0,0.0,0.0,0.0,0.0
2026_03_MIN_TB,MIN,TB,Demond Claiborne,00-0041104,RB,car,1.292,0.0,0.0,0.0,2.0,4.0
2026_03_MIN_TB,MIN,TB,Demond Claiborne,00-0041104,RB,rush_yds,5.528,0.0,0.0,0.0,6.531,17.569
2026_03_MIN_TB,MIN,TB,Demond Claiborne,00-0041104,RB,tgt,1.246,0.0,0.0,1.0,2.0,3.0
2026_03_MIN_TB,MIN,TB,Demond Claiborne,00-0041104,RB,rec,1.012,0.0,0.0,1.0,2.0,3.0
2026_03_MIN_TB,MIN,TB,Demond Claiborne,00-0041104,RB,rec_yds,7.082,0.0,0.0,1.829,10.437,21.432
2026_03_MIN_TB,MIN,TB,Demond Claiborne,00-0041104,RB,anytime_td,0.088,0.0,0.0,0.0,0.0,0.0
2026_03_NE_JAX,JAX,NE,Trevor Lawrence,00-0036971,QB,att,29.82,20.0,25.0,30.0,35.0,40.0
2026_03_NE_JAX,JAX,NE,Trevor Lawrence,00-0036971,QB,cmp,19.057,12.0,16.0,19.0,23.0,26.0
2026_03_NE_JAX,JAX,NE,Trevor Lawrence,00-0036971,QB,pass_yds,220.075,124.795,169.972,218.645,271.46,324.491
2026_03_NE_JAX,JAX,NE,Trevor Lawrence,00-0036971,QB,pass_td,1.573,0.0,1.0,1.0,2.0,3.0
2026_03_NE_JAX,JAX,NE,Trevor Lawrence,00-0036971,QB,ints,0.652,0.0,0.0,0.0,1.0,2.0
2026_03_NE_JAX,JAX,NE,Trevor Lawrence,00-0036971,QB,car,4.493,1.0,2.0,4.0,6.0,9.0
2026_03_NE_JAX,JAX,NE,Trevor Lawrence,00-0036971,QB,rush_yds,17.521,0.0,4.059,13.194,26.19,41.04
2026_03_NE_JAX,JAX,NE,Trevor Lawrence,00-0036971,QB,tgt,0.001,0.0,0.0,0.0,0.0,0.0
2026_03_NE_JAX,JAX,NE,Trevor Lawrence,00-0036971,QB,rec,0.0,0.0,0.0,0.0,0.0,0.0
2026_03_NE_JAX,JAX,NE,Trevor Lawrence,00-0036971,QB,rec_yds,0.004,0.0,0.0,0.0,0.0,0.0
2026_03_NE_JAX,JAX,NE,Trevor Lawrence,00-0036971,QB,anytime_td,0.253,0.0,0.0,0.0,1.0,1.0
2026_03_NE_JAX,JAX,NE,Ameer Abdullah,00-0032104,RB,car,2.898,0.0,1.0,2.0,4.0,7.0
2026_03_NE_JAX,JAX,NE,Ameer Abdullah,00-0032104,RB,rush_yds,12.481,0.0,0.0,6.627,17.459,33.689
2026_03_NE_JAX,JAX,NE,Ameer Abdullah,00-0032104,RB,tgt,1.496,0.0,0.0,1.0,2.0,4.0
2026_03_NE_JAX,JAX,NE,Ameer Abdullah,00-0032104,RB,rec,1.206,0.0,0.0,1.0,2.0,3.0
2026_03_NE_JAX,JAX,NE,Ameer Abdullah,00-0032104,RB,rec_yds,8.194,0.0,0.0,3.609,12.156,23.434
2026_03_NE_JAX,JAX,NE,Ameer Abdullah,00-0032104,RB,anytime_td,0.091,0.0,0.0,0.0,0.0,0.0
2026_03_NE_JAX,JAX,NE,Jakobi Meyers,00-0034960,WR,car,0.435,0.0,0.0,0.0,0.0,1.0
2026_03_NE_JAX,JAX,NE,Jakobi Meyers,00-0034960,WR,rush_yds,2.373,0.0,0.0,0.0,0.0,7.022
2026_03_NE_JAX,JAX,NE,Jakobi Meyers,00-0034960,WR,tgt,4.852,2.0,3.0,4.0,6.0,8.0
2026_03_NE_JAX,JAX,NE,Jakobi Meyers,00-0034960,WR,rec,3.165,1.0,2.0,3.0,4.0,6.0
2026_03_NE_JAX,JAX,NE,Jakobi Meyers,00-0034960,WR,rec_yds,39.841,5.041,15.645,32.832,56.658,83.916
2026_03_NE_JAX,JAX,NE,Jakobi Meyers,00-0034960,WR,anytime_td,0.219,0.0,0.0,0.0,0.0,1.0
2026_03_NE_JAX,JAX,NE,Parker Washington,00-0038606,WR,car,0.331,0.0,0.0,0.0,0.0,1.0
2026_03_NE_JAX,JAX,NE,Parker Washington,00-0038606,WR,rush_yds,1.777,0.0,0.0,0.0,0.0,4.321
2026_03_NE_JAX,JAX,NE,Parker Washington,00-0038606,WR,tgt,9.161,5.0,6.0,9.0,11.0,14.0
2026_03_NE_JAX,JAX,NE,Parker Washington,00-0038606,WR,rec,5.852,2.0,4.0,6.0,8.0,10.0
2026_03_NE_JAX,JAX,NE,Parker Washington,00-0038606,WR,rec_yds,78.4,25.174,44.093,70.767,105.112,140.283
2026_03_NE_JAX,JAX,NE,Parker Washington,00-0038606,WR,anytime_td,0.318,0.0,0.0,0.0,1.0,1.0
2026_03_NE_JAX,JAX,NE,Chris Rodriguez Jr.,00-0038611,RB,car,7.782,2.0,4.0,7.0,11.0,14.0
2026_03_NE_JAX,JAX,NE,Chris Rodriguez Jr.,00-0038611,RB,rush_yds,32.49,5.117,12.603,25.793,45.328,68.311
2026_03_NE_JAX,JAX,NE,Chris Rodriguez Jr.,00-0038611,RB,tgt,0.386,0.0,0.0,0.0,1.0,1.0
2026_03_NE_JAX,JAX,NE,Chris Rodriguez Jr.,00-0038611,RB,rec,0.3,0.0,0.0,0.0,0.0,1.0
2026_03_NE_JAX,JAX,NE,Chris Rodriguez Jr.,00-0038611,RB,rec_yds,2.215,0.0,0.0,0.0,0.0,8.201
2026_03_NE_JAX,JAX,NE,Chris Rodriguez Jr.,00-0038611,RB,anytime_td,0.245,0.0,0.0,0.0,0.0,1.0
2026_03_NE_JAX,JAX,NE,Brenton Strange,00-0038935,TE,car,0.003,0.0,0.0,0.0,0.0,0.0
2026_03_NE_JAX,JAX,NE,Brenton Strange,00-0038935,TE,rush_yds,0.007,0.0,0.0,0.0,0.0,0.0
2026_03_NE_JAX,JAX,NE,Brenton Strange,00-0038935,TE,tgt,4.189,1.0,2.0,4.0,6.0,8.0
2026_03_NE_JAX,JAX,NE,Brenton Strange,00-0038935,TE,rec,3.023,1.0,1.0,3.0,4.0,6.0
2026_03_NE_JAX,JAX,NE,Brenton Strange,00-0038935,TE,rec_yds,30.735,2.951,11.775,25.503,44.492,64.774
2026_03_NE_JAX,JAX,NE,Brenton Strange,00-0038935,TE,anytime_td,0.239,0.0,0.0,0.0,0.0,1.0
2026_03_NE_JAX,JAX,NE,Brian Thomas Jr.,00-0039893,WR,car,0.098,0.0,0.0,0.0,0.0,0.0
2026_03_NE_JAX,JAX,NE,Brian Thomas Jr.,00-0039893,WR,rush_yds,0.538,0.0,0.0,0.0,0.0,0.0
2026_03_NE_JAX,JAX,NE,Brian Thomas Jr.,00-0039893,WR,tgt,6.252,3.0,4.0,6.0,8.0,10.0
2026_03_NE_JAX,JAX,NE,Brian Thomas Jr.,00-0039893,WR,rec,3.804,1.0,2.0,4.0,5.0,7.0
2026_03_NE_JAX,JAX,NE,Brian Thomas Jr.,00-0039893,WR,rec_yds,48.236,8.68,21.481,41.649,67.427,97.298
2026_03_NE_JAX,JAX,NE,Brian Thomas Jr.,00-0039893,WR,anytime_td,0.18,0.0,0.0,0.0,0.0,1.0
2026_03_NE_JAX,JAX,NE,LeQuint Allen Jr.,00-0040238,RB,car,1.184,0.0,0.0,0.0,2.0,4.0
2026_03_NE_JAX,JAX,NE,LeQuint Allen Jr.,00-0040238,RB,rush_yds,5.059,0.0,0.0,0.0,5.502,16.396
2026_03_NE_JAX,JAX,NE,LeQuint Allen Jr.,00-0040238,RB,tgt,0.714,0.0,0.0,0.0,1.0,2.0
2026_03_NE_JAX,JAX,NE,LeQuint Allen Jr.,00-0040238,RB,rec,0.55,0.0,0.0,0.0,1.0,2.0
2026_03_NE_JAX,JAX,NE,LeQuint Allen Jr.,00-0040238,RB,rec_yds,3.887,0.0,0.0,0.0,4.916,13.4
2026_03_NE_JAX,JAX,NE,LeQuint Allen Jr.,00-0040238,RB,anytime_td,0.047,0.0,0.0,0.0,0.0,0.0
2026_03_NE_JAX,JAX,NE,Bhayshul Tuten,00-0040719,RB,car,9.698,4.0,6.0,9.0,13.0,17.0
2026_03_NE_JAX,JAX,NE,Bhayshul Tuten,00-0040719,RB,rush_yds,42.523,9.712,19.636,35.579,58.119,84.335
2026_03_NE_JAX,JAX,NE,Bhayshul Tuten,00-0040719,RB,tgt,1.292,0.0,0.0,1.0,2.0,3.0
2026_03_NE_JAX,JAX,NE,Bhayshul Tuten,00-0040719,RB,rec,1.025,0.0,0.0,1.0,2.0,3.0
2026_03_NE_JAX,JAX,NE,Bhayshul Tuten,00-0040719,RB,rec_yds,7.119,0.0,0.0,1.865,10.565,21.433
2026_03_NE_JAX,JAX,NE,Bhayshul Tuten,00-0040719,RB,anytime_td,0.349,0.0,0.0,0.0,1.0,1.0
2026_03_NE_JAX,JAX,NE,Josh Cameron,00-0041100,WR,car,0.023,0.0,0.0,0.0,0.0,0.0
2026_03_NE_JAX,JAX,NE,Josh Cameron,00-0041100,WR,rush_yds,0.104,0.0,0.0,0.0,0.0,0.0
2026_03_NE_JAX,JAX,NE,Josh Cameron,00-0041100,WR,tgt,1.384,0.0,0.0,1.0,2.0,3.0
2026_03_NE_JAX,JAX,NE,Josh Cameron,00-0041100,WR,rec,0.887,0.0,0.0,1.0,1.0,2.0
2026_03_NE_JAX,JAX,NE,Josh Cameron,00-0041100,WR,rec_yds,10.866,0.0,0.0,2.996,16.298,32.6
2026_03_NE_JAX,JAX,NE,Josh Cameron,00-0041100,WR,anytime_td,0.165,0.0,0.0,0.0,0.0,1.0
2026_03_NE_JAX,JAX,NE,Nate Boerkircher,00-0041503,TE,car,0.002,0.0,0.0,0.0,0.0,0.0
2026_03_NE_JAX,JAX,NE,Nate Boerkircher,00-0041503,TE,rush_yds,0.007,0.0,0.0,0.0,0.0,0.0
2026_03_NE_JAX,JAX,NE,Nate Boerkircher,00-0041503,TE,tgt,0.728,0.0,0.0,0.0,1.0,2.0
2026_03_NE_JAX,JAX,NE,Nate Boerkircher,00-0041503,TE,rec,0.525,0.0,0.0,0.0,1.0,2.0
2026_03_NE_JAX,JAX,NE,Nate Boerkircher,00-0041503,TE,rec_yds,5.206,0.0,0.0,0.0,7.028,17.807
2026_03_NE_JAX,JAX,NE,Nate Boerkircher,00-0041503,TE,anytime_td,0.016,0.0,0.0,0.0,0.0,0.0
2026_03_NE_JAX,NE,JAX,Drake Maye,00-0039851,QB,att,29.276,19.9,25.0,30.0,35.0,39.0
2026_03_NE_JAX,NE,JAX,Drake Maye,00-0039851,QB,cmp,19.117,12.0,16.0,19.0,23.0,27.0
2026_03_NE_JAX,NE,JAX,Drake Maye,00-0039851,QB,pass_yds,209.564,117.646,160.223,206.644,258.854,310.171
2026_03_NE_JAX,NE,JAX,Drake Maye,00-0039851,QB,pass_td,1.354,0.0,1.0,1.0,2.0,3.0
2026_03_NE_JAX,NE,JAX,Drake Maye,00-0039851,QB,ints,0.823,0.0,0.0,1.0,1.0,2.0
2026_03_NE_JAX,NE,JAX,Drake Maye,00-0039851,QB,car,4.484,1.0,3.0,4.0,6.0,8.0
2026_03_NE_JAX,NE,JAX,Drake Maye,00-0039851,QB,rush_yds,26.125,2.262,10.576,22.151,37.388,53.669
2026_03_NE_JAX,NE,JAX,Drake Maye,00-0039851,QB,tgt,0.001,0.0,0.0,0.0,0.0,0.0
2026_03_NE_JAX,NE,JAX,Drake Maye,00-0039851,QB,rec,0.0,0.0,0.0,0.0,0.0,0.0
2026_03_NE_JAX,NE,JAX,Drake Maye,00-0039851,QB,rec_yds,0.005,0.0,0.0,0.0,0.0,0.0
2026_03_NE_JAX,NE,JAX,Drake Maye,00-0039851,QB,anytime_td,0.14,0.0,0.0,0.0,0.0,1.0
2026_03_NE_JAX,NE,JAX,Hunter Henry,00-0033090,TE,car,0.003,0.0,0.0,0.0,0.0,0.0
2026_03_NE_JAX,NE,JAX,Hunter Henry,00-0033090,TE,rush_yds,0.004,0.0,0.0,0.0,0.0,0.0
2026_03_NE_JAX,NE,JAX,Hunter Henry,00-0033090,TE,tgt,5.191,2.0,3.0,5.0,7.0,9.0
2026_03_NE_JAX,NE,JAX,Hunter Henry,00-0033090,TE,rec,3.71,1.0,2.0,3.0,5.0,7.0
2026_03_NE_JAX,NE,JAX,Hunter Henry,00-0033090,TE,rec_yds,38.916,7.284,17.445,33.907,54.669,78.04
2026_03_NE_JAX,NE,JAX,Hunter Henry,00-0033090,TE,anytime_td,0.174,0.0,0.0,0.0,0.0,1.0
2026_03_NE_JAX,NE,JAX,Mack Hollins,00-0033555,WR,car,0.02,0.0,0.0,0.0,0.0,0.0
2026_03_NE_JAX,NE,JAX,Mack Hollins,00-0033555,WR,rush_yds,0.106,0.0,0.0,0.0,0.0,0.0
2026_03_NE_JAX,NE,JAX,Mack Hollins,00-0033555,WR,tgt,5.37,2.0,3.0,5.0,7.0,9.0
2026_03_NE_JAX,NE,JAX,Mack Hollins,00-0033555,WR,rec,3.551,1.0,2.0,3.0,5.0,6.0
2026_03_NE_JAX,NE,JAX,Mack Hollins,00-0033555,WR,rec_yds,44.24,7.503,19.128,37.588,62.02,89.772
2026_03_NE_JAX,NE,JAX,Mack Hollins,00-0033555,WR,anytime_td,0.153,0.0,0.0,0.0,0.0,1.0
2026_03_NE_JAX,NE,JAX,Rhamondre Stevenson,00-0036875,RB,car,9.178,3.0,5.0,8.0,12.0,16.0
2026_03_NE_JAX,NE,JAX,Rhamondre Stevenson,00-0036875,RB,rush_yds,37.144,7.871,16.755,31.06,50.993,74.297
2026_03_NE_JAX,NE,JAX,Rhamondre Stevenson,00-0036875,RB,tgt,4.331,1.0,2.0,4.0,6.0,8.0
2026_03_NE_JAX,NE,JAX,Rhamondre Stevenson,00-0036875,RB,rec,3.38,1.0,2.0,3.0,5.0,6.0
2026_03_NE_JAX,NE,JAX,Rhamondre Stevenson,00-0036875,RB,rec_yds,25.784,1.207,9.257,20.754,36.856,55.63
2026_03_NE_JAX,NE,JAX,Rhamondre Stevenson,00-0036875,RB,anytime_td,0.346,0.0,0.0,0.0,1.0,1.0
2026_03_NE_JAX,NE,JAX,Romeo Doubs,00-0037816,WR,car,0.012,0.0,0.0,0.0,0.0,0.0
2026_03_NE_JAX,NE,JAX,Romeo Doubs,00-0037816,WR,rush_yds,0.054,0.0,0.0,0.0,0.0,0.0
2026_03_NE_JAX,NE,JAX,Romeo Doubs,00-0037816,WR,tgt,5.382,2.0,3.0,5.0,7.0,9.0
2026_03_NE_JAX,NE,JAX,Romeo Doubs,00-0037816,WR,rec,3.328,1.0,2.0,3.0,5.0,6.0
2026_03_NE_JAX,NE,JAX,Romeo Doubs,00-0037816,WR,rec_yds,46.899,6.347,18.998,39.212,67.022,97.201
2026_03_NE_JAX,NE,JAX,Romeo Doubs,00-0037816,WR,anytime_td,0.2,0.0,0.0,0.0,0.0,1.0
2026_03_NE_JAX,NE,JAX,DeMario Douglas,00-0038621,WR,car,0.1,0.0,0.0,0.0,0.0,0.0
2026_03_NE_JAX,NE,JAX,DeMario Douglas,00-0038621,WR,rush_yds,0.517,0.0,0.0,0.0,0.0,0.0
2026_03_NE_JAX,NE,JAX,DeMario Douglas,00-0038621,WR,tgt,4.394,1.0,2.0,4.0,6.0,8.0
2026_03_NE_JAX,NE,JAX,DeMario Douglas,00-0038621,WR,rec,2.799,1.0,1.0,3.0,4.0,5.0
2026_03_NE_JAX,NE,JAX,DeMario Douglas,00-0038621,WR,rec_yds,31.759,1.819,11.126,25.41,45.938,68.339
2026_03_NE_JAX,NE,JAX,DeMario Douglas,00-0038621,WR,anytime_td,0.123,0.0,0.0,0.0,0.0,1.0
2026_03_NE_JAX,NE,JAX,Kyle Williams,00-0040131,WR,car,0.041,0.0,0.0,0.0,0.0,0.0
2026_03_NE_JAX,NE,JAX,Kyle Williams,00-0040131,WR,rush_yds,0.205,0.0,0.0,0.0,0.0,0.0
2026_03_NE_JAX,NE,JAX,Kyle Williams,00-0040131,WR,tgt,1.867,0.0,1.0,1.0,3.0,4.0
2026_03_NE_JAX,NE,JAX,Kyle Williams,00-0040131,WR,rec,1.14,0.0,0.0,1.0,2.0,3.0
2026_03_NE_JAX,NE,JAX,Kyle Williams,00-0040131,WR,rec_yds,14.054,0.0,0.0,6.911,21.06,39.147
2026_03_NE_JAX,NE,JAX,Kyle Williams,00-0040131,WR,anytime_td,0.073,0.0,0.0,0.0,0.0,0.0
2026_03_NE_JAX,NE,JAX,Corey Kiner,00-0040556,RB,car,3.211,0.0,1.0,2.0,5.0,7.0
2026_03_NE_JAX,NE,JAX,Corey Kiner,00-0040556,RB,rush_yds,12.338,0.0,0.895,7.084,17.925,32.279
2026_03_NE_JAX,NE,JAX,Corey Kiner,00-0040556,RB,tgt,0.448,0.0,0.0,0.0,1.0,1.0
2026_03_NE_JAX,NE,JAX,Corey Kiner,00-0040556,RB,rec,0.349,0.0,0.0,0.0,0.0,1.0
2026_03_NE_JAX,NE,JAX,Corey Kiner,00-0040556,RB,rec_yds,2.584,0.0,0.0,0.0,0.0,9.482
2026_03_NE_JAX,NE,JAX,Corey Kiner,00-0040556,RB,anytime_td,0.099,0.0,0.0,0.0,0.0,0.0
2026_03_NE_JAX,NE,JAX,Efton Chism III,00-0040563,WR,car,0.019,0.0,0.0,0.0,0.0,0.0
2026_03_NE_JAX,NE,JAX,Efton Chism III,00-0040563,WR,rush_yds,0.101,0.0,0.0,0.0,0.0,0.0
2026_03_NE_JAX,NE,JAX,Efton Chism III,00-0040563,WR,tgt,1.153,0.0,0.0,1.0,2.0,3.0
2026_03_NE_JAX,NE,JAX,Efton Chism III,00-0040563,WR,rec,0.757,0.0,0.0,0.0,1.0,2.0
2026_03_NE_JAX,NE,JAX,Efton Chism III,00-0040563,WR,rec_yds,9.344,0.0,0.0,0.0,13.407,29.153
2026_03_NE_JAX,NE,JAX,Efton Chism III,00-0040563,WR,anytime_td,0.05,0.0,0.0,0.0,0.0,0.0
2026_03_NE_JAX,NE,JAX,TreVeyon Henderson,00-0040734,RB,car,9.262,3.0,6.0,9.0,12.0,16.0
2026_03_NE_JAX,NE,JAX,TreVeyon Henderson,00-0040734,RB,rush_yds,38.385,8.301,17.375,32.086,52.652,76.592
2026_03_NE_JAX,NE,JAX,TreVeyon Henderson,00-0040734,RB,tgt,1.685,0.0,0.0,1.0,3.0,4.0
2026_03_NE_JAX,NE,JAX,TreVeyon Henderson,00-0040734,RB,rec,1.323,0.0,0.0,1.0,2.0,3.0
2026_03_NE_JAX,NE,JAX,TreVeyon Henderson,00-0040734,RB,rec_yds,9.369,0.0,0.0,4.738,13.991,26.959
2026_03_NE_JAX,NE,JAX,TreVeyon Henderson,00-0040734,RB,anytime_td,0.346,0.0,0.0,0.0,1.0,1.0
2026_03_NYJ_DET,DET,NYJ,Jared Goff,00-0033106,QB,att,32.218,22.0,27.0,33.0,38.0,43.0
2026_03_NYJ_DET,DET,NYJ,Jared Goff,00-0033106,QB,cmp,21.642,14.0,18.0,22.0,26.0,30.0
2026_03_NYJ_DET,DET,NYJ,Jared Goff,00-0033106,QB,pass_yds,250.023,146.889,196.629,249.093,306.828,359.739
2026_03_NYJ_DET,DET,NYJ,Jared Goff,00-0033106,QB,pass_td,1.956,0.0,1.0,2.0,3.0,4.0
2026_03_NYJ_DET,DET,NYJ,Jared Goff,00-0033106,QB,ints,0.502,0.0,0.0,0.0,1.0,2.0
2026_03_NYJ_DET,DET,NYJ,Jared Goff,00-0033106,QB,car,2.86,0.0,1.0,2.0,4.0,6.0
2026_03_NYJ_DET,DET,NYJ,Jared Goff,00-0033106,QB,rush_yds,9.172,-2.0,0.0,4.77,14.311,25.971
2026_03_NYJ_DET,DET,NYJ,Jared Goff,00-0033106,QB,tgt,0.0,0.0,0.0,0.0,0.0,0.0
2026_03_NYJ_DET,DET,NYJ,Jared Goff,00-0033106,QB,rec,0.0,0.0,0.0,0.0,0.0,0.0
2026_03_NYJ_DET,DET,NYJ,Jared Goff,00-0033106,QB,rec_yds,0.002,0.0,0.0,0.0,0.0,0.0
2026_03_NYJ_DET,DET,NYJ,Jared Goff,00-0033106,QB,anytime_td,0.03,0.0,0.0,0.0,0.0,0.0
2026_03_NYJ_DET,DET,NYJ,Brock Wright,00-0036754,TE,car,0.004,0.0,0.0,0.0,0.0,0.0
2026_03_NYJ_DET,DET,NYJ,Brock Wright,00-0036754,TE,rush_yds,0.008,0.0,0.0,0.0,0.0,0.0
2026_03_NYJ_DET,DET,NYJ,Brock Wright,00-0036754,TE,tgt,1.401,0.0,0.0,1.0,2.0,3.0
2026_03_NYJ_DET,DET,NYJ,Brock Wright,00-0036754,TE,rec,1.016,0.0,0.0,1.0,2.0,3.0
2026_03_NYJ_DET,DET,NYJ,Brock Wright,00-0036754,TE,rec_yds,10.626,0.0,0.0,4.487,16.0,30.917
2026_03_NYJ_DET,DET,NYJ,Brock Wright,00-0036754,TE,anytime_td,0.062,0.0,0.0,0.0,0.0,0.0
2026_03_NYJ_DET,DET,NYJ,Amon-Ra St. Brown,00-0036963,WR,car,0.057,0.0,0.0,0.0,0.0,0.0
2026_03_NYJ_DET,DET,NYJ,Amon-Ra St. Brown,00-0036963,WR,rush_yds,0.319,0.0,0.0,0.0,0.0,0.0
2026_03_NYJ_DET,DET,NYJ,Amon-Ra St. Brown,00-0036963,WR,tgt,10.754,6.0,8.0,10.0,13.0,16.0
2026_03_NYJ_DET,DET,NYJ,Amon-Ra St. Brown,00-0036963,WR,rec,7.21,3.0,5.0,7.0,9.0,11.0
2026_03_NYJ_DET,DET,NYJ,Amon-Ra St. Brown,00-0036963,WR,rec_yds,92.483,34.671,56.335,86.173,121.69,158.464
2026_03_NYJ_DET,DET,NYJ,Amon-Ra St. Brown,00-0036963,WR,anytime_td,0.569,0.0,0.0,1.0,1.0,1.0
2026_03_NYJ_DET,DET,NYJ,Jameson Williams,00-0037240,WR,car,0.218,0.0,0.0,0.0,0.0,0.0
2026_03_NYJ_DET,DET,NYJ,Jameson Williams,00-0037240,WR,rush_yds,1.249,0.0,0.0,0.0,0.0,0.0
2026_03_NYJ_DET,DET,NYJ,Jameson Williams,00-0037240,WR,tgt,5.82,2.0,4.0,5.0,8.0,10.0
2026_03_NYJ_DET,DET,NYJ,Jameson Williams,00-0037240,WR,rec,3.61,1.0,2.0,3.0,5.0,7.0
2026_03_NYJ_DET,DET,NYJ,Jameson Williams,00-0037240,WR,rec_yds,51.175,8.124,21.999,43.721,71.87,103.525
2026_03_NYJ_DET,DET,NYJ,Jameson Williams,00-0037240,WR,anytime_td,0.203,0.0,0.0,0.0,0.0,1.0
2026_03_NYJ_DET,DET,NYJ,Sam LaPorta,00-0039065,TE,car,0.004,0.0,0.0,0.0,0.0,0.0
2026_03_NYJ_DET,DET,NYJ,Sam LaPorta,00-0039065,TE,rush_yds,0.015,0.0,0.0,0.0,0.0,0.0
2026_03_NYJ_DET,DET,NYJ,Sam LaPorta,00-0039065,TE,tgt,5.988,2.0,4.0,6.0,8.0,10.0
2026_03_NYJ_DET,DET,NYJ,Sam LaPorta,00-0039065,TE,rec,4.534,2.0,3.0,4.0,6.0,8.0
2026_03_NYJ_DET,DET,NYJ,Sam LaPorta,00-0039065,TE,rec_yds,49.135,11.315,24.045,43.464,67.513,93.887
2026_03_NYJ_DET,DET,NYJ,Sam LaPorta,00-0039065,TE,anytime_td,0.331,0.0,0.0,0.0,1.0,1.0
2026_03_NYJ_DET,DET,NYJ,Jahmyr Gibbs,00-0039139,RB,car,21.54,13.0,17.0,21.0,26.0,31.0
2026_03_NYJ_DET,DET,NYJ,Jahmyr Gibbs,00-0039139,RB,rush_yds,98.882,45.317,64.955,92.415,125.408,160.87
2026_03_NYJ_DET,DET,NYJ,Jahmyr Gibbs,00-0039139,RB,tgt,5.5,2.0,3.0,5.0,7.0,10.0
2026_03_NYJ_DET,DET,NYJ,Jahmyr Gibbs,00-0039139,RB,rec,4.424,1.0,3.0,4.0,6.0,8.0
2026_03_NYJ_DET,DET,NYJ,Jahmyr Gibbs,00-0039139,RB,rec_yds,36.362,6.025,16.014,30.765,50.977,72.729
2026_03_NYJ_DET,DET,NYJ,Jahmyr Gibbs,00-0039139,RB,anytime_td,0.703,0.0,0.0,1.0,1.0,1.0
2026_03_NYJ_DET,DET,NYJ,Sione Vaki,00-0039364,RB,car,1.833,0.0,0.0,1.0,3.0,5.0
2026_03_NYJ_DET,DET,NYJ,Sione Vaki,00-0039364,RB,rush_yds,8.323,0.0,0.0,2.108,11.241,24.446
2026_03_NYJ_DET,DET,NYJ,Sione Vaki,00-0039364,RB,tgt,0.743,0.0,0.0,0.0,1.0,2.0
2026_03_NYJ_DET,DET,NYJ,Sione Vaki,00-0039364,RB,rec,0.596,0.0,0.0,0.0,1.0,2.0
2026_03_NYJ_DET,DET,NYJ,Sione Vaki,00-0039364,RB,rec_yds,4.773,0.0,0.0,0.0,6.126,16.084
2026_03_NYJ_DET,DET,NYJ,Sione Vaki,00-0039364,RB,anytime_td,0.046,0.0,0.0,0.0,0.0,0.0
2026_03_NYJ_DET,DET,NYJ,Isaac TeSlaa,00-0040669,WR,car,0.016,0.0,0.0,0.0,0.0,0.0
2026_03_NYJ_DET,DET,NYJ,Isaac TeSlaa,00-0040669,WR,rush_yds,0.085,0.0,0.0,0.0,0.0,0.0
2026_03_NYJ_DET,DET,NYJ,Isaac TeSlaa,00-0040669,WR,tgt,2.438,0.0,1.0,2.0,3.0,5.0
2026_03_NYJ_DET,DET,NYJ,Isaac TeSlaa,00-0040669,WR,rec,1.492,0.0,0.0,1.0,2.0,3.0
2026_03_NYJ_DET,DET,NYJ,Isaac TeSlaa,00-0040669,WR,rec_yds,20.029,0.0,0.0,12.592,30.409,52.206
2026_03_NYJ_DET,DET,NYJ,Isaac TeSlaa,00-0040669,WR,anytime_td,0.169,0.0,0.0,0.0,0.0,1.0
2026_03_NYJ_DET,NYJ,DET,Geno Smith,00-0030565,QB,att,31.04,21.0,27.0,32.0,37.0,41.0
2026_03_NYJ_DET,NYJ,DET,Geno Smith,00-0030565,QB,cmp,19.622,12.0,16.0,20.0,24.0,27.0
2026_03_NYJ_DET,NYJ,DET,Geno Smith,00-0030565,QB,pass_yds,218.723,124.033,169.404,217.809,268.951,320.74
2026_03_NYJ_DET,NYJ,DET,Geno Smith,00-0030565,QB,pass_td,1.265,0.0,0.0,1.0,2.0,3.0
2026_03_NYJ_DET,NYJ,DET,Geno Smith,00-0030565,QB,ints,0.743,0.0,0.0,0.0,1.0,2.0
2026_03_NYJ_DET,NYJ,DET,Geno Smith,00-0030565,QB,car,3.465,1.0,2.0,3.0,5.0,7.0
2026_03_NYJ_DET,NYJ,DET,Geno Smith,00-0030565,QB,rush_yds,17.172,0.0,4.678,13.723,25.259,39.569
2026_03_NYJ_DET,NYJ,DET,Geno Smith,00-0030565,QB,tgt,0.0,0.0,0.0,0.0,0.0,0.0
2026_03_NYJ_DET,NYJ,DET,Geno Smith,00-0030565,QB,rec,0.0,0.0,0.0,0.0,0.0,0.0
2026_03_NYJ_DET,NYJ,DET,Geno Smith,00-0030565,QB,rec_yds,0.003,0.0,0.0,0.0,0.0,0.0
2026_03_NYJ_DET,NYJ,DET,Geno Smith,00-0030565,QB,anytime_td,0.042,0.0,0.0,0.0,0.0,0.0
2026_03_NYJ_DET,NYJ,DET,Sterling Shepard,00-0032385,WR,car,0.262,0.0,0.0,0.0,0.0,1.0
2026_03_NYJ_DET,NYJ,DET,Sterling Shepard,00-0032385,WR,rush_yds,1.463,0.0,0.0,0.0,0.0,1.173
2026_03_NYJ_DET,NYJ,DET,Sterling Shepard,00-0032385,WR,tgt,4.308,1.0,2.0,4.0,6.0,8.0
2026_03_NYJ_DET,NYJ,DET,Sterling Shepard,00-0032385,WR,rec,2.623,0.0,1.0,2.0,4.0,5.0
2026_03_NYJ_DET,NYJ,DET,Sterling Shepard,00-0032385,WR,rec_yds,33.317,0.0,11.088,26.411,48.632,73.598
2026_03_NYJ_DET,NYJ,DET,Sterling Shepard,00-0032385,WR,anytime_td,0.104,0.0,0.0,0.0,0.0,1.0
2026_03_NYJ_DET,NYJ,DET,Garrett Wilson,00-0037740,WR,car,0.027,0.0,0.0,0.0,0.0,0.0
2026_03_NYJ_DET,NYJ,DET,Garrett Wilson,00-0037740,WR,rush_yds,0.151,0.0,0.0,0.0,0.0,0.0
2026_03_NYJ_DET,NYJ,DET,Garrett Wilson,00-0037740,WR,tgt,10.066,5.0,7.0,10.0,13.0,15.0
2026_03_NYJ_DET,NYJ,DET,Garrett Wilson,00-0037740,WR,rec,6.238,3.0,4.0,6.0,8.0,10.0
2026_03_NYJ_DET,NYJ,DET,Garrett Wilson,00-0037740,WR,rec_yds,79.847,27.744,46.291,73.288,106.029,140.599
2026_03_NYJ_DET,NYJ,DET,Garrett Wilson,00-0037740,WR,anytime_td,0.362,0.0,0.0,0.0,1.0,1.0
2026_03_NYJ_DET,NYJ,DET,Jelani Woods,00-0037755,TE,car,0.001,0.0,0.0,0.0,0.0,0.0
2026_03_NYJ_DET,NYJ,DET,Jelani Woods,00-0037755,TE,rush_yds,0.004,0.0,0.0,0.0,0.0,0.0
2026_03_NYJ_DET,NYJ,DET,Jelani Woods,00-0037755,TE,tgt,0.918,0.0,0.0,1.0,1.0,3.0
2026_03_NYJ_DET,NYJ,DET,Jelani Woods,00-0037755,TE,rec,0.604,0.0,0.0,0.0,1.0,2.0
2026_03_NYJ_DET,NYJ,DET,Jelani Woods,00-0037755,TE,rec_yds,6.479,0.0,0.0,0.0,8.903,22.196
2026_03_NYJ_DET,NYJ,DET,Jelani Woods,00-0037755,TE,anytime_td,0.023,0.0,0.0,0.0,0.0,0.0
2026_03_NYJ_DET,NYJ,DET,Jeremy Ruckert,00-0037805,TE,car,0.003,0.0,0.0,0.0,0.0,0.0
2026_03_NYJ_DET,NYJ,DET,Jeremy Ruckert,00-0037805,TE,rush_yds,0.005,0.0,0.0,0.0,0.0,0.0
2026_03_NYJ_DET,NYJ,DET,Jeremy Ruckert,00-0037805,TE,tgt,2.41,0.0,1.0,2.0,3.0,5.0
2026_03_NYJ_DET,NYJ,DET,Jeremy Ruckert,00-0037805,TE,rec,1.666,0.0,1.0,1.0,2.0,4.0
2026_03_NYJ_DET,NYJ,DET,Jeremy Ruckert,00-0037805,TE,rec_yds,16.598,0.0,0.0,11.782,25.475,40.512
2026_03_NYJ_DET,NYJ,DET,Jeremy Ruckert,00-0037805,TE,anytime_td,0.054,0.0,0.0,0.0,0.0,0.0
2026_03_NYJ_DET,NYJ,DET,Breece Hall,00-0038120,RB,car,15.074,8.0,11.0,15.0,19.0,23.0
2026_03_NYJ_DET,NYJ,DET,Breece Hall,00-0038120,RB,rush_yds,62.362,22.385,36.188,55.982,81.68,109.931
2026_03_NYJ_DET,NYJ,DET,Breece Hall,00-0038120,RB,tgt,3.954,1.0,2.0,4.0,5.0,7.0
2026_03_NYJ_DET,NYJ,DET,Breece Hall,00-0038120,RB,rec,3.032,1.0,2.0,3.0,4.0,6.0
2026_03_NYJ_DET,NYJ,DET,Breece Hall,00-0038120,RB,rec_yds,26.031,0.0,7.957,20.222,37.63,58.672
2026_03_NYJ_DET,NYJ,DET,Breece Hall,00-0038120,RB,anytime_td,0.438,0.0,0.0,0.0,1.0,1.0
2026_03_NYJ_DET,NYJ,DET,Isaiah Williams,00-0039451,WR,car,0.361,0.0,0.0,0.0,0.0,1.0
2026_03_NYJ_DET,NYJ,DET,Isaiah Williams,00-0039451,WR,rush_yds,1.993,0.0,0.0,0.0,0.0,5.129
2026_03_NYJ_DET,NYJ,DET,Isaiah Williams,00-0039451,WR,tgt,5.006,2.0,3.0,5.0,7.0,9.0
2026_03_NYJ_DET,NYJ,DET,Isaiah Williams,00-0039451,WR,rec,3.278,1.0,2.0,3.0,5.0,6.0
2026_03_NYJ_DET,NYJ,DET,Isaiah Williams,00-0039451,WR,rec_yds,37.137,4.981,15.019,31.145,52.755,76.519
2026_03_NYJ_DET,NYJ,DET,Isaiah Williams,00-0039451,WR,anytime_td,0.098,0.0,0.0,0.0,0.0,0.0
2026_03_NYJ_DET,NYJ,DET,Braelon Allen,00-0039794,RB,car,5.815,1.0,3.0,5.0,8.0,12.0
2026_03_NYJ_DET,NYJ,DET,Braelon Allen,00-0039794,RB,rush_yds,24.487,1.824,7.462,18.498,34.668,55.01
2026_03_NYJ_DET,NYJ,DET,Braelon Allen,00-0039794,RB,tgt,1.37,0.0,0.0,1.0,2.0,3.0
2026_03_NYJ_DET,NYJ,DET,Braelon Allen,00-0039794,RB,rec,0.985,0.0,0.0,1.0,2.0,3.0
2026_03_NYJ_DET,NYJ,DET,Braelon Allen,00-0039794,RB,rec_yds,7.652,0.0,0.0,1.941,11.257,23.053
2026_03_NYJ_DET,NYJ,DET,Braelon Allen,00-0039794,RB,anytime_td,0.271,0.0,0.0,0.0,1.0,1.0
2026_03_NYJ_DET,NYJ,DET,Kenyon Sadiq,00-0041032,TE,car,0.317,0.0,0.0,0.0,0.0,1.0
2026_03_NYJ_DET,NYJ,DET,Kenyon Sadiq,00-0041032,TE,rush_yds,0.754,0.0,0.0,0.0,0.0,1.739
2026_03_NYJ_DET,NYJ,DET,Kenyon Sadiq,00-0041032,TE,tgt,3.624,1.0,2.0,3.0,5.0,7.0
2026_03_NYJ_DET,NYJ,DET,Kenyon Sadiq,00-0041032,TE,rec,2.494,0.0,1.0,2.0,4.0,5.0
2026_03_NYJ_DET,NYJ,DET,Kenyon Sadiq,00-0041032,TE,rec_yds,26.013,0.0,8.245,20.579,38.235,57.981
2026_03_NYJ_DET,NYJ,DET,Kenyon Sadiq,00-0041032,TE,anytime_td,0.124,0.0,0.0,0.0,0.0,1.0
2026_03_SEA_WAS,WAS,SEA,Jayden Daniels,00-0039910,QB,att,27.549,18.0,23.0,28.0,33.0,37.0
2026_03_SEA_WAS,WAS,SEA,Jayden Daniels,00-0039910,QB,cmp,16.639,10.0,13.0,17.0,20.0,23.0
2026_03_SEA_WAS,WAS,SEA,Jayden Daniels,00-0039910,QB,pass_yds,167.814,91.622,126.871,165.613,207.856,249.631
2026_03_SEA_WAS,WAS,SEA,Jayden Daniels,00-0039910,QB,pass_td,0.895,0.0,0.0,1.0,1.0,2.0
2026_03_SEA_WAS,WAS,SEA,Jayden Daniels,00-0039910,QB,ints,0.743,0.0,0.0,1.0,1.0,2.0
2026_03_SEA_WAS,WAS,SEA,Jayden Daniels,00-0039910,QB,car,6.152,2.0,4.0,6.0,8.0,11.0
2026_03_SEA_WAS,WAS,SEA,Jayden Daniels,00-0039910,QB,rush_yds,35.46,7.748,17.781,31.668,49.374,68.205
2026_03_SEA_WAS,WAS,SEA,Jayden Daniels,00-0039910,QB,tgt,0.001,0.0,0.0,0.0,0.0,0.0
2026_03_SEA_WAS,WAS,SEA,Jayden Daniels,00-0039910,QB,rec,0.0,0.0,0.0,0.0,0.0,0.0
2026_03_SEA_WAS,WAS,SEA,Jayden Daniels,00-0039910,QB,rec_yds,0.003,0.0,0.0,0.0,0.0,0.0
2026_03_SEA_WAS,WAS,SEA,Jayden Daniels,00-0039910,QB,anytime_td,0.123,0.0,0.0,0.0,0.0,1.0
2026_03_SEA_WAS,WAS,SEA,Stefon Diggs,00-0031588,WR,car,0.021,0.0,0.0,0.0,0.0,0.0
2026_03_SEA_WAS,WAS,SEA,Stefon Diggs,00-0031588,WR,rush_yds,0.095,0.0,0.0,0.0,0.0,0.0
2026_03_SEA_WAS,WAS,SEA,Stefon Diggs,00-0031588,WR,tgt,5.916,2.0,4.0,6.0,8.0,10.0
2026_03_SEA_WAS,WAS,SEA,Stefon Diggs,00-0031588,WR,rec,3.696,1.0,2.0,3.0,5.0,7.0
2026_03_SEA_WAS,WAS,SEA,Stefon Diggs,00-0031588,WR,rec_yds,39.98,6.909,17.672,34.375,56.444,80.48
2026_03_SEA_WAS,WAS,SEA,Stefon Diggs,00-0031588,WR,anytime_td,0.274,0.0,0.0,0.0,1.0,1.0
2026_03_SEA_WAS,WAS,SEA,Terry McLaurin,00-0035659,WR,car,0.018,0.0,0.0,0.0,0.0,0.0
2026_03_SEA_WAS,WAS,SEA,Terry McLaurin,00-0035659,WR,rush_yds,0.111,0.0,0.0,0.0,0.0,0.0
2026_03_SEA_WAS,WAS,SEA,Terry McLaurin,00-0035659,WR,tgt,6.108,3.0,4.0,6.0,8.0,10.0
2026_03_SEA_WAS,WAS,SEA,Terry McLaurin,00-0035659,WR,rec,3.36,1.0,2.0,3.0,5.0,6.0
2026_03_SEA_WAS,WAS,SEA,Terry McLaurin,00-0035659,WR,rec_yds,40.421,5.944,16.964,34.665,57.374,82.416
2026_03_SEA_WAS,WAS,SEA,Terry McLaurin,00-0035659,WR,anytime_td,0.146,0.0,0.0,0.0,0.0,1.0
2026_03_SEA_WAS,WAS,SEA,Dyami Brown,00-0036626,WR,car,0.157,0.0,0.0,0.0,0.0,0.0
2026_03_SEA_WAS,WAS,SEA,Dyami Brown,00-0036626,WR,rush_yds,0.789,0.0,0.0,0.0,0.0,0.0
2026_03_SEA_WAS,WAS,SEA,Dyami Brown,00-0036626,WR,tgt,2.799,0.0,1.0,2.0,4.0,6.0
2026_03_SEA_WAS,WAS,SEA,Dyami Brown,00-0036626,WR,rec,1.627,0.0,1.0,1.0,2.0,4.0
2026_03_SEA_WAS,WAS,SEA,Dyami Brown,00-0036626,WR,rec_yds,16.724,0.0,0.0,11.249,24.999,42.437
2026_03_SEA_WAS,WAS,SEA,Dyami Brown,00-0036626,WR,anytime_td,0.047,0.0,0.0,0.0,0.0,0.0
2026_03_SEA_WAS,WAS,SEA,John Bates,00-0036628,TE,car,0.002,0.0,0.0,0.0,0.0,0.0
2026_03_SEA_WAS,WAS,SEA,John Bates,00-0036628,TE,rush_yds,0.002,0.0,0.0,0.0,0.0,0.0
2026_03_SEA_WAS,WAS,SEA,John Bates,00-0036628,TE,tgt,1.338,0.0,0.0,1.0,2.0,3.0
2026_03_SEA_WAS,WAS,SEA,John Bates,00-0036628,TE,rec,0.913,0.0,0.0,1.0,1.0,2.0
2026_03_SEA_WAS,WAS,SEA,John Bates,00-0036628,TE,rec_yds,8.25,0.0,0.0,2.666,12.471,24.488
2026_03_SEA_WAS,WAS,SEA,John Bates,00-0036628,TE,anytime_td,0.053,0.0,0.0,0.0,0.0,0.0
2026_03_SEA_WAS,WAS,SEA,Rachaad White,00-0037256,RB,car,7.746,2.0,4.0,7.0,10.0,14.0
2026_03_SEA_WAS,WAS,SEA,Rachaad White,00-0037256,RB,rush_yds,29.686,4.647,11.776,24.119,41.494,62.507
2026_03_SEA_WAS,WAS,SEA,Rachaad White,00-0037256,RB,tgt,3.082,1.0,1.0,3.0,4.0,6.0
2026_03_SEA_WAS,WAS,SEA,Rachaad White,00-0037256,RB,rec,2.429,0.0,1.0,2.0,3.0,5.0
2026_03_SEA_WAS,WAS,SEA,Rachaad White,00-0037256,RB,rec_yds,15.0,0.0,3.626,10.919,22.129,35.806
2026_03_SEA_WAS,WAS,SEA,Rachaad White,00-0037256,RB,anytime_td,0.152,0.0,0.0,0.0,0.0,1.0
2026_03_SEA_WAS,WAS,SEA,Treylon Burks,00-0037742,WR,car,0.038,0.0,0.0,0.0,0.0,0.0
2026_03_SEA_WAS,WAS,SEA,Treylon Burks,00-0037742,WR,rush_yds,0.18,0.0,0.0,0.0,0.0,0.0
2026_03_SEA_WAS,WAS,SEA,Treylon Burks,00-0037742,WR,tgt,2.423,0.0,1.0,2.0,3.0,5.0
2026_03_SEA_WAS,WAS,SEA,Treylon Burks,00-0037742,WR,rec,1.377,0.0,0.0,1.0,2.0,3.0
2026_03_SEA_WAS,WAS,SEA,Treylon Burks,00-0037742,WR,rec_yds,15.426,0.0,0.0,9.611,23.386,40.515
2026_03_SEA_WAS,WAS,SEA,Treylon Burks,00-0037742,WR,anytime_td,0.07,0.0,0.0,0.0,0.0,0.0
2026_03_SEA_WAS,WAS,SEA,Colson Yankoff,00-0039686,TE,car,0.003,0.0,0.0,0.0,0.0,0.0
2026_03_SEA_WAS,WAS,SEA,Colson Yankoff,00-0039686,TE,rush_yds,0.007,0.0,0.0,0.0,0.0,0.0
2026_03_SEA_WAS,WAS,SEA,Colson Yankoff,00-0039686,TE,tgt,0.508,0.0,0.0,0.0,1.0,2.0
2026_03_SEA_WAS,WAS,SEA,Colson Yankoff,00-0039686,TE,rec,0.354,0.0,0.0,0.0,1.0,1.0
2026_03_SEA_WAS,WAS,SEA,Colson Yankoff,00-0039686,TE,rec_yds,3.271,0.0,0.0,0.0,1.004,12.189
2026_03_SEA_WAS,WAS,SEA,Colson Yankoff,00-0039686,TE,anytime_td,0.005,0.0,0.0,0.0,0.0,0.0
2026_03_SEA_WAS,WAS,SEA,Ben Sinnott,00-0039912,TE,car,0.003,0.0,0.0,0.0,0.0,0.0
2026_03_SEA_WAS,WAS,SEA,Ben Sinnott,00-0039912,TE,rush_yds,0.007,0.0,0.0,0.0,0.0,0.0
2026_03_SEA_WAS,WAS,SEA,Ben Sinnott,00-0039912,TE,tgt,1.023,0.0,0.0,1.0,2.0,3.0
2026_03_SEA_WAS,WAS,SEA,Ben Sinnott,00-0039912,TE,rec,0.72,0.0,0.0,0.0,1.0,2.0
2026_03_SEA_WAS,WAS,SEA,Ben Sinnott,00-0039912,TE,rec_yds,6.466,0.0,0.0,0.0,9.439,20.509
2026_03_SEA_WAS,WAS,SEA,Ben Sinnott,00-0039912,TE,anytime_td,0.022,0.0,0.0,0.0,0.0,0.0
2026_03_SEA_WAS,WAS,SEA,Jaylin Lane,00-0040164,WR,car,0.044,0.0,0.0,0.0,0.0,0.0
2026_03_SEA_WAS,WAS,SEA,Jaylin Lane,00-0040164,WR,rush_yds,0.239,0.0,0.0,0.0,0.0,0.0
2026_03_SEA_WAS,WAS,SEA,Jaylin Lane,00-0040164,WR,tgt,1.175,0.0,0.0,1.0,2.0,3.0
2026_03_SEA_WAS,WAS,SEA,Jaylin Lane,00-0040164,WR,rec,0.713,0.0,0.0,0.0,1.0,2.0
2026_03_SEA_WAS,WAS,SEA,Jaylin Lane,00-0040164,WR,rec_yds,7.79,0.0,0.0,0.0,11.335,25.075
2026_03_SEA_WAS,WAS,SEA,Jaylin Lane,00-0040164,WR,anytime_td,0.014,0.0,0.0,0.0,0.0,0.0
2026_03_SEA_WAS,WAS,SEA,Jacory Croskey-Merritt,00-0040242,RB,car,13.851,7.0,10.0,13.0,18.0,22.0
2026_03_SEA_WAS,WAS,SEA,Jacory Croskey-Merritt,00-0040242,RB,rush_yds,51.348,16.667,28.533,45.967,68.65,93.341
2026_03_SEA_WAS,WAS,SEA,Jacory Croskey-Merritt,00-0040242,RB,tgt,0.8,0.0,0.0,0.0,1.0,2.0
2026_03_SEA_WAS,WAS,SEA,Jacory Croskey-Merritt,00-0040242,RB,rec,0.604,0.0,0.0,0.0,1.0,2.0
2026_03_SEA_WAS,WAS,SEA,Jacory Croskey-Merritt,00-0040242,RB,rec_yds,3.721,0.0,0.0,0.0,4.876,12.635
2026_03_SEA_WAS,WAS,SEA,Jacory Croskey-Merritt,00-0040242,RB,anytime_td,0.229,0.0,0.0,0.0,0.0,1.0
2026_03_SEA_WAS,WAS,SEA,Antonio Williams,00-0041040,WR,car,0.03,0.0,0.0,0.0,0.0,0.0
2026_03_SEA_WAS,WAS,SEA,Antonio Williams,00-0041040,WR,rush_yds,0.161,0.0,0.0,0.0,0.0,0.0
2026_03_SEA_WAS,WAS,SEA,Antonio Williams,00-0041040,WR,tgt,2.879,0.0,1.0,3.0,4.0,6.0
2026_03_SEA_WAS,WAS,SEA,Antonio Williams,00-0041040,WR,rec,1.898,0.0,1.0,2.0,3.0,4.0
2026_03_SEA_WAS,WAS,SEA,Antonio Williams,00-0041040,WR,rec_yds,21.318,0.0,4.017,15.222,32.081,51.607
2026_03_SEA_WAS,WAS,SEA,Antonio Williams,00-0041040,WR,anytime_td,0.13,0.0,0.0,0.0,0.0,1.0
2026_03_SEA_WAS,SEA,WAS,Drew Lock,00-0035704,QB,att,28.138,18.0,24.0,29.0,34.0,38.0
2026_03_SEA_WAS,SEA,WAS,Drew Lock,00-0035704,QB,cmp,18.816,12.0,15.0,19.0,23.0,26.0
2026_03_SEA_WAS,SEA,WAS,Drew Lock,00-0035704,QB,pass_yds,214.161,120.607,164.836,213.082,264.654,312.994
2026_03_SEA_WAS,SEA,WAS,Drew Lock,00-0035704,QB,pass_td,1.434,0.0,1.0,1.0,2.0,3.0
2026_03_SEA_WAS,SEA,WAS,Drew Lock,00-0035704,QB,ints,0.492,0.0,0.0,0.0,1.0,1.0
2026_03_SEA_WAS,SEA,WAS,Drew Lock,00-0035704,QB,car,2.484,0.0,1.0,2.0,3.0,5.0
2026_03_SEA_WAS,SEA,WAS,Drew Lock,00-0035704,QB,rush_yds,8.949,-2.0,0.0,5.131,14.367,25.681
2026_03_SEA_WAS,SEA,WAS,Drew Lock,00-0035704,QB,tgt,0.001,0.0,0.0,0.0,0.0,0.0
2026_03_SEA_WAS,SEA,WAS,Drew Lock,00-0035704,QB,rec,0.0,0.0,0.0,0.0,0.0,0.0
2026_03_SEA_WAS,SEA,WAS,Drew Lock,00-0035704,QB,rec_yds,0.002,0.0,0.0,0.0,0.0,0.0
2026_03_SEA_WAS,SEA,WAS,Drew Lock,00-0035704,QB,anytime_td,0.031,0.0,0.0,0.0,0.0,0.0
2026_03_SEA_WAS,SEA,WAS,Eric Saubert,00-0033576,TE,car,0.003,0.0,0.0,0.0,0.0,0.0
2026_03_SEA_WAS,SEA,WAS,Eric Saubert,00-0033576,TE,rush_yds,0.007,0.0,0.0,0.0,0.0,0.0
2026_03_SEA_WAS,SEA,WAS,Eric Saubert,00-0033576,TE,tgt,0.65,0.0,0.0,0.0,1.0,2.0
2026_03_SEA_WAS,SEA,WAS,Eric Saubert,00-0033576,TE,rec,0.473,0.0,0.0,0.0,1.0,1.0
2026_03_SEA_WAS,SEA,WAS,Eric Saubert,00-0033576,TE,rec_yds,4.281,0.0,0.0,0.0,5.606,15.169
2026_03_SEA_WAS,SEA,WAS,Eric Saubert,00-0033576,TE,anytime_td,0.014,0.0,0.0,0.0,0.0,0.0
2026_03_SEA_WAS,SEA,WAS,Cooper Kupp,00-0033908,WR,car,0.01,0.0,0.0,0.0,0.0,0.0
2026_03_SEA_WAS,SEA,WAS,Cooper Kupp,00-0033908,WR,rush_yds,0.064,0.0,0.0,0.0,0.0,0.0
2026_03_SEA_WAS,SEA,WAS,Cooper Kupp,00-0033908,WR,tgt,4.378,1.0,2.0,4.0,6.0,8.0
2026_03_SEA_WAS,SEA,WAS,Cooper Kupp,00-0033908,WR,rec,2.896,1.0,1.0,3.0,4.0,6.0
2026_03_SEA_WAS,SEA,WAS,Cooper Kupp,00-0033908,WR,rec_yds,34.858,2.908,12.848,28.897,49.83,74.779
2026_03_SEA_WAS,SEA,WAS,Cooper Kupp,00-0033908,WR,anytime_td,0.145,0.0,0.0,0.0,0.0,1.0
2026_03_SEA_WAS,SEA,WAS,Rashid Shaheed,00-0037545,WR,car,0.675,0.0,0.0,0.0,1.0,2.0
2026_03_SEA_WAS,SEA,WAS,Rashid Shaheed,00-0037545,WR,rush_yds,3.898,0.0,0.0,0.0,0.0,13.399
2026_03_SEA_WAS,SEA,WAS,Rashid Shaheed,00-0037545,WR,tgt,4.224,1.0,2.0,4.0,6.0,8.0
2026_03_SEA_WAS,SEA,WAS,Rashid Shaheed,00-0037545,WR,rec,2.542,0.0,1.0,2.0,4.0,5.0
2026_03_SEA_WAS,SEA,WAS,Rashid Shaheed,00-0037545,WR,rec_yds,31.073,0.0,9.927,24.605,45.254,68.845
2026_03_SEA_WAS,SEA,WAS,Rashid Shaheed,00-0037545,WR,anytime_td,0.095,0.0,0.0,0.0,0.0,0.0
2026_03_SEA_WAS,SEA,WAS,Brady Russell,00-0038488,RB,car,0.391,0.0,0.0,0.0,0.0,1.0
2026_03_SEA_WAS,SEA,WAS,Brady Russell,00-0038488,RB,rush_yds,1.734,0.0,0.0,0.0,0.0,4.437
2026_03_SEA_WAS,SEA,WAS,Brady Russell,00-0038488,RB,tgt,0.589,0.0,0.0,0.0,1.0,2.0
2026_03_SEA_WAS,SEA,WAS,Brady Russell,00-0038488,RB,rec,0.476,0.0,0.0,0.0,1.0,2.0
2026_03_SEA_WAS,SEA,WAS,Brady Russell,00-0038488,RB,rec_yds,3.453,0.0,0.0,0.0,3.214,12.253
2026_03_SEA_WAS,SEA,WAS,Brady Russell,00-0038488,RB,anytime_td,0.014,0.0,0.0,0.0,0.0,0.0
2026_03_SEA_WAS,SEA,WAS,Jaxon Smith-Njigba,00-0038543,WR,car,0.104,0.0,0.0,0.0,0.0,0.0
2026_03_SEA_WAS,SEA,WAS,Jaxon Smith-Njigba,00-0038543,WR,rush_yds,0.624,0.0,0.0,0.0,0.0,0.0
2026_03_SEA_WAS,SEA,WAS,Jaxon Smith-Njigba,00-0038543,WR,tgt,10.287,5.0,7.0,10.0,13.0,16.0
2026_03_SEA_WAS,SEA,WAS,Jaxon Smith-Njigba,00-0038543,WR,rec,7.238,3.0,5.0,7.0,9.0,11.0
2026_03_SEA_WAS,SEA,WAS,Jaxon Smith-Njigba,00-0038543,WR,rec_yds,96.932,36.893,60.197,90.589,127.237,164.553
2026_03_SEA_WAS,SEA,WAS,Jaxon Smith-Njigba,00-0038543,WR,anytime_td,0.551,0.0,0.0,1.0,1.0,1.0
2026_03_SEA_WAS,SEA,WAS,Emanuel Wilson,00-0038797,RB,car,10.288,4.0,6.0,10.0,14.0,18.0
2026_03_SEA_WAS,SEA,WAS,Emanuel Wilson,00-0038797,RB,rush_yds,45.289,10.548,21.205,38.454,61.883,88.517
2026_03_SEA_WAS,SEA,WAS,Emanuel Wilson,00-0038797,RB,tgt,0.701,0.0,0.0,0.0,1.0,2.0
2026_03_SEA_WAS,SEA,WAS,Emanuel Wilson,00-0038797,RB,rec,0.545,0.0,0.0,0.0,1.0,2.0
2026_03_SEA_WAS,SEA,WAS,Emanuel Wilson,00-0038797,RB,rec_yds,3.806,0.0,0.0,0.0,4.773,13.107
2026_03_SEA_WAS,SEA,WAS,Emanuel Wilson,00-0038797,RB,anytime_td,0.276,0.0,0.0,0.0,1.0,1.0
2026_03_SEA_WAS,SEA,WAS,George Holani,00-0039299,RB,car,4.913,1.0,2.0,4.0,7.0,10.0
2026_03_SEA_WAS,SEA,WAS,George Holani,00-0039299,RB,rush_yds,21.232,0.0,4.819,14.433,30.341,50.842
2026_03_SEA_WAS,SEA,WAS,George Holani,00-0039299,RB,tgt,1.139,0.0,0.0,1.0,2.0,3.0
2026_03_SEA_WAS,SEA,WAS,George Holani,00-0039299,RB,rec,0.913,0.0,0.0,1.0,1.0,2.0
2026_03_SEA_WAS,SEA,WAS,George Holani,00-0039299,RB,rec_yds,6.434,0.0,0.0,0.0,9.399,19.924
2026_03_SEA_WAS,SEA,WAS,George Holani,00-0039299,RB,anytime_td,0.174,0.0,0.0,0.0,0.0,1.0
2026_03_SEA_WAS,SEA,WAS,AJ Barner,00-0039793,TE,car,0.453,0.0,0.0,0.0,0.0,1.0
2026_03_SEA_WAS,SEA,WAS,AJ Barner,00-0039793,TE,rush_yds,1.126,0.0,0.0,0.0,0.0,3.243
2026_03_SEA_WAS,SEA,WAS,AJ Barner,00-0039793,TE,tgt,2.709,0.0,1.0,2.0,4.0,5.0
2026_03_SEA_WAS,SEA,WAS,AJ Barner,00-0039793,TE,rec,2.046,0.0,1.0,2.0,3.0,4.0
2026_03_SEA_WAS,SEA,WAS,AJ Barner,00-0039793,TE,rec_yds,20.004,0.0,4.799,15.222,29.854,47.063
2026_03_SEA_WAS,SEA,WAS,AJ Barner,00-0039793,TE,anytime_td,0.214,0.0,0.0,0.0,0.0,1.0
2026_03_SEA_WAS,SEA,WAS,Tory Horton,00-0040648,WR,car,0.016,0.0,0.0,0.0,0.0,0.0
2026_03_SEA_WAS,SEA,WAS,Tory Horton,00-0040648,WR,rush_yds,0.084,0.0,0.0,0.0,0.0,0.0
2026_03_SEA_WAS,SEA,WAS,Tory Horton,00-0040648,WR,tgt,2.046,0.0,1.0,2.0,3.0,4.0
2026_03_SEA_WAS,SEA,WAS,Tory Horton,00-0040648,WR,rec,1.327,0.0,0.0,1.0,2.0,3.0
2026_03_SEA_WAS,SEA,WAS,Tory Horton,00-0040648,WR,rec_yds,16.165,0.0,0.0,9.311,24.261,43.447
2026_03_SEA_WAS,SEA,WAS,Tory Horton,00-0040648,WR,anytime_td,0.177,0.0,0.0,0.0,0.0,1.0
2026_03_SEA_WAS,SEA,WAS,Jadarian Price,00-0041512,RB,car,10.236,4.0,6.0,10.0,14.0,18.0
2026_03_SEA_WAS,SEA,WAS,Jadarian Price,00-0041512,RB,rush_yds,46.119,10.157,21.438,38.981,64.241,90.09
2026_03_SEA_WAS,SEA,WAS,Jadarian Price,00-0041512,RB,tgt,1.961,0.0,1.0,2.0,3.0,4.0
2026_03_SEA_WAS,SEA,WAS,Jadarian Price,00-0041512,RB,rec,1.568,0.0,0.0,1.0,2.0,4.0
2026_03_SEA_WAS,SEA,WAS,Jadarian Price,00-0041512,RB,rec_yds,10.801,0.0,0.0,6.216,16.183,29.619
2026_03_SEA_WAS,SEA,WAS,Jadarian Price,00-0041512,RB,anytime_td,0.281,0.0,0.0,0.0,1.0,1.0
2026_03_TEN_NYG,NYG,TEN,Jameis Winston,00-0031503,QB,att,28.542,19.0,24.0,29.0,34.0,39.0
2026_03_TEN_NYG,NYG,TEN,Jameis Winston,00-0031503,QB,cmp,18.39,11.0,15.0,19.0,22.0,26.0
2026_03_TEN_NYG,NYG,TEN,Jameis Winston,00-0031503,QB,pass_yds,196.132,109.504,149.956,194.396,242.672,289.939
2026_03_TEN_NYG,NYG,TEN,Jameis Winston,00-0031503,QB,pass_td,1.162,0.0,0.0,1.0,2.0,3.0
2026_03_TEN_NYG,NYG,TEN,Jameis Winston,00-0031503,QB,ints,0.647,0.0,0.0,0.0,1.0,2.0
2026_03_TEN_NYG,NYG,TEN,Jameis Winston,00-0031503,QB,car,3.22,0.0,1.0,3.0,4.0,7.0
2026_03_TEN_NYG,NYG,TEN,Jameis Winston,00-0031503,QB,rush_yds,11.564,-1.0,0.0,7.073,17.967,30.988
2026_03_TEN_NYG,NYG,TEN,Jameis Winston,00-0031503,QB,tgt,0.001,0.0,0.0,0.0,0.0,0.0
2026_03_TEN_NYG,NYG,TEN,Jameis Winston,00-0031503,QB,rec,0.001,0.0,0.0,0.0,0.0,0.0
2026_03_TEN_NYG,NYG,TEN,Jameis Winston,00-0031503,QB,rec_yds,0.006,0.0,0.0,0.0,0.0,0.0
2026_03_TEN_NYG,NYG,TEN,Jameis Winston,00-0031503,QB,anytime_td,0.118,0.0,0.0,0.0,0.0,1.0
2026_03_TEN_NYG,NYG,TEN,Odell Beckham Jr.,00-0031235,WR,car,0.01,0.0,0.0,0.0,0.0,0.0
2026_03_TEN_NYG,NYG,TEN,Odell Beckham Jr.,00-0031235,WR,rush_yds,0.057,0.0,0.0,0.0,0.0,0.0
2026_03_TEN_NYG,NYG,TEN,Odell Beckham Jr.,00-0031235,WR,tgt,1.069,0.0,0.0,1.0,2.0,3.0
2026_03_TEN_NYG,NYG,TEN,Odell Beckham Jr.,00-0031235,WR,rec,0.674,0.0,0.0,0.0,1.0,2.0
2026_03_TEN_NYG,NYG,TEN,Odell Beckham Jr.,00-0031235,WR,rec_yds,8.335,0.0,0.0,0.0,11.812,26.863
2026_03_TEN_NYG,NYG,TEN,Odell Beckham Jr.,00-0031235,WR,anytime_td,0.023,0.0,0.0,0.0,0.0,0.0
2026_03_TEN_NYG,NYG,TEN,Darnell Mooney,00-0036309,WR,car,0.009,0.0,0.0,0.0,0.0,0.0
2026_03_TEN_NYG,NYG,TEN,Darnell Mooney,00-0036309,WR,rush_yds,0.032,0.0,0.0,0.0,0.0,0.0
2026_03_TEN_NYG,NYG,TEN,Darnell Mooney,00-0036309,WR,tgt,3.61,1.0,2.0,3.0,5.0,7.0
2026_03_TEN_NYG,NYG,TEN,Darnell Mooney,00-0036309,WR,rec,2.274,0.0,1.0,2.0,3.0,5.0
2026_03_TEN_NYG,NYG,TEN,Darnell Mooney,00-0036309,WR,rec_yds,30.293,0.0,8.131,22.968,44.44,70.831
2026_03_TEN_NYG,NYG,TEN,Darnell Mooney,00-0036309,WR,anytime_td,0.079,0.0,0.0,0.0,0.0,0.0
2026_03_TEN_NYG,NYG,TEN,Najee Harris,00-0036893,RB,car,5.808,1.0,3.0,5.0,8.0,12.0
2026_03_TEN_NYG,NYG,TEN,Najee Harris,00-0036893,RB,rush_yds,22.906,1.547,6.832,16.785,32.663,51.84
2026_03_TEN_NYG,NYG,TEN,Najee Harris,00-0036893,RB,tgt,0.791,0.0,0.0,0.0,1.0,2.0
2026_03_TEN_NYG,NYG,TEN,Najee Harris,00-0036893,RB,rec,0.63,0.0,0.0,0.0,1.0,2.0
2026_03_TEN_NYG,NYG,TEN,Najee Harris,00-0036893,RB,rec_yds,4.732,0.0,0.0,0.0,6.292,15.436
2026_03_TEN_NYG,NYG,TEN,Najee Harris,00-0036893,RB,anytime_td,0.203,0.0,0.0,0.0,0.0,1.0
2026_03_TEN_NYG,NYG,TEN,Isaiah Likely,00-0037838,TE,car,0.002,0.0,0.0,0.0,0.0,0.0
2026_03_TEN_NYG,NYG,TEN,Isaiah Likely,00-0037838,TE,rush_yds,0.004,0.0,0.0,0.0,0.0,0.0
2026_03_TEN_NYG,NYG,TEN,Isaiah Likely,00-0037838,TE,tgt,6.755,3.0,4.0,6.0,9.0,11.0
2026_03_TEN_NYG,NYG,TEN,Isaiah Likely,00-0037838,TE,rec,4.891,2.0,3.0,5.0,6.0,8.0
2026_03_TEN_NYG,NYG,TEN,Isaiah Likely,00-0037838,TE,rec_yds,48.179,13.162,25.852,43.359,65.261,89.141
2026_03_TEN_NYG,NYG,TEN,Isaiah Likely,00-0037838,TE,anytime_td,0.296,0.0,0.0,0.0,1.0,1.0
2026_03_TEN_NYG,NYG,TEN,Malik Nabers,00-0039337,WR,car,0.04,0.0,0.0,0.0,0.0,0.0
2026_03_TEN_NYG,NYG,TEN,Malik Nabers,00-0039337,WR,rush_yds,0.228,0.0,0.0,0.0,0.0,0.0
2026_03_TEN_NYG,NYG,TEN,Malik Nabers,00-0039337,WR,tgt,7.354,3.0,5.0,7.0,9.0,12.0
2026_03_TEN_NYG,NYG,TEN,Malik Nabers,00-0039337,WR,rec,4.446,2.0,3.0,4.0,6.0,8.0
2026_03_TEN_NYG,NYG,TEN,Malik Nabers,00-0039337,WR,rec_yds,54.437,12.475,27.052,48.138,76.018,104.588
2026_03_TEN_NYG,NYG,TEN,Malik Nabers,00-0039337,WR,anytime_td,0.206,0.0,0.0,0.0,0.0,1.0
2026_03_TEN_NYG,NYG,TEN,Tyrone Tracy Jr.,00-0039384,RB,car,6.998,2.0,3.0,6.0,10.0,13.0
2026_03_TEN_NYG,NYG,TEN,Tyrone Tracy Jr.,00-0039384,RB,rush_yds,28.936,3.302,10.221,22.772,40.801,63.395
2026_03_TEN_NYG,NYG,TEN,Tyrone Tracy Jr.,00-0039384,RB,tgt,1.961,0.0,1.0,2.0,3.0,4.0
2026_03_TEN_NYG,NYG,TEN,Tyrone Tracy Jr.,00-0039384,RB,rec,1.552,0.0,0.0,1.0,2.0,4.0
2026_03_TEN_NYG,NYG,TEN,Tyrone Tracy Jr.,00-0039384,RB,rec_yds,11.339,0.0,0.0,6.684,17.035,29.997
2026_03_TEN_NYG,NYG,TEN,Tyrone Tracy Jr.,00-0039384,RB,anytime_td,0.211,0.0,0.0,0.0,0.0,1.0
2026_03_TEN_NYG,NYG,TEN,Cam Skattebo,00-0040715,RB,car,12.132,5.0,8.0,12.0,16.0,20.0
2026_03_TEN_NYG,NYG,TEN,Cam Skattebo,00-0040715,RB,rush_yds,48.512,13.288,24.816,42.547,65.474,91.319
2026_03_TEN_NYG,NYG,TEN,Cam Skattebo,00-0040715,RB,tgt,2.927,0.0,1.0,3.0,4.0,6.0
2026_03_TEN_NYG,NYG,TEN,Cam Skattebo,00-0040715,RB,rec,2.344,0.0,1.0,2.0,3.0,5.0
2026_03_TEN_NYG,NYG,TEN,Cam Skattebo,00-0040715,RB,rec_yds,16.971,0.0,3.558,12.234,25.265,40.481
2026_03_TEN_NYG,NYG,TEN,Cam Skattebo,00-0040715,RB,anytime_td,0.402,0.0,0.0,0.0,1.0,1.0
2026_03_TEN_NYG,NYG,TEN,Malachi Fields,00-0041042,WR,car,0.021,0.0,0.0,0.0,0.0,0.0
2026_03_TEN_NYG,NYG,TEN,Malachi Fields,00-0041042,WR,rush_yds,0.094,0.0,0.0,0.0,0.0,0.0
2026_03_TEN_NYG,NYG,TEN,Malachi Fields,00-0041042,WR,tgt,4.73,2.0,3.0,4.0,6.0,8.0
2026_03_TEN_NYG,NYG,TEN,Malachi Fields,00-0041042,WR,rec,2.812,1.0,1.0,3.0,4.0,5.0
2026_03_TEN_NYG,NYG,TEN,Malachi Fields,00-0041042,WR,rec_yds,35.129,1.774,12.813,28.322,50.655,75.415
2026_03_TEN_NYG,NYG,TEN,Malachi Fields,00-0041042,WR,anytime_td,0.101,0.0,0.0,0.0,0.0,1.0
2026_03_TEN_NYG,TEN,NYG,Cam Ward,00-0040676,QB,att,28.473,19.0,24.0,29.0,34.0,39.0
2026_03_TEN_NYG,TEN,NYG,Cam Ward,00-0040676,QB,cmp,17.797,11.0,14.0,18.0,22.0,25.0
2026_03_TEN_NYG,TEN,NYG,Cam Ward,00-0040676,QB,pass_yds,186.506,102.75,142.708,185.128,230.319,276.37
2026_03_TEN_NYG,TEN,NYG,Cam Ward,00-0040676,QB,pass_td,1.04,0.0,0.0,1.0,2.0,2.0
2026_03_TEN_NYG,TEN,NYG,Cam Ward,00-0040676,QB,ints,0.631,0.0,0.0,0.0,1.0,2.0
2026_03_TEN_NYG,TEN,NYG,Cam Ward,00-0040676,QB,car,3.621,1.0,2.0,3.0,5.0,7.0
2026_03_TEN_NYG,TEN,NYG,Cam Ward,00-0040676,QB,rush_yds,16.294,0.0,3.949,12.714,24.138,38.458
2026_03_TEN_NYG,TEN,NYG,Cam Ward,00-0040676,QB,tgt,0.0,0.0,0.0,0.0,0.0,0.0
2026_03_TEN_NYG,TEN,NYG,Cam Ward,00-0040676,QB,rec,0.0,0.0,0.0,0.0,0.0,0.0
2026_03_TEN_NYG,TEN,NYG,Cam Ward,00-0040676,QB,rec_yds,0.0,0.0,0.0,0.0,0.0,0.0
2026_03_TEN_NYG,TEN,NYG,Cam Ward,00-0040676,QB,anytime_td,0.244,0.0,0.0,0.0,0.0,1.0
2026_03_TEN_NYG,TEN,NYG,Calvin Ridley,00-0034837,WR,car,0.084,0.0,0.0,0.0,0.0,0.0
2026_03_TEN_NYG,TEN,NYG,Calvin Ridley,00-0034837,WR,rush_yds,0.428,0.0,0.0,0.0,0.0,0.0
2026_03_TEN_NYG,TEN,NYG,Calvin Ridley,00-0034837,WR,tgt,2.736,0.0,1.0,2.0,4.0,6.0
2026_03_TEN_NYG,TEN,NYG,Calvin Ridley,00-0034837,WR,rec,1.658,0.0,1.0,1.0,2.0,4.0
2026_03_TEN_NYG,TEN,NYG,Calvin Ridley,00-0034837,WR,rec_yds,21.567,0.0,0.0,14.4,33.125,54.056
2026_03_TEN_NYG,TEN,NYG,Calvin Ridley,00-0034837,WR,anytime_td,0.077,0.0,0.0,0.0,0.0,0.0
2026_03_TEN_NYG,TEN,NYG,Tony Pollard,00-0035261,RB,car,15.162,8.0,11.0,15.0,19.0,23.0
2026_03_TEN_NYG,TEN,NYG,Tony Pollard,00-0035261,RB,rush_yds,63.161,22.657,36.995,57.338,82.786,110.683
2026_03_TEN_NYG,TEN,NYG,Tony Pollard,00-0035261,RB,tgt,1.674,0.0,0.0,1.0,2.0,4.0
2026_03_TEN_NYG,TEN,NYG,Tony Pollard,00-0035261,RB,rec,1.267,0.0,0.0,1.0,2.0,3.0
2026_03_TEN_NYG,TEN,NYG,Tony Pollard,00-0035261,RB,rec_yds,8.227,0.0,0.0,4.139,12.109,23.094
2026_03_TEN_NYG,TEN,NYG,Tony Pollard,00-0035261,RB,anytime_td,0.216,0.0,0.0,0.0,0.0,1.0
2026_03_TEN_NYG,TEN,NYG,Daniel Bellinger,00-0038115,TE,car,0.003,0.0,0.0,0.0,0.0,0.0
2026_03_TEN_NYG,TEN,NYG,Daniel Bellinger,00-0038115,TE,rush_yds,0.007,0.0,0.0,0.0,0.0,0.0
2026_03_TEN_NYG,TEN,NYG,Daniel Bellinger,00-0038115,TE,tgt,1.347,0.0,0.0,1.0,2.0,3.0
2026_03_TEN_NYG,TEN,NYG,Daniel Bellinger,00-0038115,TE,rec,0.922,0.0,0.0,1.0,1.0,2.0
2026_03_TEN_NYG,TEN,NYG,Daniel Bellinger,00-0038115,TE,rec_yds,9.288,0.0,0.0,3.022,14.103,27.085
2026_03_TEN_NYG,TEN,NYG,Daniel Bellinger,00-0038115,TE,anytime_td,0.063,0.0,0.0,0.0,0.0,0.0
2026_03_TEN_NYG,TEN,NYG,Wan'Dale Robinson,00-0038117,WR,car,0.124,0.0,0.0,0.0,0.0,0.0
2026_03_TEN_NYG,TEN,NYG,Wan'Dale Robinson,00-0038117,WR,rush_yds,0.678,0.0,0.0,0.0,0.0,0.0
2026_03_TEN_NYG,TEN,NYG,Wan'Dale Robinson,00-0038117,WR,tgt,5.66,2.0,3.0,5.0,7.0,10.0
2026_03_TEN_NYG,TEN,NYG,Wan'Dale Robinson,00-0038117,WR,rec,3.633,1.0,2.0,3.0,5.0,7.0
2026_03_TEN_NYG,TEN,NYG,Wan'Dale Robinson,00-0038117,WR,rec_yds,40.107,6.963,17.903,34.445,56.346,80.149
2026_03_TEN_NYG,TEN,NYG,Wan'Dale Robinson,00-0038117,WR,anytime_td,0.165,0.0,0.0,0.0,0.0,1.0
2026_03_TEN_NYG,TEN,NYG,Tyjae Spears,00-0039032,RB,car,6.51,2.0,3.0,6.0,9.0,12.0
2026_03_TEN_NYG,TEN,NYG,Tyjae Spears,00-0039032,RB,rush_yds,26.386,2.735,9.379,20.702,37.162,56.95
2026_03_TEN_NYG,TEN,NYG,Tyjae Spears,00-0039032,RB,tgt,3.137,1.0,1.0,3.0,4.0,6.0
2026_03_TEN_NYG,TEN,NYG,Tyjae Spears,00-0039032,RB,rec,2.411,0.0,1.0,2.0,3.0,5.0
2026_03_TEN_NYG,TEN,NYG,Tyjae Spears,00-0039032,RB,rec_yds,16.864,0.0,3.883,12.256,24.948,40.057
2026_03_TEN_NYG,TEN,NYG,Tyjae Spears,00-0039032,RB,anytime_td,0.168,0.0,0.0,0.0,0.0,1.0
2026_03_TEN_NYG,TEN,NYG,Elic Ayomanor,00-0040170,WR,car,0.015,0.0,0.0,0.0,0.0,0.0
2026_03_TEN_NYG,TEN,NYG,Elic Ayomanor,00-0040170,WR,rush_yds,0.073,0.0,0.0,0.0,0.0,0.0
2026_03_TEN_NYG,TEN,NYG,Elic Ayomanor,00-0040170,WR,tgt,4.02,1.0,2.0,4.0,5.0,7.0
2026_03_TEN_NYG,TEN,NYG,Elic Ayomanor,00-0040170,WR,rec,2.279,0.0,1.0,2.0,3.0,5.0
2026_03_TEN_NYG,TEN,NYG,Elic Ayomanor,00-0040170,WR,rec_yds,30.034,0.0,8.926,23.394,43.974,68.14
2026_03_TEN_NYG,TEN,NYG,Elic Ayomanor,00-0040170,WR,anytime_td,0.23,0.0,0.0,0.0,0.0,1.0
2026_03_TEN_NYG,TEN,NYG,Gunnar Helm,00-0040584,TE,car,0.002,0.0,0.0,0.0,0.0,0.0
2026_03_TEN_NYG,TEN,NYG,Gunnar Helm,00-0040584,TE,rush_yds,0.003,0.0,0.0,0.0,0.0,0.0
2026_03_TEN_NYG,TEN,NYG,Gunnar Helm,00-0040584,TE,tgt,3.112,1.0,2.0,3.0,4.0,6.0
2026_03_TEN_NYG,TEN,NYG,Gunnar Helm,00-0040584,TE,rec,2.248,0.0,1.0,2.0,3.0,5.0
2026_03_TEN_NYG,TEN,NYG,Gunnar Helm,00-0040584,TE,rec_yds,20.369,0.0,5.724,15.671,29.81,46.612
2026_03_TEN_NYG,TEN,NYG,Gunnar Helm,00-0040584,TE,anytime_td,0.102,0.0,0.0,0.0,0.0,1.0
2026_03_TEN_NYG,TEN,NYG,Chimere Dike,00-0040705,WR,car,0.289,0.0,0.0,0.0,0.0,1.0
2026_03_TEN_NYG,TEN,NYG,Chimere Dike,00-0040705,WR,rush_yds,1.413,0.0,0.0,0.0,0.0,2.671
2026_03_TEN_NYG,TEN,NYG,Chimere Dike,00-0040705,WR,tgt,2.533,0.0,1.0,2.0,4.0,5.0
2026_03_TEN_NYG,TEN,NYG,Chimere Dike,00-0040705,WR,rec,1.59,0.0,0.0,1.0,2.0,4.0
2026_03_TEN_NYG,TEN,NYG,Chimere Dike,00-0040705,WR,rec_yds,17.997,0.0,0.0,11.858,26.624,46.013
2026_03_TEN_NYG,TEN,NYG,Chimere Dike,00-0040705,WR,anytime_td,0.136,0.0,0.0,0.0,0.0,1.0
2026_03_TEN_NYG,TEN,NYG,Carnell Tate,00-0041438,WR,car,0.024,0.0,0.0,0.0,0.0,0.0
2026_03_TEN_NYG,TEN,NYG,Carnell Tate,00-0041438,WR,rush_yds,0.121,0.0,0.0,0.0,0.0,0.0
2026_03_TEN_NYG,TEN,NYG,Carnell Tate,00-0041438,WR,tgt,4.817,2.0,3.0,4.0,6.0,8.0
2026_03_TEN_NYG,TEN,NYG,Carnell Tate,00-0041438,WR,rec,2.963,1.0,2.0,3.0,4.0,6.0
2026_03_TEN_NYG,TEN,NYG,Carnell Tate,00-0041438,WR,rec_yds,34.167,3.315,12.915,28.253,48.74,72.338
2026_03_TEN_NYG,TEN,NYG,Carnell Tate,00-0041438,WR,anytime_td,0.131,0.0,0.0,0.0,0.0,1.0
2026_03_PHI_CHI,CHI,PHI,D'Andre Swift,00-0036275,RB,car,13.832,6.0,9.0,13.0,18.0,22.0
2026_03_PHI_CHI,CHI,PHI,D'Andre Swift,00-0036275,RB,rush_yds,56.191,18.053,31.025,49.928,74.541,102.21
2026_03_PHI_CHI,CHI,PHI,D'Andre Swift,00-0036275,RB,tgt,2.41,0.0,1.0,2.0,3.0,5.0
2026_03_PHI_CHI,CHI,PHI,D'Andre Swift,00-0036275,RB,rec,1.787,0.0,1.0,1.0,3.0,4.0
2026_03_PHI_CHI,CHI,PHI,D'Andre Swift,00-0036275,RB,rec_yds,13.906,0.0,0.0,9.268,20.714,35.61
2026_03_PHI_CHI,CHI,PHI,D'Andre Swift,00-0036275,RB,anytime_td,0.366,0.0,0.0,0.0,1.0,1.0
2026_03_PHI_CHI,CHI,PHI,Roschon Johnson,00-0039021,RB,car,1.66,0.0,0.0,1.0,2.0,5.0
2026_03_PHI_CHI,CHI,PHI,Roschon Johnson,00-0039021,RB,rush_yds,6.424,0.0,0.0,0.878,8.29,20.099
2026_03_PHI_CHI,CHI,PHI,Roschon Johnson,00-0039021,RB,tgt,0.575,0.0,0.0,0.0,1.0,2.0
2026_03_PHI_CHI,CHI,PHI,Roschon Johnson,00-0039021,RB,rec,0.416,0.0,0.0,0.0,1.0,1.0
2026_03_PHI_CHI,CHI,PHI,Roschon Johnson,00-0039021,RB,rec_yds,2.954,0.0,0.0,0.0,1.81,10.716
2026_03_PHI_CHI,CHI,PHI,Roschon Johnson,00-0039021,RB,anytime_td,0.076,0.0,0.0,0.0,0.0,0.0
2026_03_PHI_CHI,CHI,PHI,Case Keenum,00-0028986,QB,att,29.629,20.0,25.0,30.0,35.0,40.0
2026_03_PHI_CHI,CHI,PHI,Case Keenum,00-0028986,QB,cmp,17.735,11.0,14.0,18.0,22.0,25.0
2026_03_PHI_CHI,CHI,PHI,Case Keenum,00-0028986,QB,pass_yds,193.195,108.567,149.134,191.882,238.806,285.315
2026_03_PHI_CHI,CHI,PHI,Case Keenum,00-0028986,QB,pass_td,1.083,0.0,0.0,1.0,2.0,2.0
2026_03_PHI_CHI,CHI,PHI,Case Keenum,00-0028986,QB,ints,0.728,0.0,0.0,0.0,1.0,2.0
2026_03_PHI_CHI,CHI,PHI,Case Keenum,00-0028986,QB,car,2.983,0.0,1.0,3.0,4.0,6.0
2026_03_PHI_CHI,CHI,PHI,Case Keenum,00-0028986,QB,rush_yds,13.736,0.0,1.919,9.962,20.936,34.199
2026_03_PHI_CHI,CHI,PHI,Case Keenum,00-0028986,QB,tgt,0.0,0.0,0.0,0.0,0.0,0.0
2026_03_PHI_CHI,CHI,PHI,Case Keenum,00-0028986,QB,rec,0.0,0.0,0.0,0.0,0.0,0.0
2026_03_PHI_CHI,CHI,PHI,Case Keenum,00-0028986,QB,rec_yds,0.001,0.0,0.0,0.0,0.0,0.0
2026_03_PHI_CHI,CHI,PHI,Case Keenum,00-0028986,QB,anytime_td,0.06,0.0,0.0,0.0,0.0,0.0
2026_03_PHI_CHI,CHI,PHI,Sam Roush,00-0041558,TE,car,0.005,0.0,0.0,0.0,0.0,0.0
2026_03_PHI_CHI,CHI,PHI,Sam Roush,00-0041558,TE,rush_yds,0.01,0.0,0.0,0.0,0.0,0.0
2026_03_PHI_CHI,CHI,PHI,Sam Roush,00-0041558,TE,tgt,1.511,0.0,0.0,1.0,2.0,4.0
2026_03_PHI_CHI,CHI,PHI,Sam Roush,00-0041558,TE,rec,0.953,0.0,0.0,1.0,1.0,2.0
2026_03_PHI_CHI,CHI,PHI,Sam Roush,00-0041558,TE,rec_yds,9.587,0.0,0.0,4.07,14.466,28.009
2026_03_PHI_CHI,CHI,PHI,Sam Roush,00-0041558,TE,anytime_td,0.037,0.0,0.0,0.0,0.0,0.0
2026_03_PHI_CHI,CHI,PHI,Zavion Thomas,00-0041051,WR,car,0.039,0.0,0.0,0.0,0.0,0.0
2026_03_PHI_CHI,CHI,PHI,Zavion Thomas,00-0041051,WR,rush_yds,0.169,0.0,0.0,0.0,0.0,0.0
2026_03_PHI_CHI,CHI,PHI,Zavion Thomas,00-0041051,WR,tgt,0.532,0.0,0.0,0.0,1.0,2.0
2026_03_PHI_CHI,CHI,PHI,Zavion Thomas,00-0041051,WR,rec,0.314,0.0,0.0,0.0,0.0,1.0
2026_03_PHI_CHI,CHI,PHI,Zavion Thomas,00-0041051,WR,rec_yds,3.942,0.0,0.0,0.0,0.0,14.858
2026_03_PHI_CHI,CHI,PHI,Zavion Thomas,00-0041051,WR,anytime_td,0.014,0.0,0.0,0.0,0.0,0.0
2026_03_PHI_CHI,CHI,PHI,Jahdae Walker,00-0040277,WR,car,0.013,0.0,0.0,0.0,0.0,0.0
2026_03_PHI_CHI,CHI,PHI,Jahdae Walker,00-0040277,WR,rush_yds,0.079,0.0,0.0,0.0,0.0,0.0
2026_03_PHI_CHI,CHI,PHI,Jahdae Walker,00-0040277,WR,tgt,1.148,0.0,0.0,1.0,2.0,3.0
2026_03_PHI_CHI,CHI,PHI,Jahdae Walker,00-0040277,WR,rec,0.675,0.0,0.0,0.0,1.0,2.0
2026_03_PHI_CHI,CHI,PHI,Jahdae Walker,00-0040277,WR,rec_yds,8.145,0.0,0.0,0.0,11.681,25.786
2026_03_PHI_CHI,CHI,PHI,Jahdae Walker,00-0040277,WR,anytime_td,0.123,0.0,0.0,0.0,0.0,1.0
2026_03_PHI_CHI,CHI,PHI,Rome Odunze,00-0039919,WR,car,0.015,0.0,0.0,0.0,0.0,0.0
2026_03_PHI_CHI,CHI,PHI,Rome Odunze,00-0039919,WR,rush_yds,0.062,0.0,0.0,0.0,0.0,0.0
2026_03_PHI_CHI,CHI,PHI,Rome Odunze,00-0039919,WR,tgt,4.983,2.0,3.0,5.0,7.0,9.0
2026_03_PHI_CHI,CHI,PHI,Rome Odunze,00-0039919,WR,rec,2.744,1.0,1.0,2.0,4.0,5.0
2026_03_PHI_CHI,CHI,PHI,Rome Odunze,00-0039919,WR,rec_yds,37.007,2.096,13.439,29.778,52.994,79.892
2026_03_PHI_CHI,CHI,PHI,Rome Odunze,00-0039919,WR,anytime_td,0.128,0.0,0.0,0.0,0.0,1.0
2026_03_PHI_CHI,CHI,PHI,Cole Kmet,00-0036290,TE,car,0.003,0.0,0.0,0.0,0.0,0.0
2026_03_PHI_CHI,CHI,PHI,Cole Kmet,00-0036290,TE,rush_yds,0.006,0.0,0.0,0.0,0.0,0.0
2026_03_PHI_CHI,CHI,PHI,Cole Kmet,00-0036290,TE,tgt,2.266,0.0,1.0,2.0,3.0,5.0
2026_03_PHI_CHI,CHI,PHI,Cole Kmet,00-0036290,TE,rec,1.457,0.0,0.0,1.0,2.0,3.0
2026_03_PHI_CHI,CHI,PHI,Cole Kmet,00-0036290,TE,rec_yds,14.996,0.0,0.0,9.842,22.93,38.096
2026_03_PHI_CHI,CHI,PHI,Cole Kmet,00-0036290,TE,anytime_td,0.146,0.0,0.0,0.0,0.0,1.0
2026_03_PHI_CHI,CHI,PHI,Colston Loveland,00-0040126,TE,car,0.035,0.0,0.0,0.0,0.0,0.0
2026_03_PHI_CHI,CHI,PHI,Colston Loveland,00-0040126,TE,rush_yds,0.074,0.0,0.0,0.0,0.0,0.0
2026_03_PHI_CHI,CHI,PHI,Colston Loveland,00-0040126,TE,tgt,4.936,2.0,3.0,5.0,7.0,9.0
2026_03_PHI_CHI,CHI,PHI,Colston Loveland,00-0040126,TE,rec,2.953,1.0,2.0,3.0,4.0,6.0
2026_03_PHI_CHI,CHI,PHI,Colston Loveland,00-0040126,TE,rec_yds,31.335,3.066,12.432,26.392,44.383,64.73
2026_03_PHI_CHI,CHI,PHI,Colston Loveland,00-0040126,TE,anytime_td,0.152,0.0,0.0,0.0,0.0,1.0
2026_03_PHI_CHI,CHI,PHI,Luther Burden III,00-0040735,WR,car,0.479,0.0,0.0,0.0,0.0,2.0
2026_03_PHI_CHI,CHI,PHI,Luther Burden III,00-0040735,WR,rush_yds,2.343,0.0,0.0,0.0,0.0,7.64
2026_03_PHI_CHI,CHI,PHI,Luther Burden III,00-0040735,WR,tgt,5.365,2.0,3.0,5.0,7.0,9.0
2026_03_PHI_CHI,CHI,PHI,Luther Burden III,00-0040735,WR,rec,3.176,1.0,2.0,3.0,4.0,6.0
2026_03_PHI_CHI,CHI,PHI,Luther Burden III,00-0040735,WR,rec_yds,38.817,5.016,15.494,32.219,55.507,81.356
2026_03_PHI_CHI,CHI,PHI,Luther Burden III,00-0040735,WR,anytime_td,0.104,0.0,0.0,0.0,0.0,1.0
2026_03_PHI_CHI,CHI,PHI,Kyle Monangai,00-0040236,RB,car,9.22,3.0,5.0,8.0,12.0,16.0
2026_03_PHI_CHI,CHI,PHI,Kyle Monangai,00-0040236,RB,rush_yds,38.824,8.006,17.485,32.615,53.168,78.078
2026_03_PHI_CHI,CHI,PHI,Kyle Monangai,00-0040236,RB,tgt,2.068,0.0,1.0,2.0,3.0,5.0
2026_03_PHI_CHI,CHI,PHI,Kyle Monangai,00-0040236,RB,rec,1.51,0.0,0.0,1.0,2.0,3.0
2026_03_PHI_CHI,CHI,PHI,Kyle Monangai,00-0040236,RB,rec_yds,11.229,0.0,0.0,6.662,16.887,30.458
2026_03_PHI_CHI,CHI,PHI,Kyle Monangai,00-0040236,RB,anytime_td,0.211,0.0,0.0,0.0,0.0,1.0
2026_03_PHI_CHI,CHI,PHI,Kalif Raymond,00-0032464,WR,car,0.041,0.0,0.0,0.0,0.0,0.0
2026_03_PHI_CHI,CHI,PHI,Kalif Raymond,00-0032464,WR,rush_yds,0.207,0.0,0.0,0.0,0.0,0.0
2026_03_PHI_CHI,CHI,PHI,Kalif Raymond,00-0032464,WR,tgt,4.465,1.0,3.0,4.0,6.0,8.0
2026_03_PHI_CHI,CHI,PHI,Kalif Raymond,00-0032464,WR,rec,2.94,1.0,1.0,3.0,4.0,6.0
2026_03_PHI_CHI,CHI,PHI,Kalif Raymond,00-0032464,WR,rec_yds,34.141,3.405,12.559,27.569,48.569,73.617
2026_03_PHI_CHI,CHI,PHI,Kalif Raymond,00-0032464,WR,anytime_td,0.1,0.0,0.0,0.0,0.0,1.0
2026_03_PHI_CHI,PHI,CHI,Saquon Barkley,00-0034844,RB,car,13.56,6.0,9.0,13.0,17.0,22.0
2026_03_PHI_CHI,PHI,CHI,Saquon Barkley,00-0034844,RB,rush_yds,59.344,18.973,32.46,52.801,78.803,107.737
2026_03_PHI_CHI,PHI,CHI,Saquon Barkley,00-0034844,RB,tgt,3.361,1.0,2.0,3.0,5.0,6.0
2026_03_PHI_CHI,PHI,CHI,Saquon Barkley,00-0034844,RB,rec,2.389,0.0,1.0,2.0,3.0,5.0
2026_03_PHI_CHI,PHI,CHI,Saquon Barkley,00-0034844,RB,rec_yds,17.637,0.0,4.104,13.169,25.673,41.427
2026_03_PHI_CHI,PHI,CHI,Saquon Barkley,00-0034844,RB,anytime_td,0.32,0.0,0.0,0.0,1.0,1.0
2026_03_PHI_CHI,PHI,CHI,Darius Cooper,00-0040024,WR,car,0.01,0.0,0.0,0.0,0.0,0.0
2026_03_PHI_CHI,PHI,CHI,Darius Cooper,00-0040024,WR,rush_yds,0.059,0.0,0.0,0.0,0.0,0.0
2026_03_PHI_CHI,PHI,CHI,Darius Cooper,00-0040024,WR,tgt,2.043,0.0,1.0,2.0,3.0,4.0
2026_03_PHI_CHI,PHI,CHI,Darius Cooper,00-0040024,WR,rec,1.27,0.0,0.0,1.0,2.0,3.0
2026_03_PHI_CHI,PHI,CHI,Darius Cooper,00-0040024,WR,rec_yds,16.196,0.0,0.0,9.121,24.655,44.285
2026_03_PHI_CHI,PHI,CHI,Darius Cooper,00-0040024,WR,anytime_td,0.133,0.0,0.0,0.0,0.0,1.0
2026_03_PHI_CHI,PHI,CHI,Will Shipley,00-0039746,RB,car,2.805,0.0,0.0,2.0,4.0,7.0
2026_03_PHI_CHI,PHI,CHI,Will Shipley,00-0039746,RB,rush_yds,11.89,0.0,0.0,5.714,16.745,32.349
2026_03_PHI_CHI,PHI,CHI,Will Shipley,00-0039746,RB,tgt,1.608,0.0,0.0,1.0,2.0,4.0
2026_03_PHI_CHI,PHI,CHI,Will Shipley,00-0039746,RB,rec,1.235,0.0,0.0,1.0,2.0,3.0
2026_03_PHI_CHI,PHI,CHI,Will Shipley,00-0039746,RB,rec_yds,8.849,0.0,0.0,4.37,13.247,25.058
2026_03_PHI_CHI,PHI,CHI,Will Shipley,00-0039746,RB,anytime_td,0.062,0.0,0.0,0.0,0.0,0.0
2026_03_PHI_CHI,PHI,CHI,Dontayvion Wicks,00-0038393,WR,car,0.052,0.0,0.0,0.0,0.0,0.0
2026_03_PHI_CHI,PHI,CHI,Dontayvion Wicks,00-0038393,WR,rush_yds,0.259,0.0,0.0,0.0,0.0,0.0
2026_03_PHI_CHI,PHI,CHI,Dontayvion Wicks,00-0038393,WR,tgt,5.486,2.0,3.0,5.0,7.0,9.0
2026_03_PHI_CHI,PHI,CHI,Dontayvion Wicks,00-0038393,WR,rec,3.465,1.0,2.0,3.0,5.0,6.0
2026_03_PHI_CHI,PHI,CHI,Dontayvion Wicks,00-0038393,WR,rec_yds,49.045,7.236,20.508,41.788,69.717,100.408
2026_03_PHI_CHI,PHI,CHI,Dontayvion Wicks,00-0038393,WR,anytime_td,0.196,0.0,0.0,0.0,0.0,1.0
2026_03_PHI_CHI,PHI,CHI,DeVonta Smith,00-0036912,WR,car,0.012,0.0,0.0,0.0,0.0,0.0
2026_03_PHI_CHI,PHI,CHI,DeVonta Smith,00-0036912,WR,rush_yds,0.078,0.0,0.0,0.0,0.0,0.0
2026_03_PHI_CHI,PHI,CHI,DeVonta Smith,00-0036912,WR,tgt,10.525,6.0,8.0,10.0,13.0,16.0
2026_03_PHI_CHI,PHI,CHI,DeVonta Smith,00-0036912,WR,rec,6.699,3.0,5.0,6.0,9.0,11.0
2026_03_PHI_CHI,PHI,CHI,DeVonta Smith,00-0036912,WR,rec_yds,86.284,31.445,51.917,79.946,114.558,150.131
2026_03_PHI_CHI,PHI,CHI,DeVonta Smith,00-0036912,WR,anytime_td,0.238,0.0,0.0,0.0,0.0,1.0
2026_03_PHI_CHI,PHI,CHI,Jalen Hurts,00-0036389,QB,att,28.404,19.0,24.0,29.0,34.0,38.0
2026_03_PHI_CHI,PHI,CHI,Jalen Hurts,00-0036389,QB,cmp,17.902,11.0,15.0,18.0,22.0,25.0
2026_03_PHI_CHI,PHI,CHI,Jalen Hurts,00-0036389,QB,pass_yds,206.629,114.491,157.21,204.765,256.155,306.714
2026_03_PHI_CHI,PHI,CHI,Jalen Hurts,00-0036389,QB,pass_td,1.407,0.0,1.0,1.0,2.0,3.0
2026_03_PHI_CHI,PHI,CHI,Jalen Hurts,00-0036389,QB,ints,0.616,0.0,0.0,0.0,1.0,2.0
2026_03_PHI_CHI,PHI,CHI,Jalen Hurts,00-0036389,QB,car,5.292,1.0,3.0,5.0,7.0,10.0
2026_03_PHI_CHI,PHI,CHI,Jalen Hurts,00-0036389,QB,rush_yds,23.675,0.995,8.34,19.792,33.981,50.746
2026_03_PHI_CHI,PHI,CHI,Jalen Hurts,00-0036389,QB,tgt,0.0,0.0,0.0,0.0,0.0,0.0
2026_03_PHI_CHI,PHI,CHI,Jalen Hurts,00-0036389,QB,rec,0.0,0.0,0.0,0.0,0.0,0.0
2026_03_PHI_CHI,PHI,CHI,Jalen Hurts,00-0036389,QB,rec_yds,0.001,0.0,0.0,0.0,0.0,0.0
2026_03_PHI_CHI,PHI,CHI,Jalen Hurts,00-0036389,QB,anytime_td,0.203,0.0,0.0,0.0,0.0,1.0
2026_03_PHI_CHI,PHI,CHI,Makai Lemon,00-0040867,WR,car,0.457,0.0,0.0,0.0,0.0,2.0
2026_03_PHI_CHI,PHI,CHI,Makai Lemon,00-0040867,WR,rush_yds,2.431,0.0,0.0,0.0,0.0,8.1
2026_03_PHI_CHI,PHI,CHI,Makai Lemon,00-0040867,WR,tgt,3.03,1.0,1.0,3.0,4.0,6.0
2026_03_PHI_CHI,PHI,CHI,Makai Lemon,00-0040867,WR,rec,1.909,0.0,1.0,2.0,3.0,4.0
2026_03_PHI_CHI,PHI,CHI,Makai Lemon,00-0040867,WR,rec_yds,22.751,0.0,4.847,16.468,33.832,54.778
2026_03_PHI_CHI,PHI,CHI,Makai Lemon,00-0040867,WR,anytime_td,0.058,0.0,0.0,0.0,0.0,0.0
2026_03_PHI_CHI,PHI,CHI,Tank Bigsby,00-0038555,RB,car,6.572,1.0,3.0,6.0,9.0,13.0
2026_03_PHI_CHI,PHI,CHI,Tank Bigsby,00-0038555,RB,rush_yds,27.474,2.81,9.435,21.132,38.893,60.728
2026_03_PHI_CHI,PHI,CHI,Tank Bigsby,00-0038555,RB,tgt,0.986,0.0,0.0,1.0,2.0,3.0
2026_03_PHI_CHI,PHI,CHI,Tank Bigsby,00-0038555,RB,rec,0.753,0.0,0.0,0.0,1.0,2.0
2026_03_PHI_CHI,PHI,CHI,Tank Bigsby,00-0038555,RB,rec_yds,5.553,0.0,0.0,0.0,7.794,18.282
2026_03_PHI_CHI,PHI,CHI,Tank Bigsby,00-0038555,RB,anytime_td,0.266,0.0,0.0,0.0,1.0,1.0
2026_03_PHI_CHI,PHI,CHI,Johnny Mundt,00-0033246,TE,car,0.002,0.0,0.0,0.0,0.0,0.0
2026_03_PHI_CHI,PHI,CHI,Johnny Mundt,00-0033246,TE,rush_yds,0.007,0.0,0.0,0.0,0.0,0.0
2026_03_PHI_CHI,PHI,CHI,Johnny Mundt,00-0033246,TE,tgt,1.774,0.0,0.0,1.0,3.0,4.0
2026_03_PHI_CHI,PHI,CHI,Johnny Mundt,00-0033246,TE,rec,1.211,0.0,0.0,1.0,2.0,3.0
2026_03_PHI_CHI,PHI,CHI,Johnny Mundt,00-0033246,TE,rec_yds,12.372,0.0,0.0,6.991,18.737,34.055
2026_03_PHI_CHI,PHI,CHI,Johnny Mundt,00-0033246,TE,anytime_td,0.02,0.0,0.0,0.0,0.0,0.0
2026_03_LA_DEN,DEN,LA,Bo Nix,00-0039732,QB,att,31.71,22.0,27.0,32.0,37.0,42.0
2026_03_LA_DEN,DEN,LA,Bo Nix,00-0039732,QB,cmp,19.978,13.0,16.0,20.0,24.0,28.0
2026_03_LA_DEN,DEN,LA,Bo Nix,00-0039732,QB,pass_yds,219.733,126.031,169.233,218.363,269.92,321.671
2026_03_LA_DEN,DEN,LA,Bo Nix,00-0039732,QB,pass_td,1.456,0.0,1.0,1.0,2.0,3.0
2026_03_LA_DEN,DEN,LA,Bo Nix,00-0039732,QB,ints,0.746,0.0,0.0,0.0,1.0,2.0
2026_03_LA_DEN,DEN,LA,Bo Nix,00-0039732,QB,car,4.099,1.0,2.0,4.0,6.0,8.0
2026_03_LA_DEN,DEN,LA,Bo Nix,00-0039732,QB,rush_yds,17.202,0.0,3.977,12.847,25.694,40.518
2026_03_LA_DEN,DEN,LA,Bo Nix,00-0039732,QB,tgt,0.001,0.0,0.0,0.0,0.0,0.0
2026_03_LA_DEN,DEN,LA,Bo Nix,00-0039732,QB,rec,0.001,0.0,0.0,0.0,0.0,0.0
2026_03_LA_DEN,DEN,LA,Bo Nix,00-0039732,QB,rec_yds,0.002,0.0,0.0,0.0,0.0,0.0
2026_03_LA_DEN,DEN,LA,Bo Nix,00-0039732,QB,anytime_td,0.147,0.0,0.0,0.0,0.0,1.0
2026_03_LA_DEN,DEN,LA,Courtland Sutton,00-0034348,WR,car,0.007,0.0,0.0,0.0,0.0,0.0
2026_03_LA_DEN,DEN,LA,Courtland Sutton,00-0034348,WR,rush_yds,0.031,0.0,0.0,0.0,0.0,0.0
2026_03_LA_DEN,DEN,LA,Courtland Sutton,00-0034348,WR,tgt,5.672,2.0,4.0,5.0,7.0,10.0
2026_03_LA_DEN,DEN,LA,Courtland Sutton,00-0034348,WR,rec,3.338,1.0,2.0,3.0,5.0,6.0
2026_03_LA_DEN,DEN,LA,Courtland Sutton,00-0034348,WR,rec_yds,40.944,5.67,17.592,34.608,57.746,83.712
2026_03_LA_DEN,DEN,LA,Courtland Sutton,00-0034348,WR,anytime_td,0.24,0.0,0.0,0.0,0.0,1.0
2026_03_LA_DEN,DEN,LA,Jaylen Waddle,00-0036613,WR,car,0.092,0.0,0.0,0.0,0.0,0.0
2026_03_LA_DEN,DEN,LA,Jaylen Waddle,00-0036613,WR,rush_yds,0.501,0.0,0.0,0.0,0.0,0.0
2026_03_LA_DEN,DEN,LA,Jaylen Waddle,00-0036613,WR,tgt,6.804,3.0,4.0,6.0,9.0,11.0
2026_03_LA_DEN,DEN,LA,Jaylen Waddle,00-0036613,WR,rec,4.244,1.0,2.0,4.0,6.0,8.0
2026_03_LA_DEN,DEN,LA,Jaylen Waddle,00-0036613,WR,rec_yds,58.048,12.636,27.053,50.284,80.531,114.846
2026_03_LA_DEN,DEN,LA,Jaylen Waddle,00-0036613,WR,anytime_td,0.2,0.0,0.0,0.0,0.0,1.0
2026_03_LA_DEN,DEN,LA,Pat Bryant,00-0040134,WR,car,0.277,0.0,0.0,0.0,0.0,1.0
2026_03_LA_DEN,DEN,LA,Pat Bryant,00-0040134,WR,rush_yds,1.452,0.0,0.0,0.0,0.0,2.667
2026_03_LA_DEN,DEN,LA,Pat Bryant,00-0040134,WR,tgt,3.362,1.0,2.0,3.0,5.0,6.0
2026_03_LA_DEN,DEN,LA,Pat Bryant,00-0040134,WR,rec,2.088,0.0,1.0,2.0,3.0,4.0
2026_03_LA_DEN,DEN,LA,Pat Bryant,00-0040134,WR,rec_yds,25.748,0.0,6.495,19.764,38.304,59.923
2026_03_LA_DEN,DEN,LA,Pat Bryant,00-0040134,WR,anytime_td,0.094,0.0,0.0,0.0,0.0,0.0
2026_03_LA_DEN,DEN,LA,Evan Engram,00-0033881,TE,car,0.015,0.0,0.0,0.0,0.0,0.0
2026_03_LA_DEN,DEN,LA,Evan Engram,00-0033881,TE,rush_yds,0.039,0.0,0.0,0.0,0.0,0.0
2026_03_LA_DEN,DEN,LA,Evan Engram,00-0033881,TE,tgt,3.44,1.0,2.0,3.0,5.0,7.0
2026_03_LA_DEN,DEN,LA,Evan Engram,00-0033881,TE,rec,2.39,0.0,1.0,2.0,3.0,5.0
2026_03_LA_DEN,DEN,LA,Evan Engram,00-0033881,TE,rec_yds,25.688,0.0,7.682,20.174,37.78,57.982
2026_03_LA_DEN,DEN,LA,Evan Engram,00-0033881,TE,anytime_td,0.193,0.0,0.0,0.0,0.0,1.0
2026_03_LA_DEN,DEN,LA,J.K. Dobbins,00-0036158,RB,car,10.394,4.0,6.0,10.0,14.0,18.0
2026_03_LA_DEN,DEN,LA,J.K. Dobbins,00-0036158,RB,rush_yds,44.904,10.76,21.491,39.171,61.176,86.071
2026_03_LA_DEN,DEN,LA,J.K. Dobbins,00-0036158,RB,tgt,0.796,0.0,0.0,0.0,1.0,2.0
2026_03_LA_DEN,DEN,LA,J.K. Dobbins,00-0036158,RB,rec,0.594,0.0,0.0,0.0,1.0,2.0
2026_03_LA_DEN,DEN,LA,J.K. Dobbins,00-0036158,RB,rec_yds,4.231,0.0,0.0,0.0,5.636,14.478
2026_03_LA_DEN,DEN,LA,J.K. Dobbins,00-0036158,RB,anytime_td,0.257,0.0,0.0,0.0,1.0,1.0
2026_03_LA_DEN,DEN,LA,Adam Trautman,00-0036422,TE,car,0.001,0.0,0.0,0.0,0.0,0.0
2026_03_LA_DEN,DEN,LA,Adam Trautman,00-0036422,TE,rush_yds,0.002,0.0,0.0,0.0,0.0,0.0
2026_03_LA_DEN,DEN,LA,Adam Trautman,00-0036422,TE,tgt,1.396,0.0,0.0,1.0,2.0,3.0
2026_03_LA_DEN,DEN,LA,Adam Trautman,00-0036422,TE,rec,0.963,0.0,0.0,1.0,1.0,2.0
2026_03_LA_DEN,DEN,LA,Adam Trautman,00-0036422,TE,rec_yds,9.79,0.0,0.0,3.979,14.588,28.682
2026_03_LA_DEN,DEN,LA,Adam Trautman,00-0036422,TE,anytime_td,0.033,0.0,0.0,0.0,0.0,0.0
2026_03_LA_DEN,DEN,LA,RJ Harvey,00-0040730,RB,car,7.992,2.0,4.0,7.0,11.0,15.0
2026_03_LA_DEN,DEN,LA,RJ Harvey,00-0040730,RB,rush_yds,31.825,5.351,13.131,25.443,44.092,65.457
2026_03_LA_DEN,DEN,LA,RJ Harvey,00-0040730,RB,tgt,4.043,1.0,2.0,4.0,6.0,7.0
2026_03_LA_DEN,DEN,LA,RJ Harvey,00-0040730,RB,rec,3.095,1.0,2.0,3.0,4.0,6.0
2026_03_LA_DEN,DEN,LA,RJ Harvey,00-0040730,RB,rec_yds,22.571,0.0,7.527,17.617,32.42,50.115
2026_03_LA_DEN,DEN,LA,RJ Harvey,00-0040730,RB,anytime_td,0.407,0.0,0.0,0.0,1.0,1.0
2026_03_LA_DEN,DEN,LA,Nate Adkins,00-0038783,TE,car,0.216,0.0,0.0,0.0,0.0,1.0
2026_03_LA_DEN,DEN,LA,Nate Adkins,00-0038783,TE,rush_yds,0.484,0.0,0.0,0.0,0.0,0.0
2026_03_LA_DEN,DEN,LA,Nate Adkins,00-0038783,TE,tgt,1.283,0.0,0.0,1.0,2.0,3.0
2026_03_LA_DEN,DEN,LA,Nate Adkins,00-0038783,TE,rec,0.902,0.0,0.0,1.0,1.0,2.0
2026_03_LA_DEN,DEN,LA,Nate Adkins,00-0038783,TE,rec_yds,9.307,0.0,0.0,2.641,13.858,27.92
2026_03_LA_DEN,DEN,LA,Nate Adkins,00-0038783,TE,anytime_td,0.145,0.0,0.0,0.0,0.0,1.0
2026_03_LA_DEN,DEN,LA,Tyler Badie,00-0037085,RB,car,0.922,0.0,0.0,0.0,1.0,3.0
2026_03_LA_DEN,DEN,LA,Tyler Badie,00-0037085,RB,rush_yds,3.689,0.0,0.0,0.0,3.561,12.35
2026_03_LA_DEN,DEN,LA,Tyler Badie,00-0037085,RB,tgt,1.856,0.0,1.0,1.0,3.0,4.0
2026_03_LA_DEN,DEN,LA,Tyler Badie,00-0037085,RB,rec,1.375,0.0,0.0,1.0,2.0,3.0
2026_03_LA_DEN,DEN,LA,Tyler Badie,00-0037085,RB,rec_yds,10.605,0.0,0.0,5.609,16.05,29.311
2026_03_LA_DEN,DEN,LA,Tyler Badie,00-0037085,RB,anytime_td,0.07,0.0,0.0,0.0,0.0,0.0
2026_03_LA_DEN,DEN,LA,Troy Franklin,00-0039868,WR,car,0.316,0.0,0.0,0.0,0.0,1.0
2026_03_LA_DEN,DEN,LA,Troy Franklin,00-0039868,WR,rush_yds,1.736,0.0,0.0,0.0,0.0,3.585
2026_03_LA_DEN,DEN,LA,Troy Franklin,00-0039868,WR,tgt,3.013,1.0,1.0,3.0,4.0,6.0
2026_03_LA_DEN,DEN,LA,Troy Franklin,00-0039868,WR,rec,1.797,0.0,1.0,1.0,3.0,4.0
2026_03_LA_DEN,DEN,LA,Troy Franklin,00-0039868,WR,rec_yds,23.189,0.0,3.23,16.568,34.948,56.174
2026_03_LA_DEN,DEN,LA,Troy Franklin,00-0039868,WR,anytime_td,0.148,0.0,0.0,0.0,0.0,1.0
2026_03_LA_DEN,DEN,LA,Adam Prentice,00-0036727,RB,car,0.636,0.0,0.0,0.0,1.0,2.0
2026_03_LA_DEN,DEN,LA,Adam Prentice,00-0036727,RB,rush_yds,2.61,0.0,0.0,0.0,0.971,8.85
2026_03_LA_DEN,DEN,LA,Adam Prentice,00-0036727,RB,tgt,0.551,0.0,0.0,0.0,1.0,2.0
2026_03_LA_DEN,DEN,LA,Adam Prentice,00-0036727,RB,rec,0.414,0.0,0.0,0.0,1.0,1.0
2026_03_LA_DEN,DEN,LA,Adam Prentice,00-0036727,RB,rec_yds,3.0,0.0,0.0,0.0,1.722,10.922
2026_03_LA_DEN,DEN,LA,Adam Prentice,00-0036727,RB,anytime_td,0.023,0.0,0.0,0.0,0.0,0.0
2026_03_LA_DEN,LA,DEN,Matthew Stafford,00-0026498,QB,att,30.879,20.0,26.0,32.0,37.0,42.0
2026_03_LA_DEN,LA,DEN,Matthew Stafford,00-0026498,QB,cmp,19.051,12.0,16.0,19.0,23.0,26.0
2026_03_LA_DEN,LA,DEN,Matthew Stafford,00-0026498,QB,pass_yds,217.433,122.276,168.429,217.841,267.946,318.415
2026_03_LA_DEN,LA,DEN,Matthew Stafford,00-0026498,QB,pass_td,1.296,0.0,0.0,1.0,2.0,3.0
2026_03_LA_DEN,LA,DEN,Matthew Stafford,00-0026498,QB,ints,0.722,0.0,0.0,0.0,1.0,2.0
2026_03_LA_DEN,LA,DEN,Matthew Stafford,00-0026498,QB,car,2.029,0.0,1.0,2.0,3.0,4.0
2026_03_LA_DEN,LA,DEN,Matthew Stafford,00-0026498,QB,rush_yds,7.56,-1.0,0.0,2.846,12.409,23.073
2026_03_LA_DEN,LA,DEN,Matthew Stafford,00-0026498,QB,tgt,0.001,0.0,0.0,0.0,0.0,0.0
2026_03_LA_DEN,LA,DEN,Matthew Stafford,00-0026498,QB,rec,0.0,0.0,0.0,0.0,0.0,0.0
2026_03_LA_DEN,LA,DEN,Matthew Stafford,00-0026498,QB,rec_yds,0.006,0.0,0.0,0.0,0.0,0.0
2026_03_LA_DEN,LA,DEN,Matthew Stafford,00-0026498,QB,anytime_td,0.031,0.0,0.0,0.0,0.0,0.0
2026_03_LA_DEN,LA,DEN,Davante Adams,00-0031381,WR,car,0.018,0.0,0.0,0.0,0.0,0.0
2026_03_LA_DEN,LA,DEN,Davante Adams,00-0031381,WR,rush_yds,0.085,0.0,0.0,0.0,0.0,0.0
2026_03_LA_DEN,LA,DEN,Davante Adams,00-0031381,WR,tgt,9.622,5.0,7.0,9.0,12.0,15.0
2026_03_LA_DEN,LA,DEN,Davante Adams,00-0031381,WR,rec,5.68,2.0,4.0,5.0,7.0,9.0
2026_03_LA_DEN,LA,DEN,Davante Adams,00-0031381,WR,rec_yds,82.758,26.793,48.017,75.985,111.019,147.145
2026_03_LA_DEN,LA,DEN,Davante Adams,00-0031381,WR,anytime_td,0.347,0.0,0.0,0.0,1.0,1.0
2026_03_LA_DEN,LA,DEN,Konata Mumpfield,00-0040590,WR,car,0.013,0.0,0.0,0.0,0.0,0.0
2026_03_LA_DEN,LA,DEN,Konata Mumpfield,00-0040590,WR,rush_yds,0.06,0.0,0.0,0.0,0.0,0.0
2026_03_LA_DEN,LA,DEN,Konata Mumpfield,00-0040590,WR,tgt,2.335,0.0,1.0,2.0,3.0,5.0
2026_03_LA_DEN,LA,DEN,Konata Mumpfield,00-0040590,WR,rec,1.329,0.0,0.0,1.0,2.0,3.0
2026_03_LA_DEN,LA,DEN,Konata Mumpfield,00-0040590,WR,rec_yds,16.427,0.0,0.0,9.741,24.755,44.695
2026_03_LA_DEN,LA,DEN,Konata Mumpfield,00-0040590,WR,anytime_td,0.036,0.0,0.0,0.0,0.0,0.0
2026_03_LA_DEN,LA,DEN,Tyler Higbee,00-0033110,TE,car,0.002,0.0,0.0,0.0,0.0,0.0
2026_03_LA_DEN,LA,DEN,Tyler Higbee,00-0033110,TE,rush_yds,0.003,0.0,0.0,0.0,0.0,0.0
2026_03_LA_DEN,LA,DEN,Tyler Higbee,00-0033110,TE,tgt,2.644,0.0,1.0,2.0,4.0,5.0
2026_03_LA_DEN,LA,DEN,Tyler Higbee,00-0033110,TE,rec,1.831,0.0,1.0,2.0,3.0,4.0
2026_03_LA_DEN,LA,DEN,Tyler Higbee,00-0033110,TE,rec_yds,19.345,0.0,3.309,13.759,28.741,47.203
2026_03_LA_DEN,LA,DEN,Tyler Higbee,00-0033110,TE,anytime_td,0.085,0.0,0.0,0.0,0.0,0.0
2026_03_LA_DEN,LA,DEN,Kyren Williams,00-0037840,RB,car,13.522,6.0,9.0,13.0,17.0,21.0
2026_03_LA_DEN,LA,DEN,Kyren Williams,00-0037840,RB,rush_yds,57.292,19.257,31.812,50.491,76.524,103.394
2026_03_LA_DEN,LA,DEN,Kyren Williams,00-0037840,RB,tgt,3.208,1.0,2.0,3.0,4.0,6.0
2026_03_LA_DEN,LA,DEN,Kyren Williams,00-0037840,RB,rec,2.448,0.0,1.0,2.0,3.0,5.0
2026_03_LA_DEN,LA,DEN,Kyren Williams,00-0037840,RB,rec_yds,17.891,0.0,4.157,13.095,26.223,42.815
2026_03_LA_DEN,LA,DEN,Kyren Williams,00-0037840,RB,anytime_td,0.486,0.0,0.0,0.0,1.0,1.0
2026_03_LA_DEN,LA,DEN,Xavier Smith,00-0038359,WR,car,0.02,0.0,0.0,0.0,0.0,0.0
2026_03_LA_DEN,LA,DEN,Xavier Smith,00-0038359,WR,rush_yds,0.102,0.0,0.0,0.0,0.0,0.0
2026_03_LA_DEN,LA,DEN,Xavier Smith,00-0038359,WR,tgt,1.265,0.0,0.0,1.0,2.0,3.0
2026_03_LA_DEN,LA,DEN,Xavier Smith,00-0038359,WR,rec,0.745,0.0,0.0,0.0,1.0,2.0
2026_03_LA_DEN,LA,DEN,Xavier Smith,00-0038359,WR,rec_yds,9.417,0.0,0.0,0.0,13.891,29.892
2026_03_LA_DEN,LA,DEN,Xavier Smith,00-0038359,WR,anytime_td,0.023,0.0,0.0,0.0,0.0,0.0
2026_03_LA_DEN,LA,DEN,Colby Parkinson,00-0036244,TE,car,0.002,0.0,0.0,0.0,0.0,0.0
2026_03_LA_DEN,LA,DEN,Colby Parkinson,00-0036244,TE,rush_yds,0.001,0.0,0.0,0.0,0.0,0.0
2026_03_LA_DEN,LA,DEN,Colby Parkinson,00-0036244,TE,tgt,4.078,1.0,2.0,4.0,6.0,8.0
2026_03_LA_DEN,LA,DEN,Colby Parkinson,00-0036244,TE,rec,2.783,1.0,1.0,2.0,4.0,5.0
2026_03_LA_DEN,LA,DEN,Colby Parkinson,00-0036244,TE,rec_yds,29.101,0.0,10.309,23.665,41.987,63.319
2026_03_LA_DEN,LA,DEN,Colby Parkinson,00-0036244,TE,anytime_td,0.157,0.0,0.0,0.0,0.0,1.0
2026_03_LA_DEN,LA,DEN,Davis Allen,00-0039074,TE,car,0.003,0.0,0.0,0.0,0.0,0.0
2026_03_LA_DEN,LA,DEN,Davis Allen,00-0039074,TE,rush_yds,0.008,0.0,0.0,0.0,0.0,0.0
2026_03_LA_DEN,LA,DEN,Davis Allen,00-0039074,TE,tgt,1.456,0.0,0.0,1.0,2.0,3.0
2026_03_LA_DEN,LA,DEN,Davis Allen,00-0039074,TE,rec,1.0,0.0,0.0,1.0,2.0,3.0
2026_03_LA_DEN,LA,DEN,Davis Allen,00-0039074,TE,rec_yds,10.221,0.0,0.0,4.706,15.498,29.206
2026_03_LA_DEN,LA,DEN,Davis Allen,00-0039074,TE,anytime_td,0.031,0.0,0.0,0.0,0.0,0.0
2026_03_LA_DEN,LA,DEN,Blake Corum,00-0039738,RB,car,10.361,4.0,6.0,10.0,14.0,18.0
2026_03_LA_DEN,LA,DEN,Blake Corum,00-0039738,RB,rush_yds,45.287,11.087,22.066,38.867,60.999,87.76
2026_03_LA_DEN,LA,DEN,Blake Corum,00-0039738,RB,tgt,1.014,0.0,0.0,1.0,2.0,3.0
2026_03_LA_DEN,LA,DEN,Blake Corum,00-0039738,RB,rec,0.763,0.0,0.0,0.0,1.0,2.0
2026_03_LA_DEN,LA,DEN,Blake Corum,00-0039738,RB,rec_yds,5.827,0.0,0.0,0.0,8.339,18.332
2026_03_LA_DEN,LA,DEN,Blake Corum,00-0039738,RB,anytime_td,0.207,0.0,0.0,0.0,0.0,1.0
2026_03_LA_DEN,LA,DEN,Terrance Ferguson,00-0040737,TE,car,0.017,0.0,0.0,0.0,0.0,0.0
2026_03_LA_DEN,LA,DEN,Terrance Ferguson,00-0040737,TE,rush_yds,0.044,0.0,0.0,0.0,0.0,0.0
2026_03_LA_DEN,LA,DEN,Terrance Ferguson,00-0040737,TE,tgt,4.473,1.0,2.0,4.0,6.0,8.0
2026_03_LA_DEN,LA,DEN,Terrance Ferguson,00-0040737,TE,rec,2.826,1.0,1.0,3.0,4.0,6.0
2026_03_LA_DEN,LA,DEN,Terrance Ferguson,00-0040737,TE,rec_yds,29.683,0.0,10.526,24.339,42.984,63.641
2026_03_LA_DEN,LA,DEN,Terrance Ferguson,00-0040737,TE,anytime_td,0.189,0.0,0.0,0.0,0.0,1.0
2026_03_LA_DEN,LA,DEN,Jordan Whittington,00-0039751,WR,car,0.143,0.0,0.0,0.0,0.0,0.0
2026_03_LA_DEN,LA,DEN,Jordan Whittington,00-0039751,WR,rush_yds,0.748,0.0,0.0,0.0,0.0,0.0
2026_03_LA_DEN,LA,DEN,Jordan Whittington,00-0039751,WR,tgt,1.553,0.0,0.0,1.0,2.0,4.0
2026_03_LA_DEN,LA,DEN,Jordan Whittington,00-0039751,WR,rec,0.981,0.0,0.0,1.0,2.0,3.0
2026_03_LA_DEN,LA,DEN,Jordan Whittington,00-0039751,WR,rec_yds,12.145,0.0,0.0,4.854,18.326,35.927
2026_03_LA_DEN,LA,DEN,Jordan Whittington,00-0039751,WR,anytime_td,0.019,0.0,0.0,0.0,0.0,0.0
