game_id,team,opp,player,player_id,pos,stat,mean,p10,p25,median,p75,p90
2026_01_NE_SEA,SEA,NE,Jaxon Smith-Njigba,00-0038543,WR,car,0.3,0.0,0.0,0.0,0.0,1.0
2026_01_NE_SEA,SEA,NE,Jaxon Smith-Njigba,00-0038543,WR,rush_yds,1.736,0.0,0.0,0.0,0.0,2.268
2026_01_NE_SEA,SEA,NE,Jaxon Smith-Njigba,00-0038543,WR,tgt,9.984,5.0,7.0,10.0,12.0,15.0
2026_01_NE_SEA,SEA,NE,Jaxon Smith-Njigba,00-0038543,WR,rec,6.506,3.0,4.0,6.0,8.0,10.0
2026_01_NE_SEA,SEA,NE,Jaxon Smith-Njigba,00-0038543,WR,rec_yds,82.444,28.996,49.495,75.686,109.157,144.104
2026_01_NE_SEA,SEA,NE,Jaxon Smith-Njigba,00-0038543,WR,anytime_td,0.387,0.0,0.0,0.0,1.0,1.0
2026_01_NE_SEA,SEA,NE,AJ Barner,00-0039793,TE,car,0.559,0.0,0.0,0.0,0.0,2.0
2026_01_NE_SEA,SEA,NE,AJ Barner,00-0039793,TE,rush_yds,1.327,0.0,0.0,0.0,0.0,4.423
2026_01_NE_SEA,SEA,NE,AJ Barner,00-0039793,TE,tgt,3.91,1.0,2.0,4.0,5.0,7.0
2026_01_NE_SEA,SEA,NE,AJ Barner,00-0039793,TE,rec,2.821,1.0,1.0,3.0,4.0,6.0
2026_01_NE_SEA,SEA,NE,AJ Barner,00-0039793,TE,rec_yds,28.823,0.934,10.353,23.639,41.136,62.199
2026_01_NE_SEA,SEA,NE,AJ Barner,00-0039793,TE,anytime_td,0.245,0.0,0.0,0.0,0.0,1.0
2026_01_NE_SEA,SEA,NE,Cooper Kupp,00-0033908,WR,car,0.03,0.0,0.0,0.0,0.0,0.0
2026_01_NE_SEA,SEA,NE,Cooper Kupp,00-0033908,WR,rush_yds,0.176,0.0,0.0,0.0,0.0,0.0
2026_01_NE_SEA,SEA,NE,Cooper Kupp,00-0033908,WR,tgt,5.973,2.0,4.0,6.0,8.0,10.0
2026_01_NE_SEA,SEA,NE,Cooper Kupp,00-0033908,WR,rec,3.757,1.0,2.0,3.0,5.0,7.0
2026_01_NE_SEA,SEA,NE,Cooper Kupp,00-0033908,WR,rec_yds,45.573,8.298,20.469,39.56,64.012,91.206
2026_01_NE_SEA,SEA,NE,Cooper Kupp,00-0033908,WR,anytime_td,0.21,0.0,0.0,0.0,0.0,1.0
2026_01_NE_SEA,SEA,NE,Rashid Shaheed,00-0037545,WR,car,1.172,0.0,0.0,0.0,2.0,4.0
2026_01_NE_SEA,SEA,NE,Rashid Shaheed,00-0037545,WR,rush_yds,6.815,0.0,0.0,0.0,7.492,22.993
2026_01_NE_SEA,SEA,NE,Rashid Shaheed,00-0037545,WR,tgt,3.843,1.0,2.0,3.0,5.0,7.0
2026_01_NE_SEA,SEA,NE,Rashid Shaheed,00-0037545,WR,rec,2.302,0.0,1.0,2.0,3.0,5.0
2026_01_NE_SEA,SEA,NE,Rashid Shaheed,00-0037545,WR,rec_yds,29.3,0.0,8.441,22.861,43.07,66.0
2026_01_NE_SEA,SEA,NE,Rashid Shaheed,00-0037545,WR,anytime_td,0.105,0.0,0.0,0.0,0.0,1.0
2026_01_NE_SEA,SEA,NE,Jadarian Price,00-0041512,RB,car,4.923,1.0,2.0,4.0,7.0,10.0
2026_01_NE_SEA,SEA,NE,Jadarian Price,00-0041512,RB,rush_yds,21.526,0.0,4.955,14.728,30.798,52.831
2026_01_NE_SEA,SEA,NE,Jadarian Price,00-0041512,RB,tgt,0.775,0.0,0.0,0.0,1.0,2.0
2026_01_NE_SEA,SEA,NE,Jadarian Price,00-0041512,RB,rec,0.598,0.0,0.0,0.0,1.0,2.0
2026_01_NE_SEA,SEA,NE,Jadarian Price,00-0041512,RB,rec_yds,4.33,0.0,0.0,0.0,5.799,14.681
2026_01_NE_SEA,SEA,NE,Jadarian Price,00-0041512,RB,anytime_td,0.134,0.0,0.0,0.0,0.0,1.0
2026_01_NE_SEA,SEA,NE,George Holani,00-0039299,RB,car,5.625,1.0,2.0,5.0,8.0,11.0
2026_01_NE_SEA,SEA,NE,George Holani,00-0039299,RB,rush_yds,24.021,0.902,6.558,17.717,34.578,55.335
2026_01_NE_SEA,SEA,NE,George Holani,00-0039299,RB,tgt,1.263,0.0,0.0,1.0,2.0,3.0
2026_01_NE_SEA,SEA,NE,George Holani,00-0039299,RB,rec,0.98,0.0,0.0,1.0,2.0,3.0
2026_01_NE_SEA,SEA,NE,George Holani,00-0039299,RB,rec_yds,7.072,0.0,0.0,1.08,10.295,21.244
2026_01_NE_SEA,SEA,NE,George Holani,00-0039299,RB,anytime_td,0.15,0.0,0.0,0.0,0.0,1.0
2026_01_NE_SEA,SEA,NE,Brady Russell,00-0038488,RB,car,0.793,0.0,0.0,0.0,1.0,3.0
2026_01_NE_SEA,SEA,NE,Brady Russell,00-0038488,RB,rush_yds,3.408,0.0,0.0,0.0,2.375,11.387
2026_01_NE_SEA,SEA,NE,Brady Russell,00-0038488,RB,tgt,0.264,0.0,0.0,0.0,0.0,1.0
2026_01_NE_SEA,SEA,NE,Brady Russell,00-0038488,RB,rec,0.202,0.0,0.0,0.0,0.0,1.0
2026_01_NE_SEA,SEA,NE,Brady Russell,00-0038488,RB,rec_yds,1.499,0.0,0.0,0.0,0.0,4.969
2026_01_NE_SEA,SEA,NE,Brady Russell,00-0038488,RB,anytime_td,0.012,0.0,0.0,0.0,0.0,0.0
2026_01_NE_SEA,SEA,NE,Elijah Arroyo,00-0040739,TE,car,0.003,0.0,0.0,0.0,0.0,0.0
2026_01_NE_SEA,SEA,NE,Elijah Arroyo,00-0040739,TE,rush_yds,0.012,0.0,0.0,0.0,0.0,0.0
2026_01_NE_SEA,SEA,NE,Elijah Arroyo,00-0040739,TE,tgt,1.772,0.0,1.0,1.0,3.0,4.0
2026_01_NE_SEA,SEA,NE,Elijah Arroyo,00-0040739,TE,rec,1.221,0.0,0.0,1.0,2.0,3.0
2026_01_NE_SEA,SEA,NE,Elijah Arroyo,00-0040739,TE,rec_yds,12.526,0.0,0.0,7.214,19.265,34.165
2026_01_NE_SEA,SEA,NE,Elijah Arroyo,00-0040739,TE,anytime_td,0.076,0.0,0.0,0.0,0.0,0.0
2026_01_NE_SEA,SEA,NE,Eric Saubert,00-0033576,TE,car,0.003,0.0,0.0,0.0,0.0,0.0
2026_01_NE_SEA,SEA,NE,Eric Saubert,00-0033576,TE,rush_yds,0.006,0.0,0.0,0.0,0.0,0.0
2026_01_NE_SEA,SEA,NE,Eric Saubert,00-0033576,TE,tgt,0.763,0.0,0.0,0.0,1.0,2.0
2026_01_NE_SEA,SEA,NE,Eric Saubert,00-0033576,TE,rec,0.536,0.0,0.0,0.0,1.0,2.0
2026_01_NE_SEA,SEA,NE,Eric Saubert,00-0033576,TE,rec_yds,5.361,0.0,0.0,0.0,7.333,18.55
2026_01_NE_SEA,SEA,NE,Eric Saubert,00-0033576,TE,anytime_td,0.016,0.0,0.0,0.0,0.0,0.0
2026_01_NE_SEA,SEA,NE,Sam Darnold,00-0034869,QB,att,28.934,19.0,24.0,29.0,34.0,39.0
2026_01_NE_SEA,SEA,NE,Sam Darnold,00-0034869,QB,cmp,18.448,11.0,15.0,19.0,22.0,26.0
2026_01_NE_SEA,SEA,NE,Sam Darnold,00-0034869,QB,pass_yds,208.631,118.619,160.697,207.738,256.216,303.579
2026_01_NE_SEA,SEA,NE,Sam Darnold,00-0034869,QB,pass_td,1.401,0.0,1.0,1.0,2.0,3.0
2026_01_NE_SEA,SEA,NE,Sam Darnold,00-0034869,QB,ints,0.635,0.0,0.0,0.0,1.0,2.0
2026_01_NE_SEA,SEA,NE,Sam Darnold,00-0034869,QB,car,3.261,1.0,1.0,3.0,4.0,7.0
2026_01_NE_SEA,SEA,NE,Sam Darnold,00-0034869,QB,rush_yds,12.428,-1.0,0.0,7.932,18.838,32.64
2026_01_NE_SEA,SEA,NE,Sam Darnold,00-0034869,QB,tgt,0.0,0.0,0.0,0.0,0.0,0.0
2026_01_NE_SEA,SEA,NE,Sam Darnold,00-0034869,QB,rec,0.0,0.0,0.0,0.0,0.0,0.0
2026_01_NE_SEA,SEA,NE,Sam Darnold,00-0034869,QB,rec_yds,0.001,0.0,0.0,0.0,0.0,0.0
2026_01_NE_SEA,SEA,NE,Sam Darnold,00-0034869,QB,anytime_td,0.026,0.0,0.0,0.0,0.0,0.0
2026_01_NE_SEA,SEA,NE,Emanuel Wilson,00-0038797,RB,car,11.973,5.0,8.0,11.0,16.0,20.0
2026_01_NE_SEA,SEA,NE,Emanuel Wilson,00-0038797,RB,rush_yds,51.462,14.018,26.186,44.807,69.302,97.689
2026_01_NE_SEA,SEA,NE,Emanuel Wilson,00-0038797,RB,tgt,0.902,0.0,0.0,1.0,1.0,2.0
2026_01_NE_SEA,SEA,NE,Emanuel Wilson,00-0038797,RB,rec,0.701,0.0,0.0,0.0,1.0,2.0
2026_01_NE_SEA,SEA,NE,Emanuel Wilson,00-0038797,RB,rec_yds,5.072,0.0,0.0,0.0,7.132,16.778
2026_01_NE_SEA,SEA,NE,Emanuel Wilson,00-0038797,RB,anytime_td,0.223,0.0,0.0,0.0,0.0,1.0
2026_01_NE_SEA,NE,SEA,Drake Maye,00-0039851,QB,att,29.179,19.0,25.0,30.0,35.0,39.0
2026_01_NE_SEA,NE,SEA,Drake Maye,00-0039851,QB,cmp,18.439,11.0,15.0,19.0,22.0,26.0
2026_01_NE_SEA,NE,SEA,Drake Maye,00-0039851,QB,pass_yds,202.919,114.688,155.524,201.344,250.796,298.557
2026_01_NE_SEA,NE,SEA,Drake Maye,00-0039851,QB,pass_td,1.291,0.0,0.0,1.0,2.0,3.0
2026_01_NE_SEA,NE,SEA,Drake Maye,00-0039851,QB,ints,0.727,0.0,0.0,0.0,1.0,2.0
2026_01_NE_SEA,NE,SEA,Drake Maye,00-0039851,QB,car,4.871,1.0,3.0,4.0,7.0,9.0
2026_01_NE_SEA,NE,SEA,Drake Maye,00-0039851,QB,rush_yds,26.11,2.248,10.443,22.116,37.228,55.012
2026_01_NE_SEA,NE,SEA,Drake Maye,00-0039851,QB,tgt,0.001,0.0,0.0,0.0,0.0,0.0
2026_01_NE_SEA,NE,SEA,Drake Maye,00-0039851,QB,rec,0.001,0.0,0.0,0.0,0.0,0.0
2026_01_NE_SEA,NE,SEA,Drake Maye,00-0039851,QB,rec_yds,0.004,0.0,0.0,0.0,0.0,0.0
2026_01_NE_SEA,NE,SEA,Drake Maye,00-0039851,QB,anytime_td,0.159,0.0,0.0,0.0,0.0,1.0
2026_01_NE_SEA,NE,SEA,Rhamondre Stevenson,00-0036875,RB,car,12.751,6.0,8.0,12.0,16.0,20.0
2026_01_NE_SEA,NE,SEA,Rhamondre Stevenson,00-0036875,RB,rush_yds,52.012,16.283,28.651,45.528,68.608,95.766
2026_01_NE_SEA,NE,SEA,Rhamondre Stevenson,00-0036875,RB,tgt,2.96,1.0,1.0,3.0,4.0,6.0
2026_01_NE_SEA,NE,SEA,Rhamondre Stevenson,00-0036875,RB,rec,2.303,0.0,1.0,2.0,3.0,5.0
2026_01_NE_SEA,NE,SEA,Rhamondre Stevenson,00-0036875,RB,rec_yds,17.44,0.0,3.677,12.787,25.867,41.492
2026_01_NE_SEA,NE,SEA,Rhamondre Stevenson,00-0036875,RB,anytime_td,0.363,0.0,0.0,0.0,1.0,1.0
2026_01_NE_SEA,NE,SEA,Hunter Henry,00-0033090,TE,car,0.002,0.0,0.0,0.0,0.0,0.0
2026_01_NE_SEA,NE,SEA,Hunter Henry,00-0033090,TE,rush_yds,0.006,0.0,0.0,0.0,0.0,0.0
2026_01_NE_SEA,NE,SEA,Hunter Henry,00-0033090,TE,tgt,4.031,1.0,2.0,4.0,5.0,7.0
2026_01_NE_SEA,NE,SEA,Hunter Henry,00-0033090,TE,rec,2.805,1.0,1.0,3.0,4.0,5.0
2026_01_NE_SEA,NE,SEA,Hunter Henry,00-0033090,TE,rec_yds,28.673,0.0,10.556,23.908,41.416,60.851
2026_01_NE_SEA,NE,SEA,Hunter Henry,00-0033090,TE,anytime_td,0.186,0.0,0.0,0.0,0.0,1.0
2026_01_NE_SEA,NE,SEA,Mack Hollins,00-0033555,WR,car,0.054,0.0,0.0,0.0,0.0,0.0
2026_01_NE_SEA,NE,SEA,Mack Hollins,00-0033555,WR,rush_yds,0.256,0.0,0.0,0.0,0.0,0.0
2026_01_NE_SEA,NE,SEA,Mack Hollins,00-0033555,WR,tgt,4.686,1.0,3.0,4.0,6.0,8.0
2026_01_NE_SEA,NE,SEA,Mack Hollins,00-0033555,WR,rec,2.939,1.0,1.0,3.0,4.0,6.0
2026_01_NE_SEA,NE,SEA,Mack Hollins,00-0033555,WR,rec_yds,36.648,2.846,13.477,30.038,52.988,77.731
2026_01_NE_SEA,NE,SEA,Mack Hollins,00-0033555,WR,anytime_td,0.168,0.0,0.0,0.0,0.0,1.0
2026_01_NE_SEA,NE,SEA,DeMario Douglas,00-0038621,WR,car,0.241,0.0,0.0,0.0,0.0,1.0
2026_01_NE_SEA,NE,SEA,DeMario Douglas,00-0038621,WR,rush_yds,1.295,0.0,0.0,0.0,0.0,0.0
2026_01_NE_SEA,NE,SEA,DeMario Douglas,00-0038621,WR,tgt,2.653,0.0,1.0,2.0,4.0,5.0
2026_01_NE_SEA,NE,SEA,DeMario Douglas,00-0038621,WR,rec,1.664,0.0,1.0,1.0,2.0,4.0
2026_01_NE_SEA,NE,SEA,DeMario Douglas,00-0038621,WR,rec_yds,20.175,0.0,0.97,13.805,30.326,50.165
2026_01_NE_SEA,NE,SEA,DeMario Douglas,00-0038621,WR,anytime_td,0.111,0.0,0.0,0.0,0.0,1.0
2026_01_NE_SEA,NE,SEA,Romeo Doubs,00-0037816,WR,car,0.02,0.0,0.0,0.0,0.0,0.0
2026_01_NE_SEA,NE,SEA,Romeo Doubs,00-0037816,WR,rush_yds,0.106,0.0,0.0,0.0,0.0,0.0
2026_01_NE_SEA,NE,SEA,Romeo Doubs,00-0037816,WR,tgt,4.587,2.0,3.0,4.0,6.0,8.0
2026_01_NE_SEA,NE,SEA,Romeo Doubs,00-0037816,WR,rec,2.908,1.0,1.0,3.0,4.0,6.0
2026_01_NE_SEA,NE,SEA,Romeo Doubs,00-0037816,WR,rec_yds,36.068,2.831,13.567,30.131,51.485,76.658
2026_01_NE_SEA,NE,SEA,Romeo Doubs,00-0037816,WR,anytime_td,0.21,0.0,0.0,0.0,0.0,1.0
2026_01_NE_SEA,NE,SEA,Eli Raridon,00-0041395,TE,car,0.01,0.0,0.0,0.0,0.0,0.0
2026_01_NE_SEA,NE,SEA,Eli Raridon,00-0041395,TE,rush_yds,0.027,0.0,0.0,0.0,0.0,0.0
2026_01_NE_SEA,NE,SEA,Eli Raridon,00-0041395,TE,tgt,0.777,0.0,0.0,0.0,1.0,2.0
2026_01_NE_SEA,NE,SEA,Eli Raridon,00-0041395,TE,rec,0.546,0.0,0.0,0.0,1.0,2.0
2026_01_NE_SEA,NE,SEA,Eli Raridon,00-0041395,TE,rec_yds,5.464,0.0,0.0,0.0,7.535,18.742
2026_01_NE_SEA,NE,SEA,Eli Raridon,00-0041395,TE,anytime_td,0.025,0.0,0.0,0.0,0.0,0.0
2026_01_NE_SEA,NE,SEA,A.J. Brown,00-0035676,WR,car,0.022,0.0,0.0,0.0,0.0,0.0
2026_01_NE_SEA,NE,SEA,A.J. Brown,00-0035676,WR,rush_yds,0.109,0.0,0.0,0.0,0.0,0.0
2026_01_NE_SEA,NE,SEA,A.J. Brown,00-0035676,WR,tgt,6.801,3.0,4.0,6.0,9.0,11.0
2026_01_NE_SEA,NE,SEA,A.J. Brown,00-0035676,WR,rec,4.241,1.0,2.0,4.0,6.0,7.0
2026_01_NE_SEA,NE,SEA,A.J. Brown,00-0035676,WR,rec_yds,51.343,11.449,24.586,45.006,70.674,99.658
2026_01_NE_SEA,NE,SEA,A.J. Brown,00-0035676,WR,anytime_td,0.257,0.0,0.0,0.0,1.0,1.0
2026_01_NE_SEA,NE,SEA,Reggie Gilliam,00-0036187,RB,car,0.844,0.0,0.0,0.0,1.0,3.0
2026_01_NE_SEA,NE,SEA,Reggie Gilliam,00-0036187,RB,rush_yds,3.348,0.0,0.0,0.0,2.685,11.094
2026_01_NE_SEA,NE,SEA,Reggie Gilliam,00-0036187,RB,tgt,0.291,0.0,0.0,0.0,0.0,1.0
2026_01_NE_SEA,NE,SEA,Reggie Gilliam,00-0036187,RB,rec,0.223,0.0,0.0,0.0,0.0,1.0
2026_01_NE_SEA,NE,SEA,Reggie Gilliam,00-0036187,RB,rec_yds,1.549,0.0,0.0,0.0,0.0,5.447
2026_01_NE_SEA,NE,SEA,Reggie Gilliam,00-0036187,RB,anytime_td,0.014,0.0,0.0,0.0,0.0,0.0
2026_01_NE_SEA,NE,SEA,Kyle Williams,00-0040131,WR,car,0.121,0.0,0.0,0.0,0.0,0.0
2026_01_NE_SEA,NE,SEA,Kyle Williams,00-0040131,WR,rush_yds,0.632,0.0,0.0,0.0,0.0,0.0
2026_01_NE_SEA,NE,SEA,Kyle Williams,00-0040131,WR,tgt,1.556,0.0,0.0,1.0,2.0,4.0
2026_01_NE_SEA,NE,SEA,Kyle Williams,00-0040131,WR,rec,0.937,0.0,0.0,1.0,1.0,2.0
2026_01_NE_SEA,NE,SEA,Kyle Williams,00-0040131,WR,rec_yds,11.337,0.0,0.0,4.14,17.098,33.726
2026_01_NE_SEA,NE,SEA,Kyle Williams,00-0040131,WR,anytime_td,0.072,0.0,0.0,0.0,0.0,0.0
2026_01_NE_SEA,NE,SEA,Corey Kiner,00-0040556,RB,car,4.389,0.0,2.0,4.0,6.0,9.0
2026_01_NE_SEA,NE,SEA,Corey Kiner,00-0040556,RB,rush_yds,17.702,0.0,3.841,12.048,25.213,42.716
2026_01_NE_SEA,NE,SEA,Corey Kiner,00-0040556,RB,tgt,0.784,0.0,0.0,0.0,1.0,2.0
2026_01_NE_SEA,NE,SEA,Corey Kiner,00-0040556,RB,rec,0.598,0.0,0.0,0.0,1.0,2.0
2026_01_NE_SEA,NE,SEA,Corey Kiner,00-0040556,RB,rec_yds,4.098,0.0,0.0,0.0,5.407,13.9
2026_01_NE_SEA,NE,SEA,Corey Kiner,00-0040556,RB,anytime_td,0.13,0.0,0.0,0.0,0.0,1.0
2026_01_NE_SEA,NE,SEA,Lan Larison,00-0040568,RB,car,3.254,0.0,1.0,2.0,5.0,8.0
2026_01_NE_SEA,NE,SEA,Lan Larison,00-0040568,RB,rush_yds,13.112,0.0,0.887,7.386,18.682,34.165
2026_01_NE_SEA,NE,SEA,Lan Larison,00-0040568,RB,tgt,0.672,0.0,0.0,0.0,1.0,2.0
2026_01_NE_SEA,NE,SEA,Lan Larison,00-0040568,RB,rec,0.511,0.0,0.0,0.0,1.0,2.0
2026_01_NE_SEA,NE,SEA,Lan Larison,00-0040568,RB,rec_yds,3.61,0.0,0.0,0.0,4.146,12.537
2026_01_NE_SEA,NE,SEA,Lan Larison,00-0040568,RB,anytime_td,0.102,0.0,0.0,0.0,0.0,1.0
2026_01_SF_LA,LA,SF,Matthew Stafford,00-0026498,QB,att,32.253,22.0,27.0,33.0,38.0,43.0
2026_01_SF_LA,LA,SF,Matthew Stafford,00-0026498,QB,cmp,21.136,14.0,17.0,21.0,25.0,29.0
2026_01_SF_LA,LA,SF,Matthew Stafford,00-0026498,QB,pass_yds,241.612,143.681,190.022,240.194,294.286,347.185
2026_01_SF_LA,LA,SF,Matthew Stafford,00-0026498,QB,pass_td,1.67,0.0,1.0,2.0,2.0,3.0
2026_01_SF_LA,LA,SF,Matthew Stafford,00-0026498,QB,ints,0.63,0.0,0.0,0.0,1.0,2.0
2026_01_SF_LA,LA,SF,Matthew Stafford,00-0026498,QB,car,2.114,0.0,1.0,2.0,3.0,4.0
2026_01_SF_LA,LA,SF,Matthew Stafford,00-0026498,QB,rush_yds,7.232,-2.0,0.0,2.798,11.73,22.523
2026_01_SF_LA,LA,SF,Matthew Stafford,00-0026498,QB,tgt,0.001,0.0,0.0,0.0,0.0,0.0
2026_01_SF_LA,LA,SF,Matthew Stafford,00-0026498,QB,rec,0.0,0.0,0.0,0.0,0.0,0.0
2026_01_SF_LA,LA,SF,Matthew Stafford,00-0026498,QB,rec_yds,0.003,0.0,0.0,0.0,0.0,0.0
2026_01_SF_LA,LA,SF,Matthew Stafford,00-0026498,QB,anytime_td,0.013,0.0,0.0,0.0,0.0,0.0
2026_01_SF_LA,LA,SF,Colby Parkinson,00-0036244,TE,car,0.002,0.0,0.0,0.0,0.0,0.0
2026_01_SF_LA,LA,SF,Colby Parkinson,00-0036244,TE,rush_yds,0.005,0.0,0.0,0.0,0.0,0.0
2026_01_SF_LA,LA,SF,Colby Parkinson,00-0036244,TE,tgt,3.73,1.0,2.0,3.0,5.0,7.0
2026_01_SF_LA,LA,SF,Colby Parkinson,00-0036244,TE,rec,2.694,0.0,1.0,2.0,4.0,5.0
2026_01_SF_LA,LA,SF,Colby Parkinson,00-0036244,TE,rec_yds,28.821,0.0,9.442,23.178,41.954,63.306
2026_01_SF_LA,LA,SF,Colby Parkinson,00-0036244,TE,anytime_td,0.25,0.0,0.0,0.0,1.0,1.0
2026_01_SF_LA,LA,SF,Puka Nacua,00-0039075,WR,car,0.979,0.0,0.0,0.0,1.0,3.0
2026_01_SF_LA,LA,SF,Puka Nacua,00-0039075,WR,rush_yds,5.517,0.0,0.0,0.0,5.253,19.192
2026_01_SF_LA,LA,SF,Puka Nacua,00-0039075,WR,tgt,9.022,4.0,6.0,9.0,11.0,14.0
2026_01_SF_LA,LA,SF,Puka Nacua,00-0039075,WR,rec,6.062,3.0,4.0,6.0,8.0,10.0
2026_01_SF_LA,LA,SF,Puka Nacua,00-0039075,WR,rec_yds,79.174,25.789,45.778,72.881,104.995,140.093
2026_01_SF_LA,LA,SF,Puka Nacua,00-0039075,WR,anytime_td,0.396,0.0,0.0,0.0,1.0,1.0
2026_01_SF_LA,LA,SF,Kyren Williams,00-0037840,RB,car,12.85,6.0,8.0,12.0,17.0,21.0
2026_01_SF_LA,LA,SF,Kyren Williams,00-0037840,RB,rush_yds,57.78,17.671,31.051,50.95,78.361,106.476
2026_01_SF_LA,LA,SF,Kyren Williams,00-0037840,RB,tgt,2.372,0.0,1.0,2.0,3.0,5.0
2026_01_SF_LA,LA,SF,Kyren Williams,00-0037840,RB,rec,1.896,0.0,1.0,2.0,3.0,4.0
2026_01_SF_LA,LA,SF,Kyren Williams,00-0037840,RB,rec_yds,14.067,0.0,0.0,9.529,21.242,35.353
2026_01_SF_LA,LA,SF,Kyren Williams,00-0037840,RB,anytime_td,0.518,0.0,0.0,1.0,1.0,1.0
2026_01_SF_LA,LA,SF,Davante Adams,00-0031381,WR,car,0.018,0.0,0.0,0.0,0.0,0.0
2026_01_SF_LA,LA,SF,Davante Adams,00-0031381,WR,rush_yds,0.093,0.0,0.0,0.0,0.0,0.0
2026_01_SF_LA,LA,SF,Davante Adams,00-0031381,WR,tgt,6.403,3.0,4.0,6.0,8.0,11.0
2026_01_SF_LA,LA,SF,Davante Adams,00-0031381,WR,rec,3.868,1.0,2.0,4.0,5.0,7.0
2026_01_SF_LA,LA,SF,Davante Adams,00-0031381,WR,rec_yds,49.815,9.029,22.274,43.103,69.428,100.113
2026_01_SF_LA,LA,SF,Davante Adams,00-0031381,WR,anytime_td,0.347,0.0,0.0,0.0,1.0,1.0
2026_01_SF_LA,LA,SF,Terrance Ferguson,00-0040737,TE,car,0.022,0.0,0.0,0.0,0.0,0.0
2026_01_SF_LA,LA,SF,Terrance Ferguson,00-0040737,TE,rush_yds,0.044,0.0,0.0,0.0,0.0,0.0
2026_01_SF_LA,LA,SF,Terrance Ferguson,00-0040737,TE,tgt,2.015,0.0,1.0,2.0,3.0,4.0
2026_01_SF_LA,LA,SF,Terrance Ferguson,00-0040737,TE,rec,1.381,0.0,0.0,1.0,2.0,3.0
2026_01_SF_LA,LA,SF,Terrance Ferguson,00-0040737,TE,rec_yds,14.924,0.0,0.0,9.094,23.077,39.252
2026_01_SF_LA,LA,SF,Terrance Ferguson,00-0040737,TE,anytime_td,0.124,0.0,0.0,0.0,0.0,1.0
2026_01_SF_LA,LA,SF,Jordan Whittington,00-0039751,WR,car,0.162,0.0,0.0,0.0,0.0,0.0
2026_01_SF_LA,LA,SF,Jordan Whittington,00-0039751,WR,rush_yds,0.911,0.0,0.0,0.0,0.0,0.0
2026_01_SF_LA,LA,SF,Jordan Whittington,00-0039751,WR,tgt,1.123,0.0,0.0,1.0,2.0,3.0
2026_01_SF_LA,LA,SF,Jordan Whittington,00-0039751,WR,rec,0.742,0.0,0.0,0.0,1.0,2.0
2026_01_SF_LA,LA,SF,Jordan Whittington,00-0039751,WR,rec_yds,9.23,0.0,0.0,0.0,13.519,29.69
2026_01_SF_LA,LA,SF,Jordan Whittington,00-0039751,WR,anytime_td,0.021,0.0,0.0,0.0,0.0,0.0
2026_01_SF_LA,LA,SF,Davis Allen,00-0039074,TE,car,0.003,0.0,0.0,0.0,0.0,0.0
2026_01_SF_LA,LA,SF,Davis Allen,00-0039074,TE,rush_yds,0.008,0.0,0.0,0.0,0.0,0.0
2026_01_SF_LA,LA,SF,Davis Allen,00-0039074,TE,tgt,1.138,0.0,0.0,1.0,2.0,3.0
2026_01_SF_LA,LA,SF,Davis Allen,00-0039074,TE,rec,0.834,0.0,0.0,0.0,1.0,2.0
2026_01_SF_LA,LA,SF,Davis Allen,00-0039074,TE,rec_yds,8.469,0.0,0.0,0.0,12.696,26.429
2026_01_SF_LA,LA,SF,Davis Allen,00-0039074,TE,anytime_td,0.045,0.0,0.0,0.0,0.0,0.0
2026_01_SF_LA,LA,SF,Xavier Smith,00-0038359,WR,car,0.023,0.0,0.0,0.0,0.0,0.0
2026_01_SF_LA,LA,SF,Xavier Smith,00-0038359,WR,rush_yds,0.139,0.0,0.0,0.0,0.0,0.0
2026_01_SF_LA,LA,SF,Xavier Smith,00-0038359,WR,tgt,1.167,0.0,0.0,1.0,2.0,3.0
2026_01_SF_LA,LA,SF,Xavier Smith,00-0038359,WR,rec,0.773,0.0,0.0,0.0,1.0,2.0
2026_01_SF_LA,LA,SF,Xavier Smith,00-0038359,WR,rec_yds,9.927,0.0,0.0,0.0,14.666,31.003
2026_01_SF_LA,LA,SF,Xavier Smith,00-0038359,WR,anytime_td,0.019,0.0,0.0,0.0,0.0,0.0
2026_01_SF_LA,LA,SF,Konata Mumpfield,00-0040590,WR,car,0.015,0.0,0.0,0.0,0.0,0.0
2026_01_SF_LA,LA,SF,Konata Mumpfield,00-0040590,WR,rush_yds,0.074,0.0,0.0,0.0,0.0,0.0
2026_01_SF_LA,LA,SF,Konata Mumpfield,00-0040590,WR,tgt,1.778,0.0,0.0,1.0,3.0,4.0
2026_01_SF_LA,LA,SF,Konata Mumpfield,00-0040590,WR,rec,1.105,0.0,0.0,1.0,2.0,3.0
2026_01_SF_LA,LA,SF,Konata Mumpfield,00-0040590,WR,rec_yds,13.423,0.0,0.0,6.497,20.746,37.809
2026_01_SF_LA,LA,SF,Konata Mumpfield,00-0040590,WR,anytime_td,0.05,0.0,0.0,0.0,0.0,0.0
2026_01_SF_LA,LA,SF,Blake Corum,00-0039738,RB,car,8.1,2.0,4.0,7.0,11.0,15.0
2026_01_SF_LA,LA,SF,Blake Corum,00-0039738,RB,rush_yds,36.733,6.026,14.979,29.745,51.363,76.109
2026_01_SF_LA,LA,SF,Blake Corum,00-0039738,RB,tgt,0.933,0.0,0.0,1.0,1.0,3.0
2026_01_SF_LA,LA,SF,Blake Corum,00-0039738,RB,rec,0.758,0.0,0.0,0.0,1.0,2.0
2026_01_SF_LA,LA,SF,Blake Corum,00-0039738,RB,rec_yds,5.443,0.0,0.0,0.0,7.779,17.851
2026_01_SF_LA,LA,SF,Blake Corum,00-0039738,RB,anytime_td,0.279,0.0,0.0,0.0,1.0,1.0
2026_01_SF_LA,LA,SF,Tyler Higbee,00-0033110,TE,car,0.002,0.0,0.0,0.0,0.0,0.0
2026_01_SF_LA,LA,SF,Tyler Higbee,00-0033110,TE,rush_yds,0.003,0.0,0.0,0.0,0.0,0.0
2026_01_SF_LA,LA,SF,Tyler Higbee,00-0033110,TE,tgt,2.663,0.0,1.0,2.0,4.0,5.0
2026_01_SF_LA,LA,SF,Tyler Higbee,00-0033110,TE,rec,1.951,0.0,1.0,2.0,3.0,4.0
2026_01_SF_LA,LA,SF,Tyler Higbee,00-0033110,TE,rec_yds,20.803,0.0,4.261,15.263,30.69,49.348
2026_01_SF_LA,LA,SF,Tyler Higbee,00-0033110,TE,anytime_td,0.141,0.0,0.0,0.0,0.0,1.0
2026_01_SF_LA,LA,SF,Ronnie Rivers,00-0037557,RB,car,2.479,0.0,0.0,2.0,4.0,6.0
2026_01_SF_LA,LA,SF,Ronnie Rivers,00-0037557,RB,rush_yds,10.722,0.0,0.0,4.873,14.987,30.355
2026_01_SF_LA,LA,SF,Ronnie Rivers,00-0037557,RB,tgt,0.494,0.0,0.0,0.0,1.0,2.0
2026_01_SF_LA,LA,SF,Ronnie Rivers,00-0037557,RB,rec,0.395,0.0,0.0,0.0,1.0,1.0
2026_01_SF_LA,LA,SF,Ronnie Rivers,00-0037557,RB,rec_yds,2.845,0.0,0.0,0.0,0.0,10.345
2026_01_SF_LA,LA,SF,Ronnie Rivers,00-0037557,RB,anytime_td,0.083,0.0,0.0,0.0,0.0,0.0
2026_01_SF_LA,SF,LA,Brock Purdy,00-0037834,QB,att,30.656,21.0,26.0,31.0,36.0,41.0
2026_01_SF_LA,SF,LA,Brock Purdy,00-0037834,QB,cmp,19.705,12.0,16.0,20.0,24.0,27.0
2026_01_SF_LA,SF,LA,Brock Purdy,00-0037834,QB,pass_yds,216.882,125.729,167.712,215.997,266.896,313.952
2026_01_SF_LA,SF,LA,Brock Purdy,00-0037834,QB,pass_td,1.382,0.0,1.0,1.0,2.0,3.0
2026_01_SF_LA,SF,LA,Brock Purdy,00-0037834,QB,ints,0.812,0.0,0.0,1.0,1.0,2.0
2026_01_SF_LA,SF,LA,Brock Purdy,00-0037834,QB,car,4.176,1.0,2.0,4.0,6.0,8.0
2026_01_SF_LA,SF,LA,Brock Purdy,00-0037834,QB,rush_yds,20.34,0.0,6.88,16.107,29.601,45.027
2026_01_SF_LA,SF,LA,Brock Purdy,00-0037834,QB,tgt,0.001,0.0,0.0,0.0,0.0,0.0
2026_01_SF_LA,SF,LA,Brock Purdy,00-0037834,QB,rec,0.001,0.0,0.0,0.0,0.0,0.0
2026_01_SF_LA,SF,LA,Brock Purdy,00-0037834,QB,rec_yds,0.005,0.0,0.0,0.0,0.0,0.0
2026_01_SF_LA,SF,LA,Brock Purdy,00-0037834,QB,anytime_td,0.214,0.0,0.0,0.0,0.0,1.0
2026_01_SF_LA,SF,LA,Mike Evans,00-0031408,WR,car,0.027,0.0,0.0,0.0,0.0,0.0
2026_01_SF_LA,SF,LA,Mike Evans,00-0031408,WR,rush_yds,0.164,0.0,0.0,0.0,0.0,0.0
2026_01_SF_LA,SF,LA,Mike Evans,00-0031408,WR,tgt,5.289,2.0,3.0,5.0,7.0,9.0
2026_01_SF_LA,SF,LA,Mike Evans,00-0031408,WR,rec,3.109,1.0,2.0,3.0,4.0,6.0
2026_01_SF_LA,SF,LA,Mike Evans,00-0031408,WR,rec_yds,40.434,5.084,15.929,33.609,57.193,84.133
2026_01_SF_LA,SF,LA,Mike Evans,00-0031408,WR,anytime_td,0.229,0.0,0.0,0.0,0.0,1.0
2026_01_SF_LA,SF,LA,Luke Farrell,00-0036887,TE,car,0.002,0.0,0.0,0.0,0.0,0.0
2026_01_SF_LA,SF,LA,Luke Farrell,00-0036887,TE,rush_yds,0.004,0.0,0.0,0.0,0.0,0.0
2026_01_SF_LA,SF,LA,Luke Farrell,00-0036887,TE,tgt,0.726,0.0,0.0,0.0,1.0,2.0
2026_01_SF_LA,SF,LA,Luke Farrell,00-0036887,TE,rec,0.498,0.0,0.0,0.0,1.0,2.0
2026_01_SF_LA,SF,LA,Luke Farrell,00-0036887,TE,rec_yds,5.206,0.0,0.0,0.0,6.916,18.337
2026_01_SF_LA,SF,LA,Luke Farrell,00-0036887,TE,anytime_td,0.031,0.0,0.0,0.0,0.0,0.0
2026_01_SF_LA,SF,LA,Demarcus Robinson,00-0032775,WR,car,0.082,0.0,0.0,0.0,0.0,0.0
2026_01_SF_LA,SF,LA,Demarcus Robinson,00-0032775,WR,rush_yds,0.466,0.0,0.0,0.0,0.0,0.0
2026_01_SF_LA,SF,LA,Demarcus Robinson,00-0032775,WR,tgt,2.404,0.0,1.0,2.0,3.0,5.0
2026_01_SF_LA,SF,LA,Demarcus Robinson,00-0032775,WR,rec,1.516,0.0,0.0,1.0,2.0,4.0
2026_01_SF_LA,SF,LA,Demarcus Robinson,00-0032775,WR,rec_yds,19.786,0.0,0.0,12.419,30.175,51.145
2026_01_SF_LA,SF,LA,Demarcus Robinson,00-0032775,WR,anytime_td,0.11,0.0,0.0,0.0,0.0,1.0
2026_01_SF_LA,SF,LA,Christian McCaffrey,00-0033280,RB,car,16.855,9.0,12.0,16.0,21.0,25.0
2026_01_SF_LA,SF,LA,Christian McCaffrey,00-0033280,RB,rush_yds,68.212,26.888,40.899,62.002,89.001,117.616
2026_01_SF_LA,SF,LA,Christian McCaffrey,00-0033280,RB,tgt,5.329,2.0,3.0,5.0,7.0,9.0
2026_01_SF_LA,SF,LA,Christian McCaffrey,00-0033280,RB,rec,4.068,1.0,2.0,4.0,5.0,7.0
2026_01_SF_LA,SF,LA,Christian McCaffrey,00-0033280,RB,rec_yds,32.483,4.536,13.365,27.381,45.91,67.554
2026_01_SF_LA,SF,LA,Christian McCaffrey,00-0033280,RB,anytime_td,0.534,0.0,0.0,1.0,1.0,1.0
2026_01_SF_LA,SF,LA,Kyle Juszczyk,00-0029892,RB,car,0.706,0.0,0.0,0.0,1.0,2.0
2026_01_SF_LA,SF,LA,Kyle Juszczyk,00-0029892,RB,rush_yds,2.962,0.0,0.0,0.0,1.637,9.782
2026_01_SF_LA,SF,LA,Kyle Juszczyk,00-0029892,RB,tgt,1.51,0.0,0.0,1.0,2.0,4.0
2026_01_SF_LA,SF,LA,Kyle Juszczyk,00-0029892,RB,rec,1.147,0.0,0.0,1.0,2.0,3.0
2026_01_SF_LA,SF,LA,Kyle Juszczyk,00-0029892,RB,rec_yds,9.306,0.0,0.0,3.603,13.619,27.551
2026_01_SF_LA,SF,LA,Kyle Juszczyk,00-0029892,RB,anytime_td,0.088,0.0,0.0,0.0,0.0,0.0
2026_01_SF_LA,SF,LA,George Kittle,00-0033288,TE,car,0.05,0.0,0.0,0.0,0.0,0.0
2026_01_SF_LA,SF,LA,George Kittle,00-0033288,TE,rush_yds,0.106,0.0,0.0,0.0,0.0,0.0
2026_01_SF_LA,SF,LA,George Kittle,00-0033288,TE,tgt,4.902,2.0,3.0,5.0,7.0,9.0
2026_01_SF_LA,SF,LA,George Kittle,00-0033288,TE,rec,3.506,1.0,2.0,3.0,5.0,6.0
2026_01_SF_LA,SF,LA,George Kittle,00-0033288,TE,rec_yds,38.56,6.595,17.157,33.101,53.866,77.841
2026_01_SF_LA,SF,LA,George Kittle,00-0033288,TE,anytime_td,0.21,0.0,0.0,0.0,0.0,1.0
2026_01_SF_LA,SF,LA,Kaelon Black,00-0041052,RB,car,3.042,0.0,1.0,2.0,4.0,7.0
2026_01_SF_LA,SF,LA,Kaelon Black,00-0041052,RB,rush_yds,12.645,0.0,0.0,7.01,18.008,33.394
2026_01_SF_LA,SF,LA,Kaelon Black,00-0041052,RB,tgt,0.644,0.0,0.0,0.0,1.0,2.0
2026_01_SF_LA,SF,LA,Kaelon Black,00-0041052,RB,rec,0.489,0.0,0.0,0.0,1.0,2.0
2026_01_SF_LA,SF,LA,Kaelon Black,00-0041052,RB,rec_yds,3.699,0.0,0.0,0.0,3.88,13.099
2026_01_SF_LA,SF,LA,Kaelon Black,00-0041052,RB,anytime_td,0.111,0.0,0.0,0.0,0.0,1.0
2026_01_SF_LA,SF,LA,Deebo Samuel Sr.,00-0035719,WR,car,1.01,0.0,0.0,0.0,1.0,3.0
2026_01_SF_LA,SF,LA,Deebo Samuel Sr.,00-0035719,WR,rush_yds,5.354,0.0,0.0,0.0,5.637,18.067
2026_01_SF_LA,SF,LA,Deebo Samuel Sr.,00-0035719,WR,tgt,5.017,2.0,3.0,5.0,7.0,9.0
2026_01_SF_LA,SF,LA,Deebo Samuel Sr.,00-0035719,WR,rec,3.118,1.0,2.0,3.0,4.0,6.0
2026_01_SF_LA,SF,LA,Deebo Samuel Sr.,00-0035719,WR,rec_yds,39.864,4.468,15.296,33.257,57.436,84.008
2026_01_SF_LA,SF,LA,Deebo Samuel Sr.,00-0035719,WR,anytime_td,0.221,0.0,0.0,0.0,0.0,1.0
2026_01_SF_LA,SF,LA,De'Zhaun Stribling,00-0041035,WR,car,0.087,0.0,0.0,0.0,0.0,0.0
2026_01_SF_LA,SF,LA,De'Zhaun Stribling,00-0041035,WR,rush_yds,0.477,0.0,0.0,0.0,0.0,0.0
2026_01_SF_LA,SF,LA,De'Zhaun Stribling,00-0041035,WR,tgt,1.261,0.0,0.0,1.0,2.0,3.0
2026_01_SF_LA,SF,LA,De'Zhaun Stribling,00-0041035,WR,rec,0.768,0.0,0.0,0.0,1.0,2.0
2026_01_SF_LA,SF,LA,De'Zhaun Stribling,00-0041035,WR,rec_yds,9.976,0.0,0.0,0.0,14.764,31.678
2026_01_SF_LA,SF,LA,De'Zhaun Stribling,00-0041035,WR,anytime_td,0.05,0.0,0.0,0.0,0.0,0.0
2026_01_SF_LA,SF,LA,Jake Tonges,00-0037112,TE,car,0.002,0.0,0.0,0.0,0.0,0.0
2026_01_SF_LA,SF,LA,Jake Tonges,00-0037112,TE,rush_yds,0.005,0.0,0.0,0.0,0.0,0.0
2026_01_SF_LA,SF,LA,Jake Tonges,00-0037112,TE,tgt,2.475,0.0,1.0,2.0,4.0,5.0
2026_01_SF_LA,SF,LA,Jake Tonges,00-0037112,TE,rec,1.719,0.0,1.0,1.0,3.0,4.0
2026_01_SF_LA,SF,LA,Jake Tonges,00-0037112,TE,rec_yds,18.145,0.0,1.792,12.791,27.175,44.695
2026_01_SF_LA,SF,LA,Jake Tonges,00-0037112,TE,anytime_td,0.104,0.0,0.0,0.0,0.0,1.0
2026_01_SF_LA,SF,LA,Jacob Cowing,00-0039365,WR,car,0.191,0.0,0.0,0.0,0.0,0.0
2026_01_SF_LA,SF,LA,Jacob Cowing,00-0039365,WR,rush_yds,1.072,0.0,0.0,0.0,0.0,0.0
2026_01_SF_LA,SF,LA,Jacob Cowing,00-0039365,WR,tgt,0.656,0.0,0.0,0.0,1.0,2.0
2026_01_SF_LA,SF,LA,Jacob Cowing,00-0039365,WR,rec,0.407,0.0,0.0,0.0,1.0,1.0
2026_01_SF_LA,SF,LA,Jacob Cowing,00-0039365,WR,rec_yds,5.226,0.0,0.0,0.0,4.97,18.91
2026_01_SF_LA,SF,LA,Jacob Cowing,00-0039365,WR,anytime_td,0.015,0.0,0.0,0.0,0.0,0.0
2026_01_SF_LA,SF,LA,KhaDarel Hodge,00-0034854,WR,car,0.027,0.0,0.0,0.0,0.0,0.0
2026_01_SF_LA,SF,LA,KhaDarel Hodge,00-0034854,WR,rush_yds,0.147,0.0,0.0,0.0,0.0,0.0
2026_01_SF_LA,SF,LA,KhaDarel Hodge,00-0034854,WR,tgt,1.043,0.0,0.0,1.0,2.0,3.0
2026_01_SF_LA,SF,LA,KhaDarel Hodge,00-0034854,WR,rec,0.616,0.0,0.0,0.0,1.0,2.0
2026_01_SF_LA,SF,LA,KhaDarel Hodge,00-0034854,WR,rec_yds,8.013,0.0,0.0,0.0,11.216,26.354
2026_01_SF_LA,SF,LA,KhaDarel Hodge,00-0034854,WR,anytime_td,0.029,0.0,0.0,0.0,0.0,0.0
2026_01_ARI_LAC,LAC,ARI,Justin Herbert,00-0036355,QB,att,29.876,20.0,25.0,30.0,36.0,40.0
2026_01_ARI_LAC,LAC,ARI,Justin Herbert,00-0036355,QB,cmp,20.057,13.0,17.0,20.0,24.0,28.0
2026_01_ARI_LAC,LAC,ARI,Justin Herbert,00-0036355,QB,pass_yds,235.245,133.137,183.832,234.91,289.919,341.036
2026_01_ARI_LAC,LAC,ARI,Justin Herbert,00-0036355,QB,pass_td,1.944,0.0,1.0,2.0,3.0,4.0
2026_01_ARI_LAC,LAC,ARI,Justin Herbert,00-0036355,QB,ints,0.585,0.0,0.0,0.0,1.0,2.0
2026_01_ARI_LAC,LAC,ARI,Justin Herbert,00-0036355,QB,car,5.358,2.0,3.0,5.0,7.0,9.0
2026_01_ARI_LAC,LAC,ARI,Justin Herbert,00-0036355,QB,rush_yds,26.729,2.179,10.505,22.824,38.549,55.768
2026_01_ARI_LAC,LAC,ARI,Justin Herbert,00-0036355,QB,tgt,0.001,0.0,0.0,0.0,0.0,0.0
2026_01_ARI_LAC,LAC,ARI,Justin Herbert,00-0036355,QB,rec,0.0,0.0,0.0,0.0,0.0,0.0
2026_01_ARI_LAC,LAC,ARI,Justin Herbert,00-0036355,QB,rec_yds,0.004,0.0,0.0,0.0,0.0,0.0
2026_01_ARI_LAC,LAC,ARI,Justin Herbert,00-0036355,QB,anytime_td,0.19,0.0,0.0,0.0,0.0,1.0
2026_01_ARI_LAC,LAC,ARI,Quentin Johnston,00-0038544,WR,car,0.058,0.0,0.0,0.0,0.0,0.0
2026_01_ARI_LAC,LAC,ARI,Quentin Johnston,00-0038544,WR,rush_yds,0.361,0.0,0.0,0.0,0.0,0.0
2026_01_ARI_LAC,LAC,ARI,Quentin Johnston,00-0038544,WR,tgt,5.484,2.0,3.0,5.0,7.0,9.0
2026_01_ARI_LAC,LAC,ARI,Quentin Johnston,00-0038544,WR,rec,3.503,1.0,2.0,3.0,5.0,6.0
2026_01_ARI_LAC,LAC,ARI,Quentin Johnston,00-0038544,WR,rec_yds,49.912,7.814,21.326,42.748,70.156,101.399
2026_01_ARI_LAC,LAC,ARI,Quentin Johnston,00-0038544,WR,anytime_td,0.342,0.0,0.0,0.0,1.0,1.0
2026_01_ARI_LAC,LAC,ARI,Tre Harris,00-0040727,WR,car,0.167,0.0,0.0,0.0,0.0,0.0
2026_01_ARI_LAC,LAC,ARI,Tre Harris,00-0040727,WR,rush_yds,0.998,0.0,0.0,0.0,0.0,0.0
2026_01_ARI_LAC,LAC,ARI,Tre Harris,00-0040727,WR,tgt,3.021,1.0,1.0,3.0,4.0,6.0
2026_01_ARI_LAC,LAC,ARI,Tre Harris,00-0040727,WR,rec,1.956,0.0,1.0,2.0,3.0,4.0
2026_01_ARI_LAC,LAC,ARI,Tre Harris,00-0040727,WR,rec_yds,26.76,0.0,5.691,19.338,39.682,64.124
2026_01_ARI_LAC,LAC,ARI,Tre Harris,00-0040727,WR,anytime_td,0.12,0.0,0.0,0.0,0.0,1.0
2026_01_ARI_LAC,LAC,ARI,Omarion Hampton,00-0040666,RB,car,9.547,3.0,6.0,9.0,13.0,17.0
2026_01_ARI_LAC,LAC,ARI,Omarion Hampton,00-0040666,RB,rush_yds,43.6,9.629,20.186,36.881,59.949,86.349
2026_01_ARI_LAC,LAC,ARI,Omarion Hampton,00-0040666,RB,tgt,3.065,1.0,1.0,3.0,4.0,6.0
2026_01_ARI_LAC,LAC,ARI,Omarion Hampton,00-0040666,RB,rec,2.51,0.0,1.0,2.0,4.0,5.0
2026_01_ARI_LAC,LAC,ARI,Omarion Hampton,00-0040666,RB,rec_yds,19.239,0.0,4.881,14.191,28.241,45.238
2026_01_ARI_LAC,LAC,ARI,Omarion Hampton,00-0040666,RB,anytime_td,0.47,0.0,0.0,0.0,1.0,1.0
2026_01_ARI_LAC,LAC,ARI,Charlie Kolar,00-0038046,TE,car,0.004,0.0,0.0,0.0,0.0,0.0
2026_01_ARI_LAC,LAC,ARI,Charlie Kolar,00-0038046,TE,rush_yds,0.006,0.0,0.0,0.0,0.0,0.0
2026_01_ARI_LAC,LAC,ARI,Charlie Kolar,00-0038046,TE,tgt,1.096,0.0,0.0,1.0,2.0,3.0
2026_01_ARI_LAC,LAC,ARI,Charlie Kolar,00-0038046,TE,rec,0.801,0.0,0.0,0.0,1.0,2.0
2026_01_ARI_LAC,LAC,ARI,Charlie Kolar,00-0038046,TE,rec_yds,9.194,0.0,0.0,0.0,13.565,28.229
2026_01_ARI_LAC,LAC,ARI,Charlie Kolar,00-0038046,TE,anytime_td,0.075,0.0,0.0,0.0,0.0,0.0
2026_01_ARI_LAC,LAC,ARI,David Njoku,00-0033885,TE,car,0.003,0.0,0.0,0.0,0.0,0.0
2026_01_ARI_LAC,LAC,ARI,David Njoku,00-0033885,TE,rush_yds,0.006,0.0,0.0,0.0,0.0,0.0
2026_01_ARI_LAC,LAC,ARI,David Njoku,00-0033885,TE,tgt,3.098,1.0,1.0,3.0,4.0,6.0
2026_01_ARI_LAC,LAC,ARI,David Njoku,00-0033885,TE,rec,2.25,0.0,1.0,2.0,3.0,5.0
2026_01_ARI_LAC,LAC,ARI,David Njoku,00-0033885,TE,rec_yds,24.522,0.0,6.821,18.922,36.246,56.213
2026_01_ARI_LAC,LAC,ARI,David Njoku,00-0033885,TE,anytime_td,0.272,0.0,0.0,0.0,1.0,1.0
2026_01_ARI_LAC,LAC,ARI,Ladd McConkey,00-0039915,WR,car,0.015,0.0,0.0,0.0,0.0,0.0
2026_01_ARI_LAC,LAC,ARI,Ladd McConkey,00-0039915,WR,rush_yds,0.099,0.0,0.0,0.0,0.0,0.0
2026_01_ARI_LAC,LAC,ARI,Ladd McConkey,00-0039915,WR,tgt,5.322,2.0,3.0,5.0,7.0,9.0
2026_01_ARI_LAC,LAC,ARI,Ladd McConkey,00-0039915,WR,rec,3.421,1.0,2.0,3.0,5.0,6.0
2026_01_ARI_LAC,LAC,ARI,Ladd McConkey,00-0039915,WR,rec_yds,47.102,6.832,19.673,39.949,66.734,96.272
2026_01_ARI_LAC,LAC,ARI,Ladd McConkey,00-0039915,WR,anytime_td,0.325,0.0,0.0,0.0,1.0,1.0
2026_01_ARI_LAC,LAC,ARI,Alec Ingold,00-0035125,RB,car,0.558,0.0,0.0,0.0,0.0,2.0
2026_01_ARI_LAC,LAC,ARI,Alec Ingold,00-0035125,RB,rush_yds,2.63,0.0,0.0,0.0,0.0,8.346
2026_01_ARI_LAC,LAC,ARI,Alec Ingold,00-0035125,RB,tgt,0.825,0.0,0.0,0.0,1.0,2.0
2026_01_ARI_LAC,LAC,ARI,Alec Ingold,00-0035125,RB,rec,0.656,0.0,0.0,0.0,1.0,2.0
2026_01_ARI_LAC,LAC,ARI,Alec Ingold,00-0035125,RB,rec_yds,5.147,0.0,0.0,0.0,7.0,17.27
2026_01_ARI_LAC,LAC,ARI,Alec Ingold,00-0035125,RB,anytime_td,0.038,0.0,0.0,0.0,0.0,0.0
2026_01_ARI_LAC,LAC,ARI,Keaton Mitchell,00-0038454,RB,car,3.488,0.0,1.0,3.0,5.0,8.0
2026_01_ARI_LAC,LAC,ARI,Keaton Mitchell,00-0038454,RB,rush_yds,16.509,0.0,1.254,9.85,23.317,42.596
2026_01_ARI_LAC,LAC,ARI,Keaton Mitchell,00-0038454,RB,tgt,1.179,0.0,0.0,1.0,2.0,3.0
2026_01_ARI_LAC,LAC,ARI,Keaton Mitchell,00-0038454,RB,rec,0.94,0.0,0.0,1.0,1.0,2.0
2026_01_ARI_LAC,LAC,ARI,Keaton Mitchell,00-0038454,RB,rec_yds,7.591,0.0,0.0,0.0,11.069,23.467
2026_01_ARI_LAC,LAC,ARI,Keaton Mitchell,00-0038454,RB,anytime_td,0.136,0.0,0.0,0.0,0.0,1.0
2026_01_ARI_LAC,LAC,ARI,Derius Davis,00-0038573,WR,car,0.141,0.0,0.0,0.0,0.0,0.0
2026_01_ARI_LAC,LAC,ARI,Derius Davis,00-0038573,WR,rush_yds,0.826,0.0,0.0,0.0,0.0,0.0
2026_01_ARI_LAC,LAC,ARI,Derius Davis,00-0038573,WR,tgt,0.657,0.0,0.0,0.0,1.0,2.0
2026_01_ARI_LAC,LAC,ARI,Derius Davis,00-0038573,WR,rec,0.423,0.0,0.0,0.0,1.0,1.0
2026_01_ARI_LAC,LAC,ARI,Derius Davis,00-0038573,WR,rec_yds,5.846,0.0,0.0,0.0,5.974,20.985
2026_01_ARI_LAC,LAC,ARI,Derius Davis,00-0038573,WR,anytime_td,0.029,0.0,0.0,0.0,0.0,0.0
2026_01_ARI_LAC,LAC,ARI,Oronde Gadsden II,00-0040189,TE,car,0.002,0.0,0.0,0.0,0.0,0.0
2026_01_ARI_LAC,LAC,ARI,Oronde Gadsden II,00-0040189,TE,rush_yds,0.004,0.0,0.0,0.0,0.0,0.0
2026_01_ARI_LAC,LAC,ARI,Oronde Gadsden II,00-0040189,TE,tgt,3.796,1.0,2.0,3.0,5.0,7.0
2026_01_ARI_LAC,LAC,ARI,Oronde Gadsden II,00-0040189,TE,rec,2.767,0.0,1.0,2.0,4.0,5.0
2026_01_ARI_LAC,LAC,ARI,Oronde Gadsden II,00-0040189,TE,rec_yds,32.707,0.0,11.37,26.582,47.54,71.397
2026_01_ARI_LAC,LAC,ARI,Oronde Gadsden II,00-0040189,TE,anytime_td,0.232,0.0,0.0,0.0,0.0,1.0
2026_01_ARI_LAC,LAC,ARI,Brenen Thompson,00-0041550,WR,car,0.075,0.0,0.0,0.0,0.0,0.0
2026_01_ARI_LAC,LAC,ARI,Brenen Thompson,00-0041550,WR,rush_yds,0.449,0.0,0.0,0.0,0.0,0.0
2026_01_ARI_LAC,LAC,ARI,Brenen Thompson,00-0041550,WR,tgt,1.448,0.0,0.0,1.0,2.0,3.0
2026_01_ARI_LAC,LAC,ARI,Brenen Thompson,00-0041550,WR,rec,0.932,0.0,0.0,1.0,1.0,2.0
2026_01_ARI_LAC,LAC,ARI,Brenen Thompson,00-0041550,WR,rec_yds,12.665,0.0,0.0,4.455,19.05,37.846
2026_01_ARI_LAC,LAC,ARI,Brenen Thompson,00-0041550,WR,anytime_td,0.078,0.0,0.0,0.0,0.0,0.0
2026_01_ARI_LAC,LAC,ARI,Kimani Vidal,00-0039391,RB,car,8.753,3.0,5.0,8.0,12.0,16.0
2026_01_ARI_LAC,LAC,ARI,Kimani Vidal,00-0039391,RB,rush_yds,38.893,7.691,16.874,32.234,53.861,79.889
2026_01_ARI_LAC,LAC,ARI,Kimani Vidal,00-0039391,RB,tgt,1.619,0.0,0.0,1.0,2.0,4.0
2026_01_ARI_LAC,LAC,ARI,Kimani Vidal,00-0039391,RB,rec,1.283,0.0,0.0,1.0,2.0,3.0
2026_01_ARI_LAC,LAC,ARI,Kimani Vidal,00-0039391,RB,rec_yds,10.72,0.0,0.0,5.386,15.909,30.377
2026_01_ARI_LAC,LAC,ARI,Kimani Vidal,00-0039391,RB,anytime_td,0.332,0.0,0.0,0.0,1.0,1.0
2026_01_ARI_LAC,ARI,LAC,Jacoby Brissett,00-0033119,QB,att,33.032,22.0,28.0,34.0,39.0,44.0
2026_01_ARI_LAC,ARI,LAC,Jacoby Brissett,00-0033119,QB,cmp,20.528,13.0,17.0,21.0,25.0,28.0
2026_01_ARI_LAC,ARI,LAC,Jacoby Brissett,00-0033119,QB,pass_yds,218.417,125.92,171.456,217.412,267.367,318.096
2026_01_ARI_LAC,ARI,LAC,Jacoby Brissett,00-0033119,QB,pass_td,1.35,0.0,1.0,1.0,2.0,3.0
2026_01_ARI_LAC,ARI,LAC,Jacoby Brissett,00-0033119,QB,ints,0.891,0.0,0.0,1.0,1.0,2.0
2026_01_ARI_LAC,ARI,LAC,Jacoby Brissett,00-0033119,QB,car,3.156,0.0,1.0,3.0,4.0,6.0
2026_01_ARI_LAC,ARI,LAC,Jacoby Brissett,00-0033119,QB,rush_yds,15.134,0.0,2.956,10.88,22.749,36.597
2026_01_ARI_LAC,ARI,LAC,Jacoby Brissett,00-0033119,QB,tgt,0.001,0.0,0.0,0.0,0.0,0.0
2026_01_ARI_LAC,ARI,LAC,Jacoby Brissett,00-0033119,QB,rec,0.001,0.0,0.0,0.0,0.0,0.0
2026_01_ARI_LAC,ARI,LAC,Jacoby Brissett,00-0033119,QB,rec_yds,0.003,0.0,0.0,0.0,0.0,0.0
2026_01_ARI_LAC,ARI,LAC,Jacoby Brissett,00-0033119,QB,anytime_td,0.067,0.0,0.0,0.0,0.0,0.0
2026_01_ARI_LAC,ARI,LAC,Michael Wilson,00-0038559,WR,car,0.025,0.0,0.0,0.0,0.0,0.0
2026_01_ARI_LAC,ARI,LAC,Michael Wilson,00-0038559,WR,rush_yds,0.144,0.0,0.0,0.0,0.0,0.0
2026_01_ARI_LAC,ARI,LAC,Michael Wilson,00-0038559,WR,tgt,7.377,3.0,5.0,7.0,9.0,12.0
2026_01_ARI_LAC,ARI,LAC,Michael Wilson,00-0038559,WR,rec,4.394,1.0,3.0,4.0,6.0,8.0
2026_01_ARI_LAC,ARI,LAC,Michael Wilson,00-0038559,WR,rec_yds,56.059,12.501,27.551,49.811,77.795,107.828
2026_01_ARI_LAC,ARI,LAC,Michael Wilson,00-0038559,WR,anytime_td,0.303,0.0,0.0,0.0,1.0,1.0
2026_01_ARI_LAC,ARI,LAC,Trey McBride,00-0037744,TE,car,0.005,0.0,0.0,0.0,0.0,0.0
2026_01_ARI_LAC,ARI,LAC,Trey McBride,00-0037744,TE,rush_yds,0.012,0.0,0.0,0.0,0.0,0.0
2026_01_ARI_LAC,ARI,LAC,Trey McBride,00-0037744,TE,tgt,8.621,4.0,6.0,8.0,11.0,13.0
2026_01_ARI_LAC,ARI,LAC,Trey McBride,00-0037744,TE,rec,6.059,3.0,4.0,6.0,8.0,10.0
2026_01_ARI_LAC,ARI,LAC,Trey McBride,00-0037744,TE,rec_yds,58.61,19.448,33.842,53.637,78.401,103.603
2026_01_ARI_LAC,ARI,LAC,Trey McBride,00-0037744,TE,anytime_td,0.339,0.0,0.0,0.0,1.0,1.0
2026_01_ARI_LAC,ARI,LAC,Marvin Harrison Jr.,00-0039849,WR,car,0.022,0.0,0.0,0.0,0.0,0.0
2026_01_ARI_LAC,ARI,LAC,Marvin Harrison Jr.,00-0039849,WR,rush_yds,0.127,0.0,0.0,0.0,0.0,0.0
2026_01_ARI_LAC,ARI,LAC,Marvin Harrison Jr.,00-0039849,WR,tgt,5.435,2.0,3.0,5.0,7.0,9.0
2026_01_ARI_LAC,ARI,LAC,Marvin Harrison Jr.,00-0039849,WR,rec,3.124,1.0,2.0,3.0,4.0,6.0
2026_01_ARI_LAC,ARI,LAC,Marvin Harrison Jr.,00-0039849,WR,rec_yds,39.108,4.482,15.556,32.699,55.923,82.144
2026_01_ARI_LAC,ARI,LAC,Marvin Harrison Jr.,00-0039849,WR,anytime_td,0.219,0.0,0.0,0.0,0.0,1.0
2026_01_ARI_LAC,ARI,LAC,Kendrick Bourne,00-0033307,WR,car,0.022,0.0,0.0,0.0,0.0,0.0
2026_01_ARI_LAC,ARI,LAC,Kendrick Bourne,00-0033307,WR,rush_yds,0.146,0.0,0.0,0.0,0.0,0.0
2026_01_ARI_LAC,ARI,LAC,Kendrick Bourne,00-0033307,WR,tgt,2.297,0.0,1.0,2.0,3.0,5.0
2026_01_ARI_LAC,ARI,LAC,Kendrick Bourne,00-0033307,WR,rec,1.372,0.0,0.0,1.0,2.0,3.0
2026_01_ARI_LAC,ARI,LAC,Kendrick Bourne,00-0033307,WR,rec_yds,16.933,0.0,0.0,10.065,25.359,45.141
2026_01_ARI_LAC,ARI,LAC,Kendrick Bourne,00-0033307,WR,anytime_td,0.048,0.0,0.0,0.0,0.0,0.0
2026_01_ARI_LAC,ARI,LAC,Tyler Allgeier,00-0037263,RB,car,7.067,2.0,4.0,6.0,10.0,13.0
2026_01_ARI_LAC,ARI,LAC,Tyler Allgeier,00-0037263,RB,rush_yds,28.084,4.146,10.995,22.445,38.996,58.862
2026_01_ARI_LAC,ARI,LAC,Tyler Allgeier,00-0037263,RB,tgt,1.12,0.0,0.0,1.0,2.0,3.0
2026_01_ARI_LAC,ARI,LAC,Tyler Allgeier,00-0037263,RB,rec,0.848,0.0,0.0,1.0,1.0,2.0
2026_01_ARI_LAC,ARI,LAC,Tyler Allgeier,00-0037263,RB,rec_yds,5.977,0.0,0.0,0.0,8.584,18.471
2026_01_ARI_LAC,ARI,LAC,Tyler Allgeier,00-0037263,RB,anytime_td,0.185,0.0,0.0,0.0,0.0,1.0
2026_01_ARI_LAC,ARI,LAC,Jeremiyah Love,00-0041027,RB,car,2.768,0.0,1.0,2.0,4.0,7.0
2026_01_ARI_LAC,ARI,LAC,Jeremiyah Love,00-0041027,RB,rush_yds,11.183,0.0,0.0,5.955,15.965,29.89
2026_01_ARI_LAC,ARI,LAC,Jeremiyah Love,00-0041027,RB,tgt,0.788,0.0,0.0,0.0,1.0,2.0
2026_01_ARI_LAC,ARI,LAC,Jeremiyah Love,00-0041027,RB,rec,0.587,0.0,0.0,0.0,1.0,2.0
2026_01_ARI_LAC,ARI,LAC,Jeremiyah Love,00-0041027,RB,rec_yds,4.254,0.0,0.0,0.0,5.454,14.511
2026_01_ARI_LAC,ARI,LAC,Jeremiyah Love,00-0041027,RB,anytime_td,0.092,0.0,0.0,0.0,0.0,0.0
2026_01_ARI_LAC,ARI,LAC,Hunter Long,00-0037004,TE,car,0.002,0.0,0.0,0.0,0.0,0.0
2026_01_ARI_LAC,ARI,LAC,Hunter Long,00-0037004,TE,rush_yds,0.006,0.0,0.0,0.0,0.0,0.0
2026_01_ARI_LAC,ARI,LAC,Hunter Long,00-0037004,TE,tgt,1.672,0.0,0.0,1.0,3.0,4.0
2026_01_ARI_LAC,ARI,LAC,Hunter Long,00-0037004,TE,rec,1.133,0.0,0.0,1.0,2.0,3.0
2026_01_ARI_LAC,ARI,LAC,Hunter Long,00-0037004,TE,rec_yds,11.092,0.0,0.0,5.803,17.025,31.404
2026_01_ARI_LAC,ARI,LAC,Hunter Long,00-0037004,TE,anytime_td,0.099,0.0,0.0,0.0,0.0,0.0
2026_01_ARI_LAC,ARI,LAC,Elijah Higgins,00-0039041,TE,car,0.003,0.0,0.0,0.0,0.0,0.0
2026_01_ARI_LAC,ARI,LAC,Elijah Higgins,00-0039041,TE,rush_yds,0.004,0.0,0.0,0.0,0.0,0.0
2026_01_ARI_LAC,ARI,LAC,Elijah Higgins,00-0039041,TE,tgt,2.214,0.0,1.0,2.0,3.0,5.0
2026_01_ARI_LAC,ARI,LAC,Elijah Higgins,00-0039041,TE,rec,1.538,0.0,0.0,1.0,2.0,4.0
2026_01_ARI_LAC,ARI,LAC,Elijah Higgins,00-0039041,TE,rec_yds,15.274,0.0,0.0,9.915,23.262,38.799
2026_01_ARI_LAC,ARI,LAC,Elijah Higgins,00-0039041,TE,anytime_td,0.053,0.0,0.0,0.0,0.0,0.0
2026_01_ARI_LAC,ARI,LAC,Simi Fehoko,00-0036646,WR,car,0.022,0.0,0.0,0.0,0.0,0.0
2026_01_ARI_LAC,ARI,LAC,Simi Fehoko,00-0036646,WR,rush_yds,0.115,0.0,0.0,0.0,0.0,0.0
2026_01_ARI_LAC,ARI,LAC,Simi Fehoko,00-0036646,WR,tgt,0.605,0.0,0.0,0.0,1.0,2.0
2026_01_ARI_LAC,ARI,LAC,Simi Fehoko,00-0036646,WR,rec,0.367,0.0,0.0,0.0,1.0,1.0
2026_01_ARI_LAC,ARI,LAC,Simi Fehoko,00-0036646,WR,rec_yds,4.35,0.0,0.0,0.0,2.734,15.889
2026_01_ARI_LAC,ARI,LAC,Simi Fehoko,00-0036646,WR,anytime_td,0.012,0.0,0.0,0.0,0.0,0.0
2026_01_ARI_LAC,ARI,LAC,Jalen Brooks,00-0038640,WR,car,0.029,0.0,0.0,0.0,0.0,0.0
2026_01_ARI_LAC,ARI,LAC,Jalen Brooks,00-0038640,WR,rush_yds,0.135,0.0,0.0,0.0,0.0,0.0
2026_01_ARI_LAC,ARI,LAC,Jalen Brooks,00-0038640,WR,tgt,1.202,0.0,0.0,1.0,2.0,3.0
2026_01_ARI_LAC,ARI,LAC,Jalen Brooks,00-0038640,WR,rec,0.709,0.0,0.0,0.0,1.0,2.0
2026_01_ARI_LAC,ARI,LAC,Jalen Brooks,00-0038640,WR,rec_yds,8.726,0.0,0.0,0.0,12.468,27.462
2026_01_ARI_LAC,ARI,LAC,Jalen Brooks,00-0038640,WR,anytime_td,0.027,0.0,0.0,0.0,0.0,0.0
2026_01_ARI_LAC,ARI,LAC,Bam Knight,00-0037157,RB,car,8.75,3.0,5.0,8.0,12.0,15.0
2026_01_ARI_LAC,ARI,LAC,Bam Knight,00-0037157,RB,rush_yds,33.876,7.103,15.052,28.242,46.69,67.602
2026_01_ARI_LAC,ARI,LAC,Bam Knight,00-0037157,RB,tgt,2.44,0.0,1.0,2.0,3.0,5.0
2026_01_ARI_LAC,ARI,LAC,Bam Knight,00-0037157,RB,rec,1.778,0.0,1.0,1.0,3.0,4.0
2026_01_ARI_LAC,ARI,LAC,Bam Knight,00-0037157,RB,rec_yds,12.685,0.0,0.0,7.873,18.572,33.331
2026_01_ARI_LAC,ARI,LAC,Bam Knight,00-0037157,RB,anytime_td,0.269,0.0,0.0,0.0,1.0,1.0
2026_01_ATL_PIT,PIT,ATL,Aaron Rodgers,00-0023459,QB,att,30.649,20.0,26.0,31.0,36.0,41.0
2026_01_ATL_PIT,PIT,ATL,Aaron Rodgers,00-0023459,QB,cmp,19.698,12.0,16.0,20.0,24.0,27.0
2026_01_ATL_PIT,PIT,ATL,Aaron Rodgers,00-0023459,QB,pass_yds,218.193,124.009,168.86,216.367,268.129,319.526
2026_01_ATL_PIT,PIT,ATL,Aaron Rodgers,00-0023459,QB,pass_td,1.482,0.0,1.0,1.0,2.0,3.0
2026_01_ATL_PIT,PIT,ATL,Aaron Rodgers,00-0023459,QB,ints,0.638,0.0,0.0,0.0,1.0,2.0
2026_01_ATL_PIT,PIT,ATL,Aaron Rodgers,00-0023459,QB,car,2.202,0.0,1.0,2.0,3.0,4.0
2026_01_ATL_PIT,PIT,ATL,Aaron Rodgers,00-0023459,QB,rush_yds,7.81,-2.0,0.0,3.897,11.929,23.853
2026_01_ATL_PIT,PIT,ATL,Aaron Rodgers,00-0023459,QB,tgt,0.0,0.0,0.0,0.0,0.0,0.0
2026_01_ATL_PIT,PIT,ATL,Aaron Rodgers,00-0023459,QB,rec,0.0,0.0,0.0,0.0,0.0,0.0
2026_01_ATL_PIT,PIT,ATL,Aaron Rodgers,00-0023459,QB,rec_yds,0.0,0.0,0.0,0.0,0.0,0.0
2026_01_ATL_PIT,PIT,ATL,Aaron Rodgers,00-0023459,QB,anytime_td,0.057,0.0,0.0,0.0,0.0,0.0
2026_01_ATL_PIT,PIT,ATL,DK Metcalf,00-0035640,WR,car,0.122,0.0,0.0,0.0,0.0,0.0
2026_01_ATL_PIT,PIT,ATL,DK Metcalf,00-0035640,WR,rush_yds,0.684,0.0,0.0,0.0,0.0,0.0
2026_01_ATL_PIT,PIT,ATL,DK Metcalf,00-0035640,WR,tgt,7.098,3.0,5.0,7.0,9.0,12.0
2026_01_ATL_PIT,PIT,ATL,DK Metcalf,00-0035640,WR,rec,4.261,1.0,3.0,4.0,6.0,7.0
2026_01_ATL_PIT,PIT,ATL,DK Metcalf,00-0035640,WR,rec_yds,58.088,13.619,27.944,50.983,80.04,111.938
2026_01_ATL_PIT,PIT,ATL,DK Metcalf,00-0035640,WR,anytime_td,0.265,0.0,0.0,0.0,1.0,1.0
2026_01_ATL_PIT,PIT,ATL,Michael Pittman,00-0036252,WR,car,0.012,0.0,0.0,0.0,0.0,0.0
2026_01_ATL_PIT,PIT,ATL,Michael Pittman,00-0036252,WR,rush_yds,0.073,0.0,0.0,0.0,0.0,0.0
2026_01_ATL_PIT,PIT,ATL,Michael Pittman,00-0036252,WR,tgt,6.108,2.0,4.0,6.0,8.0,10.0
2026_01_ATL_PIT,PIT,ATL,Michael Pittman,00-0036252,WR,rec,3.866,1.0,2.0,4.0,5.0,7.0
2026_01_ATL_PIT,PIT,ATL,Michael Pittman,00-0036252,WR,rec_yds,48.02,8.81,21.878,41.238,67.175,95.985
2026_01_ATL_PIT,PIT,ATL,Michael Pittman,00-0036252,WR,anytime_td,0.217,0.0,0.0,0.0,0.0,1.0
2026_01_ATL_PIT,PIT,ATL,Pat Freiermuth,00-0036894,TE,car,0.002,0.0,0.0,0.0,0.0,0.0
2026_01_ATL_PIT,PIT,ATL,Pat Freiermuth,00-0036894,TE,rush_yds,0.003,0.0,0.0,0.0,0.0,0.0
2026_01_ATL_PIT,PIT,ATL,Pat Freiermuth,00-0036894,TE,tgt,3.625,1.0,2.0,3.0,5.0,7.0
2026_01_ATL_PIT,PIT,ATL,Pat Freiermuth,00-0036894,TE,rec,2.517,0.0,1.0,2.0,4.0,5.0
2026_01_ATL_PIT,PIT,ATL,Pat Freiermuth,00-0036894,TE,rec_yds,27.801,0.0,8.755,22.459,40.628,61.208
2026_01_ATL_PIT,PIT,ATL,Pat Freiermuth,00-0036894,TE,anytime_td,0.164,0.0,0.0,0.0,0.0,1.0
2026_01_ATL_PIT,PIT,ATL,Darnell Washington,00-0038558,TE,car,0.002,0.0,0.0,0.0,0.0,0.0
2026_01_ATL_PIT,PIT,ATL,Darnell Washington,00-0038558,TE,rush_yds,0.008,0.0,0.0,0.0,0.0,0.0
2026_01_ATL_PIT,PIT,ATL,Darnell Washington,00-0038558,TE,tgt,3.067,1.0,1.0,3.0,4.0,6.0
2026_01_ATL_PIT,PIT,ATL,Darnell Washington,00-0038558,TE,rec,2.162,0.0,1.0,2.0,3.0,5.0
2026_01_ATL_PIT,PIT,ATL,Darnell Washington,00-0038558,TE,rec_yds,23.518,0.0,6.173,17.749,34.92,54.108
2026_01_ATL_PIT,PIT,ATL,Darnell Washington,00-0038558,TE,anytime_td,0.096,0.0,0.0,0.0,0.0,0.0
2026_01_ATL_PIT,PIT,ATL,Rico Dowdle,00-0036139,RB,car,9.659,3.0,6.0,9.0,13.0,17.0
2026_01_ATL_PIT,PIT,ATL,Rico Dowdle,00-0036139,RB,rush_yds,40.747,8.864,18.664,34.467,55.621,80.613
2026_01_ATL_PIT,PIT,ATL,Rico Dowdle,00-0036139,RB,tgt,3.249,1.0,2.0,3.0,5.0,6.0
2026_01_ATL_PIT,PIT,ATL,Rico Dowdle,00-0036139,RB,rec,2.477,0.0,1.0,2.0,4.0,5.0
2026_01_ATL_PIT,PIT,ATL,Rico Dowdle,00-0036139,RB,rec_yds,18.594,0.0,4.554,13.644,27.491,43.986
2026_01_ATL_PIT,PIT,ATL,Rico Dowdle,00-0036139,RB,anytime_td,0.347,0.0,0.0,0.0,1.0,1.0
2026_01_ATL_PIT,PIT,ATL,Roman Wilson,00-0039739,WR,car,0.012,0.0,0.0,0.0,0.0,0.0
2026_01_ATL_PIT,PIT,ATL,Roman Wilson,00-0039739,WR,rush_yds,0.068,0.0,0.0,0.0,0.0,0.0
2026_01_ATL_PIT,PIT,ATL,Roman Wilson,00-0039739,WR,tgt,2.031,0.0,1.0,2.0,3.0,4.0
2026_01_ATL_PIT,PIT,ATL,Roman Wilson,00-0039739,WR,rec,1.225,0.0,0.0,1.0,2.0,3.0
2026_01_ATL_PIT,PIT,ATL,Roman Wilson,00-0039739,WR,rec_yds,16.127,0.0,0.0,8.611,24.58,44.636
2026_01_ATL_PIT,PIT,ATL,Roman Wilson,00-0039739,WR,anytime_td,0.113,0.0,0.0,0.0,0.0,1.0
2026_01_ATL_PIT,PIT,ATL,Jaylen Warren,00-0037228,RB,car,10.284,4.0,6.0,10.0,14.0,17.0
2026_01_ATL_PIT,PIT,ATL,Jaylen Warren,00-0037228,RB,rush_yds,45.927,10.793,21.955,39.409,62.457,90.067
2026_01_ATL_PIT,PIT,ATL,Jaylen Warren,00-0037228,RB,tgt,2.465,0.0,1.0,2.0,4.0,5.0
2026_01_ATL_PIT,PIT,ATL,Jaylen Warren,00-0037228,RB,rec,1.934,0.0,1.0,2.0,3.0,4.0
2026_01_ATL_PIT,PIT,ATL,Jaylen Warren,00-0037228,RB,rec_yds,14.529,0.0,0.0,9.605,21.38,37.377
2026_01_ATL_PIT,PIT,ATL,Jaylen Warren,00-0037228,RB,anytime_td,0.383,0.0,0.0,0.0,1.0,1.0
2026_01_ATL_PIT,PIT,ATL,Riley Nowakowski,00-0041398,RB,car,2.251,0.0,0.0,1.0,3.0,6.0
2026_01_ATL_PIT,PIT,ATL,Riley Nowakowski,00-0041398,RB,rush_yds,9.787,0.0,0.0,3.949,13.499,28.241
2026_01_ATL_PIT,PIT,ATL,Riley Nowakowski,00-0041398,RB,tgt,0.837,0.0,0.0,0.0,1.0,2.0
2026_01_ATL_PIT,PIT,ATL,Riley Nowakowski,00-0041398,RB,rec,0.642,0.0,0.0,0.0,1.0,2.0
2026_01_ATL_PIT,PIT,ATL,Riley Nowakowski,00-0041398,RB,rec_yds,4.88,0.0,0.0,0.0,6.602,16.5
2026_01_ATL_PIT,PIT,ATL,Riley Nowakowski,00-0041398,RB,anytime_td,0.128,0.0,0.0,0.0,0.0,1.0
2026_01_ATL_PIT,PIT,ATL,Eli Heidenreich,00-0041490,RB,car,2.249,0.0,0.0,1.0,3.0,6.0
2026_01_ATL_PIT,PIT,ATL,Eli Heidenreich,00-0041490,RB,rush_yds,9.683,0.0,0.0,3.983,13.264,28.105
2026_01_ATL_PIT,PIT,ATL,Eli Heidenreich,00-0041490,RB,tgt,0.814,0.0,0.0,0.0,1.0,2.0
2026_01_ATL_PIT,PIT,ATL,Eli Heidenreich,00-0041490,RB,rec,0.621,0.0,0.0,0.0,1.0,2.0
2026_01_ATL_PIT,PIT,ATL,Eli Heidenreich,00-0041490,RB,rec_yds,4.621,0.0,0.0,0.0,6.025,15.434
2026_01_ATL_PIT,PIT,ATL,Eli Heidenreich,00-0041490,RB,anytime_td,0.121,0.0,0.0,0.0,0.0,1.0
2026_01_ATL_PIT,PIT,ATL,Germie Bernard,00-0041489,WR,car,0.075,0.0,0.0,0.0,0.0,0.0
2026_01_ATL_PIT,PIT,ATL,Germie Bernard,00-0041489,WR,rush_yds,0.442,0.0,0.0,0.0,0.0,0.0
2026_01_ATL_PIT,PIT,ATL,Germie Bernard,00-0041489,WR,tgt,1.65,0.0,0.0,1.0,2.0,4.0
2026_01_ATL_PIT,PIT,ATL,Germie Bernard,00-0041489,WR,rec,1.031,0.0,0.0,1.0,2.0,3.0
2026_01_ATL_PIT,PIT,ATL,Germie Bernard,00-0041489,WR,rec_yds,13.429,0.0,0.0,6.17,20.319,38.771
2026_01_ATL_PIT,PIT,ATL,Germie Bernard,00-0041489,WR,anytime_td,0.064,0.0,0.0,0.0,0.0,0.0
2026_01_ATL_PIT,ATL,PIT,Cooper Rush,00-0033662,QB,att,29.267,19.0,25.0,30.0,35.0,40.0
2026_01_ATL_PIT,ATL,PIT,Cooper Rush,00-0033662,QB,cmp,17.948,11.0,15.0,18.0,22.0,25.0
2026_01_ATL_PIT,ATL,PIT,Cooper Rush,00-0033662,QB,pass_yds,186.933,102.997,142.295,185.54,231.827,276.799
2026_01_ATL_PIT,ATL,PIT,Cooper Rush,00-0033662,QB,pass_td,0.95,0.0,0.0,1.0,2.0,2.0
2026_01_ATL_PIT,ATL,PIT,Cooper Rush,00-0033662,QB,ints,0.786,0.0,0.0,1.0,1.0,2.0
2026_01_ATL_PIT,ATL,PIT,Cooper Rush,00-0033662,QB,car,2.444,0.0,1.0,2.0,3.0,5.0
2026_01_ATL_PIT,ATL,PIT,Cooper Rush,00-0033662,QB,rush_yds,10.845,-1.0,0.0,6.96,16.91,28.855
2026_01_ATL_PIT,ATL,PIT,Cooper Rush,00-0033662,QB,tgt,0.0,0.0,0.0,0.0,0.0,0.0
2026_01_ATL_PIT,ATL,PIT,Cooper Rush,00-0033662,QB,rec,0.0,0.0,0.0,0.0,0.0,0.0
2026_01_ATL_PIT,ATL,PIT,Cooper Rush,00-0033662,QB,rec_yds,0.0,0.0,0.0,0.0,0.0,0.0
2026_01_ATL_PIT,ATL,PIT,Cooper Rush,00-0033662,QB,anytime_td,0.029,0.0,0.0,0.0,0.0,0.0
2026_01_ATL_PIT,ATL,PIT,Drake London,00-0037238,WR,car,0.026,0.0,0.0,0.0,0.0,0.0
2026_01_ATL_PIT,ATL,PIT,Drake London,00-0037238,WR,rush_yds,0.14,0.0,0.0,0.0,0.0,0.0
2026_01_ATL_PIT,ATL,PIT,Drake London,00-0037238,WR,tgt,7.832,4.0,5.0,7.0,10.0,13.0
2026_01_ATL_PIT,ATL,PIT,Drake London,00-0037238,WR,rec,4.551,2.0,3.0,4.0,6.0,8.0
2026_01_ATL_PIT,ATL,PIT,Drake London,00-0037238,WR,rec_yds,57.024,14.468,28.875,50.719,78.5,107.667
2026_01_ATL_PIT,ATL,PIT,Drake London,00-0037238,WR,anytime_td,0.267,0.0,0.0,0.0,1.0,1.0
2026_01_ATL_PIT,ATL,PIT,Bijan Robinson,00-0038542,RB,car,18.42,10.0,14.0,18.0,23.0,27.0
2026_01_ATL_PIT,ATL,PIT,Bijan Robinson,00-0038542,RB,rush_yds,76.45,32.018,47.416,70.166,98.078,130.825
2026_01_ATL_PIT,ATL,PIT,Bijan Robinson,00-0038542,RB,tgt,5.415,2.0,3.0,5.0,7.0,9.0
2026_01_ATL_PIT,ATL,PIT,Bijan Robinson,00-0038542,RB,rec,3.914,1.0,2.0,4.0,5.0,7.0
2026_01_ATL_PIT,ATL,PIT,Bijan Robinson,00-0038542,RB,rec_yds,29.854,3.854,12.132,24.815,42.246,62.265
2026_01_ATL_PIT,ATL,PIT,Bijan Robinson,00-0038542,RB,anytime_td,0.417,0.0,0.0,0.0,1.0,1.0
2026_01_ATL_PIT,ATL,PIT,Kyle Pitts,00-0036970,TE,car,0.002,0.0,0.0,0.0,0.0,0.0
2026_01_ATL_PIT,ATL,PIT,Kyle Pitts,00-0036970,TE,rush_yds,0.005,0.0,0.0,0.0,0.0,0.0
2026_01_ATL_PIT,ATL,PIT,Kyle Pitts,00-0036970,TE,tgt,6.556,3.0,4.0,6.0,8.0,11.0
2026_01_ATL_PIT,ATL,PIT,Kyle Pitts,00-0036970,TE,rec,4.46,2.0,3.0,4.0,6.0,8.0
2026_01_ATL_PIT,ATL,PIT,Kyle Pitts,00-0036970,TE,rec_yds,45.064,10.904,22.937,39.87,62.022,85.978
2026_01_ATL_PIT,ATL,PIT,Kyle Pitts,00-0036970,TE,anytime_td,0.208,0.0,0.0,0.0,0.0,1.0
2026_01_ATL_PIT,ATL,PIT,Jahan Dotson,00-0037741,WR,car,0.023,0.0,0.0,0.0,0.0,0.0
2026_01_ATL_PIT,ATL,PIT,Jahan Dotson,00-0037741,WR,rush_yds,0.101,0.0,0.0,0.0,0.0,0.0
2026_01_ATL_PIT,ATL,PIT,Jahan Dotson,00-0037741,WR,tgt,2.261,0.0,1.0,2.0,3.0,5.0
2026_01_ATL_PIT,ATL,PIT,Jahan Dotson,00-0037741,WR,rec,1.305,0.0,0.0,1.0,2.0,3.0
2026_01_ATL_PIT,ATL,PIT,Jahan Dotson,00-0037741,WR,rec_yds,15.676,0.0,0.0,9.253,23.816,41.71
2026_01_ATL_PIT,ATL,PIT,Jahan Dotson,00-0037741,WR,anytime_td,0.049,0.0,0.0,0.0,0.0,0.0
2026_01_ATL_PIT,ATL,PIT,Charlie Woerner,00-0036429,TE,car,0.002,0.0,0.0,0.0,0.0,0.0
2026_01_ATL_PIT,ATL,PIT,Charlie Woerner,00-0036429,TE,rush_yds,0.005,0.0,0.0,0.0,0.0,0.0
2026_01_ATL_PIT,ATL,PIT,Charlie Woerner,00-0036429,TE,tgt,0.687,0.0,0.0,0.0,1.0,2.0
2026_01_ATL_PIT,ATL,PIT,Charlie Woerner,00-0036429,TE,rec,0.466,0.0,0.0,0.0,1.0,2.0
2026_01_ATL_PIT,ATL,PIT,Charlie Woerner,00-0036429,TE,rec_yds,4.423,0.0,0.0,0.0,5.534,16.059
2026_01_ATL_PIT,ATL,PIT,Charlie Woerner,00-0036429,TE,anytime_td,0.009,0.0,0.0,0.0,0.0,0.0
2026_01_ATL_PIT,ATL,PIT,Zachariah Branch,00-0041044,WR,car,0.124,0.0,0.0,0.0,0.0,0.0
2026_01_ATL_PIT,ATL,PIT,Zachariah Branch,00-0041044,WR,rush_yds,0.586,0.0,0.0,0.0,0.0,0.0
2026_01_ATL_PIT,ATL,PIT,Zachariah Branch,00-0041044,WR,tgt,1.389,0.0,0.0,1.0,2.0,3.0
2026_01_ATL_PIT,ATL,PIT,Zachariah Branch,00-0041044,WR,rec,0.825,0.0,0.0,1.0,1.0,2.0
2026_01_ATL_PIT,ATL,PIT,Zachariah Branch,00-0041044,WR,rec_yds,9.859,0.0,0.0,0.947,14.52,29.994
2026_01_ATL_PIT,ATL,PIT,Zachariah Branch,00-0041044,WR,anytime_td,0.044,0.0,0.0,0.0,0.0,0.0
2026_01_ATL_PIT,ATL,PIT,Olamide Zaccheaus,00-0035208,WR,car,0.105,0.0,0.0,0.0,0.0,0.0
2026_01_ATL_PIT,ATL,PIT,Olamide Zaccheaus,00-0035208,WR,rush_yds,0.52,0.0,0.0,0.0,0.0,0.0
2026_01_ATL_PIT,ATL,PIT,Olamide Zaccheaus,00-0035208,WR,tgt,2.414,0.0,1.0,2.0,3.0,5.0
2026_01_ATL_PIT,ATL,PIT,Olamide Zaccheaus,00-0035208,WR,rec,1.398,0.0,0.0,1.0,2.0,3.0
2026_01_ATL_PIT,ATL,PIT,Olamide Zaccheaus,00-0035208,WR,rec_yds,16.38,0.0,0.0,10.112,24.488,43.717
2026_01_ATL_PIT,ATL,PIT,Olamide Zaccheaus,00-0035208,WR,anytime_td,0.091,0.0,0.0,0.0,0.0,0.0
2026_01_ATL_PIT,ATL,PIT,Brian Robinson,00-0037746,RB,car,5.6,1.0,2.0,5.0,8.0,11.0
2026_01_ATL_PIT,ATL,PIT,Brian Robinson,00-0037746,RB,rush_yds,21.45,0.813,5.94,15.675,30.391,49.546
2026_01_ATL_PIT,ATL,PIT,Brian Robinson,00-0037746,RB,tgt,0.66,0.0,0.0,0.0,1.0,2.0
2026_01_ATL_PIT,ATL,PIT,Brian Robinson,00-0037746,RB,rec,0.482,0.0,0.0,0.0,1.0,2.0
2026_01_ATL_PIT,ATL,PIT,Brian Robinson,00-0037746,RB,rec_yds,3.392,0.0,0.0,0.0,3.596,11.952
2026_01_ATL_PIT,ATL,PIT,Brian Robinson,00-0037746,RB,anytime_td,0.11,0.0,0.0,0.0,0.0,1.0
2026_01_ATL_PIT,ATL,PIT,Austin Hooper,00-0032392,TE,car,0.001,0.0,0.0,0.0,0.0,0.0
2026_01_ATL_PIT,ATL,PIT,Austin Hooper,00-0032392,TE,rush_yds,0.003,0.0,0.0,0.0,0.0,0.0
2026_01_ATL_PIT,ATL,PIT,Austin Hooper,00-0032392,TE,tgt,1.715,0.0,0.0,1.0,3.0,4.0
2026_01_ATL_PIT,ATL,PIT,Austin Hooper,00-0032392,TE,rec,1.148,0.0,0.0,1.0,2.0,3.0
2026_01_ATL_PIT,ATL,PIT,Austin Hooper,00-0032392,TE,rec_yds,11.126,0.0,0.0,6.062,17.255,30.74
2026_01_ATL_PIT,ATL,PIT,Austin Hooper,00-0032392,TE,anytime_td,0.052,0.0,0.0,0.0,0.0,0.0
2026_01_ATL_PIT,ATL,PIT,Chris Blair,00-0036463,WR,car,0.033,0.0,0.0,0.0,0.0,0.0
2026_01_ATL_PIT,ATL,PIT,Chris Blair,00-0036463,WR,rush_yds,0.166,0.0,0.0,0.0,0.0,0.0
2026_01_ATL_PIT,ATL,PIT,Chris Blair,00-0036463,WR,tgt,0.577,0.0,0.0,0.0,1.0,2.0
2026_01_ATL_PIT,ATL,PIT,Chris Blair,00-0036463,WR,rec,0.345,0.0,0.0,0.0,1.0,1.0
2026_01_ATL_PIT,ATL,PIT,Chris Blair,00-0036463,WR,rec_yds,4.206,0.0,0.0,0.0,1.73,15.414
2026_01_ATL_PIT,ATL,PIT,Chris Blair,00-0036463,WR,anytime_td,0.008,0.0,0.0,0.0,0.0,0.0
2026_01_BAL_IND,IND,BAL,Daniel Jones,00-0035710,QB,att,31.726,22.0,27.0,32.0,38.0,42.0
2026_01_BAL_IND,IND,BAL,Daniel Jones,00-0035710,QB,cmp,20.318,13.0,17.0,21.0,24.0,28.0
2026_01_BAL_IND,IND,BAL,Daniel Jones,00-0035710,QB,pass_yds,229.554,134.298,178.894,228.339,280.357,332.63
2026_01_BAL_IND,IND,BAL,Daniel Jones,00-0035710,QB,pass_td,1.416,0.0,1.0,1.0,2.0,3.0
2026_01_BAL_IND,IND,BAL,Daniel Jones,00-0035710,QB,ints,0.764,0.0,0.0,1.0,1.0,2.0
2026_01_BAL_IND,IND,BAL,Daniel Jones,00-0035710,QB,car,3.41,1.0,2.0,3.0,5.0,7.0
2026_01_BAL_IND,IND,BAL,Daniel Jones,00-0035710,QB,rush_yds,16.033,0.0,3.77,11.841,24.057,38.001
2026_01_BAL_IND,IND,BAL,Daniel Jones,00-0035710,QB,tgt,0.0,0.0,0.0,0.0,0.0,0.0
2026_01_BAL_IND,IND,BAL,Daniel Jones,00-0035710,QB,rec,0.0,0.0,0.0,0.0,0.0,0.0
2026_01_BAL_IND,IND,BAL,Daniel Jones,00-0035710,QB,rec_yds,0.002,0.0,0.0,0.0,0.0,0.0
2026_01_BAL_IND,IND,BAL,Daniel Jones,00-0035710,QB,anytime_td,0.16,0.0,0.0,0.0,0.0,1.0
2026_01_BAL_IND,IND,BAL,Tyler Warren,00-0040128,TE,car,0.213,0.0,0.0,0.0,0.0,1.0
2026_01_BAL_IND,IND,BAL,Tyler Warren,00-0040128,TE,rush_yds,0.464,0.0,0.0,0.0,0.0,0.0
2026_01_BAL_IND,IND,BAL,Tyler Warren,00-0040128,TE,tgt,6.409,3.0,4.0,6.0,8.0,11.0
2026_01_BAL_IND,IND,BAL,Tyler Warren,00-0040128,TE,rec,4.462,2.0,3.0,4.0,6.0,8.0
2026_01_BAL_IND,IND,BAL,Tyler Warren,00-0040128,TE,rec_yds,44.786,10.677,22.436,40.01,61.768,85.829
2026_01_BAL_IND,IND,BAL,Tyler Warren,00-0040128,TE,anytime_td,0.232,0.0,0.0,0.0,0.0,1.0
2026_01_BAL_IND,IND,BAL,Josh Downs,00-0038997,WR,car,0.252,0.0,0.0,0.0,0.0,1.0
2026_01_BAL_IND,IND,BAL,Josh Downs,00-0038997,WR,rush_yds,1.261,0.0,0.0,0.0,0.0,0.886
2026_01_BAL_IND,IND,BAL,Josh Downs,00-0038997,WR,tgt,5.69,2.0,3.0,5.0,7.0,10.0
2026_01_BAL_IND,IND,BAL,Josh Downs,00-0038997,WR,rec,3.64,1.0,2.0,3.0,5.0,7.0
2026_01_BAL_IND,IND,BAL,Josh Downs,00-0038997,WR,rec_yds,44.394,6.956,19.034,37.659,63.042,90.659
2026_01_BAL_IND,IND,BAL,Josh Downs,00-0038997,WR,anytime_td,0.211,0.0,0.0,0.0,0.0,1.0
2026_01_BAL_IND,IND,BAL,Jonathan Taylor,00-0036223,RB,car,18.01,10.0,13.0,18.0,22.0,27.0
2026_01_BAL_IND,IND,BAL,Jonathan Taylor,00-0036223,RB,rush_yds,74.49,30.012,46.156,68.586,96.303,126.076
2026_01_BAL_IND,IND,BAL,Jonathan Taylor,00-0036223,RB,tgt,3.253,1.0,2.0,3.0,4.0,6.0
2026_01_BAL_IND,IND,BAL,Jonathan Taylor,00-0036223,RB,rec,2.552,0.0,1.0,2.0,4.0,5.0
2026_01_BAL_IND,IND,BAL,Jonathan Taylor,00-0036223,RB,rec_yds,19.203,0.0,4.76,14.014,28.063,45.076
2026_01_BAL_IND,IND,BAL,Jonathan Taylor,00-0036223,RB,anytime_td,0.5,0.0,0.0,1.0,1.0,1.0
2026_01_BAL_IND,IND,BAL,Keenan Allen,00-0030279,WR,car,0.02,0.0,0.0,0.0,0.0,0.0
2026_01_BAL_IND,IND,BAL,Keenan Allen,00-0030279,WR,rush_yds,0.102,0.0,0.0,0.0,0.0,0.0
2026_01_BAL_IND,IND,BAL,Keenan Allen,00-0030279,WR,tgt,6.649,3.0,4.0,6.0,9.0,11.0
2026_01_BAL_IND,IND,BAL,Keenan Allen,00-0030279,WR,rec,4.17,1.0,2.0,4.0,6.0,7.0
2026_01_BAL_IND,IND,BAL,Keenan Allen,00-0030279,WR,rec_yds,49.444,10.11,23.628,43.369,68.881,96.147
2026_01_BAL_IND,IND,BAL,Keenan Allen,00-0030279,WR,anytime_td,0.207,0.0,0.0,0.0,0.0,1.0
2026_01_BAL_IND,IND,BAL,Alec Pierce,00-0037664,WR,car,0.018,0.0,0.0,0.0,0.0,0.0
2026_01_BAL_IND,IND,BAL,Alec Pierce,00-0037664,WR,rush_yds,0.101,0.0,0.0,0.0,0.0,0.0
2026_01_BAL_IND,IND,BAL,Alec Pierce,00-0037664,WR,tgt,5.536,2.0,3.0,5.0,7.0,10.0
2026_01_BAL_IND,IND,BAL,Alec Pierce,00-0037664,WR,rec,3.43,1.0,2.0,3.0,5.0,6.0
2026_01_BAL_IND,IND,BAL,Alec Pierce,00-0037664,WR,rec_yds,50.998,7.641,21.531,43.51,72.38,104.356
2026_01_BAL_IND,IND,BAL,Alec Pierce,00-0037664,WR,anytime_td,0.326,0.0,0.0,0.0,1.0,1.0
2026_01_BAL_IND,IND,BAL,Mo Alie-Cox,00-0033217,TE,car,0.002,0.0,0.0,0.0,0.0,0.0
2026_01_BAL_IND,IND,BAL,Mo Alie-Cox,00-0033217,TE,rush_yds,0.006,0.0,0.0,0.0,0.0,0.0
2026_01_BAL_IND,IND,BAL,Mo Alie-Cox,00-0033217,TE,tgt,1.699,0.0,0.0,1.0,3.0,4.0
2026_01_BAL_IND,IND,BAL,Mo Alie-Cox,00-0033217,TE,rec,1.23,0.0,0.0,1.0,2.0,3.0
2026_01_BAL_IND,IND,BAL,Mo Alie-Cox,00-0033217,TE,rec_yds,12.462,0.0,0.0,7.217,19.211,33.45
2026_01_BAL_IND,IND,BAL,Mo Alie-Cox,00-0033217,TE,anytime_td,0.103,0.0,0.0,0.0,0.0,1.0
2026_01_BAL_IND,IND,BAL,Ashton Dulin,00-0035021,WR,car,0.186,0.0,0.0,0.0,0.0,0.0
2026_01_BAL_IND,IND,BAL,Ashton Dulin,00-0035021,WR,rush_yds,1.009,0.0,0.0,0.0,0.0,0.0
2026_01_BAL_IND,IND,BAL,Ashton Dulin,00-0035021,WR,tgt,1.106,0.0,0.0,1.0,2.0,3.0
2026_01_BAL_IND,IND,BAL,Ashton Dulin,00-0035021,WR,rec,0.694,0.0,0.0,0.0,1.0,2.0
2026_01_BAL_IND,IND,BAL,Ashton Dulin,00-0035021,WR,rec_yds,9.064,0.0,0.0,0.0,13.056,29.27
2026_01_BAL_IND,IND,BAL,Ashton Dulin,00-0035021,WR,anytime_td,0.022,0.0,0.0,0.0,0.0,0.0
2026_01_BAL_IND,IND,BAL,Andrew Ogletree,00-0037292,TE,car,0.002,0.0,0.0,0.0,0.0,0.0
2026_01_BAL_IND,IND,BAL,Andrew Ogletree,00-0037292,TE,rush_yds,0.011,0.0,0.0,0.0,0.0,0.0
2026_01_BAL_IND,IND,BAL,Andrew Ogletree,00-0037292,TE,tgt,0.741,0.0,0.0,0.0,1.0,2.0
2026_01_BAL_IND,IND,BAL,Andrew Ogletree,00-0037292,TE,rec,0.535,0.0,0.0,0.0,1.0,2.0
2026_01_BAL_IND,IND,BAL,Andrew Ogletree,00-0037292,TE,rec_yds,5.483,0.0,0.0,0.0,7.367,19.196
2026_01_BAL_IND,IND,BAL,Andrew Ogletree,00-0037292,TE,anytime_td,0.046,0.0,0.0,0.0,0.0,0.0
2026_01_BAL_IND,IND,BAL,Seth McGowan,00-0041125,RB,car,2.768,0.0,1.0,2.0,4.0,7.0
2026_01_BAL_IND,IND,BAL,Seth McGowan,00-0041125,RB,rush_yds,11.396,0.0,0.0,5.98,16.132,30.98
2026_01_BAL_IND,IND,BAL,Seth McGowan,00-0041125,RB,tgt,0.775,0.0,0.0,0.0,1.0,2.0
2026_01_BAL_IND,IND,BAL,Seth McGowan,00-0041125,RB,rec,0.611,0.0,0.0,0.0,1.0,2.0
2026_01_BAL_IND,IND,BAL,Seth McGowan,00-0041125,RB,rec_yds,4.647,0.0,0.0,0.0,5.932,15.58
2026_01_BAL_IND,IND,BAL,Seth McGowan,00-0041125,RB,anytime_td,0.128,0.0,0.0,0.0,0.0,1.0
2026_01_BAL_IND,BAL,IND,Lamar Jackson,00-0034796,QB,att,27.56,18.0,23.0,28.0,33.0,38.0
2026_01_BAL_IND,BAL,IND,Lamar Jackson,00-0034796,QB,cmp,18.225,11.0,15.0,18.0,22.0,26.0
2026_01_BAL_IND,BAL,IND,Lamar Jackson,00-0034796,QB,pass_yds,215.879,120.749,164.781,214.727,267.304,317.46
2026_01_BAL_IND,BAL,IND,Lamar Jackson,00-0034796,QB,pass_td,1.457,0.0,1.0,1.0,2.0,3.0
2026_01_BAL_IND,BAL,IND,Lamar Jackson,00-0034796,QB,ints,0.609,0.0,0.0,0.0,1.0,2.0
2026_01_BAL_IND,BAL,IND,Lamar Jackson,00-0034796,QB,car,5.32,1.0,3.0,5.0,7.0,10.0
2026_01_BAL_IND,BAL,IND,Lamar Jackson,00-0034796,QB,rush_yds,23.19,0.978,7.911,19.083,33.623,49.507
2026_01_BAL_IND,BAL,IND,Lamar Jackson,00-0034796,QB,tgt,0.001,0.0,0.0,0.0,0.0,0.0
2026_01_BAL_IND,BAL,IND,Lamar Jackson,00-0034796,QB,rec,0.001,0.0,0.0,0.0,0.0,0.0
2026_01_BAL_IND,BAL,IND,Lamar Jackson,00-0034796,QB,rec_yds,0.007,0.0,0.0,0.0,0.0,0.0
2026_01_BAL_IND,BAL,IND,Lamar Jackson,00-0034796,QB,anytime_td,0.197,0.0,0.0,0.0,0.0,1.0
2026_01_BAL_IND,BAL,IND,Rashod Bateman,00-0036550,WR,car,0.015,0.0,0.0,0.0,0.0,0.0
2026_01_BAL_IND,BAL,IND,Rashod Bateman,00-0036550,WR,rush_yds,0.1,0.0,0.0,0.0,0.0,0.0
2026_01_BAL_IND,BAL,IND,Rashod Bateman,00-0036550,WR,tgt,3.313,1.0,2.0,3.0,5.0,6.0
2026_01_BAL_IND,BAL,IND,Rashod Bateman,00-0036550,WR,rec,2.042,0.0,1.0,2.0,3.0,4.0
2026_01_BAL_IND,BAL,IND,Rashod Bateman,00-0036550,WR,rec_yds,27.023,0.0,6.276,19.913,40.293,63.515
2026_01_BAL_IND,BAL,IND,Rashod Bateman,00-0036550,WR,anytime_td,0.155,0.0,0.0,0.0,0.0,1.0
2026_01_BAL_IND,BAL,IND,Mark Andrews,00-0034753,TE,car,0.49,0.0,0.0,0.0,0.0,2.0
2026_01_BAL_IND,BAL,IND,Mark Andrews,00-0034753,TE,rush_yds,1.162,0.0,0.0,0.0,0.0,3.639
2026_01_BAL_IND,BAL,IND,Mark Andrews,00-0034753,TE,tgt,5.304,2.0,3.0,5.0,7.0,9.0
2026_01_BAL_IND,BAL,IND,Mark Andrews,00-0034753,TE,rec,3.79,1.0,2.0,3.5,5.0,7.0
2026_01_BAL_IND,BAL,IND,Mark Andrews,00-0034753,TE,rec_yds,40.185,7.485,18.328,35.315,55.984,79.221
2026_01_BAL_IND,BAL,IND,Mark Andrews,00-0034753,TE,anytime_td,0.236,0.0,0.0,0.0,0.0,1.0
2026_01_BAL_IND,BAL,IND,Durham Smythe,00-0034798,TE,car,0.004,0.0,0.0,0.0,0.0,0.0
2026_01_BAL_IND,BAL,IND,Durham Smythe,00-0034798,TE,rush_yds,0.01,0.0,0.0,0.0,0.0,0.0
2026_01_BAL_IND,BAL,IND,Durham Smythe,00-0034798,TE,tgt,0.769,0.0,0.0,0.0,1.0,2.0
2026_01_BAL_IND,BAL,IND,Durham Smythe,00-0034798,TE,rec,0.556,0.0,0.0,0.0,1.0,2.0
2026_01_BAL_IND,BAL,IND,Durham Smythe,00-0034798,TE,rec_yds,5.945,0.0,0.0,0.0,8.271,20.687
2026_01_BAL_IND,BAL,IND,Durham Smythe,00-0034798,TE,anytime_td,0.015,0.0,0.0,0.0,0.0,0.0
2026_01_BAL_IND,BAL,IND,Derrick Henry,00-0032764,RB,car,20.728,12.0,16.0,20.0,25.0,30.0
2026_01_BAL_IND,BAL,IND,Derrick Henry,00-0032764,RB,rush_yds,97.797,43.87,63.283,90.686,125.304,161.133
2026_01_BAL_IND,BAL,IND,Derrick Henry,00-0032764,RB,tgt,1.47,0.0,0.0,1.0,2.0,3.0
2026_01_BAL_IND,BAL,IND,Derrick Henry,00-0032764,RB,rec,1.146,0.0,0.0,1.0,2.0,3.0
2026_01_BAL_IND,BAL,IND,Derrick Henry,00-0032764,RB,rec_yds,9.122,0.0,0.0,3.868,13.596,26.676
2026_01_BAL_IND,BAL,IND,Derrick Henry,00-0032764,RB,anytime_td,0.583,0.0,0.0,1.0,1.0,1.0
2026_01_BAL_IND,BAL,IND,Justice Hill,00-0034975,RB,car,2.554,0.0,0.0,2.0,4.0,6.0
2026_01_BAL_IND,BAL,IND,Justice Hill,00-0034975,RB,rush_yds,10.873,0.0,0.0,4.859,15.437,30.554
2026_01_BAL_IND,BAL,IND,Justice Hill,00-0034975,RB,tgt,2.879,0.0,1.0,3.0,4.0,6.0
2026_01_BAL_IND,BAL,IND,Justice Hill,00-0034975,RB,rec,2.274,0.0,1.0,2.0,3.0,5.0
2026_01_BAL_IND,BAL,IND,Justice Hill,00-0034975,RB,rec_yds,17.674,0.0,3.885,12.599,26.291,42.835
2026_01_BAL_IND,BAL,IND,Justice Hill,00-0034975,RB,anytime_td,0.244,0.0,0.0,0.0,0.0,1.0
2026_01_BAL_IND,BAL,IND,Ja'Kobi Lane,00-0040870,WR,car,0.115,0.0,0.0,0.0,0.0,0.0
2026_01_BAL_IND,BAL,IND,Ja'Kobi Lane,00-0040870,WR,rush_yds,0.613,0.0,0.0,0.0,0.0,0.0
2026_01_BAL_IND,BAL,IND,Ja'Kobi Lane,00-0040870,WR,tgt,1.573,0.0,0.0,1.0,2.0,4.0
2026_01_BAL_IND,BAL,IND,Ja'Kobi Lane,00-0040870,WR,rec,1.002,0.0,0.0,1.0,2.0,3.0
2026_01_BAL_IND,BAL,IND,Ja'Kobi Lane,00-0040870,WR,rec_yds,13.412,0.0,0.0,5.745,20.166,39.0
2026_01_BAL_IND,BAL,IND,Ja'Kobi Lane,00-0040870,WR,anytime_td,0.062,0.0,0.0,0.0,0.0,0.0
2026_01_BAL_IND,BAL,IND,Chris Moore,00-0032398,WR,car,0.066,0.0,0.0,0.0,0.0,0.0
2026_01_BAL_IND,BAL,IND,Chris Moore,00-0032398,WR,rush_yds,0.394,0.0,0.0,0.0,0.0,0.0
2026_01_BAL_IND,BAL,IND,Chris Moore,00-0032398,WR,tgt,1.689,0.0,0.0,1.0,2.0,4.0
2026_01_BAL_IND,BAL,IND,Chris Moore,00-0032398,WR,rec,1.055,0.0,0.0,1.0,2.0,3.0
2026_01_BAL_IND,BAL,IND,Chris Moore,00-0032398,WR,rec_yds,14.25,0.0,0.0,6.572,21.395,41.13
2026_01_BAL_IND,BAL,IND,Chris Moore,00-0032398,WR,anytime_td,0.066,0.0,0.0,0.0,0.0,0.0
2026_01_BAL_IND,BAL,IND,Matthew Hibner,00-0040879,TE,car,0.009,0.0,0.0,0.0,0.0,0.0
2026_01_BAL_IND,BAL,IND,Matthew Hibner,00-0040879,TE,rush_yds,0.021,0.0,0.0,0.0,0.0,0.0
2026_01_BAL_IND,BAL,IND,Matthew Hibner,00-0040879,TE,tgt,0.908,0.0,0.0,1.0,1.0,2.0
2026_01_BAL_IND,BAL,IND,Matthew Hibner,00-0040879,TE,rec,0.649,0.0,0.0,0.0,1.0,2.0
2026_01_BAL_IND,BAL,IND,Matthew Hibner,00-0040879,TE,rec_yds,7.007,0.0,0.0,0.0,10.08,23.054
2026_01_BAL_IND,BAL,IND,Matthew Hibner,00-0040879,TE,anytime_td,0.032,0.0,0.0,0.0,0.0,0.0
2026_01_BAL_IND,BAL,IND,Zay Flowers,00-0039064,WR,car,0.535,0.0,0.0,0.0,0.0,2.0
2026_01_BAL_IND,BAL,IND,Zay Flowers,00-0039064,WR,rush_yds,2.962,0.0,0.0,0.0,0.0,9.691
2026_01_BAL_IND,BAL,IND,Zay Flowers,00-0039064,WR,tgt,8.855,4.0,6.0,8.0,11.0,14.0
2026_01_BAL_IND,BAL,IND,Zay Flowers,00-0039064,WR,rec,5.924,2.0,4.0,6.0,8.0,10.0
2026_01_BAL_IND,BAL,IND,Zay Flowers,00-0039064,WR,rec_yds,84.008,26.688,48.041,77.224,112.517,148.709
2026_01_BAL_IND,BAL,IND,Zay Flowers,00-0039064,WR,anytime_td,0.388,0.0,0.0,0.0,1.0,1.0
2026_01_BAL_IND,BAL,IND,Josh Cuevas,00-0040887,TE,car,0.009,0.0,0.0,0.0,0.0,0.0
2026_01_BAL_IND,BAL,IND,Josh Cuevas,00-0040887,TE,rush_yds,0.018,0.0,0.0,0.0,0.0,0.0
2026_01_BAL_IND,BAL,IND,Josh Cuevas,00-0040887,TE,tgt,0.951,0.0,0.0,1.0,1.0,3.0
2026_01_BAL_IND,BAL,IND,Josh Cuevas,00-0040887,TE,rec,0.686,0.0,0.0,0.0,1.0,2.0
2026_01_BAL_IND,BAL,IND,Josh Cuevas,00-0040887,TE,rec_yds,7.341,0.0,0.0,0.0,10.743,23.92
2026_01_BAL_IND,BAL,IND,Josh Cuevas,00-0040887,TE,anytime_td,0.038,0.0,0.0,0.0,0.0,0.0
2026_01_BUF_HOU,HOU,BUF,C.J. Stroud,00-0039163,QB,att,30.966,21.0,26.0,32.0,37.0,42.0
2026_01_BUF_HOU,HOU,BUF,C.J. Stroud,00-0039163,QB,cmp,18.97,12.0,15.0,19.0,23.0,27.0
2026_01_BUF_HOU,HOU,BUF,C.J. Stroud,00-0039163,QB,pass_yds,212.297,120.386,162.892,211.154,261.428,313.678
2026_01_BUF_HOU,HOU,BUF,C.J. Stroud,00-0039163,QB,pass_td,1.34,0.0,1.0,1.0,2.0,3.0
2026_01_BUF_HOU,HOU,BUF,C.J. Stroud,00-0039163,QB,ints,0.776,0.0,0.0,1.0,1.0,2.0
2026_01_BUF_HOU,HOU,BUF,C.J. Stroud,00-0039163,QB,car,3.015,0.0,1.0,3.0,4.0,6.0
2026_01_BUF_HOU,HOU,BUF,C.J. Stroud,00-0039163,QB,rush_yds,13.215,-1.0,1.039,8.834,19.631,33.651
2026_01_BUF_HOU,HOU,BUF,C.J. Stroud,00-0039163,QB,tgt,0.0,0.0,0.0,0.0,0.0,0.0
2026_01_BUF_HOU,HOU,BUF,C.J. Stroud,00-0039163,QB,rec,0.0,0.0,0.0,0.0,0.0,0.0
2026_01_BUF_HOU,HOU,BUF,C.J. Stroud,00-0039163,QB,rec_yds,0.004,0.0,0.0,0.0,0.0,0.0
2026_01_BUF_HOU,HOU,BUF,C.J. Stroud,00-0039163,QB,anytime_td,0.12,0.0,0.0,0.0,0.0,1.0
2026_01_BUF_HOU,HOU,BUF,Nico Collins,00-0036554,WR,car,0.104,0.0,0.0,0.0,0.0,0.0
2026_01_BUF_HOU,HOU,BUF,Nico Collins,00-0036554,WR,rush_yds,0.582,0.0,0.0,0.0,0.0,0.0
2026_01_BUF_HOU,HOU,BUF,Nico Collins,00-0036554,WR,tgt,7.302,3.0,5.0,7.0,9.0,12.0
2026_01_BUF_HOU,HOU,BUF,Nico Collins,00-0036554,WR,rec,4.325,1.0,3.0,4.0,6.0,7.0
2026_01_BUF_HOU,HOU,BUF,Nico Collins,00-0036554,WR,rec_yds,57.649,13.173,28.67,50.748,79.187,110.815
2026_01_BUF_HOU,HOU,BUF,Nico Collins,00-0036554,WR,anytime_td,0.246,0.0,0.0,0.0,0.0,1.0
2026_01_BUF_HOU,HOU,BUF,Dalton Schultz,00-0034383,TE,car,0.001,0.0,0.0,0.0,0.0,0.0
2026_01_BUF_HOU,HOU,BUF,Dalton Schultz,00-0034383,TE,rush_yds,0.003,0.0,0.0,0.0,0.0,0.0
2026_01_BUF_HOU,HOU,BUF,Dalton Schultz,00-0034383,TE,tgt,4.703,2.0,3.0,4.0,6.0,8.0
2026_01_BUF_HOU,HOU,BUF,Dalton Schultz,00-0034383,TE,rec,3.378,1.0,2.0,3.0,5.0,6.0
2026_01_BUF_HOU,HOU,BUF,Dalton Schultz,00-0034383,TE,rec_yds,33.702,5.009,14.316,28.719,47.487,68.726
2026_01_BUF_HOU,HOU,BUF,Dalton Schultz,00-0034383,TE,anytime_td,0.184,0.0,0.0,0.0,0.0,1.0
2026_01_BUF_HOU,HOU,BUF,Xavier Hutchinson,00-0038618,WR,car,0.109,0.0,0.0,0.0,0.0,0.0
2026_01_BUF_HOU,HOU,BUF,Xavier Hutchinson,00-0038618,WR,rush_yds,0.593,0.0,0.0,0.0,0.0,0.0
2026_01_BUF_HOU,HOU,BUF,Xavier Hutchinson,00-0038618,WR,tgt,4.752,2.0,3.0,4.0,6.0,9.0
2026_01_BUF_HOU,HOU,BUF,Xavier Hutchinson,00-0038618,WR,rec,2.71,1.0,1.0,2.0,4.0,5.0
2026_01_BUF_HOU,HOU,BUF,Xavier Hutchinson,00-0038618,WR,rec_yds,33.39,0.0,11.45,26.588,48.123,72.505
2026_01_BUF_HOU,HOU,BUF,Xavier Hutchinson,00-0038618,WR,anytime_td,0.117,0.0,0.0,0.0,0.0,1.0
2026_01_BUF_HOU,HOU,BUF,Woody Marks,00-0040583,RB,car,13.718,6.0,9.0,13.0,18.0,22.0
2026_01_BUF_HOU,HOU,BUF,Woody Marks,00-0040583,RB,rush_yds,56.722,18.259,31.277,49.997,75.67,103.231
2026_01_BUF_HOU,HOU,BUF,Woody Marks,00-0040583,RB,tgt,2.108,0.0,1.0,2.0,3.0,5.0
2026_01_BUF_HOU,HOU,BUF,Woody Marks,00-0040583,RB,rec,1.56,0.0,0.0,1.0,2.0,4.0
2026_01_BUF_HOU,HOU,BUF,Woody Marks,00-0040583,RB,rec_yds,11.061,0.0,0.0,6.709,16.188,29.572
2026_01_BUF_HOU,HOU,BUF,Woody Marks,00-0040583,RB,anytime_td,0.372,0.0,0.0,0.0,1.0,1.0
2026_01_BUF_HOU,HOU,BUF,David Montgomery,00-0035685,RB,car,8.39,3.0,5.0,8.0,11.0,15.0
2026_01_BUF_HOU,HOU,BUF,David Montgomery,00-0035685,RB,rush_yds,36.665,6.796,15.621,30.28,50.776,75.216
2026_01_BUF_HOU,HOU,BUF,David Montgomery,00-0035685,RB,tgt,1.43,0.0,0.0,1.0,2.0,3.0
2026_01_BUF_HOU,HOU,BUF,David Montgomery,00-0035685,RB,rec,1.084,0.0,0.0,1.0,2.0,3.0
2026_01_BUF_HOU,HOU,BUF,David Montgomery,00-0035685,RB,rec_yds,7.996,0.0,0.0,2.709,11.821,23.845
2026_01_BUF_HOU,HOU,BUF,David Montgomery,00-0035685,RB,anytime_td,0.275,0.0,0.0,0.0,1.0,1.0
2026_01_BUF_HOU,HOU,BUF,Kayshon Boutte,00-0038608,WR,car,0.025,0.0,0.0,0.0,0.0,0.0
2026_01_BUF_HOU,HOU,BUF,Kayshon Boutte,00-0038608,WR,rush_yds,0.126,0.0,0.0,0.0,0.0,0.0
2026_01_BUF_HOU,HOU,BUF,Kayshon Boutte,00-0038608,WR,tgt,4.276,1.0,2.0,4.0,6.0,8.0
2026_01_BUF_HOU,HOU,BUF,Kayshon Boutte,00-0038608,WR,rec,2.54,0.0,1.0,2.0,4.0,5.0
2026_01_BUF_HOU,HOU,BUF,Kayshon Boutte,00-0038608,WR,rec_yds,32.594,0.0,10.389,25.256,47.374,72.578
2026_01_BUF_HOU,HOU,BUF,Kayshon Boutte,00-0038608,WR,anytime_td,0.185,0.0,0.0,0.0,0.0,1.0
2026_01_BUF_HOU,HOU,BUF,Foster Moreau,00-0034981,TE,car,0.002,0.0,0.0,0.0,0.0,0.0
2026_01_BUF_HOU,HOU,BUF,Foster Moreau,00-0034981,TE,rush_yds,0.005,0.0,0.0,0.0,0.0,0.0
2026_01_BUF_HOU,HOU,BUF,Foster Moreau,00-0034981,TE,tgt,1.164,0.0,0.0,1.0,2.0,3.0
2026_01_BUF_HOU,HOU,BUF,Foster Moreau,00-0034981,TE,rec,0.812,0.0,0.0,0.0,1.0,2.0
2026_01_BUF_HOU,HOU,BUF,Foster Moreau,00-0034981,TE,rec_yds,8.076,0.0,0.0,0.0,12.321,25.028
2026_01_BUF_HOU,HOU,BUF,Foster Moreau,00-0034981,TE,anytime_td,0.042,0.0,0.0,0.0,0.0,0.0
2026_01_BUF_HOU,HOU,BUF,Jared Wayne,00-0038728,WR,car,0.042,0.0,0.0,0.0,0.0,0.0
2026_01_BUF_HOU,HOU,BUF,Jared Wayne,00-0038728,WR,rush_yds,0.248,0.0,0.0,0.0,0.0,0.0
2026_01_BUF_HOU,HOU,BUF,Jared Wayne,00-0038728,WR,tgt,1.439,0.0,0.0,1.0,2.0,3.0
2026_01_BUF_HOU,HOU,BUF,Jared Wayne,00-0038728,WR,rec,0.885,0.0,0.0,1.0,1.0,2.0
2026_01_BUF_HOU,HOU,BUF,Jared Wayne,00-0038728,WR,rec_yds,10.831,0.0,0.0,2.882,16.205,32.757
2026_01_BUF_HOU,HOU,BUF,Jared Wayne,00-0038728,WR,anytime_td,0.045,0.0,0.0,0.0,0.0,0.0
2026_01_BUF_HOU,HOU,BUF,Cade Stover,00-0039359,TE,car,0.587,0.0,0.0,0.0,1.0,2.0
2026_01_BUF_HOU,HOU,BUF,Cade Stover,00-0039359,TE,rush_yds,1.46,0.0,0.0,0.0,0.0,4.954
2026_01_BUF_HOU,HOU,BUF,Cade Stover,00-0039359,TE,tgt,1.903,0.0,1.0,2.0,3.0,4.0
2026_01_BUF_HOU,HOU,BUF,Cade Stover,00-0039359,TE,rec,1.307,0.0,0.0,1.0,2.0,3.0
2026_01_BUF_HOU,HOU,BUF,Cade Stover,00-0039359,TE,rec_yds,12.486,0.0,0.0,7.418,19.252,33.524
2026_01_BUF_HOU,HOU,BUF,Cade Stover,00-0039359,TE,anytime_td,0.064,0.0,0.0,0.0,0.0,0.0
2026_01_BUF_HOU,HOU,BUF,Jaylin Noel,00-0040138,WR,car,0.256,0.0,0.0,0.0,0.0,1.0
2026_01_BUF_HOU,HOU,BUF,Jaylin Noel,00-0040138,WR,rush_yds,1.448,0.0,0.0,0.0,0.0,1.092
2026_01_BUF_HOU,HOU,BUF,Jaylin Noel,00-0040138,WR,tgt,1.703,0.0,0.0,1.0,3.0,4.0
2026_01_BUF_HOU,HOU,BUF,Jaylin Noel,00-0040138,WR,rec,1.037,0.0,0.0,1.0,2.0,3.0
2026_01_BUF_HOU,HOU,BUF,Jaylin Noel,00-0040138,WR,rec_yds,12.749,0.0,0.0,5.838,18.865,36.348
2026_01_BUF_HOU,HOU,BUF,Jaylin Noel,00-0040138,WR,anytime_td,0.083,0.0,0.0,0.0,0.0,0.0
2026_01_BUF_HOU,HOU,BUF,Marlin Klein,00-0041472,TE,car,0.008,0.0,0.0,0.0,0.0,0.0
2026_01_BUF_HOU,HOU,BUF,Marlin Klein,00-0041472,TE,rush_yds,0.016,0.0,0.0,0.0,0.0,0.0
2026_01_BUF_HOU,HOU,BUF,Marlin Klein,00-0041472,TE,tgt,0.892,0.0,0.0,0.0,1.0,2.0
2026_01_BUF_HOU,HOU,BUF,Marlin Klein,00-0041472,TE,rec,0.617,0.0,0.0,0.0,1.0,2.0
2026_01_BUF_HOU,HOU,BUF,Marlin Klein,00-0041472,TE,rec_yds,6.11,0.0,0.0,0.0,8.589,20.363
2026_01_BUF_HOU,HOU,BUF,Marlin Klein,00-0041472,TE,anytime_td,0.029,0.0,0.0,0.0,0.0,0.0
2026_01_BUF_HOU,BUF,HOU,Josh Allen,00-0034857,QB,att,28.778,19.0,24.0,29.0,34.0,39.0
2026_01_BUF_HOU,BUF,HOU,Josh Allen,00-0034857,QB,cmp,18.531,12.0,15.0,19.0,22.0,26.0
2026_01_BUF_HOU,BUF,HOU,Josh Allen,00-0034857,QB,pass_yds,206.207,117.517,160.18,205.157,254.791,301.535
2026_01_BUF_HOU,BUF,HOU,Josh Allen,00-0034857,QB,pass_td,1.359,0.0,1.0,1.0,2.0,3.0
2026_01_BUF_HOU,BUF,HOU,Josh Allen,00-0034857,QB,ints,0.693,0.0,0.0,0.0,1.0,2.0
2026_01_BUF_HOU,BUF,HOU,Josh Allen,00-0034857,QB,car,6.316,2.0,4.0,6.0,8.0,12.0
2026_01_BUF_HOU,BUF,HOU,Josh Allen,00-0034857,QB,rush_yds,27.84,3.05,11.183,23.56,39.617,57.524
2026_01_BUF_HOU,BUF,HOU,Josh Allen,00-0034857,QB,tgt,0.001,0.0,0.0,0.0,0.0,0.0
2026_01_BUF_HOU,BUF,HOU,Josh Allen,00-0034857,QB,rec,0.001,0.0,0.0,0.0,0.0,0.0
2026_01_BUF_HOU,BUF,HOU,Josh Allen,00-0034857,QB,rec_yds,0.005,0.0,0.0,0.0,0.0,0.0
2026_01_BUF_HOU,BUF,HOU,Josh Allen,00-0034857,QB,anytime_td,0.346,0.0,0.0,0.0,1.0,1.0
2026_01_BUF_HOU,BUF,HOU,DJ Moore,00-0034827,WR,car,0.59,0.0,0.0,0.0,1.0,2.0
2026_01_BUF_HOU,BUF,HOU,DJ Moore,00-0034827,WR,rush_yds,3.082,0.0,0.0,0.0,0.0,10.617
2026_01_BUF_HOU,BUF,HOU,DJ Moore,00-0034827,WR,tgt,4.133,1.0,2.0,4.0,6.0,8.0
2026_01_BUF_HOU,BUF,HOU,DJ Moore,00-0034827,WR,rec,2.508,0.0,1.0,2.0,4.0,5.0
2026_01_BUF_HOU,BUF,HOU,DJ Moore,00-0034827,WR,rec_yds,32.038,0.0,10.075,25.037,47.249,71.186
2026_01_BUF_HOU,BUF,HOU,DJ Moore,00-0034827,WR,anytime_td,0.257,0.0,0.0,0.0,1.0,1.0
2026_01_BUF_HOU,BUF,HOU,James Cook,00-0037248,RB,car,15.906,8.0,11.0,15.0,20.0,24.0
2026_01_BUF_HOU,BUF,HOU,James Cook,00-0037248,RB,rush_yds,69.129,24.932,40.542,62.224,90.895,120.821
2026_01_BUF_HOU,BUF,HOU,James Cook,00-0037248,RB,tgt,2.244,0.0,1.0,2.0,3.0,5.0
2026_01_BUF_HOU,BUF,HOU,James Cook,00-0037248,RB,rec,1.677,0.0,1.0,1.0,2.0,4.0
2026_01_BUF_HOU,BUF,HOU,James Cook,00-0037248,RB,rec_yds,12.789,0.0,0.0,7.924,19.31,33.47
2026_01_BUF_HOU,BUF,HOU,James Cook,00-0037248,RB,anytime_td,0.347,0.0,0.0,0.0,1.0,1.0
2026_01_BUF_HOU,BUF,HOU,Dalton Kincaid,00-0038933,TE,car,0.001,0.0,0.0,0.0,0.0,0.0
2026_01_BUF_HOU,BUF,HOU,Dalton Kincaid,00-0038933,TE,rush_yds,0.003,0.0,0.0,0.0,0.0,0.0
2026_01_BUF_HOU,BUF,HOU,Dalton Kincaid,00-0038933,TE,tgt,3.936,1.0,2.0,4.0,5.0,7.0
2026_01_BUF_HOU,BUF,HOU,Dalton Kincaid,00-0038933,TE,rec,2.809,1.0,1.0,3.0,4.0,5.0
2026_01_BUF_HOU,BUF,HOU,Dalton Kincaid,00-0038933,TE,rec_yds,31.594,0.0,11.411,25.961,45.741,67.632
2026_01_BUF_HOU,BUF,HOU,Dalton Kincaid,00-0038933,TE,anytime_td,0.218,0.0,0.0,0.0,0.0,1.0
2026_01_BUF_HOU,BUF,HOU,Dawson Knox,00-0035689,TE,car,0.004,0.0,0.0,0.0,0.0,0.0
2026_01_BUF_HOU,BUF,HOU,Dawson Knox,00-0035689,TE,rush_yds,0.012,0.0,0.0,0.0,0.0,0.0
2026_01_BUF_HOU,BUF,HOU,Dawson Knox,00-0035689,TE,tgt,3.208,1.0,2.0,3.0,4.0,6.0
2026_01_BUF_HOU,BUF,HOU,Dawson Knox,00-0035689,TE,rec,2.26,0.0,1.0,2.0,3.0,5.0
2026_01_BUF_HOU,BUF,HOU,Dawson Knox,00-0035689,TE,rec_yds,23.923,0.0,6.645,18.73,35.624,54.679
2026_01_BUF_HOU,BUF,HOU,Dawson Knox,00-0035689,TE,anytime_td,0.157,0.0,0.0,0.0,0.0,1.0
2026_01_BUF_HOU,BUF,HOU,Khalil Shakir,00-0037261,WR,car,0.034,0.0,0.0,0.0,0.0,0.0
2026_01_BUF_HOU,BUF,HOU,Khalil Shakir,00-0037261,WR,rush_yds,0.176,0.0,0.0,0.0,0.0,0.0
2026_01_BUF_HOU,BUF,HOU,Khalil Shakir,00-0037261,WR,tgt,6.262,3.0,4.0,6.0,8.0,10.0
2026_01_BUF_HOU,BUF,HOU,Khalil Shakir,00-0037261,WR,rec,4.231,1.0,2.0,4.0,6.0,7.0
2026_01_BUF_HOU,BUF,HOU,Khalil Shakir,00-0037261,WR,rec_yds,48.977,11.048,23.298,42.941,67.48,95.41
2026_01_BUF_HOU,BUF,HOU,Khalil Shakir,00-0037261,WR,anytime_td,0.18,0.0,0.0,0.0,0.0,1.0
2026_01_BUF_HOU,BUF,HOU,Keon Coleman,00-0039901,WR,car,0.018,0.0,0.0,0.0,0.0,0.0
2026_01_BUF_HOU,BUF,HOU,Keon Coleman,00-0039901,WR,rush_yds,0.091,0.0,0.0,0.0,0.0,0.0
2026_01_BUF_HOU,BUF,HOU,Keon Coleman,00-0039901,WR,tgt,3.208,1.0,2.0,3.0,4.0,6.0
2026_01_BUF_HOU,BUF,HOU,Keon Coleman,00-0039901,WR,rec,1.947,0.0,1.0,2.0,3.0,4.0
2026_01_BUF_HOU,BUF,HOU,Keon Coleman,00-0039901,WR,rec_yds,25.236,0.0,5.345,18.667,37.791,59.766
2026_01_BUF_HOU,BUF,HOU,Keon Coleman,00-0039901,WR,anytime_td,0.167,0.0,0.0,0.0,0.0,1.0
2026_01_BUF_HOU,BUF,HOU,Jackson Hawes,00-0040194,TE,car,0.002,0.0,0.0,0.0,0.0,0.0
2026_01_BUF_HOU,BUF,HOU,Jackson Hawes,00-0040194,TE,rush_yds,0.003,0.0,0.0,0.0,0.0,0.0
2026_01_BUF_HOU,BUF,HOU,Jackson Hawes,00-0040194,TE,tgt,0.844,0.0,0.0,0.0,1.0,2.0
2026_01_BUF_HOU,BUF,HOU,Jackson Hawes,00-0040194,TE,rec,0.6,0.0,0.0,0.0,1.0,2.0
2026_01_BUF_HOU,BUF,HOU,Jackson Hawes,00-0040194,TE,rec_yds,6.227,0.0,0.0,0.0,8.863,21.031
2026_01_BUF_HOU,BUF,HOU,Jackson Hawes,00-0040194,TE,anytime_td,0.054,0.0,0.0,0.0,0.0,0.0
2026_01_BUF_HOU,BUF,HOU,Josh Palmer,00-0036988,WR,car,0.022,0.0,0.0,0.0,0.0,0.0
2026_01_BUF_HOU,BUF,HOU,Josh Palmer,00-0036988,WR,rush_yds,0.117,0.0,0.0,0.0,0.0,0.0
2026_01_BUF_HOU,BUF,HOU,Josh Palmer,00-0036988,WR,tgt,2.783,0.0,1.0,2.0,4.0,6.0
2026_01_BUF_HOU,BUF,HOU,Josh Palmer,00-0036988,WR,rec,1.676,0.0,1.0,1.0,2.0,4.0
2026_01_BUF_HOU,BUF,HOU,Josh Palmer,00-0036988,WR,rec_yds,21.711,0.0,1.15,14.966,32.377,54.501
2026_01_BUF_HOU,BUF,HOU,Josh Palmer,00-0036988,WR,anytime_td,0.071,0.0,0.0,0.0,0.0,0.0
2026_01_BUF_HOU,BUF,HOU,Frank Gore Jr.,00-0039471,RB,car,1.977,0.0,0.0,1.0,3.0,5.0
2026_01_BUF_HOU,BUF,HOU,Frank Gore Jr.,00-0039471,RB,rush_yds,8.225,0.0,0.0,2.66,11.066,24.158
2026_01_BUF_HOU,BUF,HOU,Frank Gore Jr.,00-0039471,RB,tgt,0.792,0.0,0.0,0.0,1.0,2.0
2026_01_BUF_HOU,BUF,HOU,Frank Gore Jr.,00-0039471,RB,rec,0.604,0.0,0.0,0.0,1.0,2.0
2026_01_BUF_HOU,BUF,HOU,Frank Gore Jr.,00-0039471,RB,rec_yds,4.582,0.0,0.0,0.0,5.83,15.56
2026_01_BUF_HOU,BUF,HOU,Frank Gore Jr.,00-0039471,RB,anytime_td,0.078,0.0,0.0,0.0,0.0,0.0
2026_01_BUF_HOU,BUF,HOU,Ray Davis,00-0039875,RB,car,3.699,0.0,1.0,3.0,5.0,9.0
2026_01_BUF_HOU,BUF,HOU,Ray Davis,00-0039875,RB,rush_yds,15.955,0.0,1.987,9.555,22.422,41.146
2026_01_BUF_HOU,BUF,HOU,Ray Davis,00-0039875,RB,tgt,0.987,0.0,0.0,1.0,2.0,3.0
2026_01_BUF_HOU,BUF,HOU,Ray Davis,00-0039875,RB,rec,0.758,0.0,0.0,0.0,1.0,2.0
2026_01_BUF_HOU,BUF,HOU,Ray Davis,00-0039875,RB,rec_yds,5.719,0.0,0.0,0.0,8.099,18.825
2026_01_BUF_HOU,BUF,HOU,Ray Davis,00-0039875,RB,anytime_td,0.113,0.0,0.0,0.0,0.0,1.0
2026_01_BUF_HOU,BUF,HOU,Keleki Latu,00-0040363,TE,car,0.002,0.0,0.0,0.0,0.0,0.0
2026_01_BUF_HOU,BUF,HOU,Keleki Latu,00-0040363,TE,rush_yds,0.006,0.0,0.0,0.0,0.0,0.0
2026_01_BUF_HOU,BUF,HOU,Keleki Latu,00-0040363,TE,tgt,0.961,0.0,0.0,1.0,2.0,3.0
2026_01_BUF_HOU,BUF,HOU,Keleki Latu,00-0040363,TE,rec,0.673,0.0,0.0,0.0,1.0,2.0
2026_01_BUF_HOU,BUF,HOU,Keleki Latu,00-0040363,TE,rec_yds,7.02,0.0,0.0,0.0,10.196,22.994
2026_01_BUF_HOU,BUF,HOU,Keleki Latu,00-0040363,TE,anytime_td,0.023,0.0,0.0,0.0,0.0,0.0
2026_01_CHI_CAR,CAR,CHI,Bryce Young,00-0039150,QB,att,30.109,20.0,26.0,31.0,36.0,41.0
2026_01_CHI_CAR,CAR,CHI,Bryce Young,00-0039150,QB,cmp,18.981,12.0,16.0,19.0,23.0,26.0
2026_01_CHI_CAR,CAR,CHI,Bryce Young,00-0039150,QB,pass_yds,211.397,121.494,163.704,210.276,258.933,309.864
2026_01_CHI_CAR,CAR,CHI,Bryce Young,00-0039150,QB,pass_td,1.419,0.0,1.0,1.0,2.0,3.0
2026_01_CHI_CAR,CAR,CHI,Bryce Young,00-0039150,QB,ints,0.748,0.0,0.0,0.0,1.0,2.0
2026_01_CHI_CAR,CAR,CHI,Bryce Young,00-0039150,QB,car,3.387,1.0,2.0,3.0,5.0,7.0
2026_01_CHI_CAR,CAR,CHI,Bryce Young,00-0039150,QB,rush_yds,17.072,0.0,3.989,12.965,25.679,39.856
2026_01_CHI_CAR,CAR,CHI,Bryce Young,00-0039150,QB,tgt,0.001,0.0,0.0,0.0,0.0,0.0
2026_01_CHI_CAR,CAR,CHI,Bryce Young,00-0039150,QB,rec,0.0,0.0,0.0,0.0,0.0,0.0
2026_01_CHI_CAR,CAR,CHI,Bryce Young,00-0039150,QB,rec_yds,0.004,0.0,0.0,0.0,0.0,0.0
2026_01_CHI_CAR,CAR,CHI,Bryce Young,00-0039150,QB,anytime_td,0.155,0.0,0.0,0.0,0.0,1.0
2026_01_CHI_CAR,CAR,CHI,Jalen Coker,00-0039491,WR,car,0.028,0.0,0.0,0.0,0.0,0.0
2026_01_CHI_CAR,CAR,CHI,Jalen Coker,00-0039491,WR,rush_yds,0.149,0.0,0.0,0.0,0.0,0.0
2026_01_CHI_CAR,CAR,CHI,Jalen Coker,00-0039491,WR,tgt,5.479,2.0,3.0,5.0,7.0,9.0
2026_01_CHI_CAR,CAR,CHI,Jalen Coker,00-0039491,WR,rec,3.601,1.0,2.0,3.0,5.0,7.0
2026_01_CHI_CAR,CAR,CHI,Jalen Coker,00-0039491,WR,rec_yds,45.05,7.741,19.822,38.478,62.803,91.701
2026_01_CHI_CAR,CAR,CHI,Jalen Coker,00-0039491,WR,anytime_td,0.276,0.0,0.0,0.0,1.0,1.0
2026_01_CHI_CAR,CAR,CHI,Tetairoa McMillan,00-0040124,WR,car,0.028,0.0,0.0,0.0,0.0,0.0
2026_01_CHI_CAR,CAR,CHI,Tetairoa McMillan,00-0040124,WR,rush_yds,0.162,0.0,0.0,0.0,0.0,0.0
2026_01_CHI_CAR,CAR,CHI,Tetairoa McMillan,00-0040124,WR,tgt,6.486,3.0,4.0,6.0,8.0,11.0
2026_01_CHI_CAR,CAR,CHI,Tetairoa McMillan,00-0040124,WR,rec,3.904,1.0,2.0,4.0,5.0,7.0
2026_01_CHI_CAR,CAR,CHI,Tetairoa McMillan,00-0040124,WR,rec_yds,51.638,10.28,24.079,44.883,71.436,101.945
2026_01_CHI_CAR,CAR,CHI,Tetairoa McMillan,00-0040124,WR,anytime_td,0.256,0.0,0.0,0.0,1.0,1.0
2026_01_CHI_CAR,CAR,CHI,Chuba Hubbard,00-0036555,RB,car,12.612,6.0,8.0,12.0,16.0,20.0
2026_01_CHI_CAR,CAR,CHI,Chuba Hubbard,00-0036555,RB,rush_yds,53.329,16.608,28.744,46.672,71.07,98.192
2026_01_CHI_CAR,CAR,CHI,Chuba Hubbard,00-0036555,RB,tgt,2.487,0.0,1.0,2.0,4.0,5.0
2026_01_CHI_CAR,CAR,CHI,Chuba Hubbard,00-0036555,RB,rec,1.884,0.0,1.0,2.0,3.0,4.0
2026_01_CHI_CAR,CAR,CHI,Chuba Hubbard,00-0036555,RB,rec_yds,13.497,0.0,0.0,8.985,20.206,34.324
2026_01_CHI_CAR,CAR,CHI,Chuba Hubbard,00-0036555,RB,anytime_td,0.335,0.0,0.0,0.0,1.0,1.0
2026_01_CHI_CAR,CAR,CHI,Tommy Tremble,00-0037005,TE,car,0.003,0.0,0.0,0.0,0.0,0.0
2026_01_CHI_CAR,CAR,CHI,Tommy Tremble,00-0037005,TE,rush_yds,0.007,0.0,0.0,0.0,0.0,0.0
2026_01_CHI_CAR,CAR,CHI,Tommy Tremble,00-0037005,TE,tgt,2.257,0.0,1.0,2.0,3.0,5.0
2026_01_CHI_CAR,CAR,CHI,Tommy Tremble,00-0037005,TE,rec,1.59,0.0,0.0,1.0,2.0,4.0
2026_01_CHI_CAR,CAR,CHI,Tommy Tremble,00-0037005,TE,rec_yds,16.218,0.0,0.0,10.787,24.289,40.714
2026_01_CHI_CAR,CAR,CHI,Tommy Tremble,00-0037005,TE,anytime_td,0.119,0.0,0.0,0.0,0.0,1.0
2026_01_CHI_CAR,CAR,CHI,Xavier Legette,00-0039342,WR,car,0.064,0.0,0.0,0.0,0.0,0.0
2026_01_CHI_CAR,CAR,CHI,Xavier Legette,00-0039342,WR,rush_yds,0.399,0.0,0.0,0.0,0.0,0.0
2026_01_CHI_CAR,CAR,CHI,Xavier Legette,00-0039342,WR,tgt,3.86,1.0,2.0,3.0,5.0,7.0
2026_01_CHI_CAR,CAR,CHI,Xavier Legette,00-0039342,WR,rec,2.322,0.0,1.0,2.0,3.0,5.0
2026_01_CHI_CAR,CAR,CHI,Xavier Legette,00-0039342,WR,rec_yds,28.156,0.0,8.053,21.53,41.21,63.565
2026_01_CHI_CAR,CAR,CHI,Xavier Legette,00-0039342,WR,anytime_td,0.133,0.0,0.0,0.0,0.0,1.0
2026_01_CHI_CAR,CAR,CHI,Mitchell Evans,00-0040187,TE,car,0.147,0.0,0.0,0.0,0.0,0.0
2026_01_CHI_CAR,CAR,CHI,Mitchell Evans,00-0040187,TE,rush_yds,0.352,0.0,0.0,0.0,0.0,0.0
2026_01_CHI_CAR,CAR,CHI,Mitchell Evans,00-0040187,TE,tgt,1.65,0.0,0.0,1.0,2.0,4.0
2026_01_CHI_CAR,CAR,CHI,Mitchell Evans,00-0040187,TE,rec,1.137,0.0,0.0,1.0,2.0,3.0
2026_01_CHI_CAR,CAR,CHI,Mitchell Evans,00-0040187,TE,rec_yds,11.371,0.0,0.0,6.075,17.234,31.881
2026_01_CHI_CAR,CAR,CHI,Mitchell Evans,00-0040187,TE,anytime_td,0.07,0.0,0.0,0.0,0.0,0.0
2026_01_CHI_CAR,CAR,CHI,Darren Waller,00-0031610,TE,car,0.125,0.0,0.0,0.0,0.0,0.0
2026_01_CHI_CAR,CAR,CHI,Darren Waller,00-0031610,TE,rush_yds,0.319,0.0,0.0,0.0,0.0,0.0
2026_01_CHI_CAR,CAR,CHI,Darren Waller,00-0031610,TE,tgt,4.017,1.0,2.0,4.0,5.0,7.0
2026_01_CHI_CAR,CAR,CHI,Darren Waller,00-0031610,TE,rec,2.771,1.0,1.0,2.0,4.0,5.0
2026_01_CHI_CAR,CAR,CHI,Darren Waller,00-0031610,TE,rec_yds,28.755,0.0,10.057,23.532,41.9,62.209
2026_01_CHI_CAR,CAR,CHI,Darren Waller,00-0031610,TE,anytime_td,0.252,0.0,0.0,0.0,1.0,1.0
2026_01_CHI_CAR,CAR,CHI,Jimmy Horn Jr.,00-0040218,WR,car,0.477,0.0,0.0,0.0,0.0,2.0
2026_01_CHI_CAR,CAR,CHI,Jimmy Horn Jr.,00-0040218,WR,rush_yds,2.75,0.0,0.0,0.0,0.0,9.104
2026_01_CHI_CAR,CAR,CHI,Jimmy Horn Jr.,00-0040218,WR,tgt,1.386,0.0,0.0,1.0,2.0,3.0
2026_01_CHI_CAR,CAR,CHI,Jimmy Horn Jr.,00-0040218,WR,rec,0.846,0.0,0.0,1.0,1.0,2.0
2026_01_CHI_CAR,CAR,CHI,Jimmy Horn Jr.,00-0040218,WR,rec_yds,10.348,0.0,0.0,1.109,15.367,31.562
2026_01_CHI_CAR,CAR,CHI,Jimmy Horn Jr.,00-0040218,WR,anytime_td,0.036,0.0,0.0,0.0,0.0,0.0
2026_01_CHI_CAR,CAR,CHI,Jonathon Brooks,00-0039344,RB,car,4.546,1.0,2.0,4.0,6.0,10.0
2026_01_CHI_CAR,CAR,CHI,Jonathon Brooks,00-0039344,RB,rush_yds,19.271,0.0,4.501,13.449,26.736,46.463
2026_01_CHI_CAR,CAR,CHI,Jonathon Brooks,00-0039344,RB,tgt,0.848,0.0,0.0,0.0,1.0,2.0
2026_01_CHI_CAR,CAR,CHI,Jonathon Brooks,00-0039344,RB,rec,0.649,0.0,0.0,0.0,1.0,2.0
2026_01_CHI_CAR,CAR,CHI,Jonathon Brooks,00-0039344,RB,rec_yds,4.66,0.0,0.0,0.0,6.527,15.133
2026_01_CHI_CAR,CAR,CHI,Jonathon Brooks,00-0039344,RB,anytime_td,0.111,0.0,0.0,0.0,0.0,1.0
2026_01_CHI_CAR,CAR,CHI,Brycen Tremayne,00-0038840,WR,car,0.026,0.0,0.0,0.0,0.0,0.0
2026_01_CHI_CAR,CAR,CHI,Brycen Tremayne,00-0038840,WR,rush_yds,0.146,0.0,0.0,0.0,0.0,0.0
2026_01_CHI_CAR,CAR,CHI,Brycen Tremayne,00-0038840,WR,tgt,1.139,0.0,0.0,1.0,2.0,3.0
2026_01_CHI_CAR,CAR,CHI,Brycen Tremayne,00-0038840,WR,rec,0.696,0.0,0.0,0.0,1.0,2.0
2026_01_CHI_CAR,CAR,CHI,Brycen Tremayne,00-0038840,WR,rec_yds,8.74,0.0,0.0,0.0,12.556,28.186
2026_01_CHI_CAR,CAR,CHI,Brycen Tremayne,00-0038840,WR,anytime_td,0.032,0.0,0.0,0.0,0.0,0.0
2026_01_CHI_CAR,CAR,CHI,AJ Dillon,00-0036265,RB,car,4.488,1.0,2.0,4.0,6.0,10.0
2026_01_CHI_CAR,CAR,CHI,AJ Dillon,00-0036265,RB,rush_yds,19.398,0.0,4.393,13.371,27.514,47.027
2026_01_CHI_CAR,CAR,CHI,AJ Dillon,00-0036265,RB,tgt,0.777,0.0,0.0,0.0,1.0,2.0
2026_01_CHI_CAR,CAR,CHI,AJ Dillon,00-0036265,RB,rec,0.601,0.0,0.0,0.0,1.0,2.0
2026_01_CHI_CAR,CAR,CHI,AJ Dillon,00-0036265,RB,rec_yds,4.511,0.0,0.0,0.0,5.674,15.476
2026_01_CHI_CAR,CAR,CHI,AJ Dillon,00-0036265,RB,anytime_td,0.1,0.0,0.0,0.0,0.0,1.0
2026_01_CHI_CAR,CHI,CAR,Caleb Williams,00-0039918,QB,att,30.51,20.0,26.0,31.0,36.0,41.0
2026_01_CHI_CAR,CHI,CAR,Caleb Williams,00-0039918,QB,cmp,19.561,12.0,16.0,20.0,24.0,27.0
2026_01_CHI_CAR,CHI,CAR,Caleb Williams,00-0039918,QB,pass_yds,226.366,129.216,175.622,226.3,278.005,329.551
2026_01_CHI_CAR,CHI,CAR,Caleb Williams,00-0039918,QB,pass_td,1.645,0.0,1.0,2.0,2.0,3.0
2026_01_CHI_CAR,CHI,CAR,Caleb Williams,00-0039918,QB,ints,0.686,0.0,0.0,0.0,1.0,2.0
2026_01_CHI_CAR,CHI,CAR,Caleb Williams,00-0039918,QB,car,3.984,1.0,2.0,3.0,5.0,8.0
2026_01_CHI_CAR,CHI,CAR,Caleb Williams,00-0039918,QB,rush_yds,18.437,0.0,5.045,14.126,27.252,42.378
2026_01_CHI_CAR,CHI,CAR,Caleb Williams,00-0039918,QB,tgt,0.001,0.0,0.0,0.0,0.0,0.0
2026_01_CHI_CAR,CHI,CAR,Caleb Williams,00-0039918,QB,rec,0.001,0.0,0.0,0.0,0.0,0.0
2026_01_CHI_CAR,CHI,CAR,Caleb Williams,00-0039918,QB,rec_yds,0.008,0.0,0.0,0.0,0.0,0.0
2026_01_CHI_CAR,CHI,CAR,Caleb Williams,00-0039918,QB,anytime_td,0.103,0.0,0.0,0.0,0.0,1.0
2026_01_CHI_CAR,CHI,CAR,Colston Loveland,00-0040126,TE,car,0.065,0.0,0.0,0.0,0.0,0.0
2026_01_CHI_CAR,CHI,CAR,Colston Loveland,00-0040126,TE,rush_yds,0.147,0.0,0.0,0.0,0.0,0.0
2026_01_CHI_CAR,CHI,CAR,Colston Loveland,00-0040126,TE,tgt,7.134,3.0,5.0,7.0,9.0,12.0
2026_01_CHI_CAR,CHI,CAR,Colston Loveland,00-0040126,TE,rec,4.942,2.0,3.0,5.0,7.0,8.0
2026_01_CHI_CAR,CHI,CAR,Colston Loveland,00-0040126,TE,rec_yds,56.116,15.223,29.849,50.336,77.101,103.763
2026_01_CHI_CAR,CHI,CAR,Colston Loveland,00-0040126,TE,anytime_td,0.28,0.0,0.0,0.0,1.0,1.0
2026_01_CHI_CAR,CHI,CAR,Luther Burden III,00-0040735,WR,car,0.555,0.0,0.0,0.0,0.0,2.0
2026_01_CHI_CAR,CHI,CAR,Luther Burden III,00-0040735,WR,rush_yds,3.04,0.0,0.0,0.0,0.0,10.924
2026_01_CHI_CAR,CHI,CAR,Luther Burden III,00-0040735,WR,tgt,5.0,2.0,3.0,5.0,7.0,9.0
2026_01_CHI_CAR,CHI,CAR,Luther Burden III,00-0040735,WR,rec,3.245,1.0,2.0,3.0,4.0,6.0
2026_01_CHI_CAR,CHI,CAR,Luther Burden III,00-0040735,WR,rec_yds,41.969,5.236,16.893,35.395,59.485,87.353
2026_01_CHI_CAR,CHI,CAR,Luther Burden III,00-0040735,WR,anytime_td,0.165,0.0,0.0,0.0,0.0,1.0
2026_01_CHI_CAR,CHI,CAR,Kalif Raymond,00-0032464,WR,car,0.111,0.0,0.0,0.0,0.0,0.0
2026_01_CHI_CAR,CHI,CAR,Kalif Raymond,00-0032464,WR,rush_yds,0.59,0.0,0.0,0.0,0.0,0.0
2026_01_CHI_CAR,CHI,CAR,Kalif Raymond,00-0032464,WR,tgt,2.138,0.0,1.0,2.0,3.0,5.0
2026_01_CHI_CAR,CHI,CAR,Kalif Raymond,00-0032464,WR,rec,1.426,0.0,0.0,1.0,2.0,3.0
2026_01_CHI_CAR,CHI,CAR,Kalif Raymond,00-0032464,WR,rec_yds,18.555,0.0,0.0,11.533,27.851,48.997
2026_01_CHI_CAR,CHI,CAR,Kalif Raymond,00-0032464,WR,anytime_td,0.094,0.0,0.0,0.0,0.0,0.0
2026_01_CHI_CAR,CHI,CAR,Cole Kmet,00-0036290,TE,car,0.002,0.0,0.0,0.0,0.0,0.0
2026_01_CHI_CAR,CHI,CAR,Cole Kmet,00-0036290,TE,rush_yds,0.004,0.0,0.0,0.0,0.0,0.0
2026_01_CHI_CAR,CHI,CAR,Cole Kmet,00-0036290,TE,tgt,2.64,0.0,1.0,2.0,4.0,5.0
2026_01_CHI_CAR,CHI,CAR,Cole Kmet,00-0036290,TE,rec,1.875,0.0,1.0,2.0,3.0,4.0
2026_01_CHI_CAR,CHI,CAR,Cole Kmet,00-0036290,TE,rec_yds,19.753,0.0,3.588,14.185,29.676,47.839
2026_01_CHI_CAR,CHI,CAR,Cole Kmet,00-0036290,TE,anytime_td,0.152,0.0,0.0,0.0,0.0,1.0
2026_01_CHI_CAR,CHI,CAR,D'Andre Swift,00-0036275,RB,car,13.727,6.0,9.0,13.0,17.0,22.0
2026_01_CHI_CAR,CHI,CAR,D'Andre Swift,00-0036275,RB,rush_yds,62.177,20.417,35.166,55.258,82.377,112.378
2026_01_CHI_CAR,CHI,CAR,D'Andre Swift,00-0036275,RB,tgt,1.991,0.0,1.0,2.0,3.0,4.0
2026_01_CHI_CAR,CHI,CAR,D'Andre Swift,00-0036275,RB,rec,1.563,0.0,0.0,1.0,2.0,4.0
2026_01_CHI_CAR,CHI,CAR,D'Andre Swift,00-0036275,RB,rec_yds,12.135,0.0,0.0,7.093,17.778,32.674
2026_01_CHI_CAR,CHI,CAR,D'Andre Swift,00-0036275,RB,anytime_td,0.456,0.0,0.0,0.0,1.0,1.0
2026_01_CHI_CAR,CHI,CAR,Rome Odunze,00-0039919,WR,car,0.023,0.0,0.0,0.0,0.0,0.0
2026_01_CHI_CAR,CHI,CAR,Rome Odunze,00-0039919,WR,rush_yds,0.131,0.0,0.0,0.0,0.0,0.0
2026_01_CHI_CAR,CHI,CAR,Rome Odunze,00-0039919,WR,tgt,6.276,2.0,4.0,6.0,8.0,11.0
2026_01_CHI_CAR,CHI,CAR,Rome Odunze,00-0039919,WR,rec,3.618,1.0,2.0,3.0,5.0,7.0
2026_01_CHI_CAR,CHI,CAR,Rome Odunze,00-0039919,WR,rec_yds,48.903,8.473,21.508,41.88,68.598,98.282
2026_01_CHI_CAR,CHI,CAR,Rome Odunze,00-0039919,WR,anytime_td,0.237,0.0,0.0,0.0,0.0,1.0
2026_01_CHI_CAR,CHI,CAR,Jahdae Walker,00-0040277,WR,car,0.026,0.0,0.0,0.0,0.0,0.0
2026_01_CHI_CAR,CHI,CAR,Jahdae Walker,00-0040277,WR,rush_yds,0.144,0.0,0.0,0.0,0.0,0.0
2026_01_CHI_CAR,CHI,CAR,Jahdae Walker,00-0040277,WR,tgt,1.838,0.0,1.0,1.0,3.0,4.0
2026_01_CHI_CAR,CHI,CAR,Jahdae Walker,00-0040277,WR,rec,1.173,0.0,0.0,1.0,2.0,3.0
2026_01_CHI_CAR,CHI,CAR,Jahdae Walker,00-0040277,WR,rec_yds,15.186,0.0,0.0,7.84,23.008,42.888
2026_01_CHI_CAR,CHI,CAR,Jahdae Walker,00-0040277,WR,anytime_td,0.156,0.0,0.0,0.0,0.0,1.0
2026_01_CHI_CAR,CHI,CAR,Kyle Monangai,00-0040236,RB,car,10.363,4.0,6.0,10.0,14.0,18.0
2026_01_CHI_CAR,CHI,CAR,Kyle Monangai,00-0040236,RB,rush_yds,44.935,10.767,21.398,38.198,61.093,88.767
2026_01_CHI_CAR,CHI,CAR,Kyle Monangai,00-0040236,RB,tgt,2.138,0.0,1.0,2.0,3.0,5.0
2026_01_CHI_CAR,CHI,CAR,Kyle Monangai,00-0040236,RB,rec,1.657,0.0,0.0,1.0,2.0,4.0
2026_01_CHI_CAR,CHI,CAR,Kyle Monangai,00-0040236,RB,rec_yds,12.976,0.0,0.0,8.034,19.432,34.242
2026_01_CHI_CAR,CHI,CAR,Kyle Monangai,00-0040236,RB,anytime_td,0.312,0.0,0.0,0.0,1.0,1.0
2026_01_CHI_CAR,CHI,CAR,Sam Roush,00-0041558,TE,car,0.006,0.0,0.0,0.0,0.0,0.0
2026_01_CHI_CAR,CHI,CAR,Sam Roush,00-0041558,TE,rush_yds,0.011,0.0,0.0,0.0,0.0,0.0
2026_01_CHI_CAR,CHI,CAR,Sam Roush,00-0041558,TE,tgt,0.926,0.0,0.0,1.0,1.0,3.0
2026_01_CHI_CAR,CHI,CAR,Sam Roush,00-0041558,TE,rec,0.669,0.0,0.0,0.0,1.0,2.0
2026_01_CHI_CAR,CHI,CAR,Sam Roush,00-0041558,TE,rec_yds,6.942,0.0,0.0,0.0,9.86,22.668
2026_01_CHI_CAR,CHI,CAR,Sam Roush,00-0041558,TE,anytime_td,0.039,0.0,0.0,0.0,0.0,0.0
2026_01_CHI_CAR,CHI,CAR,Kaden Davis,00-0037380,WR,car,0.068,0.0,0.0,0.0,0.0,0.0
2026_01_CHI_CAR,CHI,CAR,Kaden Davis,00-0037380,WR,rush_yds,0.41,0.0,0.0,0.0,0.0,0.0
2026_01_CHI_CAR,CHI,CAR,Kaden Davis,00-0037380,WR,tgt,1.058,0.0,0.0,1.0,2.0,3.0
2026_01_CHI_CAR,CHI,CAR,Kaden Davis,00-0037380,WR,rec,0.67,0.0,0.0,0.0,1.0,2.0
2026_01_CHI_CAR,CHI,CAR,Kaden Davis,00-0037380,WR,rec_yds,8.57,0.0,0.0,0.0,12.398,27.423
2026_01_CHI_CAR,CHI,CAR,Kaden Davis,00-0037380,WR,anytime_td,0.045,0.0,0.0,0.0,0.0,0.0
2026_01_CLE_JAX,JAX,CLE,Trevor Lawrence,00-0036971,QB,att,28.884,19.0,24.0,30.0,34.0,39.0
2026_01_CLE_JAX,JAX,CLE,Trevor Lawrence,00-0036971,QB,cmp,18.684,12.0,15.0,19.0,23.0,26.0
2026_01_CLE_JAX,JAX,CLE,Trevor Lawrence,00-0036971,QB,pass_yds,214.291,121.604,165.492,212.414,263.328,315.209
2026_01_CLE_JAX,JAX,CLE,Trevor Lawrence,00-0036971,QB,pass_td,1.564,0.0,1.0,1.0,2.0,3.0
2026_01_CLE_JAX,JAX,CLE,Trevor Lawrence,00-0036971,QB,ints,0.566,0.0,0.0,0.0,1.0,2.0
2026_01_CLE_JAX,JAX,CLE,Trevor Lawrence,00-0036971,QB,car,5.656,2.0,3.0,5.0,7.0,11.0
2026_01_CLE_JAX,JAX,CLE,Trevor Lawrence,00-0036971,QB,rush_yds,23.419,0.837,8.104,19.246,34.128,51.272
2026_01_CLE_JAX,JAX,CLE,Trevor Lawrence,00-0036971,QB,tgt,0.0,0.0,0.0,0.0,0.0,0.0
2026_01_CLE_JAX,JAX,CLE,Trevor Lawrence,00-0036971,QB,rec,0.0,0.0,0.0,0.0,0.0,0.0
2026_01_CLE_JAX,JAX,CLE,Trevor Lawrence,00-0036971,QB,rec_yds,0.002,0.0,0.0,0.0,0.0,0.0
2026_01_CLE_JAX,JAX,CLE,Trevor Lawrence,00-0036971,QB,anytime_td,0.297,0.0,0.0,0.0,1.0,1.0
2026_01_CLE_JAX,JAX,CLE,Brenton Strange,00-0038935,TE,car,0.004,0.0,0.0,0.0,0.0,0.0
2026_01_CLE_JAX,JAX,CLE,Brenton Strange,00-0038935,TE,rush_yds,0.007,0.0,0.0,0.0,0.0,0.0
2026_01_CLE_JAX,JAX,CLE,Brenton Strange,00-0038935,TE,tgt,3.788,1.0,2.0,3.0,5.0,7.0
2026_01_CLE_JAX,JAX,CLE,Brenton Strange,00-0038935,TE,rec,2.754,1.0,1.0,2.0,4.0,5.0
2026_01_CLE_JAX,JAX,CLE,Brenton Strange,00-0038935,TE,rec_yds,28.537,0.0,10.274,23.452,41.086,60.887
2026_01_CLE_JAX,JAX,CLE,Brenton Strange,00-0038935,TE,anytime_td,0.205,0.0,0.0,0.0,0.0,1.0
2026_01_CLE_JAX,JAX,CLE,Nate Boerkircher,00-0041503,TE,car,0.012,0.0,0.0,0.0,0.0,0.0
2026_01_CLE_JAX,JAX,CLE,Nate Boerkircher,00-0041503,TE,rush_yds,0.035,0.0,0.0,0.0,0.0,0.0
2026_01_CLE_JAX,JAX,CLE,Nate Boerkircher,00-0041503,TE,tgt,0.71,0.0,0.0,0.0,1.0,2.0
2026_01_CLE_JAX,JAX,CLE,Nate Boerkircher,00-0041503,TE,rec,0.518,0.0,0.0,0.0,1.0,2.0
2026_01_CLE_JAX,JAX,CLE,Nate Boerkircher,00-0041503,TE,rec_yds,5.211,0.0,0.0,0.0,7.081,18.507
2026_01_CLE_JAX,JAX,CLE,Nate Boerkircher,00-0041503,TE,anytime_td,0.034,0.0,0.0,0.0,0.0,0.0
2026_01_CLE_JAX,JAX,CLE,Jakobi Meyers,00-0034960,WR,car,0.467,0.0,0.0,0.0,0.0,2.0
2026_01_CLE_JAX,JAX,CLE,Jakobi Meyers,00-0034960,WR,rush_yds,2.578,0.0,0.0,0.0,0.0,7.975
2026_01_CLE_JAX,JAX,CLE,Jakobi Meyers,00-0034960,WR,tgt,5.101,2.0,3.0,5.0,7.0,9.0
2026_01_CLE_JAX,JAX,CLE,Jakobi Meyers,00-0034960,WR,rec,3.326,1.0,2.0,3.0,5.0,6.0
2026_01_CLE_JAX,JAX,CLE,Jakobi Meyers,00-0034960,WR,rec_yds,39.49,5.548,16.246,33.34,56.027,81.235
2026_01_CLE_JAX,JAX,CLE,Jakobi Meyers,00-0034960,WR,anytime_td,0.204,0.0,0.0,0.0,0.0,1.0
2026_01_CLE_JAX,JAX,CLE,Parker Washington,00-0038606,WR,car,0.709,0.0,0.0,0.0,1.0,2.0
2026_01_CLE_JAX,JAX,CLE,Parker Washington,00-0038606,WR,rush_yds,3.87,0.0,0.0,0.0,0.0,13.25
2026_01_CLE_JAX,JAX,CLE,Parker Washington,00-0038606,WR,tgt,5.534,2.0,3.0,5.0,7.0,9.0
2026_01_CLE_JAX,JAX,CLE,Parker Washington,00-0038606,WR,rec,3.584,1.0,2.0,3.0,5.0,6.0
2026_01_CLE_JAX,JAX,CLE,Parker Washington,00-0038606,WR,rec_yds,47.531,8.165,21.134,40.939,66.571,95.319
2026_01_CLE_JAX,JAX,CLE,Parker Washington,00-0038606,WR,anytime_td,0.301,0.0,0.0,0.0,1.0,1.0
2026_01_CLE_JAX,JAX,CLE,Bhayshul Tuten,00-0040719,RB,car,6.3,1.0,3.0,6.0,9.0,12.0
2026_01_CLE_JAX,JAX,CLE,Bhayshul Tuten,00-0040719,RB,rush_yds,28.055,2.201,9.268,21.789,40.006,61.853
2026_01_CLE_JAX,JAX,CLE,Bhayshul Tuten,00-0040719,RB,tgt,0.602,0.0,0.0,0.0,1.0,2.0
2026_01_CLE_JAX,JAX,CLE,Bhayshul Tuten,00-0040719,RB,rec,0.484,0.0,0.0,0.0,1.0,2.0
2026_01_CLE_JAX,JAX,CLE,Bhayshul Tuten,00-0040719,RB,rec_yds,3.496,0.0,0.0,0.0,3.583,12.565
2026_01_CLE_JAX,JAX,CLE,Bhayshul Tuten,00-0040719,RB,anytime_td,0.223,0.0,0.0,0.0,0.0,1.0
2026_01_CLE_JAX,JAX,CLE,Quintin Morris,00-0036590,TE,car,0.002,0.0,0.0,0.0,0.0,0.0
2026_01_CLE_JAX,JAX,CLE,Quintin Morris,00-0036590,TE,rush_yds,0.004,0.0,0.0,0.0,0.0,0.0
2026_01_CLE_JAX,JAX,CLE,Quintin Morris,00-0036590,TE,tgt,0.665,0.0,0.0,0.0,1.0,2.0
2026_01_CLE_JAX,JAX,CLE,Quintin Morris,00-0036590,TE,rec,0.487,0.0,0.0,0.0,1.0,2.0
2026_01_CLE_JAX,JAX,CLE,Quintin Morris,00-0036590,TE,rec_yds,4.901,0.0,0.0,0.0,6.338,17.28
2026_01_CLE_JAX,JAX,CLE,Quintin Morris,00-0036590,TE,anytime_td,0.053,0.0,0.0,0.0,0.0,0.0
2026_01_CLE_JAX,JAX,CLE,Chris Rodriguez Jr.,00-0038611,RB,car,10.595,4.0,7.0,10.0,14.0,18.0
2026_01_CLE_JAX,JAX,CLE,Chris Rodriguez Jr.,00-0038611,RB,rush_yds,46.442,11.334,22.425,39.862,63.172,89.679
2026_01_CLE_JAX,JAX,CLE,Chris Rodriguez Jr.,00-0038611,RB,tgt,0.512,0.0,0.0,0.0,1.0,2.0
2026_01_CLE_JAX,JAX,CLE,Chris Rodriguez Jr.,00-0038611,RB,rec,0.407,0.0,0.0,0.0,1.0,1.0
2026_01_CLE_JAX,JAX,CLE,Chris Rodriguez Jr.,00-0038611,RB,rec_yds,2.962,0.0,0.0,0.0,1.842,10.651
2026_01_CLE_JAX,JAX,CLE,Chris Rodriguez Jr.,00-0038611,RB,anytime_td,0.293,0.0,0.0,0.0,1.0,1.0
2026_01_CLE_JAX,JAX,CLE,Brian Thomas Jr.,00-0039893,WR,car,0.191,0.0,0.0,0.0,0.0,0.0
2026_01_CLE_JAX,JAX,CLE,Brian Thomas Jr.,00-0039893,WR,rush_yds,1.063,0.0,0.0,0.0,0.0,0.0
2026_01_CLE_JAX,JAX,CLE,Brian Thomas Jr.,00-0039893,WR,tgt,4.045,1.0,2.0,4.0,6.0,7.0
2026_01_CLE_JAX,JAX,CLE,Brian Thomas Jr.,00-0039893,WR,rec,2.576,0.0,1.0,2.0,4.0,5.0
2026_01_CLE_JAX,JAX,CLE,Brian Thomas Jr.,00-0039893,WR,rec_yds,33.209,0.0,10.394,26.417,48.608,73.095
2026_01_CLE_JAX,JAX,CLE,Brian Thomas Jr.,00-0039893,WR,anytime_td,0.219,0.0,0.0,0.0,0.0,1.0
2026_01_CLE_JAX,JAX,CLE,Josh Cameron,00-0041100,WR,car,0.114,0.0,0.0,0.0,0.0,0.0
2026_01_CLE_JAX,JAX,CLE,Josh Cameron,00-0041100,WR,rush_yds,0.648,0.0,0.0,0.0,0.0,0.0
2026_01_CLE_JAX,JAX,CLE,Josh Cameron,00-0041100,WR,tgt,1.192,0.0,0.0,1.0,2.0,3.0
2026_01_CLE_JAX,JAX,CLE,Josh Cameron,00-0041100,WR,rec,0.768,0.0,0.0,0.0,1.0,2.0
2026_01_CLE_JAX,JAX,CLE,Josh Cameron,00-0041100,WR,rec_yds,9.33,0.0,0.0,0.0,13.983,29.225
2026_01_CLE_JAX,JAX,CLE,Josh Cameron,00-0041100,WR,anytime_td,0.07,0.0,0.0,0.0,0.0,0.0
2026_01_CLE_JAX,JAX,CLE,C.J. Williams,00-0041106,WR,car,0.108,0.0,0.0,0.0,0.0,0.0
2026_01_CLE_JAX,JAX,CLE,C.J. Williams,00-0041106,WR,rush_yds,0.625,0.0,0.0,0.0,0.0,0.0
2026_01_CLE_JAX,JAX,CLE,C.J. Williams,00-0041106,WR,tgt,1.196,0.0,0.0,1.0,2.0,3.0
2026_01_CLE_JAX,JAX,CLE,C.J. Williams,00-0041106,WR,rec,0.779,0.0,0.0,0.0,1.0,2.0
2026_01_CLE_JAX,JAX,CLE,C.J. Williams,00-0041106,WR,rec_yds,9.906,0.0,0.0,0.0,14.458,31.484
2026_01_CLE_JAX,JAX,CLE,C.J. Williams,00-0041106,WR,anytime_td,0.065,0.0,0.0,0.0,0.0,0.0
2026_01_CLE_JAX,JAX,CLE,Ameer Abdullah,00-0032104,RB,car,2.162,0.0,0.0,1.0,3.0,6.0
2026_01_CLE_JAX,JAX,CLE,Ameer Abdullah,00-0032104,RB,rush_yds,9.578,0.0,0.0,3.382,13.174,27.872
2026_01_CLE_JAX,JAX,CLE,Ameer Abdullah,00-0032104,RB,tgt,1.258,0.0,0.0,1.0,2.0,3.0
2026_01_CLE_JAX,JAX,CLE,Ameer Abdullah,00-0032104,RB,rec,1.019,0.0,0.0,1.0,2.0,3.0
2026_01_CLE_JAX,JAX,CLE,Ameer Abdullah,00-0032104,RB,rec_yds,7.336,0.0,0.0,1.879,10.812,21.963
2026_01_CLE_JAX,JAX,CLE,Ameer Abdullah,00-0032104,RB,anytime_td,0.091,0.0,0.0,0.0,0.0,0.0
2026_01_CLE_JAX,JAX,CLE,Travis Hunter,00-0040718,WR,car,0.274,0.0,0.0,0.0,0.0,1.0
2026_01_CLE_JAX,JAX,CLE,Travis Hunter,00-0040718,WR,rush_yds,1.487,0.0,0.0,0.0,0.0,1.923
2026_01_CLE_JAX,JAX,CLE,Travis Hunter,00-0040718,WR,tgt,4.376,1.0,2.0,4.0,6.0,8.0
2026_01_CLE_JAX,JAX,CLE,Travis Hunter,00-0040718,WR,rec,2.81,1.0,1.0,3.0,4.0,5.0
2026_01_CLE_JAX,JAX,CLE,Travis Hunter,00-0040718,WR,rec_yds,33.906,1.592,11.983,27.895,48.979,72.816
2026_01_CLE_JAX,JAX,CLE,Travis Hunter,00-0040718,WR,anytime_td,0.222,0.0,0.0,0.0,0.0,1.0
2026_01_CLE_JAX,JAX,CLE,LeQuint Allen Jr.,00-0040238,RB,car,2.289,0.0,0.0,1.0,3.0,6.0
2026_01_CLE_JAX,JAX,CLE,LeQuint Allen Jr.,00-0040238,RB,rush_yds,9.988,0.0,0.0,4.043,13.987,28.779
2026_01_CLE_JAX,JAX,CLE,LeQuint Allen Jr.,00-0040238,RB,tgt,0.536,0.0,0.0,0.0,1.0,2.0
2026_01_CLE_JAX,JAX,CLE,LeQuint Allen Jr.,00-0040238,RB,rec,0.431,0.0,0.0,0.0,1.0,1.0
2026_01_CLE_JAX,JAX,CLE,LeQuint Allen Jr.,00-0040238,RB,rec_yds,3.064,0.0,0.0,0.0,1.985,10.931
2026_01_CLE_JAX,JAX,CLE,LeQuint Allen Jr.,00-0040238,RB,anytime_td,0.045,0.0,0.0,0.0,0.0,0.0
2026_01_CLE_JAX,CLE,JAX,Deshaun Watson,00-0033537,QB,att,29.641,20.0,25.0,30.0,35.0,40.0
2026_01_CLE_JAX,CLE,JAX,Deshaun Watson,00-0033537,QB,cmp,17.839,11.0,15.0,18.0,22.0,25.0
2026_01_CLE_JAX,CLE,JAX,Deshaun Watson,00-0033537,QB,pass_yds,180.366,100.737,137.077,178.871,222.877,265.667
2026_01_CLE_JAX,CLE,JAX,Deshaun Watson,00-0033537,QB,pass_td,0.935,0.0,0.0,1.0,1.0,2.0
2026_01_CLE_JAX,CLE,JAX,Deshaun Watson,00-0033537,QB,ints,0.768,0.0,0.0,1.0,1.0,2.0
2026_01_CLE_JAX,CLE,JAX,Deshaun Watson,00-0033537,QB,car,3.923,1.0,2.0,3.0,5.0,7.0
2026_01_CLE_JAX,CLE,JAX,Deshaun Watson,00-0033537,QB,rush_yds,19.982,0.0,6.753,16.365,28.992,43.427
2026_01_CLE_JAX,CLE,JAX,Deshaun Watson,00-0033537,QB,tgt,0.0,0.0,0.0,0.0,0.0,0.0
2026_01_CLE_JAX,CLE,JAX,Deshaun Watson,00-0033537,QB,rec,0.0,0.0,0.0,0.0,0.0,0.0
2026_01_CLE_JAX,CLE,JAX,Deshaun Watson,00-0033537,QB,rec_yds,0.005,0.0,0.0,0.0,0.0,0.0
2026_01_CLE_JAX,CLE,JAX,Deshaun Watson,00-0033537,QB,anytime_td,0.093,0.0,0.0,0.0,0.0,0.0
2026_01_CLE_JAX,CLE,JAX,Denzel Boston,00-0041037,WR,car,0.082,0.0,0.0,0.0,0.0,0.0
2026_01_CLE_JAX,CLE,JAX,Denzel Boston,00-0041037,WR,rush_yds,0.411,0.0,0.0,0.0,0.0,0.0
2026_01_CLE_JAX,CLE,JAX,Denzel Boston,00-0041037,WR,tgt,1.872,0.0,1.0,2.0,3.0,4.0
2026_01_CLE_JAX,CLE,JAX,Denzel Boston,00-0041037,WR,rec,1.111,0.0,0.0,1.0,2.0,3.0
2026_01_CLE_JAX,CLE,JAX,Denzel Boston,00-0041037,WR,rec_yds,13.108,0.0,0.0,6.581,20.075,36.783
2026_01_CLE_JAX,CLE,JAX,Denzel Boston,00-0041037,WR,anytime_td,0.045,0.0,0.0,0.0,0.0,0.0
2026_01_CLE_JAX,CLE,JAX,Harold Fannin Jr.,00-0040663,TE,car,0.41,0.0,0.0,0.0,0.0,1.0
2026_01_CLE_JAX,CLE,JAX,Harold Fannin Jr.,00-0040663,TE,rush_yds,0.942,0.0,0.0,0.0,0.0,2.771
2026_01_CLE_JAX,CLE,JAX,Harold Fannin Jr.,00-0040663,TE,tgt,8.225,4.0,6.0,8.0,10.0,13.0
2026_01_CLE_JAX,CLE,JAX,Harold Fannin Jr.,00-0040663,TE,rec,5.378,2.0,3.0,5.0,7.0,9.0
2026_01_CLE_JAX,CLE,JAX,Harold Fannin Jr.,00-0040663,TE,rec_yds,52.694,15.558,29.323,47.826,71.145,95.42
2026_01_CLE_JAX,CLE,JAX,Harold Fannin Jr.,00-0040663,TE,anytime_td,0.258,0.0,0.0,0.0,1.0,1.0
2026_01_CLE_JAX,CLE,JAX,KC Concepcion,00-0041547,WR,car,0.08,0.0,0.0,0.0,0.0,0.0
2026_01_CLE_JAX,CLE,JAX,KC Concepcion,00-0041547,WR,rush_yds,0.382,0.0,0.0,0.0,0.0,0.0
2026_01_CLE_JAX,CLE,JAX,KC Concepcion,00-0041547,WR,tgt,1.904,0.0,1.0,2.0,3.0,4.0
2026_01_CLE_JAX,CLE,JAX,KC Concepcion,00-0041547,WR,rec,1.138,0.0,0.0,1.0,2.0,3.0
2026_01_CLE_JAX,CLE,JAX,KC Concepcion,00-0041547,WR,rec_yds,13.522,0.0,0.0,6.947,20.39,37.473
2026_01_CLE_JAX,CLE,JAX,KC Concepcion,00-0041547,WR,anytime_td,0.045,0.0,0.0,0.0,0.0,0.0
2026_01_CLE_JAX,CLE,JAX,Quinshon Judkins,00-0040784,RB,car,13.492,6.0,9.0,13.0,17.0,21.0
2026_01_CLE_JAX,CLE,JAX,Quinshon Judkins,00-0040784,RB,rush_yds,49.156,16.005,27.446,43.386,65.383,89.463
2026_01_CLE_JAX,CLE,JAX,Quinshon Judkins,00-0040784,RB,tgt,3.53,1.0,2.0,3.0,5.0,7.0
2026_01_CLE_JAX,CLE,JAX,Quinshon Judkins,00-0040784,RB,rec,2.558,0.0,1.0,2.0,4.0,5.0
2026_01_CLE_JAX,CLE,JAX,Quinshon Judkins,00-0040784,RB,rec_yds,17.46,0.0,4.603,12.927,25.414,40.08
2026_01_CLE_JAX,CLE,JAX,Quinshon Judkins,00-0040784,RB,anytime_td,0.276,0.0,0.0,0.0,1.0,1.0
2026_01_CLE_JAX,CLE,JAX,Jerry Jeudy,00-0036407,WR,car,0.134,0.0,0.0,0.0,0.0,0.0
2026_01_CLE_JAX,CLE,JAX,Jerry Jeudy,00-0036407,WR,rush_yds,0.7,0.0,0.0,0.0,0.0,0.0
2026_01_CLE_JAX,CLE,JAX,Jerry Jeudy,00-0036407,WR,tgt,7.53,3.0,5.0,7.0,10.0,12.0
2026_01_CLE_JAX,CLE,JAX,Jerry Jeudy,00-0036407,WR,rec,4.246,1.0,3.0,4.0,6.0,7.0
2026_01_CLE_JAX,CLE,JAX,Jerry Jeudy,00-0036407,WR,rec_yds,49.417,11.095,24.293,43.363,67.734,95.611
2026_01_CLE_JAX,CLE,JAX,Jerry Jeudy,00-0036407,WR,anytime_td,0.145,0.0,0.0,0.0,0.0,1.0
2026_01_CLE_JAX,CLE,JAX,Blake Whiteheart,00-0038710,TE,car,0.002,0.0,0.0,0.0,0.0,0.0
2026_01_CLE_JAX,CLE,JAX,Blake Whiteheart,00-0038710,TE,rush_yds,0.007,0.0,0.0,0.0,0.0,0.0
2026_01_CLE_JAX,CLE,JAX,Blake Whiteheart,00-0038710,TE,tgt,0.777,0.0,0.0,0.0,1.0,2.0
2026_01_CLE_JAX,CLE,JAX,Blake Whiteheart,00-0038710,TE,rec,0.513,0.0,0.0,0.0,1.0,2.0
2026_01_CLE_JAX,CLE,JAX,Blake Whiteheart,00-0038710,TE,rec_yds,4.897,0.0,0.0,0.0,6.414,17.121
2026_01_CLE_JAX,CLE,JAX,Blake Whiteheart,00-0038710,TE,anytime_td,0.01,0.0,0.0,0.0,0.0,0.0
2026_01_CLE_JAX,CLE,JAX,Raheim Sanders,00-0040466,RB,car,5.447,1.0,2.0,5.0,8.0,11.0
2026_01_CLE_JAX,CLE,JAX,Raheim Sanders,00-0040466,RB,rush_yds,21.189,0.953,6.199,15.644,30.122,48.339
2026_01_CLE_JAX,CLE,JAX,Raheim Sanders,00-0040466,RB,tgt,1.404,0.0,0.0,1.0,2.0,3.0
2026_01_CLE_JAX,CLE,JAX,Raheim Sanders,00-0040466,RB,rec,1.031,0.0,0.0,1.0,2.0,3.0
2026_01_CLE_JAX,CLE,JAX,Raheim Sanders,00-0040466,RB,rec_yds,7.12,0.0,0.0,2.125,10.581,21.26
2026_01_CLE_JAX,CLE,JAX,Raheim Sanders,00-0040466,RB,anytime_td,0.159,0.0,0.0,0.0,0.0,1.0
2026_01_CLE_JAX,CLE,JAX,Tylan Wallace,00-0036630,WR,car,0.019,0.0,0.0,0.0,0.0,0.0
2026_01_CLE_JAX,CLE,JAX,Tylan Wallace,00-0036630,WR,rush_yds,0.096,0.0,0.0,0.0,0.0,0.0
2026_01_CLE_JAX,CLE,JAX,Tylan Wallace,00-0036630,WR,tgt,1.158,0.0,0.0,1.0,2.0,3.0
2026_01_CLE_JAX,CLE,JAX,Tylan Wallace,00-0036630,WR,rec,0.684,0.0,0.0,0.0,1.0,2.0
2026_01_CLE_JAX,CLE,JAX,Tylan Wallace,00-0036630,WR,rec_yds,8.029,0.0,0.0,0.0,11.754,26.09
2026_01_CLE_JAX,CLE,JAX,Tylan Wallace,00-0036630,WR,anytime_td,0.021,0.0,0.0,0.0,0.0,0.0
2026_01_CLE_JAX,CLE,JAX,Isaiah Bond,00-0040782,WR,car,0.368,0.0,0.0,0.0,0.0,1.0
2026_01_CLE_JAX,CLE,JAX,Isaiah Bond,00-0040782,WR,rush_yds,1.823,0.0,0.0,0.0,0.0,4.887
2026_01_CLE_JAX,CLE,JAX,Isaiah Bond,00-0040782,WR,tgt,3.1,1.0,1.0,3.0,4.0,6.0
2026_01_CLE_JAX,CLE,JAX,Isaiah Bond,00-0040782,WR,rec,1.768,0.0,1.0,2.0,3.0,4.0
2026_01_CLE_JAX,CLE,JAX,Isaiah Bond,00-0040782,WR,rec_yds,21.864,0.0,3.095,15.443,32.953,53.479
2026_01_CLE_JAX,CLE,JAX,Isaiah Bond,00-0040782,WR,anytime_td,0.055,0.0,0.0,0.0,0.0,0.0
2026_01_CLE_JAX,CLE,JAX,Michael Burton,00-0031595,RB,car,0.935,0.0,0.0,0.0,1.0,3.0
2026_01_CLE_JAX,CLE,JAX,Michael Burton,00-0031595,RB,rush_yds,3.7,0.0,0.0,0.0,3.692,12.049
2026_01_CLE_JAX,CLE,JAX,Michael Burton,00-0031595,RB,tgt,0.752,0.0,0.0,0.0,1.0,2.0
2026_01_CLE_JAX,CLE,JAX,Michael Burton,00-0031595,RB,rec,0.562,0.0,0.0,0.0,1.0,2.0
2026_01_CLE_JAX,CLE,JAX,Michael Burton,00-0031595,RB,rec_yds,3.812,0.0,0.0,0.0,4.726,13.159
2026_01_CLE_JAX,CLE,JAX,Michael Burton,00-0031595,RB,anytime_td,0.058,0.0,0.0,0.0,0.0,0.0
2026_01_DAL_NYG,NYG,DAL,Jaxson Dart,00-0040691,QB,att,29.587,20.0,25.0,30.0,35.0,40.0
2026_01_DAL_NYG,NYG,DAL,Jaxson Dart,00-0040691,QB,cmp,19.191,12.0,16.0,19.0,23.0,27.0
2026_01_DAL_NYG,NYG,DAL,Jaxson Dart,00-0040691,QB,pass_yds,211.522,118.682,163.236,211.098,261.268,309.581
2026_01_DAL_NYG,NYG,DAL,Jaxson Dart,00-0040691,QB,pass_td,1.312,0.0,0.0,1.0,2.0,3.0
2026_01_DAL_NYG,NYG,DAL,Jaxson Dart,00-0040691,QB,ints,0.658,0.0,0.0,0.0,1.0,2.0
2026_01_DAL_NYG,NYG,DAL,Jaxson Dart,00-0040691,QB,car,4.746,1.0,3.0,4.0,6.0,9.0
2026_01_DAL_NYG,NYG,DAL,Jaxson Dart,00-0040691,QB,rush_yds,24.187,1.979,8.965,19.922,34.789,51.625
2026_01_DAL_NYG,NYG,DAL,Jaxson Dart,00-0040691,QB,tgt,0.0,0.0,0.0,0.0,0.0,0.0
2026_01_DAL_NYG,NYG,DAL,Jaxson Dart,00-0040691,QB,rec,0.0,0.0,0.0,0.0,0.0,0.0
2026_01_DAL_NYG,NYG,DAL,Jaxson Dart,00-0040691,QB,rec_yds,0.003,0.0,0.0,0.0,0.0,0.0
2026_01_DAL_NYG,NYG,DAL,Jaxson Dart,00-0040691,QB,anytime_td,0.257,0.0,0.0,0.0,1.0,1.0
2026_01_DAL_NYG,NYG,DAL,Malachi Fields,00-0041042,WR,car,0.063,0.0,0.0,0.0,0.0,0.0
2026_01_DAL_NYG,NYG,DAL,Malachi Fields,00-0041042,WR,rush_yds,0.346,0.0,0.0,0.0,0.0,0.0
2026_01_DAL_NYG,NYG,DAL,Malachi Fields,00-0041042,WR,tgt,1.315,0.0,0.0,1.0,2.0,3.0
2026_01_DAL_NYG,NYG,DAL,Malachi Fields,00-0041042,WR,rec,0.824,0.0,0.0,0.0,1.0,2.0
2026_01_DAL_NYG,NYG,DAL,Malachi Fields,00-0041042,WR,rec_yds,10.709,0.0,0.0,0.0,15.917,32.606
2026_01_DAL_NYG,NYG,DAL,Malachi Fields,00-0041042,WR,anytime_td,0.051,0.0,0.0,0.0,0.0,0.0
2026_01_DAL_NYG,NYG,DAL,Cam Skattebo,00-0040715,RB,car,7.851,2.0,4.0,7.0,11.0,14.0
2026_01_DAL_NYG,NYG,DAL,Cam Skattebo,00-0040715,RB,rush_yds,33.693,5.322,13.644,27.257,46.68,70.187
2026_01_DAL_NYG,NYG,DAL,Cam Skattebo,00-0040715,RB,tgt,3.184,1.0,2.0,3.0,4.0,6.0
2026_01_DAL_NYG,NYG,DAL,Cam Skattebo,00-0040715,RB,rec,2.441,0.0,1.0,2.0,3.0,5.0
2026_01_DAL_NYG,NYG,DAL,Cam Skattebo,00-0040715,RB,rec_yds,19.32,0.0,4.563,14.268,28.527,45.309
2026_01_DAL_NYG,NYG,DAL,Cam Skattebo,00-0040715,RB,anytime_td,0.381,0.0,0.0,0.0,1.0,1.0
2026_01_DAL_NYG,NYG,DAL,Darnell Mooney,00-0036309,WR,car,0.018,0.0,0.0,0.0,0.0,0.0
2026_01_DAL_NYG,NYG,DAL,Darnell Mooney,00-0036309,WR,rush_yds,0.091,0.0,0.0,0.0,0.0,0.0
2026_01_DAL_NYG,NYG,DAL,Darnell Mooney,00-0036309,WR,tgt,3.876,1.0,2.0,4.0,5.0,7.0
2026_01_DAL_NYG,NYG,DAL,Darnell Mooney,00-0036309,WR,rec,2.347,0.0,1.0,2.0,3.0,5.0
2026_01_DAL_NYG,NYG,DAL,Darnell Mooney,00-0036309,WR,rec_yds,30.916,0.0,9.205,24.045,45.532,70.026
2026_01_DAL_NYG,NYG,DAL,Darnell Mooney,00-0036309,WR,anytime_td,0.13,0.0,0.0,0.0,0.0,1.0
2026_01_DAL_NYG,NYG,DAL,Malik Nabers,00-0039337,WR,car,0.065,0.0,0.0,0.0,0.0,0.0
2026_01_DAL_NYG,NYG,DAL,Malik Nabers,00-0039337,WR,rush_yds,0.398,0.0,0.0,0.0,0.0,0.0
2026_01_DAL_NYG,NYG,DAL,Malik Nabers,00-0039337,WR,tgt,6.912,3.0,5.0,7.0,9.0,11.0
2026_01_DAL_NYG,NYG,DAL,Malik Nabers,00-0039337,WR,rec,4.221,1.0,2.0,4.0,6.0,7.0
2026_01_DAL_NYG,NYG,DAL,Malik Nabers,00-0039337,WR,rec_yds,56.031,12.431,27.014,49.417,77.949,107.675
2026_01_DAL_NYG,NYG,DAL,Malik Nabers,00-0039337,WR,anytime_td,0.296,0.0,0.0,0.0,1.0,1.0
2026_01_DAL_NYG,NYG,DAL,Isaiah Likely,00-0037838,TE,car,0.004,0.0,0.0,0.0,0.0,0.0
2026_01_DAL_NYG,NYG,DAL,Isaiah Likely,00-0037838,TE,rush_yds,0.012,0.0,0.0,0.0,0.0,0.0
2026_01_DAL_NYG,NYG,DAL,Isaiah Likely,00-0037838,TE,tgt,2.665,0.0,1.0,2.0,4.0,6.0
2026_01_DAL_NYG,NYG,DAL,Isaiah Likely,00-0037838,TE,rec,1.922,0.0,1.0,2.0,3.0,4.0
2026_01_DAL_NYG,NYG,DAL,Isaiah Likely,00-0037838,TE,rec_yds,20.784,0.0,4.175,14.896,31.204,49.784
2026_01_DAL_NYG,NYG,DAL,Isaiah Likely,00-0037838,TE,anytime_td,0.114,0.0,0.0,0.0,0.0,1.0
2026_01_DAL_NYG,NYG,DAL,Theo Johnson,00-0039847,TE,car,0.001,0.0,0.0,0.0,0.0,0.0
2026_01_DAL_NYG,NYG,DAL,Theo Johnson,00-0039847,TE,rush_yds,0.005,0.0,0.0,0.0,0.0,0.0
2026_01_DAL_NYG,NYG,DAL,Theo Johnson,00-0039847,TE,tgt,4.257,1.0,2.0,4.0,6.0,8.0
2026_01_DAL_NYG,NYG,DAL,Theo Johnson,00-0039847,TE,rec,2.906,1.0,1.0,3.0,4.0,6.0
2026_01_DAL_NYG,NYG,DAL,Theo Johnson,00-0039847,TE,rec_yds,33.18,2.274,12.661,27.651,47.712,70.044
2026_01_DAL_NYG,NYG,DAL,Theo Johnson,00-0039847,TE,anytime_td,0.19,0.0,0.0,0.0,0.0,1.0
2026_01_DAL_NYG,NYG,DAL,Devin Singletary,00-0035250,RB,car,5.368,1.0,2.0,5.0,8.0,11.0
2026_01_DAL_NYG,NYG,DAL,Devin Singletary,00-0035250,RB,rush_yds,22.815,0.906,6.508,16.887,32.47,51.69
2026_01_DAL_NYG,NYG,DAL,Devin Singletary,00-0035250,RB,tgt,1.279,0.0,0.0,1.0,2.0,3.0
2026_01_DAL_NYG,NYG,DAL,Devin Singletary,00-0035250,RB,rec,1.029,0.0,0.0,1.0,2.0,3.0
2026_01_DAL_NYG,NYG,DAL,Devin Singletary,00-0035250,RB,rec_yds,7.91,0.0,0.0,2.097,11.711,23.568
2026_01_DAL_NYG,NYG,DAL,Devin Singletary,00-0035250,RB,anytime_td,0.223,0.0,0.0,0.0,0.0,1.0
2026_01_DAL_NYG,NYG,DAL,Braxton Berrios,00-0034419,WR,car,0.024,0.0,0.0,0.0,0.0,0.0
2026_01_DAL_NYG,NYG,DAL,Braxton Berrios,00-0034419,WR,rush_yds,0.132,0.0,0.0,0.0,0.0,0.0
2026_01_DAL_NYG,NYG,DAL,Braxton Berrios,00-0034419,WR,tgt,1.141,0.0,0.0,1.0,2.0,3.0
2026_01_DAL_NYG,NYG,DAL,Braxton Berrios,00-0034419,WR,rec,0.724,0.0,0.0,0.0,1.0,2.0
2026_01_DAL_NYG,NYG,DAL,Braxton Berrios,00-0034419,WR,rec_yds,9.268,0.0,0.0,0.0,13.112,29.779
2026_01_DAL_NYG,NYG,DAL,Braxton Berrios,00-0034419,WR,anytime_td,0.033,0.0,0.0,0.0,0.0,0.0
2026_01_DAL_NYG,NYG,DAL,Odell Beckham Jr.,00-0031235,WR,car,0.02,0.0,0.0,0.0,0.0,0.0
2026_01_DAL_NYG,NYG,DAL,Odell Beckham Jr.,00-0031235,WR,rush_yds,0.101,0.0,0.0,0.0,0.0,0.0
2026_01_DAL_NYG,NYG,DAL,Odell Beckham Jr.,00-0031235,WR,tgt,1.736,0.0,0.0,1.0,3.0,4.0
2026_01_DAL_NYG,NYG,DAL,Odell Beckham Jr.,00-0031235,WR,rec,1.08,0.0,0.0,1.0,2.0,3.0
2026_01_DAL_NYG,NYG,DAL,Odell Beckham Jr.,00-0031235,WR,rec_yds,13.842,0.0,0.0,6.71,20.702,39.446
2026_01_DAL_NYG,NYG,DAL,Odell Beckham Jr.,00-0031235,WR,anytime_td,0.047,0.0,0.0,0.0,0.0,0.0
2026_01_DAL_NYG,NYG,DAL,Tyrone Tracy Jr.,00-0039384,RB,car,8.507,3.0,5.0,8.0,11.0,15.0
2026_01_DAL_NYG,NYG,DAL,Tyrone Tracy Jr.,00-0039384,RB,rush_yds,37.481,7.185,16.314,31.096,51.411,75.99
2026_01_DAL_NYG,NYG,DAL,Tyrone Tracy Jr.,00-0039384,RB,tgt,3.1,1.0,1.0,3.0,4.0,6.0
2026_01_DAL_NYG,NYG,DAL,Tyrone Tracy Jr.,00-0039384,RB,rec,2.423,0.0,1.0,2.0,3.0,5.0
2026_01_DAL_NYG,NYG,DAL,Tyrone Tracy Jr.,00-0039384,RB,rec_yds,18.731,0.0,4.333,13.655,27.664,44.645
2026_01_DAL_NYG,NYG,DAL,Tyrone Tracy Jr.,00-0039384,RB,anytime_td,0.298,0.0,0.0,0.0,1.0,1.0
2026_01_DAL_NYG,DAL,NYG,Dak Prescott,00-0033077,QB,att,30.761,21.0,26.0,31.0,37.0,41.0
2026_01_DAL_NYG,DAL,NYG,Dak Prescott,00-0033077,QB,cmp,20.298,13.0,17.0,21.0,24.0,28.0
2026_01_DAL_NYG,DAL,NYG,Dak Prescott,00-0033077,QB,pass_yds,230.897,131.624,179.853,231.348,284.012,333.477
2026_01_DAL_NYG,DAL,NYG,Dak Prescott,00-0033077,QB,pass_td,1.612,0.0,1.0,2.0,2.0,3.0
2026_01_DAL_NYG,DAL,NYG,Dak Prescott,00-0033077,QB,ints,0.633,0.0,0.0,0.0,1.0,2.0
2026_01_DAL_NYG,DAL,NYG,Dak Prescott,00-0033077,QB,car,3.144,1.0,1.0,3.0,4.0,6.0
2026_01_DAL_NYG,DAL,NYG,Dak Prescott,00-0033077,QB,rush_yds,13.235,-1.0,0.987,8.884,20.048,33.551
2026_01_DAL_NYG,DAL,NYG,Dak Prescott,00-0033077,QB,tgt,0.0,0.0,0.0,0.0,0.0,0.0
2026_01_DAL_NYG,DAL,NYG,Dak Prescott,00-0033077,QB,rec,0.0,0.0,0.0,0.0,0.0,0.0
2026_01_DAL_NYG,DAL,NYG,Dak Prescott,00-0033077,QB,rec_yds,0.002,0.0,0.0,0.0,0.0,0.0
2026_01_DAL_NYG,DAL,NYG,Dak Prescott,00-0033077,QB,anytime_td,0.103,0.0,0.0,0.0,0.0,1.0
2026_01_DAL_NYG,DAL,NYG,George Pickens,00-0037247,WR,car,0.02,0.0,0.0,0.0,0.0,0.0
2026_01_DAL_NYG,DAL,NYG,George Pickens,00-0037247,WR,rush_yds,0.103,0.0,0.0,0.0,0.0,0.0
2026_01_DAL_NYG,DAL,NYG,George Pickens,00-0037247,WR,tgt,6.542,3.0,4.0,6.0,9.0,11.0
2026_01_DAL_NYG,DAL,NYG,George Pickens,00-0037247,WR,rec,4.299,1.0,3.0,4.0,6.0,8.0
2026_01_DAL_NYG,DAL,NYG,George Pickens,00-0037247,WR,rec_yds,58.468,12.889,28.343,51.83,80.823,112.868
2026_01_DAL_NYG,DAL,NYG,George Pickens,00-0037247,WR,anytime_td,0.294,0.0,0.0,0.0,1.0,1.0
2026_01_DAL_NYG,DAL,NYG,CeeDee Lamb,00-0036358,WR,car,0.094,0.0,0.0,0.0,0.0,0.0
2026_01_DAL_NYG,DAL,NYG,CeeDee Lamb,00-0036358,WR,rush_yds,0.525,0.0,0.0,0.0,0.0,0.0
2026_01_DAL_NYG,DAL,NYG,CeeDee Lamb,00-0036358,WR,tgt,6.737,3.0,4.0,6.0,9.0,11.0
2026_01_DAL_NYG,DAL,NYG,CeeDee Lamb,00-0036358,WR,rec,4.369,2.0,3.0,4.0,6.0,8.0
2026_01_DAL_NYG,DAL,NYG,CeeDee Lamb,00-0036358,WR,rec_yds,56.568,13.404,27.792,49.749,78.074,109.252
2026_01_DAL_NYG,DAL,NYG,CeeDee Lamb,00-0036358,WR,anytime_td,0.246,0.0,0.0,0.0,0.0,1.0
2026_01_DAL_NYG,DAL,NYG,Jake Ferguson,00-0038041,TE,car,0.059,0.0,0.0,0.0,0.0,0.0
2026_01_DAL_NYG,DAL,NYG,Jake Ferguson,00-0038041,TE,rush_yds,0.136,0.0,0.0,0.0,0.0,0.0
2026_01_DAL_NYG,DAL,NYG,Jake Ferguson,00-0038041,TE,tgt,4.066,1.0,2.0,4.0,6.0,7.0
2026_01_DAL_NYG,DAL,NYG,Jake Ferguson,00-0038041,TE,rec,2.986,1.0,1.0,3.0,4.0,6.0
2026_01_DAL_NYG,DAL,NYG,Jake Ferguson,00-0038041,TE,rec_yds,28.689,2.053,10.762,23.777,41.039,60.909
2026_01_DAL_NYG,DAL,NYG,Jake Ferguson,00-0038041,TE,anytime_td,0.264,0.0,0.0,0.0,1.0,1.0
2026_01_DAL_NYG,DAL,NYG,Javonte Williams,00-0036997,RB,car,15.387,8.0,11.0,15.0,19.0,24.0
2026_01_DAL_NYG,DAL,NYG,Javonte Williams,00-0036997,RB,rush_yds,69.791,25.592,40.552,62.802,91.951,122.731
2026_01_DAL_NYG,DAL,NYG,Javonte Williams,00-0036997,RB,tgt,2.289,0.0,1.0,2.0,3.0,5.0
2026_01_DAL_NYG,DAL,NYG,Javonte Williams,00-0036997,RB,rec,1.749,0.0,1.0,1.0,3.0,4.0
2026_01_DAL_NYG,DAL,NYG,Javonte Williams,00-0036997,RB,rec_yds,12.169,0.0,0.0,7.739,17.884,31.828
2026_01_DAL_NYG,DAL,NYG,Javonte Williams,00-0036997,RB,anytime_td,0.489,0.0,0.0,0.0,1.0,1.0
2026_01_DAL_NYG,DAL,NYG,Ryan Flournoy,00-0039410,WR,car,0.158,0.0,0.0,0.0,0.0,0.0
2026_01_DAL_NYG,DAL,NYG,Ryan Flournoy,00-0039410,WR,rush_yds,0.95,0.0,0.0,0.0,0.0,0.0
2026_01_DAL_NYG,DAL,NYG,Ryan Flournoy,00-0039410,WR,tgt,3.73,1.0,2.0,3.0,5.0,7.0
2026_01_DAL_NYG,DAL,NYG,Ryan Flournoy,00-0039410,WR,rec,2.509,0.0,1.0,2.0,4.0,5.0
2026_01_DAL_NYG,DAL,NYG,Ryan Flournoy,00-0039410,WR,rec_yds,31.009,0.0,9.396,24.213,45.434,70.063
2026_01_DAL_NYG,DAL,NYG,Ryan Flournoy,00-0039410,WR,anytime_td,0.24,0.0,0.0,0.0,0.0,1.0
2026_01_DAL_NYG,DAL,NYG,Hunter Luepke,00-0038738,RB,car,2.171,0.0,0.0,1.0,3.0,6.0
2026_01_DAL_NYG,DAL,NYG,Hunter Luepke,00-0038738,RB,rush_yds,9.664,0.0,0.0,3.379,13.169,28.193
2026_01_DAL_NYG,DAL,NYG,Hunter Luepke,00-0038738,RB,tgt,0.991,0.0,0.0,1.0,2.0,3.0
2026_01_DAL_NYG,DAL,NYG,Hunter Luepke,00-0038738,RB,rec,0.796,0.0,0.0,0.0,1.0,2.0
2026_01_DAL_NYG,DAL,NYG,Hunter Luepke,00-0038738,RB,rec_yds,5.989,0.0,0.0,0.0,8.549,18.784
2026_01_DAL_NYG,DAL,NYG,Hunter Luepke,00-0038738,RB,anytime_td,0.082,0.0,0.0,0.0,0.0,0.0
2026_01_DAL_NYG,DAL,NYG,Brevyn Spann-Ford,00-0039530,TE,car,0.001,0.0,0.0,0.0,0.0,0.0
2026_01_DAL_NYG,DAL,NYG,Brevyn Spann-Ford,00-0039530,TE,rush_yds,0.003,0.0,0.0,0.0,0.0,0.0
2026_01_DAL_NYG,DAL,NYG,Brevyn Spann-Ford,00-0039530,TE,tgt,1.007,0.0,0.0,1.0,2.0,3.0
2026_01_DAL_NYG,DAL,NYG,Brevyn Spann-Ford,00-0039530,TE,rec,0.727,0.0,0.0,0.0,1.0,2.0
2026_01_DAL_NYG,DAL,NYG,Brevyn Spann-Ford,00-0039530,TE,rec_yds,7.537,0.0,0.0,0.0,11.144,24.093
2026_01_DAL_NYG,DAL,NYG,Brevyn Spann-Ford,00-0039530,TE,anytime_td,0.054,0.0,0.0,0.0,0.0,0.0
2026_01_DAL_NYG,DAL,NYG,Luke Schoonmaker,00-0038547,TE,car,0.002,0.0,0.0,0.0,0.0,0.0
2026_01_DAL_NYG,DAL,NYG,Luke Schoonmaker,00-0038547,TE,rush_yds,0.005,0.0,0.0,0.0,0.0,0.0
2026_01_DAL_NYG,DAL,NYG,Luke Schoonmaker,00-0038547,TE,tgt,1.204,0.0,0.0,1.0,2.0,3.0
2026_01_DAL_NYG,DAL,NYG,Luke Schoonmaker,00-0038547,TE,rec,0.886,0.0,0.0,1.0,1.0,2.0
2026_01_DAL_NYG,DAL,NYG,Luke Schoonmaker,00-0038547,TE,rec_yds,9.006,0.0,0.0,1.872,13.482,27.379
2026_01_DAL_NYG,DAL,NYG,Luke Schoonmaker,00-0038547,TE,anytime_td,0.023,0.0,0.0,0.0,0.0,0.0
2026_01_DAL_NYG,DAL,NYG,Jonathan Mingo,00-0039062,WR,car,0.033,0.0,0.0,0.0,0.0,0.0
2026_01_DAL_NYG,DAL,NYG,Jonathan Mingo,00-0039062,WR,rush_yds,0.198,0.0,0.0,0.0,0.0,0.0
2026_01_DAL_NYG,DAL,NYG,Jonathan Mingo,00-0039062,WR,tgt,1.23,0.0,0.0,1.0,2.0,3.0
2026_01_DAL_NYG,DAL,NYG,Jonathan Mingo,00-0039062,WR,rec,0.761,0.0,0.0,0.0,1.0,2.0
2026_01_DAL_NYG,DAL,NYG,Jonathan Mingo,00-0039062,WR,rec_yds,9.69,0.0,0.0,0.0,14.109,30.31
2026_01_DAL_NYG,DAL,NYG,Jonathan Mingo,00-0039062,WR,anytime_td,0.034,0.0,0.0,0.0,0.0,0.0
2026_01_DAL_NYG,DAL,NYG,KaVontae Turpin,00-0037801,WR,car,1.082,0.0,0.0,0.0,1.0,3.0
2026_01_DAL_NYG,DAL,NYG,KaVontae Turpin,00-0037801,WR,rush_yds,6.246,0.0,0.0,0.0,6.634,21.473
2026_01_DAL_NYG,DAL,NYG,KaVontae Turpin,00-0037801,WR,tgt,2.112,0.0,1.0,2.0,3.0,5.0
2026_01_DAL_NYG,DAL,NYG,KaVontae Turpin,00-0037801,WR,rec,1.363,0.0,0.0,1.0,2.0,3.0
2026_01_DAL_NYG,DAL,NYG,KaVontae Turpin,00-0037801,WR,rec_yds,18.102,0.0,0.0,10.562,27.462,48.656
2026_01_DAL_NYG,DAL,NYG,KaVontae Turpin,00-0037801,WR,anytime_td,0.138,0.0,0.0,0.0,0.0,1.0
2026_01_DAL_NYG,DAL,NYG,Emari Demercado,00-0038705,RB,car,5.364,1.0,2.0,4.0,8.0,11.0
2026_01_DAL_NYG,DAL,NYG,Emari Demercado,00-0038705,RB,rush_yds,24.859,0.0,6.382,18.218,35.973,57.495
2026_01_DAL_NYG,DAL,NYG,Emari Demercado,00-0038705,RB,tgt,1.519,0.0,0.0,1.0,2.0,4.0
2026_01_DAL_NYG,DAL,NYG,Emari Demercado,00-0038705,RB,rec,1.198,0.0,0.0,1.0,2.0,3.0
2026_01_DAL_NYG,DAL,NYG,Emari Demercado,00-0038705,RB,rec_yds,8.991,0.0,0.0,4.016,13.428,26.06
2026_01_DAL_NYG,DAL,NYG,Emari Demercado,00-0038705,RB,anytime_td,0.197,0.0,0.0,0.0,0.0,1.0
2026_01_GB_MIN,MIN,GB,Justin Jefferson,00-0036322,WR,car,0.124,0.0,0.0,0.0,0.0,0.0
2026_01_GB_MIN,MIN,GB,Justin Jefferson,00-0036322,WR,rush_yds,0.714,0.0,0.0,0.0,0.0,0.0
2026_01_GB_MIN,MIN,GB,Justin Jefferson,00-0036322,WR,tgt,7.576,3.0,5.0,7.0,10.0,12.0
2026_01_GB_MIN,MIN,GB,Justin Jefferson,00-0036322,WR,rec,4.73,2.0,3.0,4.0,6.0,8.0
2026_01_GB_MIN,MIN,GB,Justin Jefferson,00-0036322,WR,rec_yds,60.0,16.185,31.648,53.538,81.936,111.694
2026_01_GB_MIN,MIN,GB,Justin Jefferson,00-0036322,WR,anytime_td,0.276,0.0,0.0,0.0,1.0,1.0
2026_01_GB_MIN,MIN,GB,Jordan Addison,00-0038994,WR,car,0.164,0.0,0.0,0.0,0.0,0.0
2026_01_GB_MIN,MIN,GB,Jordan Addison,00-0038994,WR,rush_yds,1.007,0.0,0.0,0.0,0.0,0.0
2026_01_GB_MIN,MIN,GB,Jordan Addison,00-0038994,WR,tgt,4.545,1.0,3.0,4.0,6.0,8.0
2026_01_GB_MIN,MIN,GB,Jordan Addison,00-0038994,WR,rec,2.761,1.0,1.0,2.0,4.0,5.0
2026_01_GB_MIN,MIN,GB,Jordan Addison,00-0038994,WR,rec_yds,36.454,0.0,12.712,29.388,52.648,78.845
2026_01_GB_MIN,MIN,GB,Jordan Addison,00-0038994,WR,anytime_td,0.232,0.0,0.0,0.0,0.0,1.0
2026_01_GB_MIN,MIN,GB,T.J. Hockenson,00-0035229,TE,car,0.075,0.0,0.0,0.0,0.0,0.0
2026_01_GB_MIN,MIN,GB,T.J. Hockenson,00-0035229,TE,rush_yds,0.173,0.0,0.0,0.0,0.0,0.0
2026_01_GB_MIN,MIN,GB,T.J. Hockenson,00-0035229,TE,tgt,3.94,1.0,2.0,4.0,5.0,7.0
2026_01_GB_MIN,MIN,GB,T.J. Hockenson,00-0035229,TE,rec,2.893,1.0,1.0,3.0,4.0,6.0
2026_01_GB_MIN,MIN,GB,T.J. Hockenson,00-0035229,TE,rec_yds,29.835,1.77,11.111,25.083,42.742,62.823
2026_01_GB_MIN,MIN,GB,T.J. Hockenson,00-0035229,TE,anytime_td,0.204,0.0,0.0,0.0,0.0,1.0
2026_01_GB_MIN,MIN,GB,Josh Oliver,00-0035249,TE,car,0.001,0.0,0.0,0.0,0.0,0.0
2026_01_GB_MIN,MIN,GB,Josh Oliver,00-0035249,TE,rush_yds,0.002,0.0,0.0,0.0,0.0,0.0
2026_01_GB_MIN,MIN,GB,Josh Oliver,00-0035249,TE,tgt,1.627,0.0,0.0,1.0,2.0,4.0
2026_01_GB_MIN,MIN,GB,Josh Oliver,00-0035249,TE,rec,1.18,0.0,0.0,1.0,2.0,3.0
2026_01_GB_MIN,MIN,GB,Josh Oliver,00-0035249,TE,rec_yds,12.608,0.0,0.0,7.121,19.497,34.734
2026_01_GB_MIN,MIN,GB,Josh Oliver,00-0035249,TE,anytime_td,0.16,0.0,0.0,0.0,0.0,1.0
2026_01_GB_MIN,MIN,GB,Jauan Jennings,00-0036259,WR,car,0.021,0.0,0.0,0.0,0.0,0.0
2026_01_GB_MIN,MIN,GB,Jauan Jennings,00-0036259,WR,rush_yds,0.137,0.0,0.0,0.0,0.0,0.0
2026_01_GB_MIN,MIN,GB,Jauan Jennings,00-0036259,WR,tgt,4.459,1.0,3.0,4.0,6.0,8.0
2026_01_GB_MIN,MIN,GB,Jauan Jennings,00-0036259,WR,rec,2.803,1.0,1.0,3.0,4.0,5.0
2026_01_GB_MIN,MIN,GB,Jauan Jennings,00-0036259,WR,rec_yds,36.92,0.0,13.226,30.051,53.159,79.69
2026_01_GB_MIN,MIN,GB,Jauan Jennings,00-0036259,WR,anytime_td,0.271,0.0,0.0,0.0,1.0,1.0
2026_01_GB_MIN,MIN,GB,Aaron Jones,00-0033293,RB,car,11.356,5.0,7.0,11.0,15.0,19.0
2026_01_GB_MIN,MIN,GB,Aaron Jones,00-0033293,RB,rush_yds,48.715,13.188,24.417,42.057,66.314,92.741
2026_01_GB_MIN,MIN,GB,Aaron Jones,00-0033293,RB,tgt,3.494,1.0,2.0,3.0,5.0,7.0
2026_01_GB_MIN,MIN,GB,Aaron Jones,00-0033293,RB,rec,2.701,0.0,1.0,2.0,4.0,5.0
2026_01_GB_MIN,MIN,GB,Aaron Jones,00-0033293,RB,rec_yds,20.093,0.0,5.467,15.069,29.387,46.482
2026_01_GB_MIN,MIN,GB,Aaron Jones,00-0033293,RB,anytime_td,0.371,0.0,0.0,0.0,1.0,1.0
2026_01_GB_MIN,MIN,GB,Jordan Mason,00-0037525,RB,car,7.946,2.0,4.0,7.0,11.0,14.0
2026_01_GB_MIN,MIN,GB,Jordan Mason,00-0037525,RB,rush_yds,36.288,5.806,14.716,29.44,49.679,75.344
2026_01_GB_MIN,MIN,GB,Jordan Mason,00-0037525,RB,tgt,0.722,0.0,0.0,0.0,1.0,2.0
2026_01_GB_MIN,MIN,GB,Jordan Mason,00-0037525,RB,rec,0.572,0.0,0.0,0.0,1.0,2.0
2026_01_GB_MIN,MIN,GB,Jordan Mason,00-0037525,RB,rec_yds,4.243,0.0,0.0,0.0,5.345,14.538
2026_01_GB_MIN,MIN,GB,Jordan Mason,00-0037525,RB,anytime_td,0.27,0.0,0.0,0.0,1.0,1.0
2026_01_GB_MIN,MIN,GB,Max Bredeson,00-0041081,RB,car,2.514,0.0,0.0,2.0,4.0,6.0
2026_01_GB_MIN,MIN,GB,Max Bredeson,00-0041081,RB,rush_yds,10.986,0.0,0.0,4.943,15.38,30.358
2026_01_GB_MIN,MIN,GB,Max Bredeson,00-0041081,RB,tgt,0.629,0.0,0.0,0.0,1.0,2.0
2026_01_GB_MIN,MIN,GB,Max Bredeson,00-0041081,RB,rec,0.491,0.0,0.0,0.0,1.0,2.0
2026_01_GB_MIN,MIN,GB,Max Bredeson,00-0041081,RB,rec_yds,3.73,0.0,0.0,0.0,3.986,13.302
2026_01_GB_MIN,MIN,GB,Max Bredeson,00-0041081,RB,anytime_td,0.129,0.0,0.0,0.0,0.0,1.0
2026_01_GB_MIN,MIN,GB,Kyler Murray,00-0035228,QB,att,28.196,18.0,24.0,29.0,34.0,38.0
2026_01_GB_MIN,MIN,GB,Kyler Murray,00-0035228,QB,cmp,18.157,11.0,15.0,18.0,22.0,25.0
2026_01_GB_MIN,MIN,GB,Kyler Murray,00-0035228,QB,pass_yds,203.718,113.636,156.258,203.284,252.447,300.02
2026_01_GB_MIN,MIN,GB,Kyler Murray,00-0035228,QB,pass_td,1.468,0.0,1.0,1.0,2.0,3.0
2026_01_GB_MIN,MIN,GB,Kyler Murray,00-0035228,QB,ints,0.613,0.0,0.0,0.0,1.0,2.0
2026_01_GB_MIN,MIN,GB,Kyler Murray,00-0035228,QB,car,4.365,1.0,2.0,4.0,6.0,8.0
2026_01_GB_MIN,MIN,GB,Kyler Murray,00-0035228,QB,rush_yds,19.707,0.0,5.66,15.212,29.373,45.203
2026_01_GB_MIN,MIN,GB,Kyler Murray,00-0035228,QB,tgt,0.0,0.0,0.0,0.0,0.0,0.0
2026_01_GB_MIN,MIN,GB,Kyler Murray,00-0035228,QB,rec,0.0,0.0,0.0,0.0,0.0,0.0
2026_01_GB_MIN,MIN,GB,Kyler Murray,00-0035228,QB,rec_yds,0.004,0.0,0.0,0.0,0.0,0.0
2026_01_GB_MIN,MIN,GB,Kyler Murray,00-0035228,QB,anytime_td,0.191,0.0,0.0,0.0,0.0,1.0
2026_01_GB_MIN,MIN,GB,DeeJay Dallas,00-0036425,RB,car,1.564,0.0,0.0,1.0,2.0,5.0
2026_01_GB_MIN,MIN,GB,DeeJay Dallas,00-0036425,RB,rush_yds,6.934,0.0,0.0,0.0,8.862,21.522
2026_01_GB_MIN,MIN,GB,DeeJay Dallas,00-0036425,RB,tgt,0.574,0.0,0.0,0.0,1.0,2.0
2026_01_GB_MIN,MIN,GB,DeeJay Dallas,00-0036425,RB,rec,0.449,0.0,0.0,0.0,1.0,1.0
2026_01_GB_MIN,MIN,GB,DeeJay Dallas,00-0036425,RB,rec_yds,3.356,0.0,0.0,0.0,3.019,12.359
2026_01_GB_MIN,MIN,GB,DeeJay Dallas,00-0036425,RB,anytime_td,0.08,0.0,0.0,0.0,0.0,0.0
2026_01_GB_MIN,MIN,GB,Tai Felton,00-0040154,WR,car,0.02,0.0,0.0,0.0,0.0,0.0
2026_01_GB_MIN,MIN,GB,Tai Felton,00-0040154,WR,rush_yds,0.11,0.0,0.0,0.0,0.0,0.0
2026_01_GB_MIN,MIN,GB,Tai Felton,00-0040154,WR,tgt,0.782,0.0,0.0,0.0,1.0,2.0
2026_01_GB_MIN,MIN,GB,Tai Felton,00-0040154,WR,rec,0.503,0.0,0.0,0.0,1.0,2.0
2026_01_GB_MIN,MIN,GB,Tai Felton,00-0040154,WR,rec_yds,6.495,0.0,0.0,0.0,7.951,22.524
2026_01_GB_MIN,MIN,GB,Tai Felton,00-0040154,WR,anytime_td,0.023,0.0,0.0,0.0,0.0,0.0
2026_01_GB_MIN,GB,MIN,Jordan Love,00-0036264,QB,att,28.632,19.0,24.0,29.0,34.0,39.0
2026_01_GB_MIN,GB,MIN,Jordan Love,00-0036264,QB,cmp,18.178,11.0,15.0,18.0,22.0,25.0
2026_01_GB_MIN,GB,MIN,Jordan Love,00-0036264,QB,pass_yds,203.213,114.842,157.437,201.649,249.233,298.266
2026_01_GB_MIN,GB,MIN,Jordan Love,00-0036264,QB,pass_td,1.367,0.0,1.0,1.0,2.0,3.0
2026_01_GB_MIN,GB,MIN,Jordan Love,00-0036264,QB,ints,0.651,0.0,0.0,0.0,1.0,2.0
2026_01_GB_MIN,GB,MIN,Jordan Love,00-0036264,QB,car,3.677,1.0,2.0,3.0,5.0,7.0
2026_01_GB_MIN,GB,MIN,Jordan Love,00-0036264,QB,rush_yds,15.717,0.0,3.02,11.873,23.313,37.854
2026_01_GB_MIN,GB,MIN,Jordan Love,00-0036264,QB,tgt,0.001,0.0,0.0,0.0,0.0,0.0
2026_01_GB_MIN,GB,MIN,Jordan Love,00-0036264,QB,rec,0.0,0.0,0.0,0.0,0.0,0.0
2026_01_GB_MIN,GB,MIN,Jordan Love,00-0036264,QB,rec_yds,0.005,0.0,0.0,0.0,0.0,0.0
2026_01_GB_MIN,GB,MIN,Jordan Love,00-0036264,QB,anytime_td,0.028,0.0,0.0,0.0,0.0,0.0
2026_01_GB_MIN,GB,MIN,Matthew Golden,00-0040667,WR,car,1.192,0.0,0.0,0.0,2.0,4.0
2026_01_GB_MIN,GB,MIN,Matthew Golden,00-0040667,WR,rush_yds,6.36,0.0,0.0,0.0,7.204,22.078
2026_01_GB_MIN,GB,MIN,Matthew Golden,00-0040667,WR,tgt,3.786,1.0,2.0,3.0,5.0,7.0
2026_01_GB_MIN,GB,MIN,Matthew Golden,00-0040667,WR,rec,2.338,0.0,1.0,2.0,3.0,5.0
2026_01_GB_MIN,GB,MIN,Matthew Golden,00-0040667,WR,rec_yds,29.116,0.0,8.587,22.707,42.23,65.658
2026_01_GB_MIN,GB,MIN,Matthew Golden,00-0040667,WR,anytime_td,0.127,0.0,0.0,0.0,0.0,1.0
2026_01_GB_MIN,GB,MIN,Christian Watson,00-0038124,WR,car,0.325,0.0,0.0,0.0,0.0,1.0
2026_01_GB_MIN,GB,MIN,Christian Watson,00-0038124,WR,rush_yds,1.73,0.0,0.0,0.0,0.0,4.125
2026_01_GB_MIN,GB,MIN,Christian Watson,00-0038124,WR,tgt,6.158,3.0,4.0,6.0,8.0,10.0
2026_01_GB_MIN,GB,MIN,Christian Watson,00-0038124,WR,rec,3.762,1.0,2.0,3.0,5.0,7.0
2026_01_GB_MIN,GB,MIN,Christian Watson,00-0038124,WR,rec_yds,48.982,9.004,22.635,41.948,68.715,98.39
2026_01_GB_MIN,GB,MIN,Christian Watson,00-0038124,WR,anytime_td,0.302,0.0,0.0,0.0,1.0,1.0
2026_01_GB_MIN,GB,MIN,Tucker Kraft,00-0038996,TE,car,0.304,0.0,0.0,0.0,0.0,1.0
2026_01_GB_MIN,GB,MIN,Tucker Kraft,00-0038996,TE,rush_yds,0.715,0.0,0.0,0.0,0.0,1.278
2026_01_GB_MIN,GB,MIN,Tucker Kraft,00-0038996,TE,tgt,5.656,2.0,4.0,5.0,7.0,10.0
2026_01_GB_MIN,GB,MIN,Tucker Kraft,00-0038996,TE,rec,4.01,1.0,2.0,4.0,5.0,7.0
2026_01_GB_MIN,GB,MIN,Tucker Kraft,00-0038996,TE,rec_yds,44.051,9.152,21.117,38.922,61.131,85.496
2026_01_GB_MIN,GB,MIN,Tucker Kraft,00-0038996,TE,anytime_td,0.326,0.0,0.0,0.0,1.0,1.0
2026_01_GB_MIN,GB,MIN,Jayden Reed,00-0039146,WR,car,1.605,0.0,0.0,1.0,2.0,5.0
2026_01_GB_MIN,GB,MIN,Jayden Reed,00-0039146,WR,rush_yds,8.565,0.0,0.0,0.0,11.475,27.353
2026_01_GB_MIN,GB,MIN,Jayden Reed,00-0039146,WR,tgt,4.503,1.0,3.0,4.0,6.0,8.0
2026_01_GB_MIN,GB,MIN,Jayden Reed,00-0039146,WR,rec,2.921,1.0,1.0,3.0,4.0,6.0
2026_01_GB_MIN,GB,MIN,Jayden Reed,00-0039146,WR,rec_yds,34.56,2.812,13.003,27.9,49.842,73.913
2026_01_GB_MIN,GB,MIN,Jayden Reed,00-0039146,WR,anytime_td,0.194,0.0,0.0,0.0,0.0,1.0
2026_01_GB_MIN,GB,MIN,Chris Brooks,00-0038685,RB,car,7.996,2.0,4.0,7.0,11.0,15.0
2026_01_GB_MIN,GB,MIN,Chris Brooks,00-0038685,RB,rush_yds,33.376,5.171,13.624,26.866,46.272,69.968
2026_01_GB_MIN,GB,MIN,Chris Brooks,00-0038685,RB,tgt,1.186,0.0,0.0,1.0,2.0,3.0
2026_01_GB_MIN,GB,MIN,Chris Brooks,00-0038685,RB,rec,0.915,0.0,0.0,1.0,1.0,2.0
2026_01_GB_MIN,GB,MIN,Chris Brooks,00-0038685,RB,rec_yds,6.536,0.0,0.0,0.0,9.553,19.931
2026_01_GB_MIN,GB,MIN,Chris Brooks,00-0038685,RB,anytime_td,0.069,0.0,0.0,0.0,0.0,0.0
2026_01_GB_MIN,GB,MIN,Jonnu Smith,00-0033858,TE,car,1.934,0.0,0.0,1.0,3.0,5.0
2026_01_GB_MIN,GB,MIN,Jonnu Smith,00-0033858,TE,rush_yds,4.568,0.0,0.0,0.905,6.344,14.105
2026_01_GB_MIN,GB,MIN,Jonnu Smith,00-0033858,TE,tgt,2.804,0.0,1.0,2.0,4.0,6.0
2026_01_GB_MIN,GB,MIN,Jonnu Smith,00-0033858,TE,rec,1.964,0.0,1.0,2.0,3.0,4.0
2026_01_GB_MIN,GB,MIN,Jonnu Smith,00-0033858,TE,rec_yds,18.189,0.0,4.194,13.474,27.414,42.768
2026_01_GB_MIN,GB,MIN,Jonnu Smith,00-0033858,TE,anytime_td,0.134,0.0,0.0,0.0,0.0,1.0
2026_01_GB_MIN,GB,MIN,MarShawn Lloyd,00-0039811,RB,car,9.014,3.0,5.0,8.0,12.0,16.0
2026_01_GB_MIN,GB,MIN,MarShawn Lloyd,00-0039811,RB,rush_yds,36.824,7.06,16.077,31.165,51.009,73.391
2026_01_GB_MIN,GB,MIN,MarShawn Lloyd,00-0039811,RB,tgt,1.247,0.0,0.0,1.0,2.0,3.0
2026_01_GB_MIN,GB,MIN,MarShawn Lloyd,00-0039811,RB,rec,0.961,0.0,0.0,1.0,2.0,3.0
2026_01_GB_MIN,GB,MIN,MarShawn Lloyd,00-0039811,RB,rec_yds,6.714,0.0,0.0,0.915,9.796,20.411
2026_01_GB_MIN,GB,MIN,MarShawn Lloyd,00-0039811,RB,anytime_td,0.129,0.0,0.0,0.0,0.0,1.0
2026_01_GB_MIN,GB,MIN,Josh Whyle,00-0038589,TE,car,0.004,0.0,0.0,0.0,0.0,0.0
2026_01_GB_MIN,GB,MIN,Josh Whyle,00-0038589,TE,rush_yds,0.013,0.0,0.0,0.0,0.0,0.0
2026_01_GB_MIN,GB,MIN,Josh Whyle,00-0038589,TE,tgt,1.249,0.0,0.0,1.0,2.0,3.0
2026_01_GB_MIN,GB,MIN,Josh Whyle,00-0038589,TE,rec,0.897,0.0,0.0,1.0,1.0,2.0
2026_01_GB_MIN,GB,MIN,Josh Whyle,00-0038589,TE,rec_yds,8.675,0.0,0.0,2.661,13.352,26.14
2026_01_GB_MIN,GB,MIN,Josh Whyle,00-0038589,TE,anytime_td,0.057,0.0,0.0,0.0,0.0,0.0
2026_01_GB_MIN,GB,MIN,Bo Melton,00-0037091,WR,car,0.926,0.0,0.0,0.0,1.0,3.0
2026_01_GB_MIN,GB,MIN,Bo Melton,00-0037091,WR,rush_yds,5.134,0.0,0.0,0.0,4.201,17.41
2026_01_GB_MIN,GB,MIN,Bo Melton,00-0037091,WR,tgt,1.776,0.0,1.0,1.0,3.0,4.0
2026_01_GB_MIN,GB,MIN,Bo Melton,00-0037091,WR,rec,1.056,0.0,0.0,1.0,2.0,3.0
2026_01_GB_MIN,GB,MIN,Bo Melton,00-0037091,WR,rec_yds,13.146,0.0,0.0,6.198,19.843,36.812
2026_01_GB_MIN,GB,MIN,Bo Melton,00-0037091,WR,anytime_td,0.079,0.0,0.0,0.0,0.0,0.0
2026_01_GB_MIN,GB,MIN,Skyy Moore,00-0038090,WR,car,0.712,0.0,0.0,0.0,1.0,2.0
2026_01_GB_MIN,GB,MIN,Skyy Moore,00-0038090,WR,rush_yds,3.718,0.0,0.0,0.0,0.925,12.986
2026_01_GB_MIN,GB,MIN,Skyy Moore,00-0038090,WR,tgt,0.859,0.0,0.0,0.0,1.0,2.0
2026_01_GB_MIN,GB,MIN,Skyy Moore,00-0038090,WR,rec,0.528,0.0,0.0,0.0,1.0,2.0
2026_01_GB_MIN,GB,MIN,Skyy Moore,00-0038090,WR,rec_yds,6.476,0.0,0.0,0.0,8.422,21.857
2026_01_GB_MIN,GB,MIN,Skyy Moore,00-0038090,WR,anytime_td,0.019,0.0,0.0,0.0,0.0,0.0
2026_01_MIA_LV,LV,MIA,Kirk Cousins,00-0029604,QB,att,29.649,20.0,25.0,30.0,35.0,40.0
2026_01_MIA_LV,LV,MIA,Kirk Cousins,00-0029604,QB,cmp,19.555,12.0,16.0,20.0,24.0,27.0
2026_01_MIA_LV,LV,MIA,Kirk Cousins,00-0029604,QB,pass_yds,209.941,119.893,161.721,207.472,258.792,307.472
2026_01_MIA_LV,LV,MIA,Kirk Cousins,00-0029604,QB,pass_td,1.422,0.0,1.0,1.0,2.0,3.0
2026_01_MIA_LV,LV,MIA,Kirk Cousins,00-0029604,QB,ints,0.668,0.0,0.0,0.0,1.0,2.0
2026_01_MIA_LV,LV,MIA,Kirk Cousins,00-0029604,QB,car,2.492,0.0,1.0,2.0,4.0,5.0
2026_01_MIA_LV,LV,MIA,Kirk Cousins,00-0029604,QB,rush_yds,9.332,-1.0,0.0,5.003,14.822,25.71
2026_01_MIA_LV,LV,MIA,Kirk Cousins,00-0029604,QB,tgt,0.0,0.0,0.0,0.0,0.0,0.0
2026_01_MIA_LV,LV,MIA,Kirk Cousins,00-0029604,QB,rec,0.0,0.0,0.0,0.0,0.0,0.0
2026_01_MIA_LV,LV,MIA,Kirk Cousins,00-0029604,QB,rec_yds,0.001,0.0,0.0,0.0,0.0,0.0
2026_01_MIA_LV,LV,MIA,Kirk Cousins,00-0029604,QB,anytime_td,0.078,0.0,0.0,0.0,0.0,0.0
2026_01_MIA_LV,LV,MIA,Michael Mayer,00-0039066,TE,car,0.002,0.0,0.0,0.0,0.0,0.0
2026_01_MIA_LV,LV,MIA,Michael Mayer,00-0039066,TE,rush_yds,0.006,0.0,0.0,0.0,0.0,0.0
2026_01_MIA_LV,LV,MIA,Michael Mayer,00-0039066,TE,tgt,4.61,1.0,3.0,4.0,6.0,8.0
2026_01_MIA_LV,LV,MIA,Michael Mayer,00-0039066,TE,rec,3.326,1.0,2.0,3.0,5.0,6.0
2026_01_MIA_LV,LV,MIA,Michael Mayer,00-0039066,TE,rec_yds,34.377,4.672,13.987,29.297,49.088,70.817
2026_01_MIA_LV,LV,MIA,Michael Mayer,00-0039066,TE,anytime_td,0.129,0.0,0.0,0.0,0.0,1.0
2026_01_MIA_LV,LV,MIA,Ashton Jeanty,00-0040122,RB,car,16.119,8.0,12.0,16.0,20.0,25.0
2026_01_MIA_LV,LV,MIA,Ashton Jeanty,00-0040122,RB,rush_yds,65.572,24.876,38.545,60.048,85.31,113.912
2026_01_MIA_LV,LV,MIA,Ashton Jeanty,00-0040122,RB,tgt,5.102,2.0,3.0,5.0,7.0,9.0
2026_01_MIA_LV,LV,MIA,Ashton Jeanty,00-0040122,RB,rec,3.969,1.0,2.0,4.0,5.0,7.0
2026_01_MIA_LV,LV,MIA,Ashton Jeanty,00-0040122,RB,rec_yds,28.999,4.078,11.769,24.114,41.019,60.275
2026_01_MIA_LV,LV,MIA,Ashton Jeanty,00-0040122,RB,anytime_td,0.518,0.0,0.0,1.0,1.0,1.0
2026_01_MIA_LV,LV,MIA,Tre Tucker,00-0038563,WR,car,0.762,0.0,0.0,0.0,1.0,2.0
2026_01_MIA_LV,LV,MIA,Tre Tucker,00-0038563,WR,rush_yds,4.229,0.0,0.0,0.0,2.065,15.041
2026_01_MIA_LV,LV,MIA,Tre Tucker,00-0038563,WR,tgt,6.118,3.0,4.0,6.0,8.0,10.0
2026_01_MIA_LV,LV,MIA,Tre Tucker,00-0038563,WR,rec,3.804,1.0,2.0,4.0,5.0,7.0
2026_01_MIA_LV,LV,MIA,Tre Tucker,00-0038563,WR,rec_yds,47.341,9.024,21.347,40.814,66.716,93.077
2026_01_MIA_LV,LV,MIA,Tre Tucker,00-0038563,WR,anytime_td,0.201,0.0,0.0,0.0,0.0,1.0
2026_01_MIA_LV,LV,MIA,Jalen Nailor,00-0037291,WR,car,0.108,0.0,0.0,0.0,0.0,0.0
2026_01_MIA_LV,LV,MIA,Jalen Nailor,00-0037291,WR,rush_yds,0.575,0.0,0.0,0.0,0.0,0.0
2026_01_MIA_LV,LV,MIA,Jalen Nailor,00-0037291,WR,tgt,3.344,1.0,2.0,3.0,5.0,6.0
2026_01_MIA_LV,LV,MIA,Jalen Nailor,00-0037291,WR,rec,2.13,0.0,1.0,2.0,3.0,4.0
2026_01_MIA_LV,LV,MIA,Jalen Nailor,00-0037291,WR,rec_yds,27.371,0.0,6.75,19.997,40.359,64.712
2026_01_MIA_LV,LV,MIA,Jalen Nailor,00-0037291,WR,anytime_td,0.19,0.0,0.0,0.0,0.0,1.0
2026_01_MIA_LV,LV,MIA,Connor Heyward,00-0037304,RB,car,1.538,0.0,0.0,1.0,2.0,4.0
2026_01_MIA_LV,LV,MIA,Connor Heyward,00-0037304,RB,rush_yds,6.545,0.0,0.0,0.0,8.285,20.254
2026_01_MIA_LV,LV,MIA,Connor Heyward,00-0037304,RB,tgt,0.374,0.0,0.0,0.0,1.0,1.0
2026_01_MIA_LV,LV,MIA,Connor Heyward,00-0037304,RB,rec,0.3,0.0,0.0,0.0,0.0,1.0
2026_01_MIA_LV,LV,MIA,Connor Heyward,00-0037304,RB,rec_yds,2.166,0.0,0.0,0.0,0.0,7.94
2026_01_MIA_LV,LV,MIA,Connor Heyward,00-0037304,RB,anytime_td,0.09,0.0,0.0,0.0,0.0,0.0
2026_01_MIA_LV,LV,MIA,Ian Thomas,00-0034365,TE,car,0.001,0.0,0.0,0.0,0.0,0.0
2026_01_MIA_LV,LV,MIA,Ian Thomas,00-0034365,TE,rush_yds,0.001,0.0,0.0,0.0,0.0,0.0
2026_01_MIA_LV,LV,MIA,Ian Thomas,00-0034365,TE,tgt,1.185,0.0,0.0,1.0,2.0,3.0
2026_01_MIA_LV,LV,MIA,Ian Thomas,00-0034365,TE,rec,0.871,0.0,0.0,1.0,1.0,2.0
2026_01_MIA_LV,LV,MIA,Ian Thomas,00-0034365,TE,rec_yds,8.931,0.0,0.0,1.758,13.403,27.034
2026_01_MIA_LV,LV,MIA,Ian Thomas,00-0034365,TE,anytime_td,0.021,0.0,0.0,0.0,0.0,0.0
2026_01_MIA_LV,LV,MIA,Jack Bech,00-0040729,WR,car,0.016,0.0,0.0,0.0,0.0,0.0
2026_01_MIA_LV,LV,MIA,Jack Bech,00-0040729,WR,rush_yds,0.08,0.0,0.0,0.0,0.0,0.0
2026_01_MIA_LV,LV,MIA,Jack Bech,00-0040729,WR,tgt,2.951,1.0,1.0,3.0,4.0,6.0
2026_01_MIA_LV,LV,MIA,Jack Bech,00-0040729,WR,rec,1.916,0.0,1.0,2.0,3.0,4.0
2026_01_MIA_LV,LV,MIA,Jack Bech,00-0040729,WR,rec_yds,24.345,0.0,4.719,17.309,36.148,59.403
2026_01_MIA_LV,LV,MIA,Jack Bech,00-0040729,WR,anytime_td,0.078,0.0,0.0,0.0,0.0,0.0
2026_01_MIA_LV,LV,MIA,Mike Washington Jr.,00-0040878,RB,car,2.528,0.0,0.0,2.0,4.0,6.0
2026_01_MIA_LV,LV,MIA,Mike Washington Jr.,00-0040878,RB,rush_yds,10.953,0.0,0.0,5.141,15.544,30.313
2026_01_MIA_LV,LV,MIA,Mike Washington Jr.,00-0040878,RB,tgt,0.831,0.0,0.0,0.0,1.0,2.0
2026_01_MIA_LV,LV,MIA,Mike Washington Jr.,00-0040878,RB,rec,0.654,0.0,0.0,0.0,1.0,2.0
2026_01_MIA_LV,LV,MIA,Mike Washington Jr.,00-0040878,RB,rec_yds,4.865,0.0,0.0,0.0,6.595,16.29
2026_01_MIA_LV,LV,MIA,Mike Washington Jr.,00-0040878,RB,anytime_td,0.109,0.0,0.0,0.0,0.0,1.0
2026_01_MIA_LV,LV,MIA,Dylan Laube,00-0039407,RB,car,2.347,0.0,0.0,1.0,3.0,6.0
2026_01_MIA_LV,LV,MIA,Dylan Laube,00-0039407,RB,rush_yds,9.932,0.0,0.0,4.242,13.98,28.556
2026_01_MIA_LV,LV,MIA,Dylan Laube,00-0039407,RB,tgt,0.794,0.0,0.0,0.0,1.0,2.0
2026_01_MIA_LV,LV,MIA,Dylan Laube,00-0039407,RB,rec,0.62,0.0,0.0,0.0,1.0,2.0
2026_01_MIA_LV,LV,MIA,Dylan Laube,00-0039407,RB,rec_yds,4.578,0.0,0.0,0.0,6.017,15.486
2026_01_MIA_LV,LV,MIA,Dylan Laube,00-0039407,RB,anytime_td,0.094,0.0,0.0,0.0,0.0,0.0
2026_01_MIA_LV,LV,MIA,Dareke Young,00-0037093,WR,car,0.021,0.0,0.0,0.0,0.0,0.0
2026_01_MIA_LV,LV,MIA,Dareke Young,00-0037093,WR,rush_yds,0.112,0.0,0.0,0.0,0.0,0.0
2026_01_MIA_LV,LV,MIA,Dareke Young,00-0037093,WR,tgt,0.629,0.0,0.0,0.0,1.0,2.0
2026_01_MIA_LV,LV,MIA,Dareke Young,00-0037093,WR,rec,0.4,0.0,0.0,0.0,1.0,1.0
2026_01_MIA_LV,LV,MIA,Dareke Young,00-0037093,WR,rec_yds,5.195,0.0,0.0,0.0,4.718,18.749
2026_01_MIA_LV,LV,MIA,Dareke Young,00-0037093,WR,anytime_td,0.011,0.0,0.0,0.0,0.0,0.0
2026_01_MIA_LV,LV,MIA,Malik Benson,00-0040894,WR,car,0.087,0.0,0.0,0.0,0.0,0.0
2026_01_MIA_LV,LV,MIA,Malik Benson,00-0040894,WR,rush_yds,0.445,0.0,0.0,0.0,0.0,0.0
2026_01_MIA_LV,LV,MIA,Malik Benson,00-0040894,WR,tgt,1.664,0.0,0.0,1.0,2.0,4.0
2026_01_MIA_LV,LV,MIA,Malik Benson,00-0040894,WR,rec,1.062,0.0,0.0,1.0,2.0,3.0
2026_01_MIA_LV,LV,MIA,Malik Benson,00-0040894,WR,rec_yds,13.692,0.0,0.0,6.315,20.806,39.065
2026_01_MIA_LV,LV,MIA,Malik Benson,00-0040894,WR,anytime_td,0.058,0.0,0.0,0.0,0.0,0.0
2026_01_MIA_LV,LV,MIA,Chris Myarick,00-0035345,TE,car,0.002,0.0,0.0,0.0,0.0,0.0
2026_01_MIA_LV,LV,MIA,Chris Myarick,00-0035345,TE,rush_yds,0.003,0.0,0.0,0.0,0.0,0.0
2026_01_MIA_LV,LV,MIA,Chris Myarick,00-0035345,TE,tgt,0.654,0.0,0.0,0.0,1.0,2.0
2026_01_MIA_LV,LV,MIA,Chris Myarick,00-0035345,TE,rec,0.478,0.0,0.0,0.0,1.0,2.0
2026_01_MIA_LV,LV,MIA,Chris Myarick,00-0035345,TE,rec_yds,4.959,0.0,0.0,0.0,6.13,17.678
2026_01_MIA_LV,LV,MIA,Chris Myarick,00-0035345,TE,anytime_td,0.024,0.0,0.0,0.0,0.0,0.0
2026_01_MIA_LV,LV,MIA,Cody White,00-0035891,WR,car,0.031,0.0,0.0,0.0,0.0,0.0
2026_01_MIA_LV,LV,MIA,Cody White,00-0035891,WR,rush_yds,0.165,0.0,0.0,0.0,0.0,0.0
2026_01_MIA_LV,LV,MIA,Cody White,00-0035891,WR,tgt,1.897,0.0,1.0,2.0,3.0,4.0
2026_01_MIA_LV,LV,MIA,Cody White,00-0035891,WR,rec,1.22,0.0,0.0,1.0,2.0,3.0
2026_01_MIA_LV,LV,MIA,Cody White,00-0035891,WR,rec_yds,16.033,0.0,0.0,8.622,23.953,44.285
2026_01_MIA_LV,LV,MIA,Cody White,00-0035891,WR,anytime_td,0.091,0.0,0.0,0.0,0.0,0.0
2026_01_MIA_LV,MIA,LV,Malik Willis,00-0038128,QB,att,27.679,18.0,23.0,28.0,33.0,38.0
2026_01_MIA_LV,MIA,LV,Malik Willis,00-0038128,QB,cmp,17.88,11.0,14.0,18.0,22.0,25.0
2026_01_MIA_LV,MIA,LV,Malik Willis,00-0038128,QB,pass_yds,188.195,103.131,143.403,186.512,232.953,281.578
2026_01_MIA_LV,MIA,LV,Malik Willis,00-0038128,QB,pass_td,1.057,0.0,0.0,1.0,2.0,2.0
2026_01_MIA_LV,MIA,LV,Malik Willis,00-0038128,QB,ints,0.639,0.0,0.0,0.0,1.0,2.0
2026_01_MIA_LV,MIA,LV,Malik Willis,00-0038128,QB,car,3.874,1.0,2.0,3.0,5.0,7.0
2026_01_MIA_LV,MIA,LV,Malik Willis,00-0038128,QB,rush_yds,18.752,0.0,5.392,14.996,27.657,42.989
2026_01_MIA_LV,MIA,LV,Malik Willis,00-0038128,QB,tgt,0.001,0.0,0.0,0.0,0.0,0.0
2026_01_MIA_LV,MIA,LV,Malik Willis,00-0038128,QB,rec,0.001,0.0,0.0,0.0,0.0,0.0
2026_01_MIA_LV,MIA,LV,Malik Willis,00-0038128,QB,rec_yds,0.004,0.0,0.0,0.0,0.0,0.0
2026_01_MIA_LV,MIA,LV,Malik Willis,00-0038128,QB,anytime_td,0.144,0.0,0.0,0.0,0.0,1.0
2026_01_MIA_LV,MIA,LV,Malik Washington,00-0039880,WR,car,0.659,0.0,0.0,0.0,1.0,2.0
2026_01_MIA_LV,MIA,LV,Malik Washington,00-0039880,WR,rush_yds,3.394,0.0,0.0,0.0,0.0,11.932
2026_01_MIA_LV,MIA,LV,Malik Washington,00-0039880,WR,tgt,5.413,2.0,3.0,5.0,7.0,9.0
2026_01_MIA_LV,MIA,LV,Malik Washington,00-0039880,WR,rec,3.318,1.0,2.0,3.0,5.0,6.0
2026_01_MIA_LV,MIA,LV,Malik Washington,00-0039880,WR,rec_yds,41.026,6.254,17.062,34.743,57.785,84.724
2026_01_MIA_LV,MIA,LV,Malik Washington,00-0039880,WR,anytime_td,0.177,0.0,0.0,0.0,0.0,1.0
2026_01_MIA_LV,MIA,LV,Caleb Douglas,00-0041523,WR,car,0.078,0.0,0.0,0.0,0.0,0.0
2026_01_MIA_LV,MIA,LV,Caleb Douglas,00-0041523,WR,rush_yds,0.411,0.0,0.0,0.0,0.0,0.0
2026_01_MIA_LV,MIA,LV,Caleb Douglas,00-0041523,WR,tgt,2.051,0.0,1.0,2.0,3.0,4.0
2026_01_MIA_LV,MIA,LV,Caleb Douglas,00-0041523,WR,rec,1.228,0.0,0.0,1.0,2.0,3.0
2026_01_MIA_LV,MIA,LV,Caleb Douglas,00-0041523,WR,rec_yds,16.388,0.0,0.0,9.572,24.804,44.353
2026_01_MIA_LV,MIA,LV,Caleb Douglas,00-0041523,WR,anytime_td,0.05,0.0,0.0,0.0,0.0,0.0
2026_01_MIA_LV,MIA,LV,De'Von Achane,00-0039040,RB,car,11.471,5.0,7.0,11.0,15.0,19.0
2026_01_MIA_LV,MIA,LV,De'Von Achane,00-0039040,RB,rush_yds,50.359,13.442,25.742,43.852,68.02,95.963
2026_01_MIA_LV,MIA,LV,De'Von Achane,00-0039040,RB,tgt,6.821,3.0,4.0,6.0,9.0,11.0
2026_01_MIA_LV,MIA,LV,De'Von Achane,00-0039040,RB,rec,5.116,2.0,3.0,5.0,7.0,9.0
2026_01_MIA_LV,MIA,LV,De'Von Achane,00-0039040,RB,rec_yds,40.52,9.172,19.381,35.515,55.994,78.577
2026_01_MIA_LV,MIA,LV,De'Von Achane,00-0039040,RB,anytime_td,0.338,0.0,0.0,0.0,1.0,1.0
2026_01_MIA_LV,MIA,LV,Greg Dulcich,00-0037252,TE,car,0.089,0.0,0.0,0.0,0.0,0.0
2026_01_MIA_LV,MIA,LV,Greg Dulcich,00-0037252,TE,rush_yds,0.193,0.0,0.0,0.0,0.0,0.0
2026_01_MIA_LV,MIA,LV,Greg Dulcich,00-0037252,TE,tgt,5.131,2.0,3.0,5.0,7.0,9.0
2026_01_MIA_LV,MIA,LV,Greg Dulcich,00-0037252,TE,rec,3.527,1.0,2.0,3.0,5.0,6.0
2026_01_MIA_LV,MIA,LV,Greg Dulcich,00-0037252,TE,rec_yds,40.476,6.959,17.875,34.954,57.022,81.274
2026_01_MIA_LV,MIA,LV,Greg Dulcich,00-0037252,TE,anytime_td,0.112,0.0,0.0,0.0,0.0,1.0
2026_01_MIA_LV,MIA,LV,Chris Bell,00-0041525,WR,car,0.074,0.0,0.0,0.0,0.0,0.0
2026_01_MIA_LV,MIA,LV,Chris Bell,00-0041525,WR,rush_yds,0.391,0.0,0.0,0.0,0.0,0.0
2026_01_MIA_LV,MIA,LV,Chris Bell,00-0041525,WR,tgt,2.047,0.0,1.0,2.0,3.0,4.0
2026_01_MIA_LV,MIA,LV,Chris Bell,00-0041525,WR,rec,1.212,0.0,0.0,1.0,2.0,3.0
2026_01_MIA_LV,MIA,LV,Chris Bell,00-0041525,WR,rec_yds,16.185,0.0,0.0,9.106,24.605,44.502
2026_01_MIA_LV,MIA,LV,Chris Bell,00-0041525,WR,anytime_td,0.049,0.0,0.0,0.0,0.0,0.0
2026_01_MIA_LV,MIA,LV,Kevin Coleman Jr.,00-0041529,WR,car,0.071,0.0,0.0,0.0,0.0,0.0
2026_01_MIA_LV,MIA,LV,Kevin Coleman Jr.,00-0041529,WR,rush_yds,0.352,0.0,0.0,0.0,0.0,0.0
2026_01_MIA_LV,MIA,LV,Kevin Coleman Jr.,00-0041529,WR,tgt,2.059,0.0,1.0,2.0,3.0,4.0
2026_01_MIA_LV,MIA,LV,Kevin Coleman Jr.,00-0041529,WR,rec,1.228,0.0,0.0,1.0,2.0,3.0
2026_01_MIA_LV,MIA,LV,Kevin Coleman Jr.,00-0041529,WR,rec_yds,16.671,0.0,0.0,9.267,25.376,45.417
2026_01_MIA_LV,MIA,LV,Kevin Coleman Jr.,00-0041529,WR,anytime_td,0.048,0.0,0.0,0.0,0.0,0.0
2026_01_MIA_LV,MIA,LV,DJ Herman,00-0041436,RB,car,2.371,0.0,0.0,1.0,4.0,6.0
2026_01_MIA_LV,MIA,LV,DJ Herman,00-0041436,RB,rush_yds,9.359,0.0,0.0,3.809,12.797,26.923
2026_01_MIA_LV,MIA,LV,DJ Herman,00-0041436,RB,tgt,1.028,0.0,0.0,1.0,2.0,3.0
2026_01_MIA_LV,MIA,LV,DJ Herman,00-0041436,RB,rec,0.762,0.0,0.0,0.0,1.0,2.0
2026_01_MIA_LV,MIA,LV,DJ Herman,00-0041436,RB,rec_yds,5.848,0.0,0.0,0.0,8.639,18.624
2026_01_MIA_LV,MIA,LV,DJ Herman,00-0041436,RB,anytime_td,0.085,0.0,0.0,0.0,0.0,0.0
2026_01_MIA_LV,MIA,LV,Will Kacmarek,00-0041524,TE,car,0.004,0.0,0.0,0.0,0.0,0.0
2026_01_MIA_LV,MIA,LV,Will Kacmarek,00-0041524,TE,rush_yds,0.008,0.0,0.0,0.0,0.0,0.0
2026_01_MIA_LV,MIA,LV,Will Kacmarek,00-0041524,TE,tgt,1.182,0.0,0.0,1.0,2.0,3.0
2026_01_MIA_LV,MIA,LV,Will Kacmarek,00-0041524,TE,rec,0.8,0.0,0.0,0.0,1.0,2.0
2026_01_MIA_LV,MIA,LV,Will Kacmarek,00-0041524,TE,rec_yds,8.768,0.0,0.0,0.0,13.118,26.62
2026_01_MIA_LV,MIA,LV,Will Kacmarek,00-0041524,TE,anytime_td,0.029,0.0,0.0,0.0,0.0,0.0
2026_01_MIA_LV,MIA,LV,Jaylen Wright,00-0039874,RB,car,5.541,1.0,2.0,5.0,8.0,11.0
2026_01_MIA_LV,MIA,LV,Jaylen Wright,00-0039874,RB,rush_yds,21.483,0.842,6.137,15.726,30.621,48.968
2026_01_MIA_LV,MIA,LV,Jaylen Wright,00-0039874,RB,tgt,1.744,0.0,0.0,1.0,3.0,4.0
2026_01_MIA_LV,MIA,LV,Jaylen Wright,00-0039874,RB,rec,1.261,0.0,0.0,1.0,2.0,3.0
2026_01_MIA_LV,MIA,LV,Jaylen Wright,00-0039874,RB,rec_yds,10.021,0.0,0.0,4.858,15.248,28.537
2026_01_MIA_LV,MIA,LV,Jaylen Wright,00-0039874,RB,anytime_td,0.159,0.0,0.0,0.0,0.0,1.0
2026_01_MIA_LV,MIA,LV,Ollie Gordon II,00-0040198,RB,car,3.296,0.0,1.0,2.0,5.0,8.0
2026_01_MIA_LV,MIA,LV,Ollie Gordon II,00-0040198,RB,rush_yds,12.227,0.0,0.815,6.964,17.202,32.064
2026_01_MIA_LV,MIA,LV,Ollie Gordon II,00-0040198,RB,tgt,0.799,0.0,0.0,0.0,1.0,2.0
2026_01_MIA_LV,MIA,LV,Ollie Gordon II,00-0040198,RB,rec,0.588,0.0,0.0,0.0,1.0,2.0
2026_01_MIA_LV,MIA,LV,Ollie Gordon II,00-0040198,RB,rec_yds,4.643,0.0,0.0,0.0,6.176,15.248
2026_01_MIA_LV,MIA,LV,Ollie Gordon II,00-0040198,RB,anytime_td,0.122,0.0,0.0,0.0,0.0,1.0
2026_01_NO_DET,DET,NO,Jared Goff,00-0033106,QB,att,31.453,21.0,27.0,32.0,37.0,42.0
2026_01_NO_DET,DET,NO,Jared Goff,00-0033106,QB,cmp,20.851,13.0,17.0,21.0,25.0,29.0
2026_01_NO_DET,DET,NO,Jared Goff,00-0033106,QB,pass_yds,244.709,143.07,190.768,243.203,299.841,355.435
2026_01_NO_DET,DET,NO,Jared Goff,00-0033106,QB,pass_td,1.915,0.0,1.0,2.0,3.0,3.0
2026_01_NO_DET,DET,NO,Jared Goff,00-0033106,QB,ints,0.629,0.0,0.0,0.0,1.0,2.0
2026_01_NO_DET,DET,NO,Jared Goff,00-0033106,QB,car,2.559,0.0,1.0,2.0,4.0,5.0
2026_01_NO_DET,DET,NO,Jared Goff,00-0033106,QB,rush_yds,7.778,-2.0,0.0,3.026,12.116,24.209
2026_01_NO_DET,DET,NO,Jared Goff,00-0033106,QB,tgt,0.001,0.0,0.0,0.0,0.0,0.0
2026_01_NO_DET,DET,NO,Jared Goff,00-0033106,QB,rec,0.0,0.0,0.0,0.0,0.0,0.0
2026_01_NO_DET,DET,NO,Jared Goff,00-0033106,QB,rec_yds,0.004,0.0,0.0,0.0,0.0,0.0
2026_01_NO_DET,DET,NO,Jared Goff,00-0033106,QB,anytime_td,0.025,0.0,0.0,0.0,0.0,0.0
2026_01_NO_DET,DET,NO,Amon-Ra St. Brown,00-0036963,WR,car,0.116,0.0,0.0,0.0,0.0,0.0
2026_01_NO_DET,DET,NO,Amon-Ra St. Brown,00-0036963,WR,rush_yds,0.648,0.0,0.0,0.0,0.0,0.0
2026_01_NO_DET,DET,NO,Amon-Ra St. Brown,00-0036963,WR,tgt,9.467,5.0,7.0,9.0,12.0,15.0
2026_01_NO_DET,DET,NO,Amon-Ra St. Brown,00-0036963,WR,rec,6.093,3.0,4.0,6.0,8.0,10.0
2026_01_NO_DET,DET,NO,Amon-Ra St. Brown,00-0036963,WR,rec_yds,79.576,26.202,45.889,73.153,106.485,141.103
2026_01_NO_DET,DET,NO,Amon-Ra St. Brown,00-0036963,WR,anytime_td,0.401,0.0,0.0,0.0,1.0,1.0
2026_01_NO_DET,DET,NO,Jameson Williams,00-0037240,WR,car,0.451,0.0,0.0,0.0,0.0,1.0
2026_01_NO_DET,DET,NO,Jameson Williams,00-0037240,WR,rush_yds,2.663,0.0,0.0,0.0,0.0,8.05
2026_01_NO_DET,DET,NO,Jameson Williams,00-0037240,WR,tgt,5.918,2.0,4.0,6.0,8.0,10.0
2026_01_NO_DET,DET,NO,Jameson Williams,00-0037240,WR,rec,3.82,1.0,2.0,3.0,5.0,7.0
2026_01_NO_DET,DET,NO,Jameson Williams,00-0037240,WR,rec_yds,55.145,9.934,24.234,47.353,77.507,110.381
2026_01_NO_DET,DET,NO,Jameson Williams,00-0037240,WR,anytime_td,0.309,0.0,0.0,0.0,1.0,1.0
2026_01_NO_DET,DET,NO,Sam LaPorta,00-0039065,TE,car,0.003,0.0,0.0,0.0,0.0,0.0
2026_01_NO_DET,DET,NO,Sam LaPorta,00-0039065,TE,rush_yds,0.006,0.0,0.0,0.0,0.0,0.0
2026_01_NO_DET,DET,NO,Sam LaPorta,00-0039065,TE,tgt,5.429,2.0,3.0,5.0,7.0,9.0
2026_01_NO_DET,DET,NO,Sam LaPorta,00-0039065,TE,rec,4.056,1.0,2.0,4.0,5.0,7.0
2026_01_NO_DET,DET,NO,Sam LaPorta,00-0039065,TE,rec_yds,45.927,9.415,21.666,39.481,64.212,89.838
2026_01_NO_DET,DET,NO,Sam LaPorta,00-0039065,TE,anytime_td,0.282,0.0,0.0,0.0,1.0,1.0
2026_01_NO_DET,DET,NO,Jahmyr Gibbs,00-0039139,RB,car,21.995,13.0,17.0,21.0,27.0,31.0
2026_01_NO_DET,DET,NO,Jahmyr Gibbs,00-0039139,RB,rush_yds,99.568,46.024,65.99,93.56,125.373,161.369
2026_01_NO_DET,DET,NO,Jahmyr Gibbs,00-0039139,RB,tgt,5.147,2.0,3.0,5.0,7.0,9.0
2026_01_NO_DET,DET,NO,Jahmyr Gibbs,00-0039139,RB,rec,4.023,1.0,2.0,4.0,5.0,7.0
2026_01_NO_DET,DET,NO,Jahmyr Gibbs,00-0039139,RB,rec_yds,32.509,4.424,13.119,27.188,45.846,67.348
2026_01_NO_DET,DET,NO,Jahmyr Gibbs,00-0039139,RB,anytime_td,0.637,0.0,0.0,1.0,1.0,1.0
2026_01_NO_DET,DET,NO,Isaac TeSlaa,00-0040669,WR,car,0.03,0.0,0.0,0.0,0.0,0.0
2026_01_NO_DET,DET,NO,Isaac TeSlaa,00-0040669,WR,rush_yds,0.172,0.0,0.0,0.0,0.0,0.0
2026_01_NO_DET,DET,NO,Isaac TeSlaa,00-0040669,WR,tgt,2.072,0.0,1.0,2.0,3.0,4.0
2026_01_NO_DET,DET,NO,Isaac TeSlaa,00-0040669,WR,rec,1.321,0.0,0.0,1.0,2.0,3.0
2026_01_NO_DET,DET,NO,Isaac TeSlaa,00-0040669,WR,rec_yds,17.813,0.0,0.0,10.242,27.225,48.076
2026_01_NO_DET,DET,NO,Isaac TeSlaa,00-0040669,WR,anytime_td,0.23,0.0,0.0,0.0,0.0,1.0
2026_01_NO_DET,DET,NO,Brock Wright,00-0036754,TE,car,0.003,0.0,0.0,0.0,0.0,0.0
2026_01_NO_DET,DET,NO,Brock Wright,00-0036754,TE,rush_yds,0.003,0.0,0.0,0.0,0.0,0.0
2026_01_NO_DET,DET,NO,Brock Wright,00-0036754,TE,tgt,2.337,0.0,1.0,2.0,3.0,5.0
2026_01_NO_DET,DET,NO,Brock Wright,00-0036754,TE,rec,1.632,0.0,0.0,1.0,2.0,4.0
2026_01_NO_DET,DET,NO,Brock Wright,00-0036754,TE,rec_yds,17.022,0.0,0.0,11.591,25.73,42.589
2026_01_NO_DET,DET,NO,Brock Wright,00-0036754,TE,anytime_td,0.118,0.0,0.0,0.0,0.0,1.0
2026_01_NO_DET,DET,NO,Sione Vaki,00-0039364,RB,car,2.051,0.0,0.0,1.0,3.0,6.0
2026_01_NO_DET,DET,NO,Sione Vaki,00-0039364,RB,rush_yds,9.076,0.0,0.0,3.036,12.547,26.96
2026_01_NO_DET,DET,NO,Sione Vaki,00-0039364,RB,tgt,0.44,0.0,0.0,0.0,1.0,1.0
2026_01_NO_DET,DET,NO,Sione Vaki,00-0039364,RB,rec,0.345,0.0,0.0,0.0,0.0,1.0
2026_01_NO_DET,DET,NO,Sione Vaki,00-0039364,RB,rec_yds,2.645,0.0,0.0,0.0,0.0,9.924
2026_01_NO_DET,DET,NO,Sione Vaki,00-0039364,RB,anytime_td,0.052,0.0,0.0,0.0,0.0,0.0
2026_01_NO_DET,DET,NO,Tyler Conklin,00-0034270,TE,car,0.075,0.0,0.0,0.0,0.0,0.0
2026_01_NO_DET,DET,NO,Tyler Conklin,00-0034270,TE,rush_yds,0.183,0.0,0.0,0.0,0.0,0.0
2026_01_NO_DET,DET,NO,Tyler Conklin,00-0034270,TE,tgt,1.203,0.0,0.0,1.0,2.0,3.0
2026_01_NO_DET,DET,NO,Tyler Conklin,00-0034270,TE,rec,0.87,0.0,0.0,1.0,1.0,2.0
2026_01_NO_DET,DET,NO,Tyler Conklin,00-0034270,TE,rec_yds,9.452,0.0,0.0,1.087,14.278,29.048
2026_01_NO_DET,DET,NO,Tyler Conklin,00-0034270,TE,anytime_td,0.057,0.0,0.0,0.0,0.0,0.0
2026_01_NO_DET,NO,DET,Tyler Shough,00-0040743,QB,att,31.845,22.0,27.0,33.0,38.0,43.0
2026_01_NO_DET,NO,DET,Tyler Shough,00-0040743,QB,cmp,20.263,13.0,17.0,21.0,24.0,28.0
2026_01_NO_DET,NO,DET,Tyler Shough,00-0040743,QB,pass_yds,221.883,128.491,174.23,220.579,271.866,321.208
2026_01_NO_DET,NO,DET,Tyler Shough,00-0040743,QB,pass_td,1.356,0.0,1.0,1.0,2.0,3.0
2026_01_NO_DET,NO,DET,Tyler Shough,00-0040743,QB,ints,0.783,0.0,0.0,1.0,1.0,2.0
2026_01_NO_DET,NO,DET,Tyler Shough,00-0040743,QB,car,3.782,1.0,2.0,3.0,5.0,7.0
2026_01_NO_DET,NO,DET,Tyler Shough,00-0040743,QB,rush_yds,18.476,0.0,4.919,14.758,27.516,41.381
2026_01_NO_DET,NO,DET,Tyler Shough,00-0040743,QB,tgt,0.0,0.0,0.0,0.0,0.0,0.0
2026_01_NO_DET,NO,DET,Tyler Shough,00-0040743,QB,rec,0.0,0.0,0.0,0.0,0.0,0.0
2026_01_NO_DET,NO,DET,Tyler Shough,00-0040743,QB,rec_yds,0.002,0.0,0.0,0.0,0.0,0.0
2026_01_NO_DET,NO,DET,Tyler Shough,00-0040743,QB,anytime_td,0.21,0.0,0.0,0.0,0.0,1.0
2026_01_NO_DET,NO,DET,Devaughn Vele,00-0039424,WR,car,0.015,0.0,0.0,0.0,0.0,0.0
2026_01_NO_DET,NO,DET,Devaughn Vele,00-0039424,WR,rush_yds,0.083,0.0,0.0,0.0,0.0,0.0
2026_01_NO_DET,NO,DET,Devaughn Vele,00-0039424,WR,tgt,4.14,1.0,2.0,4.0,6.0,8.0
2026_01_NO_DET,NO,DET,Devaughn Vele,00-0039424,WR,rec,2.604,0.0,1.0,2.0,4.0,5.0
2026_01_NO_DET,NO,DET,Devaughn Vele,00-0039424,WR,rec_yds,31.416,0.0,10.018,25.12,45.676,69.35
2026_01_NO_DET,NO,DET,Devaughn Vele,00-0039424,WR,anytime_td,0.164,0.0,0.0,0.0,0.0,1.0
2026_01_NO_DET,NO,DET,Chris Olave,00-0037239,WR,car,0.066,0.0,0.0,0.0,0.0,0.0
2026_01_NO_DET,NO,DET,Chris Olave,00-0037239,WR,rush_yds,0.349,0.0,0.0,0.0,0.0,0.0
2026_01_NO_DET,NO,DET,Chris Olave,00-0037239,WR,tgt,9.317,5.0,7.0,9.0,12.0,14.0
2026_01_NO_DET,NO,DET,Chris Olave,00-0037239,WR,rec,5.827,2.0,4.0,6.0,8.0,10.0
2026_01_NO_DET,NO,DET,Chris Olave,00-0037239,WR,rec_yds,71.872,23.185,40.464,65.523,96.301,128.727
2026_01_NO_DET,NO,DET,Chris Olave,00-0037239,WR,anytime_td,0.372,0.0,0.0,0.0,1.0,1.0
2026_01_NO_DET,NO,DET,Juwan Johnson,00-0036040,TE,car,0.002,0.0,0.0,0.0,0.0,0.0
2026_01_NO_DET,NO,DET,Juwan Johnson,00-0036040,TE,rush_yds,0.003,0.0,0.0,0.0,0.0,0.0
2026_01_NO_DET,NO,DET,Juwan Johnson,00-0036040,TE,tgt,5.504,2.0,3.0,5.0,7.0,9.0
2026_01_NO_DET,NO,DET,Juwan Johnson,00-0036040,TE,rec,3.963,1.0,2.0,4.0,5.0,7.0
2026_01_NO_DET,NO,DET,Juwan Johnson,00-0036040,TE,rec_yds,42.589,8.69,20.202,37.058,59.323,82.733
2026_01_NO_DET,NO,DET,Juwan Johnson,00-0036040,TE,anytime_td,0.159,0.0,0.0,0.0,0.0,1.0
2026_01_NO_DET,NO,DET,Bryce Lance,00-0041067,WR,car,0.081,0.0,0.0,0.0,0.0,0.0
2026_01_NO_DET,NO,DET,Bryce Lance,00-0041067,WR,rush_yds,0.436,0.0,0.0,0.0,0.0,0.0
2026_01_NO_DET,NO,DET,Bryce Lance,00-0041067,WR,tgt,1.607,0.0,0.0,1.0,2.0,4.0
2026_01_NO_DET,NO,DET,Bryce Lance,00-0041067,WR,rec,0.996,0.0,0.0,1.0,2.0,3.0
2026_01_NO_DET,NO,DET,Bryce Lance,00-0041067,WR,rec_yds,12.07,0.0,0.0,5.089,18.238,35.212
2026_01_NO_DET,NO,DET,Bryce Lance,00-0041067,WR,anytime_td,0.06,0.0,0.0,0.0,0.0,0.0
2026_01_NO_DET,NO,DET,Travis Etienne,00-0036973,RB,car,11.662,5.0,8.0,11.0,15.0,19.0
2026_01_NO_DET,NO,DET,Travis Etienne,00-0036973,RB,rush_yds,48.151,13.86,25.223,41.865,64.908,90.119
2026_01_NO_DET,NO,DET,Travis Etienne,00-0036973,RB,tgt,2.987,1.0,1.0,3.0,4.0,6.0
2026_01_NO_DET,NO,DET,Travis Etienne,00-0036973,RB,rec,2.28,0.0,1.0,2.0,3.0,5.0
2026_01_NO_DET,NO,DET,Travis Etienne,00-0036973,RB,rec_yds,16.771,0.0,3.525,11.975,24.772,40.359
2026_01_NO_DET,NO,DET,Travis Etienne,00-0036973,RB,anytime_td,0.386,0.0,0.0,0.0,1.0,1.0
2026_01_NO_DET,NO,DET,Noah Fant,00-0035644,TE,car,0.001,0.0,0.0,0.0,0.0,0.0
2026_01_NO_DET,NO,DET,Noah Fant,00-0035644,TE,rush_yds,0.004,0.0,0.0,0.0,0.0,0.0
2026_01_NO_DET,NO,DET,Noah Fant,00-0035644,TE,tgt,1.914,0.0,1.0,2.0,3.0,4.0
2026_01_NO_DET,NO,DET,Noah Fant,00-0035644,TE,rec,1.35,0.0,0.0,1.0,2.0,3.0
2026_01_NO_DET,NO,DET,Noah Fant,00-0035644,TE,rec_yds,13.331,0.0,0.0,7.975,20.121,35.637
2026_01_NO_DET,NO,DET,Noah Fant,00-0035644,TE,anytime_td,0.076,0.0,0.0,0.0,0.0,0.0
2026_01_NO_DET,NO,DET,Kendre Miller,00-0038551,RB,car,5.785,1.0,3.0,5.0,8.0,11.0
2026_01_NO_DET,NO,DET,Kendre Miller,00-0038551,RB,rush_yds,23.946,1.852,7.776,17.985,34.048,53.169
2026_01_NO_DET,NO,DET,Kendre Miller,00-0038551,RB,tgt,0.842,0.0,0.0,0.0,1.0,2.0
2026_01_NO_DET,NO,DET,Kendre Miller,00-0038551,RB,rec,0.65,0.0,0.0,0.0,1.0,2.0
2026_01_NO_DET,NO,DET,Kendre Miller,00-0038551,RB,rec_yds,4.617,0.0,0.0,0.0,6.079,15.724
2026_01_NO_DET,NO,DET,Kendre Miller,00-0038551,RB,anytime_td,0.19,0.0,0.0,0.0,0.0,1.0
2026_01_NO_DET,NO,DET,CJ Donaldson,00-0041326,RB,car,2.554,0.0,0.0,2.0,4.0,6.0
2026_01_NO_DET,NO,DET,CJ Donaldson,00-0041326,RB,rush_yds,10.552,0.0,0.0,5.13,15.076,28.736
2026_01_NO_DET,NO,DET,CJ Donaldson,00-0041326,RB,tgt,0.786,0.0,0.0,0.0,1.0,2.0
2026_01_NO_DET,NO,DET,CJ Donaldson,00-0041326,RB,rec,0.594,0.0,0.0,0.0,1.0,2.0
2026_01_NO_DET,NO,DET,CJ Donaldson,00-0041326,RB,rec_yds,4.198,0.0,0.0,0.0,5.38,14.245
2026_01_NO_DET,NO,DET,CJ Donaldson,00-0041326,RB,anytime_td,0.104,0.0,0.0,0.0,0.0,1.0
2026_01_NO_DET,NO,DET,Barion Brown,00-0041099,WR,car,0.08,0.0,0.0,0.0,0.0,0.0
2026_01_NO_DET,NO,DET,Barion Brown,00-0041099,WR,rush_yds,0.455,0.0,0.0,0.0,0.0,0.0
2026_01_NO_DET,NO,DET,Barion Brown,00-0041099,WR,tgt,1.608,0.0,0.0,1.0,2.0,4.0
2026_01_NO_DET,NO,DET,Barion Brown,00-0041099,WR,rec,0.986,0.0,0.0,1.0,2.0,3.0
2026_01_NO_DET,NO,DET,Barion Brown,00-0041099,WR,rec_yds,12.061,0.0,0.0,4.902,17.754,35.399
2026_01_NO_DET,NO,DET,Barion Brown,00-0041099,WR,anytime_td,0.054,0.0,0.0,0.0,0.0,0.0
2026_01_NO_DET,NO,DET,Kevin Austin Jr.,00-0037231,WR,car,0.028,0.0,0.0,0.0,0.0,0.0
2026_01_NO_DET,NO,DET,Kevin Austin Jr.,00-0037231,WR,rush_yds,0.159,0.0,0.0,0.0,0.0,0.0
2026_01_NO_DET,NO,DET,Kevin Austin Jr.,00-0037231,WR,tgt,3.474,1.0,2.0,3.0,5.0,7.0
2026_01_NO_DET,NO,DET,Kevin Austin Jr.,00-0037231,WR,rec,2.108,0.0,1.0,2.0,3.0,4.0
2026_01_NO_DET,NO,DET,Kevin Austin Jr.,00-0037231,WR,rec_yds,25.135,0.0,6.251,18.663,37.374,58.807
2026_01_NO_DET,NO,DET,Kevin Austin Jr.,00-0037231,WR,anytime_td,0.138,0.0,0.0,0.0,0.0,1.0
2026_01_NYJ_TEN,TEN,NYJ,Cam Ward,00-0040676,QB,att,29.658,20.0,25.0,30.0,35.0,40.0
2026_01_NYJ_TEN,TEN,NYJ,Cam Ward,00-0040676,QB,cmp,18.777,12.0,15.0,19.0,23.0,26.0
2026_01_NYJ_TEN,TEN,NYJ,Cam Ward,00-0040676,QB,pass_yds,203.79,115.701,156.77,202.738,252.301,297.792
2026_01_NYJ_TEN,TEN,NYJ,Cam Ward,00-0040676,QB,pass_td,1.301,0.0,0.0,1.0,2.0,3.0
2026_01_NYJ_TEN,TEN,NYJ,Cam Ward,00-0040676,QB,ints,0.583,0.0,0.0,0.0,1.0,2.0
2026_01_NYJ_TEN,TEN,NYJ,Cam Ward,00-0040676,QB,car,3.088,0.0,1.0,3.0,4.0,6.0
2026_01_NYJ_TEN,TEN,NYJ,Cam Ward,00-0040676,QB,rush_yds,12.755,-1.0,0.963,8.845,19.743,32.596
2026_01_NYJ_TEN,TEN,NYJ,Cam Ward,00-0040676,QB,tgt,0.001,0.0,0.0,0.0,0.0,0.0
2026_01_NYJ_TEN,TEN,NYJ,Cam Ward,00-0040676,QB,rec,0.0,0.0,0.0,0.0,0.0,0.0
2026_01_NYJ_TEN,TEN,NYJ,Cam Ward,00-0040676,QB,rec_yds,0.002,0.0,0.0,0.0,0.0,0.0
2026_01_NYJ_TEN,TEN,NYJ,Cam Ward,00-0040676,QB,anytime_td,0.14,0.0,0.0,0.0,0.0,1.0
2026_01_NYJ_TEN,TEN,NYJ,Carnell Tate,00-0041438,WR,car,0.102,0.0,0.0,0.0,0.0,0.0
2026_01_NYJ_TEN,TEN,NYJ,Carnell Tate,00-0041438,WR,rush_yds,0.553,0.0,0.0,0.0,0.0,0.0
2026_01_NYJ_TEN,TEN,NYJ,Carnell Tate,00-0041438,WR,tgt,1.272,0.0,0.0,1.0,2.0,3.0
2026_01_NYJ_TEN,TEN,NYJ,Carnell Tate,00-0041438,WR,rec,0.792,0.0,0.0,0.0,1.0,2.0
2026_01_NYJ_TEN,TEN,NYJ,Carnell Tate,00-0041438,WR,rec_yds,9.887,0.0,0.0,0.0,14.644,30.596
2026_01_NYJ_TEN,TEN,NYJ,Carnell Tate,00-0041438,WR,anytime_td,0.054,0.0,0.0,0.0,0.0,0.0
2026_01_NYJ_TEN,TEN,NYJ,Wan'Dale Robinson,00-0038117,WR,car,0.229,0.0,0.0,0.0,0.0,1.0
2026_01_NYJ_TEN,TEN,NYJ,Wan'Dale Robinson,00-0038117,WR,rush_yds,1.212,0.0,0.0,0.0,0.0,0.0
2026_01_NYJ_TEN,TEN,NYJ,Wan'Dale Robinson,00-0038117,WR,tgt,7.656,4.0,5.0,7.0,10.0,12.0
2026_01_NYJ_TEN,TEN,NYJ,Wan'Dale Robinson,00-0038117,WR,rec,4.872,2.0,3.0,5.0,6.0,8.0
2026_01_NYJ_TEN,TEN,NYJ,Wan'Dale Robinson,00-0038117,WR,rec_yds,57.599,15.293,30.325,51.523,78.223,107.907
2026_01_NYJ_TEN,TEN,NYJ,Wan'Dale Robinson,00-0038117,WR,anytime_td,0.264,0.0,0.0,0.0,1.0,1.0
2026_01_NYJ_TEN,TEN,NYJ,Gunnar Helm,00-0040584,TE,car,0.004,0.0,0.0,0.0,0.0,0.0
2026_01_NYJ_TEN,TEN,NYJ,Gunnar Helm,00-0040584,TE,rush_yds,0.007,0.0,0.0,0.0,0.0,0.0
2026_01_NYJ_TEN,TEN,NYJ,Gunnar Helm,00-0040584,TE,tgt,2.852,0.0,1.0,3.0,4.0,6.0
2026_01_NYJ_TEN,TEN,NYJ,Gunnar Helm,00-0040584,TE,rec,2.06,0.0,1.0,2.0,3.0,4.0
2026_01_NYJ_TEN,TEN,NYJ,Gunnar Helm,00-0040584,TE,rec_yds,19.922,0.0,4.767,15.057,29.686,47.024
2026_01_NYJ_TEN,TEN,NYJ,Gunnar Helm,00-0040584,TE,anytime_td,0.132,0.0,0.0,0.0,0.0,1.0
2026_01_NYJ_TEN,TEN,NYJ,Calvin Ridley,00-0034837,WR,car,0.158,0.0,0.0,0.0,0.0,0.0
2026_01_NYJ_TEN,TEN,NYJ,Calvin Ridley,00-0034837,WR,rush_yds,0.853,0.0,0.0,0.0,0.0,0.0
2026_01_NYJ_TEN,TEN,NYJ,Calvin Ridley,00-0034837,WR,tgt,3.792,1.0,2.0,3.0,5.0,7.0
2026_01_NYJ_TEN,TEN,NYJ,Calvin Ridley,00-0034837,WR,rec,2.291,0.0,1.0,2.0,3.0,5.0
2026_01_NYJ_TEN,TEN,NYJ,Calvin Ridley,00-0034837,WR,rec_yds,30.657,0.0,8.485,23.618,45.298,69.965
2026_01_NYJ_TEN,TEN,NYJ,Calvin Ridley,00-0034837,WR,anytime_td,0.133,0.0,0.0,0.0,0.0,1.0
2026_01_NYJ_TEN,TEN,NYJ,Elic Ayomanor,00-0040170,WR,car,0.02,0.0,0.0,0.0,0.0,0.0
2026_01_NYJ_TEN,TEN,NYJ,Elic Ayomanor,00-0040170,WR,rush_yds,0.098,0.0,0.0,0.0,0.0,0.0
2026_01_NYJ_TEN,TEN,NYJ,Elic Ayomanor,00-0040170,WR,tgt,4.505,1.0,3.0,4.0,6.0,8.0
2026_01_NYJ_TEN,TEN,NYJ,Elic Ayomanor,00-0040170,WR,rec,2.604,0.0,1.0,2.0,4.0,5.0
2026_01_NYJ_TEN,TEN,NYJ,Elic Ayomanor,00-0040170,WR,rec_yds,32.757,0.0,10.979,25.904,47.646,71.355
2026_01_NYJ_TEN,TEN,NYJ,Elic Ayomanor,00-0040170,WR,anytime_td,0.209,0.0,0.0,0.0,0.0,1.0
2026_01_NYJ_TEN,TEN,NYJ,Tony Pollard,00-0035261,RB,car,16.288,8.0,12.0,16.0,20.0,25.0
2026_01_NYJ_TEN,TEN,NYJ,Tony Pollard,00-0035261,RB,rush_yds,69.161,26.029,40.907,62.422,90.168,120.523
2026_01_NYJ_TEN,TEN,NYJ,Tony Pollard,00-0035261,RB,tgt,1.768,0.0,1.0,1.0,3.0,4.0
2026_01_NYJ_TEN,TEN,NYJ,Tony Pollard,00-0035261,RB,rec,1.39,0.0,0.0,1.0,2.0,3.0
2026_01_NYJ_TEN,TEN,NYJ,Tony Pollard,00-0035261,RB,rec_yds,9.691,0.0,0.0,5.302,14.426,26.623
2026_01_NYJ_TEN,TEN,NYJ,Tony Pollard,00-0035261,RB,anytime_td,0.329,0.0,0.0,0.0,1.0,1.0
2026_01_NYJ_TEN,TEN,NYJ,Tyjae Spears,00-0039032,RB,car,6.563,2.0,3.0,6.0,9.0,13.0
2026_01_NYJ_TEN,TEN,NYJ,Tyjae Spears,00-0039032,RB,rush_yds,26.143,2.813,9.224,19.999,36.634,57.096
2026_01_NYJ_TEN,TEN,NYJ,Tyjae Spears,00-0039032,RB,tgt,3.153,1.0,2.0,3.0,4.0,6.0
2026_01_NYJ_TEN,TEN,NYJ,Tyjae Spears,00-0039032,RB,rec,2.524,0.0,1.0,2.0,4.0,5.0
2026_01_NYJ_TEN,TEN,NYJ,Tyjae Spears,00-0039032,RB,rec_yds,17.093,0.0,4.225,12.486,25.267,40.478
2026_01_NYJ_TEN,TEN,NYJ,Tyjae Spears,00-0039032,RB,anytime_td,0.252,0.0,0.0,0.0,1.0,1.0
2026_01_NYJ_TEN,TEN,NYJ,Daniel Bellinger,00-0038115,TE,car,0.002,0.0,0.0,0.0,0.0,0.0
2026_01_NYJ_TEN,TEN,NYJ,Daniel Bellinger,00-0038115,TE,rush_yds,0.005,0.0,0.0,0.0,0.0,0.0
2026_01_NYJ_TEN,TEN,NYJ,Daniel Bellinger,00-0038115,TE,tgt,1.558,0.0,0.0,1.0,2.0,4.0
2026_01_NYJ_TEN,TEN,NYJ,Daniel Bellinger,00-0038115,TE,rec,1.108,0.0,0.0,1.0,2.0,3.0
2026_01_NYJ_TEN,TEN,NYJ,Daniel Bellinger,00-0038115,TE,rec_yds,11.579,0.0,0.0,5.953,17.724,33.048
2026_01_NYJ_TEN,TEN,NYJ,Daniel Bellinger,00-0038115,TE,anytime_td,0.103,0.0,0.0,0.0,0.0,1.0
2026_01_NYJ_TEN,TEN,NYJ,Chimere Dike,00-0040705,WR,car,0.514,0.0,0.0,0.0,0.0,2.0
2026_01_NYJ_TEN,TEN,NYJ,Chimere Dike,00-0040705,WR,rush_yds,2.737,0.0,0.0,0.0,0.0,8.76
2026_01_NYJ_TEN,TEN,NYJ,Chimere Dike,00-0040705,WR,tgt,3.814,1.0,2.0,3.0,5.0,7.0
2026_01_NYJ_TEN,TEN,NYJ,Chimere Dike,00-0040705,WR,rec,2.432,0.0,1.0,2.0,3.0,5.0
2026_01_NYJ_TEN,TEN,NYJ,Chimere Dike,00-0040705,WR,rec_yds,28.515,0.0,8.502,22.354,41.63,64.266
2026_01_NYJ_TEN,TEN,NYJ,Chimere Dike,00-0040705,WR,anytime_td,0.222,0.0,0.0,0.0,0.0,1.0
2026_01_NYJ_TEN,NYJ,TEN,Geno Smith,00-0030565,QB,att,29.247,19.0,25.0,30.0,35.0,39.0
2026_01_NYJ_TEN,NYJ,TEN,Geno Smith,00-0030565,QB,cmp,18.393,11.0,15.0,19.0,22.0,26.0
2026_01_NYJ_TEN,NYJ,TEN,Geno Smith,00-0030565,QB,pass_yds,202.766,115.091,156.585,201.446,249.493,296.013
2026_01_NYJ_TEN,NYJ,TEN,Geno Smith,00-0030565,QB,pass_td,1.16,0.0,0.0,1.0,2.0,3.0
2026_01_NYJ_TEN,NYJ,TEN,Geno Smith,00-0030565,QB,ints,0.665,0.0,0.0,0.0,1.0,2.0
2026_01_NYJ_TEN,NYJ,TEN,Geno Smith,00-0030565,QB,car,3.163,1.0,1.0,3.0,4.0,6.0
2026_01_NYJ_TEN,NYJ,TEN,Geno Smith,00-0030565,QB,rush_yds,13.662,-0.102,1.93,9.731,20.697,33.635
2026_01_NYJ_TEN,NYJ,TEN,Geno Smith,00-0030565,QB,tgt,0.0,0.0,0.0,0.0,0.0,0.0
2026_01_NYJ_TEN,NYJ,TEN,Geno Smith,00-0030565,QB,rec,0.0,0.0,0.0,0.0,0.0,0.0
2026_01_NYJ_TEN,NYJ,TEN,Geno Smith,00-0030565,QB,rec_yds,0.004,0.0,0.0,0.0,0.0,0.0
2026_01_NYJ_TEN,NYJ,TEN,Geno Smith,00-0030565,QB,anytime_td,0.053,0.0,0.0,0.0,0.0,0.0
2026_01_NYJ_TEN,NYJ,TEN,Garrett Wilson,00-0037740,WR,car,0.05,0.0,0.0,0.0,0.0,0.0
2026_01_NYJ_TEN,NYJ,TEN,Garrett Wilson,00-0037740,WR,rush_yds,0.274,0.0,0.0,0.0,0.0,0.0
2026_01_NYJ_TEN,NYJ,TEN,Garrett Wilson,00-0037740,WR,tgt,7.214,3.0,5.0,7.0,9.0,12.0
2026_01_NYJ_TEN,NYJ,TEN,Garrett Wilson,00-0037740,WR,rec,4.447,2.0,3.0,4.0,6.0,8.0
2026_01_NYJ_TEN,NYJ,TEN,Garrett Wilson,00-0037740,WR,rec_yds,54.773,13.177,27.176,48.64,75.7,104.901
2026_01_NYJ_TEN,NYJ,TEN,Garrett Wilson,00-0037740,WR,anytime_td,0.274,0.0,0.0,0.0,1.0,1.0
2026_01_NYJ_TEN,NYJ,TEN,Adonai Mitchell,00-0039890,WR,car,0.12,0.0,0.0,0.0,0.0,0.0
2026_01_NYJ_TEN,NYJ,TEN,Adonai Mitchell,00-0039890,WR,rush_yds,0.631,0.0,0.0,0.0,0.0,0.0
2026_01_NYJ_TEN,NYJ,TEN,Adonai Mitchell,00-0039890,WR,tgt,4.84,2.0,3.0,5.0,6.0,9.0
2026_01_NYJ_TEN,NYJ,TEN,Adonai Mitchell,00-0039890,WR,rec,2.742,1.0,1.0,2.0,4.0,5.0
2026_01_NYJ_TEN,NYJ,TEN,Adonai Mitchell,00-0039890,WR,rec_yds,35.069,0.0,12.295,28.32,50.429,77.223
2026_01_NYJ_TEN,NYJ,TEN,Adonai Mitchell,00-0039890,WR,anytime_td,0.193,0.0,0.0,0.0,0.0,1.0
2026_01_NYJ_TEN,NYJ,TEN,Mason Taylor,00-0040736,TE,car,0.004,0.0,0.0,0.0,0.0,0.0
2026_01_NYJ_TEN,NYJ,TEN,Mason Taylor,00-0040736,TE,rush_yds,0.01,0.0,0.0,0.0,0.0,0.0
2026_01_NYJ_TEN,NYJ,TEN,Mason Taylor,00-0040736,TE,tgt,4.508,1.0,3.0,4.0,6.0,8.0
2026_01_NYJ_TEN,NYJ,TEN,Mason Taylor,00-0040736,TE,rec,3.146,1.0,2.0,3.0,4.0,6.0
2026_01_NYJ_TEN,NYJ,TEN,Mason Taylor,00-0040736,TE,rec_yds,31.678,4.13,12.854,26.933,45.415,65.167
2026_01_NYJ_TEN,NYJ,TEN,Mason Taylor,00-0040736,TE,anytime_td,0.15,0.0,0.0,0.0,0.0,1.0
2026_01_NYJ_TEN,NYJ,TEN,Isaiah Williams,00-0039451,WR,car,0.253,0.0,0.0,0.0,0.0,1.0
2026_01_NYJ_TEN,NYJ,TEN,Isaiah Williams,00-0039451,WR,rush_yds,1.217,0.0,0.0,0.0,0.0,0.884
2026_01_NYJ_TEN,NYJ,TEN,Isaiah Williams,00-0039451,WR,tgt,3.387,1.0,2.0,3.0,5.0,6.0
2026_01_NYJ_TEN,NYJ,TEN,Isaiah Williams,00-0039451,WR,rec,2.21,0.0,1.0,2.0,3.0,5.0
2026_01_NYJ_TEN,NYJ,TEN,Isaiah Williams,00-0039451,WR,rec_yds,25.865,0.0,6.866,19.801,38.237,59.548
2026_01_NYJ_TEN,NYJ,TEN,Isaiah Williams,00-0039451,WR,anytime_td,0.086,0.0,0.0,0.0,0.0,0.0
2026_01_NYJ_TEN,NYJ,TEN,Breece Hall,00-0038120,RB,car,15.85,8.0,11.0,15.0,20.0,24.0
2026_01_NYJ_TEN,NYJ,TEN,Breece Hall,00-0038120,RB,rush_yds,63.018,23.501,37.425,57.115,82.528,110.612
2026_01_NYJ_TEN,NYJ,TEN,Breece Hall,00-0038120,RB,tgt,2.236,0.0,1.0,2.0,3.0,5.0
2026_01_NYJ_TEN,NYJ,TEN,Breece Hall,00-0038120,RB,rec,1.734,0.0,1.0,1.0,3.0,4.0
2026_01_NYJ_TEN,NYJ,TEN,Breece Hall,00-0038120,RB,rec_yds,13.437,0.0,0.0,8.447,19.916,34.903
2026_01_NYJ_TEN,NYJ,TEN,Breece Hall,00-0038120,RB,anytime_td,0.371,0.0,0.0,0.0,1.0,1.0
2026_01_NYJ_TEN,NYJ,TEN,Jeremy Ruckert,00-0037805,TE,car,0.001,0.0,0.0,0.0,0.0,0.0
2026_01_NYJ_TEN,NYJ,TEN,Jeremy Ruckert,00-0037805,TE,rush_yds,0.002,0.0,0.0,0.0,0.0,0.0
2026_01_NYJ_TEN,NYJ,TEN,Jeremy Ruckert,00-0037805,TE,tgt,1.696,0.0,0.0,1.0,3.0,4.0
2026_01_NYJ_TEN,NYJ,TEN,Jeremy Ruckert,00-0037805,TE,rec,1.208,0.0,0.0,1.0,2.0,3.0
2026_01_NYJ_TEN,NYJ,TEN,Jeremy Ruckert,00-0037805,TE,rec_yds,12.206,0.0,0.0,6.825,18.958,33.558
2026_01_NYJ_TEN,NYJ,TEN,Jeremy Ruckert,00-0037805,TE,anytime_td,0.06,0.0,0.0,0.0,0.0,0.0
2026_01_NYJ_TEN,NYJ,TEN,Kenyon Sadiq,00-0041032,TE,car,0.007,0.0,0.0,0.0,0.0,0.0
2026_01_NYJ_TEN,NYJ,TEN,Kenyon Sadiq,00-0041032,TE,rush_yds,0.018,0.0,0.0,0.0,0.0,0.0
2026_01_NYJ_TEN,NYJ,TEN,Kenyon Sadiq,00-0041032,TE,tgt,0.731,0.0,0.0,0.0,1.0,2.0
2026_01_NYJ_TEN,NYJ,TEN,Kenyon Sadiq,00-0041032,TE,rec,0.516,0.0,0.0,0.0,1.0,2.0
2026_01_NYJ_TEN,NYJ,TEN,Kenyon Sadiq,00-0041032,TE,rec_yds,5.432,0.0,0.0,0.0,7.368,18.646
2026_01_NYJ_TEN,NYJ,TEN,Kenyon Sadiq,00-0041032,TE,anytime_td,0.025,0.0,0.0,0.0,0.0,0.0
2026_01_NYJ_TEN,NYJ,TEN,Braelon Allen,00-0039794,RB,car,5.385,1.0,2.0,5.0,8.0,11.0
2026_01_NYJ_TEN,NYJ,TEN,Braelon Allen,00-0039794,RB,rush_yds,21.333,0.868,6.149,15.586,29.943,49.059
2026_01_NYJ_TEN,NYJ,TEN,Braelon Allen,00-0039794,RB,tgt,0.893,0.0,0.0,1.0,1.0,2.0
2026_01_NYJ_TEN,NYJ,TEN,Braelon Allen,00-0039794,RB,rec,0.688,0.0,0.0,0.0,1.0,2.0
2026_01_NYJ_TEN,NYJ,TEN,Braelon Allen,00-0039794,RB,rec_yds,5.235,0.0,0.0,0.0,7.16,16.931
2026_01_NYJ_TEN,NYJ,TEN,Braelon Allen,00-0039794,RB,anytime_td,0.177,0.0,0.0,0.0,0.0,1.0
2026_01_NYJ_TEN,NYJ,TEN,Jelani Woods,00-0037755,TE,car,0.003,0.0,0.0,0.0,0.0,0.0
2026_01_NYJ_TEN,NYJ,TEN,Jelani Woods,00-0037755,TE,rush_yds,0.005,0.0,0.0,0.0,0.0,0.0
2026_01_NYJ_TEN,NYJ,TEN,Jelani Woods,00-0037755,TE,tgt,1.163,0.0,0.0,1.0,2.0,3.0
2026_01_NYJ_TEN,NYJ,TEN,Jelani Woods,00-0037755,TE,rec,0.817,0.0,0.0,0.0,1.0,2.0
2026_01_NYJ_TEN,NYJ,TEN,Jelani Woods,00-0037755,TE,rec_yds,8.416,0.0,0.0,0.0,12.723,26.298
2026_01_NYJ_TEN,NYJ,TEN,Jelani Woods,00-0037755,TE,anytime_td,0.046,0.0,0.0,0.0,0.0,0.0
2026_01_NYJ_TEN,NYJ,TEN,Andrew Beck,00-0034959,RB,car,0.644,0.0,0.0,0.0,1.0,2.0
2026_01_NYJ_TEN,NYJ,TEN,Andrew Beck,00-0034959,RB,rush_yds,2.515,0.0,0.0,0.0,0.0,8.279
2026_01_NYJ_TEN,NYJ,TEN,Andrew Beck,00-0034959,RB,tgt,0.654,0.0,0.0,0.0,1.0,2.0
2026_01_NYJ_TEN,NYJ,TEN,Andrew Beck,00-0034959,RB,rec,0.504,0.0,0.0,0.0,1.0,2.0
2026_01_NYJ_TEN,NYJ,TEN,Andrew Beck,00-0034959,RB,rec_yds,3.777,0.0,0.0,0.0,4.343,13.153
2026_01_NYJ_TEN,NYJ,TEN,Andrew Beck,00-0034959,RB,anytime_td,0.085,0.0,0.0,0.0,0.0,0.0
2026_01_NYJ_TEN,NYJ,TEN,Omar Cooper Jr.,00-0041511,WR,car,0.09,0.0,0.0,0.0,0.0,0.0
2026_01_NYJ_TEN,NYJ,TEN,Omar Cooper Jr.,00-0041511,WR,rush_yds,0.428,0.0,0.0,0.0,0.0,0.0
2026_01_NYJ_TEN,NYJ,TEN,Omar Cooper Jr.,00-0041511,WR,tgt,1.292,0.0,0.0,1.0,2.0,3.0
2026_01_NYJ_TEN,NYJ,TEN,Omar Cooper Jr.,00-0041511,WR,rec,0.813,0.0,0.0,1.0,1.0,2.0
2026_01_NYJ_TEN,NYJ,TEN,Omar Cooper Jr.,00-0041511,WR,rec_yds,10.457,0.0,0.0,0.0,15.728,31.645
2026_01_NYJ_TEN,NYJ,TEN,Omar Cooper Jr.,00-0041511,WR,anytime_td,0.051,0.0,0.0,0.0,0.0,0.0
2026_01_NYJ_TEN,NYJ,TEN,Arian Smith,00-0040582,WR,car,0.31,0.0,0.0,0.0,0.0,1.0
2026_01_NYJ_TEN,NYJ,TEN,Arian Smith,00-0040582,WR,rush_yds,1.532,0.0,0.0,0.0,0.0,2.812
2026_01_NYJ_TEN,NYJ,TEN,Arian Smith,00-0040582,WR,tgt,1.124,0.0,0.0,1.0,2.0,3.0
2026_01_NYJ_TEN,NYJ,TEN,Arian Smith,00-0040582,WR,rec,0.682,0.0,0.0,0.0,1.0,2.0
2026_01_NYJ_TEN,NYJ,TEN,Arian Smith,00-0040582,WR,rec_yds,8.631,0.0,0.0,0.0,12.189,27.123
2026_01_NYJ_TEN,NYJ,TEN,Arian Smith,00-0040582,WR,anytime_td,0.03,0.0,0.0,0.0,0.0,0.0
2026_01_TB_CIN,CIN,TB,Joe Burrow,00-0036442,QB,att,33.737,24.0,29.0,34.0,40.0,45.0
2026_01_TB_CIN,CIN,TB,Joe Burrow,00-0036442,QB,cmp,22.771,15.0,19.0,23.0,27.0,31.0
2026_01_TB_CIN,CIN,TB,Joe Burrow,00-0036442,QB,pass_yds,256.016,154.232,203.765,254.769,310.573,365.041
2026_01_TB_CIN,CIN,TB,Joe Burrow,00-0036442,QB,pass_td,1.904,0.0,1.0,2.0,3.0,3.0
2026_01_TB_CIN,CIN,TB,Joe Burrow,00-0036442,QB,ints,0.7,0.0,0.0,0.0,1.0,2.0
2026_01_TB_CIN,CIN,TB,Joe Burrow,00-0036442,QB,car,2.828,0.0,1.0,2.0,4.0,6.0
2026_01_TB_CIN,CIN,TB,Joe Burrow,00-0036442,QB,rush_yds,11.065,-1.0,0.0,6.783,17.426,29.919
2026_01_TB_CIN,CIN,TB,Joe Burrow,00-0036442,QB,tgt,0.0,0.0,0.0,0.0,0.0,0.0
2026_01_TB_CIN,CIN,TB,Joe Burrow,00-0036442,QB,rec,0.0,0.0,0.0,0.0,0.0,0.0
2026_01_TB_CIN,CIN,TB,Joe Burrow,00-0036442,QB,rec_yds,0.001,0.0,0.0,0.0,0.0,0.0
2026_01_TB_CIN,CIN,TB,Joe Burrow,00-0036442,QB,anytime_td,0.06,0.0,0.0,0.0,0.0,0.0
2026_01_TB_CIN,CIN,TB,Ja'Marr Chase,00-0036900,WR,car,0.14,0.0,0.0,0.0,0.0,0.0
2026_01_TB_CIN,CIN,TB,Ja'Marr Chase,00-0036900,WR,rush_yds,0.777,0.0,0.0,0.0,0.0,0.0
2026_01_TB_CIN,CIN,TB,Ja'Marr Chase,00-0036900,WR,tgt,9.05,4.0,6.0,9.0,11.0,14.0
2026_01_TB_CIN,CIN,TB,Ja'Marr Chase,00-0036900,WR,rec,6.07,3.0,4.0,6.0,8.0,10.0
2026_01_TB_CIN,CIN,TB,Ja'Marr Chase,00-0036900,WR,rec_yds,76.17,24.382,43.031,69.126,102.381,137.074
2026_01_TB_CIN,CIN,TB,Ja'Marr Chase,00-0036900,WR,anytime_td,0.369,0.0,0.0,0.0,1.0,1.0
2026_01_TB_CIN,CIN,TB,Chase Brown,00-0038597,RB,car,12.696,6.0,9.0,12.0,16.0,20.0
2026_01_TB_CIN,CIN,TB,Chase Brown,00-0038597,RB,rush_yds,57.524,18.166,31.354,51.239,76.406,105.274
2026_01_TB_CIN,CIN,TB,Chase Brown,00-0038597,RB,tgt,4.185,1.0,2.0,4.0,6.0,8.0
2026_01_TB_CIN,CIN,TB,Chase Brown,00-0038597,RB,rec,3.381,1.0,2.0,3.0,5.0,6.0
2026_01_TB_CIN,CIN,TB,Chase Brown,00-0038597,RB,rec_yds,24.747,1.018,8.551,19.923,35.241,54.92
2026_01_TB_CIN,CIN,TB,Chase Brown,00-0038597,RB,anytime_td,0.595,0.0,0.0,1.0,1.0,1.0
2026_01_TB_CIN,CIN,TB,Tee Higgins,00-0036410,WR,car,0.019,0.0,0.0,0.0,0.0,0.0
2026_01_TB_CIN,CIN,TB,Tee Higgins,00-0036410,WR,rush_yds,0.104,0.0,0.0,0.0,0.0,0.0
2026_01_TB_CIN,CIN,TB,Tee Higgins,00-0036410,WR,tgt,5.626,2.0,3.0,5.0,7.0,10.0
2026_01_TB_CIN,CIN,TB,Tee Higgins,00-0036410,WR,rec,3.676,1.0,2.0,3.0,5.0,7.0
2026_01_TB_CIN,CIN,TB,Tee Higgins,00-0036410,WR,rec_yds,50.137,8.477,21.476,43.083,70.501,101.213
2026_01_TB_CIN,CIN,TB,Tee Higgins,00-0036410,WR,anytime_td,0.383,0.0,0.0,0.0,1.0,1.0
2026_01_TB_CIN,CIN,TB,Drew Sample,00-0035631,TE,car,0.058,0.0,0.0,0.0,0.0,0.0
2026_01_TB_CIN,CIN,TB,Drew Sample,00-0035631,TE,rush_yds,0.144,0.0,0.0,0.0,0.0,0.0
2026_01_TB_CIN,CIN,TB,Drew Sample,00-0035631,TE,tgt,1.233,0.0,0.0,1.0,2.0,3.0
2026_01_TB_CIN,CIN,TB,Drew Sample,00-0035631,TE,rec,0.924,0.0,0.0,1.0,1.0,2.0
2026_01_TB_CIN,CIN,TB,Drew Sample,00-0035631,TE,rec_yds,9.699,0.0,0.0,2.824,14.659,28.937
2026_01_TB_CIN,CIN,TB,Drew Sample,00-0035631,TE,anytime_td,0.035,0.0,0.0,0.0,0.0,0.0
2026_01_TB_CIN,CIN,TB,Andrei Iosivas,00-0038619,WR,car,0.113,0.0,0.0,0.0,0.0,0.0
2026_01_TB_CIN,CIN,TB,Andrei Iosivas,00-0038619,WR,rush_yds,0.621,0.0,0.0,0.0,0.0,0.0
2026_01_TB_CIN,CIN,TB,Andrei Iosivas,00-0038619,WR,tgt,2.9,0.0,1.0,3.0,4.0,6.0
2026_01_TB_CIN,CIN,TB,Andrei Iosivas,00-0038619,WR,rec,1.868,0.0,1.0,2.0,3.0,4.0
2026_01_TB_CIN,CIN,TB,Andrei Iosivas,00-0038619,WR,rec_yds,24.227,0.0,4.27,17.234,36.064,59.065
2026_01_TB_CIN,CIN,TB,Andrei Iosivas,00-0038619,WR,anytime_td,0.129,0.0,0.0,0.0,0.0,1.0
2026_01_TB_CIN,CIN,TB,Mike Gesicki,00-0034829,TE,car,0.001,0.0,0.0,0.0,0.0,0.0
2026_01_TB_CIN,CIN,TB,Mike Gesicki,00-0034829,TE,rush_yds,0.002,0.0,0.0,0.0,0.0,0.0
2026_01_TB_CIN,CIN,TB,Mike Gesicki,00-0034829,TE,tgt,2.832,0.0,1.0,2.0,4.0,6.0
2026_01_TB_CIN,CIN,TB,Mike Gesicki,00-0034829,TE,rec,2.09,0.0,1.0,2.0,3.0,4.0
2026_01_TB_CIN,CIN,TB,Mike Gesicki,00-0034829,TE,rec_yds,22.57,0.0,5.597,16.841,33.194,53.83
2026_01_TB_CIN,CIN,TB,Mike Gesicki,00-0034829,TE,anytime_td,0.162,0.0,0.0,0.0,0.0,1.0
2026_01_TB_CIN,CIN,TB,Erick All,00-0039814,TE,car,0.001,0.0,0.0,0.0,0.0,0.0
2026_01_TB_CIN,CIN,TB,Erick All,00-0039814,TE,rush_yds,0.003,0.0,0.0,0.0,0.0,0.0
2026_01_TB_CIN,CIN,TB,Erick All,00-0039814,TE,tgt,2.125,0.0,1.0,2.0,3.0,5.0
2026_01_TB_CIN,CIN,TB,Erick All,00-0039814,TE,rec,1.6,0.0,0.0,1.0,2.0,4.0
2026_01_TB_CIN,CIN,TB,Erick All,00-0039814,TE,rec_yds,16.802,0.0,0.0,10.978,25.666,43.709
2026_01_TB_CIN,CIN,TB,Erick All,00-0039814,TE,anytime_td,0.049,0.0,0.0,0.0,0.0,0.0
2026_01_TB_CIN,CIN,TB,Samaje Perine,00-0033526,RB,car,6.069,1.0,3.0,5.0,8.0,12.0
2026_01_TB_CIN,CIN,TB,Samaje Perine,00-0033526,RB,rush_yds,26.285,2.63,9.054,20.272,37.094,57.374
2026_01_TB_CIN,CIN,TB,Samaje Perine,00-0033526,RB,tgt,1.448,0.0,0.0,1.0,2.0,3.0
2026_01_TB_CIN,CIN,TB,Samaje Perine,00-0033526,RB,rec,1.163,0.0,0.0,1.0,2.0,3.0
2026_01_TB_CIN,CIN,TB,Samaje Perine,00-0033526,RB,rec_yds,8.371,0.0,0.0,3.314,12.344,24.344
2026_01_TB_CIN,CIN,TB,Samaje Perine,00-0033526,RB,anytime_td,0.27,0.0,0.0,0.0,1.0,1.0
2026_01_TB_CIN,CIN,TB,Dohnte Meyers,00-0040785,WR,car,0.082,0.0,0.0,0.0,0.0,0.0
2026_01_TB_CIN,CIN,TB,Dohnte Meyers,00-0040785,WR,rush_yds,0.493,0.0,0.0,0.0,0.0,0.0
2026_01_TB_CIN,CIN,TB,Dohnte Meyers,00-0040785,WR,tgt,1.488,0.0,0.0,1.0,2.0,4.0
2026_01_TB_CIN,CIN,TB,Dohnte Meyers,00-0040785,WR,rec,0.966,0.0,0.0,1.0,1.0,3.0
2026_01_TB_CIN,CIN,TB,Dohnte Meyers,00-0040785,WR,rec_yds,12.373,0.0,0.0,4.555,18.424,36.679
2026_01_TB_CIN,CIN,TB,Dohnte Meyers,00-0040785,WR,anytime_td,0.082,0.0,0.0,0.0,0.0,0.0
2026_01_TB_CIN,CIN,TB,Colbie Young,00-0041069,WR,car,0.088,0.0,0.0,0.0,0.0,0.0
2026_01_TB_CIN,CIN,TB,Colbie Young,00-0041069,WR,rush_yds,0.452,0.0,0.0,0.0,0.0,0.0
2026_01_TB_CIN,CIN,TB,Colbie Young,00-0041069,WR,tgt,1.474,0.0,0.0,1.0,2.0,4.0
2026_01_TB_CIN,CIN,TB,Colbie Young,00-0041069,WR,rec,0.956,0.0,0.0,1.0,1.0,2.0
2026_01_TB_CIN,CIN,TB,Colbie Young,00-0041069,WR,rec_yds,12.288,0.0,0.0,4.441,18.694,36.73
2026_01_TB_CIN,CIN,TB,Colbie Young,00-0041069,WR,anytime_td,0.082,0.0,0.0,0.0,0.0,0.0
2026_01_TB_CIN,CIN,TB,Tanner Hudson,00-0034613,TE,car,0.004,0.0,0.0,0.0,0.0,0.0
2026_01_TB_CIN,CIN,TB,Tanner Hudson,00-0034613,TE,rush_yds,0.01,0.0,0.0,0.0,0.0,0.0
2026_01_TB_CIN,CIN,TB,Tanner Hudson,00-0034613,TE,tgt,1.557,0.0,0.0,1.0,2.0,4.0
2026_01_TB_CIN,CIN,TB,Tanner Hudson,00-0034613,TE,rec,1.158,0.0,0.0,1.0,2.0,3.0
2026_01_TB_CIN,CIN,TB,Tanner Hudson,00-0034613,TE,rec_yds,12.106,0.0,0.0,6.183,18.626,33.674
2026_01_TB_CIN,CIN,TB,Tanner Hudson,00-0034613,TE,anytime_td,0.098,0.0,0.0,0.0,0.0,0.0
2026_01_TB_CIN,CIN,TB,Tahj Brooks,00-0040208,RB,car,2.384,0.0,0.0,2.0,4.0,6.0
2026_01_TB_CIN,CIN,TB,Tahj Brooks,00-0040208,RB,rush_yds,10.236,0.0,0.0,4.371,14.406,28.658
2026_01_TB_CIN,CIN,TB,Tahj Brooks,00-0040208,RB,tgt,0.417,0.0,0.0,0.0,1.0,1.0
2026_01_TB_CIN,CIN,TB,Tahj Brooks,00-0040208,RB,rec,0.334,0.0,0.0,0.0,0.0,1.0
2026_01_TB_CIN,CIN,TB,Tahj Brooks,00-0040208,RB,rec_yds,2.462,0.0,0.0,0.0,0.0,9.202
2026_01_TB_CIN,CIN,TB,Tahj Brooks,00-0040208,RB,anytime_td,0.072,0.0,0.0,0.0,0.0,0.0
2026_01_TB_CIN,TB,CIN,Baker Mayfield,00-0034855,QB,att,30.057,20.0,25.0,31.0,36.0,40.0
2026_01_TB_CIN,TB,CIN,Baker Mayfield,00-0034855,QB,cmp,19.384,12.0,16.0,20.0,23.0,27.0
2026_01_TB_CIN,TB,CIN,Baker Mayfield,00-0034855,QB,pass_yds,218.803,123.894,169.729,216.403,268.815,321.305
2026_01_TB_CIN,TB,CIN,Baker Mayfield,00-0034855,QB,pass_td,1.491,0.0,1.0,1.0,2.0,3.0
2026_01_TB_CIN,TB,CIN,Baker Mayfield,00-0034855,QB,ints,0.745,0.0,0.0,0.0,1.0,2.0
2026_01_TB_CIN,TB,CIN,Baker Mayfield,00-0034855,QB,car,3.237,1.0,2.0,3.0,4.0,6.0
2026_01_TB_CIN,TB,CIN,Baker Mayfield,00-0034855,QB,rush_yds,18.161,0.0,5.144,14.404,26.75,41.871
2026_01_TB_CIN,TB,CIN,Baker Mayfield,00-0034855,QB,tgt,0.0,0.0,0.0,0.0,0.0,0.0
2026_01_TB_CIN,TB,CIN,Baker Mayfield,00-0034855,QB,rec,0.0,0.0,0.0,0.0,0.0,0.0
2026_01_TB_CIN,TB,CIN,Baker Mayfield,00-0034855,QB,rec_yds,0.0,0.0,0.0,0.0,0.0,0.0
2026_01_TB_CIN,TB,CIN,Baker Mayfield,00-0034855,QB,anytime_td,0.07,0.0,0.0,0.0,0.0,0.0
2026_01_TB_CIN,TB,CIN,Cade Otton,00-0038129,TE,car,0.003,0.0,0.0,0.0,0.0,0.0
2026_01_TB_CIN,TB,CIN,Cade Otton,00-0038129,TE,rush_yds,0.008,0.0,0.0,0.0,0.0,0.0
2026_01_TB_CIN,TB,CIN,Cade Otton,00-0038129,TE,tgt,5.299,2.0,3.0,5.0,7.0,9.0
2026_01_TB_CIN,TB,CIN,Cade Otton,00-0038129,TE,rec,3.769,1.0,2.0,3.0,5.0,7.0
2026_01_TB_CIN,TB,CIN,Cade Otton,00-0038129,TE,rec_yds,41.27,7.433,18.749,35.802,58.351,81.63
2026_01_TB_CIN,TB,CIN,Cade Otton,00-0038129,TE,anytime_td,0.178,0.0,0.0,0.0,0.0,1.0
2026_01_TB_CIN,TB,CIN,Emeka Egbuka,00-0040129,WR,car,0.053,0.0,0.0,0.0,0.0,0.0
2026_01_TB_CIN,TB,CIN,Emeka Egbuka,00-0040129,WR,rush_yds,0.32,0.0,0.0,0.0,0.0,0.0
2026_01_TB_CIN,TB,CIN,Emeka Egbuka,00-0040129,WR,tgt,6.164,2.0,4.0,6.0,8.0,10.0
2026_01_TB_CIN,TB,CIN,Emeka Egbuka,00-0040129,WR,rec,3.5,1.0,2.0,3.0,5.0,6.0
2026_01_TB_CIN,TB,CIN,Emeka Egbuka,00-0040129,WR,rec_yds,48.638,7.965,21.18,41.498,68.352,97.733
2026_01_TB_CIN,TB,CIN,Emeka Egbuka,00-0040129,WR,anytime_td,0.194,0.0,0.0,0.0,0.0,1.0
2026_01_TB_CIN,TB,CIN,Chris Godwin Jr.,00-0033921,WR,car,0.039,0.0,0.0,0.0,0.0,0.0
2026_01_TB_CIN,TB,CIN,Chris Godwin Jr.,00-0033921,WR,rush_yds,0.23,0.0,0.0,0.0,0.0,0.0
2026_01_TB_CIN,TB,CIN,Chris Godwin Jr.,00-0033921,WR,tgt,5.237,2.0,3.0,5.0,7.0,9.0
2026_01_TB_CIN,TB,CIN,Chris Godwin Jr.,00-0033921,WR,rec,3.366,1.0,2.0,3.0,5.0,6.0
2026_01_TB_CIN,TB,CIN,Chris Godwin Jr.,00-0033921,WR,rec_yds,44.385,6.736,17.9,36.958,63.012,91.055
2026_01_TB_CIN,TB,CIN,Chris Godwin Jr.,00-0033921,WR,anytime_td,0.246,0.0,0.0,0.0,0.0,1.0
2026_01_TB_CIN,TB,CIN,Ted Hurst III,00-0041048,WR,car,0.093,0.0,0.0,0.0,0.0,0.0
2026_01_TB_CIN,TB,CIN,Ted Hurst III,00-0041048,WR,rush_yds,0.505,0.0,0.0,0.0,0.0,0.0
2026_01_TB_CIN,TB,CIN,Ted Hurst III,00-0041048,WR,tgt,1.474,0.0,0.0,1.0,2.0,4.0
2026_01_TB_CIN,TB,CIN,Ted Hurst III,00-0041048,WR,rec,0.911,0.0,0.0,1.0,1.0,2.0
2026_01_TB_CIN,TB,CIN,Ted Hurst III,00-0041048,WR,rec_yds,12.356,0.0,0.0,4.027,18.399,36.592
2026_01_TB_CIN,TB,CIN,Ted Hurst III,00-0041048,WR,anytime_td,0.066,0.0,0.0,0.0,0.0,0.0
2026_01_TB_CIN,TB,CIN,Bucky Irving,00-0039361,RB,car,15.866,8.0,11.0,15.0,20.0,24.0
2026_01_TB_CIN,TB,CIN,Bucky Irving,00-0039361,RB,rush_yds,67.191,24.749,40.165,60.645,87.854,117.739
2026_01_TB_CIN,TB,CIN,Bucky Irving,00-0039361,RB,tgt,3.085,1.0,1.0,3.0,4.0,6.0
2026_01_TB_CIN,TB,CIN,Bucky Irving,00-0039361,RB,rec,2.371,0.0,1.0,2.0,3.0,5.0
2026_01_TB_CIN,TB,CIN,Bucky Irving,00-0039361,RB,rec_yds,19.341,0.0,4.221,14.068,28.551,46.323
2026_01_TB_CIN,TB,CIN,Bucky Irving,00-0039361,RB,anytime_td,0.435,0.0,0.0,0.0,1.0,1.0
2026_01_TB_CIN,TB,CIN,Kenny Gainwell,00-0036919,RB,car,7.136,2.0,4.0,6.0,10.0,13.0
2026_01_TB_CIN,TB,CIN,Kenny Gainwell,00-0036919,RB,rush_yds,32.281,4.271,11.881,25.58,44.995,68.264
2026_01_TB_CIN,TB,CIN,Kenny Gainwell,00-0036919,RB,tgt,4.803,2.0,3.0,4.0,6.0,8.0
2026_01_TB_CIN,TB,CIN,Kenny Gainwell,00-0036919,RB,rec,3.751,1.0,2.0,3.0,5.0,7.0
2026_01_TB_CIN,TB,CIN,Kenny Gainwell,00-0036919,RB,rec_yds,29.991,3.345,11.583,24.675,42.699,63.365
2026_01_TB_CIN,TB,CIN,Kenny Gainwell,00-0036919,RB,anytime_td,0.378,0.0,0.0,0.0,1.0,1.0
2026_01_TB_CIN,TB,CIN,Tez Johnson,00-0040237,WR,car,0.45,0.0,0.0,0.0,0.0,1.0
2026_01_TB_CIN,TB,CIN,Tez Johnson,00-0040237,WR,rush_yds,2.599,0.0,0.0,0.0,0.0,8.187
2026_01_TB_CIN,TB,CIN,Tez Johnson,00-0040237,WR,tgt,2.272,0.0,1.0,2.0,3.0,5.0
2026_01_TB_CIN,TB,CIN,Tez Johnson,00-0040237,WR,rec,1.413,0.0,0.0,1.0,2.0,3.0
2026_01_TB_CIN,TB,CIN,Tez Johnson,00-0040237,WR,rec_yds,18.71,0.0,0.0,11.455,28.375,49.63
2026_01_TB_CIN,TB,CIN,Tez Johnson,00-0040237,WR,anytime_td,0.154,0.0,0.0,0.0,0.0,1.0
2026_01_TB_CIN,TB,CIN,Kameron Johnson,00-0039589,WR,car,0.13,0.0,0.0,0.0,0.0,0.0
2026_01_TB_CIN,TB,CIN,Kameron Johnson,00-0039589,WR,rush_yds,0.747,0.0,0.0,0.0,0.0,0.0
2026_01_TB_CIN,TB,CIN,Kameron Johnson,00-0039589,WR,tgt,0.696,0.0,0.0,0.0,1.0,2.0
2026_01_TB_CIN,TB,CIN,Kameron Johnson,00-0039589,WR,rec,0.424,0.0,0.0,0.0,1.0,1.0
2026_01_TB_CIN,TB,CIN,Kameron Johnson,00-0039589,WR,rec_yds,5.721,0.0,0.0,0.0,5.917,20.339
2026_01_TB_CIN,TB,CIN,Kameron Johnson,00-0039589,WR,anytime_td,0.035,0.0,0.0,0.0,0.0,0.0
2026_01_TB_CIN,TB,CIN,Bauer Sharp,00-0041094,TE,car,0.008,0.0,0.0,0.0,0.0,0.0
2026_01_TB_CIN,TB,CIN,Bauer Sharp,00-0041094,TE,rush_yds,0.024,0.0,0.0,0.0,0.0,0.0
2026_01_TB_CIN,TB,CIN,Bauer Sharp,00-0041094,TE,tgt,0.888,0.0,0.0,1.0,1.0,2.0
2026_01_TB_CIN,TB,CIN,Bauer Sharp,00-0041094,TE,rec,0.616,0.0,0.0,0.0,1.0,2.0
2026_01_TB_CIN,TB,CIN,Bauer Sharp,00-0041094,TE,rec_yds,6.807,0.0,0.0,0.0,9.726,22.972
2026_01_TB_CIN,TB,CIN,Bauer Sharp,00-0041094,TE,anytime_td,0.036,0.0,0.0,0.0,0.0,0.0
2026_01_WAS_PHI,PHI,WAS,Jalen Hurts,00-0036389,QB,att,29.266,19.0,25.0,30.0,35.0,40.0
2026_01_WAS_PHI,PHI,WAS,Jalen Hurts,00-0036389,QB,cmp,18.854,12.0,15.0,19.0,23.0,26.0
2026_01_WAS_PHI,PHI,WAS,Jalen Hurts,00-0036389,QB,pass_yds,215.293,120.934,166.272,215.079,264.41,315.293
2026_01_WAS_PHI,PHI,WAS,Jalen Hurts,00-0036389,QB,pass_td,1.517,0.0,1.0,1.0,2.0,3.0
2026_01_WAS_PHI,PHI,WAS,Jalen Hurts,00-0036389,QB,ints,0.58,0.0,0.0,0.0,1.0,2.0
2026_01_WAS_PHI,PHI,WAS,Jalen Hurts,00-0036389,QB,car,5.501,1.0,3.0,5.0,7.0,10.0
2026_01_WAS_PHI,PHI,WAS,Jalen Hurts,00-0036389,QB,rush_yds,22.868,0.0,7.701,18.438,32.995,50.289
2026_01_WAS_PHI,PHI,WAS,Jalen Hurts,00-0036389,QB,tgt,0.001,0.0,0.0,0.0,0.0,0.0
2026_01_WAS_PHI,PHI,WAS,Jalen Hurts,00-0036389,QB,rec,0.001,0.0,0.0,0.0,0.0,0.0
2026_01_WAS_PHI,PHI,WAS,Jalen Hurts,00-0036389,QB,rec_yds,0.006,0.0,0.0,0.0,0.0,0.0
2026_01_WAS_PHI,PHI,WAS,Jalen Hurts,00-0036389,QB,anytime_td,0.264,0.0,0.0,0.0,1.0,1.0
2026_01_WAS_PHI,PHI,WAS,Dallas Goedert,00-0034351,TE,car,0.121,0.0,0.0,0.0,0.0,0.0
2026_01_WAS_PHI,PHI,WAS,Dallas Goedert,00-0034351,TE,rush_yds,0.286,0.0,0.0,0.0,0.0,0.0
2026_01_WAS_PHI,PHI,WAS,Dallas Goedert,00-0034351,TE,tgt,6.829,3.0,4.0,6.0,9.0,11.0
2026_01_WAS_PHI,PHI,WAS,Dallas Goedert,00-0034351,TE,rec,4.805,2.0,3.0,5.0,6.0,8.0
2026_01_WAS_PHI,PHI,WAS,Dallas Goedert,00-0034351,TE,rec_yds,51.811,13.592,26.954,46.959,70.588,97.07
2026_01_WAS_PHI,PHI,WAS,Dallas Goedert,00-0034351,TE,anytime_td,0.41,0.0,0.0,0.0,1.0,1.0
2026_01_WAS_PHI,PHI,WAS,DeVonta Smith,00-0036912,WR,car,0.016,0.0,0.0,0.0,0.0,0.0
2026_01_WAS_PHI,PHI,WAS,DeVonta Smith,00-0036912,WR,rush_yds,0.091,0.0,0.0,0.0,0.0,0.0
2026_01_WAS_PHI,PHI,WAS,DeVonta Smith,00-0036912,WR,tgt,8.339,4.0,6.0,8.0,11.0,13.0
2026_01_WAS_PHI,PHI,WAS,DeVonta Smith,00-0036912,WR,rec,5.276,2.0,3.0,5.0,7.0,9.0
2026_01_WAS_PHI,PHI,WAS,DeVonta Smith,00-0036912,WR,rec_yds,70.094,20.711,37.988,63.333,94.788,128.432
2026_01_WAS_PHI,PHI,WAS,DeVonta Smith,00-0036912,WR,anytime_td,0.232,0.0,0.0,0.0,0.0,1.0
2026_01_WAS_PHI,PHI,WAS,Dontayvion Wicks,00-0038393,WR,car,0.078,0.0,0.0,0.0,0.0,0.0
2026_01_WAS_PHI,PHI,WAS,Dontayvion Wicks,00-0038393,WR,rush_yds,0.461,0.0,0.0,0.0,0.0,0.0
2026_01_WAS_PHI,PHI,WAS,Dontayvion Wicks,00-0038393,WR,tgt,3.805,1.0,2.0,3.0,5.0,7.0
2026_01_WAS_PHI,PHI,WAS,Dontayvion Wicks,00-0038393,WR,rec,2.394,0.0,1.0,2.0,3.0,5.0
2026_01_WAS_PHI,PHI,WAS,Dontayvion Wicks,00-0038393,WR,rec_yds,31.677,0.0,9.426,24.579,46.147,71.312
2026_01_WAS_PHI,PHI,WAS,Dontayvion Wicks,00-0038393,WR,anytime_td,0.156,0.0,0.0,0.0,0.0,1.0
2026_01_WAS_PHI,PHI,WAS,Saquon Barkley,00-0034844,RB,car,16.343,8.0,12.0,16.0,20.0,25.0
2026_01_WAS_PHI,PHI,WAS,Saquon Barkley,00-0034844,RB,rush_yds,75.065,27.857,44.748,68.369,97.787,131.336
2026_01_WAS_PHI,PHI,WAS,Saquon Barkley,00-0034844,RB,tgt,3.823,1.0,2.0,3.0,5.0,7.0
2026_01_WAS_PHI,PHI,WAS,Saquon Barkley,00-0034844,RB,rec,2.804,1.0,1.0,2.0,4.0,5.0
2026_01_WAS_PHI,PHI,WAS,Saquon Barkley,00-0034844,RB,rec_yds,22.221,0.0,6.43,16.949,32.221,51.112
2026_01_WAS_PHI,PHI,WAS,Saquon Barkley,00-0034844,RB,anytime_td,0.45,0.0,0.0,0.0,1.0,1.0
2026_01_WAS_PHI,PHI,WAS,Makai Lemon,00-0040867,WR,car,0.088,0.0,0.0,0.0,0.0,0.0
2026_01_WAS_PHI,PHI,WAS,Makai Lemon,00-0040867,WR,rush_yds,0.499,0.0,0.0,0.0,0.0,0.0
2026_01_WAS_PHI,PHI,WAS,Makai Lemon,00-0040867,WR,tgt,1.822,0.0,1.0,1.0,3.0,4.0
2026_01_WAS_PHI,PHI,WAS,Makai Lemon,00-0040867,WR,rec,1.133,0.0,0.0,1.0,2.0,3.0
2026_01_WAS_PHI,PHI,WAS,Makai Lemon,00-0040867,WR,rec_yds,15.459,0.0,0.0,7.792,23.228,43.504
2026_01_WAS_PHI,PHI,WAS,Makai Lemon,00-0040867,WR,anytime_td,0.066,0.0,0.0,0.0,0.0,0.0
2026_01_WAS_PHI,PHI,WAS,Johnny Mundt,00-0033246,TE,car,0.004,0.0,0.0,0.0,0.0,0.0
2026_01_WAS_PHI,PHI,WAS,Johnny Mundt,00-0033246,TE,rush_yds,0.007,0.0,0.0,0.0,0.0,0.0
2026_01_WAS_PHI,PHI,WAS,Johnny Mundt,00-0033246,TE,tgt,1.181,0.0,0.0,1.0,2.0,3.0
2026_01_WAS_PHI,PHI,WAS,Johnny Mundt,00-0033246,TE,rec,0.814,0.0,0.0,1.0,1.0,2.0
2026_01_WAS_PHI,PHI,WAS,Johnny Mundt,00-0033246,TE,rec_yds,8.88,0.0,0.0,0.0,13.378,27.4
2026_01_WAS_PHI,PHI,WAS,Johnny Mundt,00-0033246,TE,anytime_td,0.02,0.0,0.0,0.0,0.0,0.0
2026_01_WAS_PHI,PHI,WAS,Will Shipley,00-0039746,RB,car,1.123,0.0,0.0,0.0,1.0,4.0
2026_01_WAS_PHI,PHI,WAS,Will Shipley,00-0039746,RB,rush_yds,5.063,0.0,0.0,0.0,5.539,16.741
2026_01_WAS_PHI,PHI,WAS,Will Shipley,00-0039746,RB,tgt,1.189,0.0,0.0,1.0,2.0,3.0
2026_01_WAS_PHI,PHI,WAS,Will Shipley,00-0039746,RB,rec,0.908,0.0,0.0,1.0,1.0,2.0
2026_01_WAS_PHI,PHI,WAS,Will Shipley,00-0039746,RB,rec_yds,6.819,0.0,0.0,0.0,10.152,21.483
2026_01_WAS_PHI,PHI,WAS,Will Shipley,00-0039746,RB,anytime_td,0.047,0.0,0.0,0.0,0.0,0.0
2026_01_WAS_PHI,PHI,WAS,Darius Cooper,00-0040024,WR,car,0.019,0.0,0.0,0.0,0.0,0.0
2026_01_WAS_PHI,PHI,WAS,Darius Cooper,00-0040024,WR,rush_yds,0.106,0.0,0.0,0.0,0.0,0.0
2026_01_WAS_PHI,PHI,WAS,Darius Cooper,00-0040024,WR,tgt,1.801,0.0,1.0,1.0,3.0,4.0
2026_01_WAS_PHI,PHI,WAS,Darius Cooper,00-0040024,WR,rec,1.143,0.0,0.0,1.0,2.0,3.0
2026_01_WAS_PHI,PHI,WAS,Darius Cooper,00-0040024,WR,rec_yds,14.942,0.0,0.0,7.697,22.592,42.144
2026_01_WAS_PHI,PHI,WAS,Darius Cooper,00-0040024,WR,anytime_td,0.038,0.0,0.0,0.0,0.0,0.0
2026_01_WAS_PHI,PHI,WAS,Tank Bigsby,00-0038555,RB,car,5.6,1.0,2.0,5.0,8.0,11.0
2026_01_WAS_PHI,PHI,WAS,Tank Bigsby,00-0038555,RB,rush_yds,26.351,1.001,7.428,19.15,37.803,61.431
2026_01_WAS_PHI,PHI,WAS,Tank Bigsby,00-0038555,RB,tgt,0.614,0.0,0.0,0.0,1.0,2.0
2026_01_WAS_PHI,PHI,WAS,Tank Bigsby,00-0038555,RB,rec,0.475,0.0,0.0,0.0,1.0,2.0
2026_01_WAS_PHI,PHI,WAS,Tank Bigsby,00-0038555,RB,rec_yds,3.851,0.0,0.0,0.0,3.862,13.652
2026_01_WAS_PHI,PHI,WAS,Tank Bigsby,00-0038555,RB,anytime_td,0.222,0.0,0.0,0.0,0.0,1.0
2026_01_WAS_PHI,WAS,PHI,Jayden Daniels,00-0039910,QB,att,27.008,18.0,23.0,27.0,32.0,37.0
2026_01_WAS_PHI,WAS,PHI,Jayden Daniels,00-0039910,QB,cmp,16.434,10.0,13.0,17.0,20.0,23.0
2026_01_WAS_PHI,WAS,PHI,Jayden Daniels,00-0039910,QB,pass_yds,178.804,97.701,135.662,176.56,221.394,266.778
2026_01_WAS_PHI,WAS,PHI,Jayden Daniels,00-0039910,QB,pass_td,1.065,0.0,0.0,1.0,2.0,2.0
2026_01_WAS_PHI,WAS,PHI,Jayden Daniels,00-0039910,QB,ints,0.694,0.0,0.0,0.0,1.0,2.0
2026_01_WAS_PHI,WAS,PHI,Jayden Daniels,00-0039910,QB,car,5.922,2.0,3.0,5.0,8.0,10.0
2026_01_WAS_PHI,WAS,PHI,Jayden Daniels,00-0039910,QB,rush_yds,30.294,5.704,14.33,26.785,42.89,58.788
2026_01_WAS_PHI,WAS,PHI,Jayden Daniels,00-0039910,QB,tgt,0.0,0.0,0.0,0.0,0.0,0.0
2026_01_WAS_PHI,WAS,PHI,Jayden Daniels,00-0039910,QB,rec,0.0,0.0,0.0,0.0,0.0,0.0
2026_01_WAS_PHI,WAS,PHI,Jayden Daniels,00-0039910,QB,rec_yds,0.003,0.0,0.0,0.0,0.0,0.0
2026_01_WAS_PHI,WAS,PHI,Jayden Daniels,00-0039910,QB,anytime_td,0.181,0.0,0.0,0.0,0.0,1.0
2026_01_WAS_PHI,WAS,PHI,Terry McLaurin,00-0035659,WR,car,0.026,0.0,0.0,0.0,0.0,0.0
2026_01_WAS_PHI,WAS,PHI,Terry McLaurin,00-0035659,WR,rush_yds,0.131,0.0,0.0,0.0,0.0,0.0
2026_01_WAS_PHI,WAS,PHI,Terry McLaurin,00-0035659,WR,tgt,6.319,3.0,4.0,6.0,8.0,10.0
2026_01_WAS_PHI,WAS,PHI,Terry McLaurin,00-0035659,WR,rec,3.779,1.0,2.0,4.0,5.0,7.0
2026_01_WAS_PHI,WAS,PHI,Terry McLaurin,00-0035659,WR,rec_yds,48.553,9.04,22.35,42.112,67.401,96.648
2026_01_WAS_PHI,WAS,PHI,Terry McLaurin,00-0035659,WR,anytime_td,0.221,0.0,0.0,0.0,0.0,1.0
2026_01_WAS_PHI,WAS,PHI,Stefon Diggs,00-0031588,WR,car,0.028,0.0,0.0,0.0,0.0,0.0
2026_01_WAS_PHI,WAS,PHI,Stefon Diggs,00-0031588,WR,rush_yds,0.15,0.0,0.0,0.0,0.0,0.0
2026_01_WAS_PHI,WAS,PHI,Stefon Diggs,00-0031588,WR,tgt,5.081,2.0,3.0,5.0,7.0,9.0
2026_01_WAS_PHI,WAS,PHI,Stefon Diggs,00-0031588,WR,rec,3.17,1.0,2.0,3.0,4.0,6.0
2026_01_WAS_PHI,WAS,PHI,Stefon Diggs,00-0031588,WR,rec_yds,37.797,4.554,15.104,32.091,53.61,78.577
2026_01_WAS_PHI,WAS,PHI,Stefon Diggs,00-0031588,WR,anytime_td,0.152,0.0,0.0,0.0,0.0,1.0
2026_01_WAS_PHI,WAS,PHI,Chig Okonkwo,00-0037809,TE,car,0.006,0.0,0.0,0.0,0.0,0.0
2026_01_WAS_PHI,WAS,PHI,Chig Okonkwo,00-0037809,TE,rush_yds,0.015,0.0,0.0,0.0,0.0,0.0
2026_01_WAS_PHI,WAS,PHI,Chig Okonkwo,00-0037809,TE,tgt,4.22,1.0,2.0,4.0,6.0,8.0
2026_01_WAS_PHI,WAS,PHI,Chig Okonkwo,00-0037809,TE,rec,2.785,1.0,1.0,3.0,4.0,5.0
2026_01_WAS_PHI,WAS,PHI,Chig Okonkwo,00-0037809,TE,rec_yds,27.544,0.95,9.982,22.717,39.964,59.237
2026_01_WAS_PHI,WAS,PHI,Chig Okonkwo,00-0037809,TE,anytime_td,0.164,0.0,0.0,0.0,0.0,1.0
2026_01_WAS_PHI,WAS,PHI,Dyami Brown,00-0036626,WR,car,0.309,0.0,0.0,0.0,0.0,1.0
2026_01_WAS_PHI,WAS,PHI,Dyami Brown,00-0036626,WR,rush_yds,1.641,0.0,0.0,0.0,0.0,3.335
2026_01_WAS_PHI,WAS,PHI,Dyami Brown,00-0036626,WR,tgt,1.764,0.0,1.0,1.0,3.0,4.0
2026_01_WAS_PHI,WAS,PHI,Dyami Brown,00-0036626,WR,rec,1.032,0.0,0.0,1.0,2.0,3.0
2026_01_WAS_PHI,WAS,PHI,Dyami Brown,00-0036626,WR,rec_yds,12.48,0.0,0.0,5.855,19.123,35.925
2026_01_WAS_PHI,WAS,PHI,Dyami Brown,00-0036626,WR,anytime_td,0.044,0.0,0.0,0.0,0.0,0.0
2026_01_WAS_PHI,WAS,PHI,John Bates,00-0036628,TE,car,0.004,0.0,0.0,0.0,0.0,0.0
2026_01_WAS_PHI,WAS,PHI,John Bates,00-0036628,TE,rush_yds,0.012,0.0,0.0,0.0,0.0,0.0
2026_01_WAS_PHI,WAS,PHI,John Bates,00-0036628,TE,tgt,1.328,0.0,0.0,1.0,2.0,3.0
2026_01_WAS_PHI,WAS,PHI,John Bates,00-0036628,TE,rec,0.888,0.0,0.0,1.0,1.0,2.0
2026_01_WAS_PHI,WAS,PHI,John Bates,00-0036628,TE,rec_yds,8.831,0.0,0.0,2.037,13.408,26.415
2026_01_WAS_PHI,WAS,PHI,John Bates,00-0036628,TE,anytime_td,0.081,0.0,0.0,0.0,0.0,0.0
2026_01_WAS_PHI,WAS,PHI,Jacory Croskey-Merritt,00-0040242,RB,car,11.495,5.0,7.0,11.0,15.0,19.0
2026_01_WAS_PHI,WAS,PHI,Jacory Croskey-Merritt,00-0040242,RB,rush_yds,46.485,12.735,23.606,40.341,62.506,87.18
2026_01_WAS_PHI,WAS,PHI,Jacory Croskey-Merritt,00-0040242,RB,tgt,0.589,0.0,0.0,0.0,1.0,2.0
2026_01_WAS_PHI,WAS,PHI,Jacory Croskey-Merritt,00-0040242,RB,rec,0.429,0.0,0.0,0.0,1.0,1.0
2026_01_WAS_PHI,WAS,PHI,Jacory Croskey-Merritt,00-0040242,RB,rec_yds,3.032,0.0,0.0,0.0,2.018,11.08
2026_01_WAS_PHI,WAS,PHI,Jacory Croskey-Merritt,00-0040242,RB,anytime_td,0.252,0.0,0.0,0.0,1.0,1.0
2026_01_WAS_PHI,WAS,PHI,Rachaad White,00-0037256,RB,car,6.915,2.0,4.0,6.0,9.0,13.0
2026_01_WAS_PHI,WAS,PHI,Rachaad White,00-0037256,RB,rush_yds,27.982,3.479,10.359,21.955,39.475,59.727
2026_01_WAS_PHI,WAS,PHI,Rachaad White,00-0037256,RB,tgt,2.235,0.0,1.0,2.0,3.0,5.0
2026_01_WAS_PHI,WAS,PHI,Rachaad White,00-0037256,RB,rec,1.657,0.0,0.0,1.0,2.0,4.0
2026_01_WAS_PHI,WAS,PHI,Rachaad White,00-0037256,RB,rec_yds,11.524,0.0,0.0,7.192,17.207,30.422
2026_01_WAS_PHI,WAS,PHI,Rachaad White,00-0037256,RB,anytime_td,0.188,0.0,0.0,0.0,0.0,1.0
2026_01_WAS_PHI,WAS,PHI,Antonio Williams,00-0041040,WR,car,0.097,0.0,0.0,0.0,0.0,0.0
2026_01_WAS_PHI,WAS,PHI,Antonio Williams,00-0041040,WR,rush_yds,0.459,0.0,0.0,0.0,0.0,0.0
2026_01_WAS_PHI,WAS,PHI,Antonio Williams,00-0041040,WR,tgt,1.462,0.0,0.0,1.0,2.0,3.0
2026_01_WAS_PHI,WAS,PHI,Antonio Williams,00-0041040,WR,rec,0.864,0.0,0.0,1.0,1.0,2.0
2026_01_WAS_PHI,WAS,PHI,Antonio Williams,00-0041040,WR,rec_yds,10.685,0.0,0.0,2.124,15.802,32.028
2026_01_WAS_PHI,WAS,PHI,Antonio Williams,00-0041040,WR,anytime_td,0.047,0.0,0.0,0.0,0.0,0.0
2026_01_WAS_PHI,WAS,PHI,Ben Sinnott,00-0039912,TE,car,0.002,0.0,0.0,0.0,0.0,0.0
2026_01_WAS_PHI,WAS,PHI,Ben Sinnott,00-0039912,TE,rush_yds,0.005,0.0,0.0,0.0,0.0,0.0
2026_01_WAS_PHI,WAS,PHI,Ben Sinnott,00-0039912,TE,tgt,1.525,0.0,0.0,1.0,2.0,4.0
2026_01_WAS_PHI,WAS,PHI,Ben Sinnott,00-0039912,TE,rec,1.022,0.0,0.0,1.0,2.0,3.0
2026_01_WAS_PHI,WAS,PHI,Ben Sinnott,00-0039912,TE,rec_yds,10.151,0.0,0.0,5.045,15.221,28.987
2026_01_WAS_PHI,WAS,PHI,Ben Sinnott,00-0039912,TE,anytime_td,0.058,0.0,0.0,0.0,0.0,0.0
2026_01_WAS_PHI,WAS,PHI,Jaylin Lane,00-0040164,WR,car,0.059,0.0,0.0,0.0,0.0,0.0
2026_01_WAS_PHI,WAS,PHI,Jaylin Lane,00-0040164,WR,rush_yds,0.289,0.0,0.0,0.0,0.0,0.0
2026_01_WAS_PHI,WAS,PHI,Jaylin Lane,00-0040164,WR,tgt,1.855,0.0,1.0,2.0,3.0,4.0
2026_01_WAS_PHI,WAS,PHI,Jaylin Lane,00-0040164,WR,rec,1.076,0.0,0.0,1.0,2.0,3.0
2026_01_WAS_PHI,WAS,PHI,Jaylin Lane,00-0040164,WR,rec_yds,13.458,0.0,0.0,6.901,20.585,37.761
2026_01_WAS_PHI,WAS,PHI,Jaylin Lane,00-0040164,WR,anytime_td,0.036,0.0,0.0,0.0,0.0,0.0
2026_01_WAS_PHI,WAS,PHI,Kaytron Allen,00-0041096,RB,car,3.217,0.0,1.0,2.0,5.0,8.0
2026_01_WAS_PHI,WAS,PHI,Kaytron Allen,00-0041096,RB,rush_yds,12.955,0.0,0.86,7.471,18.453,33.684
2026_01_WAS_PHI,WAS,PHI,Kaytron Allen,00-0041096,RB,tgt,0.733,0.0,0.0,0.0,1.0,2.0
2026_01_WAS_PHI,WAS,PHI,Kaytron Allen,00-0041096,RB,rec,0.527,0.0,0.0,0.0,1.0,2.0
2026_01_WAS_PHI,WAS,PHI,Kaytron Allen,00-0041096,RB,rec_yds,3.764,0.0,0.0,0.0,4.636,12.997
2026_01_WAS_PHI,WAS,PHI,Kaytron Allen,00-0041096,RB,anytime_td,0.099,0.0,0.0,0.0,0.0,0.0
2026_01_DEN_KC,KC,DEN,Patrick Mahomes,00-0033873,QB,att,30.024,20.0,25.0,31.0,36.0,40.0
2026_01_DEN_KC,KC,DEN,Patrick Mahomes,00-0033873,QB,cmp,18.739,12.0,15.0,19.0,23.0,26.0
2026_01_DEN_KC,KC,DEN,Patrick Mahomes,00-0033873,QB,pass_yds,212.537,120.825,164.979,210.675,261.434,310.383
2026_01_DEN_KC,KC,DEN,Patrick Mahomes,00-0033873,QB,pass_td,1.478,0.0,1.0,1.0,2.0,3.0
2026_01_DEN_KC,KC,DEN,Patrick Mahomes,00-0033873,QB,ints,0.674,0.0,0.0,0.0,1.0,2.0
2026_01_DEN_KC,KC,DEN,Patrick Mahomes,00-0033873,QB,car,3.71,1.0,2.0,3.0,5.0,7.0
2026_01_DEN_KC,KC,DEN,Patrick Mahomes,00-0033873,QB,rush_yds,19.524,0.0,6.098,16.224,28.796,42.617
2026_01_DEN_KC,KC,DEN,Patrick Mahomes,00-0033873,QB,tgt,0.001,0.0,0.0,0.0,0.0,0.0
2026_01_DEN_KC,KC,DEN,Patrick Mahomes,00-0033873,QB,rec,0.001,0.0,0.0,0.0,0.0,0.0
2026_01_DEN_KC,KC,DEN,Patrick Mahomes,00-0033873,QB,rec_yds,0.005,0.0,0.0,0.0,0.0,0.0
2026_01_DEN_KC,KC,DEN,Patrick Mahomes,00-0033873,QB,anytime_td,0.164,0.0,0.0,0.0,0.0,1.0
2026_01_DEN_KC,KC,DEN,Rashee Rice,00-0039067,WR,car,0.588,0.0,0.0,0.0,1.0,2.0
2026_01_DEN_KC,KC,DEN,Rashee Rice,00-0039067,WR,rush_yds,2.822,0.0,0.0,0.0,0.0,10.066
2026_01_DEN_KC,KC,DEN,Rashee Rice,00-0039067,WR,tgt,8.368,4.0,6.0,8.0,11.0,13.0
2026_01_DEN_KC,KC,DEN,Rashee Rice,00-0039067,WR,rec,5.248,2.0,3.0,5.0,7.0,9.0
2026_01_DEN_KC,KC,DEN,Rashee Rice,00-0039067,WR,rec_yds,65.101,18.524,34.652,58.715,88.495,119.662
2026_01_DEN_KC,KC,DEN,Rashee Rice,00-0039067,WR,anytime_td,0.405,0.0,0.0,0.0,1.0,1.0
2026_01_DEN_KC,KC,DEN,Xavier Worthy,00-0039894,WR,car,1.026,0.0,0.0,0.0,1.0,3.0
2026_01_DEN_KC,KC,DEN,Xavier Worthy,00-0039894,WR,rush_yds,5.197,0.0,0.0,0.0,5.354,17.973
2026_01_DEN_KC,KC,DEN,Xavier Worthy,00-0039894,WR,tgt,4.91,2.0,3.0,5.0,7.0,9.0
2026_01_DEN_KC,KC,DEN,Xavier Worthy,00-0039894,WR,rec,2.894,1.0,1.0,3.0,4.0,6.0
2026_01_DEN_KC,KC,DEN,Xavier Worthy,00-0039894,WR,rec_yds,38.597,3.096,13.97,31.219,55.856,83.321
2026_01_DEN_KC,KC,DEN,Xavier Worthy,00-0039894,WR,anytime_td,0.151,0.0,0.0,0.0,0.0,1.0
2026_01_DEN_KC,KC,DEN,Travis Kelce,00-0030506,TE,car,0.085,0.0,0.0,0.0,0.0,0.0
2026_01_DEN_KC,KC,DEN,Travis Kelce,00-0030506,TE,rush_yds,0.174,0.0,0.0,0.0,0.0,0.0
2026_01_DEN_KC,KC,DEN,Travis Kelce,00-0030506,TE,tgt,6.312,3.0,4.0,6.0,8.0,10.0
2026_01_DEN_KC,KC,DEN,Travis Kelce,00-0030506,TE,rec,4.258,1.0,2.0,4.0,6.0,7.0
2026_01_DEN_KC,KC,DEN,Travis Kelce,00-0030506,TE,rec_yds,44.76,10.079,21.989,40.014,61.509,85.982
2026_01_DEN_KC,KC,DEN,Travis Kelce,00-0030506,TE,anytime_td,0.246,0.0,0.0,0.0,0.0,1.0
2026_01_DEN_KC,KC,DEN,Kenneth Walker III,00-0038134,RB,car,16.295,9.0,12.0,16.0,20.0,25.0
2026_01_DEN_KC,KC,DEN,Kenneth Walker III,00-0038134,RB,rush_yds,64.944,24.807,38.649,58.898,84.585,113.248
2026_01_DEN_KC,KC,DEN,Kenneth Walker III,00-0038134,RB,tgt,2.918,0.0,1.0,3.0,4.0,6.0
2026_01_DEN_KC,KC,DEN,Kenneth Walker III,00-0038134,RB,rec,2.229,0.0,1.0,2.0,3.0,5.0
2026_01_DEN_KC,KC,DEN,Kenneth Walker III,00-0038134,RB,rec_yds,17.991,0.0,3.393,12.782,26.75,43.997
2026_01_DEN_KC,KC,DEN,Kenneth Walker III,00-0038134,RB,anytime_td,0.363,0.0,0.0,0.0,1.0,1.0
2026_01_DEN_KC,KC,DEN,Tyquan Thornton,00-0038104,WR,car,0.026,0.0,0.0,0.0,0.0,0.0
2026_01_DEN_KC,KC,DEN,Tyquan Thornton,00-0038104,WR,rush_yds,0.126,0.0,0.0,0.0,0.0,0.0
2026_01_DEN_KC,KC,DEN,Tyquan Thornton,00-0038104,WR,tgt,2.094,0.0,1.0,2.0,3.0,5.0
2026_01_DEN_KC,KC,DEN,Tyquan Thornton,00-0038104,WR,rec,1.253,0.0,0.0,1.0,2.0,3.0
2026_01_DEN_KC,KC,DEN,Tyquan Thornton,00-0038104,WR,rec_yds,17.651,0.0,0.0,9.957,26.655,47.978
2026_01_DEN_KC,KC,DEN,Tyquan Thornton,00-0038104,WR,anytime_td,0.095,0.0,0.0,0.0,0.0,0.0
2026_01_DEN_KC,KC,DEN,Noah Gray,00-0036637,TE,car,0.005,0.0,0.0,0.0,0.0,0.0
2026_01_DEN_KC,KC,DEN,Noah Gray,00-0036637,TE,rush_yds,0.01,0.0,0.0,0.0,0.0,0.0
2026_01_DEN_KC,KC,DEN,Noah Gray,00-0036637,TE,tgt,2.311,0.0,1.0,2.0,3.0,5.0
2026_01_DEN_KC,KC,DEN,Noah Gray,00-0036637,TE,rec,1.551,0.0,0.0,1.0,2.0,4.0
2026_01_DEN_KC,KC,DEN,Noah Gray,00-0036637,TE,rec_yds,16.054,0.0,0.0,10.575,24.429,41.148
2026_01_DEN_KC,KC,DEN,Noah Gray,00-0036637,TE,anytime_td,0.072,0.0,0.0,0.0,0.0,0.0
2026_01_DEN_KC,KC,DEN,Emmett Johnson,00-0041013,RB,car,3.61,0.0,1.0,3.0,5.0,8.0
2026_01_DEN_KC,KC,DEN,Emmett Johnson,00-0041013,RB,rush_yds,14.096,0.0,1.85,8.638,20.223,35.556
2026_01_DEN_KC,KC,DEN,Emmett Johnson,00-0041013,RB,tgt,0.763,0.0,0.0,0.0,1.0,2.0
2026_01_DEN_KC,KC,DEN,Emmett Johnson,00-0041013,RB,rec,0.578,0.0,0.0,0.0,1.0,2.0
2026_01_DEN_KC,KC,DEN,Emmett Johnson,00-0041013,RB,rec_yds,4.363,0.0,0.0,0.0,5.347,14.755
2026_01_DEN_KC,KC,DEN,Emmett Johnson,00-0041013,RB,anytime_td,0.116,0.0,0.0,0.0,0.0,1.0
2026_01_DEN_KC,KC,DEN,Jake Briningstool,00-0040081,TE,car,0.008,0.0,0.0,0.0,0.0,0.0
2026_01_DEN_KC,KC,DEN,Jake Briningstool,00-0040081,TE,rush_yds,0.022,0.0,0.0,0.0,0.0,0.0
2026_01_DEN_KC,KC,DEN,Jake Briningstool,00-0040081,TE,tgt,0.916,0.0,0.0,1.0,1.0,2.0
2026_01_DEN_KC,KC,DEN,Jake Briningstool,00-0040081,TE,rec,0.633,0.0,0.0,0.0,1.0,2.0
2026_01_DEN_KC,KC,DEN,Jake Briningstool,00-0040081,TE,rec_yds,6.669,0.0,0.0,0.0,9.563,21.77
2026_01_DEN_KC,KC,DEN,Jake Briningstool,00-0040081,TE,anytime_td,0.036,0.0,0.0,0.0,0.0,0.0
2026_01_DEN_KC,KC,DEN,Ben VanSumeren,00-0038489,RB,car,0.931,0.0,0.0,0.0,1.0,3.0
2026_01_DEN_KC,KC,DEN,Ben VanSumeren,00-0038489,RB,rush_yds,3.631,0.0,0.0,0.0,3.5,12.076
2026_01_DEN_KC,KC,DEN,Ben VanSumeren,00-0038489,RB,tgt,0.471,0.0,0.0,0.0,1.0,2.0
2026_01_DEN_KC,KC,DEN,Ben VanSumeren,00-0038489,RB,rec,0.358,0.0,0.0,0.0,1.0,1.0
2026_01_DEN_KC,KC,DEN,Ben VanSumeren,00-0038489,RB,rec_yds,2.742,0.0,0.0,0.0,0.0,9.853
2026_01_DEN_KC,KC,DEN,Ben VanSumeren,00-0038489,RB,anytime_td,0.023,0.0,0.0,0.0,0.0,0.0
2026_01_DEN_KC,KC,DEN,Cyrus Allen,00-0040890,WR,car,0.111,0.0,0.0,0.0,0.0,0.0
2026_01_DEN_KC,KC,DEN,Cyrus Allen,00-0040890,WR,rush_yds,0.584,0.0,0.0,0.0,0.0,0.0
2026_01_DEN_KC,KC,DEN,Cyrus Allen,00-0040890,WR,tgt,1.567,0.0,0.0,1.0,2.0,4.0
2026_01_DEN_KC,KC,DEN,Cyrus Allen,00-0040890,WR,rec,0.958,0.0,0.0,1.0,1.0,3.0
2026_01_DEN_KC,KC,DEN,Cyrus Allen,00-0040890,WR,rec_yds,12.542,0.0,0.0,4.624,18.293,37.595
2026_01_DEN_KC,KC,DEN,Cyrus Allen,00-0040890,WR,anytime_td,0.068,0.0,0.0,0.0,0.0,0.0
2026_01_DEN_KC,DEN,KC,Bo Nix,00-0039732,QB,att,31.503,21.0,27.0,32.0,37.0,42.0
2026_01_DEN_KC,DEN,KC,Bo Nix,00-0039732,QB,cmp,19.855,13.0,16.0,20.0,24.0,27.0
2026_01_DEN_KC,DEN,KC,Bo Nix,00-0039732,QB,pass_yds,210.574,122.949,164.17,210.246,258.185,305.372
2026_01_DEN_KC,DEN,KC,Bo Nix,00-0039732,QB,pass_td,1.28,0.0,0.0,1.0,2.0,3.0
2026_01_DEN_KC,DEN,KC,Bo Nix,00-0039732,QB,ints,0.708,0.0,0.0,0.0,1.0,2.0
2026_01_DEN_KC,DEN,KC,Bo Nix,00-0039732,QB,car,4.342,1.0,2.0,4.0,6.0,8.0
2026_01_DEN_KC,DEN,KC,Bo Nix,00-0039732,QB,rush_yds,20.254,0.0,6.172,16.08,29.348,45.283
2026_01_DEN_KC,DEN,KC,Bo Nix,00-0039732,QB,tgt,0.001,0.0,0.0,0.0,0.0,0.0
2026_01_DEN_KC,DEN,KC,Bo Nix,00-0039732,QB,rec,0.001,0.0,0.0,0.0,0.0,0.0
2026_01_DEN_KC,DEN,KC,Bo Nix,00-0039732,QB,rec_yds,0.004,0.0,0.0,0.0,0.0,0.0
2026_01_DEN_KC,DEN,KC,Bo Nix,00-0039732,QB,anytime_td,0.147,0.0,0.0,0.0,0.0,1.0
2026_01_DEN_KC,DEN,KC,Courtland Sutton,00-0034348,WR,car,0.012,0.0,0.0,0.0,0.0,0.0
2026_01_DEN_KC,DEN,KC,Courtland Sutton,00-0034348,WR,rush_yds,0.066,0.0,0.0,0.0,0.0,0.0
2026_01_DEN_KC,DEN,KC,Courtland Sutton,00-0034348,WR,tgt,5.805,2.0,4.0,5.0,8.0,10.0
2026_01_DEN_KC,DEN,KC,Courtland Sutton,00-0034348,WR,rec,3.443,1.0,2.0,3.0,5.0,6.0
2026_01_DEN_KC,DEN,KC,Courtland Sutton,00-0034348,WR,rec_yds,41.449,6.437,17.414,35.631,58.877,83.134
2026_01_DEN_KC,DEN,KC,Courtland Sutton,00-0034348,WR,anytime_td,0.257,0.0,0.0,0.0,1.0,1.0
2026_01_DEN_KC,DEN,KC,Jaylen Waddle,00-0036613,WR,car,0.144,0.0,0.0,0.0,0.0,0.0
2026_01_DEN_KC,DEN,KC,Jaylen Waddle,00-0036613,WR,rush_yds,0.767,0.0,0.0,0.0,0.0,0.0
2026_01_DEN_KC,DEN,KC,Jaylen Waddle,00-0036613,WR,tgt,5.582,2.0,3.0,5.0,7.0,10.0
2026_01_DEN_KC,DEN,KC,Jaylen Waddle,00-0036613,WR,rec,3.425,1.0,2.0,3.0,5.0,6.0
2026_01_DEN_KC,DEN,KC,Jaylen Waddle,00-0036613,WR,rec_yds,42.755,6.052,18.082,36.3,60.084,88.18
2026_01_DEN_KC,DEN,KC,Jaylen Waddle,00-0036613,WR,anytime_td,0.216,0.0,0.0,0.0,0.0,1.0
2026_01_DEN_KC,DEN,KC,Evan Engram,00-0033881,TE,car,0.015,0.0,0.0,0.0,0.0,0.0
2026_01_DEN_KC,DEN,KC,Evan Engram,00-0033881,TE,rush_yds,0.043,0.0,0.0,0.0,0.0,0.0
2026_01_DEN_KC,DEN,KC,Evan Engram,00-0033881,TE,tgt,3.246,1.0,2.0,3.0,4.0,6.0
2026_01_DEN_KC,DEN,KC,Evan Engram,00-0033881,TE,rec,2.234,0.0,1.0,2.0,3.0,5.0
2026_01_DEN_KC,DEN,KC,Evan Engram,00-0033881,TE,rec_yds,21.8,0.0,6.081,16.974,32.524,49.523
2026_01_DEN_KC,DEN,KC,Evan Engram,00-0033881,TE,anytime_td,0.083,0.0,0.0,0.0,0.0,0.0
2026_01_DEN_KC,DEN,KC,Pat Bryant,00-0040134,WR,car,0.103,0.0,0.0,0.0,0.0,0.0
2026_01_DEN_KC,DEN,KC,Pat Bryant,00-0040134,WR,rush_yds,0.486,0.0,0.0,0.0,0.0,0.0
2026_01_DEN_KC,DEN,KC,Pat Bryant,00-0040134,WR,tgt,2.974,1.0,1.0,3.0,4.0,6.0
2026_01_DEN_KC,DEN,KC,Pat Bryant,00-0040134,WR,rec,1.908,0.0,1.0,2.0,3.0,4.0
2026_01_DEN_KC,DEN,KC,Pat Bryant,00-0040134,WR,rec_yds,22.195,0.0,4.241,15.93,32.98,53.332
2026_01_DEN_KC,DEN,KC,Pat Bryant,00-0040134,WR,anytime_td,0.094,0.0,0.0,0.0,0.0,0.0
2026_01_DEN_KC,DEN,KC,RJ Harvey,00-0040730,RB,car,7.626,2.0,4.0,7.0,10.0,14.0
2026_01_DEN_KC,DEN,KC,RJ Harvey,00-0040730,RB,rush_yds,28.311,4.454,11.426,22.426,39.168,59.548
2026_01_DEN_KC,DEN,KC,RJ Harvey,00-0040730,RB,tgt,3.392,1.0,2.0,3.0,5.0,6.1
2026_01_DEN_KC,DEN,KC,RJ Harvey,00-0040730,RB,rec,2.571,0.0,1.0,2.0,4.0,5.0
2026_01_DEN_KC,DEN,KC,RJ Harvey,00-0040730,RB,rec_yds,18.499,0.0,4.707,13.991,27.212,42.6
2026_01_DEN_KC,DEN,KC,RJ Harvey,00-0040730,RB,anytime_td,0.342,0.0,0.0,0.0,1.0,1.0
2026_01_DEN_KC,DEN,KC,J.K. Dobbins,00-0036158,RB,car,9.952,4.0,6.0,9.0,13.0,17.0
2026_01_DEN_KC,DEN,KC,J.K. Dobbins,00-0036158,RB,rush_yds,41.077,9.563,19.581,34.789,55.656,79.971
2026_01_DEN_KC,DEN,KC,J.K. Dobbins,00-0036158,RB,tgt,1.194,0.0,0.0,1.0,2.0,3.0
2026_01_DEN_KC,DEN,KC,J.K. Dobbins,00-0036158,RB,rec,0.916,0.0,0.0,1.0,1.0,2.0
2026_01_DEN_KC,DEN,KC,J.K. Dobbins,00-0036158,RB,rec_yds,6.224,0.0,0.0,0.0,9.088,19.368
2026_01_DEN_KC,DEN,KC,J.K. Dobbins,00-0036158,RB,anytime_td,0.23,0.0,0.0,0.0,0.0,1.0
2026_01_DEN_KC,DEN,KC,Adam Trautman,00-0036422,TE,car,0.002,0.0,0.0,0.0,0.0,0.0
2026_01_DEN_KC,DEN,KC,Adam Trautman,00-0036422,TE,rush_yds,0.004,0.0,0.0,0.0,0.0,0.0
2026_01_DEN_KC,DEN,KC,Adam Trautman,00-0036422,TE,tgt,1.092,0.0,0.0,1.0,2.0,3.0
2026_01_DEN_KC,DEN,KC,Adam Trautman,00-0036422,TE,rec,0.768,0.0,0.0,0.0,1.0,2.0
2026_01_DEN_KC,DEN,KC,Adam Trautman,00-0036422,TE,rec_yds,7.674,0.0,0.0,0.0,11.284,24.256
2026_01_DEN_KC,DEN,KC,Adam Trautman,00-0036422,TE,anytime_td,0.028,0.0,0.0,0.0,0.0,0.0
2026_01_DEN_KC,DEN,KC,Troy Franklin,00-0039868,WR,car,0.15,0.0,0.0,0.0,0.0,0.0
2026_01_DEN_KC,DEN,KC,Troy Franklin,00-0039868,WR,rush_yds,0.808,0.0,0.0,0.0,0.0,0.0
2026_01_DEN_KC,DEN,KC,Troy Franklin,00-0039868,WR,tgt,3.486,1.0,2.0,3.0,5.0,7.0
2026_01_DEN_KC,DEN,KC,Troy Franklin,00-0039868,WR,rec,2.182,0.0,1.0,2.0,3.0,5.0
2026_01_DEN_KC,DEN,KC,Troy Franklin,00-0039868,WR,rec_yds,25.75,0.0,6.431,19.257,38.069,58.807
2026_01_DEN_KC,DEN,KC,Troy Franklin,00-0039868,WR,anytime_td,0.157,0.0,0.0,0.0,0.0,1.0
2026_01_DEN_KC,DEN,KC,Nate Adkins,00-0038783,TE,car,0.002,0.0,0.0,0.0,0.0,0.0
2026_01_DEN_KC,DEN,KC,Nate Adkins,00-0038783,TE,rush_yds,0.005,0.0,0.0,0.0,0.0,0.0
2026_01_DEN_KC,DEN,KC,Nate Adkins,00-0038783,TE,tgt,0.809,0.0,0.0,0.0,1.0,2.0
2026_01_DEN_KC,DEN,KC,Nate Adkins,00-0038783,TE,rec,0.565,0.0,0.0,0.0,1.0,2.0
2026_01_DEN_KC,DEN,KC,Nate Adkins,00-0038783,TE,rec_yds,5.464,0.0,0.0,0.0,7.41,19.063
2026_01_DEN_KC,DEN,KC,Nate Adkins,00-0038783,TE,anytime_td,0.042,0.0,0.0,0.0,0.0,0.0
2026_01_DEN_KC,DEN,KC,Marvin Mims Jr.,00-0038976,WR,car,0.412,0.0,0.0,0.0,0.0,1.0
2026_01_DEN_KC,DEN,KC,Marvin Mims Jr.,00-0038976,WR,rush_yds,2.126,0.0,0.0,0.0,0.0,6.522
2026_01_DEN_KC,DEN,KC,Marvin Mims Jr.,00-0038976,WR,tgt,3.399,1.0,2.0,3.0,5.0,7.0
2026_01_DEN_KC,DEN,KC,Marvin Mims Jr.,00-0038976,WR,rec,2.238,0.0,1.0,2.0,3.0,5.0
2026_01_DEN_KC,DEN,KC,Marvin Mims Jr.,00-0038976,WR,rec_yds,25.859,0.0,6.8,19.749,38.113,59.01
2026_01_DEN_KC,DEN,KC,Marvin Mims Jr.,00-0038976,WR,anytime_td,0.138,0.0,0.0,0.0,0.0,1.0
2026_01_DEN_KC,DEN,KC,Adam Prentice,00-0036727,RB,car,0.809,0.0,0.0,0.0,1.0,3.0
2026_01_DEN_KC,DEN,KC,Adam Prentice,00-0036727,RB,rush_yds,3.139,0.0,0.0,0.0,2.473,10.551
2026_01_DEN_KC,DEN,KC,Adam Prentice,00-0036727,RB,tgt,0.452,0.0,0.0,0.0,1.0,2.0
2026_01_DEN_KC,DEN,KC,Adam Prentice,00-0036727,RB,rec,0.347,0.0,0.0,0.0,0.0,1.0
2026_01_DEN_KC,DEN,KC,Adam Prentice,00-0036727,RB,rec_yds,2.54,0.0,0.0,0.0,0.0,9.108
2026_01_DEN_KC,DEN,KC,Adam Prentice,00-0036727,RB,anytime_td,0.024,0.0,0.0,0.0,0.0,0.0
2026_01_DEN_KC,DEN,KC,Jonah Coleman,00-0041496,RB,car,2.004,0.0,0.0,1.0,3.0,5.0
2026_01_DEN_KC,DEN,KC,Jonah Coleman,00-0041496,RB,rush_yds,7.882,0.0,0.0,2.734,10.818,23.02
2026_01_DEN_KC,DEN,KC,Jonah Coleman,00-0041496,RB,tgt,0.671,0.0,0.0,0.0,1.0,2.0
2026_01_DEN_KC,DEN,KC,Jonah Coleman,00-0041496,RB,rec,0.516,0.0,0.0,0.0,1.0,2.0
2026_01_DEN_KC,DEN,KC,Jonah Coleman,00-0041496,RB,rec_yds,3.674,0.0,0.0,0.0,4.126,12.738
2026_01_DEN_KC,DEN,KC,Jonah Coleman,00-0041496,RB,anytime_td,0.092,0.0,0.0,0.0,0.0,0.0
