game_id,team,opp,player,player_id,pos,stat,mean,p10,p25,median,p75,p90
2026_04_PIT_CLE,CLE,PIT,Malachi Corley,00-0039920,WR,car,0.693,0.0,0.0,0.0,1.0,2.0
2026_04_PIT_CLE,CLE,PIT,Malachi Corley,00-0039920,WR,rush_yds,3.824,0.0,0.0,0.0,0.938,12.798
2026_04_PIT_CLE,CLE,PIT,Malachi Corley,00-0039920,WR,tgt,0.913,0.0,0.0,1.0,1.0,2.0
2026_04_PIT_CLE,CLE,PIT,Malachi Corley,00-0039920,WR,rec,0.57,0.0,0.0,0.0,1.0,2.0
2026_04_PIT_CLE,CLE,PIT,Malachi Corley,00-0039920,WR,rec_yds,7.184,0.0,0.0,0.0,9.587,24.235
2026_04_PIT_CLE,CLE,PIT,Malachi Corley,00-0039920,WR,anytime_td,0.038,0.0,0.0,0.0,0.0,0.0
2026_04_PIT_CLE,CLE,PIT,Malachi Corley,00-0039920,WR,first_td,0.01,0.01,0.01,0.01,0.01,0.01
2026_04_PIT_CLE,CLE,PIT,Denzel Boston,00-0041037,WR,car,0.017,0.0,0.0,0.0,0.0,0.0
2026_04_PIT_CLE,CLE,PIT,Denzel Boston,00-0041037,WR,rush_yds,0.091,0.0,0.0,0.0,0.0,0.0
2026_04_PIT_CLE,CLE,PIT,Denzel Boston,00-0041037,WR,tgt,4.698,2.0,3.0,4.0,6.0,8.0
2026_04_PIT_CLE,CLE,PIT,Denzel Boston,00-0041037,WR,rec,2.873,1.0,1.0,3.0,4.0,5.0
2026_04_PIT_CLE,CLE,PIT,Denzel Boston,00-0041037,WR,rec_yds,41.029,3.882,15.477,33.838,59.031,86.958
2026_04_PIT_CLE,CLE,PIT,Denzel Boston,00-0041037,WR,anytime_td,0.263,0.0,0.0,0.0,1.0,1.0
2026_04_PIT_CLE,CLE,PIT,Denzel Boston,00-0041037,WR,first_td,0.071,0.071,0.071,0.071,0.071,0.071
2026_04_PIT_CLE,CLE,PIT,Quinshon Judkins,00-0040784,RB,car,13.276,6.0,9.0,13.0,17.0,21.0
2026_04_PIT_CLE,CLE,PIT,Quinshon Judkins,00-0040784,RB,rush_yds,47.856,15.579,26.969,42.25,62.468,86.799
2026_04_PIT_CLE,CLE,PIT,Quinshon Judkins,00-0040784,RB,tgt,2.506,0.0,1.0,2.0,4.0,5.0
2026_04_PIT_CLE,CLE,PIT,Quinshon Judkins,00-0040784,RB,rec,1.969,0.0,1.0,2.0,3.0,4.0
2026_04_PIT_CLE,CLE,PIT,Quinshon Judkins,00-0040784,RB,rec_yds,13.789,0.0,0.926,9.176,20.295,35.006
2026_04_PIT_CLE,CLE,PIT,Quinshon Judkins,00-0040784,RB,anytime_td,0.276,0.0,0.0,0.0,1.0,1.0
2026_04_PIT_CLE,CLE,PIT,Quinshon Judkins,00-0040784,RB,first_td,0.077,0.077,0.077,0.077,0.077,0.077
2026_04_PIT_CLE,CLE,PIT,Harold Fannin Jr.,00-0040663,TE,car,0.174,0.0,0.0,0.0,0.0,0.0
2026_04_PIT_CLE,CLE,PIT,Harold Fannin Jr.,00-0040663,TE,rush_yds,0.407,0.0,0.0,0.0,0.0,0.0
2026_04_PIT_CLE,CLE,PIT,Harold Fannin Jr.,00-0040663,TE,tgt,5.388,2.0,3.0,5.0,7.0,9.0
2026_04_PIT_CLE,CLE,PIT,Harold Fannin Jr.,00-0040663,TE,rec,3.768,1.0,2.0,3.0,5.0,7.0
2026_04_PIT_CLE,CLE,PIT,Harold Fannin Jr.,00-0040663,TE,rec_yds,37.37,7.168,17.191,32.429,52.502,74.123
2026_04_PIT_CLE,CLE,PIT,Harold Fannin Jr.,00-0040663,TE,anytime_td,0.334,0.0,0.0,0.0,1.0,1.0
2026_04_PIT_CLE,CLE,PIT,Harold Fannin Jr.,00-0040663,TE,first_td,0.096,0.096,0.096,0.096,0.096,0.096
2026_04_PIT_CLE,CLE,PIT,Isaiah Bond,00-0040782,WR,car,0.148,0.0,0.0,0.0,0.0,0.0
2026_04_PIT_CLE,CLE,PIT,Isaiah Bond,00-0040782,WR,rush_yds,0.792,0.0,0.0,0.0,0.0,0.0
2026_04_PIT_CLE,CLE,PIT,Isaiah Bond,00-0040782,WR,tgt,1.08,0.0,0.0,1.0,2.0,3.0
2026_04_PIT_CLE,CLE,PIT,Isaiah Bond,00-0040782,WR,rec,0.66,0.0,0.0,0.0,1.0,2.0
2026_04_PIT_CLE,CLE,PIT,Isaiah Bond,00-0040782,WR,rec_yds,8.379,0.0,0.0,0.0,11.911,27.389
2026_04_PIT_CLE,CLE,PIT,Isaiah Bond,00-0040782,WR,anytime_td,0.024,0.0,0.0,0.0,0.0,0.0
2026_04_PIT_CLE,CLE,PIT,Isaiah Bond,00-0040782,WR,first_td,0.006,0.006,0.006,0.006,0.006,0.006
2026_04_PIT_CLE,CLE,PIT,Deshaun Watson,00-0033537,QB,att,27.523,18.0,23.0,28.0,33.0,37.0
2026_04_PIT_CLE,CLE,PIT,Deshaun Watson,00-0033537,QB,cmp,17.339,11.0,14.0,18.0,21.0,24.0
2026_04_PIT_CLE,CLE,PIT,Deshaun Watson,00-0033537,QB,pass_yds,184.297,100.931,140.292,182.013,227.963,274.304
2026_04_PIT_CLE,CLE,PIT,Deshaun Watson,00-0033537,QB,pass_td,1.142,0.0,0.0,1.0,2.0,2.0
2026_04_PIT_CLE,CLE,PIT,Deshaun Watson,00-0033537,QB,ints,0.64,0.0,0.0,0.0,1.0,2.0
2026_04_PIT_CLE,CLE,PIT,Deshaun Watson,00-0033537,QB,car,5.541,2.0,3.0,5.0,7.0,10.0
2026_04_PIT_CLE,CLE,PIT,Deshaun Watson,00-0033537,QB,rush_yds,26.461,2.941,10.785,22.377,37.612,54.536
2026_04_PIT_CLE,CLE,PIT,Deshaun Watson,00-0033537,QB,tgt,0.001,0.0,0.0,0.0,0.0,0.0
2026_04_PIT_CLE,CLE,PIT,Deshaun Watson,00-0033537,QB,rec,0.0,0.0,0.0,0.0,0.0,0.0
2026_04_PIT_CLE,CLE,PIT,Deshaun Watson,00-0033537,QB,rec_yds,0.002,0.0,0.0,0.0,0.0,0.0
2026_04_PIT_CLE,CLE,PIT,Deshaun Watson,00-0033537,QB,anytime_td,0.114,0.0,0.0,0.0,0.0,1.0
2026_04_PIT_CLE,CLE,PIT,Deshaun Watson,00-0033537,QB,first_td,0.029,0.029,0.029,0.029,0.029,0.029
2026_04_PIT_CLE,CLE,PIT,Raheim Sanders,00-0040466,RB,car,2.74,0.0,1.0,2.0,4.0,7.0
2026_04_PIT_CLE,CLE,PIT,Raheim Sanders,00-0040466,RB,rush_yds,11.381,0.0,0.0,5.769,16.023,30.798
2026_04_PIT_CLE,CLE,PIT,Raheim Sanders,00-0040466,RB,tgt,2.212,0.0,1.0,2.0,3.0,5.0
2026_04_PIT_CLE,CLE,PIT,Raheim Sanders,00-0040466,RB,rec,1.717,0.0,1.0,1.0,3.0,4.0
2026_04_PIT_CLE,CLE,PIT,Raheim Sanders,00-0040466,RB,rec_yds,13.079,0.0,0.0,8.264,19.483,33.353
2026_04_PIT_CLE,CLE,PIT,Raheim Sanders,00-0040466,RB,anytime_td,0.134,0.0,0.0,0.0,0.0,1.0
2026_04_PIT_CLE,CLE,PIT,Raheim Sanders,00-0040466,RB,first_td,0.034,0.034,0.034,0.034,0.034,0.034
2026_04_PIT_CLE,CLE,PIT,Jerry Jeudy,00-0036407,WR,car,0.068,0.0,0.0,0.0,0.0,0.0
2026_04_PIT_CLE,CLE,PIT,Jerry Jeudy,00-0036407,WR,rush_yds,0.376,0.0,0.0,0.0,0.0,0.0
2026_04_PIT_CLE,CLE,PIT,Jerry Jeudy,00-0036407,WR,tgt,2.92,1.0,1.0,3.0,4.0,6.0
2026_04_PIT_CLE,CLE,PIT,Jerry Jeudy,00-0036407,WR,rec,1.682,0.0,1.0,1.0,2.0,4.0
2026_04_PIT_CLE,CLE,PIT,Jerry Jeudy,00-0036407,WR,rec_yds,21.165,0.0,2.002,14.448,32.002,52.023
2026_04_PIT_CLE,CLE,PIT,Jerry Jeudy,00-0036407,WR,anytime_td,0.084,0.0,0.0,0.0,0.0,0.0
2026_04_PIT_CLE,CLE,PIT,Jerry Jeudy,00-0036407,WR,first_td,0.021,0.021,0.021,0.021,0.021,0.021
2026_04_PIT_CLE,CLE,PIT,Jaleel McLaughlin,00-0038794,RB,car,2.394,0.0,0.0,2.0,4.0,6.0
2026_04_PIT_CLE,CLE,PIT,Jaleel McLaughlin,00-0038794,RB,rush_yds,9.964,0.0,0.0,4.435,14.058,28.433
2026_04_PIT_CLE,CLE,PIT,Jaleel McLaughlin,00-0038794,RB,tgt,0.616,0.0,0.0,0.0,1.0,2.0
2026_04_PIT_CLE,CLE,PIT,Jaleel McLaughlin,00-0038794,RB,rec,0.456,0.0,0.0,0.0,1.0,1.0
2026_04_PIT_CLE,CLE,PIT,Jaleel McLaughlin,00-0038794,RB,rec_yds,3.294,0.0,0.0,0.0,3.104,12.007
2026_04_PIT_CLE,CLE,PIT,Jaleel McLaughlin,00-0038794,RB,anytime_td,0.064,0.0,0.0,0.0,0.0,0.0
2026_04_PIT_CLE,CLE,PIT,Jaleel McLaughlin,00-0038794,RB,first_td,0.016,0.016,0.016,0.016,0.016,0.016
2026_04_PIT_CLE,CLE,PIT,KC Concepcion,00-0041547,WR,car,1.168,0.0,0.0,0.0,2.0,4.0
2026_04_PIT_CLE,CLE,PIT,KC Concepcion,00-0041547,WR,rush_yds,6.078,0.0,0.0,0.0,6.845,20.395
2026_04_PIT_CLE,CLE,PIT,KC Concepcion,00-0041547,WR,tgt,6.358,3.0,4.0,6.0,8.0,10.0
2026_04_PIT_CLE,CLE,PIT,KC Concepcion,00-0041547,WR,rec,3.777,1.0,2.0,4.0,5.0,7.0
2026_04_PIT_CLE,CLE,PIT,KC Concepcion,00-0041547,WR,rec_yds,41.6,7.933,18.947,36.323,57.936,82.218
2026_04_PIT_CLE,CLE,PIT,KC Concepcion,00-0041547,WR,anytime_td,0.154,0.0,0.0,0.0,0.0,1.0
2026_04_PIT_CLE,CLE,PIT,KC Concepcion,00-0041547,WR,first_td,0.039,0.039,0.039,0.039,0.039,0.039
2026_04_PIT_CLE,CLE,PIT,Blake Whiteheart,00-0038710,TE,car,0.004,0.0,0.0,0.0,0.0,0.0
2026_04_PIT_CLE,CLE,PIT,Blake Whiteheart,00-0038710,TE,rush_yds,0.007,0.0,0.0,0.0,0.0,0.0
2026_04_PIT_CLE,CLE,PIT,Blake Whiteheart,00-0038710,TE,tgt,0.715,0.0,0.0,0.0,1.0,2.0
2026_04_PIT_CLE,CLE,PIT,Blake Whiteheart,00-0038710,TE,rec,0.493,0.0,0.0,0.0,1.0,2.0
2026_04_PIT_CLE,CLE,PIT,Blake Whiteheart,00-0038710,TE,rec_yds,5.223,0.0,0.0,0.0,6.755,18.073
2026_04_PIT_CLE,CLE,PIT,Blake Whiteheart,00-0038710,TE,anytime_td,0.069,0.0,0.0,0.0,0.0,0.0
2026_04_PIT_CLE,CLE,PIT,Blake Whiteheart,00-0038710,TE,first_td,0.017,0.017,0.017,0.017,0.017,0.017
2026_04_PIT_CLE,PIT,CLE,Roman Wilson,00-0039739,WR,car,0.02,0.0,0.0,0.0,0.0,0.0
2026_04_PIT_CLE,PIT,CLE,Roman Wilson,00-0039739,WR,rush_yds,0.123,0.0,0.0,0.0,0.0,0.0
2026_04_PIT_CLE,PIT,CLE,Roman Wilson,00-0039739,WR,tgt,4.359,1.0,2.0,4.0,6.0,8.0
2026_04_PIT_CLE,PIT,CLE,Roman Wilson,00-0039739,WR,rec,2.636,0.0,1.0,2.0,4.0,5.0
2026_04_PIT_CLE,PIT,CLE,Roman Wilson,00-0039739,WR,rec_yds,30.757,0.0,10.284,24.547,44.007,67.197
2026_04_PIT_CLE,PIT,CLE,Roman Wilson,00-0039739,WR,anytime_td,0.205,0.0,0.0,0.0,0.0,1.0
2026_04_PIT_CLE,PIT,CLE,Roman Wilson,00-0039739,WR,first_td,0.067,0.067,0.067,0.067,0.067,0.067
2026_04_PIT_CLE,PIT,CLE,Ben Skowronek,00-0036862,WR,car,0.014,0.0,0.0,0.0,0.0,0.0
2026_04_PIT_CLE,PIT,CLE,Ben Skowronek,00-0036862,WR,rush_yds,0.065,0.0,0.0,0.0,0.0,0.0
2026_04_PIT_CLE,PIT,CLE,Ben Skowronek,00-0036862,WR,tgt,0.776,0.0,0.0,0.0,1.0,2.0
2026_04_PIT_CLE,PIT,CLE,Ben Skowronek,00-0036862,WR,rec,0.489,0.0,0.0,0.0,1.0,2.0
2026_04_PIT_CLE,PIT,CLE,Ben Skowronek,00-0036862,WR,rec_yds,5.755,0.0,0.0,0.0,6.904,20.069
2026_04_PIT_CLE,PIT,CLE,Ben Skowronek,00-0036862,WR,anytime_td,0.087,0.0,0.0,0.0,0.0,0.0
2026_04_PIT_CLE,PIT,CLE,Ben Skowronek,00-0036862,WR,first_td,0.028,0.028,0.028,0.028,0.028,0.028
2026_04_PIT_CLE,PIT,CLE,Darnell Washington,00-0038558,TE,car,0.003,0.0,0.0,0.0,0.0,0.0
2026_04_PIT_CLE,PIT,CLE,Darnell Washington,00-0038558,TE,rush_yds,0.009,0.0,0.0,0.0,0.0,0.0
2026_04_PIT_CLE,PIT,CLE,Darnell Washington,00-0038558,TE,tgt,2.881,0.0,1.0,3.0,4.0,6.0
2026_04_PIT_CLE,PIT,CLE,Darnell Washington,00-0038558,TE,rec,2.046,0.0,1.0,2.0,3.0,4.0
2026_04_PIT_CLE,PIT,CLE,Darnell Washington,00-0038558,TE,rec_yds,21.996,0.0,5.147,16.567,32.678,51.342
2026_04_PIT_CLE,PIT,CLE,Darnell Washington,00-0038558,TE,anytime_td,0.061,0.0,0.0,0.0,0.0,0.0
2026_04_PIT_CLE,PIT,CLE,Darnell Washington,00-0038558,TE,first_td,0.018,0.018,0.018,0.018,0.018,0.018
2026_04_PIT_CLE,PIT,CLE,Eli Heidenreich,00-0041490,RB,car,1.551,0.0,0.0,1.0,2.0,4.0
2026_04_PIT_CLE,PIT,CLE,Eli Heidenreich,00-0041490,RB,rush_yds,6.107,0.0,0.0,0.819,7.924,18.936
2026_04_PIT_CLE,PIT,CLE,Eli Heidenreich,00-0041490,RB,tgt,0.262,0.0,0.0,0.0,0.0,1.0
2026_04_PIT_CLE,PIT,CLE,Eli Heidenreich,00-0041490,RB,rec,0.201,0.0,0.0,0.0,0.0,1.0
2026_04_PIT_CLE,PIT,CLE,Eli Heidenreich,00-0041490,RB,rec_yds,1.428,0.0,0.0,0.0,0.0,4.668
2026_04_PIT_CLE,PIT,CLE,Eli Heidenreich,00-0041490,RB,anytime_td,0.041,0.0,0.0,0.0,0.0,0.0
2026_04_PIT_CLE,PIT,CLE,Eli Heidenreich,00-0041490,RB,first_td,0.013,0.013,0.013,0.013,0.013,0.013
2026_04_PIT_CLE,PIT,CLE,Michael Pittman,00-0036252,WR,car,0.019,0.0,0.0,0.0,0.0,0.0
2026_04_PIT_CLE,PIT,CLE,Michael Pittman,00-0036252,WR,rush_yds,0.095,0.0,0.0,0.0,0.0,0.0
2026_04_PIT_CLE,PIT,CLE,Michael Pittman,00-0036252,WR,tgt,4.898,2.0,3.0,5.0,7.0,9.0
2026_04_PIT_CLE,PIT,CLE,Michael Pittman,00-0036252,WR,rec,3.077,1.0,2.0,3.0,4.0,6.0
2026_04_PIT_CLE,PIT,CLE,Michael Pittman,00-0036252,WR,rec_yds,36.637,3.961,13.897,30.35,51.991,77.272
2026_04_PIT_CLE,PIT,CLE,Michael Pittman,00-0036252,WR,anytime_td,0.13,0.0,0.0,0.0,0.0,1.0
2026_04_PIT_CLE,PIT,CLE,Michael Pittman,00-0036252,WR,first_td,0.041,0.041,0.041,0.041,0.041,0.041
2026_04_PIT_CLE,PIT,CLE,Pat Freiermuth,00-0036894,TE,car,0.564,0.0,0.0,0.0,0.0,2.0
2026_04_PIT_CLE,PIT,CLE,Pat Freiermuth,00-0036894,TE,rush_yds,1.266,0.0,0.0,0.0,0.0,4.269
2026_04_PIT_CLE,PIT,CLE,Pat Freiermuth,00-0036894,TE,tgt,4.153,1.0,2.0,4.0,6.0,8.0
2026_04_PIT_CLE,PIT,CLE,Pat Freiermuth,00-0036894,TE,rec,2.962,1.0,1.0,3.0,4.0,6.0
2026_04_PIT_CLE,PIT,CLE,Pat Freiermuth,00-0036894,TE,rec_yds,29.438,2.183,11.011,24.577,42.419,61.826
2026_04_PIT_CLE,PIT,CLE,Pat Freiermuth,00-0036894,TE,anytime_td,0.212,0.0,0.0,0.0,0.0,1.0
2026_04_PIT_CLE,PIT,CLE,Pat Freiermuth,00-0036894,TE,first_td,0.069,0.069,0.069,0.069,0.069,0.069
2026_04_PIT_CLE,PIT,CLE,DK Metcalf,00-0035640,WR,car,0.1,0.0,0.0,0.0,0.0,0.0
2026_04_PIT_CLE,PIT,CLE,DK Metcalf,00-0035640,WR,rush_yds,0.493,0.0,0.0,0.0,0.0,0.0
2026_04_PIT_CLE,PIT,CLE,DK Metcalf,00-0035640,WR,tgt,7.218,3.0,5.0,7.0,9.0,12.0
2026_04_PIT_CLE,PIT,CLE,DK Metcalf,00-0035640,WR,rec,4.079,1.0,2.0,4.0,5.0,7.0
2026_04_PIT_CLE,PIT,CLE,DK Metcalf,00-0035640,WR,rec_yds,47.158,10.183,22.485,41.116,65.1,91.707
2026_04_PIT_CLE,PIT,CLE,DK Metcalf,00-0035640,WR,anytime_td,0.277,0.0,0.0,0.0,1.0,1.0
2026_04_PIT_CLE,PIT,CLE,DK Metcalf,00-0035640,WR,first_td,0.096,0.096,0.096,0.096,0.096,0.096
2026_04_PIT_CLE,PIT,CLE,Germie Bernard,00-0041489,WR,car,0.03,0.0,0.0,0.0,0.0,0.0
2026_04_PIT_CLE,PIT,CLE,Germie Bernard,00-0041489,WR,rush_yds,0.15,0.0,0.0,0.0,0.0,0.0
2026_04_PIT_CLE,PIT,CLE,Germie Bernard,00-0041489,WR,tgt,3.249,1.0,2.0,3.0,5.0,6.0
2026_04_PIT_CLE,PIT,CLE,Germie Bernard,00-0041489,WR,rec,1.974,0.0,1.0,2.0,3.0,4.0
2026_04_PIT_CLE,PIT,CLE,Germie Bernard,00-0041489,WR,rec_yds,23.147,0.0,4.797,16.478,34.247,55.457
2026_04_PIT_CLE,PIT,CLE,Germie Bernard,00-0041489,WR,anytime_td,0.061,0.0,0.0,0.0,0.0,0.0
2026_04_PIT_CLE,PIT,CLE,Germie Bernard,00-0041489,WR,first_td,0.019,0.019,0.019,0.019,0.019,0.019
2026_04_PIT_CLE,PIT,CLE,Jaylen Warren,00-0037228,RB,car,18.013,10.0,13.0,18.0,22.0,27.0
2026_04_PIT_CLE,PIT,CLE,Jaylen Warren,00-0037228,RB,rush_yds,77.341,31.733,48.412,71.439,99.4,130.562
2026_04_PIT_CLE,PIT,CLE,Jaylen Warren,00-0037228,RB,tgt,3.49,1.0,2.0,3.0,5.0,7.0
2026_04_PIT_CLE,PIT,CLE,Jaylen Warren,00-0037228,RB,rec,2.669,0.0,1.0,2.0,4.0,5.0
2026_04_PIT_CLE,PIT,CLE,Jaylen Warren,00-0037228,RB,rec_yds,20.764,0.0,5.92,15.686,30.222,47.617
2026_04_PIT_CLE,PIT,CLE,Jaylen Warren,00-0037228,RB,anytime_td,0.341,0.0,0.0,0.0,1.0,1.0
2026_04_PIT_CLE,PIT,CLE,Jaylen Warren,00-0037228,RB,first_td,0.121,0.121,0.121,0.121,0.121,0.121
2026_04_PIT_CLE,PIT,CLE,Aaron Rodgers,00-0023459,QB,att,31.32,21.0,27.0,32.0,37.0,42.0
2026_04_PIT_CLE,PIT,CLE,Aaron Rodgers,00-0023459,QB,cmp,19.372,12.0,16.0,20.0,23.0,27.0
2026_04_PIT_CLE,PIT,CLE,Aaron Rodgers,00-0023459,QB,pass_yds,207.776,117.688,161.451,206.859,255.623,303.55
2026_04_PIT_CLE,PIT,CLE,Aaron Rodgers,00-0023459,QB,pass_td,1.338,0.0,0.0,1.0,2.0,3.0
2026_04_PIT_CLE,PIT,CLE,Aaron Rodgers,00-0023459,QB,ints,0.637,0.0,0.0,0.0,1.0,2.0
2026_04_PIT_CLE,PIT,CLE,Aaron Rodgers,00-0023459,QB,car,1.893,0.0,1.0,2.0,3.0,4.0
2026_04_PIT_CLE,PIT,CLE,Aaron Rodgers,00-0023459,QB,rush_yds,6.505,-2.0,0.0,1.984,10.553,21.088
2026_04_PIT_CLE,PIT,CLE,Aaron Rodgers,00-0023459,QB,tgt,0.001,0.0,0.0,0.0,0.0,0.0
2026_04_PIT_CLE,PIT,CLE,Aaron Rodgers,00-0023459,QB,rec,0.001,0.0,0.0,0.0,0.0,0.0
2026_04_PIT_CLE,PIT,CLE,Aaron Rodgers,00-0023459,QB,rec_yds,0.003,0.0,0.0,0.0,0.0,0.0
2026_04_PIT_CLE,PIT,CLE,Aaron Rodgers,00-0023459,QB,anytime_td,0.035,0.0,0.0,0.0,0.0,0.0
2026_04_PIT_CLE,PIT,CLE,Aaron Rodgers,00-0023459,QB,first_td,0.011,0.011,0.011,0.011,0.011,0.011
2026_04_PIT_CLE,PIT,CLE,Travis Homer,00-0035594,RB,car,2.217,0.0,0.0,1.0,3.0,6.0
2026_04_PIT_CLE,PIT,CLE,Travis Homer,00-0035594,RB,rush_yds,8.622,0.0,0.0,3.522,12.01,24.38
2026_04_PIT_CLE,PIT,CLE,Travis Homer,00-0035594,RB,tgt,0.208,0.0,0.0,0.0,0.0,1.0
2026_04_PIT_CLE,PIT,CLE,Travis Homer,00-0035594,RB,rec,0.159,0.0,0.0,0.0,0.0,1.0
2026_04_PIT_CLE,PIT,CLE,Travis Homer,00-0035594,RB,rec_yds,1.092,0.0,0.0,0.0,0.0,2.026
2026_04_PIT_CLE,PIT,CLE,Travis Homer,00-0035594,RB,anytime_td,0.046,0.0,0.0,0.0,0.0,0.0
2026_04_PIT_CLE,PIT,CLE,Travis Homer,00-0035594,RB,first_td,0.014,0.014,0.014,0.014,0.014,0.014
2026_04_PIT_CLE,PIT,CLE,Riley Nowakowski,00-0041398,RB,car,0.787,0.0,0.0,0.0,1.0,3.0
2026_04_PIT_CLE,PIT,CLE,Riley Nowakowski,00-0041398,RB,rush_yds,3.118,0.0,0.0,0.0,2.472,10.43
2026_04_PIT_CLE,PIT,CLE,Riley Nowakowski,00-0041398,RB,tgt,0.13,0.0,0.0,0.0,0.0,0.0
2026_04_PIT_CLE,PIT,CLE,Riley Nowakowski,00-0041398,RB,rec,0.102,0.0,0.0,0.0,0.0,0.0
2026_04_PIT_CLE,PIT,CLE,Riley Nowakowski,00-0041398,RB,rec_yds,0.749,0.0,0.0,0.0,0.0,0.0
2026_04_PIT_CLE,PIT,CLE,Riley Nowakowski,00-0041398,RB,anytime_td,0.018,0.0,0.0,0.0,0.0,0.0
2026_04_PIT_CLE,PIT,CLE,Riley Nowakowski,00-0041398,RB,first_td,0.006,0.006,0.006,0.006,0.006,0.006
2026_04_IND_WAS,WAS,IND,Marcus Mariota,00-0032268,QB,att,30.338,21.0,26.0,31.0,36.0,41.0
2026_04_IND_WAS,WAS,IND,Marcus Mariota,00-0032268,QB,cmp,19.062,12.0,16.0,19.0,23.0,26.0
2026_04_IND_WAS,WAS,IND,Marcus Mariota,00-0032268,QB,pass_yds,214.069,124.83,168.125,213.406,261.657,308.726
2026_04_IND_WAS,WAS,IND,Marcus Mariota,00-0032268,QB,pass_td,1.274,0.0,0.0,1.0,2.0,3.0
2026_04_IND_WAS,WAS,IND,Marcus Mariota,00-0032268,QB,ints,0.65,0.0,0.0,0.0,1.0,2.0
2026_04_IND_WAS,WAS,IND,Marcus Mariota,00-0032268,QB,car,4.263,1.0,2.0,4.0,6.0,8.0
2026_04_IND_WAS,WAS,IND,Marcus Mariota,00-0032268,QB,rush_yds,20.635,0.0,6.941,16.72,29.643,45.115
2026_04_IND_WAS,WAS,IND,Marcus Mariota,00-0032268,QB,tgt,0.001,0.0,0.0,0.0,0.0,0.0
2026_04_IND_WAS,WAS,IND,Marcus Mariota,00-0032268,QB,rec,0.0,0.0,0.0,0.0,0.0,0.0
2026_04_IND_WAS,WAS,IND,Marcus Mariota,00-0032268,QB,rec_yds,0.003,0.0,0.0,0.0,0.0,0.0
2026_04_IND_WAS,WAS,IND,Marcus Mariota,00-0032268,QB,anytime_td,0.066,0.0,0.0,0.0,0.0,0.0
2026_04_IND_WAS,WAS,IND,Marcus Mariota,00-0032268,QB,first_td,0.015,0.015,0.015,0.015,0.015,0.015
2026_04_IND_WAS,WAS,IND,Jacory Croskey-Merritt,00-0040242,RB,car,16.892,9.0,12.0,17.0,21.0,25.0
2026_04_IND_WAS,WAS,IND,Jacory Croskey-Merritt,00-0040242,RB,rush_yds,66.997,25.905,40.382,61.159,87.044,115.036
2026_04_IND_WAS,WAS,IND,Jacory Croskey-Merritt,00-0040242,RB,tgt,0.848,0.0,0.0,0.0,1.0,2.0
2026_04_IND_WAS,WAS,IND,Jacory Croskey-Merritt,00-0040242,RB,rec,0.68,0.0,0.0,0.0,1.0,2.0
2026_04_IND_WAS,WAS,IND,Jacory Croskey-Merritt,00-0040242,RB,rec_yds,4.518,0.0,0.0,0.0,6.208,15.193
2026_04_IND_WAS,WAS,IND,Jacory Croskey-Merritt,00-0040242,RB,anytime_td,0.327,0.0,0.0,0.0,1.0,1.0
2026_04_IND_WAS,WAS,IND,Jacory Croskey-Merritt,00-0040242,RB,first_td,0.088,0.088,0.088,0.088,0.088,0.088
2026_04_IND_WAS,WAS,IND,Ben Sinnott,00-0039912,TE,car,0.002,0.0,0.0,0.0,0.0,0.0
2026_04_IND_WAS,WAS,IND,Ben Sinnott,00-0039912,TE,rush_yds,0.007,0.0,0.0,0.0,0.0,0.0
2026_04_IND_WAS,WAS,IND,Ben Sinnott,00-0039912,TE,tgt,1.104,0.0,0.0,1.0,2.0,3.0
2026_04_IND_WAS,WAS,IND,Ben Sinnott,00-0039912,TE,rec,0.805,0.0,0.0,0.0,1.0,2.0
2026_04_IND_WAS,WAS,IND,Ben Sinnott,00-0039912,TE,rec_yds,7.891,0.0,0.0,0.0,11.365,24.127
2026_04_IND_WAS,WAS,IND,Ben Sinnott,00-0039912,TE,anytime_td,0.029,0.0,0.0,0.0,0.0,0.0
2026_04_IND_WAS,WAS,IND,Ben Sinnott,00-0039912,TE,first_td,0.006,0.006,0.006,0.006,0.006,0.006
2026_04_IND_WAS,WAS,IND,John Bates,00-0036628,TE,car,0.004,0.0,0.0,0.0,0.0,0.0
2026_04_IND_WAS,WAS,IND,John Bates,00-0036628,TE,rush_yds,0.01,0.0,0.0,0.0,0.0,0.0
2026_04_IND_WAS,WAS,IND,John Bates,00-0036628,TE,tgt,1.344,0.0,0.0,1.0,2.0,3.0
2026_04_IND_WAS,WAS,IND,John Bates,00-0036628,TE,rec,0.976,0.0,0.0,1.0,2.0,3.0
2026_04_IND_WAS,WAS,IND,John Bates,00-0036628,TE,rec_yds,9.437,0.0,0.0,3.715,14.327,28.149
2026_04_IND_WAS,WAS,IND,John Bates,00-0036628,TE,anytime_td,0.059,0.0,0.0,0.0,0.0,0.0
2026_04_IND_WAS,WAS,IND,John Bates,00-0036628,TE,first_td,0.013,0.013,0.013,0.013,0.013,0.013
2026_04_IND_WAS,WAS,IND,Stefon Diggs,00-0031588,WR,car,0.015,0.0,0.0,0.0,0.0,0.0
2026_04_IND_WAS,WAS,IND,Stefon Diggs,00-0031588,WR,rush_yds,0.097,0.0,0.0,0.0,0.0,0.0
2026_04_IND_WAS,WAS,IND,Stefon Diggs,00-0031588,WR,tgt,6.362,3.0,4.0,6.0,8.0,11.0
2026_04_IND_WAS,WAS,IND,Stefon Diggs,00-0031588,WR,rec,4.132,1.0,2.0,4.0,6.0,7.0
2026_04_IND_WAS,WAS,IND,Stefon Diggs,00-0031588,WR,rec_yds,47.349,9.847,22.193,41.548,65.729,92.912
2026_04_IND_WAS,WAS,IND,Stefon Diggs,00-0031588,WR,anytime_td,0.295,0.0,0.0,0.0,1.0,1.0
2026_04_IND_WAS,WAS,IND,Stefon Diggs,00-0031588,WR,first_td,0.078,0.078,0.078,0.078,0.078,0.078
2026_04_IND_WAS,WAS,IND,Chig Okonkwo,00-0037809,TE,car,0.005,0.0,0.0,0.0,0.0,0.0
2026_04_IND_WAS,WAS,IND,Chig Okonkwo,00-0037809,TE,rush_yds,0.011,0.0,0.0,0.0,0.0,0.0
2026_04_IND_WAS,WAS,IND,Chig Okonkwo,00-0037809,TE,tgt,3.869,1.0,2.0,4.0,5.0,7.0
2026_04_IND_WAS,WAS,IND,Chig Okonkwo,00-0037809,TE,rec,2.771,1.0,1.0,2.0,4.0,5.0
2026_04_IND_WAS,WAS,IND,Chig Okonkwo,00-0037809,TE,rec_yds,27.252,0.0,9.89,22.393,39.192,58.724
2026_04_IND_WAS,WAS,IND,Chig Okonkwo,00-0037809,TE,anytime_td,0.136,0.0,0.0,0.0,0.0,1.0
2026_04_IND_WAS,WAS,IND,Chig Okonkwo,00-0037809,TE,first_td,0.033,0.033,0.033,0.033,0.033,0.033
2026_04_IND_WAS,WAS,IND,Treylon Burks,00-0037742,WR,car,0.034,0.0,0.0,0.0,0.0,0.0
2026_04_IND_WAS,WAS,IND,Treylon Burks,00-0037742,WR,rush_yds,0.211,0.0,0.0,0.0,0.0,0.0
2026_04_IND_WAS,WAS,IND,Treylon Burks,00-0037742,WR,tgt,2.352,0.0,1.0,2.0,3.0,5.0
2026_04_IND_WAS,WAS,IND,Treylon Burks,00-0037742,WR,rec,1.474,0.0,0.0,1.0,2.0,3.0
2026_04_IND_WAS,WAS,IND,Treylon Burks,00-0037742,WR,rec_yds,17.654,0.0,0.0,11.278,26.313,46.124
2026_04_IND_WAS,WAS,IND,Treylon Burks,00-0037742,WR,anytime_td,0.164,0.0,0.0,0.0,0.0,1.0
2026_04_IND_WAS,WAS,IND,Treylon Burks,00-0037742,WR,first_td,0.041,0.041,0.041,0.041,0.041,0.041
2026_04_IND_WAS,WAS,IND,Jaylin Lane,00-0040164,WR,car,0.032,0.0,0.0,0.0,0.0,0.0
2026_04_IND_WAS,WAS,IND,Jaylin Lane,00-0040164,WR,rush_yds,0.184,0.0,0.0,0.0,0.0,0.0
2026_04_IND_WAS,WAS,IND,Jaylin Lane,00-0040164,WR,tgt,1.213,0.0,0.0,1.0,2.0,3.0
2026_04_IND_WAS,WAS,IND,Jaylin Lane,00-0040164,WR,rec,0.792,0.0,0.0,0.0,1.0,2.0
2026_04_IND_WAS,WAS,IND,Jaylin Lane,00-0040164,WR,rec_yds,9.89,0.0,0.0,0.0,14.628,30.526
2026_04_IND_WAS,WAS,IND,Jaylin Lane,00-0040164,WR,anytime_td,0.016,0.0,0.0,0.0,0.0,0.0
2026_04_IND_WAS,WAS,IND,Jaylin Lane,00-0040164,WR,first_td,0.004,0.004,0.004,0.004,0.004,0.004
2026_04_IND_WAS,WAS,IND,Terry McLaurin,00-0035659,WR,car,0.018,0.0,0.0,0.0,0.0,0.0
2026_04_IND_WAS,WAS,IND,Terry McLaurin,00-0035659,WR,rush_yds,0.092,0.0,0.0,0.0,0.0,0.0
2026_04_IND_WAS,WAS,IND,Terry McLaurin,00-0035659,WR,tgt,6.952,3.0,5.0,7.0,9.0,11.0
2026_04_IND_WAS,WAS,IND,Terry McLaurin,00-0035659,WR,rec,4.166,1.0,2.0,4.0,6.0,7.0
2026_04_IND_WAS,WAS,IND,Terry McLaurin,00-0035659,WR,rec_yds,53.06,12.259,26.365,47.004,73.105,101.531
2026_04_IND_WAS,WAS,IND,Terry McLaurin,00-0035659,WR,anytime_td,0.242,0.0,0.0,0.0,0.0,1.0
2026_04_IND_WAS,WAS,IND,Terry McLaurin,00-0035659,WR,first_td,0.06,0.06,0.06,0.06,0.06,0.06
2026_04_IND_WAS,WAS,IND,Colson Yankoff,00-0039686,TE,car,0.002,0.0,0.0,0.0,0.0,0.0
2026_04_IND_WAS,WAS,IND,Colson Yankoff,00-0039686,TE,rush_yds,0.009,0.0,0.0,0.0,0.0,0.0
2026_04_IND_WAS,WAS,IND,Colson Yankoff,00-0039686,TE,tgt,0.868,0.0,0.0,0.0,1.0,2.0
2026_04_IND_WAS,WAS,IND,Colson Yankoff,00-0039686,TE,rec,0.626,0.0,0.0,0.0,1.0,2.0
2026_04_IND_WAS,WAS,IND,Colson Yankoff,00-0039686,TE,rec_yds,6.136,0.0,0.0,0.0,8.768,20.264
2026_04_IND_WAS,WAS,IND,Colson Yankoff,00-0039686,TE,anytime_td,0.012,0.0,0.0,0.0,0.0,0.0
2026_04_IND_WAS,WAS,IND,Colson Yankoff,00-0039686,TE,first_td,0.003,0.003,0.003,0.003,0.003,0.003
2026_04_IND_WAS,WAS,IND,Dyami Brown,00-0036626,WR,car,0.121,0.0,0.0,0.0,0.0,0.0
2026_04_IND_WAS,WAS,IND,Dyami Brown,00-0036626,WR,rush_yds,0.682,0.0,0.0,0.0,0.0,0.0
2026_04_IND_WAS,WAS,IND,Dyami Brown,00-0036626,WR,tgt,2.523,0.0,1.0,2.0,4.0,5.0
2026_04_IND_WAS,WAS,IND,Dyami Brown,00-0036626,WR,rec,1.525,0.0,0.0,1.0,2.0,3.0
2026_04_IND_WAS,WAS,IND,Dyami Brown,00-0036626,WR,rec_yds,17.297,0.0,0.0,11.209,26.289,44.267
2026_04_IND_WAS,WAS,IND,Dyami Brown,00-0036626,WR,anytime_td,0.045,0.0,0.0,0.0,0.0,0.0
2026_04_IND_WAS,WAS,IND,Dyami Brown,00-0036626,WR,first_td,0.01,0.01,0.01,0.01,0.01,0.01
2026_04_IND_WAS,WAS,IND,Antonio Williams,00-0041040,WR,car,0.018,0.0,0.0,0.0,0.0,0.0
2026_04_IND_WAS,WAS,IND,Antonio Williams,00-0041040,WR,rush_yds,0.104,0.0,0.0,0.0,0.0,0.0
2026_04_IND_WAS,WAS,IND,Antonio Williams,00-0041040,WR,tgt,3.333,1.0,2.0,3.0,5.0,6.0
2026_04_IND_WAS,WAS,IND,Antonio Williams,00-0041040,WR,rec,2.22,0.0,1.0,2.0,3.0,5.0
2026_04_IND_WAS,WAS,IND,Antonio Williams,00-0041040,WR,rec_yds,26.339,0.0,7.052,19.878,38.901,61.521
2026_04_IND_WAS,WAS,IND,Antonio Williams,00-0041040,WR,anytime_td,0.144,0.0,0.0,0.0,0.0,1.0
2026_04_IND_WAS,WAS,IND,Antonio Williams,00-0041040,WR,first_td,0.034,0.034,0.034,0.034,0.034,0.034
2026_04_IND_WAS,WAS,IND,Kaytron Allen,00-0041096,RB,car,5.423,1.0,2.0,5.0,8.0,11.0
2026_04_IND_WAS,WAS,IND,Kaytron Allen,00-0041096,RB,rush_yds,23.626,0.933,6.683,17.033,33.498,54.907
2026_04_IND_WAS,WAS,IND,Kaytron Allen,00-0041096,RB,tgt,0.167,0.0,0.0,0.0,0.0,1.0
2026_04_IND_WAS,WAS,IND,Kaytron Allen,00-0041096,RB,rec,0.13,0.0,0.0,0.0,0.0,1.0
2026_04_IND_WAS,WAS,IND,Kaytron Allen,00-0041096,RB,rec_yds,0.955,0.0,0.0,0.0,0.0,0.0
2026_04_IND_WAS,WAS,IND,Kaytron Allen,00-0041096,RB,anytime_td,0.112,0.0,0.0,0.0,0.0,1.0
2026_04_IND_WAS,WAS,IND,Kaytron Allen,00-0041096,RB,first_td,0.027,0.027,0.027,0.027,0.027,0.027
2026_04_IND_WAS,IND,WAS,Tyler Warren,00-0040128,TE,car,0.428,0.0,0.0,0.0,0.0,1.0
2026_04_IND_WAS,IND,WAS,Tyler Warren,00-0040128,TE,rush_yds,1.071,0.0,0.0,0.0,0.0,3.178
2026_04_IND_WAS,IND,WAS,Tyler Warren,00-0040128,TE,tgt,6.447,3.0,4.0,6.0,8.0,11.0
2026_04_IND_WAS,IND,WAS,Tyler Warren,00-0040128,TE,rec,4.926,2.0,3.0,5.0,6.0,9.0
2026_04_IND_WAS,IND,WAS,Tyler Warren,00-0040128,TE,rec_yds,44.808,11.585,23.41,40.402,61.082,83.92
2026_04_IND_WAS,IND,WAS,Tyler Warren,00-0040128,TE,anytime_td,0.384,0.0,0.0,0.0,1.0,1.0
2026_04_IND_WAS,IND,WAS,Tyler Warren,00-0040128,TE,first_td,0.095,0.095,0.095,0.095,0.095,0.095
2026_04_IND_WAS,IND,WAS,Daniel Jones,00-0035710,QB,att,31.5,21.0,27.0,32.0,38.0,42.0
2026_04_IND_WAS,IND,WAS,Daniel Jones,00-0035710,QB,cmp,21.016,13.0,17.0,21.0,25.0,29.0
2026_04_IND_WAS,IND,WAS,Daniel Jones,00-0035710,QB,pass_yds,238.073,137.113,187.317,238.476,290.303,343.165
2026_04_IND_WAS,IND,WAS,Daniel Jones,00-0035710,QB,pass_td,1.548,0.0,1.0,1.0,2.0,3.0
2026_04_IND_WAS,IND,WAS,Daniel Jones,00-0035710,QB,ints,0.684,0.0,0.0,0.0,1.0,2.0
2026_04_IND_WAS,IND,WAS,Daniel Jones,00-0035710,QB,car,3.33,1.0,2.0,3.0,5.0,7.0
2026_04_IND_WAS,IND,WAS,Daniel Jones,00-0035710,QB,rush_yds,13.083,-1.0,1.589,9.259,20.276,32.605
2026_04_IND_WAS,IND,WAS,Daniel Jones,00-0035710,QB,tgt,0.0,0.0,0.0,0.0,0.0,0.0
2026_04_IND_WAS,IND,WAS,Daniel Jones,00-0035710,QB,rec,0.0,0.0,0.0,0.0,0.0,0.0
2026_04_IND_WAS,IND,WAS,Daniel Jones,00-0035710,QB,rec_yds,0.002,0.0,0.0,0.0,0.0,0.0
2026_04_IND_WAS,IND,WAS,Daniel Jones,00-0035710,QB,anytime_td,0.123,0.0,0.0,0.0,0.0,1.0
2026_04_IND_WAS,IND,WAS,Daniel Jones,00-0035710,QB,first_td,0.026,0.026,0.026,0.026,0.026,0.026
2026_04_IND_WAS,IND,WAS,Jonathan Taylor,00-0036223,RB,car,17.034,9.0,12.0,17.0,21.0,26.0
2026_04_IND_WAS,IND,WAS,Jonathan Taylor,00-0036223,RB,rush_yds,72.569,28.639,44.399,66.574,94.027,124.362
2026_04_IND_WAS,IND,WAS,Jonathan Taylor,00-0036223,RB,tgt,3.046,1.0,1.0,3.0,4.0,6.0
2026_04_IND_WAS,IND,WAS,Jonathan Taylor,00-0036223,RB,rec,2.49,0.0,1.0,2.0,4.0,5.0
2026_04_IND_WAS,IND,WAS,Jonathan Taylor,00-0036223,RB,rec_yds,19.589,0.0,4.708,14.595,28.639,45.909
2026_04_IND_WAS,IND,WAS,Jonathan Taylor,00-0036223,RB,anytime_td,0.616,0.0,0.0,1.0,1.0,1.0
2026_04_IND_WAS,IND,WAS,Jonathan Taylor,00-0036223,RB,first_td,0.183,0.183,0.183,0.183,0.183,0.183
2026_04_IND_WAS,IND,WAS,Deion Burks,00-0041132,WR,car,0.582,0.0,0.0,0.0,1.0,2.0
2026_04_IND_WAS,IND,WAS,Deion Burks,00-0041132,WR,rush_yds,3.313,0.0,0.0,0.0,0.0,11.272
2026_04_IND_WAS,IND,WAS,Deion Burks,00-0041132,WR,tgt,0.331,0.0,0.0,0.0,0.0,1.0
2026_04_IND_WAS,IND,WAS,Deion Burks,00-0041132,WR,rec,0.218,0.0,0.0,0.0,0.0,1.0
2026_04_IND_WAS,IND,WAS,Deion Burks,00-0041132,WR,rec_yds,2.928,0.0,0.0,0.0,0.0,10.195
2026_04_IND_WAS,IND,WAS,Deion Burks,00-0041132,WR,anytime_td,0.024,0.0,0.0,0.0,0.0,0.0
2026_04_IND_WAS,IND,WAS,Deion Burks,00-0041132,WR,first_td,0.005,0.005,0.005,0.005,0.005,0.005
2026_04_IND_WAS,IND,WAS,Seth McGowan,00-0041125,RB,car,1.983,0.0,0.0,1.0,3.0,5.0
2026_04_IND_WAS,IND,WAS,Seth McGowan,00-0041125,RB,rush_yds,8.44,0.0,0.0,2.88,11.632,24.749
2026_04_IND_WAS,IND,WAS,Seth McGowan,00-0041125,RB,tgt,0.368,0.0,0.0,0.0,0.0,1.0
2026_04_IND_WAS,IND,WAS,Seth McGowan,00-0041125,RB,rec,0.298,0.0,0.0,0.0,0.0,1.0
2026_04_IND_WAS,IND,WAS,Seth McGowan,00-0041125,RB,rec_yds,2.275,0.0,0.0,0.0,0.0,8.636
2026_04_IND_WAS,IND,WAS,Seth McGowan,00-0041125,RB,anytime_td,0.075,0.0,0.0,0.0,0.0,0.0
2026_04_IND_WAS,IND,WAS,Seth McGowan,00-0041125,RB,first_td,0.016,0.016,0.016,0.016,0.016,0.016
2026_04_IND_WAS,IND,WAS,Josh Downs,00-0038997,WR,car,0.08,0.0,0.0,0.0,0.0,0.0
2026_04_IND_WAS,IND,WAS,Josh Downs,00-0038997,WR,rush_yds,0.456,0.0,0.0,0.0,0.0,0.0
2026_04_IND_WAS,IND,WAS,Josh Downs,00-0038997,WR,tgt,6.614,3.0,4.0,6.0,9.0,11.0
2026_04_IND_WAS,IND,WAS,Josh Downs,00-0038997,WR,rec,4.262,1.0,3.0,4.0,6.0,7.0
2026_04_IND_WAS,IND,WAS,Josh Downs,00-0038997,WR,rec_yds,56.859,12.425,27.252,49.739,79.04,110.188
2026_04_IND_WAS,IND,WAS,Josh Downs,00-0038997,WR,anytime_td,0.193,0.0,0.0,0.0,0.0,1.0
2026_04_IND_WAS,IND,WAS,Josh Downs,00-0038997,WR,first_td,0.042,0.042,0.042,0.042,0.042,0.042
2026_04_IND_WAS,IND,WAS,Mo Alie-Cox,00-0033217,TE,car,0.003,0.0,0.0,0.0,0.0,0.0
2026_04_IND_WAS,IND,WAS,Mo Alie-Cox,00-0033217,TE,rush_yds,0.004,0.0,0.0,0.0,0.0,0.0
2026_04_IND_WAS,IND,WAS,Mo Alie-Cox,00-0033217,TE,tgt,0.917,0.0,0.0,1.0,1.0,3.0
2026_04_IND_WAS,IND,WAS,Mo Alie-Cox,00-0033217,TE,rec,0.689,0.0,0.0,0.0,1.0,2.0
2026_04_IND_WAS,IND,WAS,Mo Alie-Cox,00-0033217,TE,rec_yds,7.389,0.0,0.0,0.0,10.631,24.727
2026_04_IND_WAS,IND,WAS,Mo Alie-Cox,00-0033217,TE,anytime_td,0.062,0.0,0.0,0.0,0.0,0.0
2026_04_IND_WAS,IND,WAS,Mo Alie-Cox,00-0033217,TE,first_td,0.013,0.013,0.013,0.013,0.013,0.013
2026_04_IND_WAS,IND,WAS,Keenan Allen,00-0030279,WR,car,0.011,0.0,0.0,0.0,0.0,0.0
2026_04_IND_WAS,IND,WAS,Keenan Allen,00-0030279,WR,rush_yds,0.049,0.0,0.0,0.0,0.0,0.0
2026_04_IND_WAS,IND,WAS,Keenan Allen,00-0030279,WR,tgt,6.16,2.0,4.0,6.0,8.0,10.0
2026_04_IND_WAS,IND,WAS,Keenan Allen,00-0030279,WR,rec,4.06,1.0,2.0,4.0,5.0,7.0
2026_04_IND_WAS,IND,WAS,Keenan Allen,00-0030279,WR,rec_yds,47.695,9.802,21.931,41.542,66.643,93.408
2026_04_IND_WAS,IND,WAS,Keenan Allen,00-0030279,WR,anytime_td,0.336,0.0,0.0,0.0,1.0,1.0
2026_04_IND_WAS,IND,WAS,Keenan Allen,00-0030279,WR,first_td,0.08,0.08,0.08,0.08,0.08,0.08
2026_04_IND_WAS,IND,WAS,Andrew Ogletree,00-0037292,TE,car,0.003,0.0,0.0,0.0,0.0,0.0
2026_04_IND_WAS,IND,WAS,Andrew Ogletree,00-0037292,TE,rush_yds,0.008,0.0,0.0,0.0,0.0,0.0
2026_04_IND_WAS,IND,WAS,Andrew Ogletree,00-0037292,TE,tgt,0.628,0.0,0.0,0.0,1.0,2.0
2026_04_IND_WAS,IND,WAS,Andrew Ogletree,00-0037292,TE,rec,0.457,0.0,0.0,0.0,1.0,2.0
2026_04_IND_WAS,IND,WAS,Andrew Ogletree,00-0037292,TE,rec_yds,4.916,0.0,0.0,0.0,5.788,17.824
2026_04_IND_WAS,IND,WAS,Andrew Ogletree,00-0037292,TE,anytime_td,0.033,0.0,0.0,0.0,0.0,0.0
2026_04_IND_WAS,IND,WAS,Andrew Ogletree,00-0037292,TE,first_td,0.007,0.007,0.007,0.007,0.007,0.007
2026_04_IND_WAS,IND,WAS,Darius Slayton,00-0035535,WR,car,0.021,0.0,0.0,0.0,0.0,0.0
2026_04_IND_WAS,IND,WAS,Darius Slayton,00-0035535,WR,rush_yds,0.128,0.0,0.0,0.0,0.0,0.0
2026_04_IND_WAS,IND,WAS,Darius Slayton,00-0035535,WR,tgt,4.362,1.0,2.0,4.0,6.0,8.0
2026_04_IND_WAS,IND,WAS,Darius Slayton,00-0035535,WR,rec,2.81,1.0,1.0,3.0,4.0,5.0
2026_04_IND_WAS,IND,WAS,Darius Slayton,00-0035535,WR,rec_yds,38.557,0.0,13.625,31.029,55.972,84.012
2026_04_IND_WAS,IND,WAS,Darius Slayton,00-0035535,WR,anytime_td,0.193,0.0,0.0,0.0,0.0,1.0
2026_04_IND_WAS,IND,WAS,Darius Slayton,00-0035535,WR,first_td,0.042,0.042,0.042,0.042,0.042,0.042
2026_04_IND_WAS,IND,WAS,Nick Westbrook-Ikhine,00-0036182,WR,car,0.013,0.0,0.0,0.0,0.0,0.0
2026_04_IND_WAS,IND,WAS,Nick Westbrook-Ikhine,00-0036182,WR,rush_yds,0.064,0.0,0.0,0.0,0.0,0.0
2026_04_IND_WAS,IND,WAS,Nick Westbrook-Ikhine,00-0036182,WR,tgt,0.932,0.0,0.0,1.0,1.0,3.0
2026_04_IND_WAS,IND,WAS,Nick Westbrook-Ikhine,00-0036182,WR,rec,0.61,0.0,0.0,0.0,1.0,2.0
2026_04_IND_WAS,IND,WAS,Nick Westbrook-Ikhine,00-0036182,WR,rec_yds,8.084,0.0,0.0,0.0,11.114,26.249
2026_04_IND_WAS,IND,WAS,Nick Westbrook-Ikhine,00-0036182,WR,anytime_td,0.033,0.0,0.0,0.0,0.0,0.0
2026_04_IND_WAS,IND,WAS,Nick Westbrook-Ikhine,00-0036182,WR,first_td,0.007,0.007,0.007,0.007,0.007,0.007
2026_04_IND_WAS,IND,WAS,Laquon Treadwell,00-0032951,WR,car,0.012,0.0,0.0,0.0,0.0,0.0
2026_04_IND_WAS,IND,WAS,Laquon Treadwell,00-0032951,WR,rush_yds,0.056,0.0,0.0,0.0,0.0,0.0
2026_04_IND_WAS,IND,WAS,Laquon Treadwell,00-0032951,WR,tgt,1.16,0.0,0.0,1.0,2.0,3.0
2026_04_IND_WAS,IND,WAS,Laquon Treadwell,00-0032951,WR,rec,0.79,0.0,0.0,0.0,1.0,2.0
2026_04_IND_WAS,IND,WAS,Laquon Treadwell,00-0032951,WR,rec_yds,11.121,0.0,0.0,0.0,16.301,34.745
2026_04_IND_WAS,IND,WAS,Laquon Treadwell,00-0032951,WR,anytime_td,0.025,0.0,0.0,0.0,0.0,0.0
2026_04_IND_WAS,IND,WAS,Laquon Treadwell,00-0032951,WR,first_td,0.005,0.005,0.005,0.005,0.005,0.005
2026_04_IND_WAS,IND,WAS,DJ Giddens,00-0040179,RB,car,2.62,0.0,0.0,2.0,4.0,7.0
2026_04_IND_WAS,IND,WAS,DJ Giddens,00-0040179,RB,rush_yds,11.548,0.0,0.0,5.403,16.242,31.875
2026_04_IND_WAS,IND,WAS,DJ Giddens,00-0040179,RB,tgt,0.286,0.0,0.0,0.0,0.0,1.0
2026_04_IND_WAS,IND,WAS,DJ Giddens,00-0040179,RB,rec,0.232,0.0,0.0,0.0,0.0,1.0
2026_04_IND_WAS,IND,WAS,DJ Giddens,00-0040179,RB,rec_yds,1.812,0.0,0.0,0.0,0.0,6.397
2026_04_IND_WAS,IND,WAS,DJ Giddens,00-0040179,RB,anytime_td,0.062,0.0,0.0,0.0,0.0,0.0
2026_04_IND_WAS,IND,WAS,DJ Giddens,00-0040179,RB,first_td,0.013,0.013,0.013,0.013,0.013,0.013
2026_04_IND_WAS,IND,WAS,Ashton Dulin,00-0035021,WR,car,0.136,0.0,0.0,0.0,0.0,0.0
2026_04_IND_WAS,IND,WAS,Ashton Dulin,00-0035021,WR,rush_yds,0.78,0.0,0.0,0.0,0.0,0.0
2026_04_IND_WAS,IND,WAS,Ashton Dulin,00-0035021,WR,tgt,0.976,0.0,0.0,1.0,2.0,3.0
2026_04_IND_WAS,IND,WAS,Ashton Dulin,00-0035021,WR,rec,0.612,0.0,0.0,0.0,1.0,2.0
2026_04_IND_WAS,IND,WAS,Ashton Dulin,00-0035021,WR,rec_yds,8.319,0.0,0.0,0.0,11.785,27.343
2026_04_IND_WAS,IND,WAS,Ashton Dulin,00-0035021,WR,anytime_td,0.021,0.0,0.0,0.0,0.0,0.0
2026_04_IND_WAS,IND,WAS,Ashton Dulin,00-0035021,WR,first_td,0.004,0.004,0.004,0.004,0.004,0.004
2026_04_ARI_NYG,NYG,ARI,Devin Singletary,00-0035250,RB,car,4.665,1.0,2.0,4.0,7.0,10.0
2026_04_ARI_NYG,NYG,ARI,Devin Singletary,00-0035250,RB,rush_yds,19.248,0.0,4.381,13.146,27.155,45.821
2026_04_ARI_NYG,NYG,ARI,Devin Singletary,00-0035250,RB,tgt,1.633,0.0,0.0,1.0,2.0,4.0
2026_04_ARI_NYG,NYG,ARI,Devin Singletary,00-0035250,RB,rec,1.266,0.0,0.0,1.0,2.0,3.0
2026_04_ARI_NYG,NYG,ARI,Devin Singletary,00-0035250,RB,rec_yds,9.827,0.0,0.0,4.871,14.628,27.802
2026_04_ARI_NYG,NYG,ARI,Devin Singletary,00-0035250,RB,anytime_td,0.269,0.0,0.0,0.0,1.0,1.0
2026_04_ARI_NYG,NYG,ARI,Devin Singletary,00-0035250,RB,first_td,0.063,0.063,0.063,0.063,0.063,0.063
2026_04_ARI_NYG,NYG,ARI,Cam Skattebo,00-0040715,RB,car,10.429,4.0,6.0,10.0,14.0,18.0
2026_04_ARI_NYG,NYG,ARI,Cam Skattebo,00-0040715,RB,rush_yds,42.088,9.711,20.245,35.704,57.57,82.834
2026_04_ARI_NYG,NYG,ARI,Cam Skattebo,00-0040715,RB,tgt,2.908,0.0,1.0,3.0,4.0,6.0
2026_04_ARI_NYG,NYG,ARI,Cam Skattebo,00-0040715,RB,rec,2.244,0.0,1.0,2.0,3.0,5.0
2026_04_ARI_NYG,NYG,ARI,Cam Skattebo,00-0040715,RB,rec_yds,18.586,0.0,3.518,13.301,27.322,45.248
2026_04_ARI_NYG,NYG,ARI,Cam Skattebo,00-0040715,RB,anytime_td,0.385,0.0,0.0,0.0,1.0,1.0
2026_04_ARI_NYG,NYG,ARI,Cam Skattebo,00-0040715,RB,first_td,0.096,0.096,0.096,0.096,0.096,0.096
2026_04_ARI_NYG,NYG,ARI,Malachi Fields,00-0041042,WR,car,0.014,0.0,0.0,0.0,0.0,0.0
2026_04_ARI_NYG,NYG,ARI,Malachi Fields,00-0041042,WR,rush_yds,0.089,0.0,0.0,0.0,0.0,0.0
2026_04_ARI_NYG,NYG,ARI,Malachi Fields,00-0041042,WR,tgt,3.544,1.0,2.0,3.0,5.0,7.0
2026_04_ARI_NYG,NYG,ARI,Malachi Fields,00-0041042,WR,rec,2.13,0.0,1.0,2.0,3.0,4.0
2026_04_ARI_NYG,NYG,ARI,Malachi Fields,00-0041042,WR,rec_yds,28.693,0.0,7.007,21.545,42.552,67.213
2026_04_ARI_NYG,NYG,ARI,Malachi Fields,00-0041042,WR,anytime_td,0.092,0.0,0.0,0.0,0.0,0.0
2026_04_ARI_NYG,NYG,ARI,Malachi Fields,00-0041042,WR,first_td,0.019,0.019,0.019,0.019,0.019,0.019
2026_04_ARI_NYG,NYG,ARI,Darnell Mooney,00-0036309,WR,car,0.165,0.0,0.0,0.0,0.0,0.0
2026_04_ARI_NYG,NYG,ARI,Darnell Mooney,00-0036309,WR,rush_yds,0.885,0.0,0.0,0.0,0.0,0.0
2026_04_ARI_NYG,NYG,ARI,Darnell Mooney,00-0036309,WR,tgt,3.152,1.0,2.0,3.0,4.0,6.0
2026_04_ARI_NYG,NYG,ARI,Darnell Mooney,00-0036309,WR,rec,1.934,0.0,1.0,2.0,3.0,4.0
2026_04_ARI_NYG,NYG,ARI,Darnell Mooney,00-0036309,WR,rec_yds,26.931,0.0,5.701,19.527,40.074,64.393
2026_04_ARI_NYG,NYG,ARI,Darnell Mooney,00-0036309,WR,anytime_td,0.081,0.0,0.0,0.0,0.0,0.0
2026_04_ARI_NYG,NYG,ARI,Darnell Mooney,00-0036309,WR,first_td,0.017,0.017,0.017,0.017,0.017,0.017
2026_04_ARI_NYG,NYG,ARI,Theo Johnson,00-0039847,TE,car,0.002,0.0,0.0,0.0,0.0,0.0
2026_04_ARI_NYG,NYG,ARI,Theo Johnson,00-0039847,TE,rush_yds,0.002,0.0,0.0,0.0,0.0,0.0
2026_04_ARI_NYG,NYG,ARI,Theo Johnson,00-0039847,TE,tgt,2.812,0.0,1.0,2.0,4.0,6.0
2026_04_ARI_NYG,NYG,ARI,Theo Johnson,00-0039847,TE,rec,1.784,0.0,1.0,1.0,3.0,4.0
2026_04_ARI_NYG,NYG,ARI,Theo Johnson,00-0039847,TE,rec_yds,20.537,0.0,3.382,14.472,31.083,49.925
2026_04_ARI_NYG,NYG,ARI,Theo Johnson,00-0039847,TE,anytime_td,0.109,0.0,0.0,0.0,0.0,1.0
2026_04_ARI_NYG,NYG,ARI,Theo Johnson,00-0039847,TE,first_td,0.023,0.023,0.023,0.023,0.023,0.023
2026_04_ARI_NYG,NYG,ARI,Najee Harris,00-0036893,RB,car,5.093,1.0,2.0,4.0,7.0,11.0
2026_04_ARI_NYG,NYG,ARI,Najee Harris,00-0036893,RB,rush_yds,22.278,0.0,5.753,15.865,32.019,52.605
2026_04_ARI_NYG,NYG,ARI,Najee Harris,00-0036893,RB,tgt,0.521,0.0,0.0,0.0,1.0,2.0
2026_04_ARI_NYG,NYG,ARI,Najee Harris,00-0036893,RB,rec,0.397,0.0,0.0,0.0,1.0,1.0
2026_04_ARI_NYG,NYG,ARI,Najee Harris,00-0036893,RB,rec_yds,3.06,0.0,0.0,0.0,1.063,11.041
2026_04_ARI_NYG,NYG,ARI,Najee Harris,00-0036893,RB,anytime_td,0.18,0.0,0.0,0.0,0.0,1.0
2026_04_ARI_NYG,NYG,ARI,Najee Harris,00-0036893,RB,first_td,0.04,0.04,0.04,0.04,0.04,0.04
2026_04_ARI_NYG,NYG,ARI,Isaiah Likely,00-0037838,TE,car,0.002,0.0,0.0,0.0,0.0,0.0
2026_04_ARI_NYG,NYG,ARI,Isaiah Likely,00-0037838,TE,rush_yds,0.003,0.0,0.0,0.0,0.0,0.0
2026_04_ARI_NYG,NYG,ARI,Isaiah Likely,00-0037838,TE,tgt,5.901,2.0,4.0,6.0,8.0,10.0
2026_04_ARI_NYG,NYG,ARI,Isaiah Likely,00-0037838,TE,rec,4.019,1.0,2.0,4.0,5.0,7.0
2026_04_ARI_NYG,NYG,ARI,Isaiah Likely,00-0037838,TE,rec_yds,42.165,8.366,19.976,37.354,58.943,81.394
2026_04_ARI_NYG,NYG,ARI,Isaiah Likely,00-0037838,TE,anytime_td,0.283,0.0,0.0,0.0,1.0,1.0
2026_04_ARI_NYG,NYG,ARI,Isaiah Likely,00-0037838,TE,first_td,0.065,0.065,0.065,0.065,0.065,0.065
2026_04_ARI_NYG,NYG,ARI,Tyrone Tracy Jr.,00-0039384,RB,car,4.347,0.0,2.0,3.0,6.0,9.0
2026_04_ARI_NYG,NYG,ARI,Tyrone Tracy Jr.,00-0039384,RB,rush_yds,18.94,0.0,3.81,12.592,27.539,45.929
2026_04_ARI_NYG,NYG,ARI,Tyrone Tracy Jr.,00-0039384,RB,tgt,1.419,0.0,0.0,1.0,2.0,3.0
2026_04_ARI_NYG,NYG,ARI,Tyrone Tracy Jr.,00-0039384,RB,rec,1.093,0.0,0.0,1.0,2.0,3.0
2026_04_ARI_NYG,NYG,ARI,Tyrone Tracy Jr.,00-0039384,RB,rec_yds,8.707,0.0,0.0,3.103,12.858,25.879
2026_04_ARI_NYG,NYG,ARI,Tyrone Tracy Jr.,00-0039384,RB,anytime_td,0.174,0.0,0.0,0.0,0.0,1.0
2026_04_ARI_NYG,NYG,ARI,Tyrone Tracy Jr.,00-0039384,RB,first_td,0.038,0.038,0.038,0.038,0.038,0.038
2026_04_ARI_NYG,NYG,ARI,Malik Nabers,00-0039337,WR,car,0.025,0.0,0.0,0.0,0.0,0.0
2026_04_ARI_NYG,NYG,ARI,Malik Nabers,00-0039337,WR,rush_yds,0.13,0.0,0.0,0.0,0.0,0.0
2026_04_ARI_NYG,NYG,ARI,Malik Nabers,00-0039337,WR,tgt,6.369,3.0,4.0,6.0,8.0,11.0
2026_04_ARI_NYG,NYG,ARI,Malik Nabers,00-0039337,WR,rec,3.898,1.0,2.0,4.0,5.0,7.0
2026_04_ARI_NYG,NYG,ARI,Malik Nabers,00-0039337,WR,rec_yds,48.787,9.282,22.219,42.283,68.128,97.071
2026_04_ARI_NYG,NYG,ARI,Malik Nabers,00-0039337,WR,anytime_td,0.217,0.0,0.0,0.0,0.0,1.0
2026_04_ARI_NYG,NYG,ARI,Malik Nabers,00-0039337,WR,first_td,0.047,0.047,0.047,0.047,0.047,0.047
2026_04_ARI_NYG,NYG,ARI,Jameis Winston,00-0031503,QB,att,29.058,19.0,25.0,30.0,35.0,40.0
2026_04_ARI_NYG,NYG,ARI,Jameis Winston,00-0031503,QB,cmp,18.494,11.0,15.0,19.0,22.0,26.0
2026_04_ARI_NYG,NYG,ARI,Jameis Winston,00-0031503,QB,pass_yds,204.862,112.862,157.992,203.757,252.514,303.864
2026_04_ARI_NYG,NYG,ARI,Jameis Winston,00-0031503,QB,pass_td,1.217,0.0,0.0,1.0,2.0,3.0
2026_04_ARI_NYG,NYG,ARI,Jameis Winston,00-0031503,QB,ints,0.646,0.0,0.0,0.0,1.0,2.0
2026_04_ARI_NYG,NYG,ARI,Jameis Winston,00-0031503,QB,car,2.501,0.0,1.0,2.0,4.0,5.0
2026_04_ARI_NYG,NYG,ARI,Jameis Winston,00-0031503,QB,rush_yds,10.778,-1.0,0.0,6.264,16.51,29.051
2026_04_ARI_NYG,NYG,ARI,Jameis Winston,00-0031503,QB,tgt,0.001,0.0,0.0,0.0,0.0,0.0
2026_04_ARI_NYG,NYG,ARI,Jameis Winston,00-0031503,QB,rec,0.0,0.0,0.0,0.0,0.0,0.0
2026_04_ARI_NYG,NYG,ARI,Jameis Winston,00-0031503,QB,rec_yds,0.001,0.0,0.0,0.0,0.0,0.0
2026_04_ARI_NYG,NYG,ARI,Jameis Winston,00-0031503,QB,anytime_td,0.093,0.0,0.0,0.0,0.0,0.0
2026_04_ARI_NYG,NYG,ARI,Jameis Winston,00-0031503,QB,first_td,0.02,0.02,0.02,0.02,0.02,0.02
2026_04_ARI_NYG,ARI,NYG,Jacoby Brissett,00-0033119,QB,att,33.379,23.0,29.0,34.0,39.0,45.0
2026_04_ARI_NYG,ARI,NYG,Jacoby Brissett,00-0033119,QB,cmp,22.18,14.0,19.0,23.0,27.0,30.0
2026_04_ARI_NYG,ARI,NYG,Jacoby Brissett,00-0033119,QB,pass_yds,231.216,136.588,183.317,230.972,281.736,333.375
2026_04_ARI_NYG,ARI,NYG,Jacoby Brissett,00-0033119,QB,pass_td,1.655,0.0,1.0,2.0,2.0,3.0
2026_04_ARI_NYG,ARI,NYG,Jacoby Brissett,00-0033119,QB,ints,0.677,0.0,0.0,0.0,1.0,2.0
2026_04_ARI_NYG,ARI,NYG,Jacoby Brissett,00-0033119,QB,car,3.201,0.0,1.0,3.0,4.0,7.0
2026_04_ARI_NYG,ARI,NYG,Jacoby Brissett,00-0033119,QB,rush_yds,11.882,-1.0,0.0,7.704,18.333,31.586
2026_04_ARI_NYG,ARI,NYG,Jacoby Brissett,00-0033119,QB,tgt,0.0,0.0,0.0,0.0,0.0,0.0
2026_04_ARI_NYG,ARI,NYG,Jacoby Brissett,00-0033119,QB,rec,0.0,0.0,0.0,0.0,0.0,0.0
2026_04_ARI_NYG,ARI,NYG,Jacoby Brissett,00-0033119,QB,rec_yds,0.002,0.0,0.0,0.0,0.0,0.0
2026_04_ARI_NYG,ARI,NYG,Jacoby Brissett,00-0033119,QB,anytime_td,0.183,0.0,0.0,0.0,0.0,1.0
2026_04_ARI_NYG,ARI,NYG,Jacoby Brissett,00-0033119,QB,first_td,0.042,0.042,0.042,0.042,0.042,0.042
2026_04_ARI_NYG,ARI,NYG,Trey McBride,00-0037744,TE,car,0.003,0.0,0.0,0.0,0.0,0.0
2026_04_ARI_NYG,ARI,NYG,Trey McBride,00-0037744,TE,rush_yds,0.007,0.0,0.0,0.0,0.0,0.0
2026_04_ARI_NYG,ARI,NYG,Trey McBride,00-0037744,TE,tgt,8.837,4.0,6.0,8.0,11.0,14.0
2026_04_ARI_NYG,ARI,NYG,Trey McBride,00-0037744,TE,rec,6.553,3.0,4.0,6.0,8.0,11.0
2026_04_ARI_NYG,ARI,NYG,Trey McBride,00-0037744,TE,rec_yds,64.058,22.418,37.607,59.475,85.23,111.84
2026_04_ARI_NYG,ARI,NYG,Trey McBride,00-0037744,TE,anytime_td,0.434,0.0,0.0,0.0,1.0,1.0
2026_04_ARI_NYG,ARI,NYG,Trey McBride,00-0037744,TE,first_td,0.111,0.111,0.111,0.111,0.111,0.111
2026_04_ARI_NYG,ARI,NYG,Kendrick Bourne,00-0033307,WR,car,0.012,0.0,0.0,0.0,0.0,0.0
2026_04_ARI_NYG,ARI,NYG,Kendrick Bourne,00-0033307,WR,rush_yds,0.068,0.0,0.0,0.0,0.0,0.0
2026_04_ARI_NYG,ARI,NYG,Kendrick Bourne,00-0033307,WR,tgt,3.311,1.0,2.0,3.0,5.0,6.0
2026_04_ARI_NYG,ARI,NYG,Kendrick Bourne,00-0033307,WR,rec,2.215,0.0,1.0,2.0,3.0,5.0
2026_04_ARI_NYG,ARI,NYG,Kendrick Bourne,00-0033307,WR,rec_yds,27.294,0.0,7.055,20.62,39.993,63.464
2026_04_ARI_NYG,ARI,NYG,Kendrick Bourne,00-0033307,WR,anytime_td,0.058,0.0,0.0,0.0,0.0,0.0
2026_04_ARI_NYG,ARI,NYG,Kendrick Bourne,00-0033307,WR,first_td,0.012,0.012,0.012,0.012,0.012,0.012
2026_04_ARI_NYG,ARI,NYG,Jeremiyah Love,00-0041027,RB,car,11.546,5.0,7.0,11.0,15.0,19.0
2026_04_ARI_NYG,ARI,NYG,Jeremiyah Love,00-0041027,RB,rush_yds,50.614,14.354,26.015,44.371,67.71,94.603
2026_04_ARI_NYG,ARI,NYG,Jeremiyah Love,00-0041027,RB,tgt,3.558,1.0,2.0,3.0,5.0,7.0
2026_04_ARI_NYG,ARI,NYG,Jeremiyah Love,00-0041027,RB,rec,2.825,0.0,1.0,2.0,4.0,6.0
2026_04_ARI_NYG,ARI,NYG,Jeremiyah Love,00-0041027,RB,rec_yds,19.634,0.0,5.649,14.888,28.831,45.012
2026_04_ARI_NYG,ARI,NYG,Jeremiyah Love,00-0041027,RB,anytime_td,0.459,0.0,0.0,0.0,1.0,1.0
2026_04_ARI_NYG,ARI,NYG,Jeremiyah Love,00-0041027,RB,first_td,0.124,0.124,0.124,0.124,0.124,0.124
2026_04_ARI_NYG,ARI,NYG,Tyler Allgeier,00-0037263,RB,car,5.602,1.0,3.0,5.0,8.0,11.0
2026_04_ARI_NYG,ARI,NYG,Tyler Allgeier,00-0037263,RB,rush_yds,23.285,1.729,7.433,17.397,32.963,52.149
2026_04_ARI_NYG,ARI,NYG,Tyler Allgeier,00-0037263,RB,tgt,1.894,0.0,1.0,2.0,3.0,4.0
2026_04_ARI_NYG,ARI,NYG,Tyler Allgeier,00-0037263,RB,rec,1.535,0.0,0.0,1.0,2.0,4.0
2026_04_ARI_NYG,ARI,NYG,Tyler Allgeier,00-0037263,RB,rec_yds,10.492,0.0,0.0,6.041,15.708,28.191
2026_04_ARI_NYG,ARI,NYG,Tyler Allgeier,00-0037263,RB,anytime_td,0.165,0.0,0.0,0.0,0.0,1.0
2026_04_ARI_NYG,ARI,NYG,Tyler Allgeier,00-0037263,RB,first_td,0.037,0.037,0.037,0.037,0.037,0.037
2026_04_ARI_NYG,ARI,NYG,Marvin Harrison Jr.,00-0039849,WR,car,0.008,0.0,0.0,0.0,0.0,0.0
2026_04_ARI_NYG,ARI,NYG,Marvin Harrison Jr.,00-0039849,WR,rush_yds,0.038,0.0,0.0,0.0,0.0,0.0
2026_04_ARI_NYG,ARI,NYG,Marvin Harrison Jr.,00-0039849,WR,tgt,3.705,1.0,2.0,3.0,5.0,7.0
2026_04_ARI_NYG,ARI,NYG,Marvin Harrison Jr.,00-0039849,WR,rec,2.196,0.0,1.0,2.0,3.0,5.0
2026_04_ARI_NYG,ARI,NYG,Marvin Harrison Jr.,00-0039849,WR,rec_yds,30.36,0.0,7.9,22.574,44.51,71.324
2026_04_ARI_NYG,ARI,NYG,Marvin Harrison Jr.,00-0039849,WR,anytime_td,0.152,0.0,0.0,0.0,0.0,1.0
2026_04_ARI_NYG,ARI,NYG,Marvin Harrison Jr.,00-0039849,WR,first_td,0.033,0.033,0.033,0.033,0.033,0.033
2026_04_ARI_NYG,ARI,NYG,Hunter Long,00-0037004,TE,car,0.002,0.0,0.0,0.0,0.0,0.0
2026_04_ARI_NYG,ARI,NYG,Hunter Long,00-0037004,TE,rush_yds,0.003,0.0,0.0,0.0,0.0,0.0
2026_04_ARI_NYG,ARI,NYG,Hunter Long,00-0037004,TE,tgt,0.745,0.0,0.0,0.0,1.0,2.0
2026_04_ARI_NYG,ARI,NYG,Hunter Long,00-0037004,TE,rec,0.534,0.0,0.0,0.0,1.0,2.0
2026_04_ARI_NYG,ARI,NYG,Hunter Long,00-0037004,TE,rec_yds,5.602,0.0,0.0,0.0,7.406,19.458
2026_04_ARI_NYG,ARI,NYG,Hunter Long,00-0037004,TE,anytime_td,0.04,0.0,0.0,0.0,0.0,0.0
2026_04_ARI_NYG,ARI,NYG,Hunter Long,00-0037004,TE,first_td,0.008,0.008,0.008,0.008,0.008,0.008
2026_04_ARI_NYG,ARI,NYG,Michael Wilson,00-0038559,WR,car,0.01,0.0,0.0,0.0,0.0,0.0
2026_04_ARI_NYG,ARI,NYG,Michael Wilson,00-0038559,WR,rush_yds,0.046,0.0,0.0,0.0,0.0,0.0
2026_04_ARI_NYG,ARI,NYG,Michael Wilson,00-0038559,WR,tgt,8.179,4.0,6.0,8.0,10.0,13.0
2026_04_ARI_NYG,ARI,NYG,Michael Wilson,00-0038559,WR,rec,5.012,2.0,3.0,5.0,7.0,9.0
2026_04_ARI_NYG,ARI,NYG,Michael Wilson,00-0038559,WR,rec_yds,61.41,16.537,32.618,55.241,83.554,114.535
2026_04_ARI_NYG,ARI,NYG,Michael Wilson,00-0038559,WR,anytime_td,0.361,0.0,0.0,0.0,1.0,1.0
2026_04_ARI_NYG,ARI,NYG,Michael Wilson,00-0038559,WR,first_td,0.09,0.09,0.09,0.09,0.09,0.09
2026_04_ARI_NYG,ARI,NYG,Elijah Higgins,00-0039041,TE,car,0.002,0.0,0.0,0.0,0.0,0.0
2026_04_ARI_NYG,ARI,NYG,Elijah Higgins,00-0039041,TE,rush_yds,0.005,0.0,0.0,0.0,0.0,0.0
2026_04_ARI_NYG,ARI,NYG,Elijah Higgins,00-0039041,TE,tgt,1.486,0.0,0.0,1.0,2.0,4.0
2026_04_ARI_NYG,ARI,NYG,Elijah Higgins,00-0039041,TE,rec,1.103,0.0,0.0,1.0,2.0,3.0
2026_04_ARI_NYG,ARI,NYG,Elijah Higgins,00-0039041,TE,rec_yds,11.592,0.0,0.0,5.532,17.507,32.92
2026_04_ARI_NYG,ARI,NYG,Elijah Higgins,00-0039041,TE,anytime_td,0.032,0.0,0.0,0.0,0.0,0.0
2026_04_ARI_NYG,ARI,NYG,Elijah Higgins,00-0039041,TE,first_td,0.006,0.006,0.006,0.006,0.006,0.006
2026_04_ARI_NYG,ARI,NYG,Bam Knight,00-0037157,RB,car,3.791,0.0,1.0,3.0,5.0,8.0
2026_04_ARI_NYG,ARI,NYG,Bam Knight,00-0037157,RB,rush_yds,17.068,0.0,2.937,10.991,24.311,43.272
2026_04_ARI_NYG,ARI,NYG,Bam Knight,00-0037157,RB,tgt,1.358,0.0,0.0,1.0,2.0,3.0
2026_04_ARI_NYG,ARI,NYG,Bam Knight,00-0037157,RB,rec,1.049,0.0,0.0,1.0,2.0,3.0
2026_04_ARI_NYG,ARI,NYG,Bam Knight,00-0037157,RB,rec_yds,8.022,0.0,0.0,2.048,11.479,23.914
2026_04_ARI_NYG,ARI,NYG,Bam Knight,00-0037157,RB,anytime_td,0.188,0.0,0.0,0.0,0.0,1.0
2026_04_ARI_NYG,ARI,NYG,Bam Knight,00-0037157,RB,first_td,0.043,0.043,0.043,0.043,0.043,0.043
2026_04_ARI_NYG,ARI,NYG,Jalen Brooks,00-0038640,WR,car,0.01,0.0,0.0,0.0,0.0,0.0
2026_04_ARI_NYG,ARI,NYG,Jalen Brooks,00-0038640,WR,rush_yds,0.05,0.0,0.0,0.0,0.0,0.0
2026_04_ARI_NYG,ARI,NYG,Jalen Brooks,00-0038640,WR,tgt,0.664,0.0,0.0,0.0,1.0,2.0
2026_04_ARI_NYG,ARI,NYG,Jalen Brooks,00-0038640,WR,rec,0.405,0.0,0.0,0.0,1.0,1.0
2026_04_ARI_NYG,ARI,NYG,Jalen Brooks,00-0038640,WR,rec_yds,5.378,0.0,0.0,0.0,5.231,19.333
2026_04_ARI_NYG,ARI,NYG,Jalen Brooks,00-0038640,WR,anytime_td,0.015,0.0,0.0,0.0,0.0,0.0
2026_04_ARI_NYG,ARI,NYG,Jalen Brooks,00-0038640,WR,first_td,0.003,0.003,0.003,0.003,0.003,0.003
2026_04_DAL_HOU,HOU,DAL,Nico Collins,00-0036554,WR,car,0.293,0.0,0.0,0.0,0.0,1.0
2026_04_DAL_HOU,HOU,DAL,Nico Collins,00-0036554,WR,rush_yds,1.786,0.0,0.0,0.0,0.0,3.644
2026_04_DAL_HOU,HOU,DAL,Nico Collins,00-0036554,WR,tgt,6.909,3.0,5.0,7.0,9.0,11.0
2026_04_DAL_HOU,HOU,DAL,Nico Collins,00-0036554,WR,rec,4.528,2.0,3.0,4.0,6.0,8.0
2026_04_DAL_HOU,HOU,DAL,Nico Collins,00-0036554,WR,rec_yds,59.643,14.046,29.23,52.76,82.493,114.269
2026_04_DAL_HOU,HOU,DAL,Nico Collins,00-0036554,WR,anytime_td,0.381,0.0,0.0,0.0,1.0,1.0
2026_04_DAL_HOU,HOU,DAL,Nico Collins,00-0036554,WR,first_td,0.087,0.087,0.087,0.087,0.087,0.087
2026_04_DAL_HOU,HOU,DAL,Cade Stover,00-0039359,TE,car,0.239,0.0,0.0,0.0,0.0,1.0
2026_04_DAL_HOU,HOU,DAL,Cade Stover,00-0039359,TE,rush_yds,0.652,0.0,0.0,0.0,0.0,0.0
2026_04_DAL_HOU,HOU,DAL,Cade Stover,00-0039359,TE,tgt,0.834,0.0,0.0,0.0,1.0,2.0
2026_04_DAL_HOU,HOU,DAL,Cade Stover,00-0039359,TE,rec,0.623,0.0,0.0,0.0,1.0,2.0
2026_04_DAL_HOU,HOU,DAL,Cade Stover,00-0039359,TE,rec_yds,5.938,0.0,0.0,0.0,8.161,19.96
2026_04_DAL_HOU,HOU,DAL,Cade Stover,00-0039359,TE,anytime_td,0.028,0.0,0.0,0.0,0.0,0.0
2026_04_DAL_HOU,HOU,DAL,Cade Stover,00-0039359,TE,first_td,0.005,0.005,0.005,0.005,0.005,0.005
2026_04_DAL_HOU,HOU,DAL,David Montgomery,00-0035685,RB,car,10.968,4.0,7.0,10.0,14.0,18.0
2026_04_DAL_HOU,HOU,DAL,David Montgomery,00-0035685,RB,rush_yds,46.274,11.898,22.919,40.009,62.581,89.111
2026_04_DAL_HOU,HOU,DAL,David Montgomery,00-0035685,RB,tgt,1.624,0.0,0.0,1.0,2.0,4.0
2026_04_DAL_HOU,HOU,DAL,David Montgomery,00-0035685,RB,rec,1.373,0.0,0.0,1.0,2.0,3.0
2026_04_DAL_HOU,HOU,DAL,David Montgomery,00-0035685,RB,rec_yds,10.172,0.0,0.0,5.269,15.132,28.847
2026_04_DAL_HOU,HOU,DAL,David Montgomery,00-0035685,RB,anytime_td,0.457,0.0,0.0,0.0,1.0,1.0
2026_04_DAL_HOU,HOU,DAL,David Montgomery,00-0035685,RB,first_td,0.111,0.111,0.111,0.111,0.111,0.111
2026_04_DAL_HOU,HOU,DAL,Jared Wayne,00-0038728,WR,car,0.015,0.0,0.0,0.0,0.0,0.0
2026_04_DAL_HOU,HOU,DAL,Jared Wayne,00-0038728,WR,rush_yds,0.085,0.0,0.0,0.0,0.0,0.0
2026_04_DAL_HOU,HOU,DAL,Jared Wayne,00-0038728,WR,tgt,2.848,0.0,1.0,2.0,4.0,6.0
2026_04_DAL_HOU,HOU,DAL,Jared Wayne,00-0038728,WR,rec,1.7,0.0,1.0,1.0,3.0,4.0
2026_04_DAL_HOU,HOU,DAL,Jared Wayne,00-0038728,WR,rec_yds,22.177,0.0,1.928,15.147,33.117,55.388
2026_04_DAL_HOU,HOU,DAL,Jared Wayne,00-0038728,WR,anytime_td,0.091,0.0,0.0,0.0,0.0,0.0
2026_04_DAL_HOU,HOU,DAL,Jared Wayne,00-0038728,WR,first_td,0.017,0.017,0.017,0.017,0.017,0.017
2026_04_DAL_HOU,HOU,DAL,Dalton Schultz,00-0034383,TE,car,0.004,0.0,0.0,0.0,0.0,0.0
2026_04_DAL_HOU,HOU,DAL,Dalton Schultz,00-0034383,TE,rush_yds,0.008,0.0,0.0,0.0,0.0,0.0
2026_04_DAL_HOU,HOU,DAL,Dalton Schultz,00-0034383,TE,tgt,5.463,2.0,3.0,5.0,7.0,9.0
2026_04_DAL_HOU,HOU,DAL,Dalton Schultz,00-0034383,TE,rec,4.258,1.0,2.0,4.0,6.0,8.0
2026_04_DAL_HOU,HOU,DAL,Dalton Schultz,00-0034383,TE,rec_yds,44.611,9.681,21.287,39.405,62.157,87.195
2026_04_DAL_HOU,HOU,DAL,Dalton Schultz,00-0034383,TE,anytime_td,0.2,0.0,0.0,0.0,0.0,1.0
2026_04_DAL_HOU,HOU,DAL,Dalton Schultz,00-0034383,TE,first_td,0.041,0.041,0.041,0.041,0.041,0.041
2026_04_DAL_HOU,HOU,DAL,Jaylin Noel,00-0040138,WR,car,0.534,0.0,0.0,0.0,0.0,2.0
2026_04_DAL_HOU,HOU,DAL,Jaylin Noel,00-0040138,WR,rush_yds,3.261,0.0,0.0,0.0,0.0,10.77
2026_04_DAL_HOU,HOU,DAL,Jaylin Noel,00-0040138,WR,tgt,2.033,0.0,1.0,2.0,3.0,4.0
2026_04_DAL_HOU,HOU,DAL,Jaylin Noel,00-0040138,WR,rec,1.32,0.0,0.0,1.0,2.0,3.0
2026_04_DAL_HOU,HOU,DAL,Jaylin Noel,00-0040138,WR,rec_yds,17.754,0.0,0.0,10.217,26.81,48.18
2026_04_DAL_HOU,HOU,DAL,Jaylin Noel,00-0040138,WR,anytime_td,0.101,0.0,0.0,0.0,0.0,1.0
2026_04_DAL_HOU,HOU,DAL,Jaylin Noel,00-0040138,WR,first_td,0.02,0.02,0.02,0.02,0.02,0.02
2026_04_DAL_HOU,HOU,DAL,Dare Ogunbowale,00-0033854,RB,car,1.128,0.0,0.0,0.0,2.0,3.0
2026_04_DAL_HOU,HOU,DAL,Dare Ogunbowale,00-0033854,RB,rush_yds,5.078,0.0,0.0,0.0,5.585,16.263
2026_04_DAL_HOU,HOU,DAL,Dare Ogunbowale,00-0033854,RB,tgt,0.922,0.0,0.0,1.0,1.0,3.0
2026_04_DAL_HOU,HOU,DAL,Dare Ogunbowale,00-0033854,RB,rec,0.744,0.0,0.0,0.0,1.0,2.0
2026_04_DAL_HOU,HOU,DAL,Dare Ogunbowale,00-0033854,RB,rec_yds,5.49,0.0,0.0,0.0,7.738,17.922
2026_04_DAL_HOU,HOU,DAL,Dare Ogunbowale,00-0033854,RB,anytime_td,0.103,0.0,0.0,0.0,0.0,1.0
2026_04_DAL_HOU,HOU,DAL,Dare Ogunbowale,00-0033854,RB,first_td,0.021,0.021,0.021,0.021,0.021,0.021
2026_04_DAL_HOU,HOU,DAL,Woody Marks,00-0040583,RB,car,10.057,4.0,6.0,9.0,13.0,17.0
2026_04_DAL_HOU,HOU,DAL,Woody Marks,00-0040583,RB,rush_yds,42.902,9.895,20.215,36.292,58.676,84.334
2026_04_DAL_HOU,HOU,DAL,Woody Marks,00-0040583,RB,tgt,1.974,0.0,1.0,2.0,3.0,4.0
2026_04_DAL_HOU,HOU,DAL,Woody Marks,00-0040583,RB,rec,1.615,0.0,0.0,1.0,2.0,4.0
2026_04_DAL_HOU,HOU,DAL,Woody Marks,00-0040583,RB,rec_yds,11.046,0.0,0.0,6.653,16.537,29.285
2026_04_DAL_HOU,HOU,DAL,Woody Marks,00-0040583,RB,anytime_td,0.372,0.0,0.0,0.0,1.0,1.0
2026_04_DAL_HOU,HOU,DAL,Woody Marks,00-0040583,RB,first_td,0.085,0.085,0.085,0.085,0.085,0.085
2026_04_DAL_HOU,HOU,DAL,Foster Moreau,00-0034981,TE,car,0.001,0.0,0.0,0.0,0.0,0.0
2026_04_DAL_HOU,HOU,DAL,Foster Moreau,00-0034981,TE,rush_yds,0.003,0.0,0.0,0.0,0.0,0.0
2026_04_DAL_HOU,HOU,DAL,Foster Moreau,00-0034981,TE,tgt,1.823,0.0,1.0,1.0,3.0,4.0
2026_04_DAL_HOU,HOU,DAL,Foster Moreau,00-0034981,TE,rec,1.362,0.0,0.0,1.0,2.0,3.0
2026_04_DAL_HOU,HOU,DAL,Foster Moreau,00-0034981,TE,rec_yds,13.813,0.0,0.0,8.359,21.034,36.731
2026_04_DAL_HOU,HOU,DAL,Foster Moreau,00-0034981,TE,anytime_td,0.231,0.0,0.0,0.0,0.0,1.0
2026_04_DAL_HOU,HOU,DAL,Foster Moreau,00-0034981,TE,first_td,0.051,0.051,0.051,0.051,0.051,0.051
2026_04_DAL_HOU,HOU,DAL,Kayshon Boutte,00-0038608,WR,car,0.012,0.0,0.0,0.0,0.0,0.0
2026_04_DAL_HOU,HOU,DAL,Kayshon Boutte,00-0038608,WR,rush_yds,0.078,0.0,0.0,0.0,0.0,0.0
2026_04_DAL_HOU,HOU,DAL,Kayshon Boutte,00-0038608,WR,tgt,2.844,0.0,1.0,2.0,4.0,6.0
2026_04_DAL_HOU,HOU,DAL,Kayshon Boutte,00-0038608,WR,rec,1.86,0.0,1.0,2.0,3.0,4.0
2026_04_DAL_HOU,HOU,DAL,Kayshon Boutte,00-0038608,WR,rec_yds,24.065,0.0,3.878,16.88,36.174,58.373
2026_04_DAL_HOU,HOU,DAL,Kayshon Boutte,00-0038608,WR,anytime_td,0.148,0.0,0.0,0.0,0.0,1.0
2026_04_DAL_HOU,HOU,DAL,Kayshon Boutte,00-0038608,WR,first_td,0.03,0.03,0.03,0.03,0.03,0.03
2026_04_DAL_HOU,HOU,DAL,C.J. Stroud,00-0039163,QB,att,32.09,22.0,27.0,33.0,38.0,43.0
2026_04_DAL_HOU,HOU,DAL,C.J. Stroud,00-0039163,QB,cmp,21.241,14.0,18.0,22.0,25.0,29.0
2026_04_DAL_HOU,HOU,DAL,C.J. Stroud,00-0039163,QB,pass_yds,240.091,142.599,189.325,240.257,294.169,345.132
2026_04_DAL_HOU,HOU,DAL,C.J. Stroud,00-0039163,QB,pass_td,1.745,0.0,1.0,2.0,2.0,3.0
2026_04_DAL_HOU,HOU,DAL,C.J. Stroud,00-0039163,QB,ints,0.573,0.0,0.0,0.0,1.0,2.0
2026_04_DAL_HOU,HOU,DAL,C.J. Stroud,00-0039163,QB,car,3.079,1.0,1.0,3.0,4.0,6.0
2026_04_DAL_HOU,HOU,DAL,C.J. Stroud,00-0039163,QB,rush_yds,13.714,-1.0,1.088,9.294,21.053,35.0
2026_04_DAL_HOU,HOU,DAL,C.J. Stroud,00-0039163,QB,tgt,0.001,0.0,0.0,0.0,0.0,0.0
2026_04_DAL_HOU,HOU,DAL,C.J. Stroud,00-0039163,QB,rec,0.001,0.0,0.0,0.0,0.0,0.0
2026_04_DAL_HOU,HOU,DAL,C.J. Stroud,00-0039163,QB,rec_yds,0.008,0.0,0.0,0.0,0.0,0.0
2026_04_DAL_HOU,HOU,DAL,C.J. Stroud,00-0039163,QB,anytime_td,0.081,0.0,0.0,0.0,0.0,0.0
2026_04_DAL_HOU,HOU,DAL,C.J. Stroud,00-0039163,QB,first_td,0.016,0.016,0.016,0.016,0.016,0.016
2026_04_DAL_HOU,HOU,DAL,Xavier Hutchinson,00-0038618,WR,car,0.471,0.0,0.0,0.0,0.0,2.0
2026_04_DAL_HOU,HOU,DAL,Xavier Hutchinson,00-0038618,WR,rush_yds,2.739,0.0,0.0,0.0,0.0,8.829
2026_04_DAL_HOU,HOU,DAL,Xavier Hutchinson,00-0038618,WR,tgt,5.009,2.0,3.0,5.0,7.0,9.0
2026_04_DAL_HOU,HOU,DAL,Xavier Hutchinson,00-0038618,WR,rec,2.902,1.0,1.0,3.0,4.0,6.0
2026_04_DAL_HOU,HOU,DAL,Xavier Hutchinson,00-0038618,WR,rec_yds,37.451,1.986,13.32,30.557,54.451,80.61
2026_04_DAL_HOU,HOU,DAL,Xavier Hutchinson,00-0038618,WR,anytime_td,0.144,0.0,0.0,0.0,0.0,1.0
2026_04_DAL_HOU,HOU,DAL,Xavier Hutchinson,00-0038618,WR,first_td,0.028,0.028,0.028,0.028,0.028,0.028
2026_04_DAL_HOU,DAL,HOU,George Pickens,00-0037247,WR,car,0.012,0.0,0.0,0.0,0.0,0.0
2026_04_DAL_HOU,DAL,HOU,George Pickens,00-0037247,WR,rush_yds,0.055,0.0,0.0,0.0,0.0,0.0
2026_04_DAL_HOU,DAL,HOU,George Pickens,00-0037247,WR,tgt,7.539,3.0,5.0,7.0,10.0,12.0
2026_04_DAL_HOU,DAL,HOU,George Pickens,00-0037247,WR,rec,4.818,2.0,3.0,5.0,6.0,8.0
2026_04_DAL_HOU,DAL,HOU,George Pickens,00-0037247,WR,rec_yds,58.479,15.087,29.875,52.328,80.242,109.486
2026_04_DAL_HOU,DAL,HOU,George Pickens,00-0037247,WR,anytime_td,0.203,0.0,0.0,0.0,0.0,1.0
2026_04_DAL_HOU,DAL,HOU,George Pickens,00-0037247,WR,first_td,0.041,0.041,0.041,0.041,0.041,0.041
2026_04_DAL_HOU,DAL,HOU,Tyler Goodson,00-0037120,RB,car,2.731,0.0,1.0,2.0,4.0,7.0
2026_04_DAL_HOU,DAL,HOU,Tyler Goodson,00-0037120,RB,rush_yds,10.694,0.0,0.0,5.451,15.182,29.149
2026_04_DAL_HOU,DAL,HOU,Tyler Goodson,00-0037120,RB,tgt,0.596,0.0,0.0,0.0,1.0,2.0
2026_04_DAL_HOU,DAL,HOU,Tyler Goodson,00-0037120,RB,rec,0.469,0.0,0.0,0.0,1.0,2.0
2026_04_DAL_HOU,DAL,HOU,Tyler Goodson,00-0037120,RB,rec_yds,3.224,0.0,0.0,0.0,2.925,11.517
2026_04_DAL_HOU,DAL,HOU,Tyler Goodson,00-0037120,RB,anytime_td,0.066,0.0,0.0,0.0,0.0,0.0
2026_04_DAL_HOU,DAL,HOU,Tyler Goodson,00-0037120,RB,first_td,0.013,0.013,0.013,0.013,0.013,0.013
2026_04_DAL_HOU,DAL,HOU,KaVontae Turpin,00-0037801,WR,car,0.732,0.0,0.0,0.0,1.0,2.0
2026_04_DAL_HOU,DAL,HOU,KaVontae Turpin,00-0037801,WR,rush_yds,3.753,0.0,0.0,0.0,1.969,13.451
2026_04_DAL_HOU,DAL,HOU,KaVontae Turpin,00-0037801,WR,tgt,1.552,0.0,0.0,1.0,2.0,4.0
2026_04_DAL_HOU,DAL,HOU,KaVontae Turpin,00-0037801,WR,rec,0.97,0.0,0.0,1.0,2.0,2.0
2026_04_DAL_HOU,DAL,HOU,KaVontae Turpin,00-0037801,WR,rec_yds,12.327,0.0,0.0,5.069,18.529,36.026
2026_04_DAL_HOU,DAL,HOU,KaVontae Turpin,00-0037801,WR,anytime_td,0.125,0.0,0.0,0.0,0.0,1.0
2026_04_DAL_HOU,DAL,HOU,KaVontae Turpin,00-0037801,WR,first_td,0.026,0.026,0.026,0.026,0.026,0.026
2026_04_DAL_HOU,DAL,HOU,Javonte Williams,00-0036997,RB,car,13.075,6.0,9.0,13.0,17.0,21.0
2026_04_DAL_HOU,DAL,HOU,Javonte Williams,00-0036997,RB,rush_yds,51.723,16.044,27.906,45.365,69.325,95.333
2026_04_DAL_HOU,DAL,HOU,Javonte Williams,00-0036997,RB,tgt,3.059,1.0,1.0,3.0,4.0,6.0
2026_04_DAL_HOU,DAL,HOU,Javonte Williams,00-0036997,RB,rec,2.337,0.0,1.0,2.0,3.0,5.0
2026_04_DAL_HOU,DAL,HOU,Javonte Williams,00-0036997,RB,rec_yds,15.675,0.0,3.29,11.211,23.004,37.74
2026_04_DAL_HOU,DAL,HOU,Javonte Williams,00-0036997,RB,anytime_td,0.509,0.0,0.0,1.0,1.0,1.0
2026_04_DAL_HOU,DAL,HOU,Javonte Williams,00-0036997,RB,first_td,0.126,0.126,0.126,0.126,0.126,0.126
2026_04_DAL_HOU,DAL,HOU,Luke Schoonmaker,00-0038547,TE,car,0.004,0.0,0.0,0.0,0.0,0.0
2026_04_DAL_HOU,DAL,HOU,Luke Schoonmaker,00-0038547,TE,rush_yds,0.008,0.0,0.0,0.0,0.0,0.0
2026_04_DAL_HOU,DAL,HOU,Luke Schoonmaker,00-0038547,TE,tgt,0.935,0.0,0.0,1.0,1.0,3.0
2026_04_DAL_HOU,DAL,HOU,Luke Schoonmaker,00-0038547,TE,rec,0.666,0.0,0.0,0.0,1.0,2.0
2026_04_DAL_HOU,DAL,HOU,Luke Schoonmaker,00-0038547,TE,rec_yds,6.777,0.0,0.0,0.0,9.702,22.012
2026_04_DAL_HOU,DAL,HOU,Luke Schoonmaker,00-0038547,TE,anytime_td,0.01,0.0,0.0,0.0,0.0,0.0
2026_04_DAL_HOU,DAL,HOU,Luke Schoonmaker,00-0038547,TE,first_td,0.002,0.002,0.002,0.002,0.002,0.002
2026_04_DAL_HOU,DAL,HOU,Emari Demercado,00-0038705,RB,car,3.561,0.0,1.0,3.0,5.0,8.0
2026_04_DAL_HOU,DAL,HOU,Emari Demercado,00-0038705,RB,rush_yds,14.396,0.0,1.874,8.963,20.301,36.792
2026_04_DAL_HOU,DAL,HOU,Emari Demercado,00-0038705,RB,tgt,0.802,0.0,0.0,0.0,1.0,2.0
2026_04_DAL_HOU,DAL,HOU,Emari Demercado,00-0038705,RB,rec,0.612,0.0,0.0,0.0,1.0,2.0
2026_04_DAL_HOU,DAL,HOU,Emari Demercado,00-0038705,RB,rec_yds,4.458,0.0,0.0,0.0,5.875,15.058
2026_04_DAL_HOU,DAL,HOU,Emari Demercado,00-0038705,RB,anytime_td,0.115,0.0,0.0,0.0,0.0,1.0
2026_04_DAL_HOU,DAL,HOU,Emari Demercado,00-0038705,RB,first_td,0.023,0.023,0.023,0.023,0.023,0.023
2026_04_DAL_HOU,DAL,HOU,Dak Prescott,00-0033077,QB,att,32.418,22.0,28.0,33.0,38.0,43.0
2026_04_DAL_HOU,DAL,HOU,Dak Prescott,00-0033077,QB,cmp,21.059,13.0,17.0,21.0,25.0,29.0
2026_04_DAL_HOU,DAL,HOU,Dak Prescott,00-0033077,QB,pass_yds,233.299,136.596,182.976,231.19,286.327,337.187
2026_04_DAL_HOU,DAL,HOU,Dak Prescott,00-0033077,QB,pass_td,1.51,0.0,1.0,1.0,2.0,3.0
2026_04_DAL_HOU,DAL,HOU,Dak Prescott,00-0033077,QB,ints,0.714,0.0,0.0,0.0,1.0,2.0
2026_04_DAL_HOU,DAL,HOU,Dak Prescott,00-0033077,QB,car,3.244,1.0,2.0,3.0,4.0,6.0
2026_04_DAL_HOU,DAL,HOU,Dak Prescott,00-0033077,QB,rush_yds,16.375,0.0,4.63,12.399,24.241,37.197
2026_04_DAL_HOU,DAL,HOU,Dak Prescott,00-0033077,QB,tgt,0.0,0.0,0.0,0.0,0.0,0.0
2026_04_DAL_HOU,DAL,HOU,Dak Prescott,00-0033077,QB,rec,0.0,0.0,0.0,0.0,0.0,0.0
2026_04_DAL_HOU,DAL,HOU,Dak Prescott,00-0033077,QB,rec_yds,0.003,0.0,0.0,0.0,0.0,0.0
2026_04_DAL_HOU,DAL,HOU,Dak Prescott,00-0033077,QB,anytime_td,0.059,0.0,0.0,0.0,0.0,0.0
2026_04_DAL_HOU,DAL,HOU,Dak Prescott,00-0033077,QB,first_td,0.011,0.011,0.011,0.011,0.011,0.011
2026_04_DAL_HOU,DAL,HOU,Hunter Luepke,00-0038738,RB,car,1.203,0.0,0.0,0.0,2.0,4.0
2026_04_DAL_HOU,DAL,HOU,Hunter Luepke,00-0038738,RB,rush_yds,4.817,0.0,0.0,0.0,5.585,15.448
2026_04_DAL_HOU,DAL,HOU,Hunter Luepke,00-0038738,RB,tgt,0.469,0.0,0.0,0.0,1.0,2.0
2026_04_DAL_HOU,DAL,HOU,Hunter Luepke,00-0038738,RB,rec,0.369,0.0,0.0,0.0,1.0,1.0
2026_04_DAL_HOU,DAL,HOU,Hunter Luepke,00-0038738,RB,rec_yds,2.703,0.0,0.0,0.0,0.0,10.246
2026_04_DAL_HOU,DAL,HOU,Hunter Luepke,00-0038738,RB,anytime_td,0.036,0.0,0.0,0.0,0.0,0.0
2026_04_DAL_HOU,DAL,HOU,Hunter Luepke,00-0038738,RB,first_td,0.007,0.007,0.007,0.007,0.007,0.007
2026_04_DAL_HOU,DAL,HOU,CeeDee Lamb,00-0036358,WR,car,0.181,0.0,0.0,0.0,0.0,0.0
2026_04_DAL_HOU,DAL,HOU,CeeDee Lamb,00-0036358,WR,rush_yds,0.905,0.0,0.0,0.0,0.0,0.0
2026_04_DAL_HOU,DAL,HOU,CeeDee Lamb,00-0036358,WR,tgt,7.422,3.0,5.0,7.0,10.0,12.0
2026_04_DAL_HOU,DAL,HOU,CeeDee Lamb,00-0036358,WR,rec,5.075,2.0,3.0,5.0,7.0,9.0
2026_04_DAL_HOU,DAL,HOU,CeeDee Lamb,00-0036358,WR,rec_yds,69.364,19.368,36.882,61.99,94.583,128.517
2026_04_DAL_HOU,DAL,HOU,CeeDee Lamb,00-0036358,WR,anytime_td,0.353,0.0,0.0,0.0,1.0,1.0
2026_04_DAL_HOU,DAL,HOU,CeeDee Lamb,00-0036358,WR,first_td,0.078,0.078,0.078,0.078,0.078,0.078
2026_04_DAL_HOU,DAL,HOU,Jake Ferguson,00-0038041,TE,car,0.019,0.0,0.0,0.0,0.0,0.0
2026_04_DAL_HOU,DAL,HOU,Jake Ferguson,00-0038041,TE,rush_yds,0.039,0.0,0.0,0.0,0.0,0.0
2026_04_DAL_HOU,DAL,HOU,Jake Ferguson,00-0038041,TE,tgt,3.913,1.0,2.0,4.0,5.0,7.0
2026_04_DAL_HOU,DAL,HOU,Jake Ferguson,00-0038041,TE,rec,2.865,1.0,1.0,3.0,4.0,6.0
2026_04_DAL_HOU,DAL,HOU,Jake Ferguson,00-0038041,TE,rec_yds,27.072,0.892,9.771,22.019,39.131,58.359
2026_04_DAL_HOU,DAL,HOU,Jake Ferguson,00-0038041,TE,anytime_td,0.348,0.0,0.0,0.0,1.0,1.0
2026_04_DAL_HOU,DAL,HOU,Jake Ferguson,00-0038041,TE,first_td,0.078,0.078,0.078,0.078,0.078,0.078
2026_04_DAL_HOU,DAL,HOU,Brevyn Spann-Ford,00-0039530,TE,car,0.002,0.0,0.0,0.0,0.0,0.0
2026_04_DAL_HOU,DAL,HOU,Brevyn Spann-Ford,00-0039530,TE,rush_yds,0.005,0.0,0.0,0.0,0.0,0.0
2026_04_DAL_HOU,DAL,HOU,Brevyn Spann-Ford,00-0039530,TE,tgt,1.019,0.0,0.0,1.0,2.0,3.0
2026_04_DAL_HOU,DAL,HOU,Brevyn Spann-Ford,00-0039530,TE,rec,0.739,0.0,0.0,0.0,1.0,2.0
2026_04_DAL_HOU,DAL,HOU,Brevyn Spann-Ford,00-0039530,TE,rec_yds,7.625,0.0,0.0,0.0,10.83,24.912
2026_04_DAL_HOU,DAL,HOU,Brevyn Spann-Ford,00-0039530,TE,anytime_td,0.03,0.0,0.0,0.0,0.0,0.0
2026_04_DAL_HOU,DAL,HOU,Brevyn Spann-Ford,00-0039530,TE,first_td,0.006,0.006,0.006,0.006,0.006,0.006
2026_04_DAL_HOU,DAL,HOU,Ryan Flournoy,00-0039410,WR,car,0.054,0.0,0.0,0.0,0.0,0.0
2026_04_DAL_HOU,DAL,HOU,Ryan Flournoy,00-0039410,WR,rush_yds,0.27,0.0,0.0,0.0,0.0,0.0
2026_04_DAL_HOU,DAL,HOU,Ryan Flournoy,00-0039410,WR,tgt,4.989,2.0,3.0,5.0,7.0,9.0
2026_04_DAL_HOU,DAL,HOU,Ryan Flournoy,00-0039410,WR,rec,3.016,1.0,2.0,3.0,4.0,6.0
2026_04_DAL_HOU,DAL,HOU,Ryan Flournoy,00-0039410,WR,rec_yds,34.708,3.463,13.038,28.813,49.267,73.836
2026_04_DAL_HOU,DAL,HOU,Ryan Flournoy,00-0039410,WR,anytime_td,0.149,0.0,0.0,0.0,0.0,1.0
2026_04_DAL_HOU,DAL,HOU,Ryan Flournoy,00-0039410,WR,first_td,0.029,0.029,0.029,0.029,0.029,0.029
2026_04_DAL_HOU,DAL,HOU,Jonathan Mingo,00-0039062,WR,car,0.014,0.0,0.0,0.0,0.0,0.0
2026_04_DAL_HOU,DAL,HOU,Jonathan Mingo,00-0039062,WR,rush_yds,0.069,0.0,0.0,0.0,0.0,0.0
2026_04_DAL_HOU,DAL,HOU,Jonathan Mingo,00-0039062,WR,tgt,0.705,0.0,0.0,0.0,1.0,2.0
2026_04_DAL_HOU,DAL,HOU,Jonathan Mingo,00-0039062,WR,rec,0.437,0.0,0.0,0.0,1.0,1.0
2026_04_DAL_HOU,DAL,HOU,Jonathan Mingo,00-0039062,WR,rec_yds,5.463,0.0,0.0,0.0,5.713,19.617
2026_04_DAL_HOU,DAL,HOU,Jonathan Mingo,00-0039062,WR,anytime_td,0.01,0.0,0.0,0.0,0.0,0.0
2026_04_DAL_HOU,DAL,HOU,Jonathan Mingo,00-0039062,WR,first_td,0.002,0.002,0.002,0.002,0.002,0.002
2026_04_GB_TB,TB,GB,Bucky Irving,00-0039361,RB,car,14.602,7.0,10.0,14.0,18.0,23.0
2026_04_GB_TB,TB,GB,Bucky Irving,00-0039361,RB,rush_yds,56.574,19.985,32.25,50.464,74.429,101.334
2026_04_GB_TB,TB,GB,Bucky Irving,00-0039361,RB,tgt,3.695,1.0,2.0,3.0,5.0,7.0
2026_04_GB_TB,TB,GB,Bucky Irving,00-0039361,RB,rec,2.812,1.0,1.0,3.0,4.0,5.0
2026_04_GB_TB,TB,GB,Bucky Irving,00-0039361,RB,rec_yds,19.384,0.0,5.766,15.049,28.246,44.029
2026_04_GB_TB,TB,GB,Bucky Irving,00-0039361,RB,anytime_td,0.332,0.0,0.0,0.0,1.0,1.0
2026_04_GB_TB,TB,GB,Bucky Irving,00-0039361,RB,first_td,0.093,0.093,0.093,0.093,0.093,0.093
2026_04_GB_TB,TB,GB,Kenny Gainwell,00-0036919,RB,car,4.825,1.0,2.0,4.0,7.0,10.0
2026_04_GB_TB,TB,GB,Kenny Gainwell,00-0036919,RB,rush_yds,18.464,0.0,4.444,12.991,26.262,43.703
2026_04_GB_TB,TB,GB,Kenny Gainwell,00-0036919,RB,tgt,3.64,1.0,2.0,3.0,5.0,7.0
2026_04_GB_TB,TB,GB,Kenny Gainwell,00-0036919,RB,rec,2.622,0.0,1.0,2.0,4.0,5.0
2026_04_GB_TB,TB,GB,Kenny Gainwell,00-0036919,RB,rec_yds,17.994,0.0,4.887,13.926,26.338,40.942
2026_04_GB_TB,TB,GB,Kenny Gainwell,00-0036919,RB,anytime_td,0.217,0.0,0.0,0.0,0.0,1.0
2026_04_GB_TB,TB,GB,Kenny Gainwell,00-0036919,RB,first_td,0.057,0.057,0.057,0.057,0.057,0.057
2026_04_GB_TB,TB,GB,Sean Tucker,00-0038951,RB,car,3.714,0.0,1.0,3.0,5.0,8.0
2026_04_GB_TB,TB,GB,Sean Tucker,00-0038951,RB,rush_yds,14.402,0.0,1.957,8.718,20.407,36.336
2026_04_GB_TB,TB,GB,Sean Tucker,00-0038951,RB,tgt,0.443,0.0,0.0,0.0,1.0,1.0
2026_04_GB_TB,TB,GB,Sean Tucker,00-0038951,RB,rec,0.327,0.0,0.0,0.0,0.0,1.0
2026_04_GB_TB,TB,GB,Sean Tucker,00-0038951,RB,rec_yds,2.448,0.0,0.0,0.0,0.0,9.169
2026_04_GB_TB,TB,GB,Sean Tucker,00-0038951,RB,anytime_td,0.19,0.0,0.0,0.0,0.0,1.0
2026_04_GB_TB,TB,GB,Sean Tucker,00-0038951,RB,first_td,0.049,0.049,0.049,0.049,0.049,0.049
2026_04_GB_TB,TB,GB,Tez Johnson,00-0040237,WR,car,0.354,0.0,0.0,0.0,0.0,1.0
2026_04_GB_TB,TB,GB,Tez Johnson,00-0040237,WR,rush_yds,1.767,0.0,0.0,0.0,0.0,4.469
2026_04_GB_TB,TB,GB,Tez Johnson,00-0040237,WR,tgt,2.194,0.0,1.0,2.0,3.0,5.0
2026_04_GB_TB,TB,GB,Tez Johnson,00-0040237,WR,rec,1.256,0.0,0.0,1.0,2.0,3.0
2026_04_GB_TB,TB,GB,Tez Johnson,00-0040237,WR,rec_yds,16.463,0.0,0.0,9.475,24.648,44.375
2026_04_GB_TB,TB,GB,Tez Johnson,00-0040237,WR,anytime_td,0.091,0.0,0.0,0.0,0.0,0.0
2026_04_GB_TB,TB,GB,Tez Johnson,00-0040237,WR,first_td,0.023,0.023,0.023,0.023,0.023,0.023
2026_04_GB_TB,TB,GB,Chris Godwin Jr.,00-0033921,WR,car,0.349,0.0,0.0,0.0,0.0,1.0
2026_04_GB_TB,TB,GB,Chris Godwin Jr.,00-0033921,WR,rush_yds,1.897,0.0,0.0,0.0,0.0,5.054
2026_04_GB_TB,TB,GB,Chris Godwin Jr.,00-0033921,WR,tgt,4.103,1.0,2.0,4.0,6.0,8.0
2026_04_GB_TB,TB,GB,Chris Godwin Jr.,00-0033921,WR,rec,2.689,0.0,1.0,2.0,4.0,5.0
2026_04_GB_TB,TB,GB,Chris Godwin Jr.,00-0033921,WR,rec_yds,32.52,0.0,10.946,26.111,47.25,71.756
2026_04_GB_TB,TB,GB,Chris Godwin Jr.,00-0033921,WR,anytime_td,0.139,0.0,0.0,0.0,0.0,1.0
2026_04_GB_TB,TB,GB,Chris Godwin Jr.,00-0033921,WR,first_td,0.035,0.035,0.035,0.035,0.035,0.035
2026_04_GB_TB,TB,GB,Emeka Egbuka,00-0040129,WR,car,0.192,0.0,0.0,0.0,0.0,0.0
2026_04_GB_TB,TB,GB,Emeka Egbuka,00-0040129,WR,rush_yds,0.941,0.0,0.0,0.0,0.0,0.0
2026_04_GB_TB,TB,GB,Emeka Egbuka,00-0040129,WR,tgt,6.098,2.0,4.0,6.0,8.0,10.0
2026_04_GB_TB,TB,GB,Emeka Egbuka,00-0040129,WR,rec,3.522,1.0,2.0,3.0,5.0,6.0
2026_04_GB_TB,TB,GB,Emeka Egbuka,00-0040129,WR,rec_yds,42.954,7.364,18.811,36.635,60.765,87.052
2026_04_GB_TB,TB,GB,Emeka Egbuka,00-0040129,WR,anytime_td,0.216,0.0,0.0,0.0,0.0,1.0
2026_04_GB_TB,TB,GB,Emeka Egbuka,00-0040129,WR,first_td,0.056,0.056,0.056,0.056,0.056,0.056
2026_04_GB_TB,TB,GB,Cade Otton,00-0038129,TE,car,0.003,0.0,0.0,0.0,0.0,0.0
2026_04_GB_TB,TB,GB,Cade Otton,00-0038129,TE,rush_yds,0.009,0.0,0.0,0.0,0.0,0.0
2026_04_GB_TB,TB,GB,Cade Otton,00-0038129,TE,tgt,5.033,2.0,3.0,5.0,7.0,9.0
2026_04_GB_TB,TB,GB,Cade Otton,00-0038129,TE,rec,3.4,1.0,2.0,3.0,5.0,6.0
2026_04_GB_TB,TB,GB,Cade Otton,00-0038129,TE,rec_yds,35.628,5.672,15.495,30.531,49.63,72.558
2026_04_GB_TB,TB,GB,Cade Otton,00-0038129,TE,anytime_td,0.122,0.0,0.0,0.0,0.0,1.0
2026_04_GB_TB,TB,GB,Cade Otton,00-0038129,TE,first_td,0.03,0.03,0.03,0.03,0.03,0.03
2026_04_GB_TB,TB,GB,Jalon Daniels,00-0041251,QB,att,29.324,20.0,25.0,30.0,35.0,40.0
2026_04_GB_TB,TB,GB,Jalon Daniels,00-0041251,QB,cmp,18.187,11.0,15.0,18.0,22.0,25.0
2026_04_GB_TB,TB,GB,Jalon Daniels,00-0041251,QB,pass_yds,190.198,105.193,145.328,187.963,234.037,282.294
2026_04_GB_TB,TB,GB,Jalon Daniels,00-0041251,QB,pass_td,1.107,0.0,0.0,1.0,2.0,2.0
2026_04_GB_TB,TB,GB,Jalon Daniels,00-0041251,QB,ints,0.729,0.0,0.0,0.0,1.0,2.0
2026_04_GB_TB,TB,GB,Jalon Daniels,00-0041251,QB,car,2.825,0.0,1.0,3.0,4.0,6.0
2026_04_GB_TB,TB,GB,Jalon Daniels,00-0041251,QB,rush_yds,15.029,0.0,3.01,11.039,23.075,35.871
2026_04_GB_TB,TB,GB,Jalon Daniels,00-0041251,QB,tgt,0.001,0.0,0.0,0.0,0.0,0.0
2026_04_GB_TB,TB,GB,Jalon Daniels,00-0041251,QB,rec,0.001,0.0,0.0,0.0,0.0,0.0
2026_04_GB_TB,TB,GB,Jalon Daniels,00-0041251,QB,rec_yds,0.006,0.0,0.0,0.0,0.0,0.0
2026_04_GB_TB,TB,GB,Jalon Daniels,00-0041251,QB,anytime_td,0.014,0.0,0.0,0.0,0.0,0.0
2026_04_GB_TB,TB,GB,Jalon Daniels,00-0041251,QB,first_td,0.003,0.003,0.003,0.003,0.003,0.003
2026_04_GB_TB,TB,GB,Ted Hurst III,00-0041048,WR,car,0.021,0.0,0.0,0.0,0.0,0.0
2026_04_GB_TB,TB,GB,Ted Hurst III,00-0041048,WR,rush_yds,0.114,0.0,0.0,0.0,0.0,0.0
2026_04_GB_TB,TB,GB,Ted Hurst III,00-0041048,WR,tgt,3.755,1.0,2.0,3.0,5.0,7.0
2026_04_GB_TB,TB,GB,Ted Hurst III,00-0041048,WR,rec,2.123,0.0,1.0,2.0,3.0,4.0
2026_04_GB_TB,TB,GB,Ted Hurst III,00-0041048,WR,rec_yds,28.187,0.0,7.598,21.717,41.763,65.024
2026_04_GB_TB,TB,GB,Ted Hurst III,00-0041048,WR,anytime_td,0.216,0.0,0.0,0.0,0.0,1.0
2026_04_GB_TB,TB,GB,Ted Hurst III,00-0041048,WR,first_td,0.057,0.057,0.057,0.057,0.057,0.057
2026_04_GB_TB,GB,TB,Jordan Love,00-0036264,QB,att,31.443,21.0,27.0,32.0,38.0,42.0
2026_04_GB_TB,GB,TB,Jordan Love,00-0036264,QB,cmp,19.694,12.0,16.0,20.0,24.0,27.0
2026_04_GB_TB,GB,TB,Jordan Love,00-0036264,QB,pass_yds,216.067,122.937,168.294,216.508,266.051,315.508
2026_04_GB_TB,GB,TB,Jordan Love,00-0036264,QB,pass_td,1.414,0.0,1.0,1.0,2.0,3.0
2026_04_GB_TB,GB,TB,Jordan Love,00-0036264,QB,ints,0.639,0.0,0.0,0.0,1.0,2.0
2026_04_GB_TB,GB,TB,Jordan Love,00-0036264,QB,car,2.516,0.0,1.0,2.0,4.0,5.0
2026_04_GB_TB,GB,TB,Jordan Love,00-0036264,QB,rush_yds,8.028,-1.0,0.0,3.703,13.008,24.061
2026_04_GB_TB,GB,TB,Jordan Love,00-0036264,QB,tgt,0.0,0.0,0.0,0.0,0.0,0.0
2026_04_GB_TB,GB,TB,Jordan Love,00-0036264,QB,rec,0.0,0.0,0.0,0.0,0.0,0.0
2026_04_GB_TB,GB,TB,Jordan Love,00-0036264,QB,rec_yds,0.005,0.0,0.0,0.0,0.0,0.0
2026_04_GB_TB,GB,TB,Jordan Love,00-0036264,QB,anytime_td,0.029,0.0,0.0,0.0,0.0,0.0
2026_04_GB_TB,GB,TB,Jordan Love,00-0036264,QB,first_td,0.008,0.008,0.008,0.008,0.008,0.008
2026_04_GB_TB,GB,TB,J. Michael Sturdivant,00-0040948,WR,car,0.035,0.0,0.0,0.0,0.0,0.0
2026_04_GB_TB,GB,TB,J. Michael Sturdivant,00-0040948,WR,rush_yds,0.168,0.0,0.0,0.0,0.0,0.0
2026_04_GB_TB,GB,TB,J. Michael Sturdivant,00-0040948,WR,tgt,1.478,0.0,0.0,1.0,2.0,4.0
2026_04_GB_TB,GB,TB,J. Michael Sturdivant,00-0040948,WR,rec,0.976,0.0,0.0,1.0,2.0,3.0
2026_04_GB_TB,GB,TB,J. Michael Sturdivant,00-0040948,WR,rec_yds,11.069,0.0,0.0,4.104,16.372,32.892
2026_04_GB_TB,GB,TB,J. Michael Sturdivant,00-0040948,WR,anytime_td,0.031,0.0,0.0,0.0,0.0,0.0
2026_04_GB_TB,GB,TB,J. Michael Sturdivant,00-0040948,WR,first_td,0.009,0.009,0.009,0.009,0.009,0.009
2026_04_GB_TB,GB,TB,Chris Brooks,00-0038685,RB,car,4.366,1.0,2.0,4.0,6.0,9.0
2026_04_GB_TB,GB,TB,Chris Brooks,00-0038685,RB,rush_yds,17.862,0.0,4.001,12.278,25.431,42.346
2026_04_GB_TB,GB,TB,Chris Brooks,00-0038685,RB,tgt,1.173,0.0,0.0,1.0,2.0,3.0
2026_04_GB_TB,GB,TB,Chris Brooks,00-0038685,RB,rec,0.907,0.0,0.0,1.0,1.0,2.0
2026_04_GB_TB,GB,TB,Chris Brooks,00-0038685,RB,rec_yds,6.369,0.0,0.0,0.0,9.454,19.766
2026_04_GB_TB,GB,TB,Chris Brooks,00-0038685,RB,anytime_td,0.094,0.0,0.0,0.0,0.0,0.0
2026_04_GB_TB,GB,TB,Chris Brooks,00-0038685,RB,first_td,0.026,0.026,0.026,0.026,0.026,0.026
2026_04_GB_TB,GB,TB,MarShawn Lloyd,00-0039811,RB,car,9.702,4.0,6.0,9.0,13.0,17.0
2026_04_GB_TB,GB,TB,MarShawn Lloyd,00-0039811,RB,rush_yds,37.003,8.736,17.65,31.643,50.487,72.442
2026_04_GB_TB,GB,TB,MarShawn Lloyd,00-0039811,RB,tgt,1.804,0.0,1.0,1.0,3.0,4.0
2026_04_GB_TB,GB,TB,MarShawn Lloyd,00-0039811,RB,rec,1.401,0.0,0.0,1.0,2.0,3.0
2026_04_GB_TB,GB,TB,MarShawn Lloyd,00-0039811,RB,rec_yds,9.097,0.0,0.0,4.901,13.618,24.787
2026_04_GB_TB,GB,TB,MarShawn Lloyd,00-0039811,RB,anytime_td,0.326,0.0,0.0,0.0,1.0,1.0
2026_04_GB_TB,GB,TB,MarShawn Lloyd,00-0039811,RB,first_td,0.106,0.106,0.106,0.106,0.106,0.106
2026_04_GB_TB,GB,TB,Skyy Moore,00-0038090,WR,car,0.133,0.0,0.0,0.0,0.0,0.0
2026_04_GB_TB,GB,TB,Skyy Moore,00-0038090,WR,rush_yds,0.656,0.0,0.0,0.0,0.0,0.0
2026_04_GB_TB,GB,TB,Skyy Moore,00-0038090,WR,tgt,2.566,0.0,1.0,2.0,4.0,5.0
2026_04_GB_TB,GB,TB,Skyy Moore,00-0038090,WR,rec,1.55,0.0,0.0,1.0,2.0,3.0
2026_04_GB_TB,GB,TB,Skyy Moore,00-0038090,WR,rec_yds,17.366,0.0,0.0,11.265,26.529,43.943
2026_04_GB_TB,GB,TB,Skyy Moore,00-0038090,WR,anytime_td,0.051,0.0,0.0,0.0,0.0,0.0
2026_04_GB_TB,GB,TB,Skyy Moore,00-0038090,WR,first_td,0.014,0.014,0.014,0.014,0.014,0.014
2026_04_GB_TB,GB,TB,Kaleb Johnson,00-0040142,RB,car,7.104,2.0,4.0,6.0,10.0,13.0
2026_04_GB_TB,GB,TB,Kaleb Johnson,00-0040142,RB,rush_yds,27.739,3.912,10.608,22.417,38.559,58.427
2026_04_GB_TB,GB,TB,Kaleb Johnson,00-0040142,RB,tgt,1.045,0.0,0.0,1.0,2.0,3.0
2026_04_GB_TB,GB,TB,Kaleb Johnson,00-0040142,RB,rec,0.791,0.0,0.0,0.0,1.0,2.0
2026_04_GB_TB,GB,TB,Kaleb Johnson,00-0040142,RB,rec_yds,5.584,0.0,0.0,0.0,7.969,17.915
2026_04_GB_TB,GB,TB,Kaleb Johnson,00-0040142,RB,anytime_td,0.11,0.0,0.0,0.0,0.0,1.0
2026_04_GB_TB,GB,TB,Kaleb Johnson,00-0040142,RB,first_td,0.031,0.031,0.031,0.031,0.031,0.031
2026_04_GB_TB,GB,TB,Matthew Golden,00-0040667,WR,car,0.259,0.0,0.0,0.0,0.0,1.0
2026_04_GB_TB,GB,TB,Matthew Golden,00-0040667,WR,rush_yds,1.352,0.0,0.0,0.0,0.0,1.06
2026_04_GB_TB,GB,TB,Matthew Golden,00-0040667,WR,tgt,6.748,3.0,4.0,6.0,9.0,11.0
2026_04_GB_TB,GB,TB,Matthew Golden,00-0040667,WR,rec,3.973,1.0,2.0,4.0,5.0,7.0
2026_04_GB_TB,GB,TB,Matthew Golden,00-0040667,WR,rec_yds,51.293,10.232,23.795,44.744,71.643,100.498
2026_04_GB_TB,GB,TB,Matthew Golden,00-0040667,WR,anytime_td,0.213,0.0,0.0,0.0,0.0,1.0
2026_04_GB_TB,GB,TB,Matthew Golden,00-0040667,WR,first_td,0.065,0.065,0.065,0.065,0.065,0.065
2026_04_GB_TB,GB,TB,Mark Redman,00-0040598,TE,car,0.008,0.0,0.0,0.0,0.0,0.0
2026_04_GB_TB,GB,TB,Mark Redman,00-0040598,TE,rush_yds,0.019,0.0,0.0,0.0,0.0,0.0
2026_04_GB_TB,GB,TB,Mark Redman,00-0040598,TE,tgt,0.902,0.0,0.0,1.0,1.0,2.0
2026_04_GB_TB,GB,TB,Mark Redman,00-0040598,TE,rec,0.65,0.0,0.0,0.0,1.0,2.0
2026_04_GB_TB,GB,TB,Mark Redman,00-0040598,TE,rec_yds,6.129,0.0,0.0,0.0,9.045,20.247
2026_04_GB_TB,GB,TB,Mark Redman,00-0040598,TE,anytime_td,0.037,0.0,0.0,0.0,0.0,0.0
2026_04_GB_TB,GB,TB,Mark Redman,00-0040598,TE,first_td,0.01,0.01,0.01,0.01,0.01,0.01
2026_04_GB_TB,GB,TB,Tucker Kraft,00-0038996,TE,car,0.065,0.0,0.0,0.0,0.0,0.0
2026_04_GB_TB,GB,TB,Tucker Kraft,00-0038996,TE,rush_yds,0.154,0.0,0.0,0.0,0.0,0.0
2026_04_GB_TB,GB,TB,Tucker Kraft,00-0038996,TE,tgt,5.233,2.0,3.0,5.0,7.0,9.0
2026_04_GB_TB,GB,TB,Tucker Kraft,00-0038996,TE,rec,3.571,1.0,2.0,3.0,5.0,7.0
2026_04_GB_TB,GB,TB,Tucker Kraft,00-0038996,TE,rec_yds,37.059,6.056,16.208,32.043,52.5,74.913
2026_04_GB_TB,GB,TB,Tucker Kraft,00-0038996,TE,anytime_td,0.204,0.0,0.0,0.0,0.0,1.0
2026_04_GB_TB,GB,TB,Tucker Kraft,00-0038996,TE,first_td,0.062,0.062,0.062,0.062,0.062,0.062
2026_04_GB_TB,GB,TB,Bo Melton,00-0037091,WR,car,0.201,0.0,0.0,0.0,0.0,0.0
2026_04_GB_TB,GB,TB,Bo Melton,00-0037091,WR,rush_yds,1.076,0.0,0.0,0.0,0.0,0.0
2026_04_GB_TB,GB,TB,Bo Melton,00-0037091,WR,tgt,1.194,0.0,0.0,1.0,2.0,3.0
2026_04_GB_TB,GB,TB,Bo Melton,00-0037091,WR,rec,0.726,0.0,0.0,0.0,1.0,2.0
2026_04_GB_TB,GB,TB,Bo Melton,00-0037091,WR,rec_yds,8.738,0.0,0.0,0.0,12.729,27.42
2026_04_GB_TB,GB,TB,Bo Melton,00-0037091,WR,anytime_td,0.034,0.0,0.0,0.0,0.0,0.0
2026_04_GB_TB,GB,TB,Bo Melton,00-0037091,WR,first_td,0.01,0.01,0.01,0.01,0.01,0.01
2026_04_GB_TB,GB,TB,Jonnu Smith,00-0033858,TE,car,0.345,0.0,0.0,0.0,0.0,1.0
2026_04_GB_TB,GB,TB,Jonnu Smith,00-0033858,TE,rush_yds,0.788,0.0,0.0,0.0,0.0,1.829
2026_04_GB_TB,GB,TB,Jonnu Smith,00-0033858,TE,tgt,2.094,0.0,1.0,2.0,3.0,5.0
2026_04_GB_TB,GB,TB,Jonnu Smith,00-0033858,TE,rec,1.508,0.0,0.0,1.0,2.0,3.0
2026_04_GB_TB,GB,TB,Jonnu Smith,00-0033858,TE,rec_yds,14.673,0.0,0.0,9.619,22.503,37.628
2026_04_GB_TB,GB,TB,Jonnu Smith,00-0033858,TE,anytime_td,0.072,0.0,0.0,0.0,0.0,0.0
2026_04_GB_TB,GB,TB,Jonnu Smith,00-0033858,TE,first_td,0.02,0.02,0.02,0.02,0.02,0.02
2026_04_GB_TB,GB,TB,Christian Watson,00-0038124,WR,car,0.08,0.0,0.0,0.0,0.0,0.0
2026_04_GB_TB,GB,TB,Christian Watson,00-0038124,WR,rush_yds,0.397,0.0,0.0,0.0,0.0,0.0
2026_04_GB_TB,GB,TB,Christian Watson,00-0038124,WR,tgt,7.413,3.0,5.0,7.0,10.0,12.0
2026_04_GB_TB,GB,TB,Christian Watson,00-0038124,WR,rec,4.594,2.0,3.0,4.0,6.0,8.0
2026_04_GB_TB,GB,TB,Christian Watson,00-0038124,WR,rec_yds,59.847,15.051,30.741,53.067,82.149,114.112
2026_04_GB_TB,GB,TB,Christian Watson,00-0038124,WR,anytime_td,0.443,0.0,0.0,0.0,1.0,1.0
2026_04_GB_TB,GB,TB,Christian Watson,00-0038124,WR,first_td,0.154,0.154,0.154,0.154,0.154,0.154
2026_04_GB_TB,GB,TB,Josh Whyle,00-0038589,TE,car,0.001,0.0,0.0,0.0,0.0,0.0
2026_04_GB_TB,GB,TB,Josh Whyle,00-0038589,TE,rush_yds,0.002,0.0,0.0,0.0,0.0,0.0
2026_04_GB_TB,GB,TB,Josh Whyle,00-0038589,TE,tgt,0.536,0.0,0.0,0.0,1.0,2.0
2026_04_GB_TB,GB,TB,Josh Whyle,00-0038589,TE,rec,0.396,0.0,0.0,0.0,1.0,1.0
2026_04_GB_TB,GB,TB,Josh Whyle,00-0038589,TE,rec_yds,3.748,0.0,0.0,0.0,3.467,13.522
2026_04_GB_TB,GB,TB,Josh Whyle,00-0038589,TE,anytime_td,0.021,0.0,0.0,0.0,0.0,0.0
2026_04_GB_TB,GB,TB,Josh Whyle,00-0038589,TE,first_td,0.006,0.006,0.006,0.006,0.006,0.006
2026_04_JAX_CIN,CIN,JAX,Tahj Brooks,00-0040208,RB,car,1.231,0.0,0.0,0.0,2.0,4.0
2026_04_JAX_CIN,CIN,JAX,Tahj Brooks,00-0040208,RB,rush_yds,5.127,0.0,0.0,0.0,6.126,16.156
2026_04_JAX_CIN,CIN,JAX,Tahj Brooks,00-0040208,RB,tgt,0.253,0.0,0.0,0.0,0.0,1.0
2026_04_JAX_CIN,CIN,JAX,Tahj Brooks,00-0040208,RB,rec,0.202,0.0,0.0,0.0,0.0,1.0
2026_04_JAX_CIN,CIN,JAX,Tahj Brooks,00-0040208,RB,rec_yds,1.454,0.0,0.0,0.0,0.0,4.498
2026_04_JAX_CIN,CIN,JAX,Tahj Brooks,00-0040208,RB,anytime_td,0.035,0.0,0.0,0.0,0.0,0.0
2026_04_JAX_CIN,CIN,JAX,Tahj Brooks,00-0040208,RB,first_td,0.006,0.006,0.006,0.006,0.006,0.006
2026_04_JAX_CIN,CIN,JAX,Drew Sample,00-0035631,TE,car,0.032,0.0,0.0,0.0,0.0,0.0
2026_04_JAX_CIN,CIN,JAX,Drew Sample,00-0035631,TE,rush_yds,0.072,0.0,0.0,0.0,0.0,0.0
2026_04_JAX_CIN,CIN,JAX,Drew Sample,00-0035631,TE,tgt,1.425,0.0,0.0,1.0,2.0,3.0
2026_04_JAX_CIN,CIN,JAX,Drew Sample,00-0035631,TE,rec,1.063,0.0,0.0,1.0,2.0,3.0
2026_04_JAX_CIN,CIN,JAX,Drew Sample,00-0035631,TE,rec_yds,10.527,0.0,0.0,4.994,16.03,30.428
2026_04_JAX_CIN,CIN,JAX,Drew Sample,00-0035631,TE,anytime_td,0.031,0.0,0.0,0.0,0.0,0.0
2026_04_JAX_CIN,CIN,JAX,Drew Sample,00-0035631,TE,first_td,0.006,0.006,0.006,0.006,0.006,0.006
2026_04_JAX_CIN,CIN,JAX,Mitchell Tinsley,00-0038839,WR,car,0.015,0.0,0.0,0.0,0.0,0.0
2026_04_JAX_CIN,CIN,JAX,Mitchell Tinsley,00-0038839,WR,rush_yds,0.091,0.0,0.0,0.0,0.0,0.0
2026_04_JAX_CIN,CIN,JAX,Mitchell Tinsley,00-0038839,WR,tgt,1.465,0.0,0.0,1.0,2.0,4.0
2026_04_JAX_CIN,CIN,JAX,Mitchell Tinsley,00-0038839,WR,rec,0.901,0.0,0.0,1.0,1.0,2.0
2026_04_JAX_CIN,CIN,JAX,Mitchell Tinsley,00-0038839,WR,rec_yds,11.851,0.0,0.0,3.259,17.572,35.314
2026_04_JAX_CIN,CIN,JAX,Mitchell Tinsley,00-0038839,WR,anytime_td,0.076,0.0,0.0,0.0,0.0,0.0
2026_04_JAX_CIN,CIN,JAX,Mitchell Tinsley,00-0038839,WR,first_td,0.014,0.014,0.014,0.014,0.014,0.014
2026_04_JAX_CIN,CIN,JAX,Dohnte Meyers,00-0040785,WR,car,0.284,0.0,0.0,0.0,0.0,1.0
2026_04_JAX_CIN,CIN,JAX,Dohnte Meyers,00-0040785,WR,rush_yds,1.641,0.0,0.0,0.0,0.0,2.97
2026_04_JAX_CIN,CIN,JAX,Dohnte Meyers,00-0040785,WR,tgt,2.52,0.0,1.0,2.0,4.0,5.0
2026_04_JAX_CIN,CIN,JAX,Dohnte Meyers,00-0040785,WR,rec,1.608,0.0,0.0,1.0,2.0,4.0
2026_04_JAX_CIN,CIN,JAX,Dohnte Meyers,00-0040785,WR,rec_yds,20.722,0.0,0.0,13.392,31.152,52.46
2026_04_JAX_CIN,CIN,JAX,Dohnte Meyers,00-0040785,WR,anytime_td,0.069,0.0,0.0,0.0,0.0,0.0
2026_04_JAX_CIN,CIN,JAX,Dohnte Meyers,00-0040785,WR,first_td,0.013,0.013,0.013,0.013,0.013,0.013
2026_04_JAX_CIN,CIN,JAX,Tee Higgins,00-0036410,WR,car,0.009,0.0,0.0,0.0,0.0,0.0
2026_04_JAX_CIN,CIN,JAX,Tee Higgins,00-0036410,WR,rush_yds,0.053,0.0,0.0,0.0,0.0,0.0
2026_04_JAX_CIN,CIN,JAX,Tee Higgins,00-0036410,WR,tgt,6.953,3.0,4.0,7.0,9.0,11.0
2026_04_JAX_CIN,CIN,JAX,Tee Higgins,00-0036410,WR,rec,4.484,2.0,3.0,4.0,6.0,8.0
2026_04_JAX_CIN,CIN,JAX,Tee Higgins,00-0036410,WR,rec_yds,65.912,15.046,32.279,58.23,91.175,126.554
2026_04_JAX_CIN,CIN,JAX,Tee Higgins,00-0036410,WR,anytime_td,0.375,0.0,0.0,0.0,1.0,1.0
2026_04_JAX_CIN,CIN,JAX,Tee Higgins,00-0036410,WR,first_td,0.079,0.079,0.079,0.079,0.079,0.079
2026_04_JAX_CIN,CIN,JAX,Ja'Marr Chase,00-0036900,WR,car,0.065,0.0,0.0,0.0,0.0,0.0
2026_04_JAX_CIN,CIN,JAX,Ja'Marr Chase,00-0036900,WR,rush_yds,0.374,0.0,0.0,0.0,0.0,0.0
2026_04_JAX_CIN,CIN,JAX,Ja'Marr Chase,00-0036900,WR,tgt,9.143,5.0,6.0,9.0,12.0,14.0
2026_04_JAX_CIN,CIN,JAX,Ja'Marr Chase,00-0036900,WR,rec,6.261,3.0,4.0,6.0,8.0,10.0
2026_04_JAX_CIN,CIN,JAX,Ja'Marr Chase,00-0036900,WR,rec_yds,76.51,25.558,44.165,70.221,102.104,135.331
2026_04_JAX_CIN,CIN,JAX,Ja'Marr Chase,00-0036900,WR,anytime_td,0.488,0.0,0.0,0.0,1.0,1.0
2026_04_JAX_CIN,CIN,JAX,Ja'Marr Chase,00-0036900,WR,first_td,0.111,0.111,0.111,0.111,0.111,0.111
2026_04_JAX_CIN,CIN,JAX,Erick All,00-0039814,TE,car,0.001,0.0,0.0,0.0,0.0,0.0
2026_04_JAX_CIN,CIN,JAX,Erick All,00-0039814,TE,rush_yds,0.003,0.0,0.0,0.0,0.0,0.0
2026_04_JAX_CIN,CIN,JAX,Erick All,00-0039814,TE,tgt,1.441,0.0,0.0,1.0,2.0,3.0
2026_04_JAX_CIN,CIN,JAX,Erick All,00-0039814,TE,rec,1.054,0.0,0.0,1.0,2.0,3.0
2026_04_JAX_CIN,CIN,JAX,Erick All,00-0039814,TE,rec_yds,10.78,0.0,0.0,5.078,16.683,31.23
2026_04_JAX_CIN,CIN,JAX,Erick All,00-0039814,TE,anytime_td,0.026,0.0,0.0,0.0,0.0,0.0
2026_04_JAX_CIN,CIN,JAX,Erick All,00-0039814,TE,first_td,0.004,0.004,0.004,0.004,0.004,0.004
2026_04_JAX_CIN,CIN,JAX,Joe Burrow,00-0036442,QB,att,33.575,23.0,29.0,34.0,40.0,45.0
2026_04_JAX_CIN,CIN,JAX,Joe Burrow,00-0036442,QB,cmp,22.629,15.0,19.0,23.0,27.0,31.0
2026_04_JAX_CIN,CIN,JAX,Joe Burrow,00-0036442,QB,pass_yds,255.253,151.46,203.782,256.67,312.194,365.374
2026_04_JAX_CIN,CIN,JAX,Joe Burrow,00-0036442,QB,pass_td,1.938,0.0,1.0,2.0,3.0,4.0
2026_04_JAX_CIN,CIN,JAX,Joe Burrow,00-0036442,QB,ints,0.759,0.0,0.0,0.0,1.0,2.0
2026_04_JAX_CIN,CIN,JAX,Joe Burrow,00-0036442,QB,car,2.786,0.0,1.0,2.0,4.0,6.0
2026_04_JAX_CIN,CIN,JAX,Joe Burrow,00-0036442,QB,rush_yds,10.648,-1.0,0.0,6.639,16.45,28.949
2026_04_JAX_CIN,CIN,JAX,Joe Burrow,00-0036442,QB,tgt,0.0,0.0,0.0,0.0,0.0,0.0
2026_04_JAX_CIN,CIN,JAX,Joe Burrow,00-0036442,QB,rec,0.0,0.0,0.0,0.0,0.0,0.0
2026_04_JAX_CIN,CIN,JAX,Joe Burrow,00-0036442,QB,rec_yds,0.004,0.0,0.0,0.0,0.0,0.0
2026_04_JAX_CIN,CIN,JAX,Joe Burrow,00-0036442,QB,anytime_td,0.05,0.0,0.0,0.0,0.0,0.0
2026_04_JAX_CIN,CIN,JAX,Joe Burrow,00-0036442,QB,first_td,0.009,0.009,0.009,0.009,0.009,0.009
2026_04_JAX_CIN,CIN,JAX,Samaje Perine,00-0033526,RB,car,4.691,1.0,2.0,4.0,7.0,10.0
2026_04_JAX_CIN,CIN,JAX,Samaje Perine,00-0033526,RB,rush_yds,19.47,0.0,4.542,13.55,27.866,45.971
2026_04_JAX_CIN,CIN,JAX,Samaje Perine,00-0033526,RB,tgt,2.007,0.0,1.0,2.0,3.0,4.0
2026_04_JAX_CIN,CIN,JAX,Samaje Perine,00-0033526,RB,rec,1.576,0.0,0.0,1.0,2.0,4.0
2026_04_JAX_CIN,CIN,JAX,Samaje Perine,00-0033526,RB,rec_yds,12.333,0.0,0.0,7.169,18.431,33.207
2026_04_JAX_CIN,CIN,JAX,Samaje Perine,00-0033526,RB,anytime_td,0.232,0.0,0.0,0.0,0.0,1.0
2026_04_JAX_CIN,CIN,JAX,Samaje Perine,00-0033526,RB,first_td,0.047,0.047,0.047,0.047,0.047,0.047
2026_04_JAX_CIN,CIN,JAX,Chase Brown,00-0038597,RB,car,14.64,7.0,10.0,14.0,18.0,23.0
2026_04_JAX_CIN,CIN,JAX,Chase Brown,00-0038597,RB,rush_yds,62.658,21.922,36.228,56.385,82.006,110.862
2026_04_JAX_CIN,CIN,JAX,Chase Brown,00-0038597,RB,tgt,4.303,1.0,2.0,4.0,6.0,8.0
2026_04_JAX_CIN,CIN,JAX,Chase Brown,00-0038597,RB,rec,3.423,1.0,2.0,3.0,5.0,6.0
2026_04_JAX_CIN,CIN,JAX,Chase Brown,00-0038597,RB,rec_yds,22.834,0.998,7.996,18.058,32.867,49.699
2026_04_JAX_CIN,CIN,JAX,Chase Brown,00-0038597,RB,anytime_td,0.574,0.0,0.0,1.0,1.0,1.0
2026_04_JAX_CIN,CIN,JAX,Chase Brown,00-0038597,RB,first_td,0.144,0.144,0.144,0.144,0.144,0.144
2026_04_JAX_CIN,CIN,JAX,Tanner Hudson,00-0034613,TE,car,0.005,0.0,0.0,0.0,0.0,0.0
2026_04_JAX_CIN,CIN,JAX,Tanner Hudson,00-0034613,TE,rush_yds,0.012,0.0,0.0,0.0,0.0,0.0
2026_04_JAX_CIN,CIN,JAX,Tanner Hudson,00-0034613,TE,tgt,1.526,0.0,0.0,1.0,2.0,4.0
2026_04_JAX_CIN,CIN,JAX,Tanner Hudson,00-0034613,TE,rec,1.16,0.0,0.0,1.0,2.0,3.0
2026_04_JAX_CIN,CIN,JAX,Tanner Hudson,00-0034613,TE,rec_yds,11.89,0.0,0.0,6.173,18.056,33.296
2026_04_JAX_CIN,CIN,JAX,Tanner Hudson,00-0034613,TE,anytime_td,0.077,0.0,0.0,0.0,0.0,0.0
2026_04_JAX_CIN,CIN,JAX,Tanner Hudson,00-0034613,TE,first_td,0.014,0.014,0.014,0.014,0.014,0.014
2026_04_JAX_CIN,CIN,JAX,Mike Gesicki,00-0034829,TE,car,0.002,0.0,0.0,0.0,0.0,0.0
2026_04_JAX_CIN,CIN,JAX,Mike Gesicki,00-0034829,TE,rush_yds,0.005,0.0,0.0,0.0,0.0,0.0
2026_04_JAX_CIN,CIN,JAX,Mike Gesicki,00-0034829,TE,tgt,2.992,1.0,1.0,3.0,4.0,6.0
2026_04_JAX_CIN,CIN,JAX,Mike Gesicki,00-0034829,TE,rec,2.251,0.0,1.0,2.0,3.0,5.0
2026_04_JAX_CIN,CIN,JAX,Mike Gesicki,00-0034829,TE,rec_yds,25.877,0.0,6.956,20.111,38.184,59.495
2026_04_JAX_CIN,CIN,JAX,Mike Gesicki,00-0034829,TE,anytime_td,0.3,0.0,0.0,0.0,1.0,1.0
2026_04_JAX_CIN,CIN,JAX,Mike Gesicki,00-0034829,TE,first_td,0.063,0.063,0.063,0.063,0.063,0.063
2026_04_JAX_CIN,JAX,CIN,LeQuint Allen Jr.,00-0040238,RB,car,0.852,0.0,0.0,0.0,1.0,3.0
2026_04_JAX_CIN,JAX,CIN,LeQuint Allen Jr.,00-0040238,RB,rush_yds,3.729,0.0,0.0,0.0,3.182,12.408
2026_04_JAX_CIN,JAX,CIN,LeQuint Allen Jr.,00-0040238,RB,tgt,0.98,0.0,0.0,1.0,1.0,3.0
2026_04_JAX_CIN,JAX,CIN,LeQuint Allen Jr.,00-0040238,RB,rec,0.767,0.0,0.0,0.0,1.0,2.0
2026_04_JAX_CIN,JAX,CIN,LeQuint Allen Jr.,00-0040238,RB,rec_yds,5.424,0.0,0.0,0.0,7.841,17.263
2026_04_JAX_CIN,JAX,CIN,LeQuint Allen Jr.,00-0040238,RB,anytime_td,0.036,0.0,0.0,0.0,0.0,0.0
2026_04_JAX_CIN,JAX,CIN,LeQuint Allen Jr.,00-0040238,RB,first_td,0.006,0.006,0.006,0.006,0.006,0.006
2026_04_JAX_CIN,JAX,CIN,Jakobi Meyers,00-0034960,WR,car,0.303,0.0,0.0,0.0,0.0,1.0
2026_04_JAX_CIN,JAX,CIN,Jakobi Meyers,00-0034960,WR,rush_yds,1.713,0.0,0.0,0.0,0.0,3.712
2026_04_JAX_CIN,JAX,CIN,Jakobi Meyers,00-0034960,WR,tgt,5.149,2.0,3.0,5.0,7.0,9.0
2026_04_JAX_CIN,JAX,CIN,Jakobi Meyers,00-0034960,WR,rec,3.511,1.0,2.0,3.0,5.0,6.0
2026_04_JAX_CIN,JAX,CIN,Jakobi Meyers,00-0034960,WR,rec_yds,43.428,6.24,18.211,37.134,61.875,88.342
2026_04_JAX_CIN,JAX,CIN,Jakobi Meyers,00-0034960,WR,anytime_td,0.268,0.0,0.0,0.0,1.0,1.0
2026_04_JAX_CIN,JAX,CIN,Jakobi Meyers,00-0034960,WR,first_td,0.053,0.053,0.053,0.053,0.053,0.053
2026_04_JAX_CIN,JAX,CIN,Parker Washington,00-0038606,WR,car,0.232,0.0,0.0,0.0,0.0,1.0
2026_04_JAX_CIN,JAX,CIN,Parker Washington,00-0038606,WR,rush_yds,1.344,0.0,0.0,0.0,0.0,0.0
2026_04_JAX_CIN,JAX,CIN,Parker Washington,00-0038606,WR,tgt,7.486,3.0,5.0,7.0,10.0,12.0
2026_04_JAX_CIN,JAX,CIN,Parker Washington,00-0038606,WR,rec,4.746,2.0,3.0,4.0,6.0,8.0
2026_04_JAX_CIN,JAX,CIN,Parker Washington,00-0038606,WR,rec_yds,64.995,16.897,33.265,57.535,88.97,123.196
2026_04_JAX_CIN,JAX,CIN,Parker Washington,00-0038606,WR,anytime_td,0.332,0.0,0.0,0.0,1.0,1.0
2026_04_JAX_CIN,JAX,CIN,Parker Washington,00-0038606,WR,first_td,0.068,0.068,0.068,0.068,0.068,0.068
2026_04_JAX_CIN,JAX,CIN,Josh Cameron,00-0041100,WR,car,0.016,0.0,0.0,0.0,0.0,0.0
2026_04_JAX_CIN,JAX,CIN,Josh Cameron,00-0041100,WR,rush_yds,0.105,0.0,0.0,0.0,0.0,0.0
2026_04_JAX_CIN,JAX,CIN,Josh Cameron,00-0041100,WR,tgt,1.586,0.0,0.0,1.0,2.0,4.0
2026_04_JAX_CIN,JAX,CIN,Josh Cameron,00-0041100,WR,rec,1.015,0.0,0.0,1.0,2.0,3.0
2026_04_JAX_CIN,JAX,CIN,Josh Cameron,00-0041100,WR,rec_yds,12.6,0.0,0.0,5.227,18.778,37.14
2026_04_JAX_CIN,JAX,CIN,Josh Cameron,00-0041100,WR,anytime_td,0.203,0.0,0.0,0.0,0.0,1.0
2026_04_JAX_CIN,JAX,CIN,Josh Cameron,00-0041100,WR,first_td,0.04,0.04,0.04,0.04,0.04,0.04
2026_04_JAX_CIN,JAX,CIN,Chris Rodriguez Jr.,00-0038611,RB,car,6.803,2.0,4.0,6.0,9.0,13.0
2026_04_JAX_CIN,JAX,CIN,Chris Rodriguez Jr.,00-0038611,RB,rush_yds,28.99,3.658,10.573,23.066,40.281,62.148
2026_04_JAX_CIN,JAX,CIN,Chris Rodriguez Jr.,00-0038611,RB,tgt,0.262,0.0,0.0,0.0,0.0,1.0
2026_04_JAX_CIN,JAX,CIN,Chris Rodriguez Jr.,00-0038611,RB,rec,0.209,0.0,0.0,0.0,0.0,1.0
2026_04_JAX_CIN,JAX,CIN,Chris Rodriguez Jr.,00-0038611,RB,rec_yds,1.562,0.0,0.0,0.0,0.0,4.977
2026_04_JAX_CIN,JAX,CIN,Chris Rodriguez Jr.,00-0038611,RB,anytime_td,0.274,0.0,0.0,0.0,1.0,1.0
2026_04_JAX_CIN,JAX,CIN,Chris Rodriguez Jr.,00-0038611,RB,first_td,0.055,0.055,0.055,0.055,0.055,0.055
2026_04_JAX_CIN,JAX,CIN,Brenton Strange,00-0038935,TE,car,0.002,0.0,0.0,0.0,0.0,0.0
2026_04_JAX_CIN,JAX,CIN,Brenton Strange,00-0038935,TE,rush_yds,0.006,0.0,0.0,0.0,0.0,0.0
2026_04_JAX_CIN,JAX,CIN,Brenton Strange,00-0038935,TE,tgt,4.3,1.0,2.0,4.0,6.0,8.0
2026_04_JAX_CIN,JAX,CIN,Brenton Strange,00-0038935,TE,rec,3.065,1.0,2.0,3.0,4.0,6.0
2026_04_JAX_CIN,JAX,CIN,Brenton Strange,00-0038935,TE,rec_yds,31.957,3.201,12.535,26.381,45.99,67.184
2026_04_JAX_CIN,JAX,CIN,Brenton Strange,00-0038935,TE,anytime_td,0.203,0.0,0.0,0.0,0.0,1.0
2026_04_JAX_CIN,JAX,CIN,Brenton Strange,00-0038935,TE,first_td,0.038,0.038,0.038,0.038,0.038,0.038
2026_04_JAX_CIN,JAX,CIN,Ameer Abdullah,00-0032104,RB,car,2.595,0.0,0.0,2.0,4.0,6.0
2026_04_JAX_CIN,JAX,CIN,Ameer Abdullah,00-0032104,RB,rush_yds,11.243,0.0,0.0,5.544,15.888,31.861
2026_04_JAX_CIN,JAX,CIN,Ameer Abdullah,00-0032104,RB,tgt,1.282,0.0,0.0,1.0,2.0,3.0
2026_04_JAX_CIN,JAX,CIN,Ameer Abdullah,00-0032104,RB,rec,1.002,0.0,0.0,1.0,2.0,3.0
2026_04_JAX_CIN,JAX,CIN,Ameer Abdullah,00-0032104,RB,rec_yds,7.021,0.0,0.0,1.619,10.155,21.712
2026_04_JAX_CIN,JAX,CIN,Ameer Abdullah,00-0032104,RB,anytime_td,0.073,0.0,0.0,0.0,0.0,0.0
2026_04_JAX_CIN,JAX,CIN,Ameer Abdullah,00-0032104,RB,first_td,0.013,0.013,0.013,0.013,0.013,0.013
2026_04_JAX_CIN,JAX,CIN,Travis Hunter,00-0040718,WR,car,0.248,0.0,0.0,0.0,0.0,1.0
2026_04_JAX_CIN,JAX,CIN,Travis Hunter,00-0040718,WR,rush_yds,1.36,0.0,0.0,0.0,0.0,1.058
2026_04_JAX_CIN,JAX,CIN,Travis Hunter,00-0040718,WR,tgt,2.443,0.0,1.0,2.0,4.0,5.0
2026_04_JAX_CIN,JAX,CIN,Travis Hunter,00-0040718,WR,rec,1.554,0.0,0.0,1.0,2.0,4.0
2026_04_JAX_CIN,JAX,CIN,Travis Hunter,00-0040718,WR,rec_yds,19.091,0.0,0.0,12.578,28.47,49.197
2026_04_JAX_CIN,JAX,CIN,Travis Hunter,00-0040718,WR,anytime_td,0.083,0.0,0.0,0.0,0.0,0.0
2026_04_JAX_CIN,JAX,CIN,Travis Hunter,00-0040718,WR,first_td,0.014,0.014,0.014,0.014,0.014,0.014
2026_04_JAX_CIN,JAX,CIN,Bhayshul Tuten,00-0040719,RB,car,9.507,3.0,6.0,9.0,13.0,16.0
2026_04_JAX_CIN,JAX,CIN,Bhayshul Tuten,00-0040719,RB,rush_yds,42.559,9.222,19.837,36.354,58.259,84.079
2026_04_JAX_CIN,JAX,CIN,Bhayshul Tuten,00-0040719,RB,tgt,1.397,0.0,0.0,1.0,2.0,3.0
2026_04_JAX_CIN,JAX,CIN,Bhayshul Tuten,00-0040719,RB,rec,1.125,0.0,0.0,1.0,2.0,3.0
2026_04_JAX_CIN,JAX,CIN,Bhayshul Tuten,00-0040719,RB,rec_yds,8.092,0.0,0.0,2.98,12.116,23.988
2026_04_JAX_CIN,JAX,CIN,Bhayshul Tuten,00-0040719,RB,anytime_td,0.364,0.0,0.0,0.0,1.0,1.0
2026_04_JAX_CIN,JAX,CIN,Bhayshul Tuten,00-0040719,RB,first_td,0.077,0.077,0.077,0.077,0.077,0.077
2026_04_JAX_CIN,JAX,CIN,Nate Boerkircher,00-0041503,TE,car,0.002,0.0,0.0,0.0,0.0,0.0
2026_04_JAX_CIN,JAX,CIN,Nate Boerkircher,00-0041503,TE,rush_yds,0.007,0.0,0.0,0.0,0.0,0.0
2026_04_JAX_CIN,JAX,CIN,Nate Boerkircher,00-0041503,TE,tgt,0.981,0.0,0.0,1.0,2.0,3.0
2026_04_JAX_CIN,JAX,CIN,Nate Boerkircher,00-0041503,TE,rec,0.687,0.0,0.0,0.0,1.0,2.0
2026_04_JAX_CIN,JAX,CIN,Nate Boerkircher,00-0041503,TE,rec_yds,7.016,0.0,0.0,0.0,10.47,22.56
2026_04_JAX_CIN,JAX,CIN,Nate Boerkircher,00-0041503,TE,anytime_td,0.035,0.0,0.0,0.0,0.0,0.0
2026_04_JAX_CIN,JAX,CIN,Nate Boerkircher,00-0041503,TE,first_td,0.006,0.006,0.006,0.006,0.006,0.006
2026_04_JAX_CIN,JAX,CIN,Brian Thomas Jr.,00-0039893,WR,car,0.063,0.0,0.0,0.0,0.0,0.0
2026_04_JAX_CIN,JAX,CIN,Brian Thomas Jr.,00-0039893,WR,rush_yds,0.331,0.0,0.0,0.0,0.0,0.0
2026_04_JAX_CIN,JAX,CIN,Brian Thomas Jr.,00-0039893,WR,tgt,4.573,1.0,3.0,4.0,6.0,8.0
2026_04_JAX_CIN,JAX,CIN,Brian Thomas Jr.,00-0039893,WR,rec,2.83,1.0,1.0,3.0,4.0,5.0
2026_04_JAX_CIN,JAX,CIN,Brian Thomas Jr.,00-0039893,WR,rec_yds,36.623,2.124,13.304,29.773,52.484,78.858
2026_04_JAX_CIN,JAX,CIN,Brian Thomas Jr.,00-0039893,WR,anytime_td,0.135,0.0,0.0,0.0,0.0,1.0
2026_04_JAX_CIN,JAX,CIN,Brian Thomas Jr.,00-0039893,WR,first_td,0.024,0.024,0.024,0.024,0.024,0.024
2026_04_JAX_CIN,JAX,CIN,Trevor Lawrence,00-0036971,QB,att,31.609,21.0,27.0,32.0,38.0,42.0
2026_04_JAX_CIN,JAX,CIN,Trevor Lawrence,00-0036971,QB,cmp,20.41,13.0,17.0,21.0,24.0,28.0
2026_04_JAX_CIN,JAX,CIN,Trevor Lawrence,00-0036971,QB,pass_yds,235.906,136.473,185.538,235.905,288.599,339.915
2026_04_JAX_CIN,JAX,CIN,Trevor Lawrence,00-0036971,QB,pass_td,1.54,0.0,1.0,1.0,2.0,3.0
2026_04_JAX_CIN,JAX,CIN,Trevor Lawrence,00-0036971,QB,ints,0.715,0.0,0.0,0.0,1.0,2.0
2026_04_JAX_CIN,JAX,CIN,Trevor Lawrence,00-0036971,QB,car,4.15,1.0,2.0,4.0,6.0,8.0
2026_04_JAX_CIN,JAX,CIN,Trevor Lawrence,00-0036971,QB,rush_yds,18.396,0.0,4.911,13.903,26.592,42.426
2026_04_JAX_CIN,JAX,CIN,Trevor Lawrence,00-0036971,QB,tgt,0.0,0.0,0.0,0.0,0.0,0.0
2026_04_JAX_CIN,JAX,CIN,Trevor Lawrence,00-0036971,QB,rec,0.0,0.0,0.0,0.0,0.0,0.0
2026_04_JAX_CIN,JAX,CIN,Trevor Lawrence,00-0036971,QB,rec_yds,0.002,0.0,0.0,0.0,0.0,0.0
2026_04_JAX_CIN,JAX,CIN,Trevor Lawrence,00-0036971,QB,anytime_td,0.212,0.0,0.0,0.0,0.0,1.0
2026_04_JAX_CIN,JAX,CIN,Trevor Lawrence,00-0036971,QB,first_td,0.041,0.041,0.041,0.041,0.041,0.041
2026_04_JAX_CIN,JAX,CIN,C.J. Williams,00-0041106,WR,car,0.031,0.0,0.0,0.0,0.0,0.0
2026_04_JAX_CIN,JAX,CIN,C.J. Williams,00-0041106,WR,rush_yds,0.17,0.0,0.0,0.0,0.0,0.0
2026_04_JAX_CIN,JAX,CIN,C.J. Williams,00-0041106,WR,tgt,0.646,0.0,0.0,0.0,1.0,2.0
2026_04_JAX_CIN,JAX,CIN,C.J. Williams,00-0041106,WR,rec,0.41,0.0,0.0,0.0,1.0,1.0
2026_04_JAX_CIN,JAX,CIN,C.J. Williams,00-0041106,WR,rec_yds,5.189,0.0,0.0,0.0,4.992,18.312
2026_04_JAX_CIN,JAX,CIN,C.J. Williams,00-0041106,WR,anytime_td,0.016,0.0,0.0,0.0,0.0,0.0
2026_04_JAX_CIN,JAX,CIN,C.J. Williams,00-0041106,WR,first_td,0.003,0.003,0.003,0.003,0.003,0.003
2026_04_JAX_CIN,JAX,CIN,Quintin Morris,00-0036590,TE,car,0.003,0.0,0.0,0.0,0.0,0.0
2026_04_JAX_CIN,JAX,CIN,Quintin Morris,00-0036590,TE,rush_yds,0.004,0.0,0.0,0.0,0.0,0.0
2026_04_JAX_CIN,JAX,CIN,Quintin Morris,00-0036590,TE,tgt,0.787,0.0,0.0,0.0,1.0,2.0
2026_04_JAX_CIN,JAX,CIN,Quintin Morris,00-0036590,TE,rec,0.567,0.0,0.0,0.0,1.0,2.0
2026_04_JAX_CIN,JAX,CIN,Quintin Morris,00-0036590,TE,rec_yds,5.729,0.0,0.0,0.0,7.755,19.482
2026_04_JAX_CIN,JAX,CIN,Quintin Morris,00-0036590,TE,anytime_td,0.035,0.0,0.0,0.0,0.0,0.0
2026_04_JAX_CIN,JAX,CIN,Quintin Morris,00-0036590,TE,first_td,0.006,0.006,0.006,0.006,0.006,0.006
2026_04_LA_PHI,PHI,LA,Dontayvion Wicks,00-0038393,WR,car,0.041,0.0,0.0,0.0,0.0,0.0
2026_04_LA_PHI,PHI,LA,Dontayvion Wicks,00-0038393,WR,rush_yds,0.222,0.0,0.0,0.0,0.0,0.0
2026_04_LA_PHI,PHI,LA,Dontayvion Wicks,00-0038393,WR,tgt,6.212,3.0,4.0,6.0,8.0,10.0
2026_04_LA_PHI,PHI,LA,Dontayvion Wicks,00-0038393,WR,rec,3.619,1.0,2.0,3.0,5.0,7.0
2026_04_LA_PHI,PHI,LA,Dontayvion Wicks,00-0038393,WR,rec_yds,51.722,9.333,23.003,44.281,72.827,103.943
2026_04_LA_PHI,PHI,LA,Dontayvion Wicks,00-0038393,WR,anytime_td,0.173,0.0,0.0,0.0,0.0,1.0
2026_04_LA_PHI,PHI,LA,Dontayvion Wicks,00-0038393,WR,first_td,0.054,0.054,0.054,0.054,0.054,0.054
2026_04_LA_PHI,PHI,LA,Johnny Mundt,00-0033246,TE,car,0.002,0.0,0.0,0.0,0.0,0.0
2026_04_LA_PHI,PHI,LA,Johnny Mundt,00-0033246,TE,rush_yds,0.006,0.0,0.0,0.0,0.0,0.0
2026_04_LA_PHI,PHI,LA,Johnny Mundt,00-0033246,TE,tgt,1.8,0.0,1.0,1.0,3.0,4.0
2026_04_LA_PHI,PHI,LA,Johnny Mundt,00-0033246,TE,rec,1.189,0.0,0.0,1.0,2.0,3.0
2026_04_LA_PHI,PHI,LA,Johnny Mundt,00-0033246,TE,rec_yds,12.2,0.0,0.0,6.562,18.882,34.011
2026_04_LA_PHI,PHI,LA,Johnny Mundt,00-0033246,TE,anytime_td,0.017,0.0,0.0,0.0,0.0,0.0
2026_04_LA_PHI,PHI,LA,Johnny Mundt,00-0033246,TE,first_td,0.005,0.005,0.005,0.005,0.005,0.005
2026_04_LA_PHI,PHI,LA,Elijah Moore,00-0036980,WR,car,0.192,0.0,0.0,0.0,0.0,0.0
2026_04_LA_PHI,PHI,LA,Elijah Moore,00-0036980,WR,rush_yds,1.019,0.0,0.0,0.0,0.0,0.0
2026_04_LA_PHI,PHI,LA,Elijah Moore,00-0036980,WR,tgt,1.881,0.0,1.0,2.0,3.0,4.0
2026_04_LA_PHI,PHI,LA,Elijah Moore,00-0036980,WR,rec,1.102,0.0,0.0,1.0,2.0,3.0
2026_04_LA_PHI,PHI,LA,Elijah Moore,00-0036980,WR,rec_yds,14.351,0.0,0.0,7.136,21.643,41.703
2026_04_LA_PHI,PHI,LA,Elijah Moore,00-0036980,WR,anytime_td,0.042,0.0,0.0,0.0,0.0,0.0
2026_04_LA_PHI,PHI,LA,Elijah Moore,00-0036980,WR,first_td,0.012,0.012,0.012,0.012,0.012,0.012
2026_04_LA_PHI,PHI,LA,Jalen Hurts,00-0036389,QB,att,29.201,19.0,25.0,30.0,35.0,39.0
2026_04_LA_PHI,PHI,LA,Jalen Hurts,00-0036389,QB,cmp,17.824,11.0,15.0,18.0,22.0,25.0
2026_04_LA_PHI,PHI,LA,Jalen Hurts,00-0036389,QB,pass_yds,194.73,107.37,148.254,192.72,240.825,287.132
2026_04_LA_PHI,PHI,LA,Jalen Hurts,00-0036389,QB,pass_td,1.182,0.0,0.0,1.0,2.0,3.0
2026_04_LA_PHI,PHI,LA,Jalen Hurts,00-0036389,QB,ints,0.739,0.0,0.0,0.0,1.0,2.0
2026_04_LA_PHI,PHI,LA,Jalen Hurts,00-0036389,QB,car,4.996,1.0,3.0,4.0,7.0,9.0
2026_04_LA_PHI,PHI,LA,Jalen Hurts,00-0036389,QB,rush_yds,24.03,1.998,8.995,19.99,34.859,50.428
2026_04_LA_PHI,PHI,LA,Jalen Hurts,00-0036389,QB,tgt,0.001,0.0,0.0,0.0,0.0,0.0
2026_04_LA_PHI,PHI,LA,Jalen Hurts,00-0036389,QB,rec,0.001,0.0,0.0,0.0,0.0,0.0
2026_04_LA_PHI,PHI,LA,Jalen Hurts,00-0036389,QB,rec_yds,0.008,0.0,0.0,0.0,0.0,0.0
2026_04_LA_PHI,PHI,LA,Jalen Hurts,00-0036389,QB,anytime_td,0.236,0.0,0.0,0.0,0.0,1.0
2026_04_LA_PHI,PHI,LA,Jalen Hurts,00-0036389,QB,first_td,0.081,0.081,0.081,0.081,0.081,0.081
2026_04_LA_PHI,PHI,LA,Saquon Barkley,00-0034844,RB,car,13.698,6.0,9.0,13.0,17.0,22.0
2026_04_LA_PHI,PHI,LA,Saquon Barkley,00-0034844,RB,rush_yds,55.755,18.829,31.395,49.577,73.38,100.248
2026_04_LA_PHI,PHI,LA,Saquon Barkley,00-0034844,RB,tgt,3.689,1.0,2.0,3.0,5.0,7.0
2026_04_LA_PHI,PHI,LA,Saquon Barkley,00-0034844,RB,rec,2.509,0.0,1.0,2.0,4.0,5.0
2026_04_LA_PHI,PHI,LA,Saquon Barkley,00-0034844,RB,rec_yds,18.181,0.0,4.884,13.479,26.62,42.883
2026_04_LA_PHI,PHI,LA,Saquon Barkley,00-0034844,RB,anytime_td,0.256,0.0,0.0,0.0,1.0,1.0
2026_04_LA_PHI,PHI,LA,Saquon Barkley,00-0034844,RB,first_td,0.087,0.087,0.087,0.087,0.087,0.087
2026_04_LA_PHI,PHI,LA,Zach Ertz,00-0030061,TE,car,0.003,0.0,0.0,0.0,0.0,0.0
2026_04_LA_PHI,PHI,LA,Zach Ertz,00-0030061,TE,rush_yds,0.009,0.0,0.0,0.0,0.0,0.0
2026_04_LA_PHI,PHI,LA,Zach Ertz,00-0030061,TE,tgt,6.215,3.0,4.0,6.0,8.0,10.0
2026_04_LA_PHI,PHI,LA,Zach Ertz,00-0030061,TE,rec,4.087,1.0,2.0,4.0,5.0,7.0
2026_04_LA_PHI,PHI,LA,Zach Ertz,00-0030061,TE,rec_yds,43.351,9.362,21.406,38.369,60.327,83.339
2026_04_LA_PHI,PHI,LA,Zach Ertz,00-0030061,TE,anytime_td,0.155,0.0,0.0,0.0,0.0,1.0
2026_04_LA_PHI,PHI,LA,Zach Ertz,00-0030061,TE,first_td,0.049,0.049,0.049,0.049,0.049,0.049
2026_04_LA_PHI,PHI,LA,Makai Lemon,00-0040867,WR,car,0.38,0.0,0.0,0.0,0.0,1.0
2026_04_LA_PHI,PHI,LA,Makai Lemon,00-0040867,WR,rush_yds,1.894,0.0,0.0,0.0,0.0,5.187
2026_04_LA_PHI,PHI,LA,Makai Lemon,00-0040867,WR,tgt,4.755,2.0,3.0,4.0,6.0,8.0
2026_04_LA_PHI,PHI,LA,Makai Lemon,00-0040867,WR,rec,2.907,1.0,1.0,3.0,4.0,6.0
2026_04_LA_PHI,PHI,LA,Makai Lemon,00-0040867,WR,rec_yds,34.836,3.145,13.183,28.686,49.663,74.565
2026_04_LA_PHI,PHI,LA,Makai Lemon,00-0040867,WR,anytime_td,0.065,0.0,0.0,0.0,0.0,0.0
2026_04_LA_PHI,PHI,LA,Makai Lemon,00-0040867,WR,first_td,0.019,0.019,0.019,0.019,0.019,0.019
2026_04_LA_PHI,PHI,LA,Darius Cooper,00-0040024,WR,car,0.011,0.0,0.0,0.0,0.0,0.0
2026_04_LA_PHI,PHI,LA,Darius Cooper,00-0040024,WR,rush_yds,0.061,0.0,0.0,0.0,0.0,0.0
2026_04_LA_PHI,PHI,LA,Darius Cooper,00-0040024,WR,tgt,1.771,0.0,1.0,1.0,3.0,4.0
2026_04_LA_PHI,PHI,LA,Darius Cooper,00-0040024,WR,rec,1.06,0.0,0.0,1.0,2.0,3.0
2026_04_LA_PHI,PHI,LA,Darius Cooper,00-0040024,WR,rec_yds,14.018,0.0,0.0,6.418,21.467,40.072
2026_04_LA_PHI,PHI,LA,Darius Cooper,00-0040024,WR,anytime_td,0.101,0.0,0.0,0.0,0.0,1.0
2026_04_LA_PHI,PHI,LA,Darius Cooper,00-0040024,WR,first_td,0.031,0.031,0.031,0.031,0.031,0.031
2026_04_LA_PHI,PHI,LA,Will Shipley,00-0039746,RB,car,2.174,0.0,0.0,1.0,3.0,6.0
2026_04_LA_PHI,PHI,LA,Will Shipley,00-0039746,RB,rush_yds,8.243,0.0,0.0,3.265,11.543,23.84
2026_04_LA_PHI,PHI,LA,Will Shipley,00-0039746,RB,tgt,2.066,0.0,1.0,2.0,3.0,5.0
2026_04_LA_PHI,PHI,LA,Will Shipley,00-0039746,RB,rec,1.501,0.0,0.0,1.0,2.0,3.0
2026_04_LA_PHI,PHI,LA,Will Shipley,00-0039746,RB,rec_yds,11.026,0.0,0.0,6.607,16.399,29.464
2026_04_LA_PHI,PHI,LA,Will Shipley,00-0039746,RB,anytime_td,0.045,0.0,0.0,0.0,0.0,0.0
2026_04_LA_PHI,PHI,LA,Will Shipley,00-0039746,RB,first_td,0.013,0.013,0.013,0.013,0.013,0.013
2026_04_LA_PHI,PHI,LA,Tank Bigsby,00-0038555,RB,car,5.237,1.0,2.0,4.0,7.0,11.0
2026_04_LA_PHI,PHI,LA,Tank Bigsby,00-0038555,RB,rush_yds,19.891,0.0,5.286,14.2,28.24,46.064
2026_04_LA_PHI,PHI,LA,Tank Bigsby,00-0038555,RB,tgt,1.216,0.0,0.0,1.0,2.0,3.0
2026_04_LA_PHI,PHI,LA,Tank Bigsby,00-0038555,RB,rec,0.9,0.0,0.0,1.0,1.0,2.0
2026_04_LA_PHI,PHI,LA,Tank Bigsby,00-0038555,RB,rec_yds,6.676,0.0,0.0,0.0,9.815,20.574
2026_04_LA_PHI,PHI,LA,Tank Bigsby,00-0038555,RB,anytime_td,0.186,0.0,0.0,0.0,0.0,1.0
2026_04_LA_PHI,PHI,LA,Tank Bigsby,00-0038555,RB,first_td,0.062,0.062,0.062,0.062,0.062,0.062
2026_04_LA_PHI,LA,PHI,Colby Parkinson,00-0036244,TE,car,0.004,0.0,0.0,0.0,0.0,0.0
2026_04_LA_PHI,LA,PHI,Colby Parkinson,00-0036244,TE,rush_yds,0.008,0.0,0.0,0.0,0.0,0.0
2026_04_LA_PHI,LA,PHI,Colby Parkinson,00-0036244,TE,tgt,2.265,0.0,1.0,2.0,3.0,5.0
2026_04_LA_PHI,LA,PHI,Colby Parkinson,00-0036244,TE,rec,1.561,0.0,0.0,1.0,2.0,4.0
2026_04_LA_PHI,LA,PHI,Colby Parkinson,00-0036244,TE,rec_yds,15.834,0.0,0.0,10.637,23.887,40.155
2026_04_LA_PHI,LA,PHI,Colby Parkinson,00-0036244,TE,anytime_td,0.143,0.0,0.0,0.0,0.0,1.0
2026_04_LA_PHI,LA,PHI,Colby Parkinson,00-0036244,TE,first_td,0.034,0.034,0.034,0.034,0.034,0.034
2026_04_LA_PHI,LA,PHI,Dean Connors,00-0041415,RB,car,2.67,0.0,0.0,2.0,4.0,7.0
2026_04_LA_PHI,LA,PHI,Dean Connors,00-0041415,RB,rush_yds,10.5,0.0,0.0,5.118,14.876,28.83
2026_04_LA_PHI,LA,PHI,Dean Connors,00-0041415,RB,tgt,0.664,0.0,0.0,0.0,1.0,2.0
2026_04_LA_PHI,LA,PHI,Dean Connors,00-0041415,RB,rec,0.508,0.0,0.0,0.0,1.0,2.0
2026_04_LA_PHI,LA,PHI,Dean Connors,00-0041415,RB,rec_yds,3.598,0.0,0.0,0.0,4.018,12.488
2026_04_LA_PHI,LA,PHI,Dean Connors,00-0041415,RB,anytime_td,0.117,0.0,0.0,0.0,0.0,1.0
2026_04_LA_PHI,LA,PHI,Dean Connors,00-0041415,RB,first_td,0.027,0.027,0.027,0.027,0.027,0.027
2026_04_LA_PHI,LA,PHI,Tutu Atwell,00-0036849,WR,car,0.016,0.0,0.0,0.0,0.0,0.0
2026_04_LA_PHI,LA,PHI,Tutu Atwell,00-0036849,WR,rush_yds,0.084,0.0,0.0,0.0,0.0,0.0
2026_04_LA_PHI,LA,PHI,Tutu Atwell,00-0036849,WR,tgt,1.425,0.0,0.0,1.0,2.0,3.0
2026_04_LA_PHI,LA,PHI,Tutu Atwell,00-0036849,WR,rec,0.858,0.0,0.0,1.0,1.0,2.0
2026_04_LA_PHI,LA,PHI,Tutu Atwell,00-0036849,WR,rec_yds,11.035,0.0,0.0,2.121,16.469,33.353
2026_04_LA_PHI,LA,PHI,Tutu Atwell,00-0036849,WR,anytime_td,0.031,0.0,0.0,0.0,0.0,0.0
2026_04_LA_PHI,LA,PHI,Tutu Atwell,00-0036849,WR,first_td,0.007,0.007,0.007,0.007,0.007,0.007
2026_04_LA_PHI,LA,PHI,Matthew Stafford,00-0026498,QB,att,31.98,22.0,27.0,33.0,38.0,43.0
2026_04_LA_PHI,LA,PHI,Matthew Stafford,00-0026498,QB,cmp,20.018,13.0,17.0,20.0,24.0,28.0
2026_04_LA_PHI,LA,PHI,Matthew Stafford,00-0026498,QB,pass_yds,232.847,135.56,181.757,232.124,286.209,338.212
2026_04_LA_PHI,LA,PHI,Matthew Stafford,00-0026498,QB,pass_td,1.541,0.0,1.0,1.0,2.0,3.0
2026_04_LA_PHI,LA,PHI,Matthew Stafford,00-0026498,QB,ints,0.675,0.0,0.0,0.0,1.0,2.0
2026_04_LA_PHI,LA,PHI,Matthew Stafford,00-0026498,QB,car,2.234,0.0,1.0,2.0,3.0,5.0
2026_04_LA_PHI,LA,PHI,Matthew Stafford,00-0026498,QB,rush_yds,7.091,-2.0,0.0,2.78,11.294,22.409
2026_04_LA_PHI,LA,PHI,Matthew Stafford,00-0026498,QB,tgt,0.0,0.0,0.0,0.0,0.0,0.0
2026_04_LA_PHI,LA,PHI,Matthew Stafford,00-0026498,QB,rec,0.0,0.0,0.0,0.0,0.0,0.0
2026_04_LA_PHI,LA,PHI,Matthew Stafford,00-0026498,QB,rec_yds,0.002,0.0,0.0,0.0,0.0,0.0
2026_04_LA_PHI,LA,PHI,Matthew Stafford,00-0026498,QB,anytime_td,0.034,0.0,0.0,0.0,0.0,0.0
2026_04_LA_PHI,LA,PHI,Matthew Stafford,00-0026498,QB,first_td,0.008,0.008,0.008,0.008,0.008,0.008
2026_04_LA_PHI,LA,PHI,Davante Adams,00-0031381,WR,car,0.011,0.0,0.0,0.0,0.0,0.0
2026_04_LA_PHI,LA,PHI,Davante Adams,00-0031381,WR,rush_yds,0.058,0.0,0.0,0.0,0.0,0.0
2026_04_LA_PHI,LA,PHI,Davante Adams,00-0031381,WR,tgt,7.318,3.0,5.0,7.0,9.0,12.0
2026_04_LA_PHI,LA,PHI,Davante Adams,00-0031381,WR,rec,4.367,1.0,3.0,4.0,6.0,8.0
2026_04_LA_PHI,LA,PHI,Davante Adams,00-0031381,WR,rec_yds,63.447,14.997,31.675,56.421,87.542,119.935
2026_04_LA_PHI,LA,PHI,Davante Adams,00-0031381,WR,anytime_td,0.328,0.0,0.0,0.0,1.0,1.0
2026_04_LA_PHI,LA,PHI,Davante Adams,00-0031381,WR,first_td,0.085,0.085,0.085,0.085,0.085,0.085
2026_04_LA_PHI,LA,PHI,Jordan Whittington,00-0039751,WR,car,0.101,0.0,0.0,0.0,0.0,0.0
2026_04_LA_PHI,LA,PHI,Jordan Whittington,00-0039751,WR,rush_yds,0.508,0.0,0.0,0.0,0.0,0.0
2026_04_LA_PHI,LA,PHI,Jordan Whittington,00-0039751,WR,tgt,0.791,0.0,0.0,0.0,1.0,2.0
2026_04_LA_PHI,LA,PHI,Jordan Whittington,00-0039751,WR,rec,0.51,0.0,0.0,0.0,1.0,2.0
2026_04_LA_PHI,LA,PHI,Jordan Whittington,00-0039751,WR,rec_yds,6.148,0.0,0.0,0.0,7.794,20.964
2026_04_LA_PHI,LA,PHI,Jordan Whittington,00-0039751,WR,anytime_td,0.012,0.0,0.0,0.0,0.0,0.0
2026_04_LA_PHI,LA,PHI,Jordan Whittington,00-0039751,WR,first_td,0.002,0.002,0.002,0.002,0.002,0.002
2026_04_LA_PHI,LA,PHI,Puka Nacua,00-0039075,WR,car,0.68,0.0,0.0,0.0,1.0,2.0
2026_04_LA_PHI,LA,PHI,Puka Nacua,00-0039075,WR,rush_yds,3.521,0.0,0.0,0.0,0.0,12.162
2026_04_LA_PHI,LA,PHI,Puka Nacua,00-0039075,WR,tgt,9.069,4.0,6.0,9.0,11.0,14.0
2026_04_LA_PHI,LA,PHI,Puka Nacua,00-0039075,WR,rec,5.72,2.0,4.0,5.0,7.0,9.0
2026_04_LA_PHI,LA,PHI,Puka Nacua,00-0039075,WR,rec_yds,73.688,23.319,41.838,67.076,98.949,132.967
2026_04_LA_PHI,LA,PHI,Puka Nacua,00-0039075,WR,anytime_td,0.362,0.0,0.0,0.0,1.0,1.0
2026_04_LA_PHI,LA,PHI,Puka Nacua,00-0039075,WR,first_td,0.095,0.095,0.095,0.095,0.095,0.095
2026_04_LA_PHI,LA,PHI,Davis Allen,00-0039074,TE,car,0.003,0.0,0.0,0.0,0.0,0.0
2026_04_LA_PHI,LA,PHI,Davis Allen,00-0039074,TE,rush_yds,0.006,0.0,0.0,0.0,0.0,0.0
2026_04_LA_PHI,LA,PHI,Davis Allen,00-0039074,TE,tgt,1.248,0.0,0.0,1.0,2.0,3.0
2026_04_LA_PHI,LA,PHI,Davis Allen,00-0039074,TE,rec,0.889,0.0,0.0,1.0,1.0,2.0
2026_04_LA_PHI,LA,PHI,Davis Allen,00-0039074,TE,rec_yds,8.789,0.0,0.0,1.081,13.196,26.356
2026_04_LA_PHI,LA,PHI,Davis Allen,00-0039074,TE,anytime_td,0.03,0.0,0.0,0.0,0.0,0.0
2026_04_LA_PHI,LA,PHI,Davis Allen,00-0039074,TE,first_td,0.006,0.006,0.006,0.006,0.006,0.006
2026_04_LA_PHI,LA,PHI,Konata Mumpfield,00-0040590,WR,car,0.011,0.0,0.0,0.0,0.0,0.0
2026_04_LA_PHI,LA,PHI,Konata Mumpfield,00-0040590,WR,rush_yds,0.048,0.0,0.0,0.0,0.0,0.0
2026_04_LA_PHI,LA,PHI,Konata Mumpfield,00-0040590,WR,tgt,2.579,0.0,1.0,2.0,4.0,5.0
2026_04_LA_PHI,LA,PHI,Konata Mumpfield,00-0040590,WR,rec,1.487,0.0,0.0,1.0,2.0,3.0
2026_04_LA_PHI,LA,PHI,Konata Mumpfield,00-0040590,WR,rec_yds,19.475,0.0,0.0,12.085,29.504,50.766
2026_04_LA_PHI,LA,PHI,Konata Mumpfield,00-0040590,WR,anytime_td,0.129,0.0,0.0,0.0,0.0,1.0
2026_04_LA_PHI,LA,PHI,Konata Mumpfield,00-0040590,WR,first_td,0.029,0.029,0.029,0.029,0.029,0.029
2026_04_LA_PHI,LA,PHI,Tyler Higbee,00-0033110,TE,car,0.002,0.0,0.0,0.0,0.0,0.0
2026_04_LA_PHI,LA,PHI,Tyler Higbee,00-0033110,TE,rush_yds,0.004,0.0,0.0,0.0,0.0,0.0
2026_04_LA_PHI,LA,PHI,Tyler Higbee,00-0033110,TE,tgt,3.217,1.0,2.0,3.0,4.0,6.0
2026_04_LA_PHI,LA,PHI,Tyler Higbee,00-0033110,TE,rec,2.291,0.0,1.0,2.0,3.0,5.0
2026_04_LA_PHI,LA,PHI,Tyler Higbee,00-0033110,TE,rec_yds,22.441,0.0,6.234,17.166,33.038,51.768
2026_04_LA_PHI,LA,PHI,Tyler Higbee,00-0033110,TE,anytime_td,0.181,0.0,0.0,0.0,0.0,1.0
2026_04_LA_PHI,LA,PHI,Tyler Higbee,00-0033110,TE,first_td,0.043,0.043,0.043,0.043,0.043,0.043
2026_04_LA_PHI,LA,PHI,Kyren Williams,00-0037840,RB,car,12.633,5.0,8.0,12.0,16.0,20.0
2026_04_LA_PHI,LA,PHI,Kyren Williams,00-0037840,RB,rush_yds,55.339,16.857,29.556,48.633,73.358,102.869
2026_04_LA_PHI,LA,PHI,Kyren Williams,00-0037840,RB,tgt,2.833,0.0,1.0,2.0,4.0,6.0
2026_04_LA_PHI,LA,PHI,Kyren Williams,00-0037840,RB,rec,2.242,0.0,1.0,2.0,3.0,5.0
2026_04_LA_PHI,LA,PHI,Kyren Williams,00-0037840,RB,rec_yds,17.383,0.0,3.29,12.555,25.556,42.098
2026_04_LA_PHI,LA,PHI,Kyren Williams,00-0037840,RB,anytime_td,0.486,0.0,0.0,0.0,1.0,1.0
2026_04_LA_PHI,LA,PHI,Kyren Williams,00-0037840,RB,first_td,0.141,0.141,0.141,0.141,0.141,0.141
2026_04_LA_PHI,LA,PHI,Blake Corum,00-0039738,RB,car,8.534,3.0,5.0,8.0,11.0,15.0
2026_04_LA_PHI,LA,PHI,Blake Corum,00-0039738,RB,rush_yds,36.53,7.06,15.834,30.349,50.108,74.074
2026_04_LA_PHI,LA,PHI,Blake Corum,00-0039738,RB,tgt,1.214,0.0,0.0,1.0,2.0,3.0
2026_04_LA_PHI,LA,PHI,Blake Corum,00-0039738,RB,rec,0.91,0.0,0.0,1.0,1.0,2.0
2026_04_LA_PHI,LA,PHI,Blake Corum,00-0039738,RB,rec_yds,6.288,0.0,0.0,0.0,9.143,19.281
2026_04_LA_PHI,LA,PHI,Blake Corum,00-0039738,RB,anytime_td,0.208,0.0,0.0,0.0,0.0,1.0
2026_04_LA_PHI,LA,PHI,Blake Corum,00-0039738,RB,first_td,0.05,0.05,0.05,0.05,0.05,0.05
2026_04_NE_BUF,BUF,NE,Ty Johnson,00-0035537,RB,car,2.752,0.0,0.0,2.0,4.0,7.0
2026_04_NE_BUF,BUF,NE,Ty Johnson,00-0035537,RB,rush_yds,11.8,0.0,0.0,5.716,16.646,32.019
2026_04_NE_BUF,BUF,NE,Ty Johnson,00-0035537,RB,tgt,2.554,0.0,1.0,2.0,4.0,5.0
2026_04_NE_BUF,BUF,NE,Ty Johnson,00-0035537,RB,rec,2.078,0.0,1.0,2.0,3.0,4.0
2026_04_NE_BUF,BUF,NE,Ty Johnson,00-0035537,RB,rec_yds,17.779,0.0,2.304,12.272,26.312,44.437
2026_04_NE_BUF,BUF,NE,Ty Johnson,00-0035537,RB,anytime_td,0.251,0.0,0.0,0.0,1.0,1.0
2026_04_NE_BUF,BUF,NE,Ty Johnson,00-0035537,RB,first_td,0.054,0.054,0.054,0.054,0.054,0.054
2026_04_NE_BUF,BUF,NE,DJ Moore,00-0034827,WR,car,0.424,0.0,0.0,0.0,0.0,1.0
2026_04_NE_BUF,BUF,NE,DJ Moore,00-0034827,WR,rush_yds,2.228,0.0,0.0,0.0,0.0,7.01
2026_04_NE_BUF,BUF,NE,DJ Moore,00-0034827,WR,tgt,5.043,2.0,3.0,5.0,7.0,9.0
2026_04_NE_BUF,BUF,NE,DJ Moore,00-0034827,WR,rec,3.193,1.0,2.0,3.0,4.0,6.0
2026_04_NE_BUF,BUF,NE,DJ Moore,00-0034827,WR,rec_yds,43.598,5.955,17.666,36.93,62.08,89.307
2026_04_NE_BUF,BUF,NE,DJ Moore,00-0034827,WR,anytime_td,0.284,0.0,0.0,0.0,1.0,1.0
2026_04_NE_BUF,BUF,NE,DJ Moore,00-0034827,WR,first_td,0.06,0.06,0.06,0.06,0.06,0.06
2026_04_NE_BUF,BUF,NE,Dawson Knox,00-0035689,TE,car,0.184,0.0,0.0,0.0,0.0,0.0
2026_04_NE_BUF,BUF,NE,Dawson Knox,00-0035689,TE,rush_yds,0.432,0.0,0.0,0.0,0.0,0.0
2026_04_NE_BUF,BUF,NE,Dawson Knox,00-0035689,TE,tgt,2.013,0.0,1.0,2.0,3.0,4.0
2026_04_NE_BUF,BUF,NE,Dawson Knox,00-0035689,TE,rec,1.524,0.0,0.0,1.0,2.0,3.0
2026_04_NE_BUF,BUF,NE,Dawson Knox,00-0035689,TE,rec_yds,15.795,0.0,0.0,10.593,24.072,40.325
2026_04_NE_BUF,BUF,NE,Dawson Knox,00-0035689,TE,anytime_td,0.189,0.0,0.0,0.0,0.0,1.0
2026_04_NE_BUF,BUF,NE,Dawson Knox,00-0035689,TE,first_td,0.038,0.038,0.038,0.038,0.038,0.038
2026_04_NE_BUF,BUF,NE,Greg Dortch,00-0035500,WR,car,0.282,0.0,0.0,0.0,0.0,1.0
2026_04_NE_BUF,BUF,NE,Greg Dortch,00-0035500,WR,rush_yds,1.55,0.0,0.0,0.0,0.0,1.806
2026_04_NE_BUF,BUF,NE,Greg Dortch,00-0035500,WR,tgt,1.223,0.0,0.0,1.0,2.0,3.0
2026_04_NE_BUF,BUF,NE,Greg Dortch,00-0035500,WR,rec,0.81,0.0,0.0,1.0,1.0,2.0
2026_04_NE_BUF,BUF,NE,Greg Dortch,00-0035500,WR,rec_yds,10.149,0.0,0.0,0.0,14.962,30.728
2026_04_NE_BUF,BUF,NE,Greg Dortch,00-0035500,WR,anytime_td,0.104,0.0,0.0,0.0,0.0,1.0
2026_04_NE_BUF,BUF,NE,Greg Dortch,00-0035500,WR,first_td,0.021,0.021,0.021,0.021,0.021,0.021
2026_04_NE_BUF,BUF,NE,Ray Davis,00-0039875,RB,car,1.788,0.0,0.0,1.0,3.0,5.0
2026_04_NE_BUF,BUF,NE,Ray Davis,00-0039875,RB,rush_yds,8.103,0.0,0.0,1.974,10.711,24.27
2026_04_NE_BUF,BUF,NE,Ray Davis,00-0039875,RB,tgt,0.448,0.0,0.0,0.0,1.0,1.0
2026_04_NE_BUF,BUF,NE,Ray Davis,00-0039875,RB,rec,0.356,0.0,0.0,0.0,1.0,1.0
2026_04_NE_BUF,BUF,NE,Ray Davis,00-0039875,RB,rec_yds,2.803,0.0,0.0,0.0,0.0,10.061
2026_04_NE_BUF,BUF,NE,Ray Davis,00-0039875,RB,anytime_td,0.048,0.0,0.0,0.0,0.0,0.0
2026_04_NE_BUF,BUF,NE,Ray Davis,00-0039875,RB,first_td,0.009,0.009,0.009,0.009,0.009,0.009
2026_04_NE_BUF,BUF,NE,Dalton Kincaid,00-0038933,TE,car,0.003,0.0,0.0,0.0,0.0,0.0
2026_04_NE_BUF,BUF,NE,Dalton Kincaid,00-0038933,TE,rush_yds,0.006,0.0,0.0,0.0,0.0,0.0
2026_04_NE_BUF,BUF,NE,Dalton Kincaid,00-0038933,TE,tgt,4.426,1.0,3.0,4.0,6.0,8.0
2026_04_NE_BUF,BUF,NE,Dalton Kincaid,00-0038933,TE,rec,3.363,1.0,2.0,3.0,5.0,6.0
2026_04_NE_BUF,BUF,NE,Dalton Kincaid,00-0038933,TE,rec_yds,45.082,6.759,18.875,38.22,63.652,92.417
2026_04_NE_BUF,BUF,NE,Dalton Kincaid,00-0038933,TE,anytime_td,0.25,0.0,0.0,0.0,0.0,1.0
2026_04_NE_BUF,BUF,NE,Dalton Kincaid,00-0038933,TE,first_td,0.053,0.053,0.053,0.053,0.053,0.053
2026_04_NE_BUF,BUF,NE,Keon Coleman,00-0039901,WR,car,0.012,0.0,0.0,0.0,0.0,0.0
2026_04_NE_BUF,BUF,NE,Keon Coleman,00-0039901,WR,rush_yds,0.044,0.0,0.0,0.0,0.0,0.0
2026_04_NE_BUF,BUF,NE,Keon Coleman,00-0039901,WR,tgt,2.979,1.0,1.0,3.0,4.0,6.0
2026_04_NE_BUF,BUF,NE,Keon Coleman,00-0039901,WR,rec,1.999,0.0,1.0,2.0,3.0,4.0
2026_04_NE_BUF,BUF,NE,Keon Coleman,00-0039901,WR,rec_yds,27.225,0.0,5.961,19.98,40.251,64.349
2026_04_NE_BUF,BUF,NE,Keon Coleman,00-0039901,WR,anytime_td,0.131,0.0,0.0,0.0,0.0,1.0
2026_04_NE_BUF,BUF,NE,Keon Coleman,00-0039901,WR,first_td,0.026,0.026,0.026,0.026,0.026,0.026
2026_04_NE_BUF,BUF,NE,Jackson Hawes,00-0040194,TE,car,0.002,0.0,0.0,0.0,0.0,0.0
2026_04_NE_BUF,BUF,NE,Jackson Hawes,00-0040194,TE,rush_yds,0.007,0.0,0.0,0.0,0.0,0.0
2026_04_NE_BUF,BUF,NE,Jackson Hawes,00-0040194,TE,tgt,0.573,0.0,0.0,0.0,1.0,2.0
2026_04_NE_BUF,BUF,NE,Jackson Hawes,00-0040194,TE,rec,0.411,0.0,0.0,0.0,1.0,1.0
2026_04_NE_BUF,BUF,NE,Jackson Hawes,00-0040194,TE,rec_yds,4.492,0.0,0.0,0.0,4.651,16.488
2026_04_NE_BUF,BUF,NE,Jackson Hawes,00-0040194,TE,anytime_td,0.029,0.0,0.0,0.0,0.0,0.0
2026_04_NE_BUF,BUF,NE,Jackson Hawes,00-0040194,TE,first_td,0.006,0.006,0.006,0.006,0.006,0.006
2026_04_NE_BUF,BUF,NE,James Cook,00-0037248,RB,car,16.964,9.0,12.0,16.0,21.0,26.0
2026_04_NE_BUF,BUF,NE,James Cook,00-0037248,RB,rush_yds,84.469,32.804,50.604,76.975,110.195,146.79
2026_04_NE_BUF,BUF,NE,James Cook,00-0037248,RB,tgt,2.279,0.0,1.0,2.0,3.0,5.0
2026_04_NE_BUF,BUF,NE,James Cook,00-0037248,RB,rec,1.696,0.0,1.0,1.0,2.0,4.0
2026_04_NE_BUF,BUF,NE,James Cook,00-0037248,RB,rec_yds,12.7,0.0,0.0,8.293,18.867,32.604
2026_04_NE_BUF,BUF,NE,James Cook,00-0037248,RB,anytime_td,0.386,0.0,0.0,0.0,1.0,1.0
2026_04_NE_BUF,BUF,NE,James Cook,00-0037248,RB,first_td,0.09,0.09,0.09,0.09,0.09,0.09
2026_04_NE_BUF,BUF,NE,Khalil Shakir,00-0037261,WR,car,0.026,0.0,0.0,0.0,0.0,0.0
2026_04_NE_BUF,BUF,NE,Khalil Shakir,00-0037261,WR,rush_yds,0.123,0.0,0.0,0.0,0.0,0.0
2026_04_NE_BUF,BUF,NE,Khalil Shakir,00-0037261,WR,tgt,5.257,2.0,3.0,5.0,7.0,9.0
2026_04_NE_BUF,BUF,NE,Khalil Shakir,00-0037261,WR,rec,3.447,1.0,2.0,3.0,5.0,6.0
2026_04_NE_BUF,BUF,NE,Khalil Shakir,00-0037261,WR,rec_yds,42.009,6.366,17.994,35.898,59.647,84.88
2026_04_NE_BUF,BUF,NE,Khalil Shakir,00-0037261,WR,anytime_td,0.156,0.0,0.0,0.0,0.0,1.0
2026_04_NE_BUF,BUF,NE,Khalil Shakir,00-0037261,WR,first_td,0.031,0.031,0.031,0.031,0.031,0.031
2026_04_NE_BUF,BUF,NE,Josh Palmer,00-0036988,WR,car,0.009,0.0,0.0,0.0,0.0,0.0
2026_04_NE_BUF,BUF,NE,Josh Palmer,00-0036988,WR,rush_yds,0.047,0.0,0.0,0.0,0.0,0.0
2026_04_NE_BUF,BUF,NE,Josh Palmer,00-0036988,WR,tgt,2.049,0.0,1.0,2.0,3.0,4.0
2026_04_NE_BUF,BUF,NE,Josh Palmer,00-0036988,WR,rec,1.261,0.0,0.0,1.0,2.0,3.0
2026_04_NE_BUF,BUF,NE,Josh Palmer,00-0036988,WR,rec_yds,18.341,0.0,0.0,10.356,27.768,49.953
2026_04_NE_BUF,BUF,NE,Josh Palmer,00-0036988,WR,anytime_td,0.191,0.0,0.0,0.0,0.0,1.0
2026_04_NE_BUF,BUF,NE,Josh Palmer,00-0036988,WR,first_td,0.041,0.041,0.041,0.041,0.041,0.041
2026_04_NE_BUF,BUF,NE,Josh Allen,00-0034857,QB,att,28.539,19.0,24.0,29.0,34.0,39.0
2026_04_NE_BUF,BUF,NE,Josh Allen,00-0034857,QB,cmp,19.08,12.0,16.0,19.0,23.0,26.0
2026_04_NE_BUF,BUF,NE,Josh Allen,00-0034857,QB,pass_yds,227.026,129.604,176.738,226.982,279.777,330.31
2026_04_NE_BUF,BUF,NE,Josh Allen,00-0034857,QB,pass_td,1.689,0.0,1.0,2.0,2.0,3.0
2026_04_NE_BUF,BUF,NE,Josh Allen,00-0034857,QB,ints,0.608,0.0,0.0,0.0,1.0,2.0
2026_04_NE_BUF,BUF,NE,Josh Allen,00-0034857,QB,car,7.227,2.0,4.0,7.0,10.0,13.0
2026_04_NE_BUF,BUF,NE,Josh Allen,00-0034857,QB,rush_yds,30.966,3.854,12.65,26.589,43.939,63.255
2026_04_NE_BUF,BUF,NE,Josh Allen,00-0034857,QB,tgt,0.0,0.0,0.0,0.0,0.0,0.0
2026_04_NE_BUF,BUF,NE,Josh Allen,00-0034857,QB,rec,0.0,0.0,0.0,0.0,0.0,0.0
2026_04_NE_BUF,BUF,NE,Josh Allen,00-0034857,QB,rec_yds,0.0,0.0,0.0,0.0,0.0,0.0
2026_04_NE_BUF,BUF,NE,Josh Allen,00-0034857,QB,anytime_td,0.539,0.0,0.0,1.0,1.0,1.0
2026_04_NE_BUF,BUF,NE,Josh Allen,00-0034857,QB,first_td,0.141,0.141,0.141,0.141,0.141,0.141
2026_04_NE_BUF,NE,BUF,Eli Raridon,00-0041395,TE,car,0.004,0.0,0.0,0.0,0.0,0.0
2026_04_NE_BUF,NE,BUF,Eli Raridon,00-0041395,TE,rush_yds,0.009,0.0,0.0,0.0,0.0,0.0
2026_04_NE_BUF,NE,BUF,Eli Raridon,00-0041395,TE,tgt,1.121,0.0,0.0,1.0,2.0,3.0
2026_04_NE_BUF,NE,BUF,Eli Raridon,00-0041395,TE,rec,0.797,0.0,0.0,0.0,1.0,2.0
2026_04_NE_BUF,NE,BUF,Eli Raridon,00-0041395,TE,rec_yds,8.611,0.0,0.0,0.0,12.538,26.613
2026_04_NE_BUF,NE,BUF,Eli Raridon,00-0041395,TE,anytime_td,0.178,0.0,0.0,0.0,0.0,1.0
2026_04_NE_BUF,NE,BUF,Eli Raridon,00-0041395,TE,first_td,0.037,0.037,0.037,0.037,0.037,0.037
2026_04_NE_BUF,NE,BUF,Efton Chism III,00-0040563,WR,car,0.01,0.0,0.0,0.0,0.0,0.0
2026_04_NE_BUF,NE,BUF,Efton Chism III,00-0040563,WR,rush_yds,0.058,0.0,0.0,0.0,0.0,0.0
2026_04_NE_BUF,NE,BUF,Efton Chism III,00-0040563,WR,tgt,1.351,0.0,0.0,1.0,2.0,3.0
2026_04_NE_BUF,NE,BUF,Efton Chism III,00-0040563,WR,rec,0.84,0.0,0.0,1.0,1.0,2.0
2026_04_NE_BUF,NE,BUF,Efton Chism III,00-0040563,WR,rec_yds,10.228,0.0,0.0,0.0,15.255,31.38
2026_04_NE_BUF,NE,BUF,Efton Chism III,00-0040563,WR,anytime_td,0.078,0.0,0.0,0.0,0.0,0.0
2026_04_NE_BUF,NE,BUF,Efton Chism III,00-0040563,WR,first_td,0.014,0.014,0.014,0.014,0.014,0.014
2026_04_NE_BUF,NE,BUF,Rhamondre Stevenson,00-0036875,RB,car,8.808,3.0,5.0,8.0,12.0,16.0
2026_04_NE_BUF,NE,BUF,Rhamondre Stevenson,00-0036875,RB,rush_yds,36.14,6.886,15.827,30.449,49.486,72.546
2026_04_NE_BUF,NE,BUF,Rhamondre Stevenson,00-0036875,RB,tgt,3.713,1.0,2.0,3.0,5.0,7.0
2026_04_NE_BUF,NE,BUF,Rhamondre Stevenson,00-0036875,RB,rec,2.864,1.0,1.0,3.0,4.0,6.0
2026_04_NE_BUF,NE,BUF,Rhamondre Stevenson,00-0036875,RB,rec_yds,21.786,0.0,6.512,16.808,31.948,49.08
2026_04_NE_BUF,NE,BUF,Rhamondre Stevenson,00-0036875,RB,anytime_td,0.344,0.0,0.0,0.0,1.0,1.0
2026_04_NE_BUF,NE,BUF,Rhamondre Stevenson,00-0036875,RB,first_td,0.072,0.072,0.072,0.072,0.072,0.072
2026_04_NE_BUF,NE,BUF,Hunter Henry,00-0033090,TE,car,0.004,0.0,0.0,0.0,0.0,0.0
2026_04_NE_BUF,NE,BUF,Hunter Henry,00-0033090,TE,rush_yds,0.012,0.0,0.0,0.0,0.0,0.0
2026_04_NE_BUF,NE,BUF,Hunter Henry,00-0033090,TE,tgt,3.958,1.0,2.0,4.0,5.0,7.0
2026_04_NE_BUF,NE,BUF,Hunter Henry,00-0033090,TE,rec,2.713,1.0,1.0,2.0,4.0,5.0
2026_04_NE_BUF,NE,BUF,Hunter Henry,00-0033090,TE,rec_yds,28.468,0.0,9.813,22.969,41.208,61.879
2026_04_NE_BUF,NE,BUF,Hunter Henry,00-0033090,TE,anytime_td,0.18,0.0,0.0,0.0,0.0,1.0
2026_04_NE_BUF,NE,BUF,Hunter Henry,00-0033090,TE,first_td,0.034,0.034,0.034,0.034,0.034,0.034
2026_04_NE_BUF,NE,BUF,Romeo Doubs,00-0037816,WR,car,0.011,0.0,0.0,0.0,0.0,0.0
2026_04_NE_BUF,NE,BUF,Romeo Doubs,00-0037816,WR,rush_yds,0.05,0.0,0.0,0.0,0.0,0.0
2026_04_NE_BUF,NE,BUF,Romeo Doubs,00-0037816,WR,tgt,4.558,1.0,3.0,4.0,6.0,8.0
2026_04_NE_BUF,NE,BUF,Romeo Doubs,00-0037816,WR,rec,2.79,1.0,1.0,2.0,4.0,5.0
2026_04_NE_BUF,NE,BUF,Romeo Doubs,00-0037816,WR,rec_yds,40.05,1.169,14.238,32.567,57.719,86.827
2026_04_NE_BUF,NE,BUF,Romeo Doubs,00-0037816,WR,anytime_td,0.194,0.0,0.0,0.0,0.0,1.0
2026_04_NE_BUF,NE,BUF,Romeo Doubs,00-0037816,WR,first_td,0.037,0.037,0.037,0.037,0.037,0.037
2026_04_NE_BUF,NE,BUF,Reggie Gilliam,00-0036187,RB,car,0.344,0.0,0.0,0.0,0.0,1.0
2026_04_NE_BUF,NE,BUF,Reggie Gilliam,00-0036187,RB,rush_yds,1.409,0.0,0.0,0.0,0.0,3.893
2026_04_NE_BUF,NE,BUF,Reggie Gilliam,00-0036187,RB,tgt,0.602,0.0,0.0,0.0,1.0,2.0
2026_04_NE_BUF,NE,BUF,Reggie Gilliam,00-0036187,RB,rec,0.452,0.0,0.0,0.0,1.0,1.0
2026_04_NE_BUF,NE,BUF,Reggie Gilliam,00-0036187,RB,rec_yds,3.355,0.0,0.0,0.0,2.989,11.685
2026_04_NE_BUF,NE,BUF,Reggie Gilliam,00-0036187,RB,anytime_td,0.016,0.0,0.0,0.0,0.0,0.0
2026_04_NE_BUF,NE,BUF,Reggie Gilliam,00-0036187,RB,first_td,0.003,0.003,0.003,0.003,0.003,0.003
2026_04_NE_BUF,NE,BUF,DeMario Douglas,00-0038621,WR,car,0.072,0.0,0.0,0.0,0.0,0.0
2026_04_NE_BUF,NE,BUF,DeMario Douglas,00-0038621,WR,rush_yds,0.401,0.0,0.0,0.0,0.0,0.0
2026_04_NE_BUF,NE,BUF,DeMario Douglas,00-0038621,WR,tgt,4.183,1.0,2.0,4.0,6.0,8.0
2026_04_NE_BUF,NE,BUF,DeMario Douglas,00-0038621,WR,rec,2.46,0.0,1.0,2.0,3.0,5.0
2026_04_NE_BUF,NE,BUF,DeMario Douglas,00-0038621,WR,rec_yds,30.281,0.0,9.352,23.684,43.84,67.628
2026_04_NE_BUF,NE,BUF,DeMario Douglas,00-0038621,WR,anytime_td,0.133,0.0,0.0,0.0,0.0,1.0
2026_04_NE_BUF,NE,BUF,DeMario Douglas,00-0038621,WR,first_td,0.025,0.025,0.025,0.025,0.025,0.025
2026_04_NE_BUF,NE,BUF,Corey Kiner,00-0040556,RB,car,3.852,0.0,1.0,3.0,6.0,8.0
2026_04_NE_BUF,NE,BUF,Corey Kiner,00-0040556,RB,rush_yds,15.094,0.0,2.676,9.669,21.249,37.874
2026_04_NE_BUF,NE,BUF,Corey Kiner,00-0040556,RB,tgt,0.603,0.0,0.0,0.0,1.0,2.0
2026_04_NE_BUF,NE,BUF,Corey Kiner,00-0040556,RB,rec,0.459,0.0,0.0,0.0,1.0,1.0
2026_04_NE_BUF,NE,BUF,Corey Kiner,00-0040556,RB,rec_yds,3.403,0.0,0.0,0.0,3.207,11.925
2026_04_NE_BUF,NE,BUF,Corey Kiner,00-0040556,RB,anytime_td,0.111,0.0,0.0,0.0,0.0,1.0
2026_04_NE_BUF,NE,BUF,Corey Kiner,00-0040556,RB,first_td,0.02,0.02,0.02,0.02,0.02,0.02
2026_04_NE_BUF,NE,BUF,TreVeyon Henderson,00-0040734,RB,car,8.984,3.0,5.0,8.0,12.0,16.0
2026_04_NE_BUF,NE,BUF,TreVeyon Henderson,00-0040734,RB,rush_yds,36.928,7.417,16.616,31.256,50.425,73.595
2026_04_NE_BUF,NE,BUF,TreVeyon Henderson,00-0040734,RB,tgt,1.454,0.0,0.0,1.0,2.0,3.0
2026_04_NE_BUF,NE,BUF,TreVeyon Henderson,00-0040734,RB,rec,1.116,0.0,0.0,1.0,2.0,3.0
2026_04_NE_BUF,NE,BUF,TreVeyon Henderson,00-0040734,RB,rec_yds,7.944,0.0,0.0,3.193,12.061,22.971
2026_04_NE_BUF,NE,BUF,TreVeyon Henderson,00-0040734,RB,anytime_td,0.305,0.0,0.0,0.0,1.0,1.0
2026_04_NE_BUF,NE,BUF,TreVeyon Henderson,00-0040734,RB,first_td,0.064,0.064,0.064,0.064,0.064,0.064
2026_04_NE_BUF,NE,BUF,Kyle Williams,00-0040131,WR,car,0.037,0.0,0.0,0.0,0.0,0.0
2026_04_NE_BUF,NE,BUF,Kyle Williams,00-0040131,WR,rush_yds,0.183,0.0,0.0,0.0,0.0,0.0
2026_04_NE_BUF,NE,BUF,Kyle Williams,00-0040131,WR,tgt,1.944,0.0,1.0,2.0,3.0,4.0
2026_04_NE_BUF,NE,BUF,Kyle Williams,00-0040131,WR,rec,1.128,0.0,0.0,1.0,2.0,3.0
2026_04_NE_BUF,NE,BUF,Kyle Williams,00-0040131,WR,rec_yds,14.898,0.0,0.0,7.64,22.456,41.811
2026_04_NE_BUF,NE,BUF,Kyle Williams,00-0040131,WR,anytime_td,0.08,0.0,0.0,0.0,0.0,0.0
2026_04_NE_BUF,NE,BUF,Kyle Williams,00-0040131,WR,first_td,0.015,0.015,0.015,0.015,0.015,0.015
2026_04_NE_BUF,NE,BUF,Drake Maye,00-0039851,QB,att,28.926,19.0,24.0,30.0,35.0,39.0
2026_04_NE_BUF,NE,BUF,Drake Maye,00-0039851,QB,cmp,18.32,11.0,15.0,19.0,22.0,26.0
2026_04_NE_BUF,NE,BUF,Drake Maye,00-0039851,QB,pass_yds,204.968,114.234,157.906,203.783,253.386,301.714
2026_04_NE_BUF,NE,BUF,Drake Maye,00-0039851,QB,pass_td,1.313,0.0,0.0,1.0,2.0,3.0
2026_04_NE_BUF,NE,BUF,Drake Maye,00-0039851,QB,ints,0.826,0.0,0.0,1.0,1.0,2.0
2026_04_NE_BUF,NE,BUF,Drake Maye,00-0039851,QB,car,4.372,1.0,2.0,4.0,6.0,8.0
2026_04_NE_BUF,NE,BUF,Drake Maye,00-0039851,QB,rush_yds,25.573,2.15,10.49,21.733,36.768,53.288
2026_04_NE_BUF,NE,BUF,Drake Maye,00-0039851,QB,tgt,0.001,0.0,0.0,0.0,0.0,0.0
2026_04_NE_BUF,NE,BUF,Drake Maye,00-0039851,QB,rec,0.001,0.0,0.0,0.0,0.0,0.0
2026_04_NE_BUF,NE,BUF,Drake Maye,00-0039851,QB,rec_yds,0.003,0.0,0.0,0.0,0.0,0.0
2026_04_NE_BUF,NE,BUF,Drake Maye,00-0039851,QB,anytime_td,0.147,0.0,0.0,0.0,0.0,1.0
2026_04_NE_BUF,NE,BUF,Drake Maye,00-0039851,QB,first_td,0.028,0.028,0.028,0.028,0.028,0.028
2026_04_NE_BUF,NE,BUF,Mack Hollins,00-0033555,WR,car,0.021,0.0,0.0,0.0,0.0,0.0
2026_04_NE_BUF,NE,BUF,Mack Hollins,00-0033555,WR,rush_yds,0.123,0.0,0.0,0.0,0.0,0.0
2026_04_NE_BUF,NE,BUF,Mack Hollins,00-0033555,WR,tgt,5.676,2.0,3.75,5.0,7.0,10.0
2026_04_NE_BUF,NE,BUF,Mack Hollins,00-0033555,WR,rec,3.645,1.0,2.0,3.0,5.0,7.0
2026_04_NE_BUF,NE,BUF,Mack Hollins,00-0033555,WR,rec_yds,46.682,7.67,20.259,39.809,65.192,94.882
2026_04_NE_BUF,NE,BUF,Mack Hollins,00-0033555,WR,anytime_td,0.173,0.0,0.0,0.0,0.0,1.0
2026_04_NE_BUF,NE,BUF,Mack Hollins,00-0033555,WR,first_td,0.033,0.033,0.033,0.033,0.033,0.033
2026_04_NYJ_CHI,CHI,NYJ,Zavion Thomas,00-0041051,WR,car,0.017,0.0,0.0,0.0,0.0,0.0
2026_04_NYJ_CHI,CHI,NYJ,Zavion Thomas,00-0041051,WR,rush_yds,0.079,0.0,0.0,0.0,0.0,0.0
2026_04_NYJ_CHI,CHI,NYJ,Zavion Thomas,00-0041051,WR,tgt,0.797,0.0,0.0,0.0,1.0,2.0
2026_04_NYJ_CHI,CHI,NYJ,Zavion Thomas,00-0041051,WR,rec,0.515,0.0,0.0,0.0,1.0,2.0
2026_04_NYJ_CHI,CHI,NYJ,Zavion Thomas,00-0041051,WR,rec_yds,6.076,0.0,0.0,0.0,7.915,20.527
2026_04_NYJ_CHI,CHI,NYJ,Zavion Thomas,00-0041051,WR,anytime_td,0.021,0.0,0.0,0.0,0.0,0.0
2026_04_NYJ_CHI,CHI,NYJ,Zavion Thomas,00-0041051,WR,first_td,0.005,0.005,0.005,0.005,0.005,0.005
2026_04_NYJ_CHI,CHI,NYJ,Cole Kmet,00-0036290,TE,car,0.002,0.0,0.0,0.0,0.0,0.0
2026_04_NYJ_CHI,CHI,NYJ,Cole Kmet,00-0036290,TE,rush_yds,0.006,0.0,0.0,0.0,0.0,0.0
2026_04_NYJ_CHI,CHI,NYJ,Cole Kmet,00-0036290,TE,tgt,2.059,0.0,1.0,2.0,3.0,5.0
2026_04_NYJ_CHI,CHI,NYJ,Cole Kmet,00-0036290,TE,rec,1.4,0.0,0.0,1.0,2.0,3.0
2026_04_NYJ_CHI,CHI,NYJ,Cole Kmet,00-0036290,TE,rec_yds,14.593,0.0,0.0,9.228,22.502,38.47
2026_04_NYJ_CHI,CHI,NYJ,Cole Kmet,00-0036290,TE,anytime_td,0.164,0.0,0.0,0.0,0.0,1.0
2026_04_NYJ_CHI,CHI,NYJ,Cole Kmet,00-0036290,TE,first_td,0.04,0.04,0.04,0.04,0.04,0.04
2026_04_NYJ_CHI,CHI,NYJ,Roschon Johnson,00-0039021,RB,car,1.616,0.0,0.0,1.0,2.0,5.0
2026_04_NYJ_CHI,CHI,NYJ,Roschon Johnson,00-0039021,RB,rush_yds,6.721,0.0,0.0,0.888,8.592,20.701
2026_04_NYJ_CHI,CHI,NYJ,Roschon Johnson,00-0039021,RB,tgt,0.594,0.0,0.0,0.0,1.0,2.0
2026_04_NYJ_CHI,CHI,NYJ,Roschon Johnson,00-0039021,RB,rec,0.46,0.0,0.0,0.0,1.0,1.0
2026_04_NYJ_CHI,CHI,NYJ,Roschon Johnson,00-0039021,RB,rec_yds,3.247,0.0,0.0,0.0,3.078,11.899
2026_04_NYJ_CHI,CHI,NYJ,Roschon Johnson,00-0039021,RB,anytime_td,0.092,0.0,0.0,0.0,0.0,0.0
2026_04_NYJ_CHI,CHI,NYJ,Roschon Johnson,00-0039021,RB,first_td,0.022,0.022,0.022,0.022,0.022,0.022
2026_04_NYJ_CHI,CHI,NYJ,Rome Odunze,00-0039919,WR,car,0.013,0.0,0.0,0.0,0.0,0.0
2026_04_NYJ_CHI,CHI,NYJ,Rome Odunze,00-0039919,WR,rush_yds,0.06,0.0,0.0,0.0,0.0,0.0
2026_04_NYJ_CHI,CHI,NYJ,Rome Odunze,00-0039919,WR,tgt,5.231,2.0,3.0,5.0,7.0,9.0
2026_04_NYJ_CHI,CHI,NYJ,Rome Odunze,00-0039919,WR,rec,3.055,1.0,2.0,3.0,4.0,6.0
2026_04_NYJ_CHI,CHI,NYJ,Rome Odunze,00-0039919,WR,rec_yds,41.537,4.696,16.267,34.483,59.46,87.327
2026_04_NYJ_CHI,CHI,NYJ,Rome Odunze,00-0039919,WR,anytime_td,0.148,0.0,0.0,0.0,0.0,1.0
2026_04_NYJ_CHI,CHI,NYJ,Rome Odunze,00-0039919,WR,first_td,0.036,0.036,0.036,0.036,0.036,0.036
2026_04_NYJ_CHI,CHI,NYJ,Jahdae Walker,00-0040277,WR,car,0.01,0.0,0.0,0.0,0.0,0.0
2026_04_NYJ_CHI,CHI,NYJ,Jahdae Walker,00-0040277,WR,rush_yds,0.051,0.0,0.0,0.0,0.0,0.0
2026_04_NYJ_CHI,CHI,NYJ,Jahdae Walker,00-0040277,WR,tgt,0.933,0.0,0.0,1.0,1.0,3.0
2026_04_NYJ_CHI,CHI,NYJ,Jahdae Walker,00-0040277,WR,rec,0.601,0.0,0.0,0.0,1.0,2.0
2026_04_NYJ_CHI,CHI,NYJ,Jahdae Walker,00-0040277,WR,rec_yds,7.286,0.0,0.0,0.0,9.85,23.68
2026_04_NYJ_CHI,CHI,NYJ,Jahdae Walker,00-0040277,WR,anytime_td,0.123,0.0,0.0,0.0,0.0,1.0
2026_04_NYJ_CHI,CHI,NYJ,Jahdae Walker,00-0040277,WR,first_td,0.032,0.032,0.032,0.032,0.032,0.032
2026_04_NYJ_CHI,CHI,NYJ,Colston Loveland,00-0040126,TE,car,0.028,0.0,0.0,0.0,0.0,0.0
2026_04_NYJ_CHI,CHI,NYJ,Colston Loveland,00-0040126,TE,rush_yds,0.07,0.0,0.0,0.0,0.0,0.0
2026_04_NYJ_CHI,CHI,NYJ,Colston Loveland,00-0040126,TE,tgt,4.917,2.0,3.0,5.0,7.0,9.0
2026_04_NYJ_CHI,CHI,NYJ,Colston Loveland,00-0040126,TE,rec,3.321,1.0,2.0,3.0,5.0,6.0
2026_04_NYJ_CHI,CHI,NYJ,Colston Loveland,00-0040126,TE,rec_yds,34.264,5.246,14.506,29.448,48.464,70.483
2026_04_NYJ_CHI,CHI,NYJ,Colston Loveland,00-0040126,TE,anytime_td,0.172,0.0,0.0,0.0,0.0,1.0
2026_04_NYJ_CHI,CHI,NYJ,Colston Loveland,00-0040126,TE,first_td,0.042,0.042,0.042,0.042,0.042,0.042
2026_04_NYJ_CHI,CHI,NYJ,D'Andre Swift,00-0036275,RB,car,13.954,7.0,10.0,13.0,18.0,22.0
2026_04_NYJ_CHI,CHI,NYJ,D'Andre Swift,00-0036275,RB,rush_yds,61.184,20.134,34.017,54.595,80.738,110.687
2026_04_NYJ_CHI,CHI,NYJ,D'Andre Swift,00-0036275,RB,tgt,2.59,0.0,1.0,2.0,4.0,5.0
2026_04_NYJ_CHI,CHI,NYJ,D'Andre Swift,00-0036275,RB,rec,2.045,0.0,1.0,2.0,3.0,4.0
2026_04_NYJ_CHI,CHI,NYJ,D'Andre Swift,00-0036275,RB,rec_yds,15.484,0.0,1.91,10.464,22.78,38.859
2026_04_NYJ_CHI,CHI,NYJ,D'Andre Swift,00-0036275,RB,anytime_td,0.384,0.0,0.0,0.0,1.0,1.0
2026_04_NYJ_CHI,CHI,NYJ,D'Andre Swift,00-0036275,RB,first_td,0.107,0.107,0.107,0.107,0.107,0.107
2026_04_NYJ_CHI,CHI,NYJ,Luther Burden III,00-0040735,WR,car,0.542,0.0,0.0,0.0,0.0,2.0
2026_04_NYJ_CHI,CHI,NYJ,Luther Burden III,00-0040735,WR,rush_yds,2.829,0.0,0.0,0.0,0.0,9.818
2026_04_NYJ_CHI,CHI,NYJ,Luther Burden III,00-0040735,WR,tgt,6.618,3.0,4.0,6.0,9.0,11.0
2026_04_NYJ_CHI,CHI,NYJ,Luther Burden III,00-0040735,WR,rec,4.225,1.0,2.0,4.0,6.0,7.0
2026_04_NYJ_CHI,CHI,NYJ,Luther Burden III,00-0040735,WR,rec_yds,50.119,10.573,24.257,43.927,69.456,97.02
2026_04_NYJ_CHI,CHI,NYJ,Luther Burden III,00-0040735,WR,anytime_td,0.248,0.0,0.0,0.0,0.0,1.0
2026_04_NYJ_CHI,CHI,NYJ,Luther Burden III,00-0040735,WR,first_td,0.062,0.062,0.062,0.062,0.062,0.062
2026_04_NYJ_CHI,CHI,NYJ,Case Keenum,00-0028986,QB,att,31.226,21.0,27.0,32.0,37.0,42.0
2026_04_NYJ_CHI,CHI,NYJ,Case Keenum,00-0028986,QB,cmp,20.234,13.0,17.0,21.0,24.0,28.0
2026_04_NYJ_CHI,CHI,NYJ,Case Keenum,00-0028986,QB,pass_yds,221.874,127.616,173.53,221.978,271.476,322.166
2026_04_NYJ_CHI,CHI,NYJ,Case Keenum,00-0028986,QB,pass_td,1.421,0.0,1.0,1.0,2.0,3.0
2026_04_NYJ_CHI,CHI,NYJ,Case Keenum,00-0028986,QB,ints,0.582,0.0,0.0,0.0,1.0,2.0
2026_04_NYJ_CHI,CHI,NYJ,Case Keenum,00-0028986,QB,car,3.103,1.0,1.0,3.0,4.0,6.0
2026_04_NYJ_CHI,CHI,NYJ,Case Keenum,00-0028986,QB,rush_yds,12.687,-1.0,0.984,8.694,19.463,32.715
2026_04_NYJ_CHI,CHI,NYJ,Case Keenum,00-0028986,QB,tgt,0.0,0.0,0.0,0.0,0.0,0.0
2026_04_NYJ_CHI,CHI,NYJ,Case Keenum,00-0028986,QB,rec,0.0,0.0,0.0,0.0,0.0,0.0
2026_04_NYJ_CHI,CHI,NYJ,Case Keenum,00-0028986,QB,rec_yds,0.003,0.0,0.0,0.0,0.0,0.0
2026_04_NYJ_CHI,CHI,NYJ,Case Keenum,00-0028986,QB,anytime_td,0.27,0.0,0.0,0.0,1.0,1.0
2026_04_NYJ_CHI,CHI,NYJ,Case Keenum,00-0028986,QB,first_td,0.072,0.072,0.072,0.072,0.072,0.072
2026_04_NYJ_CHI,CHI,NYJ,Sam Roush,00-0041558,TE,car,0.004,0.0,0.0,0.0,0.0,0.0
2026_04_NYJ_CHI,CHI,NYJ,Sam Roush,00-0041558,TE,rush_yds,0.006,0.0,0.0,0.0,0.0,0.0
2026_04_NYJ_CHI,CHI,NYJ,Sam Roush,00-0041558,TE,tgt,1.378,0.0,0.0,1.0,2.0,3.0
2026_04_NYJ_CHI,CHI,NYJ,Sam Roush,00-0041558,TE,rec,0.963,0.0,0.0,1.0,2.0,2.0
2026_04_NYJ_CHI,CHI,NYJ,Sam Roush,00-0041558,TE,rec_yds,9.776,0.0,0.0,3.811,15.163,28.667
2026_04_NYJ_CHI,CHI,NYJ,Sam Roush,00-0041558,TE,anytime_td,0.029,0.0,0.0,0.0,0.0,0.0
2026_04_NYJ_CHI,CHI,NYJ,Sam Roush,00-0041558,TE,first_td,0.006,0.006,0.006,0.006,0.006,0.006
2026_04_NYJ_CHI,CHI,NYJ,Kalif Raymond,00-0032464,WR,car,0.032,0.0,0.0,0.0,0.0,0.0
2026_04_NYJ_CHI,CHI,NYJ,Kalif Raymond,00-0032464,WR,rush_yds,0.154,0.0,0.0,0.0,0.0,0.0
2026_04_NYJ_CHI,CHI,NYJ,Kalif Raymond,00-0032464,WR,tgt,5.054,2.0,3.0,5.0,7.0,9.0
2026_04_NYJ_CHI,CHI,NYJ,Kalif Raymond,00-0032464,WR,rec,3.649,1.0,2.0,3.0,5.0,7.0
2026_04_NYJ_CHI,CHI,NYJ,Kalif Raymond,00-0032464,WR,rec_yds,44.101,7.452,19.18,37.535,62.111,88.605
2026_04_NYJ_CHI,CHI,NYJ,Kalif Raymond,00-0032464,WR,anytime_td,0.218,0.0,0.0,0.0,0.0,1.0
2026_04_NYJ_CHI,CHI,NYJ,Kalif Raymond,00-0032464,WR,first_td,0.053,0.053,0.053,0.053,0.053,0.053
2026_04_NYJ_CHI,CHI,NYJ,Kyle Monangai,00-0040236,RB,car,8.767,3.0,5.0,8.0,12.0,16.0
2026_04_NYJ_CHI,CHI,NYJ,Kyle Monangai,00-0040236,RB,rush_yds,39.38,7.534,16.688,32.634,54.845,79.919
2026_04_NYJ_CHI,CHI,NYJ,Kyle Monangai,00-0040236,RB,tgt,1.674,0.0,0.0,1.0,2.0,4.0
2026_04_NYJ_CHI,CHI,NYJ,Kyle Monangai,00-0040236,RB,rec,1.31,0.0,0.0,1.0,2.0,3.0
2026_04_NYJ_CHI,CHI,NYJ,Kyle Monangai,00-0040236,RB,rec_yds,9.803,0.0,0.0,4.901,14.62,27.771
2026_04_NYJ_CHI,CHI,NYJ,Kyle Monangai,00-0040236,RB,anytime_td,0.202,0.0,0.0,0.0,0.0,1.0
2026_04_NYJ_CHI,CHI,NYJ,Kyle Monangai,00-0040236,RB,first_td,0.051,0.051,0.051,0.051,0.051,0.051
2026_04_NYJ_CHI,NYJ,CHI,Jeremy Ruckert,00-0037805,TE,car,0.001,0.0,0.0,0.0,0.0,0.0
2026_04_NYJ_CHI,NYJ,CHI,Jeremy Ruckert,00-0037805,TE,rush_yds,0.003,0.0,0.0,0.0,0.0,0.0
2026_04_NYJ_CHI,NYJ,CHI,Jeremy Ruckert,00-0037805,TE,tgt,2.506,0.0,1.0,2.0,4.0,5.0
2026_04_NYJ_CHI,NYJ,CHI,Jeremy Ruckert,00-0037805,TE,rec,1.774,0.0,1.0,1.0,3.0,4.0
2026_04_NYJ_CHI,NYJ,CHI,Jeremy Ruckert,00-0037805,TE,rec_yds,16.926,0.0,2.53,11.888,25.559,40.913
2026_04_NYJ_CHI,NYJ,CHI,Jeremy Ruckert,00-0037805,TE,anytime_td,0.172,0.0,0.0,0.0,0.0,1.0
2026_04_NYJ_CHI,NYJ,CHI,Jeremy Ruckert,00-0037805,TE,first_td,0.046,0.046,0.046,0.046,0.046,0.046
2026_04_NYJ_CHI,NYJ,CHI,Andrew Beck,00-0034959,RB,car,0.761,0.0,0.0,0.0,1.0,3.0
2026_04_NYJ_CHI,NYJ,CHI,Andrew Beck,00-0034959,RB,rush_yds,3.094,0.0,0.0,0.0,1.974,10.25
2026_04_NYJ_CHI,NYJ,CHI,Andrew Beck,00-0034959,RB,tgt,0.368,0.0,0.0,0.0,0.0,1.0
2026_04_NYJ_CHI,NYJ,CHI,Andrew Beck,00-0034959,RB,rec,0.268,0.0,0.0,0.0,0.0,1.0
2026_04_NYJ_CHI,NYJ,CHI,Andrew Beck,00-0034959,RB,rec_yds,2.052,0.0,0.0,0.0,0.0,7.424
2026_04_NYJ_CHI,NYJ,CHI,Andrew Beck,00-0034959,RB,anytime_td,0.04,0.0,0.0,0.0,0.0,0.0
2026_04_NYJ_CHI,NYJ,CHI,Andrew Beck,00-0034959,RB,first_td,0.011,0.011,0.011,0.011,0.011,0.011
2026_04_NYJ_CHI,NYJ,CHI,Malik McClain,00-0041267,WR,car,0.192,0.0,0.0,0.0,0.0,0.0
2026_04_NYJ_CHI,NYJ,CHI,Malik McClain,00-0041267,WR,rush_yds,0.98,0.0,0.0,0.0,0.0,0.0
2026_04_NYJ_CHI,NYJ,CHI,Malik McClain,00-0041267,WR,tgt,1.539,0.0,0.0,1.0,2.0,4.0
2026_04_NYJ_CHI,NYJ,CHI,Malik McClain,00-0041267,WR,rec,0.919,0.0,0.0,1.0,1.0,2.0
2026_04_NYJ_CHI,NYJ,CHI,Malik McClain,00-0041267,WR,rec_yds,12.066,0.0,0.0,4.375,18.06,35.789
2026_04_NYJ_CHI,NYJ,CHI,Malik McClain,00-0041267,WR,anytime_td,0.058,0.0,0.0,0.0,0.0,0.0
2026_04_NYJ_CHI,NYJ,CHI,Malik McClain,00-0041267,WR,first_td,0.014,0.014,0.014,0.014,0.014,0.014
2026_04_NYJ_CHI,NYJ,CHI,Kenyon Sadiq,00-0041032,TE,car,0.593,0.0,0.0,0.0,1.0,2.0
2026_04_NYJ_CHI,NYJ,CHI,Kenyon Sadiq,00-0041032,TE,rush_yds,1.388,0.0,0.0,0.0,0.0,4.701
2026_04_NYJ_CHI,NYJ,CHI,Kenyon Sadiq,00-0041032,TE,tgt,5.168,2.0,3.0,5.0,7.0,9.0
2026_04_NYJ_CHI,NYJ,CHI,Kenyon Sadiq,00-0041032,TE,rec,3.631,1.0,2.0,3.0,5.0,7.0
2026_04_NYJ_CHI,NYJ,CHI,Kenyon Sadiq,00-0041032,TE,rec_yds,40.214,6.978,18.073,34.73,56.662,80.004
2026_04_NYJ_CHI,NYJ,CHI,Kenyon Sadiq,00-0041032,TE,anytime_td,0.263,0.0,0.0,0.0,1.0,1.0
2026_04_NYJ_CHI,NYJ,CHI,Kenyon Sadiq,00-0041032,TE,first_td,0.076,0.076,0.076,0.076,0.076,0.076
2026_04_NYJ_CHI,NYJ,CHI,Geno Smith,00-0030565,QB,att,29.857,20.0,25.0,30.0,36.0,40.0
2026_04_NYJ_CHI,NYJ,CHI,Geno Smith,00-0030565,QB,cmp,18.866,12.0,15.0,19.0,23.0,26.0
2026_04_NYJ_CHI,NYJ,CHI,Geno Smith,00-0030565,QB,pass_yds,209.162,120.535,162.426,208.605,256.6,303.83
2026_04_NYJ_CHI,NYJ,CHI,Geno Smith,00-0030565,QB,pass_td,1.226,0.0,0.0,1.0,2.0,3.0
2026_04_NYJ_CHI,NYJ,CHI,Geno Smith,00-0030565,QB,ints,0.704,0.0,0.0,0.0,1.0,2.0
2026_04_NYJ_CHI,NYJ,CHI,Geno Smith,00-0030565,QB,car,4.042,1.0,2.0,4.0,6.0,8.0
2026_04_NYJ_CHI,NYJ,CHI,Geno Smith,00-0030565,QB,rush_yds,17.827,0.0,5.133,13.925,25.969,40.274
2026_04_NYJ_CHI,NYJ,CHI,Geno Smith,00-0030565,QB,tgt,0.001,0.0,0.0,0.0,0.0,0.0
2026_04_NYJ_CHI,NYJ,CHI,Geno Smith,00-0030565,QB,rec,0.001,0.0,0.0,0.0,0.0,0.0
2026_04_NYJ_CHI,NYJ,CHI,Geno Smith,00-0030565,QB,rec_yds,0.006,0.0,0.0,0.0,0.0,0.0
2026_04_NYJ_CHI,NYJ,CHI,Geno Smith,00-0030565,QB,anytime_td,0.027,0.0,0.0,0.0,0.0,0.0
2026_04_NYJ_CHI,NYJ,CHI,Geno Smith,00-0030565,QB,first_td,0.006,0.006,0.006,0.006,0.006,0.006
2026_04_NYJ_CHI,NYJ,CHI,Garrett Wilson,00-0037740,WR,car,0.043,0.0,0.0,0.0,0.0,0.0
2026_04_NYJ_CHI,NYJ,CHI,Garrett Wilson,00-0037740,WR,rush_yds,0.235,0.0,0.0,0.0,0.0,0.0
2026_04_NYJ_CHI,NYJ,CHI,Garrett Wilson,00-0037740,WR,tgt,9.127,5.0,6.0,9.0,11.0,14.0
2026_04_NYJ_CHI,NYJ,CHI,Garrett Wilson,00-0037740,WR,rec,5.774,2.0,4.0,5.0,7.0,10.0
2026_04_NYJ_CHI,NYJ,CHI,Garrett Wilson,00-0037740,WR,rec_yds,70.87,22.769,40.333,64.711,94.877,126.664
2026_04_NYJ_CHI,NYJ,CHI,Garrett Wilson,00-0037740,WR,anytime_td,0.359,0.0,0.0,0.0,1.0,1.0
2026_04_NYJ_CHI,NYJ,CHI,Garrett Wilson,00-0037740,WR,first_td,0.105,0.105,0.105,0.105,0.105,0.105
2026_04_NYJ_CHI,NYJ,CHI,Isaiah Davis,00-0039798,RB,car,7.172,2.0,4.0,6.0,10.0,13.0
2026_04_NYJ_CHI,NYJ,CHI,Isaiah Davis,00-0039798,RB,rush_yds,30.374,4.113,11.351,24.087,42.676,64.792
2026_04_NYJ_CHI,NYJ,CHI,Isaiah Davis,00-0039798,RB,tgt,1.698,0.0,0.0,1.0,2.0,4.0
2026_04_NYJ_CHI,NYJ,CHI,Isaiah Davis,00-0039798,RB,rec,1.257,0.0,0.0,1.0,2.0,3.0
2026_04_NYJ_CHI,NYJ,CHI,Isaiah Davis,00-0039798,RB,rec_yds,9.802,0.0,0.0,4.986,14.512,27.6
2026_04_NYJ_CHI,NYJ,CHI,Isaiah Davis,00-0039798,RB,anytime_td,0.149,0.0,0.0,0.0,0.0,1.0
2026_04_NYJ_CHI,NYJ,CHI,Isaiah Davis,00-0039798,RB,first_td,0.04,0.04,0.04,0.04,0.04,0.04
2026_04_NYJ_CHI,NYJ,CHI,Isaiah Williams,00-0039451,WR,car,0.587,0.0,0.0,0.0,1.0,2.0
2026_04_NYJ_CHI,NYJ,CHI,Isaiah Williams,00-0039451,WR,rush_yds,3.112,0.0,0.0,0.0,0.0,10.864
2026_04_NYJ_CHI,NYJ,CHI,Isaiah Williams,00-0039451,WR,tgt,3.496,1.0,2.0,3.0,5.0,7.0
2026_04_NYJ_CHI,NYJ,CHI,Isaiah Williams,00-0039451,WR,rec,2.232,0.0,1.0,2.0,3.0,5.0
2026_04_NYJ_CHI,NYJ,CHI,Isaiah Williams,00-0039451,WR,rec_yds,25.555,0.0,6.936,19.279,37.6,59.101
2026_04_NYJ_CHI,NYJ,CHI,Isaiah Williams,00-0039451,WR,anytime_td,0.068,0.0,0.0,0.0,0.0,0.0
2026_04_NYJ_CHI,NYJ,CHI,Isaiah Williams,00-0039451,WR,first_td,0.017,0.017,0.017,0.017,0.017,0.017
2026_04_NYJ_CHI,NYJ,CHI,Jelani Woods,00-0037755,TE,car,0.002,0.0,0.0,0.0,0.0,0.0
2026_04_NYJ_CHI,NYJ,CHI,Jelani Woods,00-0037755,TE,rush_yds,0.003,0.0,0.0,0.0,0.0,0.0
2026_04_NYJ_CHI,NYJ,CHI,Jelani Woods,00-0037755,TE,tgt,0.781,0.0,0.0,0.0,1.0,2.0
2026_04_NYJ_CHI,NYJ,CHI,Jelani Woods,00-0037755,TE,rec,0.527,0.0,0.0,0.0,1.0,2.0
2026_04_NYJ_CHI,NYJ,CHI,Jelani Woods,00-0037755,TE,rec_yds,5.605,0.0,0.0,0.0,7.396,19.259
2026_04_NYJ_CHI,NYJ,CHI,Jelani Woods,00-0037755,TE,anytime_td,0.016,0.0,0.0,0.0,0.0,0.0
2026_04_NYJ_CHI,NYJ,CHI,Jelani Woods,00-0037755,TE,first_td,0.004,0.004,0.004,0.004,0.004,0.004
2026_04_NYJ_CHI,NYJ,CHI,Braelon Allen,00-0039794,RB,car,12.039,5.0,8.0,11.0,15.0,20.0
2026_04_NYJ_CHI,NYJ,CHI,Braelon Allen,00-0039794,RB,rush_yds,47.04,14.191,24.88,41.197,62.751,87.732
2026_04_NYJ_CHI,NYJ,CHI,Braelon Allen,00-0039794,RB,tgt,1.532,0.0,0.0,1.0,2.0,4.0
2026_04_NYJ_CHI,NYJ,CHI,Braelon Allen,00-0039794,RB,rec,1.135,0.0,0.0,1.0,2.0,3.0
2026_04_NYJ_CHI,NYJ,CHI,Braelon Allen,00-0039794,RB,rec_yds,7.82,0.0,0.0,3.145,11.672,22.934
2026_04_NYJ_CHI,NYJ,CHI,Braelon Allen,00-0039794,RB,anytime_td,0.228,0.0,0.0,0.0,0.0,1.0
2026_04_NYJ_CHI,NYJ,CHI,Braelon Allen,00-0039794,RB,first_td,0.063,0.063,0.063,0.063,0.063,0.063
2026_04_NYJ_CHI,NYJ,CHI,Jamaal Pritchett,00-0040405,WR,car,0.181,0.0,0.0,0.0,0.0,0.0
2026_04_NYJ_CHI,NYJ,CHI,Jamaal Pritchett,00-0040405,WR,rush_yds,0.977,0.0,0.0,0.0,0.0,0.0
2026_04_NYJ_CHI,NYJ,CHI,Jamaal Pritchett,00-0040405,WR,tgt,1.578,0.0,0.0,1.0,2.0,4.0
2026_04_NYJ_CHI,NYJ,CHI,Jamaal Pritchett,00-0040405,WR,rec,0.935,0.0,0.0,1.0,1.0,2.0
2026_04_NYJ_CHI,NYJ,CHI,Jamaal Pritchett,00-0040405,WR,rec_yds,12.149,0.0,0.0,4.237,18.007,36.053
2026_04_NYJ_CHI,NYJ,CHI,Jamaal Pritchett,00-0040405,WR,anytime_td,0.058,0.0,0.0,0.0,0.0,0.0
2026_04_NYJ_CHI,NYJ,CHI,Jamaal Pritchett,00-0040405,WR,first_td,0.014,0.014,0.014,0.014,0.014,0.014
2026_04_NYJ_CHI,NYJ,CHI,Sterling Shepard,00-0032385,WR,car,0.405,0.0,0.0,0.0,0.0,1.0
2026_04_NYJ_CHI,NYJ,CHI,Sterling Shepard,00-0032385,WR,rush_yds,2.149,0.0,0.0,0.0,0.0,6.17
2026_04_NYJ_CHI,NYJ,CHI,Sterling Shepard,00-0032385,WR,tgt,2.594,0.0,1.0,2.0,4.0,5.0
2026_04_NYJ_CHI,NYJ,CHI,Sterling Shepard,00-0032385,WR,rec,1.604,0.0,0.0,1.0,2.0,4.0
2026_04_NYJ_CHI,NYJ,CHI,Sterling Shepard,00-0032385,WR,rec_yds,19.462,0.0,0.0,13.001,29.668,49.358
2026_04_NYJ_CHI,NYJ,CHI,Sterling Shepard,00-0032385,WR,anytime_td,0.068,0.0,0.0,0.0,0.0,0.0
2026_04_NYJ_CHI,NYJ,CHI,Sterling Shepard,00-0032385,WR,first_td,0.017,0.017,0.017,0.017,0.017,0.017
2026_04_TEN_BAL,BAL,TEN,Devontez Walker,00-0039792,WR,car,0.015,0.0,0.0,0.0,0.0,0.0
2026_04_TEN_BAL,BAL,TEN,Devontez Walker,00-0039792,WR,rush_yds,0.104,0.0,0.0,0.0,0.0,0.0
2026_04_TEN_BAL,BAL,TEN,Devontez Walker,00-0039792,WR,tgt,1.245,0.0,0.0,1.0,2.0,3.0
2026_04_TEN_BAL,BAL,TEN,Devontez Walker,00-0039792,WR,rec,0.801,0.0,0.0,1.0,1.0,2.0
2026_04_TEN_BAL,BAL,TEN,Devontez Walker,00-0039792,WR,rec_yds,11.527,0.0,0.0,0.0,17.548,34.727
2026_04_TEN_BAL,BAL,TEN,Devontez Walker,00-0039792,WR,anytime_td,0.088,0.0,0.0,0.0,0.0,0.0
2026_04_TEN_BAL,BAL,TEN,Devontez Walker,00-0039792,WR,first_td,0.02,0.02,0.02,0.02,0.02,0.02
2026_04_TEN_BAL,BAL,TEN,Zay Flowers,00-0039064,WR,car,0.473,0.0,0.0,0.0,0.0,2.0
2026_04_TEN_BAL,BAL,TEN,Zay Flowers,00-0039064,WR,rush_yds,2.707,0.0,0.0,0.0,0.0,8.5
2026_04_TEN_BAL,BAL,TEN,Zay Flowers,00-0039064,WR,tgt,6.511,3.0,4.0,6.0,8.0,11.0
2026_04_TEN_BAL,BAL,TEN,Zay Flowers,00-0039064,WR,rec,4.66,2.0,3.0,4.0,6.0,8.0
2026_04_TEN_BAL,BAL,TEN,Zay Flowers,00-0039064,WR,rec_yds,72.879,18.565,37.521,65.157,100.118,137.131
2026_04_TEN_BAL,BAL,TEN,Zay Flowers,00-0039064,WR,anytime_td,0.379,0.0,0.0,0.0,1.0,1.0
2026_04_TEN_BAL,BAL,TEN,Zay Flowers,00-0039064,WR,first_td,0.101,0.101,0.101,0.101,0.101,0.101
2026_04_TEN_BAL,BAL,TEN,Lamar Jackson,00-0034796,QB,att,24.954,16.0,21.0,25.0,30.0,34.0
2026_04_TEN_BAL,BAL,TEN,Lamar Jackson,00-0034796,QB,cmp,17.258,10.0,14.0,17.0,21.0,24.0
2026_04_TEN_BAL,BAL,TEN,Lamar Jackson,00-0034796,QB,pass_yds,207.686,113.432,157.614,206.132,257.651,306.993
2026_04_TEN_BAL,BAL,TEN,Lamar Jackson,00-0034796,QB,pass_td,1.515,0.0,1.0,1.0,2.0,3.0
2026_04_TEN_BAL,BAL,TEN,Lamar Jackson,00-0034796,QB,ints,0.456,0.0,0.0,0.0,1.0,1.0
2026_04_TEN_BAL,BAL,TEN,Lamar Jackson,00-0034796,QB,car,5.431,2.0,3.0,5.0,7.0,10.0
2026_04_TEN_BAL,BAL,TEN,Lamar Jackson,00-0034796,QB,rush_yds,25.072,1.147,8.594,20.715,36.108,54.551
2026_04_TEN_BAL,BAL,TEN,Lamar Jackson,00-0034796,QB,tgt,0.0,0.0,0.0,0.0,0.0,0.0
2026_04_TEN_BAL,BAL,TEN,Lamar Jackson,00-0034796,QB,rec,0.0,0.0,0.0,0.0,0.0,0.0
2026_04_TEN_BAL,BAL,TEN,Lamar Jackson,00-0034796,QB,rec_yds,0.001,0.0,0.0,0.0,0.0,0.0
2026_04_TEN_BAL,BAL,TEN,Lamar Jackson,00-0034796,QB,anytime_td,0.23,0.0,0.0,0.0,0.0,1.0
2026_04_TEN_BAL,BAL,TEN,Lamar Jackson,00-0034796,QB,first_td,0.058,0.058,0.058,0.058,0.058,0.058
2026_04_TEN_BAL,BAL,TEN,Derrick Henry,00-0032764,RB,car,21.489,13.0,16.0,21.0,26.0,31.0
2026_04_TEN_BAL,BAL,TEN,Derrick Henry,00-0032764,RB,rush_yds,101.265,45.535,65.972,93.608,128.989,166.632
2026_04_TEN_BAL,BAL,TEN,Derrick Henry,00-0032764,RB,tgt,1.436,0.0,0.0,1.0,2.0,3.0
2026_04_TEN_BAL,BAL,TEN,Derrick Henry,00-0032764,RB,rec,1.178,0.0,0.0,1.0,2.0,3.0
2026_04_TEN_BAL,BAL,TEN,Derrick Henry,00-0032764,RB,rec_yds,9.088,0.0,0.0,4.124,13.708,26.073
2026_04_TEN_BAL,BAL,TEN,Derrick Henry,00-0032764,RB,anytime_td,0.654,0.0,0.0,1.0,1.0,1.0
2026_04_TEN_BAL,BAL,TEN,Derrick Henry,00-0032764,RB,first_td,0.218,0.218,0.218,0.218,0.218,0.218
2026_04_TEN_BAL,BAL,TEN,Rasheen Ali,00-0039796,RB,car,1.254,0.0,0.0,0.0,2.0,4.0
2026_04_TEN_BAL,BAL,TEN,Rasheen Ali,00-0039796,RB,rush_yds,5.509,0.0,0.0,0.0,5.741,18.149
2026_04_TEN_BAL,BAL,TEN,Rasheen Ali,00-0039796,RB,tgt,1.24,0.0,0.0,1.0,2.0,3.0
2026_04_TEN_BAL,BAL,TEN,Rasheen Ali,00-0039796,RB,rec,1.005,0.0,0.0,1.0,2.0,3.0
2026_04_TEN_BAL,BAL,TEN,Rasheen Ali,00-0039796,RB,rec_yds,7.587,0.0,0.0,2.058,11.333,22.88
2026_04_TEN_BAL,BAL,TEN,Rasheen Ali,00-0039796,RB,anytime_td,0.112,0.0,0.0,0.0,0.0,1.0
2026_04_TEN_BAL,BAL,TEN,Rasheen Ali,00-0039796,RB,first_td,0.026,0.026,0.026,0.026,0.026,0.026
2026_04_TEN_BAL,BAL,TEN,Chris Moore,00-0032398,WR,car,0.03,0.0,0.0,0.0,0.0,0.0
2026_04_TEN_BAL,BAL,TEN,Chris Moore,00-0032398,WR,rush_yds,0.191,0.0,0.0,0.0,0.0,0.0
2026_04_TEN_BAL,BAL,TEN,Chris Moore,00-0032398,WR,tgt,1.732,0.0,1.0,1.0,3.0,4.0
2026_04_TEN_BAL,BAL,TEN,Chris Moore,00-0032398,WR,rec,1.106,0.0,0.0,1.0,2.0,3.0
2026_04_TEN_BAL,BAL,TEN,Chris Moore,00-0032398,WR,rec_yds,15.066,0.0,0.0,7.864,22.882,42.516
2026_04_TEN_BAL,BAL,TEN,Chris Moore,00-0032398,WR,anytime_td,0.173,0.0,0.0,0.0,0.0,1.0
2026_04_TEN_BAL,BAL,TEN,Chris Moore,00-0032398,WR,first_td,0.043,0.043,0.043,0.043,0.043,0.043
2026_04_TEN_BAL,BAL,TEN,Mark Andrews,00-0034753,TE,car,0.208,0.0,0.0,0.0,0.0,0.0
2026_04_TEN_BAL,BAL,TEN,Mark Andrews,00-0034753,TE,rush_yds,0.517,0.0,0.0,0.0,0.0,0.0
2026_04_TEN_BAL,BAL,TEN,Mark Andrews,00-0034753,TE,tgt,5.12,2.0,3.0,5.0,7.0,9.0
2026_04_TEN_BAL,BAL,TEN,Mark Andrews,00-0034753,TE,rec,3.784,1.0,2.0,3.0,5.0,7.0
2026_04_TEN_BAL,BAL,TEN,Mark Andrews,00-0034753,TE,rec_yds,38.817,7.833,17.945,33.792,54.34,76.21
2026_04_TEN_BAL,BAL,TEN,Mark Andrews,00-0034753,TE,anytime_td,0.166,0.0,0.0,0.0,0.0,1.0
2026_04_TEN_BAL,BAL,TEN,Mark Andrews,00-0034753,TE,first_td,0.039,0.039,0.039,0.039,0.039,0.039
2026_04_TEN_BAL,BAL,TEN,LaJohntay Wester,00-0040075,WR,car,0.01,0.0,0.0,0.0,0.0,0.0
2026_04_TEN_BAL,BAL,TEN,LaJohntay Wester,00-0040075,WR,rush_yds,0.059,0.0,0.0,0.0,0.0,0.0
2026_04_TEN_BAL,BAL,TEN,LaJohntay Wester,00-0040075,WR,tgt,0.896,0.0,0.0,1.0,1.0,2.0
2026_04_TEN_BAL,BAL,TEN,LaJohntay Wester,00-0040075,WR,rec,0.588,0.0,0.0,0.0,1.0,2.0
2026_04_TEN_BAL,BAL,TEN,LaJohntay Wester,00-0040075,WR,rec_yds,7.518,0.0,0.0,0.0,10.39,25.008
2026_04_TEN_BAL,BAL,TEN,LaJohntay Wester,00-0040075,WR,anytime_td,0.017,0.0,0.0,0.0,0.0,0.0
2026_04_TEN_BAL,BAL,TEN,LaJohntay Wester,00-0040075,WR,first_td,0.004,0.004,0.004,0.004,0.004,0.004
2026_04_TEN_BAL,BAL,TEN,Justice Hill,00-0034975,RB,car,3.815,0.0,1.0,3.0,6.0,9.0
2026_04_TEN_BAL,BAL,TEN,Justice Hill,00-0034975,RB,rush_yds,17.006,0.0,1.898,10.273,24.782,43.44
2026_04_TEN_BAL,BAL,TEN,Justice Hill,00-0034975,RB,tgt,1.474,0.0,0.0,1.0,2.0,3.0
2026_04_TEN_BAL,BAL,TEN,Justice Hill,00-0034975,RB,rec,1.209,0.0,0.0,1.0,2.0,3.0
2026_04_TEN_BAL,BAL,TEN,Justice Hill,00-0034975,RB,rec_yds,9.244,0.0,0.0,4.341,14.136,26.562
2026_04_TEN_BAL,BAL,TEN,Justice Hill,00-0034975,RB,anytime_td,0.144,0.0,0.0,0.0,0.0,1.0
2026_04_TEN_BAL,BAL,TEN,Justice Hill,00-0034975,RB,first_td,0.034,0.034,0.034,0.034,0.034,0.034
2026_04_TEN_BAL,BAL,TEN,Matthew Hibner,00-0040879,TE,car,0.003,0.0,0.0,0.0,0.0,0.0
2026_04_TEN_BAL,BAL,TEN,Matthew Hibner,00-0040879,TE,rush_yds,0.009,0.0,0.0,0.0,0.0,0.0
2026_04_TEN_BAL,BAL,TEN,Matthew Hibner,00-0040879,TE,tgt,1.061,0.0,0.0,1.0,2.0,3.0
2026_04_TEN_BAL,BAL,TEN,Matthew Hibner,00-0040879,TE,rec,0.81,0.0,0.0,0.0,1.0,2.0
2026_04_TEN_BAL,BAL,TEN,Matthew Hibner,00-0040879,TE,rec_yds,8.698,0.0,0.0,0.0,13.475,26.824
2026_04_TEN_BAL,BAL,TEN,Matthew Hibner,00-0040879,TE,anytime_td,0.159,0.0,0.0,0.0,0.0,1.0
2026_04_TEN_BAL,BAL,TEN,Matthew Hibner,00-0040879,TE,first_td,0.04,0.04,0.04,0.04,0.04,0.04
2026_04_TEN_BAL,BAL,TEN,Durham Smythe,00-0034798,TE,car,0.002,0.0,0.0,0.0,0.0,0.0
2026_04_TEN_BAL,BAL,TEN,Durham Smythe,00-0034798,TE,rush_yds,0.005,0.0,0.0,0.0,0.0,0.0
2026_04_TEN_BAL,BAL,TEN,Durham Smythe,00-0034798,TE,tgt,0.63,0.0,0.0,0.0,1.0,2.0
2026_04_TEN_BAL,BAL,TEN,Durham Smythe,00-0034798,TE,rec,0.461,0.0,0.0,0.0,1.0,1.0
2026_04_TEN_BAL,BAL,TEN,Durham Smythe,00-0034798,TE,rec_yds,4.807,0.0,0.0,0.0,6.272,17.372
2026_04_TEN_BAL,BAL,TEN,Durham Smythe,00-0034798,TE,anytime_td,0.024,0.0,0.0,0.0,0.0,0.0
2026_04_TEN_BAL,BAL,TEN,Durham Smythe,00-0034798,TE,first_td,0.005,0.005,0.005,0.005,0.005,0.005
2026_04_TEN_BAL,BAL,TEN,Rashod Bateman,00-0036550,WR,car,0.014,0.0,0.0,0.0,0.0,0.0
2026_04_TEN_BAL,BAL,TEN,Rashod Bateman,00-0036550,WR,rush_yds,0.086,0.0,0.0,0.0,0.0,0.0
2026_04_TEN_BAL,BAL,TEN,Rashod Bateman,00-0036550,WR,tgt,3.57,1.0,2.0,3.0,5.0,7.0
2026_04_TEN_BAL,BAL,TEN,Rashod Bateman,00-0036550,WR,rec,2.375,0.0,1.0,2.0,3.0,5.0
2026_04_TEN_BAL,BAL,TEN,Rashod Bateman,00-0036550,WR,rec_yds,31.529,0.0,9.567,24.661,45.981,70.737
2026_04_TEN_BAL,BAL,TEN,Rashod Bateman,00-0036550,WR,anytime_td,0.222,0.0,0.0,0.0,0.0,1.0
2026_04_TEN_BAL,BAL,TEN,Rashod Bateman,00-0036550,WR,first_td,0.054,0.054,0.054,0.054,0.054,0.054
2026_04_TEN_BAL,TEN,BAL,Nicholas Singleton,00-0040886,RB,car,2.851,0.0,1.0,2.0,4.0,7.0
2026_04_TEN_BAL,TEN,BAL,Nicholas Singleton,00-0040886,RB,rush_yds,10.028,0.0,0.0,5.411,14.41,26.991
2026_04_TEN_BAL,TEN,BAL,Nicholas Singleton,00-0040886,RB,tgt,0.327,0.0,0.0,0.0,0.0,1.0
2026_04_TEN_BAL,TEN,BAL,Nicholas Singleton,00-0040886,RB,rec,0.244,0.0,0.0,0.0,0.0,1.0
2026_04_TEN_BAL,TEN,BAL,Nicholas Singleton,00-0040886,RB,rec_yds,1.679,0.0,0.0,0.0,0.0,6.13
2026_04_TEN_BAL,TEN,BAL,Nicholas Singleton,00-0040886,RB,anytime_td,0.046,0.0,0.0,0.0,0.0,0.0
2026_04_TEN_BAL,TEN,BAL,Nicholas Singleton,00-0040886,RB,first_td,0.009,0.009,0.009,0.009,0.009,0.009
2026_04_TEN_BAL,TEN,BAL,Cam Ward,00-0040676,QB,att,30.927,21.0,26.0,32.0,37.0,41.0
2026_04_TEN_BAL,TEN,BAL,Cam Ward,00-0040676,QB,cmp,18.921,12.0,16.0,19.0,23.0,26.0
2026_04_TEN_BAL,TEN,BAL,Cam Ward,00-0040676,QB,pass_yds,188.211,106.927,144.822,186.538,231.571,277.661
2026_04_TEN_BAL,TEN,BAL,Cam Ward,00-0040676,QB,pass_td,0.915,0.0,0.0,1.0,1.0,2.0
2026_04_TEN_BAL,TEN,BAL,Cam Ward,00-0040676,QB,ints,0.731,0.0,0.0,0.0,1.0,2.0
2026_04_TEN_BAL,TEN,BAL,Cam Ward,00-0040676,QB,car,2.898,0.0,1.0,2.0,4.0,6.0
2026_04_TEN_BAL,TEN,BAL,Cam Ward,00-0040676,QB,rush_yds,13.713,0.0,2.742,10.264,20.581,32.742
2026_04_TEN_BAL,TEN,BAL,Cam Ward,00-0040676,QB,tgt,0.0,0.0,0.0,0.0,0.0,0.0
2026_04_TEN_BAL,TEN,BAL,Cam Ward,00-0040676,QB,rec,0.0,0.0,0.0,0.0,0.0,0.0
2026_04_TEN_BAL,TEN,BAL,Cam Ward,00-0040676,QB,rec_yds,0.002,0.0,0.0,0.0,0.0,0.0
2026_04_TEN_BAL,TEN,BAL,Cam Ward,00-0040676,QB,anytime_td,0.203,0.0,0.0,0.0,0.0,1.0
2026_04_TEN_BAL,TEN,BAL,Cam Ward,00-0040676,QB,first_td,0.045,0.045,0.045,0.045,0.045,0.045
2026_04_TEN_BAL,TEN,BAL,Calvin Ridley,00-0034837,WR,car,0.045,0.0,0.0,0.0,0.0,0.0
2026_04_TEN_BAL,TEN,BAL,Calvin Ridley,00-0034837,WR,rush_yds,0.212,0.0,0.0,0.0,0.0,0.0
2026_04_TEN_BAL,TEN,BAL,Calvin Ridley,00-0034837,WR,tgt,2.347,0.0,1.0,2.0,3.0,5.0
2026_04_TEN_BAL,TEN,BAL,Calvin Ridley,00-0034837,WR,rec,1.377,0.0,0.0,1.0,2.0,3.0
2026_04_TEN_BAL,TEN,BAL,Calvin Ridley,00-0034837,WR,rec_yds,17.143,0.0,0.0,10.456,25.769,45.351
2026_04_TEN_BAL,TEN,BAL,Calvin Ridley,00-0034837,WR,anytime_td,0.048,0.0,0.0,0.0,0.0,0.0
2026_04_TEN_BAL,TEN,BAL,Calvin Ridley,00-0034837,WR,first_td,0.01,0.01,0.01,0.01,0.01,0.01
2026_04_TEN_BAL,TEN,BAL,Tyjae Spears,00-0039032,RB,car,4.584,1.0,2.0,4.0,6.0,9.0
2026_04_TEN_BAL,TEN,BAL,Tyjae Spears,00-0039032,RB,rush_yds,16.636,0.0,4.048,11.764,23.688,38.928
2026_04_TEN_BAL,TEN,BAL,Tyjae Spears,00-0039032,RB,tgt,2.432,0.0,1.0,2.0,3.0,5.0
2026_04_TEN_BAL,TEN,BAL,Tyjae Spears,00-0039032,RB,rec,1.826,0.0,1.0,2.0,3.0,4.0
2026_04_TEN_BAL,TEN,BAL,Tyjae Spears,00-0039032,RB,rec_yds,12.311,0.0,0.0,8.297,18.351,30.961
2026_04_TEN_BAL,TEN,BAL,Tyjae Spears,00-0039032,RB,anytime_td,0.112,0.0,0.0,0.0,0.0,1.0
2026_04_TEN_BAL,TEN,BAL,Tyjae Spears,00-0039032,RB,first_td,0.023,0.023,0.023,0.023,0.023,0.023
2026_04_TEN_BAL,TEN,BAL,Gunnar Helm,00-0040584,TE,car,0.002,0.0,0.0,0.0,0.0,0.0
2026_04_TEN_BAL,TEN,BAL,Gunnar Helm,00-0040584,TE,rush_yds,0.004,0.0,0.0,0.0,0.0,0.0
2026_04_TEN_BAL,TEN,BAL,Gunnar Helm,00-0040584,TE,tgt,3.082,1.0,1.0,3.0,4.0,6.0
2026_04_TEN_BAL,TEN,BAL,Gunnar Helm,00-0040584,TE,rec,2.12,0.0,1.0,2.0,3.0,4.0
2026_04_TEN_BAL,TEN,BAL,Gunnar Helm,00-0040584,TE,rec_yds,18.521,0.0,4.515,13.924,27.616,43.806
2026_04_TEN_BAL,TEN,BAL,Gunnar Helm,00-0040584,TE,anytime_td,0.086,0.0,0.0,0.0,0.0,0.0
2026_04_TEN_BAL,TEN,BAL,Gunnar Helm,00-0040584,TE,first_td,0.018,0.018,0.018,0.018,0.018,0.018
2026_04_TEN_BAL,TEN,BAL,Elic Ayomanor,00-0040170,WR,car,0.011,0.0,0.0,0.0,0.0,0.0
2026_04_TEN_BAL,TEN,BAL,Elic Ayomanor,00-0040170,WR,rush_yds,0.048,0.0,0.0,0.0,0.0,0.0
2026_04_TEN_BAL,TEN,BAL,Elic Ayomanor,00-0040170,WR,tgt,3.76,1.0,2.0,3.0,5.0,7.0
2026_04_TEN_BAL,TEN,BAL,Elic Ayomanor,00-0040170,WR,rec,2.053,0.0,1.0,2.0,3.0,4.0
2026_04_TEN_BAL,TEN,BAL,Elic Ayomanor,00-0040170,WR,rec_yds,25.777,0.0,6.019,19.255,37.706,60.326
2026_04_TEN_BAL,TEN,BAL,Elic Ayomanor,00-0040170,WR,anytime_td,0.174,0.0,0.0,0.0,0.0,1.0
2026_04_TEN_BAL,TEN,BAL,Elic Ayomanor,00-0040170,WR,first_td,0.038,0.038,0.038,0.038,0.038,0.038
2026_04_TEN_BAL,TEN,BAL,Tony Pollard,00-0035261,RB,car,12.635,6.0,9.0,12.0,16.0,20.0
2026_04_TEN_BAL,TEN,BAL,Tony Pollard,00-0035261,RB,rush_yds,47.907,15.114,26.173,42.333,63.984,87.637
2026_04_TEN_BAL,TEN,BAL,Tony Pollard,00-0035261,RB,tgt,2.131,0.0,1.0,2.0,3.0,5.0
2026_04_TEN_BAL,TEN,BAL,Tony Pollard,00-0035261,RB,rec,1.623,0.0,0.0,1.0,2.0,4.0
2026_04_TEN_BAL,TEN,BAL,Tony Pollard,00-0035261,RB,rec_yds,10.018,0.0,0.0,6.083,14.846,26.755
2026_04_TEN_BAL,TEN,BAL,Tony Pollard,00-0035261,RB,anytime_td,0.2,0.0,0.0,0.0,0.0,1.0
2026_04_TEN_BAL,TEN,BAL,Tony Pollard,00-0035261,RB,first_td,0.045,0.045,0.045,0.045,0.045,0.045
2026_04_TEN_BAL,TEN,BAL,Chimere Dike,00-0040705,WR,car,0.196,0.0,0.0,0.0,0.0,0.0
2026_04_TEN_BAL,TEN,BAL,Chimere Dike,00-0040705,WR,rush_yds,0.94,0.0,0.0,0.0,0.0,0.0
2026_04_TEN_BAL,TEN,BAL,Chimere Dike,00-0040705,WR,tgt,2.211,0.0,1.0,2.0,3.0,5.0
2026_04_TEN_BAL,TEN,BAL,Chimere Dike,00-0040705,WR,rec,1.37,0.0,0.0,1.0,2.0,3.0
2026_04_TEN_BAL,TEN,BAL,Chimere Dike,00-0040705,WR,rec_yds,14.86,0.0,0.0,8.681,22.444,39.492
2026_04_TEN_BAL,TEN,BAL,Chimere Dike,00-0040705,WR,anytime_td,0.086,0.0,0.0,0.0,0.0,0.0
2026_04_TEN_BAL,TEN,BAL,Chimere Dike,00-0040705,WR,first_td,0.018,0.018,0.018,0.018,0.018,0.018
2026_04_TEN_BAL,TEN,BAL,Carnell Tate,00-0041438,WR,car,0.018,0.0,0.0,0.0,0.0,0.0
2026_04_TEN_BAL,TEN,BAL,Carnell Tate,00-0041438,WR,rush_yds,0.088,0.0,0.0,0.0,0.0,0.0
2026_04_TEN_BAL,TEN,BAL,Carnell Tate,00-0041438,WR,tgt,6.772,3.0,4.0,6.0,9.0,11.0
2026_04_TEN_BAL,TEN,BAL,Carnell Tate,00-0041438,WR,rec,4.155,1.0,2.0,4.0,6.0,7.0
2026_04_TEN_BAL,TEN,BAL,Carnell Tate,00-0041438,WR,rec_yds,45.313,9.95,21.667,39.637,63.014,88.633
2026_04_TEN_BAL,TEN,BAL,Carnell Tate,00-0041438,WR,anytime_td,0.129,0.0,0.0,0.0,0.0,1.0
2026_04_TEN_BAL,TEN,BAL,Carnell Tate,00-0041438,WR,first_td,0.027,0.027,0.027,0.027,0.027,0.027
2026_04_TEN_BAL,TEN,BAL,Daniel Bellinger,00-0038115,TE,car,0.003,0.0,0.0,0.0,0.0,0.0
2026_04_TEN_BAL,TEN,BAL,Daniel Bellinger,00-0038115,TE,rush_yds,0.006,0.0,0.0,0.0,0.0,0.0
2026_04_TEN_BAL,TEN,BAL,Daniel Bellinger,00-0038115,TE,tgt,1.381,0.0,0.0,1.0,2.0,3.0
2026_04_TEN_BAL,TEN,BAL,Daniel Bellinger,00-0038115,TE,rec,0.936,0.0,0.0,1.0,1.0,2.0
2026_04_TEN_BAL,TEN,BAL,Daniel Bellinger,00-0038115,TE,rec_yds,8.982,0.0,0.0,3.275,13.516,26.89
2026_04_TEN_BAL,TEN,BAL,Daniel Bellinger,00-0038115,TE,anytime_td,0.045,0.0,0.0,0.0,0.0,0.0
2026_04_TEN_BAL,TEN,BAL,Daniel Bellinger,00-0038115,TE,first_td,0.009,0.009,0.009,0.009,0.009,0.009
2026_04_TEN_BAL,TEN,BAL,Wan'Dale Robinson,00-0038117,WR,car,0.078,0.0,0.0,0.0,0.0,0.0
2026_04_TEN_BAL,TEN,BAL,Wan'Dale Robinson,00-0038117,WR,rush_yds,0.356,0.0,0.0,0.0,0.0,0.0
2026_04_TEN_BAL,TEN,BAL,Wan'Dale Robinson,00-0038117,WR,tgt,6.76,3.0,4.0,6.0,9.0,11.0
2026_04_TEN_BAL,TEN,BAL,Wan'Dale Robinson,00-0038117,WR,rec,4.227,1.0,3.0,4.0,6.0,7.0
2026_04_TEN_BAL,TEN,BAL,Wan'Dale Robinson,00-0038117,WR,rec_yds,43.824,9.44,21.182,38.248,60.75,84.974
2026_04_TEN_BAL,TEN,BAL,Wan'Dale Robinson,00-0038117,WR,anytime_td,0.231,0.0,0.0,0.0,0.0,1.0
2026_04_TEN_BAL,TEN,BAL,Wan'Dale Robinson,00-0038117,WR,first_td,0.052,0.052,0.052,0.052,0.052,0.052
2026_04_DEN_SF,SF,DEN,George Kittle,00-0033288,TE,car,0.014,0.0,0.0,0.0,0.0,0.0
2026_04_DEN_SF,SF,DEN,George Kittle,00-0033288,TE,rush_yds,0.03,0.0,0.0,0.0,0.0,0.0
2026_04_DEN_SF,SF,DEN,George Kittle,00-0033288,TE,tgt,5.901,2.0,4.0,6.0,8.0,10.0
2026_04_DEN_SF,SF,DEN,George Kittle,00-0033288,TE,rec,4.233,1.0,2.0,4.0,6.0,8.0
2026_04_DEN_SF,SF,DEN,George Kittle,00-0033288,TE,rec_yds,52.169,11.669,25.339,46.423,72.281,101.014
2026_04_DEN_SF,SF,DEN,George Kittle,00-0033288,TE,anytime_td,0.375,0.0,0.0,0.0,1.0,1.0
2026_04_DEN_SF,SF,DEN,George Kittle,00-0033288,TE,first_td,0.086,0.086,0.086,0.086,0.086,0.086
2026_04_DEN_SF,SF,DEN,Luke Farrell,00-0036887,TE,car,0.003,0.0,0.0,0.0,0.0,0.0
2026_04_DEN_SF,SF,DEN,Luke Farrell,00-0036887,TE,rush_yds,0.007,0.0,0.0,0.0,0.0,0.0
2026_04_DEN_SF,SF,DEN,Luke Farrell,00-0036887,TE,tgt,0.996,0.0,0.0,1.0,2.0,3.0
2026_04_DEN_SF,SF,DEN,Luke Farrell,00-0036887,TE,rec,0.678,0.0,0.0,0.0,1.0,2.0
2026_04_DEN_SF,SF,DEN,Luke Farrell,00-0036887,TE,rec_yds,7.408,0.0,0.0,0.0,10.734,23.853
2026_04_DEN_SF,SF,DEN,Luke Farrell,00-0036887,TE,anytime_td,0.028,0.0,0.0,0.0,0.0,0.0
2026_04_DEN_SF,SF,DEN,Luke Farrell,00-0036887,TE,first_td,0.005,0.005,0.005,0.005,0.005,0.005
2026_04_DEN_SF,SF,DEN,Brandin Cooks,00-0031236,WR,car,0.021,0.0,0.0,0.0,0.0,0.0
2026_04_DEN_SF,SF,DEN,Brandin Cooks,00-0031236,WR,rush_yds,0.137,0.0,0.0,0.0,0.0,0.0
2026_04_DEN_SF,SF,DEN,Brandin Cooks,00-0031236,WR,tgt,2.945,0.0,1.0,3.0,4.0,6.0
2026_04_DEN_SF,SF,DEN,Brandin Cooks,00-0031236,WR,rec,1.752,0.0,1.0,1.0,3.0,4.0
2026_04_DEN_SF,SF,DEN,Brandin Cooks,00-0031236,WR,rec_yds,24.554,0.0,3.369,17.021,36.753,60.582
2026_04_DEN_SF,SF,DEN,Brandin Cooks,00-0031236,WR,anytime_td,0.1,0.0,0.0,0.0,0.0,0.0
2026_04_DEN_SF,SF,DEN,Brandin Cooks,00-0031236,WR,first_td,0.02,0.02,0.02,0.02,0.02,0.02
2026_04_DEN_SF,SF,DEN,Mike Evans,00-0031408,WR,car,0.012,0.0,0.0,0.0,0.0,0.0
2026_04_DEN_SF,SF,DEN,Mike Evans,00-0031408,WR,rush_yds,0.071,0.0,0.0,0.0,0.0,0.0
2026_04_DEN_SF,SF,DEN,Mike Evans,00-0031408,WR,tgt,5.847,2.0,4.0,5.0,8.0,10.0
2026_04_DEN_SF,SF,DEN,Mike Evans,00-0031408,WR,rec,3.617,1.0,2.0,3.0,5.0,7.0
2026_04_DEN_SF,SF,DEN,Mike Evans,00-0031408,WR,rec_yds,55.548,8.971,24.224,47.697,78.241,112.064
2026_04_DEN_SF,SF,DEN,Mike Evans,00-0031408,WR,anytime_td,0.372,0.0,0.0,0.0,1.0,1.0
2026_04_DEN_SF,SF,DEN,Mike Evans,00-0031408,WR,first_td,0.085,0.085,0.085,0.085,0.085,0.085
2026_04_DEN_SF,SF,DEN,Kyle Juszczyk,00-0029892,RB,car,0.339,0.0,0.0,0.0,0.0,1.0
2026_04_DEN_SF,SF,DEN,Kyle Juszczyk,00-0029892,RB,rush_yds,1.435,0.0,0.0,0.0,0.0,3.666
2026_04_DEN_SF,SF,DEN,Kyle Juszczyk,00-0029892,RB,tgt,1.621,0.0,0.0,1.0,2.0,4.0
2026_04_DEN_SF,SF,DEN,Kyle Juszczyk,00-0029892,RB,rec,1.203,0.0,0.0,1.0,2.0,3.0
2026_04_DEN_SF,SF,DEN,Kyle Juszczyk,00-0029892,RB,rec_yds,10.394,0.0,0.0,4.799,15.423,29.604
2026_04_DEN_SF,SF,DEN,Kyle Juszczyk,00-0029892,RB,anytime_td,0.139,0.0,0.0,0.0,0.0,1.0
2026_04_DEN_SF,SF,DEN,Kyle Juszczyk,00-0029892,RB,first_td,0.029,0.029,0.029,0.029,0.029,0.029
2026_04_DEN_SF,SF,DEN,Jacob Cowing,00-0039365,WR,car,0.057,0.0,0.0,0.0,0.0,0.0
2026_04_DEN_SF,SF,DEN,Jacob Cowing,00-0039365,WR,rush_yds,0.302,0.0,0.0,0.0,0.0,0.0
2026_04_DEN_SF,SF,DEN,Jacob Cowing,00-0039365,WR,tgt,0.83,0.0,0.0,0.0,1.0,2.0
2026_04_DEN_SF,SF,DEN,Jacob Cowing,00-0039365,WR,rec,0.488,0.0,0.0,0.0,1.0,2.0
2026_04_DEN_SF,SF,DEN,Jacob Cowing,00-0039365,WR,rec_yds,6.683,0.0,0.0,0.0,8.319,23.007
2026_04_DEN_SF,SF,DEN,Jacob Cowing,00-0039365,WR,anytime_td,0.013,0.0,0.0,0.0,0.0,0.0
2026_04_DEN_SF,SF,DEN,Jacob Cowing,00-0039365,WR,first_td,0.003,0.003,0.003,0.003,0.003,0.003
2026_04_DEN_SF,SF,DEN,Christian McCaffrey,00-0033280,RB,car,11.744,5.0,8.0,11.0,15.0,19.0
2026_04_DEN_SF,SF,DEN,Christian McCaffrey,00-0033280,RB,rush_yds,50.998,14.649,26.103,44.298,68.453,96.355
2026_04_DEN_SF,SF,DEN,Christian McCaffrey,00-0033280,RB,tgt,6.009,2.0,4.0,6.0,8.0,10.0
2026_04_DEN_SF,SF,DEN,Christian McCaffrey,00-0033280,RB,rec,4.538,2.0,3.0,4.0,6.0,8.0
2026_04_DEN_SF,SF,DEN,Christian McCaffrey,00-0033280,RB,rec_yds,38.485,6.936,17.036,32.766,53.432,77.308
2026_04_DEN_SF,SF,DEN,Christian McCaffrey,00-0033280,RB,anytime_td,0.54,0.0,0.0,1.0,1.0,1.0
2026_04_DEN_SF,SF,DEN,Christian McCaffrey,00-0033280,RB,first_td,0.142,0.142,0.142,0.142,0.142,0.142
2026_04_DEN_SF,SF,DEN,Jordan Watkins,00-0040172,WR,car,0.02,0.0,0.0,0.0,0.0,0.0
2026_04_DEN_SF,SF,DEN,Jordan Watkins,00-0040172,WR,rush_yds,0.11,0.0,0.0,0.0,0.0,0.0
2026_04_DEN_SF,SF,DEN,Jordan Watkins,00-0040172,WR,tgt,1.414,0.0,0.0,1.0,2.0,3.0
2026_04_DEN_SF,SF,DEN,Jordan Watkins,00-0040172,WR,rec,0.89,0.0,0.0,1.0,1.0,2.0
2026_04_DEN_SF,SF,DEN,Jordan Watkins,00-0040172,WR,rec_yds,13.144,0.0,0.0,3.494,19.58,39.924
2026_04_DEN_SF,SF,DEN,Jordan Watkins,00-0040172,WR,anytime_td,0.03,0.0,0.0,0.0,0.0,0.0
2026_04_DEN_SF,SF,DEN,Jordan Watkins,00-0040172,WR,first_td,0.006,0.006,0.006,0.006,0.006,0.006
2026_04_DEN_SF,SF,DEN,Deebo Samuel Sr.,00-0035719,WR,car,1.01,0.0,0.0,0.0,1.0,3.0
2026_04_DEN_SF,SF,DEN,Deebo Samuel Sr.,00-0035719,WR,rush_yds,5.697,0.0,0.0,0.0,5.604,19.769
2026_04_DEN_SF,SF,DEN,Deebo Samuel Sr.,00-0035719,WR,tgt,4.409,1.0,2.0,4.0,6.0,8.0
2026_04_DEN_SF,SF,DEN,Deebo Samuel Sr.,00-0035719,WR,rec,2.818,1.0,1.0,3.0,4.0,5.0
2026_04_DEN_SF,SF,DEN,Deebo Samuel Sr.,00-0035719,WR,rec_yds,36.071,1.153,12.728,29.134,52.352,77.27
2026_04_DEN_SF,SF,DEN,Deebo Samuel Sr.,00-0035719,WR,anytime_td,0.225,0.0,0.0,0.0,0.0,1.0
2026_04_DEN_SF,SF,DEN,Deebo Samuel Sr.,00-0035719,WR,first_td,0.048,0.048,0.048,0.048,0.048,0.048
2026_04_DEN_SF,SF,DEN,Brock Purdy,00-0037834,QB,att,30.648,20.0,26.0,31.0,37.0,41.0
2026_04_DEN_SF,SF,DEN,Brock Purdy,00-0037834,QB,cmp,19.873,12.0,16.0,20.0,24.0,28.0
2026_04_DEN_SF,SF,DEN,Brock Purdy,00-0037834,QB,pass_yds,236.795,133.918,184.244,235.7,292.095,346.496
2026_04_DEN_SF,SF,DEN,Brock Purdy,00-0037834,QB,pass_td,1.654,0.0,1.0,2.0,2.0,3.0
2026_04_DEN_SF,SF,DEN,Brock Purdy,00-0037834,QB,ints,0.693,0.0,0.0,0.0,1.0,2.0
2026_04_DEN_SF,SF,DEN,Brock Purdy,00-0037834,QB,car,3.874,1.0,2.0,4.0,5.0,7.0
2026_04_DEN_SF,SF,DEN,Brock Purdy,00-0037834,QB,rush_yds,20.376,0.0,5.786,16.097,30.539,46.376
2026_04_DEN_SF,SF,DEN,Brock Purdy,00-0037834,QB,tgt,0.0,0.0,0.0,0.0,0.0,0.0
2026_04_DEN_SF,SF,DEN,Brock Purdy,00-0037834,QB,rec,0.0,0.0,0.0,0.0,0.0,0.0
2026_04_DEN_SF,SF,DEN,Brock Purdy,00-0037834,QB,rec_yds,0.003,0.0,0.0,0.0,0.0,0.0
2026_04_DEN_SF,SF,DEN,Brock Purdy,00-0037834,QB,anytime_td,0.232,0.0,0.0,0.0,0.0,1.0
2026_04_DEN_SF,SF,DEN,Brock Purdy,00-0037834,QB,first_td,0.049,0.049,0.049,0.049,0.049,0.049
2026_04_DEN_SF,SF,DEN,Jordan James,00-0040177,RB,car,3.193,0.0,1.0,2.0,5.0,8.0
2026_04_DEN_SF,SF,DEN,Jordan James,00-0040177,RB,rush_yds,13.931,0.0,0.872,7.915,19.901,36.57
2026_04_DEN_SF,SF,DEN,Jordan James,00-0040177,RB,tgt,0.391,0.0,0.0,0.0,1.0,1.0
2026_04_DEN_SF,SF,DEN,Jordan James,00-0040177,RB,rec,0.293,0.0,0.0,0.0,0.0,1.0
2026_04_DEN_SF,SF,DEN,Jordan James,00-0040177,RB,rec_yds,2.364,0.0,0.0,0.0,0.0,8.627
2026_04_DEN_SF,SF,DEN,Jordan James,00-0040177,RB,anytime_td,0.078,0.0,0.0,0.0,0.0,0.0
2026_04_DEN_SF,SF,DEN,Jordan James,00-0040177,RB,first_td,0.016,0.016,0.016,0.016,0.016,0.016
2026_04_DEN_SF,SF,DEN,Kaelon Black,00-0041052,RB,car,6.432,1.0,3.0,6.0,9.0,12.0
2026_04_DEN_SF,SF,DEN,Kaelon Black,00-0041052,RB,rush_yds,27.823,2.791,9.42,21.5,39.102,60.947
2026_04_DEN_SF,SF,DEN,Kaelon Black,00-0041052,RB,tgt,0.768,0.0,0.0,0.0,1.0,2.0
2026_04_DEN_SF,SF,DEN,Kaelon Black,00-0041052,RB,rec,0.559,0.0,0.0,0.0,1.0,2.0
2026_04_DEN_SF,SF,DEN,Kaelon Black,00-0041052,RB,rec_yds,4.387,0.0,0.0,0.0,5.558,14.966
2026_04_DEN_SF,SF,DEN,Kaelon Black,00-0041052,RB,anytime_td,0.135,0.0,0.0,0.0,0.0,1.0
2026_04_DEN_SF,SF,DEN,Kaelon Black,00-0041052,RB,first_td,0.027,0.027,0.027,0.027,0.027,0.027
2026_04_DEN_SF,DEN,SF,Pat Bryant,00-0040134,WR,car,0.237,0.0,0.0,0.0,0.0,1.0
2026_04_DEN_SF,DEN,SF,Pat Bryant,00-0040134,WR,rush_yds,1.341,0.0,0.0,0.0,0.0,0.0
2026_04_DEN_SF,DEN,SF,Pat Bryant,00-0040134,WR,tgt,2.872,0.0,1.0,2.0,4.0,6.0
2026_04_DEN_SF,DEN,SF,Pat Bryant,00-0040134,WR,rec,1.878,0.0,1.0,2.0,3.0,4.0
2026_04_DEN_SF,DEN,SF,Pat Bryant,00-0040134,WR,rec_yds,23.487,0.0,4.454,16.639,35.189,56.92
2026_04_DEN_SF,DEN,SF,Pat Bryant,00-0040134,WR,anytime_td,0.198,0.0,0.0,0.0,0.0,1.0
2026_04_DEN_SF,DEN,SF,Pat Bryant,00-0040134,WR,first_td,0.041,0.041,0.041,0.041,0.041,0.041
2026_04_DEN_SF,DEN,SF,J.K. Dobbins,00-0036158,RB,car,11.627,5.0,8.0,11.0,15.0,19.0
2026_04_DEN_SF,DEN,SF,J.K. Dobbins,00-0036158,RB,rush_yds,48.104,13.796,25.423,42.353,64.275,89.633
2026_04_DEN_SF,DEN,SF,J.K. Dobbins,00-0036158,RB,tgt,1.012,0.0,0.0,1.0,2.0,3.0
2026_04_DEN_SF,DEN,SF,J.K. Dobbins,00-0036158,RB,rec,0.786,0.0,0.0,0.0,1.0,2.0
2026_04_DEN_SF,DEN,SF,J.K. Dobbins,00-0036158,RB,rec_yds,5.504,0.0,0.0,0.0,7.836,17.621
2026_04_DEN_SF,DEN,SF,J.K. Dobbins,00-0036158,RB,anytime_td,0.233,0.0,0.0,0.0,0.0,1.0
2026_04_DEN_SF,DEN,SF,J.K. Dobbins,00-0036158,RB,first_td,0.049,0.049,0.049,0.049,0.049,0.049
2026_04_DEN_SF,DEN,SF,RJ Harvey,00-0040730,RB,car,6.463,2.0,3.0,6.0,9.0,12.0
2026_04_DEN_SF,DEN,SF,RJ Harvey,00-0040730,RB,rush_yds,26.155,2.732,9.056,20.13,36.648,56.403
2026_04_DEN_SF,DEN,SF,RJ Harvey,00-0040730,RB,tgt,4.376,1.0,2.0,4.0,6.0,8.0
2026_04_DEN_SF,DEN,SF,RJ Harvey,00-0040730,RB,rec,3.521,1.0,2.0,3.0,5.0,7.0
2026_04_DEN_SF,DEN,SF,RJ Harvey,00-0040730,RB,rec_yds,25.109,1.994,9.379,20.341,36.064,53.708
2026_04_DEN_SF,DEN,SF,RJ Harvey,00-0040730,RB,anytime_td,0.336,0.0,0.0,0.0,1.0,1.0
2026_04_DEN_SF,DEN,SF,RJ Harvey,00-0040730,RB,first_td,0.075,0.075,0.075,0.075,0.075,0.075
2026_04_DEN_SF,DEN,SF,Tyler Badie,00-0037085,RB,car,0.982,0.0,0.0,0.0,1.0,3.0
2026_04_DEN_SF,DEN,SF,Tyler Badie,00-0037085,RB,rush_yds,4.034,0.0,0.0,0.0,4.362,13.724
2026_04_DEN_SF,DEN,SF,Tyler Badie,00-0037085,RB,tgt,1.545,0.0,0.0,1.0,2.0,4.0
2026_04_DEN_SF,DEN,SF,Tyler Badie,00-0037085,RB,rec,1.199,0.0,0.0,1.0,2.0,3.0
2026_04_DEN_SF,DEN,SF,Tyler Badie,00-0037085,RB,rec_yds,9.45,0.0,0.0,4.334,13.895,27.179
2026_04_DEN_SF,DEN,SF,Tyler Badie,00-0037085,RB,anytime_td,0.061,0.0,0.0,0.0,0.0,0.0
2026_04_DEN_SF,DEN,SF,Tyler Badie,00-0037085,RB,first_td,0.011,0.011,0.011,0.011,0.011,0.011
2026_04_DEN_SF,DEN,SF,Troy Franklin,00-0039868,WR,car,0.239,0.0,0.0,0.0,0.0,1.0
2026_04_DEN_SF,DEN,SF,Troy Franklin,00-0039868,WR,rush_yds,1.294,0.0,0.0,0.0,0.0,0.0
2026_04_DEN_SF,DEN,SF,Troy Franklin,00-0039868,WR,tgt,2.416,0.0,1.0,2.0,3.0,5.0
2026_04_DEN_SF,DEN,SF,Troy Franklin,00-0039868,WR,rec,1.535,0.0,0.0,1.0,2.0,4.0
2026_04_DEN_SF,DEN,SF,Troy Franklin,00-0039868,WR,rec_yds,19.859,0.0,0.0,12.794,29.712,50.763
2026_04_DEN_SF,DEN,SF,Troy Franklin,00-0039868,WR,anytime_td,0.121,0.0,0.0,0.0,0.0,1.0
2026_04_DEN_SF,DEN,SF,Troy Franklin,00-0039868,WR,first_td,0.024,0.024,0.024,0.024,0.024,0.024
2026_04_DEN_SF,DEN,SF,Adam Trautman,00-0036422,TE,car,0.002,0.0,0.0,0.0,0.0,0.0
2026_04_DEN_SF,DEN,SF,Adam Trautman,00-0036422,TE,rush_yds,0.005,0.0,0.0,0.0,0.0,0.0
2026_04_DEN_SF,DEN,SF,Adam Trautman,00-0036422,TE,tgt,1.019,0.0,0.0,1.0,2.0,3.0
2026_04_DEN_SF,DEN,SF,Adam Trautman,00-0036422,TE,rec,0.727,0.0,0.0,0.0,1.0,2.0
2026_04_DEN_SF,DEN,SF,Adam Trautman,00-0036422,TE,rec_yds,7.225,0.0,0.0,0.0,10.57,23.334
2026_04_DEN_SF,DEN,SF,Adam Trautman,00-0036422,TE,anytime_td,0.02,0.0,0.0,0.0,0.0,0.0
2026_04_DEN_SF,DEN,SF,Adam Trautman,00-0036422,TE,first_td,0.004,0.004,0.004,0.004,0.004,0.004
2026_04_DEN_SF,DEN,SF,Marvin Mims Jr.,00-0038976,WR,car,0.411,0.0,0.0,0.0,0.0,1.0
2026_04_DEN_SF,DEN,SF,Marvin Mims Jr.,00-0038976,WR,rush_yds,2.23,0.0,0.0,0.0,0.0,6.847
2026_04_DEN_SF,DEN,SF,Marvin Mims Jr.,00-0038976,WR,tgt,2.7,0.0,1.0,2.0,4.0,6.0
2026_04_DEN_SF,DEN,SF,Marvin Mims Jr.,00-0038976,WR,rec,1.812,0.0,1.0,1.0,3.0,4.0
2026_04_DEN_SF,DEN,SF,Marvin Mims Jr.,00-0038976,WR,rec_yds,21.575,0.0,3.227,14.969,32.692,52.834
2026_04_DEN_SF,DEN,SF,Marvin Mims Jr.,00-0038976,WR,anytime_td,0.136,0.0,0.0,0.0,0.0,1.0
2026_04_DEN_SF,DEN,SF,Marvin Mims Jr.,00-0038976,WR,first_td,0.026,0.026,0.026,0.026,0.026,0.026
2026_04_DEN_SF,DEN,SF,Jaylen Waddle,00-0036613,WR,car,0.275,0.0,0.0,0.0,0.0,1.0
2026_04_DEN_SF,DEN,SF,Jaylen Waddle,00-0036613,WR,rush_yds,1.572,0.0,0.0,0.0,0.0,2.831
2026_04_DEN_SF,DEN,SF,Jaylen Waddle,00-0036613,WR,tgt,6.255,2.0,4.0,6.0,8.0,10.0
2026_04_DEN_SF,DEN,SF,Jaylen Waddle,00-0036613,WR,rec,3.798,1.0,2.0,4.0,5.0,7.0
2026_04_DEN_SF,DEN,SF,Jaylen Waddle,00-0036613,WR,rec_yds,48.909,8.666,21.965,42.208,68.005,97.282
2026_04_DEN_SF,DEN,SF,Jaylen Waddle,00-0036613,WR,anytime_td,0.159,0.0,0.0,0.0,0.0,1.0
2026_04_DEN_SF,DEN,SF,Jaylen Waddle,00-0036613,WR,first_td,0.032,0.032,0.032,0.032,0.032,0.032
2026_04_DEN_SF,DEN,SF,Evan Engram,00-0033881,TE,car,0.01,0.0,0.0,0.0,0.0,0.0
2026_04_DEN_SF,DEN,SF,Evan Engram,00-0033881,TE,rush_yds,0.019,0.0,0.0,0.0,0.0,0.0
2026_04_DEN_SF,DEN,SF,Evan Engram,00-0033881,TE,tgt,2.931,0.0,1.0,3.0,4.0,6.0
2026_04_DEN_SF,DEN,SF,Evan Engram,00-0033881,TE,rec,2.023,0.0,1.0,2.0,3.0,4.0
2026_04_DEN_SF,DEN,SF,Evan Engram,00-0033881,TE,rec_yds,20.811,0.0,4.957,15.643,30.558,48.949
2026_04_DEN_SF,DEN,SF,Evan Engram,00-0033881,TE,anytime_td,0.156,0.0,0.0,0.0,0.0,1.0
2026_04_DEN_SF,DEN,SF,Evan Engram,00-0033881,TE,first_td,0.031,0.031,0.031,0.031,0.031,0.031
2026_04_DEN_SF,DEN,SF,Nate Adkins,00-0038783,TE,car,0.178,0.0,0.0,0.0,0.0,0.0
2026_04_DEN_SF,DEN,SF,Nate Adkins,00-0038783,TE,rush_yds,0.414,0.0,0.0,0.0,0.0,0.0
2026_04_DEN_SF,DEN,SF,Nate Adkins,00-0038783,TE,tgt,1.357,0.0,0.0,1.0,2.0,3.0
2026_04_DEN_SF,DEN,SF,Nate Adkins,00-0038783,TE,rec,0.979,0.0,0.0,1.0,2.0,3.0
2026_04_DEN_SF,DEN,SF,Nate Adkins,00-0038783,TE,rec_yds,9.805,0.0,0.0,3.969,14.871,29.127
2026_04_DEN_SF,DEN,SF,Nate Adkins,00-0038783,TE,anytime_td,0.201,0.0,0.0,0.0,0.0,1.0
2026_04_DEN_SF,DEN,SF,Nate Adkins,00-0038783,TE,first_td,0.044,0.044,0.044,0.044,0.044,0.044
2026_04_DEN_SF,DEN,SF,Courtland Sutton,00-0034348,WR,car,0.011,0.0,0.0,0.0,0.0,0.0
2026_04_DEN_SF,DEN,SF,Courtland Sutton,00-0034348,WR,rush_yds,0.037,0.0,0.0,0.0,0.0,0.0
2026_04_DEN_SF,DEN,SF,Courtland Sutton,00-0034348,WR,tgt,5.521,2.0,3.0,5.0,7.0,10.0
2026_04_DEN_SF,DEN,SF,Courtland Sutton,00-0034348,WR,rec,3.282,1.0,2.0,3.0,5.0,6.0
2026_04_DEN_SF,DEN,SF,Courtland Sutton,00-0034348,WR,rec_yds,40.136,5.279,16.556,33.981,57.415,82.357
2026_04_DEN_SF,DEN,SF,Courtland Sutton,00-0034348,WR,anytime_td,0.219,0.0,0.0,0.0,0.0,1.0
2026_04_DEN_SF,DEN,SF,Courtland Sutton,00-0034348,WR,first_td,0.046,0.046,0.046,0.046,0.046,0.046
2026_04_DEN_SF,DEN,SF,Adam Prentice,00-0036727,RB,car,0.534,0.0,0.0,0.0,0.0,2.0
2026_04_DEN_SF,DEN,SF,Adam Prentice,00-0036727,RB,rush_yds,2.252,0.0,0.0,0.0,0.0,7.292
2026_04_DEN_SF,DEN,SF,Adam Prentice,00-0036727,RB,tgt,0.42,0.0,0.0,0.0,1.0,1.0
2026_04_DEN_SF,DEN,SF,Adam Prentice,00-0036727,RB,rec,0.332,0.0,0.0,0.0,0.0,1.0
2026_04_DEN_SF,DEN,SF,Adam Prentice,00-0036727,RB,rec_yds,2.405,0.0,0.0,0.0,0.0,8.945
2026_04_DEN_SF,DEN,SF,Adam Prentice,00-0036727,RB,anytime_td,0.016,0.0,0.0,0.0,0.0,0.0
2026_04_DEN_SF,DEN,SF,Adam Prentice,00-0036727,RB,first_td,0.003,0.003,0.003,0.003,0.003,0.003
2026_04_DEN_SF,DEN,SF,Bo Nix,00-0039732,QB,att,31.821,21.0,27.0,33.0,38.0,43.0
2026_04_DEN_SF,DEN,SF,Bo Nix,00-0039732,QB,cmp,20.569,13.0,17.0,21.0,25.0,28.0
2026_04_DEN_SF,DEN,SF,Bo Nix,00-0039732,QB,pass_yds,220.252,126.675,171.56,219.46,268.788,320.775
2026_04_DEN_SF,DEN,SF,Bo Nix,00-0039732,QB,pass_td,1.501,0.0,1.0,1.0,2.0,3.0
2026_04_DEN_SF,DEN,SF,Bo Nix,00-0039732,QB,ints,0.712,0.0,0.0,0.0,1.0,2.0
2026_04_DEN_SF,DEN,SF,Bo Nix,00-0039732,QB,car,4.078,1.0,2.0,3.0,6.0,8.0
2026_04_DEN_SF,DEN,SF,Bo Nix,00-0039732,QB,rush_yds,16.534,0.0,3.588,12.128,24.726,39.551
2026_04_DEN_SF,DEN,SF,Bo Nix,00-0039732,QB,tgt,0.0,0.0,0.0,0.0,0.0,0.0
2026_04_DEN_SF,DEN,SF,Bo Nix,00-0039732,QB,rec,0.0,0.0,0.0,0.0,0.0,0.0
2026_04_DEN_SF,DEN,SF,Bo Nix,00-0039732,QB,rec_yds,0.003,0.0,0.0,0.0,0.0,0.0
2026_04_DEN_SF,DEN,SF,Bo Nix,00-0039732,QB,anytime_td,0.246,0.0,0.0,0.0,0.0,1.0
2026_04_DEN_SF,DEN,SF,Bo Nix,00-0039732,QB,first_td,0.054,0.054,0.054,0.054,0.054,0.054
2026_04_KC_LV,LV,KC,Ian Thomas,00-0034365,TE,car,0.003,0.0,0.0,0.0,0.0,0.0
2026_04_KC_LV,LV,KC,Ian Thomas,00-0034365,TE,rush_yds,0.007,0.0,0.0,0.0,0.0,0.0
2026_04_KC_LV,LV,KC,Ian Thomas,00-0034365,TE,tgt,0.672,0.0,0.0,0.0,1.0,2.0
2026_04_KC_LV,LV,KC,Ian Thomas,00-0034365,TE,rec,0.471,0.0,0.0,0.0,1.0,2.0
2026_04_KC_LV,LV,KC,Ian Thomas,00-0034365,TE,rec_yds,4.869,0.0,0.0,0.0,6.107,17.067
2026_04_KC_LV,LV,KC,Ian Thomas,00-0034365,TE,anytime_td,0.008,0.0,0.0,0.0,0.0,0.0
2026_04_KC_LV,LV,KC,Ian Thomas,00-0034365,TE,first_td,0.002,0.002,0.002,0.002,0.002,0.002
2026_04_KC_LV,LV,KC,Brock Bowers,00-0039338,TE,car,0.097,0.0,0.0,0.0,0.0,0.0
2026_04_KC_LV,LV,KC,Brock Bowers,00-0039338,TE,rush_yds,0.224,0.0,0.0,0.0,0.0,0.0
2026_04_KC_LV,LV,KC,Brock Bowers,00-0039338,TE,tgt,8.332,4.0,6.0,8.0,11.0,13.0
2026_04_KC_LV,LV,KC,Brock Bowers,00-0039338,TE,rec,5.859,2.0,4.0,6.0,8.0,10.0
2026_04_KC_LV,LV,KC,Brock Bowers,00-0039338,TE,rec_yds,62.042,20.122,36.142,57.019,82.662,109.504
2026_04_KC_LV,LV,KC,Brock Bowers,00-0039338,TE,anytime_td,0.369,0.0,0.0,0.0,1.0,1.0
2026_04_KC_LV,LV,KC,Brock Bowers,00-0039338,TE,first_td,0.082,0.082,0.082,0.082,0.082,0.082
2026_04_KC_LV,LV,KC,Tre Tucker,00-0038563,WR,car,0.269,0.0,0.0,0.0,0.0,1.0
2026_04_KC_LV,LV,KC,Tre Tucker,00-0038563,WR,rush_yds,1.464,0.0,0.0,0.0,0.0,1.961
2026_04_KC_LV,LV,KC,Tre Tucker,00-0038563,WR,tgt,5.33,2.0,3.0,5.0,7.0,9.0
2026_04_KC_LV,LV,KC,Tre Tucker,00-0038563,WR,rec,3.299,1.0,2.0,3.0,5.0,6.0
2026_04_KC_LV,LV,KC,Tre Tucker,00-0038563,WR,rec_yds,44.827,6.406,18.506,37.161,64.176,92.416
2026_04_KC_LV,LV,KC,Tre Tucker,00-0038563,WR,anytime_td,0.172,0.0,0.0,0.0,0.0,1.0
2026_04_KC_LV,LV,KC,Tre Tucker,00-0038563,WR,first_td,0.034,0.034,0.034,0.034,0.034,0.034
2026_04_KC_LV,LV,KC,Ashton Jeanty,00-0040122,RB,car,16.156,9.0,12.0,16.0,20.0,24.0
2026_04_KC_LV,LV,KC,Ashton Jeanty,00-0040122,RB,rush_yds,59.374,22.37,35.255,53.789,77.479,103.88
2026_04_KC_LV,LV,KC,Ashton Jeanty,00-0040122,RB,tgt,4.857,2.0,3.0,4.0,6.0,9.0
2026_04_KC_LV,LV,KC,Ashton Jeanty,00-0040122,RB,rec,3.611,1.0,2.0,3.0,5.0,7.0
2026_04_KC_LV,LV,KC,Ashton Jeanty,00-0040122,RB,rec_yds,27.032,2.738,10.108,22.214,38.425,57.46
2026_04_KC_LV,LV,KC,Ashton Jeanty,00-0040122,RB,anytime_td,0.499,0.0,0.0,0.0,1.0,1.0
2026_04_KC_LV,LV,KC,Ashton Jeanty,00-0040122,RB,first_td,0.124,0.124,0.124,0.124,0.124,0.124
2026_04_KC_LV,LV,KC,Michael Mayer,00-0039066,TE,car,0.002,0.0,0.0,0.0,0.0,0.0
2026_04_KC_LV,LV,KC,Michael Mayer,00-0039066,TE,rush_yds,0.003,0.0,0.0,0.0,0.0,0.0
2026_04_KC_LV,LV,KC,Michael Mayer,00-0039066,TE,tgt,4.344,1.0,2.0,4.0,6.0,8.0
2026_04_KC_LV,LV,KC,Michael Mayer,00-0039066,TE,rec,3.091,1.0,2.0,3.0,4.0,6.0
2026_04_KC_LV,LV,KC,Michael Mayer,00-0039066,TE,rec_yds,30.107,2.818,11.566,25.059,43.305,63.506
2026_04_KC_LV,LV,KC,Michael Mayer,00-0039066,TE,anytime_td,0.159,0.0,0.0,0.0,0.0,1.0
2026_04_KC_LV,LV,KC,Michael Mayer,00-0039066,TE,first_td,0.032,0.032,0.032,0.032,0.032,0.032
2026_04_KC_LV,LV,KC,Connor Heyward,00-0037304,RB,car,0.938,0.0,0.0,0.0,1.0,3.0
2026_04_KC_LV,LV,KC,Connor Heyward,00-0037304,RB,rush_yds,3.777,0.0,0.0,0.0,3.652,12.445
2026_04_KC_LV,LV,KC,Connor Heyward,00-0037304,RB,tgt,0.17,0.0,0.0,0.0,0.0,1.0
2026_04_KC_LV,LV,KC,Connor Heyward,00-0037304,RB,rec,0.124,0.0,0.0,0.0,0.0,0.0
2026_04_KC_LV,LV,KC,Connor Heyward,00-0037304,RB,rec_yds,0.931,0.0,0.0,0.0,0.0,0.0
2026_04_KC_LV,LV,KC,Connor Heyward,00-0037304,RB,anytime_td,0.049,0.0,0.0,0.0,0.0,0.0
2026_04_KC_LV,LV,KC,Connor Heyward,00-0037304,RB,first_td,0.01,0.01,0.01,0.01,0.01,0.01
2026_04_KC_LV,LV,KC,Dylan Laube,00-0039407,RB,car,0.706,0.0,0.0,0.0,1.0,2.0
2026_04_KC_LV,LV,KC,Dylan Laube,00-0039407,RB,rush_yds,2.947,0.0,0.0,0.0,1.058,9.497
2026_04_KC_LV,LV,KC,Dylan Laube,00-0039407,RB,tgt,0.272,0.0,0.0,0.0,0.0,1.0
2026_04_KC_LV,LV,KC,Dylan Laube,00-0039407,RB,rec,0.203,0.0,0.0,0.0,0.0,1.0
2026_04_KC_LV,LV,KC,Dylan Laube,00-0039407,RB,rec_yds,1.535,0.0,0.0,0.0,0.0,5.103
2026_04_KC_LV,LV,KC,Dylan Laube,00-0039407,RB,anytime_td,0.018,0.0,0.0,0.0,0.0,0.0
2026_04_KC_LV,LV,KC,Dylan Laube,00-0039407,RB,first_td,0.003,0.003,0.003,0.003,0.003,0.003
2026_04_KC_LV,LV,KC,Jalen Nailor,00-0037291,WR,car,0.043,0.0,0.0,0.0,0.0,0.0
2026_04_KC_LV,LV,KC,Jalen Nailor,00-0037291,WR,rush_yds,0.205,0.0,0.0,0.0,0.0,0.0
2026_04_KC_LV,LV,KC,Jalen Nailor,00-0037291,WR,tgt,3.465,1.0,2.0,3.0,5.0,7.0
2026_04_KC_LV,LV,KC,Jalen Nailor,00-0037291,WR,rec,1.967,0.0,1.0,2.0,3.0,4.0
2026_04_KC_LV,LV,KC,Jalen Nailor,00-0037291,WR,rec_yds,25.143,0.0,5.641,18.3,37.764,60.16
2026_04_KC_LV,LV,KC,Jalen Nailor,00-0037291,WR,anytime_td,0.084,0.0,0.0,0.0,0.0,0.0
2026_04_KC_LV,LV,KC,Jalen Nailor,00-0037291,WR,first_td,0.016,0.016,0.016,0.016,0.016,0.016
2026_04_KC_LV,LV,KC,Malik Benson,00-0040894,WR,car,0.213,0.0,0.0,0.0,0.0,1.0
2026_04_KC_LV,LV,KC,Malik Benson,00-0040894,WR,rush_yds,1.131,0.0,0.0,0.0,0.0,0.0
2026_04_KC_LV,LV,KC,Malik Benson,00-0040894,WR,tgt,1.461,0.0,0.0,1.0,2.0,3.0
2026_04_KC_LV,LV,KC,Malik Benson,00-0040894,WR,rec,0.844,0.0,0.0,1.0,1.0,2.0
2026_04_KC_LV,LV,KC,Malik Benson,00-0040894,WR,rec_yds,10.645,0.0,0.0,1.013,15.795,32.576
2026_04_KC_LV,LV,KC,Malik Benson,00-0040894,WR,anytime_td,0.023,0.0,0.0,0.0,0.0,0.0
2026_04_KC_LV,LV,KC,Malik Benson,00-0040894,WR,first_td,0.004,0.004,0.004,0.004,0.004,0.004
2026_04_KC_LV,LV,KC,Mike Washington Jr.,00-0040878,RB,car,3.86,0.0,1.0,3.0,6.0,9.0
2026_04_KC_LV,LV,KC,Mike Washington Jr.,00-0040878,RB,rush_yds,17.46,0.0,2.931,11.037,24.589,43.595
2026_04_KC_LV,LV,KC,Mike Washington Jr.,00-0040878,RB,tgt,0.405,0.0,0.0,0.0,1.0,1.0
2026_04_KC_LV,LV,KC,Mike Washington Jr.,00-0040878,RB,rec,0.296,0.0,0.0,0.0,0.0,1.0
2026_04_KC_LV,LV,KC,Mike Washington Jr.,00-0040878,RB,rec_yds,2.184,0.0,0.0,0.0,0.0,8.283
2026_04_KC_LV,LV,KC,Mike Washington Jr.,00-0040878,RB,anytime_td,0.212,0.0,0.0,0.0,0.0,1.0
2026_04_KC_LV,LV,KC,Mike Washington Jr.,00-0040878,RB,first_td,0.045,0.045,0.045,0.045,0.045,0.045
2026_04_KC_LV,LV,KC,Cody White,00-0035891,WR,car,0.009,0.0,0.0,0.0,0.0,0.0
2026_04_KC_LV,LV,KC,Cody White,00-0035891,WR,rush_yds,0.04,0.0,0.0,0.0,0.0,0.0
2026_04_KC_LV,LV,KC,Cody White,00-0035891,WR,tgt,2.109,0.0,1.0,2.0,3.0,5.0
2026_04_KC_LV,LV,KC,Cody White,00-0035891,WR,rec,1.239,0.0,0.0,1.0,2.0,3.0
2026_04_KC_LV,LV,KC,Cody White,00-0035891,WR,rec_yds,15.722,0.0,0.0,9.289,23.695,42.294
2026_04_KC_LV,LV,KC,Cody White,00-0035891,WR,anytime_td,0.23,0.0,0.0,0.0,0.0,1.0
2026_04_KC_LV,LV,KC,Cody White,00-0035891,WR,first_td,0.049,0.049,0.049,0.049,0.049,0.049
2026_04_KC_LV,LV,KC,Kirk Cousins,00-0029604,QB,att,31.178,21.0,27.0,32.0,37.0,42.0
2026_04_KC_LV,LV,KC,Kirk Cousins,00-0029604,QB,cmp,19.906,12.0,16.0,20.0,24.0,28.0
2026_04_KC_LV,LV,KC,Kirk Cousins,00-0029604,QB,pass_yds,213.935,124.034,166.127,212.881,264.367,312.23
2026_04_KC_LV,LV,KC,Kirk Cousins,00-0029604,QB,pass_td,1.396,0.0,1.0,1.0,2.0,3.0
2026_04_KC_LV,LV,KC,Kirk Cousins,00-0029604,QB,ints,0.791,0.0,0.0,1.0,1.0,2.0
2026_04_KC_LV,LV,KC,Kirk Cousins,00-0029604,QB,car,2.099,0.0,1.0,2.0,3.0,5.0
2026_04_KC_LV,LV,KC,Kirk Cousins,00-0029604,QB,rush_yds,8.941,-1.0,0.0,4.778,14.203,24.848
2026_04_KC_LV,LV,KC,Kirk Cousins,00-0029604,QB,tgt,0.0,0.0,0.0,0.0,0.0,0.0
2026_04_KC_LV,LV,KC,Kirk Cousins,00-0029604,QB,rec,0.0,0.0,0.0,0.0,0.0,0.0
2026_04_KC_LV,LV,KC,Kirk Cousins,00-0029604,QB,rec_yds,0.002,0.0,0.0,0.0,0.0,0.0
2026_04_KC_LV,LV,KC,Kirk Cousins,00-0029604,QB,anytime_td,0.052,0.0,0.0,0.0,0.0,0.0
2026_04_KC_LV,LV,KC,Kirk Cousins,00-0029604,QB,first_td,0.01,0.01,0.01,0.01,0.01,0.01
2026_04_KC_LV,KC,LV,Noah Gray,00-0036637,TE,car,0.002,0.0,0.0,0.0,0.0,0.0
2026_04_KC_LV,KC,LV,Noah Gray,00-0036637,TE,rush_yds,0.003,0.0,0.0,0.0,0.0,0.0
2026_04_KC_LV,KC,LV,Noah Gray,00-0036637,TE,tgt,1.873,0.0,1.0,1.0,3.0,4.0
2026_04_KC_LV,KC,LV,Noah Gray,00-0036637,TE,rec,1.33,0.0,0.0,1.0,2.0,3.0
2026_04_KC_LV,KC,LV,Noah Gray,00-0036637,TE,rec_yds,14.74,0.0,0.0,9.042,22.744,39.216
2026_04_KC_LV,KC,LV,Noah Gray,00-0036637,TE,anytime_td,0.04,0.0,0.0,0.0,0.0,0.0
2026_04_KC_LV,KC,LV,Noah Gray,00-0036637,TE,first_td,0.008,0.008,0.008,0.008,0.008,0.008
2026_04_KC_LV,KC,LV,Jalen Royals,00-0040646,WR,car,0.01,0.0,0.0,0.0,0.0,0.0
2026_04_KC_LV,KC,LV,Jalen Royals,00-0040646,WR,rush_yds,0.04,0.0,0.0,0.0,0.0,0.0
2026_04_KC_LV,KC,LV,Jalen Royals,00-0040646,WR,tgt,1.138,0.0,0.0,1.0,2.0,3.0
2026_04_KC_LV,KC,LV,Jalen Royals,00-0040646,WR,rec,0.744,0.0,0.0,0.0,1.0,2.0
2026_04_KC_LV,KC,LV,Jalen Royals,00-0040646,WR,rec_yds,9.492,0.0,0.0,0.0,13.802,30.025
2026_04_KC_LV,KC,LV,Jalen Royals,00-0040646,WR,anytime_td,0.128,0.0,0.0,0.0,0.0,1.0
2026_04_KC_LV,KC,LV,Jalen Royals,00-0040646,WR,first_td,0.027,0.027,0.027,0.027,0.027,0.027
2026_04_KC_LV,KC,LV,Kenneth Walker III,00-0038134,RB,car,16.379,9.0,12.0,16.0,20.0,25.0
2026_04_KC_LV,KC,LV,Kenneth Walker III,00-0038134,RB,rush_yds,73.633,27.818,43.96,66.81,96.755,127.111
2026_04_KC_LV,KC,LV,Kenneth Walker III,00-0038134,RB,tgt,4.447,1.0,3.0,4.0,6.0,8.0
2026_04_KC_LV,KC,LV,Kenneth Walker III,00-0038134,RB,rec,3.286,1.0,2.0,3.0,5.0,6.0
2026_04_KC_LV,KC,LV,Kenneth Walker III,00-0038134,RB,rec_yds,26.744,1.161,9.442,21.268,38.743,58.019
2026_04_KC_LV,KC,LV,Kenneth Walker III,00-0038134,RB,anytime_td,0.624,0.0,0.0,1.0,1.0,1.0
2026_04_KC_LV,KC,LV,Kenneth Walker III,00-0038134,RB,first_td,0.177,0.177,0.177,0.177,0.177,0.177
2026_04_KC_LV,KC,LV,Xavier Worthy,00-0039894,WR,car,0.298,0.0,0.0,0.0,0.0,1.0
2026_04_KC_LV,KC,LV,Xavier Worthy,00-0039894,WR,rush_yds,1.568,0.0,0.0,0.0,0.0,2.946
2026_04_KC_LV,KC,LV,Xavier Worthy,00-0039894,WR,tgt,4.487,1.0,3.0,4.0,6.0,8.0
2026_04_KC_LV,KC,LV,Xavier Worthy,00-0039894,WR,rec,2.817,1.0,1.0,3.0,4.0,5.0
2026_04_KC_LV,KC,LV,Xavier Worthy,00-0039894,WR,rec_yds,34.741,2.023,12.539,28.352,50.081,74.331
2026_04_KC_LV,KC,LV,Xavier Worthy,00-0039894,WR,anytime_td,0.223,0.0,0.0,0.0,0.0,1.0
2026_04_KC_LV,KC,LV,Xavier Worthy,00-0039894,WR,first_td,0.047,0.047,0.047,0.047,0.047,0.047
2026_04_KC_LV,KC,LV,Cyrus Allen,00-0040890,WR,car,0.015,0.0,0.0,0.0,0.0,0.0
2026_04_KC_LV,KC,LV,Cyrus Allen,00-0040890,WR,rush_yds,0.054,0.0,0.0,0.0,0.0,0.0
2026_04_KC_LV,KC,LV,Cyrus Allen,00-0040890,WR,tgt,0.502,0.0,0.0,0.0,1.0,2.0
2026_04_KC_LV,KC,LV,Cyrus Allen,00-0040890,WR,rec,0.306,0.0,0.0,0.0,0.0,1.0
2026_04_KC_LV,KC,LV,Cyrus Allen,00-0040890,WR,rec_yds,4.239,0.0,0.0,0.0,0.0,15.642
2026_04_KC_LV,KC,LV,Cyrus Allen,00-0040890,WR,anytime_td,0.009,0.0,0.0,0.0,0.0,0.0
2026_04_KC_LV,KC,LV,Cyrus Allen,00-0040890,WR,first_td,0.002,0.002,0.002,0.002,0.002,0.002
2026_04_KC_LV,KC,LV,Tyquan Thornton,00-0038104,WR,car,0.012,0.0,0.0,0.0,0.0,0.0
2026_04_KC_LV,KC,LV,Tyquan Thornton,00-0038104,WR,rush_yds,0.059,0.0,0.0,0.0,0.0,0.0
2026_04_KC_LV,KC,LV,Tyquan Thornton,00-0038104,WR,tgt,2.141,0.0,1.0,2.0,3.0,5.0
2026_04_KC_LV,KC,LV,Tyquan Thornton,00-0038104,WR,rec,1.388,0.0,0.0,1.0,2.0,3.0
2026_04_KC_LV,KC,LV,Tyquan Thornton,00-0038104,WR,rec_yds,20.872,0.0,0.0,12.584,31.538,55.635
2026_04_KC_LV,KC,LV,Tyquan Thornton,00-0038104,WR,anytime_td,0.065,0.0,0.0,0.0,0.0,0.0
2026_04_KC_LV,KC,LV,Tyquan Thornton,00-0038104,WR,first_td,0.013,0.013,0.013,0.013,0.013,0.013
2026_04_KC_LV,KC,LV,Brashard Smith,00-0040078,RB,car,2.585,0.0,0.0,2.0,4.0,6.0
2026_04_KC_LV,KC,LV,Brashard Smith,00-0040078,RB,rush_yds,10.533,0.0,0.0,4.878,15.02,29.614
2026_04_KC_LV,KC,LV,Brashard Smith,00-0040078,RB,tgt,1.819,0.0,1.0,1.0,3.0,4.0
2026_04_KC_LV,KC,LV,Brashard Smith,00-0040078,RB,rec,1.41,0.0,0.0,1.0,2.0,3.0
2026_04_KC_LV,KC,LV,Brashard Smith,00-0040078,RB,rec_yds,10.623,0.0,0.0,5.958,15.952,29.347
2026_04_KC_LV,KC,LV,Brashard Smith,00-0040078,RB,anytime_td,0.181,0.0,0.0,0.0,0.0,1.0
2026_04_KC_LV,KC,LV,Brashard Smith,00-0040078,RB,first_td,0.038,0.038,0.038,0.038,0.038,0.038
2026_04_KC_LV,KC,LV,Emmett Johnson,00-0041013,RB,car,4.565,1.0,2.0,4.0,7.0,10.0
2026_04_KC_LV,KC,LV,Emmett Johnson,00-0041013,RB,rush_yds,18.043,0.0,3.973,12.531,25.832,43.586
2026_04_KC_LV,KC,LV,Emmett Johnson,00-0041013,RB,tgt,1.184,0.0,0.0,1.0,2.0,3.0
2026_04_KC_LV,KC,LV,Emmett Johnson,00-0041013,RB,rec,0.942,0.0,0.0,1.0,1.0,3.0
2026_04_KC_LV,KC,LV,Emmett Johnson,00-0041013,RB,rec_yds,8.102,0.0,0.0,0.0,11.845,25.184
2026_04_KC_LV,KC,LV,Emmett Johnson,00-0041013,RB,anytime_td,0.12,0.0,0.0,0.0,0.0,1.0
2026_04_KC_LV,KC,LV,Emmett Johnson,00-0041013,RB,first_td,0.025,0.025,0.025,0.025,0.025,0.025
2026_04_KC_LV,KC,LV,Patrick Mahomes,00-0033873,QB,att,30.027,20.0,25.0,31.0,36.0,41.0
2026_04_KC_LV,KC,LV,Patrick Mahomes,00-0033873,QB,cmp,19.954,12.0,16.0,20.0,24.0,28.0
2026_04_KC_LV,KC,LV,Patrick Mahomes,00-0033873,QB,pass_yds,230.414,129.856,179.655,230.919,282.737,335.183
2026_04_KC_LV,KC,LV,Patrick Mahomes,00-0033873,QB,pass_td,1.74,0.0,1.0,2.0,2.0,3.0
2026_04_KC_LV,KC,LV,Patrick Mahomes,00-0033873,QB,ints,0.655,0.0,0.0,0.0,1.0,2.0
2026_04_KC_LV,KC,LV,Patrick Mahomes,00-0033873,QB,car,3.278,1.0,2.0,3.0,5.0,6.0
2026_04_KC_LV,KC,LV,Patrick Mahomes,00-0033873,QB,rush_yds,16.28,0.0,3.924,12.787,24.619,37.428
2026_04_KC_LV,KC,LV,Patrick Mahomes,00-0033873,QB,tgt,0.0,0.0,0.0,0.0,0.0,0.0
2026_04_KC_LV,KC,LV,Patrick Mahomes,00-0033873,QB,rec,0.0,0.0,0.0,0.0,0.0,0.0
2026_04_KC_LV,KC,LV,Patrick Mahomes,00-0033873,QB,rec_yds,0.001,0.0,0.0,0.0,0.0,0.0
2026_04_KC_LV,KC,LV,Patrick Mahomes,00-0033873,QB,anytime_td,0.225,0.0,0.0,0.0,0.0,1.0
2026_04_KC_LV,KC,LV,Patrick Mahomes,00-0033873,QB,first_td,0.049,0.049,0.049,0.049,0.049,0.049
2026_04_KC_LV,KC,LV,Rashee Rice,00-0039067,WR,car,0.16,0.0,0.0,0.0,0.0,0.0
2026_04_KC_LV,KC,LV,Rashee Rice,00-0039067,WR,rush_yds,0.832,0.0,0.0,0.0,0.0,0.0
2026_04_KC_LV,KC,LV,Rashee Rice,00-0039067,WR,tgt,6.532,3.0,4.0,6.0,8.0,11.0
2026_04_KC_LV,KC,LV,Rashee Rice,00-0039067,WR,rec,4.343,1.0,3.0,4.0,6.0,8.0
2026_04_KC_LV,KC,LV,Rashee Rice,00-0039067,WR,rec_yds,59.074,13.592,29.009,52.212,82.392,112.642
2026_04_KC_LV,KC,LV,Rashee Rice,00-0039067,WR,anytime_td,0.316,0.0,0.0,0.0,1.0,1.0
2026_04_KC_LV,KC,LV,Rashee Rice,00-0039067,WR,first_td,0.072,0.072,0.072,0.072,0.072,0.072
2026_04_KC_LV,KC,LV,Travis Kelce,00-0030506,TE,car,0.024,0.0,0.0,0.0,0.0,0.0
2026_04_KC_LV,KC,LV,Travis Kelce,00-0030506,TE,rush_yds,0.061,0.0,0.0,0.0,0.0,0.0
2026_04_KC_LV,KC,LV,Travis Kelce,00-0030506,TE,tgt,5.626,2.0,3.0,5.0,7.0,10.0
2026_04_KC_LV,KC,LV,Travis Kelce,00-0030506,TE,rec,4.06,1.0,2.0,4.0,5.0,7.0
2026_04_KC_LV,KC,LV,Travis Kelce,00-0030506,TE,rec_yds,50.724,10.681,24.09,44.725,70.346,98.921
2026_04_KC_LV,KC,LV,Travis Kelce,00-0030506,TE,anytime_td,0.343,0.0,0.0,0.0,1.0,1.0
2026_04_KC_LV,KC,LV,Travis Kelce,00-0030506,TE,first_td,0.078,0.078,0.078,0.078,0.078,0.078
2026_04_KC_LV,KC,LV,Jake Briningstool,00-0040081,TE,car,0.003,0.0,0.0,0.0,0.0,0.0
2026_04_KC_LV,KC,LV,Jake Briningstool,00-0040081,TE,rush_yds,0.005,0.0,0.0,0.0,0.0,0.0
2026_04_KC_LV,KC,LV,Jake Briningstool,00-0040081,TE,tgt,0.701,0.0,0.0,0.0,1.0,2.0
2026_04_KC_LV,KC,LV,Jake Briningstool,00-0040081,TE,rec,0.492,0.0,0.0,0.0,1.0,2.0
2026_04_KC_LV,KC,LV,Jake Briningstool,00-0040081,TE,rec_yds,5.384,0.0,0.0,0.0,6.754,19.145
2026_04_KC_LV,KC,LV,Jake Briningstool,00-0040081,TE,anytime_td,0.013,0.0,0.0,0.0,0.0,0.0
2026_04_KC_LV,KC,LV,Jake Briningstool,00-0040081,TE,first_td,0.003,0.003,0.003,0.003,0.003,0.003
2026_04_LAC_SEA,SEA,LAC,Eric Saubert,00-0033576,TE,car,0.004,0.0,0.0,0.0,0.0,0.0
2026_04_LAC_SEA,SEA,LAC,Eric Saubert,00-0033576,TE,rush_yds,0.011,0.0,0.0,0.0,0.0,0.0
2026_04_LAC_SEA,SEA,LAC,Eric Saubert,00-0033576,TE,tgt,0.882,0.0,0.0,1.0,1.0,2.0
2026_04_LAC_SEA,SEA,LAC,Eric Saubert,00-0033576,TE,rec,0.624,0.0,0.0,0.0,1.0,2.0
2026_04_LAC_SEA,SEA,LAC,Eric Saubert,00-0033576,TE,rec_yds,5.866,0.0,0.0,0.0,8.533,19.466
2026_04_LAC_SEA,SEA,LAC,Eric Saubert,00-0033576,TE,anytime_td,0.088,0.0,0.0,0.0,0.0,0.0
2026_04_LAC_SEA,SEA,LAC,Eric Saubert,00-0033576,TE,first_td,0.024,0.024,0.024,0.024,0.024,0.024
2026_04_LAC_SEA,SEA,LAC,Jaxon Smith-Njigba,00-0038543,WR,car,0.12,0.0,0.0,0.0,0.0,0.0
2026_04_LAC_SEA,SEA,LAC,Jaxon Smith-Njigba,00-0038543,WR,rush_yds,0.72,0.0,0.0,0.0,0.0,0.0
2026_04_LAC_SEA,SEA,LAC,Jaxon Smith-Njigba,00-0038543,WR,tgt,10.061,5.0,7.0,10.0,13.0,15.0
2026_04_LAC_SEA,SEA,LAC,Jaxon Smith-Njigba,00-0038543,WR,rec,6.991,3.0,5.0,7.0,9.0,11.0
2026_04_LAC_SEA,SEA,LAC,Jaxon Smith-Njigba,00-0038543,WR,rec_yds,91.614,34.725,56.118,85.428,119.758,157.339
2026_04_LAC_SEA,SEA,LAC,Jaxon Smith-Njigba,00-0038543,WR,anytime_td,0.559,0.0,0.0,1.0,1.0,1.0
2026_04_LAC_SEA,SEA,LAC,Jaxon Smith-Njigba,00-0038543,WR,first_td,0.195,0.195,0.195,0.195,0.195,0.195
2026_04_LAC_SEA,SEA,LAC,AJ Barner,00-0039793,TE,car,0.478,0.0,0.0,0.0,0.0,2.0
2026_04_LAC_SEA,SEA,LAC,AJ Barner,00-0039793,TE,rush_yds,1.144,0.0,0.0,0.0,0.0,3.664
2026_04_LAC_SEA,SEA,LAC,AJ Barner,00-0039793,TE,tgt,3.733,1.0,2.0,3.0,5.0,7.0
2026_04_LAC_SEA,SEA,LAC,AJ Barner,00-0039793,TE,rec,2.672,0.0,1.0,2.0,4.0,5.0
2026_04_LAC_SEA,SEA,LAC,AJ Barner,00-0039793,TE,rec_yds,27.258,0.0,9.427,22.409,39.351,58.72
2026_04_LAC_SEA,SEA,LAC,AJ Barner,00-0039793,TE,anytime_td,0.21,0.0,0.0,0.0,0.0,1.0
2026_04_LAC_SEA,SEA,LAC,AJ Barner,00-0039793,TE,first_td,0.061,0.061,0.061,0.061,0.061,0.061
2026_04_LAC_SEA,SEA,LAC,Emanuel Wilson,00-0038797,RB,car,13.799,6.0,9.0,13.0,18.0,22.0
2026_04_LAC_SEA,SEA,LAC,Emanuel Wilson,00-0038797,RB,rush_yds,58.025,18.495,31.428,51.697,77.3,105.698
2026_04_LAC_SEA,SEA,LAC,Emanuel Wilson,00-0038797,RB,tgt,0.513,0.0,0.0,0.0,1.0,2.0
2026_04_LAC_SEA,SEA,LAC,Emanuel Wilson,00-0038797,RB,rec,0.4,0.0,0.0,0.0,1.0,1.0
2026_04_LAC_SEA,SEA,LAC,Emanuel Wilson,00-0038797,RB,rec_yds,2.854,0.0,0.0,0.0,0.933,10.203
2026_04_LAC_SEA,SEA,LAC,Emanuel Wilson,00-0038797,RB,anytime_td,0.265,0.0,0.0,0.0,1.0,1.0
2026_04_LAC_SEA,SEA,LAC,Emanuel Wilson,00-0038797,RB,first_td,0.078,0.078,0.078,0.078,0.078,0.078
2026_04_LAC_SEA,SEA,LAC,George Holani,00-0039299,RB,car,6.157,1.0,3.0,5.0,9.0,12.0
2026_04_LAC_SEA,SEA,LAC,George Holani,00-0039299,RB,rush_yds,26.479,1.952,8.444,20.05,37.588,59.361
2026_04_LAC_SEA,SEA,LAC,George Holani,00-0039299,RB,tgt,1.876,0.0,1.0,2.0,3.0,4.0
2026_04_LAC_SEA,SEA,LAC,George Holani,00-0039299,RB,rec,1.506,0.0,0.0,1.0,2.0,3.0
2026_04_LAC_SEA,SEA,LAC,George Holani,00-0039299,RB,rec_yds,11.034,0.0,0.0,6.212,16.413,29.808
2026_04_LAC_SEA,SEA,LAC,George Holani,00-0039299,RB,anytime_td,0.18,0.0,0.0,0.0,0.0,1.0
2026_04_LAC_SEA,SEA,LAC,George Holani,00-0039299,RB,first_td,0.051,0.051,0.051,0.051,0.051,0.051
2026_04_LAC_SEA,SEA,LAC,Velus Jones Jr.,00-0037745,RB,car,3.813,0.0,1.0,3.0,6.0,9.0
2026_04_LAC_SEA,SEA,LAC,Velus Jones Jr.,00-0037745,RB,rush_yds,17.005,0.0,2.19,10.486,24.438,43.696
2026_04_LAC_SEA,SEA,LAC,Velus Jones Jr.,00-0037745,RB,tgt,0.254,0.0,0.0,0.0,0.0,1.0
2026_04_LAC_SEA,SEA,LAC,Velus Jones Jr.,00-0037745,RB,rec,0.199,0.0,0.0,0.0,0.0,1.0
2026_04_LAC_SEA,SEA,LAC,Velus Jones Jr.,00-0037745,RB,rec_yds,1.396,0.0,0.0,0.0,0.0,4.439
2026_04_LAC_SEA,SEA,LAC,Velus Jones Jr.,00-0037745,RB,anytime_td,0.081,0.0,0.0,0.0,0.0,0.0
2026_04_LAC_SEA,SEA,LAC,Velus Jones Jr.,00-0037745,RB,first_td,0.022,0.022,0.022,0.022,0.022,0.022
2026_04_LAC_SEA,SEA,LAC,Cooper Kupp,00-0033908,WR,car,0.016,0.0,0.0,0.0,0.0,0.0
2026_04_LAC_SEA,SEA,LAC,Cooper Kupp,00-0033908,WR,rush_yds,0.113,0.0,0.0,0.0,0.0,0.0
2026_04_LAC_SEA,SEA,LAC,Cooper Kupp,00-0033908,WR,tgt,4.022,1.0,2.0,4.0,5.0,7.0
2026_04_LAC_SEA,SEA,LAC,Cooper Kupp,00-0033908,WR,rec,2.697,0.0,1.0,2.0,4.0,5.0
2026_04_LAC_SEA,SEA,LAC,Cooper Kupp,00-0033908,WR,rec_yds,32.203,0.0,10.72,25.627,46.728,71.069
2026_04_LAC_SEA,SEA,LAC,Cooper Kupp,00-0033908,WR,anytime_td,0.206,0.0,0.0,0.0,0.0,1.0
2026_04_LAC_SEA,SEA,LAC,Cooper Kupp,00-0033908,WR,first_td,0.06,0.06,0.06,0.06,0.06,0.06
2026_04_LAC_SEA,SEA,LAC,Elijah Arroyo,00-0040739,TE,car,0.002,0.0,0.0,0.0,0.0,0.0
2026_04_LAC_SEA,SEA,LAC,Elijah Arroyo,00-0040739,TE,rush_yds,0.006,0.0,0.0,0.0,0.0,0.0
2026_04_LAC_SEA,SEA,LAC,Elijah Arroyo,00-0040739,TE,tgt,0.846,0.0,0.0,0.0,1.0,2.0
2026_04_LAC_SEA,SEA,LAC,Elijah Arroyo,00-0040739,TE,rec,0.605,0.0,0.0,0.0,1.0,2.0
2026_04_LAC_SEA,SEA,LAC,Elijah Arroyo,00-0040739,TE,rec_yds,6.194,0.0,0.0,0.0,8.586,20.499
2026_04_LAC_SEA,SEA,LAC,Elijah Arroyo,00-0040739,TE,anytime_td,0.025,0.0,0.0,0.0,0.0,0.0
2026_04_LAC_SEA,SEA,LAC,Elijah Arroyo,00-0040739,TE,first_td,0.007,0.007,0.007,0.007,0.007,0.007
2026_04_LAC_SEA,SEA,LAC,Montorie Foster Jr,00-0040621,WR,car,0.145,0.0,0.0,0.0,0.0,0.0
2026_04_LAC_SEA,SEA,LAC,Montorie Foster Jr,00-0040621,WR,rush_yds,0.868,0.0,0.0,0.0,0.0,0.0
2026_04_LAC_SEA,SEA,LAC,Montorie Foster Jr,00-0040621,WR,tgt,1.359,0.0,0.0,1.0,2.0,3.0
2026_04_LAC_SEA,SEA,LAC,Montorie Foster Jr,00-0040621,WR,rec,0.862,0.0,0.0,1.0,1.0,2.0
2026_04_LAC_SEA,SEA,LAC,Montorie Foster Jr,00-0040621,WR,rec_yds,10.603,0.0,0.0,2.961,15.676,32.124
2026_04_LAC_SEA,SEA,LAC,Montorie Foster Jr,00-0040621,WR,anytime_td,0.068,0.0,0.0,0.0,0.0,0.0
2026_04_LAC_SEA,SEA,LAC,Montorie Foster Jr,00-0040621,WR,first_td,0.018,0.018,0.018,0.018,0.018,0.018
2026_04_LAC_SEA,SEA,LAC,Brady Russell,00-0038488,RB,car,0.48,0.0,0.0,0.0,0.0,2.0
2026_04_LAC_SEA,SEA,LAC,Brady Russell,00-0038488,RB,rush_yds,2.177,0.0,0.0,0.0,0.0,6.352
2026_04_LAC_SEA,SEA,LAC,Brady Russell,00-0038488,RB,tgt,0.641,0.0,0.0,0.0,1.0,2.0
2026_04_LAC_SEA,SEA,LAC,Brady Russell,00-0038488,RB,rec,0.51,0.0,0.0,0.0,1.0,2.0
2026_04_LAC_SEA,SEA,LAC,Brady Russell,00-0038488,RB,rec_yds,3.912,0.0,0.0,0.0,4.387,13.7
2026_04_LAC_SEA,SEA,LAC,Brady Russell,00-0038488,RB,anytime_td,0.012,0.0,0.0,0.0,0.0,0.0
2026_04_LAC_SEA,SEA,LAC,Brady Russell,00-0038488,RB,first_td,0.003,0.003,0.003,0.003,0.003,0.003
2026_04_LAC_SEA,SEA,LAC,Tory Horton,00-0040648,WR,car,0.016,0.0,0.0,0.0,0.0,0.0
2026_04_LAC_SEA,SEA,LAC,Tory Horton,00-0040648,WR,rush_yds,0.089,0.0,0.0,0.0,0.0,0.0
2026_04_LAC_SEA,SEA,LAC,Tory Horton,00-0040648,WR,tgt,2.04,0.0,1.0,2.0,3.0,4.0
2026_04_LAC_SEA,SEA,LAC,Tory Horton,00-0040648,WR,rec,1.354,0.0,0.0,1.0,2.0,3.0
2026_04_LAC_SEA,SEA,LAC,Tory Horton,00-0040648,WR,rec_yds,16.939,0.0,0.0,9.833,25.674,45.835
2026_04_LAC_SEA,SEA,LAC,Tory Horton,00-0040648,WR,anytime_td,0.137,0.0,0.0,0.0,0.0,1.0
2026_04_LAC_SEA,SEA,LAC,Tory Horton,00-0040648,WR,first_td,0.038,0.038,0.038,0.038,0.038,0.038
2026_04_LAC_SEA,SEA,LAC,Sam Darnold,00-0034869,QB,att,29.438,20.0,25.0,30.0,35.0,40.0
2026_04_LAC_SEA,SEA,LAC,Sam Darnold,00-0034869,QB,cmp,19.483,12.0,16.0,20.0,23.0,27.0
2026_04_LAC_SEA,SEA,LAC,Sam Darnold,00-0034869,QB,pass_yds,222.675,127.404,174.296,221.107,273.152,323.778
2026_04_LAC_SEA,SEA,LAC,Sam Darnold,00-0034869,QB,pass_td,1.565,0.0,1.0,1.0,2.0,3.0
2026_04_LAC_SEA,SEA,LAC,Sam Darnold,00-0034869,QB,ints,0.674,0.0,0.0,0.0,1.0,2.0
2026_04_LAC_SEA,SEA,LAC,Sam Darnold,00-0034869,QB,car,2.807,0.0,1.0,2.0,4.0,6.0
2026_04_LAC_SEA,SEA,LAC,Sam Darnold,00-0034869,QB,rush_yds,9.726,-1.017,0.0,5.862,15.468,27.092
2026_04_LAC_SEA,SEA,LAC,Sam Darnold,00-0034869,QB,tgt,0.001,0.0,0.0,0.0,0.0,0.0
2026_04_LAC_SEA,SEA,LAC,Sam Darnold,00-0034869,QB,rec,0.001,0.0,0.0,0.0,0.0,0.0
2026_04_LAC_SEA,SEA,LAC,Sam Darnold,00-0034869,QB,rec_yds,0.004,0.0,0.0,0.0,0.0,0.0
2026_04_LAC_SEA,SEA,LAC,Sam Darnold,00-0034869,QB,anytime_td,0.022,0.0,0.0,0.0,0.0,0.0
2026_04_LAC_SEA,SEA,LAC,Sam Darnold,00-0034869,QB,first_td,0.006,0.006,0.006,0.006,0.006,0.006
2026_04_LAC_SEA,SEA,LAC,Rashid Shaheed,00-0037545,WR,car,0.699,0.0,0.0,0.0,1.0,2.0
2026_04_LAC_SEA,SEA,LAC,Rashid Shaheed,00-0037545,WR,rush_yds,3.879,0.0,0.0,0.0,1.021,13.307
2026_04_LAC_SEA,SEA,LAC,Rashid Shaheed,00-0037545,WR,tgt,3.578,1.0,2.0,3.0,5.0,7.0
2026_04_LAC_SEA,SEA,LAC,Rashid Shaheed,00-0037545,WR,rec,2.172,0.0,1.0,2.0,3.0,4.0
2026_04_LAC_SEA,SEA,LAC,Rashid Shaheed,00-0037545,WR,rec_yds,25.596,0.0,6.676,19.188,37.788,58.94
2026_04_LAC_SEA,SEA,LAC,Rashid Shaheed,00-0037545,WR,anytime_td,0.072,0.0,0.0,0.0,0.0,0.0
2026_04_LAC_SEA,SEA,LAC,Rashid Shaheed,00-0037545,WR,first_td,0.018,0.018,0.018,0.018,0.018,0.018
2026_04_LAC_SEA,LAC,SEA,Keaton Mitchell,00-0038454,RB,car,4.505,1.0,2.0,4.0,6.0,10.0
2026_04_LAC_SEA,LAC,SEA,Keaton Mitchell,00-0038454,RB,rush_yds,17.581,0.0,3.818,11.958,25.111,42.772
2026_04_LAC_SEA,LAC,SEA,Keaton Mitchell,00-0038454,RB,tgt,1.522,0.0,0.0,1.0,2.0,4.0
2026_04_LAC_SEA,LAC,SEA,Keaton Mitchell,00-0038454,RB,rec,1.171,0.0,0.0,1.0,2.0,3.0
2026_04_LAC_SEA,LAC,SEA,Keaton Mitchell,00-0038454,RB,rec_yds,7.45,0.0,0.0,3.369,11.013,21.842
2026_04_LAC_SEA,LAC,SEA,Keaton Mitchell,00-0038454,RB,anytime_td,0.192,0.0,0.0,0.0,0.0,1.0
2026_04_LAC_SEA,LAC,SEA,Keaton Mitchell,00-0038454,RB,first_td,0.045,0.045,0.045,0.045,0.045,0.045
2026_04_LAC_SEA,LAC,SEA,Derius Davis,00-0038573,WR,car,0.066,0.0,0.0,0.0,0.0,0.0
2026_04_LAC_SEA,LAC,SEA,Derius Davis,00-0038573,WR,rush_yds,0.324,0.0,0.0,0.0,0.0,0.0
2026_04_LAC_SEA,LAC,SEA,Derius Davis,00-0038573,WR,tgt,0.737,0.0,0.0,0.0,1.0,2.0
2026_04_LAC_SEA,LAC,SEA,Derius Davis,00-0038573,WR,rec,0.442,0.0,0.0,0.0,1.0,1.0
2026_04_LAC_SEA,LAC,SEA,Derius Davis,00-0038573,WR,rec_yds,5.294,0.0,0.0,0.0,5.976,18.713
2026_04_LAC_SEA,LAC,SEA,Derius Davis,00-0038573,WR,anytime_td,0.011,0.0,0.0,0.0,0.0,0.0
2026_04_LAC_SEA,LAC,SEA,Derius Davis,00-0038573,WR,first_td,0.002,0.002,0.002,0.002,0.002,0.002
2026_04_LAC_SEA,LAC,SEA,Kimani Vidal,00-0039391,RB,car,4.298,0.0,2.0,3.0,6.0,9.0
2026_04_LAC_SEA,LAC,SEA,Kimani Vidal,00-0039391,RB,rush_yds,15.883,0.0,3.129,10.459,22.623,38.399
2026_04_LAC_SEA,LAC,SEA,Kimani Vidal,00-0039391,RB,tgt,1.484,0.0,0.0,1.0,2.0,4.0
2026_04_LAC_SEA,LAC,SEA,Kimani Vidal,00-0039391,RB,rec,1.068,0.0,0.0,1.0,2.0,3.0
2026_04_LAC_SEA,LAC,SEA,Kimani Vidal,00-0039391,RB,rec_yds,7.842,0.0,0.0,2.776,11.691,23.084
2026_04_LAC_SEA,LAC,SEA,Kimani Vidal,00-0039391,RB,anytime_td,0.127,0.0,0.0,0.0,0.0,1.0
2026_04_LAC_SEA,LAC,SEA,Kimani Vidal,00-0039391,RB,first_td,0.029,0.029,0.029,0.029,0.029,0.029
2026_04_LAC_SEA,LAC,SEA,Marquez Valdes-Scantling,00-0034272,WR,car,0.019,0.0,0.0,0.0,0.0,0.0
2026_04_LAC_SEA,LAC,SEA,Marquez Valdes-Scantling,00-0034272,WR,rush_yds,0.096,0.0,0.0,0.0,0.0,0.0
2026_04_LAC_SEA,LAC,SEA,Marquez Valdes-Scantling,00-0034272,WR,tgt,2.544,0.0,1.0,2.0,4.0,5.0
2026_04_LAC_SEA,LAC,SEA,Marquez Valdes-Scantling,00-0034272,WR,rec,1.488,0.0,0.0,1.0,2.0,3.0
2026_04_LAC_SEA,LAC,SEA,Marquez Valdes-Scantling,00-0034272,WR,rec_yds,17.201,0.0,0.0,11.204,25.488,44.256
2026_04_LAC_SEA,LAC,SEA,Marquez Valdes-Scantling,00-0034272,WR,anytime_td,0.086,0.0,0.0,0.0,0.0,0.0
2026_04_LAC_SEA,LAC,SEA,Marquez Valdes-Scantling,00-0034272,WR,first_td,0.019,0.019,0.019,0.019,0.019,0.019
2026_04_LAC_SEA,LAC,SEA,Omarion Hampton,00-0040666,RB,car,12.818,6.0,9.0,12.0,16.0,21.0
2026_04_LAC_SEA,LAC,SEA,Omarion Hampton,00-0040666,RB,rush_yds,46.655,14.127,24.88,40.581,62.931,86.327
2026_04_LAC_SEA,LAC,SEA,Omarion Hampton,00-0040666,RB,tgt,2.001,0.0,1.0,2.0,3.0,4.0
2026_04_LAC_SEA,LAC,SEA,Omarion Hampton,00-0040666,RB,rec,1.501,0.0,0.0,1.0,2.0,3.0
2026_04_LAC_SEA,LAC,SEA,Omarion Hampton,00-0040666,RB,rec_yds,10.218,0.0,0.0,5.964,15.043,27.877
2026_04_LAC_SEA,LAC,SEA,Omarion Hampton,00-0040666,RB,anytime_td,0.352,0.0,0.0,0.0,1.0,1.0
2026_04_LAC_SEA,LAC,SEA,Omarion Hampton,00-0040666,RB,first_td,0.089,0.089,0.089,0.089,0.089,0.089
2026_04_LAC_SEA,LAC,SEA,Quentin Johnston,00-0038544,WR,car,0.205,0.0,0.0,0.0,0.0,0.0
2026_04_LAC_SEA,LAC,SEA,Quentin Johnston,00-0038544,WR,rush_yds,1.027,0.0,0.0,0.0,0.0,0.0
2026_04_LAC_SEA,LAC,SEA,Quentin Johnston,00-0038544,WR,tgt,5.972,2.0,4.0,6.0,8.0,10.0
2026_04_LAC_SEA,LAC,SEA,Quentin Johnston,00-0038544,WR,rec,3.242,1.0,2.0,3.0,4.0,6.0
2026_04_LAC_SEA,LAC,SEA,Quentin Johnston,00-0038544,WR,rec_yds,38.391,5.565,16.121,32.195,54.213,78.488
2026_04_LAC_SEA,LAC,SEA,Quentin Johnston,00-0038544,WR,anytime_td,0.164,0.0,0.0,0.0,0.0,1.0
2026_04_LAC_SEA,LAC,SEA,Quentin Johnston,00-0038544,WR,first_td,0.037,0.037,0.037,0.037,0.037,0.037
2026_04_LAC_SEA,LAC,SEA,Tre Harris,00-0040727,WR,car,0.075,0.0,0.0,0.0,0.0,0.0
2026_04_LAC_SEA,LAC,SEA,Tre Harris,00-0040727,WR,rush_yds,0.357,0.0,0.0,0.0,0.0,0.0
2026_04_LAC_SEA,LAC,SEA,Tre Harris,00-0040727,WR,tgt,4.652,2.0,3.0,4.0,6.0,8.0
2026_04_LAC_SEA,LAC,SEA,Tre Harris,00-0040727,WR,rec,2.864,1.0,1.0,3.0,4.0,5.0
2026_04_LAC_SEA,LAC,SEA,Tre Harris,00-0040727,WR,rec_yds,35.302,3.103,12.978,29.172,50.981,75.008
2026_04_LAC_SEA,LAC,SEA,Tre Harris,00-0040727,WR,anytime_td,0.092,0.0,0.0,0.0,0.0,0.0
2026_04_LAC_SEA,LAC,SEA,Tre Harris,00-0040727,WR,first_td,0.02,0.02,0.02,0.02,0.02,0.02
2026_04_LAC_SEA,LAC,SEA,Alec Ingold,00-0035125,RB,car,0.359,0.0,0.0,0.0,0.0,1.0
2026_04_LAC_SEA,LAC,SEA,Alec Ingold,00-0035125,RB,rush_yds,1.341,0.0,0.0,0.0,0.0,3.633
2026_04_LAC_SEA,LAC,SEA,Alec Ingold,00-0035125,RB,tgt,1.423,0.0,0.0,1.0,2.0,3.0
2026_04_LAC_SEA,LAC,SEA,Alec Ingold,00-0035125,RB,rec,1.064,0.0,0.0,1.0,2.0,3.0
2026_04_LAC_SEA,LAC,SEA,Alec Ingold,00-0035125,RB,rec_yds,7.765,0.0,0.0,2.472,11.468,22.79
2026_04_LAC_SEA,LAC,SEA,Alec Ingold,00-0035125,RB,anytime_td,0.025,0.0,0.0,0.0,0.0,0.0
2026_04_LAC_SEA,LAC,SEA,Alec Ingold,00-0035125,RB,first_td,0.005,0.005,0.005,0.005,0.005,0.005
2026_04_LAC_SEA,LAC,SEA,Justin Herbert,00-0036355,QB,att,28.681,19.0,24.0,29.0,34.0,39.0
2026_04_LAC_SEA,LAC,SEA,Justin Herbert,00-0036355,QB,cmp,17.504,11.0,14.0,18.0,21.0,24.0
2026_04_LAC_SEA,LAC,SEA,Justin Herbert,00-0036355,QB,pass_yds,185.238,103.059,140.987,182.509,228.877,274.494
2026_04_LAC_SEA,LAC,SEA,Justin Herbert,00-0036355,QB,pass_td,1.086,0.0,0.0,1.0,2.0,2.0
2026_04_LAC_SEA,LAC,SEA,Justin Herbert,00-0036355,QB,ints,0.803,0.0,0.0,1.0,1.0,2.0
2026_04_LAC_SEA,LAC,SEA,Justin Herbert,00-0036355,QB,car,4.398,1.0,2.0,4.0,6.0,8.0
2026_04_LAC_SEA,LAC,SEA,Justin Herbert,00-0036355,QB,rush_yds,22.361,1.865,8.594,19.07,31.9,46.755
2026_04_LAC_SEA,LAC,SEA,Justin Herbert,00-0036355,QB,tgt,0.0,0.0,0.0,0.0,0.0,0.0
2026_04_LAC_SEA,LAC,SEA,Justin Herbert,00-0036355,QB,rec,0.0,0.0,0.0,0.0,0.0,0.0
2026_04_LAC_SEA,LAC,SEA,Justin Herbert,00-0036355,QB,rec_yds,0.001,0.0,0.0,0.0,0.0,0.0
2026_04_LAC_SEA,LAC,SEA,Justin Herbert,00-0036355,QB,anytime_td,0.096,0.0,0.0,0.0,0.0,0.0
2026_04_LAC_SEA,LAC,SEA,Justin Herbert,00-0036355,QB,first_td,0.021,0.021,0.021,0.021,0.021,0.021
2026_04_LAC_SEA,LAC,SEA,Ladd McConkey,00-0039915,WR,car,0.013,0.0,0.0,0.0,0.0,0.0
2026_04_LAC_SEA,LAC,SEA,Ladd McConkey,00-0039915,WR,rush_yds,0.063,0.0,0.0,0.0,0.0,0.0
2026_04_LAC_SEA,LAC,SEA,Ladd McConkey,00-0039915,WR,tgt,5.474,2.0,3.0,5.0,7.0,9.0
2026_04_LAC_SEA,LAC,SEA,Ladd McConkey,00-0039915,WR,rec,3.525,1.0,2.0,3.0,5.0,6.0
2026_04_LAC_SEA,LAC,SEA,Ladd McConkey,00-0039915,WR,rec_yds,44.52,7.186,19.289,38.163,62.373,89.499
2026_04_LAC_SEA,LAC,SEA,Ladd McConkey,00-0039915,WR,anytime_td,0.228,0.0,0.0,0.0,0.0,1.0
2026_04_LAC_SEA,LAC,SEA,Ladd McConkey,00-0039915,WR,first_td,0.053,0.053,0.053,0.053,0.053,0.053
2026_04_LAC_SEA,LAC,SEA,Oronde Gadsden II,00-0040189,TE,car,0.002,0.0,0.0,0.0,0.0,0.0
2026_04_LAC_SEA,LAC,SEA,Oronde Gadsden II,00-0040189,TE,rush_yds,0.003,0.0,0.0,0.0,0.0,0.0
2026_04_LAC_SEA,LAC,SEA,Oronde Gadsden II,00-0040189,TE,tgt,3.137,1.0,2.0,3.0,4.0,6.0
2026_04_LAC_SEA,LAC,SEA,Oronde Gadsden II,00-0040189,TE,rec,2.078,0.0,1.0,2.0,3.0,4.0
2026_04_LAC_SEA,LAC,SEA,Oronde Gadsden II,00-0040189,TE,rec_yds,21.253,0.0,5.463,16.081,31.695,49.109
2026_04_LAC_SEA,LAC,SEA,Oronde Gadsden II,00-0040189,TE,anytime_td,0.176,0.0,0.0,0.0,0.0,1.0
2026_04_LAC_SEA,LAC,SEA,Oronde Gadsden II,00-0040189,TE,first_td,0.041,0.041,0.041,0.041,0.041,0.041
2026_04_MIA_MIN,MIN,MIA,DeeJay Dallas,00-0036425,RB,car,1.853,0.0,0.0,1.0,3.0,5.0
2026_04_MIA_MIN,MIN,MIA,DeeJay Dallas,00-0036425,RB,rush_yds,8.284,0.0,0.0,1.936,10.932,24.695
2026_04_MIA_MIN,MIN,MIA,DeeJay Dallas,00-0036425,RB,tgt,0.966,0.0,0.0,1.0,1.0,3.0
2026_04_MIA_MIN,MIN,MIA,DeeJay Dallas,00-0036425,RB,rec,0.809,0.0,0.0,0.0,1.0,2.0
2026_04_MIA_MIN,MIN,MIA,DeeJay Dallas,00-0036425,RB,rec_yds,6.192,0.0,0.0,0.0,8.917,19.441
2026_04_MIA_MIN,MIN,MIA,DeeJay Dallas,00-0036425,RB,anytime_td,0.057,0.0,0.0,0.0,0.0,0.0
2026_04_MIA_MIN,MIN,MIA,DeeJay Dallas,00-0036425,RB,first_td,0.023,0.023,0.023,0.023,0.023,0.023
2026_04_MIA_MIN,MIN,MIA,Tai Felton,00-0040154,WR,car,0.022,0.0,0.0,0.0,0.0,0.0
2026_04_MIA_MIN,MIN,MIA,Tai Felton,00-0040154,WR,rush_yds,0.136,0.0,0.0,0.0,0.0,0.0
2026_04_MIA_MIN,MIN,MIA,Tai Felton,00-0040154,WR,tgt,1.363,0.0,0.0,1.0,2.0,3.0
2026_04_MIA_MIN,MIN,MIA,Tai Felton,00-0040154,WR,rec,0.874,0.0,0.0,1.0,1.0,2.0
2026_04_MIA_MIN,MIN,MIA,Tai Felton,00-0040154,WR,rec_yds,11.287,0.0,0.0,3.081,17.043,34.13
2026_04_MIA_MIN,MIN,MIA,Tai Felton,00-0040154,WR,anytime_td,0.023,0.0,0.0,0.0,0.0,0.0
2026_04_MIA_MIN,MIN,MIA,Tai Felton,00-0040154,WR,first_td,0.009,0.009,0.009,0.009,0.009,0.009
2026_04_MIA_MIN,MIN,MIA,Myles Price,00-0040506,WR,car,0.015,0.0,0.0,0.0,0.0,0.0
2026_04_MIA_MIN,MIN,MIA,Myles Price,00-0040506,WR,rush_yds,0.088,0.0,0.0,0.0,0.0,0.0
2026_04_MIA_MIN,MIN,MIA,Myles Price,00-0040506,WR,tgt,0.659,0.0,0.0,0.0,1.0,2.0
2026_04_MIA_MIN,MIN,MIA,Myles Price,00-0040506,WR,rec,0.433,0.0,0.0,0.0,1.0,1.0
2026_04_MIA_MIN,MIN,MIA,Myles Price,00-0040506,WR,rec_yds,5.806,0.0,0.0,0.0,6.331,20.784
2026_04_MIA_MIN,MIN,MIA,Myles Price,00-0040506,WR,anytime_td,0.01,0.0,0.0,0.0,0.0,0.0
2026_04_MIA_MIN,MIN,MIA,Myles Price,00-0040506,WR,first_td,0.004,0.004,0.004,0.004,0.004,0.004
2026_04_MIA_MIN,MIN,MIA,Kyler Murray,00-0035228,QB,att,26.079,17.0,22.0,26.5,31.0,36.0
2026_04_MIA_MIN,MIN,MIA,Kyler Murray,00-0035228,QB,cmp,17.641,11.0,14.0,18.0,21.0,25.0
2026_04_MIA_MIN,MIN,MIA,Kyler Murray,00-0035228,QB,pass_yds,194.415,106.45,147.851,192.029,242.47,288.391
2026_04_MIA_MIN,MIN,MIA,Kyler Murray,00-0035228,QB,pass_td,1.485,0.0,1.0,1.0,2.0,3.0
2026_04_MIA_MIN,MIN,MIA,Kyler Murray,00-0035228,QB,ints,0.569,0.0,0.0,0.0,1.0,2.0
2026_04_MIA_MIN,MIN,MIA,Kyler Murray,00-0035228,QB,car,4.213,1.0,2.0,4.0,6.0,8.0
2026_04_MIA_MIN,MIN,MIA,Kyler Murray,00-0035228,QB,rush_yds,18.245,-0.004,4.972,14.333,26.895,41.835
2026_04_MIA_MIN,MIN,MIA,Kyler Murray,00-0035228,QB,tgt,0.001,0.0,0.0,0.0,0.0,0.0
2026_04_MIA_MIN,MIN,MIA,Kyler Murray,00-0035228,QB,rec,0.001,0.0,0.0,0.0,0.0,0.0
2026_04_MIA_MIN,MIN,MIA,Kyler Murray,00-0035228,QB,rec_yds,0.003,0.0,0.0,0.0,0.0,0.0
2026_04_MIA_MIN,MIN,MIA,Kyler Murray,00-0035228,QB,anytime_td,0.119,0.0,0.0,0.0,0.0,1.0
2026_04_MIA_MIN,MIN,MIA,Kyler Murray,00-0035228,QB,first_td,0.049,0.049,0.049,0.049,0.049,0.049
2026_04_MIA_MIN,MIN,MIA,Jordan Addison,00-0038994,WR,car,0.113,0.0,0.0,0.0,0.0,0.0
2026_04_MIA_MIN,MIN,MIA,Jordan Addison,00-0038994,WR,rush_yds,0.713,0.0,0.0,0.0,0.0,0.0
2026_04_MIA_MIN,MIN,MIA,Jordan Addison,00-0038994,WR,tgt,7.555,4.0,5.0,7.0,10.0,12.0
2026_04_MIA_MIN,MIN,MIA,Jordan Addison,00-0038994,WR,rec,4.597,2.0,3.0,4.0,6.0,8.0
2026_04_MIA_MIN,MIN,MIA,Jordan Addison,00-0038994,WR,rec_yds,64.455,16.746,33.28,57.852,87.606,120.624
2026_04_MIA_MIN,MIN,MIA,Jordan Addison,00-0038994,WR,anytime_td,0.291,0.0,0.0,0.0,1.0,1.0
2026_04_MIA_MIN,MIN,MIA,Jordan Addison,00-0038994,WR,first_td,0.126,0.126,0.126,0.126,0.126,0.126
2026_04_MIA_MIN,MIN,MIA,T.J. Hockenson,00-0035229,TE,car,0.043,0.0,0.0,0.0,0.0,0.0
2026_04_MIA_MIN,MIN,MIA,T.J. Hockenson,00-0035229,TE,rush_yds,0.124,0.0,0.0,0.0,0.0,0.0
2026_04_MIA_MIN,MIN,MIA,T.J. Hockenson,00-0035229,TE,tgt,6.053,2.0,4.0,6.0,8.0,10.0
2026_04_MIA_MIN,MIN,MIA,T.J. Hockenson,00-0035229,TE,rec,4.606,2.0,3.0,4.0,6.0,8.0
2026_04_MIA_MIN,MIN,MIA,T.J. Hockenson,00-0035229,TE,rec_yds,46.92,12.127,24.681,42.02,63.972,88.028
2026_04_MIA_MIN,MIN,MIA,T.J. Hockenson,00-0035229,TE,anytime_td,0.236,0.0,0.0,0.0,0.0,1.0
2026_04_MIA_MIN,MIN,MIA,T.J. Hockenson,00-0035229,TE,first_td,0.1,0.1,0.1,0.1,0.1,0.1
2026_04_MIA_MIN,MIN,MIA,Max Bredeson,00-0041081,RB,car,0.655,0.0,0.0,0.0,1.0,2.0
2026_04_MIA_MIN,MIN,MIA,Max Bredeson,00-0041081,RB,rush_yds,2.881,0.0,0.0,0.0,0.0,9.824
2026_04_MIA_MIN,MIN,MIA,Max Bredeson,00-0041081,RB,tgt,0.206,0.0,0.0,0.0,0.0,1.0
2026_04_MIA_MIN,MIN,MIA,Max Bredeson,00-0041081,RB,rec,0.167,0.0,0.0,0.0,0.0,1.0
2026_04_MIA_MIN,MIN,MIA,Max Bredeson,00-0041081,RB,rec_yds,1.296,0.0,0.0,0.0,0.0,3.244
2026_04_MIA_MIN,MIN,MIA,Max Bredeson,00-0041081,RB,anytime_td,0.016,0.0,0.0,0.0,0.0,0.0
2026_04_MIA_MIN,MIN,MIA,Max Bredeson,00-0041081,RB,first_td,0.006,0.006,0.006,0.006,0.006,0.006
2026_04_MIA_MIN,MIN,MIA,Jauan Jennings,00-0036259,WR,car,0.022,0.0,0.0,0.0,0.0,0.0
2026_04_MIA_MIN,MIN,MIA,Jauan Jennings,00-0036259,WR,rush_yds,0.116,0.0,0.0,0.0,0.0,0.0
2026_04_MIA_MIN,MIN,MIA,Jauan Jennings,00-0036259,WR,tgt,4.296,1.0,2.0,4.0,6.0,8.0
2026_04_MIA_MIN,MIN,MIA,Jauan Jennings,00-0036259,WR,rec,2.793,1.0,1.0,3.0,4.0,5.0
2026_04_MIA_MIN,MIN,MIA,Jauan Jennings,00-0036259,WR,rec_yds,36.067,0.0,12.74,29.25,52.166,78.481
2026_04_MIA_MIN,MIN,MIA,Jauan Jennings,00-0036259,WR,anytime_td,0.179,0.0,0.0,0.0,0.0,1.0
2026_04_MIA_MIN,MIN,MIA,Jauan Jennings,00-0036259,WR,first_td,0.073,0.073,0.073,0.073,0.073,0.073
2026_04_MIA_MIN,MIN,MIA,Aaron Jones,00-0033293,RB,car,20.5,12.0,16.0,20.0,25.0,30.0
2026_04_MIA_MIN,MIN,MIA,Aaron Jones,00-0033293,RB,rush_yds,87.169,38.521,56.416,81.12,111.263,142.714
2026_04_MIA_MIN,MIN,MIA,Aaron Jones,00-0033293,RB,tgt,4.363,1.0,2.0,4.0,6.0,8.0
2026_04_MIA_MIN,MIN,MIA,Aaron Jones,00-0033293,RB,rec,3.56,1.0,2.0,3.0,5.0,7.0
2026_04_MIA_MIN,MIN,MIA,Aaron Jones,00-0033293,RB,rec_yds,26.939,2.276,10.03,22.11,38.965,56.821
2026_04_MIA_MIN,MIN,MIA,Aaron Jones,00-0033293,RB,anytime_td,0.414,0.0,0.0,0.0,1.0,1.0
2026_04_MIA_MIN,MIN,MIA,Aaron Jones,00-0033293,RB,first_td,0.2,0.2,0.2,0.2,0.2,0.2
2026_04_MIA_MIN,MIN,MIA,Demond Claiborne,00-0041104,RB,car,2.635,0.0,0.0,2.0,4.0,7.0
2026_04_MIA_MIN,MIN,MIA,Demond Claiborne,00-0041104,RB,rush_yds,11.364,0.0,0.0,5.212,15.941,31.804
2026_04_MIA_MIN,MIN,MIA,Demond Claiborne,00-0041104,RB,tgt,0.83,0.0,0.0,0.0,1.0,2.0
2026_04_MIA_MIN,MIN,MIA,Demond Claiborne,00-0041104,RB,rec,0.692,0.0,0.0,0.0,1.0,2.0
2026_04_MIA_MIN,MIN,MIA,Demond Claiborne,00-0041104,RB,rec_yds,5.295,0.0,0.0,0.0,7.454,17.61
2026_04_MIA_MIN,MIN,MIA,Demond Claiborne,00-0041104,RB,anytime_td,0.11,0.0,0.0,0.0,0.0,1.0
2026_04_MIA_MIN,MIN,MIA,Demond Claiborne,00-0041104,RB,first_td,0.044,0.044,0.044,0.044,0.044,0.044
2026_04_MIA_MIN,MIA,MIN,Chris Bell,00-0041525,WR,car,0.032,0.0,0.0,0.0,0.0,0.0
2026_04_MIA_MIN,MIA,MIN,Chris Bell,00-0041525,WR,rush_yds,0.148,0.0,0.0,0.0,0.0,0.0
2026_04_MIA_MIN,MIA,MIN,Chris Bell,00-0041525,WR,tgt,4.014,1.0,2.0,4.0,5.0,7.0
2026_04_MIA_MIN,MIA,MIN,Chris Bell,00-0041525,WR,rec,2.228,0.0,1.0,2.0,3.0,5.0
2026_04_MIA_MIN,MIA,MIN,Chris Bell,00-0041525,WR,rec_yds,29.304,0.0,7.98,22.502,43.043,66.632
2026_04_MIA_MIN,MIA,MIN,Chris Bell,00-0041525,WR,anytime_td,0.069,0.0,0.0,0.0,0.0,0.0
2026_04_MIA_MIN,MIA,MIN,Chris Bell,00-0041525,WR,first_td,0.021,0.021,0.021,0.021,0.021,0.021
2026_04_MIA_MIN,MIA,MIN,DJ Herman,00-0041436,RB,car,0.771,0.0,0.0,0.0,1.0,3.0
2026_04_MIA_MIN,MIA,MIN,DJ Herman,00-0041436,RB,rush_yds,2.86,0.0,0.0,0.0,1.95,9.563
2026_04_MIA_MIN,MIA,MIN,DJ Herman,00-0041436,RB,tgt,1.182,0.0,0.0,1.0,2.0,3.0
2026_04_MIA_MIN,MIA,MIN,DJ Herman,00-0041436,RB,rec,0.804,0.0,0.0,0.0,1.0,2.0
2026_04_MIA_MIN,MIA,MIN,DJ Herman,00-0041436,RB,rec_yds,6.006,0.0,0.0,0.0,8.672,18.705
2026_04_MIA_MIN,MIA,MIN,DJ Herman,00-0041436,RB,anytime_td,0.025,0.0,0.0,0.0,0.0,0.0
2026_04_MIA_MIN,MIA,MIN,DJ Herman,00-0041436,RB,first_td,0.007,0.007,0.007,0.007,0.007,0.007
2026_04_MIA_MIN,MIA,MIN,Greg Dulcich,00-0037252,TE,car,0.069,0.0,0.0,0.0,0.0,0.0
2026_04_MIA_MIN,MIA,MIN,Greg Dulcich,00-0037252,TE,rush_yds,0.134,0.0,0.0,0.0,0.0,0.0
2026_04_MIA_MIN,MIA,MIN,Greg Dulcich,00-0037252,TE,tgt,4.715,2.0,3.0,4.0,6.0,8.0
2026_04_MIA_MIN,MIA,MIN,Greg Dulcich,00-0037252,TE,rec,3.135,1.0,2.0,3.0,4.0,6.0
2026_04_MIA_MIN,MIA,MIN,Greg Dulcich,00-0037252,TE,rec_yds,32.549,4.498,13.573,27.551,46.128,66.511
2026_04_MIA_MIN,MIA,MIN,Greg Dulcich,00-0037252,TE,anytime_td,0.084,0.0,0.0,0.0,0.0,0.0
2026_04_MIA_MIN,MIA,MIN,Greg Dulcich,00-0037252,TE,first_td,0.025,0.025,0.025,0.025,0.025,0.025
2026_04_MIA_MIN,MIA,MIN,Seydou Traore,00-0041579,TE,car,0.011,0.0,0.0,0.0,0.0,0.0
2026_04_MIA_MIN,MIA,MIN,Seydou Traore,00-0041579,TE,rush_yds,0.018,0.0,0.0,0.0,0.0,0.0
2026_04_MIA_MIN,MIA,MIN,Seydou Traore,00-0041579,TE,tgt,0.89,0.0,0.0,1.0,1.0,2.0
2026_04_MIA_MIN,MIA,MIN,Seydou Traore,00-0041579,TE,rec,0.582,0.0,0.0,0.0,1.0,2.0
2026_04_MIA_MIN,MIA,MIN,Seydou Traore,00-0041579,TE,rec_yds,5.918,0.0,0.0,0.0,8.234,19.532
2026_04_MIA_MIN,MIA,MIN,Seydou Traore,00-0041579,TE,anytime_td,0.018,0.0,0.0,0.0,0.0,0.0
2026_04_MIA_MIN,MIA,MIN,Seydou Traore,00-0041579,TE,first_td,0.005,0.005,0.005,0.005,0.005,0.005
2026_04_MIA_MIN,MIA,MIN,Kevin Coleman Jr.,00-0041529,WR,car,0.024,0.0,0.0,0.0,0.0,0.0
2026_04_MIA_MIN,MIA,MIN,Kevin Coleman Jr.,00-0041529,WR,rush_yds,0.135,0.0,0.0,0.0,0.0,0.0
2026_04_MIA_MIN,MIA,MIN,Kevin Coleman Jr.,00-0041529,WR,tgt,2.491,0.0,1.0,2.0,4.0,5.0
2026_04_MIA_MIN,MIA,MIN,Kevin Coleman Jr.,00-0041529,WR,rec,1.309,0.0,0.0,1.0,2.0,3.0
2026_04_MIA_MIN,MIA,MIN,Kevin Coleman Jr.,00-0041529,WR,rec_yds,15.546,0.0,0.0,9.366,23.717,40.918
2026_04_MIA_MIN,MIA,MIN,Kevin Coleman Jr.,00-0041529,WR,anytime_td,0.046,0.0,0.0,0.0,0.0,0.0
2026_04_MIA_MIN,MIA,MIN,Kevin Coleman Jr.,00-0041529,WR,first_td,0.013,0.013,0.013,0.013,0.013,0.013
2026_04_MIA_MIN,MIA,MIN,Ollie Gordon II,00-0040198,RB,car,8.76,3.0,5.0,8.0,12.0,16.0
2026_04_MIA_MIN,MIA,MIN,Ollie Gordon II,00-0040198,RB,rush_yds,29.179,5.589,12.668,24.037,40.3,59.284
2026_04_MIA_MIN,MIA,MIN,Ollie Gordon II,00-0040198,RB,tgt,1.071,0.0,0.0,1.0,2.0,3.0
2026_04_MIA_MIN,MIA,MIN,Ollie Gordon II,00-0040198,RB,rec,0.771,0.0,0.0,0.0,1.0,2.0
2026_04_MIA_MIN,MIA,MIN,Ollie Gordon II,00-0040198,RB,rec_yds,5.272,0.0,0.0,0.0,7.621,16.931
2026_04_MIA_MIN,MIA,MIN,Ollie Gordon II,00-0040198,RB,anytime_td,0.146,0.0,0.0,0.0,0.0,1.0
2026_04_MIA_MIN,MIA,MIN,Ollie Gordon II,00-0040198,RB,first_td,0.047,0.047,0.047,0.047,0.047,0.047
2026_04_MIA_MIN,MIA,MIN,Carlos Washington,00-0038930,RB,car,3.911,0.0,1.0,3.0,6.0,9.0
2026_04_MIA_MIN,MIA,MIN,Carlos Washington,00-0038930,RB,rush_yds,14.541,0.0,2.334,9.241,20.759,36.542
2026_04_MIA_MIN,MIA,MIN,Carlos Washington,00-0038930,RB,tgt,0.77,0.0,0.0,0.0,1.0,2.0
2026_04_MIA_MIN,MIA,MIN,Carlos Washington,00-0038930,RB,rec,0.54,0.0,0.0,0.0,1.0,2.0
2026_04_MIA_MIN,MIA,MIN,Carlos Washington,00-0038930,RB,rec_yds,4.049,0.0,0.0,0.0,4.829,13.663
2026_04_MIA_MIN,MIA,MIN,Carlos Washington,00-0038930,RB,anytime_td,0.074,0.0,0.0,0.0,0.0,0.0
2026_04_MIA_MIN,MIA,MIN,Carlos Washington,00-0038930,RB,first_td,0.022,0.022,0.022,0.022,0.022,0.022
2026_04_MIA_MIN,MIA,MIN,Jaylen Wright,00-0039874,RB,car,6.537,2.0,3.0,6.0,9.0,13.0
2026_04_MIA_MIN,MIA,MIN,Jaylen Wright,00-0039874,RB,rush_yds,24.129,2.535,8.3,18.296,34.001,53.003
2026_04_MIA_MIN,MIA,MIN,Jaylen Wright,00-0039874,RB,tgt,0.779,0.0,0.0,0.0,1.0,2.0
2026_04_MIA_MIN,MIA,MIN,Jaylen Wright,00-0039874,RB,rec,0.548,0.0,0.0,0.0,1.0,2.0
2026_04_MIA_MIN,MIA,MIN,Jaylen Wright,00-0039874,RB,rec_yds,4.044,0.0,0.0,0.0,5.232,14.156
2026_04_MIA_MIN,MIA,MIN,Jaylen Wright,00-0039874,RB,anytime_td,0.1,0.0,0.0,0.0,0.0,1.0
2026_04_MIA_MIN,MIA,MIN,Jaylen Wright,00-0039874,RB,first_td,0.03,0.03,0.03,0.03,0.03,0.03
2026_04_MIA_MIN,MIA,MIN,Will Kacmarek,00-0041524,TE,car,0.004,0.0,0.0,0.0,0.0,0.0
2026_04_MIA_MIN,MIA,MIN,Will Kacmarek,00-0041524,TE,rush_yds,0.008,0.0,0.0,0.0,0.0,0.0
2026_04_MIA_MIN,MIA,MIN,Will Kacmarek,00-0041524,TE,tgt,0.829,0.0,0.0,0.0,1.0,2.0
2026_04_MIA_MIN,MIA,MIN,Will Kacmarek,00-0041524,TE,rec,0.539,0.0,0.0,0.0,1.0,2.0
2026_04_MIA_MIN,MIA,MIN,Will Kacmarek,00-0041524,TE,rec_yds,5.281,0.0,0.0,0.0,7.41,18.086
2026_04_MIA_MIN,MIA,MIN,Will Kacmarek,00-0041524,TE,anytime_td,0.014,0.0,0.0,0.0,0.0,0.0
2026_04_MIA_MIN,MIA,MIN,Will Kacmarek,00-0041524,TE,first_td,0.004,0.004,0.004,0.004,0.004,0.004
2026_04_MIA_MIN,MIA,MIN,Ryan Miller,00-0038824,WR,car,0.016,0.0,0.0,0.0,0.0,0.0
2026_04_MIA_MIN,MIA,MIN,Ryan Miller,00-0038824,WR,rush_yds,0.088,0.0,0.0,0.0,0.0,0.0
2026_04_MIA_MIN,MIA,MIN,Ryan Miller,00-0038824,WR,tgt,1.572,0.0,0.0,1.0,2.0,4.0
2026_04_MIA_MIN,MIA,MIN,Ryan Miller,00-0038824,WR,rec,0.921,0.0,0.0,1.0,1.0,2.0
2026_04_MIA_MIN,MIA,MIN,Ryan Miller,00-0038824,WR,rec_yds,12.686,0.0,0.0,5.155,18.925,37.936
2026_04_MIA_MIN,MIA,MIN,Ryan Miller,00-0038824,WR,anytime_td,0.086,0.0,0.0,0.0,0.0,0.0
2026_04_MIA_MIN,MIA,MIN,Ryan Miller,00-0038824,WR,first_td,0.026,0.026,0.026,0.026,0.026,0.026
2026_04_MIA_MIN,MIA,MIN,Jalen Tolbert,00-0037666,WR,car,0.02,0.0,0.0,0.0,0.0,0.0
2026_04_MIA_MIN,MIA,MIN,Jalen Tolbert,00-0037666,WR,rush_yds,0.111,0.0,0.0,0.0,0.0,0.0
2026_04_MIA_MIN,MIA,MIN,Jalen Tolbert,00-0037666,WR,tgt,1.705,0.0,0.0,1.0,3.0,4.0
2026_04_MIA_MIN,MIA,MIN,Jalen Tolbert,00-0037666,WR,rec,0.972,0.0,0.0,1.0,2.0,2.0
2026_04_MIA_MIN,MIA,MIN,Jalen Tolbert,00-0037666,WR,rec_yds,12.027,0.0,0.0,5.096,18.263,35.038
2026_04_MIA_MIN,MIA,MIN,Jalen Tolbert,00-0037666,WR,anytime_td,0.034,0.0,0.0,0.0,0.0,0.0
2026_04_MIA_MIN,MIA,MIN,Jalen Tolbert,00-0037666,WR,first_td,0.01,0.01,0.01,0.01,0.01,0.01
2026_04_MIA_MIN,MIA,MIN,Malik Willis,00-0038128,QB,att,26.665,17.0,22.0,27.0,32.0,36.0
2026_04_MIA_MIN,MIA,MIN,Malik Willis,00-0038128,QB,cmp,15.337,9.0,12.0,16.0,19.0,22.0
2026_04_MIA_MIN,MIA,MIN,Malik Willis,00-0038128,QB,pass_yds,168.314,88.716,125.551,165.677,210.375,255.171
2026_04_MIA_MIN,MIA,MIN,Malik Willis,00-0038128,QB,pass_td,0.767,0.0,0.0,1.0,1.0,2.0
2026_04_MIA_MIN,MIA,MIN,Malik Willis,00-0038128,QB,ints,0.731,0.0,0.0,0.0,1.0,2.0
2026_04_MIA_MIN,MIA,MIN,Malik Willis,00-0038128,QB,car,5.599,2.0,3.0,5.0,7.0,10.0
2026_04_MIA_MIN,MIA,MIN,Malik Willis,00-0038128,QB,rush_yds,27.888,3.939,12.247,24.274,39.289,56.249
2026_04_MIA_MIN,MIA,MIN,Malik Willis,00-0038128,QB,tgt,0.0,0.0,0.0,0.0,0.0,0.0
2026_04_MIA_MIN,MIA,MIN,Malik Willis,00-0038128,QB,rec,0.0,0.0,0.0,0.0,0.0,0.0
2026_04_MIA_MIN,MIA,MIN,Malik Willis,00-0038128,QB,rec_yds,0.0,0.0,0.0,0.0,0.0,0.0
2026_04_MIA_MIN,MIA,MIN,Malik Willis,00-0038128,QB,anytime_td,0.142,0.0,0.0,0.0,0.0,1.0
2026_04_MIA_MIN,MIA,MIN,Malik Willis,00-0038128,QB,first_td,0.044,0.044,0.044,0.044,0.044,0.044
2026_04_MIA_MIN,MIA,MIN,Malik Washington,00-0039880,WR,car,1.344,0.0,0.0,0.0,2.0,4.0
2026_04_MIA_MIN,MIA,MIN,Malik Washington,00-0039880,WR,rush_yds,6.283,0.0,0.0,0.0,7.788,20.405
2026_04_MIA_MIN,MIA,MIN,Malik Washington,00-0039880,WR,tgt,7.175,3.0,5.0,7.0,9.0,12.0
2026_04_MIA_MIN,MIA,MIN,Malik Washington,00-0039880,WR,rec,3.98,1.0,2.0,4.0,5.0,7.0
2026_04_MIA_MIN,MIA,MIN,Malik Washington,00-0039880,WR,rec_yds,46.615,10.017,22.267,40.375,64.822,90.863
2026_04_MIA_MIN,MIA,MIN,Malik Washington,00-0039880,WR,anytime_td,0.143,0.0,0.0,0.0,0.0,1.0
2026_04_MIA_MIN,MIA,MIN,Malik Washington,00-0039880,WR,first_td,0.043,0.043,0.043,0.043,0.043,0.043
2026_04_DET_CAR,CAR,DET,Chuba Hubbard,00-0036555,RB,car,13.163,6.0,9.0,13.0,17.0,21.0
2026_04_DET_CAR,CAR,DET,Chuba Hubbard,00-0036555,RB,rush_yds,56.199,18.197,30.925,49.606,74.378,103.383
2026_04_DET_CAR,CAR,DET,Chuba Hubbard,00-0036555,RB,tgt,2.825,0.0,1.0,2.0,4.0,6.0
2026_04_DET_CAR,CAR,DET,Chuba Hubbard,00-0036555,RB,rec,2.288,0.0,1.0,2.0,3.0,5.0
2026_04_DET_CAR,CAR,DET,Chuba Hubbard,00-0036555,RB,rec_yds,16.975,0.0,2.945,12.086,25.299,41.665
2026_04_DET_CAR,CAR,DET,Chuba Hubbard,00-0036555,RB,anytime_td,0.475,0.0,0.0,0.0,1.0,1.0
2026_04_DET_CAR,CAR,DET,Chuba Hubbard,00-0036555,RB,first_td,0.111,0.111,0.111,0.111,0.111,0.111
2026_04_DET_CAR,CAR,DET,AJ Dillon,00-0036265,RB,car,4.376,1.0,2.0,4.0,6.0,9.0
2026_04_DET_CAR,CAR,DET,AJ Dillon,00-0036265,RB,rush_yds,18.047,0.0,3.947,12.595,25.566,43.374
2026_04_DET_CAR,CAR,DET,AJ Dillon,00-0036265,RB,tgt,0.523,0.0,0.0,0.0,1.0,2.0
2026_04_DET_CAR,CAR,DET,AJ Dillon,00-0036265,RB,rec,0.41,0.0,0.0,0.0,1.0,1.0
2026_04_DET_CAR,CAR,DET,AJ Dillon,00-0036265,RB,rec_yds,2.895,0.0,0.0,0.0,0.993,10.779
2026_04_DET_CAR,CAR,DET,AJ Dillon,00-0036265,RB,anytime_td,0.078,0.0,0.0,0.0,0.0,0.0
2026_04_DET_CAR,CAR,DET,AJ Dillon,00-0036265,RB,first_td,0.014,0.014,0.014,0.014,0.014,0.014
2026_04_DET_CAR,CAR,DET,Anthony Tyus III,00-0040394,RB,car,2.724,0.0,1.0,2.0,4.0,7.0
2026_04_DET_CAR,CAR,DET,Anthony Tyus III,00-0040394,RB,rush_yds,11.595,0.0,0.0,6.155,16.603,30.617
2026_04_DET_CAR,CAR,DET,Anthony Tyus III,00-0040394,RB,tgt,0.828,0.0,0.0,0.0,1.0,2.0
2026_04_DET_CAR,CAR,DET,Anthony Tyus III,00-0040394,RB,rec,0.643,0.0,0.0,0.0,1.0,2.0
2026_04_DET_CAR,CAR,DET,Anthony Tyus III,00-0040394,RB,rec_yds,4.725,0.0,0.0,0.0,6.291,15.89
2026_04_DET_CAR,CAR,DET,Anthony Tyus III,00-0040394,RB,anytime_td,0.119,0.0,0.0,0.0,0.0,1.0
2026_04_DET_CAR,CAR,DET,Anthony Tyus III,00-0040394,RB,first_td,0.022,0.022,0.022,0.022,0.022,0.022
2026_04_DET_CAR,CAR,DET,Tommy Tremble,00-0037005,TE,car,0.002,0.0,0.0,0.0,0.0,0.0
2026_04_DET_CAR,CAR,DET,Tommy Tremble,00-0037005,TE,rush_yds,0.002,0.0,0.0,0.0,0.0,0.0
2026_04_DET_CAR,CAR,DET,Tommy Tremble,00-0037005,TE,tgt,3.27,1.0,2.0,3.0,5.0,6.0
2026_04_DET_CAR,CAR,DET,Tommy Tremble,00-0037005,TE,rec,2.288,0.0,1.0,2.0,3.0,5.0
2026_04_DET_CAR,CAR,DET,Tommy Tremble,00-0037005,TE,rec_yds,23.43,0.0,6.573,18.246,34.61,53.514
2026_04_DET_CAR,CAR,DET,Tommy Tremble,00-0037005,TE,anytime_td,0.077,0.0,0.0,0.0,0.0,0.0
2026_04_DET_CAR,CAR,DET,Tommy Tremble,00-0037005,TE,first_td,0.014,0.014,0.014,0.014,0.014,0.014
2026_04_DET_CAR,CAR,DET,Jalen Coker,00-0039491,WR,car,0.014,0.0,0.0,0.0,0.0,0.0
2026_04_DET_CAR,CAR,DET,Jalen Coker,00-0039491,WR,rush_yds,0.073,0.0,0.0,0.0,0.0,0.0
2026_04_DET_CAR,CAR,DET,Jalen Coker,00-0039491,WR,tgt,6.391,3.0,4.0,6.0,8.0,11.0
2026_04_DET_CAR,CAR,DET,Jalen Coker,00-0039491,WR,rec,4.444,2.0,3.0,4.0,6.0,8.0
2026_04_DET_CAR,CAR,DET,Jalen Coker,00-0039491,WR,rec_yds,55.016,12.351,26.942,48.313,76.387,106.58
2026_04_DET_CAR,CAR,DET,Jalen Coker,00-0039491,WR,anytime_td,0.312,0.0,0.0,0.0,1.0,1.0
2026_04_DET_CAR,CAR,DET,Jalen Coker,00-0039491,WR,first_td,0.065,0.065,0.065,0.065,0.065,0.065
2026_04_DET_CAR,CAR,DET,Tetairoa McMillan,00-0040124,WR,car,0.012,0.0,0.0,0.0,0.0,0.0
2026_04_DET_CAR,CAR,DET,Tetairoa McMillan,00-0040124,WR,rush_yds,0.07,0.0,0.0,0.0,0.0,0.0
2026_04_DET_CAR,CAR,DET,Tetairoa McMillan,00-0040124,WR,tgt,7.122,3.0,5.0,7.0,9.0,12.0
2026_04_DET_CAR,CAR,DET,Tetairoa McMillan,00-0040124,WR,rec,4.218,1.0,2.0,4.0,6.0,7.0
2026_04_DET_CAR,CAR,DET,Tetairoa McMillan,00-0040124,WR,rec_yds,58.007,12.36,28.134,50.658,79.743,112.879
2026_04_DET_CAR,CAR,DET,Tetairoa McMillan,00-0040124,WR,anytime_td,0.194,0.0,0.0,0.0,0.0,1.0
2026_04_DET_CAR,CAR,DET,Tetairoa McMillan,00-0040124,WR,first_td,0.036,0.036,0.036,0.036,0.036,0.036
2026_04_DET_CAR,CAR,DET,Bryce Young,00-0039150,QB,att,34.025,23.0,29.0,35.0,40.0,45.0
2026_04_DET_CAR,CAR,DET,Bryce Young,00-0039150,QB,cmp,22.012,14.0,18.0,22.0,26.0,30.0
2026_04_DET_CAR,CAR,DET,Bryce Young,00-0039150,QB,pass_yds,248.545,148.614,197.024,248.558,302.018,354.585
2026_04_DET_CAR,CAR,DET,Bryce Young,00-0039150,QB,pass_td,1.668,0.0,1.0,2.0,2.0,3.0
2026_04_DET_CAR,CAR,DET,Bryce Young,00-0039150,QB,ints,0.761,0.0,0.0,1.0,1.0,2.0
2026_04_DET_CAR,CAR,DET,Bryce Young,00-0039150,QB,car,2.426,0.0,1.0,2.0,3.0,5.0
2026_04_DET_CAR,CAR,DET,Bryce Young,00-0039150,QB,rush_yds,11.565,-1.0,0.0,7.828,17.697,30.293
2026_04_DET_CAR,CAR,DET,Bryce Young,00-0039150,QB,tgt,0.0,0.0,0.0,0.0,0.0,0.0
2026_04_DET_CAR,CAR,DET,Bryce Young,00-0039150,QB,rec,0.0,0.0,0.0,0.0,0.0,0.0
2026_04_DET_CAR,CAR,DET,Bryce Young,00-0039150,QB,rec_yds,0.003,0.0,0.0,0.0,0.0,0.0
2026_04_DET_CAR,CAR,DET,Bryce Young,00-0039150,QB,anytime_td,0.2,0.0,0.0,0.0,0.0,1.0
2026_04_DET_CAR,CAR,DET,Bryce Young,00-0039150,QB,first_td,0.039,0.039,0.039,0.039,0.039,0.039
2026_04_DET_CAR,CAR,DET,Mitchell Evans,00-0040187,TE,car,0.046,0.0,0.0,0.0,0.0,0.0
2026_04_DET_CAR,CAR,DET,Mitchell Evans,00-0040187,TE,rush_yds,0.111,0.0,0.0,0.0,0.0,0.0
2026_04_DET_CAR,CAR,DET,Mitchell Evans,00-0040187,TE,tgt,2.026,0.0,1.0,2.0,3.0,5.0
2026_04_DET_CAR,CAR,DET,Mitchell Evans,00-0040187,TE,rec,1.467,0.0,0.0,1.0,2.0,3.0
2026_04_DET_CAR,CAR,DET,Mitchell Evans,00-0040187,TE,rec_yds,15.037,0.0,0.0,9.45,22.75,39.132
2026_04_DET_CAR,CAR,DET,Mitchell Evans,00-0040187,TE,anytime_td,0.051,0.0,0.0,0.0,0.0,0.0
2026_04_DET_CAR,CAR,DET,Mitchell Evans,00-0040187,TE,first_td,0.009,0.009,0.009,0.009,0.009,0.009
2026_04_DET_CAR,CAR,DET,Darren Waller,00-0031610,TE,car,0.033,0.0,0.0,0.0,0.0,0.0
2026_04_DET_CAR,CAR,DET,Darren Waller,00-0031610,TE,rush_yds,0.076,0.0,0.0,0.0,0.0,0.0
2026_04_DET_CAR,CAR,DET,Darren Waller,00-0031610,TE,tgt,4.682,1.0,3.0,4.0,6.0,8.0
2026_04_DET_CAR,CAR,DET,Darren Waller,00-0031610,TE,rec,3.355,1.0,2.0,3.0,5.0,6.0
2026_04_DET_CAR,CAR,DET,Darren Waller,00-0031610,TE,rec_yds,35.165,5.041,14.616,30.099,49.959,71.498
2026_04_DET_CAR,CAR,DET,Darren Waller,00-0031610,TE,anytime_td,0.306,0.0,0.0,0.0,1.0,1.0
2026_04_DET_CAR,CAR,DET,Darren Waller,00-0031610,TE,first_td,0.063,0.063,0.063,0.063,0.063,0.063
2026_04_DET_CAR,CAR,DET,John Metchie III,00-0037614,WR,car,0.107,0.0,0.0,0.0,0.0,0.0
2026_04_DET_CAR,CAR,DET,John Metchie III,00-0037614,WR,rush_yds,0.544,0.0,0.0,0.0,0.0,0.0
2026_04_DET_CAR,CAR,DET,John Metchie III,00-0037614,WR,tgt,3.319,1.0,2.0,3.0,5.0,6.0
2026_04_DET_CAR,CAR,DET,John Metchie III,00-0037614,WR,rec,2.013,0.0,1.0,2.0,3.0,4.0
2026_04_DET_CAR,CAR,DET,John Metchie III,00-0037614,WR,rec_yds,24.153,0.0,5.288,17.445,35.84,57.689
2026_04_DET_CAR,CAR,DET,John Metchie III,00-0037614,WR,anytime_td,0.224,0.0,0.0,0.0,0.0,1.0
2026_04_DET_CAR,CAR,DET,John Metchie III,00-0037614,WR,first_td,0.044,0.044,0.044,0.044,0.044,0.044
2026_04_DET_CAR,CAR,DET,David Moore,00-0033589,WR,car,0.159,0.0,0.0,0.0,0.0,0.0
2026_04_DET_CAR,CAR,DET,David Moore,00-0033589,WR,rush_yds,0.883,0.0,0.0,0.0,0.0,0.0
2026_04_DET_CAR,CAR,DET,David Moore,00-0033589,WR,tgt,1.642,0.0,0.0,1.0,2.0,4.0
2026_04_DET_CAR,CAR,DET,David Moore,00-0033589,WR,rec,0.982,0.0,0.0,1.0,2.0,3.0
2026_04_DET_CAR,CAR,DET,David Moore,00-0033589,WR,rec_yds,12.197,0.0,0.0,4.724,17.982,36.181
2026_04_DET_CAR,CAR,DET,David Moore,00-0033589,WR,anytime_td,0.074,0.0,0.0,0.0,0.0,0.0
2026_04_DET_CAR,CAR,DET,David Moore,00-0033589,WR,first_td,0.013,0.013,0.013,0.013,0.013,0.013
2026_04_DET_CAR,CAR,DET,Brycen Tremayne,00-0038840,WR,car,0.013,0.0,0.0,0.0,0.0,0.0
2026_04_DET_CAR,CAR,DET,Brycen Tremayne,00-0038840,WR,rush_yds,0.069,0.0,0.0,0.0,0.0,0.0
2026_04_DET_CAR,CAR,DET,Brycen Tremayne,00-0038840,WR,tgt,1.804,0.0,0.0,1.0,3.0,4.0
2026_04_DET_CAR,CAR,DET,Brycen Tremayne,00-0038840,WR,rec,1.146,0.0,0.0,1.0,2.0,3.0
2026_04_DET_CAR,CAR,DET,Brycen Tremayne,00-0038840,WR,rec_yds,15.294,0.0,0.0,7.771,23.139,42.682
2026_04_DET_CAR,CAR,DET,Brycen Tremayne,00-0038840,WR,anytime_td,0.024,0.0,0.0,0.0,0.0,0.0
2026_04_DET_CAR,CAR,DET,Brycen Tremayne,00-0038840,WR,first_td,0.004,0.004,0.004,0.004,0.004,0.004
2026_04_DET_CAR,DET,CAR,Brock Wright,00-0036754,TE,car,0.003,0.0,0.0,0.0,0.0,0.0
2026_04_DET_CAR,DET,CAR,Brock Wright,00-0036754,TE,rush_yds,0.007,0.0,0.0,0.0,0.0,0.0
2026_04_DET_CAR,DET,CAR,Brock Wright,00-0036754,TE,tgt,1.478,0.0,0.0,1.0,2.0,4.0
2026_04_DET_CAR,DET,CAR,Brock Wright,00-0036754,TE,rec,1.083,0.0,0.0,1.0,2.0,3.0
2026_04_DET_CAR,DET,CAR,Brock Wright,00-0036754,TE,rec_yds,10.961,0.0,0.0,5.459,16.985,30.952
2026_04_DET_CAR,DET,CAR,Brock Wright,00-0036754,TE,anytime_td,0.053,0.0,0.0,0.0,0.0,0.0
2026_04_DET_CAR,DET,CAR,Brock Wright,00-0036754,TE,first_td,0.01,0.01,0.01,0.01,0.01,0.01
2026_04_DET_CAR,DET,CAR,Sam LaPorta,00-0039065,TE,car,0.002,0.0,0.0,0.0,0.0,0.0
2026_04_DET_CAR,DET,CAR,Sam LaPorta,00-0039065,TE,rush_yds,0.008,0.0,0.0,0.0,0.0,0.0
2026_04_DET_CAR,DET,CAR,Sam LaPorta,00-0039065,TE,tgt,5.35,2.0,3.0,5.0,7.0,9.0
2026_04_DET_CAR,DET,CAR,Sam LaPorta,00-0039065,TE,rec,4.003,1.0,2.0,4.0,5.0,7.0
2026_04_DET_CAR,DET,CAR,Sam LaPorta,00-0039065,TE,rec_yds,44.553,8.805,20.652,39.16,62.786,86.952
2026_04_DET_CAR,DET,CAR,Sam LaPorta,00-0039065,TE,anytime_td,0.281,0.0,0.0,0.0,1.0,1.0
2026_04_DET_CAR,DET,CAR,Sam LaPorta,00-0039065,TE,first_td,0.058,0.058,0.058,0.058,0.058,0.058
2026_04_DET_CAR,DET,CAR,Isaac TeSlaa,00-0040669,WR,car,0.011,0.0,0.0,0.0,0.0,0.0
2026_04_DET_CAR,DET,CAR,Isaac TeSlaa,00-0040669,WR,rush_yds,0.069,0.0,0.0,0.0,0.0,0.0
2026_04_DET_CAR,DET,CAR,Isaac TeSlaa,00-0040669,WR,tgt,2.422,0.0,1.0,2.0,3.0,5.0
2026_04_DET_CAR,DET,CAR,Isaac TeSlaa,00-0040669,WR,rec,1.526,0.0,0.0,1.0,2.0,3.0
2026_04_DET_CAR,DET,CAR,Isaac TeSlaa,00-0040669,WR,rec_yds,21.932,0.0,0.0,14.105,32.971,56.253
2026_04_DET_CAR,DET,CAR,Isaac TeSlaa,00-0040669,WR,anytime_td,0.145,0.0,0.0,0.0,0.0,1.0
2026_04_DET_CAR,DET,CAR,Isaac TeSlaa,00-0040669,WR,first_td,0.029,0.029,0.029,0.029,0.029,0.029
2026_04_DET_CAR,DET,CAR,Jared Goff,00-0033106,QB,att,32.443,22.0,28.0,33.0,38.0,43.0
2026_04_DET_CAR,DET,CAR,Jared Goff,00-0033106,QB,cmp,21.778,14.0,18.0,22.0,26.0,30.0
2026_04_DET_CAR,DET,CAR,Jared Goff,00-0033106,QB,pass_yds,250.558,146.969,197.019,250.007,306.5,361.303
2026_04_DET_CAR,DET,CAR,Jared Goff,00-0033106,QB,pass_td,1.869,0.0,1.0,2.0,3.0,3.0
2026_04_DET_CAR,DET,CAR,Jared Goff,00-0033106,QB,ints,0.652,0.0,0.0,0.0,1.0,2.0
2026_04_DET_CAR,DET,CAR,Jared Goff,00-0033106,QB,car,2.739,0.0,1.0,2.0,4.0,6.0
2026_04_DET_CAR,DET,CAR,Jared Goff,00-0033106,QB,rush_yds,9.893,-1.0,0.0,5.824,15.789,27.098
2026_04_DET_CAR,DET,CAR,Jared Goff,00-0033106,QB,tgt,0.001,0.0,0.0,0.0,0.0,0.0
2026_04_DET_CAR,DET,CAR,Jared Goff,00-0033106,QB,rec,0.001,0.0,0.0,0.0,0.0,0.0
2026_04_DET_CAR,DET,CAR,Jared Goff,00-0033106,QB,rec_yds,0.011,0.0,0.0,0.0,0.0,0.0
2026_04_DET_CAR,DET,CAR,Jared Goff,00-0033106,QB,anytime_td,0.019,0.0,0.0,0.0,0.0,0.0
2026_04_DET_CAR,DET,CAR,Jared Goff,00-0033106,QB,first_td,0.003,0.003,0.003,0.003,0.003,0.003
2026_04_DET_CAR,DET,CAR,Tay Martin,00-0037524,WR,car,0.026,0.0,0.0,0.0,0.0,0.0
2026_04_DET_CAR,DET,CAR,Tay Martin,00-0037524,WR,rush_yds,0.179,0.0,0.0,0.0,0.0,0.0
2026_04_DET_CAR,DET,CAR,Tay Martin,00-0037524,WR,tgt,0.63,0.0,0.0,0.0,1.0,2.0
2026_04_DET_CAR,DET,CAR,Tay Martin,00-0037524,WR,rec,0.401,0.0,0.0,0.0,1.0,1.0
2026_04_DET_CAR,DET,CAR,Tay Martin,00-0037524,WR,rec_yds,5.288,0.0,0.0,0.0,4.759,19.241
2026_04_DET_CAR,DET,CAR,Tay Martin,00-0037524,WR,anytime_td,0.024,0.0,0.0,0.0,0.0,0.0
2026_04_DET_CAR,DET,CAR,Tay Martin,00-0037524,WR,first_td,0.004,0.004,0.004,0.004,0.004,0.004
2026_04_DET_CAR,DET,CAR,Jahmyr Gibbs,00-0039139,RB,car,19.894,11.0,15.0,19.0,24.0,29.0
2026_04_DET_CAR,DET,CAR,Jahmyr Gibbs,00-0039139,RB,rush_yds,93.028,41.049,59.787,86.263,118.896,153.751
2026_04_DET_CAR,DET,CAR,Jahmyr Gibbs,00-0039139,RB,tgt,5.67,2.0,4.0,5.0,7.0,10.0
2026_04_DET_CAR,DET,CAR,Jahmyr Gibbs,00-0039139,RB,rec,4.585,2.0,3.0,4.0,6.0,8.0
2026_04_DET_CAR,DET,CAR,Jahmyr Gibbs,00-0039139,RB,rec_yds,38.404,7.123,17.393,32.945,53.628,77.041
2026_04_DET_CAR,DET,CAR,Jahmyr Gibbs,00-0039139,RB,anytime_td,0.744,0.0,0.0,1.0,1.0,1.0
2026_04_DET_CAR,DET,CAR,Jahmyr Gibbs,00-0039139,RB,first_td,0.229,0.229,0.229,0.229,0.229,0.229
2026_04_DET_CAR,DET,CAR,Jacob Saylors,00-0038896,RB,car,0.869,0.0,0.0,0.0,1.0,3.0
2026_04_DET_CAR,DET,CAR,Jacob Saylors,00-0038896,RB,rush_yds,3.978,0.0,0.0,0.0,3.291,13.202
2026_04_DET_CAR,DET,CAR,Jacob Saylors,00-0038896,RB,tgt,0.164,0.0,0.0,0.0,0.0,1.0
2026_04_DET_CAR,DET,CAR,Jacob Saylors,00-0038896,RB,rec,0.128,0.0,0.0,0.0,0.0,0.0
2026_04_DET_CAR,DET,CAR,Jacob Saylors,00-0038896,RB,rec_yds,0.985,0.0,0.0,0.0,0.0,0.0
2026_04_DET_CAR,DET,CAR,Jacob Saylors,00-0038896,RB,anytime_td,0.019,0.0,0.0,0.0,0.0,0.0
2026_04_DET_CAR,DET,CAR,Jacob Saylors,00-0038896,RB,first_td,0.004,0.004,0.004,0.004,0.004,0.004
2026_04_DET_CAR,DET,CAR,Amon-Ra St. Brown,00-0036963,WR,car,0.038,0.0,0.0,0.0,0.0,0.0
2026_04_DET_CAR,DET,CAR,Amon-Ra St. Brown,00-0036963,WR,rush_yds,0.228,0.0,0.0,0.0,0.0,0.0
2026_04_DET_CAR,DET,CAR,Amon-Ra St. Brown,00-0036963,WR,tgt,9.631,5.0,7.0,9.0,12.0,15.0
2026_04_DET_CAR,DET,CAR,Amon-Ra St. Brown,00-0036963,WR,rec,6.256,3.0,4.0,6.0,8.0,10.0
2026_04_DET_CAR,DET,CAR,Amon-Ra St. Brown,00-0036963,WR,rec_yds,77.782,24.897,45.049,71.293,104.112,138.26
2026_04_DET_CAR,DET,CAR,Amon-Ra St. Brown,00-0036963,WR,anytime_td,0.539,0.0,0.0,1.0,1.0,1.0
2026_04_DET_CAR,DET,CAR,Amon-Ra St. Brown,00-0036963,WR,first_td,0.133,0.133,0.133,0.133,0.133,0.133
2026_04_DET_CAR,DET,CAR,Jameson Williams,00-0037240,WR,car,0.138,0.0,0.0,0.0,0.0,0.0
2026_04_DET_CAR,DET,CAR,Jameson Williams,00-0037240,WR,rush_yds,0.851,0.0,0.0,0.0,0.0,0.0
2026_04_DET_CAR,DET,CAR,Jameson Williams,00-0037240,WR,tgt,5.166,2.0,3.0,5.0,7.0,9.0
2026_04_DET_CAR,DET,CAR,Jameson Williams,00-0037240,WR,rec,3.331,1.0,2.0,3.0,5.0,6.0
2026_04_DET_CAR,DET,CAR,Jameson Williams,00-0037240,WR,rec_yds,46.87,6.644,19.099,39.625,66.362,96.256
2026_04_DET_CAR,DET,CAR,Jameson Williams,00-0037240,WR,anytime_td,0.167,0.0,0.0,0.0,0.0,1.0
2026_04_DET_CAR,DET,CAR,Jameson Williams,00-0037240,WR,first_td,0.032,0.032,0.032,0.032,0.032,0.032
2026_04_DET_CAR,DET,CAR,Tyler Conklin,00-0034270,TE,car,0.02,0.0,0.0,0.0,0.0,0.0
2026_04_DET_CAR,DET,CAR,Tyler Conklin,00-0034270,TE,rush_yds,0.045,0.0,0.0,0.0,0.0,0.0
2026_04_DET_CAR,DET,CAR,Tyler Conklin,00-0034270,TE,tgt,0.511,0.0,0.0,0.0,1.0,2.0
2026_04_DET_CAR,DET,CAR,Tyler Conklin,00-0034270,TE,rec,0.375,0.0,0.0,0.0,1.0,1.0
2026_04_DET_CAR,DET,CAR,Tyler Conklin,00-0034270,TE,rec_yds,4.095,0.0,0.0,0.0,2.218,14.967
2026_04_DET_CAR,DET,CAR,Tyler Conklin,00-0034270,TE,anytime_td,0.015,0.0,0.0,0.0,0.0,0.0
2026_04_DET_CAR,DET,CAR,Tyler Conklin,00-0034270,TE,first_td,0.003,0.003,0.003,0.003,0.003,0.003
2026_04_DET_CAR,DET,CAR,Tom Kennedy,00-0035544,WR,car,0.027,0.0,0.0,0.0,0.0,0.0
2026_04_DET_CAR,DET,CAR,Tom Kennedy,00-0035544,WR,rush_yds,0.174,0.0,0.0,0.0,0.0,0.0
2026_04_DET_CAR,DET,CAR,Tom Kennedy,00-0035544,WR,tgt,0.834,0.0,0.0,0.0,1.0,2.0
2026_04_DET_CAR,DET,CAR,Tom Kennedy,00-0035544,WR,rec,0.544,0.0,0.0,0.0,1.0,2.0
2026_04_DET_CAR,DET,CAR,Tom Kennedy,00-0035544,WR,rec_yds,7.321,0.0,0.0,0.0,9.272,25.279
2026_04_DET_CAR,DET,CAR,Tom Kennedy,00-0035544,WR,anytime_td,0.027,0.0,0.0,0.0,0.0,0.0
2026_04_DET_CAR,DET,CAR,Tom Kennedy,00-0035544,WR,first_td,0.005,0.005,0.005,0.005,0.005,0.005
2026_04_DET_CAR,DET,CAR,Sione Vaki,00-0039364,RB,car,2.959,0.0,1.0,2.0,4.0,7.0
2026_04_DET_CAR,DET,CAR,Sione Vaki,00-0039364,RB,rush_yds,13.292,0.0,0.0,7.068,18.962,35.158
2026_04_DET_CAR,DET,CAR,Sione Vaki,00-0039364,RB,tgt,0.784,0.0,0.0,0.0,1.0,2.0
2026_04_DET_CAR,DET,CAR,Sione Vaki,00-0039364,RB,rec,0.634,0.0,0.0,0.0,1.0,2.0
2026_04_DET_CAR,DET,CAR,Sione Vaki,00-0039364,RB,rec_yds,5.162,0.0,0.0,0.0,6.715,17.243
2026_04_DET_CAR,DET,CAR,Sione Vaki,00-0039364,RB,anytime_td,0.058,0.0,0.0,0.0,0.0,0.0
2026_04_DET_CAR,DET,CAR,Sione Vaki,00-0039364,RB,first_td,0.011,0.011,0.011,0.011,0.011,0.011
2026_04_ATL_NO,NO,ATL,Tyler Shough,00-0040743,QB,att,34.04,23.0,29.0,35.0,40.0,45.0
2026_04_ATL_NO,NO,ATL,Tyler Shough,00-0040743,QB,cmp,22.007,14.0,18.0,22.0,26.0,30.0
2026_04_ATL_NO,NO,ATL,Tyler Shough,00-0040743,QB,pass_yds,244.927,145.452,195.039,245.689,298.15,350.15
2026_04_ATL_NO,NO,ATL,Tyler Shough,00-0040743,QB,pass_td,1.69,0.0,1.0,2.0,2.0,3.0
2026_04_ATL_NO,NO,ATL,Tyler Shough,00-0040743,QB,ints,0.725,0.0,0.0,0.0,1.0,2.0
2026_04_ATL_NO,NO,ATL,Tyler Shough,00-0040743,QB,car,4.592,1.0,2.0,4.0,6.0,9.0
2026_04_ATL_NO,NO,ATL,Tyler Shough,00-0040743,QB,rush_yds,19.518,0.0,5.172,14.943,29.321,45.162
2026_04_ATL_NO,NO,ATL,Tyler Shough,00-0040743,QB,tgt,0.0,0.0,0.0,0.0,0.0,0.0
2026_04_ATL_NO,NO,ATL,Tyler Shough,00-0040743,QB,rec,0.0,0.0,0.0,0.0,0.0,0.0
2026_04_ATL_NO,NO,ATL,Tyler Shough,00-0040743,QB,rec_yds,0.004,0.0,0.0,0.0,0.0,0.0
2026_04_ATL_NO,NO,ATL,Tyler Shough,00-0040743,QB,anytime_td,0.265,0.0,0.0,0.0,1.0,1.0
2026_04_ATL_NO,NO,ATL,Tyler Shough,00-0040743,QB,first_td,0.06,0.06,0.06,0.06,0.06,0.06
2026_04_ATL_NO,NO,ATL,Chris Olave,00-0037239,WR,car,0.036,0.0,0.0,0.0,0.0,0.0
2026_04_ATL_NO,NO,ATL,Chris Olave,00-0037239,WR,rush_yds,0.203,0.0,0.0,0.0,0.0,0.0
2026_04_ATL_NO,NO,ATL,Chris Olave,00-0037239,WR,tgt,10.409,5.0,8.0,10.0,13.0,16.0
2026_04_ATL_NO,NO,ATL,Chris Olave,00-0037239,WR,rec,6.805,3.0,5.0,7.0,9.0,11.0
2026_04_ATL_NO,NO,ATL,Chris Olave,00-0037239,WR,rec_yds,88.838,32.127,53.949,82.625,116.866,152.567
2026_04_ATL_NO,NO,ATL,Chris Olave,00-0037239,WR,anytime_td,0.348,0.0,0.0,0.0,1.0,1.0
2026_04_ATL_NO,NO,ATL,Chris Olave,00-0037239,WR,first_td,0.079,0.079,0.079,0.079,0.079,0.079
2026_04_ATL_NO,NO,ATL,Juwan Johnson,00-0036040,TE,car,0.002,0.0,0.0,0.0,0.0,0.0
2026_04_ATL_NO,NO,ATL,Juwan Johnson,00-0036040,TE,rush_yds,0.005,0.0,0.0,0.0,0.0,0.0
2026_04_ATL_NO,NO,ATL,Juwan Johnson,00-0036040,TE,tgt,5.614,2.0,3.0,5.0,7.0,10.0
2026_04_ATL_NO,NO,ATL,Juwan Johnson,00-0036040,TE,rec,4.09,1.0,2.0,4.0,6.0,7.0
2026_04_ATL_NO,NO,ATL,Juwan Johnson,00-0036040,TE,rec_yds,44.791,8.671,21.039,39.449,62.494,87.7
2026_04_ATL_NO,NO,ATL,Juwan Johnson,00-0036040,TE,anytime_td,0.389,0.0,0.0,0.0,1.0,1.0
2026_04_ATL_NO,NO,ATL,Juwan Johnson,00-0036040,TE,first_td,0.093,0.093,0.093,0.093,0.093,0.093
2026_04_ATL_NO,NO,ATL,Oscar Delp,00-0041041,TE,car,0.003,0.0,0.0,0.0,0.0,0.0
2026_04_ATL_NO,NO,ATL,Oscar Delp,00-0041041,TE,rush_yds,0.007,0.0,0.0,0.0,0.0,0.0
2026_04_ATL_NO,NO,ATL,Oscar Delp,00-0041041,TE,tgt,0.605,0.0,0.0,0.0,1.0,2.0
2026_04_ATL_NO,NO,ATL,Oscar Delp,00-0041041,TE,rec,0.423,0.0,0.0,0.0,1.0,1.0
2026_04_ATL_NO,NO,ATL,Oscar Delp,00-0041041,TE,rec_yds,4.341,0.0,0.0,0.0,4.241,16.072
2026_04_ATL_NO,NO,ATL,Oscar Delp,00-0041041,TE,anytime_td,0.011,0.0,0.0,0.0,0.0,0.0
2026_04_ATL_NO,NO,ATL,Oscar Delp,00-0041041,TE,first_td,0.002,0.002,0.002,0.002,0.002,0.002
2026_04_ATL_NO,NO,ATL,CJ Donaldson,00-0041326,RB,car,1.736,0.0,0.0,1.0,2.0,5.0
2026_04_ATL_NO,NO,ATL,CJ Donaldson,00-0041326,RB,rush_yds,7.38,0.0,0.0,1.886,9.656,22.224
2026_04_ATL_NO,NO,ATL,CJ Donaldson,00-0041326,RB,tgt,0.569,0.0,0.0,0.0,1.0,2.0
2026_04_ATL_NO,NO,ATL,CJ Donaldson,00-0041326,RB,rec,0.425,0.0,0.0,0.0,1.0,1.0
2026_04_ATL_NO,NO,ATL,CJ Donaldson,00-0041326,RB,rec_yds,3.059,0.0,0.0,0.0,1.804,10.736
2026_04_ATL_NO,NO,ATL,CJ Donaldson,00-0041326,RB,anytime_td,0.054,0.0,0.0,0.0,0.0,0.0
2026_04_ATL_NO,NO,ATL,CJ Donaldson,00-0041326,RB,first_td,0.011,0.011,0.011,0.011,0.011,0.011
2026_04_ATL_NO,NO,ATL,Kevin Austin Jr.,00-0037231,WR,car,0.018,0.0,0.0,0.0,0.0,0.0
2026_04_ATL_NO,NO,ATL,Kevin Austin Jr.,00-0037231,WR,rush_yds,0.102,0.0,0.0,0.0,0.0,0.0
2026_04_ATL_NO,NO,ATL,Kevin Austin Jr.,00-0037231,WR,tgt,1.544,0.0,0.0,1.0,2.0,4.0
2026_04_ATL_NO,NO,ATL,Kevin Austin Jr.,00-0037231,WR,rec,0.941,0.0,0.0,1.0,1.0,2.0
2026_04_ATL_NO,NO,ATL,Kevin Austin Jr.,00-0037231,WR,rec_yds,11.651,0.0,0.0,4.116,17.632,34.549
2026_04_ATL_NO,NO,ATL,Kevin Austin Jr.,00-0037231,WR,anytime_td,0.057,0.0,0.0,0.0,0.0,0.0
2026_04_ATL_NO,NO,ATL,Kevin Austin Jr.,00-0037231,WR,first_td,0.011,0.011,0.011,0.011,0.011,0.011
2026_04_ATL_NO,NO,ATL,Kendre Miller,00-0038551,RB,car,6.754,2.0,3.0,6.0,9.0,13.0
2026_04_ATL_NO,NO,ATL,Kendre Miller,00-0038551,RB,rush_yds,28.404,3.582,10.473,22.268,39.612,61.418
2026_04_ATL_NO,NO,ATL,Kendre Miller,00-0038551,RB,tgt,1.111,0.0,0.0,1.0,2.0,3.0
2026_04_ATL_NO,NO,ATL,Kendre Miller,00-0038551,RB,rec,0.825,0.0,0.0,0.0,1.0,2.0
2026_04_ATL_NO,NO,ATL,Kendre Miller,00-0038551,RB,rec_yds,5.768,0.0,0.0,0.0,8.397,18.246
2026_04_ATL_NO,NO,ATL,Kendre Miller,00-0038551,RB,anytime_td,0.268,0.0,0.0,0.0,1.0,1.0
2026_04_ATL_NO,NO,ATL,Kendre Miller,00-0038551,RB,first_td,0.059,0.059,0.059,0.059,0.059,0.059
2026_04_ATL_NO,NO,ATL,Noah Fant,00-0035644,TE,car,0.002,0.0,0.0,0.0,0.0,0.0
2026_04_ATL_NO,NO,ATL,Noah Fant,00-0035644,TE,rush_yds,0.005,0.0,0.0,0.0,0.0,0.0
2026_04_ATL_NO,NO,ATL,Noah Fant,00-0035644,TE,tgt,2.901,0.0,1.0,3.0,4.0,6.0
2026_04_ATL_NO,NO,ATL,Noah Fant,00-0035644,TE,rec,2.013,0.0,1.0,2.0,3.0,4.0
2026_04_ATL_NO,NO,ATL,Noah Fant,00-0035644,TE,rec_yds,19.845,0.0,4.699,14.916,29.621,46.222
2026_04_ATL_NO,NO,ATL,Noah Fant,00-0035644,TE,anytime_td,0.3,0.0,0.0,0.0,1.0,1.0
2026_04_ATL_NO,NO,ATL,Noah Fant,00-0035644,TE,first_td,0.069,0.069,0.069,0.069,0.069,0.069
2026_04_ATL_NO,NO,ATL,Bryce Lance,00-0041067,WR,car,0.02,0.0,0.0,0.0,0.0,0.0
2026_04_ATL_NO,NO,ATL,Bryce Lance,00-0041067,WR,rush_yds,0.097,0.0,0.0,0.0,0.0,0.0
2026_04_ATL_NO,NO,ATL,Bryce Lance,00-0041067,WR,tgt,2.382,0.0,1.0,2.0,3.0,5.0
2026_04_ATL_NO,NO,ATL,Bryce Lance,00-0041067,WR,rec,1.409,0.0,0.0,1.0,2.0,3.0
2026_04_ATL_NO,NO,ATL,Bryce Lance,00-0041067,WR,rec_yds,17.859,0.0,0.0,10.955,27.249,47.463
2026_04_ATL_NO,NO,ATL,Bryce Lance,00-0041067,WR,anytime_td,0.038,0.0,0.0,0.0,0.0,0.0
2026_04_ATL_NO,NO,ATL,Bryce Lance,00-0041067,WR,first_td,0.007,0.007,0.007,0.007,0.007,0.007
2026_04_ATL_NO,NO,ATL,Alvin Kamara,00-0033906,RB,car,10.804,4.0,7.0,10.0,14.0,18.0
2026_04_ATL_NO,NO,ATL,Alvin Kamara,00-0033906,RB,rush_yds,43.455,11.415,21.44,37.125,58.96,83.164
2026_04_ATL_NO,NO,ATL,Alvin Kamara,00-0033906,RB,tgt,3.408,1.0,2.0,3.0,5.0,7.0
2026_04_ATL_NO,NO,ATL,Alvin Kamara,00-0033906,RB,rec,2.619,0.0,1.0,2.0,4.0,5.0
2026_04_ATL_NO,NO,ATL,Alvin Kamara,00-0033906,RB,rec_yds,16.953,0.0,4.166,12.429,24.824,39.796
2026_04_ATL_NO,NO,ATL,Alvin Kamara,00-0033906,RB,anytime_td,0.242,0.0,0.0,0.0,0.0,1.0
2026_04_ATL_NO,NO,ATL,Alvin Kamara,00-0033906,RB,first_td,0.053,0.053,0.053,0.053,0.053,0.053
2026_04_ATL_NO,NO,ATL,Devaughn Vele,00-0039424,WR,car,0.015,0.0,0.0,0.0,0.0,0.0
2026_04_ATL_NO,NO,ATL,Devaughn Vele,00-0039424,WR,rush_yds,0.099,0.0,0.0,0.0,0.0,0.0
2026_04_ATL_NO,NO,ATL,Devaughn Vele,00-0039424,WR,tgt,5.754,2.0,4.0,5.0,8.0,10.0
2026_04_ATL_NO,NO,ATL,Devaughn Vele,00-0039424,WR,rec,3.611,1.0,2.0,3.0,5.0,7.0
2026_04_ATL_NO,NO,ATL,Devaughn Vele,00-0039424,WR,rec_yds,44.551,6.848,19.077,37.811,63.139,90.195
2026_04_ATL_NO,NO,ATL,Devaughn Vele,00-0039424,WR,anytime_td,0.228,0.0,0.0,0.0,0.0,1.0
2026_04_ATL_NO,NO,ATL,Devaughn Vele,00-0039424,WR,first_td,0.049,0.049,0.049,0.049,0.049,0.049
2026_04_ATL_NO,ATL,NO,Drake London,00-0037238,WR,car,0.339,0.0,0.0,0.0,0.0,1.0
2026_04_ATL_NO,ATL,NO,Drake London,00-0037238,WR,rush_yds,1.735,0.0,0.0,0.0,0.0,3.645
2026_04_ATL_NO,ATL,NO,Drake London,00-0037238,WR,tgt,7.681,4.0,5.0,7.0,10.0,12.0
2026_04_ATL_NO,ATL,NO,Drake London,00-0037238,WR,rec,5.026,2.0,3.0,5.0,7.0,8.0
2026_04_ATL_NO,ATL,NO,Drake London,00-0037238,WR,rec_yds,74.126,20.776,40.046,66.754,99.866,137.055
2026_04_ATL_NO,ATL,NO,Drake London,00-0037238,WR,anytime_td,0.279,0.0,0.0,0.0,1.0,1.0
2026_04_ATL_NO,ATL,NO,Drake London,00-0037238,WR,first_td,0.062,0.062,0.062,0.062,0.062,0.062
2026_04_ATL_NO,ATL,NO,Jahan Dotson,00-0037741,WR,car,0.012,0.0,0.0,0.0,0.0,0.0
2026_04_ATL_NO,ATL,NO,Jahan Dotson,00-0037741,WR,rush_yds,0.063,0.0,0.0,0.0,0.0,0.0
2026_04_ATL_NO,ATL,NO,Jahan Dotson,00-0037741,WR,tgt,3.199,1.0,2.0,3.0,4.0,6.0
2026_04_ATL_NO,ATL,NO,Jahan Dotson,00-0037741,WR,rec,1.815,0.0,1.0,2.0,3.0,4.0
2026_04_ATL_NO,ATL,NO,Jahan Dotson,00-0037741,WR,rec_yds,23.083,0.0,4.269,16.447,34.394,56.643
2026_04_ATL_NO,ATL,NO,Jahan Dotson,00-0037741,WR,anytime_td,0.078,0.0,0.0,0.0,0.0,0.0
2026_04_ATL_NO,ATL,NO,Jahan Dotson,00-0037741,WR,first_td,0.016,0.016,0.016,0.016,0.016,0.016
2026_04_ATL_NO,ATL,NO,Bijan Robinson,00-0038542,RB,car,18.436,10.0,14.0,18.0,23.0,27.0
2026_04_ATL_NO,ATL,NO,Bijan Robinson,00-0038542,RB,rush_yds,83.291,34.072,51.726,76.597,107.23,140.625
2026_04_ATL_NO,ATL,NO,Bijan Robinson,00-0038542,RB,tgt,5.488,2.0,3.0,5.0,7.0,9.0
2026_04_ATL_NO,ATL,NO,Bijan Robinson,00-0038542,RB,rec,4.216,1.0,2.0,4.0,6.0,7.0
2026_04_ATL_NO,ATL,NO,Bijan Robinson,00-0038542,RB,rec_yds,34.729,5.639,15.223,29.489,49.032,70.968
2026_04_ATL_NO,ATL,NO,Bijan Robinson,00-0038542,RB,anytime_td,0.63,0.0,0.0,1.0,1.0,1.0
2026_04_ATL_NO,ATL,NO,Bijan Robinson,00-0038542,RB,first_td,0.185,0.185,0.185,0.185,0.185,0.185
2026_04_ATL_NO,ATL,NO,Kyle Pitts,00-0036970,TE,car,0.003,0.0,0.0,0.0,0.0,0.0
2026_04_ATL_NO,ATL,NO,Kyle Pitts,00-0036970,TE,rush_yds,0.006,0.0,0.0,0.0,0.0,0.0
2026_04_ATL_NO,ATL,NO,Kyle Pitts,00-0036970,TE,tgt,4.652,1.0,3.0,4.0,6.0,8.0
2026_04_ATL_NO,ATL,NO,Kyle Pitts,00-0036970,TE,rec,3.142,1.0,2.0,3.0,4.0,6.0
2026_04_ATL_NO,ATL,NO,Kyle Pitts,00-0036970,TE,rec_yds,33.625,4.394,13.713,28.49,47.896,69.352
2026_04_ATL_NO,ATL,NO,Kyle Pitts,00-0036970,TE,anytime_td,0.205,0.0,0.0,0.0,0.0,1.0
2026_04_ATL_NO,ATL,NO,Kyle Pitts,00-0036970,TE,first_td,0.044,0.044,0.044,0.044,0.044,0.044
2026_04_ATL_NO,ATL,NO,Michael Penix Jr.,00-0039917,QB,att,29.313,20.0,25.0,30.0,35.0,40.0
2026_04_ATL_NO,ATL,NO,Michael Penix Jr.,00-0039917,QB,cmp,18.787,12.0,15.0,19.0,23.0,26.0
2026_04_ATL_NO,ATL,NO,Michael Penix Jr.,00-0039917,QB,pass_yds,215.903,122.167,166.79,215.147,265.925,315.589
2026_04_ATL_NO,ATL,NO,Michael Penix Jr.,00-0039917,QB,pass_td,1.272,0.0,0.0,1.0,2.0,3.0
2026_04_ATL_NO,ATL,NO,Michael Penix Jr.,00-0039917,QB,ints,0.641,0.0,0.0,0.0,1.0,2.0
2026_04_ATL_NO,ATL,NO,Michael Penix Jr.,00-0039917,QB,car,2.039,0.0,1.0,2.0,3.0,4.0
2026_04_ATL_NO,ATL,NO,Michael Penix Jr.,00-0039917,QB,rush_yds,8.805,-1.0,0.0,4.915,13.761,25.507
2026_04_ATL_NO,ATL,NO,Michael Penix Jr.,00-0039917,QB,tgt,0.001,0.0,0.0,0.0,0.0,0.0
2026_04_ATL_NO,ATL,NO,Michael Penix Jr.,00-0039917,QB,rec,0.0,0.0,0.0,0.0,0.0,0.0
2026_04_ATL_NO,ATL,NO,Michael Penix Jr.,00-0039917,QB,rec_yds,0.003,0.0,0.0,0.0,0.0,0.0
2026_04_ATL_NO,ATL,NO,Michael Penix Jr.,00-0039917,QB,anytime_td,0.046,0.0,0.0,0.0,0.0,0.0
2026_04_ATL_NO,ATL,NO,Michael Penix Jr.,00-0039917,QB,first_td,0.009,0.009,0.009,0.009,0.009,0.009
2026_04_ATL_NO,ATL,NO,Brian Robinson,00-0037746,RB,car,7.573,2.0,4.0,7.0,10.0,14.0
2026_04_ATL_NO,ATL,NO,Brian Robinson,00-0037746,RB,rush_yds,30.471,4.413,11.838,24.37,42.568,64.287
2026_04_ATL_NO,ATL,NO,Brian Robinson,00-0037746,RB,tgt,0.74,0.0,0.0,0.0,1.0,2.0
2026_04_ATL_NO,ATL,NO,Brian Robinson,00-0037746,RB,rec,0.567,0.0,0.0,0.0,1.0,2.0
2026_04_ATL_NO,ATL,NO,Brian Robinson,00-0037746,RB,rec_yds,4.302,0.0,0.0,0.0,5.532,14.895
2026_04_ATL_NO,ATL,NO,Brian Robinson,00-0037746,RB,anytime_td,0.267,0.0,0.0,0.0,1.0,1.0
2026_04_ATL_NO,ATL,NO,Brian Robinson,00-0037746,RB,first_td,0.062,0.062,0.062,0.062,0.062,0.062
2026_04_ATL_NO,ATL,NO,Austin Hooper,00-0032392,TE,car,0.003,0.0,0.0,0.0,0.0,0.0
2026_04_ATL_NO,ATL,NO,Austin Hooper,00-0032392,TE,rush_yds,0.005,0.0,0.0,0.0,0.0,0.0
2026_04_ATL_NO,ATL,NO,Austin Hooper,00-0032392,TE,tgt,2.26,0.0,1.0,2.0,3.0,5.0
2026_04_ATL_NO,ATL,NO,Austin Hooper,00-0032392,TE,rec,1.569,0.0,0.0,1.0,2.0,4.0
2026_04_ATL_NO,ATL,NO,Austin Hooper,00-0032392,TE,rec_yds,16.089,0.0,0.0,10.545,24.68,40.798
2026_04_ATL_NO,ATL,NO,Austin Hooper,00-0032392,TE,anytime_td,0.186,0.0,0.0,0.0,0.0,1.0
2026_04_ATL_NO,ATL,NO,Austin Hooper,00-0032392,TE,first_td,0.04,0.04,0.04,0.04,0.04,0.04
2026_04_ATL_NO,ATL,NO,Charlie Woerner,00-0036429,TE,car,0.003,0.0,0.0,0.0,0.0,0.0
2026_04_ATL_NO,ATL,NO,Charlie Woerner,00-0036429,TE,rush_yds,0.008,0.0,0.0,0.0,0.0,0.0
2026_04_ATL_NO,ATL,NO,Charlie Woerner,00-0036429,TE,tgt,0.592,0.0,0.0,0.0,1.0,2.0
2026_04_ATL_NO,ATL,NO,Charlie Woerner,00-0036429,TE,rec,0.412,0.0,0.0,0.0,1.0,1.0
2026_04_ATL_NO,ATL,NO,Charlie Woerner,00-0036429,TE,rec_yds,4.244,0.0,0.0,0.0,4.599,15.47
2026_04_ATL_NO,ATL,NO,Charlie Woerner,00-0036429,TE,anytime_td,0.008,0.0,0.0,0.0,0.0,0.0
2026_04_ATL_NO,ATL,NO,Charlie Woerner,00-0036429,TE,first_td,0.002,0.002,0.002,0.002,0.002,0.002
2026_04_ATL_NO,ATL,NO,Zachariah Branch,00-0041044,WR,car,0.014,0.0,0.0,0.0,0.0,0.0
2026_04_ATL_NO,ATL,NO,Zachariah Branch,00-0041044,WR,rush_yds,0.062,0.0,0.0,0.0,0.0,0.0
2026_04_ATL_NO,ATL,NO,Zachariah Branch,00-0041044,WR,tgt,1.691,0.0,0.0,1.0,2.0,4.0
2026_04_ATL_NO,ATL,NO,Zachariah Branch,00-0041044,WR,rec,1.062,0.0,0.0,1.0,2.0,3.0
2026_04_ATL_NO,ATL,NO,Zachariah Branch,00-0041044,WR,rec_yds,13.19,0.0,0.0,6.165,19.84,37.828
2026_04_ATL_NO,ATL,NO,Zachariah Branch,00-0041044,WR,anytime_td,0.051,0.0,0.0,0.0,0.0,0.0
2026_04_ATL_NO,ATL,NO,Zachariah Branch,00-0041044,WR,first_td,0.01,0.01,0.01,0.01,0.01,0.01
2026_04_ATL_NO,ATL,NO,Olamide Zaccheaus,00-0035208,WR,car,0.033,0.0,0.0,0.0,0.0,0.0
2026_04_ATL_NO,ATL,NO,Olamide Zaccheaus,00-0035208,WR,rush_yds,0.15,0.0,0.0,0.0,0.0,0.0
2026_04_ATL_NO,ATL,NO,Olamide Zaccheaus,00-0035208,WR,tgt,2.425,0.0,1.0,2.0,3.0,5.0
2026_04_ATL_NO,ATL,NO,Olamide Zaccheaus,00-0035208,WR,rec,1.5,0.0,0.0,1.0,2.0,3.0
2026_04_ATL_NO,ATL,NO,Olamide Zaccheaus,00-0035208,WR,rec_yds,17.797,0.0,0.0,11.535,26.653,45.238
2026_04_ATL_NO,ATL,NO,Olamide Zaccheaus,00-0035208,WR,anytime_td,0.099,0.0,0.0,0.0,0.0,0.0
2026_04_ATL_NO,ATL,NO,Olamide Zaccheaus,00-0035208,WR,first_td,0.02,0.02,0.02,0.02,0.02,0.02
2026_04_ATL_NO,ATL,NO,Chris Blair,00-0036463,WR,car,0.012,0.0,0.0,0.0,0.0,0.0
2026_04_ATL_NO,ATL,NO,Chris Blair,00-0036463,WR,rush_yds,0.055,0.0,0.0,0.0,0.0,0.0
2026_04_ATL_NO,ATL,NO,Chris Blair,00-0036463,WR,tgt,1.016,0.0,0.0,1.0,2.0,3.0
2026_04_ATL_NO,ATL,NO,Chris Blair,00-0036463,WR,rec,0.608,0.0,0.0,0.0,1.0,2.0
2026_04_ATL_NO,ATL,NO,Chris Blair,00-0036463,WR,rec_yds,7.84,0.0,0.0,0.0,10.832,26.143
2026_04_ATL_NO,ATL,NO,Chris Blair,00-0036463,WR,anytime_td,0.022,0.0,0.0,0.0,0.0,0.0
2026_04_ATL_NO,ATL,NO,Chris Blair,00-0036463,WR,first_td,0.004,0.004,0.004,0.004,0.004,0.004
