game_id,team,opp,player_id,name,pos,model,stat,mean,p10,p25,median,p75,p90
401909088,DET,BOS,3908845,John Collins,F,vegas,min,26.031,18.947,22.126,25.832,29.673,33.011
401909088,DET,BOS,3908845,John Collins,F,vegas,pts,13.286,5.0,8.0,12.0,17.0,23.0
401909088,DET,BOS,3908845,John Collins,F,vegas,reb,5.385,2.0,3.0,5.0,7.0,9.0
401909088,DET,BOS,3908845,John Collins,F,vegas,ast,1.112,0.0,0.0,1.0,2.0,3.0
401909088,DET,BOS,3908845,John Collins,F,vegas,fg3m,1.33,0.0,0.0,1.0,2.0,3.0
401909088,DET,BOS,3908845,John Collins,F,vegas,stl,0.85,0.0,0.0,1.0,1.0,2.0
401909088,DET,BOS,3908845,John Collins,F,vegas,blk,0.683,0.0,0.0,0.0,1.0,2.0
401909088,DET,BOS,3908845,John Collins,F,vegas,tov,1.393,0.0,0.0,1.0,2.0,3.0
401909088,DET,BOS,3908845,John Collins,F,vegas,pra,19.784,10.0,14.0,19.0,25.0,31.0
401909088,DET,BOS,4432166,Cade Cunningham,G,vegas,min,33.849,22.406,27.817,33.828,39.613,44.761
401909088,DET,BOS,4432166,Cade Cunningham,G,vegas,pts,22.318,11.0,15.0,21.0,28.0,35.0
401909088,DET,BOS,4432166,Cade Cunningham,G,vegas,reb,5.002,2.0,3.0,5.0,7.0,9.0
401909088,DET,BOS,4432166,Cade Cunningham,G,vegas,ast,8.105,3.0,5.0,8.0,10.0,13.0
401909088,DET,BOS,4432166,Cade Cunningham,G,vegas,fg3m,2.137,0.0,1.0,2.0,3.0,4.0
401909088,DET,BOS,4432166,Cade Cunningham,G,vegas,stl,1.243,0.0,0.0,1.0,2.0,3.0
401909088,DET,BOS,4432166,Cade Cunningham,G,vegas,blk,0.706,0.0,0.0,0.0,1.0,2.0
401909088,DET,BOS,4432166,Cade Cunningham,G,vegas,tov,4.099,1.0,2.0,4.0,6.0,7.0
401909088,DET,BOS,4432166,Cade Cunningham,G,vegas,pra,35.425,20.0,27.0,34.0,43.0,52.0
401909088,DET,BOS,4433621,Jalen Duren,C,vegas,min,27.788,19.78,23.777,27.779,31.924,35.683
401909088,DET,BOS,4433621,Jalen Duren,C,vegas,pts,15.462,7.0,10.0,14.0,20.0,26.0
401909088,DET,BOS,4433621,Jalen Duren,C,vegas,reb,9.011,4.0,6.0,9.0,11.0,14.0
401909088,DET,BOS,4433621,Jalen Duren,C,vegas,ast,2.129,0.0,1.0,2.0,3.0,4.0
401909088,DET,BOS,4433621,Jalen Duren,C,vegas,fg3m,0.023,0.0,0.0,0.0,0.0,0.0
401909088,DET,BOS,4433621,Jalen Duren,C,vegas,stl,0.67,0.0,0.0,0.0,1.0,2.0
401909088,DET,BOS,4433621,Jalen Duren,C,vegas,blk,0.95,0.0,0.0,1.0,2.0,2.0
401909088,DET,BOS,4433621,Jalen Duren,C,vegas,tov,1.878,0.0,1.0,2.0,3.0,4.0
401909088,DET,BOS,4433621,Jalen Duren,C,vegas,pra,26.602,15.0,20.0,26.0,33.0,40.0
401909088,DET,BOS,2596112,Javonte Green,G,vegas,min,14.755,5.878,10.083,14.798,19.605,23.87
401909088,DET,BOS,2596112,Javonte Green,G,vegas,pts,5.393,0.0,2.0,4.0,8.0,12.0
401909088,DET,BOS,2596112,Javonte Green,G,vegas,reb,2.417,0.0,1.0,2.0,4.0,5.0
401909088,DET,BOS,2596112,Javonte Green,G,vegas,ast,0.542,0.0,0.0,0.0,1.0,2.0
401909088,DET,BOS,2596112,Javonte Green,G,vegas,fg3m,1.009,0.0,0.0,1.0,2.0,3.0
401909088,DET,BOS,2596112,Javonte Green,G,vegas,stl,0.931,0.0,0.0,1.0,1.0,2.0
401909088,DET,BOS,2596112,Javonte Green,G,vegas,blk,0.301,0.0,0.0,0.0,1.0,1.0
401909088,DET,BOS,2596112,Javonte Green,G,vegas,tov,0.407,0.0,0.0,0.0,1.0,1.0
401909088,DET,BOS,2596112,Javonte Green,G,vegas,pra,8.352,2.0,4.0,7.0,11.0,16.0
401909088,DET,BOS,4397449,Elijah Harkless,G,vegas,min,21.977,9.441,15.246,21.813,28.763,34.521
401909088,DET,BOS,4397449,Elijah Harkless,G,vegas,pts,7.192,1.0,3.0,6.0,10.0,16.0
401909088,DET,BOS,4397449,Elijah Harkless,G,vegas,reb,2.24,0.0,1.0,2.0,3.0,5.0
401909088,DET,BOS,4397449,Elijah Harkless,G,vegas,ast,2.847,0.0,1.0,2.0,4.0,6.0
401909088,DET,BOS,4397449,Elijah Harkless,G,vegas,fg3m,0.913,0.0,0.0,1.0,1.0,2.0
401909088,DET,BOS,4397449,Elijah Harkless,G,vegas,stl,1.194,0.0,0.0,1.0,2.0,3.0
401909088,DET,BOS,4397449,Elijah Harkless,G,vegas,blk,0.265,0.0,0.0,0.0,0.0,1.0
401909088,DET,BOS,4397449,Elijah Harkless,G,vegas,tov,1.044,0.0,0.0,1.0,2.0,3.0
401909088,DET,BOS,4397449,Elijah Harkless,G,vegas,pra,12.278,3.0,6.0,11.0,17.0,23.0
401909088,DET,BOS,4683771,Ronald Holland II,F,vegas,min,14.834,5.191,9.82,14.801,19.839,24.408
401909088,DET,BOS,4683771,Ronald Holland II,F,vegas,pts,5.894,0.9,2.0,5.0,8.0,13.0
401909088,DET,BOS,4683771,Ronald Holland II,F,vegas,reb,2.917,0.0,1.0,3.0,4.0,6.0
401909088,DET,BOS,4683771,Ronald Holland II,F,vegas,ast,0.777,0.0,0.0,0.0,1.0,2.0
401909088,DET,BOS,4683771,Ronald Holland II,F,vegas,fg3m,0.575,0.0,0.0,0.0,1.0,2.0
401909088,DET,BOS,4683771,Ronald Holland II,F,vegas,stl,0.797,0.0,0.0,1.0,1.0,2.0
401909088,DET,BOS,4683771,Ronald Holland II,F,vegas,blk,0.315,0.0,0.0,0.0,1.0,1.0
401909088,DET,BOS,4683771,Ronald Holland II,F,vegas,tov,0.852,0.0,0.0,1.0,1.0,2.0
401909088,DET,BOS,4683771,Ronald Holland II,F,vegas,pra,9.588,2.0,5.0,8.0,13.0,19.0
401909088,DET,BOS,4066372,Kevin Huerter,G,vegas,min,19.329,8.013,13.349,19.311,25.565,30.771
401909088,DET,BOS,4066372,Kevin Huerter,G,vegas,pts,7.807,1.0,3.0,6.0,11.0,16.0
401909088,DET,BOS,4066372,Kevin Huerter,G,vegas,reb,2.775,0.0,1.0,2.0,4.0,6.0
401909088,DET,BOS,4066372,Kevin Huerter,G,vegas,ast,2.266,0.0,1.0,2.0,3.0,5.0
401909088,DET,BOS,4066372,Kevin Huerter,G,vegas,fg3m,1.25,0.0,0.0,1.0,2.0,3.0
401909088,DET,BOS,4066372,Kevin Huerter,G,vegas,stl,0.882,0.0,0.0,1.0,1.0,2.0
401909088,DET,BOS,4066372,Kevin Huerter,G,vegas,blk,0.286,0.0,0.0,0.0,0.0,1.0
401909088,DET,BOS,4066372,Kevin Huerter,G,vegas,tov,0.902,0.0,0.0,1.0,1.0,2.0
401909088,DET,BOS,4066372,Kevin Huerter,G,vegas,pra,12.848,3.0,7.0,12.0,17.0,24.0
401909088,DET,BOS,5107199,Daniss Jenkins,G,vegas,min,23.033,10.719,16.348,22.669,29.329,35.126
401909088,DET,BOS,5107199,Daniss Jenkins,G,vegas,pts,9.912,2.0,5.0,8.0,14.0,20.0
401909088,DET,BOS,5107199,Daniss Jenkins,G,vegas,reb,2.707,0.0,1.0,2.0,4.0,5.0
401909088,DET,BOS,5107199,Daniss Jenkins,G,vegas,ast,3.759,1.0,2.0,3.0,5.0,7.0
401909088,DET,BOS,5107199,Daniss Jenkins,G,vegas,fg3m,1.13,0.0,0.0,1.0,2.0,3.0
401909088,DET,BOS,5107199,Daniss Jenkins,G,vegas,stl,0.718,0.0,0.0,0.0,1.0,2.0
401909088,DET,BOS,5107199,Daniss Jenkins,G,vegas,blk,0.292,0.0,0.0,0.0,1.0,1.0
401909088,DET,BOS,5107199,Daniss Jenkins,G,vegas,tov,1.438,0.0,0.0,1.0,2.0,3.0
401909088,DET,BOS,5107199,Daniss Jenkins,G,vegas,pra,16.378,5.0,9.0,15.0,22.0,29.0
401909088,DET,BOS,4395702,Isaiah Joe,G,vegas,min,17.033,6.844,11.553,16.85,22.253,26.955
401909088,DET,BOS,4395702,Isaiah Joe,G,vegas,pts,8.553,1.0,3.0,7.0,12.0,18.0
401909088,DET,BOS,4395702,Isaiah Joe,G,vegas,reb,2.049,0.0,1.0,2.0,3.0,5.0
401909088,DET,BOS,4395702,Isaiah Joe,G,vegas,ast,1.132,0.0,0.0,1.0,2.0,3.0
401909088,DET,BOS,4395702,Isaiah Joe,G,vegas,fg3m,2.021,0.0,1.0,2.0,3.0,4.0
401909088,DET,BOS,4395702,Isaiah Joe,G,vegas,stl,0.639,0.0,0.0,0.0,1.0,2.0
401909088,DET,BOS,4395702,Isaiah Joe,G,vegas,blk,0.119,0.0,0.0,0.0,0.0,1.0
401909088,DET,BOS,4395702,Isaiah Joe,G,vegas,tov,0.548,0.0,0.0,0.0,1.0,2.0
401909088,DET,BOS,4395702,Isaiah Joe,G,vegas,pra,11.734,3.0,6.0,10.0,16.0,23.0
401909088,DET,BOS,2990962,Taurean Prince,F,vegas,min,24.039,14.535,19.187,24.071,28.816,33.517
401909088,DET,BOS,2990962,Taurean Prince,F,vegas,pts,8.703,2.0,4.0,7.0,12.0,17.0
401909088,DET,BOS,2990962,Taurean Prince,F,vegas,reb,3.124,1.0,1.75,3.0,4.0,6.0
401909088,DET,BOS,2990962,Taurean Prince,F,vegas,ast,1.823,0.0,1.0,2.0,3.0,4.0
401909088,DET,BOS,2990962,Taurean Prince,F,vegas,fg3m,2.258,0.0,1.0,2.0,3.0,5.0
401909088,DET,BOS,2990962,Taurean Prince,F,vegas,stl,0.7,0.0,0.0,0.0,1.0,2.0
401909088,DET,BOS,2990962,Taurean Prince,F,vegas,blk,0.253,0.0,0.0,0.0,0.0,1.0
401909088,DET,BOS,2990962,Taurean Prince,F,vegas,tov,1.175,0.0,0.0,1.0,2.0,3.0
401909088,DET,BOS,2990962,Taurean Prince,F,vegas,pra,13.651,5.0,8.0,12.0,17.0,24.0
401909088,DET,BOS,4278562,Paul Reed,F,vegas,min,13.179,4.055,8.394,13.257,17.851,22.105
401909088,DET,BOS,4278562,Paul Reed,F,vegas,pts,8.058,1.0,3.0,6.0,11.0,17.0
401909088,DET,BOS,4278562,Paul Reed,F,vegas,reb,4.187,0.0,2.0,4.0,6.0,8.0
401909088,DET,BOS,4278562,Paul Reed,F,vegas,ast,1.073,0.0,0.0,1.0,2.0,3.0
401909088,DET,BOS,4278562,Paul Reed,F,vegas,fg3m,0.241,0.0,0.0,0.0,0.0,1.0
401909088,DET,BOS,4278562,Paul Reed,F,vegas,stl,0.636,0.0,0.0,0.0,1.0,2.0
401909088,DET,BOS,4278562,Paul Reed,F,vegas,blk,0.875,0.0,0.0,1.0,1.0,2.0
401909088,DET,BOS,4278562,Paul Reed,F,vegas,tov,0.812,0.0,0.0,1.0,1.0,2.0
401909088,DET,BOS,4278562,Paul Reed,F,vegas,pra,13.318,3.0,6.0,12.0,18.0,26.0
401909088,DET,BOS,3157465,Duncan Robinson,F,vegas,min,26.639,20.142,23.352,26.825,30.26,33.252
401909088,DET,BOS,3157465,Duncan Robinson,F,vegas,pts,11.684,4.0,7.0,11.0,16.0,21.0
401909088,DET,BOS,3157465,Duncan Robinson,F,vegas,reb,2.434,0.0,1.0,2.0,4.0,5.0
401909088,DET,BOS,3157465,Duncan Robinson,F,vegas,ast,2.126,0.0,1.0,2.0,3.0,4.0
401909088,DET,BOS,3157465,Duncan Robinson,F,vegas,fg3m,2.986,1.0,1.0,3.0,4.0,6.0
401909088,DET,BOS,3157465,Duncan Robinson,F,vegas,stl,0.753,0.0,0.0,1.0,1.0,2.0
401909088,DET,BOS,3157465,Duncan Robinson,F,vegas,blk,0.235,0.0,0.0,0.0,0.0,1.0
401909088,DET,BOS,3157465,Duncan Robinson,F,vegas,tov,0.838,0.0,0.0,1.0,1.0,2.0
401909088,DET,BOS,3157465,Duncan Robinson,F,vegas,pra,16.245,8.0,11.0,15.0,21.0,26.0
401909088,DET,BOS,4684742,Ausar Thompson,G,vegas,min,26.931,18.694,22.572,26.917,31.395,35.384
401909088,DET,BOS,4684742,Ausar Thompson,G,vegas,pts,8.655,2.0,4.0,7.0,12.0,16.0
401909088,DET,BOS,4684742,Ausar Thompson,G,vegas,reb,6.111,2.0,4.0,6.0,8.0,11.0
401909088,DET,BOS,4684742,Ausar Thompson,G,vegas,ast,3.057,1.0,2.0,3.0,4.0,6.0
401909088,DET,BOS,4684742,Ausar Thompson,G,vegas,fg3m,0.116,0.0,0.0,0.0,0.0,1.0
401909088,DET,BOS,4684742,Ausar Thompson,G,vegas,stl,1.993,0.0,1.0,2.0,3.0,4.0
401909088,DET,BOS,4684742,Ausar Thompson,G,vegas,blk,1.235,0.0,0.0,1.0,2.0,3.0
401909088,DET,BOS,4684742,Ausar Thompson,G,vegas,tov,1.543,0.0,1.0,1.0,2.0,3.0
401909088,DET,BOS,4684742,Ausar Thompson,G,vegas,pra,17.823,9.0,12.0,17.0,22.0,28.0
401909088,BOS,DET,4433188,Devin Carter,G,vegas,min,20.43,8.018,13.982,20.445,27.109,32.746
401909088,BOS,DET,4433188,Devin Carter,G,vegas,pts,10.3,2.0,5.0,9.0,14.0,21.0
401909088,BOS,DET,4433188,Devin Carter,G,vegas,reb,3.643,0.0,2.0,3.0,5.0,7.0
401909088,BOS,DET,4433188,Devin Carter,G,vegas,ast,2.711,0.0,1.0,2.0,4.0,6.0
401909088,BOS,DET,4433188,Devin Carter,G,vegas,fg3m,1.016,0.0,0.0,1.0,2.0,3.0
401909088,BOS,DET,4433188,Devin Carter,G,vegas,stl,0.952,0.0,0.0,1.0,2.0,2.0
401909088,BOS,DET,4433188,Devin Carter,G,vegas,blk,0.264,0.0,0.0,0.0,0.0,1.0
401909088,BOS,DET,4433188,Devin Carter,G,vegas,tov,1.563,0.0,0.0,1.0,2.0,4.0
401909088,BOS,DET,4433188,Devin Carter,G,vegas,pra,16.654,5.0,9.0,15.0,23.0,31.0
401909088,BOS,DET,3195,Mike Conley,G,vegas,min,15.579,6.199,10.857,15.365,20.205,24.68
401909088,BOS,DET,3195,Mike Conley,G,vegas,pts,4.581,0.0,2.0,4.0,7.0,10.0
401909088,BOS,DET,3195,Mike Conley,G,vegas,reb,1.445,0.0,0.0,1.0,2.0,3.0
401909088,BOS,DET,3195,Mike Conley,G,vegas,ast,2.39,0.0,1.0,2.0,3.0,5.0
401909088,BOS,DET,3195,Mike Conley,G,vegas,fg3m,1.092,0.0,0.0,1.0,2.0,3.0
401909088,BOS,DET,3195,Mike Conley,G,vegas,stl,0.666,0.0,0.0,0.0,1.0,2.0
401909088,BOS,DET,3195,Mike Conley,G,vegas,blk,0.16,0.0,0.0,0.0,0.0,1.0
401909088,BOS,DET,3195,Mike Conley,G,vegas,tov,0.571,0.0,0.0,0.0,1.0,2.0
401909088,BOS,DET,3195,Mike Conley,G,vegas,pra,8.416,2.0,4.0,7.0,11.0,16.0
401909088,BOS,DET,4277951,Luka Garza,C,vegas,min,13.622,3.332,8.173,13.874,19.284,24.264
401909088,BOS,DET,4277951,Luka Garza,C,vegas,pts,7.19,0.0,2.0,6.0,10.0,16.0
401909088,BOS,DET,4277951,Luka Garza,C,vegas,reb,3.18,0.0,1.0,3.0,5.0,7.0
401909088,BOS,DET,4277951,Luka Garza,C,vegas,ast,0.881,0.0,0.0,1.0,1.0,2.0
401909088,BOS,DET,4277951,Luka Garza,C,vegas,fg3m,0.764,0.0,0.0,0.0,1.0,2.0
401909088,BOS,DET,4277951,Luka Garza,C,vegas,stl,0.301,0.0,0.0,0.0,1.0,1.0
401909088,BOS,DET,4277951,Luka Garza,C,vegas,blk,0.332,0.0,0.0,0.0,1.0,1.0
401909088,BOS,DET,4277951,Luka Garza,C,vegas,tov,0.61,0.0,0.0,0.0,1.0,2.0
401909088,BOS,DET,4277951,Luka Garza,C,vegas,pra,11.252,1.0,5.0,10.0,16.0,23.0
401909088,BOS,DET,4251,Paul George,F,vegas,min,30.119,22.27,25.957,30.185,34.518,38.692
401909088,BOS,DET,4251,Paul George,F,vegas,pts,16.556,7.0,11.0,16.0,21.0,27.0
401909088,BOS,DET,4251,Paul George,F,vegas,reb,4.524,1.0,3.0,4.0,6.0,8.0
401909088,BOS,DET,4251,Paul George,F,vegas,ast,3.196,1.0,2.0,3.0,5.0,6.0
401909088,BOS,DET,4251,Paul George,F,vegas,fg3m,2.747,1.0,1.0,2.0,4.0,5.0
401909088,BOS,DET,4251,Paul George,F,vegas,stl,1.483,0.0,1.0,1.0,2.0,3.0
401909088,BOS,DET,4251,Paul George,F,vegas,blk,0.416,0.0,0.0,0.0,1.0,1.0
401909088,BOS,DET,4251,Paul George,F,vegas,tov,1.816,0.0,1.0,2.0,3.0,4.0
401909088,BOS,DET,4251,Paul George,F,vegas,pra,24.276,13.0,18.0,23.0,30.0,37.0
401909088,BOS,DET,5175647,Hugo Gonzalez,G,vegas,min,11.992,1.782,6.739,11.964,17.292,22.441
401909088,BOS,DET,5175647,Hugo Gonzalez,G,vegas,pts,3.32,0.0,1.0,2.0,5.0,8.0
401909088,BOS,DET,5175647,Hugo Gonzalez,G,vegas,reb,2.693,0.0,1.0,2.0,4.0,6.0
401909088,BOS,DET,5175647,Hugo Gonzalez,G,vegas,ast,0.479,0.0,0.0,0.0,1.0,2.0
401909088,BOS,DET,5175647,Hugo Gonzalez,G,vegas,fg3m,0.531,0.0,0.0,0.0,1.0,2.0
401909088,BOS,DET,5175647,Hugo Gonzalez,G,vegas,stl,0.433,0.0,0.0,0.0,1.0,1.0
401909088,BOS,DET,5175647,Hugo Gonzalez,G,vegas,blk,0.253,0.0,0.0,0.0,0.0,1.0
401909088,BOS,DET,5175647,Hugo Gonzalez,G,vegas,tov,0.438,0.0,0.0,0.0,1.0,1.0
401909088,BOS,DET,5175647,Hugo Gonzalez,G,vegas,pra,6.492,0.0,3.0,6.0,9.0,14.0
401909088,BOS,DET,5176420,Hayden Gray,G,vegas,min,13.77,6.032,9.602,13.96,17.89,21.795
401909088,BOS,DET,5176420,Hayden Gray,G,vegas,pts,4.956,0.0,2.0,4.0,7.0,10.0
401909088,BOS,DET,5176420,Hayden Gray,G,vegas,reb,0.825,0.0,0.0,1.0,1.0,2.0
401909088,BOS,DET,5176420,Hayden Gray,G,vegas,ast,1.045,0.0,0.0,1.0,2.0,3.0
401909088,BOS,DET,5176420,Hayden Gray,G,vegas,fg3m,0.526,0.0,0.0,0.0,1.0,2.0
401909088,BOS,DET,5176420,Hayden Gray,G,vegas,stl,0.526,0.0,0.0,0.0,1.0,2.0
401909088,BOS,DET,5176420,Hayden Gray,G,vegas,blk,0.323,0.0,0.0,0.0,1.0,1.0
401909088,BOS,DET,5176420,Hayden Gray,G,vegas,tov,0.713,0.0,0.0,0.0,1.0,2.0
401909088,BOS,DET,5176420,Hayden Gray,G,vegas,pra,6.826,1.0,3.0,6.0,9.0,13.0
401909088,BOS,DET,4065804,Sam Hauser,F,vegas,min,23.139,16.678,19.695,23.059,26.349,29.34
401909088,BOS,DET,4065804,Sam Hauser,F,vegas,pts,8.985,2.0,5.0,8.0,12.0,17.0
401909088,BOS,DET,4065804,Sam Hauser,F,vegas,reb,3.711,1.0,2.0,3.0,5.0,7.0
401909088,BOS,DET,4065804,Sam Hauser,F,vegas,ast,1.283,0.0,0.0,1.0,2.0,3.0
401909088,BOS,DET,4065804,Sam Hauser,F,vegas,fg3m,2.374,0.0,1.0,2.0,3.0,5.0
401909088,BOS,DET,4065804,Sam Hauser,F,vegas,stl,0.347,0.0,0.0,0.0,1.0,1.0
401909088,BOS,DET,4065804,Sam Hauser,F,vegas,blk,0.243,0.0,0.0,0.0,0.0,1.0
401909088,BOS,DET,4065804,Sam Hauser,F,vegas,tov,0.365,0.0,0.0,0.0,1.0,1.0
401909088,BOS,DET,4065804,Sam Hauser,F,vegas,pra,13.978,6.0,9.0,13.0,17.0,23.0
401909088,BOS,DET,4066354,Payton Pritchard,G,vegas,min,29.501,24.298,26.747,29.619,32.336,34.771
401909088,BOS,DET,4066354,Payton Pritchard,G,vegas,pts,15.581,7.0,10.0,14.5,20.0,25.0
401909088,BOS,DET,4066354,Payton Pritchard,G,vegas,reb,3.368,1.0,2.0,3.0,5.0,6.0
401909088,BOS,DET,4066354,Payton Pritchard,G,vegas,ast,4.211,1.0,2.0,4.0,6.0,7.0
401909088,BOS,DET,4066354,Payton Pritchard,G,vegas,fg3m,2.595,0.0,1.0,2.0,4.0,5.0
401909088,BOS,DET,4066354,Payton Pritchard,G,vegas,stl,0.626,0.0,0.0,0.0,1.0,2.0
401909088,BOS,DET,4066354,Payton Pritchard,G,vegas,blk,0.124,0.0,0.0,0.0,0.0,1.0
401909088,BOS,DET,4066354,Payton Pritchard,G,vegas,tov,1.264,0.0,0.0,1.0,2.0,3.0
401909088,BOS,DET,4066354,Payton Pritchard,G,vegas,pra,23.159,14.0,17.0,22.0,28.0,34.0
401909088,BOS,DET,4397424,Neemias Queta,C,vegas,min,22.656,14.393,18.259,22.54,27.051,31.305
401909088,BOS,DET,4397424,Neemias Queta,C,vegas,pts,9.331,2.0,5.0,8.0,13.0,18.0
401909088,BOS,DET,4397424,Neemias Queta,C,vegas,reb,7.309,3.0,5.0,7.0,9.0,12.0
401909088,BOS,DET,4397424,Neemias Queta,C,vegas,ast,1.483,0.0,0.0,1.0,2.0,3.0
401909088,BOS,DET,4397424,Neemias Queta,C,vegas,fg3m,0.046,0.0,0.0,0.0,0.0,0.0
401909088,BOS,DET,4397424,Neemias Queta,C,vegas,stl,0.565,0.0,0.0,0.0,1.0,2.0
401909088,BOS,DET,4397424,Neemias Queta,C,vegas,blk,1.147,0.0,0.0,1.0,2.0,3.0
401909088,BOS,DET,4397424,Neemias Queta,C,vegas,tov,0.872,0.0,0.0,1.0,1.0,2.0
401909088,BOS,DET,4397424,Neemias Queta,C,vegas,pra,18.124,8.0,12.0,17.0,23.0,29.0
401909088,BOS,DET,4351852,Mitchell Robinson,C,vegas,min,15.783,9.659,12.448,15.68,18.866,21.795
401909088,BOS,DET,4351852,Mitchell Robinson,C,vegas,pts,5.071,1.0,2.0,4.0,7.0,10.1
401909088,BOS,DET,4351852,Mitchell Robinson,C,vegas,reb,6.242,2.0,4.0,6.0,8.0,11.0
401909088,BOS,DET,4351852,Mitchell Robinson,C,vegas,ast,0.594,0.0,0.0,0.0,1.0,2.0
401909088,BOS,DET,4351852,Mitchell Robinson,C,vegas,fg3m,0.021,0.0,0.0,0.0,0.0,0.0
401909088,BOS,DET,4351852,Mitchell Robinson,C,vegas,stl,0.683,0.0,0.0,0.0,1.0,2.0
401909088,BOS,DET,4351852,Mitchell Robinson,C,vegas,blk,0.865,0.0,0.0,1.0,1.0,2.0
401909088,BOS,DET,4351852,Mitchell Robinson,C,vegas,tov,0.565,0.0,0.0,0.0,1.0,2.0
401909088,BOS,DET,4351852,Mitchell Robinson,C,vegas,pra,11.907,5.0,8.0,11.0,15.0,20.0
401909088,BOS,DET,4593841,Baylor Scheierman,G,vegas,min,19.052,8.62,13.581,18.981,25.076,29.849
401909088,BOS,DET,4593841,Baylor Scheierman,G,vegas,pts,6.367,1.0,2.0,5.0,9.0,14.0
401909088,BOS,DET,4593841,Baylor Scheierman,G,vegas,reb,3.562,1.0,2.0,3.0,5.0,7.0
401909088,BOS,DET,4593841,Baylor Scheierman,G,vegas,ast,1.478,0.0,0.0,1.0,2.0,3.0
401909088,BOS,DET,4593841,Baylor Scheierman,G,vegas,fg3m,1.463,0.0,0.0,1.0,2.0,3.0
401909088,BOS,DET,4593841,Baylor Scheierman,G,vegas,stl,0.6,0.0,0.0,0.0,1.0,2.0
401909088,BOS,DET,4593841,Baylor Scheierman,G,vegas,blk,0.099,0.0,0.0,0.0,0.0,0.0
401909088,BOS,DET,4593841,Baylor Scheierman,G,vegas,tov,0.635,0.0,0.0,0.0,1.0,2.0
401909088,BOS,DET,4593841,Baylor Scheierman,G,vegas,pra,11.407,3.0,6.0,10.0,15.0,21.0
401909088,BOS,DET,4065648,Jayson Tatum,F,vegas,min,31.772,25.28,28.426,31.769,35.087,38.163
401909088,BOS,DET,4065648,Jayson Tatum,F,vegas,pts,22.526,12.9,16.0,22.0,28.0,34.0
401909088,BOS,DET,4065648,Jayson Tatum,F,vegas,reb,8.935,5.0,6.0,9.0,11.0,14.0
401909088,BOS,DET,4065648,Jayson Tatum,F,vegas,ast,5.397,2.0,3.0,5.0,7.0,9.0
401909088,BOS,DET,4065648,Jayson Tatum,F,vegas,fg3m,2.918,1.0,1.0,3.0,4.0,6.0
401909088,BOS,DET,4065648,Jayson Tatum,F,vegas,stl,1.172,0.0,0.0,1.0,2.0,3.0
401909088,BOS,DET,4065648,Jayson Tatum,F,vegas,blk,0.309,0.0,0.0,0.0,1.0,1.0
401909088,BOS,DET,4065648,Jayson Tatum,F,vegas,tov,2.529,1.0,1.0,2.0,4.0,5.0
401909088,BOS,DET,4065648,Jayson Tatum,F,vegas,pra,36.858,24.0,29.0,36.0,44.0,51.0
401909088,BOS,DET,4683689,Jordan Walsh,G,vegas,min,15.038,5.166,9.725,14.945,20.462,25.369
401909088,BOS,DET,4683689,Jordan Walsh,G,vegas,pts,4.177,0.0,1.0,3.0,6.0,10.0
401909088,BOS,DET,4683689,Jordan Walsh,G,vegas,reb,3.058,0.0,1.0,3.0,4.0,7.0
401909088,BOS,DET,4683689,Jordan Walsh,G,vegas,ast,0.762,0.0,0.0,0.0,1.0,2.0
401909088,BOS,DET,4683689,Jordan Walsh,G,vegas,fg3m,0.608,0.0,0.0,0.0,1.0,2.0
401909088,BOS,DET,4683689,Jordan Walsh,G,vegas,stl,0.58,0.0,0.0,0.0,1.0,2.0
401909088,BOS,DET,4683689,Jordan Walsh,G,vegas,blk,0.378,0.0,0.0,0.0,1.0,1.0
401909088,BOS,DET,4683689,Jordan Walsh,G,vegas,tov,0.382,0.0,0.0,0.0,1.0,1.0
401909088,BOS,DET,4683689,Jordan Walsh,G,vegas,pra,7.998,1.0,4.0,7.0,11.0,16.0
401909088,BOS,DET,3078576,Derrick White,G,vegas,min,31.526,25.063,28.03,31.551,34.828,38.026
401909088,BOS,DET,3078576,Derrick White,G,vegas,pts,13.851,6.0,9.0,13.0,18.0,23.0
401909088,BOS,DET,3078576,Derrick White,G,vegas,reb,3.803,1.0,2.0,3.0,5.0,7.0
401909088,BOS,DET,3078576,Derrick White,G,vegas,ast,4.038,1.0,2.0,4.0,5.0,7.0
401909088,BOS,DET,3078576,Derrick White,G,vegas,fg3m,2.377,0.0,1.0,2.0,3.0,5.0
401909088,BOS,DET,3078576,Derrick White,G,vegas,stl,0.948,0.0,0.0,1.0,1.0,2.0
401909088,BOS,DET,3078576,Derrick White,G,vegas,blk,1.054,0.0,0.0,1.0,2.0,2.0
401909088,BOS,DET,3078576,Derrick White,G,vegas,tov,1.557,0.0,1.0,1.0,2.0,3.0
401909088,BOS,DET,3078576,Derrick White,G,vegas,pra,21.692,12.0,16.0,21.0,27.0,32.0
401909089,NY,PHI,4397018,Ochai Agbaji,G,vegas,min,14.366,4.225,9.038,14.321,19.648,24.368
401909089,NY,PHI,4397018,Ochai Agbaji,G,vegas,pts,5.607,0.0,2.0,4.0,8.0,12.0
401909089,NY,PHI,4397018,Ochai Agbaji,G,vegas,reb,2.153,0.0,1.0,2.0,3.0,5.0
401909089,NY,PHI,4397018,Ochai Agbaji,G,vegas,ast,0.755,0.0,0.0,0.0,1.0,2.0
401909089,NY,PHI,4397018,Ochai Agbaji,G,vegas,fg3m,0.737,0.0,0.0,0.0,1.0,2.0
401909089,NY,PHI,4397018,Ochai Agbaji,G,vegas,stl,0.38,0.0,0.0,0.0,1.0,1.0
401909089,NY,PHI,4397018,Ochai Agbaji,G,vegas,blk,0.241,0.0,0.0,0.0,0.0,1.0
401909089,NY,PHI,4397018,Ochai Agbaji,G,vegas,tov,0.536,0.0,0.0,0.0,1.0,2.0
401909089,NY,PHI,4397018,Ochai Agbaji,G,vegas,pra,8.515,1.0,4.0,7.0,12.0,17.0
401909089,NY,PHI,4277869,Jose Alvarado,G,vegas,min,12.611,3.899,7.958,12.556,17.135,21.113
401909089,NY,PHI,4277869,Jose Alvarado,G,vegas,pts,5.306,0.0,2.0,4.0,8.0,12.0
401909089,NY,PHI,4277869,Jose Alvarado,G,vegas,reb,1.723,0.0,0.0,1.0,3.0,4.0
401909089,NY,PHI,4277869,Jose Alvarado,G,vegas,ast,2.156,0.0,1.0,2.0,3.0,5.0
401909089,NY,PHI,4277869,Jose Alvarado,G,vegas,fg3m,0.925,0.0,0.0,1.0,1.0,2.0
401909089,NY,PHI,4277869,Jose Alvarado,G,vegas,stl,0.652,0.0,0.0,0.0,1.0,2.0
401909089,NY,PHI,4277869,Jose Alvarado,G,vegas,blk,0.112,0.0,0.0,0.0,0.0,1.0
401909089,NY,PHI,4277869,Jose Alvarado,G,vegas,tov,0.775,0.0,0.0,0.0,1.0,2.0
401909089,NY,PHI,4277869,Jose Alvarado,G,vegas,pra,9.184,1.0,4.0,8.0,13.0,18.0
401909089,NY,PHI,3934719,OG Anunoby,F,vegas,min,29.699,23.314,26.56,29.893,33.309,36.336
401909089,NY,PHI,3934719,OG Anunoby,F,vegas,pts,17.587,9.0,12.0,17.0,22.0,28.0
401909089,NY,PHI,3934719,OG Anunoby,F,vegas,reb,5.158,2.0,3.0,5.0,7.0,9.0
401909089,NY,PHI,3934719,OG Anunoby,F,vegas,ast,1.811,0.0,1.0,2.0,3.0,4.0
401909089,NY,PHI,3934719,OG Anunoby,F,vegas,fg3m,2.601,0.0,1.0,2.0,4.0,5.0
401909089,NY,PHI,3934719,OG Anunoby,F,vegas,stl,1.298,0.0,0.0,1.0,2.0,3.0
401909089,NY,PHI,3934719,OG Anunoby,F,vegas,blk,0.802,0.0,0.0,1.0,1.0,2.0
401909089,NY,PHI,3934719,OG Anunoby,F,vegas,tov,1.139,0.0,0.0,1.0,2.0,3.0
401909089,NY,PHI,3934719,OG Anunoby,F,vegas,pra,24.556,14.0,18.0,24.0,30.0,36.0
401909089,NY,PHI,3147657,Mikal Bridges,G,vegas,min,28.301,20.399,24.133,28.358,32.303,36.121
401909089,NY,PHI,3147657,Mikal Bridges,G,vegas,pts,12.547,5.0,7.0,11.0,17.0,22.0
401909089,NY,PHI,3147657,Mikal Bridges,G,vegas,reb,3.107,1.0,2.0,3.0,4.0,6.0
401909089,NY,PHI,3147657,Mikal Bridges,G,vegas,ast,2.826,1.0,1.0,3.0,4.0,5.0
401909089,NY,PHI,3147657,Mikal Bridges,G,vegas,fg3m,1.394,0.0,0.0,1.0,2.0,3.0
401909089,NY,PHI,3147657,Mikal Bridges,G,vegas,stl,0.972,0.0,0.0,1.0,1.0,2.0
401909089,NY,PHI,3147657,Mikal Bridges,G,vegas,blk,0.467,0.0,0.0,0.0,1.0,1.0
401909089,NY,PHI,3147657,Mikal Bridges,G,vegas,tov,0.907,0.0,0.0,1.0,1.0,2.0
401909089,NY,PHI,3147657,Mikal Bridges,G,vegas,pra,18.481,9.0,13.0,17.0,23.0,30.0
401909089,NY,PHI,4065670,Bruce Brown,G,vegas,min,20.197,13.599,16.702,20.249,23.663,27.007
401909089,NY,PHI,4065670,Bruce Brown,G,vegas,pts,7.498,2.0,3.0,6.0,10.0,15.0
401909089,NY,PHI,4065670,Bruce Brown,G,vegas,reb,3.276,1.0,2.0,3.0,4.0,6.0
401909089,NY,PHI,4065670,Bruce Brown,G,vegas,ast,1.839,0.0,1.0,2.0,3.0,4.0
401909089,NY,PHI,4065670,Bruce Brown,G,vegas,fg3m,0.712,0.0,0.0,0.0,1.0,2.0
401909089,NY,PHI,4065670,Bruce Brown,G,vegas,stl,1.011,0.0,0.0,1.0,2.0,2.0
401909089,NY,PHI,4065670,Bruce Brown,G,vegas,blk,0.188,0.0,0.0,0.0,0.0,1.0
401909089,NY,PHI,4065670,Bruce Brown,G,vegas,tov,1.096,0.0,0.0,1.0,2.0,3.0
401909089,NY,PHI,4065670,Bruce Brown,G,vegas,pra,12.613,5.0,8.0,11.0,16.0,21.0
401909089,NY,PHI,3934672,Jalen Brunson,G,vegas,min,31.183,23.619,27.242,31.283,35.383,38.665
401909089,NY,PHI,3934672,Jalen Brunson,G,vegas,pts,24.019,13.0,17.0,23.0,30.0,36.0
401909089,NY,PHI,3934672,Jalen Brunson,G,vegas,reb,2.988,1.0,1.0,3.0,4.0,6.0
401909089,NY,PHI,3934672,Jalen Brunson,G,vegas,ast,5.853,2.0,4.0,6.0,8.0,10.0
401909089,NY,PHI,3934672,Jalen Brunson,G,vegas,fg3m,2.161,0.0,1.0,2.0,3.0,4.0
401909089,NY,PHI,3934672,Jalen Brunson,G,vegas,stl,0.915,0.0,0.0,1.0,1.0,2.0
401909089,NY,PHI,3934672,Jalen Brunson,G,vegas,blk,0.072,0.0,0.0,0.0,0.0,0.0
401909089,NY,PHI,3934672,Jalen Brunson,G,vegas,tov,2.288,0.0,1.0,2.0,3.0,5.0
401909089,NY,PHI,3934672,Jalen Brunson,G,vegas,pra,32.861,20.0,25.0,32.0,40.0,47.0
401909089,NY,PHI,2528426,Jordan Clarkson,G,vegas,min,11.98,4.159,7.883,11.995,16.226,20.21
401909089,NY,PHI,2528426,Jordan Clarkson,G,vegas,pts,6.018,0.0,2.0,5.0,8.0,13.0
401909089,NY,PHI,2528426,Jordan Clarkson,G,vegas,reb,1.575,0.0,0.0,1.0,2.0,4.0
401909089,NY,PHI,2528426,Jordan Clarkson,G,vegas,ast,0.954,0.0,0.0,1.0,2.0,2.0
401909089,NY,PHI,2528426,Jordan Clarkson,G,vegas,fg3m,0.498,0.0,0.0,0.0,1.0,2.0
401909089,NY,PHI,2528426,Jordan Clarkson,G,vegas,stl,0.315,0.0,0.0,0.0,1.0,1.0
401909089,NY,PHI,2528426,Jordan Clarkson,G,vegas,blk,0.081,0.0,0.0,0.0,0.0,0.0
401909089,NY,PHI,2528426,Jordan Clarkson,G,vegas,tov,0.735,0.0,0.0,0.0,1.0,2.0
401909089,NY,PHI,2528426,Jordan Clarkson,G,vegas,pra,8.548,1.0,4.0,7.0,12.0,17.0
401909089,NY,PHI,5289900,Mohamed Diawara,F,vegas,min,9.552,0.12,4.418,9.384,14.491,19.104
401909089,NY,PHI,5289900,Mohamed Diawara,F,vegas,pts,3.764,0.0,1.0,3.0,6.0,9.0
401909089,NY,PHI,5289900,Mohamed Diawara,F,vegas,reb,1.535,0.0,0.0,1.0,2.0,4.0
401909089,NY,PHI,5289900,Mohamed Diawara,F,vegas,ast,0.964,0.0,0.0,1.0,2.0,3.0
401909089,NY,PHI,5289900,Mohamed Diawara,F,vegas,fg3m,0.682,0.0,0.0,0.0,1.0,2.0
401909089,NY,PHI,5289900,Mohamed Diawara,F,vegas,stl,0.236,0.0,0.0,0.0,0.0,1.0
401909089,NY,PHI,5289900,Mohamed Diawara,F,vegas,blk,0.075,0.0,0.0,0.0,0.0,0.0
401909089,NY,PHI,5289900,Mohamed Diawara,F,vegas,tov,0.483,0.0,0.0,0.0,1.0,1.0
401909089,NY,PHI,5289900,Mohamed Diawara,F,vegas,pra,6.263,0.0,2.0,5.0,9.0,14.0
401909089,NY,PHI,6585,Andre Drummond,C,vegas,min,14.586,2.773,8.462,14.434,20.508,25.563
401909089,NY,PHI,6585,Andre Drummond,C,vegas,pts,4.92,0.0,1.0,4.0,7.0,11.0
401909089,NY,PHI,6585,Andre Drummond,C,vegas,reb,6.204,0.0,3.0,6.0,9.0,13.0
401909089,NY,PHI,6585,Andre Drummond,C,vegas,ast,1.193,0.0,0.0,1.0,2.0,3.0
401909089,NY,PHI,6585,Andre Drummond,C,vegas,fg3m,0.467,0.0,0.0,0.0,1.0,1.0
401909089,NY,PHI,6585,Andre Drummond,C,vegas,stl,0.481,0.0,0.0,0.0,1.0,1.0
401909089,NY,PHI,6585,Andre Drummond,C,vegas,blk,0.477,0.0,0.0,0.0,1.0,1.0
401909089,NY,PHI,6585,Andre Drummond,C,vegas,tov,0.82,0.0,0.0,0.5,1.0,2.0
401909089,NY,PHI,6585,Andre Drummond,C,vegas,pra,12.317,1.0,6.0,11.0,17.0,24.0
401909089,NY,PHI,3914285,Drew Eubanks,F,vegas,min,10.538,3.245,6.717,10.643,14.365,18.015
401909089,NY,PHI,3914285,Drew Eubanks,F,vegas,pts,4.846,0.0,2.0,4.0,7.0,11.0
401909089,NY,PHI,3914285,Drew Eubanks,F,vegas,reb,2.939,0.0,1.0,2.0,4.0,6.0
401909089,NY,PHI,3914285,Drew Eubanks,F,vegas,ast,0.598,0.0,0.0,0.0,1.0,2.0
401909089,NY,PHI,3914285,Drew Eubanks,F,vegas,fg3m,0.107,0.0,0.0,0.0,0.0,0.0
401909089,NY,PHI,3914285,Drew Eubanks,F,vegas,stl,0.263,0.0,0.0,0.0,0.0,1.0
401909089,NY,PHI,3914285,Drew Eubanks,F,vegas,blk,0.466,0.0,0.0,0.0,1.0,1.0
401909089,NY,PHI,3914285,Drew Eubanks,F,vegas,tov,0.541,0.0,0.0,0.0,1.0,2.0
401909089,NY,PHI,3914285,Drew Eubanks,F,vegas,pra,8.383,1.0,4.0,7.0,12.0,16.0
401909089,NY,PHI,3062679,Josh Hart,G,vegas,min,27.488,19.802,23.767,27.611,31.553,35.213
401909089,NY,PHI,3062679,Josh Hart,G,vegas,pts,10.476,4.0,6.0,9.0,14.0,19.0
401909089,NY,PHI,3062679,Josh Hart,G,vegas,reb,7.284,3.0,5.0,7.0,9.0,12.0
401909089,NY,PHI,3062679,Josh Hart,G,vegas,ast,4.051,1.0,2.0,4.0,6.0,7.0
401909089,NY,PHI,3062679,Josh Hart,G,vegas,fg3m,1.392,0.0,0.0,1.0,2.0,3.0
401909089,NY,PHI,3062679,Josh Hart,G,vegas,stl,1.224,0.0,0.0,1.0,2.0,3.0
401909089,NY,PHI,3062679,Josh Hart,G,vegas,blk,0.213,0.0,0.0,0.0,0.0,1.0
401909089,NY,PHI,3062679,Josh Hart,G,vegas,tov,1.703,0.0,1.0,1.0,3.0,4.0
401909089,NY,PHI,3062679,Josh Hart,G,vegas,pra,21.81,12.0,16.0,21.0,27.0,33.0
401909089,NY,PHI,4431823,Miles McBride,G,vegas,min,18.468,8.219,13.117,18.502,23.727,28.399
401909089,NY,PHI,4431823,Miles McBride,G,vegas,pts,7.723,1.0,3.0,6.0,11.0,16.0
401909089,NY,PHI,4431823,Miles McBride,G,vegas,reb,1.633,0.0,0.0,1.0,2.0,4.0
401909089,NY,PHI,4431823,Miles McBride,G,vegas,ast,1.688,0.0,0.0,1.0,3.0,4.0
401909089,NY,PHI,4431823,Miles McBride,G,vegas,fg3m,1.793,0.0,0.0,1.0,3.0,4.0
401909089,NY,PHI,4431823,Miles McBride,G,vegas,stl,0.6,0.0,0.0,0.0,1.0,2.0
401909089,NY,PHI,4431823,Miles McBride,G,vegas,blk,0.199,0.0,0.0,0.0,0.0,1.0
401909089,NY,PHI,4431823,Miles McBride,G,vegas,tov,0.593,0.0,0.0,0.0,1.0,2.0
401909089,NY,PHI,4431823,Miles McBride,G,vegas,pra,11.044,3.0,6.0,10.0,15.0,21.0
401909089,NY,PHI,3914044,Landry Shamet,G,vegas,min,17.671,7.038,12.09,17.952,23.675,28.487
401909089,NY,PHI,3914044,Landry Shamet,G,vegas,pts,7.099,1.0,3.0,6.0,10.0,15.0
401909089,NY,PHI,3914044,Landry Shamet,G,vegas,reb,1.391,0.0,0.0,1.0,2.0,3.0
401909089,NY,PHI,3914044,Landry Shamet,G,vegas,ast,1.003,0.0,0.0,1.0,2.0,3.0
401909089,NY,PHI,3914044,Landry Shamet,G,vegas,fg3m,1.596,0.0,0.0,1.0,2.0,4.0
401909089,NY,PHI,3914044,Landry Shamet,G,vegas,stl,0.415,0.0,0.0,0.0,1.0,1.0
401909089,NY,PHI,3914044,Landry Shamet,G,vegas,blk,0.129,0.0,0.0,0.0,0.0,1.0
401909089,NY,PHI,3914044,Landry Shamet,G,vegas,tov,0.491,0.0,0.0,0.0,1.0,2.0
401909089,NY,PHI,3914044,Landry Shamet,G,vegas,pra,9.494,2.0,4.0,8.0,13.0,19.0
401909089,NY,PHI,3136195,Karl-Anthony Towns,C,vegas,min,26.292,19.146,22.452,26.096,29.837,33.523
401909089,NY,PHI,3136195,Karl-Anthony Towns,C,vegas,pts,16.353,7.0,10.75,15.0,21.0,27.0
401909089,NY,PHI,3136195,Karl-Anthony Towns,C,vegas,reb,10.239,5.0,7.0,10.0,13.0,16.0
401909089,NY,PHI,3136195,Karl-Anthony Towns,C,vegas,ast,3.498,1.0,2.0,3.0,5.0,7.0
401909089,NY,PHI,3136195,Karl-Anthony Towns,C,vegas,fg3m,1.42,0.0,0.0,1.0,2.0,3.0
401909089,NY,PHI,3136195,Karl-Anthony Towns,C,vegas,stl,0.92,0.0,0.0,1.0,1.0,2.0
401909089,NY,PHI,3136195,Karl-Anthony Towns,C,vegas,blk,0.714,0.0,0.0,1.0,1.0,2.0
401909089,NY,PHI,3136195,Karl-Anthony Towns,C,vegas,tov,2.207,0.0,1.0,2.0,3.0,4.0
401909089,NY,PHI,3136195,Karl-Anthony Towns,C,vegas,pra,30.09,18.0,23.0,29.0,36.0,44.0
401909089,NY,PHI,4432808,James Wiseman,C,vegas,min,15.071,4.872,9.747,15.085,20.479,25.47
401909089,NY,PHI,4432808,James Wiseman,C,vegas,pts,5.978,1.0,2.0,5.0,8.0,13.0
401909089,NY,PHI,4432808,James Wiseman,C,vegas,reb,4.359,0.0,2.0,4.0,6.0,9.0
401909089,NY,PHI,4432808,James Wiseman,C,vegas,ast,0.846,0.0,0.0,1.0,1.0,2.0
401909089,NY,PHI,4432808,James Wiseman,C,vegas,fg3m,0.055,0.0,0.0,0.0,0.0,0.0
401909089,NY,PHI,4432808,James Wiseman,C,vegas,stl,0.173,0.0,0.0,0.0,0.0,1.0
401909089,NY,PHI,4432808,James Wiseman,C,vegas,blk,0.463,0.0,0.0,0.0,1.0,1.0
401909089,NY,PHI,4432808,James Wiseman,C,vegas,tov,0.989,0.0,0.0,1.0,2.0,3.0
401909089,NY,PHI,4432808,James Wiseman,C,vegas,pra,11.184,2.0,6.0,10.0,16.0,21.0
401909089,PHI,NY,4870562,Dominick Barlow,F,vegas,min,16.392,5.605,10.268,16.171,21.915,27.129
401909089,PHI,NY,4870562,Dominick Barlow,F,vegas,pts,4.522,0.0,1.0,3.0,6.0,10.0
401909089,PHI,NY,4870562,Dominick Barlow,F,vegas,reb,2.949,0.0,1.0,2.0,4.0,6.0
401909089,PHI,NY,4870562,Dominick Barlow,F,vegas,ast,0.729,0.0,0.0,0.0,1.0,2.0
401909089,PHI,NY,4870562,Dominick Barlow,F,vegas,fg3m,0.156,0.0,0.0,0.0,0.0,1.0
401909089,PHI,NY,4870562,Dominick Barlow,F,vegas,stl,0.539,0.0,0.0,0.0,1.0,2.0
401909089,PHI,NY,4870562,Dominick Barlow,F,vegas,blk,0.543,0.0,0.0,0.0,1.0,2.0
401909089,PHI,NY,4870562,Dominick Barlow,F,vegas,tov,0.478,0.0,0.0,0.0,1.0,1.0
401909089,PHI,NY,4870562,Dominick Barlow,F,vegas,pra,8.2,2.0,4.0,7.0,11.0,16.0
401909089,PHI,NY,5105637,Adem Bona,C,vegas,min,13.354,3.189,8.162,13.556,18.822,23.601
401909089,PHI,NY,5105637,Adem Bona,C,vegas,pts,3.6,0.0,1.0,3.0,5.0,9.0
401909089,PHI,NY,5105637,Adem Bona,C,vegas,reb,3.011,0.0,1.0,3.0,5.0,7.0
401909089,PHI,NY,5105637,Adem Bona,C,vegas,ast,0.367,0.0,0.0,0.0,1.0,1.0
401909089,PHI,NY,5105637,Adem Bona,C,vegas,fg3m,0.025,0.0,0.0,0.0,0.0,0.0
401909089,PHI,NY,5105637,Adem Bona,C,vegas,stl,0.307,0.0,0.0,0.0,1.0,1.0
401909089,PHI,NY,5105637,Adem Bona,C,vegas,blk,0.748,0.0,0.0,0.0,1.0,2.0
401909089,PHI,NY,5105637,Adem Bona,C,vegas,tov,0.747,0.0,0.0,0.0,1.0,2.0
401909089,PHI,NY,5105637,Adem Bona,C,vegas,pra,6.978,1.0,3.0,6.0,10.0,15.0
401909089,PHI,NY,3917376,Jaylen Brown,G,vegas,min,28.542,19.951,23.888,28.632,33.404,37.477
401909089,PHI,NY,3917376,Jaylen Brown,G,vegas,pts,19.384,9.0,13.0,18.0,25.0,32.0
401909089,PHI,NY,3917376,Jaylen Brown,G,vegas,reb,5.072,2.0,3.0,5.0,7.0,9.0
401909089,PHI,NY,3917376,Jaylen Brown,G,vegas,ast,3.504,1.0,2.0,3.0,5.0,7.0
401909089,PHI,NY,3917376,Jaylen Brown,G,vegas,fg3m,1.425,0.0,0.0,1.0,2.0,3.0
401909089,PHI,NY,3917376,Jaylen Brown,G,vegas,stl,0.778,0.0,0.0,1.0,1.0,2.0
401909089,PHI,NY,3917376,Jaylen Brown,G,vegas,blk,0.416,0.0,0.0,0.0,1.0,1.0
401909089,PHI,NY,3917376,Jaylen Brown,G,vegas,tov,2.777,1.0,1.0,2.0,4.0,5.0
401909089,PHI,NY,3917376,Jaylen Brown,G,vegas,pra,27.961,15.0,20.0,27.0,35.0,43.0
401909089,PHI,NY,2581018,Kentavious Caldwell-Pope,G,vegas,min,18.512,12.281,15.202,18.411,21.922,24.918
401909089,PHI,NY,2581018,Kentavious Caldwell-Pope,G,vegas,pts,6.209,1.0,3.0,5.0,8.0,12.0
401909089,PHI,NY,2581018,Kentavious Caldwell-Pope,G,vegas,reb,1.923,0.0,1.0,2.0,3.0,4.0
401909089,PHI,NY,2581018,Kentavious Caldwell-Pope,G,vegas,ast,1.765,0.0,1.0,1.0,3.0,4.0
401909089,PHI,NY,2581018,Kentavious Caldwell-Pope,G,vegas,fg3m,0.792,0.0,0.0,1.0,1.0,2.0
401909089,PHI,NY,2581018,Kentavious Caldwell-Pope,G,vegas,stl,0.723,0.0,0.0,0.0,1.0,2.0
401909089,PHI,NY,2581018,Kentavious Caldwell-Pope,G,vegas,blk,0.138,0.0,0.0,0.0,0.0,1.0
401909089,PHI,NY,2581018,Kentavious Caldwell-Pope,G,vegas,tov,0.879,0.0,0.0,1.0,1.0,2.0
401909089,PHI,NY,2581018,Kentavious Caldwell-Pope,G,vegas,pra,9.897,4.0,6.0,9.0,13.0,17.0
401909089,PHI,NY,5124612,VJ Edgecombe,G,vegas,min,29.762,23.348,26.18,29.802,33.369,36.353
401909089,PHI,NY,5124612,VJ Edgecombe,G,vegas,pts,11.513,4.0,7.0,11.0,15.0,20.0
401909089,PHI,NY,5124612,VJ Edgecombe,G,vegas,reb,4.6,2.0,3.0,4.0,6.0,8.0
401909089,PHI,NY,5124612,VJ Edgecombe,G,vegas,ast,3.093,1.0,2.0,3.0,4.0,6.0
401909089,PHI,NY,5124612,VJ Edgecombe,G,vegas,fg3m,1.412,0.0,0.0,1.0,2.0,3.0
401909089,PHI,NY,5124612,VJ Edgecombe,G,vegas,stl,1.023,0.0,0.0,1.0,2.0,2.0
401909089,PHI,NY,5124612,VJ Edgecombe,G,vegas,blk,0.382,0.0,0.0,0.0,1.0,1.0
401909089,PHI,NY,5124612,VJ Edgecombe,G,vegas,tov,1.427,0.0,0.0,1.0,2.0,3.0
401909089,PHI,NY,5124612,VJ Edgecombe,G,vegas,pra,19.206,10.0,14.0,18.0,24.0,30.0
401909089,PHI,NY,4711297,Justin Edwards,F,vegas,min,12.532,1.074,6.418,12.388,18.091,23.451
401909089,PHI,NY,4711297,Justin Edwards,F,vegas,pts,4.516,0.0,1.0,3.0,6.0,10.0
401909089,PHI,NY,4711297,Justin Edwards,F,vegas,reb,1.299,0.0,0.0,1.0,2.0,3.0
401909089,PHI,NY,4711297,Justin Edwards,F,vegas,ast,0.844,0.0,0.0,1.0,1.0,2.0
401909089,PHI,NY,4711297,Justin Edwards,F,vegas,fg3m,0.724,0.0,0.0,0.0,1.0,2.0
401909089,PHI,NY,4711297,Justin Edwards,F,vegas,stl,0.551,0.0,0.0,0.0,1.0,2.0
401909089,PHI,NY,4711297,Justin Edwards,F,vegas,blk,0.121,0.0,0.0,0.0,0.0,1.0
401909089,PHI,NY,4711297,Justin Edwards,F,vegas,tov,0.475,0.0,0.0,0.0,1.0,1.0
401909089,PHI,NY,4711297,Justin Edwards,F,vegas,pra,6.66,0.0,2.0,5.0,10.0,15.0
401909089,PHI,NY,3059318,Joel Embiid,C,vegas,min,27.345,20.643,24.034,27.354,30.738,33.927
401909089,PHI,NY,3059318,Joel Embiid,C,vegas,pts,19.716,10.0,13.0,19.0,24.0,31.0
401909089,PHI,NY,3059318,Joel Embiid,C,vegas,reb,6.073,3.0,4.0,6.0,8.0,10.0
401909089,PHI,NY,3059318,Joel Embiid,C,vegas,ast,3.38,1.0,2.0,3.0,5.0,6.0
401909089,PHI,NY,3059318,Joel Embiid,C,vegas,fg3m,1.017,0.0,0.0,1.0,2.0,2.0
401909089,PHI,NY,3059318,Joel Embiid,C,vegas,stl,0.414,0.0,0.0,0.0,1.0,1.0
401909089,PHI,NY,3059318,Joel Embiid,C,vegas,blk,0.941,0.0,0.0,1.0,1.0,2.0
401909089,PHI,NY,3059318,Joel Embiid,C,vegas,tov,2.2,0.0,1.0,2.0,3.0,4.0
401909089,PHI,NY,3059318,Joel Embiid,C,vegas,pra,29.169,17.0,22.0,28.0,35.0,42.0
401909089,PHI,NY,1966,LeBron James,F,vegas,min,28.433,20.217,24.083,28.577,33.197,37.262
401909089,PHI,NY,1966,LeBron James,F,vegas,pts,15.776,7.0,10.0,15.0,20.0,26.0
401909089,PHI,NY,1966,LeBron James,F,vegas,reb,4.953,2.0,3.0,5.0,7.0,9.0
401909089,PHI,NY,1966,LeBron James,F,vegas,ast,5.65,2.0,4.0,5.0,7.0,10.0
401909089,PHI,NY,1966,LeBron James,F,vegas,fg3m,1.087,0.0,0.0,1.0,2.0,3.0
401909089,PHI,NY,1966,LeBron James,F,vegas,stl,1.01,0.0,0.0,1.0,2.0,2.0
401909089,PHI,NY,1966,LeBron James,F,vegas,blk,0.398,0.0,0.0,0.0,1.0,1.0
401909089,PHI,NY,1966,LeBron James,F,vegas,tov,2.51,1.0,1.0,2.0,4.0,5.0
401909089,PHI,NY,1966,LeBron James,F,vegas,pra,26.379,15.0,19.0,26.0,33.0,39.1
401909089,PHI,NY,4433144,Caleb Love,G,vegas,min,17.024,4.253,10.172,16.967,23.786,29.762
401909089,PHI,NY,4433144,Caleb Love,G,vegas,pts,7.513,0.0,2.0,6.0,11.0,17.0
401909089,PHI,NY,4433144,Caleb Love,G,vegas,reb,1.662,0.0,0.0,1.0,3.0,4.0
401909089,PHI,NY,4433144,Caleb Love,G,vegas,ast,1.893,0.0,0.0,1.0,3.0,5.0
401909089,PHI,NY,4433144,Caleb Love,G,vegas,fg3m,1.351,0.0,0.0,1.0,2.0,3.0
401909089,PHI,NY,4433144,Caleb Love,G,vegas,stl,0.457,0.0,0.0,0.0,1.0,1.0
401909089,PHI,NY,4433144,Caleb Love,G,vegas,blk,0.07,0.0,0.0,0.0,0.0,0.0
401909089,PHI,NY,4433144,Caleb Love,G,vegas,tov,1.056,0.0,0.0,1.0,2.0,3.0
401909089,PHI,NY,4433144,Caleb Love,G,vegas,pra,11.067,1.0,5.0,10.0,16.0,23.0
401909089,PHI,NY,4431678,Tyrese Maxey,G,vegas,min,30.9,20.82,25.715,30.874,36.3,41.116
401909089,PHI,NY,4431678,Tyrese Maxey,G,vegas,pts,18.315,8.0,12.0,17.0,23.0,30.0
401909089,PHI,NY,4431678,Tyrese Maxey,G,vegas,reb,3.088,1.0,2.0,3.0,4.0,6.0
401909089,PHI,NY,4431678,Tyrese Maxey,G,vegas,ast,4.448,1.0,3.0,4.0,6.0,8.0
401909089,PHI,NY,4431678,Tyrese Maxey,G,vegas,fg3m,1.898,0.0,1.0,2.0,3.0,4.0
401909089,PHI,NY,4431678,Tyrese Maxey,G,vegas,stl,1.155,0.0,0.0,1.0,2.0,3.0
401909089,PHI,NY,4431678,Tyrese Maxey,G,vegas,blk,0.469,0.0,0.0,0.0,1.0,1.0
401909089,PHI,NY,4431678,Tyrese Maxey,G,vegas,tov,1.799,0.0,1.0,2.0,3.0,4.0
401909089,PHI,NY,4431678,Tyrese Maxey,G,vegas,pra,25.85,14.0,19.0,25.0,32.0,40.0
401909089,PHI,NY,5099752,Rayan Rupert,G,vegas,min,18.361,5.858,11.618,18.332,24.98,31.181
401909089,PHI,NY,5099752,Rayan Rupert,G,vegas,pts,5.606,0.0,2.0,4.0,8.0,13.0
401909089,PHI,NY,5099752,Rayan Rupert,G,vegas,reb,3.15,0.0,1.0,3.0,5.0,7.0
401909089,PHI,NY,5099752,Rayan Rupert,G,vegas,ast,1.156,0.0,0.0,1.0,2.0,3.0
401909089,PHI,NY,5099752,Rayan Rupert,G,vegas,fg3m,0.705,0.0,0.0,0.0,1.0,2.0
401909089,PHI,NY,5099752,Rayan Rupert,G,vegas,stl,0.902,0.0,0.0,1.0,1.0,2.0
401909089,PHI,NY,5099752,Rayan Rupert,G,vegas,blk,0.183,0.0,0.0,0.0,0.0,1.0
401909089,PHI,NY,5099752,Rayan Rupert,G,vegas,tov,0.998,0.0,0.0,1.0,2.0,2.0
401909089,PHI,NY,5099752,Rayan Rupert,G,vegas,pra,9.913,2.0,5.0,9.0,14.0,19.0
401909089,PHI,NY,4351851,Anfernee Simons,G,vegas,min,21.68,14.207,17.645,21.882,25.767,29.453
401909089,PHI,NY,4351851,Anfernee Simons,G,vegas,pts,10.906,3.0,6.0,10.0,15.0,20.0
401909089,PHI,NY,4351851,Anfernee Simons,G,vegas,reb,2.007,0.0,1.0,2.0,3.0,4.0
401909089,PHI,NY,4351851,Anfernee Simons,G,vegas,ast,2.002,0.0,1.0,2.0,3.0,4.0
401909089,PHI,NY,4351851,Anfernee Simons,G,vegas,fg3m,1.966,0.0,1.0,2.0,3.0,4.0
401909089,PHI,NY,4351851,Anfernee Simons,G,vegas,stl,0.424,0.0,0.0,0.0,1.0,1.0
401909089,PHI,NY,4351851,Anfernee Simons,G,vegas,blk,0.122,0.0,0.0,0.0,0.0,1.0
401909089,PHI,NY,4351851,Anfernee Simons,G,vegas,tov,1.115,0.0,0.0,1.0,2.0,3.0
401909089,PHI,NY,4351851,Anfernee Simons,G,vegas,pra,14.915,6.0,9.0,14.0,19.0,25.0
401909089,PHI,NY,3912848,Dean Wade,F,vegas,min,18.64,12.724,15.471,18.521,21.638,24.535
401909089,PHI,NY,3912848,Dean Wade,F,vegas,pts,3.906,1.0,2.0,3.0,5.0,8.0
401909089,PHI,NY,3912848,Dean Wade,F,vegas,reb,3.135,1.0,2.0,3.0,4.0,6.0
401909089,PHI,NY,3912848,Dean Wade,F,vegas,ast,0.934,0.0,0.0,1.0,1.0,2.0
401909089,PHI,NY,3912848,Dean Wade,F,vegas,fg3m,0.87,0.0,0.0,1.0,1.0,2.0
401909089,PHI,NY,3912848,Dean Wade,F,vegas,stl,0.562,0.0,0.0,0.0,1.0,2.0
401909089,PHI,NY,3912848,Dean Wade,F,vegas,blk,0.195,0.0,0.0,0.0,0.0,1.0
401909089,PHI,NY,3912848,Dean Wade,F,vegas,tov,0.338,0.0,0.0,0.0,1.0,1.0
401909089,PHI,NY,3912848,Dean Wade,F,vegas,pra,7.976,3.0,5.0,7.0,10.0,13.0
401909090,SA,OKC,6578,Harrison Barnes,F,vegas,min,14.66,3.72,8.893,14.871,20.45,25.394
401909090,SA,OKC,6578,Harrison Barnes,F,vegas,pts,5.335,0.0,2.0,4.0,8.0,12.0
401909090,SA,OKC,6578,Harrison Barnes,F,vegas,reb,1.766,0.0,0.0,1.0,3.0,4.0
401909090,SA,OKC,6578,Harrison Barnes,F,vegas,ast,0.896,0.0,0.0,1.0,1.0,2.0
401909090,SA,OKC,6578,Harrison Barnes,F,vegas,fg3m,0.968,0.0,0.0,1.0,1.0,3.0
401909090,SA,OKC,6578,Harrison Barnes,F,vegas,stl,0.323,0.0,0.0,0.0,1.0,1.0
401909090,SA,OKC,6578,Harrison Barnes,F,vegas,blk,0.102,0.0,0.0,0.0,0.0,0.0
401909090,SA,OKC,6578,Harrison Barnes,F,vegas,tov,0.418,0.0,0.0,0.0,1.0,1.0
401909090,SA,OKC,6578,Harrison Barnes,F,vegas,pra,7.997,1.0,3.0,7.0,11.0,16.0
401909090,SA,OKC,5061568,Carter Bryant,F,vegas,min,9.801,1.385,5.238,9.656,14.039,18.101
401909090,SA,OKC,5061568,Carter Bryant,F,vegas,pts,3.556,0.0,1.0,3.0,5.0,8.0
401909090,SA,OKC,5061568,Carter Bryant,F,vegas,reb,2.092,0.0,0.0,2.0,3.0,5.0
401909090,SA,OKC,5061568,Carter Bryant,F,vegas,ast,0.702,0.0,0.0,0.0,1.0,2.0
401909090,SA,OKC,5061568,Carter Bryant,F,vegas,fg3m,0.667,0.0,0.0,0.0,1.0,2.0
401909090,SA,OKC,5061568,Carter Bryant,F,vegas,stl,0.197,0.0,0.0,0.0,0.0,1.0
401909090,SA,OKC,5061568,Carter Bryant,F,vegas,blk,0.31,0.0,0.0,0.0,0.25,1.0
401909090,SA,OKC,5061568,Carter Bryant,F,vegas,tov,0.54,0.0,0.0,0.0,1.0,2.0
401909090,SA,OKC,5061568,Carter Bryant,F,vegas,pra,6.349,0.0,2.0,5.0,9.0,14.0
401909090,SA,OKC,4845367,Stephon Castle,G,vegas,min,28.387,21.164,24.722,28.589,32.306,35.643
401909090,SA,OKC,4845367,Stephon Castle,G,vegas,pts,15.24,7.0,10.0,14.0,19.0,25.0
401909090,SA,OKC,4845367,Stephon Castle,G,vegas,reb,4.912,2.0,3.0,5.0,7.0,9.0
401909090,SA,OKC,4845367,Stephon Castle,G,vegas,ast,6.085,2.0,4.0,6.0,8.0,10.0
401909090,SA,OKC,4845367,Stephon Castle,G,vegas,fg3m,1.263,0.0,0.0,1.0,2.0,3.0
401909090,SA,OKC,4845367,Stephon Castle,G,vegas,stl,0.878,0.0,0.0,1.0,1.0,2.0
401909090,SA,OKC,4845367,Stephon Castle,G,vegas,blk,0.269,0.0,0.0,0.0,0.0,1.0
401909090,SA,OKC,4845367,Stephon Castle,G,vegas,tov,2.881,1.0,2.0,3.0,4.0,5.0
401909090,SA,OKC,4845367,Stephon Castle,G,vegas,pra,26.238,15.0,20.0,25.0,32.0,39.0
401909090,SA,OKC,4592479,Julian Champagnie,F,vegas,min,26.319,20.128,23.026,26.341,29.598,32.806
401909090,SA,OKC,4592479,Julian Champagnie,F,vegas,pts,10.175,3.0,6.0,9.0,13.0,18.0
401909090,SA,OKC,4592479,Julian Champagnie,F,vegas,reb,5.193,2.0,3.0,5.0,7.0,9.0
401909090,SA,OKC,4592479,Julian Champagnie,F,vegas,ast,1.434,0.0,0.0,1.0,2.0,3.0
401909090,SA,OKC,4592479,Julian Champagnie,F,vegas,fg3m,2.377,0.0,1.0,2.0,3.0,5.0
401909090,SA,OKC,4592479,Julian Champagnie,F,vegas,stl,0.893,0.0,0.0,1.0,1.0,2.0
401909090,SA,OKC,4592479,Julian Champagnie,F,vegas,blk,0.472,0.0,0.0,0.0,1.0,1.0
401909090,SA,OKC,4592479,Julian Champagnie,F,vegas,tov,0.634,0.0,0.0,0.0,1.0,2.0
401909090,SA,OKC,4592479,Julian Champagnie,F,vegas,pra,16.802,9.0,12.0,16.0,21.0,26.0
401909090,SA,OKC,4066259,De'Aaron Fox,G,vegas,min,28.414,21.092,24.652,28.44,32.266,35.773
401909090,SA,OKC,4066259,De'Aaron Fox,G,vegas,pts,14.488,6.0,9.0,14.0,19.0,24.0
401909090,SA,OKC,4066259,De'Aaron Fox,G,vegas,reb,3.394,1.0,2.0,3.0,5.0,6.0
401909090,SA,OKC,4066259,De'Aaron Fox,G,vegas,ast,5.328,2.0,3.0,5.0,7.0,9.0
401909090,SA,OKC,4066259,De'Aaron Fox,G,vegas,fg3m,1.406,0.0,0.0,1.0,2.0,3.0
401909090,SA,OKC,4066259,De'Aaron Fox,G,vegas,stl,1.135,0.0,0.0,1.0,2.0,3.0
401909090,SA,OKC,4066259,De'Aaron Fox,G,vegas,blk,0.317,0.0,0.0,0.0,1.0,1.0
401909090,SA,OKC,4066259,De'Aaron Fox,G,vegas,tov,1.893,0.0,1.0,2.0,3.0,4.0
401909090,SA,OKC,4066259,De'Aaron Fox,G,vegas,pra,23.209,13.0,17.0,23.0,29.0,35.0
401909090,SA,OKC,5037871,Dylan Harper,G,vegas,min,22.989,15.786,19.167,23.038,26.682,30.236
401909090,SA,OKC,5037871,Dylan Harper,G,vegas,pts,11.997,4.0,7.0,11.0,16.0,21.1
401909090,SA,OKC,5037871,Dylan Harper,G,vegas,reb,4.286,1.0,2.0,4.0,6.0,8.0
401909090,SA,OKC,5037871,Dylan Harper,G,vegas,ast,3.029,1.0,2.0,3.0,4.0,6.0
401909090,SA,OKC,5037871,Dylan Harper,G,vegas,fg3m,0.992,0.0,0.0,1.0,2.0,2.0
401909090,SA,OKC,5037871,Dylan Harper,G,vegas,stl,0.734,0.0,0.0,1.0,1.0,2.0
401909090,SA,OKC,5037871,Dylan Harper,G,vegas,blk,0.283,0.0,0.0,0.0,0.0,1.0
401909090,SA,OKC,5037871,Dylan Harper,G,vegas,tov,1.352,0.0,0.0,1.0,2.0,3.0
401909090,SA,OKC,5037871,Dylan Harper,G,vegas,pra,19.312,10.0,13.0,18.0,24.0,31.0
401909090,SA,OKC,6440,Tobias Harris,F,vegas,min,27.167,18.129,22.647,27.156,32.138,36.435
401909090,SA,OKC,6440,Tobias Harris,F,vegas,pts,13.408,5.0,8.0,12.0,17.0,23.0
401909090,SA,OKC,6440,Tobias Harris,F,vegas,reb,5.401,2.0,3.0,5.0,7.0,9.0
401909090,SA,OKC,6440,Tobias Harris,F,vegas,ast,1.951,0.0,1.0,2.0,3.0,4.0
401909090,SA,OKC,6440,Tobias Harris,F,vegas,fg3m,1.265,0.0,0.0,1.0,2.0,3.0
401909090,SA,OKC,6440,Tobias Harris,F,vegas,stl,1.043,0.0,0.0,1.0,2.0,2.0
401909090,SA,OKC,6440,Tobias Harris,F,vegas,blk,0.556,0.0,0.0,0.0,1.0,2.0
401909090,SA,OKC,6440,Tobias Harris,F,vegas,tov,0.923,0.0,0.0,1.0,1.0,2.0
401909090,SA,OKC,6440,Tobias Harris,F,vegas,pra,20.76,11.0,15.0,20.0,26.0,33.0
401909090,SA,OKC,4395723,Keldon Johnson,F,vegas,min,18.166,11.951,14.957,18.268,21.345,24.295
401909090,SA,OKC,4395723,Keldon Johnson,F,vegas,pts,9.362,2.0,5.0,8.0,12.0,18.0
401909090,SA,OKC,4395723,Keldon Johnson,F,vegas,reb,3.706,1.0,2.0,3.0,5.0,7.0
401909090,SA,OKC,4395723,Keldon Johnson,F,vegas,ast,0.956,0.0,0.0,1.0,2.0,2.0
401909090,SA,OKC,4395723,Keldon Johnson,F,vegas,fg3m,1.011,0.0,0.0,1.0,2.0,2.0
401909090,SA,OKC,4395723,Keldon Johnson,F,vegas,stl,0.5,0.0,0.0,0.0,1.0,1.0
401909090,SA,OKC,4395723,Keldon Johnson,F,vegas,blk,0.136,0.0,0.0,0.0,0.0,1.0
401909090,SA,OKC,4395723,Keldon Johnson,F,vegas,tov,0.805,0.0,0.0,1.0,1.0,2.0
401909090,SA,OKC,4395723,Keldon Johnson,F,vegas,pra,14.025,6.0,9.0,13.0,18.0,24.0
401909090,SA,OKC,3064560,Luke Kornet,C,vegas,min,13.891,5.357,9.342,13.714,18.236,22.173
401909090,SA,OKC,3064560,Luke Kornet,C,vegas,pts,3.925,0.0,1.0,3.0,5.25,9.0
401909090,SA,OKC,3064560,Luke Kornet,C,vegas,reb,4.058,1.0,2.0,4.0,6.0,8.0
401909090,SA,OKC,3064560,Luke Kornet,C,vegas,ast,1.02,0.0,0.0,1.0,2.0,3.0
401909090,SA,OKC,3064560,Luke Kornet,C,vegas,fg3m,0.03,0.0,0.0,0.0,0.0,0.0
401909090,SA,OKC,3064560,Luke Kornet,C,vegas,stl,0.469,0.0,0.0,0.0,1.0,1.0
401909090,SA,OKC,3064560,Luke Kornet,C,vegas,blk,0.617,0.0,0.0,0.0,1.0,2.0
401909090,SA,OKC,3064560,Luke Kornet,C,vegas,tov,0.398,0.0,0.0,0.0,1.0,1.0
401909090,SA,OKC,3064560,Luke Kornet,C,vegas,pra,9.002,2.0,5.0,8.0,12.0,17.0
401909090,SA,OKC,4703421,Taelon Peter,G,vegas,min,14.132,1.4,7.41,14.269,20.932,27.166
401909090,SA,OKC,4703421,Taelon Peter,G,vegas,pts,5.122,0.0,1.0,4.0,7.0,12.0
401909090,SA,OKC,4703421,Taelon Peter,G,vegas,reb,1.691,0.0,0.0,1.0,3.0,4.0
401909090,SA,OKC,4703421,Taelon Peter,G,vegas,ast,1.069,0.0,0.0,1.0,2.0,3.0
401909090,SA,OKC,4703421,Taelon Peter,G,vegas,fg3m,1.168,0.0,0.0,1.0,2.0,3.0
401909090,SA,OKC,4703421,Taelon Peter,G,vegas,stl,0.775,0.0,0.0,0.0,1.0,2.0
401909090,SA,OKC,4703421,Taelon Peter,G,vegas,blk,0.098,0.0,0.0,0.0,0.0,1.0
401909090,SA,OKC,4703421,Taelon Peter,G,vegas,tov,0.743,0.0,0.0,0.0,1.0,2.0
401909090,SA,OKC,4703421,Taelon Peter,G,vegas,pra,7.881,0.0,3.0,7.0,12.0,17.0
401909090,SA,OKC,4395630,Devin Vassell,G,vegas,min,29.585,22.387,25.748,29.538,33.002,36.382
401909090,SA,OKC,4395630,Devin Vassell,G,vegas,pts,11.906,4.0,7.0,11.0,16.0,21.0
401909090,SA,OKC,4395630,Devin Vassell,G,vegas,reb,4.413,1.0,3.0,4.0,6.0,8.0
401909090,SA,OKC,4395630,Devin Vassell,G,vegas,ast,2.408,0.0,1.0,2.0,3.0,5.0
401909090,SA,OKC,4395630,Devin Vassell,G,vegas,fg3m,2.237,0.0,1.0,2.0,3.0,5.0
401909090,SA,OKC,4395630,Devin Vassell,G,vegas,stl,0.96,0.0,0.0,1.0,1.0,2.0
401909090,SA,OKC,4395630,Devin Vassell,G,vegas,blk,0.471,0.0,0.0,0.0,1.0,1.0
401909090,SA,OKC,4395630,Devin Vassell,G,vegas,tov,0.843,0.0,0.0,1.0,1.0,2.0
401909090,SA,OKC,4395630,Devin Vassell,G,vegas,pra,18.727,10.0,13.0,18.0,23.0,30.0
401909090,SA,OKC,5104157,Victor Wembanyama,F,vegas,min,28.807,18.131,23.0,28.488,34.128,38.942
401909090,SA,OKC,5104157,Victor Wembanyama,F,vegas,pts,22.426,11.0,15.0,21.0,28.25,36.0
401909090,SA,OKC,5104157,Victor Wembanyama,F,vegas,reb,10.229,5.0,7.0,10.0,13.0,16.0
401909090,SA,OKC,5104157,Victor Wembanyama,F,vegas,ast,2.604,0.0,1.0,2.0,4.0,5.0
401909090,SA,OKC,5104157,Victor Wembanyama,F,vegas,fg3m,1.864,0.0,1.0,2.0,3.0,4.0
401909090,SA,OKC,5104157,Victor Wembanyama,F,vegas,stl,0.929,0.0,0.0,1.0,1.0,2.0
401909090,SA,OKC,5104157,Victor Wembanyama,F,vegas,blk,2.961,1.0,1.0,3.0,4.0,6.0
401909090,SA,OKC,5104157,Victor Wembanyama,F,vegas,tov,2.207,0.0,1.0,2.0,3.0,4.0
401909090,SA,OKC,5104157,Victor Wembanyama,F,vegas,pra,35.259,19.0,26.0,34.0,44.0,53.0
401909090,SA,OKC,4277880,Malik Williams,C,vegas,min,11.967,4.495,7.838,11.969,16.165,19.906
401909090,SA,OKC,4277880,Malik Williams,C,vegas,pts,3.006,0.0,1.0,2.0,4.0,7.0
401909090,SA,OKC,4277880,Malik Williams,C,vegas,reb,4.11,1.0,2.0,4.0,6.0,8.0
401909090,SA,OKC,4277880,Malik Williams,C,vegas,ast,0.414,0.0,0.0,0.0,1.0,1.0
401909090,SA,OKC,4277880,Malik Williams,C,vegas,fg3m,0.17,0.0,0.0,0.0,0.0,1.0
401909090,SA,OKC,4277880,Malik Williams,C,vegas,stl,0.328,0.0,0.0,0.0,1.0,1.0
401909090,SA,OKC,4277880,Malik Williams,C,vegas,blk,0.467,0.0,0.0,0.0,1.0,1.0
401909090,SA,OKC,4277880,Malik Williams,C,vegas,tov,0.466,0.0,0.0,0.0,1.0,1.0
401909090,SA,OKC,4277880,Malik Williams,C,vegas,pra,7.53,2.0,4.0,7.0,11.0,15.0
401909090,OKC,SA,4684208,Brooks Barnhizer,F,vegas,min,10.931,0.0,4.945,10.854,17.013,22.219
401909090,OKC,SA,4684208,Brooks Barnhizer,F,vegas,pts,2.384,0.0,0.0,2.0,4.0,6.0
401909090,OKC,SA,4684208,Brooks Barnhizer,F,vegas,reb,2.25,0.0,0.0,2.0,4.0,6.0
401909090,OKC,SA,4684208,Brooks Barnhizer,F,vegas,ast,0.687,0.0,0.0,0.0,1.0,2.0
401909090,OKC,SA,4684208,Brooks Barnhizer,F,vegas,fg3m,0.29,0.0,0.0,0.0,0.0,1.0
401909090,OKC,SA,4684208,Brooks Barnhizer,F,vegas,stl,0.386,0.0,0.0,0.0,1.0,1.0
401909090,OKC,SA,4684208,Brooks Barnhizer,F,vegas,blk,0.171,0.0,0.0,0.0,0.0,1.0
401909090,OKC,SA,4684208,Brooks Barnhizer,F,vegas,tov,0.35,0.0,0.0,0.0,1.0,1.0
401909090,OKC,SA,4684208,Brooks Barnhizer,F,vegas,pra,5.322,0.0,2.0,5.0,8.0,12.0
401909090,OKC,SA,2991350,Alex Caruso,G,vegas,min,22.629,13.806,18.007,22.645,27.497,31.794
401909090,OKC,SA,2991350,Alex Caruso,G,vegas,pts,8.501,2.0,4.0,7.0,11.25,17.0
401909090,OKC,SA,2991350,Alex Caruso,G,vegas,reb,3.094,1.0,1.0,3.0,4.0,6.0
401909090,OKC,SA,2991350,Alex Caruso,G,vegas,ast,2.074,0.0,1.0,2.0,3.0,4.0
401909090,OKC,SA,2991350,Alex Caruso,G,vegas,fg3m,1.456,0.0,0.0,1.0,2.0,3.0
401909090,OKC,SA,2991350,Alex Caruso,G,vegas,stl,1.359,0.0,0.0,1.0,2.0,3.0
401909090,OKC,SA,2991350,Alex Caruso,G,vegas,blk,0.395,0.0,0.0,0.0,1.0,1.0
401909090,OKC,SA,2991350,Alex Caruso,G,vegas,tov,0.986,0.0,0.0,1.0,2.0,2.0
401909090,OKC,SA,2991350,Alex Caruso,G,vegas,pra,13.669,5.9,8.0,13.0,18.0,24.0
401909090,OKC,SA,5105800,Josh Dix,G,vegas,min,9.066,1.415,4.775,8.828,13.039,16.743
401909090,OKC,SA,5105800,Josh Dix,G,vegas,pts,4.058,0.0,1.0,3.0,6.0,10.0
401909090,OKC,SA,5105800,Josh Dix,G,vegas,reb,1.177,0.0,0.0,1.0,2.0,3.0
401909090,OKC,SA,5105800,Josh Dix,G,vegas,ast,1.116,0.0,0.0,1.0,2.0,3.0
401909090,OKC,SA,5105800,Josh Dix,G,vegas,fg3m,0.538,0.0,0.0,0.0,1.0,2.0
401909090,OKC,SA,5105800,Josh Dix,G,vegas,stl,0.315,0.0,0.0,0.0,1.0,1.0
401909090,OKC,SA,5105800,Josh Dix,G,vegas,blk,0.111,0.0,0.0,0.0,0.0,1.0
401909090,OKC,SA,5105800,Josh Dix,G,vegas,tov,0.515,0.0,0.0,0.0,1.0,2.0
401909090,OKC,SA,5105800,Josh Dix,G,vegas,pra,6.351,0.0,2.0,5.0,9.0,14.0
401909090,OKC,SA,4278073,Shai Gilgeous-Alexander,G,vegas,min,37.319,30.321,33.777,37.186,40.801,44.147
401909090,OKC,SA,4278073,Shai Gilgeous-Alexander,G,vegas,pts,29.334,18.0,23.0,28.0,35.0,42.0
401909090,OKC,SA,4278073,Shai Gilgeous-Alexander,G,vegas,reb,3.956,1.0,2.0,4.0,5.0,7.0
401909090,OKC,SA,4278073,Shai Gilgeous-Alexander,G,vegas,ast,7.199,3.0,5.0,7.0,9.0,11.0
401909090,OKC,SA,4278073,Shai Gilgeous-Alexander,G,vegas,fg3m,1.459,0.0,0.0,1.0,2.0,3.0
401909090,OKC,SA,4278073,Shai Gilgeous-Alexander,G,vegas,stl,1.467,0.0,1.0,1.0,2.0,3.0
401909090,OKC,SA,4278073,Shai Gilgeous-Alexander,G,vegas,blk,0.829,0.0,0.0,1.0,1.0,2.0
401909090,OKC,SA,4278073,Shai Gilgeous-Alexander,G,vegas,tov,2.8,1.0,1.0,3.0,4.0,5.0
401909090,OKC,SA,4278073,Shai Gilgeous-Alexander,G,vegas,pra,40.489,27.0,33.0,39.0,47.0,55.0
401909090,OKC,SA,4222252,Isaiah Hartenstein,C,vegas,min,25.138,18.436,21.522,24.99,28.5,31.668
401909090,OKC,SA,4222252,Isaiah Hartenstein,C,vegas,pts,8.86,2.0,4.0,8.0,12.0,17.0
401909090,OKC,SA,4222252,Isaiah Hartenstein,C,vegas,reb,9.223,5.0,6.0,9.0,12.0,14.0
401909090,OKC,SA,4222252,Isaiah Hartenstein,C,vegas,ast,3.332,1.0,2.0,3.0,5.0,6.0
401909090,OKC,SA,4222252,Isaiah Hartenstein,C,vegas,fg3m,0.025,0.0,0.0,0.0,0.0,0.0
401909090,OKC,SA,4222252,Isaiah Hartenstein,C,vegas,stl,0.924,0.0,0.0,1.0,1.0,2.0
401909090,OKC,SA,4222252,Isaiah Hartenstein,C,vegas,blk,0.779,0.0,0.0,1.0,1.0,2.0
401909090,OKC,SA,4222252,Isaiah Hartenstein,C,vegas,tov,1.697,0.0,1.0,1.0,2.0,3.0
401909090,OKC,SA,4222252,Isaiah Hartenstein,C,vegas,pra,21.415,12.0,16.0,20.0,26.0,32.0
401909090,OKC,SA,4433255,Chet Holmgren,C,vegas,min,31.206,23.706,27.319,31.438,35.478,38.91
401909090,OKC,SA,4433255,Chet Holmgren,C,vegas,pts,15.73,7.0,11.0,15.0,20.0,26.0
401909090,OKC,SA,4433255,Chet Holmgren,C,vegas,reb,9.056,4.0,6.0,9.0,11.0,14.0
401909090,OKC,SA,4433255,Chet Holmgren,C,vegas,ast,1.563,0.0,1.0,1.0,2.0,3.0
401909090,OKC,SA,4433255,Chet Holmgren,C,vegas,fg3m,1.219,0.0,0.0,1.0,2.0,3.0
401909090,OKC,SA,4433255,Chet Holmgren,C,vegas,stl,0.87,0.0,0.0,1.0,1.0,2.0
401909090,OKC,SA,4433255,Chet Holmgren,C,vegas,blk,1.804,0.0,1.0,2.0,3.0,4.0
401909090,OKC,SA,4433255,Chet Holmgren,C,vegas,tov,1.47,0.0,1.0,1.0,2.0,3.0
401909090,OKC,SA,4433255,Chet Holmgren,C,vegas,pra,26.35,16.0,20.0,26.0,32.0,39.0
401909090,OKC,SA,4683778,Jared McCain,G,vegas,min,20.12,9.755,14.699,20.23,25.315,30.179
401909090,OKC,SA,4683778,Jared McCain,G,vegas,pts,10.116,2.0,5.0,9.0,14.0,19.0
401909090,OKC,SA,4683778,Jared McCain,G,vegas,reb,2.17,0.0,1.0,2.0,3.0,4.0
401909090,OKC,SA,4683778,Jared McCain,G,vegas,ast,1.278,0.0,0.0,1.0,2.0,3.0
401909090,OKC,SA,4683778,Jared McCain,G,vegas,fg3m,1.706,0.0,0.0,1.0,3.0,4.0
401909090,OKC,SA,4683778,Jared McCain,G,vegas,stl,0.472,0.0,0.0,0.0,1.0,1.0
401909090,OKC,SA,4683778,Jared McCain,G,vegas,blk,0.074,0.0,0.0,0.0,0.0,0.0
401909090,OKC,SA,4683778,Jared McCain,G,vegas,tov,0.945,0.0,0.0,1.0,2.0,2.0
401909090,OKC,SA,4683778,Jared McCain,G,vegas,pra,13.565,4.0,8.0,12.0,18.0,24.0
401909090,OKC,SA,4900671,Ajay Mitchell,G,vegas,min,28.266,20.742,24.474,28.404,32.218,36.112
401909090,OKC,SA,4900671,Ajay Mitchell,G,vegas,pts,13.333,5.0,8.0,12.0,17.0,23.0
401909090,OKC,SA,4900671,Ajay Mitchell,G,vegas,reb,3.499,1.0,2.0,3.0,5.0,7.0
401909090,OKC,SA,4900671,Ajay Mitchell,G,vegas,ast,3.751,1.0,2.0,3.0,5.0,7.0
401909090,OKC,SA,4900671,Ajay Mitchell,G,vegas,fg3m,1.069,0.0,0.0,1.0,2.0,3.0
401909090,OKC,SA,4900671,Ajay Mitchell,G,vegas,stl,1.287,0.0,0.0,1.0,2.0,3.0
401909090,OKC,SA,4900671,Ajay Mitchell,G,vegas,blk,0.259,0.0,0.0,0.0,0.0,1.0
401909090,OKC,SA,4900671,Ajay Mitchell,G,vegas,tov,1.417,0.0,0.0,1.0,2.0,3.0
401909090,OKC,SA,4900671,Ajay Mitchell,G,vegas,pra,20.583,11.0,15.0,20.0,26.0,31.0
401909090,OKC,SA,5159925,Nikola Topic,G,vegas,min,9.518,0.0,2.509,9.369,16.251,22.241
401909090,OKC,SA,5159925,Nikola Topic,G,vegas,pts,2.923,0.0,0.0,2.0,5.0,9.0
401909090,OKC,SA,5159925,Nikola Topic,G,vegas,reb,1.048,0.0,0.0,1.0,2.0,3.0
401909090,OKC,SA,5159925,Nikola Topic,G,vegas,ast,2.108,0.0,0.0,2.0,4.0,6.0
401909090,OKC,SA,5159925,Nikola Topic,G,vegas,fg3m,0.343,0.0,0.0,0.0,1.0,1.0
401909090,OKC,SA,5159925,Nikola Topic,G,vegas,stl,0.39,0.0,0.0,0.0,1.0,1.0
401909090,OKC,SA,5159925,Nikola Topic,G,vegas,blk,0.032,0.0,0.0,0.0,0.0,0.0
401909090,OKC,SA,5159925,Nikola Topic,G,vegas,tov,1.135,0.0,0.0,1.0,2.0,3.0
401909090,OKC,SA,5159925,Nikola Topic,G,vegas,pra,6.079,0.0,1.0,5.0,10.0,16.0
401909090,OKC,SA,4683692,Cason Wallace,G,vegas,min,27.771,20.713,24.112,27.812,31.402,34.568
401909090,OKC,SA,4683692,Cason Wallace,G,vegas,pts,8.878,2.0,5.0,8.0,12.0,17.0
401909090,OKC,SA,4683692,Cason Wallace,G,vegas,reb,3.557,1.0,2.0,3.0,5.0,7.0
401909090,OKC,SA,4683692,Cason Wallace,G,vegas,ast,2.62,0.0,1.0,2.0,4.0,5.0
401909090,OKC,SA,4683692,Cason Wallace,G,vegas,fg3m,1.557,0.0,0.0,1.0,2.0,3.0
401909090,OKC,SA,4683692,Cason Wallace,G,vegas,stl,1.987,0.0,1.0,2.0,3.0,4.0
401909090,OKC,SA,4683692,Cason Wallace,G,vegas,blk,0.475,0.0,0.0,0.0,1.0,1.0
401909090,OKC,SA,4683692,Cason Wallace,G,vegas,tov,0.928,0.0,0.0,1.0,1.0,2.0
401909090,OKC,SA,4683692,Cason Wallace,G,vegas,pra,15.056,7.0,10.0,14.0,19.0,24.0
401909090,OKC,SA,4593803,Jalen Williams,G,vegas,min,29.89,19.389,24.272,29.785,35.014,40.082
401909090,OKC,SA,4593803,Jalen Williams,G,vegas,pts,17.244,7.0,11.0,16.0,22.0,29.0
401909090,OKC,SA,4593803,Jalen Williams,G,vegas,reb,4.639,1.0,3.0,4.0,6.0,8.0
401909090,OKC,SA,4593803,Jalen Williams,G,vegas,ast,4.825,2.0,3.0,4.0,7.0,9.0
401909090,OKC,SA,4593803,Jalen Williams,G,vegas,fg3m,0.942,0.0,0.0,1.0,1.0,2.0
401909090,OKC,SA,4593803,Jalen Williams,G,vegas,stl,1.197,0.0,0.0,1.0,2.0,3.0
401909090,OKC,SA,4593803,Jalen Williams,G,vegas,blk,0.317,0.0,0.0,0.0,1.0,1.0
401909090,OKC,SA,4593803,Jalen Williams,G,vegas,tov,1.876,0.0,1.0,2.0,3.0,4.0
401909090,OKC,SA,4593803,Jalen Williams,G,vegas,pra,26.709,14.0,19.0,26.0,33.0,41.0
401909090,OKC,SA,4432823,Jaylin Williams,F,vegas,min,19.976,11.099,15.331,19.77,24.795,29.031
401909090,OKC,SA,4432823,Jaylin Williams,F,vegas,pts,6.865,1.0,3.0,5.0,9.0,14.0
401909090,OKC,SA,4432823,Jaylin Williams,F,vegas,reb,5.304,2.0,3.0,5.0,7.0,10.0
401909090,OKC,SA,4432823,Jaylin Williams,F,vegas,ast,2.07,0.0,1.0,2.0,3.0,4.0
401909090,OKC,SA,4432823,Jaylin Williams,F,vegas,fg3m,1.515,0.0,0.0,1.0,2.0,3.0
401909090,OKC,SA,4432823,Jaylin Williams,F,vegas,stl,0.469,0.0,0.0,0.0,1.0,1.0
401909090,OKC,SA,4432823,Jaylin Williams,F,vegas,blk,0.486,0.0,0.0,0.0,1.0,1.0
401909090,OKC,SA,4432823,Jaylin Williams,F,vegas,tov,0.812,0.0,0.0,1.0,1.0,2.0
401909090,OKC,SA,4432823,Jaylin Williams,F,vegas,pra,14.239,6.0,9.0,13.0,18.0,25.0
401909090,OKC,SA,3133626,Kenrich Williams,G,vegas,min,13.268,1.484,6.953,13.435,19.431,25.068
401909090,OKC,SA,3133626,Kenrich Williams,G,vegas,pts,5.343,0.0,1.0,4.0,8.0,13.0
401909090,OKC,SA,3133626,Kenrich Williams,G,vegas,reb,3.02,0.0,1.0,3.0,5.0,7.0
401909090,OKC,SA,3133626,Kenrich Williams,G,vegas,ast,1.133,0.0,0.0,1.0,2.0,3.0
401909090,OKC,SA,3133626,Kenrich Williams,G,vegas,fg3m,0.759,0.0,0.0,0.0,1.0,2.0
401909090,OKC,SA,3133626,Kenrich Williams,G,vegas,stl,0.413,0.0,0.0,0.0,1.0,1.0
401909090,OKC,SA,3133626,Kenrich Williams,G,vegas,blk,0.064,0.0,0.0,0.0,0.0,0.0
401909090,OKC,SA,3133626,Kenrich Williams,G,vegas,tov,0.62,0.0,0.0,0.0,1.0,2.0
401909090,OKC,SA,3133626,Kenrich Williams,G,vegas,pra,9.496,0.0,4.0,8.0,14.0,21.0
401909088,DET,BOS,3908845,John Collins,F,blind,min,26.031,18.947,22.126,25.832,29.673,33.011
401909088,DET,BOS,3908845,John Collins,F,blind,pts,12.781,5.0,8.0,12.0,16.0,21.0
401909088,DET,BOS,3908845,John Collins,F,blind,reb,5.282,2.0,3.0,5.0,7.0,9.0
401909088,DET,BOS,3908845,John Collins,F,blind,ast,1.091,0.0,0.0,1.0,2.0,3.0
401909088,DET,BOS,3908845,John Collins,F,blind,fg3m,1.279,0.0,0.0,1.0,2.0,3.0
401909088,DET,BOS,3908845,John Collins,F,blind,stl,0.834,0.0,0.0,1.0,1.0,2.0
401909088,DET,BOS,3908845,John Collins,F,blind,blk,0.67,0.0,0.0,0.0,1.0,2.0
401909088,DET,BOS,3908845,John Collins,F,blind,tov,1.366,0.0,0.0,1.0,2.0,3.0
401909088,DET,BOS,3908845,John Collins,F,blind,pra,19.153,10.0,13.0,18.0,23.0,29.0
401909088,DET,BOS,4432166,Cade Cunningham,G,blind,min,33.849,22.406,27.817,33.828,39.613,44.761
401909088,DET,BOS,4432166,Cade Cunningham,G,blind,pts,21.469,11.0,15.0,20.0,27.0,33.0
401909088,DET,BOS,4432166,Cade Cunningham,G,blind,reb,4.906,2.0,3.0,4.0,6.0,8.0
401909088,DET,BOS,4432166,Cade Cunningham,G,blind,ast,7.95,3.0,5.0,7.0,10.0,13.0
401909088,DET,BOS,4432166,Cade Cunningham,G,blind,fg3m,2.055,0.0,1.0,2.0,3.0,4.0
401909088,DET,BOS,4432166,Cade Cunningham,G,blind,stl,1.219,0.0,0.0,1.0,2.0,3.0
401909088,DET,BOS,4432166,Cade Cunningham,G,blind,blk,0.693,0.0,0.0,0.0,1.0,2.0
401909088,DET,BOS,4432166,Cade Cunningham,G,blind,tov,4.02,1.0,2.0,4.0,5.0,7.0
401909088,DET,BOS,4432166,Cade Cunningham,G,blind,pra,34.324,20.0,26.0,33.0,41.0,50.0
401909088,DET,BOS,4433621,Jalen Duren,C,blind,min,27.788,19.78,23.777,27.779,31.924,35.683
401909088,DET,BOS,4433621,Jalen Duren,C,blind,pts,14.873,6.0,9.75,14.0,19.0,25.0
401909088,DET,BOS,4433621,Jalen Duren,C,blind,reb,8.838,4.0,6.0,8.0,11.0,14.0
401909088,DET,BOS,4433621,Jalen Duren,C,blind,ast,2.088,0.0,1.0,2.0,3.0,4.0
401909088,DET,BOS,4433621,Jalen Duren,C,blind,fg3m,0.022,0.0,0.0,0.0,0.0,0.0
401909088,DET,BOS,4433621,Jalen Duren,C,blind,stl,0.657,0.0,0.0,0.0,1.0,2.0
401909088,DET,BOS,4433621,Jalen Duren,C,blind,blk,0.932,0.0,0.0,1.0,1.0,2.0
401909088,DET,BOS,4433621,Jalen Duren,C,blind,tov,1.842,0.0,1.0,2.0,3.0,4.0
401909088,DET,BOS,4433621,Jalen Duren,C,blind,pra,25.799,15.0,19.0,25.0,31.0,38.0
401909088,DET,BOS,2596112,Javonte Green,G,blind,min,14.755,5.878,10.083,14.798,19.605,23.87
401909088,DET,BOS,2596112,Javonte Green,G,blind,pts,5.188,0.0,2.0,4.0,7.0,11.0
401909088,DET,BOS,2596112,Javonte Green,G,blind,reb,2.371,0.0,1.0,2.0,4.0,5.0
401909088,DET,BOS,2596112,Javonte Green,G,blind,ast,0.532,0.0,0.0,0.0,1.0,2.0
401909088,DET,BOS,2596112,Javonte Green,G,blind,fg3m,0.971,0.0,0.0,1.0,2.0,3.0
401909088,DET,BOS,2596112,Javonte Green,G,blind,stl,0.913,0.0,0.0,1.0,1.0,2.0
401909088,DET,BOS,2596112,Javonte Green,G,blind,blk,0.295,0.0,0.0,0.0,0.0,1.0
401909088,DET,BOS,2596112,Javonte Green,G,blind,tov,0.399,0.0,0.0,0.0,1.0,1.0
401909088,DET,BOS,2596112,Javonte Green,G,blind,pra,8.09,2.0,4.0,7.0,11.0,16.0
401909088,DET,BOS,4397449,Elijah Harkless,G,blind,min,21.977,9.441,15.246,21.813,28.763,34.521
401909088,DET,BOS,4397449,Elijah Harkless,G,blind,pts,6.918,1.0,3.0,5.0,10.0,14.0
401909088,DET,BOS,4397449,Elijah Harkless,G,blind,reb,2.197,0.0,1.0,2.0,3.0,5.0
401909088,DET,BOS,4397449,Elijah Harkless,G,blind,ast,2.792,0.0,1.0,2.0,4.0,6.0
401909088,DET,BOS,4397449,Elijah Harkless,G,blind,fg3m,0.878,0.0,0.0,1.0,1.0,2.0
401909088,DET,BOS,4397449,Elijah Harkless,G,blind,stl,1.172,0.0,0.0,1.0,2.0,3.0
401909088,DET,BOS,4397449,Elijah Harkless,G,blind,blk,0.26,0.0,0.0,0.0,0.0,1.0
401909088,DET,BOS,4397449,Elijah Harkless,G,blind,tov,1.024,0.0,0.0,1.0,2.0,3.0
401909088,DET,BOS,4397449,Elijah Harkless,G,blind,pra,11.907,3.0,6.0,11.0,16.0,22.0
401909088,DET,BOS,4683771,Ronald Holland II,F,blind,min,14.834,5.191,9.82,14.801,19.839,24.408
401909088,DET,BOS,4683771,Ronald Holland II,F,blind,pts,5.67,0.0,2.0,4.0,8.0,12.0
401909088,DET,BOS,4683771,Ronald Holland II,F,blind,reb,2.861,0.0,1.0,2.0,4.0,6.0
401909088,DET,BOS,4683771,Ronald Holland II,F,blind,ast,0.762,0.0,0.0,0.0,1.0,2.0
401909088,DET,BOS,4683771,Ronald Holland II,F,blind,fg3m,0.553,0.0,0.0,0.0,1.0,2.0
401909088,DET,BOS,4683771,Ronald Holland II,F,blind,stl,0.782,0.0,0.0,1.0,1.0,2.0
401909088,DET,BOS,4683771,Ronald Holland II,F,blind,blk,0.309,0.0,0.0,0.0,1.0,1.0
401909088,DET,BOS,4683771,Ronald Holland II,F,blind,tov,0.836,0.0,0.0,1.0,1.0,2.0
401909088,DET,BOS,4683771,Ronald Holland II,F,blind,pra,9.293,2.0,5.0,8.0,13.0,18.0
401909088,DET,BOS,4066372,Kevin Huerter,G,blind,min,19.329,8.013,13.349,19.311,25.565,30.771
401909088,DET,BOS,4066372,Kevin Huerter,G,blind,pts,7.51,1.0,3.0,6.0,11.0,17.0
401909088,DET,BOS,4066372,Kevin Huerter,G,blind,reb,2.722,0.0,1.0,2.0,4.0,6.0
401909088,DET,BOS,4066372,Kevin Huerter,G,blind,ast,2.223,0.0,1.0,2.0,3.0,5.0
401909088,DET,BOS,4066372,Kevin Huerter,G,blind,fg3m,1.202,0.0,0.0,1.0,2.0,3.0
401909088,DET,BOS,4066372,Kevin Huerter,G,blind,stl,0.865,0.0,0.0,1.0,1.0,2.0
401909088,DET,BOS,4066372,Kevin Huerter,G,blind,blk,0.281,0.0,0.0,0.0,0.0,1.0
401909088,DET,BOS,4066372,Kevin Huerter,G,blind,tov,0.885,0.0,0.0,1.0,1.0,2.0
401909088,DET,BOS,4066372,Kevin Huerter,G,blind,pra,12.454,3.0,6.0,11.0,17.0,24.0
401909088,DET,BOS,5107199,Daniss Jenkins,G,blind,min,23.033,10.719,16.348,22.669,29.329,35.126
401909088,DET,BOS,5107199,Daniss Jenkins,G,blind,pts,9.535,2.0,4.0,8.0,13.0,19.0
401909088,DET,BOS,5107199,Daniss Jenkins,G,blind,reb,2.655,0.0,1.0,2.0,4.0,5.0
401909088,DET,BOS,5107199,Daniss Jenkins,G,blind,ast,3.686,1.0,2.0,3.0,5.0,7.0
401909088,DET,BOS,5107199,Daniss Jenkins,G,blind,fg3m,1.087,0.0,0.0,1.0,2.0,3.0
401909088,DET,BOS,5107199,Daniss Jenkins,G,blind,stl,0.704,0.0,0.0,0.0,1.0,2.0
401909088,DET,BOS,5107199,Daniss Jenkins,G,blind,blk,0.286,0.0,0.0,0.0,0.0,1.0
401909088,DET,BOS,5107199,Daniss Jenkins,G,blind,tov,1.41,0.0,0.0,1.0,2.0,3.0
401909088,DET,BOS,5107199,Daniss Jenkins,G,blind,pra,15.877,5.0,9.0,14.0,21.0,28.0
401909088,DET,BOS,4395702,Isaiah Joe,G,blind,min,17.033,6.844,11.553,16.85,22.253,26.955
401909088,DET,BOS,4395702,Isaiah Joe,G,blind,pts,8.227,1.0,3.0,7.0,12.0,17.0
401909088,DET,BOS,4395702,Isaiah Joe,G,blind,reb,2.009,0.0,1.0,2.0,3.0,4.0
401909088,DET,BOS,4395702,Isaiah Joe,G,blind,ast,1.111,0.0,0.0,1.0,2.0,3.0
401909088,DET,BOS,4395702,Isaiah Joe,G,blind,fg3m,1.944,0.0,1.0,2.0,3.0,4.0
401909088,DET,BOS,4395702,Isaiah Joe,G,blind,stl,0.627,0.0,0.0,0.0,1.0,2.0
401909088,DET,BOS,4395702,Isaiah Joe,G,blind,blk,0.117,0.0,0.0,0.0,0.0,1.0
401909088,DET,BOS,4395702,Isaiah Joe,G,blind,tov,0.537,0.0,0.0,0.0,1.0,2.0
401909088,DET,BOS,4395702,Isaiah Joe,G,blind,pra,11.347,3.0,6.0,10.0,16.0,22.0
401909088,DET,BOS,2990962,Taurean Prince,F,blind,min,24.039,14.535,19.187,24.071,28.816,33.517
401909088,DET,BOS,2990962,Taurean Prince,F,blind,pts,8.372,2.0,4.0,7.0,11.0,16.0
401909088,DET,BOS,2990962,Taurean Prince,F,blind,reb,3.064,1.0,1.0,3.0,4.0,6.0
401909088,DET,BOS,2990962,Taurean Prince,F,blind,ast,1.788,0.0,1.0,1.0,3.0,4.0
401909088,DET,BOS,2990962,Taurean Prince,F,blind,fg3m,2.172,0.0,1.0,2.0,3.0,5.0
401909088,DET,BOS,2990962,Taurean Prince,F,blind,stl,0.687,0.0,0.0,0.0,1.0,2.0
401909088,DET,BOS,2990962,Taurean Prince,F,blind,blk,0.248,0.0,0.0,0.0,0.0,1.0
401909088,DET,BOS,2990962,Taurean Prince,F,blind,tov,1.153,0.0,0.0,1.0,2.0,3.0
401909088,DET,BOS,2990962,Taurean Prince,F,blind,pra,13.224,5.0,8.0,12.0,17.0,23.0
401909088,DET,BOS,4278562,Paul Reed,F,blind,min,13.179,4.055,8.394,13.257,17.851,22.105
401909088,DET,BOS,4278562,Paul Reed,F,blind,pts,7.751,1.0,3.0,6.0,11.0,17.0
401909088,DET,BOS,4278562,Paul Reed,F,blind,reb,4.107,0.0,2.0,3.0,6.0,8.0
401909088,DET,BOS,4278562,Paul Reed,F,blind,ast,1.053,0.0,0.0,1.0,2.0,3.0
401909088,DET,BOS,4278562,Paul Reed,F,blind,fg3m,0.232,0.0,0.0,0.0,0.0,1.0
401909088,DET,BOS,4278562,Paul Reed,F,blind,stl,0.624,0.0,0.0,0.0,1.0,2.0
401909088,DET,BOS,4278562,Paul Reed,F,blind,blk,0.858,0.0,0.0,1.0,1.0,2.0
401909088,DET,BOS,4278562,Paul Reed,F,blind,tov,0.796,0.0,0.0,1.0,1.0,2.0
401909088,DET,BOS,4278562,Paul Reed,F,blind,pra,12.911,3.0,6.0,11.0,18.0,25.0
401909088,DET,BOS,3157465,Duncan Robinson,F,blind,min,26.639,20.142,23.352,26.825,30.26,33.252
401909088,DET,BOS,3157465,Duncan Robinson,F,blind,pts,11.24,4.0,7.0,10.0,15.0,20.0
401909088,DET,BOS,3157465,Duncan Robinson,F,blind,reb,2.388,0.0,1.0,2.0,3.0,5.0
401909088,DET,BOS,3157465,Duncan Robinson,F,blind,ast,2.085,0.0,1.0,2.0,3.0,4.0
401909088,DET,BOS,3157465,Duncan Robinson,F,blind,fg3m,2.873,1.0,1.0,3.0,4.0,6.0
401909088,DET,BOS,3157465,Duncan Robinson,F,blind,stl,0.738,0.0,0.0,1.0,1.0,2.0
401909088,DET,BOS,3157465,Duncan Robinson,F,blind,blk,0.231,0.0,0.0,0.0,0.0,1.0
401909088,DET,BOS,3157465,Duncan Robinson,F,blind,tov,0.822,0.0,0.0,1.0,1.0,2.0
401909088,DET,BOS,3157465,Duncan Robinson,F,blind,pra,15.713,8.0,11.0,15.0,20.0,26.0
401909088,DET,BOS,4684742,Ausar Thompson,G,blind,min,26.931,18.694,22.572,26.917,31.395,35.384
401909088,DET,BOS,4684742,Ausar Thompson,G,blind,pts,8.326,2.0,4.0,7.0,11.0,16.0
401909088,DET,BOS,4684742,Ausar Thompson,G,blind,reb,5.994,2.0,4.0,6.0,8.0,10.0
401909088,DET,BOS,4684742,Ausar Thompson,G,blind,ast,2.998,1.0,1.0,3.0,4.0,6.0
401909088,DET,BOS,4684742,Ausar Thompson,G,blind,fg3m,0.111,0.0,0.0,0.0,0.0,1.0
401909088,DET,BOS,4684742,Ausar Thompson,G,blind,stl,1.955,0.0,1.0,2.0,3.0,4.0
401909088,DET,BOS,4684742,Ausar Thompson,G,blind,blk,1.211,0.0,0.0,1.0,2.0,3.0
401909088,DET,BOS,4684742,Ausar Thompson,G,blind,tov,1.514,0.0,1.0,1.0,2.0,3.0
401909088,DET,BOS,4684742,Ausar Thompson,G,blind,pra,17.318,9.0,12.0,16.0,22.0,28.0
401909088,BOS,DET,4433188,Devin Carter,G,blind,min,20.43,8.018,13.982,20.445,27.109,32.746
401909088,BOS,DET,4433188,Devin Carter,G,blind,pts,10.09,2.0,4.0,9.0,14.0,20.0
401909088,BOS,DET,4433188,Devin Carter,G,blind,reb,3.606,0.0,2.0,3.0,5.0,7.0
401909088,BOS,DET,4433188,Devin Carter,G,blind,ast,2.683,0.0,1.0,2.0,4.0,6.0
401909088,BOS,DET,4433188,Devin Carter,G,blind,fg3m,0.995,0.0,0.0,1.0,2.0,3.0
401909088,BOS,DET,4433188,Devin Carter,G,blind,stl,0.942,0.0,0.0,1.0,2.0,2.0
401909088,BOS,DET,4433188,Devin Carter,G,blind,blk,0.261,0.0,0.0,0.0,0.0,1.0
401909088,BOS,DET,4433188,Devin Carter,G,blind,tov,1.547,0.0,0.0,1.0,2.0,3.0
401909088,BOS,DET,4433188,Devin Carter,G,blind,pra,16.38,5.0,9.0,15.0,22.0,30.0
401909088,BOS,DET,3195,Mike Conley,G,blind,min,15.579,6.199,10.857,15.365,20.205,24.68
401909088,BOS,DET,3195,Mike Conley,G,blind,pts,4.488,0.0,2.0,4.0,6.0,10.0
401909088,BOS,DET,3195,Mike Conley,G,blind,reb,1.43,0.0,0.0,1.0,2.0,3.0
401909088,BOS,DET,3195,Mike Conley,G,blind,ast,2.366,0.0,1.0,2.0,4.0,5.0
401909088,BOS,DET,3195,Mike Conley,G,blind,fg3m,1.07,0.0,0.0,1.0,2.0,3.0
401909088,BOS,DET,3195,Mike Conley,G,blind,stl,0.659,0.0,0.0,0.0,1.0,2.0
401909088,BOS,DET,3195,Mike Conley,G,blind,blk,0.158,0.0,0.0,0.0,0.0,1.0
401909088,BOS,DET,3195,Mike Conley,G,blind,tov,0.565,0.0,0.0,0.0,1.0,2.0
401909088,BOS,DET,3195,Mike Conley,G,blind,pra,8.284,2.0,4.0,7.0,11.0,16.0
401909088,BOS,DET,4277951,Luka Garza,C,blind,min,13.622,3.332,8.173,13.874,19.284,24.264
401909088,BOS,DET,4277951,Luka Garza,C,blind,pts,7.044,0.0,2.0,5.0,10.0,15.0
401909088,BOS,DET,4277951,Luka Garza,C,blind,reb,3.148,0.0,1.0,3.0,5.0,7.0
401909088,BOS,DET,4277951,Luka Garza,C,blind,ast,0.872,0.0,0.0,1.0,1.0,2.0
401909088,BOS,DET,4277951,Luka Garza,C,blind,fg3m,0.749,0.0,0.0,0.0,1.0,2.0
401909088,BOS,DET,4277951,Luka Garza,C,blind,stl,0.298,0.0,0.0,0.0,1.0,1.0
401909088,BOS,DET,4277951,Luka Garza,C,blind,blk,0.329,0.0,0.0,0.0,1.0,1.0
401909088,BOS,DET,4277951,Luka Garza,C,blind,tov,0.603,0.0,0.0,0.0,1.0,2.0
401909088,BOS,DET,4277951,Luka Garza,C,blind,pra,11.064,1.0,5.0,10.0,16.0,22.0
401909088,BOS,DET,4251,Paul George,F,blind,min,30.119,22.27,25.957,30.185,34.518,38.692
401909088,BOS,DET,4251,Paul George,F,blind,pts,16.218,7.0,11.0,15.0,21.0,27.0
401909088,BOS,DET,4251,Paul George,F,blind,reb,4.478,1.0,3.0,4.0,6.0,8.0
401909088,BOS,DET,4251,Paul George,F,blind,ast,3.164,1.0,2.0,3.0,4.0,6.0
401909088,BOS,DET,4251,Paul George,F,blind,fg3m,2.692,0.0,1.0,2.0,4.0,5.0
401909088,BOS,DET,4251,Paul George,F,blind,stl,1.468,0.0,0.75,1.0,2.0,3.0
401909088,BOS,DET,4251,Paul George,F,blind,blk,0.411,0.0,0.0,0.0,1.0,1.0
401909088,BOS,DET,4251,Paul George,F,blind,tov,1.797,0.0,1.0,2.0,3.0,4.0
401909088,BOS,DET,4251,Paul George,F,blind,pra,23.86,13.0,17.0,23.0,29.0,36.0
401909088,BOS,DET,5175647,Hugo Gonzalez,G,blind,min,11.992,1.782,6.739,11.964,17.292,22.441
401909088,BOS,DET,5175647,Hugo Gonzalez,G,blind,pts,3.252,0.0,1.0,2.0,5.0,8.0
401909088,BOS,DET,5175647,Hugo Gonzalez,G,blind,reb,2.666,0.0,1.0,2.0,4.0,6.0
401909088,BOS,DET,5175647,Hugo Gonzalez,G,blind,ast,0.474,0.0,0.0,0.0,1.0,1.0
401909088,BOS,DET,5175647,Hugo Gonzalez,G,blind,fg3m,0.52,0.0,0.0,0.0,1.0,2.0
401909088,BOS,DET,5175647,Hugo Gonzalez,G,blind,stl,0.428,0.0,0.0,0.0,1.0,1.0
401909088,BOS,DET,5175647,Hugo Gonzalez,G,blind,blk,0.251,0.0,0.0,0.0,0.0,1.0
401909088,BOS,DET,5175647,Hugo Gonzalez,G,blind,tov,0.433,0.0,0.0,0.0,1.0,1.0
401909088,BOS,DET,5175647,Hugo Gonzalez,G,blind,pra,6.392,0.0,2.0,6.0,9.0,14.0
401909088,BOS,DET,5176420,Hayden Gray,G,blind,min,13.77,6.032,9.602,13.96,17.89,21.795
401909088,BOS,DET,5176420,Hayden Gray,G,blind,pts,4.855,0.0,2.0,4.0,7.0,11.0
401909088,BOS,DET,5176420,Hayden Gray,G,blind,reb,0.817,0.0,0.0,1.0,1.0,2.0
401909088,BOS,DET,5176420,Hayden Gray,G,blind,ast,1.035,0.0,0.0,1.0,2.0,3.0
401909088,BOS,DET,5176420,Hayden Gray,G,blind,fg3m,0.516,0.0,0.0,0.0,1.0,2.0
401909088,BOS,DET,5176420,Hayden Gray,G,blind,stl,0.521,0.0,0.0,0.0,1.0,2.0
401909088,BOS,DET,5176420,Hayden Gray,G,blind,blk,0.32,0.0,0.0,0.0,1.0,1.0
401909088,BOS,DET,5176420,Hayden Gray,G,blind,tov,0.705,0.0,0.0,0.0,1.0,2.0
401909088,BOS,DET,5176420,Hayden Gray,G,blind,pra,6.706,1.0,3.0,6.0,9.0,13.0
401909088,BOS,DET,4065804,Sam Hauser,F,blind,min,23.139,16.678,19.695,23.059,26.349,29.34
401909088,BOS,DET,4065804,Sam Hauser,F,blind,pts,8.802,2.0,4.0,7.0,11.0,16.0
401909088,BOS,DET,4065804,Sam Hauser,F,blind,reb,3.673,1.0,2.0,3.0,5.0,7.0
401909088,BOS,DET,4065804,Sam Hauser,F,blind,ast,1.269,0.0,0.0,1.0,2.0,3.0
401909088,BOS,DET,4065804,Sam Hauser,F,blind,fg3m,2.325,0.0,1.0,2.0,3.0,5.0
401909088,BOS,DET,4065804,Sam Hauser,F,blind,stl,0.343,0.0,0.0,0.0,1.0,1.0
401909088,BOS,DET,4065804,Sam Hauser,F,blind,blk,0.241,0.0,0.0,0.0,0.0,1.0
401909088,BOS,DET,4065804,Sam Hauser,F,blind,tov,0.362,0.0,0.0,0.0,1.0,1.0
401909088,BOS,DET,4065804,Sam Hauser,F,blind,pra,13.744,6.0,9.0,12.0,17.0,22.0
401909088,BOS,DET,4066354,Payton Pritchard,G,blind,min,29.501,24.298,26.747,29.619,32.336,34.771
401909088,BOS,DET,4066354,Payton Pritchard,G,blind,pts,15.263,7.0,10.0,14.0,19.0,25.0
401909088,BOS,DET,4066354,Payton Pritchard,G,blind,reb,3.334,1.0,2.0,3.0,5.0,6.0
401909088,BOS,DET,4066354,Payton Pritchard,G,blind,ast,4.167,1.0,2.0,4.0,6.0,7.0
401909088,BOS,DET,4066354,Payton Pritchard,G,blind,fg3m,2.542,0.0,1.0,2.0,4.0,5.0
401909088,BOS,DET,4066354,Payton Pritchard,G,blind,stl,0.619,0.0,0.0,0.0,1.0,2.0
401909088,BOS,DET,4066354,Payton Pritchard,G,blind,blk,0.122,0.0,0.0,0.0,0.0,1.0
401909088,BOS,DET,4066354,Payton Pritchard,G,blind,tov,1.251,0.0,0.0,1.0,2.0,3.0
401909088,BOS,DET,4066354,Payton Pritchard,G,blind,pra,22.764,13.0,17.0,22.0,27.0,33.0
401909088,BOS,DET,4397424,Neemias Queta,C,blind,min,22.656,14.393,18.259,22.54,27.051,31.305
401909088,BOS,DET,4397424,Neemias Queta,C,blind,pts,9.141,2.0,4.0,8.0,12.0,17.0
401909088,BOS,DET,4397424,Neemias Queta,C,blind,reb,7.234,3.0,5.0,7.0,9.0,12.0
401909088,BOS,DET,4397424,Neemias Queta,C,blind,ast,1.468,0.0,0.0,1.0,2.0,3.0
401909088,BOS,DET,4397424,Neemias Queta,C,blind,fg3m,0.045,0.0,0.0,0.0,0.0,0.0
401909088,BOS,DET,4397424,Neemias Queta,C,blind,stl,0.559,0.0,0.0,0.0,1.0,2.0
401909088,BOS,DET,4397424,Neemias Queta,C,blind,blk,1.136,0.0,0.0,1.0,2.0,3.0
401909088,BOS,DET,4397424,Neemias Queta,C,blind,tov,0.863,0.0,0.0,1.0,1.0,2.0
401909088,BOS,DET,4397424,Neemias Queta,C,blind,pra,17.844,8.0,12.0,16.0,23.0,29.0
401909088,BOS,DET,4351852,Mitchell Robinson,C,blind,min,15.783,9.659,12.448,15.68,18.866,21.795
401909088,BOS,DET,4351852,Mitchell Robinson,C,blind,pts,4.968,1.0,2.0,4.0,7.0,10.0
401909088,BOS,DET,4351852,Mitchell Robinson,C,blind,reb,6.178,2.0,4.0,6.0,8.0,11.0
401909088,BOS,DET,4351852,Mitchell Robinson,C,blind,ast,0.588,0.0,0.0,0.0,1.0,2.0
401909088,BOS,DET,4351852,Mitchell Robinson,C,blind,fg3m,0.021,0.0,0.0,0.0,0.0,0.0
401909088,BOS,DET,4351852,Mitchell Robinson,C,blind,stl,0.676,0.0,0.0,0.0,1.0,2.0
401909088,BOS,DET,4351852,Mitchell Robinson,C,blind,blk,0.856,0.0,0.0,1.0,1.0,2.0
401909088,BOS,DET,4351852,Mitchell Robinson,C,blind,tov,0.56,0.0,0.0,0.0,1.0,2.0
401909088,BOS,DET,4351852,Mitchell Robinson,C,blind,pra,11.733,5.0,7.0,11.0,15.0,19.0
401909088,BOS,DET,4593841,Baylor Scheierman,G,blind,min,19.052,8.62,13.581,18.981,25.076,29.849
401909088,BOS,DET,4593841,Baylor Scheierman,G,blind,pts,6.238,1.0,2.0,5.0,9.0,13.0
401909088,BOS,DET,4593841,Baylor Scheierman,G,blind,reb,3.525,0.0,2.0,3.0,5.0,7.0
401909088,BOS,DET,4593841,Baylor Scheierman,G,blind,ast,1.463,0.0,0.0,1.0,2.0,3.0
401909088,BOS,DET,4593841,Baylor Scheierman,G,blind,fg3m,1.434,0.0,0.0,1.0,2.0,3.0
401909088,BOS,DET,4593841,Baylor Scheierman,G,blind,stl,0.593,0.0,0.0,0.0,1.0,2.0
401909088,BOS,DET,4593841,Baylor Scheierman,G,blind,blk,0.098,0.0,0.0,0.0,0.0,0.0
401909088,BOS,DET,4593841,Baylor Scheierman,G,blind,tov,0.629,0.0,0.0,0.0,1.0,2.0
401909088,BOS,DET,4593841,Baylor Scheierman,G,blind,pra,11.226,3.0,6.0,10.0,15.0,21.0
401909088,BOS,DET,4065648,Jayson Tatum,F,blind,min,31.772,25.28,28.426,31.769,35.087,38.163
401909088,BOS,DET,4065648,Jayson Tatum,F,blind,pts,22.067,12.0,16.0,21.0,27.0,33.0
401909088,BOS,DET,4065648,Jayson Tatum,F,blind,reb,8.843,4.0,6.0,8.0,11.0,13.0
401909088,BOS,DET,4065648,Jayson Tatum,F,blind,ast,5.342,2.0,3.0,5.0,7.0,9.0
401909088,BOS,DET,4065648,Jayson Tatum,F,blind,fg3m,2.858,1.0,1.0,3.0,4.0,6.0
401909088,BOS,DET,4065648,Jayson Tatum,F,blind,stl,1.16,0.0,0.0,1.0,2.0,3.0
401909088,BOS,DET,4065648,Jayson Tatum,F,blind,blk,0.305,0.0,0.0,0.0,1.0,1.0
401909088,BOS,DET,4065648,Jayson Tatum,F,blind,tov,2.503,1.0,1.0,2.0,4.0,5.0
401909088,BOS,DET,4065648,Jayson Tatum,F,blind,pra,36.252,23.0,29.0,35.0,42.0,49.0
401909088,BOS,DET,4683689,Jordan Walsh,G,blind,min,15.038,5.166,9.725,14.945,20.462,25.369
401909088,BOS,DET,4683689,Jordan Walsh,G,blind,pts,4.092,0.0,1.0,3.0,6.0,10.0
401909088,BOS,DET,4683689,Jordan Walsh,G,blind,reb,3.027,0.0,1.0,3.0,4.0,7.0
401909088,BOS,DET,4683689,Jordan Walsh,G,blind,ast,0.755,0.0,0.0,0.0,1.0,2.0
401909088,BOS,DET,4683689,Jordan Walsh,G,blind,fg3m,0.596,0.0,0.0,0.0,1.0,2.0
401909088,BOS,DET,4683689,Jordan Walsh,G,blind,stl,0.574,0.0,0.0,0.0,1.0,2.0
401909088,BOS,DET,4683689,Jordan Walsh,G,blind,blk,0.375,0.0,0.0,0.0,1.0,1.0
401909088,BOS,DET,4683689,Jordan Walsh,G,blind,tov,0.378,0.0,0.0,0.0,1.0,1.0
401909088,BOS,DET,4683689,Jordan Walsh,G,blind,pra,7.874,1.0,4.0,7.0,11.0,16.0
401909088,BOS,DET,3078576,Derrick White,G,blind,min,31.526,25.063,28.03,31.551,34.828,38.026
401909088,BOS,DET,3078576,Derrick White,G,blind,pts,13.569,6.0,8.0,12.0,17.0,22.0
401909088,BOS,DET,3078576,Derrick White,G,blind,reb,3.764,1.0,2.0,3.0,5.0,7.0
401909088,BOS,DET,3078576,Derrick White,G,blind,ast,3.997,1.0,2.0,4.0,5.0,7.0
401909088,BOS,DET,3078576,Derrick White,G,blind,fg3m,2.328,0.0,1.0,2.0,3.0,5.0
401909088,BOS,DET,3078576,Derrick White,G,blind,stl,0.938,0.0,0.0,1.0,2.0,2.0
401909088,BOS,DET,3078576,Derrick White,G,blind,blk,1.043,0.0,0.0,1.0,2.0,2.0
401909088,BOS,DET,3078576,Derrick White,G,blind,tov,1.541,0.0,1.0,1.0,2.0,3.0
401909088,BOS,DET,3078576,Derrick White,G,blind,pra,21.33,12.0,16.0,20.0,26.0,32.0
401909089,NY,PHI,4397018,Ochai Agbaji,G,blind,min,14.366,4.225,9.038,14.321,19.648,24.368
401909089,NY,PHI,4397018,Ochai Agbaji,G,blind,pts,5.476,0.0,2.0,4.0,8.0,12.0
401909089,NY,PHI,4397018,Ochai Agbaji,G,blind,reb,2.128,0.0,1.0,2.0,3.0,5.0
401909089,NY,PHI,4397018,Ochai Agbaji,G,blind,ast,0.746,0.0,0.0,0.0,1.0,2.0
401909089,NY,PHI,4397018,Ochai Agbaji,G,blind,fg3m,0.72,0.0,0.0,0.0,1.0,2.0
401909089,NY,PHI,4397018,Ochai Agbaji,G,blind,stl,0.376,0.0,0.0,0.0,1.0,1.0
401909089,NY,PHI,4397018,Ochai Agbaji,G,blind,blk,0.238,0.0,0.0,0.0,0.0,1.0
401909089,NY,PHI,4397018,Ochai Agbaji,G,blind,tov,0.53,0.0,0.0,0.0,1.0,2.0
401909089,NY,PHI,4397018,Ochai Agbaji,G,blind,pra,8.349,1.0,4.0,7.0,12.0,17.0
401909089,NY,PHI,4277869,Jose Alvarado,G,blind,min,12.611,3.899,7.958,12.556,17.135,21.113
401909089,NY,PHI,4277869,Jose Alvarado,G,blind,pts,5.181,0.0,2.0,4.0,8.0,12.0
401909089,NY,PHI,4277869,Jose Alvarado,G,blind,reb,1.703,0.0,0.0,1.0,3.0,4.0
401909089,NY,PHI,4277869,Jose Alvarado,G,blind,ast,2.13,0.0,1.0,2.0,3.0,5.0
401909089,NY,PHI,4277869,Jose Alvarado,G,blind,fg3m,0.903,0.0,0.0,1.0,1.0,2.0
401909089,NY,PHI,4277869,Jose Alvarado,G,blind,stl,0.644,0.0,0.0,0.0,1.0,2.0
401909089,NY,PHI,4277869,Jose Alvarado,G,blind,blk,0.111,0.0,0.0,0.0,0.0,1.0
401909089,NY,PHI,4277869,Jose Alvarado,G,blind,tov,0.766,0.0,0.0,0.0,1.0,2.0
401909089,NY,PHI,4277869,Jose Alvarado,G,blind,pra,9.014,1.0,4.0,8.0,13.0,18.0
401909089,NY,PHI,3934719,OG Anunoby,F,blind,min,29.699,23.314,26.56,29.893,33.309,36.336
401909089,NY,PHI,3934719,OG Anunoby,F,blind,pts,17.175,9.0,12.0,16.0,22.0,27.0
401909089,NY,PHI,3934719,OG Anunoby,F,blind,reb,5.097,2.0,3.0,5.0,7.0,9.0
401909089,NY,PHI,3934719,OG Anunoby,F,blind,ast,1.79,0.0,1.0,2.0,3.0,4.0
401909089,NY,PHI,3934719,OG Anunoby,F,blind,fg3m,2.54,0.0,1.0,2.0,4.0,5.0
401909089,NY,PHI,3934719,OG Anunoby,F,blind,stl,1.283,0.0,0.0,1.0,2.0,3.0
401909089,NY,PHI,3934719,OG Anunoby,F,blind,blk,0.793,0.0,0.0,1.0,1.0,2.0
401909089,NY,PHI,3934719,OG Anunoby,F,blind,tov,1.125,0.0,0.0,1.0,2.0,3.0
401909089,NY,PHI,3934719,OG Anunoby,F,blind,pra,24.062,14.0,18.0,23.0,30.0,36.0
401909089,NY,PHI,3147657,Mikal Bridges,G,blind,min,28.301,20.399,24.133,28.358,32.303,36.121
401909089,NY,PHI,3147657,Mikal Bridges,G,blind,pts,12.253,5.0,7.0,11.0,16.0,21.0
401909089,NY,PHI,3147657,Mikal Bridges,G,blind,reb,3.07,1.0,1.0,3.0,4.0,6.0
401909089,NY,PHI,3147657,Mikal Bridges,G,blind,ast,2.793,0.9,1.0,3.0,4.0,5.0
401909089,NY,PHI,3147657,Mikal Bridges,G,blind,fg3m,1.362,0.0,0.0,1.0,2.0,3.0
401909089,NY,PHI,3147657,Mikal Bridges,G,blind,stl,0.961,0.0,0.0,1.0,2.0,2.0
401909089,NY,PHI,3147657,Mikal Bridges,G,blind,blk,0.461,0.0,0.0,0.0,1.0,1.0
401909089,NY,PHI,3147657,Mikal Bridges,G,blind,tov,0.896,0.0,0.0,1.0,1.0,2.0
401909089,NY,PHI,3147657,Mikal Bridges,G,blind,pra,18.117,9.0,12.0,17.0,22.0,29.0
401909089,NY,PHI,4065670,Bruce Brown,G,blind,min,20.197,13.599,16.702,20.249,23.663,27.007
401909089,NY,PHI,4065670,Bruce Brown,G,blind,pts,7.322,2.0,3.0,6.0,10.0,14.0
401909089,NY,PHI,4065670,Bruce Brown,G,blind,reb,3.238,1.0,2.0,3.0,4.0,6.0
401909089,NY,PHI,4065670,Bruce Brown,G,blind,ast,1.817,0.0,1.0,2.0,3.0,4.0
401909089,NY,PHI,4065670,Bruce Brown,G,blind,fg3m,0.696,0.0,0.0,0.0,1.0,2.0
401909089,NY,PHI,4065670,Bruce Brown,G,blind,stl,0.999,0.0,0.0,1.0,2.0,2.0
401909089,NY,PHI,4065670,Bruce Brown,G,blind,blk,0.186,0.0,0.0,0.0,0.0,1.0
401909089,NY,PHI,4065670,Bruce Brown,G,blind,tov,1.083,0.0,0.0,1.0,2.0,3.0
401909089,NY,PHI,4065670,Bruce Brown,G,blind,pra,12.377,5.0,8.0,11.0,16.0,21.0
401909089,NY,PHI,3934672,Jalen Brunson,G,blind,min,31.183,23.619,27.242,31.283,35.383,38.665
401909089,NY,PHI,3934672,Jalen Brunson,G,blind,pts,23.457,13.0,17.0,23.0,29.0,36.0
401909089,NY,PHI,3934672,Jalen Brunson,G,blind,reb,2.953,1.0,1.0,3.0,4.0,6.0
401909089,NY,PHI,3934672,Jalen Brunson,G,blind,ast,5.784,2.0,4.0,5.0,7.0,9.0
401909089,NY,PHI,3934672,Jalen Brunson,G,blind,fg3m,2.11,0.0,1.0,2.0,3.0,4.0
401909089,NY,PHI,3934672,Jalen Brunson,G,blind,stl,0.904,0.0,0.0,1.0,1.0,2.0
401909089,NY,PHI,3934672,Jalen Brunson,G,blind,blk,0.071,0.0,0.0,0.0,0.0,0.0
401909089,NY,PHI,3934672,Jalen Brunson,G,blind,tov,2.261,0.0,1.0,2.0,3.0,5.0
401909089,NY,PHI,3934672,Jalen Brunson,G,blind,pra,32.194,20.0,25.0,31.5,39.0,46.0
401909089,NY,PHI,2528426,Jordan Clarkson,G,blind,min,11.98,4.159,7.883,11.995,16.226,20.21
401909089,NY,PHI,2528426,Jordan Clarkson,G,blind,pts,5.877,1.0,2.0,5.0,9.0,13.0
401909089,NY,PHI,2528426,Jordan Clarkson,G,blind,reb,1.557,0.0,0.0,1.0,2.0,4.0
401909089,NY,PHI,2528426,Jordan Clarkson,G,blind,ast,0.943,0.0,0.0,1.0,1.0,2.0
401909089,NY,PHI,2528426,Jordan Clarkson,G,blind,fg3m,0.487,0.0,0.0,0.0,1.0,2.0
401909089,NY,PHI,2528426,Jordan Clarkson,G,blind,stl,0.312,0.0,0.0,0.0,1.0,1.0
401909089,NY,PHI,2528426,Jordan Clarkson,G,blind,blk,0.08,0.0,0.0,0.0,0.0,0.0
401909089,NY,PHI,2528426,Jordan Clarkson,G,blind,tov,0.726,0.0,0.0,0.0,1.0,2.0
401909089,NY,PHI,2528426,Jordan Clarkson,G,blind,pra,8.377,2.0,4.0,7.0,12.0,17.0
401909089,NY,PHI,5289900,Mohamed Diawara,F,blind,min,9.552,0.12,4.418,9.384,14.491,19.104
401909089,NY,PHI,5289900,Mohamed Diawara,F,blind,pts,3.676,0.0,1.0,3.0,5.0,9.0
401909089,NY,PHI,5289900,Mohamed Diawara,F,blind,reb,1.517,0.0,0.0,1.0,2.0,4.0
401909089,NY,PHI,5289900,Mohamed Diawara,F,blind,ast,0.953,0.0,0.0,1.0,2.0,3.0
401909089,NY,PHI,5289900,Mohamed Diawara,F,blind,fg3m,0.666,0.0,0.0,0.0,1.0,2.0
401909089,NY,PHI,5289900,Mohamed Diawara,F,blind,stl,0.234,0.0,0.0,0.0,0.0,1.0
401909089,NY,PHI,5289900,Mohamed Diawara,F,blind,blk,0.074,0.0,0.0,0.0,0.0,0.0
401909089,NY,PHI,5289900,Mohamed Diawara,F,blind,tov,0.477,0.0,0.0,0.0,1.0,1.0
401909089,NY,PHI,5289900,Mohamed Diawara,F,blind,pra,6.146,0.0,2.0,5.0,9.0,14.0
401909089,NY,PHI,6585,Andre Drummond,C,blind,min,14.586,2.773,8.462,14.434,20.508,25.563
401909089,NY,PHI,6585,Andre Drummond,C,blind,pts,4.805,0.0,1.0,4.0,7.0,11.0
401909089,NY,PHI,6585,Andre Drummond,C,blind,reb,6.131,0.0,3.0,5.0,9.0,12.0
401909089,NY,PHI,6585,Andre Drummond,C,blind,ast,1.179,0.0,0.0,1.0,2.0,3.0
401909089,NY,PHI,6585,Andre Drummond,C,blind,fg3m,0.456,0.0,0.0,0.0,1.0,1.0
401909089,NY,PHI,6585,Andre Drummond,C,blind,stl,0.475,0.0,0.0,0.0,1.0,1.0
401909089,NY,PHI,6585,Andre Drummond,C,blind,blk,0.471,0.0,0.0,0.0,1.0,1.0
401909089,NY,PHI,6585,Andre Drummond,C,blind,tov,0.81,0.0,0.0,1.0,1.0,2.0
401909089,NY,PHI,6585,Andre Drummond,C,blind,pra,12.115,2.0,6.0,11.0,17.0,23.0
401909089,NY,PHI,3914285,Drew Eubanks,F,blind,min,10.538,3.245,6.717,10.643,14.365,18.015
401909089,NY,PHI,3914285,Drew Eubanks,F,blind,pts,4.733,0.0,1.0,4.0,7.0,11.0
401909089,NY,PHI,3914285,Drew Eubanks,F,blind,reb,2.904,0.0,1.0,2.0,4.0,6.0
401909089,NY,PHI,3914285,Drew Eubanks,F,blind,ast,0.59,0.0,0.0,0.0,1.0,2.0
401909089,NY,PHI,3914285,Drew Eubanks,F,blind,fg3m,0.104,0.0,0.0,0.0,0.0,0.0
401909089,NY,PHI,3914285,Drew Eubanks,F,blind,stl,0.26,0.0,0.0,0.0,0.0,1.0
401909089,NY,PHI,3914285,Drew Eubanks,F,blind,blk,0.461,0.0,0.0,0.0,1.0,1.0
401909089,NY,PHI,3914285,Drew Eubanks,F,blind,tov,0.534,0.0,0.0,0.0,1.0,2.0
401909089,NY,PHI,3914285,Drew Eubanks,F,blind,pra,8.228,1.0,4.0,7.0,12.0,16.0
401909089,NY,PHI,3062679,Josh Hart,G,blind,min,27.488,19.802,23.767,27.611,31.553,35.213
401909089,NY,PHI,3062679,Josh Hart,G,blind,pts,10.231,3.0,6.0,9.0,14.0,19.0
401909089,NY,PHI,3062679,Josh Hart,G,blind,reb,7.198,3.0,5.0,7.0,9.0,12.0
401909089,NY,PHI,3062679,Josh Hart,G,blind,ast,4.003,1.0,2.0,4.0,5.0,7.0
401909089,NY,PHI,3062679,Josh Hart,G,blind,fg3m,1.36,0.0,0.0,1.0,2.0,3.0
401909089,NY,PHI,3062679,Josh Hart,G,blind,stl,1.21,0.0,0.0,1.0,2.0,3.0
401909089,NY,PHI,3062679,Josh Hart,G,blind,blk,0.21,0.0,0.0,0.0,0.0,1.0
401909089,NY,PHI,3062679,Josh Hart,G,blind,tov,1.683,0.0,1.0,1.0,2.0,4.0
401909089,NY,PHI,3062679,Josh Hart,G,blind,pra,21.432,12.0,16.0,21.0,26.0,33.0
401909089,NY,PHI,4431823,Miles McBride,G,blind,min,18.468,8.219,13.117,18.502,23.727,28.399
401909089,NY,PHI,4431823,Miles McBride,G,blind,pts,7.543,1.0,3.0,6.0,10.0,15.0
401909089,NY,PHI,4431823,Miles McBride,G,blind,reb,1.613,0.0,0.0,1.0,2.0,4.0
401909089,NY,PHI,4431823,Miles McBride,G,blind,ast,1.668,0.0,0.0,1.0,2.0,4.0
401909089,NY,PHI,4431823,Miles McBride,G,blind,fg3m,1.751,0.0,0.0,1.0,3.0,4.0
401909089,NY,PHI,4431823,Miles McBride,G,blind,stl,0.592,0.0,0.0,0.0,1.0,2.0
401909089,NY,PHI,4431823,Miles McBride,G,blind,blk,0.197,0.0,0.0,0.0,0.0,1.0
401909089,NY,PHI,4431823,Miles McBride,G,blind,tov,0.586,0.0,0.0,0.0,1.0,2.0
401909089,NY,PHI,4431823,Miles McBride,G,blind,pra,10.824,3.0,5.0,9.0,14.0,20.0
401909089,NY,PHI,3914044,Landry Shamet,G,blind,min,17.671,7.038,12.09,17.952,23.675,28.487
401909089,NY,PHI,3914044,Landry Shamet,G,blind,pts,6.932,1.0,3.0,5.0,10.0,15.0
401909089,NY,PHI,3914044,Landry Shamet,G,blind,reb,1.375,0.0,0.0,1.0,2.0,3.0
401909089,NY,PHI,3914044,Landry Shamet,G,blind,ast,0.992,0.0,0.0,1.0,2.0,3.0
401909089,NY,PHI,3914044,Landry Shamet,G,blind,fg3m,1.559,0.0,0.0,1.0,2.0,4.0
401909089,NY,PHI,3914044,Landry Shamet,G,blind,stl,0.411,0.0,0.0,0.0,1.0,1.0
401909089,NY,PHI,3914044,Landry Shamet,G,blind,blk,0.128,0.0,0.0,0.0,0.0,1.0
401909089,NY,PHI,3914044,Landry Shamet,G,blind,tov,0.486,0.0,0.0,0.0,1.0,1.0
401909089,NY,PHI,3914044,Landry Shamet,G,blind,pra,9.299,2.0,4.0,8.0,13.0,19.0
401909089,NY,PHI,3136195,Karl-Anthony Towns,C,blind,min,26.292,19.146,22.452,26.096,29.837,33.523
401909089,NY,PHI,3136195,Karl-Anthony Towns,C,blind,pts,15.97,7.0,10.0,15.0,21.0,26.0
401909089,NY,PHI,3136195,Karl-Anthony Towns,C,blind,reb,10.118,5.0,7.0,10.0,13.0,16.0
401909089,NY,PHI,3136195,Karl-Anthony Towns,C,blind,ast,3.457,1.0,2.0,3.0,5.0,6.0
401909089,NY,PHI,3136195,Karl-Anthony Towns,C,blind,fg3m,1.387,0.0,0.0,1.0,2.0,3.0
401909089,NY,PHI,3136195,Karl-Anthony Towns,C,blind,stl,0.91,0.0,0.0,1.0,1.0,2.0
401909089,NY,PHI,3136195,Karl-Anthony Towns,C,blind,blk,0.706,0.0,0.0,0.0,1.0,2.0
401909089,NY,PHI,3136195,Karl-Anthony Towns,C,blind,tov,2.181,0.0,1.0,2.0,3.0,4.0
401909089,NY,PHI,3136195,Karl-Anthony Towns,C,blind,pra,29.545,17.9,22.0,29.0,36.0,43.0
401909089,NY,PHI,4432808,James Wiseman,C,blind,min,15.071,4.872,9.747,15.085,20.479,25.47
401909089,NY,PHI,4432808,James Wiseman,C,blind,pts,5.838,0.0,2.0,4.0,8.0,13.0
401909089,NY,PHI,4432808,James Wiseman,C,blind,reb,4.308,0.0,2.0,4.0,6.0,9.0
401909089,NY,PHI,4432808,James Wiseman,C,blind,ast,0.836,0.0,0.0,1.0,1.0,2.0
401909089,NY,PHI,4432808,James Wiseman,C,blind,fg3m,0.054,0.0,0.0,0.0,0.0,0.0
401909089,NY,PHI,4432808,James Wiseman,C,blind,stl,0.171,0.0,0.0,0.0,0.0,1.0
401909089,NY,PHI,4432808,James Wiseman,C,blind,blk,0.457,0.0,0.0,0.0,1.0,1.0
401909089,NY,PHI,4432808,James Wiseman,C,blind,tov,0.977,0.0,0.0,1.0,2.0,3.0
401909089,NY,PHI,4432808,James Wiseman,C,blind,pra,10.982,2.0,5.0,10.0,15.0,21.0
401909089,PHI,NY,4870562,Dominick Barlow,F,blind,min,16.392,5.605,10.268,16.171,21.915,27.129
401909089,PHI,NY,4870562,Dominick Barlow,F,blind,pts,4.147,0.0,1.0,3.0,6.0,10.0
401909089,PHI,NY,4870562,Dominick Barlow,F,blind,reb,2.824,0.0,1.0,2.0,4.0,6.0
401909089,PHI,NY,4870562,Dominick Barlow,F,blind,ast,0.698,0.0,0.0,0.0,1.0,2.0
401909089,PHI,NY,4870562,Dominick Barlow,F,blind,fg3m,0.143,0.0,0.0,0.0,0.0,1.0
401909089,PHI,NY,4870562,Dominick Barlow,F,blind,stl,0.516,0.0,0.0,0.0,1.0,2.0
401909089,PHI,NY,4870562,Dominick Barlow,F,blind,blk,0.52,0.0,0.0,0.0,1.0,2.0
401909089,PHI,NY,4870562,Dominick Barlow,F,blind,tov,0.457,0.0,0.0,0.0,1.0,1.0
401909089,PHI,NY,4870562,Dominick Barlow,F,blind,pra,7.669,1.0,4.0,7.0,11.0,15.0
401909089,PHI,NY,5105637,Adem Bona,C,blind,min,13.354,3.189,8.162,13.556,18.822,23.601
401909089,PHI,NY,5105637,Adem Bona,C,blind,pts,3.301,0.0,1.0,2.0,5.0,8.0
401909089,PHI,NY,5105637,Adem Bona,C,blind,reb,2.883,0.0,1.0,2.0,4.0,6.0
401909089,PHI,NY,5105637,Adem Bona,C,blind,ast,0.351,0.0,0.0,0.0,1.0,1.0
401909089,PHI,NY,5105637,Adem Bona,C,blind,fg3m,0.023,0.0,0.0,0.0,0.0,0.0
401909089,PHI,NY,5105637,Adem Bona,C,blind,stl,0.294,0.0,0.0,0.0,0.0,1.0
401909089,PHI,NY,5105637,Adem Bona,C,blind,blk,0.716,0.0,0.0,0.0,1.0,2.0
401909089,PHI,NY,5105637,Adem Bona,C,blind,tov,0.715,0.0,0.0,0.0,1.0,2.0
401909089,PHI,NY,5105637,Adem Bona,C,blind,pra,6.535,1.0,3.0,6.0,9.0,14.0
401909089,PHI,NY,3917376,Jaylen Brown,G,blind,min,28.542,19.951,23.888,28.632,33.404,37.477
401909089,PHI,NY,3917376,Jaylen Brown,G,blind,pts,17.775,8.0,12.0,17.0,22.0,28.0
401909089,PHI,NY,3917376,Jaylen Brown,G,blind,reb,4.857,2.0,3.0,4.0,6.0,9.0
401909089,PHI,NY,3917376,Jaylen Brown,G,blind,ast,3.356,1.0,2.0,3.0,5.0,6.0
401909089,PHI,NY,3917376,Jaylen Brown,G,blind,fg3m,1.306,0.0,0.0,1.0,2.0,3.0
401909089,PHI,NY,3917376,Jaylen Brown,G,blind,stl,0.745,0.0,0.0,1.0,1.0,2.0
401909089,PHI,NY,3917376,Jaylen Brown,G,blind,blk,0.399,0.0,0.0,0.0,1.0,1.0
401909089,PHI,NY,3917376,Jaylen Brown,G,blind,tov,2.659,1.0,1.0,2.0,4.0,5.0
401909089,PHI,NY,3917376,Jaylen Brown,G,blind,pra,25.988,14.0,19.0,25.0,32.0,39.0
401909089,PHI,NY,2581018,Kentavious Caldwell-Pope,G,blind,min,18.512,12.281,15.202,18.411,21.922,24.918
401909089,PHI,NY,2581018,Kentavious Caldwell-Pope,G,blind,pts,5.694,1.0,2.0,5.0,8.0,12.0
401909089,PHI,NY,2581018,Kentavious Caldwell-Pope,G,blind,reb,1.842,0.0,1.0,2.0,3.0,4.0
401909089,PHI,NY,2581018,Kentavious Caldwell-Pope,G,blind,ast,1.69,0.0,1.0,1.0,2.0,4.0
401909089,PHI,NY,2581018,Kentavious Caldwell-Pope,G,blind,fg3m,0.727,0.0,0.0,1.0,1.0,2.0
401909089,PHI,NY,2581018,Kentavious Caldwell-Pope,G,blind,stl,0.692,0.0,0.0,0.0,1.0,2.0
401909089,PHI,NY,2581018,Kentavious Caldwell-Pope,G,blind,blk,0.133,0.0,0.0,0.0,0.0,1.0
401909089,PHI,NY,2581018,Kentavious Caldwell-Pope,G,blind,tov,0.841,0.0,0.0,1.0,1.0,2.0
401909089,PHI,NY,2581018,Kentavious Caldwell-Pope,G,blind,pra,9.225,3.0,5.0,8.0,12.0,16.0
401909089,PHI,NY,5124612,VJ Edgecombe,G,blind,min,29.762,23.348,26.18,29.802,33.369,36.353
401909089,PHI,NY,5124612,VJ Edgecombe,G,blind,pts,10.557,4.0,6.0,10.0,14.0,19.0
401909089,PHI,NY,5124612,VJ Edgecombe,G,blind,reb,4.405,1.0,3.0,4.0,6.0,8.0
401909089,PHI,NY,5124612,VJ Edgecombe,G,blind,ast,2.962,1.0,1.0,3.0,4.0,6.0
401909089,PHI,NY,5124612,VJ Edgecombe,G,blind,fg3m,1.295,0.0,0.0,1.0,2.0,3.0
401909089,PHI,NY,5124612,VJ Edgecombe,G,blind,stl,0.98,0.0,0.0,1.0,1.0,2.0
401909089,PHI,NY,5124612,VJ Edgecombe,G,blind,blk,0.365,0.0,0.0,0.0,1.0,1.0
401909089,PHI,NY,5124612,VJ Edgecombe,G,blind,tov,1.367,0.0,0.0,1.0,2.0,3.0
401909089,PHI,NY,5124612,VJ Edgecombe,G,blind,pra,17.924,9.0,13.0,17.0,22.0,27.0
401909089,PHI,NY,4711297,Justin Edwards,F,blind,min,12.532,1.074,6.418,12.388,18.091,23.451
401909089,PHI,NY,4711297,Justin Edwards,F,blind,pts,4.141,0.0,1.0,3.0,6.0,10.0
401909089,PHI,NY,4711297,Justin Edwards,F,blind,reb,1.244,0.0,0.0,1.0,2.0,3.0
401909089,PHI,NY,4711297,Justin Edwards,F,blind,ast,0.809,0.0,0.0,0.0,1.0,2.0
401909089,PHI,NY,4711297,Justin Edwards,F,blind,fg3m,0.664,0.0,0.0,0.0,1.0,2.0
401909089,PHI,NY,4711297,Justin Edwards,F,blind,stl,0.528,0.0,0.0,0.0,1.0,2.0
401909089,PHI,NY,4711297,Justin Edwards,F,blind,blk,0.116,0.0,0.0,0.0,0.0,1.0
401909089,PHI,NY,4711297,Justin Edwards,F,blind,tov,0.455,0.0,0.0,0.0,1.0,1.0
401909089,PHI,NY,4711297,Justin Edwards,F,blind,pra,6.194,0.0,2.0,5.0,9.0,13.0
401909089,PHI,NY,3059318,Joel Embiid,C,blind,min,27.345,20.643,24.034,27.354,30.738,33.927
401909089,PHI,NY,3059318,Joel Embiid,C,blind,pts,18.079,9.0,13.0,17.0,23.0,29.0
401909089,PHI,NY,3059318,Joel Embiid,C,blind,reb,5.816,2.0,4.0,5.0,8.0,10.0
401909089,PHI,NY,3059318,Joel Embiid,C,blind,ast,3.237,1.0,2.0,3.0,4.0,6.0
401909089,PHI,NY,3059318,Joel Embiid,C,blind,fg3m,0.933,0.0,0.0,1.0,1.0,2.0
401909089,PHI,NY,3059318,Joel Embiid,C,blind,stl,0.396,0.0,0.0,0.0,1.0,1.0
401909089,PHI,NY,3059318,Joel Embiid,C,blind,blk,0.901,0.0,0.0,1.0,1.0,2.0
401909089,PHI,NY,3059318,Joel Embiid,C,blind,tov,2.107,0.0,1.0,2.0,3.0,4.0
401909089,PHI,NY,3059318,Joel Embiid,C,blind,pra,27.131,16.0,20.0,26.0,33.0,40.0
401909089,PHI,NY,1966,LeBron James,F,blind,min,28.433,20.217,24.083,28.577,33.197,37.262
401909089,PHI,NY,1966,LeBron James,F,blind,pts,14.466,6.0,9.0,14.0,19.0,25.0
401909089,PHI,NY,1966,LeBron James,F,blind,reb,4.743,2.0,3.0,4.0,6.0,9.0
401909089,PHI,NY,1966,LeBron James,F,blind,ast,5.411,2.0,3.0,5.0,7.0,9.0
401909089,PHI,NY,1966,LeBron James,F,blind,fg3m,0.997,0.0,0.0,1.0,2.0,2.0
401909089,PHI,NY,1966,LeBron James,F,blind,stl,0.968,0.0,0.0,1.0,2.0,2.0
401909089,PHI,NY,1966,LeBron James,F,blind,blk,0.381,0.0,0.0,0.0,1.0,1.0
401909089,PHI,NY,1966,LeBron James,F,blind,tov,2.403,0.0,1.0,2.0,3.0,5.0
401909089,PHI,NY,1966,LeBron James,F,blind,pra,24.62,14.0,18.0,24.0,31.0,38.0
401909089,PHI,NY,4433144,Caleb Love,G,blind,min,17.024,4.253,10.172,16.967,23.786,29.762
401909089,PHI,NY,4433144,Caleb Love,G,blind,pts,6.889,0.0,2.0,5.0,10.0,15.0
401909089,PHI,NY,4433144,Caleb Love,G,blind,reb,1.591,0.0,0.0,1.0,2.0,4.0
401909089,PHI,NY,4433144,Caleb Love,G,blind,ast,1.812,0.0,0.0,1.0,3.0,4.0
401909089,PHI,NY,4433144,Caleb Love,G,blind,fg3m,1.239,0.0,0.0,1.0,2.0,3.0
401909089,PHI,NY,4433144,Caleb Love,G,blind,stl,0.437,0.0,0.0,0.0,1.0,1.0
401909089,PHI,NY,4433144,Caleb Love,G,blind,blk,0.067,0.0,0.0,0.0,0.0,0.0
401909089,PHI,NY,4433144,Caleb Love,G,blind,tov,1.011,0.0,0.0,1.0,2.0,3.0
401909089,PHI,NY,4433144,Caleb Love,G,blind,pra,10.293,1.0,4.0,9.0,14.0,21.0
401909089,PHI,NY,4431678,Tyrese Maxey,G,blind,min,30.9,20.82,25.715,30.874,36.3,41.116
401909089,PHI,NY,4431678,Tyrese Maxey,G,blind,pts,16.794,7.0,11.0,15.5,21.0,27.0
401909089,PHI,NY,4431678,Tyrese Maxey,G,blind,reb,2.957,1.0,1.0,3.0,4.0,6.0
401909089,PHI,NY,4431678,Tyrese Maxey,G,blind,ast,4.259,1.0,2.0,4.0,6.0,8.0
401909089,PHI,NY,4431678,Tyrese Maxey,G,blind,fg3m,1.74,0.0,1.0,1.0,3.0,4.0
401909089,PHI,NY,4431678,Tyrese Maxey,G,blind,stl,1.106,0.0,0.0,1.0,2.0,2.1
401909089,PHI,NY,4431678,Tyrese Maxey,G,blind,blk,0.45,0.0,0.0,0.0,1.0,1.0
401909089,PHI,NY,4431678,Tyrese Maxey,G,blind,tov,1.722,0.0,1.0,1.0,2.0,4.0
401909089,PHI,NY,4431678,Tyrese Maxey,G,blind,pra,24.01,13.0,17.0,23.0,30.0,37.0
401909089,PHI,NY,5099752,Rayan Rupert,G,blind,min,18.361,5.858,11.618,18.332,24.98,31.181
401909089,PHI,NY,5099752,Rayan Rupert,G,blind,pts,5.141,0.0,2.0,4.0,7.0,12.0
401909089,PHI,NY,5099752,Rayan Rupert,G,blind,reb,3.017,0.0,1.0,3.0,4.0,7.0
401909089,PHI,NY,5099752,Rayan Rupert,G,blind,ast,1.107,0.0,0.0,1.0,2.0,3.0
401909089,PHI,NY,5099752,Rayan Rupert,G,blind,fg3m,0.647,0.0,0.0,0.0,1.0,2.0
401909089,PHI,NY,5099752,Rayan Rupert,G,blind,stl,0.864,0.0,0.0,1.0,1.0,2.0
401909089,PHI,NY,5099752,Rayan Rupert,G,blind,blk,0.175,0.0,0.0,0.0,0.0,1.0
401909089,PHI,NY,5099752,Rayan Rupert,G,blind,tov,0.956,0.0,0.0,1.0,2.0,2.0
401909089,PHI,NY,5099752,Rayan Rupert,G,blind,pra,9.265,2.0,4.0,8.0,13.0,18.1
401909089,PHI,NY,4351851,Anfernee Simons,G,blind,min,21.68,14.207,17.645,21.882,25.767,29.453
401909089,PHI,NY,4351851,Anfernee Simons,G,blind,pts,10.001,3.0,5.0,9.0,13.25,19.0
401909089,PHI,NY,4351851,Anfernee Simons,G,blind,reb,1.922,0.0,1.0,2.0,3.0,4.0
401909089,PHI,NY,4351851,Anfernee Simons,G,blind,ast,1.917,0.0,1.0,2.0,3.0,4.0
401909089,PHI,NY,4351851,Anfernee Simons,G,blind,fg3m,1.803,0.0,1.0,2.0,3.0,4.0
401909089,PHI,NY,4351851,Anfernee Simons,G,blind,stl,0.406,0.0,0.0,0.0,1.0,1.0
401909089,PHI,NY,4351851,Anfernee Simons,G,blind,blk,0.117,0.0,0.0,0.0,0.0,1.0
401909089,PHI,NY,4351851,Anfernee Simons,G,blind,tov,1.068,0.0,0.0,1.0,2.0,3.0
401909089,PHI,NY,4351851,Anfernee Simons,G,blind,pra,13.84,6.0,8.0,13.0,18.0,24.0
401909089,PHI,NY,3912848,Dean Wade,F,blind,min,18.64,12.724,15.471,18.521,21.638,24.535
401909089,PHI,NY,3912848,Dean Wade,F,blind,pts,3.582,0.0,1.0,3.0,5.0,7.0
401909089,PHI,NY,3912848,Dean Wade,F,blind,reb,3.002,1.0,1.0,3.0,4.0,6.0
401909089,PHI,NY,3912848,Dean Wade,F,blind,ast,0.894,0.0,0.0,1.0,1.0,2.0
401909089,PHI,NY,3912848,Dean Wade,F,blind,fg3m,0.798,0.0,0.0,1.0,1.0,2.0
401909089,PHI,NY,3912848,Dean Wade,F,blind,stl,0.538,0.0,0.0,0.0,1.0,2.0
401909089,PHI,NY,3912848,Dean Wade,F,blind,blk,0.187,0.0,0.0,0.0,0.0,1.0
401909089,PHI,NY,3912848,Dean Wade,F,blind,tov,0.323,0.0,0.0,0.0,1.0,1.0
401909089,PHI,NY,3912848,Dean Wade,F,blind,pra,7.479,3.0,4.0,7.0,10.0,13.0
401909090,SA,OKC,6578,Harrison Barnes,F,blind,min,14.66,3.72,8.893,14.871,20.45,25.394
401909090,SA,OKC,6578,Harrison Barnes,F,blind,pts,5.141,0.0,2.0,4.0,7.0,12.0
401909090,SA,OKC,6578,Harrison Barnes,F,blind,reb,1.734,0.0,0.0,1.0,3.0,4.0
401909090,SA,OKC,6578,Harrison Barnes,F,blind,ast,0.88,0.0,0.0,1.0,1.0,2.0
401909090,SA,OKC,6578,Harrison Barnes,F,blind,fg3m,0.933,0.0,0.0,1.0,2.0,3.0
401909090,SA,OKC,6578,Harrison Barnes,F,blind,stl,0.317,0.0,0.0,0.0,1.0,1.0
401909090,SA,OKC,6578,Harrison Barnes,F,blind,blk,0.1,0.0,0.0,0.0,0.0,0.0
401909090,SA,OKC,6578,Harrison Barnes,F,blind,tov,0.411,0.0,0.0,0.0,1.0,1.0
401909090,SA,OKC,6578,Harrison Barnes,F,blind,pra,7.755,1.0,3.0,7.0,11.0,16.0
401909090,SA,OKC,5061568,Carter Bryant,F,blind,min,9.801,1.385,5.238,9.656,14.039,18.101
401909090,SA,OKC,5061568,Carter Bryant,F,blind,pts,3.427,0.0,1.0,2.0,5.0,8.0
401909090,SA,OKC,5061568,Carter Bryant,F,blind,reb,2.054,0.0,0.0,2.0,3.0,5.0
401909090,SA,OKC,5061568,Carter Bryant,F,blind,ast,0.689,0.0,0.0,0.0,1.0,2.0
401909090,SA,OKC,5061568,Carter Bryant,F,blind,fg3m,0.643,0.0,0.0,0.0,1.0,2.0
401909090,SA,OKC,5061568,Carter Bryant,F,blind,stl,0.194,0.0,0.0,0.0,0.0,1.0
401909090,SA,OKC,5061568,Carter Bryant,F,blind,blk,0.304,0.0,0.0,0.0,1.0,1.0
401909090,SA,OKC,5061568,Carter Bryant,F,blind,tov,0.53,0.0,0.0,0.0,1.0,2.0
401909090,SA,OKC,5061568,Carter Bryant,F,blind,pra,6.169,0.0,2.0,5.0,9.0,13.0
401909090,SA,OKC,4845367,Stephon Castle,G,blind,min,28.387,21.164,24.722,28.589,32.306,35.643
401909090,SA,OKC,4845367,Stephon Castle,G,blind,pts,14.687,6.9,9.0,14.0,19.0,25.0
401909090,SA,OKC,4845367,Stephon Castle,G,blind,reb,4.822,2.0,3.0,5.0,6.0,8.0
401909090,SA,OKC,4845367,Stephon Castle,G,blind,ast,5.974,3.0,4.0,6.0,8.0,10.0
401909090,SA,OKC,4845367,Stephon Castle,G,blind,fg3m,1.217,0.0,0.0,1.0,2.0,3.0
401909090,SA,OKC,4845367,Stephon Castle,G,blind,stl,0.862,0.0,0.0,1.0,1.0,2.0
401909090,SA,OKC,4845367,Stephon Castle,G,blind,blk,0.264,0.0,0.0,0.0,0.0,1.0
401909090,SA,OKC,4845367,Stephon Castle,G,blind,tov,2.828,1.0,1.0,3.0,4.0,5.0
401909090,SA,OKC,4845367,Stephon Castle,G,blind,pra,25.482,15.0,19.0,25.0,31.0,38.0
401909090,SA,OKC,4592479,Julian Champagnie,F,blind,min,26.319,20.128,23.026,26.341,29.598,32.806
401909090,SA,OKC,4592479,Julian Champagnie,F,blind,pts,9.806,3.0,5.0,9.0,13.0,18.0
401909090,SA,OKC,4592479,Julian Champagnie,F,blind,reb,5.098,2.0,3.0,5.0,7.0,9.0
401909090,SA,OKC,4592479,Julian Champagnie,F,blind,ast,1.408,0.0,0.0,1.0,2.0,3.0
401909090,SA,OKC,4592479,Julian Champagnie,F,blind,fg3m,2.291,0.0,1.0,2.0,3.0,5.0
401909090,SA,OKC,4592479,Julian Champagnie,F,blind,stl,0.877,0.0,0.0,1.0,1.0,2.0
401909090,SA,OKC,4592479,Julian Champagnie,F,blind,blk,0.464,0.0,0.0,0.0,1.0,1.0
401909090,SA,OKC,4592479,Julian Champagnie,F,blind,tov,0.622,0.0,0.0,0.0,1.0,2.0
401909090,SA,OKC,4592479,Julian Champagnie,F,blind,pra,16.311,8.0,11.0,15.0,20.0,25.0
401909090,SA,OKC,4066259,De'Aaron Fox,G,blind,min,28.414,21.092,24.652,28.44,32.266,35.773
401909090,SA,OKC,4066259,De'Aaron Fox,G,blind,pts,13.961,6.0,9.0,13.0,18.0,24.0
401909090,SA,OKC,4066259,De'Aaron Fox,G,blind,reb,3.331,1.0,2.0,3.0,5.0,6.0
401909090,SA,OKC,4066259,De'Aaron Fox,G,blind,ast,5.23,2.0,3.0,5.0,7.0,9.0
401909090,SA,OKC,4066259,De'Aaron Fox,G,blind,fg3m,1.355,0.0,0.0,1.0,2.0,3.0
401909090,SA,OKC,4066259,De'Aaron Fox,G,blind,stl,1.114,0.0,0.0,1.0,2.0,3.0
401909090,SA,OKC,4066259,De'Aaron Fox,G,blind,blk,0.311,0.0,0.0,0.0,1.0,1.0
401909090,SA,OKC,4066259,De'Aaron Fox,G,blind,tov,1.858,0.0,1.0,2.0,3.0,4.0
401909090,SA,OKC,4066259,De'Aaron Fox,G,blind,pra,22.523,12.0,16.0,22.0,28.0,34.0
401909090,SA,OKC,5037871,Dylan Harper,G,blind,min,22.989,15.786,19.167,23.038,26.682,30.236
401909090,SA,OKC,5037871,Dylan Harper,G,blind,pts,11.561,4.0,7.0,11.0,15.0,21.0
401909090,SA,OKC,5037871,Dylan Harper,G,blind,reb,4.208,1.0,2.0,4.0,6.0,7.0
401909090,SA,OKC,5037871,Dylan Harper,G,blind,ast,2.973,1.0,1.0,3.0,4.0,6.0
401909090,SA,OKC,5037871,Dylan Harper,G,blind,fg3m,0.956,0.0,0.0,1.0,2.0,2.0
401909090,SA,OKC,5037871,Dylan Harper,G,blind,stl,0.72,0.0,0.0,1.0,1.0,2.0
401909090,SA,OKC,5037871,Dylan Harper,G,blind,blk,0.278,0.0,0.0,0.0,0.0,1.0
401909090,SA,OKC,5037871,Dylan Harper,G,blind,tov,1.327,0.0,0.0,1.0,2.0,3.0
401909090,SA,OKC,5037871,Dylan Harper,G,blind,pra,18.742,9.0,13.0,18.0,24.0,30.0
401909090,SA,OKC,6440,Tobias Harris,F,blind,min,27.167,18.129,22.647,27.156,32.138,36.435
401909090,SA,OKC,6440,Tobias Harris,F,blind,pts,12.921,5.0,8.0,12.0,17.0,22.1
401909090,SA,OKC,6440,Tobias Harris,F,blind,reb,5.302,2.0,3.0,5.0,7.0,9.0
401909090,SA,OKC,6440,Tobias Harris,F,blind,ast,1.915,0.0,1.0,2.0,3.0,4.0
401909090,SA,OKC,6440,Tobias Harris,F,blind,fg3m,1.219,0.0,0.0,1.0,2.0,3.0
401909090,SA,OKC,6440,Tobias Harris,F,blind,stl,1.024,0.0,0.0,1.0,2.0,2.0
401909090,SA,OKC,6440,Tobias Harris,F,blind,blk,0.546,0.0,0.0,0.0,1.0,2.0
401909090,SA,OKC,6440,Tobias Harris,F,blind,tov,0.906,0.0,0.0,1.0,1.0,2.0
401909090,SA,OKC,6440,Tobias Harris,F,blind,pra,20.138,10.0,14.0,19.0,25.0,32.0
401909090,SA,OKC,4395723,Keldon Johnson,F,blind,min,18.166,11.951,14.957,18.268,21.345,24.295
401909090,SA,OKC,4395723,Keldon Johnson,F,blind,pts,9.022,2.0,4.0,8.0,12.0,17.0
401909090,SA,OKC,4395723,Keldon Johnson,F,blind,reb,3.638,1.0,2.0,3.0,5.0,7.0
401909090,SA,OKC,4395723,Keldon Johnson,F,blind,ast,0.938,0.0,0.0,1.0,1.0,2.0
401909090,SA,OKC,4395723,Keldon Johnson,F,blind,fg3m,0.974,0.0,0.0,1.0,2.0,2.0
401909090,SA,OKC,4395723,Keldon Johnson,F,blind,stl,0.491,0.0,0.0,0.0,1.0,1.0
401909090,SA,OKC,4395723,Keldon Johnson,F,blind,blk,0.134,0.0,0.0,0.0,0.0,1.0
401909090,SA,OKC,4395723,Keldon Johnson,F,blind,tov,0.79,0.0,0.0,1.0,1.0,2.0
401909090,SA,OKC,4395723,Keldon Johnson,F,blind,pra,13.599,6.0,8.0,12.0,17.0,23.0
401909090,SA,OKC,3064560,Luke Kornet,C,blind,min,13.891,5.357,9.342,13.714,18.236,22.173
401909090,SA,OKC,3064560,Luke Kornet,C,blind,pts,3.782,0.0,1.0,3.0,5.0,8.0
401909090,SA,OKC,3064560,Luke Kornet,C,blind,reb,3.984,1.0,2.0,3.0,6.0,8.0
401909090,SA,OKC,3064560,Luke Kornet,C,blind,ast,1.001,0.0,0.0,1.0,2.0,2.1
401909090,SA,OKC,3064560,Luke Kornet,C,blind,fg3m,0.029,0.0,0.0,0.0,0.0,0.0
401909090,SA,OKC,3064560,Luke Kornet,C,blind,stl,0.46,0.0,0.0,0.0,1.0,1.0
401909090,SA,OKC,3064560,Luke Kornet,C,blind,blk,0.606,0.0,0.0,0.0,1.0,2.0
401909090,SA,OKC,3064560,Luke Kornet,C,blind,tov,0.391,0.0,0.0,0.0,1.0,1.0
401909090,SA,OKC,3064560,Luke Kornet,C,blind,pra,8.767,2.0,4.0,8.0,12.0,16.0
401909090,SA,OKC,4703421,Taelon Peter,G,blind,min,14.132,1.4,7.41,14.269,20.932,27.166
401909090,SA,OKC,4703421,Taelon Peter,G,blind,pts,4.936,0.0,1.0,4.0,7.0,12.0
401909090,SA,OKC,4703421,Taelon Peter,G,blind,reb,1.66,0.0,0.0,1.0,3.0,4.0
401909090,SA,OKC,4703421,Taelon Peter,G,blind,ast,1.049,0.0,0.0,1.0,2.0,3.0
401909090,SA,OKC,4703421,Taelon Peter,G,blind,fg3m,1.125,0.0,0.0,1.0,2.0,3.0
401909090,SA,OKC,4703421,Taelon Peter,G,blind,stl,0.761,0.0,0.0,0.0,1.0,2.0
401909090,SA,OKC,4703421,Taelon Peter,G,blind,blk,0.096,0.0,0.0,0.0,0.0,0.0
401909090,SA,OKC,4703421,Taelon Peter,G,blind,tov,0.729,0.0,0.0,0.0,1.0,2.0
401909090,SA,OKC,4703421,Taelon Peter,G,blind,pra,7.644,0.0,3.0,7.0,11.0,17.0
401909090,SA,OKC,4395630,Devin Vassell,G,blind,min,29.585,22.387,25.748,29.538,33.002,36.382
401909090,SA,OKC,4395630,Devin Vassell,G,blind,pts,11.474,4.0,7.0,10.0,15.0,19.1
401909090,SA,OKC,4395630,Devin Vassell,G,blind,reb,4.332,1.0,2.0,4.0,6.0,8.0
401909090,SA,OKC,4395630,Devin Vassell,G,blind,ast,2.364,0.0,1.0,2.0,3.0,5.0
401909090,SA,OKC,4395630,Devin Vassell,G,blind,fg3m,2.155,0.0,1.0,2.0,3.0,4.0
401909090,SA,OKC,4395630,Devin Vassell,G,blind,stl,0.942,0.0,0.0,1.0,1.0,2.0
401909090,SA,OKC,4395630,Devin Vassell,G,blind,blk,0.462,0.0,0.0,0.0,1.0,1.0
401909090,SA,OKC,4395630,Devin Vassell,G,blind,tov,0.828,0.0,0.0,1.0,1.0,2.0
401909090,SA,OKC,4395630,Devin Vassell,G,blind,pra,18.17,9.0,13.0,17.0,22.0,28.0
401909090,SA,OKC,5104157,Victor Wembanyama,F,blind,min,28.807,18.131,23.0,28.488,34.128,38.942
401909090,SA,OKC,5104157,Victor Wembanyama,F,blind,pts,21.612,10.0,15.0,21.0,27.0,35.0
401909090,SA,OKC,5104157,Victor Wembanyama,F,blind,reb,10.042,4.9,7.0,10.0,13.0,16.0
401909090,SA,OKC,5104157,Victor Wembanyama,F,blind,ast,2.556,0.0,1.0,2.0,4.0,5.0
401909090,SA,OKC,5104157,Victor Wembanyama,F,blind,fg3m,1.797,0.0,1.0,1.0,3.0,4.0
401909090,SA,OKC,5104157,Victor Wembanyama,F,blind,stl,0.912,0.0,0.0,1.0,1.0,2.0
401909090,SA,OKC,5104157,Victor Wembanyama,F,blind,blk,2.906,1.0,1.0,3.0,4.0,6.0
401909090,SA,OKC,5104157,Victor Wembanyama,F,blind,tov,2.167,0.0,1.0,2.0,3.0,4.0
401909090,SA,OKC,5104157,Victor Wembanyama,F,blind,pra,34.21,19.0,25.0,33.0,42.0,51.0
401909090,SA,OKC,4277880,Malik Williams,C,blind,min,11.967,4.495,7.838,11.969,16.165,19.906
401909090,SA,OKC,4277880,Malik Williams,C,blind,pts,2.896,0.0,1.0,2.0,4.0,7.0
401909090,SA,OKC,4277880,Malik Williams,C,blind,reb,4.035,1.0,2.0,3.0,6.0,8.0
401909090,SA,OKC,4277880,Malik Williams,C,blind,ast,0.407,0.0,0.0,0.0,1.0,1.0
401909090,SA,OKC,4277880,Malik Williams,C,blind,fg3m,0.163,0.0,0.0,0.0,0.0,1.0
401909090,SA,OKC,4277880,Malik Williams,C,blind,stl,0.322,0.0,0.0,0.0,1.0,1.0
401909090,SA,OKC,4277880,Malik Williams,C,blind,blk,0.458,0.0,0.0,0.0,1.0,1.0
401909090,SA,OKC,4277880,Malik Williams,C,blind,tov,0.457,0.0,0.0,0.0,1.0,1.0
401909090,SA,OKC,4277880,Malik Williams,C,blind,pra,7.338,2.0,4.0,7.0,10.0,14.0
401909090,OKC,SA,4684208,Brooks Barnhizer,F,blind,min,10.931,0.0,4.945,10.854,17.013,22.219
401909090,OKC,SA,4684208,Brooks Barnhizer,F,blind,pts,2.292,0.0,0.0,1.0,3.0,6.0
401909090,OKC,SA,4684208,Brooks Barnhizer,F,blind,reb,2.206,0.0,0.0,2.0,4.0,5.0
401909090,OKC,SA,4684208,Brooks Barnhizer,F,blind,ast,0.673,0.0,0.0,0.0,1.0,2.0
401909090,OKC,SA,4684208,Brooks Barnhizer,F,blind,fg3m,0.279,0.0,0.0,0.0,0.0,1.0
401909090,OKC,SA,4684208,Brooks Barnhizer,F,blind,stl,0.378,0.0,0.0,0.0,1.0,1.0
401909090,OKC,SA,4684208,Brooks Barnhizer,F,blind,blk,0.167,0.0,0.0,0.0,0.0,1.0
401909090,OKC,SA,4684208,Brooks Barnhizer,F,blind,tov,0.343,0.0,0.0,0.0,1.0,1.0
401909090,OKC,SA,4684208,Brooks Barnhizer,F,blind,pra,5.171,0.0,1.0,4.0,8.0,12.0
401909090,OKC,SA,2991350,Alex Caruso,G,blind,min,22.629,13.806,18.007,22.645,27.497,31.794
401909090,OKC,SA,2991350,Alex Caruso,G,blind,pts,8.17,2.0,4.0,7.0,11.0,16.0
401909090,OKC,SA,2991350,Alex Caruso,G,blind,reb,3.033,1.0,1.0,3.0,4.0,6.0
401909090,OKC,SA,2991350,Alex Caruso,G,blind,ast,2.033,0.0,1.0,2.0,3.0,4.0
401909090,OKC,SA,2991350,Alex Caruso,G,blind,fg3m,1.399,0.0,0.0,1.0,2.0,3.0
401909090,OKC,SA,2991350,Alex Caruso,G,blind,stl,1.332,0.0,0.0,1.0,2.0,3.0
401909090,OKC,SA,2991350,Alex Caruso,G,blind,blk,0.388,0.0,0.0,0.0,1.0,1.0
401909090,OKC,SA,2991350,Alex Caruso,G,blind,tov,0.966,0.0,0.0,1.0,1.0,2.0
401909090,OKC,SA,2991350,Alex Caruso,G,blind,pra,13.236,5.0,8.0,12.0,17.0,23.0
401909090,OKC,SA,5105800,Josh Dix,G,blind,min,9.066,1.415,4.775,8.828,13.039,16.743
401909090,OKC,SA,5105800,Josh Dix,G,blind,pts,3.9,0.0,1.0,3.0,6.0,9.0
401909090,OKC,SA,5105800,Josh Dix,G,blind,reb,1.154,0.0,0.0,1.0,2.0,3.0
401909090,OKC,SA,5105800,Josh Dix,G,blind,ast,1.094,0.0,0.0,1.0,2.0,3.0
401909090,OKC,SA,5105800,Josh Dix,G,blind,fg3m,0.517,0.0,0.0,0.0,1.0,2.0
401909090,OKC,SA,5105800,Josh Dix,G,blind,stl,0.309,0.0,0.0,0.0,1.0,1.0
401909090,OKC,SA,5105800,Josh Dix,G,blind,blk,0.109,0.0,0.0,0.0,0.0,0.0
401909090,OKC,SA,5105800,Josh Dix,G,blind,tov,0.505,0.0,0.0,0.0,1.0,2.0
401909090,OKC,SA,5105800,Josh Dix,G,blind,pra,6.148,0.0,2.0,5.0,9.0,13.0
401909090,OKC,SA,4278073,Shai Gilgeous-Alexander,G,blind,min,37.319,30.321,33.777,37.186,40.801,44.147
401909090,OKC,SA,4278073,Shai Gilgeous-Alexander,G,blind,pts,28.192,17.0,22.0,27.0,34.0,40.0
401909090,OKC,SA,4278073,Shai Gilgeous-Alexander,G,blind,reb,3.878,1.0,2.0,4.0,5.0,7.0
401909090,OKC,SA,4278073,Shai Gilgeous-Alexander,G,blind,ast,7.057,3.0,5.0,7.0,9.0,11.0
401909090,OKC,SA,4278073,Shai Gilgeous-Alexander,G,blind,fg3m,1.402,0.0,0.0,1.0,2.0,3.0
401909090,OKC,SA,4278073,Shai Gilgeous-Alexander,G,blind,stl,1.438,0.0,1.0,1.0,2.0,3.0
401909090,OKC,SA,4278073,Shai Gilgeous-Alexander,G,blind,blk,0.813,0.0,0.0,1.0,1.0,2.0
401909090,OKC,SA,4278073,Shai Gilgeous-Alexander,G,blind,tov,2.745,1.0,1.0,3.0,4.0,5.0
401909090,OKC,SA,4278073,Shai Gilgeous-Alexander,G,blind,pra,39.128,26.0,31.0,38.0,45.0,53.0
401909090,OKC,SA,4222252,Isaiah Hartenstein,C,blind,min,25.138,18.436,21.522,24.99,28.5,31.668
401909090,OKC,SA,4222252,Isaiah Hartenstein,C,blind,pts,8.515,2.0,4.0,7.0,12.0,16.0
401909090,OKC,SA,4222252,Isaiah Hartenstein,C,blind,reb,9.042,4.0,6.0,9.0,11.0,14.0
401909090,OKC,SA,4222252,Isaiah Hartenstein,C,blind,ast,3.267,1.0,2.0,3.0,4.0,6.0
401909090,OKC,SA,4222252,Isaiah Hartenstein,C,blind,fg3m,0.024,0.0,0.0,0.0,0.0,0.0
401909090,OKC,SA,4222252,Isaiah Hartenstein,C,blind,stl,0.906,0.0,0.0,1.0,1.0,2.0
401909090,OKC,SA,4222252,Isaiah Hartenstein,C,blind,blk,0.763,0.0,0.0,1.0,1.0,2.0
401909090,OKC,SA,4222252,Isaiah Hartenstein,C,blind,tov,1.663,0.0,1.0,1.0,2.0,3.0
401909090,OKC,SA,4222252,Isaiah Hartenstein,C,blind,pra,20.824,11.0,15.0,20.0,25.0,31.0
401909090,OKC,SA,4433255,Chet Holmgren,C,blind,min,31.206,23.706,27.319,31.438,35.478,38.91
401909090,OKC,SA,4433255,Chet Holmgren,C,blind,pts,15.118,7.0,10.0,14.0,19.0,25.0
401909090,OKC,SA,4433255,Chet Holmgren,C,blind,reb,8.878,4.0,6.0,8.0,11.0,14.0
401909090,OKC,SA,4433255,Chet Holmgren,C,blind,ast,1.533,0.0,1.0,1.0,2.0,3.0
401909090,OKC,SA,4433255,Chet Holmgren,C,blind,fg3m,1.171,0.0,0.0,1.0,2.0,3.0
401909090,OKC,SA,4433255,Chet Holmgren,C,blind,stl,0.853,0.0,0.0,1.0,1.0,2.0
401909090,OKC,SA,4433255,Chet Holmgren,C,blind,blk,1.769,0.0,1.0,2.0,3.0,4.0
401909090,OKC,SA,4433255,Chet Holmgren,C,blind,tov,1.441,0.0,0.0,1.0,2.0,3.0
401909090,OKC,SA,4433255,Chet Holmgren,C,blind,pra,25.529,15.0,19.0,25.0,31.0,37.0
401909090,OKC,SA,4683778,Jared McCain,G,blind,min,20.12,9.755,14.699,20.23,25.315,30.179
401909090,OKC,SA,4683778,Jared McCain,G,blind,pts,9.723,2.0,5.0,8.0,13.0,19.0
401909090,OKC,SA,4683778,Jared McCain,G,blind,reb,2.128,0.0,1.0,2.0,3.0,5.0
401909090,OKC,SA,4683778,Jared McCain,G,blind,ast,1.253,0.0,0.0,1.0,2.0,3.0
401909090,OKC,SA,4683778,Jared McCain,G,blind,fg3m,1.64,0.0,0.0,1.0,2.0,4.0
401909090,OKC,SA,4683778,Jared McCain,G,blind,stl,0.463,0.0,0.0,0.0,1.0,1.0
401909090,OKC,SA,4683778,Jared McCain,G,blind,blk,0.072,0.0,0.0,0.0,0.0,0.0
401909090,OKC,SA,4683778,Jared McCain,G,blind,tov,0.927,0.0,0.0,1.0,1.0,2.0
401909090,OKC,SA,4683778,Jared McCain,G,blind,pra,13.103,4.0,8.0,12.0,17.0,24.0
401909090,OKC,SA,4900671,Ajay Mitchell,G,blind,min,28.266,20.742,24.474,28.404,32.218,36.112
401909090,OKC,SA,4900671,Ajay Mitchell,G,blind,pts,12.814,5.0,8.0,12.0,17.0,22.0
401909090,OKC,SA,4900671,Ajay Mitchell,G,blind,reb,3.43,1.0,2.0,3.0,5.0,6.0
401909090,OKC,SA,4900671,Ajay Mitchell,G,blind,ast,3.678,1.0,2.0,3.0,5.0,7.0
401909090,OKC,SA,4900671,Ajay Mitchell,G,blind,fg3m,1.027,0.0,0.0,1.0,2.0,3.0
401909090,OKC,SA,4900671,Ajay Mitchell,G,blind,stl,1.261,0.0,0.0,1.0,2.0,3.0
401909090,OKC,SA,4900671,Ajay Mitchell,G,blind,blk,0.254,0.0,0.0,0.0,0.0,1.0
401909090,OKC,SA,4900671,Ajay Mitchell,G,blind,tov,1.389,0.0,0.0,1.0,2.0,3.0
401909090,OKC,SA,4900671,Ajay Mitchell,G,blind,pra,19.922,11.0,14.0,19.0,25.0,31.0
401909090,OKC,SA,5159925,Nikola Topic,G,blind,min,9.518,0.0,2.509,9.369,16.251,22.241
401909090,OKC,SA,5159925,Nikola Topic,G,blind,pts,2.809,0.0,0.0,2.0,5.0,8.0
401909090,OKC,SA,5159925,Nikola Topic,G,blind,reb,1.027,0.0,0.0,1.0,2.0,3.0
401909090,OKC,SA,5159925,Nikola Topic,G,blind,ast,2.067,0.0,0.0,1.0,3.0,6.0
401909090,OKC,SA,5159925,Nikola Topic,G,blind,fg3m,0.329,0.0,0.0,0.0,1.0,1.0
401909090,OKC,SA,5159925,Nikola Topic,G,blind,stl,0.383,0.0,0.0,0.0,1.0,1.0
401909090,OKC,SA,5159925,Nikola Topic,G,blind,blk,0.031,0.0,0.0,0.0,0.0,0.0
401909090,OKC,SA,5159925,Nikola Topic,G,blind,tov,1.113,0.0,0.0,1.0,2.0,3.0
401909090,OKC,SA,5159925,Nikola Topic,G,blind,pra,5.903,0.0,1.0,5.0,10.0,15.0
401909090,OKC,SA,4683692,Cason Wallace,G,blind,min,27.771,20.713,24.112,27.812,31.402,34.568
401909090,OKC,SA,4683692,Cason Wallace,G,blind,pts,8.533,2.0,4.0,7.0,12.0,16.1
401909090,OKC,SA,4683692,Cason Wallace,G,blind,reb,3.487,1.0,2.0,3.0,5.0,7.0
401909090,OKC,SA,4683692,Cason Wallace,G,blind,ast,2.569,0.0,1.0,2.0,4.0,5.0
401909090,OKC,SA,4683692,Cason Wallace,G,blind,fg3m,1.497,0.0,0.0,1.0,2.0,3.0
401909090,OKC,SA,4683692,Cason Wallace,G,blind,stl,1.948,0.0,1.0,2.0,3.0,4.0
401909090,OKC,SA,4683692,Cason Wallace,G,blind,blk,0.466,0.0,0.0,0.0,1.0,1.0
401909090,OKC,SA,4683692,Cason Wallace,G,blind,tov,0.909,0.0,0.0,1.0,1.0,2.0
401909090,OKC,SA,4683692,Cason Wallace,G,blind,pra,14.589,7.0,10.0,14.0,19.0,24.0
401909090,OKC,SA,4593803,Jalen Williams,G,blind,min,29.89,19.389,24.272,29.785,35.014,40.082
401909090,OKC,SA,4593803,Jalen Williams,G,blind,pts,16.573,7.0,10.0,15.0,21.0,28.0
401909090,OKC,SA,4593803,Jalen Williams,G,blind,reb,4.548,1.0,3.0,4.0,6.0,8.0
401909090,OKC,SA,4593803,Jalen Williams,G,blind,ast,4.73,1.0,3.0,4.0,6.0,8.0
401909090,OKC,SA,4593803,Jalen Williams,G,blind,fg3m,0.905,0.0,0.0,1.0,1.0,2.0
401909090,OKC,SA,4593803,Jalen Williams,G,blind,stl,1.174,0.0,0.0,1.0,2.0,3.0
401909090,OKC,SA,4593803,Jalen Williams,G,blind,blk,0.31,0.0,0.0,0.0,1.0,1.0
401909090,OKC,SA,4593803,Jalen Williams,G,blind,tov,1.839,0.0,1.0,2.0,3.0,4.0
401909090,OKC,SA,4593803,Jalen Williams,G,blind,pra,25.852,13.0,18.0,25.0,32.0,40.0
401909090,OKC,SA,4432823,Jaylin Williams,F,blind,min,19.976,11.099,15.331,19.77,24.795,29.031
401909090,OKC,SA,4432823,Jaylin Williams,F,blind,pts,6.598,1.0,3.0,5.0,9.0,13.0
401909090,OKC,SA,4432823,Jaylin Williams,F,blind,reb,5.2,1.0,3.0,5.0,7.0,10.0
401909090,OKC,SA,4432823,Jaylin Williams,F,blind,ast,2.029,0.0,1.0,2.0,3.0,4.0
401909090,OKC,SA,4432823,Jaylin Williams,F,blind,fg3m,1.456,0.0,0.0,1.0,2.0,3.0
401909090,OKC,SA,4432823,Jaylin Williams,F,blind,stl,0.46,0.0,0.0,0.0,1.0,1.0
401909090,OKC,SA,4432823,Jaylin Williams,F,blind,blk,0.476,0.0,0.0,0.0,1.0,1.0
401909090,OKC,SA,4432823,Jaylin Williams,F,blind,tov,0.796,0.0,0.0,1.0,1.0,2.0
401909090,OKC,SA,4432823,Jaylin Williams,F,blind,pra,13.827,6.0,8.0,13.0,18.0,23.0
401909090,OKC,SA,3133626,Kenrich Williams,G,blind,min,13.268,1.484,6.953,13.435,19.431,25.068
401909090,OKC,SA,3133626,Kenrich Williams,G,blind,pts,5.135,0.0,1.0,4.0,7.25,12.0
401909090,OKC,SA,3133626,Kenrich Williams,G,blind,reb,2.961,0.0,1.0,2.0,5.0,7.0
401909090,OKC,SA,3133626,Kenrich Williams,G,blind,ast,1.111,0.0,0.0,1.0,2.0,3.0
401909090,OKC,SA,3133626,Kenrich Williams,G,blind,fg3m,0.729,0.0,0.0,0.0,1.0,2.0
401909090,OKC,SA,3133626,Kenrich Williams,G,blind,stl,0.404,0.0,0.0,0.0,1.0,1.0
401909090,OKC,SA,3133626,Kenrich Williams,G,blind,blk,0.063,0.0,0.0,0.0,0.0,0.0
401909090,OKC,SA,3133626,Kenrich Williams,G,blind,tov,0.608,0.0,0.0,0.0,1.0,2.0
401909090,OKC,SA,3133626,Kenrich Williams,G,blind,pra,9.206,0.0,4.0,8.0,13.0,20.0
