game_id,team,opp,player,player_id,pos,stat,mean,p10,p25,median,p75,p90
2025_15_ATL_TB,TB,ATL,Baker Mayfield,00-0034855,QB,att,29.301,19.0,25.0,30.0,35.0,39.0
2025_15_ATL_TB,TB,ATL,Baker Mayfield,00-0034855,QB,cmp,18.889,12.0,15.0,19.0,23.0,26.0
2025_15_ATL_TB,TB,ATL,Baker Mayfield,00-0034855,QB,pass_yds,210.574,126.861,167.371,210.547,256.723,302.194
2025_15_ATL_TB,TB,ATL,Baker Mayfield,00-0034855,QB,pass_td,1.444,0.0,1.0,1.0,2.0,3.0
2025_15_ATL_TB,TB,ATL,Baker Mayfield,00-0034855,QB,ints,0.653,0.0,0.0,0.0,1.0,2.0
2025_15_ATL_TB,TB,ATL,Baker Mayfield,00-0034855,QB,car,3.712,1.0,2.0,3.0,5.0,7.0
2025_15_ATL_TB,TB,ATL,Baker Mayfield,00-0034855,QB,rush_yds,19.666,0.0,6.192,15.711,28.797,43.614
2025_15_ATL_TB,TB,ATL,Baker Mayfield,00-0034855,QB,tgt,0.001,0.0,0.0,0.0,0.0,0.0
2025_15_ATL_TB,TB,ATL,Baker Mayfield,00-0034855,QB,rec,0.001,0.0,0.0,0.0,0.0,0.0
2025_15_ATL_TB,TB,ATL,Baker Mayfield,00-0034855,QB,rec_yds,0.002,0.0,0.0,0.0,0.0,0.0
2025_15_ATL_TB,TB,ATL,Baker Mayfield,00-0034855,QB,anytime_td,0.112,0.0,0.0,0.0,0.0,1.0
2025_15_ATL_TB,TB,ATL,Chris Godwin Jr.,00-0033921,WR,car,0.042,0.0,0.0,0.0,0.0,0.0
2025_15_ATL_TB,TB,ATL,Chris Godwin Jr.,00-0033921,WR,rush_yds,0.289,0.0,0.0,0.0,0.0,0.0
2025_15_ATL_TB,TB,ATL,Chris Godwin Jr.,00-0033921,WR,tgt,5.086,2.0,3.0,5.0,7.0,9.0
2025_15_ATL_TB,TB,ATL,Chris Godwin Jr.,00-0033921,WR,rec,3.375,1.0,2.0,3.0,5.0,6.0
2025_15_ATL_TB,TB,ATL,Chris Godwin Jr.,00-0033921,WR,rec_yds,41.266,6.179,17.623,35.777,58.755,83.674
2025_15_ATL_TB,TB,ATL,Chris Godwin Jr.,00-0033921,WR,anytime_td,0.153,0.0,0.0,0.0,0.0,1.0
2025_15_ATL_TB,TB,ATL,Emeka Egbuka,00-0040129,WR,car,0.073,0.0,0.0,0.0,0.0,0.0
2025_15_ATL_TB,TB,ATL,Emeka Egbuka,00-0040129,WR,rush_yds,0.369,0.0,0.0,0.0,0.0,0.0
2025_15_ATL_TB,TB,ATL,Emeka Egbuka,00-0040129,WR,tgt,6.77,3.0,4.0,6.0,9.0,11.0
2025_15_ATL_TB,TB,ATL,Emeka Egbuka,00-0040129,WR,rec,3.736,1.0,2.0,3.0,5.0,7.0
2025_15_ATL_TB,TB,ATL,Emeka Egbuka,00-0040129,WR,rec_yds,48.305,9.555,22.267,42.504,68.622,94.234
2025_15_ATL_TB,TB,ATL,Emeka Egbuka,00-0040129,WR,anytime_td,0.234,0.0,0.0,0.0,0.0,1.0
2025_15_ATL_TB,TB,ATL,Mike Evans,00-0031408,WR,car,0.006,0.0,0.0,0.0,0.0,0.0
2025_15_ATL_TB,TB,ATL,Mike Evans,00-0031408,WR,rush_yds,0.03,0.0,0.0,0.0,0.0,0.0
2025_15_ATL_TB,TB,ATL,Mike Evans,00-0031408,WR,tgt,5.561,2.0,3.0,5.0,7.0,10.0
2025_15_ATL_TB,TB,ATL,Mike Evans,00-0031408,WR,rec,3.427,1.0,2.0,3.0,5.0,6.0
2025_15_ATL_TB,TB,ATL,Mike Evans,00-0031408,WR,rec_yds,41.722,6.59,18.422,35.459,58.709,84.785
2025_15_ATL_TB,TB,ATL,Mike Evans,00-0031408,WR,anytime_td,0.233,0.0,0.0,0.0,0.0,1.0
2025_15_ATL_TB,TB,ATL,Bucky Irving,00-0039361,RB,car,12.078,5.0,8.0,11.0,16.0,20.0
2025_15_ATL_TB,TB,ATL,Bucky Irving,00-0039361,RB,rush_yds,50.072,13.929,26.049,43.464,66.97,94.098
2025_15_ATL_TB,TB,ATL,Bucky Irving,00-0039361,RB,tgt,2.869,0.0,1.0,3.0,4.0,6.0
2025_15_ATL_TB,TB,ATL,Bucky Irving,00-0039361,RB,rec,2.524,0.0,1.0,2.0,4.0,5.0
2025_15_ATL_TB,TB,ATL,Bucky Irving,00-0039361,RB,rec_yds,21.501,0.0,5.515,15.834,31.079,50.948
2025_15_ATL_TB,TB,ATL,Bucky Irving,00-0039361,RB,anytime_td,0.442,0.0,0.0,0.0,1.0,1.0
2025_15_ATL_TB,TB,ATL,Jalen McMillan,00-0039855,WR,car,0.227,0.0,0.0,0.0,0.0,1.0
2025_15_ATL_TB,TB,ATL,Jalen McMillan,00-0039855,WR,rush_yds,1.362,0.0,0.0,0.0,0.0,0.0
2025_15_ATL_TB,TB,ATL,Jalen McMillan,00-0039855,WR,tgt,3.599,1.0,2.0,3.0,5.0,7.0
2025_15_ATL_TB,TB,ATL,Jalen McMillan,00-0039855,WR,rec,2.458,0.0,1.0,2.0,3.0,5.0
2025_15_ATL_TB,TB,ATL,Jalen McMillan,00-0039855,WR,rec_yds,30.283,0.0,8.9,23.55,45.379,67.426
2025_15_ATL_TB,TB,ATL,Jalen McMillan,00-0039855,WR,anytime_td,0.221,0.0,0.0,0.0,0.0,1.0
2025_15_ATL_TB,TB,ATL,Rachaad White,00-0037256,RB,car,6.831,2.0,3.0,6.0,9.0,13.0
2025_15_ATL_TB,TB,ATL,Rachaad White,00-0037256,RB,rush_yds,29.822,3.099,10.495,23.158,42.028,65.404
2025_15_ATL_TB,TB,ATL,Rachaad White,00-0037256,RB,tgt,2.258,0.0,1.0,2.0,3.0,5.0
2025_15_ATL_TB,TB,ATL,Rachaad White,00-0037256,RB,rec,1.917,0.0,1.0,2.0,3.0,4.0
2025_15_ATL_TB,TB,ATL,Rachaad White,00-0037256,RB,rec_yds,12.681,0.0,0.0,8.215,18.855,32.509
2025_15_ATL_TB,TB,ATL,Rachaad White,00-0037256,RB,anytime_td,0.214,0.0,0.0,0.0,0.0,1.0
2025_15_ATL_TB,TB,ATL,Tez Johnson,00-0040237,WR,car,0.487,0.0,0.0,0.0,0.0,2.0
2025_15_ATL_TB,TB,ATL,Tez Johnson,00-0040237,WR,rush_yds,2.762,0.0,0.0,0.0,0.0,8.591
2025_15_ATL_TB,TB,ATL,Tez Johnson,00-0040237,WR,tgt,2.506,0.0,1.0,2.0,4.0,5.0
2025_15_ATL_TB,TB,ATL,Tez Johnson,00-0040237,WR,rec,1.677,0.0,1.0,1.0,2.0,4.0
2025_15_ATL_TB,TB,ATL,Tez Johnson,00-0040237,WR,rec_yds,19.969,0.0,0.946,13.55,29.77,50.534
2025_15_ATL_TB,TB,ATL,Tez Johnson,00-0040237,WR,anytime_td,0.215,0.0,0.0,0.0,0.0,1.0
2025_15_ATL_TB,TB,ATL,Sean Tucker,00-0038951,RB,car,5.685,1.0,2.0,5.0,8.0,12.0
2025_15_ATL_TB,TB,ATL,Sean Tucker,00-0038951,RB,rush_yds,25.098,0.998,6.843,18.034,35.916,57.839
2025_15_ATL_TB,TB,ATL,Sean Tucker,00-0038951,RB,tgt,0.74,0.0,0.0,0.0,1.0,2.0
2025_15_ATL_TB,TB,ATL,Sean Tucker,00-0038951,RB,rec,0.614,0.0,0.0,0.0,1.0,2.0
2025_15_ATL_TB,TB,ATL,Sean Tucker,00-0038951,RB,rec_yds,4.372,0.0,0.0,0.0,5.86,14.728
2025_15_ATL_TB,TB,ATL,Sean Tucker,00-0038951,RB,anytime_td,0.282,0.0,0.0,0.0,1.0,1.0
2025_15_ATL_TB,ATL,TB,Kirk Cousins,00-0029604,QB,att,30.391,20.0,26.0,31.0,36.0,41.0
2025_15_ATL_TB,ATL,TB,Kirk Cousins,00-0029604,QB,cmp,19.246,12.0,16.0,19.0,23.0,27.0
2025_15_ATL_TB,ATL,TB,Kirk Cousins,00-0029604,QB,pass_yds,205.757,123.178,163.85,205.659,250.192,293.546
2025_15_ATL_TB,ATL,TB,Kirk Cousins,00-0029604,QB,pass_td,1.09,0.0,0.0,1.0,2.0,2.0
2025_15_ATL_TB,ATL,TB,Kirk Cousins,00-0029604,QB,ints,0.755,0.0,0.0,1.0,1.0,2.0
2025_15_ATL_TB,ATL,TB,Kirk Cousins,00-0029604,QB,car,1.722,0.0,0.0,1.0,3.0,4.0
2025_15_ATL_TB,ATL,TB,Kirk Cousins,00-0029604,QB,rush_yds,5.942,-1.0,0.0,0.0,8.903,19.774
2025_15_ATL_TB,ATL,TB,Kirk Cousins,00-0029604,QB,tgt,0.001,0.0,0.0,0.0,0.0,0.0
2025_15_ATL_TB,ATL,TB,Kirk Cousins,00-0029604,QB,rec,0.0,0.0,0.0,0.0,0.0,0.0
2025_15_ATL_TB,ATL,TB,Kirk Cousins,00-0029604,QB,rec_yds,0.003,0.0,0.0,0.0,0.0,0.0
2025_15_ATL_TB,ATL,TB,Kirk Cousins,00-0029604,QB,anytime_td,0.011,0.0,0.0,0.0,0.0,0.0
2025_15_ATL_TB,ATL,TB,Kyle Pitts,00-0036970,TE,car,0.002,0.0,0.0,0.0,0.0,0.0
2025_15_ATL_TB,ATL,TB,Kyle Pitts,00-0036970,TE,rush_yds,0.006,0.0,0.0,0.0,0.0,0.0
2025_15_ATL_TB,ATL,TB,Kyle Pitts,00-0036970,TE,tgt,8.557,4.0,6.0,8.0,11.0,14.0
2025_15_ATL_TB,ATL,TB,Kyle Pitts,00-0036970,TE,rec,5.937,2.0,4.0,6.0,8.0,10.0
2025_15_ATL_TB,ATL,TB,Kyle Pitts,00-0036970,TE,rec_yds,63.781,21.184,36.633,59.316,85.876,113.52
2025_15_ATL_TB,ATL,TB,Kyle Pitts,00-0036970,TE,anytime_td,0.124,0.0,0.0,0.0,0.0,1.0
2025_15_ATL_TB,ATL,TB,David Sills,00-0035359,WR,car,0.006,0.0,0.0,0.0,0.0,0.0
2025_15_ATL_TB,ATL,TB,David Sills,00-0035359,WR,rush_yds,0.032,0.0,0.0,0.0,0.0,0.0
2025_15_ATL_TB,ATL,TB,David Sills,00-0035359,WR,tgt,2.879,0.0,1.0,3.0,4.0,6.0
2025_15_ATL_TB,ATL,TB,David Sills,00-0035359,WR,rec,1.587,0.0,0.0,1.0,2.0,4.0
2025_15_ATL_TB,ATL,TB,David Sills,00-0035359,WR,rec_yds,18.947,0.0,0.0,12.366,28.633,48.175
2025_15_ATL_TB,ATL,TB,David Sills,00-0035359,WR,anytime_td,0.168,0.0,0.0,0.0,0.0,1.0
2025_15_ATL_TB,ATL,TB,Darnell Mooney,00-0036309,WR,car,0.011,0.0,0.0,0.0,0.0,0.0
2025_15_ATL_TB,ATL,TB,Darnell Mooney,00-0036309,WR,rush_yds,0.049,0.0,0.0,0.0,0.0,0.0
2025_15_ATL_TB,ATL,TB,Darnell Mooney,00-0036309,WR,tgt,6.512,3.0,4.0,6.0,8.0,11.0
2025_15_ATL_TB,ATL,TB,Darnell Mooney,00-0036309,WR,rec,3.469,1.0,2.0,3.0,5.0,6.0
2025_15_ATL_TB,ATL,TB,Darnell Mooney,00-0036309,WR,rec_yds,46.999,7.923,20.688,40.146,66.995,94.945
2025_15_ATL_TB,ATL,TB,Darnell Mooney,00-0036309,WR,anytime_td,0.148,0.0,0.0,0.0,0.0,1.0
2025_15_ATL_TB,ATL,TB,Bijan Robinson,00-0038542,RB,car,16.525,8.0,12.0,16.0,21.0,25.0
2025_15_ATL_TB,ATL,TB,Bijan Robinson,00-0038542,RB,rush_yds,72.703,26.465,42.899,65.709,94.787,129.138
2025_15_ATL_TB,ATL,TB,Bijan Robinson,00-0038542,RB,tgt,6.137,2.0,4.0,6.0,8.0,10.0
2025_15_ATL_TB,ATL,TB,Bijan Robinson,00-0038542,RB,rec,4.822,2.0,3.0,5.0,6.0,8.0
2025_15_ATL_TB,ATL,TB,Bijan Robinson,00-0038542,RB,rec_yds,40.392,8.41,18.749,35.332,55.688,79.276
2025_15_ATL_TB,ATL,TB,Bijan Robinson,00-0038542,RB,anytime_td,0.431,0.0,0.0,0.0,1.0,1.0
2025_15_ATL_TB,ATL,TB,Charlie Woerner,00-0036429,TE,car,0.004,0.0,0.0,0.0,0.0,0.0
2025_15_ATL_TB,ATL,TB,Charlie Woerner,00-0036429,TE,rush_yds,0.009,0.0,0.0,0.0,0.0,0.0
2025_15_ATL_TB,ATL,TB,Charlie Woerner,00-0036429,TE,tgt,0.854,0.0,0.0,0.0,1.0,2.0
2025_15_ATL_TB,ATL,TB,Charlie Woerner,00-0036429,TE,rec,0.616,0.0,0.0,0.0,1.0,2.0
2025_15_ATL_TB,ATL,TB,Charlie Woerner,00-0036429,TE,rec_yds,6.353,0.0,0.0,0.0,8.748,21.688
2025_15_ATL_TB,ATL,TB,Charlie Woerner,00-0036429,TE,anytime_td,0.005,0.0,0.0,0.0,0.0,0.0
2025_15_ATL_TB,ATL,TB,Dylan Drummond,00-0038953,WR,car,0.01,0.0,0.0,0.0,0.0,0.0
2025_15_ATL_TB,ATL,TB,Dylan Drummond,00-0038953,WR,rush_yds,0.047,0.0,0.0,0.0,0.0,0.0
2025_15_ATL_TB,ATL,TB,Dylan Drummond,00-0038953,WR,tgt,3.331,1.0,2.0,3.0,5.0,6.0
2025_15_ATL_TB,ATL,TB,Dylan Drummond,00-0038953,WR,rec,2.045,0.0,1.0,2.0,3.0,4.0
2025_15_ATL_TB,ATL,TB,Dylan Drummond,00-0038953,WR,rec_yds,23.463,0.0,5.525,17.376,34.83,54.522
2025_15_ATL_TB,ATL,TB,Dylan Drummond,00-0038953,WR,anytime_td,0.054,0.0,0.0,0.0,0.0,0.0
2025_15_ATL_TB,ATL,TB,Tyler Allgeier,00-0037263,RB,car,7.803,2.0,4.0,7.0,11.0,14.0
2025_15_ATL_TB,ATL,TB,Tyler Allgeier,00-0037263,RB,rush_yds,29.124,4.236,11.089,22.797,40.135,62.382
2025_15_ATL_TB,ATL,TB,Tyler Allgeier,00-0037263,RB,tgt,1.547,0.0,0.0,1.0,2.0,4.0
2025_15_ATL_TB,ATL,TB,Tyler Allgeier,00-0037263,RB,rec,1.252,0.0,0.0,1.0,2.0,3.0
2025_15_ATL_TB,ATL,TB,Tyler Allgeier,00-0037263,RB,rec_yds,9.7,0.0,0.0,4.587,14.33,27.772
2025_15_ATL_TB,ATL,TB,Tyler Allgeier,00-0037263,RB,anytime_td,0.352,0.0,0.0,0.0,1.0,1.0
2025_15_ATL_TB,ATL,TB,Chris Blair,00-0036463,WR,car,0.026,0.0,0.0,0.0,0.0,0.0
2025_15_ATL_TB,ATL,TB,Chris Blair,00-0036463,WR,rush_yds,0.135,0.0,0.0,0.0,0.0,0.0
2025_15_ATL_TB,ATL,TB,Chris Blair,00-0036463,WR,tgt,1.121,0.0,0.0,1.0,2.0,3.0
2025_15_ATL_TB,ATL,TB,Chris Blair,00-0036463,WR,rec,0.698,0.0,0.0,0.0,1.0,2.0
2025_15_ATL_TB,ATL,TB,Chris Blair,00-0036463,WR,rec_yds,8.731,0.0,0.0,0.0,13.162,28.895
2025_15_ATL_TB,ATL,TB,Chris Blair,00-0036463,WR,anytime_td,0.024,0.0,0.0,0.0,0.0,0.0
2025_15_ARI_HOU,HOU,ARI,C.J. Stroud,00-0039163,QB,att,31.302,21.0,27.0,32.0,37.0,42.0
2025_15_ARI_HOU,HOU,ARI,C.J. Stroud,00-0039163,QB,cmp,20.528,13.0,17.0,21.0,25.0,28.0
2025_15_ARI_HOU,HOU,ARI,C.J. Stroud,00-0039163,QB,pass_yds,241.046,147.829,195.39,241.343,292.168,339.516
2025_15_ARI_HOU,HOU,ARI,C.J. Stroud,00-0039163,QB,pass_td,1.711,0.0,1.0,2.0,2.0,3.0
2025_15_ARI_HOU,HOU,ARI,C.J. Stroud,00-0039163,QB,ints,0.617,0.0,0.0,0.0,1.0,2.0
2025_15_ARI_HOU,HOU,ARI,C.J. Stroud,00-0039163,QB,car,3.688,1.0,2.0,3.0,5.0,7.0
2025_15_ARI_HOU,HOU,ARI,C.J. Stroud,00-0039163,QB,rush_yds,16.736,-0.967,3.196,12.393,24.933,40.419
2025_15_ARI_HOU,HOU,ARI,C.J. Stroud,00-0039163,QB,tgt,0.0,0.0,0.0,0.0,0.0,0.0
2025_15_ARI_HOU,HOU,ARI,C.J. Stroud,00-0039163,QB,rec,0.0,0.0,0.0,0.0,0.0,0.0
2025_15_ARI_HOU,HOU,ARI,C.J. Stroud,00-0039163,QB,rec_yds,0.001,0.0,0.0,0.0,0.0,0.0
2025_15_ARI_HOU,HOU,ARI,C.J. Stroud,00-0039163,QB,anytime_td,0.027,0.0,0.0,0.0,0.0,0.0
2025_15_ARI_HOU,HOU,ARI,Dalton Schultz,00-0034383,TE,car,0.004,0.0,0.0,0.0,0.0,0.0
2025_15_ARI_HOU,HOU,ARI,Dalton Schultz,00-0034383,TE,rush_yds,0.011,0.0,0.0,0.0,0.0,0.0
2025_15_ARI_HOU,HOU,ARI,Dalton Schultz,00-0034383,TE,tgt,5.744,2.0,4.0,5.0,8.0,10.0
2025_15_ARI_HOU,HOU,ARI,Dalton Schultz,00-0034383,TE,rec,4.313,1.0,2.0,4.0,6.0,8.0
2025_15_ARI_HOU,HOU,ARI,Dalton Schultz,00-0034383,TE,rec_yds,42.84,9.32,20.758,38.628,59.588,81.139
2025_15_ARI_HOU,HOU,ARI,Dalton Schultz,00-0034383,TE,anytime_td,0.181,0.0,0.0,0.0,0.0,1.0
2025_15_ARI_HOU,HOU,ARI,Nico Collins,00-0036554,WR,car,0.227,0.0,0.0,0.0,0.0,1.0
2025_15_ARI_HOU,HOU,ARI,Nico Collins,00-0036554,WR,rush_yds,1.403,0.0,0.0,0.0,0.0,0.0
2025_15_ARI_HOU,HOU,ARI,Nico Collins,00-0036554,WR,tgt,7.621,3.0,5.0,7.0,10.0,12.0
2025_15_ARI_HOU,HOU,ARI,Nico Collins,00-0036554,WR,rec,4.878,2.0,3.0,5.0,6.0,8.0
2025_15_ARI_HOU,HOU,ARI,Nico Collins,00-0036554,WR,rec_yds,73.058,20.181,39.265,66.621,99.133,135.031
2025_15_ARI_HOU,HOU,ARI,Nico Collins,00-0036554,WR,anytime_td,0.337,0.0,0.0,0.0,1.0,1.0
2025_15_ARI_HOU,HOU,ARI,Jayden Higgins,00-0040130,WR,car,0.006,0.0,0.0,0.0,0.0,0.0
2025_15_ARI_HOU,HOU,ARI,Jayden Higgins,00-0040130,WR,rush_yds,0.041,0.0,0.0,0.0,0.0,0.0
2025_15_ARI_HOU,HOU,ARI,Jayden Higgins,00-0040130,WR,tgt,4.473,1.0,3.0,4.0,6.0,8.0
2025_15_ARI_HOU,HOU,ARI,Jayden Higgins,00-0040130,WR,rec,2.921,1.0,1.0,3.0,4.0,6.0
2025_15_ARI_HOU,HOU,ARI,Jayden Higgins,00-0040130,WR,rec_yds,35.824,3.071,13.474,29.71,51.974,77.171
2025_15_ARI_HOU,HOU,ARI,Jayden Higgins,00-0040130,WR,anytime_td,0.296,0.0,0.0,0.0,1.0,1.0
2025_15_ARI_HOU,HOU,ARI,Cade Stover,00-0039359,TE,car,0.71,0.0,0.0,0.0,1.0,2.0
2025_15_ARI_HOU,HOU,ARI,Cade Stover,00-0039359,TE,rush_yds,1.882,0.0,0.0,0.0,0.51,6.747
2025_15_ARI_HOU,HOU,ARI,Cade Stover,00-0039359,TE,tgt,1.553,0.0,0.0,1.0,2.0,4.0
2025_15_ARI_HOU,HOU,ARI,Cade Stover,00-0039359,TE,rec,1.163,0.0,0.0,1.0,2.0,3.0
2025_15_ARI_HOU,HOU,ARI,Cade Stover,00-0039359,TE,rec_yds,11.79,0.0,0.0,6.202,17.864,32.851
2025_15_ARI_HOU,HOU,ARI,Cade Stover,00-0039359,TE,anytime_td,0.085,0.0,0.0,0.0,0.0,0.0
2025_15_ARI_HOU,HOU,ARI,Jawhar Jordan,00-0039405,RB,car,3.29,0.0,1.0,2.0,5.0,8.0
2025_15_ARI_HOU,HOU,ARI,Jawhar Jordan,00-0039405,RB,rush_yds,16.41,0.0,1.084,9.036,23.124,43.605
2025_15_ARI_HOU,HOU,ARI,Jawhar Jordan,00-0039405,RB,tgt,0.671,0.0,0.0,0.0,1.0,2.0
2025_15_ARI_HOU,HOU,ARI,Jawhar Jordan,00-0039405,RB,rec,0.541,0.0,0.0,0.0,1.0,2.0
2025_15_ARI_HOU,HOU,ARI,Jawhar Jordan,00-0039405,RB,rec_yds,4.121,0.0,0.0,0.0,4.945,14.228
2025_15_ARI_HOU,HOU,ARI,Jawhar Jordan,00-0039405,RB,anytime_td,0.152,0.0,0.0,0.0,0.0,1.0
2025_15_ARI_HOU,HOU,ARI,Dare Ogunbowale,00-0033854,RB,car,0.697,0.0,0.0,0.0,1.0,2.0
2025_15_ARI_HOU,HOU,ARI,Dare Ogunbowale,00-0033854,RB,rush_yds,3.54,0.0,0.0,0.0,1.349,11.629
2025_15_ARI_HOU,HOU,ARI,Dare Ogunbowale,00-0033854,RB,tgt,0.448,0.0,0.0,0.0,1.0,1.0
2025_15_ARI_HOU,HOU,ARI,Dare Ogunbowale,00-0033854,RB,rec,0.358,0.0,0.0,0.0,0.0,1.0
2025_15_ARI_HOU,HOU,ARI,Dare Ogunbowale,00-0033854,RB,rec_yds,2.686,0.0,0.0,0.0,0.0,10.01
2025_15_ARI_HOU,HOU,ARI,Dare Ogunbowale,00-0033854,RB,anytime_td,0.088,0.0,0.0,0.0,0.0,0.0
2025_15_ARI_HOU,HOU,ARI,Xavier Hutchinson,00-0038618,WR,car,0.046,0.0,0.0,0.0,0.0,0.0
2025_15_ARI_HOU,HOU,ARI,Xavier Hutchinson,00-0038618,WR,rush_yds,0.314,0.0,0.0,0.0,0.0,0.0
2025_15_ARI_HOU,HOU,ARI,Xavier Hutchinson,00-0038618,WR,tgt,2.808,0.0,1.0,2.0,4.0,6.0
2025_15_ARI_HOU,HOU,ARI,Xavier Hutchinson,00-0038618,WR,rec,1.785,0.0,1.0,1.0,3.0,4.0
2025_15_ARI_HOU,HOU,ARI,Xavier Hutchinson,00-0038618,WR,rec_yds,23.373,0.0,2.224,16.302,35.316,58.064
2025_15_ARI_HOU,HOU,ARI,Xavier Hutchinson,00-0038618,WR,anytime_td,0.178,0.0,0.0,0.0,0.0,1.0
2025_15_ARI_HOU,HOU,ARI,Christian Kirk,00-0034775,WR,car,0.016,0.0,0.0,0.0,0.0,0.0
2025_15_ARI_HOU,HOU,ARI,Christian Kirk,00-0034775,WR,rush_yds,0.119,0.0,0.0,0.0,0.0,0.0
2025_15_ARI_HOU,HOU,ARI,Christian Kirk,00-0034775,WR,tgt,3.767,1.0,2.0,3.0,5.0,7.0
2025_15_ARI_HOU,HOU,ARI,Christian Kirk,00-0034775,WR,rec,2.356,0.0,1.0,2.0,3.0,5.0
2025_15_ARI_HOU,HOU,ARI,Christian Kirk,00-0034775,WR,rec_yds,28.242,0.0,7.577,21.96,41.983,64.579
2025_15_ARI_HOU,HOU,ARI,Christian Kirk,00-0034775,WR,anytime_td,0.179,0.0,0.0,0.0,0.0,1.0
2025_15_ARI_HOU,HOU,ARI,Woody Marks,00-0040583,RB,car,17.152,9.0,13.0,17.0,21.0,25.0
2025_15_ARI_HOU,HOU,ARI,Woody Marks,00-0040583,RB,rush_yds,74.899,28.9,45.018,68.415,96.686,129.772
2025_15_ARI_HOU,HOU,ARI,Woody Marks,00-0040583,RB,tgt,1.982,0.0,1.0,2.0,3.0,4.0
2025_15_ARI_HOU,HOU,ARI,Woody Marks,00-0040583,RB,rec,1.543,0.0,0.0,1.0,2.0,4.0
2025_15_ARI_HOU,HOU,ARI,Woody Marks,00-0040583,RB,rec_yds,11.497,0.0,0.0,6.76,17.099,31.472
2025_15_ARI_HOU,HOU,ARI,Woody Marks,00-0040583,RB,anytime_td,0.458,0.0,0.0,0.0,1.0,1.0
2025_15_ARI_HOU,HOU,ARI,Jaylin Noel,00-0040138,WR,car,0.49,0.0,0.0,0.0,0.0,2.0
2025_15_ARI_HOU,HOU,ARI,Jaylin Noel,00-0040138,WR,rush_yds,3.181,0.0,0.0,0.0,0.0,10.399
2025_15_ARI_HOU,HOU,ARI,Jaylin Noel,00-0040138,WR,tgt,2.075,0.0,1.0,2.0,3.0,5.0
2025_15_ARI_HOU,HOU,ARI,Jaylin Noel,00-0040138,WR,rec,1.439,0.0,0.0,1.0,2.0,3.0
2025_15_ARI_HOU,HOU,ARI,Jaylin Noel,00-0040138,WR,rec_yds,17.516,0.0,0.0,10.882,27.049,45.417
2025_15_ARI_HOU,HOU,ARI,Jaylin Noel,00-0040138,WR,anytime_td,0.102,0.0,0.0,0.0,0.0,1.0
2025_15_ARI_HOU,HOU,ARI,Harrison Bryant,00-0036232,TE,car,0.006,0.0,0.0,0.0,0.0,0.0
2025_15_ARI_HOU,HOU,ARI,Harrison Bryant,00-0036232,TE,rush_yds,0.021,0.0,0.0,0.0,0.0,0.0
2025_15_ARI_HOU,HOU,ARI,Harrison Bryant,00-0036232,TE,tgt,0.699,0.0,0.0,0.0,1.0,2.0
2025_15_ARI_HOU,HOU,ARI,Harrison Bryant,00-0036232,TE,rec,0.496,0.0,0.0,0.0,1.0,2.0
2025_15_ARI_HOU,HOU,ARI,Harrison Bryant,00-0036232,TE,rec_yds,5.201,0.0,0.0,0.0,6.725,18.468
2025_15_ARI_HOU,HOU,ARI,Harrison Bryant,00-0036232,TE,anytime_td,0.009,0.0,0.0,0.0,0.0,0.0
2025_15_ARI_HOU,HOU,ARI,British Brooks,00-0039603,RB,car,0.742,0.0,0.0,0.0,1.0,3.0
2025_15_ARI_HOU,HOU,ARI,British Brooks,00-0039603,RB,rush_yds,3.575,0.0,0.0,0.0,2.256,12.158
2025_15_ARI_HOU,HOU,ARI,British Brooks,00-0039603,RB,tgt,0.061,0.0,0.0,0.0,0.0,0.0
2025_15_ARI_HOU,HOU,ARI,British Brooks,00-0039603,RB,rec,0.049,0.0,0.0,0.0,0.0,0.0
2025_15_ARI_HOU,HOU,ARI,British Brooks,00-0039603,RB,rec_yds,0.367,0.0,0.0,0.0,0.0,0.0
2025_15_ARI_HOU,HOU,ARI,British Brooks,00-0039603,RB,anytime_td,0.024,0.0,0.0,0.0,0.0,0.0
2025_15_ARI_HOU,ARI,HOU,Jacoby Brissett,00-0033119,QB,att,34.611,24.0,30.0,35.0,41.0,46.0
2025_15_ARI_HOU,ARI,HOU,Jacoby Brissett,00-0033119,QB,cmp,21.226,14.0,18.0,21.0,25.0,29.0
2025_15_ARI_HOU,ARI,HOU,Jacoby Brissett,00-0033119,QB,pass_yds,226.273,140.05,182.473,225.821,272.801,318.824
2025_15_ARI_HOU,ARI,HOU,Jacoby Brissett,00-0033119,QB,pass_td,1.384,0.0,1.0,1.0,2.0,3.0
2025_15_ARI_HOU,ARI,HOU,Jacoby Brissett,00-0033119,QB,ints,0.856,0.0,0.0,1.0,1.0,2.0
2025_15_ARI_HOU,ARI,HOU,Jacoby Brissett,00-0033119,QB,car,3.305,1.0,2.0,3.0,5.0,6.0
2025_15_ARI_HOU,ARI,HOU,Jacoby Brissett,00-0033119,QB,rush_yds,16.393,0.0,3.838,12.551,24.637,37.032
2025_15_ARI_HOU,ARI,HOU,Jacoby Brissett,00-0033119,QB,tgt,0.0,0.0,0.0,0.0,0.0,0.0
2025_15_ARI_HOU,ARI,HOU,Jacoby Brissett,00-0033119,QB,rec,0.0,0.0,0.0,0.0,0.0,0.0
2025_15_ARI_HOU,ARI,HOU,Jacoby Brissett,00-0033119,QB,rec_yds,0.0,0.0,0.0,0.0,0.0,0.0
2025_15_ARI_HOU,ARI,HOU,Jacoby Brissett,00-0033119,QB,anytime_td,0.087,0.0,0.0,0.0,0.0,0.0
2025_15_ARI_HOU,ARI,HOU,Trey McBride,00-0037744,TE,car,0.003,0.0,0.0,0.0,0.0,0.0
2025_15_ARI_HOU,ARI,HOU,Trey McBride,00-0037744,TE,rush_yds,0.009,0.0,0.0,0.0,0.0,0.0
2025_15_ARI_HOU,ARI,HOU,Trey McBride,00-0037744,TE,tgt,9.988,5.0,7.0,10.0,12.0,15.0
2025_15_ARI_HOU,ARI,HOU,Trey McBride,00-0037744,TE,rec,6.607,3.0,4.0,6.0,8.0,11.0
2025_15_ARI_HOU,ARI,HOU,Trey McBride,00-0037744,TE,rec_yds,72.583,26.446,44.602,67.75,94.602,124.72
2025_15_ARI_HOU,ARI,HOU,Trey McBride,00-0037744,TE,anytime_td,0.342,0.0,0.0,0.0,1.0,1.0
2025_15_ARI_HOU,ARI,HOU,Michael Wilson,00-0038559,WR,car,0.018,0.0,0.0,0.0,0.0,0.0
2025_15_ARI_HOU,ARI,HOU,Michael Wilson,00-0038559,WR,rush_yds,0.079,0.0,0.0,0.0,0.0,0.0
2025_15_ARI_HOU,ARI,HOU,Michael Wilson,00-0038559,WR,tgt,8.982,4.0,6.0,9.0,11.0,14.0
2025_15_ARI_HOU,ARI,HOU,Michael Wilson,00-0038559,WR,rec,5.294,2.0,3.0,5.0,7.0,9.0
2025_15_ARI_HOU,ARI,HOU,Michael Wilson,00-0038559,WR,rec_yds,68.864,20.829,38.684,62.637,92.113,124.728
2025_15_ARI_HOU,ARI,HOU,Michael Wilson,00-0038559,WR,anytime_td,0.235,0.0,0.0,0.0,0.0,1.0
2025_15_ARI_HOU,ARI,HOU,Michael Carter,00-0036924,RB,car,5.256,1.0,2.0,5.0,7.0,11.0
2025_15_ARI_HOU,ARI,HOU,Michael Carter,00-0036924,RB,rush_yds,19.274,0.826,5.412,13.649,26.731,45.061
2025_15_ARI_HOU,ARI,HOU,Michael Carter,00-0036924,RB,tgt,3.676,1.0,2.0,3.0,5.0,7.0
2025_15_ARI_HOU,ARI,HOU,Michael Carter,00-0036924,RB,rec,2.57,0.0,1.0,2.0,4.0,5.0
2025_15_ARI_HOU,ARI,HOU,Michael Carter,00-0036924,RB,rec_yds,20.606,0.0,5.219,15.44,30.874,48.453
2025_15_ARI_HOU,ARI,HOU,Michael Carter,00-0036924,RB,anytime_td,0.151,0.0,0.0,0.0,0.0,1.0
2025_15_ARI_HOU,ARI,HOU,Jalen Brooks,00-0038640,WR,car,0.012,0.0,0.0,0.0,0.0,0.0
2025_15_ARI_HOU,ARI,HOU,Jalen Brooks,00-0038640,WR,rush_yds,0.06,0.0,0.0,0.0,0.0,0.0
2025_15_ARI_HOU,ARI,HOU,Jalen Brooks,00-0038640,WR,tgt,2.104,0.0,1.0,2.0,3.0,5.0
2025_15_ARI_HOU,ARI,HOU,Jalen Brooks,00-0038640,WR,rec,1.185,0.0,0.0,1.0,2.0,3.0
2025_15_ARI_HOU,ARI,HOU,Jalen Brooks,00-0038640,WR,rec_yds,15.652,0.0,0.0,8.048,24.133,44.236
2025_15_ARI_HOU,ARI,HOU,Jalen Brooks,00-0038640,WR,anytime_td,0.06,0.0,0.0,0.0,0.0,0.0
2025_15_ARI_HOU,ARI,HOU,Elijah Higgins,00-0039041,TE,car,0.001,0.0,0.0,0.0,0.0,0.0
2025_15_ARI_HOU,ARI,HOU,Elijah Higgins,00-0039041,TE,rush_yds,0.001,0.0,0.0,0.0,0.0,0.0
2025_15_ARI_HOU,ARI,HOU,Elijah Higgins,00-0039041,TE,tgt,1.758,0.0,0.0,1.0,3.0,4.0
2025_15_ARI_HOU,ARI,HOU,Elijah Higgins,00-0039041,TE,rec,1.168,0.0,0.0,1.0,2.0,3.0
2025_15_ARI_HOU,ARI,HOU,Elijah Higgins,00-0039041,TE,rec_yds,11.656,0.0,0.0,6.225,17.611,32.426
2025_15_ARI_HOU,ARI,HOU,Elijah Higgins,00-0039041,TE,anytime_td,0.028,0.0,0.0,0.0,0.0,0.0
2025_15_ARI_HOU,ARI,HOU,Trent Sherfield,00-0034487,WR,car,0.013,0.0,0.0,0.0,0.0,0.0
2025_15_ARI_HOU,ARI,HOU,Trent Sherfield,00-0034487,WR,rush_yds,0.054,0.0,0.0,0.0,0.0,0.0
2025_15_ARI_HOU,ARI,HOU,Trent Sherfield,00-0034487,WR,tgt,0.697,0.0,0.0,0.0,1.0,2.0
2025_15_ARI_HOU,ARI,HOU,Trent Sherfield,00-0034487,WR,rec,0.387,0.0,0.0,0.0,1.0,1.0
2025_15_ARI_HOU,ARI,HOU,Trent Sherfield,00-0034487,WR,rec_yds,5.235,0.0,0.0,0.0,4.29,19.061
2025_15_ARI_HOU,ARI,HOU,Trent Sherfield,00-0034487,WR,anytime_td,0.005,0.0,0.0,0.0,0.0,0.0
2025_15_ARI_HOU,ARI,HOU,Andre Baccellia,00-0035876,WR,car,0.013,0.0,0.0,0.0,0.0,0.0
2025_15_ARI_HOU,ARI,HOU,Andre Baccellia,00-0035876,WR,rush_yds,0.079,0.0,0.0,0.0,0.0,0.0
2025_15_ARI_HOU,ARI,HOU,Andre Baccellia,00-0035876,WR,tgt,1.136,0.0,0.0,1.0,2.0,3.0
2025_15_ARI_HOU,ARI,HOU,Andre Baccellia,00-0035876,WR,rec,0.636,0.0,0.0,0.0,1.0,2.0
2025_15_ARI_HOU,ARI,HOU,Andre Baccellia,00-0035876,WR,rec_yds,8.006,0.0,0.0,0.0,11.084,26.173
2025_15_ARI_HOU,ARI,HOU,Andre Baccellia,00-0035876,WR,anytime_td,0.013,0.0,0.0,0.0,0.0,0.0
2025_15_ARI_HOU,ARI,HOU,Emari Demercado,00-0038705,RB,car,3.384,0.0,1.0,3.0,5.0,8.0
2025_15_ARI_HOU,ARI,HOU,Emari Demercado,00-0038705,RB,rush_yds,15.376,0.0,2.159,9.669,21.795,37.903
2025_15_ARI_HOU,ARI,HOU,Emari Demercado,00-0038705,RB,tgt,1.927,0.0,1.0,2.0,3.0,4.0
2025_15_ARI_HOU,ARI,HOU,Emari Demercado,00-0038705,RB,rec,1.319,0.0,0.0,1.0,2.0,3.0
2025_15_ARI_HOU,ARI,HOU,Emari Demercado,00-0038705,RB,rec_yds,10.512,0.0,0.0,5.613,15.566,29.822
2025_15_ARI_HOU,ARI,HOU,Emari Demercado,00-0038705,RB,anytime_td,0.123,0.0,0.0,0.0,0.0,1.0
2025_15_ARI_HOU,ARI,HOU,Corey Kiner,00-0040556,RB,car,1.868,0.0,0.0,1.0,3.0,5.0
2025_15_ARI_HOU,ARI,HOU,Corey Kiner,00-0040556,RB,rush_yds,7.293,0.0,0.0,2.532,9.945,21.225
2025_15_ARI_HOU,ARI,HOU,Corey Kiner,00-0040556,RB,tgt,0.876,0.0,0.0,0.0,1.0,2.0
2025_15_ARI_HOU,ARI,HOU,Corey Kiner,00-0040556,RB,rec,0.614,0.0,0.0,0.0,1.0,2.0
2025_15_ARI_HOU,ARI,HOU,Corey Kiner,00-0040556,RB,rec_yds,4.856,0.0,0.0,0.0,6.315,16.631
2025_15_ARI_HOU,ARI,HOU,Corey Kiner,00-0040556,RB,anytime_td,0.086,0.0,0.0,0.0,0.0,0.0
2025_15_ARI_HOU,ARI,HOU,Bam Knight,00-0037157,RB,car,7.818,2.0,4.0,7.0,10.0,14.0
2025_15_ARI_HOU,ARI,HOU,Bam Knight,00-0037157,RB,rush_yds,27.734,4.554,11.297,22.241,37.896,57.061
2025_15_ARI_HOU,ARI,HOU,Bam Knight,00-0037157,RB,tgt,3.577,1.0,2.0,3.0,5.0,7.0
2025_15_ARI_HOU,ARI,HOU,Bam Knight,00-0037157,RB,rec,2.431,0.0,1.0,2.0,3.0,5.0
2025_15_ARI_HOU,ARI,HOU,Bam Knight,00-0037157,RB,rec_yds,18.835,0.0,4.33,13.834,27.432,44.952
2025_15_ARI_HOU,ARI,HOU,Bam Knight,00-0037157,RB,anytime_td,0.309,0.0,0.0,0.0,1.0,1.0
2025_15_BAL_CIN,CIN,BAL,Joe Burrow,00-0036442,QB,att,33.967,23.0,29.0,35.0,40.0,45.0
2025_15_BAL_CIN,CIN,BAL,Joe Burrow,00-0036442,QB,cmp,21.087,14.0,18.0,21.0,25.0,29.0
2025_15_BAL_CIN,CIN,BAL,Joe Burrow,00-0036442,QB,pass_yds,232.074,145.657,187.429,233.313,279.541,327.035
2025_15_BAL_CIN,CIN,BAL,Joe Burrow,00-0036442,QB,pass_td,1.525,0.0,1.0,1.0,2.0,3.0
2025_15_BAL_CIN,CIN,BAL,Joe Burrow,00-0036442,QB,ints,0.723,0.0,0.0,0.0,1.0,2.0
2025_15_BAL_CIN,CIN,BAL,Joe Burrow,00-0036442,QB,car,2.245,0.0,1.0,2.0,3.0,5.0
2025_15_BAL_CIN,CIN,BAL,Joe Burrow,00-0036442,QB,rush_yds,8.26,-1.0,0.0,3.876,12.894,24.228
2025_15_BAL_CIN,CIN,BAL,Joe Burrow,00-0036442,QB,tgt,0.001,0.0,0.0,0.0,0.0,0.0
2025_15_BAL_CIN,CIN,BAL,Joe Burrow,00-0036442,QB,rec,0.001,0.0,0.0,0.0,0.0,0.0
2025_15_BAL_CIN,CIN,BAL,Joe Burrow,00-0036442,QB,rec_yds,0.005,0.0,0.0,0.0,0.0,0.0
2025_15_BAL_CIN,CIN,BAL,Joe Burrow,00-0036442,QB,anytime_td,0.052,0.0,0.0,0.0,0.0,0.0
2025_15_BAL_CIN,CIN,BAL,Ja'Marr Chase,00-0036900,WR,car,0.264,0.0,0.0,0.0,0.0,1.0
2025_15_BAL_CIN,CIN,BAL,Ja'Marr Chase,00-0036900,WR,rush_yds,1.396,0.0,0.0,0.0,0.0,1.986
2025_15_BAL_CIN,CIN,BAL,Ja'Marr Chase,00-0036900,WR,tgt,11.376,6.0,8.0,11.0,14.0,17.0
2025_15_BAL_CIN,CIN,BAL,Ja'Marr Chase,00-0036900,WR,rec,6.797,3.0,5.0,7.0,9.0,11.0
2025_15_BAL_CIN,CIN,BAL,Ja'Marr Chase,00-0036900,WR,rec_yds,86.854,32.338,53.053,81.613,114.166,147.892
2025_15_BAL_CIN,CIN,BAL,Ja'Marr Chase,00-0036900,WR,anytime_td,0.225,0.0,0.0,0.0,0.0,1.0
2025_15_BAL_CIN,CIN,BAL,Andrei Iosivas,00-0038619,WR,car,0.218,0.0,0.0,0.0,0.0,1.0
2025_15_BAL_CIN,CIN,BAL,Andrei Iosivas,00-0038619,WR,rush_yds,1.117,0.0,0.0,0.0,0.0,0.0
2025_15_BAL_CIN,CIN,BAL,Andrei Iosivas,00-0038619,WR,tgt,3.832,1.0,2.0,3.0,5.0,7.0
2025_15_BAL_CIN,CIN,BAL,Andrei Iosivas,00-0038619,WR,rec,2.246,0.0,1.0,2.0,3.0,5.0
2025_15_BAL_CIN,CIN,BAL,Andrei Iosivas,00-0038619,WR,rec_yds,30.897,0.0,8.354,23.576,46.59,70.724
2025_15_BAL_CIN,CIN,BAL,Andrei Iosivas,00-0038619,WR,anytime_td,0.148,0.0,0.0,0.0,0.0,1.0
2025_15_BAL_CIN,CIN,BAL,Chase Brown,00-0038597,RB,car,12.737,6.0,9.0,12.0,16.0,20.0
2025_15_BAL_CIN,CIN,BAL,Chase Brown,00-0038597,RB,rush_yds,51.979,15.734,27.14,45.293,69.215,96.882
2025_15_BAL_CIN,CIN,BAL,Chase Brown,00-0038597,RB,tgt,5.601,2.0,3.0,5.0,7.0,10.0
2025_15_BAL_CIN,CIN,BAL,Chase Brown,00-0038597,RB,rec,4.109,1.0,2.0,4.0,6.0,7.0
2025_15_BAL_CIN,CIN,BAL,Chase Brown,00-0038597,RB,rec_yds,28.631,3.997,12.266,23.695,40.604,59.813
2025_15_BAL_CIN,CIN,BAL,Chase Brown,00-0038597,RB,anytime_td,0.415,0.0,0.0,0.0,1.0,1.0
2025_15_BAL_CIN,CIN,BAL,Mike Gesicki,00-0034829,TE,car,0.001,0.0,0.0,0.0,0.0,0.0
2025_15_BAL_CIN,CIN,BAL,Mike Gesicki,00-0034829,TE,rush_yds,0.003,0.0,0.0,0.0,0.0,0.0
2025_15_BAL_CIN,CIN,BAL,Mike Gesicki,00-0034829,TE,tgt,4.005,1.0,2.0,4.0,5.0,7.0
2025_15_BAL_CIN,CIN,BAL,Mike Gesicki,00-0034829,TE,rec,2.739,0.0,1.0,2.0,4.0,5.0
2025_15_BAL_CIN,CIN,BAL,Mike Gesicki,00-0034829,TE,rec_yds,30.52,0.0,10.349,25.491,44.141,66.389
2025_15_BAL_CIN,CIN,BAL,Mike Gesicki,00-0034829,TE,anytime_td,0.136,0.0,0.0,0.0,0.0,1.0
2025_15_BAL_CIN,CIN,BAL,Drew Sample,00-0035631,TE,car,0.119,0.0,0.0,0.0,0.0,0.0
2025_15_BAL_CIN,CIN,BAL,Drew Sample,00-0035631,TE,rush_yds,0.296,0.0,0.0,0.0,0.0,0.0
2025_15_BAL_CIN,CIN,BAL,Drew Sample,00-0035631,TE,tgt,0.823,0.0,0.0,0.0,1.0,2.0
2025_15_BAL_CIN,CIN,BAL,Drew Sample,00-0035631,TE,rec,0.56,0.0,0.0,0.0,1.0,2.0
2025_15_BAL_CIN,CIN,BAL,Drew Sample,00-0035631,TE,rec_yds,5.816,0.0,0.0,0.0,7.559,20.858
2025_15_BAL_CIN,CIN,BAL,Drew Sample,00-0035631,TE,anytime_td,0.025,0.0,0.0,0.0,0.0,0.0
2025_15_BAL_CIN,CIN,BAL,Samaje Perine,00-0033526,RB,car,5.347,1.0,2.0,5.0,8.0,11.0
2025_15_BAL_CIN,CIN,BAL,Samaje Perine,00-0033526,RB,rush_yds,22.181,0.886,6.378,16.457,31.315,50.555
2025_15_BAL_CIN,CIN,BAL,Samaje Perine,00-0033526,RB,tgt,1.193,0.0,0.0,1.0,2.0,3.0
2025_15_BAL_CIN,CIN,BAL,Samaje Perine,00-0033526,RB,rec,0.909,0.0,0.0,1.0,1.0,2.0
2025_15_BAL_CIN,CIN,BAL,Samaje Perine,00-0033526,RB,rec_yds,7.173,0.0,0.0,0.0,10.636,22.448
2025_15_BAL_CIN,CIN,BAL,Samaje Perine,00-0033526,RB,anytime_td,0.135,0.0,0.0,0.0,0.0,1.0
2025_15_BAL_CIN,CIN,BAL,Mitchell Tinsley,00-0038839,WR,car,0.009,0.0,0.0,0.0,0.0,0.0
2025_15_BAL_CIN,CIN,BAL,Mitchell Tinsley,00-0038839,WR,rush_yds,0.039,0.0,0.0,0.0,0.0,0.0
2025_15_BAL_CIN,CIN,BAL,Mitchell Tinsley,00-0038839,WR,tgt,2.314,0.0,1.0,2.0,3.0,5.0
2025_15_BAL_CIN,CIN,BAL,Mitchell Tinsley,00-0038839,WR,rec,1.183,0.0,0.0,1.0,2.0,3.0
2025_15_BAL_CIN,CIN,BAL,Mitchell Tinsley,00-0038839,WR,rec_yds,16.328,0.0,0.0,8.722,24.498,45.553
2025_15_BAL_CIN,CIN,BAL,Mitchell Tinsley,00-0038839,WR,anytime_td,0.097,0.0,0.0,0.0,0.0,0.0
2025_15_BAL_CIN,CIN,BAL,Tanner Hudson,00-0034613,TE,car,0.005,0.0,0.0,0.0,0.0,0.0
2025_15_BAL_CIN,CIN,BAL,Tanner Hudson,00-0034613,TE,rush_yds,0.011,0.0,0.0,0.0,0.0,0.0
2025_15_BAL_CIN,CIN,BAL,Tanner Hudson,00-0034613,TE,tgt,1.76,0.0,0.0,1.0,3.0,4.0
2025_15_BAL_CIN,CIN,BAL,Tanner Hudson,00-0034613,TE,rec,1.229,0.0,0.0,1.0,2.0,3.0
2025_15_BAL_CIN,CIN,BAL,Tanner Hudson,00-0034613,TE,rec_yds,13.257,0.0,0.0,7.387,20.536,36.631
2025_15_BAL_CIN,CIN,BAL,Tanner Hudson,00-0034613,TE,anytime_td,0.125,0.0,0.0,0.0,0.0,1.0
2025_15_BAL_CIN,CIN,BAL,Noah Fant,00-0035644,TE,car,0.003,0.0,0.0,0.0,0.0,0.0
2025_15_BAL_CIN,CIN,BAL,Noah Fant,00-0035644,TE,rush_yds,0.007,0.0,0.0,0.0,0.0,0.0
2025_15_BAL_CIN,CIN,BAL,Noah Fant,00-0035644,TE,tgt,2.919,0.0,1.0,3.0,4.0,6.0
2025_15_BAL_CIN,CIN,BAL,Noah Fant,00-0035644,TE,rec,2.072,0.0,1.0,2.0,3.0,4.0
2025_15_BAL_CIN,CIN,BAL,Noah Fant,00-0035644,TE,rec_yds,21.94,0.0,5.111,16.827,32.431,51.843
2025_15_BAL_CIN,CIN,BAL,Noah Fant,00-0035644,TE,anytime_td,0.116,0.0,0.0,0.0,0.0,1.0
2025_15_BAL_CIN,CIN,BAL,Tahj Brooks,00-0040208,RB,car,2.169,0.0,0.0,1.0,3.0,6.0
2025_15_BAL_CIN,CIN,BAL,Tahj Brooks,00-0040208,RB,rush_yds,8.422,0.0,0.0,3.573,11.651,24.584
2025_15_BAL_CIN,CIN,BAL,Tahj Brooks,00-0040208,RB,tgt,0.393,0.0,0.0,0.0,1.0,1.0
2025_15_BAL_CIN,CIN,BAL,Tahj Brooks,00-0040208,RB,rec,0.284,0.0,0.0,0.0,0.0,1.0
2025_15_BAL_CIN,CIN,BAL,Tahj Brooks,00-0040208,RB,rec_yds,2.269,0.0,0.0,0.0,0.0,8.94
2025_15_BAL_CIN,CIN,BAL,Tahj Brooks,00-0040208,RB,anytime_td,0.072,0.0,0.0,0.0,0.0,0.0
2025_15_BAL_CIN,CIN,BAL,Cam Grandy,00-0039631,TE,car,0.001,0.0,0.0,0.0,0.0,0.0
2025_15_BAL_CIN,CIN,BAL,Cam Grandy,00-0039631,TE,rush_yds,0.001,0.0,0.0,0.0,0.0,0.0
2025_15_BAL_CIN,CIN,BAL,Cam Grandy,00-0039631,TE,tgt,0.513,0.0,0.0,0.0,1.0,2.0
2025_15_BAL_CIN,CIN,BAL,Cam Grandy,00-0039631,TE,rec,0.36,0.0,0.0,0.0,1.0,1.0
2025_15_BAL_CIN,CIN,BAL,Cam Grandy,00-0039631,TE,rec_yds,3.943,0.0,0.0,0.0,0.0,14.491
2025_15_BAL_CIN,CIN,BAL,Cam Grandy,00-0039631,TE,anytime_td,0.008,0.0,0.0,0.0,0.0,0.0
2025_15_BAL_CIN,BAL,CIN,Lamar Jackson,00-0034796,QB,att,27.119,18.0,23.0,28.0,32.0,37.0
2025_15_BAL_CIN,BAL,CIN,Lamar Jackson,00-0034796,QB,cmp,17.475,10.0,14.0,18.0,21.0,24.0
2025_15_BAL_CIN,BAL,CIN,Lamar Jackson,00-0034796,QB,pass_yds,198.337,115.15,157.447,197.951,241.864,287.872
2025_15_BAL_CIN,BAL,CIN,Lamar Jackson,00-0034796,QB,pass_td,1.139,0.0,0.0,1.0,2.0,3.0
2025_15_BAL_CIN,BAL,CIN,Lamar Jackson,00-0034796,QB,ints,0.614,0.0,0.0,0.0,1.0,2.0
2025_15_BAL_CIN,BAL,CIN,Lamar Jackson,00-0034796,QB,car,5.764,2.0,3.0,5.0,8.0,10.0
2025_15_BAL_CIN,BAL,CIN,Lamar Jackson,00-0034796,QB,rush_yds,28.359,3.772,12.258,24.512,39.676,56.759
2025_15_BAL_CIN,BAL,CIN,Lamar Jackson,00-0034796,QB,tgt,0.0,0.0,0.0,0.0,0.0,0.0
2025_15_BAL_CIN,BAL,CIN,Lamar Jackson,00-0034796,QB,rec,0.0,0.0,0.0,0.0,0.0,0.0
2025_15_BAL_CIN,BAL,CIN,Lamar Jackson,00-0034796,QB,rec_yds,0.0,0.0,0.0,0.0,0.0,0.0
2025_15_BAL_CIN,BAL,CIN,Lamar Jackson,00-0034796,QB,anytime_td,0.201,0.0,0.0,0.0,0.0,1.0
2025_15_BAL_CIN,BAL,CIN,Zay Flowers,00-0039064,WR,car,0.694,0.0,0.0,0.0,1.0,2.0
2025_15_BAL_CIN,BAL,CIN,Zay Flowers,00-0039064,WR,rush_yds,4.015,0.0,0.0,0.0,0.0,14.056
2025_15_BAL_CIN,BAL,CIN,Zay Flowers,00-0039064,WR,tgt,7.652,4.0,5.0,7.0,10.0,12.0
2025_15_BAL_CIN,BAL,CIN,Zay Flowers,00-0039064,WR,rec,4.991,2.0,3.0,5.0,7.0,8.0
2025_15_BAL_CIN,BAL,CIN,Zay Flowers,00-0039064,WR,rec_yds,66.587,19.862,37.131,61.184,90.79,121.509
2025_15_BAL_CIN,BAL,CIN,Zay Flowers,00-0039064,WR,anytime_td,0.131,0.0,0.0,0.0,0.0,1.0
2025_15_BAL_CIN,BAL,CIN,Devontez Walker,00-0039792,WR,car,0.008,0.0,0.0,0.0,0.0,0.0
2025_15_BAL_CIN,BAL,CIN,Devontez Walker,00-0039792,WR,rush_yds,0.041,0.0,0.0,0.0,0.0,0.0
2025_15_BAL_CIN,BAL,CIN,Devontez Walker,00-0039792,WR,tgt,1.081,0.0,0.0,1.0,2.0,3.0
2025_15_BAL_CIN,BAL,CIN,Devontez Walker,00-0039792,WR,rec,0.666,0.0,0.0,0.0,1.0,2.0
2025_15_BAL_CIN,BAL,CIN,Devontez Walker,00-0039792,WR,rec_yds,9.307,0.0,0.0,0.0,13.749,29.383
2025_15_BAL_CIN,BAL,CIN,Devontez Walker,00-0039792,WR,anytime_td,0.096,0.0,0.0,0.0,0.0,0.0
2025_15_BAL_CIN,BAL,CIN,Charlie Kolar,00-0038046,TE,car,0.002,0.0,0.0,0.0,0.0,0.0
2025_15_BAL_CIN,BAL,CIN,Charlie Kolar,00-0038046,TE,rush_yds,0.004,0.0,0.0,0.0,0.0,0.0
2025_15_BAL_CIN,BAL,CIN,Charlie Kolar,00-0038046,TE,tgt,1.213,0.0,0.0,1.0,2.0,3.0
2025_15_BAL_CIN,BAL,CIN,Charlie Kolar,00-0038046,TE,rec,0.853,0.0,0.0,1.0,1.0,2.0
2025_15_BAL_CIN,BAL,CIN,Charlie Kolar,00-0038046,TE,rec_yds,9.735,0.0,0.0,2.204,14.639,28.908
2025_15_BAL_CIN,BAL,CIN,Charlie Kolar,00-0038046,TE,anytime_td,0.093,0.0,0.0,0.0,0.0,0.0
2025_15_BAL_CIN,BAL,CIN,Isaiah Likely,00-0037838,TE,car,0.002,0.0,0.0,0.0,0.0,0.0
2025_15_BAL_CIN,BAL,CIN,Isaiah Likely,00-0037838,TE,rush_yds,0.007,0.0,0.0,0.0,0.0,0.0
2025_15_BAL_CIN,BAL,CIN,Isaiah Likely,00-0037838,TE,tgt,4.355,1.0,2.0,4.0,6.0,8.0
2025_15_BAL_CIN,BAL,CIN,Isaiah Likely,00-0037838,TE,rec,3.071,1.0,2.0,3.0,4.0,6.0
2025_15_BAL_CIN,BAL,CIN,Isaiah Likely,00-0037838,TE,rec_yds,34.254,3.827,13.395,29.45,49.447,70.03
2025_15_BAL_CIN,BAL,CIN,Isaiah Likely,00-0037838,TE,anytime_td,0.212,0.0,0.0,0.0,0.0,1.0
2025_15_BAL_CIN,BAL,CIN,Mark Andrews,00-0034753,TE,car,0.668,0.0,0.0,0.0,1.0,2.0
2025_15_BAL_CIN,BAL,CIN,Mark Andrews,00-0034753,TE,rush_yds,1.757,0.0,0.0,0.0,0.0,6.191
2025_15_BAL_CIN,BAL,CIN,Mark Andrews,00-0034753,TE,tgt,5.437,2.0,3.0,5.0,7.0,9.0
2025_15_BAL_CIN,BAL,CIN,Mark Andrews,00-0034753,TE,rec,3.584,1.0,2.0,3.0,5.0,6.0
2025_15_BAL_CIN,BAL,CIN,Mark Andrews,00-0034753,TE,rec_yds,37.065,6.377,16.877,32.135,52.758,73.027
2025_15_BAL_CIN,BAL,CIN,Mark Andrews,00-0034753,TE,anytime_td,0.309,0.0,0.0,0.0,1.0,1.0
2025_15_BAL_CIN,BAL,CIN,Keaton Mitchell,00-0038454,RB,car,3.519,0.0,1.0,3.0,5.0,8.0
2025_15_BAL_CIN,BAL,CIN,Keaton Mitchell,00-0038454,RB,rush_yds,18.746,0.0,2.13,11.206,26.257,48.83
2025_15_BAL_CIN,BAL,CIN,Keaton Mitchell,00-0038454,RB,tgt,1.254,0.0,0.0,1.0,2.0,3.0
2025_15_BAL_CIN,BAL,CIN,Keaton Mitchell,00-0038454,RB,rec,0.947,0.0,0.0,1.0,1.0,2.0
2025_15_BAL_CIN,BAL,CIN,Keaton Mitchell,00-0038454,RB,rec_yds,7.268,0.0,0.0,0.997,10.578,22.052
2025_15_BAL_CIN,BAL,CIN,Keaton Mitchell,00-0038454,RB,anytime_td,0.121,0.0,0.0,0.0,0.0,1.0
2025_15_BAL_CIN,BAL,CIN,Derrick Henry,00-0032764,RB,car,16.943,9.0,12.0,16.0,21.0,26.0
2025_15_BAL_CIN,BAL,CIN,Derrick Henry,00-0032764,RB,rush_yds,78.957,30.9,47.23,71.691,102.349,136.377
2025_15_BAL_CIN,BAL,CIN,Derrick Henry,00-0032764,RB,tgt,1.863,0.0,1.0,2.0,3.0,4.0
2025_15_BAL_CIN,BAL,CIN,Derrick Henry,00-0032764,RB,rec,1.426,0.0,0.0,1.0,2.0,3.0
2025_15_BAL_CIN,BAL,CIN,Derrick Henry,00-0032764,RB,rec_yds,12.281,0.0,0.0,6.953,18.085,34.237
2025_15_BAL_CIN,BAL,CIN,Derrick Henry,00-0032764,RB,anytime_td,0.41,0.0,0.0,0.0,1.0,1.0
2025_15_BAL_CIN,BAL,CIN,DeAndre Hopkins,00-0030564,WR,car,0.007,0.0,0.0,0.0,0.0,0.0
2025_15_BAL_CIN,BAL,CIN,DeAndre Hopkins,00-0030564,WR,rush_yds,0.035,0.0,0.0,0.0,0.0,0.0
2025_15_BAL_CIN,BAL,CIN,DeAndre Hopkins,00-0030564,WR,tgt,2.672,0.0,1.0,2.0,4.0,5.0
2025_15_BAL_CIN,BAL,CIN,DeAndre Hopkins,00-0030564,WR,rec,1.592,0.0,1.0,1.0,2.0,4.0
2025_15_BAL_CIN,BAL,CIN,DeAndre Hopkins,00-0030564,WR,rec_yds,20.618,0.0,0.0,13.847,31.116,51.467
2025_15_BAL_CIN,BAL,CIN,DeAndre Hopkins,00-0030564,WR,anytime_td,0.101,0.0,0.0,0.0,0.0,1.0
2025_15_BAL_CIN,BAL,CIN,Rasheen Ali,00-0039796,RB,car,1.341,0.0,0.0,0.0,2.0,4.0
2025_15_BAL_CIN,BAL,CIN,Rasheen Ali,00-0039796,RB,rush_yds,6.036,0.0,0.0,0.0,7.319,18.924
2025_15_BAL_CIN,BAL,CIN,Rasheen Ali,00-0039796,RB,tgt,0.923,0.0,0.0,1.0,1.0,2.0
2025_15_BAL_CIN,BAL,CIN,Rasheen Ali,00-0039796,RB,rec,0.704,0.0,0.0,0.0,1.0,2.0
2025_15_BAL_CIN,BAL,CIN,Rasheen Ali,00-0039796,RB,rec_yds,5.412,0.0,0.0,0.0,7.727,17.939
2025_15_BAL_CIN,BAL,CIN,Rasheen Ali,00-0039796,RB,anytime_td,0.03,0.0,0.0,0.0,0.0,0.0
2025_15_BAL_CIN,BAL,CIN,Tylan Wallace,00-0036630,WR,car,0.004,0.0,0.0,0.0,0.0,0.0
2025_15_BAL_CIN,BAL,CIN,Tylan Wallace,00-0036630,WR,rush_yds,0.025,0.0,0.0,0.0,0.0,0.0
2025_15_BAL_CIN,BAL,CIN,Tylan Wallace,00-0036630,WR,tgt,0.775,0.0,0.0,0.0,1.0,2.0
2025_15_BAL_CIN,BAL,CIN,Tylan Wallace,00-0036630,WR,rec,0.474,0.0,0.0,0.0,1.0,1.0
2025_15_BAL_CIN,BAL,CIN,Tylan Wallace,00-0036630,WR,rec_yds,6.122,0.0,0.0,0.0,7.698,21.512
2025_15_BAL_CIN,BAL,CIN,Tylan Wallace,00-0036630,WR,anytime_td,0.03,0.0,0.0,0.0,0.0,0.0
2025_15_BUF_NE,NE,BUF,Drake Maye,00-0039851,QB,att,27.334,18.0,23.0,28.0,33.0,37.0
2025_15_BUF_NE,NE,BUF,Drake Maye,00-0039851,QB,cmp,17.759,11.0,15.0,18.0,22.0,25.0
2025_15_BUF_NE,NE,BUF,Drake Maye,00-0039851,QB,pass_yds,208.884,123.148,166.717,209.494,254.451,299.072
2025_15_BUF_NE,NE,BUF,Drake Maye,00-0039851,QB,pass_td,1.523,0.0,1.0,1.0,2.0,3.0
2025_15_BUF_NE,NE,BUF,Drake Maye,00-0039851,QB,ints,0.601,0.0,0.0,0.0,1.0,2.0
2025_15_BUF_NE,NE,BUF,Drake Maye,00-0039851,QB,car,4.903,2.0,3.0,5.0,6.0,9.0
2025_15_BUF_NE,NE,BUF,Drake Maye,00-0039851,QB,rush_yds,23.909,2.178,9.375,19.701,34.317,50.531
2025_15_BUF_NE,NE,BUF,Drake Maye,00-0039851,QB,tgt,0.0,0.0,0.0,0.0,0.0,0.0
2025_15_BUF_NE,NE,BUF,Drake Maye,00-0039851,QB,rec,0.0,0.0,0.0,0.0,0.0,0.0
2025_15_BUF_NE,NE,BUF,Drake Maye,00-0039851,QB,rec_yds,0.0,0.0,0.0,0.0,0.0,0.0
2025_15_BUF_NE,NE,BUF,Drake Maye,00-0039851,QB,anytime_td,0.125,0.0,0.0,0.0,0.0,1.0
2025_15_BUF_NE,NE,BUF,Hunter Henry,00-0033090,TE,car,0.002,0.0,0.0,0.0,0.0,0.0
2025_15_BUF_NE,NE,BUF,Hunter Henry,00-0033090,TE,rush_yds,0.006,0.0,0.0,0.0,0.0,0.0
2025_15_BUF_NE,NE,BUF,Hunter Henry,00-0033090,TE,tgt,4.887,2.0,3.0,5.0,7.0,9.0
2025_15_BUF_NE,NE,BUF,Hunter Henry,00-0033090,TE,rec,3.237,1.0,2.0,3.0,4.0,6.0
2025_15_BUF_NE,NE,BUF,Hunter Henry,00-0033090,TE,rec_yds,39.71,5.774,16.903,34.088,55.934,80.503
2025_15_BUF_NE,NE,BUF,Hunter Henry,00-0033090,TE,anytime_td,0.254,0.0,0.0,0.0,1.0,1.0
2025_15_BUF_NE,NE,BUF,Mack Hollins,00-0033555,WR,car,0.078,0.0,0.0,0.0,0.0,0.0
2025_15_BUF_NE,NE,BUF,Mack Hollins,00-0033555,WR,rush_yds,0.451,0.0,0.0,0.0,0.0,0.0
2025_15_BUF_NE,NE,BUF,Mack Hollins,00-0033555,WR,tgt,3.9,1.0,2.0,4.0,5.0,7.0
2025_15_BUF_NE,NE,BUF,Mack Hollins,00-0033555,WR,rec,2.465,0.0,1.0,2.0,4.0,5.0
2025_15_BUF_NE,NE,BUF,Mack Hollins,00-0033555,WR,rec_yds,32.77,0.0,10.281,25.545,48.296,73.443
2025_15_BUF_NE,NE,BUF,Mack Hollins,00-0033555,WR,anytime_td,0.115,0.0,0.0,0.0,0.0,1.0
2025_15_BUF_NE,NE,BUF,Kayshon Boutte,00-0038608,WR,car,0.007,0.0,0.0,0.0,0.0,0.0
2025_15_BUF_NE,NE,BUF,Kayshon Boutte,00-0038608,WR,rush_yds,0.022,0.0,0.0,0.0,0.0,0.0
2025_15_BUF_NE,NE,BUF,Kayshon Boutte,00-0038608,WR,tgt,3.268,1.0,2.0,3.0,5.0,6.0
2025_15_BUF_NE,NE,BUF,Kayshon Boutte,00-0038608,WR,rec,2.128,0.0,1.0,2.0,3.0,4.0
2025_15_BUF_NE,NE,BUF,Kayshon Boutte,00-0038608,WR,rec_yds,29.437,0.0,7.812,22.37,43.874,69.114
2025_15_BUF_NE,NE,BUF,Kayshon Boutte,00-0038608,WR,anytime_td,0.3,0.0,0.0,0.0,1.0,1.0
2025_15_BUF_NE,NE,BUF,Rhamondre Stevenson,00-0036875,RB,car,11.247,5.0,7.0,11.0,15.0,18.0
2025_15_BUF_NE,NE,BUF,Rhamondre Stevenson,00-0036875,RB,rush_yds,43.922,11.542,21.636,37.387,59.206,85.704
2025_15_BUF_NE,NE,BUF,Rhamondre Stevenson,00-0036875,RB,tgt,2.131,0.0,1.0,2.0,3.0,5.0
2025_15_BUF_NE,NE,BUF,Rhamondre Stevenson,00-0036875,RB,rec,1.629,0.0,0.0,1.0,2.0,4.0
2025_15_BUF_NE,NE,BUF,Rhamondre Stevenson,00-0036875,RB,rec_yds,13.362,0.0,0.0,8.61,20.159,34.176
2025_15_BUF_NE,NE,BUF,Rhamondre Stevenson,00-0036875,RB,anytime_td,0.351,0.0,0.0,0.0,1.0,1.0
2025_15_BUF_NE,NE,BUF,Stefon Diggs,00-0031588,WR,car,0.02,0.0,0.0,0.0,0.0,0.0
2025_15_BUF_NE,NE,BUF,Stefon Diggs,00-0031588,WR,rush_yds,0.119,0.0,0.0,0.0,0.0,0.0
2025_15_BUF_NE,NE,BUF,Stefon Diggs,00-0031588,WR,tgt,5.424,2.0,3.0,5.0,7.0,9.0
2025_15_BUF_NE,NE,BUF,Stefon Diggs,00-0031588,WR,rec,3.726,1.0,2.0,3.0,5.0,7.0
2025_15_BUF_NE,NE,BUF,Stefon Diggs,00-0031588,WR,rec_yds,44.351,8.045,19.902,38.927,63.079,87.127
2025_15_BUF_NE,NE,BUF,Stefon Diggs,00-0031588,WR,anytime_td,0.234,0.0,0.0,0.0,0.0,1.0
2025_15_BUF_NE,NE,BUF,TreVeyon Henderson,00-0040734,RB,car,12.259,5.0,8.0,12.0,16.0,20.0
2025_15_BUF_NE,NE,BUF,TreVeyon Henderson,00-0040734,RB,rush_yds,59.253,16.924,30.497,51.282,78.867,112.072
2025_15_BUF_NE,NE,BUF,TreVeyon Henderson,00-0040734,RB,tgt,2.739,0.0,1.0,2.0,4.0,6.0
2025_15_BUF_NE,NE,BUF,TreVeyon Henderson,00-0040734,RB,rec,2.091,0.0,1.0,2.0,3.0,4.0
2025_15_BUF_NE,NE,BUF,TreVeyon Henderson,00-0040734,RB,rec_yds,14.86,0.0,1.909,10.313,21.791,36.902
2025_15_BUF_NE,NE,BUF,TreVeyon Henderson,00-0040734,RB,anytime_td,0.445,0.0,0.0,0.0,1.0,1.0
2025_15_BUF_NE,NE,BUF,Austin Hooper,00-0032392,TE,car,0.005,0.0,0.0,0.0,0.0,0.0
2025_15_BUF_NE,NE,BUF,Austin Hooper,00-0032392,TE,rush_yds,0.013,0.0,0.0,0.0,0.0,0.0
2025_15_BUF_NE,NE,BUF,Austin Hooper,00-0032392,TE,tgt,1.568,0.0,0.0,1.0,2.0,4.0
2025_15_BUF_NE,NE,BUF,Austin Hooper,00-0032392,TE,rec,1.112,0.0,0.0,1.0,2.0,3.0
2025_15_BUF_NE,NE,BUF,Austin Hooper,00-0032392,TE,rec_yds,12.507,0.0,0.0,6.85,19.204,33.903
2025_15_BUF_NE,NE,BUF,Austin Hooper,00-0032392,TE,anytime_td,0.079,0.0,0.0,0.0,0.0,0.0
2025_15_BUF_NE,NE,BUF,DeMario Douglas,00-0038621,WR,car,0.513,0.0,0.0,0.0,0.0,2.0
2025_15_BUF_NE,NE,BUF,DeMario Douglas,00-0038621,WR,rush_yds,2.833,0.0,0.0,0.0,0.0,8.996
2025_15_BUF_NE,NE,BUF,DeMario Douglas,00-0038621,WR,tgt,2.705,0.0,1.0,2.0,4.0,5.0
2025_15_BUF_NE,NE,BUF,DeMario Douglas,00-0038621,WR,rec,1.789,0.0,1.0,1.0,3.0,4.0
2025_15_BUF_NE,NE,BUF,DeMario Douglas,00-0038621,WR,rec_yds,24.975,0.0,4.377,18.071,37.262,61.42
2025_15_BUF_NE,NE,BUF,DeMario Douglas,00-0038621,WR,anytime_td,0.149,0.0,0.0,0.0,0.0,1.0
2025_15_BUF_NE,NE,BUF,Kyle Williams,00-0040131,WR,car,0.052,0.0,0.0,0.0,0.0,0.0
2025_15_BUF_NE,NE,BUF,Kyle Williams,00-0040131,WR,rush_yds,0.303,0.0,0.0,0.0,0.0,0.0
2025_15_BUF_NE,NE,BUF,Kyle Williams,00-0040131,WR,tgt,1.157,0.0,0.0,1.0,2.0,3.0
2025_15_BUF_NE,NE,BUF,Kyle Williams,00-0040131,WR,rec,0.657,0.0,0.0,0.0,1.0,2.0
2025_15_BUF_NE,NE,BUF,Kyle Williams,00-0040131,WR,rec_yds,9.465,0.0,0.0,0.0,13.836,30.291
2025_15_BUF_NE,NE,BUF,Kyle Williams,00-0040131,WR,anytime_td,0.121,0.0,0.0,0.0,0.0,1.0
2025_15_BUF_NE,BUF,NE,Josh Allen,00-0034857,QB,att,27.5,18.0,23.0,28.0,33.0,37.0
2025_15_BUF_NE,BUF,NE,Josh Allen,00-0034857,QB,cmp,17.89,11.0,14.0,18.0,22.0,25.0
2025_15_BUF_NE,BUF,NE,Josh Allen,00-0034857,QB,pass_yds,191.332,115.355,151.836,191.445,232.847,275.429
2025_15_BUF_NE,BUF,NE,Josh Allen,00-0034857,QB,pass_td,1.067,0.0,0.0,1.0,2.0,2.0
2025_15_BUF_NE,BUF,NE,Josh Allen,00-0034857,QB,ints,0.635,0.0,0.0,0.0,1.0,2.0
2025_15_BUF_NE,BUF,NE,Josh Allen,00-0034857,QB,car,5.703,2.0,3.0,5.0,8.0,10.0
2025_15_BUF_NE,BUF,NE,Josh Allen,00-0034857,QB,rush_yds,30.666,3.5,12.737,26.156,43.618,62.635
2025_15_BUF_NE,BUF,NE,Josh Allen,00-0034857,QB,tgt,0.0,0.0,0.0,0.0,0.0,0.0
2025_15_BUF_NE,BUF,NE,Josh Allen,00-0034857,QB,rec,0.0,0.0,0.0,0.0,0.0,0.0
2025_15_BUF_NE,BUF,NE,Josh Allen,00-0034857,QB,rec_yds,0.0,0.0,0.0,0.0,0.0,0.0
2025_15_BUF_NE,BUF,NE,Josh Allen,00-0034857,QB,anytime_td,0.371,0.0,0.0,0.0,1.0,1.0
2025_15_BUF_NE,BUF,NE,Khalil Shakir,00-0037261,WR,car,0.052,0.0,0.0,0.0,0.0,0.0
2025_15_BUF_NE,BUF,NE,Khalil Shakir,00-0037261,WR,rush_yds,0.27,0.0,0.0,0.0,0.0,0.0
2025_15_BUF_NE,BUF,NE,Khalil Shakir,00-0037261,WR,tgt,5.198,2.0,3.0,5.0,7.0,9.0
2025_15_BUF_NE,BUF,NE,Khalil Shakir,00-0037261,WR,rec,3.385,1.0,2.0,3.0,5.0,6.0
2025_15_BUF_NE,BUF,NE,Khalil Shakir,00-0037261,WR,rec_yds,35.187,5.557,15.336,30.866,49.719,70.446
2025_15_BUF_NE,BUF,NE,Khalil Shakir,00-0037261,WR,anytime_td,0.179,0.0,0.0,0.0,0.0,1.0
2025_15_BUF_NE,BUF,NE,James Cook,00-0037248,RB,car,17.938,10.0,13.0,18.0,22.0,26.0
2025_15_BUF_NE,BUF,NE,James Cook,00-0037248,RB,rush_yds,79.091,31.209,47.729,72.171,101.777,135.212
2025_15_BUF_NE,BUF,NE,James Cook,00-0037248,RB,tgt,2.152,0.0,1.0,2.0,3.0,5.0
2025_15_BUF_NE,BUF,NE,James Cook,00-0037248,RB,rec,1.745,0.0,1.0,1.0,3.0,4.0
2025_15_BUF_NE,BUF,NE,James Cook,00-0037248,RB,rec_yds,14.167,0.0,0.0,9.098,21.286,36.998
2025_15_BUF_NE,BUF,NE,James Cook,00-0037248,RB,anytime_td,0.3,0.0,0.0,0.0,1.0,1.0
2025_15_BUF_NE,BUF,NE,Dawson Knox,00-0035689,TE,car,0.001,0.0,0.0,0.0,0.0,0.0
2025_15_BUF_NE,BUF,NE,Dawson Knox,00-0035689,TE,rush_yds,0.003,0.0,0.0,0.0,0.0,0.0
2025_15_BUF_NE,BUF,NE,Dawson Knox,00-0035689,TE,tgt,3.074,1.0,1.0,3.0,4.0,6.0
2025_15_BUF_NE,BUF,NE,Dawson Knox,00-0035689,TE,rec,2.152,0.0,1.0,2.0,3.0,4.0
2025_15_BUF_NE,BUF,NE,Dawson Knox,00-0035689,TE,rec_yds,22.974,0.0,6.173,18.14,33.835,51.73
2025_15_BUF_NE,BUF,NE,Dawson Knox,00-0035689,TE,anytime_td,0.083,0.0,0.0,0.0,0.0,0.0
2025_15_BUF_NE,BUF,NE,Keon Coleman,00-0039901,WR,car,0.017,0.0,0.0,0.0,0.0,0.0
2025_15_BUF_NE,BUF,NE,Keon Coleman,00-0039901,WR,rush_yds,0.082,0.0,0.0,0.0,0.0,0.0
2025_15_BUF_NE,BUF,NE,Keon Coleman,00-0039901,WR,tgt,4.102,1.0,2.0,4.0,6.0,7.0
2025_15_BUF_NE,BUF,NE,Keon Coleman,00-0039901,WR,rec,2.499,0.0,1.0,2.0,4.0,5.0
2025_15_BUF_NE,BUF,NE,Keon Coleman,00-0039901,WR,rec_yds,27.929,0.0,8.977,22.205,41.12,61.086
2025_15_BUF_NE,BUF,NE,Keon Coleman,00-0039901,WR,anytime_td,0.19,0.0,0.0,0.0,0.0,1.0
2025_15_BUF_NE,BUF,NE,Tyrell Shavers,00-0038679,WR,car,0.006,0.0,0.0,0.0,0.0,0.0
2025_15_BUF_NE,BUF,NE,Tyrell Shavers,00-0038679,WR,rush_yds,0.056,0.0,0.0,0.0,0.0,0.0
2025_15_BUF_NE,BUF,NE,Tyrell Shavers,00-0038679,WR,tgt,1.227,0.0,0.0,1.0,2.0,3.0
2025_15_BUF_NE,BUF,NE,Tyrell Shavers,00-0038679,WR,rec,0.774,0.0,0.0,0.0,1.0,2.0
2025_15_BUF_NE,BUF,NE,Tyrell Shavers,00-0038679,WR,rec_yds,10.187,0.0,0.0,0.0,15.144,31.947
2025_15_BUF_NE,BUF,NE,Tyrell Shavers,00-0038679,WR,anytime_td,0.053,0.0,0.0,0.0,0.0,0.0
2025_15_BUF_NE,BUF,NE,Jackson Hawes,00-0040194,TE,car,0.004,0.0,0.0,0.0,0.0,0.0
2025_15_BUF_NE,BUF,NE,Jackson Hawes,00-0040194,TE,rush_yds,0.013,0.0,0.0,0.0,0.0,0.0
2025_15_BUF_NE,BUF,NE,Jackson Hawes,00-0040194,TE,tgt,1.157,0.0,0.0,1.0,2.0,3.0
2025_15_BUF_NE,BUF,NE,Jackson Hawes,00-0040194,TE,rec,0.815,0.0,0.0,0.0,1.0,2.0
2025_15_BUF_NE,BUF,NE,Jackson Hawes,00-0040194,TE,rec_yds,8.294,0.0,0.0,0.0,12.691,25.645
2025_15_BUF_NE,BUF,NE,Jackson Hawes,00-0040194,TE,anytime_td,0.103,0.0,0.0,0.0,0.0,1.0
2025_15_BUF_NE,BUF,NE,Dalton Kincaid,00-0038933,TE,car,0.001,0.0,0.0,0.0,0.0,0.0
2025_15_BUF_NE,BUF,NE,Dalton Kincaid,00-0038933,TE,rush_yds,-0.0,0.0,0.0,0.0,0.0,0.0
2025_15_BUF_NE,BUF,NE,Dalton Kincaid,00-0038933,TE,tgt,4.085,1.0,2.0,4.0,5.0,7.0
2025_15_BUF_NE,BUF,NE,Dalton Kincaid,00-0038933,TE,rec,2.963,1.0,1.0,3.0,4.0,6.0
2025_15_BUF_NE,BUF,NE,Dalton Kincaid,00-0038933,TE,rec_yds,33.989,2.627,13.315,28.566,48.975,70.622
2025_15_BUF_NE,BUF,NE,Dalton Kincaid,00-0038933,TE,anytime_td,0.205,0.0,0.0,0.0,0.0,1.0
2025_15_BUF_NE,BUF,NE,Brandin Cooks,00-0031236,WR,car,0.028,0.0,0.0,0.0,0.0,0.0
2025_15_BUF_NE,BUF,NE,Brandin Cooks,00-0031236,WR,rush_yds,0.144,0.0,0.0,0.0,0.0,0.0
2025_15_BUF_NE,BUF,NE,Brandin Cooks,00-0031236,WR,tgt,1.549,0.0,0.0,1.0,2.0,4.0
2025_15_BUF_NE,BUF,NE,Brandin Cooks,00-0031236,WR,rec,0.986,0.0,0.0,1.0,2.0,2.0
2025_15_BUF_NE,BUF,NE,Brandin Cooks,00-0031236,WR,rec_yds,11.384,0.0,0.0,5.211,17.283,33.071
2025_15_BUF_NE,BUF,NE,Brandin Cooks,00-0031236,WR,anytime_td,0.029,0.0,0.0,0.0,0.0,0.0
2025_15_BUF_NE,BUF,NE,Josh Palmer,00-0036988,WR,car,0.01,0.0,0.0,0.0,0.0,0.0
2025_15_BUF_NE,BUF,NE,Josh Palmer,00-0036988,WR,rush_yds,0.03,0.0,0.0,0.0,0.0,0.0
2025_15_BUF_NE,BUF,NE,Josh Palmer,00-0036988,WR,tgt,3.097,1.0,1.0,3.0,4.0,6.0
2025_15_BUF_NE,BUF,NE,Josh Palmer,00-0036988,WR,rec,1.89,0.0,1.0,2.0,3.0,4.0
2025_15_BUF_NE,BUF,NE,Josh Palmer,00-0036988,WR,rec_yds,25.227,0.0,5.025,18.24,38.225,59.615
2025_15_BUF_NE,BUF,NE,Josh Palmer,00-0036988,WR,anytime_td,0.038,0.0,0.0,0.0,0.0,0.0
2025_15_BUF_NE,BUF,NE,Ty Johnson,00-0035537,RB,car,2.026,0.0,0.0,1.0,3.0,5.0
2025_15_BUF_NE,BUF,NE,Ty Johnson,00-0035537,RB,rush_yds,8.366,0.0,0.0,2.806,11.088,24.198
2025_15_BUF_NE,BUF,NE,Ty Johnson,00-0035537,RB,tgt,1.996,0.0,1.0,2.0,3.0,4.0
2025_15_BUF_NE,BUF,NE,Ty Johnson,00-0035537,RB,rec,1.499,0.0,0.0,1.0,2.0,3.0
2025_15_BUF_NE,BUF,NE,Ty Johnson,00-0035537,RB,rec_yds,12.511,0.0,0.0,7.331,18.865,34.33
2025_15_BUF_NE,BUF,NE,Ty Johnson,00-0035537,RB,anytime_td,0.108,0.0,0.0,0.0,0.0,1.0
2025_15_BUF_NE,BUF,NE,Ray Davis,00-0039875,RB,car,2.649,0.0,0.0,2.0,4.0,7.0
2025_15_BUF_NE,BUF,NE,Ray Davis,00-0039875,RB,rush_yds,10.271,0.0,0.0,4.845,14.244,28.432
2025_15_BUF_NE,BUF,NE,Ray Davis,00-0039875,RB,tgt,0.444,0.0,0.0,0.0,1.0,1.0
2025_15_BUF_NE,BUF,NE,Ray Davis,00-0039875,RB,rec,0.329,0.0,0.0,0.0,0.0,1.0
2025_15_BUF_NE,BUF,NE,Ray Davis,00-0039875,RB,rec_yds,2.255,0.0,0.0,0.0,0.0,8.317
2025_15_BUF_NE,BUF,NE,Ray Davis,00-0039875,RB,anytime_td,0.053,0.0,0.0,0.0,0.0,0.0
2025_15_CAR_NO,NO,CAR,Tyler Shough,00-0040743,QB,att,29.657,20.0,25.0,30.0,35.0,40.0
2025_15_CAR_NO,NO,CAR,Tyler Shough,00-0040743,QB,cmp,19.051,12.0,16.0,19.0,23.0,27.0
2025_15_CAR_NO,NO,CAR,Tyler Shough,00-0040743,QB,pass_yds,199.541,120.224,159.502,199.649,242.257,284.677
2025_15_CAR_NO,NO,CAR,Tyler Shough,00-0040743,QB,pass_td,1.165,0.0,0.0,1.0,2.0,3.0
2025_15_CAR_NO,NO,CAR,Tyler Shough,00-0040743,QB,ints,0.74,0.0,0.0,0.0,1.0,2.0
2025_15_CAR_NO,NO,CAR,Tyler Shough,00-0040743,QB,car,5.33,1.0,3.0,5.0,7.0,10.0
2025_15_CAR_NO,NO,CAR,Tyler Shough,00-0040743,QB,rush_yds,21.989,0.056,6.748,17.213,32.098,49.495
2025_15_CAR_NO,NO,CAR,Tyler Shough,00-0040743,QB,tgt,0.001,0.0,0.0,0.0,0.0,0.0
2025_15_CAR_NO,NO,CAR,Tyler Shough,00-0040743,QB,rec,0.0,0.0,0.0,0.0,0.0,0.0
2025_15_CAR_NO,NO,CAR,Tyler Shough,00-0040743,QB,rec_yds,0.004,0.0,0.0,0.0,0.0,0.0
2025_15_CAR_NO,NO,CAR,Tyler Shough,00-0040743,QB,anytime_td,0.26,0.0,0.0,0.0,1.0,1.0
2025_15_CAR_NO,NO,CAR,Chris Olave,00-0037239,WR,car,0.119,0.0,0.0,0.0,0.0,0.0
2025_15_CAR_NO,NO,CAR,Chris Olave,00-0037239,WR,rush_yds,0.581,0.0,0.0,0.0,0.0,0.0
2025_15_CAR_NO,NO,CAR,Chris Olave,00-0037239,WR,tgt,8.977,4.0,6.0,9.0,11.0,14.0
2025_15_CAR_NO,NO,CAR,Chris Olave,00-0037239,WR,rec,5.61,2.0,4.0,5.0,7.0,9.0
2025_15_CAR_NO,NO,CAR,Chris Olave,00-0037239,WR,rec_yds,63.778,20.933,36.962,59.351,84.363,113.157
2025_15_CAR_NO,NO,CAR,Chris Olave,00-0037239,WR,anytime_td,0.326,0.0,0.0,0.0,1.0,1.0
2025_15_CAR_NO,NO,CAR,Mason Tipton,00-0039623,WR,car,0.378,0.0,0.0,0.0,0.0,1.0
2025_15_CAR_NO,NO,CAR,Mason Tipton,00-0039623,WR,rush_yds,2.168,0.0,0.0,0.0,0.0,6.072
2025_15_CAR_NO,NO,CAR,Mason Tipton,00-0039623,WR,tgt,1.571,0.0,0.0,1.0,2.0,4.0
2025_15_CAR_NO,NO,CAR,Mason Tipton,00-0039623,WR,rec,0.996,0.0,0.0,1.0,2.0,3.0
2025_15_CAR_NO,NO,CAR,Mason Tipton,00-0039623,WR,rec_yds,11.182,0.0,0.0,4.663,16.617,32.764
2025_15_CAR_NO,NO,CAR,Mason Tipton,00-0039623,WR,anytime_td,0.026,0.0,0.0,0.0,0.0,0.0
2025_15_CAR_NO,NO,CAR,Juwan Johnson,00-0036040,TE,car,0.008,0.0,0.0,0.0,0.0,0.0
2025_15_CAR_NO,NO,CAR,Juwan Johnson,00-0036040,TE,rush_yds,0.019,0.0,0.0,0.0,0.0,0.0
2025_15_CAR_NO,NO,CAR,Juwan Johnson,00-0036040,TE,tgt,6.536,3.0,4.0,6.0,8.0,11.0
2025_15_CAR_NO,NO,CAR,Juwan Johnson,00-0036040,TE,rec,4.702,2.0,3.0,4.0,6.0,8.0
2025_15_CAR_NO,NO,CAR,Juwan Johnson,00-0036040,TE,rec_yds,48.155,12.599,25.136,43.614,66.115,88.508
2025_15_CAR_NO,NO,CAR,Juwan Johnson,00-0036040,TE,anytime_td,0.221,0.0,0.0,0.0,0.0,1.0
2025_15_CAR_NO,NO,CAR,Devaughn Vele,00-0039424,WR,car,0.012,0.0,0.0,0.0,0.0,0.0
2025_15_CAR_NO,NO,CAR,Devaughn Vele,00-0039424,WR,rush_yds,0.059,0.0,0.0,0.0,0.0,0.0
2025_15_CAR_NO,NO,CAR,Devaughn Vele,00-0039424,WR,tgt,4.143,1.0,2.0,4.0,6.0,7.0
2025_15_CAR_NO,NO,CAR,Devaughn Vele,00-0039424,WR,rec,2.587,0.0,1.0,2.0,4.0,5.0
2025_15_CAR_NO,NO,CAR,Devaughn Vele,00-0039424,WR,rec_yds,30.598,0.0,10.552,24.578,44.848,66.383
2025_15_CAR_NO,NO,CAR,Devaughn Vele,00-0039424,WR,anytime_td,0.192,0.0,0.0,0.0,0.0,1.0
2025_15_CAR_NO,NO,CAR,Foster Moreau,00-0034981,TE,car,0.002,0.0,0.0,0.0,0.0,0.0
2025_15_CAR_NO,NO,CAR,Foster Moreau,00-0034981,TE,rush_yds,0.002,0.0,0.0,0.0,0.0,0.0
2025_15_CAR_NO,NO,CAR,Foster Moreau,00-0034981,TE,tgt,1.656,0.0,0.0,1.0,2.0,4.0
2025_15_CAR_NO,NO,CAR,Foster Moreau,00-0034981,TE,rec,1.169,0.0,0.0,1.0,2.0,3.0
2025_15_CAR_NO,NO,CAR,Foster Moreau,00-0034981,TE,rec_yds,11.642,0.0,0.0,6.428,18.05,32.113
2025_15_CAR_NO,NO,CAR,Foster Moreau,00-0034981,TE,anytime_td,0.056,0.0,0.0,0.0,0.0,0.0
2025_15_CAR_NO,NO,CAR,Kevin Austin Jr.,00-0037231,WR,car,0.046,0.0,0.0,0.0,0.0,0.0
2025_15_CAR_NO,NO,CAR,Kevin Austin Jr.,00-0037231,WR,rush_yds,0.222,0.0,0.0,0.0,0.0,0.0
2025_15_CAR_NO,NO,CAR,Kevin Austin Jr.,00-0037231,WR,tgt,1.028,0.0,0.0,1.0,2.0,3.0
2025_15_CAR_NO,NO,CAR,Kevin Austin Jr.,00-0037231,WR,rec,0.611,0.0,0.0,0.0,1.0,2.0
2025_15_CAR_NO,NO,CAR,Kevin Austin Jr.,00-0037231,WR,rec_yds,7.352,0.0,0.0,0.0,10.209,24.335
2025_15_CAR_NO,NO,CAR,Kevin Austin Jr.,00-0037231,WR,anytime_td,0.015,0.0,0.0,0.0,0.0,0.0
2025_15_CAR_NO,NO,CAR,Audric Estimé,00-0039373,RB,car,5.017,1.0,2.0,4.0,7.0,11.0
2025_15_CAR_NO,NO,CAR,Audric Estimé,00-0039373,RB,rush_yds,21.578,0.0,5.38,15.054,30.671,49.84
2025_15_CAR_NO,NO,CAR,Audric Estimé,00-0039373,RB,tgt,0.361,0.0,0.0,0.0,0.0,1.0
2025_15_CAR_NO,NO,CAR,Audric Estimé,00-0039373,RB,rec,0.277,0.0,0.0,0.0,0.0,1.0
2025_15_CAR_NO,NO,CAR,Audric Estimé,00-0039373,RB,rec_yds,2.005,0.0,0.0,0.0,0.0,7.262
2025_15_CAR_NO,NO,CAR,Audric Estimé,00-0039373,RB,anytime_td,0.092,0.0,0.0,0.0,0.0,0.0
2025_15_CAR_NO,NO,CAR,Evan Hull,00-0038397,RB,car,3.611,0.0,1.0,3.0,5.0,8.0
2025_15_CAR_NO,NO,CAR,Evan Hull,00-0038397,RB,rush_yds,15.488,0.0,1.85,9.087,21.543,40.288
2025_15_CAR_NO,NO,CAR,Evan Hull,00-0038397,RB,tgt,0.726,0.0,0.0,0.0,1.0,2.0
2025_15_CAR_NO,NO,CAR,Evan Hull,00-0038397,RB,rec,0.559,0.0,0.0,0.0,1.0,2.0
2025_15_CAR_NO,NO,CAR,Evan Hull,00-0038397,RB,rec_yds,3.903,0.0,0.0,0.0,4.969,13.344
2025_15_CAR_NO,NO,CAR,Evan Hull,00-0038397,RB,anytime_td,0.047,0.0,0.0,0.0,0.0,0.0
2025_15_CAR_NO,NO,CAR,Devin Neal,00-0040202,RB,car,12.063,5.0,8.0,11.0,16.0,20.0
2025_15_CAR_NO,NO,CAR,Devin Neal,00-0040202,RB,rush_yds,48.684,13.776,24.929,42.534,65.764,90.458
2025_15_CAR_NO,NO,CAR,Devin Neal,00-0040202,RB,tgt,2.715,0.0,1.0,2.0,4.0,6.0
2025_15_CAR_NO,NO,CAR,Devin Neal,00-0040202,RB,rec,2.162,0.0,1.0,2.0,3.0,4.0
2025_15_CAR_NO,NO,CAR,Devin Neal,00-0040202,RB,rec_yds,15.11,0.0,2.412,10.583,22.833,36.326
2025_15_CAR_NO,NO,CAR,Devin Neal,00-0040202,RB,anytime_td,0.198,0.0,0.0,0.0,0.0,1.0
2025_15_CAR_NO,NO,CAR,Jack Stoll,00-0036741,TE,car,0.002,0.0,0.0,0.0,0.0,0.0
2025_15_CAR_NO,NO,CAR,Jack Stoll,00-0036741,TE,rush_yds,0.004,0.0,0.0,0.0,0.0,0.0
2025_15_CAR_NO,NO,CAR,Jack Stoll,00-0036741,TE,tgt,0.783,0.0,0.0,0.0,1.0,2.0
2025_15_CAR_NO,NO,CAR,Jack Stoll,00-0036741,TE,rec,0.528,0.0,0.0,0.0,1.0,2.0
2025_15_CAR_NO,NO,CAR,Jack Stoll,00-0036741,TE,rec_yds,5.358,0.0,0.0,0.0,7.28,18.775
2025_15_CAR_NO,NO,CAR,Jack Stoll,00-0036741,TE,anytime_td,0.038,0.0,0.0,0.0,0.0,0.0
2025_15_CAR_NO,NO,CAR,Dante Pettis,00-0034860,WR,car,0.023,0.0,0.0,0.0,0.0,0.0
2025_15_CAR_NO,NO,CAR,Dante Pettis,00-0034860,WR,rush_yds,0.182,0.0,0.0,0.0,0.0,0.0
2025_15_CAR_NO,NO,CAR,Dante Pettis,00-0034860,WR,tgt,1.845,0.0,1.0,1.5,3.0,4.0
2025_15_CAR_NO,NO,CAR,Dante Pettis,00-0034860,WR,rec,1.11,0.0,0.0,1.0,2.0,3.0
2025_15_CAR_NO,NO,CAR,Dante Pettis,00-0034860,WR,rec_yds,13.594,0.0,0.0,7.273,21.371,37.694
2025_15_CAR_NO,NO,CAR,Dante Pettis,00-0034860,WR,anytime_td,0.088,0.0,0.0,0.0,0.0,0.0
2025_15_CAR_NO,CAR,NO,Bryce Young,00-0039150,QB,att,27.039,17.0,22.0,28.0,32.0,37.0
2025_15_CAR_NO,CAR,NO,Bryce Young,00-0039150,QB,cmp,17.223,10.0,14.0,17.0,21.0,24.0
2025_15_CAR_NO,CAR,NO,Bryce Young,00-0039150,QB,pass_yds,190.679,109.959,149.148,189.612,232.867,275.409
2025_15_CAR_NO,CAR,NO,Bryce Young,00-0039150,QB,pass_td,1.287,0.0,0.0,1.0,2.0,3.0
2025_15_CAR_NO,CAR,NO,Bryce Young,00-0039150,QB,ints,0.638,0.0,0.0,0.0,1.0,2.0
2025_15_CAR_NO,CAR,NO,Bryce Young,00-0039150,QB,car,2.707,0.0,1.0,2.0,4.0,5.0
2025_15_CAR_NO,CAR,NO,Bryce Young,00-0039150,QB,rush_yds,11.848,-1.0,0.86,8.616,18.302,29.919
2025_15_CAR_NO,CAR,NO,Bryce Young,00-0039150,QB,tgt,0.0,0.0,0.0,0.0,0.0,0.0
2025_15_CAR_NO,CAR,NO,Bryce Young,00-0039150,QB,rec,0.0,0.0,0.0,0.0,0.0,0.0
2025_15_CAR_NO,CAR,NO,Bryce Young,00-0039150,QB,rec_yds,0.0,0.0,0.0,0.0,0.0,0.0
2025_15_CAR_NO,CAR,NO,Bryce Young,00-0039150,QB,anytime_td,0.098,0.0,0.0,0.0,0.0,0.0
2025_15_CAR_NO,CAR,NO,Tetairoa McMillan,00-0040124,WR,car,0.011,0.0,0.0,0.0,0.0,0.0
2025_15_CAR_NO,CAR,NO,Tetairoa McMillan,00-0040124,WR,rush_yds,0.069,0.0,0.0,0.0,0.0,0.0
2025_15_CAR_NO,CAR,NO,Tetairoa McMillan,00-0040124,WR,tgt,6.641,3.0,4.0,6.0,9.0,11.0
2025_15_CAR_NO,CAR,NO,Tetairoa McMillan,00-0040124,WR,rec,3.933,1.0,2.0,4.0,5.0,7.0
2025_15_CAR_NO,CAR,NO,Tetairoa McMillan,00-0040124,WR,rec_yds,53.953,10.823,26.006,47.443,75.547,105.419
2025_15_CAR_NO,CAR,NO,Tetairoa McMillan,00-0040124,WR,anytime_td,0.347,0.0,0.0,0.0,1.0,1.0
2025_15_CAR_NO,CAR,NO,Xavier Legette,00-0039342,WR,car,0.071,0.0,0.0,0.0,0.0,0.0
2025_15_CAR_NO,CAR,NO,Xavier Legette,00-0039342,WR,rush_yds,0.328,0.0,0.0,0.0,0.0,0.0
2025_15_CAR_NO,CAR,NO,Xavier Legette,00-0039342,WR,tgt,4.275,1.0,2.0,4.0,6.0,8.0
2025_15_CAR_NO,CAR,NO,Xavier Legette,00-0039342,WR,rec,2.494,0.0,1.0,2.0,4.0,5.0
2025_15_CAR_NO,CAR,NO,Xavier Legette,00-0039342,WR,rec_yds,29.445,0.0,10.023,24.192,43.027,64.31
2025_15_CAR_NO,CAR,NO,Xavier Legette,00-0039342,WR,anytime_td,0.189,0.0,0.0,0.0,0.0,1.0
2025_15_CAR_NO,CAR,NO,Jalen Coker,00-0039491,WR,car,0.01,0.0,0.0,0.0,0.0,0.0
2025_15_CAR_NO,CAR,NO,Jalen Coker,00-0039491,WR,rush_yds,0.048,0.0,0.0,0.0,0.0,0.0
2025_15_CAR_NO,CAR,NO,Jalen Coker,00-0039491,WR,tgt,3.944,1.0,2.0,4.0,5.0,7.0
2025_15_CAR_NO,CAR,NO,Jalen Coker,00-0039491,WR,rec,2.591,0.0,1.0,2.0,4.0,5.0
2025_15_CAR_NO,CAR,NO,Jalen Coker,00-0039491,WR,rec_yds,33.181,0.0,11.501,27.09,47.99,71.318
2025_15_CAR_NO,CAR,NO,Jalen Coker,00-0039491,WR,anytime_td,0.171,0.0,0.0,0.0,0.0,1.0
2025_15_CAR_NO,CAR,NO,Rico Dowdle,00-0036139,RB,car,15.685,8.0,11.0,15.0,20.0,24.0
2025_15_CAR_NO,CAR,NO,Rico Dowdle,00-0036139,RB,rush_yds,68.149,24.464,39.123,61.845,89.262,119.753
2025_15_CAR_NO,CAR,NO,Rico Dowdle,00-0036139,RB,tgt,2.75,0.0,1.0,2.0,4.0,6.0
2025_15_CAR_NO,CAR,NO,Rico Dowdle,00-0036139,RB,rec,2.139,0.0,1.0,2.0,3.0,5.0
2025_15_CAR_NO,CAR,NO,Rico Dowdle,00-0036139,RB,rec_yds,16.854,0.0,2.306,11.85,24.983,42.455
2025_15_CAR_NO,CAR,NO,Rico Dowdle,00-0036139,RB,anytime_td,0.419,0.0,0.0,0.0,1.0,1.0
2025_15_CAR_NO,CAR,NO,Ja'Tavion Sanders,00-0039356,TE,car,0.002,0.0,0.0,0.0,0.0,0.0
2025_15_CAR_NO,CAR,NO,Ja'Tavion Sanders,00-0039356,TE,rush_yds,0.003,0.0,0.0,0.0,0.0,0.0
2025_15_CAR_NO,CAR,NO,Ja'Tavion Sanders,00-0039356,TE,tgt,2.392,0.0,1.0,2.0,3.0,5.0
2025_15_CAR_NO,CAR,NO,Ja'Tavion Sanders,00-0039356,TE,rec,1.792,0.0,1.0,1.0,3.0,4.0
2025_15_CAR_NO,CAR,NO,Ja'Tavion Sanders,00-0039356,TE,rec_yds,16.344,0.0,2.491,11.504,24.656,39.946
2025_15_CAR_NO,CAR,NO,Ja'Tavion Sanders,00-0039356,TE,anytime_td,0.051,0.0,0.0,0.0,0.0,0.0
2025_15_CAR_NO,CAR,NO,Tommy Tremble,00-0037005,TE,car,0.003,0.0,0.0,0.0,0.0,0.0
2025_15_CAR_NO,CAR,NO,Tommy Tremble,00-0037005,TE,rush_yds,0.006,0.0,0.0,0.0,0.0,0.0
2025_15_CAR_NO,CAR,NO,Tommy Tremble,00-0037005,TE,tgt,1.682,0.0,0.0,1.0,2.0,4.0
2025_15_CAR_NO,CAR,NO,Tommy Tremble,00-0037005,TE,rec,1.18,0.0,0.0,1.0,2.0,3.0
2025_15_CAR_NO,CAR,NO,Tommy Tremble,00-0037005,TE,rec_yds,12.269,0.0,0.0,7.248,19.321,32.777
2025_15_CAR_NO,CAR,NO,Tommy Tremble,00-0037005,TE,anytime_td,0.061,0.0,0.0,0.0,0.0,0.0
2025_15_CAR_NO,CAR,NO,Mitchell Evans,00-0040187,TE,car,0.003,0.0,0.0,0.0,0.0,0.0
2025_15_CAR_NO,CAR,NO,Mitchell Evans,00-0040187,TE,rush_yds,0.007,0.0,0.0,0.0,0.0,0.0
2025_15_CAR_NO,CAR,NO,Mitchell Evans,00-0040187,TE,tgt,1.468,0.0,0.0,1.0,2.0,3.0
2025_15_CAR_NO,CAR,NO,Mitchell Evans,00-0040187,TE,rec,1.053,0.0,0.0,1.0,2.0,3.0
2025_15_CAR_NO,CAR,NO,Mitchell Evans,00-0040187,TE,rec_yds,10.686,0.0,0.0,5.206,16.132,30.247
2025_15_CAR_NO,CAR,NO,Mitchell Evans,00-0040187,TE,anytime_td,0.087,0.0,0.0,0.0,0.0,0.0
2025_15_CAR_NO,CAR,NO,Chuba Hubbard,00-0036555,RB,car,10.57,4.0,6.0,10.0,14.0,18.0
2025_15_CAR_NO,CAR,NO,Chuba Hubbard,00-0036555,RB,rush_yds,43.472,9.817,20.476,37.664,58.675,85.446
2025_15_CAR_NO,CAR,NO,Chuba Hubbard,00-0036555,RB,tgt,2.426,0.0,1.0,2.0,3.0,5.0
2025_15_CAR_NO,CAR,NO,Chuba Hubbard,00-0036555,RB,rec,1.857,0.0,1.0,2.0,3.0,4.0
2025_15_CAR_NO,CAR,NO,Chuba Hubbard,00-0036555,RB,rec_yds,14.301,0.0,0.0,9.518,21.373,36.204
2025_15_CAR_NO,CAR,NO,Chuba Hubbard,00-0036555,RB,anytime_td,0.364,0.0,0.0,0.0,1.0,1.0
2025_15_CAR_NO,CAR,NO,Brycen Tremayne,00-0038840,WR,car,0.006,0.0,0.0,0.0,0.0,0.0
2025_15_CAR_NO,CAR,NO,Brycen Tremayne,00-0038840,WR,rush_yds,0.035,0.0,0.0,0.0,0.0,0.0
2025_15_CAR_NO,CAR,NO,Brycen Tremayne,00-0038840,WR,tgt,0.956,0.0,0.0,1.0,1.0,3.0
2025_15_CAR_NO,CAR,NO,Brycen Tremayne,00-0038840,WR,rec,0.622,0.0,0.0,0.0,1.0,2.0
2025_15_CAR_NO,CAR,NO,Brycen Tremayne,00-0038840,WR,rec_yds,7.413,0.0,0.0,0.0,10.662,23.735
2025_15_CAR_NO,CAR,NO,Brycen Tremayne,00-0038840,WR,anytime_td,0.011,0.0,0.0,0.0,0.0,0.0
2025_15_CAR_NO,CAR,NO,Jimmy Horn Jr.,00-0040218,WR,car,0.576,0.0,0.0,0.0,0.0,2.0
2025_15_CAR_NO,CAR,NO,Jimmy Horn Jr.,00-0040218,WR,rush_yds,2.996,0.0,0.0,0.0,0.0,9.815
2025_15_CAR_NO,CAR,NO,Jimmy Horn Jr.,00-0040218,WR,tgt,1.064,0.0,0.0,1.0,2.0,3.0
2025_15_CAR_NO,CAR,NO,Jimmy Horn Jr.,00-0040218,WR,rec,0.658,0.0,0.0,0.0,1.0,2.0
2025_15_CAR_NO,CAR,NO,Jimmy Horn Jr.,00-0040218,WR,rec_yds,8.228,0.0,0.0,0.0,12.109,25.914
2025_15_CAR_NO,CAR,NO,Jimmy Horn Jr.,00-0040218,WR,anytime_td,0.023,0.0,0.0,0.0,0.0,0.0
2025_15_CLE_CHI,CHI,CLE,Caleb Williams,00-0039918,QB,att,27.71,18.0,23.0,28.0,33.0,38.0
2025_15_CLE_CHI,CHI,CLE,Caleb Williams,00-0039918,QB,cmp,16.961,10.0,14.0,17.0,21.0,24.0
2025_15_CLE_CHI,CHI,CLE,Caleb Williams,00-0039918,QB,pass_yds,193.284,114.961,153.024,192.294,235.815,278.076
2025_15_CLE_CHI,CHI,CLE,Caleb Williams,00-0039918,QB,pass_td,1.277,0.0,0.0,1.0,2.0,3.0
2025_15_CLE_CHI,CHI,CLE,Caleb Williams,00-0039918,QB,ints,0.582,0.0,0.0,0.0,1.0,2.0
2025_15_CLE_CHI,CHI,CLE,Caleb Williams,00-0039918,QB,car,4.25,1.0,2.0,4.0,6.0,8.0
2025_15_CLE_CHI,CHI,CLE,Caleb Williams,00-0039918,QB,rush_yds,19.209,0.0,5.244,15.533,28.141,43.793
2025_15_CLE_CHI,CHI,CLE,Caleb Williams,00-0039918,QB,tgt,0.0,0.0,0.0,0.0,0.0,0.0
2025_15_CLE_CHI,CHI,CLE,Caleb Williams,00-0039918,QB,rec,0.0,0.0,0.0,0.0,0.0,0.0
2025_15_CLE_CHI,CHI,CLE,Caleb Williams,00-0039918,QB,rec_yds,0.0,0.0,0.0,0.0,0.0,0.0
2025_15_CLE_CHI,CHI,CLE,Caleb Williams,00-0039918,QB,anytime_td,0.134,0.0,0.0,0.0,0.0,1.0
2025_15_CLE_CHI,CHI,CLE,DJ Moore,00-0034827,WR,car,0.666,0.0,0.0,0.0,1.0,2.0
2025_15_CLE_CHI,CHI,CLE,DJ Moore,00-0034827,WR,rush_yds,3.541,0.0,0.0,0.0,0.0,12.137
2025_15_CLE_CHI,CHI,CLE,DJ Moore,00-0034827,WR,tgt,5.168,2.0,3.0,5.0,7.0,9.0
2025_15_CLE_CHI,CHI,CLE,DJ Moore,00-0034827,WR,rec,2.911,1.0,1.0,3.0,4.0,5.0
2025_15_CLE_CHI,CHI,CLE,DJ Moore,00-0034827,WR,rec_yds,37.845,3.822,14.648,31.544,54.642,79.574
2025_15_CLE_CHI,CHI,CLE,DJ Moore,00-0034827,WR,anytime_td,0.236,0.0,0.0,0.0,0.0,1.0
2025_15_CLE_CHI,CHI,CLE,Olamide Zaccheaus,00-0035208,WR,car,0.173,0.0,0.0,0.0,0.0,0.0
2025_15_CLE_CHI,CHI,CLE,Olamide Zaccheaus,00-0035208,WR,rush_yds,0.882,0.0,0.0,0.0,0.0,0.0
2025_15_CLE_CHI,CHI,CLE,Olamide Zaccheaus,00-0035208,WR,tgt,3.802,1.0,2.0,3.0,5.0,7.0
2025_15_CLE_CHI,CHI,CLE,Olamide Zaccheaus,00-0035208,WR,rec,2.291,0.0,1.0,2.0,3.0,5.0
2025_15_CLE_CHI,CHI,CLE,Olamide Zaccheaus,00-0035208,WR,rec_yds,26.141,0.0,7.758,20.605,39.002,58.375
2025_15_CLE_CHI,CHI,CLE,Olamide Zaccheaus,00-0035208,WR,anytime_td,0.158,0.0,0.0,0.0,0.0,1.0
2025_15_CLE_CHI,CHI,CLE,Cole Kmet,00-0036290,TE,car,0.004,0.0,0.0,0.0,0.0,0.0
2025_15_CLE_CHI,CHI,CLE,Cole Kmet,00-0036290,TE,rush_yds,0.01,0.0,0.0,0.0,0.0,0.0
2025_15_CLE_CHI,CHI,CLE,Cole Kmet,00-0036290,TE,tgt,2.907,0.0,1.0,3.0,4.0,6.0
2025_15_CLE_CHI,CHI,CLE,Cole Kmet,00-0036290,TE,rec,1.967,0.0,1.0,2.0,3.0,4.0
2025_15_CLE_CHI,CHI,CLE,Cole Kmet,00-0036290,TE,rec_yds,22.522,0.0,5.195,16.522,33.3,54.286
2025_15_CLE_CHI,CHI,CLE,Cole Kmet,00-0036290,TE,anytime_td,0.128,0.0,0.0,0.0,0.0,1.0
2025_15_CLE_CHI,CHI,CLE,Colston Loveland,00-0040126,TE,car,0.001,0.0,0.0,0.0,0.0,0.0
2025_15_CLE_CHI,CHI,CLE,Colston Loveland,00-0040126,TE,rush_yds,0.002,0.0,0.0,0.0,0.0,0.0
2025_15_CLE_CHI,CHI,CLE,Colston Loveland,00-0040126,TE,tgt,4.776,2.0,3.0,4.0,6.0,8.0
2025_15_CLE_CHI,CHI,CLE,Colston Loveland,00-0040126,TE,rec,3.224,1.0,2.0,3.0,4.0,6.0
2025_15_CLE_CHI,CHI,CLE,Colston Loveland,00-0040126,TE,rec_yds,37.752,5.264,15.921,32.233,54.245,76.907
2025_15_CLE_CHI,CHI,CLE,Colston Loveland,00-0040126,TE,anytime_td,0.249,0.0,0.0,0.0,0.0,1.0
2025_15_CLE_CHI,CHI,CLE,D'Andre Swift,00-0036275,RB,car,12.003,5.0,7.0,11.0,16.0,20.0
2025_15_CLE_CHI,CHI,CLE,D'Andre Swift,00-0036275,RB,rush_yds,53.829,14.08,26.864,46.113,72.798,102.874
2025_15_CLE_CHI,CHI,CLE,D'Andre Swift,00-0036275,RB,tgt,3.162,1.0,2.0,3.0,4.0,6.0
2025_15_CLE_CHI,CHI,CLE,D'Andre Swift,00-0036275,RB,rec,2.233,0.0,1.0,2.0,3.0,5.0
2025_15_CLE_CHI,CHI,CLE,D'Andre Swift,00-0036275,RB,rec_yds,18.649,0.0,4.302,13.65,27.531,44.508
2025_15_CLE_CHI,CHI,CLE,D'Andre Swift,00-0036275,RB,anytime_td,0.307,0.0,0.0,0.0,1.0,1.0
2025_15_CLE_CHI,CHI,CLE,Kyle Monangai,00-0040236,RB,car,10.08,3.0,6.0,9.0,13.25,18.0
2025_15_CLE_CHI,CHI,CLE,Kyle Monangai,00-0040236,RB,rush_yds,43.727,9.076,19.882,37.065,60.388,87.435
2025_15_CLE_CHI,CHI,CLE,Kyle Monangai,00-0040236,RB,tgt,1.494,0.0,0.0,1.0,2.0,3.0
2025_15_CLE_CHI,CHI,CLE,Kyle Monangai,00-0040236,RB,rec,1.033,0.0,0.0,1.0,2.0,3.0
2025_15_CLE_CHI,CHI,CLE,Kyle Monangai,00-0040236,RB,rec_yds,8.133,0.0,0.0,2.746,12.092,24.104
2025_15_CLE_CHI,CHI,CLE,Kyle Monangai,00-0040236,RB,anytime_td,0.257,0.0,0.0,0.0,1.0,1.0
2025_15_CLE_CHI,CHI,CLE,Luther Burden III,00-0040735,WR,car,0.416,0.0,0.0,0.0,0.0,1.0
2025_15_CLE_CHI,CHI,CLE,Luther Burden III,00-0040735,WR,rush_yds,2.167,0.0,0.0,0.0,0.0,6.767
2025_15_CLE_CHI,CHI,CLE,Luther Burden III,00-0040735,WR,tgt,4.095,1.0,2.0,4.0,6.0,7.0
2025_15_CLE_CHI,CHI,CLE,Luther Burden III,00-0040735,WR,rec,2.54,0.0,1.0,2.0,4.0,5.0
2025_15_CLE_CHI,CHI,CLE,Luther Burden III,00-0040735,WR,rec_yds,34.439,0.0,11.365,28.161,50.771,75.424
2025_15_CLE_CHI,CHI,CLE,Luther Burden III,00-0040735,WR,anytime_td,0.084,0.0,0.0,0.0,0.0,0.0
2025_15_CLE_CHI,CHI,CLE,Durham Smythe,00-0034798,TE,car,0.001,0.0,0.0,0.0,0.0,0.0
2025_15_CLE_CHI,CHI,CLE,Durham Smythe,00-0034798,TE,rush_yds,0.001,0.0,0.0,0.0,0.0,0.0
2025_15_CLE_CHI,CHI,CLE,Durham Smythe,00-0034798,TE,tgt,0.677,0.0,0.0,0.0,1.0,2.0
2025_15_CLE_CHI,CHI,CLE,Durham Smythe,00-0034798,TE,rec,0.457,0.0,0.0,0.0,1.0,1.0
2025_15_CLE_CHI,CHI,CLE,Durham Smythe,00-0034798,TE,rec_yds,4.67,0.0,0.0,0.0,5.88,16.481
2025_15_CLE_CHI,CHI,CLE,Durham Smythe,00-0034798,TE,anytime_td,0.008,0.0,0.0,0.0,0.0,0.0
2025_15_CLE_CHI,CHI,CLE,Devin Duvernay,00-0036331,WR,car,0.066,0.0,0.0,0.0,0.0,0.0
2025_15_CLE_CHI,CHI,CLE,Devin Duvernay,00-0036331,WR,rush_yds,0.306,0.0,0.0,0.0,0.0,0.0
2025_15_CLE_CHI,CHI,CLE,Devin Duvernay,00-0036331,WR,tgt,1.389,0.0,0.0,1.0,2.0,3.0
2025_15_CLE_CHI,CHI,CLE,Devin Duvernay,00-0036331,WR,rec,0.804,0.0,0.0,1.0,1.0,2.0
2025_15_CLE_CHI,CHI,CLE,Devin Duvernay,00-0036331,WR,rec_yds,10.817,0.0,0.0,0.0,16.338,32.701
2025_15_CLE_CHI,CHI,CLE,Devin Duvernay,00-0036331,WR,anytime_td,0.025,0.0,0.0,0.0,0.0,0.0
2025_15_CLE_CHI,CHI,CLE,Brittain Brown,00-0037329,RB,car,3.53,0.0,1.0,3.0,5.0,8.0
2025_15_CLE_CHI,CHI,CLE,Brittain Brown,00-0037329,RB,rush_yds,15.107,0.0,1.036,8.545,21.361,38.656
2025_15_CLE_CHI,CHI,CLE,Brittain Brown,00-0037329,RB,tgt,0.926,0.0,0.0,1.0,1.0,3.0
2025_15_CLE_CHI,CHI,CLE,Brittain Brown,00-0037329,RB,rec,0.659,0.0,0.0,0.0,1.0,2.0
2025_15_CLE_CHI,CHI,CLE,Brittain Brown,00-0037329,RB,rec_yds,5.47,0.0,0.0,0.0,7.315,17.999
2025_15_CLE_CHI,CHI,CLE,Brittain Brown,00-0037329,RB,anytime_td,0.169,0.0,0.0,0.0,0.0,1.0
2025_15_CLE_CHI,CLE,CHI,Shedeur Sanders,00-0040668,QB,att,28.773,19.0,24.0,29.0,34.0,39.0
2025_15_CLE_CHI,CLE,CHI,Shedeur Sanders,00-0040668,QB,cmp,17.212,11.0,14.0,17.0,21.0,24.0
2025_15_CLE_CHI,CLE,CHI,Shedeur Sanders,00-0040668,QB,pass_yds,184.888,109.208,145.218,184.577,226.227,264.913
2025_15_CLE_CHI,CLE,CHI,Shedeur Sanders,00-0040668,QB,pass_td,0.825,0.0,0.0,1.0,1.0,2.0
2025_15_CLE_CHI,CLE,CHI,Shedeur Sanders,00-0040668,QB,ints,0.793,0.0,0.0,1.0,1.0,2.0
2025_15_CLE_CHI,CLE,CHI,Shedeur Sanders,00-0040668,QB,car,2.267,0.0,1.0,2.0,3.0,5.0
2025_15_CLE_CHI,CLE,CHI,Shedeur Sanders,00-0040668,QB,rush_yds,12.695,0.0,1.0,8.999,19.997,31.995
2025_15_CLE_CHI,CLE,CHI,Shedeur Sanders,00-0040668,QB,tgt,0.0,0.0,0.0,0.0,0.0,0.0
2025_15_CLE_CHI,CLE,CHI,Shedeur Sanders,00-0040668,QB,rec,0.0,0.0,0.0,0.0,0.0,0.0
2025_15_CLE_CHI,CLE,CHI,Shedeur Sanders,00-0040668,QB,rec_yds,0.002,0.0,0.0,0.0,0.0,0.0
2025_15_CLE_CHI,CLE,CHI,Shedeur Sanders,00-0040668,QB,anytime_td,0.103,0.0,0.0,0.0,0.0,1.0
2025_15_CLE_CHI,CLE,CHI,Harold Fannin Jr.,00-0040663,TE,car,0.429,0.0,0.0,0.0,0.0,1.0
2025_15_CLE_CHI,CLE,CHI,Harold Fannin Jr.,00-0040663,TE,rush_yds,0.975,0.0,0.0,0.0,0.0,3.026
2025_15_CLE_CHI,CLE,CHI,Harold Fannin Jr.,00-0040663,TE,tgt,7.875,4.0,5.0,7.0,10.0,13.0
2025_15_CLE_CHI,CLE,CHI,Harold Fannin Jr.,00-0040663,TE,rec,5.397,2.0,3.0,5.0,7.0,9.0
2025_15_CLE_CHI,CLE,CHI,Harold Fannin Jr.,00-0040663,TE,rec_yds,54.833,16.797,30.617,50.662,74.085,99.639
2025_15_CLE_CHI,CLE,CHI,Harold Fannin Jr.,00-0040663,TE,anytime_td,0.204,0.0,0.0,0.0,0.0,1.0
2025_15_CLE_CHI,CLE,CHI,Jerry Jeudy,00-0036407,WR,car,0.006,0.0,0.0,0.0,0.0,0.0
2025_15_CLE_CHI,CLE,CHI,Jerry Jeudy,00-0036407,WR,rush_yds,0.036,0.0,0.0,0.0,0.0,0.0
2025_15_CLE_CHI,CLE,CHI,Jerry Jeudy,00-0036407,WR,tgt,7.116,3.0,5.0,7.0,9.0,12.0
2025_15_CLE_CHI,CLE,CHI,Jerry Jeudy,00-0036407,WR,rec,3.921,1.0,2.0,4.0,5.0,7.0
2025_15_CLE_CHI,CLE,CHI,Jerry Jeudy,00-0036407,WR,rec_yds,48.171,10.521,22.973,41.941,66.994,94.489
2025_15_CLE_CHI,CLE,CHI,Jerry Jeudy,00-0036407,WR,anytime_td,0.146,0.0,0.0,0.0,0.0,1.0
2025_15_CLE_CHI,CLE,CHI,Isaiah Bond,00-0040782,WR,car,0.329,0.0,0.0,0.0,0.0,1.0
2025_15_CLE_CHI,CLE,CHI,Isaiah Bond,00-0040782,WR,rush_yds,1.805,0.0,0.0,0.0,0.0,4.082
2025_15_CLE_CHI,CLE,CHI,Isaiah Bond,00-0040782,WR,tgt,3.223,1.0,2.0,3.0,5.0,6.0
2025_15_CLE_CHI,CLE,CHI,Isaiah Bond,00-0040782,WR,rec,1.731,0.0,1.0,1.0,3.0,4.0
2025_15_CLE_CHI,CLE,CHI,Isaiah Bond,00-0040782,WR,rec_yds,21.733,0.0,3.269,15.833,32.641,52.418
2025_15_CLE_CHI,CLE,CHI,Isaiah Bond,00-0040782,WR,anytime_td,0.039,0.0,0.0,0.0,0.0,0.0
2025_15_CLE_CHI,CLE,CHI,Quinshon Judkins,00-0040784,RB,car,20.069,12.0,15.0,20.0,24.0,29.0
2025_15_CLE_CHI,CLE,CHI,Quinshon Judkins,00-0040784,RB,rush_yds,76.079,31.876,47.425,69.291,97.819,128.779
2025_15_CLE_CHI,CLE,CHI,Quinshon Judkins,00-0040784,RB,tgt,2.558,0.0,1.0,2.0,4.0,5.0
2025_15_CLE_CHI,CLE,CHI,Quinshon Judkins,00-0040784,RB,rec,1.903,0.0,1.0,2.0,3.0,4.0
2025_15_CLE_CHI,CLE,CHI,Quinshon Judkins,00-0040784,RB,rec_yds,14.337,0.0,0.889,9.582,21.882,36.141
2025_15_CLE_CHI,CLE,CHI,Quinshon Judkins,00-0040784,RB,anytime_td,0.273,0.0,0.0,0.0,1.0,1.0
2025_15_CLE_CHI,CLE,CHI,Gage Larvadain,00-0040259,WR,car,0.014,0.0,0.0,0.0,0.0,0.0
2025_15_CLE_CHI,CLE,CHI,Gage Larvadain,00-0040259,WR,rush_yds,0.102,0.0,0.0,0.0,0.0,0.0
2025_15_CLE_CHI,CLE,CHI,Gage Larvadain,00-0040259,WR,tgt,1.916,0.0,1.0,2.0,3.0,4.0
2025_15_CLE_CHI,CLE,CHI,Gage Larvadain,00-0040259,WR,rec,1.173,0.0,0.0,1.0,2.0,3.0
2025_15_CLE_CHI,CLE,CHI,Gage Larvadain,00-0040259,WR,rec_yds,13.069,0.0,0.0,7.121,20.137,36.054
2025_15_CLE_CHI,CLE,CHI,Gage Larvadain,00-0040259,WR,anytime_td,0.015,0.0,0.0,0.0,0.0,0.0
2025_15_CLE_CHI,CLE,CHI,Trayveon Williams,00-0035291,RB,car,2.634,0.0,0.0,2.0,4.0,6.0
2025_15_CLE_CHI,CLE,CHI,Trayveon Williams,00-0035291,RB,rush_yds,10.888,0.0,0.0,5.339,14.89,29.979
2025_15_CLE_CHI,CLE,CHI,Trayveon Williams,00-0035291,RB,tgt,0.624,0.0,0.0,0.0,1.0,2.0
2025_15_CLE_CHI,CLE,CHI,Trayveon Williams,00-0035291,RB,rec,0.485,0.0,0.0,0.0,1.0,2.0
2025_15_CLE_CHI,CLE,CHI,Trayveon Williams,00-0035291,RB,rec_yds,3.194,0.0,0.0,0.0,3.492,11.539
2025_15_CLE_CHI,CLE,CHI,Trayveon Williams,00-0035291,RB,anytime_td,0.049,0.0,0.0,0.0,0.0,0.0
2025_15_CLE_CHI,CLE,CHI,Malachi Corley,00-0039920,WR,car,0.89,0.0,0.0,0.0,1.0,3.0
2025_15_CLE_CHI,CLE,CHI,Malachi Corley,00-0039920,WR,rush_yds,5.018,0.0,0.0,0.0,4.247,16.877
2025_15_CLE_CHI,CLE,CHI,Malachi Corley,00-0039920,WR,tgt,0.948,0.0,0.0,1.0,1.0,3.0
2025_15_CLE_CHI,CLE,CHI,Malachi Corley,00-0039920,WR,rec,0.598,0.0,0.0,0.0,1.0,2.0
2025_15_CLE_CHI,CLE,CHI,Malachi Corley,00-0039920,WR,rec_yds,6.68,0.0,0.0,0.0,9.176,22.5
2025_15_CLE_CHI,CLE,CHI,Malachi Corley,00-0039920,WR,anytime_td,0.02,0.0,0.0,0.0,0.0,0.0
2025_15_CLE_CHI,CLE,CHI,Cedric Tillman,00-0038979,WR,car,0.023,0.0,0.0,0.0,0.0,0.0
2025_15_CLE_CHI,CLE,CHI,Cedric Tillman,00-0038979,WR,rush_yds,0.157,0.0,0.0,0.0,0.0,0.0
2025_15_CLE_CHI,CLE,CHI,Cedric Tillman,00-0038979,WR,tgt,4.104,1.0,2.0,4.0,6.0,7.0
2025_15_CLE_CHI,CLE,CHI,Cedric Tillman,00-0038979,WR,rec,2.396,0.0,1.0,2.0,3.0,5.0
2025_15_CLE_CHI,CLE,CHI,Cedric Tillman,00-0038979,WR,rec_yds,27.803,0.0,8.813,22.363,40.39,62.211
2025_15_CLE_CHI,CLE,CHI,Cedric Tillman,00-0038979,WR,anytime_td,0.099,0.0,0.0,0.0,0.0,0.0
2025_15_DET_LA,LA,DET,Matthew Stafford,00-0026498,QB,att,33.324,23.0,29.0,34.0,39.25,44.0
2025_15_DET_LA,LA,DET,Matthew Stafford,00-0026498,QB,cmp,22.094,14.0,18.0,22.0,26.0,30.0
2025_15_DET_LA,LA,DET,Matthew Stafford,00-0026498,QB,pass_yds,268.995,168.583,220.066,270.385,322.54,375.877
2025_15_DET_LA,LA,DET,Matthew Stafford,00-0026498,QB,pass_td,1.957,0.0,1.0,2.0,3.0,4.0
2025_15_DET_LA,LA,DET,Matthew Stafford,00-0026498,QB,ints,0.684,0.0,0.0,0.0,1.0,2.0
2025_15_DET_LA,LA,DET,Matthew Stafford,00-0026498,QB,car,1.699,0.0,0.0,1.0,2.0,4.0
2025_15_DET_LA,LA,DET,Matthew Stafford,00-0026498,QB,rush_yds,4.137,-2.0,-1.0,0.0,5.877,16.065
2025_15_DET_LA,LA,DET,Matthew Stafford,00-0026498,QB,tgt,0.001,0.0,0.0,0.0,0.0,0.0
2025_15_DET_LA,LA,DET,Matthew Stafford,00-0026498,QB,rec,0.001,0.0,0.0,0.0,0.0,0.0
2025_15_DET_LA,LA,DET,Matthew Stafford,00-0026498,QB,rec_yds,0.001,0.0,0.0,0.0,0.0,0.0
2025_15_DET_LA,LA,DET,Matthew Stafford,00-0026498,QB,anytime_td,0.012,0.0,0.0,0.0,0.0,0.0
2025_15_DET_LA,LA,DET,Colby Parkinson,00-0036244,TE,car,0.004,0.0,0.0,0.0,0.0,0.0
2025_15_DET_LA,LA,DET,Colby Parkinson,00-0036244,TE,rush_yds,0.012,0.0,0.0,0.0,0.0,0.0
2025_15_DET_LA,LA,DET,Colby Parkinson,00-0036244,TE,tgt,3.267,1.0,2.0,3.0,5.0,6.0
2025_15_DET_LA,LA,DET,Colby Parkinson,00-0036244,TE,rec,2.505,0.0,1.0,2.0,4.0,5.0
2025_15_DET_LA,LA,DET,Colby Parkinson,00-0036244,TE,rec_yds,25.367,0.0,7.435,19.822,37.646,57.509
2025_15_DET_LA,LA,DET,Colby Parkinson,00-0036244,TE,anytime_td,0.278,0.0,0.0,0.0,1.0,1.0
2025_15_DET_LA,LA,DET,Terrance Ferguson,00-0040737,TE,car,0.069,0.0,0.0,0.0,0.0,0.0
2025_15_DET_LA,LA,DET,Terrance Ferguson,00-0040737,TE,rush_yds,0.169,0.0,0.0,0.0,0.0,0.0
2025_15_DET_LA,LA,DET,Terrance Ferguson,00-0040737,TE,tgt,1.62,0.0,0.0,1.0,2.0,4.0
2025_15_DET_LA,LA,DET,Terrance Ferguson,00-0040737,TE,rec,1.037,0.0,0.0,1.0,2.0,3.0
2025_15_DET_LA,LA,DET,Terrance Ferguson,00-0040737,TE,rec_yds,12.276,0.0,0.0,5.936,19.248,35.695
2025_15_DET_LA,LA,DET,Terrance Ferguson,00-0040737,TE,anytime_td,0.062,0.0,0.0,0.0,0.0,0.0
2025_15_DET_LA,LA,DET,Davis Allen,00-0039074,TE,car,0.005,0.0,0.0,0.0,0.0,0.0
2025_15_DET_LA,LA,DET,Davis Allen,00-0039074,TE,rush_yds,0.013,0.0,0.0,0.0,0.0,0.0
2025_15_DET_LA,LA,DET,Davis Allen,00-0039074,TE,tgt,1.89,0.0,1.0,1.0,3.0,4.0
2025_15_DET_LA,LA,DET,Davis Allen,00-0039074,TE,rec,1.433,0.0,0.0,1.0,2.0,3.0
2025_15_DET_LA,LA,DET,Davis Allen,00-0039074,TE,rec_yds,14.857,0.0,0.0,9.306,22.952,38.728
2025_15_DET_LA,LA,DET,Davis Allen,00-0039074,TE,anytime_td,0.118,0.0,0.0,0.0,0.0,1.0
2025_15_DET_LA,LA,DET,Puka Nacua,00-0039075,WR,car,0.428,0.0,0.0,0.0,0.0,1.0
2025_15_DET_LA,LA,DET,Puka Nacua,00-0039075,WR,rush_yds,2.28,0.0,0.0,0.0,0.0,6.665
2025_15_DET_LA,LA,DET,Puka Nacua,00-0039075,WR,tgt,9.978,5.0,7.0,10.0,12.0,15.0
2025_15_DET_LA,LA,DET,Puka Nacua,00-0039075,WR,rec,7.207,3.0,5.0,7.0,9.0,12.0
2025_15_DET_LA,LA,DET,Puka Nacua,00-0039075,WR,rec_yds,98.567,37.007,60.778,91.911,130.566,167.62
2025_15_DET_LA,LA,DET,Puka Nacua,00-0039075,WR,anytime_td,0.4,0.0,0.0,0.0,1.0,1.0
2025_15_DET_LA,LA,DET,Kyren Williams,00-0037840,RB,car,14.381,7.0,10.0,14.0,18.0,23.0
2025_15_DET_LA,LA,DET,Kyren Williams,00-0037840,RB,rush_yds,66.517,22.793,37.385,59.177,87.309,120.386
2025_15_DET_LA,LA,DET,Kyren Williams,00-0037840,RB,tgt,2.249,0.0,1.0,2.0,3.0,5.0
2025_15_DET_LA,LA,DET,Kyren Williams,00-0037840,RB,rec,1.771,0.0,1.0,1.0,3.0,4.0
2025_15_DET_LA,LA,DET,Kyren Williams,00-0037840,RB,rec_yds,13.408,0.0,0.0,8.609,20.001,34.972
2025_15_DET_LA,LA,DET,Kyren Williams,00-0037840,RB,anytime_td,0.588,0.0,0.0,1.0,1.0,1.0
2025_15_DET_LA,LA,DET,Blake Corum,00-0039738,RB,car,8.288,3.0,5.0,8.0,11.0,15.0
2025_15_DET_LA,LA,DET,Blake Corum,00-0039738,RB,rush_yds,40.719,7.033,16.926,33.127,56.671,83.217
2025_15_DET_LA,LA,DET,Blake Corum,00-0039738,RB,tgt,0.762,0.0,0.0,0.0,1.0,2.0
2025_15_DET_LA,LA,DET,Blake Corum,00-0039738,RB,rec,0.594,0.0,0.0,0.0,1.0,2.0
2025_15_DET_LA,LA,DET,Blake Corum,00-0039738,RB,rec_yds,4.176,0.0,0.0,0.0,5.433,14.036
2025_15_DET_LA,LA,DET,Blake Corum,00-0039738,RB,anytime_td,0.375,0.0,0.0,0.0,1.0,1.0
2025_15_DET_LA,LA,DET,Davante Adams,00-0031381,WR,car,0.005,0.0,0.0,0.0,0.0,0.0
2025_15_DET_LA,LA,DET,Davante Adams,00-0031381,WR,rush_yds,0.038,0.0,0.0,0.0,0.0,0.0
2025_15_DET_LA,LA,DET,Davante Adams,00-0031381,WR,tgt,7.96,4.0,5.0,8.0,10.0,13.0
2025_15_DET_LA,LA,DET,Davante Adams,00-0031381,WR,rec,4.82,2.0,3.0,5.0,6.0,8.0
2025_15_DET_LA,LA,DET,Davante Adams,00-0031381,WR,rec_yds,61.432,15.111,31.652,55.945,83.619,113.631
2025_15_DET_LA,LA,DET,Davante Adams,00-0031381,WR,anytime_td,0.518,0.0,0.0,1.0,1.0,1.0
2025_15_DET_LA,LA,DET,Konata Mumpfield,00-0040590,WR,car,0.009,0.0,0.0,0.0,0.0,0.0
2025_15_DET_LA,LA,DET,Konata Mumpfield,00-0040590,WR,rush_yds,0.058,0.0,0.0,0.0,0.0,0.0
2025_15_DET_LA,LA,DET,Konata Mumpfield,00-0040590,WR,tgt,0.906,0.0,0.0,1.0,1.0,3.0
2025_15_DET_LA,LA,DET,Konata Mumpfield,00-0040590,WR,rec,0.598,0.0,0.0,0.0,1.0,2.0
2025_15_DET_LA,LA,DET,Konata Mumpfield,00-0040590,WR,rec_yds,7.573,0.0,0.0,0.0,10.31,25.219
2025_15_DET_LA,LA,DET,Konata Mumpfield,00-0040590,WR,anytime_td,0.047,0.0,0.0,0.0,0.0,0.0
2025_15_DET_LA,LA,DET,Jordan Whittington,00-0039751,WR,car,0.136,0.0,0.0,0.0,0.0,0.0
2025_15_DET_LA,LA,DET,Jordan Whittington,00-0039751,WR,rush_yds,0.665,0.0,0.0,0.0,0.0,0.0
2025_15_DET_LA,LA,DET,Jordan Whittington,00-0039751,WR,tgt,1.799,0.0,0.0,1.0,3.0,4.0
2025_15_DET_LA,LA,DET,Jordan Whittington,00-0039751,WR,rec,1.201,0.0,0.0,1.0,2.0,3.0
2025_15_DET_LA,LA,DET,Jordan Whittington,00-0039751,WR,rec_yds,14.407,0.0,0.0,7.85,21.401,40.684
2025_15_DET_LA,LA,DET,Jordan Whittington,00-0039751,WR,anytime_td,0.017,0.0,0.0,0.0,0.0,0.0
2025_15_DET_LA,LA,DET,Tutu Atwell,00-0036849,WR,car,0.024,0.0,0.0,0.0,0.0,0.0
2025_15_DET_LA,LA,DET,Tutu Atwell,00-0036849,WR,rush_yds,0.129,0.0,0.0,0.0,0.0,0.0
2025_15_DET_LA,LA,DET,Tutu Atwell,00-0036849,WR,tgt,1.768,0.0,0.0,1.0,3.0,4.0
2025_15_DET_LA,LA,DET,Tutu Atwell,00-0036849,WR,rec,1.111,0.0,0.0,1.0,2.0,3.0
2025_15_DET_LA,LA,DET,Tutu Atwell,00-0036849,WR,rec_yds,17.328,0.0,0.0,8.335,26.597,49.901
2025_15_DET_LA,LA,DET,Tutu Atwell,00-0036849,WR,anytime_td,0.094,0.0,0.0,0.0,0.0,0.0
2025_15_DET_LA,LA,DET,Xavier Smith,00-0038359,WR,car,0.043,0.0,0.0,0.0,0.0,0.0
2025_15_DET_LA,LA,DET,Xavier Smith,00-0038359,WR,rush_yds,0.251,0.0,0.0,0.0,0.0,0.0
2025_15_DET_LA,LA,DET,Xavier Smith,00-0038359,WR,tgt,1.691,0.0,0.0,1.0,3.0,4.0
2025_15_DET_LA,LA,DET,Xavier Smith,00-0038359,WR,rec,1.16,0.0,0.0,1.0,2.0,3.0
2025_15_DET_LA,LA,DET,Xavier Smith,00-0038359,WR,rec_yds,15.977,0.0,0.0,7.85,23.925,46.128
2025_15_DET_LA,LA,DET,Xavier Smith,00-0038359,WR,anytime_td,0.016,0.0,0.0,0.0,0.0,0.0
2025_15_DET_LA,DET,LA,Jared Goff,00-0033106,QB,att,32.018,22.0,27.0,33.0,38.0,43.0
2025_15_DET_LA,DET,LA,Jared Goff,00-0033106,QB,cmp,21.525,14.0,18.0,22.0,26.0,29.0
2025_15_DET_LA,DET,LA,Jared Goff,00-0033106,QB,pass_yds,249.11,154.404,202.918,249.517,300.55,351.225
2025_15_DET_LA,DET,LA,Jared Goff,00-0033106,QB,pass_td,1.652,0.0,1.0,2.0,2.0,3.0
2025_15_DET_LA,DET,LA,Jared Goff,00-0033106,QB,ints,0.725,0.0,0.0,0.0,1.0,2.0
2025_15_DET_LA,DET,LA,Jared Goff,00-0033106,QB,car,1.42,0.0,0.0,1.0,2.0,3.0
2025_15_DET_LA,DET,LA,Jared Goff,00-0033106,QB,rush_yds,4.645,-1.0,0.0,0.0,6.861,16.731
2025_15_DET_LA,DET,LA,Jared Goff,00-0033106,QB,tgt,0.001,0.0,0.0,0.0,0.0,0.0
2025_15_DET_LA,DET,LA,Jared Goff,00-0033106,QB,rec,0.001,0.0,0.0,0.0,0.0,0.0
2025_15_DET_LA,DET,LA,Jared Goff,00-0033106,QB,rec_yds,0.006,0.0,0.0,0.0,0.0,0.0
2025_15_DET_LA,DET,LA,Jared Goff,00-0033106,QB,anytime_td,0.007,0.0,0.0,0.0,0.0,0.0
2025_15_DET_LA,DET,LA,Amon-Ra St. Brown,00-0036963,WR,car,0.131,0.0,0.0,0.0,0.0,0.0
2025_15_DET_LA,DET,LA,Amon-Ra St. Brown,00-0036963,WR,rush_yds,0.702,0.0,0.0,0.0,0.0,0.0
2025_15_DET_LA,DET,LA,Amon-Ra St. Brown,00-0036963,WR,tgt,10.683,6.0,8.0,10.0,13.0,16.0
2025_15_DET_LA,DET,LA,Amon-Ra St. Brown,00-0036963,WR,rec,6.939,3.0,5.0,7.0,9.0,11.0
2025_15_DET_LA,DET,LA,Amon-Ra St. Brown,00-0036963,WR,rec_yds,88.5,33.681,54.689,81.821,116.24,151.634
2025_15_DET_LA,DET,LA,Amon-Ra St. Brown,00-0036963,WR,anytime_td,0.383,0.0,0.0,0.0,1.0,1.0
2025_15_DET_LA,DET,LA,Jameson Williams,00-0037240,WR,car,0.565,0.0,0.0,0.0,0.0,2.0
2025_15_DET_LA,DET,LA,Jameson Williams,00-0037240,WR,rush_yds,2.835,0.0,0.0,0.0,0.0,9.433
2025_15_DET_LA,DET,LA,Jameson Williams,00-0037240,WR,tgt,7.435,3.0,5.0,7.0,9.0,12.0
2025_15_DET_LA,DET,LA,Jameson Williams,00-0037240,WR,rec,4.793,2.0,3.0,5.0,6.0,8.0
2025_15_DET_LA,DET,LA,Jameson Williams,00-0037240,WR,rec_yds,71.387,19.288,38.183,64.446,96.851,132.749
2025_15_DET_LA,DET,LA,Jameson Williams,00-0037240,WR,anytime_td,0.334,0.0,0.0,0.0,1.0,1.0
2025_15_DET_LA,DET,LA,Jahmyr Gibbs,00-0039139,RB,car,14.587,7.0,10.0,14.0,18.0,23.0
2025_15_DET_LA,DET,LA,Jahmyr Gibbs,00-0039139,RB,rush_yds,70.784,23.266,39.639,62.515,92.841,130.368
2025_15_DET_LA,DET,LA,Jahmyr Gibbs,00-0039139,RB,tgt,6.645,3.0,4.0,6.0,9.0,11.0
2025_15_DET_LA,DET,LA,Jahmyr Gibbs,00-0039139,RB,rec,5.474,2.0,3.0,5.0,7.0,9.0
2025_15_DET_LA,DET,LA,Jahmyr Gibbs,00-0039139,RB,rec_yds,45.501,11.485,22.885,40.109,62.839,86.908
2025_15_DET_LA,DET,LA,Jahmyr Gibbs,00-0039139,RB,anytime_td,0.653,0.0,0.0,1.0,1.0,1.0
2025_15_DET_LA,DET,LA,Isaac TeSlaa,00-0040669,WR,car,0.007,0.0,0.0,0.0,0.0,0.0
2025_15_DET_LA,DET,LA,Isaac TeSlaa,00-0040669,WR,rush_yds,0.043,0.0,0.0,0.0,0.0,0.0
2025_15_DET_LA,DET,LA,Isaac TeSlaa,00-0040669,WR,tgt,1.724,0.0,0.0,1.0,3.0,4.0
2025_15_DET_LA,DET,LA,Isaac TeSlaa,00-0040669,WR,rec,1.086,0.0,0.0,1.0,2.0,3.0
2025_15_DET_LA,DET,LA,Isaac TeSlaa,00-0040669,WR,rec_yds,13.954,0.0,0.0,6.554,20.796,39.347
2025_15_DET_LA,DET,LA,Isaac TeSlaa,00-0040669,WR,anytime_td,0.193,0.0,0.0,0.0,0.0,1.0
2025_15_DET_LA,DET,LA,Anthony Firkser,00-0033455,TE,car,0.002,0.0,0.0,0.0,0.0,0.0
2025_15_DET_LA,DET,LA,Anthony Firkser,00-0033455,TE,rush_yds,0.003,0.0,0.0,0.0,0.0,0.0
2025_15_DET_LA,DET,LA,Anthony Firkser,00-0033455,TE,tgt,0.736,0.0,0.0,0.0,1.0,2.0
2025_15_DET_LA,DET,LA,Anthony Firkser,00-0033455,TE,rec,0.536,0.0,0.0,0.0,1.0,2.0
2025_15_DET_LA,DET,LA,Anthony Firkser,00-0033455,TE,rec_yds,5.453,0.0,0.0,0.0,7.138,19.735
2025_15_DET_LA,DET,LA,Anthony Firkser,00-0033455,TE,anytime_td,0.013,0.0,0.0,0.0,0.0,0.0
2025_15_DET_LA,DET,LA,David Montgomery,00-0035685,RB,car,9.209,3.0,5.0,9.0,12.0,16.0
2025_15_DET_LA,DET,LA,David Montgomery,00-0035685,RB,rush_yds,38.774,7.739,17.035,32.492,52.957,79.152
2025_15_DET_LA,DET,LA,David Montgomery,00-0035685,RB,tgt,2.371,0.0,1.0,2.0,3.0,5.0
2025_15_DET_LA,DET,LA,David Montgomery,00-0035685,RB,rec,1.931,0.0,1.0,2.0,3.0,4.0
2025_15_DET_LA,DET,LA,David Montgomery,00-0035685,RB,rec_yds,14.613,0.0,0.0,9.475,21.923,37.633
2025_15_DET_LA,DET,LA,David Montgomery,00-0035685,RB,anytime_td,0.356,0.0,0.0,0.0,1.0,1.0
2025_15_DET_LA,DET,LA,Giovanni Ricci,00-0035956,TE,car,0.002,0.0,0.0,0.0,0.0,0.0
2025_15_DET_LA,DET,LA,Giovanni Ricci,00-0035956,TE,rush_yds,0.005,0.0,0.0,0.0,0.0,0.0
2025_15_DET_LA,DET,LA,Giovanni Ricci,00-0035956,TE,tgt,0.681,0.0,0.0,0.0,1.0,2.0
2025_15_DET_LA,DET,LA,Giovanni Ricci,00-0035956,TE,rec,0.487,0.0,0.0,0.0,1.0,2.0
2025_15_DET_LA,DET,LA,Giovanni Ricci,00-0035956,TE,rec_yds,5.122,0.0,0.0,0.0,6.202,18.04
2025_15_DET_LA,DET,LA,Giovanni Ricci,00-0035956,TE,anytime_td,0.02,0.0,0.0,0.0,0.0,0.0
2025_15_DET_LA,DET,LA,Kalif Raymond,00-0032464,WR,car,0.155,0.0,0.0,0.0,0.0,0.0
2025_15_DET_LA,DET,LA,Kalif Raymond,00-0032464,WR,rush_yds,0.843,0.0,0.0,0.0,0.0,0.0
2025_15_DET_LA,DET,LA,Kalif Raymond,00-0032464,WR,tgt,2.141,0.0,1.0,2.0,3.0,5.0
2025_15_DET_LA,DET,LA,Kalif Raymond,00-0032464,WR,rec,1.469,0.0,0.0,1.0,2.0,3.0
2025_15_DET_LA,DET,LA,Kalif Raymond,00-0032464,WR,rec_yds,18.344,0.0,0.0,11.164,28.555,48.862
2025_15_DET_LA,DET,LA,Kalif Raymond,00-0032464,WR,anytime_td,0.036,0.0,0.0,0.0,0.0,0.0
2025_15_GB_DEN,DEN,GB,Bo Nix,00-0039732,QB,att,31.891,22.0,27.0,33.0,38.0,43.0
2025_15_GB_DEN,DEN,GB,Bo Nix,00-0039732,QB,cmp,20.772,13.0,17.0,21.0,25.0,29.0
2025_15_GB_DEN,DEN,GB,Bo Nix,00-0039732,QB,pass_yds,223.801,138.156,179.682,223.672,271.779,316.352
2025_15_GB_DEN,DEN,GB,Bo Nix,00-0039732,QB,pass_td,1.464,0.0,1.0,1.0,2.0,3.0
2025_15_GB_DEN,DEN,GB,Bo Nix,00-0039732,QB,ints,0.7,0.0,0.0,0.0,1.0,2.0
2025_15_GB_DEN,DEN,GB,Bo Nix,00-0039732,QB,car,3.94,1.0,2.0,3.0,6.0,8.0
2025_15_GB_DEN,DEN,GB,Bo Nix,00-0039732,QB,rush_yds,17.319,0.0,3.247,12.681,25.706,41.94
2025_15_GB_DEN,DEN,GB,Bo Nix,00-0039732,QB,tgt,0.0,0.0,0.0,0.0,0.0,0.0
2025_15_GB_DEN,DEN,GB,Bo Nix,00-0039732,QB,rec,0.0,0.0,0.0,0.0,0.0,0.0
2025_15_GB_DEN,DEN,GB,Bo Nix,00-0039732,QB,rec_yds,0.002,0.0,0.0,0.0,0.0,0.0
2025_15_GB_DEN,DEN,GB,Bo Nix,00-0039732,QB,anytime_td,0.218,0.0,0.0,0.0,0.0,1.0
2025_15_GB_DEN,DEN,GB,Courtland Sutton,00-0034348,WR,car,0.008,0.0,0.0,0.0,0.0,0.0
2025_15_GB_DEN,DEN,GB,Courtland Sutton,00-0034348,WR,rush_yds,0.046,0.0,0.0,0.0,0.0,0.0
2025_15_GB_DEN,DEN,GB,Courtland Sutton,00-0034348,WR,tgt,6.512,3.0,4.0,6.0,8.0,11.0
2025_15_GB_DEN,DEN,GB,Courtland Sutton,00-0034348,WR,rec,4.061,1.0,2.0,4.0,5.0,7.0
2025_15_GB_DEN,DEN,GB,Courtland Sutton,00-0034348,WR,rec_yds,54.494,12.326,25.987,48.193,75.689,105.116
2025_15_GB_DEN,DEN,GB,Courtland Sutton,00-0034348,WR,anytime_td,0.291,0.0,0.0,0.0,1.0,1.0
2025_15_GB_DEN,DEN,GB,Lil'Jordan Humphrey,00-0035406,WR,car,0.011,0.0,0.0,0.0,0.0,0.0
2025_15_GB_DEN,DEN,GB,Lil'Jordan Humphrey,00-0035406,WR,rush_yds,0.074,0.0,0.0,0.0,0.0,0.0
2025_15_GB_DEN,DEN,GB,Lil'Jordan Humphrey,00-0035406,WR,tgt,1.825,0.0,1.0,1.0,3.0,4.0
2025_15_GB_DEN,DEN,GB,Lil'Jordan Humphrey,00-0035406,WR,rec,1.137,0.0,0.0,1.0,2.0,3.0
2025_15_GB_DEN,DEN,GB,Lil'Jordan Humphrey,00-0035406,WR,rec_yds,14.551,0.0,0.0,7.537,21.924,40.643
2025_15_GB_DEN,DEN,GB,Lil'Jordan Humphrey,00-0035406,WR,anytime_td,0.052,0.0,0.0,0.0,0.0,0.0
2025_15_GB_DEN,DEN,GB,RJ Harvey,00-0040730,RB,car,10.89,4.0,7.0,10.0,14.0,18.0
2025_15_GB_DEN,DEN,GB,RJ Harvey,00-0040730,RB,rush_yds,44.441,11.385,21.684,37.6,60.032,86.078
2025_15_GB_DEN,DEN,GB,RJ Harvey,00-0040730,RB,tgt,3.336,1.0,2.0,3.0,5.0,6.0
2025_15_GB_DEN,DEN,GB,RJ Harvey,00-0040730,RB,rec,2.753,0.0,1.0,2.0,4.0,5.0
2025_15_GB_DEN,DEN,GB,RJ Harvey,00-0040730,RB,rec_yds,19.775,0.0,5.433,15.175,28.847,45.406
2025_15_GB_DEN,DEN,GB,RJ Harvey,00-0040730,RB,anytime_td,0.473,0.0,0.0,0.0,1.0,1.0
2025_15_GB_DEN,DEN,GB,Adam Trautman,00-0036422,TE,car,0.002,0.0,0.0,0.0,0.0,0.0
2025_15_GB_DEN,DEN,GB,Adam Trautman,00-0036422,TE,rush_yds,0.006,0.0,0.0,0.0,0.0,0.0
2025_15_GB_DEN,DEN,GB,Adam Trautman,00-0036422,TE,tgt,1.5,0.0,0.0,1.0,2.0,4.0
2025_15_GB_DEN,DEN,GB,Adam Trautman,00-0036422,TE,rec,1.13,0.0,0.0,1.0,2.0,3.0
2025_15_GB_DEN,DEN,GB,Adam Trautman,00-0036422,TE,rec_yds,12.331,0.0,0.0,6.134,18.698,35.025
2025_15_GB_DEN,DEN,GB,Adam Trautman,00-0036422,TE,anytime_td,0.052,0.0,0.0,0.0,0.0,0.0
2025_15_GB_DEN,DEN,GB,Troy Franklin,00-0039868,WR,car,0.348,0.0,0.0,0.0,0.0,1.0
2025_15_GB_DEN,DEN,GB,Troy Franklin,00-0039868,WR,rush_yds,1.923,0.0,0.0,0.0,0.0,4.002
2025_15_GB_DEN,DEN,GB,Troy Franklin,00-0039868,WR,tgt,5.76,2.0,4.0,5.0,8.0,10.0
2025_15_GB_DEN,DEN,GB,Troy Franklin,00-0039868,WR,rec,3.435,1.0,2.0,3.0,5.0,6.0
2025_15_GB_DEN,DEN,GB,Troy Franklin,00-0039868,WR,rec_yds,41.895,6.995,18.488,35.631,59.51,84.512
2025_15_GB_DEN,DEN,GB,Troy Franklin,00-0039868,WR,anytime_td,0.281,0.0,0.0,0.0,1.0,1.0
2025_15_GB_DEN,DEN,GB,Nate Adkins,00-0038783,TE,car,0.001,0.0,0.0,0.0,0.0,0.0
2025_15_GB_DEN,DEN,GB,Nate Adkins,00-0038783,TE,rush_yds,0.002,0.0,0.0,0.0,0.0,0.0
2025_15_GB_DEN,DEN,GB,Nate Adkins,00-0038783,TE,tgt,1.553,0.0,0.0,1.0,2.0,4.0
2025_15_GB_DEN,DEN,GB,Nate Adkins,00-0038783,TE,rec,1.073,0.0,0.0,1.0,2.0,3.0
2025_15_GB_DEN,DEN,GB,Nate Adkins,00-0038783,TE,rec_yds,11.335,0.0,0.0,5.577,17.162,32.159
2025_15_GB_DEN,DEN,GB,Nate Adkins,00-0038783,TE,anytime_td,0.108,0.0,0.0,0.0,0.0,1.0
2025_15_GB_DEN,DEN,GB,Marvin Mims Jr.,00-0038976,WR,car,1.308,0.0,0.0,0.0,2.0,4.0
2025_15_GB_DEN,DEN,GB,Marvin Mims Jr.,00-0038976,WR,rush_yds,7.077,0.0,0.0,0.0,8.536,24.147
2025_15_GB_DEN,DEN,GB,Marvin Mims Jr.,00-0038976,WR,tgt,2.63,0.0,1.0,2.0,4.0,5.0
2025_15_GB_DEN,DEN,GB,Marvin Mims Jr.,00-0038976,WR,rec,1.748,0.0,1.0,1.0,3.0,4.0
2025_15_GB_DEN,DEN,GB,Marvin Mims Jr.,00-0038976,WR,rec_yds,21.473,0.0,0.871,15.086,32.883,53.321
2025_15_GB_DEN,DEN,GB,Marvin Mims Jr.,00-0038976,WR,anytime_td,0.132,0.0,0.0,0.0,0.0,1.0
2025_15_GB_DEN,DEN,GB,Evan Engram,00-0033881,TE,car,0.064,0.0,0.0,0.0,0.0,0.0
2025_15_GB_DEN,DEN,GB,Evan Engram,00-0033881,TE,rush_yds,0.15,0.0,0.0,0.0,0.0,0.0
2025_15_GB_DEN,DEN,GB,Evan Engram,00-0033881,TE,tgt,4.837,2.0,3.0,4.0,7.0,9.0
2025_15_GB_DEN,DEN,GB,Evan Engram,00-0033881,TE,rec,3.362,1.0,2.0,3.0,5.0,6.0
2025_15_GB_DEN,DEN,GB,Evan Engram,00-0033881,TE,rec_yds,33.943,4.748,13.683,28.97,48.431,70.078
2025_15_GB_DEN,DEN,GB,Evan Engram,00-0033881,TE,anytime_td,0.11,0.0,0.0,0.0,0.0,1.0
2025_15_GB_DEN,DEN,GB,Adam Prentice,00-0036727,RB,car,1.117,0.0,0.0,0.0,2.0,3.0
2025_15_GB_DEN,DEN,GB,Adam Prentice,00-0036727,RB,rush_yds,4.908,0.0,0.0,0.0,5.294,16.167
2025_15_GB_DEN,DEN,GB,Adam Prentice,00-0036727,RB,tgt,0.828,0.0,0.0,0.0,1.0,2.0
2025_15_GB_DEN,DEN,GB,Adam Prentice,00-0036727,RB,rec,0.641,0.0,0.0,0.0,1.0,2.0
2025_15_GB_DEN,DEN,GB,Adam Prentice,00-0036727,RB,rec_yds,5.012,0.0,0.0,0.0,6.648,16.469
2025_15_GB_DEN,DEN,GB,Adam Prentice,00-0036727,RB,anytime_td,0.03,0.0,0.0,0.0,0.0,0.0
2025_15_GB_DEN,DEN,GB,Jaleel McLaughlin,00-0038794,RB,car,7.137,2.0,4.0,6.0,10.0,13.0
2025_15_GB_DEN,DEN,GB,Jaleel McLaughlin,00-0038794,RB,rush_yds,30.536,3.777,11.314,23.859,42.58,66.172
2025_15_GB_DEN,DEN,GB,Jaleel McLaughlin,00-0038794,RB,tgt,1.176,0.0,0.0,1.0,2.0,3.0
2025_15_GB_DEN,DEN,GB,Jaleel McLaughlin,00-0038794,RB,rec,0.921,0.0,0.0,1.0,1.0,3.0
2025_15_GB_DEN,DEN,GB,Jaleel McLaughlin,00-0038794,RB,rec_yds,6.532,0.0,0.0,0.0,9.445,20.346
2025_15_GB_DEN,DEN,GB,Jaleel McLaughlin,00-0038794,RB,anytime_td,0.182,0.0,0.0,0.0,0.0,1.0
2025_15_GB_DEN,DEN,GB,Tyler Badie,00-0037085,RB,car,1.347,0.0,0.0,1.0,2.0,4.0
2025_15_GB_DEN,DEN,GB,Tyler Badie,00-0037085,RB,rush_yds,5.737,0.0,0.0,0.0,6.966,18.043
2025_15_GB_DEN,DEN,GB,Tyler Badie,00-0037085,RB,tgt,1.843,0.0,1.0,1.0,3.0,4.0
2025_15_GB_DEN,DEN,GB,Tyler Badie,00-0037085,RB,rec,1.361,0.0,0.0,1.0,2.0,3.0
2025_15_GB_DEN,DEN,GB,Tyler Badie,00-0037085,RB,rec_yds,10.136,0.0,0.0,5.425,14.971,28.759
2025_15_GB_DEN,DEN,GB,Tyler Badie,00-0037085,RB,anytime_td,0.055,0.0,0.0,0.0,0.0,0.0
2025_15_GB_DEN,DEN,GB,Michael Bandy,00-0036959,WR,car,0.02,0.0,0.0,0.0,0.0,0.0
2025_15_GB_DEN,DEN,GB,Michael Bandy,00-0036959,WR,rush_yds,0.113,0.0,0.0,0.0,0.0,0.0
2025_15_GB_DEN,DEN,GB,Michael Bandy,00-0036959,WR,tgt,0.775,0.0,0.0,0.0,1.0,2.0
2025_15_GB_DEN,DEN,GB,Michael Bandy,00-0036959,WR,rec,0.493,0.0,0.0,0.0,1.0,2.0
2025_15_GB_DEN,DEN,GB,Michael Bandy,00-0036959,WR,rec_yds,6.492,0.0,0.0,0.0,8.028,22.145
2025_15_GB_DEN,DEN,GB,Michael Bandy,00-0036959,WR,anytime_td,0.016,0.0,0.0,0.0,0.0,0.0
2025_15_GB_DEN,GB,DEN,Jordan Love,00-0036264,QB,att,29.727,20.0,25.0,30.0,35.0,40.0
2025_15_GB_DEN,GB,DEN,Jordan Love,00-0036264,QB,cmp,19.032,12.0,16.0,19.0,23.0,26.0
2025_15_GB_DEN,GB,DEN,Jordan Love,00-0036264,QB,pass_yds,221.291,134.365,176.375,221.064,268.685,316.784
2025_15_GB_DEN,GB,DEN,Jordan Love,00-0036264,QB,pass_td,1.454,0.0,1.0,1.0,2.0,3.0
2025_15_GB_DEN,GB,DEN,Jordan Love,00-0036264,QB,ints,0.579,0.0,0.0,0.0,1.0,2.0
2025_15_GB_DEN,GB,DEN,Jordan Love,00-0036264,QB,car,2.731,0.0,1.0,2.0,4.0,5.0
2025_15_GB_DEN,GB,DEN,Jordan Love,00-0036264,QB,rush_yds,11.508,-1.0,0.0,7.824,17.712,30.248
2025_15_GB_DEN,GB,DEN,Jordan Love,00-0036264,QB,tgt,0.0,0.0,0.0,0.0,0.0,0.0
2025_15_GB_DEN,GB,DEN,Jordan Love,00-0036264,QB,rec,0.0,0.0,0.0,0.0,0.0,0.0
2025_15_GB_DEN,GB,DEN,Jordan Love,00-0036264,QB,rec_yds,0.003,0.0,0.0,0.0,0.0,0.0
2025_15_GB_DEN,GB,DEN,Jordan Love,00-0036264,QB,anytime_td,0.024,0.0,0.0,0.0,0.0,0.0
2025_15_GB_DEN,GB,DEN,Romeo Doubs,00-0037816,WR,car,0.01,0.0,0.0,0.0,0.0,0.0
2025_15_GB_DEN,GB,DEN,Romeo Doubs,00-0037816,WR,rush_yds,0.037,0.0,0.0,0.0,0.0,0.0
2025_15_GB_DEN,GB,DEN,Romeo Doubs,00-0037816,WR,tgt,5.112,2.0,3.0,5.0,7.0,9.0
2025_15_GB_DEN,GB,DEN,Romeo Doubs,00-0037816,WR,rec,3.17,1.0,2.0,3.0,4.0,6.0
2025_15_GB_DEN,GB,DEN,Romeo Doubs,00-0037816,WR,rec_yds,38.418,4.751,15.208,32.677,55.595,80.02
2025_15_GB_DEN,GB,DEN,Romeo Doubs,00-0037816,WR,anytime_td,0.237,0.0,0.0,0.0,0.0,1.0
2025_15_GB_DEN,GB,DEN,John FitzPatrick,00-0037306,TE,car,0.003,0.0,0.0,0.0,0.0,0.0
2025_15_GB_DEN,GB,DEN,John FitzPatrick,00-0037306,TE,rush_yds,0.004,0.0,0.0,0.0,0.0,0.0
2025_15_GB_DEN,GB,DEN,John FitzPatrick,00-0037306,TE,tgt,0.897,0.0,0.0,1.0,1.0,3.0
2025_15_GB_DEN,GB,DEN,John FitzPatrick,00-0037306,TE,rec,0.656,0.0,0.0,0.0,1.0,2.0
2025_15_GB_DEN,GB,DEN,John FitzPatrick,00-0037306,TE,rec_yds,6.483,0.0,0.0,0.0,9.197,21.113
2025_15_GB_DEN,GB,DEN,John FitzPatrick,00-0037306,TE,anytime_td,0.046,0.0,0.0,0.0,0.0,0.0
2025_15_GB_DEN,GB,DEN,Jayden Reed,00-0039146,WR,car,0.713,0.0,0.0,0.0,1.0,2.0
2025_15_GB_DEN,GB,DEN,Jayden Reed,00-0039146,WR,rush_yds,3.936,0.0,0.0,0.0,1.059,14.254
2025_15_GB_DEN,GB,DEN,Jayden Reed,00-0039146,WR,tgt,3.487,1.0,2.0,3.0,5.0,7.0
2025_15_GB_DEN,GB,DEN,Jayden Reed,00-0039146,WR,rec,2.344,0.0,1.0,2.0,3.0,5.0
2025_15_GB_DEN,GB,DEN,Jayden Reed,00-0039146,WR,rec_yds,29.676,0.0,8.584,22.762,44.203,66.444
2025_15_GB_DEN,GB,DEN,Jayden Reed,00-0039146,WR,anytime_td,0.197,0.0,0.0,0.0,0.0,1.0
2025_15_GB_DEN,GB,DEN,Josh Jacobs,00-0035700,RB,car,15.029,7.0,10.0,14.0,19.0,23.0
2025_15_GB_DEN,GB,DEN,Josh Jacobs,00-0035700,RB,rush_yds,62.501,21.443,35.383,55.688,82.828,112.777
2025_15_GB_DEN,GB,DEN,Josh Jacobs,00-0035700,RB,tgt,2.55,0.0,1.0,2.0,4.0,5.0
2025_15_GB_DEN,GB,DEN,Josh Jacobs,00-0035700,RB,rec,2.02,0.0,1.0,2.0,3.0,4.0
2025_15_GB_DEN,GB,DEN,Josh Jacobs,00-0035700,RB,rec_yds,14.873,0.0,1.782,10.266,22.003,36.711
2025_15_GB_DEN,GB,DEN,Josh Jacobs,00-0035700,RB,anytime_td,0.552,0.0,0.0,1.0,1.0,1.0
2025_15_GB_DEN,GB,DEN,Luke Musgrave,00-0039144,TE,car,0.005,0.0,0.0,0.0,0.0,0.0
2025_15_GB_DEN,GB,DEN,Luke Musgrave,00-0039144,TE,rush_yds,0.011,0.0,0.0,0.0,0.0,0.0
2025_15_GB_DEN,GB,DEN,Luke Musgrave,00-0039144,TE,tgt,1.975,0.0,1.0,2.0,3.0,4.0
2025_15_GB_DEN,GB,DEN,Luke Musgrave,00-0039144,TE,rec,1.395,0.0,0.0,1.0,2.0,3.0
2025_15_GB_DEN,GB,DEN,Luke Musgrave,00-0039144,TE,rec_yds,14.213,0.0,0.0,8.787,21.56,37.684
2025_15_GB_DEN,GB,DEN,Luke Musgrave,00-0039144,TE,anytime_td,0.034,0.0,0.0,0.0,0.0,0.0
2025_15_GB_DEN,GB,DEN,Dontayvion Wicks,00-0038393,WR,car,0.129,0.0,0.0,0.0,0.0,0.0
2025_15_GB_DEN,GB,DEN,Dontayvion Wicks,00-0038393,WR,rush_yds,0.739,0.0,0.0,0.0,0.0,0.0
2025_15_GB_DEN,GB,DEN,Dontayvion Wicks,00-0038393,WR,tgt,3.742,1.0,2.0,3.0,5.0,7.0
2025_15_GB_DEN,GB,DEN,Dontayvion Wicks,00-0038393,WR,rec,2.352,0.0,1.0,2.0,3.0,5.0
2025_15_GB_DEN,GB,DEN,Dontayvion Wicks,00-0038393,WR,rec_yds,29.734,0.0,8.585,23.406,44.379,66.764
2025_15_GB_DEN,GB,DEN,Dontayvion Wicks,00-0038393,WR,anytime_td,0.204,0.0,0.0,0.0,0.0,1.0
2025_15_GB_DEN,GB,DEN,Christian Watson,00-0038124,WR,car,0.186,0.0,0.0,0.0,0.0,0.0
2025_15_GB_DEN,GB,DEN,Christian Watson,00-0038124,WR,rush_yds,1.017,0.0,0.0,0.0,0.0,0.0
2025_15_GB_DEN,GB,DEN,Christian Watson,00-0038124,WR,tgt,5.183,2.0,3.0,5.0,7.0,9.0
2025_15_GB_DEN,GB,DEN,Christian Watson,00-0038124,WR,rec,3.244,1.0,2.0,3.0,4.0,6.0
2025_15_GB_DEN,GB,DEN,Christian Watson,00-0038124,WR,rec_yds,48.353,6.028,19.703,41.428,70.024,98.285
2025_15_GB_DEN,GB,DEN,Christian Watson,00-0038124,WR,anytime_td,0.348,0.0,0.0,0.0,1.0,1.0
2025_15_GB_DEN,GB,DEN,Matthew Golden,00-0040667,WR,car,0.516,0.0,0.0,0.0,0.0,2.0
2025_15_GB_DEN,GB,DEN,Matthew Golden,00-0040667,WR,rush_yds,2.765,0.0,0.0,0.0,0.0,9.042
2025_15_GB_DEN,GB,DEN,Matthew Golden,00-0040667,WR,tgt,2.929,1.0,1.0,3.0,4.0,6.0
2025_15_GB_DEN,GB,DEN,Matthew Golden,00-0040667,WR,rec,1.882,0.0,1.0,2.0,3.0,4.0
2025_15_GB_DEN,GB,DEN,Matthew Golden,00-0040667,WR,rec_yds,23.096,0.0,4.616,17.049,34.542,55.333
2025_15_GB_DEN,GB,DEN,Matthew Golden,00-0040667,WR,anytime_td,0.049,0.0,0.0,0.0,0.0,0.0
2025_15_GB_DEN,GB,DEN,Chris Brooks,00-0038685,RB,car,1.197,0.0,0.0,0.0,2.0,4.0
2025_15_GB_DEN,GB,DEN,Chris Brooks,00-0038685,RB,rush_yds,5.018,0.0,0.0,0.0,5.722,16.38
2025_15_GB_DEN,GB,DEN,Chris Brooks,00-0038685,RB,tgt,0.949,0.0,0.0,1.0,1.0,3.0
2025_15_GB_DEN,GB,DEN,Chris Brooks,00-0038685,RB,rec,0.753,0.0,0.0,0.0,1.0,2.0
2025_15_GB_DEN,GB,DEN,Chris Brooks,00-0038685,RB,rec_yds,5.689,0.0,0.0,0.0,7.9,18.316
2025_15_GB_DEN,GB,DEN,Chris Brooks,00-0038685,RB,anytime_td,0.028,0.0,0.0,0.0,0.0,0.0
2025_15_GB_DEN,GB,DEN,Emanuel Wilson,00-0038797,RB,car,6.727,2.0,3.0,6.0,9.0,13.0
2025_15_GB_DEN,GB,DEN,Emanuel Wilson,00-0038797,RB,rush_yds,27.226,3.028,9.567,21.124,38.044,58.423
2025_15_GB_DEN,GB,DEN,Emanuel Wilson,00-0038797,RB,tgt,1.024,0.0,0.0,1.0,2.0,3.0
2025_15_GB_DEN,GB,DEN,Emanuel Wilson,00-0038797,RB,rec,0.808,0.0,0.0,0.0,1.0,2.0
2025_15_GB_DEN,GB,DEN,Emanuel Wilson,00-0038797,RB,rec_yds,5.724,0.0,0.0,0.0,8.318,18.599
2025_15_GB_DEN,GB,DEN,Emanuel Wilson,00-0038797,RB,anytime_td,0.283,0.0,0.0,0.0,1.0,1.0
2025_15_GB_DEN,GB,DEN,Bo Melton,00-0037091,WR,car,0.403,0.0,0.0,0.0,0.0,1.0
2025_15_GB_DEN,GB,DEN,Bo Melton,00-0037091,WR,rush_yds,2.053,0.0,0.0,0.0,0.0,5.91
2025_15_GB_DEN,GB,DEN,Bo Melton,00-0037091,WR,tgt,1.167,0.0,0.0,1.0,2.0,3.0
2025_15_GB_DEN,GB,DEN,Bo Melton,00-0037091,WR,rec,0.694,0.0,0.0,0.0,1.0,2.0
2025_15_GB_DEN,GB,DEN,Bo Melton,00-0037091,WR,rec_yds,9.662,0.0,0.0,0.0,14.464,31.349
2025_15_GB_DEN,GB,DEN,Bo Melton,00-0037091,WR,anytime_td,0.094,0.0,0.0,0.0,0.0,0.0
2025_15_GB_DEN,GB,DEN,Josh Whyle,00-0038589,TE,car,0.001,0.0,0.0,0.0,0.0,0.0
2025_15_GB_DEN,GB,DEN,Josh Whyle,00-0038589,TE,rush_yds,0.002,0.0,0.0,0.0,0.0,0.0
2025_15_GB_DEN,GB,DEN,Josh Whyle,00-0038589,TE,tgt,1.277,0.0,0.0,1.0,2.0,3.0
2025_15_GB_DEN,GB,DEN,Josh Whyle,00-0038589,TE,rec,0.92,0.0,0.0,1.0,1.0,2.0
2025_15_GB_DEN,GB,DEN,Josh Whyle,00-0038589,TE,rec_yds,9.471,0.0,0.0,2.756,15.037,27.967
2025_15_GB_DEN,GB,DEN,Josh Whyle,00-0038589,TE,anytime_td,0.098,0.0,0.0,0.0,0.0,0.0
2025_15_IND_SEA,SEA,IND,Sam Darnold,00-0034869,QB,att,29.488,19.0,25.0,30.0,35.0,40.0
2025_15_IND_SEA,SEA,IND,Sam Darnold,00-0034869,QB,cmp,19.654,12.0,16.0,20.0,24.0,27.0
2025_15_IND_SEA,SEA,IND,Sam Darnold,00-0034869,QB,pass_yds,236.82,141.903,188.196,239.0,289.021,335.626
2025_15_IND_SEA,SEA,IND,Sam Darnold,00-0034869,QB,pass_td,1.609,0.0,1.0,2.0,2.0,3.0
2025_15_IND_SEA,SEA,IND,Sam Darnold,00-0034869,QB,ints,0.699,0.0,0.0,0.0,1.0,2.0
2025_15_IND_SEA,SEA,IND,Sam Darnold,00-0034869,QB,car,2.215,0.0,1.0,2.0,3.0,5.0
2025_15_IND_SEA,SEA,IND,Sam Darnold,00-0034869,QB,rush_yds,6.928,-2.0,-1.0,2.049,10.831,22.592
2025_15_IND_SEA,SEA,IND,Sam Darnold,00-0034869,QB,tgt,0.001,0.0,0.0,0.0,0.0,0.0
2025_15_IND_SEA,SEA,IND,Sam Darnold,00-0034869,QB,rec,0.001,0.0,0.0,0.0,0.0,0.0
2025_15_IND_SEA,SEA,IND,Sam Darnold,00-0034869,QB,rec_yds,0.005,0.0,0.0,0.0,0.0,0.0
2025_15_IND_SEA,SEA,IND,Sam Darnold,00-0034869,QB,anytime_td,0.018,0.0,0.0,0.0,0.0,0.0
2025_15_IND_SEA,SEA,IND,Jaxon Smith-Njigba,00-0038543,WR,car,0.572,0.0,0.0,0.0,0.0,2.0
2025_15_IND_SEA,SEA,IND,Jaxon Smith-Njigba,00-0038543,WR,rush_yds,3.493,0.0,0.0,0.0,0.0,11.029
2025_15_IND_SEA,SEA,IND,Jaxon Smith-Njigba,00-0038543,WR,tgt,10.029,5.0,7.0,10.0,13.0,15.0
2025_15_IND_SEA,SEA,IND,Jaxon Smith-Njigba,00-0038543,WR,rec,6.978,3.0,5.0,7.0,9.0,11.0
2025_15_IND_SEA,SEA,IND,Jaxon Smith-Njigba,00-0038543,WR,rec_yds,101.241,39.241,62.88,95.544,132.918,172.346
2025_15_IND_SEA,SEA,IND,Jaxon Smith-Njigba,00-0038543,WR,anytime_td,0.491,0.0,0.0,0.0,1.0,1.0
2025_15_IND_SEA,SEA,IND,AJ Barner,00-0039793,TE,car,0.632,0.0,0.0,0.0,1.0,2.0
2025_15_IND_SEA,SEA,IND,AJ Barner,00-0039793,TE,rush_yds,1.484,0.0,0.0,0.0,0.0,4.763
2025_15_IND_SEA,SEA,IND,AJ Barner,00-0039793,TE,tgt,4.689,2.0,3.0,4.0,6.0,8.0
2025_15_IND_SEA,SEA,IND,AJ Barner,00-0039793,TE,rec,3.5,1.0,2.0,3.0,5.0,7.0
2025_15_IND_SEA,SEA,IND,AJ Barner,00-0039793,TE,rec_yds,34.69,5.431,14.824,29.972,49.007,70.663
2025_15_IND_SEA,SEA,IND,AJ Barner,00-0039793,TE,anytime_td,0.269,0.0,0.0,0.0,1.0,1.0
2025_15_IND_SEA,SEA,IND,Cooper Kupp,00-0033908,WR,car,0.008,0.0,0.0,0.0,0.0,0.0
2025_15_IND_SEA,SEA,IND,Cooper Kupp,00-0033908,WR,rush_yds,0.031,0.0,0.0,0.0,0.0,0.0
2025_15_IND_SEA,SEA,IND,Cooper Kupp,00-0033908,WR,tgt,4.752,1.0,3.0,4.0,6.0,8.0
2025_15_IND_SEA,SEA,IND,Cooper Kupp,00-0033908,WR,rec,3.084,1.0,2.0,3.0,4.0,6.0
2025_15_IND_SEA,SEA,IND,Cooper Kupp,00-0033908,WR,rec_yds,40.702,4.141,15.666,34.165,58.974,86.409
2025_15_IND_SEA,SEA,IND,Cooper Kupp,00-0033908,WR,anytime_td,0.226,0.0,0.0,0.0,0.0,1.0
2025_15_IND_SEA,SEA,IND,Rashid Shaheed,00-0037545,WR,car,0.638,0.0,0.0,0.0,1.0,2.0
2025_15_IND_SEA,SEA,IND,Rashid Shaheed,00-0037545,WR,rush_yds,3.753,0.0,0.0,0.0,0.0,12.93
2025_15_IND_SEA,SEA,IND,Rashid Shaheed,00-0037545,WR,tgt,5.15,2.0,3.0,5.0,7.0,9.0
2025_15_IND_SEA,SEA,IND,Rashid Shaheed,00-0037545,WR,rec,3.182,1.0,2.0,3.0,4.0,6.0
2025_15_IND_SEA,SEA,IND,Rashid Shaheed,00-0037545,WR,rec_yds,40.624,4.919,16.281,34.138,57.961,83.8
2025_15_IND_SEA,SEA,IND,Rashid Shaheed,00-0037545,WR,anytime_td,0.163,0.0,0.0,0.0,0.0,1.0
2025_15_IND_SEA,SEA,IND,Zach Charbonnet,00-0039165,RB,car,10.029,4.0,6.0,9.0,13.0,17.0
2025_15_IND_SEA,SEA,IND,Zach Charbonnet,00-0039165,RB,rush_yds,42.775,9.461,19.569,35.634,58.385,85.45
2025_15_IND_SEA,SEA,IND,Zach Charbonnet,00-0039165,RB,tgt,1.402,0.0,0.0,1.0,2.0,3.0
2025_15_IND_SEA,SEA,IND,Zach Charbonnet,00-0039165,RB,rec,1.118,0.0,0.0,1.0,2.0,3.0
2025_15_IND_SEA,SEA,IND,Zach Charbonnet,00-0039165,RB,rec_yds,8.675,0.0,0.0,3.526,12.535,25.282
2025_15_IND_SEA,SEA,IND,Zach Charbonnet,00-0039165,RB,anytime_td,0.531,0.0,0.0,1.0,1.0,1.0
2025_15_IND_SEA,SEA,IND,Kenneth Walker III,00-0038134,RB,car,12.254,5.0,8.0,11.0,16.0,20.0
2025_15_IND_SEA,SEA,IND,Kenneth Walker III,00-0038134,RB,rush_yds,54.054,14.522,27.424,46.894,72.456,103.481
2025_15_IND_SEA,SEA,IND,Kenneth Walker III,00-0038134,RB,tgt,2.726,0.0,1.0,2.0,4.0,6.0
2025_15_IND_SEA,SEA,IND,Kenneth Walker III,00-0038134,RB,rec,2.12,0.0,1.0,2.0,3.0,4.0
2025_15_IND_SEA,SEA,IND,Kenneth Walker III,00-0038134,RB,rec_yds,16.129,0.0,2.256,11.216,24.322,39.385
2025_15_IND_SEA,SEA,IND,Kenneth Walker III,00-0038134,RB,anytime_td,0.355,0.0,0.0,0.0,1.0,1.0
2025_15_IND_SEA,SEA,IND,Velus Jones Jr.,00-0037745,RB,car,2.07,0.0,0.0,1.0,3.0,5.1
2025_15_IND_SEA,SEA,IND,Velus Jones Jr.,00-0037745,RB,rush_yds,9.448,0.0,0.0,2.934,12.507,27.622
2025_15_IND_SEA,SEA,IND,Velus Jones Jr.,00-0037745,RB,tgt,0.207,0.0,0.0,0.0,0.0,1.0
2025_15_IND_SEA,SEA,IND,Velus Jones Jr.,00-0037745,RB,rec,0.163,0.0,0.0,0.0,0.0,1.0
2025_15_IND_SEA,SEA,IND,Velus Jones Jr.,00-0037745,RB,rec_yds,1.262,0.0,0.0,0.0,0.0,2.982
2025_15_IND_SEA,SEA,IND,Velus Jones Jr.,00-0037745,RB,anytime_td,0.081,0.0,0.0,0.0,0.0,0.0
2025_15_IND_SEA,IND,SEA,Alec Pierce,00-0037664,WR,car,0.009,0.0,0.0,0.0,0.0,0.0
2025_15_IND_SEA,IND,SEA,Alec Pierce,00-0037664,WR,rush_yds,0.049,0.0,0.0,0.0,0.0,0.0
2025_15_IND_SEA,IND,SEA,Alec Pierce,00-0037664,WR,tgt,6.241,2.0,4.0,6.0,8.0,10.0
2025_15_IND_SEA,IND,SEA,Alec Pierce,00-0037664,WR,rec,3.643,1.0,2.0,3.0,5.0,7.0
2025_15_IND_SEA,IND,SEA,Alec Pierce,00-0037664,WR,rec_yds,52.496,9.289,24.329,45.638,74.288,104.869
2025_15_IND_SEA,IND,SEA,Alec Pierce,00-0037664,WR,anytime_td,0.206,0.0,0.0,0.0,0.0,1.0
2025_15_IND_SEA,IND,SEA,Philip Rivers,00-0022942,QB,att,31.441,21.0,27.0,32.0,37.0,42.0
2025_15_IND_SEA,IND,SEA,Philip Rivers,00-0022942,QB,cmp,19.689,12.0,16.0,20.0,24.0,27.0
2025_15_IND_SEA,IND,SEA,Philip Rivers,00-0022942,QB,pass_yds,202.66,124.001,161.398,202.785,246.255,288.667
2025_15_IND_SEA,IND,SEA,Philip Rivers,00-0022942,QB,pass_td,1.172,0.0,0.0,1.0,2.0,3.0
2025_15_IND_SEA,IND,SEA,Philip Rivers,00-0022942,QB,ints,0.816,0.0,0.0,1.0,1.0,2.0
2025_15_IND_SEA,IND,SEA,Philip Rivers,00-0022942,QB,car,2.731,0.0,1.0,2.0,4.0,6.0
2025_15_IND_SEA,IND,SEA,Philip Rivers,00-0022942,QB,rush_yds,13.696,0.0,1.987,9.972,20.944,33.534
2025_15_IND_SEA,IND,SEA,Philip Rivers,00-0022942,QB,tgt,0.001,0.0,0.0,0.0,0.0,0.0
2025_15_IND_SEA,IND,SEA,Philip Rivers,00-0022942,QB,rec,0.001,0.0,0.0,0.0,0.0,0.0
2025_15_IND_SEA,IND,SEA,Philip Rivers,00-0022942,QB,rec_yds,0.006,0.0,0.0,0.0,0.0,0.0
2025_15_IND_SEA,IND,SEA,Philip Rivers,00-0022942,QB,anytime_td,0.043,0.0,0.0,0.0,0.0,0.0
2025_15_IND_SEA,IND,SEA,Michael Pittman,00-0036252,WR,car,0.006,0.0,0.0,0.0,0.0,0.0
2025_15_IND_SEA,IND,SEA,Michael Pittman,00-0036252,WR,rush_yds,0.026,0.0,0.0,0.0,0.0,0.0
2025_15_IND_SEA,IND,SEA,Michael Pittman,00-0036252,WR,tgt,7.533,3.0,5.0,7.0,10.0,12.0
2025_15_IND_SEA,IND,SEA,Michael Pittman,00-0036252,WR,rec,4.949,2.0,3.0,5.0,7.0,8.0
2025_15_IND_SEA,IND,SEA,Michael Pittman,00-0036252,WR,rec_yds,50.73,13.532,27.023,45.675,69.872,92.91
2025_15_IND_SEA,IND,SEA,Michael Pittman,00-0036252,WR,anytime_td,0.273,0.0,0.0,0.0,1.0,1.0
2025_15_IND_SEA,IND,SEA,Jonathan Taylor,00-0036223,RB,car,20.0,12.0,15.0,20.0,24.0,29.0
2025_15_IND_SEA,IND,SEA,Jonathan Taylor,00-0036223,RB,rush_yds,84.282,35.663,52.934,77.904,108.162,142.372
2025_15_IND_SEA,IND,SEA,Jonathan Taylor,00-0036223,RB,tgt,2.923,0.0,1.0,3.0,4.0,6.0
2025_15_IND_SEA,IND,SEA,Jonathan Taylor,00-0036223,RB,rec,2.235,0.0,1.0,2.0,3.0,5.0
2025_15_IND_SEA,IND,SEA,Jonathan Taylor,00-0036223,RB,rec_yds,16.178,0.0,3.097,11.603,24.254,39.196
2025_15_IND_SEA,IND,SEA,Jonathan Taylor,00-0036223,RB,anytime_td,0.504,0.0,0.0,1.0,1.0,1.0
2025_15_IND_SEA,IND,SEA,Tyler Warren,00-0040128,TE,car,0.453,0.0,0.0,0.0,0.0,2.0
2025_15_IND_SEA,IND,SEA,Tyler Warren,00-0040128,TE,rush_yds,0.884,0.0,0.0,0.0,0.0,2.856
2025_15_IND_SEA,IND,SEA,Tyler Warren,00-0040128,TE,tgt,6.544,3.0,4.0,6.0,8.0,11.0
2025_15_IND_SEA,IND,SEA,Tyler Warren,00-0040128,TE,rec,4.431,1.0,3.0,4.0,6.0,8.0
2025_15_IND_SEA,IND,SEA,Tyler Warren,00-0040128,TE,rec_yds,42.953,11.114,22.118,38.742,58.949,80.026
2025_15_IND_SEA,IND,SEA,Tyler Warren,00-0040128,TE,anytime_td,0.259,0.0,0.0,0.0,1.0,1.0
2025_15_IND_SEA,IND,SEA,Josh Downs,00-0038997,WR,car,0.01,0.0,0.0,0.0,0.0,0.0
2025_15_IND_SEA,IND,SEA,Josh Downs,00-0038997,WR,rush_yds,0.044,0.0,0.0,0.0,0.0,0.0
2025_15_IND_SEA,IND,SEA,Josh Downs,00-0038997,WR,tgt,5.707,2.0,3.0,5.0,7.0,10.0
2025_15_IND_SEA,IND,SEA,Josh Downs,00-0038997,WR,rec,3.509,1.0,2.0,3.0,5.0,6.0
2025_15_IND_SEA,IND,SEA,Josh Downs,00-0038997,WR,rec_yds,35.399,5.127,15.155,29.888,50.328,73.165
2025_15_IND_SEA,IND,SEA,Josh Downs,00-0038997,WR,anytime_td,0.193,0.0,0.0,0.0,0.0,1.0
2025_15_IND_SEA,IND,SEA,Mo Alie-Cox,00-0033217,TE,car,0.002,0.0,0.0,0.0,0.0,0.0
2025_15_IND_SEA,IND,SEA,Mo Alie-Cox,00-0033217,TE,rush_yds,0.002,0.0,0.0,0.0,0.0,0.0
2025_15_IND_SEA,IND,SEA,Mo Alie-Cox,00-0033217,TE,tgt,1.053,0.0,0.0,1.0,2.0,3.0
2025_15_IND_SEA,IND,SEA,Mo Alie-Cox,00-0033217,TE,rec,0.678,0.0,0.0,0.0,1.0,2.0
2025_15_IND_SEA,IND,SEA,Mo Alie-Cox,00-0033217,TE,rec_yds,6.442,0.0,0.0,0.0,9.477,21.176
2025_15_IND_SEA,IND,SEA,Mo Alie-Cox,00-0033217,TE,anytime_td,0.013,0.0,0.0,0.0,0.0,0.0
2025_15_IND_SEA,IND,SEA,Ameer Abdullah,00-0032104,RB,car,1.623,0.0,0.0,1.0,2.0,5.0
2025_15_IND_SEA,IND,SEA,Ameer Abdullah,00-0032104,RB,rush_yds,6.236,0.0,0.0,0.898,7.971,19.081
2025_15_IND_SEA,IND,SEA,Ameer Abdullah,00-0032104,RB,tgt,1.28,0.0,0.0,1.0,2.0,3.0
2025_15_IND_SEA,IND,SEA,Ameer Abdullah,00-0032104,RB,rec,0.984,0.0,0.0,1.0,2.0,3.0
2025_15_IND_SEA,IND,SEA,Ameer Abdullah,00-0032104,RB,rec_yds,6.315,0.0,0.0,1.544,9.624,19.536
2025_15_IND_SEA,IND,SEA,Ameer Abdullah,00-0032104,RB,anytime_td,0.075,0.0,0.0,0.0,0.0,0.0
2025_15_IND_SEA,IND,SEA,Andrew Ogletree,00-0037292,TE,car,0.004,0.0,0.0,0.0,0.0,0.0
2025_15_IND_SEA,IND,SEA,Andrew Ogletree,00-0037292,TE,rush_yds,0.01,0.0,0.0,0.0,0.0,0.0
2025_15_IND_SEA,IND,SEA,Andrew Ogletree,00-0037292,TE,tgt,0.546,0.0,0.0,0.0,1.0,2.0
2025_15_IND_SEA,IND,SEA,Andrew Ogletree,00-0037292,TE,rec,0.382,0.0,0.0,0.0,1.0,1.0
2025_15_IND_SEA,IND,SEA,Andrew Ogletree,00-0037292,TE,rec_yds,3.579,0.0,0.0,0.0,2.971,13.112
2025_15_IND_SEA,IND,SEA,Andrew Ogletree,00-0037292,TE,anytime_td,0.044,0.0,0.0,0.0,0.0,0.0
2025_15_LAC_KC,KC,LAC,Travis Kelce,00-0030506,TE,car,0.093,0.0,0.0,0.0,0.0,0.0
2025_15_LAC_KC,KC,LAC,Travis Kelce,00-0030506,TE,rush_yds,0.235,0.0,0.0,0.0,0.0,0.0
2025_15_LAC_KC,KC,LAC,Travis Kelce,00-0030506,TE,tgt,5.896,2.0,4.0,6.0,8.0,10.0
2025_15_LAC_KC,KC,LAC,Travis Kelce,00-0030506,TE,rec,4.107,1.0,2.0,4.0,5.0,7.0
2025_15_LAC_KC,KC,LAC,Travis Kelce,00-0030506,TE,rec_yds,47.03,10.02,22.795,41.942,65.023,90.405
2025_15_LAC_KC,KC,LAC,Travis Kelce,00-0030506,TE,anytime_td,0.317,0.0,0.0,0.0,1.0,1.0
2025_15_LAC_KC,KC,LAC,Patrick Mahomes,00-0033873,QB,att,30.253,20.0,26.0,31.0,36.0,41.0
2025_15_LAC_KC,KC,LAC,Patrick Mahomes,00-0033873,QB,cmp,19.325,12.0,16.0,20.0,23.0,27.0
2025_15_LAC_KC,KC,LAC,Patrick Mahomes,00-0033873,QB,pass_yds,223.454,135.616,179.478,224.003,271.169,316.043
2025_15_LAC_KC,KC,LAC,Patrick Mahomes,00-0033873,QB,pass_td,1.676,0.0,1.0,2.0,2.0,3.0
2025_15_LAC_KC,KC,LAC,Patrick Mahomes,00-0033873,QB,ints,0.775,0.0,0.0,1.0,1.0,2.0
2025_15_LAC_KC,KC,LAC,Patrick Mahomes,00-0033873,QB,car,4.246,1.0,3.0,4.0,6.0,7.0
2025_15_LAC_KC,KC,LAC,Patrick Mahomes,00-0033873,QB,rush_yds,23.115,1.065,8.326,19.62,34.076,48.905
2025_15_LAC_KC,KC,LAC,Patrick Mahomes,00-0033873,QB,tgt,0.0,0.0,0.0,0.0,0.0,0.0
2025_15_LAC_KC,KC,LAC,Patrick Mahomes,00-0033873,QB,rec,0.0,0.0,0.0,0.0,0.0,0.0
2025_15_LAC_KC,KC,LAC,Patrick Mahomes,00-0033873,QB,rec_yds,0.005,0.0,0.0,0.0,0.0,0.0
2025_15_LAC_KC,KC,LAC,Patrick Mahomes,00-0033873,QB,anytime_td,0.178,0.0,0.0,0.0,0.0,1.0
2025_15_LAC_KC,KC,LAC,Rashee Rice,00-0039067,WR,car,0.475,0.0,0.0,0.0,0.0,2.0
2025_15_LAC_KC,KC,LAC,Rashee Rice,00-0039067,WR,rush_yds,2.633,0.0,0.0,0.0,0.0,8.631
2025_15_LAC_KC,KC,LAC,Rashee Rice,00-0039067,WR,tgt,8.248,4.0,6.0,8.0,10.0,13.0
2025_15_LAC_KC,KC,LAC,Rashee Rice,00-0039067,WR,rec,5.361,2.0,3.0,5.0,7.0,9.0
2025_15_LAC_KC,KC,LAC,Rashee Rice,00-0039067,WR,rec_yds,67.098,20.932,37.858,61.324,90.084,119.67
2025_15_LAC_KC,KC,LAC,Rashee Rice,00-0039067,WR,anytime_td,0.503,0.0,0.0,1.0,1.0,1.0
2025_15_LAC_KC,KC,LAC,Xavier Worthy,00-0039894,WR,car,0.69,0.0,0.0,0.0,1.0,2.0
2025_15_LAC_KC,KC,LAC,Xavier Worthy,00-0039894,WR,rush_yds,4.19,0.0,0.0,0.0,1.141,14.28
2025_15_LAC_KC,KC,LAC,Xavier Worthy,00-0039894,WR,tgt,5.267,2.0,3.0,5.0,7.0,9.0
2025_15_LAC_KC,KC,LAC,Xavier Worthy,00-0039894,WR,rec,3.263,1.0,2.0,3.0,4.0,6.0
2025_15_LAC_KC,KC,LAC,Xavier Worthy,00-0039894,WR,rec_yds,43.197,5.614,17.512,37.255,61.487,89.242
2025_15_LAC_KC,KC,LAC,Xavier Worthy,00-0039894,WR,anytime_td,0.161,0.0,0.0,0.0,0.0,1.0
2025_15_LAC_KC,KC,LAC,JuJu Smith-Schuster,00-0033857,WR,car,0.003,0.0,0.0,0.0,0.0,0.0
2025_15_LAC_KC,KC,LAC,JuJu Smith-Schuster,00-0033857,WR,rush_yds,0.018,0.0,0.0,0.0,0.0,0.0
2025_15_LAC_KC,KC,LAC,JuJu Smith-Schuster,00-0033857,WR,tgt,1.997,0.0,1.0,2.0,3.0,4.0
2025_15_LAC_KC,KC,LAC,JuJu Smith-Schuster,00-0033857,WR,rec,1.279,0.0,0.0,1.0,2.0,3.0
2025_15_LAC_KC,KC,LAC,JuJu Smith-Schuster,00-0033857,WR,rec_yds,16.117,0.0,0.0,9.161,24.436,43.883
2025_15_LAC_KC,KC,LAC,JuJu Smith-Schuster,00-0033857,WR,anytime_td,0.071,0.0,0.0,0.0,0.0,0.0
2025_15_LAC_KC,KC,LAC,Tyquan Thornton,00-0038104,WR,car,0.005,0.0,0.0,0.0,0.0,0.0
2025_15_LAC_KC,KC,LAC,Tyquan Thornton,00-0038104,WR,rush_yds,0.026,0.0,0.0,0.0,0.0,0.0
2025_15_LAC_KC,KC,LAC,Tyquan Thornton,00-0038104,WR,tgt,1.886,0.0,1.0,2.0,3.0,4.0
2025_15_LAC_KC,KC,LAC,Tyquan Thornton,00-0038104,WR,rec,1.122,0.0,0.0,1.0,2.0,3.0
2025_15_LAC_KC,KC,LAC,Tyquan Thornton,00-0038104,WR,rec_yds,16.5,0.0,0.0,8.349,24.54,45.925
2025_15_LAC_KC,KC,LAC,Tyquan Thornton,00-0038104,WR,anytime_td,0.11,0.0,0.0,0.0,0.0,1.0
2025_15_LAC_KC,KC,LAC,Kareem Hunt,00-0033923,RB,car,11.392,5.0,7.0,11.0,15.0,19.0
2025_15_LAC_KC,KC,LAC,Kareem Hunt,00-0033923,RB,rush_yds,47.419,12.447,23.98,40.422,63.641,91.215
2025_15_LAC_KC,KC,LAC,Kareem Hunt,00-0033923,RB,tgt,1.454,0.0,0.0,1.0,2.0,4.0
2025_15_LAC_KC,KC,LAC,Kareem Hunt,00-0033923,RB,rec,1.094,0.0,0.0,1.0,2.0,3.0
2025_15_LAC_KC,KC,LAC,Kareem Hunt,00-0033923,RB,rec_yds,8.839,0.0,0.0,3.195,13.253,25.683
2025_15_LAC_KC,KC,LAC,Kareem Hunt,00-0033923,RB,anytime_td,0.42,0.0,0.0,0.0,1.0,1.0
2025_15_LAC_KC,KC,LAC,Isiah Pacheco,00-0037197,RB,car,8.339,3.0,5.0,8.0,11.0,15.0
2025_15_LAC_KC,KC,LAC,Isiah Pacheco,00-0037197,RB,rush_yds,36.426,6.772,15.286,29.634,50.33,74.473
2025_15_LAC_KC,KC,LAC,Isiah Pacheco,00-0037197,RB,tgt,1.567,0.0,0.0,1.0,2.0,4.0
2025_15_LAC_KC,KC,LAC,Isiah Pacheco,00-0037197,RB,rec,1.173,0.0,0.0,1.0,2.0,3.0
2025_15_LAC_KC,KC,LAC,Isiah Pacheco,00-0037197,RB,rec_yds,8.631,0.0,0.0,3.953,13.156,25.205
2025_15_LAC_KC,KC,LAC,Isiah Pacheco,00-0037197,RB,anytime_td,0.212,0.0,0.0,0.0,0.0,1.0
2025_15_LAC_KC,KC,LAC,Noah Gray,00-0036637,TE,car,0.007,0.0,0.0,0.0,0.0,0.0
2025_15_LAC_KC,KC,LAC,Noah Gray,00-0036637,TE,rush_yds,0.017,0.0,0.0,0.0,0.0,0.0
2025_15_LAC_KC,KC,LAC,Noah Gray,00-0036637,TE,tgt,2.315,0.0,1.0,2.0,3.0,5.0
2025_15_LAC_KC,KC,LAC,Noah Gray,00-0036637,TE,rec,1.551,0.0,0.0,1.0,2.0,4.0
2025_15_LAC_KC,KC,LAC,Noah Gray,00-0036637,TE,rec_yds,16.112,0.0,0.0,10.821,24.654,40.791
2025_15_LAC_KC,KC,LAC,Noah Gray,00-0036637,TE,anytime_td,0.057,0.0,0.0,0.0,0.0,0.0
2025_15_LAC_KC,KC,LAC,Brashard Smith,00-0040078,RB,car,2.003,0.0,0.0,1.0,3.0,5.0
2025_15_LAC_KC,KC,LAC,Brashard Smith,00-0040078,RB,rush_yds,8.72,0.0,0.0,3.017,11.63,24.645
2025_15_LAC_KC,KC,LAC,Brashard Smith,00-0040078,RB,tgt,1.632,0.0,0.0,1.0,2.0,4.0
2025_15_LAC_KC,KC,LAC,Brashard Smith,00-0040078,RB,rec,1.241,0.0,0.0,1.0,2.0,3.0
2025_15_LAC_KC,KC,LAC,Brashard Smith,00-0040078,RB,rec_yds,9.672,0.0,0.0,5.063,14.77,26.973
2025_15_LAC_KC,KC,LAC,Brashard Smith,00-0040078,RB,anytime_td,0.063,0.0,0.0,0.0,0.0,0.0
2025_15_LAC_KC,LAC,KC,Justin Herbert,00-0036355,QB,att,29.763,20.0,25.0,30.0,35.0,40.0
2025_15_LAC_KC,LAC,KC,Justin Herbert,00-0036355,QB,cmp,18.789,12.0,15.0,19.0,23.0,26.0
2025_15_LAC_KC,LAC,KC,Justin Herbert,00-0036355,QB,pass_yds,193.03,114.188,153.814,193.555,235.019,275.68
2025_15_LAC_KC,LAC,KC,Justin Herbert,00-0036355,QB,pass_td,1.028,0.0,0.0,1.0,2.0,2.0
2025_15_LAC_KC,LAC,KC,Justin Herbert,00-0036355,QB,ints,0.717,0.0,0.0,0.0,1.0,2.0
2025_15_LAC_KC,LAC,KC,Justin Herbert,00-0036355,QB,car,4.699,1.0,3.0,4.0,6.0,8.0
2025_15_LAC_KC,LAC,KC,Justin Herbert,00-0036355,QB,rush_yds,27.537,4.059,12.065,23.878,39.005,55.993
2025_15_LAC_KC,LAC,KC,Justin Herbert,00-0036355,QB,tgt,0.001,0.0,0.0,0.0,0.0,0.0
2025_15_LAC_KC,LAC,KC,Justin Herbert,00-0036355,QB,rec,0.0,0.0,0.0,0.0,0.0,0.0
2025_15_LAC_KC,LAC,KC,Justin Herbert,00-0036355,QB,rec_yds,0.002,0.0,0.0,0.0,0.0,0.0
2025_15_LAC_KC,LAC,KC,Justin Herbert,00-0036355,QB,anytime_td,0.091,0.0,0.0,0.0,0.0,0.0
2025_15_LAC_KC,LAC,KC,Tre Harris,00-0040727,WR,car,0.111,0.0,0.0,0.0,0.0,0.0
2025_15_LAC_KC,LAC,KC,Tre Harris,00-0040727,WR,rush_yds,0.535,0.0,0.0,0.0,0.0,0.0
2025_15_LAC_KC,LAC,KC,Tre Harris,00-0040727,WR,tgt,2.4,0.0,1.0,2.0,3.0,5.0
2025_15_LAC_KC,LAC,KC,Tre Harris,00-0040727,WR,rec,1.552,0.0,0.0,1.0,2.0,4.0
2025_15_LAC_KC,LAC,KC,Tre Harris,00-0040727,WR,rec_yds,17.292,0.0,0.0,11.466,26.261,44.429
2025_15_LAC_KC,LAC,KC,Tre Harris,00-0040727,WR,anytime_td,0.057,0.0,0.0,0.0,0.0,0.0
2025_15_LAC_KC,LAC,KC,Ladd McConkey,00-0039915,WR,car,0.007,0.0,0.0,0.0,0.0,0.0
2025_15_LAC_KC,LAC,KC,Ladd McConkey,00-0039915,WR,rush_yds,0.034,0.0,0.0,0.0,0.0,0.0
2025_15_LAC_KC,LAC,KC,Ladd McConkey,00-0039915,WR,tgt,7.48,3.0,5.0,7.0,10.0,12.0
2025_15_LAC_KC,LAC,KC,Ladd McConkey,00-0039915,WR,rec,4.464,2.0,3.0,4.0,6.0,8.0
2025_15_LAC_KC,LAC,KC,Ladd McConkey,00-0039915,WR,rec_yds,52.935,12.87,27.178,47.69,72.62,99.771
2025_15_LAC_KC,LAC,KC,Ladd McConkey,00-0039915,WR,anytime_td,0.236,0.0,0.0,0.0,0.0,1.0
2025_15_LAC_KC,LAC,KC,Kimani Vidal,00-0039391,RB,car,10.199,4.0,6.0,10.0,13.0,17.0
2025_15_LAC_KC,LAC,KC,Kimani Vidal,00-0039391,RB,rush_yds,37.931,9.558,17.927,31.542,51.419,74.69
2025_15_LAC_KC,LAC,KC,Kimani Vidal,00-0039391,RB,tgt,1.999,0.0,1.0,2.0,3.0,4.0
2025_15_LAC_KC,LAC,KC,Kimani Vidal,00-0039391,RB,rec,1.45,0.0,0.0,1.0,2.0,3.0
2025_15_LAC_KC,LAC,KC,Kimani Vidal,00-0039391,RB,rec_yds,11.519,0.0,0.0,6.692,17.325,30.989
2025_15_LAC_KC,LAC,KC,Kimani Vidal,00-0039391,RB,anytime_td,0.254,0.0,0.0,0.0,1.0,1.0
2025_15_LAC_KC,LAC,KC,Oronde Gadsden II,00-0040189,TE,car,0.003,0.0,0.0,0.0,0.0,0.0
2025_15_LAC_KC,LAC,KC,Oronde Gadsden II,00-0040189,TE,rush_yds,0.005,0.0,0.0,0.0,0.0,0.0
2025_15_LAC_KC,LAC,KC,Oronde Gadsden II,00-0040189,TE,tgt,4.862,2.0,3.0,5.0,7.0,8.0
2025_15_LAC_KC,LAC,KC,Oronde Gadsden II,00-0040189,TE,rec,3.227,1.0,2.0,3.0,4.0,6.0
2025_15_LAC_KC,LAC,KC,Oronde Gadsden II,00-0040189,TE,rec_yds,36.221,5.139,15.625,31.47,51.164,74.437
2025_15_LAC_KC,LAC,KC,Oronde Gadsden II,00-0040189,TE,anytime_td,0.129,0.0,0.0,0.0,0.0,1.0
2025_15_LAC_KC,LAC,KC,Keenan Allen,00-0030279,WR,car,0.004,0.0,0.0,0.0,0.0,0.0
2025_15_LAC_KC,LAC,KC,Keenan Allen,00-0030279,WR,rush_yds,0.011,0.0,0.0,0.0,0.0,0.0
2025_15_LAC_KC,LAC,KC,Keenan Allen,00-0030279,WR,tgt,6.925,3.0,5.0,7.0,9.0,11.0
2025_15_LAC_KC,LAC,KC,Keenan Allen,00-0030279,WR,rec,4.345,2.0,3.0,4.0,6.0,8.0
2025_15_LAC_KC,LAC,KC,Keenan Allen,00-0030279,WR,rec_yds,47.378,11.591,24.021,42.322,65.863,89.531
2025_15_LAC_KC,LAC,KC,Keenan Allen,00-0030279,WR,anytime_td,0.152,0.0,0.0,0.0,0.0,1.0
2025_15_LAC_KC,LAC,KC,Omarion Hampton,00-0040666,RB,car,10.37,4.0,7.0,10.0,13.0,18.0
2025_15_LAC_KC,LAC,KC,Omarion Hampton,00-0040666,RB,rush_yds,40.887,9.764,19.514,34.256,55.321,79.108
2025_15_LAC_KC,LAC,KC,Omarion Hampton,00-0040666,RB,tgt,3.735,1.0,2.0,3.0,5.0,7.0
2025_15_LAC_KC,LAC,KC,Omarion Hampton,00-0040666,RB,rec,2.976,1.0,1.0,3.0,4.0,6.0
2025_15_LAC_KC,LAC,KC,Omarion Hampton,00-0040666,RB,rec_yds,20.307,0.0,6.234,15.553,29.316,46.24
2025_15_LAC_KC,LAC,KC,Omarion Hampton,00-0040666,RB,anytime_td,0.368,0.0,0.0,0.0,1.0,1.0
2025_15_LAC_KC,LAC,KC,Will Dissly,00-0034159,TE,car,0.002,0.0,0.0,0.0,0.0,0.0
2025_15_LAC_KC,LAC,KC,Will Dissly,00-0034159,TE,rush_yds,0.004,0.0,0.0,0.0,0.0,0.0
2025_15_LAC_KC,LAC,KC,Will Dissly,00-0034159,TE,tgt,1.9,0.0,1.0,2.0,3.0,4.0
2025_15_LAC_KC,LAC,KC,Will Dissly,00-0034159,TE,rec,1.333,0.0,0.0,1.0,2.0,3.0
2025_15_LAC_KC,LAC,KC,Will Dissly,00-0034159,TE,rec_yds,12.841,0.0,0.0,7.916,19.89,34.393
2025_15_LAC_KC,LAC,KC,Will Dissly,00-0034159,TE,anytime_td,0.032,0.0,0.0,0.0,0.0,0.0
2025_15_LAC_KC,LAC,KC,KeAndre Lambert-Smith,00-0040184,WR,car,0.01,0.0,0.0,0.0,0.0,0.0
2025_15_LAC_KC,LAC,KC,KeAndre Lambert-Smith,00-0040184,WR,rush_yds,0.054,0.0,0.0,0.0,0.0,0.0
2025_15_LAC_KC,LAC,KC,KeAndre Lambert-Smith,00-0040184,WR,tgt,0.888,0.0,0.0,1.0,1.0,2.0
2025_15_LAC_KC,LAC,KC,KeAndre Lambert-Smith,00-0040184,WR,rec,0.514,0.0,0.0,0.0,1.0,2.0
2025_15_LAC_KC,LAC,KC,KeAndre Lambert-Smith,00-0040184,WR,rec_yds,5.886,0.0,0.0,0.0,7.858,19.958
2025_15_LAC_KC,LAC,KC,KeAndre Lambert-Smith,00-0040184,WR,anytime_td,0.008,0.0,0.0,0.0,0.0,0.0
2025_15_LV_PHI,PHI,LV,Jalen Hurts,00-0036389,QB,att,27.902,18.0,23.0,28.0,33.0,38.0
2025_15_LV_PHI,PHI,LV,Jalen Hurts,00-0036389,QB,cmp,18.386,11.0,15.0,19.0,22.0,26.0
2025_15_LV_PHI,PHI,LV,Jalen Hurts,00-0036389,QB,pass_yds,200.017,119.95,159.468,199.679,244.336,286.7
2025_15_LV_PHI,PHI,LV,Jalen Hurts,00-0036389,QB,pass_td,1.287,0.0,0.0,1.0,2.0,3.0
2025_15_LV_PHI,PHI,LV,Jalen Hurts,00-0036389,QB,ints,0.618,0.0,0.0,0.0,1.0,2.0
2025_15_LV_PHI,PHI,LV,Jalen Hurts,00-0036389,QB,car,6.186,2.0,3.0,6.0,8.0,11.0
2025_15_LV_PHI,PHI,LV,Jalen Hurts,00-0036389,QB,rush_yds,23.843,0.903,7.78,19.24,34.333,51.42
2025_15_LV_PHI,PHI,LV,Jalen Hurts,00-0036389,QB,tgt,0.001,0.0,0.0,0.0,0.0,0.0
2025_15_LV_PHI,PHI,LV,Jalen Hurts,00-0036389,QB,rec,0.001,0.0,0.0,0.0,0.0,0.0
2025_15_LV_PHI,PHI,LV,Jalen Hurts,00-0036389,QB,rec_yds,0.005,0.0,0.0,0.0,0.0,0.0
2025_15_LV_PHI,PHI,LV,Jalen Hurts,00-0036389,QB,anytime_td,0.342,0.0,0.0,0.0,1.0,1.0
2025_15_LV_PHI,PHI,LV,Dallas Goedert,00-0034351,TE,car,0.029,0.0,0.0,0.0,0.0,0.0
2025_15_LV_PHI,PHI,LV,Dallas Goedert,00-0034351,TE,rush_yds,0.072,0.0,0.0,0.0,0.0,0.0
2025_15_LV_PHI,PHI,LV,Dallas Goedert,00-0034351,TE,tgt,4.727,2.0,3.0,4.0,6.0,8.0
2025_15_LV_PHI,PHI,LV,Dallas Goedert,00-0034351,TE,rec,3.501,1.0,2.0,3.0,5.0,7.0
2025_15_LV_PHI,PHI,LV,Dallas Goedert,00-0034351,TE,rec_yds,34.012,5.334,14.512,29.228,48.412,69.522
2025_15_LV_PHI,PHI,LV,Dallas Goedert,00-0034351,TE,anytime_td,0.268,0.0,0.0,0.0,1.0,1.0
2025_15_LV_PHI,PHI,LV,A.J. Brown,00-0035676,WR,car,0.013,0.0,0.0,0.0,0.0,0.0
2025_15_LV_PHI,PHI,LV,A.J. Brown,00-0035676,WR,rush_yds,0.076,0.0,0.0,0.0,0.0,0.0
2025_15_LV_PHI,PHI,LV,A.J. Brown,00-0035676,WR,tgt,8.206,4.0,6.0,8.0,10.0,13.0
2025_15_LV_PHI,PHI,LV,A.J. Brown,00-0035676,WR,rec,5.394,2.0,3.0,5.0,7.0,9.0
2025_15_LV_PHI,PHI,LV,A.J. Brown,00-0035676,WR,rec_yds,67.335,21.512,38.165,61.554,91.444,120.148
2025_15_LV_PHI,PHI,LV,A.J. Brown,00-0035676,WR,anytime_td,0.397,0.0,0.0,0.0,1.0,1.0
2025_15_LV_PHI,PHI,LV,Saquon Barkley,00-0034844,RB,car,17.543,9.0,13.0,17.0,22.0,26.0
2025_15_LV_PHI,PHI,LV,Saquon Barkley,00-0034844,RB,rush_yds,75.166,29.655,44.531,67.619,97.748,131.68
2025_15_LV_PHI,PHI,LV,Saquon Barkley,00-0034844,RB,tgt,2.991,1.0,1.0,3.0,4.0,6.0
2025_15_LV_PHI,PHI,LV,Saquon Barkley,00-0034844,RB,rec,2.314,0.0,1.0,2.0,3.0,5.0
2025_15_LV_PHI,PHI,LV,Saquon Barkley,00-0034844,RB,rec_yds,16.448,0.0,3.807,11.987,24.141,39.145
2025_15_LV_PHI,PHI,LV,Saquon Barkley,00-0034844,RB,anytime_td,0.376,0.0,0.0,0.0,1.0,1.0
2025_15_LV_PHI,PHI,LV,Grant Calcaterra,00-0037086,TE,car,0.001,0.0,0.0,0.0,0.0,0.0
2025_15_LV_PHI,PHI,LV,Grant Calcaterra,00-0037086,TE,rush_yds,-0.0,0.0,0.0,0.0,0.0,0.0
2025_15_LV_PHI,PHI,LV,Grant Calcaterra,00-0037086,TE,tgt,0.609,0.0,0.0,0.0,1.0,2.0
2025_15_LV_PHI,PHI,LV,Grant Calcaterra,00-0037086,TE,rec,0.451,0.0,0.0,0.0,1.0,1.0
2025_15_LV_PHI,PHI,LV,Grant Calcaterra,00-0037086,TE,rec_yds,4.398,0.0,0.0,0.0,5.309,15.719
2025_15_LV_PHI,PHI,LV,Grant Calcaterra,00-0037086,TE,anytime_td,0.011,0.0,0.0,0.0,0.0,0.0
2025_15_LV_PHI,PHI,LV,Jahan Dotson,00-0037741,WR,car,0.012,0.0,0.0,0.0,0.0,0.0
2025_15_LV_PHI,PHI,LV,Jahan Dotson,00-0037741,WR,rush_yds,0.066,0.0,0.0,0.0,0.0,0.0
2025_15_LV_PHI,PHI,LV,Jahan Dotson,00-0037741,WR,tgt,1.866,0.0,1.0,1.0,3.0,4.0
2025_15_LV_PHI,PHI,LV,Jahan Dotson,00-0037741,WR,rec,1.139,0.0,0.0,1.0,2.0,3.0
2025_15_LV_PHI,PHI,LV,Jahan Dotson,00-0037741,WR,rec_yds,14.117,0.0,0.0,7.612,21.444,39.522
2025_15_LV_PHI,PHI,LV,Jahan Dotson,00-0037741,WR,anytime_td,0.075,0.0,0.0,0.0,0.0,0.0
2025_15_LV_PHI,PHI,LV,DeVonta Smith,00-0036912,WR,car,0.014,0.0,0.0,0.0,0.0,0.0
2025_15_LV_PHI,PHI,LV,DeVonta Smith,00-0036912,WR,rush_yds,0.069,0.0,0.0,0.0,0.0,0.0
2025_15_LV_PHI,PHI,LV,DeVonta Smith,00-0036912,WR,tgt,7.004,3.0,5.0,7.0,9.0,11.0
2025_15_LV_PHI,PHI,LV,DeVonta Smith,00-0036912,WR,rec,4.578,2.0,3.0,4.0,6.0,8.0
2025_15_LV_PHI,PHI,LV,DeVonta Smith,00-0036912,WR,rec_yds,55.334,14.414,28.802,49.883,75.906,102.685
2025_15_LV_PHI,PHI,LV,DeVonta Smith,00-0036912,WR,anytime_td,0.219,0.0,0.0,0.0,0.0,1.0
2025_15_LV_PHI,PHI,LV,Tank Bigsby,00-0038555,RB,car,3.687,0.0,1.0,3.0,5.0,8.0
2025_15_LV_PHI,PHI,LV,Tank Bigsby,00-0038555,RB,rush_yds,17.205,0.0,1.969,10.494,24.285,43.03
2025_15_LV_PHI,PHI,LV,Tank Bigsby,00-0038555,RB,tgt,0.215,0.0,0.0,0.0,0.0,1.0
2025_15_LV_PHI,PHI,LV,Tank Bigsby,00-0038555,RB,rec,0.172,0.0,0.0,0.0,0.0,1.0
2025_15_LV_PHI,PHI,LV,Tank Bigsby,00-0038555,RB,rec_yds,1.153,0.0,0.0,0.0,0.0,2.907
2025_15_LV_PHI,PHI,LV,Tank Bigsby,00-0038555,RB,anytime_td,0.09,0.0,0.0,0.0,0.0,0.0
2025_15_LV_PHI,PHI,LV,Darius Cooper,00-0040024,WR,car,0.006,0.0,0.0,0.0,0.0,0.0
2025_15_LV_PHI,PHI,LV,Darius Cooper,00-0040024,WR,rush_yds,0.017,0.0,0.0,0.0,0.0,0.0
2025_15_LV_PHI,PHI,LV,Darius Cooper,00-0040024,WR,tgt,0.532,0.0,0.0,0.0,1.0,2.0
2025_15_LV_PHI,PHI,LV,Darius Cooper,00-0040024,WR,rec,0.359,0.0,0.0,0.0,1.0,1.0
2025_15_LV_PHI,PHI,LV,Darius Cooper,00-0040024,WR,rec_yds,4.204,0.0,0.0,0.0,1.977,15.152
2025_15_LV_PHI,PHI,LV,Darius Cooper,00-0040024,WR,anytime_td,0.008,0.0,0.0,0.0,0.0,0.0
2025_15_LV_PHI,PHI,LV,Will Shipley,00-0039746,RB,car,1.259,0.0,0.0,0.0,2.0,4.0
2025_15_LV_PHI,PHI,LV,Will Shipley,00-0039746,RB,rush_yds,5.321,0.0,0.0,0.0,5.899,17.222
2025_15_LV_PHI,PHI,LV,Will Shipley,00-0039746,RB,tgt,0.689,0.0,0.0,0.0,1.0,2.0
2025_15_LV_PHI,PHI,LV,Will Shipley,00-0039746,RB,rec,0.563,0.0,0.0,0.0,1.0,2.0
2025_15_LV_PHI,PHI,LV,Will Shipley,00-0039746,RB,rec_yds,3.909,0.0,0.0,0.0,4.896,13.702
2025_15_LV_PHI,PHI,LV,Will Shipley,00-0039746,RB,anytime_td,0.028,0.0,0.0,0.0,0.0,0.0
2025_15_LV_PHI,PHI,LV,Britain Covey,00-0037132,WR,car,0.015,0.0,0.0,0.0,0.0,0.0
2025_15_LV_PHI,PHI,LV,Britain Covey,00-0037132,WR,rush_yds,0.08,0.0,0.0,0.0,0.0,0.0
2025_15_LV_PHI,PHI,LV,Britain Covey,00-0037132,WR,tgt,1.36,0.0,0.0,1.0,2.0,3.0
2025_15_LV_PHI,PHI,LV,Britain Covey,00-0037132,WR,rec,0.897,0.0,0.0,1.0,1.0,2.0
2025_15_LV_PHI,PHI,LV,Britain Covey,00-0037132,WR,rec_yds,10.275,0.0,0.0,2.773,15.732,30.311
2025_15_LV_PHI,PHI,LV,Britain Covey,00-0037132,WR,anytime_td,0.048,0.0,0.0,0.0,0.0,0.0
2025_15_LV_PHI,LV,PHI,Kenny Pickett,00-0038102,QB,att,30.032,20.0,26.0,31.0,36.0,40.0
2025_15_LV_PHI,LV,PHI,Kenny Pickett,00-0038102,QB,cmp,17.52,11.0,14.0,18.0,21.0,25.0
2025_15_LV_PHI,LV,PHI,Kenny Pickett,00-0038102,QB,pass_yds,175.124,102.91,136.743,173.881,216.556,253.629
2025_15_LV_PHI,LV,PHI,Kenny Pickett,00-0038102,QB,pass_td,0.775,0.0,0.0,1.0,1.0,2.0
2025_15_LV_PHI,LV,PHI,Kenny Pickett,00-0038102,QB,ints,0.725,0.0,0.0,0.0,1.0,2.0
2025_15_LV_PHI,LV,PHI,Kenny Pickett,00-0038102,QB,car,2.68,0.0,1.0,2.0,4.0,5.0
2025_15_LV_PHI,LV,PHI,Kenny Pickett,00-0038102,QB,rush_yds,14.272,0.0,2.901,10.806,21.629,34.435
2025_15_LV_PHI,LV,PHI,Kenny Pickett,00-0038102,QB,tgt,0.0,0.0,0.0,0.0,0.0,0.0
2025_15_LV_PHI,LV,PHI,Kenny Pickett,00-0038102,QB,rec,0.0,0.0,0.0,0.0,0.0,0.0
2025_15_LV_PHI,LV,PHI,Kenny Pickett,00-0038102,QB,rec_yds,0.001,0.0,0.0,0.0,0.0,0.0
2025_15_LV_PHI,LV,PHI,Kenny Pickett,00-0038102,QB,anytime_td,0.026,0.0,0.0,0.0,0.0,0.0
2025_15_LV_PHI,LV,PHI,Tre Tucker,00-0038563,WR,car,0.36,0.0,0.0,0.0,0.0,1.0
2025_15_LV_PHI,LV,PHI,Tre Tucker,00-0038563,WR,rush_yds,1.887,0.0,0.0,0.0,0.0,5.338
2025_15_LV_PHI,LV,PHI,Tre Tucker,00-0038563,WR,tgt,5.471,2.0,3.0,5.0,7.0,9.0
2025_15_LV_PHI,LV,PHI,Tre Tucker,00-0038563,WR,rec,2.939,1.0,2.0,3.0,4.0,6.0
2025_15_LV_PHI,LV,PHI,Tre Tucker,00-0038563,WR,rec_yds,34.797,3.423,13.145,29.31,50.086,74.107
2025_15_LV_PHI,LV,PHI,Tre Tucker,00-0038563,WR,anytime_td,0.131,0.0,0.0,0.0,0.0,1.0
2025_15_LV_PHI,LV,PHI,Brock Bowers,00-0039338,TE,car,0.24,0.0,0.0,0.0,0.0,1.0
2025_15_LV_PHI,LV,PHI,Brock Bowers,00-0039338,TE,rush_yds,0.511,0.0,0.0,0.0,0.0,0.0
2025_15_LV_PHI,LV,PHI,Brock Bowers,00-0039338,TE,tgt,6.646,3.0,4.0,6.0,9.0,11.0
2025_15_LV_PHI,LV,PHI,Brock Bowers,00-0039338,TE,rec,4.228,1.0,2.0,4.0,6.0,7.0
2025_15_LV_PHI,LV,PHI,Brock Bowers,00-0039338,TE,rec_yds,45.408,10.559,22.468,40.271,63.451,85.866
2025_15_LV_PHI,LV,PHI,Brock Bowers,00-0039338,TE,anytime_td,0.231,0.0,0.0,0.0,0.0,1.0
2025_15_LV_PHI,LV,PHI,Jack Bech,00-0040729,WR,car,0.005,0.0,0.0,0.0,0.0,0.0
2025_15_LV_PHI,LV,PHI,Jack Bech,00-0040729,WR,rush_yds,0.032,0.0,0.0,0.0,0.0,0.0
2025_15_LV_PHI,LV,PHI,Jack Bech,00-0040729,WR,tgt,2.318,0.0,1.0,2.0,3.0,5.0
2025_15_LV_PHI,LV,PHI,Jack Bech,00-0040729,WR,rec,1.365,0.0,0.0,1.0,2.0,3.0
2025_15_LV_PHI,LV,PHI,Jack Bech,00-0040729,WR,rec_yds,15.886,0.0,0.0,9.923,24.425,41.767
2025_15_LV_PHI,LV,PHI,Jack Bech,00-0040729,WR,anytime_td,0.027,0.0,0.0,0.0,0.0,0.0
2025_15_LV_PHI,LV,PHI,Tyler Lockett,00-0032211,WR,car,0.011,0.0,0.0,0.0,0.0,0.0
2025_15_LV_PHI,LV,PHI,Tyler Lockett,00-0032211,WR,rush_yds,0.065,0.0,0.0,0.0,0.0,0.0
2025_15_LV_PHI,LV,PHI,Tyler Lockett,00-0032211,WR,tgt,3.116,1.0,1.0,3.0,4.0,6.0
2025_15_LV_PHI,LV,PHI,Tyler Lockett,00-0032211,WR,rec,1.807,0.0,1.0,2.0,3.0,4.0
2025_15_LV_PHI,LV,PHI,Tyler Lockett,00-0032211,WR,rec_yds,20.967,0.0,3.519,15.238,31.445,50.73
2025_15_LV_PHI,LV,PHI,Tyler Lockett,00-0032211,WR,anytime_td,0.025,0.0,0.0,0.0,0.0,0.0
2025_15_LV_PHI,LV,PHI,Ashton Jeanty,00-0040122,RB,car,16.298,9.0,12.0,16.0,20.0,25.0
2025_15_LV_PHI,LV,PHI,Ashton Jeanty,00-0040122,RB,rush_yds,54.965,20.307,32.233,49.152,71.802,97.915
2025_15_LV_PHI,LV,PHI,Ashton Jeanty,00-0040122,RB,tgt,5.026,2.0,3.0,5.0,7.0,9.0
2025_15_LV_PHI,LV,PHI,Ashton Jeanty,00-0040122,RB,rec,3.44,1.0,2.0,3.0,5.0,6.0
2025_15_LV_PHI,LV,PHI,Ashton Jeanty,00-0040122,RB,rec_yds,22.469,1.775,8.432,17.951,32.197,48.29
2025_15_LV_PHI,LV,PHI,Ashton Jeanty,00-0040122,RB,anytime_td,0.336,0.0,0.0,0.0,1.0,1.0
2025_15_LV_PHI,LV,PHI,Raheem Mostert,00-0031687,RB,car,2.364,0.0,0.0,2.0,3.0,6.0
2025_15_LV_PHI,LV,PHI,Raheem Mostert,00-0031687,RB,rush_yds,9.151,0.0,0.0,4.075,12.681,25.422
2025_15_LV_PHI,LV,PHI,Raheem Mostert,00-0031687,RB,tgt,1.151,0.0,0.0,1.0,2.0,3.0
2025_15_LV_PHI,LV,PHI,Raheem Mostert,00-0031687,RB,rec,0.817,0.0,0.0,1.0,1.0,2.0
2025_15_LV_PHI,LV,PHI,Raheem Mostert,00-0031687,RB,rec_yds,5.499,0.0,0.0,0.0,7.837,17.04
2025_15_LV_PHI,LV,PHI,Raheem Mostert,00-0031687,RB,anytime_td,0.044,0.0,0.0,0.0,0.0,0.0
2025_15_LV_PHI,LV,PHI,Michael Mayer,00-0039066,TE,car,0.003,0.0,0.0,0.0,0.0,0.0
2025_15_LV_PHI,LV,PHI,Michael Mayer,00-0039066,TE,rush_yds,0.01,0.0,0.0,0.0,0.0,0.0
2025_15_LV_PHI,LV,PHI,Michael Mayer,00-0039066,TE,tgt,3.105,1.0,1.0,3.0,4.0,6.0
2025_15_LV_PHI,LV,PHI,Michael Mayer,00-0039066,TE,rec,1.93,0.0,1.0,2.0,3.0,4.0
2025_15_LV_PHI,LV,PHI,Michael Mayer,00-0039066,TE,rec_yds,18.123,0.0,4.051,13.493,27.055,42.098
2025_15_LV_PHI,LV,PHI,Michael Mayer,00-0039066,TE,anytime_td,0.074,0.0,0.0,0.0,0.0,0.0
2025_15_LV_PHI,LV,PHI,Dont'e Thornton Jr.,00-0040581,WR,car,0.009,0.0,0.0,0.0,0.0,0.0
2025_15_LV_PHI,LV,PHI,Dont'e Thornton Jr.,00-0040581,WR,rush_yds,0.041,0.0,0.0,0.0,0.0,0.0
2025_15_LV_PHI,LV,PHI,Dont'e Thornton Jr.,00-0040581,WR,tgt,2.139,0.0,1.0,2.0,3.0,5.0
2025_15_LV_PHI,LV,PHI,Dont'e Thornton Jr.,00-0040581,WR,rec,1.069,0.0,0.0,1.0,2.0,3.0
2025_15_LV_PHI,LV,PHI,Dont'e Thornton Jr.,00-0040581,WR,rec_yds,13.046,0.0,0.0,6.942,19.762,36.328
2025_15_LV_PHI,LV,PHI,Dont'e Thornton Jr.,00-0040581,WR,anytime_td,0.021,0.0,0.0,0.0,0.0,0.0
2025_15_LV_PHI,LV,PHI,Shedrick Jackson,00-0038891,WR,car,0.031,0.0,0.0,0.0,0.0,0.0
2025_15_LV_PHI,LV,PHI,Shedrick Jackson,00-0038891,WR,rush_yds,0.153,0.0,0.0,0.0,0.0,0.0
2025_15_LV_PHI,LV,PHI,Shedrick Jackson,00-0038891,WR,tgt,0.956,0.0,0.0,1.0,1.0,3.0
2025_15_LV_PHI,LV,PHI,Shedrick Jackson,00-0038891,WR,rec,0.536,0.0,0.0,0.0,1.0,2.0
2025_15_LV_PHI,LV,PHI,Shedrick Jackson,00-0038891,WR,rec_yds,6.609,0.0,0.0,0.0,8.935,22.11
2025_15_LV_PHI,LV,PHI,Shedrick Jackson,00-0038891,WR,anytime_td,0.084,0.0,0.0,0.0,0.0,0.0
2025_15_LV_PHI,LV,PHI,Dylan Laube,00-0039407,RB,car,1.837,0.0,0.0,1.0,3.0,5.0
2025_15_LV_PHI,LV,PHI,Dylan Laube,00-0039407,RB,rush_yds,6.835,0.0,0.0,2.2,9.394,20.093
2025_15_LV_PHI,LV,PHI,Dylan Laube,00-0039407,RB,tgt,0.761,0.0,0.0,0.0,1.0,2.0
2025_15_LV_PHI,LV,PHI,Dylan Laube,00-0039407,RB,rec,0.517,0.0,0.0,0.0,1.0,2.0
2025_15_LV_PHI,LV,PHI,Dylan Laube,00-0039407,RB,rec_yds,3.615,0.0,0.0,0.0,4.577,12.573
2025_15_LV_PHI,LV,PHI,Dylan Laube,00-0039407,RB,anytime_td,0.039,0.0,0.0,0.0,0.0,0.0
2025_15_MIN_DAL,DAL,MIN,Dak Prescott,00-0033077,QB,att,31.434,21.0,27.0,32.0,37.0,42.0
2025_15_MIN_DAL,DAL,MIN,Dak Prescott,00-0033077,QB,cmp,21.075,13.0,17.0,21.0,25.0,29.0
2025_15_MIN_DAL,DAL,MIN,Dak Prescott,00-0033077,QB,pass_yds,250.707,155.118,202.496,253.104,303.436,353.135
2025_15_MIN_DAL,DAL,MIN,Dak Prescott,00-0033077,QB,pass_td,1.966,0.0,1.0,2.0,3.0,4.0
2025_15_MIN_DAL,DAL,MIN,Dak Prescott,00-0033077,QB,ints,0.642,0.0,0.0,0.0,1.0,2.0
2025_15_MIN_DAL,DAL,MIN,Dak Prescott,00-0033077,QB,car,3.221,1.0,2.0,3.0,4.0,6.0
2025_15_MIN_DAL,DAL,MIN,Dak Prescott,00-0033077,QB,rush_yds,12.19,-1.0,0.0,8.488,18.672,31.682
2025_15_MIN_DAL,DAL,MIN,Dak Prescott,00-0033077,QB,tgt,0.001,0.0,0.0,0.0,0.0,0.0
2025_15_MIN_DAL,DAL,MIN,Dak Prescott,00-0033077,QB,rec,0.001,0.0,0.0,0.0,0.0,0.0
2025_15_MIN_DAL,DAL,MIN,Dak Prescott,00-0033077,QB,rec_yds,0.007,0.0,0.0,0.0,0.0,0.0
2025_15_MIN_DAL,DAL,MIN,Dak Prescott,00-0033077,QB,anytime_td,0.186,0.0,0.0,0.0,0.0,1.0
2025_15_MIN_DAL,DAL,MIN,George Pickens,00-0037247,WR,car,0.019,0.0,0.0,0.0,0.0,0.0
2025_15_MIN_DAL,DAL,MIN,George Pickens,00-0037247,WR,rush_yds,0.112,0.0,0.0,0.0,0.0,0.0
2025_15_MIN_DAL,DAL,MIN,George Pickens,00-0037247,WR,tgt,7.677,3.0,5.0,7.0,10.0,12.0
2025_15_MIN_DAL,DAL,MIN,George Pickens,00-0037247,WR,rec,5.191,2.0,3.0,5.0,7.0,9.0
2025_15_MIN_DAL,DAL,MIN,George Pickens,00-0037247,WR,rec_yds,72.812,20.864,38.703,66.638,99.271,133.579
2025_15_MIN_DAL,DAL,MIN,George Pickens,00-0037247,WR,anytime_td,0.374,0.0,0.0,0.0,1.0,1.0
2025_15_MIN_DAL,DAL,MIN,CeeDee Lamb,00-0036358,WR,car,0.183,0.0,0.0,0.0,0.0,0.0
2025_15_MIN_DAL,DAL,MIN,CeeDee Lamb,00-0036358,WR,rush_yds,1.042,0.0,0.0,0.0,0.0,0.0
2025_15_MIN_DAL,DAL,MIN,CeeDee Lamb,00-0036358,WR,tgt,7.296,3.0,5.0,7.0,9.0,12.0
2025_15_MIN_DAL,DAL,MIN,CeeDee Lamb,00-0036358,WR,rec,4.784,2.0,3.0,5.0,6.0,8.0
2025_15_MIN_DAL,DAL,MIN,CeeDee Lamb,00-0036358,WR,rec_yds,68.64,17.945,36.556,62.887,94.459,127.81
2025_15_MIN_DAL,DAL,MIN,CeeDee Lamb,00-0036358,WR,anytime_td,0.344,0.0,0.0,0.0,1.0,1.0
2025_15_MIN_DAL,DAL,MIN,Jake Ferguson,00-0038041,TE,car,0.12,0.0,0.0,0.0,0.0,0.0
2025_15_MIN_DAL,DAL,MIN,Jake Ferguson,00-0038041,TE,rush_yds,0.3,0.0,0.0,0.0,0.0,0.0
2025_15_MIN_DAL,DAL,MIN,Jake Ferguson,00-0038041,TE,tgt,5.367,2.0,3.0,5.0,7.0,9.0
2025_15_MIN_DAL,DAL,MIN,Jake Ferguson,00-0038041,TE,rec,4.206,1.0,2.0,4.0,6.0,8.0
2025_15_MIN_DAL,DAL,MIN,Jake Ferguson,00-0038041,TE,rec_yds,39.238,8.552,19.334,34.318,54.504,75.661
2025_15_MIN_DAL,DAL,MIN,Jake Ferguson,00-0038041,TE,anytime_td,0.34,0.0,0.0,0.0,1.0,1.0
2025_15_MIN_DAL,DAL,MIN,Ryan Flournoy,00-0039410,WR,car,0.23,0.0,0.0,0.0,0.0,1.0
2025_15_MIN_DAL,DAL,MIN,Ryan Flournoy,00-0039410,WR,rush_yds,1.223,0.0,0.0,0.0,0.0,0.0
2025_15_MIN_DAL,DAL,MIN,Ryan Flournoy,00-0039410,WR,tgt,3.275,1.0,2.0,3.0,5.0,6.0
2025_15_MIN_DAL,DAL,MIN,Ryan Flournoy,00-0039410,WR,rec,2.205,0.0,1.0,2.0,3.0,5.0
2025_15_MIN_DAL,DAL,MIN,Ryan Flournoy,00-0039410,WR,rec_yds,27.635,0.0,6.921,20.678,41.052,65.08
2025_15_MIN_DAL,DAL,MIN,Ryan Flournoy,00-0039410,WR,anytime_td,0.268,0.0,0.0,0.0,1.0,1.0
2025_15_MIN_DAL,DAL,MIN,Malik Davis,00-0037563,RB,car,3.162,0.0,1.0,2.0,5.0,8.0
2025_15_MIN_DAL,DAL,MIN,Malik Davis,00-0037563,RB,rush_yds,14.329,0.0,0.0,7.744,20.117,37.962
2025_15_MIN_DAL,DAL,MIN,Malik Davis,00-0037563,RB,tgt,0.128,0.0,0.0,0.0,0.0,0.0
2025_15_MIN_DAL,DAL,MIN,Malik Davis,00-0037563,RB,rec,0.1,0.0,0.0,0.0,0.0,0.0
2025_15_MIN_DAL,DAL,MIN,Malik Davis,00-0037563,RB,rec_yds,0.757,0.0,0.0,0.0,0.0,0.0
2025_15_MIN_DAL,DAL,MIN,Malik Davis,00-0037563,RB,anytime_td,0.148,0.0,0.0,0.0,0.0,1.0
2025_15_MIN_DAL,DAL,MIN,Luke Schoonmaker,00-0038547,TE,car,0.003,0.0,0.0,0.0,0.0,0.0
2025_15_MIN_DAL,DAL,MIN,Luke Schoonmaker,00-0038547,TE,rush_yds,0.006,0.0,0.0,0.0,0.0,0.0
2025_15_MIN_DAL,DAL,MIN,Luke Schoonmaker,00-0038547,TE,tgt,1.315,0.0,0.0,1.0,2.0,3.0
2025_15_MIN_DAL,DAL,MIN,Luke Schoonmaker,00-0038547,TE,rec,0.925,0.0,0.0,1.0,1.0,2.0
2025_15_MIN_DAL,DAL,MIN,Luke Schoonmaker,00-0038547,TE,rec_yds,9.432,0.0,0.0,3.216,14.571,27.928
2025_15_MIN_DAL,DAL,MIN,Luke Schoonmaker,00-0038547,TE,anytime_td,0.018,0.0,0.0,0.0,0.0,0.0
2025_15_MIN_DAL,DAL,MIN,Brevyn Spann-Ford,00-0039530,TE,car,0.002,0.0,0.0,0.0,0.0,0.0
2025_15_MIN_DAL,DAL,MIN,Brevyn Spann-Ford,00-0039530,TE,rush_yds,0.005,0.0,0.0,0.0,0.0,0.0
2025_15_MIN_DAL,DAL,MIN,Brevyn Spann-Ford,00-0039530,TE,tgt,0.537,0.0,0.0,0.0,1.0,2.0
2025_15_MIN_DAL,DAL,MIN,Brevyn Spann-Ford,00-0039530,TE,rec,0.411,0.0,0.0,0.0,1.0,1.0
2025_15_MIN_DAL,DAL,MIN,Brevyn Spann-Ford,00-0039530,TE,rec_yds,4.052,0.0,0.0,0.0,4.063,14.874
2025_15_MIN_DAL,DAL,MIN,Brevyn Spann-Ford,00-0039530,TE,anytime_td,0.06,0.0,0.0,0.0,0.0,0.0
2025_15_MIN_DAL,DAL,MIN,Javonte Williams,00-0036997,RB,car,19.144,11.0,14.0,19.0,23.0,28.0
2025_15_MIN_DAL,DAL,MIN,Javonte Williams,00-0036997,RB,rush_yds,85.65,35.195,52.957,78.817,110.214,146.358
2025_15_MIN_DAL,DAL,MIN,Javonte Williams,00-0036997,RB,tgt,2.613,0.0,1.0,2.0,4.0,5.0
2025_15_MIN_DAL,DAL,MIN,Javonte Williams,00-0036997,RB,rec,1.996,0.0,1.0,2.0,3.0,4.0
2025_15_MIN_DAL,DAL,MIN,Javonte Williams,00-0036997,RB,rec_yds,12.633,0.0,1.148,8.805,18.741,31.563
2025_15_MIN_DAL,DAL,MIN,Javonte Williams,00-0036997,RB,anytime_td,0.564,0.0,0.0,1.0,1.0,1.0
2025_15_MIN_DAL,DAL,MIN,Hunter Luepke,00-0038738,RB,car,0.555,0.0,0.0,0.0,0.0,2.0
2025_15_MIN_DAL,DAL,MIN,Hunter Luepke,00-0038738,RB,rush_yds,2.347,0.0,0.0,0.0,0.0,7.277
2025_15_MIN_DAL,DAL,MIN,Hunter Luepke,00-0038738,RB,tgt,0.623,0.0,0.0,0.0,1.0,2.0
2025_15_MIN_DAL,DAL,MIN,Hunter Luepke,00-0038738,RB,rec,0.511,0.0,0.0,0.0,1.0,2.0
2025_15_MIN_DAL,DAL,MIN,Hunter Luepke,00-0038738,RB,rec_yds,4.075,0.0,0.0,0.0,4.377,14.486
2025_15_MIN_DAL,DAL,MIN,Hunter Luepke,00-0038738,RB,anytime_td,0.047,0.0,0.0,0.0,0.0,0.0
2025_15_MIN_DAL,DAL,MIN,KaVontae Turpin,00-0037801,WR,car,1.399,0.0,0.0,0.0,2.0,4.0
2025_15_MIN_DAL,DAL,MIN,KaVontae Turpin,00-0037801,WR,rush_yds,8.25,0.0,0.0,0.0,10.861,27.455
2025_15_MIN_DAL,DAL,MIN,KaVontae Turpin,00-0037801,WR,tgt,2.184,0.0,1.0,2.0,3.0,5.0
2025_15_MIN_DAL,DAL,MIN,KaVontae Turpin,00-0037801,WR,rec,1.44,0.0,0.0,1.0,2.0,3.0
2025_15_MIN_DAL,DAL,MIN,KaVontae Turpin,00-0037801,WR,rec_yds,19.343,0.0,0.0,11.992,29.924,51.163
2025_15_MIN_DAL,DAL,MIN,KaVontae Turpin,00-0037801,WR,anytime_td,0.095,0.0,0.0,0.0,0.0,0.0
2025_15_MIN_DAL,DAL,MIN,Jonathan Mingo,00-0039062,WR,car,0.024,0.0,0.0,0.0,0.0,0.0
2025_15_MIN_DAL,DAL,MIN,Jonathan Mingo,00-0039062,WR,rush_yds,0.126,0.0,0.0,0.0,0.0,0.0
2025_15_MIN_DAL,DAL,MIN,Jonathan Mingo,00-0039062,WR,tgt,1.206,0.0,0.0,1.0,2.0,3.0
2025_15_MIN_DAL,DAL,MIN,Jonathan Mingo,00-0039062,WR,rec,0.735,0.0,0.0,0.0,1.0,2.0
2025_15_MIN_DAL,DAL,MIN,Jonathan Mingo,00-0039062,WR,rec_yds,9.153,0.0,0.0,0.0,13.611,28.845
2025_15_MIN_DAL,DAL,MIN,Jonathan Mingo,00-0039062,WR,anytime_td,0.031,0.0,0.0,0.0,0.0,0.0
2025_15_MIN_DAL,MIN,DAL,J.J. McCarthy,00-0039923,QB,att,30.536,21.0,26.0,31.0,36.0,41.0
2025_15_MIN_DAL,MIN,DAL,J.J. McCarthy,00-0039923,QB,cmp,19.13,12.0,16.0,19.0,23.0,27.0
2025_15_MIN_DAL,MIN,DAL,J.J. McCarthy,00-0039923,QB,pass_yds,194.79,117.664,155.335,195.291,237.174,278.765
2025_15_MIN_DAL,MIN,DAL,J.J. McCarthy,00-0039923,QB,pass_td,1.04,0.0,0.0,1.0,2.0,2.0
2025_15_MIN_DAL,MIN,DAL,J.J. McCarthy,00-0039923,QB,ints,0.863,0.0,0.0,1.0,1.0,2.0
2025_15_MIN_DAL,MIN,DAL,J.J. McCarthy,00-0039923,QB,car,3.193,1.0,1.0,3.0,4.0,6.0
2025_15_MIN_DAL,MIN,DAL,J.J. McCarthy,00-0039923,QB,rush_yds,17.388,0.0,4.244,13.47,25.583,41.186
2025_15_MIN_DAL,MIN,DAL,J.J. McCarthy,00-0039923,QB,tgt,0.001,0.0,0.0,0.0,0.0,0.0
2025_15_MIN_DAL,MIN,DAL,J.J. McCarthy,00-0039923,QB,rec,0.001,0.0,0.0,0.0,0.0,0.0
2025_15_MIN_DAL,MIN,DAL,J.J. McCarthy,00-0039923,QB,rec_yds,0.003,0.0,0.0,0.0,0.0,0.0
2025_15_MIN_DAL,MIN,DAL,J.J. McCarthy,00-0039923,QB,anytime_td,0.129,0.0,0.0,0.0,0.0,1.0
2025_15_MIN_DAL,MIN,DAL,Justin Jefferson,00-0036322,WR,car,0.031,0.0,0.0,0.0,0.0,0.0
2025_15_MIN_DAL,MIN,DAL,Justin Jefferson,00-0036322,WR,rush_yds,0.164,0.0,0.0,0.0,0.0,0.0
2025_15_MIN_DAL,MIN,DAL,Justin Jefferson,00-0036322,WR,tgt,8.206,4.0,6.0,8.0,10.0,13.0
2025_15_MIN_DAL,MIN,DAL,Justin Jefferson,00-0036322,WR,rec,4.915,2.0,3.0,5.0,6.0,8.0
2025_15_MIN_DAL,MIN,DAL,Justin Jefferson,00-0036322,WR,rec_yds,55.939,15.437,30.372,50.505,75.904,103.449
2025_15_MIN_DAL,MIN,DAL,Justin Jefferson,00-0036322,WR,anytime_td,0.174,0.0,0.0,0.0,0.0,1.0
2025_15_MIN_DAL,MIN,DAL,T.J. Hockenson,00-0035229,TE,car,0.118,0.0,0.0,0.0,0.0,0.0
2025_15_MIN_DAL,MIN,DAL,T.J. Hockenson,00-0035229,TE,rush_yds,0.259,0.0,0.0,0.0,0.0,0.0
2025_15_MIN_DAL,MIN,DAL,T.J. Hockenson,00-0035229,TE,tgt,4.861,2.0,3.0,4.0,6.0,9.0
2025_15_MIN_DAL,MIN,DAL,T.J. Hockenson,00-0035229,TE,rec,3.631,1.0,2.0,3.0,5.0,7.0
2025_15_MIN_DAL,MIN,DAL,T.J. Hockenson,00-0035229,TE,rec_yds,32.374,5.348,13.662,27.725,46.743,65.436
2025_15_MIN_DAL,MIN,DAL,T.J. Hockenson,00-0035229,TE,anytime_td,0.189,0.0,0.0,0.0,0.0,1.0
2025_15_MIN_DAL,MIN,DAL,Jordan Addison,00-0038994,WR,car,0.093,0.0,0.0,0.0,0.0,0.0
2025_15_MIN_DAL,MIN,DAL,Jordan Addison,00-0038994,WR,rush_yds,0.477,0.0,0.0,0.0,0.0,0.0
2025_15_MIN_DAL,MIN,DAL,Jordan Addison,00-0038994,WR,tgt,6.915,3.0,5.0,6.0,9.0,11.0
2025_15_MIN_DAL,MIN,DAL,Jordan Addison,00-0038994,WR,rec,3.956,1.0,2.0,4.0,5.0,7.0
2025_15_MIN_DAL,MIN,DAL,Jordan Addison,00-0038994,WR,rec_yds,46.986,9.679,22.247,41.165,65.265,91.793
2025_15_MIN_DAL,MIN,DAL,Jordan Addison,00-0038994,WR,anytime_td,0.221,0.0,0.0,0.0,0.0,1.0
2025_15_MIN_DAL,MIN,DAL,Josh Oliver,00-0035249,TE,car,0.001,0.0,0.0,0.0,0.0,0.0
2025_15_MIN_DAL,MIN,DAL,Josh Oliver,00-0035249,TE,rush_yds,0.001,0.0,0.0,0.0,0.0,0.0
2025_15_MIN_DAL,MIN,DAL,Josh Oliver,00-0035249,TE,tgt,1.187,0.0,0.0,1.0,2.0,3.0
2025_15_MIN_DAL,MIN,DAL,Josh Oliver,00-0035249,TE,rec,0.879,0.0,0.0,1.0,1.0,2.0
2025_15_MIN_DAL,MIN,DAL,Josh Oliver,00-0035249,TE,rec_yds,8.404,0.0,0.0,1.722,12.852,25.978
2025_15_MIN_DAL,MIN,DAL,Josh Oliver,00-0035249,TE,anytime_td,0.148,0.0,0.0,0.0,0.0,1.0
2025_15_MIN_DAL,MIN,DAL,Aaron Jones,00-0033293,RB,car,10.125,4.0,6.0,9.0,13.0,17.0
2025_15_MIN_DAL,MIN,DAL,Aaron Jones,00-0033293,RB,rush_yds,40.822,9.377,19.488,34.753,55.221,80.016
2025_15_MIN_DAL,MIN,DAL,Aaron Jones,00-0033293,RB,tgt,3.94,1.0,2.0,4.0,5.0,7.0
2025_15_MIN_DAL,MIN,DAL,Aaron Jones,00-0033293,RB,rec,2.923,1.0,1.0,3.0,4.0,6.0
2025_15_MIN_DAL,MIN,DAL,Aaron Jones,00-0033293,RB,rec_yds,19.829,0.0,6.083,15.805,28.408,45.022
2025_15_MIN_DAL,MIN,DAL,Aaron Jones,00-0033293,RB,anytime_td,0.238,0.0,0.0,0.0,0.0,1.0
2025_15_MIN_DAL,MIN,DAL,Jalen Nailor,00-0037291,WR,car,0.052,0.0,0.0,0.0,0.0,0.0
2025_15_MIN_DAL,MIN,DAL,Jalen Nailor,00-0037291,WR,rush_yds,0.269,0.0,0.0,0.0,0.0,0.0
2025_15_MIN_DAL,MIN,DAL,Jalen Nailor,00-0037291,WR,tgt,3.029,1.0,1.0,3.0,4.0,6.0
2025_15_MIN_DAL,MIN,DAL,Jalen Nailor,00-0037291,WR,rec,1.903,0.0,1.0,2.0,3.0,4.0
2025_15_MIN_DAL,MIN,DAL,Jalen Nailor,00-0037291,WR,rec_yds,23.91,0.0,4.745,17.37,36.062,57.766
2025_15_MIN_DAL,MIN,DAL,Jalen Nailor,00-0037291,WR,anytime_td,0.13,0.0,0.0,0.0,0.0,1.0
2025_15_MIN_DAL,MIN,DAL,Jordan Mason,00-0037525,RB,car,8.935,3.0,5.0,8.0,12.0,15.0
2025_15_MIN_DAL,MIN,DAL,Jordan Mason,00-0037525,RB,rush_yds,37.748,8.092,16.985,31.111,51.14,75.073
2025_15_MIN_DAL,MIN,DAL,Jordan Mason,00-0037525,RB,tgt,0.941,0.0,0.0,1.0,1.0,3.0
2025_15_MIN_DAL,MIN,DAL,Jordan Mason,00-0037525,RB,rec,0.758,0.0,0.0,0.0,1.0,2.0
2025_15_MIN_DAL,MIN,DAL,Jordan Mason,00-0037525,RB,rec_yds,4.837,0.0,0.0,0.0,6.77,15.729
2025_15_MIN_DAL,MIN,DAL,Jordan Mason,00-0037525,RB,anytime_td,0.243,0.0,0.0,0.0,0.0,1.0
2025_15_MIN_DAL,MIN,DAL,Tai Felton,00-0040154,WR,car,0.011,0.0,0.0,0.0,0.0,0.0
2025_15_MIN_DAL,MIN,DAL,Tai Felton,00-0040154,WR,rush_yds,0.047,0.0,0.0,0.0,0.0,0.0
2025_15_MIN_DAL,MIN,DAL,Tai Felton,00-0040154,WR,tgt,0.987,0.0,0.0,1.0,2.0,3.0
2025_15_MIN_DAL,MIN,DAL,Tai Felton,00-0040154,WR,rec,0.641,0.0,0.0,0.0,1.0,2.0
2025_15_MIN_DAL,MIN,DAL,Tai Felton,00-0040154,WR,rec_yds,7.594,0.0,0.0,0.0,10.427,25.003
2025_15_MIN_DAL,MIN,DAL,Tai Felton,00-0040154,WR,anytime_td,0.017,0.0,0.0,0.0,0.0,0.0
2025_15_NYJ_JAX,JAX,NYJ,Trevor Lawrence,00-0036971,QB,att,27.757,18.0,23.0,28.0,33.0,38.0
2025_15_NYJ_JAX,JAX,NYJ,Trevor Lawrence,00-0036971,QB,cmp,17.738,11.0,14.0,18.0,22.0,25.0
2025_15_NYJ_JAX,JAX,NYJ,Trevor Lawrence,00-0036971,QB,pass_yds,210.042,123.37,165.659,210.374,257.347,302.5
2025_15_NYJ_JAX,JAX,NYJ,Trevor Lawrence,00-0036971,QB,pass_td,1.474,0.0,1.0,1.0,2.0,3.0
2025_15_NYJ_JAX,JAX,NYJ,Trevor Lawrence,00-0036971,QB,ints,0.541,0.0,0.0,0.0,1.0,2.0
2025_15_NYJ_JAX,JAX,NYJ,Trevor Lawrence,00-0036971,QB,car,4.875,1.0,3.0,4.0,6.0,9.0
2025_15_NYJ_JAX,JAX,NYJ,Trevor Lawrence,00-0036971,QB,rush_yds,20.345,0.0,6.669,16.323,29.383,44.959
2025_15_NYJ_JAX,JAX,NYJ,Trevor Lawrence,00-0036971,QB,tgt,0.001,0.0,0.0,0.0,0.0,0.0
2025_15_NYJ_JAX,JAX,NYJ,Trevor Lawrence,00-0036971,QB,rec,0.001,0.0,0.0,0.0,0.0,0.0
2025_15_NYJ_JAX,JAX,NYJ,Trevor Lawrence,00-0036971,QB,rec_yds,0.004,0.0,0.0,0.0,0.0,0.0
2025_15_NYJ_JAX,JAX,NYJ,Trevor Lawrence,00-0036971,QB,anytime_td,0.277,0.0,0.0,0.0,1.0,1.0
2025_15_NYJ_JAX,JAX,NYJ,Jakobi Meyers,00-0034960,WR,car,0.676,0.0,0.0,0.0,1.0,2.0
2025_15_NYJ_JAX,JAX,NYJ,Jakobi Meyers,00-0034960,WR,rush_yds,4.126,0.0,0.0,0.0,0.0,13.348
2025_15_NYJ_JAX,JAX,NYJ,Jakobi Meyers,00-0034960,WR,tgt,5.745,2.0,4.0,5.0,8.0,10.0
2025_15_NYJ_JAX,JAX,NYJ,Jakobi Meyers,00-0034960,WR,rec,3.806,1.0,2.0,4.0,5.0,7.0
2025_15_NYJ_JAX,JAX,NYJ,Jakobi Meyers,00-0034960,WR,rec_yds,47.471,9.023,22.101,42.162,67.01,92.221
2025_15_NYJ_JAX,JAX,NYJ,Jakobi Meyers,00-0034960,WR,anytime_td,0.312,0.0,0.0,0.0,1.0,1.0
2025_15_NYJ_JAX,JAX,NYJ,Brenton Strange,00-0038935,TE,car,0.002,0.0,0.0,0.0,0.0,0.0
2025_15_NYJ_JAX,JAX,NYJ,Brenton Strange,00-0038935,TE,rush_yds,0.006,0.0,0.0,0.0,0.0,0.0
2025_15_NYJ_JAX,JAX,NYJ,Brenton Strange,00-0038935,TE,tgt,3.773,1.0,2.0,3.0,5.0,7.0
2025_15_NYJ_JAX,JAX,NYJ,Brenton Strange,00-0038935,TE,rec,2.824,1.0,1.0,3.0,4.0,6.0
2025_15_NYJ_JAX,JAX,NYJ,Brenton Strange,00-0038935,TE,rec_yds,31.753,1.062,11.732,26.684,46.436,66.5
2025_15_NYJ_JAX,JAX,NYJ,Brenton Strange,00-0038935,TE,anytime_td,0.148,0.0,0.0,0.0,0.0,1.0
2025_15_NYJ_JAX,JAX,NYJ,Brian Thomas Jr.,00-0039893,WR,car,0.173,0.0,0.0,0.0,0.0,0.0
2025_15_NYJ_JAX,JAX,NYJ,Brian Thomas Jr.,00-0039893,WR,rush_yds,1.09,0.0,0.0,0.0,0.0,0.0
2025_15_NYJ_JAX,JAX,NYJ,Brian Thomas Jr.,00-0039893,WR,tgt,5.044,2.0,3.0,5.0,7.0,9.0
2025_15_NYJ_JAX,JAX,NYJ,Brian Thomas Jr.,00-0039893,WR,rec,3.036,1.0,2.0,3.0,4.0,6.0
2025_15_NYJ_JAX,JAX,NYJ,Brian Thomas Jr.,00-0039893,WR,rec_yds,43.987,5.17,17.333,36.686,62.742,91.422
2025_15_NYJ_JAX,JAX,NYJ,Brian Thomas Jr.,00-0039893,WR,anytime_td,0.194,0.0,0.0,0.0,0.0,1.0
2025_15_NYJ_JAX,JAX,NYJ,Travis Etienne,00-0036973,RB,car,15.855,8.0,11.0,15.0,20.0,25.0
2025_15_NYJ_JAX,JAX,NYJ,Travis Etienne,00-0036973,RB,rush_yds,70.895,24.142,40.061,63.605,94.285,126.924
2025_15_NYJ_JAX,JAX,NYJ,Travis Etienne,00-0036973,RB,tgt,2.289,0.0,1.0,2.0,3.0,5.0
2025_15_NYJ_JAX,JAX,NYJ,Travis Etienne,00-0036973,RB,rec,1.727,0.0,1.0,1.0,3.0,4.0
2025_15_NYJ_JAX,JAX,NYJ,Travis Etienne,00-0036973,RB,rec_yds,13.204,0.0,0.0,8.729,19.85,34.548
2025_15_NYJ_JAX,JAX,NYJ,Travis Etienne,00-0036973,RB,anytime_td,0.469,0.0,0.0,0.0,1.0,1.0
2025_15_NYJ_JAX,JAX,NYJ,Parker Washington,00-0038606,WR,car,0.472,0.0,0.0,0.0,0.0,2.0
2025_15_NYJ_JAX,JAX,NYJ,Parker Washington,00-0038606,WR,rush_yds,2.692,0.0,0.0,0.0,0.0,8.648
2025_15_NYJ_JAX,JAX,NYJ,Parker Washington,00-0038606,WR,tgt,4.26,1.0,2.0,4.0,6.0,8.0
2025_15_NYJ_JAX,JAX,NYJ,Parker Washington,00-0038606,WR,rec,2.627,0.0,1.0,2.0,4.0,5.0
2025_15_NYJ_JAX,JAX,NYJ,Parker Washington,00-0038606,WR,rec_yds,33.995,0.0,11.333,27.311,49.799,75.131
2025_15_NYJ_JAX,JAX,NYJ,Parker Washington,00-0038606,WR,anytime_td,0.263,0.0,0.0,0.0,1.0,1.0
2025_15_NYJ_JAX,JAX,NYJ,Tim Patrick,00-0033375,WR,car,0.009,0.0,0.0,0.0,0.0,0.0
2025_15_NYJ_JAX,JAX,NYJ,Tim Patrick,00-0033375,WR,rush_yds,0.049,0.0,0.0,0.0,0.0,0.0
2025_15_NYJ_JAX,JAX,NYJ,Tim Patrick,00-0033375,WR,tgt,1.969,0.0,1.0,2.0,3.0,4.0
2025_15_NYJ_JAX,JAX,NYJ,Tim Patrick,00-0033375,WR,rec,1.262,0.0,0.0,1.0,2.0,3.0
2025_15_NYJ_JAX,JAX,NYJ,Tim Patrick,00-0033375,WR,rec_yds,16.263,0.0,0.0,9.441,24.182,43.718
2025_15_NYJ_JAX,JAX,NYJ,Tim Patrick,00-0033375,WR,anytime_td,0.197,0.0,0.0,0.0,0.0,1.0
2025_15_NYJ_JAX,JAX,NYJ,LeQuint Allen Jr.,00-0040238,RB,car,1.374,0.0,0.0,0.0,2.0,4.0
2025_15_NYJ_JAX,JAX,NYJ,LeQuint Allen Jr.,00-0040238,RB,rush_yds,6.261,0.0,0.0,0.0,7.442,19.663
2025_15_NYJ_JAX,JAX,NYJ,LeQuint Allen Jr.,00-0040238,RB,tgt,0.647,0.0,0.0,0.0,1.0,2.0
2025_15_NYJ_JAX,JAX,NYJ,LeQuint Allen Jr.,00-0040238,RB,rec,0.523,0.0,0.0,0.0,1.0,2.0
2025_15_NYJ_JAX,JAX,NYJ,LeQuint Allen Jr.,00-0040238,RB,rec_yds,3.863,0.0,0.0,0.0,4.501,13.251
2025_15_NYJ_JAX,JAX,NYJ,LeQuint Allen Jr.,00-0040238,RB,anytime_td,0.02,0.0,0.0,0.0,0.0,0.0
2025_15_NYJ_JAX,JAX,NYJ,Quintin Morris,00-0036590,TE,car,0.003,0.0,0.0,0.0,0.0,0.0
2025_15_NYJ_JAX,JAX,NYJ,Quintin Morris,00-0036590,TE,rush_yds,0.001,0.0,0.0,0.0,0.0,0.0
2025_15_NYJ_JAX,JAX,NYJ,Quintin Morris,00-0036590,TE,tgt,0.672,0.0,0.0,0.0,1.0,2.0
2025_15_NYJ_JAX,JAX,NYJ,Quintin Morris,00-0036590,TE,rec,0.477,0.0,0.0,0.0,1.0,1.0
2025_15_NYJ_JAX,JAX,NYJ,Quintin Morris,00-0036590,TE,rec_yds,4.924,0.0,0.0,0.0,6.375,16.942
2025_15_NYJ_JAX,JAX,NYJ,Quintin Morris,00-0036590,TE,anytime_td,0.009,0.0,0.0,0.0,0.0,0.0
2025_15_NYJ_JAX,JAX,NYJ,Johnny Mundt,00-0033246,TE,car,0.004,0.0,0.0,0.0,0.0,0.0
2025_15_NYJ_JAX,JAX,NYJ,Johnny Mundt,00-0033246,TE,rush_yds,0.008,0.0,0.0,0.0,0.0,0.0
2025_15_NYJ_JAX,JAX,NYJ,Johnny Mundt,00-0033246,TE,tgt,1.257,0.0,0.0,1.0,2.0,3.0
2025_15_NYJ_JAX,JAX,NYJ,Johnny Mundt,00-0033246,TE,rec,0.859,0.0,0.0,1.0,1.0,2.0
2025_15_NYJ_JAX,JAX,NYJ,Johnny Mundt,00-0033246,TE,rec_yds,9.195,0.0,0.0,1.116,13.967,27.533
2025_15_NYJ_JAX,JAX,NYJ,Johnny Mundt,00-0033246,TE,anytime_td,0.021,0.0,0.0,0.0,0.0,0.0
2025_15_NYJ_JAX,JAX,NYJ,Bhayshul Tuten,00-0040719,RB,car,6.436,1.0,3.0,6.0,9.0,13.0
2025_15_NYJ_JAX,JAX,NYJ,Bhayshul Tuten,00-0040719,RB,rush_yds,27.343,2.086,8.66,20.737,38.756,60.205
2025_15_NYJ_JAX,JAX,NYJ,Bhayshul Tuten,00-0040719,RB,tgt,0.758,0.0,0.0,0.0,1.0,2.0
2025_15_NYJ_JAX,JAX,NYJ,Bhayshul Tuten,00-0040719,RB,rec,0.593,0.0,0.0,0.0,1.0,2.0
2025_15_NYJ_JAX,JAX,NYJ,Bhayshul Tuten,00-0040719,RB,rec_yds,4.327,0.0,0.0,0.0,5.433,14.963
2025_15_NYJ_JAX,JAX,NYJ,Bhayshul Tuten,00-0040719,RB,anytime_td,0.252,0.0,0.0,0.0,1.0,1.0
2025_15_NYJ_JAX,JAX,NYJ,Dyami Brown,00-0036626,WR,car,0.297,0.0,0.0,0.0,0.0,1.0
2025_15_NYJ_JAX,JAX,NYJ,Dyami Brown,00-0036626,WR,rush_yds,1.88,0.0,0.0,0.0,0.0,2.334
2025_15_NYJ_JAX,JAX,NYJ,Dyami Brown,00-0036626,WR,tgt,2.119,0.0,1.0,2.0,3.0,5.0
2025_15_NYJ_JAX,JAX,NYJ,Dyami Brown,00-0036626,WR,rec,1.272,0.0,0.0,1.0,2.0,3.0
2025_15_NYJ_JAX,JAX,NYJ,Dyami Brown,00-0036626,WR,rec_yds,16.107,0.0,0.0,9.416,24.451,43.385
2025_15_NYJ_JAX,JAX,NYJ,Dyami Brown,00-0036626,WR,anytime_td,0.081,0.0,0.0,0.0,0.0,0.0
2025_15_NYJ_JAX,NYJ,JAX,Brady Cook,00-0040398,QB,att,30.245,20.0,26.0,31.0,36.0,41.0
2025_15_NYJ_JAX,NYJ,JAX,Brady Cook,00-0040398,QB,cmp,18.159,11.0,15.0,18.0,22.0,26.0
2025_15_NYJ_JAX,NYJ,JAX,Brady Cook,00-0040398,QB,pass_yds,183.575,108.734,144.073,183.78,224.151,266.01
2025_15_NYJ_JAX,NYJ,JAX,Brady Cook,00-0040398,QB,pass_td,0.879,0.0,0.0,1.0,1.0,2.0
2025_15_NYJ_JAX,NYJ,JAX,Brady Cook,00-0040398,QB,ints,0.757,0.0,0.0,1.0,1.0,2.0
2025_15_NYJ_JAX,NYJ,JAX,Brady Cook,00-0040398,QB,car,2.572,0.0,1.0,2.0,4.0,5.0
2025_15_NYJ_JAX,NYJ,JAX,Brady Cook,00-0040398,QB,rush_yds,11.604,-0.003,0.0,7.977,17.951,29.921
2025_15_NYJ_JAX,NYJ,JAX,Brady Cook,00-0040398,QB,tgt,0.001,0.0,0.0,0.0,0.0,0.0
2025_15_NYJ_JAX,NYJ,JAX,Brady Cook,00-0040398,QB,rec,0.001,0.0,0.0,0.0,0.0,0.0
2025_15_NYJ_JAX,NYJ,JAX,Brady Cook,00-0040398,QB,rec_yds,0.003,0.0,0.0,0.0,0.0,0.0
2025_15_NYJ_JAX,NYJ,JAX,Brady Cook,00-0040398,QB,anytime_td,0.04,0.0,0.0,0.0,0.0,0.0
2025_15_NYJ_JAX,NYJ,JAX,Adonai Mitchell,00-0039890,WR,car,0.026,0.0,0.0,0.0,0.0,0.0
2025_15_NYJ_JAX,NYJ,JAX,Adonai Mitchell,00-0039890,WR,rush_yds,0.142,0.0,0.0,0.0,0.0,0.0
2025_15_NYJ_JAX,NYJ,JAX,Adonai Mitchell,00-0039890,WR,tgt,6.213,2.0,4.0,6.0,8.0,10.0
2025_15_NYJ_JAX,NYJ,JAX,Adonai Mitchell,00-0039890,WR,rec,3.16,1.0,2.0,3.0,4.0,6.0
2025_15_NYJ_JAX,NYJ,JAX,Adonai Mitchell,00-0039890,WR,rec_yds,39.915,5.661,16.274,34.079,57.896,81.24
2025_15_NYJ_JAX,NYJ,JAX,Adonai Mitchell,00-0039890,WR,anytime_td,0.116,0.0,0.0,0.0,0.0,1.0
2025_15_NYJ_JAX,NYJ,JAX,Jeremy Ruckert,00-0037805,TE,car,0.002,0.0,0.0,0.0,0.0,0.0
2025_15_NYJ_JAX,NYJ,JAX,Jeremy Ruckert,00-0037805,TE,rush_yds,0.003,0.0,0.0,0.0,0.0,0.0
2025_15_NYJ_JAX,NYJ,JAX,Jeremy Ruckert,00-0037805,TE,tgt,2.498,0.0,1.0,2.0,4.0,5.0
2025_15_NYJ_JAX,NYJ,JAX,Jeremy Ruckert,00-0037805,TE,rec,1.76,0.0,1.0,1.0,3.0,4.0
2025_15_NYJ_JAX,NYJ,JAX,Jeremy Ruckert,00-0037805,TE,rec_yds,16.183,0.0,1.729,11.148,24.636,40.101
2025_15_NYJ_JAX,NYJ,JAX,Jeremy Ruckert,00-0037805,TE,anytime_td,0.041,0.0,0.0,0.0,0.0,0.0
2025_15_NYJ_JAX,NYJ,JAX,John Metchie III,00-0037614,WR,car,0.223,0.0,0.0,0.0,0.0,1.0
2025_15_NYJ_JAX,NYJ,JAX,John Metchie III,00-0037614,WR,rush_yds,1.105,0.0,0.0,0.0,0.0,0.0
2025_15_NYJ_JAX,NYJ,JAX,John Metchie III,00-0037614,WR,tgt,5.669,2.0,3.0,5.0,7.0,10.0
2025_15_NYJ_JAX,NYJ,JAX,John Metchie III,00-0037614,WR,rec,3.423,1.0,2.0,3.0,5.0,6.0
2025_15_NYJ_JAX,NYJ,JAX,John Metchie III,00-0037614,WR,rec_yds,37.157,5.64,16.111,31.823,52.324,74.819
2025_15_NYJ_JAX,NYJ,JAX,John Metchie III,00-0037614,WR,anytime_td,0.155,0.0,0.0,0.0,0.0,1.0
2025_15_NYJ_JAX,NYJ,JAX,Isaiah Williams,00-0039451,WR,car,0.194,0.0,0.0,0.0,0.0,0.0
2025_15_NYJ_JAX,NYJ,JAX,Isaiah Williams,00-0039451,WR,rush_yds,0.991,0.0,0.0,0.0,0.0,0.0
2025_15_NYJ_JAX,NYJ,JAX,Isaiah Williams,00-0039451,WR,tgt,2.38,0.0,1.0,2.0,3.0,5.0
2025_15_NYJ_JAX,NYJ,JAX,Isaiah Williams,00-0039451,WR,rec,1.377,0.0,0.0,1.0,2.0,3.0
2025_15_NYJ_JAX,NYJ,JAX,Isaiah Williams,00-0039451,WR,rec_yds,15.936,0.0,0.0,9.768,23.866,41.647
2025_15_NYJ_JAX,NYJ,JAX,Isaiah Williams,00-0039451,WR,anytime_td,0.027,0.0,0.0,0.0,0.0,0.0
2025_15_NYJ_JAX,NYJ,JAX,Breece Hall,00-0038120,RB,car,14.12,7.0,10.0,14.0,18.0,22.0
2025_15_NYJ_JAX,NYJ,JAX,Breece Hall,00-0038120,RB,rush_yds,51.41,16.911,28.63,46.269,67.236,92.457
2025_15_NYJ_JAX,NYJ,JAX,Breece Hall,00-0038120,RB,tgt,3.457,1.0,2.0,3.0,5.0,7.0
2025_15_NYJ_JAX,NYJ,JAX,Breece Hall,00-0038120,RB,rec,2.554,0.0,1.0,2.0,4.0,5.0
2025_15_NYJ_JAX,NYJ,JAX,Breece Hall,00-0038120,RB,rec_yds,20.652,0.0,5.391,15.343,29.946,48.395
2025_15_NYJ_JAX,NYJ,JAX,Breece Hall,00-0038120,RB,anytime_td,0.297,0.0,0.0,0.0,1.0,1.0
2025_15_NYJ_JAX,NYJ,JAX,Isaiah Davis,00-0039798,RB,car,2.307,0.0,0.0,1.0,3.0,6.0
2025_15_NYJ_JAX,NYJ,JAX,Isaiah Davis,00-0039798,RB,rush_yds,8.994,0.0,0.0,3.864,12.221,25.045
2025_15_NYJ_JAX,NYJ,JAX,Isaiah Davis,00-0039798,RB,tgt,1.888,0.0,1.0,2.0,3.0,4.0
2025_15_NYJ_JAX,NYJ,JAX,Isaiah Davis,00-0039798,RB,rec,1.345,0.0,0.0,1.0,2.0,3.0
2025_15_NYJ_JAX,NYJ,JAX,Isaiah Davis,00-0039798,RB,rec_yds,9.699,0.0,0.0,5.195,14.324,27.16
2025_15_NYJ_JAX,NYJ,JAX,Isaiah Davis,00-0039798,RB,anytime_td,0.048,0.0,0.0,0.0,0.0,0.0
2025_15_NYJ_JAX,NYJ,JAX,Jelani Woods,00-0037755,TE,car,0.003,0.0,0.0,0.0,0.0,0.0
2025_15_NYJ_JAX,NYJ,JAX,Jelani Woods,00-0037755,TE,rush_yds,0.007,0.0,0.0,0.0,0.0,0.0
2025_15_NYJ_JAX,NYJ,JAX,Jelani Woods,00-0037755,TE,tgt,2.384,0.0,1.0,2.0,3.0,5.0
2025_15_NYJ_JAX,NYJ,JAX,Jelani Woods,00-0037755,TE,rec,1.588,0.0,0.0,1.0,2.0,4.0
2025_15_NYJ_JAX,NYJ,JAX,Jelani Woods,00-0037755,TE,rec_yds,16.0,0.0,0.0,11.38,24.495,39.345
2025_15_NYJ_JAX,NYJ,JAX,Jelani Woods,00-0037755,TE,anytime_td,0.042,0.0,0.0,0.0,0.0,0.0
2025_15_NYJ_JAX,NYJ,JAX,Allen Lazard,00-0034521,WR,car,0.012,0.0,0.0,0.0,0.0,0.0
2025_15_NYJ_JAX,NYJ,JAX,Allen Lazard,00-0034521,WR,rush_yds,0.062,0.0,0.0,0.0,0.0,0.0
2025_15_NYJ_JAX,NYJ,JAX,Allen Lazard,00-0034521,WR,tgt,2.51,0.0,1.0,2.0,4.0,5.0
2025_15_NYJ_JAX,NYJ,JAX,Allen Lazard,00-0034521,WR,rec,1.456,0.0,0.0,1.0,2.0,3.0
2025_15_NYJ_JAX,NYJ,JAX,Allen Lazard,00-0034521,WR,rec_yds,16.903,0.0,0.0,10.846,25.941,43.661
2025_15_NYJ_JAX,NYJ,JAX,Allen Lazard,00-0034521,WR,anytime_td,0.08,0.0,0.0,0.0,0.0,0.0
2025_15_NYJ_JAX,NYJ,JAX,Andrew Beck,00-0034959,RB,car,0.207,0.0,0.0,0.0,0.0,1.0
2025_15_NYJ_JAX,NYJ,JAX,Andrew Beck,00-0034959,RB,rush_yds,0.759,0.0,0.0,0.0,0.0,0.0
2025_15_NYJ_JAX,NYJ,JAX,Andrew Beck,00-0034959,RB,tgt,0.733,0.0,0.0,0.0,1.0,2.0
2025_15_NYJ_JAX,NYJ,JAX,Andrew Beck,00-0034959,RB,rec,0.549,0.0,0.0,0.0,1.0,2.0
2025_15_NYJ_JAX,NYJ,JAX,Andrew Beck,00-0034959,RB,rec_yds,3.926,0.0,0.0,0.0,4.95,13.516
2025_15_NYJ_JAX,NYJ,JAX,Andrew Beck,00-0034959,RB,anytime_td,0.032,0.0,0.0,0.0,0.0,0.0
2025_15_NYJ_JAX,NYJ,JAX,Stone Smartt,00-0037475,TE,car,0.004,0.0,0.0,0.0,0.0,0.0
2025_15_NYJ_JAX,NYJ,JAX,Stone Smartt,00-0037475,TE,rush_yds,0.006,0.0,0.0,0.0,0.0,0.0
2025_15_NYJ_JAX,NYJ,JAX,Stone Smartt,00-0037475,TE,tgt,0.95,0.0,0.0,1.0,1.0,3.0
2025_15_NYJ_JAX,NYJ,JAX,Stone Smartt,00-0037475,TE,rec,0.634,0.0,0.0,0.0,1.0,2.0
2025_15_NYJ_JAX,NYJ,JAX,Stone Smartt,00-0037475,TE,rec_yds,6.24,0.0,0.0,0.0,8.988,20.671
2025_15_NYJ_JAX,NYJ,JAX,Stone Smartt,00-0037475,TE,anytime_td,0.011,0.0,0.0,0.0,0.0,0.0
2025_15_NYJ_JAX,NYJ,JAX,Arian Smith,00-0040582,WR,car,0.249,0.0,0.0,0.0,0.0,1.0
2025_15_NYJ_JAX,NYJ,JAX,Arian Smith,00-0040582,WR,rush_yds,1.251,0.0,0.0,0.0,0.0,0.871
2025_15_NYJ_JAX,NYJ,JAX,Arian Smith,00-0040582,WR,tgt,1.024,0.0,0.0,1.0,2.0,3.0
2025_15_NYJ_JAX,NYJ,JAX,Arian Smith,00-0040582,WR,rec,0.596,0.0,0.0,0.0,1.0,2.0
2025_15_NYJ_JAX,NYJ,JAX,Arian Smith,00-0040582,WR,rec_yds,7.129,0.0,0.0,0.0,9.767,23.596
2025_15_NYJ_JAX,NYJ,JAX,Arian Smith,00-0040582,WR,anytime_td,0.009,0.0,0.0,0.0,0.0,0.0
2025_15_NYJ_JAX,NYJ,JAX,Khalil Herbert,00-0036906,RB,car,4.107,0.0,1.0,3.0,6.0,9.0
2025_15_NYJ_JAX,NYJ,JAX,Khalil Herbert,00-0036906,RB,rush_yds,15.273,0.0,3.109,10.097,21.702,37.324
2025_15_NYJ_JAX,NYJ,JAX,Khalil Herbert,00-0036906,RB,tgt,1.322,0.0,0.0,1.0,2.0,3.0
2025_15_NYJ_JAX,NYJ,JAX,Khalil Herbert,00-0036906,RB,rec,0.985,0.0,0.0,1.0,2.0,3.0
2025_15_NYJ_JAX,NYJ,JAX,Khalil Herbert,00-0036906,RB,rec_yds,6.721,0.0,0.0,1.135,9.732,20.742
2025_15_NYJ_JAX,NYJ,JAX,Khalil Herbert,00-0036906,RB,anytime_td,0.096,0.0,0.0,0.0,0.0,0.0
2025_15_TEN_SF,SF,TEN,Brock Purdy,00-0037834,QB,att,29.385,19.0,25.0,30.0,35.0,40.0
2025_15_TEN_SF,SF,TEN,Brock Purdy,00-0037834,QB,cmp,19.935,12.0,16.0,20.0,24.0,28.0
2025_15_TEN_SF,SF,TEN,Brock Purdy,00-0037834,QB,pass_yds,233.765,137.38,186.488,234.565,285.721,336.143
2025_15_TEN_SF,SF,TEN,Brock Purdy,00-0037834,QB,pass_td,1.686,0.0,1.0,2.0,2.0,3.0
2025_15_TEN_SF,SF,TEN,Brock Purdy,00-0037834,QB,ints,0.634,0.0,0.0,0.0,1.0,2.0
2025_15_TEN_SF,SF,TEN,Brock Purdy,00-0037834,QB,car,3.76,1.0,2.0,3.0,5.0,7.0
2025_15_TEN_SF,SF,TEN,Brock Purdy,00-0037834,QB,rush_yds,14.099,-1.0,1.909,9.755,21.406,35.886
2025_15_TEN_SF,SF,TEN,Brock Purdy,00-0037834,QB,tgt,0.001,0.0,0.0,0.0,0.0,0.0
2025_15_TEN_SF,SF,TEN,Brock Purdy,00-0037834,QB,rec,0.001,0.0,0.0,0.0,0.0,0.0
2025_15_TEN_SF,SF,TEN,Brock Purdy,00-0037834,QB,rec_yds,0.008,0.0,0.0,0.0,0.0,0.0
2025_15_TEN_SF,SF,TEN,Brock Purdy,00-0037834,QB,anytime_td,0.254,0.0,0.0,0.0,1.0,1.0
2025_15_TEN_SF,SF,TEN,George Kittle,00-0033288,TE,car,0.094,0.0,0.0,0.0,0.0,0.0
2025_15_TEN_SF,SF,TEN,George Kittle,00-0033288,TE,rush_yds,0.233,0.0,0.0,0.0,0.0,0.0
2025_15_TEN_SF,SF,TEN,George Kittle,00-0033288,TE,tgt,5.534,2.0,3.0,5.0,7.0,10.0
2025_15_TEN_SF,SF,TEN,George Kittle,00-0033288,TE,rec,4.213,1.0,2.0,4.0,6.0,8.0
2025_15_TEN_SF,SF,TEN,George Kittle,00-0033288,TE,rec_yds,51.578,10.699,25.705,45.422,71.357,100.395
2025_15_TEN_SF,SF,TEN,George Kittle,00-0033288,TE,anytime_td,0.36,0.0,0.0,0.0,1.0,1.0
2025_15_TEN_SF,SF,TEN,Christian McCaffrey,00-0033280,RB,car,17.685,10.0,13.0,17.0,22.0,26.0
2025_15_TEN_SF,SF,TEN,Christian McCaffrey,00-0033280,RB,rush_yds,76.725,30.577,46.476,69.901,99.015,132.939
2025_15_TEN_SF,SF,TEN,Christian McCaffrey,00-0033280,RB,tgt,6.074,2.0,4.0,6.0,8.0,10.0
2025_15_TEN_SF,SF,TEN,Christian McCaffrey,00-0033280,RB,rec,4.889,2.0,3.0,5.0,6.0,8.0
2025_15_TEN_SF,SF,TEN,Christian McCaffrey,00-0033280,RB,rec_yds,44.651,9.429,21.329,38.598,61.697,87.972
2025_15_TEN_SF,SF,TEN,Christian McCaffrey,00-0033280,RB,anytime_td,0.649,0.0,0.0,1.0,1.0,1.0
2025_15_TEN_SF,SF,TEN,Jauan Jennings,00-0036259,WR,car,0.007,0.0,0.0,0.0,0.0,0.0
2025_15_TEN_SF,SF,TEN,Jauan Jennings,00-0036259,WR,rush_yds,0.041,0.0,0.0,0.0,0.0,0.0
2025_15_TEN_SF,SF,TEN,Jauan Jennings,00-0036259,WR,tgt,5.609,2.0,3.0,5.0,7.0,10.0
2025_15_TEN_SF,SF,TEN,Jauan Jennings,00-0036259,WR,rec,3.546,1.0,2.0,3.0,5.0,6.0
2025_15_TEN_SF,SF,TEN,Jauan Jennings,00-0036259,WR,rec_yds,45.561,7.477,19.667,38.403,64.998,91.634
2025_15_TEN_SF,SF,TEN,Jauan Jennings,00-0036259,WR,anytime_td,0.36,0.0,0.0,0.0,1.0,1.0
2025_15_TEN_SF,SF,TEN,Kyle Juszczyk,00-0029892,RB,car,0.34,0.0,0.0,0.0,0.0,1.0
2025_15_TEN_SF,SF,TEN,Kyle Juszczyk,00-0029892,RB,rush_yds,1.683,0.0,0.0,0.0,0.0,3.403
2025_15_TEN_SF,SF,TEN,Kyle Juszczyk,00-0029892,RB,tgt,1.442,0.0,0.0,1.0,2.0,3.0
2025_15_TEN_SF,SF,TEN,Kyle Juszczyk,00-0029892,RB,rec,1.132,0.0,0.0,1.0,2.0,3.0
2025_15_TEN_SF,SF,TEN,Kyle Juszczyk,00-0029892,RB,rec_yds,10.088,0.0,0.0,4.106,15.139,29.291
2025_15_TEN_SF,SF,TEN,Kyle Juszczyk,00-0029892,RB,anytime_td,0.08,0.0,0.0,0.0,0.0,0.0
2025_15_TEN_SF,SF,TEN,Ricky Pearsall,00-0039916,WR,car,0.286,0.0,0.0,0.0,0.0,1.0
2025_15_TEN_SF,SF,TEN,Ricky Pearsall,00-0039916,WR,rush_yds,1.616,0.0,0.0,0.0,0.0,2.253
2025_15_TEN_SF,SF,TEN,Ricky Pearsall,00-0039916,WR,tgt,4.139,1.0,2.0,4.0,6.0,8.0
2025_15_TEN_SF,SF,TEN,Ricky Pearsall,00-0039916,WR,rec,2.674,1.0,1.0,2.0,4.0,5.0
2025_15_TEN_SF,SF,TEN,Ricky Pearsall,00-0039916,WR,rec_yds,37.543,0.0,13.214,30.526,54.688,81.158
2025_15_TEN_SF,SF,TEN,Ricky Pearsall,00-0039916,WR,anytime_td,0.122,0.0,0.0,0.0,0.0,1.0
2025_15_TEN_SF,SF,TEN,Kendrick Bourne,00-0033307,WR,car,0.011,0.0,0.0,0.0,0.0,0.0
2025_15_TEN_SF,SF,TEN,Kendrick Bourne,00-0033307,WR,rush_yds,0.089,0.0,0.0,0.0,0.0,0.0
2025_15_TEN_SF,SF,TEN,Kendrick Bourne,00-0033307,WR,tgt,2.266,0.0,1.0,2.0,3.0,5.0
2025_15_TEN_SF,SF,TEN,Kendrick Bourne,00-0033307,WR,rec,1.484,0.0,0.0,1.0,2.0,3.0
2025_15_TEN_SF,SF,TEN,Kendrick Bourne,00-0033307,WR,rec_yds,21.751,0.0,0.0,14.038,33.487,56.144
2025_15_TEN_SF,SF,TEN,Kendrick Bourne,00-0033307,WR,anytime_td,0.039,0.0,0.0,0.0,0.0,0.0
2025_15_TEN_SF,SF,TEN,Demarcus Robinson,00-0032775,WR,car,0.154,0.0,0.0,0.0,0.0,0.0
2025_15_TEN_SF,SF,TEN,Demarcus Robinson,00-0032775,WR,rush_yds,0.964,0.0,0.0,0.0,0.0,0.0
2025_15_TEN_SF,SF,TEN,Demarcus Robinson,00-0032775,WR,tgt,1.996,0.0,1.0,2.0,3.0,4.0
2025_15_TEN_SF,SF,TEN,Demarcus Robinson,00-0032775,WR,rec,1.176,0.0,0.0,1.0,2.0,3.0
2025_15_TEN_SF,SF,TEN,Demarcus Robinson,00-0032775,WR,rec_yds,16.555,0.0,0.0,9.32,25.329,45.087
2025_15_TEN_SF,SF,TEN,Demarcus Robinson,00-0032775,WR,anytime_td,0.047,0.0,0.0,0.0,0.0,0.0
2025_15_TEN_SF,SF,TEN,Luke Farrell,00-0036887,TE,car,0.002,0.0,0.0,0.0,0.0,0.0
2025_15_TEN_SF,SF,TEN,Luke Farrell,00-0036887,TE,rush_yds,0.011,0.0,0.0,0.0,0.0,0.0
2025_15_TEN_SF,SF,TEN,Luke Farrell,00-0036887,TE,tgt,0.893,0.0,0.0,1.0,1.0,2.0
2025_15_TEN_SF,SF,TEN,Luke Farrell,00-0036887,TE,rec,0.639,0.0,0.0,0.0,1.0,2.0
2025_15_TEN_SF,SF,TEN,Luke Farrell,00-0036887,TE,rec_yds,7.005,0.0,0.0,0.0,9.788,23.032
2025_15_TEN_SF,SF,TEN,Luke Farrell,00-0036887,TE,anytime_td,0.094,0.0,0.0,0.0,0.0,0.0
2025_15_TEN_SF,SF,TEN,Brian Robinson,00-0037746,RB,car,6.199,1.0,3.0,5.0,9.0,12.0
2025_15_TEN_SF,SF,TEN,Brian Robinson,00-0037746,RB,rush_yds,29.325,2.127,9.377,22.426,40.97,65.182
2025_15_TEN_SF,SF,TEN,Brian Robinson,00-0037746,RB,tgt,0.704,0.0,0.0,0.0,1.0,2.0
2025_15_TEN_SF,SF,TEN,Brian Robinson,00-0037746,RB,rec,0.534,0.0,0.0,0.0,1.0,2.0
2025_15_TEN_SF,SF,TEN,Brian Robinson,00-0037746,RB,rec_yds,4.03,0.0,0.0,0.0,4.937,13.652
2025_15_TEN_SF,SF,TEN,Brian Robinson,00-0037746,RB,anytime_td,0.195,0.0,0.0,0.0,0.0,1.0
2025_15_TEN_SF,SF,TEN,Jake Tonges,00-0037112,TE,car,0.004,0.0,0.0,0.0,0.0,0.0
2025_15_TEN_SF,SF,TEN,Jake Tonges,00-0037112,TE,rush_yds,0.006,0.0,0.0,0.0,0.0,0.0
2025_15_TEN_SF,SF,TEN,Jake Tonges,00-0037112,TE,tgt,1.394,0.0,0.0,1.0,2.0,3.0
2025_15_TEN_SF,SF,TEN,Jake Tonges,00-0037112,TE,rec,0.994,0.0,0.0,1.0,2.0,3.0
2025_15_TEN_SF,SF,TEN,Jake Tonges,00-0037112,TE,rec_yds,10.737,0.0,0.0,4.748,16.551,31.401
2025_15_TEN_SF,SF,TEN,Jake Tonges,00-0037112,TE,anytime_td,0.134,0.0,0.0,0.0,0.0,1.0
2025_15_TEN_SF,TEN,SF,Cam Ward,00-0040676,QB,att,31.238,21.0,27.0,32.0,37.0,41.1
2025_15_TEN_SF,TEN,SF,Cam Ward,00-0040676,QB,cmp,19.388,12.0,16.0,20.0,23.0,27.0
2025_15_TEN_SF,TEN,SF,Cam Ward,00-0040676,QB,pass_yds,178.564,108.251,140.825,178.122,217.289,256.647
2025_15_TEN_SF,TEN,SF,Cam Ward,00-0040676,QB,pass_td,0.82,0.0,0.0,1.0,1.0,2.0
2025_15_TEN_SF,TEN,SF,Cam Ward,00-0040676,QB,ints,0.693,0.0,0.0,0.0,1.0,2.0
2025_15_TEN_SF,TEN,SF,Cam Ward,00-0040676,QB,car,2.415,0.0,1.0,2.0,3.0,5.0
2025_15_TEN_SF,TEN,SF,Cam Ward,00-0040676,QB,rush_yds,11.883,0.0,0.0,7.952,18.421,30.445
2025_15_TEN_SF,TEN,SF,Cam Ward,00-0040676,QB,tgt,0.0,0.0,0.0,0.0,0.0,0.0
2025_15_TEN_SF,TEN,SF,Cam Ward,00-0040676,QB,rec,0.0,0.0,0.0,0.0,0.0,0.0
2025_15_TEN_SF,TEN,SF,Cam Ward,00-0040676,QB,rec_yds,0.001,0.0,0.0,0.0,0.0,0.0
2025_15_TEN_SF,TEN,SF,Cam Ward,00-0040676,QB,anytime_td,0.077,0.0,0.0,0.0,0.0,0.0
2025_15_TEN_SF,TEN,SF,Elic Ayomanor,00-0040170,WR,car,0.004,0.0,0.0,0.0,0.0,0.0
2025_15_TEN_SF,TEN,SF,Elic Ayomanor,00-0040170,WR,rush_yds,0.013,0.0,0.0,0.0,0.0,0.0
2025_15_TEN_SF,TEN,SF,Elic Ayomanor,00-0040170,WR,tgt,5.57,2.0,3.0,5.0,7.0,10.0
2025_15_TEN_SF,TEN,SF,Elic Ayomanor,00-0040170,WR,rec,2.859,1.0,1.0,3.0,4.0,5.0
2025_15_TEN_SF,TEN,SF,Elic Ayomanor,00-0040170,WR,rec_yds,32.609,2.328,12.674,27.248,47.048,70.137
2025_15_TEN_SF,TEN,SF,Elic Ayomanor,00-0040170,WR,anytime_td,0.175,0.0,0.0,0.0,0.0,1.0
2025_15_TEN_SF,TEN,SF,Chimere Dike,00-0040705,WR,car,0.45,0.0,0.0,0.0,0.0,2.0
2025_15_TEN_SF,TEN,SF,Chimere Dike,00-0040705,WR,rush_yds,2.041,0.0,0.0,0.0,0.0,7.196
2025_15_TEN_SF,TEN,SF,Chimere Dike,00-0040705,WR,tgt,4.934,2.0,3.0,5.0,7.0,9.0
2025_15_TEN_SF,TEN,SF,Chimere Dike,00-0040705,WR,rec,2.955,1.0,1.75,3.0,4.0,6.0
2025_15_TEN_SF,TEN,SF,Chimere Dike,00-0040705,WR,rec_yds,29.662,2.845,11.152,24.409,42.734,63.106
2025_15_TEN_SF,TEN,SF,Chimere Dike,00-0040705,WR,anytime_td,0.223,0.0,0.0,0.0,0.0,1.0
2025_15_TEN_SF,TEN,SF,Van Jefferson,00-0036415,WR,car,0.004,0.0,0.0,0.0,0.0,0.0
2025_15_TEN_SF,TEN,SF,Van Jefferson,00-0036415,WR,rush_yds,0.029,0.0,0.0,0.0,0.0,0.0
2025_15_TEN_SF,TEN,SF,Van Jefferson,00-0036415,WR,tgt,3.778,1.0,2.0,3.0,5.0,7.0
2025_15_TEN_SF,TEN,SF,Van Jefferson,00-0036415,WR,rec,2.141,0.0,1.0,2.0,3.0,4.0
2025_15_TEN_SF,TEN,SF,Van Jefferson,00-0036415,WR,rec_yds,23.485,0.0,6.073,17.657,34.87,53.851
2025_15_TEN_SF,TEN,SF,Van Jefferson,00-0036415,WR,anytime_td,0.107,0.0,0.0,0.0,0.0,1.0
2025_15_TEN_SF,TEN,SF,Chig Okonkwo,00-0037809,TE,car,0.009,0.0,0.0,0.0,0.0,0.0
2025_15_TEN_SF,TEN,SF,Chig Okonkwo,00-0037809,TE,rush_yds,0.021,0.0,0.0,0.0,0.0,0.0
2025_15_TEN_SF,TEN,SF,Chig Okonkwo,00-0037809,TE,tgt,4.013,1.0,2.0,4.0,5.0,7.0
2025_15_TEN_SF,TEN,SF,Chig Okonkwo,00-0037809,TE,rec,2.864,0.0,1.0,3.0,4.0,6.0
2025_15_TEN_SF,TEN,SF,Chig Okonkwo,00-0037809,TE,rec_yds,27.751,0.0,10.021,23.119,40.573,58.791
2025_15_TEN_SF,TEN,SF,Chig Okonkwo,00-0037809,TE,anytime_td,0.05,0.0,0.0,0.0,0.0,0.0
2025_15_TEN_SF,TEN,SF,Tony Pollard,00-0035261,RB,car,12.481,6.0,8.0,12.0,16.0,20.0
2025_15_TEN_SF,TEN,SF,Tony Pollard,00-0035261,RB,rush_yds,48.351,14.511,25.802,42.183,64.782,89.833
2025_15_TEN_SF,TEN,SF,Tony Pollard,00-0035261,RB,tgt,2.713,0.0,1.0,2.0,4.0,6.0
2025_15_TEN_SF,TEN,SF,Tony Pollard,00-0035261,RB,rec,2.031,0.0,1.0,2.0,3.0,4.0
2025_15_TEN_SF,TEN,SF,Tony Pollard,00-0035261,RB,rec_yds,13.044,0.0,0.9,9.042,19.527,32.823
2025_15_TEN_SF,TEN,SF,Tony Pollard,00-0035261,RB,anytime_td,0.237,0.0,0.0,0.0,0.0,1.0
2025_15_TEN_SF,TEN,SF,Gunnar Helm,00-0040584,TE,car,0.002,0.0,0.0,0.0,0.0,0.0
2025_15_TEN_SF,TEN,SF,Gunnar Helm,00-0040584,TE,rush_yds,0.003,0.0,0.0,0.0,0.0,0.0
2025_15_TEN_SF,TEN,SF,Gunnar Helm,00-0040584,TE,tgt,4.062,1.0,2.0,4.0,5.0,7.0
2025_15_TEN_SF,TEN,SF,Gunnar Helm,00-0040584,TE,rec,2.911,1.0,1.0,3.0,4.0,6.0
2025_15_TEN_SF,TEN,SF,Gunnar Helm,00-0040584,TE,rec_yds,24.991,1.554,9.423,20.882,35.934,52.905
2025_15_TEN_SF,TEN,SF,Gunnar Helm,00-0040584,TE,anytime_td,0.091,0.0,0.0,0.0,0.0,0.0
2025_15_TEN_SF,TEN,SF,Tyjae Spears,00-0039032,RB,car,5.091,1.0,2.0,4.0,7.0,10.0
2025_15_TEN_SF,TEN,SF,Tyjae Spears,00-0039032,RB,rush_yds,17.889,0.642,4.708,12.559,25.103,41.249
2025_15_TEN_SF,TEN,SF,Tyjae Spears,00-0039032,RB,tgt,4.133,1.0,2.0,4.0,6.0,7.0
2025_15_TEN_SF,TEN,SF,Tyjae Spears,00-0039032,RB,rec,3.185,1.0,2.0,3.0,4.0,6.0
2025_15_TEN_SF,TEN,SF,Tyjae Spears,00-0039032,RB,rec_yds,21.483,0.0,7.198,17.159,30.971,47.593
2025_15_TEN_SF,TEN,SF,Tyjae Spears,00-0039032,RB,anytime_td,0.142,0.0,0.0,0.0,0.0,1.0
2025_15_TEN_SF,TEN,SF,James Proche,00-0036133,WR,car,0.004,0.0,0.0,0.0,0.0,0.0
2025_15_TEN_SF,TEN,SF,James Proche,00-0036133,WR,rush_yds,0.016,0.0,0.0,0.0,0.0,0.0
2025_15_TEN_SF,TEN,SF,James Proche,00-0036133,WR,tgt,1.166,0.0,0.0,1.0,2.0,3.0
2025_15_TEN_SF,TEN,SF,James Proche,00-0036133,WR,rec,0.709,0.0,0.0,0.0,1.0,2.0
2025_15_TEN_SF,TEN,SF,James Proche,00-0036133,WR,rec_yds,8.358,0.0,0.0,0.0,11.937,26.314
2025_15_TEN_SF,TEN,SF,James Proche,00-0036133,WR,anytime_td,0.01,0.0,0.0,0.0,0.0,0.0
2025_15_TEN_SF,TEN,SF,Kalel Mullings,00-0040205,RB,car,1.149,0.0,0.0,0.0,2.0,3.0
2025_15_TEN_SF,TEN,SF,Kalel Mullings,00-0040205,RB,rush_yds,4.298,0.0,0.0,0.0,4.783,13.644
2025_15_TEN_SF,TEN,SF,Kalel Mullings,00-0040205,RB,tgt,0.27,0.0,0.0,0.0,0.0,1.0
2025_15_TEN_SF,TEN,SF,Kalel Mullings,00-0040205,RB,rec,0.197,0.0,0.0,0.0,0.0,1.0
2025_15_TEN_SF,TEN,SF,Kalel Mullings,00-0040205,RB,rec_yds,1.293,0.0,0.0,0.0,0.0,4.211
2025_15_TEN_SF,TEN,SF,Kalel Mullings,00-0040205,RB,anytime_td,0.033,0.0,0.0,0.0,0.0,0.0
2025_15_TEN_SF,TEN,SF,Mason Kinsey,00-0036176,WR,car,0.006,0.0,0.0,0.0,0.0,0.0
2025_15_TEN_SF,TEN,SF,Mason Kinsey,00-0036176,WR,rush_yds,0.021,0.0,0.0,0.0,0.0,0.0
2025_15_TEN_SF,TEN,SF,Mason Kinsey,00-0036176,WR,tgt,0.667,0.0,0.0,0.0,1.0,2.0
2025_15_TEN_SF,TEN,SF,Mason Kinsey,00-0036176,WR,rec,0.384,0.0,0.0,0.0,1.0,1.0
2025_15_TEN_SF,TEN,SF,Mason Kinsey,00-0036176,WR,rec_yds,4.421,0.0,0.0,0.0,3.702,15.904
2025_15_TEN_SF,TEN,SF,Mason Kinsey,00-0036176,WR,anytime_td,0.006,0.0,0.0,0.0,0.0,0.0
2025_15_TEN_SF,TEN,SF,Julius Chestnut,00-0037594,RB,car,1.53,0.0,0.0,1.0,2.0,4.0
2025_15_TEN_SF,TEN,SF,Julius Chestnut,00-0037594,RB,rush_yds,5.782,0.0,0.0,0.701,7.4,17.648
2025_15_TEN_SF,TEN,SF,Julius Chestnut,00-0037594,RB,tgt,0.297,0.0,0.0,0.0,0.0,1.0
2025_15_TEN_SF,TEN,SF,Julius Chestnut,00-0037594,RB,rec,0.212,0.0,0.0,0.0,0.0,1.0
2025_15_TEN_SF,TEN,SF,Julius Chestnut,00-0037594,RB,rec_yds,1.345,0.0,0.0,0.0,0.0,4.942
2025_15_TEN_SF,TEN,SF,Julius Chestnut,00-0037594,RB,anytime_td,0.023,0.0,0.0,0.0,0.0,0.0
2025_15_WAS_NYG,NYG,WAS,Wan'Dale Robinson,00-0038117,WR,car,0.204,0.0,0.0,0.0,0.0,0.0
2025_15_WAS_NYG,NYG,WAS,Wan'Dale Robinson,00-0038117,WR,rush_yds,1.201,0.0,0.0,0.0,0.0,0.0
2025_15_WAS_NYG,NYG,WAS,Wan'Dale Robinson,00-0038117,WR,tgt,8.494,4.0,6.0,8.0,11.0,13.0
2025_15_WAS_NYG,NYG,WAS,Wan'Dale Robinson,00-0038117,WR,rec,5.703,2.0,4.0,5.0,7.0,9.0
2025_15_WAS_NYG,NYG,WAS,Wan'Dale Robinson,00-0038117,WR,rec_yds,65.505,21.04,38.029,60.804,86.736,116.866
2025_15_WAS_NYG,NYG,WAS,Wan'Dale Robinson,00-0038117,WR,anytime_td,0.23,0.0,0.0,0.0,0.0,1.0
2025_15_WAS_NYG,NYG,WAS,Jaxson Dart,00-0040691,QB,att,27.585,18.0,23.0,28.0,33.0,38.0
2025_15_WAS_NYG,NYG,WAS,Jaxson Dart,00-0040691,QB,cmp,18.083,11.0,15.0,18.0,22.0,25.0
2025_15_WAS_NYG,NYG,WAS,Jaxson Dart,00-0040691,QB,pass_yds,204.774,124.223,161.668,203.822,250.084,294.162
2025_15_WAS_NYG,NYG,WAS,Jaxson Dart,00-0040691,QB,pass_td,1.325,0.0,0.0,1.0,2.0,3.0
2025_15_WAS_NYG,NYG,WAS,Jaxson Dart,00-0040691,QB,ints,0.528,0.0,0.0,0.0,1.0,2.0
2025_15_WAS_NYG,NYG,WAS,Jaxson Dart,00-0040691,QB,car,7.069,2.0,4.0,6.0,9.0,13.0
2025_15_WAS_NYG,NYG,WAS,Jaxson Dart,00-0040691,QB,rush_yds,32.89,4.21,13.707,27.586,46.264,66.713
2025_15_WAS_NYG,NYG,WAS,Jaxson Dart,00-0040691,QB,tgt,0.0,0.0,0.0,0.0,0.0,0.0
2025_15_WAS_NYG,NYG,WAS,Jaxson Dart,00-0040691,QB,rec,0.0,0.0,0.0,0.0,0.0,0.0
2025_15_WAS_NYG,NYG,WAS,Jaxson Dart,00-0040691,QB,rec_yds,0.002,0.0,0.0,0.0,0.0,0.0
2025_15_WAS_NYG,NYG,WAS,Jaxson Dart,00-0040691,QB,anytime_td,0.394,0.0,0.0,0.0,1.0,1.0
2025_15_WAS_NYG,NYG,WAS,Isaiah Hodgins,00-0036165,WR,car,0.008,0.0,0.0,0.0,0.0,0.0
2025_15_WAS_NYG,NYG,WAS,Isaiah Hodgins,00-0036165,WR,rush_yds,0.054,0.0,0.0,0.0,0.0,0.0
2025_15_WAS_NYG,NYG,WAS,Isaiah Hodgins,00-0036165,WR,tgt,2.917,1.0,1.0,3.0,4.0,6.0
2025_15_WAS_NYG,NYG,WAS,Isaiah Hodgins,00-0036165,WR,rec,1.882,0.0,1.0,2.0,3.0,4.0
2025_15_WAS_NYG,NYG,WAS,Isaiah Hodgins,00-0036165,WR,rec_yds,23.692,0.0,4.508,17.101,34.852,58.203
2025_15_WAS_NYG,NYG,WAS,Isaiah Hodgins,00-0036165,WR,anytime_td,0.171,0.0,0.0,0.0,0.0,1.0
2025_15_WAS_NYG,NYG,WAS,Darius Slayton,00-0035535,WR,car,0.038,0.0,0.0,0.0,0.0,0.0
2025_15_WAS_NYG,NYG,WAS,Darius Slayton,00-0035535,WR,rush_yds,0.264,0.0,0.0,0.0,0.0,0.0
2025_15_WAS_NYG,NYG,WAS,Darius Slayton,00-0035535,WR,tgt,3.655,1.0,2.0,3.0,5.0,7.0
2025_15_WAS_NYG,NYG,WAS,Darius Slayton,00-0035535,WR,rec,2.394,0.0,1.0,2.0,3.0,5.0
2025_15_WAS_NYG,NYG,WAS,Darius Slayton,00-0035535,WR,rec_yds,33.28,0.0,10.863,26.601,48.606,74.088
2025_15_WAS_NYG,NYG,WAS,Darius Slayton,00-0035535,WR,anytime_td,0.169,0.0,0.0,0.0,0.0,1.0
2025_15_WAS_NYG,NYG,WAS,Theo Johnson,00-0039847,TE,car,0.002,0.0,0.0,0.0,0.0,0.0
2025_15_WAS_NYG,NYG,WAS,Theo Johnson,00-0039847,TE,rush_yds,0.002,0.0,0.0,0.0,0.0,0.0
2025_15_WAS_NYG,NYG,WAS,Theo Johnson,00-0039847,TE,tgt,5.298,2.0,3.0,5.0,7.0,9.0
2025_15_WAS_NYG,NYG,WAS,Theo Johnson,00-0039847,TE,rec,3.617,1.0,2.0,3.0,5.0,7.0
2025_15_WAS_NYG,NYG,WAS,Theo Johnson,00-0039847,TE,rec_yds,40.026,7.408,18.242,34.895,56.009,79.003
2025_15_WAS_NYG,NYG,WAS,Theo Johnson,00-0039847,TE,anytime_td,0.256,0.0,0.0,0.0,1.0,1.0
2025_15_WAS_NYG,NYG,WAS,Tyrone Tracy Jr.,00-0039384,RB,car,13.466,6.0,9.0,13.0,17.0,22.0
2025_15_WAS_NYG,NYG,WAS,Tyrone Tracy Jr.,00-0039384,RB,rush_yds,60.496,18.616,32.056,52.753,79.98,112.798
2025_15_WAS_NYG,NYG,WAS,Tyrone Tracy Jr.,00-0039384,RB,tgt,2.52,0.0,1.0,2.0,4.0,5.0
2025_15_WAS_NYG,NYG,WAS,Tyrone Tracy Jr.,00-0039384,RB,rec,2.017,0.0,1.0,2.0,3.0,4.0
2025_15_WAS_NYG,NYG,WAS,Tyrone Tracy Jr.,00-0039384,RB,rec_yds,16.706,0.0,1.964,11.257,24.481,42.029
2025_15_WAS_NYG,NYG,WAS,Tyrone Tracy Jr.,00-0039384,RB,anytime_td,0.174,0.0,0.0,0.0,0.0,1.0
2025_15_WAS_NYG,NYG,WAS,Daniel Bellinger,00-0038115,TE,car,0.003,0.0,0.0,0.0,0.0,0.0
2025_15_WAS_NYG,NYG,WAS,Daniel Bellinger,00-0038115,TE,rush_yds,0.009,0.0,0.0,0.0,0.0,0.0
2025_15_WAS_NYG,NYG,WAS,Daniel Bellinger,00-0038115,TE,tgt,1.377,0.0,0.0,1.0,2.0,3.0
2025_15_WAS_NYG,NYG,WAS,Daniel Bellinger,00-0038115,TE,rec,0.988,0.0,0.0,1.0,2.0,3.0
2025_15_WAS_NYG,NYG,WAS,Daniel Bellinger,00-0038115,TE,rec_yds,11.067,0.0,0.0,4.946,16.767,31.812
2025_15_WAS_NYG,NYG,WAS,Daniel Bellinger,00-0038115,TE,anytime_td,0.076,0.0,0.0,0.0,0.0,0.0
2025_15_WAS_NYG,NYG,WAS,Devin Singletary,00-0035250,RB,car,9.39,3.0,5.0,9.0,13.0,17.0
2025_15_WAS_NYG,NYG,WAS,Devin Singletary,00-0035250,RB,rush_yds,41.468,7.955,18.162,34.372,56.948,82.991
2025_15_WAS_NYG,NYG,WAS,Devin Singletary,00-0035250,RB,tgt,1.228,0.0,0.0,1.0,2.0,3.0
2025_15_WAS_NYG,NYG,WAS,Devin Singletary,00-0035250,RB,rec,1.031,0.0,0.0,1.0,2.0,3.0
2025_15_WAS_NYG,NYG,WAS,Devin Singletary,00-0035250,RB,rec_yds,8.395,0.0,0.0,2.273,12.598,24.945
2025_15_WAS_NYG,NYG,WAS,Devin Singletary,00-0035250,RB,anytime_td,0.255,0.0,0.0,0.0,1.0,1.0
2025_15_WAS_NYG,NYG,WAS,Jalin Hyatt,00-0038938,WR,car,0.015,0.0,0.0,0.0,0.0,0.0
2025_15_WAS_NYG,NYG,WAS,Jalin Hyatt,00-0038938,WR,rush_yds,0.098,0.0,0.0,0.0,0.0,0.0
2025_15_WAS_NYG,NYG,WAS,Jalin Hyatt,00-0038938,WR,tgt,2.083,0.0,1.0,2.0,3.0,4.0
2025_15_WAS_NYG,NYG,WAS,Jalin Hyatt,00-0038938,WR,rec,1.239,0.0,0.0,1.0,2.0,3.0
2025_15_WAS_NYG,NYG,WAS,Jalin Hyatt,00-0038938,WR,rec_yds,14.961,0.0,0.0,8.612,22.594,40.493
2025_15_WAS_NYG,NYG,WAS,Jalin Hyatt,00-0038938,WR,anytime_td,0.036,0.0,0.0,0.0,0.0,0.0
2025_15_WAS_NYG,WAS,NYG,Marcus Mariota,00-0032268,QB,att,30.006,20.0,26.0,31.0,36.0,40.0
2025_15_WAS_NYG,WAS,NYG,Marcus Mariota,00-0032268,QB,cmp,18.951,12.0,16.0,19.0,23.0,26.0
2025_15_WAS_NYG,WAS,NYG,Marcus Mariota,00-0032268,QB,pass_yds,199.593,118.271,159.264,199.026,242.823,285.433
2025_15_WAS_NYG,WAS,NYG,Marcus Mariota,00-0032268,QB,pass_td,1.066,0.0,0.0,1.0,2.0,2.0
2025_15_WAS_NYG,WAS,NYG,Marcus Mariota,00-0032268,QB,ints,0.69,0.0,0.0,0.0,1.0,2.0
2025_15_WAS_NYG,WAS,NYG,Marcus Mariota,00-0032268,QB,car,5.888,2.0,3.0,5.0,8.0,11.0
2025_15_WAS_NYG,WAS,NYG,Marcus Mariota,00-0032268,QB,rush_yds,29.454,3.289,11.795,24.734,41.819,61.007
2025_15_WAS_NYG,WAS,NYG,Marcus Mariota,00-0032268,QB,tgt,0.001,0.0,0.0,0.0,0.0,0.0
2025_15_WAS_NYG,WAS,NYG,Marcus Mariota,00-0032268,QB,rec,0.001,0.0,0.0,0.0,0.0,0.0
2025_15_WAS_NYG,WAS,NYG,Marcus Mariota,00-0032268,QB,rec_yds,0.006,0.0,0.0,0.0,0.0,0.0
2025_15_WAS_NYG,WAS,NYG,Marcus Mariota,00-0032268,QB,anytime_td,0.084,0.0,0.0,0.0,0.0,0.0
2025_15_WAS_NYG,WAS,NYG,Terry McLaurin,00-0035659,WR,car,0.036,0.0,0.0,0.0,0.0,0.0
2025_15_WAS_NYG,WAS,NYG,Terry McLaurin,00-0035659,WR,rush_yds,0.184,0.0,0.0,0.0,0.0,0.0
2025_15_WAS_NYG,WAS,NYG,Terry McLaurin,00-0035659,WR,tgt,7.678,3.0,5.0,7.0,10.0,12.0
2025_15_WAS_NYG,WAS,NYG,Terry McLaurin,00-0035659,WR,rec,4.656,2.0,3.0,4.0,6.0,8.0
2025_15_WAS_NYG,WAS,NYG,Terry McLaurin,00-0035659,WR,rec_yds,57.268,14.762,29.889,51.997,78.941,106.16
2025_15_WAS_NYG,WAS,NYG,Terry McLaurin,00-0035659,WR,anytime_td,0.287,0.0,0.0,0.0,1.0,1.0
2025_15_WAS_NYG,WAS,NYG,John Bates,00-0036628,TE,car,0.002,0.0,0.0,0.0,0.0,0.0
2025_15_WAS_NYG,WAS,NYG,John Bates,00-0036628,TE,rush_yds,0.003,0.0,0.0,0.0,0.0,0.0
2025_15_WAS_NYG,WAS,NYG,John Bates,00-0036628,TE,tgt,1.384,0.0,0.0,1.0,2.0,3.0
2025_15_WAS_NYG,WAS,NYG,John Bates,00-0036628,TE,rec,0.977,0.0,0.0,1.0,1.0,3.0
2025_15_WAS_NYG,WAS,NYG,John Bates,00-0036628,TE,rec_yds,8.855,0.0,0.0,3.752,13.627,26.159
2025_15_WAS_NYG,WAS,NYG,John Bates,00-0036628,TE,anytime_td,0.022,0.0,0.0,0.0,0.0,0.0
2025_15_WAS_NYG,WAS,NYG,Deebo Samuel Sr.,00-0035719,WR,car,1.602,0.0,0.0,1.0,2.0,4.0
2025_15_WAS_NYG,WAS,NYG,Deebo Samuel Sr.,00-0035719,WR,rush_yds,8.857,0.0,0.0,0.981,12.112,27.223
2025_15_WAS_NYG,WAS,NYG,Deebo Samuel Sr.,00-0035719,WR,tgt,7.884,4.0,5.0,7.0,10.0,13.0
2025_15_WAS_NYG,WAS,NYG,Deebo Samuel Sr.,00-0035719,WR,rec,5.507,2.0,4.0,5.0,7.0,9.0
2025_15_WAS_NYG,WAS,NYG,Deebo Samuel Sr.,00-0035719,WR,rec_yds,54.315,17.042,30.654,50.052,72.654,96.73
2025_15_WAS_NYG,WAS,NYG,Deebo Samuel Sr.,00-0035719,WR,anytime_td,0.298,0.0,0.0,0.0,1.0,1.0
2025_15_WAS_NYG,WAS,NYG,Ben Sinnott,00-0039912,TE,car,0.002,0.0,0.0,0.0,0.0,0.0
2025_15_WAS_NYG,WAS,NYG,Ben Sinnott,00-0039912,TE,rush_yds,0.004,0.0,0.0,0.0,0.0,0.0
2025_15_WAS_NYG,WAS,NYG,Ben Sinnott,00-0039912,TE,tgt,0.557,0.0,0.0,0.0,1.0,2.0
2025_15_WAS_NYG,WAS,NYG,Ben Sinnott,00-0039912,TE,rec,0.403,0.0,0.0,0.0,1.0,1.0
2025_15_WAS_NYG,WAS,NYG,Ben Sinnott,00-0039912,TE,rec_yds,3.76,0.0,0.0,0.0,3.883,13.897
2025_15_WAS_NYG,WAS,NYG,Ben Sinnott,00-0039912,TE,anytime_td,0.048,0.0,0.0,0.0,0.0,0.0
2025_15_WAS_NYG,WAS,NYG,Jacory Croskey-Merritt,00-0040242,RB,car,13.872,7.0,10.0,13.0,18.0,22.0
2025_15_WAS_NYG,WAS,NYG,Jacory Croskey-Merritt,00-0040242,RB,rush_yds,60.663,20.187,34.216,53.582,79.989,110.544
2025_15_WAS_NYG,WAS,NYG,Jacory Croskey-Merritt,00-0040242,RB,tgt,1.019,0.0,0.0,1.0,2.0,3.0
2025_15_WAS_NYG,WAS,NYG,Jacory Croskey-Merritt,00-0040242,RB,rec,0.79,0.0,0.0,0.0,1.0,2.0
2025_15_WAS_NYG,WAS,NYG,Jacory Croskey-Merritt,00-0040242,RB,rec_yds,5.162,0.0,0.0,0.0,7.423,16.423
2025_15_WAS_NYG,WAS,NYG,Jacory Croskey-Merritt,00-0040242,RB,anytime_td,0.141,0.0,0.0,0.0,0.0,1.0
2025_15_WAS_NYG,WAS,NYG,Jeremy McNichols,00-0033955,RB,car,4.187,0.0,1.0,3.0,6.0,9.0
2025_15_WAS_NYG,WAS,NYG,Jeremy McNichols,00-0033955,RB,rush_yds,19.949,0.0,3.662,13.128,28.805,49.266
2025_15_WAS_NYG,WAS,NYG,Jeremy McNichols,00-0033955,RB,tgt,2.159,0.0,1.0,2.0,3.0,5.0
2025_15_WAS_NYG,WAS,NYG,Jeremy McNichols,00-0033955,RB,rec,1.716,0.0,1.0,1.0,3.0,4.0
2025_15_WAS_NYG,WAS,NYG,Jeremy McNichols,00-0033955,RB,rec_yds,11.812,0.0,0.0,7.241,18.015,30.437
2025_15_WAS_NYG,WAS,NYG,Jeremy McNichols,00-0033955,RB,anytime_td,0.071,0.0,0.0,0.0,0.0,0.0
2025_15_WAS_NYG,WAS,NYG,Jaylin Lane,00-0040164,WR,car,0.102,0.0,0.0,0.0,0.0,0.0
2025_15_WAS_NYG,WAS,NYG,Jaylin Lane,00-0040164,WR,rush_yds,0.621,0.0,0.0,0.0,0.0,0.0
2025_15_WAS_NYG,WAS,NYG,Jaylin Lane,00-0040164,WR,tgt,2.463,0.0,1.0,2.0,4.0,5.0
2025_15_WAS_NYG,WAS,NYG,Jaylin Lane,00-0040164,WR,rec,1.519,0.0,0.0,1.0,2.0,3.0
2025_15_WAS_NYG,WAS,NYG,Jaylin Lane,00-0040164,WR,rec_yds,18.17,0.0,0.0,12.312,26.968,46.239
2025_15_WAS_NYG,WAS,NYG,Jaylin Lane,00-0040164,WR,anytime_td,0.023,0.0,0.0,0.0,0.0,0.0
2025_15_WAS_NYG,WAS,NYG,Treylon Burks,00-0037742,WR,car,0.107,0.0,0.0,0.0,0.0,0.0
2025_15_WAS_NYG,WAS,NYG,Treylon Burks,00-0037742,WR,rush_yds,0.619,0.0,0.0,0.0,0.0,0.0
2025_15_WAS_NYG,WAS,NYG,Treylon Burks,00-0037742,WR,tgt,2.62,0.0,1.0,2.0,4.0,5.0
2025_15_WAS_NYG,WAS,NYG,Treylon Burks,00-0037742,WR,rec,1.617,0.0,1.0,1.0,2.0,4.0
2025_15_WAS_NYG,WAS,NYG,Treylon Burks,00-0037742,WR,rec_yds,19.318,0.0,0.0,13.538,29.275,48.361
2025_15_WAS_NYG,WAS,NYG,Treylon Burks,00-0037742,WR,anytime_td,0.148,0.0,0.0,0.0,0.0,1.0
2025_15_WAS_NYG,WAS,NYG,Noah Brown,00-0033591,WR,car,0.021,0.0,0.0,0.0,0.0,0.0
2025_15_WAS_NYG,WAS,NYG,Noah Brown,00-0033591,WR,rush_yds,0.147,0.0,0.0,0.0,0.0,0.0
2025_15_WAS_NYG,WAS,NYG,Noah Brown,00-0033591,WR,tgt,4.473,1.0,2.0,4.0,6.0,8.0
2025_15_WAS_NYG,WAS,NYG,Noah Brown,00-0033591,WR,rec,2.694,0.0,1.0,2.0,4.0,5.0
2025_15_WAS_NYG,WAS,NYG,Noah Brown,00-0033591,WR,rec_yds,31.137,0.0,10.592,25.429,45.223,67.973
2025_15_WAS_NYG,WAS,NYG,Noah Brown,00-0033591,WR,anytime_td,0.081,0.0,0.0,0.0,0.0,0.0
2025_15_WAS_NYG,WAS,NYG,Colson Yankoff,00-0039686,TE,car,0.003,0.0,0.0,0.0,0.0,0.0
2025_15_WAS_NYG,WAS,NYG,Colson Yankoff,00-0039686,TE,rush_yds,0.009,0.0,0.0,0.0,0.0,0.0
2025_15_WAS_NYG,WAS,NYG,Colson Yankoff,00-0039686,TE,tgt,0.572,0.0,0.0,0.0,1.0,2.0
2025_15_WAS_NYG,WAS,NYG,Colson Yankoff,00-0039686,TE,rec,0.404,0.0,0.0,0.0,1.0,1.0
2025_15_WAS_NYG,WAS,NYG,Colson Yankoff,00-0039686,TE,rec_yds,3.848,0.0,0.0,0.0,3.61,14.071
2025_15_WAS_NYG,WAS,NYG,Colson Yankoff,00-0039686,TE,anytime_td,0.004,0.0,0.0,0.0,0.0,0.0
2025_15_MIA_PIT,PIT,MIA,Aaron Rodgers,00-0023459,QB,att,28.998,19.0,24.75,30.0,35.0,39.0
2025_15_MIA_PIT,PIT,MIA,Aaron Rodgers,00-0023459,QB,cmp,18.796,11.9,15.0,19.0,23.0,26.0
2025_15_MIA_PIT,PIT,MIA,Aaron Rodgers,00-0023459,QB,pass_yds,200.365,120.83,158.354,201.286,244.277,284.877
2025_15_MIA_PIT,PIT,MIA,Aaron Rodgers,00-0023459,QB,pass_td,1.226,0.0,0.0,1.0,2.0,3.0
2025_15_MIA_PIT,PIT,MIA,Aaron Rodgers,00-0023459,QB,ints,0.644,0.0,0.0,0.0,1.0,2.0
2025_15_MIA_PIT,PIT,MIA,Aaron Rodgers,00-0023459,QB,car,1.862,0.0,1.0,2.0,3.0,4.0
2025_15_MIA_PIT,PIT,MIA,Aaron Rodgers,00-0023459,QB,rush_yds,5.759,-2.0,-0.119,0.941,9.347,18.754
2025_15_MIA_PIT,PIT,MIA,Aaron Rodgers,00-0023459,QB,tgt,0.002,0.0,0.0,0.0,0.0,0.0
2025_15_MIA_PIT,PIT,MIA,Aaron Rodgers,00-0023459,QB,rec,0.002,0.0,0.0,0.0,0.0,0.0
2025_15_MIA_PIT,PIT,MIA,Aaron Rodgers,00-0023459,QB,rec_yds,0.016,0.0,0.0,0.0,0.0,0.0
2025_15_MIA_PIT,PIT,MIA,Aaron Rodgers,00-0023459,QB,anytime_td,0.111,0.0,0.0,0.0,0.0,1.0
2025_15_MIA_PIT,PIT,MIA,DK Metcalf,00-0035640,WR,car,0.245,0.0,0.0,0.0,0.0,1.0
2025_15_MIA_PIT,PIT,MIA,DK Metcalf,00-0035640,WR,rush_yds,1.415,0.0,0.0,0.0,0.0,0.0
2025_15_MIA_PIT,PIT,MIA,DK Metcalf,00-0035640,WR,tgt,6.601,3.0,4.0,6.0,9.0,11.0
2025_15_MIA_PIT,PIT,MIA,DK Metcalf,00-0035640,WR,rec,3.952,1.0,2.0,4.0,5.0,7.0
2025_15_MIA_PIT,PIT,MIA,DK Metcalf,00-0035640,WR,rec_yds,53.457,10.906,25.211,46.385,75.452,104.317
2025_15_MIA_PIT,PIT,MIA,DK Metcalf,00-0035640,WR,anytime_td,0.231,0.0,0.0,0.0,0.0,1.0
2025_15_MIA_PIT,PIT,MIA,Darnell Washington,00-0038558,TE,car,0.001,0.0,0.0,0.0,0.0,0.0
2025_15_MIA_PIT,PIT,MIA,Darnell Washington,00-0038558,TE,rush_yds,0.001,0.0,0.0,0.0,0.0,0.0
2025_15_MIA_PIT,PIT,MIA,Darnell Washington,00-0038558,TE,tgt,2.527,0.0,1.0,2.0,4.0,5.0
2025_15_MIA_PIT,PIT,MIA,Darnell Washington,00-0038558,TE,rec,1.791,0.0,1.0,1.0,3.0,4.0
2025_15_MIA_PIT,PIT,MIA,Darnell Washington,00-0038558,TE,rec_yds,20.707,0.0,2.203,15.141,31.806,49.857
2025_15_MIA_PIT,PIT,MIA,Darnell Washington,00-0038558,TE,anytime_td,0.074,0.0,0.0,0.0,0.0,0.0
2025_15_MIA_PIT,PIT,MIA,Adam Thielen,00-0030035,WR,car,0.01,0.0,0.0,0.0,0.0,0.0
2025_15_MIA_PIT,PIT,MIA,Adam Thielen,00-0030035,WR,rush_yds,0.05,0.0,0.0,0.0,0.0,0.0
2025_15_MIA_PIT,PIT,MIA,Adam Thielen,00-0030035,WR,tgt,1.638,0.0,0.0,1.0,2.0,4.0
2025_15_MIA_PIT,PIT,MIA,Adam Thielen,00-0030035,WR,rec,0.989,0.0,0.0,1.0,2.0,2.0
2025_15_MIA_PIT,PIT,MIA,Adam Thielen,00-0030035,WR,rec_yds,11.997,0.0,0.0,5.172,18.073,34.768
2025_15_MIA_PIT,PIT,MIA,Adam Thielen,00-0030035,WR,anytime_td,0.04,0.0,0.0,0.0,0.0,0.0
2025_15_MIA_PIT,PIT,MIA,Kenny Gainwell,00-0036919,RB,car,6.136,1.0,3.0,5.0,9.0,12.0
2025_15_MIA_PIT,PIT,MIA,Kenny Gainwell,00-0036919,RB,rush_yds,26.687,2.03,8.668,20.615,38.126,58.284
2025_15_MIA_PIT,PIT,MIA,Kenny Gainwell,00-0036919,RB,tgt,4.223,1.0,2.0,4.0,6.0,8.0
2025_15_MIA_PIT,PIT,MIA,Kenny Gainwell,00-0036919,RB,rec,3.376,1.0,2.0,3.0,5.0,6.0
2025_15_MIA_PIT,PIT,MIA,Kenny Gainwell,00-0036919,RB,rec_yds,23.818,1.066,8.485,19.155,34.562,52.156
2025_15_MIA_PIT,PIT,MIA,Kenny Gainwell,00-0036919,RB,anytime_td,0.345,0.0,0.0,0.0,1.0,1.0
2025_15_MIA_PIT,PIT,MIA,Marquez Valdes-Scantling,00-0034272,WR,car,0.028,0.0,0.0,0.0,0.0,0.0
2025_15_MIA_PIT,PIT,MIA,Marquez Valdes-Scantling,00-0034272,WR,rush_yds,0.125,0.0,0.0,0.0,0.0,0.0
2025_15_MIA_PIT,PIT,MIA,Marquez Valdes-Scantling,00-0034272,WR,tgt,1.507,0.0,0.0,1.0,2.0,4.0
2025_15_MIA_PIT,PIT,MIA,Marquez Valdes-Scantling,00-0034272,WR,rec,0.904,0.0,0.0,1.0,1.0,2.0
2025_15_MIA_PIT,PIT,MIA,Marquez Valdes-Scantling,00-0034272,WR,rec_yds,11.517,0.0,0.0,4.105,17.818,34.557
2025_15_MIA_PIT,PIT,MIA,Marquez Valdes-Scantling,00-0034272,WR,anytime_td,0.047,0.0,0.0,0.0,0.0,0.0
2025_15_MIA_PIT,PIT,MIA,Jaylen Warren,00-0037228,RB,car,13.402,6.0,9.0,13.0,17.0,21.0
2025_15_MIA_PIT,PIT,MIA,Jaylen Warren,00-0037228,RB,rush_yds,54.349,16.808,29.285,47.586,72.052,101.375
2025_15_MIA_PIT,PIT,MIA,Jaylen Warren,00-0037228,RB,tgt,2.498,0.0,1.0,2.0,4.0,5.0
2025_15_MIA_PIT,PIT,MIA,Jaylen Warren,00-0037228,RB,rec,1.963,0.0,1.0,2.0,3.0,4.0
2025_15_MIA_PIT,PIT,MIA,Jaylen Warren,00-0037228,RB,rec_yds,15.551,0.0,1.015,10.762,23.536,38.973
2025_15_MIA_PIT,PIT,MIA,Jaylen Warren,00-0037228,RB,anytime_td,0.405,0.0,0.0,0.0,1.0,1.0
2025_15_MIA_PIT,PIT,MIA,Pat Freiermuth,00-0036894,TE,car,0.003,0.0,0.0,0.0,0.0,0.0
2025_15_MIA_PIT,PIT,MIA,Pat Freiermuth,00-0036894,TE,rush_yds,0.003,0.0,0.0,0.0,0.0,0.0
2025_15_MIA_PIT,PIT,MIA,Pat Freiermuth,00-0036894,TE,tgt,2.72,0.0,1.0,2.0,4.0,5.0
2025_15_MIA_PIT,PIT,MIA,Pat Freiermuth,00-0036894,TE,rec,1.998,0.0,1.0,2.0,3.0,4.0
2025_15_MIA_PIT,PIT,MIA,Pat Freiermuth,00-0036894,TE,rec_yds,20.89,0.0,4.595,15.695,31.268,49.289
2025_15_MIA_PIT,PIT,MIA,Pat Freiermuth,00-0036894,TE,anytime_td,0.199,0.0,0.0,0.0,0.0,1.0
2025_15_MIA_PIT,PIT,MIA,Jonnu Smith,00-0033858,TE,car,0.298,0.0,0.0,0.0,0.0,1.0
2025_15_MIA_PIT,PIT,MIA,Jonnu Smith,00-0033858,TE,rush_yds,0.697,0.0,0.0,0.0,0.0,1.386
2025_15_MIA_PIT,PIT,MIA,Jonnu Smith,00-0033858,TE,tgt,2.975,1.0,1.0,3.0,4.0,6.0
2025_15_MIA_PIT,PIT,MIA,Jonnu Smith,00-0033858,TE,rec,2.022,0.0,1.0,2.0,3.0,4.0
2025_15_MIA_PIT,PIT,MIA,Jonnu Smith,00-0033858,TE,rec_yds,19.209,0.0,4.526,14.26,29.076,44.771
2025_15_MIA_PIT,PIT,MIA,Jonnu Smith,00-0033858,TE,anytime_td,0.111,0.0,0.0,0.0,0.0,1.0
2025_15_MIA_PIT,PIT,MIA,Calvin Austin III,00-0037837,WR,car,0.009,0.0,0.0,0.0,0.0,0.0
2025_15_MIA_PIT,PIT,MIA,Calvin Austin III,00-0037837,WR,rush_yds,0.066,0.0,0.0,0.0,0.0,0.0
2025_15_MIA_PIT,PIT,MIA,Calvin Austin III,00-0037837,WR,tgt,3.47,1.0,2.0,3.0,5.0,7.0
2025_15_MIA_PIT,PIT,MIA,Calvin Austin III,00-0037837,WR,rec,2.078,0.0,1.0,2.0,3.0,4.0
2025_15_MIA_PIT,PIT,MIA,Calvin Austin III,00-0037837,WR,rec_yds,25.891,0.0,5.946,19.146,39.309,61.843
2025_15_MIA_PIT,PIT,MIA,Calvin Austin III,00-0037837,WR,anytime_td,0.108,0.0,0.0,0.0,0.0,1.0
2025_15_MIA_PIT,PIT,MIA,Connor Heyward,00-0037304,RB,car,0.84,0.0,0.0,0.0,1.0,3.0
2025_15_MIA_PIT,PIT,MIA,Connor Heyward,00-0037304,RB,rush_yds,3.31,0.0,0.0,0.0,2.57,10.772
2025_15_MIA_PIT,PIT,MIA,Connor Heyward,00-0037304,RB,tgt,0.214,0.0,0.0,0.0,0.0,1.0
2025_15_MIA_PIT,PIT,MIA,Connor Heyward,00-0037304,RB,rec,0.162,0.0,0.0,0.0,0.0,1.0
2025_15_MIA_PIT,PIT,MIA,Connor Heyward,00-0037304,RB,rec_yds,1.21,0.0,0.0,0.0,0.0,2.972
2025_15_MIA_PIT,PIT,MIA,Connor Heyward,00-0037304,RB,anytime_td,0.029,0.0,0.0,0.0,0.0,0.0
2025_15_MIA_PIT,PIT,MIA,Ben Skowronek,00-0036862,WR,car,0.01,0.0,0.0,0.0,0.0,0.0
2025_15_MIA_PIT,PIT,MIA,Ben Skowronek,00-0036862,WR,rush_yds,0.053,0.0,0.0,0.0,0.0,0.0
2025_15_MIA_PIT,PIT,MIA,Ben Skowronek,00-0036862,WR,tgt,0.613,0.0,0.0,0.0,1.0,2.0
2025_15_MIA_PIT,PIT,MIA,Ben Skowronek,00-0036862,WR,rec,0.386,0.0,0.0,0.0,1.0,1.0
2025_15_MIA_PIT,PIT,MIA,Ben Skowronek,00-0036862,WR,rec_yds,4.999,0.0,0.0,0.0,4.412,18.415
2025_15_MIA_PIT,PIT,MIA,Ben Skowronek,00-0036862,WR,anytime_td,0.021,0.0,0.0,0.0,0.0,0.0
2025_15_MIA_PIT,PIT,MIA,Kaleb Johnson,00-0040142,RB,car,3.43,0.0,1.0,2.5,5.0,8.0
2025_15_MIA_PIT,PIT,MIA,Kaleb Johnson,00-0040142,RB,rush_yds,13.421,0.0,1.157,7.698,19.066,35.154
2025_15_MIA_PIT,PIT,MIA,Kaleb Johnson,00-0040142,RB,tgt,0.211,0.0,0.0,0.0,0.0,1.0
2025_15_MIA_PIT,PIT,MIA,Kaleb Johnson,00-0040142,RB,rec,0.161,0.0,0.0,0.0,0.0,1.0
2025_15_MIA_PIT,PIT,MIA,Kaleb Johnson,00-0040142,RB,rec_yds,1.185,0.0,0.0,0.0,0.0,2.846
2025_15_MIA_PIT,PIT,MIA,Kaleb Johnson,00-0040142,RB,anytime_td,0.041,0.0,0.0,0.0,0.0,0.0
2025_15_MIA_PIT,MIA,PIT,Tua Tagovailoa,00-0036212,QB,att,28.736,18.0,24.0,29.0,34.0,39.0
2025_15_MIA_PIT,MIA,PIT,Tua Tagovailoa,00-0036212,QB,cmp,18.0,11.0,15.0,18.0,22.0,25.0
2025_15_MIA_PIT,MIA,PIT,Tua Tagovailoa,00-0036212,QB,pass_yds,186.312,109.172,147.423,185.637,227.247,268.161
2025_15_MIA_PIT,MIA,PIT,Tua Tagovailoa,00-0036212,QB,pass_td,0.899,0.0,0.0,1.0,1.0,2.0
2025_15_MIA_PIT,MIA,PIT,Tua Tagovailoa,00-0036212,QB,ints,0.714,0.0,0.0,0.0,1.0,2.0
2025_15_MIA_PIT,MIA,PIT,Tua Tagovailoa,00-0036212,QB,car,1.927,0.0,1.0,1.0,3.0,4.0
2025_15_MIA_PIT,MIA,PIT,Tua Tagovailoa,00-0036212,QB,rush_yds,6.859,-1.0,0.0,2.728,10.251,20.502
2025_15_MIA_PIT,MIA,PIT,Tua Tagovailoa,00-0036212,QB,tgt,0.0,0.0,0.0,0.0,0.0,0.0
2025_15_MIA_PIT,MIA,PIT,Tua Tagovailoa,00-0036212,QB,rec,0.0,0.0,0.0,0.0,0.0,0.0
2025_15_MIA_PIT,MIA,PIT,Tua Tagovailoa,00-0036212,QB,rec_yds,0.002,0.0,0.0,0.0,0.0,0.0
2025_15_MIA_PIT,MIA,PIT,Tua Tagovailoa,00-0036212,QB,anytime_td,0.005,0.0,0.0,0.0,0.0,0.0
2025_15_MIA_PIT,MIA,PIT,Jaylen Waddle,00-0036613,WR,car,0.143,0.0,0.0,0.0,0.0,0.0
2025_15_MIA_PIT,MIA,PIT,Jaylen Waddle,00-0036613,WR,rush_yds,0.742,0.0,0.0,0.0,0.0,0.0
2025_15_MIA_PIT,MIA,PIT,Jaylen Waddle,00-0036613,WR,tgt,6.977,3.0,5.0,7.0,9.0,11.0
2025_15_MIA_PIT,MIA,PIT,Jaylen Waddle,00-0036613,WR,rec,4.19,1.0,3.0,4.0,6.0,7.0
2025_15_MIA_PIT,MIA,PIT,Jaylen Waddle,00-0036613,WR,rec_yds,54.366,13.342,27.002,48.931,75.047,102.918
2025_15_MIA_PIT,MIA,PIT,Jaylen Waddle,00-0036613,WR,anytime_td,0.214,0.0,0.0,0.0,0.0,1.0
2025_15_MIA_PIT,MIA,PIT,De'Von Achane,00-0039040,RB,car,14.102,6.0,10.0,14.0,18.0,22.0
2025_15_MIA_PIT,MIA,PIT,De'Von Achane,00-0039040,RB,rush_yds,67.958,21.392,37.795,60.053,90.083,124.195
2025_15_MIA_PIT,MIA,PIT,De'Von Achane,00-0039040,RB,tgt,4.852,2.0,3.0,5.0,6.0,9.0
2025_15_MIA_PIT,MIA,PIT,De'Von Achane,00-0039040,RB,rec,3.525,1.0,2.0,3.0,5.0,7.0
2025_15_MIA_PIT,MIA,PIT,De'Von Achane,00-0039040,RB,rec_yds,25.241,2.283,9.518,20.541,36.07,53.216
2025_15_MIA_PIT,MIA,PIT,De'Von Achane,00-0039040,RB,anytime_td,0.438,0.0,0.0,0.0,1.0,1.0
2025_15_MIA_PIT,MIA,PIT,Malik Washington,00-0039880,WR,car,0.661,0.0,0.0,0.0,1.0,2.0
2025_15_MIA_PIT,MIA,PIT,Malik Washington,00-0039880,WR,rush_yds,3.224,0.0,0.0,0.0,0.0,10.993
2025_15_MIA_PIT,MIA,PIT,Malik Washington,00-0039880,WR,tgt,4.413,1.0,2.0,4.0,6.0,8.0
2025_15_MIA_PIT,MIA,PIT,Malik Washington,00-0039880,WR,rec,2.88,1.0,1.0,3.0,4.0,5.0
2025_15_MIA_PIT,MIA,PIT,Malik Washington,00-0039880,WR,rec_yds,29.81,2.212,11.308,24.363,42.444,62.443
2025_15_MIA_PIT,MIA,PIT,Malik Washington,00-0039880,WR,anytime_td,0.145,0.0,0.0,0.0,0.0,1.0
2025_15_MIA_PIT,MIA,PIT,Darren Waller,00-0031610,TE,car,0.178,0.0,0.0,0.0,0.0,0.0
2025_15_MIA_PIT,MIA,PIT,Darren Waller,00-0031610,TE,rush_yds,0.364,0.0,0.0,0.0,0.0,0.0
2025_15_MIA_PIT,MIA,PIT,Darren Waller,00-0031610,TE,tgt,3.358,1.0,2.0,3.0,5.0,6.0
2025_15_MIA_PIT,MIA,PIT,Darren Waller,00-0031610,TE,rec,2.227,0.0,1.0,2.0,3.0,5.0
2025_15_MIA_PIT,MIA,PIT,Darren Waller,00-0031610,TE,rec_yds,24.148,0.0,7.379,19.149,35.447,53.956
2025_15_MIA_PIT,MIA,PIT,Darren Waller,00-0031610,TE,anytime_td,0.201,0.0,0.0,0.0,0.0,1.0
2025_15_MIA_PIT,MIA,PIT,Julian Hill,00-0038720,TE,car,0.002,0.0,0.0,0.0,0.0,0.0
2025_15_MIA_PIT,MIA,PIT,Julian Hill,00-0038720,TE,rush_yds,0.006,0.0,0.0,0.0,0.0,0.0
2025_15_MIA_PIT,MIA,PIT,Julian Hill,00-0038720,TE,tgt,1.477,0.0,0.0,1.0,2.0,4.0
2025_15_MIA_PIT,MIA,PIT,Julian Hill,00-0038720,TE,rec,1.009,0.0,0.0,1.0,2.0,3.0
2025_15_MIA_PIT,MIA,PIT,Julian Hill,00-0038720,TE,rec_yds,9.698,0.0,0.0,4.398,14.664,28.258
2025_15_MIA_PIT,MIA,PIT,Julian Hill,00-0038720,TE,anytime_td,0.014,0.0,0.0,0.0,0.0,0.0
2025_15_MIA_PIT,MIA,PIT,Greg Dulcich,00-0037252,TE,car,0.004,0.0,0.0,0.0,0.0,0.0
2025_15_MIA_PIT,MIA,PIT,Greg Dulcich,00-0037252,TE,rush_yds,0.007,0.0,0.0,0.0,0.0,0.0
2025_15_MIA_PIT,MIA,PIT,Greg Dulcich,00-0037252,TE,tgt,3.097,1.0,1.0,3.0,4.0,6.0
2025_15_MIA_PIT,MIA,PIT,Greg Dulcich,00-0037252,TE,rec,2.099,0.0,1.0,2.0,3.0,4.0
2025_15_MIA_PIT,MIA,PIT,Greg Dulcich,00-0037252,TE,rec_yds,22.211,0.0,5.759,17.274,33.568,51.171
2025_15_MIA_PIT,MIA,PIT,Greg Dulcich,00-0037252,TE,anytime_td,0.058,0.0,0.0,0.0,0.0,0.0
2025_15_MIA_PIT,MIA,PIT,Nick Westbrook-Ikhine,00-0036182,WR,car,0.004,0.0,0.0,0.0,0.0,0.0
2025_15_MIA_PIT,MIA,PIT,Nick Westbrook-Ikhine,00-0036182,WR,rush_yds,0.017,0.0,0.0,0.0,0.0,0.0
2025_15_MIA_PIT,MIA,PIT,Nick Westbrook-Ikhine,00-0036182,WR,tgt,1.602,0.0,0.0,1.0,2.0,4.0
2025_15_MIA_PIT,MIA,PIT,Nick Westbrook-Ikhine,00-0036182,WR,rec,0.932,0.0,0.0,1.0,1.0,2.0
2025_15_MIA_PIT,MIA,PIT,Nick Westbrook-Ikhine,00-0036182,WR,rec_yds,11.258,0.0,0.0,4.513,16.92,33.043
2025_15_MIA_PIT,MIA,PIT,Nick Westbrook-Ikhine,00-0036182,WR,anytime_td,0.028,0.0,0.0,0.0,0.0,0.0
2025_15_MIA_PIT,MIA,PIT,Cedrick Wilson Jr.,00-0034418,WR,car,0.006,0.0,0.0,0.0,0.0,0.0
2025_15_MIA_PIT,MIA,PIT,Cedrick Wilson Jr.,00-0034418,WR,rush_yds,0.034,0.0,0.0,0.0,0.0,0.0
2025_15_MIA_PIT,MIA,PIT,Cedrick Wilson Jr.,00-0034418,WR,tgt,1.135,0.0,0.0,1.0,2.0,3.0
2025_15_MIA_PIT,MIA,PIT,Cedrick Wilson Jr.,00-0034418,WR,rec,0.682,0.0,0.0,0.0,1.0,2.0
2025_15_MIA_PIT,MIA,PIT,Cedrick Wilson Jr.,00-0034418,WR,rec_yds,8.368,0.0,0.0,0.0,12.231,27.104
2025_15_MIA_PIT,MIA,PIT,Cedrick Wilson Jr.,00-0034418,WR,anytime_td,0.016,0.0,0.0,0.0,0.0,0.0
2025_15_MIA_PIT,MIA,PIT,Dee Eskridge,00-0036620,WR,car,0.01,0.0,0.0,0.0,0.0,0.0
2025_15_MIA_PIT,MIA,PIT,Dee Eskridge,00-0036620,WR,rush_yds,0.051,0.0,0.0,0.0,0.0,0.0
2025_15_MIA_PIT,MIA,PIT,Dee Eskridge,00-0036620,WR,tgt,0.628,0.0,0.0,0.0,1.0,2.0
2025_15_MIA_PIT,MIA,PIT,Dee Eskridge,00-0036620,WR,rec,0.373,0.0,0.0,0.0,1.0,1.0
2025_15_MIA_PIT,MIA,PIT,Dee Eskridge,00-0036620,WR,rec_yds,4.689,0.0,0.0,0.0,3.791,16.845
2025_15_MIA_PIT,MIA,PIT,Dee Eskridge,00-0036620,WR,anytime_td,0.005,0.0,0.0,0.0,0.0,0.0
2025_15_MIA_PIT,MIA,PIT,Ollie Gordon II,00-0040198,RB,car,4.354,0.0,2.0,3.0,6.0,9.0
2025_15_MIA_PIT,MIA,PIT,Ollie Gordon II,00-0040198,RB,rush_yds,15.732,0.0,3.063,9.895,22.165,38.865
2025_15_MIA_PIT,MIA,PIT,Ollie Gordon II,00-0040198,RB,tgt,0.549,0.0,0.0,0.0,1.0,2.0
2025_15_MIA_PIT,MIA,PIT,Ollie Gordon II,00-0040198,RB,rec,0.408,0.0,0.0,0.0,1.0,1.0
2025_15_MIA_PIT,MIA,PIT,Ollie Gordon II,00-0040198,RB,rec_yds,2.907,0.0,0.0,0.0,1.773,10.397
2025_15_MIA_PIT,MIA,PIT,Ollie Gordon II,00-0040198,RB,anytime_td,0.213,0.0,0.0,0.0,0.0,1.0
2025_15_MIA_PIT,MIA,PIT,Jaylen Wright,00-0039874,RB,car,6.126,1.0,3.0,5.0,9.0,12.0
2025_15_MIA_PIT,MIA,PIT,Jaylen Wright,00-0039874,RB,rush_yds,23.138,1.749,7.361,17.543,32.249,51.579
2025_15_MIA_PIT,MIA,PIT,Jaylen Wright,00-0039874,RB,tgt,0.829,0.0,0.0,0.0,1.0,2.0
2025_15_MIA_PIT,MIA,PIT,Jaylen Wright,00-0039874,RB,rec,0.564,0.0,0.0,0.0,1.0,2.0
2025_15_MIA_PIT,MIA,PIT,Jaylen Wright,00-0039874,RB,rec_yds,3.977,0.0,0.0,0.0,5.087,13.564
2025_15_MIA_PIT,MIA,PIT,Jaylen Wright,00-0039874,RB,anytime_td,0.138,0.0,0.0,0.0,0.0,1.0
