game_id,team,opp,player,player_id,pos,stat,mean,p10,p25,median,p75,p90
2025_05_SF_LA,LA,SF,Matthew Stafford,00-0026498,QB,att,30.583,20.0,26.0,31.0,36.0,41.0
2025_05_SF_LA,LA,SF,Matthew Stafford,00-0026498,QB,cmp,21.044,13.0,18.0,21.0,25.0,29.0
2025_05_SF_LA,LA,SF,Matthew Stafford,00-0026498,QB,pass_yds,238.011,139.047,186.518,239.27,292.629,344.125
2025_05_SF_LA,LA,SF,Matthew Stafford,00-0026498,QB,pass_td,1.8,0.0,1.0,2.0,3.0,3.0
2025_05_SF_LA,LA,SF,Matthew Stafford,00-0026498,QB,ints,0.563,0.0,0.0,0.0,1.0,2.0
2025_05_SF_LA,LA,SF,Matthew Stafford,00-0026498,QB,car,2.395,0.0,1.0,2.0,3.0,5.0
2025_05_SF_LA,LA,SF,Matthew Stafford,00-0026498,QB,rush_yds,6.47,-2.0,-1.0,1.038,9.996,21.671
2025_05_SF_LA,LA,SF,Matthew Stafford,00-0026498,QB,tgt,0.0,0.0,0.0,0.0,0.0,0.0
2025_05_SF_LA,LA,SF,Matthew Stafford,00-0026498,QB,rec,0.0,0.0,0.0,0.0,0.0,0.0
2025_05_SF_LA,LA,SF,Matthew Stafford,00-0026498,QB,rec_yds,0.001,0.0,0.0,0.0,0.0,0.0
2025_05_SF_LA,LA,SF,Matthew Stafford,00-0026498,QB,anytime_td,0.052,0.0,0.0,0.0,0.0,0.0
2025_05_SF_LA,LA,SF,Puka Nacua,00-0039075,WR,car,0.767,0.0,0.0,0.0,1.0,3.0
2025_05_SF_LA,LA,SF,Puka Nacua,00-0039075,WR,rush_yds,4.624,0.0,0.0,0.0,2.188,16.1
2025_05_SF_LA,LA,SF,Puka Nacua,00-0039075,WR,tgt,11.937,7.0,9.0,12.0,15.0,18.0
2025_05_SF_LA,LA,SF,Puka Nacua,00-0039075,WR,rec,9.124,5.0,7.0,9.0,11.0,14.0
2025_05_SF_LA,LA,SF,Puka Nacua,00-0039075,WR,rec_yds,109.016,47.934,71.683,102.84,139.93,177.877
2025_05_SF_LA,LA,SF,Puka Nacua,00-0039075,WR,anytime_td,0.379,0.0,0.0,0.0,1.0,1.0
2025_05_SF_LA,LA,SF,Kyren Williams,00-0037840,RB,car,17.878,9.0,13.0,17.0,22.0,27.0
2025_05_SF_LA,LA,SF,Kyren Williams,00-0037840,RB,rush_yds,81.884,32.179,50.17,75.169,106.296,141.7
2025_05_SF_LA,LA,SF,Kyren Williams,00-0037840,RB,tgt,2.723,0.0,1.0,2.0,4.0,6.0
2025_05_SF_LA,LA,SF,Kyren Williams,00-0037840,RB,rec,2.242,0.0,1.0,2.0,3.0,5.0
2025_05_SF_LA,LA,SF,Kyren Williams,00-0037840,RB,rec_yds,15.13,0.0,2.621,10.871,22.493,37.181
2025_05_SF_LA,LA,SF,Kyren Williams,00-0037840,RB,anytime_td,0.605,0.0,0.0,1.0,1.0,1.0
2025_05_SF_LA,LA,SF,Davante Adams,00-0031381,WR,car,0.011,0.0,0.0,0.0,0.0,0.0
2025_05_SF_LA,LA,SF,Davante Adams,00-0031381,WR,rush_yds,0.072,0.0,0.0,0.0,0.0,0.0
2025_05_SF_LA,LA,SF,Davante Adams,00-0031381,WR,tgt,8.713,4.0,6.0,8.0,11.0,14.0
2025_05_SF_LA,LA,SF,Davante Adams,00-0031381,WR,rec,5.325,2.0,3.0,5.0,7.0,9.0
2025_05_SF_LA,LA,SF,Davante Adams,00-0031381,WR,rec_yds,69.499,21.274,38.856,63.354,92.93,125.699
2025_05_SF_LA,LA,SF,Davante Adams,00-0031381,WR,anytime_td,0.493,0.0,0.0,0.0,1.0,1.0
2025_05_SF_LA,LA,SF,Tutu Atwell,00-0036849,WR,car,0.037,0.0,0.0,0.0,0.0,0.0
2025_05_SF_LA,LA,SF,Tutu Atwell,00-0036849,WR,rush_yds,0.179,0.0,0.0,0.0,0.0,0.0
2025_05_SF_LA,LA,SF,Tutu Atwell,00-0036849,WR,tgt,1.894,0.0,1.0,1.0,3.0,4.0
2025_05_SF_LA,LA,SF,Tutu Atwell,00-0036849,WR,rec,1.239,0.0,0.0,1.0,2.0,3.0
2025_05_SF_LA,LA,SF,Tutu Atwell,00-0036849,WR,rec_yds,17.575,0.0,0.0,9.056,26.456,49.271
2025_05_SF_LA,LA,SF,Tutu Atwell,00-0036849,WR,anytime_td,0.146,0.0,0.0,0.0,0.0,1.0
2025_05_SF_LA,LA,SF,Davis Allen,00-0039074,TE,car,0.003,0.0,0.0,0.0,0.0,0.0
2025_05_SF_LA,LA,SF,Davis Allen,00-0039074,TE,rush_yds,0.007,0.0,0.0,0.0,0.0,0.0
2025_05_SF_LA,LA,SF,Davis Allen,00-0039074,TE,tgt,1.143,0.0,0.0,1.0,2.0,3.0
2025_05_SF_LA,LA,SF,Davis Allen,00-0039074,TE,rec,0.851,0.0,0.0,1.0,1.0,2.0
2025_05_SF_LA,LA,SF,Davis Allen,00-0039074,TE,rec_yds,8.015,0.0,0.0,0.0,11.931,24.549
2025_05_SF_LA,LA,SF,Davis Allen,00-0039074,TE,anytime_td,0.166,0.0,0.0,0.0,0.0,1.0
2025_05_SF_LA,LA,SF,Jordan Whittington,00-0039751,WR,car,0.572,0.0,0.0,0.0,1.0,2.0
2025_05_SF_LA,LA,SF,Jordan Whittington,00-0039751,WR,rush_yds,3.188,0.0,0.0,0.0,0.0,10.111
2025_05_SF_LA,LA,SF,Jordan Whittington,00-0039751,WR,tgt,1.586,0.0,0.0,1.0,2.0,4.0
2025_05_SF_LA,LA,SF,Jordan Whittington,00-0039751,WR,rec,1.108,0.0,0.0,1.0,2.0,3.0
2025_05_SF_LA,LA,SF,Jordan Whittington,00-0039751,WR,rec_yds,13.541,0.0,0.0,6.422,19.894,39.493
2025_05_SF_LA,LA,SF,Jordan Whittington,00-0039751,WR,anytime_td,0.044,0.0,0.0,0.0,0.0,0.0
2025_05_SF_LA,LA,SF,Colby Parkinson,00-0036244,TE,car,0.006,0.0,0.0,0.0,0.0,0.0
2025_05_SF_LA,LA,SF,Colby Parkinson,00-0036244,TE,rush_yds,0.012,0.0,0.0,0.0,0.0,0.0
2025_05_SF_LA,LA,SF,Colby Parkinson,00-0036244,TE,tgt,1.71,0.0,0.0,1.0,3.0,4.0
2025_05_SF_LA,LA,SF,Colby Parkinson,00-0036244,TE,rec,1.322,0.0,0.0,1.0,2.0,3.0
2025_05_SF_LA,LA,SF,Colby Parkinson,00-0036244,TE,rec_yds,12.115,0.0,0.0,7.168,18.405,32.838
2025_05_SF_LA,LA,SF,Colby Parkinson,00-0036244,TE,anytime_td,0.089,0.0,0.0,0.0,0.0,0.0
2025_05_SF_LA,LA,SF,Blake Corum,00-0039738,RB,car,5.718,1.0,2.0,5.0,8.0,12.0
2025_05_SF_LA,LA,SF,Blake Corum,00-0039738,RB,rush_yds,26.08,1.072,7.428,19.129,37.236,59.897
2025_05_SF_LA,LA,SF,Blake Corum,00-0039738,RB,tgt,1.219,0.0,0.0,1.0,2.0,3.0
2025_05_SF_LA,LA,SF,Blake Corum,00-0039738,RB,rec,0.976,0.0,0.0,1.0,2.0,3.0
2025_05_SF_LA,LA,SF,Blake Corum,00-0039738,RB,rec_yds,6.665,0.0,0.0,0.868,9.636,20.823
2025_05_SF_LA,LA,SF,Blake Corum,00-0039738,RB,anytime_td,0.243,0.0,0.0,0.0,0.0,1.0
2025_05_SF_LA,SF,LA,Mac Jones,00-0036972,QB,att,33.313,23.0,29.0,34.0,39.0,44.0
2025_05_SF_LA,SF,LA,Mac Jones,00-0036972,QB,cmp,21.777,14.0,18.0,22.0,26.0,30.0
2025_05_SF_LA,SF,LA,Mac Jones,00-0036972,QB,pass_yds,219.574,129.422,172.292,219.326,266.505,319.917
2025_05_SF_LA,SF,LA,Mac Jones,00-0036972,QB,pass_td,1.381,0.0,1.0,1.0,2.0,3.0
2025_05_SF_LA,SF,LA,Mac Jones,00-0036972,QB,ints,0.819,0.0,0.0,1.0,1.0,2.0
2025_05_SF_LA,SF,LA,Mac Jones,00-0036972,QB,car,2.581,0.0,1.0,2.0,4.0,5.0
2025_05_SF_LA,SF,LA,Mac Jones,00-0036972,QB,rush_yds,11.451,-0.987,0.0,7.038,18.075,29.739
2025_05_SF_LA,SF,LA,Mac Jones,00-0036972,QB,tgt,0.001,0.0,0.0,0.0,0.0,0.0
2025_05_SF_LA,SF,LA,Mac Jones,00-0036972,QB,rec,0.001,0.0,0.0,0.0,0.0,0.0
2025_05_SF_LA,SF,LA,Mac Jones,00-0036972,QB,rec_yds,0.011,0.0,0.0,0.0,0.0,0.0
2025_05_SF_LA,SF,LA,Mac Jones,00-0036972,QB,anytime_td,0.073,0.0,0.0,0.0,0.0,0.0
2025_05_SF_LA,SF,LA,Christian McCaffrey,00-0033280,RB,car,14.443,7.0,10.0,14.0,18.0,23.0
2025_05_SF_LA,SF,LA,Christian McCaffrey,00-0033280,RB,rush_yds,57.676,19.742,33.055,51.455,76.277,103.728
2025_05_SF_LA,SF,LA,Christian McCaffrey,00-0033280,RB,tgt,11.481,6.0,8.0,11.0,14.0,17.0
2025_05_SF_LA,SF,LA,Christian McCaffrey,00-0033280,RB,rec,8.411,4.0,6.0,8.0,11.0,13.0
2025_05_SF_LA,SF,LA,Christian McCaffrey,00-0033280,RB,rec_yds,69.517,26.015,41.924,64.476,91.315,119.984
2025_05_SF_LA,SF,LA,Christian McCaffrey,00-0033280,RB,anytime_td,0.533,0.0,0.0,1.0,1.0,1.0
2025_05_SF_LA,SF,LA,Demarcus Robinson,00-0032775,WR,car,0.011,0.0,0.0,0.0,0.0,0.0
2025_05_SF_LA,SF,LA,Demarcus Robinson,00-0032775,WR,rush_yds,0.045,0.0,0.0,0.0,0.0,0.0
2025_05_SF_LA,SF,LA,Demarcus Robinson,00-0032775,WR,tgt,4.002,1.0,2.0,4.0,5.0,7.0
2025_05_SF_LA,SF,LA,Demarcus Robinson,00-0032775,WR,rec,2.373,0.0,1.0,2.0,3.0,5.0
2025_05_SF_LA,SF,LA,Demarcus Robinson,00-0032775,WR,rec_yds,31.726,0.0,9.562,24.694,46.165,70.797
2025_05_SF_LA,SF,LA,Demarcus Robinson,00-0032775,WR,anytime_td,0.125,0.0,0.0,0.0,0.0,1.0
2025_05_SF_LA,SF,LA,Kendrick Bourne,00-0033307,WR,car,0.041,0.0,0.0,0.0,0.0,0.0
2025_05_SF_LA,SF,LA,Kendrick Bourne,00-0033307,WR,rush_yds,0.259,0.0,0.0,0.0,0.0,0.0
2025_05_SF_LA,SF,LA,Kendrick Bourne,00-0033307,WR,tgt,5.165,2.0,3.0,5.0,7.0,9.0
2025_05_SF_LA,SF,LA,Kendrick Bourne,00-0033307,WR,rec,3.171,1.0,2.0,3.0,4.0,6.0
2025_05_SF_LA,SF,LA,Kendrick Bourne,00-0033307,WR,rec_yds,38.367,4.98,15.015,32.065,55.086,79.315
2025_05_SF_LA,SF,LA,Kendrick Bourne,00-0033307,WR,anytime_td,0.07,0.0,0.0,0.0,0.0,0.0
2025_05_SF_LA,SF,LA,Jake Tonges,00-0037112,TE,car,0.002,0.0,0.0,0.0,0.0,0.0
2025_05_SF_LA,SF,LA,Jake Tonges,00-0037112,TE,rush_yds,0.003,0.0,0.0,0.0,0.0,0.0
2025_05_SF_LA,SF,LA,Jake Tonges,00-0037112,TE,tgt,3.595,1.0,2.0,3.0,5.0,7.0
2025_05_SF_LA,SF,LA,Jake Tonges,00-0037112,TE,rec,2.532,0.0,1.0,2.0,4.0,5.0
2025_05_SF_LA,SF,LA,Jake Tonges,00-0037112,TE,rec_yds,26.573,0.0,8.461,21.234,38.709,59.264
2025_05_SF_LA,SF,LA,Jake Tonges,00-0037112,TE,anytime_td,0.179,0.0,0.0,0.0,0.0,1.0
2025_05_SF_LA,SF,LA,Marquez Valdes-Scantling,00-0034272,WR,car,0.044,0.0,0.0,0.0,0.0,0.0
2025_05_SF_LA,SF,LA,Marquez Valdes-Scantling,00-0034272,WR,rush_yds,0.214,0.0,0.0,0.0,0.0,0.0
2025_05_SF_LA,SF,LA,Marquez Valdes-Scantling,00-0034272,WR,tgt,2.476,0.0,1.0,2.0,4.0,5.0
2025_05_SF_LA,SF,LA,Marquez Valdes-Scantling,00-0034272,WR,rec,1.468,0.0,0.0,1.0,2.0,3.0
2025_05_SF_LA,SF,LA,Marquez Valdes-Scantling,00-0034272,WR,rec_yds,18.81,0.0,0.0,11.569,28.791,49.502
2025_05_SF_LA,SF,LA,Marquez Valdes-Scantling,00-0034272,WR,anytime_td,0.077,0.0,0.0,0.0,0.0,0.0
2025_05_SF_LA,SF,LA,Luke Farrell,00-0036887,TE,car,0.001,0.0,0.0,0.0,0.0,0.0
2025_05_SF_LA,SF,LA,Luke Farrell,00-0036887,TE,rush_yds,0.006,0.0,0.0,0.0,0.0,0.0
2025_05_SF_LA,SF,LA,Luke Farrell,00-0036887,TE,tgt,1.755,0.0,1.0,1.0,3.0,4.0
2025_05_SF_LA,SF,LA,Luke Farrell,00-0036887,TE,rec,1.261,0.0,0.0,1.0,2.0,3.0
2025_05_SF_LA,SF,LA,Luke Farrell,00-0036887,TE,rec_yds,12.424,0.0,0.0,7.24,18.708,33.604
2025_05_SF_LA,SF,LA,Luke Farrell,00-0036887,TE,anytime_td,0.098,0.0,0.0,0.0,0.0,0.0
2025_05_SF_LA,SF,LA,Kyle Juszczyk,00-0029892,RB,car,0.351,0.0,0.0,0.0,0.0,1.0
2025_05_SF_LA,SF,LA,Kyle Juszczyk,00-0029892,RB,rush_yds,1.606,0.0,0.0,0.0,0.0,4.156
2025_05_SF_LA,SF,LA,Kyle Juszczyk,00-0029892,RB,tgt,2.306,0.0,1.0,2.0,3.0,5.0
2025_05_SF_LA,SF,LA,Kyle Juszczyk,00-0029892,RB,rec,1.792,0.0,1.0,1.0,3.0,4.0
2025_05_SF_LA,SF,LA,Kyle Juszczyk,00-0029892,RB,rec_yds,14.5,0.0,0.0,9.181,21.367,38.475
2025_05_SF_LA,SF,LA,Kyle Juszczyk,00-0029892,RB,anytime_td,0.16,0.0,0.0,0.0,0.0,1.0
2025_05_SF_LA,SF,LA,Brian Robinson,00-0037746,RB,car,6.129,1.0,3.0,5.0,9.0,12.0
2025_05_SF_LA,SF,LA,Brian Robinson,00-0037746,RB,rush_yds,26.923,2.23,8.974,20.068,37.462,60.208
2025_05_SF_LA,SF,LA,Brian Robinson,00-0037746,RB,tgt,1.156,0.0,0.0,1.0,2.0,3.0
2025_05_SF_LA,SF,LA,Brian Robinson,00-0037746,RB,rec,0.885,0.0,0.0,1.0,1.0,2.0
2025_05_SF_LA,SF,LA,Brian Robinson,00-0037746,RB,rec_yds,6.208,0.0,0.0,0.0,9.014,19.091
2025_05_SF_LA,SF,LA,Brian Robinson,00-0037746,RB,anytime_td,0.203,0.0,0.0,0.0,0.0,1.0
2025_05_SF_LA,SF,LA,Skyy Moore,00-0038090,WR,car,0.014,0.0,0.0,0.0,0.0,0.0
2025_05_SF_LA,SF,LA,Skyy Moore,00-0038090,WR,rush_yds,0.058,0.0,0.0,0.0,0.0,0.0
2025_05_SF_LA,SF,LA,Skyy Moore,00-0038090,WR,tgt,1.031,0.0,0.0,1.0,2.0,3.0
2025_05_SF_LA,SF,LA,Skyy Moore,00-0038090,WR,rec,0.62,0.0,0.0,0.0,1.0,2.0
2025_05_SF_LA,SF,LA,Skyy Moore,00-0038090,WR,rec_yds,7.618,0.0,0.0,0.0,10.415,24.358
2025_05_SF_LA,SF,LA,Skyy Moore,00-0038090,WR,anytime_td,0.011,0.0,0.0,0.0,0.0,0.0
2025_05_SF_LA,SF,LA,Malik Turner,00-0034867,WR,car,0.029,0.0,0.0,0.0,0.0,0.0
2025_05_SF_LA,SF,LA,Malik Turner,00-0034867,WR,rush_yds,0.156,0.0,0.0,0.0,0.0,0.0
2025_05_SF_LA,SF,LA,Malik Turner,00-0034867,WR,tgt,0.612,0.0,0.0,0.0,1.0,2.0
2025_05_SF_LA,SF,LA,Malik Turner,00-0034867,WR,rec,0.379,0.0,0.0,0.0,1.0,1.0
2025_05_SF_LA,SF,LA,Malik Turner,00-0034867,WR,rec_yds,4.811,0.0,0.0,0.0,2.913,17.669
2025_05_SF_LA,SF,LA,Malik Turner,00-0034867,WR,anytime_td,0.015,0.0,0.0,0.0,0.0,0.0
2025_05_SF_LA,SF,LA,Brayden Willis,00-0038643,TE,car,0.003,0.0,0.0,0.0,0.0,0.0
2025_05_SF_LA,SF,LA,Brayden Willis,00-0038643,TE,rush_yds,0.01,0.0,0.0,0.0,0.0,0.0
2025_05_SF_LA,SF,LA,Brayden Willis,00-0038643,TE,tgt,0.525,0.0,0.0,0.0,1.0,2.0
2025_05_SF_LA,SF,LA,Brayden Willis,00-0038643,TE,rec,0.354,0.0,0.0,0.0,1.0,1.0
2025_05_SF_LA,SF,LA,Brayden Willis,00-0038643,TE,rec_yds,3.818,0.0,0.0,0.0,1.723,13.994
2025_05_SF_LA,SF,LA,Brayden Willis,00-0038643,TE,anytime_td,0.004,0.0,0.0,0.0,0.0,0.0
2025_05_DAL_NYJ,NYJ,DAL,Justin Fields,00-0036945,QB,att,29.677,20.0,25.0,30.0,35.0,40.0
2025_05_DAL_NYJ,NYJ,DAL,Justin Fields,00-0036945,QB,cmp,20.395,13.0,17.0,21.0,25.0,28.0
2025_05_DAL_NYJ,NYJ,DAL,Justin Fields,00-0036945,QB,pass_yds,230.038,132.752,180.837,230.664,280.409,331.118
2025_05_DAL_NYJ,NYJ,DAL,Justin Fields,00-0036945,QB,pass_td,1.686,0.0,1.0,2.0,2.0,3.0
2025_05_DAL_NYJ,NYJ,DAL,Justin Fields,00-0036945,QB,ints,0.596,0.0,0.0,0.0,1.0,2.0
2025_05_DAL_NYJ,NYJ,DAL,Justin Fields,00-0036945,QB,car,7.755,3.0,5.0,7.0,10.0,13.0
2025_05_DAL_NYJ,NYJ,DAL,Justin Fields,00-0036945,QB,rush_yds,41.064,8.932,20.805,36.687,56.515,78.412
2025_05_DAL_NYJ,NYJ,DAL,Justin Fields,00-0036945,QB,tgt,0.001,0.0,0.0,0.0,0.0,0.0
2025_05_DAL_NYJ,NYJ,DAL,Justin Fields,00-0036945,QB,rec,0.001,0.0,0.0,0.0,0.0,0.0
2025_05_DAL_NYJ,NYJ,DAL,Justin Fields,00-0036945,QB,rec_yds,0.002,0.0,0.0,0.0,0.0,0.0
2025_05_DAL_NYJ,NYJ,DAL,Justin Fields,00-0036945,QB,anytime_td,0.365,0.0,0.0,0.0,1.0,1.0
2025_05_DAL_NYJ,NYJ,DAL,Garrett Wilson,00-0037740,WR,car,0.08,0.0,0.0,0.0,0.0,0.0
2025_05_DAL_NYJ,NYJ,DAL,Garrett Wilson,00-0037740,WR,rush_yds,0.453,0.0,0.0,0.0,0.0,0.0
2025_05_DAL_NYJ,NYJ,DAL,Garrett Wilson,00-0037740,WR,tgt,9.196,5.0,7.0,9.0,11.0,14.0
2025_05_DAL_NYJ,NYJ,DAL,Garrett Wilson,00-0037740,WR,rec,6.474,3.0,4.0,6.0,8.0,10.0
2025_05_DAL_NYJ,NYJ,DAL,Garrett Wilson,00-0037740,WR,rec_yds,81.363,27.489,47.409,75.208,108.8,141.151
2025_05_DAL_NYJ,NYJ,DAL,Garrett Wilson,00-0037740,WR,anytime_td,0.442,0.0,0.0,0.0,1.0,1.0
2025_05_DAL_NYJ,NYJ,DAL,Mason Taylor,00-0040736,TE,car,0.003,0.0,0.0,0.0,0.0,0.0
2025_05_DAL_NYJ,NYJ,DAL,Mason Taylor,00-0040736,TE,rush_yds,0.01,0.0,0.0,0.0,0.0,0.0
2025_05_DAL_NYJ,NYJ,DAL,Mason Taylor,00-0040736,TE,tgt,4.437,1.0,3.0,4.0,6.0,8.0
2025_05_DAL_NYJ,NYJ,DAL,Mason Taylor,00-0040736,TE,rec,3.289,1.0,2.0,3.0,4.0,6.0
2025_05_DAL_NYJ,NYJ,DAL,Mason Taylor,00-0040736,TE,rec_yds,35.369,4.816,14.471,29.904,50.523,73.038
2025_05_DAL_NYJ,NYJ,DAL,Mason Taylor,00-0040736,TE,anytime_td,0.118,0.0,0.0,0.0,0.0,1.0
2025_05_DAL_NYJ,NYJ,DAL,Josh Reynolds,00-0033943,WR,car,0.018,0.0,0.0,0.0,0.0,0.0
2025_05_DAL_NYJ,NYJ,DAL,Josh Reynolds,00-0033943,WR,rush_yds,0.101,0.0,0.0,0.0,0.0,0.0
2025_05_DAL_NYJ,NYJ,DAL,Josh Reynolds,00-0033943,WR,tgt,2.647,0.0,1.0,2.0,4.0,5.0
2025_05_DAL_NYJ,NYJ,DAL,Josh Reynolds,00-0033943,WR,rec,1.652,0.0,1.0,1.0,2.0,4.0
2025_05_DAL_NYJ,NYJ,DAL,Josh Reynolds,00-0033943,WR,rec_yds,22.028,0.0,0.0,15.091,33.063,54.877
2025_05_DAL_NYJ,NYJ,DAL,Josh Reynolds,00-0033943,WR,anytime_td,0.11,0.0,0.0,0.0,0.0,1.0
2025_05_DAL_NYJ,NYJ,DAL,Breece Hall,00-0038120,RB,car,15.556,8.0,11.0,15.0,20.0,24.0
2025_05_DAL_NYJ,NYJ,DAL,Breece Hall,00-0038120,RB,rush_yds,68.883,24.773,40.948,62.803,90.453,121.956
2025_05_DAL_NYJ,NYJ,DAL,Breece Hall,00-0038120,RB,tgt,4.871,2.0,3.0,5.0,7.0,9.0
2025_05_DAL_NYJ,NYJ,DAL,Breece Hall,00-0038120,RB,rec,3.862,1.0,2.0,4.0,5.0,7.0
2025_05_DAL_NYJ,NYJ,DAL,Breece Hall,00-0038120,RB,rec_yds,30.93,4.068,12.082,25.184,44.115,64.389
2025_05_DAL_NYJ,NYJ,DAL,Breece Hall,00-0038120,RB,anytime_td,0.343,0.0,0.0,0.0,1.0,1.0
2025_05_DAL_NYJ,NYJ,DAL,Arian Smith,00-0040582,WR,car,0.272,0.0,0.0,0.0,0.0,1.0
2025_05_DAL_NYJ,NYJ,DAL,Arian Smith,00-0040582,WR,rush_yds,1.465,0.0,0.0,0.0,0.0,2.343
2025_05_DAL_NYJ,NYJ,DAL,Arian Smith,00-0040582,WR,tgt,1.258,0.0,0.0,1.0,2.0,3.0
2025_05_DAL_NYJ,NYJ,DAL,Arian Smith,00-0040582,WR,rec,0.854,0.0,0.0,1.0,1.0,2.0
2025_05_DAL_NYJ,NYJ,DAL,Arian Smith,00-0040582,WR,rec_yds,10.73,0.0,0.0,1.003,15.937,32.845
2025_05_DAL_NYJ,NYJ,DAL,Arian Smith,00-0040582,WR,anytime_td,0.038,0.0,0.0,0.0,0.0,0.0
2025_05_DAL_NYJ,NYJ,DAL,Isaiah Davis,00-0039798,RB,car,2.803,0.0,1.0,2.0,4.0,7.0
2025_05_DAL_NYJ,NYJ,DAL,Isaiah Davis,00-0039798,RB,rush_yds,12.822,0.0,0.0,6.324,18.27,34.773
2025_05_DAL_NYJ,NYJ,DAL,Isaiah Davis,00-0039798,RB,tgt,1.384,0.0,0.0,1.0,2.0,3.0
2025_05_DAL_NYJ,NYJ,DAL,Isaiah Davis,00-0039798,RB,rec,1.107,0.0,0.0,1.0,2.0,3.0
2025_05_DAL_NYJ,NYJ,DAL,Isaiah Davis,00-0039798,RB,rec_yds,8.575,0.0,0.0,3.045,12.819,25.706
2025_05_DAL_NYJ,NYJ,DAL,Isaiah Davis,00-0039798,RB,anytime_td,0.097,0.0,0.0,0.0,0.0,0.0
2025_05_DAL_NYJ,NYJ,DAL,Jeremy Ruckert,00-0037805,TE,car,0.002,0.0,0.0,0.0,0.0,0.0
2025_05_DAL_NYJ,NYJ,DAL,Jeremy Ruckert,00-0037805,TE,rush_yds,0.007,0.0,0.0,0.0,0.0,0.0
2025_05_DAL_NYJ,NYJ,DAL,Jeremy Ruckert,00-0037805,TE,tgt,1.255,0.0,0.0,1.0,2.0,3.0
2025_05_DAL_NYJ,NYJ,DAL,Jeremy Ruckert,00-0037805,TE,rec,0.95,0.0,0.0,1.0,1.0,2.0
2025_05_DAL_NYJ,NYJ,DAL,Jeremy Ruckert,00-0037805,TE,rec_yds,10.051,0.0,0.0,3.785,14.979,29.583
2025_05_DAL_NYJ,NYJ,DAL,Jeremy Ruckert,00-0037805,TE,anytime_td,0.122,0.0,0.0,0.0,0.0,1.0
2025_05_DAL_NYJ,NYJ,DAL,Allen Lazard,00-0034521,WR,car,0.014,0.0,0.0,0.0,0.0,0.0
2025_05_DAL_NYJ,NYJ,DAL,Allen Lazard,00-0034521,WR,rush_yds,0.096,0.0,0.0,0.0,0.0,0.0
2025_05_DAL_NYJ,NYJ,DAL,Allen Lazard,00-0034521,WR,tgt,2.617,0.0,1.0,2.0,4.0,5.0
2025_05_DAL_NYJ,NYJ,DAL,Allen Lazard,00-0034521,WR,rec,1.737,0.0,1.0,1.0,3.0,4.0
2025_05_DAL_NYJ,NYJ,DAL,Allen Lazard,00-0034521,WR,rec_yds,22.755,0.0,2.848,15.879,33.636,56.442
2025_05_DAL_NYJ,NYJ,DAL,Allen Lazard,00-0034521,WR,anytime_td,0.251,0.0,0.0,0.0,1.0,1.0
2025_05_DAL_NYJ,NYJ,DAL,Tyler Johnson,00-0036427,WR,car,0.024,0.0,0.0,0.0,0.0,0.0
2025_05_DAL_NYJ,NYJ,DAL,Tyler Johnson,00-0036427,WR,rush_yds,0.155,0.0,0.0,0.0,0.0,0.0
2025_05_DAL_NYJ,NYJ,DAL,Tyler Johnson,00-0036427,WR,tgt,2.431,0.0,1.0,2.0,3.0,5.0
2025_05_DAL_NYJ,NYJ,DAL,Tyler Johnson,00-0036427,WR,rec,1.613,0.0,0.0,1.0,2.0,4.0
2025_05_DAL_NYJ,NYJ,DAL,Tyler Johnson,00-0036427,WR,rec_yds,21.669,0.0,0.0,13.9,32.951,55.85
2025_05_DAL_NYJ,NYJ,DAL,Tyler Johnson,00-0036427,WR,anytime_td,0.093,0.0,0.0,0.0,0.0,0.0
2025_05_DAL_NYJ,DAL,NYJ,Dak Prescott,00-0033077,QB,att,33.429,23.0,29.0,34.0,40.0,44.0
2025_05_DAL_NYJ,DAL,NYJ,Dak Prescott,00-0033077,QB,cmp,22.373,14.0,19.0,23.0,27.0,31.0
2025_05_DAL_NYJ,DAL,NYJ,Dak Prescott,00-0033077,QB,pass_yds,244.526,146.533,193.689,244.152,299.163,350.314
2025_05_DAL_NYJ,DAL,NYJ,Dak Prescott,00-0033077,QB,pass_td,1.581,0.0,1.0,2.0,2.0,3.0
2025_05_DAL_NYJ,DAL,NYJ,Dak Prescott,00-0033077,QB,ints,0.681,0.0,0.0,0.0,1.0,2.0
2025_05_DAL_NYJ,DAL,NYJ,Dak Prescott,00-0033077,QB,car,2.466,0.0,1.0,2.0,3.0,5.0
2025_05_DAL_NYJ,DAL,NYJ,Dak Prescott,00-0033077,QB,rush_yds,8.72,-1.0,0.0,3.958,13.688,25.708
2025_05_DAL_NYJ,DAL,NYJ,Dak Prescott,00-0033077,QB,tgt,0.001,0.0,0.0,0.0,0.0,0.0
2025_05_DAL_NYJ,DAL,NYJ,Dak Prescott,00-0033077,QB,rec,0.001,0.0,0.0,0.0,0.0,0.0
2025_05_DAL_NYJ,DAL,NYJ,Dak Prescott,00-0033077,QB,rec_yds,0.001,0.0,0.0,0.0,0.0,0.0
2025_05_DAL_NYJ,DAL,NYJ,Dak Prescott,00-0033077,QB,anytime_td,0.154,0.0,0.0,0.0,0.0,1.0
2025_05_DAL_NYJ,DAL,NYJ,George Pickens,00-0037247,WR,car,0.053,0.0,0.0,0.0,0.0,0.0
2025_05_DAL_NYJ,DAL,NYJ,George Pickens,00-0037247,WR,rush_yds,0.29,0.0,0.0,0.0,0.0,0.0
2025_05_DAL_NYJ,DAL,NYJ,George Pickens,00-0037247,WR,tgt,8.439,4.0,6.0,8.0,11.0,13.0
2025_05_DAL_NYJ,DAL,NYJ,George Pickens,00-0037247,WR,rec,5.35,2.0,3.0,5.0,7.0,9.0
2025_05_DAL_NYJ,DAL,NYJ,George Pickens,00-0037247,WR,rec_yds,76.993,22.639,42.332,70.086,104.212,140.721
2025_05_DAL_NYJ,DAL,NYJ,George Pickens,00-0037247,WR,anytime_td,0.486,0.0,0.0,0.0,1.0,1.0
2025_05_DAL_NYJ,DAL,NYJ,Jalen Tolbert,00-0037666,WR,car,0.013,0.0,0.0,0.0,0.0,0.0
2025_05_DAL_NYJ,DAL,NYJ,Jalen Tolbert,00-0037666,WR,rush_yds,0.057,0.0,0.0,0.0,0.0,0.0
2025_05_DAL_NYJ,DAL,NYJ,Jalen Tolbert,00-0037666,WR,tgt,4.725,1.0,3.0,4.0,6.0,8.0
2025_05_DAL_NYJ,DAL,NYJ,Jalen Tolbert,00-0037666,WR,rec,2.885,1.0,1.0,3.0,4.0,6.0
2025_05_DAL_NYJ,DAL,NYJ,Jalen Tolbert,00-0037666,WR,rec_yds,38.15,2.754,13.479,30.878,54.907,82.952
2025_05_DAL_NYJ,DAL,NYJ,Jalen Tolbert,00-0037666,WR,anytime_td,0.184,0.0,0.0,0.0,0.0,1.0
2025_05_DAL_NYJ,DAL,NYJ,Javonte Williams,00-0036997,RB,car,18.116,10.0,13.0,18.0,22.0,27.0
2025_05_DAL_NYJ,DAL,NYJ,Javonte Williams,00-0036997,RB,rush_yds,78.956,31.839,48.88,72.043,102.316,134.644
2025_05_DAL_NYJ,DAL,NYJ,Javonte Williams,00-0036997,RB,tgt,4.251,1.0,2.0,4.0,6.0,8.0
2025_05_DAL_NYJ,DAL,NYJ,Javonte Williams,00-0036997,RB,rec,3.432,1.0,2.0,3.0,5.0,6.0
2025_05_DAL_NYJ,DAL,NYJ,Javonte Williams,00-0036997,RB,rec_yds,23.793,1.001,8.514,19.097,34.556,51.572
2025_05_DAL_NYJ,DAL,NYJ,Javonte Williams,00-0036997,RB,anytime_td,0.43,0.0,0.0,0.0,1.0,1.0
2025_05_DAL_NYJ,DAL,NYJ,Ryan Flournoy,00-0039410,WR,car,0.307,0.0,0.0,0.0,0.0,1.0
2025_05_DAL_NYJ,DAL,NYJ,Ryan Flournoy,00-0039410,WR,rush_yds,1.647,0.0,0.0,0.0,0.0,3.604
2025_05_DAL_NYJ,DAL,NYJ,Ryan Flournoy,00-0039410,WR,tgt,1.779,0.0,0.0,1.0,3.0,4.0
2025_05_DAL_NYJ,DAL,NYJ,Ryan Flournoy,00-0039410,WR,rec,1.162,0.0,0.0,1.0,2.0,3.0
2025_05_DAL_NYJ,DAL,NYJ,Ryan Flournoy,00-0039410,WR,rec_yds,14.657,0.0,0.0,7.154,22.438,40.536
2025_05_DAL_NYJ,DAL,NYJ,Ryan Flournoy,00-0039410,WR,anytime_td,0.026,0.0,0.0,0.0,0.0,0.0
2025_05_DAL_NYJ,DAL,NYJ,Luke Schoonmaker,00-0038547,TE,car,0.001,0.0,0.0,0.0,0.0,0.0
2025_05_DAL_NYJ,DAL,NYJ,Luke Schoonmaker,00-0038547,TE,rush_yds,0.001,0.0,0.0,0.0,0.0,0.0
2025_05_DAL_NYJ,DAL,NYJ,Luke Schoonmaker,00-0038547,TE,tgt,1.793,0.0,0.0,1.0,3.0,4.0
2025_05_DAL_NYJ,DAL,NYJ,Luke Schoonmaker,00-0038547,TE,rec,1.26,0.0,0.0,1.0,2.0,3.0
2025_05_DAL_NYJ,DAL,NYJ,Luke Schoonmaker,00-0038547,TE,rec_yds,12.92,0.0,0.0,7.425,19.958,35.066
2025_05_DAL_NYJ,DAL,NYJ,Luke Schoonmaker,00-0038547,TE,anytime_td,0.039,0.0,0.0,0.0,0.0,0.0
2025_05_DAL_NYJ,DAL,NYJ,Jake Ferguson,00-0038041,TE,car,0.003,0.0,0.0,0.0,0.0,0.0
2025_05_DAL_NYJ,DAL,NYJ,Jake Ferguson,00-0038041,TE,rush_yds,0.007,0.0,0.0,0.0,0.0,0.0
2025_05_DAL_NYJ,DAL,NYJ,Jake Ferguson,00-0038041,TE,tgt,8.548,4.0,6.0,8.0,11.0,13.0
2025_05_DAL_NYJ,DAL,NYJ,Jake Ferguson,00-0038041,TE,rec,6.631,3.0,4.0,6.0,9.0,11.0
2025_05_DAL_NYJ,DAL,NYJ,Jake Ferguson,00-0038041,TE,rec_yds,59.336,21.051,34.829,54.89,78.622,103.275
2025_05_DAL_NYJ,DAL,NYJ,Jake Ferguson,00-0038041,TE,anytime_td,0.258,0.0,0.0,0.0,1.0,1.0
2025_05_DAL_NYJ,DAL,NYJ,Brevyn Spann-Ford,00-0039530,TE,car,0.003,0.0,0.0,0.0,0.0,0.0
2025_05_DAL_NYJ,DAL,NYJ,Brevyn Spann-Ford,00-0039530,TE,rush_yds,0.006,0.0,0.0,0.0,0.0,0.0
2025_05_DAL_NYJ,DAL,NYJ,Brevyn Spann-Ford,00-0039530,TE,tgt,0.581,0.0,0.0,0.0,1.0,2.0
2025_05_DAL_NYJ,DAL,NYJ,Brevyn Spann-Ford,00-0039530,TE,rec,0.406,0.0,0.0,0.0,1.0,1.0
2025_05_DAL_NYJ,DAL,NYJ,Brevyn Spann-Ford,00-0039530,TE,rec_yds,4.308,0.0,0.0,0.0,4.2,15.807
2025_05_DAL_NYJ,DAL,NYJ,Brevyn Spann-Ford,00-0039530,TE,anytime_td,0.007,0.0,0.0,0.0,0.0,0.0
2025_05_DAL_NYJ,DAL,NYJ,Hunter Luepke,00-0038738,RB,car,1.027,0.0,0.0,0.0,1.0,3.0
2025_05_DAL_NYJ,DAL,NYJ,Hunter Luepke,00-0038738,RB,rush_yds,4.011,0.0,0.0,0.0,4.137,13.332
2025_05_DAL_NYJ,DAL,NYJ,Hunter Luepke,00-0038738,RB,tgt,0.522,0.0,0.0,0.0,1.0,2.0
2025_05_DAL_NYJ,DAL,NYJ,Hunter Luepke,00-0038738,RB,rec,0.397,0.0,0.0,0.0,1.0,1.0
2025_05_DAL_NYJ,DAL,NYJ,Hunter Luepke,00-0038738,RB,rec_yds,2.978,0.0,0.0,0.0,0.776,11.094
2025_05_DAL_NYJ,DAL,NYJ,Hunter Luepke,00-0038738,RB,anytime_td,0.021,0.0,0.0,0.0,0.0,0.0
2025_05_DAL_NYJ,DAL,NYJ,Jaydon Blue,00-0040586,RB,car,3.63,0.0,1.0,3.0,5.0,8.0
2025_05_DAL_NYJ,DAL,NYJ,Jaydon Blue,00-0040586,RB,rush_yds,14.808,0.0,1.806,9.093,21.239,38.22
2025_05_DAL_NYJ,DAL,NYJ,Jaydon Blue,00-0040586,RB,tgt,0.859,0.0,0.0,0.0,1.0,2.0
2025_05_DAL_NYJ,DAL,NYJ,Jaydon Blue,00-0040586,RB,rec,0.668,0.0,0.0,0.0,1.0,2.0
2025_05_DAL_NYJ,DAL,NYJ,Jaydon Blue,00-0040586,RB,rec_yds,5.161,0.0,0.0,0.0,6.952,17.227
2025_05_DAL_NYJ,DAL,NYJ,Jaydon Blue,00-0040586,RB,anytime_td,0.143,0.0,0.0,0.0,0.0,1.0
2025_05_DAL_NYJ,DAL,NYJ,Jalen Moreno-Cropper,00-0038740,WR,car,0.041,0.0,0.0,0.0,0.0,0.0
2025_05_DAL_NYJ,DAL,NYJ,Jalen Moreno-Cropper,00-0038740,WR,rush_yds,0.246,0.0,0.0,0.0,0.0,0.0
2025_05_DAL_NYJ,DAL,NYJ,Jalen Moreno-Cropper,00-0038740,WR,tgt,0.557,0.0,0.0,0.0,1.0,2.0
2025_05_DAL_NYJ,DAL,NYJ,Jalen Moreno-Cropper,00-0038740,WR,rec,0.348,0.0,0.0,0.0,0.0,1.0
2025_05_DAL_NYJ,DAL,NYJ,Jalen Moreno-Cropper,00-0038740,WR,rec_yds,4.578,0.0,0.0,0.0,0.0,17.231
2025_05_DAL_NYJ,DAL,NYJ,Jalen Moreno-Cropper,00-0038740,WR,anytime_td,0.011,0.0,0.0,0.0,0.0,0.0
2025_05_DAL_NYJ,DAL,NYJ,Jalen Brooks,00-0038640,WR,car,0.016,0.0,0.0,0.0,0.0,0.0
2025_05_DAL_NYJ,DAL,NYJ,Jalen Brooks,00-0038640,WR,rush_yds,0.098,0.0,0.0,0.0,0.0,0.0
2025_05_DAL_NYJ,DAL,NYJ,Jalen Brooks,00-0038640,WR,tgt,2.197,0.0,1.0,2.0,3.0,5.0
2025_05_DAL_NYJ,DAL,NYJ,Jalen Brooks,00-0038640,WR,rec,1.364,0.0,0.0,1.0,2.0,3.0
2025_05_DAL_NYJ,DAL,NYJ,Jalen Brooks,00-0038640,WR,rec_yds,18.486,0.0,0.0,10.99,27.845,49.236
2025_05_DAL_NYJ,DAL,NYJ,Jalen Brooks,00-0038640,WR,anytime_td,0.117,0.0,0.0,0.0,0.0,1.0
2025_05_DEN_PHI,PHI,DEN,Jalen Hurts,00-0036389,QB,att,26.764,17.0,22.0,27.0,32.0,36.0
2025_05_DEN_PHI,PHI,DEN,Jalen Hurts,00-0036389,QB,cmp,17.691,11.0,14.0,18.0,21.0,25.0
2025_05_DEN_PHI,PHI,DEN,Jalen Hurts,00-0036389,QB,pass_yds,198.085,111.808,152.708,197.79,245.647,289.213
2025_05_DEN_PHI,PHI,DEN,Jalen Hurts,00-0036389,QB,pass_td,1.283,0.0,0.0,1.0,2.0,3.0
2025_05_DEN_PHI,PHI,DEN,Jalen Hurts,00-0036389,QB,ints,0.494,0.0,0.0,0.0,1.0,1.0
2025_05_DEN_PHI,PHI,DEN,Jalen Hurts,00-0036389,QB,car,7.428,3.0,4.0,7.0,10.0,13.0
2025_05_DEN_PHI,PHI,DEN,Jalen Hurts,00-0036389,QB,rush_yds,35.682,7.181,17.093,31.206,50.011,69.085
2025_05_DEN_PHI,PHI,DEN,Jalen Hurts,00-0036389,QB,tgt,0.0,0.0,0.0,0.0,0.0,0.0
2025_05_DEN_PHI,PHI,DEN,Jalen Hurts,00-0036389,QB,rec,0.0,0.0,0.0,0.0,0.0,0.0
2025_05_DEN_PHI,PHI,DEN,Jalen Hurts,00-0036389,QB,rec_yds,0.001,0.0,0.0,0.0,0.0,0.0
2025_05_DEN_PHI,PHI,DEN,Jalen Hurts,00-0036389,QB,anytime_td,0.431,0.0,0.0,0.0,1.0,1.0
2025_05_DEN_PHI,PHI,DEN,DeVonta Smith,00-0036912,WR,car,0.024,0.0,0.0,0.0,0.0,0.0
2025_05_DEN_PHI,PHI,DEN,DeVonta Smith,00-0036912,WR,rush_yds,0.119,0.0,0.0,0.0,0.0,0.0
2025_05_DEN_PHI,PHI,DEN,DeVonta Smith,00-0036912,WR,tgt,5.269,2.0,3.0,5.0,7.0,9.0
2025_05_DEN_PHI,PHI,DEN,DeVonta Smith,00-0036912,WR,rec,3.765,1.0,2.0,3.0,5.0,7.0
2025_05_DEN_PHI,PHI,DEN,DeVonta Smith,00-0036912,WR,rec_yds,46.253,8.581,20.42,39.862,64.828,93.101
2025_05_DEN_PHI,PHI,DEN,DeVonta Smith,00-0036912,WR,anytime_td,0.266,0.0,0.0,0.0,1.0,1.0
2025_05_DEN_PHI,PHI,DEN,A.J. Brown,00-0035676,WR,car,0.008,0.0,0.0,0.0,0.0,0.0
2025_05_DEN_PHI,PHI,DEN,A.J. Brown,00-0035676,WR,rush_yds,0.035,0.0,0.0,0.0,0.0,0.0
2025_05_DEN_PHI,PHI,DEN,A.J. Brown,00-0035676,WR,tgt,7.384,3.0,5.0,7.0,9.0,12.0
2025_05_DEN_PHI,PHI,DEN,A.J. Brown,00-0035676,WR,rec,4.297,2.0,3.0,4.0,6.0,7.0
2025_05_DEN_PHI,PHI,DEN,A.J. Brown,00-0035676,WR,rec_yds,55.852,13.325,28.358,49.587,77.088,105.567
2025_05_DEN_PHI,PHI,DEN,A.J. Brown,00-0035676,WR,anytime_td,0.295,0.0,0.0,0.0,1.0,1.0
2025_05_DEN_PHI,PHI,DEN,Dallas Goedert,00-0034351,TE,car,0.087,0.0,0.0,0.0,0.0,0.0
2025_05_DEN_PHI,PHI,DEN,Dallas Goedert,00-0034351,TE,rush_yds,0.223,0.0,0.0,0.0,0.0,0.0
2025_05_DEN_PHI,PHI,DEN,Dallas Goedert,00-0034351,TE,tgt,4.266,1.0,2.0,4.0,6.0,8.0
2025_05_DEN_PHI,PHI,DEN,Dallas Goedert,00-0034351,TE,rec,3.272,1.0,2.0,3.0,4.0,6.0
2025_05_DEN_PHI,PHI,DEN,Dallas Goedert,00-0034351,TE,rec_yds,35.607,4.795,14.682,30.246,50.802,72.428
2025_05_DEN_PHI,PHI,DEN,Dallas Goedert,00-0034351,TE,anytime_td,0.352,0.0,0.0,0.0,1.0,1.0
2025_05_DEN_PHI,PHI,DEN,Jahan Dotson,00-0037741,WR,car,0.009,0.0,0.0,0.0,0.0,0.0
2025_05_DEN_PHI,PHI,DEN,Jahan Dotson,00-0037741,WR,rush_yds,0.032,0.0,0.0,0.0,0.0,0.0
2025_05_DEN_PHI,PHI,DEN,Jahan Dotson,00-0037741,WR,tgt,1.889,0.0,1.0,2.0,3.0,4.0
2025_05_DEN_PHI,PHI,DEN,Jahan Dotson,00-0037741,WR,rec,1.207,0.0,0.0,1.0,2.0,3.0
2025_05_DEN_PHI,PHI,DEN,Jahan Dotson,00-0037741,WR,rec_yds,16.428,0.0,0.0,8.929,24.866,45.388
2025_05_DEN_PHI,PHI,DEN,Jahan Dotson,00-0037741,WR,anytime_td,0.056,0.0,0.0,0.0,0.0,0.0
2025_05_DEN_PHI,PHI,DEN,Saquon Barkley,00-0034844,RB,car,16.341,8.0,12.0,16.0,21.0,25.0
2025_05_DEN_PHI,PHI,DEN,Saquon Barkley,00-0034844,RB,rush_yds,70.677,26.234,41.295,63.581,93.167,124.561
2025_05_DEN_PHI,PHI,DEN,Saquon Barkley,00-0034844,RB,tgt,3.493,1.0,2.0,3.0,5.0,7.0
2025_05_DEN_PHI,PHI,DEN,Saquon Barkley,00-0034844,RB,rec,2.818,1.0,1.0,2.0,4.0,6.0
2025_05_DEN_PHI,PHI,DEN,Saquon Barkley,00-0034844,RB,rec_yds,19.995,0.0,5.741,15.4,29.071,45.909
2025_05_DEN_PHI,PHI,DEN,Saquon Barkley,00-0034844,RB,anytime_td,0.427,0.0,0.0,0.0,1.0,1.0
2025_05_DEN_PHI,PHI,DEN,Kylen Granson,00-0036876,TE,car,0.002,0.0,0.0,0.0,0.0,0.0
2025_05_DEN_PHI,PHI,DEN,Kylen Granson,00-0036876,TE,rush_yds,0.003,0.0,0.0,0.0,0.0,0.0
2025_05_DEN_PHI,PHI,DEN,Kylen Granson,00-0036876,TE,tgt,0.968,0.0,0.0,1.0,2.0,3.0
2025_05_DEN_PHI,PHI,DEN,Kylen Granson,00-0036876,TE,rec,0.676,0.0,0.0,0.0,1.0,2.0
2025_05_DEN_PHI,PHI,DEN,Kylen Granson,00-0036876,TE,rec_yds,7.068,0.0,0.0,0.0,10.55,22.753
2025_05_DEN_PHI,PHI,DEN,Kylen Granson,00-0036876,TE,anytime_td,0.025,0.0,0.0,0.0,0.0,0.0
2025_05_DEN_PHI,PHI,DEN,AJ Dillon,00-0036265,RB,car,4.113,0.0,1.0,3.0,6.0,9.0
2025_05_DEN_PHI,PHI,DEN,AJ Dillon,00-0036265,RB,rush_yds,18.307,0.0,3.136,12.006,26.333,45.185
2025_05_DEN_PHI,PHI,DEN,AJ Dillon,00-0036265,RB,tgt,0.464,0.0,0.0,0.0,1.0,1.1
2025_05_DEN_PHI,PHI,DEN,AJ Dillon,00-0036265,RB,rec,0.362,0.0,0.0,0.0,1.0,1.0
2025_05_DEN_PHI,PHI,DEN,AJ Dillon,00-0036265,RB,rec_yds,2.881,0.0,0.0,0.0,0.0,10.553
2025_05_DEN_PHI,PHI,DEN,AJ Dillon,00-0036265,RB,anytime_td,0.096,0.0,0.0,0.0,0.0,0.0
2025_05_DEN_PHI,PHI,DEN,Will Shipley,00-0039746,RB,car,2.223,0.0,0.0,1.0,3.0,6.0
2025_05_DEN_PHI,PHI,DEN,Will Shipley,00-0039746,RB,rush_yds,10.383,0.0,0.0,3.63,14.262,30.672
2025_05_DEN_PHI,PHI,DEN,Will Shipley,00-0039746,RB,tgt,0.569,0.0,0.0,0.0,1.0,2.0
2025_05_DEN_PHI,PHI,DEN,Will Shipley,00-0039746,RB,rec,0.431,0.0,0.0,0.0,1.0,1.0
2025_05_DEN_PHI,PHI,DEN,Will Shipley,00-0039746,RB,rec_yds,3.27,0.0,0.0,0.0,2.663,11.888
2025_05_DEN_PHI,PHI,DEN,Will Shipley,00-0039746,RB,anytime_td,0.068,0.0,0.0,0.0,0.0,0.0
2025_05_DEN_PHI,PHI,DEN,Grant Calcaterra,00-0037086,TE,car,0.002,0.0,0.0,0.0,0.0,0.0
2025_05_DEN_PHI,PHI,DEN,Grant Calcaterra,00-0037086,TE,rush_yds,0.003,0.0,0.0,0.0,0.0,0.0
2025_05_DEN_PHI,PHI,DEN,Grant Calcaterra,00-0037086,TE,tgt,1.112,0.0,0.0,1.0,2.0,3.0
2025_05_DEN_PHI,PHI,DEN,Grant Calcaterra,00-0037086,TE,rec,0.773,0.0,0.0,0.0,1.0,2.0
2025_05_DEN_PHI,PHI,DEN,Grant Calcaterra,00-0037086,TE,rec_yds,8.432,0.0,0.0,0.0,12.782,26.006
2025_05_DEN_PHI,PHI,DEN,Grant Calcaterra,00-0037086,TE,anytime_td,0.028,0.0,0.0,0.0,0.0,0.0
2025_05_DEN_PHI,PHI,DEN,John Metchie III,00-0037614,WR,car,0.012,0.0,0.0,0.0,0.0,0.0
2025_05_DEN_PHI,PHI,DEN,John Metchie III,00-0037614,WR,rush_yds,0.066,0.0,0.0,0.0,0.0,0.0
2025_05_DEN_PHI,PHI,DEN,John Metchie III,00-0037614,WR,tgt,1.806,0.0,1.0,1.0,3.0,4.0
2025_05_DEN_PHI,PHI,DEN,John Metchie III,00-0037614,WR,rec,1.184,0.0,0.0,1.0,2.0,3.0
2025_05_DEN_PHI,PHI,DEN,John Metchie III,00-0037614,WR,rec_yds,14.567,0.0,0.0,7.755,22.045,40.387
2025_05_DEN_PHI,PHI,DEN,John Metchie III,00-0037614,WR,anytime_td,0.049,0.0,0.0,0.0,0.0,0.0
2025_05_DEN_PHI,DEN,PHI,Bo Nix,00-0039732,QB,att,31.371,21.0,27.0,32.0,37.0,42.0
2025_05_DEN_PHI,DEN,PHI,Bo Nix,00-0039732,QB,cmp,20.096,13.0,17.0,20.0,24.0,28.0
2025_05_DEN_PHI,DEN,PHI,Bo Nix,00-0039732,QB,pass_yds,213.259,124.033,168.136,214.167,260.196,308.391
2025_05_DEN_PHI,DEN,PHI,Bo Nix,00-0039732,QB,pass_td,1.307,0.0,0.0,1.0,2.0,3.0
2025_05_DEN_PHI,DEN,PHI,Bo Nix,00-0039732,QB,ints,0.744,0.0,0.0,0.0,1.0,2.0
2025_05_DEN_PHI,DEN,PHI,Bo Nix,00-0039732,QB,car,4.681,1.0,3.0,4.0,6.0,9.0
2025_05_DEN_PHI,DEN,PHI,Bo Nix,00-0039732,QB,rush_yds,23.055,1.793,8.981,18.96,33.19,48.897
2025_05_DEN_PHI,DEN,PHI,Bo Nix,00-0039732,QB,tgt,0.0,0.0,0.0,0.0,0.0,0.0
2025_05_DEN_PHI,DEN,PHI,Bo Nix,00-0039732,QB,rec,0.0,0.0,0.0,0.0,0.0,0.0
2025_05_DEN_PHI,DEN,PHI,Bo Nix,00-0039732,QB,rec_yds,0.0,0.0,0.0,0.0,0.0,0.0
2025_05_DEN_PHI,DEN,PHI,Bo Nix,00-0039732,QB,anytime_td,0.176,0.0,0.0,0.0,0.0,1.0
2025_05_DEN_PHI,DEN,PHI,Courtland Sutton,00-0034348,WR,car,0.009,0.0,0.0,0.0,0.0,0.0
2025_05_DEN_PHI,DEN,PHI,Courtland Sutton,00-0034348,WR,rush_yds,0.065,0.0,0.0,0.0,0.0,0.0
2025_05_DEN_PHI,DEN,PHI,Courtland Sutton,00-0034348,WR,tgt,6.872,3.0,4.0,7.0,9.0,11.0
2025_05_DEN_PHI,DEN,PHI,Courtland Sutton,00-0034348,WR,rec,4.32,1.0,3.0,4.0,6.0,8.0
2025_05_DEN_PHI,DEN,PHI,Courtland Sutton,00-0034348,WR,rec_yds,57.441,13.191,28.606,51.018,78.435,110.764
2025_05_DEN_PHI,DEN,PHI,Courtland Sutton,00-0034348,WR,anytime_td,0.325,0.0,0.0,0.0,1.0,1.0
2025_05_DEN_PHI,DEN,PHI,Troy Franklin,00-0039868,WR,car,0.156,0.0,0.0,0.0,0.0,0.0
2025_05_DEN_PHI,DEN,PHI,Troy Franklin,00-0039868,WR,rush_yds,0.748,0.0,0.0,0.0,0.0,0.0
2025_05_DEN_PHI,DEN,PHI,Troy Franklin,00-0039868,WR,tgt,5.389,2.0,3.0,5.0,7.0,9.0
2025_05_DEN_PHI,DEN,PHI,Troy Franklin,00-0039868,WR,rec,3.312,1.0,2.0,3.0,5.0,6.0
2025_05_DEN_PHI,DEN,PHI,Troy Franklin,00-0039868,WR,rec_yds,40.401,5.222,16.294,33.886,57.942,83.302
2025_05_DEN_PHI,DEN,PHI,Troy Franklin,00-0039868,WR,anytime_td,0.184,0.0,0.0,0.0,0.0,1.0
2025_05_DEN_PHI,DEN,PHI,Pat Bryant,00-0040134,WR,car,0.015,0.0,0.0,0.0,0.0,0.0
2025_05_DEN_PHI,DEN,PHI,Pat Bryant,00-0040134,WR,rush_yds,0.063,0.0,0.0,0.0,0.0,0.0
2025_05_DEN_PHI,DEN,PHI,Pat Bryant,00-0040134,WR,tgt,1.092,0.0,0.0,1.0,2.0,3.0
2025_05_DEN_PHI,DEN,PHI,Pat Bryant,00-0040134,WR,rec,0.655,0.0,0.0,0.0,1.0,2.0
2025_05_DEN_PHI,DEN,PHI,Pat Bryant,00-0040134,WR,rec_yds,8.049,0.0,0.0,0.0,11.25,25.742
2025_05_DEN_PHI,DEN,PHI,Pat Bryant,00-0040134,WR,anytime_td,0.032,0.0,0.0,0.0,0.0,0.0
2025_05_DEN_PHI,DEN,PHI,J.K. Dobbins,00-0036158,RB,car,12.56,6.0,8.0,12.0,16.0,20.0
2025_05_DEN_PHI,DEN,PHI,J.K. Dobbins,00-0036158,RB,rush_yds,55.237,16.438,29.652,49.163,74.1,101.668
2025_05_DEN_PHI,DEN,PHI,J.K. Dobbins,00-0036158,RB,tgt,1.814,0.0,1.0,1.0,3.0,4.0
2025_05_DEN_PHI,DEN,PHI,J.K. Dobbins,00-0036158,RB,rec,1.369,0.0,0.0,1.0,2.0,3.0
2025_05_DEN_PHI,DEN,PHI,J.K. Dobbins,00-0036158,RB,rec_yds,9.227,0.0,0.0,4.919,13.516,25.834
2025_05_DEN_PHI,DEN,PHI,J.K. Dobbins,00-0036158,RB,anytime_td,0.332,0.0,0.0,0.0,1.0,1.0
2025_05_DEN_PHI,DEN,PHI,Adam Trautman,00-0036422,TE,car,0.003,0.0,0.0,0.0,0.0,0.0
2025_05_DEN_PHI,DEN,PHI,Adam Trautman,00-0036422,TE,rush_yds,0.005,0.0,0.0,0.0,0.0,0.0
2025_05_DEN_PHI,DEN,PHI,Adam Trautman,00-0036422,TE,tgt,1.65,0.0,0.0,1.0,2.0,4.0
2025_05_DEN_PHI,DEN,PHI,Adam Trautman,00-0036422,TE,rec,1.167,0.0,0.0,1.0,2.0,3.0
2025_05_DEN_PHI,DEN,PHI,Adam Trautman,00-0036422,TE,rec_yds,11.609,0.0,0.0,6.781,17.799,31.457
2025_05_DEN_PHI,DEN,PHI,Adam Trautman,00-0036422,TE,anytime_td,0.115,0.0,0.0,0.0,0.0,1.0
2025_05_DEN_PHI,DEN,PHI,Evan Engram,00-0033881,TE,car,0.002,0.0,0.0,0.0,0.0,0.0
2025_05_DEN_PHI,DEN,PHI,Evan Engram,00-0033881,TE,rush_yds,0.006,0.0,0.0,0.0,0.0,0.0
2025_05_DEN_PHI,DEN,PHI,Evan Engram,00-0033881,TE,tgt,4.645,1.0,3.0,4.0,6.0,8.0
2025_05_DEN_PHI,DEN,PHI,Evan Engram,00-0033881,TE,rec,3.149,1.0,2.0,3.0,4.0,6.0
2025_05_DEN_PHI,DEN,PHI,Evan Engram,00-0033881,TE,rec_yds,29.874,2.953,11.122,24.846,43.008,63.178
2025_05_DEN_PHI,DEN,PHI,Evan Engram,00-0033881,TE,anytime_td,0.096,0.0,0.0,0.0,0.0,0.0
2025_05_DEN_PHI,DEN,PHI,Marvin Mims Jr.,00-0038976,WR,car,0.515,0.0,0.0,0.0,0.0,2.0
2025_05_DEN_PHI,DEN,PHI,Marvin Mims Jr.,00-0038976,WR,rush_yds,2.7,0.0,0.0,0.0,0.0,8.737
2025_05_DEN_PHI,DEN,PHI,Marvin Mims Jr.,00-0038976,WR,tgt,4.005,1.0,2.0,4.0,6.0,7.0
2025_05_DEN_PHI,DEN,PHI,Marvin Mims Jr.,00-0038976,WR,rec,2.63,0.0,1.0,2.0,4.0,5.0
2025_05_DEN_PHI,DEN,PHI,Marvin Mims Jr.,00-0038976,WR,rec_yds,31.25,0.0,9.957,24.764,45.206,69.01
2025_05_DEN_PHI,DEN,PHI,Marvin Mims Jr.,00-0038976,WR,anytime_td,0.224,0.0,0.0,0.0,0.0,1.0
2025_05_DEN_PHI,DEN,PHI,Nate Adkins,00-0038783,TE,car,0.002,0.0,0.0,0.0,0.0,0.0
2025_05_DEN_PHI,DEN,PHI,Nate Adkins,00-0038783,TE,rush_yds,0.008,0.0,0.0,0.0,0.0,0.0
2025_05_DEN_PHI,DEN,PHI,Nate Adkins,00-0038783,TE,tgt,1.246,0.0,0.0,1.0,2.0,3.0
2025_05_DEN_PHI,DEN,PHI,Nate Adkins,00-0038783,TE,rec,0.867,0.0,0.0,1.0,1.0,2.0
2025_05_DEN_PHI,DEN,PHI,Nate Adkins,00-0038783,TE,rec_yds,8.294,0.0,0.0,1.736,12.619,24.81
2025_05_DEN_PHI,DEN,PHI,Nate Adkins,00-0038783,TE,anytime_td,0.058,0.0,0.0,0.0,0.0,0.0
2025_05_DEN_PHI,DEN,PHI,Tyler Badie,00-0037085,RB,car,1.029,0.0,0.0,0.0,1.0,3.0
2025_05_DEN_PHI,DEN,PHI,Tyler Badie,00-0037085,RB,rush_yds,4.304,0.0,0.0,0.0,4.62,14.363
2025_05_DEN_PHI,DEN,PHI,Tyler Badie,00-0037085,RB,tgt,1.822,0.0,1.0,1.0,3.0,4.0
2025_05_DEN_PHI,DEN,PHI,Tyler Badie,00-0037085,RB,rec,1.307,0.0,0.0,1.0,2.0,3.0
2025_05_DEN_PHI,DEN,PHI,Tyler Badie,00-0037085,RB,rec_yds,9.722,0.0,0.0,4.852,14.769,27.654
2025_05_DEN_PHI,DEN,PHI,Tyler Badie,00-0037085,RB,anytime_td,0.051,0.0,0.0,0.0,0.0,0.0
2025_05_DEN_PHI,DEN,PHI,Trent Sherfield,00-0034487,WR,car,0.005,0.0,0.0,0.0,0.0,0.0
2025_05_DEN_PHI,DEN,PHI,Trent Sherfield,00-0034487,WR,rush_yds,0.024,0.0,0.0,0.0,0.0,0.0
2025_05_DEN_PHI,DEN,PHI,Trent Sherfield,00-0034487,WR,tgt,0.63,0.0,0.0,0.0,1.0,2.0
2025_05_DEN_PHI,DEN,PHI,Trent Sherfield,00-0034487,WR,rec,0.4,0.0,0.0,0.0,1.0,1.0
2025_05_DEN_PHI,DEN,PHI,Trent Sherfield,00-0034487,WR,rec_yds,4.901,0.0,0.0,0.0,4.549,17.605
2025_05_DEN_PHI,DEN,PHI,Trent Sherfield,00-0034487,WR,anytime_td,0.009,0.0,0.0,0.0,0.0,0.0
2025_05_DEN_PHI,DEN,PHI,RJ Harvey,00-0040730,RB,car,6.516,2.0,3.0,6.0,9.0,12.0
2025_05_DEN_PHI,DEN,PHI,RJ Harvey,00-0040730,RB,rush_yds,26.332,2.982,9.172,20.212,36.548,57.604
2025_05_DEN_PHI,DEN,PHI,RJ Harvey,00-0040730,RB,tgt,2.628,0.0,1.0,2.0,4.0,5.0
2025_05_DEN_PHI,DEN,PHI,RJ Harvey,00-0040730,RB,rec,2.012,0.0,1.0,2.0,3.0,4.0
2025_05_DEN_PHI,DEN,PHI,RJ Harvey,00-0040730,RB,rec_yds,14.652,0.0,1.033,10.12,21.682,36.514
2025_05_DEN_PHI,DEN,PHI,RJ Harvey,00-0040730,RB,anytime_td,0.234,0.0,0.0,0.0,0.0,1.0
2025_05_DEN_PHI,DEN,PHI,Adam Prentice,00-0036727,RB,car,0.544,0.0,0.0,0.0,0.0,2.0
2025_05_DEN_PHI,DEN,PHI,Adam Prentice,00-0036727,RB,rush_yds,2.279,0.0,0.0,0.0,0.0,6.849
2025_05_DEN_PHI,DEN,PHI,Adam Prentice,00-0036727,RB,tgt,0.266,0.0,0.0,0.0,0.0,1.0
2025_05_DEN_PHI,DEN,PHI,Adam Prentice,00-0036727,RB,rec,0.201,0.0,0.0,0.0,0.0,1.0
2025_05_DEN_PHI,DEN,PHI,Adam Prentice,00-0036727,RB,rec_yds,1.497,0.0,0.0,0.0,0.0,4.731
2025_05_DEN_PHI,DEN,PHI,Adam Prentice,00-0036727,RB,anytime_td,0.009,0.0,0.0,0.0,0.0,0.0
2025_05_DET_CIN,CIN,DET,Jake Browning,00-0035100,QB,att,33.29,23.0,29.0,34.0,39.0,44.0
2025_05_DET_CIN,CIN,DET,Jake Browning,00-0035100,QB,cmp,21.199,14.0,18.0,21.0,25.0,29.0
2025_05_DET_CIN,CIN,DET,Jake Browning,00-0035100,QB,pass_yds,217.896,128.592,171.567,216.817,265.229,314.525
2025_05_DET_CIN,CIN,DET,Jake Browning,00-0035100,QB,pass_td,1.278,0.0,0.0,1.0,2.0,3.0
2025_05_DET_CIN,CIN,DET,Jake Browning,00-0035100,QB,ints,0.84,0.0,0.0,1.0,1.0,2.0
2025_05_DET_CIN,CIN,DET,Jake Browning,00-0035100,QB,car,2.549,0.0,1.0,2.0,4.0,5.0
2025_05_DET_CIN,CIN,DET,Jake Browning,00-0035100,QB,rush_yds,11.547,0.0,0.0,7.542,17.881,30.182
2025_05_DET_CIN,CIN,DET,Jake Browning,00-0035100,QB,tgt,0.001,0.0,0.0,0.0,0.0,0.0
2025_05_DET_CIN,CIN,DET,Jake Browning,00-0035100,QB,rec,0.0,0.0,0.0,0.0,0.0,0.0
2025_05_DET_CIN,CIN,DET,Jake Browning,00-0035100,QB,rec_yds,0.003,0.0,0.0,0.0,0.0,0.0
2025_05_DET_CIN,CIN,DET,Jake Browning,00-0035100,QB,anytime_td,0.157,0.0,0.0,0.0,0.0,1.0
2025_05_DET_CIN,CIN,DET,Tee Higgins,00-0036410,WR,car,0.009,0.0,0.0,0.0,0.0,0.0
2025_05_DET_CIN,CIN,DET,Tee Higgins,00-0036410,WR,rush_yds,0.06,0.0,0.0,0.0,0.0,0.0
2025_05_DET_CIN,CIN,DET,Tee Higgins,00-0036410,WR,tgt,5.99,2.0,4.0,6.0,8.0,10.0
2025_05_DET_CIN,CIN,DET,Tee Higgins,00-0036410,WR,rec,3.508,1.0,2.0,3.0,5.0,6.0
2025_05_DET_CIN,CIN,DET,Tee Higgins,00-0036410,WR,rec_yds,43.661,6.599,18.541,37.481,61.783,88.839
2025_05_DET_CIN,CIN,DET,Tee Higgins,00-0036410,WR,anytime_td,0.246,0.0,0.0,0.0,0.0,1.0
2025_05_DET_CIN,CIN,DET,Ja'Marr Chase,00-0036900,WR,car,0.293,0.0,0.0,0.0,0.0,1.0
2025_05_DET_CIN,CIN,DET,Ja'Marr Chase,00-0036900,WR,rush_yds,1.742,0.0,0.0,0.0,0.0,3.575
2025_05_DET_CIN,CIN,DET,Ja'Marr Chase,00-0036900,WR,tgt,9.114,5.0,6.0,9.0,11.0,14.0
2025_05_DET_CIN,CIN,DET,Ja'Marr Chase,00-0036900,WR,rec,6.014,3.0,4.0,6.0,8.0,10.0
2025_05_DET_CIN,CIN,DET,Ja'Marr Chase,00-0036900,WR,rec_yds,67.967,21.979,39.105,61.843,91.192,121.716
2025_05_DET_CIN,CIN,DET,Ja'Marr Chase,00-0036900,WR,anytime_td,0.279,0.0,0.0,0.0,1.0,1.0
2025_05_DET_CIN,CIN,DET,Andrei Iosivas,00-0038619,WR,car,0.246,0.0,0.0,0.0,0.0,1.0
2025_05_DET_CIN,CIN,DET,Andrei Iosivas,00-0038619,WR,rush_yds,1.345,0.0,0.0,0.0,0.0,0.968
2025_05_DET_CIN,CIN,DET,Andrei Iosivas,00-0038619,WR,tgt,2.172,0.0,1.0,2.0,3.0,5.0
2025_05_DET_CIN,CIN,DET,Andrei Iosivas,00-0038619,WR,rec,1.271,0.0,0.0,1.0,2.0,3.0
2025_05_DET_CIN,CIN,DET,Andrei Iosivas,00-0038619,WR,rec_yds,15.901,0.0,0.0,9.165,23.592,42.717
2025_05_DET_CIN,CIN,DET,Andrei Iosivas,00-0038619,WR,anytime_td,0.083,0.0,0.0,0.0,0.0,0.0
2025_05_DET_CIN,CIN,DET,Chase Brown,00-0038597,RB,car,16.505,9.0,12.0,16.0,21.0,25.0
2025_05_DET_CIN,CIN,DET,Chase Brown,00-0038597,RB,rush_yds,60.149,22.798,36.032,54.768,79.016,103.15
2025_05_DET_CIN,CIN,DET,Chase Brown,00-0038597,RB,tgt,3.537,1.0,2.0,3.0,5.0,7.0
2025_05_DET_CIN,CIN,DET,Chase Brown,00-0038597,RB,rec,2.687,0.0,1.0,2.0,4.0,5.0
2025_05_DET_CIN,CIN,DET,Chase Brown,00-0038597,RB,rec_yds,18.657,0.0,4.991,13.874,27.134,43.165
2025_05_DET_CIN,CIN,DET,Chase Brown,00-0038597,RB,anytime_td,0.348,0.0,0.0,0.0,1.0,1.0
2025_05_DET_CIN,CIN,DET,Mike Gesicki,00-0034829,TE,car,0.001,0.0,0.0,0.0,0.0,0.0
2025_05_DET_CIN,CIN,DET,Mike Gesicki,00-0034829,TE,rush_yds,0.004,0.0,0.0,0.0,0.0,0.0
2025_05_DET_CIN,CIN,DET,Mike Gesicki,00-0034829,TE,tgt,3.513,1.0,2.0,3.0,5.0,7.0
2025_05_DET_CIN,CIN,DET,Mike Gesicki,00-0034829,TE,rec,2.389,0.0,1.0,2.0,3.0,5.0
2025_05_DET_CIN,CIN,DET,Mike Gesicki,00-0034829,TE,rec_yds,22.854,0.0,6.982,18.153,33.403,50.753
2025_05_DET_CIN,CIN,DET,Mike Gesicki,00-0034829,TE,anytime_td,0.085,0.0,0.0,0.0,0.0,0.0
2025_05_DET_CIN,CIN,DET,Samaje Perine,00-0033526,RB,car,1.749,0.0,0.0,1.0,3.0,5.0
2025_05_DET_CIN,CIN,DET,Samaje Perine,00-0033526,RB,rush_yds,7.599,0.0,0.0,2.041,10.156,22.407
2025_05_DET_CIN,CIN,DET,Samaje Perine,00-0033526,RB,tgt,1.008,0.0,0.0,1.0,2.0,3.0
2025_05_DET_CIN,CIN,DET,Samaje Perine,00-0033526,RB,rec,0.735,0.0,0.0,0.0,1.0,2.0
2025_05_DET_CIN,CIN,DET,Samaje Perine,00-0033526,RB,rec_yds,5.223,0.0,0.0,0.0,7.149,17.234
2025_05_DET_CIN,CIN,DET,Samaje Perine,00-0033526,RB,anytime_td,0.045,0.0,0.0,0.0,0.0,0.0
2025_05_DET_CIN,CIN,DET,Drew Sample,00-0035631,TE,car,0.024,0.0,0.0,0.0,0.0,0.0
2025_05_DET_CIN,CIN,DET,Drew Sample,00-0035631,TE,rush_yds,0.042,0.0,0.0,0.0,0.0,0.0
2025_05_DET_CIN,CIN,DET,Drew Sample,00-0035631,TE,tgt,1.52,0.0,0.0,1.0,2.0,4.0
2025_05_DET_CIN,CIN,DET,Drew Sample,00-0035631,TE,rec,1.033,0.0,0.0,1.0,2.0,3.0
2025_05_DET_CIN,CIN,DET,Drew Sample,00-0035631,TE,rec_yds,9.792,0.0,0.0,4.582,15.351,28.291
2025_05_DET_CIN,CIN,DET,Drew Sample,00-0035631,TE,anytime_td,0.11,0.0,0.0,0.0,0.0,1.0
2025_05_DET_CIN,CIN,DET,Noah Fant,00-0035644,TE,car,0.001,0.0,0.0,0.0,0.0,0.0
2025_05_DET_CIN,CIN,DET,Noah Fant,00-0035644,TE,rush_yds,0.001,0.0,0.0,0.0,0.0,0.0
2025_05_DET_CIN,CIN,DET,Noah Fant,00-0035644,TE,tgt,4.528,1.0,3.0,4.0,6.0,8.0
2025_05_DET_CIN,CIN,DET,Noah Fant,00-0035644,TE,rec,3.258,1.0,2.0,3.0,4.0,6.0
2025_05_DET_CIN,CIN,DET,Noah Fant,00-0035644,TE,rec_yds,29.83,3.872,11.814,24.736,43.108,62.168
2025_05_DET_CIN,CIN,DET,Noah Fant,00-0035644,TE,anytime_td,0.168,0.0,0.0,0.0,0.0,1.0
2025_05_DET_CIN,CIN,DET,Mitchell Tinsley,00-0038839,WR,car,0.02,0.0,0.0,0.0,0.0,0.0
2025_05_DET_CIN,CIN,DET,Mitchell Tinsley,00-0038839,WR,rush_yds,0.109,0.0,0.0,0.0,0.0,0.0
2025_05_DET_CIN,CIN,DET,Mitchell Tinsley,00-0038839,WR,tgt,1.232,0.0,0.0,1.0,2.0,3.0
2025_05_DET_CIN,CIN,DET,Mitchell Tinsley,00-0038839,WR,rec,0.735,0.0,0.0,0.0,1.0,2.0
2025_05_DET_CIN,CIN,DET,Mitchell Tinsley,00-0038839,WR,rec_yds,8.895,0.0,0.0,0.0,12.69,27.509
2025_05_DET_CIN,CIN,DET,Mitchell Tinsley,00-0038839,WR,anytime_td,0.092,0.0,0.0,0.0,0.0,0.0
2025_05_DET_CIN,CIN,DET,Tanner Hudson,00-0034613,TE,car,0.048,0.0,0.0,0.0,0.0,0.0
2025_05_DET_CIN,CIN,DET,Tanner Hudson,00-0034613,TE,rush_yds,0.112,0.0,0.0,0.0,0.0,0.0
2025_05_DET_CIN,CIN,DET,Tanner Hudson,00-0034613,TE,tgt,1.377,0.0,0.0,1.0,2.0,3.0
2025_05_DET_CIN,CIN,DET,Tanner Hudson,00-0034613,TE,rec,0.969,0.0,0.0,1.0,2.0,2.0
2025_05_DET_CIN,CIN,DET,Tanner Hudson,00-0034613,TE,rec_yds,9.568,0.0,0.0,4.058,14.595,27.51
2025_05_DET_CIN,CIN,DET,Tanner Hudson,00-0034613,TE,anytime_td,0.05,0.0,0.0,0.0,0.0,0.0
2025_05_DET_CIN,DET,CIN,Jared Goff,00-0033106,QB,att,29.918,20.0,25.0,30.0,36.0,41.0
2025_05_DET_CIN,DET,CIN,Jared Goff,00-0033106,QB,cmp,20.824,13.0,17.0,21.0,25.0,29.0
2025_05_DET_CIN,DET,CIN,Jared Goff,00-0033106,QB,pass_yds,241.601,139.65,188.463,242.274,297.24,350.772
2025_05_DET_CIN,DET,CIN,Jared Goff,00-0033106,QB,pass_td,1.704,0.0,1.0,2.0,2.0,3.0
2025_05_DET_CIN,DET,CIN,Jared Goff,00-0033106,QB,ints,0.655,0.0,0.0,0.0,1.0,2.0
2025_05_DET_CIN,DET,CIN,Jared Goff,00-0033106,QB,car,2.313,0.0,1.0,2.0,3.0,5.0
2025_05_DET_CIN,DET,CIN,Jared Goff,00-0033106,QB,rush_yds,5.995,-2.0,-1.0,0.942,9.708,20.039
2025_05_DET_CIN,DET,CIN,Jared Goff,00-0033106,QB,tgt,0.001,0.0,0.0,0.0,0.0,0.0
2025_05_DET_CIN,DET,CIN,Jared Goff,00-0033106,QB,rec,0.0,0.0,0.0,0.0,0.0,0.0
2025_05_DET_CIN,DET,CIN,Jared Goff,00-0033106,QB,rec_yds,0.001,0.0,0.0,0.0,0.0,0.0
2025_05_DET_CIN,DET,CIN,Jared Goff,00-0033106,QB,anytime_td,0.028,0.0,0.0,0.0,0.0,0.0
2025_05_DET_CIN,DET,CIN,Sam LaPorta,00-0039065,TE,car,0.003,0.0,0.0,0.0,0.0,0.0
2025_05_DET_CIN,DET,CIN,Sam LaPorta,00-0039065,TE,rush_yds,0.005,0.0,0.0,0.0,0.0,0.0
2025_05_DET_CIN,DET,CIN,Sam LaPorta,00-0039065,TE,tgt,5.669,2.0,4.0,5.0,7.0,10.0
2025_05_DET_CIN,DET,CIN,Sam LaPorta,00-0039065,TE,rec,4.217,1.0,2.0,4.0,6.0,7.0
2025_05_DET_CIN,DET,CIN,Sam LaPorta,00-0039065,TE,rec_yds,47.502,10.672,23.379,41.941,65.721,91.319
2025_05_DET_CIN,DET,CIN,Sam LaPorta,00-0039065,TE,anytime_td,0.202,0.0,0.0,0.0,0.0,1.0
2025_05_DET_CIN,DET,CIN,Jameson Williams,00-0037240,WR,car,0.617,0.0,0.0,0.0,1.0,2.0
2025_05_DET_CIN,DET,CIN,Jameson Williams,00-0037240,WR,rush_yds,3.489,0.0,0.0,0.0,0.0,11.836
2025_05_DET_CIN,DET,CIN,Jameson Williams,00-0037240,WR,tgt,5.356,2.0,3.0,5.0,7.0,9.0
2025_05_DET_CIN,DET,CIN,Jameson Williams,00-0037240,WR,rec,3.209,1.0,2.0,3.0,4.0,6.0
2025_05_DET_CIN,DET,CIN,Jameson Williams,00-0037240,WR,rec_yds,49.841,6.398,19.956,41.663,70.74,102.333
2025_05_DET_CIN,DET,CIN,Jameson Williams,00-0037240,WR,anytime_td,0.246,0.0,0.0,0.0,0.0,1.0
2025_05_DET_CIN,DET,CIN,Amon-Ra St. Brown,00-0036963,WR,car,0.324,0.0,0.0,0.0,0.0,1.0
2025_05_DET_CIN,DET,CIN,Amon-Ra St. Brown,00-0036963,WR,rush_yds,1.894,0.0,0.0,0.0,0.0,4.315
2025_05_DET_CIN,DET,CIN,Amon-Ra St. Brown,00-0036963,WR,tgt,8.168,4.0,6.0,8.0,10.0,13.0
2025_05_DET_CIN,DET,CIN,Amon-Ra St. Brown,00-0036963,WR,rec,6.102,3.0,4.0,6.0,8.0,10.0
2025_05_DET_CIN,DET,CIN,Amon-Ra St. Brown,00-0036963,WR,rec_yds,79.487,24.526,45.318,72.894,106.836,143.175
2025_05_DET_CIN,DET,CIN,Amon-Ra St. Brown,00-0036963,WR,anytime_td,0.561,0.0,0.0,1.0,1.0,1.0
2025_05_DET_CIN,DET,CIN,Brock Wright,00-0036754,TE,car,0.004,0.0,0.0,0.0,0.0,0.0
2025_05_DET_CIN,DET,CIN,Brock Wright,00-0036754,TE,rush_yds,0.009,0.0,0.0,0.0,0.0,0.0
2025_05_DET_CIN,DET,CIN,Brock Wright,00-0036754,TE,tgt,0.723,0.0,0.0,0.0,1.0,2.0
2025_05_DET_CIN,DET,CIN,Brock Wright,00-0036754,TE,rec,0.538,0.0,0.0,0.0,1.0,2.0
2025_05_DET_CIN,DET,CIN,Brock Wright,00-0036754,TE,rec_yds,5.892,0.0,0.0,0.0,8.043,20.562
2025_05_DET_CIN,DET,CIN,Brock Wright,00-0036754,TE,anytime_td,0.087,0.0,0.0,0.0,0.0,0.0
2025_05_DET_CIN,DET,CIN,David Montgomery,00-0035685,RB,car,11.107,4.0,7.0,10.0,15.0,19.0
2025_05_DET_CIN,DET,CIN,David Montgomery,00-0035685,RB,rush_yds,53.519,13.041,26.722,46.507,72.739,102.765
2025_05_DET_CIN,DET,CIN,David Montgomery,00-0035685,RB,tgt,1.907,0.0,1.0,2.0,3.0,4.0
2025_05_DET_CIN,DET,CIN,David Montgomery,00-0035685,RB,rec,1.55,0.0,0.0,1.0,2.0,4.0
2025_05_DET_CIN,DET,CIN,David Montgomery,00-0035685,RB,rec_yds,12.277,0.0,0.0,7.157,18.236,32.505
2025_05_DET_CIN,DET,CIN,David Montgomery,00-0035685,RB,anytime_td,0.431,0.0,0.0,0.0,1.0,1.0
2025_05_DET_CIN,DET,CIN,Jahmyr Gibbs,00-0039139,RB,car,15.238,7.0,11.0,15.0,19.0,24.0
2025_05_DET_CIN,DET,CIN,Jahmyr Gibbs,00-0039139,RB,rush_yds,74.385,25.588,42.257,67.398,97.777,133.222
2025_05_DET_CIN,DET,CIN,Jahmyr Gibbs,00-0039139,RB,tgt,4.814,2.0,3.0,4.0,6.0,9.0
2025_05_DET_CIN,DET,CIN,Jahmyr Gibbs,00-0039139,RB,rec,4.006,1.0,2.0,4.0,5.0,7.0
2025_05_DET_CIN,DET,CIN,Jahmyr Gibbs,00-0039139,RB,rec_yds,28.596,3.679,11.466,23.565,40.121,60.039
2025_05_DET_CIN,DET,CIN,Jahmyr Gibbs,00-0039139,RB,anytime_td,0.609,0.0,0.0,1.0,1.0,1.0
2025_05_DET_CIN,DET,CIN,Isaac TeSlaa,00-0040669,WR,car,0.011,0.0,0.0,0.0,0.0,0.0
2025_05_DET_CIN,DET,CIN,Isaac TeSlaa,00-0040669,WR,rush_yds,0.04,0.0,0.0,0.0,0.0,0.0
2025_05_DET_CIN,DET,CIN,Isaac TeSlaa,00-0040669,WR,tgt,1.181,0.0,0.0,1.0,2.0,3.0
2025_05_DET_CIN,DET,CIN,Isaac TeSlaa,00-0040669,WR,rec,0.74,0.0,0.0,0.0,1.0,2.0
2025_05_DET_CIN,DET,CIN,Isaac TeSlaa,00-0040669,WR,rec_yds,10.649,0.0,0.0,0.0,15.03,33.329
2025_05_DET_CIN,DET,CIN,Isaac TeSlaa,00-0040669,WR,anytime_td,0.104,0.0,0.0,0.0,0.0,1.0
2025_05_DET_CIN,DET,CIN,Kalif Raymond,00-0032464,WR,car,0.192,0.0,0.0,0.0,0.0,0.0
2025_05_DET_CIN,DET,CIN,Kalif Raymond,00-0032464,WR,rush_yds,1.184,0.0,0.0,0.0,0.0,0.0
2025_05_DET_CIN,DET,CIN,Kalif Raymond,00-0032464,WR,tgt,2.31,0.0,1.0,2.0,3.0,5.0
2025_05_DET_CIN,DET,CIN,Kalif Raymond,00-0032464,WR,rec,1.531,0.0,0.0,1.0,2.0,3.0
2025_05_DET_CIN,DET,CIN,Kalif Raymond,00-0032464,WR,rec_yds,19.544,0.0,0.0,12.507,29.517,50.069
2025_05_DET_CIN,DET,CIN,Kalif Raymond,00-0032464,WR,anytime_td,0.079,0.0,0.0,0.0,0.0,0.0
2025_05_HOU_BAL,BAL,HOU,Cooper Rush,00-0033662,QB,att,29.507,20.0,25.0,30.0,35.0,40.0
2025_05_HOU_BAL,BAL,HOU,Cooper Rush,00-0033662,QB,cmp,19.343,12.0,16.0,20.0,23.0,27.0
2025_05_HOU_BAL,BAL,HOU,Cooper Rush,00-0033662,QB,pass_yds,200.013,115.54,157.231,200.014,243.961,288.817
2025_05_HOU_BAL,BAL,HOU,Cooper Rush,00-0033662,QB,pass_td,1.532,0.0,1.0,1.0,2.0,3.0
2025_05_HOU_BAL,BAL,HOU,Cooper Rush,00-0033662,QB,ints,0.622,0.0,0.0,0.0,1.0,2.0
2025_05_HOU_BAL,BAL,HOU,Cooper Rush,00-0033662,QB,car,2.648,0.0,1.0,2.0,4.0,5.0
2025_05_HOU_BAL,BAL,HOU,Cooper Rush,00-0033662,QB,rush_yds,9.365,-1.0,0.0,4.921,14.746,26.548
2025_05_HOU_BAL,BAL,HOU,Cooper Rush,00-0033662,QB,tgt,0.001,0.0,0.0,0.0,0.0,0.0
2025_05_HOU_BAL,BAL,HOU,Cooper Rush,00-0033662,QB,rec,0.0,0.0,0.0,0.0,0.0,0.0
2025_05_HOU_BAL,BAL,HOU,Cooper Rush,00-0033662,QB,rec_yds,0.004,0.0,0.0,0.0,0.0,0.0
2025_05_HOU_BAL,BAL,HOU,Cooper Rush,00-0033662,QB,anytime_td,0.037,0.0,0.0,0.0,0.0,0.0
2025_05_HOU_BAL,BAL,HOU,Zay Flowers,00-0039064,WR,car,0.618,0.0,0.0,0.0,1.0,2.0
2025_05_HOU_BAL,BAL,HOU,Zay Flowers,00-0039064,WR,rush_yds,3.188,0.0,0.0,0.0,0.0,10.858
2025_05_HOU_BAL,BAL,HOU,Zay Flowers,00-0039064,WR,tgt,7.269,3.0,5.0,7.0,9.0,12.0
2025_05_HOU_BAL,BAL,HOU,Zay Flowers,00-0039064,WR,rec,4.759,2.0,3.0,4.0,6.0,8.0
2025_05_HOU_BAL,BAL,HOU,Zay Flowers,00-0039064,WR,rec_yds,57.757,13.967,30.104,52.256,78.637,108.282
2025_05_HOU_BAL,BAL,HOU,Zay Flowers,00-0039064,WR,anytime_td,0.181,0.0,0.0,0.0,0.0,1.0
2025_05_HOU_BAL,BAL,HOU,Rashod Bateman,00-0036550,WR,car,0.011,0.0,0.0,0.0,0.0,0.0
2025_05_HOU_BAL,BAL,HOU,Rashod Bateman,00-0036550,WR,rush_yds,0.066,0.0,0.0,0.0,0.0,0.0
2025_05_HOU_BAL,BAL,HOU,Rashod Bateman,00-0036550,WR,tgt,4.387,1.0,2.0,4.0,6.0,8.0
2025_05_HOU_BAL,BAL,HOU,Rashod Bateman,00-0036550,WR,rec,2.685,0.0,1.0,2.0,4.0,5.0
2025_05_HOU_BAL,BAL,HOU,Rashod Bateman,00-0036550,WR,rec_yds,32.165,0.0,11.255,26.606,46.028,70.091
2025_05_HOU_BAL,BAL,HOU,Rashod Bateman,00-0036550,WR,anytime_td,0.227,0.0,0.0,0.0,0.0,1.0
2025_05_HOU_BAL,BAL,HOU,Derrick Henry,00-0032764,RB,car,15.403,8.0,11.0,15.0,19.0,23.1
2025_05_HOU_BAL,BAL,HOU,Derrick Henry,00-0032764,RB,rush_yds,71.742,26.314,42.553,65.128,93.703,125.282
2025_05_HOU_BAL,BAL,HOU,Derrick Henry,00-0032764,RB,tgt,1.403,0.0,0.0,1.0,2.0,3.0
2025_05_HOU_BAL,BAL,HOU,Derrick Henry,00-0032764,RB,rec,1.058,0.0,0.0,1.0,2.0,3.0
2025_05_HOU_BAL,BAL,HOU,Derrick Henry,00-0032764,RB,rec_yds,7.756,0.0,0.0,2.731,11.41,23.312
2025_05_HOU_BAL,BAL,HOU,Derrick Henry,00-0032764,RB,anytime_td,0.454,0.0,0.0,0.0,1.0,1.0
2025_05_HOU_BAL,BAL,HOU,Mark Andrews,00-0034753,TE,car,0.464,0.0,0.0,0.0,0.0,2.0
2025_05_HOU_BAL,BAL,HOU,Mark Andrews,00-0034753,TE,rush_yds,1.03,0.0,0.0,0.0,0.0,3.17
2025_05_HOU_BAL,BAL,HOU,Mark Andrews,00-0034753,TE,tgt,4.907,2.0,3.0,5.0,7.0,9.0
2025_05_HOU_BAL,BAL,HOU,Mark Andrews,00-0034753,TE,rec,3.608,1.0,2.0,3.0,5.0,7.0
2025_05_HOU_BAL,BAL,HOU,Mark Andrews,00-0034753,TE,rec_yds,34.058,5.853,14.962,29.244,47.977,68.364
2025_05_HOU_BAL,BAL,HOU,Mark Andrews,00-0034753,TE,anytime_td,0.292,0.0,0.0,0.0,1.0,1.0
2025_05_HOU_BAL,BAL,HOU,Isaiah Likely,00-0037838,TE,car,0.001,0.0,0.0,0.0,0.0,0.0
2025_05_HOU_BAL,BAL,HOU,Isaiah Likely,00-0037838,TE,rush_yds,0.003,0.0,0.0,0.0,0.0,0.0
2025_05_HOU_BAL,BAL,HOU,Isaiah Likely,00-0037838,TE,tgt,2.559,0.0,1.0,2.0,4.0,5.0
2025_05_HOU_BAL,BAL,HOU,Isaiah Likely,00-0037838,TE,rec,1.796,0.0,1.0,1.0,3.0,4.0
2025_05_HOU_BAL,BAL,HOU,Isaiah Likely,00-0037838,TE,rec_yds,18.193,0.0,2.325,13.155,27.483,43.916
2025_05_HOU_BAL,BAL,HOU,Isaiah Likely,00-0037838,TE,anytime_td,0.193,0.0,0.0,0.0,0.0,1.0
2025_05_HOU_BAL,BAL,HOU,Charlie Kolar,00-0038046,TE,car,0.021,0.0,0.0,0.0,0.0,0.0
2025_05_HOU_BAL,BAL,HOU,Charlie Kolar,00-0038046,TE,rush_yds,0.05,0.0,0.0,0.0,0.0,0.0
2025_05_HOU_BAL,BAL,HOU,Charlie Kolar,00-0038046,TE,tgt,0.797,0.0,0.0,0.0,1.0,2.0
2025_05_HOU_BAL,BAL,HOU,Charlie Kolar,00-0038046,TE,rec,0.557,0.0,0.0,0.0,1.0,2.0
2025_05_HOU_BAL,BAL,HOU,Charlie Kolar,00-0038046,TE,rec_yds,5.36,0.0,0.0,0.0,7.542,18.014
2025_05_HOU_BAL,BAL,HOU,Charlie Kolar,00-0038046,TE,anytime_td,0.019,0.0,0.0,0.0,0.0,0.0
2025_05_HOU_BAL,BAL,HOU,Justice Hill,00-0034975,RB,car,3.111,0.0,1.0,2.0,5.0,7.0
2025_05_HOU_BAL,BAL,HOU,Justice Hill,00-0034975,RB,rush_yds,14.314,0.0,0.0,8.023,20.022,36.976
2025_05_HOU_BAL,BAL,HOU,Justice Hill,00-0034975,RB,tgt,3.733,1.0,2.0,3.0,5.0,7.0
2025_05_HOU_BAL,BAL,HOU,Justice Hill,00-0034975,RB,rec,2.886,1.0,1.0,3.0,4.0,6.0
2025_05_HOU_BAL,BAL,HOU,Justice Hill,00-0034975,RB,rec_yds,20.999,0.0,6.25,16.602,30.319,46.99
2025_05_HOU_BAL,BAL,HOU,Justice Hill,00-0034975,RB,anytime_td,0.301,0.0,0.0,0.0,1.0,1.0
2025_05_HOU_BAL,BAL,HOU,DeAndre Hopkins,00-0030564,WR,car,0.021,0.0,0.0,0.0,0.0,0.0
2025_05_HOU_BAL,BAL,HOU,DeAndre Hopkins,00-0030564,WR,rush_yds,0.099,0.0,0.0,0.0,0.0,0.0
2025_05_HOU_BAL,BAL,HOU,DeAndre Hopkins,00-0030564,WR,tgt,2.416,0.0,1.0,2.0,3.0,5.0
2025_05_HOU_BAL,BAL,HOU,DeAndre Hopkins,00-0030564,WR,rec,1.497,0.0,0.0,1.0,2.0,3.0
2025_05_HOU_BAL,BAL,HOU,DeAndre Hopkins,00-0030564,WR,rec_yds,18.658,0.0,0.0,12.265,28.186,48.155
2025_05_HOU_BAL,BAL,HOU,DeAndre Hopkins,00-0030564,WR,anytime_td,0.192,0.0,0.0,0.0,0.0,1.0
2025_05_HOU_BAL,BAL,HOU,Keaton Mitchell,00-0038454,RB,car,4.171,0.0,1.0,3.0,6.0,9.0
2025_05_HOU_BAL,BAL,HOU,Keaton Mitchell,00-0038454,RB,rush_yds,16.691,0.0,2.813,10.604,23.881,40.99
2025_05_HOU_BAL,BAL,HOU,Keaton Mitchell,00-0038454,RB,tgt,0.64,0.0,0.0,0.0,1.0,2.0
2025_05_HOU_BAL,BAL,HOU,Keaton Mitchell,00-0038454,RB,rec,0.487,0.0,0.0,0.0,1.0,2.0
2025_05_HOU_BAL,BAL,HOU,Keaton Mitchell,00-0038454,RB,rec_yds,3.397,0.0,0.0,0.0,3.651,11.718
2025_05_HOU_BAL,BAL,HOU,Keaton Mitchell,00-0038454,RB,anytime_td,0.117,0.0,0.0,0.0,0.0,1.0
2025_05_HOU_BAL,BAL,HOU,Tylan Wallace,00-0036630,WR,car,0.008,0.0,0.0,0.0,0.0,0.0
2025_05_HOU_BAL,BAL,HOU,Tylan Wallace,00-0036630,WR,rush_yds,0.044,0.0,0.0,0.0,0.0,0.0
2025_05_HOU_BAL,BAL,HOU,Tylan Wallace,00-0036630,WR,tgt,1.388,0.0,0.0,1.0,2.0,3.0
2025_05_HOU_BAL,BAL,HOU,Tylan Wallace,00-0036630,WR,rec,0.859,0.0,0.0,1.0,1.0,2.0
2025_05_HOU_BAL,BAL,HOU,Tylan Wallace,00-0036630,WR,rec_yds,10.248,0.0,0.0,2.392,15.156,31.291
2025_05_HOU_BAL,BAL,HOU,Tylan Wallace,00-0036630,WR,anytime_td,0.086,0.0,0.0,0.0,0.0,0.0
2025_05_HOU_BAL,HOU,BAL,C.J. Stroud,00-0039163,QB,att,29.841,20.0,25.0,31.0,36.0,40.0
2025_05_HOU_BAL,HOU,BAL,C.J. Stroud,00-0039163,QB,cmp,19.497,12.0,16.0,20.0,24.0,27.0
2025_05_HOU_BAL,HOU,BAL,C.J. Stroud,00-0039163,QB,pass_yds,205.87,117.14,159.596,205.734,253.2,300.13
2025_05_HOU_BAL,HOU,BAL,C.J. Stroud,00-0039163,QB,pass_td,1.24,0.0,0.0,1.0,2.0,3.0
2025_05_HOU_BAL,HOU,BAL,C.J. Stroud,00-0039163,QB,ints,0.622,0.0,0.0,0.0,1.0,2.0
2025_05_HOU_BAL,HOU,BAL,C.J. Stroud,00-0039163,QB,car,3.601,1.0,2.0,3.0,5.0,7.0
2025_05_HOU_BAL,HOU,BAL,C.J. Stroud,00-0039163,QB,rush_yds,19.755,0.0,6.914,15.847,28.722,43.569
2025_05_HOU_BAL,HOU,BAL,C.J. Stroud,00-0039163,QB,tgt,0.001,0.0,0.0,0.0,0.0,0.0
2025_05_HOU_BAL,HOU,BAL,C.J. Stroud,00-0039163,QB,rec,0.001,0.0,0.0,0.0,0.0,0.0
2025_05_HOU_BAL,HOU,BAL,C.J. Stroud,00-0039163,QB,rec_yds,0.002,0.0,0.0,0.0,0.0,0.0
2025_05_HOU_BAL,HOU,BAL,C.J. Stroud,00-0039163,QB,anytime_td,0.024,0.0,0.0,0.0,0.0,0.0
2025_05_HOU_BAL,HOU,BAL,Xavier Hutchinson,00-0038618,WR,car,0.11,0.0,0.0,0.0,0.0,0.0
2025_05_HOU_BAL,HOU,BAL,Xavier Hutchinson,00-0038618,WR,rush_yds,0.65,0.0,0.0,0.0,0.0,0.0
2025_05_HOU_BAL,HOU,BAL,Xavier Hutchinson,00-0038618,WR,tgt,2.759,0.0,1.0,2.0,4.0,6.0
2025_05_HOU_BAL,HOU,BAL,Xavier Hutchinson,00-0038618,WR,rec,1.826,0.0,1.0,1.5,3.0,4.0
2025_05_HOU_BAL,HOU,BAL,Xavier Hutchinson,00-0038618,WR,rec_yds,21.276,0.0,3.284,14.752,31.475,52.206
2025_05_HOU_BAL,HOU,BAL,Xavier Hutchinson,00-0038618,WR,anytime_td,0.056,0.0,0.0,0.0,0.0,0.0
2025_05_HOU_BAL,HOU,BAL,Dalton Schultz,00-0034383,TE,car,0.001,0.0,0.0,0.0,0.0,0.0
2025_05_HOU_BAL,HOU,BAL,Dalton Schultz,00-0034383,TE,rush_yds,0.001,0.0,0.0,0.0,0.0,0.0
2025_05_HOU_BAL,HOU,BAL,Dalton Schultz,00-0034383,TE,tgt,5.118,2.0,3.0,5.0,7.0,9.0
2025_05_HOU_BAL,HOU,BAL,Dalton Schultz,00-0034383,TE,rec,3.721,1.0,2.0,3.0,5.0,7.0
2025_05_HOU_BAL,HOU,BAL,Dalton Schultz,00-0034383,TE,rec_yds,34.707,6.888,16.073,29.974,48.414,68.885
2025_05_HOU_BAL,HOU,BAL,Dalton Schultz,00-0034383,TE,anytime_td,0.137,0.0,0.0,0.0,0.0,1.0
2025_05_HOU_BAL,HOU,BAL,Nico Collins,00-0036554,WR,car,0.012,0.0,0.0,0.0,0.0,0.0
2025_05_HOU_BAL,HOU,BAL,Nico Collins,00-0036554,WR,rush_yds,0.043,0.0,0.0,0.0,0.0,0.0
2025_05_HOU_BAL,HOU,BAL,Nico Collins,00-0036554,WR,tgt,7.71,4.0,5.0,7.0,10.0,12.0
2025_05_HOU_BAL,HOU,BAL,Nico Collins,00-0036554,WR,rec,4.871,2.0,3.0,5.0,6.0,8.0
2025_05_HOU_BAL,HOU,BAL,Nico Collins,00-0036554,WR,rec_yds,62.631,16.343,32.762,56.054,85.714,117.275
2025_05_HOU_BAL,HOU,BAL,Nico Collins,00-0036554,WR,anytime_td,0.373,0.0,0.0,0.0,1.0,1.0
2025_05_HOU_BAL,HOU,BAL,Jayden Higgins,00-0040130,WR,car,0.006,0.0,0.0,0.0,0.0,0.0
2025_05_HOU_BAL,HOU,BAL,Jayden Higgins,00-0040130,WR,rush_yds,0.019,0.0,0.0,0.0,0.0,0.0
2025_05_HOU_BAL,HOU,BAL,Jayden Higgins,00-0040130,WR,tgt,1.566,0.0,0.0,1.0,2.0,4.0
2025_05_HOU_BAL,HOU,BAL,Jayden Higgins,00-0040130,WR,rec,1.035,0.0,0.0,1.0,2.0,3.0
2025_05_HOU_BAL,HOU,BAL,Jayden Higgins,00-0040130,WR,rec_yds,13.346,0.0,0.0,5.771,19.849,38.696
2025_05_HOU_BAL,HOU,BAL,Jayden Higgins,00-0040130,WR,anytime_td,0.146,0.0,0.0,0.0,0.0,1.0
2025_05_HOU_BAL,HOU,BAL,Christian Kirk,00-0034775,WR,car,0.015,0.0,0.0,0.0,0.0,0.0
2025_05_HOU_BAL,HOU,BAL,Christian Kirk,00-0034775,WR,rush_yds,0.084,0.0,0.0,0.0,0.0,0.0
2025_05_HOU_BAL,HOU,BAL,Christian Kirk,00-0034775,WR,tgt,5.31,2.0,3.0,5.0,7.0,9.0
2025_05_HOU_BAL,HOU,BAL,Christian Kirk,00-0034775,WR,rec,3.241,1.0,2.0,3.0,4.0,6.0
2025_05_HOU_BAL,HOU,BAL,Christian Kirk,00-0034775,WR,rec_yds,37.998,5.266,15.432,31.806,53.978,78.871
2025_05_HOU_BAL,HOU,BAL,Christian Kirk,00-0034775,WR,anytime_td,0.127,0.0,0.0,0.0,0.0,1.0
2025_05_HOU_BAL,HOU,BAL,Woody Marks,00-0040583,RB,car,6.779,2.0,3.0,6.0,9.0,13.0
2025_05_HOU_BAL,HOU,BAL,Woody Marks,00-0040583,RB,rush_yds,28.097,3.118,9.834,21.981,38.843,61.1
2025_05_HOU_BAL,HOU,BAL,Woody Marks,00-0040583,RB,tgt,2.339,0.0,1.0,2.0,3.0,5.0
2025_05_HOU_BAL,HOU,BAL,Woody Marks,00-0040583,RB,rec,1.823,0.0,1.0,2.0,3.0,4.0
2025_05_HOU_BAL,HOU,BAL,Woody Marks,00-0040583,RB,rec_yds,15.183,0.0,0.0,9.978,22.482,38.831
2025_05_HOU_BAL,HOU,BAL,Woody Marks,00-0040583,RB,anytime_td,0.365,0.0,0.0,0.0,1.0,1.0
2025_05_HOU_BAL,HOU,BAL,Nick Chubb,00-0034791,RB,car,10.052,4.0,6.0,9.0,13.0,17.0
2025_05_HOU_BAL,HOU,BAL,Nick Chubb,00-0034791,RB,rush_yds,41.139,9.266,18.627,34.374,55.972,83.682
2025_05_HOU_BAL,HOU,BAL,Nick Chubb,00-0034791,RB,tgt,2.079,0.0,1.0,2.0,3.0,5.0
2025_05_HOU_BAL,HOU,BAL,Nick Chubb,00-0034791,RB,rec,1.62,0.0,0.0,1.0,2.0,4.0
2025_05_HOU_BAL,HOU,BAL,Nick Chubb,00-0034791,RB,rec_yds,11.238,0.0,0.0,6.753,17.014,30.269
2025_05_HOU_BAL,HOU,BAL,Nick Chubb,00-0034791,RB,anytime_td,0.321,0.0,0.0,0.0,1.0,1.0
2025_05_HOU_BAL,HOU,BAL,Jaylin Noel,00-0040138,WR,car,0.247,0.0,0.0,0.0,0.0,1.0
2025_05_HOU_BAL,HOU,BAL,Jaylin Noel,00-0040138,WR,rush_yds,1.353,0.0,0.0,0.0,0.0,1.772
2025_05_HOU_BAL,HOU,BAL,Jaylin Noel,00-0040138,WR,tgt,1.132,0.0,0.0,1.0,2.0,3.0
2025_05_HOU_BAL,HOU,BAL,Jaylin Noel,00-0040138,WR,rec,0.735,0.0,0.0,0.0,1.0,2.0
2025_05_HOU_BAL,HOU,BAL,Jaylin Noel,00-0040138,WR,rec_yds,8.076,0.0,0.0,0.0,11.454,25.694
2025_05_HOU_BAL,HOU,BAL,Jaylin Noel,00-0040138,WR,anytime_td,0.029,0.0,0.0,0.0,0.0,0.0
2025_05_HOU_BAL,HOU,BAL,Harrison Bryant,00-0036232,TE,car,0.002,0.0,0.0,0.0,0.0,0.0
2025_05_HOU_BAL,HOU,BAL,Harrison Bryant,00-0036232,TE,rush_yds,0.006,0.0,0.0,0.0,0.0,0.0
2025_05_HOU_BAL,HOU,BAL,Harrison Bryant,00-0036232,TE,tgt,0.508,0.0,0.0,0.0,1.0,2.0
2025_05_HOU_BAL,HOU,BAL,Harrison Bryant,00-0036232,TE,rec,0.356,0.0,0.0,0.0,1.0,1.0
2025_05_HOU_BAL,HOU,BAL,Harrison Bryant,00-0036232,TE,rec_yds,3.55,0.0,0.0,0.0,1.02,13.33
2025_05_HOU_BAL,HOU,BAL,Harrison Bryant,00-0036232,TE,anytime_td,0.009,0.0,0.0,0.0,0.0,0.0
2025_05_HOU_BAL,HOU,BAL,Dameon Pierce,00-0037258,RB,car,3.698,0.0,1.0,3.0,5.0,8.0
2025_05_HOU_BAL,HOU,BAL,Dameon Pierce,00-0037258,RB,rush_yds,16.173,0.0,2.318,10.168,22.946,40.222
2025_05_HOU_BAL,HOU,BAL,Dameon Pierce,00-0037258,RB,tgt,0.786,0.0,0.0,0.0,1.0,2.0
2025_05_HOU_BAL,HOU,BAL,Dameon Pierce,00-0037258,RB,rec,0.587,0.0,0.0,0.0,1.0,2.0
2025_05_HOU_BAL,HOU,BAL,Dameon Pierce,00-0037258,RB,rec_yds,4.263,0.0,0.0,0.0,5.248,14.474
2025_05_HOU_BAL,HOU,BAL,Dameon Pierce,00-0037258,RB,anytime_td,0.142,0.0,0.0,0.0,0.0,1.0
2025_05_HOU_BAL,HOU,BAL,British Brooks,00-0039603,RB,car,0.654,0.0,0.0,0.0,1.0,2.0
2025_05_HOU_BAL,HOU,BAL,British Brooks,00-0039603,RB,rush_yds,2.847,0.0,0.0,0.0,0.966,9.293
2025_05_HOU_BAL,HOU,BAL,British Brooks,00-0039603,RB,tgt,0.188,0.0,0.0,0.0,0.0,1.0
2025_05_HOU_BAL,HOU,BAL,British Brooks,00-0039603,RB,rec,0.149,0.0,0.0,0.0,0.0,1.0
2025_05_HOU_BAL,HOU,BAL,British Brooks,00-0039603,RB,rec_yds,1.05,0.0,0.0,0.0,0.0,1.043
2025_05_HOU_BAL,HOU,BAL,British Brooks,00-0039603,RB,anytime_td,0.02,0.0,0.0,0.0,0.0,0.0
2025_05_HOU_BAL,HOU,BAL,Dare Ogunbowale,00-0033854,RB,car,0.905,0.0,0.0,0.0,1.0,3.0
2025_05_HOU_BAL,HOU,BAL,Dare Ogunbowale,00-0033854,RB,rush_yds,3.706,0.0,0.0,0.0,3.319,12.101
2025_05_HOU_BAL,HOU,BAL,Dare Ogunbowale,00-0033854,RB,tgt,0.944,0.0,0.0,1.0,1.0,3.0
2025_05_HOU_BAL,HOU,BAL,Dare Ogunbowale,00-0033854,RB,rec,0.746,0.0,0.0,0.0,1.0,2.0
2025_05_HOU_BAL,HOU,BAL,Dare Ogunbowale,00-0033854,RB,rec_yds,5.414,0.0,0.0,0.0,7.627,17.661
2025_05_HOU_BAL,HOU,BAL,Dare Ogunbowale,00-0033854,RB,anytime_td,0.04,0.0,0.0,0.0,0.0,0.0
2025_05_LV_IND,IND,LV,Daniel Jones,00-0035710,QB,att,29.82,20.0,25.0,31.0,36.0,40.0
2025_05_LV_IND,IND,LV,Daniel Jones,00-0035710,QB,cmp,20.332,13.0,17.0,21.0,25.0,28.0
2025_05_LV_IND,IND,LV,Daniel Jones,00-0035710,QB,pass_yds,241.434,138.195,188.772,241.448,297.964,350.611
2025_05_LV_IND,IND,LV,Daniel Jones,00-0035710,QB,pass_td,1.621,0.0,1.0,2.0,2.0,3.0
2025_05_LV_IND,IND,LV,Daniel Jones,00-0035710,QB,ints,0.607,0.0,0.0,0.0,1.0,2.0
2025_05_LV_IND,IND,LV,Daniel Jones,00-0035710,QB,car,4.595,1.0,2.0,4.0,6.0,9.0
2025_05_LV_IND,IND,LV,Daniel Jones,00-0035710,QB,rush_yds,17.566,-0.049,4.281,13.379,26.067,40.701
2025_05_LV_IND,IND,LV,Daniel Jones,00-0035710,QB,tgt,0.001,0.0,0.0,0.0,0.0,0.0
2025_05_LV_IND,IND,LV,Daniel Jones,00-0035710,QB,rec,0.001,0.0,0.0,0.0,0.0,0.0
2025_05_LV_IND,IND,LV,Daniel Jones,00-0035710,QB,rec_yds,0.004,0.0,0.0,0.0,0.0,0.0
2025_05_LV_IND,IND,LV,Daniel Jones,00-0035710,QB,anytime_td,0.348,0.0,0.0,0.0,1.0,1.0
2025_05_LV_IND,IND,LV,Michael Pittman,00-0036252,WR,car,0.004,0.0,0.0,0.0,0.0,0.0
2025_05_LV_IND,IND,LV,Michael Pittman,00-0036252,WR,rush_yds,0.029,0.0,0.0,0.0,0.0,0.0
2025_05_LV_IND,IND,LV,Michael Pittman,00-0036252,WR,tgt,7.151,3.0,5.0,7.0,9.0,12.0
2025_05_LV_IND,IND,LV,Michael Pittman,00-0036252,WR,rec,4.863,2.0,3.0,5.0,6.0,8.0
2025_05_LV_IND,IND,LV,Michael Pittman,00-0036252,WR,rec_yds,63.475,16.219,32.873,56.673,86.711,118.695
2025_05_LV_IND,IND,LV,Michael Pittman,00-0036252,WR,anytime_td,0.471,0.0,0.0,0.0,1.0,1.0
2025_05_LV_IND,IND,LV,Jonathan Taylor,00-0036223,RB,car,15.266,7.0,11.0,15.0,19.0,24.0
2025_05_LV_IND,IND,LV,Jonathan Taylor,00-0036223,RB,rush_yds,74.759,26.455,43.064,67.455,99.122,133.875
2025_05_LV_IND,IND,LV,Jonathan Taylor,00-0036223,RB,tgt,2.971,1.0,1.0,3.0,4.0,6.0
2025_05_LV_IND,IND,LV,Jonathan Taylor,00-0036223,RB,rec,2.437,0.0,1.0,2.0,3.0,5.0
2025_05_LV_IND,IND,LV,Jonathan Taylor,00-0036223,RB,rec_yds,19.436,0.0,4.544,14.31,28.375,46.405
2025_05_LV_IND,IND,LV,Jonathan Taylor,00-0036223,RB,anytime_td,0.56,0.0,0.0,1.0,1.0,1.0
2025_05_LV_IND,IND,LV,Tyler Warren,00-0040128,TE,car,0.743,0.0,0.0,0.0,1.0,2.0
2025_05_LV_IND,IND,LV,Tyler Warren,00-0040128,TE,rush_yds,1.795,0.0,0.0,0.0,0.766,6.099
2025_05_LV_IND,IND,LV,Tyler Warren,00-0040128,TE,tgt,5.996,2.0,4.0,6.0,8.0,10.0
2025_05_LV_IND,IND,LV,Tyler Warren,00-0040128,TE,rec,4.351,1.0,3.0,4.0,6.0,8.0
2025_05_LV_IND,IND,LV,Tyler Warren,00-0040128,TE,rec_yds,54.582,12.484,26.502,48.424,75.269,106.216
2025_05_LV_IND,IND,LV,Tyler Warren,00-0040128,TE,anytime_td,0.256,0.0,0.0,0.0,1.0,1.0
2025_05_LV_IND,IND,LV,Mo Alie-Cox,00-0033217,TE,car,0.004,0.0,0.0,0.0,0.0,0.0
2025_05_LV_IND,IND,LV,Mo Alie-Cox,00-0033217,TE,rush_yds,0.008,0.0,0.0,0.0,0.0,0.0
2025_05_LV_IND,IND,LV,Mo Alie-Cox,00-0033217,TE,tgt,0.726,0.0,0.0,0.0,1.0,2.0
2025_05_LV_IND,IND,LV,Mo Alie-Cox,00-0033217,TE,rec,0.538,0.0,0.0,0.0,1.0,2.0
2025_05_LV_IND,IND,LV,Mo Alie-Cox,00-0033217,TE,rec_yds,6.017,0.0,0.0,0.0,7.834,21.416
2025_05_LV_IND,IND,LV,Mo Alie-Cox,00-0033217,TE,anytime_td,0.025,0.0,0.0,0.0,0.0,0.0
2025_05_LV_IND,IND,LV,Josh Downs,00-0038997,WR,car,0.013,0.0,0.0,0.0,0.0,0.0
2025_05_LV_IND,IND,LV,Josh Downs,00-0038997,WR,rush_yds,0.082,0.0,0.0,0.0,0.0,0.0
2025_05_LV_IND,IND,LV,Josh Downs,00-0038997,WR,tgt,5.515,2.0,3.0,5.0,7.0,10.0
2025_05_LV_IND,IND,LV,Josh Downs,00-0038997,WR,rec,3.751,1.0,2.0,3.0,5.0,7.0
2025_05_LV_IND,IND,LV,Josh Downs,00-0038997,WR,rec_yds,47.162,7.925,20.517,40.718,66.683,93.951
2025_05_LV_IND,IND,LV,Josh Downs,00-0038997,WR,anytime_td,0.199,0.0,0.0,0.0,0.0,1.0
2025_05_LV_IND,IND,LV,DJ Giddens,00-0040179,RB,car,2.297,0.0,0.0,1.0,3.0,6.0
2025_05_LV_IND,IND,LV,DJ Giddens,00-0040179,RB,rush_yds,10.059,0.0,0.0,4.027,13.985,28.565
2025_05_LV_IND,IND,LV,DJ Giddens,00-0040179,RB,tgt,0.319,0.0,0.0,0.0,0.0,1.0
2025_05_LV_IND,IND,LV,DJ Giddens,00-0040179,RB,rec,0.248,0.0,0.0,0.0,0.0,1.0
2025_05_LV_IND,IND,LV,DJ Giddens,00-0040179,RB,rec_yds,1.954,0.0,0.0,0.0,0.0,6.947
2025_05_LV_IND,IND,LV,DJ Giddens,00-0040179,RB,anytime_td,0.062,0.0,0.0,0.0,0.0,0.0
2025_05_LV_IND,IND,LV,Anthony Gould,00-0039816,WR,car,0.011,0.0,0.0,0.0,0.0,0.0
2025_05_LV_IND,IND,LV,Anthony Gould,00-0039816,WR,rush_yds,0.05,0.0,0.0,0.0,0.0,0.0
2025_05_LV_IND,IND,LV,Anthony Gould,00-0039816,WR,tgt,0.506,0.0,0.0,0.0,1.0,2.0
2025_05_LV_IND,IND,LV,Anthony Gould,00-0039816,WR,rec,0.33,0.0,0.0,0.0,0.0,1.0
2025_05_LV_IND,IND,LV,Anthony Gould,00-0039816,WR,rec_yds,4.884,0.0,0.0,0.0,0.0,18.202
2025_05_LV_IND,IND,LV,Anthony Gould,00-0039816,WR,anytime_td,0.015,0.0,0.0,0.0,0.0,0.0
2025_05_LV_IND,IND,LV,Adonai Mitchell,00-0039890,WR,car,0.059,0.0,0.0,0.0,0.0,0.0
2025_05_LV_IND,IND,LV,Adonai Mitchell,00-0039890,WR,rush_yds,0.342,0.0,0.0,0.0,0.0,0.0
2025_05_LV_IND,IND,LV,Adonai Mitchell,00-0039890,WR,tgt,3.01,1.0,1.0,3.0,4.0,6.0
2025_05_LV_IND,IND,LV,Adonai Mitchell,00-0039890,WR,rec,1.859,0.0,1.0,2.0,3.0,4.0
2025_05_LV_IND,IND,LV,Adonai Mitchell,00-0039890,WR,rec_yds,28.648,0.0,5.659,20.115,42.35,68.427
2025_05_LV_IND,IND,LV,Adonai Mitchell,00-0039890,WR,anytime_td,0.068,0.0,0.0,0.0,0.0,0.0
2025_05_LV_IND,IND,LV,Ameer Abdullah,00-0032104,RB,car,5.191,1.0,2.0,4.0,8.0,11.0
2025_05_LV_IND,IND,LV,Ameer Abdullah,00-0032104,RB,rush_yds,23.128,0.0,5.777,16.079,33.394,54.619
2025_05_LV_IND,IND,LV,Ameer Abdullah,00-0032104,RB,tgt,2.617,0.0,1.0,2.0,4.0,5.0
2025_05_LV_IND,IND,LV,Ameer Abdullah,00-0032104,RB,rec,2.125,0.0,1.0,2.0,3.0,5.0
2025_05_LV_IND,IND,LV,Ameer Abdullah,00-0032104,RB,rec_yds,17.335,0.0,2.418,12.064,25.424,42.286
2025_05_LV_IND,IND,LV,Ameer Abdullah,00-0032104,RB,anytime_td,0.392,0.0,0.0,0.0,1.0,1.0
2025_05_LV_IND,IND,LV,Will Mallory,00-0038394,TE,car,0.002,0.0,0.0,0.0,0.0,0.0
2025_05_LV_IND,IND,LV,Will Mallory,00-0038394,TE,rush_yds,0.003,0.0,0.0,0.0,0.0,0.0
2025_05_LV_IND,IND,LV,Will Mallory,00-0038394,TE,tgt,0.971,0.0,0.0,1.0,1.0,3.0
2025_05_LV_IND,IND,LV,Will Mallory,00-0038394,TE,rec,0.717,0.0,0.0,0.0,1.0,2.0
2025_05_LV_IND,IND,LV,Will Mallory,00-0038394,TE,rec_yds,8.136,0.0,0.0,0.0,12.074,25.996
2025_05_LV_IND,IND,LV,Will Mallory,00-0038394,TE,anytime_td,0.027,0.0,0.0,0.0,0.0,0.0
2025_05_LV_IND,LV,IND,Geno Smith,00-0030565,QB,att,31.54,21.0,27.0,32.0,37.0,42.0
2025_05_LV_IND,LV,IND,Geno Smith,00-0030565,QB,cmp,20.532,13.0,17.0,21.0,25.0,28.0
2025_05_LV_IND,LV,IND,Geno Smith,00-0030565,QB,pass_yds,216.505,125.426,168.509,214.797,265.296,317.256
2025_05_LV_IND,LV,IND,Geno Smith,00-0030565,QB,pass_td,1.212,0.0,0.0,1.0,2.0,3.0
2025_05_LV_IND,LV,IND,Geno Smith,00-0030565,QB,ints,0.867,0.0,0.0,1.0,1.0,2.0
2025_05_LV_IND,LV,IND,Geno Smith,00-0030565,QB,car,3.266,0.0,1.0,3.0,5.0,7.0
2025_05_LV_IND,LV,IND,Geno Smith,00-0030565,QB,rush_yds,15.808,0.0,2.739,11.267,23.49,38.242
2025_05_LV_IND,LV,IND,Geno Smith,00-0030565,QB,tgt,0.0,0.0,0.0,0.0,0.0,0.0
2025_05_LV_IND,LV,IND,Geno Smith,00-0030565,QB,rec,0.0,0.0,0.0,0.0,0.0,0.0
2025_05_LV_IND,LV,IND,Geno Smith,00-0030565,QB,rec_yds,0.001,0.0,0.0,0.0,0.0,0.0
2025_05_LV_IND,LV,IND,Geno Smith,00-0030565,QB,anytime_td,0.06,0.0,0.0,0.0,0.0,0.0
2025_05_LV_IND,LV,IND,Tre Tucker,00-0038563,WR,car,0.87,0.0,0.0,0.0,1.0,3.0
2025_05_LV_IND,LV,IND,Tre Tucker,00-0038563,WR,rush_yds,4.319,0.0,0.0,0.0,3.371,15.272
2025_05_LV_IND,LV,IND,Tre Tucker,00-0038563,WR,tgt,7.12,3.0,5.0,7.0,9.0,12.0
2025_05_LV_IND,LV,IND,Tre Tucker,00-0038563,WR,rec,4.759,2.0,3.0,4.0,6.0,8.0
2025_05_LV_IND,LV,IND,Tre Tucker,00-0038563,WR,rec_yds,57.127,14.526,29.465,50.635,78.056,108.064
2025_05_LV_IND,LV,IND,Tre Tucker,00-0038563,WR,anytime_td,0.389,0.0,0.0,0.0,1.0,1.0
2025_05_LV_IND,LV,IND,Jakobi Meyers,00-0034960,WR,car,0.033,0.0,0.0,0.0,0.0,0.0
2025_05_LV_IND,LV,IND,Jakobi Meyers,00-0034960,WR,rush_yds,0.182,0.0,0.0,0.0,0.0,0.0
2025_05_LV_IND,LV,IND,Jakobi Meyers,00-0034960,WR,tgt,11.305,6.0,8.0,11.0,14.0,17.0
2025_05_LV_IND,LV,IND,Jakobi Meyers,00-0034960,WR,rec,7.408,4.0,5.0,7.0,9.0,12.0
2025_05_LV_IND,LV,IND,Jakobi Meyers,00-0034960,WR,rec_yds,84.145,33.353,51.738,77.397,111.197,142.508
2025_05_LV_IND,LV,IND,Jakobi Meyers,00-0034960,WR,anytime_td,0.166,0.0,0.0,0.0,0.0,1.0
2025_05_LV_IND,LV,IND,Ashton Jeanty,00-0040122,RB,car,15.301,8.0,11.0,15.0,19.0,24.0
2025_05_LV_IND,LV,IND,Ashton Jeanty,00-0040122,RB,rush_yds,60.448,21.902,35.08,53.98,79.57,106.908
2025_05_LV_IND,LV,IND,Ashton Jeanty,00-0040122,RB,tgt,2.714,0.0,1.0,2.0,4.0,6.0
2025_05_LV_IND,LV,IND,Ashton Jeanty,00-0040122,RB,rec,2.228,0.0,1.0,2.0,3.0,5.0
2025_05_LV_IND,LV,IND,Ashton Jeanty,00-0040122,RB,rec_yds,13.545,0.0,2.327,9.397,20.142,33.291
2025_05_LV_IND,LV,IND,Ashton Jeanty,00-0040122,RB,anytime_td,0.552,0.0,0.0,1.0,1.0,1.0
2025_05_LV_IND,LV,IND,Jack Bech,00-0040729,WR,car,0.013,0.0,0.0,0.0,0.0,0.0
2025_05_LV_IND,LV,IND,Jack Bech,00-0040729,WR,rush_yds,0.063,0.0,0.0,0.0,0.0,0.0
2025_05_LV_IND,LV,IND,Jack Bech,00-0040729,WR,tgt,0.921,0.0,0.0,1.0,1.0,2.0
2025_05_LV_IND,LV,IND,Jack Bech,00-0040729,WR,rec,0.608,0.0,0.0,0.0,1.0,2.0
2025_05_LV_IND,LV,IND,Jack Bech,00-0040729,WR,rec_yds,7.03,0.0,0.0,0.0,9.697,23.676
2025_05_LV_IND,LV,IND,Jack Bech,00-0040729,WR,anytime_td,0.009,0.0,0.0,0.0,0.0,0.0
2025_05_LV_IND,LV,IND,Raheem Mostert,00-0031687,RB,car,4.665,1.0,2.0,4.0,7.0,10.0
2025_05_LV_IND,LV,IND,Raheem Mostert,00-0031687,RB,rush_yds,19.667,0.0,4.815,13.784,28.414,47.025
2025_05_LV_IND,LV,IND,Raheem Mostert,00-0031687,RB,tgt,2.072,0.0,1.0,2.0,3.0,5.0
2025_05_LV_IND,LV,IND,Raheem Mostert,00-0031687,RB,rec,1.698,0.0,1.0,1.0,2.0,4.0
2025_05_LV_IND,LV,IND,Raheem Mostert,00-0031687,RB,rec_yds,11.736,0.0,0.0,7.195,17.212,31.026
2025_05_LV_IND,LV,IND,Raheem Mostert,00-0031687,RB,anytime_td,0.143,0.0,0.0,0.0,0.0,1.0
2025_05_LV_IND,LV,IND,Dont'e Thornton Jr.,00-0040581,WR,car,0.013,0.0,0.0,0.0,0.0,0.0
2025_05_LV_IND,LV,IND,Dont'e Thornton Jr.,00-0040581,WR,rush_yds,0.057,0.0,0.0,0.0,0.0,0.0
2025_05_LV_IND,LV,IND,Dont'e Thornton Jr.,00-0040581,WR,tgt,4.846,2.0,3.0,4.0,6.0,9.0
2025_05_LV_IND,LV,IND,Dont'e Thornton Jr.,00-0040581,WR,rec,2.861,1.0,1.0,3.0,4.0,6.0
2025_05_LV_IND,LV,IND,Dont'e Thornton Jr.,00-0040581,WR,rec_yds,34.631,1.074,11.96,27.802,50.051,75.545
2025_05_LV_IND,LV,IND,Dont'e Thornton Jr.,00-0040581,WR,anytime_td,0.065,0.0,0.0,0.0,0.0,0.0
2025_05_LV_IND,LV,IND,Albert Okwuegbunam,00-0036423,TE,car,0.006,0.0,0.0,0.0,0.0,0.0
2025_05_LV_IND,LV,IND,Albert Okwuegbunam,00-0036423,TE,rush_yds,0.011,0.0,0.0,0.0,0.0,0.0
2025_05_LV_IND,LV,IND,Albert Okwuegbunam,00-0036423,TE,tgt,1.045,0.0,0.0,1.0,2.0,3.0
2025_05_LV_IND,LV,IND,Albert Okwuegbunam,00-0036423,TE,rec,0.759,0.0,0.0,0.0,1.0,2.0
2025_05_LV_IND,LV,IND,Albert Okwuegbunam,00-0036423,TE,rec_yds,7.095,0.0,0.0,0.0,10.553,22.211
2025_05_LV_IND,LV,IND,Albert Okwuegbunam,00-0036423,TE,anytime_td,0.031,0.0,0.0,0.0,0.0,0.0
2025_05_LV_IND,LV,IND,Alex Bachman,00-0035602,WR,car,0.012,0.0,0.0,0.0,0.0,0.0
2025_05_LV_IND,LV,IND,Alex Bachman,00-0035602,WR,rush_yds,0.05,0.0,0.0,0.0,0.0,0.0
2025_05_LV_IND,LV,IND,Alex Bachman,00-0035602,WR,tgt,0.712,0.0,0.0,0.0,1.0,2.0
2025_05_LV_IND,LV,IND,Alex Bachman,00-0035602,WR,rec,0.462,0.0,0.0,0.0,1.0,1.0
2025_05_LV_IND,LV,IND,Alex Bachman,00-0035602,WR,rec_yds,5.334,0.0,0.0,0.0,6.081,18.805
2025_05_LV_IND,LV,IND,Alex Bachman,00-0035602,WR,anytime_td,0.01,0.0,0.0,0.0,0.0,0.0
2025_05_LV_IND,LV,IND,Carter Runyon,00-0040488,TE,car,0.003,0.0,0.0,0.0,0.0,0.0
2025_05_LV_IND,LV,IND,Carter Runyon,00-0040488,TE,rush_yds,0.008,0.0,0.0,0.0,0.0,0.0
2025_05_LV_IND,LV,IND,Carter Runyon,00-0040488,TE,tgt,1.116,0.0,0.0,1.0,2.0,3.0
2025_05_LV_IND,LV,IND,Carter Runyon,00-0040488,TE,rec,0.813,0.0,0.0,0.0,1.0,2.0
2025_05_LV_IND,LV,IND,Carter Runyon,00-0040488,TE,rec_yds,7.648,0.0,0.0,0.0,11.557,23.761
2025_05_LV_IND,LV,IND,Carter Runyon,00-0040488,TE,anytime_td,0.029,0.0,0.0,0.0,0.0,0.0
2025_05_MIA_CAR,CAR,MIA,Bryce Young,00-0039150,QB,att,31.166,21.0,26.0,32.0,37.0,42.0
2025_05_MIA_CAR,CAR,MIA,Bryce Young,00-0039150,QB,cmp,20.589,13.0,17.0,21.0,25.0,28.0
2025_05_MIA_CAR,CAR,MIA,Bryce Young,00-0039150,QB,pass_yds,213.155,125.052,167.869,214.796,261.574,308.27
2025_05_MIA_CAR,CAR,MIA,Bryce Young,00-0039150,QB,pass_td,1.343,0.0,1.0,1.0,2.0,3.0
2025_05_MIA_CAR,CAR,MIA,Bryce Young,00-0039150,QB,ints,0.654,0.0,0.0,0.0,1.0,2.0
2025_05_MIA_CAR,CAR,MIA,Bryce Young,00-0039150,QB,car,2.983,1.0,2.0,3.0,4.0,6.0
2025_05_MIA_CAR,CAR,MIA,Bryce Young,00-0039150,QB,rush_yds,15.227,0.0,3.422,11.603,23.266,36.568
2025_05_MIA_CAR,CAR,MIA,Bryce Young,00-0039150,QB,tgt,0.001,0.0,0.0,0.0,0.0,0.0
2025_05_MIA_CAR,CAR,MIA,Bryce Young,00-0039150,QB,rec,0.001,0.0,0.0,0.0,0.0,0.0
2025_05_MIA_CAR,CAR,MIA,Bryce Young,00-0039150,QB,rec_yds,0.003,0.0,0.0,0.0,0.0,0.0
2025_05_MIA_CAR,CAR,MIA,Bryce Young,00-0039150,QB,anytime_td,0.206,0.0,0.0,0.0,0.0,1.0
2025_05_MIA_CAR,CAR,MIA,Tetairoa McMillan,00-0040124,WR,car,0.018,0.0,0.0,0.0,0.0,0.0
2025_05_MIA_CAR,CAR,MIA,Tetairoa McMillan,00-0040124,WR,rush_yds,0.117,0.0,0.0,0.0,0.0,0.0
2025_05_MIA_CAR,CAR,MIA,Tetairoa McMillan,00-0040124,WR,tgt,7.974,4.0,5.0,8.0,10.0,13.0
2025_05_MIA_CAR,CAR,MIA,Tetairoa McMillan,00-0040124,WR,rec,4.996,2.0,3.0,5.0,7.0,8.0
2025_05_MIA_CAR,CAR,MIA,Tetairoa McMillan,00-0040124,WR,rec_yds,63.254,17.526,34.196,57.152,86.62,116.407
2025_05_MIA_CAR,CAR,MIA,Tetairoa McMillan,00-0040124,WR,anytime_td,0.123,0.0,0.0,0.0,0.0,1.0
2025_05_MIA_CAR,CAR,MIA,Xavier Legette,00-0039342,WR,car,0.737,0.0,0.0,0.0,1.0,2.0
2025_05_MIA_CAR,CAR,MIA,Xavier Legette,00-0039342,WR,rush_yds,3.999,0.0,0.0,0.0,1.938,14.027
2025_05_MIA_CAR,CAR,MIA,Xavier Legette,00-0039342,WR,tgt,5.968,2.0,4.0,6.0,8.0,10.0
2025_05_MIA_CAR,CAR,MIA,Xavier Legette,00-0039342,WR,rec,3.492,1.0,2.0,3.0,5.0,6.0
2025_05_MIA_CAR,CAR,MIA,Xavier Legette,00-0039342,WR,rec_yds,36.622,5.939,15.158,30.912,51.411,75.838
2025_05_MIA_CAR,CAR,MIA,Xavier Legette,00-0039342,WR,anytime_td,0.136,0.0,0.0,0.0,0.0,1.0
2025_05_MIA_CAR,CAR,MIA,Tommy Tremble,00-0037005,TE,car,0.004,0.0,0.0,0.0,0.0,0.0
2025_05_MIA_CAR,CAR,MIA,Tommy Tremble,00-0037005,TE,rush_yds,0.009,0.0,0.0,0.0,0.0,0.0
2025_05_MIA_CAR,CAR,MIA,Tommy Tremble,00-0037005,TE,tgt,3.604,1.0,2.0,3.0,5.0,7.0
2025_05_MIA_CAR,CAR,MIA,Tommy Tremble,00-0037005,TE,rec,2.824,1.0,1.0,3.0,4.0,5.0
2025_05_MIA_CAR,CAR,MIA,Tommy Tremble,00-0037005,TE,rec_yds,25.485,0.0,8.881,21.264,36.8,55.223
2025_05_MIA_CAR,CAR,MIA,Tommy Tremble,00-0037005,TE,anytime_td,0.202,0.0,0.0,0.0,0.0,1.0
2025_05_MIA_CAR,CAR,MIA,Rico Dowdle,00-0036139,RB,car,15.036,8.0,11.0,14.0,19.0,23.0
2025_05_MIA_CAR,CAR,MIA,Rico Dowdle,00-0036139,RB,rush_yds,60.966,21.053,34.404,54.773,80.281,109.007
2025_05_MIA_CAR,CAR,MIA,Rico Dowdle,00-0036139,RB,tgt,1.808,0.0,1.0,1.0,3.0,4.0
2025_05_MIA_CAR,CAR,MIA,Rico Dowdle,00-0036139,RB,rec,1.529,0.0,0.0,1.0,2.0,4.0
2025_05_MIA_CAR,CAR,MIA,Rico Dowdle,00-0036139,RB,rec_yds,9.705,0.0,0.0,5.387,14.323,26.401
2025_05_MIA_CAR,CAR,MIA,Rico Dowdle,00-0036139,RB,anytime_td,0.285,0.0,0.0,0.0,1.0,1.0
2025_05_MIA_CAR,CAR,MIA,Hunter Renfrow,00-0034983,WR,car,0.015,0.0,0.0,0.0,0.0,0.0
2025_05_MIA_CAR,CAR,MIA,Hunter Renfrow,00-0034983,WR,rush_yds,0.08,0.0,0.0,0.0,0.0,0.0
2025_05_MIA_CAR,CAR,MIA,Hunter Renfrow,00-0034983,WR,tgt,4.194,1.0,2.0,4.0,6.0,8.0
2025_05_MIA_CAR,CAR,MIA,Hunter Renfrow,00-0034983,WR,rec,2.89,1.0,1.0,3.0,4.0,6.0
2025_05_MIA_CAR,CAR,MIA,Hunter Renfrow,00-0034983,WR,rec_yds,29.407,1.963,10.762,24.028,42.356,63.143
2025_05_MIA_CAR,CAR,MIA,Hunter Renfrow,00-0034983,WR,anytime_td,0.23,0.0,0.0,0.0,0.0,1.0
2025_05_MIA_CAR,CAR,MIA,Mitchell Evans,00-0040187,TE,car,0.002,0.0,0.0,0.0,0.0,0.0
2025_05_MIA_CAR,CAR,MIA,Mitchell Evans,00-0040187,TE,rush_yds,0.005,0.0,0.0,0.0,0.0,0.0
2025_05_MIA_CAR,CAR,MIA,Mitchell Evans,00-0040187,TE,tgt,1.732,0.0,0.0,1.0,3.0,4.0
2025_05_MIA_CAR,CAR,MIA,Mitchell Evans,00-0040187,TE,rec,1.369,0.0,0.0,1.0,2.0,3.0
2025_05_MIA_CAR,CAR,MIA,Mitchell Evans,00-0040187,TE,rec_yds,12.82,0.0,0.0,7.722,19.628,33.53
2025_05_MIA_CAR,CAR,MIA,Mitchell Evans,00-0040187,TE,anytime_td,0.155,0.0,0.0,0.0,0.0,1.0
2025_05_MIA_CAR,CAR,MIA,Jimmy Horn Jr.,00-0040218,WR,car,0.137,0.0,0.0,0.0,0.0,0.0
2025_05_MIA_CAR,CAR,MIA,Jimmy Horn Jr.,00-0040218,WR,rush_yds,0.733,0.0,0.0,0.0,0.0,0.0
2025_05_MIA_CAR,CAR,MIA,Jimmy Horn Jr.,00-0040218,WR,tgt,1.627,0.0,0.0,1.0,2.0,4.0
2025_05_MIA_CAR,CAR,MIA,Jimmy Horn Jr.,00-0040218,WR,rec,1.106,0.0,0.0,1.0,2.0,3.0
2025_05_MIA_CAR,CAR,MIA,Jimmy Horn Jr.,00-0040218,WR,rec_yds,13.055,0.0,0.0,6.057,19.731,36.328
2025_05_MIA_CAR,CAR,MIA,Jimmy Horn Jr.,00-0040218,WR,anytime_td,0.06,0.0,0.0,0.0,0.0,0.0
2025_05_MIA_CAR,CAR,MIA,Brycen Tremayne,00-0038840,WR,car,0.022,0.0,0.0,0.0,0.0,0.0
2025_05_MIA_CAR,CAR,MIA,Brycen Tremayne,00-0038840,WR,rush_yds,0.124,0.0,0.0,0.0,0.0,0.0
2025_05_MIA_CAR,CAR,MIA,Brycen Tremayne,00-0038840,WR,tgt,2.642,0.0,1.0,2.0,4.0,5.0
2025_05_MIA_CAR,CAR,MIA,Brycen Tremayne,00-0038840,WR,rec,1.853,0.0,1.0,2.0,3.0,4.0
2025_05_MIA_CAR,CAR,MIA,Brycen Tremayne,00-0038840,WR,rec_yds,21.687,0.0,3.267,15.438,32.63,52.666
2025_05_MIA_CAR,CAR,MIA,Brycen Tremayne,00-0038840,WR,anytime_td,0.036,0.0,0.0,0.0,0.0,0.0
2025_05_MIA_CAR,CAR,MIA,Trevor Etienne,00-0040644,RB,car,4.062,0.0,1.0,3.0,6.0,9.0
2025_05_MIA_CAR,CAR,MIA,Trevor Etienne,00-0040644,RB,rush_yds,17.338,0.0,3.169,11.27,24.537,41.734
2025_05_MIA_CAR,CAR,MIA,Trevor Etienne,00-0040644,RB,tgt,0.345,0.0,0.0,0.0,0.0,1.0
2025_05_MIA_CAR,CAR,MIA,Trevor Etienne,00-0040644,RB,rec,0.291,0.0,0.0,0.0,0.0,1.0
2025_05_MIA_CAR,CAR,MIA,Trevor Etienne,00-0040644,RB,rec_yds,2.015,0.0,0.0,0.0,0.0,7.565
2025_05_MIA_CAR,CAR,MIA,Trevor Etienne,00-0040644,RB,anytime_td,0.068,0.0,0.0,0.0,0.0,0.0
2025_05_MIA_CAR,CAR,MIA,James Mitchell,00-0037282,TE,car,0.004,0.0,0.0,0.0,0.0,0.0
2025_05_MIA_CAR,CAR,MIA,James Mitchell,00-0037282,TE,rush_yds,0.013,0.0,0.0,0.0,0.0,0.0
2025_05_MIA_CAR,CAR,MIA,James Mitchell,00-0037282,TE,tgt,1.294,0.0,0.0,1.0,2.0,3.0
2025_05_MIA_CAR,CAR,MIA,James Mitchell,00-0037282,TE,rec,1.02,0.0,0.0,1.0,2.0,3.0
2025_05_MIA_CAR,CAR,MIA,James Mitchell,00-0037282,TE,rec_yds,9.726,0.0,0.0,4.099,14.603,28.411
2025_05_MIA_CAR,CAR,MIA,James Mitchell,00-0037282,TE,anytime_td,0.022,0.0,0.0,0.0,0.0,0.0
2025_05_MIA_CAR,CAR,MIA,DeeJay Dallas,00-0036425,RB,car,2.719,0.0,1.0,2.0,4.0,7.0
2025_05_MIA_CAR,CAR,MIA,DeeJay Dallas,00-0036425,RB,rush_yds,11.764,0.0,0.0,5.707,16.288,32.386
2025_05_MIA_CAR,CAR,MIA,DeeJay Dallas,00-0036425,RB,tgt,0.811,0.0,0.0,0.0,1.0,2.0
2025_05_MIA_CAR,CAR,MIA,DeeJay Dallas,00-0036425,RB,rec,0.688,0.0,0.0,0.0,1.0,2.0
2025_05_MIA_CAR,CAR,MIA,DeeJay Dallas,00-0036425,RB,rec_yds,4.515,0.0,0.0,0.0,6.094,14.902
2025_05_MIA_CAR,CAR,MIA,DeeJay Dallas,00-0036425,RB,anytime_td,0.092,0.0,0.0,0.0,0.0,0.0
2025_05_MIA_CAR,MIA,CAR,Tua Tagovailoa,00-0036212,QB,att,30.751,21.0,26.0,31.0,37.0,41.0
2025_05_MIA_CAR,MIA,CAR,Tua Tagovailoa,00-0036212,QB,cmp,20.224,13.0,17.0,20.0,24.0,28.0
2025_05_MIA_CAR,MIA,CAR,Tua Tagovailoa,00-0036212,QB,pass_yds,211.465,122.912,164.298,211.481,258.673,305.525
2025_05_MIA_CAR,MIA,CAR,Tua Tagovailoa,00-0036212,QB,pass_td,1.334,0.0,1.0,1.0,2.0,3.0
2025_05_MIA_CAR,MIA,CAR,Tua Tagovailoa,00-0036212,QB,ints,0.696,0.0,0.0,0.0,1.0,2.0
2025_05_MIA_CAR,MIA,CAR,Tua Tagovailoa,00-0036212,QB,car,2.452,0.0,1.0,2.0,4.0,5.0
2025_05_MIA_CAR,MIA,CAR,Tua Tagovailoa,00-0036212,QB,rush_yds,9.529,-1.0,0.0,5.658,14.317,26.594
2025_05_MIA_CAR,MIA,CAR,Tua Tagovailoa,00-0036212,QB,tgt,0.0,0.0,0.0,0.0,0.0,0.0
2025_05_MIA_CAR,MIA,CAR,Tua Tagovailoa,00-0036212,QB,rec,0.0,0.0,0.0,0.0,0.0,0.0
2025_05_MIA_CAR,MIA,CAR,Tua Tagovailoa,00-0036212,QB,rec_yds,-0.0,0.0,0.0,0.0,0.0,0.0
2025_05_MIA_CAR,MIA,CAR,Tua Tagovailoa,00-0036212,QB,anytime_td,0.015,0.0,0.0,0.0,0.0,0.0
2025_05_MIA_CAR,MIA,CAR,Jaylen Waddle,00-0036613,WR,car,0.114,0.0,0.0,0.0,0.0,0.0
2025_05_MIA_CAR,MIA,CAR,Jaylen Waddle,00-0036613,WR,rush_yds,0.61,0.0,0.0,0.0,0.0,0.0
2025_05_MIA_CAR,MIA,CAR,Jaylen Waddle,00-0036613,WR,tgt,6.337,3.0,4.0,6.0,8.0,11.0
2025_05_MIA_CAR,MIA,CAR,Jaylen Waddle,00-0036613,WR,rec,4.115,1.0,2.0,4.0,5.0,7.0
2025_05_MIA_CAR,MIA,CAR,Jaylen Waddle,00-0036613,WR,rec_yds,52.044,10.834,24.631,45.494,71.824,101.085
2025_05_MIA_CAR,MIA,CAR,Jaylen Waddle,00-0036613,WR,anytime_td,0.253,0.0,0.0,0.0,1.0,1.0
2025_05_MIA_CAR,MIA,CAR,De'Von Achane,00-0039040,RB,car,14.997,8.0,11.0,14.0,19.0,23.0
2025_05_MIA_CAR,MIA,CAR,De'Von Achane,00-0039040,RB,rush_yds,66.209,24.594,38.887,59.038,86.343,115.997
2025_05_MIA_CAR,MIA,CAR,De'Von Achane,00-0039040,RB,tgt,6.137,2.0,4.0,6.0,8.0,10.0
2025_05_MIA_CAR,MIA,CAR,De'Von Achane,00-0039040,RB,rec,4.771,2.0,3.0,4.0,6.0,8.0
2025_05_MIA_CAR,MIA,CAR,De'Von Achane,00-0039040,RB,rec_yds,34.986,6.705,15.825,29.615,48.944,70.816
2025_05_MIA_CAR,MIA,CAR,De'Von Achane,00-0039040,RB,anytime_td,0.493,0.0,0.0,0.0,1.0,1.0
2025_05_MIA_CAR,MIA,CAR,Nick Westbrook-Ikhine,00-0036182,WR,car,0.009,0.0,0.0,0.0,0.0,0.0
2025_05_MIA_CAR,MIA,CAR,Nick Westbrook-Ikhine,00-0036182,WR,rush_yds,0.059,0.0,0.0,0.0,0.0,0.0
2025_05_MIA_CAR,MIA,CAR,Nick Westbrook-Ikhine,00-0036182,WR,tgt,2.605,0.0,1.0,2.0,4.0,5.0
2025_05_MIA_CAR,MIA,CAR,Nick Westbrook-Ikhine,00-0036182,WR,rec,1.605,0.0,0.0,1.0,2.0,4.0
2025_05_MIA_CAR,MIA,CAR,Nick Westbrook-Ikhine,00-0036182,WR,rec_yds,19.991,0.0,0.0,13.1,30.223,50.546
2025_05_MIA_CAR,MIA,CAR,Nick Westbrook-Ikhine,00-0036182,WR,anytime_td,0.103,0.0,0.0,0.0,0.0,1.0
2025_05_MIA_CAR,MIA,CAR,Malik Washington,00-0039880,WR,car,1.699,0.0,0.0,1.0,2.0,5.0
2025_05_MIA_CAR,MIA,CAR,Malik Washington,00-0039880,WR,rush_yds,9.36,0.0,0.0,1.019,13.114,29.962
2025_05_MIA_CAR,MIA,CAR,Malik Washington,00-0039880,WR,tgt,4.05,1.0,2.0,4.0,6.0,7.0
2025_05_MIA_CAR,MIA,CAR,Malik Washington,00-0039880,WR,rec,2.498,0.0,1.0,2.0,4.0,5.0
2025_05_MIA_CAR,MIA,CAR,Malik Washington,00-0039880,WR,rec_yds,29.442,0.0,9.635,23.242,43.46,64.989
2025_05_MIA_CAR,MIA,CAR,Malik Washington,00-0039880,WR,anytime_td,0.093,0.0,0.0,0.0,0.0,0.0
2025_05_MIA_CAR,MIA,CAR,Darren Waller,00-0031610,TE,car,0.002,0.0,0.0,0.0,0.0,0.0
2025_05_MIA_CAR,MIA,CAR,Darren Waller,00-0031610,TE,rush_yds,0.004,0.0,0.0,0.0,0.0,0.0
2025_05_MIA_CAR,MIA,CAR,Darren Waller,00-0031610,TE,tgt,5.501,2.0,3.0,5.0,7.0,10.0
2025_05_MIA_CAR,MIA,CAR,Darren Waller,00-0031610,TE,rec,3.893,1.0,2.0,4.0,5.0,7.0
2025_05_MIA_CAR,MIA,CAR,Darren Waller,00-0031610,TE,rec_yds,40.959,8.034,18.909,35.843,57.028,80.16
2025_05_MIA_CAR,MIA,CAR,Darren Waller,00-0031610,TE,anytime_td,0.401,0.0,0.0,0.0,1.0,1.0
2025_05_MIA_CAR,MIA,CAR,Julian Hill,00-0038720,TE,car,0.006,0.0,0.0,0.0,0.0,0.0
2025_05_MIA_CAR,MIA,CAR,Julian Hill,00-0038720,TE,rush_yds,0.019,0.0,0.0,0.0,0.0,0.0
2025_05_MIA_CAR,MIA,CAR,Julian Hill,00-0038720,TE,tgt,1.035,0.0,0.0,1.0,2.0,3.0
2025_05_MIA_CAR,MIA,CAR,Julian Hill,00-0038720,TE,rec,0.727,0.0,0.0,0.0,1.0,2.0
2025_05_MIA_CAR,MIA,CAR,Julian Hill,00-0038720,TE,rec_yds,7.57,0.0,0.0,0.0,11.216,24.042
2025_05_MIA_CAR,MIA,CAR,Julian Hill,00-0038720,TE,anytime_td,0.012,0.0,0.0,0.0,0.0,0.0
2025_05_MIA_CAR,MIA,CAR,Alec Ingold,00-0035125,RB,car,0.528,0.0,0.0,0.0,0.0,2.0
2025_05_MIA_CAR,MIA,CAR,Alec Ingold,00-0035125,RB,rush_yds,2.237,0.0,0.0,0.0,0.0,6.951
2025_05_MIA_CAR,MIA,CAR,Alec Ingold,00-0035125,RB,tgt,0.953,0.0,0.0,1.0,1.0,3.0
2025_05_MIA_CAR,MIA,CAR,Alec Ingold,00-0035125,RB,rec,0.739,0.0,0.0,0.0,1.0,2.0
2025_05_MIA_CAR,MIA,CAR,Alec Ingold,00-0035125,RB,rec_yds,5.549,0.0,0.0,0.0,7.71,17.579
2025_05_MIA_CAR,MIA,CAR,Alec Ingold,00-0035125,RB,anytime_td,0.025,0.0,0.0,0.0,0.0,0.0
2025_05_MIA_CAR,MIA,CAR,Ollie Gordon II,00-0040198,RB,car,5.87,1.0,3.0,5.0,8.0,12.0
2025_05_MIA_CAR,MIA,CAR,Ollie Gordon II,00-0040198,RB,rush_yds,23.544,1.736,7.247,17.489,32.761,53.472
2025_05_MIA_CAR,MIA,CAR,Ollie Gordon II,00-0040198,RB,tgt,0.912,0.0,0.0,1.0,1.0,3.0
2025_05_MIA_CAR,MIA,CAR,Ollie Gordon II,00-0040198,RB,rec,0.693,0.0,0.0,0.0,1.0,2.0
2025_05_MIA_CAR,MIA,CAR,Ollie Gordon II,00-0040198,RB,rec_yds,5.133,0.0,0.0,0.0,6.97,16.857
2025_05_MIA_CAR,MIA,CAR,Ollie Gordon II,00-0040198,RB,anytime_td,0.23,0.0,0.0,0.0,0.0,1.0
2025_05_MIA_CAR,MIA,CAR,Tanner Conner,00-0037348,TE,car,0.001,0.0,0.0,0.0,0.0,0.0
2025_05_MIA_CAR,MIA,CAR,Tanner Conner,00-0037348,TE,rush_yds,-0.0,0.0,0.0,0.0,0.0,0.0
2025_05_MIA_CAR,MIA,CAR,Tanner Conner,00-0037348,TE,tgt,1.352,0.0,0.0,1.0,2.0,3.0
2025_05_MIA_CAR,MIA,CAR,Tanner Conner,00-0037348,TE,rec,0.933,0.0,0.0,1.0,1.0,2.0
2025_05_MIA_CAR,MIA,CAR,Tanner Conner,00-0037348,TE,rec_yds,9.794,0.0,0.0,3.904,15.522,29.026
2025_05_MIA_CAR,MIA,CAR,Tanner Conner,00-0037348,TE,anytime_td,0.029,0.0,0.0,0.0,0.0,0.0
2025_05_MIA_CAR,MIA,CAR,Tahj Washington,00-0039884,WR,car,0.091,0.0,0.0,0.0,0.0,0.0
2025_05_MIA_CAR,MIA,CAR,Tahj Washington,00-0039884,WR,rush_yds,0.409,0.0,0.0,0.0,0.0,0.0
2025_05_MIA_CAR,MIA,CAR,Tahj Washington,00-0039884,WR,tgt,1.622,0.0,0.0,1.0,2.0,4.0
2025_05_MIA_CAR,MIA,CAR,Tahj Washington,00-0039884,WR,rec,1.022,0.0,0.0,1.0,2.0,3.0
2025_05_MIA_CAR,MIA,CAR,Tahj Washington,00-0039884,WR,rec_yds,13.075,0.0,0.0,5.745,19.826,37.387
2025_05_MIA_CAR,MIA,CAR,Tahj Washington,00-0039884,WR,anytime_td,0.063,0.0,0.0,0.0,0.0,0.0
2025_05_MIA_CAR,MIA,CAR,Dee Eskridge,00-0036620,WR,car,0.026,0.0,0.0,0.0,0.0,0.0
2025_05_MIA_CAR,MIA,CAR,Dee Eskridge,00-0036620,WR,rush_yds,0.162,0.0,0.0,0.0,0.0,0.0
2025_05_MIA_CAR,MIA,CAR,Dee Eskridge,00-0036620,WR,tgt,0.873,0.0,0.0,0.0,1.0,2.0
2025_05_MIA_CAR,MIA,CAR,Dee Eskridge,00-0036620,WR,rec,0.544,0.0,0.0,0.0,1.0,2.0
2025_05_MIA_CAR,MIA,CAR,Dee Eskridge,00-0036620,WR,rec_yds,6.834,0.0,0.0,0.0,8.859,22.737
2025_05_MIA_CAR,MIA,CAR,Dee Eskridge,00-0036620,WR,anytime_td,0.013,0.0,0.0,0.0,0.0,0.0
2025_05_MIN_CLE,CLE,MIN,Dillon Gabriel,00-0040704,QB,att,31.851,21.0,27.0,33.0,38.0,43.0
2025_05_MIN_CLE,CLE,MIN,Dillon Gabriel,00-0040704,QB,cmp,19.744,12.0,16.0,20.0,24.0,27.0
2025_05_MIN_CLE,CLE,MIN,Dillon Gabriel,00-0040704,QB,pass_yds,206.012,116.09,159.652,204.731,252.509,302.041
2025_05_MIN_CLE,CLE,MIN,Dillon Gabriel,00-0040704,QB,pass_td,0.979,0.0,0.0,1.0,2.0,2.0
2025_05_MIN_CLE,CLE,MIN,Dillon Gabriel,00-0040704,QB,ints,0.783,0.0,0.0,1.0,1.0,2.0
2025_05_MIN_CLE,CLE,MIN,Dillon Gabriel,00-0040704,QB,car,2.234,0.0,1.0,2.0,3.0,5.0
2025_05_MIN_CLE,CLE,MIN,Dillon Gabriel,00-0040704,QB,rush_yds,11.653,-0.008,0.0,7.937,17.875,29.792
2025_05_MIN_CLE,CLE,MIN,Dillon Gabriel,00-0040704,QB,tgt,0.0,0.0,0.0,0.0,0.0,0.0
2025_05_MIN_CLE,CLE,MIN,Dillon Gabriel,00-0040704,QB,rec,0.0,0.0,0.0,0.0,0.0,0.0
2025_05_MIN_CLE,CLE,MIN,Dillon Gabriel,00-0040704,QB,rec_yds,0.0,0.0,0.0,0.0,0.0,0.0
2025_05_MIN_CLE,CLE,MIN,Dillon Gabriel,00-0040704,QB,anytime_td,0.006,0.0,0.0,0.0,0.0,0.0
2025_05_MIN_CLE,CLE,MIN,David Njoku,00-0033885,TE,car,0.002,0.0,0.0,0.0,0.0,0.0
2025_05_MIN_CLE,CLE,MIN,David Njoku,00-0033885,TE,rush_yds,0.007,0.0,0.0,0.0,0.0,0.0
2025_05_MIN_CLE,CLE,MIN,David Njoku,00-0033885,TE,tgt,5.656,2.0,3.0,5.0,7.0,10.0
2025_05_MIN_CLE,CLE,MIN,David Njoku,00-0033885,TE,rec,3.75,1.0,2.0,3.0,5.0,7.0
2025_05_MIN_CLE,CLE,MIN,David Njoku,00-0033885,TE,rec_yds,36.833,7.035,16.719,31.523,51.73,74.433
2025_05_MIN_CLE,CLE,MIN,David Njoku,00-0033885,TE,anytime_td,0.15,0.0,0.0,0.0,0.0,1.0
2025_05_MIN_CLE,CLE,MIN,Jerry Jeudy,00-0036407,WR,car,0.008,0.0,0.0,0.0,0.0,0.0
2025_05_MIN_CLE,CLE,MIN,Jerry Jeudy,00-0036407,WR,rush_yds,0.03,0.0,0.0,0.0,0.0,0.0
2025_05_MIN_CLE,CLE,MIN,Jerry Jeudy,00-0036407,WR,tgt,7.04,3.0,5.0,7.0,9.0,11.0
2025_05_MIN_CLE,CLE,MIN,Jerry Jeudy,00-0036407,WR,rec,3.836,1.0,2.0,4.0,5.0,7.0
2025_05_MIN_CLE,CLE,MIN,Jerry Jeudy,00-0036407,WR,rec_yds,51.518,10.548,23.697,45.018,71.771,100.304
2025_05_MIN_CLE,CLE,MIN,Jerry Jeudy,00-0036407,WR,anytime_td,0.128,0.0,0.0,0.0,0.0,1.0
2025_05_MIN_CLE,CLE,MIN,Harold Fannin Jr.,00-0040663,TE,car,0.407,0.0,0.0,0.0,0.0,1.0
2025_05_MIN_CLE,CLE,MIN,Harold Fannin Jr.,00-0040663,TE,rush_yds,0.838,0.0,0.0,0.0,0.0,2.485
2025_05_MIN_CLE,CLE,MIN,Harold Fannin Jr.,00-0040663,TE,tgt,4.949,2.0,3.0,5.0,7.0,9.0
2025_05_MIN_CLE,CLE,MIN,Harold Fannin Jr.,00-0040663,TE,rec,3.353,1.0,2.0,3.0,5.0,6.0
2025_05_MIN_CLE,CLE,MIN,Harold Fannin Jr.,00-0040663,TE,rec_yds,34.441,4.958,14.118,29.146,49.14,69.846
2025_05_MIN_CLE,CLE,MIN,Harold Fannin Jr.,00-0040663,TE,anytime_td,0.088,0.0,0.0,0.0,0.0,0.0
2025_05_MIN_CLE,CLE,MIN,Isaiah Bond,00-0040782,WR,car,0.194,0.0,0.0,0.0,0.0,0.0
2025_05_MIN_CLE,CLE,MIN,Isaiah Bond,00-0040782,WR,rush_yds,1.048,0.0,0.0,0.0,0.0,0.0
2025_05_MIN_CLE,CLE,MIN,Isaiah Bond,00-0040782,WR,tgt,3.223,1.0,2.0,3.0,5.0,6.0
2025_05_MIN_CLE,CLE,MIN,Isaiah Bond,00-0040782,WR,rec,1.838,0.0,1.0,2.0,3.0,4.0
2025_05_MIN_CLE,CLE,MIN,Isaiah Bond,00-0040782,WR,rec_yds,23.577,0.0,3.713,16.815,35.033,57.672
2025_05_MIN_CLE,CLE,MIN,Isaiah Bond,00-0040782,WR,anytime_td,0.056,0.0,0.0,0.0,0.0,0.0
2025_05_MIN_CLE,CLE,MIN,Quinshon Judkins,00-0040784,RB,car,13.946,7.0,10.0,13.0,18.0,22.0
2025_05_MIN_CLE,CLE,MIN,Quinshon Judkins,00-0040784,RB,rush_yds,55.286,18.895,30.394,48.583,74.259,99.315
2025_05_MIN_CLE,CLE,MIN,Quinshon Judkins,00-0040784,RB,tgt,2.579,0.0,1.0,2.0,4.0,5.0
2025_05_MIN_CLE,CLE,MIN,Quinshon Judkins,00-0040784,RB,rec,1.964,0.0,1.0,2.0,3.0,4.0
2025_05_MIN_CLE,CLE,MIN,Quinshon Judkins,00-0040784,RB,rec_yds,14.43,0.0,0.89,9.532,21.179,37.287
2025_05_MIN_CLE,CLE,MIN,Quinshon Judkins,00-0040784,RB,anytime_td,0.362,0.0,0.0,0.0,1.0,1.0
2025_05_MIN_CLE,CLE,MIN,Jamari Thrash,00-0039379,WR,car,0.009,0.0,0.0,0.0,0.0,0.0
2025_05_MIN_CLE,CLE,MIN,Jamari Thrash,00-0039379,WR,rush_yds,0.031,0.0,0.0,0.0,0.0,0.0
2025_05_MIN_CLE,CLE,MIN,Jamari Thrash,00-0039379,WR,tgt,1.09,0.0,0.0,1.0,2.0,3.0
2025_05_MIN_CLE,CLE,MIN,Jamari Thrash,00-0039379,WR,rec,0.664,0.0,0.0,0.0,1.0,2.0
2025_05_MIN_CLE,CLE,MIN,Jamari Thrash,00-0039379,WR,rec_yds,8.213,0.0,0.0,0.0,11.23,25.99
2025_05_MIN_CLE,CLE,MIN,Jamari Thrash,00-0039379,WR,anytime_td,0.014,0.0,0.0,0.0,0.0,0.0
2025_05_MIN_CLE,CLE,MIN,Jerome Ford,00-0037267,RB,car,4.184,0.0,1.0,3.0,6.0,9.0
2025_05_MIN_CLE,CLE,MIN,Jerome Ford,00-0037267,RB,rush_yds,16.119,0.0,2.959,10.539,23.285,39.616
2025_05_MIN_CLE,CLE,MIN,Jerome Ford,00-0037267,RB,tgt,2.67,0.0,1.0,2.0,4.0,5.0
2025_05_MIN_CLE,CLE,MIN,Jerome Ford,00-0037267,RB,rec,2.05,0.0,1.0,2.0,3.0,4.0
2025_05_MIN_CLE,CLE,MIN,Jerome Ford,00-0037267,RB,rec_yds,13.641,0.0,1.015,9.303,20.213,34.265
2025_05_MIN_CLE,CLE,MIN,Jerome Ford,00-0037267,RB,anytime_td,0.134,0.0,0.0,0.0,0.0,1.0
2025_05_MIN_CLE,CLE,MIN,Malachi Corley,00-0039920,WR,car,0.261,0.0,0.0,0.0,0.0,1.0
2025_05_MIN_CLE,CLE,MIN,Malachi Corley,00-0039920,WR,rush_yds,1.409,0.0,0.0,0.0,0.0,2.652
2025_05_MIN_CLE,CLE,MIN,Malachi Corley,00-0039920,WR,tgt,1.275,0.0,0.0,1.0,2.0,3.0
2025_05_MIN_CLE,CLE,MIN,Malachi Corley,00-0039920,WR,rec,0.766,0.0,0.0,0.0,1.0,2.0
2025_05_MIN_CLE,CLE,MIN,Malachi Corley,00-0039920,WR,rec_yds,9.972,0.0,0.0,0.0,14.247,31.108
2025_05_MIN_CLE,CLE,MIN,Malachi Corley,00-0039920,WR,anytime_td,0.031,0.0,0.0,0.0,0.0,0.0
2025_05_MIN_CLE,CLE,MIN,Dylan Sampson,00-0040162,RB,car,3.55,0.0,1.0,3.0,5.0,8.0
2025_05_MIN_CLE,CLE,MIN,Dylan Sampson,00-0040162,RB,rush_yds,12.506,0.0,1.544,7.272,17.961,31.856
2025_05_MIN_CLE,CLE,MIN,Dylan Sampson,00-0040162,RB,tgt,2.199,0.0,1.0,2.0,3.0,5.0
2025_05_MIN_CLE,CLE,MIN,Dylan Sampson,00-0040162,RB,rec,1.681,0.0,0.0,1.0,2.0,4.0
2025_05_MIN_CLE,CLE,MIN,Dylan Sampson,00-0040162,RB,rec_yds,12.816,0.0,0.0,7.765,19.209,33.912
2025_05_MIN_CLE,CLE,MIN,Dylan Sampson,00-0040162,RB,anytime_td,0.184,0.0,0.0,0.0,0.0,1.0
2025_05_MIN_CLE,CLE,MIN,Gage Larvadain,00-0040259,WR,car,0.071,0.0,0.0,0.0,0.0,0.0
2025_05_MIN_CLE,CLE,MIN,Gage Larvadain,00-0040259,WR,rush_yds,0.323,0.0,0.0,0.0,0.0,0.0
2025_05_MIN_CLE,CLE,MIN,Gage Larvadain,00-0040259,WR,tgt,1.526,0.0,0.0,1.0,2.0,4.0
2025_05_MIN_CLE,CLE,MIN,Gage Larvadain,00-0040259,WR,rec,0.915,0.0,0.0,1.0,1.0,2.0
2025_05_MIN_CLE,CLE,MIN,Gage Larvadain,00-0040259,WR,rec_yds,11.708,0.0,0.0,3.638,17.325,35.09
2025_05_MIN_CLE,CLE,MIN,Gage Larvadain,00-0040259,WR,anytime_td,0.044,0.0,0.0,0.0,0.0,0.0
2025_05_MIN_CLE,MIN,CLE,Justin Jefferson,00-0036322,WR,car,0.157,0.0,0.0,0.0,0.0,0.0
2025_05_MIN_CLE,MIN,CLE,Justin Jefferson,00-0036322,WR,rush_yds,0.806,0.0,0.0,0.0,0.0,0.0
2025_05_MIN_CLE,MIN,CLE,Justin Jefferson,00-0036322,WR,tgt,7.052,3.0,5.0,7.0,9.0,12.0
2025_05_MIN_CLE,MIN,CLE,Justin Jefferson,00-0036322,WR,rec,4.695,2.0,3.0,4.0,6.0,8.0
2025_05_MIN_CLE,MIN,CLE,Justin Jefferson,00-0036322,WR,rec_yds,60.501,14.801,30.222,54.407,84.011,116.056
2025_05_MIN_CLE,MIN,CLE,Justin Jefferson,00-0036322,WR,anytime_td,0.23,0.0,0.0,0.0,0.0,1.0
2025_05_MIN_CLE,MIN,CLE,Carson Wentz,00-0032950,QB,att,29.003,19.0,24.0,30.0,35.0,39.0
2025_05_MIN_CLE,MIN,CLE,Carson Wentz,00-0032950,QB,cmp,18.744,12.0,15.0,19.0,23.0,26.0
2025_05_MIN_CLE,MIN,CLE,Carson Wentz,00-0032950,QB,pass_yds,203.561,116.087,157.222,200.924,250.732,298.685
2025_05_MIN_CLE,MIN,CLE,Carson Wentz,00-0032950,QB,pass_td,1.38,0.0,1.0,1.0,2.0,3.0
2025_05_MIN_CLE,MIN,CLE,Carson Wentz,00-0032950,QB,ints,0.646,0.0,0.0,0.0,1.0,2.0
2025_05_MIN_CLE,MIN,CLE,Carson Wentz,00-0032950,QB,car,2.789,0.0,1.0,2.0,4.0,5.0
2025_05_MIN_CLE,MIN,CLE,Carson Wentz,00-0032950,QB,rush_yds,11.482,-1.0,0.811,8.18,17.801,29.706
2025_05_MIN_CLE,MIN,CLE,Carson Wentz,00-0032950,QB,tgt,0.0,0.0,0.0,0.0,0.0,0.0
2025_05_MIN_CLE,MIN,CLE,Carson Wentz,00-0032950,QB,rec,0.0,0.0,0.0,0.0,0.0,0.0
2025_05_MIN_CLE,MIN,CLE,Carson Wentz,00-0032950,QB,rec_yds,0.001,0.0,0.0,0.0,0.0,0.0
2025_05_MIN_CLE,MIN,CLE,Carson Wentz,00-0032950,QB,anytime_td,0.025,0.0,0.0,0.0,0.0,0.0
2025_05_MIN_CLE,MIN,CLE,T.J. Hockenson,00-0035229,TE,car,0.004,0.0,0.0,0.0,0.0,0.0
2025_05_MIN_CLE,MIN,CLE,T.J. Hockenson,00-0035229,TE,rush_yds,0.007,0.0,0.0,0.0,0.0,0.0
2025_05_MIN_CLE,MIN,CLE,T.J. Hockenson,00-0035229,TE,tgt,4.18,1.0,2.0,4.0,6.0,8.0
2025_05_MIN_CLE,MIN,CLE,T.J. Hockenson,00-0035229,TE,rec,2.97,1.0,1.0,3.0,4.0,6.0
2025_05_MIN_CLE,MIN,CLE,T.J. Hockenson,00-0035229,TE,rec_yds,28.858,2.018,10.909,23.872,41.319,61.508
2025_05_MIN_CLE,MIN,CLE,T.J. Hockenson,00-0035229,TE,anytime_td,0.168,0.0,0.0,0.0,0.0,1.0
2025_05_MIN_CLE,MIN,CLE,Jordan Addison,00-0038994,WR,car,0.074,0.0,0.0,0.0,0.0,0.0
2025_05_MIN_CLE,MIN,CLE,Jordan Addison,00-0038994,WR,rush_yds,0.356,0.0,0.0,0.0,0.0,0.0
2025_05_MIN_CLE,MIN,CLE,Jordan Addison,00-0038994,WR,tgt,4.999,2.0,3.0,5.0,7.0,9.0
2025_05_MIN_CLE,MIN,CLE,Jordan Addison,00-0038994,WR,rec,2.972,1.0,2.0,3.0,4.0,6.0
2025_05_MIN_CLE,MIN,CLE,Jordan Addison,00-0038994,WR,rec_yds,40.183,4.053,15.073,33.313,57.123,86.417
2025_05_MIN_CLE,MIN,CLE,Jordan Addison,00-0038994,WR,anytime_td,0.211,0.0,0.0,0.0,0.0,1.0
2025_05_MIN_CLE,MIN,CLE,Jordan Mason,00-0037525,RB,car,13.177,6.0,9.0,13.0,17.0,21.0
2025_05_MIN_CLE,MIN,CLE,Jordan Mason,00-0037525,RB,rush_yds,54.19,17.035,29.29,47.901,71.909,99.606
2025_05_MIN_CLE,MIN,CLE,Jordan Mason,00-0037525,RB,tgt,1.416,0.0,0.0,1.0,2.0,3.0
2025_05_MIN_CLE,MIN,CLE,Jordan Mason,00-0037525,RB,rec,1.117,0.0,0.0,1.0,2.0,3.0
2025_05_MIN_CLE,MIN,CLE,Jordan Mason,00-0037525,RB,rec_yds,7.582,0.0,0.0,2.715,11.35,22.722
2025_05_MIN_CLE,MIN,CLE,Jordan Mason,00-0037525,RB,anytime_td,0.336,0.0,0.0,0.0,1.0,1.0
2025_05_MIN_CLE,MIN,CLE,Jalen Nailor,00-0037291,WR,car,0.037,0.0,0.0,0.0,0.0,0.0
2025_05_MIN_CLE,MIN,CLE,Jalen Nailor,00-0037291,WR,rush_yds,0.18,0.0,0.0,0.0,0.0,0.0
2025_05_MIN_CLE,MIN,CLE,Jalen Nailor,00-0037291,WR,tgt,3.277,1.0,2.0,3.0,5.0,6.0
2025_05_MIN_CLE,MIN,CLE,Jalen Nailor,00-0037291,WR,rec,1.94,0.0,1.0,2.0,3.0,4.0
2025_05_MIN_CLE,MIN,CLE,Jalen Nailor,00-0037291,WR,rec_yds,23.227,0.0,5.054,17.436,35.009,55.727
2025_05_MIN_CLE,MIN,CLE,Jalen Nailor,00-0037291,WR,anytime_td,0.18,0.0,0.0,0.0,0.0,1.0
2025_05_MIN_CLE,MIN,CLE,Josh Oliver,00-0035249,TE,car,0.003,0.0,0.0,0.0,0.0,0.0
2025_05_MIN_CLE,MIN,CLE,Josh Oliver,00-0035249,TE,rush_yds,0.008,0.0,0.0,0.0,0.0,0.0
2025_05_MIN_CLE,MIN,CLE,Josh Oliver,00-0035249,TE,tgt,0.971,0.0,0.0,1.0,1.0,3.0
2025_05_MIN_CLE,MIN,CLE,Josh Oliver,00-0035249,TE,rec,0.681,0.0,0.0,0.0,1.0,2.0
2025_05_MIN_CLE,MIN,CLE,Josh Oliver,00-0035249,TE,rec_yds,6.757,0.0,0.0,0.0,9.683,22.251
2025_05_MIN_CLE,MIN,CLE,Josh Oliver,00-0035249,TE,anytime_td,0.089,0.0,0.0,0.0,0.0,0.0
2025_05_MIN_CLE,MIN,CLE,Zavier Scott,00-0038440,RB,car,4.532,1.0,2.0,4.0,6.0,9.0
2025_05_MIN_CLE,MIN,CLE,Zavier Scott,00-0038440,RB,rush_yds,16.78,0.0,3.799,11.386,23.66,40.297
2025_05_MIN_CLE,MIN,CLE,Zavier Scott,00-0038440,RB,tgt,3.058,1.0,1.0,3.0,4.0,6.0
2025_05_MIN_CLE,MIN,CLE,Zavier Scott,00-0038440,RB,rec,2.375,0.0,1.0,2.0,3.0,5.0
2025_05_MIN_CLE,MIN,CLE,Zavier Scott,00-0038440,RB,rec_yds,17.336,0.0,4.21,12.606,25.02,41.252
2025_05_MIN_CLE,MIN,CLE,Zavier Scott,00-0038440,RB,anytime_td,0.269,0.0,0.0,0.0,1.0,1.0
2025_05_MIN_CLE,MIN,CLE,Adam Thielen,00-0030035,WR,car,0.012,0.0,0.0,0.0,0.0,0.0
2025_05_MIN_CLE,MIN,CLE,Adam Thielen,00-0030035,WR,rush_yds,0.044,0.0,0.0,0.0,0.0,0.0
2025_05_MIN_CLE,MIN,CLE,Adam Thielen,00-0030035,WR,tgt,2.756,0.0,1.0,2.0,4.0,6.0
2025_05_MIN_CLE,MIN,CLE,Adam Thielen,00-0030035,WR,rec,1.753,0.0,1.0,1.0,3.0,4.0
2025_05_MIN_CLE,MIN,CLE,Adam Thielen,00-0030035,WR,rec_yds,20.861,0.0,2.968,14.308,30.676,51.095
2025_05_MIN_CLE,MIN,CLE,Adam Thielen,00-0030035,WR,anytime_td,0.103,0.0,0.0,0.0,0.0,1.0
2025_05_MIN_CLE,MIN,CLE,C.J. Ham,00-0032918,RB,car,0.545,0.0,0.0,0.0,0.0,2.0
2025_05_MIN_CLE,MIN,CLE,C.J. Ham,00-0032918,RB,rush_yds,2.12,0.0,0.0,0.0,0.0,7.087
2025_05_MIN_CLE,MIN,CLE,C.J. Ham,00-0032918,RB,tgt,0.432,0.0,0.0,0.0,1.0,1.0
2025_05_MIN_CLE,MIN,CLE,C.J. Ham,00-0032918,RB,rec,0.342,0.0,0.0,0.0,0.0,1.0
2025_05_MIN_CLE,MIN,CLE,C.J. Ham,00-0032918,RB,rec_yds,2.426,0.0,0.0,0.0,0.0,8.836
2025_05_MIN_CLE,MIN,CLE,C.J. Ham,00-0032918,RB,anytime_td,0.027,0.0,0.0,0.0,0.0,0.0
2025_05_MIN_CLE,MIN,CLE,Nick Vannett,00-0032394,TE,car,0.003,0.0,0.0,0.0,0.0,0.0
2025_05_MIN_CLE,MIN,CLE,Nick Vannett,00-0032394,TE,rush_yds,0.004,0.0,0.0,0.0,0.0,0.0
2025_05_MIN_CLE,MIN,CLE,Nick Vannett,00-0032394,TE,tgt,0.595,0.0,0.0,0.0,1.0,2.0
2025_05_MIN_CLE,MIN,CLE,Nick Vannett,00-0032394,TE,rec,0.435,0.0,0.0,0.0,1.0,1.0
2025_05_MIN_CLE,MIN,CLE,Nick Vannett,00-0032394,TE,rec_yds,4.19,0.0,0.0,0.0,4.86,15.264
2025_05_MIN_CLE,MIN,CLE,Nick Vannett,00-0032394,TE,anytime_td,0.045,0.0,0.0,0.0,0.0,0.0
2025_05_MIN_CLE,MIN,CLE,Cam Akers,00-0036414,RB,car,5.372,1.0,2.0,5.0,8.0,11.0
2025_05_MIN_CLE,MIN,CLE,Cam Akers,00-0036414,RB,rush_yds,21.431,0.877,5.951,15.263,30.286,49.554
2025_05_MIN_CLE,MIN,CLE,Cam Akers,00-0036414,RB,tgt,0.812,0.0,0.0,0.0,1.0,2.0
2025_05_MIN_CLE,MIN,CLE,Cam Akers,00-0036414,RB,rec,0.623,0.0,0.0,0.0,1.0,2.0
2025_05_MIN_CLE,MIN,CLE,Cam Akers,00-0036414,RB,rec_yds,4.137,0.0,0.0,0.0,5.637,13.818
2025_05_MIN_CLE,MIN,CLE,Cam Akers,00-0036414,RB,anytime_td,0.165,0.0,0.0,0.0,0.0,1.0
2025_05_NE_BUF,BUF,NE,Josh Allen,00-0034857,QB,att,28.181,19.0,24.0,29.0,34.0,38.0
2025_05_NE_BUF,BUF,NE,Josh Allen,00-0034857,QB,cmp,19.702,12.0,16.0,20.0,24.0,27.0
2025_05_NE_BUF,BUF,NE,Josh Allen,00-0034857,QB,pass_yds,233.861,133.897,184.942,235.106,288.314,337.83
2025_05_NE_BUF,BUF,NE,Josh Allen,00-0034857,QB,pass_td,1.719,0.0,1.0,2.0,2.0,3.0
2025_05_NE_BUF,BUF,NE,Josh Allen,00-0034857,QB,ints,0.514,0.0,0.0,0.0,1.0,2.0
2025_05_NE_BUF,BUF,NE,Josh Allen,00-0034857,QB,car,6.434,2.0,4.0,6.0,8.0,12.0
2025_05_NE_BUF,BUF,NE,Josh Allen,00-0034857,QB,rush_yds,29.512,3.112,11.935,25.105,42.586,61.256
2025_05_NE_BUF,BUF,NE,Josh Allen,00-0034857,QB,tgt,0.0,0.0,0.0,0.0,0.0,0.0
2025_05_NE_BUF,BUF,NE,Josh Allen,00-0034857,QB,rec,0.0,0.0,0.0,0.0,0.0,0.0
2025_05_NE_BUF,BUF,NE,Josh Allen,00-0034857,QB,rec_yds,0.0,0.0,0.0,0.0,0.0,0.0
2025_05_NE_BUF,BUF,NE,Josh Allen,00-0034857,QB,anytime_td,0.42,0.0,0.0,0.0,1.0,1.0
2025_05_NE_BUF,BUF,NE,James Cook,00-0037248,RB,car,17.086,9.0,12.0,17.0,21.0,26.0
2025_05_NE_BUF,BUF,NE,James Cook,00-0037248,RB,rush_yds,85.295,32.883,52.18,78.134,111.448,147.962
2025_05_NE_BUF,BUF,NE,James Cook,00-0037248,RB,tgt,2.646,0.0,1.0,2.0,4.0,5.0
2025_05_NE_BUF,BUF,NE,James Cook,00-0037248,RB,rec,2.278,0.0,1.0,2.0,3.0,5.0
2025_05_NE_BUF,BUF,NE,James Cook,00-0037248,RB,rec_yds,17.846,0.0,3.316,12.769,26.069,43.615
2025_05_NE_BUF,BUF,NE,James Cook,00-0037248,RB,anytime_td,0.543,0.0,0.0,1.0,1.0,1.0
2025_05_NE_BUF,BUF,NE,Khalil Shakir,00-0037261,WR,car,0.022,0.0,0.0,0.0,0.0,0.0
2025_05_NE_BUF,BUF,NE,Khalil Shakir,00-0037261,WR,rush_yds,0.127,0.0,0.0,0.0,0.0,0.0
2025_05_NE_BUF,BUF,NE,Khalil Shakir,00-0037261,WR,tgt,5.151,2.0,3.0,5.0,7.0,9.0
2025_05_NE_BUF,BUF,NE,Khalil Shakir,00-0037261,WR,rec,3.809,1.0,2.0,4.0,5.0,7.0
2025_05_NE_BUF,BUF,NE,Khalil Shakir,00-0037261,WR,rec_yds,49.402,8.831,22.364,42.811,69.494,98.515
2025_05_NE_BUF,BUF,NE,Khalil Shakir,00-0037261,WR,anytime_td,0.317,0.0,0.0,0.0,1.0,1.0
2025_05_NE_BUF,BUF,NE,Keon Coleman,00-0039901,WR,car,0.034,0.0,0.0,0.0,0.0,0.0
2025_05_NE_BUF,BUF,NE,Keon Coleman,00-0039901,WR,rush_yds,0.168,0.0,0.0,0.0,0.0,0.0
2025_05_NE_BUF,BUF,NE,Keon Coleman,00-0039901,WR,tgt,4.519,1.0,3.0,4.0,6.0,8.0
2025_05_NE_BUF,BUF,NE,Keon Coleman,00-0039901,WR,rec,3.114,1.0,2.0,3.0,4.0,6.0
2025_05_NE_BUF,BUF,NE,Keon Coleman,00-0039901,WR,rec_yds,42.379,4.529,16.383,35.638,60.634,88.814
2025_05_NE_BUF,BUF,NE,Keon Coleman,00-0039901,WR,anytime_td,0.232,0.0,0.0,0.0,0.0,1.0
2025_05_NE_BUF,BUF,NE,Dawson Knox,00-0035689,TE,car,0.006,0.0,0.0,0.0,0.0,0.0
2025_05_NE_BUF,BUF,NE,Dawson Knox,00-0035689,TE,rush_yds,0.011,0.0,0.0,0.0,0.0,0.0
2025_05_NE_BUF,BUF,NE,Dawson Knox,00-0035689,TE,tgt,1.93,0.0,1.0,2.0,3.0,4.0
2025_05_NE_BUF,BUF,NE,Dawson Knox,00-0035689,TE,rec,1.374,0.0,0.0,1.0,2.0,3.0
2025_05_NE_BUF,BUF,NE,Dawson Knox,00-0035689,TE,rec_yds,15.406,0.0,0.0,9.421,23.392,40.259
2025_05_NE_BUF,BUF,NE,Dawson Knox,00-0035689,TE,anytime_td,0.058,0.0,0.0,0.0,0.0,0.0
2025_05_NE_BUF,BUF,NE,Dalton Kincaid,00-0038933,TE,car,0.001,0.0,0.0,0.0,0.0,0.0
2025_05_NE_BUF,BUF,NE,Dalton Kincaid,00-0038933,TE,rush_yds,0.006,0.0,0.0,0.0,0.0,0.0
2025_05_NE_BUF,BUF,NE,Dalton Kincaid,00-0038933,TE,tgt,4.268,1.0,2.0,4.0,6.0,8.0
2025_05_NE_BUF,BUF,NE,Dalton Kincaid,00-0038933,TE,rec,3.213,1.0,2.0,3.0,4.0,6.0
2025_05_NE_BUF,BUF,NE,Dalton Kincaid,00-0038933,TE,rec_yds,37.401,4.966,14.792,32.229,53.168,77.32
2025_05_NE_BUF,BUF,NE,Dalton Kincaid,00-0038933,TE,anytime_td,0.329,0.0,0.0,0.0,1.0,1.0
2025_05_NE_BUF,BUF,NE,Josh Palmer,00-0036988,WR,car,0.015,0.0,0.0,0.0,0.0,0.0
2025_05_NE_BUF,BUF,NE,Josh Palmer,00-0036988,WR,rush_yds,0.104,0.0,0.0,0.0,0.0,0.0
2025_05_NE_BUF,BUF,NE,Josh Palmer,00-0036988,WR,tgt,3.614,1.0,2.0,3.0,5.0,7.0
2025_05_NE_BUF,BUF,NE,Josh Palmer,00-0036988,WR,rec,2.402,0.0,1.0,2.0,3.0,5.0
2025_05_NE_BUF,BUF,NE,Josh Palmer,00-0036988,WR,rec_yds,32.987,0.0,9.961,25.54,48.442,74.195
2025_05_NE_BUF,BUF,NE,Josh Palmer,00-0036988,WR,anytime_td,0.09,0.0,0.0,0.0,0.0,0.0
2025_05_NE_BUF,BUF,NE,Curtis Samuel,00-0033282,WR,car,0.153,0.0,0.0,0.0,0.0,0.0
2025_05_NE_BUF,BUF,NE,Curtis Samuel,00-0033282,WR,rush_yds,0.881,0.0,0.0,0.0,0.0,0.0
2025_05_NE_BUF,BUF,NE,Curtis Samuel,00-0033282,WR,tgt,2.895,1.0,1.0,3.0,4.0,6.0
2025_05_NE_BUF,BUF,NE,Curtis Samuel,00-0033282,WR,rec,1.944,0.0,1.0,2.0,3.0,4.0
2025_05_NE_BUF,BUF,NE,Curtis Samuel,00-0033282,WR,rec_yds,25.07,0.0,5.256,18.468,37.047,60.402
2025_05_NE_BUF,BUF,NE,Curtis Samuel,00-0033282,WR,anytime_td,0.195,0.0,0.0,0.0,0.0,1.0
2025_05_NE_BUF,BUF,NE,Jackson Hawes,00-0040194,TE,car,0.001,0.0,0.0,0.0,0.0,0.0
2025_05_NE_BUF,BUF,NE,Jackson Hawes,00-0040194,TE,rush_yds,0.003,0.0,0.0,0.0,0.0,0.0
2025_05_NE_BUF,BUF,NE,Jackson Hawes,00-0040194,TE,tgt,0.975,0.0,0.0,1.0,1.0,3.0
2025_05_NE_BUF,BUF,NE,Jackson Hawes,00-0040194,TE,rec,0.764,0.0,0.0,0.0,1.0,2.0
2025_05_NE_BUF,BUF,NE,Jackson Hawes,00-0040194,TE,rec_yds,8.461,0.0,0.0,0.0,12.315,26.999
2025_05_NE_BUF,BUF,NE,Jackson Hawes,00-0040194,TE,anytime_td,0.129,0.0,0.0,0.0,0.0,1.0
2025_05_NE_BUF,BUF,NE,Tyrell Shavers,00-0038679,WR,car,0.011,0.0,0.0,0.0,0.0,0.0
2025_05_NE_BUF,BUF,NE,Tyrell Shavers,00-0038679,WR,rush_yds,0.061,0.0,0.0,0.0,0.0,0.0
2025_05_NE_BUF,BUF,NE,Tyrell Shavers,00-0038679,WR,tgt,0.948,0.0,0.0,1.0,1.0,3.0
2025_05_NE_BUF,BUF,NE,Tyrell Shavers,00-0038679,WR,rec,0.624,0.0,0.0,0.0,1.0,2.0
2025_05_NE_BUF,BUF,NE,Tyrell Shavers,00-0038679,WR,rec_yds,8.492,0.0,0.0,0.0,11.864,28.349
2025_05_NE_BUF,BUF,NE,Tyrell Shavers,00-0038679,WR,anytime_td,0.053,0.0,0.0,0.0,0.0,0.0
2025_05_NE_BUF,BUF,NE,Ty Johnson,00-0035537,RB,car,2.815,0.0,0.0,2.0,4.0,7.0
2025_05_NE_BUF,BUF,NE,Ty Johnson,00-0035537,RB,rush_yds,12.689,0.0,0.0,6.393,18.14,35.211
2025_05_NE_BUF,BUF,NE,Ty Johnson,00-0035537,RB,tgt,1.221,0.0,0.0,1.0,2.0,3.0
2025_05_NE_BUF,BUF,NE,Ty Johnson,00-0035537,RB,rec,0.949,0.0,0.0,1.0,1.0,2.0
2025_05_NE_BUF,BUF,NE,Ty Johnson,00-0035537,RB,rec_yds,7.7,0.0,0.0,1.067,11.159,23.747
2025_05_NE_BUF,BUF,NE,Ty Johnson,00-0035537,RB,anytime_td,0.091,0.0,0.0,0.0,0.0,0.0
2025_05_NE_BUF,BUF,NE,Ray Davis,00-0039875,RB,car,3.735,0.0,1.0,3.0,5.0,9.0
2025_05_NE_BUF,BUF,NE,Ray Davis,00-0039875,RB,rush_yds,15.832,0.0,1.777,9.105,22.469,41.266
2025_05_NE_BUF,BUF,NE,Ray Davis,00-0039875,RB,tgt,0.601,0.0,0.0,0.0,1.0,2.0
2025_05_NE_BUF,BUF,NE,Ray Davis,00-0039875,RB,rec,0.49,0.0,0.0,0.0,1.0,2.0
2025_05_NE_BUF,BUF,NE,Ray Davis,00-0039875,RB,rec_yds,3.878,0.0,0.0,0.0,3.931,13.571
2025_05_NE_BUF,BUF,NE,Ray Davis,00-0039875,RB,anytime_td,0.114,0.0,0.0,0.0,0.0,1.0
2025_05_NE_BUF,NE,BUF,Drake Maye,00-0039851,QB,att,29.184,19.0,25.0,30.0,35.0,39.0
2025_05_NE_BUF,NE,BUF,Drake Maye,00-0039851,QB,cmp,19.405,12.0,16.0,20.0,23.0,27.0
2025_05_NE_BUF,NE,BUF,Drake Maye,00-0039851,QB,pass_yds,207.454,118.75,161.568,207.496,255.537,301.361
2025_05_NE_BUF,NE,BUF,Drake Maye,00-0039851,QB,pass_td,1.316,0.0,1.0,1.0,2.0,3.0
2025_05_NE_BUF,NE,BUF,Drake Maye,00-0039851,QB,ints,0.661,0.0,0.0,0.0,1.0,2.0
2025_05_NE_BUF,NE,BUF,Drake Maye,00-0039851,QB,car,4.827,2.0,3.0,4.0,6.0,9.0
2025_05_NE_BUF,NE,BUF,Drake Maye,00-0039851,QB,rush_yds,26.942,4.398,12.098,23.191,38.124,53.5
2025_05_NE_BUF,NE,BUF,Drake Maye,00-0039851,QB,tgt,0.001,0.0,0.0,0.0,0.0,0.0
2025_05_NE_BUF,NE,BUF,Drake Maye,00-0039851,QB,rec,0.001,0.0,0.0,0.0,0.0,0.0
2025_05_NE_BUF,NE,BUF,Drake Maye,00-0039851,QB,rec_yds,0.004,0.0,0.0,0.0,0.0,0.0
2025_05_NE_BUF,NE,BUF,Drake Maye,00-0039851,QB,anytime_td,0.228,0.0,0.0,0.0,0.0,1.0
2025_05_NE_BUF,NE,BUF,Hunter Henry,00-0033090,TE,car,0.001,0.0,0.0,0.0,0.0,0.0
2025_05_NE_BUF,NE,BUF,Hunter Henry,00-0033090,TE,rush_yds,0.002,0.0,0.0,0.0,0.0,0.0
2025_05_NE_BUF,NE,BUF,Hunter Henry,00-0033090,TE,tgt,5.291,2.0,3.0,5.0,7.0,9.0
2025_05_NE_BUF,NE,BUF,Hunter Henry,00-0033090,TE,rec,3.605,1.0,2.0,3.0,5.0,7.0
2025_05_NE_BUF,NE,BUF,Hunter Henry,00-0033090,TE,rec_yds,39.53,7.114,17.94,34.748,55.357,78.516
2025_05_NE_BUF,NE,BUF,Hunter Henry,00-0033090,TE,anytime_td,0.35,0.0,0.0,0.0,1.0,1.0
2025_05_NE_BUF,NE,BUF,Kayshon Boutte,00-0038608,WR,car,0.009,0.0,0.0,0.0,0.0,0.0
2025_05_NE_BUF,NE,BUF,Kayshon Boutte,00-0038608,WR,rush_yds,0.049,0.0,0.0,0.0,0.0,0.0
2025_05_NE_BUF,NE,BUF,Kayshon Boutte,00-0038608,WR,tgt,3.867,1.0,2.0,3.0,5.0,7.0
2025_05_NE_BUF,NE,BUF,Kayshon Boutte,00-0038608,WR,rec,2.426,0.0,1.0,2.0,3.0,5.0
2025_05_NE_BUF,NE,BUF,Kayshon Boutte,00-0038608,WR,rec_yds,31.989,0.0,9.426,24.818,47.499,71.271
2025_05_NE_BUF,NE,BUF,Kayshon Boutte,00-0038608,WR,anytime_td,0.178,0.0,0.0,0.0,0.0,1.0
2025_05_NE_BUF,NE,BUF,Mack Hollins,00-0033555,WR,car,0.012,0.0,0.0,0.0,0.0,0.0
2025_05_NE_BUF,NE,BUF,Mack Hollins,00-0033555,WR,rush_yds,0.064,0.0,0.0,0.0,0.0,0.0
2025_05_NE_BUF,NE,BUF,Mack Hollins,00-0033555,WR,tgt,2.327,0.0,1.0,2.0,3.0,5.0
2025_05_NE_BUF,NE,BUF,Mack Hollins,00-0033555,WR,rec,1.514,0.0,0.0,1.0,2.0,3.0
2025_05_NE_BUF,NE,BUF,Mack Hollins,00-0033555,WR,rec_yds,17.787,0.0,0.0,11.518,26.636,46.881
2025_05_NE_BUF,NE,BUF,Mack Hollins,00-0033555,WR,anytime_td,0.219,0.0,0.0,0.0,0.0,1.0
2025_05_NE_BUF,NE,BUF,Austin Hooper,00-0032392,TE,car,0.004,0.0,0.0,0.0,0.0,0.0
2025_05_NE_BUF,NE,BUF,Austin Hooper,00-0032392,TE,rush_yds,0.008,0.0,0.0,0.0,0.0,0.0
2025_05_NE_BUF,NE,BUF,Austin Hooper,00-0032392,TE,tgt,2.376,0.0,1.0,2.0,3.0,5.0
2025_05_NE_BUF,NE,BUF,Austin Hooper,00-0032392,TE,rec,1.741,0.0,1.0,1.0,3.0,4.0
2025_05_NE_BUF,NE,BUF,Austin Hooper,00-0032392,TE,rec_yds,19.124,0.0,0.0,13.551,29.233,46.706
2025_05_NE_BUF,NE,BUF,Austin Hooper,00-0032392,TE,anytime_td,0.07,0.0,0.0,0.0,0.0,0.0
2025_05_NE_BUF,NE,BUF,Rhamondre Stevenson,00-0036875,RB,car,8.835,3.0,5.0,8.0,12.0,15.0
2025_05_NE_BUF,NE,BUF,Rhamondre Stevenson,00-0036875,RB,rush_yds,36.775,7.26,16.232,31.293,50.408,73.726
2025_05_NE_BUF,NE,BUF,Rhamondre Stevenson,00-0036875,RB,tgt,2.561,0.0,1.0,2.0,4.0,5.0
2025_05_NE_BUF,NE,BUF,Rhamondre Stevenson,00-0036875,RB,rec,2.032,0.0,1.0,2.0,3.0,4.0
2025_05_NE_BUF,NE,BUF,Rhamondre Stevenson,00-0036875,RB,rec_yds,16.81,0.0,1.25,11.806,25.142,41.498
2025_05_NE_BUF,NE,BUF,Rhamondre Stevenson,00-0036875,RB,anytime_td,0.2,0.0,0.0,0.0,0.0,1.0
2025_05_NE_BUF,NE,BUF,TreVeyon Henderson,00-0040734,RB,car,6.298,2.0,3.0,6.0,9.0,12.0
2025_05_NE_BUF,NE,BUF,TreVeyon Henderson,00-0040734,RB,rush_yds,26.286,2.551,8.805,20.594,37.057,57.738
2025_05_NE_BUF,NE,BUF,TreVeyon Henderson,00-0040734,RB,tgt,2.803,0.0,1.0,2.0,4.0,6.0
2025_05_NE_BUF,NE,BUF,TreVeyon Henderson,00-0040734,RB,rec,2.276,0.0,1.0,2.0,3.0,5.0
2025_05_NE_BUF,NE,BUF,TreVeyon Henderson,00-0040734,RB,rec_yds,16.24,0.0,3.27,11.654,24.27,38.287
2025_05_NE_BUF,NE,BUF,TreVeyon Henderson,00-0040734,RB,anytime_td,0.226,0.0,0.0,0.0,0.0,1.0
2025_05_NE_BUF,NE,BUF,Stefon Diggs,00-0031588,WR,car,0.066,0.0,0.0,0.0,0.0,0.0
2025_05_NE_BUF,NE,BUF,Stefon Diggs,00-0031588,WR,rush_yds,0.369,0.0,0.0,0.0,0.0,0.0
2025_05_NE_BUF,NE,BUF,Stefon Diggs,00-0031588,WR,tgt,5.456,2.0,3.0,5.0,7.0,9.0
2025_05_NE_BUF,NE,BUF,Stefon Diggs,00-0031588,WR,rec,3.782,1.0,2.0,4.0,5.0,7.0
2025_05_NE_BUF,NE,BUF,Stefon Diggs,00-0031588,WR,rec_yds,45.899,7.963,20.246,39.37,64.362,93.33
2025_05_NE_BUF,NE,BUF,Stefon Diggs,00-0031588,WR,anytime_td,0.111,0.0,0.0,0.0,0.0,1.0
2025_05_NE_BUF,NE,BUF,DeMario Douglas,00-0038621,WR,car,0.198,0.0,0.0,0.0,0.0,0.0
2025_05_NE_BUF,NE,BUF,DeMario Douglas,00-0038621,WR,rush_yds,1.072,0.0,0.0,0.0,0.0,0.0
2025_05_NE_BUF,NE,BUF,DeMario Douglas,00-0038621,WR,tgt,3.461,1.0,2.0,3.0,5.0,7.0
2025_05_NE_BUF,NE,BUF,DeMario Douglas,00-0038621,WR,rec,2.096,0.0,1.0,2.0,3.0,4.0
2025_05_NE_BUF,NE,BUF,DeMario Douglas,00-0038621,WR,rec_yds,23.208,0.0,5.352,17.506,34.365,54.365
2025_05_NE_BUF,NE,BUF,DeMario Douglas,00-0038621,WR,anytime_td,0.172,0.0,0.0,0.0,0.0,1.0
2025_05_NE_BUF,NE,BUF,Kyle Williams,00-0040131,WR,car,0.29,0.0,0.0,0.0,0.0,1.0
2025_05_NE_BUF,NE,BUF,Kyle Williams,00-0040131,WR,rush_yds,1.564,0.0,0.0,0.0,0.0,2.807
2025_05_NE_BUF,NE,BUF,Kyle Williams,00-0040131,WR,tgt,0.61,0.0,0.0,0.0,1.0,2.0
2025_05_NE_BUF,NE,BUF,Kyle Williams,00-0040131,WR,rec,0.394,0.0,0.0,0.0,1.0,1.0
2025_05_NE_BUF,NE,BUF,Kyle Williams,00-0040131,WR,rec_yds,4.861,0.0,0.0,0.0,4.497,17.219
2025_05_NE_BUF,NE,BUF,Kyle Williams,00-0040131,WR,anytime_td,0.012,0.0,0.0,0.0,0.0,0.0
2025_05_NE_BUF,NE,BUF,Antonio Gibson,00-0036328,RB,car,5.813,1.0,3.0,5.0,8.0,11.0
2025_05_NE_BUF,NE,BUF,Antonio Gibson,00-0036328,RB,rush_yds,25.481,1.762,8.286,19.042,35.404,57.346
2025_05_NE_BUF,NE,BUF,Antonio Gibson,00-0036328,RB,tgt,0.996,0.0,0.0,1.0,2.0,3.0
2025_05_NE_BUF,NE,BUF,Antonio Gibson,00-0036328,RB,rec,0.759,0.0,0.0,0.0,1.0,2.0
2025_05_NE_BUF,NE,BUF,Antonio Gibson,00-0036328,RB,rec_yds,5.29,0.0,0.0,0.0,7.485,16.88
2025_05_NE_BUF,NE,BUF,Antonio Gibson,00-0036328,RB,anytime_td,0.167,0.0,0.0,0.0,0.0,1.0
2025_05_NYG_NO,NO,NYG,Spencer Rattler,00-0039376,QB,att,30.685,21.0,26.0,32.0,37.0,41.0
2025_05_NYG_NO,NO,NYG,Spencer Rattler,00-0039376,QB,cmp,19.86,12.0,17.0,20.0,24.0,28.0
2025_05_NYG_NO,NO,NYG,Spencer Rattler,00-0039376,QB,pass_yds,204.913,118.388,160.104,205.215,252.177,295.763
2025_05_NYG_NO,NO,NYG,Spencer Rattler,00-0039376,QB,pass_td,1.321,0.0,1.0,1.0,2.0,3.0
2025_05_NYG_NO,NO,NYG,Spencer Rattler,00-0039376,QB,ints,0.634,0.0,0.0,0.0,1.0,2.0
2025_05_NYG_NO,NO,NYG,Spencer Rattler,00-0039376,QB,car,3.866,1.0,2.0,3.0,5.0,7.0
2025_05_NYG_NO,NO,NYG,Spencer Rattler,00-0039376,QB,rush_yds,19.037,0.0,5.095,15.238,27.628,42.806
2025_05_NYG_NO,NO,NYG,Spencer Rattler,00-0039376,QB,tgt,0.0,0.0,0.0,0.0,0.0,0.0
2025_05_NYG_NO,NO,NYG,Spencer Rattler,00-0039376,QB,rec,0.0,0.0,0.0,0.0,0.0,0.0
2025_05_NYG_NO,NO,NYG,Spencer Rattler,00-0039376,QB,rec_yds,0.0,0.0,0.0,0.0,0.0,0.0
2025_05_NYG_NO,NO,NYG,Spencer Rattler,00-0039376,QB,anytime_td,0.036,0.0,0.0,0.0,0.0,0.0
2025_05_NYG_NO,NO,NYG,Juwan Johnson,00-0036040,TE,car,0.003,0.0,0.0,0.0,0.0,0.0
2025_05_NYG_NO,NO,NYG,Juwan Johnson,00-0036040,TE,rush_yds,0.011,0.0,0.0,0.0,0.0,0.0
2025_05_NYG_NO,NO,NYG,Juwan Johnson,00-0036040,TE,tgt,5.189,2.0,3.0,5.0,7.0,9.0
2025_05_NYG_NO,NO,NYG,Juwan Johnson,00-0036040,TE,rec,3.703,1.0,2.0,3.0,5.0,7.0
2025_05_NYG_NO,NO,NYG,Juwan Johnson,00-0036040,TE,rec_yds,36.959,6.247,16.234,32.387,51.941,73.626
2025_05_NYG_NO,NO,NYG,Juwan Johnson,00-0036040,TE,anytime_td,0.188,0.0,0.0,0.0,0.0,1.0
2025_05_NYG_NO,NO,NYG,Chris Olave,00-0037239,WR,car,0.028,0.0,0.0,0.0,0.0,0.0
2025_05_NYG_NO,NO,NYG,Chris Olave,00-0037239,WR,rush_yds,0.177,0.0,0.0,0.0,0.0,0.0
2025_05_NYG_NO,NO,NYG,Chris Olave,00-0037239,WR,tgt,7.275,3.0,5.0,7.0,9.0,12.0
2025_05_NYG_NO,NO,NYG,Chris Olave,00-0037239,WR,rec,4.539,2.0,3.0,4.0,6.0,8.0
2025_05_NYG_NO,NO,NYG,Chris Olave,00-0037239,WR,rec_yds,48.202,11.527,24.214,43.321,66.45,92.245
2025_05_NYG_NO,NO,NYG,Chris Olave,00-0037239,WR,anytime_td,0.229,0.0,0.0,0.0,0.0,1.0
2025_05_NYG_NO,NO,NYG,Rashid Shaheed,00-0037545,WR,car,0.608,0.0,0.0,0.0,1.0,2.0
2025_05_NYG_NO,NO,NYG,Rashid Shaheed,00-0037545,WR,rush_yds,3.42,0.0,0.0,0.0,0.0,11.424
2025_05_NYG_NO,NO,NYG,Rashid Shaheed,00-0037545,WR,tgt,5.014,2.0,3.0,5.0,7.0,9.0
2025_05_NYG_NO,NO,NYG,Rashid Shaheed,00-0037545,WR,rec,3.188,1.0,2.0,3.0,4.0,6.0
2025_05_NYG_NO,NO,NYG,Rashid Shaheed,00-0037545,WR,rec_yds,38.777,4.561,15.576,32.643,55.561,80.609
2025_05_NYG_NO,NO,NYG,Rashid Shaheed,00-0037545,WR,anytime_td,0.223,0.0,0.0,0.0,0.0,1.0
2025_05_NYG_NO,NO,NYG,Alvin Kamara,00-0033906,RB,car,14.518,7.0,10.0,14.0,18.0,23.0
2025_05_NYG_NO,NO,NYG,Alvin Kamara,00-0033906,RB,rush_yds,62.657,20.493,35.104,56.35,83.362,113.024
2025_05_NYG_NO,NO,NYG,Alvin Kamara,00-0033906,RB,tgt,3.615,1.0,2.0,3.0,5.0,7.0
2025_05_NYG_NO,NO,NYG,Alvin Kamara,00-0033906,RB,rec,2.846,1.0,1.0,3.0,4.0,6.0
2025_05_NYG_NO,NO,NYG,Alvin Kamara,00-0033906,RB,rec_yds,18.684,0.0,5.424,14.508,27.169,42.237
2025_05_NYG_NO,NO,NYG,Alvin Kamara,00-0033906,RB,anytime_td,0.357,0.0,0.0,0.0,1.0,1.0
2025_05_NYG_NO,NO,NYG,Brandin Cooks,00-0031236,WR,car,0.08,0.0,0.0,0.0,0.0,0.0
2025_05_NYG_NO,NO,NYG,Brandin Cooks,00-0031236,WR,rush_yds,0.425,0.0,0.0,0.0,0.0,0.0
2025_05_NYG_NO,NO,NYG,Brandin Cooks,00-0031236,WR,tgt,3.423,1.0,2.0,3.0,5.0,7.0
2025_05_NYG_NO,NO,NYG,Brandin Cooks,00-0031236,WR,rec,2.17,0.0,1.0,2.0,3.0,4.0
2025_05_NYG_NO,NO,NYG,Brandin Cooks,00-0031236,WR,rec_yds,25.515,0.0,6.363,19.352,37.467,59.892
2025_05_NYG_NO,NO,NYG,Brandin Cooks,00-0031236,WR,anytime_td,0.093,0.0,0.0,0.0,0.0,0.0
2025_05_NYG_NO,NO,NYG,Kendre Miller,00-0038551,RB,car,7.052,2.0,4.0,6.0,10.0,13.0
2025_05_NYG_NO,NO,NYG,Kendre Miller,00-0038551,RB,rush_yds,31.995,3.739,11.441,25.073,45.148,69.475
2025_05_NYG_NO,NO,NYG,Kendre Miller,00-0038551,RB,tgt,0.739,0.0,0.0,0.0,1.0,2.0
2025_05_NYG_NO,NO,NYG,Kendre Miller,00-0038551,RB,rec,0.583,0.0,0.0,0.0,1.0,2.0
2025_05_NYG_NO,NO,NYG,Kendre Miller,00-0038551,RB,rec_yds,4.206,0.0,0.0,0.0,5.225,14.305
2025_05_NYG_NO,NO,NYG,Kendre Miller,00-0038551,RB,anytime_td,0.262,0.0,0.0,0.0,1.0,1.0
2025_05_NYG_NO,NO,NYG,Jack Stoll,00-0036741,TE,car,0.003,0.0,0.0,0.0,0.0,0.0
2025_05_NYG_NO,NO,NYG,Jack Stoll,00-0036741,TE,rush_yds,0.008,0.0,0.0,0.0,0.0,0.0
2025_05_NYG_NO,NO,NYG,Jack Stoll,00-0036741,TE,tgt,0.807,0.0,0.0,0.0,1.0,2.0
2025_05_NYG_NO,NO,NYG,Jack Stoll,00-0036741,TE,rec,0.568,0.0,0.0,0.0,1.0,2.0
2025_05_NYG_NO,NO,NYG,Jack Stoll,00-0036741,TE,rec_yds,5.689,0.0,0.0,0.0,8.046,19.527
2025_05_NYG_NO,NO,NYG,Jack Stoll,00-0036741,TE,anytime_td,0.084,0.0,0.0,0.0,0.0,0.0
2025_05_NYG_NO,NO,NYG,Devaughn Vele,00-0039424,WR,car,0.013,0.0,0.0,0.0,0.0,0.0
2025_05_NYG_NO,NO,NYG,Devaughn Vele,00-0039424,WR,rush_yds,0.079,0.0,0.0,0.0,0.0,0.0
2025_05_NYG_NO,NO,NYG,Devaughn Vele,00-0039424,WR,tgt,1.524,0.0,0.0,1.0,2.0,4.0
2025_05_NYG_NO,NO,NYG,Devaughn Vele,00-0039424,WR,rec,0.981,0.0,0.0,1.0,1.0,3.0
2025_05_NYG_NO,NO,NYG,Devaughn Vele,00-0039424,WR,rec_yds,12.257,0.0,0.0,5.095,18.48,35.338
2025_05_NYG_NO,NO,NYG,Devaughn Vele,00-0039424,WR,anytime_td,0.147,0.0,0.0,0.0,0.0,1.0
2025_05_NYG_NO,NO,NYG,Foster Moreau,00-0034981,TE,car,0.003,0.0,0.0,0.0,0.0,0.0
2025_05_NYG_NO,NO,NYG,Foster Moreau,00-0034981,TE,rush_yds,0.01,0.0,0.0,0.0,0.0,0.0
2025_05_NYG_NO,NO,NYG,Foster Moreau,00-0034981,TE,tgt,2.381,0.0,1.0,2.0,3.0,5.0
2025_05_NYG_NO,NO,NYG,Foster Moreau,00-0034981,TE,rec,1.718,0.0,1.0,1.0,3.0,4.0
2025_05_NYG_NO,NO,NYG,Foster Moreau,00-0034981,TE,rec_yds,18.548,0.0,0.0,13.127,28.497,46.076
2025_05_NYG_NO,NO,NYG,Foster Moreau,00-0034981,TE,anytime_td,0.178,0.0,0.0,0.0,0.0,1.0
2025_05_NYG_NO,NO,NYG,Mason Tipton,00-0039623,WR,car,0.012,0.0,0.0,0.0,0.0,0.0
2025_05_NYG_NO,NO,NYG,Mason Tipton,00-0039623,WR,rush_yds,0.081,0.0,0.0,0.0,0.0,0.0
2025_05_NYG_NO,NO,NYG,Mason Tipton,00-0039623,WR,tgt,1.104,0.0,0.0,1.0,2.0,3.0
2025_05_NYG_NO,NO,NYG,Mason Tipton,00-0039623,WR,rec,0.676,0.0,0.0,0.0,1.0,2.0
2025_05_NYG_NO,NO,NYG,Mason Tipton,00-0039623,WR,rec_yds,8.247,0.0,0.0,0.0,12.036,26.865
2025_05_NYG_NO,NO,NYG,Mason Tipton,00-0039623,WR,anytime_td,0.02,0.0,0.0,0.0,0.0,0.0
2025_05_NYG_NO,NO,NYG,Velus Jones Jr.,00-0037745,RB,car,1.022,0.0,0.0,0.0,1.0,3.0
2025_05_NYG_NO,NO,NYG,Velus Jones Jr.,00-0037745,RB,rush_yds,4.467,0.0,0.0,0.0,4.467,14.461
2025_05_NYG_NO,NO,NYG,Velus Jones Jr.,00-0037745,RB,tgt,0.324,0.0,0.0,0.0,0.0,1.0
2025_05_NYG_NO,NO,NYG,Velus Jones Jr.,00-0037745,RB,rec,0.251,0.0,0.0,0.0,0.0,1.0
2025_05_NYG_NO,NO,NYG,Velus Jones Jr.,00-0037745,RB,rec_yds,1.86,0.0,0.0,0.0,0.0,7.073
2025_05_NYG_NO,NO,NYG,Velus Jones Jr.,00-0037745,RB,anytime_td,0.028,0.0,0.0,0.0,0.0,0.0
2025_05_NYG_NO,NYG,NO,Jaxson Dart,00-0040691,QB,att,28.882,19.0,24.0,29.0,34.0,39.0
2025_05_NYG_NO,NYG,NO,Jaxson Dart,00-0040691,QB,cmp,18.532,12.0,15.0,19.0,22.0,26.0
2025_05_NYG_NO,NYG,NO,Jaxson Dart,00-0040691,QB,pass_yds,195.816,113.12,151.134,194.127,240.059,285.979
2025_05_NYG_NO,NYG,NO,Jaxson Dart,00-0040691,QB,pass_td,1.166,0.0,0.0,1.0,2.0,2.0
2025_05_NYG_NO,NYG,NO,Jaxson Dart,00-0040691,QB,ints,0.624,0.0,0.0,0.0,1.0,2.0
2025_05_NYG_NO,NYG,NO,Jaxson Dart,00-0040691,QB,car,6.02,2.0,3.0,5.0,8.0,11.0
2025_05_NYG_NO,NYG,NO,Jaxson Dart,00-0040691,QB,rush_yds,27.505,3.575,11.525,22.942,38.952,56.575
2025_05_NYG_NO,NYG,NO,Jaxson Dart,00-0040691,QB,tgt,0.0,0.0,0.0,0.0,0.0,0.0
2025_05_NYG_NO,NYG,NO,Jaxson Dart,00-0040691,QB,rec,0.0,0.0,0.0,0.0,0.0,0.0
2025_05_NYG_NO,NYG,NO,Jaxson Dart,00-0040691,QB,rec_yds,0.0,0.0,0.0,0.0,0.0,0.0
2025_05_NYG_NO,NYG,NO,Jaxson Dart,00-0040691,QB,anytime_td,0.212,0.0,0.0,0.0,0.0,1.0
2025_05_NYG_NO,NYG,NO,Wan'Dale Robinson,00-0038117,WR,car,0.071,0.0,0.0,0.0,0.0,0.0
2025_05_NYG_NO,NYG,NO,Wan'Dale Robinson,00-0038117,WR,rush_yds,0.387,0.0,0.0,0.0,0.0,0.0
2025_05_NYG_NO,NYG,NO,Wan'Dale Robinson,00-0038117,WR,tgt,9.752,5.0,7.0,9.0,12.0,15.0
2025_05_NYG_NO,NYG,NO,Wan'Dale Robinson,00-0038117,WR,rec,6.143,3.0,4.0,6.0,8.0,10.0
2025_05_NYG_NO,NYG,NO,Wan'Dale Robinson,00-0038117,WR,rec_yds,72.859,24.569,42.95,67.186,96.929,128.03
2025_05_NYG_NO,NYG,NO,Wan'Dale Robinson,00-0038117,WR,anytime_td,0.213,0.0,0.0,0.0,0.0,1.0
2025_05_NYG_NO,NYG,NO,Theo Johnson,00-0039847,TE,car,0.007,0.0,0.0,0.0,0.0,0.0
2025_05_NYG_NO,NYG,NO,Theo Johnson,00-0039847,TE,rush_yds,0.02,0.0,0.0,0.0,0.0,0.0
2025_05_NYG_NO,NYG,NO,Theo Johnson,00-0039847,TE,tgt,5.357,2.0,3.0,5.0,7.0,9.0
2025_05_NYG_NO,NYG,NO,Theo Johnson,00-0039847,TE,rec,3.604,1.0,2.0,3.0,5.0,7.0
2025_05_NYG_NO,NYG,NO,Theo Johnson,00-0039847,TE,rec_yds,35.724,6.463,15.671,30.283,50.016,72.205
2025_05_NYG_NO,NYG,NO,Theo Johnson,00-0039847,TE,anytime_td,0.213,0.0,0.0,0.0,0.0,1.0
2025_05_NYG_NO,NYG,NO,Darius Slayton,00-0035535,WR,car,0.096,0.0,0.0,0.0,0.0,0.0
2025_05_NYG_NO,NYG,NO,Darius Slayton,00-0035535,WR,rush_yds,0.521,0.0,0.0,0.0,0.0,0.0
2025_05_NYG_NO,NYG,NO,Darius Slayton,00-0035535,WR,tgt,4.677,2.0,3.0,4.0,6.0,8.0
2025_05_NYG_NO,NYG,NO,Darius Slayton,00-0035535,WR,rec,2.921,1.0,1.0,3.0,4.0,6.0
2025_05_NYG_NO,NYG,NO,Darius Slayton,00-0035535,WR,rec_yds,38.428,3.464,14.093,31.869,54.877,80.545
2025_05_NYG_NO,NYG,NO,Darius Slayton,00-0035535,WR,anytime_td,0.1,0.0,0.0,0.0,0.0,1.0
2025_05_NYG_NO,NYG,NO,Cam Skattebo,00-0040715,RB,car,15.226,8.0,11.0,15.0,19.0,23.0
2025_05_NYG_NO,NYG,NO,Cam Skattebo,00-0040715,RB,rush_yds,61.534,21.243,35.752,55.924,80.126,107.888
2025_05_NYG_NO,NYG,NO,Cam Skattebo,00-0040715,RB,tgt,5.024,2.0,3.0,5.0,7.0,9.0
2025_05_NYG_NO,NYG,NO,Cam Skattebo,00-0040715,RB,rec,3.862,1.0,2.0,4.0,5.0,7.0
2025_05_NYG_NO,NYG,NO,Cam Skattebo,00-0040715,RB,rec_yds,28.965,3.911,11.803,24.221,40.953,59.825
2025_05_NYG_NO,NYG,NO,Cam Skattebo,00-0040715,RB,anytime_td,0.344,0.0,0.0,0.0,1.0,1.0
2025_05_NYG_NO,NYG,NO,Daniel Bellinger,00-0038115,TE,car,0.002,0.0,0.0,0.0,0.0,0.0
2025_05_NYG_NO,NYG,NO,Daniel Bellinger,00-0038115,TE,rush_yds,0.005,0.0,0.0,0.0,0.0,0.0
2025_05_NYG_NO,NYG,NO,Daniel Bellinger,00-0038115,TE,tgt,1.49,0.0,0.0,1.0,2.0,4.0
2025_05_NYG_NO,NYG,NO,Daniel Bellinger,00-0038115,TE,rec,1.07,0.0,0.0,1.0,2.0,3.0
2025_05_NYG_NO,NYG,NO,Daniel Bellinger,00-0038115,TE,rec_yds,10.988,0.0,0.0,5.521,16.928,31.358
2025_05_NYG_NO,NYG,NO,Daniel Bellinger,00-0038115,TE,anytime_td,0.017,0.0,0.0,0.0,0.0,0.0
2025_05_NYG_NO,NYG,NO,Jalin Hyatt,00-0038938,WR,car,0.021,0.0,0.0,0.0,0.0,0.0
2025_05_NYG_NO,NYG,NO,Jalin Hyatt,00-0038938,WR,rush_yds,0.113,0.0,0.0,0.0,0.0,0.0
2025_05_NYG_NO,NYG,NO,Jalin Hyatt,00-0038938,WR,tgt,1.212,0.0,0.0,1.0,2.0,3.0
2025_05_NYG_NO,NYG,NO,Jalin Hyatt,00-0038938,WR,rec,0.728,0.0,0.0,0.0,1.0,2.0
2025_05_NYG_NO,NYG,NO,Jalin Hyatt,00-0038938,WR,rec_yds,9.045,0.0,0.0,0.0,13.15,28.734
2025_05_NYG_NO,NYG,NO,Jalin Hyatt,00-0038938,WR,anytime_td,0.014,0.0,0.0,0.0,0.0,0.0
2025_05_NYG_NO,NYG,NO,Devin Singletary,00-0035250,RB,car,6.435,1.0,3.0,6.0,9.0,12.0
2025_05_NYG_NO,NYG,NO,Devin Singletary,00-0035250,RB,rush_yds,26.413,2.555,8.865,20.337,37.329,58.193
2025_05_NYG_NO,NYG,NO,Devin Singletary,00-0035250,RB,tgt,0.915,0.0,0.0,1.0,1.0,2.0
2025_05_NYG_NO,NYG,NO,Devin Singletary,00-0035250,RB,rec,0.701,0.0,0.0,0.0,1.0,2.0
2025_05_NYG_NO,NYG,NO,Devin Singletary,00-0035250,RB,rec_yds,4.815,0.0,0.0,0.0,6.658,15.453
2025_05_NYG_NO,NYG,NO,Devin Singletary,00-0035250,RB,anytime_td,0.094,0.0,0.0,0.0,0.0,0.0
2025_05_NYG_NO,NYG,NO,Chris Manhertz,00-0031484,TE,car,0.005,0.0,0.0,0.0,0.0,0.0
2025_05_NYG_NO,NYG,NO,Chris Manhertz,00-0031484,TE,rush_yds,0.015,0.0,0.0,0.0,0.0,0.0
2025_05_NYG_NO,NYG,NO,Chris Manhertz,00-0031484,TE,tgt,0.552,0.0,0.0,0.0,1.0,2.0
2025_05_NYG_NO,NYG,NO,Chris Manhertz,00-0031484,TE,rec,0.381,0.0,0.0,0.0,1.0,1.0
2025_05_NYG_NO,NYG,NO,Chris Manhertz,00-0031484,TE,rec_yds,3.941,0.0,0.0,0.0,3.028,14.541
2025_05_NYG_NO,NYG,NO,Chris Manhertz,00-0031484,TE,anytime_td,0.014,0.0,0.0,0.0,0.0,0.0
2025_05_TB_SEA,SEA,TB,Sam Darnold,00-0034869,QB,att,29.824,20.0,25.0,30.0,36.0,40.0
2025_05_TB_SEA,SEA,TB,Sam Darnold,00-0034869,QB,cmp,20.33,13.0,17.0,21.0,25.0,28.0
2025_05_TB_SEA,SEA,TB,Sam Darnold,00-0034869,QB,pass_yds,228.622,134.311,179.406,227.772,279.119,330.908
2025_05_TB_SEA,SEA,TB,Sam Darnold,00-0034869,QB,pass_td,1.507,0.0,1.0,1.0,2.0,3.0
2025_05_TB_SEA,SEA,TB,Sam Darnold,00-0034869,QB,ints,0.586,0.0,0.0,0.0,1.0,2.0
2025_05_TB_SEA,SEA,TB,Sam Darnold,00-0034869,QB,car,2.495,0.0,1.0,2.0,4.0,5.0
2025_05_TB_SEA,SEA,TB,Sam Darnold,00-0034869,QB,rush_yds,10.089,-1.0,0.0,6.324,15.811,28.387
2025_05_TB_SEA,SEA,TB,Sam Darnold,00-0034869,QB,tgt,0.001,0.0,0.0,0.0,0.0,0.0
2025_05_TB_SEA,SEA,TB,Sam Darnold,00-0034869,QB,rec,0.001,0.0,0.0,0.0,0.0,0.0
2025_05_TB_SEA,SEA,TB,Sam Darnold,00-0034869,QB,rec_yds,0.002,0.0,0.0,0.0,0.0,0.0
2025_05_TB_SEA,SEA,TB,Sam Darnold,00-0034869,QB,anytime_td,0.036,0.0,0.0,0.0,0.0,0.0
2025_05_TB_SEA,SEA,TB,Jaxon Smith-Njigba,00-0038543,WR,car,0.661,0.0,0.0,0.0,1.0,2.0
2025_05_TB_SEA,SEA,TB,Jaxon Smith-Njigba,00-0038543,WR,rush_yds,3.652,0.0,0.0,0.0,0.0,12.526
2025_05_TB_SEA,SEA,TB,Jaxon Smith-Njigba,00-0038543,WR,tgt,8.983,4.0,6.0,9.0,11.0,14.0
2025_05_TB_SEA,SEA,TB,Jaxon Smith-Njigba,00-0038543,WR,rec,6.358,3.0,4.0,6.0,8.0,10.0
2025_05_TB_SEA,SEA,TB,Jaxon Smith-Njigba,00-0038543,WR,rec_yds,84.442,28.842,48.609,77.991,113.191,146.679
2025_05_TB_SEA,SEA,TB,Jaxon Smith-Njigba,00-0038543,WR,anytime_td,0.315,0.0,0.0,0.0,1.0,1.0
2025_05_TB_SEA,SEA,TB,Cooper Kupp,00-0033908,WR,car,0.023,0.0,0.0,0.0,0.0,0.0
2025_05_TB_SEA,SEA,TB,Cooper Kupp,00-0033908,WR,rush_yds,0.101,0.0,0.0,0.0,0.0,0.0
2025_05_TB_SEA,SEA,TB,Cooper Kupp,00-0033908,WR,tgt,6.144,3.0,4.0,6.0,8.0,10.0
2025_05_TB_SEA,SEA,TB,Cooper Kupp,00-0033908,WR,rec,4.162,1.0,2.0,4.0,6.0,7.0
2025_05_TB_SEA,SEA,TB,Cooper Kupp,00-0033908,WR,rec_yds,48.982,10.647,23.517,42.647,68.348,94.353
2025_05_TB_SEA,SEA,TB,Cooper Kupp,00-0033908,WR,anytime_td,0.173,0.0,0.0,0.0,0.0,1.0
2025_05_TB_SEA,SEA,TB,AJ Barner,00-0039793,TE,car,0.232,0.0,0.0,0.0,0.0,1.0
2025_05_TB_SEA,SEA,TB,AJ Barner,00-0039793,TE,rush_yds,0.551,0.0,0.0,0.0,0.0,0.0
2025_05_TB_SEA,SEA,TB,AJ Barner,00-0039793,TE,tgt,2.721,0.0,1.0,2.0,4.0,6.0
2025_05_TB_SEA,SEA,TB,AJ Barner,00-0039793,TE,rec,2.025,0.0,1.0,2.0,3.0,4.0
2025_05_TB_SEA,SEA,TB,AJ Barner,00-0039793,TE,rec_yds,20.75,0.0,4.811,15.832,30.744,48.962
2025_05_TB_SEA,SEA,TB,AJ Barner,00-0039793,TE,anytime_td,0.298,0.0,0.0,0.0,1.0,1.0
2025_05_TB_SEA,SEA,TB,Zach Charbonnet,00-0039165,RB,car,10.38,4.0,6.0,10.0,14.0,18.0
2025_05_TB_SEA,SEA,TB,Zach Charbonnet,00-0039165,RB,rush_yds,39.323,9.293,18.685,33.249,53.609,76.659
2025_05_TB_SEA,SEA,TB,Zach Charbonnet,00-0039165,RB,tgt,1.736,0.0,0.0,1.0,3.0,4.0
2025_05_TB_SEA,SEA,TB,Zach Charbonnet,00-0039165,RB,rec,1.394,0.0,0.0,1.0,2.0,3.0
2025_05_TB_SEA,SEA,TB,Zach Charbonnet,00-0039165,RB,rec_yds,9.76,0.0,0.0,5.316,14.525,26.904
2025_05_TB_SEA,SEA,TB,Zach Charbonnet,00-0039165,RB,anytime_td,0.464,0.0,0.0,0.0,1.0,1.0
2025_05_TB_SEA,SEA,TB,Tory Horton,00-0040648,WR,car,0.013,0.0,0.0,0.0,0.0,0.0
2025_05_TB_SEA,SEA,TB,Tory Horton,00-0040648,WR,rush_yds,0.067,0.0,0.0,0.0,0.0,0.0
2025_05_TB_SEA,SEA,TB,Tory Horton,00-0040648,WR,tgt,3.173,1.0,2.0,3.0,4.0,6.0
2025_05_TB_SEA,SEA,TB,Tory Horton,00-0040648,WR,rec,2.028,0.0,1.0,2.0,3.0,4.0
2025_05_TB_SEA,SEA,TB,Tory Horton,00-0040648,WR,rec_yds,25.01,0.0,5.503,18.405,36.175,60.209
2025_05_TB_SEA,SEA,TB,Tory Horton,00-0040648,WR,anytime_td,0.279,0.0,0.0,0.0,1.0,1.0
2025_05_TB_SEA,SEA,TB,Kenneth Walker III,00-0038134,RB,car,12.956,6.0,9.0,12.0,17.0,21.0
2025_05_TB_SEA,SEA,TB,Kenneth Walker III,00-0038134,RB,rush_yds,53.023,15.744,27.913,46.765,70.81,97.589
2025_05_TB_SEA,SEA,TB,Kenneth Walker III,00-0038134,RB,tgt,2.903,0.0,1.0,3.0,4.0,6.0
2025_05_TB_SEA,SEA,TB,Kenneth Walker III,00-0038134,RB,rec,2.348,0.0,1.0,2.0,3.0,5.0
2025_05_TB_SEA,SEA,TB,Kenneth Walker III,00-0038134,RB,rec_yds,17.457,0.0,3.704,12.591,25.801,41.573
2025_05_TB_SEA,SEA,TB,Kenneth Walker III,00-0038134,RB,anytime_td,0.468,0.0,0.0,0.0,1.0,1.0
2025_05_TB_SEA,SEA,TB,Elijah Arroyo,00-0040739,TE,car,0.001,0.0,0.0,0.0,0.0,0.0
2025_05_TB_SEA,SEA,TB,Elijah Arroyo,00-0040739,TE,rush_yds,0.002,0.0,0.0,0.0,0.0,0.0
2025_05_TB_SEA,SEA,TB,Elijah Arroyo,00-0040739,TE,tgt,2.835,0.0,1.0,2.0,4.0,6.0
2025_05_TB_SEA,SEA,TB,Elijah Arroyo,00-0040739,TE,rec,1.975,0.0,1.0,2.0,3.0,4.0
2025_05_TB_SEA,SEA,TB,Elijah Arroyo,00-0040739,TE,rec_yds,21.543,0.0,4.768,16.169,32.613,50.212
2025_05_TB_SEA,SEA,TB,Elijah Arroyo,00-0040739,TE,anytime_td,0.098,0.0,0.0,0.0,0.0,0.0
2025_05_TB_SEA,SEA,TB,Eric Saubert,00-0033576,TE,car,0.002,0.0,0.0,0.0,0.0,0.0
2025_05_TB_SEA,SEA,TB,Eric Saubert,00-0033576,TE,rush_yds,0.008,0.0,0.0,0.0,0.0,0.0
2025_05_TB_SEA,SEA,TB,Eric Saubert,00-0033576,TE,tgt,0.633,0.0,0.0,0.0,1.0,2.0
2025_05_TB_SEA,SEA,TB,Eric Saubert,00-0033576,TE,rec,0.47,0.0,0.0,0.0,1.0,2.0
2025_05_TB_SEA,SEA,TB,Eric Saubert,00-0033576,TE,rec_yds,4.878,0.0,0.0,0.0,5.954,17.205
2025_05_TB_SEA,SEA,TB,Eric Saubert,00-0033576,TE,anytime_td,0.031,0.0,0.0,0.0,0.0,0.0
2025_05_TB_SEA,SEA,TB,Jake Bobo,00-0038752,WR,car,0.013,0.0,0.0,0.0,0.0,0.0
2025_05_TB_SEA,SEA,TB,Jake Bobo,00-0038752,WR,rush_yds,0.068,0.0,0.0,0.0,0.0,0.0
2025_05_TB_SEA,SEA,TB,Jake Bobo,00-0038752,WR,tgt,0.796,0.0,0.0,0.0,1.0,2.0
2025_05_TB_SEA,SEA,TB,Jake Bobo,00-0038752,WR,rec,0.525,0.0,0.0,0.0,1.0,2.0
2025_05_TB_SEA,SEA,TB,Jake Bobo,00-0038752,WR,rec_yds,6.478,0.0,0.0,0.0,8.13,22.516
2025_05_TB_SEA,SEA,TB,Jake Bobo,00-0038752,WR,anytime_td,0.047,0.0,0.0,0.0,0.0,0.0
2025_05_TB_SEA,TB,SEA,Baker Mayfield,00-0034855,QB,att,30.98,21.0,26.0,32.0,37.0,41.0
2025_05_TB_SEA,TB,SEA,Baker Mayfield,00-0034855,QB,cmp,20.263,13.0,17.0,21.0,24.0,28.0
2025_05_TB_SEA,TB,SEA,Baker Mayfield,00-0034855,QB,pass_yds,211.21,122.568,165.676,208.727,259.435,307.627
2025_05_TB_SEA,TB,SEA,Baker Mayfield,00-0034855,QB,pass_td,1.342,0.0,1.0,1.0,2.0,3.0
2025_05_TB_SEA,TB,SEA,Baker Mayfield,00-0034855,QB,ints,0.715,0.0,0.0,0.0,1.0,2.0
2025_05_TB_SEA,TB,SEA,Baker Mayfield,00-0034855,QB,car,3.647,1.0,2.0,3.0,5.0,7.0
2025_05_TB_SEA,TB,SEA,Baker Mayfield,00-0034855,QB,rush_yds,21.69,0.0,7.325,17.668,32.023,47.482
2025_05_TB_SEA,TB,SEA,Baker Mayfield,00-0034855,QB,tgt,0.001,0.0,0.0,0.0,0.0,0.0
2025_05_TB_SEA,TB,SEA,Baker Mayfield,00-0034855,QB,rec,0.001,0.0,0.0,0.0,0.0,0.0
2025_05_TB_SEA,TB,SEA,Baker Mayfield,00-0034855,QB,rec_yds,0.002,0.0,0.0,0.0,0.0,0.0
2025_05_TB_SEA,TB,SEA,Baker Mayfield,00-0034855,QB,anytime_td,0.049,0.0,0.0,0.0,0.0,0.0
2025_05_TB_SEA,TB,SEA,Cade Otton,00-0038129,TE,car,0.014,0.0,0.0,0.0,0.0,0.0
2025_05_TB_SEA,TB,SEA,Cade Otton,00-0038129,TE,rush_yds,0.036,0.0,0.0,0.0,0.0,0.0
2025_05_TB_SEA,TB,SEA,Cade Otton,00-0038129,TE,tgt,3.723,1.0,2.0,3.0,5.0,7.0
2025_05_TB_SEA,TB,SEA,Cade Otton,00-0038129,TE,rec,2.655,0.0,1.0,2.0,4.0,5.0
2025_05_TB_SEA,TB,SEA,Cade Otton,00-0038129,TE,rec_yds,23.928,0.0,7.839,19.153,34.518,52.414
2025_05_TB_SEA,TB,SEA,Cade Otton,00-0038129,TE,anytime_td,0.097,0.0,0.0,0.0,0.0,0.0
2025_05_TB_SEA,TB,SEA,Emeka Egbuka,00-0040129,WR,car,0.841,0.0,0.0,0.0,1.0,3.0
2025_05_TB_SEA,TB,SEA,Emeka Egbuka,00-0040129,WR,rush_yds,4.249,0.0,0.0,0.0,2.997,15.409
2025_05_TB_SEA,TB,SEA,Emeka Egbuka,00-0040129,WR,tgt,7.318,3.0,5.0,7.0,9.0,12.0
2025_05_TB_SEA,TB,SEA,Emeka Egbuka,00-0040129,WR,rec,4.615,2.0,3.0,4.0,6.0,8.0
2025_05_TB_SEA,TB,SEA,Emeka Egbuka,00-0040129,WR,rec_yds,57.912,13.782,29.47,50.952,79.672,110.839
2025_05_TB_SEA,TB,SEA,Emeka Egbuka,00-0040129,WR,anytime_td,0.376,0.0,0.0,0.0,1.0,1.0
2025_05_TB_SEA,TB,SEA,Rachaad White,00-0037256,RB,car,11.062,5.0,7.0,10.0,14.0,19.0
2025_05_TB_SEA,TB,SEA,Rachaad White,00-0037256,RB,rush_yds,43.117,11.04,21.53,37.18,57.892,83.003
2025_05_TB_SEA,TB,SEA,Rachaad White,00-0037256,RB,tgt,2.68,0.0,1.0,2.0,4.0,5.0
2025_05_TB_SEA,TB,SEA,Rachaad White,00-0037256,RB,rec,2.232,0.0,1.0,2.0,3.0,5.0
2025_05_TB_SEA,TB,SEA,Rachaad White,00-0037256,RB,rec_yds,14.056,0.0,2.429,9.922,20.959,34.351
2025_05_TB_SEA,TB,SEA,Rachaad White,00-0037256,RB,anytime_td,0.277,0.0,0.0,0.0,1.0,1.0
2025_05_TB_SEA,TB,SEA,Chris Godwin Jr.,00-0033921,WR,car,0.227,0.0,0.0,0.0,0.0,1.0
2025_05_TB_SEA,TB,SEA,Chris Godwin Jr.,00-0033921,WR,rush_yds,1.113,0.0,0.0,0.0,0.0,0.0
2025_05_TB_SEA,TB,SEA,Chris Godwin Jr.,00-0033921,WR,tgt,8.017,4.0,5.0,8.0,10.0,13.0
2025_05_TB_SEA,TB,SEA,Chris Godwin Jr.,00-0033921,WR,rec,5.214,2.0,3.0,5.0,7.0,9.0
2025_05_TB_SEA,TB,SEA,Chris Godwin Jr.,00-0033921,WR,rec_yds,57.858,15.782,30.578,52.294,79.071,106.902
2025_05_TB_SEA,TB,SEA,Chris Godwin Jr.,00-0033921,WR,anytime_td,0.245,0.0,0.0,0.0,0.0,1.0
2025_05_TB_SEA,TB,SEA,Sterling Shepard,00-0032385,WR,car,0.557,0.0,0.0,0.0,0.0,2.0
2025_05_TB_SEA,TB,SEA,Sterling Shepard,00-0032385,WR,rush_yds,2.636,0.0,0.0,0.0,0.0,9.274
2025_05_TB_SEA,TB,SEA,Sterling Shepard,00-0032385,WR,tgt,4.145,1.0,2.0,4.0,6.0,8.0
2025_05_TB_SEA,TB,SEA,Sterling Shepard,00-0032385,WR,rec,2.736,1.0,1.0,2.0,4.0,5.0
2025_05_TB_SEA,TB,SEA,Sterling Shepard,00-0032385,WR,rec_yds,31.27,0.0,10.774,25.182,45.72,66.899
2025_05_TB_SEA,TB,SEA,Sterling Shepard,00-0032385,WR,anytime_td,0.078,0.0,0.0,0.0,0.0,0.0
2025_05_TB_SEA,TB,SEA,Tez Johnson,00-0040237,WR,car,0.609,0.0,0.0,0.0,1.0,2.0
2025_05_TB_SEA,TB,SEA,Tez Johnson,00-0040237,WR,rush_yds,3.001,0.0,0.0,0.0,0.0,10.536
2025_05_TB_SEA,TB,SEA,Tez Johnson,00-0040237,WR,tgt,1.163,0.0,0.0,1.0,2.0,3.0
2025_05_TB_SEA,TB,SEA,Tez Johnson,00-0040237,WR,rec,0.749,0.0,0.0,0.0,1.0,2.0
2025_05_TB_SEA,TB,SEA,Tez Johnson,00-0040237,WR,rec_yds,8.724,0.0,0.0,0.0,12.801,27.226
2025_05_TB_SEA,TB,SEA,Tez Johnson,00-0040237,WR,anytime_td,0.028,0.0,0.0,0.0,0.0,0.0
2025_05_TB_SEA,TB,SEA,Payne Durham,00-0039050,TE,car,0.002,0.0,0.0,0.0,0.0,0.0
2025_05_TB_SEA,TB,SEA,Payne Durham,00-0039050,TE,rush_yds,0.001,0.0,0.0,0.0,0.0,0.0
2025_05_TB_SEA,TB,SEA,Payne Durham,00-0039050,TE,tgt,0.673,0.0,0.0,0.0,1.0,2.0
2025_05_TB_SEA,TB,SEA,Payne Durham,00-0039050,TE,rec,0.484,0.0,0.0,0.0,1.0,2.0
2025_05_TB_SEA,TB,SEA,Payne Durham,00-0039050,TE,rec_yds,4.527,0.0,0.0,0.0,5.843,16.206
2025_05_TB_SEA,TB,SEA,Payne Durham,00-0039050,TE,anytime_td,0.038,0.0,0.0,0.0,0.0,0.0
2025_05_TB_SEA,TB,SEA,Sean Tucker,00-0038951,RB,car,4.635,1.0,2.0,4.0,7.0,10.0
2025_05_TB_SEA,TB,SEA,Sean Tucker,00-0038951,RB,rush_yds,18.231,0.0,4.025,12.538,25.936,43.893
2025_05_TB_SEA,TB,SEA,Sean Tucker,00-0038951,RB,tgt,0.548,0.0,0.0,0.0,1.0,2.0
2025_05_TB_SEA,TB,SEA,Sean Tucker,00-0038951,RB,rec,0.441,0.0,0.0,0.0,1.0,1.0
2025_05_TB_SEA,TB,SEA,Sean Tucker,00-0038951,RB,rec_yds,3.08,0.0,0.0,0.0,2.416,11.112
2025_05_TB_SEA,TB,SEA,Sean Tucker,00-0038951,RB,anytime_td,0.086,0.0,0.0,0.0,0.0,0.0
2025_05_TB_SEA,TB,SEA,Ryan Miller,00-0038824,WR,car,0.016,0.0,0.0,0.0,0.0,0.0
2025_05_TB_SEA,TB,SEA,Ryan Miller,00-0038824,WR,rush_yds,0.114,0.0,0.0,0.0,0.0,0.0
2025_05_TB_SEA,TB,SEA,Ryan Miller,00-0038824,WR,tgt,1.064,0.0,0.0,1.0,2.0,3.0
2025_05_TB_SEA,TB,SEA,Ryan Miller,00-0038824,WR,rec,0.692,0.0,0.0,0.0,1.0,2.0
2025_05_TB_SEA,TB,SEA,Ryan Miller,00-0038824,WR,rec_yds,8.074,0.0,0.0,0.0,11.61,25.297
2025_05_TB_SEA,TB,SEA,Ryan Miller,00-0038824,WR,anytime_td,0.086,0.0,0.0,0.0,0.0,0.0
2025_05_TB_SEA,TB,SEA,Devin Culp,00-0039754,TE,car,0.005,0.0,0.0,0.0,0.0,0.0
2025_05_TB_SEA,TB,SEA,Devin Culp,00-0039754,TE,rush_yds,0.011,0.0,0.0,0.0,0.0,0.0
2025_05_TB_SEA,TB,SEA,Devin Culp,00-0039754,TE,tgt,1.238,0.0,0.0,1.0,2.0,3.0
2025_05_TB_SEA,TB,SEA,Devin Culp,00-0039754,TE,rec,0.932,0.0,0.0,1.0,1.0,3.0
2025_05_TB_SEA,TB,SEA,Devin Culp,00-0039754,TE,rec_yds,9.064,0.0,0.0,2.921,14.051,27.029
2025_05_TB_SEA,TB,SEA,Devin Culp,00-0039754,TE,anytime_td,0.024,0.0,0.0,0.0,0.0,0.0
2025_05_TB_SEA,TB,SEA,Josh Williams,00-0040429,RB,car,4.827,1.0,2.0,4.0,7.0,10.0
2025_05_TB_SEA,TB,SEA,Josh Williams,00-0040429,RB,rush_yds,18.839,0.0,4.521,12.984,26.477,44.812
2025_05_TB_SEA,TB,SEA,Josh Williams,00-0040429,RB,tgt,0.826,0.0,0.0,0.0,1.0,2.0
2025_05_TB_SEA,TB,SEA,Josh Williams,00-0040429,RB,rec,0.671,0.0,0.0,0.0,1.0,2.0
2025_05_TB_SEA,TB,SEA,Josh Williams,00-0040429,RB,rec_yds,4.578,0.0,0.0,0.0,6.221,14.998
2025_05_TB_SEA,TB,SEA,Josh Williams,00-0040429,RB,anytime_td,0.101,0.0,0.0,0.0,0.0,1.0
2025_05_TEN_ARI,ARI,TEN,Kyler Murray,00-0035228,QB,att,29.977,20.0,25.0,31.0,36.0,40.0
2025_05_TEN_ARI,ARI,TEN,Kyler Murray,00-0035228,QB,cmp,20.636,13.0,17.0,21.0,25.0,29.0
2025_05_TEN_ARI,ARI,TEN,Kyler Murray,00-0035228,QB,pass_yds,224.702,127.511,178.427,224.833,275.855,323.936
2025_05_TEN_ARI,ARI,TEN,Kyler Murray,00-0035228,QB,pass_td,1.755,0.0,1.0,2.0,3.0,3.0
2025_05_TEN_ARI,ARI,TEN,Kyler Murray,00-0035228,QB,ints,0.622,0.0,0.0,0.0,1.0,2.0
2025_05_TEN_ARI,ARI,TEN,Kyler Murray,00-0035228,QB,car,7.143,3.0,4.0,7.0,9.0,13.0
2025_05_TEN_ARI,ARI,TEN,Kyler Murray,00-0035228,QB,rush_yds,32.901,4.729,14.63,28.395,46.002,65.723
2025_05_TEN_ARI,ARI,TEN,Kyler Murray,00-0035228,QB,tgt,0.001,0.0,0.0,0.0,0.0,0.0
2025_05_TEN_ARI,ARI,TEN,Kyler Murray,00-0035228,QB,rec,0.001,0.0,0.0,0.0,0.0,0.0
2025_05_TEN_ARI,ARI,TEN,Kyler Murray,00-0035228,QB,rec_yds,0.002,0.0,0.0,0.0,0.0,0.0
2025_05_TEN_ARI,ARI,TEN,Kyler Murray,00-0035228,QB,anytime_td,0.149,0.0,0.0,0.0,0.0,1.0
2025_05_TEN_ARI,ARI,TEN,Trey McBride,00-0037744,TE,car,0.022,0.0,0.0,0.0,0.0,0.0
2025_05_TEN_ARI,ARI,TEN,Trey McBride,00-0037744,TE,rush_yds,0.055,0.0,0.0,0.0,0.0,0.0
2025_05_TEN_ARI,ARI,TEN,Trey McBride,00-0037744,TE,tgt,8.353,4.0,6.0,8.0,11.0,13.0
2025_05_TEN_ARI,ARI,TEN,Trey McBride,00-0037744,TE,rec,6.315,3.0,4.0,6.0,8.0,10.0
2025_05_TEN_ARI,ARI,TEN,Trey McBride,00-0037744,TE,rec_yds,63.904,22.152,37.426,59.007,84.921,112.25
2025_05_TEN_ARI,ARI,TEN,Trey McBride,00-0037744,TE,anytime_td,0.345,0.0,0.0,0.0,1.0,1.0
2025_05_TEN_ARI,ARI,TEN,Marvin Harrison Jr.,00-0039849,WR,car,0.014,0.0,0.0,0.0,0.0,0.0
2025_05_TEN_ARI,ARI,TEN,Marvin Harrison Jr.,00-0039849,WR,rush_yds,0.059,0.0,0.0,0.0,0.0,0.0
2025_05_TEN_ARI,ARI,TEN,Marvin Harrison Jr.,00-0039849,WR,tgt,6.611,3.0,4.0,6.0,9.0,11.0
2025_05_TEN_ARI,ARI,TEN,Marvin Harrison Jr.,00-0039849,WR,rec,4.277,1.0,3.0,4.0,6.0,7.0
2025_05_TEN_ARI,ARI,TEN,Marvin Harrison Jr.,00-0039849,WR,rec_yds,55.142,12.463,27.136,48.295,76.013,105.423
2025_05_TEN_ARI,ARI,TEN,Marvin Harrison Jr.,00-0039849,WR,anytime_td,0.37,0.0,0.0,0.0,1.0,1.0
2025_05_TEN_ARI,ARI,TEN,Michael Wilson,00-0038559,WR,car,0.084,0.0,0.0,0.0,0.0,0.0
2025_05_TEN_ARI,ARI,TEN,Michael Wilson,00-0038559,WR,rush_yds,0.497,0.0,0.0,0.0,0.0,0.0
2025_05_TEN_ARI,ARI,TEN,Michael Wilson,00-0038559,WR,tgt,3.658,1.0,2.0,3.0,5.0,7.0
2025_05_TEN_ARI,ARI,TEN,Michael Wilson,00-0038559,WR,rec,2.345,0.0,1.0,2.0,3.0,5.0
2025_05_TEN_ARI,ARI,TEN,Michael Wilson,00-0038559,WR,rec_yds,27.851,0.0,8.193,21.552,40.875,63.195
2025_05_TEN_ARI,ARI,TEN,Michael Wilson,00-0038559,WR,anytime_td,0.217,0.0,0.0,0.0,0.0,1.0
2025_05_TEN_ARI,ARI,TEN,Michael Carter,00-0036924,RB,car,9.596,3.0,6.0,9.0,13.0,17.0
2025_05_TEN_ARI,ARI,TEN,Michael Carter,00-0036924,RB,rush_yds,43.919,9.839,20.371,37.127,59.725,88.076
2025_05_TEN_ARI,ARI,TEN,Michael Carter,00-0036924,RB,tgt,1.448,0.0,0.0,1.0,2.0,4.0
2025_05_TEN_ARI,ARI,TEN,Michael Carter,00-0036924,RB,rec,1.228,0.0,0.0,1.0,2.0,3.0
2025_05_TEN_ARI,ARI,TEN,Michael Carter,00-0036924,RB,rec_yds,8.72,0.0,0.0,3.863,13.359,24.816
2025_05_TEN_ARI,ARI,TEN,Michael Carter,00-0036924,RB,anytime_td,0.215,0.0,0.0,0.0,0.0,1.0
2025_05_TEN_ARI,ARI,TEN,Zay Jones,00-0033891,WR,car,0.011,0.0,0.0,0.0,0.0,0.0
2025_05_TEN_ARI,ARI,TEN,Zay Jones,00-0033891,WR,rush_yds,0.069,0.0,0.0,0.0,0.0,0.0
2025_05_TEN_ARI,ARI,TEN,Zay Jones,00-0033891,WR,tgt,1.674,0.0,0.0,1.0,3.0,4.0
2025_05_TEN_ARI,ARI,TEN,Zay Jones,00-0033891,WR,rec,1.152,0.0,0.0,1.0,2.0,3.0
2025_05_TEN_ARI,ARI,TEN,Zay Jones,00-0033891,WR,rec_yds,14.529,0.0,0.0,7.452,22.081,40.836
2025_05_TEN_ARI,ARI,TEN,Zay Jones,00-0033891,WR,anytime_td,0.038,0.0,0.0,0.0,0.0,0.0
2025_05_TEN_ARI,ARI,TEN,Tip Reiman,00-0039737,TE,car,0.003,0.0,0.0,0.0,0.0,0.0
2025_05_TEN_ARI,ARI,TEN,Tip Reiman,00-0039737,TE,rush_yds,0.009,0.0,0.0,0.0,0.0,0.0
2025_05_TEN_ARI,ARI,TEN,Tip Reiman,00-0039737,TE,tgt,0.907,0.0,0.0,1.0,1.0,2.0
2025_05_TEN_ARI,ARI,TEN,Tip Reiman,00-0039737,TE,rec,0.698,0.0,0.0,0.0,1.0,2.0
2025_05_TEN_ARI,ARI,TEN,Tip Reiman,00-0039737,TE,rec_yds,7.042,0.0,0.0,0.0,10.092,22.834
2025_05_TEN_ARI,ARI,TEN,Tip Reiman,00-0039737,TE,anytime_td,0.02,0.0,0.0,0.0,0.0,0.0
2025_05_TEN_ARI,ARI,TEN,Elijah Higgins,00-0039041,TE,car,0.003,0.0,0.0,0.0,0.0,0.0
2025_05_TEN_ARI,ARI,TEN,Elijah Higgins,00-0039041,TE,rush_yds,0.005,0.0,0.0,0.0,0.0,0.0
2025_05_TEN_ARI,ARI,TEN,Elijah Higgins,00-0039041,TE,tgt,1.326,0.0,0.0,1.0,2.0,3.0
2025_05_TEN_ARI,ARI,TEN,Elijah Higgins,00-0039041,TE,rec,1.01,0.0,0.0,1.0,2.0,3.0
2025_05_TEN_ARI,ARI,TEN,Elijah Higgins,00-0039041,TE,rec_yds,10.854,0.0,0.0,4.535,16.465,31.817
2025_05_TEN_ARI,ARI,TEN,Elijah Higgins,00-0039041,TE,anytime_td,0.054,0.0,0.0,0.0,0.0,0.0
2025_05_TEN_ARI,ARI,TEN,Emari Demercado,00-0038705,RB,car,3.259,0.0,1.0,2.0,5.0,8.0
2025_05_TEN_ARI,ARI,TEN,Emari Demercado,00-0038705,RB,rush_yds,15.546,0.0,1.084,9.103,22.379,40.169
2025_05_TEN_ARI,ARI,TEN,Emari Demercado,00-0038705,RB,tgt,1.33,0.0,0.0,1.0,2.0,3.0
2025_05_TEN_ARI,ARI,TEN,Emari Demercado,00-0038705,RB,rec,1.108,0.0,0.0,1.0,2.0,3.0
2025_05_TEN_ARI,ARI,TEN,Emari Demercado,00-0038705,RB,rec_yds,7.965,0.0,0.0,2.902,11.835,23.227
2025_05_TEN_ARI,ARI,TEN,Emari Demercado,00-0038705,RB,anytime_td,0.239,0.0,0.0,0.0,0.0,1.0
2025_05_TEN_ARI,ARI,TEN,Bam Knight,00-0037157,RB,car,6.306,1.0,3.0,5.0,9.0,12.0
2025_05_TEN_ARI,ARI,TEN,Bam Knight,00-0037157,RB,rush_yds,28.911,2.795,9.34,21.945,40.941,64.161
2025_05_TEN_ARI,ARI,TEN,Bam Knight,00-0037157,RB,tgt,0.855,0.0,0.0,0.0,1.0,2.0
2025_05_TEN_ARI,ARI,TEN,Bam Knight,00-0037157,RB,rec,0.713,0.0,0.0,0.0,1.0,2.0
2025_05_TEN_ARI,ARI,TEN,Bam Knight,00-0037157,RB,rec_yds,5.317,0.0,0.0,0.0,7.347,17.501
2025_05_TEN_ARI,ARI,TEN,Bam Knight,00-0037157,RB,anytime_td,0.128,0.0,0.0,0.0,0.0,1.0
2025_05_TEN_ARI,ARI,TEN,Greg Dortch,00-0035500,WR,car,0.84,0.0,0.0,0.0,1.0,3.0
2025_05_TEN_ARI,ARI,TEN,Greg Dortch,00-0035500,WR,rush_yds,4.944,0.0,0.0,0.0,3.059,16.937
2025_05_TEN_ARI,ARI,TEN,Greg Dortch,00-0035500,WR,tgt,2.473,0.0,1.0,2.0,4.0,5.0
2025_05_TEN_ARI,ARI,TEN,Greg Dortch,00-0035500,WR,rec,1.814,0.0,1.0,2.0,3.0,4.0
2025_05_TEN_ARI,ARI,TEN,Greg Dortch,00-0035500,WR,rec_yds,20.885,0.0,1.866,14.288,31.634,51.955
2025_05_TEN_ARI,ARI,TEN,Greg Dortch,00-0035500,WR,anytime_td,0.14,0.0,0.0,0.0,0.0,1.0
2025_05_TEN_ARI,ARI,TEN,Simi Fehoko,00-0036646,WR,car,0.036,0.0,0.0,0.0,0.0,0.0
2025_05_TEN_ARI,ARI,TEN,Simi Fehoko,00-0036646,WR,rush_yds,0.256,0.0,0.0,0.0,0.0,0.0
2025_05_TEN_ARI,ARI,TEN,Simi Fehoko,00-0036646,WR,tgt,1.875,0.0,1.0,2.0,3.0,4.0
2025_05_TEN_ARI,ARI,TEN,Simi Fehoko,00-0036646,WR,rec,1.221,0.0,0.0,1.0,2.0,3.0
2025_05_TEN_ARI,ARI,TEN,Simi Fehoko,00-0036646,WR,rec_yds,15.918,0.0,0.0,8.551,23.789,44.761
2025_05_TEN_ARI,ARI,TEN,Simi Fehoko,00-0036646,WR,anytime_td,0.076,0.0,0.0,0.0,0.0,0.0
2025_05_TEN_ARI,TEN,ARI,Cam Ward,00-0040676,QB,att,29.896,20.0,25.0,31.0,36.0,40.0
2025_05_TEN_ARI,TEN,ARI,Cam Ward,00-0040676,QB,cmp,18.329,11.0,15.0,19.0,22.0,25.0
2025_05_TEN_ARI,TEN,ARI,Cam Ward,00-0040676,QB,pass_yds,173.983,96.696,133.346,172.34,214.649,257.857
2025_05_TEN_ARI,TEN,ARI,Cam Ward,00-0040676,QB,pass_td,0.843,0.0,0.0,1.0,1.0,2.0
2025_05_TEN_ARI,TEN,ARI,Cam Ward,00-0040676,QB,ints,0.668,0.0,0.0,0.0,1.0,2.0
2025_05_TEN_ARI,TEN,ARI,Cam Ward,00-0040676,QB,car,2.508,0.0,1.0,2.0,4.0,5.0
2025_05_TEN_ARI,TEN,ARI,Cam Ward,00-0040676,QB,rush_yds,13.444,0.0,1.885,10.309,20.598,32.043
2025_05_TEN_ARI,TEN,ARI,Cam Ward,00-0040676,QB,tgt,0.0,0.0,0.0,0.0,0.0,0.0
2025_05_TEN_ARI,TEN,ARI,Cam Ward,00-0040676,QB,rec,0.0,0.0,0.0,0.0,0.0,0.0
2025_05_TEN_ARI,TEN,ARI,Cam Ward,00-0040676,QB,rec_yds,0.001,0.0,0.0,0.0,0.0,0.0
2025_05_TEN_ARI,TEN,ARI,Cam Ward,00-0040676,QB,anytime_td,0.009,0.0,0.0,0.0,0.0,0.0
2025_05_TEN_ARI,TEN,ARI,Tony Pollard,00-0035261,RB,car,13.564,6.0,9.0,13.0,17.0,22.0
2025_05_TEN_ARI,TEN,ARI,Tony Pollard,00-0035261,RB,rush_yds,49.047,15.467,26.761,43.718,65.224,89.213
2025_05_TEN_ARI,TEN,ARI,Tony Pollard,00-0035261,RB,tgt,2.535,0.0,1.0,2.0,4.0,5.0
2025_05_TEN_ARI,TEN,ARI,Tony Pollard,00-0035261,RB,rec,1.892,0.0,1.0,2.0,3.0,4.0
2025_05_TEN_ARI,TEN,ARI,Tony Pollard,00-0035261,RB,rec_yds,12.177,0.0,0.0,8.462,17.934,30.078
2025_05_TEN_ARI,TEN,ARI,Tony Pollard,00-0035261,RB,anytime_td,0.257,0.0,0.0,0.0,1.0,1.0
2025_05_TEN_ARI,TEN,ARI,Elic Ayomanor,00-0040170,WR,car,0.016,0.0,0.0,0.0,0.0,0.0
2025_05_TEN_ARI,TEN,ARI,Elic Ayomanor,00-0040170,WR,rush_yds,0.078,0.0,0.0,0.0,0.0,0.0
2025_05_TEN_ARI,TEN,ARI,Elic Ayomanor,00-0040170,WR,tgt,5.609,2.0,3.0,5.0,7.0,9.0
2025_05_TEN_ARI,TEN,ARI,Elic Ayomanor,00-0040170,WR,rec,3.177,1.0,2.0,3.0,4.0,6.0
2025_05_TEN_ARI,TEN,ARI,Elic Ayomanor,00-0040170,WR,rec_yds,35.303,4.896,14.265,29.276,50.088,74.138
2025_05_TEN_ARI,TEN,ARI,Elic Ayomanor,00-0040170,WR,anytime_td,0.294,0.0,0.0,0.0,1.0,1.0
2025_05_TEN_ARI,TEN,ARI,Gunnar Helm,00-0040584,TE,car,0.001,0.0,0.0,0.0,0.0,0.0
2025_05_TEN_ARI,TEN,ARI,Gunnar Helm,00-0040584,TE,rush_yds,0.001,0.0,0.0,0.0,0.0,0.0
2025_05_TEN_ARI,TEN,ARI,Gunnar Helm,00-0040584,TE,tgt,1.829,0.0,1.0,1.0,3.0,4.0
2025_05_TEN_ARI,TEN,ARI,Gunnar Helm,00-0040584,TE,rec,1.348,0.0,0.0,1.0,2.0,3.0
2025_05_TEN_ARI,TEN,ARI,Gunnar Helm,00-0040584,TE,rec_yds,11.923,0.0,0.0,7.185,18.333,31.494
2025_05_TEN_ARI,TEN,ARI,Gunnar Helm,00-0040584,TE,anytime_td,0.039,0.0,0.0,0.0,0.0,0.0
2025_05_TEN_ARI,TEN,ARI,Calvin Ridley,00-0034837,WR,car,0.169,0.0,0.0,0.0,0.0,0.0
2025_05_TEN_ARI,TEN,ARI,Calvin Ridley,00-0034837,WR,rush_yds,0.816,0.0,0.0,0.0,0.0,0.0
2025_05_TEN_ARI,TEN,ARI,Calvin Ridley,00-0034837,WR,tgt,5.772,2.0,4.0,5.0,8.0,10.0
2025_05_TEN_ARI,TEN,ARI,Calvin Ridley,00-0034837,WR,rec,3.192,1.0,2.0,3.0,4.0,6.0
2025_05_TEN_ARI,TEN,ARI,Calvin Ridley,00-0034837,WR,rec_yds,38.16,5.328,15.644,31.924,53.65,78.67
2025_05_TEN_ARI,TEN,ARI,Calvin Ridley,00-0034837,WR,anytime_td,0.126,0.0,0.0,0.0,0.0,1.0
2025_05_TEN_ARI,TEN,ARI,Chig Okonkwo,00-0037809,TE,car,0.03,0.0,0.0,0.0,0.0,0.0
2025_05_TEN_ARI,TEN,ARI,Chig Okonkwo,00-0037809,TE,rush_yds,0.06,0.0,0.0,0.0,0.0,0.0
2025_05_TEN_ARI,TEN,ARI,Chig Okonkwo,00-0037809,TE,tgt,4.421,1.0,3.0,4.0,6.0,8.0
2025_05_TEN_ARI,TEN,ARI,Chig Okonkwo,00-0037809,TE,rec,3.077,1.0,2.0,3.0,4.0,6.0
2025_05_TEN_ARI,TEN,ARI,Chig Okonkwo,00-0037809,TE,rec_yds,26.771,3.145,10.577,22.163,38.439,56.305
2025_05_TEN_ARI,TEN,ARI,Chig Okonkwo,00-0037809,TE,anytime_td,0.074,0.0,0.0,0.0,0.0,0.0
2025_05_TEN_ARI,TEN,ARI,Chimere Dike,00-0040705,WR,car,1.171,0.0,0.0,0.0,2.0,3.0
2025_05_TEN_ARI,TEN,ARI,Chimere Dike,00-0040705,WR,rush_yds,5.551,0.0,0.0,0.0,6.589,18.705
2025_05_TEN_ARI,TEN,ARI,Chimere Dike,00-0040705,WR,tgt,2.326,0.0,1.0,2.0,3.0,5.0
2025_05_TEN_ARI,TEN,ARI,Chimere Dike,00-0040705,WR,rec,1.407,0.0,0.0,1.0,2.0,3.0
2025_05_TEN_ARI,TEN,ARI,Chimere Dike,00-0040705,WR,rec_yds,13.536,0.0,0.0,8.279,20.2,34.774
2025_05_TEN_ARI,TEN,ARI,Chimere Dike,00-0040705,WR,anytime_td,0.07,0.0,0.0,0.0,0.0,0.0
2025_05_TEN_ARI,TEN,ARI,Tyler Lockett,00-0032211,WR,car,0.01,0.0,0.0,0.0,0.0,0.0
2025_05_TEN_ARI,TEN,ARI,Tyler Lockett,00-0032211,WR,rush_yds,0.044,0.0,0.0,0.0,0.0,0.0
2025_05_TEN_ARI,TEN,ARI,Tyler Lockett,00-0032211,WR,tgt,3.142,1.0,2.0,3.0,4.0,6.0
2025_05_TEN_ARI,TEN,ARI,Tyler Lockett,00-0032211,WR,rec,1.873,0.0,1.0,2.0,3.0,4.0
2025_05_TEN_ARI,TEN,ARI,Tyler Lockett,00-0032211,WR,rec_yds,19.815,0.0,4.044,13.888,29.452,48.189
2025_05_TEN_ARI,TEN,ARI,Tyler Lockett,00-0032211,WR,anytime_td,0.057,0.0,0.0,0.0,0.0,0.0
2025_05_TEN_ARI,TEN,ARI,Tyjae Spears,00-0039032,RB,car,5.96,1.0,3.0,5.0,8.0,12.0
2025_05_TEN_ARI,TEN,ARI,Tyjae Spears,00-0039032,RB,rush_yds,21.944,1.626,6.925,16.467,31.052,48.62
2025_05_TEN_ARI,TEN,ARI,Tyjae Spears,00-0039032,RB,tgt,2.918,0.0,1.0,3.0,4.0,6.0
2025_05_TEN_ARI,TEN,ARI,Tyjae Spears,00-0039032,RB,rec,2.251,0.0,1.0,2.0,3.0,5.0
2025_05_TEN_ARI,TEN,ARI,Tyjae Spears,00-0039032,RB,rec_yds,14.752,0.0,2.586,10.309,22.125,35.648
2025_05_TEN_ARI,TEN,ARI,Tyjae Spears,00-0039032,RB,anytime_td,0.216,0.0,0.0,0.0,0.0,1.0
2025_05_TEN_ARI,TEN,ARI,Van Jefferson,00-0036415,WR,car,0.018,0.0,0.0,0.0,0.0,0.0
2025_05_TEN_ARI,TEN,ARI,Van Jefferson,00-0036415,WR,rush_yds,0.085,0.0,0.0,0.0,0.0,0.0
2025_05_TEN_ARI,TEN,ARI,Van Jefferson,00-0036415,WR,tgt,1.386,0.0,0.0,1.0,2.0,3.0
2025_05_TEN_ARI,TEN,ARI,Van Jefferson,00-0036415,WR,rec,0.902,0.0,0.0,1.0,1.0,2.0
2025_05_TEN_ARI,TEN,ARI,Van Jefferson,00-0036415,WR,rec_yds,9.846,0.0,0.0,3.183,14.44,29.093
2025_05_TEN_ARI,TEN,ARI,Van Jefferson,00-0036415,WR,anytime_td,0.05,0.0,0.0,0.0,0.0,0.0
2025_05_TEN_ARI,TEN,ARI,Julius Chestnut,00-0037594,RB,car,1.422,0.0,0.0,1.0,2.0,4.0
2025_05_TEN_ARI,TEN,ARI,Julius Chestnut,00-0037594,RB,rush_yds,5.462,0.0,0.0,0.0,6.837,17.102
2025_05_TEN_ARI,TEN,ARI,Julius Chestnut,00-0037594,RB,tgt,0.371,0.0,0.0,0.0,1.0,1.0
2025_05_TEN_ARI,TEN,ARI,Julius Chestnut,00-0037594,RB,rec,0.272,0.0,0.0,0.0,0.0,1.0
2025_05_TEN_ARI,TEN,ARI,Julius Chestnut,00-0037594,RB,rec_yds,1.741,0.0,0.0,0.0,0.0,6.531
2025_05_TEN_ARI,TEN,ARI,Julius Chestnut,00-0037594,RB,anytime_td,0.039,0.0,0.0,0.0,0.0,0.0
2025_05_WAS_LAC,LAC,WAS,Justin Herbert,00-0036355,QB,att,32.403,22.0,28.0,33.0,38.0,43.0
2025_05_WAS_LAC,LAC,WAS,Justin Herbert,00-0036355,QB,cmp,21.337,14.0,18.0,22.0,26.0,29.0
2025_05_WAS_LAC,LAC,WAS,Justin Herbert,00-0036355,QB,pass_yds,247.573,149.953,195.491,247.594,301.25,354.531
2025_05_WAS_LAC,LAC,WAS,Justin Herbert,00-0036355,QB,pass_td,1.736,0.0,1.0,2.0,2.0,3.0
2025_05_WAS_LAC,LAC,WAS,Justin Herbert,00-0036355,QB,ints,0.636,0.0,0.0,0.0,1.0,2.0
2025_05_WAS_LAC,LAC,WAS,Justin Herbert,00-0036355,QB,car,3.825,1.0,2.0,3.0,5.0,7.0
2025_05_WAS_LAC,LAC,WAS,Justin Herbert,00-0036355,QB,rush_yds,17.502,0.0,4.37,13.544,26.221,41.206
2025_05_WAS_LAC,LAC,WAS,Justin Herbert,00-0036355,QB,tgt,0.0,0.0,0.0,0.0,0.0,0.0
2025_05_WAS_LAC,LAC,WAS,Justin Herbert,00-0036355,QB,rec,0.0,0.0,0.0,0.0,0.0,0.0
2025_05_WAS_LAC,LAC,WAS,Justin Herbert,00-0036355,QB,rec_yds,0.0,0.0,0.0,0.0,0.0,0.0
2025_05_WAS_LAC,LAC,WAS,Justin Herbert,00-0036355,QB,anytime_td,0.077,0.0,0.0,0.0,0.0,0.0
2025_05_WAS_LAC,LAC,WAS,Quentin Johnston,00-0038544,WR,car,0.199,0.0,0.0,0.0,0.0,1.0
2025_05_WAS_LAC,LAC,WAS,Quentin Johnston,00-0038544,WR,rush_yds,1.017,0.0,0.0,0.0,0.0,0.0
2025_05_WAS_LAC,LAC,WAS,Quentin Johnston,00-0038544,WR,tgt,7.415,3.0,5.0,7.0,10.0,12.0
2025_05_WAS_LAC,LAC,WAS,Quentin Johnston,00-0038544,WR,rec,4.727,2.0,3.0,4.0,6.0,8.0
2025_05_WAS_LAC,LAC,WAS,Quentin Johnston,00-0038544,WR,rec_yds,64.937,16.266,33.074,57.766,88.595,123.002
2025_05_WAS_LAC,LAC,WAS,Quentin Johnston,00-0038544,WR,anytime_td,0.443,0.0,0.0,0.0,1.0,1.0
2025_05_WAS_LAC,LAC,WAS,Ladd McConkey,00-0039915,WR,car,0.013,0.0,0.0,0.0,0.0,0.0
2025_05_WAS_LAC,LAC,WAS,Ladd McConkey,00-0039915,WR,rush_yds,0.063,0.0,0.0,0.0,0.0,0.0
2025_05_WAS_LAC,LAC,WAS,Ladd McConkey,00-0039915,WR,tgt,6.405,3.0,4.0,6.0,8.0,11.0
2025_05_WAS_LAC,LAC,WAS,Ladd McConkey,00-0039915,WR,rec,4.114,1.0,2.0,4.0,6.0,7.0
2025_05_WAS_LAC,LAC,WAS,Ladd McConkey,00-0039915,WR,rec_yds,53.922,11.86,25.151,46.854,75.817,105.713
2025_05_WAS_LAC,LAC,WAS,Ladd McConkey,00-0039915,WR,anytime_td,0.218,0.0,0.0,0.0,0.0,1.0
2025_05_WAS_LAC,LAC,WAS,Keenan Allen,00-0030279,WR,car,0.013,0.0,0.0,0.0,0.0,0.0
2025_05_WAS_LAC,LAC,WAS,Keenan Allen,00-0030279,WR,rush_yds,0.053,0.0,0.0,0.0,0.0,0.0
2025_05_WAS_LAC,LAC,WAS,Keenan Allen,00-0030279,WR,tgt,7.314,3.0,5.0,7.0,9.0,12.0
2025_05_WAS_LAC,LAC,WAS,Keenan Allen,00-0030279,WR,rec,4.909,2.0,3.0,5.0,6.0,8.0
2025_05_WAS_LAC,LAC,WAS,Keenan Allen,00-0030279,WR,rec_yds,57.526,15.069,29.86,51.511,79.624,106.048
2025_05_WAS_LAC,LAC,WAS,Keenan Allen,00-0030279,WR,anytime_td,0.427,0.0,0.0,0.0,1.0,1.0
2025_05_WAS_LAC,LAC,WAS,Omarion Hampton,00-0040666,RB,car,15.373,8.0,11.0,15.0,19.0,24.0
2025_05_WAS_LAC,LAC,WAS,Omarion Hampton,00-0040666,RB,rush_yds,68.973,25.095,40.307,61.839,90.475,121.389
2025_05_WAS_LAC,LAC,WAS,Omarion Hampton,00-0040666,RB,tgt,3.294,1.0,2.0,3.0,5.0,6.0
2025_05_WAS_LAC,LAC,WAS,Omarion Hampton,00-0040666,RB,rec,2.737,0.0,1.0,2.0,4.0,5.0
2025_05_WAS_LAC,LAC,WAS,Omarion Hampton,00-0040666,RB,rec_yds,21.36,0.0,5.782,15.942,31.091,49.381
2025_05_WAS_LAC,LAC,WAS,Omarion Hampton,00-0040666,RB,anytime_td,0.545,0.0,0.0,1.0,1.0,1.0
2025_05_WAS_LAC,LAC,WAS,Oronde Gadsden II,00-0040189,TE,car,0.004,0.0,0.0,0.0,0.0,0.0
2025_05_WAS_LAC,LAC,WAS,Oronde Gadsden II,00-0040189,TE,rush_yds,0.014,0.0,0.0,0.0,0.0,0.0
2025_05_WAS_LAC,LAC,WAS,Oronde Gadsden II,00-0040189,TE,tgt,3.157,1.0,1.0,3.0,4.0,6.0
2025_05_WAS_LAC,LAC,WAS,Oronde Gadsden II,00-0040189,TE,rec,2.328,0.0,1.0,2.0,3.0,5.0
2025_05_WAS_LAC,LAC,WAS,Oronde Gadsden II,00-0040189,TE,rec_yds,24.198,0.0,6.995,18.852,35.901,54.308
2025_05_WAS_LAC,LAC,WAS,Oronde Gadsden II,00-0040189,TE,anytime_td,0.14,0.0,0.0,0.0,0.0,1.0
2025_05_WAS_LAC,LAC,WAS,Tre Harris,00-0040727,WR,car,0.017,0.0,0.0,0.0,0.0,0.0
2025_05_WAS_LAC,LAC,WAS,Tre Harris,00-0040727,WR,rush_yds,0.097,0.0,0.0,0.0,0.0,0.0
2025_05_WAS_LAC,LAC,WAS,Tre Harris,00-0040727,WR,tgt,1.34,0.0,0.0,1.0,2.0,3.0
2025_05_WAS_LAC,LAC,WAS,Tre Harris,00-0040727,WR,rec,0.843,0.0,0.0,1.0,1.0,2.0
2025_05_WAS_LAC,LAC,WAS,Tre Harris,00-0040727,WR,rec_yds,11.028,0.0,0.0,0.0,16.283,34.476
2025_05_WAS_LAC,LAC,WAS,Tre Harris,00-0040727,WR,anytime_td,0.031,0.0,0.0,0.0,0.0,0.0
2025_05_WAS_LAC,LAC,WAS,Tyler Conklin,00-0034270,TE,car,0.187,0.0,0.0,0.0,0.0,0.0
2025_05_WAS_LAC,LAC,WAS,Tyler Conklin,00-0034270,TE,rush_yds,0.424,0.0,0.0,0.0,0.0,0.0
2025_05_WAS_LAC,LAC,WAS,Tyler Conklin,00-0034270,TE,tgt,1.773,0.0,0.75,1.0,3.0,4.0
2025_05_WAS_LAC,LAC,WAS,Tyler Conklin,00-0034270,TE,rec,1.288,0.0,0.0,1.0,2.0,3.0
2025_05_WAS_LAC,LAC,WAS,Tyler Conklin,00-0034270,TE,rec_yds,13.955,0.0,0.0,8.357,21.744,37.765
2025_05_WAS_LAC,LAC,WAS,Tyler Conklin,00-0034270,TE,anytime_td,0.105,0.0,0.0,0.0,0.0,1.0
2025_05_WAS_LAC,LAC,WAS,Tucker Fisk,00-0037654,TE,car,0.003,0.0,0.0,0.0,0.0,0.0
2025_05_WAS_LAC,LAC,WAS,Tucker Fisk,00-0037654,TE,rush_yds,0.011,0.0,0.0,0.0,0.0,0.0
2025_05_WAS_LAC,LAC,WAS,Tucker Fisk,00-0037654,TE,tgt,0.825,0.0,0.0,0.0,1.0,2.0
2025_05_WAS_LAC,LAC,WAS,Tucker Fisk,00-0037654,TE,rec,0.598,0.0,0.0,0.0,1.0,2.0
2025_05_WAS_LAC,LAC,WAS,Tucker Fisk,00-0037654,TE,rec_yds,6.228,0.0,0.0,0.0,8.174,20.825
2025_05_WAS_LAC,LAC,WAS,Tucker Fisk,00-0037654,TE,anytime_td,0.022,0.0,0.0,0.0,0.0,0.0
2025_05_WAS_LAC,LAC,WAS,Hassan Haskins,00-0037617,RB,car,1.451,0.0,0.0,1.0,2.0,4.0
2025_05_WAS_LAC,LAC,WAS,Hassan Haskins,00-0037617,RB,rush_yds,5.86,0.0,0.0,0.0,7.345,18.504
2025_05_WAS_LAC,LAC,WAS,Hassan Haskins,00-0037617,RB,tgt,0.21,0.0,0.0,0.0,0.0,1.0
2025_05_WAS_LAC,LAC,WAS,Hassan Haskins,00-0037617,RB,rec,0.17,0.0,0.0,0.0,0.0,1.0
2025_05_WAS_LAC,LAC,WAS,Hassan Haskins,00-0037617,RB,rec_yds,1.266,0.0,0.0,0.0,0.0,2.932
2025_05_WAS_LAC,LAC,WAS,Hassan Haskins,00-0037617,RB,anytime_td,0.088,0.0,0.0,0.0,0.0,0.0
2025_05_WAS_LAC,LAC,WAS,Kimani Vidal,00-0039391,RB,car,3.366,0.0,1.0,3.0,5.0,8.0
2025_05_WAS_LAC,LAC,WAS,Kimani Vidal,00-0039391,RB,rush_yds,13.65,0.0,1.767,8.067,19.712,35.152
2025_05_WAS_LAC,LAC,WAS,Kimani Vidal,00-0039391,RB,tgt,0.561,0.0,0.0,0.0,1.0,2.0
2025_05_WAS_LAC,LAC,WAS,Kimani Vidal,00-0039391,RB,rec,0.444,0.0,0.0,0.0,1.0,1.0
2025_05_WAS_LAC,LAC,WAS,Kimani Vidal,00-0039391,RB,rec_yds,3.48,0.0,0.0,0.0,2.767,12.701
2025_05_WAS_LAC,LAC,WAS,Kimani Vidal,00-0039391,RB,anytime_td,0.093,0.0,0.0,0.0,0.0,0.0
2025_05_WAS_LAC,WAS,LAC,Jayden Daniels,00-0039910,QB,att,29.968,20.0,25.0,31.0,36.0,40.0
2025_05_WAS_LAC,WAS,LAC,Jayden Daniels,00-0039910,QB,cmp,19.645,12.0,16.0,20.0,24.0,27.0
2025_05_WAS_LAC,WAS,LAC,Jayden Daniels,00-0039910,QB,pass_yds,209.045,122.411,163.116,209.623,257.019,303.034
2025_05_WAS_LAC,WAS,LAC,Jayden Daniels,00-0039910,QB,pass_td,1.425,0.0,1.0,1.0,2.0,3.0
2025_05_WAS_LAC,WAS,LAC,Jayden Daniels,00-0039910,QB,ints,0.619,0.0,0.0,0.0,1.0,2.0
2025_05_WAS_LAC,WAS,LAC,Jayden Daniels,00-0039910,QB,car,6.923,2.0,4.0,6.0,9.0,12.0
2025_05_WAS_LAC,WAS,LAC,Jayden Daniels,00-0039910,QB,rush_yds,34.277,6.946,16.841,30.378,47.728,66.609
2025_05_WAS_LAC,WAS,LAC,Jayden Daniels,00-0039910,QB,tgt,0.001,0.0,0.0,0.0,0.0,0.0
2025_05_WAS_LAC,WAS,LAC,Jayden Daniels,00-0039910,QB,rec,0.0,0.0,0.0,0.0,0.0,0.0
2025_05_WAS_LAC,WAS,LAC,Jayden Daniels,00-0039910,QB,rec_yds,0.0,0.0,0.0,0.0,0.0,0.0
2025_05_WAS_LAC,WAS,LAC,Jayden Daniels,00-0039910,QB,anytime_td,0.168,0.0,0.0,0.0,0.0,1.0
2025_05_WAS_LAC,WAS,LAC,Deebo Samuel Sr.,00-0035719,WR,car,2.209,0.0,0.0,1.0,3.0,6.0
2025_05_WAS_LAC,WAS,LAC,Deebo Samuel Sr.,00-0035719,WR,rush_yds,11.526,0.0,0.0,4.08,16.251,34.801
2025_05_WAS_LAC,WAS,LAC,Deebo Samuel Sr.,00-0035719,WR,tgt,8.432,4.0,6.0,8.0,11.0,13.0
2025_05_WAS_LAC,WAS,LAC,Deebo Samuel Sr.,00-0035719,WR,rec,5.843,2.0,4.0,6.0,8.0,10.0
2025_05_WAS_LAC,WAS,LAC,Deebo Samuel Sr.,00-0035719,WR,rec_yds,64.797,20.902,36.881,58.958,86.291,116.43
2025_05_WAS_LAC,WAS,LAC,Deebo Samuel Sr.,00-0035719,WR,anytime_td,0.388,0.0,0.0,0.0,1.0,1.0
2025_05_WAS_LAC,WAS,LAC,Chris Moore,00-0032398,WR,car,0.24,0.0,0.0,0.0,0.0,1.0
2025_05_WAS_LAC,WAS,LAC,Chris Moore,00-0032398,WR,rush_yds,1.227,0.0,0.0,0.0,0.0,0.987
2025_05_WAS_LAC,WAS,LAC,Chris Moore,00-0032398,WR,tgt,2.59,0.0,1.0,2.0,4.0,5.0
2025_05_WAS_LAC,WAS,LAC,Chris Moore,00-0032398,WR,rec,1.6,0.0,0.0,1.0,2.0,4.0
2025_05_WAS_LAC,WAS,LAC,Chris Moore,00-0032398,WR,rec_yds,20.355,0.0,0.0,13.498,30.194,52.433
2025_05_WAS_LAC,WAS,LAC,Chris Moore,00-0032398,WR,anytime_td,0.042,0.0,0.0,0.0,0.0,0.0
2025_05_WAS_LAC,WAS,LAC,Zach Ertz,00-0030061,TE,car,0.004,0.0,0.0,0.0,0.0,0.0
2025_05_WAS_LAC,WAS,LAC,Zach Ertz,00-0030061,TE,rush_yds,0.011,0.0,0.0,0.0,0.0,0.0
2025_05_WAS_LAC,WAS,LAC,Zach Ertz,00-0030061,TE,tgt,7.027,3.0,5.0,7.0,9.0,11.0
2025_05_WAS_LAC,WAS,LAC,Zach Ertz,00-0030061,TE,rec,5.024,2.0,3.0,5.0,7.0,9.0
2025_05_WAS_LAC,WAS,LAC,Zach Ertz,00-0030061,TE,rec_yds,50.347,13.465,27.123,45.612,68.3,93.418
2025_05_WAS_LAC,WAS,LAC,Zach Ertz,00-0030061,TE,anytime_td,0.294,0.0,0.0,0.0,1.0,1.0
2025_05_WAS_LAC,WAS,LAC,John Bates,00-0036628,TE,car,0.002,0.0,0.0,0.0,0.0,0.0
2025_05_WAS_LAC,WAS,LAC,John Bates,00-0036628,TE,rush_yds,0.005,0.0,0.0,0.0,0.0,0.0
2025_05_WAS_LAC,WAS,LAC,John Bates,00-0036628,TE,tgt,0.835,0.0,0.0,0.0,1.0,2.0
2025_05_WAS_LAC,WAS,LAC,John Bates,00-0036628,TE,rec,0.588,0.0,0.0,0.0,1.0,2.0
2025_05_WAS_LAC,WAS,LAC,John Bates,00-0036628,TE,rec_yds,6.03,0.0,0.0,0.0,8.23,20.84
2025_05_WAS_LAC,WAS,LAC,John Bates,00-0036628,TE,anytime_td,0.018,0.0,0.0,0.0,0.0,0.0
2025_05_WAS_LAC,WAS,LAC,Jacory Croskey-Merritt,00-0040242,RB,car,7.686,2.0,4.0,7.0,10.0,14.0
2025_05_WAS_LAC,WAS,LAC,Jacory Croskey-Merritt,00-0040242,RB,rush_yds,33.291,5.046,13.499,26.754,46.197,69.475
2025_05_WAS_LAC,WAS,LAC,Jacory Croskey-Merritt,00-0040242,RB,tgt,1.835,0.0,1.0,1.0,3.0,4.0
2025_05_WAS_LAC,WAS,LAC,Jacory Croskey-Merritt,00-0040242,RB,rec,1.432,0.0,0.0,1.0,2.0,3.0
2025_05_WAS_LAC,WAS,LAC,Jacory Croskey-Merritt,00-0040242,RB,rec_yds,9.894,0.0,0.0,5.524,14.505,27.584
2025_05_WAS_LAC,WAS,LAC,Jacory Croskey-Merritt,00-0040242,RB,anytime_td,0.27,0.0,0.0,0.0,1.0,1.0
2025_05_WAS_LAC,WAS,LAC,Luke McCaffrey,00-0039355,WR,car,0.01,0.0,0.0,0.0,0.0,0.0
2025_05_WAS_LAC,WAS,LAC,Luke McCaffrey,00-0039355,WR,rush_yds,0.059,0.0,0.0,0.0,0.0,0.0
2025_05_WAS_LAC,WAS,LAC,Luke McCaffrey,00-0039355,WR,tgt,2.273,0.0,1.0,2.0,3.0,5.0
2025_05_WAS_LAC,WAS,LAC,Luke McCaffrey,00-0039355,WR,rec,1.492,0.0,0.0,1.0,2.0,3.0
2025_05_WAS_LAC,WAS,LAC,Luke McCaffrey,00-0039355,WR,rec_yds,18.664,0.0,0.0,11.73,28.332,48.656
2025_05_WAS_LAC,WAS,LAC,Luke McCaffrey,00-0039355,WR,anytime_td,0.204,0.0,0.0,0.0,0.0,1.0
2025_05_WAS_LAC,WAS,LAC,Jaylin Lane,00-0040164,WR,car,0.017,0.0,0.0,0.0,0.0,0.0
2025_05_WAS_LAC,WAS,LAC,Jaylin Lane,00-0040164,WR,rush_yds,0.08,0.0,0.0,0.0,0.0,0.0
2025_05_WAS_LAC,WAS,LAC,Jaylin Lane,00-0040164,WR,tgt,3.846,1.0,2.0,3.0,5.0,7.0
2025_05_WAS_LAC,WAS,LAC,Jaylin Lane,00-0040164,WR,rec,2.316,0.0,1.0,2.0,3.0,5.0
2025_05_WAS_LAC,WAS,LAC,Jaylin Lane,00-0040164,WR,rec_yds,26.357,0.0,7.283,20.244,38.986,59.755
2025_05_WAS_LAC,WAS,LAC,Jaylin Lane,00-0040164,WR,anytime_td,0.059,0.0,0.0,0.0,0.0,0.0
2025_05_WAS_LAC,WAS,LAC,Chris Rodriguez Jr.,00-0038611,RB,car,6.662,2.0,3.0,6.0,9.0,13.0
2025_05_WAS_LAC,WAS,LAC,Chris Rodriguez Jr.,00-0038611,RB,rush_yds,28.445,3.297,9.983,22.548,39.727,61.74
2025_05_WAS_LAC,WAS,LAC,Chris Rodriguez Jr.,00-0038611,RB,tgt,0.287,0.0,0.0,0.0,0.0,1.0
2025_05_WAS_LAC,WAS,LAC,Chris Rodriguez Jr.,00-0038611,RB,rec,0.227,0.0,0.0,0.0,0.0,1.0
2025_05_WAS_LAC,WAS,LAC,Chris Rodriguez Jr.,00-0038611,RB,rec_yds,1.66,0.0,0.0,0.0,0.0,5.667
2025_05_WAS_LAC,WAS,LAC,Chris Rodriguez Jr.,00-0038611,RB,anytime_td,0.153,0.0,0.0,0.0,0.0,1.0
2025_05_WAS_LAC,WAS,LAC,Jeremy McNichols,00-0033955,RB,car,2.838,0.0,1.0,2.0,4.0,7.0
2025_05_WAS_LAC,WAS,LAC,Jeremy McNichols,00-0033955,RB,rush_yds,12.654,0.0,0.0,6.475,17.832,34.664
2025_05_WAS_LAC,WAS,LAC,Jeremy McNichols,00-0033955,RB,tgt,0.942,0.0,0.0,1.0,1.0,3.0
2025_05_WAS_LAC,WAS,LAC,Jeremy McNichols,00-0033955,RB,rec,0.723,0.0,0.0,0.0,1.0,2.0
2025_05_WAS_LAC,WAS,LAC,Jeremy McNichols,00-0033955,RB,rec_yds,4.72,0.0,0.0,0.0,6.547,15.228
2025_05_WAS_LAC,WAS,LAC,Jeremy McNichols,00-0033955,RB,anytime_td,0.146,0.0,0.0,0.0,0.0,1.0
2025_05_WAS_LAC,WAS,LAC,Tay Martin,00-0037524,WR,car,0.027,0.0,0.0,0.0,0.0,0.0
2025_05_WAS_LAC,WAS,LAC,Tay Martin,00-0037524,WR,rush_yds,0.166,0.0,0.0,0.0,0.0,0.0
2025_05_WAS_LAC,WAS,LAC,Tay Martin,00-0037524,WR,tgt,1.966,0.0,1.0,2.0,3.0,4.0
2025_05_WAS_LAC,WAS,LAC,Tay Martin,00-0037524,WR,rec,1.257,0.0,0.0,1.0,2.0,3.0
2025_05_WAS_LAC,WAS,LAC,Tay Martin,00-0037524,WR,rec_yds,15.608,0.0,0.0,8.569,23.932,42.546
2025_05_WAS_LAC,WAS,LAC,Tay Martin,00-0037524,WR,anytime_td,0.096,0.0,0.0,0.0,0.0,0.0
2025_05_KC_JAX,JAX,KC,Trevor Lawrence,00-0036971,QB,att,31.194,21.0,26.0,32.0,37.0,42.0
2025_05_KC_JAX,JAX,KC,Trevor Lawrence,00-0036971,QB,cmp,20.11,13.0,17.0,20.0,24.0,28.0
2025_05_KC_JAX,JAX,KC,Trevor Lawrence,00-0036971,QB,pass_yds,209.075,122.321,163.955,207.76,255.266,303.819
2025_05_KC_JAX,JAX,KC,Trevor Lawrence,00-0036971,QB,pass_td,1.181,0.0,0.0,1.0,2.0,3.0
2025_05_KC_JAX,JAX,KC,Trevor Lawrence,00-0036971,QB,ints,0.704,0.0,0.0,0.0,1.0,2.0
2025_05_KC_JAX,JAX,KC,Trevor Lawrence,00-0036971,QB,car,3.3,1.0,1.0,3.0,4.0,7.0
2025_05_KC_JAX,JAX,KC,Trevor Lawrence,00-0036971,QB,rush_yds,13.848,-0.039,1.923,10.226,21.112,33.652
2025_05_KC_JAX,JAX,KC,Trevor Lawrence,00-0036971,QB,tgt,0.001,0.0,0.0,0.0,0.0,0.0
2025_05_KC_JAX,JAX,KC,Trevor Lawrence,00-0036971,QB,rec,0.001,0.0,0.0,0.0,0.0,0.0
2025_05_KC_JAX,JAX,KC,Trevor Lawrence,00-0036971,QB,rec_yds,0.005,0.0,0.0,0.0,0.0,0.0
2025_05_KC_JAX,JAX,KC,Trevor Lawrence,00-0036971,QB,anytime_td,0.117,0.0,0.0,0.0,0.0,1.0
2025_05_KC_JAX,JAX,KC,Brian Thomas Jr.,00-0039893,WR,car,0.452,0.0,0.0,0.0,0.0,2.0
2025_05_KC_JAX,JAX,KC,Brian Thomas Jr.,00-0039893,WR,rush_yds,2.246,0.0,0.0,0.0,0.0,7.745
2025_05_KC_JAX,JAX,KC,Brian Thomas Jr.,00-0039893,WR,tgt,7.377,3.0,5.0,7.0,9.0,12.0
2025_05_KC_JAX,JAX,KC,Brian Thomas Jr.,00-0039893,WR,rec,4.301,1.0,3.0,4.0,6.0,7.0
2025_05_KC_JAX,JAX,KC,Brian Thomas Jr.,00-0039893,WR,rec_yds,52.308,12.024,25.485,46.294,72.283,99.985
2025_05_KC_JAX,JAX,KC,Brian Thomas Jr.,00-0039893,WR,anytime_td,0.259,0.0,0.0,0.0,1.0,1.0
2025_05_KC_JAX,JAX,KC,Travis Hunter,00-0040718,WR,car,0.014,0.0,0.0,0.0,0.0,0.0
2025_05_KC_JAX,JAX,KC,Travis Hunter,00-0040718,WR,rush_yds,0.067,0.0,0.0,0.0,0.0,0.0
2025_05_KC_JAX,JAX,KC,Travis Hunter,00-0040718,WR,tgt,4.26,1.0,2.0,4.0,6.0,8.0
2025_05_KC_JAX,JAX,KC,Travis Hunter,00-0040718,WR,rec,2.729,1.0,1.0,2.0,4.0,5.0
2025_05_KC_JAX,JAX,KC,Travis Hunter,00-0040718,WR,rec_yds,30.845,0.863,10.594,24.979,43.923,67.639
2025_05_KC_JAX,JAX,KC,Travis Hunter,00-0040718,WR,anytime_td,0.088,0.0,0.0,0.0,0.0,0.0
2025_05_KC_JAX,JAX,KC,Dyami Brown,00-0036626,WR,car,0.65,0.0,0.0,0.0,1.0,2.0
2025_05_KC_JAX,JAX,KC,Dyami Brown,00-0036626,WR,rush_yds,3.274,0.0,0.0,0.0,0.0,12.045
2025_05_KC_JAX,JAX,KC,Dyami Brown,00-0036626,WR,tgt,3.702,1.0,2.0,3.0,5.0,7.0
2025_05_KC_JAX,JAX,KC,Dyami Brown,00-0036626,WR,rec,2.518,0.0,1.0,2.0,4.0,5.0
2025_05_KC_JAX,JAX,KC,Dyami Brown,00-0036626,WR,rec_yds,28.978,0.0,8.548,22.225,42.56,64.763
2025_05_KC_JAX,JAX,KC,Dyami Brown,00-0036626,WR,anytime_td,0.171,0.0,0.0,0.0,0.0,1.0
2025_05_KC_JAX,JAX,KC,Hunter Long,00-0037004,TE,car,0.003,0.0,0.0,0.0,0.0,0.0
2025_05_KC_JAX,JAX,KC,Hunter Long,00-0037004,TE,rush_yds,0.006,0.0,0.0,0.0,0.0,0.0
2025_05_KC_JAX,JAX,KC,Hunter Long,00-0037004,TE,tgt,1.376,0.0,0.0,1.0,2.0,3.0
2025_05_KC_JAX,JAX,KC,Hunter Long,00-0037004,TE,rec,1.039,0.0,0.0,1.0,2.0,3.0
2025_05_KC_JAX,JAX,KC,Hunter Long,00-0037004,TE,rec_yds,9.434,0.0,0.0,4.509,14.609,27.032
2025_05_KC_JAX,JAX,KC,Hunter Long,00-0037004,TE,anytime_td,0.16,0.0,0.0,0.0,0.0,1.0
2025_05_KC_JAX,JAX,KC,Travis Etienne,00-0036973,RB,car,15.208,8.0,11.0,15.0,19.0,24.0
2025_05_KC_JAX,JAX,KC,Travis Etienne,00-0036973,RB,rush_yds,66.858,24.117,38.569,60.758,87.692,118.201
2025_05_KC_JAX,JAX,KC,Travis Etienne,00-0036973,RB,tgt,2.514,0.0,1.0,2.0,4.0,5.0
2025_05_KC_JAX,JAX,KC,Travis Etienne,00-0036973,RB,rec,1.909,0.0,1.0,2.0,3.0,4.0
2025_05_KC_JAX,JAX,KC,Travis Etienne,00-0036973,RB,rec_yds,12.675,0.0,0.0,8.291,18.905,33.151
2025_05_KC_JAX,JAX,KC,Travis Etienne,00-0036973,RB,anytime_td,0.396,0.0,0.0,0.0,1.0,1.0
2025_05_KC_JAX,JAX,KC,Brenton Strange,00-0038935,TE,car,0.002,0.0,0.0,0.0,0.0,0.0
2025_05_KC_JAX,JAX,KC,Brenton Strange,00-0038935,TE,rush_yds,0.004,0.0,0.0,0.0,0.0,0.0
2025_05_KC_JAX,JAX,KC,Brenton Strange,00-0038935,TE,tgt,4.351,1.0,2.0,4.0,6.0,8.0
2025_05_KC_JAX,JAX,KC,Brenton Strange,00-0038935,TE,rec,3.377,1.0,2.0,3.0,5.0,6.0
2025_05_KC_JAX,JAX,KC,Brenton Strange,00-0038935,TE,rec_yds,31.496,4.261,13.062,27.171,44.535,64.019
2025_05_KC_JAX,JAX,KC,Brenton Strange,00-0038935,TE,anytime_td,0.068,0.0,0.0,0.0,0.0,0.0
2025_05_KC_JAX,JAX,KC,Johnny Mundt,00-0033246,TE,car,0.002,0.0,0.0,0.0,0.0,0.0
2025_05_KC_JAX,JAX,KC,Johnny Mundt,00-0033246,TE,rush_yds,0.002,0.0,0.0,0.0,0.0,0.0
2025_05_KC_JAX,JAX,KC,Johnny Mundt,00-0033246,TE,tgt,0.804,0.0,0.0,0.0,1.0,2.0
2025_05_KC_JAX,JAX,KC,Johnny Mundt,00-0033246,TE,rec,0.574,0.0,0.0,0.0,1.0,2.0
2025_05_KC_JAX,JAX,KC,Johnny Mundt,00-0033246,TE,rec_yds,5.522,0.0,0.0,0.0,7.707,18.791
2025_05_KC_JAX,JAX,KC,Johnny Mundt,00-0033246,TE,anytime_td,0.023,0.0,0.0,0.0,0.0,0.0
2025_05_KC_JAX,JAX,KC,Parker Washington,00-0038606,WR,car,0.208,0.0,0.0,0.0,0.0,1.0
2025_05_KC_JAX,JAX,KC,Parker Washington,00-0038606,WR,rush_yds,0.988,0.0,0.0,0.0,0.0,0.0
2025_05_KC_JAX,JAX,KC,Parker Washington,00-0038606,WR,tgt,3.97,1.0,2.0,4.0,5.0,7.0
2025_05_KC_JAX,JAX,KC,Parker Washington,00-0038606,WR,rec,2.423,0.0,1.0,2.0,3.0,5.0
2025_05_KC_JAX,JAX,KC,Parker Washington,00-0038606,WR,rec_yds,28.329,0.0,8.465,22.232,40.648,63.852
2025_05_KC_JAX,JAX,KC,Parker Washington,00-0038606,WR,anytime_td,0.11,0.0,0.0,0.0,0.0,1.0
2025_05_KC_JAX,JAX,KC,LeQuint Allen Jr.,00-0040238,RB,car,1.057,0.0,0.0,0.0,1.0,3.0
2025_05_KC_JAX,JAX,KC,LeQuint Allen Jr.,00-0040238,RB,rush_yds,4.202,0.0,0.0,0.0,4.368,13.336
2025_05_KC_JAX,JAX,KC,LeQuint Allen Jr.,00-0040238,RB,tgt,0.731,0.0,0.0,0.0,1.0,2.0
2025_05_KC_JAX,JAX,KC,LeQuint Allen Jr.,00-0040238,RB,rec,0.599,0.0,0.0,0.0,1.0,2.0
2025_05_KC_JAX,JAX,KC,LeQuint Allen Jr.,00-0040238,RB,rec_yds,4.193,0.0,0.0,0.0,5.477,13.993
2025_05_KC_JAX,JAX,KC,LeQuint Allen Jr.,00-0040238,RB,anytime_td,0.028,0.0,0.0,0.0,0.0,0.0
2025_05_KC_JAX,JAX,KC,Bhayshul Tuten,00-0040719,RB,car,5.41,1.0,2.0,5.0,8.0,11.0
2025_05_KC_JAX,JAX,KC,Bhayshul Tuten,00-0040719,RB,rush_yds,20.88,0.818,5.582,15.295,29.884,47.688
2025_05_KC_JAX,JAX,KC,Bhayshul Tuten,00-0040719,RB,tgt,0.933,0.0,0.0,1.0,1.0,3.0
2025_05_KC_JAX,JAX,KC,Bhayshul Tuten,00-0040719,RB,rec,0.741,0.0,0.0,0.0,1.0,2.0
2025_05_KC_JAX,JAX,KC,Bhayshul Tuten,00-0040719,RB,rec_yds,5.514,0.0,0.0,0.0,7.564,17.641
2025_05_KC_JAX,JAX,KC,Bhayshul Tuten,00-0040719,RB,anytime_td,0.242,0.0,0.0,0.0,0.0,1.0
2025_05_KC_JAX,JAX,KC,Tim Patrick,00-0033375,WR,car,0.007,0.0,0.0,0.0,0.0,0.0
2025_05_KC_JAX,JAX,KC,Tim Patrick,00-0033375,WR,rush_yds,0.044,0.0,0.0,0.0,0.0,0.0
2025_05_KC_JAX,JAX,KC,Tim Patrick,00-0033375,WR,tgt,1.288,0.0,0.0,1.0,2.0,3.0
2025_05_KC_JAX,JAX,KC,Tim Patrick,00-0033375,WR,rec,0.836,0.0,0.0,1.0,1.0,2.0
2025_05_KC_JAX,JAX,KC,Tim Patrick,00-0033375,WR,rec_yds,9.606,0.0,0.0,0.0,14.108,29.777
2025_05_KC_JAX,JAX,KC,Tim Patrick,00-0033375,WR,anytime_td,0.045,0.0,0.0,0.0,0.0,0.0
2025_05_KC_JAX,KC,JAX,Patrick Mahomes,00-0033873,QB,att,31.913,21.0,27.0,33.0,38.0,43.0
2025_05_KC_JAX,KC,JAX,Patrick Mahomes,00-0033873,QB,cmp,20.496,13.0,17.0,21.0,25.0,28.0
2025_05_KC_JAX,KC,JAX,Patrick Mahomes,00-0033873,QB,pass_yds,220.696,127.069,172.72,220.594,271.259,318.405
2025_05_KC_JAX,KC,JAX,Patrick Mahomes,00-0033873,QB,pass_td,1.413,0.0,1.0,1.0,2.0,3.0
2025_05_KC_JAX,KC,JAX,Patrick Mahomes,00-0033873,QB,ints,0.688,0.0,0.0,0.0,1.0,2.0
2025_05_KC_JAX,KC,JAX,Patrick Mahomes,00-0033873,QB,car,4.333,1.0,3.0,4.0,6.0,8.0
2025_05_KC_JAX,KC,JAX,Patrick Mahomes,00-0033873,QB,rush_yds,23.512,0.999,8.989,19.975,33.96,48.942
2025_05_KC_JAX,KC,JAX,Patrick Mahomes,00-0033873,QB,tgt,0.001,0.0,0.0,0.0,0.0,0.0
2025_05_KC_JAX,KC,JAX,Patrick Mahomes,00-0033873,QB,rec,0.001,0.0,0.0,0.0,0.0,0.0
2025_05_KC_JAX,KC,JAX,Patrick Mahomes,00-0033873,QB,rec_yds,0.002,0.0,0.0,0.0,0.0,0.0
2025_05_KC_JAX,KC,JAX,Patrick Mahomes,00-0033873,QB,anytime_td,0.228,0.0,0.0,0.0,0.0,1.0
2025_05_KC_JAX,KC,JAX,Travis Kelce,00-0030506,TE,car,0.004,0.0,0.0,0.0,0.0,0.0
2025_05_KC_JAX,KC,JAX,Travis Kelce,00-0030506,TE,rush_yds,0.007,0.0,0.0,0.0,0.0,0.0
2025_05_KC_JAX,KC,JAX,Travis Kelce,00-0030506,TE,tgt,5.529,2.0,3.0,5.0,7.0,9.0
2025_05_KC_JAX,KC,JAX,Travis Kelce,00-0030506,TE,rec,3.924,1.0,2.0,4.0,5.0,7.0
2025_05_KC_JAX,KC,JAX,Travis Kelce,00-0030506,TE,rec_yds,40.59,8.542,19.026,35.412,56.831,79.258
2025_05_KC_JAX,KC,JAX,Travis Kelce,00-0030506,TE,anytime_td,0.186,0.0,0.0,0.0,0.0,1.0
2025_05_KC_JAX,KC,JAX,Xavier Worthy,00-0039894,WR,car,1.282,0.0,0.0,0.0,2.0,4.0
2025_05_KC_JAX,KC,JAX,Xavier Worthy,00-0039894,WR,rush_yds,7.12,0.0,0.0,0.0,9.16,23.351
2025_05_KC_JAX,KC,JAX,Xavier Worthy,00-0039894,WR,tgt,5.074,2.0,3.0,5.0,7.0,9.0
2025_05_KC_JAX,KC,JAX,Xavier Worthy,00-0039894,WR,rec,3.278,1.0,2.0,3.0,5.0,6.0
2025_05_KC_JAX,KC,JAX,Xavier Worthy,00-0039894,WR,rec_yds,42.217,5.443,16.957,35.732,60.306,86.228
2025_05_KC_JAX,KC,JAX,Xavier Worthy,00-0039894,WR,anytime_td,0.23,0.0,0.0,0.0,0.0,1.0
2025_05_KC_JAX,KC,JAX,JuJu Smith-Schuster,00-0033857,WR,car,0.01,0.0,0.0,0.0,0.0,0.0
2025_05_KC_JAX,KC,JAX,JuJu Smith-Schuster,00-0033857,WR,rush_yds,0.049,0.0,0.0,0.0,0.0,0.0
2025_05_KC_JAX,KC,JAX,JuJu Smith-Schuster,00-0033857,WR,tgt,3.47,1.0,2.0,3.0,5.0,7.0
2025_05_KC_JAX,KC,JAX,JuJu Smith-Schuster,00-0033857,WR,rec,2.302,0.0,1.0,2.0,3.0,5.0
2025_05_KC_JAX,KC,JAX,JuJu Smith-Schuster,00-0033857,WR,rec_yds,27.338,0.0,7.292,20.501,40.404,63.34
2025_05_KC_JAX,KC,JAX,JuJu Smith-Schuster,00-0033857,WR,anytime_td,0.156,0.0,0.0,0.0,0.0,1.0
2025_05_KC_JAX,KC,JAX,Isiah Pacheco,00-0037197,RB,car,8.022,2.0,4.0,7.0,11.0,14.0
2025_05_KC_JAX,KC,JAX,Isiah Pacheco,00-0037197,RB,rush_yds,32.027,5.403,13.228,26.35,43.882,65.993
2025_05_KC_JAX,KC,JAX,Isiah Pacheco,00-0037197,RB,tgt,2.028,0.0,1.0,2.0,3.0,4.0
2025_05_KC_JAX,KC,JAX,Isiah Pacheco,00-0037197,RB,rec,1.536,0.0,0.0,1.0,2.0,4.0
2025_05_KC_JAX,KC,JAX,Isiah Pacheco,00-0037197,RB,rec_yds,10.364,0.0,0.0,6.12,15.612,27.861
2025_05_KC_JAX,KC,JAX,Isiah Pacheco,00-0037197,RB,anytime_td,0.238,0.0,0.0,0.0,0.0,1.0
2025_05_KC_JAX,KC,JAX,Noah Gray,00-0036637,TE,car,0.032,0.0,0.0,0.0,0.0,0.0
2025_05_KC_JAX,KC,JAX,Noah Gray,00-0036637,TE,rush_yds,0.075,0.0,0.0,0.0,0.0,0.0
2025_05_KC_JAX,KC,JAX,Noah Gray,00-0036637,TE,tgt,2.633,0.0,1.0,2.0,4.0,5.0
2025_05_KC_JAX,KC,JAX,Noah Gray,00-0036637,TE,rec,1.763,0.0,1.0,1.0,3.0,4.0
2025_05_KC_JAX,KC,JAX,Noah Gray,00-0036637,TE,rec_yds,16.442,0.0,1.818,11.568,25.297,39.919
2025_05_KC_JAX,KC,JAX,Noah Gray,00-0036637,TE,anytime_td,0.076,0.0,0.0,0.0,0.0,0.0
2025_05_KC_JAX,KC,JAX,Marquise Brown,00-0035662,WR,car,0.016,0.0,0.0,0.0,0.0,0.0
2025_05_KC_JAX,KC,JAX,Marquise Brown,00-0035662,WR,rush_yds,0.081,0.0,0.0,0.0,0.0,0.0
2025_05_KC_JAX,KC,JAX,Marquise Brown,00-0035662,WR,tgt,6.312,3.0,4.0,6.0,8.0,11.0
2025_05_KC_JAX,KC,JAX,Marquise Brown,00-0035662,WR,rec,4.006,1.0,2.0,4.0,5.0,7.0
2025_05_KC_JAX,KC,JAX,Marquise Brown,00-0035662,WR,rec_yds,45.45,8.495,20.515,39.743,63.737,89.905
2025_05_KC_JAX,KC,JAX,Marquise Brown,00-0035662,WR,anytime_td,0.195,0.0,0.0,0.0,0.0,1.0
2025_05_KC_JAX,KC,JAX,Tyquan Thornton,00-0038104,WR,car,0.023,0.0,0.0,0.0,0.0,0.0
2025_05_KC_JAX,KC,JAX,Tyquan Thornton,00-0038104,WR,rush_yds,0.117,0.0,0.0,0.0,0.0,0.0
2025_05_KC_JAX,KC,JAX,Tyquan Thornton,00-0038104,WR,tgt,3.91,1.0,2.0,4.0,5.0,7.0
2025_05_KC_JAX,KC,JAX,Tyquan Thornton,00-0038104,WR,rec,2.321,0.0,1.0,2.0,3.0,5.0
2025_05_KC_JAX,KC,JAX,Tyquan Thornton,00-0038104,WR,rec_yds,31.119,0.0,8.514,23.764,46.016,72.151
2025_05_KC_JAX,KC,JAX,Tyquan Thornton,00-0038104,WR,anytime_td,0.299,0.0,0.0,0.0,1.0,1.0
2025_05_KC_JAX,KC,JAX,Kareem Hunt,00-0033923,RB,car,9.406,4.0,6.0,9.0,13.0,16.0
2025_05_KC_JAX,KC,JAX,Kareem Hunt,00-0033923,RB,rush_yds,35.694,8.092,16.962,30.495,48.586,69.696
2025_05_KC_JAX,KC,JAX,Kareem Hunt,00-0033923,RB,tgt,1.464,0.0,0.0,1.0,2.0,4.0
2025_05_KC_JAX,KC,JAX,Kareem Hunt,00-0033923,RB,rec,1.148,0.0,0.0,1.0,2.0,3.0
2025_05_KC_JAX,KC,JAX,Kareem Hunt,00-0033923,RB,rec_yds,8.281,0.0,0.0,3.679,12.254,23.501
2025_05_KC_JAX,KC,JAX,Kareem Hunt,00-0033923,RB,anytime_td,0.255,0.0,0.0,0.0,1.0,1.0
2025_05_KC_JAX,KC,JAX,Brashard Smith,00-0040078,RB,car,2.03,0.0,0.0,1.0,3.0,5.0
2025_05_KC_JAX,KC,JAX,Brashard Smith,00-0040078,RB,rush_yds,8.313,0.0,0.0,3.373,11.615,23.873
2025_05_KC_JAX,KC,JAX,Brashard Smith,00-0040078,RB,tgt,1.58,0.0,0.0,1.0,2.0,4.0
2025_05_KC_JAX,KC,JAX,Brashard Smith,00-0040078,RB,rec,1.176,0.0,0.0,1.0,2.0,3.0
2025_05_KC_JAX,KC,JAX,Brashard Smith,00-0040078,RB,rec_yds,8.731,0.0,0.0,3.59,12.824,25.721
2025_05_KC_JAX,KC,JAX,Brashard Smith,00-0040078,RB,anytime_td,0.082,0.0,0.0,0.0,0.0,0.0
2025_05_KC_JAX,KC,JAX,Jalen Royals,00-0040646,WR,car,0.025,0.0,0.0,0.0,0.0,0.0
2025_05_KC_JAX,KC,JAX,Jalen Royals,00-0040646,WR,rush_yds,0.114,0.0,0.0,0.0,0.0,0.0
2025_05_KC_JAX,KC,JAX,Jalen Royals,00-0040646,WR,tgt,0.511,0.0,0.0,0.0,1.0,2.0
2025_05_KC_JAX,KC,JAX,Jalen Royals,00-0040646,WR,rec,0.324,0.0,0.0,0.0,0.0,1.0
2025_05_KC_JAX,KC,JAX,Jalen Royals,00-0040646,WR,rec_yds,3.921,0.0,0.0,0.0,0.0,14.168
2025_05_KC_JAX,KC,JAX,Jalen Royals,00-0040646,WR,anytime_td,0.008,0.0,0.0,0.0,0.0,0.0
