game_id,team,opp,player,player_id,pos,stat,mean,p10,p25,median,p75,p90
2025_09_BAL_MIA,MIA,BAL,Tua Tagovailoa,00-0036212,QB,att,31.923,22.0,27.0,33.0,38.0,42.0
2025_09_BAL_MIA,MIA,BAL,Tua Tagovailoa,00-0036212,QB,cmp,21.555,14.0,18.0,22.0,26.0,29.0
2025_09_BAL_MIA,MIA,BAL,Tua Tagovailoa,00-0036212,QB,pass_yds,226.922,134.652,178.375,225.676,278.71,324.301
2025_09_BAL_MIA,MIA,BAL,Tua Tagovailoa,00-0036212,QB,pass_td,1.443,0.0,1.0,1.0,2.0,3.0
2025_09_BAL_MIA,MIA,BAL,Tua Tagovailoa,00-0036212,QB,ints,0.721,0.0,0.0,0.0,1.0,2.0
2025_09_BAL_MIA,MIA,BAL,Tua Tagovailoa,00-0036212,QB,car,2.157,0.0,1.0,2.0,3.0,5.0
2025_09_BAL_MIA,MIA,BAL,Tua Tagovailoa,00-0036212,QB,rush_yds,8.489,-1.0,0.0,4.704,13.261,23.769
2025_09_BAL_MIA,MIA,BAL,Tua Tagovailoa,00-0036212,QB,tgt,0.0,0.0,0.0,0.0,0.0,0.0
2025_09_BAL_MIA,MIA,BAL,Tua Tagovailoa,00-0036212,QB,rec,0.0,0.0,0.0,0.0,0.0,0.0
2025_09_BAL_MIA,MIA,BAL,Tua Tagovailoa,00-0036212,QB,rec_yds,0.0,0.0,0.0,0.0,0.0,0.0
2025_09_BAL_MIA,MIA,BAL,Tua Tagovailoa,00-0036212,QB,anytime_td,0.014,0.0,0.0,0.0,0.0,0.0
2025_09_BAL_MIA,MIA,BAL,De'Von Achane,00-0039040,RB,car,14.958,8.0,11.0,14.0,19.0,23.0
2025_09_BAL_MIA,MIA,BAL,De'Von Achane,00-0039040,RB,rush_yds,65.722,23.572,37.722,58.425,86.353,117.043
2025_09_BAL_MIA,MIA,BAL,De'Von Achane,00-0039040,RB,tgt,7.07,3.0,5.0,7.0,9.0,12.0
2025_09_BAL_MIA,MIA,BAL,De'Von Achane,00-0039040,RB,rec,5.536,2.0,3.0,5.0,7.0,9.0
2025_09_BAL_MIA,MIA,BAL,De'Von Achane,00-0039040,RB,rec_yds,38.283,8.493,18.635,33.701,53.033,74.213
2025_09_BAL_MIA,MIA,BAL,De'Von Achane,00-0039040,RB,anytime_td,0.559,0.0,0.0,1.0,1.0,1.0
2025_09_BAL_MIA,MIA,BAL,Jaylen Waddle,00-0036613,WR,car,0.057,0.0,0.0,0.0,0.0,0.0
2025_09_BAL_MIA,MIA,BAL,Jaylen Waddle,00-0036613,WR,rush_yds,0.292,0.0,0.0,0.0,0.0,0.0
2025_09_BAL_MIA,MIA,BAL,Jaylen Waddle,00-0036613,WR,tgt,7.531,3.0,5.0,7.0,10.0,12.0
2025_09_BAL_MIA,MIA,BAL,Jaylen Waddle,00-0036613,WR,rec,5.05,2.0,3.0,5.0,7.0,9.0
2025_09_BAL_MIA,MIA,BAL,Jaylen Waddle,00-0036613,WR,rec_yds,70.607,18.811,37.537,63.665,96.11,131.382
2025_09_BAL_MIA,MIA,BAL,Jaylen Waddle,00-0036613,WR,anytime_td,0.262,0.0,0.0,0.0,1.0,1.0
2025_09_BAL_MIA,MIA,BAL,Malik Washington,00-0039880,WR,car,0.887,0.0,0.0,0.0,1.0,3.0
2025_09_BAL_MIA,MIA,BAL,Malik Washington,00-0039880,WR,rush_yds,4.619,0.0,0.0,0.0,3.927,16.235
2025_09_BAL_MIA,MIA,BAL,Malik Washington,00-0039880,WR,tgt,5.883,2.0,4.0,5.0,8.0,10.0
2025_09_BAL_MIA,MIA,BAL,Malik Washington,00-0039880,WR,rec,3.977,1.0,2.0,4.0,5.0,7.0
2025_09_BAL_MIA,MIA,BAL,Malik Washington,00-0039880,WR,rec_yds,40.767,7.779,18.312,35.068,56.788,81.532
2025_09_BAL_MIA,MIA,BAL,Malik Washington,00-0039880,WR,anytime_td,0.183,0.0,0.0,0.0,0.0,1.0
2025_09_BAL_MIA,MIA,BAL,Nick Westbrook-Ikhine,00-0036182,WR,car,0.009,0.0,0.0,0.0,0.0,0.0
2025_09_BAL_MIA,MIA,BAL,Nick Westbrook-Ikhine,00-0036182,WR,rush_yds,0.04,0.0,0.0,0.0,0.0,0.0
2025_09_BAL_MIA,MIA,BAL,Nick Westbrook-Ikhine,00-0036182,WR,tgt,2.833,0.0,1.0,2.0,4.0,6.0
2025_09_BAL_MIA,MIA,BAL,Nick Westbrook-Ikhine,00-0036182,WR,rec,1.765,0.0,1.0,1.0,3.0,4.0
2025_09_BAL_MIA,MIA,BAL,Nick Westbrook-Ikhine,00-0036182,WR,rec_yds,21.725,0.0,2.832,14.952,32.659,54.331
2025_09_BAL_MIA,MIA,BAL,Nick Westbrook-Ikhine,00-0036182,WR,anytime_td,0.07,0.0,0.0,0.0,0.0,0.0
2025_09_BAL_MIA,MIA,BAL,Tanner Conner,00-0037348,TE,car,0.003,0.0,0.0,0.0,0.0,0.0
2025_09_BAL_MIA,MIA,BAL,Tanner Conner,00-0037348,TE,rush_yds,0.007,0.0,0.0,0.0,0.0,0.0
2025_09_BAL_MIA,MIA,BAL,Tanner Conner,00-0037348,TE,tgt,2.004,0.0,1.0,2.0,3.0,5.0
2025_09_BAL_MIA,MIA,BAL,Tanner Conner,00-0037348,TE,rec,1.446,0.0,0.0,1.0,2.0,3.0
2025_09_BAL_MIA,MIA,BAL,Tanner Conner,00-0037348,TE,rec_yds,14.959,0.0,0.0,9.373,23.005,39.007
2025_09_BAL_MIA,MIA,BAL,Tanner Conner,00-0037348,TE,anytime_td,0.024,0.0,0.0,0.0,0.0,0.0
2025_09_BAL_MIA,MIA,BAL,Greg Dulcich,00-0037252,TE,car,0.001,0.0,0.0,0.0,0.0,0.0
2025_09_BAL_MIA,MIA,BAL,Greg Dulcich,00-0037252,TE,rush_yds,0.002,0.0,0.0,0.0,0.0,0.0
2025_09_BAL_MIA,MIA,BAL,Greg Dulcich,00-0037252,TE,tgt,0.705,0.0,0.0,0.0,1.0,2.0
2025_09_BAL_MIA,MIA,BAL,Greg Dulcich,00-0037252,TE,rec,0.514,0.0,0.0,0.0,1.0,2.0
2025_09_BAL_MIA,MIA,BAL,Greg Dulcich,00-0037252,TE,rec_yds,5.486,0.0,0.0,0.0,6.89,19.12
2025_09_BAL_MIA,MIA,BAL,Greg Dulcich,00-0037252,TE,anytime_td,0.011,0.0,0.0,0.0,0.0,0.0
2025_09_BAL_MIA,MIA,BAL,Cedrick Wilson Jr.,00-0034418,WR,car,0.01,0.0,0.0,0.0,0.0,0.0
2025_09_BAL_MIA,MIA,BAL,Cedrick Wilson Jr.,00-0034418,WR,rush_yds,0.027,0.0,0.0,0.0,0.0,0.0
2025_09_BAL_MIA,MIA,BAL,Cedrick Wilson Jr.,00-0034418,WR,tgt,2.299,0.0,1.0,2.0,3.0,5.0
2025_09_BAL_MIA,MIA,BAL,Cedrick Wilson Jr.,00-0034418,WR,rec,1.502,0.0,0.0,1.0,2.0,3.0
2025_09_BAL_MIA,MIA,BAL,Cedrick Wilson Jr.,00-0034418,WR,rec_yds,18.427,0.0,0.0,11.728,27.609,47.761
2025_09_BAL_MIA,MIA,BAL,Cedrick Wilson Jr.,00-0034418,WR,anytime_td,0.055,0.0,0.0,0.0,0.0,0.0
2025_09_BAL_MIA,MIA,BAL,Ollie Gordon II,00-0040198,RB,car,5.849,1.0,3.0,5.0,8.0,11.0
2025_09_BAL_MIA,MIA,BAL,Ollie Gordon II,00-0040198,RB,rush_yds,21.645,1.605,6.685,16.191,30.825,48.836
2025_09_BAL_MIA,MIA,BAL,Ollie Gordon II,00-0040198,RB,tgt,1.215,0.0,0.0,1.0,2.0,3.0
2025_09_BAL_MIA,MIA,BAL,Ollie Gordon II,00-0040198,RB,rec,0.964,0.0,0.0,1.0,1.0,3.0
2025_09_BAL_MIA,MIA,BAL,Ollie Gordon II,00-0040198,RB,rec_yds,7.246,0.0,0.0,0.976,10.792,22.166
2025_09_BAL_MIA,MIA,BAL,Ollie Gordon II,00-0040198,RB,anytime_td,0.272,0.0,0.0,0.0,1.0,1.0
2025_09_BAL_MIA,MIA,BAL,Alec Ingold,00-0035125,RB,car,0.48,0.0,0.0,0.0,0.0,2.0
2025_09_BAL_MIA,MIA,BAL,Alec Ingold,00-0035125,RB,rush_yds,1.911,0.0,0.0,0.0,0.0,5.861
2025_09_BAL_MIA,MIA,BAL,Alec Ingold,00-0035125,RB,tgt,0.948,0.0,0.0,1.0,1.0,3.0
2025_09_BAL_MIA,MIA,BAL,Alec Ingold,00-0035125,RB,rec,0.749,0.0,0.0,0.0,1.0,2.0
2025_09_BAL_MIA,MIA,BAL,Alec Ingold,00-0035125,RB,rec_yds,5.669,0.0,0.0,0.0,8.186,18.549
2025_09_BAL_MIA,MIA,BAL,Alec Ingold,00-0035125,RB,anytime_td,0.029,0.0,0.0,0.0,0.0,0.0
2025_09_BAL_MIA,MIA,BAL,Tahj Washington,00-0039884,WR,car,0.045,0.0,0.0,0.0,0.0,0.0
2025_09_BAL_MIA,MIA,BAL,Tahj Washington,00-0039884,WR,rush_yds,0.226,0.0,0.0,0.0,0.0,0.0
2025_09_BAL_MIA,MIA,BAL,Tahj Washington,00-0039884,WR,tgt,0.656,0.0,0.0,0.0,1.0,2.0
2025_09_BAL_MIA,MIA,BAL,Tahj Washington,00-0039884,WR,rec,0.43,0.0,0.0,0.0,1.0,1.0
2025_09_BAL_MIA,MIA,BAL,Tahj Washington,00-0039884,WR,rec_yds,5.339,0.0,0.0,0.0,5.392,19.433
2025_09_BAL_MIA,MIA,BAL,Tahj Washington,00-0039884,WR,anytime_td,0.011,0.0,0.0,0.0,0.0,0.0
2025_09_BAL_MIA,MIA,BAL,Dee Eskridge,00-0036620,WR,car,0.019,0.0,0.0,0.0,0.0,0.0
2025_09_BAL_MIA,MIA,BAL,Dee Eskridge,00-0036620,WR,rush_yds,0.088,0.0,0.0,0.0,0.0,0.0
2025_09_BAL_MIA,MIA,BAL,Dee Eskridge,00-0036620,WR,tgt,1.019,0.0,0.0,1.0,2.0,3.0
2025_09_BAL_MIA,MIA,BAL,Dee Eskridge,00-0036620,WR,rec,0.665,0.0,0.0,0.0,1.0,2.0
2025_09_BAL_MIA,MIA,BAL,Dee Eskridge,00-0036620,WR,rec_yds,9.083,0.0,0.0,0.0,12.62,29.029
2025_09_BAL_MIA,MIA,BAL,Dee Eskridge,00-0036620,WR,anytime_td,0.008,0.0,0.0,0.0,0.0,0.0
2025_09_BAL_MIA,BAL,MIA,Lamar Jackson,00-0034796,QB,att,26.358,17.0,22.0,27.0,32.0,36.0
2025_09_BAL_MIA,BAL,MIA,Lamar Jackson,00-0034796,QB,cmp,18.433,11.0,15.0,19.0,22.0,26.0
2025_09_BAL_MIA,BAL,MIA,Lamar Jackson,00-0034796,QB,pass_yds,212.029,119.728,166.217,212.539,261.976,308.266
2025_09_BAL_MIA,BAL,MIA,Lamar Jackson,00-0034796,QB,pass_td,1.518,0.0,1.0,1.0,2.0,3.0
2025_09_BAL_MIA,BAL,MIA,Lamar Jackson,00-0034796,QB,ints,0.519,0.0,0.0,0.0,1.0,2.0
2025_09_BAL_MIA,BAL,MIA,Lamar Jackson,00-0034796,QB,car,6.556,2.0,4.0,6.0,9.0,12.0
2025_09_BAL_MIA,BAL,MIA,Lamar Jackson,00-0034796,QB,rush_yds,32.491,3.736,13.203,27.746,45.692,67.222
2025_09_BAL_MIA,BAL,MIA,Lamar Jackson,00-0034796,QB,tgt,0.001,0.0,0.0,0.0,0.0,0.0
2025_09_BAL_MIA,BAL,MIA,Lamar Jackson,00-0034796,QB,rec,0.0,0.0,0.0,0.0,0.0,0.0
2025_09_BAL_MIA,BAL,MIA,Lamar Jackson,00-0034796,QB,rec_yds,0.003,0.0,0.0,0.0,0.0,0.0
2025_09_BAL_MIA,BAL,MIA,Lamar Jackson,00-0034796,QB,anytime_td,0.245,0.0,0.0,0.0,0.0,1.0
2025_09_BAL_MIA,BAL,MIA,Zay Flowers,00-0039064,WR,car,0.448,0.0,0.0,0.0,0.0,1.1
2025_09_BAL_MIA,BAL,MIA,Zay Flowers,00-0039064,WR,rush_yds,2.644,0.0,0.0,0.0,0.0,8.256
2025_09_BAL_MIA,BAL,MIA,Zay Flowers,00-0039064,WR,tgt,7.266,3.0,5.0,7.0,9.0,12.0
2025_09_BAL_MIA,BAL,MIA,Zay Flowers,00-0039064,WR,rec,5.149,2.0,3.0,5.0,7.0,9.0
2025_09_BAL_MIA,BAL,MIA,Zay Flowers,00-0039064,WR,rec_yds,66.723,19.223,36.779,61.076,90.896,120.876
2025_09_BAL_MIA,BAL,MIA,Zay Flowers,00-0039064,WR,anytime_td,0.2,0.0,0.0,0.0,0.0,1.0
2025_09_BAL_MIA,BAL,MIA,Rashod Bateman,00-0036550,WR,car,0.007,0.0,0.0,0.0,0.0,0.0
2025_09_BAL_MIA,BAL,MIA,Rashod Bateman,00-0036550,WR,rush_yds,0.039,0.0,0.0,0.0,0.0,0.0
2025_09_BAL_MIA,BAL,MIA,Rashod Bateman,00-0036550,WR,tgt,3.476,1.0,2.0,3.0,5.0,7.0
2025_09_BAL_MIA,BAL,MIA,Rashod Bateman,00-0036550,WR,rec,2.172,0.0,1.0,2.0,3.0,4.0
2025_09_BAL_MIA,BAL,MIA,Rashod Bateman,00-0036550,WR,rec_yds,30.812,0.0,8.184,23.528,45.125,69.636
2025_09_BAL_MIA,BAL,MIA,Rashod Bateman,00-0036550,WR,anytime_td,0.209,0.0,0.0,0.0,0.0,1.0
2025_09_BAL_MIA,BAL,MIA,Derrick Henry,00-0032764,RB,car,15.895,8.0,11.0,15.0,20.0,25.0
2025_09_BAL_MIA,BAL,MIA,Derrick Henry,00-0032764,RB,rush_yds,76.064,27.763,43.633,67.441,99.636,135.216
2025_09_BAL_MIA,BAL,MIA,Derrick Henry,00-0032764,RB,tgt,1.386,0.0,0.0,1.0,2.0,3.0
2025_09_BAL_MIA,BAL,MIA,Derrick Henry,00-0032764,RB,rec,1.068,0.0,0.0,1.0,2.0,3.0
2025_09_BAL_MIA,BAL,MIA,Derrick Henry,00-0032764,RB,rec_yds,8.757,0.0,0.0,3.162,12.947,26.135
2025_09_BAL_MIA,BAL,MIA,Derrick Henry,00-0032764,RB,anytime_td,0.52,0.0,0.0,1.0,1.0,1.0
2025_09_BAL_MIA,BAL,MIA,Isaiah Likely,00-0037838,TE,car,0.004,0.0,0.0,0.0,0.0,0.0
2025_09_BAL_MIA,BAL,MIA,Isaiah Likely,00-0037838,TE,rush_yds,0.009,0.0,0.0,0.0,0.0,0.0
2025_09_BAL_MIA,BAL,MIA,Isaiah Likely,00-0037838,TE,tgt,2.157,0.0,1.0,2.0,3.0,5.0
2025_09_BAL_MIA,BAL,MIA,Isaiah Likely,00-0037838,TE,rec,1.663,0.0,0.0,1.0,2.0,4.0
2025_09_BAL_MIA,BAL,MIA,Isaiah Likely,00-0037838,TE,rec_yds,17.857,0.0,0.0,12.371,27.185,43.737
2025_09_BAL_MIA,BAL,MIA,Isaiah Likely,00-0037838,TE,anytime_td,0.166,0.0,0.0,0.0,0.0,1.0
2025_09_BAL_MIA,BAL,MIA,Mark Andrews,00-0034753,TE,car,0.611,0.0,0.0,0.0,1.0,2.0
2025_09_BAL_MIA,BAL,MIA,Mark Andrews,00-0034753,TE,rush_yds,1.48,0.0,0.0,0.0,0.0,5.136
2025_09_BAL_MIA,BAL,MIA,Mark Andrews,00-0034753,TE,tgt,4.51,1.0,3.0,4.0,6.0,8.0
2025_09_BAL_MIA,BAL,MIA,Mark Andrews,00-0034753,TE,rec,3.502,1.0,2.0,3.0,5.0,6.0
2025_09_BAL_MIA,BAL,MIA,Mark Andrews,00-0034753,TE,rec_yds,37.269,5.658,15.835,32.407,52.913,75.07
2025_09_BAL_MIA,BAL,MIA,Mark Andrews,00-0034753,TE,anytime_td,0.286,0.0,0.0,0.0,1.0,1.0
2025_09_BAL_MIA,BAL,MIA,Charlie Kolar,00-0038046,TE,car,0.006,0.0,0.0,0.0,0.0,0.0
2025_09_BAL_MIA,BAL,MIA,Charlie Kolar,00-0038046,TE,rush_yds,0.013,0.0,0.0,0.0,0.0,0.0
2025_09_BAL_MIA,BAL,MIA,Charlie Kolar,00-0038046,TE,tgt,0.887,0.0,0.0,1.0,1.0,2.0
2025_09_BAL_MIA,BAL,MIA,Charlie Kolar,00-0038046,TE,rec,0.656,0.0,0.0,0.0,1.0,2.0
2025_09_BAL_MIA,BAL,MIA,Charlie Kolar,00-0038046,TE,rec_yds,7.267,0.0,0.0,0.0,10.454,24.176
2025_09_BAL_MIA,BAL,MIA,Charlie Kolar,00-0038046,TE,anytime_td,0.103,0.0,0.0,0.0,0.0,1.0
2025_09_BAL_MIA,BAL,MIA,DeAndre Hopkins,00-0030564,WR,car,0.017,0.0,0.0,0.0,0.0,0.0
2025_09_BAL_MIA,BAL,MIA,DeAndre Hopkins,00-0030564,WR,rush_yds,0.08,0.0,0.0,0.0,0.0,0.0
2025_09_BAL_MIA,BAL,MIA,DeAndre Hopkins,00-0030564,WR,tgt,2.266,0.0,1.0,2.0,3.0,5.0
2025_09_BAL_MIA,BAL,MIA,DeAndre Hopkins,00-0030564,WR,rec,1.515,0.0,0.0,1.0,2.0,3.0
2025_09_BAL_MIA,BAL,MIA,DeAndre Hopkins,00-0030564,WR,rec_yds,21.227,0.0,0.0,13.388,32.031,55.125
2025_09_BAL_MIA,BAL,MIA,DeAndre Hopkins,00-0030564,WR,anytime_td,0.178,0.0,0.0,0.0,0.0,1.0
2025_09_BAL_MIA,BAL,MIA,Justice Hill,00-0034975,RB,car,2.725,0.0,0.0,2.0,4.0,7.0
2025_09_BAL_MIA,BAL,MIA,Justice Hill,00-0034975,RB,rush_yds,13.095,0.0,0.0,6.15,18.783,35.992
2025_09_BAL_MIA,BAL,MIA,Justice Hill,00-0034975,RB,tgt,3.11,1.0,1.0,3.0,4.0,6.0
2025_09_BAL_MIA,BAL,MIA,Justice Hill,00-0034975,RB,rec,2.541,0.0,1.0,2.0,4.0,5.0
2025_09_BAL_MIA,BAL,MIA,Justice Hill,00-0034975,RB,rec_yds,20.437,0.0,5.339,15.254,29.996,47.257
2025_09_BAL_MIA,BAL,MIA,Justice Hill,00-0034975,RB,anytime_td,0.262,0.0,0.0,0.0,1.0,1.0
2025_09_BAL_MIA,BAL,MIA,Keaton Mitchell,00-0038454,RB,car,2.756,0.0,0.0,2.0,4.0,7.0
2025_09_BAL_MIA,BAL,MIA,Keaton Mitchell,00-0038454,RB,rush_yds,13.091,0.0,0.0,6.408,18.64,36.135
2025_09_BAL_MIA,BAL,MIA,Keaton Mitchell,00-0038454,RB,tgt,0.475,0.0,0.0,0.0,1.0,2.0
2025_09_BAL_MIA,BAL,MIA,Keaton Mitchell,00-0038454,RB,rec,0.388,0.0,0.0,0.0,1.0,1.0
2025_09_BAL_MIA,BAL,MIA,Keaton Mitchell,00-0038454,RB,rec_yds,3.139,0.0,0.0,0.0,1.049,11.458
2025_09_BAL_MIA,BAL,MIA,Keaton Mitchell,00-0038454,RB,anytime_td,0.065,0.0,0.0,0.0,0.0,0.0
2025_09_BAL_MIA,BAL,MIA,Tylan Wallace,00-0036630,WR,car,0.011,0.0,0.0,0.0,0.0,0.0
2025_09_BAL_MIA,BAL,MIA,Tylan Wallace,00-0036630,WR,rush_yds,0.067,0.0,0.0,0.0,0.0,0.0
2025_09_BAL_MIA,BAL,MIA,Tylan Wallace,00-0036630,WR,tgt,0.987,0.0,0.0,1.0,2.0,3.0
2025_09_BAL_MIA,BAL,MIA,Tylan Wallace,00-0036630,WR,rec,0.656,0.0,0.0,0.0,1.0,2.0
2025_09_BAL_MIA,BAL,MIA,Tylan Wallace,00-0036630,WR,rec_yds,8.908,0.0,0.0,0.0,12.445,28.609
2025_09_BAL_MIA,BAL,MIA,Tylan Wallace,00-0036630,WR,anytime_td,0.07,0.0,0.0,0.0,0.0,0.0
2025_09_ATL_NE,NE,ATL,Drake Maye,00-0039851,QB,att,26.901,17.0,23.0,28.0,32.0,36.0
2025_09_ATL_NE,NE,ATL,Drake Maye,00-0039851,QB,cmp,18.761,12.0,15.0,19.0,23.0,26.0
2025_09_ATL_NE,NE,ATL,Drake Maye,00-0039851,QB,pass_yds,219.458,128.986,173.043,219.291,269.992,315.85
2025_09_ATL_NE,NE,ATL,Drake Maye,00-0039851,QB,pass_td,1.787,0.0,1.0,2.0,3.0,3.0
2025_09_ATL_NE,NE,ATL,Drake Maye,00-0039851,QB,ints,0.558,0.0,0.0,0.0,1.0,2.0
2025_09_ATL_NE,NE,ATL,Drake Maye,00-0039851,QB,car,6.444,2.0,4.0,6.0,8.0,11.0
2025_09_ATL_NE,NE,ATL,Drake Maye,00-0039851,QB,rush_yds,33.214,6.214,15.792,28.798,46.158,65.201
2025_09_ATL_NE,NE,ATL,Drake Maye,00-0039851,QB,tgt,0.001,0.0,0.0,0.0,0.0,0.0
2025_09_ATL_NE,NE,ATL,Drake Maye,00-0039851,QB,rec,0.001,0.0,0.0,0.0,0.0,0.0
2025_09_ATL_NE,NE,ATL,Drake Maye,00-0039851,QB,rec_yds,0.005,0.0,0.0,0.0,0.0,0.0
2025_09_ATL_NE,NE,ATL,Drake Maye,00-0039851,QB,anytime_td,0.184,0.0,0.0,0.0,0.0,1.0
2025_09_ATL_NE,NE,ATL,TreVeyon Henderson,00-0040734,RB,car,13.358,6.0,9.0,13.0,17.0,21.0
2025_09_ATL_NE,NE,ATL,TreVeyon Henderson,00-0040734,RB,rush_yds,60.181,19.539,33.091,53.445,80.472,108.77
2025_09_ATL_NE,NE,ATL,TreVeyon Henderson,00-0040734,RB,tgt,2.03,0.0,1.0,2.0,3.0,4.0
2025_09_ATL_NE,NE,ATL,TreVeyon Henderson,00-0040734,RB,rec,1.657,0.0,0.0,1.0,2.0,4.0
2025_09_ATL_NE,NE,ATL,TreVeyon Henderson,00-0040734,RB,rec_yds,11.5,0.0,0.0,6.951,17.234,30.402
2025_09_ATL_NE,NE,ATL,TreVeyon Henderson,00-0040734,RB,anytime_td,0.172,0.0,0.0,0.0,0.0,1.0
2025_09_ATL_NE,NE,ATL,Hunter Henry,00-0033090,TE,car,0.002,0.0,0.0,0.0,0.0,0.0
2025_09_ATL_NE,NE,ATL,Hunter Henry,00-0033090,TE,rush_yds,0.005,0.0,0.0,0.0,0.0,0.0
2025_09_ATL_NE,NE,ATL,Hunter Henry,00-0033090,TE,tgt,4.321,1.0,2.0,4.0,6.0,8.0
2025_09_ATL_NE,NE,ATL,Hunter Henry,00-0033090,TE,rec,3.163,1.0,2.0,3.0,4.0,6.0
2025_09_ATL_NE,NE,ATL,Hunter Henry,00-0033090,TE,rec_yds,33.894,4.412,13.908,28.8,48.379,70.082
2025_09_ATL_NE,NE,ATL,Hunter Henry,00-0033090,TE,anytime_td,0.331,0.0,0.0,0.0,1.0,1.0
2025_09_ATL_NE,NE,ATL,Mack Hollins,00-0033555,WR,car,0.303,0.0,0.0,0.0,0.0,1.0
2025_09_ATL_NE,NE,ATL,Mack Hollins,00-0033555,WR,rush_yds,1.751,0.0,0.0,0.0,0.0,3.187
2025_09_ATL_NE,NE,ATL,Mack Hollins,00-0033555,WR,tgt,3.272,1.0,2.0,3.0,5.0,6.0
2025_09_ATL_NE,NE,ATL,Mack Hollins,00-0033555,WR,rec,2.375,0.0,1.0,2.0,3.0,5.0
2025_09_ATL_NE,NE,ATL,Mack Hollins,00-0033555,WR,rec_yds,29.873,0.0,8.309,22.938,44.264,67.829
2025_09_ATL_NE,NE,ATL,Mack Hollins,00-0033555,WR,anytime_td,0.199,0.0,0.0,0.0,0.0,1.0
2025_09_ATL_NE,NE,ATL,Stefon Diggs,00-0031588,WR,car,0.063,0.0,0.0,0.0,0.0,0.0
2025_09_ATL_NE,NE,ATL,Stefon Diggs,00-0031588,WR,rush_yds,0.361,0.0,0.0,0.0,0.0,0.0
2025_09_ATL_NE,NE,ATL,Stefon Diggs,00-0031588,WR,tgt,6.725,3.0,4.0,6.0,9.0,11.0
2025_09_ATL_NE,NE,ATL,Stefon Diggs,00-0031588,WR,rec,5.011,2.0,3.0,5.0,7.0,9.0
2025_09_ATL_NE,NE,ATL,Stefon Diggs,00-0031588,WR,rec_yds,58.733,16.386,30.652,53.433,80.128,108.452
2025_09_ATL_NE,NE,ATL,Stefon Diggs,00-0031588,WR,anytime_td,0.258,0.0,0.0,0.0,1.0,1.0
2025_09_ATL_NE,NE,ATL,Austin Hooper,00-0032392,TE,car,0.003,0.0,0.0,0.0,0.0,0.0
2025_09_ATL_NE,NE,ATL,Austin Hooper,00-0032392,TE,rush_yds,0.01,0.0,0.0,0.0,0.0,0.0
2025_09_ATL_NE,NE,ATL,Austin Hooper,00-0032392,TE,tgt,2.038,0.0,1.0,2.0,3.0,4.0
2025_09_ATL_NE,NE,ATL,Austin Hooper,00-0032392,TE,rec,1.586,0.0,0.0,1.0,2.0,4.0
2025_09_ATL_NE,NE,ATL,Austin Hooper,00-0032392,TE,rec_yds,16.952,0.0,0.0,11.043,25.489,43.923
2025_09_ATL_NE,NE,ATL,Austin Hooper,00-0032392,TE,anytime_td,0.148,0.0,0.0,0.0,0.0,1.0
2025_09_ATL_NE,NE,ATL,Kyle Williams,00-0040131,WR,car,0.227,0.0,0.0,0.0,0.0,1.0
2025_09_ATL_NE,NE,ATL,Kyle Williams,00-0040131,WR,rush_yds,1.327,0.0,0.0,0.0,0.0,0.0
2025_09_ATL_NE,NE,ATL,Kyle Williams,00-0040131,WR,tgt,0.838,0.0,0.0,0.0,1.0,2.0
2025_09_ATL_NE,NE,ATL,Kyle Williams,00-0040131,WR,rec,0.522,0.0,0.0,0.0,1.0,2.0
2025_09_ATL_NE,NE,ATL,Kyle Williams,00-0040131,WR,rec_yds,6.439,0.0,0.0,0.0,8.46,22.129
2025_09_ATL_NE,NE,ATL,Kyle Williams,00-0040131,WR,anytime_td,0.012,0.0,0.0,0.0,0.0,0.0
2025_09_ATL_NE,NE,ATL,Kayshon Boutte,00-0038608,WR,car,0.014,0.0,0.0,0.0,0.0,0.0
2025_09_ATL_NE,NE,ATL,Kayshon Boutte,00-0038608,WR,rush_yds,0.096,0.0,0.0,0.0,0.0,0.0
2025_09_ATL_NE,NE,ATL,Kayshon Boutte,00-0038608,WR,tgt,4.224,1.0,2.0,4.0,6.0,8.0
2025_09_ATL_NE,NE,ATL,Kayshon Boutte,00-0038608,WR,rec,2.941,1.0,1.0,3.0,4.0,6.0
2025_09_ATL_NE,NE,ATL,Kayshon Boutte,00-0038608,WR,rec_yds,43.693,3.604,17.119,36.311,62.924,92.004
2025_09_ATL_NE,NE,ATL,Kayshon Boutte,00-0038608,WR,anytime_td,0.377,0.0,0.0,0.0,1.0,1.0
2025_09_ATL_NE,NE,ATL,Terrell Jennings,00-0039757,RB,car,7.56,2.0,4.0,7.0,10.0,14.0
2025_09_ATL_NE,NE,ATL,Terrell Jennings,00-0039757,RB,rush_yds,32.726,4.451,12.373,26.471,45.768,70.016
2025_09_ATL_NE,NE,ATL,Terrell Jennings,00-0039757,RB,tgt,0.299,0.0,0.0,0.0,0.0,1.0
2025_09_ATL_NE,NE,ATL,Terrell Jennings,00-0039757,RB,rec,0.24,0.0,0.0,0.0,0.0,1.0
2025_09_ATL_NE,NE,ATL,Terrell Jennings,00-0039757,RB,rec_yds,1.658,0.0,0.0,0.0,0.0,6.272
2025_09_ATL_NE,NE,ATL,Terrell Jennings,00-0039757,RB,anytime_td,0.096,0.0,0.0,0.0,0.0,0.0
2025_09_ATL_NE,NE,ATL,DeMario Douglas,00-0038621,WR,car,0.851,0.0,0.0,0.0,1.0,3.0
2025_09_ATL_NE,NE,ATL,DeMario Douglas,00-0038621,WR,rush_yds,4.744,0.0,0.0,0.0,3.335,16.817
2025_09_ATL_NE,NE,ATL,DeMario Douglas,00-0038621,WR,tgt,3.335,1.0,2.0,3.0,5.0,6.0
2025_09_ATL_NE,NE,ATL,DeMario Douglas,00-0038621,WR,rec,2.237,0.0,1.0,2.0,3.0,5.0
2025_09_ATL_NE,NE,ATL,DeMario Douglas,00-0038621,WR,rec_yds,27.821,0.0,7.423,20.935,41.063,63.523
2025_09_ATL_NE,NE,ATL,DeMario Douglas,00-0038621,WR,anytime_td,0.217,0.0,0.0,0.0,0.0,1.0
2025_09_ATL_NE,ATL,NE,Michael Penix Jr.,00-0039917,QB,att,31.123,21.0,27.0,32.0,37.0,42.0
2025_09_ATL_NE,ATL,NE,Michael Penix Jr.,00-0039917,QB,cmp,20.134,13.0,17.0,20.0,24.0,28.0
2025_09_ATL_NE,ATL,NE,Michael Penix Jr.,00-0039917,QB,pass_yds,209.231,123.923,166.017,208.875,256.569,299.293
2025_09_ATL_NE,ATL,NE,Michael Penix Jr.,00-0039917,QB,pass_td,0.989,0.0,0.0,1.0,2.0,2.0
2025_09_ATL_NE,ATL,NE,Michael Penix Jr.,00-0039917,QB,ints,0.706,0.0,0.0,0.0,1.0,2.0
2025_09_ATL_NE,ATL,NE,Michael Penix Jr.,00-0039917,QB,car,2.152,0.0,1.0,2.0,3.0,4.0
2025_09_ATL_NE,ATL,NE,Michael Penix Jr.,00-0039917,QB,rush_yds,10.531,-0.084,0.0,7.157,15.976,27.221
2025_09_ATL_NE,ATL,NE,Michael Penix Jr.,00-0039917,QB,tgt,0.0,0.0,0.0,0.0,0.0,0.0
2025_09_ATL_NE,ATL,NE,Michael Penix Jr.,00-0039917,QB,rec,0.0,0.0,0.0,0.0,0.0,0.0
2025_09_ATL_NE,ATL,NE,Michael Penix Jr.,00-0039917,QB,rec_yds,0.001,0.0,0.0,0.0,0.0,0.0
2025_09_ATL_NE,ATL,NE,Michael Penix Jr.,00-0039917,QB,anytime_td,0.107,0.0,0.0,0.0,0.0,1.0
2025_09_ATL_NE,ATL,NE,Darnell Mooney,00-0036309,WR,car,0.01,0.0,0.0,0.0,0.0,0.0
2025_09_ATL_NE,ATL,NE,Darnell Mooney,00-0036309,WR,rush_yds,0.045,0.0,0.0,0.0,0.0,0.0
2025_09_ATL_NE,ATL,NE,Darnell Mooney,00-0036309,WR,tgt,5.079,2.0,3.0,5.0,7.0,9.0
2025_09_ATL_NE,ATL,NE,Darnell Mooney,00-0036309,WR,rec,2.92,1.0,1.0,3.0,4.0,6.0
2025_09_ATL_NE,ATL,NE,Darnell Mooney,00-0036309,WR,rec_yds,36.553,3.916,14.16,30.307,52.16,77.131
2025_09_ATL_NE,ATL,NE,Darnell Mooney,00-0036309,WR,anytime_td,0.129,0.0,0.0,0.0,0.0,1.0
2025_09_ATL_NE,ATL,NE,Drake London,00-0037238,WR,car,0.015,0.0,0.0,0.0,0.0,0.0
2025_09_ATL_NE,ATL,NE,Drake London,00-0037238,WR,rush_yds,0.065,0.0,0.0,0.0,0.0,0.0
2025_09_ATL_NE,ATL,NE,Drake London,00-0037238,WR,tgt,10.019,5.0,7.0,10.0,13.0,15.0
2025_09_ATL_NE,ATL,NE,Drake London,00-0037238,WR,rec,6.15,3.0,4.0,6.0,8.0,10.0
2025_09_ATL_NE,ATL,NE,Drake London,00-0037238,WR,rec_yds,73.497,24.338,42.479,67.73,98.215,131.999
2025_09_ATL_NE,ATL,NE,Drake London,00-0037238,WR,anytime_td,0.31,0.0,0.0,0.0,1.0,1.0
2025_09_ATL_NE,ATL,NE,Bijan Robinson,00-0038542,RB,car,15.062,8.0,11.0,15.0,19.0,23.0
2025_09_ATL_NE,ATL,NE,Bijan Robinson,00-0038542,RB,rush_yds,62.765,21.869,36.336,55.546,82.51,112.092
2025_09_ATL_NE,ATL,NE,Bijan Robinson,00-0038542,RB,tgt,5.603,2.0,3.0,5.0,7.0,10.0
2025_09_ATL_NE,ATL,NE,Bijan Robinson,00-0038542,RB,rec,4.406,1.0,3.0,4.0,6.0,8.0
2025_09_ATL_NE,ATL,NE,Bijan Robinson,00-0038542,RB,rec_yds,37.612,6.299,16.296,32.144,52.332,75.363
2025_09_ATL_NE,ATL,NE,Bijan Robinson,00-0038542,RB,anytime_td,0.445,0.0,0.0,0.0,1.0,1.0
2025_09_ATL_NE,ATL,NE,Kyle Pitts,00-0036970,TE,car,0.003,0.0,0.0,0.0,0.0,0.0
2025_09_ATL_NE,ATL,NE,Kyle Pitts,00-0036970,TE,rush_yds,0.003,0.0,0.0,0.0,0.0,0.0
2025_09_ATL_NE,ATL,NE,Kyle Pitts,00-0036970,TE,tgt,6.455,3.0,4.0,6.0,8.0,11.0
2025_09_ATL_NE,ATL,NE,Kyle Pitts,00-0036970,TE,rec,4.925,2.0,3.0,5.0,6.0,8.0
2025_09_ATL_NE,ATL,NE,Kyle Pitts,00-0036970,TE,rec_yds,43.961,11.779,23.673,39.405,59.368,81.138
2025_09_ATL_NE,ATL,NE,Kyle Pitts,00-0036970,TE,anytime_td,0.181,0.0,0.0,0.0,0.0,1.0
2025_09_ATL_NE,ATL,NE,David Sills,00-0035359,WR,car,0.011,0.0,0.0,0.0,0.0,0.0
2025_09_ATL_NE,ATL,NE,David Sills,00-0035359,WR,rush_yds,0.052,0.0,0.0,0.0,0.0,0.0
2025_09_ATL_NE,ATL,NE,David Sills,00-0035359,WR,tgt,0.946,0.0,0.0,1.0,1.0,3.0
2025_09_ATL_NE,ATL,NE,David Sills,00-0035359,WR,rec,0.598,0.0,0.0,0.0,1.0,2.0
2025_09_ATL_NE,ATL,NE,David Sills,00-0035359,WR,rec_yds,6.874,0.0,0.0,0.0,9.235,23.25
2025_09_ATL_NE,ATL,NE,David Sills,00-0035359,WR,anytime_td,0.013,0.0,0.0,0.0,0.0,0.0
2025_09_ATL_NE,ATL,NE,Tyler Allgeier,00-0037263,RB,car,7.808,2.0,4.0,7.0,11.0,14.0
2025_09_ATL_NE,ATL,NE,Tyler Allgeier,00-0037263,RB,rush_yds,27.686,4.379,11.106,22.284,37.601,57.834
2025_09_ATL_NE,ATL,NE,Tyler Allgeier,00-0037263,RB,tgt,0.929,0.0,0.0,1.0,1.0,3.0
2025_09_ATL_NE,ATL,NE,Tyler Allgeier,00-0037263,RB,rec,0.741,0.0,0.0,0.0,1.0,2.0
2025_09_ATL_NE,ATL,NE,Tyler Allgeier,00-0037263,RB,rec_yds,4.931,0.0,0.0,0.0,6.735,16.016
2025_09_ATL_NE,ATL,NE,Tyler Allgeier,00-0037263,RB,anytime_td,0.297,0.0,0.0,0.0,1.0,1.0
2025_09_ATL_NE,ATL,NE,KhaDarel Hodge,00-0034854,WR,car,0.014,0.0,0.0,0.0,0.0,0.0
2025_09_ATL_NE,ATL,NE,KhaDarel Hodge,00-0034854,WR,rush_yds,0.058,0.0,0.0,0.0,0.0,0.0
2025_09_ATL_NE,ATL,NE,KhaDarel Hodge,00-0034854,WR,tgt,1.784,0.0,1.0,1.0,3.0,4.0
2025_09_ATL_NE,ATL,NE,KhaDarel Hodge,00-0034854,WR,rec,1.033,0.0,0.0,1.0,2.0,3.0
2025_09_ATL_NE,ATL,NE,KhaDarel Hodge,00-0034854,WR,rec_yds,12.24,0.0,0.0,5.864,18.421,35.621
2025_09_ATL_NE,ATL,NE,KhaDarel Hodge,00-0034854,WR,anytime_td,0.039,0.0,0.0,0.0,0.0,0.0
2025_09_ATL_NE,ATL,NE,Dylan Drummond,00-0038953,WR,car,0.04,0.0,0.0,0.0,0.0,0.0
2025_09_ATL_NE,ATL,NE,Dylan Drummond,00-0038953,WR,rush_yds,0.21,0.0,0.0,0.0,0.0,0.0
2025_09_ATL_NE,ATL,NE,Dylan Drummond,00-0038953,WR,tgt,0.501,0.0,0.0,0.0,1.0,2.0
2025_09_ATL_NE,ATL,NE,Dylan Drummond,00-0038953,WR,rec,0.32,0.0,0.0,0.0,0.0,1.0
2025_09_ATL_NE,ATL,NE,Dylan Drummond,00-0038953,WR,rec_yds,3.826,0.0,0.0,0.0,0.0,13.744
2025_09_ATL_NE,ATL,NE,Dylan Drummond,00-0038953,WR,anytime_td,0.012,0.0,0.0,0.0,0.0,0.0
2025_09_CAR_GB,GB,CAR,Jordan Love,00-0036264,QB,att,28.146,18.0,24.0,29.0,34.0,38.0
2025_09_CAR_GB,GB,CAR,Jordan Love,00-0036264,QB,cmp,19.408,12.0,16.0,20.0,24.0,27.0
2025_09_CAR_GB,GB,CAR,Jordan Love,00-0036264,QB,pass_yds,229.881,132.242,181.788,230.034,283.277,330.743
2025_09_CAR_GB,GB,CAR,Jordan Love,00-0036264,QB,pass_td,1.732,0.0,1.0,2.0,2.0,3.0
2025_09_CAR_GB,GB,CAR,Jordan Love,00-0036264,QB,ints,0.515,0.0,0.0,0.0,1.0,2.0
2025_09_CAR_GB,GB,CAR,Jordan Love,00-0036264,QB,car,3.194,1.0,2.0,3.0,4.0,6.0
2025_09_CAR_GB,GB,CAR,Jordan Love,00-0036264,QB,rush_yds,12.706,-1.0,0.962,8.861,19.722,32.591
2025_09_CAR_GB,GB,CAR,Jordan Love,00-0036264,QB,tgt,0.001,0.0,0.0,0.0,0.0,0.0
2025_09_CAR_GB,GB,CAR,Jordan Love,00-0036264,QB,rec,0.001,0.0,0.0,0.0,0.0,0.0
2025_09_CAR_GB,GB,CAR,Jordan Love,00-0036264,QB,rec_yds,0.006,0.0,0.0,0.0,0.0,0.0
2025_09_CAR_GB,GB,CAR,Jordan Love,00-0036264,QB,anytime_td,0.042,0.0,0.0,0.0,0.0,0.0
2025_09_CAR_GB,GB,CAR,Romeo Doubs,00-0037816,WR,car,0.016,0.0,0.0,0.0,0.0,0.0
2025_09_CAR_GB,GB,CAR,Romeo Doubs,00-0037816,WR,rush_yds,0.087,0.0,0.0,0.0,0.0,0.0
2025_09_CAR_GB,GB,CAR,Romeo Doubs,00-0037816,WR,tgt,5.967,2.0,4.0,6.0,8.0,10.0
2025_09_CAR_GB,GB,CAR,Romeo Doubs,00-0037816,WR,rec,3.885,1.0,2.0,4.0,5.0,7.0
2025_09_CAR_GB,GB,CAR,Romeo Doubs,00-0037816,WR,rec_yds,49.557,9.779,22.99,42.776,70.188,98.115
2025_09_CAR_GB,GB,CAR,Romeo Doubs,00-0037816,WR,anytime_td,0.375,0.0,0.0,0.0,1.0,1.0
2025_09_CAR_GB,GB,CAR,Christian Watson,00-0038124,WR,car,0.262,0.0,0.0,0.0,0.0,1.0
2025_09_CAR_GB,GB,CAR,Christian Watson,00-0038124,WR,rush_yds,1.685,0.0,0.0,0.0,0.0,1.083
2025_09_CAR_GB,GB,CAR,Christian Watson,00-0038124,WR,tgt,3.56,1.0,2.0,3.0,5.0,7.0
2025_09_CAR_GB,GB,CAR,Christian Watson,00-0038124,WR,rec,2.335,0.0,1.0,2.0,3.0,5.0
2025_09_CAR_GB,GB,CAR,Christian Watson,00-0038124,WR,rec_yds,35.051,0.0,9.84,26.921,51.911,80.129
2025_09_CAR_GB,GB,CAR,Christian Watson,00-0038124,WR,anytime_td,0.128,0.0,0.0,0.0,0.0,1.0
2025_09_CAR_GB,GB,CAR,Josh Jacobs,00-0035700,RB,car,17.054,9.0,12.0,16.0,21.0,26.0
2025_09_CAR_GB,GB,CAR,Josh Jacobs,00-0035700,RB,rush_yds,77.365,29.548,46.174,69.462,100.702,136.988
2025_09_CAR_GB,GB,CAR,Josh Jacobs,00-0035700,RB,tgt,3.137,1.0,1.0,3.0,4.0,6.0
2025_09_CAR_GB,GB,CAR,Josh Jacobs,00-0035700,RB,rec,2.603,0.0,1.0,2.0,4.0,5.0
2025_09_CAR_GB,GB,CAR,Josh Jacobs,00-0035700,RB,rec_yds,22.107,0.0,5.629,16.512,32.28,51.146
2025_09_CAR_GB,GB,CAR,Josh Jacobs,00-0035700,RB,anytime_td,0.7,0.0,0.0,1.0,1.0,1.0
2025_09_CAR_GB,GB,CAR,Tucker Kraft,00-0038996,TE,car,0.146,0.0,0.0,0.0,0.0,0.0
2025_09_CAR_GB,GB,CAR,Tucker Kraft,00-0038996,TE,rush_yds,0.411,0.0,0.0,0.0,0.0,0.0
2025_09_CAR_GB,GB,CAR,Tucker Kraft,00-0038996,TE,tgt,5.722,2.0,4.0,5.0,8.0,10.0
2025_09_CAR_GB,GB,CAR,Tucker Kraft,00-0038996,TE,rec,4.25,1.0,2.0,4.0,6.0,7.0
2025_09_CAR_GB,GB,CAR,Tucker Kraft,00-0038996,TE,rec_yds,55.211,12.111,26.567,49.275,76.381,106.8
2025_09_CAR_GB,GB,CAR,Tucker Kraft,00-0038996,TE,anytime_td,0.481,0.0,0.0,0.0,1.0,1.0
2025_09_CAR_GB,GB,CAR,Luke Musgrave,00-0039144,TE,car,0.004,0.0,0.0,0.0,0.0,0.0
2025_09_CAR_GB,GB,CAR,Luke Musgrave,00-0039144,TE,rush_yds,0.021,0.0,0.0,0.0,0.0,0.0
2025_09_CAR_GB,GB,CAR,Luke Musgrave,00-0039144,TE,tgt,1.083,0.0,0.0,1.0,2.0,3.0
2025_09_CAR_GB,GB,CAR,Luke Musgrave,00-0039144,TE,rec,0.808,0.0,0.0,0.0,1.0,2.0
2025_09_CAR_GB,GB,CAR,Luke Musgrave,00-0039144,TE,rec_yds,8.544,0.0,0.0,0.0,12.656,26.088
2025_09_CAR_GB,GB,CAR,Luke Musgrave,00-0039144,TE,anytime_td,0.028,0.0,0.0,0.0,0.0,0.0
2025_09_CAR_GB,GB,CAR,Malik Heath,00-0038465,WR,car,0.005,0.0,0.0,0.0,0.0,0.0
2025_09_CAR_GB,GB,CAR,Malik Heath,00-0038465,WR,rush_yds,0.027,0.0,0.0,0.0,0.0,0.0
2025_09_CAR_GB,GB,CAR,Malik Heath,00-0038465,WR,tgt,1.131,0.0,0.0,1.0,2.0,3.0
2025_09_CAR_GB,GB,CAR,Malik Heath,00-0038465,WR,rec,0.771,0.0,0.0,0.0,1.0,2.0
2025_09_CAR_GB,GB,CAR,Malik Heath,00-0038465,WR,rec_yds,9.982,0.0,0.0,0.0,14.412,31.13
2025_09_CAR_GB,GB,CAR,Malik Heath,00-0038465,WR,anytime_td,0.048,0.0,0.0,0.0,0.0,0.0
2025_09_CAR_GB,GB,CAR,Matthew Golden,00-0040667,WR,car,0.951,0.0,0.0,0.0,1.0,3.0
2025_09_CAR_GB,GB,CAR,Matthew Golden,00-0040667,WR,rush_yds,6.027,0.0,0.0,0.0,5.088,20.483
2025_09_CAR_GB,GB,CAR,Matthew Golden,00-0040667,WR,tgt,3.697,1.0,2.0,3.0,5.0,7.0
2025_09_CAR_GB,GB,CAR,Matthew Golden,00-0040667,WR,rec,2.644,0.0,1.0,2.0,4.0,5.0
2025_09_CAR_GB,GB,CAR,Matthew Golden,00-0040667,WR,rec_yds,32.889,0.0,10.65,26.282,47.772,72.379
2025_09_CAR_GB,GB,CAR,Matthew Golden,00-0040667,WR,anytime_td,0.073,0.0,0.0,0.0,0.0,0.0
2025_09_CAR_GB,GB,CAR,Emanuel Wilson,00-0038797,RB,car,5.939,1.0,3.0,5.0,8.0,12.0
2025_09_CAR_GB,GB,CAR,Emanuel Wilson,00-0038797,RB,rush_yds,29.416,1.18,8.417,21.186,41.338,68.245
2025_09_CAR_GB,GB,CAR,Emanuel Wilson,00-0038797,RB,tgt,1.464,0.0,0.0,1.0,2.0,4.0
2025_09_CAR_GB,GB,CAR,Emanuel Wilson,00-0038797,RB,rec,1.183,0.0,0.0,1.0,2.0,3.0
2025_09_CAR_GB,GB,CAR,Emanuel Wilson,00-0038797,RB,rec_yds,9.041,0.0,0.0,4.126,13.526,25.76
2025_09_CAR_GB,GB,CAR,Emanuel Wilson,00-0038797,RB,anytime_td,0.18,0.0,0.0,0.0,0.0,1.0
2025_09_CAR_GB,GB,CAR,Savion Williams,00-0040009,WR,car,0.966,0.0,0.0,0.0,1.0,3.0
2025_09_CAR_GB,GB,CAR,Savion Williams,00-0040009,WR,rush_yds,6.05,0.0,0.0,0.0,4.891,21.248
2025_09_CAR_GB,GB,CAR,Savion Williams,00-0040009,WR,tgt,0.793,0.0,0.0,0.0,1.0,2.0
2025_09_CAR_GB,GB,CAR,Savion Williams,00-0040009,WR,rec,0.542,0.0,0.0,0.0,1.0,2.0
2025_09_CAR_GB,GB,CAR,Savion Williams,00-0040009,WR,rec_yds,6.684,0.0,0.0,0.0,8.554,22.712
2025_09_CAR_GB,GB,CAR,Savion Williams,00-0040009,WR,anytime_td,0.121,0.0,0.0,0.0,0.0,1.0
2025_09_CAR_GB,GB,CAR,John FitzPatrick,00-0037306,TE,car,0.002,0.0,0.0,0.0,0.0,0.0
2025_09_CAR_GB,GB,CAR,John FitzPatrick,00-0037306,TE,rush_yds,0.01,0.0,0.0,0.0,0.0,0.0
2025_09_CAR_GB,GB,CAR,John FitzPatrick,00-0037306,TE,tgt,0.646,0.0,0.0,0.0,1.0,2.0
2025_09_CAR_GB,GB,CAR,John FitzPatrick,00-0037306,TE,rec,0.496,0.0,0.0,0.0,1.0,2.0
2025_09_CAR_GB,GB,CAR,John FitzPatrick,00-0037306,TE,rec_yds,5.004,0.0,0.0,0.0,6.382,17.403
2025_09_CAR_GB,GB,CAR,John FitzPatrick,00-0037306,TE,anytime_td,0.072,0.0,0.0,0.0,0.0,0.0
2025_09_CAR_GB,GB,CAR,Chris Brooks,00-0038685,RB,car,0.927,0.0,0.0,0.0,1.0,3.0
2025_09_CAR_GB,GB,CAR,Chris Brooks,00-0038685,RB,rush_yds,4.363,0.0,0.0,0.0,4.094,14.937
2025_09_CAR_GB,GB,CAR,Chris Brooks,00-0038685,RB,tgt,0.956,0.0,0.0,1.0,1.0,3.0
2025_09_CAR_GB,GB,CAR,Chris Brooks,00-0038685,RB,rec,0.759,0.0,0.0,0.0,1.0,2.0
2025_09_CAR_GB,GB,CAR,Chris Brooks,00-0038685,RB,rec_yds,5.651,0.0,0.0,0.0,8.373,18.353
2025_09_CAR_GB,GB,CAR,Chris Brooks,00-0038685,RB,anytime_td,0.042,0.0,0.0,0.0,0.0,0.0
2025_09_CAR_GB,GB,CAR,Bo Melton,00-0037091,WR,car,0.329,0.0,0.0,0.0,0.0,1.0
2025_09_CAR_GB,GB,CAR,Bo Melton,00-0037091,WR,rush_yds,2.222,0.0,0.0,0.0,0.0,4.623
2025_09_CAR_GB,GB,CAR,Bo Melton,00-0037091,WR,tgt,0.724,0.0,0.0,0.0,1.0,2.0
2025_09_CAR_GB,GB,CAR,Bo Melton,00-0037091,WR,rec,0.464,0.0,0.0,0.0,1.0,1.0
2025_09_CAR_GB,GB,CAR,Bo Melton,00-0037091,WR,rec_yds,5.915,0.0,0.0,0.0,6.626,20.236
2025_09_CAR_GB,GB,CAR,Bo Melton,00-0037091,WR,anytime_td,0.025,0.0,0.0,0.0,0.0,0.0
2025_09_CAR_GB,CAR,GB,Bryce Young,00-0039150,QB,att,30.731,21.0,26.0,31.0,37.0,41.0
2025_09_CAR_GB,CAR,GB,Bryce Young,00-0039150,QB,cmp,19.64,12.0,16.0,20.0,24.0,27.0
2025_09_CAR_GB,CAR,GB,Bryce Young,00-0039150,QB,pass_yds,187.074,111.073,146.859,186.303,227.822,270.747
2025_09_CAR_GB,CAR,GB,Bryce Young,00-0039150,QB,pass_td,0.921,0.0,0.0,1.0,2.0,2.0
2025_09_CAR_GB,CAR,GB,Bryce Young,00-0039150,QB,ints,0.653,0.0,0.0,0.0,1.0,2.0
2025_09_CAR_GB,CAR,GB,Bryce Young,00-0039150,QB,car,2.197,0.0,1.0,2.0,3.0,5.0
2025_09_CAR_GB,CAR,GB,Bryce Young,00-0039150,QB,rush_yds,12.564,0.0,0.957,8.614,19.141,30.626
2025_09_CAR_GB,CAR,GB,Bryce Young,00-0039150,QB,tgt,0.0,0.0,0.0,0.0,0.0,0.0
2025_09_CAR_GB,CAR,GB,Bryce Young,00-0039150,QB,rec,0.0,0.0,0.0,0.0,0.0,0.0
2025_09_CAR_GB,CAR,GB,Bryce Young,00-0039150,QB,rec_yds,0.001,0.0,0.0,0.0,0.0,0.0
2025_09_CAR_GB,CAR,GB,Bryce Young,00-0039150,QB,anytime_td,0.103,0.0,0.0,0.0,0.0,1.0
2025_09_CAR_GB,CAR,GB,Tetairoa McMillan,00-0040124,WR,car,0.007,0.0,0.0,0.0,0.0,0.0
2025_09_CAR_GB,CAR,GB,Tetairoa McMillan,00-0040124,WR,rush_yds,0.031,0.0,0.0,0.0,0.0,0.0
2025_09_CAR_GB,CAR,GB,Tetairoa McMillan,00-0040124,WR,tgt,7.129,3.0,5.0,7.0,9.0,12.0
2025_09_CAR_GB,CAR,GB,Tetairoa McMillan,00-0040124,WR,rec,4.367,1.0,3.0,4.0,6.0,8.0
2025_09_CAR_GB,CAR,GB,Tetairoa McMillan,00-0040124,WR,rec_yds,50.072,11.608,24.278,44.409,69.191,95.31
2025_09_CAR_GB,CAR,GB,Tetairoa McMillan,00-0040124,WR,anytime_td,0.176,0.0,0.0,0.0,0.0,1.0
2025_09_CAR_GB,CAR,GB,Rico Dowdle,00-0036139,RB,car,9.887,4.0,6.0,9.0,13.0,17.0
2025_09_CAR_GB,CAR,GB,Rico Dowdle,00-0036139,RB,rush_yds,42.476,10.232,19.887,35.492,57.52,83.077
2025_09_CAR_GB,CAR,GB,Rico Dowdle,00-0036139,RB,tgt,2.029,0.0,1.0,2.0,3.0,4.0
2025_09_CAR_GB,CAR,GB,Rico Dowdle,00-0036139,RB,rec,1.557,0.0,0.0,1.0,2.0,4.0
2025_09_CAR_GB,CAR,GB,Rico Dowdle,00-0036139,RB,rec_yds,10.773,0.0,0.0,6.516,16.017,28.824
2025_09_CAR_GB,CAR,GB,Rico Dowdle,00-0036139,RB,anytime_td,0.25,0.0,0.0,0.0,1.0,1.0
2025_09_CAR_GB,CAR,GB,Jalen Coker,00-0039491,WR,car,0.009,0.0,0.0,0.0,0.0,0.0
2025_09_CAR_GB,CAR,GB,Jalen Coker,00-0039491,WR,rush_yds,0.037,0.0,0.0,0.0,0.0,0.0
2025_09_CAR_GB,CAR,GB,Jalen Coker,00-0039491,WR,tgt,3.781,1.0,2.0,3.0,5.0,7.0
2025_09_CAR_GB,CAR,GB,Jalen Coker,00-0039491,WR,rec,2.383,0.0,1.0,2.0,3.0,5.0
2025_09_CAR_GB,CAR,GB,Jalen Coker,00-0039491,WR,rec_yds,26.705,0.0,7.572,20.896,39.523,59.853
2025_09_CAR_GB,CAR,GB,Jalen Coker,00-0039491,WR,anytime_td,0.096,0.0,0.0,0.0,0.0,0.0
2025_09_CAR_GB,CAR,GB,Tommy Tremble,00-0037005,TE,car,0.005,0.0,0.0,0.0,0.0,0.0
2025_09_CAR_GB,CAR,GB,Tommy Tremble,00-0037005,TE,rush_yds,0.012,0.0,0.0,0.0,0.0,0.0
2025_09_CAR_GB,CAR,GB,Tommy Tremble,00-0037005,TE,tgt,2.544,0.0,1.0,2.0,4.0,5.0
2025_09_CAR_GB,CAR,GB,Tommy Tremble,00-0037005,TE,rec,1.868,0.0,1.0,2.0,3.0,4.0
2025_09_CAR_GB,CAR,GB,Tommy Tremble,00-0037005,TE,rec_yds,15.624,0.0,2.136,11.088,23.438,37.81
2025_09_CAR_GB,CAR,GB,Tommy Tremble,00-0037005,TE,anytime_td,0.081,0.0,0.0,0.0,0.0,0.0
2025_09_CAR_GB,CAR,GB,Xavier Legette,00-0039342,WR,car,0.133,0.0,0.0,0.0,0.0,0.0
2025_09_CAR_GB,CAR,GB,Xavier Legette,00-0039342,WR,rush_yds,0.694,0.0,0.0,0.0,0.0,0.0
2025_09_CAR_GB,CAR,GB,Xavier Legette,00-0039342,WR,tgt,5.042,2.0,3.0,5.0,7.0,9.0
2025_09_CAR_GB,CAR,GB,Xavier Legette,00-0039342,WR,rec,3.114,1.0,2.0,3.0,4.0,6.0
2025_09_CAR_GB,CAR,GB,Xavier Legette,00-0039342,WR,rec_yds,30.671,3.48,11.979,25.45,43.516,64.661
2025_09_CAR_GB,CAR,GB,Xavier Legette,00-0039342,WR,anytime_td,0.163,0.0,0.0,0.0,0.0,1.0
2025_09_CAR_GB,CAR,GB,Ja'Tavion Sanders,00-0039356,TE,car,0.005,0.0,0.0,0.0,0.0,0.0
2025_09_CAR_GB,CAR,GB,Ja'Tavion Sanders,00-0039356,TE,rush_yds,0.01,0.0,0.0,0.0,0.0,0.0
2025_09_CAR_GB,CAR,GB,Ja'Tavion Sanders,00-0039356,TE,tgt,3.084,1.0,1.0,3.0,4.0,6.0
2025_09_CAR_GB,CAR,GB,Ja'Tavion Sanders,00-0039356,TE,rec,2.209,0.0,1.0,2.0,3.0,5.0
2025_09_CAR_GB,CAR,GB,Ja'Tavion Sanders,00-0039356,TE,rec_yds,18.951,0.0,5.286,14.597,27.782,44.035
2025_09_CAR_GB,CAR,GB,Ja'Tavion Sanders,00-0039356,TE,anytime_td,0.052,0.0,0.0,0.0,0.0,0.0
2025_09_CAR_GB,CAR,GB,Mitchell Evans,00-0040187,TE,car,0.003,0.0,0.0,0.0,0.0,0.0
2025_09_CAR_GB,CAR,GB,Mitchell Evans,00-0040187,TE,rush_yds,0.007,0.0,0.0,0.0,0.0,0.0
2025_09_CAR_GB,CAR,GB,Mitchell Evans,00-0040187,TE,tgt,1.405,0.0,0.0,1.0,2.0,3.0
2025_09_CAR_GB,CAR,GB,Mitchell Evans,00-0040187,TE,rec,1.016,0.0,0.0,1.0,2.0,3.0
2025_09_CAR_GB,CAR,GB,Mitchell Evans,00-0040187,TE,rec_yds,9.301,0.0,0.0,3.931,14.157,26.986
2025_09_CAR_GB,CAR,GB,Mitchell Evans,00-0040187,TE,anytime_td,0.094,0.0,0.0,0.0,0.0,0.0
2025_09_CAR_GB,CAR,GB,Brycen Tremayne,00-0038840,WR,car,0.006,0.0,0.0,0.0,0.0,0.0
2025_09_CAR_GB,CAR,GB,Brycen Tremayne,00-0038840,WR,rush_yds,0.027,0.0,0.0,0.0,0.0,0.0
2025_09_CAR_GB,CAR,GB,Brycen Tremayne,00-0038840,WR,tgt,1.197,0.0,0.0,1.0,2.0,3.0
2025_09_CAR_GB,CAR,GB,Brycen Tremayne,00-0038840,WR,rec,0.762,0.0,0.0,0.0,1.0,2.0
2025_09_CAR_GB,CAR,GB,Brycen Tremayne,00-0038840,WR,rec_yds,8.301,0.0,0.0,0.0,11.927,24.979
2025_09_CAR_GB,CAR,GB,Brycen Tremayne,00-0038840,WR,anytime_td,0.008,0.0,0.0,0.0,0.0,0.0
2025_09_CAR_GB,CAR,GB,Jimmy Horn Jr.,00-0040218,WR,car,0.886,0.0,0.0,0.0,1.0,3.0
2025_09_CAR_GB,CAR,GB,Jimmy Horn Jr.,00-0040218,WR,rush_yds,4.299,0.0,0.0,0.0,3.289,15.326
2025_09_CAR_GB,CAR,GB,Jimmy Horn Jr.,00-0040218,WR,tgt,2.012,0.0,1.0,2.0,3.0,4.0
2025_09_CAR_GB,CAR,GB,Jimmy Horn Jr.,00-0040218,WR,rec,1.242,0.0,0.0,1.0,2.0,3.0
2025_09_CAR_GB,CAR,GB,Jimmy Horn Jr.,00-0040218,WR,rec_yds,13.581,0.0,0.0,7.949,20.773,36.256
2025_09_CAR_GB,CAR,GB,Jimmy Horn Jr.,00-0040218,WR,anytime_td,0.04,0.0,0.0,0.0,0.0,0.0
2025_09_CAR_GB,CAR,GB,Chuba Hubbard,00-0036555,RB,car,10.432,4.0,7.0,10.0,14.0,18.0
2025_09_CAR_GB,CAR,GB,Chuba Hubbard,00-0036555,RB,rush_yds,36.258,8.737,16.916,30.607,49.009,71.423
2025_09_CAR_GB,CAR,GB,Chuba Hubbard,00-0036555,RB,tgt,2.959,0.0,1.0,3.0,4.0,6.0
2025_09_CAR_GB,CAR,GB,Chuba Hubbard,00-0036555,RB,rec,2.219,0.0,1.0,2.0,3.0,5.0
2025_09_CAR_GB,CAR,GB,Chuba Hubbard,00-0036555,RB,rec_yds,14.161,0.0,2.67,10.139,21.061,34.152
2025_09_CAR_GB,CAR,GB,Chuba Hubbard,00-0036555,RB,anytime_td,0.305,0.0,0.0,0.0,1.0,1.0
2025_09_CAR_GB,CAR,GB,Trevor Etienne,00-0040644,RB,car,1.905,0.0,0.0,1.0,3.0,5.0
2025_09_CAR_GB,CAR,GB,Trevor Etienne,00-0040644,RB,rush_yds,7.182,0.0,0.0,1.971,9.463,21.1
2025_09_CAR_GB,CAR,GB,Trevor Etienne,00-0040644,RB,tgt,0.284,0.0,0.0,0.0,0.0,1.0
2025_09_CAR_GB,CAR,GB,Trevor Etienne,00-0040644,RB,rec,0.228,0.0,0.0,0.0,0.0,1.0
2025_09_CAR_GB,CAR,GB,Trevor Etienne,00-0040644,RB,rec_yds,1.44,0.0,0.0,0.0,0.0,4.916
2025_09_CAR_GB,CAR,GB,Trevor Etienne,00-0040644,RB,anytime_td,0.041,0.0,0.0,0.0,0.0,0.0
2025_09_CHI_CIN,CIN,CHI,Joe Flacco,00-0026158,QB,att,33.495,23.0,29.0,34.0,40.0,44.0
2025_09_CHI_CIN,CIN,CHI,Joe Flacco,00-0026158,QB,cmp,22.921,15.0,19.0,23.0,27.0,31.0
2025_09_CHI_CIN,CIN,CHI,Joe Flacco,00-0026158,QB,pass_yds,239.452,146.755,192.527,240.73,292.112,338.798
2025_09_CHI_CIN,CIN,CHI,Joe Flacco,00-0026158,QB,pass_td,1.739,0.0,1.0,2.0,2.0,3.0
2025_09_CHI_CIN,CIN,CHI,Joe Flacco,00-0026158,QB,ints,0.801,0.0,0.0,1.0,1.0,2.0
2025_09_CHI_CIN,CIN,CHI,Joe Flacco,00-0026158,QB,car,2.193,0.0,1.0,2.0,3.0,5.0
2025_09_CHI_CIN,CIN,CHI,Joe Flacco,00-0026158,QB,rush_yds,7.292,-1.0,0.0,2.023,11.127,23.265
2025_09_CHI_CIN,CIN,CHI,Joe Flacco,00-0026158,QB,tgt,0.001,0.0,0.0,0.0,0.0,0.0
2025_09_CHI_CIN,CIN,CHI,Joe Flacco,00-0026158,QB,rec,0.0,0.0,0.0,0.0,0.0,0.0
2025_09_CHI_CIN,CIN,CHI,Joe Flacco,00-0026158,QB,rec_yds,0.001,0.0,0.0,0.0,0.0,0.0
2025_09_CHI_CIN,CIN,CHI,Joe Flacco,00-0026158,QB,anytime_td,0.123,0.0,0.0,0.0,0.0,1.0
2025_09_CHI_CIN,CIN,CHI,Ja'Marr Chase,00-0036900,WR,car,0.229,0.0,0.0,0.0,0.0,1.0
2025_09_CHI_CIN,CIN,CHI,Ja'Marr Chase,00-0036900,WR,rush_yds,1.18,0.0,0.0,0.0,0.0,0.0
2025_09_CHI_CIN,CIN,CHI,Ja'Marr Chase,00-0036900,WR,tgt,12.658,7.0,9.0,12.0,16.0,19.0
2025_09_CHI_CIN,CIN,CHI,Ja'Marr Chase,00-0036900,WR,rec,8.899,5.0,6.0,9.0,11.0,14.0
2025_09_CHI_CIN,CIN,CHI,Ja'Marr Chase,00-0036900,WR,rec_yds,97.628,41.503,63.231,92.373,126.443,160.342
2025_09_CHI_CIN,CIN,CHI,Ja'Marr Chase,00-0036900,WR,anytime_td,0.431,0.0,0.0,0.0,1.0,1.0
2025_09_CHI_CIN,CIN,CHI,Chase Brown,00-0038597,RB,car,11.963,5.0,8.0,11.0,15.0,20.0
2025_09_CHI_CIN,CIN,CHI,Chase Brown,00-0038597,RB,rush_yds,53.09,15.609,27.612,46.413,71.178,98.803
2025_09_CHI_CIN,CIN,CHI,Chase Brown,00-0038597,RB,tgt,3.694,1.0,2.0,3.0,5.0,7.0
2025_09_CHI_CIN,CIN,CHI,Chase Brown,00-0038597,RB,rec,3.055,1.0,1.0,3.0,4.0,6.0
2025_09_CHI_CIN,CIN,CHI,Chase Brown,00-0038597,RB,rec_yds,19.992,0.0,6.024,15.197,29.172,45.162
2025_09_CHI_CIN,CIN,CHI,Chase Brown,00-0038597,RB,anytime_td,0.402,0.0,0.0,0.0,1.0,1.0
2025_09_CHI_CIN,CIN,CHI,Andrei Iosivas,00-0038619,WR,car,0.088,0.0,0.0,0.0,0.0,0.0
2025_09_CHI_CIN,CIN,CHI,Andrei Iosivas,00-0038619,WR,rush_yds,0.518,0.0,0.0,0.0,0.0,0.0
2025_09_CHI_CIN,CIN,CHI,Andrei Iosivas,00-0038619,WR,tgt,3.266,1.0,1.0,3.0,5.0,6.0
2025_09_CHI_CIN,CIN,CHI,Andrei Iosivas,00-0038619,WR,rec,1.972,0.0,1.0,2.0,3.0,4.0
2025_09_CHI_CIN,CIN,CHI,Andrei Iosivas,00-0038619,WR,rec_yds,25.596,0.0,4.844,18.317,38.519,61.604
2025_09_CHI_CIN,CIN,CHI,Andrei Iosivas,00-0038619,WR,anytime_td,0.079,0.0,0.0,0.0,0.0,0.0
2025_09_CHI_CIN,CIN,CHI,Tee Higgins,00-0036410,WR,car,0.005,0.0,0.0,0.0,0.0,0.0
2025_09_CHI_CIN,CIN,CHI,Tee Higgins,00-0036410,WR,rush_yds,0.04,0.0,0.0,0.0,0.0,0.0
2025_09_CHI_CIN,CIN,CHI,Tee Higgins,00-0036410,WR,tgt,5.987,2.0,4.0,6.0,8.0,10.0
2025_09_CHI_CIN,CIN,CHI,Tee Higgins,00-0036410,WR,rec,3.759,1.0,2.0,4.0,5.0,7.0
2025_09_CHI_CIN,CIN,CHI,Tee Higgins,00-0036410,WR,rec_yds,49.533,9.092,22.098,43.105,69.746,97.361
2025_09_CHI_CIN,CIN,CHI,Tee Higgins,00-0036410,WR,anytime_td,0.364,0.0,0.0,0.0,1.0,1.0
2025_09_CHI_CIN,CIN,CHI,Drew Sample,00-0035631,TE,car,0.011,0.0,0.0,0.0,0.0,0.0
2025_09_CHI_CIN,CIN,CHI,Drew Sample,00-0035631,TE,rush_yds,0.027,0.0,0.0,0.0,0.0,0.0
2025_09_CHI_CIN,CIN,CHI,Drew Sample,00-0035631,TE,tgt,1.141,0.0,0.0,1.0,2.0,3.0
2025_09_CHI_CIN,CIN,CHI,Drew Sample,00-0035631,TE,rec,0.836,0.0,0.0,0.0,1.0,2.0
2025_09_CHI_CIN,CIN,CHI,Drew Sample,00-0035631,TE,rec_yds,7.828,0.0,0.0,0.0,11.481,23.604
2025_09_CHI_CIN,CIN,CHI,Drew Sample,00-0035631,TE,anytime_td,0.068,0.0,0.0,0.0,0.0,0.0
2025_09_CHI_CIN,CIN,CHI,Noah Fant,00-0035644,TE,car,0.005,0.0,0.0,0.0,0.0,0.0
2025_09_CHI_CIN,CIN,CHI,Noah Fant,00-0035644,TE,rush_yds,0.017,0.0,0.0,0.0,0.0,0.0
2025_09_CHI_CIN,CIN,CHI,Noah Fant,00-0035644,TE,tgt,3.587,1.0,2.0,3.0,5.0,7.0
2025_09_CHI_CIN,CIN,CHI,Noah Fant,00-0035644,TE,rec,2.892,1.0,1.0,3.0,4.0,6.0
2025_09_CHI_CIN,CIN,CHI,Noah Fant,00-0035644,TE,rec_yds,28.24,0.0,10.28,23.036,40.398,61.288
2025_09_CHI_CIN,CIN,CHI,Noah Fant,00-0035644,TE,anytime_td,0.201,0.0,0.0,0.0,0.0,1.0
2025_09_CHI_CIN,CIN,CHI,Mitchell Tinsley,00-0038839,WR,car,0.007,0.0,0.0,0.0,0.0,0.0
2025_09_CHI_CIN,CIN,CHI,Mitchell Tinsley,00-0038839,WR,rush_yds,0.06,0.0,0.0,0.0,0.0,0.0
2025_09_CHI_CIN,CIN,CHI,Mitchell Tinsley,00-0038839,WR,tgt,0.521,0.0,0.0,0.0,1.0,2.0
2025_09_CHI_CIN,CIN,CHI,Mitchell Tinsley,00-0038839,WR,rec,0.336,0.0,0.0,0.0,0.0,1.0
2025_09_CHI_CIN,CIN,CHI,Mitchell Tinsley,00-0038839,WR,rec_yds,4.112,0.0,0.0,0.0,0.0,15.438
2025_09_CHI_CIN,CIN,CHI,Mitchell Tinsley,00-0038839,WR,anytime_td,0.035,0.0,0.0,0.0,0.0,0.0
2025_09_CHI_CIN,CIN,CHI,Tanner Hudson,00-0034613,TE,car,0.025,0.0,0.0,0.0,0.0,0.0
2025_09_CHI_CIN,CIN,CHI,Tanner Hudson,00-0034613,TE,rush_yds,0.052,0.0,0.0,0.0,0.0,0.0
2025_09_CHI_CIN,CIN,CHI,Tanner Hudson,00-0034613,TE,tgt,2.007,0.0,1.0,2.0,3.0,4.0
2025_09_CHI_CIN,CIN,CHI,Tanner Hudson,00-0034613,TE,rec,1.509,0.0,0.0,1.0,2.0,3.0
2025_09_CHI_CIN,CIN,CHI,Tanner Hudson,00-0034613,TE,rec_yds,13.958,0.0,0.0,8.981,21.166,36.174
2025_09_CHI_CIN,CIN,CHI,Tanner Hudson,00-0034613,TE,anytime_td,0.169,0.0,0.0,0.0,0.0,1.0
2025_09_CHI_CIN,CIN,CHI,Tahj Brooks,00-0040208,RB,car,3.635,0.0,1.0,3.0,5.0,8.0
2025_09_CHI_CIN,CIN,CHI,Tahj Brooks,00-0040208,RB,rush_yds,15.639,0.0,1.991,9.312,22.271,40.325
2025_09_CHI_CIN,CIN,CHI,Tahj Brooks,00-0040208,RB,tgt,0.349,0.0,0.0,0.0,0.0,1.0
2025_09_CHI_CIN,CIN,CHI,Tahj Brooks,00-0040208,RB,rec,0.278,0.0,0.0,0.0,0.0,1.0
2025_09_CHI_CIN,CIN,CHI,Tahj Brooks,00-0040208,RB,rec_yds,1.964,0.0,0.0,0.0,0.0,6.917
2025_09_CHI_CIN,CIN,CHI,Tahj Brooks,00-0040208,RB,anytime_td,0.121,0.0,0.0,0.0,0.0,1.0
2025_09_CHI_CIN,CIN,CHI,Samaje Perine,00-0033526,RB,car,4.468,1.0,2.0,4.0,6.0,9.0
2025_09_CHI_CIN,CIN,CHI,Samaje Perine,00-0033526,RB,rush_yds,21.629,0.0,4.739,14.443,31.0,51.526
2025_09_CHI_CIN,CIN,CHI,Samaje Perine,00-0033526,RB,tgt,1.149,0.0,0.0,1.0,2.0,3.0
2025_09_CHI_CIN,CIN,CHI,Samaje Perine,00-0033526,RB,rec,0.934,0.0,0.0,1.0,1.0,3.0
2025_09_CHI_CIN,CIN,CHI,Samaje Perine,00-0033526,RB,rec_yds,6.683,0.0,0.0,0.0,9.641,20.388
2025_09_CHI_CIN,CIN,CHI,Samaje Perine,00-0033526,RB,anytime_td,0.168,0.0,0.0,0.0,0.0,1.0
2025_09_CHI_CIN,CHI,CIN,Rome Odunze,00-0039919,WR,car,0.042,0.0,0.0,0.0,0.0,0.0
2025_09_CHI_CIN,CHI,CIN,Rome Odunze,00-0039919,WR,rush_yds,0.236,0.0,0.0,0.0,0.0,0.0
2025_09_CHI_CIN,CHI,CIN,Rome Odunze,00-0039919,WR,tgt,7.699,3.9,5.0,7.0,10.0,12.0
2025_09_CHI_CIN,CHI,CIN,Rome Odunze,00-0039919,WR,rec,4.789,2.0,3.0,4.0,6.0,8.0
2025_09_CHI_CIN,CHI,CIN,Rome Odunze,00-0039919,WR,rec_yds,65.262,17.129,34.51,59.113,89.925,120.485
2025_09_CHI_CIN,CHI,CIN,Rome Odunze,00-0039919,WR,anytime_td,0.39,0.0,0.0,0.0,1.0,1.0
2025_09_CHI_CIN,CHI,CIN,Caleb Williams,00-0039918,QB,att,31.216,21.0,27.0,32.0,37.0,42.0
2025_09_CHI_CIN,CHI,CIN,Caleb Williams,00-0039918,QB,cmp,20.77,13.0,17.0,21.0,25.0,29.0
2025_09_CHI_CIN,CHI,CIN,Caleb Williams,00-0039918,QB,pass_yds,231.245,141.282,184.842,231.543,280.459,326.288
2025_09_CHI_CIN,CHI,CIN,Caleb Williams,00-0039918,QB,pass_td,1.46,0.0,1.0,1.0,2.0,3.0
2025_09_CHI_CIN,CHI,CIN,Caleb Williams,00-0039918,QB,ints,0.685,0.0,0.0,0.0,1.0,2.0
2025_09_CHI_CIN,CHI,CIN,Caleb Williams,00-0039918,QB,car,5.637,2.0,3.0,5.0,8.0,11.0
2025_09_CHI_CIN,CHI,CIN,Caleb Williams,00-0039918,QB,rush_yds,24.518,1.057,8.967,20.316,35.665,51.994
2025_09_CHI_CIN,CHI,CIN,Caleb Williams,00-0039918,QB,tgt,0.001,0.0,0.0,0.0,0.0,0.0
2025_09_CHI_CIN,CHI,CIN,Caleb Williams,00-0039918,QB,rec,0.001,0.0,0.0,0.0,0.0,0.0
2025_09_CHI_CIN,CHI,CIN,Caleb Williams,00-0039918,QB,rec_yds,0.005,0.0,0.0,0.0,0.0,0.0
2025_09_CHI_CIN,CHI,CIN,Caleb Williams,00-0039918,QB,anytime_td,0.185,0.0,0.0,0.0,0.0,1.0
2025_09_CHI_CIN,CHI,CIN,DJ Moore,00-0034827,WR,car,2.286,0.0,0.0,1.0,3.0,6.0
2025_09_CHI_CIN,CHI,CIN,DJ Moore,00-0034827,WR,rush_yds,13.015,0.0,0.0,5.334,18.749,38.28
2025_09_CHI_CIN,CHI,CIN,DJ Moore,00-0034827,WR,tgt,6.271,3.0,4.0,6.0,8.0,10.1
2025_09_CHI_CIN,CHI,CIN,DJ Moore,00-0034827,WR,rec,4.378,2.0,3.0,4.0,6.0,8.0
2025_09_CHI_CIN,CHI,CIN,DJ Moore,00-0034827,WR,rec_yds,52.422,12.802,26.149,46.033,72.501,100.06
2025_09_CHI_CIN,CHI,CIN,DJ Moore,00-0034827,WR,anytime_td,0.235,0.0,0.0,0.0,0.0,1.0
2025_09_CHI_CIN,CHI,CIN,Colston Loveland,00-0040126,TE,car,0.002,0.0,0.0,0.0,0.0,0.0
2025_09_CHI_CIN,CHI,CIN,Colston Loveland,00-0040126,TE,rush_yds,0.006,0.0,0.0,0.0,0.0,0.0
2025_09_CHI_CIN,CHI,CIN,Colston Loveland,00-0040126,TE,tgt,3.692,1.0,2.0,3.0,5.0,7.0
2025_09_CHI_CIN,CHI,CIN,Colston Loveland,00-0040126,TE,rec,2.692,0.0,1.0,2.0,4.0,5.0
2025_09_CHI_CIN,CHI,CIN,Colston Loveland,00-0040126,TE,rec_yds,27.28,0.0,8.996,21.927,39.601,60.301
2025_09_CHI_CIN,CHI,CIN,Colston Loveland,00-0040126,TE,anytime_td,0.084,0.0,0.0,0.0,0.0,0.0
2025_09_CHI_CIN,CHI,CIN,Kyle Monangai,00-0040236,RB,car,10.333,4.0,6.0,10.0,14.0,18.0
2025_09_CHI_CIN,CHI,CIN,Kyle Monangai,00-0040236,RB,rush_yds,47.719,10.885,22.603,40.648,65.306,94.684
2025_09_CHI_CIN,CHI,CIN,Kyle Monangai,00-0040236,RB,tgt,1.371,0.0,0.0,1.0,2.0,3.0
2025_09_CHI_CIN,CHI,CIN,Kyle Monangai,00-0040236,RB,rec,1.11,0.0,0.0,1.0,2.0,3.0
2025_09_CHI_CIN,CHI,CIN,Kyle Monangai,00-0040236,RB,rec_yds,8.403,0.0,0.0,2.388,12.279,25.489
2025_09_CHI_CIN,CHI,CIN,Kyle Monangai,00-0040236,RB,anytime_td,0.163,0.0,0.0,0.0,0.0,1.0
2025_09_CHI_CIN,CHI,CIN,Olamide Zaccheaus,00-0035208,WR,car,0.773,0.0,0.0,0.0,1.0,3.0
2025_09_CHI_CIN,CHI,CIN,Olamide Zaccheaus,00-0035208,WR,rush_yds,4.506,0.0,0.0,0.0,2.436,15.415
2025_09_CHI_CIN,CHI,CIN,Olamide Zaccheaus,00-0035208,WR,tgt,5.28,2.0,3.0,5.0,7.0,9.0
2025_09_CHI_CIN,CHI,CIN,Olamide Zaccheaus,00-0035208,WR,rec,3.677,1.0,2.0,3.0,5.0,7.0
2025_09_CHI_CIN,CHI,CIN,Olamide Zaccheaus,00-0035208,WR,rec_yds,37.464,6.345,15.842,32.118,52.736,75.826
2025_09_CHI_CIN,CHI,CIN,Olamide Zaccheaus,00-0035208,WR,anytime_td,0.121,0.0,0.0,0.0,0.0,1.0
2025_09_CHI_CIN,CHI,CIN,Cole Kmet,00-0036290,TE,car,0.002,0.0,0.0,0.0,0.0,0.0
2025_09_CHI_CIN,CHI,CIN,Cole Kmet,00-0036290,TE,rush_yds,0.003,0.0,0.0,0.0,0.0,0.0
2025_09_CHI_CIN,CHI,CIN,Cole Kmet,00-0036290,TE,tgt,3.414,1.0,2.0,3.0,5.0,7.0
2025_09_CHI_CIN,CHI,CIN,Cole Kmet,00-0036290,TE,rec,2.425,0.0,1.0,2.0,3.0,5.0
2025_09_CHI_CIN,CHI,CIN,Cole Kmet,00-0036290,TE,rec_yds,25.706,0.0,7.737,20.545,37.832,57.18
2025_09_CHI_CIN,CHI,CIN,Cole Kmet,00-0036290,TE,anytime_td,0.171,0.0,0.0,0.0,0.0,1.0
2025_09_CHI_CIN,CHI,CIN,Brittain Brown,00-0037329,RB,car,4.542,1.0,2.0,4.0,7.0,10.0
2025_09_CHI_CIN,CHI,CIN,Brittain Brown,00-0037329,RB,rush_yds,20.744,0.0,4.281,13.775,29.354,51.064
2025_09_CHI_CIN,CHI,CIN,Brittain Brown,00-0037329,RB,tgt,0.779,0.0,0.0,0.0,1.0,2.0
2025_09_CHI_CIN,CHI,CIN,Brittain Brown,00-0037329,RB,rec,0.648,0.0,0.0,0.0,1.0,2.0
2025_09_CHI_CIN,CHI,CIN,Brittain Brown,00-0037329,RB,rec_yds,4.696,0.0,0.0,0.0,6.417,15.822
2025_09_CHI_CIN,CHI,CIN,Brittain Brown,00-0037329,RB,anytime_td,0.117,0.0,0.0,0.0,0.0,1.0
2025_09_CHI_CIN,CHI,CIN,Travis Homer,00-0035594,RB,car,2.751,0.0,1.0,2.0,4.0,7.0
2025_09_CHI_CIN,CHI,CIN,Travis Homer,00-0035594,RB,rush_yds,12.382,0.0,0.0,6.01,17.187,33.636
2025_09_CHI_CIN,CHI,CIN,Travis Homer,00-0035594,RB,tgt,0.76,0.0,0.0,0.0,1.0,2.0
2025_09_CHI_CIN,CHI,CIN,Travis Homer,00-0035594,RB,rec,0.634,0.0,0.0,0.0,1.0,2.0
2025_09_CHI_CIN,CHI,CIN,Travis Homer,00-0035594,RB,rec_yds,4.515,0.0,0.0,0.0,5.801,15.465
2025_09_CHI_CIN,CHI,CIN,Travis Homer,00-0035594,RB,anytime_td,0.062,0.0,0.0,0.0,0.0,0.0
2025_09_CHI_CIN,CHI,CIN,Devin Duvernay,00-0036331,WR,car,0.277,0.0,0.0,0.0,0.0,1.0
2025_09_CHI_CIN,CHI,CIN,Devin Duvernay,00-0036331,WR,rush_yds,1.662,0.0,0.0,0.0,0.0,2.16
2025_09_CHI_CIN,CHI,CIN,Devin Duvernay,00-0036331,WR,tgt,1.964,0.0,1.0,2.0,3.0,4.0
2025_09_CHI_CIN,CHI,CIN,Devin Duvernay,00-0036331,WR,rec,1.297,0.0,0.0,1.0,2.0,3.0
2025_09_CHI_CIN,CHI,CIN,Devin Duvernay,00-0036331,WR,rec_yds,15.201,0.0,0.0,8.625,23.074,41.515
2025_09_CHI_CIN,CHI,CIN,Devin Duvernay,00-0036331,WR,anytime_td,0.084,0.0,0.0,0.0,0.0,0.0
2025_09_DEN_HOU,HOU,DEN,Dalton Schultz,00-0034383,TE,car,0.005,0.0,0.0,0.0,0.0,0.0
2025_09_DEN_HOU,HOU,DEN,Dalton Schultz,00-0034383,TE,rush_yds,0.011,0.0,0.0,0.0,0.0,0.0
2025_09_DEN_HOU,HOU,DEN,Dalton Schultz,00-0034383,TE,tgt,4.885,2.0,3.0,5.0,7.0,9.0
2025_09_DEN_HOU,HOU,DEN,Dalton Schultz,00-0034383,TE,rec,3.651,1.0,2.0,3.0,5.0,7.0
2025_09_DEN_HOU,HOU,DEN,Dalton Schultz,00-0034383,TE,rec_yds,37.314,6.05,16.329,32.031,52.733,75.099
2025_09_DEN_HOU,HOU,DEN,Dalton Schultz,00-0034383,TE,anytime_td,0.093,0.0,0.0,0.0,0.0,0.0
2025_09_DEN_HOU,HOU,DEN,Nico Collins,00-0036554,WR,car,0.182,0.0,0.0,0.0,0.0,0.0
2025_09_DEN_HOU,HOU,DEN,Nico Collins,00-0036554,WR,rush_yds,1.053,0.0,0.0,0.0,0.0,0.0
2025_09_DEN_HOU,HOU,DEN,Nico Collins,00-0036554,WR,tgt,6.94,3.0,5.0,7.0,9.0,11.0
2025_09_DEN_HOU,HOU,DEN,Nico Collins,00-0036554,WR,rec,4.27,1.0,3.0,4.0,6.0,8.0
2025_09_DEN_HOU,HOU,DEN,Nico Collins,00-0036554,WR,rec_yds,55.909,12.887,27.737,49.119,77.367,106.388
2025_09_DEN_HOU,HOU,DEN,Nico Collins,00-0036554,WR,anytime_td,0.356,0.0,0.0,0.0,1.0,1.0
2025_09_DEN_HOU,HOU,DEN,Xavier Hutchinson,00-0038618,WR,car,0.069,0.0,0.0,0.0,0.0,0.0
2025_09_DEN_HOU,HOU,DEN,Xavier Hutchinson,00-0038618,WR,rush_yds,0.383,0.0,0.0,0.0,0.0,0.0
2025_09_DEN_HOU,HOU,DEN,Xavier Hutchinson,00-0038618,WR,tgt,3.054,1.0,1.0,3.0,4.0,6.0
2025_09_DEN_HOU,HOU,DEN,Xavier Hutchinson,00-0038618,WR,rec,1.997,0.0,1.0,2.0,3.0,4.0
2025_09_DEN_HOU,HOU,DEN,Xavier Hutchinson,00-0038618,WR,rec_yds,24.222,0.0,5.47,17.462,35.605,58.753
2025_09_DEN_HOU,HOU,DEN,Xavier Hutchinson,00-0038618,WR,anytime_td,0.259,0.0,0.0,0.0,1.0,1.0
2025_09_DEN_HOU,HOU,DEN,Christian Kirk,00-0034775,WR,car,0.02,0.0,0.0,0.0,0.0,0.0
2025_09_DEN_HOU,HOU,DEN,Christian Kirk,00-0034775,WR,rush_yds,0.099,0.0,0.0,0.0,0.0,0.0
2025_09_DEN_HOU,HOU,DEN,Christian Kirk,00-0034775,WR,tgt,4.906,2.0,3.0,5.0,7.0,9.0
2025_09_DEN_HOU,HOU,DEN,Christian Kirk,00-0034775,WR,rec,3.094,1.0,2.0,3.0,4.0,6.0
2025_09_DEN_HOU,HOU,DEN,Christian Kirk,00-0034775,WR,rec_yds,39.272,4.454,14.877,32.834,56.786,83.391
2025_09_DEN_HOU,HOU,DEN,Christian Kirk,00-0034775,WR,anytime_td,0.094,0.0,0.0,0.0,0.0,0.0
2025_09_DEN_HOU,HOU,DEN,Jayden Higgins,00-0040130,WR,car,0.008,0.0,0.0,0.0,0.0,0.0
2025_09_DEN_HOU,HOU,DEN,Jayden Higgins,00-0040130,WR,rush_yds,0.033,0.0,0.0,0.0,0.0,0.0
2025_09_DEN_HOU,HOU,DEN,Jayden Higgins,00-0040130,WR,tgt,2.995,0.0,1.0,3.0,4.0,6.0
2025_09_DEN_HOU,HOU,DEN,Jayden Higgins,00-0040130,WR,rec,1.829,0.0,1.0,2.0,3.0,4.0
2025_09_DEN_HOU,HOU,DEN,Jayden Higgins,00-0040130,WR,rec_yds,22.199,0.0,3.252,15.706,33.109,54.502
2025_09_DEN_HOU,HOU,DEN,Jayden Higgins,00-0040130,WR,anytime_td,0.217,0.0,0.0,0.0,0.0,1.0
2025_09_DEN_HOU,HOU,DEN,Woody Marks,00-0040583,RB,car,8.898,3.0,5.0,8.0,12.0,16.0
2025_09_DEN_HOU,HOU,DEN,Woody Marks,00-0040583,RB,rush_yds,36.796,7.183,15.843,29.767,51.31,74.959
2025_09_DEN_HOU,HOU,DEN,Woody Marks,00-0040583,RB,tgt,2.328,0.0,1.0,2.0,3.0,5.0
2025_09_DEN_HOU,HOU,DEN,Woody Marks,00-0040583,RB,rec,1.781,0.0,1.0,1.0,3.0,4.0
2025_09_DEN_HOU,HOU,DEN,Woody Marks,00-0040583,RB,rec_yds,15.002,0.0,0.0,9.799,22.291,39.002
2025_09_DEN_HOU,HOU,DEN,Woody Marks,00-0040583,RB,anytime_td,0.409,0.0,0.0,0.0,1.0,1.0
2025_09_DEN_HOU,HOU,DEN,Nick Chubb,00-0034791,RB,car,11.609,5.0,8.0,11.0,15.0,19.0
2025_09_DEN_HOU,HOU,DEN,Nick Chubb,00-0034791,RB,rush_yds,47.289,13.483,24.229,41.319,63.302,89.217
2025_09_DEN_HOU,HOU,DEN,Nick Chubb,00-0034791,RB,tgt,1.687,0.0,0.0,1.0,3.0,4.0
2025_09_DEN_HOU,HOU,DEN,Nick Chubb,00-0034791,RB,rec,1.286,0.0,0.0,1.0,2.0,3.0
2025_09_DEN_HOU,HOU,DEN,Nick Chubb,00-0034791,RB,rec_yds,9.054,0.0,0.0,4.125,13.555,25.723
2025_09_DEN_HOU,HOU,DEN,Nick Chubb,00-0034791,RB,anytime_td,0.384,0.0,0.0,0.0,1.0,1.0
2025_09_DEN_HOU,HOU,DEN,C.J. Stroud,00-0039163,QB,att,30.586,21.0,26.0,31.0,36.0,41.0
2025_09_DEN_HOU,HOU,DEN,C.J. Stroud,00-0039163,QB,cmp,19.675,12.0,16.0,20.0,24.0,27.0
2025_09_DEN_HOU,HOU,DEN,C.J. Stroud,00-0039163,QB,pass_yds,222.905,133.236,176.266,222.153,273.053,319.342
2025_09_DEN_HOU,HOU,DEN,C.J. Stroud,00-0039163,QB,pass_td,1.56,0.0,1.0,1.0,2.0,3.0
2025_09_DEN_HOU,HOU,DEN,C.J. Stroud,00-0039163,QB,ints,0.64,0.0,0.0,0.0,1.0,2.0
2025_09_DEN_HOU,HOU,DEN,C.J. Stroud,00-0039163,QB,car,3.85,1.0,2.0,3.0,5.0,7.0
2025_09_DEN_HOU,HOU,DEN,C.J. Stroud,00-0039163,QB,rush_yds,19.855,0.0,5.442,15.902,29.212,45.096
2025_09_DEN_HOU,HOU,DEN,C.J. Stroud,00-0039163,QB,tgt,0.0,0.0,0.0,0.0,0.0,0.0
2025_09_DEN_HOU,HOU,DEN,C.J. Stroud,00-0039163,QB,rec,0.0,0.0,0.0,0.0,0.0,0.0
2025_09_DEN_HOU,HOU,DEN,C.J. Stroud,00-0039163,QB,rec_yds,0.0,0.0,0.0,0.0,0.0,0.0
2025_09_DEN_HOU,HOU,DEN,C.J. Stroud,00-0039163,QB,anytime_td,0.032,0.0,0.0,0.0,0.0,0.0
2025_09_DEN_HOU,HOU,DEN,Harrison Bryant,00-0036232,TE,car,0.002,0.0,0.0,0.0,0.0,0.0
2025_09_DEN_HOU,HOU,DEN,Harrison Bryant,00-0036232,TE,rush_yds,0.003,0.0,0.0,0.0,0.0,0.0
2025_09_DEN_HOU,HOU,DEN,Harrison Bryant,00-0036232,TE,tgt,0.651,0.0,0.0,0.0,1.0,2.0
2025_09_DEN_HOU,HOU,DEN,Harrison Bryant,00-0036232,TE,rec,0.445,0.0,0.0,0.0,1.0,1.0
2025_09_DEN_HOU,HOU,DEN,Harrison Bryant,00-0036232,TE,rec_yds,4.621,0.0,0.0,0.0,4.898,16.211
2025_09_DEN_HOU,HOU,DEN,Harrison Bryant,00-0036232,TE,anytime_td,0.009,0.0,0.0,0.0,0.0,0.0
2025_09_DEN_HOU,HOU,DEN,Dare Ogunbowale,00-0033854,RB,car,0.896,0.0,0.0,0.0,1.0,3.0
2025_09_DEN_HOU,HOU,DEN,Dare Ogunbowale,00-0033854,RB,rush_yds,3.967,0.0,0.0,0.0,3.512,12.917
2025_09_DEN_HOU,HOU,DEN,Dare Ogunbowale,00-0033854,RB,tgt,0.722,0.0,0.0,0.0,1.0,2.0
2025_09_DEN_HOU,HOU,DEN,Dare Ogunbowale,00-0033854,RB,rec,0.551,0.0,0.0,0.0,1.0,2.0
2025_09_DEN_HOU,HOU,DEN,Dare Ogunbowale,00-0033854,RB,rec_yds,4.162,0.0,0.0,0.0,5.231,14.001
2025_09_DEN_HOU,HOU,DEN,Dare Ogunbowale,00-0033854,RB,anytime_td,0.03,0.0,0.0,0.0,0.0,0.0
2025_09_DEN_HOU,HOU,DEN,British Brooks,00-0039603,RB,car,0.773,0.0,0.0,0.0,1.0,3.0
2025_09_DEN_HOU,HOU,DEN,British Brooks,00-0039603,RB,rush_yds,3.396,0.0,0.0,0.0,2.691,11.58
2025_09_DEN_HOU,HOU,DEN,British Brooks,00-0039603,RB,tgt,0.084,0.0,0.0,0.0,0.0,0.0
2025_09_DEN_HOU,HOU,DEN,British Brooks,00-0039603,RB,rec,0.065,0.0,0.0,0.0,0.0,0.0
2025_09_DEN_HOU,HOU,DEN,British Brooks,00-0039603,RB,rec_yds,0.483,0.0,0.0,0.0,0.0,0.0
2025_09_DEN_HOU,HOU,DEN,British Brooks,00-0039603,RB,anytime_td,0.017,0.0,0.0,0.0,0.0,0.0
2025_09_DEN_HOU,HOU,DEN,Jaylin Noel,00-0040138,WR,car,0.287,0.0,0.0,0.0,0.0,1.0
2025_09_DEN_HOU,HOU,DEN,Jaylin Noel,00-0040138,WR,rush_yds,1.641,0.0,0.0,0.0,0.0,3.034
2025_09_DEN_HOU,HOU,DEN,Jaylin Noel,00-0040138,WR,tgt,3.029,1.0,1.0,3.0,4.0,6.0
2025_09_DEN_HOU,HOU,DEN,Jaylin Noel,00-0040138,WR,rec,2.001,0.0,1.0,2.0,3.0,4.0
2025_09_DEN_HOU,HOU,DEN,Jaylin Noel,00-0040138,WR,rec_yds,25.568,0.0,5.842,18.92,37.598,59.904
2025_09_DEN_HOU,HOU,DEN,Jaylin Noel,00-0040138,WR,anytime_td,0.144,0.0,0.0,0.0,0.0,1.0
2025_09_DEN_HOU,DEN,HOU,Bo Nix,00-0039732,QB,att,32.091,22.0,27.0,33.0,38.0,43.0
2025_09_DEN_HOU,DEN,HOU,Bo Nix,00-0039732,QB,cmp,20.14,13.0,17.0,20.0,24.0,28.0
2025_09_DEN_HOU,DEN,HOU,Bo Nix,00-0039732,QB,pass_yds,220.681,131.278,176.277,220.748,269.182,315.546
2025_09_DEN_HOU,DEN,HOU,Bo Nix,00-0039732,QB,pass_td,1.344,0.0,1.0,1.0,2.0,3.0
2025_09_DEN_HOU,DEN,HOU,Bo Nix,00-0039732,QB,ints,0.775,0.0,0.0,1.0,1.0,2.0
2025_09_DEN_HOU,DEN,HOU,Bo Nix,00-0039732,QB,car,3.861,1.0,2.0,3.0,5.0,7.0
2025_09_DEN_HOU,DEN,HOU,Bo Nix,00-0039732,QB,rush_yds,17.741,0.0,4.272,13.703,26.358,41.173
2025_09_DEN_HOU,DEN,HOU,Bo Nix,00-0039732,QB,tgt,0.001,0.0,0.0,0.0,0.0,0.0
2025_09_DEN_HOU,DEN,HOU,Bo Nix,00-0039732,QB,rec,0.0,0.0,0.0,0.0,0.0,0.0
2025_09_DEN_HOU,DEN,HOU,Bo Nix,00-0039732,QB,rec_yds,0.001,0.0,0.0,0.0,0.0,0.0
2025_09_DEN_HOU,DEN,HOU,Bo Nix,00-0039732,QB,anytime_td,0.216,0.0,0.0,0.0,0.0,1.0
2025_09_DEN_HOU,DEN,HOU,Courtland Sutton,00-0034348,WR,car,0.004,0.0,0.0,0.0,0.0,0.0
2025_09_DEN_HOU,DEN,HOU,Courtland Sutton,00-0034348,WR,rush_yds,0.019,0.0,0.0,0.0,0.0,0.0
2025_09_DEN_HOU,DEN,HOU,Courtland Sutton,00-0034348,WR,tgt,7.824,4.0,5.0,7.0,10.0,13.0
2025_09_DEN_HOU,DEN,HOU,Courtland Sutton,00-0034348,WR,rec,4.846,2.0,3.0,5.0,6.0,8.0
2025_09_DEN_HOU,DEN,HOU,Courtland Sutton,00-0034348,WR,rec_yds,67.321,17.864,34.823,60.806,92.142,125.713
2025_09_DEN_HOU,DEN,HOU,Courtland Sutton,00-0034348,WR,anytime_td,0.203,0.0,0.0,0.0,0.0,1.0
2025_09_DEN_HOU,DEN,HOU,Troy Franklin,00-0039868,WR,car,0.204,0.0,0.0,0.0,0.0,1.0
2025_09_DEN_HOU,DEN,HOU,Troy Franklin,00-0039868,WR,rush_yds,0.983,0.0,0.0,0.0,0.0,0.0
2025_09_DEN_HOU,DEN,HOU,Troy Franklin,00-0039868,WR,tgt,6.969,3.0,5.0,7.0,9.0,11.0
2025_09_DEN_HOU,DEN,HOU,Troy Franklin,00-0039868,WR,rec,4.142,1.0,2.0,4.0,6.0,7.0
2025_09_DEN_HOU,DEN,HOU,Troy Franklin,00-0039868,WR,rec_yds,50.27,10.717,24.124,44.04,70.031,97.975
2025_09_DEN_HOU,DEN,HOU,Troy Franklin,00-0039868,WR,anytime_td,0.295,0.0,0.0,0.0,1.0,1.0
2025_09_DEN_HOU,DEN,HOU,Adam Trautman,00-0036422,TE,car,0.002,0.0,0.0,0.0,0.0,0.0
2025_09_DEN_HOU,DEN,HOU,Adam Trautman,00-0036422,TE,rush_yds,0.005,0.0,0.0,0.0,0.0,0.0
2025_09_DEN_HOU,DEN,HOU,Adam Trautman,00-0036422,TE,tgt,1.002,0.0,0.0,1.0,2.0,3.0
2025_09_DEN_HOU,DEN,HOU,Adam Trautman,00-0036422,TE,rec,0.713,0.0,0.0,0.0,1.0,2.0
2025_09_DEN_HOU,DEN,HOU,Adam Trautman,00-0036422,TE,rec_yds,7.501,0.0,0.0,0.0,11.131,23.469
2025_09_DEN_HOU,DEN,HOU,Adam Trautman,00-0036422,TE,anytime_td,0.053,0.0,0.0,0.0,0.0,0.0
2025_09_DEN_HOU,DEN,HOU,Pat Bryant,00-0040134,WR,car,0.009,0.0,0.0,0.0,0.0,0.0
2025_09_DEN_HOU,DEN,HOU,Pat Bryant,00-0040134,WR,rush_yds,0.047,0.0,0.0,0.0,0.0,0.0
2025_09_DEN_HOU,DEN,HOU,Pat Bryant,00-0040134,WR,tgt,2.412,0.0,1.0,2.0,3.0,5.0
2025_09_DEN_HOU,DEN,HOU,Pat Bryant,00-0040134,WR,rec,1.4,0.0,0.0,1.0,2.0,3.0
2025_09_DEN_HOU,DEN,HOU,Pat Bryant,00-0040134,WR,rec_yds,17.956,0.0,0.0,11.091,27.01,46.957
2025_09_DEN_HOU,DEN,HOU,Pat Bryant,00-0040134,WR,anytime_td,0.117,0.0,0.0,0.0,0.0,1.0
2025_09_DEN_HOU,DEN,HOU,Evan Engram,00-0033881,TE,car,0.126,0.0,0.0,0.0,0.0,0.0
2025_09_DEN_HOU,DEN,HOU,Evan Engram,00-0033881,TE,rush_yds,0.269,0.0,0.0,0.0,0.0,0.0
2025_09_DEN_HOU,DEN,HOU,Evan Engram,00-0033881,TE,tgt,6.082,2.0,4.0,6.0,8.0,10.0
2025_09_DEN_HOU,DEN,HOU,Evan Engram,00-0033881,TE,rec,4.219,1.0,2.0,4.0,6.0,7.0
2025_09_DEN_HOU,DEN,HOU,Evan Engram,00-0033881,TE,rec_yds,40.455,8.964,19.933,36.063,55.895,77.359
2025_09_DEN_HOU,DEN,HOU,Evan Engram,00-0033881,TE,anytime_td,0.117,0.0,0.0,0.0,0.0,1.0
2025_09_DEN_HOU,DEN,HOU,J.K. Dobbins,00-0036158,RB,car,14.04,7.0,10.0,14.0,18.0,22.0
2025_09_DEN_HOU,DEN,HOU,J.K. Dobbins,00-0036158,RB,rush_yds,60.729,19.901,33.467,53.598,79.861,111.622
2025_09_DEN_HOU,DEN,HOU,J.K. Dobbins,00-0036158,RB,tgt,1.645,0.0,0.0,1.0,2.0,4.0
2025_09_DEN_HOU,DEN,HOU,J.K. Dobbins,00-0036158,RB,rec,1.253,0.0,0.0,1.0,2.0,3.0
2025_09_DEN_HOU,DEN,HOU,J.K. Dobbins,00-0036158,RB,rec_yds,8.71,0.0,0.0,4.145,12.878,25.347
2025_09_DEN_HOU,DEN,HOU,J.K. Dobbins,00-0036158,RB,anytime_td,0.255,0.0,0.0,0.0,1.0,1.0
2025_09_DEN_HOU,DEN,HOU,RJ Harvey,00-0040730,RB,car,5.257,1.0,2.0,4.0,7.0,11.0
2025_09_DEN_HOU,DEN,HOU,RJ Harvey,00-0040730,RB,rush_yds,20.448,0.804,5.523,14.594,29.127,47.766
2025_09_DEN_HOU,DEN,HOU,RJ Harvey,00-0040730,RB,tgt,2.709,0.0,1.0,2.0,4.0,5.0
2025_09_DEN_HOU,DEN,HOU,RJ Harvey,00-0040730,RB,rec,2.094,0.0,1.0,2.0,3.0,4.0
2025_09_DEN_HOU,DEN,HOU,RJ Harvey,00-0040730,RB,rec_yds,15.125,0.0,2.021,10.746,22.746,37.31
2025_09_DEN_HOU,DEN,HOU,RJ Harvey,00-0040730,RB,anytime_td,0.35,0.0,0.0,0.0,1.0,1.0
2025_09_DEN_HOU,DEN,HOU,Tyler Badie,00-0037085,RB,car,0.78,0.0,0.0,0.0,1.0,3.0
2025_09_DEN_HOU,DEN,HOU,Tyler Badie,00-0037085,RB,rush_yds,3.187,0.0,0.0,0.0,2.01,10.395
2025_09_DEN_HOU,DEN,HOU,Tyler Badie,00-0037085,RB,tgt,1.707,0.0,0.0,1.0,3.0,4.0
2025_09_DEN_HOU,DEN,HOU,Tyler Badie,00-0037085,RB,rec,1.242,0.0,0.0,1.0,2.0,3.0
2025_09_DEN_HOU,DEN,HOU,Tyler Badie,00-0037085,RB,rec_yds,9.623,0.0,0.0,4.612,14.445,27.485
2025_09_DEN_HOU,DEN,HOU,Tyler Badie,00-0037085,RB,anytime_td,0.025,0.0,0.0,0.0,0.0,0.0
2025_09_DEN_HOU,DEN,HOU,Adam Prentice,00-0036727,RB,car,0.58,0.0,0.0,0.0,1.0,2.0
2025_09_DEN_HOU,DEN,HOU,Adam Prentice,00-0036727,RB,rush_yds,2.3,0.0,0.0,0.0,0.0,7.289
2025_09_DEN_HOU,DEN,HOU,Adam Prentice,00-0036727,RB,tgt,0.333,0.0,0.0,0.0,0.0,1.0
2025_09_DEN_HOU,DEN,HOU,Adam Prentice,00-0036727,RB,rec,0.241,0.0,0.0,0.0,0.0,1.0
2025_09_DEN_HOU,DEN,HOU,Adam Prentice,00-0036727,RB,rec_yds,1.877,0.0,0.0,0.0,0.0,6.766
2025_09_DEN_HOU,DEN,HOU,Adam Prentice,00-0036727,RB,anytime_td,0.013,0.0,0.0,0.0,0.0,0.0
2025_09_DEN_HOU,DEN,HOU,Trent Sherfield,00-0034487,WR,car,0.007,0.0,0.0,0.0,0.0,0.0
2025_09_DEN_HOU,DEN,HOU,Trent Sherfield,00-0034487,WR,rush_yds,0.064,0.0,0.0,0.0,0.0,0.0
2025_09_DEN_HOU,DEN,HOU,Trent Sherfield,00-0034487,WR,tgt,0.646,0.0,0.0,0.0,1.0,2.0
2025_09_DEN_HOU,DEN,HOU,Trent Sherfield,00-0034487,WR,rec,0.407,0.0,0.0,0.0,1.0,1.0
2025_09_DEN_HOU,DEN,HOU,Trent Sherfield,00-0034487,WR,rec_yds,5.047,0.0,0.0,0.0,5.113,17.768
2025_09_DEN_HOU,DEN,HOU,Trent Sherfield,00-0034487,WR,anytime_td,0.006,0.0,0.0,0.0,0.0,0.0
2025_09_DEN_HOU,DEN,HOU,Michael Bandy,00-0036959,WR,car,0.03,0.0,0.0,0.0,0.0,0.0
2025_09_DEN_HOU,DEN,HOU,Michael Bandy,00-0036959,WR,rush_yds,0.135,0.0,0.0,0.0,0.0,0.0
2025_09_DEN_HOU,DEN,HOU,Michael Bandy,00-0036959,WR,tgt,1.221,0.0,0.0,1.0,2.0,3.0
2025_09_DEN_HOU,DEN,HOU,Michael Bandy,00-0036959,WR,rec,0.743,0.0,0.0,0.0,1.0,2.0
2025_09_DEN_HOU,DEN,HOU,Michael Bandy,00-0036959,WR,rec_yds,9.599,0.0,0.0,0.0,14.26,28.873
2025_09_DEN_HOU,DEN,HOU,Michael Bandy,00-0036959,WR,anytime_td,0.033,0.0,0.0,0.0,0.0,0.0
2025_09_IND_PIT,PIT,IND,Aaron Rodgers,00-0023459,QB,att,32.092,21.0,28.0,33.0,38.0,43.0
2025_09_IND_PIT,PIT,IND,Aaron Rodgers,00-0023459,QB,cmp,21.639,14.0,18.0,22.0,26.0,30.0
2025_09_IND_PIT,PIT,IND,Aaron Rodgers,00-0023459,QB,pass_yds,237.209,143.452,189.918,237.353,289.557,339.986
2025_09_IND_PIT,PIT,IND,Aaron Rodgers,00-0023459,QB,pass_td,1.656,0.0,1.0,2.0,2.0,3.0
2025_09_IND_PIT,PIT,IND,Aaron Rodgers,00-0023459,QB,ints,0.748,0.0,0.0,0.0,1.0,2.0
2025_09_IND_PIT,PIT,IND,Aaron Rodgers,00-0023459,QB,car,1.645,0.0,0.0,1.0,3.0,4.0
2025_09_IND_PIT,PIT,IND,Aaron Rodgers,00-0023459,QB,rush_yds,6.556,-1.0,0.0,1.866,10.51,20.887
2025_09_IND_PIT,PIT,IND,Aaron Rodgers,00-0023459,QB,tgt,0.0,0.0,0.0,0.0,0.0,0.0
2025_09_IND_PIT,PIT,IND,Aaron Rodgers,00-0023459,QB,rec,0.0,0.0,0.0,0.0,0.0,0.0
2025_09_IND_PIT,PIT,IND,Aaron Rodgers,00-0023459,QB,rec_yds,0.001,0.0,0.0,0.0,0.0,0.0
2025_09_IND_PIT,PIT,IND,Aaron Rodgers,00-0023459,QB,anytime_td,0.004,0.0,0.0,0.0,0.0,0.0
2025_09_IND_PIT,PIT,IND,DK Metcalf,00-0035640,WR,car,0.011,0.0,0.0,0.0,0.0,0.0
2025_09_IND_PIT,PIT,IND,DK Metcalf,00-0035640,WR,rush_yds,0.041,0.0,0.0,0.0,0.0,0.0
2025_09_IND_PIT,PIT,IND,DK Metcalf,00-0035640,WR,tgt,6.325,2.0,4.0,6.0,8.0,11.0
2025_09_IND_PIT,PIT,IND,DK Metcalf,00-0035640,WR,rec,3.968,1.0,2.0,4.0,5.0,7.0
2025_09_IND_PIT,PIT,IND,DK Metcalf,00-0035640,WR,rec_yds,60.059,12.552,27.841,52.813,84.044,118.385
2025_09_IND_PIT,PIT,IND,DK Metcalf,00-0035640,WR,anytime_td,0.346,0.0,0.0,0.0,1.0,1.0
2025_09_IND_PIT,PIT,IND,Darnell Washington,00-0038558,TE,car,0.003,0.0,0.0,0.0,0.0,0.0
2025_09_IND_PIT,PIT,IND,Darnell Washington,00-0038558,TE,rush_yds,0.004,0.0,0.0,0.0,0.0,0.0
2025_09_IND_PIT,PIT,IND,Darnell Washington,00-0038558,TE,tgt,2.142,0.0,1.0,2.0,3.0,5.0
2025_09_IND_PIT,PIT,IND,Darnell Washington,00-0038558,TE,rec,1.479,0.0,0.0,1.0,2.0,3.0
2025_09_IND_PIT,PIT,IND,Darnell Washington,00-0038558,TE,rec_yds,15.733,0.0,0.0,10.227,23.936,40.889
2025_09_IND_PIT,PIT,IND,Darnell Washington,00-0038558,TE,anytime_td,0.118,0.0,0.0,0.0,0.0,1.0
2025_09_IND_PIT,PIT,IND,Jaylen Warren,00-0037228,RB,car,11.193,5.0,7.0,11.0,14.0,18.1
2025_09_IND_PIT,PIT,IND,Jaylen Warren,00-0037228,RB,rush_yds,48.887,13.527,24.47,42.355,65.97,93.453
2025_09_IND_PIT,PIT,IND,Jaylen Warren,00-0037228,RB,tgt,3.646,1.0,2.0,3.0,5.0,7.0
2025_09_IND_PIT,PIT,IND,Jaylen Warren,00-0037228,RB,rec,2.87,1.0,1.0,3.0,4.0,6.0
2025_09_IND_PIT,PIT,IND,Jaylen Warren,00-0037228,RB,rec_yds,24.262,0.0,7.089,18.6,34.98,56.011
2025_09_IND_PIT,PIT,IND,Jaylen Warren,00-0037228,RB,anytime_td,0.377,0.0,0.0,0.0,1.0,1.0
2025_09_IND_PIT,PIT,IND,Calvin Austin III,00-0037837,WR,car,0.011,0.0,0.0,0.0,0.0,0.0
2025_09_IND_PIT,PIT,IND,Calvin Austin III,00-0037837,WR,rush_yds,0.074,0.0,0.0,0.0,0.0,0.0
2025_09_IND_PIT,PIT,IND,Calvin Austin III,00-0037837,WR,tgt,4.398,1.0,2.0,4.0,6.0,8.0
2025_09_IND_PIT,PIT,IND,Calvin Austin III,00-0037837,WR,rec,2.741,1.0,1.0,2.0,4.0,5.0
2025_09_IND_PIT,PIT,IND,Calvin Austin III,00-0037837,WR,rec_yds,35.952,0.0,12.705,29.06,51.837,78.571
2025_09_IND_PIT,PIT,IND,Calvin Austin III,00-0037837,WR,anytime_td,0.221,0.0,0.0,0.0,0.0,1.0
2025_09_IND_PIT,PIT,IND,Roman Wilson,00-0039739,WR,car,0.011,0.0,0.0,0.0,0.0,0.0
2025_09_IND_PIT,PIT,IND,Roman Wilson,00-0039739,WR,rush_yds,0.065,0.0,0.0,0.0,0.0,0.0
2025_09_IND_PIT,PIT,IND,Roman Wilson,00-0039739,WR,tgt,1.892,0.0,1.0,1.0,3.0,4.0
2025_09_IND_PIT,PIT,IND,Roman Wilson,00-0039739,WR,rec,1.264,0.0,0.0,1.0,2.0,3.0
2025_09_IND_PIT,PIT,IND,Roman Wilson,00-0039739,WR,rec_yds,17.333,0.0,0.0,9.371,26.355,47.453
2025_09_IND_PIT,PIT,IND,Roman Wilson,00-0039739,WR,anytime_td,0.124,0.0,0.0,0.0,0.0,1.0
2025_09_IND_PIT,PIT,IND,Pat Freiermuth,00-0036894,TE,car,0.001,0.0,0.0,0.0,0.0,0.0
2025_09_IND_PIT,PIT,IND,Pat Freiermuth,00-0036894,TE,rush_yds,0.001,0.0,0.0,0.0,0.0,0.0
2025_09_IND_PIT,PIT,IND,Pat Freiermuth,00-0036894,TE,tgt,3.643,1.0,2.0,3.0,5.0,7.0
2025_09_IND_PIT,PIT,IND,Pat Freiermuth,00-0036894,TE,rec,2.643,0.0,1.0,2.0,4.0,5.0
2025_09_IND_PIT,PIT,IND,Pat Freiermuth,00-0036894,TE,rec_yds,30.179,0.0,9.947,24.471,43.946,66.057
2025_09_IND_PIT,PIT,IND,Pat Freiermuth,00-0036894,TE,anytime_td,0.221,0.0,0.0,0.0,0.0,1.0
2025_09_IND_PIT,PIT,IND,Jonnu Smith,00-0033858,TE,car,0.133,0.0,0.0,0.0,0.0,0.0
2025_09_IND_PIT,PIT,IND,Jonnu Smith,00-0033858,TE,rush_yds,0.308,0.0,0.0,0.0,0.0,0.0
2025_09_IND_PIT,PIT,IND,Jonnu Smith,00-0033858,TE,tgt,4.529,1.0,3.0,4.0,6.0,8.0
2025_09_IND_PIT,PIT,IND,Jonnu Smith,00-0033858,TE,rec,3.243,1.0,2.0,3.0,4.0,6.0
2025_09_IND_PIT,PIT,IND,Jonnu Smith,00-0033858,TE,rec_yds,31.507,4.083,12.815,26.245,44.424,65.595
2025_09_IND_PIT,PIT,IND,Jonnu Smith,00-0033858,TE,anytime_td,0.226,0.0,0.0,0.0,0.0,1.0
2025_09_IND_PIT,PIT,IND,Kenny Gainwell,00-0036919,RB,car,5.578,1.0,3.0,5.0,8.0,11.0
2025_09_IND_PIT,PIT,IND,Kenny Gainwell,00-0036919,RB,rush_yds,23.63,1.066,6.799,17.083,33.207,54.611
2025_09_IND_PIT,PIT,IND,Kenny Gainwell,00-0036919,RB,tgt,3.38,1.0,2.0,3.0,5.0,6.0
2025_09_IND_PIT,PIT,IND,Kenny Gainwell,00-0036919,RB,rec,2.752,0.0,1.0,2.0,4.0,5.0
2025_09_IND_PIT,PIT,IND,Kenny Gainwell,00-0036919,RB,rec_yds,17.92,0.0,4.836,13.576,25.96,41.468
2025_09_IND_PIT,PIT,IND,Kenny Gainwell,00-0036919,RB,anytime_td,0.321,0.0,0.0,0.0,1.0,1.0
2025_09_IND_PIT,PIT,IND,Ben Skowronek,00-0036862,WR,car,0.007,0.0,0.0,0.0,0.0,0.0
2025_09_IND_PIT,PIT,IND,Ben Skowronek,00-0036862,WR,rush_yds,0.042,0.0,0.0,0.0,0.0,0.0
2025_09_IND_PIT,PIT,IND,Ben Skowronek,00-0036862,WR,tgt,0.62,0.0,0.0,0.0,1.0,2.0
2025_09_IND_PIT,PIT,IND,Ben Skowronek,00-0036862,WR,rec,0.389,0.0,0.0,0.0,1.0,1.0
2025_09_IND_PIT,PIT,IND,Ben Skowronek,00-0036862,WR,rec_yds,5.588,0.0,0.0,0.0,4.077,19.466
2025_09_IND_PIT,PIT,IND,Ben Skowronek,00-0036862,WR,anytime_td,0.036,0.0,0.0,0.0,0.0,0.0
2025_09_IND_PIT,PIT,IND,Kaleb Johnson,00-0040142,RB,car,3.269,0.0,1.0,2.0,5.0,7.0
2025_09_IND_PIT,PIT,IND,Kaleb Johnson,00-0040142,RB,rush_yds,12.826,0.0,0.917,7.36,18.234,33.563
2025_09_IND_PIT,PIT,IND,Kaleb Johnson,00-0040142,RB,tgt,0.364,0.0,0.0,0.0,0.0,1.0
2025_09_IND_PIT,PIT,IND,Kaleb Johnson,00-0040142,RB,rec,0.275,0.0,0.0,0.0,0.0,1.0
2025_09_IND_PIT,PIT,IND,Kaleb Johnson,00-0040142,RB,rec_yds,2.183,0.0,0.0,0.0,0.0,8.036
2025_09_IND_PIT,PIT,IND,Kaleb Johnson,00-0040142,RB,anytime_td,0.097,0.0,0.0,0.0,0.0,0.0
2025_09_IND_PIT,PIT,IND,Trey Sermon,00-0036984,RB,car,1.725,0.0,0.0,1.0,3.0,5.0
2025_09_IND_PIT,PIT,IND,Trey Sermon,00-0036984,RB,rush_yds,7.172,0.0,0.0,1.786,9.292,21.529
2025_09_IND_PIT,PIT,IND,Trey Sermon,00-0036984,RB,tgt,1.112,0.0,0.0,1.0,2.0,3.0
2025_09_IND_PIT,PIT,IND,Trey Sermon,00-0036984,RB,rec,0.853,0.0,0.0,1.0,1.0,2.0
2025_09_IND_PIT,PIT,IND,Trey Sermon,00-0036984,RB,rec_yds,6.554,0.0,0.0,0.0,9.515,21.107
2025_09_IND_PIT,PIT,IND,Trey Sermon,00-0036984,RB,anytime_td,0.092,0.0,0.0,0.0,0.0,0.0
2025_09_IND_PIT,IND,PIT,Daniel Jones,00-0035710,QB,att,31.959,21.0,27.0,33.0,38.0,43.0
2025_09_IND_PIT,IND,PIT,Daniel Jones,00-0035710,QB,cmp,22.079,14.0,18.0,23.0,27.0,30.0
2025_09_IND_PIT,IND,PIT,Daniel Jones,00-0035710,QB,pass_yds,258.282,156.356,208.108,258.858,313.89,366.163
2025_09_IND_PIT,IND,PIT,Daniel Jones,00-0035710,QB,pass_td,1.687,0.0,1.0,2.0,2.0,3.0
2025_09_IND_PIT,IND,PIT,Daniel Jones,00-0035710,QB,ints,0.614,0.0,0.0,0.0,1.0,2.0
2025_09_IND_PIT,IND,PIT,Daniel Jones,00-0035710,QB,car,3.716,1.0,2.0,3.0,5.0,7.0
2025_09_IND_PIT,IND,PIT,Daniel Jones,00-0035710,QB,rush_yds,13.989,-1.0,1.843,9.608,21.137,35.549
2025_09_IND_PIT,IND,PIT,Daniel Jones,00-0035710,QB,tgt,0.0,0.0,0.0,0.0,0.0,0.0
2025_09_IND_PIT,IND,PIT,Daniel Jones,00-0035710,QB,rec,0.0,0.0,0.0,0.0,0.0,0.0
2025_09_IND_PIT,IND,PIT,Daniel Jones,00-0035710,QB,rec_yds,0.003,0.0,0.0,0.0,0.0,0.0
2025_09_IND_PIT,IND,PIT,Daniel Jones,00-0035710,QB,anytime_td,0.248,0.0,0.0,0.0,0.0,1.0
2025_09_IND_PIT,IND,PIT,Alec Pierce,00-0037664,WR,car,0.01,0.0,0.0,0.0,0.0,0.0
2025_09_IND_PIT,IND,PIT,Alec Pierce,00-0037664,WR,rush_yds,0.084,0.0,0.0,0.0,0.0,0.0
2025_09_IND_PIT,IND,PIT,Alec Pierce,00-0037664,WR,tgt,5.211,2.0,3.0,5.0,7.0,9.0
2025_09_IND_PIT,IND,PIT,Alec Pierce,00-0037664,WR,rec,3.185,1.0,2.0,3.0,4.0,6.0
2025_09_IND_PIT,IND,PIT,Alec Pierce,00-0037664,WR,rec_yds,51.098,6.0,19.759,42.338,73.295,108.409
2025_09_IND_PIT,IND,PIT,Alec Pierce,00-0037664,WR,anytime_td,0.152,0.0,0.0,0.0,0.0,1.0
2025_09_IND_PIT,IND,PIT,Michael Pittman,00-0036252,WR,car,0.007,0.0,0.0,0.0,0.0,0.0
2025_09_IND_PIT,IND,PIT,Michael Pittman,00-0036252,WR,rush_yds,0.039,0.0,0.0,0.0,0.0,0.0
2025_09_IND_PIT,IND,PIT,Michael Pittman,00-0036252,WR,tgt,6.87,3.0,4.0,7.0,9.0,11.0
2025_09_IND_PIT,IND,PIT,Michael Pittman,00-0036252,WR,rec,5.003,2.0,3.0,5.0,7.0,9.0
2025_09_IND_PIT,IND,PIT,Michael Pittman,00-0036252,WR,rec_yds,58.767,15.866,30.658,52.693,81.106,109.856
2025_09_IND_PIT,IND,PIT,Michael Pittman,00-0036252,WR,anytime_td,0.419,0.0,0.0,0.0,1.0,1.0
2025_09_IND_PIT,IND,PIT,Tyler Warren,00-0040128,TE,car,0.349,0.0,0.0,0.0,0.0,1.0
2025_09_IND_PIT,IND,PIT,Tyler Warren,00-0040128,TE,rush_yds,0.78,0.0,0.0,0.0,0.0,1.981
2025_09_IND_PIT,IND,PIT,Tyler Warren,00-0040128,TE,tgt,5.757,2.0,4.0,5.0,8.0,10.0
2025_09_IND_PIT,IND,PIT,Tyler Warren,00-0040128,TE,rec,4.37,1.0,3.0,4.0,6.0,8.0
2025_09_IND_PIT,IND,PIT,Tyler Warren,00-0040128,TE,rec_yds,52.383,11.854,25.641,46.753,71.869,102.287
2025_09_IND_PIT,IND,PIT,Tyler Warren,00-0040128,TE,anytime_td,0.33,0.0,0.0,0.0,1.0,1.0
2025_09_IND_PIT,IND,PIT,Jonathan Taylor,00-0036223,RB,car,16.858,9.0,12.0,16.0,21.0,25.0
2025_09_IND_PIT,IND,PIT,Jonathan Taylor,00-0036223,RB,rush_yds,86.338,32.557,52.015,78.415,112.093,150.29
2025_09_IND_PIT,IND,PIT,Jonathan Taylor,00-0036223,RB,tgt,2.94,0.0,1.0,3.0,4.0,6.0
2025_09_IND_PIT,IND,PIT,Jonathan Taylor,00-0036223,RB,rec,2.495,0.0,1.0,2.0,4.0,5.0
2025_09_IND_PIT,IND,PIT,Jonathan Taylor,00-0036223,RB,rec_yds,18.962,0.0,4.264,13.857,27.743,45.162
2025_09_IND_PIT,IND,PIT,Jonathan Taylor,00-0036223,RB,anytime_td,0.649,0.0,0.0,1.0,1.0,1.0
2025_09_IND_PIT,IND,PIT,Josh Downs,00-0038997,WR,car,0.011,0.0,0.0,0.0,0.0,0.0
2025_09_IND_PIT,IND,PIT,Josh Downs,00-0038997,WR,rush_yds,0.066,0.0,0.0,0.0,0.0,0.0
2025_09_IND_PIT,IND,PIT,Josh Downs,00-0038997,WR,tgt,5.531,2.0,3.0,5.0,7.0,9.0
2025_09_IND_PIT,IND,PIT,Josh Downs,00-0038997,WR,rec,3.987,1.0,2.0,4.0,5.0,7.0
2025_09_IND_PIT,IND,PIT,Josh Downs,00-0038997,WR,rec_yds,45.524,8.691,20.939,39.674,63.896,90.392
2025_09_IND_PIT,IND,PIT,Josh Downs,00-0038997,WR,anytime_td,0.294,0.0,0.0,0.0,1.0,1.0
2025_09_IND_PIT,IND,PIT,Mo Alie-Cox,00-0033217,TE,car,0.002,0.0,0.0,0.0,0.0,0.0
2025_09_IND_PIT,IND,PIT,Mo Alie-Cox,00-0033217,TE,rush_yds,0.007,0.0,0.0,0.0,0.0,0.0
2025_09_IND_PIT,IND,PIT,Mo Alie-Cox,00-0033217,TE,tgt,0.874,0.0,0.0,0.0,1.0,2.0
2025_09_IND_PIT,IND,PIT,Mo Alie-Cox,00-0033217,TE,rec,0.628,0.0,0.0,0.0,1.0,2.0
2025_09_IND_PIT,IND,PIT,Mo Alie-Cox,00-0033217,TE,rec_yds,6.75,0.0,0.0,0.0,9.318,22.484
2025_09_IND_PIT,IND,PIT,Mo Alie-Cox,00-0033217,TE,anytime_td,0.015,0.0,0.0,0.0,0.0,0.0
2025_09_IND_PIT,IND,PIT,Tyler Goodson,00-0037120,RB,car,1.643,0.0,0.0,1.0,2.0,5.0
2025_09_IND_PIT,IND,PIT,Tyler Goodson,00-0037120,RB,rush_yds,6.743,0.0,0.0,0.909,8.738,20.579
2025_09_IND_PIT,IND,PIT,Tyler Goodson,00-0037120,RB,tgt,0.532,0.0,0.0,0.0,1.0,2.0
2025_09_IND_PIT,IND,PIT,Tyler Goodson,00-0037120,RB,rec,0.431,0.0,0.0,0.0,1.0,1.0
2025_09_IND_PIT,IND,PIT,Tyler Goodson,00-0037120,RB,rec_yds,3.162,0.0,0.0,0.0,2.113,11.063
2025_09_IND_PIT,IND,PIT,Tyler Goodson,00-0037120,RB,anytime_td,0.065,0.0,0.0,0.0,0.0,0.0
2025_09_IND_PIT,IND,PIT,Ashton Dulin,00-0035021,WR,car,0.2,0.0,0.0,0.0,0.0,1.0
2025_09_IND_PIT,IND,PIT,Ashton Dulin,00-0035021,WR,rush_yds,1.062,0.0,0.0,0.0,0.0,0.0
2025_09_IND_PIT,IND,PIT,Ashton Dulin,00-0035021,WR,tgt,1.133,0.0,0.0,1.0,2.0,3.0
2025_09_IND_PIT,IND,PIT,Ashton Dulin,00-0035021,WR,rec,0.736,0.0,0.0,0.0,1.0,2.0
2025_09_IND_PIT,IND,PIT,Ashton Dulin,00-0035021,WR,rec_yds,9.544,0.0,0.0,0.0,13.807,30.509
2025_09_IND_PIT,IND,PIT,Ashton Dulin,00-0035021,WR,anytime_td,0.023,0.0,0.0,0.0,0.0,0.0
2025_09_IND_PIT,IND,PIT,Ameer Abdullah,00-0032104,RB,car,3.23,0.0,1.0,2.0,5.0,8.0
2025_09_IND_PIT,IND,PIT,Ameer Abdullah,00-0032104,RB,rush_yds,13.814,0.0,0.959,7.937,19.637,36.325
2025_09_IND_PIT,IND,PIT,Ameer Abdullah,00-0032104,RB,tgt,1.39,0.0,0.0,1.0,2.0,3.0
2025_09_IND_PIT,IND,PIT,Ameer Abdullah,00-0032104,RB,rec,1.152,0.0,0.0,1.0,2.0,3.0
2025_09_IND_PIT,IND,PIT,Ameer Abdullah,00-0032104,RB,rec_yds,8.669,0.0,0.0,3.127,12.884,25.615
2025_09_IND_PIT,IND,PIT,Ameer Abdullah,00-0032104,RB,anytime_td,0.187,0.0,0.0,0.0,0.0,1.0
2025_09_IND_PIT,IND,PIT,Adonai Mitchell,00-0039890,WR,car,0.036,0.0,0.0,0.0,0.0,0.0
2025_09_IND_PIT,IND,PIT,Adonai Mitchell,00-0039890,WR,rush_yds,0.184,0.0,0.0,0.0,0.0,0.0
2025_09_IND_PIT,IND,PIT,Adonai Mitchell,00-0039890,WR,tgt,2.118,0.0,1.0,2.0,3.0,5.0
2025_09_IND_PIT,IND,PIT,Adonai Mitchell,00-0039890,WR,rec,1.32,0.0,0.0,1.0,2.0,3.0
2025_09_IND_PIT,IND,PIT,Adonai Mitchell,00-0039890,WR,rec_yds,18.205,0.0,0.0,10.406,27.897,48.618
2025_09_IND_PIT,IND,PIT,Adonai Mitchell,00-0039890,WR,anytime_td,0.039,0.0,0.0,0.0,0.0,0.0
2025_09_JAX_LV,LV,JAX,Geno Smith,00-0030565,QB,att,30.198,20.0,26.0,31.0,36.0,41.0
2025_09_JAX_LV,LV,JAX,Geno Smith,00-0030565,QB,cmp,19.04,12.0,16.0,19.0,23.0,27.0
2025_09_JAX_LV,LV,JAX,Geno Smith,00-0030565,QB,pass_yds,197.157,115.919,154.862,197.125,241.436,285.075
2025_09_JAX_LV,LV,JAX,Geno Smith,00-0030565,QB,pass_td,1.017,0.0,0.0,1.0,2.0,2.0
2025_09_JAX_LV,LV,JAX,Geno Smith,00-0030565,QB,ints,0.777,0.0,0.0,1.0,1.0,2.0
2025_09_JAX_LV,LV,JAX,Geno Smith,00-0030565,QB,car,3.296,0.0,1.0,3.0,5.0,7.0
2025_09_JAX_LV,LV,JAX,Geno Smith,00-0030565,QB,rush_yds,13.042,-0.485,1.021,9.095,20.153,32.337
2025_09_JAX_LV,LV,JAX,Geno Smith,00-0030565,QB,tgt,0.0,0.0,0.0,0.0,0.0,0.0
2025_09_JAX_LV,LV,JAX,Geno Smith,00-0030565,QB,rec,0.0,0.0,0.0,0.0,0.0,0.0
2025_09_JAX_LV,LV,JAX,Geno Smith,00-0030565,QB,rec_yds,0.0,0.0,0.0,0.0,0.0,0.0
2025_09_JAX_LV,LV,JAX,Geno Smith,00-0030565,QB,anytime_td,0.051,0.0,0.0,0.0,0.0,0.0
2025_09_JAX_LV,LV,JAX,Tre Tucker,00-0038563,WR,car,0.63,0.0,0.0,0.0,1.0,2.0
2025_09_JAX_LV,LV,JAX,Tre Tucker,00-0038563,WR,rush_yds,3.176,0.0,0.0,0.0,0.0,10.937
2025_09_JAX_LV,LV,JAX,Tre Tucker,00-0038563,WR,tgt,5.747,2.0,4.0,5.0,8.0,10.0
2025_09_JAX_LV,LV,JAX,Tre Tucker,00-0038563,WR,rec,3.708,1.0,2.0,3.0,5.0,7.0
2025_09_JAX_LV,LV,JAX,Tre Tucker,00-0038563,WR,rec_yds,44.803,7.368,20.365,38.854,62.762,90.13
2025_09_JAX_LV,LV,JAX,Tre Tucker,00-0038563,WR,anytime_td,0.277,0.0,0.0,0.0,1.0,1.0
2025_09_JAX_LV,LV,JAX,Ashton Jeanty,00-0040122,RB,car,15.878,8.0,12.0,15.0,20.0,24.0
2025_09_JAX_LV,LV,JAX,Ashton Jeanty,00-0040122,RB,rush_yds,60.706,22.391,35.927,53.775,78.934,107.14
2025_09_JAX_LV,LV,JAX,Ashton Jeanty,00-0040122,RB,tgt,3.154,1.0,1.0,3.0,4.0,6.0
2025_09_JAX_LV,LV,JAX,Ashton Jeanty,00-0040122,RB,rec,2.3,0.0,1.0,2.0,3.0,5.0
2025_09_JAX_LV,LV,JAX,Ashton Jeanty,00-0040122,RB,rec_yds,15.905,0.0,3.231,11.468,23.365,37.899
2025_09_JAX_LV,LV,JAX,Ashton Jeanty,00-0040122,RB,anytime_td,0.49,0.0,0.0,0.0,1.0,1.0
2025_09_JAX_LV,LV,JAX,Jakobi Meyers,00-0034960,WR,car,0.024,0.0,0.0,0.0,0.0,0.0
2025_09_JAX_LV,LV,JAX,Jakobi Meyers,00-0034960,WR,rush_yds,0.125,0.0,0.0,0.0,0.0,0.0
2025_09_JAX_LV,LV,JAX,Jakobi Meyers,00-0034960,WR,tgt,7.035,3.0,5.0,7.0,9.0,11.0
2025_09_JAX_LV,LV,JAX,Jakobi Meyers,00-0034960,WR,rec,4.374,2.0,3.0,4.0,6.0,8.0
2025_09_JAX_LV,LV,JAX,Jakobi Meyers,00-0034960,WR,rec_yds,50.666,12.343,24.789,44.982,69.608,96.847
2025_09_JAX_LV,LV,JAX,Jakobi Meyers,00-0034960,WR,anytime_td,0.13,0.0,0.0,0.0,0.0,1.0
2025_09_JAX_LV,LV,JAX,Michael Mayer,00-0039066,TE,car,0.002,0.0,0.0,0.0,0.0,0.0
2025_09_JAX_LV,LV,JAX,Michael Mayer,00-0039066,TE,rush_yds,0.009,0.0,0.0,0.0,0.0,0.0
2025_09_JAX_LV,LV,JAX,Michael Mayer,00-0039066,TE,tgt,3.288,1.0,2.0,3.0,5.0,6.0
2025_09_JAX_LV,LV,JAX,Michael Mayer,00-0039066,TE,rec,2.236,0.0,1.0,2.0,3.0,5.0
2025_09_JAX_LV,LV,JAX,Michael Mayer,00-0039066,TE,rec_yds,21.001,0.0,6.011,16.363,30.566,48.325
2025_09_JAX_LV,LV,JAX,Michael Mayer,00-0039066,TE,anytime_td,0.146,0.0,0.0,0.0,0.0,1.0
2025_09_JAX_LV,LV,JAX,Brock Bowers,00-0039338,TE,car,0.121,0.0,0.0,0.0,0.0,0.0
2025_09_JAX_LV,LV,JAX,Brock Bowers,00-0039338,TE,rush_yds,0.228,0.0,0.0,0.0,0.0,0.0
2025_09_JAX_LV,LV,JAX,Brock Bowers,00-0039338,TE,tgt,7.032,3.0,5.0,7.0,9.0,11.0
2025_09_JAX_LV,LV,JAX,Brock Bowers,00-0039338,TE,rec,4.773,2.0,3.0,4.0,6.0,8.0
2025_09_JAX_LV,LV,JAX,Brock Bowers,00-0039338,TE,rec_yds,49.204,13.141,26.049,44.629,67.005,90.319
2025_09_JAX_LV,LV,JAX,Brock Bowers,00-0039338,TE,anytime_td,0.13,0.0,0.0,0.0,0.0,1.0
2025_09_JAX_LV,LV,JAX,Tyler Lockett,00-0032211,WR,car,0.02,0.0,0.0,0.0,0.0,0.0
2025_09_JAX_LV,LV,JAX,Tyler Lockett,00-0032211,WR,rush_yds,0.089,0.0,0.0,0.0,0.0,0.0
2025_09_JAX_LV,LV,JAX,Tyler Lockett,00-0032211,WR,tgt,2.892,0.0,1.0,3.0,4.0,6.0
2025_09_JAX_LV,LV,JAX,Tyler Lockett,00-0032211,WR,rec,1.64,0.0,0.0,1.0,2.0,4.0
2025_09_JAX_LV,LV,JAX,Tyler Lockett,00-0032211,WR,rec_yds,18.449,0.0,0.0,12.263,27.968,47.073
2025_09_JAX_LV,LV,JAX,Tyler Lockett,00-0032211,WR,anytime_td,0.064,0.0,0.0,0.0,0.0,0.0
2025_09_JAX_LV,LV,JAX,Ian Thomas,00-0034365,TE,car,0.001,0.0,0.0,0.0,0.0,0.0
2025_09_JAX_LV,LV,JAX,Ian Thomas,00-0034365,TE,rush_yds,0.0,0.0,0.0,0.0,0.0,0.0
2025_09_JAX_LV,LV,JAX,Ian Thomas,00-0034365,TE,tgt,0.849,0.0,0.0,0.0,1.0,2.0
2025_09_JAX_LV,LV,JAX,Ian Thomas,00-0034365,TE,rec,0.592,0.0,0.0,0.0,1.0,2.0
2025_09_JAX_LV,LV,JAX,Ian Thomas,00-0034365,TE,rec_yds,5.623,0.0,0.0,0.0,7.893,19.142
2025_09_JAX_LV,LV,JAX,Ian Thomas,00-0034365,TE,anytime_td,0.011,0.0,0.0,0.0,0.0,0.0
2025_09_JAX_LV,LV,JAX,Raheem Mostert,00-0031687,RB,car,4.527,1.0,2.0,4.0,6.0,10.0
2025_09_JAX_LV,LV,JAX,Raheem Mostert,00-0031687,RB,rush_yds,17.347,0.0,3.714,11.225,24.417,42.107
2025_09_JAX_LV,LV,JAX,Raheem Mostert,00-0031687,RB,tgt,0.959,0.0,0.0,1.0,1.0,3.0
2025_09_JAX_LV,LV,JAX,Raheem Mostert,00-0031687,RB,rec,0.721,0.0,0.0,0.0,1.0,2.0
2025_09_JAX_LV,LV,JAX,Raheem Mostert,00-0031687,RB,rec_yds,4.999,0.0,0.0,0.0,6.94,16.177
2025_09_JAX_LV,LV,JAX,Raheem Mostert,00-0031687,RB,anytime_td,0.108,0.0,0.0,0.0,0.0,1.0
2025_09_JAX_LV,JAX,LV,Trevor Lawrence,00-0036971,QB,att,31.33,21.0,27.0,32.0,37.0,42.0
2025_09_JAX_LV,JAX,LV,Trevor Lawrence,00-0036971,QB,cmp,20.166,13.0,17.0,21.0,24.0,28.0
2025_09_JAX_LV,JAX,LV,Trevor Lawrence,00-0036971,QB,pass_yds,212.042,125.864,167.795,212.664,257.487,305.497
2025_09_JAX_LV,JAX,LV,Trevor Lawrence,00-0036971,QB,pass_td,1.228,0.0,0.0,1.0,2.0,3.0
2025_09_JAX_LV,JAX,LV,Trevor Lawrence,00-0036971,QB,ints,0.619,0.0,0.0,0.0,1.0,2.0
2025_09_JAX_LV,JAX,LV,Trevor Lawrence,00-0036971,QB,car,3.888,1.0,2.0,3.0,5.0,7.0
2025_09_JAX_LV,JAX,LV,Trevor Lawrence,00-0036971,QB,rush_yds,16.299,0.0,3.901,12.68,24.384,37.122
2025_09_JAX_LV,JAX,LV,Trevor Lawrence,00-0036971,QB,tgt,0.001,0.0,0.0,0.0,0.0,0.0
2025_09_JAX_LV,JAX,LV,Trevor Lawrence,00-0036971,QB,rec,0.0,0.0,0.0,0.0,0.0,0.0
2025_09_JAX_LV,JAX,LV,Trevor Lawrence,00-0036971,QB,rec_yds,0.001,0.0,0.0,0.0,0.0,0.0
2025_09_JAX_LV,JAX,LV,Trevor Lawrence,00-0036971,QB,anytime_td,0.213,0.0,0.0,0.0,0.0,1.0
2025_09_JAX_LV,JAX,LV,Parker Washington,00-0038606,WR,car,0.701,0.0,0.0,0.0,1.0,2.0
2025_09_JAX_LV,JAX,LV,Parker Washington,00-0038606,WR,rush_yds,3.399,0.0,0.0,0.0,0.987,11.98
2025_09_JAX_LV,JAX,LV,Parker Washington,00-0038606,WR,tgt,5.798,2.0,4.0,5.0,8.0,10.0
2025_09_JAX_LV,JAX,LV,Parker Washington,00-0038606,WR,rec,3.475,1.0,2.0,3.0,5.0,6.0
2025_09_JAX_LV,JAX,LV,Parker Washington,00-0038606,WR,rec_yds,40.738,5.774,17.097,34.929,58.022,83.114
2025_09_JAX_LV,JAX,LV,Parker Washington,00-0038606,WR,anytime_td,0.183,0.0,0.0,0.0,0.0,1.0
2025_09_JAX_LV,JAX,LV,Hunter Long,00-0037004,TE,car,0.003,0.0,0.0,0.0,0.0,0.0
2025_09_JAX_LV,JAX,LV,Hunter Long,00-0037004,TE,rush_yds,0.004,0.0,0.0,0.0,0.0,0.0
2025_09_JAX_LV,JAX,LV,Hunter Long,00-0037004,TE,tgt,2.218,0.0,1.0,2.0,3.0,5.0
2025_09_JAX_LV,JAX,LV,Hunter Long,00-0037004,TE,rec,1.67,0.0,1.0,1.0,2.0,4.0
2025_09_JAX_LV,JAX,LV,Hunter Long,00-0037004,TE,rec_yds,15.299,0.0,0.0,10.191,23.344,38.363
2025_09_JAX_LV,JAX,LV,Hunter Long,00-0037004,TE,anytime_td,0.132,0.0,0.0,0.0,0.0,1.0
2025_09_JAX_LV,JAX,LV,Brian Thomas Jr.,00-0039893,WR,car,0.288,0.0,0.0,0.0,0.0,1.0
2025_09_JAX_LV,JAX,LV,Brian Thomas Jr.,00-0039893,WR,rush_yds,1.39,0.0,0.0,0.0,0.0,2.352
2025_09_JAX_LV,JAX,LV,Brian Thomas Jr.,00-0039893,WR,tgt,8.947,4.0,6.0,9.0,11.0,14.0
2025_09_JAX_LV,JAX,LV,Brian Thomas Jr.,00-0039893,WR,rec,5.607,2.0,4.0,5.0,7.0,9.0
2025_09_JAX_LV,JAX,LV,Brian Thomas Jr.,00-0039893,WR,rec_yds,68.828,20.386,38.423,63.196,91.956,123.097
2025_09_JAX_LV,JAX,LV,Brian Thomas Jr.,00-0039893,WR,anytime_td,0.247,0.0,0.0,0.0,0.0,1.0
2025_09_JAX_LV,JAX,LV,Dyami Brown,00-0036626,WR,car,0.532,0.0,0.0,0.0,0.0,2.0
2025_09_JAX_LV,JAX,LV,Dyami Brown,00-0036626,WR,rush_yds,2.812,0.0,0.0,0.0,0.0,9.812
2025_09_JAX_LV,JAX,LV,Dyami Brown,00-0036626,WR,tgt,4.781,2.0,3.0,4.0,6.0,9.0
2025_09_JAX_LV,JAX,LV,Dyami Brown,00-0036626,WR,rec,3.111,1.0,2.0,3.0,4.0,6.0
2025_09_JAX_LV,JAX,LV,Dyami Brown,00-0036626,WR,rec_yds,37.15,4.191,14.094,30.842,53.636,78.021
2025_09_JAX_LV,JAX,LV,Dyami Brown,00-0036626,WR,anytime_td,0.138,0.0,0.0,0.0,0.0,1.0
2025_09_JAX_LV,JAX,LV,Travis Etienne,00-0036973,RB,car,13.936,7.0,10.0,13.0,18.0,22.0
2025_09_JAX_LV,JAX,LV,Travis Etienne,00-0036973,RB,rush_yds,57.054,18.412,31.712,50.768,74.787,104.321
2025_09_JAX_LV,JAX,LV,Travis Etienne,00-0036973,RB,tgt,3.659,1.0,2.0,3.0,5.0,7.0
2025_09_JAX_LV,JAX,LV,Travis Etienne,00-0036973,RB,rec,2.815,1.0,1.0,2.0,4.0,6.0
2025_09_JAX_LV,JAX,LV,Travis Etienne,00-0036973,RB,rec_yds,18.94,0.0,5.547,14.492,27.868,43.148
2025_09_JAX_LV,JAX,LV,Travis Etienne,00-0036973,RB,anytime_td,0.307,0.0,0.0,0.0,1.0,1.0
2025_09_JAX_LV,JAX,LV,Johnny Mundt,00-0033246,TE,car,0.001,0.0,0.0,0.0,0.0,0.0
2025_09_JAX_LV,JAX,LV,Johnny Mundt,00-0033246,TE,rush_yds,0.0,0.0,0.0,0.0,0.0,0.0
2025_09_JAX_LV,JAX,LV,Johnny Mundt,00-0033246,TE,tgt,1.834,0.0,1.0,1.0,3.0,4.0
2025_09_JAX_LV,JAX,LV,Johnny Mundt,00-0033246,TE,rec,1.285,0.0,0.0,1.0,2.0,3.0
2025_09_JAX_LV,JAX,LV,Johnny Mundt,00-0033246,TE,rec_yds,12.269,0.0,0.0,7.036,18.685,33.582
2025_09_JAX_LV,JAX,LV,Johnny Mundt,00-0033246,TE,anytime_td,0.027,0.0,0.0,0.0,0.0,0.0
2025_09_JAX_LV,JAX,LV,Austin Trammell,00-0036841,WR,car,0.039,0.0,0.0,0.0,0.0,0.0
2025_09_JAX_LV,JAX,LV,Austin Trammell,00-0036841,WR,rush_yds,0.198,0.0,0.0,0.0,0.0,0.0
2025_09_JAX_LV,JAX,LV,Austin Trammell,00-0036841,WR,tgt,1.941,0.0,1.0,2.0,3.0,4.0
2025_09_JAX_LV,JAX,LV,Austin Trammell,00-0036841,WR,rec,1.279,0.0,0.0,1.0,2.0,3.0
2025_09_JAX_LV,JAX,LV,Austin Trammell,00-0036841,WR,rec_yds,15.323,0.0,0.0,8.482,23.093,41.923
2025_09_JAX_LV,JAX,LV,Austin Trammell,00-0036841,WR,anytime_td,0.041,0.0,0.0,0.0,0.0,0.0
2025_09_JAX_LV,JAX,LV,LeQuint Allen Jr.,00-0040238,RB,car,0.842,0.0,0.0,0.0,1.0,3.0
2025_09_JAX_LV,JAX,LV,LeQuint Allen Jr.,00-0040238,RB,rush_yds,3.171,0.0,0.0,0.0,2.762,10.62
2025_09_JAX_LV,JAX,LV,LeQuint Allen Jr.,00-0040238,RB,tgt,0.995,0.0,0.0,1.0,2.0,3.0
2025_09_JAX_LV,JAX,LV,LeQuint Allen Jr.,00-0040238,RB,rec,0.819,0.0,0.0,0.0,1.0,2.0
2025_09_JAX_LV,JAX,LV,LeQuint Allen Jr.,00-0040238,RB,rec_yds,5.435,0.0,0.0,0.0,7.907,17.669
2025_09_JAX_LV,JAX,LV,LeQuint Allen Jr.,00-0040238,RB,anytime_td,0.02,0.0,0.0,0.0,0.0,0.0
2025_09_JAX_LV,JAX,LV,Bhayshul Tuten,00-0040719,RB,car,4.99,1.0,2.0,4.0,7.0,10.0
2025_09_JAX_LV,JAX,LV,Bhayshul Tuten,00-0040719,RB,rush_yds,19.131,0.0,4.961,13.546,26.854,45.099
2025_09_JAX_LV,JAX,LV,Bhayshul Tuten,00-0040719,RB,tgt,1.326,0.0,0.0,1.0,2.0,3.0
2025_09_JAX_LV,JAX,LV,Bhayshul Tuten,00-0040719,RB,rec,1.084,0.0,0.0,1.0,2.0,3.0
2025_09_JAX_LV,JAX,LV,Bhayshul Tuten,00-0040719,RB,rec_yds,7.564,0.0,0.0,2.104,11.344,22.693
2025_09_JAX_LV,JAX,LV,Bhayshul Tuten,00-0040719,RB,anytime_td,0.181,0.0,0.0,0.0,0.0,1.0
2025_09_JAX_LV,JAX,LV,Tim Jones,00-0036497,WR,car,0.015,0.0,0.0,0.0,0.0,0.0
2025_09_JAX_LV,JAX,LV,Tim Jones,00-0036497,WR,rush_yds,0.075,0.0,0.0,0.0,0.0,0.0
2025_09_JAX_LV,JAX,LV,Tim Jones,00-0036497,WR,tgt,0.63,0.0,0.0,0.0,1.0,2.0
2025_09_JAX_LV,JAX,LV,Tim Jones,00-0036497,WR,rec,0.422,0.0,0.0,0.0,1.0,1.0
2025_09_JAX_LV,JAX,LV,Tim Jones,00-0036497,WR,rec_yds,5.111,0.0,0.0,0.0,5.291,18.484
2025_09_JAX_LV,JAX,LV,Tim Jones,00-0036497,WR,anytime_td,0.009,0.0,0.0,0.0,0.0,0.0
2025_09_KC_BUF,BUF,KC,Josh Allen,00-0034857,QB,att,27.756,18.0,23.0,28.0,33.0,37.0
2025_09_KC_BUF,BUF,KC,Josh Allen,00-0034857,QB,cmp,19.162,12.0,16.0,19.0,23.0,26.0
2025_09_KC_BUF,BUF,KC,Josh Allen,00-0034857,QB,pass_yds,219.517,129.744,172.455,219.046,268.161,314.451
2025_09_KC_BUF,BUF,KC,Josh Allen,00-0034857,QB,pass_td,1.524,0.0,1.0,1.0,2.0,3.0
2025_09_KC_BUF,BUF,KC,Josh Allen,00-0034857,QB,ints,0.613,0.0,0.0,0.0,1.0,2.0
2025_09_KC_BUF,BUF,KC,Josh Allen,00-0034857,QB,car,6.147,2.0,3.0,6.0,8.0,11.0
2025_09_KC_BUF,BUF,KC,Josh Allen,00-0034857,QB,rush_yds,30.73,4.342,13.196,26.864,43.423,62.618
2025_09_KC_BUF,BUF,KC,Josh Allen,00-0034857,QB,tgt,0.001,0.0,0.0,0.0,0.0,0.0
2025_09_KC_BUF,BUF,KC,Josh Allen,00-0034857,QB,rec,0.001,0.0,0.0,0.0,0.0,0.0
2025_09_KC_BUF,BUF,KC,Josh Allen,00-0034857,QB,rec_yds,0.003,0.0,0.0,0.0,0.0,0.0
2025_09_KC_BUF,BUF,KC,Josh Allen,00-0034857,QB,anytime_td,0.423,0.0,0.0,0.0,1.0,1.0
2025_09_KC_BUF,BUF,KC,James Cook,00-0037248,RB,car,15.847,8.0,11.0,15.0,20.0,25.0
2025_09_KC_BUF,BUF,KC,James Cook,00-0037248,RB,rush_yds,79.654,28.89,45.984,71.742,104.706,141.087
2025_09_KC_BUF,BUF,KC,James Cook,00-0037248,RB,tgt,1.693,0.0,0.0,1.0,3.0,4.0
2025_09_KC_BUF,BUF,KC,James Cook,00-0037248,RB,rec,1.417,0.0,0.0,1.0,2.0,3.0
2025_09_KC_BUF,BUF,KC,James Cook,00-0037248,RB,rec_yds,10.679,0.0,0.0,6.057,16.243,29.304
2025_09_KC_BUF,BUF,KC,James Cook,00-0037248,RB,anytime_td,0.439,0.0,0.0,0.0,1.0,1.0
2025_09_KC_BUF,BUF,KC,Keon Coleman,00-0039901,WR,car,0.026,0.0,0.0,0.0,0.0,0.0
2025_09_KC_BUF,BUF,KC,Keon Coleman,00-0039901,WR,rush_yds,0.158,0.0,0.0,0.0,0.0,0.0
2025_09_KC_BUF,BUF,KC,Keon Coleman,00-0039901,WR,tgt,5.063,2.0,3.0,5.0,7.0,9.0
2025_09_KC_BUF,BUF,KC,Keon Coleman,00-0039901,WR,rec,3.4,1.0,2.0,3.0,5.0,6.0
2025_09_KC_BUF,BUF,KC,Keon Coleman,00-0039901,WR,rec_yds,40.446,6.082,16.996,34.933,57.88,82.538
2025_09_KC_BUF,BUF,KC,Keon Coleman,00-0039901,WR,anytime_td,0.226,0.0,0.0,0.0,0.0,1.0
2025_09_KC_BUF,BUF,KC,Khalil Shakir,00-0037261,WR,car,0.13,0.0,0.0,0.0,0.0,0.0
2025_09_KC_BUF,BUF,KC,Khalil Shakir,00-0037261,WR,rush_yds,0.672,0.0,0.0,0.0,0.0,0.0
2025_09_KC_BUF,BUF,KC,Khalil Shakir,00-0037261,WR,tgt,6.107,2.0,4.0,6.0,8.0,10.0
2025_09_KC_BUF,BUF,KC,Khalil Shakir,00-0037261,WR,rec,4.494,2.0,3.0,4.0,6.0,8.0
2025_09_KC_BUF,BUF,KC,Khalil Shakir,00-0037261,WR,rec_yds,55.317,13.268,27.931,49.761,76.248,105.117
2025_09_KC_BUF,BUF,KC,Khalil Shakir,00-0037261,WR,anytime_td,0.303,0.0,0.0,0.0,1.0,1.0
2025_09_KC_BUF,BUF,KC,Dawson Knox,00-0035689,TE,car,0.002,0.0,0.0,0.0,0.0,0.0
2025_09_KC_BUF,BUF,KC,Dawson Knox,00-0035689,TE,rush_yds,0.005,0.0,0.0,0.0,0.0,0.0
2025_09_KC_BUF,BUF,KC,Dawson Knox,00-0035689,TE,tgt,1.795,0.0,1.0,1.0,3.0,4.0
2025_09_KC_BUF,BUF,KC,Dawson Knox,00-0035689,TE,rec,1.338,0.0,0.0,1.0,2.0,3.0
2025_09_KC_BUF,BUF,KC,Dawson Knox,00-0035689,TE,rec_yds,14.784,0.0,0.0,9.058,22.774,38.959
2025_09_KC_BUF,BUF,KC,Dawson Knox,00-0035689,TE,anytime_td,0.116,0.0,0.0,0.0,0.0,1.0
2025_09_KC_BUF,BUF,KC,Tyrell Shavers,00-0038679,WR,car,0.013,0.0,0.0,0.0,0.0,0.0
2025_09_KC_BUF,BUF,KC,Tyrell Shavers,00-0038679,WR,rush_yds,0.053,0.0,0.0,0.0,0.0,0.0
2025_09_KC_BUF,BUF,KC,Tyrell Shavers,00-0038679,WR,tgt,1.548,0.0,0.0,1.0,2.0,4.0
2025_09_KC_BUF,BUF,KC,Tyrell Shavers,00-0038679,WR,rec,1.016,0.0,0.0,1.0,2.0,3.0
2025_09_KC_BUF,BUF,KC,Tyrell Shavers,00-0038679,WR,rec_yds,12.988,0.0,0.0,5.465,19.839,38.471
2025_09_KC_BUF,BUF,KC,Tyrell Shavers,00-0038679,WR,anytime_td,0.043,0.0,0.0,0.0,0.0,0.0
2025_09_KC_BUF,BUF,KC,Jackson Hawes,00-0040194,TE,car,0.001,0.0,0.0,0.0,0.0,0.0
2025_09_KC_BUF,BUF,KC,Jackson Hawes,00-0040194,TE,rush_yds,0.001,0.0,0.0,0.0,0.0,0.0
2025_09_KC_BUF,BUF,KC,Jackson Hawes,00-0040194,TE,tgt,1.096,0.0,0.0,1.0,2.0,3.0
2025_09_KC_BUF,BUF,KC,Jackson Hawes,00-0040194,TE,rec,0.832,0.0,0.0,1.0,1.0,2.0
2025_09_KC_BUF,BUF,KC,Jackson Hawes,00-0040194,TE,rec_yds,8.759,0.0,0.0,0.0,13.246,26.775
2025_09_KC_BUF,BUF,KC,Jackson Hawes,00-0040194,TE,anytime_td,0.079,0.0,0.0,0.0,0.0,0.0
2025_09_KC_BUF,BUF,KC,Curtis Samuel,00-0033282,WR,car,0.081,0.0,0.0,0.0,0.0,0.0
2025_09_KC_BUF,BUF,KC,Curtis Samuel,00-0033282,WR,rush_yds,0.439,0.0,0.0,0.0,0.0,0.0
2025_09_KC_BUF,BUF,KC,Curtis Samuel,00-0033282,WR,tgt,2.203,0.0,1.0,2.0,3.0,5.0
2025_09_KC_BUF,BUF,KC,Curtis Samuel,00-0033282,WR,rec,1.505,0.0,0.0,1.0,2.0,3.0
2025_09_KC_BUF,BUF,KC,Curtis Samuel,00-0033282,WR,rec_yds,18.881,0.0,0.0,11.848,28.775,49.404
2025_09_KC_BUF,BUF,KC,Curtis Samuel,00-0033282,WR,anytime_td,0.188,0.0,0.0,0.0,0.0,1.0
2025_09_KC_BUF,BUF,KC,Dalton Kincaid,00-0038933,TE,car,0.003,0.0,0.0,0.0,0.0,0.0
2025_09_KC_BUF,BUF,KC,Dalton Kincaid,00-0038933,TE,rush_yds,0.009,0.0,0.0,0.0,0.0,0.0
2025_09_KC_BUF,BUF,KC,Dalton Kincaid,00-0038933,TE,tgt,4.2,1.0,2.0,4.0,6.0,8.0
2025_09_KC_BUF,BUF,KC,Dalton Kincaid,00-0038933,TE,rec,3.201,1.0,2.0,3.0,4.0,6.0
2025_09_KC_BUF,BUF,KC,Dalton Kincaid,00-0038933,TE,rec_yds,38.751,4.417,15.555,32.839,55.622,80.327
2025_09_KC_BUF,BUF,KC,Dalton Kincaid,00-0038933,TE,anytime_td,0.246,0.0,0.0,0.0,0.0,1.0
2025_09_KC_BUF,BUF,KC,Elijah Moore,00-0036980,WR,car,0.566,0.0,0.0,0.0,0.0,2.0
2025_09_KC_BUF,BUF,KC,Elijah Moore,00-0036980,WR,rush_yds,3.067,0.0,0.0,0.0,0.0,10.584
2025_09_KC_BUF,BUF,KC,Elijah Moore,00-0036980,WR,tgt,2.587,0.0,1.0,2.0,4.0,5.0
2025_09_KC_BUF,BUF,KC,Elijah Moore,00-0036980,WR,rec,1.578,0.0,0.0,1.0,2.0,3.0
2025_09_KC_BUF,BUF,KC,Elijah Moore,00-0036980,WR,rec_yds,20.49,0.0,0.0,13.681,30.463,51.671
2025_09_KC_BUF,BUF,KC,Elijah Moore,00-0036980,WR,anytime_td,0.095,0.0,0.0,0.0,0.0,0.0
2025_09_KC_BUF,BUF,KC,Ty Johnson,00-0035537,RB,car,2.575,0.0,0.0,2.0,4.0,6.0
2025_09_KC_BUF,BUF,KC,Ty Johnson,00-0035537,RB,rush_yds,10.22,0.0,0.0,4.692,14.41,28.569
2025_09_KC_BUF,BUF,KC,Ty Johnson,00-0035537,RB,tgt,1.062,0.0,0.0,1.0,2.0,3.0
2025_09_KC_BUF,BUF,KC,Ty Johnson,00-0035537,RB,rec,0.835,0.0,0.0,1.0,1.0,2.0
2025_09_KC_BUF,BUF,KC,Ty Johnson,00-0035537,RB,rec_yds,6.36,0.0,0.0,0.0,9.334,19.843
2025_09_KC_BUF,BUF,KC,Ty Johnson,00-0035537,RB,anytime_td,0.063,0.0,0.0,0.0,0.0,0.0
2025_09_KC_BUF,BUF,KC,Ray Davis,00-0039875,RB,car,3.534,0.0,1.0,3.0,5.0,8.0
2025_09_KC_BUF,BUF,KC,Ray Davis,00-0039875,RB,rush_yds,13.32,0.0,1.479,7.574,18.983,34.447
2025_09_KC_BUF,BUF,KC,Ray Davis,00-0039875,RB,tgt,0.819,0.0,0.0,0.0,1.0,2.0
2025_09_KC_BUF,BUF,KC,Ray Davis,00-0039875,RB,rec,0.658,0.0,0.0,0.0,1.0,2.0
2025_09_KC_BUF,BUF,KC,Ray Davis,00-0039875,RB,rec_yds,4.951,0.0,0.0,0.0,6.592,16.414
2025_09_KC_BUF,BUF,KC,Ray Davis,00-0039875,RB,anytime_td,0.156,0.0,0.0,0.0,0.0,1.0
2025_09_KC_BUF,KC,BUF,Patrick Mahomes,00-0033873,QB,att,31.467,21.0,27.0,32.0,37.0,42.0
2025_09_KC_BUF,KC,BUF,Patrick Mahomes,00-0033873,QB,cmp,21.302,14.0,18.0,22.0,25.0,29.0
2025_09_KC_BUF,KC,BUF,Patrick Mahomes,00-0033873,QB,pass_yds,238.867,143.921,192.568,240.086,288.814,342.664
2025_09_KC_BUF,KC,BUF,Patrick Mahomes,00-0033873,QB,pass_td,1.709,0.0,1.0,2.0,2.0,3.0
2025_09_KC_BUF,KC,BUF,Patrick Mahomes,00-0033873,QB,ints,0.637,0.0,0.0,0.0,1.0,2.0
2025_09_KC_BUF,KC,BUF,Patrick Mahomes,00-0033873,QB,car,4.525,1.0,3.0,4.0,6.0,8.0
2025_09_KC_BUF,KC,BUF,Patrick Mahomes,00-0033873,QB,rush_yds,26.604,2.866,11.285,22.621,37.957,54.371
2025_09_KC_BUF,KC,BUF,Patrick Mahomes,00-0033873,QB,tgt,0.001,0.0,0.0,0.0,0.0,0.0
2025_09_KC_BUF,KC,BUF,Patrick Mahomes,00-0033873,QB,rec,0.0,0.0,0.0,0.0,0.0,0.0
2025_09_KC_BUF,KC,BUF,Patrick Mahomes,00-0033873,QB,rec_yds,0.002,0.0,0.0,0.0,0.0,0.0
2025_09_KC_BUF,KC,BUF,Patrick Mahomes,00-0033873,QB,anytime_td,0.267,0.0,0.0,0.0,1.0,1.0
2025_09_KC_BUF,KC,BUF,Travis Kelce,00-0030506,TE,car,0.001,0.0,0.0,0.0,0.0,0.0
2025_09_KC_BUF,KC,BUF,Travis Kelce,00-0030506,TE,rush_yds,0.003,0.0,0.0,0.0,0.0,0.0
2025_09_KC_BUF,KC,BUF,Travis Kelce,00-0030506,TE,tgt,5.076,2.0,3.0,5.0,7.0,9.0
2025_09_KC_BUF,KC,BUF,Travis Kelce,00-0030506,TE,rec,3.835,1.0,2.0,3.0,5.0,7.0
2025_09_KC_BUF,KC,BUF,Travis Kelce,00-0030506,TE,rec_yds,44.533,7.776,20.286,38.574,63.442,88.81
2025_09_KC_BUF,KC,BUF,Travis Kelce,00-0030506,TE,anytime_td,0.236,0.0,0.0,0.0,0.0,1.0
2025_09_KC_BUF,KC,BUF,Xavier Worthy,00-0039894,WR,car,1.052,0.0,0.0,0.0,1.0,3.0
2025_09_KC_BUF,KC,BUF,Xavier Worthy,00-0039894,WR,rush_yds,6.37,0.0,0.0,0.0,7.234,21.855
2025_09_KC_BUF,KC,BUF,Xavier Worthy,00-0039894,WR,tgt,4.792,2.0,3.0,4.0,6.0,9.0
2025_09_KC_BUF,KC,BUF,Xavier Worthy,00-0039894,WR,rec,3.181,1.0,2.0,3.0,4.0,6.0
2025_09_KC_BUF,KC,BUF,Xavier Worthy,00-0039894,WR,rec_yds,38.399,5.077,14.99,32.453,54.778,78.463
2025_09_KC_BUF,KC,BUF,Xavier Worthy,00-0039894,WR,anytime_td,0.192,0.0,0.0,0.0,0.0,1.0
2025_09_KC_BUF,KC,BUF,Rashee Rice,00-0039067,WR,car,0.668,0.0,0.0,0.0,1.0,2.0
2025_09_KC_BUF,KC,BUF,Rashee Rice,00-0039067,WR,rush_yds,3.707,0.0,0.0,0.0,0.923,13.132
2025_09_KC_BUF,KC,BUF,Rashee Rice,00-0039067,WR,tgt,6.802,3.0,4.0,6.0,9.0,11.0
2025_09_KC_BUF,KC,BUF,Rashee Rice,00-0039067,WR,rec,4.946,2.0,3.0,5.0,7.0,8.0
2025_09_KC_BUF,KC,BUF,Rashee Rice,00-0039067,WR,rec_yds,56.14,14.888,29.394,49.807,77.095,107.031
2025_09_KC_BUF,KC,BUF,Rashee Rice,00-0039067,WR,anytime_td,0.427,0.0,0.0,0.0,1.0,1.0
2025_09_KC_BUF,KC,BUF,Kareem Hunt,00-0033923,RB,car,9.413,3.0,6.0,9.0,12.0,16.0
2025_09_KC_BUF,KC,BUF,Kareem Hunt,00-0033923,RB,rush_yds,40.892,9.199,18.86,34.324,54.865,81.338
2025_09_KC_BUF,KC,BUF,Kareem Hunt,00-0033923,RB,tgt,0.954,0.0,0.0,1.0,1.0,3.0
2025_09_KC_BUF,KC,BUF,Kareem Hunt,00-0033923,RB,rec,0.772,0.0,0.0,0.0,1.0,2.0
2025_09_KC_BUF,KC,BUF,Kareem Hunt,00-0033923,RB,rec_yds,5.571,0.0,0.0,0.0,7.805,17.711
2025_09_KC_BUF,KC,BUF,Kareem Hunt,00-0033923,RB,anytime_td,0.34,0.0,0.0,0.0,1.0,1.0
2025_09_KC_BUF,KC,BUF,Marquise Brown,00-0035662,WR,car,0.014,0.0,0.0,0.0,0.0,0.0
2025_09_KC_BUF,KC,BUF,Marquise Brown,00-0035662,WR,rush_yds,0.091,0.0,0.0,0.0,0.0,0.0
2025_09_KC_BUF,KC,BUF,Marquise Brown,00-0035662,WR,tgt,4.341,1.0,2.0,4.0,6.0,8.0
2025_09_KC_BUF,KC,BUF,Marquise Brown,00-0035662,WR,rec,2.733,1.0,1.0,2.0,4.0,5.0
2025_09_KC_BUF,KC,BUF,Marquise Brown,00-0035662,WR,rec_yds,31.817,0.0,11.292,25.792,45.367,69.226
2025_09_KC_BUF,KC,BUF,Marquise Brown,00-0035662,WR,anytime_td,0.263,0.0,0.0,0.0,1.0,1.0
2025_09_KC_BUF,KC,BUF,Noah Gray,00-0036637,TE,car,0.018,0.0,0.0,0.0,0.0,0.0
2025_09_KC_BUF,KC,BUF,Noah Gray,00-0036637,TE,rush_yds,0.046,0.0,0.0,0.0,0.0,0.0
2025_09_KC_BUF,KC,BUF,Noah Gray,00-0036637,TE,tgt,1.964,0.0,1.0,2.0,3.0,4.0
2025_09_KC_BUF,KC,BUF,Noah Gray,00-0036637,TE,rec,1.369,0.0,0.0,1.0,2.0,3.0
2025_09_KC_BUF,KC,BUF,Noah Gray,00-0036637,TE,rec_yds,14.279,0.0,0.0,8.828,21.738,37.819
2025_09_KC_BUF,KC,BUF,Noah Gray,00-0036637,TE,anytime_td,0.053,0.0,0.0,0.0,0.0,0.0
2025_09_KC_BUF,KC,BUF,JuJu Smith-Schuster,00-0033857,WR,car,0.009,0.0,0.0,0.0,0.0,0.0
2025_09_KC_BUF,KC,BUF,JuJu Smith-Schuster,00-0033857,WR,rush_yds,0.045,0.0,0.0,0.0,0.0,0.0
2025_09_KC_BUF,KC,BUF,JuJu Smith-Schuster,00-0033857,WR,tgt,2.71,0.0,1.0,2.0,4.0,5.0
2025_09_KC_BUF,KC,BUF,JuJu Smith-Schuster,00-0033857,WR,rec,1.915,0.0,1.0,2.0,3.0,4.0
2025_09_KC_BUF,KC,BUF,JuJu Smith-Schuster,00-0033857,WR,rec_yds,24.243,0.0,4.734,17.452,36.11,58.687
2025_09_KC_BUF,KC,BUF,JuJu Smith-Schuster,00-0033857,WR,anytime_td,0.1,0.0,0.0,0.0,0.0,1.0
2025_09_KC_BUF,KC,BUF,Tyquan Thornton,00-0038104,WR,car,0.014,0.0,0.0,0.0,0.0,0.0
2025_09_KC_BUF,KC,BUF,Tyquan Thornton,00-0038104,WR,rush_yds,0.098,0.0,0.0,0.0,0.0,0.0
2025_09_KC_BUF,KC,BUF,Tyquan Thornton,00-0038104,WR,tgt,2.282,0.0,1.0,2.0,3.0,5.0
2025_09_KC_BUF,KC,BUF,Tyquan Thornton,00-0038104,WR,rec,1.386,0.0,0.0,1.0,2.0,3.0
2025_09_KC_BUF,KC,BUF,Tyquan Thornton,00-0038104,WR,rec_yds,20.578,0.0,0.0,12.106,31.585,55.814
2025_09_KC_BUF,KC,BUF,Tyquan Thornton,00-0038104,WR,anytime_td,0.152,0.0,0.0,0.0,0.0,1.0
2025_09_KC_BUF,KC,BUF,Brashard Smith,00-0040078,RB,car,4.324,1.0,2.0,4.0,6.0,9.0
2025_09_KC_BUF,KC,BUF,Brashard Smith,00-0040078,RB,rush_yds,18.439,0.0,3.812,12.409,26.456,45.207
2025_09_KC_BUF,KC,BUF,Brashard Smith,00-0040078,RB,tgt,2.026,0.0,1.0,2.0,3.0,4.0
2025_09_KC_BUF,KC,BUF,Brashard Smith,00-0040078,RB,rec,1.621,0.0,0.0,1.0,2.0,4.0
2025_09_KC_BUF,KC,BUF,Brashard Smith,00-0040078,RB,rec_yds,12.391,0.0,0.0,7.478,18.65,33.055
2025_09_KC_BUF,KC,BUF,Brashard Smith,00-0040078,RB,anytime_td,0.096,0.0,0.0,0.0,0.0,0.0
2025_09_KC_BUF,KC,BUF,Clyde Edwards-Helaire,00-0036360,RB,car,5.783,1.0,3.0,5.0,8.0,11.0
2025_09_KC_BUF,KC,BUF,Clyde Edwards-Helaire,00-0036360,RB,rush_yds,25.937,2.092,8.224,19.172,36.711,57.53
2025_09_KC_BUF,KC,BUF,Clyde Edwards-Helaire,00-0036360,RB,tgt,1.269,0.0,0.0,1.0,2.0,3.0
2025_09_KC_BUF,KC,BUF,Clyde Edwards-Helaire,00-0036360,RB,rec,0.997,0.0,0.0,1.0,2.0,3.0
2025_09_KC_BUF,KC,BUF,Clyde Edwards-Helaire,00-0036360,RB,rec_yds,7.356,0.0,0.0,1.093,10.892,22.192
2025_09_KC_BUF,KC,BUF,Clyde Edwards-Helaire,00-0036360,RB,anytime_td,0.203,0.0,0.0,0.0,0.0,1.0
2025_09_LAC_TEN,TEN,LAC,Cam Ward,00-0040676,QB,att,30.71,20.9,26.0,32.0,37.0,41.0
2025_09_LAC_TEN,TEN,LAC,Cam Ward,00-0040676,QB,cmp,18.943,12.0,16.0,19.0,23.0,26.0
2025_09_LAC_TEN,TEN,LAC,Cam Ward,00-0040676,QB,pass_yds,192.37,111.758,149.962,190.819,236.975,279.178
2025_09_LAC_TEN,TEN,LAC,Cam Ward,00-0040676,QB,pass_td,1.015,0.0,0.0,1.0,2.0,2.0
2025_09_LAC_TEN,TEN,LAC,Cam Ward,00-0040676,QB,ints,0.762,0.0,0.0,1.0,1.0,2.0
2025_09_LAC_TEN,TEN,LAC,Cam Ward,00-0040676,QB,car,1.971,0.0,1.0,2.0,3.0,4.0
2025_09_LAC_TEN,TEN,LAC,Cam Ward,00-0040676,QB,rush_yds,9.022,-1.0,0.0,4.735,14.204,24.932
2025_09_LAC_TEN,TEN,LAC,Cam Ward,00-0040676,QB,tgt,0.0,0.0,0.0,0.0,0.0,0.0
2025_09_LAC_TEN,TEN,LAC,Cam Ward,00-0040676,QB,rec,0.0,0.0,0.0,0.0,0.0,0.0
2025_09_LAC_TEN,TEN,LAC,Cam Ward,00-0040676,QB,rec_yds,0.002,0.0,0.0,0.0,0.0,0.0
2025_09_LAC_TEN,TEN,LAC,Cam Ward,00-0040676,QB,anytime_td,0.012,0.0,0.0,0.0,0.0,0.0
2025_09_LAC_TEN,TEN,LAC,Chimere Dike,00-0040705,WR,car,0.95,0.0,0.0,0.0,1.0,3.0
2025_09_LAC_TEN,TEN,LAC,Chimere Dike,00-0040705,WR,rush_yds,4.836,0.0,0.0,0.0,4.889,16.468
2025_09_LAC_TEN,TEN,LAC,Chimere Dike,00-0040705,WR,tgt,4.687,1.0,3.0,4.0,6.0,8.0
2025_09_LAC_TEN,TEN,LAC,Chimere Dike,00-0040705,WR,rec,2.928,1.0,1.0,3.0,4.0,6.0
2025_09_LAC_TEN,TEN,LAC,Chimere Dike,00-0040705,WR,rec_yds,34.242,2.797,12.659,28.293,49.806,72.699
2025_09_LAC_TEN,TEN,LAC,Chimere Dike,00-0040705,WR,anytime_td,0.186,0.0,0.0,0.0,0.0,1.0
2025_09_LAC_TEN,TEN,LAC,Van Jefferson,00-0036415,WR,car,0.009,0.0,0.0,0.0,0.0,0.0
2025_09_LAC_TEN,TEN,LAC,Van Jefferson,00-0036415,WR,rush_yds,0.039,0.0,0.0,0.0,0.0,0.0
2025_09_LAC_TEN,TEN,LAC,Van Jefferson,00-0036415,WR,tgt,3.821,1.0,2.0,3.0,5.0,7.0
2025_09_LAC_TEN,TEN,LAC,Van Jefferson,00-0036415,WR,rec,2.149,0.0,1.0,2.0,3.0,4.0
2025_09_LAC_TEN,TEN,LAC,Van Jefferson,00-0036415,WR,rec_yds,26.152,0.0,6.51,19.744,38.617,61.205
2025_09_LAC_TEN,TEN,LAC,Van Jefferson,00-0036415,WR,anytime_td,0.077,0.0,0.0,0.0,0.0,0.0
2025_09_LAC_TEN,TEN,LAC,Chig Okonkwo,00-0037809,TE,car,0.018,0.0,0.0,0.0,0.0,0.0
2025_09_LAC_TEN,TEN,LAC,Chig Okonkwo,00-0037809,TE,rush_yds,0.041,0.0,0.0,0.0,0.0,0.0
2025_09_LAC_TEN,TEN,LAC,Chig Okonkwo,00-0037809,TE,tgt,5.036,2.0,3.0,5.0,7.0,9.0
2025_09_LAC_TEN,TEN,LAC,Chig Okonkwo,00-0037809,TE,rec,3.434,1.0,2.0,3.0,5.0,7.0
2025_09_LAC_TEN,TEN,LAC,Chig Okonkwo,00-0037809,TE,rec_yds,34.466,4.991,14.473,29.266,49.411,71.093
2025_09_LAC_TEN,TEN,LAC,Chig Okonkwo,00-0037809,TE,anytime_td,0.078,0.0,0.0,0.0,0.0,0.0
2025_09_LAC_TEN,TEN,LAC,Elic Ayomanor,00-0040170,WR,car,0.01,0.0,0.0,0.0,0.0,0.0
2025_09_LAC_TEN,TEN,LAC,Elic Ayomanor,00-0040170,WR,rush_yds,0.064,0.0,0.0,0.0,0.0,0.0
2025_09_LAC_TEN,TEN,LAC,Elic Ayomanor,00-0040170,WR,tgt,6.469,3.0,4.0,6.0,8.0,11.0
2025_09_LAC_TEN,TEN,LAC,Elic Ayomanor,00-0040170,WR,rec,3.488,1.0,2.0,3.0,5.0,6.0
2025_09_LAC_TEN,TEN,LAC,Elic Ayomanor,00-0040170,WR,rec_yds,42.402,6.912,18.822,36.973,59.574,84.842
2025_09_LAC_TEN,TEN,LAC,Elic Ayomanor,00-0040170,WR,anytime_td,0.212,0.0,0.0,0.0,0.0,1.0
2025_09_LAC_TEN,TEN,LAC,Tony Pollard,00-0035261,RB,car,13.25,6.0,9.0,13.0,17.0,21.0
2025_09_LAC_TEN,TEN,LAC,Tony Pollard,00-0035261,RB,rush_yds,50.3,15.187,26.453,44.051,67.291,94.174
2025_09_LAC_TEN,TEN,LAC,Tony Pollard,00-0035261,RB,tgt,3.324,1.0,2.0,3.0,5.0,6.0
2025_09_LAC_TEN,TEN,LAC,Tony Pollard,00-0035261,RB,rec,2.478,0.0,1.0,2.0,4.0,5.0
2025_09_LAC_TEN,TEN,LAC,Tony Pollard,00-0035261,RB,rec_yds,17.193,0.0,4.347,12.871,25.694,39.593
2025_09_LAC_TEN,TEN,LAC,Tony Pollard,00-0035261,RB,anytime_td,0.28,0.0,0.0,0.0,1.0,1.0
2025_09_LAC_TEN,TEN,LAC,Gunnar Helm,00-0040584,TE,car,0.003,0.0,0.0,0.0,0.0,0.0
2025_09_LAC_TEN,TEN,LAC,Gunnar Helm,00-0040584,TE,rush_yds,0.007,0.0,0.0,0.0,0.0,0.0
2025_09_LAC_TEN,TEN,LAC,Gunnar Helm,00-0040584,TE,tgt,3.486,1.0,2.0,3.0,5.0,7.0
2025_09_LAC_TEN,TEN,LAC,Gunnar Helm,00-0040584,TE,rec,2.414,0.0,1.0,2.0,3.0,5.0
2025_09_LAC_TEN,TEN,LAC,Gunnar Helm,00-0040584,TE,rec_yds,23.471,0.0,7.201,18.57,34.898,52.731
2025_09_LAC_TEN,TEN,LAC,Gunnar Helm,00-0040584,TE,anytime_td,0.191,0.0,0.0,0.0,0.0,1.0
2025_09_LAC_TEN,TEN,LAC,Tyjae Spears,00-0039032,RB,car,6.877,2.0,4.0,6.0,9.0,13.0
2025_09_LAC_TEN,TEN,LAC,Tyjae Spears,00-0039032,RB,rush_yds,28.493,3.653,10.275,22.152,40.52,60.28
2025_09_LAC_TEN,TEN,LAC,Tyjae Spears,00-0039032,RB,tgt,3.304,1.0,2.0,3.0,5.0,6.0
2025_09_LAC_TEN,TEN,LAC,Tyjae Spears,00-0039032,RB,rec,2.499,0.0,1.0,2.0,4.0,5.0
2025_09_LAC_TEN,TEN,LAC,Tyjae Spears,00-0039032,RB,rec_yds,17.678,0.0,4.524,12.867,26.043,41.598
2025_09_LAC_TEN,TEN,LAC,Tyjae Spears,00-0039032,RB,anytime_td,0.27,0.0,0.0,0.0,1.0,1.0
2025_09_LAC_TEN,TEN,LAC,James Proche,00-0036133,WR,car,0.014,0.0,0.0,0.0,0.0,0.0
2025_09_LAC_TEN,TEN,LAC,James Proche,00-0036133,WR,rush_yds,0.075,0.0,0.0,0.0,0.0,0.0
2025_09_LAC_TEN,TEN,LAC,James Proche,00-0036133,WR,tgt,0.627,0.0,0.0,0.0,1.0,2.0
2025_09_LAC_TEN,TEN,LAC,James Proche,00-0036133,WR,rec,0.376,0.0,0.0,0.0,1.0,1.0
2025_09_LAC_TEN,TEN,LAC,James Proche,00-0036133,WR,rec_yds,4.682,0.0,0.0,0.0,3.854,16.76
2025_09_LAC_TEN,TEN,LAC,James Proche,00-0036133,WR,anytime_td,0.008,0.0,0.0,0.0,0.0,0.0
2025_09_LAC_TEN,LAC,TEN,Justin Herbert,00-0036355,QB,att,31.165,21.0,27.0,32.0,37.0,42.0
2025_09_LAC_TEN,LAC,TEN,Justin Herbert,00-0036355,QB,cmp,21.72,14.0,18.0,22.0,26.0,30.0
2025_09_LAC_TEN,LAC,TEN,Justin Herbert,00-0036355,QB,pass_yds,236.237,146.221,190.168,235.963,286.026,335.434
2025_09_LAC_TEN,LAC,TEN,Justin Herbert,00-0036355,QB,pass_td,1.718,0.0,1.0,2.0,2.0,3.0
2025_09_LAC_TEN,LAC,TEN,Justin Herbert,00-0036355,QB,ints,0.651,0.0,0.0,0.0,1.0,2.0
2025_09_LAC_TEN,LAC,TEN,Justin Herbert,00-0036355,QB,car,4.689,1.0,3.0,4.0,6.0,8.0
2025_09_LAC_TEN,LAC,TEN,Justin Herbert,00-0036355,QB,rush_yds,23.203,0.135,8.082,19.138,34.058,50.231
2025_09_LAC_TEN,LAC,TEN,Justin Herbert,00-0036355,QB,tgt,0.0,0.0,0.0,0.0,0.0,0.0
2025_09_LAC_TEN,LAC,TEN,Justin Herbert,00-0036355,QB,rec,0.0,0.0,0.0,0.0,0.0,0.0
2025_09_LAC_TEN,LAC,TEN,Justin Herbert,00-0036355,QB,rec_yds,0.001,0.0,0.0,0.0,0.0,0.0
2025_09_LAC_TEN,LAC,TEN,Justin Herbert,00-0036355,QB,anytime_td,0.072,0.0,0.0,0.0,0.0,0.0
2025_09_LAC_TEN,LAC,TEN,Oronde Gadsden II,00-0040189,TE,car,0.003,0.0,0.0,0.0,0.0,0.0
2025_09_LAC_TEN,LAC,TEN,Oronde Gadsden II,00-0040189,TE,rush_yds,0.009,0.0,0.0,0.0,0.0,0.0
2025_09_LAC_TEN,LAC,TEN,Oronde Gadsden II,00-0040189,TE,tgt,4.655,2.0,3.0,4.0,6.0,8.0
2025_09_LAC_TEN,LAC,TEN,Oronde Gadsden II,00-0040189,TE,rec,3.821,1.0,2.0,3.0,5.0,7.0
2025_09_LAC_TEN,LAC,TEN,Oronde Gadsden II,00-0040189,TE,rec_yds,43.736,8.213,19.429,37.723,61.333,87.774
2025_09_LAC_TEN,LAC,TEN,Oronde Gadsden II,00-0040189,TE,anytime_td,0.271,0.0,0.0,0.0,1.0,1.0
2025_09_LAC_TEN,LAC,TEN,Kimani Vidal,00-0039391,RB,car,11.982,5.0,8.0,11.0,16.0,20.0
2025_09_LAC_TEN,LAC,TEN,Kimani Vidal,00-0039391,RB,rush_yds,57.314,16.663,29.841,49.02,77.094,107.95
2025_09_LAC_TEN,LAC,TEN,Kimani Vidal,00-0039391,RB,tgt,1.943,0.0,1.0,2.0,3.0,4.0
2025_09_LAC_TEN,LAC,TEN,Kimani Vidal,00-0039391,RB,rec,1.61,0.0,0.0,1.0,2.0,4.0
2025_09_LAC_TEN,LAC,TEN,Kimani Vidal,00-0039391,RB,rec_yds,10.391,0.0,0.0,6.054,15.505,28.102
2025_09_LAC_TEN,LAC,TEN,Kimani Vidal,00-0039391,RB,anytime_td,0.355,0.0,0.0,0.0,1.0,1.0
2025_09_LAC_TEN,LAC,TEN,Ladd McConkey,00-0039915,WR,car,0.01,0.0,0.0,0.0,0.0,0.0
2025_09_LAC_TEN,LAC,TEN,Ladd McConkey,00-0039915,WR,rush_yds,0.059,0.0,0.0,0.0,0.0,0.0
2025_09_LAC_TEN,LAC,TEN,Ladd McConkey,00-0039915,WR,tgt,8.198,4.0,6.0,8.0,10.0,13.0
2025_09_LAC_TEN,LAC,TEN,Ladd McConkey,00-0039915,WR,rec,5.674,2.0,4.0,5.0,7.0,9.0
2025_09_LAC_TEN,LAC,TEN,Ladd McConkey,00-0039915,WR,rec_yds,64.687,20.79,36.418,58.812,86.438,116.515
2025_09_LAC_TEN,LAC,TEN,Ladd McConkey,00-0039915,WR,anytime_td,0.324,0.0,0.0,0.0,1.0,1.0
2025_09_LAC_TEN,LAC,TEN,Quentin Johnston,00-0038544,WR,car,0.314,0.0,0.0,0.0,0.0,1.0
2025_09_LAC_TEN,LAC,TEN,Quentin Johnston,00-0038544,WR,rush_yds,1.706,0.0,0.0,0.0,0.0,3.217
2025_09_LAC_TEN,LAC,TEN,Quentin Johnston,00-0038544,WR,tgt,5.505,2.0,3.0,5.0,7.0,9.0
2025_09_LAC_TEN,LAC,TEN,Quentin Johnston,00-0038544,WR,rec,3.683,1.0,2.0,3.0,5.0,7.0
2025_09_LAC_TEN,LAC,TEN,Quentin Johnston,00-0038544,WR,rec_yds,45.741,7.958,20.287,39.2,64.456,92.715
2025_09_LAC_TEN,LAC,TEN,Quentin Johnston,00-0038544,WR,anytime_td,0.332,0.0,0.0,0.0,1.0,1.0
2025_09_LAC_TEN,LAC,TEN,Tre Harris,00-0040727,WR,car,0.011,0.0,0.0,0.0,0.0,0.0
2025_09_LAC_TEN,LAC,TEN,Tre Harris,00-0040727,WR,rush_yds,0.062,0.0,0.0,0.0,0.0,0.0
2025_09_LAC_TEN,LAC,TEN,Tre Harris,00-0040727,WR,tgt,1.828,0.0,1.0,1.0,3.0,4.0
2025_09_LAC_TEN,LAC,TEN,Tre Harris,00-0040727,WR,rec,1.318,0.0,0.0,1.0,2.0,3.0
2025_09_LAC_TEN,LAC,TEN,Tre Harris,00-0040727,WR,rec_yds,14.272,0.0,0.0,7.97,21.629,38.848
2025_09_LAC_TEN,LAC,TEN,Tre Harris,00-0040727,WR,anytime_td,0.128,0.0,0.0,0.0,0.0,1.0
2025_09_LAC_TEN,LAC,TEN,Keenan Allen,00-0030279,WR,car,0.011,0.0,0.0,0.0,0.0,0.0
2025_09_LAC_TEN,LAC,TEN,Keenan Allen,00-0030279,WR,rush_yds,0.048,0.0,0.0,0.0,0.0,0.0
2025_09_LAC_TEN,LAC,TEN,Keenan Allen,00-0030279,WR,tgt,7.531,3.0,5.0,7.0,10.0,12.0
2025_09_LAC_TEN,LAC,TEN,Keenan Allen,00-0030279,WR,rec,5.384,2.0,3.0,5.0,7.0,9.0
2025_09_LAC_TEN,LAC,TEN,Keenan Allen,00-0030279,WR,rec_yds,56.884,16.359,31.478,52.382,77.612,102.714
2025_09_LAC_TEN,LAC,TEN,Keenan Allen,00-0030279,WR,anytime_td,0.307,0.0,0.0,0.0,1.0,1.0
2025_09_LAC_TEN,LAC,TEN,Jaret Patterson,00-0036755,RB,car,8.345,3.0,5.0,8.0,11.0,15.0
2025_09_LAC_TEN,LAC,TEN,Jaret Patterson,00-0036755,RB,rush_yds,35.47,5.905,13.996,28.761,49.594,73.482
2025_09_LAC_TEN,LAC,TEN,Jaret Patterson,00-0036755,RB,tgt,0.438,0.0,0.0,0.0,1.0,1.1
2025_09_LAC_TEN,LAC,TEN,Jaret Patterson,00-0036755,RB,rec,0.368,0.0,0.0,0.0,1.0,1.0
2025_09_LAC_TEN,LAC,TEN,Jaret Patterson,00-0036755,RB,rec_yds,2.451,0.0,0.0,0.0,0.0,8.937
2025_09_LAC_TEN,LAC,TEN,Jaret Patterson,00-0036755,RB,anytime_td,0.162,0.0,0.0,0.0,0.0,1.0
2025_09_LAC_TEN,LAC,TEN,KeAndre Lambert-Smith,00-0040184,WR,car,0.019,0.0,0.0,0.0,0.0,0.0
2025_09_LAC_TEN,LAC,TEN,KeAndre Lambert-Smith,00-0040184,WR,rush_yds,0.111,0.0,0.0,0.0,0.0,0.0
2025_09_LAC_TEN,LAC,TEN,KeAndre Lambert-Smith,00-0040184,WR,tgt,0.753,0.0,0.0,0.0,1.0,2.0
2025_09_LAC_TEN,LAC,TEN,KeAndre Lambert-Smith,00-0040184,WR,rec,0.503,0.0,0.0,0.0,1.0,2.0
2025_09_LAC_TEN,LAC,TEN,KeAndre Lambert-Smith,00-0040184,WR,rec_yds,5.779,0.0,0.0,0.0,6.988,19.468
2025_09_LAC_TEN,LAC,TEN,KeAndre Lambert-Smith,00-0040184,WR,anytime_td,0.012,0.0,0.0,0.0,0.0,0.0
2025_09_LAC_TEN,LAC,TEN,Derius Davis,00-0038573,WR,car,0.559,0.0,0.0,0.0,0.0,2.0
2025_09_LAC_TEN,LAC,TEN,Derius Davis,00-0038573,WR,rush_yds,3.322,0.0,0.0,0.0,0.0,11.457
2025_09_LAC_TEN,LAC,TEN,Derius Davis,00-0038573,WR,tgt,0.462,0.0,0.0,0.0,1.0,1.0
2025_09_LAC_TEN,LAC,TEN,Derius Davis,00-0038573,WR,rec,0.318,0.0,0.0,0.0,0.0,1.0
2025_09_LAC_TEN,LAC,TEN,Derius Davis,00-0038573,WR,rec_yds,3.677,0.0,0.0,0.0,0.0,13.4
2025_09_LAC_TEN,LAC,TEN,Derius Davis,00-0038573,WR,anytime_td,0.032,0.0,0.0,0.0,0.0,0.0
2025_09_MIN_DET,DET,MIN,Sam LaPorta,00-0039065,TE,car,0.002,0.0,0.0,0.0,0.0,0.0
2025_09_MIN_DET,DET,MIN,Sam LaPorta,00-0039065,TE,rush_yds,0.004,0.0,0.0,0.0,0.0,0.0
2025_09_MIN_DET,DET,MIN,Sam LaPorta,00-0039065,TE,tgt,5.304,2.0,3.0,5.0,7.0,9.0
2025_09_MIN_DET,DET,MIN,Sam LaPorta,00-0039065,TE,rec,4.126,1.0,2.0,4.0,6.0,7.0
2025_09_MIN_DET,DET,MIN,Sam LaPorta,00-0039065,TE,rec_yds,47.974,10.531,22.589,42.389,66.575,93.266
2025_09_MIN_DET,DET,MIN,Sam LaPorta,00-0039065,TE,anytime_td,0.302,0.0,0.0,0.0,1.0,1.0
2025_09_MIN_DET,DET,MIN,Jared Goff,00-0033106,QB,att,27.805,18.0,23.0,28.0,33.0,38.0
2025_09_MIN_DET,DET,MIN,Jared Goff,00-0033106,QB,cmp,19.871,12.0,16.0,20.0,24.0,28.0
2025_09_MIN_DET,DET,MIN,Jared Goff,00-0033106,QB,pass_yds,232.175,133.361,182.435,232.751,285.628,335.582
2025_09_MIN_DET,DET,MIN,Jared Goff,00-0033106,QB,pass_td,1.748,0.0,1.0,2.0,2.0,3.0
2025_09_MIN_DET,DET,MIN,Jared Goff,00-0033106,QB,ints,0.543,0.0,0.0,0.0,1.0,2.0
2025_09_MIN_DET,DET,MIN,Jared Goff,00-0033106,QB,car,2.423,0.0,1.0,2.0,3.0,5.0
2025_09_MIN_DET,DET,MIN,Jared Goff,00-0033106,QB,rush_yds,6.743,-2.0,-1.0,1.941,10.675,21.32
2025_09_MIN_DET,DET,MIN,Jared Goff,00-0033106,QB,tgt,0.001,0.0,0.0,0.0,0.0,0.0
2025_09_MIN_DET,DET,MIN,Jared Goff,00-0033106,QB,rec,0.001,0.0,0.0,0.0,0.0,0.0
2025_09_MIN_DET,DET,MIN,Jared Goff,00-0033106,QB,rec_yds,0.008,0.0,0.0,0.0,0.0,0.0
2025_09_MIN_DET,DET,MIN,Jared Goff,00-0033106,QB,anytime_td,0.022,0.0,0.0,0.0,0.0,0.0
2025_09_MIN_DET,DET,MIN,Amon-Ra St. Brown,00-0036963,WR,car,0.354,0.0,0.0,0.0,0.0,1.0
2025_09_MIN_DET,DET,MIN,Amon-Ra St. Brown,00-0036963,WR,rush_yds,2.163,0.0,0.0,0.0,0.0,4.621
2025_09_MIN_DET,DET,MIN,Amon-Ra St. Brown,00-0036963,WR,tgt,8.847,4.0,6.0,8.0,11.0,14.0
2025_09_MIN_DET,DET,MIN,Amon-Ra St. Brown,00-0036963,WR,rec,6.68,3.0,4.0,6.0,9.0,11.0
2025_09_MIN_DET,DET,MIN,Amon-Ra St. Brown,00-0036963,WR,rec_yds,83.701,29.978,49.975,77.983,110.236,145.945
2025_09_MIN_DET,DET,MIN,Amon-Ra St. Brown,00-0036963,WR,anytime_td,0.491,0.0,0.0,0.0,1.0,1.0
2025_09_MIN_DET,DET,MIN,Jameson Williams,00-0037240,WR,car,0.448,0.0,0.0,0.0,0.0,1.0
2025_09_MIN_DET,DET,MIN,Jameson Williams,00-0037240,WR,rush_yds,2.591,0.0,0.0,0.0,0.0,7.428
2025_09_MIN_DET,DET,MIN,Jameson Williams,00-0037240,WR,tgt,4.467,1.0,2.0,4.0,6.0,8.0
2025_09_MIN_DET,DET,MIN,Jameson Williams,00-0037240,WR,rec,2.775,1.0,1.0,3.0,4.0,5.0
2025_09_MIN_DET,DET,MIN,Jameson Williams,00-0037240,WR,rec_yds,40.526,0.0,14.519,33.559,59.112,86.684
2025_09_MIN_DET,DET,MIN,Jameson Williams,00-0037240,WR,anytime_td,0.233,0.0,0.0,0.0,0.0,1.0
2025_09_MIN_DET,DET,MIN,Jahmyr Gibbs,00-0039139,RB,car,15.491,7.0,11.0,15.0,20.0,24.0
2025_09_MIN_DET,DET,MIN,Jahmyr Gibbs,00-0039139,RB,rush_yds,77.127,25.018,43.691,68.659,101.19,139.29
2025_09_MIN_DET,DET,MIN,Jahmyr Gibbs,00-0039139,RB,tgt,3.764,1.0,2.0,3.0,5.0,7.0
2025_09_MIN_DET,DET,MIN,Jahmyr Gibbs,00-0039139,RB,rec,3.145,1.0,2.0,3.0,4.0,6.0
2025_09_MIN_DET,DET,MIN,Jahmyr Gibbs,00-0039139,RB,rec_yds,27.142,0.0,8.867,21.594,39.333,59.581
2025_09_MIN_DET,DET,MIN,Jahmyr Gibbs,00-0039139,RB,anytime_td,0.642,0.0,0.0,1.0,1.0,1.0
2025_09_MIN_DET,DET,MIN,Brock Wright,00-0036754,TE,car,0.001,0.0,0.0,0.0,0.0,0.0
2025_09_MIN_DET,DET,MIN,Brock Wright,00-0036754,TE,rush_yds,-0.0,0.0,0.0,0.0,0.0,0.0
2025_09_MIN_DET,DET,MIN,Brock Wright,00-0036754,TE,tgt,1.343,0.0,0.0,1.0,2.0,3.0
2025_09_MIN_DET,DET,MIN,Brock Wright,00-0036754,TE,rec,1.025,0.0,0.0,1.0,2.0,3.0
2025_09_MIN_DET,DET,MIN,Brock Wright,00-0036754,TE,rec_yds,10.78,0.0,0.0,4.546,16.694,31.785
2025_09_MIN_DET,DET,MIN,Brock Wright,00-0036754,TE,anytime_td,0.134,0.0,0.0,0.0,0.0,1.0
2025_09_MIN_DET,DET,MIN,Kalif Raymond,00-0032464,WR,car,0.105,0.0,0.0,0.0,0.0,0.0
2025_09_MIN_DET,DET,MIN,Kalif Raymond,00-0032464,WR,rush_yds,0.584,0.0,0.0,0.0,0.0,0.0
2025_09_MIN_DET,DET,MIN,Kalif Raymond,00-0032464,WR,tgt,1.825,0.0,1.0,1.0,3.0,4.0
2025_09_MIN_DET,DET,MIN,Kalif Raymond,00-0032464,WR,rec,1.239,0.0,0.0,1.0,2.0,3.0
2025_09_MIN_DET,DET,MIN,Kalif Raymond,00-0032464,WR,rec_yds,15.331,0.0,0.0,8.46,22.905,41.441
2025_09_MIN_DET,DET,MIN,Kalif Raymond,00-0032464,WR,anytime_td,0.054,0.0,0.0,0.0,0.0,0.0
2025_09_MIN_DET,DET,MIN,David Montgomery,00-0035685,RB,car,11.494,4.0,7.0,11.0,15.0,19.0
2025_09_MIN_DET,DET,MIN,David Montgomery,00-0035685,RB,rush_yds,49.831,12.684,24.046,42.974,67.949,96.051
2025_09_MIN_DET,DET,MIN,David Montgomery,00-0035685,RB,tgt,1.949,0.0,1.0,2.0,3.0,4.0
2025_09_MIN_DET,DET,MIN,David Montgomery,00-0035685,RB,rec,1.596,0.0,0.0,1.0,2.0,4.0
2025_09_MIN_DET,DET,MIN,David Montgomery,00-0035685,RB,rec_yds,13.604,0.0,0.0,8.248,20.394,36.539
2025_09_MIN_DET,DET,MIN,David Montgomery,00-0035685,RB,anytime_td,0.43,0.0,0.0,0.0,1.0,1.0
2025_09_MIN_DET,DET,MIN,Isaac TeSlaa,00-0040669,WR,car,0.009,0.0,0.0,0.0,0.0,0.0
2025_09_MIN_DET,DET,MIN,Isaac TeSlaa,00-0040669,WR,rush_yds,0.058,0.0,0.0,0.0,0.0,0.0
2025_09_MIN_DET,DET,MIN,Isaac TeSlaa,00-0040669,WR,tgt,0.979,0.0,0.0,1.0,2.0,3.0
2025_09_MIN_DET,DET,MIN,Isaac TeSlaa,00-0040669,WR,rec,0.618,0.0,0.0,0.0,1.0,2.0
2025_09_MIN_DET,DET,MIN,Isaac TeSlaa,00-0040669,WR,rec_yds,8.601,0.0,0.0,0.0,11.749,28.151
2025_09_MIN_DET,DET,MIN,Isaac TeSlaa,00-0040669,WR,anytime_td,0.112,0.0,0.0,0.0,0.0,1.0
2025_09_MIN_DET,MIN,DET,J.J. McCarthy,00-0039923,QB,att,31.701,21.0,27.0,33.0,38.0,42.0
2025_09_MIN_DET,MIN,DET,J.J. McCarthy,00-0039923,QB,cmp,19.931,12.0,17.0,20.0,24.0,27.0
2025_09_MIN_DET,MIN,DET,J.J. McCarthy,00-0039923,QB,pass_yds,203.068,119.903,159.806,202.382,248.9,296.48
2025_09_MIN_DET,MIN,DET,J.J. McCarthy,00-0039923,QB,pass_td,1.088,0.0,0.0,1.0,2.0,2.0
2025_09_MIN_DET,MIN,DET,J.J. McCarthy,00-0039923,QB,ints,0.823,0.0,0.0,1.0,1.0,2.0
2025_09_MIN_DET,MIN,DET,J.J. McCarthy,00-0039923,QB,car,3.668,1.0,2.0,3.0,5.0,7.0
2025_09_MIN_DET,MIN,DET,J.J. McCarthy,00-0039923,QB,rush_yds,20.201,0.0,6.058,16.289,29.348,44.375
2025_09_MIN_DET,MIN,DET,J.J. McCarthy,00-0039923,QB,tgt,0.0,0.0,0.0,0.0,0.0,0.0
2025_09_MIN_DET,MIN,DET,J.J. McCarthy,00-0039923,QB,rec,0.0,0.0,0.0,0.0,0.0,0.0
2025_09_MIN_DET,MIN,DET,J.J. McCarthy,00-0039923,QB,rec_yds,0.0,0.0,0.0,0.0,0.0,0.0
2025_09_MIN_DET,MIN,DET,J.J. McCarthy,00-0039923,QB,anytime_td,0.139,0.0,0.0,0.0,0.0,1.0
2025_09_MIN_DET,MIN,DET,Justin Jefferson,00-0036322,WR,car,0.068,0.0,0.0,0.0,0.0,0.0
2025_09_MIN_DET,MIN,DET,Justin Jefferson,00-0036322,WR,rush_yds,0.346,0.0,0.0,0.0,0.0,0.0
2025_09_MIN_DET,MIN,DET,Justin Jefferson,00-0036322,WR,tgt,9.11,5.0,6.0,9.0,11.0,14.0
2025_09_MIN_DET,MIN,DET,Justin Jefferson,00-0036322,WR,rec,5.705,2.0,4.0,5.0,7.0,9.0
2025_09_MIN_DET,MIN,DET,Justin Jefferson,00-0036322,WR,rec_yds,69.366,22.704,39.551,63.514,92.356,124.266
2025_09_MIN_DET,MIN,DET,Justin Jefferson,00-0036322,WR,anytime_td,0.185,0.0,0.0,0.0,0.0,1.0
2025_09_MIN_DET,MIN,DET,Jordan Addison,00-0038994,WR,car,0.031,0.0,0.0,0.0,0.0,0.0
2025_09_MIN_DET,MIN,DET,Jordan Addison,00-0038994,WR,rush_yds,0.151,0.0,0.0,0.0,0.0,0.0
2025_09_MIN_DET,MIN,DET,Jordan Addison,00-0038994,WR,tgt,6.346,3.0,4.0,6.0,8.0,11.0
2025_09_MIN_DET,MIN,DET,Jordan Addison,00-0038994,WR,rec,4.026,1.0,2.0,4.0,5.0,7.0
2025_09_MIN_DET,MIN,DET,Jordan Addison,00-0038994,WR,rec_yds,46.967,9.318,21.636,40.662,65.261,93.25
2025_09_MIN_DET,MIN,DET,Jordan Addison,00-0038994,WR,anytime_td,0.279,0.0,0.0,0.0,1.0,1.0
2025_09_MIN_DET,MIN,DET,T.J. Hockenson,00-0035229,TE,car,0.002,0.0,0.0,0.0,0.0,0.0
2025_09_MIN_DET,MIN,DET,T.J. Hockenson,00-0035229,TE,rush_yds,0.005,0.0,0.0,0.0,0.0,0.0
2025_09_MIN_DET,MIN,DET,T.J. Hockenson,00-0035229,TE,tgt,5.228,2.0,3.0,5.0,7.0,9.0
2025_09_MIN_DET,MIN,DET,T.J. Hockenson,00-0035229,TE,rec,3.682,1.0,2.0,3.0,5.0,7.0
2025_09_MIN_DET,MIN,DET,T.J. Hockenson,00-0035229,TE,rec_yds,32.028,5.725,14.457,27.537,45.048,63.772
2025_09_MIN_DET,MIN,DET,T.J. Hockenson,00-0035229,TE,anytime_td,0.132,0.0,0.0,0.0,0.0,1.0
2025_09_MIN_DET,MIN,DET,Jordan Mason,00-0037525,RB,car,10.033,4.0,6.0,9.0,13.0,17.0
2025_09_MIN_DET,MIN,DET,Jordan Mason,00-0037525,RB,rush_yds,39.298,9.197,18.502,33.482,52.838,77.914
2025_09_MIN_DET,MIN,DET,Jordan Mason,00-0037525,RB,tgt,1.569,0.0,0.0,1.0,2.0,4.0
2025_09_MIN_DET,MIN,DET,Jordan Mason,00-0037525,RB,rec,1.207,0.0,0.0,1.0,2.0,3.0
2025_09_MIN_DET,MIN,DET,Jordan Mason,00-0037525,RB,rec_yds,7.126,0.0,0.0,3.117,10.342,20.865
2025_09_MIN_DET,MIN,DET,Jordan Mason,00-0037525,RB,anytime_td,0.233,0.0,0.0,0.0,0.0,1.0
2025_09_MIN_DET,MIN,DET,Jalen Nailor,00-0037291,WR,car,0.126,0.0,0.0,0.0,0.0,0.0
2025_09_MIN_DET,MIN,DET,Jalen Nailor,00-0037291,WR,rush_yds,0.668,0.0,0.0,0.0,0.0,0.0
2025_09_MIN_DET,MIN,DET,Jalen Nailor,00-0037291,WR,tgt,3.347,1.0,2.0,3.0,5.0,7.0
2025_09_MIN_DET,MIN,DET,Jalen Nailor,00-0037291,WR,rec,1.954,0.0,1.0,2.0,3.0,4.0
2025_09_MIN_DET,MIN,DET,Jalen Nailor,00-0037291,WR,rec_yds,21.782,0.0,4.464,15.87,32.669,51.509
2025_09_MIN_DET,MIN,DET,Jalen Nailor,00-0037291,WR,anytime_td,0.141,0.0,0.0,0.0,0.0,1.0
2025_09_MIN_DET,MIN,DET,Nick Vannett,00-0032394,TE,car,0.002,0.0,0.0,0.0,0.0,0.0
2025_09_MIN_DET,MIN,DET,Nick Vannett,00-0032394,TE,rush_yds,0.007,0.0,0.0,0.0,0.0,0.0
2025_09_MIN_DET,MIN,DET,Nick Vannett,00-0032394,TE,tgt,0.529,0.0,0.0,0.0,1.0,2.0
2025_09_MIN_DET,MIN,DET,Nick Vannett,00-0032394,TE,rec,0.362,0.0,0.0,0.0,1.0,1.0
2025_09_MIN_DET,MIN,DET,Nick Vannett,00-0032394,TE,rec_yds,3.263,0.0,0.0,0.0,1.7,11.874
2025_09_MIN_DET,MIN,DET,Nick Vannett,00-0032394,TE,anytime_td,0.028,0.0,0.0,0.0,0.0,0.0
2025_09_MIN_DET,MIN,DET,Aaron Jones,00-0033293,RB,car,8.173,3.0,5.0,7.0,11.0,14.0
2025_09_MIN_DET,MIN,DET,Aaron Jones,00-0033293,RB,rush_yds,30.917,5.842,13.142,25.082,42.55,63.283
2025_09_MIN_DET,MIN,DET,Aaron Jones,00-0033293,RB,tgt,3.539,1.0,2.0,3.0,5.0,7.0
2025_09_MIN_DET,MIN,DET,Aaron Jones,00-0033293,RB,rec,2.601,0.0,1.0,2.0,4.0,5.0
2025_09_MIN_DET,MIN,DET,Aaron Jones,00-0033293,RB,rec_yds,17.851,0.0,4.611,13.506,26.242,42.322
2025_09_MIN_DET,MIN,DET,Aaron Jones,00-0033293,RB,anytime_td,0.275,0.0,0.0,0.0,1.0,1.0
2025_09_MIN_DET,MIN,DET,Ben Yurosek,00-0040509,TE,car,0.001,0.0,0.0,0.0,0.0,0.0
2025_09_MIN_DET,MIN,DET,Ben Yurosek,00-0040509,TE,rush_yds,0.001,0.0,0.0,0.0,0.0,0.0
2025_09_MIN_DET,MIN,DET,Ben Yurosek,00-0040509,TE,tgt,0.638,0.0,0.0,0.0,1.0,2.0
2025_09_MIN_DET,MIN,DET,Ben Yurosek,00-0040509,TE,rec,0.452,0.0,0.0,0.0,1.0,1.0
2025_09_MIN_DET,MIN,DET,Ben Yurosek,00-0040509,TE,rec_yds,4.215,0.0,0.0,0.0,4.876,15.004
2025_09_MIN_DET,MIN,DET,Ben Yurosek,00-0040509,TE,anytime_td,0.011,0.0,0.0,0.0,0.0,0.0
2025_09_MIN_DET,MIN,DET,Adam Thielen,00-0030035,WR,car,0.009,0.0,0.0,0.0,0.0,0.0
2025_09_MIN_DET,MIN,DET,Adam Thielen,00-0030035,WR,rush_yds,0.063,0.0,0.0,0.0,0.0,0.0
2025_09_MIN_DET,MIN,DET,Adam Thielen,00-0030035,WR,tgt,2.372,0.0,1.0,2.0,3.0,5.0
2025_09_MIN_DET,MIN,DET,Adam Thielen,00-0030035,WR,rec,1.413,0.0,0.0,1.0,2.0,3.0
2025_09_MIN_DET,MIN,DET,Adam Thielen,00-0030035,WR,rec_yds,15.444,0.0,0.0,9.41,23.229,40.374
2025_09_MIN_DET,MIN,DET,Adam Thielen,00-0030035,WR,anytime_td,0.065,0.0,0.0,0.0,0.0,0.0
2025_09_NO_LA,LA,NO,Matthew Stafford,00-0026498,QB,att,29.7,20.0,25.0,30.0,35.0,40.0
2025_09_NO_LA,LA,NO,Matthew Stafford,00-0026498,QB,cmp,20.199,13.0,17.0,20.0,24.0,28.0
2025_09_NO_LA,LA,NO,Matthew Stafford,00-0026498,QB,pass_yds,236.186,144.345,188.238,234.244,284.742,337.919
2025_09_NO_LA,LA,NO,Matthew Stafford,00-0026498,QB,pass_td,1.986,0.0,1.0,2.0,3.0,4.0
2025_09_NO_LA,LA,NO,Matthew Stafford,00-0026498,QB,ints,0.508,0.0,0.0,0.0,1.0,2.0
2025_09_NO_LA,LA,NO,Matthew Stafford,00-0026498,QB,car,2.681,0.0,1.0,2.0,4.0,6.0
2025_09_NO_LA,LA,NO,Matthew Stafford,00-0026498,QB,rush_yds,6.474,-2.0,-1.0,1.861,10.222,20.983
2025_09_NO_LA,LA,NO,Matthew Stafford,00-0026498,QB,tgt,0.0,0.0,0.0,0.0,0.0,0.0
2025_09_NO_LA,LA,NO,Matthew Stafford,00-0026498,QB,rec,0.0,0.0,0.0,0.0,0.0,0.0
2025_09_NO_LA,LA,NO,Matthew Stafford,00-0026498,QB,rec_yds,0.002,0.0,0.0,0.0,0.0,0.0
2025_09_NO_LA,LA,NO,Matthew Stafford,00-0026498,QB,anytime_td,0.045,0.0,0.0,0.0,0.0,0.0
2025_09_NO_LA,LA,NO,Kyren Williams,00-0037840,RB,car,17.22,9.0,13.0,17.0,21.0,26.0
2025_09_NO_LA,LA,NO,Kyren Williams,00-0037840,RB,rush_yds,79.154,30.822,47.85,72.172,102.676,136.49
2025_09_NO_LA,LA,NO,Kyren Williams,00-0037840,RB,tgt,2.904,0.0,1.0,3.0,4.0,6.0
2025_09_NO_LA,LA,NO,Kyren Williams,00-0037840,RB,rec,2.373,0.0,1.0,2.0,3.0,5.0
2025_09_NO_LA,LA,NO,Kyren Williams,00-0037840,RB,rec_yds,18.761,0.0,3.73,13.626,28.092,45.078
2025_09_NO_LA,LA,NO,Kyren Williams,00-0037840,RB,anytime_td,0.61,0.0,0.0,1.0,1.0,1.0
2025_09_NO_LA,LA,NO,Davante Adams,00-0031381,WR,car,0.01,0.0,0.0,0.0,0.0,0.0
2025_09_NO_LA,LA,NO,Davante Adams,00-0031381,WR,rush_yds,0.073,0.0,0.0,0.0,0.0,0.0
2025_09_NO_LA,LA,NO,Davante Adams,00-0031381,WR,tgt,7.465,3.0,5.0,7.0,9.0,12.0
2025_09_NO_LA,LA,NO,Davante Adams,00-0031381,WR,rec,4.43,2.0,3.0,4.0,6.0,8.0
2025_09_NO_LA,LA,NO,Davante Adams,00-0031381,WR,rec_yds,59.941,14.942,30.155,53.179,82.383,113.426
2025_09_NO_LA,LA,NO,Davante Adams,00-0031381,WR,anytime_td,0.489,0.0,0.0,0.0,1.0,1.0
2025_09_NO_LA,LA,NO,Davis Allen,00-0039074,TE,car,0.002,0.0,0.0,0.0,0.0,0.0
2025_09_NO_LA,LA,NO,Davis Allen,00-0039074,TE,rush_yds,0.004,0.0,0.0,0.0,0.0,0.0
2025_09_NO_LA,LA,NO,Davis Allen,00-0039074,TE,tgt,1.134,0.0,0.0,1.0,2.0,3.0
2025_09_NO_LA,LA,NO,Davis Allen,00-0039074,TE,rec,0.852,0.0,0.0,1.0,1.0,2.0
2025_09_NO_LA,LA,NO,Davis Allen,00-0039074,TE,rec_yds,8.903,0.0,0.0,0.97,13.318,26.792
2025_09_NO_LA,LA,NO,Davis Allen,00-0039074,TE,anytime_td,0.111,0.0,0.0,0.0,0.0,1.0
2025_09_NO_LA,LA,NO,Colby Parkinson,00-0036244,TE,car,0.003,0.0,0.0,0.0,0.0,0.0
2025_09_NO_LA,LA,NO,Colby Parkinson,00-0036244,TE,rush_yds,0.005,0.0,0.0,0.0,0.0,0.0
2025_09_NO_LA,LA,NO,Colby Parkinson,00-0036244,TE,tgt,1.396,0.0,0.0,1.0,2.0,3.0
2025_09_NO_LA,LA,NO,Colby Parkinson,00-0036244,TE,rec,1.07,0.0,0.0,1.0,2.0,3.0
2025_09_NO_LA,LA,NO,Colby Parkinson,00-0036244,TE,rec_yds,11.484,0.0,0.0,5.39,17.284,32.703
2025_09_NO_LA,LA,NO,Colby Parkinson,00-0036244,TE,anytime_td,0.067,0.0,0.0,0.0,0.0,0.0
2025_09_NO_LA,LA,NO,Tyler Higbee,00-0033110,TE,car,0.003,0.0,0.0,0.0,0.0,0.0
2025_09_NO_LA,LA,NO,Tyler Higbee,00-0033110,TE,rush_yds,0.01,0.0,0.0,0.0,0.0,0.0
2025_09_NO_LA,LA,NO,Tyler Higbee,00-0033110,TE,tgt,3.436,1.0,2.0,3.0,5.0,7.0
2025_09_NO_LA,LA,NO,Tyler Higbee,00-0033110,TE,rec,2.487,0.0,1.0,2.0,4.0,5.0
2025_09_NO_LA,LA,NO,Tyler Higbee,00-0033110,TE,rec_yds,26.204,0.0,8.126,20.932,38.268,57.995
2025_09_NO_LA,LA,NO,Tyler Higbee,00-0033110,TE,anytime_td,0.207,0.0,0.0,0.0,0.0,1.0
2025_09_NO_LA,LA,NO,Puka Nacua,00-0039075,WR,car,0.533,0.0,0.0,0.0,0.0,2.0
2025_09_NO_LA,LA,NO,Puka Nacua,00-0039075,WR,rush_yds,3.142,0.0,0.0,0.0,0.0,10.68
2025_09_NO_LA,LA,NO,Puka Nacua,00-0039075,WR,tgt,8.465,4.0,6.0,8.0,11.0,13.0
2025_09_NO_LA,LA,NO,Puka Nacua,00-0039075,WR,rec,6.429,3.0,4.0,6.0,8.0,10.0
2025_09_NO_LA,LA,NO,Puka Nacua,00-0039075,WR,rec_yds,81.4,26.87,47.546,75.477,107.897,142.427
2025_09_NO_LA,LA,NO,Puka Nacua,00-0039075,WR,anytime_td,0.395,0.0,0.0,0.0,1.0,1.0
2025_09_NO_LA,LA,NO,Jordan Whittington,00-0039751,WR,car,0.358,0.0,0.0,0.0,0.0,1.0
2025_09_NO_LA,LA,NO,Jordan Whittington,00-0039751,WR,rush_yds,2.027,0.0,0.0,0.0,0.0,5.283
2025_09_NO_LA,LA,NO,Jordan Whittington,00-0039751,WR,tgt,2.134,0.0,1.0,2.0,3.0,5.0
2025_09_NO_LA,LA,NO,Jordan Whittington,00-0039751,WR,rec,1.457,0.0,0.0,1.0,2.0,3.0
2025_09_NO_LA,LA,NO,Jordan Whittington,00-0039751,WR,rec_yds,18.348,0.0,0.0,11.503,27.286,47.587
2025_09_NO_LA,LA,NO,Jordan Whittington,00-0039751,WR,anytime_td,0.04,0.0,0.0,0.0,0.0,0.0
2025_09_NO_LA,LA,NO,Konata Mumpfield,00-0040590,WR,car,0.01,0.0,0.0,0.0,0.0,0.0
2025_09_NO_LA,LA,NO,Konata Mumpfield,00-0040590,WR,rush_yds,0.07,0.0,0.0,0.0,0.0,0.0
2025_09_NO_LA,LA,NO,Konata Mumpfield,00-0040590,WR,tgt,0.576,0.0,0.0,0.0,1.0,2.0
2025_09_NO_LA,LA,NO,Konata Mumpfield,00-0040590,WR,rec,0.382,0.0,0.0,0.0,1.0,1.0
2025_09_NO_LA,LA,NO,Konata Mumpfield,00-0040590,WR,rec_yds,4.957,0.0,0.0,0.0,3.547,17.685
2025_09_NO_LA,LA,NO,Konata Mumpfield,00-0040590,WR,anytime_td,0.068,0.0,0.0,0.0,0.0,0.0
2025_09_NO_LA,LA,NO,Terrance Ferguson,00-0040737,TE,car,0.322,0.0,0.0,0.0,0.0,1.0
2025_09_NO_LA,LA,NO,Terrance Ferguson,00-0040737,TE,rush_yds,0.808,0.0,0.0,0.0,0.0,1.689
2025_09_NO_LA,LA,NO,Terrance Ferguson,00-0040737,TE,tgt,0.984,0.0,0.0,1.0,2.0,3.0
2025_09_NO_LA,LA,NO,Terrance Ferguson,00-0040737,TE,rec,0.712,0.0,0.0,0.0,1.0,2.0
2025_09_NO_LA,LA,NO,Terrance Ferguson,00-0040737,TE,rec_yds,8.23,0.0,0.0,0.0,12.231,26.685
2025_09_NO_LA,LA,NO,Terrance Ferguson,00-0040737,TE,anytime_td,0.129,0.0,0.0,0.0,0.0,1.0
2025_09_NO_LA,LA,NO,Blake Corum,00-0039738,RB,car,6.766,2.0,3.0,6.0,9.0,13.0
2025_09_NO_LA,LA,NO,Blake Corum,00-0039738,RB,rush_yds,30.438,3.194,10.42,23.256,42.973,66.77
2025_09_NO_LA,LA,NO,Blake Corum,00-0039738,RB,tgt,0.911,0.0,0.0,1.0,1.0,3.0
2025_09_NO_LA,LA,NO,Blake Corum,00-0039738,RB,rec,0.713,0.0,0.0,0.0,1.0,2.0
2025_09_NO_LA,LA,NO,Blake Corum,00-0039738,RB,rec_yds,5.409,0.0,0.0,0.0,7.189,17.478
2025_09_NO_LA,LA,NO,Blake Corum,00-0039738,RB,anytime_td,0.225,0.0,0.0,0.0,0.0,1.0
2025_09_NO_LA,LA,NO,Xavier Smith,00-0038359,WR,car,0.123,0.0,0.0,0.0,0.0,0.0
2025_09_NO_LA,LA,NO,Xavier Smith,00-0038359,WR,rush_yds,0.76,0.0,0.0,0.0,0.0,0.0
2025_09_NO_LA,LA,NO,Xavier Smith,00-0038359,WR,tgt,0.765,0.0,0.0,0.0,1.0,2.0
2025_09_NO_LA,LA,NO,Xavier Smith,00-0038359,WR,rec,0.501,0.0,0.0,0.0,1.0,2.0
2025_09_NO_LA,LA,NO,Xavier Smith,00-0038359,WR,rec_yds,6.622,0.0,0.0,0.0,8.27,23.426
2025_09_NO_LA,LA,NO,Xavier Smith,00-0038359,WR,anytime_td,0.011,0.0,0.0,0.0,0.0,0.0
2025_09_NO_LA,NO,LA,Tyler Shough,00-0040743,QB,att,31.814,22.0,27.0,33.0,38.0,42.0
2025_09_NO_LA,NO,LA,Tyler Shough,00-0040743,QB,cmp,19.602,12.0,16.0,20.0,24.0,27.0
2025_09_NO_LA,NO,LA,Tyler Shough,00-0040743,QB,pass_yds,178.464,102.886,140.088,177.711,219.288,258.871
2025_09_NO_LA,NO,LA,Tyler Shough,00-0040743,QB,pass_td,0.768,0.0,0.0,1.0,1.0,2.0
2025_09_NO_LA,NO,LA,Tyler Shough,00-0040743,QB,ints,0.769,0.0,0.0,1.0,1.0,2.0
2025_09_NO_LA,NO,LA,Tyler Shough,00-0040743,QB,car,2.631,0.0,1.0,2.0,4.0,5.0
2025_09_NO_LA,NO,LA,Tyler Shough,00-0040743,QB,rush_yds,15.326,0.0,3.801,12.303,22.804,36.057
2025_09_NO_LA,NO,LA,Tyler Shough,00-0040743,QB,tgt,0.001,0.0,0.0,0.0,0.0,0.0
2025_09_NO_LA,NO,LA,Tyler Shough,00-0040743,QB,rec,0.001,0.0,0.0,0.0,0.0,0.0
2025_09_NO_LA,NO,LA,Tyler Shough,00-0040743,QB,rec_yds,0.003,0.0,0.0,0.0,0.0,0.0
2025_09_NO_LA,NO,LA,Tyler Shough,00-0040743,QB,anytime_td,0.007,0.0,0.0,0.0,0.0,0.0
2025_09_NO_LA,NO,LA,Chris Olave,00-0037239,WR,car,0.285,0.0,0.0,0.0,0.0,1.0
2025_09_NO_LA,NO,LA,Chris Olave,00-0037239,WR,rush_yds,1.454,0.0,0.0,0.0,0.0,2.517
2025_09_NO_LA,NO,LA,Chris Olave,00-0037239,WR,tgt,8.607,4.0,6.0,8.0,11.0,14.0
2025_09_NO_LA,NO,LA,Chris Olave,00-0037239,WR,rec,5.219,2.0,3.0,5.0,7.0,9.0
2025_09_NO_LA,NO,LA,Chris Olave,00-0037239,WR,rec_yds,51.597,14.522,27.472,46.366,70.24,94.689
2025_09_NO_LA,NO,LA,Chris Olave,00-0037239,WR,anytime_td,0.215,0.0,0.0,0.0,0.0,1.0
2025_09_NO_LA,NO,LA,Rashid Shaheed,00-0037545,WR,car,0.466,0.0,0.0,0.0,0.0,2.0
2025_09_NO_LA,NO,LA,Rashid Shaheed,00-0037545,WR,rush_yds,2.233,0.0,0.0,0.0,0.0,7.165
2025_09_NO_LA,NO,LA,Rashid Shaheed,00-0037545,WR,tgt,6.685,3.0,4.0,6.0,9.0,11.0
2025_09_NO_LA,NO,LA,Rashid Shaheed,00-0037545,WR,rec,4.102,1.0,2.0,4.0,6.0,7.0
2025_09_NO_LA,NO,LA,Rashid Shaheed,00-0037545,WR,rec_yds,41.956,8.816,19.643,36.431,59.361,82.888
2025_09_NO_LA,NO,LA,Rashid Shaheed,00-0037545,WR,anytime_td,0.156,0.0,0.0,0.0,0.0,1.0
2025_09_NO_LA,NO,LA,Juwan Johnson,00-0036040,TE,car,0.002,0.0,0.0,0.0,0.0,0.0
2025_09_NO_LA,NO,LA,Juwan Johnson,00-0036040,TE,rush_yds,0.006,0.0,0.0,0.0,0.0,0.0
2025_09_NO_LA,NO,LA,Juwan Johnson,00-0036040,TE,tgt,5.338,2.0,3.0,5.0,7.0,9.0
2025_09_NO_LA,NO,LA,Juwan Johnson,00-0036040,TE,rec,3.576,1.0,2.0,3.0,5.0,7.0
2025_09_NO_LA,NO,LA,Juwan Johnson,00-0036040,TE,rec_yds,32.153,5.415,14.528,27.951,45.568,64.397
2025_09_NO_LA,NO,LA,Juwan Johnson,00-0036040,TE,anytime_td,0.099,0.0,0.0,0.0,0.0,0.0
2025_09_NO_LA,NO,LA,Alvin Kamara,00-0033906,RB,car,18.231,10.0,14.0,18.0,22.0,27.0
2025_09_NO_LA,NO,LA,Alvin Kamara,00-0033906,RB,rush_yds,63.541,25.396,38.282,57.956,82.277,110.009
2025_09_NO_LA,NO,LA,Alvin Kamara,00-0033906,RB,tgt,3.669,1.0,2.0,3.0,5.0,7.0
2025_09_NO_LA,NO,LA,Alvin Kamara,00-0033906,RB,rec,2.82,1.0,1.0,2.0,4.0,6.0
2025_09_NO_LA,NO,LA,Alvin Kamara,00-0033906,RB,rec_yds,16.673,0.0,4.85,12.786,23.841,38.401
2025_09_NO_LA,NO,LA,Alvin Kamara,00-0033906,RB,anytime_td,0.183,0.0,0.0,0.0,0.0,1.0
2025_09_NO_LA,NO,LA,Brandin Cooks,00-0031236,WR,car,0.06,0.0,0.0,0.0,0.0,0.0
2025_09_NO_LA,NO,LA,Brandin Cooks,00-0031236,WR,rush_yds,0.33,0.0,0.0,0.0,0.0,0.0
2025_09_NO_LA,NO,LA,Brandin Cooks,00-0031236,WR,tgt,2.667,0.0,1.0,2.0,4.0,5.0
2025_09_NO_LA,NO,LA,Brandin Cooks,00-0031236,WR,rec,1.668,0.0,1.0,1.0,2.0,4.0
2025_09_NO_LA,NO,LA,Brandin Cooks,00-0031236,WR,rec_yds,16.229,0.0,0.0,11.113,24.321,40.813
2025_09_NO_LA,NO,LA,Brandin Cooks,00-0031236,WR,anytime_td,0.041,0.0,0.0,0.0,0.0,0.0
2025_09_NO_LA,NO,LA,Devin Neal,00-0040202,RB,car,2.57,0.0,1.0,2.0,4.0,6.0
2025_09_NO_LA,NO,LA,Devin Neal,00-0040202,RB,rush_yds,9.466,0.0,0.0,4.747,13.282,25.412
2025_09_NO_LA,NO,LA,Devin Neal,00-0040202,RB,tgt,0.875,0.0,0.0,0.0,1.0,2.0
2025_09_NO_LA,NO,LA,Devin Neal,00-0040202,RB,rec,0.659,0.0,0.0,0.0,1.0,2.0
2025_09_NO_LA,NO,LA,Devin Neal,00-0040202,RB,rec_yds,4.084,0.0,0.0,0.0,5.606,13.191
2025_09_NO_LA,NO,LA,Devin Neal,00-0040202,RB,anytime_td,0.042,0.0,0.0,0.0,0.0,0.0
2025_09_NO_LA,NO,LA,Foster Moreau,00-0034981,TE,car,0.003,0.0,0.0,0.0,0.0,0.0
2025_09_NO_LA,NO,LA,Foster Moreau,00-0034981,TE,rush_yds,0.01,0.0,0.0,0.0,0.0,0.0
2025_09_NO_LA,NO,LA,Foster Moreau,00-0034981,TE,tgt,1.323,0.0,0.0,1.0,2.0,3.0
2025_09_NO_LA,NO,LA,Foster Moreau,00-0034981,TE,rec,0.88,0.0,0.0,1.0,1.0,2.0
2025_09_NO_LA,NO,LA,Foster Moreau,00-0034981,TE,rec_yds,7.982,0.0,0.0,1.333,11.977,24.907
2025_09_NO_LA,NO,LA,Foster Moreau,00-0034981,TE,anytime_td,0.063,0.0,0.0,0.0,0.0,0.0
2025_09_NO_LA,NO,LA,Devaughn Vele,00-0039424,WR,car,0.015,0.0,0.0,0.0,0.0,0.0
2025_09_NO_LA,NO,LA,Devaughn Vele,00-0039424,WR,rush_yds,0.056,0.0,0.0,0.0,0.0,0.0
2025_09_NO_LA,NO,LA,Devaughn Vele,00-0039424,WR,tgt,1.784,0.0,0.0,1.0,3.0,4.0
2025_09_NO_LA,NO,LA,Devaughn Vele,00-0039424,WR,rec,1.01,0.0,0.0,1.0,2.0,3.0
2025_09_NO_LA,NO,LA,Devaughn Vele,00-0039424,WR,rec_yds,10.363,0.0,0.0,4.626,15.771,29.488
2025_09_NO_LA,NO,LA,Devaughn Vele,00-0039424,WR,anytime_td,0.063,0.0,0.0,0.0,0.0,0.0
2025_09_NO_LA,NO,LA,Jack Stoll,00-0036741,TE,car,0.001,0.0,0.0,0.0,0.0,0.0
2025_09_NO_LA,NO,LA,Jack Stoll,00-0036741,TE,rush_yds,0.001,0.0,0.0,0.0,0.0,0.0
2025_09_NO_LA,NO,LA,Jack Stoll,00-0036741,TE,tgt,0.74,0.0,0.0,0.0,1.0,2.0
2025_09_NO_LA,NO,LA,Jack Stoll,00-0036741,TE,rec,0.477,0.0,0.0,0.0,1.0,2.0
2025_09_NO_LA,NO,LA,Jack Stoll,00-0036741,TE,rec_yds,4.147,0.0,0.0,0.0,5.174,14.28
2025_09_NO_LA,NO,LA,Jack Stoll,00-0036741,TE,anytime_td,0.038,0.0,0.0,0.0,0.0,0.0
2025_09_NO_LA,NO,LA,Mason Tipton,00-0039623,WR,car,0.013,0.0,0.0,0.0,0.0,0.0
2025_09_NO_LA,NO,LA,Mason Tipton,00-0039623,WR,rush_yds,0.05,0.0,0.0,0.0,0.0,0.0
2025_09_NO_LA,NO,LA,Mason Tipton,00-0039623,WR,tgt,0.833,0.0,0.0,0.0,1.0,2.0
2025_09_NO_LA,NO,LA,Mason Tipton,00-0039623,WR,rec,0.476,0.0,0.0,0.0,1.0,1.0
2025_09_NO_LA,NO,LA,Mason Tipton,00-0039623,WR,rec_yds,5.111,0.0,0.0,0.0,6.347,17.596
2025_09_NO_LA,NO,LA,Mason Tipton,00-0039623,WR,anytime_td,0.006,0.0,0.0,0.0,0.0,0.0
2025_09_SEA_WAS,WAS,SEA,Jayden Daniels,00-0039910,QB,att,29.516,20.0,25.0,30.0,35.0,40.0
2025_09_SEA_WAS,WAS,SEA,Jayden Daniels,00-0039910,QB,cmp,19.241,12.0,16.0,20.0,23.0,26.0
2025_09_SEA_WAS,WAS,SEA,Jayden Daniels,00-0039910,QB,pass_yds,208.652,124.339,165.151,207.796,253.111,299.406
2025_09_SEA_WAS,WAS,SEA,Jayden Daniels,00-0039910,QB,pass_td,1.358,0.0,1.0,1.0,2.0,3.0
2025_09_SEA_WAS,WAS,SEA,Jayden Daniels,00-0039910,QB,ints,0.672,0.0,0.0,0.0,1.0,2.0
2025_09_SEA_WAS,WAS,SEA,Jayden Daniels,00-0039910,QB,car,6.824,3.0,4.0,6.0,9.0,12.0
2025_09_SEA_WAS,WAS,SEA,Jayden Daniels,00-0039910,QB,rush_yds,35.888,8.689,17.84,32.353,49.53,68.242
2025_09_SEA_WAS,WAS,SEA,Jayden Daniels,00-0039910,QB,tgt,0.0,0.0,0.0,0.0,0.0,0.0
2025_09_SEA_WAS,WAS,SEA,Jayden Daniels,00-0039910,QB,rec,0.0,0.0,0.0,0.0,0.0,0.0
2025_09_SEA_WAS,WAS,SEA,Jayden Daniels,00-0039910,QB,rec_yds,0.0,0.0,0.0,0.0,0.0,0.0
2025_09_SEA_WAS,WAS,SEA,Jayden Daniels,00-0039910,QB,anytime_td,0.202,0.0,0.0,0.0,0.0,1.0
2025_09_SEA_WAS,WAS,SEA,Chris Moore,00-0032398,WR,car,0.125,0.0,0.0,0.0,0.0,0.0
2025_09_SEA_WAS,WAS,SEA,Chris Moore,00-0032398,WR,rush_yds,0.696,0.0,0.0,0.0,0.0,0.0
2025_09_SEA_WAS,WAS,SEA,Chris Moore,00-0032398,WR,tgt,2.989,1.0,1.0,3.0,4.0,6.0
2025_09_SEA_WAS,WAS,SEA,Chris Moore,00-0032398,WR,rec,1.787,0.0,1.0,2.0,3.0,4.0
2025_09_SEA_WAS,WAS,SEA,Chris Moore,00-0032398,WR,rec_yds,25.356,0.0,3.74,18.049,38.236,62.217
2025_09_SEA_WAS,WAS,SEA,Chris Moore,00-0032398,WR,anytime_td,0.114,0.0,0.0,0.0,0.0,1.0
2025_09_SEA_WAS,WAS,SEA,Deebo Samuel Sr.,00-0035719,WR,car,1.469,0.0,0.0,1.0,2.0,4.0
2025_09_SEA_WAS,WAS,SEA,Deebo Samuel Sr.,00-0035719,WR,rush_yds,7.359,0.0,0.0,0.0,9.585,23.656
2025_09_SEA_WAS,WAS,SEA,Deebo Samuel Sr.,00-0035719,WR,tgt,8.259,4.0,6.0,8.0,10.0,13.0
2025_09_SEA_WAS,WAS,SEA,Deebo Samuel Sr.,00-0035719,WR,rec,5.634,2.0,4.0,5.0,7.0,9.0
2025_09_SEA_WAS,WAS,SEA,Deebo Samuel Sr.,00-0035719,WR,rec_yds,62.695,19.538,34.698,56.804,84.508,112.363
2025_09_SEA_WAS,WAS,SEA,Deebo Samuel Sr.,00-0035719,WR,anytime_td,0.332,0.0,0.0,0.0,1.0,1.0
2025_09_SEA_WAS,WAS,SEA,Jaylin Lane,00-0040164,WR,car,0.169,0.0,0.0,0.0,0.0,0.0
2025_09_SEA_WAS,WAS,SEA,Jaylin Lane,00-0040164,WR,rush_yds,0.847,0.0,0.0,0.0,0.0,0.0
2025_09_SEA_WAS,WAS,SEA,Jaylin Lane,00-0040164,WR,tgt,3.737,1.0,2.0,3.0,5.0,7.0
2025_09_SEA_WAS,WAS,SEA,Jaylin Lane,00-0040164,WR,rec,2.217,0.0,1.0,2.0,3.0,5.0
2025_09_SEA_WAS,WAS,SEA,Jaylin Lane,00-0040164,WR,rec_yds,29.43,0.0,8.034,22.857,43.117,68.06
2025_09_SEA_WAS,WAS,SEA,Jaylin Lane,00-0040164,WR,anytime_td,0.054,0.0,0.0,0.0,0.0,0.0
2025_09_SEA_WAS,WAS,SEA,Zach Ertz,00-0030061,TE,car,0.002,0.0,0.0,0.0,0.0,0.0
2025_09_SEA_WAS,WAS,SEA,Zach Ertz,00-0030061,TE,rush_yds,0.004,0.0,0.0,0.0,0.0,0.0
2025_09_SEA_WAS,WAS,SEA,Zach Ertz,00-0030061,TE,tgt,6.333,3.0,4.0,6.0,8.0,11.0
2025_09_SEA_WAS,WAS,SEA,Zach Ertz,00-0030061,TE,rec,4.436,2.0,3.0,4.0,6.0,8.0
2025_09_SEA_WAS,WAS,SEA,Zach Ertz,00-0030061,TE,rec_yds,43.187,10.197,21.402,38.439,60.072,82.787
2025_09_SEA_WAS,WAS,SEA,Zach Ertz,00-0030061,TE,anytime_td,0.294,0.0,0.0,0.0,1.0,1.0
2025_09_SEA_WAS,WAS,SEA,Treylon Burks,00-0037742,WR,car,0.272,0.0,0.0,0.0,0.0,1.0
2025_09_SEA_WAS,WAS,SEA,Treylon Burks,00-0037742,WR,rush_yds,1.342,0.0,0.0,0.0,0.0,1.578
2025_09_SEA_WAS,WAS,SEA,Treylon Burks,00-0037742,WR,tgt,2.203,0.0,1.0,2.0,3.0,5.0
2025_09_SEA_WAS,WAS,SEA,Treylon Burks,00-0037742,WR,rec,1.395,0.0,0.0,1.0,2.0,3.0
2025_09_SEA_WAS,WAS,SEA,Treylon Burks,00-0037742,WR,rec_yds,17.831,0.0,0.0,10.806,27.146,47.547
2025_09_SEA_WAS,WAS,SEA,Treylon Burks,00-0037742,WR,anytime_td,0.07,0.0,0.0,0.0,0.0,0.0
2025_09_SEA_WAS,WAS,SEA,John Bates,00-0036628,TE,car,0.002,0.0,0.0,0.0,0.0,0.0
2025_09_SEA_WAS,WAS,SEA,John Bates,00-0036628,TE,rush_yds,0.006,0.0,0.0,0.0,0.0,0.0
2025_09_SEA_WAS,WAS,SEA,John Bates,00-0036628,TE,tgt,1.076,0.0,0.0,1.0,2.0,3.0
2025_09_SEA_WAS,WAS,SEA,John Bates,00-0036628,TE,rec,0.772,0.0,0.0,0.0,1.0,2.0
2025_09_SEA_WAS,WAS,SEA,John Bates,00-0036628,TE,rec_yds,8.163,0.0,0.0,0.0,12.199,26.153
2025_09_SEA_WAS,WAS,SEA,John Bates,00-0036628,TE,anytime_td,0.026,0.0,0.0,0.0,0.0,0.0
2025_09_SEA_WAS,WAS,SEA,Jacory Croskey-Merritt,00-0040242,RB,car,11.436,5.0,7.0,11.0,15.0,19.0
2025_09_SEA_WAS,WAS,SEA,Jacory Croskey-Merritt,00-0040242,RB,rush_yds,45.936,12.42,23.389,39.347,62.166,87.298
2025_09_SEA_WAS,WAS,SEA,Jacory Croskey-Merritt,00-0040242,RB,tgt,1.837,0.0,1.0,1.0,3.0,4.0
2025_09_SEA_WAS,WAS,SEA,Jacory Croskey-Merritt,00-0040242,RB,rec,1.402,0.0,0.0,1.0,2.0,3.0
2025_09_SEA_WAS,WAS,SEA,Jacory Croskey-Merritt,00-0040242,RB,rec_yds,10.536,0.0,0.0,5.604,15.909,29.121
2025_09_SEA_WAS,WAS,SEA,Jacory Croskey-Merritt,00-0040242,RB,anytime_td,0.283,0.0,0.0,0.0,1.0,1.0
2025_09_SEA_WAS,WAS,SEA,Chris Rodriguez Jr.,00-0038611,RB,car,4.19,0.0,2.0,3.0,6.0,9.0
2025_09_SEA_WAS,WAS,SEA,Chris Rodriguez Jr.,00-0038611,RB,rush_yds,16.768,0.0,3.431,11.186,23.555,41.066
2025_09_SEA_WAS,WAS,SEA,Chris Rodriguez Jr.,00-0038611,RB,tgt,0.139,0.0,0.0,0.0,0.0,1.0
2025_09_SEA_WAS,WAS,SEA,Chris Rodriguez Jr.,00-0038611,RB,rec,0.111,0.0,0.0,0.0,0.0,0.0
2025_09_SEA_WAS,WAS,SEA,Chris Rodriguez Jr.,00-0038611,RB,rec_yds,0.867,0.0,0.0,0.0,0.0,0.0
2025_09_SEA_WAS,WAS,SEA,Chris Rodriguez Jr.,00-0038611,RB,anytime_td,0.151,0.0,0.0,0.0,0.0,1.0
2025_09_SEA_WAS,WAS,SEA,Jeremy McNichols,00-0033955,RB,car,2.243,0.0,0.0,1.0,3.0,6.0
2025_09_SEA_WAS,WAS,SEA,Jeremy McNichols,00-0033955,RB,rush_yds,9.597,0.0,0.0,3.978,13.251,27.65
2025_09_SEA_WAS,WAS,SEA,Jeremy McNichols,00-0033955,RB,tgt,3.019,1.0,1.0,3.0,4.0,6.0
2025_09_SEA_WAS,WAS,SEA,Jeremy McNichols,00-0033955,RB,rec,2.325,0.0,1.0,2.0,3.0,5.0
2025_09_SEA_WAS,WAS,SEA,Jeremy McNichols,00-0033955,RB,rec_yds,19.633,0.0,4.32,14.214,29.099,47.111
2025_09_SEA_WAS,WAS,SEA,Jeremy McNichols,00-0033955,RB,anytime_td,0.114,0.0,0.0,0.0,0.0,1.0
2025_09_SEA_WAS,SEA,WAS,Sam Darnold,00-0034869,QB,att,29.702,20.0,25.0,30.0,35.0,40.0
2025_09_SEA_WAS,SEA,WAS,Sam Darnold,00-0034869,QB,cmp,20.228,13.0,17.0,20.0,24.0,28.0
2025_09_SEA_WAS,SEA,WAS,Sam Darnold,00-0034869,QB,pass_yds,237.793,144.867,187.519,238.281,290.819,338.992
2025_09_SEA_WAS,SEA,WAS,Sam Darnold,00-0034869,QB,pass_td,1.545,0.0,1.0,1.0,2.0,3.0
2025_09_SEA_WAS,SEA,WAS,Sam Darnold,00-0034869,QB,ints,0.633,0.0,0.0,0.0,1.0,2.0
2025_09_SEA_WAS,SEA,WAS,Sam Darnold,00-0034869,QB,car,2.044,0.0,1.0,2.0,3.0,4.0
2025_09_SEA_WAS,SEA,WAS,Sam Darnold,00-0034869,QB,rush_yds,7.393,-1.0,0.0,3.028,11.179,22.22
2025_09_SEA_WAS,SEA,WAS,Sam Darnold,00-0034869,QB,tgt,0.001,0.0,0.0,0.0,0.0,0.0
2025_09_SEA_WAS,SEA,WAS,Sam Darnold,00-0034869,QB,rec,0.001,0.0,0.0,0.0,0.0,0.0
2025_09_SEA_WAS,SEA,WAS,Sam Darnold,00-0034869,QB,rec_yds,0.011,0.0,0.0,0.0,0.0,0.0
2025_09_SEA_WAS,SEA,WAS,Sam Darnold,00-0034869,QB,anytime_td,0.019,0.0,0.0,0.0,0.0,0.0
2025_09_SEA_WAS,SEA,WAS,AJ Barner,00-0039793,TE,car,0.223,0.0,0.0,0.0,0.0,1.0
2025_09_SEA_WAS,SEA,WAS,AJ Barner,00-0039793,TE,rush_yds,0.523,0.0,0.0,0.0,0.0,0.0
2025_09_SEA_WAS,SEA,WAS,AJ Barner,00-0039793,TE,tgt,3.596,1.0,2.0,3.0,5.0,7.0
2025_09_SEA_WAS,SEA,WAS,AJ Barner,00-0039793,TE,rec,2.749,0.0,1.0,2.0,4.0,5.0
2025_09_SEA_WAS,SEA,WAS,AJ Barner,00-0039793,TE,rec_yds,29.214,0.0,9.805,23.957,42.466,62.824
2025_09_SEA_WAS,SEA,WAS,AJ Barner,00-0039793,TE,anytime_td,0.313,0.0,0.0,0.0,1.0,1.0
2025_09_SEA_WAS,SEA,WAS,Tory Horton,00-0040648,WR,car,0.013,0.0,0.0,0.0,0.0,0.0
2025_09_SEA_WAS,SEA,WAS,Tory Horton,00-0040648,WR,rush_yds,0.081,0.0,0.0,0.0,0.0,0.0
2025_09_SEA_WAS,SEA,WAS,Tory Horton,00-0040648,WR,tgt,3.019,1.0,1.0,3.0,4.0,6.0
2025_09_SEA_WAS,SEA,WAS,Tory Horton,00-0040648,WR,rec,1.813,0.0,1.0,2.0,3.0,4.0
2025_09_SEA_WAS,SEA,WAS,Tory Horton,00-0040648,WR,rec_yds,23.079,0.0,3.335,16.324,34.7,56.925
2025_09_SEA_WAS,SEA,WAS,Tory Horton,00-0040648,WR,anytime_td,0.227,0.0,0.0,0.0,0.0,1.0
2025_09_SEA_WAS,SEA,WAS,Jaxon Smith-Njigba,00-0038543,WR,car,0.317,0.0,0.0,0.0,0.0,1.0
2025_09_SEA_WAS,SEA,WAS,Jaxon Smith-Njigba,00-0038543,WR,rush_yds,2.029,0.0,0.0,0.0,0.0,4.091
2025_09_SEA_WAS,SEA,WAS,Jaxon Smith-Njigba,00-0038543,WR,tgt,10.883,6.0,8.0,11.0,13.0,16.0
2025_09_SEA_WAS,SEA,WAS,Jaxon Smith-Njigba,00-0038543,WR,rec,7.497,4.0,5.0,7.0,10.0,12.0
2025_09_SEA_WAS,SEA,WAS,Jaxon Smith-Njigba,00-0038543,WR,rec_yds,109.697,43.172,69.589,104.197,143.444,182.748
2025_09_SEA_WAS,SEA,WAS,Jaxon Smith-Njigba,00-0038543,WR,anytime_td,0.414,0.0,0.0,0.0,1.0,1.0
2025_09_SEA_WAS,SEA,WAS,Kenneth Walker III,00-0038134,RB,car,10.492,4.0,6.0,10.0,14.0,18.0
2025_09_SEA_WAS,SEA,WAS,Kenneth Walker III,00-0038134,RB,rush_yds,49.063,11.272,23.535,41.859,67.631,95.879
2025_09_SEA_WAS,SEA,WAS,Kenneth Walker III,00-0038134,RB,tgt,1.835,0.0,1.0,1.0,3.0,4.0
2025_09_SEA_WAS,SEA,WAS,Kenneth Walker III,00-0038134,RB,rec,1.49,0.0,0.0,1.0,2.0,3.0
2025_09_SEA_WAS,SEA,WAS,Kenneth Walker III,00-0038134,RB,rec_yds,10.922,0.0,0.0,6.09,16.168,30.236
2025_09_SEA_WAS,SEA,WAS,Kenneth Walker III,00-0038134,RB,anytime_td,0.328,0.0,0.0,0.0,1.0,1.0
2025_09_SEA_WAS,SEA,WAS,Elijah Arroyo,00-0040739,TE,car,0.002,0.0,0.0,0.0,0.0,0.0
2025_09_SEA_WAS,SEA,WAS,Elijah Arroyo,00-0040739,TE,rush_yds,0.005,0.0,0.0,0.0,0.0,0.0
2025_09_SEA_WAS,SEA,WAS,Elijah Arroyo,00-0040739,TE,tgt,2.96,1.0,1.0,3.0,4.0,6.0
2025_09_SEA_WAS,SEA,WAS,Elijah Arroyo,00-0040739,TE,rec,2.11,0.0,1.0,2.0,3.0,4.0
2025_09_SEA_WAS,SEA,WAS,Elijah Arroyo,00-0040739,TE,rec_yds,22.395,0.0,5.768,17.271,33.097,51.966
2025_09_SEA_WAS,SEA,WAS,Elijah Arroyo,00-0040739,TE,anytime_td,0.079,0.0,0.0,0.0,0.0,0.0
2025_09_SEA_WAS,SEA,WAS,Zach Charbonnet,00-0039165,RB,car,8.991,3.0,5.0,8.0,12.0,16.0
2025_09_SEA_WAS,SEA,WAS,Zach Charbonnet,00-0039165,RB,rush_yds,36.961,7.427,16.217,30.551,50.451,74.376
2025_09_SEA_WAS,SEA,WAS,Zach Charbonnet,00-0039165,RB,tgt,1.753,0.0,0.0,1.0,3.0,4.0
2025_09_SEA_WAS,SEA,WAS,Zach Charbonnet,00-0039165,RB,rec,1.418,0.0,0.0,1.0,2.0,3.0
2025_09_SEA_WAS,SEA,WAS,Zach Charbonnet,00-0039165,RB,rec_yds,10.369,0.0,0.0,5.389,15.303,28.944
2025_09_SEA_WAS,SEA,WAS,Zach Charbonnet,00-0039165,RB,anytime_td,0.487,0.0,0.0,0.0,1.0,1.0
2025_09_SEA_WAS,SEA,WAS,Nick Kallerup,00-0040058,TE,car,0.006,0.0,0.0,0.0,0.0,0.0
2025_09_SEA_WAS,SEA,WAS,Nick Kallerup,00-0040058,TE,rush_yds,0.022,0.0,0.0,0.0,0.0,0.0
2025_09_SEA_WAS,SEA,WAS,Nick Kallerup,00-0040058,TE,tgt,0.852,0.0,0.0,0.0,1.0,2.0
2025_09_SEA_WAS,SEA,WAS,Nick Kallerup,00-0040058,TE,rec,0.619,0.0,0.0,0.0,1.0,2.0
2025_09_SEA_WAS,SEA,WAS,Nick Kallerup,00-0040058,TE,rec_yds,6.224,0.0,0.0,0.0,8.985,20.96
2025_09_SEA_WAS,SEA,WAS,Nick Kallerup,00-0040058,TE,anytime_td,0.042,0.0,0.0,0.0,0.0,0.0
2025_09_SEA_WAS,SEA,WAS,Ricky White III,00-0040653,WR,car,0.061,0.0,0.0,0.0,0.0,0.0
2025_09_SEA_WAS,SEA,WAS,Ricky White III,00-0040653,WR,rush_yds,0.364,0.0,0.0,0.0,0.0,0.0
2025_09_SEA_WAS,SEA,WAS,Ricky White III,00-0040653,WR,tgt,1.486,0.0,0.0,1.0,2.0,4.0
2025_09_SEA_WAS,SEA,WAS,Ricky White III,00-0040653,WR,rec,0.965,0.0,0.0,1.0,1.0,3.0
2025_09_SEA_WAS,SEA,WAS,Ricky White III,00-0040653,WR,rec_yds,12.189,0.0,0.0,4.564,18.384,36.117
2025_09_SEA_WAS,SEA,WAS,Ricky White III,00-0040653,WR,anytime_td,0.074,0.0,0.0,0.0,0.0,0.0
2025_09_SEA_WAS,SEA,WAS,George Holani,00-0039299,RB,car,4.432,0.0,2.0,4.0,6.0,10.0
2025_09_SEA_WAS,SEA,WAS,George Holani,00-0039299,RB,rush_yds,19.714,0.0,4.262,13.379,28.205,47.273
2025_09_SEA_WAS,SEA,WAS,George Holani,00-0039299,RB,tgt,1.552,0.0,0.0,1.0,2.0,4.0
2025_09_SEA_WAS,SEA,WAS,George Holani,00-0039299,RB,rec,1.259,0.0,0.0,1.0,2.0,3.0
2025_09_SEA_WAS,SEA,WAS,George Holani,00-0039299,RB,rec_yds,9.502,0.0,0.0,4.57,13.996,27.547
2025_09_SEA_WAS,SEA,WAS,George Holani,00-0039299,RB,anytime_td,0.159,0.0,0.0,0.0,0.0,1.0
2025_09_SEA_WAS,SEA,WAS,Cody White,00-0035891,WR,car,0.032,0.0,0.0,0.0,0.0,0.0
2025_09_SEA_WAS,SEA,WAS,Cody White,00-0035891,WR,rush_yds,0.227,0.0,0.0,0.0,0.0,0.0
2025_09_SEA_WAS,SEA,WAS,Cody White,00-0035891,WR,tgt,2.117,0.0,1.0,2.0,3.0,5.0
2025_09_SEA_WAS,SEA,WAS,Cody White,00-0035891,WR,rec,1.375,0.0,0.0,1.0,2.0,3.0
2025_09_SEA_WAS,SEA,WAS,Cody White,00-0035891,WR,rec_yds,17.531,0.0,0.0,10.453,26.351,47.329
2025_09_SEA_WAS,SEA,WAS,Cody White,00-0035891,WR,anytime_td,0.079,0.0,0.0,0.0,0.0,0.0
2025_09_SF_NYG,NYG,SF,Jaxson Dart,00-0040691,QB,att,29.262,20.0,25.0,30.0,35.0,39.0
2025_09_SF_NYG,NYG,SF,Jaxson Dart,00-0040691,QB,cmp,19.22,12.0,16.0,19.0,23.0,26.0
2025_09_SF_NYG,NYG,SF,Jaxson Dart,00-0040691,QB,pass_yds,213.951,126.745,169.116,213.062,260.498,307.631
2025_09_SF_NYG,NYG,SF,Jaxson Dart,00-0040691,QB,pass_td,1.349,0.0,1.0,1.0,2.0,3.0
2025_09_SF_NYG,NYG,SF,Jaxson Dart,00-0040691,QB,ints,0.589,0.0,0.0,0.0,1.0,2.0
2025_09_SF_NYG,NYG,SF,Jaxson Dart,00-0040691,QB,car,7.716,3.0,5.0,7.0,10.0,14.0
2025_09_SF_NYG,NYG,SF,Jaxson Dart,00-0040691,QB,rush_yds,34.126,5.753,15.737,29.705,46.807,68.056
2025_09_SF_NYG,NYG,SF,Jaxson Dart,00-0040691,QB,tgt,0.0,0.0,0.0,0.0,0.0,0.0
2025_09_SF_NYG,NYG,SF,Jaxson Dart,00-0040691,QB,rec,0.0,0.0,0.0,0.0,0.0,0.0
2025_09_SF_NYG,NYG,SF,Jaxson Dart,00-0040691,QB,rec_yds,0.002,0.0,0.0,0.0,0.0,0.0
2025_09_SF_NYG,NYG,SF,Jaxson Dart,00-0040691,QB,anytime_td,0.31,0.0,0.0,0.0,1.0,1.0
2025_09_SF_NYG,NYG,SF,Wan'Dale Robinson,00-0038117,WR,car,0.19,0.0,0.0,0.0,0.0,0.0
2025_09_SF_NYG,NYG,SF,Wan'Dale Robinson,00-0038117,WR,rush_yds,1.053,0.0,0.0,0.0,0.0,0.0
2025_09_SF_NYG,NYG,SF,Wan'Dale Robinson,00-0038117,WR,tgt,8.736,4.0,6.0,8.0,11.0,13.0
2025_09_SF_NYG,NYG,SF,Wan'Dale Robinson,00-0038117,WR,rec,5.93,3.0,4.0,6.0,8.0,10.0
2025_09_SF_NYG,NYG,SF,Wan'Dale Robinson,00-0038117,WR,rec_yds,72.905,24.197,41.838,66.248,97.732,129.582
2025_09_SF_NYG,NYG,SF,Wan'Dale Robinson,00-0038117,WR,anytime_td,0.214,0.0,0.0,0.0,0.0,1.0
2025_09_SF_NYG,NYG,SF,Ray-Ray McCloud,00-0034407,WR,car,0.271,0.0,0.0,0.0,0.0,1.0
2025_09_SF_NYG,NYG,SF,Ray-Ray McCloud,00-0034407,WR,rush_yds,1.658,0.0,0.0,0.0,0.0,0.977
2025_09_SF_NYG,NYG,SF,Ray-Ray McCloud,00-0034407,WR,tgt,4.35,1.0,2.0,4.0,6.0,8.0
2025_09_SF_NYG,NYG,SF,Ray-Ray McCloud,00-0034407,WR,rec,2.779,1.0,1.0,2.0,4.0,5.0
2025_09_SF_NYG,NYG,SF,Ray-Ray McCloud,00-0034407,WR,rec_yds,33.741,0.939,11.894,27.075,48.837,74.511
2025_09_SF_NYG,NYG,SF,Ray-Ray McCloud,00-0034407,WR,anytime_td,0.098,0.0,0.0,0.0,0.0,0.0
2025_09_SF_NYG,NYG,SF,Darius Slayton,00-0035535,WR,car,0.067,0.0,0.0,0.0,0.0,0.0
2025_09_SF_NYG,NYG,SF,Darius Slayton,00-0035535,WR,rush_yds,0.395,0.0,0.0,0.0,0.0,0.0
2025_09_SF_NYG,NYG,SF,Darius Slayton,00-0035535,WR,tgt,4.793,2.0,3.0,4.0,6.0,8.0
2025_09_SF_NYG,NYG,SF,Darius Slayton,00-0035535,WR,rec,3.042,1.0,2.0,3.0,4.0,6.0
2025_09_SF_NYG,NYG,SF,Darius Slayton,00-0035535,WR,rec_yds,38.919,4.11,15.013,32.179,55.421,82.436
2025_09_SF_NYG,NYG,SF,Darius Slayton,00-0035535,WR,anytime_td,0.109,0.0,0.0,0.0,0.0,1.0
2025_09_SF_NYG,NYG,SF,Theo Johnson,00-0039847,TE,car,0.002,0.0,0.0,0.0,0.0,0.0
2025_09_SF_NYG,NYG,SF,Theo Johnson,00-0039847,TE,rush_yds,0.006,0.0,0.0,0.0,0.0,0.0
2025_09_SF_NYG,NYG,SF,Theo Johnson,00-0039847,TE,tgt,5.663,2.0,4.0,5.0,7.0,10.0
2025_09_SF_NYG,NYG,SF,Theo Johnson,00-0039847,TE,rec,3.998,1.0,2.0,4.0,5.0,7.0
2025_09_SF_NYG,NYG,SF,Theo Johnson,00-0039847,TE,rec_yds,40.438,8.913,19.1,35.52,55.842,79.291
2025_09_SF_NYG,NYG,SF,Theo Johnson,00-0039847,TE,anytime_td,0.301,0.0,0.0,0.0,1.0,1.0
2025_09_SF_NYG,NYG,SF,Devin Singletary,00-0035250,RB,car,5.856,1.0,3.0,5.0,8.0,12.0
2025_09_SF_NYG,NYG,SF,Devin Singletary,00-0035250,RB,rush_yds,24.442,1.541,7.232,18.2,34.707,54.684
2025_09_SF_NYG,NYG,SF,Devin Singletary,00-0035250,RB,tgt,0.891,0.0,0.0,1.0,1.0,2.0
2025_09_SF_NYG,NYG,SF,Devin Singletary,00-0035250,RB,rec,0.722,0.0,0.0,0.0,1.0,2.0
2025_09_SF_NYG,NYG,SF,Devin Singletary,00-0035250,RB,rec_yds,5.579,0.0,0.0,0.0,7.715,18.084
2025_09_SF_NYG,NYG,SF,Devin Singletary,00-0035250,RB,anytime_td,0.053,0.0,0.0,0.0,0.0,0.0
2025_09_SF_NYG,NYG,SF,Tyrone Tracy Jr.,00-0039384,RB,car,13.475,6.0,9.0,13.0,17.0,21.0
2025_09_SF_NYG,NYG,SF,Tyrone Tracy Jr.,00-0039384,RB,rush_yds,57.929,18.383,32.056,51.568,76.406,105.58
2025_09_SF_NYG,NYG,SF,Tyrone Tracy Jr.,00-0039384,RB,tgt,3.114,1.0,1.0,3.0,4.0,6.0
2025_09_SF_NYG,NYG,SF,Tyrone Tracy Jr.,00-0039384,RB,rec,2.438,0.0,1.0,2.0,3.0,5.0
2025_09_SF_NYG,NYG,SF,Tyrone Tracy Jr.,00-0039384,RB,rec_yds,17.582,0.0,4.097,12.908,25.816,41.248
2025_09_SF_NYG,NYG,SF,Tyrone Tracy Jr.,00-0039384,RB,anytime_td,0.183,0.0,0.0,0.0,0.0,1.0
2025_09_SF_NYG,NYG,SF,Beaux Collins,00-0040432,WR,car,0.015,0.0,0.0,0.0,0.0,0.0
2025_09_SF_NYG,NYG,SF,Beaux Collins,00-0040432,WR,rush_yds,0.079,0.0,0.0,0.0,0.0,0.0
2025_09_SF_NYG,NYG,SF,Beaux Collins,00-0040432,WR,tgt,1.418,0.0,0.0,1.0,2.0,3.0
2025_09_SF_NYG,NYG,SF,Beaux Collins,00-0040432,WR,rec,0.899,0.0,0.0,1.0,1.0,2.0
2025_09_SF_NYG,NYG,SF,Beaux Collins,00-0040432,WR,rec_yds,11.344,0.0,0.0,3.113,16.822,34.636
2025_09_SF_NYG,NYG,SF,Beaux Collins,00-0040432,WR,anytime_td,0.036,0.0,0.0,0.0,0.0,0.0
2025_09_SF_NYG,SF,NYG,Mac Jones,00-0036972,QB,att,32.658,22.0,28.0,33.0,39.0,43.0
2025_09_SF_NYG,SF,NYG,Mac Jones,00-0036972,QB,cmp,21.497,14.0,18.0,22.0,26.0,29.0
2025_09_SF_NYG,SF,NYG,Mac Jones,00-0036972,QB,pass_yds,228.864,138.181,181.669,228.35,279.288,327.461
2025_09_SF_NYG,SF,NYG,Mac Jones,00-0036972,QB,pass_td,1.427,0.0,1.0,1.0,2.0,3.0
2025_09_SF_NYG,SF,NYG,Mac Jones,00-0036972,QB,ints,0.718,0.0,0.0,0.0,1.0,2.0
2025_09_SF_NYG,SF,NYG,Mac Jones,00-0036972,QB,car,3.482,1.0,2.0,3.0,5.0,7.0
2025_09_SF_NYG,SF,NYG,Mac Jones,00-0036972,QB,rush_yds,14.16,-1.0,1.862,9.96,21.201,35.333
2025_09_SF_NYG,SF,NYG,Mac Jones,00-0036972,QB,tgt,0.0,0.0,0.0,0.0,0.0,0.0
2025_09_SF_NYG,SF,NYG,Mac Jones,00-0036972,QB,rec,0.0,0.0,0.0,0.0,0.0,0.0
2025_09_SF_NYG,SF,NYG,Mac Jones,00-0036972,QB,rec_yds,0.0,0.0,0.0,0.0,0.0,0.0
2025_09_SF_NYG,SF,NYG,Mac Jones,00-0036972,QB,anytime_td,0.058,0.0,0.0,0.0,0.0,0.0
2025_09_SF_NYG,SF,NYG,Christian McCaffrey,00-0033280,RB,car,15.863,8.0,11.0,15.0,20.0,24.0
2025_09_SF_NYG,SF,NYG,Christian McCaffrey,00-0033280,RB,rush_yds,69.933,25.848,41.413,62.241,90.399,124.713
2025_09_SF_NYG,SF,NYG,Christian McCaffrey,00-0033280,RB,tgt,7.11,3.0,5.0,7.0,9.0,12.0
2025_09_SF_NYG,SF,NYG,Christian McCaffrey,00-0033280,RB,rec,5.404,2.0,3.0,5.0,7.0,9.0
2025_09_SF_NYG,SF,NYG,Christian McCaffrey,00-0033280,RB,rec_yds,46.555,10.373,23.238,41.124,63.736,90.049
2025_09_SF_NYG,SF,NYG,Christian McCaffrey,00-0033280,RB,anytime_td,0.613,0.0,0.0,1.0,1.0,1.0
2025_09_SF_NYG,SF,NYG,George Kittle,00-0033288,TE,car,0.002,0.0,0.0,0.0,0.0,0.0
2025_09_SF_NYG,SF,NYG,George Kittle,00-0033288,TE,rush_yds,0.006,0.0,0.0,0.0,0.0,0.0
2025_09_SF_NYG,SF,NYG,George Kittle,00-0033288,TE,tgt,4.355,1.0,2.0,4.0,6.0,8.0
2025_09_SF_NYG,SF,NYG,George Kittle,00-0033288,TE,rec,3.213,1.0,2.0,3.0,4.0,6.0
2025_09_SF_NYG,SF,NYG,George Kittle,00-0033288,TE,rec_yds,34.69,4.162,14.333,29.356,49.575,71.188
2025_09_SF_NYG,SF,NYG,George Kittle,00-0033288,TE,anytime_td,0.27,0.0,0.0,0.0,1.0,1.0
2025_09_SF_NYG,SF,NYG,Jauan Jennings,00-0036259,WR,car,0.009,0.0,0.0,0.0,0.0,0.0
2025_09_SF_NYG,SF,NYG,Jauan Jennings,00-0036259,WR,rush_yds,0.064,0.0,0.0,0.0,0.0,0.0
2025_09_SF_NYG,SF,NYG,Jauan Jennings,00-0036259,WR,tgt,5.765,2.0,4.0,5.0,8.0,10.0
2025_09_SF_NYG,SF,NYG,Jauan Jennings,00-0036259,WR,rec,3.413,1.0,2.0,3.0,5.0,6.0
2025_09_SF_NYG,SF,NYG,Jauan Jennings,00-0036259,WR,rec_yds,40.795,6.086,17.072,34.528,57.229,84.817
2025_09_SF_NYG,SF,NYG,Jauan Jennings,00-0036259,WR,anytime_td,0.168,0.0,0.0,0.0,0.0,1.0
2025_09_SF_NYG,SF,NYG,Kendrick Bourne,00-0033307,WR,car,0.015,0.0,0.0,0.0,0.0,0.0
2025_09_SF_NYG,SF,NYG,Kendrick Bourne,00-0033307,WR,rush_yds,0.101,0.0,0.0,0.0,0.0,0.0
2025_09_SF_NYG,SF,NYG,Kendrick Bourne,00-0033307,WR,tgt,4.593,1.0,3.0,4.0,6.0,8.0
2025_09_SF_NYG,SF,NYG,Kendrick Bourne,00-0033307,WR,rec,3.053,1.0,2.0,3.0,4.0,6.0
2025_09_SF_NYG,SF,NYG,Kendrick Bourne,00-0033307,WR,rec_yds,41.605,3.506,15.578,34.439,60.033,87.918
2025_09_SF_NYG,SF,NYG,Kendrick Bourne,00-0033307,WR,anytime_td,0.079,0.0,0.0,0.0,0.0,0.0
2025_09_SF_NYG,SF,NYG,Kyle Juszczyk,00-0029892,RB,car,0.5,0.0,0.0,0.0,0.0,2.0
2025_09_SF_NYG,SF,NYG,Kyle Juszczyk,00-0029892,RB,rush_yds,2.325,0.0,0.0,0.0,0.0,7.406
2025_09_SF_NYG,SF,NYG,Kyle Juszczyk,00-0029892,RB,tgt,1.603,0.0,0.0,1.0,2.0,4.0
2025_09_SF_NYG,SF,NYG,Kyle Juszczyk,00-0029892,RB,rec,1.238,0.0,0.0,1.0,2.0,3.0
2025_09_SF_NYG,SF,NYG,Kyle Juszczyk,00-0029892,RB,rec_yds,9.486,0.0,0.0,4.458,14.234,26.501
2025_09_SF_NYG,SF,NYG,Kyle Juszczyk,00-0029892,RB,anytime_td,0.109,0.0,0.0,0.0,0.0,1.0
2025_09_SF_NYG,SF,NYG,Demarcus Robinson,00-0032775,WR,car,0.01,0.0,0.0,0.0,0.0,0.0
2025_09_SF_NYG,SF,NYG,Demarcus Robinson,00-0032775,WR,rush_yds,0.057,0.0,0.0,0.0,0.0,0.0
2025_09_SF_NYG,SF,NYG,Demarcus Robinson,00-0032775,WR,tgt,2.895,0.0,1.0,2.0,4.0,6.0
2025_09_SF_NYG,SF,NYG,Demarcus Robinson,00-0032775,WR,rec,1.703,0.0,1.0,1.0,3.0,4.0
2025_09_SF_NYG,SF,NYG,Demarcus Robinson,00-0032775,WR,rec_yds,21.592,0.0,1.929,15.044,32.198,53.726
2025_09_SF_NYG,SF,NYG,Demarcus Robinson,00-0032775,WR,anytime_td,0.087,0.0,0.0,0.0,0.0,0.0
2025_09_SF_NYG,SF,NYG,Luke Farrell,00-0036887,TE,car,0.004,0.0,0.0,0.0,0.0,0.0
2025_09_SF_NYG,SF,NYG,Luke Farrell,00-0036887,TE,rush_yds,0.015,0.0,0.0,0.0,0.0,0.0
2025_09_SF_NYG,SF,NYG,Luke Farrell,00-0036887,TE,tgt,0.879,0.0,0.0,0.0,1.0,2.0
2025_09_SF_NYG,SF,NYG,Luke Farrell,00-0036887,TE,rec,0.64,0.0,0.0,0.0,1.0,2.0
2025_09_SF_NYG,SF,NYG,Luke Farrell,00-0036887,TE,rec_yds,6.442,0.0,0.0,0.0,9.349,21.322
2025_09_SF_NYG,SF,NYG,Luke Farrell,00-0036887,TE,anytime_td,0.053,0.0,0.0,0.0,0.0,0.0
2025_09_SF_NYG,SF,NYG,Brian Robinson,00-0037746,RB,car,4.78,1.0,2.0,4.0,7.0,10.0
2025_09_SF_NYG,SF,NYG,Brian Robinson,00-0037746,RB,rush_yds,22.506,0.0,5.677,15.747,31.989,52.939
2025_09_SF_NYG,SF,NYG,Brian Robinson,00-0037746,RB,tgt,0.726,0.0,0.0,0.0,1.0,2.0
2025_09_SF_NYG,SF,NYG,Brian Robinson,00-0037746,RB,rec,0.569,0.0,0.0,0.0,1.0,2.0
2025_09_SF_NYG,SF,NYG,Brian Robinson,00-0037746,RB,rec_yds,3.964,0.0,0.0,0.0,4.889,13.973
2025_09_SF_NYG,SF,NYG,Brian Robinson,00-0037746,RB,anytime_td,0.138,0.0,0.0,0.0,0.0,1.0
2025_09_SF_NYG,SF,NYG,Skyy Moore,00-0038090,WR,car,0.125,0.0,0.0,0.0,0.0,0.0
2025_09_SF_NYG,SF,NYG,Skyy Moore,00-0038090,WR,rush_yds,0.802,0.0,0.0,0.0,0.0,0.0
2025_09_SF_NYG,SF,NYG,Skyy Moore,00-0038090,WR,tgt,0.612,0.0,0.0,0.0,1.0,2.0
2025_09_SF_NYG,SF,NYG,Skyy Moore,00-0038090,WR,rec,0.371,0.0,0.0,0.0,1.0,1.0
2025_09_SF_NYG,SF,NYG,Skyy Moore,00-0038090,WR,rec_yds,4.523,0.0,0.0,0.0,2.75,15.84
2025_09_SF_NYG,SF,NYG,Skyy Moore,00-0038090,WR,anytime_td,0.009,0.0,0.0,0.0,0.0,0.0
2025_09_SF_NYG,SF,NYG,Jordan Watkins,00-0040172,WR,car,0.052,0.0,0.0,0.0,0.0,0.0
2025_09_SF_NYG,SF,NYG,Jordan Watkins,00-0040172,WR,rush_yds,0.328,0.0,0.0,0.0,0.0,0.0
2025_09_SF_NYG,SF,NYG,Jordan Watkins,00-0040172,WR,tgt,1.83,0.0,1.0,1.0,3.0,4.0
2025_09_SF_NYG,SF,NYG,Jordan Watkins,00-0040172,WR,rec,1.121,0.0,0.0,1.0,2.0,3.0
2025_09_SF_NYG,SF,NYG,Jordan Watkins,00-0040172,WR,rec_yds,13.593,0.0,0.0,7.251,20.477,37.836
2025_09_SF_NYG,SF,NYG,Jordan Watkins,00-0040172,WR,anytime_td,0.047,0.0,0.0,0.0,0.0,0.0
2025_09_SF_NYG,SF,NYG,Jake Tonges,00-0037112,TE,car,0.002,0.0,0.0,0.0,0.0,0.0
2025_09_SF_NYG,SF,NYG,Jake Tonges,00-0037112,TE,rush_yds,0.008,0.0,0.0,0.0,0.0,0.0
2025_09_SF_NYG,SF,NYG,Jake Tonges,00-0037112,TE,tgt,3.047,1.0,1.0,3.0,4.0,6.0
2025_09_SF_NYG,SF,NYG,Jake Tonges,00-0037112,TE,rec,2.194,0.0,1.0,2.0,3.0,5.0
2025_09_SF_NYG,SF,NYG,Jake Tonges,00-0037112,TE,rec_yds,20.754,0.0,5.551,16.009,30.358,48.288
2025_09_SF_NYG,SF,NYG,Jake Tonges,00-0037112,TE,anytime_td,0.242,0.0,0.0,0.0,0.0,1.0
2025_09_ARI_DAL,DAL,ARI,Dak Prescott,00-0033077,QB,att,32.511,22.0,28.0,33.0,38.0,43.0
2025_09_ARI_DAL,DAL,ARI,Dak Prescott,00-0033077,QB,cmp,21.957,14.0,18.0,23.0,26.0,30.0
2025_09_ARI_DAL,DAL,ARI,Dak Prescott,00-0033077,QB,pass_yds,243.983,148.392,195.735,247.022,295.681,347.66
2025_09_ARI_DAL,DAL,ARI,Dak Prescott,00-0033077,QB,pass_td,1.701,0.0,1.0,2.0,2.0,3.0
2025_09_ARI_DAL,DAL,ARI,Dak Prescott,00-0033077,QB,ints,0.654,0.0,0.0,0.0,1.0,2.0
2025_09_ARI_DAL,DAL,ARI,Dak Prescott,00-0033077,QB,car,3.391,1.0,2.0,3.0,5.0,7.0
2025_09_ARI_DAL,DAL,ARI,Dak Prescott,00-0033077,QB,rush_yds,14.322,-0.083,2.326,10.545,21.555,35.351
2025_09_ARI_DAL,DAL,ARI,Dak Prescott,00-0033077,QB,tgt,0.0,0.0,0.0,0.0,0.0,0.0
2025_09_ARI_DAL,DAL,ARI,Dak Prescott,00-0033077,QB,rec,0.0,0.0,0.0,0.0,0.0,0.0
2025_09_ARI_DAL,DAL,ARI,Dak Prescott,00-0033077,QB,rec_yds,0.0,0.0,0.0,0.0,0.0,0.0
2025_09_ARI_DAL,DAL,ARI,Dak Prescott,00-0033077,QB,anytime_td,0.143,0.0,0.0,0.0,0.0,1.0
2025_09_ARI_DAL,DAL,ARI,George Pickens,00-0037247,WR,car,0.023,0.0,0.0,0.0,0.0,0.0
2025_09_ARI_DAL,DAL,ARI,George Pickens,00-0037247,WR,rush_yds,0.116,0.0,0.0,0.0,0.0,0.0
2025_09_ARI_DAL,DAL,ARI,George Pickens,00-0037247,WR,tgt,6.706,3.0,4.0,6.0,9.0,11.0
2025_09_ARI_DAL,DAL,ARI,George Pickens,00-0037247,WR,rec,4.576,2.0,3.0,4.0,6.0,8.0
2025_09_ARI_DAL,DAL,ARI,George Pickens,00-0037247,WR,rec_yds,65.401,15.735,32.624,57.975,90.428,123.775
2025_09_ARI_DAL,DAL,ARI,George Pickens,00-0037247,WR,anytime_td,0.361,0.0,0.0,0.0,1.0,1.0
2025_09_ARI_DAL,DAL,ARI,Jake Ferguson,00-0038041,TE,car,0.001,0.0,0.0,0.0,0.0,0.0
2025_09_ARI_DAL,DAL,ARI,Jake Ferguson,00-0038041,TE,rush_yds,0.005,0.0,0.0,0.0,0.0,0.0
2025_09_ARI_DAL,DAL,ARI,Jake Ferguson,00-0038041,TE,tgt,5.54,2.0,3.0,5.0,7.0,9.0
2025_09_ARI_DAL,DAL,ARI,Jake Ferguson,00-0038041,TE,rec,4.404,1.0,3.0,4.0,6.0,8.0
2025_09_ARI_DAL,DAL,ARI,Jake Ferguson,00-0038041,TE,rec_yds,36.336,7.841,17.694,32.374,50.381,70.366
2025_09_ARI_DAL,DAL,ARI,Jake Ferguson,00-0038041,TE,anytime_td,0.371,0.0,0.0,0.0,1.0,1.0
2025_09_ARI_DAL,DAL,ARI,CeeDee Lamb,00-0036358,WR,car,0.437,0.0,0.0,0.0,0.0,2.0
2025_09_ARI_DAL,DAL,ARI,CeeDee Lamb,00-0036358,WR,rush_yds,2.229,0.0,0.0,0.0,0.0,6.783
2025_09_ARI_DAL,DAL,ARI,CeeDee Lamb,00-0036358,WR,tgt,6.887,3.0,4.0,6.0,9.0,11.0
2025_09_ARI_DAL,DAL,ARI,CeeDee Lamb,00-0036358,WR,rec,4.677,2.0,3.0,4.0,6.0,8.0
2025_09_ARI_DAL,DAL,ARI,CeeDee Lamb,00-0036358,WR,rec_yds,61.12,14.801,30.628,54.081,84.214,116.889
2025_09_ARI_DAL,DAL,ARI,CeeDee Lamb,00-0036358,WR,anytime_td,0.28,0.0,0.0,0.0,1.0,1.0
2025_09_ARI_DAL,DAL,ARI,Javonte Williams,00-0036997,RB,car,17.172,9.0,12.0,17.0,21.0,26.0
2025_09_ARI_DAL,DAL,ARI,Javonte Williams,00-0036997,RB,rush_yds,77.799,29.928,46.374,69.846,100.911,137.494
2025_09_ARI_DAL,DAL,ARI,Javonte Williams,00-0036997,RB,tgt,3.447,1.0,2.0,3.0,5.0,7.0
2025_09_ARI_DAL,DAL,ARI,Javonte Williams,00-0036997,RB,rec,2.62,0.0,1.0,2.0,4.0,5.0
2025_09_ARI_DAL,DAL,ARI,Javonte Williams,00-0036997,RB,rec_yds,16.093,0.0,4.086,11.768,23.935,38.125
2025_09_ARI_DAL,DAL,ARI,Javonte Williams,00-0036997,RB,anytime_td,0.559,0.0,0.0,1.0,1.0,1.0
2025_09_ARI_DAL,DAL,ARI,Ryan Flournoy,00-0039410,WR,car,0.532,0.0,0.0,0.0,0.0,2.0
2025_09_ARI_DAL,DAL,ARI,Ryan Flournoy,00-0039410,WR,rush_yds,2.851,0.0,0.0,0.0,0.0,8.975
2025_09_ARI_DAL,DAL,ARI,Ryan Flournoy,00-0039410,WR,tgt,2.444,0.0,1.0,2.0,4.0,5.0
2025_09_ARI_DAL,DAL,ARI,Ryan Flournoy,00-0039410,WR,rec,1.582,0.0,0.0,1.0,2.0,4.0
2025_09_ARI_DAL,DAL,ARI,Ryan Flournoy,00-0039410,WR,rec_yds,19.736,0.0,0.0,12.815,29.364,51.062
2025_09_ARI_DAL,DAL,ARI,Ryan Flournoy,00-0039410,WR,anytime_td,0.038,0.0,0.0,0.0,0.0,0.0
2025_09_ARI_DAL,DAL,ARI,Luke Schoonmaker,00-0038547,TE,car,0.001,0.0,0.0,0.0,0.0,0.0
2025_09_ARI_DAL,DAL,ARI,Luke Schoonmaker,00-0038547,TE,rush_yds,0.004,0.0,0.0,0.0,0.0,0.0
2025_09_ARI_DAL,DAL,ARI,Luke Schoonmaker,00-0038547,TE,tgt,1.583,0.0,0.0,1.0,2.0,4.0
2025_09_ARI_DAL,DAL,ARI,Luke Schoonmaker,00-0038547,TE,rec,1.126,0.0,0.0,1.0,2.0,3.0
2025_09_ARI_DAL,DAL,ARI,Luke Schoonmaker,00-0038547,TE,rec_yds,10.92,0.0,0.0,5.496,16.666,31.18
2025_09_ARI_DAL,DAL,ARI,Luke Schoonmaker,00-0038547,TE,anytime_td,0.021,0.0,0.0,0.0,0.0,0.0
2025_09_ARI_DAL,DAL,ARI,KaVontae Turpin,00-0037801,WR,car,1.002,0.0,0.0,0.0,1.0,3.0
2025_09_ARI_DAL,DAL,ARI,KaVontae Turpin,00-0037801,WR,rush_yds,5.474,0.0,0.0,0.0,5.469,18.503
2025_09_ARI_DAL,DAL,ARI,KaVontae Turpin,00-0037801,WR,tgt,2.615,0.0,1.0,2.0,4.0,5.0
2025_09_ARI_DAL,DAL,ARI,KaVontae Turpin,00-0037801,WR,rec,1.659,0.0,1.0,1.0,3.0,4.0
2025_09_ARI_DAL,DAL,ARI,KaVontae Turpin,00-0037801,WR,rec_yds,20.509,0.0,0.0,14.267,30.442,51.624
2025_09_ARI_DAL,DAL,ARI,KaVontae Turpin,00-0037801,WR,anytime_td,0.131,0.0,0.0,0.0,0.0,1.0
2025_09_ARI_DAL,DAL,ARI,Brevyn Spann-Ford,00-0039530,TE,car,0.002,0.0,0.0,0.0,0.0,0.0
2025_09_ARI_DAL,DAL,ARI,Brevyn Spann-Ford,00-0039530,TE,rush_yds,0.006,0.0,0.0,0.0,0.0,0.0
2025_09_ARI_DAL,DAL,ARI,Brevyn Spann-Ford,00-0039530,TE,tgt,0.504,0.0,0.0,0.0,1.0,2.0
2025_09_ARI_DAL,DAL,ARI,Brevyn Spann-Ford,00-0039530,TE,rec,0.366,0.0,0.0,0.0,1.0,1.0
2025_09_ARI_DAL,DAL,ARI,Brevyn Spann-Ford,00-0039530,TE,rec_yds,3.502,0.0,0.0,0.0,1.131,12.658
2025_09_ARI_DAL,DAL,ARI,Brevyn Spann-Ford,00-0039530,TE,anytime_td,0.005,0.0,0.0,0.0,0.0,0.0
2025_09_ARI_DAL,DAL,ARI,Jalen Tolbert,00-0037666,WR,car,0.007,0.0,0.0,0.0,0.0,0.0
2025_09_ARI_DAL,DAL,ARI,Jalen Tolbert,00-0037666,WR,rush_yds,0.043,0.0,0.0,0.0,0.0,0.0
2025_09_ARI_DAL,DAL,ARI,Jalen Tolbert,00-0037666,WR,tgt,2.543,0.0,1.0,2.0,4.0,5.0
2025_09_ARI_DAL,DAL,ARI,Jalen Tolbert,00-0037666,WR,rec,1.629,0.0,0.0,1.0,2.0,4.0
2025_09_ARI_DAL,DAL,ARI,Jalen Tolbert,00-0037666,WR,rec_yds,21.086,0.0,0.0,14.123,31.736,54.775
2025_09_ARI_DAL,DAL,ARI,Jalen Tolbert,00-0037666,WR,anytime_td,0.155,0.0,0.0,0.0,0.0,1.0
2025_09_ARI_DAL,DAL,ARI,Malik Davis,00-0037563,RB,car,2.631,0.0,0.0,2.0,4.0,7.0
2025_09_ARI_DAL,DAL,ARI,Malik Davis,00-0037563,RB,rush_yds,10.761,0.0,0.0,5.163,14.884,29.503
2025_09_ARI_DAL,DAL,ARI,Malik Davis,00-0037563,RB,tgt,0.331,0.0,0.0,0.0,0.0,1.0
2025_09_ARI_DAL,DAL,ARI,Malik Davis,00-0037563,RB,rec,0.265,0.0,0.0,0.0,0.0,1.0
2025_09_ARI_DAL,DAL,ARI,Malik Davis,00-0037563,RB,rec_yds,2.034,0.0,0.0,0.0,0.0,7.206
2025_09_ARI_DAL,DAL,ARI,Malik Davis,00-0037563,RB,anytime_td,0.062,0.0,0.0,0.0,0.0,0.0
2025_09_ARI_DAL,DAL,ARI,Hunter Luepke,00-0038738,RB,car,0.772,0.0,0.0,0.0,1.0,3.0
2025_09_ARI_DAL,DAL,ARI,Hunter Luepke,00-0038738,RB,rush_yds,3.245,0.0,0.0,0.0,2.036,10.396
2025_09_ARI_DAL,DAL,ARI,Hunter Luepke,00-0038738,RB,tgt,0.66,0.0,0.0,0.0,1.0,2.0
2025_09_ARI_DAL,DAL,ARI,Hunter Luepke,00-0038738,RB,rec,0.535,0.0,0.0,0.0,1.0,2.0
2025_09_ARI_DAL,DAL,ARI,Hunter Luepke,00-0038738,RB,rec_yds,3.664,0.0,0.0,0.0,4.091,12.936
2025_09_ARI_DAL,DAL,ARI,Hunter Luepke,00-0038738,RB,anytime_td,0.078,0.0,0.0,0.0,0.0,0.0
2025_09_ARI_DAL,ARI,DAL,Jacoby Brissett,00-0033119,QB,att,32.341,22.0,28.0,33.0,38.0,43.0
2025_09_ARI_DAL,ARI,DAL,Jacoby Brissett,00-0033119,QB,cmp,21.854,14.0,18.0,22.0,26.0,30.0
2025_09_ARI_DAL,ARI,DAL,Jacoby Brissett,00-0033119,QB,pass_yds,240.513,143.117,192.947,240.307,291.119,341.889
2025_09_ARI_DAL,ARI,DAL,Jacoby Brissett,00-0033119,QB,pass_td,1.574,0.0,1.0,2.0,2.0,3.0
2025_09_ARI_DAL,ARI,DAL,Jacoby Brissett,00-0033119,QB,ints,0.684,0.0,0.0,0.0,1.0,2.0
2025_09_ARI_DAL,ARI,DAL,Jacoby Brissett,00-0033119,QB,car,4.715,1.0,2.0,4.0,6.0,9.0
2025_09_ARI_DAL,ARI,DAL,Jacoby Brissett,00-0033119,QB,rush_yds,21.751,0.0,6.877,17.427,31.558,48.307
2025_09_ARI_DAL,ARI,DAL,Jacoby Brissett,00-0033119,QB,tgt,0.0,0.0,0.0,0.0,0.0,0.0
2025_09_ARI_DAL,ARI,DAL,Jacoby Brissett,00-0033119,QB,rec,0.0,0.0,0.0,0.0,0.0,0.0
2025_09_ARI_DAL,ARI,DAL,Jacoby Brissett,00-0033119,QB,rec_yds,0.005,0.0,0.0,0.0,0.0,0.0
2025_09_ARI_DAL,ARI,DAL,Jacoby Brissett,00-0033119,QB,anytime_td,0.044,0.0,0.0,0.0,0.0,0.0
2025_09_ARI_DAL,ARI,DAL,Trey McBride,00-0037744,TE,car,0.013,0.0,0.0,0.0,0.0,0.0
2025_09_ARI_DAL,ARI,DAL,Trey McBride,00-0037744,TE,rush_yds,0.035,0.0,0.0,0.0,0.0,0.0
2025_09_ARI_DAL,ARI,DAL,Trey McBride,00-0037744,TE,tgt,10.186,5.0,7.0,10.0,13.0,16.0
2025_09_ARI_DAL,ARI,DAL,Trey McBride,00-0037744,TE,rec,7.601,4.0,5.0,7.0,10.0,12.0
2025_09_ARI_DAL,ARI,DAL,Trey McBride,00-0037744,TE,rec_yds,72.452,28.873,45.11,67.851,94.299,121.843
2025_09_ARI_DAL,ARI,DAL,Trey McBride,00-0037744,TE,anytime_td,0.468,0.0,0.0,0.0,1.0,1.0
2025_09_ARI_DAL,ARI,DAL,Michael Wilson,00-0038559,WR,car,0.062,0.0,0.0,0.0,0.0,0.0
2025_09_ARI_DAL,ARI,DAL,Michael Wilson,00-0038559,WR,rush_yds,0.354,0.0,0.0,0.0,0.0,0.0
2025_09_ARI_DAL,ARI,DAL,Michael Wilson,00-0038559,WR,tgt,4.291,1.0,2.0,4.0,6.0,8.0
2025_09_ARI_DAL,ARI,DAL,Michael Wilson,00-0038559,WR,rec,2.751,0.0,1.0,2.0,4.0,5.0
2025_09_ARI_DAL,ARI,DAL,Michael Wilson,00-0038559,WR,rec_yds,32.842,0.0,10.659,26.138,47.672,72.699
2025_09_ARI_DAL,ARI,DAL,Michael Wilson,00-0038559,WR,anytime_td,0.169,0.0,0.0,0.0,0.0,1.0
2025_09_ARI_DAL,ARI,DAL,Marvin Harrison Jr.,00-0039849,WR,car,0.015,0.0,0.0,0.0,0.0,0.0
2025_09_ARI_DAL,ARI,DAL,Marvin Harrison Jr.,00-0039849,WR,rush_yds,0.104,0.0,0.0,0.0,0.0,0.0
2025_09_ARI_DAL,ARI,DAL,Marvin Harrison Jr.,00-0039849,WR,tgt,6.1,2.0,4.0,6.0,8.0,10.0
2025_09_ARI_DAL,ARI,DAL,Marvin Harrison Jr.,00-0039849,WR,rec,3.862,1.0,2.0,4.0,5.0,7.0
2025_09_ARI_DAL,ARI,DAL,Marvin Harrison Jr.,00-0039849,WR,rec_yds,55.306,10.005,24.182,47.415,78.261,111.007
2025_09_ARI_DAL,ARI,DAL,Marvin Harrison Jr.,00-0039849,WR,anytime_td,0.241,0.0,0.0,0.0,0.0,1.0
2025_09_ARI_DAL,ARI,DAL,Bam Knight,00-0037157,RB,car,15.664,8.0,11.0,15.0,20.0,24.0
2025_09_ARI_DAL,ARI,DAL,Bam Knight,00-0037157,RB,rush_yds,67.364,25.255,39.256,60.469,88.045,118.811
2025_09_ARI_DAL,ARI,DAL,Bam Knight,00-0037157,RB,tgt,2.174,0.0,1.0,2.0,3.0,5.0
2025_09_ARI_DAL,ARI,DAL,Bam Knight,00-0037157,RB,rec,1.73,0.0,0.0,1.0,3.0,4.0
2025_09_ARI_DAL,ARI,DAL,Bam Knight,00-0037157,RB,rec_yds,12.947,0.0,0.0,8.036,19.234,34.005
2025_09_ARI_DAL,ARI,DAL,Bam Knight,00-0037157,RB,anytime_td,0.325,0.0,0.0,0.0,1.0,1.0
2025_09_ARI_DAL,ARI,DAL,Zay Jones,00-0033891,WR,car,0.021,0.0,0.0,0.0,0.0,0.0
2025_09_ARI_DAL,ARI,DAL,Zay Jones,00-0033891,WR,rush_yds,0.155,0.0,0.0,0.0,0.0,0.0
2025_09_ARI_DAL,ARI,DAL,Zay Jones,00-0033891,WR,tgt,3.1,1.0,1.0,3.0,4.0,6.0
2025_09_ARI_DAL,ARI,DAL,Zay Jones,00-0033891,WR,rec,2.096,0.0,1.0,2.0,3.0,4.0
2025_09_ARI_DAL,ARI,DAL,Zay Jones,00-0033891,WR,rec_yds,28.687,0.0,6.434,20.664,42.817,68.847
2025_09_ARI_DAL,ARI,DAL,Zay Jones,00-0033891,WR,anytime_td,0.045,0.0,0.0,0.0,0.0,0.0
2025_09_ARI_DAL,ARI,DAL,Elijah Higgins,00-0039041,TE,car,0.004,0.0,0.0,0.0,0.0,0.0
2025_09_ARI_DAL,ARI,DAL,Elijah Higgins,00-0039041,TE,rush_yds,0.014,0.0,0.0,0.0,0.0,0.0
2025_09_ARI_DAL,ARI,DAL,Elijah Higgins,00-0039041,TE,tgt,1.597,0.0,0.0,1.0,2.0,4.0
2025_09_ARI_DAL,ARI,DAL,Elijah Higgins,00-0039041,TE,rec,1.235,0.0,0.0,1.0,2.0,3.0
2025_09_ARI_DAL,ARI,DAL,Elijah Higgins,00-0039041,TE,rec_yds,12.637,0.0,0.0,7.185,19.489,34.554
2025_09_ARI_DAL,ARI,DAL,Elijah Higgins,00-0039041,TE,anytime_td,0.04,0.0,0.0,0.0,0.0,0.0
2025_09_ARI_DAL,ARI,DAL,Emari Demercado,00-0038705,RB,car,3.858,0.0,1.0,3.0,6.0,8.0
2025_09_ARI_DAL,ARI,DAL,Emari Demercado,00-0038705,RB,rush_yds,20.294,0.0,3.625,12.945,29.218,50.748
2025_09_ARI_DAL,ARI,DAL,Emari Demercado,00-0038705,RB,tgt,1.168,0.0,0.0,1.0,2.0,3.0
2025_09_ARI_DAL,ARI,DAL,Emari Demercado,00-0038705,RB,rec,0.913,0.0,0.0,1.0,1.0,2.0
2025_09_ARI_DAL,ARI,DAL,Emari Demercado,00-0038705,RB,rec_yds,6.694,0.0,0.0,0.0,9.663,20.676
2025_09_ARI_DAL,ARI,DAL,Emari Demercado,00-0038705,RB,anytime_td,0.169,0.0,0.0,0.0,0.0,1.0
2025_09_ARI_DAL,ARI,DAL,Greg Dortch,00-0035500,WR,car,0.582,0.0,0.0,0.0,1.0,2.0
2025_09_ARI_DAL,ARI,DAL,Greg Dortch,00-0035500,WR,rush_yds,3.443,0.0,0.0,0.0,0.0,11.807
2025_09_ARI_DAL,ARI,DAL,Greg Dortch,00-0035500,WR,tgt,2.557,0.0,1.0,2.0,4.0,5.0
2025_09_ARI_DAL,ARI,DAL,Greg Dortch,00-0035500,WR,rec,1.879,0.0,1.0,2.0,3.0,4.0
2025_09_ARI_DAL,ARI,DAL,Greg Dortch,00-0035500,WR,rec_yds,20.068,0.0,3.234,14.232,30.026,49.785
2025_09_ARI_DAL,ARI,DAL,Greg Dortch,00-0035500,WR,anytime_td,0.161,0.0,0.0,0.0,0.0,1.0
2025_09_ARI_DAL,ARI,DAL,Xavier Weaver,00-0039521,WR,car,0.039,0.0,0.0,0.0,0.0,0.0
2025_09_ARI_DAL,ARI,DAL,Xavier Weaver,00-0039521,WR,rush_yds,0.226,0.0,0.0,0.0,0.0,0.0
2025_09_ARI_DAL,ARI,DAL,Xavier Weaver,00-0039521,WR,tgt,0.847,0.0,0.0,0.0,1.0,2.0
2025_09_ARI_DAL,ARI,DAL,Xavier Weaver,00-0039521,WR,rec,0.533,0.0,0.0,0.0,1.0,2.0
2025_09_ARI_DAL,ARI,DAL,Xavier Weaver,00-0039521,WR,rec_yds,6.488,0.0,0.0,0.0,8.227,21.775
2025_09_ARI_DAL,ARI,DAL,Xavier Weaver,00-0039521,WR,anytime_td,0.017,0.0,0.0,0.0,0.0,0.0
2025_09_ARI_DAL,ARI,DAL,Simi Fehoko,00-0036646,WR,car,0.027,0.0,0.0,0.0,0.0,0.0
2025_09_ARI_DAL,ARI,DAL,Simi Fehoko,00-0036646,WR,rush_yds,0.193,0.0,0.0,0.0,0.0,0.0
2025_09_ARI_DAL,ARI,DAL,Simi Fehoko,00-0036646,WR,tgt,0.687,0.0,0.0,0.0,1.0,2.0
2025_09_ARI_DAL,ARI,DAL,Simi Fehoko,00-0036646,WR,rec,0.427,0.0,0.0,0.0,1.0,1.0
2025_09_ARI_DAL,ARI,DAL,Simi Fehoko,00-0036646,WR,rec_yds,5.499,0.0,0.0,0.0,5.51,19.635
2025_09_ARI_DAL,ARI,DAL,Simi Fehoko,00-0036646,WR,anytime_td,0.015,0.0,0.0,0.0,0.0,0.0
