game_id,team,opp,player,player_id,pos,stat,mean,p10,p25,median,p75,p90
2025_03_MIA_BUF,BUF,MIA,Josh Allen,00-0034857,QB,att,28.81,19.0,24.0,29.0,35.0,39.0
2025_03_MIA_BUF,BUF,MIA,Josh Allen,00-0034857,QB,cmp,19.992,13.0,16.0,20.0,24.0,28.0
2025_03_MIA_BUF,BUF,MIA,Josh Allen,00-0034857,QB,pass_yds,238.724,139.288,188.324,239.786,290.219,346.424
2025_03_MIA_BUF,BUF,MIA,Josh Allen,00-0034857,QB,pass_td,1.675,0.0,1.0,2.0,2.0,3.0
2025_03_MIA_BUF,BUF,MIA,Josh Allen,00-0034857,QB,ints,0.491,0.0,0.0,0.0,1.0,1.0
2025_03_MIA_BUF,BUF,MIA,Josh Allen,00-0034857,QB,car,7.292,2.0,4.0,7.0,10.0,13.0
2025_03_MIA_BUF,BUF,MIA,Josh Allen,00-0034857,QB,rush_yds,32.236,4.422,13.92,28.029,45.734,65.22
2025_03_MIA_BUF,BUF,MIA,Josh Allen,00-0034857,QB,tgt,0.001,0.0,0.0,0.0,0.0,0.0
2025_03_MIA_BUF,BUF,MIA,Josh Allen,00-0034857,QB,rec,0.001,0.0,0.0,0.0,0.0,0.0
2025_03_MIA_BUF,BUF,MIA,Josh Allen,00-0034857,QB,rec_yds,0.005,0.0,0.0,0.0,0.0,0.0
2025_03_MIA_BUF,BUF,MIA,Josh Allen,00-0034857,QB,anytime_td,0.461,0.0,0.0,0.0,1.0,1.0
2025_03_MIA_BUF,BUF,MIA,Keon Coleman,00-0039901,WR,car,0.069,0.0,0.0,0.0,0.0,0.0
2025_03_MIA_BUF,BUF,MIA,Keon Coleman,00-0039901,WR,rush_yds,0.439,0.0,0.0,0.0,0.0,0.0
2025_03_MIA_BUF,BUF,MIA,Keon Coleman,00-0039901,WR,tgt,4.569,1.0,3.0,4.0,6.0,8.0
2025_03_MIA_BUF,BUF,MIA,Keon Coleman,00-0039901,WR,rec,3.116,1.0,2.0,3.0,4.0,6.0
2025_03_MIA_BUF,BUF,MIA,Keon Coleman,00-0039901,WR,rec_yds,42.772,4.852,16.605,35.259,60.802,89.917
2025_03_MIA_BUF,BUF,MIA,Keon Coleman,00-0039901,WR,anytime_td,0.296,0.0,0.0,0.0,1.0,1.0
2025_03_MIA_BUF,BUF,MIA,Khalil Shakir,00-0037261,WR,car,0.042,0.0,0.0,0.0,0.0,0.0
2025_03_MIA_BUF,BUF,MIA,Khalil Shakir,00-0037261,WR,rush_yds,0.251,0.0,0.0,0.0,0.0,0.0
2025_03_MIA_BUF,BUF,MIA,Khalil Shakir,00-0037261,WR,tgt,5.184,2.0,3.0,5.0,7.0,9.0
2025_03_MIA_BUF,BUF,MIA,Khalil Shakir,00-0037261,WR,rec,3.695,1.0,2.0,3.0,5.0,7.0
2025_03_MIA_BUF,BUF,MIA,Khalil Shakir,00-0037261,WR,rec_yds,46.474,7.821,19.982,39.106,65.304,94.14
2025_03_MIA_BUF,BUF,MIA,Khalil Shakir,00-0037261,WR,anytime_td,0.186,0.0,0.0,0.0,0.0,1.0
2025_03_MIA_BUF,BUF,MIA,James Cook,00-0037248,RB,car,14.157,6.0,9.0,13.0,18.0,23.0
2025_03_MIA_BUF,BUF,MIA,James Cook,00-0037248,RB,rush_yds,70.509,23.307,39.406,63.149,92.894,128.492
2025_03_MIA_BUF,BUF,MIA,James Cook,00-0037248,RB,tgt,2.136,0.0,1.0,2.0,3.0,5.0
2025_03_MIA_BUF,BUF,MIA,James Cook,00-0037248,RB,rec,1.877,0.0,1.0,2.0,3.0,4.0
2025_03_MIA_BUF,BUF,MIA,James Cook,00-0037248,RB,rec_yds,16.039,0.0,0.0,10.422,23.894,41.083
2025_03_MIA_BUF,BUF,MIA,James Cook,00-0037248,RB,anytime_td,0.527,0.0,0.0,1.0,1.0,1.0
2025_03_MIA_BUF,BUF,MIA,Dalton Kincaid,00-0038933,TE,car,0.004,0.0,0.0,0.0,0.0,0.0
2025_03_MIA_BUF,BUF,MIA,Dalton Kincaid,00-0038933,TE,rush_yds,0.006,0.0,0.0,0.0,0.0,0.0
2025_03_MIA_BUF,BUF,MIA,Dalton Kincaid,00-0038933,TE,tgt,4.279,1.0,2.0,4.0,6.0,8.0
2025_03_MIA_BUF,BUF,MIA,Dalton Kincaid,00-0038933,TE,rec,3.261,1.0,2.0,3.0,5.0,6.0
2025_03_MIA_BUF,BUF,MIA,Dalton Kincaid,00-0038933,TE,rec_yds,36.287,5.028,14.839,30.862,52.081,74.585
2025_03_MIA_BUF,BUF,MIA,Dalton Kincaid,00-0038933,TE,anytime_td,0.263,0.0,0.0,0.0,1.0,1.0
2025_03_MIA_BUF,BUF,MIA,Dawson Knox,00-0035689,TE,car,0.001,0.0,0.0,0.0,0.0,0.0
2025_03_MIA_BUF,BUF,MIA,Dawson Knox,00-0035689,TE,rush_yds,0.003,0.0,0.0,0.0,0.0,0.0
2025_03_MIA_BUF,BUF,MIA,Dawson Knox,00-0035689,TE,tgt,2.528,0.0,1.0,2.0,4.0,5.0
2025_03_MIA_BUF,BUF,MIA,Dawson Knox,00-0035689,TE,rec,1.854,0.0,1.0,2.0,3.0,4.0
2025_03_MIA_BUF,BUF,MIA,Dawson Knox,00-0035689,TE,rec_yds,20.911,0.0,3.822,15.096,31.263,50.109
2025_03_MIA_BUF,BUF,MIA,Dawson Knox,00-0035689,TE,anytime_td,0.086,0.0,0.0,0.0,0.0,0.0
2025_03_MIA_BUF,BUF,MIA,Jackson Hawes,00-0040194,TE,car,0.005,0.0,0.0,0.0,0.0,0.0
2025_03_MIA_BUF,BUF,MIA,Jackson Hawes,00-0040194,TE,rush_yds,0.009,0.0,0.0,0.0,0.0,0.0
2025_03_MIA_BUF,BUF,MIA,Jackson Hawes,00-0040194,TE,tgt,0.845,0.0,0.0,0.0,1.0,2.0
2025_03_MIA_BUF,BUF,MIA,Jackson Hawes,00-0040194,TE,rec,0.66,0.0,0.0,0.0,1.0,2.0
2025_03_MIA_BUF,BUF,MIA,Jackson Hawes,00-0040194,TE,rec_yds,7.414,0.0,0.0,0.0,10.486,24.899
2025_03_MIA_BUF,BUF,MIA,Jackson Hawes,00-0040194,TE,anytime_td,0.031,0.0,0.0,0.0,0.0,0.0
2025_03_MIA_BUF,BUF,MIA,Josh Palmer,00-0036988,WR,car,0.019,0.0,0.0,0.0,0.0,0.0
2025_03_MIA_BUF,BUF,MIA,Josh Palmer,00-0036988,WR,rush_yds,0.09,0.0,0.0,0.0,0.0,0.0
2025_03_MIA_BUF,BUF,MIA,Josh Palmer,00-0036988,WR,tgt,4.384,1.0,2.0,4.0,6.0,8.0
2025_03_MIA_BUF,BUF,MIA,Josh Palmer,00-0036988,WR,rec,2.898,1.0,1.0,3.0,4.0,6.0
2025_03_MIA_BUF,BUF,MIA,Josh Palmer,00-0036988,WR,rec_yds,40.996,2.808,14.695,33.569,59.075,87.376
2025_03_MIA_BUF,BUF,MIA,Josh Palmer,00-0036988,WR,anytime_td,0.13,0.0,0.0,0.0,0.0,1.0
2025_03_MIA_BUF,BUF,MIA,Ty Johnson,00-0035537,RB,car,3.129,0.0,1.0,2.0,4.0,8.0
2025_03_MIA_BUF,BUF,MIA,Ty Johnson,00-0035537,RB,rush_yds,14.635,0.0,0.0,7.649,20.572,39.475
2025_03_MIA_BUF,BUF,MIA,Ty Johnson,00-0035537,RB,tgt,1.325,0.0,0.0,1.0,2.0,3.0
2025_03_MIA_BUF,BUF,MIA,Ty Johnson,00-0035537,RB,rec,1.048,0.0,0.0,1.0,2.0,3.0
2025_03_MIA_BUF,BUF,MIA,Ty Johnson,00-0035537,RB,rec_yds,8.705,0.0,0.0,2.431,13.195,26.298
2025_03_MIA_BUF,BUF,MIA,Ty Johnson,00-0035537,RB,anytime_td,0.117,0.0,0.0,0.0,0.0,1.0
2025_03_MIA_BUF,BUF,MIA,Elijah Moore,00-0036980,WR,car,0.871,0.0,0.0,0.0,1.0,3.0
2025_03_MIA_BUF,BUF,MIA,Elijah Moore,00-0036980,WR,rush_yds,5.308,0.0,0.0,0.0,3.812,17.795
2025_03_MIA_BUF,BUF,MIA,Elijah Moore,00-0036980,WR,tgt,2.568,0.0,1.0,2.0,4.0,5.0
2025_03_MIA_BUF,BUF,MIA,Elijah Moore,00-0036980,WR,rec,1.719,0.0,1.0,1.0,3.0,4.0
2025_03_MIA_BUF,BUF,MIA,Elijah Moore,00-0036980,WR,rec_yds,22.521,0.0,1.067,15.586,33.857,56.971
2025_03_MIA_BUF,BUF,MIA,Elijah Moore,00-0036980,WR,anytime_td,0.195,0.0,0.0,0.0,0.0,1.0
2025_03_MIA_BUF,BUF,MIA,Tyrell Shavers,00-0038679,WR,car,0.02,0.0,0.0,0.0,0.0,0.0
2025_03_MIA_BUF,BUF,MIA,Tyrell Shavers,00-0038679,WR,rush_yds,0.091,0.0,0.0,0.0,0.0,0.0
2025_03_MIA_BUF,BUF,MIA,Tyrell Shavers,00-0038679,WR,tgt,0.87,0.0,0.0,0.0,1.0,2.0
2025_03_MIA_BUF,BUF,MIA,Tyrell Shavers,00-0038679,WR,rec,0.569,0.0,0.0,0.0,1.0,2.0
2025_03_MIA_BUF,BUF,MIA,Tyrell Shavers,00-0038679,WR,rec_yds,7.819,0.0,0.0,0.0,10.25,26.963
2025_03_MIA_BUF,BUF,MIA,Tyrell Shavers,00-0038679,WR,anytime_td,0.077,0.0,0.0,0.0,0.0,0.0
2025_03_MIA_BUF,BUF,MIA,Ray Davis,00-0039875,RB,car,5.087,1.0,2.0,4.0,7.0,11.0
2025_03_MIA_BUF,BUF,MIA,Ray Davis,00-0039875,RB,rush_yds,22.615,0.0,5.56,16.108,32.082,53.638
2025_03_MIA_BUF,BUF,MIA,Ray Davis,00-0039875,RB,tgt,0.631,0.0,0.0,0.0,1.0,2.0
2025_03_MIA_BUF,BUF,MIA,Ray Davis,00-0039875,RB,rec,0.534,0.0,0.0,0.0,1.0,2.0
2025_03_MIA_BUF,BUF,MIA,Ray Davis,00-0039875,RB,rec_yds,4.074,0.0,0.0,0.0,4.84,14.268
2025_03_MIA_BUF,BUF,MIA,Ray Davis,00-0039875,RB,anytime_td,0.165,0.0,0.0,0.0,0.0,1.0
2025_03_MIA_BUF,MIA,BUF,Tua Tagovailoa,00-0036212,QB,att,31.924,22.0,27.0,33.0,38.0,43.0
2025_03_MIA_BUF,MIA,BUF,Tua Tagovailoa,00-0036212,QB,cmp,20.894,13.0,17.0,21.0,25.0,29.0
2025_03_MIA_BUF,MIA,BUF,Tua Tagovailoa,00-0036212,QB,pass_yds,217.567,125.37,170.463,217.246,267.858,314.32
2025_03_MIA_BUF,MIA,BUF,Tua Tagovailoa,00-0036212,QB,pass_td,1.249,0.0,0.0,1.0,2.0,3.0
2025_03_MIA_BUF,MIA,BUF,Tua Tagovailoa,00-0036212,QB,ints,0.781,0.0,0.0,1.0,1.0,2.0
2025_03_MIA_BUF,MIA,BUF,Tua Tagovailoa,00-0036212,QB,car,1.744,0.0,0.0,1.0,3.0,4.0
2025_03_MIA_BUF,MIA,BUF,Tua Tagovailoa,00-0036212,QB,rush_yds,8.382,-1.0,0.0,3.966,12.888,24.752
2025_03_MIA_BUF,MIA,BUF,Tua Tagovailoa,00-0036212,QB,tgt,0.001,0.0,0.0,0.0,0.0,0.0
2025_03_MIA_BUF,MIA,BUF,Tua Tagovailoa,00-0036212,QB,rec,0.001,0.0,0.0,0.0,0.0,0.0
2025_03_MIA_BUF,MIA,BUF,Tua Tagovailoa,00-0036212,QB,rec_yds,0.005,0.0,0.0,0.0,0.0,0.0
2025_03_MIA_BUF,MIA,BUF,Tua Tagovailoa,00-0036212,QB,anytime_td,0.009,0.0,0.0,0.0,0.0,0.0
2025_03_MIA_BUF,MIA,BUF,Jaylen Waddle,00-0036613,WR,car,0.228,0.0,0.0,0.0,0.0,1.0
2025_03_MIA_BUF,MIA,BUF,Jaylen Waddle,00-0036613,WR,rush_yds,1.164,0.0,0.0,0.0,0.0,0.0
2025_03_MIA_BUF,MIA,BUF,Jaylen Waddle,00-0036613,WR,tgt,5.97,2.0,4.0,6.0,8.0,10.0
2025_03_MIA_BUF,MIA,BUF,Jaylen Waddle,00-0036613,WR,rec,3.952,1.0,2.0,4.0,5.0,7.0
2025_03_MIA_BUF,MIA,BUF,Jaylen Waddle,00-0036613,WR,rec_yds,47.174,9.547,21.648,39.986,65.738,93.783
2025_03_MIA_BUF,MIA,BUF,Jaylen Waddle,00-0036613,WR,anytime_td,0.222,0.0,0.0,0.0,0.0,1.0
2025_03_MIA_BUF,MIA,BUF,Tyreek Hill,00-0033040,WR,car,0.239,0.0,0.0,0.0,0.0,1.0
2025_03_MIA_BUF,MIA,BUF,Tyreek Hill,00-0033040,WR,rush_yds,1.279,0.0,0.0,0.0,0.0,0.0
2025_03_MIA_BUF,MIA,BUF,Tyreek Hill,00-0033040,WR,tgt,7.198,3.0,5.0,7.0,9.0,12.0
2025_03_MIA_BUF,MIA,BUF,Tyreek Hill,00-0033040,WR,rec,4.766,2.0,3.0,4.0,6.0,8.0
2025_03_MIA_BUF,MIA,BUF,Tyreek Hill,00-0033040,WR,rec_yds,58.305,14.286,29.367,51.796,80.769,111.08
2025_03_MIA_BUF,MIA,BUF,Tyreek Hill,00-0033040,WR,anytime_td,0.19,0.0,0.0,0.0,0.0,1.0
2025_03_MIA_BUF,MIA,BUF,De'Von Achane,00-0039040,RB,car,14.685,7.0,10.0,14.0,18.0,23.0
2025_03_MIA_BUF,MIA,BUF,De'Von Achane,00-0039040,RB,rush_yds,59.191,21.404,34.516,52.906,77.559,104.285
2025_03_MIA_BUF,MIA,BUF,De'Von Achane,00-0039040,RB,tgt,5.996,2.0,4.0,6.0,8.0,10.0
2025_03_MIA_BUF,MIA,BUF,De'Von Achane,00-0039040,RB,rec,4.758,2.0,3.0,4.0,6.0,8.0
2025_03_MIA_BUF,MIA,BUF,De'Von Achane,00-0039040,RB,rec_yds,36.34,6.774,16.745,31.708,51.015,72.434
2025_03_MIA_BUF,MIA,BUF,De'Von Achane,00-0039040,RB,anytime_td,0.478,0.0,0.0,0.0,1.0,1.0
2025_03_MIA_BUF,MIA,BUF,Julian Hill,00-0038720,TE,car,0.001,0.0,0.0,0.0,0.0,0.0
2025_03_MIA_BUF,MIA,BUF,Julian Hill,00-0038720,TE,rush_yds,0.001,0.0,0.0,0.0,0.0,0.0
2025_03_MIA_BUF,MIA,BUF,Julian Hill,00-0038720,TE,tgt,0.604,0.0,0.0,0.0,1.0,2.0
2025_03_MIA_BUF,MIA,BUF,Julian Hill,00-0038720,TE,rec,0.429,0.0,0.0,0.0,1.0,1.0
2025_03_MIA_BUF,MIA,BUF,Julian Hill,00-0038720,TE,rec_yds,4.119,0.0,0.0,0.0,4.578,14.675
2025_03_MIA_BUF,MIA,BUF,Julian Hill,00-0038720,TE,anytime_td,0.008,0.0,0.0,0.0,0.0,0.0
2025_03_MIA_BUF,MIA,BUF,Malik Washington,00-0039880,WR,car,1.655,0.0,0.0,1.0,2.0,5.0
2025_03_MIA_BUF,MIA,BUF,Malik Washington,00-0039880,WR,rush_yds,8.432,0.0,0.0,0.894,11.992,27.062
2025_03_MIA_BUF,MIA,BUF,Malik Washington,00-0039880,WR,tgt,3.61,1.0,2.0,3.0,5.0,7.0
2025_03_MIA_BUF,MIA,BUF,Malik Washington,00-0039880,WR,rec,2.211,0.0,1.0,2.0,3.0,5.0
2025_03_MIA_BUF,MIA,BUF,Malik Washington,00-0039880,WR,rec_yds,25.016,0.0,6.607,19.06,36.456,58.42
2025_03_MIA_BUF,MIA,BUF,Malik Washington,00-0039880,WR,anytime_td,0.087,0.0,0.0,0.0,0.0,0.0
2025_03_MIA_BUF,MIA,BUF,Tanner Conner,00-0037348,TE,car,0.001,0.0,0.0,0.0,0.0,0.0
2025_03_MIA_BUF,MIA,BUF,Tanner Conner,00-0037348,TE,rush_yds,0.0,0.0,0.0,0.0,0.0,0.0
2025_03_MIA_BUF,MIA,BUF,Tanner Conner,00-0037348,TE,tgt,1.512,0.0,0.0,1.0,2.0,4.0
2025_03_MIA_BUF,MIA,BUF,Tanner Conner,00-0037348,TE,rec,1.04,0.0,0.0,1.0,2.0,3.0
2025_03_MIA_BUF,MIA,BUF,Tanner Conner,00-0037348,TE,rec_yds,9.989,0.0,0.0,4.718,15.631,28.892
2025_03_MIA_BUF,MIA,BUF,Tanner Conner,00-0037348,TE,anytime_td,0.045,0.0,0.0,0.0,0.0,0.0
2025_03_MIA_BUF,MIA,BUF,Alec Ingold,00-0035125,RB,car,0.793,0.0,0.0,0.0,1.0,3.0
2025_03_MIA_BUF,MIA,BUF,Alec Ingold,00-0035125,RB,rush_yds,3.099,0.0,0.0,0.0,2.417,10.184
2025_03_MIA_BUF,MIA,BUF,Alec Ingold,00-0035125,RB,tgt,1.427,0.0,0.0,1.0,2.0,3.0
2025_03_MIA_BUF,MIA,BUF,Alec Ingold,00-0035125,RB,rec,1.094,0.0,0.0,1.0,2.0,3.0
2025_03_MIA_BUF,MIA,BUF,Alec Ingold,00-0035125,RB,rec_yds,7.548,0.0,0.0,2.609,11.252,22.596
2025_03_MIA_BUF,MIA,BUF,Alec Ingold,00-0035125,RB,anytime_td,0.042,0.0,0.0,0.0,0.0,0.0
2025_03_MIA_BUF,MIA,BUF,Nick Westbrook-Ikhine,00-0036182,WR,car,0.019,0.0,0.0,0.0,0.0,0.0
2025_03_MIA_BUF,MIA,BUF,Nick Westbrook-Ikhine,00-0036182,WR,rush_yds,0.095,0.0,0.0,0.0,0.0,0.0
2025_03_MIA_BUF,MIA,BUF,Nick Westbrook-Ikhine,00-0036182,WR,tgt,3.871,1.0,2.0,4.0,5.0,7.0
2025_03_MIA_BUF,MIA,BUF,Nick Westbrook-Ikhine,00-0036182,WR,rec,2.338,0.0,1.0,2.0,3.0,5.0
2025_03_MIA_BUF,MIA,BUF,Nick Westbrook-Ikhine,00-0036182,WR,rec_yds,27.766,0.0,8.085,21.557,40.026,63.211
2025_03_MIA_BUF,MIA,BUF,Nick Westbrook-Ikhine,00-0036182,WR,anytime_td,0.155,0.0,0.0,0.0,0.0,1.0
2025_03_MIA_BUF,MIA,BUF,Ollie Gordon II,00-0040198,RB,car,3.234,0.0,1.0,2.0,5.0,7.0
2025_03_MIA_BUF,MIA,BUF,Ollie Gordon II,00-0040198,RB,rush_yds,12.661,0.0,1.035,7.417,18.113,32.594
2025_03_MIA_BUF,MIA,BUF,Ollie Gordon II,00-0040198,RB,tgt,1.126,0.0,0.0,1.0,2.0,3.0
2025_03_MIA_BUF,MIA,BUF,Ollie Gordon II,00-0040198,RB,rec,0.871,0.0,0.0,1.0,1.0,2.0
2025_03_MIA_BUF,MIA,BUF,Ollie Gordon II,00-0040198,RB,rec_yds,5.89,0.0,0.0,0.0,8.404,18.301
2025_03_MIA_BUF,MIA,BUF,Ollie Gordon II,00-0040198,RB,anytime_td,0.112,0.0,0.0,0.0,0.0,1.0
2025_03_MIA_BUF,MIA,BUF,Dee Eskridge,00-0036620,WR,car,0.052,0.0,0.0,0.0,0.0,0.0
2025_03_MIA_BUF,MIA,BUF,Dee Eskridge,00-0036620,WR,rush_yds,0.24,0.0,0.0,0.0,0.0,0.0
2025_03_MIA_BUF,MIA,BUF,Dee Eskridge,00-0036620,WR,tgt,1.392,0.0,0.0,1.0,2.0,3.0
2025_03_MIA_BUF,MIA,BUF,Dee Eskridge,00-0036620,WR,rec,0.873,0.0,0.0,1.0,1.0,2.0
2025_03_MIA_BUF,MIA,BUF,Dee Eskridge,00-0036620,WR,rec_yds,10.401,0.0,0.0,2.026,15.607,30.984
2025_03_MIA_BUF,MIA,BUF,Dee Eskridge,00-0036620,WR,anytime_td,0.023,0.0,0.0,0.0,0.0,0.0
2025_03_ARI_SF,SF,ARI,Mac Jones,00-0036972,QB,att,31.75,21.0,27.0,32.0,38.0,43.0
2025_03_ARI_SF,SF,ARI,Mac Jones,00-0036972,QB,cmp,21.319,13.0,18.0,22.0,26.0,29.0
2025_03_ARI_SF,SF,ARI,Mac Jones,00-0036972,QB,pass_yds,221.948,127.31,172.798,221.037,274.791,323.8
2025_03_ARI_SF,SF,ARI,Mac Jones,00-0036972,QB,pass_td,1.57,0.0,1.0,1.0,2.0,3.0
2025_03_ARI_SF,SF,ARI,Mac Jones,00-0036972,QB,ints,0.69,0.0,0.0,0.0,1.0,2.0
2025_03_ARI_SF,SF,ARI,Mac Jones,00-0036972,QB,car,3.456,1.0,2.0,3.0,5.0,7.0
2025_03_ARI_SF,SF,ARI,Mac Jones,00-0036972,QB,rush_yds,14.117,-1.0,1.808,9.988,21.191,35.26
2025_03_ARI_SF,SF,ARI,Mac Jones,00-0036972,QB,tgt,0.001,0.0,0.0,0.0,0.0,0.0
2025_03_ARI_SF,SF,ARI,Mac Jones,00-0036972,QB,rec,0.001,0.0,0.0,0.0,0.0,0.0
2025_03_ARI_SF,SF,ARI,Mac Jones,00-0036972,QB,rec_yds,0.008,0.0,0.0,0.0,0.0,0.0
2025_03_ARI_SF,SF,ARI,Mac Jones,00-0036972,QB,anytime_td,0.11,0.0,0.0,0.0,0.0,1.0
2025_03_ARI_SF,SF,ARI,Ricky Pearsall,00-0039916,WR,car,0.381,0.0,0.0,0.0,0.0,1.0
2025_03_ARI_SF,SF,ARI,Ricky Pearsall,00-0039916,WR,rush_yds,2.083,0.0,0.0,0.0,0.0,5.79
2025_03_ARI_SF,SF,ARI,Ricky Pearsall,00-0039916,WR,tgt,6.843,3.0,4.0,7.0,9.0,11.0
2025_03_ARI_SF,SF,ARI,Ricky Pearsall,00-0039916,WR,rec,4.327,1.0,3.0,4.0,6.0,8.0
2025_03_ARI_SF,SF,ARI,Ricky Pearsall,00-0039916,WR,rec_yds,60.57,13.888,29.977,53.239,84.063,116.051
2025_03_ARI_SF,SF,ARI,Ricky Pearsall,00-0039916,WR,anytime_td,0.192,0.0,0.0,0.0,0.0,1.0
2025_03_ARI_SF,SF,ARI,Christian McCaffrey,00-0033280,RB,car,13.682,6.9,9.0,13.0,17.0,22.0
2025_03_ARI_SF,SF,ARI,Christian McCaffrey,00-0033280,RB,rush_yds,58.827,19.738,33.435,52.199,77.591,107.081
2025_03_ARI_SF,SF,ARI,Christian McCaffrey,00-0033280,RB,tgt,8.154,4.0,5.0,8.0,10.0,13.0
2025_03_ARI_SF,SF,ARI,Christian McCaffrey,00-0033280,RB,rec,6.476,3.0,4.0,6.0,8.0,11.0
2025_03_ARI_SF,SF,ARI,Christian McCaffrey,00-0033280,RB,rec_yds,50.853,14.682,27.093,45.935,68.172,94.235
2025_03_ARI_SF,SF,ARI,Christian McCaffrey,00-0033280,RB,anytime_td,0.529,0.0,0.0,1.0,1.0,1.0
2025_03_ARI_SF,SF,ARI,Kendrick Bourne,00-0033307,WR,car,0.076,0.0,0.0,0.0,0.0,0.0
2025_03_ARI_SF,SF,ARI,Kendrick Bourne,00-0033307,WR,rush_yds,0.443,0.0,0.0,0.0,0.0,0.0
2025_03_ARI_SF,SF,ARI,Kendrick Bourne,00-0033307,WR,tgt,3.934,1.0,2.0,4.0,5.0,7.0
2025_03_ARI_SF,SF,ARI,Kendrick Bourne,00-0033307,WR,rec,2.591,0.0,1.0,2.0,4.0,5.0
2025_03_ARI_SF,SF,ARI,Kendrick Bourne,00-0033307,WR,rec_yds,31.849,0.0,9.619,25.541,47.409,70.389
2025_03_ARI_SF,SF,ARI,Kendrick Bourne,00-0033307,WR,anytime_td,0.093,0.0,0.0,0.0,0.0,0.0
2025_03_ARI_SF,SF,ARI,Jake Tonges,00-0037112,TE,car,0.002,0.0,0.0,0.0,0.0,0.0
2025_03_ARI_SF,SF,ARI,Jake Tonges,00-0037112,TE,rush_yds,0.001,0.0,0.0,0.0,0.0,0.0
2025_03_ARI_SF,SF,ARI,Jake Tonges,00-0037112,TE,tgt,2.535,0.0,1.0,2.0,4.0,5.0
2025_03_ARI_SF,SF,ARI,Jake Tonges,00-0037112,TE,rec,1.832,0.0,1.0,2.0,3.0,4.0
2025_03_ARI_SF,SF,ARI,Jake Tonges,00-0037112,TE,rec_yds,17.628,0.0,3.065,12.596,26.375,42.844
2025_03_ARI_SF,SF,ARI,Jake Tonges,00-0037112,TE,anytime_td,0.138,0.0,0.0,0.0,0.0,1.0
2025_03_ARI_SF,SF,ARI,Skyy Moore,00-0038090,WR,car,0.015,0.0,0.0,0.0,0.0,0.0
2025_03_ARI_SF,SF,ARI,Skyy Moore,00-0038090,WR,rush_yds,0.099,0.0,0.0,0.0,0.0,0.0
2025_03_ARI_SF,SF,ARI,Skyy Moore,00-0038090,WR,tgt,0.737,0.0,0.0,0.0,1.0,2.0
2025_03_ARI_SF,SF,ARI,Skyy Moore,00-0038090,WR,rec,0.452,0.0,0.0,0.0,1.0,1.0
2025_03_ARI_SF,SF,ARI,Skyy Moore,00-0038090,WR,rec_yds,5.599,0.0,0.0,0.0,6.487,19.959
2025_03_ARI_SF,SF,ARI,Skyy Moore,00-0038090,WR,anytime_td,0.009,0.0,0.0,0.0,0.0,0.0
2025_03_ARI_SF,SF,ARI,Luke Farrell,00-0036887,TE,car,0.002,0.0,0.0,0.0,0.0,0.0
2025_03_ARI_SF,SF,ARI,Luke Farrell,00-0036887,TE,rush_yds,0.008,0.0,0.0,0.0,0.0,0.0
2025_03_ARI_SF,SF,ARI,Luke Farrell,00-0036887,TE,tgt,1.943,0.0,1.0,2.0,3.0,4.0
2025_03_ARI_SF,SF,ARI,Luke Farrell,00-0036887,TE,rec,1.378,0.0,0.0,1.0,2.0,3.0
2025_03_ARI_SF,SF,ARI,Luke Farrell,00-0036887,TE,rec_yds,13.601,0.0,0.0,8.409,21.012,36.132
2025_03_ARI_SF,SF,ARI,Luke Farrell,00-0036887,TE,anytime_td,0.14,0.0,0.0,0.0,0.0,1.0
2025_03_ARI_SF,SF,ARI,Kyle Juszczyk,00-0029892,RB,car,0.461,0.0,0.0,0.0,0.0,2.0
2025_03_ARI_SF,SF,ARI,Kyle Juszczyk,00-0029892,RB,rush_yds,2.02,0.0,0.0,0.0,0.0,5.953
2025_03_ARI_SF,SF,ARI,Kyle Juszczyk,00-0029892,RB,tgt,1.966,0.0,1.0,2.0,3.0,4.0
2025_03_ARI_SF,SF,ARI,Kyle Juszczyk,00-0029892,RB,rec,1.506,0.0,0.0,1.0,2.0,4.0
2025_03_ARI_SF,SF,ARI,Kyle Juszczyk,00-0029892,RB,rec_yds,12.062,0.0,0.0,7.068,17.927,32.841
2025_03_ARI_SF,SF,ARI,Kyle Juszczyk,00-0029892,RB,anytime_td,0.114,0.0,0.0,0.0,0.0,1.0
2025_03_ARI_SF,SF,ARI,Marquez Valdes-Scantling,00-0034272,WR,car,0.054,0.0,0.0,0.0,0.0,0.0
2025_03_ARI_SF,SF,ARI,Marquez Valdes-Scantling,00-0034272,WR,rush_yds,0.28,0.0,0.0,0.0,0.0,0.0
2025_03_ARI_SF,SF,ARI,Marquez Valdes-Scantling,00-0034272,WR,tgt,2.612,0.0,1.0,2.0,4.0,5.0
2025_03_ARI_SF,SF,ARI,Marquez Valdes-Scantling,00-0034272,WR,rec,1.524,0.0,0.0,1.0,2.0,3.0
2025_03_ARI_SF,SF,ARI,Marquez Valdes-Scantling,00-0034272,WR,rec_yds,20.026,0.0,0.0,13.053,29.798,52.623
2025_03_ARI_SF,SF,ARI,Marquez Valdes-Scantling,00-0034272,WR,anytime_td,0.092,0.0,0.0,0.0,0.0,0.0
2025_03_ARI_SF,SF,ARI,Brian Robinson,00-0037746,RB,car,7.944,2.0,4.0,7.0,11.0,15.0
2025_03_ARI_SF,SF,ARI,Brian Robinson,00-0037746,RB,rush_yds,33.354,5.264,13.566,27.349,46.842,68.976
2025_03_ARI_SF,SF,ARI,Brian Robinson,00-0037746,RB,tgt,1.798,0.0,1.0,1.0,3.0,4.0
2025_03_ARI_SF,SF,ARI,Brian Robinson,00-0037746,RB,rec,1.38,0.0,0.0,1.0,2.0,3.0
2025_03_ARI_SF,SF,ARI,Brian Robinson,00-0037746,RB,rec_yds,9.651,0.0,0.0,5.209,14.166,26.643
2025_03_ARI_SF,SF,ARI,Brian Robinson,00-0037746,RB,anytime_td,0.276,0.0,0.0,0.0,1.0,1.0
2025_03_ARI_SF,SF,ARI,Brayden Willis,00-0038643,TE,car,0.009,0.0,0.0,0.0,0.0,0.0
2025_03_ARI_SF,SF,ARI,Brayden Willis,00-0038643,TE,rush_yds,0.029,0.0,0.0,0.0,0.0,0.0
2025_03_ARI_SF,SF,ARI,Brayden Willis,00-0038643,TE,tgt,0.81,0.0,0.0,0.0,1.0,2.0
2025_03_ARI_SF,SF,ARI,Brayden Willis,00-0038643,TE,rec,0.539,0.0,0.0,0.0,1.0,2.0
2025_03_ARI_SF,SF,ARI,Brayden Willis,00-0038643,TE,rec_yds,5.64,0.0,0.0,0.0,7.198,19.658
2025_03_ARI_SF,SF,ARI,Brayden Willis,00-0038643,TE,anytime_td,0.01,0.0,0.0,0.0,0.0,0.0
2025_03_ARI_SF,SF,ARI,Malik Turner,00-0034867,WR,car,0.045,0.0,0.0,0.0,0.0,0.0
2025_03_ARI_SF,SF,ARI,Malik Turner,00-0034867,WR,rush_yds,0.231,0.0,0.0,0.0,0.0,0.0
2025_03_ARI_SF,SF,ARI,Malik Turner,00-0034867,WR,tgt,1.244,0.0,0.0,1.0,2.0,3.0
2025_03_ARI_SF,SF,ARI,Malik Turner,00-0034867,WR,rec,0.781,0.0,0.0,0.0,1.0,2.0
2025_03_ARI_SF,SF,ARI,Malik Turner,00-0034867,WR,rec_yds,9.801,0.0,0.0,0.0,14.946,29.355
2025_03_ARI_SF,SF,ARI,Malik Turner,00-0034867,WR,anytime_td,0.049,0.0,0.0,0.0,0.0,0.0
2025_03_ARI_SF,ARI,SF,Kyler Murray,00-0035228,QB,att,29.899,20.0,26.0,31.0,36.0,40.0
2025_03_ARI_SF,ARI,SF,Kyler Murray,00-0035228,QB,cmp,20.12,13.0,17.0,20.0,24.0,28.0
2025_03_ARI_SF,ARI,SF,Kyler Murray,00-0035228,QB,pass_yds,211.03,126.308,165.902,211.035,257.365,306.615
2025_03_ARI_SF,ARI,SF,Kyler Murray,00-0035228,QB,pass_td,1.338,0.0,0.0,1.0,2.0,3.0
2025_03_ARI_SF,ARI,SF,Kyler Murray,00-0035228,QB,ints,0.623,0.0,0.0,0.0,1.0,2.0
2025_03_ARI_SF,ARI,SF,Kyler Murray,00-0035228,QB,car,5.48,2.0,3.0,5.0,7.0,10.0
2025_03_ARI_SF,ARI,SF,Kyler Murray,00-0035228,QB,rush_yds,26.425,2.092,10.549,22.007,37.654,55.188
2025_03_ARI_SF,ARI,SF,Kyler Murray,00-0035228,QB,tgt,0.0,0.0,0.0,0.0,0.0,0.0
2025_03_ARI_SF,ARI,SF,Kyler Murray,00-0035228,QB,rec,0.0,0.0,0.0,0.0,0.0,0.0
2025_03_ARI_SF,ARI,SF,Kyler Murray,00-0035228,QB,rec_yds,0.005,0.0,0.0,0.0,0.0,0.0
2025_03_ARI_SF,ARI,SF,Kyler Murray,00-0035228,QB,anytime_td,0.178,0.0,0.0,0.0,0.0,1.0
2025_03_ARI_SF,ARI,SF,Trey McBride,00-0037744,TE,car,0.034,0.0,0.0,0.0,0.0,0.0
2025_03_ARI_SF,ARI,SF,Trey McBride,00-0037744,TE,rush_yds,0.088,0.0,0.0,0.0,0.0,0.0
2025_03_ARI_SF,ARI,SF,Trey McBride,00-0037744,TE,tgt,8.519,4.0,6.0,8.0,11.0,13.0
2025_03_ARI_SF,ARI,SF,Trey McBride,00-0037744,TE,rec,6.286,3.0,4.0,6.0,8.0,10.0
2025_03_ARI_SF,ARI,SF,Trey McBride,00-0037744,TE,rec_yds,65.363,23.073,39.094,61.19,86.711,112.954
2025_03_ARI_SF,ARI,SF,Trey McBride,00-0037744,TE,anytime_td,0.226,0.0,0.0,0.0,0.0,1.0
2025_03_ARI_SF,ARI,SF,Marvin Harrison Jr.,00-0039849,WR,car,0.015,0.0,0.0,0.0,0.0,0.0
2025_03_ARI_SF,ARI,SF,Marvin Harrison Jr.,00-0039849,WR,rush_yds,0.07,0.0,0.0,0.0,0.0,0.0
2025_03_ARI_SF,ARI,SF,Marvin Harrison Jr.,00-0039849,WR,tgt,6.174,2.0,4.0,6.0,8.0,10.0
2025_03_ARI_SF,ARI,SF,Marvin Harrison Jr.,00-0039849,WR,rec,3.795,1.0,2.0,4.0,5.0,7.0
2025_03_ARI_SF,ARI,SF,Marvin Harrison Jr.,00-0039849,WR,rec_yds,49.453,9.004,22.247,43.052,69.537,99.424
2025_03_ARI_SF,ARI,SF,Marvin Harrison Jr.,00-0039849,WR,anytime_td,0.296,0.0,0.0,0.0,1.0,1.0
2025_03_ARI_SF,ARI,SF,Michael Wilson,00-0038559,WR,car,0.102,0.0,0.0,0.0,0.0,0.0
2025_03_ARI_SF,ARI,SF,Michael Wilson,00-0038559,WR,rush_yds,0.554,0.0,0.0,0.0,0.0,0.0
2025_03_ARI_SF,ARI,SF,Michael Wilson,00-0038559,WR,tgt,3.716,1.0,2.0,3.0,5.0,7.0
2025_03_ARI_SF,ARI,SF,Michael Wilson,00-0038559,WR,rec,2.252,0.0,1.0,2.0,3.0,5.0
2025_03_ARI_SF,ARI,SF,Michael Wilson,00-0038559,WR,rec_yds,27.024,0.0,6.921,20.697,39.165,62.714
2025_03_ARI_SF,ARI,SF,Michael Wilson,00-0038559,WR,anytime_td,0.236,0.0,0.0,0.0,0.0,1.0
2025_03_ARI_SF,ARI,SF,Trey Benson,00-0039921,RB,car,5.305,1.0,2.0,5.0,7.0,11.0
2025_03_ARI_SF,ARI,SF,Trey Benson,00-0039921,RB,rush_yds,24.023,0.0,6.728,17.548,33.928,55.97
2025_03_ARI_SF,ARI,SF,Trey Benson,00-0039921,RB,tgt,2.064,0.0,1.0,2.0,3.0,5.0
2025_03_ARI_SF,ARI,SF,Trey Benson,00-0039921,RB,rec,1.618,0.0,0.0,1.0,2.0,4.0
2025_03_ARI_SF,ARI,SF,Trey Benson,00-0039921,RB,rec_yds,11.908,0.0,0.0,6.985,17.976,31.991
2025_03_ARI_SF,ARI,SF,Trey Benson,00-0039921,RB,anytime_td,0.134,0.0,0.0,0.0,0.0,1.0
2025_03_ARI_SF,ARI,SF,Tip Reiman,00-0039737,TE,car,0.005,0.0,0.0,0.0,0.0,0.0
2025_03_ARI_SF,ARI,SF,Tip Reiman,00-0039737,TE,rush_yds,0.017,0.0,0.0,0.0,0.0,0.0
2025_03_ARI_SF,ARI,SF,Tip Reiman,00-0039737,TE,tgt,0.7,0.0,0.0,0.0,1.0,2.0
2025_03_ARI_SF,ARI,SF,Tip Reiman,00-0039737,TE,rec,0.509,0.0,0.0,0.0,1.0,2.0
2025_03_ARI_SF,ARI,SF,Tip Reiman,00-0039737,TE,rec_yds,5.105,0.0,0.0,0.0,6.558,18.428
2025_03_ARI_SF,ARI,SF,Tip Reiman,00-0039737,TE,anytime_td,0.011,0.0,0.0,0.0,0.0,0.0
2025_03_ARI_SF,ARI,SF,Zay Jones,00-0033891,WR,car,0.016,0.0,0.0,0.0,0.0,0.0
2025_03_ARI_SF,ARI,SF,Zay Jones,00-0033891,WR,rush_yds,0.082,0.0,0.0,0.0,0.0,0.0
2025_03_ARI_SF,ARI,SF,Zay Jones,00-0033891,WR,tgt,1.22,0.0,0.0,1.0,2.0,3.0
2025_03_ARI_SF,ARI,SF,Zay Jones,00-0033891,WR,rec,0.804,0.0,0.0,0.0,1.0,2.0
2025_03_ARI_SF,ARI,SF,Zay Jones,00-0033891,WR,rec_yds,9.819,0.0,0.0,0.0,14.867,30.53
2025_03_ARI_SF,ARI,SF,Zay Jones,00-0033891,WR,anytime_td,0.023,0.0,0.0,0.0,0.0,0.0
2025_03_ARI_SF,ARI,SF,James Conner,00-0033553,RB,car,13.489,6.0,9.0,13.0,17.0,21.0
2025_03_ARI_SF,ARI,SF,James Conner,00-0033553,RB,rush_yds,57.044,18.571,32.018,51.127,74.931,103.532
2025_03_ARI_SF,ARI,SF,James Conner,00-0033553,RB,tgt,3.038,1.0,1.0,3.0,4.0,6.0
2025_03_ARI_SF,ARI,SF,James Conner,00-0033553,RB,rec,2.49,0.0,1.0,2.0,4.0,5.0
2025_03_ARI_SF,ARI,SF,James Conner,00-0033553,RB,rec_yds,18.382,0.0,4.288,13.725,26.569,43.652
2025_03_ARI_SF,ARI,SF,James Conner,00-0033553,RB,anytime_td,0.487,0.0,0.0,0.0,1.0,1.0
2025_03_ARI_SF,ARI,SF,Greg Dortch,00-0035500,WR,car,0.223,0.0,0.0,0.0,0.0,1.0
2025_03_ARI_SF,ARI,SF,Greg Dortch,00-0035500,WR,rush_yds,1.181,0.0,0.0,0.0,0.0,0.0
2025_03_ARI_SF,ARI,SF,Greg Dortch,00-0035500,WR,tgt,1.992,0.0,1.0,2.0,3.0,4.0
2025_03_ARI_SF,ARI,SF,Greg Dortch,00-0035500,WR,rec,1.34,0.0,0.0,1.0,2.0,3.0
2025_03_ARI_SF,ARI,SF,Greg Dortch,00-0035500,WR,rec_yds,16.021,0.0,0.0,9.3,24.199,44.395
2025_03_ARI_SF,ARI,SF,Greg Dortch,00-0035500,WR,anytime_td,0.122,0.0,0.0,0.0,0.0,1.0
2025_03_ARI_SF,ARI,SF,Elijah Higgins,00-0039041,TE,car,0.006,0.0,0.0,0.0,0.0,0.0
2025_03_ARI_SF,ARI,SF,Elijah Higgins,00-0039041,TE,rush_yds,0.015,0.0,0.0,0.0,0.0,0.0
2025_03_ARI_SF,ARI,SF,Elijah Higgins,00-0039041,TE,tgt,1.95,0.0,1.0,2.0,3.0,4.0
2025_03_ARI_SF,ARI,SF,Elijah Higgins,00-0039041,TE,rec,1.397,0.0,0.0,1.0,2.0,3.0
2025_03_ARI_SF,ARI,SF,Elijah Higgins,00-0039041,TE,rec_yds,14.821,0.0,0.0,9.165,22.365,38.741
2025_03_ARI_SF,ARI,SF,Elijah Higgins,00-0039041,TE,anytime_td,0.065,0.0,0.0,0.0,0.0,0.0
2025_03_ARI_SF,ARI,SF,Emari Demercado,00-0038705,RB,car,1.806,0.0,0.0,1.0,3.0,5.0
2025_03_ARI_SF,ARI,SF,Emari Demercado,00-0038705,RB,rush_yds,8.247,0.0,0.0,1.961,10.71,25.287
2025_03_ARI_SF,ARI,SF,Emari Demercado,00-0038705,RB,tgt,1.259,0.0,0.0,1.0,2.0,3.0
2025_03_ARI_SF,ARI,SF,Emari Demercado,00-0038705,RB,rec,0.992,0.0,0.0,1.0,2.0,3.0
2025_03_ARI_SF,ARI,SF,Emari Demercado,00-0038705,RB,rec_yds,7.279,0.0,0.0,0.946,10.54,21.948
2025_03_ARI_SF,ARI,SF,Emari Demercado,00-0038705,RB,anytime_td,0.087,0.0,0.0,0.0,0.0,0.0
2025_03_ATL_CAR,CAR,ATL,Bryce Young,00-0039150,QB,att,31.771,21.0,27.0,33.0,38.0,43.0
2025_03_ATL_CAR,CAR,ATL,Bryce Young,00-0039150,QB,cmp,20.276,13.0,17.0,21.0,24.25,28.0
2025_03_ATL_CAR,CAR,ATL,Bryce Young,00-0039150,QB,pass_yds,213.204,122.931,166.846,212.88,262.159,308.78
2025_03_ATL_CAR,CAR,ATL,Bryce Young,00-0039150,QB,pass_td,1.32,0.0,0.0,1.0,2.0,3.0
2025_03_ATL_CAR,CAR,ATL,Bryce Young,00-0039150,QB,ints,0.724,0.0,0.0,0.0,1.0,2.0
2025_03_ATL_CAR,CAR,ATL,Bryce Young,00-0039150,QB,car,2.996,1.0,2.0,3.0,4.0,6.0
2025_03_ATL_CAR,CAR,ATL,Bryce Young,00-0039150,QB,rush_yds,17.144,0.0,5.046,13.128,25.937,39.367
2025_03_ATL_CAR,CAR,ATL,Bryce Young,00-0039150,QB,tgt,0.001,0.0,0.0,0.0,0.0,0.0
2025_03_ATL_CAR,CAR,ATL,Bryce Young,00-0039150,QB,rec,0.001,0.0,0.0,0.0,0.0,0.0
2025_03_ATL_CAR,CAR,ATL,Bryce Young,00-0039150,QB,rec_yds,0.004,0.0,0.0,0.0,0.0,0.0
2025_03_ATL_CAR,CAR,ATL,Bryce Young,00-0039150,QB,anytime_td,0.143,0.0,0.0,0.0,0.0,1.0
2025_03_ATL_CAR,CAR,ATL,David Moore,00-0033589,WR,car,0.056,0.0,0.0,0.0,0.0,0.0
2025_03_ATL_CAR,CAR,ATL,David Moore,00-0033589,WR,rush_yds,0.274,0.0,0.0,0.0,0.0,0.0
2025_03_ATL_CAR,CAR,ATL,David Moore,00-0033589,WR,tgt,2.324,0.0,1.0,2.0,3.0,5.0
2025_03_ATL_CAR,CAR,ATL,David Moore,00-0033589,WR,rec,1.4,0.0,0.0,1.0,2.0,3.0
2025_03_ATL_CAR,CAR,ATL,David Moore,00-0033589,WR,rec_yds,17.273,0.0,0.0,10.89,26.133,45.568
2025_03_ATL_CAR,CAR,ATL,David Moore,00-0033589,WR,anytime_td,0.117,0.0,0.0,0.0,0.0,1.0
2025_03_ATL_CAR,CAR,ATL,Tetairoa McMillan,00-0040124,WR,car,0.021,0.0,0.0,0.0,0.0,0.0
2025_03_ATL_CAR,CAR,ATL,Tetairoa McMillan,00-0040124,WR,rush_yds,0.089,0.0,0.0,0.0,0.0,0.0
2025_03_ATL_CAR,CAR,ATL,Tetairoa McMillan,00-0040124,WR,tgt,7.901,4.0,5.0,8.0,10.0,13.0
2025_03_ATL_CAR,CAR,ATL,Tetairoa McMillan,00-0040124,WR,rec,4.787,2.0,3.0,4.0,6.0,8.0
2025_03_ATL_CAR,CAR,ATL,Tetairoa McMillan,00-0040124,WR,rec_yds,63.751,17.496,33.355,56.372,86.454,119.574
2025_03_ATL_CAR,CAR,ATL,Tetairoa McMillan,00-0040124,WR,anytime_td,0.119,0.0,0.0,0.0,0.0,1.0
2025_03_ATL_CAR,CAR,ATL,Chuba Hubbard,00-0036555,RB,car,12.919,6.0,9.0,12.0,17.0,21.0
2025_03_ATL_CAR,CAR,ATL,Chuba Hubbard,00-0036555,RB,rush_yds,51.78,16.394,27.813,45.877,68.549,96.198
2025_03_ATL_CAR,CAR,ATL,Chuba Hubbard,00-0036555,RB,tgt,4.805,2.0,3.0,4.0,6.0,8.0
2025_03_ATL_CAR,CAR,ATL,Chuba Hubbard,00-0036555,RB,rec,3.6,1.0,2.0,3.0,5.0,7.0
2025_03_ATL_CAR,CAR,ATL,Chuba Hubbard,00-0036555,RB,rec_yds,25.668,2.478,9.276,20.665,36.648,55.143
2025_03_ATL_CAR,CAR,ATL,Chuba Hubbard,00-0036555,RB,anytime_td,0.457,0.0,0.0,0.0,1.0,1.0
2025_03_ATL_CAR,CAR,ATL,Ja'Tavion Sanders,00-0039356,TE,car,0.004,0.0,0.0,0.0,0.0,0.0
2025_03_ATL_CAR,CAR,ATL,Ja'Tavion Sanders,00-0039356,TE,rush_yds,0.014,0.0,0.0,0.0,0.0,0.0
2025_03_ATL_CAR,CAR,ATL,Ja'Tavion Sanders,00-0039356,TE,tgt,4.412,1.0,2.0,4.0,6.0,8.0
2025_03_ATL_CAR,CAR,ATL,Ja'Tavion Sanders,00-0039356,TE,rec,3.113,1.0,2.0,3.0,4.0,6.0
2025_03_ATL_CAR,CAR,ATL,Ja'Tavion Sanders,00-0039356,TE,rec_yds,31.613,3.085,12.066,26.362,45.985,66.726
2025_03_ATL_CAR,CAR,ATL,Ja'Tavion Sanders,00-0039356,TE,anytime_td,0.076,0.0,0.0,0.0,0.0,0.0
2025_03_ATL_CAR,CAR,ATL,Tommy Tremble,00-0037005,TE,car,0.002,0.0,0.0,0.0,0.0,0.0
2025_03_ATL_CAR,CAR,ATL,Tommy Tremble,00-0037005,TE,rush_yds,0.009,0.0,0.0,0.0,0.0,0.0
2025_03_ATL_CAR,CAR,ATL,Tommy Tremble,00-0037005,TE,tgt,2.411,0.0,1.0,2.0,3.0,5.0
2025_03_ATL_CAR,CAR,ATL,Tommy Tremble,00-0037005,TE,rec,1.74,0.0,1.0,1.0,3.0,4.0
2025_03_ATL_CAR,CAR,ATL,Tommy Tremble,00-0037005,TE,rec_yds,16.94,0.0,0.872,11.942,25.447,41.84
2025_03_ATL_CAR,CAR,ATL,Tommy Tremble,00-0037005,TE,anytime_td,0.089,0.0,0.0,0.0,0.0,0.0
2025_03_ATL_CAR,CAR,ATL,Rico Dowdle,00-0036139,RB,car,7.766,2.0,4.0,7.0,10.0,14.0
2025_03_ATL_CAR,CAR,ATL,Rico Dowdle,00-0036139,RB,rush_yds,30.376,4.66,12.17,24.772,42.166,63.198
2025_03_ATL_CAR,CAR,ATL,Rico Dowdle,00-0036139,RB,tgt,2.225,0.0,1.0,2.0,3.0,5.0
2025_03_ATL_CAR,CAR,ATL,Rico Dowdle,00-0036139,RB,rec,1.713,0.0,1.0,1.0,3.0,4.0
2025_03_ATL_CAR,CAR,ATL,Rico Dowdle,00-0036139,RB,rec_yds,12.084,0.0,0.0,7.546,17.843,31.627
2025_03_ATL_CAR,CAR,ATL,Rico Dowdle,00-0036139,RB,anytime_td,0.235,0.0,0.0,0.0,0.0,1.0
2025_03_ATL_CAR,CAR,ATL,Mitchell Evans,00-0040187,TE,car,0.002,0.0,0.0,0.0,0.0,0.0
2025_03_ATL_CAR,CAR,ATL,Mitchell Evans,00-0040187,TE,rush_yds,0.003,0.0,0.0,0.0,0.0,0.0
2025_03_ATL_CAR,CAR,ATL,Mitchell Evans,00-0040187,TE,tgt,0.602,0.0,0.0,0.0,1.0,2.0
2025_03_ATL_CAR,CAR,ATL,Mitchell Evans,00-0040187,TE,rec,0.421,0.0,0.0,0.0,1.0,1.0
2025_03_ATL_CAR,CAR,ATL,Mitchell Evans,00-0040187,TE,rec_yds,4.334,0.0,0.0,0.0,4.931,15.835
2025_03_ATL_CAR,CAR,ATL,Mitchell Evans,00-0040187,TE,anytime_td,0.009,0.0,0.0,0.0,0.0,0.0
2025_03_ATL_CAR,CAR,ATL,Hunter Renfrow,00-0034983,WR,car,0.009,0.0,0.0,0.0,0.0,0.0
2025_03_ATL_CAR,CAR,ATL,Hunter Renfrow,00-0034983,WR,rush_yds,0.016,0.0,0.0,0.0,0.0,0.0
2025_03_ATL_CAR,CAR,ATL,Hunter Renfrow,00-0034983,WR,tgt,5.153,2.0,3.0,5.0,7.0,9.0
2025_03_ATL_CAR,CAR,ATL,Hunter Renfrow,00-0034983,WR,rec,3.152,1.0,2.0,3.0,4.0,6.0
2025_03_ATL_CAR,CAR,ATL,Hunter Renfrow,00-0034983,WR,rec_yds,35.516,4.329,13.444,29.42,51.096,75.605
2025_03_ATL_CAR,CAR,ATL,Hunter Renfrow,00-0034983,WR,anytime_td,0.283,0.0,0.0,0.0,1.0,1.0
2025_03_ATL_CAR,CAR,ATL,Brycen Tremayne,00-0038840,WR,car,0.018,0.0,0.0,0.0,0.0,0.0
2025_03_ATL_CAR,CAR,ATL,Brycen Tremayne,00-0038840,WR,rush_yds,0.131,0.0,0.0,0.0,0.0,0.0
2025_03_ATL_CAR,CAR,ATL,Brycen Tremayne,00-0038840,WR,tgt,2.286,0.0,1.0,2.0,3.0,5.0
2025_03_ATL_CAR,CAR,ATL,Brycen Tremayne,00-0038840,WR,rec,1.387,0.0,0.0,1.0,2.0,3.0
2025_03_ATL_CAR,CAR,ATL,Brycen Tremayne,00-0038840,WR,rec_yds,18.02,0.0,0.0,10.855,27.45,47.362
2025_03_ATL_CAR,CAR,ATL,Brycen Tremayne,00-0038840,WR,anytime_td,0.033,0.0,0.0,0.0,0.0,0.0
2025_03_ATL_CAR,CAR,ATL,Trevor Etienne,00-0040644,RB,car,0.983,0.0,0.0,0.0,1.0,3.0
2025_03_ATL_CAR,CAR,ATL,Trevor Etienne,00-0040644,RB,rush_yds,3.892,0.0,0.0,0.0,4.169,12.787
2025_03_ATL_CAR,CAR,ATL,Trevor Etienne,00-0040644,RB,tgt,0.587,0.0,0.0,0.0,1.0,2.0
2025_03_ATL_CAR,CAR,ATL,Trevor Etienne,00-0040644,RB,rec,0.452,0.0,0.0,0.0,1.0,2.0
2025_03_ATL_CAR,CAR,ATL,Trevor Etienne,00-0040644,RB,rec_yds,3.348,0.0,0.0,0.0,2.454,11.834
2025_03_ATL_CAR,CAR,ATL,Trevor Etienne,00-0040644,RB,anytime_td,0.028,0.0,0.0,0.0,0.0,0.0
2025_03_ATL_CAR,ATL,CAR,Darnell Mooney,00-0036309,WR,car,0.011,0.0,0.0,0.0,0.0,0.0
2025_03_ATL_CAR,ATL,CAR,Darnell Mooney,00-0036309,WR,rush_yds,0.067,0.0,0.0,0.0,0.0,0.0
2025_03_ATL_CAR,ATL,CAR,Darnell Mooney,00-0036309,WR,tgt,5.139,2.0,3.0,5.0,7.0,9.0
2025_03_ATL_CAR,ATL,CAR,Darnell Mooney,00-0036309,WR,rec,3.266,1.0,2.0,3.0,4.0,6.0
2025_03_ATL_CAR,ATL,CAR,Darnell Mooney,00-0036309,WR,rec_yds,42.775,5.561,17.74,36.239,60.901,88.459
2025_03_ATL_CAR,ATL,CAR,Darnell Mooney,00-0036309,WR,anytime_td,0.212,0.0,0.0,0.0,0.0,1.0
2025_03_ATL_CAR,ATL,CAR,Drake London,00-0037238,WR,car,0.037,0.0,0.0,0.0,0.0,0.0
2025_03_ATL_CAR,ATL,CAR,Drake London,00-0037238,WR,rush_yds,0.186,0.0,0.0,0.0,0.0,0.0
2025_03_ATL_CAR,ATL,CAR,Drake London,00-0037238,WR,tgt,8.435,4.0,6.0,8.0,11.0,13.0
2025_03_ATL_CAR,ATL,CAR,Drake London,00-0037238,WR,rec,5.365,2.0,3.0,5.0,7.0,9.0
2025_03_ATL_CAR,ATL,CAR,Drake London,00-0037238,WR,rec_yds,65.459,20.023,35.688,59.11,87.698,119.077
2025_03_ATL_CAR,ATL,CAR,Drake London,00-0037238,WR,anytime_td,0.341,0.0,0.0,0.0,1.0,1.0
2025_03_ATL_CAR,ATL,CAR,Kyle Pitts,00-0036970,TE,car,0.002,0.0,0.0,0.0,0.0,0.0
2025_03_ATL_CAR,ATL,CAR,Kyle Pitts,00-0036970,TE,rush_yds,0.007,0.0,0.0,0.0,0.0,0.0
2025_03_ATL_CAR,ATL,CAR,Kyle Pitts,00-0036970,TE,tgt,4.528,1.0,3.0,4.0,6.0,8.0
2025_03_ATL_CAR,ATL,CAR,Kyle Pitts,00-0036970,TE,rec,3.395,1.0,2.0,3.0,5.0,6.0
2025_03_ATL_CAR,ATL,CAR,Kyle Pitts,00-0036970,TE,rec_yds,33.672,4.824,14.375,28.382,47.795,68.938
2025_03_ATL_CAR,ATL,CAR,Kyle Pitts,00-0036970,TE,anytime_td,0.184,0.0,0.0,0.0,0.0,1.0
2025_03_ATL_CAR,ATL,CAR,Bijan Robinson,00-0038542,RB,car,15.325,7.0,11.0,15.0,19.0,24.0
2025_03_ATL_CAR,ATL,CAR,Bijan Robinson,00-0038542,RB,rush_yds,73.521,25.976,42.585,66.836,96.265,131.204
2025_03_ATL_CAR,ATL,CAR,Bijan Robinson,00-0038542,RB,tgt,4.362,1.0,2.0,4.0,6.0,8.0
2025_03_ATL_CAR,ATL,CAR,Bijan Robinson,00-0038542,RB,rec,3.453,1.0,2.0,3.0,5.0,6.1
2025_03_ATL_CAR,ATL,CAR,Bijan Robinson,00-0038542,RB,rec_yds,28.412,2.677,10.837,22.6,40.415,61.669
2025_03_ATL_CAR,ATL,CAR,Bijan Robinson,00-0038542,RB,anytime_td,0.517,0.0,0.0,1.0,1.0,1.0
2025_03_ATL_CAR,ATL,CAR,Michael Penix Jr.,00-0039917,QB,att,28.678,19.0,24.0,29.0,35.0,39.0
2025_03_ATL_CAR,ATL,CAR,Michael Penix Jr.,00-0039917,QB,cmp,18.9,11.0,15.0,19.0,23.0,27.0
2025_03_ATL_CAR,ATL,CAR,Michael Penix Jr.,00-0039917,QB,pass_yds,207.598,115.392,161.053,207.332,256.737,304.829
2025_03_ATL_CAR,ATL,CAR,Michael Penix Jr.,00-0039917,QB,pass_td,1.24,0.0,0.0,1.0,2.0,3.0
2025_03_ATL_CAR,ATL,CAR,Michael Penix Jr.,00-0039917,QB,ints,0.597,0.0,0.0,0.0,1.0,2.0
2025_03_ATL_CAR,ATL,CAR,Michael Penix Jr.,00-0039917,QB,car,2.741,0.0,1.0,2.0,4.0,5.0
2025_03_ATL_CAR,ATL,CAR,Michael Penix Jr.,00-0039917,QB,rush_yds,11.642,-1.0,0.0,8.473,17.994,29.515
2025_03_ATL_CAR,ATL,CAR,Michael Penix Jr.,00-0039917,QB,tgt,0.001,0.0,0.0,0.0,0.0,0.0
2025_03_ATL_CAR,ATL,CAR,Michael Penix Jr.,00-0039917,QB,rec,0.0,0.0,0.0,0.0,0.0,0.0
2025_03_ATL_CAR,ATL,CAR,Michael Penix Jr.,00-0039917,QB,rec_yds,0.001,0.0,0.0,0.0,0.0,0.0
2025_03_ATL_CAR,ATL,CAR,Michael Penix Jr.,00-0039917,QB,anytime_td,0.199,0.0,0.0,0.0,0.0,1.0
2025_03_ATL_CAR,ATL,CAR,Ray-Ray McCloud,00-0034407,WR,car,0.262,0.0,0.0,0.0,0.0,1.0
2025_03_ATL_CAR,ATL,CAR,Ray-Ray McCloud,00-0034407,WR,rush_yds,1.553,0.0,0.0,0.0,0.0,0.0
2025_03_ATL_CAR,ATL,CAR,Ray-Ray McCloud,00-0034407,WR,tgt,3.774,1.0,2.0,3.0,5.0,7.0
2025_03_ATL_CAR,ATL,CAR,Ray-Ray McCloud,00-0034407,WR,rec,2.442,0.0,1.0,2.0,3.0,5.0
2025_03_ATL_CAR,ATL,CAR,Ray-Ray McCloud,00-0034407,WR,rec_yds,30.368,0.0,8.959,23.525,44.183,68.782
2025_03_ATL_CAR,ATL,CAR,Ray-Ray McCloud,00-0034407,WR,anytime_td,0.102,0.0,0.0,0.0,0.0,1.0
2025_03_ATL_CAR,ATL,CAR,Charlie Woerner,00-0036429,TE,car,0.004,0.0,0.0,0.0,0.0,0.0
2025_03_ATL_CAR,ATL,CAR,Charlie Woerner,00-0036429,TE,rush_yds,0.011,0.0,0.0,0.0,0.0,0.0
2025_03_ATL_CAR,ATL,CAR,Charlie Woerner,00-0036429,TE,tgt,0.529,0.0,0.0,0.0,1.0,2.0
2025_03_ATL_CAR,ATL,CAR,Charlie Woerner,00-0036429,TE,rec,0.392,0.0,0.0,0.0,1.0,1.0
2025_03_ATL_CAR,ATL,CAR,Charlie Woerner,00-0036429,TE,rec_yds,3.811,0.0,0.0,0.0,3.195,13.993
2025_03_ATL_CAR,ATL,CAR,Charlie Woerner,00-0036429,TE,anytime_td,0.009,0.0,0.0,0.0,0.0,0.0
2025_03_ATL_CAR,ATL,CAR,Tyler Allgeier,00-0037263,RB,car,8.675,3.0,5.0,8.0,12.0,16.0
2025_03_ATL_CAR,ATL,CAR,Tyler Allgeier,00-0037263,RB,rush_yds,38.239,6.486,15.558,31.26,53.369,79.705
2025_03_ATL_CAR,ATL,CAR,Tyler Allgeier,00-0037263,RB,tgt,0.658,0.0,0.0,0.0,1.0,2.0
2025_03_ATL_CAR,ATL,CAR,Tyler Allgeier,00-0037263,RB,rec,0.545,0.0,0.0,0.0,1.0,2.0
2025_03_ATL_CAR,ATL,CAR,Tyler Allgeier,00-0037263,RB,rec_yds,3.744,0.0,0.0,0.0,4.738,13.381
2025_03_ATL_CAR,ATL,CAR,Tyler Allgeier,00-0037263,RB,anytime_td,0.25,0.0,0.0,0.0,0.25,1.0
2025_03_ATL_CAR,ATL,CAR,KhaDarel Hodge,00-0034854,WR,car,0.008,0.0,0.0,0.0,0.0,0.0
2025_03_ATL_CAR,ATL,CAR,KhaDarel Hodge,00-0034854,WR,rush_yds,0.04,0.0,0.0,0.0,0.0,0.0
2025_03_ATL_CAR,ATL,CAR,KhaDarel Hodge,00-0034854,WR,tgt,0.881,0.0,0.0,0.0,1.0,2.0
2025_03_ATL_CAR,ATL,CAR,KhaDarel Hodge,00-0034854,WR,rec,0.546,0.0,0.0,0.0,1.0,2.0
2025_03_ATL_CAR,ATL,CAR,KhaDarel Hodge,00-0034854,WR,rec_yds,6.839,0.0,0.0,0.0,9.068,23.061
2025_03_ATL_CAR,ATL,CAR,KhaDarel Hodge,00-0034854,WR,anytime_td,0.033,0.0,0.0,0.0,0.0,0.0
2025_03_ATL_CAR,ATL,CAR,Nate Carter,00-0040547,RB,car,2.848,0.0,0.0,2.0,4.0,7.0
2025_03_ATL_CAR,ATL,CAR,Nate Carter,00-0040547,RB,rush_yds,12.625,0.0,0.0,6.094,18.038,34.468
2025_03_ATL_CAR,ATL,CAR,Nate Carter,00-0040547,RB,tgt,0.654,0.0,0.0,0.0,1.0,2.0
2025_03_ATL_CAR,ATL,CAR,Nate Carter,00-0040547,RB,rec,0.526,0.0,0.0,0.0,1.0,2.0
2025_03_ATL_CAR,ATL,CAR,Nate Carter,00-0040547,RB,rec_yds,3.863,0.0,0.0,0.0,4.729,13.565
2025_03_ATL_CAR,ATL,CAR,Nate Carter,00-0040547,RB,anytime_td,0.121,0.0,0.0,0.0,0.0,1.0
2025_03_CIN_MIN,MIN,CIN,Jalen Nailor,00-0037291,WR,car,0.058,0.0,0.0,0.0,0.0,0.0
2025_03_CIN_MIN,MIN,CIN,Jalen Nailor,00-0037291,WR,rush_yds,0.28,0.0,0.0,0.0,0.0,0.0
2025_03_CIN_MIN,MIN,CIN,Jalen Nailor,00-0037291,WR,tgt,3.88,1.0,2.0,4.0,5.0,7.0
2025_03_CIN_MIN,MIN,CIN,Jalen Nailor,00-0037291,WR,rec,2.455,0.0,1.0,2.0,3.0,5.0
2025_03_CIN_MIN,MIN,CIN,Jalen Nailor,00-0037291,WR,rec_yds,28.706,0.0,8.76,22.343,42.307,64.57
2025_03_CIN_MIN,MIN,CIN,Jalen Nailor,00-0037291,WR,anytime_td,0.138,0.0,0.0,0.0,0.0,1.0
2025_03_CIN_MIN,MIN,CIN,Carson Wentz,00-0032950,QB,att,30.62,21.0,26.0,31.0,36.0,41.0
2025_03_CIN_MIN,MIN,CIN,Carson Wentz,00-0032950,QB,cmp,19.841,12.0,16.0,20.0,24.0,28.0
2025_03_CIN_MIN,MIN,CIN,Carson Wentz,00-0032950,QB,pass_yds,210.151,123.243,164.882,209.582,258.482,304.86
2025_03_CIN_MIN,MIN,CIN,Carson Wentz,00-0032950,QB,pass_td,1.411,0.0,1.0,1.0,2.0,3.0
2025_03_CIN_MIN,MIN,CIN,Carson Wentz,00-0032950,QB,ints,0.748,0.0,0.0,0.0,1.0,2.0
2025_03_CIN_MIN,MIN,CIN,Carson Wentz,00-0032950,QB,car,3.074,1.0,1.0,3.0,4.0,6.0
2025_03_CIN_MIN,MIN,CIN,Carson Wentz,00-0032950,QB,rush_yds,14.053,-0.031,1.969,10.266,21.217,34.439
2025_03_CIN_MIN,MIN,CIN,Carson Wentz,00-0032950,QB,tgt,0.0,0.0,0.0,0.0,0.0,0.0
2025_03_CIN_MIN,MIN,CIN,Carson Wentz,00-0032950,QB,rec,0.0,0.0,0.0,0.0,0.0,0.0
2025_03_CIN_MIN,MIN,CIN,Carson Wentz,00-0032950,QB,rec_yds,0.002,0.0,0.0,0.0,0.0,0.0
2025_03_CIN_MIN,MIN,CIN,Carson Wentz,00-0032950,QB,anytime_td,0.045,0.0,0.0,0.0,0.0,0.0
2025_03_CIN_MIN,MIN,CIN,Justin Jefferson,00-0036322,WR,car,0.263,0.0,0.0,0.0,0.0,1.0
2025_03_CIN_MIN,MIN,CIN,Justin Jefferson,00-0036322,WR,rush_yds,1.411,0.0,0.0,0.0,0.0,1.758
2025_03_CIN_MIN,MIN,CIN,Justin Jefferson,00-0036322,WR,tgt,8.787,4.0,6.0,8.0,11.0,14.0
2025_03_CIN_MIN,MIN,CIN,Justin Jefferson,00-0036322,WR,rec,5.555,2.0,4.0,5.0,7.0,9.0
2025_03_CIN_MIN,MIN,CIN,Justin Jefferson,00-0036322,WR,rec_yds,69.8,21.766,39.026,63.722,93.609,126.482
2025_03_CIN_MIN,MIN,CIN,Justin Jefferson,00-0036322,WR,anytime_td,0.354,0.0,0.0,0.0,1.0,1.0
2025_03_CIN_MIN,MIN,CIN,Adam Thielen,00-0030035,WR,car,0.018,0.0,0.0,0.0,0.0,0.0
2025_03_CIN_MIN,MIN,CIN,Adam Thielen,00-0030035,WR,rush_yds,0.054,0.0,0.0,0.0,0.0,0.0
2025_03_CIN_MIN,MIN,CIN,Adam Thielen,00-0030035,WR,tgt,4.807,2.0,3.0,4.0,6.0,8.0
2025_03_CIN_MIN,MIN,CIN,Adam Thielen,00-0030035,WR,rec,3.187,1.0,2.0,3.0,4.0,6.0
2025_03_CIN_MIN,MIN,CIN,Adam Thielen,00-0030035,WR,rec_yds,36.812,4.528,14.163,30.632,52.667,77.914
2025_03_CIN_MIN,MIN,CIN,Adam Thielen,00-0030035,WR,anytime_td,0.205,0.0,0.0,0.0,0.0,1.0
2025_03_CIN_MIN,MIN,CIN,T.J. Hockenson,00-0035229,TE,car,0.001,0.0,0.0,0.0,0.0,0.0
2025_03_CIN_MIN,MIN,CIN,T.J. Hockenson,00-0035229,TE,rush_yds,0.001,0.0,0.0,0.0,0.0,0.0
2025_03_CIN_MIN,MIN,CIN,T.J. Hockenson,00-0035229,TE,tgt,5.432,2.0,3.0,5.0,7.0,9.0
2025_03_CIN_MIN,MIN,CIN,T.J. Hockenson,00-0035229,TE,rec,3.81,1.0,2.0,4.0,5.0,7.0
2025_03_CIN_MIN,MIN,CIN,T.J. Hockenson,00-0035229,TE,rec_yds,35.283,6.499,16.604,31.135,49.327,68.683
2025_03_CIN_MIN,MIN,CIN,T.J. Hockenson,00-0035229,TE,anytime_td,0.138,0.0,0.0,0.0,0.0,1.0
2025_03_CIN_MIN,MIN,CIN,Jordan Mason,00-0037525,RB,car,12.078,5.0,8.0,12.0,16.0,20.0
2025_03_CIN_MIN,MIN,CIN,Jordan Mason,00-0037525,RB,rush_yds,49.716,14.306,25.767,43.55,66.433,93.961
2025_03_CIN_MIN,MIN,CIN,Jordan Mason,00-0037525,RB,tgt,2.034,0.0,1.0,2.0,3.0,4.0
2025_03_CIN_MIN,MIN,CIN,Jordan Mason,00-0037525,RB,rec,1.597,0.0,0.0,1.0,2.0,4.0
2025_03_CIN_MIN,MIN,CIN,Jordan Mason,00-0037525,RB,rec_yds,10.633,0.0,0.0,6.441,16.278,28.196
2025_03_CIN_MIN,MIN,CIN,Jordan Mason,00-0037525,RB,anytime_td,0.234,0.0,0.0,0.0,0.0,1.0
2025_03_CIN_MIN,MIN,CIN,Josh Oliver,00-0035249,TE,car,0.002,0.0,0.0,0.0,0.0,0.0
2025_03_CIN_MIN,MIN,CIN,Josh Oliver,00-0035249,TE,rush_yds,0.001,0.0,0.0,0.0,0.0,0.0
2025_03_CIN_MIN,MIN,CIN,Josh Oliver,00-0035249,TE,tgt,1.413,0.0,0.0,1.0,2.0,3.0
2025_03_CIN_MIN,MIN,CIN,Josh Oliver,00-0035249,TE,rec,1.043,0.0,0.0,1.0,2.0,3.0
2025_03_CIN_MIN,MIN,CIN,Josh Oliver,00-0035249,TE,rec_yds,9.746,0.0,0.0,4.507,14.796,27.6
2025_03_CIN_MIN,MIN,CIN,Josh Oliver,00-0035249,TE,anytime_td,0.061,0.0,0.0,0.0,0.0,0.0
2025_03_CIN_MIN,MIN,CIN,Zavier Scott,00-0038440,RB,car,2.94,0.0,1.0,2.0,4.0,7.0
2025_03_CIN_MIN,MIN,CIN,Zavier Scott,00-0038440,RB,rush_yds,11.995,0.0,0.0,6.51,16.993,31.446
2025_03_CIN_MIN,MIN,CIN,Zavier Scott,00-0038440,RB,tgt,0.724,0.0,0.0,0.0,1.0,2.0
2025_03_CIN_MIN,MIN,CIN,Zavier Scott,00-0038440,RB,rec,0.579,0.0,0.0,0.0,1.0,2.0
2025_03_CIN_MIN,MIN,CIN,Zavier Scott,00-0038440,RB,rec_yds,3.912,0.0,0.0,0.0,5.098,13.231
2025_03_CIN_MIN,MIN,CIN,Zavier Scott,00-0038440,RB,anytime_td,0.111,0.0,0.0,0.0,0.0,1.0
2025_03_CIN_MIN,MIN,CIN,Tai Felton,00-0040154,WR,car,0.102,0.0,0.0,0.0,0.0,0.0
2025_03_CIN_MIN,MIN,CIN,Tai Felton,00-0040154,WR,rush_yds,0.52,0.0,0.0,0.0,0.0,0.0
2025_03_CIN_MIN,MIN,CIN,Tai Felton,00-0040154,WR,tgt,1.491,0.0,0.0,1.0,2.0,4.0
2025_03_CIN_MIN,MIN,CIN,Tai Felton,00-0040154,WR,rec,0.965,0.0,0.0,1.0,2.0,3.0
2025_03_CIN_MIN,MIN,CIN,Tai Felton,00-0040154,WR,rec_yds,11.081,0.0,0.0,4.312,16.707,32.994
2025_03_CIN_MIN,MIN,CIN,Tai Felton,00-0040154,WR,anytime_td,0.066,0.0,0.0,0.0,0.0,0.0
2025_03_CIN_MIN,MIN,CIN,Myles Price,00-0040506,WR,car,0.096,0.0,0.0,0.0,0.0,0.0
2025_03_CIN_MIN,MIN,CIN,Myles Price,00-0040506,WR,rush_yds,0.561,0.0,0.0,0.0,0.0,0.0
2025_03_CIN_MIN,MIN,CIN,Myles Price,00-0040506,WR,tgt,1.463,0.0,0.0,1.0,2.0,4.0
2025_03_CIN_MIN,MIN,CIN,Myles Price,00-0040506,WR,rec,0.959,0.0,0.0,1.0,1.0,2.0
2025_03_CIN_MIN,MIN,CIN,Myles Price,00-0040506,WR,rec_yds,11.154,0.0,0.0,4.065,16.648,33.318
2025_03_CIN_MIN,MIN,CIN,Myles Price,00-0040506,WR,anytime_td,0.06,0.0,0.0,0.0,0.0,0.0
2025_03_CIN_MIN,MIN,CIN,Cam Akers,00-0036414,RB,car,6.672,2.0,3.0,6.0,9.0,13.0
2025_03_CIN_MIN,MIN,CIN,Cam Akers,00-0036414,RB,rush_yds,27.943,2.973,9.833,21.845,39.385,60.637
2025_03_CIN_MIN,MIN,CIN,Cam Akers,00-0036414,RB,tgt,0.907,0.0,0.0,1.0,1.0,2.1
2025_03_CIN_MIN,MIN,CIN,Cam Akers,00-0036414,RB,rec,0.724,0.0,0.0,0.0,1.0,2.0
2025_03_CIN_MIN,MIN,CIN,Cam Akers,00-0036414,RB,rec_yds,4.607,0.0,0.0,0.0,6.473,15.238
2025_03_CIN_MIN,MIN,CIN,Cam Akers,00-0036414,RB,anytime_td,0.226,0.0,0.0,0.0,0.0,1.0
2025_03_CIN_MIN,CIN,MIN,Jake Browning,00-0035100,QB,att,33.536,22.0,29.0,34.0,40.0,45.0
2025_03_CIN_MIN,CIN,MIN,Jake Browning,00-0035100,QB,cmp,22.31,14.0,19.0,23.0,27.0,30.0
2025_03_CIN_MIN,CIN,MIN,Jake Browning,00-0035100,QB,pass_yds,233.716,139.43,185.554,233.62,284.709,336.44
2025_03_CIN_MIN,CIN,MIN,Jake Browning,00-0035100,QB,pass_td,1.554,0.0,1.0,1.0,2.0,3.0
2025_03_CIN_MIN,CIN,MIN,Jake Browning,00-0035100,QB,ints,0.769,0.0,0.0,1.0,1.0,2.0
2025_03_CIN_MIN,CIN,MIN,Jake Browning,00-0035100,QB,car,2.748,0.0,1.0,2.0,4.0,6.0
2025_03_CIN_MIN,CIN,MIN,Jake Browning,00-0035100,QB,rush_yds,11.475,-1.0,0.0,6.957,17.888,30.378
2025_03_CIN_MIN,CIN,MIN,Jake Browning,00-0035100,QB,tgt,0.001,0.0,0.0,0.0,0.0,0.0
2025_03_CIN_MIN,CIN,MIN,Jake Browning,00-0035100,QB,rec,0.001,0.0,0.0,0.0,0.0,0.0
2025_03_CIN_MIN,CIN,MIN,Jake Browning,00-0035100,QB,rec_yds,0.007,0.0,0.0,0.0,0.0,0.0
2025_03_CIN_MIN,CIN,MIN,Jake Browning,00-0035100,QB,anytime_td,0.187,0.0,0.0,0.0,0.0,1.0
2025_03_CIN_MIN,CIN,MIN,Ja'Marr Chase,00-0036900,WR,car,0.15,0.0,0.0,0.0,0.0,0.0
2025_03_CIN_MIN,CIN,MIN,Ja'Marr Chase,00-0036900,WR,rush_yds,0.877,0.0,0.0,0.0,0.0,0.0
2025_03_CIN_MIN,CIN,MIN,Ja'Marr Chase,00-0036900,WR,tgt,9.353,5.0,7.0,9.0,12.0,15.0
2025_03_CIN_MIN,CIN,MIN,Ja'Marr Chase,00-0036900,WR,rec,6.484,3.0,4.0,6.0,8.0,11.0
2025_03_CIN_MIN,CIN,MIN,Ja'Marr Chase,00-0036900,WR,rec_yds,77.019,24.951,44.359,71.562,103.314,136.299
2025_03_CIN_MIN,CIN,MIN,Ja'Marr Chase,00-0036900,WR,anytime_td,0.343,0.0,0.0,0.0,1.0,1.0
2025_03_CIN_MIN,CIN,MIN,Tee Higgins,00-0036410,WR,car,0.012,0.0,0.0,0.0,0.0,0.0
2025_03_CIN_MIN,CIN,MIN,Tee Higgins,00-0036410,WR,rush_yds,0.06,0.0,0.0,0.0,0.0,0.0
2025_03_CIN_MIN,CIN,MIN,Tee Higgins,00-0036410,WR,tgt,6.409,2.0,4.0,6.0,8.0,11.0
2025_03_CIN_MIN,CIN,MIN,Tee Higgins,00-0036410,WR,rec,4.029,1.0,2.0,4.0,5.0,7.0
2025_03_CIN_MIN,CIN,MIN,Tee Higgins,00-0036410,WR,rec_yds,49.58,9.267,22.786,43.058,70.225,98.629
2025_03_CIN_MIN,CIN,MIN,Tee Higgins,00-0036410,WR,anytime_td,0.333,0.0,0.0,0.0,1.0,1.0
2025_03_CIN_MIN,CIN,MIN,Drew Sample,00-0035631,TE,car,0.043,0.0,0.0,0.0,0.0,0.0
2025_03_CIN_MIN,CIN,MIN,Drew Sample,00-0035631,TE,rush_yds,0.12,0.0,0.0,0.0,0.0,0.0
2025_03_CIN_MIN,CIN,MIN,Drew Sample,00-0035631,TE,tgt,1.38,0.0,0.0,1.0,2.0,3.0
2025_03_CIN_MIN,CIN,MIN,Drew Sample,00-0035631,TE,rec,0.987,0.0,0.0,1.0,2.0,3.0
2025_03_CIN_MIN,CIN,MIN,Drew Sample,00-0035631,TE,rec_yds,9.335,0.0,0.0,3.69,14.414,27.603
2025_03_CIN_MIN,CIN,MIN,Drew Sample,00-0035631,TE,anytime_td,0.028,0.0,0.0,0.0,0.0,0.0
2025_03_CIN_MIN,CIN,MIN,Andrei Iosivas,00-0038619,WR,car,0.009,0.0,0.0,0.0,0.0,0.0
2025_03_CIN_MIN,CIN,MIN,Andrei Iosivas,00-0038619,WR,rush_yds,0.068,0.0,0.0,0.0,0.0,0.0
2025_03_CIN_MIN,CIN,MIN,Andrei Iosivas,00-0038619,WR,tgt,2.724,0.0,1.0,2.0,4.0,5.0
2025_03_CIN_MIN,CIN,MIN,Andrei Iosivas,00-0038619,WR,rec,1.634,0.0,1.0,1.0,2.0,4.0
2025_03_CIN_MIN,CIN,MIN,Andrei Iosivas,00-0038619,WR,rec_yds,20.002,0.0,0.0,13.364,30.507,50.474
2025_03_CIN_MIN,CIN,MIN,Andrei Iosivas,00-0038619,WR,anytime_td,0.116,0.0,0.0,0.0,0.0,1.0
2025_03_CIN_MIN,CIN,MIN,Chase Brown,00-0038597,RB,car,17.242,9.0,13.0,17.0,21.0,26.0
2025_03_CIN_MIN,CIN,MIN,Chase Brown,00-0038597,RB,rush_yds,70.049,27.649,43.046,63.416,90.042,120.92
2025_03_CIN_MIN,CIN,MIN,Chase Brown,00-0038597,RB,tgt,3.094,1.0,1.0,3.0,4.0,6.0
2025_03_CIN_MIN,CIN,MIN,Chase Brown,00-0038597,RB,rec,2.416,0.0,1.0,2.0,3.0,5.0
2025_03_CIN_MIN,CIN,MIN,Chase Brown,00-0038597,RB,rec_yds,16.858,0.0,3.543,11.889,25.101,40.61
2025_03_CIN_MIN,CIN,MIN,Chase Brown,00-0038597,RB,anytime_td,0.397,0.0,0.0,0.0,1.0,1.0
2025_03_CIN_MIN,CIN,MIN,Noah Fant,00-0035644,TE,car,0.001,0.0,0.0,0.0,0.0,0.0
2025_03_CIN_MIN,CIN,MIN,Noah Fant,00-0035644,TE,rush_yds,0.004,0.0,0.0,0.0,0.0,0.0
2025_03_CIN_MIN,CIN,MIN,Noah Fant,00-0035644,TE,tgt,4.079,1.0,2.0,4.0,6.0,7.0
2025_03_CIN_MIN,CIN,MIN,Noah Fant,00-0035644,TE,rec,2.978,1.0,1.0,3.0,4.0,6.0
2025_03_CIN_MIN,CIN,MIN,Noah Fant,00-0035644,TE,rec_yds,28.528,1.798,10.817,24.208,40.748,59.787
2025_03_CIN_MIN,CIN,MIN,Noah Fant,00-0035644,TE,anytime_td,0.207,0.0,0.0,0.0,0.0,1.0
2025_03_CIN_MIN,CIN,MIN,Mike Gesicki,00-0034829,TE,car,0.004,0.0,0.0,0.0,0.0,0.0
2025_03_CIN_MIN,CIN,MIN,Mike Gesicki,00-0034829,TE,rush_yds,0.01,0.0,0.0,0.0,0.0,0.0
2025_03_CIN_MIN,CIN,MIN,Mike Gesicki,00-0034829,TE,tgt,3.891,1.0,2.0,3.0,5.0,7.0
2025_03_CIN_MIN,CIN,MIN,Mike Gesicki,00-0034829,TE,rec,2.779,1.0,1.0,2.0,4.0,5.0
2025_03_CIN_MIN,CIN,MIN,Mike Gesicki,00-0034829,TE,rec_yds,26.553,0.0,9.282,21.494,38.365,57.513
2025_03_CIN_MIN,CIN,MIN,Mike Gesicki,00-0034829,TE,anytime_td,0.101,0.0,0.0,0.0,0.0,1.0
2025_03_CIN_MIN,CIN,MIN,Samaje Perine,00-0033526,RB,car,0.793,0.0,0.0,0.0,1.0,3.0
2025_03_CIN_MIN,CIN,MIN,Samaje Perine,00-0033526,RB,rush_yds,3.61,0.0,0.0,0.0,2.968,11.609
2025_03_CIN_MIN,CIN,MIN,Samaje Perine,00-0033526,RB,tgt,1.205,0.0,0.0,1.0,2.0,3.0
2025_03_CIN_MIN,CIN,MIN,Samaje Perine,00-0033526,RB,rec,0.962,0.0,0.0,1.0,1.0,3.0
2025_03_CIN_MIN,CIN,MIN,Samaje Perine,00-0033526,RB,rec_yds,6.896,0.0,0.0,0.0,9.924,21.343
2025_03_CIN_MIN,CIN,MIN,Samaje Perine,00-0033526,RB,anytime_td,0.047,0.0,0.0,0.0,0.0,0.0
2025_03_CIN_MIN,CIN,MIN,Cam Grandy,00-0039631,TE,car,0.002,0.0,0.0,0.0,0.0,0.0
2025_03_CIN_MIN,CIN,MIN,Cam Grandy,00-0039631,TE,rush_yds,0.011,0.0,0.0,0.0,0.0,0.0
2025_03_CIN_MIN,CIN,MIN,Cam Grandy,00-0039631,TE,tgt,0.597,0.0,0.0,0.0,1.0,2.0
2025_03_CIN_MIN,CIN,MIN,Cam Grandy,00-0039631,TE,rec,0.432,0.0,0.0,0.0,1.0,1.0
2025_03_CIN_MIN,CIN,MIN,Cam Grandy,00-0039631,TE,rec_yds,4.188,0.0,0.0,0.0,4.431,14.566
2025_03_CIN_MIN,CIN,MIN,Cam Grandy,00-0039631,TE,anytime_td,0.013,0.0,0.0,0.0,0.0,0.0
2025_03_CIN_MIN,CIN,MIN,Tahj Brooks,00-0040208,RB,car,2.369,0.0,0.0,2.0,3.0,6.0
2025_03_CIN_MIN,CIN,MIN,Tahj Brooks,00-0040208,RB,rush_yds,10.847,0.0,0.0,4.669,15.361,30.163
2025_03_CIN_MIN,CIN,MIN,Tahj Brooks,00-0040208,RB,tgt,0.718,0.0,0.0,0.0,1.0,2.0
2025_03_CIN_MIN,CIN,MIN,Tahj Brooks,00-0040208,RB,rec,0.564,0.0,0.0,0.0,1.0,2.0
2025_03_CIN_MIN,CIN,MIN,Tahj Brooks,00-0040208,RB,rec_yds,3.853,0.0,0.0,0.0,4.619,13.504
2025_03_CIN_MIN,CIN,MIN,Tahj Brooks,00-0040208,RB,anytime_td,0.1,0.0,0.0,0.0,0.0,1.0
2025_03_CIN_MIN,CIN,MIN,Mitchell Tinsley,00-0038839,WR,car,0.019,0.0,0.0,0.0,0.0,0.0
2025_03_CIN_MIN,CIN,MIN,Mitchell Tinsley,00-0038839,WR,rush_yds,0.085,0.0,0.0,0.0,0.0,0.0
2025_03_CIN_MIN,CIN,MIN,Mitchell Tinsley,00-0038839,WR,tgt,0.671,0.0,0.0,0.0,1.0,2.0
2025_03_CIN_MIN,CIN,MIN,Mitchell Tinsley,00-0038839,WR,rec,0.431,0.0,0.0,0.0,1.0,1.0
2025_03_CIN_MIN,CIN,MIN,Mitchell Tinsley,00-0038839,WR,rec_yds,5.107,0.0,0.0,0.0,5.551,18.137
2025_03_CIN_MIN,CIN,MIN,Mitchell Tinsley,00-0038839,WR,anytime_td,0.094,0.0,0.0,0.0,0.0,0.0
2025_03_DAL_CHI,CHI,DAL,Caleb Williams,00-0039918,QB,att,30.337,20.0,26.0,31.0,36.0,41.0
2025_03_DAL_CHI,CHI,DAL,Caleb Williams,00-0039918,QB,cmp,20.228,12.0,17.0,21.0,25.0,28.0
2025_03_DAL_CHI,CHI,DAL,Caleb Williams,00-0039918,QB,pass_yds,218.104,123.467,169.975,217.063,269.301,319.683
2025_03_DAL_CHI,CHI,DAL,Caleb Williams,00-0039918,QB,pass_td,1.393,0.0,1.0,1.0,2.0,3.0
2025_03_DAL_CHI,CHI,DAL,Caleb Williams,00-0039918,QB,ints,0.631,0.0,0.0,0.0,1.0,2.0
2025_03_DAL_CHI,CHI,DAL,Caleb Williams,00-0039918,QB,car,5.179,2.0,3.0,5.0,7.0,9.0
2025_03_DAL_CHI,CHI,DAL,Caleb Williams,00-0039918,QB,rush_yds,26.862,2.413,10.837,22.841,38.379,55.796
2025_03_DAL_CHI,CHI,DAL,Caleb Williams,00-0039918,QB,tgt,0.001,0.0,0.0,0.0,0.0,0.0
2025_03_DAL_CHI,CHI,DAL,Caleb Williams,00-0039918,QB,rec,0.001,0.0,0.0,0.0,0.0,0.0
2025_03_DAL_CHI,CHI,DAL,Caleb Williams,00-0039918,QB,rec_yds,0.003,0.0,0.0,0.0,0.0,0.0
2025_03_DAL_CHI,CHI,DAL,Caleb Williams,00-0039918,QB,anytime_td,0.177,0.0,0.0,0.0,0.0,1.0
2025_03_DAL_CHI,CHI,DAL,Cole Kmet,00-0036290,TE,car,0.005,0.0,0.0,0.0,0.0,0.0
2025_03_DAL_CHI,CHI,DAL,Cole Kmet,00-0036290,TE,rush_yds,0.014,0.0,0.0,0.0,0.0,0.0
2025_03_DAL_CHI,CHI,DAL,Cole Kmet,00-0036290,TE,tgt,2.711,0.0,1.0,2.0,4.0,5.0
2025_03_DAL_CHI,CHI,DAL,Cole Kmet,00-0036290,TE,rec,1.988,0.0,1.0,2.0,3.0,4.0
2025_03_DAL_CHI,CHI,DAL,Cole Kmet,00-0036290,TE,rec_yds,21.041,0.0,4.54,15.753,31.566,50.028
2025_03_DAL_CHI,CHI,DAL,Cole Kmet,00-0036290,TE,anytime_td,0.123,0.0,0.0,0.0,0.0,1.0
2025_03_DAL_CHI,CHI,DAL,Rome Odunze,00-0039919,WR,car,0.063,0.0,0.0,0.0,0.0,0.0
2025_03_DAL_CHI,CHI,DAL,Rome Odunze,00-0039919,WR,rush_yds,0.344,0.0,0.0,0.0,0.0,0.0
2025_03_DAL_CHI,CHI,DAL,Rome Odunze,00-0039919,WR,tgt,7.655,3.0,5.0,7.0,10.0,12.0
2025_03_DAL_CHI,CHI,DAL,Rome Odunze,00-0039919,WR,rec,4.905,2.0,3.0,5.0,6.0,8.0
2025_03_DAL_CHI,CHI,DAL,Rome Odunze,00-0039919,WR,rec_yds,62.897,15.619,32.928,56.405,85.909,117.462
2025_03_DAL_CHI,CHI,DAL,Rome Odunze,00-0039919,WR,anytime_td,0.456,0.0,0.0,0.0,1.0,1.0
2025_03_DAL_CHI,CHI,DAL,DJ Moore,00-0034827,WR,car,1.278,0.0,0.0,0.0,2.0,4.0
2025_03_DAL_CHI,CHI,DAL,DJ Moore,00-0034827,WR,rush_yds,6.644,0.0,0.0,0.0,8.118,22.299
2025_03_DAL_CHI,CHI,DAL,DJ Moore,00-0034827,WR,tgt,7.2,3.0,5.0,7.0,9.0,12.0
2025_03_DAL_CHI,CHI,DAL,DJ Moore,00-0034827,WR,rec,5.063,2.0,3.0,5.0,7.0,9.0
2025_03_DAL_CHI,CHI,DAL,DJ Moore,00-0034827,WR,rec_yds,58.423,16.233,30.386,51.969,79.925,107.475
2025_03_DAL_CHI,CHI,DAL,DJ Moore,00-0034827,WR,anytime_td,0.234,0.0,0.0,0.0,0.0,1.0
2025_03_DAL_CHI,CHI,DAL,D'Andre Swift,00-0036275,RB,car,15.338,8.0,11.0,15.0,19.0,24.0
2025_03_DAL_CHI,CHI,DAL,D'Andre Swift,00-0036275,RB,rush_yds,62.402,22.387,36.197,56.567,81.42,111.121
2025_03_DAL_CHI,CHI,DAL,D'Andre Swift,00-0036275,RB,tgt,3.363,1.0,2.0,3.0,5.0,6.0
2025_03_DAL_CHI,CHI,DAL,D'Andre Swift,00-0036275,RB,rec,2.694,0.0,1.0,2.0,4.0,5.0
2025_03_DAL_CHI,CHI,DAL,D'Andre Swift,00-0036275,RB,rec_yds,18.26,0.0,5.058,13.947,26.613,41.858
2025_03_DAL_CHI,CHI,DAL,D'Andre Swift,00-0036275,RB,anytime_td,0.371,0.0,0.0,0.0,1.0,1.0
2025_03_DAL_CHI,CHI,DAL,Olamide Zaccheaus,00-0035208,WR,car,0.353,0.0,0.0,0.0,0.0,1.0
2025_03_DAL_CHI,CHI,DAL,Olamide Zaccheaus,00-0035208,WR,rush_yds,1.839,0.0,0.0,0.0,0.0,4.969
2025_03_DAL_CHI,CHI,DAL,Olamide Zaccheaus,00-0035208,WR,tgt,4.822,2.0,3.0,5.0,6.0,8.0
2025_03_DAL_CHI,CHI,DAL,Olamide Zaccheaus,00-0035208,WR,rec,3.054,1.0,2.0,3.0,4.0,6.0
2025_03_DAL_CHI,CHI,DAL,Olamide Zaccheaus,00-0035208,WR,rec_yds,35.497,3.225,13.479,29.22,50.819,74.632
2025_03_DAL_CHI,CHI,DAL,Olamide Zaccheaus,00-0035208,WR,anytime_td,0.133,0.0,0.0,0.0,0.0,1.0
2025_03_DAL_CHI,CHI,DAL,Durham Smythe,00-0034798,TE,car,0.002,0.0,0.0,0.0,0.0,0.0
2025_03_DAL_CHI,CHI,DAL,Durham Smythe,00-0034798,TE,rush_yds,0.003,0.0,0.0,0.0,0.0,0.0
2025_03_DAL_CHI,CHI,DAL,Durham Smythe,00-0034798,TE,tgt,0.525,0.0,0.0,0.0,1.0,2.0
2025_03_DAL_CHI,CHI,DAL,Durham Smythe,00-0034798,TE,rec,0.381,0.0,0.0,0.0,1.0,1.0
2025_03_DAL_CHI,CHI,DAL,Durham Smythe,00-0034798,TE,rec_yds,3.935,0.0,0.0,0.0,3.161,14.545
2025_03_DAL_CHI,CHI,DAL,Durham Smythe,00-0034798,TE,anytime_td,0.01,0.0,0.0,0.0,0.0,0.0
2025_03_DAL_CHI,CHI,DAL,Luther Burden III,00-0040735,WR,car,0.023,0.0,0.0,0.0,0.0,0.0
2025_03_DAL_CHI,CHI,DAL,Luther Burden III,00-0040735,WR,rush_yds,0.116,0.0,0.0,0.0,0.0,0.0
2025_03_DAL_CHI,CHI,DAL,Luther Burden III,00-0040735,WR,tgt,1.641,0.0,0.0,1.0,2.0,4.0
2025_03_DAL_CHI,CHI,DAL,Luther Burden III,00-0040735,WR,rec,1.074,0.0,0.0,1.0,2.0,3.0
2025_03_DAL_CHI,CHI,DAL,Luther Burden III,00-0040735,WR,rec_yds,12.882,0.0,0.0,6.285,19.529,37.136
2025_03_DAL_CHI,CHI,DAL,Luther Burden III,00-0040735,WR,anytime_td,0.047,0.0,0.0,0.0,0.0,0.0
2025_03_DAL_CHI,CHI,DAL,Kyle Monangai,00-0040236,RB,car,3.885,0.0,1.0,3.0,6.0,8.0
2025_03_DAL_CHI,CHI,DAL,Kyle Monangai,00-0040236,RB,rush_yds,16.323,0.0,2.673,10.662,23.41,40.672
2025_03_DAL_CHI,CHI,DAL,Kyle Monangai,00-0040236,RB,tgt,1.912,0.0,1.0,2.0,3.0,4.0
2025_03_DAL_CHI,CHI,DAL,Kyle Monangai,00-0040236,RB,rec,1.504,0.0,0.0,1.0,2.0,4.0
2025_03_DAL_CHI,CHI,DAL,Kyle Monangai,00-0040236,RB,rec_yds,10.855,0.0,0.0,6.091,16.334,29.344
2025_03_DAL_CHI,CHI,DAL,Kyle Monangai,00-0040236,RB,anytime_td,0.119,0.0,0.0,0.0,0.0,1.0
2025_03_DAL_CHI,CHI,DAL,Colston Loveland,00-0040126,TE,car,0.002,0.0,0.0,0.0,0.0,0.0
2025_03_DAL_CHI,CHI,DAL,Colston Loveland,00-0040126,TE,rush_yds,0.006,0.0,0.0,0.0,0.0,0.0
2025_03_DAL_CHI,CHI,DAL,Colston Loveland,00-0040126,TE,tgt,1.372,0.0,0.0,1.0,2.0,3.0
2025_03_DAL_CHI,CHI,DAL,Colston Loveland,00-0040126,TE,rec,1.022,0.0,0.0,1.0,2.0,3.0
2025_03_DAL_CHI,CHI,DAL,Colston Loveland,00-0040126,TE,rec_yds,10.01,0.0,0.0,4.157,15.303,28.998
2025_03_DAL_CHI,CHI,DAL,Colston Loveland,00-0040126,TE,anytime_td,0.037,0.0,0.0,0.0,0.0,0.0
2025_03_DAL_CHI,DAL,CHI,Jalen Tolbert,00-0037666,WR,car,0.015,0.0,0.0,0.0,0.0,0.0
2025_03_DAL_CHI,DAL,CHI,Jalen Tolbert,00-0037666,WR,rush_yds,0.08,0.0,0.0,0.0,0.0,0.0
2025_03_DAL_CHI,DAL,CHI,Jalen Tolbert,00-0037666,WR,tgt,2.91,0.0,1.0,2.0,4.0,6.0
2025_03_DAL_CHI,DAL,CHI,Jalen Tolbert,00-0037666,WR,rec,1.808,0.0,1.0,1.0,3.0,4.0
2025_03_DAL_CHI,DAL,CHI,Jalen Tolbert,00-0037666,WR,rec_yds,22.261,0.0,2.899,15.333,33.305,55.437
2025_03_DAL_CHI,DAL,CHI,Jalen Tolbert,00-0037666,WR,anytime_td,0.189,0.0,0.0,0.0,0.0,1.0
2025_03_DAL_CHI,DAL,CHI,Dak Prescott,00-0033077,QB,att,32.169,22.0,27.0,33.0,38.0,43.0
2025_03_DAL_CHI,DAL,CHI,Dak Prescott,00-0033077,QB,cmp,21.301,14.0,18.0,22.0,26.0,29.0
2025_03_DAL_CHI,DAL,CHI,Dak Prescott,00-0033077,QB,pass_yds,231.166,135.315,182.73,230.123,281.561,332.206
2025_03_DAL_CHI,DAL,CHI,Dak Prescott,00-0033077,QB,pass_td,1.34,0.0,1.0,1.0,2.0,3.0
2025_03_DAL_CHI,DAL,CHI,Dak Prescott,00-0033077,QB,ints,0.666,0.0,0.0,0.0,1.0,2.0
2025_03_DAL_CHI,DAL,CHI,Dak Prescott,00-0033077,QB,car,2.669,0.0,1.0,2.0,4.0,6.0
2025_03_DAL_CHI,DAL,CHI,Dak Prescott,00-0033077,QB,rush_yds,10.83,-1.0,0.0,6.932,16.826,28.662
2025_03_DAL_CHI,DAL,CHI,Dak Prescott,00-0033077,QB,tgt,0.001,0.0,0.0,0.0,0.0,0.0
2025_03_DAL_CHI,DAL,CHI,Dak Prescott,00-0033077,QB,rec,0.0,0.0,0.0,0.0,0.0,0.0
2025_03_DAL_CHI,DAL,CHI,Dak Prescott,00-0033077,QB,rec_yds,0.002,0.0,0.0,0.0,0.0,0.0
2025_03_DAL_CHI,DAL,CHI,Dak Prescott,00-0033077,QB,anytime_td,0.055,0.0,0.0,0.0,0.0,0.0
2025_03_DAL_CHI,DAL,CHI,George Pickens,00-0037247,WR,car,0.065,0.0,0.0,0.0,0.0,0.0
2025_03_DAL_CHI,DAL,CHI,George Pickens,00-0037247,WR,rush_yds,0.373,0.0,0.0,0.0,0.0,0.0
2025_03_DAL_CHI,DAL,CHI,George Pickens,00-0037247,WR,tgt,5.185,2.0,3.0,5.0,7.0,9.0
2025_03_DAL_CHI,DAL,CHI,George Pickens,00-0037247,WR,rec,3.256,1.0,2.0,3.0,5.0,6.0
2025_03_DAL_CHI,DAL,CHI,George Pickens,00-0037247,WR,rec_yds,42.765,5.147,17.089,35.727,61.682,88.655
2025_03_DAL_CHI,DAL,CHI,George Pickens,00-0037247,WR,anytime_td,0.305,0.0,0.0,0.0,1.0,1.0
2025_03_DAL_CHI,DAL,CHI,KaVontae Turpin,00-0037801,WR,car,1.702,0.0,0.0,1.0,2.0,5.0
2025_03_DAL_CHI,DAL,CHI,KaVontae Turpin,00-0037801,WR,rush_yds,9.393,0.0,0.0,0.908,12.85,30.492
2025_03_DAL_CHI,DAL,CHI,KaVontae Turpin,00-0037801,WR,tgt,2.424,0.0,1.0,2.0,3.0,5.0
2025_03_DAL_CHI,DAL,CHI,KaVontae Turpin,00-0037801,WR,rec,1.631,0.0,0.0,1.0,2.0,4.0
2025_03_DAL_CHI,DAL,CHI,KaVontae Turpin,00-0037801,WR,rec_yds,20.569,0.0,0.0,13.316,30.886,52.375
2025_03_DAL_CHI,DAL,CHI,KaVontae Turpin,00-0037801,WR,anytime_td,0.209,0.0,0.0,0.0,0.0,1.0
2025_03_DAL_CHI,DAL,CHI,Javonte Williams,00-0036997,RB,car,14.279,7.0,10.0,14.0,18.0,23.0
2025_03_DAL_CHI,DAL,CHI,Javonte Williams,00-0036997,RB,rush_yds,60.342,19.906,33.896,53.614,79.716,109.32
2025_03_DAL_CHI,DAL,CHI,Javonte Williams,00-0036997,RB,tgt,3.513,1.0,2.0,3.0,5.0,7.0
2025_03_DAL_CHI,DAL,CHI,Javonte Williams,00-0036997,RB,rec,2.77,0.0,1.0,2.0,4.0,5.0
2025_03_DAL_CHI,DAL,CHI,Javonte Williams,00-0036997,RB,rec_yds,19.344,0.0,5.172,14.713,28.5,44.446
2025_03_DAL_CHI,DAL,CHI,Javonte Williams,00-0036997,RB,anytime_td,0.412,0.0,0.0,0.0,1.0,1.0
2025_03_DAL_CHI,DAL,CHI,Jake Ferguson,00-0038041,TE,car,0.0,0.0,0.0,0.0,0.0,0.0
2025_03_DAL_CHI,DAL,CHI,Jake Ferguson,00-0038041,TE,rush_yds,0.0,0.0,0.0,0.0,0.0,0.0
2025_03_DAL_CHI,DAL,CHI,Jake Ferguson,00-0038041,TE,tgt,5.691,2.0,3.0,5.0,8.0,10.0
2025_03_DAL_CHI,DAL,CHI,Jake Ferguson,00-0038041,TE,rec,4.145,1.0,2.0,4.0,6.0,7.0
2025_03_DAL_CHI,DAL,CHI,Jake Ferguson,00-0038041,TE,rec_yds,38.659,7.553,18.245,33.973,53.435,75.345
2025_03_DAL_CHI,DAL,CHI,Jake Ferguson,00-0038041,TE,anytime_td,0.113,0.0,0.0,0.0,0.0,1.0
2025_03_DAL_CHI,DAL,CHI,Luke Schoonmaker,00-0038547,TE,car,0.003,0.0,0.0,0.0,0.0,0.0
2025_03_DAL_CHI,DAL,CHI,Luke Schoonmaker,00-0038547,TE,rush_yds,0.007,0.0,0.0,0.0,0.0,0.0
2025_03_DAL_CHI,DAL,CHI,Luke Schoonmaker,00-0038547,TE,tgt,1.428,0.0,0.0,1.0,2.0,3.0
2025_03_DAL_CHI,DAL,CHI,Luke Schoonmaker,00-0038547,TE,rec,0.977,0.0,0.0,1.0,2.0,3.0
2025_03_DAL_CHI,DAL,CHI,Luke Schoonmaker,00-0038547,TE,rec_yds,9.95,0.0,0.0,3.994,14.915,29.025
2025_03_DAL_CHI,DAL,CHI,Luke Schoonmaker,00-0038547,TE,anytime_td,0.043,0.0,0.0,0.0,0.0,0.0
2025_03_DAL_CHI,DAL,CHI,Miles Sanders,00-0035243,RB,car,6.287,1.0,3.0,5.0,9.0,12.0
2025_03_DAL_CHI,DAL,CHI,Miles Sanders,00-0035243,RB,rush_yds,27.836,2.127,9.134,21.216,39.385,62.686
2025_03_DAL_CHI,DAL,CHI,Miles Sanders,00-0035243,RB,tgt,1.547,0.0,0.0,1.0,2.0,4.0
2025_03_DAL_CHI,DAL,CHI,Miles Sanders,00-0035243,RB,rec,1.241,0.0,0.0,1.0,2.0,3.0
2025_03_DAL_CHI,DAL,CHI,Miles Sanders,00-0035243,RB,rec_yds,8.531,0.0,0.0,3.818,12.961,25.073
2025_03_DAL_CHI,DAL,CHI,Miles Sanders,00-0035243,RB,anytime_td,0.256,0.0,0.0,0.0,1.0,1.0
2025_03_DAL_CHI,DAL,CHI,Ryan Flournoy,00-0039410,WR,car,0.019,0.0,0.0,0.0,0.0,0.0
2025_03_DAL_CHI,DAL,CHI,Ryan Flournoy,00-0039410,WR,rush_yds,0.101,0.0,0.0,0.0,0.0,0.0
2025_03_DAL_CHI,DAL,CHI,Ryan Flournoy,00-0039410,WR,tgt,0.849,0.0,0.0,0.0,1.0,2.0
2025_03_DAL_CHI,DAL,CHI,Ryan Flournoy,00-0039410,WR,rec,0.55,0.0,0.0,0.0,1.0,2.0
2025_03_DAL_CHI,DAL,CHI,Ryan Flournoy,00-0039410,WR,rec_yds,6.937,0.0,0.0,0.0,8.697,23.401
2025_03_DAL_CHI,DAL,CHI,Ryan Flournoy,00-0039410,WR,anytime_td,0.014,0.0,0.0,0.0,0.0,0.0
2025_03_DAL_CHI,DAL,CHI,Brevyn Spann-Ford,00-0039530,TE,car,0.001,0.0,0.0,0.0,0.0,0.0
2025_03_DAL_CHI,DAL,CHI,Brevyn Spann-Ford,00-0039530,TE,rush_yds,0.001,0.0,0.0,0.0,0.0,0.0
2025_03_DAL_CHI,DAL,CHI,Brevyn Spann-Ford,00-0039530,TE,tgt,0.687,0.0,0.0,0.0,1.0,2.0
2025_03_DAL_CHI,DAL,CHI,Brevyn Spann-Ford,00-0039530,TE,rec,0.5,0.0,0.0,0.0,1.0,2.0
2025_03_DAL_CHI,DAL,CHI,Brevyn Spann-Ford,00-0039530,TE,rec_yds,4.97,0.0,0.0,0.0,6.665,17.293
2025_03_DAL_CHI,DAL,CHI,Brevyn Spann-Ford,00-0039530,TE,anytime_td,0.013,0.0,0.0,0.0,0.0,0.0
2025_03_DAL_CHI,DAL,CHI,Hunter Luepke,00-0038738,RB,car,0.888,0.0,0.0,0.0,1.0,3.0
2025_03_DAL_CHI,DAL,CHI,Hunter Luepke,00-0038738,RB,rush_yds,3.69,0.0,0.0,0.0,3.233,12.129
2025_03_DAL_CHI,DAL,CHI,Hunter Luepke,00-0038738,RB,tgt,0.41,0.0,0.0,0.0,1.0,1.0
2025_03_DAL_CHI,DAL,CHI,Hunter Luepke,00-0038738,RB,rec,0.316,0.0,0.0,0.0,0.0,1.0
2025_03_DAL_CHI,DAL,CHI,Hunter Luepke,00-0038738,RB,rec_yds,2.347,0.0,0.0,0.0,0.0,8.34
2025_03_DAL_CHI,DAL,CHI,Hunter Luepke,00-0038738,RB,anytime_td,0.02,0.0,0.0,0.0,0.0,0.0
2025_03_DAL_CHI,DAL,CHI,CeeDee Lamb,00-0036358,WR,car,0.441,0.0,0.0,0.0,0.0,1.0
2025_03_DAL_CHI,DAL,CHI,CeeDee Lamb,00-0036358,WR,rush_yds,2.302,0.0,0.0,0.0,0.0,7.158
2025_03_DAL_CHI,DAL,CHI,CeeDee Lamb,00-0036358,WR,tgt,8.136,4.0,6.0,8.0,10.0,13.0
2025_03_DAL_CHI,DAL,CHI,CeeDee Lamb,00-0036358,WR,rec,5.438,2.0,3.0,5.0,7.0,9.0
2025_03_DAL_CHI,DAL,CHI,CeeDee Lamb,00-0036358,WR,rec_yds,69.351,20.128,37.892,62.477,95.016,127.279
2025_03_DAL_CHI,DAL,CHI,CeeDee Lamb,00-0036358,WR,anytime_td,0.233,0.0,0.0,0.0,0.0,1.0
2025_03_DEN_LAC,LAC,DEN,Justin Herbert,00-0036355,QB,att,30.466,21.0,26.0,31.0,36.0,41.0
2025_03_DEN_LAC,LAC,DEN,Justin Herbert,00-0036355,QB,cmp,20.383,13.0,17.0,21.0,25.0,28.0
2025_03_DEN_LAC,LAC,DEN,Justin Herbert,00-0036355,QB,pass_yds,237.079,138.405,188.312,238.079,289.989,341.341
2025_03_DEN_LAC,LAC,DEN,Justin Herbert,00-0036355,QB,pass_td,1.79,0.0,1.0,2.0,3.0,3.0
2025_03_DEN_LAC,LAC,DEN,Justin Herbert,00-0036355,QB,ints,0.599,0.0,0.0,0.0,1.0,2.0
2025_03_DEN_LAC,LAC,DEN,Justin Herbert,00-0036355,QB,car,4.597,1.0,3.0,4.0,6.0,8.0
2025_03_DEN_LAC,LAC,DEN,Justin Herbert,00-0036355,QB,rush_yds,22.102,0.0,7.465,18.13,32.411,48.118
2025_03_DEN_LAC,LAC,DEN,Justin Herbert,00-0036355,QB,tgt,0.001,0.0,0.0,0.0,0.0,0.0
2025_03_DEN_LAC,LAC,DEN,Justin Herbert,00-0036355,QB,rec,0.001,0.0,0.0,0.0,0.0,0.0
2025_03_DEN_LAC,LAC,DEN,Justin Herbert,00-0036355,QB,rec_yds,0.01,0.0,0.0,0.0,0.0,0.0
2025_03_DEN_LAC,LAC,DEN,Justin Herbert,00-0036355,QB,anytime_td,0.105,0.0,0.0,0.0,0.0,1.0
2025_03_DEN_LAC,LAC,DEN,Ladd McConkey,00-0039915,WR,car,0.013,0.0,0.0,0.0,0.0,0.0
2025_03_DEN_LAC,LAC,DEN,Ladd McConkey,00-0039915,WR,rush_yds,0.07,0.0,0.0,0.0,0.0,0.0
2025_03_DEN_LAC,LAC,DEN,Ladd McConkey,00-0039915,WR,tgt,6.994,3.0,5.0,7.0,9.0,11.0
2025_03_DEN_LAC,LAC,DEN,Ladd McConkey,00-0039915,WR,rec,4.98,2.0,3.0,5.0,7.0,9.0
2025_03_DEN_LAC,LAC,DEN,Ladd McConkey,00-0039915,WR,rec_yds,65.602,17.55,33.619,59.05,89.538,122.073
2025_03_DEN_LAC,LAC,DEN,Ladd McConkey,00-0039915,WR,anytime_td,0.275,0.0,0.0,0.0,1.0,1.0
2025_03_DEN_LAC,LAC,DEN,Quentin Johnston,00-0038544,WR,car,0.33,0.0,0.0,0.0,0.0,1.0
2025_03_DEN_LAC,LAC,DEN,Quentin Johnston,00-0038544,WR,rush_yds,1.799,0.0,0.0,0.0,0.0,3.715
2025_03_DEN_LAC,LAC,DEN,Quentin Johnston,00-0038544,WR,tgt,6.287,3.0,4.0,6.0,8.0,10.0
2025_03_DEN_LAC,LAC,DEN,Quentin Johnston,00-0038544,WR,rec,3.955,1.0,2.0,4.0,5.0,7.0
2025_03_DEN_LAC,LAC,DEN,Quentin Johnston,00-0038544,WR,rec_yds,53.065,10.091,24.274,46.393,74.232,103.504
2025_03_DEN_LAC,LAC,DEN,Quentin Johnston,00-0038544,WR,anytime_td,0.431,0.0,0.0,0.0,1.0,1.0
2025_03_DEN_LAC,LAC,DEN,Omarion Hampton,00-0040666,RB,car,10.278,4.0,6.0,10.0,14.0,17.0
2025_03_DEN_LAC,LAC,DEN,Omarion Hampton,00-0040666,RB,rush_yds,43.362,10.639,20.851,37.356,58.815,84.388
2025_03_DEN_LAC,LAC,DEN,Omarion Hampton,00-0040666,RB,tgt,1.637,0.0,0.0,1.0,2.0,4.0
2025_03_DEN_LAC,LAC,DEN,Omarion Hampton,00-0040666,RB,rec,1.312,0.0,0.0,1.0,2.0,3.0
2025_03_DEN_LAC,LAC,DEN,Omarion Hampton,00-0040666,RB,rec_yds,9.038,0.0,0.0,4.589,13.3,25.782
2025_03_DEN_LAC,LAC,DEN,Omarion Hampton,00-0040666,RB,anytime_td,0.352,0.0,0.0,0.0,1.0,1.0
2025_03_DEN_LAC,LAC,DEN,Keenan Allen,00-0030279,WR,car,0.016,0.0,0.0,0.0,0.0,0.0
2025_03_DEN_LAC,LAC,DEN,Keenan Allen,00-0030279,WR,rush_yds,0.103,0.0,0.0,0.0,0.0,0.0
2025_03_DEN_LAC,LAC,DEN,Keenan Allen,00-0030279,WR,tgt,7.302,3.0,5.0,7.0,9.0,12.0
2025_03_DEN_LAC,LAC,DEN,Keenan Allen,00-0030279,WR,rec,4.893,2.0,3.0,5.0,7.0,8.0
2025_03_DEN_LAC,LAC,DEN,Keenan Allen,00-0030279,WR,rec_yds,58.114,15.557,30.172,52.255,79.43,108.104
2025_03_DEN_LAC,LAC,DEN,Keenan Allen,00-0030279,WR,anytime_td,0.433,0.0,0.0,0.0,1.0,1.0
2025_03_DEN_LAC,LAC,DEN,Tucker Fisk,00-0037654,TE,car,0.005,0.0,0.0,0.0,0.0,0.0
2025_03_DEN_LAC,LAC,DEN,Tucker Fisk,00-0037654,TE,rush_yds,0.011,0.0,0.0,0.0,0.0,0.0
2025_03_DEN_LAC,LAC,DEN,Tucker Fisk,00-0037654,TE,tgt,0.793,0.0,0.0,0.0,1.0,2.0
2025_03_DEN_LAC,LAC,DEN,Tucker Fisk,00-0037654,TE,rec,0.603,0.0,0.0,0.0,1.0,2.0
2025_03_DEN_LAC,LAC,DEN,Tucker Fisk,00-0037654,TE,rec_yds,5.967,0.0,0.0,0.0,8.517,20.18
2025_03_DEN_LAC,LAC,DEN,Tucker Fisk,00-0037654,TE,anytime_td,0.026,0.0,0.0,0.0,0.0,0.0
2025_03_DEN_LAC,LAC,DEN,Tre Harris,00-0040727,WR,car,0.031,0.0,0.0,0.0,0.0,0.0
2025_03_DEN_LAC,LAC,DEN,Tre Harris,00-0040727,WR,rush_yds,0.231,0.0,0.0,0.0,0.0,0.0
2025_03_DEN_LAC,LAC,DEN,Tre Harris,00-0040727,WR,tgt,1.935,0.0,1.0,2.0,3.0,4.0
2025_03_DEN_LAC,LAC,DEN,Tre Harris,00-0040727,WR,rec,1.267,0.0,0.0,1.0,2.0,3.0
2025_03_DEN_LAC,LAC,DEN,Tre Harris,00-0040727,WR,rec_yds,16.004,0.0,0.0,8.969,23.89,43.186
2025_03_DEN_LAC,LAC,DEN,Tre Harris,00-0040727,WR,anytime_td,0.054,0.0,0.0,0.0,0.0,0.0
2025_03_DEN_LAC,LAC,DEN,Tyler Conklin,00-0034270,TE,car,0.269,0.0,0.0,0.0,0.0,1.0
2025_03_DEN_LAC,LAC,DEN,Tyler Conklin,00-0034270,TE,rush_yds,0.619,0.0,0.0,0.0,0.0,0.889
2025_03_DEN_LAC,LAC,DEN,Tyler Conklin,00-0034270,TE,tgt,2.297,0.0,1.0,2.0,3.0,5.0
2025_03_DEN_LAC,LAC,DEN,Tyler Conklin,00-0034270,TE,rec,1.735,0.0,1.0,1.0,3.0,4.0
2025_03_DEN_LAC,LAC,DEN,Tyler Conklin,00-0034270,TE,rec_yds,18.74,0.0,0.0,12.553,28.134,47.275
2025_03_DEN_LAC,LAC,DEN,Tyler Conklin,00-0034270,TE,anytime_td,0.133,0.0,0.0,0.0,0.0,1.0
2025_03_DEN_LAC,LAC,DEN,Oronde Gadsden II,00-0040189,TE,car,0.009,0.0,0.0,0.0,0.0,0.0
2025_03_DEN_LAC,LAC,DEN,Oronde Gadsden II,00-0040189,TE,rush_yds,0.016,0.0,0.0,0.0,0.0,0.0
2025_03_DEN_LAC,LAC,DEN,Oronde Gadsden II,00-0040189,TE,tgt,0.73,0.0,0.0,0.0,1.0,2.0
2025_03_DEN_LAC,LAC,DEN,Oronde Gadsden II,00-0040189,TE,rec,0.538,0.0,0.0,0.0,1.0,2.0
2025_03_DEN_LAC,LAC,DEN,Oronde Gadsden II,00-0040189,TE,rec_yds,5.606,0.0,0.0,0.0,7.767,19.592
2025_03_DEN_LAC,LAC,DEN,Oronde Gadsden II,00-0040189,TE,anytime_td,0.036,0.0,0.0,0.0,0.0,0.0
2025_03_DEN_LAC,LAC,DEN,Najee Harris,00-0036893,RB,car,8.068,3.0,4.0,7.0,11.0,15.0
2025_03_DEN_LAC,LAC,DEN,Najee Harris,00-0036893,RB,rush_yds,35.043,5.851,14.377,28.5,48.321,72.15
2025_03_DEN_LAC,LAC,DEN,Najee Harris,00-0036893,RB,tgt,1.851,0.0,1.0,1.0,3.0,4.0
2025_03_DEN_LAC,LAC,DEN,Najee Harris,00-0036893,RB,rec,1.518,0.0,0.0,1.0,2.0,4.0
2025_03_DEN_LAC,LAC,DEN,Najee Harris,00-0036893,RB,rec_yds,11.274,0.0,0.0,6.64,17.023,30.28
2025_03_DEN_LAC,LAC,DEN,Najee Harris,00-0036893,RB,anytime_td,0.3,0.0,0.0,0.0,1.0,1.0
2025_03_DEN_LAC,LAC,DEN,Hassan Haskins,00-0037617,RB,car,1.884,0.0,0.0,1.0,3.0,5.0
2025_03_DEN_LAC,LAC,DEN,Hassan Haskins,00-0037617,RB,rush_yds,8.172,0.0,0.0,2.727,11.29,23.64
2025_03_DEN_LAC,LAC,DEN,Hassan Haskins,00-0037617,RB,tgt,0.285,0.0,0.0,0.0,0.0,1.0
2025_03_DEN_LAC,LAC,DEN,Hassan Haskins,00-0037617,RB,rec,0.232,0.0,0.0,0.0,0.0,1.0
2025_03_DEN_LAC,LAC,DEN,Hassan Haskins,00-0037617,RB,rec_yds,1.687,0.0,0.0,0.0,0.0,5.753
2025_03_DEN_LAC,LAC,DEN,Hassan Haskins,00-0037617,RB,anytime_td,0.123,0.0,0.0,0.0,0.0,1.0
2025_03_DEN_LAC,LAC,DEN,Derius Davis,00-0038573,WR,car,0.636,0.0,0.0,0.0,1.0,2.0
2025_03_DEN_LAC,LAC,DEN,Derius Davis,00-0038573,WR,rush_yds,3.529,0.0,0.0,0.0,0.0,11.808
2025_03_DEN_LAC,LAC,DEN,Derius Davis,00-0038573,WR,tgt,0.832,0.0,0.0,0.0,1.0,2.0
2025_03_DEN_LAC,LAC,DEN,Derius Davis,00-0038573,WR,rec,0.553,0.0,0.0,0.0,1.0,2.0
2025_03_DEN_LAC,LAC,DEN,Derius Davis,00-0038573,WR,rec_yds,6.631,0.0,0.0,0.0,8.569,22.564
2025_03_DEN_LAC,LAC,DEN,Derius Davis,00-0038573,WR,anytime_td,0.075,0.0,0.0,0.0,0.0,0.0
2025_03_DEN_LAC,DEN,LAC,Bo Nix,00-0039732,QB,att,32.71,22.0,28.0,33.0,39.0,44.0
2025_03_DEN_LAC,DEN,LAC,Bo Nix,00-0039732,QB,cmp,21.263,14.0,18.0,22.0,26.0,29.0
2025_03_DEN_LAC,DEN,LAC,Bo Nix,00-0039732,QB,pass_yds,219.548,128.445,171.958,219.455,268.138,319.934
2025_03_DEN_LAC,DEN,LAC,Bo Nix,00-0039732,QB,pass_td,1.326,0.0,0.0,1.0,2.0,3.0
2025_03_DEN_LAC,DEN,LAC,Bo Nix,00-0039732,QB,ints,0.798,0.0,0.0,1.0,1.0,2.0
2025_03_DEN_LAC,DEN,LAC,Bo Nix,00-0039732,QB,car,4.589,1.0,2.0,4.0,6.0,9.0
2025_03_DEN_LAC,DEN,LAC,Bo Nix,00-0039732,QB,rush_yds,23.296,1.031,8.639,19.596,33.282,49.649
2025_03_DEN_LAC,DEN,LAC,Bo Nix,00-0039732,QB,tgt,0.0,0.0,0.0,0.0,0.0,0.0
2025_03_DEN_LAC,DEN,LAC,Bo Nix,00-0039732,QB,rec,0.0,0.0,0.0,0.0,0.0,0.0
2025_03_DEN_LAC,DEN,LAC,Bo Nix,00-0039732,QB,rec_yds,0.001,0.0,0.0,0.0,0.0,0.0
2025_03_DEN_LAC,DEN,LAC,Bo Nix,00-0039732,QB,anytime_td,0.089,0.0,0.0,0.0,0.0,0.0
2025_03_DEN_LAC,DEN,LAC,Courtland Sutton,00-0034348,WR,car,0.01,0.0,0.0,0.0,0.0,0.0
2025_03_DEN_LAC,DEN,LAC,Courtland Sutton,00-0034348,WR,rush_yds,0.057,0.0,0.0,0.0,0.0,0.0
2025_03_DEN_LAC,DEN,LAC,Courtland Sutton,00-0034348,WR,tgt,8.161,4.0,6.0,8.0,10.0,13.0
2025_03_DEN_LAC,DEN,LAC,Courtland Sutton,00-0034348,WR,rec,4.932,2.0,3.0,5.0,6.0,8.0
2025_03_DEN_LAC,DEN,LAC,Courtland Sutton,00-0034348,WR,rec_yds,59.806,16.805,31.92,52.945,81.398,111.851
2025_03_DEN_LAC,DEN,LAC,Courtland Sutton,00-0034348,WR,anytime_td,0.27,0.0,0.0,0.0,1.0,1.0
2025_03_DEN_LAC,DEN,LAC,Troy Franklin,00-0039868,WR,car,0.245,0.0,0.0,0.0,0.0,1.0
2025_03_DEN_LAC,DEN,LAC,Troy Franklin,00-0039868,WR,rush_yds,1.317,0.0,0.0,0.0,0.0,1.022
2025_03_DEN_LAC,DEN,LAC,Troy Franklin,00-0039868,WR,tgt,5.983,2.0,4.0,6.0,8.0,10.0
2025_03_DEN_LAC,DEN,LAC,Troy Franklin,00-0039868,WR,rec,3.944,1.0,2.0,4.0,5.0,7.0
2025_03_DEN_LAC,DEN,LAC,Troy Franklin,00-0039868,WR,rec_yds,46.819,8.591,21.349,40.344,65.007,93.004
2025_03_DEN_LAC,DEN,LAC,Troy Franklin,00-0039868,WR,anytime_td,0.215,0.0,0.0,0.0,0.0,1.0
2025_03_DEN_LAC,DEN,LAC,J.K. Dobbins,00-0036158,RB,car,12.028,5.0,8.0,11.0,16.0,20.0
2025_03_DEN_LAC,DEN,LAC,J.K. Dobbins,00-0036158,RB,rush_yds,48.34,14.56,25.194,41.858,64.518,91.377
2025_03_DEN_LAC,DEN,LAC,J.K. Dobbins,00-0036158,RB,tgt,2.515,0.0,1.0,2.0,4.0,5.0
2025_03_DEN_LAC,DEN,LAC,J.K. Dobbins,00-0036158,RB,rec,1.968,0.0,1.0,2.0,3.0,4.0
2025_03_DEN_LAC,DEN,LAC,J.K. Dobbins,00-0036158,RB,rec_yds,13.37,0.0,0.914,8.859,19.652,34.013
2025_03_DEN_LAC,DEN,LAC,J.K. Dobbins,00-0036158,RB,anytime_td,0.39,0.0,0.0,0.0,1.0,1.0
2025_03_DEN_LAC,DEN,LAC,Marvin Mims Jr.,00-0038976,WR,car,0.513,0.0,0.0,0.0,0.0,2.0
2025_03_DEN_LAC,DEN,LAC,Marvin Mims Jr.,00-0038976,WR,rush_yds,2.707,0.0,0.0,0.0,0.0,9.331
2025_03_DEN_LAC,DEN,LAC,Marvin Mims Jr.,00-0038976,WR,tgt,4.126,1.0,2.0,4.0,6.0,8.0
2025_03_DEN_LAC,DEN,LAC,Marvin Mims Jr.,00-0038976,WR,rec,2.79,1.0,1.0,2.0,4.0,5.0
2025_03_DEN_LAC,DEN,LAC,Marvin Mims Jr.,00-0038976,WR,rec_yds,32.343,0.0,11.198,25.709,46.925,71.302
2025_03_DEN_LAC,DEN,LAC,Marvin Mims Jr.,00-0038976,WR,anytime_td,0.239,0.0,0.0,0.0,0.0,1.0
2025_03_DEN_LAC,DEN,LAC,Trent Sherfield,00-0034487,WR,car,0.014,0.0,0.0,0.0,0.0,0.0
2025_03_DEN_LAC,DEN,LAC,Trent Sherfield,00-0034487,WR,rush_yds,0.048,0.0,0.0,0.0,0.0,0.0
2025_03_DEN_LAC,DEN,LAC,Trent Sherfield,00-0034487,WR,tgt,1.15,0.0,0.0,1.0,2.0,3.0
2025_03_DEN_LAC,DEN,LAC,Trent Sherfield,00-0034487,WR,rec,0.745,0.0,0.0,0.0,1.0,2.0
2025_03_DEN_LAC,DEN,LAC,Trent Sherfield,00-0034487,WR,rec_yds,8.724,0.0,0.0,0.0,12.972,26.888
2025_03_DEN_LAC,DEN,LAC,Trent Sherfield,00-0034487,WR,anytime_td,0.025,0.0,0.0,0.0,0.0,0.0
2025_03_DEN_LAC,DEN,LAC,Lucas Krull,00-0037539,TE,car,0.004,0.0,0.0,0.0,0.0,0.0
2025_03_DEN_LAC,DEN,LAC,Lucas Krull,00-0037539,TE,rush_yds,0.012,0.0,0.0,0.0,0.0,0.0
2025_03_DEN_LAC,DEN,LAC,Lucas Krull,00-0037539,TE,tgt,1.447,0.0,0.0,1.0,2.0,4.0
2025_03_DEN_LAC,DEN,LAC,Lucas Krull,00-0037539,TE,rec,1.022,0.0,0.0,1.0,2.0,3.0
2025_03_DEN_LAC,DEN,LAC,Lucas Krull,00-0037539,TE,rec_yds,9.762,0.0,0.0,4.159,14.93,28.149
2025_03_DEN_LAC,DEN,LAC,Lucas Krull,00-0037539,TE,anytime_td,0.018,0.0,0.0,0.0,0.0,0.0
2025_03_DEN_LAC,DEN,LAC,Adam Trautman,00-0036422,TE,car,0.002,0.0,0.0,0.0,0.0,0.0
2025_03_DEN_LAC,DEN,LAC,Adam Trautman,00-0036422,TE,rush_yds,0.004,0.0,0.0,0.0,0.0,0.0
2025_03_DEN_LAC,DEN,LAC,Adam Trautman,00-0036422,TE,tgt,1.941,0.0,1.0,2.0,3.0,4.0
2025_03_DEN_LAC,DEN,LAC,Adam Trautman,00-0036422,TE,rec,1.418,0.0,0.0,1.0,2.0,3.0
2025_03_DEN_LAC,DEN,LAC,Adam Trautman,00-0036422,TE,rec_yds,13.294,0.0,0.0,8.211,20.37,34.625
2025_03_DEN_LAC,DEN,LAC,Adam Trautman,00-0036422,TE,anytime_td,0.138,0.0,0.0,0.0,0.0,1.0
2025_03_DEN_LAC,DEN,LAC,Nate Adkins,00-0038783,TE,car,0.001,0.0,0.0,0.0,0.0,0.0
2025_03_DEN_LAC,DEN,LAC,Nate Adkins,00-0038783,TE,rush_yds,0.004,0.0,0.0,0.0,0.0,0.0
2025_03_DEN_LAC,DEN,LAC,Nate Adkins,00-0038783,TE,tgt,1.244,0.0,0.0,1.0,2.0,3.0
2025_03_DEN_LAC,DEN,LAC,Nate Adkins,00-0038783,TE,rec,0.904,0.0,0.0,1.0,1.0,2.1
2025_03_DEN_LAC,DEN,LAC,Nate Adkins,00-0038783,TE,rec_yds,8.955,0.0,0.0,1.785,13.764,26.528
2025_03_DEN_LAC,DEN,LAC,Nate Adkins,00-0038783,TE,anytime_td,0.074,0.0,0.0,0.0,0.0,0.0
2025_03_DEN_LAC,DEN,LAC,RJ Harvey,00-0040730,RB,car,4.637,1.0,2.0,4.0,7.0,10.0
2025_03_DEN_LAC,DEN,LAC,RJ Harvey,00-0040730,RB,rush_yds,19.694,0.0,4.352,13.431,28.231,47.761
2025_03_DEN_LAC,DEN,LAC,RJ Harvey,00-0040730,RB,tgt,1.572,0.0,0.0,1.0,2.0,4.0
2025_03_DEN_LAC,DEN,LAC,RJ Harvey,00-0040730,RB,rec,1.202,0.0,0.0,1.0,2.0,3.0
2025_03_DEN_LAC,DEN,LAC,RJ Harvey,00-0040730,RB,rec_yds,8.523,0.0,0.0,3.832,12.542,25.054
2025_03_DEN_LAC,DEN,LAC,RJ Harvey,00-0040730,RB,anytime_td,0.116,0.0,0.0,0.0,0.0,1.0
2025_03_DEN_LAC,DEN,LAC,Pat Bryant,00-0040134,WR,car,0.019,0.0,0.0,0.0,0.0,0.0
2025_03_DEN_LAC,DEN,LAC,Pat Bryant,00-0040134,WR,rush_yds,0.125,0.0,0.0,0.0,0.0,0.0
2025_03_DEN_LAC,DEN,LAC,Pat Bryant,00-0040134,WR,tgt,1.887,0.0,1.0,1.0,3.0,4.0
2025_03_DEN_LAC,DEN,LAC,Pat Bryant,00-0040134,WR,rec,1.168,0.0,0.0,1.0,2.0,3.0
2025_03_DEN_LAC,DEN,LAC,Pat Bryant,00-0040134,WR,rec_yds,14.108,0.0,0.0,7.282,20.925,40.092
2025_03_DEN_LAC,DEN,LAC,Pat Bryant,00-0040134,WR,anytime_td,0.033,0.0,0.0,0.0,0.0,0.0
2025_03_DEN_LAC,DEN,LAC,Adam Prentice,00-0036727,RB,car,0.398,0.0,0.0,0.0,0.0,1.0
2025_03_DEN_LAC,DEN,LAC,Adam Prentice,00-0036727,RB,rush_yds,1.639,0.0,0.0,0.0,0.0,4.959
2025_03_DEN_LAC,DEN,LAC,Adam Prentice,00-0036727,RB,tgt,0.513,0.0,0.0,0.0,1.0,2.0
2025_03_DEN_LAC,DEN,LAC,Adam Prentice,00-0036727,RB,rec,0.388,0.0,0.0,0.0,1.0,1.0
2025_03_DEN_LAC,DEN,LAC,Adam Prentice,00-0036727,RB,rec_yds,2.672,0.0,0.0,0.0,0.0,10.027
2025_03_DEN_LAC,DEN,LAC,Adam Prentice,00-0036727,RB,anytime_td,0.013,0.0,0.0,0.0,0.0,0.0
2025_03_DEN_LAC,DEN,LAC,Tyler Badie,00-0037085,RB,car,1.658,0.0,0.0,1.0,2.0,5.0
2025_03_DEN_LAC,DEN,LAC,Tyler Badie,00-0037085,RB,rush_yds,6.686,0.0,0.0,1.665,8.725,20.25
2025_03_DEN_LAC,DEN,LAC,Tyler Badie,00-0037085,RB,tgt,3.07,1.0,1.0,3.0,4.0,6.0
2025_03_DEN_LAC,DEN,LAC,Tyler Badie,00-0037085,RB,rec,2.272,0.0,1.0,2.0,3.0,5.0
2025_03_DEN_LAC,DEN,LAC,Tyler Badie,00-0037085,RB,rec_yds,16.504,0.0,3.064,11.72,24.107,40.115
2025_03_DEN_LAC,DEN,LAC,Tyler Badie,00-0037085,RB,anytime_td,0.093,0.0,0.0,0.0,0.0,0.0
2025_03_GB_CLE,CLE,GB,Joe Flacco,00-0026158,QB,att,34.31,23.0,29.0,35.0,41.0,46.0
2025_03_GB_CLE,CLE,GB,Joe Flacco,00-0026158,QB,cmp,21.449,14.0,18.0,22.0,26.0,30.0
2025_03_GB_CLE,CLE,GB,Joe Flacco,00-0026158,QB,pass_yds,205.558,119.477,160.84,203.737,251.075,299.07
2025_03_GB_CLE,CLE,GB,Joe Flacco,00-0026158,QB,pass_td,0.988,0.0,0.0,1.0,2.0,2.0
2025_03_GB_CLE,CLE,GB,Joe Flacco,00-0026158,QB,ints,0.84,0.0,0.0,1.0,1.0,2.0
2025_03_GB_CLE,CLE,GB,Joe Flacco,00-0026158,QB,car,1.862,0.0,1.0,1.0,3.0,4.0
2025_03_GB_CLE,CLE,GB,Joe Flacco,00-0026158,QB,rush_yds,8.705,-1.0,0.0,4.707,13.781,24.609
2025_03_GB_CLE,CLE,GB,Joe Flacco,00-0026158,QB,tgt,0.0,0.0,0.0,0.0,0.0,0.0
2025_03_GB_CLE,CLE,GB,Joe Flacco,00-0026158,QB,rec,0.0,0.0,0.0,0.0,0.0,0.0
2025_03_GB_CLE,CLE,GB,Joe Flacco,00-0026158,QB,rec_yds,0.001,0.0,0.0,0.0,0.0,0.0
2025_03_GB_CLE,CLE,GB,Joe Flacco,00-0026158,QB,anytime_td,0.008,0.0,0.0,0.0,0.0,0.0
2025_03_GB_CLE,CLE,GB,Jerry Jeudy,00-0036407,WR,car,0.011,0.0,0.0,0.0,0.0,0.0
2025_03_GB_CLE,CLE,GB,Jerry Jeudy,00-0036407,WR,rush_yds,0.047,0.0,0.0,0.0,0.0,0.0
2025_03_GB_CLE,CLE,GB,Jerry Jeudy,00-0036407,WR,tgt,7.311,3.0,5.0,7.0,9.0,12.0
2025_03_GB_CLE,CLE,GB,Jerry Jeudy,00-0036407,WR,rec,4.267,1.0,3.0,4.0,6.0,7.0
2025_03_GB_CLE,CLE,GB,Jerry Jeudy,00-0036407,WR,rec_yds,51.402,10.925,24.507,45.059,71.249,99.572
2025_03_GB_CLE,CLE,GB,Jerry Jeudy,00-0036407,WR,anytime_td,0.136,0.0,0.0,0.0,0.0,1.0
2025_03_GB_CLE,CLE,GB,David Njoku,00-0033885,TE,car,0.002,0.0,0.0,0.0,0.0,0.0
2025_03_GB_CLE,CLE,GB,David Njoku,00-0033885,TE,rush_yds,0.006,0.0,0.0,0.0,0.0,0.0
2025_03_GB_CLE,CLE,GB,David Njoku,00-0033885,TE,tgt,6.267,2.0,4.0,6.0,8.0,11.0
2025_03_GB_CLE,CLE,GB,David Njoku,00-0033885,TE,rec,4.036,1.0,2.0,4.0,5.0,7.0
2025_03_GB_CLE,CLE,GB,David Njoku,00-0033885,TE,rec_yds,37.625,7.636,18.014,33.145,52.53,73.223
2025_03_GB_CLE,CLE,GB,David Njoku,00-0033885,TE,anytime_td,0.164,0.0,0.0,0.0,0.0,1.0
2025_03_GB_CLE,CLE,GB,Cedric Tillman,00-0038979,WR,car,0.049,0.0,0.0,0.0,0.0,0.0
2025_03_GB_CLE,CLE,GB,Cedric Tillman,00-0038979,WR,rush_yds,0.252,0.0,0.0,0.0,0.0,0.0
2025_03_GB_CLE,CLE,GB,Cedric Tillman,00-0038979,WR,tgt,5.316,2.0,3.0,5.0,7.0,9.0
2025_03_GB_CLE,CLE,GB,Cedric Tillman,00-0038979,WR,rec,2.936,1.0,1.0,3.0,4.0,6.0
2025_03_GB_CLE,CLE,GB,Cedric Tillman,00-0038979,WR,rec_yds,34.237,2.453,12.195,27.806,49.184,73.156
2025_03_GB_CLE,CLE,GB,Cedric Tillman,00-0038979,WR,anytime_td,0.25,0.0,0.0,0.0,0.25,1.0
2025_03_GB_CLE,CLE,GB,Isaiah Bond,00-0040782,WR,car,0.412,0.0,0.0,0.0,0.0,1.0
2025_03_GB_CLE,CLE,GB,Isaiah Bond,00-0040782,WR,rush_yds,2.032,0.0,0.0,0.0,0.0,6.012
2025_03_GB_CLE,CLE,GB,Isaiah Bond,00-0040782,WR,tgt,1.647,0.0,0.0,1.0,2.0,4.0
2025_03_GB_CLE,CLE,GB,Isaiah Bond,00-0040782,WR,rec,0.947,0.0,0.0,1.0,1.0,2.0
2025_03_GB_CLE,CLE,GB,Isaiah Bond,00-0040782,WR,rec_yds,10.809,0.0,0.0,4.023,15.941,32.211
2025_03_GB_CLE,CLE,GB,Isaiah Bond,00-0040782,WR,anytime_td,0.034,0.0,0.0,0.0,0.0,0.0
2025_03_GB_CLE,CLE,GB,Harold Fannin Jr.,00-0040663,TE,car,0.35,0.0,0.0,0.0,0.0,1.0
2025_03_GB_CLE,CLE,GB,Harold Fannin Jr.,00-0040663,TE,rush_yds,0.708,0.0,0.0,0.0,0.0,1.854
2025_03_GB_CLE,CLE,GB,Harold Fannin Jr.,00-0040663,TE,tgt,4.776,2.0,3.0,4.0,6.0,9.0
2025_03_GB_CLE,CLE,GB,Harold Fannin Jr.,00-0040663,TE,rec,3.389,1.0,2.0,3.0,5.0,6.0
2025_03_GB_CLE,CLE,GB,Harold Fannin Jr.,00-0040663,TE,rec_yds,32.442,4.616,13.483,27.052,46.236,67.332
2025_03_GB_CLE,CLE,GB,Harold Fannin Jr.,00-0040663,TE,anytime_td,0.081,0.0,0.0,0.0,0.0,0.0
2025_03_GB_CLE,CLE,GB,Quinshon Judkins,00-0040784,RB,car,7.429,2.0,4.0,7.0,10.0,14.0
2025_03_GB_CLE,CLE,GB,Quinshon Judkins,00-0040784,RB,rush_yds,28.39,3.956,11.365,22.377,39.087,60.197
2025_03_GB_CLE,CLE,GB,Quinshon Judkins,00-0040784,RB,tgt,1.95,0.0,1.0,2.0,3.0,4.0
2025_03_GB_CLE,CLE,GB,Quinshon Judkins,00-0040784,RB,rec,1.461,0.0,0.0,1.0,2.0,3.0
2025_03_GB_CLE,CLE,GB,Quinshon Judkins,00-0040784,RB,rec_yds,9.656,0.0,0.0,5.518,14.517,26.401
2025_03_GB_CLE,CLE,GB,Quinshon Judkins,00-0040784,RB,anytime_td,0.174,0.0,0.0,0.0,0.0,1.0
2025_03_GB_CLE,CLE,GB,Jerome Ford,00-0037267,RB,car,6.481,2.0,3.0,6.0,9.0,12.0
2025_03_GB_CLE,CLE,GB,Jerome Ford,00-0037267,RB,rush_yds,24.591,2.641,8.473,18.942,34.195,53.164
2025_03_GB_CLE,CLE,GB,Jerome Ford,00-0037267,RB,tgt,2.736,0.0,1.0,2.0,4.0,6.0
2025_03_GB_CLE,CLE,GB,Jerome Ford,00-0037267,RB,rec,2.067,0.0,1.0,2.0,3.0,4.0
2025_03_GB_CLE,CLE,GB,Jerome Ford,00-0037267,RB,rec_yds,13.27,0.0,1.529,8.723,19.715,33.254
2025_03_GB_CLE,CLE,GB,Jerome Ford,00-0037267,RB,anytime_td,0.159,0.0,0.0,0.0,0.0,1.0
2025_03_GB_CLE,CLE,GB,Jamari Thrash,00-0039379,WR,car,0.014,0.0,0.0,0.0,0.0,0.0
2025_03_GB_CLE,CLE,GB,Jamari Thrash,00-0039379,WR,rush_yds,0.058,0.0,0.0,0.0,0.0,0.0
2025_03_GB_CLE,CLE,GB,Jamari Thrash,00-0039379,WR,tgt,0.87,0.0,0.0,0.0,1.0,2.0
2025_03_GB_CLE,CLE,GB,Jamari Thrash,00-0039379,WR,rec,0.522,0.0,0.0,0.0,1.0,2.0
2025_03_GB_CLE,CLE,GB,Jamari Thrash,00-0039379,WR,rec_yds,6.228,0.0,0.0,0.0,7.787,21.128
2025_03_GB_CLE,CLE,GB,Jamari Thrash,00-0039379,WR,anytime_td,0.012,0.0,0.0,0.0,0.0,0.0
2025_03_GB_CLE,CLE,GB,Dylan Sampson,00-0040162,RB,car,6.614,2.0,3.0,6.0,9.0,13.0
2025_03_GB_CLE,CLE,GB,Dylan Sampson,00-0040162,RB,rush_yds,22.55,2.666,7.776,17.374,31.681,49.532
2025_03_GB_CLE,CLE,GB,Dylan Sampson,00-0040162,RB,tgt,3.856,1.0,2.0,3.0,5.0,7.0
2025_03_GB_CLE,CLE,GB,Dylan Sampson,00-0040162,RB,rec,3.008,1.0,1.0,3.0,4.0,6.0
2025_03_GB_CLE,CLE,GB,Dylan Sampson,00-0040162,RB,rec_yds,20.945,0.0,6.386,15.941,29.991,47.819
2025_03_GB_CLE,CLE,GB,Dylan Sampson,00-0040162,RB,anytime_td,0.274,0.0,0.0,0.0,1.0,1.0
2025_03_GB_CLE,GB,CLE,Jordan Love,00-0036264,QB,att,27.658,18.0,23.0,28.0,33.0,38.0
2025_03_GB_CLE,GB,CLE,Jordan Love,00-0036264,QB,cmp,18.462,11.0,15.0,19.0,22.0,26.0
2025_03_GB_CLE,GB,CLE,Jordan Love,00-0036264,QB,pass_yds,214.099,121.496,166.123,213.57,263.302,312.868
2025_03_GB_CLE,GB,CLE,Jordan Love,00-0036264,QB,pass_td,1.471,0.0,1.0,1.0,2.0,3.0
2025_03_GB_CLE,GB,CLE,Jordan Love,00-0036264,QB,ints,0.523,0.0,0.0,0.0,1.0,2.0
2025_03_GB_CLE,GB,CLE,Jordan Love,00-0036264,QB,car,2.679,0.0,1.0,2.0,4.0,5.0
2025_03_GB_CLE,GB,CLE,Jordan Love,00-0036264,QB,rush_yds,9.314,-1.397,0.0,5.032,15.08,26.144
2025_03_GB_CLE,GB,CLE,Jordan Love,00-0036264,QB,tgt,0.001,0.0,0.0,0.0,0.0,0.0
2025_03_GB_CLE,GB,CLE,Jordan Love,00-0036264,QB,rec,0.001,0.0,0.0,0.0,0.0,0.0
2025_03_GB_CLE,GB,CLE,Jordan Love,00-0036264,QB,rec_yds,0.007,0.0,0.0,0.0,0.0,0.0
2025_03_GB_CLE,GB,CLE,Jordan Love,00-0036264,QB,anytime_td,0.07,0.0,0.0,0.0,0.0,0.0
2025_03_GB_CLE,GB,CLE,Romeo Doubs,00-0037816,WR,car,0.012,0.0,0.0,0.0,0.0,0.0
2025_03_GB_CLE,GB,CLE,Romeo Doubs,00-0037816,WR,rush_yds,0.064,0.0,0.0,0.0,0.0,0.0
2025_03_GB_CLE,GB,CLE,Romeo Doubs,00-0037816,WR,tgt,5.266,2.0,3.0,5.0,7.0,9.0
2025_03_GB_CLE,GB,CLE,Romeo Doubs,00-0037816,WR,rec,3.37,1.0,2.0,3.0,5.0,6.0
2025_03_GB_CLE,GB,CLE,Romeo Doubs,00-0037816,WR,rec_yds,44.422,6.107,18.018,38.114,63.879,90.333
2025_03_GB_CLE,GB,CLE,Romeo Doubs,00-0037816,WR,anytime_td,0.254,0.0,0.0,0.0,1.0,1.0
2025_03_GB_CLE,GB,CLE,Tucker Kraft,00-0038996,TE,car,0.449,0.0,0.0,0.0,0.0,1.0
2025_03_GB_CLE,GB,CLE,Tucker Kraft,00-0038996,TE,rush_yds,1.048,0.0,0.0,0.0,0.0,3.192
2025_03_GB_CLE,GB,CLE,Tucker Kraft,00-0038996,TE,tgt,5.407,2.0,3.0,5.0,7.0,9.0
2025_03_GB_CLE,GB,CLE,Tucker Kraft,00-0038996,TE,rec,4.025,1.0,2.0,4.0,5.0,7.0
2025_03_GB_CLE,GB,CLE,Tucker Kraft,00-0038996,TE,rec_yds,48.985,10.142,22.843,43.797,68.353,92.608
2025_03_GB_CLE,GB,CLE,Tucker Kraft,00-0038996,TE,anytime_td,0.35,0.0,0.0,0.0,1.0,1.0
2025_03_GB_CLE,GB,CLE,Matthew Golden,00-0040667,WR,car,0.981,0.0,0.0,0.0,1.0,3.0
2025_03_GB_CLE,GB,CLE,Matthew Golden,00-0040667,WR,rush_yds,5.619,0.0,0.0,0.0,4.984,19.652
2025_03_GB_CLE,GB,CLE,Matthew Golden,00-0040667,WR,tgt,2.274,0.0,1.0,2.0,3.0,5.0
2025_03_GB_CLE,GB,CLE,Matthew Golden,00-0040667,WR,rec,1.453,0.0,0.0,1.0,2.0,3.0
2025_03_GB_CLE,GB,CLE,Matthew Golden,00-0040667,WR,rec_yds,18.353,0.0,0.0,11.713,27.384,48.258
2025_03_GB_CLE,GB,CLE,Matthew Golden,00-0040667,WR,anytime_td,0.086,0.0,0.0,0.0,0.0,0.0
2025_03_GB_CLE,GB,CLE,Dontayvion Wicks,00-0038393,WR,car,0.012,0.0,0.0,0.0,0.0,0.0
2025_03_GB_CLE,GB,CLE,Dontayvion Wicks,00-0038393,WR,rush_yds,0.039,0.0,0.0,0.0,0.0,0.0
2025_03_GB_CLE,GB,CLE,Dontayvion Wicks,00-0038393,WR,tgt,4.963,2.0,3.0,5.0,7.0,9.0
2025_03_GB_CLE,GB,CLE,Dontayvion Wicks,00-0038393,WR,rec,3.235,1.0,2.0,3.0,4.0,6.0
2025_03_GB_CLE,GB,CLE,Dontayvion Wicks,00-0038393,WR,rec_yds,40.335,5.371,16.249,33.79,57.432,84.532
2025_03_GB_CLE,GB,CLE,Dontayvion Wicks,00-0038393,WR,anytime_td,0.145,0.0,0.0,0.0,0.0,1.0
2025_03_GB_CLE,GB,CLE,Josh Jacobs,00-0035700,RB,car,18.408,10.0,14.0,18.0,22.0,27.0
2025_03_GB_CLE,GB,CLE,Josh Jacobs,00-0035700,RB,rush_yds,78.094,32.372,48.553,71.609,101.473,131.43
2025_03_GB_CLE,GB,CLE,Josh Jacobs,00-0035700,RB,tgt,1.677,0.0,0.0,1.0,2.0,4.0
2025_03_GB_CLE,GB,CLE,Josh Jacobs,00-0035700,RB,rec,1.378,0.0,0.0,1.0,2.0,3.0
2025_03_GB_CLE,GB,CLE,Josh Jacobs,00-0035700,RB,rec_yds,10.812,0.0,0.0,5.652,16.432,30.322
2025_03_GB_CLE,GB,CLE,Josh Jacobs,00-0035700,RB,anytime_td,0.604,0.0,0.0,1.0,1.0,1.0
2025_03_GB_CLE,GB,CLE,Malik Heath,00-0038465,WR,car,0.014,0.0,0.0,0.0,0.0,0.0
2025_03_GB_CLE,GB,CLE,Malik Heath,00-0038465,WR,rush_yds,0.092,0.0,0.0,0.0,0.0,0.0
2025_03_GB_CLE,GB,CLE,Malik Heath,00-0038465,WR,tgt,1.491,0.0,0.0,1.0,2.0,3.0
2025_03_GB_CLE,GB,CLE,Malik Heath,00-0038465,WR,rec,0.966,0.0,0.0,1.0,1.0,2.0
2025_03_GB_CLE,GB,CLE,Malik Heath,00-0038465,WR,rec_yds,13.596,0.0,0.0,5.7,19.945,39.598
2025_03_GB_CLE,GB,CLE,Malik Heath,00-0038465,WR,anytime_td,0.087,0.0,0.0,0.0,0.0,0.0
2025_03_GB_CLE,GB,CLE,Emanuel Wilson,00-0038797,RB,car,3.807,0.0,1.0,3.0,5.0,9.0
2025_03_GB_CLE,GB,CLE,Emanuel Wilson,00-0038797,RB,rush_yds,17.348,0.0,2.184,10.345,24.177,44.704
2025_03_GB_CLE,GB,CLE,Emanuel Wilson,00-0038797,RB,tgt,0.617,0.0,0.0,0.0,1.0,2.0
2025_03_GB_CLE,GB,CLE,Emanuel Wilson,00-0038797,RB,rec,0.484,0.0,0.0,0.0,1.0,2.0
2025_03_GB_CLE,GB,CLE,Emanuel Wilson,00-0038797,RB,rec_yds,3.723,0.0,0.0,0.0,3.995,13.148
2025_03_GB_CLE,GB,CLE,Emanuel Wilson,00-0038797,RB,anytime_td,0.177,0.0,0.0,0.0,0.0,1.0
2025_03_GB_CLE,GB,CLE,Luke Musgrave,00-0039144,TE,car,0.001,0.0,0.0,0.0,0.0,0.0
2025_03_GB_CLE,GB,CLE,Luke Musgrave,00-0039144,TE,rush_yds,0.001,0.0,0.0,0.0,0.0,0.0
2025_03_GB_CLE,GB,CLE,Luke Musgrave,00-0039144,TE,tgt,1.655,0.0,0.0,1.0,2.0,4.0
2025_03_GB_CLE,GB,CLE,Luke Musgrave,00-0039144,TE,rec,1.247,0.0,0.0,1.0,2.0,3.0
2025_03_GB_CLE,GB,CLE,Luke Musgrave,00-0039144,TE,rec_yds,12.967,0.0,0.0,7.382,19.566,35.669
2025_03_GB_CLE,GB,CLE,Luke Musgrave,00-0039144,TE,anytime_td,0.048,0.0,0.0,0.0,0.0,0.0
2025_03_GB_CLE,GB,CLE,Chris Brooks,00-0038685,RB,car,1.966,0.0,0.0,1.0,3.0,5.0
2025_03_GB_CLE,GB,CLE,Chris Brooks,00-0038685,RB,rush_yds,8.878,0.0,0.0,2.26,12.145,26.097
2025_03_GB_CLE,GB,CLE,Chris Brooks,00-0038685,RB,tgt,2.063,0.0,1.0,2.0,3.0,5.0
2025_03_GB_CLE,GB,CLE,Chris Brooks,00-0038685,RB,rec,1.634,0.0,0.0,1.0,2.0,4.0
2025_03_GB_CLE,GB,CLE,Chris Brooks,00-0038685,RB,rec_yds,12.052,0.0,0.0,7.467,18.136,32.345
2025_03_GB_CLE,GB,CLE,Chris Brooks,00-0038685,RB,anytime_td,0.099,0.0,0.0,0.0,0.0,0.0
2025_03_GB_CLE,GB,CLE,Savion Williams,00-0040009,WR,car,0.948,0.0,0.0,0.0,1.0,3.0
2025_03_GB_CLE,GB,CLE,Savion Williams,00-0040009,WR,rush_yds,5.396,0.0,0.0,0.0,4.477,19.078
2025_03_GB_CLE,GB,CLE,Savion Williams,00-0040009,WR,tgt,0.808,0.0,0.0,0.0,1.0,2.0
2025_03_GB_CLE,GB,CLE,Savion Williams,00-0040009,WR,rec,0.522,0.0,0.0,0.0,1.0,2.0
2025_03_GB_CLE,GB,CLE,Savion Williams,00-0040009,WR,rec_yds,6.593,0.0,0.0,0.0,8.328,22.496
2025_03_GB_CLE,GB,CLE,Savion Williams,00-0040009,WR,anytime_td,0.047,0.0,0.0,0.0,0.0,0.0
2025_03_GB_CLE,GB,CLE,Bo Melton,00-0037091,WR,car,0.358,0.0,0.0,0.0,0.0,1.0
2025_03_GB_CLE,GB,CLE,Bo Melton,00-0037091,WR,rush_yds,2.11,0.0,0.0,0.0,0.0,5.119
2025_03_GB_CLE,GB,CLE,Bo Melton,00-0037091,WR,tgt,1.603,0.0,0.0,1.0,2.0,4.0
2025_03_GB_CLE,GB,CLE,Bo Melton,00-0037091,WR,rec,1.014,0.0,0.0,1.0,2.0,3.0
2025_03_GB_CLE,GB,CLE,Bo Melton,00-0037091,WR,rec_yds,12.8,0.0,0.0,5.373,19.165,37.008
2025_03_GB_CLE,GB,CLE,Bo Melton,00-0037091,WR,anytime_td,0.06,0.0,0.0,0.0,0.0,0.0
2025_03_HOU_JAX,JAX,HOU,Trevor Lawrence,00-0036971,QB,att,30.41,20.0,26.0,31.0,36.0,41.0
2025_03_HOU_JAX,JAX,HOU,Trevor Lawrence,00-0036971,QB,cmp,19.611,12.0,16.0,20.0,24.0,27.0
2025_03_HOU_JAX,JAX,HOU,Trevor Lawrence,00-0036971,QB,pass_yds,211.463,120.107,163.363,209.761,260.643,312.83
2025_03_HOU_JAX,JAX,HOU,Trevor Lawrence,00-0036971,QB,pass_td,1.284,0.0,0.0,1.0,2.0,3.0
2025_03_HOU_JAX,JAX,HOU,Trevor Lawrence,00-0036971,QB,ints,0.718,0.0,0.0,0.0,1.0,2.0
2025_03_HOU_JAX,JAX,HOU,Trevor Lawrence,00-0036971,QB,car,3.216,1.0,1.0,3.0,4.0,6.0
2025_03_HOU_JAX,JAX,HOU,Trevor Lawrence,00-0036971,QB,rush_yds,12.392,-1.0,0.969,8.721,19.351,31.237
2025_03_HOU_JAX,JAX,HOU,Trevor Lawrence,00-0036971,QB,tgt,0.0,0.0,0.0,0.0,0.0,0.0
2025_03_HOU_JAX,JAX,HOU,Trevor Lawrence,00-0036971,QB,rec,0.0,0.0,0.0,0.0,0.0,0.0
2025_03_HOU_JAX,JAX,HOU,Trevor Lawrence,00-0036971,QB,rec_yds,0.002,0.0,0.0,0.0,0.0,0.0
2025_03_HOU_JAX,JAX,HOU,Trevor Lawrence,00-0036971,QB,anytime_td,0.163,0.0,0.0,0.0,0.0,1.0
2025_03_HOU_JAX,JAX,HOU,Brenton Strange,00-0038935,TE,car,0.001,0.0,0.0,0.0,0.0,0.0
2025_03_HOU_JAX,JAX,HOU,Brenton Strange,00-0038935,TE,rush_yds,0.002,0.0,0.0,0.0,0.0,0.0
2025_03_HOU_JAX,JAX,HOU,Brenton Strange,00-0038935,TE,tgt,3.364,1.0,2.0,3.0,5.0,6.0
2025_03_HOU_JAX,JAX,HOU,Brenton Strange,00-0038935,TE,rec,2.523,0.0,1.0,2.0,4.0,5.0
2025_03_HOU_JAX,JAX,HOU,Brenton Strange,00-0038935,TE,rec_yds,25.257,0.0,8.133,20.093,36.776,55.373
2025_03_HOU_JAX,JAX,HOU,Brenton Strange,00-0038935,TE,anytime_td,0.066,0.0,0.0,0.0,0.0,0.0
2025_03_HOU_JAX,JAX,HOU,Brian Thomas Jr.,00-0039893,WR,car,0.486,0.0,0.0,0.0,0.0,2.0
2025_03_HOU_JAX,JAX,HOU,Brian Thomas Jr.,00-0039893,WR,rush_yds,2.409,0.0,0.0,0.0,0.0,7.647
2025_03_HOU_JAX,JAX,HOU,Brian Thomas Jr.,00-0039893,WR,tgt,8.302,4.0,6.0,8.0,11.0,13.0
2025_03_HOU_JAX,JAX,HOU,Brian Thomas Jr.,00-0039893,WR,rec,4.735,2.0,3.0,4.0,6.0,8.0
2025_03_HOU_JAX,JAX,HOU,Brian Thomas Jr.,00-0039893,WR,rec_yds,57.989,14.831,29.572,51.573,79.48,109.808
2025_03_HOU_JAX,JAX,HOU,Brian Thomas Jr.,00-0039893,WR,anytime_td,0.299,0.0,0.0,0.0,1.0,1.0
2025_03_HOU_JAX,JAX,HOU,Parker Washington,00-0038606,WR,car,0.012,0.0,0.0,0.0,0.0,0.0
2025_03_HOU_JAX,JAX,HOU,Parker Washington,00-0038606,WR,rush_yds,0.053,0.0,0.0,0.0,0.0,0.0
2025_03_HOU_JAX,JAX,HOU,Parker Washington,00-0038606,WR,tgt,3.052,1.0,1.0,3.0,4.0,6.0
2025_03_HOU_JAX,JAX,HOU,Parker Washington,00-0038606,WR,rec,2.103,0.0,1.0,2.0,3.0,4.0
2025_03_HOU_JAX,JAX,HOU,Parker Washington,00-0038606,WR,rec_yds,25.9,0.0,6.177,19.145,38.458,60.451
2025_03_HOU_JAX,JAX,HOU,Parker Washington,00-0038606,WR,anytime_td,0.133,0.0,0.0,0.0,0.0,1.0
2025_03_HOU_JAX,JAX,HOU,Travis Etienne,00-0036973,RB,car,14.611,7.0,10.0,14.0,19.0,23.0
2025_03_HOU_JAX,JAX,HOU,Travis Etienne,00-0036973,RB,rush_yds,62.17,20.866,34.63,55.506,82.098,112.091
2025_03_HOU_JAX,JAX,HOU,Travis Etienne,00-0036973,RB,tgt,2.806,0.0,1.0,2.0,4.0,6.0
2025_03_HOU_JAX,JAX,HOU,Travis Etienne,00-0036973,RB,rec,2.254,0.0,1.0,2.0,3.0,5.0
2025_03_HOU_JAX,JAX,HOU,Travis Etienne,00-0036973,RB,rec_yds,15.733,0.0,3.003,11.027,22.768,38.195
2025_03_HOU_JAX,JAX,HOU,Travis Etienne,00-0036973,RB,anytime_td,0.318,0.0,0.0,0.0,1.0,1.0
2025_03_HOU_JAX,JAX,HOU,Travis Hunter,00-0040718,WR,car,0.022,0.0,0.0,0.0,0.0,0.0
2025_03_HOU_JAX,JAX,HOU,Travis Hunter,00-0040718,WR,rush_yds,0.099,0.0,0.0,0.0,0.0,0.0
2025_03_HOU_JAX,JAX,HOU,Travis Hunter,00-0040718,WR,tgt,5.323,2.0,3.0,5.0,7.0,9.0
2025_03_HOU_JAX,JAX,HOU,Travis Hunter,00-0040718,WR,rec,3.483,1.0,2.0,3.0,5.0,6.0
2025_03_HOU_JAX,JAX,HOU,Travis Hunter,00-0040718,WR,rec_yds,37.743,5.389,15.33,32.118,53.899,77.138
2025_03_HOU_JAX,JAX,HOU,Travis Hunter,00-0040718,WR,anytime_td,0.128,0.0,0.0,0.0,0.0,1.0
2025_03_HOU_JAX,JAX,HOU,Dyami Brown,00-0036626,WR,car,0.968,0.0,0.0,0.0,1.0,3.0
2025_03_HOU_JAX,JAX,HOU,Dyami Brown,00-0036626,WR,rush_yds,4.933,0.0,0.0,0.0,4.071,16.904
2025_03_HOU_JAX,JAX,HOU,Dyami Brown,00-0036626,WR,tgt,4.18,1.0,2.0,4.0,6.0,8.0
2025_03_HOU_JAX,JAX,HOU,Dyami Brown,00-0036626,WR,rec,2.851,1.0,1.0,3.0,4.0,6.0
2025_03_HOU_JAX,JAX,HOU,Dyami Brown,00-0036626,WR,rec_yds,34.727,0.787,11.344,27.172,51.022,76.347
2025_03_HOU_JAX,JAX,HOU,Dyami Brown,00-0036626,WR,anytime_td,0.196,0.0,0.0,0.0,0.0,1.0
2025_03_HOU_JAX,JAX,HOU,Tim Patrick,00-0033375,WR,car,0.018,0.0,0.0,0.0,0.0,0.0
2025_03_HOU_JAX,JAX,HOU,Tim Patrick,00-0033375,WR,rush_yds,0.106,0.0,0.0,0.0,0.0,0.0
2025_03_HOU_JAX,JAX,HOU,Tim Patrick,00-0033375,WR,tgt,1.506,0.0,0.0,1.0,2.0,4.0
2025_03_HOU_JAX,JAX,HOU,Tim Patrick,00-0033375,WR,rec,0.948,0.0,0.0,1.0,1.0,2.0
2025_03_HOU_JAX,JAX,HOU,Tim Patrick,00-0033375,WR,rec_yds,11.455,0.0,0.0,4.263,17.257,34.44
2025_03_HOU_JAX,JAX,HOU,Tim Patrick,00-0033375,WR,anytime_td,0.062,0.0,0.0,0.0,0.0,0.0
2025_03_HOU_JAX,JAX,HOU,LeQuint Allen Jr.,00-0040238,RB,car,2.179,0.0,0.0,1.0,3.0,6.0
2025_03_HOU_JAX,JAX,HOU,LeQuint Allen Jr.,00-0040238,RB,rush_yds,8.657,0.0,0.0,3.066,11.785,25.709
2025_03_HOU_JAX,JAX,HOU,LeQuint Allen Jr.,00-0040238,RB,tgt,0.49,0.0,0.0,0.0,1.0,2.0
2025_03_HOU_JAX,JAX,HOU,LeQuint Allen Jr.,00-0040238,RB,rec,0.398,0.0,0.0,0.0,1.0,1.0
2025_03_HOU_JAX,JAX,HOU,LeQuint Allen Jr.,00-0040238,RB,rec_yds,2.707,0.0,0.0,0.0,0.0,10.04
2025_03_HOU_JAX,JAX,HOU,LeQuint Allen Jr.,00-0040238,RB,anytime_td,0.056,0.0,0.0,0.0,0.0,0.0
2025_03_HOU_JAX,JAX,HOU,Johnny Mundt,00-0033246,TE,car,0.002,0.0,0.0,0.0,0.0,0.0
2025_03_HOU_JAX,JAX,HOU,Johnny Mundt,00-0033246,TE,rush_yds,0.006,0.0,0.0,0.0,0.0,0.0
2025_03_HOU_JAX,JAX,HOU,Johnny Mundt,00-0033246,TE,tgt,0.807,0.0,0.0,0.0,1.0,2.0
2025_03_HOU_JAX,JAX,HOU,Johnny Mundt,00-0033246,TE,rec,0.587,0.0,0.0,0.0,1.0,2.0
2025_03_HOU_JAX,JAX,HOU,Johnny Mundt,00-0033246,TE,rec_yds,5.892,0.0,0.0,0.0,8.445,20.319
2025_03_HOU_JAX,JAX,HOU,Johnny Mundt,00-0033246,TE,anytime_td,0.027,0.0,0.0,0.0,0.0,0.0
2025_03_HOU_JAX,JAX,HOU,Hunter Long,00-0037004,TE,car,0.003,0.0,0.0,0.0,0.0,0.0
2025_03_HOU_JAX,JAX,HOU,Hunter Long,00-0037004,TE,rush_yds,0.006,0.0,0.0,0.0,0.0,0.0
2025_03_HOU_JAX,JAX,HOU,Hunter Long,00-0037004,TE,tgt,0.559,0.0,0.0,0.0,1.0,2.0
2025_03_HOU_JAX,JAX,HOU,Hunter Long,00-0037004,TE,rec,0.415,0.0,0.0,0.0,1.0,1.0
2025_03_HOU_JAX,JAX,HOU,Hunter Long,00-0037004,TE,rec_yds,4.086,0.0,0.0,0.0,4.111,14.96
2025_03_HOU_JAX,JAX,HOU,Hunter Long,00-0037004,TE,anytime_td,0.07,0.0,0.0,0.0,0.0,0.0
2025_03_HOU_JAX,JAX,HOU,Bhayshul Tuten,00-0040719,RB,car,5.899,1.0,3.0,5.0,8.0,12.0
2025_03_HOU_JAX,JAX,HOU,Bhayshul Tuten,00-0040719,RB,rush_yds,23.718,1.388,6.839,17.246,34.039,53.92
2025_03_HOU_JAX,JAX,HOU,Bhayshul Tuten,00-0040719,RB,tgt,0.888,0.0,0.0,0.0,1.0,2.0
2025_03_HOU_JAX,JAX,HOU,Bhayshul Tuten,00-0040719,RB,rec,0.721,0.0,0.0,0.0,1.0,2.0
2025_03_HOU_JAX,JAX,HOU,Bhayshul Tuten,00-0040719,RB,rec_yds,5.414,0.0,0.0,0.0,7.561,18.058
2025_03_HOU_JAX,JAX,HOU,Bhayshul Tuten,00-0040719,RB,anytime_td,0.216,0.0,0.0,0.0,0.0,1.0
2025_03_HOU_JAX,HOU,JAX,C.J. Stroud,00-0039163,QB,att,29.776,20.0,25.0,30.0,36.0,40.0
2025_03_HOU_JAX,HOU,JAX,C.J. Stroud,00-0039163,QB,cmp,18.697,12.0,15.0,19.0,23.0,26.0
2025_03_HOU_JAX,HOU,JAX,C.J. Stroud,00-0039163,QB,pass_yds,197.827,112.0,154.896,197.446,241.957,288.854
2025_03_HOU_JAX,HOU,JAX,C.J. Stroud,00-0039163,QB,pass_td,1.078,0.0,0.0,1.0,2.0,2.0
2025_03_HOU_JAX,HOU,JAX,C.J. Stroud,00-0039163,QB,ints,0.7,0.0,0.0,0.0,1.0,2.0
2025_03_HOU_JAX,HOU,JAX,C.J. Stroud,00-0039163,QB,car,3.819,1.0,2.0,4.0,5.0,7.0
2025_03_HOU_JAX,HOU,JAX,C.J. Stroud,00-0039163,QB,rush_yds,21.919,0.0,7.98,18.421,32.132,47.076
2025_03_HOU_JAX,HOU,JAX,C.J. Stroud,00-0039163,QB,tgt,0.001,0.0,0.0,0.0,0.0,0.0
2025_03_HOU_JAX,HOU,JAX,C.J. Stroud,00-0039163,QB,rec,0.0,0.0,0.0,0.0,0.0,0.0
2025_03_HOU_JAX,HOU,JAX,C.J. Stroud,00-0039163,QB,rec_yds,0.003,0.0,0.0,0.0,0.0,0.0
2025_03_HOU_JAX,HOU,JAX,C.J. Stroud,00-0039163,QB,anytime_td,0.02,0.0,0.0,0.0,0.0,0.0
2025_03_HOU_JAX,HOU,JAX,Nico Collins,00-0036554,WR,car,0.029,0.0,0.0,0.0,0.0,0.0
2025_03_HOU_JAX,HOU,JAX,Nico Collins,00-0036554,WR,rush_yds,0.123,0.0,0.0,0.0,0.0,0.0
2025_03_HOU_JAX,HOU,JAX,Nico Collins,00-0036554,WR,tgt,8.761,4.0,6.0,8.0,11.0,14.0
2025_03_HOU_JAX,HOU,JAX,Nico Collins,00-0036554,WR,rec,5.395,2.0,3.0,5.0,7.0,9.0
2025_03_HOU_JAX,HOU,JAX,Nico Collins,00-0036554,WR,rec_yds,62.512,19.012,34.55,56.796,85.126,111.902
2025_03_HOU_JAX,HOU,JAX,Nico Collins,00-0036554,WR,anytime_td,0.386,0.0,0.0,0.0,1.0,1.0
2025_03_HOU_JAX,HOU,JAX,Dalton Schultz,00-0034383,TE,car,0.001,0.0,0.0,0.0,0.0,0.0
2025_03_HOU_JAX,HOU,JAX,Dalton Schultz,00-0034383,TE,rush_yds,0.003,0.0,0.0,0.0,0.0,0.0
2025_03_HOU_JAX,HOU,JAX,Dalton Schultz,00-0034383,TE,tgt,5.462,2.0,3.0,5.0,7.0,9.0
2025_03_HOU_JAX,HOU,JAX,Dalton Schultz,00-0034383,TE,rec,3.845,1.0,2.0,4.0,5.0,7.0
2025_03_HOU_JAX,HOU,JAX,Dalton Schultz,00-0034383,TE,rec_yds,35.688,6.572,16.505,31.339,49.393,71.078
2025_03_HOU_JAX,HOU,JAX,Dalton Schultz,00-0034383,TE,anytime_td,0.134,0.0,0.0,0.0,0.0,1.0
2025_03_HOU_JAX,HOU,JAX,Christian Kirk,00-0034775,WR,car,0.032,0.0,0.0,0.0,0.0,0.0
2025_03_HOU_JAX,HOU,JAX,Christian Kirk,00-0034775,WR,rush_yds,0.157,0.0,0.0,0.0,0.0,0.0
2025_03_HOU_JAX,HOU,JAX,Christian Kirk,00-0034775,WR,tgt,5.705,2.0,4.0,5.0,8.0,10.0
2025_03_HOU_JAX,HOU,JAX,Christian Kirk,00-0034775,WR,rec,3.545,1.0,2.0,3.0,5.0,7.0
2025_03_HOU_JAX,HOU,JAX,Christian Kirk,00-0034775,WR,rec_yds,41.056,6.324,17.345,35.238,58.048,84.966
2025_03_HOU_JAX,HOU,JAX,Christian Kirk,00-0034775,WR,anytime_td,0.138,0.0,0.0,0.0,0.0,1.0
2025_03_HOU_JAX,HOU,JAX,Xavier Hutchinson,00-0038618,WR,car,0.292,0.0,0.0,0.0,0.0,1.0
2025_03_HOU_JAX,HOU,JAX,Xavier Hutchinson,00-0038618,WR,rush_yds,1.474,0.0,0.0,0.0,0.0,2.602
2025_03_HOU_JAX,HOU,JAX,Xavier Hutchinson,00-0038618,WR,tgt,3.002,1.0,1.0,3.0,4.0,6.0
2025_03_HOU_JAX,HOU,JAX,Xavier Hutchinson,00-0038618,WR,rec,1.935,0.0,1.0,2.0,3.0,4.0
2025_03_HOU_JAX,HOU,JAX,Xavier Hutchinson,00-0038618,WR,rec_yds,22.094,0.0,4.538,15.831,33.103,52.819
2025_03_HOU_JAX,HOU,JAX,Xavier Hutchinson,00-0038618,WR,anytime_td,0.06,0.0,0.0,0.0,0.0,0.0
2025_03_HOU_JAX,HOU,JAX,Nick Chubb,00-0034791,RB,car,15.891,8.0,11.0,15.0,20.0,24.0
2025_03_HOU_JAX,HOU,JAX,Nick Chubb,00-0034791,RB,rush_yds,62.534,23.711,37.04,56.023,81.515,110.416
2025_03_HOU_JAX,HOU,JAX,Nick Chubb,00-0034791,RB,tgt,1.589,0.0,0.0,1.0,2.0,4.0
2025_03_HOU_JAX,HOU,JAX,Nick Chubb,00-0034791,RB,rec,1.222,0.0,0.0,1.0,2.0,3.0
2025_03_HOU_JAX,HOU,JAX,Nick Chubb,00-0034791,RB,rec_yds,8.554,0.0,0.0,3.933,12.613,24.769
2025_03_HOU_JAX,HOU,JAX,Nick Chubb,00-0034791,RB,anytime_td,0.37,0.0,0.0,0.0,1.0,1.0
2025_03_HOU_JAX,HOU,JAX,Woody Marks,00-0040583,RB,car,4.511,1.0,2.0,4.0,6.0,10.0
2025_03_HOU_JAX,HOU,JAX,Woody Marks,00-0040583,RB,rush_yds,17.463,0.0,3.694,12.025,24.674,42.037
2025_03_HOU_JAX,HOU,JAX,Woody Marks,00-0040583,RB,tgt,0.762,0.0,0.0,0.0,1.0,2.0
2025_03_HOU_JAX,HOU,JAX,Woody Marks,00-0040583,RB,rec,0.613,0.0,0.0,0.0,1.0,2.0
2025_03_HOU_JAX,HOU,JAX,Woody Marks,00-0040583,RB,rec_yds,4.531,0.0,0.0,0.0,6.178,15.515
2025_03_HOU_JAX,HOU,JAX,Woody Marks,00-0040583,RB,anytime_td,0.093,0.0,0.0,0.0,0.0,0.0
2025_03_HOU_JAX,HOU,JAX,Jayden Higgins,00-0040130,WR,car,0.031,0.0,0.0,0.0,0.0,0.0
2025_03_HOU_JAX,HOU,JAX,Jayden Higgins,00-0040130,WR,rush_yds,0.17,0.0,0.0,0.0,0.0,0.0
2025_03_HOU_JAX,HOU,JAX,Jayden Higgins,00-0040130,WR,tgt,2.535,0.0,1.0,2.0,4.0,5.0
2025_03_HOU_JAX,HOU,JAX,Jayden Higgins,00-0040130,WR,rec,1.635,0.0,0.0,1.0,2.0,4.0
2025_03_HOU_JAX,HOU,JAX,Jayden Higgins,00-0040130,WR,rec_yds,19.209,0.0,0.0,12.607,28.231,49.957
2025_03_HOU_JAX,HOU,JAX,Jayden Higgins,00-0040130,WR,anytime_td,0.062,0.0,0.0,0.0,0.0,0.0
2025_03_HOU_JAX,HOU,JAX,Harrison Bryant,00-0036232,TE,car,0.004,0.0,0.0,0.0,0.0,0.0
2025_03_HOU_JAX,HOU,JAX,Harrison Bryant,00-0036232,TE,rush_yds,0.011,0.0,0.0,0.0,0.0,0.0
2025_03_HOU_JAX,HOU,JAX,Harrison Bryant,00-0036232,TE,tgt,1.023,0.0,0.0,1.0,2.0,3.0
2025_03_HOU_JAX,HOU,JAX,Harrison Bryant,00-0036232,TE,rec,0.732,0.0,0.0,0.0,1.0,2.0
2025_03_HOU_JAX,HOU,JAX,Harrison Bryant,00-0036232,TE,rec_yds,6.747,0.0,0.0,0.0,9.81,21.266
2025_03_HOU_JAX,HOU,JAX,Harrison Bryant,00-0036232,TE,anytime_td,0.019,0.0,0.0,0.0,0.0,0.0
2025_03_HOU_JAX,HOU,JAX,Jakob Johnson,00-0035726,RB,car,0.698,0.0,0.0,0.0,1.0,2.0
2025_03_HOU_JAX,HOU,JAX,Jakob Johnson,00-0035726,RB,rush_yds,2.826,0.0,0.0,0.0,1.083,9.08
2025_03_HOU_JAX,HOU,JAX,Jakob Johnson,00-0035726,RB,tgt,0.178,0.0,0.0,0.0,0.0,1.0
2025_03_HOU_JAX,HOU,JAX,Jakob Johnson,00-0035726,RB,rec,0.139,0.0,0.0,0.0,0.0,1.0
2025_03_HOU_JAX,HOU,JAX,Jakob Johnson,00-0035726,RB,rec_yds,0.839,0.0,0.0,0.0,0.0,0.0
2025_03_HOU_JAX,HOU,JAX,Jakob Johnson,00-0035726,RB,anytime_td,0.013,0.0,0.0,0.0,0.0,0.0
2025_03_HOU_JAX,HOU,JAX,Jaylin Noel,00-0040138,WR,car,0.029,0.0,0.0,0.0,0.0,0.0
2025_03_HOU_JAX,HOU,JAX,Jaylin Noel,00-0040138,WR,rush_yds,0.144,0.0,0.0,0.0,0.0,0.0
2025_03_HOU_JAX,HOU,JAX,Jaylin Noel,00-0040138,WR,tgt,1.512,0.0,0.0,1.0,2.0,4.0
2025_03_HOU_JAX,HOU,JAX,Jaylin Noel,00-0040138,WR,rec,0.946,0.0,0.0,1.0,1.0,2.0
2025_03_HOU_JAX,HOU,JAX,Jaylin Noel,00-0040138,WR,rec_yds,10.255,0.0,0.0,3.927,15.46,31.091
2025_03_HOU_JAX,HOU,JAX,Jaylin Noel,00-0040138,WR,anytime_td,0.038,0.0,0.0,0.0,0.0,0.0
2025_03_IND_TEN,TEN,IND,Cam Ward,00-0040676,QB,att,29.581,19.0,25.0,30.0,35.0,40.0
2025_03_IND_TEN,TEN,IND,Cam Ward,00-0040676,QB,cmp,19.092,12.0,15.0,20.0,23.0,27.0
2025_03_IND_TEN,TEN,IND,Cam Ward,00-0040676,QB,pass_yds,194.398,109.328,150.155,194.667,240.2,285.717
2025_03_IND_TEN,TEN,IND,Cam Ward,00-0040676,QB,pass_td,1.198,0.0,0.0,1.0,2.0,3.0
2025_03_IND_TEN,TEN,IND,Cam Ward,00-0040676,QB,ints,0.699,0.0,0.0,0.0,1.0,2.0
2025_03_IND_TEN,TEN,IND,Cam Ward,00-0040676,QB,car,2.848,0.0,1.0,2.0,4.0,6.0
2025_03_IND_TEN,TEN,IND,Cam Ward,00-0040676,QB,rush_yds,12.952,0.0,1.66,9.256,19.55,32.522
2025_03_IND_TEN,TEN,IND,Cam Ward,00-0040676,QB,tgt,0.0,0.0,0.0,0.0,0.0,0.0
2025_03_IND_TEN,TEN,IND,Cam Ward,00-0040676,QB,rec,0.0,0.0,0.0,0.0,0.0,0.0
2025_03_IND_TEN,TEN,IND,Cam Ward,00-0040676,QB,rec_yds,0.0,0.0,0.0,0.0,0.0,0.0
2025_03_IND_TEN,TEN,IND,Cam Ward,00-0040676,QB,anytime_td,0.032,0.0,0.0,0.0,0.0,0.0
2025_03_IND_TEN,TEN,IND,Tony Pollard,00-0035261,RB,car,19.26,11.0,14.0,19.0,24.0,28.0
2025_03_IND_TEN,TEN,IND,Tony Pollard,00-0035261,RB,rush_yds,76.196,31.878,48.0,69.645,97.887,129.316
2025_03_IND_TEN,TEN,IND,Tony Pollard,00-0035261,RB,tgt,2.181,0.0,1.0,2.0,3.0,5.0
2025_03_IND_TEN,TEN,IND,Tony Pollard,00-0035261,RB,rec,1.719,0.0,1.0,1.0,3.0,4.0
2025_03_IND_TEN,TEN,IND,Tony Pollard,00-0035261,RB,rec_yds,11.781,0.0,0.0,7.292,17.513,30.746
2025_03_IND_TEN,TEN,IND,Tony Pollard,00-0035261,RB,anytime_td,0.334,0.0,0.0,0.0,1.0,1.0
2025_03_IND_TEN,TEN,IND,Calvin Ridley,00-0034837,WR,car,0.371,0.0,0.0,0.0,0.0,1.0
2025_03_IND_TEN,TEN,IND,Calvin Ridley,00-0034837,WR,rush_yds,1.916,0.0,0.0,0.0,0.0,5.616
2025_03_IND_TEN,TEN,IND,Calvin Ridley,00-0034837,WR,tgt,7.0,3.0,5.0,7.0,9.0,12.0
2025_03_IND_TEN,TEN,IND,Calvin Ridley,00-0034837,WR,rec,4.365,1.9,3.0,4.0,6.0,8.0
2025_03_IND_TEN,TEN,IND,Calvin Ridley,00-0034837,WR,rec_yds,52.239,11.904,25.245,45.34,71.715,102.623
2025_03_IND_TEN,TEN,IND,Calvin Ridley,00-0034837,WR,anytime_td,0.207,0.0,0.0,0.0,0.0,1.0
2025_03_IND_TEN,TEN,IND,Elic Ayomanor,00-0040170,WR,car,0.022,0.0,0.0,0.0,0.0,0.0
2025_03_IND_TEN,TEN,IND,Elic Ayomanor,00-0040170,WR,rush_yds,0.121,0.0,0.0,0.0,0.0,0.0
2025_03_IND_TEN,TEN,IND,Elic Ayomanor,00-0040170,WR,tgt,5.921,2.0,4.0,6.0,8.0,10.0
2025_03_IND_TEN,TEN,IND,Elic Ayomanor,00-0040170,WR,rec,3.67,1.0,2.0,3.0,5.0,7.0
2025_03_IND_TEN,TEN,IND,Elic Ayomanor,00-0040170,WR,rec_yds,40.898,6.724,17.789,35.01,58.297,82.305
2025_03_IND_TEN,TEN,IND,Elic Ayomanor,00-0040170,WR,anytime_td,0.321,0.0,0.0,0.0,1.0,1.0
2025_03_IND_TEN,TEN,IND,Chig Okonkwo,00-0037809,TE,car,0.064,0.0,0.0,0.0,0.0,0.0
2025_03_IND_TEN,TEN,IND,Chig Okonkwo,00-0037809,TE,rush_yds,0.146,0.0,0.0,0.0,0.0,0.0
2025_03_IND_TEN,TEN,IND,Chig Okonkwo,00-0037809,TE,tgt,4.949,2.0,3.0,5.0,7.0,9.0
2025_03_IND_TEN,TEN,IND,Chig Okonkwo,00-0037809,TE,rec,3.711,1.0,2.0,3.0,5.0,7.0
2025_03_IND_TEN,TEN,IND,Chig Okonkwo,00-0037809,TE,rec_yds,32.277,5.806,14.233,27.516,45.223,64.61
2025_03_IND_TEN,TEN,IND,Chig Okonkwo,00-0037809,TE,anytime_td,0.114,0.0,0.0,0.0,0.0,1.0
2025_03_IND_TEN,TEN,IND,Tyler Lockett,00-0032211,WR,car,0.015,0.0,0.0,0.0,0.0,0.0
2025_03_IND_TEN,TEN,IND,Tyler Lockett,00-0032211,WR,rush_yds,0.067,0.0,0.0,0.0,0.0,0.0
2025_03_IND_TEN,TEN,IND,Tyler Lockett,00-0032211,WR,tgt,2.841,0.0,1.0,2.0,4.0,6.0
2025_03_IND_TEN,TEN,IND,Tyler Lockett,00-0032211,WR,rec,1.864,0.0,1.0,2.0,3.0,4.0
2025_03_IND_TEN,TEN,IND,Tyler Lockett,00-0032211,WR,rec_yds,20.234,0.0,3.939,14.1,30.359,49.232
2025_03_IND_TEN,TEN,IND,Tyler Lockett,00-0032211,WR,anytime_td,0.087,0.0,0.0,0.0,0.0,0.0
2025_03_IND_TEN,TEN,IND,Chimere Dike,00-0040705,WR,car,1.52,0.0,0.0,1.0,2.0,4.0
2025_03_IND_TEN,TEN,IND,Chimere Dike,00-0040705,WR,rush_yds,7.996,0.0,0.0,0.0,10.788,26.544
2025_03_IND_TEN,TEN,IND,Chimere Dike,00-0040705,WR,tgt,3.081,1.0,1.0,3.0,4.0,6.0
2025_03_IND_TEN,TEN,IND,Chimere Dike,00-0040705,WR,rec,1.93,0.0,1.0,2.0,3.0,4.0
2025_03_IND_TEN,TEN,IND,Chimere Dike,00-0040705,WR,rec_yds,20.508,0.0,3.824,14.478,30.531,50.34
2025_03_IND_TEN,TEN,IND,Chimere Dike,00-0040705,WR,anytime_td,0.12,0.0,0.0,0.0,0.0,1.0
2025_03_IND_TEN,TEN,IND,Gunnar Helm,00-0040584,TE,car,0.002,0.0,0.0,0.0,0.0,0.0
2025_03_IND_TEN,TEN,IND,Gunnar Helm,00-0040584,TE,rush_yds,0.004,0.0,0.0,0.0,0.0,0.0
2025_03_IND_TEN,TEN,IND,Gunnar Helm,00-0040584,TE,tgt,1.941,0.0,1.0,2.0,3.0,4.0
2025_03_IND_TEN,TEN,IND,Gunnar Helm,00-0040584,TE,rec,1.452,0.0,0.0,1.0,2.0,3.0
2025_03_IND_TEN,TEN,IND,Gunnar Helm,00-0040584,TE,rec_yds,12.84,0.0,0.0,8.223,19.822,33.239
2025_03_IND_TEN,TEN,IND,Gunnar Helm,00-0040584,TE,anytime_td,0.057,0.0,0.0,0.0,0.0,0.0
2025_03_IND_TEN,TEN,IND,Van Jefferson,00-0036415,WR,car,0.012,0.0,0.0,0.0,0.0,0.0
2025_03_IND_TEN,TEN,IND,Van Jefferson,00-0036415,WR,rush_yds,0.074,0.0,0.0,0.0,0.0,0.0
2025_03_IND_TEN,TEN,IND,Van Jefferson,00-0036415,WR,tgt,1.853,0.0,1.0,2.0,3.0,4.0
2025_03_IND_TEN,TEN,IND,Van Jefferson,00-0036415,WR,rec,1.262,0.0,0.0,1.0,2.0,3.0
2025_03_IND_TEN,TEN,IND,Van Jefferson,00-0036415,WR,rec_yds,13.688,0.0,0.0,7.661,20.459,37.315
2025_03_IND_TEN,TEN,IND,Van Jefferson,00-0036415,WR,anytime_td,0.101,0.0,0.0,0.0,0.0,1.0
2025_03_IND_TEN,TEN,IND,Julius Chestnut,00-0037594,RB,car,1.956,0.0,0.0,1.0,3.0,5.0
2025_03_IND_TEN,TEN,IND,Julius Chestnut,00-0037594,RB,rush_yds,7.701,0.0,0.0,2.027,10.858,22.391
2025_03_IND_TEN,TEN,IND,Julius Chestnut,00-0037594,RB,tgt,0.275,0.0,0.0,0.0,0.0,1.0
2025_03_IND_TEN,TEN,IND,Julius Chestnut,00-0037594,RB,rec,0.223,0.0,0.0,0.0,0.0,1.0
2025_03_IND_TEN,TEN,IND,Julius Chestnut,00-0037594,RB,rec_yds,1.453,0.0,0.0,0.0,0.0,4.935
2025_03_IND_TEN,TEN,IND,Julius Chestnut,00-0037594,RB,anytime_td,0.062,0.0,0.0,0.0,0.0,0.0
2025_03_IND_TEN,IND,TEN,Daniel Jones,00-0035710,QB,att,29.368,20.0,25.0,30.0,35.0,40.0
2025_03_IND_TEN,IND,TEN,Daniel Jones,00-0035710,QB,cmp,19.521,12.0,16.0,20.0,24.0,27.0
2025_03_IND_TEN,IND,TEN,Daniel Jones,00-0035710,QB,pass_yds,221.926,129.198,173.638,220.858,271.883,323.193
2025_03_IND_TEN,IND,TEN,Daniel Jones,00-0035710,QB,pass_td,1.399,0.0,1.0,1.0,2.0,3.0
2025_03_IND_TEN,IND,TEN,Daniel Jones,00-0035710,QB,ints,0.628,0.0,0.0,0.0,1.0,2.0
2025_03_IND_TEN,IND,TEN,Daniel Jones,00-0035710,QB,car,5.704,2.0,3.0,5.0,8.0,11.0
2025_03_IND_TEN,IND,TEN,Daniel Jones,00-0035710,QB,rush_yds,22.96,1.51,8.036,18.798,32.998,49.676
2025_03_IND_TEN,IND,TEN,Daniel Jones,00-0035710,QB,tgt,0.0,0.0,0.0,0.0,0.0,0.0
2025_03_IND_TEN,IND,TEN,Daniel Jones,00-0035710,QB,rec,0.0,0.0,0.0,0.0,0.0,0.0
2025_03_IND_TEN,IND,TEN,Daniel Jones,00-0035710,QB,rec_yds,0.0,0.0,0.0,0.0,0.0,0.0
2025_03_IND_TEN,IND,TEN,Daniel Jones,00-0035710,QB,anytime_td,0.464,0.0,0.0,0.0,1.0,1.0
2025_03_IND_TEN,IND,TEN,Michael Pittman,00-0036252,WR,car,0.006,0.0,0.0,0.0,0.0,0.0
2025_03_IND_TEN,IND,TEN,Michael Pittman,00-0036252,WR,rush_yds,0.042,0.0,0.0,0.0,0.0,0.0
2025_03_IND_TEN,IND,TEN,Michael Pittman,00-0036252,WR,tgt,6.092,2.0,4.0,6.0,8.0,10.0
2025_03_IND_TEN,IND,TEN,Michael Pittman,00-0036252,WR,rec,4.2,1.0,2.0,4.0,6.0,7.0
2025_03_IND_TEN,IND,TEN,Michael Pittman,00-0036252,WR,rec_yds,50.371,10.765,24.145,44.625,69.811,96.922
2025_03_IND_TEN,IND,TEN,Michael Pittman,00-0036252,WR,anytime_td,0.275,0.0,0.0,0.0,1.0,1.0
2025_03_IND_TEN,IND,TEN,Jonathan Taylor,00-0036223,RB,car,17.56,9.0,13.0,17.0,22.0,27.0
2025_03_IND_TEN,IND,TEN,Jonathan Taylor,00-0036223,RB,rush_yds,89.168,35.184,53.944,81.876,115.763,152.447
2025_03_IND_TEN,IND,TEN,Jonathan Taylor,00-0036223,RB,tgt,1.98,0.0,1.0,2.0,3.0,4.0
2025_03_IND_TEN,IND,TEN,Jonathan Taylor,00-0036223,RB,rec,1.577,0.0,0.0,1.0,2.0,4.0
2025_03_IND_TEN,IND,TEN,Jonathan Taylor,00-0036223,RB,rec_yds,13.003,0.0,0.0,8.08,19.408,34.451
2025_03_IND_TEN,IND,TEN,Jonathan Taylor,00-0036223,RB,anytime_td,0.471,0.0,0.0,0.0,1.0,1.0
2025_03_IND_TEN,IND,TEN,Tyler Warren,00-0040128,TE,car,0.621,0.0,0.0,0.0,1.0,2.0
2025_03_IND_TEN,IND,TEN,Tyler Warren,00-0040128,TE,rush_yds,1.6,0.0,0.0,0.0,0.0,5.735
2025_03_IND_TEN,IND,TEN,Tyler Warren,00-0040128,TE,tgt,5.78,2.0,4.0,5.0,8.0,10.0
2025_03_IND_TEN,IND,TEN,Tyler Warren,00-0040128,TE,rec,4.197,1.0,2.0,4.0,6.0,7.0
2025_03_IND_TEN,IND,TEN,Tyler Warren,00-0040128,TE,rec_yds,46.013,10.354,22.645,40.484,63.47,89.557
2025_03_IND_TEN,IND,TEN,Tyler Warren,00-0040128,TE,anytime_td,0.21,0.0,0.0,0.0,0.0,1.0
2025_03_IND_TEN,IND,TEN,Alec Pierce,00-0037664,WR,car,0.008,0.0,0.0,0.0,0.0,0.0
2025_03_IND_TEN,IND,TEN,Alec Pierce,00-0037664,WR,rush_yds,0.041,0.0,0.0,0.0,0.0,0.0
2025_03_IND_TEN,IND,TEN,Alec Pierce,00-0037664,WR,tgt,3.823,1.0,2.0,3.0,5.0,7.0
2025_03_IND_TEN,IND,TEN,Alec Pierce,00-0037664,WR,rec,2.398,0.0,1.0,2.0,3.0,5.0
2025_03_IND_TEN,IND,TEN,Alec Pierce,00-0037664,WR,rec_yds,34.691,0.0,10.265,26.595,51.035,78.593
2025_03_IND_TEN,IND,TEN,Alec Pierce,00-0037664,WR,anytime_td,0.214,0.0,0.0,0.0,0.0,1.0
2025_03_IND_TEN,IND,TEN,Josh Downs,00-0038997,WR,car,0.023,0.0,0.0,0.0,0.0,0.0
2025_03_IND_TEN,IND,TEN,Josh Downs,00-0038997,WR,rush_yds,0.155,0.0,0.0,0.0,0.0,0.0
2025_03_IND_TEN,IND,TEN,Josh Downs,00-0038997,WR,tgt,5.78,2.0,4.0,5.0,8.0,10.0
2025_03_IND_TEN,IND,TEN,Josh Downs,00-0038997,WR,rec,3.904,1.0,2.0,4.0,5.0,7.0
2025_03_IND_TEN,IND,TEN,Josh Downs,00-0038997,WR,rec_yds,44.075,8.143,19.939,38.078,62.677,87.367
2025_03_IND_TEN,IND,TEN,Josh Downs,00-0038997,WR,anytime_td,0.201,0.0,0.0,0.0,0.0,1.0
2025_03_IND_TEN,IND,TEN,Mo Alie-Cox,00-0033217,TE,car,0.001,0.0,0.0,0.0,0.0,0.0
2025_03_IND_TEN,IND,TEN,Mo Alie-Cox,00-0033217,TE,rush_yds,0.005,0.0,0.0,0.0,0.0,0.0
2025_03_IND_TEN,IND,TEN,Mo Alie-Cox,00-0033217,TE,tgt,1.025,0.0,0.0,1.0,2.0,3.0
2025_03_IND_TEN,IND,TEN,Mo Alie-Cox,00-0033217,TE,rec,0.756,0.0,0.0,0.0,1.0,2.0
2025_03_IND_TEN,IND,TEN,Mo Alie-Cox,00-0033217,TE,rec_yds,7.805,0.0,0.0,0.0,11.363,24.146
2025_03_IND_TEN,IND,TEN,Mo Alie-Cox,00-0033217,TE,anytime_td,0.029,0.0,0.0,0.0,0.0,0.0
2025_03_IND_TEN,IND,TEN,Adonai Mitchell,00-0039890,WR,car,0.099,0.0,0.0,0.0,0.0,0.0
2025_03_IND_TEN,IND,TEN,Adonai Mitchell,00-0039890,WR,rush_yds,0.603,0.0,0.0,0.0,0.0,0.0
2025_03_IND_TEN,IND,TEN,Adonai Mitchell,00-0039890,WR,tgt,2.684,0.0,1.0,2.0,4.0,6.0
2025_03_IND_TEN,IND,TEN,Adonai Mitchell,00-0039890,WR,rec,1.682,0.0,1.0,1.0,3.0,4.0
2025_03_IND_TEN,IND,TEN,Adonai Mitchell,00-0039890,WR,rec_yds,20.95,0.0,1.005,14.306,31.53,51.722
2025_03_IND_TEN,IND,TEN,Adonai Mitchell,00-0039890,WR,anytime_td,0.066,0.0,0.0,0.0,0.0,0.0
2025_03_IND_TEN,IND,TEN,DJ Giddens,00-0040179,RB,car,4.126,0.0,1.0,3.0,6.0,9.0
2025_03_IND_TEN,IND,TEN,DJ Giddens,00-0040179,RB,rush_yds,18.783,0.0,3.018,11.908,26.478,47.578
2025_03_IND_TEN,IND,TEN,DJ Giddens,00-0040179,RB,tgt,0.525,0.0,0.0,0.0,1.0,2.0
2025_03_IND_TEN,IND,TEN,DJ Giddens,00-0040179,RB,rec,0.413,0.0,0.0,0.0,1.0,1.0
2025_03_IND_TEN,IND,TEN,DJ Giddens,00-0040179,RB,rec_yds,3.019,0.0,0.0,0.0,1.728,11.087
2025_03_IND_TEN,IND,TEN,DJ Giddens,00-0040179,RB,anytime_td,0.123,0.0,0.0,0.0,0.0,1.0
2025_03_IND_TEN,IND,TEN,Tyler Goodson,00-0037120,RB,car,1.513,0.0,0.0,1.0,2.0,4.0
2025_03_IND_TEN,IND,TEN,Tyler Goodson,00-0037120,RB,rush_yds,6.937,0.0,0.0,0.0,8.361,21.111
2025_03_IND_TEN,IND,TEN,Tyler Goodson,00-0037120,RB,tgt,0.804,0.0,0.0,0.0,1.0,2.0
2025_03_IND_TEN,IND,TEN,Tyler Goodson,00-0037120,RB,rec,0.631,0.0,0.0,0.0,1.0,2.0
2025_03_IND_TEN,IND,TEN,Tyler Goodson,00-0037120,RB,rec_yds,4.532,0.0,0.0,0.0,5.91,14.985
2025_03_IND_TEN,IND,TEN,Tyler Goodson,00-0037120,RB,anytime_td,0.093,0.0,0.0,0.0,0.0,0.0
2025_03_IND_TEN,IND,TEN,Anthony Gould,00-0039816,WR,car,0.032,0.0,0.0,0.0,0.0,0.0
2025_03_IND_TEN,IND,TEN,Anthony Gould,00-0039816,WR,rush_yds,0.196,0.0,0.0,0.0,0.0,0.0
2025_03_IND_TEN,IND,TEN,Anthony Gould,00-0039816,WR,tgt,0.656,0.0,0.0,0.0,1.0,2.0
2025_03_IND_TEN,IND,TEN,Anthony Gould,00-0039816,WR,rec,0.436,0.0,0.0,0.0,1.0,1.0
2025_03_IND_TEN,IND,TEN,Anthony Gould,00-0039816,WR,rec_yds,5.359,0.0,0.0,0.0,5.345,19.014
2025_03_IND_TEN,IND,TEN,Anthony Gould,00-0039816,WR,anytime_td,0.021,0.0,0.0,0.0,0.0,0.0
2025_03_KC_NYG,NYG,KC,Russell Wilson,00-0029263,QB,att,31.281,21.0,27.0,32.0,37.0,42.0
2025_03_KC_NYG,NYG,KC,Russell Wilson,00-0029263,QB,cmp,20.609,13.0,17.0,21.0,25.0,29.0
2025_03_KC_NYG,NYG,KC,Russell Wilson,00-0029263,QB,pass_yds,228.762,132.64,178.647,228.245,280.168,332.672
2025_03_KC_NYG,NYG,KC,Russell Wilson,00-0029263,QB,pass_td,1.452,0.0,1.0,1.0,2.0,3.0
2025_03_KC_NYG,NYG,KC,Russell Wilson,00-0029263,QB,ints,0.634,0.0,0.0,0.0,1.0,2.0
2025_03_KC_NYG,NYG,KC,Russell Wilson,00-0029263,QB,car,4.501,1.0,2.0,4.0,6.0,8.0
2025_03_KC_NYG,NYG,KC,Russell Wilson,00-0029263,QB,rush_yds,22.329,0.946,8.017,18.706,32.168,47.914
2025_03_KC_NYG,NYG,KC,Russell Wilson,00-0029263,QB,tgt,0.0,0.0,0.0,0.0,0.0,0.0
2025_03_KC_NYG,NYG,KC,Russell Wilson,00-0029263,QB,rec,0.0,0.0,0.0,0.0,0.0,0.0
2025_03_KC_NYG,NYG,KC,Russell Wilson,00-0029263,QB,rec_yds,0.0,0.0,0.0,0.0,0.0,0.0
2025_03_KC_NYG,NYG,KC,Russell Wilson,00-0029263,QB,anytime_td,0.108,0.0,0.0,0.0,0.0,1.0
2025_03_KC_NYG,NYG,KC,Malik Nabers,00-0039337,WR,car,0.125,0.0,0.0,0.0,0.0,0.0
2025_03_KC_NYG,NYG,KC,Malik Nabers,00-0039337,WR,rush_yds,0.698,0.0,0.0,0.0,0.0,0.0
2025_03_KC_NYG,NYG,KC,Malik Nabers,00-0039337,WR,tgt,9.681,5.0,7.0,9.0,12.0,15.0
2025_03_KC_NYG,NYG,KC,Malik Nabers,00-0039337,WR,rec,6.13,3.0,4.0,6.0,8.0,10.0
2025_03_KC_NYG,NYG,KC,Malik Nabers,00-0039337,WR,rec_yds,81.399,27.996,47.432,73.665,107.984,143.279
2025_03_KC_NYG,NYG,KC,Malik Nabers,00-0039337,WR,anytime_td,0.467,0.0,0.0,0.0,1.0,1.0
2025_03_KC_NYG,NYG,KC,Theo Johnson,00-0039847,TE,car,0.002,0.0,0.0,0.0,0.0,0.0
2025_03_KC_NYG,NYG,KC,Theo Johnson,00-0039847,TE,rush_yds,0.003,0.0,0.0,0.0,0.0,0.0
2025_03_KC_NYG,NYG,KC,Theo Johnson,00-0039847,TE,tgt,3.298,1.0,2.0,3.0,5.0,6.0
2025_03_KC_NYG,NYG,KC,Theo Johnson,00-0039847,TE,rec,2.363,0.0,1.0,2.0,3.0,5.0
2025_03_KC_NYG,NYG,KC,Theo Johnson,00-0039847,TE,rec_yds,23.407,0.0,6.985,18.323,34.107,53.085
2025_03_KC_NYG,NYG,KC,Theo Johnson,00-0039847,TE,anytime_td,0.126,0.0,0.0,0.0,0.0,1.0
2025_03_KC_NYG,NYG,KC,Wan'Dale Robinson,00-0038117,WR,car,0.064,0.0,0.0,0.0,0.0,0.0
2025_03_KC_NYG,NYG,KC,Wan'Dale Robinson,00-0038117,WR,rush_yds,0.321,0.0,0.0,0.0,0.0,0.0
2025_03_KC_NYG,NYG,KC,Wan'Dale Robinson,00-0038117,WR,tgt,7.182,3.0,5.0,7.0,9.0,12.0
2025_03_KC_NYG,NYG,KC,Wan'Dale Robinson,00-0038117,WR,rec,4.987,2.0,3.0,5.0,7.0,9.0
2025_03_KC_NYG,NYG,KC,Wan'Dale Robinson,00-0038117,WR,rec_yds,58.82,15.843,30.212,52.614,80.635,110.607
2025_03_KC_NYG,NYG,KC,Wan'Dale Robinson,00-0038117,WR,anytime_td,0.294,0.0,0.0,0.0,1.0,1.0
2025_03_KC_NYG,NYG,KC,Darius Slayton,00-0035535,WR,car,0.096,0.0,0.0,0.0,0.0,0.0
2025_03_KC_NYG,NYG,KC,Darius Slayton,00-0035535,WR,rush_yds,0.527,0.0,0.0,0.0,0.0,0.0
2025_03_KC_NYG,NYG,KC,Darius Slayton,00-0035535,WR,tgt,2.527,0.0,1.0,2.0,4.0,5.0
2025_03_KC_NYG,NYG,KC,Darius Slayton,00-0035535,WR,rec,1.567,0.0,0.0,1.0,2.0,3.0
2025_03_KC_NYG,NYG,KC,Darius Slayton,00-0035535,WR,rec_yds,21.237,0.0,0.0,14.417,32.213,53.047
2025_03_KC_NYG,NYG,KC,Darius Slayton,00-0035535,WR,anytime_td,0.118,0.0,0.0,0.0,0.0,1.0
2025_03_KC_NYG,NYG,KC,Cam Skattebo,00-0040715,RB,car,6.466,2.0,3.0,6.0,9.0,12.0
2025_03_KC_NYG,NYG,KC,Cam Skattebo,00-0040715,RB,rush_yds,25.875,2.682,9.202,20.19,36.244,56.797
2025_03_KC_NYG,NYG,KC,Cam Skattebo,00-0040715,RB,tgt,1.805,0.0,1.0,1.0,3.0,4.0
2025_03_KC_NYG,NYG,KC,Cam Skattebo,00-0040715,RB,rec,1.453,0.0,0.0,1.0,2.0,3.0
2025_03_KC_NYG,NYG,KC,Cam Skattebo,00-0040715,RB,rec_yds,10.175,0.0,0.0,5.606,15.2,28.472
2025_03_KC_NYG,NYG,KC,Cam Skattebo,00-0040715,RB,anytime_td,0.327,0.0,0.0,0.0,1.0,1.0
2025_03_KC_NYG,NYG,KC,Daniel Bellinger,00-0038115,TE,car,0.003,0.0,0.0,0.0,0.0,0.0
2025_03_KC_NYG,NYG,KC,Daniel Bellinger,00-0038115,TE,rush_yds,0.007,0.0,0.0,0.0,0.0,0.0
2025_03_KC_NYG,NYG,KC,Daniel Bellinger,00-0038115,TE,tgt,0.878,0.0,0.0,0.0,1.0,2.0
2025_03_KC_NYG,NYG,KC,Daniel Bellinger,00-0038115,TE,rec,0.655,0.0,0.0,0.0,1.0,2.0
2025_03_KC_NYG,NYG,KC,Daniel Bellinger,00-0038115,TE,rec_yds,6.569,0.0,0.0,0.0,9.116,21.377
2025_03_KC_NYG,NYG,KC,Daniel Bellinger,00-0038115,TE,anytime_td,0.015,0.0,0.0,0.0,0.0,0.0
2025_03_KC_NYG,NYG,KC,Devin Singletary,00-0035250,RB,car,4.397,1.0,2.0,4.0,6.0,9.0
2025_03_KC_NYG,NYG,KC,Devin Singletary,00-0035250,RB,rush_yds,17.718,0.0,3.892,12.361,24.843,42.048
2025_03_KC_NYG,NYG,KC,Devin Singletary,00-0035250,RB,tgt,0.798,0.0,0.0,0.0,1.0,2.0
2025_03_KC_NYG,NYG,KC,Devin Singletary,00-0035250,RB,rec,0.651,0.0,0.0,0.0,1.0,2.0
2025_03_KC_NYG,NYG,KC,Devin Singletary,00-0035250,RB,rec_yds,4.235,0.0,0.0,0.0,5.554,13.99
2025_03_KC_NYG,NYG,KC,Devin Singletary,00-0035250,RB,anytime_td,0.143,0.0,0.0,0.0,0.0,1.0
2025_03_KC_NYG,NYG,KC,Tyrone Tracy Jr.,00-0039384,RB,car,9.76,4.0,6.0,9.0,13.0,17.0
2025_03_KC_NYG,NYG,KC,Tyrone Tracy Jr.,00-0039384,RB,rush_yds,38.697,9.099,18.129,32.659,52.302,75.765
2025_03_KC_NYG,NYG,KC,Tyrone Tracy Jr.,00-0039384,RB,tgt,3.375,1.0,2.0,3.0,5.0,6.0
2025_03_KC_NYG,NYG,KC,Tyrone Tracy Jr.,00-0039384,RB,rec,2.561,0.0,1.0,2.0,4.0,5.0
2025_03_KC_NYG,NYG,KC,Tyrone Tracy Jr.,00-0039384,RB,rec_yds,18.622,0.0,5.117,13.734,27.263,44.63
2025_03_KC_NYG,NYG,KC,Tyrone Tracy Jr.,00-0039384,RB,anytime_td,0.296,0.0,0.0,0.0,1.0,1.0
2025_03_KC_NYG,NYG,KC,Jalin Hyatt,00-0038938,WR,car,0.018,0.0,0.0,0.0,0.0,0.0
2025_03_KC_NYG,NYG,KC,Jalin Hyatt,00-0038938,WR,rush_yds,0.093,0.0,0.0,0.0,0.0,0.0
2025_03_KC_NYG,NYG,KC,Jalin Hyatt,00-0038938,WR,tgt,1.267,0.0,0.0,1.0,2.0,3.0
2025_03_KC_NYG,NYG,KC,Jalin Hyatt,00-0038938,WR,rec,0.799,0.0,0.0,0.0,1.0,2.0
2025_03_KC_NYG,NYG,KC,Jalin Hyatt,00-0038938,WR,rec_yds,9.881,0.0,0.0,0.0,14.839,30.396
2025_03_KC_NYG,NYG,KC,Jalin Hyatt,00-0038938,WR,anytime_td,0.028,0.0,0.0,0.0,0.0,0.0
2025_03_KC_NYG,KC,NYG,Patrick Mahomes,00-0033873,QB,att,31.649,22.0,27.0,32.0,38.0,42.0
2025_03_KC_NYG,KC,NYG,Patrick Mahomes,00-0033873,QB,cmp,21.099,13.0,18.0,22.0,25.0,29.0
2025_03_KC_NYG,KC,NYG,Patrick Mahomes,00-0033873,QB,pass_yds,228.08,134.864,181.75,227.407,278.81,329.906
2025_03_KC_NYG,KC,NYG,Patrick Mahomes,00-0033873,QB,pass_td,1.538,0.0,1.0,1.0,2.0,3.0
2025_03_KC_NYG,KC,NYG,Patrick Mahomes,00-0033873,QB,ints,0.631,0.0,0.0,0.0,1.0,2.0
2025_03_KC_NYG,KC,NYG,Patrick Mahomes,00-0033873,QB,car,4.732,2.0,3.0,4.0,6.0,8.0
2025_03_KC_NYG,KC,NYG,Patrick Mahomes,00-0033873,QB,rush_yds,29.639,4.264,12.858,26.65,41.714,59.529
2025_03_KC_NYG,KC,NYG,Patrick Mahomes,00-0033873,QB,tgt,0.001,0.0,0.0,0.0,0.0,0.0
2025_03_KC_NYG,KC,NYG,Patrick Mahomes,00-0033873,QB,rec,0.001,0.0,0.0,0.0,0.0,0.0
2025_03_KC_NYG,KC,NYG,Patrick Mahomes,00-0033873,QB,rec_yds,0.007,0.0,0.0,0.0,0.0,0.0
2025_03_KC_NYG,KC,NYG,Patrick Mahomes,00-0033873,QB,anytime_td,0.289,0.0,0.0,0.0,1.0,1.0
2025_03_KC_NYG,KC,NYG,Tyquan Thornton,00-0038104,WR,car,0.044,0.0,0.0,0.0,0.0,0.0
2025_03_KC_NYG,KC,NYG,Tyquan Thornton,00-0038104,WR,rush_yds,0.265,0.0,0.0,0.0,0.0,0.0
2025_03_KC_NYG,KC,NYG,Tyquan Thornton,00-0038104,WR,tgt,3.713,1.0,2.0,3.0,5.0,7.0
2025_03_KC_NYG,KC,NYG,Tyquan Thornton,00-0038104,WR,rec,2.3,0.0,1.0,2.0,3.0,5.0
2025_03_KC_NYG,KC,NYG,Tyquan Thornton,00-0038104,WR,rec_yds,32.135,0.0,8.77,24.499,47.453,73.747
2025_03_KC_NYG,KC,NYG,Tyquan Thornton,00-0038104,WR,anytime_td,0.254,0.0,0.0,0.0,1.0,1.0
2025_03_KC_NYG,KC,NYG,Travis Kelce,00-0030506,TE,car,0.006,0.0,0.0,0.0,0.0,0.0
2025_03_KC_NYG,KC,NYG,Travis Kelce,00-0030506,TE,rush_yds,0.012,0.0,0.0,0.0,0.0,0.0
2025_03_KC_NYG,KC,NYG,Travis Kelce,00-0030506,TE,tgt,6.734,3.0,4.0,6.0,9.0,11.0
2025_03_KC_NYG,KC,NYG,Travis Kelce,00-0030506,TE,rec,4.873,2.0,3.0,5.0,6.0,8.0
2025_03_KC_NYG,KC,NYG,Travis Kelce,00-0030506,TE,rec_yds,53.959,13.324,26.948,47.946,74.681,101.892
2025_03_KC_NYG,KC,NYG,Travis Kelce,00-0030506,TE,anytime_td,0.297,0.0,0.0,0.0,1.0,1.0
2025_03_KC_NYG,KC,NYG,JuJu Smith-Schuster,00-0033857,WR,car,0.011,0.0,0.0,0.0,0.0,0.0
2025_03_KC_NYG,KC,NYG,JuJu Smith-Schuster,00-0033857,WR,rush_yds,0.085,0.0,0.0,0.0,0.0,0.0
2025_03_KC_NYG,KC,NYG,JuJu Smith-Schuster,00-0033857,WR,tgt,3.26,1.0,2.0,3.0,5.0,6.0
2025_03_KC_NYG,KC,NYG,JuJu Smith-Schuster,00-0033857,WR,rec,2.182,0.0,1.0,2.0,3.0,5.0
2025_03_KC_NYG,KC,NYG,JuJu Smith-Schuster,00-0033857,WR,rec_yds,27.322,0.0,6.636,20.844,40.347,63.883
2025_03_KC_NYG,KC,NYG,JuJu Smith-Schuster,00-0033857,WR,anytime_td,0.081,0.0,0.0,0.0,0.0,0.0
2025_03_KC_NYG,KC,NYG,Noah Gray,00-0036637,TE,car,0.043,0.0,0.0,0.0,0.0,0.0
2025_03_KC_NYG,KC,NYG,Noah Gray,00-0036637,TE,rush_yds,0.096,0.0,0.0,0.0,0.0,0.0
2025_03_KC_NYG,KC,NYG,Noah Gray,00-0036637,TE,tgt,2.869,0.0,1.0,2.0,4.0,6.0
2025_03_KC_NYG,KC,NYG,Noah Gray,00-0036637,TE,rec,2.034,0.0,1.0,2.0,3.0,4.0
2025_03_KC_NYG,KC,NYG,Noah Gray,00-0036637,TE,rec_yds,19.599,0.0,4.574,14.607,29.349,46.026
2025_03_KC_NYG,KC,NYG,Noah Gray,00-0036637,TE,anytime_td,0.12,0.0,0.0,0.0,0.0,1.0
2025_03_KC_NYG,KC,NYG,Marquise Brown,00-0035662,WR,car,0.024,0.0,0.0,0.0,0.0,0.0
2025_03_KC_NYG,KC,NYG,Marquise Brown,00-0035662,WR,rush_yds,0.136,0.0,0.0,0.0,0.0,0.0
2025_03_KC_NYG,KC,NYG,Marquise Brown,00-0035662,WR,tgt,8.472,4.0,6.0,8.0,11.0,13.0
2025_03_KC_NYG,KC,NYG,Marquise Brown,00-0035662,WR,rec,5.593,2.0,4.0,5.0,7.0,9.0
2025_03_KC_NYG,KC,NYG,Marquise Brown,00-0035662,WR,rec_yds,62.877,19.655,34.708,56.949,84.234,114.387
2025_03_KC_NYG,KC,NYG,Marquise Brown,00-0035662,WR,anytime_td,0.193,0.0,0.0,0.0,0.0,1.0
2025_03_KC_NYG,KC,NYG,Isiah Pacheco,00-0037197,RB,car,8.938,3.0,5.0,8.0,12.0,15.0
2025_03_KC_NYG,KC,NYG,Isiah Pacheco,00-0037197,RB,rush_yds,37.302,7.945,17.424,31.33,51.813,73.401
2025_03_KC_NYG,KC,NYG,Isiah Pacheco,00-0037197,RB,tgt,2.368,0.0,1.0,2.0,3.0,5.0
2025_03_KC_NYG,KC,NYG,Isiah Pacheco,00-0037197,RB,rec,1.869,0.0,1.0,2.0,3.0,4.0
2025_03_KC_NYG,KC,NYG,Isiah Pacheco,00-0037197,RB,rec_yds,13.11,0.0,0.0,8.541,19.497,33.867
2025_03_KC_NYG,KC,NYG,Isiah Pacheco,00-0037197,RB,anytime_td,0.187,0.0,0.0,0.0,0.0,1.0
2025_03_KC_NYG,KC,NYG,Kareem Hunt,00-0033923,RB,car,9.889,4.0,6.0,9.0,13.0,17.0
2025_03_KC_NYG,KC,NYG,Kareem Hunt,00-0033923,RB,rush_yds,41.579,10.008,19.827,36.023,56.496,81.69
2025_03_KC_NYG,KC,NYG,Kareem Hunt,00-0033923,RB,tgt,1.992,0.0,1.0,2.0,3.0,4.0
2025_03_KC_NYG,KC,NYG,Kareem Hunt,00-0033923,RB,rec,1.599,0.0,0.0,1.0,2.0,4.0
2025_03_KC_NYG,KC,NYG,Kareem Hunt,00-0033923,RB,rec_yds,11.342,0.0,0.0,6.52,16.947,30.655
2025_03_KC_NYG,KC,NYG,Kareem Hunt,00-0033923,RB,anytime_td,0.271,0.0,0.0,0.0,1.0,1.0
2025_03_KC_NYG,KC,NYG,Brashard Smith,00-0040078,RB,car,1.295,0.0,0.0,1.0,2.0,4.0
2025_03_KC_NYG,KC,NYG,Brashard Smith,00-0040078,RB,rush_yds,5.753,0.0,0.0,0.0,7.027,18.077
2025_03_KC_NYG,KC,NYG,Brashard Smith,00-0040078,RB,tgt,0.675,0.0,0.0,0.0,1.0,2.0
2025_03_KC_NYG,KC,NYG,Brashard Smith,00-0040078,RB,rec,0.535,0.0,0.0,0.0,1.0,2.0
2025_03_KC_NYG,KC,NYG,Brashard Smith,00-0040078,RB,rec_yds,3.867,0.0,0.0,0.0,4.74,13.49
2025_03_KC_NYG,KC,NYG,Brashard Smith,00-0040078,RB,anytime_td,0.044,0.0,0.0,0.0,0.0,0.0
2025_03_KC_NYG,KC,NYG,Jason Brownlee,00-0038492,WR,car,0.012,0.0,0.0,0.0,0.0,0.0
2025_03_KC_NYG,KC,NYG,Jason Brownlee,00-0038492,WR,rush_yds,0.07,0.0,0.0,0.0,0.0,0.0
2025_03_KC_NYG,KC,NYG,Jason Brownlee,00-0038492,WR,tgt,1.008,0.0,0.0,1.0,2.0,3.0
2025_03_KC_NYG,KC,NYG,Jason Brownlee,00-0038492,WR,rec,0.646,0.0,0.0,0.0,1.0,2.0
2025_03_KC_NYG,KC,NYG,Jason Brownlee,00-0038492,WR,rec_yds,8.133,0.0,0.0,0.0,10.933,27.265
2025_03_KC_NYG,KC,NYG,Jason Brownlee,00-0038492,WR,anytime_td,0.078,0.0,0.0,0.0,0.0,0.0
2025_03_KC_NYG,KC,NYG,Nikko Remigio,00-0038519,WR,car,0.019,0.0,0.0,0.0,0.0,0.0
2025_03_KC_NYG,KC,NYG,Nikko Remigio,00-0038519,WR,rush_yds,0.093,0.0,0.0,0.0,0.0,0.0
2025_03_KC_NYG,KC,NYG,Nikko Remigio,00-0038519,WR,tgt,1.114,0.0,0.0,1.0,2.0,3.0
2025_03_KC_NYG,KC,NYG,Nikko Remigio,00-0038519,WR,rec,0.731,0.0,0.0,0.0,1.0,2.0
2025_03_KC_NYG,KC,NYG,Nikko Remigio,00-0038519,WR,rec_yds,9.423,0.0,0.0,0.0,13.139,30.458
2025_03_KC_NYG,KC,NYG,Nikko Remigio,00-0038519,WR,anytime_td,0.023,0.0,0.0,0.0,0.0,0.0
2025_03_LA_PHI,PHI,LA,Jalen Hurts,00-0036389,QB,att,26.473,17.0,22.0,27.0,32.0,36.0
2025_03_LA_PHI,PHI,LA,Jalen Hurts,00-0036389,QB,cmp,17.889,11.0,14.0,18.0,22.0,25.0
2025_03_LA_PHI,PHI,LA,Jalen Hurts,00-0036389,QB,pass_yds,197.773,112.66,152.841,196.435,243.404,288.406
2025_03_LA_PHI,PHI,LA,Jalen Hurts,00-0036389,QB,pass_td,1.173,0.0,0.0,1.0,2.0,2.0
2025_03_LA_PHI,PHI,LA,Jalen Hurts,00-0036389,QB,ints,0.518,0.0,0.0,0.0,1.0,2.0
2025_03_LA_PHI,PHI,LA,Jalen Hurts,00-0036389,QB,car,7.505,3.0,5.0,7.0,10.0,13.0
2025_03_LA_PHI,PHI,LA,Jalen Hurts,00-0036389,QB,rush_yds,36.537,7.243,17.862,32.416,50.901,70.509
2025_03_LA_PHI,PHI,LA,Jalen Hurts,00-0036389,QB,tgt,0.0,0.0,0.0,0.0,0.0,0.0
2025_03_LA_PHI,PHI,LA,Jalen Hurts,00-0036389,QB,rec,0.0,0.0,0.0,0.0,0.0,0.0
2025_03_LA_PHI,PHI,LA,Jalen Hurts,00-0036389,QB,rec_yds,0.0,0.0,0.0,0.0,0.0,0.0
2025_03_LA_PHI,PHI,LA,Jalen Hurts,00-0036389,QB,anytime_td,0.483,0.0,0.0,0.0,1.0,1.0
2025_03_LA_PHI,PHI,LA,DeVonta Smith,00-0036912,WR,car,0.025,0.0,0.0,0.0,0.0,0.0
2025_03_LA_PHI,PHI,LA,DeVonta Smith,00-0036912,WR,rush_yds,0.198,0.0,0.0,0.0,0.0,0.0
2025_03_LA_PHI,PHI,LA,DeVonta Smith,00-0036912,WR,tgt,5.138,2.0,3.0,5.0,7.0,9.0
2025_03_LA_PHI,PHI,LA,DeVonta Smith,00-0036912,WR,rec,3.558,1.0,2.0,3.0,5.0,6.0
2025_03_LA_PHI,PHI,LA,DeVonta Smith,00-0036912,WR,rec_yds,44.38,7.046,19.195,38.568,60.565,91.003
2025_03_LA_PHI,PHI,LA,DeVonta Smith,00-0036912,WR,anytime_td,0.26,0.0,0.0,0.0,1.0,1.0
2025_03_LA_PHI,PHI,LA,Saquon Barkley,00-0034844,RB,car,17.272,9.0,12.0,17.0,22.0,26.0
2025_03_LA_PHI,PHI,LA,Saquon Barkley,00-0034844,RB,rush_yds,82.662,31.413,49.546,74.89,107.79,144.231
2025_03_LA_PHI,PHI,LA,Saquon Barkley,00-0034844,RB,tgt,3.074,1.0,1.0,3.0,4.0,6.0
2025_03_LA_PHI,PHI,LA,Saquon Barkley,00-0034844,RB,rec,2.442,0.0,1.0,2.0,3.0,5.0
2025_03_LA_PHI,PHI,LA,Saquon Barkley,00-0034844,RB,rec_yds,17.347,0.0,4.154,12.686,25.383,40.441
2025_03_LA_PHI,PHI,LA,Saquon Barkley,00-0034844,RB,anytime_td,0.465,0.0,0.0,0.0,1.0,1.0
2025_03_LA_PHI,PHI,LA,A.J. Brown,00-0035676,WR,car,0.007,0.0,0.0,0.0,0.0,0.0
2025_03_LA_PHI,PHI,LA,A.J. Brown,00-0035676,WR,rush_yds,0.035,0.0,0.0,0.0,0.0,0.0
2025_03_LA_PHI,PHI,LA,A.J. Brown,00-0035676,WR,tgt,5.789,2.0,4.0,5.0,8.0,10.0
2025_03_LA_PHI,PHI,LA,A.J. Brown,00-0035676,WR,rec,3.703,1.0,2.0,3.0,5.0,7.0
2025_03_LA_PHI,PHI,LA,A.J. Brown,00-0035676,WR,rec_yds,46.214,7.688,21.164,40.113,65.558,92.034
2025_03_LA_PHI,PHI,LA,A.J. Brown,00-0035676,WR,anytime_td,0.267,0.0,0.0,0.0,1.0,1.0
2025_03_LA_PHI,PHI,LA,Dallas Goedert,00-0034351,TE,car,0.136,0.0,0.0,0.0,0.0,0.0
2025_03_LA_PHI,PHI,LA,Dallas Goedert,00-0034351,TE,rush_yds,0.334,0.0,0.0,0.0,0.0,0.0
2025_03_LA_PHI,PHI,LA,Dallas Goedert,00-0034351,TE,tgt,5.093,2.0,3.0,5.0,7.0,9.0
2025_03_LA_PHI,PHI,LA,Dallas Goedert,00-0034351,TE,rec,3.92,1.0,2.0,4.0,5.0,7.0
2025_03_LA_PHI,PHI,LA,Dallas Goedert,00-0034351,TE,rec_yds,40.653,7.877,19.403,35.159,56.729,79.199
2025_03_LA_PHI,PHI,LA,Dallas Goedert,00-0034351,TE,anytime_td,0.192,0.0,0.0,0.0,0.0,1.0
2025_03_LA_PHI,PHI,LA,Jahan Dotson,00-0037741,WR,car,0.022,0.0,0.0,0.0,0.0,0.0
2025_03_LA_PHI,PHI,LA,Jahan Dotson,00-0037741,WR,rush_yds,0.152,0.0,0.0,0.0,0.0,0.0
2025_03_LA_PHI,PHI,LA,Jahan Dotson,00-0037741,WR,tgt,2.001,0.0,1.0,2.0,3.0,4.0
2025_03_LA_PHI,PHI,LA,Jahan Dotson,00-0037741,WR,rec,1.308,0.0,0.0,1.0,2.0,3.0
2025_03_LA_PHI,PHI,LA,Jahan Dotson,00-0037741,WR,rec_yds,17.469,0.0,0.0,10.327,26.856,46.361
2025_03_LA_PHI,PHI,LA,Jahan Dotson,00-0037741,WR,anytime_td,0.081,0.0,0.0,0.0,0.0,0.0
2025_03_LA_PHI,PHI,LA,Grant Calcaterra,00-0037086,TE,car,0.005,0.0,0.0,0.0,0.0,0.0
2025_03_LA_PHI,PHI,LA,Grant Calcaterra,00-0037086,TE,rush_yds,0.011,0.0,0.0,0.0,0.0,0.0
2025_03_LA_PHI,PHI,LA,Grant Calcaterra,00-0037086,TE,tgt,1.133,0.0,0.0,1.0,2.0,3.0
2025_03_LA_PHI,PHI,LA,Grant Calcaterra,00-0037086,TE,rec,0.794,0.0,0.0,0.0,1.0,2.0
2025_03_LA_PHI,PHI,LA,Grant Calcaterra,00-0037086,TE,rec_yds,8.439,0.0,0.0,0.0,12.904,25.736
2025_03_LA_PHI,PHI,LA,Grant Calcaterra,00-0037086,TE,anytime_td,0.044,0.0,0.0,0.0,0.0,0.0
2025_03_LA_PHI,PHI,LA,AJ Dillon,00-0036265,RB,car,6.146,1.0,3.0,5.0,9.0,12.0
2025_03_LA_PHI,PHI,LA,AJ Dillon,00-0036265,RB,rush_yds,27.518,1.864,8.173,20.082,39.186,61.586
2025_03_LA_PHI,PHI,LA,AJ Dillon,00-0036265,RB,tgt,0.711,0.0,0.0,0.0,1.0,2.0
2025_03_LA_PHI,PHI,LA,AJ Dillon,00-0036265,RB,rec,0.553,0.0,0.0,0.0,1.0,2.0
2025_03_LA_PHI,PHI,LA,AJ Dillon,00-0036265,RB,rec_yds,4.177,0.0,0.0,0.0,5.512,14.629
2025_03_LA_PHI,PHI,LA,AJ Dillon,00-0036265,RB,anytime_td,0.144,0.0,0.0,0.0,0.0,1.0
2025_03_LA_PHI,PHI,LA,Kylen Granson,00-0036876,TE,car,0.005,0.0,0.0,0.0,0.0,0.0
2025_03_LA_PHI,PHI,LA,Kylen Granson,00-0036876,TE,rush_yds,0.014,0.0,0.0,0.0,0.0,0.0
2025_03_LA_PHI,PHI,LA,Kylen Granson,00-0036876,TE,tgt,1.546,0.0,0.0,1.0,2.0,4.0
2025_03_LA_PHI,PHI,LA,Kylen Granson,00-0036876,TE,rec,1.101,0.0,0.0,1.0,2.0,3.0
2025_03_LA_PHI,PHI,LA,Kylen Granson,00-0036876,TE,rec_yds,11.334,0.0,0.0,5.876,17.15,31.981
2025_03_LA_PHI,PHI,LA,Kylen Granson,00-0036876,TE,anytime_td,0.053,0.0,0.0,0.0,0.0,0.0
2025_03_LA_PHI,PHI,LA,John Metchie III,00-0037614,WR,car,0.021,0.0,0.0,0.0,0.0,0.0
2025_03_LA_PHI,PHI,LA,John Metchie III,00-0037614,WR,rush_yds,0.135,0.0,0.0,0.0,0.0,0.0
2025_03_LA_PHI,PHI,LA,John Metchie III,00-0037614,WR,tgt,1.868,0.0,1.0,2.0,3.0,4.0
2025_03_LA_PHI,PHI,LA,John Metchie III,00-0037614,WR,rec,1.2,0.0,0.0,1.0,2.0,3.0
2025_03_LA_PHI,PHI,LA,John Metchie III,00-0037614,WR,rec_yds,14.83,0.0,0.0,8.339,22.324,39.881
2025_03_LA_PHI,PHI,LA,John Metchie III,00-0037614,WR,anytime_td,0.084,0.0,0.0,0.0,0.0,0.0
2025_03_LA_PHI,LA,PHI,Matthew Stafford,00-0026498,QB,att,31.267,21.0,27.0,32.0,37.0,42.0
2025_03_LA_PHI,LA,PHI,Matthew Stafford,00-0026498,QB,cmp,20.261,13.0,17.0,21.0,25.0,28.0
2025_03_LA_PHI,LA,PHI,Matthew Stafford,00-0026498,QB,pass_yds,221.051,128.087,173.523,220.957,271.873,321.417
2025_03_LA_PHI,LA,PHI,Matthew Stafford,00-0026498,QB,pass_td,1.329,0.0,0.0,1.0,2.0,3.0
2025_03_LA_PHI,LA,PHI,Matthew Stafford,00-0026498,QB,ints,0.65,0.0,0.0,0.0,1.0,2.0
2025_03_LA_PHI,LA,PHI,Matthew Stafford,00-0026498,QB,car,2.362,0.0,1.0,2.0,3.0,5.0
2025_03_LA_PHI,LA,PHI,Matthew Stafford,00-0026498,QB,rush_yds,8.164,-1.0,0.0,3.839,12.675,24.041
2025_03_LA_PHI,LA,PHI,Matthew Stafford,00-0026498,QB,tgt,0.0,0.0,0.0,0.0,0.0,0.0
2025_03_LA_PHI,LA,PHI,Matthew Stafford,00-0026498,QB,rec,0.0,0.0,0.0,0.0,0.0,0.0
2025_03_LA_PHI,LA,PHI,Matthew Stafford,00-0026498,QB,rec_yds,0.003,0.0,0.0,0.0,0.0,0.0
2025_03_LA_PHI,LA,PHI,Matthew Stafford,00-0026498,QB,anytime_td,0.054,0.0,0.0,0.0,0.0,0.0
2025_03_LA_PHI,LA,PHI,Puka Nacua,00-0039075,WR,car,0.903,0.0,0.0,0.0,1.0,3.0
2025_03_LA_PHI,LA,PHI,Puka Nacua,00-0039075,WR,rush_yds,5.166,0.0,0.0,0.0,3.763,18.813
2025_03_LA_PHI,LA,PHI,Puka Nacua,00-0039075,WR,tgt,9.659,5.0,7.0,9.0,12.0,15.0
2025_03_LA_PHI,LA,PHI,Puka Nacua,00-0039075,WR,rec,6.832,3.0,5.0,6.0,9.0,11.0
2025_03_LA_PHI,LA,PHI,Puka Nacua,00-0039075,WR,rec_yds,80.222,30.067,48.908,74.328,105.165,137.404
2025_03_LA_PHI,LA,PHI,Puka Nacua,00-0039075,WR,anytime_td,0.28,0.0,0.0,0.0,1.0,1.0
2025_03_LA_PHI,LA,PHI,Davante Adams,00-0031381,WR,car,0.017,0.0,0.0,0.0,0.0,0.0
2025_03_LA_PHI,LA,PHI,Davante Adams,00-0031381,WR,rush_yds,0.055,0.0,0.0,0.0,0.0,0.0
2025_03_LA_PHI,LA,PHI,Davante Adams,00-0031381,WR,tgt,9.536,5.0,7.0,9.0,12.0,15.0
2025_03_LA_PHI,LA,PHI,Davante Adams,00-0031381,WR,rec,5.599,2.0,4.0,5.0,7.0,9.0
2025_03_LA_PHI,LA,PHI,Davante Adams,00-0031381,WR,rec_yds,69.919,21.524,38.237,63.767,93.831,126.506
2025_03_LA_PHI,LA,PHI,Davante Adams,00-0031381,WR,anytime_td,0.38,0.0,0.0,0.0,1.0,1.0
2025_03_LA_PHI,LA,PHI,Kyren Williams,00-0037840,RB,car,17.881,10.0,13.0,17.0,22.0,27.0
2025_03_LA_PHI,LA,PHI,Kyren Williams,00-0037840,RB,rush_yds,73.869,29.684,45.051,67.048,95.872,125.968
2025_03_LA_PHI,LA,PHI,Kyren Williams,00-0037840,RB,tgt,2.072,0.0,1.0,2.0,3.0,4.0
2025_03_LA_PHI,LA,PHI,Kyren Williams,00-0037840,RB,rec,1.639,0.0,0.0,1.0,2.0,4.0
2025_03_LA_PHI,LA,PHI,Kyren Williams,00-0037840,RB,rec_yds,10.79,0.0,0.0,6.5,16.023,29.08
2025_03_LA_PHI,LA,PHI,Kyren Williams,00-0037840,RB,anytime_td,0.478,0.0,0.0,0.0,1.0,1.0
2025_03_LA_PHI,LA,PHI,Tyler Higbee,00-0033110,TE,car,0.003,0.0,0.0,0.0,0.0,0.0
2025_03_LA_PHI,LA,PHI,Tyler Higbee,00-0033110,TE,rush_yds,0.006,0.0,0.0,0.0,0.0,0.0
2025_03_LA_PHI,LA,PHI,Tyler Higbee,00-0033110,TE,tgt,3.467,1.0,2.0,3.0,5.0,7.0
2025_03_LA_PHI,LA,PHI,Tyler Higbee,00-0033110,TE,rec,2.595,0.0,1.0,2.0,4.0,5.0
2025_03_LA_PHI,LA,PHI,Tyler Higbee,00-0033110,TE,rec_yds,24.712,0.0,7.882,19.414,36.416,54.538
2025_03_LA_PHI,LA,PHI,Tyler Higbee,00-0033110,TE,anytime_td,0.171,0.0,0.0,0.0,0.0,1.0
2025_03_LA_PHI,LA,PHI,Jordan Whittington,00-0039751,WR,car,0.342,0.0,0.0,0.0,0.0,1.0
2025_03_LA_PHI,LA,PHI,Jordan Whittington,00-0039751,WR,rush_yds,1.844,0.0,0.0,0.0,0.0,3.777
2025_03_LA_PHI,LA,PHI,Jordan Whittington,00-0039751,WR,tgt,1.304,0.0,0.0,1.0,2.0,3.0
2025_03_LA_PHI,LA,PHI,Jordan Whittington,00-0039751,WR,rec,0.855,0.0,0.0,1.0,1.0,2.0
2025_03_LA_PHI,LA,PHI,Jordan Whittington,00-0039751,WR,rec_yds,10.627,0.0,0.0,0.92,15.66,32.937
2025_03_LA_PHI,LA,PHI,Jordan Whittington,00-0039751,WR,anytime_td,0.032,0.0,0.0,0.0,0.0,0.0
2025_03_LA_PHI,LA,PHI,Davis Allen,00-0039074,TE,car,0.003,0.0,0.0,0.0,0.0,0.0
2025_03_LA_PHI,LA,PHI,Davis Allen,00-0039074,TE,rush_yds,0.007,0.0,0.0,0.0,0.0,0.0
2025_03_LA_PHI,LA,PHI,Davis Allen,00-0039074,TE,tgt,1.106,0.0,0.0,1.0,2.0,3.0
2025_03_LA_PHI,LA,PHI,Davis Allen,00-0039074,TE,rec,0.781,0.0,0.0,0.0,1.0,2.0
2025_03_LA_PHI,LA,PHI,Davis Allen,00-0039074,TE,rec_yds,7.354,0.0,0.0,0.0,10.687,22.46
2025_03_LA_PHI,LA,PHI,Davis Allen,00-0039074,TE,anytime_td,0.169,0.0,0.0,0.0,0.0,1.0
2025_03_LA_PHI,LA,PHI,Tutu Atwell,00-0036849,WR,car,0.064,0.0,0.0,0.0,0.0,0.0
2025_03_LA_PHI,LA,PHI,Tutu Atwell,00-0036849,WR,rush_yds,0.328,0.0,0.0,0.0,0.0,0.0
2025_03_LA_PHI,LA,PHI,Tutu Atwell,00-0036849,WR,tgt,1.93,0.0,1.0,2.0,3.0,4.0
2025_03_LA_PHI,LA,PHI,Tutu Atwell,00-0036849,WR,rec,1.217,0.0,0.0,1.0,2.0,3.0
2025_03_LA_PHI,LA,PHI,Tutu Atwell,00-0036849,WR,rec_yds,14.364,0.0,0.0,7.876,21.201,40.327
2025_03_LA_PHI,LA,PHI,Tutu Atwell,00-0036849,WR,anytime_td,0.033,0.0,0.0,0.0,0.0,0.0
2025_03_LA_PHI,LA,PHI,Colby Parkinson,00-0036244,TE,car,0.001,0.0,0.0,0.0,0.0,0.0
2025_03_LA_PHI,LA,PHI,Colby Parkinson,00-0036244,TE,rush_yds,0.001,0.0,0.0,0.0,0.0,0.0
2025_03_LA_PHI,LA,PHI,Colby Parkinson,00-0036244,TE,tgt,2.016,0.0,1.0,2.0,3.0,5.0
2025_03_LA_PHI,LA,PHI,Colby Parkinson,00-0036244,TE,rec,1.455,0.0,0.0,1.0,2.0,3.0
2025_03_LA_PHI,LA,PHI,Colby Parkinson,00-0036244,TE,rec_yds,12.667,0.0,0.0,7.986,19.426,32.866
2025_03_LA_PHI,LA,PHI,Colby Parkinson,00-0036244,TE,anytime_td,0.113,0.0,0.0,0.0,0.0,1.0
2025_03_LA_PHI,LA,PHI,Blake Corum,00-0039738,RB,car,3.741,0.0,1.0,3.0,6.0,8.0
2025_03_LA_PHI,LA,PHI,Blake Corum,00-0039738,RB,rush_yds,16.549,0.0,2.221,10.185,24.162,41.36
2025_03_LA_PHI,LA,PHI,Blake Corum,00-0039738,RB,tgt,0.621,0.0,0.0,0.0,1.0,2.0
2025_03_LA_PHI,LA,PHI,Blake Corum,00-0039738,RB,rec,0.491,0.0,0.0,0.0,1.0,2.0
2025_03_LA_PHI,LA,PHI,Blake Corum,00-0039738,RB,rec_yds,3.429,0.0,0.0,0.0,3.132,12.267
2025_03_LA_PHI,LA,PHI,Blake Corum,00-0039738,RB,anytime_td,0.19,0.0,0.0,0.0,0.0,1.0
2025_03_LV_WAS,WAS,LV,Marcus Mariota,00-0032268,QB,att,32.318,22.0,28.0,33.0,38.0,43.0
2025_03_LV_WAS,WAS,LV,Marcus Mariota,00-0032268,QB,cmp,21.617,14.0,18.0,22.0,26.0,30.0
2025_03_LV_WAS,WAS,LV,Marcus Mariota,00-0032268,QB,pass_yds,241.674,145.487,193.715,241.317,294.554,346.3
2025_03_LV_WAS,WAS,LV,Marcus Mariota,00-0032268,QB,pass_td,1.64,0.0,1.0,2.0,2.0,3.0
2025_03_LV_WAS,WAS,LV,Marcus Mariota,00-0032268,QB,ints,0.616,0.0,0.0,0.0,1.0,2.0
2025_03_LV_WAS,WAS,LV,Marcus Mariota,00-0032268,QB,car,4.146,1.0,2.0,4.0,6.0,8.0
2025_03_LV_WAS,WAS,LV,Marcus Mariota,00-0032268,QB,rush_yds,17.648,-0.012,3.939,13.592,26.673,41.478
2025_03_LV_WAS,WAS,LV,Marcus Mariota,00-0032268,QB,tgt,0.001,0.0,0.0,0.0,0.0,0.0
2025_03_LV_WAS,WAS,LV,Marcus Mariota,00-0032268,QB,rec,0.001,0.0,0.0,0.0,0.0,0.0
2025_03_LV_WAS,WAS,LV,Marcus Mariota,00-0032268,QB,rec_yds,0.007,0.0,0.0,0.0,0.0,0.0
2025_03_LV_WAS,WAS,LV,Marcus Mariota,00-0032268,QB,anytime_td,0.09,0.0,0.0,0.0,0.0,0.0
2025_03_LV_WAS,WAS,LV,Terry McLaurin,00-0035659,WR,car,0.043,0.0,0.0,0.0,0.0,0.0
2025_03_LV_WAS,WAS,LV,Terry McLaurin,00-0035659,WR,rush_yds,0.215,0.0,0.0,0.0,0.0,0.0
2025_03_LV_WAS,WAS,LV,Terry McLaurin,00-0035659,WR,tgt,8.254,4.0,6.0,8.0,10.0,13.0
2025_03_LV_WAS,WAS,LV,Terry McLaurin,00-0035659,WR,rec,5.344,2.0,3.0,5.0,7.0,9.0
2025_03_LV_WAS,WAS,LV,Terry McLaurin,00-0035659,WR,rec_yds,66.66,19.654,36.005,59.879,91.259,121.506
2025_03_LV_WAS,WAS,LV,Terry McLaurin,00-0035659,WR,anytime_td,0.338,0.0,0.0,0.0,1.0,1.0
2025_03_LV_WAS,WAS,LV,Ben Sinnott,00-0039912,TE,car,0.001,0.0,0.0,0.0,0.0,0.0
2025_03_LV_WAS,WAS,LV,Ben Sinnott,00-0039912,TE,rush_yds,0.001,0.0,0.0,0.0,0.0,0.0
2025_03_LV_WAS,WAS,LV,Ben Sinnott,00-0039912,TE,tgt,0.613,0.0,0.0,0.0,1.0,2.0
2025_03_LV_WAS,WAS,LV,Ben Sinnott,00-0039912,TE,rec,0.464,0.0,0.0,0.0,1.0,2.0
2025_03_LV_WAS,WAS,LV,Ben Sinnott,00-0039912,TE,rec_yds,4.749,0.0,0.0,0.0,5.821,16.439
2025_03_LV_WAS,WAS,LV,Ben Sinnott,00-0039912,TE,anytime_td,0.016,0.0,0.0,0.0,0.0,0.0
2025_03_LV_WAS,WAS,LV,Chris Moore,00-0032398,WR,car,0.036,0.0,0.0,0.0,0.0,0.0
2025_03_LV_WAS,WAS,LV,Chris Moore,00-0032398,WR,rush_yds,0.199,0.0,0.0,0.0,0.0,0.0
2025_03_LV_WAS,WAS,LV,Chris Moore,00-0032398,WR,tgt,1.186,0.0,0.0,1.0,2.0,3.0
2025_03_LV_WAS,WAS,LV,Chris Moore,00-0032398,WR,rec,0.799,0.0,0.0,0.0,1.0,2.0
2025_03_LV_WAS,WAS,LV,Chris Moore,00-0032398,WR,rec_yds,10.878,0.0,0.0,0.0,15.692,33.93
2025_03_LV_WAS,WAS,LV,Chris Moore,00-0032398,WR,anytime_td,0.029,0.0,0.0,0.0,0.0,0.0
2025_03_LV_WAS,WAS,LV,Zach Ertz,00-0030061,TE,car,0.001,0.0,0.0,0.0,0.0,0.0
2025_03_LV_WAS,WAS,LV,Zach Ertz,00-0030061,TE,rush_yds,0.005,0.0,0.0,0.0,0.0,0.0
2025_03_LV_WAS,WAS,LV,Zach Ertz,00-0030061,TE,tgt,7.529,3.0,5.0,7.0,10.0,12.0
2025_03_LV_WAS,WAS,LV,Zach Ertz,00-0030061,TE,rec,5.664,2.0,4.0,5.0,7.0,9.0
2025_03_LV_WAS,WAS,LV,Zach Ertz,00-0030061,TE,rec_yds,56.946,16.824,31.302,52.597,76.926,103.112
2025_03_LV_WAS,WAS,LV,Zach Ertz,00-0030061,TE,anytime_td,0.436,0.0,0.0,0.0,1.0,1.0
2025_03_LV_WAS,WAS,LV,Deebo Samuel Sr.,00-0035719,WR,car,2.124,0.0,0.0,1.0,3.0,6.0
2025_03_LV_WAS,WAS,LV,Deebo Samuel Sr.,00-0035719,WR,rush_yds,11.122,0.0,0.0,3.409,16.253,33.207
2025_03_LV_WAS,WAS,LV,Deebo Samuel Sr.,00-0035719,WR,tgt,8.603,4.0,6.0,8.0,11.0,14.0
2025_03_LV_WAS,WAS,LV,Deebo Samuel Sr.,00-0035719,WR,rec,6.079,3.0,4.0,6.0,8.0,10.0
2025_03_LV_WAS,WAS,LV,Deebo Samuel Sr.,00-0035719,WR,rec_yds,69.832,23.028,40.489,63.838,93.133,123.276
2025_03_LV_WAS,WAS,LV,Deebo Samuel Sr.,00-0035719,WR,anytime_td,0.459,0.0,0.0,0.0,1.0,1.0
2025_03_LV_WAS,WAS,LV,Jacory Croskey-Merritt,00-0040242,RB,car,10.078,4.0,6.0,9.0,13.0,17.0
2025_03_LV_WAS,WAS,LV,Jacory Croskey-Merritt,00-0040242,RB,rush_yds,44.25,10.554,21.381,37.138,60.073,85.537
2025_03_LV_WAS,WAS,LV,Jacory Croskey-Merritt,00-0040242,RB,tgt,1.184,0.0,0.0,1.0,2.0,3.0
2025_03_LV_WAS,WAS,LV,Jacory Croskey-Merritt,00-0040242,RB,rec,0.919,0.0,0.0,1.0,1.0,2.0
2025_03_LV_WAS,WAS,LV,Jacory Croskey-Merritt,00-0040242,RB,rec_yds,6.614,0.0,0.0,0.0,9.315,20.266
2025_03_LV_WAS,WAS,LV,Jacory Croskey-Merritt,00-0040242,RB,anytime_td,0.311,0.0,0.0,0.0,1.0,1.0
2025_03_LV_WAS,WAS,LV,Chris Rodriguez Jr.,00-0038611,RB,car,5.975,1.0,3.0,5.0,8.0,12.0
2025_03_LV_WAS,WAS,LV,Chris Rodriguez Jr.,00-0038611,RB,rush_yds,24.557,1.929,7.738,18.503,34.037,54.749
2025_03_LV_WAS,WAS,LV,Chris Rodriguez Jr.,00-0038611,RB,tgt,0.42,0.0,0.0,0.0,1.0,1.0
2025_03_LV_WAS,WAS,LV,Chris Rodriguez Jr.,00-0038611,RB,rec,0.341,0.0,0.0,0.0,0.0,1.0
2025_03_LV_WAS,WAS,LV,Chris Rodriguez Jr.,00-0038611,RB,rec_yds,2.326,0.0,0.0,0.0,0.0,8.681
2025_03_LV_WAS,WAS,LV,Chris Rodriguez Jr.,00-0038611,RB,anytime_td,0.197,0.0,0.0,0.0,0.0,1.0
2025_03_LV_WAS,WAS,LV,Luke McCaffrey,00-0039355,WR,car,0.021,0.0,0.0,0.0,0.0,0.0
2025_03_LV_WAS,WAS,LV,Luke McCaffrey,00-0039355,WR,rush_yds,0.108,0.0,0.0,0.0,0.0,0.0
2025_03_LV_WAS,WAS,LV,Luke McCaffrey,00-0039355,WR,tgt,1.06,0.0,0.0,1.0,2.0,3.0
2025_03_LV_WAS,WAS,LV,Luke McCaffrey,00-0039355,WR,rec,0.703,0.0,0.0,0.0,1.0,2.0
2025_03_LV_WAS,WAS,LV,Luke McCaffrey,00-0039355,WR,rec_yds,8.98,0.0,0.0,0.0,12.841,29.346
2025_03_LV_WAS,WAS,LV,Luke McCaffrey,00-0039355,WR,anytime_td,0.019,0.0,0.0,0.0,0.0,0.0
2025_03_LV_WAS,WAS,LV,Jeremy McNichols,00-0033955,RB,car,3.401,0.0,1.0,2.0,5.0,8.0
2025_03_LV_WAS,WAS,LV,Jeremy McNichols,00-0033955,RB,rush_yds,13.826,0.0,0.989,7.982,19.671,36.371
2025_03_LV_WAS,WAS,LV,Jeremy McNichols,00-0033955,RB,tgt,0.566,0.0,0.0,0.0,1.0,2.0
2025_03_LV_WAS,WAS,LV,Jeremy McNichols,00-0033955,RB,rec,0.461,0.0,0.0,0.0,1.0,2.0
2025_03_LV_WAS,WAS,LV,Jeremy McNichols,00-0033955,RB,rec_yds,3.454,0.0,0.0,0.0,2.866,11.937
2025_03_LV_WAS,WAS,LV,Jeremy McNichols,00-0033955,RB,anytime_td,0.105,0.0,0.0,0.0,0.0,1.0
2025_03_LV_WAS,WAS,LV,Jaylin Lane,00-0040164,WR,car,0.035,0.0,0.0,0.0,0.0,0.0
2025_03_LV_WAS,WAS,LV,Jaylin Lane,00-0040164,WR,rush_yds,0.204,0.0,0.0,0.0,0.0,0.0
2025_03_LV_WAS,WAS,LV,Jaylin Lane,00-0040164,WR,tgt,3.449,1.0,2.0,3.0,5.0,7.0
2025_03_LV_WAS,WAS,LV,Jaylin Lane,00-0040164,WR,rec,2.154,0.0,1.0,2.0,3.0,4.0
2025_03_LV_WAS,WAS,LV,Jaylin Lane,00-0040164,WR,rec_yds,26.412,0.0,6.285,19.665,38.442,62.257
2025_03_LV_WAS,WAS,LV,Jaylin Lane,00-0040164,WR,anytime_td,0.079,0.0,0.0,0.0,0.0,0.0
2025_03_LV_WAS,LV,WAS,Geno Smith,00-0030565,QB,att,32.819,22.0,28.0,33.0,39.0,44.0
2025_03_LV_WAS,LV,WAS,Geno Smith,00-0030565,QB,cmp,20.064,13.0,17.0,20.0,24.0,28.0
2025_03_LV_WAS,LV,WAS,Geno Smith,00-0030565,QB,pass_yds,210.697,122.401,164.995,209.286,256.132,306.868
2025_03_LV_WAS,LV,WAS,Geno Smith,00-0030565,QB,pass_td,1.004,0.0,0.0,1.0,2.0,2.0
2025_03_LV_WAS,LV,WAS,Geno Smith,00-0030565,QB,ints,0.811,0.0,0.0,1.0,1.0,2.0
2025_03_LV_WAS,LV,WAS,Geno Smith,00-0030565,QB,car,3.087,0.0,1.0,3.0,4.0,6.0
2025_03_LV_WAS,LV,WAS,Geno Smith,00-0030565,QB,rush_yds,14.574,0.0,2.731,10.288,21.55,35.388
2025_03_LV_WAS,LV,WAS,Geno Smith,00-0030565,QB,tgt,0.0,0.0,0.0,0.0,0.0,0.0
2025_03_LV_WAS,LV,WAS,Geno Smith,00-0030565,QB,rec,0.0,0.0,0.0,0.0,0.0,0.0
2025_03_LV_WAS,LV,WAS,Geno Smith,00-0030565,QB,rec_yds,0.0,0.0,0.0,0.0,0.0,0.0
2025_03_LV_WAS,LV,WAS,Geno Smith,00-0030565,QB,anytime_td,0.053,0.0,0.0,0.0,0.0,0.0
2025_03_LV_WAS,LV,WAS,Tre Tucker,00-0038563,WR,car,0.498,0.0,0.0,0.0,0.0,2.0
2025_03_LV_WAS,LV,WAS,Tre Tucker,00-0038563,WR,rush_yds,2.653,0.0,0.0,0.0,0.0,9.397
2025_03_LV_WAS,LV,WAS,Tre Tucker,00-0038563,WR,tgt,4.66,1.0,3.0,4.0,6.0,8.0
2025_03_LV_WAS,LV,WAS,Tre Tucker,00-0038563,WR,rec,2.606,0.0,1.0,2.0,4.0,5.0
2025_03_LV_WAS,LV,WAS,Tre Tucker,00-0038563,WR,rec_yds,31.076,0.0,10.051,24.415,44.992,68.927
2025_03_LV_WAS,LV,WAS,Tre Tucker,00-0038563,WR,anytime_td,0.206,0.0,0.0,0.0,0.0,1.0
2025_03_LV_WAS,LV,WAS,Jakobi Meyers,00-0034960,WR,car,0.07,0.0,0.0,0.0,0.0,0.0
2025_03_LV_WAS,LV,WAS,Jakobi Meyers,00-0034960,WR,rush_yds,0.356,0.0,0.0,0.0,0.0,0.0
2025_03_LV_WAS,LV,WAS,Jakobi Meyers,00-0034960,WR,tgt,8.666,4.0,6.0,8.0,11.0,14.0
2025_03_LV_WAS,LV,WAS,Jakobi Meyers,00-0034960,WR,rec,5.294,2.0,3.0,5.0,7.0,9.0
2025_03_LV_WAS,LV,WAS,Jakobi Meyers,00-0034960,WR,rec_yds,62.53,17.209,33.739,56.692,85.069,114.421
2025_03_LV_WAS,LV,WAS,Jakobi Meyers,00-0034960,WR,anytime_td,0.214,0.0,0.0,0.0,0.0,1.0
2025_03_LV_WAS,LV,WAS,Brock Bowers,00-0039338,TE,car,0.178,0.0,0.0,0.0,0.0,0.0
2025_03_LV_WAS,LV,WAS,Brock Bowers,00-0039338,TE,rush_yds,0.412,0.0,0.0,0.0,0.0,0.0
2025_03_LV_WAS,LV,WAS,Brock Bowers,00-0039338,TE,tgt,7.445,3.0,5.0,7.0,10.0,12.0
2025_03_LV_WAS,LV,WAS,Brock Bowers,00-0039338,TE,rec,4.966,2.0,3.0,5.0,7.0,9.0
2025_03_LV_WAS,LV,WAS,Brock Bowers,00-0039338,TE,rec_yds,52.377,14.433,27.598,46.703,71.619,98.568
2025_03_LV_WAS,LV,WAS,Brock Bowers,00-0039338,TE,anytime_td,0.191,0.0,0.0,0.0,0.0,1.0
2025_03_LV_WAS,LV,WAS,Ashton Jeanty,00-0040122,RB,car,13.023,6.0,9.0,12.0,17.0,21.0
2025_03_LV_WAS,LV,WAS,Ashton Jeanty,00-0040122,RB,rush_yds,49.4,15.129,26.681,43.908,65.967,90.184
2025_03_LV_WAS,LV,WAS,Ashton Jeanty,00-0040122,RB,tgt,2.414,0.0,1.0,2.0,3.0,5.0
2025_03_LV_WAS,LV,WAS,Ashton Jeanty,00-0040122,RB,rec,1.805,0.0,1.0,1.0,3.0,4.0
2025_03_LV_WAS,LV,WAS,Ashton Jeanty,00-0040122,RB,rec_yds,10.994,0.0,0.0,7.085,16.374,28.263
2025_03_LV_WAS,LV,WAS,Ashton Jeanty,00-0040122,RB,anytime_td,0.334,0.0,0.0,0.0,1.0,1.0
2025_03_LV_WAS,LV,WAS,Dont'e Thornton Jr.,00-0040581,WR,car,0.021,0.0,0.0,0.0,0.0,0.0
2025_03_LV_WAS,LV,WAS,Dont'e Thornton Jr.,00-0040581,WR,rush_yds,0.091,0.0,0.0,0.0,0.0,0.0
2025_03_LV_WAS,LV,WAS,Dont'e Thornton Jr.,00-0040581,WR,tgt,3.353,1.0,2.0,3.0,5.0,7.0
2025_03_LV_WAS,LV,WAS,Dont'e Thornton Jr.,00-0040581,WR,rec,1.871,0.0,1.0,2.0,3.0,4.0
2025_03_LV_WAS,LV,WAS,Dont'e Thornton Jr.,00-0040581,WR,rec_yds,23.507,0.0,4.085,16.651,35.375,57.635
2025_03_LV_WAS,LV,WAS,Dont'e Thornton Jr.,00-0040581,WR,anytime_td,0.08,0.0,0.0,0.0,0.0,0.0
2025_03_LV_WAS,LV,WAS,Zamir White,00-0038040,RB,car,5.189,1.0,2.0,4.0,7.0,10.0
2025_03_LV_WAS,LV,WAS,Zamir White,00-0038040,RB,rush_yds,20.239,0.778,5.763,15.073,28.338,46.23
2025_03_LV_WAS,LV,WAS,Zamir White,00-0038040,RB,tgt,1.169,0.0,0.0,1.0,2.0,3.0
2025_03_LV_WAS,LV,WAS,Zamir White,00-0038040,RB,rec,0.853,0.0,0.0,0.0,1.0,2.0
2025_03_LV_WAS,LV,WAS,Zamir White,00-0038040,RB,rec_yds,5.902,0.0,0.0,0.0,8.366,18.344
2025_03_LV_WAS,LV,WAS,Zamir White,00-0038040,RB,anytime_td,0.134,0.0,0.0,0.0,0.0,1.0
2025_03_LV_WAS,LV,WAS,Jack Bech,00-0040729,WR,car,0.025,0.0,0.0,0.0,0.0,0.0
2025_03_LV_WAS,LV,WAS,Jack Bech,00-0040729,WR,rush_yds,0.126,0.0,0.0,0.0,0.0,0.0
2025_03_LV_WAS,LV,WAS,Jack Bech,00-0040729,WR,tgt,0.664,0.0,0.0,0.0,1.0,2.0
2025_03_LV_WAS,LV,WAS,Jack Bech,00-0040729,WR,rec,0.411,0.0,0.0,0.0,1.0,1.0
2025_03_LV_WAS,LV,WAS,Jack Bech,00-0040729,WR,rec_yds,5.13,0.0,0.0,0.0,4.962,18.171
2025_03_LV_WAS,LV,WAS,Jack Bech,00-0040729,WR,anytime_td,0.013,0.0,0.0,0.0,0.0,0.0
2025_03_LV_WAS,LV,WAS,Dylan Laube,00-0039407,RB,car,1.037,0.0,0.0,0.0,1.0,3.0
2025_03_LV_WAS,LV,WAS,Dylan Laube,00-0039407,RB,rush_yds,4.254,0.0,0.0,0.0,4.262,13.387
2025_03_LV_WAS,LV,WAS,Dylan Laube,00-0039407,RB,tgt,1.003,0.0,0.0,1.0,2.0,3.0
2025_03_LV_WAS,LV,WAS,Dylan Laube,00-0039407,RB,rec,0.756,0.0,0.0,0.0,1.0,2.0
2025_03_LV_WAS,LV,WAS,Dylan Laube,00-0039407,RB,rec_yds,5.41,0.0,0.0,0.0,7.457,17.534
2025_03_LV_WAS,LV,WAS,Dylan Laube,00-0039407,RB,anytime_td,0.047,0.0,0.0,0.0,0.0,0.0
2025_03_LV_WAS,LV,WAS,Michael Mayer,00-0039066,TE,car,0.0,0.0,0.0,0.0,0.0,0.0
2025_03_LV_WAS,LV,WAS,Michael Mayer,00-0039066,TE,rush_yds,0.001,0.0,0.0,0.0,0.0,0.0
2025_03_LV_WAS,LV,WAS,Michael Mayer,00-0039066,TE,tgt,2.644,0.0,1.0,2.0,4.0,5.1
2025_03_LV_WAS,LV,WAS,Michael Mayer,00-0039066,TE,rec,1.872,0.0,1.0,2.0,3.0,4.0
2025_03_LV_WAS,LV,WAS,Michael Mayer,00-0039066,TE,rec_yds,17.061,0.0,1.899,12.008,26.143,41.605
2025_03_LV_WAS,LV,WAS,Michael Mayer,00-0039066,TE,anytime_td,0.07,0.0,0.0,0.0,0.0,0.0
2025_03_LV_WAS,LV,WAS,Alex Bachman,00-0035602,WR,car,0.02,0.0,0.0,0.0,0.0,0.0
2025_03_LV_WAS,LV,WAS,Alex Bachman,00-0035602,WR,rush_yds,0.125,0.0,0.0,0.0,0.0,0.0
2025_03_LV_WAS,LV,WAS,Alex Bachman,00-0035602,WR,tgt,0.651,0.0,0.0,0.0,1.0,2.0
2025_03_LV_WAS,LV,WAS,Alex Bachman,00-0035602,WR,rec,0.383,0.0,0.0,0.0,1.0,1.0
2025_03_LV_WAS,LV,WAS,Alex Bachman,00-0035602,WR,rec_yds,4.557,0.0,0.0,0.0,3.686,16.765
2025_03_LV_WAS,LV,WAS,Alex Bachman,00-0035602,WR,anytime_td,0.008,0.0,0.0,0.0,0.0,0.0
2025_03_NO_SEA,SEA,NO,Sam Darnold,00-0034869,QB,att,29.825,20.0,25.0,31.0,36.0,40.0
2025_03_NO_SEA,SEA,NO,Sam Darnold,00-0034869,QB,cmp,19.881,12.0,16.0,20.0,24.0,28.0
2025_03_NO_SEA,SEA,NO,Sam Darnold,00-0034869,QB,pass_yds,214.894,119.951,166.808,216.425,263.855,313.863
2025_03_NO_SEA,SEA,NO,Sam Darnold,00-0034869,QB,pass_td,1.385,0.0,1.0,1.0,2.0,3.0
2025_03_NO_SEA,SEA,NO,Sam Darnold,00-0034869,QB,ints,0.625,0.0,0.0,0.0,1.0,2.0
2025_03_NO_SEA,SEA,NO,Sam Darnold,00-0034869,QB,car,2.948,0.0,1.0,3.0,4.0,6.0
2025_03_NO_SEA,SEA,NO,Sam Darnold,00-0034869,QB,rush_yds,11.013,-1.0,0.0,6.916,16.821,29.808
2025_03_NO_SEA,SEA,NO,Sam Darnold,00-0034869,QB,tgt,0.001,0.0,0.0,0.0,0.0,0.0
2025_03_NO_SEA,SEA,NO,Sam Darnold,00-0034869,QB,rec,0.0,0.0,0.0,0.0,0.0,0.0
2025_03_NO_SEA,SEA,NO,Sam Darnold,00-0034869,QB,rec_yds,0.0,0.0,0.0,0.0,0.0,0.0
2025_03_NO_SEA,SEA,NO,Sam Darnold,00-0034869,QB,anytime_td,0.053,0.0,0.0,0.0,0.0,0.0
2025_03_NO_SEA,SEA,NO,AJ Barner,00-0039793,TE,car,0.553,0.0,0.0,0.0,0.0,2.0
2025_03_NO_SEA,SEA,NO,AJ Barner,00-0039793,TE,rush_yds,1.286,0.0,0.0,0.0,0.0,4.227
2025_03_NO_SEA,SEA,NO,AJ Barner,00-0039793,TE,tgt,2.749,0.0,1.0,2.0,4.0,6.0
2025_03_NO_SEA,SEA,NO,AJ Barner,00-0039793,TE,rec,1.981,0.0,1.0,2.0,3.0,4.0
2025_03_NO_SEA,SEA,NO,AJ Barner,00-0039793,TE,rec_yds,19.198,0.0,3.99,14.107,28.804,45.975
2025_03_NO_SEA,SEA,NO,AJ Barner,00-0039793,TE,anytime_td,0.28,0.0,0.0,0.0,1.0,1.0
2025_03_NO_SEA,SEA,NO,Cooper Kupp,00-0033908,WR,car,0.04,0.0,0.0,0.0,0.0,0.0
2025_03_NO_SEA,SEA,NO,Cooper Kupp,00-0033908,WR,rush_yds,0.188,0.0,0.0,0.0,0.0,0.0
2025_03_NO_SEA,SEA,NO,Cooper Kupp,00-0033908,WR,tgt,6.45,3.0,4.0,6.0,8.0,11.0
2025_03_NO_SEA,SEA,NO,Cooper Kupp,00-0033908,WR,rec,4.231,1.0,2.0,4.0,6.0,7.0
2025_03_NO_SEA,SEA,NO,Cooper Kupp,00-0033908,WR,rec_yds,50.845,10.781,24.668,45.109,70.55,97.086
2025_03_NO_SEA,SEA,NO,Cooper Kupp,00-0033908,WR,anytime_td,0.212,0.0,0.0,0.0,0.0,1.0
2025_03_NO_SEA,SEA,NO,Kenneth Walker III,00-0038134,RB,car,15.525,8.0,11.0,15.0,20.0,24.0
2025_03_NO_SEA,SEA,NO,Kenneth Walker III,00-0038134,RB,rush_yds,68.417,24.104,39.388,61.936,89.307,120.691
2025_03_NO_SEA,SEA,NO,Kenneth Walker III,00-0038134,RB,tgt,3.348,1.0,2.0,3.0,5.0,6.0
2025_03_NO_SEA,SEA,NO,Kenneth Walker III,00-0038134,RB,rec,2.724,0.0,1.0,2.0,4.0,5.0
2025_03_NO_SEA,SEA,NO,Kenneth Walker III,00-0038134,RB,rec_yds,18.151,0.0,4.87,13.187,26.438,42.265
2025_03_NO_SEA,SEA,NO,Kenneth Walker III,00-0038134,RB,anytime_td,0.393,0.0,0.0,0.0,1.0,1.0
2025_03_NO_SEA,SEA,NO,Tory Horton,00-0040648,WR,car,0.024,0.0,0.0,0.0,0.0,0.0
2025_03_NO_SEA,SEA,NO,Tory Horton,00-0040648,WR,rush_yds,0.152,0.0,0.0,0.0,0.0,0.0
2025_03_NO_SEA,SEA,NO,Tory Horton,00-0040648,WR,tgt,2.39,0.0,1.0,2.0,3.0,5.0
2025_03_NO_SEA,SEA,NO,Tory Horton,00-0040648,WR,rec,1.453,0.0,0.0,1.0,2.0,3.0
2025_03_NO_SEA,SEA,NO,Tory Horton,00-0040648,WR,rec_yds,18.088,0.0,0.0,11.701,26.927,47.435
2025_03_NO_SEA,SEA,NO,Tory Horton,00-0040648,WR,anytime_td,0.218,0.0,0.0,0.0,0.0,1.0
2025_03_NO_SEA,SEA,NO,Elijah Arroyo,00-0040739,TE,car,0.003,0.0,0.0,0.0,0.0,0.0
2025_03_NO_SEA,SEA,NO,Elijah Arroyo,00-0040739,TE,rush_yds,0.006,0.0,0.0,0.0,0.0,0.0
2025_03_NO_SEA,SEA,NO,Elijah Arroyo,00-0040739,TE,tgt,2.21,0.0,1.0,2.0,3.0,5.0
2025_03_NO_SEA,SEA,NO,Elijah Arroyo,00-0040739,TE,rec,1.577,0.0,0.0,1.0,2.0,4.0
2025_03_NO_SEA,SEA,NO,Elijah Arroyo,00-0040739,TE,rec_yds,16.441,0.0,0.0,10.848,25.001,41.108
2025_03_NO_SEA,SEA,NO,Elijah Arroyo,00-0040739,TE,anytime_td,0.071,0.0,0.0,0.0,0.0,0.0
2025_03_NO_SEA,SEA,NO,Jaxon Smith-Njigba,00-0038543,WR,car,0.284,0.0,0.0,0.0,0.0,1.0
2025_03_NO_SEA,SEA,NO,Jaxon Smith-Njigba,00-0038543,WR,rush_yds,1.55,0.0,0.0,0.0,0.0,2.031
2025_03_NO_SEA,SEA,NO,Jaxon Smith-Njigba,00-0038543,WR,tgt,9.955,5.0,7.0,10.0,12.0,15.0
2025_03_NO_SEA,SEA,NO,Jaxon Smith-Njigba,00-0038543,WR,rec,6.803,3.0,5.0,7.0,9.0,11.0
2025_03_NO_SEA,SEA,NO,Jaxon Smith-Njigba,00-0038543,WR,rec_yds,84.481,31.225,50.75,78.019,111.962,147.365
2025_03_NO_SEA,SEA,NO,Jaxon Smith-Njigba,00-0038543,WR,anytime_td,0.259,0.0,0.0,0.0,1.0,1.0
2025_03_NO_SEA,SEA,NO,Eric Saubert,00-0033576,TE,car,0.003,0.0,0.0,0.0,0.0,0.0
2025_03_NO_SEA,SEA,NO,Eric Saubert,00-0033576,TE,rush_yds,0.004,0.0,0.0,0.0,0.0,0.0
2025_03_NO_SEA,SEA,NO,Eric Saubert,00-0033576,TE,tgt,0.644,0.0,0.0,0.0,1.0,2.0
2025_03_NO_SEA,SEA,NO,Eric Saubert,00-0033576,TE,rec,0.456,0.0,0.0,0.0,1.0,1.0
2025_03_NO_SEA,SEA,NO,Eric Saubert,00-0033576,TE,rec_yds,4.568,0.0,0.0,0.0,5.453,16.401
2025_03_NO_SEA,SEA,NO,Eric Saubert,00-0033576,TE,anytime_td,0.042,0.0,0.0,0.0,0.0,0.0
2025_03_NO_SEA,SEA,NO,George Holani,00-0039299,RB,car,2.834,0.0,1.0,2.0,4.0,7.0
2025_03_NO_SEA,SEA,NO,George Holani,00-0039299,RB,rush_yds,12.119,0.0,0.0,6.02,17.552,33.219
2025_03_NO_SEA,SEA,NO,George Holani,00-0039299,RB,tgt,0.639,0.0,0.0,0.0,1.0,2.0
2025_03_NO_SEA,SEA,NO,George Holani,00-0039299,RB,rec,0.5,0.0,0.0,0.0,1.0,2.0
2025_03_NO_SEA,SEA,NO,George Holani,00-0039299,RB,rec_yds,3.626,0.0,0.0,0.0,4.049,12.524
2025_03_NO_SEA,SEA,NO,George Holani,00-0039299,RB,anytime_td,0.082,0.0,0.0,0.0,0.0,0.0
2025_03_NO_SEA,SEA,NO,Jake Bobo,00-0038752,WR,car,0.014,0.0,0.0,0.0,0.0,0.0
2025_03_NO_SEA,SEA,NO,Jake Bobo,00-0038752,WR,rush_yds,0.103,0.0,0.0,0.0,0.0,0.0
2025_03_NO_SEA,SEA,NO,Jake Bobo,00-0038752,WR,tgt,0.768,0.0,0.0,0.0,1.0,2.0
2025_03_NO_SEA,SEA,NO,Jake Bobo,00-0038752,WR,rec,0.492,0.0,0.0,0.0,1.0,2.0
2025_03_NO_SEA,SEA,NO,Jake Bobo,00-0038752,WR,rec_yds,5.936,0.0,0.0,0.0,7.196,20.389
2025_03_NO_SEA,SEA,NO,Jake Bobo,00-0038752,WR,anytime_td,0.059,0.0,0.0,0.0,0.0,0.0
2025_03_NO_SEA,SEA,NO,Robbie Ouzts,00-0040649,RB,car,0.743,0.0,0.0,0.0,1.0,2.1
2025_03_NO_SEA,SEA,NO,Robbie Ouzts,00-0040649,RB,rush_yds,3.129,0.0,0.0,0.0,2.043,10.359
2025_03_NO_SEA,SEA,NO,Robbie Ouzts,00-0040649,RB,tgt,0.2,0.0,0.0,0.0,0.0,1.0
2025_03_NO_SEA,SEA,NO,Robbie Ouzts,00-0040649,RB,rec,0.156,0.0,0.0,0.0,0.0,1.0
2025_03_NO_SEA,SEA,NO,Robbie Ouzts,00-0040649,RB,rec_yds,1.044,0.0,0.0,0.0,0.0,1.881
2025_03_NO_SEA,SEA,NO,Robbie Ouzts,00-0040649,RB,anytime_td,0.016,0.0,0.0,0.0,0.0,0.0
2025_03_NO_SEA,SEA,NO,Brady Russell,00-0038488,RB,car,0.771,0.0,0.0,0.0,1.0,2.1
2025_03_NO_SEA,SEA,NO,Brady Russell,00-0038488,RB,rush_yds,3.346,0.0,0.0,0.0,1.874,10.874
2025_03_NO_SEA,SEA,NO,Brady Russell,00-0038488,RB,tgt,0.132,0.0,0.0,0.0,0.0,1.0
2025_03_NO_SEA,SEA,NO,Brady Russell,00-0038488,RB,rec,0.105,0.0,0.0,0.0,0.0,0.0
2025_03_NO_SEA,SEA,NO,Brady Russell,00-0038488,RB,rec_yds,0.746,0.0,0.0,0.0,0.0,0.0
2025_03_NO_SEA,SEA,NO,Brady Russell,00-0038488,RB,anytime_td,0.013,0.0,0.0,0.0,0.0,0.0
2025_03_NO_SEA,SEA,NO,Jacardia Wright,00-0040067,RB,car,3.254,0.0,1.0,2.0,5.0,8.0
2025_03_NO_SEA,SEA,NO,Jacardia Wright,00-0040067,RB,rush_yds,13.792,0.0,0.957,7.984,20.061,35.706
2025_03_NO_SEA,SEA,NO,Jacardia Wright,00-0040067,RB,tgt,0.752,0.0,0.0,0.0,1.0,2.0
2025_03_NO_SEA,SEA,NO,Jacardia Wright,00-0040067,RB,rec,0.587,0.0,0.0,0.0,1.0,2.0
2025_03_NO_SEA,SEA,NO,Jacardia Wright,00-0040067,RB,rec_yds,4.248,0.0,0.0,0.0,5.629,14.375
2025_03_NO_SEA,SEA,NO,Jacardia Wright,00-0040067,RB,anytime_td,0.123,0.0,0.0,0.0,0.0,1.0
2025_03_NO_SEA,NO,SEA,Spencer Rattler,00-0039376,QB,att,30.761,20.0,26.0,32.0,37.0,41.0
2025_03_NO_SEA,NO,SEA,Spencer Rattler,00-0039376,QB,cmp,19.452,12.0,16.0,20.0,23.0,27.0
2025_03_NO_SEA,NO,SEA,Spencer Rattler,00-0039376,QB,pass_yds,191.209,109.965,148.503,191.168,234.863,278.262
2025_03_NO_SEA,NO,SEA,Spencer Rattler,00-0039376,QB,pass_td,1.005,0.0,0.0,1.0,2.0,2.0
2025_03_NO_SEA,NO,SEA,Spencer Rattler,00-0039376,QB,ints,0.702,0.0,0.0,0.0,1.0,2.0
2025_03_NO_SEA,NO,SEA,Spencer Rattler,00-0039376,QB,car,3.449,1.0,2.0,3.0,5.0,7.0
2025_03_NO_SEA,NO,SEA,Spencer Rattler,00-0039376,QB,rush_yds,16.635,0.0,3.957,12.384,24.63,38.579
2025_03_NO_SEA,NO,SEA,Spencer Rattler,00-0039376,QB,tgt,0.0,0.0,0.0,0.0,0.0,0.0
2025_03_NO_SEA,NO,SEA,Spencer Rattler,00-0039376,QB,rec,0.0,0.0,0.0,0.0,0.0,0.0
2025_03_NO_SEA,NO,SEA,Spencer Rattler,00-0039376,QB,rec_yds,0.0,0.0,0.0,0.0,0.0,0.0
2025_03_NO_SEA,NO,SEA,Spencer Rattler,00-0039376,QB,anytime_td,0.035,0.0,0.0,0.0,0.0,0.0
2025_03_NO_SEA,NO,SEA,Juwan Johnson,00-0036040,TE,car,0.003,0.0,0.0,0.0,0.0,0.0
2025_03_NO_SEA,NO,SEA,Juwan Johnson,00-0036040,TE,rush_yds,0.007,0.0,0.0,0.0,0.0,0.0
2025_03_NO_SEA,NO,SEA,Juwan Johnson,00-0036040,TE,tgt,5.685,2.0,4.0,5.0,7.0,10.0
2025_03_NO_SEA,NO,SEA,Juwan Johnson,00-0036040,TE,rec,3.94,1.0,2.0,4.0,5.0,7.0
2025_03_NO_SEA,NO,SEA,Juwan Johnson,00-0036040,TE,rec_yds,37.312,7.301,17.195,32.156,52.338,73.547
2025_03_NO_SEA,NO,SEA,Juwan Johnson,00-0036040,TE,anytime_td,0.187,0.0,0.0,0.0,0.0,1.0
2025_03_NO_SEA,NO,SEA,Chris Olave,00-0037239,WR,car,0.043,0.0,0.0,0.0,0.0,0.0
2025_03_NO_SEA,NO,SEA,Chris Olave,00-0037239,WR,rush_yds,0.265,0.0,0.0,0.0,0.0,0.0
2025_03_NO_SEA,NO,SEA,Chris Olave,00-0037239,WR,tgt,6.721,3.0,4.0,6.0,9.0,11.0
2025_03_NO_SEA,NO,SEA,Chris Olave,00-0037239,WR,rec,4.13,1.0,2.0,4.0,5.0,7.0
2025_03_NO_SEA,NO,SEA,Chris Olave,00-0037239,WR,rec_yds,43.805,9.689,21.079,38.652,59.989,84.688
2025_03_NO_SEA,NO,SEA,Chris Olave,00-0037239,WR,anytime_td,0.115,0.0,0.0,0.0,0.0,1.0
2025_03_NO_SEA,NO,SEA,Rashid Shaheed,00-0037545,WR,car,0.37,0.0,0.0,0.0,0.0,1.0
2025_03_NO_SEA,NO,SEA,Rashid Shaheed,00-0037545,WR,rush_yds,1.865,0.0,0.0,0.0,0.0,5.337
2025_03_NO_SEA,NO,SEA,Rashid Shaheed,00-0037545,WR,tgt,5.391,2.0,3.0,5.0,7.0,9.0
2025_03_NO_SEA,NO,SEA,Rashid Shaheed,00-0037545,WR,rec,3.297,1.0,2.0,3.0,5.0,6.0
2025_03_NO_SEA,NO,SEA,Rashid Shaheed,00-0037545,WR,rec_yds,37.264,4.936,14.696,31.678,52.824,76.781
2025_03_NO_SEA,NO,SEA,Rashid Shaheed,00-0037545,WR,anytime_td,0.213,0.0,0.0,0.0,0.0,1.0
2025_03_NO_SEA,NO,SEA,Alvin Kamara,00-0033906,RB,car,15.391,8.0,11.0,15.0,19.0,24.0
2025_03_NO_SEA,NO,SEA,Alvin Kamara,00-0033906,RB,rush_yds,60.593,21.933,35.892,54.46,78.593,106.548
2025_03_NO_SEA,NO,SEA,Alvin Kamara,00-0033906,RB,tgt,4.413,1.0,2.0,4.0,6.0,8.0
2025_03_NO_SEA,NO,SEA,Alvin Kamara,00-0033906,RB,rec,3.512,1.0,2.0,3.0,5.0,7.0
2025_03_NO_SEA,NO,SEA,Alvin Kamara,00-0033906,RB,rec_yds,22.542,1.534,8.099,18.037,32.683,48.29
2025_03_NO_SEA,NO,SEA,Alvin Kamara,00-0033906,RB,anytime_td,0.327,0.0,0.0,0.0,1.0,1.0
2025_03_NO_SEA,NO,SEA,Brandin Cooks,00-0031236,WR,car,0.124,0.0,0.0,0.0,0.0,0.0
2025_03_NO_SEA,NO,SEA,Brandin Cooks,00-0031236,WR,rush_yds,0.712,0.0,0.0,0.0,0.0,0.0
2025_03_NO_SEA,NO,SEA,Brandin Cooks,00-0031236,WR,tgt,3.245,1.0,2.0,3.0,5.0,6.0
2025_03_NO_SEA,NO,SEA,Brandin Cooks,00-0031236,WR,rec,2.011,0.0,1.0,2.0,3.0,4.0
2025_03_NO_SEA,NO,SEA,Brandin Cooks,00-0031236,WR,rec_yds,22.733,0.0,5.112,16.867,33.567,53.424
2025_03_NO_SEA,NO,SEA,Brandin Cooks,00-0031236,WR,anytime_td,0.102,0.0,0.0,0.0,0.0,1.0
2025_03_NO_SEA,NO,SEA,Kevin Austin Jr.,00-0037231,WR,car,0.126,0.0,0.0,0.0,0.0,0.0
2025_03_NO_SEA,NO,SEA,Kevin Austin Jr.,00-0037231,WR,rush_yds,0.581,0.0,0.0,0.0,0.0,0.0
2025_03_NO_SEA,NO,SEA,Kevin Austin Jr.,00-0037231,WR,tgt,2.221,0.0,1.0,2.0,3.0,5.0
2025_03_NO_SEA,NO,SEA,Kevin Austin Jr.,00-0037231,WR,rec,1.344,0.0,0.0,1.0,2.0,3.0
2025_03_NO_SEA,NO,SEA,Kevin Austin Jr.,00-0037231,WR,rec_yds,15.807,0.0,0.0,9.181,24.264,42.624
2025_03_NO_SEA,NO,SEA,Kevin Austin Jr.,00-0037231,WR,anytime_td,0.055,0.0,0.0,0.0,0.0,0.0
2025_03_NO_SEA,NO,SEA,Kendre Miller,00-0038551,RB,car,6.208,1.0,3.0,5.0,9.0,12.0
2025_03_NO_SEA,NO,SEA,Kendre Miller,00-0038551,RB,rush_yds,23.568,1.854,7.9,18.259,32.966,51.979
2025_03_NO_SEA,NO,SEA,Kendre Miller,00-0038551,RB,tgt,0.782,0.0,0.0,0.0,1.0,2.0
2025_03_NO_SEA,NO,SEA,Kendre Miller,00-0038551,RB,rec,0.608,0.0,0.0,0.0,1.0,2.0
2025_03_NO_SEA,NO,SEA,Kendre Miller,00-0038551,RB,rec_yds,3.982,0.0,0.0,0.0,5.253,13.671
2025_03_NO_SEA,NO,SEA,Kendre Miller,00-0038551,RB,anytime_td,0.13,0.0,0.0,0.0,0.0,1.0
2025_03_NO_SEA,NO,SEA,Mason Tipton,00-0039623,WR,car,0.024,0.0,0.0,0.0,0.0,0.0
2025_03_NO_SEA,NO,SEA,Mason Tipton,00-0039623,WR,rush_yds,0.13,0.0,0.0,0.0,0.0,0.0
2025_03_NO_SEA,NO,SEA,Mason Tipton,00-0039623,WR,tgt,2.115,0.0,1.0,2.0,3.0,5.0
2025_03_NO_SEA,NO,SEA,Mason Tipton,00-0039623,WR,rec,1.287,0.0,0.0,1.0,2.0,3.0
2025_03_NO_SEA,NO,SEA,Mason Tipton,00-0039623,WR,rec_yds,14.409,0.0,0.0,8.1,21.52,39.185
2025_03_NO_SEA,NO,SEA,Mason Tipton,00-0039623,WR,anytime_td,0.043,0.0,0.0,0.0,0.0,0.0
2025_03_NO_SEA,NO,SEA,Treyton Welch,00-0039518,TE,car,0.007,0.0,0.0,0.0,0.0,0.0
2025_03_NO_SEA,NO,SEA,Treyton Welch,00-0039518,TE,rush_yds,0.015,0.0,0.0,0.0,0.0,0.0
2025_03_NO_SEA,NO,SEA,Treyton Welch,00-0039518,TE,tgt,0.746,0.0,0.0,0.0,1.0,2.0
2025_03_NO_SEA,NO,SEA,Treyton Welch,00-0039518,TE,rec,0.525,0.0,0.0,0.0,1.0,2.0
2025_03_NO_SEA,NO,SEA,Treyton Welch,00-0039518,TE,rec_yds,4.944,0.0,0.0,0.0,6.688,17.931
2025_03_NO_SEA,NO,SEA,Treyton Welch,00-0039518,TE,anytime_td,0.027,0.0,0.0,0.0,0.0,0.0
2025_03_NYJ_TB,TB,NYJ,Baker Mayfield,00-0034855,QB,att,29.36,19.0,25.0,30.0,35.0,40.0
2025_03_NYJ_TB,TB,NYJ,Baker Mayfield,00-0034855,QB,cmp,19.791,12.0,16.0,20.0,24.0,27.0
2025_03_NYJ_TB,TB,NYJ,Baker Mayfield,00-0034855,QB,pass_yds,225.803,131.288,176.862,226.834,276.841,327.061
2025_03_NYJ_TB,TB,NYJ,Baker Mayfield,00-0034855,QB,pass_td,1.823,0.0,1.0,2.0,3.0,3.0
2025_03_NYJ_TB,TB,NYJ,Baker Mayfield,00-0034855,QB,ints,0.536,0.0,0.0,0.0,1.0,2.0
2025_03_NYJ_TB,TB,NYJ,Baker Mayfield,00-0034855,QB,car,4.071,1.0,2.0,4.0,5.0,7.0
2025_03_NYJ_TB,TB,NYJ,Baker Mayfield,00-0034855,QB,rush_yds,21.357,0.0,6.686,17.373,31.212,47.117
2025_03_NYJ_TB,TB,NYJ,Baker Mayfield,00-0034855,QB,tgt,0.001,0.0,0.0,0.0,0.0,0.0
2025_03_NYJ_TB,TB,NYJ,Baker Mayfield,00-0034855,QB,rec,0.0,0.0,0.0,0.0,0.0,0.0
2025_03_NYJ_TB,TB,NYJ,Baker Mayfield,00-0034855,QB,rec_yds,0.001,0.0,0.0,0.0,0.0,0.0
2025_03_NYJ_TB,TB,NYJ,Baker Mayfield,00-0034855,QB,anytime_td,0.08,0.0,0.0,0.0,0.0,0.0
2025_03_NYJ_TB,TB,NYJ,Cade Otton,00-0038129,TE,car,0.012,0.0,0.0,0.0,0.0,0.0
2025_03_NYJ_TB,TB,NYJ,Cade Otton,00-0038129,TE,rush_yds,0.042,0.0,0.0,0.0,0.0,0.0
2025_03_NYJ_TB,TB,NYJ,Cade Otton,00-0038129,TE,tgt,4.269,1.0,2.0,4.0,6.0,8.0
2025_03_NYJ_TB,TB,NYJ,Cade Otton,00-0038129,TE,rec,3.023,1.0,2.0,3.0,4.0,6.0
2025_03_NYJ_TB,TB,NYJ,Cade Otton,00-0038129,TE,rec_yds,32.887,2.973,12.74,27.241,47.338,70.14
2025_03_NYJ_TB,TB,NYJ,Cade Otton,00-0038129,TE,anytime_td,0.157,0.0,0.0,0.0,0.0,1.0
2025_03_NYJ_TB,TB,NYJ,Bucky Irving,00-0039361,RB,car,16.405,8.0,12.0,16.0,21.0,25.0
2025_03_NYJ_TB,TB,NYJ,Bucky Irving,00-0039361,RB,rush_yds,72.598,26.12,42.286,66.215,94.876,128.325
2025_03_NYJ_TB,TB,NYJ,Bucky Irving,00-0039361,RB,tgt,3.5,1.0,2.0,3.0,5.0,7.0
2025_03_NYJ_TB,TB,NYJ,Bucky Irving,00-0039361,RB,rec,3.033,1.0,1.0,3.0,4.0,6.0
2025_03_NYJ_TB,TB,NYJ,Bucky Irving,00-0039361,RB,rec_yds,22.749,0.0,7.328,17.699,32.407,51.064
2025_03_NYJ_TB,TB,NYJ,Bucky Irving,00-0039361,RB,anytime_td,0.507,0.0,0.0,1.0,1.0,1.0
2025_03_NYJ_TB,TB,NYJ,Mike Evans,00-0031408,WR,car,0.013,0.0,0.0,0.0,0.0,0.0
2025_03_NYJ_TB,TB,NYJ,Mike Evans,00-0031408,WR,rush_yds,0.067,0.0,0.0,0.0,0.0,0.0
2025_03_NYJ_TB,TB,NYJ,Mike Evans,00-0031408,WR,tgt,7.907,4.0,5.0,8.0,10.0,13.0
2025_03_NYJ_TB,TB,NYJ,Mike Evans,00-0031408,WR,rec,5.176,2.0,3.0,5.0,7.0,9.0
2025_03_NYJ_TB,TB,NYJ,Mike Evans,00-0031408,WR,rec_yds,68.32,19.548,36.485,61.786,92.401,125.297
2025_03_NYJ_TB,TB,NYJ,Mike Evans,00-0031408,WR,anytime_td,0.302,0.0,0.0,0.0,1.0,1.0
2025_03_NYJ_TB,TB,NYJ,Emeka Egbuka,00-0040129,WR,car,0.47,0.0,0.0,0.0,0.0,2.0
2025_03_NYJ_TB,TB,NYJ,Emeka Egbuka,00-0040129,WR,rush_yds,2.67,0.0,0.0,0.0,0.0,8.013
2025_03_NYJ_TB,TB,NYJ,Emeka Egbuka,00-0040129,WR,tgt,4.98,2.0,3.0,5.0,7.0,9.0
2025_03_NYJ_TB,TB,NYJ,Emeka Egbuka,00-0040129,WR,rec,3.261,1.0,2.0,3.0,5.0,6.0
2025_03_NYJ_TB,TB,NYJ,Emeka Egbuka,00-0040129,WR,rec_yds,42.996,5.596,17.006,36.234,60.977,89.798
2025_03_NYJ_TB,TB,NYJ,Emeka Egbuka,00-0040129,WR,anytime_td,0.471,0.0,0.0,0.0,1.0,1.0
2025_03_NYJ_TB,TB,NYJ,Sterling Shepard,00-0032385,WR,car,0.232,0.0,0.0,0.0,0.0,1.0
2025_03_NYJ_TB,TB,NYJ,Sterling Shepard,00-0032385,WR,rush_yds,1.341,0.0,0.0,0.0,0.0,0.0
2025_03_NYJ_TB,TB,NYJ,Sterling Shepard,00-0032385,WR,tgt,3.561,1.0,2.0,3.0,5.0,7.0
2025_03_NYJ_TB,TB,NYJ,Sterling Shepard,00-0032385,WR,rec,2.386,0.0,1.0,2.0,3.0,5.0
2025_03_NYJ_TB,TB,NYJ,Sterling Shepard,00-0032385,WR,rec_yds,29.814,0.0,8.428,23.08,43.95,66.592
2025_03_NYJ_TB,TB,NYJ,Sterling Shepard,00-0032385,WR,anytime_td,0.088,0.0,0.0,0.0,0.0,0.0
2025_03_NYJ_TB,TB,NYJ,Payne Durham,00-0039050,TE,car,0.002,0.0,0.0,0.0,0.0,0.0
2025_03_NYJ_TB,TB,NYJ,Payne Durham,00-0039050,TE,rush_yds,0.003,0.0,0.0,0.0,0.0,0.0
2025_03_NYJ_TB,TB,NYJ,Payne Durham,00-0039050,TE,tgt,0.976,0.0,0.0,1.0,2.0,3.0
2025_03_NYJ_TB,TB,NYJ,Payne Durham,00-0039050,TE,rec,0.719,0.0,0.0,0.0,1.0,2.0
2025_03_NYJ_TB,TB,NYJ,Payne Durham,00-0039050,TE,rec_yds,7.784,0.0,0.0,0.0,11.536,24.34
2025_03_NYJ_TB,TB,NYJ,Payne Durham,00-0039050,TE,anytime_td,0.07,0.0,0.0,0.0,0.0,0.0
2025_03_NYJ_TB,TB,NYJ,Tez Johnson,00-0040237,WR,car,0.038,0.0,0.0,0.0,0.0,0.0
2025_03_NYJ_TB,TB,NYJ,Tez Johnson,00-0040237,WR,rush_yds,0.268,0.0,0.0,0.0,0.0,0.0
2025_03_NYJ_TB,TB,NYJ,Tez Johnson,00-0040237,WR,tgt,1.139,0.0,0.0,1.0,2.0,3.0
2025_03_NYJ_TB,TB,NYJ,Tez Johnson,00-0040237,WR,rec,0.722,0.0,0.0,0.0,1.0,2.0
2025_03_NYJ_TB,TB,NYJ,Tez Johnson,00-0040237,WR,rec_yds,9.555,0.0,0.0,0.0,13.851,31.05
2025_03_NYJ_TB,TB,NYJ,Tez Johnson,00-0040237,WR,anytime_td,0.038,0.0,0.0,0.0,0.0,0.0
2025_03_NYJ_TB,TB,NYJ,Rachaad White,00-0037256,RB,car,7.887,2.0,4.0,7.0,11.0,15.0
2025_03_NYJ_TB,TB,NYJ,Rachaad White,00-0037256,RB,rush_yds,36.401,5.395,14.349,29.298,50.963,77.436
2025_03_NYJ_TB,TB,NYJ,Rachaad White,00-0037256,RB,tgt,2.04,0.0,1.0,2.0,3.0,4.0
2025_03_NYJ_TB,TB,NYJ,Rachaad White,00-0037256,RB,rec,1.715,0.0,0.0,1.0,3.0,4.0
2025_03_NYJ_TB,TB,NYJ,Rachaad White,00-0037256,RB,rec_yds,12.41,0.0,0.0,7.82,18.623,31.513
2025_03_NYJ_TB,TB,NYJ,Rachaad White,00-0037256,RB,anytime_td,0.401,0.0,0.0,0.0,1.0,1.0
2025_03_NYJ_TB,TB,NYJ,Ryan Miller,00-0038824,WR,car,0.015,0.0,0.0,0.0,0.0,0.0
2025_03_NYJ_TB,TB,NYJ,Ryan Miller,00-0038824,WR,rush_yds,0.11,0.0,0.0,0.0,0.0,0.0
2025_03_NYJ_TB,TB,NYJ,Ryan Miller,00-0038824,WR,tgt,1.209,0.0,0.0,1.0,2.0,3.0
2025_03_NYJ_TB,TB,NYJ,Ryan Miller,00-0038824,WR,rec,0.791,0.0,0.0,0.0,1.0,2.0
2025_03_NYJ_TB,TB,NYJ,Ryan Miller,00-0038824,WR,rec_yds,10.736,0.0,0.0,0.0,15.507,33.386
2025_03_NYJ_TB,TB,NYJ,Ryan Miller,00-0038824,WR,anytime_td,0.143,0.0,0.0,0.0,0.0,1.0
2025_03_NYJ_TB,NYJ,TB,Garrett Wilson,00-0037740,WR,car,0.111,0.0,0.0,0.0,0.0,0.0
2025_03_NYJ_TB,NYJ,TB,Garrett Wilson,00-0037740,WR,rush_yds,0.556,0.0,0.0,0.0,0.0,0.0
2025_03_NYJ_TB,NYJ,TB,Garrett Wilson,00-0037740,WR,tgt,10.245,5.0,7.0,10.0,13.0,16.0
2025_03_NYJ_TB,NYJ,TB,Garrett Wilson,00-0037740,WR,rec,6.433,3.0,4.0,6.0,8.0,10.0
2025_03_NYJ_TB,NYJ,TB,Garrett Wilson,00-0037740,WR,rec_yds,77.384,26.569,45.19,70.948,102.922,134.062
2025_03_NYJ_TB,NYJ,TB,Garrett Wilson,00-0037740,WR,anytime_td,0.244,0.0,0.0,0.0,0.0,1.0
2025_03_NYJ_TB,NYJ,TB,Tyrod Taylor,00-0028118,QB,att,30.154,20.0,25.0,31.0,36.0,40.0
2025_03_NYJ_TB,NYJ,TB,Tyrod Taylor,00-0028118,QB,cmp,19.109,12.0,16.0,19.0,23.0,27.0
2025_03_NYJ_TB,NYJ,TB,Tyrod Taylor,00-0028118,QB,pass_yds,200.183,112.995,153.595,198.437,246.608,296.374
2025_03_NYJ_TB,NYJ,TB,Tyrod Taylor,00-0028118,QB,pass_td,1.099,0.0,0.0,1.0,2.0,2.0
2025_03_NYJ_TB,NYJ,TB,Tyrod Taylor,00-0028118,QB,ints,0.616,0.0,0.0,0.0,1.0,2.0
2025_03_NYJ_TB,NYJ,TB,Tyrod Taylor,00-0028118,QB,car,3.679,1.0,2.0,3.0,5.0,7.0
2025_03_NYJ_TB,NYJ,TB,Tyrod Taylor,00-0028118,QB,rush_yds,21.372,0.937,7.812,18.187,31.311,45.943
2025_03_NYJ_TB,NYJ,TB,Tyrod Taylor,00-0028118,QB,tgt,0.0,0.0,0.0,0.0,0.0,0.0
2025_03_NYJ_TB,NYJ,TB,Tyrod Taylor,00-0028118,QB,rec,0.0,0.0,0.0,0.0,0.0,0.0
2025_03_NYJ_TB,NYJ,TB,Tyrod Taylor,00-0028118,QB,rec_yds,0.001,0.0,0.0,0.0,0.0,0.0
2025_03_NYJ_TB,NYJ,TB,Tyrod Taylor,00-0028118,QB,anytime_td,0.026,0.0,0.0,0.0,0.0,0.0
2025_03_NYJ_TB,NYJ,TB,Arian Smith,00-0040582,WR,car,0.432,0.0,0.0,0.0,0.0,1.0
2025_03_NYJ_TB,NYJ,TB,Arian Smith,00-0040582,WR,rush_yds,2.068,0.0,0.0,0.0,0.0,5.715
2025_03_NYJ_TB,NYJ,TB,Arian Smith,00-0040582,WR,tgt,1.901,0.0,1.0,2.0,3.0,4.0
2025_03_NYJ_TB,NYJ,TB,Arian Smith,00-0040582,WR,rec,1.166,0.0,0.0,1.0,2.0,3.0
2025_03_NYJ_TB,NYJ,TB,Arian Smith,00-0040582,WR,rec_yds,14.318,0.0,0.0,7.267,21.812,40.534
2025_03_NYJ_TB,NYJ,TB,Arian Smith,00-0040582,WR,anytime_td,0.044,0.0,0.0,0.0,0.0,0.0
2025_03_NYJ_TB,NYJ,TB,Mason Taylor,00-0040736,TE,car,0.003,0.0,0.0,0.0,0.0,0.0
2025_03_NYJ_TB,NYJ,TB,Mason Taylor,00-0040736,TE,rush_yds,0.005,0.0,0.0,0.0,0.0,0.0
2025_03_NYJ_TB,NYJ,TB,Mason Taylor,00-0040736,TE,tgt,2.258,0.0,1.0,2.0,3.0,5.0
2025_03_NYJ_TB,NYJ,TB,Mason Taylor,00-0040736,TE,rec,1.574,0.0,0.0,1.0,2.0,4.0
2025_03_NYJ_TB,NYJ,TB,Mason Taylor,00-0040736,TE,rec_yds,16.115,0.0,0.0,10.864,24.258,41.293
2025_03_NYJ_TB,NYJ,TB,Mason Taylor,00-0040736,TE,anytime_td,0.043,0.0,0.0,0.0,0.0,0.0
2025_03_NYJ_TB,NYJ,TB,Tyler Johnson,00-0036427,WR,car,0.013,0.0,0.0,0.0,0.0,0.0
2025_03_NYJ_TB,NYJ,TB,Tyler Johnson,00-0036427,WR,rush_yds,0.059,0.0,0.0,0.0,0.0,0.0
2025_03_NYJ_TB,NYJ,TB,Tyler Johnson,00-0036427,WR,tgt,2.704,0.0,1.0,2.0,4.0,6.0
2025_03_NYJ_TB,NYJ,TB,Tyler Johnson,00-0036427,WR,rec,1.652,0.0,1.0,1.0,2.0,4.0
2025_03_NYJ_TB,NYJ,TB,Tyler Johnson,00-0036427,WR,rec_yds,20.197,0.0,0.0,13.534,30.41,50.503
2025_03_NYJ_TB,NYJ,TB,Tyler Johnson,00-0036427,WR,anytime_td,0.072,0.0,0.0,0.0,0.0,0.0
2025_03_NYJ_TB,NYJ,TB,Breece Hall,00-0038120,RB,car,13.215,6.0,9.0,13.0,17.0,21.0
2025_03_NYJ_TB,NYJ,TB,Breece Hall,00-0038120,RB,rush_yds,50.527,16.018,27.961,44.658,66.409,93.15
2025_03_NYJ_TB,NYJ,TB,Breece Hall,00-0038120,RB,tgt,4.77,2.0,3.0,4.0,6.0,8.0
2025_03_NYJ_TB,NYJ,TB,Breece Hall,00-0038120,RB,rec,3.503,1.0,2.0,3.0,5.0,7.0
2025_03_NYJ_TB,NYJ,TB,Breece Hall,00-0038120,RB,rec_yds,26.938,2.086,9.974,21.68,38.658,57.048
2025_03_NYJ_TB,NYJ,TB,Breece Hall,00-0038120,RB,anytime_td,0.273,0.0,0.0,0.0,1.0,1.0
2025_03_NYJ_TB,NYJ,TB,Jeremy Ruckert,00-0037805,TE,car,0.004,0.0,0.0,0.0,0.0,0.0
2025_03_NYJ_TB,NYJ,TB,Jeremy Ruckert,00-0037805,TE,rush_yds,0.008,0.0,0.0,0.0,0.0,0.0
2025_03_NYJ_TB,NYJ,TB,Jeremy Ruckert,00-0037805,TE,tgt,2.042,0.0,1.0,2.0,3.0,5.0
2025_03_NYJ_TB,NYJ,TB,Jeremy Ruckert,00-0037805,TE,rec,1.427,0.0,0.0,1.0,2.0,3.0
2025_03_NYJ_TB,NYJ,TB,Jeremy Ruckert,00-0037805,TE,rec_yds,13.723,0.0,0.0,8.799,21.326,34.701
2025_03_NYJ_TB,NYJ,TB,Jeremy Ruckert,00-0037805,TE,anytime_td,0.125,0.0,0.0,0.0,0.0,1.0
2025_03_NYJ_TB,NYJ,TB,Braelon Allen,00-0039794,RB,car,4.673,1.0,2.0,4.0,7.0,10.0
2025_03_NYJ_TB,NYJ,TB,Braelon Allen,00-0039794,RB,rush_yds,16.788,0.0,4.302,11.625,23.861,39.441
2025_03_NYJ_TB,NYJ,TB,Braelon Allen,00-0039794,RB,tgt,1.407,0.0,0.0,1.0,2.0,3.0
2025_03_NYJ_TB,NYJ,TB,Braelon Allen,00-0039794,RB,rec,1.034,0.0,0.0,1.0,2.0,3.0
2025_03_NYJ_TB,NYJ,TB,Braelon Allen,00-0039794,RB,rec_yds,7.408,0.0,0.0,2.265,10.877,22.104
2025_03_NYJ_TB,NYJ,TB,Braelon Allen,00-0039794,RB,anytime_td,0.18,0.0,0.0,0.0,0.0,1.0
2025_03_NYJ_TB,NYJ,TB,Allen Lazard,00-0034521,WR,car,0.017,0.0,0.0,0.0,0.0,0.0
2025_03_NYJ_TB,NYJ,TB,Allen Lazard,00-0034521,WR,rush_yds,0.084,0.0,0.0,0.0,0.0,0.0
2025_03_NYJ_TB,NYJ,TB,Allen Lazard,00-0034521,WR,tgt,3.435,1.0,2.0,3.0,5.0,7.0
2025_03_NYJ_TB,NYJ,TB,Allen Lazard,00-0034521,WR,rec,2.072,0.0,1.0,2.0,3.0,4.0
2025_03_NYJ_TB,NYJ,TB,Allen Lazard,00-0034521,WR,rec_yds,26.596,0.0,6.362,19.506,39.181,63.358
2025_03_NYJ_TB,NYJ,TB,Allen Lazard,00-0034521,WR,anytime_td,0.126,0.0,0.0,0.0,0.0,1.0
2025_03_NYJ_TB,NYJ,TB,Isaiah Davis,00-0039798,RB,car,2.42,0.0,0.0,2.0,4.0,6.0
2025_03_NYJ_TB,NYJ,TB,Isaiah Davis,00-0039798,RB,rush_yds,9.761,0.0,0.0,4.704,13.767,26.727
2025_03_NYJ_TB,NYJ,TB,Isaiah Davis,00-0039798,RB,tgt,1.806,0.0,1.0,1.0,3.0,4.0
2025_03_NYJ_TB,NYJ,TB,Isaiah Davis,00-0039798,RB,rec,1.311,0.0,0.0,1.0,2.0,3.0
2025_03_NYJ_TB,NYJ,TB,Isaiah Davis,00-0039798,RB,rec_yds,9.583,0.0,0.0,5.221,14.313,27.007
2025_03_NYJ_TB,NYJ,TB,Isaiah Davis,00-0039798,RB,anytime_td,0.097,0.0,0.0,0.0,0.0,0.0
2025_03_PIT_NE,NE,PIT,Drake Maye,00-0039851,QB,att,29.511,20.0,25.0,30.0,35.0,40.0
2025_03_PIT_NE,NE,PIT,Drake Maye,00-0039851,QB,cmp,20.027,13.0,16.75,20.0,24.0,27.0
2025_03_PIT_NE,NE,PIT,Drake Maye,00-0039851,QB,pass_yds,222.464,129.632,173.743,221.601,271.598,321.899
2025_03_PIT_NE,NE,PIT,Drake Maye,00-0039851,QB,pass_td,1.573,0.0,1.0,1.0,2.0,3.0
2025_03_PIT_NE,NE,PIT,Drake Maye,00-0039851,QB,ints,0.634,0.0,0.0,0.0,1.0,2.0
2025_03_PIT_NE,NE,PIT,Drake Maye,00-0039851,QB,car,5.043,2.0,3.0,5.0,7.0,9.0
2025_03_PIT_NE,NE,PIT,Drake Maye,00-0039851,QB,rush_yds,24.151,1.938,9.626,20.506,34.815,50.344
2025_03_PIT_NE,NE,PIT,Drake Maye,00-0039851,QB,tgt,0.001,0.0,0.0,0.0,0.0,0.0
2025_03_PIT_NE,NE,PIT,Drake Maye,00-0039851,QB,rec,0.001,0.0,0.0,0.0,0.0,0.0
2025_03_PIT_NE,NE,PIT,Drake Maye,00-0039851,QB,rec_yds,0.004,0.0,0.0,0.0,0.0,0.0
2025_03_PIT_NE,NE,PIT,Drake Maye,00-0039851,QB,anytime_td,0.237,0.0,0.0,0.0,0.0,1.0
2025_03_PIT_NE,NE,PIT,Hunter Henry,00-0033090,TE,car,0.002,0.0,0.0,0.0,0.0,0.0
2025_03_PIT_NE,NE,PIT,Hunter Henry,00-0033090,TE,rush_yds,0.007,0.0,0.0,0.0,0.0,0.0
2025_03_PIT_NE,NE,PIT,Hunter Henry,00-0033090,TE,tgt,4.758,2.0,3.0,4.0,6.0,8.0
2025_03_PIT_NE,NE,PIT,Hunter Henry,00-0033090,TE,rec,3.229,1.0,2.0,3.0,4.0,6.0
2025_03_PIT_NE,NE,PIT,Hunter Henry,00-0033090,TE,rec_yds,35.966,4.879,15.134,30.064,51.162,73.922
2025_03_PIT_NE,NE,PIT,Hunter Henry,00-0033090,TE,anytime_td,0.193,0.0,0.0,0.0,0.0,1.0
2025_03_PIT_NE,NE,PIT,Kayshon Boutte,00-0038608,WR,car,0.011,0.0,0.0,0.0,0.0,0.0
2025_03_PIT_NE,NE,PIT,Kayshon Boutte,00-0038608,WR,rush_yds,0.068,0.0,0.0,0.0,0.0,0.0
2025_03_PIT_NE,NE,PIT,Kayshon Boutte,00-0038608,WR,tgt,4.136,1.0,2.0,4.0,6.0,8.0
2025_03_PIT_NE,NE,PIT,Kayshon Boutte,00-0038608,WR,rec,2.755,1.0,1.0,2.0,4.0,5.0
2025_03_PIT_NE,NE,PIT,Kayshon Boutte,00-0038608,WR,rec_yds,38.945,0.0,13.605,30.923,56.081,86.038
2025_03_PIT_NE,NE,PIT,Kayshon Boutte,00-0038608,WR,anytime_td,0.273,0.0,0.0,0.0,1.0,1.0
2025_03_PIT_NE,NE,PIT,Austin Hooper,00-0032392,TE,car,0.002,0.0,0.0,0.0,0.0,0.0
2025_03_PIT_NE,NE,PIT,Austin Hooper,00-0032392,TE,rush_yds,0.006,0.0,0.0,0.0,0.0,0.0
2025_03_PIT_NE,NE,PIT,Austin Hooper,00-0032392,TE,tgt,2.597,0.0,1.0,2.0,4.0,5.0
2025_03_PIT_NE,NE,PIT,Austin Hooper,00-0032392,TE,rec,1.994,0.0,1.0,2.0,3.0,4.0
2025_03_PIT_NE,NE,PIT,Austin Hooper,00-0032392,TE,rec_yds,21.473,0.0,4.908,16.052,31.981,49.918
2025_03_PIT_NE,NE,PIT,Austin Hooper,00-0032392,TE,anytime_td,0.108,0.0,0.0,0.0,0.0,1.0
2025_03_PIT_NE,NE,PIT,Mack Hollins,00-0033555,WR,car,0.011,0.0,0.0,0.0,0.0,0.0
2025_03_PIT_NE,NE,PIT,Mack Hollins,00-0033555,WR,rush_yds,0.057,0.0,0.0,0.0,0.0,0.0
2025_03_PIT_NE,NE,PIT,Mack Hollins,00-0033555,WR,tgt,2.184,0.0,1.0,2.0,3.0,5.0
2025_03_PIT_NE,NE,PIT,Mack Hollins,00-0033555,WR,rec,1.4,0.0,0.0,1.0,2.0,3.0
2025_03_PIT_NE,NE,PIT,Mack Hollins,00-0033555,WR,rec_yds,18.325,0.0,0.0,10.884,27.294,49.022
2025_03_PIT_NE,NE,PIT,Mack Hollins,00-0033555,WR,anytime_td,0.223,0.0,0.0,0.0,0.0,1.0
2025_03_PIT_NE,NE,PIT,Stefon Diggs,00-0031588,WR,car,0.103,0.0,0.0,0.0,0.0,0.0
2025_03_PIT_NE,NE,PIT,Stefon Diggs,00-0031588,WR,rush_yds,0.569,0.0,0.0,0.0,0.0,0.0
2025_03_PIT_NE,NE,PIT,Stefon Diggs,00-0031588,WR,tgt,5.307,2.0,3.0,5.0,7.0,9.0
2025_03_PIT_NE,NE,PIT,Stefon Diggs,00-0031588,WR,rec,3.669,1.0,2.0,3.0,5.0,7.0
2025_03_PIT_NE,NE,PIT,Stefon Diggs,00-0031588,WR,rec_yds,44.299,7.424,19.7,38.047,62.187,89.061
2025_03_PIT_NE,NE,PIT,Stefon Diggs,00-0031588,WR,anytime_td,0.166,0.0,0.0,0.0,0.0,1.0
2025_03_PIT_NE,NE,PIT,TreVeyon Henderson,00-0040734,RB,car,4.371,0.0,2.0,4.0,6.0,9.1
2025_03_PIT_NE,NE,PIT,TreVeyon Henderson,00-0040734,RB,rush_yds,18.927,0.0,3.768,12.481,27.839,46.237
2025_03_PIT_NE,NE,PIT,TreVeyon Henderson,00-0040734,RB,tgt,2.683,0.0,1.0,2.0,4.0,6.0
2025_03_PIT_NE,NE,PIT,TreVeyon Henderson,00-0040734,RB,rec,2.213,0.0,1.0,2.0,3.0,5.0
2025_03_PIT_NE,NE,PIT,TreVeyon Henderson,00-0040734,RB,rec_yds,16.707,0.0,2.298,11.705,24.612,41.466
2025_03_PIT_NE,NE,PIT,TreVeyon Henderson,00-0040734,RB,anytime_td,0.181,0.0,0.0,0.0,0.0,1.0
2025_03_PIT_NE,NE,PIT,DeMario Douglas,00-0038621,WR,car,0.324,0.0,0.0,0.0,0.0,1.0
2025_03_PIT_NE,NE,PIT,DeMario Douglas,00-0038621,WR,rush_yds,1.882,0.0,0.0,0.0,0.0,4.125
2025_03_PIT_NE,NE,PIT,DeMario Douglas,00-0038621,WR,tgt,3.88,1.0,2.0,4.0,5.0,7.0
2025_03_PIT_NE,NE,PIT,DeMario Douglas,00-0038621,WR,rec,2.493,0.0,1.0,2.0,4.0,5.0
2025_03_PIT_NE,NE,PIT,DeMario Douglas,00-0038621,WR,rec_yds,29.395,0.0,8.968,23.158,43.17,65.482
2025_03_PIT_NE,NE,PIT,DeMario Douglas,00-0038621,WR,anytime_td,0.28,0.0,0.0,0.0,1.0,1.0
2025_03_PIT_NE,NE,PIT,Rhamondre Stevenson,00-0036875,RB,car,11.309,5.0,7.0,11.0,15.0,19.0
2025_03_PIT_NE,NE,PIT,Rhamondre Stevenson,00-0036875,RB,rush_yds,48.377,13.151,24.569,41.81,65.86,91.559
2025_03_PIT_NE,NE,PIT,Rhamondre Stevenson,00-0036875,RB,tgt,2.563,0.0,1.0,2.0,4.0,5.0
2025_03_PIT_NE,NE,PIT,Rhamondre Stevenson,00-0036875,RB,rec,2.071,0.0,1.0,2.0,3.0,4.0
2025_03_PIT_NE,NE,PIT,Rhamondre Stevenson,00-0036875,RB,rec_yds,17.829,0.0,2.386,12.231,26.888,44.198
2025_03_PIT_NE,NE,PIT,Rhamondre Stevenson,00-0036875,RB,anytime_td,0.329,0.0,0.0,0.0,1.0,1.0
2025_03_PIT_NE,NE,PIT,Antonio Gibson,00-0036328,RB,car,6.096,1.0,3.0,5.0,9.0,12.0
2025_03_PIT_NE,NE,PIT,Antonio Gibson,00-0036328,RB,rush_yds,27.105,2.113,8.433,20.56,37.92,59.241
2025_03_PIT_NE,NE,PIT,Antonio Gibson,00-0036328,RB,tgt,1.303,0.0,0.0,1.0,2.0,3.0
2025_03_PIT_NE,NE,PIT,Antonio Gibson,00-0036328,RB,rec,1.005,0.0,0.0,1.0,2.0,3.0
2025_03_PIT_NE,NE,PIT,Antonio Gibson,00-0036328,RB,rec_yds,7.919,0.0,0.0,1.987,12.003,23.799
2025_03_PIT_NE,NE,PIT,Antonio Gibson,00-0036328,RB,anytime_td,0.164,0.0,0.0,0.0,0.0,1.0
2025_03_PIT_NE,NE,PIT,Kyle Williams,00-0040131,WR,car,0.021,0.0,0.0,0.0,0.0,0.0
2025_03_PIT_NE,NE,PIT,Kyle Williams,00-0040131,WR,rush_yds,0.114,0.0,0.0,0.0,0.0,0.0
2025_03_PIT_NE,NE,PIT,Kyle Williams,00-0040131,WR,tgt,0.641,0.0,0.0,0.0,1.0,2.0
2025_03_PIT_NE,NE,PIT,Kyle Williams,00-0040131,WR,rec,0.413,0.0,0.0,0.0,1.0,1.0
2025_03_PIT_NE,NE,PIT,Kyle Williams,00-0040131,WR,rec_yds,5.382,0.0,0.0,0.0,5.395,19.152
2025_03_PIT_NE,NE,PIT,Kyle Williams,00-0040131,WR,anytime_td,0.013,0.0,0.0,0.0,0.0,0.0
2025_03_PIT_NE,PIT,NE,Aaron Rodgers,00-0023459,QB,att,30.515,21.0,26.0,31.0,36.0,41.0
2025_03_PIT_NE,PIT,NE,Aaron Rodgers,00-0023459,QB,cmp,20.007,12.0,17.0,20.0,24.0,28.0
2025_03_PIT_NE,PIT,NE,Aaron Rodgers,00-0023459,QB,pass_yds,211.447,121.747,165.382,211.394,260.336,305.452
2025_03_PIT_NE,PIT,NE,Aaron Rodgers,00-0023459,QB,pass_td,1.293,0.0,0.0,1.0,2.0,3.0
2025_03_PIT_NE,PIT,NE,Aaron Rodgers,00-0023459,QB,ints,0.692,0.0,0.0,0.0,1.0,2.0
2025_03_PIT_NE,PIT,NE,Aaron Rodgers,00-0023459,QB,car,1.768,0.0,1.0,1.0,3.0,4.0
2025_03_PIT_NE,PIT,NE,Aaron Rodgers,00-0023459,QB,rush_yds,7.078,-1.0,0.0,2.928,11.374,21.472
2025_03_PIT_NE,PIT,NE,Aaron Rodgers,00-0023459,QB,tgt,0.0,0.0,0.0,0.0,0.0,0.0
2025_03_PIT_NE,PIT,NE,Aaron Rodgers,00-0023459,QB,rec,0.0,0.0,0.0,0.0,0.0,0.0
2025_03_PIT_NE,PIT,NE,Aaron Rodgers,00-0023459,QB,rec_yds,0.002,0.0,0.0,0.0,0.0,0.0
2025_03_PIT_NE,PIT,NE,Aaron Rodgers,00-0023459,QB,anytime_td,0.003,0.0,0.0,0.0,0.0,0.0
2025_03_PIT_NE,PIT,NE,DK Metcalf,00-0035640,WR,car,0.026,0.0,0.0,0.0,0.0,0.0
2025_03_PIT_NE,PIT,NE,DK Metcalf,00-0035640,WR,rush_yds,0.134,0.0,0.0,0.0,0.0,0.0
2025_03_PIT_NE,PIT,NE,DK Metcalf,00-0035640,WR,tgt,6.16,2.0,4.0,6.0,8.0,10.0
2025_03_PIT_NE,PIT,NE,DK Metcalf,00-0035640,WR,rec,3.652,1.0,2.0,3.0,5.0,7.0
2025_03_PIT_NE,PIT,NE,DK Metcalf,00-0035640,WR,rec_yds,49.041,9.654,21.921,41.58,68.981,98.497
2025_03_PIT_NE,PIT,NE,DK Metcalf,00-0035640,WR,anytime_td,0.259,0.0,0.0,0.0,1.0,1.0
2025_03_PIT_NE,PIT,NE,Jonnu Smith,00-0033858,TE,car,0.068,0.0,0.0,0.0,0.0,0.0
2025_03_PIT_NE,PIT,NE,Jonnu Smith,00-0033858,TE,rush_yds,0.145,0.0,0.0,0.0,0.0,0.0
2025_03_PIT_NE,PIT,NE,Jonnu Smith,00-0033858,TE,tgt,5.556,2.0,3.0,5.0,7.0,10.0
2025_03_PIT_NE,PIT,NE,Jonnu Smith,00-0033858,TE,rec,4.127,1.0,2.0,4.0,6.0,7.0
2025_03_PIT_NE,PIT,NE,Jonnu Smith,00-0033858,TE,rec_yds,38.195,7.631,18.3,33.913,52.671,74.349
2025_03_PIT_NE,PIT,NE,Jonnu Smith,00-0033858,TE,anytime_td,0.275,0.0,0.0,0.0,1.0,1.0
2025_03_PIT_NE,PIT,NE,Jaylen Warren,00-0037228,RB,car,15.383,8.0,11.0,15.0,19.0,24.0
2025_03_PIT_NE,PIT,NE,Jaylen Warren,00-0037228,RB,rush_yds,61.676,21.79,35.106,55.136,81.725,109.256
2025_03_PIT_NE,PIT,NE,Jaylen Warren,00-0037228,RB,tgt,3.477,1.0,2.0,3.0,5.0,7.0
2025_03_PIT_NE,PIT,NE,Jaylen Warren,00-0037228,RB,rec,2.725,0.0,1.0,2.0,4.0,5.0
2025_03_PIT_NE,PIT,NE,Jaylen Warren,00-0037228,RB,rec_yds,24.268,0.0,7.217,18.294,35.743,55.197
2025_03_PIT_NE,PIT,NE,Jaylen Warren,00-0037228,RB,anytime_td,0.323,0.0,0.0,0.0,1.0,1.0
2025_03_PIT_NE,PIT,NE,Calvin Austin III,00-0037837,WR,car,0.035,0.0,0.0,0.0,0.0,0.0
2025_03_PIT_NE,PIT,NE,Calvin Austin III,00-0037837,WR,rush_yds,0.165,0.0,0.0,0.0,0.0,0.0
2025_03_PIT_NE,PIT,NE,Calvin Austin III,00-0037837,WR,tgt,4.163,1.0,2.0,4.0,6.0,8.0
2025_03_PIT_NE,PIT,NE,Calvin Austin III,00-0037837,WR,rec,2.492,0.0,1.0,2.0,4.0,5.0
2025_03_PIT_NE,PIT,NE,Calvin Austin III,00-0037837,WR,rec_yds,33.818,0.0,10.182,26.737,49.642,75.784
2025_03_PIT_NE,PIT,NE,Calvin Austin III,00-0037837,WR,anytime_td,0.178,0.0,0.0,0.0,0.0,1.0
2025_03_PIT_NE,PIT,NE,Pat Freiermuth,00-0036894,TE,car,0.001,0.0,0.0,0.0,0.0,0.0
2025_03_PIT_NE,PIT,NE,Pat Freiermuth,00-0036894,TE,rush_yds,0.006,0.0,0.0,0.0,0.0,0.0
2025_03_PIT_NE,PIT,NE,Pat Freiermuth,00-0036894,TE,tgt,4.481,1.0,3.0,4.0,6.0,8.0
2025_03_PIT_NE,PIT,NE,Pat Freiermuth,00-0036894,TE,rec,3.262,1.0,2.0,3.0,5.0,6.0
2025_03_PIT_NE,PIT,NE,Pat Freiermuth,00-0036894,TE,rec_yds,32.902,4.672,13.799,28.423,46.137,67.802
2025_03_PIT_NE,PIT,NE,Pat Freiermuth,00-0036894,TE,anytime_td,0.169,0.0,0.0,0.0,0.0,1.0
2025_03_PIT_NE,PIT,NE,Darnell Washington,00-0038558,TE,car,0.005,0.0,0.0,0.0,0.0,0.0
2025_03_PIT_NE,PIT,NE,Darnell Washington,00-0038558,TE,rush_yds,0.015,0.0,0.0,0.0,0.0,0.0
2025_03_PIT_NE,PIT,NE,Darnell Washington,00-0038558,TE,tgt,1.096,0.0,0.0,1.0,2.0,3.0
2025_03_PIT_NE,PIT,NE,Darnell Washington,00-0038558,TE,rec,0.726,0.0,0.0,0.0,1.0,2.0
2025_03_PIT_NE,PIT,NE,Darnell Washington,00-0038558,TE,rec_yds,7.536,0.0,0.0,0.0,11.175,24.299
2025_03_PIT_NE,PIT,NE,Darnell Washington,00-0038558,TE,anytime_td,0.02,0.0,0.0,0.0,0.0,0.0
2025_03_PIT_NE,PIT,NE,Kenny Gainwell,00-0036919,RB,car,7.217,2.0,4.0,6.0,10.0,13.0
2025_03_PIT_NE,PIT,NE,Kenny Gainwell,00-0036919,RB,rush_yds,28.192,3.667,10.717,22.502,39.926,59.722
2025_03_PIT_NE,PIT,NE,Kenny Gainwell,00-0036919,RB,tgt,3.214,1.0,2.0,3.0,4.0,6.0
2025_03_PIT_NE,PIT,NE,Kenny Gainwell,00-0036919,RB,rec,2.406,0.0,1.0,2.0,3.0,5.0
2025_03_PIT_NE,PIT,NE,Kenny Gainwell,00-0036919,RB,rec_yds,16.811,0.0,3.98,12.222,24.746,40.248
2025_03_PIT_NE,PIT,NE,Kenny Gainwell,00-0036919,RB,anytime_td,0.115,0.0,0.0,0.0,0.0,1.0
2025_03_PIT_NE,PIT,NE,Roman Wilson,00-0039739,WR,car,0.033,0.0,0.0,0.0,0.0,0.0
2025_03_PIT_NE,PIT,NE,Roman Wilson,00-0039739,WR,rush_yds,0.193,0.0,0.0,0.0,0.0,0.0
2025_03_PIT_NE,PIT,NE,Roman Wilson,00-0039739,WR,tgt,1.191,0.0,0.0,1.0,2.0,3.0
2025_03_PIT_NE,PIT,NE,Roman Wilson,00-0039739,WR,rec,0.722,0.0,0.0,0.0,1.0,2.0
2025_03_PIT_NE,PIT,NE,Roman Wilson,00-0039739,WR,rec_yds,9.168,0.0,0.0,0.0,12.999,29.437
2025_03_PIT_NE,PIT,NE,Roman Wilson,00-0039739,WR,anytime_td,0.017,0.0,0.0,0.0,0.0,0.0
2025_03_PIT_NE,PIT,NE,Ben Skowronek,00-0036862,WR,car,0.022,0.0,0.0,0.0,0.0,0.0
2025_03_PIT_NE,PIT,NE,Ben Skowronek,00-0036862,WR,rush_yds,0.147,0.0,0.0,0.0,0.0,0.0
2025_03_PIT_NE,PIT,NE,Ben Skowronek,00-0036862,WR,tgt,0.735,0.0,0.0,0.0,1.0,2.0
2025_03_PIT_NE,PIT,NE,Ben Skowronek,00-0036862,WR,rec,0.464,0.0,0.0,0.0,1.0,2.0
2025_03_PIT_NE,PIT,NE,Ben Skowronek,00-0036862,WR,rec_yds,6.024,0.0,0.0,0.0,7.024,20.99
2025_03_PIT_NE,PIT,NE,Ben Skowronek,00-0036862,WR,anytime_td,0.068,0.0,0.0,0.0,0.0,0.0
2025_03_PIT_NE,PIT,NE,Scott Miller,00-0035298,WR,car,0.022,0.0,0.0,0.0,0.0,0.0
2025_03_PIT_NE,PIT,NE,Scott Miller,00-0035298,WR,rush_yds,0.123,0.0,0.0,0.0,0.0,0.0
2025_03_PIT_NE,PIT,NE,Scott Miller,00-0035298,WR,tgt,0.618,0.0,0.0,0.0,1.0,2.0
2025_03_PIT_NE,PIT,NE,Scott Miller,00-0035298,WR,rec,0.385,0.0,0.0,0.0,1.0,1.0
2025_03_PIT_NE,PIT,NE,Scott Miller,00-0035298,WR,rec_yds,4.999,0.0,0.0,0.0,4.505,17.694
2025_03_PIT_NE,PIT,NE,Scott Miller,00-0035298,WR,anytime_td,0.007,0.0,0.0,0.0,0.0,0.0
2025_03_PIT_NE,PIT,NE,Connor Heyward,00-0037304,RB,car,0.572,0.0,0.0,0.0,1.0,2.0
2025_03_PIT_NE,PIT,NE,Connor Heyward,00-0037304,RB,rush_yds,2.411,0.0,0.0,0.0,0.0,7.51
2025_03_PIT_NE,PIT,NE,Connor Heyward,00-0037304,RB,tgt,0.523,0.0,0.0,0.0,1.0,2.0
2025_03_PIT_NE,PIT,NE,Connor Heyward,00-0037304,RB,rec,0.406,0.0,0.0,0.0,1.0,1.0
2025_03_PIT_NE,PIT,NE,Connor Heyward,00-0037304,RB,rec_yds,2.975,0.0,0.0,0.0,0.967,10.927
2025_03_PIT_NE,PIT,NE,Connor Heyward,00-0037304,RB,anytime_td,0.015,0.0,0.0,0.0,0.0,0.0
2025_03_DET_BAL,BAL,DET,Lamar Jackson,00-0034796,QB,att,28.338,18.0,24.0,29.0,34.0,38.0
2025_03_DET_BAL,BAL,DET,Lamar Jackson,00-0034796,QB,cmp,19.615,12.0,16.0,20.0,24.0,27.0
2025_03_DET_BAL,BAL,DET,Lamar Jackson,00-0034796,QB,pass_yds,241.554,137.327,187.461,241.283,298.644,353.593
2025_03_DET_BAL,BAL,DET,Lamar Jackson,00-0034796,QB,pass_td,1.929,0.0,1.0,2.0,3.0,4.0
2025_03_DET_BAL,BAL,DET,Lamar Jackson,00-0034796,QB,ints,0.545,0.0,0.0,0.0,1.0,2.0
2025_03_DET_BAL,BAL,DET,Lamar Jackson,00-0034796,QB,car,6.394,2.0,4.0,6.0,9.0,12.0
2025_03_DET_BAL,BAL,DET,Lamar Jackson,00-0034796,QB,rush_yds,30.903,3.192,12.592,26.472,43.628,62.973
2025_03_DET_BAL,BAL,DET,Lamar Jackson,00-0034796,QB,tgt,0.001,0.0,0.0,0.0,0.0,0.0
2025_03_DET_BAL,BAL,DET,Lamar Jackson,00-0034796,QB,rec,0.001,0.0,0.0,0.0,0.0,0.0
2025_03_DET_BAL,BAL,DET,Lamar Jackson,00-0034796,QB,rec_yds,0.002,0.0,0.0,0.0,0.0,0.0
2025_03_DET_BAL,BAL,DET,Lamar Jackson,00-0034796,QB,anytime_td,0.343,0.0,0.0,0.0,1.0,1.0
2025_03_DET_BAL,BAL,DET,Zay Flowers,00-0039064,WR,car,0.932,0.0,0.0,0.0,1.0,3.0
2025_03_DET_BAL,BAL,DET,Zay Flowers,00-0039064,WR,rush_yds,5.233,0.0,0.0,0.0,4.281,18.51
2025_03_DET_BAL,BAL,DET,Zay Flowers,00-0039064,WR,tgt,9.022,4.0,6.0,9.0,11.0,14.0
2025_03_DET_BAL,BAL,DET,Zay Flowers,00-0039064,WR,rec,6.25,3.0,4.0,6.0,8.0,10.0
2025_03_DET_BAL,BAL,DET,Zay Flowers,00-0039064,WR,rec_yds,89.519,30.336,52.409,83.214,119.902,156.759
2025_03_DET_BAL,BAL,DET,Zay Flowers,00-0039064,WR,anytime_td,0.287,0.0,0.0,0.0,1.0,1.0
2025_03_DET_BAL,BAL,DET,Mark Andrews,00-0034753,TE,car,0.655,0.0,0.0,0.0,1.0,2.0
2025_03_DET_BAL,BAL,DET,Mark Andrews,00-0034753,TE,rush_yds,1.591,0.0,0.0,0.0,0.0,5.327
2025_03_DET_BAL,BAL,DET,Mark Andrews,00-0034753,TE,tgt,3.913,1.0,2.0,4.0,5.0,7.0
2025_03_DET_BAL,BAL,DET,Mark Andrews,00-0034753,TE,rec,2.929,1.0,1.0,3.0,4.0,6.0
2025_03_DET_BAL,BAL,DET,Mark Andrews,00-0034753,TE,rec_yds,32.145,2.157,12.021,26.871,46.198,66.936
2025_03_DET_BAL,BAL,DET,Mark Andrews,00-0034753,TE,anytime_td,0.261,0.0,0.0,0.0,1.0,1.0
2025_03_DET_BAL,BAL,DET,Rashod Bateman,00-0036550,WR,car,0.013,0.0,0.0,0.0,0.0,0.0
2025_03_DET_BAL,BAL,DET,Rashod Bateman,00-0036550,WR,rush_yds,0.088,0.0,0.0,0.0,0.0,0.0
2025_03_DET_BAL,BAL,DET,Rashod Bateman,00-0036550,WR,tgt,4.748,2.0,3.0,4.0,6.0,8.0
2025_03_DET_BAL,BAL,DET,Rashod Bateman,00-0036550,WR,rec,3.142,1.0,2.0,3.0,4.0,6.0
2025_03_DET_BAL,BAL,DET,Rashod Bateman,00-0036550,WR,rec_yds,41.267,4.975,16.259,34.024,58.808,86.843
2025_03_DET_BAL,BAL,DET,Rashod Bateman,00-0036550,WR,anytime_td,0.267,0.0,0.0,0.0,1.0,1.0
2025_03_DET_BAL,BAL,DET,Tylan Wallace,00-0036630,WR,car,0.012,0.0,0.0,0.0,0.0,0.0
2025_03_DET_BAL,BAL,DET,Tylan Wallace,00-0036630,WR,rush_yds,0.067,0.0,0.0,0.0,0.0,0.0
2025_03_DET_BAL,BAL,DET,Tylan Wallace,00-0036630,WR,tgt,1.429,0.0,0.0,1.0,2.0,3.0
2025_03_DET_BAL,BAL,DET,Tylan Wallace,00-0036630,WR,rec,1.003,0.0,0.0,1.0,2.0,3.0
2025_03_DET_BAL,BAL,DET,Tylan Wallace,00-0036630,WR,rec_yds,13.799,0.0,0.0,5.712,20.552,40.337
2025_03_DET_BAL,BAL,DET,Tylan Wallace,00-0036630,WR,anytime_td,0.141,0.0,0.0,0.0,0.0,1.0
2025_03_DET_BAL,BAL,DET,Justice Hill,00-0034975,RB,car,3.516,0.0,1.0,3.0,5.0,8.0
2025_03_DET_BAL,BAL,DET,Justice Hill,00-0034975,RB,rush_yds,14.566,0.0,1.76,8.816,20.867,37.804
2025_03_DET_BAL,BAL,DET,Justice Hill,00-0034975,RB,tgt,3.192,1.0,2.0,3.0,4.0,6.0
2025_03_DET_BAL,BAL,DET,Justice Hill,00-0034975,RB,rec,2.708,0.0,1.0,2.0,4.0,5.0
2025_03_DET_BAL,BAL,DET,Justice Hill,00-0034975,RB,rec_yds,20.265,0.0,5.447,15.491,29.626,46.136
2025_03_DET_BAL,BAL,DET,Justice Hill,00-0034975,RB,anytime_td,0.223,0.0,0.0,0.0,0.0,1.0
2025_03_DET_BAL,BAL,DET,Derrick Henry,00-0032764,RB,car,17.286,9.0,13.0,17.0,21.0,26.0
2025_03_DET_BAL,BAL,DET,Derrick Henry,00-0032764,RB,rush_yds,90.702,35.91,56.104,83.004,117.433,154.117
2025_03_DET_BAL,BAL,DET,Derrick Henry,00-0032764,RB,tgt,1.132,0.0,0.0,1.0,2.0,3.0
2025_03_DET_BAL,BAL,DET,Derrick Henry,00-0032764,RB,rec,0.946,0.0,0.0,1.0,1.0,2.0
2025_03_DET_BAL,BAL,DET,Derrick Henry,00-0032764,RB,rec_yds,7.8,0.0,0.0,1.022,11.398,23.566
2025_03_DET_BAL,BAL,DET,Derrick Henry,00-0032764,RB,anytime_td,0.604,0.0,0.0,1.0,1.0,1.0
2025_03_DET_BAL,BAL,DET,Zaire Mitchell-Paden,00-0037340,TE,car,0.002,0.0,0.0,0.0,0.0,0.0
2025_03_DET_BAL,BAL,DET,Zaire Mitchell-Paden,00-0037340,TE,rush_yds,0.005,0.0,0.0,0.0,0.0,0.0
2025_03_DET_BAL,BAL,DET,Zaire Mitchell-Paden,00-0037340,TE,tgt,0.724,0.0,0.0,0.0,1.0,2.0
2025_03_DET_BAL,BAL,DET,Zaire Mitchell-Paden,00-0037340,TE,rec,0.531,0.0,0.0,0.0,1.0,2.0
2025_03_DET_BAL,BAL,DET,Zaire Mitchell-Paden,00-0037340,TE,rec_yds,5.934,0.0,0.0,0.0,7.671,20.115
2025_03_DET_BAL,BAL,DET,Zaire Mitchell-Paden,00-0037340,TE,anytime_td,0.039,0.0,0.0,0.0,0.0,0.0
2025_03_DET_BAL,BAL,DET,DeAndre Hopkins,00-0030564,WR,car,0.018,0.0,0.0,0.0,0.0,0.0
2025_03_DET_BAL,BAL,DET,DeAndre Hopkins,00-0030564,WR,rush_yds,0.12,0.0,0.0,0.0,0.0,0.0
2025_03_DET_BAL,BAL,DET,DeAndre Hopkins,00-0030564,WR,tgt,3.277,1.0,2.0,3.0,5.0,6.0
2025_03_DET_BAL,BAL,DET,DeAndre Hopkins,00-0030564,WR,rec,2.298,0.0,1.0,2.0,3.0,5.0
2025_03_DET_BAL,BAL,DET,DeAndre Hopkins,00-0030564,WR,rec_yds,32.715,0.0,9.14,24.646,47.51,75.325
2025_03_DET_BAL,BAL,DET,DeAndre Hopkins,00-0030564,WR,anytime_td,0.342,0.0,0.0,0.0,1.0,1.0
2025_03_DET_BAL,BAL,DET,Devontez Walker,00-0039792,WR,car,0.018,0.0,0.0,0.0,0.0,0.0
2025_03_DET_BAL,BAL,DET,Devontez Walker,00-0039792,WR,rush_yds,0.1,0.0,0.0,0.0,0.0,0.0
2025_03_DET_BAL,BAL,DET,Devontez Walker,00-0039792,WR,tgt,1.278,0.0,0.0,1.0,2.0,3.0
2025_03_DET_BAL,BAL,DET,Devontez Walker,00-0039792,WR,rec,0.88,0.0,0.0,1.0,1.0,2.0
2025_03_DET_BAL,BAL,DET,Devontez Walker,00-0039792,WR,rec_yds,11.563,0.0,0.0,2.086,16.788,35.46
2025_03_DET_BAL,BAL,DET,Devontez Walker,00-0039792,WR,anytime_td,0.227,0.0,0.0,0.0,0.0,1.0
2025_03_DET_BAL,DET,BAL,Jared Goff,00-0033106,QB,att,32.896,22.0,28.0,34.0,39.0,44.0
2025_03_DET_BAL,DET,BAL,Jared Goff,00-0033106,QB,cmp,22.691,14.9,19.0,23.0,27.0,31.0
2025_03_DET_BAL,DET,BAL,Jared Goff,00-0033106,QB,pass_yds,254.046,152.604,202.827,254.127,309.421,363.546
2025_03_DET_BAL,DET,BAL,Jared Goff,00-0033106,QB,pass_td,1.712,0.0,1.0,2.0,2.0,3.0
2025_03_DET_BAL,DET,BAL,Jared Goff,00-0033106,QB,ints,0.703,0.0,0.0,0.0,1.0,2.0
2025_03_DET_BAL,DET,BAL,Jared Goff,00-0033106,QB,car,1.759,0.0,1.0,1.0,3.0,4.0
2025_03_DET_BAL,DET,BAL,Jared Goff,00-0033106,QB,rush_yds,7.096,-1.0,0.0,2.885,11.701,21.494
2025_03_DET_BAL,DET,BAL,Jared Goff,00-0033106,QB,tgt,0.0,0.0,0.0,0.0,0.0,0.0
2025_03_DET_BAL,DET,BAL,Jared Goff,00-0033106,QB,rec,0.0,0.0,0.0,0.0,0.0,0.0
2025_03_DET_BAL,DET,BAL,Jared Goff,00-0033106,QB,rec_yds,0.001,0.0,0.0,0.0,0.0,0.0
2025_03_DET_BAL,DET,BAL,Jared Goff,00-0033106,QB,anytime_td,0.012,0.0,0.0,0.0,0.0,0.0
2025_03_DET_BAL,DET,BAL,Jameson Williams,00-0037240,WR,car,0.508,0.0,0.0,0.0,0.0,2.0
2025_03_DET_BAL,DET,BAL,Jameson Williams,00-0037240,WR,rush_yds,2.964,0.0,0.0,0.0,0.0,9.439
2025_03_DET_BAL,DET,BAL,Jameson Williams,00-0037240,WR,tgt,5.084,2.0,3.0,5.0,7.0,9.0
2025_03_DET_BAL,DET,BAL,Jameson Williams,00-0037240,WR,rec,3.216,1.0,2.0,3.0,4.0,6.0
2025_03_DET_BAL,DET,BAL,Jameson Williams,00-0037240,WR,rec_yds,48.072,6.274,19.875,39.744,68.299,101.405
2025_03_DET_BAL,DET,BAL,Jameson Williams,00-0037240,WR,anytime_td,0.284,0.0,0.0,0.0,1.0,1.0
2025_03_DET_BAL,DET,BAL,Amon-Ra St. Brown,00-0036963,WR,car,0.461,0.0,0.0,0.0,0.0,2.0
2025_03_DET_BAL,DET,BAL,Amon-Ra St. Brown,00-0036963,WR,rush_yds,2.416,0.0,0.0,0.0,0.0,7.947
2025_03_DET_BAL,DET,BAL,Amon-Ra St. Brown,00-0036963,WR,tgt,8.454,4.0,6.0,8.0,11.0,13.0
2025_03_DET_BAL,DET,BAL,Amon-Ra St. Brown,00-0036963,WR,rec,5.961,3.0,4.0,6.0,8.0,10.0
2025_03_DET_BAL,DET,BAL,Amon-Ra St. Brown,00-0036963,WR,rec_yds,79.042,25.705,45.424,71.762,104.879,141.939
2025_03_DET_BAL,DET,BAL,Amon-Ra St. Brown,00-0036963,WR,anytime_td,0.48,0.0,0.0,0.0,1.0,1.0
2025_03_DET_BAL,DET,BAL,Sam LaPorta,00-0039065,TE,car,0.001,0.0,0.0,0.0,0.0,0.0
2025_03_DET_BAL,DET,BAL,Sam LaPorta,00-0039065,TE,rush_yds,0.001,0.0,0.0,0.0,0.0,0.0
2025_03_DET_BAL,DET,BAL,Sam LaPorta,00-0039065,TE,tgt,6.09,2.0,4.0,6.0,8.0,10.0
2025_03_DET_BAL,DET,BAL,Sam LaPorta,00-0039065,TE,rec,4.38,1.0,3.0,4.0,6.0,8.0
2025_03_DET_BAL,DET,BAL,Sam LaPorta,00-0039065,TE,rec_yds,48.687,10.839,23.532,42.592,67.879,93.604
2025_03_DET_BAL,DET,BAL,Sam LaPorta,00-0039065,TE,anytime_td,0.233,0.0,0.0,0.0,0.0,1.0
2025_03_DET_BAL,DET,BAL,Jahmyr Gibbs,00-0039139,RB,car,10.91,4.0,7.0,10.0,14.0,18.0
2025_03_DET_BAL,DET,BAL,Jahmyr Gibbs,00-0039139,RB,rush_yds,52.73,13.375,25.771,44.929,71.915,101.239
2025_03_DET_BAL,DET,BAL,Jahmyr Gibbs,00-0039139,RB,tgt,5.596,2.0,3.0,5.0,7.0,10.0
2025_03_DET_BAL,DET,BAL,Jahmyr Gibbs,00-0039139,RB,rec,4.565,1.0,3.0,4.0,6.0,8.0
2025_03_DET_BAL,DET,BAL,Jahmyr Gibbs,00-0039139,RB,rec_yds,32.14,5.026,13.927,27.743,45.701,65.572
2025_03_DET_BAL,DET,BAL,Jahmyr Gibbs,00-0039139,RB,anytime_td,0.512,0.0,0.0,1.0,1.0,1.0
2025_03_DET_BAL,DET,BAL,Brock Wright,00-0036754,TE,car,0.001,0.0,0.0,0.0,0.0,0.0
2025_03_DET_BAL,DET,BAL,Brock Wright,00-0036754,TE,rush_yds,0.002,0.0,0.0,0.0,0.0,0.0
2025_03_DET_BAL,DET,BAL,Brock Wright,00-0036754,TE,tgt,1.076,0.0,0.0,1.0,2.0,3.0
2025_03_DET_BAL,DET,BAL,Brock Wright,00-0036754,TE,rec,0.794,0.0,0.0,0.0,1.0,2.0
2025_03_DET_BAL,DET,BAL,Brock Wright,00-0036754,TE,rec_yds,8.505,0.0,0.0,0.0,12.533,26.046
2025_03_DET_BAL,DET,BAL,Brock Wright,00-0036754,TE,anytime_td,0.135,0.0,0.0,0.0,0.0,1.0
2025_03_DET_BAL,DET,BAL,Kalif Raymond,00-0032464,WR,car,0.267,0.0,0.0,0.0,0.0,1.0
2025_03_DET_BAL,DET,BAL,Kalif Raymond,00-0032464,WR,rush_yds,1.59,0.0,0.0,0.0,0.0,1.052
2025_03_DET_BAL,DET,BAL,Kalif Raymond,00-0032464,WR,tgt,2.064,0.0,1.0,2.0,3.0,5.0
2025_03_DET_BAL,DET,BAL,Kalif Raymond,00-0032464,WR,rec,1.361,0.0,0.0,1.0,2.0,3.0
2025_03_DET_BAL,DET,BAL,Kalif Raymond,00-0032464,WR,rec_yds,17.866,0.0,0.0,10.106,26.904,48.437
2025_03_DET_BAL,DET,BAL,Kalif Raymond,00-0032464,WR,anytime_td,0.072,0.0,0.0,0.0,0.0,0.0
2025_03_DET_BAL,DET,BAL,David Montgomery,00-0035685,RB,car,9.561,3.0,6.0,9.0,13.0,17.0
2025_03_DET_BAL,DET,BAL,David Montgomery,00-0035685,RB,rush_yds,39.548,8.777,18.545,33.403,54.191,78.323
2025_03_DET_BAL,DET,BAL,David Montgomery,00-0035685,RB,tgt,2.468,0.0,1.0,2.0,4.0,5.0
2025_03_DET_BAL,DET,BAL,David Montgomery,00-0035685,RB,rec,2.028,0.0,1.0,2.0,3.0,4.0
2025_03_DET_BAL,DET,BAL,David Montgomery,00-0035685,RB,rec_yds,15.166,0.0,0.903,9.794,22.96,38.286
2025_03_DET_BAL,DET,BAL,David Montgomery,00-0035685,RB,anytime_td,0.389,0.0,0.0,0.0,1.0,1.0
2025_03_DET_BAL,DET,BAL,Isaac TeSlaa,00-0040669,WR,car,0.017,0.0,0.0,0.0,0.0,0.0
2025_03_DET_BAL,DET,BAL,Isaac TeSlaa,00-0040669,WR,rush_yds,0.089,0.0,0.0,0.0,0.0,0.0
2025_03_DET_BAL,DET,BAL,Isaac TeSlaa,00-0040669,WR,tgt,1.199,0.0,0.0,1.0,2.0,3.0
2025_03_DET_BAL,DET,BAL,Isaac TeSlaa,00-0040669,WR,rec,0.766,0.0,0.0,0.0,1.0,2.0
2025_03_DET_BAL,DET,BAL,Isaac TeSlaa,00-0040669,WR,rec_yds,10.3,0.0,0.0,0.0,14.977,32.07
2025_03_DET_BAL,DET,BAL,Isaac TeSlaa,00-0040669,WR,anytime_td,0.128,0.0,0.0,0.0,0.0,1.0
2025_03_DET_BAL,DET,BAL,Jacob Saylors,00-0038896,RB,car,2.578,0.0,0.0,2.0,4.0,6.0
2025_03_DET_BAL,DET,BAL,Jacob Saylors,00-0038896,RB,rush_yds,10.926,0.0,0.0,4.969,15.34,30.405
2025_03_DET_BAL,DET,BAL,Jacob Saylors,00-0038896,RB,tgt,0.782,0.0,0.0,0.0,1.0,2.0
2025_03_DET_BAL,DET,BAL,Jacob Saylors,00-0038896,RB,rec,0.611,0.0,0.0,0.0,1.0,2.0
2025_03_DET_BAL,DET,BAL,Jacob Saylors,00-0038896,RB,rec_yds,4.693,0.0,0.0,0.0,6.257,15.937
2025_03_DET_BAL,DET,BAL,Jacob Saylors,00-0038896,RB,anytime_td,0.158,0.0,0.0,0.0,0.0,1.0
2025_03_DET_BAL,DET,BAL,Dominic Lovett,00-0040241,WR,car,0.027,0.0,0.0,0.0,0.0,0.0
2025_03_DET_BAL,DET,BAL,Dominic Lovett,00-0040241,WR,rush_yds,0.17,0.0,0.0,0.0,0.0,0.0
2025_03_DET_BAL,DET,BAL,Dominic Lovett,00-0040241,WR,tgt,0.625,0.0,0.0,0.0,1.0,2.0
2025_03_DET_BAL,DET,BAL,Dominic Lovett,00-0040241,WR,rec,0.39,0.0,0.0,0.0,1.0,1.0
2025_03_DET_BAL,DET,BAL,Dominic Lovett,00-0040241,WR,rec_yds,5.037,0.0,0.0,0.0,4.225,18.155
2025_03_DET_BAL,DET,BAL,Dominic Lovett,00-0040241,WR,anytime_td,0.011,0.0,0.0,0.0,0.0,0.0
