game_id,team,opp,player,player_id,pos,stat,mean,p10,p25,median,p75,p90
2025_14_DAL_DET,DET,DAL,Jared Goff,00-0033106,QB,att,31.615,21.0,27.0,32.0,37.0,42.0
2025_14_DAL_DET,DET,DAL,Jared Goff,00-0033106,QB,cmp,21.988,14.0,18.0,22.0,26.0,30.0
2025_14_DAL_DET,DET,DAL,Jared Goff,00-0033106,QB,pass_yds,262.836,160.501,211.314,265.249,316.955,373.238
2025_14_DAL_DET,DET,DAL,Jared Goff,00-0033106,QB,pass_td,1.929,0.0,1.0,2.0,3.0,4.0
2025_14_DAL_DET,DET,DAL,Jared Goff,00-0033106,QB,ints,0.583,0.0,0.0,0.0,1.0,2.0
2025_14_DAL_DET,DET,DAL,Jared Goff,00-0033106,QB,car,1.806,0.0,1.0,1.0,3.0,4.0
2025_14_DAL_DET,DET,DAL,Jared Goff,00-0033106,QB,rush_yds,5.259,-2.0,-1.0,0.0,8.412,18.928
2025_14_DAL_DET,DET,DAL,Jared Goff,00-0033106,QB,tgt,0.0,0.0,0.0,0.0,0.0,0.0
2025_14_DAL_DET,DET,DAL,Jared Goff,00-0033106,QB,rec,0.0,0.0,0.0,0.0,0.0,0.0
2025_14_DAL_DET,DET,DAL,Jared Goff,00-0033106,QB,rec_yds,0.005,0.0,0.0,0.0,0.0,0.0
2025_14_DAL_DET,DET,DAL,Jared Goff,00-0033106,QB,anytime_td,0.011,0.0,0.0,0.0,0.0,0.0
2025_14_DAL_DET,DET,DAL,Jameson Williams,00-0037240,WR,car,0.43,0.0,0.0,0.0,0.0,1.0
2025_14_DAL_DET,DET,DAL,Jameson Williams,00-0037240,WR,rush_yds,2.329,0.0,0.0,0.0,0.0,6.857
2025_14_DAL_DET,DET,DAL,Jameson Williams,00-0037240,WR,tgt,6.728,3.0,4.0,6.0,9.0,11.0
2025_14_DAL_DET,DET,DAL,Jameson Williams,00-0037240,WR,rec,4.425,1.9,3.0,4.0,6.0,8.0
2025_14_DAL_DET,DET,DAL,Jameson Williams,00-0037240,WR,rec_yds,70.301,16.394,35.25,62.711,98.243,133.693
2025_14_DAL_DET,DET,DAL,Jameson Williams,00-0037240,WR,anytime_td,0.387,0.0,0.0,0.0,1.0,1.0
2025_14_DAL_DET,DET,DAL,Amon-Ra St. Brown,00-0036963,WR,car,0.148,0.0,0.0,0.0,0.0,0.0
2025_14_DAL_DET,DET,DAL,Amon-Ra St. Brown,00-0036963,WR,rush_yds,0.838,0.0,0.0,0.0,0.0,0.0
2025_14_DAL_DET,DET,DAL,Amon-Ra St. Brown,00-0036963,WR,tgt,10.35,5.0,7.0,10.0,13.0,16.0
2025_14_DAL_DET,DET,DAL,Amon-Ra St. Brown,00-0036963,WR,rec,7.055,3.0,5.0,7.0,9.0,11.0
2025_14_DAL_DET,DET,DAL,Amon-Ra St. Brown,00-0036963,WR,rec_yds,93.117,34.959,57.379,86.557,123.094,160.036
2025_14_DAL_DET,DET,DAL,Amon-Ra St. Brown,00-0036963,WR,anytime_td,0.44,0.0,0.0,0.0,1.0,1.0
2025_14_DAL_DET,DET,DAL,Isaac TeSlaa,00-0040669,WR,car,0.007,0.0,0.0,0.0,0.0,0.0
2025_14_DAL_DET,DET,DAL,Isaac TeSlaa,00-0040669,WR,rush_yds,0.033,0.0,0.0,0.0,0.0,0.0
2025_14_DAL_DET,DET,DAL,Isaac TeSlaa,00-0040669,WR,tgt,1.318,0.0,0.0,1.0,2.0,3.0
2025_14_DAL_DET,DET,DAL,Isaac TeSlaa,00-0040669,WR,rec,0.878,0.0,0.0,1.0,1.0,2.0
2025_14_DAL_DET,DET,DAL,Isaac TeSlaa,00-0040669,WR,rec_yds,12.106,0.0,0.0,2.474,17.583,36.374
2025_14_DAL_DET,DET,DAL,Isaac TeSlaa,00-0040669,WR,anytime_td,0.155,0.0,0.0,0.0,0.0,1.0
2025_14_DAL_DET,DET,DAL,Jahmyr Gibbs,00-0039139,RB,car,14.176,7.0,10.0,13.0,18.0,23.0
2025_14_DAL_DET,DET,DAL,Jahmyr Gibbs,00-0039139,RB,rush_yds,76.903,25.507,42.734,68.12,99.678,140.674
2025_14_DAL_DET,DET,DAL,Jahmyr Gibbs,00-0039139,RB,tgt,6.197,2.0,4.0,6.0,8.0,10.0
2025_14_DAL_DET,DET,DAL,Jahmyr Gibbs,00-0039139,RB,rec,5.288,2.0,3.0,5.0,7.0,9.0
2025_14_DAL_DET,DET,DAL,Jahmyr Gibbs,00-0039139,RB,rec_yds,43.996,9.917,21.306,38.921,60.715,85.486
2025_14_DAL_DET,DET,DAL,Jahmyr Gibbs,00-0039139,RB,anytime_td,0.685,0.0,0.0,1.0,1.0,1.0
2025_14_DAL_DET,DET,DAL,Anthony Firkser,00-0033455,TE,car,0.003,0.0,0.0,0.0,0.0,0.0
2025_14_DAL_DET,DET,DAL,Anthony Firkser,00-0033455,TE,rush_yds,0.009,0.0,0.0,0.0,0.0,0.0
2025_14_DAL_DET,DET,DAL,Anthony Firkser,00-0033455,TE,tgt,0.558,0.0,0.0,0.0,1.0,2.0
2025_14_DAL_DET,DET,DAL,Anthony Firkser,00-0033455,TE,rec,0.421,0.0,0.0,0.0,1.0,1.0
2025_14_DAL_DET,DET,DAL,Anthony Firkser,00-0033455,TE,rec_yds,4.411,0.0,0.0,0.0,4.362,15.714
2025_14_DAL_DET,DET,DAL,Anthony Firkser,00-0033455,TE,anytime_td,0.011,0.0,0.0,0.0,0.0,0.0
2025_14_DAL_DET,DET,DAL,David Montgomery,00-0035685,RB,car,9.332,3.0,5.0,9.0,12.25,16.0
2025_14_DAL_DET,DET,DAL,David Montgomery,00-0035685,RB,rush_yds,40.053,8.006,17.744,33.193,55.096,80.092
2025_14_DAL_DET,DET,DAL,David Montgomery,00-0035685,RB,tgt,2.519,0.0,1.0,2.0,4.0,5.0
2025_14_DAL_DET,DET,DAL,David Montgomery,00-0035685,RB,rec,2.14,0.0,1.0,2.0,3.0,5.0
2025_14_DAL_DET,DET,DAL,David Montgomery,00-0035685,RB,rec_yds,16.713,0.0,2.079,11.361,24.887,42.507
2025_14_DAL_DET,DET,DAL,David Montgomery,00-0035685,RB,anytime_td,0.41,0.0,0.0,0.0,1.0,1.0
2025_14_DAL_DET,DET,DAL,Ross Dwelley,00-0034073,TE,car,0.006,0.0,0.0,0.0,0.0,0.0
2025_14_DAL_DET,DET,DAL,Ross Dwelley,00-0034073,TE,rush_yds,0.014,0.0,0.0,0.0,0.0,0.0
2025_14_DAL_DET,DET,DAL,Ross Dwelley,00-0034073,TE,tgt,0.81,0.0,0.0,0.0,1.0,2.0
2025_14_DAL_DET,DET,DAL,Ross Dwelley,00-0034073,TE,rec,0.586,0.0,0.0,0.0,1.0,2.0
2025_14_DAL_DET,DET,DAL,Ross Dwelley,00-0034073,TE,rec_yds,6.226,0.0,0.0,0.0,8.337,20.915
2025_14_DAL_DET,DET,DAL,Ross Dwelley,00-0034073,TE,anytime_td,0.042,0.0,0.0,0.0,0.0,0.0
2025_14_DAL_DET,DET,DAL,Tom Kennedy,00-0035544,WR,car,0.01,0.0,0.0,0.0,0.0,0.0
2025_14_DAL_DET,DET,DAL,Tom Kennedy,00-0035544,WR,rush_yds,0.057,0.0,0.0,0.0,0.0,0.0
2025_14_DAL_DET,DET,DAL,Tom Kennedy,00-0035544,WR,tgt,2.371,0.0,1.0,2.0,3.0,5.0
2025_14_DAL_DET,DET,DAL,Tom Kennedy,00-0035544,WR,rec,1.659,0.0,0.0,1.0,2.0,4.0
2025_14_DAL_DET,DET,DAL,Tom Kennedy,00-0035544,WR,rec_yds,21.413,0.0,0.0,14.091,32.113,54.492
2025_14_DAL_DET,DET,DAL,Tom Kennedy,00-0035544,WR,anytime_td,0.056,0.0,0.0,0.0,0.0,0.0
2025_14_DAL_DET,DET,DAL,Jacob Saylors,00-0038896,RB,car,1.044,0.0,0.0,0.0,1.0,3.0
2025_14_DAL_DET,DET,DAL,Jacob Saylors,00-0038896,RB,rush_yds,4.535,0.0,0.0,0.0,4.594,14.994
2025_14_DAL_DET,DET,DAL,Jacob Saylors,00-0038896,RB,tgt,0.18,0.0,0.0,0.0,0.0,1.0
2025_14_DAL_DET,DET,DAL,Jacob Saylors,00-0038896,RB,rec,0.149,0.0,0.0,0.0,0.0,1.0
2025_14_DAL_DET,DET,DAL,Jacob Saylors,00-0038896,RB,rec_yds,1.108,0.0,0.0,0.0,0.0,0.0
2025_14_DAL_DET,DET,DAL,Jacob Saylors,00-0038896,RB,anytime_td,0.022,0.0,0.0,0.0,0.0,0.0
2025_14_DAL_DET,DET,DAL,Malik Cunningham,00-0038911,WR,car,0.048,0.0,0.0,0.0,0.0,0.0
2025_14_DAL_DET,DET,DAL,Malik Cunningham,00-0038911,WR,rush_yds,0.267,0.0,0.0,0.0,0.0,0.0
2025_14_DAL_DET,DET,DAL,Malik Cunningham,00-0038911,WR,tgt,1.032,0.0,0.0,1.0,2.0,3.0
2025_14_DAL_DET,DET,DAL,Malik Cunningham,00-0038911,WR,rec,0.695,0.0,0.0,0.0,1.0,2.0
2025_14_DAL_DET,DET,DAL,Malik Cunningham,00-0038911,WR,rec_yds,9.132,0.0,0.0,0.0,13.007,30.264
2025_14_DAL_DET,DET,DAL,Malik Cunningham,00-0038911,WR,anytime_td,0.049,0.0,0.0,0.0,0.0,0.0
2025_14_DAL_DET,DAL,DET,Dak Prescott,00-0033077,QB,att,33.735,23.0,29.0,35.0,40.0,45.0
2025_14_DAL_DET,DAL,DET,Dak Prescott,00-0033077,QB,cmp,21.964,14.0,18.0,22.0,27.0,30.0
2025_14_DAL_DET,DAL,DET,Dak Prescott,00-0033077,QB,pass_yds,257.355,158.94,209.035,259.638,311.6,361.428
2025_14_DAL_DET,DAL,DET,Dak Prescott,00-0033077,QB,pass_td,1.776,0.0,1.0,2.0,3.0,3.0
2025_14_DAL_DET,DAL,DET,Dak Prescott,00-0033077,QB,ints,0.736,0.0,0.0,1.0,1.0,2.0
2025_14_DAL_DET,DAL,DET,Dak Prescott,00-0033077,QB,car,2.698,0.0,1.0,2.0,4.0,5.0
2025_14_DAL_DET,DAL,DET,Dak Prescott,00-0033077,QB,rush_yds,12.743,-0.093,0.953,8.962,19.066,31.417
2025_14_DAL_DET,DAL,DET,Dak Prescott,00-0033077,QB,tgt,0.0,0.0,0.0,0.0,0.0,0.0
2025_14_DAL_DET,DAL,DET,Dak Prescott,00-0033077,QB,rec,0.0,0.0,0.0,0.0,0.0,0.0
2025_14_DAL_DET,DAL,DET,Dak Prescott,00-0033077,QB,rec_yds,0.0,0.0,0.0,0.0,0.0,0.0
2025_14_DAL_DET,DAL,DET,Dak Prescott,00-0033077,QB,anytime_td,0.185,0.0,0.0,0.0,0.0,1.0
2025_14_DAL_DET,DAL,DET,George Pickens,00-0037247,WR,car,0.017,0.0,0.0,0.0,0.0,0.0
2025_14_DAL_DET,DAL,DET,George Pickens,00-0037247,WR,rush_yds,0.059,0.0,0.0,0.0,0.0,0.0
2025_14_DAL_DET,DAL,DET,George Pickens,00-0037247,WR,tgt,8.637,4.0,6.0,8.0,11.0,14.0
2025_14_DAL_DET,DAL,DET,George Pickens,00-0037247,WR,rec,5.731,2.0,4.0,5.0,7.0,9.1
2025_14_DAL_DET,DAL,DET,George Pickens,00-0037247,WR,rec_yds,81.908,25.78,47.528,75.409,110.476,145.394
2025_14_DAL_DET,DAL,DET,George Pickens,00-0037247,WR,anytime_td,0.362,0.0,0.0,0.0,1.0,1.0
2025_14_DAL_DET,DAL,DET,Jake Ferguson,00-0038041,TE,car,0.13,0.0,0.0,0.0,0.0,0.0
2025_14_DAL_DET,DAL,DET,Jake Ferguson,00-0038041,TE,rush_yds,0.285,0.0,0.0,0.0,0.0,0.0
2025_14_DAL_DET,DAL,DET,Jake Ferguson,00-0038041,TE,tgt,5.648,2.0,3.0,5.0,7.0,10.0
2025_14_DAL_DET,DAL,DET,Jake Ferguson,00-0038041,TE,rec,4.347,1.0,3.0,4.0,6.0,8.0
2025_14_DAL_DET,DAL,DET,Jake Ferguson,00-0038041,TE,rec_yds,38.775,9.029,19.365,34.258,53.538,74.866
2025_14_DAL_DET,DAL,DET,Jake Ferguson,00-0038041,TE,anytime_td,0.346,0.0,0.0,0.0,1.0,1.0
2025_14_DAL_DET,DAL,DET,Javonte Williams,00-0036997,RB,car,16.718,9.0,12.0,16.0,21.0,25.0
2025_14_DAL_DET,DAL,DET,Javonte Williams,00-0036997,RB,rush_yds,71.815,27.204,43.515,65.238,92.981,125.434
2025_14_DAL_DET,DAL,DET,Javonte Williams,00-0036997,RB,tgt,2.795,0.0,1.0,2.0,4.0,6.0
2025_14_DAL_DET,DAL,DET,Javonte Williams,00-0036997,RB,rec,2.106,0.0,1.0,2.0,3.0,4.0
2025_14_DAL_DET,DAL,DET,Javonte Williams,00-0036997,RB,rec_yds,13.714,0.0,1.762,9.372,20.292,34.265
2025_14_DAL_DET,DAL,DET,Javonte Williams,00-0036997,RB,anytime_td,0.515,0.0,0.0,1.0,1.0,1.0
2025_14_DAL_DET,DAL,DET,Ryan Flournoy,00-0039410,WR,car,0.248,0.0,0.0,0.0,0.0,1.0
2025_14_DAL_DET,DAL,DET,Ryan Flournoy,00-0039410,WR,rush_yds,1.517,0.0,0.0,0.0,0.0,0.0
2025_14_DAL_DET,DAL,DET,Ryan Flournoy,00-0039410,WR,tgt,2.254,0.0,1.0,2.0,3.0,5.0
2025_14_DAL_DET,DAL,DET,Ryan Flournoy,00-0039410,WR,rec,1.489,0.0,0.0,1.0,2.0,3.0
2025_14_DAL_DET,DAL,DET,Ryan Flournoy,00-0039410,WR,rec_yds,18.328,0.0,0.0,11.59,28.218,47.993
2025_14_DAL_DET,DAL,DET,Ryan Flournoy,00-0039410,WR,anytime_td,0.156,0.0,0.0,0.0,0.0,1.0
2025_14_DAL_DET,DAL,DET,KaVontae Turpin,00-0037801,WR,car,1.286,0.0,0.0,0.0,2.0,4.0
2025_14_DAL_DET,DAL,DET,KaVontae Turpin,00-0037801,WR,rush_yds,6.754,0.0,0.0,0.0,8.409,22.304
2025_14_DAL_DET,DAL,DET,KaVontae Turpin,00-0037801,WR,tgt,2.582,0.0,1.0,2.0,4.0,5.0
2025_14_DAL_DET,DAL,DET,KaVontae Turpin,00-0037801,WR,rec,1.624,0.0,0.0,1.0,2.0,4.0
2025_14_DAL_DET,DAL,DET,KaVontae Turpin,00-0037801,WR,rec_yds,21.074,0.0,0.0,14.178,32.345,53.342
2025_14_DAL_DET,DAL,DET,KaVontae Turpin,00-0037801,WR,anytime_td,0.093,0.0,0.0,0.0,0.0,0.0
2025_14_DAL_DET,DAL,DET,CeeDee Lamb,00-0036358,WR,car,0.18,0.0,0.0,0.0,0.0,0.0
2025_14_DAL_DET,DAL,DET,CeeDee Lamb,00-0036358,WR,rush_yds,0.921,0.0,0.0,0.0,0.0,0.0
2025_14_DAL_DET,DAL,DET,CeeDee Lamb,00-0036358,WR,tgt,8.404,4.0,6.0,8.0,11.0,13.0
2025_14_DAL_DET,DAL,DET,CeeDee Lamb,00-0036358,WR,rec,5.278,2.0,3.0,5.0,7.0,9.0
2025_14_DAL_DET,DAL,DET,CeeDee Lamb,00-0036358,WR,rec_yds,71.746,20.239,39.113,65.367,97.52,130.846
2025_14_DAL_DET,DAL,DET,CeeDee Lamb,00-0036358,WR,anytime_td,0.337,0.0,0.0,0.0,1.0,1.0
2025_14_DAL_DET,DAL,DET,Hunter Luepke,00-0038738,RB,car,0.602,0.0,0.0,0.0,1.0,2.0
2025_14_DAL_DET,DAL,DET,Hunter Luepke,00-0038738,RB,rush_yds,2.525,0.0,0.0,0.0,0.0,7.981
2025_14_DAL_DET,DAL,DET,Hunter Luepke,00-0038738,RB,tgt,0.785,0.0,0.0,0.0,1.0,2.0
2025_14_DAL_DET,DAL,DET,Hunter Luepke,00-0038738,RB,rec,0.623,0.0,0.0,0.0,1.0,2.0
2025_14_DAL_DET,DAL,DET,Hunter Luepke,00-0038738,RB,rec_yds,4.579,0.0,0.0,0.0,6.106,15.756
2025_14_DAL_DET,DAL,DET,Hunter Luepke,00-0038738,RB,anytime_td,0.056,0.0,0.0,0.0,0.0,0.0
2025_14_DAL_DET,DAL,DET,Luke Schoonmaker,00-0038547,TE,car,0.001,0.0,0.0,0.0,0.0,0.0
2025_14_DAL_DET,DAL,DET,Luke Schoonmaker,00-0038547,TE,rush_yds,0.004,0.0,0.0,0.0,0.0,0.0
2025_14_DAL_DET,DAL,DET,Luke Schoonmaker,00-0038547,TE,tgt,1.272,0.0,0.0,1.0,2.0,3.0
2025_14_DAL_DET,DAL,DET,Luke Schoonmaker,00-0038547,TE,rec,0.876,0.0,0.0,1.0,1.0,2.0
2025_14_DAL_DET,DAL,DET,Luke Schoonmaker,00-0038547,TE,rec_yds,8.687,0.0,0.0,1.116,13.22,25.985
2025_14_DAL_DET,DAL,DET,Luke Schoonmaker,00-0038547,TE,anytime_td,0.013,0.0,0.0,0.0,0.0,0.0
2025_14_DAL_DET,DAL,DET,Jonathan Mingo,00-0039062,WR,car,0.031,0.0,0.0,0.0,0.0,0.0
2025_14_DAL_DET,DAL,DET,Jonathan Mingo,00-0039062,WR,rush_yds,0.182,0.0,0.0,0.0,0.0,0.0
2025_14_DAL_DET,DAL,DET,Jonathan Mingo,00-0039062,WR,tgt,1.558,0.0,0.0,1.0,2.0,4.0
2025_14_DAL_DET,DAL,DET,Jonathan Mingo,00-0039062,WR,rec,0.933,0.0,0.0,1.0,1.0,3.0
2025_14_DAL_DET,DAL,DET,Jonathan Mingo,00-0039062,WR,rec_yds,11.922,0.0,0.0,3.508,17.584,36.199
2025_14_DAL_DET,DAL,DET,Jonathan Mingo,00-0039062,WR,anytime_td,0.037,0.0,0.0,0.0,0.0,0.0
2025_14_DAL_DET,DAL,DET,Brevyn Spann-Ford,00-0039530,TE,car,0.002,0.0,0.0,0.0,0.0,0.0
2025_14_DAL_DET,DAL,DET,Brevyn Spann-Ford,00-0039530,TE,rush_yds,0.005,0.0,0.0,0.0,0.0,0.0
2025_14_DAL_DET,DAL,DET,Brevyn Spann-Ford,00-0039530,TE,tgt,0.527,0.0,0.0,0.0,1.0,2.0
2025_14_DAL_DET,DAL,DET,Brevyn Spann-Ford,00-0039530,TE,rec,0.378,0.0,0.0,0.0,1.0,1.0
2025_14_DAL_DET,DAL,DET,Brevyn Spann-Ford,00-0039530,TE,rec_yds,3.657,0.0,0.0,0.0,2.089,13.851
2025_14_DAL_DET,DAL,DET,Brevyn Spann-Ford,00-0039530,TE,anytime_td,0.061,0.0,0.0,0.0,0.0,0.0
2025_14_DAL_DET,DAL,DET,Malik Davis,00-0037563,RB,car,2.703,0.0,1.0,2.0,4.0,7.0
2025_14_DAL_DET,DAL,DET,Malik Davis,00-0037563,RB,rush_yds,12.355,0.0,0.0,6.13,17.411,33.633
2025_14_DAL_DET,DAL,DET,Malik Davis,00-0037563,RB,tgt,0.152,0.0,0.0,0.0,0.0,1.0
2025_14_DAL_DET,DAL,DET,Malik Davis,00-0037563,RB,rec,0.117,0.0,0.0,0.0,0.0,0.0
2025_14_DAL_DET,DAL,DET,Malik Davis,00-0037563,RB,rec_yds,0.94,0.0,0.0,0.0,0.0,0.0
2025_14_DAL_DET,DAL,DET,Malik Davis,00-0037563,RB,anytime_td,0.144,0.0,0.0,0.0,0.0,1.0
2025_14_CHI_GB,GB,CHI,Jordan Love,00-0036264,QB,att,27.568,18.0,23.0,28.0,33.0,38.0
2025_14_CHI_GB,GB,CHI,Jordan Love,00-0036264,QB,cmp,18.493,11.0,15.0,19.0,22.0,26.0
2025_14_CHI_GB,GB,CHI,Jordan Love,00-0036264,QB,pass_yds,215.15,124.422,169.163,215.878,263.374,307.681
2025_14_CHI_GB,GB,CHI,Jordan Love,00-0036264,QB,pass_td,1.529,0.0,1.0,1.0,2.0,3.0
2025_14_CHI_GB,GB,CHI,Jordan Love,00-0036264,QB,ints,0.577,0.0,0.0,0.0,1.0,2.0
2025_14_CHI_GB,GB,CHI,Jordan Love,00-0036264,QB,car,3.097,1.0,1.0,3.0,4.0,6.0
2025_14_CHI_GB,GB,CHI,Jordan Love,00-0036264,QB,rush_yds,12.11,-1.0,0.0,7.855,18.655,31.419
2025_14_CHI_GB,GB,CHI,Jordan Love,00-0036264,QB,tgt,0.0,0.0,0.0,0.0,0.0,0.0
2025_14_CHI_GB,GB,CHI,Jordan Love,00-0036264,QB,rec,0.0,0.0,0.0,0.0,0.0,0.0
2025_14_CHI_GB,GB,CHI,Jordan Love,00-0036264,QB,rec_yds,0.001,0.0,0.0,0.0,0.0,0.0
2025_14_CHI_GB,GB,CHI,Jordan Love,00-0036264,QB,anytime_td,0.021,0.0,0.0,0.0,0.0,0.0
2025_14_CHI_GB,GB,CHI,Christian Watson,00-0038124,WR,car,0.234,0.0,0.0,0.0,0.0,1.0
2025_14_CHI_GB,GB,CHI,Christian Watson,00-0038124,WR,rush_yds,1.328,0.0,0.0,0.0,0.0,0.0
2025_14_CHI_GB,GB,CHI,Christian Watson,00-0038124,WR,tgt,4.768,2.0,3.0,4.0,6.0,8.0
2025_14_CHI_GB,GB,CHI,Christian Watson,00-0038124,WR,rec,3.042,1.0,2.0,3.0,4.0,6.0
2025_14_CHI_GB,GB,CHI,Christian Watson,00-0038124,WR,rec_yds,44.301,5.433,17.51,36.909,63.479,91.35
2025_14_CHI_GB,GB,CHI,Christian Watson,00-0038124,WR,anytime_td,0.311,0.0,0.0,0.0,1.0,1.0
2025_14_CHI_GB,GB,CHI,Romeo Doubs,00-0037816,WR,car,0.006,0.0,0.0,0.0,0.0,0.0
2025_14_CHI_GB,GB,CHI,Romeo Doubs,00-0037816,WR,rush_yds,0.035,0.0,0.0,0.0,0.0,0.0
2025_14_CHI_GB,GB,CHI,Romeo Doubs,00-0037816,WR,tgt,4.924,2.0,3.0,5.0,6.0,9.0
2025_14_CHI_GB,GB,CHI,Romeo Doubs,00-0037816,WR,rec,3.273,1.0,2.0,3.0,4.0,6.0
2025_14_CHI_GB,GB,CHI,Romeo Doubs,00-0037816,WR,rec_yds,39.497,5.437,16.182,32.92,56.036,82.718
2025_14_CHI_GB,GB,CHI,Romeo Doubs,00-0037816,WR,anytime_td,0.296,0.0,0.0,0.0,1.0,1.0
2025_14_CHI_GB,GB,CHI,Josh Jacobs,00-0035700,RB,car,15.781,8.0,11.0,15.0,20.0,25.0
2025_14_CHI_GB,GB,CHI,Josh Jacobs,00-0035700,RB,rush_yds,71.988,24.965,40.903,64.462,93.912,128.304
2025_14_CHI_GB,GB,CHI,Josh Jacobs,00-0035700,RB,tgt,2.542,0.0,1.0,2.0,4.0,5.0
2025_14_CHI_GB,GB,CHI,Josh Jacobs,00-0035700,RB,rec,2.107,0.0,1.0,2.0,3.0,4.0
2025_14_CHI_GB,GB,CHI,Josh Jacobs,00-0035700,RB,rec_yds,16.245,0.0,2.282,11.329,24.733,39.88
2025_14_CHI_GB,GB,CHI,Josh Jacobs,00-0035700,RB,anytime_td,0.558,0.0,0.0,1.0,1.0,1.0
2025_14_CHI_GB,GB,CHI,John FitzPatrick,00-0037306,TE,car,0.002,0.0,0.0,0.0,0.0,0.0
2025_14_CHI_GB,GB,CHI,John FitzPatrick,00-0037306,TE,rush_yds,0.004,0.0,0.0,0.0,0.0,0.0
2025_14_CHI_GB,GB,CHI,John FitzPatrick,00-0037306,TE,tgt,0.621,0.0,0.0,0.0,1.0,2.0
2025_14_CHI_GB,GB,CHI,John FitzPatrick,00-0037306,TE,rec,0.469,0.0,0.0,0.0,1.0,1.0
2025_14_CHI_GB,GB,CHI,John FitzPatrick,00-0037306,TE,rec_yds,4.857,0.0,0.0,0.0,6.281,17.558
2025_14_CHI_GB,GB,CHI,John FitzPatrick,00-0037306,TE,anytime_td,0.046,0.0,0.0,0.0,0.0,0.0
2025_14_CHI_GB,GB,CHI,Jayden Reed,00-0039146,WR,car,0.481,0.0,0.0,0.0,0.0,2.0
2025_14_CHI_GB,GB,CHI,Jayden Reed,00-0039146,WR,rush_yds,2.993,0.0,0.0,0.0,0.0,9.327
2025_14_CHI_GB,GB,CHI,Jayden Reed,00-0039146,WR,tgt,2.929,1.0,1.0,3.0,4.0,6.0
2025_14_CHI_GB,GB,CHI,Jayden Reed,00-0039146,WR,rec,1.978,0.0,1.0,2.0,3.0,4.0
2025_14_CHI_GB,GB,CHI,Jayden Reed,00-0039146,WR,rec_yds,26.11,0.0,5.923,19.711,38.714,61.261
2025_14_CHI_GB,GB,CHI,Jayden Reed,00-0039146,WR,anytime_td,0.23,0.0,0.0,0.0,0.0,1.0
2025_14_CHI_GB,GB,CHI,Josh Whyle,00-0038589,TE,car,0.006,0.0,0.0,0.0,0.0,0.0
2025_14_CHI_GB,GB,CHI,Josh Whyle,00-0038589,TE,rush_yds,0.021,0.0,0.0,0.0,0.0,0.0
2025_14_CHI_GB,GB,CHI,Josh Whyle,00-0038589,TE,tgt,1.173,0.0,0.0,1.0,2.0,3.0
2025_14_CHI_GB,GB,CHI,Josh Whyle,00-0038589,TE,rec,0.868,0.0,0.0,1.0,1.0,2.0
2025_14_CHI_GB,GB,CHI,Josh Whyle,00-0038589,TE,rec_yds,8.543,0.0,0.0,1.696,12.912,25.699
2025_14_CHI_GB,GB,CHI,Josh Whyle,00-0038589,TE,anytime_td,0.109,0.0,0.0,0.0,0.0,1.0
2025_14_CHI_GB,GB,CHI,Luke Musgrave,00-0039144,TE,car,0.001,0.0,0.0,0.0,0.0,0.0
2025_14_CHI_GB,GB,CHI,Luke Musgrave,00-0039144,TE,rush_yds,0.005,0.0,0.0,0.0,0.0,0.0
2025_14_CHI_GB,GB,CHI,Luke Musgrave,00-0039144,TE,tgt,1.436,0.0,0.0,1.0,2.0,3.0
2025_14_CHI_GB,GB,CHI,Luke Musgrave,00-0039144,TE,rec,1.103,0.0,0.0,1.0,2.0,3.0
2025_14_CHI_GB,GB,CHI,Luke Musgrave,00-0039144,TE,rec_yds,11.326,0.0,0.0,5.845,17.512,31.736
2025_14_CHI_GB,GB,CHI,Luke Musgrave,00-0039144,TE,anytime_td,0.026,0.0,0.0,0.0,0.0,0.0
2025_14_CHI_GB,GB,CHI,Bo Melton,00-0037091,WR,car,0.485,0.0,0.0,0.0,0.0,2.0
2025_14_CHI_GB,GB,CHI,Bo Melton,00-0037091,WR,rush_yds,2.958,0.0,0.0,0.0,0.0,10.482
2025_14_CHI_GB,GB,CHI,Bo Melton,00-0037091,WR,tgt,0.887,0.0,0.0,1.0,1.0,2.0
2025_14_CHI_GB,GB,CHI,Bo Melton,00-0037091,WR,rec,0.559,0.0,0.0,0.0,1.0,2.0
2025_14_CHI_GB,GB,CHI,Bo Melton,00-0037091,WR,rec_yds,7.021,0.0,0.0,0.0,9.479,24.104
2025_14_CHI_GB,GB,CHI,Bo Melton,00-0037091,WR,anytime_td,0.021,0.0,0.0,0.0,0.0,0.0
2025_14_CHI_GB,GB,CHI,Chris Brooks,00-0038685,RB,car,1.543,0.0,0.0,1.0,2.0,5.0
2025_14_CHI_GB,GB,CHI,Chris Brooks,00-0038685,RB,rush_yds,6.999,0.0,0.0,0.0,8.721,21.598
2025_14_CHI_GB,GB,CHI,Chris Brooks,00-0038685,RB,tgt,0.864,0.0,0.0,1.0,1.0,2.0
2025_14_CHI_GB,GB,CHI,Chris Brooks,00-0038685,RB,rec,0.707,0.0,0.0,0.0,1.0,2.0
2025_14_CHI_GB,GB,CHI,Chris Brooks,00-0038685,RB,rec_yds,5.309,0.0,0.0,0.0,7.125,17.365
2025_14_CHI_GB,GB,CHI,Chris Brooks,00-0038685,RB,anytime_td,0.04,0.0,0.0,0.0,0.0,0.0
2025_14_CHI_GB,GB,CHI,Emanuel Wilson,00-0038797,RB,car,7.875,2.0,4.0,7.0,11.0,15.0
2025_14_CHI_GB,GB,CHI,Emanuel Wilson,00-0038797,RB,rush_yds,35.21,5.338,13.757,27.78,49.214,74.924
2025_14_CHI_GB,GB,CHI,Emanuel Wilson,00-0038797,RB,tgt,1.136,0.0,0.0,1.0,2.0,3.0
2025_14_CHI_GB,GB,CHI,Emanuel Wilson,00-0038797,RB,rec,0.936,0.0,0.0,1.0,1.0,3.0
2025_14_CHI_GB,GB,CHI,Emanuel Wilson,00-0038797,RB,rec_yds,6.845,0.0,0.0,0.0,10.025,21.215
2025_14_CHI_GB,GB,CHI,Emanuel Wilson,00-0038797,RB,anytime_td,0.311,0.0,0.0,0.0,1.0,1.0
2025_14_CHI_GB,GB,CHI,Dontayvion Wicks,00-0038393,WR,car,0.163,0.0,0.0,0.0,0.0,0.0
2025_14_CHI_GB,GB,CHI,Dontayvion Wicks,00-0038393,WR,rush_yds,1.047,0.0,0.0,0.0,0.0,0.0
2025_14_CHI_GB,GB,CHI,Dontayvion Wicks,00-0038393,WR,tgt,3.952,1.0,2.0,4.0,5.0,7.0
2025_14_CHI_GB,GB,CHI,Dontayvion Wicks,00-0038393,WR,rec,2.599,0.0,1.0,2.0,4.0,5.0
2025_14_CHI_GB,GB,CHI,Dontayvion Wicks,00-0038393,WR,rec_yds,32.934,0.0,10.692,26.253,48.147,73.011
2025_14_CHI_GB,GB,CHI,Dontayvion Wicks,00-0038393,WR,anytime_td,0.247,0.0,0.0,0.0,0.0,1.0
2025_14_CHI_GB,GB,CHI,Matthew Golden,00-0040667,WR,car,0.638,0.0,0.0,0.0,1.0,2.0
2025_14_CHI_GB,GB,CHI,Matthew Golden,00-0040667,WR,rush_yds,3.851,0.0,0.0,0.0,0.0,13.174
2025_14_CHI_GB,GB,CHI,Matthew Golden,00-0040667,WR,tgt,2.931,1.0,1.0,3.0,4.0,6.0
2025_14_CHI_GB,GB,CHI,Matthew Golden,00-0040667,WR,rec,2.045,0.0,1.0,2.0,3.0,4.0
2025_14_CHI_GB,GB,CHI,Matthew Golden,00-0040667,WR,rec_yds,25.835,0.0,6.065,19.679,37.95,60.694
2025_14_CHI_GB,GB,CHI,Matthew Golden,00-0040667,WR,anytime_td,0.056,0.0,0.0,0.0,0.0,0.0
2025_14_CHI_GB,CHI,GB,Caleb Williams,00-0039918,QB,att,29.102,19.0,25.0,30.0,35.0,39.0
2025_14_CHI_GB,CHI,GB,Caleb Williams,00-0039918,QB,cmp,17.987,11.0,15.0,18.0,22.0,25.0
2025_14_CHI_GB,CHI,GB,Caleb Williams,00-0039918,QB,pass_yds,188.917,112.889,149.705,188.618,229.872,274.238
2025_14_CHI_GB,CHI,GB,Caleb Williams,00-0039918,QB,pass_td,1.016,0.0,0.0,1.0,2.0,2.0
2025_14_CHI_GB,CHI,GB,Caleb Williams,00-0039918,QB,ints,0.594,0.0,0.0,0.0,1.0,2.0
2025_14_CHI_GB,CHI,GB,Caleb Williams,00-0039918,QB,car,3.867,1.0,2.0,3.0,5.0,7.0
2025_14_CHI_GB,CHI,GB,Caleb Williams,00-0039918,QB,rush_yds,20.688,0.0,6.468,16.685,30.314,45.277
2025_14_CHI_GB,CHI,GB,Caleb Williams,00-0039918,QB,tgt,0.001,0.0,0.0,0.0,0.0,0.0
2025_14_CHI_GB,CHI,GB,Caleb Williams,00-0039918,QB,rec,0.0,0.0,0.0,0.0,0.0,0.0
2025_14_CHI_GB,CHI,GB,Caleb Williams,00-0039918,QB,rec_yds,0.004,0.0,0.0,0.0,0.0,0.0
2025_14_CHI_GB,CHI,GB,Caleb Williams,00-0039918,QB,anytime_td,0.14,0.0,0.0,0.0,0.0,1.0
2025_14_CHI_GB,CHI,GB,DJ Moore,00-0034827,WR,car,0.797,0.0,0.0,0.0,1.0,3.0
2025_14_CHI_GB,CHI,GB,DJ Moore,00-0034827,WR,rush_yds,3.912,0.0,0.0,0.0,2.261,14.089
2025_14_CHI_GB,CHI,GB,DJ Moore,00-0034827,WR,tgt,6.064,2.0,4.0,6.0,8.0,10.0
2025_14_CHI_GB,CHI,GB,DJ Moore,00-0034827,WR,rec,3.525,1.0,2.0,3.0,5.0,6.0
2025_14_CHI_GB,CHI,GB,DJ Moore,00-0034827,WR,rec_yds,42.365,7.518,19.094,36.503,59.383,83.615
2025_14_CHI_GB,CHI,GB,DJ Moore,00-0034827,WR,anytime_td,0.217,0.0,0.0,0.0,0.0,1.0
2025_14_CHI_GB,CHI,GB,Olamide Zaccheaus,00-0035208,WR,car,0.177,0.0,0.0,0.0,0.0,0.0
2025_14_CHI_GB,CHI,GB,Olamide Zaccheaus,00-0035208,WR,rush_yds,0.908,0.0,0.0,0.0,0.0,0.0
2025_14_CHI_GB,CHI,GB,Olamide Zaccheaus,00-0035208,WR,tgt,4.313,1.0,2.0,4.0,6.0,8.0
2025_14_CHI_GB,CHI,GB,Olamide Zaccheaus,00-0035208,WR,rec,2.681,1.0,1.0,2.0,4.0,5.0
2025_14_CHI_GB,CHI,GB,Olamide Zaccheaus,00-0035208,WR,rec_yds,27.939,0.0,9.543,22.669,40.606,61.138
2025_14_CHI_GB,CHI,GB,Olamide Zaccheaus,00-0035208,WR,anytime_td,0.088,0.0,0.0,0.0,0.0,0.0
2025_14_CHI_GB,CHI,GB,Cole Kmet,00-0036290,TE,car,0.002,0.0,0.0,0.0,0.0,0.0
2025_14_CHI_GB,CHI,GB,Cole Kmet,00-0036290,TE,rush_yds,0.005,0.0,0.0,0.0,0.0,0.0
2025_14_CHI_GB,CHI,GB,Cole Kmet,00-0036290,TE,tgt,3.161,1.0,2.0,3.0,4.0,6.0
2025_14_CHI_GB,CHI,GB,Cole Kmet,00-0036290,TE,rec,2.185,0.0,1.0,2.0,3.0,4.0
2025_14_CHI_GB,CHI,GB,Cole Kmet,00-0036290,TE,rec_yds,21.672,0.0,6.457,16.934,31.445,48.795
2025_14_CHI_GB,CHI,GB,Cole Kmet,00-0036290,TE,anytime_td,0.127,0.0,0.0,0.0,0.0,1.0
2025_14_CHI_GB,CHI,GB,Luther Burden III,00-0040735,WR,car,0.36,0.0,0.0,0.0,0.0,1.0
2025_14_CHI_GB,CHI,GB,Luther Burden III,00-0040735,WR,rush_yds,1.763,0.0,0.0,0.0,0.0,4.63
2025_14_CHI_GB,CHI,GB,Luther Burden III,00-0040735,WR,tgt,4.059,1.0,2.0,4.0,5.0,7.0
2025_14_CHI_GB,CHI,GB,Luther Burden III,00-0040735,WR,rec,2.585,0.0,1.0,2.0,4.0,5.0
2025_14_CHI_GB,CHI,GB,Luther Burden III,00-0040735,WR,rec_yds,30.623,0.0,10.363,24.293,44.636,67.582
2025_14_CHI_GB,CHI,GB,Luther Burden III,00-0040735,WR,anytime_td,0.066,0.0,0.0,0.0,0.0,0.0
2025_14_CHI_GB,CHI,GB,Colston Loveland,00-0040126,TE,car,0.004,0.0,0.0,0.0,0.0,0.0
2025_14_CHI_GB,CHI,GB,Colston Loveland,00-0040126,TE,rush_yds,0.011,0.0,0.0,0.0,0.0,0.0
2025_14_CHI_GB,CHI,GB,Colston Loveland,00-0040126,TE,tgt,4.996,2.0,3.0,5.0,7.0,9.0
2025_14_CHI_GB,CHI,GB,Colston Loveland,00-0040126,TE,rec,3.374,1.0,2.0,3.0,5.0,6.0
2025_14_CHI_GB,CHI,GB,Colston Loveland,00-0040126,TE,rec_yds,37.179,5.454,15.754,31.87,52.686,75.403
2025_14_CHI_GB,CHI,GB,Colston Loveland,00-0040126,TE,anytime_td,0.178,0.0,0.0,0.0,0.0,1.0
2025_14_CHI_GB,CHI,GB,D'Andre Swift,00-0036275,RB,car,12.753,6.0,8.0,12.0,16.0,21.0
2025_14_CHI_GB,CHI,GB,D'Andre Swift,00-0036275,RB,rush_yds,52.507,15.574,27.828,46.298,70.648,95.511
2025_14_CHI_GB,CHI,GB,D'Andre Swift,00-0036275,RB,tgt,3.268,1.0,2.0,3.0,5.0,6.0
2025_14_CHI_GB,CHI,GB,D'Andre Swift,00-0036275,RB,rec,2.337,0.0,1.0,2.0,3.0,5.0
2025_14_CHI_GB,CHI,GB,D'Andre Swift,00-0036275,RB,rec_yds,17.863,0.0,4.061,13.34,26.42,42.129
2025_14_CHI_GB,CHI,GB,D'Andre Swift,00-0036275,RB,anytime_td,0.286,0.0,0.0,0.0,1.0,1.0
2025_14_CHI_GB,CHI,GB,Kyle Monangai,00-0040236,RB,car,10.38,4.0,6.0,10.0,14.0,18.0
2025_14_CHI_GB,CHI,GB,Kyle Monangai,00-0040236,RB,rush_yds,41.981,9.025,19.031,34.843,57.893,83.719
2025_14_CHI_GB,CHI,GB,Kyle Monangai,00-0040236,RB,tgt,1.469,0.0,0.0,1.0,2.0,4.0
2025_14_CHI_GB,CHI,GB,Kyle Monangai,00-0040236,RB,rec,1.039,0.0,0.0,1.0,2.0,3.0
2025_14_CHI_GB,CHI,GB,Kyle Monangai,00-0040236,RB,rec_yds,7.575,0.0,0.0,2.253,11.201,22.575
2025_14_CHI_GB,CHI,GB,Kyle Monangai,00-0040236,RB,anytime_td,0.263,0.0,0.0,0.0,1.0,1.0
2025_14_CHI_GB,CHI,GB,Durham Smythe,00-0034798,TE,car,0.006,0.0,0.0,0.0,0.0,0.0
2025_14_CHI_GB,CHI,GB,Durham Smythe,00-0034798,TE,rush_yds,0.014,0.0,0.0,0.0,0.0,0.0
2025_14_CHI_GB,CHI,GB,Durham Smythe,00-0034798,TE,tgt,0.659,0.0,0.0,0.0,1.0,2.0
2025_14_CHI_GB,CHI,GB,Durham Smythe,00-0034798,TE,rec,0.437,0.0,0.0,0.0,1.0,1.0
2025_14_CHI_GB,CHI,GB,Durham Smythe,00-0034798,TE,rec_yds,4.215,0.0,0.0,0.0,4.81,15.247
2025_14_CHI_GB,CHI,GB,Durham Smythe,00-0034798,TE,anytime_td,0.003,0.0,0.0,0.0,0.0,0.0
2025_14_CHI_GB,CHI,GB,Devin Duvernay,00-0036331,WR,car,0.1,0.0,0.0,0.0,0.0,0.0
2025_14_CHI_GB,CHI,GB,Devin Duvernay,00-0036331,WR,rush_yds,0.485,0.0,0.0,0.0,0.0,0.0
2025_14_CHI_GB,CHI,GB,Devin Duvernay,00-0036331,WR,tgt,1.588,0.0,0.0,1.0,2.0,4.0
2025_14_CHI_GB,CHI,GB,Devin Duvernay,00-0036331,WR,rec,0.927,0.0,0.0,1.0,1.0,2.0
2025_14_CHI_GB,CHI,GB,Devin Duvernay,00-0036331,WR,rec_yds,10.706,0.0,0.0,4.014,15.997,31.41
2025_14_CHI_GB,CHI,GB,Devin Duvernay,00-0036331,WR,anytime_td,0.027,0.0,0.0,0.0,0.0,0.0
2025_14_CIN_BUF,BUF,CIN,Josh Allen,00-0034857,QB,att,27.387,18.0,23.0,28.0,33.0,37.0
2025_14_CIN_BUF,BUF,CIN,Josh Allen,00-0034857,QB,cmp,18.374,11.0,15.0,19.0,22.0,25.0
2025_14_CIN_BUF,BUF,CIN,Josh Allen,00-0034857,QB,pass_yds,214.266,127.015,171.8,215.741,260.882,305.136
2025_14_CIN_BUF,BUF,CIN,Josh Allen,00-0034857,QB,pass_td,1.421,0.0,1.0,1.0,2.0,3.0
2025_14_CIN_BUF,BUF,CIN,Josh Allen,00-0034857,QB,ints,0.644,0.0,0.0,0.0,1.0,2.0
2025_14_CIN_BUF,BUF,CIN,Josh Allen,00-0034857,QB,car,6.235,2.0,4.0,6.0,8.0,11.0
2025_14_CIN_BUF,BUF,CIN,Josh Allen,00-0034857,QB,rush_yds,28.472,3.061,11.242,24.094,40.611,59.888
2025_14_CIN_BUF,BUF,CIN,Josh Allen,00-0034857,QB,tgt,0.0,0.0,0.0,0.0,0.0,0.0
2025_14_CIN_BUF,BUF,CIN,Josh Allen,00-0034857,QB,rec,0.0,0.0,0.0,0.0,0.0,0.0
2025_14_CIN_BUF,BUF,CIN,Josh Allen,00-0034857,QB,rec_yds,0.003,0.0,0.0,0.0,0.0,0.0
2025_14_CIN_BUF,BUF,CIN,Josh Allen,00-0034857,QB,anytime_td,0.465,0.0,0.0,0.0,1.0,1.0
2025_14_CIN_BUF,BUF,CIN,James Cook,00-0037248,RB,car,19.231,11.0,14.0,19.0,24.0,28.0
2025_14_CIN_BUF,BUF,CIN,James Cook,00-0037248,RB,rush_yds,97.758,39.946,61.553,89.777,126.103,167.463
2025_14_CIN_BUF,BUF,CIN,James Cook,00-0037248,RB,tgt,2.206,0.0,1.0,2.0,3.0,5.0
2025_14_CIN_BUF,BUF,CIN,James Cook,00-0037248,RB,rec,1.866,0.0,1.0,2.0,3.0,4.0
2025_14_CIN_BUF,BUF,CIN,James Cook,00-0037248,RB,rec_yds,15.677,0.0,0.0,10.572,23.842,39.509
2025_14_CIN_BUF,BUF,CIN,James Cook,00-0037248,RB,anytime_td,0.39,0.0,0.0,0.0,1.0,1.0
2025_14_CIN_BUF,BUF,CIN,Gabe Davis,00-0036196,WR,car,0.012,0.0,0.0,0.0,0.0,0.0
2025_14_CIN_BUF,BUF,CIN,Gabe Davis,00-0036196,WR,rush_yds,0.049,0.0,0.0,0.0,0.0,0.0
2025_14_CIN_BUF,BUF,CIN,Gabe Davis,00-0036196,WR,tgt,2.507,0.0,1.0,2.0,4.0,5.0
2025_14_CIN_BUF,BUF,CIN,Gabe Davis,00-0036196,WR,rec,1.544,0.0,0.0,1.0,2.0,3.0
2025_14_CIN_BUF,BUF,CIN,Gabe Davis,00-0036196,WR,rec_yds,21.104,0.0,0.0,14.185,31.56,53.059
2025_14_CIN_BUF,BUF,CIN,Gabe Davis,00-0036196,WR,anytime_td,0.122,0.0,0.0,0.0,0.0,1.0
2025_14_CIN_BUF,BUF,CIN,Tyrell Shavers,00-0038679,WR,car,0.006,0.0,0.0,0.0,0.0,0.0
2025_14_CIN_BUF,BUF,CIN,Tyrell Shavers,00-0038679,WR,rush_yds,0.04,0.0,0.0,0.0,0.0,0.0
2025_14_CIN_BUF,BUF,CIN,Tyrell Shavers,00-0038679,WR,tgt,1.226,0.0,0.0,1.0,2.0,3.0
2025_14_CIN_BUF,BUF,CIN,Tyrell Shavers,00-0038679,WR,rec,0.795,0.0,0.0,0.0,1.0,2.0
2025_14_CIN_BUF,BUF,CIN,Tyrell Shavers,00-0038679,WR,rec_yds,11.405,0.0,0.0,0.0,16.767,34.712
2025_14_CIN_BUF,BUF,CIN,Tyrell Shavers,00-0038679,WR,anytime_td,0.078,0.0,0.0,0.0,0.0,0.0
2025_14_CIN_BUF,BUF,CIN,Dawson Knox,00-0035689,TE,car,0.004,0.0,0.0,0.0,0.0,0.0
2025_14_CIN_BUF,BUF,CIN,Dawson Knox,00-0035689,TE,rush_yds,0.011,0.0,0.0,0.0,0.0,0.0
2025_14_CIN_BUF,BUF,CIN,Dawson Knox,00-0035689,TE,tgt,2.558,0.0,1.0,2.0,4.0,5.0
2025_14_CIN_BUF,BUF,CIN,Dawson Knox,00-0035689,TE,rec,1.835,0.0,1.0,2.0,3.0,4.0
2025_14_CIN_BUF,BUF,CIN,Dawson Knox,00-0035689,TE,rec_yds,20.831,0.0,3.858,15.1,30.739,50.29
2025_14_CIN_BUF,BUF,CIN,Dawson Knox,00-0035689,TE,anytime_td,0.094,0.0,0.0,0.0,0.0,0.0
2025_14_CIN_BUF,BUF,CIN,Jackson Hawes,00-0040194,TE,car,0.003,0.0,0.0,0.0,0.0,0.0
2025_14_CIN_BUF,BUF,CIN,Jackson Hawes,00-0040194,TE,rush_yds,0.01,0.0,0.0,0.0,0.0,0.0
2025_14_CIN_BUF,BUF,CIN,Jackson Hawes,00-0040194,TE,tgt,1.191,0.0,0.0,1.0,2.0,3.0
2025_14_CIN_BUF,BUF,CIN,Jackson Hawes,00-0040194,TE,rec,0.857,0.0,0.0,1.0,1.0,2.0
2025_14_CIN_BUF,BUF,CIN,Jackson Hawes,00-0040194,TE,rec_yds,9.746,0.0,0.0,0.0,14.976,29.609
2025_14_CIN_BUF,BUF,CIN,Jackson Hawes,00-0040194,TE,anytime_td,0.093,0.0,0.0,0.0,0.0,0.0
2025_14_CIN_BUF,BUF,CIN,Khalil Shakir,00-0037261,WR,car,0.075,0.0,0.0,0.0,0.0,0.0
2025_14_CIN_BUF,BUF,CIN,Khalil Shakir,00-0037261,WR,rush_yds,0.409,0.0,0.0,0.0,0.0,0.0
2025_14_CIN_BUF,BUF,CIN,Khalil Shakir,00-0037261,WR,tgt,5.493,2.0,3.0,5.0,7.0,9.0
2025_14_CIN_BUF,BUF,CIN,Khalil Shakir,00-0037261,WR,rec,3.754,1.0,2.0,3.0,5.0,7.0
2025_14_CIN_BUF,BUF,CIN,Khalil Shakir,00-0037261,WR,rec_yds,43.47,8.168,20.111,38.384,60.471,86.537
2025_14_CIN_BUF,BUF,CIN,Khalil Shakir,00-0037261,WR,anytime_td,0.184,0.0,0.0,0.0,0.0,1.0
2025_14_CIN_BUF,BUF,CIN,Brandin Cooks,00-0031236,WR,car,0.021,0.0,0.0,0.0,0.0,0.0
2025_14_CIN_BUF,BUF,CIN,Brandin Cooks,00-0031236,WR,rush_yds,0.098,0.0,0.0,0.0,0.0,0.0
2025_14_CIN_BUF,BUF,CIN,Brandin Cooks,00-0031236,WR,tgt,1.806,0.0,1.0,1.0,3.0,4.0
2025_14_CIN_BUF,BUF,CIN,Brandin Cooks,00-0031236,WR,rec,1.193,0.0,0.0,1.0,2.0,3.0
2025_14_CIN_BUF,BUF,CIN,Brandin Cooks,00-0031236,WR,rec_yds,15.107,0.0,0.0,8.39,22.655,40.918
2025_14_CIN_BUF,BUF,CIN,Brandin Cooks,00-0031236,WR,anytime_td,0.05,0.0,0.0,0.0,0.0,0.0
2025_14_CIN_BUF,BUF,CIN,Dalton Kincaid,00-0038933,TE,car,0.003,0.0,0.0,0.0,0.0,0.0
2025_14_CIN_BUF,BUF,CIN,Dalton Kincaid,00-0038933,TE,rush_yds,0.007,0.0,0.0,0.0,0.0,0.0
2025_14_CIN_BUF,BUF,CIN,Dalton Kincaid,00-0038933,TE,tgt,4.08,1.0,2.0,4.0,5.0,7.0
2025_14_CIN_BUF,BUF,CIN,Dalton Kincaid,00-0038933,TE,rec,3.048,1.0,2.0,3.0,4.0,6.0
2025_14_CIN_BUF,BUF,CIN,Dalton Kincaid,00-0038933,TE,rec_yds,40.006,3.984,16.251,34.275,57.425,83.048
2025_14_CIN_BUF,BUF,CIN,Dalton Kincaid,00-0038933,TE,anytime_td,0.231,0.0,0.0,0.0,0.0,1.0
2025_14_CIN_BUF,BUF,CIN,Keon Coleman,00-0039901,WR,car,0.022,0.0,0.0,0.0,0.0,0.0
2025_14_CIN_BUF,BUF,CIN,Keon Coleman,00-0039901,WR,rush_yds,0.122,0.0,0.0,0.0,0.0,0.0
2025_14_CIN_BUF,BUF,CIN,Keon Coleman,00-0039901,WR,tgt,4.191,1.0,2.0,4.0,6.0,8.0
2025_14_CIN_BUF,BUF,CIN,Keon Coleman,00-0039901,WR,rec,2.597,0.0,1.0,2.0,4.0,5.0
2025_14_CIN_BUF,BUF,CIN,Keon Coleman,00-0039901,WR,rec_yds,32.628,0.0,11.26,26.148,47.826,71.493
2025_14_CIN_BUF,BUF,CIN,Keon Coleman,00-0039901,WR,anytime_td,0.257,0.0,0.0,0.0,1.0,1.0
2025_14_CIN_BUF,BUF,CIN,Ty Johnson,00-0035537,RB,car,2.19,0.0,0.0,1.0,3.0,6.0
2025_14_CIN_BUF,BUF,CIN,Ty Johnson,00-0035537,RB,rush_yds,9.694,0.0,0.0,3.269,12.985,28.463
2025_14_CIN_BUF,BUF,CIN,Ty Johnson,00-0035537,RB,tgt,1.931,0.0,1.0,2.0,3.0,4.0
2025_14_CIN_BUF,BUF,CIN,Ty Johnson,00-0035537,RB,rec,1.515,0.0,0.0,1.0,2.0,3.0
2025_14_CIN_BUF,BUF,CIN,Ty Johnson,00-0035537,RB,rec_yds,13.835,0.0,0.0,7.917,20.943,37.607
2025_14_CIN_BUF,BUF,CIN,Ty Johnson,00-0035537,RB,anytime_td,0.163,0.0,0.0,0.0,0.0,1.0
2025_14_CIN_BUF,BUF,CIN,Ray Davis,00-0039875,RB,car,3.168,0.0,1.0,2.0,5.0,8.0
2025_14_CIN_BUF,BUF,CIN,Ray Davis,00-0039875,RB,rush_yds,14.225,0.0,0.0,7.801,20.018,38.95
2025_14_CIN_BUF,BUF,CIN,Ray Davis,00-0039875,RB,tgt,0.514,0.0,0.0,0.0,1.0,2.0
2025_14_CIN_BUF,BUF,CIN,Ray Davis,00-0039875,RB,rec,0.399,0.0,0.0,0.0,1.0,1.0
2025_14_CIN_BUF,BUF,CIN,Ray Davis,00-0039875,RB,rec_yds,3.069,0.0,0.0,0.0,1.919,11.231
2025_14_CIN_BUF,BUF,CIN,Ray Davis,00-0039875,RB,anytime_td,0.081,0.0,0.0,0.0,0.0,0.0
2025_14_CIN_BUF,CIN,BUF,Joe Burrow,00-0036442,QB,att,32.635,22.0,28.0,33.0,39.0,44.0
2025_14_CIN_BUF,CIN,BUF,Joe Burrow,00-0036442,QB,cmp,19.522,12.0,16.0,20.0,24.0,27.0
2025_14_CIN_BUF,CIN,BUF,Joe Burrow,00-0036442,QB,pass_yds,204.295,121.974,162.318,204.95,248.696,291.786
2025_14_CIN_BUF,CIN,BUF,Joe Burrow,00-0036442,QB,pass_td,1.169,0.0,0.0,1.0,2.0,3.0
2025_14_CIN_BUF,CIN,BUF,Joe Burrow,00-0036442,QB,ints,0.76,0.0,0.0,1.0,1.0,2.0
2025_14_CIN_BUF,CIN,BUF,Joe Burrow,00-0036442,QB,car,2.238,0.0,1.0,2.0,3.0,5.0
2025_14_CIN_BUF,CIN,BUF,Joe Burrow,00-0036442,QB,rush_yds,10.079,-1.0,0.0,5.789,15.437,27.439
2025_14_CIN_BUF,CIN,BUF,Joe Burrow,00-0036442,QB,tgt,0.001,0.0,0.0,0.0,0.0,0.0
2025_14_CIN_BUF,CIN,BUF,Joe Burrow,00-0036442,QB,rec,0.0,0.0,0.0,0.0,0.0,0.0
2025_14_CIN_BUF,CIN,BUF,Joe Burrow,00-0036442,QB,rec_yds,0.001,0.0,0.0,0.0,0.0,0.0
2025_14_CIN_BUF,CIN,BUF,Joe Burrow,00-0036442,QB,anytime_td,0.052,0.0,0.0,0.0,0.0,0.0
2025_14_CIN_BUF,CIN,BUF,Ja'Marr Chase,00-0036900,WR,car,0.161,0.0,0.0,0.0,0.0,0.0
2025_14_CIN_BUF,CIN,BUF,Ja'Marr Chase,00-0036900,WR,rush_yds,0.902,0.0,0.0,0.0,0.0,0.0
2025_14_CIN_BUF,CIN,BUF,Ja'Marr Chase,00-0036900,WR,tgt,9.375,5.0,7.0,9.0,12.0,14.0
2025_14_CIN_BUF,CIN,BUF,Ja'Marr Chase,00-0036900,WR,rec,5.543,2.0,3.0,5.0,7.0,9.0
2025_14_CIN_BUF,CIN,BUF,Ja'Marr Chase,00-0036900,WR,rec_yds,64.07,18.921,35.522,59.093,86.577,115.611
2025_14_CIN_BUF,CIN,BUF,Ja'Marr Chase,00-0036900,WR,anytime_td,0.212,0.0,0.0,0.0,0.0,1.0
2025_14_CIN_BUF,CIN,BUF,Tee Higgins,00-0036410,WR,car,0.009,0.0,0.0,0.0,0.0,0.0
2025_14_CIN_BUF,CIN,BUF,Tee Higgins,00-0036410,WR,rush_yds,0.043,0.0,0.0,0.0,0.0,0.0
2025_14_CIN_BUF,CIN,BUF,Tee Higgins,00-0036410,WR,tgt,5.409,2.0,3.0,5.0,7.0,9.0
2025_14_CIN_BUF,CIN,BUF,Tee Higgins,00-0036410,WR,rec,3.152,1.0,2.0,3.0,4.0,6.0
2025_14_CIN_BUF,CIN,BUF,Tee Higgins,00-0036410,WR,rec_yds,41.138,5.041,16.364,34.832,59.402,86.267
2025_14_CIN_BUF,CIN,BUF,Tee Higgins,00-0036410,WR,anytime_td,0.283,0.0,0.0,0.0,1.0,1.0
2025_14_CIN_BUF,CIN,BUF,Chase Brown,00-0038597,RB,car,14.355,7.0,10.0,14.0,18.0,22.0
2025_14_CIN_BUF,CIN,BUF,Chase Brown,00-0038597,RB,rush_yds,60.181,20.468,34.226,53.632,79.48,107.442
2025_14_CIN_BUF,CIN,BUF,Chase Brown,00-0038597,RB,tgt,4.479,1.0,2.0,4.0,6.0,8.0
2025_14_CIN_BUF,CIN,BUF,Chase Brown,00-0038597,RB,rec,3.247,1.0,2.0,3.0,5.0,6.0
2025_14_CIN_BUF,CIN,BUF,Chase Brown,00-0038597,RB,rec_yds,20.543,0.0,7.2,16.745,29.344,45.257
2025_14_CIN_BUF,CIN,BUF,Chase Brown,00-0038597,RB,anytime_td,0.277,0.0,0.0,0.0,1.0,1.0
2025_14_CIN_BUF,CIN,BUF,Andrei Iosivas,00-0038619,WR,car,0.298,0.0,0.0,0.0,0.0,1.0
2025_14_CIN_BUF,CIN,BUF,Andrei Iosivas,00-0038619,WR,rush_yds,1.432,0.0,0.0,0.0,0.0,2.544
2025_14_CIN_BUF,CIN,BUF,Andrei Iosivas,00-0038619,WR,tgt,3.064,1.0,1.0,3.0,4.0,6.0
2025_14_CIN_BUF,CIN,BUF,Andrei Iosivas,00-0038619,WR,rec,1.757,0.0,1.0,1.0,3.0,4.0
2025_14_CIN_BUF,CIN,BUF,Andrei Iosivas,00-0038619,WR,rec_yds,22.765,0.0,3.483,16.238,33.888,54.731
2025_14_CIN_BUF,CIN,BUF,Andrei Iosivas,00-0038619,WR,anytime_td,0.137,0.0,0.0,0.0,0.0,1.0
2025_14_CIN_BUF,CIN,BUF,Drew Sample,00-0035631,TE,car,0.154,0.0,0.0,0.0,0.0,0.0
2025_14_CIN_BUF,CIN,BUF,Drew Sample,00-0035631,TE,rush_yds,0.33,0.0,0.0,0.0,0.0,0.0
2025_14_CIN_BUF,CIN,BUF,Drew Sample,00-0035631,TE,tgt,0.768,0.0,0.0,0.0,1.0,2.0
2025_14_CIN_BUF,CIN,BUF,Drew Sample,00-0035631,TE,rec,0.509,0.0,0.0,0.0,1.0,2.0
2025_14_CIN_BUF,CIN,BUF,Drew Sample,00-0035631,TE,rec_yds,4.812,0.0,0.0,0.0,6.119,17.146
2025_14_CIN_BUF,CIN,BUF,Drew Sample,00-0035631,TE,anytime_td,0.025,0.0,0.0,0.0,0.0,0.0
2025_14_CIN_BUF,CIN,BUF,Mike Gesicki,00-0034829,TE,car,0.001,0.0,0.0,0.0,0.0,0.0
2025_14_CIN_BUF,CIN,BUF,Mike Gesicki,00-0034829,TE,rush_yds,0.004,0.0,0.0,0.0,0.0,0.0
2025_14_CIN_BUF,CIN,BUF,Mike Gesicki,00-0034829,TE,tgt,2.976,0.0,1.0,3.0,4.0,6.0
2025_14_CIN_BUF,CIN,BUF,Mike Gesicki,00-0034829,TE,rec,1.89,0.0,1.0,2.0,3.0,4.0
2025_14_CIN_BUF,CIN,BUF,Mike Gesicki,00-0034829,TE,rec_yds,17.889,0.0,3.417,12.886,27.1,43.582
2025_14_CIN_BUF,CIN,BUF,Mike Gesicki,00-0034829,TE,anytime_td,0.063,0.0,0.0,0.0,0.0,0.0
2025_14_CIN_BUF,CIN,BUF,Noah Fant,00-0035644,TE,car,0.003,0.0,0.0,0.0,0.0,0.0
2025_14_CIN_BUF,CIN,BUF,Noah Fant,00-0035644,TE,rush_yds,0.005,0.0,0.0,0.0,0.0,0.0
2025_14_CIN_BUF,CIN,BUF,Noah Fant,00-0035644,TE,tgt,2.455,0.0,1.0,2.0,4.0,5.0
2025_14_CIN_BUF,CIN,BUF,Noah Fant,00-0035644,TE,rec,1.75,0.0,1.0,1.0,3.0,4.0
2025_14_CIN_BUF,CIN,BUF,Noah Fant,00-0035644,TE,rec_yds,16.413,0.0,0.881,11.244,24.87,41.311
2025_14_CIN_BUF,CIN,BUF,Noah Fant,00-0035644,TE,anytime_td,0.118,0.0,0.0,0.0,0.0,1.0
2025_14_CIN_BUF,CIN,BUF,Samaje Perine,00-0033526,RB,car,5.967,1.0,3.0,5.0,8.0,12.0
2025_14_CIN_BUF,CIN,BUF,Samaje Perine,00-0033526,RB,rush_yds,24.287,1.888,7.908,18.207,34.37,54.034
2025_14_CIN_BUF,CIN,BUF,Samaje Perine,00-0033526,RB,tgt,0.917,0.0,0.0,1.0,1.0,2.0
2025_14_CIN_BUF,CIN,BUF,Samaje Perine,00-0033526,RB,rec,0.681,0.0,0.0,0.0,1.0,2.0
2025_14_CIN_BUF,CIN,BUF,Samaje Perine,00-0033526,RB,rec_yds,4.789,0.0,0.0,0.0,6.461,15.603
2025_14_CIN_BUF,CIN,BUF,Samaje Perine,00-0033526,RB,anytime_td,0.116,0.0,0.0,0.0,0.0,1.0
2025_14_CIN_BUF,CIN,BUF,Mitchell Tinsley,00-0038839,WR,car,0.011,0.0,0.0,0.0,0.0,0.0
2025_14_CIN_BUF,CIN,BUF,Mitchell Tinsley,00-0038839,WR,rush_yds,0.044,0.0,0.0,0.0,0.0,0.0
2025_14_CIN_BUF,CIN,BUF,Mitchell Tinsley,00-0038839,WR,tgt,2.097,0.0,1.0,2.0,3.0,5.0
2025_14_CIN_BUF,CIN,BUF,Mitchell Tinsley,00-0038839,WR,rec,1.063,0.0,0.0,1.0,2.0,3.0
2025_14_CIN_BUF,CIN,BUF,Mitchell Tinsley,00-0038839,WR,rec_yds,13.038,0.0,0.0,6.589,19.193,37.027
2025_14_CIN_BUF,CIN,BUF,Mitchell Tinsley,00-0038839,WR,anytime_td,0.078,0.0,0.0,0.0,0.0,0.0
2025_14_CIN_BUF,CIN,BUF,Tanner Hudson,00-0034613,TE,car,0.01,0.0,0.0,0.0,0.0,0.0
2025_14_CIN_BUF,CIN,BUF,Tanner Hudson,00-0034613,TE,rush_yds,0.018,0.0,0.0,0.0,0.0,0.0
2025_14_CIN_BUF,CIN,BUF,Tanner Hudson,00-0034613,TE,tgt,1.507,0.0,0.0,1.0,2.0,4.0
2025_14_CIN_BUF,CIN,BUF,Tanner Hudson,00-0034613,TE,rec,1.052,0.0,0.0,1.0,2.0,3.0
2025_14_CIN_BUF,CIN,BUF,Tanner Hudson,00-0034613,TE,rec_yds,10.221,0.0,0.0,4.869,15.468,29.708
2025_14_CIN_BUF,CIN,BUF,Tanner Hudson,00-0034613,TE,anytime_td,0.111,0.0,0.0,0.0,0.0,1.0
2025_14_DEN_LV,LV,DEN,Brock Bowers,00-0039338,TE,car,0.266,0.0,0.0,0.0,0.0,1.0
2025_14_DEN_LV,LV,DEN,Brock Bowers,00-0039338,TE,rush_yds,0.558,0.0,0.0,0.0,0.0,0.715
2025_14_DEN_LV,LV,DEN,Brock Bowers,00-0039338,TE,tgt,9.145,4.0,6.0,9.0,12.0,14.0
2025_14_DEN_LV,LV,DEN,Brock Bowers,00-0039338,TE,rec,5.952,3.0,4.0,6.0,8.0,10.0
2025_14_DEN_LV,LV,DEN,Brock Bowers,00-0039338,TE,rec_yds,64.63,22.399,38.278,60.117,85.96,112.236
2025_14_DEN_LV,LV,DEN,Brock Bowers,00-0039338,TE,anytime_td,0.333,0.0,0.0,0.0,1.0,1.0
2025_14_DEN_LV,LV,DEN,Tre Tucker,00-0038563,WR,car,0.386,0.0,0.0,0.0,0.0,1.0
2025_14_DEN_LV,LV,DEN,Tre Tucker,00-0038563,WR,rush_yds,1.993,0.0,0.0,0.0,0.0,6.783
2025_14_DEN_LV,LV,DEN,Tre Tucker,00-0038563,WR,tgt,6.712,3.0,4.0,6.0,9.0,11.0
2025_14_DEN_LV,LV,DEN,Tre Tucker,00-0038563,WR,rec,3.839,1.0,2.0,4.0,5.0,7.0
2025_14_DEN_LV,LV,DEN,Tre Tucker,00-0038563,WR,rec_yds,46.033,9.369,22.007,40.437,63.749,90.376
2025_14_DEN_LV,LV,DEN,Tre Tucker,00-0038563,WR,anytime_td,0.206,0.0,0.0,0.0,0.0,1.0
2025_14_DEN_LV,LV,DEN,Jack Bech,00-0040729,WR,car,0.016,0.0,0.0,0.0,0.0,0.0
2025_14_DEN_LV,LV,DEN,Jack Bech,00-0040729,WR,rush_yds,0.079,0.0,0.0,0.0,0.0,0.0
2025_14_DEN_LV,LV,DEN,Jack Bech,00-0040729,WR,tgt,1.932,0.0,1.0,2.0,3.0,4.0
2025_14_DEN_LV,LV,DEN,Jack Bech,00-0040729,WR,rec,1.127,0.0,0.0,1.0,2.0,3.0
2025_14_DEN_LV,LV,DEN,Jack Bech,00-0040729,WR,rec_yds,13.871,0.0,0.0,7.539,20.851,38.4
2025_14_DEN_LV,LV,DEN,Jack Bech,00-0040729,WR,anytime_td,0.022,0.0,0.0,0.0,0.0,0.0
2025_14_DEN_LV,LV,DEN,Geno Smith,00-0030565,QB,att,31.175,21.0,27.0,32.0,37.0,42.0
2025_14_DEN_LV,LV,DEN,Geno Smith,00-0030565,QB,cmp,19.151,12.0,16.0,20.0,23.0,27.0
2025_14_DEN_LV,LV,DEN,Geno Smith,00-0030565,QB,pass_yds,194.781,114.946,154.883,194.929,237.183,279.366
2025_14_DEN_LV,LV,DEN,Geno Smith,00-0030565,QB,pass_td,1.076,0.0,0.0,1.0,2.0,2.0
2025_14_DEN_LV,LV,DEN,Geno Smith,00-0030565,QB,ints,0.746,0.0,0.0,0.0,1.0,2.0
2025_14_DEN_LV,LV,DEN,Geno Smith,00-0030565,QB,car,3.184,0.0,1.0,3.0,4.0,6.0
2025_14_DEN_LV,LV,DEN,Geno Smith,00-0030565,QB,rush_yds,13.282,0.0,1.831,9.355,19.854,33.031
2025_14_DEN_LV,LV,DEN,Geno Smith,00-0030565,QB,tgt,0.0,0.0,0.0,0.0,0.0,0.0
2025_14_DEN_LV,LV,DEN,Geno Smith,00-0030565,QB,rec,0.0,0.0,0.0,0.0,0.0,0.0
2025_14_DEN_LV,LV,DEN,Geno Smith,00-0030565,QB,rec_yds,0.001,0.0,0.0,0.0,0.0,0.0
2025_14_DEN_LV,LV,DEN,Geno Smith,00-0030565,QB,anytime_td,0.054,0.0,0.0,0.0,0.0,0.0
2025_14_DEN_LV,LV,DEN,Ashton Jeanty,00-0040122,RB,car,16.128,8.0,12.0,16.0,20.0,24.0
2025_14_DEN_LV,LV,DEN,Ashton Jeanty,00-0040122,RB,rush_yds,55.866,20.618,32.356,50.276,72.899,98.285
2025_14_DEN_LV,LV,DEN,Ashton Jeanty,00-0040122,RB,tgt,6.218,2.0,4.0,6.0,8.0,10.0
2025_14_DEN_LV,LV,DEN,Ashton Jeanty,00-0040122,RB,rec,4.482,2.0,3.0,4.0,6.0,8.0
2025_14_DEN_LV,LV,DEN,Ashton Jeanty,00-0040122,RB,rec_yds,29.974,5.641,13.28,25.485,41.731,61.735
2025_14_DEN_LV,LV,DEN,Ashton Jeanty,00-0040122,RB,anytime_td,0.475,0.0,0.0,0.0,1.0,1.0
2025_14_DEN_LV,LV,DEN,Tyler Lockett,00-0032211,WR,car,0.012,0.0,0.0,0.0,0.0,0.0
2025_14_DEN_LV,LV,DEN,Tyler Lockett,00-0032211,WR,rush_yds,0.062,0.0,0.0,0.0,0.0,0.0
2025_14_DEN_LV,LV,DEN,Tyler Lockett,00-0032211,WR,tgt,3.638,1.0,2.0,3.0,5.0,7.0
2025_14_DEN_LV,LV,DEN,Tyler Lockett,00-0032211,WR,rec,2.192,0.0,1.0,2.0,3.0,4.0
2025_14_DEN_LV,LV,DEN,Tyler Lockett,00-0032211,WR,rec_yds,26.25,0.0,7.038,19.6,38.336,61.45
2025_14_DEN_LV,LV,DEN,Tyler Lockett,00-0032211,WR,anytime_td,0.05,0.0,0.0,0.0,0.0,0.0
2025_14_DEN_LV,LV,DEN,Ian Thomas,00-0034365,TE,car,0.001,0.0,0.0,0.0,0.0,0.0
2025_14_DEN_LV,LV,DEN,Ian Thomas,00-0034365,TE,rush_yds,0.002,0.0,0.0,0.0,0.0,0.0
2025_14_DEN_LV,LV,DEN,Ian Thomas,00-0034365,TE,tgt,1.545,0.0,0.0,1.0,2.0,4.0
2025_14_DEN_LV,LV,DEN,Ian Thomas,00-0034365,TE,rec,1.049,0.0,0.0,1.0,2.0,3.0
2025_14_DEN_LV,LV,DEN,Ian Thomas,00-0034365,TE,rec_yds,10.484,0.0,0.0,5.101,16.331,30.261
2025_14_DEN_LV,LV,DEN,Ian Thomas,00-0034365,TE,anytime_td,0.014,0.0,0.0,0.0,0.0,0.0
2025_14_DEN_LV,LV,DEN,Raheem Mostert,00-0031687,RB,car,2.677,0.0,1.0,2.0,4.0,7.0
2025_14_DEN_LV,LV,DEN,Raheem Mostert,00-0031687,RB,rush_yds,10.68,0.0,0.0,5.268,14.766,29.539
2025_14_DEN_LV,LV,DEN,Raheem Mostert,00-0031687,RB,tgt,1.413,0.0,0.0,1.0,2.0,3.0
2025_14_DEN_LV,LV,DEN,Raheem Mostert,00-0031687,RB,rec,1.035,0.0,0.0,1.0,2.0,3.0
2025_14_DEN_LV,LV,DEN,Raheem Mostert,00-0031687,RB,rec_yds,7.382,0.0,0.0,1.909,10.884,22.206
2025_14_DEN_LV,LV,DEN,Raheem Mostert,00-0031687,RB,anytime_td,0.069,0.0,0.0,0.0,0.0,0.0
2025_14_DEN_LV,LV,DEN,Shedrick Jackson,00-0038891,WR,car,0.042,0.0,0.0,0.0,0.0,0.0
2025_14_DEN_LV,LV,DEN,Shedrick Jackson,00-0038891,WR,rush_yds,0.211,0.0,0.0,0.0,0.0,0.0
2025_14_DEN_LV,LV,DEN,Shedrick Jackson,00-0038891,WR,tgt,0.992,0.0,0.0,1.0,2.0,3.0
2025_14_DEN_LV,LV,DEN,Shedrick Jackson,00-0038891,WR,rec,0.563,0.0,0.0,0.0,1.0,2.0
2025_14_DEN_LV,LV,DEN,Shedrick Jackson,00-0038891,WR,rec_yds,7.186,0.0,0.0,0.0,9.707,24.359
2025_14_DEN_LV,LV,DEN,Shedrick Jackson,00-0038891,WR,anytime_td,0.025,0.0,0.0,0.0,0.0,0.0
2025_14_DEN_LV,DEN,LV,Bo Nix,00-0039732,QB,att,32.129,22.0,27.0,33.0,38.0,43.0
2025_14_DEN_LV,DEN,LV,Bo Nix,00-0039732,QB,cmp,21.045,13.0,18.0,21.0,25.0,29.0
2025_14_DEN_LV,DEN,LV,Bo Nix,00-0039732,QB,pass_yds,231.315,142.267,184.779,231.185,280.781,327.643
2025_14_DEN_LV,DEN,LV,Bo Nix,00-0039732,QB,pass_td,1.521,0.0,1.0,1.0,2.0,3.0
2025_14_DEN_LV,DEN,LV,Bo Nix,00-0039732,QB,ints,0.668,0.0,0.0,0.0,1.0,2.0
2025_14_DEN_LV,DEN,LV,Bo Nix,00-0039732,QB,car,4.365,1.0,2.0,4.0,6.0,8.0
2025_14_DEN_LV,DEN,LV,Bo Nix,00-0039732,QB,rush_yds,17.125,-0.924,3.227,12.315,25.987,41.746
2025_14_DEN_LV,DEN,LV,Bo Nix,00-0039732,QB,tgt,0.0,0.0,0.0,0.0,0.0,0.0
2025_14_DEN_LV,DEN,LV,Bo Nix,00-0039732,QB,rec,0.0,0.0,0.0,0.0,0.0,0.0
2025_14_DEN_LV,DEN,LV,Bo Nix,00-0039732,QB,rec_yds,0.003,0.0,0.0,0.0,0.0,0.0
2025_14_DEN_LV,DEN,LV,Bo Nix,00-0039732,QB,anytime_td,0.172,0.0,0.0,0.0,0.0,1.0
2025_14_DEN_LV,DEN,LV,Adam Trautman,00-0036422,TE,car,0.002,0.0,0.0,0.0,0.0,0.0
2025_14_DEN_LV,DEN,LV,Adam Trautman,00-0036422,TE,rush_yds,0.005,0.0,0.0,0.0,0.0,0.0
2025_14_DEN_LV,DEN,LV,Adam Trautman,00-0036422,TE,tgt,1.345,0.0,0.0,1.0,2.0,3.0
2025_14_DEN_LV,DEN,LV,Adam Trautman,00-0036422,TE,rec,1.028,0.0,0.0,1.0,2.0,3.0
2025_14_DEN_LV,DEN,LV,Adam Trautman,00-0036422,TE,rec_yds,10.943,0.0,0.0,5.294,16.496,31.213
2025_14_DEN_LV,DEN,LV,Adam Trautman,00-0036422,TE,anytime_td,0.051,0.0,0.0,0.0,0.0,0.0
2025_14_DEN_LV,DEN,LV,RJ Harvey,00-0040730,RB,car,9.647,4.0,6.0,9.0,13.0,17.0
2025_14_DEN_LV,DEN,LV,RJ Harvey,00-0040730,RB,rush_yds,38.164,8.136,17.269,31.403,51.318,74.975
2025_14_DEN_LV,DEN,LV,RJ Harvey,00-0040730,RB,tgt,2.782,0.0,1.0,2.0,4.0,6.0
2025_14_DEN_LV,DEN,LV,RJ Harvey,00-0040730,RB,rec,2.313,0.0,1.0,2.0,3.0,5.0
2025_14_DEN_LV,DEN,LV,RJ Harvey,00-0040730,RB,rec_yds,17.309,0.0,3.594,12.104,25.651,41.847
2025_14_DEN_LV,DEN,LV,RJ Harvey,00-0040730,RB,anytime_td,0.456,0.0,0.0,0.0,1.0,1.0
2025_14_DEN_LV,DEN,LV,Courtland Sutton,00-0034348,WR,car,0.009,0.0,0.0,0.0,0.0,0.0
2025_14_DEN_LV,DEN,LV,Courtland Sutton,00-0034348,WR,rush_yds,0.038,0.0,0.0,0.0,0.0,0.0
2025_14_DEN_LV,DEN,LV,Courtland Sutton,00-0034348,WR,tgt,6.076,2.0,4.0,6.0,8.0,10.0
2025_14_DEN_LV,DEN,LV,Courtland Sutton,00-0034348,WR,rec,3.905,1.0,2.0,4.0,5.0,7.0
2025_14_DEN_LV,DEN,LV,Courtland Sutton,00-0034348,WR,rec_yds,52.057,9.804,24.758,46.117,73.67,100.858
2025_14_DEN_LV,DEN,LV,Courtland Sutton,00-0034348,WR,anytime_td,0.299,0.0,0.0,0.0,1.0,1.0
2025_14_DEN_LV,DEN,LV,Pat Bryant,00-0040134,WR,car,0.008,0.0,0.0,0.0,0.0,0.0
2025_14_DEN_LV,DEN,LV,Pat Bryant,00-0040134,WR,rush_yds,0.054,0.0,0.0,0.0,0.0,0.0
2025_14_DEN_LV,DEN,LV,Pat Bryant,00-0040134,WR,tgt,3.239,1.0,2.0,3.0,4.0,6.0
2025_14_DEN_LV,DEN,LV,Pat Bryant,00-0040134,WR,rec,2.045,0.0,1.0,2.0,3.0,4.0
2025_14_DEN_LV,DEN,LV,Pat Bryant,00-0040134,WR,rec_yds,28.29,0.0,6.486,21.025,41.777,65.424
2025_14_DEN_LV,DEN,LV,Pat Bryant,00-0040134,WR,anytime_td,0.121,0.0,0.0,0.0,0.0,1.0
2025_14_DEN_LV,DEN,LV,Adam Prentice,00-0036727,RB,car,0.886,0.0,0.0,0.0,1.0,3.0
2025_14_DEN_LV,DEN,LV,Adam Prentice,00-0036727,RB,rush_yds,3.931,0.0,0.0,0.0,3.579,12.781
2025_14_DEN_LV,DEN,LV,Adam Prentice,00-0036727,RB,tgt,0.628,0.0,0.0,0.0,1.0,2.0
2025_14_DEN_LV,DEN,LV,Adam Prentice,00-0036727,RB,rec,0.492,0.0,0.0,0.0,1.0,2.0
2025_14_DEN_LV,DEN,LV,Adam Prentice,00-0036727,RB,rec_yds,3.826,0.0,0.0,0.0,3.816,13.799
2025_14_DEN_LV,DEN,LV,Adam Prentice,00-0036727,RB,anytime_td,0.02,0.0,0.0,0.0,0.0,0.0
2025_14_DEN_LV,DEN,LV,Lil'Jordan Humphrey,00-0035406,WR,car,0.014,0.0,0.0,0.0,0.0,0.0
2025_14_DEN_LV,DEN,LV,Lil'Jordan Humphrey,00-0035406,WR,rush_yds,0.08,0.0,0.0,0.0,0.0,0.0
2025_14_DEN_LV,DEN,LV,Lil'Jordan Humphrey,00-0035406,WR,tgt,1.583,0.0,0.0,1.0,2.0,4.0
2025_14_DEN_LV,DEN,LV,Lil'Jordan Humphrey,00-0035406,WR,rec,0.967,0.0,0.0,1.0,2.0,2.0
2025_14_DEN_LV,DEN,LV,Lil'Jordan Humphrey,00-0035406,WR,rec_yds,12.153,0.0,0.0,4.617,18.363,35.546
2025_14_DEN_LV,DEN,LV,Lil'Jordan Humphrey,00-0035406,WR,anytime_td,0.051,0.0,0.0,0.0,0.0,0.0
2025_14_DEN_LV,DEN,LV,Evan Engram,00-0033881,TE,car,0.077,0.0,0.0,0.0,0.0,0.0
2025_14_DEN_LV,DEN,LV,Evan Engram,00-0033881,TE,rush_yds,0.2,0.0,0.0,0.0,0.0,0.0
2025_14_DEN_LV,DEN,LV,Evan Engram,00-0033881,TE,tgt,4.988,2.0,3.0,5.0,7.0,9.0
2025_14_DEN_LV,DEN,LV,Evan Engram,00-0033881,TE,rec,3.514,1.0,2.0,3.0,5.0,6.0
2025_14_DEN_LV,DEN,LV,Evan Engram,00-0033881,TE,rec_yds,34.928,5.809,15.584,30.524,49.513,69.493
2025_14_DEN_LV,DEN,LV,Evan Engram,00-0033881,TE,anytime_td,0.11,0.0,0.0,0.0,0.0,1.0
2025_14_DEN_LV,DEN,LV,Marvin Mims Jr.,00-0038976,WR,car,1.492,0.0,0.0,1.0,2.0,4.0
2025_14_DEN_LV,DEN,LV,Marvin Mims Jr.,00-0038976,WR,rush_yds,8.489,0.0,0.0,0.0,11.211,27.132
2025_14_DEN_LV,DEN,LV,Marvin Mims Jr.,00-0038976,WR,tgt,2.903,0.0,1.0,3.0,4.0,6.0
2025_14_DEN_LV,DEN,LV,Marvin Mims Jr.,00-0038976,WR,rec,1.991,0.0,1.0,2.0,3.0,4.0
2025_14_DEN_LV,DEN,LV,Marvin Mims Jr.,00-0038976,WR,rec_yds,23.924,0.0,5.365,17.687,35.41,57.13
2025_14_DEN_LV,DEN,LV,Marvin Mims Jr.,00-0038976,WR,anytime_td,0.154,0.0,0.0,0.0,0.0,1.0
2025_14_DEN_LV,DEN,LV,Troy Franklin,00-0039868,WR,car,0.447,0.0,0.0,0.0,0.0,2.0
2025_14_DEN_LV,DEN,LV,Troy Franklin,00-0039868,WR,rush_yds,2.452,0.0,0.0,0.0,0.0,7.909
2025_14_DEN_LV,DEN,LV,Troy Franklin,00-0039868,WR,tgt,6.117,2.0,4.0,6.0,8.0,10.0
2025_14_DEN_LV,DEN,LV,Troy Franklin,00-0039868,WR,rec,3.712,1.0,2.0,3.0,5.0,7.0
2025_14_DEN_LV,DEN,LV,Troy Franklin,00-0039868,WR,rec_yds,45.485,8.486,20.524,39.2,64.122,90.696
2025_14_DEN_LV,DEN,LV,Troy Franklin,00-0039868,WR,anytime_td,0.314,0.0,0.0,0.0,1.0,1.0
2025_14_DEN_LV,DEN,LV,Tyler Badie,00-0037085,RB,car,0.725,0.0,0.0,0.0,1.0,2.0
2025_14_DEN_LV,DEN,LV,Tyler Badie,00-0037085,RB,rush_yds,3.064,0.0,0.0,0.0,1.851,9.68
2025_14_DEN_LV,DEN,LV,Tyler Badie,00-0037085,RB,tgt,1.876,0.0,1.0,1.0,3.0,4.0
2025_14_DEN_LV,DEN,LV,Tyler Badie,00-0037085,RB,rec,1.416,0.0,0.0,1.0,2.0,3.0
2025_14_DEN_LV,DEN,LV,Tyler Badie,00-0037085,RB,rec_yds,10.109,0.0,0.0,5.33,15.333,28.243
2025_14_DEN_LV,DEN,LV,Tyler Badie,00-0037085,RB,anytime_td,0.048,0.0,0.0,0.0,0.0,0.0
2025_14_DEN_LV,DEN,LV,Jaleel McLaughlin,00-0038794,RB,car,8.189,3.0,5.0,7.0,11.0,15.0
2025_14_DEN_LV,DEN,LV,Jaleel McLaughlin,00-0038794,RB,rush_yds,34.849,5.86,15.079,28.045,48.619,71.908
2025_14_DEN_LV,DEN,LV,Jaleel McLaughlin,00-0038794,RB,tgt,1.183,0.0,0.0,1.0,2.0,3.0
2025_14_DEN_LV,DEN,LV,Jaleel McLaughlin,00-0038794,RB,rec,0.956,0.0,0.0,1.0,1.0,2.0
2025_14_DEN_LV,DEN,LV,Jaleel McLaughlin,00-0038794,RB,rec_yds,6.543,0.0,0.0,0.0,9.363,19.533
2025_14_DEN_LV,DEN,LV,Jaleel McLaughlin,00-0038794,RB,anytime_td,0.231,0.0,0.0,0.0,0.0,1.0
2025_14_HOU_KC,KC,HOU,Patrick Mahomes,00-0033873,QB,att,31.274,21.0,27.0,32.0,37.0,42.0
2025_14_HOU_KC,KC,HOU,Patrick Mahomes,00-0033873,QB,cmp,19.943,13.0,17.0,20.0,24.0,28.0
2025_14_HOU_KC,KC,HOU,Patrick Mahomes,00-0033873,QB,pass_yds,232.416,143.842,187.445,233.077,280.577,328.726
2025_14_HOU_KC,KC,HOU,Patrick Mahomes,00-0033873,QB,pass_td,1.7,0.0,1.0,2.0,2.0,3.0
2025_14_HOU_KC,KC,HOU,Patrick Mahomes,00-0033873,QB,ints,0.67,0.0,0.0,0.0,1.0,2.0
2025_14_HOU_KC,KC,HOU,Patrick Mahomes,00-0033873,QB,car,3.806,1.0,2.0,4.0,5.0,7.0
2025_14_HOU_KC,KC,HOU,Patrick Mahomes,00-0033873,QB,rush_yds,19.548,0.0,6.155,16.035,28.644,43.421
2025_14_HOU_KC,KC,HOU,Patrick Mahomes,00-0033873,QB,tgt,0.0,0.0,0.0,0.0,0.0,0.0
2025_14_HOU_KC,KC,HOU,Patrick Mahomes,00-0033873,QB,rec,0.0,0.0,0.0,0.0,0.0,0.0
2025_14_HOU_KC,KC,HOU,Patrick Mahomes,00-0033873,QB,rec_yds,0.002,0.0,0.0,0.0,0.0,0.0
2025_14_HOU_KC,KC,HOU,Patrick Mahomes,00-0033873,QB,anytime_td,0.182,0.0,0.0,0.0,0.0,1.0
2025_14_HOU_KC,KC,HOU,Travis Kelce,00-0030506,TE,car,0.107,0.0,0.0,0.0,0.0,0.0
2025_14_HOU_KC,KC,HOU,Travis Kelce,00-0030506,TE,rush_yds,0.226,0.0,0.0,0.0,0.0,0.0
2025_14_HOU_KC,KC,HOU,Travis Kelce,00-0030506,TE,tgt,5.52,2.0,3.0,5.0,7.0,10.0
2025_14_HOU_KC,KC,HOU,Travis Kelce,00-0030506,TE,rec,3.936,1.0,2.0,4.0,5.0,7.0
2025_14_HOU_KC,KC,HOU,Travis Kelce,00-0030506,TE,rec_yds,45.6,8.94,21.571,40.104,63.516,89.041
2025_14_HOU_KC,KC,HOU,Travis Kelce,00-0030506,TE,anytime_td,0.296,0.0,0.0,0.0,1.0,1.0
2025_14_HOU_KC,KC,HOU,Rashee Rice,00-0039067,WR,car,0.535,0.0,0.0,0.0,0.0,2.0
2025_14_HOU_KC,KC,HOU,Rashee Rice,00-0039067,WR,rush_yds,2.875,0.0,0.0,0.0,0.0,9.304
2025_14_HOU_KC,KC,HOU,Rashee Rice,00-0039067,WR,tgt,7.61,4.0,5.0,7.0,10.0,12.0
2025_14_HOU_KC,KC,HOU,Rashee Rice,00-0039067,WR,rec,5.003,2.0,3.0,5.0,7.0,9.0
2025_14_HOU_KC,KC,HOU,Rashee Rice,00-0039067,WR,rec_yds,63.7,17.713,33.942,57.462,86.641,117.222
2025_14_HOU_KC,KC,HOU,Rashee Rice,00-0039067,WR,anytime_td,0.476,0.0,0.0,0.0,1.0,1.0
2025_14_HOU_KC,KC,HOU,Xavier Worthy,00-0039894,WR,car,0.732,0.0,0.0,0.0,1.0,2.0
2025_14_HOU_KC,KC,HOU,Xavier Worthy,00-0039894,WR,rush_yds,4.2,0.0,0.0,0.0,1.97,14.324
2025_14_HOU_KC,KC,HOU,Xavier Worthy,00-0039894,WR,tgt,5.025,2.0,3.0,5.0,7.0,9.0
2025_14_HOU_KC,KC,HOU,Xavier Worthy,00-0039894,WR,rec,3.022,1.0,2.0,3.0,4.0,6.0
2025_14_HOU_KC,KC,HOU,Xavier Worthy,00-0039894,WR,rec_yds,38.876,4.148,14.937,32.518,56.306,81.756
2025_14_HOU_KC,KC,HOU,Xavier Worthy,00-0039894,WR,anytime_td,0.152,0.0,0.0,0.0,0.0,1.0
2025_14_HOU_KC,KC,HOU,Kareem Hunt,00-0033923,RB,car,10.985,5.0,7.0,10.0,14.0,19.0
2025_14_HOU_KC,KC,HOU,Kareem Hunt,00-0033923,RB,rush_yds,44.47,11.911,22.172,37.487,60.245,86.614
2025_14_HOU_KC,KC,HOU,Kareem Hunt,00-0033923,RB,tgt,1.411,0.0,0.0,1.0,2.0,3.0
2025_14_HOU_KC,KC,HOU,Kareem Hunt,00-0033923,RB,rec,1.052,0.0,0.0,1.0,2.0,3.0
2025_14_HOU_KC,KC,HOU,Kareem Hunt,00-0033923,RB,rec_yds,8.595,0.0,0.0,2.438,12.714,25.584
2025_14_HOU_KC,KC,HOU,Kareem Hunt,00-0033923,RB,anytime_td,0.411,0.0,0.0,0.0,1.0,1.0
2025_14_HOU_KC,KC,HOU,Noah Gray,00-0036637,TE,car,0.007,0.0,0.0,0.0,0.0,0.0
2025_14_HOU_KC,KC,HOU,Noah Gray,00-0036637,TE,rush_yds,0.013,0.0,0.0,0.0,0.0,0.0
2025_14_HOU_KC,KC,HOU,Noah Gray,00-0036637,TE,tgt,2.06,0.0,1.0,2.0,3.0,4.0
2025_14_HOU_KC,KC,HOU,Noah Gray,00-0036637,TE,rec,1.372,0.0,0.0,1.0,2.0,3.0
2025_14_HOU_KC,KC,HOU,Noah Gray,00-0036637,TE,rec_yds,14.211,0.0,0.0,8.942,21.974,37.86
2025_14_HOU_KC,KC,HOU,Noah Gray,00-0036637,TE,anytime_td,0.05,0.0,0.0,0.0,0.0,0.0
2025_14_HOU_KC,KC,HOU,JuJu Smith-Schuster,00-0033857,WR,car,0.007,0.0,0.0,0.0,0.0,0.0
2025_14_HOU_KC,KC,HOU,JuJu Smith-Schuster,00-0033857,WR,rush_yds,0.036,0.0,0.0,0.0,0.0,0.0
2025_14_HOU_KC,KC,HOU,JuJu Smith-Schuster,00-0033857,WR,tgt,1.851,0.0,1.0,1.0,3.0,4.0
2025_14_HOU_KC,KC,HOU,JuJu Smith-Schuster,00-0033857,WR,rec,1.188,0.0,0.0,1.0,2.0,3.0
2025_14_HOU_KC,KC,HOU,JuJu Smith-Schuster,00-0033857,WR,rec_yds,15.628,0.0,0.0,8.287,23.372,42.874
2025_14_HOU_KC,KC,HOU,JuJu Smith-Schuster,00-0033857,WR,anytime_td,0.07,0.0,0.0,0.0,0.0,0.0
2025_14_HOU_KC,KC,HOU,Marquise Brown,00-0035662,WR,car,0.009,0.0,0.0,0.0,0.0,0.0
2025_14_HOU_KC,KC,HOU,Marquise Brown,00-0035662,WR,rush_yds,0.037,0.0,0.0,0.0,0.0,0.0
2025_14_HOU_KC,KC,HOU,Marquise Brown,00-0035662,WR,tgt,3.266,1.0,2.0,3.0,5.0,6.0
2025_14_HOU_KC,KC,HOU,Marquise Brown,00-0035662,WR,rec,2.093,0.0,1.0,2.0,3.0,4.0
2025_14_HOU_KC,KC,HOU,Marquise Brown,00-0035662,WR,rec_yds,26.874,0.0,6.635,20.167,40.002,62.273
2025_14_HOU_KC,KC,HOU,Marquise Brown,00-0035662,WR,anytime_td,0.265,0.0,0.0,0.0,1.0,1.0
2025_14_HOU_KC,KC,HOU,Isiah Pacheco,00-0037197,RB,car,7.819,2.0,4.0,7.0,11.0,14.0
2025_14_HOU_KC,KC,HOU,Isiah Pacheco,00-0037197,RB,rush_yds,32.546,5.42,13.057,25.937,45.724,68.764
2025_14_HOU_KC,KC,HOU,Isiah Pacheco,00-0037197,RB,tgt,1.758,0.0,0.0,1.0,3.0,4.0
2025_14_HOU_KC,KC,HOU,Isiah Pacheco,00-0037197,RB,rec,1.314,0.0,0.0,1.0,2.0,3.0
2025_14_HOU_KC,KC,HOU,Isiah Pacheco,00-0037197,RB,rec_yds,9.442,0.0,0.0,4.864,14.045,26.261
2025_14_HOU_KC,KC,HOU,Isiah Pacheco,00-0037197,RB,anytime_td,0.209,0.0,0.0,0.0,0.0,1.0
2025_14_HOU_KC,KC,HOU,Tyquan Thornton,00-0038104,WR,car,0.007,0.0,0.0,0.0,0.0,0.0
2025_14_HOU_KC,KC,HOU,Tyquan Thornton,00-0038104,WR,rush_yds,0.041,0.0,0.0,0.0,0.0,0.0
2025_14_HOU_KC,KC,HOU,Tyquan Thornton,00-0038104,WR,tgt,1.554,0.0,0.0,1.0,2.0,4.0
2025_14_HOU_KC,KC,HOU,Tyquan Thornton,00-0038104,WR,rec,0.891,0.0,0.0,1.0,1.0,2.0
2025_14_HOU_KC,KC,HOU,Tyquan Thornton,00-0038104,WR,rec_yds,14.03,0.0,0.0,4.497,21.346,41.862
2025_14_HOU_KC,KC,HOU,Tyquan Thornton,00-0038104,WR,anytime_td,0.091,0.0,0.0,0.0,0.0,0.0
2025_14_HOU_KC,KC,HOU,Brashard Smith,00-0040078,RB,car,2.142,0.0,0.0,1.0,3.0,6.0
2025_14_HOU_KC,KC,HOU,Brashard Smith,00-0040078,RB,rush_yds,8.681,0.0,0.0,3.263,11.704,25.441
2025_14_HOU_KC,KC,HOU,Brashard Smith,00-0040078,RB,tgt,1.779,0.0,0.0,1.0,3.0,4.0
2025_14_HOU_KC,KC,HOU,Brashard Smith,00-0040078,RB,rec,1.336,0.0,0.0,1.0,2.0,3.0
2025_14_HOU_KC,KC,HOU,Brashard Smith,00-0040078,RB,rec_yds,10.467,0.0,0.0,5.467,15.993,29.065
2025_14_HOU_KC,KC,HOU,Brashard Smith,00-0040078,RB,anytime_td,0.062,0.0,0.0,0.0,0.0,0.0
2025_14_HOU_KC,HOU,KC,C.J. Stroud,00-0039163,QB,att,32.181,22.0,28.0,33.0,38.0,43.0
2025_14_HOU_KC,HOU,KC,C.J. Stroud,00-0039163,QB,cmp,20.52,13.0,17.0,21.0,25.0,28.0
2025_14_HOU_KC,HOU,KC,C.J. Stroud,00-0039163,QB,pass_yds,211.024,127.616,170.096,211.459,256.32,300.266
2025_14_HOU_KC,HOU,KC,C.J. Stroud,00-0039163,QB,pass_td,1.046,0.0,0.0,1.0,2.0,2.0
2025_14_HOU_KC,HOU,KC,C.J. Stroud,00-0039163,QB,ints,0.706,0.0,0.0,0.0,1.0,2.0
2025_14_HOU_KC,HOU,KC,C.J. Stroud,00-0039163,QB,car,3.226,1.0,2.0,3.0,4.0,6.0
2025_14_HOU_KC,HOU,KC,C.J. Stroud,00-0039163,QB,rush_yds,17.707,0.0,5.082,13.739,26.085,40.609
2025_14_HOU_KC,HOU,KC,C.J. Stroud,00-0039163,QB,tgt,0.001,0.0,0.0,0.0,0.0,0.0
2025_14_HOU_KC,HOU,KC,C.J. Stroud,00-0039163,QB,rec,0.0,0.0,0.0,0.0,0.0,0.0
2025_14_HOU_KC,HOU,KC,C.J. Stroud,00-0039163,QB,rec_yds,0.002,0.0,0.0,0.0,0.0,0.0
2025_14_HOU_KC,HOU,KC,C.J. Stroud,00-0039163,QB,anytime_td,0.015,0.0,0.0,0.0,0.0,0.0
2025_14_HOU_KC,HOU,KC,Woody Marks,00-0040583,RB,car,11.447,5.0,7.0,11.0,15.0,19.0
2025_14_HOU_KC,HOU,KC,Woody Marks,00-0040583,RB,rush_yds,42.601,11.256,21.414,36.366,57.43,81.479
2025_14_HOU_KC,HOU,KC,Woody Marks,00-0040583,RB,tgt,1.897,0.0,1.0,2.0,3.0,4.0
2025_14_HOU_KC,HOU,KC,Woody Marks,00-0040583,RB,rec,1.422,0.0,0.0,1.0,2.0,3.0
2025_14_HOU_KC,HOU,KC,Woody Marks,00-0040583,RB,rec_yds,10.204,0.0,0.0,5.711,15.352,27.574
2025_14_HOU_KC,HOU,KC,Woody Marks,00-0040583,RB,anytime_td,0.274,0.0,0.0,0.0,1.0,1.0
2025_14_HOU_KC,HOU,KC,Nico Collins,00-0036554,WR,car,0.192,0.0,0.0,0.0,0.0,0.0
2025_14_HOU_KC,HOU,KC,Nico Collins,00-0036554,WR,rush_yds,1.012,0.0,0.0,0.0,0.0,0.0
2025_14_HOU_KC,HOU,KC,Nico Collins,00-0036554,WR,tgt,7.727,4.0,5.0,7.0,10.0,12.0
2025_14_HOU_KC,HOU,KC,Nico Collins,00-0036554,WR,rec,4.829,2.0,3.0,5.0,6.0,8.0
2025_14_HOU_KC,HOU,KC,Nico Collins,00-0036554,WR,rec_yds,59.842,16.328,32.055,54.027,82.481,110.286
2025_14_HOU_KC,HOU,KC,Nico Collins,00-0036554,WR,anytime_td,0.23,0.0,0.0,0.0,0.0,1.0
2025_14_HOU_KC,HOU,KC,Dalton Schultz,00-0034383,TE,car,0.004,0.0,0.0,0.0,0.0,0.0
2025_14_HOU_KC,HOU,KC,Dalton Schultz,00-0034383,TE,rush_yds,0.006,0.0,0.0,0.0,0.0,0.0
2025_14_HOU_KC,HOU,KC,Dalton Schultz,00-0034383,TE,tgt,6.128,2.0,4.0,6.0,8.0,10.0
2025_14_HOU_KC,HOU,KC,Dalton Schultz,00-0034383,TE,rec,4.405,1.0,3.0,4.0,6.0,8.0
2025_14_HOU_KC,HOU,KC,Dalton Schultz,00-0034383,TE,rec_yds,39.844,9.001,19.75,35.772,55.113,76.427
2025_14_HOU_KC,HOU,KC,Dalton Schultz,00-0034383,TE,anytime_td,0.115,0.0,0.0,0.0,0.0,1.0
2025_14_HOU_KC,HOU,KC,Jayden Higgins,00-0040130,WR,car,0.008,0.0,0.0,0.0,0.0,0.0
2025_14_HOU_KC,HOU,KC,Jayden Higgins,00-0040130,WR,rush_yds,0.05,0.0,0.0,0.0,0.0,0.0
2025_14_HOU_KC,HOU,KC,Jayden Higgins,00-0040130,WR,tgt,4.469,1.0,2.0,4.0,6.0,8.0
2025_14_HOU_KC,HOU,KC,Jayden Higgins,00-0040130,WR,rec,2.835,0.0,1.0,3.0,4.0,6.0
2025_14_HOU_KC,HOU,KC,Jayden Higgins,00-0040130,WR,rec_yds,31.119,0.0,10.616,25.608,44.943,67.685
2025_14_HOU_KC,HOU,KC,Jayden Higgins,00-0040130,WR,anytime_td,0.196,0.0,0.0,0.0,0.0,1.0
2025_14_HOU_KC,HOU,KC,Xavier Hutchinson,00-0038618,WR,car,0.038,0.0,0.0,0.0,0.0,0.0
2025_14_HOU_KC,HOU,KC,Xavier Hutchinson,00-0038618,WR,rush_yds,0.194,0.0,0.0,0.0,0.0,0.0
2025_14_HOU_KC,HOU,KC,Xavier Hutchinson,00-0038618,WR,tgt,2.913,0.0,1.0,2.0,4.0,6.0
2025_14_HOU_KC,HOU,KC,Xavier Hutchinson,00-0038618,WR,rec,1.838,0.0,1.0,2.0,3.0,4.0
2025_14_HOU_KC,HOU,KC,Xavier Hutchinson,00-0038618,WR,rec_yds,21.135,0.0,3.573,14.665,31.627,52.026
2025_14_HOU_KC,HOU,KC,Xavier Hutchinson,00-0038618,WR,anytime_td,0.109,0.0,0.0,0.0,0.0,1.0
2025_14_HOU_KC,HOU,KC,Jaylin Noel,00-0040138,WR,car,0.289,0.0,0.0,0.0,0.0,1.0
2025_14_HOU_KC,HOU,KC,Jaylin Noel,00-0040138,WR,rush_yds,1.464,0.0,0.0,0.0,0.0,2.957
2025_14_HOU_KC,HOU,KC,Jaylin Noel,00-0040138,WR,tgt,2.146,0.0,1.0,2.0,3.0,5.0
2025_14_HOU_KC,HOU,KC,Jaylin Noel,00-0040138,WR,rec,1.412,0.0,0.0,1.0,2.0,3.0
2025_14_HOU_KC,HOU,KC,Jaylin Noel,00-0040138,WR,rec_yds,15.781,0.0,0.0,9.923,24.358,41.725
2025_14_HOU_KC,HOU,KC,Jaylin Noel,00-0040138,WR,anytime_td,0.075,0.0,0.0,0.0,0.0,0.0
2025_14_HOU_KC,HOU,KC,Christian Kirk,00-0034775,WR,car,0.007,0.0,0.0,0.0,0.0,0.0
2025_14_HOU_KC,HOU,KC,Christian Kirk,00-0034775,WR,rush_yds,0.036,0.0,0.0,0.0,0.0,0.0
2025_14_HOU_KC,HOU,KC,Christian Kirk,00-0034775,WR,tgt,3.977,1.0,2.0,4.0,5.0,7.0
2025_14_HOU_KC,HOU,KC,Christian Kirk,00-0034775,WR,rec,2.462,0.0,1.0,2.0,3.0,5.0
2025_14_HOU_KC,HOU,KC,Christian Kirk,00-0034775,WR,rec_yds,26.791,0.0,7.871,20.582,39.171,59.726
2025_14_HOU_KC,HOU,KC,Christian Kirk,00-0034775,WR,anytime_td,0.138,0.0,0.0,0.0,0.0,1.0
2025_14_HOU_KC,HOU,KC,Cade Stover,00-0039359,TE,car,0.627,0.0,0.0,0.0,1.0,2.0
2025_14_HOU_KC,HOU,KC,Cade Stover,00-0039359,TE,rush_yds,1.407,0.0,0.0,0.0,0.0,5.047
2025_14_HOU_KC,HOU,KC,Cade Stover,00-0039359,TE,tgt,1.884,0.0,1.0,2.0,3.0,4.0
2025_14_HOU_KC,HOU,KC,Cade Stover,00-0039359,TE,rec,1.372,0.0,0.0,1.0,2.0,3.0
2025_14_HOU_KC,HOU,KC,Cade Stover,00-0039359,TE,rec_yds,12.055,0.0,0.0,7.53,18.006,31.317
2025_14_HOU_KC,HOU,KC,Cade Stover,00-0039359,TE,anytime_td,0.074,0.0,0.0,0.0,0.0,0.0
2025_14_HOU_KC,HOU,KC,Nick Chubb,00-0034791,RB,car,7.52,2.0,4.0,7.0,10.0,14.0
2025_14_HOU_KC,HOU,KC,Nick Chubb,00-0034791,RB,rush_yds,30.033,4.85,12.139,23.913,40.945,62.585
2025_14_HOU_KC,HOU,KC,Nick Chubb,00-0034791,RB,tgt,1.165,0.0,0.0,1.0,2.0,3.0
2025_14_HOU_KC,HOU,KC,Nick Chubb,00-0034791,RB,rec,0.879,0.0,0.0,1.0,1.0,2.0
2025_14_HOU_KC,HOU,KC,Nick Chubb,00-0034791,RB,rec_yds,5.514,0.0,0.0,0.0,8.046,17.474
2025_14_HOU_KC,HOU,KC,Nick Chubb,00-0034791,RB,anytime_td,0.222,0.0,0.0,0.0,0.0,1.0
2025_14_IND_JAX,JAX,IND,Trevor Lawrence,00-0036971,QB,att,30.58,20.0,26.0,31.0,36.0,41.0
2025_14_IND_JAX,JAX,IND,Trevor Lawrence,00-0036971,QB,cmp,19.529,12.0,16.0,20.0,24.0,27.0
2025_14_IND_JAX,JAX,IND,Trevor Lawrence,00-0036971,QB,pass_yds,223.197,135.152,177.539,224.486,271.575,317.772
2025_14_IND_JAX,JAX,IND,Trevor Lawrence,00-0036971,QB,pass_td,1.395,0.0,1.0,1.0,2.0,3.0
2025_14_IND_JAX,JAX,IND,Trevor Lawrence,00-0036971,QB,ints,0.751,0.0,0.0,1.0,1.0,2.0
2025_14_IND_JAX,JAX,IND,Trevor Lawrence,00-0036971,QB,car,4.517,1.0,2.0,4.0,6.0,9.0
2025_14_IND_JAX,JAX,IND,Trevor Lawrence,00-0036971,QB,rush_yds,20.721,0.0,6.879,16.719,30.184,46.229
2025_14_IND_JAX,JAX,IND,Trevor Lawrence,00-0036971,QB,tgt,0.001,0.0,0.0,0.0,0.0,0.0
2025_14_IND_JAX,JAX,IND,Trevor Lawrence,00-0036971,QB,rec,0.001,0.0,0.0,0.0,0.0,0.0
2025_14_IND_JAX,JAX,IND,Trevor Lawrence,00-0036971,QB,rec_yds,0.006,0.0,0.0,0.0,0.0,0.0
2025_14_IND_JAX,JAX,IND,Trevor Lawrence,00-0036971,QB,anytime_td,0.302,0.0,0.0,0.0,1.0,1.0
2025_14_IND_JAX,JAX,IND,Jakobi Meyers,00-0034960,WR,car,0.172,0.0,0.0,0.0,0.0,0.0
2025_14_IND_JAX,JAX,IND,Jakobi Meyers,00-0034960,WR,rush_yds,0.905,0.0,0.0,0.0,0.0,0.0
2025_14_IND_JAX,JAX,IND,Jakobi Meyers,00-0034960,WR,tgt,6.286,3.0,4.0,6.0,8.0,11.0
2025_14_IND_JAX,JAX,IND,Jakobi Meyers,00-0034960,WR,rec,4.334,2.0,3.0,4.0,6.0,8.0
2025_14_IND_JAX,JAX,IND,Jakobi Meyers,00-0034960,WR,rec_yds,54.336,12.701,27.013,47.882,75.34,104.117
2025_14_IND_JAX,JAX,IND,Jakobi Meyers,00-0034960,WR,anytime_td,0.264,0.0,0.0,0.0,1.0,1.0
2025_14_IND_JAX,JAX,IND,Brian Thomas Jr.,00-0039893,WR,car,0.188,0.0,0.0,0.0,0.0,0.0
2025_14_IND_JAX,JAX,IND,Brian Thomas Jr.,00-0039893,WR,rush_yds,0.997,0.0,0.0,0.0,0.0,0.0
2025_14_IND_JAX,JAX,IND,Brian Thomas Jr.,00-0039893,WR,tgt,6.081,2.0,4.0,6.0,8.0,10.0
2025_14_IND_JAX,JAX,IND,Brian Thomas Jr.,00-0039893,WR,rec,3.601,1.0,2.0,3.0,5.0,6.0
2025_14_IND_JAX,JAX,IND,Brian Thomas Jr.,00-0039893,WR,rec_yds,47.82,8.355,21.346,41.941,67.36,95.439
2025_14_IND_JAX,JAX,IND,Brian Thomas Jr.,00-0039893,WR,anytime_td,0.226,0.0,0.0,0.0,0.0,1.0
2025_14_IND_JAX,JAX,IND,Brenton Strange,00-0038935,TE,car,0.001,0.0,0.0,0.0,0.0,0.0
2025_14_IND_JAX,JAX,IND,Brenton Strange,00-0038935,TE,rush_yds,0.002,0.0,0.0,0.0,0.0,0.0
2025_14_IND_JAX,JAX,IND,Brenton Strange,00-0038935,TE,tgt,4.329,1.0,2.0,4.0,6.0,8.0
2025_14_IND_JAX,JAX,IND,Brenton Strange,00-0038935,TE,rec,3.291,1.0,2.0,3.0,5.0,6.0
2025_14_IND_JAX,JAX,IND,Brenton Strange,00-0038935,TE,rec_yds,37.683,4.829,15.527,32.048,53.9,77.116
2025_14_IND_JAX,JAX,IND,Brenton Strange,00-0038935,TE,anytime_td,0.153,0.0,0.0,0.0,0.0,1.0
2025_14_IND_JAX,JAX,IND,Travis Etienne,00-0036973,RB,car,14.283,7.0,10.0,14.0,18.0,23.0
2025_14_IND_JAX,JAX,IND,Travis Etienne,00-0036973,RB,rush_yds,59.696,19.564,33.563,53.299,78.988,107.422
2025_14_IND_JAX,JAX,IND,Travis Etienne,00-0036973,RB,tgt,2.995,1.0,1.0,3.0,4.0,6.0
2025_14_IND_JAX,JAX,IND,Travis Etienne,00-0036973,RB,rec,2.215,0.0,1.0,2.0,3.0,5.0
2025_14_IND_JAX,JAX,IND,Travis Etienne,00-0036973,RB,rec_yds,16.806,0.0,3.013,11.929,25.0,41.584
2025_14_IND_JAX,JAX,IND,Travis Etienne,00-0036973,RB,anytime_td,0.408,0.0,0.0,0.0,1.0,1.0
2025_14_IND_JAX,JAX,IND,Tim Patrick,00-0033375,WR,car,0.007,0.0,0.0,0.0,0.0,0.0
2025_14_IND_JAX,JAX,IND,Tim Patrick,00-0033375,WR,rush_yds,0.04,0.0,0.0,0.0,0.0,0.0
2025_14_IND_JAX,JAX,IND,Tim Patrick,00-0033375,WR,tgt,1.778,0.0,0.0,1.0,3.0,4.0
2025_14_IND_JAX,JAX,IND,Tim Patrick,00-0033375,WR,rec,1.082,0.0,0.0,1.0,2.0,3.0
2025_14_IND_JAX,JAX,IND,Tim Patrick,00-0033375,WR,rec_yds,13.573,0.0,0.0,6.593,20.699,39.074
2025_14_IND_JAX,JAX,IND,Tim Patrick,00-0033375,WR,anytime_td,0.128,0.0,0.0,0.0,0.0,1.0
2025_14_IND_JAX,JAX,IND,Quintin Morris,00-0036590,TE,car,0.004,0.0,0.0,0.0,0.0,0.0
2025_14_IND_JAX,JAX,IND,Quintin Morris,00-0036590,TE,rush_yds,0.007,0.0,0.0,0.0,0.0,0.0
2025_14_IND_JAX,JAX,IND,Quintin Morris,00-0036590,TE,tgt,0.929,0.0,0.0,1.0,1.0,2.0
2025_14_IND_JAX,JAX,IND,Quintin Morris,00-0036590,TE,rec,0.623,0.0,0.0,0.0,1.0,2.0
2025_14_IND_JAX,JAX,IND,Quintin Morris,00-0036590,TE,rec_yds,6.416,0.0,0.0,0.0,9.246,21.108
2025_14_IND_JAX,JAX,IND,Quintin Morris,00-0036590,TE,anytime_td,0.014,0.0,0.0,0.0,0.0,0.0
2025_14_IND_JAX,JAX,IND,Hunter Long,00-0037004,TE,car,0.001,0.0,0.0,0.0,0.0,0.0
2025_14_IND_JAX,JAX,IND,Hunter Long,00-0037004,TE,rush_yds,0.003,0.0,0.0,0.0,0.0,0.0
2025_14_IND_JAX,JAX,IND,Hunter Long,00-0037004,TE,tgt,1.912,0.0,1.0,2.0,3.0,4.0
2025_14_IND_JAX,JAX,IND,Hunter Long,00-0037004,TE,rec,1.337,0.0,0.0,1.0,2.0,3.0
2025_14_IND_JAX,JAX,IND,Hunter Long,00-0037004,TE,rec_yds,13.067,0.0,0.0,8.067,20.258,35.103
2025_14_IND_JAX,JAX,IND,Hunter Long,00-0037004,TE,anytime_td,0.142,0.0,0.0,0.0,0.0,1.0
2025_14_IND_JAX,JAX,IND,LeQuint Allen Jr.,00-0040238,RB,car,1.464,0.0,0.0,1.0,2.0,4.0
2025_14_IND_JAX,JAX,IND,LeQuint Allen Jr.,00-0040238,RB,rush_yds,6.151,0.0,0.0,0.0,7.561,19.466
2025_14_IND_JAX,JAX,IND,LeQuint Allen Jr.,00-0040238,RB,tgt,0.576,0.0,0.0,0.0,1.0,2.0
2025_14_IND_JAX,JAX,IND,LeQuint Allen Jr.,00-0040238,RB,rec,0.449,0.0,0.0,0.0,1.0,1.0
2025_14_IND_JAX,JAX,IND,LeQuint Allen Jr.,00-0040238,RB,rec_yds,3.363,0.0,0.0,0.0,3.035,11.771
2025_14_IND_JAX,JAX,IND,LeQuint Allen Jr.,00-0040238,RB,anytime_td,0.02,0.0,0.0,0.0,0.0,0.0
2025_14_IND_JAX,JAX,IND,Dyami Brown,00-0036626,WR,car,0.319,0.0,0.0,0.0,0.0,1.0
2025_14_IND_JAX,JAX,IND,Dyami Brown,00-0036626,WR,rush_yds,1.754,0.0,0.0,0.0,0.0,4.167
2025_14_IND_JAX,JAX,IND,Dyami Brown,00-0036626,WR,tgt,3.024,0.0,1.0,3.0,4.0,6.0
2025_14_IND_JAX,JAX,IND,Dyami Brown,00-0036626,WR,rec,1.767,0.0,1.0,1.0,3.0,4.0
2025_14_IND_JAX,JAX,IND,Dyami Brown,00-0036626,WR,rec_yds,22.259,0.0,2.329,15.88,33.774,55.66
2025_14_IND_JAX,JAX,IND,Dyami Brown,00-0036626,WR,anytime_td,0.095,0.0,0.0,0.0,0.0,0.0
2025_14_IND_JAX,JAX,IND,Austin Trammell,00-0036841,WR,car,0.01,0.0,0.0,0.0,0.0,0.0
2025_14_IND_JAX,JAX,IND,Austin Trammell,00-0036841,WR,rush_yds,0.048,0.0,0.0,0.0,0.0,0.0
2025_14_IND_JAX,JAX,IND,Austin Trammell,00-0036841,WR,tgt,2.285,0.0,1.0,2.0,3.0,5.0
2025_14_IND_JAX,JAX,IND,Austin Trammell,00-0036841,WR,rec,1.277,0.0,0.0,1.0,2.0,3.0
2025_14_IND_JAX,JAX,IND,Austin Trammell,00-0036841,WR,rec_yds,16.394,0.0,0.0,9.657,24.873,43.712
2025_14_IND_JAX,JAX,IND,Austin Trammell,00-0036841,WR,anytime_td,0.038,0.0,0.0,0.0,0.0,0.0
2025_14_IND_JAX,JAX,IND,Bhayshul Tuten,00-0040719,RB,car,6.827,2.0,3.0,6.0,9.0,13.0
2025_14_IND_JAX,JAX,IND,Bhayshul Tuten,00-0040719,RB,rush_yds,26.813,3.082,9.246,20.822,37.609,58.604
2025_14_IND_JAX,JAX,IND,Bhayshul Tuten,00-0040719,RB,tgt,1.056,0.0,0.0,1.0,2.0,3.0
2025_14_IND_JAX,JAX,IND,Bhayshul Tuten,00-0040719,RB,rec,0.8,0.0,0.0,0.0,1.0,2.0
2025_14_IND_JAX,JAX,IND,Bhayshul Tuten,00-0040719,RB,rec_yds,5.709,0.0,0.0,0.0,8.076,18.498
2025_14_IND_JAX,JAX,IND,Bhayshul Tuten,00-0040719,RB,anytime_td,0.27,0.0,0.0,0.0,1.0,1.0
2025_14_IND_JAX,IND,JAX,Tyler Warren,00-0040128,TE,car,0.337,0.0,0.0,0.0,0.0,1.0
2025_14_IND_JAX,IND,JAX,Tyler Warren,00-0040128,TE,rush_yds,0.697,0.0,0.0,0.0,0.0,1.845
2025_14_IND_JAX,IND,JAX,Tyler Warren,00-0040128,TE,tgt,6.691,3.0,4.0,6.0,9.0,11.0
2025_14_IND_JAX,IND,JAX,Tyler Warren,00-0040128,TE,rec,4.894,2.0,3.0,5.0,6.0,8.0
2025_14_IND_JAX,IND,JAX,Tyler Warren,00-0040128,TE,rec_yds,51.947,14.005,27.922,47.135,71.132,95.233
2025_14_IND_JAX,IND,JAX,Tyler Warren,00-0040128,TE,anytime_td,0.294,0.0,0.0,0.0,1.0,1.0
2025_14_IND_JAX,IND,JAX,Michael Pittman,00-0036252,WR,car,0.006,0.0,0.0,0.0,0.0,0.0
2025_14_IND_JAX,IND,JAX,Michael Pittman,00-0036252,WR,rush_yds,0.034,0.0,0.0,0.0,0.0,0.0
2025_14_IND_JAX,IND,JAX,Michael Pittman,00-0036252,WR,tgt,6.874,3.0,4.0,7.0,9.0,11.0
2025_14_IND_JAX,IND,JAX,Michael Pittman,00-0036252,WR,rec,4.607,2.0,3.0,4.0,6.0,8.0
2025_14_IND_JAX,IND,JAX,Michael Pittman,00-0036252,WR,rec_yds,52.656,12.484,26.725,46.792,72.312,100.328
2025_14_IND_JAX,IND,JAX,Michael Pittman,00-0036252,WR,anytime_td,0.336,0.0,0.0,0.0,1.0,1.0
2025_14_IND_JAX,IND,JAX,Alec Pierce,00-0037664,WR,car,0.007,0.0,0.0,0.0,0.0,0.0
2025_14_IND_JAX,IND,JAX,Alec Pierce,00-0037664,WR,rush_yds,0.045,0.0,0.0,0.0,0.0,0.0
2025_14_IND_JAX,IND,JAX,Alec Pierce,00-0037664,WR,tgt,6.036,2.0,4.0,6.0,8.0,10.0
2025_14_IND_JAX,IND,JAX,Alec Pierce,00-0037664,WR,rec,3.598,1.0,2.0,3.0,5.0,7.0
2025_14_IND_JAX,IND,JAX,Alec Pierce,00-0037664,WR,rec_yds,57.538,9.883,25.81,49.972,80.12,116.486
2025_14_IND_JAX,IND,JAX,Alec Pierce,00-0037664,WR,anytime_td,0.235,0.0,0.0,0.0,0.0,1.0
2025_14_IND_JAX,IND,JAX,Jonathan Taylor,00-0036223,RB,car,17.962,10.0,13.0,18.0,22.0,26.0
2025_14_IND_JAX,IND,JAX,Jonathan Taylor,00-0036223,RB,rush_yds,82.531,32.753,50.386,74.899,107.679,142.665
2025_14_IND_JAX,IND,JAX,Jonathan Taylor,00-0036223,RB,tgt,3.284,1.0,2.0,3.0,5.0,6.0
2025_14_IND_JAX,IND,JAX,Jonathan Taylor,00-0036223,RB,rec,2.592,0.0,1.0,2.0,4.0,5.0
2025_14_IND_JAX,IND,JAX,Jonathan Taylor,00-0036223,RB,rec_yds,20.367,0.0,5.571,15.347,30.215,47.278
2025_14_IND_JAX,IND,JAX,Jonathan Taylor,00-0036223,RB,anytime_td,0.559,0.0,0.0,1.0,1.0,1.0
2025_14_IND_JAX,IND,JAX,Josh Downs,00-0038997,WR,car,0.011,0.0,0.0,0.0,0.0,0.0
2025_14_IND_JAX,IND,JAX,Josh Downs,00-0038997,WR,rush_yds,0.06,0.0,0.0,0.0,0.0,0.0
2025_14_IND_JAX,IND,JAX,Josh Downs,00-0038997,WR,tgt,5.868,2.0,4.0,6.0,8.0,10.0
2025_14_IND_JAX,IND,JAX,Josh Downs,00-0038997,WR,rec,3.66,1.0,2.0,3.0,5.0,7.0
2025_14_IND_JAX,IND,JAX,Josh Downs,00-0038997,WR,rec_yds,41.979,6.798,17.838,35.433,59.411,85.9
2025_14_IND_JAX,IND,JAX,Josh Downs,00-0038997,WR,anytime_td,0.243,0.0,0.0,0.0,0.0,1.0
2025_14_IND_JAX,IND,JAX,Mo Alie-Cox,00-0033217,TE,car,0.002,0.0,0.0,0.0,0.0,0.0
2025_14_IND_JAX,IND,JAX,Mo Alie-Cox,00-0033217,TE,rush_yds,0.008,0.0,0.0,0.0,0.0,0.0
2025_14_IND_JAX,IND,JAX,Mo Alie-Cox,00-0033217,TE,tgt,0.903,0.0,0.0,0.0,1.0,2.0
2025_14_IND_JAX,IND,JAX,Mo Alie-Cox,00-0033217,TE,rec,0.617,0.0,0.0,0.0,1.0,2.0
2025_14_IND_JAX,IND,JAX,Mo Alie-Cox,00-0033217,TE,rec_yds,6.388,0.0,0.0,0.0,8.901,21.31
2025_14_IND_JAX,IND,JAX,Mo Alie-Cox,00-0033217,TE,anytime_td,0.011,0.0,0.0,0.0,0.0,0.0
2025_14_IND_JAX,IND,JAX,Ameer Abdullah,00-0032104,RB,car,1.594,0.0,0.0,1.0,2.0,4.0
2025_14_IND_JAX,IND,JAX,Ameer Abdullah,00-0032104,RB,rush_yds,6.231,0.0,0.0,0.873,7.91,19.061
2025_14_IND_JAX,IND,JAX,Ameer Abdullah,00-0032104,RB,tgt,1.07,0.0,0.0,1.0,2.0,3.0
2025_14_IND_JAX,IND,JAX,Ameer Abdullah,00-0032104,RB,rec,0.838,0.0,0.0,0.0,1.0,2.0
2025_14_IND_JAX,IND,JAX,Ameer Abdullah,00-0032104,RB,rec_yds,6.016,0.0,0.0,0.0,8.679,19.202
2025_14_IND_JAX,IND,JAX,Ameer Abdullah,00-0032104,RB,anytime_td,0.102,0.0,0.0,0.0,0.0,1.0
2025_14_IND_JAX,IND,JAX,Daniel Jones,00-0035710,QB,att,32.098,22.0,27.0,33.0,38.0,43.0
2025_14_IND_JAX,IND,JAX,Daniel Jones,00-0035710,QB,cmp,20.906,13.0,17.0,21.0,25.0,29.0
2025_14_IND_JAX,IND,JAX,Daniel Jones,00-0035710,QB,pass_yds,235.966,144.055,191.166,236.032,286.12,335.284
2025_14_IND_JAX,IND,JAX,Daniel Jones,00-0035710,QB,pass_td,1.474,0.0,1.0,1.0,2.0,3.0
2025_14_IND_JAX,IND,JAX,Daniel Jones,00-0035710,QB,ints,0.667,0.0,0.0,0.0,1.0,2.0
2025_14_IND_JAX,IND,JAX,Daniel Jones,00-0035710,QB,car,3.622,1.0,2.0,3.0,5.0,7.0
2025_14_IND_JAX,IND,JAX,Daniel Jones,00-0035710,QB,rush_yds,15.781,0.0,3.676,11.84,23.651,37.406
2025_14_IND_JAX,IND,JAX,Daniel Jones,00-0035710,QB,tgt,0.001,0.0,0.0,0.0,0.0,0.0
2025_14_IND_JAX,IND,JAX,Daniel Jones,00-0035710,QB,rec,0.0,0.0,0.0,0.0,0.0,0.0
2025_14_IND_JAX,IND,JAX,Daniel Jones,00-0035710,QB,rec_yds,0.004,0.0,0.0,0.0,0.0,0.0
2025_14_IND_JAX,IND,JAX,Daniel Jones,00-0035710,QB,anytime_td,0.223,0.0,0.0,0.0,0.0,1.0
2025_14_IND_JAX,IND,JAX,Andrew Ogletree,00-0037292,TE,car,0.005,0.0,0.0,0.0,0.0,0.0
2025_14_IND_JAX,IND,JAX,Andrew Ogletree,00-0037292,TE,rush_yds,0.02,0.0,0.0,0.0,0.0,0.0
2025_14_IND_JAX,IND,JAX,Andrew Ogletree,00-0037292,TE,tgt,0.621,0.0,0.0,0.0,1.0,2.0
2025_14_IND_JAX,IND,JAX,Andrew Ogletree,00-0037292,TE,rec,0.443,0.0,0.0,0.0,1.0,1.0
2025_14_IND_JAX,IND,JAX,Andrew Ogletree,00-0037292,TE,rec_yds,4.264,0.0,0.0,0.0,4.849,15.366
2025_14_IND_JAX,IND,JAX,Andrew Ogletree,00-0037292,TE,anytime_td,0.065,0.0,0.0,0.0,0.0,0.0
2025_14_IND_JAX,IND,JAX,Tyler Goodson,00-0037120,RB,car,1.079,0.0,0.0,0.0,1.0,3.0
2025_14_IND_JAX,IND,JAX,Tyler Goodson,00-0037120,RB,rush_yds,4.246,0.0,0.0,0.0,4.452,14.005
2025_14_IND_JAX,IND,JAX,Tyler Goodson,00-0037120,RB,tgt,0.625,0.0,0.0,0.0,1.0,2.0
2025_14_IND_JAX,IND,JAX,Tyler Goodson,00-0037120,RB,rec,0.48,0.0,0.0,0.0,1.0,2.0
2025_14_IND_JAX,IND,JAX,Tyler Goodson,00-0037120,RB,rec_yds,3.454,0.0,0.0,0.0,3.257,11.914
2025_14_IND_JAX,IND,JAX,Tyler Goodson,00-0037120,RB,anytime_td,0.05,0.0,0.0,0.0,0.0,0.0
2025_14_LA_ARI,ARI,LA,Jacoby Brissett,00-0033119,QB,att,34.194,24.0,29.0,35.0,40.0,45.0
2025_14_LA_ARI,ARI,LA,Jacoby Brissett,00-0033119,QB,cmp,22.593,15.0,19.0,23.0,27.0,31.0
2025_14_LA_ARI,ARI,LA,Jacoby Brissett,00-0033119,QB,pass_yds,242.723,152.762,197.138,242.45,290.752,340.119
2025_14_LA_ARI,ARI,LA,Jacoby Brissett,00-0033119,QB,pass_td,1.617,0.0,1.0,2.0,2.0,3.0
2025_14_LA_ARI,ARI,LA,Jacoby Brissett,00-0033119,QB,ints,0.749,0.0,0.0,0.0,1.0,2.0
2025_14_LA_ARI,ARI,LA,Jacoby Brissett,00-0033119,QB,car,3.585,1.0,2.0,3.0,5.0,7.0
2025_14_LA_ARI,ARI,LA,Jacoby Brissett,00-0033119,QB,rush_yds,16.665,0.0,3.977,12.484,24.843,38.959
2025_14_LA_ARI,ARI,LA,Jacoby Brissett,00-0033119,QB,tgt,0.0,0.0,0.0,0.0,0.0,0.0
2025_14_LA_ARI,ARI,LA,Jacoby Brissett,00-0033119,QB,rec,0.0,0.0,0.0,0.0,0.0,0.0
2025_14_LA_ARI,ARI,LA,Jacoby Brissett,00-0033119,QB,rec_yds,0.0,0.0,0.0,0.0,0.0,0.0
2025_14_LA_ARI,ARI,LA,Jacoby Brissett,00-0033119,QB,anytime_td,0.116,0.0,0.0,0.0,0.0,1.0
2025_14_LA_ARI,ARI,LA,Trey McBride,00-0037744,TE,car,0.004,0.0,0.0,0.0,0.0,0.0
2025_14_LA_ARI,ARI,LA,Trey McBride,00-0037744,TE,rush_yds,0.011,0.0,0.0,0.0,0.0,0.0
2025_14_LA_ARI,ARI,LA,Trey McBride,00-0037744,TE,tgt,11.811,7.0,9.0,11.0,15.0,18.0
2025_14_LA_ARI,ARI,LA,Trey McBride,00-0037744,TE,rec,8.507,4.0,6.0,8.0,11.0,13.0
2025_14_LA_ARI,ARI,LA,Trey McBride,00-0037744,TE,rec_yds,92.068,40.267,61.156,87.865,118.414,148.401
2025_14_LA_ARI,ARI,LA,Trey McBride,00-0037744,TE,anytime_td,0.442,0.0,0.0,0.0,1.0,1.0
2025_14_LA_ARI,ARI,LA,Michael Wilson,00-0038559,WR,car,0.027,0.0,0.0,0.0,0.0,0.0
2025_14_LA_ARI,ARI,LA,Michael Wilson,00-0038559,WR,rush_yds,0.122,0.0,0.0,0.0,0.0,0.0
2025_14_LA_ARI,ARI,LA,Michael Wilson,00-0038559,WR,tgt,9.02,4.0,6.0,9.0,11.0,14.0
2025_14_LA_ARI,ARI,LA,Michael Wilson,00-0038559,WR,rec,5.624,2.0,4.0,5.0,7.0,9.0
2025_14_LA_ARI,ARI,LA,Michael Wilson,00-0038559,WR,rec_yds,72.175,22.226,40.621,66.496,97.566,129.55
2025_14_LA_ARI,ARI,LA,Michael Wilson,00-0038559,WR,anytime_td,0.126,0.0,0.0,0.0,0.0,1.0
2025_14_LA_ARI,ARI,LA,Andre Baccellia,00-0035876,WR,car,0.014,0.0,0.0,0.0,0.0,0.0
2025_14_LA_ARI,ARI,LA,Andre Baccellia,00-0035876,WR,rush_yds,0.115,0.0,0.0,0.0,0.0,0.0
2025_14_LA_ARI,ARI,LA,Andre Baccellia,00-0035876,WR,tgt,0.634,0.0,0.0,0.0,1.0,2.0
2025_14_LA_ARI,ARI,LA,Andre Baccellia,00-0035876,WR,rec,0.39,0.0,0.0,0.0,1.0,1.0
2025_14_LA_ARI,ARI,LA,Andre Baccellia,00-0035876,WR,rec_yds,4.865,0.0,0.0,0.0,3.841,17.736
2025_14_LA_ARI,ARI,LA,Andre Baccellia,00-0035876,WR,anytime_td,0.008,0.0,0.0,0.0,0.0,0.0
2025_14_LA_ARI,ARI,LA,Elijah Higgins,00-0039041,TE,car,0.001,0.0,0.0,0.0,0.0,0.0
2025_14_LA_ARI,ARI,LA,Elijah Higgins,00-0039041,TE,rush_yds,0.002,0.0,0.0,0.0,0.0,0.0
2025_14_LA_ARI,ARI,LA,Elijah Higgins,00-0039041,TE,tgt,2.145,0.0,1.0,2.0,3.0,5.0
2025_14_LA_ARI,ARI,LA,Elijah Higgins,00-0039041,TE,rec,1.524,0.0,0.0,1.0,2.0,4.0
2025_14_LA_ARI,ARI,LA,Elijah Higgins,00-0039041,TE,rec_yds,16.028,0.0,0.0,10.517,24.58,41.559
2025_14_LA_ARI,ARI,LA,Elijah Higgins,00-0039041,TE,anytime_td,0.036,0.0,0.0,0.0,0.0,0.0
2025_14_LA_ARI,ARI,LA,Michael Carter,00-0036924,RB,car,8.406,3.0,5.0,8.0,11.0,15.0
2025_14_LA_ARI,ARI,LA,Michael Carter,00-0036924,RB,rush_yds,34.544,5.906,14.358,28.085,47.065,71.67
2025_14_LA_ARI,ARI,LA,Michael Carter,00-0036924,RB,tgt,4.085,1.0,2.0,4.0,6.0,8.0
2025_14_LA_ARI,ARI,LA,Michael Carter,00-0036924,RB,rec,3.125,1.0,2.0,3.0,4.0,6.0
2025_14_LA_ARI,ARI,LA,Michael Carter,00-0036924,RB,rec_yds,24.947,0.0,7.874,19.565,36.963,55.711
2025_14_LA_ARI,ARI,LA,Michael Carter,00-0036924,RB,anytime_td,0.186,0.0,0.0,0.0,0.0,1.0
2025_14_LA_ARI,ARI,LA,Bam Knight,00-0037157,RB,car,12.236,5.0,8.0,12.0,16.0,20.0
2025_14_LA_ARI,ARI,LA,Bam Knight,00-0037157,RB,rush_yds,50.731,14.733,26.42,44.238,67.815,94.868
2025_14_LA_ARI,ARI,LA,Bam Knight,00-0037157,RB,tgt,3.614,1.0,2.0,3.0,5.0,7.0
2025_14_LA_ARI,ARI,LA,Bam Knight,00-0037157,RB,rec,2.683,0.0,1.0,2.0,4.0,5.0
2025_14_LA_ARI,ARI,LA,Bam Knight,00-0037157,RB,rec_yds,20.967,0.0,5.563,15.576,31.011,49.222
2025_14_LA_ARI,ARI,LA,Bam Knight,00-0037157,RB,anytime_td,0.386,0.0,0.0,0.0,1.0,1.0
2025_14_LA_ARI,ARI,LA,Jalen Brooks,00-0038640,WR,car,0.022,0.0,0.0,0.0,0.0,0.0
2025_14_LA_ARI,ARI,LA,Jalen Brooks,00-0038640,WR,rush_yds,0.136,0.0,0.0,0.0,0.0,0.0
2025_14_LA_ARI,ARI,LA,Jalen Brooks,00-0038640,WR,tgt,1.984,0.0,1.0,2.0,3.0,4.0
2025_14_LA_ARI,ARI,LA,Jalen Brooks,00-0038640,WR,rec,1.156,0.0,0.0,1.0,2.0,3.0
2025_14_LA_ARI,ARI,LA,Jalen Brooks,00-0038640,WR,rec_yds,15.229,0.0,0.0,7.886,22.964,42.14
2025_14_LA_ARI,ARI,LA,Jalen Brooks,00-0038640,WR,anytime_td,0.074,0.0,0.0,0.0,0.0,0.0
2025_14_LA_ARI,ARI,LA,Trent Sherfield,00-0034487,WR,car,0.013,0.0,0.0,0.0,0.0,0.0
2025_14_LA_ARI,ARI,LA,Trent Sherfield,00-0034487,WR,rush_yds,0.068,0.0,0.0,0.0,0.0,0.0
2025_14_LA_ARI,ARI,LA,Trent Sherfield,00-0034487,WR,tgt,0.657,0.0,0.0,0.0,1.0,2.0
2025_14_LA_ARI,ARI,LA,Trent Sherfield,00-0034487,WR,rec,0.398,0.0,0.0,0.0,1.0,1.0
2025_14_LA_ARI,ARI,LA,Trent Sherfield,00-0034487,WR,rec_yds,5.198,0.0,0.0,0.0,4.017,18.675
2025_14_LA_ARI,ARI,LA,Trent Sherfield,00-0034487,WR,anytime_td,0.006,0.0,0.0,0.0,0.0,0.0
2025_14_LA_ARI,LA,ARI,Matthew Stafford,00-0026498,QB,att,32.684,22.0,28.0,33.0,39.0,43.0
2025_14_LA_ARI,LA,ARI,Matthew Stafford,00-0026498,QB,cmp,21.939,14.0,18.0,22.0,26.0,30.0
2025_14_LA_ARI,LA,ARI,Matthew Stafford,00-0026498,QB,pass_yds,251.662,158.94,204.904,254.199,302.965,349.891
2025_14_LA_ARI,LA,ARI,Matthew Stafford,00-0026498,QB,pass_td,1.798,0.0,1.0,2.0,3.0,3.0
2025_14_LA_ARI,LA,ARI,Matthew Stafford,00-0026498,QB,ints,0.657,0.0,0.0,0.0,1.0,2.0
2025_14_LA_ARI,LA,ARI,Matthew Stafford,00-0026498,QB,car,1.715,0.0,0.0,1.0,2.0,4.0
2025_14_LA_ARI,LA,ARI,Matthew Stafford,00-0026498,QB,rush_yds,4.005,-2.0,-1.0,0.0,5.858,14.904
2025_14_LA_ARI,LA,ARI,Matthew Stafford,00-0026498,QB,tgt,0.0,0.0,0.0,0.0,0.0,0.0
2025_14_LA_ARI,LA,ARI,Matthew Stafford,00-0026498,QB,rec,0.0,0.0,0.0,0.0,0.0,0.0
2025_14_LA_ARI,LA,ARI,Matthew Stafford,00-0026498,QB,rec_yds,0.004,0.0,0.0,0.0,0.0,0.0
2025_14_LA_ARI,LA,ARI,Matthew Stafford,00-0026498,QB,anytime_td,0.014,0.0,0.0,0.0,0.0,0.0
2025_14_LA_ARI,LA,ARI,Davis Allen,00-0039074,TE,car,0.003,0.0,0.0,0.0,0.0,0.0
2025_14_LA_ARI,LA,ARI,Davis Allen,00-0039074,TE,rush_yds,0.011,0.0,0.0,0.0,0.0,0.0
2025_14_LA_ARI,LA,ARI,Davis Allen,00-0039074,TE,tgt,1.88,0.0,1.0,1.0,3.0,4.0
2025_14_LA_ARI,LA,ARI,Davis Allen,00-0039074,TE,rec,1.413,0.0,0.0,1.0,2.0,3.0
2025_14_LA_ARI,LA,ARI,Davis Allen,00-0039074,TE,rec_yds,13.867,0.0,0.0,8.384,21.355,36.493
2025_14_LA_ARI,LA,ARI,Davis Allen,00-0039074,TE,anytime_td,0.126,0.0,0.0,0.0,0.0,1.0
2025_14_LA_ARI,LA,ARI,Colby Parkinson,00-0036244,TE,car,0.002,0.0,0.0,0.0,0.0,0.0
2025_14_LA_ARI,LA,ARI,Colby Parkinson,00-0036244,TE,rush_yds,0.001,0.0,0.0,0.0,0.0,0.0
2025_14_LA_ARI,LA,ARI,Colby Parkinson,00-0036244,TE,tgt,3.019,1.0,1.0,3.0,4.0,6.0
2025_14_LA_ARI,LA,ARI,Colby Parkinson,00-0036244,TE,rec,2.375,0.0,1.0,2.0,3.0,5.0
2025_14_LA_ARI,LA,ARI,Colby Parkinson,00-0036244,TE,rec_yds,23.286,0.0,6.486,17.932,34.615,53.468
2025_14_LA_ARI,LA,ARI,Colby Parkinson,00-0036244,TE,anytime_td,0.239,0.0,0.0,0.0,0.0,1.0
2025_14_LA_ARI,LA,ARI,Terrance Ferguson,00-0040737,TE,car,0.067,0.0,0.0,0.0,0.0,0.0
2025_14_LA_ARI,LA,ARI,Terrance Ferguson,00-0040737,TE,rush_yds,0.172,0.0,0.0,0.0,0.0,0.0
2025_14_LA_ARI,LA,ARI,Terrance Ferguson,00-0040737,TE,tgt,1.741,0.0,0.0,1.0,3.0,4.0
2025_14_LA_ARI,LA,ARI,Terrance Ferguson,00-0040737,TE,rec,1.156,0.0,0.0,1.0,2.0,3.0
2025_14_LA_ARI,LA,ARI,Terrance Ferguson,00-0040737,TE,rec_yds,13.86,0.0,0.0,7.411,22.007,38.349
2025_14_LA_ARI,LA,ARI,Terrance Ferguson,00-0040737,TE,anytime_td,0.061,0.0,0.0,0.0,0.0,0.0
2025_14_LA_ARI,LA,ARI,Kyren Williams,00-0037840,RB,car,12.721,6.0,8.0,12.0,16.0,21.0
2025_14_LA_ARI,LA,ARI,Kyren Williams,00-0037840,RB,rush_yds,58.811,18.427,31.258,51.453,77.894,109.571
2025_14_LA_ARI,LA,ARI,Kyren Williams,00-0037840,RB,tgt,2.382,0.0,1.0,2.0,3.0,5.0
2025_14_LA_ARI,LA,ARI,Kyren Williams,00-0037840,RB,rec,1.849,0.0,1.0,1.0,3.0,4.0
2025_14_LA_ARI,LA,ARI,Kyren Williams,00-0037840,RB,rec_yds,13.78,0.0,0.0,8.92,20.217,35.29
2025_14_LA_ARI,LA,ARI,Kyren Williams,00-0037840,RB,anytime_td,0.541,0.0,0.0,1.0,1.0,1.0
2025_14_LA_ARI,LA,ARI,Konata Mumpfield,00-0040590,WR,car,0.005,0.0,0.0,0.0,0.0,0.0
2025_14_LA_ARI,LA,ARI,Konata Mumpfield,00-0040590,WR,rush_yds,0.014,0.0,0.0,0.0,0.0,0.0
2025_14_LA_ARI,LA,ARI,Konata Mumpfield,00-0040590,WR,tgt,0.825,0.0,0.0,0.0,1.0,2.0
2025_14_LA_ARI,LA,ARI,Konata Mumpfield,00-0040590,WR,rec,0.526,0.0,0.0,0.0,1.0,2.0
2025_14_LA_ARI,LA,ARI,Konata Mumpfield,00-0040590,WR,rec_yds,6.654,0.0,0.0,0.0,8.602,23.188
2025_14_LA_ARI,LA,ARI,Konata Mumpfield,00-0040590,WR,anytime_td,0.044,0.0,0.0,0.0,0.0,0.0
2025_14_LA_ARI,LA,ARI,Puka Nacua,00-0039075,WR,car,0.463,0.0,0.0,0.0,0.0,2.0
2025_14_LA_ARI,LA,ARI,Puka Nacua,00-0039075,WR,rush_yds,2.746,0.0,0.0,0.0,0.0,8.603
2025_14_LA_ARI,LA,ARI,Puka Nacua,00-0039075,WR,tgt,9.53,5.0,7.0,9.0,12.0,15.0
2025_14_LA_ARI,LA,ARI,Puka Nacua,00-0039075,WR,rec,6.973,3.0,5.0,7.0,9.0,11.0
2025_14_LA_ARI,LA,ARI,Puka Nacua,00-0039075,WR,rec_yds,87.545,32.774,53.704,81.619,114.223,150.104
2025_14_LA_ARI,LA,ARI,Puka Nacua,00-0039075,WR,anytime_td,0.294,0.0,0.0,0.0,1.0,1.0
2025_14_LA_ARI,LA,ARI,Davante Adams,00-0031381,WR,car,0.009,0.0,0.0,0.0,0.0,0.0
2025_14_LA_ARI,LA,ARI,Davante Adams,00-0031381,WR,rush_yds,0.04,0.0,0.0,0.0,0.0,0.0
2025_14_LA_ARI,LA,ARI,Davante Adams,00-0031381,WR,tgt,8.096,4.0,5.0,8.0,10.0,13.0
2025_14_LA_ARI,LA,ARI,Davante Adams,00-0031381,WR,rec,4.862,2.0,3.0,5.0,6.0,8.0
2025_14_LA_ARI,LA,ARI,Davante Adams,00-0031381,WR,rec_yds,62.567,17.531,33.682,56.251,85.157,114.275
2025_14_LA_ARI,LA,ARI,Davante Adams,00-0031381,WR,anytime_td,0.54,0.0,0.0,1.0,1.0,1.0
2025_14_LA_ARI,LA,ARI,Blake Corum,00-0039738,RB,car,6.697,2.0,3.0,6.0,9.0,13.0
2025_14_LA_ARI,LA,ARI,Blake Corum,00-0039738,RB,rush_yds,30.765,3.607,10.68,23.539,42.924,66.245
2025_14_LA_ARI,LA,ARI,Blake Corum,00-0039738,RB,tgt,0.763,0.0,0.0,0.0,1.0,2.0
2025_14_LA_ARI,LA,ARI,Blake Corum,00-0039738,RB,rec,0.596,0.0,0.0,0.0,1.0,2.0
2025_14_LA_ARI,LA,ARI,Blake Corum,00-0039738,RB,rec_yds,4.183,0.0,0.0,0.0,5.071,14.74
2025_14_LA_ARI,LA,ARI,Blake Corum,00-0039738,RB,anytime_td,0.233,0.0,0.0,0.0,0.0,1.0
2025_14_LA_ARI,LA,ARI,Xavier Smith,00-0038359,WR,car,0.042,0.0,0.0,0.0,0.0,0.0
2025_14_LA_ARI,LA,ARI,Xavier Smith,00-0038359,WR,rush_yds,0.203,0.0,0.0,0.0,0.0,0.0
2025_14_LA_ARI,LA,ARI,Xavier Smith,00-0038359,WR,tgt,1.779,0.0,1.0,1.0,3.0,4.0
2025_14_LA_ARI,LA,ARI,Xavier Smith,00-0038359,WR,rec,1.206,0.0,0.0,1.0,2.0,3.0
2025_14_LA_ARI,LA,ARI,Xavier Smith,00-0038359,WR,rec_yds,16.688,0.0,0.0,9.3,24.772,45.455
2025_14_LA_ARI,LA,ARI,Xavier Smith,00-0038359,WR,anytime_td,0.015,0.0,0.0,0.0,0.0,0.0
2025_14_LA_ARI,LA,ARI,Jordan Whittington,00-0039751,WR,car,0.116,0.0,0.0,0.0,0.0,0.0
2025_14_LA_ARI,LA,ARI,Jordan Whittington,00-0039751,WR,rush_yds,0.608,0.0,0.0,0.0,0.0,0.0
2025_14_LA_ARI,LA,ARI,Jordan Whittington,00-0039751,WR,tgt,1.866,0.0,1.0,1.0,3.0,4.0
2025_14_LA_ARI,LA,ARI,Jordan Whittington,00-0039751,WR,rec,1.259,0.0,0.0,1.0,2.0,3.0
2025_14_LA_ARI,LA,ARI,Jordan Whittington,00-0039751,WR,rec_yds,15.305,0.0,0.0,8.361,23.404,42.338
2025_14_LA_ARI,LA,ARI,Jordan Whittington,00-0039751,WR,anytime_td,0.016,0.0,0.0,0.0,0.0,0.0
2025_14_LA_ARI,LA,ARI,Ronnie Rivers,00-0037557,RB,car,2.757,0.0,1.0,2.0,4.0,7.0
2025_14_LA_ARI,LA,ARI,Ronnie Rivers,00-0037557,RB,rush_yds,11.984,0.0,0.0,6.156,16.917,32.181
2025_14_LA_ARI,LA,ARI,Ronnie Rivers,00-0037557,RB,tgt,0.796,0.0,0.0,0.0,1.0,2.0
2025_14_LA_ARI,LA,ARI,Ronnie Rivers,00-0037557,RB,rec,0.644,0.0,0.0,0.0,1.0,2.0
2025_14_LA_ARI,LA,ARI,Ronnie Rivers,00-0037557,RB,rec_yds,4.921,0.0,0.0,0.0,6.588,16.478
2025_14_LA_ARI,LA,ARI,Ronnie Rivers,00-0037557,RB,anytime_td,0.102,0.0,0.0,0.0,0.0,1.0
2025_14_LA_ARI,LA,ARI,Nick Vannett,00-0032394,TE,car,0.002,0.0,0.0,0.0,0.0,0.0
2025_14_LA_ARI,LA,ARI,Nick Vannett,00-0032394,TE,rush_yds,0.005,0.0,0.0,0.0,0.0,0.0
2025_14_LA_ARI,LA,ARI,Nick Vannett,00-0032394,TE,tgt,0.534,0.0,0.0,0.0,1.0,2.0
2025_14_LA_ARI,LA,ARI,Nick Vannett,00-0032394,TE,rec,0.393,0.0,0.0,0.0,1.0,1.0
2025_14_LA_ARI,LA,ARI,Nick Vannett,00-0032394,TE,rec_yds,4.086,0.0,0.0,0.0,3.19,15.24
2025_14_LA_ARI,LA,ARI,Nick Vannett,00-0032394,TE,anytime_td,0.04,0.0,0.0,0.0,0.0,0.0
2025_14_MIA_NYJ,NYJ,MIA,John Metchie III,00-0037614,WR,car,0.386,0.0,0.0,0.0,0.0,1.0
2025_14_MIA_NYJ,NYJ,MIA,John Metchie III,00-0037614,WR,rush_yds,2.145,0.0,0.0,0.0,0.0,6.071
2025_14_MIA_NYJ,NYJ,MIA,John Metchie III,00-0037614,WR,tgt,3.891,1.0,2.0,4.0,5.0,7.0
2025_14_MIA_NYJ,NYJ,MIA,John Metchie III,00-0037614,WR,rec,2.57,0.0,1.0,2.0,4.0,5.0
2025_14_MIA_NYJ,NYJ,MIA,John Metchie III,00-0037614,WR,rec_yds,29.846,0.0,9.989,24.446,43.389,65.003
2025_14_MIA_NYJ,NYJ,MIA,John Metchie III,00-0037614,WR,anytime_td,0.199,0.0,0.0,0.0,0.0,1.0
2025_14_MIA_NYJ,NYJ,MIA,Adonai Mitchell,00-0039890,WR,car,0.033,0.0,0.0,0.0,0.0,0.0
2025_14_MIA_NYJ,NYJ,MIA,Adonai Mitchell,00-0039890,WR,rush_yds,0.178,0.0,0.0,0.0,0.0,0.0
2025_14_MIA_NYJ,NYJ,MIA,Adonai Mitchell,00-0039890,WR,tgt,4.776,2.0,3.0,4.0,6.0,8.0
2025_14_MIA_NYJ,NYJ,MIA,Adonai Mitchell,00-0039890,WR,rec,2.729,1.0,1.0,2.0,4.0,5.0
2025_14_MIA_NYJ,NYJ,MIA,Adonai Mitchell,00-0039890,WR,rec_yds,37.075,1.168,13.585,30.9,53.127,79.975
2025_14_MIA_NYJ,NYJ,MIA,Adonai Mitchell,00-0039890,WR,anytime_td,0.15,0.0,0.0,0.0,0.0,1.0
2025_14_MIA_NYJ,NYJ,MIA,Breece Hall,00-0038120,RB,car,19.937,12.0,15.0,19.0,24.0,29.0
2025_14_MIA_NYJ,NYJ,MIA,Breece Hall,00-0038120,RB,rush_yds,81.85,34.253,51.142,74.876,105.495,139.195
2025_14_MIA_NYJ,NYJ,MIA,Breece Hall,00-0038120,RB,tgt,3.195,1.0,2.0,3.0,5.0,6.0
2025_14_MIA_NYJ,NYJ,MIA,Breece Hall,00-0038120,RB,rec,2.56,0.0,1.0,2.0,4.0,5.0
2025_14_MIA_NYJ,NYJ,MIA,Breece Hall,00-0038120,RB,rec_yds,22.297,0.0,5.814,16.891,33.059,52.15
2025_14_MIA_NYJ,NYJ,MIA,Breece Hall,00-0038120,RB,anytime_td,0.373,0.0,0.0,0.0,1.0,1.0
2025_14_MIA_NYJ,NYJ,MIA,Mason Taylor,00-0040736,TE,car,0.003,0.0,0.0,0.0,0.0,0.0
2025_14_MIA_NYJ,NYJ,MIA,Mason Taylor,00-0040736,TE,rush_yds,0.007,0.0,0.0,0.0,0.0,0.0
2025_14_MIA_NYJ,NYJ,MIA,Mason Taylor,00-0040736,TE,tgt,5.294,2.0,3.0,5.0,7.0,9.0
2025_14_MIA_NYJ,NYJ,MIA,Mason Taylor,00-0040736,TE,rec,3.716,1.0,2.0,3.0,5.0,7.0
2025_14_MIA_NYJ,NYJ,MIA,Mason Taylor,00-0040736,TE,rec_yds,35.315,6.848,16.488,31.606,49.631,68.972
2025_14_MIA_NYJ,NYJ,MIA,Mason Taylor,00-0040736,TE,anytime_td,0.145,0.0,0.0,0.0,0.0,1.0
2025_14_MIA_NYJ,NYJ,MIA,Isaiah Williams,00-0039451,WR,car,0.333,0.0,0.0,0.0,0.0,1.0
2025_14_MIA_NYJ,NYJ,MIA,Isaiah Williams,00-0039451,WR,rush_yds,1.747,0.0,0.0,0.0,0.0,2.944
2025_14_MIA_NYJ,NYJ,MIA,Isaiah Williams,00-0039451,WR,tgt,1.598,0.0,0.0,1.0,2.0,4.0
2025_14_MIA_NYJ,NYJ,MIA,Isaiah Williams,00-0039451,WR,rec,0.985,0.0,0.0,1.0,2.0,2.0
2025_14_MIA_NYJ,NYJ,MIA,Isaiah Williams,00-0039451,WR,rec_yds,12.081,0.0,0.0,5.298,18.346,34.945
2025_14_MIA_NYJ,NYJ,MIA,Isaiah Williams,00-0039451,WR,anytime_td,0.027,0.0,0.0,0.0,0.0,0.0
2025_14_MIA_NYJ,NYJ,MIA,Jeremy Ruckert,00-0037805,TE,car,0.0,0.0,0.0,0.0,0.0,0.0
2025_14_MIA_NYJ,NYJ,MIA,Jeremy Ruckert,00-0037805,TE,rush_yds,0.004,0.0,0.0,0.0,0.0,0.0
2025_14_MIA_NYJ,NYJ,MIA,Jeremy Ruckert,00-0037805,TE,tgt,1.819,0.0,1.0,1.0,3.0,4.0
2025_14_MIA_NYJ,NYJ,MIA,Jeremy Ruckert,00-0037805,TE,rec,1.37,0.0,0.0,1.0,2.0,3.0
2025_14_MIA_NYJ,NYJ,MIA,Jeremy Ruckert,00-0037805,TE,rec_yds,13.461,0.0,0.0,8.602,20.187,34.733
2025_14_MIA_NYJ,NYJ,MIA,Jeremy Ruckert,00-0037805,TE,anytime_td,0.052,0.0,0.0,0.0,0.0,0.0
2025_14_MIA_NYJ,NYJ,MIA,Isaiah Davis,00-0039798,RB,car,3.331,0.0,1.0,2.0,5.0,8.0
2025_14_MIA_NYJ,NYJ,MIA,Isaiah Davis,00-0039798,RB,rush_yds,13.97,0.0,0.966,8.104,19.986,36.36
2025_14_MIA_NYJ,NYJ,MIA,Isaiah Davis,00-0039798,RB,tgt,1.786,0.0,1.0,1.0,3.0,4.0
2025_14_MIA_NYJ,NYJ,MIA,Isaiah Davis,00-0039798,RB,rec,1.351,0.0,0.0,1.0,2.0,3.0
2025_14_MIA_NYJ,NYJ,MIA,Isaiah Davis,00-0039798,RB,rec_yds,10.484,0.0,0.0,5.799,16.073,28.699
2025_14_MIA_NYJ,NYJ,MIA,Isaiah Davis,00-0039798,RB,anytime_td,0.07,0.0,0.0,0.0,0.0,0.0
2025_14_MIA_NYJ,NYJ,MIA,Allen Lazard,00-0034521,WR,car,0.014,0.0,0.0,0.0,0.0,0.0
2025_14_MIA_NYJ,NYJ,MIA,Allen Lazard,00-0034521,WR,rush_yds,0.077,0.0,0.0,0.0,0.0,0.0
2025_14_MIA_NYJ,NYJ,MIA,Allen Lazard,00-0034521,WR,tgt,2.158,0.0,1.0,2.0,3.0,5.0
2025_14_MIA_NYJ,NYJ,MIA,Allen Lazard,00-0034521,WR,rec,1.354,0.0,0.0,1.0,2.0,3.0
2025_14_MIA_NYJ,NYJ,MIA,Allen Lazard,00-0034521,WR,rec_yds,16.469,0.0,0.0,9.899,24.961,44.24
2025_14_MIA_NYJ,NYJ,MIA,Allen Lazard,00-0034521,WR,anytime_td,0.103,0.0,0.0,0.0,0.0,1.0
2025_14_MIA_NYJ,NYJ,MIA,Andrew Beck,00-0034959,RB,car,0.312,0.0,0.0,0.0,0.0,1.0
2025_14_MIA_NYJ,NYJ,MIA,Andrew Beck,00-0034959,RB,rush_yds,1.282,0.0,0.0,0.0,0.0,2.873
2025_14_MIA_NYJ,NYJ,MIA,Andrew Beck,00-0034959,RB,tgt,0.509,0.0,0.0,0.0,1.0,2.0
2025_14_MIA_NYJ,NYJ,MIA,Andrew Beck,00-0034959,RB,rec,0.41,0.0,0.0,0.0,1.0,1.0
2025_14_MIA_NYJ,NYJ,MIA,Andrew Beck,00-0034959,RB,rec_yds,2.996,0.0,0.0,0.0,1.986,11.299
2025_14_MIA_NYJ,NYJ,MIA,Andrew Beck,00-0034959,RB,anytime_td,0.037,0.0,0.0,0.0,0.0,0.0
2025_14_MIA_NYJ,NYJ,MIA,Tyrod Taylor,00-0028118,QB,att,26.166,17.0,22.0,27.0,31.0,36.0
2025_14_MIA_NYJ,NYJ,MIA,Tyrod Taylor,00-0028118,QB,cmp,17.053,10.0,14.0,17.0,21.0,24.0
2025_14_MIA_NYJ,NYJ,MIA,Tyrod Taylor,00-0028118,QB,pass_yds,181.223,105.608,141.406,180.27,222.384,260.259
2025_14_MIA_NYJ,NYJ,MIA,Tyrod Taylor,00-0028118,QB,pass_td,1.194,0.0,0.0,1.0,2.0,3.0
2025_14_MIA_NYJ,NYJ,MIA,Tyrod Taylor,00-0028118,QB,ints,0.551,0.0,0.0,0.0,1.0,2.0
2025_14_MIA_NYJ,NYJ,MIA,Tyrod Taylor,00-0028118,QB,car,4.768,2.0,3.0,4.0,6.0,8.0
2025_14_MIA_NYJ,NYJ,MIA,Tyrod Taylor,00-0028118,QB,rush_yds,24.74,2.839,10.41,20.938,35.279,50.156
2025_14_MIA_NYJ,NYJ,MIA,Tyrod Taylor,00-0028118,QB,tgt,0.001,0.0,0.0,0.0,0.0,0.0
2025_14_MIA_NYJ,NYJ,MIA,Tyrod Taylor,00-0028118,QB,rec,0.0,0.0,0.0,0.0,0.0,0.0
2025_14_MIA_NYJ,NYJ,MIA,Tyrod Taylor,00-0028118,QB,rec_yds,0.001,0.0,0.0,0.0,0.0,0.0
2025_14_MIA_NYJ,NYJ,MIA,Tyrod Taylor,00-0028118,QB,anytime_td,0.171,0.0,0.0,0.0,0.0,1.0
2025_14_MIA_NYJ,NYJ,MIA,Stone Smartt,00-0037475,TE,car,0.006,0.0,0.0,0.0,0.0,0.0
2025_14_MIA_NYJ,NYJ,MIA,Stone Smartt,00-0037475,TE,rush_yds,0.015,0.0,0.0,0.0,0.0,0.0
2025_14_MIA_NYJ,NYJ,MIA,Stone Smartt,00-0037475,TE,tgt,0.663,0.0,0.0,0.0,1.0,2.0
2025_14_MIA_NYJ,NYJ,MIA,Stone Smartt,00-0037475,TE,rec,0.475,0.0,0.0,0.0,1.0,2.0
2025_14_MIA_NYJ,NYJ,MIA,Stone Smartt,00-0037475,TE,rec_yds,4.889,0.0,0.0,0.0,6.474,17.563
2025_14_MIA_NYJ,NYJ,MIA,Stone Smartt,00-0037475,TE,anytime_td,0.011,0.0,0.0,0.0,0.0,0.0
2025_14_MIA_NYJ,NYJ,MIA,Arian Smith,00-0040582,WR,car,0.411,0.0,0.0,0.0,0.0,1.0
2025_14_MIA_NYJ,NYJ,MIA,Arian Smith,00-0040582,WR,rush_yds,2.262,0.0,0.0,0.0,0.0,6.574
2025_14_MIA_NYJ,NYJ,MIA,Arian Smith,00-0040582,WR,tgt,0.953,0.0,0.0,1.0,1.0,3.0
2025_14_MIA_NYJ,NYJ,MIA,Arian Smith,00-0040582,WR,rec,0.6,0.0,0.0,0.0,1.0,2.0
2025_14_MIA_NYJ,NYJ,MIA,Arian Smith,00-0040582,WR,rec_yds,7.519,0.0,0.0,0.0,10.676,24.774
2025_14_MIA_NYJ,NYJ,MIA,Arian Smith,00-0040582,WR,anytime_td,0.016,0.0,0.0,0.0,0.0,0.0
2025_14_MIA_NYJ,MIA,NYJ,Tua Tagovailoa,00-0036212,QB,att,28.354,19.0,24.0,29.0,34.0,38.0
2025_14_MIA_NYJ,MIA,NYJ,Tua Tagovailoa,00-0036212,QB,cmp,18.093,11.0,15.0,18.0,22.0,25.0
2025_14_MIA_NYJ,MIA,NYJ,Tua Tagovailoa,00-0036212,QB,pass_yds,193.351,115.576,151.825,193.565,234.695,278.214
2025_14_MIA_NYJ,MIA,NYJ,Tua Tagovailoa,00-0036212,QB,pass_td,1.106,0.0,0.0,1.0,2.0,2.0
2025_14_MIA_NYJ,MIA,NYJ,Tua Tagovailoa,00-0036212,QB,ints,0.627,0.0,0.0,0.0,1.0,2.0
2025_14_MIA_NYJ,MIA,NYJ,Tua Tagovailoa,00-0036212,QB,car,2.002,0.0,1.0,2.0,3.0,4.0
2025_14_MIA_NYJ,MIA,NYJ,Tua Tagovailoa,00-0036212,QB,rush_yds,7.324,-1.0,0.0,3.538,11.082,22.075
2025_14_MIA_NYJ,MIA,NYJ,Tua Tagovailoa,00-0036212,QB,tgt,0.001,0.0,0.0,0.0,0.0,0.0
2025_14_MIA_NYJ,MIA,NYJ,Tua Tagovailoa,00-0036212,QB,rec,0.0,0.0,0.0,0.0,0.0,0.0
2025_14_MIA_NYJ,MIA,NYJ,Tua Tagovailoa,00-0036212,QB,rec_yds,0.001,0.0,0.0,0.0,0.0,0.0
2025_14_MIA_NYJ,MIA,NYJ,Tua Tagovailoa,00-0036212,QB,anytime_td,0.007,0.0,0.0,0.0,0.0,0.0
2025_14_MIA_NYJ,MIA,NYJ,Jaylen Waddle,00-0036613,WR,car,0.021,0.0,0.0,0.0,0.0,0.0
2025_14_MIA_NYJ,MIA,NYJ,Jaylen Waddle,00-0036613,WR,rush_yds,0.128,0.0,0.0,0.0,0.0,0.0
2025_14_MIA_NYJ,MIA,NYJ,Jaylen Waddle,00-0036613,WR,tgt,6.614,3.0,4.0,6.0,9.0,11.0
2025_14_MIA_NYJ,MIA,NYJ,Jaylen Waddle,00-0036613,WR,rec,3.996,1.0,2.0,4.0,5.0,7.0
2025_14_MIA_NYJ,MIA,NYJ,Jaylen Waddle,00-0036613,WR,rec_yds,55.092,11.785,27.27,49.938,77.145,105.179
2025_14_MIA_NYJ,MIA,NYJ,Jaylen Waddle,00-0036613,WR,anytime_td,0.227,0.0,0.0,0.0,0.0,1.0
2025_14_MIA_NYJ,MIA,NYJ,Greg Dulcich,00-0037252,TE,car,0.003,0.0,0.0,0.0,0.0,0.0
2025_14_MIA_NYJ,MIA,NYJ,Greg Dulcich,00-0037252,TE,rush_yds,0.007,0.0,0.0,0.0,0.0,0.0
2025_14_MIA_NYJ,MIA,NYJ,Greg Dulcich,00-0037252,TE,tgt,2.777,0.0,1.0,2.0,4.0,6.0
2025_14_MIA_NYJ,MIA,NYJ,Greg Dulcich,00-0037252,TE,rec,1.851,0.0,1.0,2.0,3.0,4.0
2025_14_MIA_NYJ,MIA,NYJ,Greg Dulcich,00-0037252,TE,rec_yds,19.668,0.0,4.174,14.69,29.603,47.107
2025_14_MIA_NYJ,MIA,NYJ,Greg Dulcich,00-0037252,TE,anytime_td,0.064,0.0,0.0,0.0,0.0,0.0
2025_14_MIA_NYJ,MIA,NYJ,Malik Washington,00-0039880,WR,car,0.84,0.0,0.0,0.0,1.0,3.0
2025_14_MIA_NYJ,MIA,NYJ,Malik Washington,00-0039880,WR,rush_yds,3.936,0.0,0.0,0.0,2.553,14.133
2025_14_MIA_NYJ,MIA,NYJ,Malik Washington,00-0039880,WR,tgt,4.2,1.0,2.0,4.0,6.0,8.0
2025_14_MIA_NYJ,MIA,NYJ,Malik Washington,00-0039880,WR,rec,2.779,1.0,1.0,2.0,4.0,5.0
2025_14_MIA_NYJ,MIA,NYJ,Malik Washington,00-0039880,WR,rec_yds,30.282,0.93,10.652,24.819,43.339,64.695
2025_14_MIA_NYJ,MIA,NYJ,Malik Washington,00-0039880,WR,anytime_td,0.17,0.0,0.0,0.0,0.0,1.0
2025_14_MIA_NYJ,MIA,NYJ,Jaylen Wright,00-0039874,RB,car,3.265,0.0,1.0,2.0,5.0,8.0
2025_14_MIA_NYJ,MIA,NYJ,Jaylen Wright,00-0039874,RB,rush_yds,12.005,0.0,0.0,6.614,17.188,32.828
2025_14_MIA_NYJ,MIA,NYJ,Jaylen Wright,00-0039874,RB,tgt,0.329,0.0,0.0,0.0,0.0,1.0
2025_14_MIA_NYJ,MIA,NYJ,Jaylen Wright,00-0039874,RB,rec,0.25,0.0,0.0,0.0,0.0,1.0
2025_14_MIA_NYJ,MIA,NYJ,Jaylen Wright,00-0039874,RB,rec_yds,1.771,0.0,0.0,0.0,0.0,6.246
2025_14_MIA_NYJ,MIA,NYJ,Jaylen Wright,00-0039874,RB,anytime_td,0.053,0.0,0.0,0.0,0.0,0.0
2025_14_MIA_NYJ,MIA,NYJ,Julian Hill,00-0038720,TE,car,0.002,0.0,0.0,0.0,0.0,0.0
2025_14_MIA_NYJ,MIA,NYJ,Julian Hill,00-0038720,TE,rush_yds,0.002,0.0,0.0,0.0,0.0,0.0
2025_14_MIA_NYJ,MIA,NYJ,Julian Hill,00-0038720,TE,tgt,1.695,0.0,0.0,1.0,3.0,4.0
2025_14_MIA_NYJ,MIA,NYJ,Julian Hill,00-0038720,TE,rec,1.159,0.0,0.0,1.0,2.0,3.0
2025_14_MIA_NYJ,MIA,NYJ,Julian Hill,00-0038720,TE,rec_yds,11.407,0.0,0.0,6.22,17.729,31.896
2025_14_MIA_NYJ,MIA,NYJ,Julian Hill,00-0038720,TE,anytime_td,0.017,0.0,0.0,0.0,0.0,0.0
2025_14_MIA_NYJ,MIA,NYJ,Darren Waller,00-0031610,TE,car,0.004,0.0,0.0,0.0,0.0,0.0
2025_14_MIA_NYJ,MIA,NYJ,Darren Waller,00-0031610,TE,rush_yds,0.009,0.0,0.0,0.0,0.0,0.0
2025_14_MIA_NYJ,MIA,NYJ,Darren Waller,00-0031610,TE,tgt,3.253,1.0,2.0,3.0,5.0,6.0
2025_14_MIA_NYJ,MIA,NYJ,Darren Waller,00-0031610,TE,rec,2.267,0.0,1.0,2.0,3.0,5.0
2025_14_MIA_NYJ,MIA,NYJ,Darren Waller,00-0031610,TE,rec_yds,25.47,0.0,7.781,20.28,38.084,57.547
2025_14_MIA_NYJ,MIA,NYJ,Darren Waller,00-0031610,TE,anytime_td,0.27,0.0,0.0,0.0,1.0,1.0
2025_14_MIA_NYJ,MIA,NYJ,Nick Westbrook-Ikhine,00-0036182,WR,car,0.012,0.0,0.0,0.0,0.0,0.0
2025_14_MIA_NYJ,MIA,NYJ,Nick Westbrook-Ikhine,00-0036182,WR,rush_yds,0.073,0.0,0.0,0.0,0.0,0.0
2025_14_MIA_NYJ,MIA,NYJ,Nick Westbrook-Ikhine,00-0036182,WR,tgt,1.729,0.0,0.0,1.0,3.0,4.0
2025_14_MIA_NYJ,MIA,NYJ,Nick Westbrook-Ikhine,00-0036182,WR,rec,1.016,0.0,0.0,1.0,2.0,3.0
2025_14_MIA_NYJ,MIA,NYJ,Nick Westbrook-Ikhine,00-0036182,WR,rec_yds,12.27,0.0,0.0,5.416,18.699,35.822
2025_14_MIA_NYJ,MIA,NYJ,Nick Westbrook-Ikhine,00-0036182,WR,anytime_td,0.04,0.0,0.0,0.0,0.0,0.0
2025_14_MIA_NYJ,MIA,NYJ,De'Von Achane,00-0039040,RB,car,16.44,9.0,12.0,16.0,20.0,25.0
2025_14_MIA_NYJ,MIA,NYJ,De'Von Achane,00-0039040,RB,rush_yds,74.295,26.748,43.617,66.89,96.208,131.012
2025_14_MIA_NYJ,MIA,NYJ,De'Von Achane,00-0039040,RB,tgt,5.305,2.0,3.0,5.0,7.0,9.0
2025_14_MIA_NYJ,MIA,NYJ,De'Von Achane,00-0039040,RB,rec,3.935,1.0,2.0,4.0,5.0,7.0
2025_14_MIA_NYJ,MIA,NYJ,De'Von Achane,00-0039040,RB,rec_yds,28.757,3.856,11.719,24.269,40.625,58.896
2025_14_MIA_NYJ,MIA,NYJ,De'Von Achane,00-0039040,RB,anytime_td,0.519,0.0,0.0,1.0,1.0,1.0
2025_14_MIA_NYJ,MIA,NYJ,Ollie Gordon II,00-0040198,RB,car,4.41,0.0,2.0,4.0,6.0,9.0
2025_14_MIA_NYJ,MIA,NYJ,Ollie Gordon II,00-0040198,RB,rush_yds,15.806,0.0,3.48,10.62,22.334,38.186
2025_14_MIA_NYJ,MIA,NYJ,Ollie Gordon II,00-0040198,RB,tgt,0.59,0.0,0.0,0.0,1.0,2.0
2025_14_MIA_NYJ,MIA,NYJ,Ollie Gordon II,00-0040198,RB,rec,0.449,0.0,0.0,0.0,1.0,1.0
2025_14_MIA_NYJ,MIA,NYJ,Ollie Gordon II,00-0040198,RB,rec_yds,3.296,0.0,0.0,0.0,3.213,11.867
2025_14_MIA_NYJ,MIA,NYJ,Ollie Gordon II,00-0040198,RB,anytime_td,0.209,0.0,0.0,0.0,0.0,1.0
2025_14_MIA_NYJ,MIA,NYJ,Cedrick Wilson Jr.,00-0034418,WR,car,0.009,0.0,0.0,0.0,0.0,0.0
2025_14_MIA_NYJ,MIA,NYJ,Cedrick Wilson Jr.,00-0034418,WR,rush_yds,0.051,0.0,0.0,0.0,0.0,0.0
2025_14_MIA_NYJ,MIA,NYJ,Cedrick Wilson Jr.,00-0034418,WR,tgt,1.23,0.0,0.0,1.0,2.0,3.0
2025_14_MIA_NYJ,MIA,NYJ,Cedrick Wilson Jr.,00-0034418,WR,rec,0.754,0.0,0.0,0.0,1.0,2.0
2025_14_MIA_NYJ,MIA,NYJ,Cedrick Wilson Jr.,00-0034418,WR,rec_yds,9.494,0.0,0.0,0.0,13.609,30.055
2025_14_MIA_NYJ,MIA,NYJ,Cedrick Wilson Jr.,00-0034418,WR,anytime_td,0.022,0.0,0.0,0.0,0.0,0.0
2025_14_MIA_NYJ,MIA,NYJ,Dee Eskridge,00-0036620,WR,car,0.012,0.0,0.0,0.0,0.0,0.0
2025_14_MIA_NYJ,MIA,NYJ,Dee Eskridge,00-0036620,WR,rush_yds,0.044,0.0,0.0,0.0,0.0,0.0
2025_14_MIA_NYJ,MIA,NYJ,Dee Eskridge,00-0036620,WR,tgt,0.688,0.0,0.0,0.0,1.0,2.0
2025_14_MIA_NYJ,MIA,NYJ,Dee Eskridge,00-0036620,WR,rec,0.415,0.0,0.0,0.0,1.0,1.0
2025_14_MIA_NYJ,MIA,NYJ,Dee Eskridge,00-0036620,WR,rec_yds,5.5,0.0,0.0,0.0,5.444,19.457
2025_14_MIA_NYJ,MIA,NYJ,Dee Eskridge,00-0036620,WR,anytime_td,0.008,0.0,0.0,0.0,0.0,0.0
2025_14_NO_TB,TB,NO,Baker Mayfield,00-0034855,QB,att,28.077,18.0,23.0,28.0,33.0,38.0
2025_14_NO_TB,TB,NO,Baker Mayfield,00-0034855,QB,cmp,18.148,11.0,15.0,18.0,22.0,25.0
2025_14_NO_TB,TB,NO,Baker Mayfield,00-0034855,QB,pass_yds,200.701,118.622,158.291,200.417,245.052,287.752
2025_14_NO_TB,TB,NO,Baker Mayfield,00-0034855,QB,pass_td,1.34,0.0,1.0,1.0,2.0,3.0
2025_14_NO_TB,TB,NO,Baker Mayfield,00-0034855,QB,ints,0.577,0.0,0.0,0.0,1.0,2.0
2025_14_NO_TB,TB,NO,Baker Mayfield,00-0034855,QB,car,3.248,1.0,2.0,3.0,4.0,6.0
2025_14_NO_TB,TB,NO,Baker Mayfield,00-0034855,QB,rush_yds,15.554,-1.0,3.098,11.423,23.413,37.244
2025_14_NO_TB,TB,NO,Baker Mayfield,00-0034855,QB,tgt,0.0,0.0,0.0,0.0,0.0,0.0
2025_14_NO_TB,TB,NO,Baker Mayfield,00-0034855,QB,rec,0.0,0.0,0.0,0.0,0.0,0.0
2025_14_NO_TB,TB,NO,Baker Mayfield,00-0034855,QB,rec_yds,0.0,0.0,0.0,0.0,0.0,0.0
2025_14_NO_TB,TB,NO,Baker Mayfield,00-0034855,QB,anytime_td,0.087,0.0,0.0,0.0,0.0,0.0
2025_14_NO_TB,TB,NO,Emeka Egbuka,00-0040129,WR,car,0.071,0.0,0.0,0.0,0.0,0.0
2025_14_NO_TB,TB,NO,Emeka Egbuka,00-0040129,WR,rush_yds,0.386,0.0,0.0,0.0,0.0,0.0
2025_14_NO_TB,TB,NO,Emeka Egbuka,00-0040129,WR,tgt,6.635,3.0,4.0,6.0,9.0,11.0
2025_14_NO_TB,TB,NO,Emeka Egbuka,00-0040129,WR,rec,3.66,1.0,2.0,3.0,5.0,6.1
2025_14_NO_TB,TB,NO,Emeka Egbuka,00-0040129,WR,rec_yds,50.088,9.16,23.218,44.134,70.932,98.583
2025_14_NO_TB,TB,NO,Emeka Egbuka,00-0040129,WR,anytime_td,0.269,0.0,0.0,0.0,1.0,1.0
2025_14_NO_TB,TB,NO,Cade Otton,00-0038129,TE,car,0.003,0.0,0.0,0.0,0.0,0.0
2025_14_NO_TB,TB,NO,Cade Otton,00-0038129,TE,rush_yds,0.01,0.0,0.0,0.0,0.0,0.0
2025_14_NO_TB,TB,NO,Cade Otton,00-0038129,TE,tgt,4.356,1.0,2.0,4.0,6.0,8.0
2025_14_NO_TB,TB,NO,Cade Otton,00-0038129,TE,rec,3.114,1.0,2.0,3.0,4.0,6.0
2025_14_NO_TB,TB,NO,Cade Otton,00-0038129,TE,rec_yds,31.358,2.936,12.379,26.338,45.231,66.157
2025_14_NO_TB,TB,NO,Cade Otton,00-0038129,TE,anytime_td,0.089,0.0,0.0,0.0,0.0,0.0
2025_14_NO_TB,TB,NO,Chris Godwin Jr.,00-0033921,WR,car,0.054,0.0,0.0,0.0,0.0,0.0
2025_14_NO_TB,TB,NO,Chris Godwin Jr.,00-0033921,WR,rush_yds,0.313,0.0,0.0,0.0,0.0,0.0
2025_14_NO_TB,TB,NO,Chris Godwin Jr.,00-0033921,WR,tgt,4.768,2.0,3.0,4.0,6.0,8.0
2025_14_NO_TB,TB,NO,Chris Godwin Jr.,00-0033921,WR,rec,2.977,1.0,2.0,3.0,4.0,6.0
2025_14_NO_TB,TB,NO,Chris Godwin Jr.,00-0033921,WR,rec_yds,38.494,3.566,14.899,32.622,55.029,80.089
2025_14_NO_TB,TB,NO,Chris Godwin Jr.,00-0033921,WR,anytime_td,0.176,0.0,0.0,0.0,0.0,1.0
2025_14_NO_TB,TB,NO,Sterling Shepard,00-0032385,WR,car,0.287,0.0,0.0,0.0,0.0,1.0
2025_14_NO_TB,TB,NO,Sterling Shepard,00-0032385,WR,rush_yds,1.547,0.0,0.0,0.0,0.0,1.997
2025_14_NO_TB,TB,NO,Sterling Shepard,00-0032385,WR,tgt,3.092,1.0,1.0,3.0,4.0,6.0
2025_14_NO_TB,TB,NO,Sterling Shepard,00-0032385,WR,rec,2.091,0.0,1.0,2.0,3.0,4.0
2025_14_NO_TB,TB,NO,Sterling Shepard,00-0032385,WR,rec_yds,23.937,0.0,5.495,17.886,35.823,56.357
2025_14_NO_TB,TB,NO,Sterling Shepard,00-0032385,WR,anytime_td,0.095,0.0,0.0,0.0,0.0,0.0
2025_14_NO_TB,TB,NO,Bucky Irving,00-0039361,RB,car,12.489,5.0,8.0,12.0,16.0,21.0
2025_14_NO_TB,TB,NO,Bucky Irving,00-0039361,RB,rush_yds,50.99,14.447,26.952,44.166,68.439,94.752
2025_14_NO_TB,TB,NO,Bucky Irving,00-0039361,RB,tgt,2.722,0.0,1.0,2.0,4.0,5.0
2025_14_NO_TB,TB,NO,Bucky Irving,00-0039361,RB,rec,2.34,0.0,1.0,2.0,3.0,5.0
2025_14_NO_TB,TB,NO,Bucky Irving,00-0039361,RB,rec_yds,20.645,0.0,4.656,15.061,30.593,49.278
2025_14_NO_TB,TB,NO,Bucky Irving,00-0039361,RB,anytime_td,0.409,0.0,0.0,0.0,1.0,1.0
2025_14_NO_TB,TB,NO,Rachaad White,00-0037256,RB,car,6.696,1.0,3.0,6.0,9.0,13.0
2025_14_NO_TB,TB,NO,Rachaad White,00-0037256,RB,rush_yds,28.264,2.625,9.411,21.827,40.033,62.946
2025_14_NO_TB,TB,NO,Rachaad White,00-0037256,RB,tgt,2.271,0.0,1.0,2.0,3.0,5.0
2025_14_NO_TB,TB,NO,Rachaad White,00-0037256,RB,rec,1.882,0.0,1.0,2.0,3.0,4.0
2025_14_NO_TB,TB,NO,Rachaad White,00-0037256,RB,rec_yds,12.621,0.0,0.0,8.023,18.888,32.766
2025_14_NO_TB,TB,NO,Rachaad White,00-0037256,RB,anytime_td,0.201,0.0,0.0,0.0,0.0,1.0
2025_14_NO_TB,TB,NO,Tez Johnson,00-0040237,WR,car,0.565,0.0,0.0,0.0,0.0,2.0
2025_14_NO_TB,TB,NO,Tez Johnson,00-0040237,WR,rush_yds,3.186,0.0,0.0,0.0,0.0,10.724
2025_14_NO_TB,TB,NO,Tez Johnson,00-0040237,WR,tgt,2.954,1.0,1.0,3.0,4.0,6.0
2025_14_NO_TB,TB,NO,Tez Johnson,00-0040237,WR,rec,1.9,0.0,1.0,2.0,3.0,4.0
2025_14_NO_TB,TB,NO,Tez Johnson,00-0040237,WR,rec_yds,23.468,0.0,5.052,16.939,34.98,56.472
2025_14_NO_TB,TB,NO,Tez Johnson,00-0040237,WR,anytime_td,0.28,0.0,0.0,0.0,1.0,1.0
2025_14_NO_TB,TB,NO,Sean Tucker,00-0038951,RB,car,5.699,1.0,2.0,5.0,8.0,12.0
2025_14_NO_TB,TB,NO,Sean Tucker,00-0038951,RB,rush_yds,25.1,1.044,7.061,18.189,35.01,58.128
2025_14_NO_TB,TB,NO,Sean Tucker,00-0038951,RB,tgt,0.821,0.0,0.0,0.0,1.0,2.0
2025_14_NO_TB,TB,NO,Sean Tucker,00-0038951,RB,rec,0.643,0.0,0.0,0.0,1.0,2.0
2025_14_NO_TB,TB,NO,Sean Tucker,00-0038951,RB,rec_yds,4.779,0.0,0.0,0.0,6.701,16.231
2025_14_NO_TB,TB,NO,Sean Tucker,00-0038951,RB,anytime_td,0.258,0.0,0.0,0.0,1.0,1.0
2025_14_NO_TB,NO,TB,Tyler Shough,00-0040743,QB,att,31.928,22.0,27.0,33.0,38.0,42.0
2025_14_NO_TB,NO,TB,Tyler Shough,00-0040743,QB,cmp,20.159,13.0,17.0,20.0,24.0,28.0
2025_14_NO_TB,NO,TB,Tyler Shough,00-0040743,QB,pass_yds,196.12,120.965,157.608,195.792,238.12,279.548
2025_14_NO_TB,NO,TB,Tyler Shough,00-0040743,QB,pass_td,0.898,0.0,0.0,1.0,1.0,2.0
2025_14_NO_TB,NO,TB,Tyler Shough,00-0040743,QB,ints,0.769,0.0,0.0,1.0,1.0,2.0
2025_14_NO_TB,NO,TB,Tyler Shough,00-0040743,QB,car,4.722,1.0,2.0,4.0,7.0,9.0
2025_14_NO_TB,NO,TB,Tyler Shough,00-0040743,QB,rush_yds,19.211,0.0,6.298,15.673,28.075,42.115
2025_14_NO_TB,NO,TB,Tyler Shough,00-0040743,QB,tgt,0.0,0.0,0.0,0.0,0.0,0.0
2025_14_NO_TB,NO,TB,Tyler Shough,00-0040743,QB,rec,0.0,0.0,0.0,0.0,0.0,0.0
2025_14_NO_TB,NO,TB,Tyler Shough,00-0040743,QB,rec_yds,0.0,0.0,0.0,0.0,0.0,0.0
2025_14_NO_TB,NO,TB,Tyler Shough,00-0040743,QB,anytime_td,0.086,0.0,0.0,0.0,0.0,0.0
2025_14_NO_TB,NO,TB,Devaughn Vele,00-0039424,WR,car,0.01,0.0,0.0,0.0,0.0,0.0
2025_14_NO_TB,NO,TB,Devaughn Vele,00-0039424,WR,rush_yds,0.058,0.0,0.0,0.0,0.0,0.0
2025_14_NO_TB,NO,TB,Devaughn Vele,00-0039424,WR,tgt,3.965,1.0,2.0,4.0,5.0,7.0
2025_14_NO_TB,NO,TB,Devaughn Vele,00-0039424,WR,rec,2.462,0.0,1.0,2.0,3.0,5.0
2025_14_NO_TB,NO,TB,Devaughn Vele,00-0039424,WR,rec_yds,26.611,0.0,8.043,20.781,39.28,59.516
2025_14_NO_TB,NO,TB,Devaughn Vele,00-0039424,WR,anytime_td,0.135,0.0,0.0,0.0,0.0,1.0
2025_14_NO_TB,NO,TB,Chris Olave,00-0037239,WR,car,0.159,0.0,0.0,0.0,0.0,0.0
2025_14_NO_TB,NO,TB,Chris Olave,00-0037239,WR,rush_yds,0.875,0.0,0.0,0.0,0.0,0.0
2025_14_NO_TB,NO,TB,Chris Olave,00-0037239,WR,tgt,10.107,5.0,7.0,10.0,12.0,15.0
2025_14_NO_TB,NO,TB,Chris Olave,00-0037239,WR,rec,6.379,3.0,4.0,6.0,8.0,10.0
2025_14_NO_TB,NO,TB,Chris Olave,00-0037239,WR,rec_yds,67.815,24.275,41.157,62.654,89.179,118.436
2025_14_NO_TB,NO,TB,Chris Olave,00-0037239,WR,anytime_td,0.272,0.0,0.0,0.0,1.0,1.0
2025_14_NO_TB,NO,TB,Devin Neal,00-0040202,RB,car,8.295,3.0,5.0,8.0,11.0,15.0
2025_14_NO_TB,NO,TB,Devin Neal,00-0040202,RB,rush_yds,29.792,5.512,12.851,25.293,40.594,59.92
2025_14_NO_TB,NO,TB,Devin Neal,00-0040202,RB,tgt,2.949,0.0,1.0,3.0,4.0,6.0
2025_14_NO_TB,NO,TB,Devin Neal,00-0040202,RB,rec,2.307,0.0,1.0,2.0,3.0,5.0
2025_14_NO_TB,NO,TB,Devin Neal,00-0040202,RB,rec_yds,14.281,0.0,2.852,10.214,20.885,34.815
2025_14_NO_TB,NO,TB,Devin Neal,00-0040202,RB,anytime_td,0.098,0.0,0.0,0.0,0.0,0.0
2025_14_NO_TB,NO,TB,Juwan Johnson,00-0036040,TE,car,0.004,0.0,0.0,0.0,0.0,0.0
2025_14_NO_TB,NO,TB,Juwan Johnson,00-0036040,TE,rush_yds,0.005,0.0,0.0,0.0,0.0,0.0
2025_14_NO_TB,NO,TB,Juwan Johnson,00-0036040,TE,tgt,6.907,3.0,4.0,7.0,9.0,11.0
2025_14_NO_TB,NO,TB,Juwan Johnson,00-0036040,TE,rec,4.803,2.0,3.0,4.0,6.0,8.0
2025_14_NO_TB,NO,TB,Juwan Johnson,00-0036040,TE,rec_yds,45.555,11.928,23.655,40.995,62.468,85.003
2025_14_NO_TB,NO,TB,Juwan Johnson,00-0036040,TE,anytime_td,0.182,0.0,0.0,0.0,0.0,1.0
2025_14_NO_TB,NO,TB,Foster Moreau,00-0034981,TE,car,0.001,0.0,0.0,0.0,0.0,0.0
2025_14_NO_TB,NO,TB,Foster Moreau,00-0034981,TE,rush_yds,0.001,0.0,0.0,0.0,0.0,0.0
2025_14_NO_TB,NO,TB,Foster Moreau,00-0034981,TE,tgt,1.707,0.0,0.0,1.0,3.0,4.0
2025_14_NO_TB,NO,TB,Foster Moreau,00-0034981,TE,rec,1.186,0.0,0.0,1.0,2.0,3.0
2025_14_NO_TB,NO,TB,Foster Moreau,00-0034981,TE,rec_yds,10.765,0.0,0.0,6.063,16.611,29.484
2025_14_NO_TB,NO,TB,Foster Moreau,00-0034981,TE,anytime_td,0.044,0.0,0.0,0.0,0.0,0.0
2025_14_NO_TB,NO,TB,Mason Tipton,00-0039623,WR,car,0.416,0.0,0.0,0.0,0.0,1.0
2025_14_NO_TB,NO,TB,Mason Tipton,00-0039623,WR,rush_yds,2.098,0.0,0.0,0.0,0.0,6.748
2025_14_NO_TB,NO,TB,Mason Tipton,00-0039623,WR,tgt,1.887,0.0,1.0,1.0,3.0,4.0
2025_14_NO_TB,NO,TB,Mason Tipton,00-0039623,WR,rec,1.179,0.0,0.0,1.0,2.0,3.0
2025_14_NO_TB,NO,TB,Mason Tipton,00-0039623,WR,rec_yds,12.218,0.0,0.0,6.265,17.785,35.465
2025_14_NO_TB,NO,TB,Mason Tipton,00-0039623,WR,anytime_td,0.021,0.0,0.0,0.0,0.0,0.0
2025_14_NO_TB,NO,TB,Jack Stoll,00-0036741,TE,car,0.002,0.0,0.0,0.0,0.0,0.0
2025_14_NO_TB,NO,TB,Jack Stoll,00-0036741,TE,rush_yds,0.005,0.0,0.0,0.0,0.0,0.0
2025_14_NO_TB,NO,TB,Jack Stoll,00-0036741,TE,tgt,0.688,0.0,0.0,0.0,1.0,2.0
2025_14_NO_TB,NO,TB,Jack Stoll,00-0036741,TE,rec,0.471,0.0,0.0,0.0,1.0,2.0
2025_14_NO_TB,NO,TB,Jack Stoll,00-0036741,TE,rec_yds,4.107,0.0,0.0,0.0,4.84,14.349
2025_14_NO_TB,NO,TB,Jack Stoll,00-0036741,TE,anytime_td,0.027,0.0,0.0,0.0,0.0,0.0
2025_14_NO_TB,NO,TB,Audric Estimé,00-0039373,RB,car,5.179,1.0,2.0,4.0,7.0,11.0
2025_14_NO_TB,NO,TB,Audric Estimé,00-0039373,RB,rush_yds,19.021,0.781,5.249,13.46,27.001,43.749
2025_14_NO_TB,NO,TB,Audric Estimé,00-0039373,RB,tgt,0.45,0.0,0.0,0.0,1.0,1.0
2025_14_NO_TB,NO,TB,Audric Estimé,00-0039373,RB,rec,0.338,0.0,0.0,0.0,0.0,1.0
2025_14_NO_TB,NO,TB,Audric Estimé,00-0039373,RB,rec_yds,2.275,0.0,0.0,0.0,0.0,8.192
2025_14_NO_TB,NO,TB,Audric Estimé,00-0039373,RB,anytime_td,0.083,0.0,0.0,0.0,0.0,0.0
2025_14_NO_TB,NO,TB,Evan Hull,00-0038397,RB,car,4.791,1.0,2.0,4.0,7.0,10.0
2025_14_NO_TB,NO,TB,Evan Hull,00-0038397,RB,rush_yds,17.182,0.0,4.291,12.09,24.41,40.578
2025_14_NO_TB,NO,TB,Evan Hull,00-0038397,RB,tgt,0.299,0.0,0.0,0.0,0.0,1.0
2025_14_NO_TB,NO,TB,Evan Hull,00-0038397,RB,rec,0.226,0.0,0.0,0.0,0.0,1.0
2025_14_NO_TB,NO,TB,Evan Hull,00-0038397,RB,rec_yds,1.483,0.0,0.0,0.0,0.0,5.263
2025_14_NO_TB,NO,TB,Evan Hull,00-0038397,RB,anytime_td,0.05,0.0,0.0,0.0,0.0,0.0
2025_14_NO_TB,NO,TB,Kevin Austin Jr.,00-0037231,WR,car,0.061,0.0,0.0,0.0,0.0,0.0
2025_14_NO_TB,NO,TB,Kevin Austin Jr.,00-0037231,WR,rush_yds,0.277,0.0,0.0,0.0,0.0,0.0
2025_14_NO_TB,NO,TB,Kevin Austin Jr.,00-0037231,WR,tgt,1.232,0.0,0.0,1.0,2.0,3.0
2025_14_NO_TB,NO,TB,Kevin Austin Jr.,00-0037231,WR,rec,0.723,0.0,0.0,0.0,1.0,2.0
2025_14_NO_TB,NO,TB,Kevin Austin Jr.,00-0037231,WR,rec_yds,8.169,0.0,0.0,0.0,11.899,25.534
2025_14_NO_TB,NO,TB,Kevin Austin Jr.,00-0037231,WR,anytime_td,0.016,0.0,0.0,0.0,0.0,0.0
2025_14_NO_TB,NO,TB,Dante Pettis,00-0034860,WR,car,0.027,0.0,0.0,0.0,0.0,0.0
2025_14_NO_TB,NO,TB,Dante Pettis,00-0034860,WR,rush_yds,0.122,0.0,0.0,0.0,0.0,0.0
2025_14_NO_TB,NO,TB,Dante Pettis,00-0034860,WR,tgt,2.375,0.0,1.0,2.0,3.0,5.0
2025_14_NO_TB,NO,TB,Dante Pettis,00-0034860,WR,rec,1.41,0.0,0.0,1.0,2.0,3.0
2025_14_NO_TB,NO,TB,Dante Pettis,00-0034860,WR,rec_yds,15.785,0.0,0.0,9.325,23.965,42.559
2025_14_NO_TB,NO,TB,Dante Pettis,00-0034860,WR,anytime_td,0.069,0.0,0.0,0.0,0.0,0.0
2025_14_PIT_BAL,BAL,PIT,Lamar Jackson,00-0034796,QB,att,26.852,17.0,22.0,27.0,32.0,37.0
2025_14_PIT_BAL,BAL,PIT,Lamar Jackson,00-0034796,QB,cmp,17.66,11.0,14.0,18.0,22.0,25.0
2025_14_PIT_BAL,BAL,PIT,Lamar Jackson,00-0034796,QB,pass_yds,207.325,120.403,162.878,208.674,254.984,299.177
2025_14_PIT_BAL,BAL,PIT,Lamar Jackson,00-0034796,QB,pass_td,1.409,0.0,1.0,1.0,2.0,3.0
2025_14_PIT_BAL,BAL,PIT,Lamar Jackson,00-0034796,QB,ints,0.552,0.0,0.0,0.0,1.0,2.0
2025_14_PIT_BAL,BAL,PIT,Lamar Jackson,00-0034796,QB,car,6.001,2.0,3.0,5.0,8.0,11.0
2025_14_PIT_BAL,BAL,PIT,Lamar Jackson,00-0034796,QB,rush_yds,27.263,2.807,10.576,22.858,38.45,57.821
2025_14_PIT_BAL,BAL,PIT,Lamar Jackson,00-0034796,QB,tgt,0.001,0.0,0.0,0.0,0.0,0.0
2025_14_PIT_BAL,BAL,PIT,Lamar Jackson,00-0034796,QB,rec,0.001,0.0,0.0,0.0,0.0,0.0
2025_14_PIT_BAL,BAL,PIT,Lamar Jackson,00-0034796,QB,rec_yds,0.003,0.0,0.0,0.0,0.0,0.0
2025_14_PIT_BAL,BAL,PIT,Lamar Jackson,00-0034796,QB,anytime_td,0.135,0.0,0.0,0.0,0.0,1.0
2025_14_PIT_BAL,BAL,PIT,Zay Flowers,00-0039064,WR,car,0.698,0.0,0.0,0.0,1.0,2.0
2025_14_PIT_BAL,BAL,PIT,Zay Flowers,00-0039064,WR,rush_yds,4.16,0.0,0.0,0.0,0.0,13.512
2025_14_PIT_BAL,BAL,PIT,Zay Flowers,00-0039064,WR,tgt,7.159,3.0,5.0,7.0,9.0,12.0
2025_14_PIT_BAL,BAL,PIT,Zay Flowers,00-0039064,WR,rec,4.751,2.0,3.0,4.0,6.0,8.0
2025_14_PIT_BAL,BAL,PIT,Zay Flowers,00-0039064,WR,rec_yds,63.242,16.132,32.996,56.902,85.69,117.986
2025_14_PIT_BAL,BAL,PIT,Zay Flowers,00-0039064,WR,anytime_td,0.164,0.0,0.0,0.0,0.0,1.0
2025_14_PIT_BAL,BAL,PIT,Rashod Bateman,00-0036550,WR,car,0.013,0.0,0.0,0.0,0.0,0.0
2025_14_PIT_BAL,BAL,PIT,Rashod Bateman,00-0036550,WR,rush_yds,0.094,0.0,0.0,0.0,0.0,0.0
2025_14_PIT_BAL,BAL,PIT,Rashod Bateman,00-0036550,WR,tgt,3.259,1.0,2.0,3.0,5.0,6.0
2025_14_PIT_BAL,BAL,PIT,Rashod Bateman,00-0036550,WR,rec,1.954,0.0,1.0,2.0,3.0,4.0
2025_14_PIT_BAL,BAL,PIT,Rashod Bateman,00-0036550,WR,rec_yds,26.072,0.0,5.787,19.319,38.584,61.616
2025_14_PIT_BAL,BAL,PIT,Rashod Bateman,00-0036550,WR,anytime_td,0.206,0.0,0.0,0.0,0.0,1.0
2025_14_PIT_BAL,BAL,PIT,Mark Andrews,00-0034753,TE,car,0.804,0.0,0.0,0.0,1.0,3.0
2025_14_PIT_BAL,BAL,PIT,Mark Andrews,00-0034753,TE,rush_yds,2.138,0.0,0.0,0.0,1.054,7.585
2025_14_PIT_BAL,BAL,PIT,Mark Andrews,00-0034753,TE,tgt,4.796,2.0,3.0,4.0,6.0,8.0
2025_14_PIT_BAL,BAL,PIT,Mark Andrews,00-0034753,TE,rec,3.433,1.0,2.0,3.0,5.0,6.0
2025_14_PIT_BAL,BAL,PIT,Mark Andrews,00-0034753,TE,rec_yds,36.051,6.195,15.581,31.194,50.889,71.718
2025_14_PIT_BAL,BAL,PIT,Mark Andrews,00-0034753,TE,anytime_td,0.401,0.0,0.0,0.0,1.0,1.0
2025_14_PIT_BAL,BAL,PIT,Isaiah Likely,00-0037838,TE,car,0.001,0.0,0.0,0.0,0.0,0.0
2025_14_PIT_BAL,BAL,PIT,Isaiah Likely,00-0037838,TE,rush_yds,0.003,0.0,0.0,0.0,0.0,0.0
2025_14_PIT_BAL,BAL,PIT,Isaiah Likely,00-0037838,TE,tgt,3.564,1.0,2.0,3.0,5.0,7.0
2025_14_PIT_BAL,BAL,PIT,Isaiah Likely,00-0037838,TE,rec,2.56,0.0,1.0,2.0,4.0,5.0
2025_14_PIT_BAL,BAL,PIT,Isaiah Likely,00-0037838,TE,rec_yds,30.651,0.0,10.627,25.275,45.541,66.506
2025_14_PIT_BAL,BAL,PIT,Isaiah Likely,00-0037838,TE,anytime_td,0.131,0.0,0.0,0.0,0.0,1.0
2025_14_PIT_BAL,BAL,PIT,Derrick Henry,00-0032764,RB,car,17.334,9.0,13.0,17.0,22.0,26.0
2025_14_PIT_BAL,BAL,PIT,Derrick Henry,00-0032764,RB,rush_yds,82.449,30.676,48.851,74.946,107.516,143.59
2025_14_PIT_BAL,BAL,PIT,Derrick Henry,00-0032764,RB,tgt,1.699,0.0,0.0,1.0,2.0,4.0
2025_14_PIT_BAL,BAL,PIT,Derrick Henry,00-0032764,RB,rec,1.355,0.0,0.0,1.0,2.0,3.0
2025_14_PIT_BAL,BAL,PIT,Derrick Henry,00-0032764,RB,rec_yds,11.707,0.0,0.0,6.275,17.36,32.576
2025_14_PIT_BAL,BAL,PIT,Derrick Henry,00-0032764,RB,anytime_td,0.539,0.0,0.0,1.0,1.0,1.0
2025_14_PIT_BAL,BAL,PIT,Rasheen Ali,00-0039796,RB,car,1.576,0.0,0.0,1.0,2.0,4.0
2025_14_PIT_BAL,BAL,PIT,Rasheen Ali,00-0039796,RB,rush_yds,6.944,0.0,0.0,0.0,8.661,22.834
2025_14_PIT_BAL,BAL,PIT,Rasheen Ali,00-0039796,RB,tgt,0.336,0.0,0.0,0.0,0.0,1.0
2025_14_PIT_BAL,BAL,PIT,Rasheen Ali,00-0039796,RB,rec,0.266,0.0,0.0,0.0,0.0,1.0
2025_14_PIT_BAL,BAL,PIT,Rasheen Ali,00-0039796,RB,rec_yds,2.226,0.0,0.0,0.0,0.0,7.836
2025_14_PIT_BAL,BAL,PIT,Rasheen Ali,00-0039796,RB,anytime_td,0.03,0.0,0.0,0.0,0.0,0.0
2025_14_PIT_BAL,BAL,PIT,Charlie Kolar,00-0038046,TE,car,0.002,0.0,0.0,0.0,0.0,0.0
2025_14_PIT_BAL,BAL,PIT,Charlie Kolar,00-0038046,TE,rush_yds,0.006,0.0,0.0,0.0,0.0,0.0
2025_14_PIT_BAL,BAL,PIT,Charlie Kolar,00-0038046,TE,tgt,1.101,0.0,0.0,1.0,2.0,3.0
2025_14_PIT_BAL,BAL,PIT,Charlie Kolar,00-0038046,TE,rec,0.791,0.0,0.0,0.0,1.0,2.0
2025_14_PIT_BAL,BAL,PIT,Charlie Kolar,00-0038046,TE,rec_yds,8.856,0.0,0.0,0.0,13.949,28.333
2025_14_PIT_BAL,BAL,PIT,Charlie Kolar,00-0038046,TE,anytime_td,0.121,0.0,0.0,0.0,0.0,1.0
2025_14_PIT_BAL,BAL,PIT,DeAndre Hopkins,00-0030564,WR,car,0.005,0.0,0.0,0.0,0.0,0.0
2025_14_PIT_BAL,BAL,PIT,DeAndre Hopkins,00-0030564,WR,rush_yds,0.033,0.0,0.0,0.0,0.0,0.0
2025_14_PIT_BAL,BAL,PIT,DeAndre Hopkins,00-0030564,WR,tgt,3.014,1.0,1.0,3.0,4.0,6.0
2025_14_PIT_BAL,BAL,PIT,DeAndre Hopkins,00-0030564,WR,rec,1.898,0.0,1.0,2.0,3.0,4.0
2025_14_PIT_BAL,BAL,PIT,DeAndre Hopkins,00-0030564,WR,rec_yds,24.66,0.0,5.009,18.556,37.069,59.544
2025_14_PIT_BAL,BAL,PIT,DeAndre Hopkins,00-0030564,WR,anytime_td,0.139,0.0,0.0,0.0,0.0,1.0
2025_14_PIT_BAL,BAL,PIT,Keaton Mitchell,00-0038454,RB,car,3.411,0.0,1.0,3.0,5.0,8.0
2025_14_PIT_BAL,BAL,PIT,Keaton Mitchell,00-0038454,RB,rush_yds,16.619,0.0,1.06,9.412,23.624,44.369
2025_14_PIT_BAL,BAL,PIT,Keaton Mitchell,00-0038454,RB,tgt,1.37,0.0,0.0,1.0,2.0,3.0
2025_14_PIT_BAL,BAL,PIT,Keaton Mitchell,00-0038454,RB,rec,1.096,0.0,0.0,1.0,2.0,3.0
2025_14_PIT_BAL,BAL,PIT,Keaton Mitchell,00-0038454,RB,rec_yds,8.501,0.0,0.0,3.121,12.793,24.903
2025_14_PIT_BAL,BAL,PIT,Keaton Mitchell,00-0038454,RB,anytime_td,0.168,0.0,0.0,0.0,0.0,1.0
2025_14_PIT_BAL,BAL,PIT,Tylan Wallace,00-0036630,WR,car,0.004,0.0,0.0,0.0,0.0,0.0
2025_14_PIT_BAL,BAL,PIT,Tylan Wallace,00-0036630,WR,rush_yds,0.025,0.0,0.0,0.0,0.0,0.0
2025_14_PIT_BAL,BAL,PIT,Tylan Wallace,00-0036630,WR,tgt,0.878,0.0,0.0,1.0,1.0,2.0
2025_14_PIT_BAL,BAL,PIT,Tylan Wallace,00-0036630,WR,rec,0.537,0.0,0.0,0.0,1.0,2.0
2025_14_PIT_BAL,BAL,PIT,Tylan Wallace,00-0036630,WR,rec_yds,7.019,0.0,0.0,0.0,9.334,24.033
2025_14_PIT_BAL,BAL,PIT,Tylan Wallace,00-0036630,WR,anytime_td,0.042,0.0,0.0,0.0,0.0,0.0
2025_14_PIT_BAL,PIT,BAL,Aaron Rodgers,00-0023459,QB,att,30.708,20.0,26.0,31.0,37.0,41.0
2025_14_PIT_BAL,PIT,BAL,Aaron Rodgers,00-0023459,QB,cmp,18.922,12.0,15.0,19.0,23.0,26.0
2025_14_PIT_BAL,PIT,BAL,Aaron Rodgers,00-0023459,QB,pass_yds,197.888,117.184,155.566,197.189,242.611,284.932
2025_14_PIT_BAL,PIT,BAL,Aaron Rodgers,00-0023459,QB,pass_td,1.065,0.0,0.0,1.0,2.0,2.0
2025_14_PIT_BAL,PIT,BAL,Aaron Rodgers,00-0023459,QB,ints,0.692,0.0,0.0,0.0,1.0,2.0
2025_14_PIT_BAL,PIT,BAL,Aaron Rodgers,00-0023459,QB,car,1.597,0.0,0.0,1.0,2.0,4.0
2025_14_PIT_BAL,PIT,BAL,Aaron Rodgers,00-0023459,QB,rush_yds,6.521,-1.0,0.0,1.88,10.519,20.159
2025_14_PIT_BAL,PIT,BAL,Aaron Rodgers,00-0023459,QB,tgt,0.001,0.0,0.0,0.0,0.0,0.0
2025_14_PIT_BAL,PIT,BAL,Aaron Rodgers,00-0023459,QB,rec,0.0,0.0,0.0,0.0,0.0,0.0
2025_14_PIT_BAL,PIT,BAL,Aaron Rodgers,00-0023459,QB,rec_yds,0.0,0.0,0.0,0.0,0.0,0.0
2025_14_PIT_BAL,PIT,BAL,Aaron Rodgers,00-0023459,QB,anytime_td,0.006,0.0,0.0,0.0,0.0,0.0
2025_14_PIT_BAL,PIT,BAL,DK Metcalf,00-0035640,WR,car,0.265,0.0,0.0,0.0,0.0,1.0
2025_14_PIT_BAL,PIT,BAL,DK Metcalf,00-0035640,WR,rush_yds,1.409,0.0,0.0,0.0,0.0,0.896
2025_14_PIT_BAL,PIT,BAL,DK Metcalf,00-0035640,WR,tgt,6.302,3.0,4.0,6.0,8.0,10.0
2025_14_PIT_BAL,PIT,BAL,DK Metcalf,00-0035640,WR,rec,3.62,1.0,2.0,3.0,5.0,7.0
2025_14_PIT_BAL,PIT,BAL,DK Metcalf,00-0035640,WR,rec_yds,45.369,7.529,20.334,39.196,65.229,90.542
2025_14_PIT_BAL,PIT,BAL,DK Metcalf,00-0035640,WR,anytime_td,0.216,0.0,0.0,0.0,0.0,1.0
2025_14_PIT_BAL,PIT,BAL,Pat Freiermuth,00-0036894,TE,car,0.002,0.0,0.0,0.0,0.0,0.0
2025_14_PIT_BAL,PIT,BAL,Pat Freiermuth,00-0036894,TE,rush_yds,0.007,0.0,0.0,0.0,0.0,0.0
2025_14_PIT_BAL,PIT,BAL,Pat Freiermuth,00-0036894,TE,tgt,2.589,0.0,1.0,2.0,4.0,5.0
2025_14_PIT_BAL,PIT,BAL,Pat Freiermuth,00-0036894,TE,rec,1.832,0.0,1.0,1.5,3.0,4.0
2025_14_PIT_BAL,PIT,BAL,Pat Freiermuth,00-0036894,TE,rec_yds,19.679,0.0,3.246,14.642,29.478,47.023
2025_14_PIT_BAL,PIT,BAL,Pat Freiermuth,00-0036894,TE,anytime_td,0.186,0.0,0.0,0.0,0.0,1.0
2025_14_PIT_BAL,PIT,BAL,Jonnu Smith,00-0033858,TE,car,0.323,0.0,0.0,0.0,0.0,1.0
2025_14_PIT_BAL,PIT,BAL,Jonnu Smith,00-0033858,TE,rush_yds,0.739,0.0,0.0,0.0,0.0,1.699
2025_14_PIT_BAL,PIT,BAL,Jonnu Smith,00-0033858,TE,tgt,3.324,1.0,2.0,3.0,5.0,6.0
2025_14_PIT_BAL,PIT,BAL,Jonnu Smith,00-0033858,TE,rec,2.178,0.0,1.0,2.0,3.0,5.0
2025_14_PIT_BAL,PIT,BAL,Jonnu Smith,00-0033858,TE,rec_yds,20.291,0.0,5.326,15.956,30.082,46.46
2025_14_PIT_BAL,PIT,BAL,Jonnu Smith,00-0033858,TE,anytime_td,0.109,0.0,0.0,0.0,0.0,1.0
2025_14_PIT_BAL,PIT,BAL,Jaylen Warren,00-0037228,RB,car,12.623,6.0,8.0,12.0,16.0,20.0
2025_14_PIT_BAL,PIT,BAL,Jaylen Warren,00-0037228,RB,rush_yds,50.344,14.787,26.146,43.861,67.632,94.613
2025_14_PIT_BAL,PIT,BAL,Jaylen Warren,00-0037228,RB,tgt,2.673,0.0,1.0,2.0,4.0,6.0
2025_14_PIT_BAL,PIT,BAL,Jaylen Warren,00-0037228,RB,rec,1.954,0.0,1.0,2.0,3.0,4.0
2025_14_PIT_BAL,PIT,BAL,Jaylen Warren,00-0037228,RB,rec_yds,14.732,0.0,1.07,10.212,21.605,36.382
2025_14_PIT_BAL,PIT,BAL,Jaylen Warren,00-0037228,RB,anytime_td,0.379,0.0,0.0,0.0,1.0,1.0
2025_14_PIT_BAL,PIT,BAL,Kenny Gainwell,00-0036919,RB,car,5.814,1.0,3.0,5.0,8.0,11.0
2025_14_PIT_BAL,PIT,BAL,Kenny Gainwell,00-0036919,RB,rush_yds,24.169,1.761,7.602,17.875,34.682,54.514
2025_14_PIT_BAL,PIT,BAL,Kenny Gainwell,00-0036919,RB,tgt,4.175,1.0,2.0,4.0,6.0,8.0
2025_14_PIT_BAL,PIT,BAL,Kenny Gainwell,00-0036919,RB,rec,3.187,1.0,2.0,3.0,4.0,6.0
2025_14_PIT_BAL,PIT,BAL,Kenny Gainwell,00-0036919,RB,rec_yds,23.253,0.0,7.54,18.403,33.366,51.97
2025_14_PIT_BAL,PIT,BAL,Kenny Gainwell,00-0036919,RB,anytime_td,0.287,0.0,0.0,0.0,1.0,1.0
2025_14_PIT_BAL,PIT,BAL,Adam Thielen,00-0030035,WR,car,0.013,0.0,0.0,0.0,0.0,0.0
2025_14_PIT_BAL,PIT,BAL,Adam Thielen,00-0030035,WR,rush_yds,0.064,0.0,0.0,0.0,0.0,0.0
2025_14_PIT_BAL,PIT,BAL,Adam Thielen,00-0030035,WR,tgt,1.95,0.0,1.0,2.0,3.0,4.0
2025_14_PIT_BAL,PIT,BAL,Adam Thielen,00-0030035,WR,rec,1.101,0.0,0.0,1.0,2.0,3.0
2025_14_PIT_BAL,PIT,BAL,Adam Thielen,00-0030035,WR,rec_yds,13.719,0.0,0.0,6.796,21.271,39.902
2025_14_PIT_BAL,PIT,BAL,Adam Thielen,00-0030035,WR,anytime_td,0.052,0.0,0.0,0.0,0.0,0.0
2025_14_PIT_BAL,PIT,BAL,Calvin Austin III,00-0037837,WR,car,0.01,0.0,0.0,0.0,0.0,0.0
2025_14_PIT_BAL,PIT,BAL,Calvin Austin III,00-0037837,WR,rush_yds,0.046,0.0,0.0,0.0,0.0,0.0
2025_14_PIT_BAL,PIT,BAL,Calvin Austin III,00-0037837,WR,tgt,4.121,1.0,2.0,4.0,6.0,7.0
2025_14_PIT_BAL,PIT,BAL,Calvin Austin III,00-0037837,WR,rec,2.366,0.0,1.0,2.0,3.0,5.0
2025_14_PIT_BAL,PIT,BAL,Calvin Austin III,00-0037837,WR,rec_yds,28.334,0.0,8.584,22.189,41.9,63.398
2025_14_PIT_BAL,PIT,BAL,Calvin Austin III,00-0037837,WR,anytime_td,0.117,0.0,0.0,0.0,0.0,1.0
2025_14_PIT_BAL,PIT,BAL,Marquez Valdes-Scantling,00-0034272,WR,car,0.023,0.0,0.0,0.0,0.0,0.0
2025_14_PIT_BAL,PIT,BAL,Marquez Valdes-Scantling,00-0034272,WR,rush_yds,0.102,0.0,0.0,0.0,0.0,0.0
2025_14_PIT_BAL,PIT,BAL,Marquez Valdes-Scantling,00-0034272,WR,tgt,1.838,0.0,1.0,1.0,3.0,4.0
2025_14_PIT_BAL,PIT,BAL,Marquez Valdes-Scantling,00-0034272,WR,rec,1.023,0.0,0.0,1.0,2.0,3.0
2025_14_PIT_BAL,PIT,BAL,Marquez Valdes-Scantling,00-0034272,WR,rec_yds,13.099,0.0,0.0,6.014,19.822,37.034
2025_14_PIT_BAL,PIT,BAL,Marquez Valdes-Scantling,00-0034272,WR,anytime_td,0.047,0.0,0.0,0.0,0.0,0.0
2025_14_PIT_BAL,PIT,BAL,Darnell Washington,00-0038558,TE,car,0.002,0.0,0.0,0.0,0.0,0.0
2025_14_PIT_BAL,PIT,BAL,Darnell Washington,00-0038558,TE,rush_yds,0.004,0.0,0.0,0.0,0.0,0.0
2025_14_PIT_BAL,PIT,BAL,Darnell Washington,00-0038558,TE,tgt,2.857,1.0,1.0,2.0,4.0,6.0
2025_14_PIT_BAL,PIT,BAL,Darnell Washington,00-0038558,TE,rec,1.885,0.0,1.0,2.0,3.0,4.0
2025_14_PIT_BAL,PIT,BAL,Darnell Washington,00-0038558,TE,rec_yds,21.487,0.0,4.459,15.516,32.342,50.52
2025_14_PIT_BAL,PIT,BAL,Darnell Washington,00-0038558,TE,anytime_td,0.083,0.0,0.0,0.0,0.0,0.0
2025_14_PIT_BAL,PIT,BAL,Ben Skowronek,00-0036862,WR,car,0.01,0.0,0.0,0.0,0.0,0.0
2025_14_PIT_BAL,PIT,BAL,Ben Skowronek,00-0036862,WR,rush_yds,0.05,0.0,0.0,0.0,0.0,0.0
2025_14_PIT_BAL,PIT,BAL,Ben Skowronek,00-0036862,WR,tgt,0.578,0.0,0.0,0.0,1.0,2.0
2025_14_PIT_BAL,PIT,BAL,Ben Skowronek,00-0036862,WR,rec,0.341,0.0,0.0,0.0,1.0,1.0
2025_14_PIT_BAL,PIT,BAL,Ben Skowronek,00-0036862,WR,rec_yds,4.298,0.0,0.0,0.0,0.997,15.857
2025_14_PIT_BAL,PIT,BAL,Ben Skowronek,00-0036862,WR,anytime_td,0.016,0.0,0.0,0.0,0.0,0.0
2025_14_PIT_BAL,PIT,BAL,Connor Heyward,00-0037304,RB,car,0.712,0.0,0.0,0.0,1.0,2.0
2025_14_PIT_BAL,PIT,BAL,Connor Heyward,00-0037304,RB,rush_yds,2.674,0.0,0.0,0.0,1.598,9.256
2025_14_PIT_BAL,PIT,BAL,Connor Heyward,00-0037304,RB,tgt,0.265,0.0,0.0,0.0,0.0,1.0
2025_14_PIT_BAL,PIT,BAL,Connor Heyward,00-0037304,RB,rec,0.193,0.0,0.0,0.0,0.0,1.0
2025_14_PIT_BAL,PIT,BAL,Connor Heyward,00-0037304,RB,rec_yds,1.451,0.0,0.0,0.0,0.0,4.869
2025_14_PIT_BAL,PIT,BAL,Connor Heyward,00-0037304,RB,anytime_td,0.023,0.0,0.0,0.0,0.0,0.0
2025_14_PIT_BAL,PIT,BAL,Kaleb Johnson,00-0040142,RB,car,3.284,0.0,1.0,2.0,5.0,8.0
2025_14_PIT_BAL,PIT,BAL,Kaleb Johnson,00-0040142,RB,rush_yds,12.113,0.0,0.902,6.871,17.354,31.843
2025_14_PIT_BAL,PIT,BAL,Kaleb Johnson,00-0040142,RB,tgt,0.289,0.0,0.0,0.0,0.0,1.0
2025_14_PIT_BAL,PIT,BAL,Kaleb Johnson,00-0040142,RB,rec,0.216,0.0,0.0,0.0,0.0,1.0
2025_14_PIT_BAL,PIT,BAL,Kaleb Johnson,00-0040142,RB,rec_yds,1.63,0.0,0.0,0.0,0.0,5.585
2025_14_PIT_BAL,PIT,BAL,Kaleb Johnson,00-0040142,RB,anytime_td,0.055,0.0,0.0,0.0,0.0,0.0
2025_14_SEA_ATL,ATL,SEA,Kirk Cousins,00-0029604,QB,att,31.449,21.0,27.0,32.0,37.0,42.0
2025_14_SEA_ATL,ATL,SEA,Kirk Cousins,00-0029604,QB,cmp,19.848,13.0,16.0,20.0,24.0,28.0
2025_14_SEA_ATL,ATL,SEA,Kirk Cousins,00-0029604,QB,pass_yds,216.89,132.963,174.284,216.387,263.251,306.565
2025_14_SEA_ATL,ATL,SEA,Kirk Cousins,00-0029604,QB,pass_td,1.271,0.0,0.0,1.0,2.0,3.0
2025_14_SEA_ATL,ATL,SEA,Kirk Cousins,00-0029604,QB,ints,0.715,0.0,0.0,0.0,1.0,2.0
2025_14_SEA_ATL,ATL,SEA,Kirk Cousins,00-0029604,QB,car,1.881,0.0,1.0,1.0,3.0,4.0
2025_14_SEA_ATL,ATL,SEA,Kirk Cousins,00-0029604,QB,rush_yds,6.868,-1.0,0.0,1.975,10.044,21.528
2025_14_SEA_ATL,ATL,SEA,Kirk Cousins,00-0029604,QB,tgt,0.002,0.0,0.0,0.0,0.0,0.0
2025_14_SEA_ATL,ATL,SEA,Kirk Cousins,00-0029604,QB,rec,0.001,0.0,0.0,0.0,0.0,0.0
2025_14_SEA_ATL,ATL,SEA,Kirk Cousins,00-0029604,QB,rec_yds,0.008,0.0,0.0,0.0,0.0,0.0
2025_14_SEA_ATL,ATL,SEA,Kirk Cousins,00-0029604,QB,anytime_td,0.013,0.0,0.0,0.0,0.0,0.0
2025_14_SEA_ATL,ATL,SEA,David Sills,00-0035359,WR,car,0.009,0.0,0.0,0.0,0.0,0.0
2025_14_SEA_ATL,ATL,SEA,David Sills,00-0035359,WR,rush_yds,0.039,0.0,0.0,0.0,0.0,0.0
2025_14_SEA_ATL,ATL,SEA,David Sills,00-0035359,WR,tgt,2.578,0.0,1.0,2.0,4.0,5.0
2025_14_SEA_ATL,ATL,SEA,David Sills,00-0035359,WR,rec,1.503,0.0,0.0,1.0,2.0,3.0
2025_14_SEA_ATL,ATL,SEA,David Sills,00-0035359,WR,rec_yds,18.292,0.0,0.0,12.042,27.668,46.436
2025_14_SEA_ATL,ATL,SEA,David Sills,00-0035359,WR,anytime_td,0.189,0.0,0.0,0.0,0.0,1.0
2025_14_SEA_ATL,ATL,SEA,Kyle Pitts,00-0036970,TE,car,0.001,0.0,0.0,0.0,0.0,0.0
2025_14_SEA_ATL,ATL,SEA,Kyle Pitts,00-0036970,TE,rush_yds,0.003,0.0,0.0,0.0,0.0,0.0
2025_14_SEA_ATL,ATL,SEA,Kyle Pitts,00-0036970,TE,tgt,8.29,4.0,6.0,8.0,10.0,13.0
2025_14_SEA_ATL,ATL,SEA,Kyle Pitts,00-0036970,TE,rec,5.734,2.0,4.0,5.0,7.0,10.0
2025_14_SEA_ATL,ATL,SEA,Kyle Pitts,00-0036970,TE,rec_yds,60.904,20.143,34.689,55.731,81.524,108.671
2025_14_SEA_ATL,ATL,SEA,Kyle Pitts,00-0036970,TE,anytime_td,0.139,0.0,0.0,0.0,0.0,1.0
2025_14_SEA_ATL,ATL,SEA,Darnell Mooney,00-0036309,WR,car,0.006,0.0,0.0,0.0,0.0,0.0
2025_14_SEA_ATL,ATL,SEA,Darnell Mooney,00-0036309,WR,rush_yds,0.023,0.0,0.0,0.0,0.0,0.0
2025_14_SEA_ATL,ATL,SEA,Darnell Mooney,00-0036309,WR,tgt,7.028,3.0,5.0,7.0,9.0,11.0
2025_14_SEA_ATL,ATL,SEA,Darnell Mooney,00-0036309,WR,rec,3.719,1.0,2.0,3.0,5.0,7.0
2025_14_SEA_ATL,ATL,SEA,Darnell Mooney,00-0036309,WR,rec_yds,52.544,9.813,23.938,47.021,73.673,101.984
2025_14_SEA_ATL,ATL,SEA,Darnell Mooney,00-0036309,WR,anytime_td,0.176,0.0,0.0,0.0,0.0,1.0
2025_14_SEA_ATL,ATL,SEA,Bijan Robinson,00-0038542,RB,car,15.924,8.0,11.0,15.0,20.0,24.0
2025_14_SEA_ATL,ATL,SEA,Bijan Robinson,00-0038542,RB,rush_yds,70.067,24.851,41.247,62.938,90.813,123.712
2025_14_SEA_ATL,ATL,SEA,Bijan Robinson,00-0038542,RB,tgt,7.413,3.0,5.0,7.0,10.0,12.0
2025_14_SEA_ATL,ATL,SEA,Bijan Robinson,00-0038542,RB,rec,5.621,2.0,4.0,5.0,7.0,9.0
2025_14_SEA_ATL,ATL,SEA,Bijan Robinson,00-0038542,RB,rec_yds,50.197,13.036,25.457,44.942,68.435,94.596
2025_14_SEA_ATL,ATL,SEA,Bijan Robinson,00-0038542,RB,anytime_td,0.485,0.0,0.0,0.0,1.0,1.0
2025_14_SEA_ATL,ATL,SEA,Dylan Drummond,00-0038953,WR,car,0.015,0.0,0.0,0.0,0.0,0.0
2025_14_SEA_ATL,ATL,SEA,Dylan Drummond,00-0038953,WR,rush_yds,0.071,0.0,0.0,0.0,0.0,0.0
2025_14_SEA_ATL,ATL,SEA,Dylan Drummond,00-0038953,WR,tgt,2.374,0.0,1.0,2.0,3.0,5.0
2025_14_SEA_ATL,ATL,SEA,Dylan Drummond,00-0038953,WR,rec,1.464,0.0,0.0,1.0,2.0,3.0
2025_14_SEA_ATL,ATL,SEA,Dylan Drummond,00-0038953,WR,rec_yds,17.713,0.0,0.0,11.039,27.254,47.346
2025_14_SEA_ATL,ATL,SEA,Dylan Drummond,00-0038953,WR,anytime_td,0.038,0.0,0.0,0.0,0.0,0.0
2025_14_SEA_ATL,ATL,SEA,Charlie Woerner,00-0036429,TE,car,0.002,0.0,0.0,0.0,0.0,0.0
2025_14_SEA_ATL,ATL,SEA,Charlie Woerner,00-0036429,TE,rush_yds,0.005,0.0,0.0,0.0,0.0,0.0
2025_14_SEA_ATL,ATL,SEA,Charlie Woerner,00-0036429,TE,tgt,1.017,0.0,0.0,1.0,2.0,3.0
2025_14_SEA_ATL,ATL,SEA,Charlie Woerner,00-0036429,TE,rec,0.719,0.0,0.0,0.0,1.0,2.0
2025_14_SEA_ATL,ATL,SEA,Charlie Woerner,00-0036429,TE,rec_yds,7.257,0.0,0.0,0.0,10.86,23.027
2025_14_SEA_ATL,ATL,SEA,Charlie Woerner,00-0036429,TE,anytime_td,0.011,0.0,0.0,0.0,0.0,0.0
2025_14_SEA_ATL,ATL,SEA,Tyler Allgeier,00-0037263,RB,car,7.316,2.0,4.0,7.0,10.0,14.0
2025_14_SEA_ATL,ATL,SEA,Tyler Allgeier,00-0037263,RB,rush_yds,27.058,3.294,9.734,21.344,37.527,58.394
2025_14_SEA_ATL,ATL,SEA,Tyler Allgeier,00-0037263,RB,tgt,1.505,0.0,0.0,1.0,2.0,4.0
2025_14_SEA_ATL,ATL,SEA,Tyler Allgeier,00-0037263,RB,rec,1.183,0.0,0.0,1.0,2.0,3.0
2025_14_SEA_ATL,ATL,SEA,Tyler Allgeier,00-0037263,RB,rec_yds,9.206,0.0,0.0,3.743,13.66,27.603
2025_14_SEA_ATL,ATL,SEA,Tyler Allgeier,00-0037263,RB,anytime_td,0.381,0.0,0.0,0.0,1.0,1.0
2025_14_SEA_ATL,ATL,SEA,Deven Thompkins,00-0037487,WR,car,0.469,0.0,0.0,0.0,0.0,2.0
2025_14_SEA_ATL,ATL,SEA,Deven Thompkins,00-0037487,WR,rush_yds,2.427,0.0,0.0,0.0,0.0,7.502
2025_14_SEA_ATL,ATL,SEA,Deven Thompkins,00-0037487,WR,tgt,1.74,0.0,0.0,1.0,3.0,4.0
2025_14_SEA_ATL,ATL,SEA,Deven Thompkins,00-0037487,WR,rec,1.101,0.0,0.0,1.0,2.0,3.0
2025_14_SEA_ATL,ATL,SEA,Deven Thompkins,00-0037487,WR,rec_yds,13.901,0.0,0.0,7.053,21.208,38.921
2025_14_SEA_ATL,ATL,SEA,Deven Thompkins,00-0037487,WR,anytime_td,0.045,0.0,0.0,0.0,0.0,0.0
2025_14_SEA_ATL,SEA,ATL,Sam Darnold,00-0034869,QB,att,29.243,20.0,25.0,30.0,35.0,39.0
2025_14_SEA_ATL,SEA,ATL,Sam Darnold,00-0034869,QB,cmp,19.572,13.0,16.0,20.0,23.0,27.0
2025_14_SEA_ATL,SEA,ATL,Sam Darnold,00-0034869,QB,pass_yds,228.382,140.049,182.38,227.249,278.054,323.975
2025_14_SEA_ATL,SEA,ATL,Sam Darnold,00-0034869,QB,pass_td,1.446,0.0,1.0,1.0,2.0,3.0
2025_14_SEA_ATL,SEA,ATL,Sam Darnold,00-0034869,QB,ints,0.702,0.0,0.0,0.0,1.0,2.0
2025_14_SEA_ATL,SEA,ATL,Sam Darnold,00-0034869,QB,car,1.948,0.0,1.0,2.0,3.0,4.0
2025_14_SEA_ATL,SEA,ATL,Sam Darnold,00-0034869,QB,rush_yds,6.042,-2.0,-0.05,1.014,10.068,19.143
2025_14_SEA_ATL,SEA,ATL,Sam Darnold,00-0034869,QB,tgt,0.0,0.0,0.0,0.0,0.0,0.0
2025_14_SEA_ATL,SEA,ATL,Sam Darnold,00-0034869,QB,rec,0.0,0.0,0.0,0.0,0.0,0.0
2025_14_SEA_ATL,SEA,ATL,Sam Darnold,00-0034869,QB,rec_yds,0.0,0.0,0.0,0.0,0.0,0.0
2025_14_SEA_ATL,SEA,ATL,Sam Darnold,00-0034869,QB,anytime_td,0.015,0.0,0.0,0.0,0.0,0.0
2025_14_SEA_ATL,SEA,ATL,Jaxon Smith-Njigba,00-0038543,WR,car,0.45,0.0,0.0,0.0,0.0,1.0
2025_14_SEA_ATL,SEA,ATL,Jaxon Smith-Njigba,00-0038543,WR,rush_yds,2.6,0.0,0.0,0.0,0.0,8.231
2025_14_SEA_ATL,SEA,ATL,Jaxon Smith-Njigba,00-0038543,WR,tgt,8.528,4.0,6.0,8.0,11.0,13.0
2025_14_SEA_ATL,SEA,ATL,Jaxon Smith-Njigba,00-0038543,WR,rec,6.029,3.0,4.0,6.0,8.0,10.0
2025_14_SEA_ATL,SEA,ATL,Jaxon Smith-Njigba,00-0038543,WR,rec_yds,86.149,30.137,51.617,79.948,113.904,148.934
2025_14_SEA_ATL,SEA,ATL,Jaxon Smith-Njigba,00-0038543,WR,anytime_td,0.412,0.0,0.0,0.0,1.0,1.0
2025_14_SEA_ATL,SEA,ATL,Cooper Kupp,00-0033908,WR,car,0.006,0.0,0.0,0.0,0.0,0.0
2025_14_SEA_ATL,SEA,ATL,Cooper Kupp,00-0033908,WR,rush_yds,0.037,0.0,0.0,0.0,0.0,0.0
2025_14_SEA_ATL,SEA,ATL,Cooper Kupp,00-0033908,WR,tgt,4.382,1.0,3.0,4.0,6.0,8.0
2025_14_SEA_ATL,SEA,ATL,Cooper Kupp,00-0033908,WR,rec,2.86,1.0,1.0,3.0,4.0,5.0
2025_14_SEA_ATL,SEA,ATL,Cooper Kupp,00-0033908,WR,rec_yds,35.852,3.025,13.23,29.03,51.796,77.889
2025_14_SEA_ATL,SEA,ATL,Cooper Kupp,00-0033908,WR,anytime_td,0.155,0.0,0.0,0.0,0.0,1.0
2025_14_SEA_ATL,SEA,ATL,AJ Barner,00-0039793,TE,car,0.738,0.0,0.0,0.0,1.0,2.0
2025_14_SEA_ATL,SEA,ATL,AJ Barner,00-0039793,TE,rush_yds,1.778,0.0,0.0,0.0,0.418,6.173
2025_14_SEA_ATL,SEA,ATL,AJ Barner,00-0039793,TE,tgt,4.022,1.0,2.0,4.0,6.0,7.0
2025_14_SEA_ATL,SEA,ATL,AJ Barner,00-0039793,TE,rec,3.062,1.0,1.0,3.0,4.0,6.0
2025_14_SEA_ATL,SEA,ATL,AJ Barner,00-0039793,TE,rec_yds,29.603,2.6,11.262,24.915,42.585,62.362
2025_14_SEA_ATL,SEA,ATL,AJ Barner,00-0039793,TE,anytime_td,0.27,0.0,0.0,0.0,1.0,1.0
2025_14_SEA_ATL,SEA,ATL,Kenneth Walker III,00-0038134,RB,car,12.449,5.0,8.0,12.0,16.0,20.0
2025_14_SEA_ATL,SEA,ATL,Kenneth Walker III,00-0038134,RB,rush_yds,57.078,16.74,30.227,49.807,76.343,107.599
2025_14_SEA_ATL,SEA,ATL,Kenneth Walker III,00-0038134,RB,tgt,2.438,0.0,1.0,2.0,4.0,5.0
2025_14_SEA_ATL,SEA,ATL,Kenneth Walker III,00-0038134,RB,rec,1.984,0.0,1.0,2.0,3.0,4.0
2025_14_SEA_ATL,SEA,ATL,Kenneth Walker III,00-0038134,RB,rec_yds,15.352,0.0,1.114,10.704,23.086,38.226
2025_14_SEA_ATL,SEA,ATL,Kenneth Walker III,00-0038134,RB,anytime_td,0.354,0.0,0.0,0.0,1.0,1.0
2025_14_SEA_ATL,SEA,ATL,Rashid Shaheed,00-0037545,WR,car,0.773,0.0,0.0,0.0,1.0,3.0
2025_14_SEA_ATL,SEA,ATL,Rashid Shaheed,00-0037545,WR,rush_yds,4.428,0.0,0.0,0.0,2.151,16.073
2025_14_SEA_ATL,SEA,ATL,Rashid Shaheed,00-0037545,WR,tgt,4.424,1.0,3.0,4.0,6.0,8.0
2025_14_SEA_ATL,SEA,ATL,Rashid Shaheed,00-0037545,WR,rec,2.672,1.0,1.0,2.0,4.0,5.0
2025_14_SEA_ATL,SEA,ATL,Rashid Shaheed,00-0037545,WR,rec_yds,31.628,0.0,11.132,25.927,45.796,67.429
2025_14_SEA_ATL,SEA,ATL,Rashid Shaheed,00-0037545,WR,anytime_td,0.193,0.0,0.0,0.0,0.0,1.0
2025_14_SEA_ATL,SEA,ATL,Zach Charbonnet,00-0039165,RB,car,10.43,4.0,6.0,10.0,14.0,18.0
2025_14_SEA_ATL,SEA,ATL,Zach Charbonnet,00-0039165,RB,rush_yds,43.923,9.943,20.607,37.249,60.027,85.622
2025_14_SEA_ATL,SEA,ATL,Zach Charbonnet,00-0039165,RB,tgt,1.026,0.0,0.0,1.0,2.0,3.0
2025_14_SEA_ATL,SEA,ATL,Zach Charbonnet,00-0039165,RB,rec,0.835,0.0,0.0,0.0,1.0,2.0
2025_14_SEA_ATL,SEA,ATL,Zach Charbonnet,00-0039165,RB,rec_yds,6.044,0.0,0.0,0.0,8.507,19.257
2025_14_SEA_ATL,SEA,ATL,Zach Charbonnet,00-0039165,RB,anytime_td,0.514,0.0,0.0,1.0,1.0,1.0
2025_14_SEA_ATL,SEA,ATL,Elijah Arroyo,00-0040739,TE,car,0.001,0.0,0.0,0.0,0.0,0.0
2025_14_SEA_ATL,SEA,ATL,Elijah Arroyo,00-0040739,TE,rush_yds,0.002,0.0,0.0,0.0,0.0,0.0
2025_14_SEA_ATL,SEA,ATL,Elijah Arroyo,00-0040739,TE,tgt,2.012,0.0,1.0,2.0,3.0,4.0
2025_14_SEA_ATL,SEA,ATL,Elijah Arroyo,00-0040739,TE,rec,1.388,0.0,0.0,1.0,2.0,3.0
2025_14_SEA_ATL,SEA,ATL,Elijah Arroyo,00-0040739,TE,rec_yds,14.279,0.0,0.0,8.722,21.82,38.172
2025_14_SEA_ATL,SEA,ATL,Elijah Arroyo,00-0040739,TE,anytime_td,0.107,0.0,0.0,0.0,0.0,1.0
2025_14_SEA_ATL,SEA,ATL,Velus Jones Jr.,00-0037745,RB,car,0.899,0.0,0.0,0.0,1.0,3.0
2025_14_SEA_ATL,SEA,ATL,Velus Jones Jr.,00-0037745,RB,rush_yds,4.16,0.0,0.0,0.0,3.117,13.658
2025_14_SEA_ATL,SEA,ATL,Velus Jones Jr.,00-0037745,RB,tgt,0.251,0.0,0.0,0.0,0.0,1.0
2025_14_SEA_ATL,SEA,ATL,Velus Jones Jr.,00-0037745,RB,rec,0.197,0.0,0.0,0.0,0.0,1.0
2025_14_SEA_ATL,SEA,ATL,Velus Jones Jr.,00-0037745,RB,rec_yds,1.445,0.0,0.0,0.0,0.0,4.716
2025_14_SEA_ATL,SEA,ATL,Velus Jones Jr.,00-0037745,RB,anytime_td,0.04,0.0,0.0,0.0,0.0,0.0
2025_14_SEA_ATL,SEA,ATL,Cody White,00-0035891,WR,car,0.018,0.0,0.0,0.0,0.0,0.0
2025_14_SEA_ATL,SEA,ATL,Cody White,00-0035891,WR,rush_yds,0.11,0.0,0.0,0.0,0.0,0.0
2025_14_SEA_ATL,SEA,ATL,Cody White,00-0035891,WR,tgt,1.725,0.0,0.0,1.0,3.0,4.0
2025_14_SEA_ATL,SEA,ATL,Cody White,00-0035891,WR,rec,1.1,0.0,0.0,1.0,2.0,3.0
2025_14_SEA_ATL,SEA,ATL,Cody White,00-0035891,WR,rec_yds,14.988,0.0,0.0,7.546,22.633,41.635
2025_14_SEA_ATL,SEA,ATL,Cody White,00-0035891,WR,anytime_td,0.147,0.0,0.0,0.0,0.0,1.0
2025_14_TEN_CLE,CLE,TEN,Shedeur Sanders,00-0040668,QB,att,27.93,18.0,24.0,29.0,34.0,38.0
2025_14_TEN_CLE,CLE,TEN,Shedeur Sanders,00-0040668,QB,cmp,17.506,10.0,14.0,18.0,21.0,25.0
2025_14_TEN_CLE,CLE,TEN,Shedeur Sanders,00-0040668,QB,pass_yds,194.159,112.38,150.286,194.504,238.051,284.685
2025_14_TEN_CLE,CLE,TEN,Shedeur Sanders,00-0040668,QB,pass_td,1.058,0.0,0.0,1.0,2.0,2.0
2025_14_TEN_CLE,CLE,TEN,Shedeur Sanders,00-0040668,QB,ints,0.6,0.0,0.0,0.0,1.0,2.0
2025_14_TEN_CLE,CLE,TEN,Shedeur Sanders,00-0040668,QB,car,2.617,0.0,1.0,2.0,4.0,5.0
2025_14_TEN_CLE,CLE,TEN,Shedeur Sanders,00-0040668,QB,rush_yds,11.402,-1.0,0.0,7.736,17.472,30.091
2025_14_TEN_CLE,CLE,TEN,Shedeur Sanders,00-0040668,QB,tgt,0.001,0.0,0.0,0.0,0.0,0.0
2025_14_TEN_CLE,CLE,TEN,Shedeur Sanders,00-0040668,QB,rec,0.001,0.0,0.0,0.0,0.0,0.0
2025_14_TEN_CLE,CLE,TEN,Shedeur Sanders,00-0040668,QB,rec_yds,0.005,0.0,0.0,0.0,0.0,0.0
2025_14_TEN_CLE,CLE,TEN,Shedeur Sanders,00-0040668,QB,anytime_td,0.005,0.0,0.0,0.0,0.0,0.0
2025_14_TEN_CLE,CLE,TEN,Harold Fannin Jr.,00-0040663,TE,car,0.465,0.0,0.0,0.0,0.0,2.0
2025_14_TEN_CLE,CLE,TEN,Harold Fannin Jr.,00-0040663,TE,rush_yds,1.104,0.0,0.0,0.0,0.0,3.258
2025_14_TEN_CLE,CLE,TEN,Harold Fannin Jr.,00-0040663,TE,tgt,5.544,2.0,3.0,5.0,7.0,10.0
2025_14_TEN_CLE,CLE,TEN,Harold Fannin Jr.,00-0040663,TE,rec,3.81,1.0,2.0,4.0,5.0,7.0
2025_14_TEN_CLE,CLE,TEN,Harold Fannin Jr.,00-0040663,TE,rec_yds,41.864,8.139,19.233,36.587,58.215,83.0
2025_14_TEN_CLE,CLE,TEN,Harold Fannin Jr.,00-0040663,TE,anytime_td,0.236,0.0,0.0,0.0,0.0,1.0
2025_14_TEN_CLE,CLE,TEN,Jerry Jeudy,00-0036407,WR,car,0.003,0.0,0.0,0.0,0.0,0.0
2025_14_TEN_CLE,CLE,TEN,Jerry Jeudy,00-0036407,WR,rush_yds,0.016,0.0,0.0,0.0,0.0,0.0
2025_14_TEN_CLE,CLE,TEN,Jerry Jeudy,00-0036407,WR,tgt,5.813,2.0,4.0,5.0,8.0,10.0
2025_14_TEN_CLE,CLE,TEN,Jerry Jeudy,00-0036407,WR,rec,3.206,1.0,2.0,3.0,4.0,6.0
2025_14_TEN_CLE,CLE,TEN,Jerry Jeudy,00-0036407,WR,rec_yds,42.345,6.147,18.416,36.704,59.911,85.517
2025_14_TEN_CLE,CLE,TEN,Jerry Jeudy,00-0036407,WR,anytime_td,0.151,0.0,0.0,0.0,0.0,1.0
2025_14_TEN_CLE,CLE,TEN,Cedric Tillman,00-0038979,WR,car,0.019,0.0,0.0,0.0,0.0,0.0
2025_14_TEN_CLE,CLE,TEN,Cedric Tillman,00-0038979,WR,rush_yds,0.112,0.0,0.0,0.0,0.0,0.0
2025_14_TEN_CLE,CLE,TEN,Cedric Tillman,00-0038979,WR,tgt,3.407,1.0,2.0,3.0,5.0,6.0
2025_14_TEN_CLE,CLE,TEN,Cedric Tillman,00-0038979,WR,rec,2.026,0.0,1.0,2.0,3.0,4.0
2025_14_TEN_CLE,CLE,TEN,Cedric Tillman,00-0038979,WR,rec_yds,25.936,0.0,6.158,19.102,38.042,61.981
2025_14_TEN_CLE,CLE,TEN,Cedric Tillman,00-0038979,WR,anytime_td,0.155,0.0,0.0,0.0,0.0,1.0
2025_14_TEN_CLE,CLE,TEN,Isaiah Bond,00-0040782,WR,car,0.376,0.0,0.0,0.0,0.0,1.0
2025_14_TEN_CLE,CLE,TEN,Isaiah Bond,00-0040782,WR,rush_yds,2.155,0.0,0.0,0.0,0.0,5.51
2025_14_TEN_CLE,CLE,TEN,Isaiah Bond,00-0040782,WR,tgt,2.69,0.0,1.0,2.0,4.0,5.0
2025_14_TEN_CLE,CLE,TEN,Isaiah Bond,00-0040782,WR,rec,1.526,0.0,0.0,1.0,2.0,3.0
2025_14_TEN_CLE,CLE,TEN,Isaiah Bond,00-0040782,WR,rec_yds,21.559,0.0,0.0,13.89,33.004,56.021
2025_14_TEN_CLE,CLE,TEN,Isaiah Bond,00-0040782,WR,anytime_td,0.071,0.0,0.0,0.0,0.0,0.0
2025_14_TEN_CLE,CLE,TEN,Quinshon Judkins,00-0040784,RB,car,17.893,10.0,13.0,17.0,22.0,27.0
2025_14_TEN_CLE,CLE,TEN,Quinshon Judkins,00-0040784,RB,rush_yds,69.618,27.362,41.457,63.478,90.666,121.104
2025_14_TEN_CLE,CLE,TEN,Quinshon Judkins,00-0040784,RB,tgt,1.801,0.0,1.0,1.0,3.0,4.0
2025_14_TEN_CLE,CLE,TEN,Quinshon Judkins,00-0040784,RB,rec,1.386,0.0,0.0,1.0,2.0,3.0
2025_14_TEN_CLE,CLE,TEN,Quinshon Judkins,00-0040784,RB,rec_yds,10.21,0.0,0.0,5.653,15.266,28.068
2025_14_TEN_CLE,CLE,TEN,Quinshon Judkins,00-0040784,RB,anytime_td,0.457,0.0,0.0,0.0,1.0,1.0
2025_14_TEN_CLE,CLE,TEN,Gage Larvadain,00-0040259,WR,car,0.007,0.0,0.0,0.0,0.0,0.0
2025_14_TEN_CLE,CLE,TEN,Gage Larvadain,00-0040259,WR,rush_yds,0.044,0.0,0.0,0.0,0.0,0.0
2025_14_TEN_CLE,CLE,TEN,Gage Larvadain,00-0040259,WR,tgt,1.234,0.0,0.0,1.0,2.0,3.0
2025_14_TEN_CLE,CLE,TEN,Gage Larvadain,00-0040259,WR,rec,0.769,0.0,0.0,0.0,1.0,2.0
2025_14_TEN_CLE,CLE,TEN,Gage Larvadain,00-0040259,WR,rec_yds,10.25,0.0,0.0,0.0,15.02,31.83
2025_14_TEN_CLE,CLE,TEN,Gage Larvadain,00-0040259,WR,anytime_td,0.016,0.0,0.0,0.0,0.0,0.0
2025_14_TEN_CLE,CLE,TEN,Dylan Sampson,00-0040162,RB,car,3.609,0.0,1.0,3.0,5.0,8.0
2025_14_TEN_CLE,CLE,TEN,Dylan Sampson,00-0040162,RB,rush_yds,14.644,0.0,1.75,8.434,20.458,37.191
2025_14_TEN_CLE,CLE,TEN,Dylan Sampson,00-0040162,RB,tgt,1.715,0.0,1.0,1.0,3.0,4.0
2025_14_TEN_CLE,CLE,TEN,Dylan Sampson,00-0040162,RB,rec,1.331,0.0,0.0,1.0,2.0,3.0
2025_14_TEN_CLE,CLE,TEN,Dylan Sampson,00-0040162,RB,rec_yds,11.239,0.0,0.0,6.389,16.874,30.431
2025_14_TEN_CLE,CLE,TEN,Dylan Sampson,00-0040162,RB,anytime_td,0.155,0.0,0.0,0.0,0.0,1.0
2025_14_TEN_CLE,CLE,TEN,Jerome Ford,00-0037267,RB,car,2.045,0.0,0.0,1.0,3.0,6.0
2025_14_TEN_CLE,CLE,TEN,Jerome Ford,00-0037267,RB,rush_yds,8.485,0.0,0.0,2.696,11.473,25.696
2025_14_TEN_CLE,CLE,TEN,Jerome Ford,00-0037267,RB,tgt,1.762,0.0,1.0,1.0,3.0,4.0
2025_14_TEN_CLE,CLE,TEN,Jerome Ford,00-0037267,RB,rec,1.39,0.0,0.0,1.0,2.0,3.0
2025_14_TEN_CLE,CLE,TEN,Jerome Ford,00-0037267,RB,rec_yds,9.678,0.0,0.0,5.241,14.383,26.882
2025_14_TEN_CLE,CLE,TEN,Jerome Ford,00-0037267,RB,anytime_td,0.073,0.0,0.0,0.0,0.0,0.0
2025_14_TEN_CLE,CLE,TEN,David Njoku,00-0033885,TE,car,0.002,0.0,0.0,0.0,0.0,0.0
2025_14_TEN_CLE,CLE,TEN,David Njoku,00-0033885,TE,rush_yds,0.003,0.0,0.0,0.0,0.0,0.0
2025_14_TEN_CLE,CLE,TEN,David Njoku,00-0033885,TE,tgt,3.492,1.0,2.0,3.0,5.0,7.0
2025_14_TEN_CLE,CLE,TEN,David Njoku,00-0033885,TE,rec,2.489,0.0,1.0,2.0,4.0,5.0
2025_14_TEN_CLE,CLE,TEN,David Njoku,00-0033885,TE,rec_yds,25.109,0.0,8.572,20.104,36.296,54.601
2025_14_TEN_CLE,CLE,TEN,David Njoku,00-0033885,TE,anytime_td,0.203,0.0,0.0,0.0,0.0,1.0
2025_14_TEN_CLE,CLE,TEN,Malachi Corley,00-0039920,WR,car,0.716,0.0,0.0,0.0,1.0,2.0
2025_14_TEN_CLE,CLE,TEN,Malachi Corley,00-0039920,WR,rush_yds,4.265,0.0,0.0,0.0,1.178,15.201
2025_14_TEN_CLE,CLE,TEN,Malachi Corley,00-0039920,WR,tgt,0.903,0.0,0.0,1.0,1.0,2.0
2025_14_TEN_CLE,CLE,TEN,Malachi Corley,00-0039920,WR,rec,0.578,0.0,0.0,0.0,1.0,2.0
2025_14_TEN_CLE,CLE,TEN,Malachi Corley,00-0039920,WR,rec_yds,7.227,0.0,0.0,0.0,9.801,23.826
2025_14_TEN_CLE,CLE,TEN,Malachi Corley,00-0039920,WR,anytime_td,0.026,0.0,0.0,0.0,0.0,0.0
2025_14_TEN_CLE,TEN,CLE,Cam Ward,00-0040676,QB,att,29.467,20.0,25.0,30.0,35.0,40.0
2025_14_TEN_CLE,TEN,CLE,Cam Ward,00-0040676,QB,cmp,17.783,11.0,14.0,18.0,22.0,25.0
2025_14_TEN_CLE,TEN,CLE,Cam Ward,00-0040676,QB,pass_yds,172.102,100.41,134.808,171.403,210.816,249.189
2025_14_TEN_CLE,TEN,CLE,Cam Ward,00-0040676,QB,pass_td,0.884,0.0,0.0,1.0,1.0,2.0
2025_14_TEN_CLE,TEN,CLE,Cam Ward,00-0040676,QB,ints,0.642,0.0,0.0,0.0,1.0,2.0
2025_14_TEN_CLE,TEN,CLE,Cam Ward,00-0040676,QB,car,2.662,0.0,1.0,2.0,4.0,5.0
2025_14_TEN_CLE,TEN,CLE,Cam Ward,00-0040676,QB,rush_yds,12.119,-1.0,0.0,8.138,18.874,30.669
2025_14_TEN_CLE,TEN,CLE,Cam Ward,00-0040676,QB,tgt,0.001,0.0,0.0,0.0,0.0,0.0
2025_14_TEN_CLE,TEN,CLE,Cam Ward,00-0040676,QB,rec,0.001,0.0,0.0,0.0,0.0,0.0
2025_14_TEN_CLE,TEN,CLE,Cam Ward,00-0040676,QB,rec_yds,0.005,0.0,0.0,0.0,0.0,0.0
2025_14_TEN_CLE,TEN,CLE,Cam Ward,00-0040676,QB,anytime_td,0.092,0.0,0.0,0.0,0.0,0.0
2025_14_TEN_CLE,TEN,CLE,Elic Ayomanor,00-0040170,WR,car,0.009,0.0,0.0,0.0,0.0,0.0
2025_14_TEN_CLE,TEN,CLE,Elic Ayomanor,00-0040170,WR,rush_yds,0.049,0.0,0.0,0.0,0.0,0.0
2025_14_TEN_CLE,TEN,CLE,Elic Ayomanor,00-0040170,WR,tgt,5.623,2.0,3.0,5.0,7.0,10.0
2025_14_TEN_CLE,TEN,CLE,Elic Ayomanor,00-0040170,WR,rec,2.787,1.0,1.0,3.0,4.0,5.0
2025_14_TEN_CLE,TEN,CLE,Elic Ayomanor,00-0040170,WR,rec_yds,33.698,2.835,12.771,28.624,49.286,70.064
2025_14_TEN_CLE,TEN,CLE,Elic Ayomanor,00-0040170,WR,anytime_td,0.151,0.0,0.0,0.0,0.0,1.0
2025_14_TEN_CLE,TEN,CLE,Van Jefferson,00-0036415,WR,car,0.008,0.0,0.0,0.0,0.0,0.0
2025_14_TEN_CLE,TEN,CLE,Van Jefferson,00-0036415,WR,rush_yds,0.029,0.0,0.0,0.0,0.0,0.0
2025_14_TEN_CLE,TEN,CLE,Van Jefferson,00-0036415,WR,tgt,3.414,1.0,2.0,3.0,5.0,7.0
2025_14_TEN_CLE,TEN,CLE,Van Jefferson,00-0036415,WR,rec,1.855,0.0,1.0,2.0,3.0,4.0
2025_14_TEN_CLE,TEN,CLE,Van Jefferson,00-0036415,WR,rec_yds,21.411,0.0,4.199,15.616,31.93,51.573
2025_14_TEN_CLE,TEN,CLE,Van Jefferson,00-0036415,WR,anytime_td,0.124,0.0,0.0,0.0,0.0,1.0
2025_14_TEN_CLE,TEN,CLE,Chimere Dike,00-0040705,WR,car,0.734,0.0,0.0,0.0,1.0,3.0
2025_14_TEN_CLE,TEN,CLE,Chimere Dike,00-0040705,WR,rush_yds,3.528,0.0,0.0,0.0,1.695,12.866
2025_14_TEN_CLE,TEN,CLE,Chimere Dike,00-0040705,WR,tgt,4.034,1.0,2.0,4.0,6.0,7.0
2025_14_TEN_CLE,TEN,CLE,Chimere Dike,00-0040705,WR,rec,2.33,0.0,1.0,2.0,3.0,5.0
2025_14_TEN_CLE,TEN,CLE,Chimere Dike,00-0040705,WR,rec_yds,26.086,0.0,7.725,20.376,38.573,59.896
2025_14_TEN_CLE,TEN,CLE,Chimere Dike,00-0040705,WR,anytime_td,0.204,0.0,0.0,0.0,0.0,1.0
2025_14_TEN_CLE,TEN,CLE,Gunnar Helm,00-0040584,TE,car,0.002,0.0,0.0,0.0,0.0,0.0
2025_14_TEN_CLE,TEN,CLE,Gunnar Helm,00-0040584,TE,rush_yds,0.002,0.0,0.0,0.0,0.0,0.0
2025_14_TEN_CLE,TEN,CLE,Gunnar Helm,00-0040584,TE,tgt,4.209,1.0,2.0,4.0,6.0,8.0
2025_14_TEN_CLE,TEN,CLE,Gunnar Helm,00-0040584,TE,rec,2.936,1.0,1.0,3.0,4.0,6.0
2025_14_TEN_CLE,TEN,CLE,Gunnar Helm,00-0040584,TE,rec_yds,26.122,2.296,10.134,21.856,37.287,55.15
2025_14_TEN_CLE,TEN,CLE,Gunnar Helm,00-0040584,TE,anytime_td,0.137,0.0,0.0,0.0,0.0,1.0
2025_14_TEN_CLE,TEN,CLE,Tony Pollard,00-0035261,RB,car,14.271,7.0,10.0,14.0,18.0,22.0
2025_14_TEN_CLE,TEN,CLE,Tony Pollard,00-0035261,RB,rush_yds,50.393,17.232,28.457,45.188,66.189,90.266
2025_14_TEN_CLE,TEN,CLE,Tony Pollard,00-0035261,RB,tgt,2.924,1.0,1.0,3.0,4.0,6.0
2025_14_TEN_CLE,TEN,CLE,Tony Pollard,00-0035261,RB,rec,2.087,0.0,1.0,2.0,3.0,4.0
2025_14_TEN_CLE,TEN,CLE,Tony Pollard,00-0035261,RB,rec_yds,13.687,0.0,1.907,9.718,20.113,34.074
2025_14_TEN_CLE,TEN,CLE,Tony Pollard,00-0035261,RB,anytime_td,0.199,0.0,0.0,0.0,0.0,1.0
2025_14_TEN_CLE,TEN,CLE,Chig Okonkwo,00-0037809,TE,car,0.017,0.0,0.0,0.0,0.0,0.0
2025_14_TEN_CLE,TEN,CLE,Chig Okonkwo,00-0037809,TE,rush_yds,0.036,0.0,0.0,0.0,0.0,0.0
2025_14_TEN_CLE,TEN,CLE,Chig Okonkwo,00-0037809,TE,tgt,4.006,1.0,2.0,4.0,5.0,7.0
2025_14_TEN_CLE,TEN,CLE,Chig Okonkwo,00-0037809,TE,rec,2.763,1.0,1.0,2.0,4.0,5.0
2025_14_TEN_CLE,TEN,CLE,Chig Okonkwo,00-0037809,TE,rec_yds,27.881,0.0,9.647,22.957,40.513,60.418
2025_14_TEN_CLE,TEN,CLE,Chig Okonkwo,00-0037809,TE,anytime_td,0.054,0.0,0.0,0.0,0.0,0.0
2025_14_TEN_CLE,TEN,CLE,Tyjae Spears,00-0039032,RB,car,6.409,2.0,3.0,6.0,9.0,12.0
2025_14_TEN_CLE,TEN,CLE,Tyjae Spears,00-0039032,RB,rush_yds,22.886,2.428,7.857,17.521,32.055,49.794
2025_14_TEN_CLE,TEN,CLE,Tyjae Spears,00-0039032,RB,tgt,3.965,1.0,2.0,4.0,5.0,7.0
2025_14_TEN_CLE,TEN,CLE,Tyjae Spears,00-0039032,RB,rec,3.048,1.0,1.0,3.0,4.0,6.0
2025_14_TEN_CLE,TEN,CLE,Tyjae Spears,00-0039032,RB,rec_yds,20.512,0.0,6.82,16.153,29.901,45.454
2025_14_TEN_CLE,TEN,CLE,Tyjae Spears,00-0039032,RB,anytime_td,0.189,0.0,0.0,0.0,0.0,1.0
2025_14_TEN_CLE,TEN,CLE,James Proche,00-0036133,WR,car,0.02,0.0,0.0,0.0,0.0,0.0
2025_14_TEN_CLE,TEN,CLE,James Proche,00-0036133,WR,rush_yds,0.095,0.0,0.0,0.0,0.0,0.0
2025_14_TEN_CLE,TEN,CLE,James Proche,00-0036133,WR,tgt,1.046,0.0,0.0,1.0,2.0,3.0
2025_14_TEN_CLE,TEN,CLE,James Proche,00-0036133,WR,rec,0.63,0.0,0.0,0.0,1.0,2.0
2025_14_TEN_CLE,TEN,CLE,James Proche,00-0036133,WR,rec_yds,7.856,0.0,0.0,0.0,11.249,25.963
2025_14_TEN_CLE,TEN,CLE,James Proche,00-0036133,WR,anytime_td,0.015,0.0,0.0,0.0,0.0,0.0
2025_14_TEN_CLE,TEN,CLE,Mason Kinsey,00-0036176,WR,car,0.011,0.0,0.0,0.0,0.0,0.0
2025_14_TEN_CLE,TEN,CLE,Mason Kinsey,00-0036176,WR,rush_yds,0.045,0.0,0.0,0.0,0.0,0.0
2025_14_TEN_CLE,TEN,CLE,Mason Kinsey,00-0036176,WR,tgt,0.721,0.0,0.0,0.0,1.0,2.0
2025_14_TEN_CLE,TEN,CLE,Mason Kinsey,00-0036176,WR,rec,0.419,0.0,0.0,0.0,1.0,1.0
2025_14_TEN_CLE,TEN,CLE,Mason Kinsey,00-0036176,WR,rec_yds,5.189,0.0,0.0,0.0,5.881,18.859
2025_14_TEN_CLE,TEN,CLE,Mason Kinsey,00-0036176,WR,anytime_td,0.006,0.0,0.0,0.0,0.0,0.0
2025_14_WAS_MIN,MIN,WAS,J.J. McCarthy,00-0039923,QB,att,30.001,20.0,26.0,31.0,36.0,40.0
2025_14_WAS_MIN,MIN,WAS,J.J. McCarthy,00-0039923,QB,cmp,19.007,12.0,16.0,19.0,23.0,26.0
2025_14_WAS_MIN,MIN,WAS,J.J. McCarthy,00-0039923,QB,pass_yds,199.557,120.171,156.575,199.31,243.055,286.291
2025_14_WAS_MIN,MIN,WAS,J.J. McCarthy,00-0039923,QB,pass_td,1.161,0.0,0.0,1.0,2.0,3.0
2025_14_WAS_MIN,MIN,WAS,J.J. McCarthy,00-0039923,QB,ints,0.837,0.0,0.0,1.0,1.0,2.0
2025_14_WAS_MIN,MIN,WAS,J.J. McCarthy,00-0039923,QB,car,3.392,1.0,2.0,3.0,5.0,7.0
2025_14_WAS_MIN,MIN,WAS,J.J. McCarthy,00-0039923,QB,rush_yds,16.387,0.0,4.157,12.471,24.365,38.491
2025_14_WAS_MIN,MIN,WAS,J.J. McCarthy,00-0039923,QB,tgt,0.0,0.0,0.0,0.0,0.0,0.0
2025_14_WAS_MIN,MIN,WAS,J.J. McCarthy,00-0039923,QB,rec,0.0,0.0,0.0,0.0,0.0,0.0
2025_14_WAS_MIN,MIN,WAS,J.J. McCarthy,00-0039923,QB,rec_yds,0.0,0.0,0.0,0.0,0.0,0.0
2025_14_WAS_MIN,MIN,WAS,J.J. McCarthy,00-0039923,QB,anytime_td,0.134,0.0,0.0,0.0,0.0,1.0
2025_14_WAS_MIN,MIN,WAS,Justin Jefferson,00-0036322,WR,car,0.04,0.0,0.0,0.0,0.0,0.0
2025_14_WAS_MIN,MIN,WAS,Justin Jefferson,00-0036322,WR,rush_yds,0.207,0.0,0.0,0.0,0.0,0.0
2025_14_WAS_MIN,MIN,WAS,Justin Jefferson,00-0036322,WR,tgt,8.015,4.0,5.0,8.0,10.0,13.0
2025_14_WAS_MIN,MIN,WAS,Justin Jefferson,00-0036322,WR,rec,4.782,2.0,3.0,5.0,6.0,8.0
2025_14_WAS_MIN,MIN,WAS,Justin Jefferson,00-0036322,WR,rec_yds,58.502,16.121,31.087,53.009,79.889,107.293
2025_14_WAS_MIN,MIN,WAS,Justin Jefferson,00-0036322,WR,anytime_td,0.212,0.0,0.0,0.0,0.0,1.0
2025_14_WAS_MIN,MIN,WAS,Jordan Addison,00-0038994,WR,car,0.11,0.0,0.0,0.0,0.0,0.0
2025_14_WAS_MIN,MIN,WAS,Jordan Addison,00-0038994,WR,rush_yds,0.573,0.0,0.0,0.0,0.0,0.0
2025_14_WAS_MIN,MIN,WAS,Jordan Addison,00-0038994,WR,tgt,6.166,2.0,4.0,6.0,8.0,10.0
2025_14_WAS_MIN,MIN,WAS,Jordan Addison,00-0038994,WR,rec,3.508,1.0,2.0,3.0,5.0,6.0
2025_14_WAS_MIN,MIN,WAS,Jordan Addison,00-0038994,WR,rec_yds,43.001,7.478,19.305,37.159,59.954,85.844
2025_14_WAS_MIN,MIN,WAS,Jordan Addison,00-0038994,WR,anytime_td,0.268,0.0,0.0,0.0,1.0,1.0
2025_14_WAS_MIN,MIN,WAS,Josh Oliver,00-0035249,TE,car,0.003,0.0,0.0,0.0,0.0,0.0
2025_14_WAS_MIN,MIN,WAS,Josh Oliver,00-0035249,TE,rush_yds,0.008,0.0,0.0,0.0,0.0,0.0
2025_14_WAS_MIN,MIN,WAS,Josh Oliver,00-0035249,TE,tgt,0.956,0.0,0.0,1.0,1.0,3.0
2025_14_WAS_MIN,MIN,WAS,Josh Oliver,00-0035249,TE,rec,0.687,0.0,0.0,0.0,1.0,2.0
2025_14_WAS_MIN,MIN,WAS,Josh Oliver,00-0035249,TE,rec_yds,6.859,0.0,0.0,0.0,9.94,22.578
2025_14_WAS_MIN,MIN,WAS,Josh Oliver,00-0035249,TE,anytime_td,0.081,0.0,0.0,0.0,0.0,0.0
2025_14_WAS_MIN,MIN,WAS,Jalen Nailor,00-0037291,WR,car,0.066,0.0,0.0,0.0,0.0,0.0
2025_14_WAS_MIN,MIN,WAS,Jalen Nailor,00-0037291,WR,rush_yds,0.391,0.0,0.0,0.0,0.0,0.0
2025_14_WAS_MIN,MIN,WAS,Jalen Nailor,00-0037291,WR,tgt,2.678,0.0,1.0,2.0,4.0,5.0
2025_14_WAS_MIN,MIN,WAS,Jalen Nailor,00-0037291,WR,rec,1.608,0.0,0.0,1.0,2.0,4.0
2025_14_WAS_MIN,MIN,WAS,Jalen Nailor,00-0037291,WR,rec_yds,22.301,0.0,0.0,15.212,33.861,57.236
2025_14_WAS_MIN,MIN,WAS,Jalen Nailor,00-0037291,WR,anytime_td,0.141,0.0,0.0,0.0,0.0,1.0
2025_14_WAS_MIN,MIN,WAS,T.J. Hockenson,00-0035229,TE,car,0.127,0.0,0.0,0.0,0.0,0.0
2025_14_WAS_MIN,MIN,WAS,T.J. Hockenson,00-0035229,TE,rush_yds,0.286,0.0,0.0,0.0,0.0,0.0
2025_14_WAS_MIN,MIN,WAS,T.J. Hockenson,00-0035229,TE,tgt,4.631,2.0,3.0,4.0,6.0,8.0
2025_14_WAS_MIN,MIN,WAS,T.J. Hockenson,00-0035229,TE,rec,3.485,1.0,2.0,3.0,5.0,6.0
2025_14_WAS_MIN,MIN,WAS,T.J. Hockenson,00-0035229,TE,rec_yds,33.239,5.339,14.368,28.371,47.179,67.139
2025_14_WAS_MIN,MIN,WAS,T.J. Hockenson,00-0035229,TE,anytime_td,0.151,0.0,0.0,0.0,0.0,1.0
2025_14_WAS_MIN,MIN,WAS,Aaron Jones,00-0033293,RB,car,8.806,3.0,5.0,8.0,12.0,16.0
2025_14_WAS_MIN,MIN,WAS,Aaron Jones,00-0033293,RB,rush_yds,36.639,7.171,15.741,29.774,50.332,74.466
2025_14_WAS_MIN,MIN,WAS,Aaron Jones,00-0033293,RB,tgt,3.865,1.0,2.0,4.0,5.0,7.0
2025_14_WAS_MIN,MIN,WAS,Aaron Jones,00-0033293,RB,rec,2.916,1.0,1.0,3.0,4.0,6.0
2025_14_WAS_MIN,MIN,WAS,Aaron Jones,00-0033293,RB,rec_yds,20.869,0.0,6.844,16.461,30.036,46.862
2025_14_WAS_MIN,MIN,WAS,Aaron Jones,00-0033293,RB,anytime_td,0.242,0.0,0.0,0.0,0.0,1.0
2025_14_WAS_MIN,MIN,WAS,Jordan Mason,00-0037525,RB,car,7.972,3.0,4.0,7.0,11.0,14.0
2025_14_WAS_MIN,MIN,WAS,Jordan Mason,00-0037525,RB,rush_yds,35.694,6.462,15.043,28.781,49.547,74.427
2025_14_WAS_MIN,MIN,WAS,Jordan Mason,00-0037525,RB,tgt,0.985,0.0,0.0,1.0,2.0,3.0
2025_14_WAS_MIN,MIN,WAS,Jordan Mason,00-0037525,RB,rec,0.79,0.0,0.0,0.0,1.0,2.0
2025_14_WAS_MIN,MIN,WAS,Jordan Mason,00-0037525,RB,rec_yds,5.384,0.0,0.0,0.0,7.563,17.172
2025_14_WAS_MIN,MIN,WAS,Jordan Mason,00-0037525,RB,anytime_td,0.207,0.0,0.0,0.0,0.0,1.0
2025_14_WAS_MIN,MIN,WAS,Tai Felton,00-0040154,WR,car,0.017,0.0,0.0,0.0,0.0,0.0
2025_14_WAS_MIN,MIN,WAS,Tai Felton,00-0040154,WR,rush_yds,0.109,0.0,0.0,0.0,0.0,0.0
2025_14_WAS_MIN,MIN,WAS,Tai Felton,00-0040154,WR,tgt,0.718,0.0,0.0,0.0,1.0,2.0
2025_14_WAS_MIN,MIN,WAS,Tai Felton,00-0040154,WR,rec,0.469,0.0,0.0,0.0,1.0,1.0
2025_14_WAS_MIN,MIN,WAS,Tai Felton,00-0040154,WR,rec_yds,5.735,0.0,0.0,0.0,6.961,19.918
2025_14_WAS_MIN,MIN,WAS,Tai Felton,00-0040154,WR,anytime_td,0.016,0.0,0.0,0.0,0.0,0.0
2025_14_WAS_MIN,MIN,WAS,Zavier Scott,00-0038440,RB,car,3.603,0.0,1.0,3.0,5.0,8.0
2025_14_WAS_MIN,MIN,WAS,Zavier Scott,00-0038440,RB,rush_yds,14.352,0.0,1.829,8.596,20.514,36.925
2025_14_WAS_MIN,MIN,WAS,Zavier Scott,00-0038440,RB,tgt,1.652,0.0,0.0,1.0,2.0,4.0
2025_14_WAS_MIN,MIN,WAS,Zavier Scott,00-0038440,RB,rec,1.315,0.0,0.0,1.0,2.0,3.0
2025_14_WAS_MIN,MIN,WAS,Zavier Scott,00-0038440,RB,rec_yds,9.595,0.0,0.0,5.033,14.15,27.554
2025_14_WAS_MIN,MIN,WAS,Zavier Scott,00-0038440,RB,anytime_td,0.152,0.0,0.0,0.0,0.0,1.0
2025_14_WAS_MIN,WAS,MIN,Zach Ertz,00-0030061,TE,car,0.002,0.0,0.0,0.0,0.0,0.0
2025_14_WAS_MIN,WAS,MIN,Zach Ertz,00-0030061,TE,rush_yds,0.008,0.0,0.0,0.0,0.0,0.0
2025_14_WAS_MIN,WAS,MIN,Zach Ertz,00-0030061,TE,tgt,5.917,2.0,4.0,6.0,8.0,10.0
2025_14_WAS_MIN,WAS,MIN,Zach Ertz,00-0030061,TE,rec,4.248,1.0,2.0,4.0,6.0,8.0
2025_14_WAS_MIN,WAS,MIN,Zach Ertz,00-0030061,TE,rec_yds,43.169,9.526,20.949,38.702,59.926,82.733
2025_14_WAS_MIN,WAS,MIN,Zach Ertz,00-0030061,TE,anytime_td,0.23,0.0,0.0,0.0,0.0,1.0
2025_14_WAS_MIN,WAS,MIN,John Bates,00-0036628,TE,car,0.004,0.0,0.0,0.0,0.0,0.0
2025_14_WAS_MIN,WAS,MIN,John Bates,00-0036628,TE,rush_yds,0.01,0.0,0.0,0.0,0.0,0.0
2025_14_WAS_MIN,WAS,MIN,John Bates,00-0036628,TE,tgt,1.249,0.0,0.0,1.0,2.0,3.0
2025_14_WAS_MIN,WAS,MIN,John Bates,00-0036628,TE,rec,0.881,0.0,0.0,1.0,1.0,2.0
2025_14_WAS_MIN,WAS,MIN,John Bates,00-0036628,TE,rec_yds,8.78,0.0,0.0,1.734,13.613,26.547
2025_14_WAS_MIN,WAS,MIN,John Bates,00-0036628,TE,anytime_td,0.023,0.0,0.0,0.0,0.0,0.0
2025_14_WAS_MIN,WAS,MIN,Noah Brown,00-0033591,WR,car,0.012,0.0,0.0,0.0,0.0,0.0
2025_14_WAS_MIN,WAS,MIN,Noah Brown,00-0033591,WR,rush_yds,0.065,0.0,0.0,0.0,0.0,0.0
2025_14_WAS_MIN,WAS,MIN,Noah Brown,00-0033591,WR,tgt,3.539,1.0,2.0,3.0,5.0,7.0
2025_14_WAS_MIN,WAS,MIN,Noah Brown,00-0033591,WR,rec,2.122,0.0,1.0,2.0,3.0,4.0
2025_14_WAS_MIN,WAS,MIN,Noah Brown,00-0033591,WR,rec_yds,26.2,0.0,6.812,19.815,38.451,61.156
2025_14_WAS_MIN,WAS,MIN,Noah Brown,00-0033591,WR,anytime_td,0.093,0.0,0.0,0.0,0.0,0.0
2025_14_WAS_MIN,WAS,MIN,Terry McLaurin,00-0035659,WR,car,0.021,0.0,0.0,0.0,0.0,0.0
2025_14_WAS_MIN,WAS,MIN,Terry McLaurin,00-0035659,WR,rush_yds,0.099,0.0,0.0,0.0,0.0,0.0
2025_14_WAS_MIN,WAS,MIN,Terry McLaurin,00-0035659,WR,tgt,5.671,2.0,3.0,5.0,7.0,10.0
2025_14_WAS_MIN,WAS,MIN,Terry McLaurin,00-0035659,WR,rec,3.457,1.0,2.0,3.0,5.0,6.0
2025_14_WAS_MIN,WAS,MIN,Terry McLaurin,00-0035659,WR,rec_yds,46.046,7.128,20.351,39.94,65.656,93.88
2025_14_WAS_MIN,WAS,MIN,Terry McLaurin,00-0035659,WR,anytime_td,0.336,0.0,0.0,0.0,1.0,1.0
2025_14_WAS_MIN,WAS,MIN,Deebo Samuel Sr.,00-0035719,WR,car,1.302,0.0,0.0,0.0,2.0,4.0
2025_14_WAS_MIN,WAS,MIN,Deebo Samuel Sr.,00-0035719,WR,rush_yds,6.895,0.0,0.0,0.0,8.582,23.085
2025_14_WAS_MIN,WAS,MIN,Deebo Samuel Sr.,00-0035719,WR,tgt,5.722,2.0,4.0,5.0,7.0,10.0
2025_14_WAS_MIN,WAS,MIN,Deebo Samuel Sr.,00-0035719,WR,rec,4.038,1.0,2.0,4.0,5.0,7.0
2025_14_WAS_MIN,WAS,MIN,Deebo Samuel Sr.,00-0035719,WR,rec_yds,44.296,9.306,20.658,38.887,62.358,86.518
2025_14_WAS_MIN,WAS,MIN,Deebo Samuel Sr.,00-0035719,WR,anytime_td,0.343,0.0,0.0,0.0,1.0,1.0
2025_14_WAS_MIN,WAS,MIN,Chris Rodriguez Jr.,00-0038611,RB,car,7.999,2.0,4.0,7.0,11.0,15.0
2025_14_WAS_MIN,WAS,MIN,Chris Rodriguez Jr.,00-0038611,RB,rush_yds,33.824,5.033,13.443,27.244,46.857,70.202
2025_14_WAS_MIN,WAS,MIN,Chris Rodriguez Jr.,00-0038611,RB,tgt,0.3,0.0,0.0,0.0,0.0,1.0
2025_14_WAS_MIN,WAS,MIN,Chris Rodriguez Jr.,00-0038611,RB,rec,0.235,0.0,0.0,0.0,0.0,1.0
2025_14_WAS_MIN,WAS,MIN,Chris Rodriguez Jr.,00-0038611,RB,rec_yds,1.686,0.0,0.0,0.0,0.0,6.237
2025_14_WAS_MIN,WAS,MIN,Chris Rodriguez Jr.,00-0038611,RB,anytime_td,0.293,0.0,0.0,0.0,1.0,1.0
2025_14_WAS_MIN,WAS,MIN,Treylon Burks,00-0037742,WR,car,0.091,0.0,0.0,0.0,0.0,0.0
2025_14_WAS_MIN,WAS,MIN,Treylon Burks,00-0037742,WR,rush_yds,0.493,0.0,0.0,0.0,0.0,0.0
2025_14_WAS_MIN,WAS,MIN,Treylon Burks,00-0037742,WR,tgt,2.163,0.0,1.0,2.0,3.0,5.0
2025_14_WAS_MIN,WAS,MIN,Treylon Burks,00-0037742,WR,rec,1.349,0.0,0.0,1.0,2.0,3.0
2025_14_WAS_MIN,WAS,MIN,Treylon Burks,00-0037742,WR,rec_yds,17.134,0.0,0.0,10.258,26.375,45.351
2025_14_WAS_MIN,WAS,MIN,Treylon Burks,00-0037742,WR,anytime_td,0.163,0.0,0.0,0.0,0.0,1.0
2025_14_WAS_MIN,WAS,MIN,Jeremy McNichols,00-0033955,RB,car,3.401,0.0,1.0,3.0,5.0,8.0
2025_14_WAS_MIN,WAS,MIN,Jeremy McNichols,00-0033955,RB,rush_yds,15.068,0.0,1.061,8.57,21.092,39.514
2025_14_WAS_MIN,WAS,MIN,Jeremy McNichols,00-0033955,RB,tgt,1.621,0.0,0.0,1.0,2.0,4.0
2025_14_WAS_MIN,WAS,MIN,Jeremy McNichols,00-0033955,RB,rec,1.284,0.0,0.0,1.0,2.0,3.0
2025_14_WAS_MIN,WAS,MIN,Jeremy McNichols,00-0033955,RB,rec_yds,9.373,0.0,0.0,4.713,14.051,27.27
2025_14_WAS_MIN,WAS,MIN,Jeremy McNichols,00-0033955,RB,anytime_td,0.097,0.0,0.0,0.0,0.0,0.0
2025_14_WAS_MIN,WAS,MIN,Marcus Mariota,00-0032268,QB,att,29.268,20.0,25.0,30.0,35.0,39.0
2025_14_WAS_MIN,WAS,MIN,Marcus Mariota,00-0032268,QB,cmp,18.85,12.0,15.0,19.0,23.0,26.0
2025_14_WAS_MIN,WAS,MIN,Marcus Mariota,00-0032268,QB,pass_yds,209.768,127.238,167.296,209.917,253.445,299.42
2025_14_WAS_MIN,WAS,MIN,Marcus Mariota,00-0032268,QB,pass_td,1.397,0.0,1.0,1.0,2.0,3.0
2025_14_WAS_MIN,WAS,MIN,Marcus Mariota,00-0032268,QB,ints,0.606,0.0,0.0,0.0,1.0,2.0
2025_14_WAS_MIN,WAS,MIN,Marcus Mariota,00-0032268,QB,car,5.425,1.0,3.0,5.0,7.0,10.0
2025_14_WAS_MIN,WAS,MIN,Marcus Mariota,00-0032268,QB,rush_yds,23.727,0.0,7.49,18.987,34.72,53.19
2025_14_WAS_MIN,WAS,MIN,Marcus Mariota,00-0032268,QB,tgt,0.0,0.0,0.0,0.0,0.0,0.0
2025_14_WAS_MIN,WAS,MIN,Marcus Mariota,00-0032268,QB,rec,0.0,0.0,0.0,0.0,0.0,0.0
2025_14_WAS_MIN,WAS,MIN,Marcus Mariota,00-0032268,QB,rec_yds,0.0,0.0,0.0,0.0,0.0,0.0
2025_14_WAS_MIN,WAS,MIN,Marcus Mariota,00-0032268,QB,anytime_td,0.111,0.0,0.0,0.0,0.0,1.0
2025_14_WAS_MIN,WAS,MIN,Jacory Croskey-Merritt,00-0040242,RB,car,10.159,4.0,6.0,9.0,14.0,18.0
2025_14_WAS_MIN,WAS,MIN,Jacory Croskey-Merritt,00-0040242,RB,rush_yds,40.887,9.567,18.875,35.195,56.156,80.321
2025_14_WAS_MIN,WAS,MIN,Jacory Croskey-Merritt,00-0040242,RB,tgt,0.826,0.0,0.0,0.0,1.0,2.0
2025_14_WAS_MIN,WAS,MIN,Jacory Croskey-Merritt,00-0040242,RB,rec,0.638,0.0,0.0,0.0,1.0,2.0
2025_14_WAS_MIN,WAS,MIN,Jacory Croskey-Merritt,00-0040242,RB,rec_yds,4.772,0.0,0.0,0.0,6.26,16.317
2025_14_WAS_MIN,WAS,MIN,Jacory Croskey-Merritt,00-0040242,RB,anytime_td,0.196,0.0,0.0,0.0,0.0,1.0
2025_14_WAS_MIN,WAS,MIN,Jaylin Lane,00-0040164,WR,car,0.078,0.0,0.0,0.0,0.0,0.0
2025_14_WAS_MIN,WAS,MIN,Jaylin Lane,00-0040164,WR,rush_yds,0.445,0.0,0.0,0.0,0.0,0.0
2025_14_WAS_MIN,WAS,MIN,Jaylin Lane,00-0040164,WR,tgt,2.079,0.0,1.0,2.0,3.0,4.1
2025_14_WAS_MIN,WAS,MIN,Jaylin Lane,00-0040164,WR,rec,1.264,0.0,0.0,1.0,2.0,3.0
2025_14_WAS_MIN,WAS,MIN,Jaylin Lane,00-0040164,WR,rec_yds,16.096,0.0,0.0,9.072,24.528,43.591
2025_14_WAS_MIN,WAS,MIN,Jaylin Lane,00-0040164,WR,anytime_td,0.03,0.0,0.0,0.0,0.0,0.0
2025_14_PHI_LAC,LAC,PHI,Justin Herbert,00-0036355,QB,att,30.502,21.0,26.0,31.0,36.0,41.0
2025_14_PHI_LAC,LAC,PHI,Justin Herbert,00-0036355,QB,cmp,19.02,12.0,16.0,19.0,23.0,26.0
2025_14_PHI_LAC,LAC,PHI,Justin Herbert,00-0036355,QB,pass_yds,217.445,131.616,175.04,217.3,264.286,308.45
2025_14_PHI_LAC,LAC,PHI,Justin Herbert,00-0036355,QB,pass_td,1.458,0.0,1.0,1.0,2.0,3.0
2025_14_PHI_LAC,LAC,PHI,Justin Herbert,00-0036355,QB,ints,0.711,0.0,0.0,0.0,1.0,2.0
2025_14_PHI_LAC,LAC,PHI,Justin Herbert,00-0036355,QB,car,4.268,1.0,2.0,4.0,6.0,8.0
2025_14_PHI_LAC,LAC,PHI,Justin Herbert,00-0036355,QB,rush_yds,23.885,0.997,8.599,19.604,35.196,51.195
2025_14_PHI_LAC,LAC,PHI,Justin Herbert,00-0036355,QB,tgt,0.001,0.0,0.0,0.0,0.0,0.0
2025_14_PHI_LAC,LAC,PHI,Justin Herbert,00-0036355,QB,rec,0.001,0.0,0.0,0.0,0.0,0.0
2025_14_PHI_LAC,LAC,PHI,Justin Herbert,00-0036355,QB,rec_yds,0.007,0.0,0.0,0.0,0.0,0.0
2025_14_PHI_LAC,LAC,PHI,Justin Herbert,00-0036355,QB,anytime_td,0.116,0.0,0.0,0.0,0.0,1.0
2025_14_PHI_LAC,LAC,PHI,Ladd McConkey,00-0039915,WR,car,0.009,0.0,0.0,0.0,0.0,0.0
2025_14_PHI_LAC,LAC,PHI,Ladd McConkey,00-0039915,WR,rush_yds,0.043,0.0,0.0,0.0,0.0,0.0
2025_14_PHI_LAC,LAC,PHI,Ladd McConkey,00-0039915,WR,tgt,6.566,3.0,4.0,6.0,9.0,11.0
2025_14_PHI_LAC,LAC,PHI,Ladd McConkey,00-0039915,WR,rec,4.056,1.0,2.0,4.0,5.0,7.0
2025_14_PHI_LAC,LAC,PHI,Ladd McConkey,00-0039915,WR,rec_yds,52.933,10.845,25.439,45.986,73.997,102.857
2025_14_PHI_LAC,LAC,PHI,Ladd McConkey,00-0039915,WR,anytime_td,0.318,0.0,0.0,0.0,1.0,1.0
2025_14_PHI_LAC,LAC,PHI,Quentin Johnston,00-0038544,WR,car,0.097,0.0,0.0,0.0,0.0,0.0
2025_14_PHI_LAC,LAC,PHI,Quentin Johnston,00-0038544,WR,rush_yds,0.505,0.0,0.0,0.0,0.0,0.0
2025_14_PHI_LAC,LAC,PHI,Quentin Johnston,00-0038544,WR,tgt,5.162,2.0,3.0,5.0,7.0,9.0
2025_14_PHI_LAC,LAC,PHI,Quentin Johnston,00-0038544,WR,rec,2.999,1.0,2.0,3.0,4.0,6.0
2025_14_PHI_LAC,LAC,PHI,Quentin Johnston,00-0038544,WR,rec_yds,37.88,4.085,14.457,31.29,54.747,79.572
2025_14_PHI_LAC,LAC,PHI,Quentin Johnston,00-0038544,WR,anytime_td,0.312,0.0,0.0,0.0,1.0,1.0
2025_14_PHI_LAC,LAC,PHI,Kimani Vidal,00-0039391,RB,car,10.826,4.0,7.0,10.0,14.0,18.0
2025_14_PHI_LAC,LAC,PHI,Kimani Vidal,00-0039391,RB,rush_yds,45.011,11.694,22.486,38.285,61.427,86.982
2025_14_PHI_LAC,LAC,PHI,Kimani Vidal,00-0039391,RB,tgt,1.525,0.0,0.0,1.0,2.0,4.0
2025_14_PHI_LAC,LAC,PHI,Kimani Vidal,00-0039391,RB,rec,1.129,0.0,0.0,1.0,2.0,3.0
2025_14_PHI_LAC,LAC,PHI,Kimani Vidal,00-0039391,RB,rec_yds,8.281,0.0,0.0,3.509,12.351,23.809
2025_14_PHI_LAC,LAC,PHI,Kimani Vidal,00-0039391,RB,anytime_td,0.32,0.0,0.0,0.0,1.0,1.0
2025_14_PHI_LAC,LAC,PHI,Oronde Gadsden II,00-0040189,TE,car,0.002,0.0,0.0,0.0,0.0,0.0
2025_14_PHI_LAC,LAC,PHI,Oronde Gadsden II,00-0040189,TE,rush_yds,0.004,0.0,0.0,0.0,0.0,0.0
2025_14_PHI_LAC,LAC,PHI,Oronde Gadsden II,00-0040189,TE,tgt,4.271,1.0,2.0,4.0,6.0,8.0
2025_14_PHI_LAC,LAC,PHI,Oronde Gadsden II,00-0040189,TE,rec,2.901,1.0,1.0,3.0,4.0,6.0
2025_14_PHI_LAC,LAC,PHI,Oronde Gadsden II,00-0040189,TE,rec_yds,36.476,2.79,13.892,30.677,52.821,75.858
2025_14_PHI_LAC,LAC,PHI,Oronde Gadsden II,00-0040189,TE,anytime_td,0.182,0.0,0.0,0.0,0.0,1.0
2025_14_PHI_LAC,LAC,PHI,Keenan Allen,00-0030279,WR,car,0.003,0.0,0.0,0.0,0.0,0.0
2025_14_PHI_LAC,LAC,PHI,Keenan Allen,00-0030279,WR,rush_yds,0.007,0.0,0.0,0.0,0.0,0.0
2025_14_PHI_LAC,LAC,PHI,Keenan Allen,00-0030279,WR,tgt,6.187,2.0,4.0,6.0,8.0,10.0
2025_14_PHI_LAC,LAC,PHI,Keenan Allen,00-0030279,WR,rec,3.785,1.0,2.0,3.0,5.0,7.0
2025_14_PHI_LAC,LAC,PHI,Keenan Allen,00-0030279,WR,rec_yds,46.109,8.733,21.382,40.118,64.268,90.94
2025_14_PHI_LAC,LAC,PHI,Keenan Allen,00-0030279,WR,anytime_td,0.204,0.0,0.0,0.0,0.0,1.0
2025_14_PHI_LAC,LAC,PHI,Tre Harris,00-0040727,WR,car,0.004,0.0,0.0,0.0,0.0,0.0
2025_14_PHI_LAC,LAC,PHI,Tre Harris,00-0040727,WR,rush_yds,0.03,0.0,0.0,0.0,0.0,0.0
2025_14_PHI_LAC,LAC,PHI,Tre Harris,00-0040727,WR,tgt,2.022,0.0,1.0,2.0,3.0,4.0
2025_14_PHI_LAC,LAC,PHI,Tre Harris,00-0040727,WR,rec,1.319,0.0,0.0,1.0,2.0,3.0
2025_14_PHI_LAC,LAC,PHI,Tre Harris,00-0040727,WR,rec_yds,15.563,0.0,0.0,8.493,23.641,42.902
2025_14_PHI_LAC,LAC,PHI,Tre Harris,00-0040727,WR,anytime_td,0.084,0.0,0.0,0.0,0.0,0.0
2025_14_PHI_LAC,LAC,PHI,Will Dissly,00-0034159,TE,car,0.002,0.0,0.0,0.0,0.0,0.0
2025_14_PHI_LAC,LAC,PHI,Will Dissly,00-0034159,TE,rush_yds,0.008,0.0,0.0,0.0,0.0,0.0
2025_14_PHI_LAC,LAC,PHI,Will Dissly,00-0034159,TE,tgt,1.726,0.0,0.0,1.0,3.0,4.0
2025_14_PHI_LAC,LAC,PHI,Will Dissly,00-0034159,TE,rec,1.172,0.0,0.0,1.0,2.0,3.0
2025_14_PHI_LAC,LAC,PHI,Will Dissly,00-0034159,TE,rec_yds,12.45,0.0,0.0,7.225,19.655,34.116
2025_14_PHI_LAC,LAC,PHI,Will Dissly,00-0034159,TE,anytime_td,0.056,0.0,0.0,0.0,0.0,0.0
2025_14_PHI_LAC,LAC,PHI,Omarion Hampton,00-0040666,RB,car,11.664,5.0,7.0,11.0,15.0,19.0
2025_14_PHI_LAC,LAC,PHI,Omarion Hampton,00-0040666,RB,rush_yds,51.348,14.4,25.883,43.65,69.155,98.601
2025_14_PHI_LAC,LAC,PHI,Omarion Hampton,00-0040666,RB,tgt,3.411,1.0,2.0,3.0,5.0,6.0
2025_14_PHI_LAC,LAC,PHI,Omarion Hampton,00-0040666,RB,rec,2.674,0.0,1.0,2.0,4.0,5.0
2025_14_PHI_LAC,LAC,PHI,Omarion Hampton,00-0040666,RB,rec_yds,19.888,0.0,5.565,15.288,28.956,46.263
2025_14_PHI_LAC,LAC,PHI,Omarion Hampton,00-0040666,RB,anytime_td,0.395,0.0,0.0,0.0,1.0,1.0
2025_14_PHI_LAC,PHI,LAC,Jalen Hurts,00-0036389,QB,att,28.105,18.0,24.0,29.0,33.0,38.0
2025_14_PHI_LAC,PHI,LAC,Jalen Hurts,00-0036389,QB,cmp,18.273,11.0,15.0,18.0,22.0,25.0
2025_14_PHI_LAC,PHI,LAC,Jalen Hurts,00-0036389,QB,pass_yds,207.672,123.27,163.893,206.654,252.461,298.948
2025_14_PHI_LAC,PHI,LAC,Jalen Hurts,00-0036389,QB,pass_td,1.49,0.0,1.0,1.0,2.0,3.0
2025_14_PHI_LAC,PHI,LAC,Jalen Hurts,00-0036389,QB,ints,0.577,0.0,0.0,0.0,1.0,2.0
2025_14_PHI_LAC,PHI,LAC,Jalen Hurts,00-0036389,QB,car,6.367,2.0,3.0,6.0,9.0,12.0
2025_14_PHI_LAC,PHI,LAC,Jalen Hurts,00-0036389,QB,rush_yds,26.645,2.734,10.349,21.931,37.436,56.981
2025_14_PHI_LAC,PHI,LAC,Jalen Hurts,00-0036389,QB,tgt,0.0,0.0,0.0,0.0,0.0,0.0
2025_14_PHI_LAC,PHI,LAC,Jalen Hurts,00-0036389,QB,rec,0.0,0.0,0.0,0.0,0.0,0.0
2025_14_PHI_LAC,PHI,LAC,Jalen Hurts,00-0036389,QB,rec_yds,0.001,0.0,0.0,0.0,0.0,0.0
2025_14_PHI_LAC,PHI,LAC,Jalen Hurts,00-0036389,QB,anytime_td,0.418,0.0,0.0,0.0,1.0,1.0
2025_14_PHI_LAC,PHI,LAC,A.J. Brown,00-0035676,WR,car,0.006,0.0,0.0,0.0,0.0,0.0
2025_14_PHI_LAC,PHI,LAC,A.J. Brown,00-0035676,WR,rush_yds,0.042,0.0,0.0,0.0,0.0,0.0
2025_14_PHI_LAC,PHI,LAC,A.J. Brown,00-0035676,WR,tgt,8.125,4.0,6.0,8.0,10.0,13.0
2025_14_PHI_LAC,PHI,LAC,A.J. Brown,00-0035676,WR,rec,5.344,2.0,3.0,5.0,7.0,9.0
2025_14_PHI_LAC,PHI,LAC,A.J. Brown,00-0035676,WR,rec_yds,67.67,20.428,38.542,62.742,91.012,120.213
2025_14_PHI_LAC,PHI,LAC,A.J. Brown,00-0035676,WR,anytime_td,0.465,0.0,0.0,0.0,1.0,1.0
2025_14_PHI_LAC,PHI,LAC,DeVonta Smith,00-0036912,WR,car,0.007,0.0,0.0,0.0,0.0,0.0
2025_14_PHI_LAC,PHI,LAC,DeVonta Smith,00-0036912,WR,rush_yds,0.035,0.0,0.0,0.0,0.0,0.0
2025_14_PHI_LAC,PHI,LAC,DeVonta Smith,00-0036912,WR,tgt,7.483,3.0,5.0,7.0,10.0,12.0
2025_14_PHI_LAC,PHI,LAC,DeVonta Smith,00-0036912,WR,rec,4.823,2.0,3.0,5.0,6.0,8.0
2025_14_PHI_LAC,PHI,LAC,DeVonta Smith,00-0036912,WR,rec_yds,62.821,17.535,33.264,56.669,84.861,116.466
2025_14_PHI_LAC,PHI,LAC,DeVonta Smith,00-0036912,WR,anytime_td,0.248,0.0,0.0,0.0,0.0,1.0
2025_14_PHI_LAC,PHI,LAC,Dallas Goedert,00-0034351,TE,car,0.02,0.0,0.0,0.0,0.0,0.0
2025_14_PHI_LAC,PHI,LAC,Dallas Goedert,00-0034351,TE,rush_yds,0.056,0.0,0.0,0.0,0.0,0.0
2025_14_PHI_LAC,PHI,LAC,Dallas Goedert,00-0034351,TE,tgt,4.651,1.0,3.0,4.0,6.0,8.0
2025_14_PHI_LAC,PHI,LAC,Dallas Goedert,00-0034351,TE,rec,3.287,1.0,2.0,3.0,5.0,6.0
2025_14_PHI_LAC,PHI,LAC,Dallas Goedert,00-0034351,TE,rec_yds,34.229,4.636,14.162,29.136,48.309,69.969
2025_14_PHI_LAC,PHI,LAC,Dallas Goedert,00-0034351,TE,anytime_td,0.305,0.0,0.0,0.0,1.0,1.0
2025_14_PHI_LAC,PHI,LAC,Saquon Barkley,00-0034844,RB,car,15.856,8.0,11.0,15.0,20.0,24.0
2025_14_PHI_LAC,PHI,LAC,Saquon Barkley,00-0034844,RB,rush_yds,68.651,24.78,40.446,62.139,89.991,120.554
2025_14_PHI_LAC,PHI,LAC,Saquon Barkley,00-0034844,RB,tgt,3.616,1.0,2.0,3.0,5.0,7.0
2025_14_PHI_LAC,PHI,LAC,Saquon Barkley,00-0034844,RB,rec,2.797,1.0,1.0,2.0,4.0,5.0
2025_14_PHI_LAC,PHI,LAC,Saquon Barkley,00-0034844,RB,rec_yds,21.065,0.0,6.297,16.263,30.821,47.708
2025_14_PHI_LAC,PHI,LAC,Saquon Barkley,00-0034844,RB,anytime_td,0.379,0.0,0.0,0.0,1.0,1.0
2025_14_PHI_LAC,PHI,LAC,Jahan Dotson,00-0037741,WR,car,0.014,0.0,0.0,0.0,0.0,0.0
2025_14_PHI_LAC,PHI,LAC,Jahan Dotson,00-0037741,WR,rush_yds,0.064,0.0,0.0,0.0,0.0,0.0
2025_14_PHI_LAC,PHI,LAC,Jahan Dotson,00-0037741,WR,tgt,1.86,0.0,1.0,2.0,3.0,4.0
2025_14_PHI_LAC,PHI,LAC,Jahan Dotson,00-0037741,WR,rec,1.089,0.0,0.0,1.0,2.0,3.0
2025_14_PHI_LAC,PHI,LAC,Jahan Dotson,00-0037741,WR,rec_yds,14.973,0.0,0.0,7.673,23.125,43.202
2025_14_PHI_LAC,PHI,LAC,Jahan Dotson,00-0037741,WR,anytime_td,0.087,0.0,0.0,0.0,0.0,0.0
2025_14_PHI_LAC,PHI,LAC,Grant Calcaterra,00-0037086,TE,car,0.002,0.0,0.0,0.0,0.0,0.0
2025_14_PHI_LAC,PHI,LAC,Grant Calcaterra,00-0037086,TE,rush_yds,0.006,0.0,0.0,0.0,0.0,0.0
2025_14_PHI_LAC,PHI,LAC,Grant Calcaterra,00-0037086,TE,tgt,0.773,0.0,0.0,0.0,1.0,2.0
2025_14_PHI_LAC,PHI,LAC,Grant Calcaterra,00-0037086,TE,rec,0.546,0.0,0.0,0.0,1.0,2.0
2025_14_PHI_LAC,PHI,LAC,Grant Calcaterra,00-0037086,TE,rec_yds,5.605,0.0,0.0,0.0,7.739,19.258
2025_14_PHI_LAC,PHI,LAC,Grant Calcaterra,00-0037086,TE,anytime_td,0.017,0.0,0.0,0.0,0.0,0.0
2025_14_PHI_LAC,PHI,LAC,Will Shipley,00-0039746,RB,car,1.33,0.0,0.0,0.0,2.0,4.0
2025_14_PHI_LAC,PHI,LAC,Will Shipley,00-0039746,RB,rush_yds,5.944,0.0,0.0,0.0,7.024,19.329
2025_14_PHI_LAC,PHI,LAC,Will Shipley,00-0039746,RB,tgt,0.727,0.0,0.0,0.0,1.0,2.0
2025_14_PHI_LAC,PHI,LAC,Will Shipley,00-0039746,RB,rec,0.571,0.0,0.0,0.0,1.0,2.0
2025_14_PHI_LAC,PHI,LAC,Will Shipley,00-0039746,RB,rec_yds,4.461,0.0,0.0,0.0,5.69,15.119
2025_14_PHI_LAC,PHI,LAC,Will Shipley,00-0039746,RB,anytime_td,0.038,0.0,0.0,0.0,0.0,0.0
2025_14_PHI_LAC,PHI,LAC,Tank Bigsby,00-0038555,RB,car,3.791,0.0,1.0,3.0,6.0,9.0
2025_14_PHI_LAC,PHI,LAC,Tank Bigsby,00-0038555,RB,rush_yds,18.838,0.0,2.398,11.582,27.124,47.277
2025_14_PHI_LAC,PHI,LAC,Tank Bigsby,00-0038555,RB,tgt,0.269,0.0,0.0,0.0,0.0,1.0
2025_14_PHI_LAC,PHI,LAC,Tank Bigsby,00-0038555,RB,rec,0.215,0.0,0.0,0.0,0.0,1.0
2025_14_PHI_LAC,PHI,LAC,Tank Bigsby,00-0038555,RB,rec_yds,1.542,0.0,0.0,0.0,0.0,5.243
2025_14_PHI_LAC,PHI,LAC,Tank Bigsby,00-0038555,RB,anytime_td,0.107,0.0,0.0,0.0,0.0,1.0
