game_id,team,opp,player,player_id,pos,stat,mean,p10,p25,median,p75,p90
2025_12_BUF_HOU,HOU,BUF,Davis Mills,00-0036898,QB,att,31.958,22.0,27.0,33.0,38.0,43.0
2025_12_BUF_HOU,HOU,BUF,Davis Mills,00-0036898,QB,cmp,20.643,13.0,17.0,21.0,25.0,29.0
2025_12_BUF_HOU,HOU,BUF,Davis Mills,00-0036898,QB,pass_yds,225.891,139.994,181.267,225.911,273.25,322.412
2025_12_BUF_HOU,HOU,BUF,Davis Mills,00-0036898,QB,pass_td,1.559,0.0,1.0,1.0,2.0,3.0
2025_12_BUF_HOU,HOU,BUF,Davis Mills,00-0036898,QB,ints,0.703,0.0,0.0,0.0,1.0,2.0
2025_12_BUF_HOU,HOU,BUF,Davis Mills,00-0036898,QB,car,2.726,0.0,1.0,2.0,4.0,6.0
2025_12_BUF_HOU,HOU,BUF,Davis Mills,00-0036898,QB,rush_yds,13.433,-0.005,0.996,8.984,19.965,33.94
2025_12_BUF_HOU,HOU,BUF,Davis Mills,00-0036898,QB,tgt,0.0,0.0,0.0,0.0,0.0,0.0
2025_12_BUF_HOU,HOU,BUF,Davis Mills,00-0036898,QB,rec,0.0,0.0,0.0,0.0,0.0,0.0
2025_12_BUF_HOU,HOU,BUF,Davis Mills,00-0036898,QB,rec_yds,0.002,0.0,0.0,0.0,0.0,0.0
2025_12_BUF_HOU,HOU,BUF,Davis Mills,00-0036898,QB,anytime_td,0.171,0.0,0.0,0.0,0.0,1.0
2025_12_BUF_HOU,HOU,BUF,Dalton Schultz,00-0034383,TE,car,0.001,0.0,0.0,0.0,0.0,0.0
2025_12_BUF_HOU,HOU,BUF,Dalton Schultz,00-0034383,TE,rush_yds,0.006,0.0,0.0,0.0,0.0,0.0
2025_12_BUF_HOU,HOU,BUF,Dalton Schultz,00-0034383,TE,tgt,5.614,2.0,3.0,5.0,7.0,10.0
2025_12_BUF_HOU,HOU,BUF,Dalton Schultz,00-0034383,TE,rec,4.088,1.0,2.0,4.0,6.0,7.0
2025_12_BUF_HOU,HOU,BUF,Dalton Schultz,00-0034383,TE,rec_yds,40.356,7.964,19.114,35.922,56.236,78.319
2025_12_BUF_HOU,HOU,BUF,Dalton Schultz,00-0034383,TE,anytime_td,0.183,0.0,0.0,0.0,0.0,1.0
2025_12_BUF_HOU,HOU,BUF,Nico Collins,00-0036554,WR,car,0.103,0.0,0.0,0.0,0.0,0.0
2025_12_BUF_HOU,HOU,BUF,Nico Collins,00-0036554,WR,rush_yds,0.658,0.0,0.0,0.0,0.0,0.0
2025_12_BUF_HOU,HOU,BUF,Nico Collins,00-0036554,WR,tgt,8.079,4.0,6.0,8.0,10.0,13.0
2025_12_BUF_HOU,HOU,BUF,Nico Collins,00-0036554,WR,rec,5.131,2.0,3.0,5.0,7.0,9.0
2025_12_BUF_HOU,HOU,BUF,Nico Collins,00-0036554,WR,rec_yds,65.813,18.939,35.787,60.226,88.837,120.101
2025_12_BUF_HOU,HOU,BUF,Nico Collins,00-0036554,WR,anytime_td,0.357,0.0,0.0,0.0,1.0,1.0
2025_12_BUF_HOU,HOU,BUF,Woody Marks,00-0040583,RB,car,11.296,5.0,7.0,11.0,15.0,19.0
2025_12_BUF_HOU,HOU,BUF,Woody Marks,00-0040583,RB,rush_yds,47.71,12.94,24.072,40.464,64.747,92.086
2025_12_BUF_HOU,HOU,BUF,Woody Marks,00-0040583,RB,tgt,2.16,0.0,1.0,2.0,3.0,5.0
2025_12_BUF_HOU,HOU,BUF,Woody Marks,00-0040583,RB,rec,1.602,0.0,0.0,1.0,2.0,4.0
2025_12_BUF_HOU,HOU,BUF,Woody Marks,00-0040583,RB,rec_yds,13.259,0.0,0.0,7.934,20.276,35.84
2025_12_BUF_HOU,HOU,BUF,Woody Marks,00-0040583,RB,anytime_td,0.384,0.0,0.0,0.0,1.0,1.0
2025_12_BUF_HOU,HOU,BUF,Jayden Higgins,00-0040130,WR,car,0.01,0.0,0.0,0.0,0.0,0.0
2025_12_BUF_HOU,HOU,BUF,Jayden Higgins,00-0040130,WR,rush_yds,0.064,0.0,0.0,0.0,0.0,0.0
2025_12_BUF_HOU,HOU,BUF,Jayden Higgins,00-0040130,WR,tgt,3.575,1.0,2.0,3.0,5.0,7.0
2025_12_BUF_HOU,HOU,BUF,Jayden Higgins,00-0040130,WR,rec,2.283,0.0,1.0,2.0,3.0,5.0
2025_12_BUF_HOU,HOU,BUF,Jayden Higgins,00-0040130,WR,rec_yds,26.86,0.0,7.393,20.606,39.397,61.883
2025_12_BUF_HOU,HOU,BUF,Jayden Higgins,00-0040130,WR,anytime_td,0.242,0.0,0.0,0.0,0.0,1.0
2025_12_BUF_HOU,HOU,BUF,Xavier Hutchinson,00-0038618,WR,car,0.048,0.0,0.0,0.0,0.0,0.0
2025_12_BUF_HOU,HOU,BUF,Xavier Hutchinson,00-0038618,WR,rush_yds,0.268,0.0,0.0,0.0,0.0,0.0
2025_12_BUF_HOU,HOU,BUF,Xavier Hutchinson,00-0038618,WR,tgt,2.887,0.0,1.0,3.0,4.0,6.0
2025_12_BUF_HOU,HOU,BUF,Xavier Hutchinson,00-0038618,WR,rec,1.89,0.0,1.0,2.0,3.0,4.0
2025_12_BUF_HOU,HOU,BUF,Xavier Hutchinson,00-0038618,WR,rec_yds,23.133,0.0,4.422,16.618,34.458,56.145
2025_12_BUF_HOU,HOU,BUF,Xavier Hutchinson,00-0038618,WR,anytime_td,0.194,0.0,0.0,0.0,0.0,1.0
2025_12_BUF_HOU,HOU,BUF,Cade Stover,00-0039359,TE,car,0.002,0.0,0.0,0.0,0.0,0.0
2025_12_BUF_HOU,HOU,BUF,Cade Stover,00-0039359,TE,rush_yds,0.007,0.0,0.0,0.0,0.0,0.0
2025_12_BUF_HOU,HOU,BUF,Cade Stover,00-0039359,TE,tgt,1.735,0.0,0.0,1.0,3.0,4.0
2025_12_BUF_HOU,HOU,BUF,Cade Stover,00-0039359,TE,rec,1.298,0.0,0.0,1.0,2.0,3.0
2025_12_BUF_HOU,HOU,BUF,Cade Stover,00-0039359,TE,rec_yds,12.411,0.0,0.0,7.329,19.112,33.281
2025_12_BUF_HOU,HOU,BUF,Cade Stover,00-0039359,TE,anytime_td,0.09,0.0,0.0,0.0,0.0,0.0
2025_12_BUF_HOU,HOU,BUF,Christian Kirk,00-0034775,WR,car,0.014,0.0,0.0,0.0,0.0,0.0
2025_12_BUF_HOU,HOU,BUF,Christian Kirk,00-0034775,WR,rush_yds,0.073,0.0,0.0,0.0,0.0,0.0
2025_12_BUF_HOU,HOU,BUF,Christian Kirk,00-0034775,WR,tgt,4.286,1.0,2.0,4.0,6.0,8.0
2025_12_BUF_HOU,HOU,BUF,Christian Kirk,00-0034775,WR,rec,2.54,0.0,1.0,2.0,4.0,5.0
2025_12_BUF_HOU,HOU,BUF,Christian Kirk,00-0034775,WR,rec_yds,29.526,0.0,9.315,23.494,42.275,65.666
2025_12_BUF_HOU,HOU,BUF,Christian Kirk,00-0034775,WR,anytime_td,0.106,0.0,0.0,0.0,0.0,1.0
2025_12_BUF_HOU,HOU,BUF,Jaylin Noel,00-0040138,WR,car,0.298,0.0,0.0,0.0,0.0,1.0
2025_12_BUF_HOU,HOU,BUF,Jaylin Noel,00-0040138,WR,rush_yds,1.784,0.0,0.0,0.0,0.0,3.208
2025_12_BUF_HOU,HOU,BUF,Jaylin Noel,00-0040138,WR,tgt,2.239,0.0,1.0,2.0,3.0,5.0
2025_12_BUF_HOU,HOU,BUF,Jaylin Noel,00-0040138,WR,rec,1.539,0.0,0.0,1.0,2.0,3.0
2025_12_BUF_HOU,HOU,BUF,Jaylin Noel,00-0040138,WR,rec_yds,18.452,0.0,0.0,11.931,28.196,46.27
2025_12_BUF_HOU,HOU,BUF,Jaylin Noel,00-0040138,WR,anytime_td,0.097,0.0,0.0,0.0,0.0,0.0
2025_12_BUF_HOU,HOU,BUF,Nick Chubb,00-0034791,RB,car,9.181,3.0,5.0,8.0,12.0,16.0
2025_12_BUF_HOU,HOU,BUF,Nick Chubb,00-0034791,RB,rush_yds,43.039,8.629,19.528,35.421,58.153,86.932
2025_12_BUF_HOU,HOU,BUF,Nick Chubb,00-0034791,RB,tgt,1.399,0.0,0.0,1.0,2.0,3.0
2025_12_BUF_HOU,HOU,BUF,Nick Chubb,00-0034791,RB,rec,1.037,0.0,0.0,1.0,2.0,3.0
2025_12_BUF_HOU,HOU,BUF,Nick Chubb,00-0034791,RB,rec_yds,6.91,0.0,0.0,1.735,10.35,21.149
2025_12_BUF_HOU,HOU,BUF,Nick Chubb,00-0034791,RB,anytime_td,0.236,0.0,0.0,0.0,0.0,1.0
2025_12_BUF_HOU,HOU,BUF,Dare Ogunbowale,00-0033854,RB,car,0.562,0.0,0.0,0.0,1.0,2.0
2025_12_BUF_HOU,HOU,BUF,Dare Ogunbowale,00-0033854,RB,rush_yds,2.598,0.0,0.0,0.0,0.0,8.864
2025_12_BUF_HOU,HOU,BUF,Dare Ogunbowale,00-0033854,RB,tgt,0.665,0.0,0.0,0.0,1.0,2.0
2025_12_BUF_HOU,HOU,BUF,Dare Ogunbowale,00-0033854,RB,rec,0.532,0.0,0.0,0.0,1.0,2.0
2025_12_BUF_HOU,HOU,BUF,Dare Ogunbowale,00-0033854,RB,rec_yds,3.877,0.0,0.0,0.0,4.064,13.244
2025_12_BUF_HOU,HOU,BUF,Dare Ogunbowale,00-0033854,RB,anytime_td,0.017,0.0,0.0,0.0,0.0,0.0
2025_12_BUF_HOU,HOU,BUF,British Brooks,00-0039603,RB,car,0.843,0.0,0.0,0.0,1.0,3.0
2025_12_BUF_HOU,HOU,BUF,British Brooks,00-0039603,RB,rush_yds,3.903,0.0,0.0,0.0,3.379,12.936
2025_12_BUF_HOU,HOU,BUF,British Brooks,00-0039603,RB,tgt,0.066,0.0,0.0,0.0,0.0,0.0
2025_12_BUF_HOU,HOU,BUF,British Brooks,00-0039603,RB,rec,0.051,0.0,0.0,0.0,0.0,0.0
2025_12_BUF_HOU,HOU,BUF,British Brooks,00-0039603,RB,rec_yds,0.394,0.0,0.0,0.0,0.0,0.0
2025_12_BUF_HOU,HOU,BUF,British Brooks,00-0039603,RB,anytime_td,0.029,0.0,0.0,0.0,0.0,0.0
2025_12_BUF_HOU,BUF,HOU,Josh Allen,00-0034857,QB,att,28.855,19.0,24.0,29.0,34.0,39.0
2025_12_BUF_HOU,BUF,HOU,Josh Allen,00-0034857,QB,cmp,18.839,12.0,15.0,19.0,23.0,26.0
2025_12_BUF_HOU,BUF,HOU,Josh Allen,00-0034857,QB,pass_yds,224.301,136.951,177.635,223.478,273.739,320.002
2025_12_BUF_HOU,BUF,HOU,Josh Allen,00-0034857,QB,pass_td,1.526,0.0,1.0,1.0,2.0,3.0
2025_12_BUF_HOU,BUF,HOU,Josh Allen,00-0034857,QB,ints,0.688,0.0,0.0,0.0,1.0,2.0
2025_12_BUF_HOU,BUF,HOU,Josh Allen,00-0034857,QB,car,5.849,2.0,3.0,5.0,8.0,11.0
2025_12_BUF_HOU,BUF,HOU,Josh Allen,00-0034857,QB,rush_yds,27.101,2.683,10.625,23.221,39.117,56.092
2025_12_BUF_HOU,BUF,HOU,Josh Allen,00-0034857,QB,tgt,0.0,0.0,0.0,0.0,0.0,0.0
2025_12_BUF_HOU,BUF,HOU,Josh Allen,00-0034857,QB,rec,0.0,0.0,0.0,0.0,0.0,0.0
2025_12_BUF_HOU,BUF,HOU,Josh Allen,00-0034857,QB,rec_yds,0.0,0.0,0.0,0.0,0.0,0.0
2025_12_BUF_HOU,BUF,HOU,Josh Allen,00-0034857,QB,anytime_td,0.48,0.0,0.0,0.0,1.0,1.0
2025_12_BUF_HOU,BUF,HOU,Dawson Knox,00-0035689,TE,car,0.002,0.0,0.0,0.0,0.0,0.0
2025_12_BUF_HOU,BUF,HOU,Dawson Knox,00-0035689,TE,rush_yds,0.005,0.0,0.0,0.0,0.0,0.0
2025_12_BUF_HOU,BUF,HOU,Dawson Knox,00-0035689,TE,tgt,2.442,0.0,1.0,2.0,3.0,5.0
2025_12_BUF_HOU,BUF,HOU,Dawson Knox,00-0035689,TE,rec,1.682,0.0,1.0,1.0,2.0,4.0
2025_12_BUF_HOU,BUF,HOU,Dawson Knox,00-0035689,TE,rec_yds,20.417,0.0,1.273,14.428,30.927,49.243
2025_12_BUF_HOU,BUF,HOU,Dawson Knox,00-0035689,TE,anytime_td,0.103,0.0,0.0,0.0,0.0,1.0
2025_12_BUF_HOU,BUF,HOU,Khalil Shakir,00-0037261,WR,car,0.091,0.0,0.0,0.0,0.0,0.0
2025_12_BUF_HOU,BUF,HOU,Khalil Shakir,00-0037261,WR,rush_yds,0.428,0.0,0.0,0.0,0.0,0.0
2025_12_BUF_HOU,BUF,HOU,Khalil Shakir,00-0037261,WR,tgt,6.895,3.0,4.0,7.0,9.0,11.0
2025_12_BUF_HOU,BUF,HOU,Khalil Shakir,00-0037261,WR,rec,4.759,2.0,3.0,4.0,6.0,8.0
2025_12_BUF_HOU,BUF,HOU,Khalil Shakir,00-0037261,WR,rec_yds,55.229,13.477,28.012,50.263,76.266,103.471
2025_12_BUF_HOU,BUF,HOU,Khalil Shakir,00-0037261,WR,anytime_td,0.19,0.0,0.0,0.0,0.0,1.0
2025_12_BUF_HOU,BUF,HOU,James Cook,00-0037248,RB,car,16.521,9.0,12.0,16.0,21.0,25.0
2025_12_BUF_HOU,BUF,HOU,James Cook,00-0037248,RB,rush_yds,74.704,26.603,43.41,67.302,97.752,131.49
2025_12_BUF_HOU,BUF,HOU,James Cook,00-0037248,RB,tgt,2.564,0.0,1.0,2.0,4.0,5.0
2025_12_BUF_HOU,BUF,HOU,James Cook,00-0037248,RB,rec,2.099,0.0,1.0,2.0,3.0,4.0
2025_12_BUF_HOU,BUF,HOU,James Cook,00-0037248,RB,rec_yds,17.791,0.0,2.252,12.445,27.077,43.542
2025_12_BUF_HOU,BUF,HOU,James Cook,00-0037248,RB,anytime_td,0.401,0.0,0.0,0.0,1.0,1.0
2025_12_BUF_HOU,BUF,HOU,Gabe Davis,00-0036196,WR,car,0.017,0.0,0.0,0.0,0.0,0.0
2025_12_BUF_HOU,BUF,HOU,Gabe Davis,00-0036196,WR,rush_yds,0.093,0.0,0.0,0.0,0.0,0.0
2025_12_BUF_HOU,BUF,HOU,Gabe Davis,00-0036196,WR,tgt,3.982,1.0,2.0,4.0,5.0,7.0
2025_12_BUF_HOU,BUF,HOU,Gabe Davis,00-0036196,WR,rec,2.446,0.0,1.0,2.0,3.0,5.0
2025_12_BUF_HOU,BUF,HOU,Gabe Davis,00-0036196,WR,rec_yds,32.617,0.0,9.923,25.781,47.955,73.732
2025_12_BUF_HOU,BUF,HOU,Gabe Davis,00-0036196,WR,anytime_td,0.157,0.0,0.0,0.0,0.0,1.0
2025_12_BUF_HOU,BUF,HOU,Josh Palmer,00-0036988,WR,car,0.018,0.0,0.0,0.0,0.0,0.0
2025_12_BUF_HOU,BUF,HOU,Josh Palmer,00-0036988,WR,rush_yds,0.082,0.0,0.0,0.0,0.0,0.0
2025_12_BUF_HOU,BUF,HOU,Josh Palmer,00-0036988,WR,tgt,4.03,1.0,2.0,4.0,5.0,7.0
2025_12_BUF_HOU,BUF,HOU,Josh Palmer,00-0036988,WR,rec,2.513,0.0,1.0,2.0,4.0,5.0
2025_12_BUF_HOU,BUF,HOU,Josh Palmer,00-0036988,WR,rec_yds,36.053,0.0,11.75,28.889,52.262,79.521
2025_12_BUF_HOU,BUF,HOU,Josh Palmer,00-0036988,WR,anytime_td,0.053,0.0,0.0,0.0,0.0,0.0
2025_12_BUF_HOU,BUF,HOU,Elijah Moore,00-0036980,WR,car,0.54,0.0,0.0,0.0,0.0,2.0
2025_12_BUF_HOU,BUF,HOU,Elijah Moore,00-0036980,WR,rush_yds,2.752,0.0,0.0,0.0,0.0,9.018
2025_12_BUF_HOU,BUF,HOU,Elijah Moore,00-0036980,WR,tgt,2.58,0.0,1.0,2.0,4.0,5.0
2025_12_BUF_HOU,BUF,HOU,Elijah Moore,00-0036980,WR,rec,1.595,0.0,0.0,1.0,2.0,4.0
2025_12_BUF_HOU,BUF,HOU,Elijah Moore,00-0036980,WR,rec_yds,21.496,0.0,0.0,14.354,32.676,54.395
2025_12_BUF_HOU,BUF,HOU,Elijah Moore,00-0036980,WR,anytime_td,0.072,0.0,0.0,0.0,0.0,0.0
2025_12_BUF_HOU,BUF,HOU,Tyrell Shavers,00-0038679,WR,car,0.005,0.0,0.0,0.0,0.0,0.0
2025_12_BUF_HOU,BUF,HOU,Tyrell Shavers,00-0038679,WR,rush_yds,0.017,0.0,0.0,0.0,0.0,0.0
2025_12_BUF_HOU,BUF,HOU,Tyrell Shavers,00-0038679,WR,tgt,2.166,0.0,1.0,2.0,3.0,5.0
2025_12_BUF_HOU,BUF,HOU,Tyrell Shavers,00-0038679,WR,rec,1.406,0.0,0.0,1.0,2.0,3.0
2025_12_BUF_HOU,BUF,HOU,Tyrell Shavers,00-0038679,WR,rec_yds,20.323,0.0,0.0,12.654,31.214,53.514
2025_12_BUF_HOU,BUF,HOU,Tyrell Shavers,00-0038679,WR,anytime_td,0.125,0.0,0.0,0.0,0.0,1.0
2025_12_BUF_HOU,BUF,HOU,Ty Johnson,00-0035537,RB,car,2.157,0.0,0.0,1.0,3.0,6.0
2025_12_BUF_HOU,BUF,HOU,Ty Johnson,00-0035537,RB,rush_yds,8.851,0.0,0.0,3.219,12.073,25.736
2025_12_BUF_HOU,BUF,HOU,Ty Johnson,00-0035537,RB,tgt,1.565,0.0,0.0,1.0,2.0,4.0
2025_12_BUF_HOU,BUF,HOU,Ty Johnson,00-0035537,RB,rec,1.197,0.0,0.0,1.0,2.0,3.0
2025_12_BUF_HOU,BUF,HOU,Ty Johnson,00-0035537,RB,rec_yds,11.064,0.0,0.0,4.928,16.303,32.543
2025_12_BUF_HOU,BUF,HOU,Ty Johnson,00-0035537,RB,anytime_td,0.181,0.0,0.0,0.0,0.0,1.0
2025_12_BUF_HOU,BUF,HOU,Jackson Hawes,00-0040194,TE,car,0.002,0.0,0.0,0.0,0.0,0.0
2025_12_BUF_HOU,BUF,HOU,Jackson Hawes,00-0040194,TE,rush_yds,0.001,0.0,0.0,0.0,0.0,0.0
2025_12_BUF_HOU,BUF,HOU,Jackson Hawes,00-0040194,TE,tgt,1.306,0.0,0.0,1.0,2.0,3.0
2025_12_BUF_HOU,BUF,HOU,Jackson Hawes,00-0040194,TE,rec,0.918,0.0,0.0,1.0,1.0,2.0
2025_12_BUF_HOU,BUF,HOU,Jackson Hawes,00-0040194,TE,rec_yds,10.614,0.0,0.0,3.25,16.379,32.007
2025_12_BUF_HOU,BUF,HOU,Jackson Hawes,00-0040194,TE,anytime_td,0.114,0.0,0.0,0.0,0.0,1.0
2025_12_BUF_HOU,BUF,HOU,Keleki Latu,00-0040363,TE,car,0.003,0.0,0.0,0.0,0.0,0.0
2025_12_BUF_HOU,BUF,HOU,Keleki Latu,00-0040363,TE,rush_yds,0.007,0.0,0.0,0.0,0.0,0.0
2025_12_BUF_HOU,BUF,HOU,Keleki Latu,00-0040363,TE,tgt,0.99,0.0,0.0,1.0,2.0,3.0
2025_12_BUF_HOU,BUF,HOU,Keleki Latu,00-0040363,TE,rec,0.699,0.0,0.0,0.0,1.0,2.0
2025_12_BUF_HOU,BUF,HOU,Keleki Latu,00-0040363,TE,rec_yds,7.541,0.0,0.0,0.0,11.058,24.191
2025_12_BUF_HOU,BUF,HOU,Keleki Latu,00-0040363,TE,anytime_td,0.028,0.0,0.0,0.0,0.0,0.0
2025_12_BUF_HOU,BUF,HOU,Ray Davis,00-0039875,RB,car,2.56,0.0,0.0,2.0,4.0,6.0
2025_12_BUF_HOU,BUF,HOU,Ray Davis,00-0039875,RB,rush_yds,9.444,0.0,0.0,4.299,13.651,25.854
2025_12_BUF_HOU,BUF,HOU,Ray Davis,00-0039875,RB,tgt,0.892,0.0,0.0,0.0,1.0,3.0
2025_12_BUF_HOU,BUF,HOU,Ray Davis,00-0039875,RB,rec,0.675,0.0,0.0,0.0,1.0,2.0
2025_12_BUF_HOU,BUF,HOU,Ray Davis,00-0039875,RB,rec_yds,5.258,0.0,0.0,0.0,7.009,17.142
2025_12_BUF_HOU,BUF,HOU,Ray Davis,00-0039875,RB,anytime_td,0.106,0.0,0.0,0.0,0.0,1.0
2025_12_ATL_NO,NO,ATL,Tyler Shough,00-0040743,QB,att,29.572,19.0,25.0,30.0,35.0,40.0
2025_12_ATL_NO,NO,ATL,Tyler Shough,00-0040743,QB,cmp,19.441,12.0,16.0,20.0,24.0,27.0
2025_12_ATL_NO,NO,ATL,Tyler Shough,00-0040743,QB,pass_yds,213.368,125.293,170.629,215.831,260.312,304.979
2025_12_ATL_NO,NO,ATL,Tyler Shough,00-0040743,QB,pass_td,1.404,0.0,1.0,1.0,2.0,3.0
2025_12_ATL_NO,NO,ATL,Tyler Shough,00-0040743,QB,ints,0.665,0.0,0.0,0.0,1.0,2.0
2025_12_ATL_NO,NO,ATL,Tyler Shough,00-0040743,QB,car,2.867,0.0,1.0,3.0,4.0,6.0
2025_12_ATL_NO,NO,ATL,Tyler Shough,00-0040743,QB,rush_yds,12.018,-1.0,0.829,8.431,18.862,30.032
2025_12_ATL_NO,NO,ATL,Tyler Shough,00-0040743,QB,tgt,0.001,0.0,0.0,0.0,0.0,0.0
2025_12_ATL_NO,NO,ATL,Tyler Shough,00-0040743,QB,rec,0.001,0.0,0.0,0.0,0.0,0.0
2025_12_ATL_NO,NO,ATL,Tyler Shough,00-0040743,QB,rec_yds,0.007,0.0,0.0,0.0,0.0,0.0
2025_12_ATL_NO,NO,ATL,Tyler Shough,00-0040743,QB,anytime_td,0.02,0.0,0.0,0.0,0.0,0.0
2025_12_ATL_NO,NO,ATL,Devaughn Vele,00-0039424,WR,car,0.012,0.0,0.0,0.0,0.0,0.0
2025_12_ATL_NO,NO,ATL,Devaughn Vele,00-0039424,WR,rush_yds,0.074,0.0,0.0,0.0,0.0,0.0
2025_12_ATL_NO,NO,ATL,Devaughn Vele,00-0039424,WR,tgt,1.9,0.0,1.0,2.0,3.0,4.0
2025_12_ATL_NO,NO,ATL,Devaughn Vele,00-0039424,WR,rec,1.136,0.0,0.0,1.0,2.0,3.0
2025_12_ATL_NO,NO,ATL,Devaughn Vele,00-0039424,WR,rec_yds,14.032,0.0,0.0,7.091,21.092,39.958
2025_12_ATL_NO,NO,ATL,Devaughn Vele,00-0039424,WR,anytime_td,0.094,0.0,0.0,0.0,0.0,0.0
2025_12_ATL_NO,NO,ATL,Chris Olave,00-0037239,WR,car,0.19,0.0,0.0,0.0,0.0,0.0
2025_12_ATL_NO,NO,ATL,Chris Olave,00-0037239,WR,rush_yds,1.078,0.0,0.0,0.0,0.0,0.0
2025_12_ATL_NO,NO,ATL,Chris Olave,00-0037239,WR,tgt,8.569,4.0,6.0,8.0,11.0,13.0
2025_12_ATL_NO,NO,ATL,Chris Olave,00-0037239,WR,rec,5.544,2.0,4.0,5.0,7.0,9.0
2025_12_ATL_NO,NO,ATL,Chris Olave,00-0037239,WR,rec_yds,70.008,22.763,40.747,64.599,93.566,124.061
2025_12_ATL_NO,NO,ATL,Chris Olave,00-0037239,WR,anytime_td,0.386,0.0,0.0,0.0,1.0,1.0
2025_12_ATL_NO,NO,ATL,Juwan Johnson,00-0036040,TE,car,0.004,0.0,0.0,0.0,0.0,0.0
2025_12_ATL_NO,NO,ATL,Juwan Johnson,00-0036040,TE,rush_yds,0.008,0.0,0.0,0.0,0.0,0.0
2025_12_ATL_NO,NO,ATL,Juwan Johnson,00-0036040,TE,tgt,5.263,2.0,3.0,5.0,7.0,9.0
2025_12_ATL_NO,NO,ATL,Juwan Johnson,00-0036040,TE,rec,3.859,1.0,2.0,4.0,5.0,7.0
2025_12_ATL_NO,NO,ATL,Juwan Johnson,00-0036040,TE,rec_yds,44.401,8.326,20.961,38.997,61.957,87.883
2025_12_ATL_NO,NO,ATL,Juwan Johnson,00-0036040,TE,anytime_td,0.297,0.0,0.0,0.0,1.0,1.0
2025_12_ATL_NO,NO,ATL,Devin Neal,00-0040202,RB,car,4.045,0.0,1.0,3.0,6.0,9.0
2025_12_ATL_NO,NO,ATL,Devin Neal,00-0040202,RB,rush_yds,18.467,0.0,3.146,11.764,25.92,45.798
2025_12_ATL_NO,NO,ATL,Devin Neal,00-0040202,RB,tgt,1.578,0.0,0.0,1.0,2.0,4.0
2025_12_ATL_NO,NO,ATL,Devin Neal,00-0040202,RB,rec,1.285,0.0,0.0,1.0,2.0,3.0
2025_12_ATL_NO,NO,ATL,Devin Neal,00-0040202,RB,rec_yds,8.49,0.0,0.0,4.109,12.835,24.478
2025_12_ATL_NO,NO,ATL,Devin Neal,00-0040202,RB,anytime_td,0.11,0.0,0.0,0.0,0.0,1.0
2025_12_ATL_NO,NO,ATL,Mason Tipton,00-0039623,WR,car,0.014,0.0,0.0,0.0,0.0,0.0
2025_12_ATL_NO,NO,ATL,Mason Tipton,00-0039623,WR,rush_yds,0.074,0.0,0.0,0.0,0.0,0.0
2025_12_ATL_NO,NO,ATL,Mason Tipton,00-0039623,WR,tgt,0.731,0.0,0.0,0.0,1.0,2.0
2025_12_ATL_NO,NO,ATL,Mason Tipton,00-0039623,WR,rec,0.447,0.0,0.0,0.0,1.0,1.0
2025_12_ATL_NO,NO,ATL,Mason Tipton,00-0039623,WR,rec_yds,5.633,0.0,0.0,0.0,6.254,19.721
2025_12_ATL_NO,NO,ATL,Mason Tipton,00-0039623,WR,anytime_td,0.011,0.0,0.0,0.0,0.0,0.0
2025_12_ATL_NO,NO,ATL,Foster Moreau,00-0034981,TE,car,0.002,0.0,0.0,0.0,0.0,0.0
2025_12_ATL_NO,NO,ATL,Foster Moreau,00-0034981,TE,rush_yds,0.004,0.0,0.0,0.0,0.0,0.0
2025_12_ATL_NO,NO,ATL,Foster Moreau,00-0034981,TE,tgt,1.494,0.0,0.0,1.0,2.0,4.0
2025_12_ATL_NO,NO,ATL,Foster Moreau,00-0034981,TE,rec,1.071,0.0,0.0,1.0,2.0,3.0
2025_12_ATL_NO,NO,ATL,Foster Moreau,00-0034981,TE,rec_yds,10.96,0.0,0.0,5.469,17.042,31.224
2025_12_ATL_NO,NO,ATL,Foster Moreau,00-0034981,TE,anytime_td,0.076,0.0,0.0,0.0,0.0,0.0
2025_12_ATL_NO,NO,ATL,Alvin Kamara,00-0033906,RB,car,19.387,11.0,15.0,19.0,24.0,28.0
2025_12_ATL_NO,NO,ATL,Alvin Kamara,00-0033906,RB,rush_yds,80.171,32.912,50.398,73.445,103.302,136.264
2025_12_ATL_NO,NO,ATL,Alvin Kamara,00-0033906,RB,tgt,3.954,1.0,2.0,4.0,5.0,7.0
2025_12_ATL_NO,NO,ATL,Alvin Kamara,00-0033906,RB,rec,3.172,1.0,2.0,3.0,4.0,6.0
2025_12_ATL_NO,NO,ATL,Alvin Kamara,00-0033906,RB,rec_yds,22.627,0.0,7.717,17.773,32.545,49.448
2025_12_ATL_NO,NO,ATL,Alvin Kamara,00-0033906,RB,anytime_td,0.309,0.0,0.0,0.0,1.0,1.0
2025_12_ATL_NO,NO,ATL,Kevin Austin Jr.,00-0037231,WR,car,0.109,0.0,0.0,0.0,0.0,0.0
2025_12_ATL_NO,NO,ATL,Kevin Austin Jr.,00-0037231,WR,rush_yds,0.607,0.0,0.0,0.0,0.0,0.0
2025_12_ATL_NO,NO,ATL,Kevin Austin Jr.,00-0037231,WR,tgt,1.918,0.0,1.0,2.0,3.0,4.0
2025_12_ATL_NO,NO,ATL,Kevin Austin Jr.,00-0037231,WR,rec,1.171,0.0,0.0,1.0,2.0,3.0
2025_12_ATL_NO,NO,ATL,Kevin Austin Jr.,00-0037231,WR,rec_yds,15.024,0.0,0.0,8.121,22.988,41.994
2025_12_ATL_NO,NO,ATL,Kevin Austin Jr.,00-0037231,WR,anytime_td,0.043,0.0,0.0,0.0,0.0,0.0
2025_12_ATL_NO,NO,ATL,Jack Stoll,00-0036741,TE,car,0.005,0.0,0.0,0.0,0.0,0.0
2025_12_ATL_NO,NO,ATL,Jack Stoll,00-0036741,TE,rush_yds,0.01,0.0,0.0,0.0,0.0,0.0
2025_12_ATL_NO,NO,ATL,Jack Stoll,00-0036741,TE,tgt,0.658,0.0,0.0,0.0,1.0,2.0
2025_12_ATL_NO,NO,ATL,Jack Stoll,00-0036741,TE,rec,0.46,0.0,0.0,0.0,1.0,2.0
2025_12_ATL_NO,NO,ATL,Jack Stoll,00-0036741,TE,rec_yds,4.925,0.0,0.0,0.0,5.876,17.999
2025_12_ATL_NO,NO,ATL,Jack Stoll,00-0036741,TE,anytime_td,0.055,0.0,0.0,0.0,0.0,0.0
2025_12_ATL_NO,NO,ATL,Zaire Mitchell-Paden,00-0037340,TE,car,0.002,0.0,0.0,0.0,0.0,0.0
2025_12_ATL_NO,NO,ATL,Zaire Mitchell-Paden,00-0037340,TE,rush_yds,0.006,0.0,0.0,0.0,0.0,0.0
2025_12_ATL_NO,NO,ATL,Zaire Mitchell-Paden,00-0037340,TE,tgt,0.694,0.0,0.0,0.0,1.0,2.0
2025_12_ATL_NO,NO,ATL,Zaire Mitchell-Paden,00-0037340,TE,rec,0.509,0.0,0.0,0.0,1.0,2.0
2025_12_ATL_NO,NO,ATL,Zaire Mitchell-Paden,00-0037340,TE,rec_yds,5.201,0.0,0.0,0.0,6.545,19.385
2025_12_ATL_NO,NO,ATL,Zaire Mitchell-Paden,00-0037340,TE,anytime_td,0.02,0.0,0.0,0.0,0.0,0.0
2025_12_ATL_NO,NO,ATL,Dante Pettis,00-0034860,WR,car,0.054,0.0,0.0,0.0,0.0,0.0
2025_12_ATL_NO,NO,ATL,Dante Pettis,00-0034860,WR,rush_yds,0.365,0.0,0.0,0.0,0.0,0.0
2025_12_ATL_NO,NO,ATL,Dante Pettis,00-0034860,WR,tgt,3.705,1.0,2.0,3.0,5.0,7.0
2025_12_ATL_NO,NO,ATL,Dante Pettis,00-0034860,WR,rec,2.209,0.0,1.0,2.0,3.0,5.0
2025_12_ATL_NO,NO,ATL,Dante Pettis,00-0034860,WR,rec_yds,27.53,0.0,7.712,21.673,40.326,62.695
2025_12_ATL_NO,NO,ATL,Dante Pettis,00-0034860,WR,anytime_td,0.184,0.0,0.0,0.0,0.0,1.0
2025_12_ATL_NO,ATL,NO,Kirk Cousins,00-0029604,QB,att,30.372,21.0,26.0,31.0,36.0,41.0
2025_12_ATL_NO,ATL,NO,Kirk Cousins,00-0029604,QB,cmp,19.187,12.0,16.0,19.0,23.0,27.0
2025_12_ATL_NO,ATL,NO,Kirk Cousins,00-0029604,QB,pass_yds,199.458,118.525,157.134,198.302,243.226,285.153
2025_12_ATL_NO,ATL,NO,Kirk Cousins,00-0029604,QB,pass_td,1.024,0.0,0.0,1.0,2.0,2.0
2025_12_ATL_NO,ATL,NO,Kirk Cousins,00-0029604,QB,ints,0.645,0.0,0.0,0.0,1.0,2.0
2025_12_ATL_NO,ATL,NO,Kirk Cousins,00-0029604,QB,car,2.139,0.0,1.0,2.0,3.0,5.0
2025_12_ATL_NO,ATL,NO,Kirk Cousins,00-0029604,QB,rush_yds,7.387,-1.0,0.0,2.678,11.597,22.723
2025_12_ATL_NO,ATL,NO,Kirk Cousins,00-0029604,QB,tgt,0.0,0.0,0.0,0.0,0.0,0.0
2025_12_ATL_NO,ATL,NO,Kirk Cousins,00-0029604,QB,rec,0.0,0.0,0.0,0.0,0.0,0.0
2025_12_ATL_NO,ATL,NO,Kirk Cousins,00-0029604,QB,rec_yds,0.0,0.0,0.0,0.0,0.0,0.0
2025_12_ATL_NO,ATL,NO,Kirk Cousins,00-0029604,QB,anytime_td,0.017,0.0,0.0,0.0,0.0,0.0
2025_12_ATL_NO,ATL,NO,Kyle Pitts,00-0036970,TE,car,0.001,0.0,0.0,0.0,0.0,0.0
2025_12_ATL_NO,ATL,NO,Kyle Pitts,00-0036970,TE,rush_yds,0.003,0.0,0.0,0.0,0.0,0.0
2025_12_ATL_NO,ATL,NO,Kyle Pitts,00-0036970,TE,tgt,8.51,4.0,6.0,8.0,11.0,13.0
2025_12_ATL_NO,ATL,NO,Kyle Pitts,00-0036970,TE,rec,5.978,3.0,4.0,6.0,8.0,10.0
2025_12_ATL_NO,ATL,NO,Kyle Pitts,00-0036970,TE,rec_yds,59.578,20.098,34.56,54.635,79.704,105.552
2025_12_ATL_NO,ATL,NO,Kyle Pitts,00-0036970,TE,anytime_td,0.116,0.0,0.0,0.0,0.0,1.0
2025_12_ATL_NO,ATL,NO,David Sills,00-0035359,WR,car,0.005,0.0,0.0,0.0,0.0,0.0
2025_12_ATL_NO,ATL,NO,David Sills,00-0035359,WR,rush_yds,0.021,0.0,0.0,0.0,0.0,0.0
2025_12_ATL_NO,ATL,NO,David Sills,00-0035359,WR,tgt,1.773,0.0,1.0,1.0,3.0,4.0
2025_12_ATL_NO,ATL,NO,David Sills,00-0035359,WR,rec,1.048,0.0,0.0,1.0,2.0,3.0
2025_12_ATL_NO,ATL,NO,David Sills,00-0035359,WR,rec_yds,13.076,0.0,0.0,6.36,19.805,36.669
2025_12_ATL_NO,ATL,NO,David Sills,00-0035359,WR,anytime_td,0.015,0.0,0.0,0.0,0.0,0.0
2025_12_ATL_NO,ATL,NO,Bijan Robinson,00-0038542,RB,car,16.77,9.0,12.0,16.0,21.0,25.0
2025_12_ATL_NO,ATL,NO,Bijan Robinson,00-0038542,RB,rush_yds,71.839,27.078,42.757,64.9,93.6,125.508
2025_12_ATL_NO,ATL,NO,Bijan Robinson,00-0038542,RB,tgt,7.763,4.0,5.0,7.0,10.0,13.0
2025_12_ATL_NO,ATL,NO,Bijan Robinson,00-0038542,RB,rec,6.03,3.0,4.0,6.0,8.0,10.0
2025_12_ATL_NO,ATL,NO,Bijan Robinson,00-0038542,RB,rec_yds,51.346,14.165,27.217,46.143,70.444,95.062
2025_12_ATL_NO,ATL,NO,Bijan Robinson,00-0038542,RB,anytime_td,0.414,0.0,0.0,0.0,1.0,1.0
2025_12_ATL_NO,ATL,NO,Darnell Mooney,00-0036309,WR,car,0.007,0.0,0.0,0.0,0.0,0.0
2025_12_ATL_NO,ATL,NO,Darnell Mooney,00-0036309,WR,rush_yds,0.032,0.0,0.0,0.0,0.0,0.0
2025_12_ATL_NO,ATL,NO,Darnell Mooney,00-0036309,WR,tgt,8.127,4.0,6.0,8.0,10.0,13.0
2025_12_ATL_NO,ATL,NO,Darnell Mooney,00-0036309,WR,rec,4.174,1.0,3.0,4.0,6.0,7.0
2025_12_ATL_NO,ATL,NO,Darnell Mooney,00-0036309,WR,rec_yds,55.835,13.472,28.221,49.498,77.515,106.166
2025_12_ATL_NO,ATL,NO,Darnell Mooney,00-0036309,WR,anytime_td,0.08,0.0,0.0,0.0,0.0,0.0
2025_12_ATL_NO,ATL,NO,Charlie Woerner,00-0036429,TE,car,0.001,0.0,0.0,0.0,0.0,0.0
2025_12_ATL_NO,ATL,NO,Charlie Woerner,00-0036429,TE,rush_yds,0.004,0.0,0.0,0.0,0.0,0.0
2025_12_ATL_NO,ATL,NO,Charlie Woerner,00-0036429,TE,tgt,0.652,0.0,0.0,0.0,1.0,2.0
2025_12_ATL_NO,ATL,NO,Charlie Woerner,00-0036429,TE,rec,0.456,0.0,0.0,0.0,1.0,1.0
2025_12_ATL_NO,ATL,NO,Charlie Woerner,00-0036429,TE,rec_yds,4.549,0.0,0.0,0.0,5.357,16.715
2025_12_ATL_NO,ATL,NO,Charlie Woerner,00-0036429,TE,anytime_td,0.006,0.0,0.0,0.0,0.0,0.0
2025_12_ATL_NO,ATL,NO,Tyler Allgeier,00-0037263,RB,car,7.251,2.0,4.0,6.0,10.0,14.0
2025_12_ATL_NO,ATL,NO,Tyler Allgeier,00-0037263,RB,rush_yds,27.969,3.595,10.147,21.933,38.821,60.222
2025_12_ATL_NO,ATL,NO,Tyler Allgeier,00-0037263,RB,tgt,1.222,0.0,0.0,1.0,2.0,3.0
2025_12_ATL_NO,ATL,NO,Tyler Allgeier,00-0037263,RB,rec,0.966,0.0,0.0,1.0,1.0,3.0
2025_12_ATL_NO,ATL,NO,Tyler Allgeier,00-0037263,RB,rec_yds,6.734,0.0,0.0,0.882,9.794,20.432
2025_12_ATL_NO,ATL,NO,Tyler Allgeier,00-0037263,RB,anytime_td,0.314,0.0,0.0,0.0,1.0,1.0
2025_12_ATL_NO,ATL,NO,KhaDarel Hodge,00-0034854,WR,car,0.007,0.0,0.0,0.0,0.0,0.0
2025_12_ATL_NO,ATL,NO,KhaDarel Hodge,00-0034854,WR,rush_yds,0.024,0.0,0.0,0.0,0.0,0.0
2025_12_ATL_NO,ATL,NO,KhaDarel Hodge,00-0034854,WR,tgt,1.884,0.0,1.0,2.0,3.0,4.0
2025_12_ATL_NO,ATL,NO,KhaDarel Hodge,00-0034854,WR,rec,1.075,0.0,0.0,1.0,2.0,3.0
2025_12_ATL_NO,ATL,NO,KhaDarel Hodge,00-0034854,WR,rec_yds,13.493,0.0,0.0,6.893,20.58,37.446
2025_12_ATL_NO,ATL,NO,KhaDarel Hodge,00-0034854,WR,anytime_td,0.02,0.0,0.0,0.0,0.0,0.0
2025_12_CLE_LV,LV,CLE,Geno Smith,00-0030565,QB,att,28.976,19.0,24.0,30.0,35.0,39.0
2025_12_CLE_LV,LV,CLE,Geno Smith,00-0030565,QB,cmp,18.406,11.0,15.0,19.0,22.0,26.0
2025_12_CLE_LV,LV,CLE,Geno Smith,00-0030565,QB,pass_yds,192.724,114.897,151.882,191.518,235.135,277.073
2025_12_CLE_LV,LV,CLE,Geno Smith,00-0030565,QB,pass_td,1.147,0.0,0.0,1.0,2.0,3.0
2025_12_CLE_LV,LV,CLE,Geno Smith,00-0030565,QB,ints,0.759,0.0,0.0,1.0,1.0,2.0
2025_12_CLE_LV,LV,CLE,Geno Smith,00-0030565,QB,car,3.785,1.0,2.0,3.0,5.0,7.0
2025_12_CLE_LV,LV,CLE,Geno Smith,00-0030565,QB,rush_yds,14.438,-0.135,2.728,10.291,21.851,34.757
2025_12_CLE_LV,LV,CLE,Geno Smith,00-0030565,QB,tgt,0.001,0.0,0.0,0.0,0.0,0.0
2025_12_CLE_LV,LV,CLE,Geno Smith,00-0030565,QB,rec,0.001,0.0,0.0,0.0,0.0,0.0
2025_12_CLE_LV,LV,CLE,Geno Smith,00-0030565,QB,rec_yds,0.008,0.0,0.0,0.0,0.0,0.0
2025_12_CLE_LV,LV,CLE,Geno Smith,00-0030565,QB,anytime_td,0.047,0.0,0.0,0.0,0.0,0.0
2025_12_CLE_LV,LV,CLE,Brock Bowers,00-0039338,TE,car,0.417,0.0,0.0,0.0,0.0,1.0
2025_12_CLE_LV,LV,CLE,Brock Bowers,00-0039338,TE,rush_yds,0.881,0.0,0.0,0.0,0.0,2.721
2025_12_CLE_LV,LV,CLE,Brock Bowers,00-0039338,TE,tgt,7.344,3.0,5.0,7.0,9.0,12.0
2025_12_CLE_LV,LV,CLE,Brock Bowers,00-0039338,TE,rec,5.008,2.0,3.0,5.0,7.0,8.0
2025_12_CLE_LV,LV,CLE,Brock Bowers,00-0039338,TE,rec_yds,54.872,16.17,30.231,49.797,73.804,100.121
2025_12_CLE_LV,LV,CLE,Brock Bowers,00-0039338,TE,anytime_td,0.279,0.0,0.0,0.0,1.0,1.0
2025_12_CLE_LV,LV,CLE,Tre Tucker,00-0038563,WR,car,0.604,0.0,0.0,0.0,1.0,2.0
2025_12_CLE_LV,LV,CLE,Tre Tucker,00-0038563,WR,rush_yds,3.482,0.0,0.0,0.0,0.0,11.809
2025_12_CLE_LV,LV,CLE,Tre Tucker,00-0038563,WR,tgt,5.147,2.0,3.0,5.0,7.0,9.0
2025_12_CLE_LV,LV,CLE,Tre Tucker,00-0038563,WR,rec,3.241,1.0,2.0,3.0,5.0,6.0
2025_12_CLE_LV,LV,CLE,Tre Tucker,00-0038563,WR,rec_yds,40.797,5.559,16.682,35.33,58.675,82.965
2025_12_CLE_LV,LV,CLE,Tre Tucker,00-0038563,WR,anytime_td,0.275,0.0,0.0,0.0,1.0,1.0
2025_12_CLE_LV,LV,CLE,Ashton Jeanty,00-0040122,RB,car,16.602,9.0,12.0,16.0,20.0,25.0
2025_12_CLE_LV,LV,CLE,Ashton Jeanty,00-0040122,RB,rush_yds,64.243,23.983,38.659,58.21,83.436,112.503
2025_12_CLE_LV,LV,CLE,Ashton Jeanty,00-0040122,RB,tgt,4.249,1.0,2.0,4.0,6.0,8.0
2025_12_CLE_LV,LV,CLE,Ashton Jeanty,00-0040122,RB,rec,3.14,1.0,2.0,3.0,4.0,6.0
2025_12_CLE_LV,LV,CLE,Ashton Jeanty,00-0040122,RB,rec_yds,21.434,0.0,6.98,17.143,31.054,48.028
2025_12_CLE_LV,LV,CLE,Ashton Jeanty,00-0040122,RB,anytime_td,0.498,0.0,0.0,0.0,1.0,1.0
2025_12_CLE_LV,LV,CLE,Tyler Lockett,00-0032211,WR,car,0.01,0.0,0.0,0.0,0.0,0.0
2025_12_CLE_LV,LV,CLE,Tyler Lockett,00-0032211,WR,rush_yds,0.054,0.0,0.0,0.0,0.0,0.0
2025_12_CLE_LV,LV,CLE,Tyler Lockett,00-0032211,WR,tgt,2.819,0.0,1.0,2.0,4.0,6.0
2025_12_CLE_LV,LV,CLE,Tyler Lockett,00-0032211,WR,rec,1.745,0.0,1.0,1.0,3.0,4.0
2025_12_CLE_LV,LV,CLE,Tyler Lockett,00-0032211,WR,rec_yds,20.629,0.0,2.888,14.591,31.061,49.848
2025_12_CLE_LV,LV,CLE,Tyler Lockett,00-0032211,WR,anytime_td,0.061,0.0,0.0,0.0,0.0,0.0
2025_12_CLE_LV,LV,CLE,Ian Thomas,00-0034365,TE,car,0.002,0.0,0.0,0.0,0.0,0.0
2025_12_CLE_LV,LV,CLE,Ian Thomas,00-0034365,TE,rush_yds,0.002,0.0,0.0,0.0,0.0,0.0
2025_12_CLE_LV,LV,CLE,Ian Thomas,00-0034365,TE,tgt,0.766,0.0,0.0,0.0,1.0,2.0
2025_12_CLE_LV,LV,CLE,Ian Thomas,00-0034365,TE,rec,0.547,0.0,0.0,0.0,1.0,2.0
2025_12_CLE_LV,LV,CLE,Ian Thomas,00-0034365,TE,rec_yds,5.585,0.0,0.0,0.0,7.521,19.12
2025_12_CLE_LV,LV,CLE,Ian Thomas,00-0034365,TE,anytime_td,0.008,0.0,0.0,0.0,0.0,0.0
2025_12_CLE_LV,LV,CLE,Dont'e Thornton Jr.,00-0040581,WR,car,0.012,0.0,0.0,0.0,0.0,0.0
2025_12_CLE_LV,LV,CLE,Dont'e Thornton Jr.,00-0040581,WR,rush_yds,0.053,0.0,0.0,0.0,0.0,0.0
2025_12_CLE_LV,LV,CLE,Dont'e Thornton Jr.,00-0040581,WR,tgt,2.057,0.0,1.0,2.0,3.0,4.0
2025_12_CLE_LV,LV,CLE,Dont'e Thornton Jr.,00-0040581,WR,rec,1.078,0.0,0.0,1.0,2.0,3.0
2025_12_CLE_LV,LV,CLE,Dont'e Thornton Jr.,00-0040581,WR,rec_yds,13.796,0.0,0.0,6.798,21.255,39.359
2025_12_CLE_LV,LV,CLE,Dont'e Thornton Jr.,00-0040581,WR,anytime_td,0.035,0.0,0.0,0.0,0.0,0.0
2025_12_CLE_LV,LV,CLE,Raheem Mostert,00-0031687,RB,car,3.473,0.0,1.0,3.0,5.0,8.0
2025_12_CLE_LV,LV,CLE,Raheem Mostert,00-0031687,RB,rush_yds,14.273,0.0,1.743,8.392,20.407,37.208
2025_12_CLE_LV,LV,CLE,Raheem Mostert,00-0031687,RB,tgt,1.097,0.0,0.0,1.0,2.0,3.0
2025_12_CLE_LV,LV,CLE,Raheem Mostert,00-0031687,RB,rec,0.845,0.0,0.0,1.0,1.0,2.0
2025_12_CLE_LV,LV,CLE,Raheem Mostert,00-0031687,RB,rec_yds,6.148,0.0,0.0,0.0,9.1,19.473
2025_12_CLE_LV,LV,CLE,Raheem Mostert,00-0031687,RB,anytime_td,0.092,0.0,0.0,0.0,0.0,0.0
2025_12_CLE_LV,LV,CLE,Michael Mayer,00-0039066,TE,car,0.002,0.0,0.0,0.0,0.0,0.0
2025_12_CLE_LV,LV,CLE,Michael Mayer,00-0039066,TE,rush_yds,0.008,0.0,0.0,0.0,0.0,0.0
2025_12_CLE_LV,LV,CLE,Michael Mayer,00-0039066,TE,tgt,3.716,1.0,2.0,3.0,5.0,7.0
2025_12_CLE_LV,LV,CLE,Michael Mayer,00-0039066,TE,rec,2.472,0.0,1.0,2.0,4.0,5.0
2025_12_CLE_LV,LV,CLE,Michael Mayer,00-0039066,TE,rec_yds,23.647,0.0,7.661,19.492,34.385,51.436
2025_12_CLE_LV,LV,CLE,Michael Mayer,00-0039066,TE,anytime_td,0.121,0.0,0.0,0.0,0.0,1.0
2025_12_CLE_LV,LV,CLE,Jack Bech,00-0040729,WR,car,0.011,0.0,0.0,0.0,0.0,0.0
2025_12_CLE_LV,LV,CLE,Jack Bech,00-0040729,WR,rush_yds,0.049,0.0,0.0,0.0,0.0,0.0
2025_12_CLE_LV,LV,CLE,Jack Bech,00-0040729,WR,tgt,1.516,0.0,0.0,1.0,2.0,4.0
2025_12_CLE_LV,LV,CLE,Jack Bech,00-0040729,WR,rec,0.938,0.0,0.0,1.0,1.0,2.0
2025_12_CLE_LV,LV,CLE,Jack Bech,00-0040729,WR,rec_yds,11.672,0.0,0.0,3.855,17.388,35.121
2025_12_CLE_LV,LV,CLE,Jack Bech,00-0040729,WR,anytime_td,0.027,0.0,0.0,0.0,0.0,0.0
2025_12_CLE_LV,CLE,LV,Harold Fannin Jr.,00-0040663,TE,car,0.237,0.0,0.0,0.0,0.0,1.0
2025_12_CLE_LV,CLE,LV,Harold Fannin Jr.,00-0040663,TE,rush_yds,0.536,0.0,0.0,0.0,0.0,0.376
2025_12_CLE_LV,CLE,LV,Harold Fannin Jr.,00-0040663,TE,tgt,5.072,2.0,3.0,5.0,7.0,9.0
2025_12_CLE_LV,CLE,LV,Harold Fannin Jr.,00-0040663,TE,rec,3.5,1.0,2.0,3.0,5.0,7.0
2025_12_CLE_LV,CLE,LV,Harold Fannin Jr.,00-0040663,TE,rec_yds,36.204,5.861,15.769,31.0,51.448,73.598
2025_12_CLE_LV,CLE,LV,Harold Fannin Jr.,00-0040663,TE,anytime_td,0.16,0.0,0.0,0.0,0.0,1.0
2025_12_CLE_LV,CLE,LV,Shedeur Sanders,00-0040668,QB,att,29.62,20.0,25.0,30.0,35.0,40.0
2025_12_CLE_LV,CLE,LV,Shedeur Sanders,00-0040668,QB,cmp,18.308,12.0,15.0,19.0,22.0,25.0
2025_12_CLE_LV,CLE,LV,Shedeur Sanders,00-0040668,QB,pass_yds,190.94,114.185,150.982,191.33,231.67,273.085
2025_12_CLE_LV,CLE,LV,Shedeur Sanders,00-0040668,QB,pass_td,0.968,0.0,0.0,1.0,2.0,2.0
2025_12_CLE_LV,CLE,LV,Shedeur Sanders,00-0040668,QB,ints,0.677,0.0,0.0,0.0,1.0,2.0
2025_12_CLE_LV,CLE,LV,Shedeur Sanders,00-0040668,QB,car,3.184,1.0,2.0,3.0,4.0,6.0
2025_12_CLE_LV,CLE,LV,Shedeur Sanders,00-0040668,QB,rush_yds,17.021,0.0,4.799,13.464,25.129,39.327
2025_12_CLE_LV,CLE,LV,Shedeur Sanders,00-0040668,QB,tgt,0.001,0.0,0.0,0.0,0.0,0.0
2025_12_CLE_LV,CLE,LV,Shedeur Sanders,00-0040668,QB,rec,0.0,0.0,0.0,0.0,0.0,0.0
2025_12_CLE_LV,CLE,LV,Shedeur Sanders,00-0040668,QB,rec_yds,0.003,0.0,0.0,0.0,0.0,0.0
2025_12_CLE_LV,CLE,LV,Shedeur Sanders,00-0040668,QB,anytime_td,0.014,0.0,0.0,0.0,0.0,0.0
2025_12_CLE_LV,CLE,LV,Jerry Jeudy,00-0036407,WR,car,0.008,0.0,0.0,0.0,0.0,0.0
2025_12_CLE_LV,CLE,LV,Jerry Jeudy,00-0036407,WR,rush_yds,0.036,0.0,0.0,0.0,0.0,0.0
2025_12_CLE_LV,CLE,LV,Jerry Jeudy,00-0036407,WR,tgt,6.407,3.0,4.0,6.0,8.0,11.0
2025_12_CLE_LV,CLE,LV,Jerry Jeudy,00-0036407,WR,rec,3.419,1.0,2.0,3.0,5.0,6.0
2025_12_CLE_LV,CLE,LV,Jerry Jeudy,00-0036407,WR,rec_yds,42.242,6.845,18.655,36.523,59.454,85.078
2025_12_CLE_LV,CLE,LV,Jerry Jeudy,00-0036407,WR,anytime_td,0.165,0.0,0.0,0.0,0.0,1.0
2025_12_CLE_LV,CLE,LV,Cedric Tillman,00-0038979,WR,car,0.023,0.0,0.0,0.0,0.0,0.0
2025_12_CLE_LV,CLE,LV,Cedric Tillman,00-0038979,WR,rush_yds,0.115,0.0,0.0,0.0,0.0,0.0
2025_12_CLE_LV,CLE,LV,Cedric Tillman,00-0038979,WR,tgt,3.695,1.0,2.0,3.0,5.0,7.0
2025_12_CLE_LV,CLE,LV,Cedric Tillman,00-0038979,WR,rec,2.249,0.0,1.0,2.0,3.0,5.0
2025_12_CLE_LV,CLE,LV,Cedric Tillman,00-0038979,WR,rec_yds,27.92,0.0,7.395,21.02,41.51,64.472
2025_12_CLE_LV,CLE,LV,Cedric Tillman,00-0038979,WR,anytime_td,0.178,0.0,0.0,0.0,0.0,1.0
2025_12_CLE_LV,CLE,LV,David Njoku,00-0033885,TE,car,0.005,0.0,0.0,0.0,0.0,0.0
2025_12_CLE_LV,CLE,LV,David Njoku,00-0033885,TE,rush_yds,0.009,0.0,0.0,0.0,0.0,0.0
2025_12_CLE_LV,CLE,LV,David Njoku,00-0033885,TE,tgt,3.944,1.0,2.0,4.0,5.0,7.0
2025_12_CLE_LV,CLE,LV,David Njoku,00-0033885,TE,rec,2.738,1.0,1.0,2.0,4.0,5.0
2025_12_CLE_LV,CLE,LV,David Njoku,00-0033885,TE,rec_yds,27.486,0.0,10.066,23.026,39.67,58.614
2025_12_CLE_LV,CLE,LV,David Njoku,00-0033885,TE,anytime_td,0.222,0.0,0.0,0.0,0.0,1.0
2025_12_CLE_LV,CLE,LV,Quinshon Judkins,00-0040784,RB,car,17.062,9.0,12.0,16.0,21.0,26.0
2025_12_CLE_LV,CLE,LV,Quinshon Judkins,00-0040784,RB,rush_yds,63.514,23.586,37.441,58.216,82.71,110.452
2025_12_CLE_LV,CLE,LV,Quinshon Judkins,00-0040784,RB,tgt,1.835,0.0,1.0,1.0,3.0,4.0
2025_12_CLE_LV,CLE,LV,Quinshon Judkins,00-0040784,RB,rec,1.376,0.0,0.0,1.0,2.0,3.0
2025_12_CLE_LV,CLE,LV,Quinshon Judkins,00-0040784,RB,rec_yds,9.696,0.0,0.0,5.227,14.383,26.882
2025_12_CLE_LV,CLE,LV,Quinshon Judkins,00-0040784,RB,anytime_td,0.382,0.0,0.0,0.0,1.0,1.0
2025_12_CLE_LV,CLE,LV,Dylan Sampson,00-0040162,RB,car,2.72,0.0,1.0,2.0,4.0,7.0
2025_12_CLE_LV,CLE,LV,Dylan Sampson,00-0040162,RB,rush_yds,10.611,0.0,0.0,5.191,14.886,28.557
2025_12_CLE_LV,CLE,LV,Dylan Sampson,00-0040162,RB,tgt,1.914,0.0,1.0,2.0,3.0,4.0
2025_12_CLE_LV,CLE,LV,Dylan Sampson,00-0040162,RB,rec,1.492,0.0,0.0,1.0,2.0,3.0
2025_12_CLE_LV,CLE,LV,Dylan Sampson,00-0040162,RB,rec_yds,10.717,0.0,0.0,6.35,16.333,28.716
2025_12_CLE_LV,CLE,LV,Dylan Sampson,00-0040162,RB,anytime_td,0.093,0.0,0.0,0.0,0.0,0.0
2025_12_CLE_LV,CLE,LV,Isaiah Bond,00-0040782,WR,car,0.241,0.0,0.0,0.0,0.0,1.0
2025_12_CLE_LV,CLE,LV,Isaiah Bond,00-0040782,WR,rush_yds,1.235,0.0,0.0,0.0,0.0,0.918
2025_12_CLE_LV,CLE,LV,Isaiah Bond,00-0040782,WR,tgt,2.791,0.0,1.0,2.0,4.0,6.0
2025_12_CLE_LV,CLE,LV,Isaiah Bond,00-0040782,WR,rec,1.456,0.0,0.0,1.0,2.0,3.0
2025_12_CLE_LV,CLE,LV,Isaiah Bond,00-0040782,WR,rec_yds,18.57,0.0,0.0,12.085,28.246,48.319
2025_12_CLE_LV,CLE,LV,Isaiah Bond,00-0040782,WR,anytime_td,0.063,0.0,0.0,0.0,0.0,0.0
2025_12_CLE_LV,CLE,LV,Gage Larvadain,00-0040259,WR,car,0.015,0.0,0.0,0.0,0.0,0.0
2025_12_CLE_LV,CLE,LV,Gage Larvadain,00-0040259,WR,rush_yds,0.096,0.0,0.0,0.0,0.0,0.0
2025_12_CLE_LV,CLE,LV,Gage Larvadain,00-0040259,WR,tgt,0.962,0.0,0.0,1.0,1.0,3.0
2025_12_CLE_LV,CLE,LV,Gage Larvadain,00-0040259,WR,rec,0.575,0.0,0.0,0.0,1.0,2.0
2025_12_CLE_LV,CLE,LV,Gage Larvadain,00-0040259,WR,rec_yds,7.307,0.0,0.0,0.0,10.042,23.984
2025_12_CLE_LV,CLE,LV,Gage Larvadain,00-0040259,WR,anytime_td,0.014,0.0,0.0,0.0,0.0,0.0
2025_12_CLE_LV,CLE,LV,Malachi Corley,00-0039920,WR,car,0.665,0.0,0.0,0.0,1.0,2.0
2025_12_CLE_LV,CLE,LV,Malachi Corley,00-0039920,WR,rush_yds,3.835,0.0,0.0,0.0,0.0,13.778
2025_12_CLE_LV,CLE,LV,Malachi Corley,00-0039920,WR,tgt,1.001,0.0,0.0,1.0,2.0,3.0
2025_12_CLE_LV,CLE,LV,Malachi Corley,00-0039920,WR,rec,0.645,0.0,0.0,0.0,1.0,2.0
2025_12_CLE_LV,CLE,LV,Malachi Corley,00-0039920,WR,rec_yds,7.728,0.0,0.0,0.0,10.556,25.003
2025_12_CLE_LV,CLE,LV,Malachi Corley,00-0039920,WR,anytime_td,0.023,0.0,0.0,0.0,0.0,0.0
2025_12_CLE_LV,CLE,LV,Jerome Ford,00-0037267,RB,car,2.555,0.0,0.0,2.0,4.0,6.0
2025_12_CLE_LV,CLE,LV,Jerome Ford,00-0037267,RB,rush_yds,10.337,0.0,0.0,4.787,14.415,28.884
2025_12_CLE_LV,CLE,LV,Jerome Ford,00-0037267,RB,tgt,1.913,0.0,1.0,2.0,3.0,4.0
2025_12_CLE_LV,CLE,LV,Jerome Ford,00-0037267,RB,rec,1.499,0.0,0.0,1.0,2.0,3.0
2025_12_CLE_LV,CLE,LV,Jerome Ford,00-0037267,RB,rec_yds,9.931,0.0,0.0,5.663,15.123,26.382
2025_12_CLE_LV,CLE,LV,Jerome Ford,00-0037267,RB,anytime_td,0.084,0.0,0.0,0.0,0.0,0.0
2025_12_IND_KC,KC,IND,Patrick Mahomes,00-0033873,QB,att,33.562,23.0,29.0,34.0,40.0,44.0
2025_12_IND_KC,KC,IND,Patrick Mahomes,00-0033873,QB,cmp,22.2,15.0,19.0,23.0,27.0,30.0
2025_12_IND_KC,KC,IND,Patrick Mahomes,00-0033873,QB,pass_yds,252.145,159.221,204.938,253.238,304.316,351.712
2025_12_IND_KC,KC,IND,Patrick Mahomes,00-0033873,QB,pass_td,1.786,0.0,1.0,2.0,3.0,3.0
2025_12_IND_KC,KC,IND,Patrick Mahomes,00-0033873,QB,ints,0.725,0.0,0.0,0.0,1.0,2.0
2025_12_IND_KC,KC,IND,Patrick Mahomes,00-0033873,QB,car,3.859,1.0,2.0,4.0,5.0,7.0
2025_12_IND_KC,KC,IND,Patrick Mahomes,00-0033873,QB,rush_yds,20.862,0.0,7.017,17.051,30.837,45.11
2025_12_IND_KC,KC,IND,Patrick Mahomes,00-0033873,QB,tgt,0.0,0.0,0.0,0.0,0.0,0.0
2025_12_IND_KC,KC,IND,Patrick Mahomes,00-0033873,QB,rec,0.0,0.0,0.0,0.0,0.0,0.0
2025_12_IND_KC,KC,IND,Patrick Mahomes,00-0033873,QB,rec_yds,0.0,0.0,0.0,0.0,0.0,0.0
2025_12_IND_KC,KC,IND,Patrick Mahomes,00-0033873,QB,anytime_td,0.224,0.0,0.0,0.0,0.0,1.0
2025_12_IND_KC,KC,IND,Travis Kelce,00-0030506,TE,car,0.001,0.0,0.0,0.0,0.0,0.0
2025_12_IND_KC,KC,IND,Travis Kelce,00-0030506,TE,rush_yds,0.001,0.0,0.0,0.0,0.0,0.0
2025_12_IND_KC,KC,IND,Travis Kelce,00-0030506,TE,tgt,6.584,3.0,4.0,6.0,9.0,11.0
2025_12_IND_KC,KC,IND,Travis Kelce,00-0030506,TE,rec,4.873,2.0,3.0,5.0,7.0,8.0
2025_12_IND_KC,KC,IND,Travis Kelce,00-0030506,TE,rec_yds,56.199,15.466,29.611,50.905,77.616,104.564
2025_12_IND_KC,KC,IND,Travis Kelce,00-0030506,TE,anytime_td,0.308,0.0,0.0,0.0,1.0,1.0
2025_12_IND_KC,KC,IND,Xavier Worthy,00-0039894,WR,car,0.927,0.0,0.0,0.0,1.0,3.0
2025_12_IND_KC,KC,IND,Xavier Worthy,00-0039894,WR,rush_yds,5.383,0.0,0.0,0.0,4.703,18.499
2025_12_IND_KC,KC,IND,Xavier Worthy,00-0039894,WR,tgt,5.223,2.0,3.0,5.0,7.0,9.0
2025_12_IND_KC,KC,IND,Xavier Worthy,00-0039894,WR,rec,3.292,1.0,2.0,3.0,5.0,6.0
2025_12_IND_KC,KC,IND,Xavier Worthy,00-0039894,WR,rec_yds,39.206,4.935,15.235,32.884,56.369,81.195
2025_12_IND_KC,KC,IND,Xavier Worthy,00-0039894,WR,anytime_td,0.188,0.0,0.0,0.0,0.0,1.0
2025_12_IND_KC,KC,IND,Kareem Hunt,00-0033923,RB,car,10.807,4.0,7.0,10.0,14.0,18.0
2025_12_IND_KC,KC,IND,Kareem Hunt,00-0033923,RB,rush_yds,45.183,11.417,22.014,38.925,60.517,88.012
2025_12_IND_KC,KC,IND,Kareem Hunt,00-0033923,RB,tgt,1.264,0.0,0.0,1.0,2.0,3.0
2025_12_IND_KC,KC,IND,Kareem Hunt,00-0033923,RB,rec,0.978,0.0,0.0,1.0,2.0,3.0
2025_12_IND_KC,KC,IND,Kareem Hunt,00-0033923,RB,rec_yds,7.036,0.0,0.0,1.035,10.444,20.826
2025_12_IND_KC,KC,IND,Kareem Hunt,00-0033923,RB,anytime_td,0.423,0.0,0.0,0.0,1.0,1.0
2025_12_IND_KC,KC,IND,Rashee Rice,00-0039067,WR,car,0.83,0.0,0.0,0.0,1.0,3.0
2025_12_IND_KC,KC,IND,Rashee Rice,00-0039067,WR,rush_yds,4.46,0.0,0.0,0.0,3.75,15.26
2025_12_IND_KC,KC,IND,Rashee Rice,00-0039067,WR,tgt,7.171,3.0,5.0,7.0,9.0,12.0
2025_12_IND_KC,KC,IND,Rashee Rice,00-0039067,WR,rec,4.961,2.0,3.0,5.0,7.0,9.0
2025_12_IND_KC,KC,IND,Rashee Rice,00-0039067,WR,rec_yds,57.627,14.625,30.223,50.898,79.281,108.077
2025_12_IND_KC,KC,IND,Rashee Rice,00-0039067,WR,anytime_td,0.452,0.0,0.0,0.0,1.0,1.0
2025_12_IND_KC,KC,IND,JuJu Smith-Schuster,00-0033857,WR,car,0.007,0.0,0.0,0.0,0.0,0.0
2025_12_IND_KC,KC,IND,JuJu Smith-Schuster,00-0033857,WR,rush_yds,0.029,0.0,0.0,0.0,0.0,0.0
2025_12_IND_KC,KC,IND,JuJu Smith-Schuster,00-0033857,WR,tgt,2.211,0.0,1.0,2.0,3.0,5.0
2025_12_IND_KC,KC,IND,JuJu Smith-Schuster,00-0033857,WR,rec,1.518,0.0,0.0,1.0,2.0,3.0
2025_12_IND_KC,KC,IND,JuJu Smith-Schuster,00-0033857,WR,rec_yds,19.051,0.0,0.0,12.632,29.588,49.358
2025_12_IND_KC,KC,IND,JuJu Smith-Schuster,00-0033857,WR,anytime_td,0.089,0.0,0.0,0.0,0.0,0.0
2025_12_IND_KC,KC,IND,Marquise Brown,00-0035662,WR,car,0.007,0.0,0.0,0.0,0.0,0.0
2025_12_IND_KC,KC,IND,Marquise Brown,00-0035662,WR,rush_yds,0.03,0.0,0.0,0.0,0.0,0.0
2025_12_IND_KC,KC,IND,Marquise Brown,00-0035662,WR,tgt,4.343,1.0,2.0,4.0,6.0,8.0
2025_12_IND_KC,KC,IND,Marquise Brown,00-0035662,WR,rec,2.812,1.0,1.0,3.0,4.0,5.0
2025_12_IND_KC,KC,IND,Marquise Brown,00-0035662,WR,rec_yds,35.63,0.0,12.574,28.868,51.615,77.95
2025_12_IND_KC,KC,IND,Marquise Brown,00-0035662,WR,anytime_td,0.254,0.0,0.0,0.0,1.0,1.0
2025_12_IND_KC,KC,IND,Noah Gray,00-0036637,TE,car,0.007,0.0,0.0,0.0,0.0,0.0
2025_12_IND_KC,KC,IND,Noah Gray,00-0036637,TE,rush_yds,0.014,0.0,0.0,0.0,0.0,0.0
2025_12_IND_KC,KC,IND,Noah Gray,00-0036637,TE,tgt,2.133,0.0,1.0,2.0,3.0,5.0
2025_12_IND_KC,KC,IND,Noah Gray,00-0036637,TE,rec,1.447,0.0,0.0,1.0,2.0,3.0
2025_12_IND_KC,KC,IND,Noah Gray,00-0036637,TE,rec_yds,14.521,0.0,0.0,8.939,21.963,38.783
2025_12_IND_KC,KC,IND,Noah Gray,00-0036637,TE,anytime_td,0.052,0.0,0.0,0.0,0.0,0.0
2025_12_IND_KC,KC,IND,Tyquan Thornton,00-0038104,WR,car,0.015,0.0,0.0,0.0,0.0,0.0
2025_12_IND_KC,KC,IND,Tyquan Thornton,00-0038104,WR,rush_yds,0.093,0.0,0.0,0.0,0.0,0.0
2025_12_IND_KC,KC,IND,Tyquan Thornton,00-0038104,WR,tgt,2.19,0.0,1.0,2.0,3.0,5.0
2025_12_IND_KC,KC,IND,Tyquan Thornton,00-0038104,WR,rec,1.33,0.0,0.0,1.0,2.0,3.0
2025_12_IND_KC,KC,IND,Tyquan Thornton,00-0038104,WR,rec_yds,20.484,0.0,0.0,12.383,30.589,54.539
2025_12_IND_KC,KC,IND,Tyquan Thornton,00-0038104,WR,anytime_td,0.146,0.0,0.0,0.0,0.0,1.0
2025_12_IND_KC,KC,IND,Brashard Smith,00-0040078,RB,car,3.597,0.0,1.0,3.0,5.0,8.0
2025_12_IND_KC,KC,IND,Brashard Smith,00-0040078,RB,rush_yds,14.206,0.0,2.357,9.049,20.506,34.91
2025_12_IND_KC,KC,IND,Brashard Smith,00-0040078,RB,tgt,2.082,0.0,1.0,2.0,3.0,5.0
2025_12_IND_KC,KC,IND,Brashard Smith,00-0040078,RB,rec,1.592,0.0,0.0,1.0,2.0,4.0
2025_12_IND_KC,KC,IND,Brashard Smith,00-0040078,RB,rec_yds,12.169,0.0,0.0,7.478,18.498,32.259
2025_12_IND_KC,KC,IND,Brashard Smith,00-0040078,RB,anytime_td,0.091,0.0,0.0,0.0,0.0,0.0
2025_12_IND_KC,KC,IND,Clyde Edwards-Helaire,00-0036360,RB,car,4.219,1.0,2.0,3.0,6.0,9.0
2025_12_IND_KC,KC,IND,Clyde Edwards-Helaire,00-0036360,RB,rush_yds,17.382,0.0,3.836,11.895,24.766,41.526
2025_12_IND_KC,KC,IND,Clyde Edwards-Helaire,00-0036360,RB,tgt,0.866,0.0,0.0,0.0,1.0,2.0
2025_12_IND_KC,KC,IND,Clyde Edwards-Helaire,00-0036360,RB,rec,0.677,0.0,0.0,0.0,1.0,2.0
2025_12_IND_KC,KC,IND,Clyde Edwards-Helaire,00-0036360,RB,rec_yds,5.087,0.0,0.0,0.0,6.734,16.878
2025_12_IND_KC,KC,IND,Clyde Edwards-Helaire,00-0036360,RB,anytime_td,0.124,0.0,0.0,0.0,0.0,1.0
2025_12_IND_KC,IND,KC,Daniel Jones,00-0035710,QB,att,30.623,21.0,26.0,31.0,36.0,41.0
2025_12_IND_KC,IND,KC,Daniel Jones,00-0035710,QB,cmp,20.923,13.0,17.0,21.0,25.0,29.0
2025_12_IND_KC,IND,KC,Daniel Jones,00-0035710,QB,pass_yds,233.996,143.384,189.059,234.074,283.152,332.842
2025_12_IND_KC,IND,KC,Daniel Jones,00-0035710,QB,pass_td,1.389,0.0,1.0,1.0,2.0,3.0
2025_12_IND_KC,IND,KC,Daniel Jones,00-0035710,QB,ints,0.706,0.0,0.0,0.0,1.0,2.0
2025_12_IND_KC,IND,KC,Daniel Jones,00-0035710,QB,car,4.006,1.0,2.0,4.0,5.0,8.0
2025_12_IND_KC,IND,KC,Daniel Jones,00-0035710,QB,rush_yds,17.672,0.0,4.859,13.604,26.399,39.844
2025_12_IND_KC,IND,KC,Daniel Jones,00-0035710,QB,tgt,0.002,0.0,0.0,0.0,0.0,0.0
2025_12_IND_KC,IND,KC,Daniel Jones,00-0035710,QB,rec,0.002,0.0,0.0,0.0,0.0,0.0
2025_12_IND_KC,IND,KC,Daniel Jones,00-0035710,QB,rec_yds,0.015,0.0,0.0,0.0,0.0,0.0
2025_12_IND_KC,IND,KC,Daniel Jones,00-0035710,QB,anytime_td,0.246,0.0,0.0,0.0,0.0,1.0
2025_12_IND_KC,IND,KC,Alec Pierce,00-0037664,WR,car,0.008,0.0,0.0,0.0,0.0,0.0
2025_12_IND_KC,IND,KC,Alec Pierce,00-0037664,WR,rush_yds,0.038,0.0,0.0,0.0,0.0,0.0
2025_12_IND_KC,IND,KC,Alec Pierce,00-0037664,WR,tgt,6.119,2.0,4.0,6.0,8.0,10.0
2025_12_IND_KC,IND,KC,Alec Pierce,00-0037664,WR,rec,3.632,1.0,2.0,3.0,5.0,7.0
2025_12_IND_KC,IND,KC,Alec Pierce,00-0037664,WR,rec_yds,56.571,10.642,25.751,49.598,79.409,111.359
2025_12_IND_KC,IND,KC,Alec Pierce,00-0037664,WR,anytime_td,0.201,0.0,0.0,0.0,0.0,1.0
2025_12_IND_KC,IND,KC,Jonathan Taylor,00-0036223,RB,car,17.85,10.0,13.0,17.0,22.0,27.0
2025_12_IND_KC,IND,KC,Jonathan Taylor,00-0036223,RB,rush_yds,83.979,33.071,49.978,75.499,108.292,145.771
2025_12_IND_KC,IND,KC,Jonathan Taylor,00-0036223,RB,tgt,2.706,0.0,1.0,2.0,4.0,5.0
2025_12_IND_KC,IND,KC,Jonathan Taylor,00-0036223,RB,rec,2.29,0.0,1.0,2.0,3.0,5.0
2025_12_IND_KC,IND,KC,Jonathan Taylor,00-0036223,RB,rec_yds,17.702,0.0,3.046,12.925,26.814,43.324
2025_12_IND_KC,IND,KC,Jonathan Taylor,00-0036223,RB,anytime_td,0.585,0.0,0.0,1.0,1.0,1.0
2025_12_IND_KC,IND,KC,Tyler Warren,00-0040128,TE,car,0.228,0.0,0.0,0.0,0.0,1.0
2025_12_IND_KC,IND,KC,Tyler Warren,00-0040128,TE,rush_yds,0.442,0.0,0.0,0.0,0.0,0.0
2025_12_IND_KC,IND,KC,Tyler Warren,00-0040128,TE,tgt,6.009,2.0,4.0,6.0,8.0,10.0
2025_12_IND_KC,IND,KC,Tyler Warren,00-0040128,TE,rec,4.54,2.0,3.0,4.0,6.0,8.0
2025_12_IND_KC,IND,KC,Tyler Warren,00-0040128,TE,rec_yds,49.261,11.477,25.137,44.459,67.609,93.391
2025_12_IND_KC,IND,KC,Tyler Warren,00-0040128,TE,anytime_td,0.256,0.0,0.0,0.0,1.0,1.0
2025_12_IND_KC,IND,KC,Michael Pittman,00-0036252,WR,car,0.007,0.0,0.0,0.0,0.0,0.0
2025_12_IND_KC,IND,KC,Michael Pittman,00-0036252,WR,rush_yds,0.039,0.0,0.0,0.0,0.0,0.0
2025_12_IND_KC,IND,KC,Michael Pittman,00-0036252,WR,tgt,6.432,3.0,4.0,6.0,8.0,11.0
2025_12_IND_KC,IND,KC,Michael Pittman,00-0036252,WR,rec,4.668,2.0,3.0,4.0,6.0,8.0
2025_12_IND_KC,IND,KC,Michael Pittman,00-0036252,WR,rec_yds,53.814,13.739,27.67,48.307,73.988,101.601
2025_12_IND_KC,IND,KC,Michael Pittman,00-0036252,WR,anytime_td,0.297,0.0,0.0,0.0,1.0,1.0
2025_12_IND_KC,IND,KC,Mo Alie-Cox,00-0033217,TE,car,0.003,0.0,0.0,0.0,0.0,0.0
2025_12_IND_KC,IND,KC,Mo Alie-Cox,00-0033217,TE,rush_yds,0.009,0.0,0.0,0.0,0.0,0.0
2025_12_IND_KC,IND,KC,Mo Alie-Cox,00-0033217,TE,tgt,0.87,0.0,0.0,0.0,1.0,2.0
2025_12_IND_KC,IND,KC,Mo Alie-Cox,00-0033217,TE,rec,0.606,0.0,0.0,0.0,1.0,2.0
2025_12_IND_KC,IND,KC,Mo Alie-Cox,00-0033217,TE,rec_yds,6.087,0.0,0.0,0.0,8.667,20.041
2025_12_IND_KC,IND,KC,Mo Alie-Cox,00-0033217,TE,anytime_td,0.011,0.0,0.0,0.0,0.0,0.0
2025_12_IND_KC,IND,KC,Josh Downs,00-0038997,WR,car,0.008,0.0,0.0,0.0,0.0,0.0
2025_12_IND_KC,IND,KC,Josh Downs,00-0038997,WR,rush_yds,0.03,0.0,0.0,0.0,0.0,0.0
2025_12_IND_KC,IND,KC,Josh Downs,00-0038997,WR,tgt,5.157,2.0,3.0,5.0,7.0,9.0
2025_12_IND_KC,IND,KC,Josh Downs,00-0038997,WR,rec,3.619,1.0,2.0,3.0,5.0,7.0
2025_12_IND_KC,IND,KC,Josh Downs,00-0038997,WR,rec_yds,38.543,6.307,16.232,32.762,54.499,78.129
2025_12_IND_KC,IND,KC,Josh Downs,00-0038997,WR,anytime_td,0.286,0.0,0.0,0.0,1.0,1.0
2025_12_IND_KC,IND,KC,Ashton Dulin,00-0035021,WR,car,0.294,0.0,0.0,0.0,0.0,1.0
2025_12_IND_KC,IND,KC,Ashton Dulin,00-0035021,WR,rush_yds,1.531,0.0,0.0,0.0,0.0,2.791
2025_12_IND_KC,IND,KC,Ashton Dulin,00-0035021,WR,tgt,0.751,0.0,0.0,0.0,1.0,2.0
2025_12_IND_KC,IND,KC,Ashton Dulin,00-0035021,WR,rec,0.487,0.0,0.0,0.0,1.0,2.0
2025_12_IND_KC,IND,KC,Ashton Dulin,00-0035021,WR,rec_yds,5.944,0.0,0.0,0.0,7.358,20.809
2025_12_IND_KC,IND,KC,Ashton Dulin,00-0035021,WR,anytime_td,0.015,0.0,0.0,0.0,0.0,0.0
2025_12_IND_KC,IND,KC,Ameer Abdullah,00-0032104,RB,car,2.16,0.0,0.0,1.0,3.0,6.0
2025_12_IND_KC,IND,KC,Ameer Abdullah,00-0032104,RB,rush_yds,7.921,0.0,0.0,3.049,11.21,22.723
2025_12_IND_KC,IND,KC,Ameer Abdullah,00-0032104,RB,tgt,1.204,0.0,0.0,1.0,2.0,3.0
2025_12_IND_KC,IND,KC,Ameer Abdullah,00-0032104,RB,rec,1.006,0.0,0.0,1.0,2.0,3.0
2025_12_IND_KC,IND,KC,Ameer Abdullah,00-0032104,RB,rec_yds,7.123,0.0,0.0,1.951,10.579,21.073
2025_12_IND_KC,IND,KC,Ameer Abdullah,00-0032104,RB,anytime_td,0.126,0.0,0.0,0.0,0.0,1.0
2025_12_IND_KC,IND,KC,Laquon Treadwell,00-0032951,WR,car,0.033,0.0,0.0,0.0,0.0,0.0
2025_12_IND_KC,IND,KC,Laquon Treadwell,00-0032951,WR,rush_yds,0.146,0.0,0.0,0.0,0.0,0.0
2025_12_IND_KC,IND,KC,Laquon Treadwell,00-0032951,WR,tgt,1.029,0.0,0.0,1.0,2.0,3.0
2025_12_IND_KC,IND,KC,Laquon Treadwell,00-0032951,WR,rec,0.67,0.0,0.0,0.0,1.0,2.0
2025_12_IND_KC,IND,KC,Laquon Treadwell,00-0032951,WR,rec_yds,8.242,0.0,0.0,0.0,12.11,25.825
2025_12_IND_KC,IND,KC,Laquon Treadwell,00-0032951,WR,anytime_td,0.032,0.0,0.0,0.0,0.0,0.0
2025_12_IND_KC,IND,KC,Tyler Goodson,00-0037120,RB,car,1.211,0.0,0.0,0.0,2.0,4.0
2025_12_IND_KC,IND,KC,Tyler Goodson,00-0037120,RB,rush_yds,4.359,0.0,0.0,0.0,5.479,14.163
2025_12_IND_KC,IND,KC,Tyler Goodson,00-0037120,RB,tgt,0.693,0.0,0.0,0.0,1.0,2.0
2025_12_IND_KC,IND,KC,Tyler Goodson,00-0037120,RB,rec,0.538,0.0,0.0,0.0,1.0,2.0
2025_12_IND_KC,IND,KC,Tyler Goodson,00-0037120,RB,rec_yds,3.696,0.0,0.0,0.0,4.392,12.887
2025_12_IND_KC,IND,KC,Tyler Goodson,00-0037120,RB,anytime_td,0.05,0.0,0.0,0.0,0.0,0.0
2025_12_JAX_ARI,ARI,JAX,Jacoby Brissett,00-0033119,QB,att,34.504,24.0,30.0,36.0,41.0,46.0
2025_12_JAX_ARI,ARI,JAX,Jacoby Brissett,00-0033119,QB,cmp,22.903,15.0,19.0,23.0,28.0,31.0
2025_12_JAX_ARI,ARI,JAX,Jacoby Brissett,00-0033119,QB,pass_yds,256.66,157.353,208.71,260.067,311.734,358.908
2025_12_JAX_ARI,ARI,JAX,Jacoby Brissett,00-0033119,QB,pass_td,1.751,0.0,1.0,2.0,3.0,3.0
2025_12_JAX_ARI,ARI,JAX,Jacoby Brissett,00-0033119,QB,ints,0.732,0.0,0.0,0.0,1.0,2.0
2025_12_JAX_ARI,ARI,JAX,Jacoby Brissett,00-0033119,QB,car,3.978,1.0,2.0,3.0,5.0,8.0
2025_12_JAX_ARI,ARI,JAX,Jacoby Brissett,00-0033119,QB,rush_yds,16.643,0.0,3.791,12.755,25.182,39.307
2025_12_JAX_ARI,ARI,JAX,Jacoby Brissett,00-0033119,QB,tgt,0.001,0.0,0.0,0.0,0.0,0.0
2025_12_JAX_ARI,ARI,JAX,Jacoby Brissett,00-0033119,QB,rec,0.0,0.0,0.0,0.0,0.0,0.0
2025_12_JAX_ARI,ARI,JAX,Jacoby Brissett,00-0033119,QB,rec_yds,0.003,0.0,0.0,0.0,0.0,0.0
2025_12_JAX_ARI,ARI,JAX,Jacoby Brissett,00-0033119,QB,anytime_td,0.159,0.0,0.0,0.0,0.0,1.0
2025_12_JAX_ARI,ARI,JAX,Trey McBride,00-0037744,TE,car,0.007,0.0,0.0,0.0,0.0,0.0
2025_12_JAX_ARI,ARI,JAX,Trey McBride,00-0037744,TE,rush_yds,0.021,0.0,0.0,0.0,0.0,0.0
2025_12_JAX_ARI,ARI,JAX,Trey McBride,00-0037744,TE,tgt,12.455,7.0,9.0,12.0,15.0,18.0
2025_12_JAX_ARI,ARI,JAX,Trey McBride,00-0037744,TE,rec,8.713,4.0,6.0,8.0,11.0,13.0
2025_12_JAX_ARI,ARI,JAX,Trey McBride,00-0037744,TE,rec_yds,99.227,43.36,65.397,93.695,128.846,160.744
2025_12_JAX_ARI,ARI,JAX,Trey McBride,00-0037744,TE,anytime_td,0.49,0.0,0.0,0.0,1.0,1.0
2025_12_JAX_ARI,ARI,JAX,Michael Wilson,00-0038559,WR,car,0.037,0.0,0.0,0.0,0.0,0.0
2025_12_JAX_ARI,ARI,JAX,Michael Wilson,00-0038559,WR,rush_yds,0.202,0.0,0.0,0.0,0.0,0.0
2025_12_JAX_ARI,ARI,JAX,Michael Wilson,00-0038559,WR,tgt,7.811,4.0,5.0,7.0,10.0,13.0
2025_12_JAX_ARI,ARI,JAX,Michael Wilson,00-0038559,WR,rec,5.054,2.0,3.0,5.0,7.0,9.0
2025_12_JAX_ARI,ARI,JAX,Michael Wilson,00-0038559,WR,rec_yds,67.353,18.026,36.361,60.57,91.352,125.441
2025_12_JAX_ARI,ARI,JAX,Michael Wilson,00-0038559,WR,anytime_td,0.155,0.0,0.0,0.0,0.0,1.0
2025_12_JAX_ARI,ARI,JAX,Xavier Weaver,00-0039521,WR,car,0.02,0.0,0.0,0.0,0.0,0.0
2025_12_JAX_ARI,ARI,JAX,Xavier Weaver,00-0039521,WR,rush_yds,0.115,0.0,0.0,0.0,0.0,0.0
2025_12_JAX_ARI,ARI,JAX,Xavier Weaver,00-0039521,WR,tgt,1.388,0.0,0.0,1.0,2.0,3.0
2025_12_JAX_ARI,ARI,JAX,Xavier Weaver,00-0039521,WR,rec,0.832,0.0,0.0,1.0,1.0,2.0
2025_12_JAX_ARI,ARI,JAX,Xavier Weaver,00-0039521,WR,rec_yds,11.264,0.0,0.0,0.0,16.303,33.72
2025_12_JAX_ARI,ARI,JAX,Xavier Weaver,00-0039521,WR,anytime_td,0.018,0.0,0.0,0.0,0.0,0.0
2025_12_JAX_ARI,ARI,JAX,Greg Dortch,00-0035500,WR,car,0.708,0.0,0.0,0.0,1.0,2.0
2025_12_JAX_ARI,ARI,JAX,Greg Dortch,00-0035500,WR,rush_yds,4.056,0.0,0.0,0.0,1.136,15.044
2025_12_JAX_ARI,ARI,JAX,Greg Dortch,00-0035500,WR,tgt,2.887,0.0,1.0,3.0,4.0,6.0
2025_12_JAX_ARI,ARI,JAX,Greg Dortch,00-0035500,WR,rec,2.014,0.0,1.0,2.0,3.0,4.0
2025_12_JAX_ARI,ARI,JAX,Greg Dortch,00-0035500,WR,rec_yds,23.894,0.0,4.851,16.981,35.923,56.764
2025_12_JAX_ARI,ARI,JAX,Greg Dortch,00-0035500,WR,anytime_td,0.255,0.0,0.0,0.0,1.0,1.0
2025_12_JAX_ARI,ARI,JAX,Michael Carter,00-0036924,RB,car,8.385,3.0,5.0,8.0,11.0,15.0
2025_12_JAX_ARI,ARI,JAX,Michael Carter,00-0036924,RB,rush_yds,35.086,6.553,14.961,29.01,48.1,71.448
2025_12_JAX_ARI,ARI,JAX,Michael Carter,00-0036924,RB,tgt,3.481,1.0,2.0,3.0,5.0,7.0
2025_12_JAX_ARI,ARI,JAX,Michael Carter,00-0036924,RB,rec,2.589,0.0,1.0,2.0,4.0,5.0
2025_12_JAX_ARI,ARI,JAX,Michael Carter,00-0036924,RB,rec_yds,20.071,0.0,5.006,15.191,29.795,46.644
2025_12_JAX_ARI,ARI,JAX,Michael Carter,00-0036924,RB,anytime_td,0.223,0.0,0.0,0.0,0.0,1.0
2025_12_JAX_ARI,ARI,JAX,Bam Knight,00-0037157,RB,car,10.373,4.0,7.0,10.0,13.0,17.0
2025_12_JAX_ARI,ARI,JAX,Bam Knight,00-0037157,RB,rush_yds,44.371,11.122,21.764,37.55,59.585,87.606
2025_12_JAX_ARI,ARI,JAX,Bam Knight,00-0037157,RB,tgt,3.155,1.0,1.0,3.0,4.0,6.0
2025_12_JAX_ARI,ARI,JAX,Bam Knight,00-0037157,RB,rec,2.334,0.0,1.0,2.0,3.0,5.0
2025_12_JAX_ARI,ARI,JAX,Bam Knight,00-0037157,RB,rec_yds,18.426,0.0,3.493,13.177,27.59,44.578
2025_12_JAX_ARI,ARI,JAX,Bam Knight,00-0037157,RB,anytime_td,0.316,0.0,0.0,0.0,1.0,1.0
2025_12_JAX_ARI,ARI,JAX,Elijah Higgins,00-0039041,TE,car,0.003,0.0,0.0,0.0,0.0,0.0
2025_12_JAX_ARI,ARI,JAX,Elijah Higgins,00-0039041,TE,rush_yds,0.013,0.0,0.0,0.0,0.0,0.0
2025_12_JAX_ARI,ARI,JAX,Elijah Higgins,00-0039041,TE,tgt,2.576,0.0,1.0,2.0,4.0,5.0
2025_12_JAX_ARI,ARI,JAX,Elijah Higgins,00-0039041,TE,rec,1.837,0.0,1.0,2.0,3.0,4.0
2025_12_JAX_ARI,ARI,JAX,Elijah Higgins,00-0039041,TE,rec_yds,20.293,0.0,2.434,14.408,30.509,49.359
2025_12_JAX_ARI,ARI,JAX,Elijah Higgins,00-0039041,TE,anytime_td,0.044,0.0,0.0,0.0,0.0,0.0
2025_12_JAX_ARI,ARI,JAX,Andre Baccellia,00-0035876,WR,car,0.019,0.0,0.0,0.0,0.0,0.0
2025_12_JAX_ARI,ARI,JAX,Andre Baccellia,00-0035876,WR,rush_yds,0.1,0.0,0.0,0.0,0.0,0.0
2025_12_JAX_ARI,ARI,JAX,Andre Baccellia,00-0035876,WR,tgt,0.817,0.0,0.0,0.0,1.0,2.0
2025_12_JAX_ARI,ARI,JAX,Andre Baccellia,00-0035876,WR,rec,0.511,0.0,0.0,0.0,1.0,2.0
2025_12_JAX_ARI,ARI,JAX,Andre Baccellia,00-0035876,WR,rec_yds,6.909,0.0,0.0,0.0,8.386,24.181
2025_12_JAX_ARI,ARI,JAX,Andre Baccellia,00-0035876,WR,anytime_td,0.017,0.0,0.0,0.0,0.0,0.0
2025_12_JAX_ARI,ARI,JAX,Pharaoh Brown,00-0033439,TE,car,0.002,0.0,0.0,0.0,0.0,0.0
2025_12_JAX_ARI,ARI,JAX,Pharaoh Brown,00-0033439,TE,rush_yds,0.003,0.0,0.0,0.0,0.0,0.0
2025_12_JAX_ARI,ARI,JAX,Pharaoh Brown,00-0033439,TE,tgt,0.661,0.0,0.0,0.0,1.0,2.0
2025_12_JAX_ARI,ARI,JAX,Pharaoh Brown,00-0033439,TE,rec,0.453,0.0,0.0,0.0,1.0,1.0
2025_12_JAX_ARI,ARI,JAX,Pharaoh Brown,00-0033439,TE,rec_yds,5.147,0.0,0.0,0.0,6.07,17.957
2025_12_JAX_ARI,ARI,JAX,Pharaoh Brown,00-0033439,TE,anytime_td,0.014,0.0,0.0,0.0,0.0,0.0
2025_12_JAX_ARI,JAX,ARI,Trevor Lawrence,00-0036971,QB,att,29.965,20.0,25.0,31.0,36.0,40.0
2025_12_JAX_ARI,JAX,ARI,Trevor Lawrence,00-0036971,QB,cmp,19.46,12.0,16.0,20.0,23.0,27.0
2025_12_JAX_ARI,JAX,ARI,Trevor Lawrence,00-0036971,QB,pass_yds,215.59,131.254,172.367,215.545,263.223,307.526
2025_12_JAX_ARI,JAX,ARI,Trevor Lawrence,00-0036971,QB,pass_td,1.292,0.0,0.0,1.0,2.0,3.0
2025_12_JAX_ARI,JAX,ARI,Trevor Lawrence,00-0036971,QB,ints,0.677,0.0,0.0,0.0,1.0,2.0
2025_12_JAX_ARI,JAX,ARI,Trevor Lawrence,00-0036971,QB,car,4.586,1.0,2.0,4.0,6.0,9.0
2025_12_JAX_ARI,JAX,ARI,Trevor Lawrence,00-0036971,QB,rush_yds,21.077,0.0,7.377,17.063,30.432,46.13
2025_12_JAX_ARI,JAX,ARI,Trevor Lawrence,00-0036971,QB,tgt,0.001,0.0,0.0,0.0,0.0,0.0
2025_12_JAX_ARI,JAX,ARI,Trevor Lawrence,00-0036971,QB,rec,0.001,0.0,0.0,0.0,0.0,0.0
2025_12_JAX_ARI,JAX,ARI,Trevor Lawrence,00-0036971,QB,rec_yds,0.002,0.0,0.0,0.0,0.0,0.0
2025_12_JAX_ARI,JAX,ARI,Trevor Lawrence,00-0036971,QB,anytime_td,0.336,0.0,0.0,0.0,1.0,1.0
2025_12_JAX_ARI,JAX,ARI,Parker Washington,00-0038606,WR,car,0.599,0.0,0.0,0.0,1.0,2.0
2025_12_JAX_ARI,JAX,ARI,Parker Washington,00-0038606,WR,rush_yds,3.117,0.0,0.0,0.0,0.0,10.739
2025_12_JAX_ARI,JAX,ARI,Parker Washington,00-0038606,WR,tgt,5.263,2.0,3.0,5.0,7.0,9.0
2025_12_JAX_ARI,JAX,ARI,Parker Washington,00-0038606,WR,rec,3.215,1.0,2.0,3.0,4.0,6.0
2025_12_JAX_ARI,JAX,ARI,Parker Washington,00-0038606,WR,rec_yds,39.801,5.127,15.844,33.268,56.706,83.677
2025_12_JAX_ARI,JAX,ARI,Parker Washington,00-0038606,WR,anytime_td,0.244,0.0,0.0,0.0,0.0,1.0
2025_12_JAX_ARI,JAX,ARI,Jakobi Meyers,00-0034960,WR,car,0.02,0.0,0.0,0.0,0.0,0.0
2025_12_JAX_ARI,JAX,ARI,Jakobi Meyers,00-0034960,WR,rush_yds,0.118,0.0,0.0,0.0,0.0,0.0
2025_12_JAX_ARI,JAX,ARI,Jakobi Meyers,00-0034960,WR,tgt,6.461,3.0,4.0,6.0,8.0,11.0
2025_12_JAX_ARI,JAX,ARI,Jakobi Meyers,00-0034960,WR,rec,4.385,2.0,3.0,4.0,6.0,8.0
2025_12_JAX_ARI,JAX,ARI,Jakobi Meyers,00-0034960,WR,rec_yds,54.292,12.698,26.226,48.125,74.786,103.812
2025_12_JAX_ARI,JAX,ARI,Jakobi Meyers,00-0034960,WR,anytime_td,0.11,0.0,0.0,0.0,0.0,1.0
2025_12_JAX_ARI,JAX,ARI,Brenton Strange,00-0038935,TE,car,0.002,0.0,0.0,0.0,0.0,0.0
2025_12_JAX_ARI,JAX,ARI,Brenton Strange,00-0038935,TE,rush_yds,0.003,0.0,0.0,0.0,0.0,0.0
2025_12_JAX_ARI,JAX,ARI,Brenton Strange,00-0038935,TE,tgt,4.105,1.0,2.0,4.0,6.0,7.0
2025_12_JAX_ARI,JAX,ARI,Brenton Strange,00-0038935,TE,rec,3.124,1.0,2.0,3.0,4.0,6.0
2025_12_JAX_ARI,JAX,ARI,Brenton Strange,00-0038935,TE,rec_yds,32.74,3.664,12.805,27.688,46.959,68.075
2025_12_JAX_ARI,JAX,ARI,Brenton Strange,00-0038935,TE,anytime_td,0.072,0.0,0.0,0.0,0.0,0.0
2025_12_JAX_ARI,JAX,ARI,Travis Etienne,00-0036973,RB,car,13.89,7.0,9.0,13.0,18.0,22.0
2025_12_JAX_ARI,JAX,ARI,Travis Etienne,00-0036973,RB,rush_yds,61.14,19.571,33.291,54.126,81.642,111.878
2025_12_JAX_ARI,JAX,ARI,Travis Etienne,00-0036973,RB,tgt,3.278,1.0,2.0,3.0,5.0,6.0
2025_12_JAX_ARI,JAX,ARI,Travis Etienne,00-0036973,RB,rec,2.4,0.0,1.0,2.0,3.0,5.0
2025_12_JAX_ARI,JAX,ARI,Travis Etienne,00-0036973,RB,rec_yds,17.599,0.0,4.058,13.441,25.904,40.983
2025_12_JAX_ARI,JAX,ARI,Travis Etienne,00-0036973,RB,anytime_td,0.385,0.0,0.0,0.0,1.0,1.0
2025_12_JAX_ARI,JAX,ARI,Johnny Mundt,00-0033246,TE,car,0.003,0.0,0.0,0.0,0.0,0.0
2025_12_JAX_ARI,JAX,ARI,Johnny Mundt,00-0033246,TE,rush_yds,0.009,0.0,0.0,0.0,0.0,0.0
2025_12_JAX_ARI,JAX,ARI,Johnny Mundt,00-0033246,TE,tgt,1.77,0.0,1.0,1.0,3.0,4.0
2025_12_JAX_ARI,JAX,ARI,Johnny Mundt,00-0033246,TE,rec,1.196,0.0,0.0,1.0,2.0,3.0
2025_12_JAX_ARI,JAX,ARI,Johnny Mundt,00-0033246,TE,rec_yds,12.751,0.0,0.0,7.291,20.113,34.783
2025_12_JAX_ARI,JAX,ARI,Johnny Mundt,00-0033246,TE,anytime_td,0.027,0.0,0.0,0.0,0.0,0.0
2025_12_JAX_ARI,JAX,ARI,Tim Patrick,00-0033375,WR,car,0.007,0.0,0.0,0.0,0.0,0.0
2025_12_JAX_ARI,JAX,ARI,Tim Patrick,00-0033375,WR,rush_yds,0.034,0.0,0.0,0.0,0.0,0.0
2025_12_JAX_ARI,JAX,ARI,Tim Patrick,00-0033375,WR,tgt,1.512,0.0,0.0,1.0,2.0,4.0
2025_12_JAX_ARI,JAX,ARI,Tim Patrick,00-0033375,WR,rec,0.983,0.0,0.0,1.0,2.0,3.0
2025_12_JAX_ARI,JAX,ARI,Tim Patrick,00-0033375,WR,rec_yds,12.348,0.0,0.0,4.495,19.089,37.047
2025_12_JAX_ARI,JAX,ARI,Tim Patrick,00-0033375,WR,anytime_td,0.152,0.0,0.0,0.0,0.0,1.0
2025_12_JAX_ARI,JAX,ARI,Quintin Morris,00-0036590,TE,car,0.003,0.0,0.0,0.0,0.0,0.0
2025_12_JAX_ARI,JAX,ARI,Quintin Morris,00-0036590,TE,rush_yds,0.006,0.0,0.0,0.0,0.0,0.0
2025_12_JAX_ARI,JAX,ARI,Quintin Morris,00-0036590,TE,tgt,0.879,0.0,0.0,0.0,1.0,2.0
2025_12_JAX_ARI,JAX,ARI,Quintin Morris,00-0036590,TE,rec,0.607,0.0,0.0,0.0,1.0,2.0
2025_12_JAX_ARI,JAX,ARI,Quintin Morris,00-0036590,TE,rec_yds,6.399,0.0,0.0,0.0,9.254,21.116
2025_12_JAX_ARI,JAX,ARI,Quintin Morris,00-0036590,TE,anytime_td,0.016,0.0,0.0,0.0,0.0,0.0
2025_12_JAX_ARI,JAX,ARI,Bhayshul Tuten,00-0040719,RB,car,6.216,1.0,3.0,5.0,9.0,12.0
2025_12_JAX_ARI,JAX,ARI,Bhayshul Tuten,00-0040719,RB,rush_yds,26.815,2.513,8.727,19.85,37.685,61.027
2025_12_JAX_ARI,JAX,ARI,Bhayshul Tuten,00-0040719,RB,tgt,1.085,0.0,0.0,1.0,2.0,3.0
2025_12_JAX_ARI,JAX,ARI,Bhayshul Tuten,00-0040719,RB,rec,0.84,0.0,0.0,1.0,1.0,2.0
2025_12_JAX_ARI,JAX,ARI,Bhayshul Tuten,00-0040719,RB,rec_yds,6.243,0.0,0.0,0.0,8.983,19.171
2025_12_JAX_ARI,JAX,ARI,Bhayshul Tuten,00-0040719,RB,anytime_td,0.248,0.0,0.0,0.0,0.0,1.0
2025_12_JAX_ARI,JAX,ARI,LeQuint Allen Jr.,00-0040238,RB,car,1.792,0.0,0.0,1.0,3.0,5.0
2025_12_JAX_ARI,JAX,ARI,LeQuint Allen Jr.,00-0040238,RB,rush_yds,8.115,0.0,0.0,1.872,10.381,23.69
2025_12_JAX_ARI,JAX,ARI,LeQuint Allen Jr.,00-0040238,RB,tgt,0.811,0.0,0.0,0.0,1.0,2.0
2025_12_JAX_ARI,JAX,ARI,LeQuint Allen Jr.,00-0040238,RB,rec,0.646,0.0,0.0,0.0,1.0,2.0
2025_12_JAX_ARI,JAX,ARI,LeQuint Allen Jr.,00-0040238,RB,rec_yds,4.734,0.0,0.0,0.0,6.268,15.661
2025_12_JAX_ARI,JAX,ARI,LeQuint Allen Jr.,00-0040238,RB,anytime_td,0.025,0.0,0.0,0.0,0.0,0.0
2025_12_JAX_ARI,JAX,ARI,Austin Trammell,00-0036841,WR,car,0.011,0.0,0.0,0.0,0.0,0.0
2025_12_JAX_ARI,JAX,ARI,Austin Trammell,00-0036841,WR,rush_yds,0.079,0.0,0.0,0.0,0.0,0.0
2025_12_JAX_ARI,JAX,ARI,Austin Trammell,00-0036841,WR,tgt,1.956,0.0,1.0,2.0,3.0,4.0
2025_12_JAX_ARI,JAX,ARI,Austin Trammell,00-0036841,WR,rec,1.256,0.0,0.0,1.0,2.0,3.0
2025_12_JAX_ARI,JAX,ARI,Austin Trammell,00-0036841,WR,rec_yds,16.659,0.0,0.0,9.347,24.52,45.897
2025_12_JAX_ARI,JAX,ARI,Austin Trammell,00-0036841,WR,anytime_td,0.043,0.0,0.0,0.0,0.0,0.0
2025_12_JAX_ARI,JAX,ARI,Dyami Brown,00-0036626,WR,car,0.385,0.0,0.0,0.0,0.0,1.0
2025_12_JAX_ARI,JAX,ARI,Dyami Brown,00-0036626,WR,rush_yds,2.159,0.0,0.0,0.0,0.0,6.514
2025_12_JAX_ARI,JAX,ARI,Dyami Brown,00-0036626,WR,tgt,3.565,1.0,2.0,3.0,5.0,7.0
2025_12_JAX_ARI,JAX,ARI,Dyami Brown,00-0036626,WR,rec,2.11,0.0,1.0,2.0,3.0,4.0
2025_12_JAX_ARI,JAX,ARI,Dyami Brown,00-0036626,WR,rec_yds,26.435,0.0,6.821,20.02,38.904,61.99
2025_12_JAX_ARI,JAX,ARI,Dyami Brown,00-0036626,WR,anytime_td,0.124,0.0,0.0,0.0,0.0,1.0
2025_12_MIN_GB,GB,MIN,Jordan Love,00-0036264,QB,att,28.04,18.0,24.0,29.0,34.0,38.0
2025_12_MIN_GB,GB,MIN,Jordan Love,00-0036264,QB,cmp,18.8,11.0,15.0,19.0,23.0,26.0
2025_12_MIN_GB,GB,MIN,Jordan Love,00-0036264,QB,pass_yds,218.229,127.224,172.444,219.507,266.882,315.274
2025_12_MIN_GB,GB,MIN,Jordan Love,00-0036264,QB,pass_td,1.565,0.0,1.0,1.0,2.0,3.0
2025_12_MIN_GB,GB,MIN,Jordan Love,00-0036264,QB,ints,0.484,0.0,0.0,0.0,1.0,1.0
2025_12_MIN_GB,GB,MIN,Jordan Love,00-0036264,QB,car,4.932,1.0,3.0,4.0,7.0,9.0
2025_12_MIN_GB,GB,MIN,Jordan Love,00-0036264,QB,rush_yds,18.045,-0.118,3.964,13.782,26.333,42.678
2025_12_MIN_GB,GB,MIN,Jordan Love,00-0036264,QB,tgt,0.0,0.0,0.0,0.0,0.0,0.0
2025_12_MIN_GB,GB,MIN,Jordan Love,00-0036264,QB,rec,0.0,0.0,0.0,0.0,0.0,0.0
2025_12_MIN_GB,GB,MIN,Jordan Love,00-0036264,QB,rec_yds,0.0,0.0,0.0,0.0,0.0,0.0
2025_12_MIN_GB,GB,MIN,Jordan Love,00-0036264,QB,anytime_td,0.028,0.0,0.0,0.0,0.0,0.0
2025_12_MIN_GB,GB,MIN,Christian Watson,00-0038124,WR,car,0.415,0.0,0.0,0.0,0.0,1.0
2025_12_MIN_GB,GB,MIN,Christian Watson,00-0038124,WR,rush_yds,2.395,0.0,0.0,0.0,0.0,6.302
2025_12_MIN_GB,GB,MIN,Christian Watson,00-0038124,WR,tgt,4.727,2.0,3.0,4.0,6.0,8.0
2025_12_MIN_GB,GB,MIN,Christian Watson,00-0038124,WR,rec,3.194,1.0,2.0,3.0,4.0,6.0
2025_12_MIN_GB,GB,MIN,Christian Watson,00-0038124,WR,rec_yds,46.316,6.087,18.57,39.492,65.636,95.922
2025_12_MIN_GB,GB,MIN,Christian Watson,00-0038124,WR,anytime_td,0.299,0.0,0.0,0.0,1.0,1.0
2025_12_MIN_GB,GB,MIN,Romeo Doubs,00-0037816,WR,car,0.025,0.0,0.0,0.0,0.0,0.0
2025_12_MIN_GB,GB,MIN,Romeo Doubs,00-0037816,WR,rush_yds,0.112,0.0,0.0,0.0,0.0,0.0
2025_12_MIN_GB,GB,MIN,Romeo Doubs,00-0037816,WR,tgt,7.71,4.0,5.0,7.0,10.0,12.0
2025_12_MIN_GB,GB,MIN,Romeo Doubs,00-0037816,WR,rec,5.012,2.0,3.0,5.0,7.0,8.0
2025_12_MIN_GB,GB,MIN,Romeo Doubs,00-0037816,WR,rec_yds,63.01,17.617,34.786,57.65,84.69,114.082
2025_12_MIN_GB,GB,MIN,Romeo Doubs,00-0037816,WR,anytime_td,0.274,0.0,0.0,0.0,1.0,1.0
2025_12_MIN_GB,GB,MIN,John FitzPatrick,00-0037306,TE,car,0.001,0.0,0.0,0.0,0.0,0.0
2025_12_MIN_GB,GB,MIN,John FitzPatrick,00-0037306,TE,rush_yds,0.006,0.0,0.0,0.0,0.0,0.0
2025_12_MIN_GB,GB,MIN,John FitzPatrick,00-0037306,TE,tgt,0.728,0.0,0.0,0.0,1.0,2.0
2025_12_MIN_GB,GB,MIN,John FitzPatrick,00-0037306,TE,rec,0.564,0.0,0.0,0.0,1.0,2.0
2025_12_MIN_GB,GB,MIN,John FitzPatrick,00-0037306,TE,rec_yds,5.511,0.0,0.0,0.0,7.32,18.739
2025_12_MIN_GB,GB,MIN,John FitzPatrick,00-0037306,TE,anytime_td,0.052,0.0,0.0,0.0,0.0,0.0
2025_12_MIN_GB,GB,MIN,Emanuel Wilson,00-0038797,RB,car,18.806,11.0,14.0,18.0,23.0,28.0
2025_12_MIN_GB,GB,MIN,Emanuel Wilson,00-0038797,RB,rush_yds,80.464,31.999,48.968,73.573,104.392,138.835
2025_12_MIN_GB,GB,MIN,Emanuel Wilson,00-0038797,RB,tgt,1.663,0.0,0.0,1.0,2.0,4.0
2025_12_MIN_GB,GB,MIN,Emanuel Wilson,00-0038797,RB,rec,1.393,0.0,0.0,1.0,2.0,3.0
2025_12_MIN_GB,GB,MIN,Emanuel Wilson,00-0038797,RB,rec_yds,9.56,0.0,0.0,5.139,14.468,26.795
2025_12_MIN_GB,GB,MIN,Emanuel Wilson,00-0038797,RB,anytime_td,0.197,0.0,0.0,0.0,0.0,1.0
2025_12_MIN_GB,GB,MIN,Dontayvion Wicks,00-0038393,WR,car,0.025,0.0,0.0,0.0,0.0,0.0
2025_12_MIN_GB,GB,MIN,Dontayvion Wicks,00-0038393,WR,rush_yds,0.118,0.0,0.0,0.0,0.0,0.0
2025_12_MIN_GB,GB,MIN,Dontayvion Wicks,00-0038393,WR,tgt,4.953,2.0,3.0,5.0,7.0,9.0
2025_12_MIN_GB,GB,MIN,Dontayvion Wicks,00-0038393,WR,rec,3.227,1.0,2.0,3.0,4.0,6.0
2025_12_MIN_GB,GB,MIN,Dontayvion Wicks,00-0038393,WR,rec_yds,38.029,4.626,15.279,31.683,55.184,78.071
2025_12_MIN_GB,GB,MIN,Dontayvion Wicks,00-0038393,WR,anytime_td,0.094,0.0,0.0,0.0,0.0,0.0
2025_12_MIN_GB,GB,MIN,Chris Brooks,00-0038685,RB,car,2.426,0.0,0.0,1.0,4.0,6.0
2025_12_MIN_GB,GB,MIN,Chris Brooks,00-0038685,RB,rush_yds,10.721,0.0,0.0,4.15,14.681,30.375
2025_12_MIN_GB,GB,MIN,Chris Brooks,00-0038685,RB,tgt,0.961,0.0,0.0,1.0,1.0,3.0
2025_12_MIN_GB,GB,MIN,Chris Brooks,00-0038685,RB,rec,0.797,0.0,0.0,0.0,1.0,2.0
2025_12_MIN_GB,GB,MIN,Chris Brooks,00-0038685,RB,rec_yds,5.892,0.0,0.0,0.0,8.396,18.578
2025_12_MIN_GB,GB,MIN,Chris Brooks,00-0038685,RB,anytime_td,0.034,0.0,0.0,0.0,0.0,0.0
2025_12_MIN_GB,GB,MIN,Josh Whyle,00-0038589,TE,car,0.004,0.0,0.0,0.0,0.0,0.0
2025_12_MIN_GB,GB,MIN,Josh Whyle,00-0038589,TE,rush_yds,0.009,0.0,0.0,0.0,0.0,0.0
2025_12_MIN_GB,GB,MIN,Josh Whyle,00-0038589,TE,tgt,1.817,0.0,1.0,1.0,3.0,4.0
2025_12_MIN_GB,GB,MIN,Josh Whyle,00-0038589,TE,rec,1.397,0.0,0.0,1.0,2.0,3.0
2025_12_MIN_GB,GB,MIN,Josh Whyle,00-0038589,TE,rec_yds,13.619,0.0,0.0,8.56,20.557,35.877
2025_12_MIN_GB,GB,MIN,Josh Whyle,00-0038589,TE,anytime_td,0.202,0.0,0.0,0.0,0.0,1.0
2025_12_MIN_GB,GB,MIN,Luke Musgrave,00-0039144,TE,car,0.003,0.0,0.0,0.0,0.0,0.0
2025_12_MIN_GB,GB,MIN,Luke Musgrave,00-0039144,TE,rush_yds,0.007,0.0,0.0,0.0,0.0,0.0
2025_12_MIN_GB,GB,MIN,Luke Musgrave,00-0039144,TE,tgt,2.132,0.0,1.0,2.0,3.0,5.0
2025_12_MIN_GB,GB,MIN,Luke Musgrave,00-0039144,TE,rec,1.702,0.0,1.0,1.0,2.0,4.0
2025_12_MIN_GB,GB,MIN,Luke Musgrave,00-0039144,TE,rec_yds,16.578,0.0,0.0,11.743,25.163,40.825
2025_12_MIN_GB,GB,MIN,Luke Musgrave,00-0039144,TE,anytime_td,0.033,0.0,0.0,0.0,0.0,0.0
2025_12_MIN_GB,GB,MIN,Malik Heath,00-0038465,WR,car,0.03,0.0,0.0,0.0,0.0,0.0
2025_12_MIN_GB,GB,MIN,Malik Heath,00-0038465,WR,rush_yds,0.148,0.0,0.0,0.0,0.0,0.0
2025_12_MIN_GB,GB,MIN,Malik Heath,00-0038465,WR,tgt,1.14,0.0,0.0,1.0,2.0,3.0
2025_12_MIN_GB,GB,MIN,Malik Heath,00-0038465,WR,rec,0.794,0.0,0.0,0.0,1.0,2.0
2025_12_MIN_GB,GB,MIN,Malik Heath,00-0038465,WR,rec_yds,10.036,0.0,0.0,0.0,14.79,31.744
2025_12_MIN_GB,GB,MIN,Malik Heath,00-0038465,WR,anytime_td,0.041,0.0,0.0,0.0,0.0,0.0
2025_12_MIN_GB,GB,MIN,Savion Williams,00-0040009,WR,car,1.958,0.0,0.0,1.0,3.0,5.0
2025_12_MIN_GB,GB,MIN,Savion Williams,00-0040009,WR,rush_yds,10.766,0.0,0.0,2.166,14.935,33.207
2025_12_MIN_GB,GB,MIN,Savion Williams,00-0040009,WR,tgt,1.465,0.0,0.0,1.0,2.0,4.0
2025_12_MIN_GB,GB,MIN,Savion Williams,00-0040009,WR,rec,1.062,0.0,0.0,1.0,2.0,3.0
2025_12_MIN_GB,GB,MIN,Savion Williams,00-0040009,WR,rec_yds,12.722,0.0,0.0,5.653,19.622,36.782
2025_12_MIN_GB,GB,MIN,Savion Williams,00-0040009,WR,anytime_td,0.109,0.0,0.0,0.0,0.0,1.0
2025_12_MIN_GB,GB,MIN,Bo Melton,00-0037091,WR,car,1.134,0.0,0.0,0.0,1.0,4.0
2025_12_MIN_GB,GB,MIN,Bo Melton,00-0037091,WR,rush_yds,6.486,0.0,0.0,0.0,6.755,21.765
2025_12_MIN_GB,GB,MIN,Bo Melton,00-0037091,WR,tgt,1.435,0.0,0.0,1.0,2.0,3.0
2025_12_MIN_GB,GB,MIN,Bo Melton,00-0037091,WR,rec,0.924,0.0,0.0,1.0,1.0,2.0
2025_12_MIN_GB,GB,MIN,Bo Melton,00-0037091,WR,rec_yds,11.446,0.0,0.0,4.057,16.949,34.219
2025_12_MIN_GB,GB,MIN,Bo Melton,00-0037091,WR,anytime_td,0.027,0.0,0.0,0.0,0.0,0.0
2025_12_MIN_GB,MIN,GB,Justin Jefferson,00-0036322,WR,car,0.051,0.0,0.0,0.0,0.0,0.0
2025_12_MIN_GB,MIN,GB,Justin Jefferson,00-0036322,WR,rush_yds,0.233,0.0,0.0,0.0,0.0,0.0
2025_12_MIN_GB,MIN,GB,Justin Jefferson,00-0036322,WR,tgt,8.669,4.0,6.0,8.0,11.0,14.0
2025_12_MIN_GB,MIN,GB,Justin Jefferson,00-0036322,WR,rec,5.21,2.0,3.0,5.0,7.0,9.0
2025_12_MIN_GB,MIN,GB,Justin Jefferson,00-0036322,WR,rec_yds,56.387,16.018,30.88,50.91,76.565,103.337
2025_12_MIN_GB,MIN,GB,Justin Jefferson,00-0036322,WR,anytime_td,0.158,0.0,0.0,0.0,0.0,1.0
2025_12_MIN_GB,MIN,GB,J.J. McCarthy,00-0039923,QB,att,30.106,19.0,25.0,31.0,36.0,41.0
2025_12_MIN_GB,MIN,GB,J.J. McCarthy,00-0039923,QB,cmp,18.426,11.0,15.0,19.0,22.0,26.0
2025_12_MIN_GB,MIN,GB,J.J. McCarthy,00-0039923,QB,pass_yds,175.629,99.795,137.495,174.944,214.151,256.282
2025_12_MIN_GB,MIN,GB,J.J. McCarthy,00-0039923,QB,pass_td,0.85,0.0,0.0,1.0,1.0,2.0
2025_12_MIN_GB,MIN,GB,J.J. McCarthy,00-0039923,QB,ints,0.783,0.0,0.0,1.0,1.0,2.0
2025_12_MIN_GB,MIN,GB,J.J. McCarthy,00-0039923,QB,car,3.439,1.0,2.0,3.0,5.0,7.0
2025_12_MIN_GB,MIN,GB,J.J. McCarthy,00-0039923,QB,rush_yds,17.092,0.0,4.127,13.253,25.633,39.328
2025_12_MIN_GB,MIN,GB,J.J. McCarthy,00-0039923,QB,tgt,0.001,0.0,0.0,0.0,0.0,0.0
2025_12_MIN_GB,MIN,GB,J.J. McCarthy,00-0039923,QB,rec,0.0,0.0,0.0,0.0,0.0,0.0
2025_12_MIN_GB,MIN,GB,J.J. McCarthy,00-0039923,QB,rec_yds,0.002,0.0,0.0,0.0,0.0,0.0
2025_12_MIN_GB,MIN,GB,J.J. McCarthy,00-0039923,QB,anytime_td,0.115,0.0,0.0,0.0,0.0,1.0
2025_12_MIN_GB,MIN,GB,Jordan Addison,00-0038994,WR,car,0.134,0.0,0.0,0.0,0.0,0.0
2025_12_MIN_GB,MIN,GB,Jordan Addison,00-0038994,WR,rush_yds,0.677,0.0,0.0,0.0,0.0,0.0
2025_12_MIN_GB,MIN,GB,Jordan Addison,00-0038994,WR,tgt,6.246,2.0,4.0,6.0,8.0,11.0
2025_12_MIN_GB,MIN,GB,Jordan Addison,00-0038994,WR,rec,3.516,1.0,2.0,3.0,5.0,6.0
2025_12_MIN_GB,MIN,GB,Jordan Addison,00-0038994,WR,rec_yds,38.972,6.473,17.084,33.595,54.966,77.777
2025_12_MIN_GB,MIN,GB,Jordan Addison,00-0038994,WR,anytime_td,0.21,0.0,0.0,0.0,0.0,1.0
2025_12_MIN_GB,MIN,GB,T.J. Hockenson,00-0035229,TE,car,0.004,0.0,0.0,0.0,0.0,0.0
2025_12_MIN_GB,MIN,GB,T.J. Hockenson,00-0035229,TE,rush_yds,0.009,0.0,0.0,0.0,0.0,0.0
2025_12_MIN_GB,MIN,GB,T.J. Hockenson,00-0035229,TE,tgt,4.384,1.0,2.0,4.0,6.0,8.0
2025_12_MIN_GB,MIN,GB,T.J. Hockenson,00-0035229,TE,rec,3.109,1.0,2.0,3.0,4.0,6.0
2025_12_MIN_GB,MIN,GB,T.J. Hockenson,00-0035229,TE,rec_yds,25.852,2.493,9.908,21.424,37.036,55.016
2025_12_MIN_GB,MIN,GB,T.J. Hockenson,00-0035229,TE,anytime_td,0.123,0.0,0.0,0.0,0.0,1.0
2025_12_MIN_GB,MIN,GB,Aaron Jones,00-0033293,RB,car,10.429,4.0,7.0,10.0,14.0,17.0
2025_12_MIN_GB,MIN,GB,Aaron Jones,00-0033293,RB,rush_yds,39.299,9.327,19.003,33.912,53.391,75.198
2025_12_MIN_GB,MIN,GB,Aaron Jones,00-0033293,RB,tgt,3.886,1.0,2.0,4.0,5.0,7.0
2025_12_MIN_GB,MIN,GB,Aaron Jones,00-0033293,RB,rec,2.78,0.0,1.0,2.0,4.0,6.0
2025_12_MIN_GB,MIN,GB,Aaron Jones,00-0033293,RB,rec_yds,17.386,0.0,5.003,13.47,25.352,39.533
2025_12_MIN_GB,MIN,GB,Aaron Jones,00-0033293,RB,anytime_td,0.222,0.0,0.0,0.0,0.0,1.0
2025_12_MIN_GB,MIN,GB,Josh Oliver,00-0035249,TE,car,0.003,0.0,0.0,0.0,0.0,0.0
2025_12_MIN_GB,MIN,GB,Josh Oliver,00-0035249,TE,rush_yds,0.006,0.0,0.0,0.0,0.0,0.0
2025_12_MIN_GB,MIN,GB,Josh Oliver,00-0035249,TE,tgt,1.101,0.0,0.0,1.0,2.0,3.0
2025_12_MIN_GB,MIN,GB,Josh Oliver,00-0035249,TE,rec,0.79,0.0,0.0,0.0,1.0,2.0
2025_12_MIN_GB,MIN,GB,Josh Oliver,00-0035249,TE,rec_yds,6.955,0.0,0.0,0.0,10.366,21.9
2025_12_MIN_GB,MIN,GB,Josh Oliver,00-0035249,TE,anytime_td,0.076,0.0,0.0,0.0,0.0,0.0
2025_12_MIN_GB,MIN,GB,Jalen Nailor,00-0037291,WR,car,0.084,0.0,0.0,0.0,0.0,0.0
2025_12_MIN_GB,MIN,GB,Jalen Nailor,00-0037291,WR,rush_yds,0.403,0.0,0.0,0.0,0.0,0.0
2025_12_MIN_GB,MIN,GB,Jalen Nailor,00-0037291,WR,tgt,3.19,1.0,2.0,3.0,4.0,6.0
2025_12_MIN_GB,MIN,GB,Jalen Nailor,00-0037291,WR,rec,1.946,0.0,1.0,2.0,3.0,4.0
2025_12_MIN_GB,MIN,GB,Jalen Nailor,00-0037291,WR,rec_yds,23.289,0.0,5.002,17.009,34.264,55.935
2025_12_MIN_GB,MIN,GB,Jalen Nailor,00-0037291,WR,anytime_td,0.127,0.0,0.0,0.0,0.0,1.0
2025_12_MIN_GB,MIN,GB,Jordan Mason,00-0037525,RB,car,9.531,4.0,6.0,9.0,13.0,16.0
2025_12_MIN_GB,MIN,GB,Jordan Mason,00-0037525,RB,rush_yds,35.667,7.979,16.345,29.74,48.561,71.252
2025_12_MIN_GB,MIN,GB,Jordan Mason,00-0037525,RB,tgt,1.067,0.0,0.0,1.0,2.0,3.0
2025_12_MIN_GB,MIN,GB,Jordan Mason,00-0037525,RB,rec,0.843,0.0,0.0,1.0,1.0,2.0
2025_12_MIN_GB,MIN,GB,Jordan Mason,00-0037525,RB,rec_yds,4.841,0.0,0.0,0.0,7.229,15.315
2025_12_MIN_GB,MIN,GB,Jordan Mason,00-0037525,RB,anytime_td,0.176,0.0,0.0,0.0,0.0,1.0
2025_12_MIN_GB,MIN,GB,Adam Thielen,00-0030035,WR,car,0.009,0.0,0.0,0.0,0.0,0.0
2025_12_MIN_GB,MIN,GB,Adam Thielen,00-0030035,WR,rush_yds,0.038,0.0,0.0,0.0,0.0,0.0
2025_12_MIN_GB,MIN,GB,Adam Thielen,00-0030035,WR,tgt,1.969,0.0,1.0,2.0,3.0,4.0
2025_12_MIN_GB,MIN,GB,Adam Thielen,00-0030035,WR,rec,1.219,0.0,0.0,1.0,2.0,3.0
2025_12_MIN_GB,MIN,GB,Adam Thielen,00-0030035,WR,rec_yds,12.409,0.0,0.0,7.02,18.575,34.207
2025_12_MIN_GB,MIN,GB,Adam Thielen,00-0030035,WR,anytime_td,0.036,0.0,0.0,0.0,0.0,0.0
2025_12_NE_CIN,CIN,NE,Joe Flacco,00-0026158,QB,att,36.024,25.0,31.0,37.0,43.0,47.0
2025_12_NE_CIN,CIN,NE,Joe Flacco,00-0026158,QB,cmp,23.466,15.0,20.0,24.0,28.0,32.0
2025_12_NE_CIN,CIN,NE,Joe Flacco,00-0026158,QB,pass_yds,243.815,153.358,199.145,244.769,295.335,342.773
2025_12_NE_CIN,CIN,NE,Joe Flacco,00-0026158,QB,pass_td,1.619,0.0,1.0,2.0,2.0,3.0
2025_12_NE_CIN,CIN,NE,Joe Flacco,00-0026158,QB,ints,0.769,0.0,0.0,1.0,1.0,2.0
2025_12_NE_CIN,CIN,NE,Joe Flacco,00-0026158,QB,car,1.678,0.0,0.0,1.0,3.0,4.0
2025_12_NE_CIN,CIN,NE,Joe Flacco,00-0026158,QB,rush_yds,5.967,-1.0,0.0,0.0,9.068,20.018
2025_12_NE_CIN,CIN,NE,Joe Flacco,00-0026158,QB,tgt,0.0,0.0,0.0,0.0,0.0,0.0
2025_12_NE_CIN,CIN,NE,Joe Flacco,00-0026158,QB,rec,0.0,0.0,0.0,0.0,0.0,0.0
2025_12_NE_CIN,CIN,NE,Joe Flacco,00-0026158,QB,rec_yds,0.005,0.0,0.0,0.0,0.0,0.0
2025_12_NE_CIN,CIN,NE,Joe Flacco,00-0026158,QB,anytime_td,0.104,0.0,0.0,0.0,0.0,1.0
2025_12_NE_CIN,CIN,NE,Chase Brown,00-0038597,RB,car,15.359,8.0,11.0,15.0,19.0,23.0
2025_12_NE_CIN,CIN,NE,Chase Brown,00-0038597,RB,rush_yds,63.548,22.643,36.56,57.051,82.952,110.935
2025_12_NE_CIN,CIN,NE,Chase Brown,00-0038597,RB,tgt,7.676,3.0,5.0,7.0,10.0,13.0
2025_12_NE_CIN,CIN,NE,Chase Brown,00-0038597,RB,rec,5.744,2.0,4.0,5.0,8.0,10.0
2025_12_NE_CIN,CIN,NE,Chase Brown,00-0038597,RB,rec_yds,38.414,8.974,19.198,33.694,53.129,74.04
2025_12_NE_CIN,CIN,NE,Chase Brown,00-0038597,RB,anytime_td,0.374,0.0,0.0,0.0,1.0,1.0
2025_12_NE_CIN,CIN,NE,Andrei Iosivas,00-0038619,WR,car,0.245,0.0,0.0,0.0,0.0,1.0
2025_12_NE_CIN,CIN,NE,Andrei Iosivas,00-0038619,WR,rush_yds,1.231,0.0,0.0,0.0,0.0,1.061
2025_12_NE_CIN,CIN,NE,Andrei Iosivas,00-0038619,WR,tgt,4.973,2.0,3.0,5.0,7.0,9.0
2025_12_NE_CIN,CIN,NE,Andrei Iosivas,00-0038619,WR,rec,3.013,1.0,2.0,3.0,4.0,6.0
2025_12_NE_CIN,CIN,NE,Andrei Iosivas,00-0038619,WR,rec_yds,38.592,2.79,14.416,32.8,55.391,80.89
2025_12_NE_CIN,CIN,NE,Andrei Iosivas,00-0038619,WR,anytime_td,0.153,0.0,0.0,0.0,0.0,1.0
2025_12_NE_CIN,CIN,NE,Tee Higgins,00-0036410,WR,car,0.009,0.0,0.0,0.0,0.0,0.0
2025_12_NE_CIN,CIN,NE,Tee Higgins,00-0036410,WR,rush_yds,0.058,0.0,0.0,0.0,0.0,0.0
2025_12_NE_CIN,CIN,NE,Tee Higgins,00-0036410,WR,tgt,8.783,4.0,6.0,8.0,11.0,14.0
2025_12_NE_CIN,CIN,NE,Tee Higgins,00-0036410,WR,rec,5.229,2.0,3.0,5.0,7.0,9.0
2025_12_NE_CIN,CIN,NE,Tee Higgins,00-0036410,WR,rec_yds,72.908,20.864,40.097,66.335,98.909,133.749
2025_12_NE_CIN,CIN,NE,Tee Higgins,00-0036410,WR,anytime_td,0.416,0.0,0.0,0.0,1.0,1.0
2025_12_NE_CIN,CIN,NE,Mitchell Tinsley,00-0038839,WR,car,0.01,0.0,0.0,0.0,0.0,0.0
2025_12_NE_CIN,CIN,NE,Mitchell Tinsley,00-0038839,WR,rush_yds,0.084,0.0,0.0,0.0,0.0,0.0
2025_12_NE_CIN,CIN,NE,Mitchell Tinsley,00-0038839,WR,tgt,0.859,0.0,0.0,0.0,1.0,2.0
2025_12_NE_CIN,CIN,NE,Mitchell Tinsley,00-0038839,WR,rec,0.541,0.0,0.0,0.0,1.0,2.0
2025_12_NE_CIN,CIN,NE,Mitchell Tinsley,00-0038839,WR,rec_yds,6.869,0.0,0.0,0.0,8.518,23.394
2025_12_NE_CIN,CIN,NE,Mitchell Tinsley,00-0038839,WR,anytime_td,0.034,0.0,0.0,0.0,0.0,0.0
2025_12_NE_CIN,CIN,NE,Drew Sample,00-0035631,TE,car,0.009,0.0,0.0,0.0,0.0,0.0
2025_12_NE_CIN,CIN,NE,Drew Sample,00-0035631,TE,rush_yds,0.022,0.0,0.0,0.0,0.0,0.0
2025_12_NE_CIN,CIN,NE,Drew Sample,00-0035631,TE,tgt,1.078,0.0,0.0,1.0,2.0,3.0
2025_12_NE_CIN,CIN,NE,Drew Sample,00-0035631,TE,rec,0.744,0.0,0.0,0.0,1.0,2.0
2025_12_NE_CIN,CIN,NE,Drew Sample,00-0035631,TE,rec_yds,7.042,0.0,0.0,0.0,10.298,22.145
2025_12_NE_CIN,CIN,NE,Drew Sample,00-0035631,TE,anytime_td,0.046,0.0,0.0,0.0,0.0,0.0
2025_12_NE_CIN,CIN,NE,Mike Gesicki,00-0034829,TE,car,0.002,0.0,0.0,0.0,0.0,0.0
2025_12_NE_CIN,CIN,NE,Mike Gesicki,00-0034829,TE,rush_yds,0.001,0.0,0.0,0.0,0.0,0.0
2025_12_NE_CIN,CIN,NE,Mike Gesicki,00-0034829,TE,tgt,4.655,1.0,3.0,4.0,6.0,8.0
2025_12_NE_CIN,CIN,NE,Mike Gesicki,00-0034829,TE,rec,3.14,1.0,2.0,3.0,4.0,6.0
2025_12_NE_CIN,CIN,NE,Mike Gesicki,00-0034829,TE,rec_yds,30.934,3.583,12.025,25.927,44.333,64.288
2025_12_NE_CIN,CIN,NE,Mike Gesicki,00-0034829,TE,anytime_td,0.078,0.0,0.0,0.0,0.0,0.0
2025_12_NE_CIN,CIN,NE,Noah Fant,00-0035644,TE,car,0.002,0.0,0.0,0.0,0.0,0.0
2025_12_NE_CIN,CIN,NE,Noah Fant,00-0035644,TE,rush_yds,0.003,0.0,0.0,0.0,0.0,0.0
2025_12_NE_CIN,CIN,NE,Noah Fant,00-0035644,TE,tgt,5.201,2.0,3.0,5.0,7.0,9.0
2025_12_NE_CIN,CIN,NE,Noah Fant,00-0035644,TE,rec,3.971,1.0,2.0,4.0,5.0,7.0
2025_12_NE_CIN,CIN,NE,Noah Fant,00-0035644,TE,rec_yds,38.678,6.907,17.753,33.715,54.309,76.283
2025_12_NE_CIN,CIN,NE,Noah Fant,00-0035644,TE,anytime_td,0.201,0.0,0.0,0.0,0.0,1.0
2025_12_NE_CIN,CIN,NE,Tanner Hudson,00-0034613,TE,car,0.017,0.0,0.0,0.0,0.0,0.0
2025_12_NE_CIN,CIN,NE,Tanner Hudson,00-0034613,TE,rush_yds,0.042,0.0,0.0,0.0,0.0,0.0
2025_12_NE_CIN,CIN,NE,Tanner Hudson,00-0034613,TE,tgt,2.88,0.0,1.0,2.0,4.0,6.0
2025_12_NE_CIN,CIN,NE,Tanner Hudson,00-0034613,TE,rec,2.128,0.0,1.0,2.0,3.0,5.0
2025_12_NE_CIN,CIN,NE,Tanner Hudson,00-0034613,TE,rec_yds,21.05,0.0,5.095,15.813,31.163,49.81
2025_12_NE_CIN,CIN,NE,Tanner Hudson,00-0034613,TE,anytime_td,0.121,0.0,0.0,0.0,0.0,1.0
2025_12_NE_CIN,CIN,NE,Tahj Brooks,00-0040208,RB,car,2.692,0.0,1.0,2.0,4.0,6.0
2025_12_NE_CIN,CIN,NE,Tahj Brooks,00-0040208,RB,rush_yds,10.864,0.0,0.0,5.504,14.966,29.264
2025_12_NE_CIN,CIN,NE,Tahj Brooks,00-0040208,RB,tgt,0.185,0.0,0.0,0.0,0.0,1.0
2025_12_NE_CIN,CIN,NE,Tahj Brooks,00-0040208,RB,rec,0.145,0.0,0.0,0.0,0.0,1.0
2025_12_NE_CIN,CIN,NE,Tahj Brooks,00-0040208,RB,rec_yds,1.087,0.0,0.0,0.0,0.0,0.0
2025_12_NE_CIN,CIN,NE,Tahj Brooks,00-0040208,RB,anytime_td,0.07,0.0,0.0,0.0,0.0,0.0
2025_12_NE_CIN,NE,CIN,Drake Maye,00-0039851,QB,att,28.712,19.0,24.0,29.0,34.0,39.0
2025_12_NE_CIN,NE,CIN,Drake Maye,00-0039851,QB,cmp,20.076,13.0,17.0,20.0,24.0,28.0
2025_12_NE_CIN,NE,CIN,Drake Maye,00-0039851,QB,pass_yds,245.446,148.01,195.504,247.129,298.48,348.999
2025_12_NE_CIN,NE,CIN,Drake Maye,00-0039851,QB,pass_td,1.965,0.0,1.0,2.0,3.0,4.0
2025_12_NE_CIN,NE,CIN,Drake Maye,00-0039851,QB,ints,0.591,0.0,0.0,0.0,1.0,2.0
2025_12_NE_CIN,NE,CIN,Drake Maye,00-0039851,QB,car,5.185,2.0,3.0,5.0,7.0,9.0
2025_12_NE_CIN,NE,CIN,Drake Maye,00-0039851,QB,rush_yds,26.448,3.657,11.874,23.146,37.253,53.017
2025_12_NE_CIN,NE,CIN,Drake Maye,00-0039851,QB,tgt,0.0,0.0,0.0,0.0,0.0,0.0
2025_12_NE_CIN,NE,CIN,Drake Maye,00-0039851,QB,rec,0.0,0.0,0.0,0.0,0.0,0.0
2025_12_NE_CIN,NE,CIN,Drake Maye,00-0039851,QB,rec_yds,0.004,0.0,0.0,0.0,0.0,0.0
2025_12_NE_CIN,NE,CIN,Drake Maye,00-0039851,QB,anytime_td,0.137,0.0,0.0,0.0,0.0,1.0
2025_12_NE_CIN,NE,CIN,Mack Hollins,00-0033555,WR,car,0.089,0.0,0.0,0.0,0.0,0.0
2025_12_NE_CIN,NE,CIN,Mack Hollins,00-0033555,WR,rush_yds,0.652,0.0,0.0,0.0,0.0,0.0
2025_12_NE_CIN,NE,CIN,Mack Hollins,00-0033555,WR,tgt,3.677,1.0,2.0,3.0,5.0,7.0
2025_12_NE_CIN,NE,CIN,Mack Hollins,00-0033555,WR,rec,2.616,0.0,1.0,2.0,4.0,5.0
2025_12_NE_CIN,NE,CIN,Mack Hollins,00-0033555,WR,rec_yds,36.87,0.0,12.221,29.096,53.643,81.831
2025_12_NE_CIN,NE,CIN,Mack Hollins,00-0033555,WR,anytime_td,0.165,0.0,0.0,0.0,0.0,1.0
2025_12_NE_CIN,NE,CIN,Kayshon Boutte,00-0038608,WR,car,0.007,0.0,0.0,0.0,0.0,0.0
2025_12_NE_CIN,NE,CIN,Kayshon Boutte,00-0038608,WR,rush_yds,0.046,0.0,0.0,0.0,0.0,0.0
2025_12_NE_CIN,NE,CIN,Kayshon Boutte,00-0038608,WR,tgt,3.321,1.0,2.0,3.0,5.0,6.0
2025_12_NE_CIN,NE,CIN,Kayshon Boutte,00-0038608,WR,rec,2.278,0.0,1.0,2.0,3.0,5.0
2025_12_NE_CIN,NE,CIN,Kayshon Boutte,00-0038608,WR,rec_yds,35.47,0.0,9.764,27.353,52.854,81.329
2025_12_NE_CIN,NE,CIN,Kayshon Boutte,00-0038608,WR,anytime_td,0.333,0.0,0.0,0.0,1.0,1.0
2025_12_NE_CIN,NE,CIN,Hunter Henry,00-0033090,TE,car,0.001,0.0,0.0,0.0,0.0,0.0
2025_12_NE_CIN,NE,CIN,Hunter Henry,00-0033090,TE,rush_yds,0.001,0.0,0.0,0.0,0.0,0.0
2025_12_NE_CIN,NE,CIN,Hunter Henry,00-0033090,TE,tgt,4.625,1.0,3.0,4.0,6.0,8.0
2025_12_NE_CIN,NE,CIN,Hunter Henry,00-0033090,TE,rec,3.252,1.0,2.0,3.0,5.0,6.0
2025_12_NE_CIN,NE,CIN,Hunter Henry,00-0033090,TE,rec_yds,37.723,5.36,16.038,32.234,53.941,76.643
2025_12_NE_CIN,NE,CIN,Hunter Henry,00-0033090,TE,anytime_td,0.275,0.0,0.0,0.0,1.0,1.0
2025_12_NE_CIN,NE,CIN,TreVeyon Henderson,00-0040734,RB,car,9.061,3.0,5.0,8.0,12.0,16.0
2025_12_NE_CIN,NE,CIN,TreVeyon Henderson,00-0040734,RB,rush_yds,49.066,9.729,21.449,41.424,67.19,99.273
2025_12_NE_CIN,NE,CIN,TreVeyon Henderson,00-0040734,RB,tgt,2.585,0.0,1.0,2.0,4.0,5.0
2025_12_NE_CIN,NE,CIN,TreVeyon Henderson,00-0040734,RB,rec,2.14,0.0,1.0,2.0,3.0,4.0
2025_12_NE_CIN,NE,CIN,TreVeyon Henderson,00-0040734,RB,rec_yds,16.195,0.0,2.707,11.395,24.108,39.695
2025_12_NE_CIN,NE,CIN,TreVeyon Henderson,00-0040734,RB,anytime_td,0.463,0.0,0.0,0.0,1.0,1.0
2025_12_NE_CIN,NE,CIN,Austin Hooper,00-0032392,TE,car,0.003,0.0,0.0,0.0,0.0,0.0
2025_12_NE_CIN,NE,CIN,Austin Hooper,00-0032392,TE,rush_yds,0.012,0.0,0.0,0.0,0.0,0.0
2025_12_NE_CIN,NE,CIN,Austin Hooper,00-0032392,TE,tgt,1.726,0.0,0.0,1.0,3.0,4.0
2025_12_NE_CIN,NE,CIN,Austin Hooper,00-0032392,TE,rec,1.322,0.0,0.0,1.0,2.0,3.0
2025_12_NE_CIN,NE,CIN,Austin Hooper,00-0032392,TE,rec_yds,15.399,0.0,0.0,9.099,23.374,41.623
2025_12_NE_CIN,NE,CIN,Austin Hooper,00-0032392,TE,anytime_td,0.12,0.0,0.0,0.0,0.0,1.0
2025_12_NE_CIN,NE,CIN,Stefon Diggs,00-0031588,WR,car,0.02,0.0,0.0,0.0,0.0,0.0
2025_12_NE_CIN,NE,CIN,Stefon Diggs,00-0031588,WR,rush_yds,0.152,0.0,0.0,0.0,0.0,0.0
2025_12_NE_CIN,NE,CIN,Stefon Diggs,00-0031588,WR,tgt,6.302,3.0,4.0,6.0,8.0,10.0
2025_12_NE_CIN,NE,CIN,Stefon Diggs,00-0031588,WR,rec,4.658,2.0,3.0,4.0,6.0,8.0
2025_12_NE_CIN,NE,CIN,Stefon Diggs,00-0031588,WR,rec_yds,58.602,13.684,29.294,51.74,81.264,111.347
2025_12_NE_CIN,NE,CIN,Stefon Diggs,00-0031588,WR,anytime_td,0.332,0.0,0.0,0.0,1.0,1.0
2025_12_NE_CIN,NE,CIN,Rhamondre Stevenson,00-0036875,RB,car,9.747,3.0,6.0,9.0,13.0,17.0
2025_12_NE_CIN,NE,CIN,Rhamondre Stevenson,00-0036875,RB,rush_yds,43.918,9.256,19.949,37.238,60.356,86.922
2025_12_NE_CIN,NE,CIN,Rhamondre Stevenson,00-0036875,RB,tgt,2.201,0.0,1.0,2.0,3.0,5.0
2025_12_NE_CIN,NE,CIN,Rhamondre Stevenson,00-0036875,RB,rec,1.8,0.0,1.0,1.0,3.0,4.0
2025_12_NE_CIN,NE,CIN,Rhamondre Stevenson,00-0036875,RB,rec_yds,14.847,0.0,0.0,9.535,22.361,38.082
2025_12_NE_CIN,NE,CIN,Rhamondre Stevenson,00-0036875,RB,anytime_td,0.387,0.0,0.0,0.0,1.0,1.0
2025_12_NE_CIN,NE,CIN,DeMario Douglas,00-0038621,WR,car,0.422,0.0,0.0,0.0,0.0,1.0
2025_12_NE_CIN,NE,CIN,DeMario Douglas,00-0038621,WR,rush_yds,2.677,0.0,0.0,0.0,0.0,7.754
2025_12_NE_CIN,NE,CIN,DeMario Douglas,00-0038621,WR,tgt,3.03,1.0,1.0,3.0,4.0,6.0
2025_12_NE_CIN,NE,CIN,DeMario Douglas,00-0038621,WR,rec,2.114,0.0,1.0,2.0,3.0,4.0
2025_12_NE_CIN,NE,CIN,DeMario Douglas,00-0038621,WR,rec_yds,30.755,0.0,7.992,23.018,45.38,72.006
2025_12_NE_CIN,NE,CIN,DeMario Douglas,00-0038621,WR,anytime_td,0.23,0.0,0.0,0.0,0.0,1.0
2025_12_NE_CIN,NE,CIN,Kyle Williams,00-0040131,WR,car,0.061,0.0,0.0,0.0,0.0,0.0
2025_12_NE_CIN,NE,CIN,Kyle Williams,00-0040131,WR,rush_yds,0.431,0.0,0.0,0.0,0.0,0.0
2025_12_NE_CIN,NE,CIN,Kyle Williams,00-0040131,WR,tgt,1.24,0.0,0.0,1.0,2.0,3.0
2025_12_NE_CIN,NE,CIN,Kyle Williams,00-0040131,WR,rec,0.726,0.0,0.0,0.0,1.0,2.0
2025_12_NE_CIN,NE,CIN,Kyle Williams,00-0040131,WR,rec_yds,10.994,0.0,0.0,0.0,16.405,35.83
2025_12_NE_CIN,NE,CIN,Kyle Williams,00-0040131,WR,anytime_td,0.096,0.0,0.0,0.0,0.0,0.0
2025_12_NE_CIN,NE,CIN,Terrell Jennings,00-0039757,RB,car,4.552,1.0,2.0,4.0,6.0,10.0
2025_12_NE_CIN,NE,CIN,Terrell Jennings,00-0039757,RB,rush_yds,21.675,0.0,4.776,14.595,30.635,52.387
2025_12_NE_CIN,NE,CIN,Terrell Jennings,00-0039757,RB,tgt,0.352,0.0,0.0,0.0,0.0,1.0
2025_12_NE_CIN,NE,CIN,Terrell Jennings,00-0039757,RB,rec,0.28,0.0,0.0,0.0,0.0,1.0
2025_12_NE_CIN,NE,CIN,Terrell Jennings,00-0039757,RB,rec_yds,2.191,0.0,0.0,0.0,0.0,8.59
2025_12_NE_CIN,NE,CIN,Terrell Jennings,00-0039757,RB,anytime_td,0.184,0.0,0.0,0.0,0.0,1.0
2025_12_NYG_DET,DET,NYG,Jared Goff,00-0033106,QB,att,30.489,21.0,26.0,31.0,36.0,41.0
2025_12_NYG_DET,DET,NYG,Jared Goff,00-0033106,QB,cmp,20.943,14.0,17.0,21.0,25.0,29.0
2025_12_NYG_DET,DET,NYG,Jared Goff,00-0033106,QB,pass_yds,253.019,154.369,204.487,253.904,306.268,356.994
2025_12_NYG_DET,DET,NYG,Jared Goff,00-0033106,QB,pass_td,1.923,0.0,1.0,2.0,3.0,3.0
2025_12_NYG_DET,DET,NYG,Jared Goff,00-0033106,QB,ints,0.527,0.0,0.0,0.0,1.0,2.0
2025_12_NYG_DET,DET,NYG,Jared Goff,00-0033106,QB,car,1.976,0.0,1.0,2.0,3.0,4.0
2025_12_NYG_DET,DET,NYG,Jared Goff,00-0033106,QB,rush_yds,4.782,-2.0,-1.0,0.0,7.8,17.6
2025_12_NYG_DET,DET,NYG,Jared Goff,00-0033106,QB,tgt,0.001,0.0,0.0,0.0,0.0,0.0
2025_12_NYG_DET,DET,NYG,Jared Goff,00-0033106,QB,rec,0.001,0.0,0.0,0.0,0.0,0.0
2025_12_NYG_DET,DET,NYG,Jared Goff,00-0033106,QB,rec_yds,0.002,0.0,0.0,0.0,0.0,0.0
2025_12_NYG_DET,DET,NYG,Jared Goff,00-0033106,QB,anytime_td,0.016,0.0,0.0,0.0,0.0,0.0
2025_12_NYG_DET,DET,NYG,Amon-Ra St. Brown,00-0036963,WR,car,0.196,0.0,0.0,0.0,0.0,0.0
2025_12_NYG_DET,DET,NYG,Amon-Ra St. Brown,00-0036963,WR,rush_yds,1.219,0.0,0.0,0.0,0.0,0.0
2025_12_NYG_DET,DET,NYG,Amon-Ra St. Brown,00-0036963,WR,tgt,11.348,6.0,8.0,11.0,14.0,17.0
2025_12_NYG_DET,DET,NYG,Amon-Ra St. Brown,00-0036963,WR,rec,7.719,4.0,5.0,7.0,10.0,12.0
2025_12_NYG_DET,DET,NYG,Amon-Ra St. Brown,00-0036963,WR,rec_yds,98.401,40.25,63.752,92.849,126.871,162.759
2025_12_NYG_DET,DET,NYG,Amon-Ra St. Brown,00-0036963,WR,anytime_td,0.473,0.0,0.0,0.0,1.0,1.0
2025_12_NYG_DET,DET,NYG,Jameson Williams,00-0037240,WR,car,0.435,0.0,0.0,0.0,0.0,1.0
2025_12_NYG_DET,DET,NYG,Jameson Williams,00-0037240,WR,rush_yds,2.755,0.0,0.0,0.0,0.0,8.024
2025_12_NYG_DET,DET,NYG,Jameson Williams,00-0037240,WR,tgt,6.321,3.0,4.0,6.0,8.0,10.0
2025_12_NYG_DET,DET,NYG,Jameson Williams,00-0037240,WR,rec,4.204,1.0,2.0,4.0,6.0,7.0
2025_12_NYG_DET,DET,NYG,Jameson Williams,00-0037240,WR,rec_yds,65.964,15.051,32.433,57.747,91.608,125.871
2025_12_NYG_DET,DET,NYG,Jameson Williams,00-0037240,WR,anytime_td,0.388,0.0,0.0,0.0,1.0,1.0
2025_12_NYG_DET,DET,NYG,Brock Wright,00-0036754,TE,car,0.004,0.0,0.0,0.0,0.0,0.0
2025_12_NYG_DET,DET,NYG,Brock Wright,00-0036754,TE,rush_yds,0.009,0.0,0.0,0.0,0.0,0.0
2025_12_NYG_DET,DET,NYG,Brock Wright,00-0036754,TE,tgt,2.408,0.0,1.0,2.0,3.0,5.0
2025_12_NYG_DET,DET,NYG,Brock Wright,00-0036754,TE,rec,1.682,0.0,1.0,1.0,2.0,4.0
2025_12_NYG_DET,DET,NYG,Brock Wright,00-0036754,TE,rec_yds,17.418,0.0,0.0,11.792,26.333,43.73
2025_12_NYG_DET,DET,NYG,Brock Wright,00-0036754,TE,anytime_td,0.124,0.0,0.0,0.0,0.0,1.0
2025_12_NYG_DET,DET,NYG,Jahmyr Gibbs,00-0039139,RB,car,14.452,7.0,10.0,14.0,18.0,23.0
2025_12_NYG_DET,DET,NYG,Jahmyr Gibbs,00-0039139,RB,rush_yds,78.571,24.612,43.724,70.105,102.82,141.78
2025_12_NYG_DET,DET,NYG,Jahmyr Gibbs,00-0039139,RB,tgt,5.066,2.0,3.0,5.0,7.0,9.0
2025_12_NYG_DET,DET,NYG,Jahmyr Gibbs,00-0039139,RB,rec,4.211,1.0,2.0,4.0,6.0,8.0
2025_12_NYG_DET,DET,NYG,Jahmyr Gibbs,00-0039139,RB,rec_yds,40.44,6.071,17.095,34.905,57.327,81.57
2025_12_NYG_DET,DET,NYG,Jahmyr Gibbs,00-0039139,RB,anytime_td,0.67,0.0,0.0,1.0,1.0,1.0
2025_12_NYG_DET,DET,NYG,Isaac TeSlaa,00-0040669,WR,car,0.008,0.0,0.0,0.0,0.0,0.0
2025_12_NYG_DET,DET,NYG,Isaac TeSlaa,00-0040669,WR,rush_yds,0.039,0.0,0.0,0.0,0.0,0.0
2025_12_NYG_DET,DET,NYG,Isaac TeSlaa,00-0040669,WR,tgt,1.011,0.0,0.0,1.0,2.0,3.0
2025_12_NYG_DET,DET,NYG,Isaac TeSlaa,00-0040669,WR,rec,0.647,0.0,0.0,0.0,1.0,2.0
2025_12_NYG_DET,DET,NYG,Isaac TeSlaa,00-0040669,WR,rec_yds,8.684,0.0,0.0,0.0,12.499,28.921
2025_12_NYG_DET,DET,NYG,Isaac TeSlaa,00-0040669,WR,anytime_td,0.085,0.0,0.0,0.0,0.0,0.0
2025_12_NYG_DET,DET,NYG,Kalif Raymond,00-0032464,WR,car,0.195,0.0,0.0,0.0,0.0,0.0
2025_12_NYG_DET,DET,NYG,Kalif Raymond,00-0032464,WR,rush_yds,1.27,0.0,0.0,0.0,0.0,0.0
2025_12_NYG_DET,DET,NYG,Kalif Raymond,00-0032464,WR,tgt,2.049,0.0,1.0,2.0,3.0,5.0
2025_12_NYG_DET,DET,NYG,Kalif Raymond,00-0032464,WR,rec,1.453,0.0,0.0,1.0,2.0,3.0
2025_12_NYG_DET,DET,NYG,Kalif Raymond,00-0032464,WR,rec_yds,18.183,0.0,0.0,10.842,27.863,49.067
2025_12_NYG_DET,DET,NYG,Kalif Raymond,00-0032464,WR,anytime_td,0.048,0.0,0.0,0.0,0.0,0.0
2025_12_NYG_DET,DET,NYG,David Montgomery,00-0035685,RB,car,11.179,4.0,7.0,11.0,15.0,19.0
2025_12_NYG_DET,DET,NYG,David Montgomery,00-0035685,RB,rush_yds,52.557,13.142,25.513,45.204,71.584,100.823
2025_12_NYG_DET,DET,NYG,David Montgomery,00-0035685,RB,tgt,2.292,0.0,1.0,2.0,3.0,5.0
2025_12_NYG_DET,DET,NYG,David Montgomery,00-0035685,RB,rec,1.888,0.0,1.0,2.0,3.0,4.0
2025_12_NYG_DET,DET,NYG,David Montgomery,00-0035685,RB,rec_yds,15.015,0.0,0.0,9.676,22.381,38.653
2025_12_NYG_DET,DET,NYG,David Montgomery,00-0035685,RB,anytime_td,0.411,0.0,0.0,0.0,1.0,1.0
2025_12_NYG_DET,NYG,DET,Jameis Winston,00-0031503,QB,att,31.628,21.0,27.0,33.0,38.0,42.0
2025_12_NYG_DET,NYG,DET,Jameis Winston,00-0031503,QB,cmp,19.709,12.0,16.0,20.0,24.0,27.0
2025_12_NYG_DET,NYG,DET,Jameis Winston,00-0031503,QB,pass_yds,214.626,128.013,173.172,215.122,260.405,306.39
2025_12_NYG_DET,NYG,DET,Jameis Winston,00-0031503,QB,pass_td,1.145,0.0,0.0,1.0,2.0,3.0
2025_12_NYG_DET,NYG,DET,Jameis Winston,00-0031503,QB,ints,0.774,0.0,0.0,1.0,1.0,2.0
2025_12_NYG_DET,NYG,DET,Jameis Winston,00-0031503,QB,car,2.972,0.0,1.0,2.0,4.0,6.0
2025_12_NYG_DET,NYG,DET,Jameis Winston,00-0031503,QB,rush_yds,12.842,0.0,0.974,8.63,19.501,32.81
2025_12_NYG_DET,NYG,DET,Jameis Winston,00-0031503,QB,tgt,0.001,0.0,0.0,0.0,0.0,0.0
2025_12_NYG_DET,NYG,DET,Jameis Winston,00-0031503,QB,rec,0.001,0.0,0.0,0.0,0.0,0.0
2025_12_NYG_DET,NYG,DET,Jameis Winston,00-0031503,QB,rec_yds,0.004,0.0,0.0,0.0,0.0,0.0
2025_12_NYG_DET,NYG,DET,Jameis Winston,00-0031503,QB,anytime_td,0.167,0.0,0.0,0.0,0.0,1.0
2025_12_NYG_DET,NYG,DET,Wan'Dale Robinson,00-0038117,WR,car,0.091,0.0,0.0,0.0,0.0,0.0
2025_12_NYG_DET,NYG,DET,Wan'Dale Robinson,00-0038117,WR,rush_yds,0.566,0.0,0.0,0.0,0.0,0.0
2025_12_NYG_DET,NYG,DET,Wan'Dale Robinson,00-0038117,WR,tgt,9.451,5.0,7.0,9.0,12.0,15.0
2025_12_NYG_DET,NYG,DET,Wan'Dale Robinson,00-0038117,WR,rec,5.778,2.0,4.0,6.0,7.0,10.0
2025_12_NYG_DET,NYG,DET,Wan'Dale Robinson,00-0038117,WR,rec_yds,63.992,20.179,37.38,58.409,86.181,112.778
2025_12_NYG_DET,NYG,DET,Wan'Dale Robinson,00-0038117,WR,anytime_td,0.182,0.0,0.0,0.0,0.0,1.0
2025_12_NYG_DET,NYG,DET,Theo Johnson,00-0039847,TE,car,0.002,0.0,0.0,0.0,0.0,0.0
2025_12_NYG_DET,NYG,DET,Theo Johnson,00-0039847,TE,rush_yds,-0.0,0.0,0.0,0.0,0.0,0.0
2025_12_NYG_DET,NYG,DET,Theo Johnson,00-0039847,TE,tgt,5.787,2.0,4.0,5.0,8.0,10.0
2025_12_NYG_DET,NYG,DET,Theo Johnson,00-0039847,TE,rec,3.898,1.0,2.0,4.0,5.0,7.0
2025_12_NYG_DET,NYG,DET,Theo Johnson,00-0039847,TE,rec_yds,39.669,8.255,18.894,35.008,55.203,77.313
2025_12_NYG_DET,NYG,DET,Theo Johnson,00-0039847,TE,anytime_td,0.282,0.0,0.0,0.0,1.0,1.0
2025_12_NYG_DET,NYG,DET,Tyrone Tracy Jr.,00-0039384,RB,car,13.169,6.0,9.0,13.0,17.0,21.0
2025_12_NYG_DET,NYG,DET,Tyrone Tracy Jr.,00-0039384,RB,rush_yds,55.052,17.793,30.222,48.381,72.253,102.493
2025_12_NYG_DET,NYG,DET,Tyrone Tracy Jr.,00-0039384,RB,tgt,3.178,1.0,1.0,3.0,4.0,6.0
2025_12_NYG_DET,NYG,DET,Tyrone Tracy Jr.,00-0039384,RB,rec,2.353,0.0,1.0,2.0,3.0,5.0
2025_12_NYG_DET,NYG,DET,Tyrone Tracy Jr.,00-0039384,RB,rec_yds,17.382,0.0,3.567,12.698,26.052,41.112
2025_12_NYG_DET,NYG,DET,Tyrone Tracy Jr.,00-0039384,RB,anytime_td,0.14,0.0,0.0,0.0,0.0,1.0
2025_12_NYG_DET,NYG,DET,Isaiah Hodgins,00-0036165,WR,car,0.014,0.0,0.0,0.0,0.0,0.0
2025_12_NYG_DET,NYG,DET,Isaiah Hodgins,00-0036165,WR,rush_yds,0.07,0.0,0.0,0.0,0.0,0.0
2025_12_NYG_DET,NYG,DET,Isaiah Hodgins,00-0036165,WR,tgt,3.266,1.0,2.0,3.0,5.0,6.0
2025_12_NYG_DET,NYG,DET,Isaiah Hodgins,00-0036165,WR,rec,2.089,0.0,1.0,2.0,3.0,4.0
2025_12_NYG_DET,NYG,DET,Isaiah Hodgins,00-0036165,WR,rec_yds,25.374,0.0,5.958,19.181,37.525,60.464
2025_12_NYG_DET,NYG,DET,Isaiah Hodgins,00-0036165,WR,anytime_td,0.111,0.0,0.0,0.0,0.0,1.0
2025_12_NYG_DET,NYG,DET,Darius Slayton,00-0035535,WR,car,0.046,0.0,0.0,0.0,0.0,0.0
2025_12_NYG_DET,NYG,DET,Darius Slayton,00-0035535,WR,rush_yds,0.336,0.0,0.0,0.0,0.0,0.0
2025_12_NYG_DET,NYG,DET,Darius Slayton,00-0035535,WR,tgt,4.989,2.0,3.0,5.0,7.0,9.0
2025_12_NYG_DET,NYG,DET,Darius Slayton,00-0035535,WR,rec,3.091,1.0,2.0,3.0,4.0,6.0
2025_12_NYG_DET,NYG,DET,Darius Slayton,00-0035535,WR,rec_yds,41.714,4.781,16.485,35.154,59.227,87.581
2025_12_NYG_DET,NYG,DET,Darius Slayton,00-0035535,WR,anytime_td,0.101,0.0,0.0,0.0,0.0,1.0
2025_12_NYG_DET,NYG,DET,Daniel Bellinger,00-0038115,TE,car,0.002,0.0,0.0,0.0,0.0,0.0
2025_12_NYG_DET,NYG,DET,Daniel Bellinger,00-0038115,TE,rush_yds,0.002,0.0,0.0,0.0,0.0,0.0
2025_12_NYG_DET,NYG,DET,Daniel Bellinger,00-0038115,TE,tgt,1.843,0.0,1.0,1.0,3.0,4.0
2025_12_NYG_DET,NYG,DET,Daniel Bellinger,00-0038115,TE,rec,1.28,0.0,0.0,1.0,2.0,3.0
2025_12_NYG_DET,NYG,DET,Daniel Bellinger,00-0038115,TE,rec_yds,14.491,0.0,0.0,8.52,22.357,38.432
2025_12_NYG_DET,NYG,DET,Daniel Bellinger,00-0038115,TE,anytime_td,0.091,0.0,0.0,0.0,0.0,0.0
2025_12_NYG_DET,NYG,DET,Devin Singletary,00-0035250,RB,car,7.989,2.0,4.0,7.0,11.0,14.0
2025_12_NYG_DET,NYG,DET,Devin Singletary,00-0035250,RB,rush_yds,30.328,5.229,12.4,24.715,42.162,62.316
2025_12_NYG_DET,NYG,DET,Devin Singletary,00-0035250,RB,tgt,1.277,0.0,0.0,1.0,2.0,3.0
2025_12_NYG_DET,NYG,DET,Devin Singletary,00-0035250,RB,rec,0.986,0.0,0.0,1.0,2.0,3.0
2025_12_NYG_DET,NYG,DET,Devin Singletary,00-0035250,RB,rec_yds,7.678,0.0,0.0,1.884,10.972,23.822
2025_12_NYG_DET,NYG,DET,Devin Singletary,00-0035250,RB,anytime_td,0.182,0.0,0.0,0.0,0.0,1.0
2025_12_NYG_DET,NYG,DET,Gunner Olszewski,00-0035645,WR,car,0.045,0.0,0.0,0.0,0.0,0.0
2025_12_NYG_DET,NYG,DET,Gunner Olszewski,00-0035645,WR,rush_yds,0.228,0.0,0.0,0.0,0.0,0.0
2025_12_NYG_DET,NYG,DET,Gunner Olszewski,00-0035645,WR,tgt,0.843,0.0,0.0,0.0,1.0,2.0
2025_12_NYG_DET,NYG,DET,Gunner Olszewski,00-0035645,WR,rec,0.492,0.0,0.0,0.0,1.0,2.0
2025_12_NYG_DET,NYG,DET,Gunner Olszewski,00-0035645,WR,rec_yds,6.111,0.0,0.0,0.0,7.495,20.882
2025_12_NYG_DET,NYG,DET,Gunner Olszewski,00-0035645,WR,anytime_td,0.073,0.0,0.0,0.0,0.0,0.0
2025_12_NYG_DET,NYG,DET,Dalen Cambre,00-0040431,WR,car,0.11,0.0,0.0,0.0,0.0,0.0
2025_12_NYG_DET,NYG,DET,Dalen Cambre,00-0040431,WR,rush_yds,0.574,0.0,0.0,0.0,0.0,0.0
2025_12_NYG_DET,NYG,DET,Dalen Cambre,00-0040431,WR,tgt,1.603,0.0,0.0,1.0,2.0,4.0
2025_12_NYG_DET,NYG,DET,Dalen Cambre,00-0040431,WR,rec,0.972,0.0,0.0,1.0,2.0,2.0
2025_12_NYG_DET,NYG,DET,Dalen Cambre,00-0040431,WR,rec_yds,11.798,0.0,0.0,4.92,18.018,34.996
2025_12_NYG_DET,NYG,DET,Dalen Cambre,00-0040431,WR,anytime_td,0.052,0.0,0.0,0.0,0.0,0.0
2025_12_NYJ_BAL,BAL,NYJ,Lamar Jackson,00-0034796,QB,att,26.301,17.0,22.0,27.0,32.0,36.0
2025_12_NYJ_BAL,BAL,NYJ,Lamar Jackson,00-0034796,QB,cmp,17.56,11.0,14.0,18.0,21.0,25.0
2025_12_NYJ_BAL,BAL,NYJ,Lamar Jackson,00-0034796,QB,pass_yds,209.61,124.054,164.074,210.336,256.772,302.796
2025_12_NYJ_BAL,BAL,NYJ,Lamar Jackson,00-0034796,QB,pass_td,1.526,0.0,1.0,1.0,2.0,3.0
2025_12_NYJ_BAL,BAL,NYJ,Lamar Jackson,00-0034796,QB,ints,0.49,0.0,0.0,0.0,1.0,1.0
2025_12_NYJ_BAL,BAL,NYJ,Lamar Jackson,00-0034796,QB,car,5.964,2.0,3.0,5.0,8.0,11.0
2025_12_NYJ_BAL,BAL,NYJ,Lamar Jackson,00-0034796,QB,rush_yds,27.175,2.061,10.227,22.631,39.436,57.521
2025_12_NYJ_BAL,BAL,NYJ,Lamar Jackson,00-0034796,QB,tgt,0.001,0.0,0.0,0.0,0.0,0.0
2025_12_NYJ_BAL,BAL,NYJ,Lamar Jackson,00-0034796,QB,rec,0.001,0.0,0.0,0.0,0.0,0.0
2025_12_NYJ_BAL,BAL,NYJ,Lamar Jackson,00-0034796,QB,rec_yds,0.009,0.0,0.0,0.0,0.0,0.0
2025_12_NYJ_BAL,BAL,NYJ,Lamar Jackson,00-0034796,QB,anytime_td,0.192,0.0,0.0,0.0,0.0,1.0
2025_12_NYJ_BAL,BAL,NYJ,Zay Flowers,00-0039064,WR,car,0.568,0.0,0.0,0.0,0.0,2.0
2025_12_NYJ_BAL,BAL,NYJ,Zay Flowers,00-0039064,WR,rush_yds,3.438,0.0,0.0,0.0,0.0,10.836
2025_12_NYJ_BAL,BAL,NYJ,Zay Flowers,00-0039064,WR,tgt,7.166,3.0,5.0,7.0,9.0,12.0
2025_12_NYJ_BAL,BAL,NYJ,Zay Flowers,00-0039064,WR,rec,4.868,2.0,3.0,5.0,6.0,8.0
2025_12_NYJ_BAL,BAL,NYJ,Zay Flowers,00-0039064,WR,rec_yds,71.809,20.275,38.29,64.668,98.758,133.33
2025_12_NYJ_BAL,BAL,NYJ,Zay Flowers,00-0039064,WR,anytime_td,0.168,0.0,0.0,0.0,0.0,1.0
2025_12_NYJ_BAL,BAL,NYJ,Mark Andrews,00-0034753,TE,car,0.717,0.0,0.0,0.0,1.0,2.0
2025_12_NYJ_BAL,BAL,NYJ,Mark Andrews,00-0034753,TE,rush_yds,2.001,0.0,0.0,0.0,0.459,7.021
2025_12_NYJ_BAL,BAL,NYJ,Mark Andrews,00-0034753,TE,tgt,4.785,2.0,3.0,4.0,6.0,8.0
2025_12_NYJ_BAL,BAL,NYJ,Mark Andrews,00-0034753,TE,rec,3.387,1.0,2.0,3.0,5.0,6.0
2025_12_NYJ_BAL,BAL,NYJ,Mark Andrews,00-0034753,TE,rec_yds,37.433,5.97,16.345,32.183,52.574,76.602
2025_12_NYJ_BAL,BAL,NYJ,Mark Andrews,00-0034753,TE,anytime_td,0.43,0.0,0.0,0.0,1.0,1.0
2025_12_NYJ_BAL,BAL,NYJ,Isaiah Likely,00-0037838,TE,car,0.003,0.0,0.0,0.0,0.0,0.0
2025_12_NYJ_BAL,BAL,NYJ,Isaiah Likely,00-0037838,TE,rush_yds,0.01,0.0,0.0,0.0,0.0,0.0
2025_12_NYJ_BAL,BAL,NYJ,Isaiah Likely,00-0037838,TE,tgt,2.999,1.0,1.0,3.0,4.0,6.0
2025_12_NYJ_BAL,BAL,NYJ,Isaiah Likely,00-0037838,TE,rec,2.11,0.0,1.0,2.0,3.0,4.0
2025_12_NYJ_BAL,BAL,NYJ,Isaiah Likely,00-0037838,TE,rec_yds,24.646,0.0,6.687,19.546,36.31,56.041
2025_12_NYJ_BAL,BAL,NYJ,Isaiah Likely,00-0037838,TE,anytime_td,0.124,0.0,0.0,0.0,0.0,1.0
2025_12_NYJ_BAL,BAL,NYJ,Derrick Henry,00-0032764,RB,car,16.728,9.0,12.0,16.0,21.0,25.0
2025_12_NYJ_BAL,BAL,NYJ,Derrick Henry,00-0032764,RB,rush_yds,80.495,29.661,47.423,73.265,106.024,141.095
2025_12_NYJ_BAL,BAL,NYJ,Derrick Henry,00-0032764,RB,tgt,1.711,0.0,0.0,1.0,3.0,4.0
2025_12_NYJ_BAL,BAL,NYJ,Derrick Henry,00-0032764,RB,rec,1.32,0.0,0.0,1.0,2.0,3.0
2025_12_NYJ_BAL,BAL,NYJ,Derrick Henry,00-0032764,RB,rec_yds,10.76,0.0,0.0,5.706,16.007,30.114
2025_12_NYJ_BAL,BAL,NYJ,Derrick Henry,00-0032764,RB,anytime_td,0.501,0.0,0.0,1.0,1.0,1.0
2025_12_NYJ_BAL,BAL,NYJ,DeAndre Hopkins,00-0030564,WR,car,0.004,0.0,0.0,0.0,0.0,0.0
2025_12_NYJ_BAL,BAL,NYJ,DeAndre Hopkins,00-0030564,WR,rush_yds,0.033,0.0,0.0,0.0,0.0,0.0
2025_12_NYJ_BAL,BAL,NYJ,DeAndre Hopkins,00-0030564,WR,tgt,2.894,1.0,1.0,3.0,4.0,6.0
2025_12_NYJ_BAL,BAL,NYJ,DeAndre Hopkins,00-0030564,WR,rec,1.711,0.0,1.0,1.0,3.0,4.0
2025_12_NYJ_BAL,BAL,NYJ,DeAndre Hopkins,00-0030564,WR,rec_yds,24.359,0.0,3.307,17.546,37.131,58.768
2025_12_NYJ_BAL,BAL,NYJ,DeAndre Hopkins,00-0030564,WR,anytime_td,0.152,0.0,0.0,0.0,0.0,1.0
2025_12_NYJ_BAL,BAL,NYJ,Devontez Walker,00-0039792,WR,car,0.011,0.0,0.0,0.0,0.0,0.0
2025_12_NYJ_BAL,BAL,NYJ,Devontez Walker,00-0039792,WR,rush_yds,0.046,0.0,0.0,0.0,0.0,0.0
2025_12_NYJ_BAL,BAL,NYJ,Devontez Walker,00-0039792,WR,tgt,0.745,0.0,0.0,0.0,1.0,2.0
2025_12_NYJ_BAL,BAL,NYJ,Devontez Walker,00-0039792,WR,rec,0.474,0.0,0.0,0.0,1.0,2.0
2025_12_NYJ_BAL,BAL,NYJ,Devontez Walker,00-0039792,WR,rec_yds,6.99,0.0,0.0,0.0,8.549,24.393
2025_12_NYJ_BAL,BAL,NYJ,Devontez Walker,00-0039792,WR,anytime_td,0.112,0.0,0.0,0.0,0.0,1.0
2025_12_NYJ_BAL,BAL,NYJ,Charlie Kolar,00-0038046,TE,car,0.004,0.0,0.0,0.0,0.0,0.0
2025_12_NYJ_BAL,BAL,NYJ,Charlie Kolar,00-0038046,TE,rush_yds,0.009,0.0,0.0,0.0,0.0,0.0
2025_12_NYJ_BAL,BAL,NYJ,Charlie Kolar,00-0038046,TE,tgt,1.311,0.0,0.0,1.0,2.0,3.0
2025_12_NYJ_BAL,BAL,NYJ,Charlie Kolar,00-0038046,TE,rec,0.918,0.0,0.0,1.0,1.0,2.0
2025_12_NYJ_BAL,BAL,NYJ,Charlie Kolar,00-0038046,TE,rec_yds,11.127,0.0,0.0,3.819,17.191,32.977
2025_12_NYJ_BAL,BAL,NYJ,Charlie Kolar,00-0038046,TE,anytime_td,0.152,0.0,0.0,0.0,0.0,1.0
2025_12_NYJ_BAL,BAL,NYJ,Tylan Wallace,00-0036630,WR,car,0.009,0.0,0.0,0.0,0.0,0.0
2025_12_NYJ_BAL,BAL,NYJ,Tylan Wallace,00-0036630,WR,rush_yds,0.055,0.0,0.0,0.0,0.0,0.0
2025_12_NYJ_BAL,BAL,NYJ,Tylan Wallace,00-0036630,WR,tgt,0.855,0.0,0.0,0.0,1.0,2.0
2025_12_NYJ_BAL,BAL,NYJ,Tylan Wallace,00-0036630,WR,rec,0.533,0.0,0.0,0.0,1.0,2.0
2025_12_NYJ_BAL,BAL,NYJ,Tylan Wallace,00-0036630,WR,rec_yds,7.46,0.0,0.0,0.0,10.001,25.802
2025_12_NYJ_BAL,BAL,NYJ,Tylan Wallace,00-0036630,WR,anytime_td,0.049,0.0,0.0,0.0,0.0,0.0
2025_12_NYJ_BAL,BAL,NYJ,Justice Hill,00-0034975,RB,car,2.268,0.0,0.0,1.0,3.0,6.0
2025_12_NYJ_BAL,BAL,NYJ,Justice Hill,00-0034975,RB,rush_yds,10.058,0.0,0.0,3.606,13.621,28.87
2025_12_NYJ_BAL,BAL,NYJ,Justice Hill,00-0034975,RB,tgt,2.993,1.0,1.0,3.0,4.0,6.0
2025_12_NYJ_BAL,BAL,NYJ,Justice Hill,00-0034975,RB,rec,2.328,0.0,1.0,2.0,3.0,5.0
2025_12_NYJ_BAL,BAL,NYJ,Justice Hill,00-0034975,RB,rec_yds,19.444,0.0,4.501,14.435,28.715,45.665
2025_12_NYJ_BAL,BAL,NYJ,Justice Hill,00-0034975,RB,anytime_td,0.287,0.0,0.0,0.0,1.0,1.0
2025_12_NYJ_BAL,BAL,NYJ,Keaton Mitchell,00-0038454,RB,car,3.659,0.0,1.0,3.0,5.0,8.0
2025_12_NYJ_BAL,BAL,NYJ,Keaton Mitchell,00-0038454,RB,rush_yds,17.409,0.0,1.924,10.259,24.289,44.984
2025_12_NYJ_BAL,BAL,NYJ,Keaton Mitchell,00-0038454,RB,tgt,1.017,0.0,0.0,1.0,2.0,3.0
2025_12_NYJ_BAL,BAL,NYJ,Keaton Mitchell,00-0038454,RB,rec,0.776,0.0,0.0,0.0,1.0,2.0
2025_12_NYJ_BAL,BAL,NYJ,Keaton Mitchell,00-0038454,RB,rec_yds,6.35,0.0,0.0,0.0,9.352,19.281
2025_12_NYJ_BAL,BAL,NYJ,Keaton Mitchell,00-0038454,RB,anytime_td,0.081,0.0,0.0,0.0,0.0,0.0
2025_12_NYJ_BAL,NYJ,BAL,Tyrod Taylor,00-0028118,QB,att,27.884,18.0,23.0,28.0,33.0,38.0
2025_12_NYJ_BAL,NYJ,BAL,Tyrod Taylor,00-0028118,QB,cmp,17.156,10.0,14.0,17.0,21.0,24.0
2025_12_NYJ_BAL,NYJ,BAL,Tyrod Taylor,00-0028118,QB,pass_yds,182.167,105.889,141.663,181.758,223.567,263.772
2025_12_NYJ_BAL,NYJ,BAL,Tyrod Taylor,00-0028118,QB,pass_td,1.059,0.0,0.0,1.0,2.0,2.0
2025_12_NYJ_BAL,NYJ,BAL,Tyrod Taylor,00-0028118,QB,ints,0.648,0.0,0.0,0.0,1.0,2.0
2025_12_NYJ_BAL,NYJ,BAL,Tyrod Taylor,00-0028118,QB,car,3.749,1.0,2.0,3.0,5.0,7.0
2025_12_NYJ_BAL,NYJ,BAL,Tyrod Taylor,00-0028118,QB,rush_yds,22.323,1.843,8.528,18.95,32.216,47.323
2025_12_NYJ_BAL,NYJ,BAL,Tyrod Taylor,00-0028118,QB,tgt,0.001,0.0,0.0,0.0,0.0,0.0
2025_12_NYJ_BAL,NYJ,BAL,Tyrod Taylor,00-0028118,QB,rec,0.001,0.0,0.0,0.0,0.0,0.0
2025_12_NYJ_BAL,NYJ,BAL,Tyrod Taylor,00-0028118,QB,rec_yds,0.006,0.0,0.0,0.0,0.0,0.0
2025_12_NYJ_BAL,NYJ,BAL,Tyrod Taylor,00-0028118,QB,anytime_td,0.007,0.0,0.0,0.0,0.0,0.0
2025_12_NYJ_BAL,NYJ,BAL,Mason Taylor,00-0040736,TE,car,0.004,0.0,0.0,0.0,0.0,0.0
2025_12_NYJ_BAL,NYJ,BAL,Mason Taylor,00-0040736,TE,rush_yds,0.005,0.0,0.0,0.0,0.0,0.0
2025_12_NYJ_BAL,NYJ,BAL,Mason Taylor,00-0040736,TE,tgt,6.28,3.0,4.0,6.0,8.0,10.0
2025_12_NYJ_BAL,NYJ,BAL,Mason Taylor,00-0040736,TE,rec,4.186,1.0,2.0,4.0,6.0,7.0
2025_12_NYJ_BAL,NYJ,BAL,Mason Taylor,00-0040736,TE,rec_yds,41.189,9.319,20.388,36.931,56.841,78.243
2025_12_NYJ_BAL,NYJ,BAL,Mason Taylor,00-0040736,TE,anytime_td,0.151,0.0,0.0,0.0,0.0,1.0
2025_12_NYJ_BAL,NYJ,BAL,John Metchie III,00-0037614,WR,car,0.225,0.0,0.0,0.0,0.0,1.0
2025_12_NYJ_BAL,NYJ,BAL,John Metchie III,00-0037614,WR,rush_yds,1.132,0.0,0.0,0.0,0.0,0.0
2025_12_NYJ_BAL,NYJ,BAL,John Metchie III,00-0037614,WR,tgt,2.167,0.0,1.0,2.0,3.0,5.0
2025_12_NYJ_BAL,NYJ,BAL,John Metchie III,00-0037614,WR,rec,1.353,0.0,0.0,1.0,2.0,3.0
2025_12_NYJ_BAL,NYJ,BAL,John Metchie III,00-0037614,WR,rec_yds,17.35,0.0,0.0,11.082,25.68,45.709
2025_12_NYJ_BAL,NYJ,BAL,John Metchie III,00-0037614,WR,anytime_td,0.108,0.0,0.0,0.0,0.0,1.0
2025_12_NYJ_BAL,NYJ,BAL,Adonai Mitchell,00-0039890,WR,car,0.044,0.0,0.0,0.0,0.0,0.0
2025_12_NYJ_BAL,NYJ,BAL,Adonai Mitchell,00-0039890,WR,rush_yds,0.221,0.0,0.0,0.0,0.0,0.0
2025_12_NYJ_BAL,NYJ,BAL,Adonai Mitchell,00-0039890,WR,tgt,3.253,1.0,2.0,3.0,4.0,6.0
2025_12_NYJ_BAL,NYJ,BAL,Adonai Mitchell,00-0039890,WR,rec,1.697,0.0,1.0,1.0,2.0,4.0
2025_12_NYJ_BAL,NYJ,BAL,Adonai Mitchell,00-0039890,WR,rec_yds,23.171,0.0,2.104,16.7,35.531,56.466
2025_12_NYJ_BAL,NYJ,BAL,Adonai Mitchell,00-0039890,WR,anytime_td,0.032,0.0,0.0,0.0,0.0,0.0
2025_12_NYJ_BAL,NYJ,BAL,Breece Hall,00-0038120,RB,car,19.024,11.0,14.0,19.0,23.0,28.0
2025_12_NYJ_BAL,NYJ,BAL,Breece Hall,00-0038120,RB,rush_yds,78.115,32.463,47.783,71.588,99.802,132.647
2025_12_NYJ_BAL,NYJ,BAL,Breece Hall,00-0038120,RB,tgt,3.971,1.0,2.0,4.0,5.0,7.0
2025_12_NYJ_BAL,NYJ,BAL,Breece Hall,00-0038120,RB,rec,2.864,1.0,1.0,3.0,4.0,6.0
2025_12_NYJ_BAL,NYJ,BAL,Breece Hall,00-0038120,RB,rec_yds,24.653,0.0,7.715,19.765,36.086,54.912
2025_12_NYJ_BAL,NYJ,BAL,Breece Hall,00-0038120,RB,anytime_td,0.355,0.0,0.0,0.0,1.0,1.0
2025_12_NYJ_BAL,NYJ,BAL,Allen Lazard,00-0034521,WR,car,0.019,0.0,0.0,0.0,0.0,0.0
2025_12_NYJ_BAL,NYJ,BAL,Allen Lazard,00-0034521,WR,rush_yds,0.106,0.0,0.0,0.0,0.0,0.0
2025_12_NYJ_BAL,NYJ,BAL,Allen Lazard,00-0034521,WR,tgt,2.84,0.0,1.0,2.0,4.0,6.0
2025_12_NYJ_BAL,NYJ,BAL,Allen Lazard,00-0034521,WR,rec,1.641,0.0,1.0,1.0,2.0,4.0
2025_12_NYJ_BAL,NYJ,BAL,Allen Lazard,00-0034521,WR,rec_yds,20.529,0.0,0.0,14.305,30.597,51.966
2025_12_NYJ_BAL,NYJ,BAL,Allen Lazard,00-0034521,WR,anytime_td,0.11,0.0,0.0,0.0,0.0,1.0
2025_12_NYJ_BAL,NYJ,BAL,Jeremy Ruckert,00-0037805,TE,car,0.004,0.0,0.0,0.0,0.0,0.0
2025_12_NYJ_BAL,NYJ,BAL,Jeremy Ruckert,00-0037805,TE,rush_yds,0.009,0.0,0.0,0.0,0.0,0.0
2025_12_NYJ_BAL,NYJ,BAL,Jeremy Ruckert,00-0037805,TE,tgt,2.332,0.0,1.0,2.0,3.0,5.0
2025_12_NYJ_BAL,NYJ,BAL,Jeremy Ruckert,00-0037805,TE,rec,1.621,0.0,0.0,1.0,2.0,4.0
2025_12_NYJ_BAL,NYJ,BAL,Jeremy Ruckert,00-0037805,TE,rec_yds,16.472,0.0,0.0,11.19,25.076,41.199
2025_12_NYJ_BAL,NYJ,BAL,Jeremy Ruckert,00-0037805,TE,anytime_td,0.048,0.0,0.0,0.0,0.0,0.0
2025_12_NYJ_BAL,NYJ,BAL,Isaiah Davis,00-0039798,RB,car,3.542,0.0,1.0,3.0,5.0,8.0
2025_12_NYJ_BAL,NYJ,BAL,Isaiah Davis,00-0039798,RB,rush_yds,14.635,0.0,1.622,8.22,20.35,37.844
2025_12_NYJ_BAL,NYJ,BAL,Isaiah Davis,00-0039798,RB,tgt,2.784,0.0,1.0,2.0,4.0,6.0
2025_12_NYJ_BAL,NYJ,BAL,Isaiah Davis,00-0039798,RB,rec,1.992,0.0,1.0,2.0,3.0,4.0
2025_12_NYJ_BAL,NYJ,BAL,Isaiah Davis,00-0039798,RB,rec_yds,15.733,0.0,2.04,10.802,23.313,39.353
2025_12_NYJ_BAL,NYJ,BAL,Isaiah Davis,00-0039798,RB,anytime_td,0.076,0.0,0.0,0.0,0.0,0.0
2025_12_NYJ_BAL,NYJ,BAL,Isaiah Williams,00-0039451,WR,car,0.467,0.0,0.0,0.0,0.0,2.0
2025_12_NYJ_BAL,NYJ,BAL,Isaiah Williams,00-0039451,WR,rush_yds,2.339,0.0,0.0,0.0,0.0,7.651
2025_12_NYJ_BAL,NYJ,BAL,Isaiah Williams,00-0039451,WR,tgt,2.82,0.0,1.0,3.0,4.0,6.0
2025_12_NYJ_BAL,NYJ,BAL,Isaiah Williams,00-0039451,WR,rec,1.608,0.0,1.0,1.0,2.0,4.0
2025_12_NYJ_BAL,NYJ,BAL,Isaiah Williams,00-0039451,WR,rec_yds,20.487,0.0,0.0,14.008,31.235,51.255
2025_12_NYJ_BAL,NYJ,BAL,Isaiah Williams,00-0039451,WR,anytime_td,0.031,0.0,0.0,0.0,0.0,0.0
2025_12_NYJ_BAL,NYJ,BAL,Arian Smith,00-0040582,WR,car,0.253,0.0,0.0,0.0,0.0,1.0
2025_12_NYJ_BAL,NYJ,BAL,Arian Smith,00-0040582,WR,rush_yds,1.246,0.0,0.0,0.0,0.0,1.563
2025_12_NYJ_BAL,NYJ,BAL,Arian Smith,00-0040582,WR,tgt,1.404,0.0,0.0,1.0,2.0,3.0
2025_12_NYJ_BAL,NYJ,BAL,Arian Smith,00-0040582,WR,rec,0.824,0.0,0.0,1.0,1.0,2.0
2025_12_NYJ_BAL,NYJ,BAL,Arian Smith,00-0040582,WR,rec_yds,10.547,0.0,0.0,0.981,15.774,32.192
2025_12_NYJ_BAL,NYJ,BAL,Arian Smith,00-0040582,WR,anytime_td,0.014,0.0,0.0,0.0,0.0,0.0
2025_12_NYJ_BAL,NYJ,BAL,Andrew Beck,00-0034959,RB,car,0.308,0.0,0.0,0.0,0.0,1.0
2025_12_NYJ_BAL,NYJ,BAL,Andrew Beck,00-0034959,RB,rush_yds,1.208,0.0,0.0,0.0,0.0,2.728
2025_12_NYJ_BAL,NYJ,BAL,Andrew Beck,00-0034959,RB,tgt,0.65,0.0,0.0,0.0,1.0,2.0
2025_12_NYJ_BAL,NYJ,BAL,Andrew Beck,00-0034959,RB,rec,0.472,0.0,0.0,0.0,1.0,1.1
2025_12_NYJ_BAL,NYJ,BAL,Andrew Beck,00-0034959,RB,rec_yds,3.537,0.0,0.0,0.0,3.46,12.464
2025_12_NYJ_BAL,NYJ,BAL,Andrew Beck,00-0034959,RB,anytime_td,0.041,0.0,0.0,0.0,0.0,0.0
2025_12_PHI_DAL,DAL,PHI,Dak Prescott,00-0033077,QB,att,32.153,22.0,28.0,33.0,38.0,43.0
2025_12_PHI_DAL,DAL,PHI,Dak Prescott,00-0033077,QB,cmp,20.871,13.0,17.0,21.0,25.0,29.0
2025_12_PHI_DAL,DAL,PHI,Dak Prescott,00-0033077,QB,pass_yds,240.41,147.613,190.57,240.925,292.071,338.856
2025_12_PHI_DAL,DAL,PHI,Dak Prescott,00-0033077,QB,pass_td,1.753,0.0,1.0,2.0,3.0,3.0
2025_12_PHI_DAL,DAL,PHI,Dak Prescott,00-0033077,QB,ints,0.67,0.0,0.0,0.0,1.0,2.0
2025_12_PHI_DAL,DAL,PHI,Dak Prescott,00-0033077,QB,car,3.098,1.0,1.0,3.0,4.0,6.0
2025_12_PHI_DAL,DAL,PHI,Dak Prescott,00-0033077,QB,rush_yds,14.114,-0.022,1.957,9.989,21.523,34.182
2025_12_PHI_DAL,DAL,PHI,Dak Prescott,00-0033077,QB,tgt,0.0,0.0,0.0,0.0,0.0,0.0
2025_12_PHI_DAL,DAL,PHI,Dak Prescott,00-0033077,QB,rec,0.0,0.0,0.0,0.0,0.0,0.0
2025_12_PHI_DAL,DAL,PHI,Dak Prescott,00-0033077,QB,rec_yds,0.001,0.0,0.0,0.0,0.0,0.0
2025_12_PHI_DAL,DAL,PHI,Dak Prescott,00-0033077,QB,anytime_td,0.132,0.0,0.0,0.0,0.0,1.0
2025_12_PHI_DAL,DAL,PHI,CeeDee Lamb,00-0036358,WR,car,0.291,0.0,0.0,0.0,0.0,1.0
2025_12_PHI_DAL,DAL,PHI,CeeDee Lamb,00-0036358,WR,rush_yds,1.535,0.0,0.0,0.0,0.0,2.838
2025_12_PHI_DAL,DAL,PHI,CeeDee Lamb,00-0036358,WR,tgt,7.546,3.0,5.0,7.0,10.0,12.0
2025_12_PHI_DAL,DAL,PHI,CeeDee Lamb,00-0036358,WR,rec,4.847,2.0,3.0,5.0,6.0,8.0
2025_12_PHI_DAL,DAL,PHI,CeeDee Lamb,00-0036358,WR,rec_yds,63.274,16.546,32.063,56.775,86.975,119.152
2025_12_PHI_DAL,DAL,PHI,CeeDee Lamb,00-0036358,WR,anytime_td,0.305,0.0,0.0,0.0,1.0,1.0
2025_12_PHI_DAL,DAL,PHI,George Pickens,00-0037247,WR,car,0.015,0.0,0.0,0.0,0.0,0.0
2025_12_PHI_DAL,DAL,PHI,George Pickens,00-0037247,WR,rush_yds,0.09,0.0,0.0,0.0,0.0,0.0
2025_12_PHI_DAL,DAL,PHI,George Pickens,00-0037247,WR,tgt,7.554,3.0,5.0,7.0,10.0,12.0
2025_12_PHI_DAL,DAL,PHI,George Pickens,00-0037247,WR,rec,5.025,2.0,3.0,5.0,7.0,8.0
2025_12_PHI_DAL,DAL,PHI,George Pickens,00-0037247,WR,rec_yds,72.951,20.862,39.772,66.415,99.055,133.845
2025_12_PHI_DAL,DAL,PHI,George Pickens,00-0037247,WR,anytime_td,0.354,0.0,0.0,0.0,1.0,1.0
2025_12_PHI_DAL,DAL,PHI,Javonte Williams,00-0036997,RB,car,17.858,10.0,13.0,18.0,22.0,26.0
2025_12_PHI_DAL,DAL,PHI,Javonte Williams,00-0036997,RB,rush_yds,77.476,30.824,47.278,70.682,100.3,133.122
2025_12_PHI_DAL,DAL,PHI,Javonte Williams,00-0036997,RB,tgt,2.756,0.0,1.0,2.0,4.0,6.0
2025_12_PHI_DAL,DAL,PHI,Javonte Williams,00-0036997,RB,rec,2.043,0.0,1.0,2.0,3.0,4.0
2025_12_PHI_DAL,DAL,PHI,Javonte Williams,00-0036997,RB,rec_yds,12.724,0.0,1.468,8.648,19.28,31.909
2025_12_PHI_DAL,DAL,PHI,Javonte Williams,00-0036997,RB,anytime_td,0.533,0.0,0.0,1.0,1.0,1.0
2025_12_PHI_DAL,DAL,PHI,Jake Ferguson,00-0038041,TE,car,0.002,0.0,0.0,0.0,0.0,0.0
2025_12_PHI_DAL,DAL,PHI,Jake Ferguson,00-0038041,TE,rush_yds,0.001,0.0,0.0,0.0,0.0,0.0
2025_12_PHI_DAL,DAL,PHI,Jake Ferguson,00-0038041,TE,tgt,5.388,2.0,3.0,5.0,7.0,9.0
2025_12_PHI_DAL,DAL,PHI,Jake Ferguson,00-0038041,TE,rec,4.05,1.0,2.0,4.0,5.0,7.0
2025_12_PHI_DAL,DAL,PHI,Jake Ferguson,00-0038041,TE,rec_yds,34.837,6.874,16.2,30.417,48.469,68.81
2025_12_PHI_DAL,DAL,PHI,Jake Ferguson,00-0038041,TE,anytime_td,0.382,0.0,0.0,0.0,1.0,1.0
2025_12_PHI_DAL,DAL,PHI,KaVontae Turpin,00-0037801,WR,car,0.856,0.0,0.0,0.0,1.0,3.0
2025_12_PHI_DAL,DAL,PHI,KaVontae Turpin,00-0037801,WR,rush_yds,4.491,0.0,0.0,0.0,3.011,15.699
2025_12_PHI_DAL,DAL,PHI,KaVontae Turpin,00-0037801,WR,tgt,2.564,0.0,1.0,2.0,4.0,5.0
2025_12_PHI_DAL,DAL,PHI,KaVontae Turpin,00-0037801,WR,rec,1.579,0.0,0.0,1.0,2.0,4.0
2025_12_PHI_DAL,DAL,PHI,KaVontae Turpin,00-0037801,WR,rec_yds,19.702,0.0,0.0,12.967,29.456,49.595
2025_12_PHI_DAL,DAL,PHI,KaVontae Turpin,00-0037801,WR,anytime_td,0.1,0.0,0.0,0.0,0.0,1.0
2025_12_PHI_DAL,DAL,PHI,Ryan Flournoy,00-0039410,WR,car,0.385,0.0,0.0,0.0,0.0,1.0
2025_12_PHI_DAL,DAL,PHI,Ryan Flournoy,00-0039410,WR,rush_yds,2.07,0.0,0.0,0.0,0.0,5.68
2025_12_PHI_DAL,DAL,PHI,Ryan Flournoy,00-0039410,WR,tgt,2.247,0.0,1.0,2.0,3.0,5.0
2025_12_PHI_DAL,DAL,PHI,Ryan Flournoy,00-0039410,WR,rec,1.438,0.0,0.0,1.0,2.0,3.0
2025_12_PHI_DAL,DAL,PHI,Ryan Flournoy,00-0039410,WR,rec_yds,18.097,0.0,0.0,11.22,27.898,47.492
2025_12_PHI_DAL,DAL,PHI,Ryan Flournoy,00-0039410,WR,anytime_td,0.191,0.0,0.0,0.0,0.0,1.0
2025_12_PHI_DAL,DAL,PHI,Luke Schoonmaker,00-0038547,TE,car,0.002,0.0,0.0,0.0,0.0,0.0
2025_12_PHI_DAL,DAL,PHI,Luke Schoonmaker,00-0038547,TE,rush_yds,0.003,0.0,0.0,0.0,0.0,0.0
2025_12_PHI_DAL,DAL,PHI,Luke Schoonmaker,00-0038547,TE,tgt,1.333,0.0,0.0,1.0,2.0,3.0
2025_12_PHI_DAL,DAL,PHI,Luke Schoonmaker,00-0038547,TE,rec,0.914,0.0,0.0,1.0,1.0,2.0
2025_12_PHI_DAL,DAL,PHI,Luke Schoonmaker,00-0038547,TE,rec_yds,9.569,0.0,0.0,2.891,14.496,28.394
2025_12_PHI_DAL,DAL,PHI,Luke Schoonmaker,00-0038547,TE,anytime_td,0.019,0.0,0.0,0.0,0.0,0.0
2025_12_PHI_DAL,DAL,PHI,Brevyn Spann-Ford,00-0039530,TE,car,0.001,0.0,0.0,0.0,0.0,0.0
2025_12_PHI_DAL,DAL,PHI,Brevyn Spann-Ford,00-0039530,TE,rush_yds,0.0,0.0,0.0,0.0,0.0,0.0
2025_12_PHI_DAL,DAL,PHI,Brevyn Spann-Ford,00-0039530,TE,tgt,0.5,0.0,0.0,0.0,1.0,2.0
2025_12_PHI_DAL,DAL,PHI,Brevyn Spann-Ford,00-0039530,TE,rec,0.346,0.0,0.0,0.0,1.0,1.0
2025_12_PHI_DAL,DAL,PHI,Brevyn Spann-Ford,00-0039530,TE,rec_yds,3.58,0.0,0.0,0.0,0.0,12.665
2025_12_PHI_DAL,DAL,PHI,Brevyn Spann-Ford,00-0039530,TE,anytime_td,0.013,0.0,0.0,0.0,0.0,0.0
2025_12_PHI_DAL,DAL,PHI,Hunter Luepke,00-0038738,RB,car,0.739,0.0,0.0,0.0,1.0,2.0
2025_12_PHI_DAL,DAL,PHI,Hunter Luepke,00-0038738,RB,rush_yds,2.854,0.0,0.0,0.0,1.811,9.323
2025_12_PHI_DAL,DAL,PHI,Hunter Luepke,00-0038738,RB,tgt,0.86,0.0,0.0,0.0,1.0,2.0
2025_12_PHI_DAL,DAL,PHI,Hunter Luepke,00-0038738,RB,rec,0.684,0.0,0.0,0.0,1.0,2.0
2025_12_PHI_DAL,DAL,PHI,Hunter Luepke,00-0038738,RB,rec_yds,5.353,0.0,0.0,0.0,7.433,17.354
2025_12_PHI_DAL,DAL,PHI,Hunter Luepke,00-0038738,RB,anytime_td,0.071,0.0,0.0,0.0,0.0,0.0
2025_12_PHI_DAL,DAL,PHI,Malik Davis,00-0037563,RB,car,2.721,0.0,1.0,2.0,4.0,7.0
2025_12_PHI_DAL,DAL,PHI,Malik Davis,00-0037563,RB,rush_yds,11.105,0.0,0.0,5.529,15.612,30.369
2025_12_PHI_DAL,DAL,PHI,Malik Davis,00-0037563,RB,tgt,0.221,0.0,0.0,0.0,0.0,1.0
2025_12_PHI_DAL,DAL,PHI,Malik Davis,00-0037563,RB,rec,0.169,0.0,0.0,0.0,0.0,1.0
2025_12_PHI_DAL,DAL,PHI,Malik Davis,00-0037563,RB,rec_yds,1.233,0.0,0.0,0.0,0.0,3.515
2025_12_PHI_DAL,DAL,PHI,Malik Davis,00-0037563,RB,anytime_td,0.066,0.0,0.0,0.0,0.0,0.0
2025_12_PHI_DAL,DAL,PHI,Jonathan Mingo,00-0039062,WR,car,0.038,0.0,0.0,0.0,0.0,0.0
2025_12_PHI_DAL,DAL,PHI,Jonathan Mingo,00-0039062,WR,rush_yds,0.181,0.0,0.0,0.0,0.0,0.0
2025_12_PHI_DAL,DAL,PHI,Jonathan Mingo,00-0039062,WR,tgt,2.003,0.0,1.0,2.0,3.0,4.0
2025_12_PHI_DAL,DAL,PHI,Jonathan Mingo,00-0039062,WR,rec,1.181,0.0,0.0,1.0,2.0,3.0
2025_12_PHI_DAL,DAL,PHI,Jonathan Mingo,00-0039062,WR,rec_yds,15.073,0.0,0.0,8.238,23.423,40.694
2025_12_PHI_DAL,DAL,PHI,Jonathan Mingo,00-0039062,WR,anytime_td,0.063,0.0,0.0,0.0,0.0,0.0
2025_12_PHI_DAL,PHI,DAL,Jalen Hurts,00-0036389,QB,att,28.411,19.0,24.0,29.0,34.0,38.0
2025_12_PHI_DAL,PHI,DAL,Jalen Hurts,00-0036389,QB,cmp,19.27,12.0,16.0,20.0,23.0,27.0
2025_12_PHI_DAL,PHI,DAL,Jalen Hurts,00-0036389,QB,pass_yds,223.497,132.76,176.986,224.58,273.063,319.754
2025_12_PHI_DAL,PHI,DAL,Jalen Hurts,00-0036389,QB,pass_td,1.577,0.0,1.0,1.0,2.0,3.0
2025_12_PHI_DAL,PHI,DAL,Jalen Hurts,00-0036389,QB,ints,0.518,0.0,0.0,0.0,1.0,2.0
2025_12_PHI_DAL,PHI,DAL,Jalen Hurts,00-0036389,QB,car,6.212,2.0,3.0,6.0,8.0,11.0
2025_12_PHI_DAL,PHI,DAL,Jalen Hurts,00-0036389,QB,rush_yds,27.773,2.849,11.395,23.779,39.385,56.626
2025_12_PHI_DAL,PHI,DAL,Jalen Hurts,00-0036389,QB,tgt,0.0,0.0,0.0,0.0,0.0,0.0
2025_12_PHI_DAL,PHI,DAL,Jalen Hurts,00-0036389,QB,rec,0.0,0.0,0.0,0.0,0.0,0.0
2025_12_PHI_DAL,PHI,DAL,Jalen Hurts,00-0036389,QB,rec_yds,0.003,0.0,0.0,0.0,0.0,0.0
2025_12_PHI_DAL,PHI,DAL,Jalen Hurts,00-0036389,QB,anytime_td,0.422,0.0,0.0,0.0,1.0,1.0
2025_12_PHI_DAL,PHI,DAL,DeVonta Smith,00-0036912,WR,car,0.015,0.0,0.0,0.0,0.0,0.0
2025_12_PHI_DAL,PHI,DAL,DeVonta Smith,00-0036912,WR,rush_yds,0.081,0.0,0.0,0.0,0.0,0.0
2025_12_PHI_DAL,PHI,DAL,DeVonta Smith,00-0036912,WR,tgt,7.036,3.0,5.0,7.0,9.0,12.0
2025_12_PHI_DAL,PHI,DAL,DeVonta Smith,00-0036912,WR,rec,4.87,2.0,3.0,5.0,6.0,8.0
2025_12_PHI_DAL,PHI,DAL,DeVonta Smith,00-0036912,WR,rec_yds,67.029,17.761,35.283,60.049,91.674,124.861
2025_12_PHI_DAL,PHI,DAL,DeVonta Smith,00-0036912,WR,anytime_td,0.3,0.0,0.0,0.0,1.0,1.0
2025_12_PHI_DAL,PHI,DAL,A.J. Brown,00-0035676,WR,car,0.007,0.0,0.0,0.0,0.0,0.0
2025_12_PHI_DAL,PHI,DAL,A.J. Brown,00-0035676,WR,rush_yds,0.02,0.0,0.0,0.0,0.0,0.0
2025_12_PHI_DAL,PHI,DAL,A.J. Brown,00-0035676,WR,tgt,7.291,3.0,5.0,7.0,9.0,12.0
2025_12_PHI_DAL,PHI,DAL,A.J. Brown,00-0035676,WR,rec,4.672,2.0,3.0,4.0,6.0,8.0
2025_12_PHI_DAL,PHI,DAL,A.J. Brown,00-0035676,WR,rec_yds,59.868,15.647,31.517,53.61,81.71,111.263
2025_12_PHI_DAL,PHI,DAL,A.J. Brown,00-0035676,WR,anytime_td,0.345,0.0,0.0,0.0,1.0,1.0
2025_12_PHI_DAL,PHI,DAL,Dallas Goedert,00-0034351,TE,car,0.029,0.0,0.0,0.0,0.0,0.0
2025_12_PHI_DAL,PHI,DAL,Dallas Goedert,00-0034351,TE,rush_yds,0.087,0.0,0.0,0.0,0.0,0.0
2025_12_PHI_DAL,PHI,DAL,Dallas Goedert,00-0034351,TE,tgt,5.759,2.0,4.0,5.0,8.0,10.0
2025_12_PHI_DAL,PHI,DAL,Dallas Goedert,00-0034351,TE,rec,4.253,1.0,2.0,4.0,6.0,7.0
2025_12_PHI_DAL,PHI,DAL,Dallas Goedert,00-0034351,TE,rec_yds,45.359,10.593,22.641,40.316,62.385,87.402
2025_12_PHI_DAL,PHI,DAL,Dallas Goedert,00-0034351,TE,anytime_td,0.384,0.0,0.0,0.0,1.0,1.0
2025_12_PHI_DAL,PHI,DAL,Saquon Barkley,00-0034844,RB,car,15.601,8.0,11.0,15.0,20.0,24.0
2025_12_PHI_DAL,PHI,DAL,Saquon Barkley,00-0034844,RB,rush_yds,71.792,24.328,40.314,65.487,94.537,129.1
2025_12_PHI_DAL,PHI,DAL,Saquon Barkley,00-0034844,RB,tgt,3.31,1.0,2.0,3.0,5.0,6.0
2025_12_PHI_DAL,PHI,DAL,Saquon Barkley,00-0034844,RB,rec,2.713,0.0,1.0,2.0,4.0,5.0
2025_12_PHI_DAL,PHI,DAL,Saquon Barkley,00-0034844,RB,rec_yds,21.017,0.0,5.918,16.142,30.707,48.701
2025_12_PHI_DAL,PHI,DAL,Saquon Barkley,00-0034844,RB,anytime_td,0.469,0.0,0.0,0.0,1.0,1.0
2025_12_PHI_DAL,PHI,DAL,Jahan Dotson,00-0037741,WR,car,0.006,0.0,0.0,0.0,0.0,0.0
2025_12_PHI_DAL,PHI,DAL,Jahan Dotson,00-0037741,WR,rush_yds,0.043,0.0,0.0,0.0,0.0,0.0
2025_12_PHI_DAL,PHI,DAL,Jahan Dotson,00-0037741,WR,tgt,1.832,0.0,1.0,1.0,3.0,4.0
2025_12_PHI_DAL,PHI,DAL,Jahan Dotson,00-0037741,WR,rec,1.172,0.0,0.0,1.0,2.0,3.0
2025_12_PHI_DAL,PHI,DAL,Jahan Dotson,00-0037741,WR,rec_yds,16.783,0.0,0.0,9.239,25.65,46.521
2025_12_PHI_DAL,PHI,DAL,Jahan Dotson,00-0037741,WR,anytime_td,0.099,0.0,0.0,0.0,0.0,0.0
2025_12_PHI_DAL,PHI,DAL,Grant Calcaterra,00-0037086,TE,car,0.003,0.0,0.0,0.0,0.0,0.0
2025_12_PHI_DAL,PHI,DAL,Grant Calcaterra,00-0037086,TE,rush_yds,0.008,0.0,0.0,0.0,0.0,0.0
2025_12_PHI_DAL,PHI,DAL,Grant Calcaterra,00-0037086,TE,tgt,0.979,0.0,0.0,1.0,2.0,3.0
2025_12_PHI_DAL,PHI,DAL,Grant Calcaterra,00-0037086,TE,rec,0.718,0.0,0.0,0.0,1.0,2.0
2025_12_PHI_DAL,PHI,DAL,Grant Calcaterra,00-0037086,TE,rec_yds,7.589,0.0,0.0,0.0,11.093,24.661
2025_12_PHI_DAL,PHI,DAL,Grant Calcaterra,00-0037086,TE,anytime_td,0.017,0.0,0.0,0.0,0.0,0.0
2025_12_PHI_DAL,PHI,DAL,Will Shipley,00-0039746,RB,car,1.594,0.0,0.0,1.0,2.0,5.0
2025_12_PHI_DAL,PHI,DAL,Will Shipley,00-0039746,RB,rush_yds,7.858,0.0,0.0,1.017,9.584,24.144
2025_12_PHI_DAL,PHI,DAL,Will Shipley,00-0039746,RB,tgt,0.788,0.0,0.0,0.0,1.0,2.0
2025_12_PHI_DAL,PHI,DAL,Will Shipley,00-0039746,RB,rec,0.639,0.0,0.0,0.0,1.0,2.0
2025_12_PHI_DAL,PHI,DAL,Will Shipley,00-0039746,RB,rec_yds,4.68,0.0,0.0,0.0,6.231,16.372
2025_12_PHI_DAL,PHI,DAL,Will Shipley,00-0039746,RB,anytime_td,0.05,0.0,0.0,0.0,0.0,0.0
2025_12_PHI_DAL,PHI,DAL,Kylen Granson,00-0036876,TE,car,0.002,0.0,0.0,0.0,0.0,0.0
2025_12_PHI_DAL,PHI,DAL,Kylen Granson,00-0036876,TE,rush_yds,0.011,0.0,0.0,0.0,0.0,0.0
2025_12_PHI_DAL,PHI,DAL,Kylen Granson,00-0036876,TE,tgt,0.727,0.0,0.0,0.0,1.0,2.0
2025_12_PHI_DAL,PHI,DAL,Kylen Granson,00-0036876,TE,rec,0.532,0.0,0.0,0.0,1.0,2.0
2025_12_PHI_DAL,PHI,DAL,Kylen Granson,00-0036876,TE,rec_yds,5.438,0.0,0.0,0.0,7.076,19.158
2025_12_PHI_DAL,PHI,DAL,Kylen Granson,00-0036876,TE,anytime_td,0.012,0.0,0.0,0.0,0.0,0.0
2025_12_PHI_DAL,PHI,DAL,Xavier Gipson,00-0038496,WR,car,0.078,0.0,0.0,0.0,0.0,0.0
2025_12_PHI_DAL,PHI,DAL,Xavier Gipson,00-0038496,WR,rush_yds,0.505,0.0,0.0,0.0,0.0,0.0
2025_12_PHI_DAL,PHI,DAL,Xavier Gipson,00-0038496,WR,tgt,0.646,0.0,0.0,0.0,1.0,2.0
2025_12_PHI_DAL,PHI,DAL,Xavier Gipson,00-0038496,WR,rec,0.429,0.0,0.0,0.0,1.0,1.0
2025_12_PHI_DAL,PHI,DAL,Xavier Gipson,00-0038496,WR,rec_yds,5.417,0.0,0.0,0.0,5.656,19.947
2025_12_PHI_DAL,PHI,DAL,Xavier Gipson,00-0038496,WR,anytime_td,0.02,0.0,0.0,0.0,0.0,0.0
2025_12_PHI_DAL,PHI,DAL,Tank Bigsby,00-0038555,RB,car,4.706,1.0,2.0,4.0,7.0,10.0
2025_12_PHI_DAL,PHI,DAL,Tank Bigsby,00-0038555,RB,rush_yds,25.02,0.0,5.126,16.781,36.417,59.195
2025_12_PHI_DAL,PHI,DAL,Tank Bigsby,00-0038555,RB,tgt,0.42,0.0,0.0,0.0,1.0,1.0
2025_12_PHI_DAL,PHI,DAL,Tank Bigsby,00-0038555,RB,rec,0.341,0.0,0.0,0.0,0.0,1.0
2025_12_PHI_DAL,PHI,DAL,Tank Bigsby,00-0038555,RB,rec_yds,2.433,0.0,0.0,0.0,0.0,9.281
2025_12_PHI_DAL,PHI,DAL,Tank Bigsby,00-0038555,RB,anytime_td,0.163,0.0,0.0,0.0,0.0,1.0
2025_12_PIT_CHI,CHI,PIT,Caleb Williams,00-0039918,QB,att,31.024,21.0,27.0,32.0,37.0,42.0
2025_12_PIT_CHI,CHI,PIT,Caleb Williams,00-0039918,QB,cmp,20.08,12.9,17.0,20.0,24.0,28.0
2025_12_PIT_CHI,CHI,PIT,Caleb Williams,00-0039918,QB,pass_yds,229.199,139.465,185.382,229.967,277.797,324.562
2025_12_PIT_CHI,CHI,PIT,Caleb Williams,00-0039918,QB,pass_td,1.509,0.0,1.0,1.0,2.0,3.0
2025_12_PIT_CHI,CHI,PIT,Caleb Williams,00-0039918,QB,ints,0.598,0.0,0.0,0.0,1.0,2.0
2025_12_PIT_CHI,CHI,PIT,Caleb Williams,00-0039918,QB,car,4.657,1.0,3.0,4.0,6.0,9.0
2025_12_PIT_CHI,CHI,PIT,Caleb Williams,00-0039918,QB,rush_yds,24.17,0.371,7.866,19.662,35.203,52.813
2025_12_PIT_CHI,CHI,PIT,Caleb Williams,00-0039918,QB,tgt,0.001,0.0,0.0,0.0,0.0,0.0
2025_12_PIT_CHI,CHI,PIT,Caleb Williams,00-0039918,QB,rec,0.001,0.0,0.0,0.0,0.0,0.0
2025_12_PIT_CHI,CHI,PIT,Caleb Williams,00-0039918,QB,rec_yds,0.002,0.0,0.0,0.0,0.0,0.0
2025_12_PIT_CHI,CHI,PIT,Caleb Williams,00-0039918,QB,anytime_td,0.247,0.0,0.0,0.0,0.0,1.0
2025_12_PIT_CHI,CHI,PIT,Rome Odunze,00-0039919,WR,car,0.016,0.0,0.0,0.0,0.0,0.0
2025_12_PIT_CHI,CHI,PIT,Rome Odunze,00-0039919,WR,rush_yds,0.095,0.0,0.0,0.0,0.0,0.0
2025_12_PIT_CHI,CHI,PIT,Rome Odunze,00-0039919,WR,tgt,6.866,3.0,4.0,7.0,9.0,11.0
2025_12_PIT_CHI,CHI,PIT,Rome Odunze,00-0039919,WR,rec,4.004,1.0,2.0,4.0,5.0,7.0
2025_12_PIT_CHI,CHI,PIT,Rome Odunze,00-0039919,WR,rec_yds,55.512,10.987,26.934,49.728,77.568,107.577
2025_12_PIT_CHI,CHI,PIT,Rome Odunze,00-0039919,WR,anytime_td,0.36,0.0,0.0,0.0,1.0,1.0
2025_12_PIT_CHI,CHI,PIT,DJ Moore,00-0034827,WR,car,1.039,0.0,0.0,0.0,1.0,3.0
2025_12_PIT_CHI,CHI,PIT,DJ Moore,00-0034827,WR,rush_yds,5.499,0.0,0.0,0.0,5.254,19.297
2025_12_PIT_CHI,CHI,PIT,DJ Moore,00-0034827,WR,tgt,5.302,2.0,3.0,5.0,7.0,9.0
2025_12_PIT_CHI,CHI,PIT,DJ Moore,00-0034827,WR,rec,3.324,1.0,2.0,3.0,5.0,6.0
2025_12_PIT_CHI,CHI,PIT,DJ Moore,00-0034827,WR,rec_yds,42.287,5.881,17.586,36.048,60.983,87.308
2025_12_PIT_CHI,CHI,PIT,DJ Moore,00-0034827,WR,anytime_td,0.207,0.0,0.0,0.0,0.0,1.0
2025_12_PIT_CHI,CHI,PIT,Colston Loveland,00-0040126,TE,car,0.002,0.0,0.0,0.0,0.0,0.0
2025_12_PIT_CHI,CHI,PIT,Colston Loveland,00-0040126,TE,rush_yds,0.002,0.0,0.0,0.0,0.0,0.0
2025_12_PIT_CHI,CHI,PIT,Colston Loveland,00-0040126,TE,tgt,3.93,1.0,2.0,4.0,5.0,7.0
2025_12_PIT_CHI,CHI,PIT,Colston Loveland,00-0040126,TE,rec,2.941,1.0,1.0,3.0,4.0,6.0
2025_12_PIT_CHI,CHI,PIT,Colston Loveland,00-0040126,TE,rec_yds,34.689,2.278,13.037,29.079,49.984,74.119
2025_12_PIT_CHI,CHI,PIT,Colston Loveland,00-0040126,TE,anytime_td,0.235,0.0,0.0,0.0,0.0,1.0
2025_12_PIT_CHI,CHI,PIT,Cole Kmet,00-0036290,TE,car,0.001,0.0,0.0,0.0,0.0,0.0
2025_12_PIT_CHI,CHI,PIT,Cole Kmet,00-0036290,TE,rush_yds,0.002,0.0,0.0,0.0,0.0,0.0
2025_12_PIT_CHI,CHI,PIT,Cole Kmet,00-0036290,TE,tgt,3.044,1.0,1.0,3.0,4.0,6.0
2025_12_PIT_CHI,CHI,PIT,Cole Kmet,00-0036290,TE,rec,2.177,0.0,1.0,2.0,3.0,5.0
2025_12_PIT_CHI,CHI,PIT,Cole Kmet,00-0036290,TE,rec_yds,22.426,0.0,5.754,17.671,33.953,50.919
2025_12_PIT_CHI,CHI,PIT,Cole Kmet,00-0036290,TE,anytime_td,0.13,0.0,0.0,0.0,0.0,1.0
2025_12_PIT_CHI,CHI,PIT,Kyle Monangai,00-0040236,RB,car,8.505,3.0,5.0,8.0,12.0,15.0
2025_12_PIT_CHI,CHI,PIT,Kyle Monangai,00-0040236,RB,rush_yds,37.302,6.416,15.544,30.239,51.816,77.665
2025_12_PIT_CHI,CHI,PIT,Kyle Monangai,00-0040236,RB,tgt,1.523,0.0,0.0,1.0,2.0,4.0
2025_12_PIT_CHI,CHI,PIT,Kyle Monangai,00-0040236,RB,rec,1.169,0.0,0.0,1.0,2.0,3.0
2025_12_PIT_CHI,CHI,PIT,Kyle Monangai,00-0040236,RB,rec_yds,9.14,0.0,0.0,4.283,13.568,26.03
2025_12_PIT_CHI,CHI,PIT,Kyle Monangai,00-0040236,RB,anytime_td,0.289,0.0,0.0,0.0,1.0,1.0
2025_12_PIT_CHI,CHI,PIT,Luther Burden III,00-0040735,WR,car,0.175,0.0,0.0,0.0,0.0,0.0
2025_12_PIT_CHI,CHI,PIT,Luther Burden III,00-0040735,WR,rush_yds,0.968,0.0,0.0,0.0,0.0,0.0
2025_12_PIT_CHI,CHI,PIT,Luther Burden III,00-0040735,WR,tgt,2.826,0.0,1.0,3.0,4.0,6.0
2025_12_PIT_CHI,CHI,PIT,Luther Burden III,00-0040735,WR,rec,1.99,0.0,1.0,2.0,3.0,4.0
2025_12_PIT_CHI,CHI,PIT,Luther Burden III,00-0040735,WR,rec_yds,24.673,0.0,5.196,17.817,36.895,58.248
2025_12_PIT_CHI,CHI,PIT,Luther Burden III,00-0040735,WR,anytime_td,0.13,0.0,0.0,0.0,0.0,1.0
2025_12_PIT_CHI,CHI,PIT,D'Andre Swift,00-0036275,RB,car,13.524,6.0,9.0,13.0,17.0,22.0
2025_12_PIT_CHI,CHI,PIT,D'Andre Swift,00-0036275,RB,rush_yds,60.774,19.263,32.636,53.965,80.381,110.969
2025_12_PIT_CHI,CHI,PIT,D'Andre Swift,00-0036275,RB,tgt,3.21,1.0,2.0,3.0,4.0,6.0
2025_12_PIT_CHI,CHI,PIT,D'Andre Swift,00-0036275,RB,rec,2.469,0.0,1.0,2.0,4.0,5.0
2025_12_PIT_CHI,CHI,PIT,D'Andre Swift,00-0036275,RB,rec_yds,19.753,0.0,4.595,14.909,29.111,46.737
2025_12_PIT_CHI,CHI,PIT,D'Andre Swift,00-0036275,RB,anytime_td,0.429,0.0,0.0,0.0,1.0,1.0
2025_12_PIT_CHI,CHI,PIT,Olamide Zaccheaus,00-0035208,WR,car,0.266,0.0,0.0,0.0,0.0,1.0
2025_12_PIT_CHI,CHI,PIT,Olamide Zaccheaus,00-0035208,WR,rush_yds,1.488,0.0,0.0,0.0,0.0,1.804
2025_12_PIT_CHI,CHI,PIT,Olamide Zaccheaus,00-0035208,WR,tgt,4.475,1.0,3.0,4.0,6.0,8.0
2025_12_PIT_CHI,CHI,PIT,Olamide Zaccheaus,00-0035208,WR,rec,2.944,1.0,1.0,3.0,4.0,6.0
2025_12_PIT_CHI,CHI,PIT,Olamide Zaccheaus,00-0035208,WR,rec_yds,31.915,2.767,11.98,26.589,45.762,68.002
2025_12_PIT_CHI,CHI,PIT,Olamide Zaccheaus,00-0035208,WR,anytime_td,0.165,0.0,0.0,0.0,0.0,1.0
2025_12_PIT_CHI,CHI,PIT,Durham Smythe,00-0034798,TE,car,0.001,0.0,0.0,0.0,0.0,0.0
2025_12_PIT_CHI,CHI,PIT,Durham Smythe,00-0034798,TE,rush_yds,0.003,0.0,0.0,0.0,0.0,0.0
2025_12_PIT_CHI,CHI,PIT,Durham Smythe,00-0034798,TE,tgt,0.599,0.0,0.0,0.0,1.0,2.0
2025_12_PIT_CHI,CHI,PIT,Durham Smythe,00-0034798,TE,rec,0.41,0.0,0.0,0.0,1.0,1.0
2025_12_PIT_CHI,CHI,PIT,Durham Smythe,00-0034798,TE,rec_yds,4.207,0.0,0.0,0.0,4.446,14.868
2025_12_PIT_CHI,CHI,PIT,Durham Smythe,00-0034798,TE,anytime_td,0.008,0.0,0.0,0.0,0.0,0.0
2025_12_PIT_CHI,PIT,CHI,Mason Rudolph,00-0034771,QB,att,29.873,20.0,25.0,31.0,36.0,40.0
2025_12_PIT_CHI,PIT,CHI,Mason Rudolph,00-0034771,QB,cmp,19.513,12.0,16.0,20.0,24.0,27.0
2025_12_PIT_CHI,PIT,CHI,Mason Rudolph,00-0034771,QB,pass_yds,211.723,126.918,169.196,211.731,257.116,303.114
2025_12_PIT_CHI,PIT,CHI,Mason Rudolph,00-0034771,QB,pass_td,1.372,0.0,1.0,1.0,2.0,3.0
2025_12_PIT_CHI,PIT,CHI,Mason Rudolph,00-0034771,QB,ints,0.746,0.0,0.0,1.0,1.0,2.0
2025_12_PIT_CHI,PIT,CHI,Mason Rudolph,00-0034771,QB,car,2.295,0.0,1.0,2.0,3.0,5.0
2025_12_PIT_CHI,PIT,CHI,Mason Rudolph,00-0034771,QB,rush_yds,10.898,-1.0,0.0,6.903,16.763,28.596
2025_12_PIT_CHI,PIT,CHI,Mason Rudolph,00-0034771,QB,tgt,0.001,0.0,0.0,0.0,0.0,0.0
2025_12_PIT_CHI,PIT,CHI,Mason Rudolph,00-0034771,QB,rec,0.001,0.0,0.0,0.0,0.0,0.0
2025_12_PIT_CHI,PIT,CHI,Mason Rudolph,00-0034771,QB,rec_yds,0.009,0.0,0.0,0.0,0.0,0.0
2025_12_PIT_CHI,PIT,CHI,Mason Rudolph,00-0034771,QB,anytime_td,0.037,0.0,0.0,0.0,0.0,0.0
2025_12_PIT_CHI,PIT,CHI,DK Metcalf,00-0035640,WR,car,0.009,0.0,0.0,0.0,0.0,0.0
2025_12_PIT_CHI,PIT,CHI,DK Metcalf,00-0035640,WR,rush_yds,0.058,0.0,0.0,0.0,0.0,0.0
2025_12_PIT_CHI,PIT,CHI,DK Metcalf,00-0035640,WR,tgt,6.137,3.0,4.0,6.0,8.0,10.0
2025_12_PIT_CHI,PIT,CHI,DK Metcalf,00-0035640,WR,rec,3.678,1.0,2.0,3.0,5.0,7.0
2025_12_PIT_CHI,PIT,CHI,DK Metcalf,00-0035640,WR,rec_yds,50.313,9.602,22.804,43.331,71.54,99.686
2025_12_PIT_CHI,PIT,CHI,DK Metcalf,00-0035640,WR,anytime_td,0.252,0.0,0.0,0.0,1.0,1.0
2025_12_PIT_CHI,PIT,CHI,Darnell Washington,00-0038558,TE,car,0.001,0.0,0.0,0.0,0.0,0.0
2025_12_PIT_CHI,PIT,CHI,Darnell Washington,00-0038558,TE,rush_yds,0.0,0.0,0.0,0.0,0.0,0.0
2025_12_PIT_CHI,PIT,CHI,Darnell Washington,00-0038558,TE,tgt,2.816,0.0,1.0,2.0,4.0,6.0
2025_12_PIT_CHI,PIT,CHI,Darnell Washington,00-0038558,TE,rec,1.963,0.0,1.0,2.0,3.0,4.0
2025_12_PIT_CHI,PIT,CHI,Darnell Washington,00-0038558,TE,rec_yds,22.392,0.0,4.581,16.218,33.51,52.95
2025_12_PIT_CHI,PIT,CHI,Darnell Washington,00-0038558,TE,anytime_td,0.096,0.0,0.0,0.0,0.0,0.0
2025_12_PIT_CHI,PIT,CHI,Kenny Gainwell,00-0036919,RB,car,6.635,2.0,3.0,6.0,9.0,13.0
2025_12_PIT_CHI,PIT,CHI,Kenny Gainwell,00-0036919,RB,rush_yds,26.767,2.715,9.01,20.357,37.682,58.515
2025_12_PIT_CHI,PIT,CHI,Kenny Gainwell,00-0036919,RB,tgt,4.158,1.0,2.0,4.0,6.0,7.0
2025_12_PIT_CHI,PIT,CHI,Kenny Gainwell,00-0036919,RB,rec,3.32,1.0,2.0,3.0,5.0,6.0
2025_12_PIT_CHI,PIT,CHI,Kenny Gainwell,00-0036919,RB,rec_yds,24.747,0.846,8.67,19.886,35.692,53.869
2025_12_PIT_CHI,PIT,CHI,Kenny Gainwell,00-0036919,RB,anytime_td,0.388,0.0,0.0,0.0,1.0,1.0
2025_12_PIT_CHI,PIT,CHI,Jaylen Warren,00-0037228,RB,car,15.092,8.0,11.0,15.0,19.0,23.0
2025_12_PIT_CHI,PIT,CHI,Jaylen Warren,00-0037228,RB,rush_yds,66.622,23.645,37.829,59.368,87.987,117.747
2025_12_PIT_CHI,PIT,CHI,Jaylen Warren,00-0037228,RB,tgt,2.92,0.0,1.0,3.0,4.0,6.0
2025_12_PIT_CHI,PIT,CHI,Jaylen Warren,00-0037228,RB,rec,2.326,0.0,1.0,2.0,3.0,5.0
2025_12_PIT_CHI,PIT,CHI,Jaylen Warren,00-0037228,RB,rec_yds,18.422,0.0,3.948,13.017,27.478,44.36
2025_12_PIT_CHI,PIT,CHI,Jaylen Warren,00-0037228,RB,anytime_td,0.401,0.0,0.0,0.0,1.0,1.0
2025_12_PIT_CHI,PIT,CHI,Jonnu Smith,00-0033858,TE,car,0.111,0.0,0.0,0.0,0.0,0.0
2025_12_PIT_CHI,PIT,CHI,Jonnu Smith,00-0033858,TE,rush_yds,0.298,0.0,0.0,0.0,0.0,0.0
2025_12_PIT_CHI,PIT,CHI,Jonnu Smith,00-0033858,TE,tgt,3.837,1.0,2.0,3.0,5.0,7.0
2025_12_PIT_CHI,PIT,CHI,Jonnu Smith,00-0033858,TE,rec,2.578,0.0,1.0,2.0,4.0,5.0
2025_12_PIT_CHI,PIT,CHI,Jonnu Smith,00-0033858,TE,rec_yds,24.967,0.0,8.434,20.153,36.15,54.349
2025_12_PIT_CHI,PIT,CHI,Jonnu Smith,00-0033858,TE,anytime_td,0.14,0.0,0.0,0.0,0.0,1.0
2025_12_PIT_CHI,PIT,CHI,Pat Freiermuth,00-0036894,TE,car,0.001,0.0,0.0,0.0,0.0,0.0
2025_12_PIT_CHI,PIT,CHI,Pat Freiermuth,00-0036894,TE,rush_yds,0.001,0.0,0.0,0.0,0.0,0.0
2025_12_PIT_CHI,PIT,CHI,Pat Freiermuth,00-0036894,TE,tgt,3.121,1.0,1.0,3.0,4.0,6.0
2025_12_PIT_CHI,PIT,CHI,Pat Freiermuth,00-0036894,TE,rec,2.28,0.0,1.0,2.0,3.0,5.0
2025_12_PIT_CHI,PIT,CHI,Pat Freiermuth,00-0036894,TE,rec_yds,25.714,0.0,7.392,20.214,37.651,58.262
2025_12_PIT_CHI,PIT,CHI,Pat Freiermuth,00-0036894,TE,anytime_td,0.193,0.0,0.0,0.0,0.0,1.0
2025_12_PIT_CHI,PIT,CHI,Calvin Austin III,00-0037837,WR,car,0.015,0.0,0.0,0.0,0.0,0.0
2025_12_PIT_CHI,PIT,CHI,Calvin Austin III,00-0037837,WR,rush_yds,0.072,0.0,0.0,0.0,0.0,0.0
2025_12_PIT_CHI,PIT,CHI,Calvin Austin III,00-0037837,WR,tgt,4.324,1.0,2.0,4.0,6.0,8.0
2025_12_PIT_CHI,PIT,CHI,Calvin Austin III,00-0037837,WR,rec,2.605,0.0,1.0,2.0,4.0,5.0
2025_12_PIT_CHI,PIT,CHI,Calvin Austin III,00-0037837,WR,rec_yds,32.8,0.0,11.23,26.185,48.526,71.805
2025_12_PIT_CHI,PIT,CHI,Calvin Austin III,00-0037837,WR,anytime_td,0.142,0.0,0.0,0.0,0.0,1.0
2025_12_PIT_CHI,PIT,CHI,Roman Wilson,00-0039739,WR,car,0.015,0.0,0.0,0.0,0.0,0.0
2025_12_PIT_CHI,PIT,CHI,Roman Wilson,00-0039739,WR,rush_yds,0.093,0.0,0.0,0.0,0.0,0.0
2025_12_PIT_CHI,PIT,CHI,Roman Wilson,00-0039739,WR,tgt,2.041,0.0,1.0,2.0,3.0,4.0
2025_12_PIT_CHI,PIT,CHI,Roman Wilson,00-0039739,WR,rec,1.274,0.0,0.0,1.0,2.0,3.0
2025_12_PIT_CHI,PIT,CHI,Roman Wilson,00-0039739,WR,rec_yds,17.264,0.0,0.0,9.73,26.2,47.519
2025_12_PIT_CHI,PIT,CHI,Roman Wilson,00-0039739,WR,anytime_td,0.136,0.0,0.0,0.0,0.0,1.0
2025_12_PIT_CHI,PIT,CHI,Scott Miller,00-0035298,WR,car,0.015,0.0,0.0,0.0,0.0,0.0
2025_12_PIT_CHI,PIT,CHI,Scott Miller,00-0035298,WR,rush_yds,0.112,0.0,0.0,0.0,0.0,0.0
2025_12_PIT_CHI,PIT,CHI,Scott Miller,00-0035298,WR,tgt,0.528,0.0,0.0,0.0,1.0,2.0
2025_12_PIT_CHI,PIT,CHI,Scott Miller,00-0035298,WR,rec,0.326,0.0,0.0,0.0,0.0,1.0
2025_12_PIT_CHI,PIT,CHI,Scott Miller,00-0035298,WR,rec_yds,4.183,0.0,0.0,0.0,0.0,15.791
2025_12_PIT_CHI,PIT,CHI,Scott Miller,00-0035298,WR,anytime_td,0.006,0.0,0.0,0.0,0.0,0.0
2025_12_PIT_CHI,PIT,CHI,Connor Heyward,00-0037304,RB,car,0.833,0.0,0.0,0.0,1.0,3.0
2025_12_PIT_CHI,PIT,CHI,Connor Heyward,00-0037304,RB,rush_yds,3.557,0.0,0.0,0.0,2.876,11.793
2025_12_PIT_CHI,PIT,CHI,Connor Heyward,00-0037304,RB,tgt,0.316,0.0,0.0,0.0,0.0,1.0
2025_12_PIT_CHI,PIT,CHI,Connor Heyward,00-0037304,RB,rec,0.235,0.0,0.0,0.0,0.0,1.0
2025_12_PIT_CHI,PIT,CHI,Connor Heyward,00-0037304,RB,rec_yds,1.84,0.0,0.0,0.0,0.0,6.215
2025_12_PIT_CHI,PIT,CHI,Connor Heyward,00-0037304,RB,anytime_td,0.038,0.0,0.0,0.0,0.0,0.0
2025_12_SEA_TEN,TEN,SEA,Cam Ward,00-0040676,QB,att,31.322,21.0,27.0,32.0,37.0,42.0
2025_12_SEA_TEN,TEN,SEA,Cam Ward,00-0040676,QB,cmp,19.135,12.0,16.0,19.0,23.0,27.0
2025_12_SEA_TEN,TEN,SEA,Cam Ward,00-0040676,QB,pass_yds,195.855,116.266,155.312,196.048,239.186,281.833
2025_12_SEA_TEN,TEN,SEA,Cam Ward,00-0040676,QB,pass_td,1.133,0.0,0.0,1.0,2.0,2.0
2025_12_SEA_TEN,TEN,SEA,Cam Ward,00-0040676,QB,ints,0.687,0.0,0.0,0.0,1.0,2.0
2025_12_SEA_TEN,TEN,SEA,Cam Ward,00-0040676,QB,car,2.304,0.0,1.0,2.0,3.0,5.0
2025_12_SEA_TEN,TEN,SEA,Cam Ward,00-0040676,QB,rush_yds,11.729,0.0,0.0,7.926,17.853,30.738
2025_12_SEA_TEN,TEN,SEA,Cam Ward,00-0040676,QB,tgt,0.0,0.0,0.0,0.0,0.0,0.0
2025_12_SEA_TEN,TEN,SEA,Cam Ward,00-0040676,QB,rec,0.0,0.0,0.0,0.0,0.0,0.0
2025_12_SEA_TEN,TEN,SEA,Cam Ward,00-0040676,QB,rec_yds,0.001,0.0,0.0,0.0,0.0,0.0
2025_12_SEA_TEN,TEN,SEA,Cam Ward,00-0040676,QB,anytime_td,0.016,0.0,0.0,0.0,0.0,0.0
2025_12_SEA_TEN,TEN,SEA,Van Jefferson,00-0036415,WR,car,0.007,0.0,0.0,0.0,0.0,0.0
2025_12_SEA_TEN,TEN,SEA,Van Jefferson,00-0036415,WR,rush_yds,0.034,0.0,0.0,0.0,0.0,0.0
2025_12_SEA_TEN,TEN,SEA,Van Jefferson,00-0036415,WR,tgt,5.216,2.0,3.0,5.0,7.0,9.0
2025_12_SEA_TEN,TEN,SEA,Van Jefferson,00-0036415,WR,rec,2.724,1.0,1.0,2.0,4.0,5.0
2025_12_SEA_TEN,TEN,SEA,Van Jefferson,00-0036415,WR,rec_yds,33.804,1.797,12.255,27.795,49.041,71.753
2025_12_SEA_TEN,TEN,SEA,Van Jefferson,00-0036415,WR,anytime_td,0.196,0.0,0.0,0.0,0.0,1.0
2025_12_SEA_TEN,TEN,SEA,Chimere Dike,00-0040705,WR,car,0.628,0.0,0.0,0.0,1.0,2.0
2025_12_SEA_TEN,TEN,SEA,Chimere Dike,00-0040705,WR,rush_yds,3.055,0.0,0.0,0.0,0.0,10.673
2025_12_SEA_TEN,TEN,SEA,Chimere Dike,00-0040705,WR,tgt,4.965,2.0,3.0,5.0,7.0,9.0
2025_12_SEA_TEN,TEN,SEA,Chimere Dike,00-0040705,WR,rec,2.902,1.0,1.0,3.0,4.0,6.0
2025_12_SEA_TEN,TEN,SEA,Chimere Dike,00-0040705,WR,rec_yds,34.853,1.918,12.786,28.759,50.271,74.589
2025_12_SEA_TEN,TEN,SEA,Chimere Dike,00-0040705,WR,anytime_td,0.164,0.0,0.0,0.0,0.0,1.0
2025_12_SEA_TEN,TEN,SEA,Gunnar Helm,00-0040584,TE,car,0.003,0.0,0.0,0.0,0.0,0.0
2025_12_SEA_TEN,TEN,SEA,Gunnar Helm,00-0040584,TE,rush_yds,0.003,0.0,0.0,0.0,0.0,0.0
2025_12_SEA_TEN,TEN,SEA,Gunnar Helm,00-0040584,TE,tgt,4.203,1.0,2.0,4.0,6.0,8.0
2025_12_SEA_TEN,TEN,SEA,Gunnar Helm,00-0040584,TE,rec,2.818,1.0,1.0,3.0,4.0,6.0
2025_12_SEA_TEN,TEN,SEA,Gunnar Helm,00-0040584,TE,rec_yds,28.002,0.0,9.995,23.287,40.582,60.013
2025_12_SEA_TEN,TEN,SEA,Gunnar Helm,00-0040584,TE,anytime_td,0.169,0.0,0.0,0.0,0.0,1.0
2025_12_SEA_TEN,TEN,SEA,Chig Okonkwo,00-0037809,TE,car,0.01,0.0,0.0,0.0,0.0,0.0
2025_12_SEA_TEN,TEN,SEA,Chig Okonkwo,00-0037809,TE,rush_yds,0.017,0.0,0.0,0.0,0.0,0.0
2025_12_SEA_TEN,TEN,SEA,Chig Okonkwo,00-0037809,TE,tgt,5.317,2.0,3.0,5.0,7.0,9.0
2025_12_SEA_TEN,TEN,SEA,Chig Okonkwo,00-0037809,TE,rec,3.577,1.0,2.0,3.0,5.0,7.0
2025_12_SEA_TEN,TEN,SEA,Chig Okonkwo,00-0037809,TE,rec_yds,39.029,7.169,17.842,33.636,54.57,78.535
2025_12_SEA_TEN,TEN,SEA,Chig Okonkwo,00-0037809,TE,anytime_td,0.079,0.0,0.0,0.0,0.0,0.0
2025_12_SEA_TEN,TEN,SEA,Tony Pollard,00-0035261,RB,car,12.148,6.0,8.0,11.0,16.0,20.0
2025_12_SEA_TEN,TEN,SEA,Tony Pollard,00-0035261,RB,rush_yds,45.276,13.253,23.605,39.889,60.31,83.872
2025_12_SEA_TEN,TEN,SEA,Tony Pollard,00-0035261,RB,tgt,3.673,1.0,2.0,3.0,5.0,7.0
2025_12_SEA_TEN,TEN,SEA,Tony Pollard,00-0035261,RB,rec,2.635,0.0,1.0,2.0,4.0,5.0
2025_12_SEA_TEN,TEN,SEA,Tony Pollard,00-0035261,RB,rec_yds,18.78,0.0,5.013,13.981,27.427,43.659
2025_12_SEA_TEN,TEN,SEA,Tony Pollard,00-0035261,RB,anytime_td,0.297,0.0,0.0,0.0,1.0,1.0
2025_12_SEA_TEN,TEN,SEA,James Proche,00-0036133,WR,car,0.01,0.0,0.0,0.0,0.0,0.0
2025_12_SEA_TEN,TEN,SEA,James Proche,00-0036133,WR,rush_yds,0.04,0.0,0.0,0.0,0.0,0.0
2025_12_SEA_TEN,TEN,SEA,James Proche,00-0036133,WR,tgt,0.582,0.0,0.0,0.0,1.0,2.0
2025_12_SEA_TEN,TEN,SEA,James Proche,00-0036133,WR,rec,0.327,0.0,0.0,0.0,1.0,1.0
2025_12_SEA_TEN,TEN,SEA,James Proche,00-0036133,WR,rec_yds,4.089,0.0,0.0,0.0,0.0,14.769
2025_12_SEA_TEN,TEN,SEA,James Proche,00-0036133,WR,anytime_td,0.009,0.0,0.0,0.0,0.0,0.0
2025_12_SEA_TEN,TEN,SEA,Tyjae Spears,00-0039032,RB,car,6.341,2.0,3.0,6.0,9.0,12.0
2025_12_SEA_TEN,TEN,SEA,Tyjae Spears,00-0039032,RB,rush_yds,24.76,2.436,8.712,18.716,34.684,54.854
2025_12_SEA_TEN,TEN,SEA,Tyjae Spears,00-0039032,RB,tgt,4.318,1.0,2.0,4.0,6.0,8.0
2025_12_SEA_TEN,TEN,SEA,Tyjae Spears,00-0039032,RB,rec,3.229,1.0,2.0,3.0,4.0,6.0
2025_12_SEA_TEN,TEN,SEA,Tyjae Spears,00-0039032,RB,rec_yds,24.395,0.0,8.275,19.483,35.348,53.712
2025_12_SEA_TEN,TEN,SEA,Tyjae Spears,00-0039032,RB,anytime_td,0.264,0.0,0.0,0.0,1.0,1.0
2025_12_SEA_TEN,TEN,SEA,Xavier Restrepo,00-0040522,WR,car,0.066,0.0,0.0,0.0,0.0,0.0
2025_12_SEA_TEN,TEN,SEA,Xavier Restrepo,00-0040522,WR,rush_yds,0.321,0.0,0.0,0.0,0.0,0.0
2025_12_SEA_TEN,TEN,SEA,Xavier Restrepo,00-0040522,WR,tgt,1.906,0.0,1.0,2.0,3.0,4.0
2025_12_SEA_TEN,TEN,SEA,Xavier Restrepo,00-0040522,WR,rec,1.101,0.0,0.0,1.0,2.0,3.0
2025_12_SEA_TEN,TEN,SEA,Xavier Restrepo,00-0040522,WR,rec_yds,13.784,0.0,0.0,6.91,20.762,39.608
2025_12_SEA_TEN,TEN,SEA,Xavier Restrepo,00-0040522,WR,anytime_td,0.054,0.0,0.0,0.0,0.0,0.0
2025_12_SEA_TEN,TEN,SEA,Mason Kinsey,00-0036176,WR,car,0.007,0.0,0.0,0.0,0.0,0.0
2025_12_SEA_TEN,TEN,SEA,Mason Kinsey,00-0036176,WR,rush_yds,0.021,0.0,0.0,0.0,0.0,0.0
2025_12_SEA_TEN,TEN,SEA,Mason Kinsey,00-0036176,WR,tgt,1.206,0.0,0.0,1.0,2.0,3.0
2025_12_SEA_TEN,TEN,SEA,Mason Kinsey,00-0036176,WR,rec,0.678,0.0,0.0,0.0,1.0,2.0
2025_12_SEA_TEN,TEN,SEA,Mason Kinsey,00-0036176,WR,rec_yds,8.737,0.0,0.0,0.0,12.507,27.359
2025_12_SEA_TEN,TEN,SEA,Mason Kinsey,00-0036176,WR,anytime_td,0.015,0.0,0.0,0.0,0.0,0.0
2025_12_SEA_TEN,TEN,SEA,Julius Chestnut,00-0037594,RB,car,1.365,0.0,0.0,1.0,2.0,4.0
2025_12_SEA_TEN,TEN,SEA,Julius Chestnut,00-0037594,RB,rush_yds,5.218,0.0,0.0,0.0,6.284,16.14
2025_12_SEA_TEN,TEN,SEA,Julius Chestnut,00-0037594,RB,tgt,0.451,0.0,0.0,0.0,1.0,2.0
2025_12_SEA_TEN,TEN,SEA,Julius Chestnut,00-0037594,RB,rec,0.305,0.0,0.0,0.0,0.0,1.0
2025_12_SEA_TEN,TEN,SEA,Julius Chestnut,00-0037594,RB,rec_yds,2.33,0.0,0.0,0.0,0.0,8.71
2025_12_SEA_TEN,TEN,SEA,Julius Chestnut,00-0037594,RB,anytime_td,0.03,0.0,0.0,0.0,0.0,0.0
2025_12_SEA_TEN,SEA,TEN,Sam Darnold,00-0034869,QB,att,28.912,19.0,24.0,30.0,35.0,39.0
2025_12_SEA_TEN,SEA,TEN,Sam Darnold,00-0034869,QB,cmp,20.116,13.0,17.0,21.0,24.0,28.0
2025_12_SEA_TEN,SEA,TEN,Sam Darnold,00-0034869,QB,pass_yds,235.523,142.065,190.472,237.11,285.535,332.091
2025_12_SEA_TEN,SEA,TEN,Sam Darnold,00-0034869,QB,pass_td,1.562,0.0,1.0,1.0,2.0,3.0
2025_12_SEA_TEN,SEA,TEN,Sam Darnold,00-0034869,QB,ints,0.681,0.0,0.0,0.0,1.0,2.0
2025_12_SEA_TEN,SEA,TEN,Sam Darnold,00-0034869,QB,car,2.305,0.0,1.0,2.0,3.0,5.0
2025_12_SEA_TEN,SEA,TEN,Sam Darnold,00-0034869,QB,rush_yds,7.094,-2.0,-1.0,2.023,11.077,22.135
2025_12_SEA_TEN,SEA,TEN,Sam Darnold,00-0034869,QB,tgt,0.0,0.0,0.0,0.0,0.0,0.0
2025_12_SEA_TEN,SEA,TEN,Sam Darnold,00-0034869,QB,rec,0.0,0.0,0.0,0.0,0.0,0.0
2025_12_SEA_TEN,SEA,TEN,Sam Darnold,00-0034869,QB,rec_yds,0.004,0.0,0.0,0.0,0.0,0.0
2025_12_SEA_TEN,SEA,TEN,Sam Darnold,00-0034869,QB,anytime_td,0.019,0.0,0.0,0.0,0.0,0.0
2025_12_SEA_TEN,SEA,TEN,AJ Barner,00-0039793,TE,car,0.848,0.0,0.0,0.0,1.0,3.0
2025_12_SEA_TEN,SEA,TEN,AJ Barner,00-0039793,TE,rush_yds,2.124,0.0,0.0,0.0,1.306,7.408
2025_12_SEA_TEN,SEA,TEN,AJ Barner,00-0039793,TE,tgt,4.024,1.0,2.0,4.0,5.0,7.0
2025_12_SEA_TEN,SEA,TEN,AJ Barner,00-0039793,TE,rec,3.205,1.0,2.0,3.0,4.0,6.0
2025_12_SEA_TEN,SEA,TEN,AJ Barner,00-0039793,TE,rec_yds,30.844,3.546,12.159,25.99,43.997,64.773
2025_12_SEA_TEN,SEA,TEN,AJ Barner,00-0039793,TE,anytime_td,0.325,0.0,0.0,0.0,1.0,1.0
2025_12_SEA_TEN,SEA,TEN,Jaxon Smith-Njigba,00-0038543,WR,car,0.499,0.0,0.0,0.0,0.0,2.0
2025_12_SEA_TEN,SEA,TEN,Jaxon Smith-Njigba,00-0038543,WR,rush_yds,3.019,0.0,0.0,0.0,0.0,9.6
2025_12_SEA_TEN,SEA,TEN,Jaxon Smith-Njigba,00-0038543,WR,tgt,9.275,5.0,7.0,9.0,12.0,14.0
2025_12_SEA_TEN,SEA,TEN,Jaxon Smith-Njigba,00-0038543,WR,rec,6.779,3.0,5.0,6.0,9.0,11.0
2025_12_SEA_TEN,SEA,TEN,Jaxon Smith-Njigba,00-0038543,WR,rec_yds,95.235,36.365,58.748,88.546,125.603,161.999
2025_12_SEA_TEN,SEA,TEN,Jaxon Smith-Njigba,00-0038543,WR,anytime_td,0.373,0.0,0.0,0.0,1.0,1.0
2025_12_SEA_TEN,SEA,TEN,Cooper Kupp,00-0033908,WR,car,0.01,0.0,0.0,0.0,0.0,0.0
2025_12_SEA_TEN,SEA,TEN,Cooper Kupp,00-0033908,WR,rush_yds,0.061,0.0,0.0,0.0,0.0,0.0
2025_12_SEA_TEN,SEA,TEN,Cooper Kupp,00-0033908,WR,tgt,4.518,1.0,3.0,4.0,6.0,8.0
2025_12_SEA_TEN,SEA,TEN,Cooper Kupp,00-0033908,WR,rec,3.013,1.0,2.0,3.0,4.0,6.0
2025_12_SEA_TEN,SEA,TEN,Cooper Kupp,00-0033908,WR,rec_yds,39.229,4.038,14.933,32.971,56.147,82.944
2025_12_SEA_TEN,SEA,TEN,Cooper Kupp,00-0033908,WR,anytime_td,0.181,0.0,0.0,0.0,0.0,1.0
2025_12_SEA_TEN,SEA,TEN,Kenneth Walker III,00-0038134,RB,car,13.195,6.0,9.0,13.0,17.0,21.0
2025_12_SEA_TEN,SEA,TEN,Kenneth Walker III,00-0038134,RB,rush_yds,62.879,18.807,33.411,55.136,84.077,117.099
2025_12_SEA_TEN,SEA,TEN,Kenneth Walker III,00-0038134,RB,tgt,1.756,0.0,0.0,1.0,3.0,4.0
2025_12_SEA_TEN,SEA,TEN,Kenneth Walker III,00-0038134,RB,rec,1.494,0.0,0.0,1.0,2.0,3.0
2025_12_SEA_TEN,SEA,TEN,Kenneth Walker III,00-0038134,RB,rec_yds,11.501,0.0,0.0,6.501,17.301,30.996
2025_12_SEA_TEN,SEA,TEN,Kenneth Walker III,00-0038134,RB,anytime_td,0.39,0.0,0.0,0.0,1.0,1.0
2025_12_SEA_TEN,SEA,TEN,Rashid Shaheed,00-0037545,WR,car,0.703,0.0,0.0,0.0,1.0,2.0
2025_12_SEA_TEN,SEA,TEN,Rashid Shaheed,00-0037545,WR,rush_yds,4.416,0.0,0.0,0.0,0.0,15.497
2025_12_SEA_TEN,SEA,TEN,Rashid Shaheed,00-0037545,WR,tgt,5.223,2.0,3.0,5.0,7.0,9.0
2025_12_SEA_TEN,SEA,TEN,Rashid Shaheed,00-0037545,WR,rec,3.375,1.0,2.0,3.0,5.0,6.0
2025_12_SEA_TEN,SEA,TEN,Rashid Shaheed,00-0037545,WR,rec_yds,40.333,5.433,16.099,34.359,57.531,83.747
2025_12_SEA_TEN,SEA,TEN,Rashid Shaheed,00-0037545,WR,anytime_td,0.237,0.0,0.0,0.0,0.0,1.0
2025_12_SEA_TEN,SEA,TEN,Elijah Arroyo,00-0040739,TE,car,0.007,0.0,0.0,0.0,0.0,0.0
2025_12_SEA_TEN,SEA,TEN,Elijah Arroyo,00-0040739,TE,rush_yds,0.013,0.0,0.0,0.0,0.0,0.0
2025_12_SEA_TEN,SEA,TEN,Elijah Arroyo,00-0040739,TE,tgt,2.24,0.0,1.0,2.0,3.0,5.0
2025_12_SEA_TEN,SEA,TEN,Elijah Arroyo,00-0040739,TE,rec,1.622,0.0,0.0,1.0,2.0,4.0
2025_12_SEA_TEN,SEA,TEN,Elijah Arroyo,00-0040739,TE,rec_yds,17.069,0.0,0.0,11.45,25.641,43.525
2025_12_SEA_TEN,SEA,TEN,Elijah Arroyo,00-0040739,TE,anytime_td,0.14,0.0,0.0,0.0,0.0,1.0
2025_12_SEA_TEN,SEA,TEN,Zach Charbonnet,00-0039165,RB,car,10.841,4.0,7.0,10.0,14.0,19.0
2025_12_SEA_TEN,SEA,TEN,Zach Charbonnet,00-0039165,RB,rush_yds,48.001,12.034,23.022,40.739,64.648,94.133
2025_12_SEA_TEN,SEA,TEN,Zach Charbonnet,00-0039165,RB,tgt,1.344,0.0,0.0,1.0,2.0,3.0
2025_12_SEA_TEN,SEA,TEN,Zach Charbonnet,00-0039165,RB,rec,1.12,0.0,0.0,1.0,2.0,3.0
2025_12_SEA_TEN,SEA,TEN,Zach Charbonnet,00-0039165,RB,rec_yds,8.206,0.0,0.0,2.904,12.189,24.3
2025_12_SEA_TEN,SEA,TEN,Zach Charbonnet,00-0039165,RB,anytime_td,0.487,0.0,0.0,0.0,1.0,1.0
2025_12_SEA_TEN,SEA,TEN,Jake Bobo,00-0038752,WR,car,0.011,0.0,0.0,0.0,0.0,0.0
2025_12_SEA_TEN,SEA,TEN,Jake Bobo,00-0038752,WR,rush_yds,0.064,0.0,0.0,0.0,0.0,0.0
2025_12_SEA_TEN,SEA,TEN,Jake Bobo,00-0038752,WR,tgt,0.539,0.0,0.0,0.0,1.0,2.0
2025_12_SEA_TEN,SEA,TEN,Jake Bobo,00-0038752,WR,rec,0.36,0.0,0.0,0.0,1.0,1.0
2025_12_SEA_TEN,SEA,TEN,Jake Bobo,00-0038752,WR,rec_yds,4.328,0.0,0.0,0.0,2.507,15.891
2025_12_SEA_TEN,SEA,TEN,Jake Bobo,00-0038752,WR,anytime_td,0.023,0.0,0.0,0.0,0.0,0.0
2025_12_TB_LA,LA,TB,Matthew Stafford,00-0026498,QB,att,33.113,22.0,28.0,34.0,39.0,44.0
2025_12_TB_LA,LA,TB,Matthew Stafford,00-0026498,QB,cmp,22.44,14.0,19.0,23.0,27.0,31.0
2025_12_TB_LA,LA,TB,Matthew Stafford,00-0026498,QB,pass_yds,263.622,167.418,214.886,264.241,317.616,369.612
2025_12_TB_LA,LA,TB,Matthew Stafford,00-0026498,QB,pass_td,1.962,0.0,1.0,2.0,3.0,4.0
2025_12_TB_LA,LA,TB,Matthew Stafford,00-0026498,QB,ints,0.621,0.0,0.0,0.0,1.0,2.0
2025_12_TB_LA,LA,TB,Matthew Stafford,00-0026498,QB,car,2.04,0.0,1.0,2.0,3.0,4.0
2025_12_TB_LA,LA,TB,Matthew Stafford,00-0026498,QB,rush_yds,5.311,-2.0,-1.0,0.0,8.598,18.331
2025_12_TB_LA,LA,TB,Matthew Stafford,00-0026498,QB,tgt,0.0,0.0,0.0,0.0,0.0,0.0
2025_12_TB_LA,LA,TB,Matthew Stafford,00-0026498,QB,rec,0.0,0.0,0.0,0.0,0.0,0.0
2025_12_TB_LA,LA,TB,Matthew Stafford,00-0026498,QB,rec_yds,0.003,0.0,0.0,0.0,0.0,0.0
2025_12_TB_LA,LA,TB,Matthew Stafford,00-0026498,QB,anytime_td,0.019,0.0,0.0,0.0,0.0,0.0
2025_12_TB_LA,LA,TB,Puka Nacua,00-0039075,WR,car,0.631,0.0,0.0,0.0,1.0,2.0
2025_12_TB_LA,LA,TB,Puka Nacua,00-0039075,WR,rush_yds,3.639,0.0,0.0,0.0,0.0,12.659
2025_12_TB_LA,LA,TB,Puka Nacua,00-0039075,WR,tgt,10.511,6.0,8.0,10.0,13.0,16.0
2025_12_TB_LA,LA,TB,Puka Nacua,00-0039075,WR,rec,8.129,4.0,6.0,8.0,10.0,13.0
2025_12_TB_LA,LA,TB,Puka Nacua,00-0039075,WR,rec_yds,103.112,42.713,65.622,96.898,133.469,172.305
2025_12_TB_LA,LA,TB,Puka Nacua,00-0039075,WR,anytime_td,0.378,0.0,0.0,0.0,1.0,1.0
2025_12_TB_LA,LA,TB,Davante Adams,00-0031381,WR,car,0.008,0.0,0.0,0.0,0.0,0.0
2025_12_TB_LA,LA,TB,Davante Adams,00-0031381,WR,rush_yds,0.042,0.0,0.0,0.0,0.0,0.0
2025_12_TB_LA,LA,TB,Davante Adams,00-0031381,WR,tgt,9.794,5.0,7.0,9.0,12.0,15.0
2025_12_TB_LA,LA,TB,Davante Adams,00-0031381,WR,rec,5.702,2.0,4.0,5.0,7.0,9.0
2025_12_TB_LA,LA,TB,Davante Adams,00-0031381,WR,rec_yds,74.911,25.362,43.12,67.993,100.233,133.744
2025_12_TB_LA,LA,TB,Davante Adams,00-0031381,WR,anytime_td,0.519,0.0,0.0,1.0,1.0,1.0
2025_12_TB_LA,LA,TB,Kyren Williams,00-0037840,RB,car,14.589,7.0,10.0,14.0,18.0,23.0
2025_12_TB_LA,LA,TB,Kyren Williams,00-0037840,RB,rush_yds,68.842,23.462,38.005,61.276,90.628,124.834
2025_12_TB_LA,LA,TB,Kyren Williams,00-0037840,RB,tgt,3.287,1.0,2.0,3.0,5.0,6.0
2025_12_TB_LA,LA,TB,Kyren Williams,00-0037840,RB,rec,2.611,0.0,1.0,2.0,4.0,5.0
2025_12_TB_LA,LA,TB,Kyren Williams,00-0037840,RB,rec_yds,20.453,0.0,4.915,15.167,30.135,48.247
2025_12_TB_LA,LA,TB,Kyren Williams,00-0037840,RB,anytime_td,0.661,0.0,0.0,1.0,1.0,1.0
2025_12_TB_LA,LA,TB,Colby Parkinson,00-0036244,TE,car,0.002,0.0,0.0,0.0,0.0,0.0
2025_12_TB_LA,LA,TB,Colby Parkinson,00-0036244,TE,rush_yds,0.003,0.0,0.0,0.0,0.0,0.0
2025_12_TB_LA,LA,TB,Colby Parkinson,00-0036244,TE,tgt,2.57,0.0,1.0,2.0,4.0,5.0
2025_12_TB_LA,LA,TB,Colby Parkinson,00-0036244,TE,rec,2.006,0.0,1.0,2.0,3.0,4.0
2025_12_TB_LA,LA,TB,Colby Parkinson,00-0036244,TE,rec_yds,20.747,0.0,4.344,15.17,30.998,49.59
2025_12_TB_LA,LA,TB,Colby Parkinson,00-0036244,TE,anytime_td,0.209,0.0,0.0,0.0,0.0,1.0
2025_12_TB_LA,LA,TB,Jordan Whittington,00-0039751,WR,car,0.173,0.0,0.0,0.0,0.0,0.0
2025_12_TB_LA,LA,TB,Jordan Whittington,00-0039751,WR,rush_yds,0.998,0.0,0.0,0.0,0.0,0.0
2025_12_TB_LA,LA,TB,Jordan Whittington,00-0039751,WR,tgt,2.049,0.0,1.0,2.0,3.0,5.0
2025_12_TB_LA,LA,TB,Jordan Whittington,00-0039751,WR,rec,1.384,0.0,0.0,1.0,2.0,3.0
2025_12_TB_LA,LA,TB,Jordan Whittington,00-0039751,WR,rec_yds,17.863,0.0,0.0,10.868,27.373,46.932
2025_12_TB_LA,LA,TB,Jordan Whittington,00-0039751,WR,anytime_td,0.016,0.0,0.0,0.0,0.0,0.0
2025_12_TB_LA,LA,TB,Davis Allen,00-0039074,TE,car,0.004,0.0,0.0,0.0,0.0,0.0
2025_12_TB_LA,LA,TB,Davis Allen,00-0039074,TE,rush_yds,0.01,0.0,0.0,0.0,0.0,0.0
2025_12_TB_LA,LA,TB,Davis Allen,00-0039074,TE,tgt,1.759,0.0,0.0,1.0,3.0,4.0
2025_12_TB_LA,LA,TB,Davis Allen,00-0039074,TE,rec,1.351,0.0,0.0,1.0,2.0,3.0
2025_12_TB_LA,LA,TB,Davis Allen,00-0039074,TE,rec_yds,13.885,0.0,0.0,8.244,21.283,36.98
2025_12_TB_LA,LA,TB,Davis Allen,00-0039074,TE,anytime_td,0.163,0.0,0.0,0.0,0.0,1.0
2025_12_TB_LA,LA,TB,Konata Mumpfield,00-0040590,WR,car,0.011,0.0,0.0,0.0,0.0,0.0
2025_12_TB_LA,LA,TB,Konata Mumpfield,00-0040590,WR,rush_yds,0.036,0.0,0.0,0.0,0.0,0.0
2025_12_TB_LA,LA,TB,Konata Mumpfield,00-0040590,WR,tgt,0.865,0.0,0.0,0.0,1.0,2.0
2025_12_TB_LA,LA,TB,Konata Mumpfield,00-0040590,WR,rec,0.555,0.0,0.0,0.0,1.0,2.0
2025_12_TB_LA,LA,TB,Konata Mumpfield,00-0040590,WR,rec_yds,7.092,0.0,0.0,0.0,9.698,24.069
2025_12_TB_LA,LA,TB,Konata Mumpfield,00-0040590,WR,anytime_td,0.062,0.0,0.0,0.0,0.0,0.0
2025_12_TB_LA,LA,TB,Blake Corum,00-0039738,RB,car,7.39,2.0,4.0,7.0,10.0,14.0
2025_12_TB_LA,LA,TB,Blake Corum,00-0039738,RB,rush_yds,31.068,4.799,12.109,24.281,42.467,66.836
2025_12_TB_LA,LA,TB,Blake Corum,00-0039738,RB,tgt,1.115,0.0,0.0,1.0,2.0,3.0
2025_12_TB_LA,LA,TB,Blake Corum,00-0039738,RB,rec,0.856,0.0,0.0,0.0,1.0,2.0
2025_12_TB_LA,LA,TB,Blake Corum,00-0039738,RB,rec_yds,6.126,0.0,0.0,0.0,8.534,19.067
2025_12_TB_LA,LA,TB,Blake Corum,00-0039738,RB,anytime_td,0.207,0.0,0.0,0.0,0.0,1.0
2025_12_TB_LA,LA,TB,Terrance Ferguson,00-0040737,TE,car,0.109,0.0,0.0,0.0,0.0,0.0
2025_12_TB_LA,LA,TB,Terrance Ferguson,00-0040737,TE,rush_yds,0.267,0.0,0.0,0.0,0.0,0.0
2025_12_TB_LA,LA,TB,Terrance Ferguson,00-0040737,TE,tgt,1.992,0.0,1.0,2.0,3.0,4.0
2025_12_TB_LA,LA,TB,Terrance Ferguson,00-0040737,TE,rec,1.392,0.0,0.0,1.0,2.0,3.0
2025_12_TB_LA,LA,TB,Terrance Ferguson,00-0040737,TE,rec_yds,17.842,0.0,0.0,10.819,27.359,46.493
2025_12_TB_LA,LA,TB,Terrance Ferguson,00-0040737,TE,anytime_td,0.098,0.0,0.0,0.0,0.0,0.0
2025_12_TB_LA,TB,LA,Emeka Egbuka,00-0040129,WR,car,0.173,0.0,0.0,0.0,0.0,0.0
2025_12_TB_LA,TB,LA,Emeka Egbuka,00-0040129,WR,rush_yds,0.937,0.0,0.0,0.0,0.0,0.0
2025_12_TB_LA,TB,LA,Emeka Egbuka,00-0040129,WR,tgt,7.53,3.0,5.0,7.0,10.0,12.0
2025_12_TB_LA,TB,LA,Emeka Egbuka,00-0040129,WR,rec,4.346,1.0,3.0,4.0,6.0,7.0
2025_12_TB_LA,TB,LA,Emeka Egbuka,00-0040129,WR,rec_yds,57.577,13.002,28.579,51.5,78.425,108.779
2025_12_TB_LA,TB,LA,Emeka Egbuka,00-0040129,WR,anytime_td,0.321,0.0,0.0,0.0,1.0,1.0
2025_12_TB_LA,TB,LA,Cade Otton,00-0038129,TE,car,0.003,0.0,0.0,0.0,0.0,0.0
2025_12_TB_LA,TB,LA,Cade Otton,00-0038129,TE,rush_yds,0.007,0.0,0.0,0.0,0.0,0.0
2025_12_TB_LA,TB,LA,Cade Otton,00-0038129,TE,tgt,5.252,2.0,3.0,5.0,7.0,9.0
2025_12_TB_LA,TB,LA,Cade Otton,00-0038129,TE,rec,3.861,1.0,2.0,4.0,5.0,7.0
2025_12_TB_LA,TB,LA,Cade Otton,00-0038129,TE,rec_yds,38.197,7.197,17.848,33.708,53.036,75.165
2025_12_TB_LA,TB,LA,Cade Otton,00-0038129,TE,anytime_td,0.105,0.0,0.0,0.0,0.0,1.0
2025_12_TB_LA,TB,LA,Tez Johnson,00-0040237,WR,car,0.737,0.0,0.0,0.0,1.0,2.0
2025_12_TB_LA,TB,LA,Tez Johnson,00-0040237,WR,rush_yds,3.795,0.0,0.0,0.0,1.56,13.393
2025_12_TB_LA,TB,LA,Tez Johnson,00-0040237,WR,tgt,3.597,1.0,2.0,3.0,5.0,7.0
2025_12_TB_LA,TB,LA,Tez Johnson,00-0040237,WR,rec,2.349,0.0,1.0,2.0,3.0,5.0
2025_12_TB_LA,TB,LA,Tez Johnson,00-0040237,WR,rec_yds,28.128,0.0,7.8,22.084,41.504,64.617
2025_12_TB_LA,TB,LA,Tez Johnson,00-0040237,WR,anytime_td,0.284,0.0,0.0,0.0,1.0,1.0
2025_12_TB_LA,TB,LA,Rachaad White,00-0037256,RB,car,12.03,5.0,8.0,11.0,16.0,20.0
2025_12_TB_LA,TB,LA,Rachaad White,00-0037256,RB,rush_yds,46.693,12.932,23.581,40.15,62.873,89.009
2025_12_TB_LA,TB,LA,Rachaad White,00-0037256,RB,tgt,2.958,0.0,1.0,3.0,4.0,6.0
2025_12_TB_LA,TB,LA,Rachaad White,00-0037256,RB,rec,2.486,0.0,1.0,2.0,4.0,5.0
2025_12_TB_LA,TB,LA,Rachaad White,00-0037256,RB,rec_yds,15.477,0.0,3.537,11.356,22.858,37.007
2025_12_TB_LA,TB,LA,Rachaad White,00-0037256,RB,anytime_td,0.29,0.0,0.0,0.0,1.0,1.0
2025_12_TB_LA,TB,LA,Sterling Shepard,00-0032385,WR,car,0.565,0.0,0.0,0.0,0.0,2.0
2025_12_TB_LA,TB,LA,Sterling Shepard,00-0032385,WR,rush_yds,2.896,0.0,0.0,0.0,0.0,9.944
2025_12_TB_LA,TB,LA,Sterling Shepard,00-0032385,WR,tgt,3.692,1.0,2.0,3.0,5.0,7.0
2025_12_TB_LA,TB,LA,Sterling Shepard,00-0032385,WR,rec,2.612,0.0,1.0,2.0,4.0,5.0
2025_12_TB_LA,TB,LA,Sterling Shepard,00-0032385,WR,rec_yds,28.678,0.0,9.41,22.903,41.825,63.824
2025_12_TB_LA,TB,LA,Sterling Shepard,00-0032385,WR,anytime_td,0.116,0.0,0.0,0.0,0.0,1.0
2025_12_TB_LA,TB,LA,Baker Mayfield,00-0034855,QB,att,31.009,21.0,26.0,32.0,37.0,42.0
2025_12_TB_LA,TB,LA,Baker Mayfield,00-0034855,QB,cmp,20.235,13.0,17.0,21.0,25.0,28.0
2025_12_TB_LA,TB,LA,Baker Mayfield,00-0034855,QB,pass_yds,216.563,128.915,172.05,217.755,264.32,311.322
2025_12_TB_LA,TB,LA,Baker Mayfield,00-0034855,QB,pass_td,1.358,0.0,1.0,1.0,2.0,3.0
2025_12_TB_LA,TB,LA,Baker Mayfield,00-0034855,QB,ints,0.703,0.0,0.0,0.0,1.0,2.0
2025_12_TB_LA,TB,LA,Baker Mayfield,00-0034855,QB,car,2.688,0.0,1.0,2.0,4.0,5.0
2025_12_TB_LA,TB,LA,Baker Mayfield,00-0034855,QB,rush_yds,14.475,0.0,2.112,10.259,21.497,34.838
2025_12_TB_LA,TB,LA,Baker Mayfield,00-0034855,QB,tgt,0.001,0.0,0.0,0.0,0.0,0.0
2025_12_TB_LA,TB,LA,Baker Mayfield,00-0034855,QB,rec,0.001,0.0,0.0,0.0,0.0,0.0
2025_12_TB_LA,TB,LA,Baker Mayfield,00-0034855,QB,rec_yds,0.003,0.0,0.0,0.0,0.0,0.0
2025_12_TB_LA,TB,LA,Baker Mayfield,00-0034855,QB,anytime_td,0.136,0.0,0.0,0.0,0.0,1.0
2025_12_TB_LA,TB,LA,Sean Tucker,00-0038951,RB,car,9.129,3.0,5.0,8.0,12.0,16.0
2025_12_TB_LA,TB,LA,Sean Tucker,00-0038951,RB,rush_yds,39.195,7.967,17.15,32.271,54.078,79.335
2025_12_TB_LA,TB,LA,Sean Tucker,00-0038951,RB,tgt,0.96,0.0,0.0,1.0,2.0,3.0
2025_12_TB_LA,TB,LA,Sean Tucker,00-0038951,RB,rec,0.781,0.0,0.0,0.0,1.0,2.0
2025_12_TB_LA,TB,LA,Sean Tucker,00-0038951,RB,rec_yds,5.307,0.0,0.0,0.0,7.787,17.265
2025_12_TB_LA,TB,LA,Sean Tucker,00-0038951,RB,anytime_td,0.341,0.0,0.0,0.0,1.0,1.0
2025_12_TB_LA,TB,LA,Chris Godwin Jr.,00-0033921,WR,car,0.125,0.0,0.0,0.0,0.0,0.0
2025_12_TB_LA,TB,LA,Chris Godwin Jr.,00-0033921,WR,rush_yds,0.625,0.0,0.0,0.0,0.0,0.0
2025_12_TB_LA,TB,LA,Chris Godwin Jr.,00-0033921,WR,tgt,5.987,2.0,4.0,6.0,8.0,10.0
2025_12_TB_LA,TB,LA,Chris Godwin Jr.,00-0033921,WR,rec,3.925,1.0,2.0,4.0,5.0,7.0
2025_12_TB_LA,TB,LA,Chris Godwin Jr.,00-0033921,WR,rec_yds,44.242,8.745,20.639,38.914,62.675,86.845
2025_12_TB_LA,TB,LA,Chris Godwin Jr.,00-0033921,WR,anytime_td,0.198,0.0,0.0,0.0,0.0,1.0
2025_12_TB_LA,TB,LA,Kameron Johnson,00-0039589,WR,car,0.298,0.0,0.0,0.0,0.0,1.0
2025_12_TB_LA,TB,LA,Kameron Johnson,00-0039589,WR,rush_yds,1.586,0.0,0.0,0.0,0.0,3.227
2025_12_TB_LA,TB,LA,Kameron Johnson,00-0039589,WR,tgt,0.63,0.0,0.0,0.0,1.0,2.0
2025_12_TB_LA,TB,LA,Kameron Johnson,00-0039589,WR,rec,0.403,0.0,0.0,0.0,1.0,1.0
2025_12_TB_LA,TB,LA,Kameron Johnson,00-0039589,WR,rec_yds,4.921,0.0,0.0,0.0,4.589,17.432
2025_12_TB_LA,TB,LA,Kameron Johnson,00-0039589,WR,anytime_td,0.048,0.0,0.0,0.0,0.0,0.0
2025_12_TB_LA,TB,LA,Owen Wright,00-0038458,RB,car,0.703,0.0,0.0,0.0,1.0,2.0
2025_12_TB_LA,TB,LA,Owen Wright,00-0038458,RB,rush_yds,2.845,0.0,0.0,0.0,1.088,9.233
2025_12_TB_LA,TB,LA,Owen Wright,00-0038458,RB,tgt,0.191,0.0,0.0,0.0,0.0,1.0
2025_12_TB_LA,TB,LA,Owen Wright,00-0038458,RB,rec,0.159,0.0,0.0,0.0,0.0,1.0
2025_12_TB_LA,TB,LA,Owen Wright,00-0038458,RB,rec_yds,1.103,0.0,0.0,0.0,0.0,2.041
2025_12_TB_LA,TB,LA,Owen Wright,00-0038458,RB,anytime_td,0.009,0.0,0.0,0.0,0.0,0.0
2025_12_CAR_SF,SF,CAR,Brock Purdy,00-0037834,QB,att,30.179,20.0,25.0,31.0,36.0,41.0
2025_12_CAR_SF,SF,CAR,Brock Purdy,00-0037834,QB,cmp,20.716,13.0,17.0,21.0,25.0,29.0
2025_12_CAR_SF,SF,CAR,Brock Purdy,00-0037834,QB,pass_yds,241.561,143.939,191.022,242.582,294.347,346.321
2025_12_CAR_SF,SF,CAR,Brock Purdy,00-0037834,QB,pass_td,1.8,0.0,1.0,2.0,3.0,3.0
2025_12_CAR_SF,SF,CAR,Brock Purdy,00-0037834,QB,ints,0.653,0.0,0.0,0.0,1.0,2.0
2025_12_CAR_SF,SF,CAR,Brock Purdy,00-0037834,QB,car,3.554,1.0,2.0,3.0,5.0,7.0
2025_12_CAR_SF,SF,CAR,Brock Purdy,00-0037834,QB,rush_yds,14.465,-1.0,1.972,10.395,21.682,35.504
2025_12_CAR_SF,SF,CAR,Brock Purdy,00-0037834,QB,tgt,0.001,0.0,0.0,0.0,0.0,0.0
2025_12_CAR_SF,SF,CAR,Brock Purdy,00-0037834,QB,rec,0.001,0.0,0.0,0.0,0.0,0.0
2025_12_CAR_SF,SF,CAR,Brock Purdy,00-0037834,QB,rec_yds,0.004,0.0,0.0,0.0,0.0,0.0
2025_12_CAR_SF,SF,CAR,Brock Purdy,00-0037834,QB,anytime_td,0.175,0.0,0.0,0.0,0.0,1.0
2025_12_CAR_SF,SF,CAR,George Kittle,00-0033288,TE,car,0.124,0.0,0.0,0.0,0.0,0.0
2025_12_CAR_SF,SF,CAR,George Kittle,00-0033288,TE,rush_yds,0.318,0.0,0.0,0.0,0.0,0.0
2025_12_CAR_SF,SF,CAR,George Kittle,00-0033288,TE,tgt,4.592,1.0,3.0,4.0,6.0,8.0
2025_12_CAR_SF,SF,CAR,George Kittle,00-0033288,TE,rec,3.691,1.0,2.0,3.0,5.0,7.0
2025_12_CAR_SF,SF,CAR,George Kittle,00-0033288,TE,rec_yds,41.365,7.349,18.381,35.522,57.302,83.74
2025_12_CAR_SF,SF,CAR,George Kittle,00-0033288,TE,anytime_td,0.402,0.0,0.0,0.0,1.0,1.0
2025_12_CAR_SF,SF,CAR,Jauan Jennings,00-0036259,WR,car,0.006,0.0,0.0,0.0,0.0,0.0
2025_12_CAR_SF,SF,CAR,Jauan Jennings,00-0036259,WR,rush_yds,0.036,0.0,0.0,0.0,0.0,0.0
2025_12_CAR_SF,SF,CAR,Jauan Jennings,00-0036259,WR,tgt,5.287,2.0,3.0,5.0,7.0,9.0
2025_12_CAR_SF,SF,CAR,Jauan Jennings,00-0036259,WR,rec,3.333,1.0,2.0,3.0,5.0,6.0
2025_12_CAR_SF,SF,CAR,Jauan Jennings,00-0036259,WR,rec_yds,43.071,6.005,17.585,36.676,62.121,88.2
2025_12_CAR_SF,SF,CAR,Jauan Jennings,00-0036259,WR,anytime_td,0.278,0.0,0.0,0.0,1.0,1.0
2025_12_CAR_SF,SF,CAR,Christian McCaffrey,00-0033280,RB,car,17.342,9.0,13.0,17.0,22.0,26.0
2025_12_CAR_SF,SF,CAR,Christian McCaffrey,00-0033280,RB,rush_yds,77.271,29.471,46.322,69.903,100.726,135.736
2025_12_CAR_SF,SF,CAR,Christian McCaffrey,00-0033280,RB,tgt,6.415,3.0,4.0,6.0,8.0,11.0
2025_12_CAR_SF,SF,CAR,Christian McCaffrey,00-0033280,RB,rec,5.055,2.0,3.0,5.0,7.0,9.0
2025_12_CAR_SF,SF,CAR,Christian McCaffrey,00-0033280,RB,rec_yds,46.892,9.511,22.472,41.334,65.418,92.126
2025_12_CAR_SF,SF,CAR,Christian McCaffrey,00-0033280,RB,anytime_td,0.651,0.0,0.0,1.0,1.0,1.0
2025_12_CAR_SF,SF,CAR,Ricky Pearsall,00-0039916,WR,car,0.214,0.0,0.0,0.0,0.0,1.0
2025_12_CAR_SF,SF,CAR,Ricky Pearsall,00-0039916,WR,rush_yds,1.447,0.0,0.0,0.0,0.0,0.0
2025_12_CAR_SF,SF,CAR,Ricky Pearsall,00-0039916,WR,tgt,4.214,1.0,2.0,4.0,6.0,8.0
2025_12_CAR_SF,SF,CAR,Ricky Pearsall,00-0039916,WR,rec,2.797,1.0,1.0,2.0,4.0,5.0
2025_12_CAR_SF,SF,CAR,Ricky Pearsall,00-0039916,WR,rec_yds,41.217,1.172,13.857,34.154,59.923,88.3
2025_12_CAR_SF,SF,CAR,Ricky Pearsall,00-0039916,WR,anytime_td,0.133,0.0,0.0,0.0,0.0,1.0
2025_12_CAR_SF,SF,CAR,Demarcus Robinson,00-0032775,WR,car,0.012,0.0,0.0,0.0,0.0,0.0
2025_12_CAR_SF,SF,CAR,Demarcus Robinson,00-0032775,WR,rush_yds,0.075,0.0,0.0,0.0,0.0,0.0
2025_12_CAR_SF,SF,CAR,Demarcus Robinson,00-0032775,WR,tgt,2.274,0.0,1.0,2.0,3.0,5.0
2025_12_CAR_SF,SF,CAR,Demarcus Robinson,00-0032775,WR,rec,1.366,0.0,0.0,1.0,2.0,3.0
2025_12_CAR_SF,SF,CAR,Demarcus Robinson,00-0032775,WR,rec_yds,18.703,0.0,0.0,11.76,28.239,48.46
2025_12_CAR_SF,SF,CAR,Demarcus Robinson,00-0032775,WR,anytime_td,0.06,0.0,0.0,0.0,0.0,0.0
2025_12_CAR_SF,SF,CAR,Kyle Juszczyk,00-0029892,RB,car,0.409,0.0,0.0,0.0,0.0,1.0
2025_12_CAR_SF,SF,CAR,Kyle Juszczyk,00-0029892,RB,rush_yds,1.975,0.0,0.0,0.0,0.0,5.304
2025_12_CAR_SF,SF,CAR,Kyle Juszczyk,00-0029892,RB,tgt,1.603,0.0,0.0,1.0,2.0,4.0
2025_12_CAR_SF,SF,CAR,Kyle Juszczyk,00-0029892,RB,rec,1.273,0.0,0.0,1.0,2.0,3.0
2025_12_CAR_SF,SF,CAR,Kyle Juszczyk,00-0029892,RB,rec_yds,10.544,0.0,0.0,4.865,15.826,30.107
2025_12_CAR_SF,SF,CAR,Kyle Juszczyk,00-0029892,RB,anytime_td,0.086,0.0,0.0,0.0,0.0,0.0
2025_12_CAR_SF,SF,CAR,Luke Farrell,00-0036887,TE,car,0.006,0.0,0.0,0.0,0.0,0.0
2025_12_CAR_SF,SF,CAR,Luke Farrell,00-0036887,TE,rush_yds,0.017,0.0,0.0,0.0,0.0,0.0
2025_12_CAR_SF,SF,CAR,Luke Farrell,00-0036887,TE,tgt,0.813,0.0,0.0,0.0,1.0,2.0
2025_12_CAR_SF,SF,CAR,Luke Farrell,00-0036887,TE,rec,0.602,0.0,0.0,0.0,1.0,2.0
2025_12_CAR_SF,SF,CAR,Luke Farrell,00-0036887,TE,rec_yds,6.474,0.0,0.0,0.0,9.118,22.488
2025_12_CAR_SF,SF,CAR,Luke Farrell,00-0036887,TE,anytime_td,0.099,0.0,0.0,0.0,0.0,0.0
2025_12_CAR_SF,SF,CAR,Brian Robinson,00-0037746,RB,car,6.071,1.0,3.0,5.0,8.0,12.0
2025_12_CAR_SF,SF,CAR,Brian Robinson,00-0037746,RB,rush_yds,29.721,2.226,9.552,22.472,40.994,67.491
2025_12_CAR_SF,SF,CAR,Brian Robinson,00-0037746,RB,tgt,0.64,0.0,0.0,0.0,1.0,2.0
2025_12_CAR_SF,SF,CAR,Brian Robinson,00-0037746,RB,rec,0.498,0.0,0.0,0.0,1.0,2.0
2025_12_CAR_SF,SF,CAR,Brian Robinson,00-0037746,RB,rec_yds,3.6,0.0,0.0,0.0,4.073,13.09
2025_12_CAR_SF,SF,CAR,Brian Robinson,00-0037746,RB,anytime_td,0.233,0.0,0.0,0.0,0.0,1.0
2025_12_CAR_SF,SF,CAR,Kendrick Bourne,00-0033307,WR,car,0.018,0.0,0.0,0.0,0.0,0.0
2025_12_CAR_SF,SF,CAR,Kendrick Bourne,00-0033307,WR,rush_yds,0.115,0.0,0.0,0.0,0.0,0.0
2025_12_CAR_SF,SF,CAR,Kendrick Bourne,00-0033307,WR,tgt,2.69,0.0,1.0,2.0,4.0,6.0
2025_12_CAR_SF,SF,CAR,Kendrick Bourne,00-0033307,WR,rec,1.829,0.0,1.0,2.0,3.0,4.0
2025_12_CAR_SF,SF,CAR,Kendrick Bourne,00-0033307,WR,rec_yds,26.875,0.0,4.242,19.217,40.651,66.29
2025_12_CAR_SF,SF,CAR,Kendrick Bourne,00-0033307,WR,anytime_td,0.054,0.0,0.0,0.0,0.0,0.0
2025_12_CAR_SF,SF,CAR,Skyy Moore,00-0038090,WR,car,0.093,0.0,0.0,0.0,0.0,0.0
2025_12_CAR_SF,SF,CAR,Skyy Moore,00-0038090,WR,rush_yds,0.607,0.0,0.0,0.0,0.0,0.0
2025_12_CAR_SF,SF,CAR,Skyy Moore,00-0038090,WR,tgt,0.648,0.0,0.0,0.0,1.0,2.0
2025_12_CAR_SF,SF,CAR,Skyy Moore,00-0038090,WR,rec,0.417,0.0,0.0,0.0,1.0,1.0
2025_12_CAR_SF,SF,CAR,Skyy Moore,00-0038090,WR,rec_yds,6.044,0.0,0.0,0.0,6.318,21.496
2025_12_CAR_SF,SF,CAR,Skyy Moore,00-0038090,WR,anytime_td,0.011,0.0,0.0,0.0,0.0,0.0
2025_12_CAR_SF,SF,CAR,Jake Tonges,00-0037112,TE,car,0.002,0.0,0.0,0.0,0.0,0.0
2025_12_CAR_SF,SF,CAR,Jake Tonges,00-0037112,TE,rush_yds,0.007,0.0,0.0,0.0,0.0,0.0
2025_12_CAR_SF,SF,CAR,Jake Tonges,00-0037112,TE,tgt,1.692,0.0,0.0,1.0,2.0,4.0
2025_12_CAR_SF,SF,CAR,Jake Tonges,00-0037112,TE,rec,1.223,0.0,0.0,1.0,2.0,3.0
2025_12_CAR_SF,SF,CAR,Jake Tonges,00-0037112,TE,rec_yds,12.769,0.0,0.0,7.023,19.549,35.2
2025_12_CAR_SF,SF,CAR,Jake Tonges,00-0037112,TE,anytime_td,0.162,0.0,0.0,0.0,0.0,1.0
2025_12_CAR_SF,CAR,SF,Bryce Young,00-0039150,QB,att,31.276,21.0,27.0,32.0,37.0,42.0
2025_12_CAR_SF,CAR,SF,Bryce Young,00-0039150,QB,cmp,20.612,13.0,17.0,21.0,25.0,28.0
2025_12_CAR_SF,CAR,SF,Bryce Young,00-0039150,QB,pass_yds,211.049,129.577,169.277,210.933,255.915,300.075
2025_12_CAR_SF,CAR,SF,Bryce Young,00-0039150,QB,pass_td,1.149,0.0,0.0,1.0,2.0,3.0
2025_12_CAR_SF,CAR,SF,Bryce Young,00-0039150,QB,ints,0.654,0.0,0.0,0.0,1.0,2.0
2025_12_CAR_SF,CAR,SF,Bryce Young,00-0039150,QB,car,2.083,0.0,1.0,2.0,3.0,4.0
2025_12_CAR_SF,CAR,SF,Bryce Young,00-0039150,QB,rush_yds,10.031,-0.143,0.0,6.667,15.238,26.667
2025_12_CAR_SF,CAR,SF,Bryce Young,00-0039150,QB,tgt,0.001,0.0,0.0,0.0,0.0,0.0
2025_12_CAR_SF,CAR,SF,Bryce Young,00-0039150,QB,rec,0.001,0.0,0.0,0.0,0.0,0.0
2025_12_CAR_SF,CAR,SF,Bryce Young,00-0039150,QB,rec_yds,0.003,0.0,0.0,0.0,0.0,0.0
2025_12_CAR_SF,CAR,SF,Bryce Young,00-0039150,QB,anytime_td,0.1,0.0,0.0,0.0,0.0,0.0
2025_12_CAR_SF,CAR,SF,Tetairoa McMillan,00-0040124,WR,car,0.006,0.0,0.0,0.0,0.0,0.0
2025_12_CAR_SF,CAR,SF,Tetairoa McMillan,00-0040124,WR,rush_yds,0.032,0.0,0.0,0.0,0.0,0.0
2025_12_CAR_SF,CAR,SF,Tetairoa McMillan,00-0040124,WR,tgt,8.17,4.0,6.0,8.0,10.0,13.0
2025_12_CAR_SF,CAR,SF,Tetairoa McMillan,00-0040124,WR,rec,5.276,2.0,3.0,5.0,7.0,9.0
2025_12_CAR_SF,CAR,SF,Tetairoa McMillan,00-0040124,WR,rec_yds,64.369,19.159,36.136,58.31,87.108,115.964
2025_12_CAR_SF,CAR,SF,Tetairoa McMillan,00-0040124,WR,anytime_td,0.32,0.0,0.0,0.0,1.0,1.0
2025_12_CAR_SF,CAR,SF,Jalen Coker,00-0039491,WR,car,0.006,0.0,0.0,0.0,0.0,0.0
2025_12_CAR_SF,CAR,SF,Jalen Coker,00-0039491,WR,rush_yds,0.026,0.0,0.0,0.0,0.0,0.0
2025_12_CAR_SF,CAR,SF,Jalen Coker,00-0039491,WR,tgt,3.571,1.0,2.0,3.0,5.0,7.0
2025_12_CAR_SF,CAR,SF,Jalen Coker,00-0039491,WR,rec,2.432,0.0,1.0,2.0,3.0,5.0
2025_12_CAR_SF,CAR,SF,Jalen Coker,00-0039491,WR,rec_yds,28.174,0.0,8.352,21.651,41.475,63.116
2025_12_CAR_SF,CAR,SF,Jalen Coker,00-0039491,WR,anytime_td,0.081,0.0,0.0,0.0,0.0,0.0
2025_12_CAR_SF,CAR,SF,Xavier Legette,00-0039342,WR,car,0.079,0.0,0.0,0.0,0.0,0.0
2025_12_CAR_SF,CAR,SF,Xavier Legette,00-0039342,WR,rush_yds,0.37,0.0,0.0,0.0,0.0,0.0
2025_12_CAR_SF,CAR,SF,Xavier Legette,00-0039342,WR,tgt,5.015,2.0,3.0,5.0,7.0,9.0
2025_12_CAR_SF,CAR,SF,Xavier Legette,00-0039342,WR,rec,3.008,1.0,2.0,3.0,4.0,6.0
2025_12_CAR_SF,CAR,SF,Xavier Legette,00-0039342,WR,rec_yds,35.369,3.22,13.372,29.187,50.965,75.943
2025_12_CAR_SF,CAR,SF,Xavier Legette,00-0039342,WR,anytime_td,0.222,0.0,0.0,0.0,0.0,1.0
2025_12_CAR_SF,CAR,SF,Rico Dowdle,00-0036139,RB,car,14.089,7.0,10.0,14.0,18.0,22.0
2025_12_CAR_SF,CAR,SF,Rico Dowdle,00-0036139,RB,rush_yds,59.21,19.585,33.435,52.522,77.932,108.1
2025_12_CAR_SF,CAR,SF,Rico Dowdle,00-0036139,RB,tgt,3.173,1.0,2.0,3.0,4.0,6.0
2025_12_CAR_SF,CAR,SF,Rico Dowdle,00-0036139,RB,rec,2.498,0.0,1.0,2.0,4.0,5.0
2025_12_CAR_SF,CAR,SF,Rico Dowdle,00-0036139,RB,rec_yds,18.186,0.0,4.567,13.662,26.207,42.81
2025_12_CAR_SF,CAR,SF,Rico Dowdle,00-0036139,RB,anytime_td,0.422,0.0,0.0,0.0,1.0,1.0
2025_12_CAR_SF,CAR,SF,Ja'Tavion Sanders,00-0039356,TE,car,0.001,0.0,0.0,0.0,0.0,0.0
2025_12_CAR_SF,CAR,SF,Ja'Tavion Sanders,00-0039356,TE,rush_yds,0.002,0.0,0.0,0.0,0.0,0.0
2025_12_CAR_SF,CAR,SF,Ja'Tavion Sanders,00-0039356,TE,tgt,3.4,1.0,2.0,3.0,5.0,7.0
2025_12_CAR_SF,CAR,SF,Ja'Tavion Sanders,00-0039356,TE,rec,2.628,0.0,1.0,2.0,4.0,5.0
2025_12_CAR_SF,CAR,SF,Ja'Tavion Sanders,00-0039356,TE,rec_yds,22.199,0.0,6.942,17.542,32.665,48.483
2025_12_CAR_SF,CAR,SF,Ja'Tavion Sanders,00-0039356,TE,anytime_td,0.06,0.0,0.0,0.0,0.0,0.0
2025_12_CAR_SF,CAR,SF,Tommy Tremble,00-0037005,TE,car,0.005,0.0,0.0,0.0,0.0,0.0
2025_12_CAR_SF,CAR,SF,Tommy Tremble,00-0037005,TE,rush_yds,0.012,0.0,0.0,0.0,0.0,0.0
2025_12_CAR_SF,CAR,SF,Tommy Tremble,00-0037005,TE,tgt,2.019,0.0,1.0,2.0,3.0,4.0
2025_12_CAR_SF,CAR,SF,Tommy Tremble,00-0037005,TE,rec,1.468,0.0,0.0,1.0,2.0,3.0
2025_12_CAR_SF,CAR,SF,Tommy Tremble,00-0037005,TE,rec_yds,14.917,0.0,0.0,9.73,22.793,38.733
2025_12_CAR_SF,CAR,SF,Tommy Tremble,00-0037005,TE,anytime_td,0.072,0.0,0.0,0.0,0.0,0.0
2025_12_CAR_SF,CAR,SF,Chuba Hubbard,00-0036555,RB,car,8.771,3.0,5.0,8.0,12.0,16.0
2025_12_CAR_SF,CAR,SF,Chuba Hubbard,00-0036555,RB,rush_yds,33.965,6.199,14.538,27.77,46.781,70.227
2025_12_CAR_SF,CAR,SF,Chuba Hubbard,00-0036555,RB,tgt,2.664,0.0,1.0,2.0,4.0,5.0
2025_12_CAR_SF,CAR,SF,Chuba Hubbard,00-0036555,RB,rec,1.997,0.0,1.0,2.0,3.0,4.0
2025_12_CAR_SF,CAR,SF,Chuba Hubbard,00-0036555,RB,rec_yds,13.18,0.0,1.684,8.956,19.824,33.366
2025_12_CAR_SF,CAR,SF,Chuba Hubbard,00-0036555,RB,anytime_td,0.292,0.0,0.0,0.0,1.0,1.0
2025_12_CAR_SF,CAR,SF,Mitchell Evans,00-0040187,TE,car,0.003,0.0,0.0,0.0,0.0,0.0
2025_12_CAR_SF,CAR,SF,Mitchell Evans,00-0040187,TE,rush_yds,0.005,0.0,0.0,0.0,0.0,0.0
2025_12_CAR_SF,CAR,SF,Mitchell Evans,00-0040187,TE,tgt,1.326,0.0,0.0,1.0,2.0,3.0
2025_12_CAR_SF,CAR,SF,Mitchell Evans,00-0040187,TE,rec,0.958,0.0,0.0,1.0,1.0,3.0
2025_12_CAR_SF,CAR,SF,Mitchell Evans,00-0040187,TE,rec_yds,9.325,0.0,0.0,3.515,14.423,27.869
2025_12_CAR_SF,CAR,SF,Mitchell Evans,00-0040187,TE,anytime_td,0.083,0.0,0.0,0.0,0.0,0.0
2025_12_CAR_SF,CAR,SF,Jimmy Horn Jr.,00-0040218,WR,car,0.656,0.0,0.0,0.0,1.0,2.0
2025_12_CAR_SF,CAR,SF,Jimmy Horn Jr.,00-0040218,WR,rush_yds,3.411,0.0,0.0,0.0,0.0,12.224
2025_12_CAR_SF,CAR,SF,Jimmy Horn Jr.,00-0040218,WR,tgt,1.346,0.0,0.0,1.0,2.0,3.0
2025_12_CAR_SF,CAR,SF,Jimmy Horn Jr.,00-0040218,WR,rec,0.856,0.0,0.0,1.0,1.0,2.0
2025_12_CAR_SF,CAR,SF,Jimmy Horn Jr.,00-0040218,WR,rec_yds,9.703,0.0,0.0,0.973,14.796,30.064
2025_12_CAR_SF,CAR,SF,Jimmy Horn Jr.,00-0040218,WR,anytime_td,0.029,0.0,0.0,0.0,0.0,0.0
2025_12_CAR_SF,CAR,SF,Brycen Tremayne,00-0038840,WR,car,0.004,0.0,0.0,0.0,0.0,0.0
2025_12_CAR_SF,CAR,SF,Brycen Tremayne,00-0038840,WR,rush_yds,0.02,0.0,0.0,0.0,0.0,0.0
2025_12_CAR_SF,CAR,SF,Brycen Tremayne,00-0038840,WR,tgt,1.363,0.0,0.0,1.0,2.0,3.0
2025_12_CAR_SF,CAR,SF,Brycen Tremayne,00-0038840,WR,rec,0.926,0.0,0.0,1.0,1.0,2.0
2025_12_CAR_SF,CAR,SF,Brycen Tremayne,00-0038840,WR,rec_yds,10.38,0.0,0.0,3.51,15.454,30.92
2025_12_CAR_SF,CAR,SF,Brycen Tremayne,00-0038840,WR,anytime_td,0.013,0.0,0.0,0.0,0.0,0.0
