game_id,team,opp,player,player_id,pos,stat,mean,p10,p25,median,p75,p90
2025_17_DAL_WAS,WAS,DAL,Josh Johnson,00-0026300,QB,att,30.38,21.0,26.0,31.0,36.0,41.0
2025_17_DAL_WAS,WAS,DAL,Josh Johnson,00-0026300,QB,cmp,19.946,13.0,16.0,20.0,24.0,28.0
2025_17_DAL_WAS,WAS,DAL,Josh Johnson,00-0026300,QB,pass_yds,223.52,135.058,176.626,223.638,271.116,318.798
2025_17_DAL_WAS,WAS,DAL,Josh Johnson,00-0026300,QB,pass_td,1.41,0.0,1.0,1.0,2.0,3.0
2025_17_DAL_WAS,WAS,DAL,Josh Johnson,00-0026300,QB,ints,0.7,0.0,0.0,0.0,1.0,2.0
2025_17_DAL_WAS,WAS,DAL,Josh Johnson,00-0026300,QB,car,2.8,0.0,1.0,2.0,4.0,5.0
2025_17_DAL_WAS,WAS,DAL,Josh Johnson,00-0026300,QB,rush_yds,13.738,-0.005,1.993,9.975,20.952,33.354
2025_17_DAL_WAS,WAS,DAL,Josh Johnson,00-0026300,QB,tgt,0.001,0.0,0.0,0.0,0.0,0.0
2025_17_DAL_WAS,WAS,DAL,Josh Johnson,00-0026300,QB,rec,0.001,0.0,0.0,0.0,0.0,0.0
2025_17_DAL_WAS,WAS,DAL,Josh Johnson,00-0026300,QB,rec_yds,0.001,0.0,0.0,0.0,0.0,0.0
2025_17_DAL_WAS,WAS,DAL,Josh Johnson,00-0026300,QB,anytime_td,0.011,0.0,0.0,0.0,0.0,0.0
2025_17_DAL_WAS,WAS,DAL,Treylon Burks,00-0037742,WR,car,0.062,0.0,0.0,0.0,0.0,0.0
2025_17_DAL_WAS,WAS,DAL,Treylon Burks,00-0037742,WR,rush_yds,0.318,0.0,0.0,0.0,0.0,0.0
2025_17_DAL_WAS,WAS,DAL,Treylon Burks,00-0037742,WR,tgt,3.919,1.0,2.0,4.0,5.0,7.0
2025_17_DAL_WAS,WAS,DAL,Treylon Burks,00-0037742,WR,rec,2.292,0.0,1.0,2.0,3.0,5.0
2025_17_DAL_WAS,WAS,DAL,Treylon Burks,00-0037742,WR,rec_yds,29.131,0.0,8.283,22.646,42.567,67.786
2025_17_DAL_WAS,WAS,DAL,Treylon Burks,00-0037742,WR,anytime_td,0.205,0.0,0.0,0.0,0.0,1.0
2025_17_DAL_WAS,WAS,DAL,Terry McLaurin,00-0035659,WR,car,0.01,0.0,0.0,0.0,0.0,0.0
2025_17_DAL_WAS,WAS,DAL,Terry McLaurin,00-0035659,WR,rush_yds,0.041,0.0,0.0,0.0,0.0,0.0
2025_17_DAL_WAS,WAS,DAL,Terry McLaurin,00-0035659,WR,tgt,8.139,4.0,5.0,8.0,10.0,13.0
2025_17_DAL_WAS,WAS,DAL,Terry McLaurin,00-0035659,WR,rec,5.206,2.0,3.0,5.0,7.0,9.0
2025_17_DAL_WAS,WAS,DAL,Terry McLaurin,00-0035659,WR,rec_yds,71.895,20.71,38.469,64.963,96.849,133.22
2025_17_DAL_WAS,WAS,DAL,Terry McLaurin,00-0035659,WR,anytime_td,0.398,0.0,0.0,0.0,1.0,1.0
2025_17_DAL_WAS,WAS,DAL,Deebo Samuel Sr.,00-0035719,WR,car,0.952,0.0,0.0,0.0,1.0,3.0
2025_17_DAL_WAS,WAS,DAL,Deebo Samuel Sr.,00-0035719,WR,rush_yds,5.298,0.0,0.0,0.0,5.08,18.266
2025_17_DAL_WAS,WAS,DAL,Deebo Samuel Sr.,00-0035719,WR,tgt,8.397,4.0,6.0,8.0,11.0,13.0
2025_17_DAL_WAS,WAS,DAL,Deebo Samuel Sr.,00-0035719,WR,rec,5.898,3.0,4.0,6.0,8.0,10.0
2025_17_DAL_WAS,WAS,DAL,Deebo Samuel Sr.,00-0035719,WR,rec_yds,65.369,20.96,37.376,59.918,86.767,116.198
2025_17_DAL_WAS,WAS,DAL,Deebo Samuel Sr.,00-0035719,WR,anytime_td,0.332,0.0,0.0,0.0,1.0,1.0
2025_17_DAL_WAS,WAS,DAL,Jacory Croskey-Merritt,00-0040242,RB,car,12.354,6.0,8.0,12.0,16.0,20.0
2025_17_DAL_WAS,WAS,DAL,Jacory Croskey-Merritt,00-0040242,RB,rush_yds,53.299,16.513,28.257,47.407,71.229,98.926
2025_17_DAL_WAS,WAS,DAL,Jacory Croskey-Merritt,00-0040242,RB,tgt,0.836,0.0,0.0,0.0,1.0,2.0
2025_17_DAL_WAS,WAS,DAL,Jacory Croskey-Merritt,00-0040242,RB,rec,0.668,0.0,0.0,0.0,1.0,2.0
2025_17_DAL_WAS,WAS,DAL,Jacory Croskey-Merritt,00-0040242,RB,rec_yds,4.881,0.0,0.0,0.0,6.4,16.14
2025_17_DAL_WAS,WAS,DAL,Jacory Croskey-Merritt,00-0040242,RB,anytime_td,0.323,0.0,0.0,0.0,1.0,1.0
2025_17_DAL_WAS,WAS,DAL,Ben Sinnott,00-0039912,TE,car,0.001,0.0,0.0,0.0,0.0,0.0
2025_17_DAL_WAS,WAS,DAL,Ben Sinnott,00-0039912,TE,rush_yds,-0.0,0.0,0.0,0.0,0.0,0.0
2025_17_DAL_WAS,WAS,DAL,Ben Sinnott,00-0039912,TE,tgt,1.078,0.0,0.0,1.0,2.0,3.0
2025_17_DAL_WAS,WAS,DAL,Ben Sinnott,00-0039912,TE,rec,0.795,0.0,0.0,0.0,1.0,2.0
2025_17_DAL_WAS,WAS,DAL,Ben Sinnott,00-0039912,TE,rec_yds,8.76,0.0,0.0,0.0,13.059,27.12
2025_17_DAL_WAS,WAS,DAL,Ben Sinnott,00-0039912,TE,anytime_td,0.079,0.0,0.0,0.0,0.0,0.0
2025_17_DAL_WAS,WAS,DAL,John Bates,00-0036628,TE,car,0.001,0.0,0.0,0.0,0.0,0.0
2025_17_DAL_WAS,WAS,DAL,John Bates,00-0036628,TE,rush_yds,0.002,0.0,0.0,0.0,0.0,0.0
2025_17_DAL_WAS,WAS,DAL,John Bates,00-0036628,TE,tgt,1.576,0.0,0.0,1.0,2.0,4.0
2025_17_DAL_WAS,WAS,DAL,John Bates,00-0036628,TE,rec,1.152,0.0,0.0,1.0,2.0,3.0
2025_17_DAL_WAS,WAS,DAL,John Bates,00-0036628,TE,rec_yds,11.848,0.0,0.0,6.365,18.604,32.544
2025_17_DAL_WAS,WAS,DAL,John Bates,00-0036628,TE,anytime_td,0.03,0.0,0.0,0.0,0.0,0.0
2025_17_DAL_WAS,WAS,DAL,Jeremy McNichols,00-0033955,RB,car,4.101,0.0,2.0,3.0,6.0,9.0
2025_17_DAL_WAS,WAS,DAL,Jeremy McNichols,00-0033955,RB,rush_yds,17.427,0.0,3.479,11.326,24.559,43.387
2025_17_DAL_WAS,WAS,DAL,Jeremy McNichols,00-0033955,RB,tgt,2.603,0.0,1.0,2.0,4.0,5.0
2025_17_DAL_WAS,WAS,DAL,Jeremy McNichols,00-0033955,RB,rec,2.108,0.0,1.0,2.0,3.0,5.0
2025_17_DAL_WAS,WAS,DAL,Jeremy McNichols,00-0033955,RB,rec_yds,15.257,0.0,2.065,10.779,22.732,37.466
2025_17_DAL_WAS,WAS,DAL,Jeremy McNichols,00-0033955,RB,anytime_td,0.106,0.0,0.0,0.0,0.0,1.0
2025_17_DAL_WAS,WAS,DAL,Chris Moore,00-0032398,WR,car,0.061,0.0,0.0,0.0,0.0,0.0
2025_17_DAL_WAS,WAS,DAL,Chris Moore,00-0032398,WR,rush_yds,0.404,0.0,0.0,0.0,0.0,0.0
2025_17_DAL_WAS,WAS,DAL,Chris Moore,00-0032398,WR,tgt,2.081,0.0,1.0,2.0,3.0,4.0
2025_17_DAL_WAS,WAS,DAL,Chris Moore,00-0032398,WR,rec,1.271,0.0,0.0,1.0,2.0,3.0
2025_17_DAL_WAS,WAS,DAL,Chris Moore,00-0032398,WR,rec_yds,16.609,0.0,0.0,9.729,25.139,44.87
2025_17_DAL_WAS,WAS,DAL,Chris Moore,00-0032398,WR,anytime_td,0.07,0.0,0.0,0.0,0.0,0.0
2025_17_DAL_WAS,WAS,DAL,Colson Yankoff,00-0039686,TE,car,0.004,0.0,0.0,0.0,0.0,0.0
2025_17_DAL_WAS,WAS,DAL,Colson Yankoff,00-0039686,TE,rush_yds,0.01,0.0,0.0,0.0,0.0,0.0
2025_17_DAL_WAS,WAS,DAL,Colson Yankoff,00-0039686,TE,tgt,0.554,0.0,0.0,0.0,1.0,2.0
2025_17_DAL_WAS,WAS,DAL,Colson Yankoff,00-0039686,TE,rec,0.407,0.0,0.0,0.0,1.0,1.0
2025_17_DAL_WAS,WAS,DAL,Colson Yankoff,00-0039686,TE,rec_yds,4.132,0.0,0.0,0.0,3.872,14.802
2025_17_DAL_WAS,WAS,DAL,Colson Yankoff,00-0039686,TE,anytime_td,0.006,0.0,0.0,0.0,0.0,0.0
2025_17_DAL_WAS,WAS,DAL,Chase Edmonds,00-0034681,RB,car,5.716,1.0,3.0,5.0,8.0,11.0
2025_17_DAL_WAS,WAS,DAL,Chase Edmonds,00-0034681,RB,rush_yds,24.524,1.852,7.477,17.915,34.542,55.798
2025_17_DAL_WAS,WAS,DAL,Chase Edmonds,00-0034681,RB,tgt,1.75,0.0,0.0,1.0,3.0,4.0
2025_17_DAL_WAS,WAS,DAL,Chase Edmonds,00-0034681,RB,rec,1.404,0.0,0.0,1.0,2.0,3.0
2025_17_DAL_WAS,WAS,DAL,Chase Edmonds,00-0034681,RB,rec_yds,9.668,0.0,0.0,5.24,14.493,26.798
2025_17_DAL_WAS,WAS,DAL,Chase Edmonds,00-0034681,RB,anytime_td,0.177,0.0,0.0,0.0,0.0,1.0
2025_17_DAL_WAS,DAL,WAS,Dak Prescott,00-0033077,QB,att,32.672,22.0,28.0,33.0,39.0,44.0
2025_17_DAL_WAS,DAL,WAS,Dak Prescott,00-0033077,QB,cmp,22.123,14.0,18.0,23.0,27.0,30.0
2025_17_DAL_WAS,DAL,WAS,Dak Prescott,00-0033077,QB,pass_yds,256.186,155.714,204.848,257.375,311.765,364.477
2025_17_DAL_WAS,DAL,WAS,Dak Prescott,00-0033077,QB,pass_td,1.749,0.0,1.0,2.0,3.0,3.0
2025_17_DAL_WAS,DAL,WAS,Dak Prescott,00-0033077,QB,ints,0.654,0.0,0.0,0.0,1.0,2.0
2025_17_DAL_WAS,DAL,WAS,Dak Prescott,00-0033077,QB,car,2.864,0.0,1.0,2.0,4.0,6.0
2025_17_DAL_WAS,DAL,WAS,Dak Prescott,00-0033077,QB,rush_yds,12.036,-1.0,0.0,8.508,18.447,30.725
2025_17_DAL_WAS,DAL,WAS,Dak Prescott,00-0033077,QB,tgt,0.001,0.0,0.0,0.0,0.0,0.0
2025_17_DAL_WAS,DAL,WAS,Dak Prescott,00-0033077,QB,rec,0.001,0.0,0.0,0.0,0.0,0.0
2025_17_DAL_WAS,DAL,WAS,Dak Prescott,00-0033077,QB,rec_yds,0.003,0.0,0.0,0.0,0.0,0.0
2025_17_DAL_WAS,DAL,WAS,Dak Prescott,00-0033077,QB,anytime_td,0.145,0.0,0.0,0.0,0.0,1.0
2025_17_DAL_WAS,DAL,WAS,CeeDee Lamb,00-0036358,WR,car,0.131,0.0,0.0,0.0,0.0,0.0
2025_17_DAL_WAS,DAL,WAS,CeeDee Lamb,00-0036358,WR,rush_yds,0.85,0.0,0.0,0.0,0.0,0.0
2025_17_DAL_WAS,DAL,WAS,CeeDee Lamb,00-0036358,WR,tgt,8.162,4.0,6.0,8.0,10.0,13.0
2025_17_DAL_WAS,DAL,WAS,CeeDee Lamb,00-0036358,WR,rec,5.538,2.0,4.0,5.0,7.0,9.0
2025_17_DAL_WAS,DAL,WAS,CeeDee Lamb,00-0036358,WR,rec_yds,75.017,22.603,42.252,68.622,100.777,136.935
2025_17_DAL_WAS,DAL,WAS,CeeDee Lamb,00-0036358,WR,anytime_td,0.293,0.0,0.0,0.0,1.0,1.0
2025_17_DAL_WAS,DAL,WAS,George Pickens,00-0037247,WR,car,0.011,0.0,0.0,0.0,0.0,0.0
2025_17_DAL_WAS,DAL,WAS,George Pickens,00-0037247,WR,rush_yds,0.036,0.0,0.0,0.0,0.0,0.0
2025_17_DAL_WAS,DAL,WAS,George Pickens,00-0037247,WR,tgt,8.335,4.0,6.0,8.0,11.0,13.0
2025_17_DAL_WAS,DAL,WAS,George Pickens,00-0037247,WR,rec,5.702,2.0,4.0,5.0,7.0,10.0
2025_17_DAL_WAS,DAL,WAS,George Pickens,00-0037247,WR,rec_yds,79.054,24.859,45.236,72.496,106.405,141.455
2025_17_DAL_WAS,DAL,WAS,George Pickens,00-0037247,WR,anytime_td,0.371,0.0,0.0,0.0,1.0,1.0
2025_17_DAL_WAS,DAL,WAS,Jalen Tolbert,00-0037666,WR,car,0.005,0.0,0.0,0.0,0.0,0.0
2025_17_DAL_WAS,DAL,WAS,Jalen Tolbert,00-0037666,WR,rush_yds,0.031,0.0,0.0,0.0,0.0,0.0
2025_17_DAL_WAS,DAL,WAS,Jalen Tolbert,00-0037666,WR,tgt,1.902,0.0,1.0,2.0,3.0,4.0
2025_17_DAL_WAS,DAL,WAS,Jalen Tolbert,00-0037666,WR,rec,1.216,0.0,0.0,1.0,2.0,3.0
2025_17_DAL_WAS,DAL,WAS,Jalen Tolbert,00-0037666,WR,rec_yds,15.421,0.0,0.0,8.226,23.719,43.445
2025_17_DAL_WAS,DAL,WAS,Jalen Tolbert,00-0037666,WR,anytime_td,0.102,0.0,0.0,0.0,0.0,1.0
2025_17_DAL_WAS,DAL,WAS,Brevyn Spann-Ford,00-0039530,TE,car,0.003,0.0,0.0,0.0,0.0,0.0
2025_17_DAL_WAS,DAL,WAS,Brevyn Spann-Ford,00-0039530,TE,rush_yds,0.014,0.0,0.0,0.0,0.0,0.0
2025_17_DAL_WAS,DAL,WAS,Brevyn Spann-Ford,00-0039530,TE,tgt,0.577,0.0,0.0,0.0,1.0,2.0
2025_17_DAL_WAS,DAL,WAS,Brevyn Spann-Ford,00-0039530,TE,rec,0.425,0.0,0.0,0.0,1.0,1.0
2025_17_DAL_WAS,DAL,WAS,Brevyn Spann-Ford,00-0039530,TE,rec_yds,4.271,0.0,0.0,0.0,4.177,16.653
2025_17_DAL_WAS,DAL,WAS,Brevyn Spann-Ford,00-0039530,TE,anytime_td,0.052,0.0,0.0,0.0,0.0,0.0
2025_17_DAL_WAS,DAL,WAS,Malik Davis,00-0037563,RB,car,4.556,1.0,2.0,4.0,6.0,10.0
2025_17_DAL_WAS,DAL,WAS,Malik Davis,00-0037563,RB,rush_yds,20.317,0.0,4.767,13.854,28.639,48.578
2025_17_DAL_WAS,DAL,WAS,Malik Davis,00-0037563,RB,tgt,0.481,0.0,0.0,0.0,1.0,2.0
2025_17_DAL_WAS,DAL,WAS,Malik Davis,00-0037563,RB,rec,0.393,0.0,0.0,0.0,1.0,1.0
2025_17_DAL_WAS,DAL,WAS,Malik Davis,00-0037563,RB,rec_yds,2.906,0.0,0.0,0.0,0.0,10.656
2025_17_DAL_WAS,DAL,WAS,Malik Davis,00-0037563,RB,anytime_td,0.218,0.0,0.0,0.0,0.0,1.0
2025_17_DAL_WAS,DAL,WAS,Luke Schoonmaker,00-0038547,TE,car,0.003,0.0,0.0,0.0,0.0,0.0
2025_17_DAL_WAS,DAL,WAS,Luke Schoonmaker,00-0038547,TE,rush_yds,0.004,0.0,0.0,0.0,0.0,0.0
2025_17_DAL_WAS,DAL,WAS,Luke Schoonmaker,00-0038547,TE,tgt,1.174,0.0,0.0,1.0,2.0,3.0
2025_17_DAL_WAS,DAL,WAS,Luke Schoonmaker,00-0038547,TE,rec,0.849,0.0,0.0,1.0,1.0,2.0
2025_17_DAL_WAS,DAL,WAS,Luke Schoonmaker,00-0038547,TE,rec_yds,8.972,0.0,0.0,0.0,13.862,28.291
2025_17_DAL_WAS,DAL,WAS,Luke Schoonmaker,00-0038547,TE,anytime_td,0.012,0.0,0.0,0.0,0.0,0.0
2025_17_DAL_WAS,DAL,WAS,Hunter Luepke,00-0038738,RB,car,0.92,0.0,0.0,0.0,1.0,3.0
2025_17_DAL_WAS,DAL,WAS,Hunter Luepke,00-0038738,RB,rush_yds,4.029,0.0,0.0,0.0,3.967,13.662
2025_17_DAL_WAS,DAL,WAS,Hunter Luepke,00-0038738,RB,tgt,1.019,0.0,0.0,1.0,2.0,3.0
2025_17_DAL_WAS,DAL,WAS,Hunter Luepke,00-0038738,RB,rec,0.841,0.0,0.0,0.0,1.0,2.0
2025_17_DAL_WAS,DAL,WAS,Hunter Luepke,00-0038738,RB,rec_yds,6.474,0.0,0.0,0.0,9.192,20.654
2025_17_DAL_WAS,DAL,WAS,Hunter Luepke,00-0038738,RB,anytime_td,0.059,0.0,0.0,0.0,0.0,0.0
2025_17_DAL_WAS,DAL,WAS,Jake Ferguson,00-0038041,TE,car,0.084,0.0,0.0,0.0,0.0,0.0
2025_17_DAL_WAS,DAL,WAS,Jake Ferguson,00-0038041,TE,rush_yds,0.185,0.0,0.0,0.0,0.0,0.0
2025_17_DAL_WAS,DAL,WAS,Jake Ferguson,00-0038041,TE,tgt,5.312,2.0,3.0,5.0,7.0,9.0
2025_17_DAL_WAS,DAL,WAS,Jake Ferguson,00-0038041,TE,rec,4.106,1.0,2.0,4.0,5.0,7.0
2025_17_DAL_WAS,DAL,WAS,Jake Ferguson,00-0038041,TE,rec_yds,37.373,7.955,18.03,32.781,51.303,72.36
2025_17_DAL_WAS,DAL,WAS,Jake Ferguson,00-0038041,TE,anytime_td,0.264,0.0,0.0,0.0,1.0,1.0
2025_17_DAL_WAS,DAL,WAS,Javonte Williams,00-0036997,RB,car,16.246,8.0,12.0,16.0,20.0,25.0
2025_17_DAL_WAS,DAL,WAS,Javonte Williams,00-0036997,RB,rush_yds,76.238,28.851,45.058,68.209,98.567,133.832
2025_17_DAL_WAS,DAL,WAS,Javonte Williams,00-0036997,RB,tgt,2.588,0.0,1.0,2.0,4.0,5.0
2025_17_DAL_WAS,DAL,WAS,Javonte Williams,00-0036997,RB,rec,2.02,0.0,1.0,2.0,3.0,4.0
2025_17_DAL_WAS,DAL,WAS,Javonte Williams,00-0036997,RB,rec_yds,12.658,0.0,0.88,8.393,18.56,32.487
2025_17_DAL_WAS,DAL,WAS,Javonte Williams,00-0036997,RB,anytime_td,0.503,0.0,0.0,1.0,1.0,1.0
2025_17_DAL_WAS,DAL,WAS,KaVontae Turpin,00-0037801,WR,car,1.367,0.0,0.0,1.0,2.0,4.0
2025_17_DAL_WAS,DAL,WAS,KaVontae Turpin,00-0037801,WR,rush_yds,7.956,0.0,0.0,0.0,10.158,25.828
2025_17_DAL_WAS,DAL,WAS,KaVontae Turpin,00-0037801,WR,tgt,2.609,0.0,1.0,2.0,4.0,5.0
2025_17_DAL_WAS,DAL,WAS,KaVontae Turpin,00-0037801,WR,rec,1.736,0.0,1.0,1.0,3.0,4.0
2025_17_DAL_WAS,DAL,WAS,KaVontae Turpin,00-0037801,WR,rec_yds,21.251,0.0,1.904,15.143,31.866,52.894
2025_17_DAL_WAS,DAL,WAS,KaVontae Turpin,00-0037801,WR,anytime_td,0.094,0.0,0.0,0.0,0.0,0.0
2025_17_DAL_WAS,DAL,WAS,Jonathan Mingo,00-0039062,WR,car,0.02,0.0,0.0,0.0,0.0,0.0
2025_17_DAL_WAS,DAL,WAS,Jonathan Mingo,00-0039062,WR,rush_yds,0.121,0.0,0.0,0.0,0.0,0.0
2025_17_DAL_WAS,DAL,WAS,Jonathan Mingo,00-0039062,WR,tgt,1.281,0.0,0.0,1.0,2.0,3.0
2025_17_DAL_WAS,DAL,WAS,Jonathan Mingo,00-0039062,WR,rec,0.806,0.0,0.0,1.0,1.0,2.0
2025_17_DAL_WAS,DAL,WAS,Jonathan Mingo,00-0039062,WR,rec_yds,10.181,0.0,0.0,0.0,15.134,31.593
2025_17_DAL_WAS,DAL,WAS,Jonathan Mingo,00-0039062,WR,anytime_td,0.021,0.0,0.0,0.0,0.0,0.0
2025_17_DEN_KC,KC,DEN,Chris Oladokun,00-0037324,QB,att,31.734,21.0,27.0,33.0,38.0,43.0
2025_17_DEN_KC,KC,DEN,Chris Oladokun,00-0037324,QB,cmp,19.586,12.0,16.0,20.0,24.0,27.0
2025_17_DEN_KC,KC,DEN,Chris Oladokun,00-0037324,QB,pass_yds,216.655,127.556,172.444,217.335,263.705,309.836
2025_17_DEN_KC,KC,DEN,Chris Oladokun,00-0037324,QB,pass_td,1.39,0.0,1.0,1.0,2.0,3.0
2025_17_DEN_KC,KC,DEN,Chris Oladokun,00-0037324,QB,ints,0.708,0.0,0.0,0.0,1.0,2.0
2025_17_DEN_KC,KC,DEN,Chris Oladokun,00-0037324,QB,car,3.345,1.0,2.0,3.0,5.0,6.0
2025_17_DEN_KC,KC,DEN,Chris Oladokun,00-0037324,QB,rush_yds,17.36,0.0,4.805,13.455,25.909,39.381
2025_17_DEN_KC,KC,DEN,Chris Oladokun,00-0037324,QB,tgt,0.0,0.0,0.0,0.0,0.0,0.0
2025_17_DEN_KC,KC,DEN,Chris Oladokun,00-0037324,QB,rec,0.0,0.0,0.0,0.0,0.0,0.0
2025_17_DEN_KC,KC,DEN,Chris Oladokun,00-0037324,QB,rec_yds,0.0,0.0,0.0,0.0,0.0,0.0
2025_17_DEN_KC,KC,DEN,Chris Oladokun,00-0037324,QB,anytime_td,0.023,0.0,0.0,0.0,0.0,0.0
2025_17_DEN_KC,KC,DEN,Travis Kelce,00-0030506,TE,car,0.068,0.0,0.0,0.0,0.0,0.0
2025_17_DEN_KC,KC,DEN,Travis Kelce,00-0030506,TE,rush_yds,0.144,0.0,0.0,0.0,0.0,0.0
2025_17_DEN_KC,KC,DEN,Travis Kelce,00-0030506,TE,tgt,8.541,4.0,6.0,8.0,11.0,13.0
2025_17_DEN_KC,KC,DEN,Travis Kelce,00-0030506,TE,rec,5.584,2.0,4.0,5.0,7.0,9.0
2025_17_DEN_KC,KC,DEN,Travis Kelce,00-0030506,TE,rec_yds,61.97,20.312,35.85,57.178,83.375,109.622
2025_17_DEN_KC,KC,DEN,Travis Kelce,00-0030506,TE,anytime_td,0.251,0.0,0.0,0.0,1.0,1.0
2025_17_DEN_KC,KC,DEN,JuJu Smith-Schuster,00-0033857,WR,car,0.009,0.0,0.0,0.0,0.0,0.0
2025_17_DEN_KC,KC,DEN,JuJu Smith-Schuster,00-0033857,WR,rush_yds,0.05,0.0,0.0,0.0,0.0,0.0
2025_17_DEN_KC,KC,DEN,JuJu Smith-Schuster,00-0033857,WR,tgt,2.997,1.0,1.0,3.0,4.0,6.0
2025_17_DEN_KC,KC,DEN,JuJu Smith-Schuster,00-0033857,WR,rec,1.731,0.0,1.0,1.0,3.0,4.0
2025_17_DEN_KC,KC,DEN,JuJu Smith-Schuster,00-0033857,WR,rec_yds,21.736,0.0,2.231,15.394,33.06,54.026
2025_17_DEN_KC,KC,DEN,JuJu Smith-Schuster,00-0033857,WR,anytime_td,0.066,0.0,0.0,0.0,0.0,0.0
2025_17_DEN_KC,KC,DEN,Xavier Worthy,00-0039894,WR,car,0.621,0.0,0.0,0.0,1.0,2.0
2025_17_DEN_KC,KC,DEN,Xavier Worthy,00-0039894,WR,rush_yds,3.388,0.0,0.0,0.0,0.0,11.965
2025_17_DEN_KC,KC,DEN,Xavier Worthy,00-0039894,WR,tgt,6.677,3.0,4.0,6.0,9.0,11.0
2025_17_DEN_KC,KC,DEN,Xavier Worthy,00-0039894,WR,rec,3.951,1.0,2.0,4.0,5.0,7.0
2025_17_DEN_KC,KC,DEN,Xavier Worthy,00-0039894,WR,rec_yds,53.51,10.885,24.691,46.491,74.947,103.413
2025_17_DEN_KC,KC,DEN,Xavier Worthy,00-0039894,WR,anytime_td,0.126,0.0,0.0,0.0,0.0,1.0
2025_17_DEN_KC,KC,DEN,Marquise Brown,00-0035662,WR,car,0.009,0.0,0.0,0.0,0.0,0.0
2025_17_DEN_KC,KC,DEN,Marquise Brown,00-0035662,WR,rush_yds,0.049,0.0,0.0,0.0,0.0,0.0
2025_17_DEN_KC,KC,DEN,Marquise Brown,00-0035662,WR,tgt,4.522,1.0,2.0,4.0,6.0,8.0
2025_17_DEN_KC,KC,DEN,Marquise Brown,00-0035662,WR,rec,2.843,1.0,1.0,2.0,4.0,6.0
2025_17_DEN_KC,KC,DEN,Marquise Brown,00-0035662,WR,rec_yds,36.827,1.205,13.019,30.496,53.555,78.955
2025_17_DEN_KC,KC,DEN,Marquise Brown,00-0035662,WR,anytime_td,0.209,0.0,0.0,0.0,0.0,1.0
2025_17_DEN_KC,KC,DEN,Kareem Hunt,00-0033923,RB,car,9.725,4.0,6.0,9.0,13.0,17.0
2025_17_DEN_KC,KC,DEN,Kareem Hunt,00-0033923,RB,rush_yds,35.701,7.959,16.982,29.899,48.455,70.572
2025_17_DEN_KC,KC,DEN,Kareem Hunt,00-0033923,RB,tgt,1.72,0.0,0.0,1.0,3.0,4.0
2025_17_DEN_KC,KC,DEN,Kareem Hunt,00-0033923,RB,rec,1.218,0.0,0.0,1.0,2.0,3.0
2025_17_DEN_KC,KC,DEN,Kareem Hunt,00-0033923,RB,rec_yds,9.524,0.0,0.0,4.19,14.451,27.217
2025_17_DEN_KC,KC,DEN,Kareem Hunt,00-0033923,RB,anytime_td,0.351,0.0,0.0,0.0,1.0,1.0
2025_17_DEN_KC,KC,DEN,Noah Gray,00-0036637,TE,car,0.002,0.0,0.0,0.0,0.0,0.0
2025_17_DEN_KC,KC,DEN,Noah Gray,00-0036637,TE,rush_yds,0.01,0.0,0.0,0.0,0.0,0.0
2025_17_DEN_KC,KC,DEN,Noah Gray,00-0036637,TE,tgt,2.508,0.0,1.0,2.0,4.0,5.0
2025_17_DEN_KC,KC,DEN,Noah Gray,00-0036637,TE,rec,1.608,0.0,0.0,1.0,2.0,4.0
2025_17_DEN_KC,KC,DEN,Noah Gray,00-0036637,TE,rec_yds,16.708,0.0,0.0,11.326,25.445,42.457
2025_17_DEN_KC,KC,DEN,Noah Gray,00-0036637,TE,anytime_td,0.041,0.0,0.0,0.0,0.0,0.0
2025_17_DEN_KC,KC,DEN,Isiah Pacheco,00-0037197,RB,car,8.739,3.0,5.0,8.0,11.0,16.0
2025_17_DEN_KC,KC,DEN,Isiah Pacheco,00-0037197,RB,rush_yds,33.633,6.414,14.61,27.534,45.748,68.889
2025_17_DEN_KC,KC,DEN,Isiah Pacheco,00-0037197,RB,tgt,2.853,0.0,1.0,3.0,4.0,6.0
2025_17_DEN_KC,KC,DEN,Isiah Pacheco,00-0037197,RB,rec,2.1,0.0,1.0,2.0,3.0,4.0
2025_17_DEN_KC,KC,DEN,Isiah Pacheco,00-0037197,RB,rec_yds,14.935,0.0,2.052,10.241,22.274,36.164
2025_17_DEN_KC,KC,DEN,Isiah Pacheco,00-0037197,RB,anytime_td,0.201,0.0,0.0,0.0,0.0,1.0
2025_17_DEN_KC,KC,DEN,Brashard Smith,00-0040078,RB,car,1.87,0.0,0.0,1.0,3.0,5.0
2025_17_DEN_KC,KC,DEN,Brashard Smith,00-0040078,RB,rush_yds,7.251,0.0,0.0,2.476,9.854,20.672
2025_17_DEN_KC,KC,DEN,Brashard Smith,00-0040078,RB,tgt,1.857,0.0,1.0,1.0,3.0,4.0
2025_17_DEN_KC,KC,DEN,Brashard Smith,00-0040078,RB,rec,1.359,0.0,0.0,1.0,2.0,3.0
2025_17_DEN_KC,KC,DEN,Brashard Smith,00-0040078,RB,rec_yds,10.408,0.0,0.0,5.419,15.419,29.55
2025_17_DEN_KC,KC,DEN,Brashard Smith,00-0040078,RB,anytime_td,0.052,0.0,0.0,0.0,0.0,0.0
2025_17_DEN_KC,KC,DEN,Jared Wiley,00-0039824,TE,car,0.001,0.0,0.0,0.0,0.0,0.0
2025_17_DEN_KC,KC,DEN,Jared Wiley,00-0039824,TE,rush_yds,0.001,0.0,0.0,0.0,0.0,0.0
2025_17_DEN_KC,KC,DEN,Jared Wiley,00-0039824,TE,tgt,0.618,0.0,0.0,0.0,1.0,2.0
2025_17_DEN_KC,KC,DEN,Jared Wiley,00-0039824,TE,rec,0.419,0.0,0.0,0.0,1.0,1.0
2025_17_DEN_KC,KC,DEN,Jared Wiley,00-0039824,TE,rec_yds,4.338,0.0,0.0,0.0,4.47,15.915
2025_17_DEN_KC,KC,DEN,Jared Wiley,00-0039824,TE,anytime_td,0.009,0.0,0.0,0.0,0.0,0.0
2025_17_DEN_KC,DEN,KC,Bo Nix,00-0039732,QB,att,32.769,23.0,28.0,33.0,38.0,43.0
2025_17_DEN_KC,DEN,KC,Bo Nix,00-0039732,QB,cmp,21.142,14.0,18.0,21.0,25.0,29.0
2025_17_DEN_KC,DEN,KC,Bo Nix,00-0039732,QB,pass_yds,225.03,138.068,180.538,225.015,272.357,319.657
2025_17_DEN_KC,DEN,KC,Bo Nix,00-0039732,QB,pass_td,1.329,0.0,0.0,1.0,2.0,3.0
2025_17_DEN_KC,DEN,KC,Bo Nix,00-0039732,QB,ints,0.645,0.0,0.0,0.0,1.0,2.0
2025_17_DEN_KC,DEN,KC,Bo Nix,00-0039732,QB,car,4.097,1.0,2.0,4.0,6.0,8.0
2025_17_DEN_KC,DEN,KC,Bo Nix,00-0039732,QB,rush_yds,16.279,0.0,3.242,12.053,24.76,38.598
2025_17_DEN_KC,DEN,KC,Bo Nix,00-0039732,QB,tgt,0.001,0.0,0.0,0.0,0.0,0.0
2025_17_DEN_KC,DEN,KC,Bo Nix,00-0039732,QB,rec,0.001,0.0,0.0,0.0,0.0,0.0
2025_17_DEN_KC,DEN,KC,Bo Nix,00-0039732,QB,rec_yds,0.008,0.0,0.0,0.0,0.0,0.0
2025_17_DEN_KC,DEN,KC,Bo Nix,00-0039732,QB,anytime_td,0.165,0.0,0.0,0.0,0.0,1.0
2025_17_DEN_KC,DEN,KC,Courtland Sutton,00-0034348,WR,car,0.008,0.0,0.0,0.0,0.0,0.0
2025_17_DEN_KC,DEN,KC,Courtland Sutton,00-0034348,WR,rush_yds,0.055,0.0,0.0,0.0,0.0,0.0
2025_17_DEN_KC,DEN,KC,Courtland Sutton,00-0034348,WR,tgt,8.035,4.0,5.0,8.0,10.0,13.0
2025_17_DEN_KC,DEN,KC,Courtland Sutton,00-0034348,WR,rec,4.935,2.0,3.0,5.0,7.0,8.0
2025_17_DEN_KC,DEN,KC,Courtland Sutton,00-0034348,WR,rec_yds,63.593,18.556,34.19,57.741,86.553,117.131
2025_17_DEN_KC,DEN,KC,Courtland Sutton,00-0034348,WR,anytime_td,0.333,0.0,0.0,0.0,1.0,1.0
2025_17_DEN_KC,DEN,KC,Adam Trautman,00-0036422,TE,car,0.002,0.0,0.0,0.0,0.0,0.0
2025_17_DEN_KC,DEN,KC,Adam Trautman,00-0036422,TE,rush_yds,0.004,0.0,0.0,0.0,0.0,0.0
2025_17_DEN_KC,DEN,KC,Adam Trautman,00-0036422,TE,tgt,1.568,0.0,0.0,1.0,2.0,4.0
2025_17_DEN_KC,DEN,KC,Adam Trautman,00-0036422,TE,rec,1.145,0.0,0.0,1.0,2.0,3.0
2025_17_DEN_KC,DEN,KC,Adam Trautman,00-0036422,TE,rec_yds,11.279,0.0,0.0,6.092,17.217,31.7
2025_17_DEN_KC,DEN,KC,Adam Trautman,00-0036422,TE,anytime_td,0.037,0.0,0.0,0.0,0.0,0.0
2025_17_DEN_KC,DEN,KC,RJ Harvey,00-0040730,RB,car,11.328,5.0,7.0,11.0,15.0,19.0
2025_17_DEN_KC,DEN,KC,RJ Harvey,00-0040730,RB,rush_yds,44.233,12.633,22.2,38.262,59.955,84.812
2025_17_DEN_KC,DEN,KC,RJ Harvey,00-0040730,RB,tgt,3.311,1.0,2.0,3.0,5.0,6.0
2025_17_DEN_KC,DEN,KC,RJ Harvey,00-0040730,RB,rec,2.654,0.0,1.0,2.0,4.0,5.0
2025_17_DEN_KC,DEN,KC,RJ Harvey,00-0040730,RB,rec_yds,20.559,0.0,5.499,15.492,30.172,47.627
2025_17_DEN_KC,DEN,KC,RJ Harvey,00-0040730,RB,anytime_td,0.42,0.0,0.0,0.0,1.0,1.0
2025_17_DEN_KC,DEN,KC,Lil'Jordan Humphrey,00-0035406,WR,car,0.012,0.0,0.0,0.0,0.0,0.0
2025_17_DEN_KC,DEN,KC,Lil'Jordan Humphrey,00-0035406,WR,rush_yds,0.089,0.0,0.0,0.0,0.0,0.0
2025_17_DEN_KC,DEN,KC,Lil'Jordan Humphrey,00-0035406,WR,tgt,2.28,0.0,1.0,2.0,3.0,5.0
2025_17_DEN_KC,DEN,KC,Lil'Jordan Humphrey,00-0035406,WR,rec,1.441,0.0,0.0,1.0,2.0,3.0
2025_17_DEN_KC,DEN,KC,Lil'Jordan Humphrey,00-0035406,WR,rec_yds,17.393,0.0,0.0,10.479,25.797,46.417
2025_17_DEN_KC,DEN,KC,Lil'Jordan Humphrey,00-0035406,WR,anytime_td,0.138,0.0,0.0,0.0,0.0,1.0
2025_17_DEN_KC,DEN,KC,Marvin Mims Jr.,00-0038976,WR,car,1.254,0.0,0.0,0.0,2.0,4.0
2025_17_DEN_KC,DEN,KC,Marvin Mims Jr.,00-0038976,WR,rush_yds,6.676,0.0,0.0,0.0,8.177,22.304
2025_17_DEN_KC,DEN,KC,Marvin Mims Jr.,00-0038976,WR,tgt,3.19,1.0,2.0,3.0,4.0,6.0
2025_17_DEN_KC,DEN,KC,Marvin Mims Jr.,00-0038976,WR,rec,2.168,0.0,1.0,2.0,3.0,4.0
2025_17_DEN_KC,DEN,KC,Marvin Mims Jr.,00-0038976,WR,rec_yds,24.437,0.0,6.062,18.233,36.698,55.68
2025_17_DEN_KC,DEN,KC,Marvin Mims Jr.,00-0038976,WR,anytime_td,0.103,0.0,0.0,0.0,0.0,1.0
2025_17_DEN_KC,DEN,KC,Troy Franklin,00-0039868,WR,car,0.372,0.0,0.0,0.0,0.0,1.0
2025_17_DEN_KC,DEN,KC,Troy Franklin,00-0039868,WR,rush_yds,2.035,0.0,0.0,0.0,0.0,5.593
2025_17_DEN_KC,DEN,KC,Troy Franklin,00-0039868,WR,tgt,6.052,2.0,4.0,6.0,8.0,10.0
2025_17_DEN_KC,DEN,KC,Troy Franklin,00-0039868,WR,rec,3.876,1.0,2.0,4.0,5.0,7.0
2025_17_DEN_KC,DEN,KC,Troy Franklin,00-0039868,WR,rec_yds,46.228,9.249,21.59,40.024,64.898,90.085
2025_17_DEN_KC,DEN,KC,Troy Franklin,00-0039868,WR,anytime_td,0.258,0.0,0.0,0.0,1.0,1.0
2025_17_DEN_KC,DEN,KC,Evan Engram,00-0033881,TE,car,0.061,0.0,0.0,0.0,0.0,0.0
2025_17_DEN_KC,DEN,KC,Evan Engram,00-0033881,TE,rush_yds,0.138,0.0,0.0,0.0,0.0,0.0
2025_17_DEN_KC,DEN,KC,Evan Engram,00-0033881,TE,tgt,4.522,1.0,3.0,4.0,6.0,8.0
2025_17_DEN_KC,DEN,KC,Evan Engram,00-0033881,TE,rec,3.013,1.0,1.0,3.0,4.0,6.0
2025_17_DEN_KC,DEN,KC,Evan Engram,00-0033881,TE,rec_yds,29.661,1.964,10.91,25.159,42.449,62.715
2025_17_DEN_KC,DEN,KC,Evan Engram,00-0033881,TE,anytime_td,0.071,0.0,0.0,0.0,0.0,0.0
2025_17_DEN_KC,DEN,KC,Adam Prentice,00-0036727,RB,car,0.964,0.0,0.0,0.0,1.0,3.0
2025_17_DEN_KC,DEN,KC,Adam Prentice,00-0036727,RB,rush_yds,4.091,0.0,0.0,0.0,4.017,13.561
2025_17_DEN_KC,DEN,KC,Adam Prentice,00-0036727,RB,tgt,0.629,0.0,0.0,0.0,1.0,2.0
2025_17_DEN_KC,DEN,KC,Adam Prentice,00-0036727,RB,rec,0.502,0.0,0.0,0.0,1.0,2.0
2025_17_DEN_KC,DEN,KC,Adam Prentice,00-0036727,RB,rec_yds,3.53,0.0,0.0,0.0,3.684,12.695
2025_17_DEN_KC,DEN,KC,Adam Prentice,00-0036727,RB,anytime_td,0.025,0.0,0.0,0.0,0.0,0.0
2025_17_DEN_KC,DEN,KC,Jaleel McLaughlin,00-0038794,RB,car,5.88,1.0,3.0,5.0,8.0,12.0
2025_17_DEN_KC,DEN,KC,Jaleel McLaughlin,00-0038794,RB,rush_yds,24.041,1.801,7.486,18.193,33.941,53.634
2025_17_DEN_KC,DEN,KC,Jaleel McLaughlin,00-0038794,RB,tgt,0.811,0.0,0.0,0.0,1.0,2.0
2025_17_DEN_KC,DEN,KC,Jaleel McLaughlin,00-0038794,RB,rec,0.631,0.0,0.0,0.0,1.0,2.0
2025_17_DEN_KC,DEN,KC,Jaleel McLaughlin,00-0038794,RB,rec_yds,4.289,0.0,0.0,0.0,5.622,14.778
2025_17_DEN_KC,DEN,KC,Jaleel McLaughlin,00-0038794,RB,anytime_td,0.115,0.0,0.0,0.0,0.0,1.0
2025_17_DEN_KC,DEN,KC,Tyler Badie,00-0037085,RB,car,0.959,0.0,0.0,0.0,1.0,3.0
2025_17_DEN_KC,DEN,KC,Tyler Badie,00-0037085,RB,rush_yds,3.821,0.0,0.0,0.0,3.591,12.646
2025_17_DEN_KC,DEN,KC,Tyler Badie,00-0037085,RB,tgt,1.916,0.0,1.0,1.0,3.0,4.0
2025_17_DEN_KC,DEN,KC,Tyler Badie,00-0037085,RB,rec,1.418,0.0,0.0,1.0,2.0,3.0
2025_17_DEN_KC,DEN,KC,Tyler Badie,00-0037085,RB,rec_yds,9.655,0.0,0.0,5.065,14.383,27.071
2025_17_DEN_KC,DEN,KC,Tyler Badie,00-0037085,RB,anytime_td,0.033,0.0,0.0,0.0,0.0,0.0
2025_17_DEN_KC,DEN,KC,Michael Bandy,00-0036959,WR,car,0.015,0.0,0.0,0.0,0.0,0.0
2025_17_DEN_KC,DEN,KC,Michael Bandy,00-0036959,WR,rush_yds,0.091,0.0,0.0,0.0,0.0,0.0
2025_17_DEN_KC,DEN,KC,Michael Bandy,00-0036959,WR,tgt,0.944,0.0,0.0,1.0,1.0,3.0
2025_17_DEN_KC,DEN,KC,Michael Bandy,00-0036959,WR,rec,0.607,0.0,0.0,0.0,1.0,2.0
2025_17_DEN_KC,DEN,KC,Michael Bandy,00-0036959,WR,rec_yds,7.742,0.0,0.0,0.0,10.347,25.926
2025_17_DEN_KC,DEN,KC,Michael Bandy,00-0036959,WR,anytime_td,0.089,0.0,0.0,0.0,0.0,0.0
2025_17_DET_MIN,MIN,DET,Max Brosmer,00-0040494,QB,att,31.225,21.0,27.0,32.0,37.0,42.0
2025_17_DET_MIN,MIN,DET,Max Brosmer,00-0040494,QB,cmp,19.231,12.0,16.0,19.0,23.0,27.0
2025_17_DET_MIN,MIN,DET,Max Brosmer,00-0040494,QB,pass_yds,203.481,121.76,160.996,202.136,248.248,290.31
2025_17_DET_MIN,MIN,DET,Max Brosmer,00-0040494,QB,pass_td,1.18,0.0,0.0,1.0,2.0,3.0
2025_17_DET_MIN,MIN,DET,Max Brosmer,00-0040494,QB,ints,0.878,0.0,0.0,1.0,1.0,2.0
2025_17_DET_MIN,MIN,DET,Max Brosmer,00-0040494,QB,car,1.748,0.0,1.0,1.0,3.0,4.0
2025_17_DET_MIN,MIN,DET,Max Brosmer,00-0040494,QB,rush_yds,8.55,-1.0,0.0,3.991,13.966,23.945
2025_17_DET_MIN,MIN,DET,Max Brosmer,00-0040494,QB,tgt,0.0,0.0,0.0,0.0,0.0,0.0
2025_17_DET_MIN,MIN,DET,Max Brosmer,00-0040494,QB,rec,0.0,0.0,0.0,0.0,0.0,0.0
2025_17_DET_MIN,MIN,DET,Max Brosmer,00-0040494,QB,rec_yds,0.001,0.0,0.0,0.0,0.0,0.0
2025_17_DET_MIN,MIN,DET,Max Brosmer,00-0040494,QB,anytime_td,0.004,0.0,0.0,0.0,0.0,0.0
2025_17_DET_MIN,MIN,DET,Justin Jefferson,00-0036322,WR,car,0.036,0.0,0.0,0.0,0.0,0.0
2025_17_DET_MIN,MIN,DET,Justin Jefferson,00-0036322,WR,rush_yds,0.175,0.0,0.0,0.0,0.0,0.0
2025_17_DET_MIN,MIN,DET,Justin Jefferson,00-0036322,WR,tgt,11.303,6.0,8.0,11.0,14.0,17.0
2025_17_DET_MIN,MIN,DET,Justin Jefferson,00-0036322,WR,rec,6.748,3.0,5.0,6.0,9.0,11.0
2025_17_DET_MIN,MIN,DET,Justin Jefferson,00-0036322,WR,rec_yds,77.044,30.413,47.16,72.383,99.955,130.874
2025_17_DET_MIN,MIN,DET,Justin Jefferson,00-0036322,WR,anytime_td,0.18,0.0,0.0,0.0,0.0,1.0
2025_17_DET_MIN,MIN,DET,Josh Oliver,00-0035249,TE,car,0.002,0.0,0.0,0.0,0.0,0.0
2025_17_DET_MIN,MIN,DET,Josh Oliver,00-0035249,TE,rush_yds,0.008,0.0,0.0,0.0,0.0,0.0
2025_17_DET_MIN,MIN,DET,Josh Oliver,00-0035249,TE,tgt,1.97,0.0,1.0,2.0,3.0,4.0
2025_17_DET_MIN,MIN,DET,Josh Oliver,00-0035249,TE,rec,1.469,0.0,0.0,1.0,2.0,3.0
2025_17_DET_MIN,MIN,DET,Josh Oliver,00-0035249,TE,rec_yds,14.21,0.0,0.0,8.887,22.086,36.393
2025_17_DET_MIN,MIN,DET,Josh Oliver,00-0035249,TE,anytime_td,0.184,0.0,0.0,0.0,0.0,1.0
2025_17_DET_MIN,MIN,DET,Jordan Addison,00-0038994,WR,car,0.101,0.0,0.0,0.0,0.0,0.0
2025_17_DET_MIN,MIN,DET,Jordan Addison,00-0038994,WR,rush_yds,0.531,0.0,0.0,0.0,0.0,0.0
2025_17_DET_MIN,MIN,DET,Jordan Addison,00-0038994,WR,tgt,8.02,4.0,6.0,8.0,10.0,13.0
2025_17_DET_MIN,MIN,DET,Jordan Addison,00-0038994,WR,rec,4.812,2.0,3.0,5.0,6.0,8.0
2025_17_DET_MIN,MIN,DET,Jordan Addison,00-0038994,WR,rec_yds,59.519,16.237,31.568,54.106,81.321,108.913
2025_17_DET_MIN,MIN,DET,Jordan Addison,00-0038994,WR,anytime_td,0.217,0.0,0.0,0.0,0.0,1.0
2025_17_DET_MIN,MIN,DET,Aaron Jones,00-0033293,RB,car,16.013,9.0,12.0,16.0,20.0,24.0
2025_17_DET_MIN,MIN,DET,Aaron Jones,00-0033293,RB,rush_yds,66.6,24.865,38.47,59.797,86.262,117.56
2025_17_DET_MIN,MIN,DET,Aaron Jones,00-0033293,RB,tgt,4.658,1.0,3.0,4.0,6.0,8.0
2025_17_DET_MIN,MIN,DET,Aaron Jones,00-0033293,RB,rec,3.588,1.0,2.0,3.0,5.0,7.0
2025_17_DET_MIN,MIN,DET,Aaron Jones,00-0033293,RB,rec_yds,23.714,1.977,8.863,19.767,33.906,49.639
2025_17_DET_MIN,MIN,DET,Aaron Jones,00-0033293,RB,anytime_td,0.246,0.0,0.0,0.0,0.0,1.0
2025_17_DET_MIN,MIN,DET,C.J. Ham,00-0032918,RB,car,0.69,0.0,0.0,0.0,1.0,2.0
2025_17_DET_MIN,MIN,DET,C.J. Ham,00-0032918,RB,rush_yds,2.907,0.0,0.0,0.0,1.708,9.47
2025_17_DET_MIN,MIN,DET,C.J. Ham,00-0032918,RB,tgt,0.254,0.0,0.0,0.0,0.0,1.0
2025_17_DET_MIN,MIN,DET,C.J. Ham,00-0032918,RB,rec,0.206,0.0,0.0,0.0,0.0,1.0
2025_17_DET_MIN,MIN,DET,C.J. Ham,00-0032918,RB,rec_yds,1.381,0.0,0.0,0.0,0.0,4.282
2025_17_DET_MIN,MIN,DET,C.J. Ham,00-0032918,RB,anytime_td,0.055,0.0,0.0,0.0,0.0,0.0
2025_17_DET_MIN,MIN,DET,Jalen Nailor,00-0037291,WR,car,0.224,0.0,0.0,0.0,0.0,1.0
2025_17_DET_MIN,MIN,DET,Jalen Nailor,00-0037291,WR,rush_yds,1.192,0.0,0.0,0.0,0.0,0.0
2025_17_DET_MIN,MIN,DET,Jalen Nailor,00-0037291,WR,tgt,4.294,1.0,2.0,4.0,6.0,8.0
2025_17_DET_MIN,MIN,DET,Jalen Nailor,00-0037291,WR,rec,2.632,0.0,1.0,2.0,4.0,5.0
2025_17_DET_MIN,MIN,DET,Jalen Nailor,00-0037291,WR,rec_yds,32.044,0.0,10.422,25.536,46.79,69.67
2025_17_DET_MIN,MIN,DET,Jalen Nailor,00-0037291,WR,anytime_td,0.242,0.0,0.0,0.0,0.0,1.0
2025_17_DET_MIN,MIN,DET,Ty Chandler,00-0037276,RB,car,4.527,1.0,2.0,4.0,6.0,10.0
2025_17_DET_MIN,MIN,DET,Ty Chandler,00-0037276,RB,rush_yds,18.446,0.0,4.435,12.623,26.097,44.239
2025_17_DET_MIN,MIN,DET,Ty Chandler,00-0037276,RB,tgt,0.482,0.0,0.0,0.0,1.0,2.0
2025_17_DET_MIN,MIN,DET,Ty Chandler,00-0037276,RB,rec,0.38,0.0,0.0,0.0,1.0,1.0
2025_17_DET_MIN,MIN,DET,Ty Chandler,00-0037276,RB,rec_yds,2.71,0.0,0.0,0.0,0.0,9.313
2025_17_DET_MIN,MIN,DET,Ty Chandler,00-0037276,RB,anytime_td,0.094,0.0,0.0,0.0,0.0,0.0
2025_17_DET_MIN,DET,MIN,Jared Goff,00-0033106,QB,att,31.161,21.0,26.0,32.0,37.0,42.0
2025_17_DET_MIN,DET,MIN,Jared Goff,00-0033106,QB,cmp,20.488,13.0,17.0,21.0,25.0,28.0
2025_17_DET_MIN,DET,MIN,Jared Goff,00-0033106,QB,pass_yds,241.396,144.855,190.226,241.89,292.617,346.105
2025_17_DET_MIN,DET,MIN,Jared Goff,00-0033106,QB,pass_td,1.73,0.0,1.0,2.0,2.0,3.0
2025_17_DET_MIN,DET,MIN,Jared Goff,00-0033106,QB,ints,0.519,0.0,0.0,0.0,1.0,2.0
2025_17_DET_MIN,DET,MIN,Jared Goff,00-0033106,QB,car,1.707,0.0,0.0,1.0,3.0,4.0
2025_17_DET_MIN,DET,MIN,Jared Goff,00-0033106,QB,rush_yds,3.735,-2.0,-1.0,0.0,5.21,14.918
2025_17_DET_MIN,DET,MIN,Jared Goff,00-0033106,QB,tgt,0.0,0.0,0.0,0.0,0.0,0.0
2025_17_DET_MIN,DET,MIN,Jared Goff,00-0033106,QB,rec,0.0,0.0,0.0,0.0,0.0,0.0
2025_17_DET_MIN,DET,MIN,Jared Goff,00-0033106,QB,rec_yds,0.003,0.0,0.0,0.0,0.0,0.0
2025_17_DET_MIN,DET,MIN,Jared Goff,00-0033106,QB,anytime_td,0.006,0.0,0.0,0.0,0.0,0.0
2025_17_DET_MIN,DET,MIN,Jameson Williams,00-0037240,WR,car,0.446,0.0,0.0,0.0,0.0,1.0
2025_17_DET_MIN,DET,MIN,Jameson Williams,00-0037240,WR,rush_yds,2.417,0.0,0.0,0.0,0.0,7.012
2025_17_DET_MIN,DET,MIN,Jameson Williams,00-0037240,WR,tgt,7.091,3.0,5.0,7.0,9.0,12.0
2025_17_DET_MIN,DET,MIN,Jameson Williams,00-0037240,WR,rec,4.491,2.0,3.0,4.0,6.0,8.0
2025_17_DET_MIN,DET,MIN,Jameson Williams,00-0037240,WR,rec_yds,68.02,16.668,34.147,60.399,92.744,130.763
2025_17_DET_MIN,DET,MIN,Jameson Williams,00-0037240,WR,anytime_td,0.327,0.0,0.0,0.0,1.0,1.0
2025_17_DET_MIN,DET,MIN,Amon-Ra St. Brown,00-0036963,WR,car,0.116,0.0,0.0,0.0,0.0,0.0
2025_17_DET_MIN,DET,MIN,Amon-Ra St. Brown,00-0036963,WR,rush_yds,0.634,0.0,0.0,0.0,0.0,0.0
2025_17_DET_MIN,DET,MIN,Amon-Ra St. Brown,00-0036963,WR,tgt,9.782,5.0,7.0,9.0,12.0,15.0
2025_17_DET_MIN,DET,MIN,Amon-Ra St. Brown,00-0036963,WR,rec,6.272,3.0,4.0,6.0,8.0,10.0
2025_17_DET_MIN,DET,MIN,Amon-Ra St. Brown,00-0036963,WR,rec_yds,82.491,30.531,49.508,76.2,108.646,142.869
2025_17_DET_MIN,DET,MIN,Amon-Ra St. Brown,00-0036963,WR,anytime_td,0.402,0.0,0.0,0.0,1.0,1.0
2025_17_DET_MIN,DET,MIN,Jahmyr Gibbs,00-0039139,RB,car,15.298,8.0,11.0,15.0,19.0,24.0
2025_17_DET_MIN,DET,MIN,Jahmyr Gibbs,00-0039139,RB,rush_yds,71.105,25.043,40.932,63.741,92.279,127.251
2025_17_DET_MIN,DET,MIN,Jahmyr Gibbs,00-0039139,RB,tgt,6.493,3.0,4.0,6.0,8.0,11.0
2025_17_DET_MIN,DET,MIN,Jahmyr Gibbs,00-0039139,RB,rec,5.146,2.0,3.0,5.0,7.0,9.0
2025_17_DET_MIN,DET,MIN,Jahmyr Gibbs,00-0039139,RB,rec_yds,40.783,9.089,19.796,35.81,56.214,79.092
2025_17_DET_MIN,DET,MIN,Jahmyr Gibbs,00-0039139,RB,anytime_td,0.619,0.0,0.0,1.0,1.0,1.0
2025_17_DET_MIN,DET,MIN,Shane Zylstra,00-0036534,TE,car,0.002,0.0,0.0,0.0,0.0,0.0
2025_17_DET_MIN,DET,MIN,Shane Zylstra,00-0036534,TE,rush_yds,0.003,0.0,0.0,0.0,0.0,0.0
2025_17_DET_MIN,DET,MIN,Shane Zylstra,00-0036534,TE,tgt,1.126,0.0,0.0,1.0,2.0,3.0
2025_17_DET_MIN,DET,MIN,Shane Zylstra,00-0036534,TE,rec,0.8,0.0,0.0,0.0,1.0,2.0
2025_17_DET_MIN,DET,MIN,Shane Zylstra,00-0036534,TE,rec_yds,8.257,0.0,0.0,0.0,12.615,25.797
2025_17_DET_MIN,DET,MIN,Shane Zylstra,00-0036534,TE,anytime_td,0.03,0.0,0.0,0.0,0.0,0.0
2025_17_DET_MIN,DET,MIN,Anthony Firkser,00-0033455,TE,car,0.003,0.0,0.0,0.0,0.0,0.0
2025_17_DET_MIN,DET,MIN,Anthony Firkser,00-0033455,TE,rush_yds,0.007,0.0,0.0,0.0,0.0,0.0
2025_17_DET_MIN,DET,MIN,Anthony Firkser,00-0033455,TE,tgt,1.2,0.0,0.0,1.0,2.0,3.0
2025_17_DET_MIN,DET,MIN,Anthony Firkser,00-0033455,TE,rec,0.903,0.0,0.0,1.0,1.0,2.0
2025_17_DET_MIN,DET,MIN,Anthony Firkser,00-0033455,TE,rec_yds,9.178,0.0,0.0,2.069,13.937,27.3
2025_17_DET_MIN,DET,MIN,Anthony Firkser,00-0033455,TE,anytime_td,0.012,0.0,0.0,0.0,0.0,0.0
2025_17_DET_MIN,DET,MIN,Isaac TeSlaa,00-0040669,WR,car,0.006,0.0,0.0,0.0,0.0,0.0
2025_17_DET_MIN,DET,MIN,Isaac TeSlaa,00-0040669,WR,rush_yds,0.031,0.0,0.0,0.0,0.0,0.0
2025_17_DET_MIN,DET,MIN,Isaac TeSlaa,00-0040669,WR,tgt,2.193,0.0,1.0,2.0,3.0,5.0
2025_17_DET_MIN,DET,MIN,Isaac TeSlaa,00-0040669,WR,rec,1.348,0.0,0.0,1.0,2.0,3.0
2025_17_DET_MIN,DET,MIN,Isaac TeSlaa,00-0040669,WR,rec_yds,17.613,0.0,0.0,10.62,26.589,47.584
2025_17_DET_MIN,DET,MIN,Isaac TeSlaa,00-0040669,WR,anytime_td,0.221,0.0,0.0,0.0,0.0,1.0
2025_17_DET_MIN,DET,MIN,David Montgomery,00-0035685,RB,car,9.391,3.0,5.0,9.0,13.0,17.0
2025_17_DET_MIN,DET,MIN,David Montgomery,00-0035685,RB,rush_yds,40.922,8.243,18.178,33.972,55.833,82.371
2025_17_DET_MIN,DET,MIN,David Montgomery,00-0035685,RB,tgt,1.476,0.0,0.0,1.0,2.0,4.0
2025_17_DET_MIN,DET,MIN,David Montgomery,00-0035685,RB,rec,1.155,0.0,0.0,1.0,2.0,3.0
2025_17_DET_MIN,DET,MIN,David Montgomery,00-0035685,RB,rec_yds,8.999,0.0,0.0,3.69,13.655,26.045
2025_17_DET_MIN,DET,MIN,David Montgomery,00-0035685,RB,anytime_td,0.355,0.0,0.0,0.0,1.0,1.0
2025_17_DET_MIN,DET,MIN,Kalif Raymond,00-0032464,WR,car,0.15,0.0,0.0,0.0,0.0,0.0
2025_17_DET_MIN,DET,MIN,Kalif Raymond,00-0032464,WR,rush_yds,0.834,0.0,0.0,0.0,0.0,0.0
2025_17_DET_MIN,DET,MIN,Kalif Raymond,00-0032464,WR,tgt,2.126,0.0,1.0,2.0,3.0,5.0
2025_17_DET_MIN,DET,MIN,Kalif Raymond,00-0032464,WR,rec,1.474,0.0,0.0,1.0,2.0,3.0
2025_17_DET_MIN,DET,MIN,Kalif Raymond,00-0032464,WR,rec_yds,19.359,0.0,0.0,12.388,29.353,49.974
2025_17_DET_MIN,DET,MIN,Kalif Raymond,00-0032464,WR,anytime_td,0.117,0.0,0.0,0.0,0.0,1.0
2025_17_BAL_GB,GB,BAL,Malik Willis,00-0038128,QB,att,27.608,18.0,23.0,28.0,33.0,37.0
2025_17_BAL_GB,GB,BAL,Malik Willis,00-0038128,QB,cmp,17.914,11.0,14.0,18.0,22.0,25.0
2025_17_BAL_GB,GB,BAL,Malik Willis,00-0038128,QB,pass_yds,205.204,118.613,158.304,204.599,252.615,299.416
2025_17_BAL_GB,GB,BAL,Malik Willis,00-0038128,QB,pass_td,1.435,0.0,1.0,1.0,2.0,3.0
2025_17_BAL_GB,GB,BAL,Malik Willis,00-0038128,QB,ints,0.576,0.0,0.0,0.0,1.0,2.0
2025_17_BAL_GB,GB,BAL,Malik Willis,00-0038128,QB,car,4.753,1.0,3.0,4.0,6.0,9.0
2025_17_BAL_GB,GB,BAL,Malik Willis,00-0038128,QB,rush_yds,23.027,1.003,8.035,19.061,33.101,49.222
2025_17_BAL_GB,GB,BAL,Malik Willis,00-0038128,QB,tgt,0.001,0.0,0.0,0.0,0.0,0.0
2025_17_BAL_GB,GB,BAL,Malik Willis,00-0038128,QB,rec,0.001,0.0,0.0,0.0,0.0,0.0
2025_17_BAL_GB,GB,BAL,Malik Willis,00-0038128,QB,rec_yds,0.001,0.0,0.0,0.0,0.0,0.0
2025_17_BAL_GB,GB,BAL,Malik Willis,00-0038128,QB,anytime_td,0.092,0.0,0.0,0.0,0.0,0.0
2025_17_BAL_GB,GB,BAL,Josh Whyle,00-0038589,TE,car,0.003,0.0,0.0,0.0,0.0,0.0
2025_17_BAL_GB,GB,BAL,Josh Whyle,00-0038589,TE,rush_yds,0.008,0.0,0.0,0.0,0.0,0.0
2025_17_BAL_GB,GB,BAL,Josh Whyle,00-0038589,TE,tgt,0.895,0.0,0.0,1.0,1.0,2.0
2025_17_BAL_GB,GB,BAL,Josh Whyle,00-0038589,TE,rec,0.63,0.0,0.0,0.0,1.0,2.0
2025_17_BAL_GB,GB,BAL,Josh Whyle,00-0038589,TE,rec_yds,6.253,0.0,0.0,0.0,9.199,20.245
2025_17_BAL_GB,GB,BAL,Josh Whyle,00-0038589,TE,anytime_td,0.072,0.0,0.0,0.0,0.0,0.0
2025_17_BAL_GB,GB,BAL,Christian Watson,00-0038124,WR,car,0.138,0.0,0.0,0.0,0.0,0.0
2025_17_BAL_GB,GB,BAL,Christian Watson,00-0038124,WR,rush_yds,0.689,0.0,0.0,0.0,0.0,0.0
2025_17_BAL_GB,GB,BAL,Christian Watson,00-0038124,WR,tgt,5.031,2.0,3.0,5.0,7.0,9.0
2025_17_BAL_GB,GB,BAL,Christian Watson,00-0038124,WR,rec,3.039,1.0,2.0,3.0,4.0,6.0
2025_17_BAL_GB,GB,BAL,Christian Watson,00-0038124,WR,rec_yds,42.703,5.253,16.663,35.158,61.293,90.508
2025_17_BAL_GB,GB,BAL,Christian Watson,00-0038124,WR,anytime_td,0.323,0.0,0.0,0.0,1.0,1.0
2025_17_BAL_GB,GB,BAL,Romeo Doubs,00-0037816,WR,car,0.004,0.0,0.0,0.0,0.0,0.0
2025_17_BAL_GB,GB,BAL,Romeo Doubs,00-0037816,WR,rush_yds,0.017,0.0,0.0,0.0,0.0,0.0
2025_17_BAL_GB,GB,BAL,Romeo Doubs,00-0037816,WR,tgt,4.676,2.0,3.0,4.0,6.0,8.0
2025_17_BAL_GB,GB,BAL,Romeo Doubs,00-0037816,WR,rec,3.023,1.0,2.0,3.0,4.0,6.0
2025_17_BAL_GB,GB,BAL,Romeo Doubs,00-0037816,WR,rec_yds,37.944,3.981,14.865,31.63,54.867,79.144
2025_17_BAL_GB,GB,BAL,Romeo Doubs,00-0037816,WR,anytime_td,0.263,0.0,0.0,0.0,1.0,1.0
2025_17_BAL_GB,GB,BAL,Matthew Golden,00-0040667,WR,car,0.648,0.0,0.0,0.0,1.0,2.0
2025_17_BAL_GB,GB,BAL,Matthew Golden,00-0040667,WR,rush_yds,3.539,0.0,0.0,0.0,0.0,12.557
2025_17_BAL_GB,GB,BAL,Matthew Golden,00-0040667,WR,tgt,2.664,0.0,1.0,2.0,4.0,5.0
2025_17_BAL_GB,GB,BAL,Matthew Golden,00-0040667,WR,rec,1.71,0.0,1.0,1.0,3.0,4.0
2025_17_BAL_GB,GB,BAL,Matthew Golden,00-0040667,WR,rec_yds,21.68,0.0,2.601,15.364,32.513,54.354
2025_17_BAL_GB,GB,BAL,Matthew Golden,00-0040667,WR,anytime_td,0.046,0.0,0.0,0.0,0.0,0.0
2025_17_BAL_GB,GB,BAL,Jayden Reed,00-0039146,WR,car,0.645,0.0,0.0,0.0,1.0,2.0
2025_17_BAL_GB,GB,BAL,Jayden Reed,00-0039146,WR,rush_yds,3.533,0.0,0.0,0.0,0.0,12.832
2025_17_BAL_GB,GB,BAL,Jayden Reed,00-0039146,WR,tgt,3.568,1.0,2.0,3.0,5.0,7.0
2025_17_BAL_GB,GB,BAL,Jayden Reed,00-0039146,WR,rec,2.495,0.0,1.0,2.0,4.0,5.0
2025_17_BAL_GB,GB,BAL,Jayden Reed,00-0039146,WR,rec_yds,30.361,0.0,9.825,24.523,44.327,66.596
2025_17_BAL_GB,GB,BAL,Jayden Reed,00-0039146,WR,anytime_td,0.179,0.0,0.0,0.0,0.0,1.0
2025_17_BAL_GB,GB,BAL,Chris Brooks,00-0038685,RB,car,1.315,0.0,0.0,0.0,2.0,4.0
2025_17_BAL_GB,GB,BAL,Chris Brooks,00-0038685,RB,rush_yds,5.462,0.0,0.0,0.0,6.501,17.375
2025_17_BAL_GB,GB,BAL,Chris Brooks,00-0038685,RB,tgt,0.931,0.0,0.0,1.0,1.0,2.0
2025_17_BAL_GB,GB,BAL,Chris Brooks,00-0038685,RB,rec,0.74,0.0,0.0,0.0,1.0,2.0
2025_17_BAL_GB,GB,BAL,Chris Brooks,00-0038685,RB,rec_yds,5.174,0.0,0.0,0.0,7.177,17.005
2025_17_BAL_GB,GB,BAL,Chris Brooks,00-0038685,RB,anytime_td,0.028,0.0,0.0,0.0,0.0,0.0
2025_17_BAL_GB,GB,BAL,Luke Musgrave,00-0039144,TE,car,0.004,0.0,0.0,0.0,0.0,0.0
2025_17_BAL_GB,GB,BAL,Luke Musgrave,00-0039144,TE,rush_yds,0.009,0.0,0.0,0.0,0.0,0.0
2025_17_BAL_GB,GB,BAL,Luke Musgrave,00-0039144,TE,tgt,2.39,0.0,1.0,2.0,3.0,5.0
2025_17_BAL_GB,GB,BAL,Luke Musgrave,00-0039144,TE,rec,1.735,0.0,1.0,1.0,3.0,4.0
2025_17_BAL_GB,GB,BAL,Luke Musgrave,00-0039144,TE,rec_yds,18.303,0.0,1.906,12.704,27.848,45.195
2025_17_BAL_GB,GB,BAL,Luke Musgrave,00-0039144,TE,anytime_td,0.035,0.0,0.0,0.0,0.0,0.0
2025_17_BAL_GB,GB,BAL,Bo Melton,00-0037091,WR,car,0.435,0.0,0.0,0.0,0.0,1.0
2025_17_BAL_GB,GB,BAL,Bo Melton,00-0037091,WR,rush_yds,2.394,0.0,0.0,0.0,0.0,7.385
2025_17_BAL_GB,GB,BAL,Bo Melton,00-0037091,WR,tgt,0.946,0.0,0.0,1.0,1.0,3.0
2025_17_BAL_GB,GB,BAL,Bo Melton,00-0037091,WR,rec,0.567,0.0,0.0,0.0,1.0,2.0
2025_17_BAL_GB,GB,BAL,Bo Melton,00-0037091,WR,rec_yds,7.368,0.0,0.0,0.0,10.443,25.165
2025_17_BAL_GB,GB,BAL,Bo Melton,00-0037091,WR,anytime_td,0.07,0.0,0.0,0.0,0.0,0.0
2025_17_BAL_GB,GB,BAL,Emanuel Wilson,00-0038797,RB,car,7.286,2.0,4.0,7.0,10.0,13.0
2025_17_BAL_GB,GB,BAL,Emanuel Wilson,00-0038797,RB,rush_yds,30.958,4.458,12.035,24.642,42.588,66.829
2025_17_BAL_GB,GB,BAL,Emanuel Wilson,00-0038797,RB,tgt,0.789,0.0,0.0,0.0,1.0,2.0
2025_17_BAL_GB,GB,BAL,Emanuel Wilson,00-0038797,RB,rec,0.629,0.0,0.0,0.0,1.0,2.0
2025_17_BAL_GB,GB,BAL,Emanuel Wilson,00-0038797,RB,rec_yds,4.659,0.0,0.0,0.0,5.956,15.81
2025_17_BAL_GB,GB,BAL,Emanuel Wilson,00-0038797,RB,anytime_td,0.244,0.0,0.0,0.0,0.0,1.0
2025_17_BAL_GB,GB,BAL,Josh Jacobs,00-0035700,RB,car,14.496,7.0,10.0,14.0,18.0,23.0
2025_17_BAL_GB,GB,BAL,Josh Jacobs,00-0035700,RB,rush_yds,61.47,20.532,34.0,54.605,80.561,111.761
2025_17_BAL_GB,GB,BAL,Josh Jacobs,00-0035700,RB,tgt,2.526,0.0,1.0,2.0,4.0,5.0
2025_17_BAL_GB,GB,BAL,Josh Jacobs,00-0035700,RB,rec,2.024,0.0,1.0,2.0,3.0,4.0
2025_17_BAL_GB,GB,BAL,Josh Jacobs,00-0035700,RB,rec_yds,14.665,0.0,1.813,10.077,21.68,37.121
2025_17_BAL_GB,GB,BAL,Josh Jacobs,00-0035700,RB,anytime_td,0.543,0.0,0.0,1.0,1.0,1.0
2025_17_BAL_GB,GB,BAL,Drake Dabney,00-0040628,TE,car,0.008,0.0,0.0,0.0,0.0,0.0
2025_17_BAL_GB,GB,BAL,Drake Dabney,00-0040628,TE,rush_yds,0.014,0.0,0.0,0.0,0.0,0.0
2025_17_BAL_GB,GB,BAL,Drake Dabney,00-0040628,TE,tgt,0.694,0.0,0.0,0.0,1.0,2.0
2025_17_BAL_GB,GB,BAL,Drake Dabney,00-0040628,TE,rec,0.505,0.0,0.0,0.0,1.0,2.0
2025_17_BAL_GB,GB,BAL,Drake Dabney,00-0040628,TE,rec_yds,5.134,0.0,0.0,0.0,6.93,18.123
2025_17_BAL_GB,GB,BAL,Drake Dabney,00-0040628,TE,anytime_td,0.034,0.0,0.0,0.0,0.0,0.0
2025_17_BAL_GB,GB,BAL,Dontayvion Wicks,00-0038393,WR,car,0.101,0.0,0.0,0.0,0.0,0.0
2025_17_BAL_GB,GB,BAL,Dontayvion Wicks,00-0038393,WR,rush_yds,0.596,0.0,0.0,0.0,0.0,0.0
2025_17_BAL_GB,GB,BAL,Dontayvion Wicks,00-0038393,WR,tgt,3.163,1.0,2.0,3.0,4.0,6.0
2025_17_BAL_GB,GB,BAL,Dontayvion Wicks,00-0038393,WR,rec,2.035,0.0,1.0,2.0,3.0,4.0
2025_17_BAL_GB,GB,BAL,Dontayvion Wicks,00-0038393,WR,rec_yds,24.889,0.0,5.964,18.163,36.933,58.72
2025_17_BAL_GB,GB,BAL,Dontayvion Wicks,00-0038393,WR,anytime_td,0.165,0.0,0.0,0.0,0.0,1.0
2025_17_BAL_GB,BAL,GB,Tyler Huntley,00-0035993,QB,att,25.575,16.9,21.0,26.0,31.0,35.0
2025_17_BAL_GB,BAL,GB,Tyler Huntley,00-0035993,QB,cmp,16.14,10.0,13.0,16.0,20.0,23.0
2025_17_BAL_GB,BAL,GB,Tyler Huntley,00-0035993,QB,pass_yds,165.002,93.337,126.018,163.874,203.943,243.385
2025_17_BAL_GB,BAL,GB,Tyler Huntley,00-0035993,QB,pass_td,0.898,0.0,0.0,1.0,1.0,2.0
2025_17_BAL_GB,BAL,GB,Tyler Huntley,00-0035993,QB,ints,0.57,0.0,0.0,0.0,1.0,2.0
2025_17_BAL_GB,BAL,GB,Tyler Huntley,00-0035993,QB,car,3.943,1.0,2.0,3.0,5.0,8.0
2025_17_BAL_GB,BAL,GB,Tyler Huntley,00-0035993,QB,rush_yds,19.826,0.0,5.692,15.997,28.902,44.496
2025_17_BAL_GB,BAL,GB,Tyler Huntley,00-0035993,QB,tgt,0.0,0.0,0.0,0.0,0.0,0.0
2025_17_BAL_GB,BAL,GB,Tyler Huntley,00-0035993,QB,rec,0.0,0.0,0.0,0.0,0.0,0.0
2025_17_BAL_GB,BAL,GB,Tyler Huntley,00-0035993,QB,rec_yds,0.003,0.0,0.0,0.0,0.0,0.0
2025_17_BAL_GB,BAL,GB,Tyler Huntley,00-0035993,QB,anytime_td,0.072,0.0,0.0,0.0,0.0,0.0
2025_17_BAL_GB,BAL,GB,Isaiah Likely,00-0037838,TE,car,0.002,0.0,0.0,0.0,0.0,0.0
2025_17_BAL_GB,BAL,GB,Isaiah Likely,00-0037838,TE,rush_yds,0.004,0.0,0.0,0.0,0.0,0.0
2025_17_BAL_GB,BAL,GB,Isaiah Likely,00-0037838,TE,tgt,2.891,0.0,1.0,3.0,4.0,6.0
2025_17_BAL_GB,BAL,GB,Isaiah Likely,00-0037838,TE,rec,1.958,0.0,1.0,2.0,3.0,4.0
2025_17_BAL_GB,BAL,GB,Isaiah Likely,00-0037838,TE,rec_yds,19.194,0.0,4.386,14.197,28.565,45.927
2025_17_BAL_GB,BAL,GB,Isaiah Likely,00-0037838,TE,anytime_td,0.118,0.0,0.0,0.0,0.0,1.0
2025_17_BAL_GB,BAL,GB,Zay Flowers,00-0039064,WR,car,0.679,0.0,0.0,0.0,1.0,2.0
2025_17_BAL_GB,BAL,GB,Zay Flowers,00-0039064,WR,rush_yds,3.429,0.0,0.0,0.0,0.0,11.733
2025_17_BAL_GB,BAL,GB,Zay Flowers,00-0039064,WR,tgt,7.364,3.0,5.0,7.0,9.0,12.0
2025_17_BAL_GB,BAL,GB,Zay Flowers,00-0039064,WR,rec,4.894,2.0,3.0,5.0,6.0,8.0
2025_17_BAL_GB,BAL,GB,Zay Flowers,00-0039064,WR,rec_yds,58.302,16.822,32.043,53.038,79.287,105.282
2025_17_BAL_GB,BAL,GB,Zay Flowers,00-0039064,WR,anytime_td,0.188,0.0,0.0,0.0,0.0,1.0
2025_17_BAL_GB,BAL,GB,Derrick Henry,00-0032764,RB,car,17.483,9.0,13.0,17.0,22.0,26.0
2025_17_BAL_GB,BAL,GB,Derrick Henry,00-0032764,RB,rush_yds,77.05,28.998,45.901,69.838,100.664,133.613
2025_17_BAL_GB,BAL,GB,Derrick Henry,00-0032764,RB,tgt,1.335,0.0,0.0,1.0,2.0,3.0
2025_17_BAL_GB,BAL,GB,Derrick Henry,00-0032764,RB,rec,1.007,0.0,0.0,1.0,2.0,3.0
2025_17_BAL_GB,BAL,GB,Derrick Henry,00-0032764,RB,rec_yds,7.438,0.0,0.0,2.132,11.185,22.191
2025_17_BAL_GB,BAL,GB,Derrick Henry,00-0032764,RB,anytime_td,0.402,0.0,0.0,0.0,1.0,1.0
2025_17_BAL_GB,BAL,GB,Rashod Bateman,00-0036550,WR,car,0.01,0.0,0.0,0.0,0.0,0.0
2025_17_BAL_GB,BAL,GB,Rashod Bateman,00-0036550,WR,rush_yds,0.044,0.0,0.0,0.0,0.0,0.0
2025_17_BAL_GB,BAL,GB,Rashod Bateman,00-0036550,WR,tgt,2.816,0.0,1.0,2.0,4.0,6.0
2025_17_BAL_GB,BAL,GB,Rashod Bateman,00-0036550,WR,rec,1.596,0.0,1.0,1.0,2.0,3.0
2025_17_BAL_GB,BAL,GB,Rashod Bateman,00-0036550,WR,rec_yds,18.596,0.0,0.0,12.335,28.263,46.531
2025_17_BAL_GB,BAL,GB,Rashod Bateman,00-0036550,WR,anytime_td,0.114,0.0,0.0,0.0,0.0,1.0
2025_17_BAL_GB,BAL,GB,Charlie Kolar,00-0038046,TE,car,0.001,0.0,0.0,0.0,0.0,0.0
2025_17_BAL_GB,BAL,GB,Charlie Kolar,00-0038046,TE,rush_yds,0.003,0.0,0.0,0.0,0.0,0.0
2025_17_BAL_GB,BAL,GB,Charlie Kolar,00-0038046,TE,tgt,0.951,0.0,0.0,1.0,1.0,2.0
2025_17_BAL_GB,BAL,GB,Charlie Kolar,00-0038046,TE,rec,0.666,0.0,0.0,0.0,1.0,2.0
2025_17_BAL_GB,BAL,GB,Charlie Kolar,00-0038046,TE,rec_yds,6.707,0.0,0.0,0.0,9.767,22.027
2025_17_BAL_GB,BAL,GB,Charlie Kolar,00-0038046,TE,anytime_td,0.059,0.0,0.0,0.0,0.0,0.0
2025_17_BAL_GB,BAL,GB,Mark Andrews,00-0034753,TE,car,0.637,0.0,0.0,0.0,1.0,2.0
2025_17_BAL_GB,BAL,GB,Mark Andrews,00-0034753,TE,rush_yds,1.501,0.0,0.0,0.0,0.0,5.277
2025_17_BAL_GB,BAL,GB,Mark Andrews,00-0034753,TE,tgt,4.419,1.0,3.0,4.0,6.0,8.0
2025_17_BAL_GB,BAL,GB,Mark Andrews,00-0034753,TE,rec,2.88,1.0,1.0,3.0,4.0,6.0
2025_17_BAL_GB,BAL,GB,Mark Andrews,00-0034753,TE,rec_yds,26.434,2.785,10.271,22.369,37.833,55.256
2025_17_BAL_GB,BAL,GB,Mark Andrews,00-0034753,TE,anytime_td,0.218,0.0,0.0,0.0,0.0,1.0
2025_17_BAL_GB,BAL,GB,Devontez Walker,00-0039792,WR,car,0.009,0.0,0.0,0.0,0.0,0.0
2025_17_BAL_GB,BAL,GB,Devontez Walker,00-0039792,WR,rush_yds,0.059,0.0,0.0,0.0,0.0,0.0
2025_17_BAL_GB,BAL,GB,Devontez Walker,00-0039792,WR,tgt,0.776,0.0,0.0,0.0,1.0,2.0
2025_17_BAL_GB,BAL,GB,Devontez Walker,00-0039792,WR,rec,0.469,0.0,0.0,0.0,1.0,1.0
2025_17_BAL_GB,BAL,GB,Devontez Walker,00-0039792,WR,rec_yds,5.667,0.0,0.0,0.0,6.757,19.284
2025_17_BAL_GB,BAL,GB,Devontez Walker,00-0039792,WR,anytime_td,0.052,0.0,0.0,0.0,0.0,0.0
2025_17_BAL_GB,BAL,GB,DeAndre Hopkins,00-0030564,WR,car,0.003,0.0,0.0,0.0,0.0,0.0
2025_17_BAL_GB,BAL,GB,DeAndre Hopkins,00-0030564,WR,rush_yds,0.014,0.0,0.0,0.0,0.0,0.0
2025_17_BAL_GB,BAL,GB,DeAndre Hopkins,00-0030564,WR,tgt,2.874,1.0,1.0,3.0,4.0,6.0
2025_17_BAL_GB,BAL,GB,DeAndre Hopkins,00-0030564,WR,rec,1.763,0.0,1.0,1.0,3.0,4.0
2025_17_BAL_GB,BAL,GB,DeAndre Hopkins,00-0030564,WR,rec_yds,20.265,0.0,2.788,14.852,30.296,49.471
2025_17_BAL_GB,BAL,GB,DeAndre Hopkins,00-0030564,WR,anytime_td,0.066,0.0,0.0,0.0,0.0,0.0
2025_17_BAL_GB,BAL,GB,Rasheen Ali,00-0039796,RB,car,1.084,0.0,0.0,0.0,1.0,3.0
2025_17_BAL_GB,BAL,GB,Rasheen Ali,00-0039796,RB,rush_yds,4.091,0.0,0.0,0.0,4.164,13.071
2025_17_BAL_GB,BAL,GB,Rasheen Ali,00-0039796,RB,tgt,1.327,0.0,0.0,1.0,2.0,3.0
2025_17_BAL_GB,BAL,GB,Rasheen Ali,00-0039796,RB,rec,1.012,0.0,0.0,1.0,2.0,3.0
2025_17_BAL_GB,BAL,GB,Rasheen Ali,00-0039796,RB,rec_yds,6.739,0.0,0.0,1.912,10.195,20.032
2025_17_BAL_GB,BAL,GB,Rasheen Ali,00-0039796,RB,anytime_td,0.097,0.0,0.0,0.0,0.0,0.0
2025_17_BAL_GB,BAL,GB,Keaton Mitchell,00-0038454,RB,car,5.292,1.0,2.0,4.0,7.0,11.0
2025_17_BAL_GB,BAL,GB,Keaton Mitchell,00-0038454,RB,rush_yds,22.888,0.0,5.785,15.845,32.556,54.01
2025_17_BAL_GB,BAL,GB,Keaton Mitchell,00-0038454,RB,tgt,1.019,0.0,0.0,1.0,2.0,3.0
2025_17_BAL_GB,BAL,GB,Keaton Mitchell,00-0038454,RB,rec,0.748,0.0,0.0,0.0,1.0,2.0
2025_17_BAL_GB,BAL,GB,Keaton Mitchell,00-0038454,RB,rec_yds,5.027,0.0,0.0,0.0,7.023,16.556
2025_17_BAL_GB,BAL,GB,Keaton Mitchell,00-0038454,RB,anytime_td,0.093,0.0,0.0,0.0,0.0,0.0
2025_17_HOU_LAC,LAC,HOU,Justin Herbert,00-0036355,QB,att,28.729,19.0,24.0,29.0,34.0,39.0
2025_17_HOU_LAC,LAC,HOU,Justin Herbert,00-0036355,QB,cmp,18.293,11.0,15.0,19.0,22.0,26.0
2025_17_HOU_LAC,LAC,HOU,Justin Herbert,00-0036355,QB,pass_yds,211.394,122.214,166.44,212.215,258.956,304.461
2025_17_HOU_LAC,LAC,HOU,Justin Herbert,00-0036355,QB,pass_td,1.491,0.0,1.0,1.0,2.0,3.0
2025_17_HOU_LAC,LAC,HOU,Justin Herbert,00-0036355,QB,ints,0.725,0.0,0.0,0.0,1.0,2.0
2025_17_HOU_LAC,LAC,HOU,Justin Herbert,00-0036355,QB,car,5.048,2.0,3.0,5.0,7.0,9.0
2025_17_HOU_LAC,LAC,HOU,Justin Herbert,00-0036355,QB,rush_yds,25.904,2.267,10.411,21.863,37.447,54.076
2025_17_HOU_LAC,LAC,HOU,Justin Herbert,00-0036355,QB,tgt,0.001,0.0,0.0,0.0,0.0,0.0
2025_17_HOU_LAC,LAC,HOU,Justin Herbert,00-0036355,QB,rec,0.001,0.0,0.0,0.0,0.0,0.0
2025_17_HOU_LAC,LAC,HOU,Justin Herbert,00-0036355,QB,rec_yds,0.013,0.0,0.0,0.0,0.0,0.0
2025_17_HOU_LAC,LAC,HOU,Justin Herbert,00-0036355,QB,anytime_td,0.222,0.0,0.0,0.0,0.0,1.0
2025_17_HOU_LAC,LAC,HOU,Ladd McConkey,00-0039915,WR,car,0.006,0.0,0.0,0.0,0.0,0.0
2025_17_HOU_LAC,LAC,HOU,Ladd McConkey,00-0039915,WR,rush_yds,0.029,0.0,0.0,0.0,0.0,0.0
2025_17_HOU_LAC,LAC,HOU,Ladd McConkey,00-0039915,WR,tgt,5.798,2.0,4.0,5.0,8.0,10.0
2025_17_HOU_LAC,LAC,HOU,Ladd McConkey,00-0039915,WR,rec,3.554,1.0,2.0,3.0,5.0,6.0
2025_17_HOU_LAC,LAC,HOU,Ladd McConkey,00-0039915,WR,rec_yds,46.018,8.209,20.565,40.052,64.75,92.084
2025_17_HOU_LAC,LAC,HOU,Ladd McConkey,00-0039915,WR,anytime_td,0.33,0.0,0.0,0.0,1.0,1.0
2025_17_HOU_LAC,LAC,HOU,Omarion Hampton,00-0040666,RB,car,13.373,6.0,9.0,13.0,17.0,21.0
2025_17_HOU_LAC,LAC,HOU,Omarion Hampton,00-0040666,RB,rush_yds,57.825,18.51,31.28,49.926,76.205,108.016
2025_17_HOU_LAC,LAC,HOU,Omarion Hampton,00-0040666,RB,tgt,2.665,0.0,1.0,2.0,4.0,5.0
2025_17_HOU_LAC,LAC,HOU,Omarion Hampton,00-0040666,RB,rec,2.121,0.0,1.0,2.0,3.0,4.0
2025_17_HOU_LAC,LAC,HOU,Omarion Hampton,00-0040666,RB,rec_yds,15.404,0.0,2.277,10.91,22.814,38.493
2025_17_HOU_LAC,LAC,HOU,Omarion Hampton,00-0040666,RB,anytime_td,0.456,0.0,0.0,0.0,1.0,1.0
2025_17_HOU_LAC,LAC,HOU,Quentin Johnston,00-0038544,WR,car,0.079,0.0,0.0,0.0,0.0,0.0
2025_17_HOU_LAC,LAC,HOU,Quentin Johnston,00-0038544,WR,rush_yds,0.42,0.0,0.0,0.0,0.0,0.0
2025_17_HOU_LAC,LAC,HOU,Quentin Johnston,00-0038544,WR,tgt,4.847,2.0,3.0,5.0,6.0,9.0
2025_17_HOU_LAC,LAC,HOU,Quentin Johnston,00-0038544,WR,rec,2.938,1.0,1.0,3.0,4.0,6.0
2025_17_HOU_LAC,LAC,HOU,Quentin Johnston,00-0038544,WR,rec_yds,39.486,3.274,14.713,33.3,56.722,81.535
2025_17_HOU_LAC,LAC,HOU,Quentin Johnston,00-0038544,WR,anytime_td,0.329,0.0,0.0,0.0,1.0,1.0
2025_17_HOU_LAC,LAC,HOU,Oronde Gadsden II,00-0040189,TE,car,0.001,0.0,0.0,0.0,0.0,0.0
2025_17_HOU_LAC,LAC,HOU,Oronde Gadsden II,00-0040189,TE,rush_yds,0.002,0.0,0.0,0.0,0.0,0.0
2025_17_HOU_LAC,LAC,HOU,Oronde Gadsden II,00-0040189,TE,tgt,3.949,1.0,2.0,4.0,5.0,7.0
2025_17_HOU_LAC,LAC,HOU,Oronde Gadsden II,00-0040189,TE,rec,2.738,1.0,1.0,2.0,4.0,5.0
2025_17_HOU_LAC,LAC,HOU,Oronde Gadsden II,00-0040189,TE,rec_yds,32.899,0.0,12.084,27.653,47.543,69.867
2025_17_HOU_LAC,LAC,HOU,Oronde Gadsden II,00-0040189,TE,anytime_td,0.147,0.0,0.0,0.0,0.0,1.0
2025_17_HOU_LAC,LAC,HOU,Keenan Allen,00-0030279,WR,car,0.007,0.0,0.0,0.0,0.0,0.0
2025_17_HOU_LAC,LAC,HOU,Keenan Allen,00-0030279,WR,rush_yds,0.037,0.0,0.0,0.0,0.0,0.0
2025_17_HOU_LAC,LAC,HOU,Keenan Allen,00-0030279,WR,tgt,5.802,2.0,4.0,5.0,8.0,10.0
2025_17_HOU_LAC,LAC,HOU,Keenan Allen,00-0030279,WR,rec,3.825,1.0,2.0,4.0,5.0,7.0
2025_17_HOU_LAC,LAC,HOU,Keenan Allen,00-0030279,WR,rec_yds,43.509,9.085,20.067,37.988,61.054,85.918
2025_17_HOU_LAC,LAC,HOU,Keenan Allen,00-0030279,WR,anytime_td,0.177,0.0,0.0,0.0,0.0,1.0
2025_17_HOU_LAC,LAC,HOU,Tre Harris,00-0040727,WR,car,0.113,0.0,0.0,0.0,0.0,0.0
2025_17_HOU_LAC,LAC,HOU,Tre Harris,00-0040727,WR,rush_yds,0.584,0.0,0.0,0.0,0.0,0.0
2025_17_HOU_LAC,LAC,HOU,Tre Harris,00-0040727,WR,tgt,2.775,0.0,1.0,2.0,4.0,6.0
2025_17_HOU_LAC,LAC,HOU,Tre Harris,00-0040727,WR,rec,1.816,0.0,1.0,1.0,3.0,4.0
2025_17_HOU_LAC,LAC,HOU,Tre Harris,00-0040727,WR,rec_yds,23.163,0.0,3.839,16.203,35.26,55.468
2025_17_HOU_LAC,LAC,HOU,Tre Harris,00-0040727,WR,anytime_td,0.08,0.0,0.0,0.0,0.0,0.0
2025_17_HOU_LAC,LAC,HOU,Jaret Patterson,00-0036755,RB,car,6.164,1.0,3.0,5.0,9.0,12.0
2025_17_HOU_LAC,LAC,HOU,Jaret Patterson,00-0036755,RB,rush_yds,24.982,1.834,7.989,18.879,35.781,54.362
2025_17_HOU_LAC,LAC,HOU,Jaret Patterson,00-0036755,RB,tgt,0.157,0.0,0.0,0.0,0.0,1.0
2025_17_HOU_LAC,LAC,HOU,Jaret Patterson,00-0036755,RB,rec,0.122,0.0,0.0,0.0,0.0,0.0
2025_17_HOU_LAC,LAC,HOU,Jaret Patterson,00-0036755,RB,rec_yds,0.965,0.0,0.0,0.0,0.0,0.0
2025_17_HOU_LAC,LAC,HOU,Jaret Patterson,00-0036755,RB,anytime_td,0.17,0.0,0.0,0.0,0.0,1.0
2025_17_HOU_LAC,LAC,HOU,Will Dissly,00-0034159,TE,car,0.003,0.0,0.0,0.0,0.0,0.0
2025_17_HOU_LAC,LAC,HOU,Will Dissly,00-0034159,TE,rush_yds,0.005,0.0,0.0,0.0,0.0,0.0
2025_17_HOU_LAC,LAC,HOU,Will Dissly,00-0034159,TE,tgt,1.662,0.0,0.0,1.0,2.0,4.0
2025_17_HOU_LAC,LAC,HOU,Will Dissly,00-0034159,TE,rec,1.205,0.0,0.0,1.0,2.0,3.0
2025_17_HOU_LAC,LAC,HOU,Will Dissly,00-0034159,TE,rec_yds,12.399,0.0,0.0,6.773,19.291,33.937
2025_17_HOU_LAC,LAC,HOU,Will Dissly,00-0034159,TE,anytime_td,0.05,0.0,0.0,0.0,0.0,0.0
2025_17_HOU_LAC,LAC,HOU,KeAndre Lambert-Smith,00-0040184,WR,car,0.008,0.0,0.0,0.0,0.0,0.0
2025_17_HOU_LAC,LAC,HOU,KeAndre Lambert-Smith,00-0040184,WR,rush_yds,0.044,0.0,0.0,0.0,0.0,0.0
2025_17_HOU_LAC,LAC,HOU,KeAndre Lambert-Smith,00-0040184,WR,tgt,0.847,0.0,0.0,0.0,1.0,2.0
2025_17_HOU_LAC,LAC,HOU,KeAndre Lambert-Smith,00-0040184,WR,rec,0.516,0.0,0.0,0.0,1.0,2.0
2025_17_HOU_LAC,LAC,HOU,KeAndre Lambert-Smith,00-0040184,WR,rec_yds,6.715,0.0,0.0,0.0,8.834,23.021
2025_17_HOU_LAC,LAC,HOU,KeAndre Lambert-Smith,00-0040184,WR,anytime_td,0.075,0.0,0.0,0.0,0.0,0.0
2025_17_HOU_LAC,LAC,HOU,Hassan Haskins,00-0037617,RB,car,2.932,0.0,1.0,2.0,4.0,7.0
2025_17_HOU_LAC,LAC,HOU,Hassan Haskins,00-0037617,RB,rush_yds,11.165,0.0,0.0,5.969,16.178,30.102
2025_17_HOU_LAC,LAC,HOU,Hassan Haskins,00-0037617,RB,tgt,0.486,0.0,0.0,0.0,1.0,2.0
2025_17_HOU_LAC,LAC,HOU,Hassan Haskins,00-0037617,RB,rec,0.372,0.0,0.0,0.0,1.0,1.0
2025_17_HOU_LAC,LAC,HOU,Hassan Haskins,00-0037617,RB,rec_yds,2.598,0.0,0.0,0.0,0.0,9.818
2025_17_HOU_LAC,LAC,HOU,Hassan Haskins,00-0037617,RB,anytime_td,0.072,0.0,0.0,0.0,0.0,0.0
2025_17_HOU_LAC,HOU,LAC,C.J. Stroud,00-0039163,QB,att,31.413,21.0,27.0,32.0,37.0,42.0
2025_17_HOU_LAC,HOU,LAC,C.J. Stroud,00-0039163,QB,cmp,19.828,13.0,16.0,20.0,24.0,27.0
2025_17_HOU_LAC,HOU,LAC,C.J. Stroud,00-0039163,QB,pass_yds,219.393,130.686,172.234,220.047,267.36,314.478
2025_17_HOU_LAC,HOU,LAC,C.J. Stroud,00-0039163,QB,pass_td,1.364,0.0,1.0,1.0,2.0,3.0
2025_17_HOU_LAC,HOU,LAC,C.J. Stroud,00-0039163,QB,ints,0.753,0.0,0.0,0.0,1.0,2.0
2025_17_HOU_LAC,HOU,LAC,C.J. Stroud,00-0039163,QB,car,3.038,0.0,1.0,3.0,4.0,6.0
2025_17_HOU_LAC,HOU,LAC,C.J. Stroud,00-0039163,QB,rush_yds,14.506,0.0,2.641,10.818,21.667,35.455
2025_17_HOU_LAC,HOU,LAC,C.J. Stroud,00-0039163,QB,tgt,0.001,0.0,0.0,0.0,0.0,0.0
2025_17_HOU_LAC,HOU,LAC,C.J. Stroud,00-0039163,QB,rec,0.001,0.0,0.0,0.0,0.0,0.0
2025_17_HOU_LAC,HOU,LAC,C.J. Stroud,00-0039163,QB,rec_yds,0.005,0.0,0.0,0.0,0.0,0.0
2025_17_HOU_LAC,HOU,LAC,C.J. Stroud,00-0039163,QB,anytime_td,0.033,0.0,0.0,0.0,0.0,0.0
2025_17_HOU_LAC,HOU,LAC,Dalton Schultz,00-0034383,TE,car,0.002,0.0,0.0,0.0,0.0,0.0
2025_17_HOU_LAC,HOU,LAC,Dalton Schultz,00-0034383,TE,rush_yds,0.006,0.0,0.0,0.0,0.0,0.0
2025_17_HOU_LAC,HOU,LAC,Dalton Schultz,00-0034383,TE,tgt,5.562,2.0,3.0,5.0,7.0,10.0
2025_17_HOU_LAC,HOU,LAC,Dalton Schultz,00-0034383,TE,rec,4.051,1.0,2.0,4.0,5.0,7.0
2025_17_HOU_LAC,HOU,LAC,Dalton Schultz,00-0034383,TE,rec_yds,39.6,8.374,19.09,34.781,55.063,77.081
2025_17_HOU_LAC,HOU,LAC,Dalton Schultz,00-0034383,TE,anytime_td,0.251,0.0,0.0,0.0,1.0,1.0
2025_17_HOU_LAC,HOU,LAC,Woody Marks,00-0040583,RB,car,8.383,3.0,5.0,8.0,11.0,15.0
2025_17_HOU_LAC,HOU,LAC,Woody Marks,00-0040583,RB,rush_yds,31.133,5.522,13.311,25.588,42.625,63.851
2025_17_HOU_LAC,HOU,LAC,Woody Marks,00-0040583,RB,tgt,1.741,0.0,0.0,1.0,3.0,4.0
2025_17_HOU_LAC,HOU,LAC,Woody Marks,00-0040583,RB,rec,1.291,0.0,0.0,1.0,2.0,3.0
2025_17_HOU_LAC,HOU,LAC,Woody Marks,00-0040583,RB,rec_yds,9.948,0.0,0.0,4.758,14.595,28.134
2025_17_HOU_LAC,HOU,LAC,Woody Marks,00-0040583,RB,anytime_td,0.306,0.0,0.0,0.0,1.0,1.0
2025_17_HOU_LAC,HOU,LAC,Nico Collins,00-0036554,WR,car,0.091,0.0,0.0,0.0,0.0,0.0
2025_17_HOU_LAC,HOU,LAC,Nico Collins,00-0036554,WR,rush_yds,0.488,0.0,0.0,0.0,0.0,0.0
2025_17_HOU_LAC,HOU,LAC,Nico Collins,00-0036554,WR,tgt,7.02,3.0,5.0,7.0,9.0,12.0
2025_17_HOU_LAC,HOU,LAC,Nico Collins,00-0036554,WR,rec,4.133,1.0,2.0,4.0,6.0,7.0
2025_17_HOU_LAC,HOU,LAC,Nico Collins,00-0036554,WR,rec_yds,62.823,12.949,31.042,56.032,86.999,121.013
2025_17_HOU_LAC,HOU,LAC,Nico Collins,00-0036554,WR,anytime_td,0.31,0.0,0.0,0.0,1.0,1.0
2025_17_HOU_LAC,HOU,LAC,Cade Stover,00-0039359,TE,car,0.256,0.0,0.0,0.0,0.0,1.0
2025_17_HOU_LAC,HOU,LAC,Cade Stover,00-0039359,TE,rush_yds,0.549,0.0,0.0,0.0,0.0,0.445
2025_17_HOU_LAC,HOU,LAC,Cade Stover,00-0039359,TE,tgt,1.873,0.0,1.0,2.0,3.0,4.0
2025_17_HOU_LAC,HOU,LAC,Cade Stover,00-0039359,TE,rec,1.325,0.0,0.0,1.0,2.0,3.0
2025_17_HOU_LAC,HOU,LAC,Cade Stover,00-0039359,TE,rec_yds,12.554,0.0,0.0,7.935,19.26,33.222
2025_17_HOU_LAC,HOU,LAC,Cade Stover,00-0039359,TE,anytime_td,0.065,0.0,0.0,0.0,0.0,0.0
2025_17_HOU_LAC,HOU,LAC,Jayden Higgins,00-0040130,WR,car,0.004,0.0,0.0,0.0,0.0,0.0
2025_17_HOU_LAC,HOU,LAC,Jayden Higgins,00-0040130,WR,rush_yds,0.019,0.0,0.0,0.0,0.0,0.0
2025_17_HOU_LAC,HOU,LAC,Jayden Higgins,00-0040130,WR,tgt,3.659,1.0,2.0,3.0,5.0,7.0
2025_17_HOU_LAC,HOU,LAC,Jayden Higgins,00-0040130,WR,rec,2.202,0.0,1.0,2.0,3.0,5.0
2025_17_HOU_LAC,HOU,LAC,Jayden Higgins,00-0040130,WR,rec_yds,27.421,0.0,7.039,20.684,41.264,63.593
2025_17_HOU_LAC,HOU,LAC,Jayden Higgins,00-0040130,WR,anytime_td,0.174,0.0,0.0,0.0,0.0,1.0
2025_17_HOU_LAC,HOU,LAC,Xavier Hutchinson,00-0038618,WR,car,0.018,0.0,0.0,0.0,0.0,0.0
2025_17_HOU_LAC,HOU,LAC,Xavier Hutchinson,00-0038618,WR,rush_yds,0.098,0.0,0.0,0.0,0.0,0.0
2025_17_HOU_LAC,HOU,LAC,Xavier Hutchinson,00-0038618,WR,tgt,2.45,0.0,1.0,2.0,4.0,5.0
2025_17_HOU_LAC,HOU,LAC,Xavier Hutchinson,00-0038618,WR,rec,1.409,0.0,0.0,1.0,2.0,3.0
2025_17_HOU_LAC,HOU,LAC,Xavier Hutchinson,00-0038618,WR,rec_yds,17.943,0.0,0.0,10.759,27.301,48.633
2025_17_HOU_LAC,HOU,LAC,Xavier Hutchinson,00-0038618,WR,anytime_td,0.108,0.0,0.0,0.0,0.0,1.0
2025_17_HOU_LAC,HOU,LAC,Christian Kirk,00-0034775,WR,car,0.004,0.0,0.0,0.0,0.0,0.0
2025_17_HOU_LAC,HOU,LAC,Christian Kirk,00-0034775,WR,rush_yds,0.028,0.0,0.0,0.0,0.0,0.0
2025_17_HOU_LAC,HOU,LAC,Christian Kirk,00-0034775,WR,tgt,3.267,1.0,2.0,3.0,5.0,6.0
2025_17_HOU_LAC,HOU,LAC,Christian Kirk,00-0034775,WR,rec,1.923,0.0,1.0,2.0,3.0,4.0
2025_17_HOU_LAC,HOU,LAC,Christian Kirk,00-0034775,WR,rec_yds,23.37,0.0,5.049,17.288,34.687,55.702
2025_17_HOU_LAC,HOU,LAC,Christian Kirk,00-0034775,WR,anytime_td,0.104,0.0,0.0,0.0,0.0,1.0
2025_17_HOU_LAC,HOU,LAC,Jaylin Noel,00-0040138,WR,car,0.21,0.0,0.0,0.0,0.0,0.0
2025_17_HOU_LAC,HOU,LAC,Jaylin Noel,00-0040138,WR,rush_yds,1.153,0.0,0.0,0.0,0.0,0.0
2025_17_HOU_LAC,HOU,LAC,Jaylin Noel,00-0040138,WR,tgt,1.473,0.0,0.0,1.0,2.0,4.0
2025_17_HOU_LAC,HOU,LAC,Jaylin Noel,00-0040138,WR,rec,0.934,0.0,0.0,1.0,1.0,2.0
2025_17_HOU_LAC,HOU,LAC,Jaylin Noel,00-0040138,WR,rec_yds,11.558,0.0,0.0,4.243,17.511,34.783
2025_17_HOU_LAC,HOU,LAC,Jaylin Noel,00-0040138,WR,anytime_td,0.056,0.0,0.0,0.0,0.0,0.0
2025_17_HOU_LAC,HOU,LAC,Jawhar Jordan,00-0039405,RB,car,7.744,2.0,4.0,7.0,10.0,14.0
2025_17_HOU_LAC,HOU,LAC,Jawhar Jordan,00-0039405,RB,rush_yds,33.91,5.656,13.473,27.47,46.683,71.459
2025_17_HOU_LAC,HOU,LAC,Jawhar Jordan,00-0039405,RB,tgt,2.781,0.0,1.0,2.0,4.0,6.0
2025_17_HOU_LAC,HOU,LAC,Jawhar Jordan,00-0039405,RB,rec,2.184,0.0,1.0,2.0,3.0,5.0
2025_17_HOU_LAC,HOU,LAC,Jawhar Jordan,00-0039405,RB,rec_yds,15.304,0.0,2.616,10.392,22.829,38.153
2025_17_HOU_LAC,HOU,LAC,Jawhar Jordan,00-0039405,RB,anytime_td,0.292,0.0,0.0,0.0,1.0,1.0
2025_17_HOU_LAC,HOU,LAC,Nick Chubb,00-0034791,RB,car,4.647,1.0,2.0,4.0,7.0,10.0
2025_17_HOU_LAC,HOU,LAC,Nick Chubb,00-0034791,RB,rush_yds,18.969,0.0,4.484,12.778,26.954,44.802
2025_17_HOU_LAC,HOU,LAC,Nick Chubb,00-0034791,RB,tgt,0.922,0.0,0.0,1.0,1.0,2.0
2025_17_HOU_LAC,HOU,LAC,Nick Chubb,00-0034791,RB,rec,0.674,0.0,0.0,0.0,1.0,2.0
2025_17_HOU_LAC,HOU,LAC,Nick Chubb,00-0034791,RB,rec_yds,4.875,0.0,0.0,0.0,6.722,16.11
2025_17_HOU_LAC,HOU,LAC,Nick Chubb,00-0034791,RB,anytime_td,0.186,0.0,0.0,0.0,0.0,1.0
2025_17_HOU_LAC,HOU,LAC,Dare Ogunbowale,00-0033854,RB,car,0.754,0.0,0.0,0.0,1.0,2.0
2025_17_HOU_LAC,HOU,LAC,Dare Ogunbowale,00-0033854,RB,rush_yds,2.95,0.0,0.0,0.0,1.939,9.76
2025_17_HOU_LAC,HOU,LAC,Dare Ogunbowale,00-0033854,RB,tgt,0.894,0.0,0.0,1.0,1.0,3.0
2025_17_HOU_LAC,HOU,LAC,Dare Ogunbowale,00-0033854,RB,rec,0.675,0.0,0.0,0.0,1.0,2.0
2025_17_HOU_LAC,HOU,LAC,Dare Ogunbowale,00-0033854,RB,rec_yds,5.219,0.0,0.0,0.0,6.92,17.353
2025_17_HOU_LAC,HOU,LAC,Dare Ogunbowale,00-0033854,RB,anytime_td,0.079,0.0,0.0,0.0,0.0,0.0
2025_17_ARI_CIN,CIN,ARI,Joe Burrow,00-0036442,QB,att,33.357,23.0,29.0,34.0,39.0,44.0
2025_17_ARI_CIN,CIN,ARI,Joe Burrow,00-0036442,QB,cmp,22.023,14.0,18.0,22.0,26.0,30.0
2025_17_ARI_CIN,CIN,ARI,Joe Burrow,00-0036442,QB,pass_yds,250.605,154.836,202.483,251.352,302.028,355.829
2025_17_ARI_CIN,CIN,ARI,Joe Burrow,00-0036442,QB,pass_td,1.807,0.0,1.0,2.0,3.0,3.0
2025_17_ARI_CIN,CIN,ARI,Joe Burrow,00-0036442,QB,ints,0.73,0.0,0.0,0.0,1.0,2.0
2025_17_ARI_CIN,CIN,ARI,Joe Burrow,00-0036442,QB,car,2.473,0.0,1.0,2.0,4.0,5.0
2025_17_ARI_CIN,CIN,ARI,Joe Burrow,00-0036442,QB,rush_yds,8.452,-1.082,0.0,3.959,13.097,24.323
2025_17_ARI_CIN,CIN,ARI,Joe Burrow,00-0036442,QB,tgt,0.001,0.0,0.0,0.0,0.0,0.0
2025_17_ARI_CIN,CIN,ARI,Joe Burrow,00-0036442,QB,rec,0.001,0.0,0.0,0.0,0.0,0.0
2025_17_ARI_CIN,CIN,ARI,Joe Burrow,00-0036442,QB,rec_yds,0.003,0.0,0.0,0.0,0.0,0.0
2025_17_ARI_CIN,CIN,ARI,Joe Burrow,00-0036442,QB,anytime_td,0.053,0.0,0.0,0.0,0.0,0.0
2025_17_ARI_CIN,CIN,ARI,Ja'Marr Chase,00-0036900,WR,car,0.198,0.0,0.0,0.0,0.0,0.0
2025_17_ARI_CIN,CIN,ARI,Ja'Marr Chase,00-0036900,WR,rush_yds,1.124,0.0,0.0,0.0,0.0,0.0
2025_17_ARI_CIN,CIN,ARI,Ja'Marr Chase,00-0036900,WR,tgt,9.581,5.0,7.0,9.0,12.0,15.0
2025_17_ARI_CIN,CIN,ARI,Ja'Marr Chase,00-0036900,WR,rec,6.283,3.0,4.0,6.0,8.0,10.0
2025_17_ARI_CIN,CIN,ARI,Ja'Marr Chase,00-0036900,WR,rec_yds,79.796,27.369,47.07,74.14,106.92,139.828
2025_17_ARI_CIN,CIN,ARI,Ja'Marr Chase,00-0036900,WR,anytime_td,0.238,0.0,0.0,0.0,0.0,1.0
2025_17_ARI_CIN,CIN,ARI,Andrei Iosivas,00-0038619,WR,car,0.176,0.0,0.0,0.0,0.0,0.0
2025_17_ARI_CIN,CIN,ARI,Andrei Iosivas,00-0038619,WR,rush_yds,1.05,0.0,0.0,0.0,0.0,0.0
2025_17_ARI_CIN,CIN,ARI,Andrei Iosivas,00-0038619,WR,tgt,2.551,0.0,1.0,2.0,4.0,5.0
2025_17_ARI_CIN,CIN,ARI,Andrei Iosivas,00-0038619,WR,rec,1.568,0.0,0.0,1.0,2.0,4.0
2025_17_ARI_CIN,CIN,ARI,Andrei Iosivas,00-0038619,WR,rec_yds,21.4,0.0,0.0,13.908,32.045,54.49
2025_17_ARI_CIN,CIN,ARI,Andrei Iosivas,00-0038619,WR,anytime_td,0.141,0.0,0.0,0.0,0.0,1.0
2025_17_ARI_CIN,CIN,ARI,Drew Sample,00-0035631,TE,car,0.084,0.0,0.0,0.0,0.0,0.0
2025_17_ARI_CIN,CIN,ARI,Drew Sample,00-0035631,TE,rush_yds,0.198,0.0,0.0,0.0,0.0,0.0
2025_17_ARI_CIN,CIN,ARI,Drew Sample,00-0035631,TE,tgt,1.002,0.0,0.0,1.0,2.0,3.0
2025_17_ARI_CIN,CIN,ARI,Drew Sample,00-0035631,TE,rec,0.752,0.0,0.0,0.0,1.0,2.0
2025_17_ARI_CIN,CIN,ARI,Drew Sample,00-0035631,TE,rec_yds,7.942,0.0,0.0,0.0,11.954,25.511
2025_17_ARI_CIN,CIN,ARI,Drew Sample,00-0035631,TE,anytime_td,0.034,0.0,0.0,0.0,0.0,0.0
2025_17_ARI_CIN,CIN,ARI,Chase Brown,00-0038597,RB,car,12.678,6.0,8.0,12.0,16.0,20.0
2025_17_ARI_CIN,CIN,ARI,Chase Brown,00-0038597,RB,rush_yds,58.44,17.877,31.023,51.609,78.652,108.232
2025_17_ARI_CIN,CIN,ARI,Chase Brown,00-0038597,RB,tgt,4.574,1.0,3.0,4.0,6.0,8.0
2025_17_ARI_CIN,CIN,ARI,Chase Brown,00-0038597,RB,rec,3.703,1.0,2.0,3.0,5.0,7.0
2025_17_ARI_CIN,CIN,ARI,Chase Brown,00-0038597,RB,rec_yds,26.062,2.659,9.822,21.115,37.15,56.686
2025_17_ARI_CIN,CIN,ARI,Chase Brown,00-0038597,RB,anytime_td,0.542,0.0,0.0,1.0,1.0,1.0
2025_17_ARI_CIN,CIN,ARI,Tee Higgins,00-0036410,WR,car,0.009,0.0,0.0,0.0,0.0,0.0
2025_17_ARI_CIN,CIN,ARI,Tee Higgins,00-0036410,WR,rush_yds,0.054,0.0,0.0,0.0,0.0,0.0
2025_17_ARI_CIN,CIN,ARI,Tee Higgins,00-0036410,WR,tgt,5.538,2.0,3.0,5.0,7.0,10.0
2025_17_ARI_CIN,CIN,ARI,Tee Higgins,00-0036410,WR,rec,3.537,1.0,2.0,3.0,5.0,7.0
2025_17_ARI_CIN,CIN,ARI,Tee Higgins,00-0036410,WR,rec_yds,51.396,8.738,22.43,44.002,71.719,103.859
2025_17_ARI_CIN,CIN,ARI,Tee Higgins,00-0036410,WR,anytime_td,0.4,0.0,0.0,0.0,1.0,1.0
2025_17_ARI_CIN,CIN,ARI,Samaje Perine,00-0033526,RB,car,6.606,2.0,3.0,6.0,9.0,12.0
2025_17_ARI_CIN,CIN,ARI,Samaje Perine,00-0033526,RB,rush_yds,29.209,3.208,10.4,22.523,40.221,63.777
2025_17_ARI_CIN,CIN,ARI,Samaje Perine,00-0033526,RB,tgt,1.164,0.0,0.0,1.0,2.0,3.0
2025_17_ARI_CIN,CIN,ARI,Samaje Perine,00-0033526,RB,rec,0.923,0.0,0.0,1.0,1.0,3.0
2025_17_ARI_CIN,CIN,ARI,Samaje Perine,00-0033526,RB,rec_yds,7.099,0.0,0.0,0.0,10.225,22.036
2025_17_ARI_CIN,CIN,ARI,Samaje Perine,00-0033526,RB,anytime_td,0.233,0.0,0.0,0.0,0.0,1.0
2025_17_ARI_CIN,CIN,ARI,Mitchell Tinsley,00-0038839,WR,car,0.005,0.0,0.0,0.0,0.0,0.0
2025_17_ARI_CIN,CIN,ARI,Mitchell Tinsley,00-0038839,WR,rush_yds,0.03,0.0,0.0,0.0,0.0,0.0
2025_17_ARI_CIN,CIN,ARI,Mitchell Tinsley,00-0038839,WR,tgt,1.672,0.0,0.0,1.0,2.0,4.0
2025_17_ARI_CIN,CIN,ARI,Mitchell Tinsley,00-0038839,WR,rec,0.92,0.0,0.0,1.0,1.0,2.0
2025_17_ARI_CIN,CIN,ARI,Mitchell Tinsley,00-0038839,WR,rec_yds,12.542,0.0,0.0,4.614,19.116,36.533
2025_17_ARI_CIN,CIN,ARI,Mitchell Tinsley,00-0038839,WR,anytime_td,0.08,0.0,0.0,0.0,0.0,0.0
2025_17_ARI_CIN,CIN,ARI,Tanner Hudson,00-0034613,TE,car,0.007,0.0,0.0,0.0,0.0,0.0
2025_17_ARI_CIN,CIN,ARI,Tanner Hudson,00-0034613,TE,rush_yds,0.014,0.0,0.0,0.0,0.0,0.0
2025_17_ARI_CIN,CIN,ARI,Tanner Hudson,00-0034613,TE,tgt,1.785,0.0,0.0,1.0,3.0,4.0
2025_17_ARI_CIN,CIN,ARI,Tanner Hudson,00-0034613,TE,rec,1.316,0.0,0.0,1.0,2.0,3.0
2025_17_ARI_CIN,CIN,ARI,Tanner Hudson,00-0034613,TE,rec_yds,13.166,0.0,0.0,7.745,20.58,35.574
2025_17_ARI_CIN,CIN,ARI,Tanner Hudson,00-0034613,TE,anytime_td,0.109,0.0,0.0,0.0,0.0,1.0
2025_17_ARI_CIN,CIN,ARI,Mike Gesicki,00-0034829,TE,car,0.002,0.0,0.0,0.0,0.0,0.0
2025_17_ARI_CIN,CIN,ARI,Mike Gesicki,00-0034829,TE,rush_yds,0.007,0.0,0.0,0.0,0.0,0.0
2025_17_ARI_CIN,CIN,ARI,Mike Gesicki,00-0034829,TE,tgt,3.345,1.0,2.0,3.0,5.0,7.0
2025_17_ARI_CIN,CIN,ARI,Mike Gesicki,00-0034829,TE,rec,2.379,0.0,1.0,2.0,3.0,5.0
2025_17_ARI_CIN,CIN,ARI,Mike Gesicki,00-0034829,TE,rec_yds,25.931,0.0,7.384,20.464,38.417,58.349
2025_17_ARI_CIN,CIN,ARI,Mike Gesicki,00-0034829,TE,anytime_td,0.199,0.0,0.0,0.0,0.0,1.0
2025_17_ARI_CIN,CIN,ARI,Noah Fant,00-0035644,TE,car,0.004,0.0,0.0,0.0,0.0,0.0
2025_17_ARI_CIN,CIN,ARI,Noah Fant,00-0035644,TE,rush_yds,0.014,0.0,0.0,0.0,0.0,0.0
2025_17_ARI_CIN,CIN,ARI,Noah Fant,00-0035644,TE,tgt,2.222,0.0,1.0,2.0,3.0,5.0
2025_17_ARI_CIN,CIN,ARI,Noah Fant,00-0035644,TE,rec,1.683,0.0,1.0,1.0,2.0,4.0
2025_17_ARI_CIN,CIN,ARI,Noah Fant,00-0035644,TE,rec_yds,17.66,0.0,0.0,11.624,26.384,44.135
2025_17_ARI_CIN,CIN,ARI,Noah Fant,00-0035644,TE,anytime_td,0.132,0.0,0.0,0.0,0.0,1.0
2025_17_ARI_CIN,CIN,ARI,Tahj Brooks,00-0040208,RB,car,2.111,0.0,0.0,1.0,3.0,5.0
2025_17_ARI_CIN,CIN,ARI,Tahj Brooks,00-0040208,RB,rush_yds,9.065,0.0,0.0,3.342,12.146,25.952
2025_17_ARI_CIN,CIN,ARI,Tahj Brooks,00-0040208,RB,tgt,0.211,0.0,0.0,0.0,0.0,1.0
2025_17_ARI_CIN,CIN,ARI,Tahj Brooks,00-0040208,RB,rec,0.162,0.0,0.0,0.0,0.0,1.0
2025_17_ARI_CIN,CIN,ARI,Tahj Brooks,00-0040208,RB,rec_yds,1.216,0.0,0.0,0.0,0.0,2.248
2025_17_ARI_CIN,CIN,ARI,Tahj Brooks,00-0040208,RB,anytime_td,0.046,0.0,0.0,0.0,0.0,0.0
2025_17_ARI_CIN,ARI,CIN,Jacoby Brissett,00-0033119,QB,att,33.846,23.0,29.0,35.0,40.0,45.0
2025_17_ARI_CIN,ARI,CIN,Jacoby Brissett,00-0033119,QB,cmp,21.963,14.0,18.0,22.0,26.0,30.0
2025_17_ARI_CIN,ARI,CIN,Jacoby Brissett,00-0033119,QB,pass_yds,235.902,145.408,189.372,236.717,285.472,333.964
2025_17_ARI_CIN,ARI,CIN,Jacoby Brissett,00-0033119,QB,pass_td,1.449,0.0,1.0,1.0,2.0,3.0
2025_17_ARI_CIN,ARI,CIN,Jacoby Brissett,00-0033119,QB,ints,0.778,0.0,0.0,1.0,1.0,2.0
2025_17_ARI_CIN,ARI,CIN,Jacoby Brissett,00-0033119,QB,car,3.495,1.0,2.0,3.0,5.0,7.0
2025_17_ARI_CIN,ARI,CIN,Jacoby Brissett,00-0033119,QB,rush_yds,14.973,0.0,3.267,11.167,22.717,35.929
2025_17_ARI_CIN,ARI,CIN,Jacoby Brissett,00-0033119,QB,tgt,0.001,0.0,0.0,0.0,0.0,0.0
2025_17_ARI_CIN,ARI,CIN,Jacoby Brissett,00-0033119,QB,rec,0.0,0.0,0.0,0.0,0.0,0.0
2025_17_ARI_CIN,ARI,CIN,Jacoby Brissett,00-0033119,QB,rec_yds,0.001,0.0,0.0,0.0,0.0,0.0
2025_17_ARI_CIN,ARI,CIN,Jacoby Brissett,00-0033119,QB,anytime_td,0.084,0.0,0.0,0.0,0.0,0.0
2025_17_ARI_CIN,ARI,CIN,Trey McBride,00-0037744,TE,car,0.001,0.0,0.0,0.0,0.0,0.0
2025_17_ARI_CIN,ARI,CIN,Trey McBride,00-0037744,TE,rush_yds,0.0,0.0,0.0,0.0,0.0,0.0
2025_17_ARI_CIN,ARI,CIN,Trey McBride,00-0037744,TE,tgt,9.426,5.0,7.0,9.0,12.0,15.0
2025_17_ARI_CIN,ARI,CIN,Trey McBride,00-0037744,TE,rec,6.964,3.0,5.0,7.0,9.0,11.0
2025_17_ARI_CIN,ARI,CIN,Trey McBride,00-0037744,TE,rec_yds,69.446,25.758,42.41,64.907,91.471,118.487
2025_17_ARI_CIN,ARI,CIN,Trey McBride,00-0037744,TE,anytime_td,0.415,0.0,0.0,0.0,1.0,1.0
2025_17_ARI_CIN,ARI,CIN,Michael Wilson,00-0038559,WR,car,0.018,0.0,0.0,0.0,0.0,0.0
2025_17_ARI_CIN,ARI,CIN,Michael Wilson,00-0038559,WR,rush_yds,0.125,0.0,0.0,0.0,0.0,0.0
2025_17_ARI_CIN,ARI,CIN,Michael Wilson,00-0038559,WR,tgt,7.101,3.0,5.0,7.0,9.0,12.0
2025_17_ARI_CIN,ARI,CIN,Michael Wilson,00-0038559,WR,rec,4.466,2.0,3.0,4.0,6.0,8.0
2025_17_ARI_CIN,ARI,CIN,Michael Wilson,00-0038559,WR,rec_yds,55.076,12.719,26.915,48.756,75.644,106.77
2025_17_ARI_CIN,ARI,CIN,Michael Wilson,00-0038559,WR,anytime_td,0.324,0.0,0.0,0.0,1.0,1.0
2025_17_ARI_CIN,ARI,CIN,Xavier Weaver,00-0039521,WR,car,0.013,0.0,0.0,0.0,0.0,0.0
2025_17_ARI_CIN,ARI,CIN,Xavier Weaver,00-0039521,WR,rush_yds,0.094,0.0,0.0,0.0,0.0,0.0
2025_17_ARI_CIN,ARI,CIN,Xavier Weaver,00-0039521,WR,tgt,1.349,0.0,0.0,1.0,2.0,3.0
2025_17_ARI_CIN,ARI,CIN,Xavier Weaver,00-0039521,WR,rec,0.833,0.0,0.0,1.0,1.0,2.0
2025_17_ARI_CIN,ARI,CIN,Xavier Weaver,00-0039521,WR,rec_yds,9.935,0.0,0.0,0.0,14.431,30.654
2025_17_ARI_CIN,ARI,CIN,Xavier Weaver,00-0039521,WR,anytime_td,0.019,0.0,0.0,0.0,0.0,0.0
2025_17_ARI_CIN,ARI,CIN,Elijah Higgins,00-0039041,TE,car,0.003,0.0,0.0,0.0,0.0,0.0
2025_17_ARI_CIN,ARI,CIN,Elijah Higgins,00-0039041,TE,rush_yds,0.004,0.0,0.0,0.0,0.0,0.0
2025_17_ARI_CIN,ARI,CIN,Elijah Higgins,00-0039041,TE,tgt,2.5,0.0,1.0,2.0,4.0,5.0
2025_17_ARI_CIN,ARI,CIN,Elijah Higgins,00-0039041,TE,rec,1.876,0.0,1.0,2.0,3.0,4.0
2025_17_ARI_CIN,ARI,CIN,Elijah Higgins,00-0039041,TE,rec_yds,18.464,0.0,3.133,13.089,27.938,44.58
2025_17_ARI_CIN,ARI,CIN,Elijah Higgins,00-0039041,TE,anytime_td,0.044,0.0,0.0,0.0,0.0,0.0
2025_17_ARI_CIN,ARI,CIN,Emari Demercado,00-0038705,RB,car,4.756,1.0,2.0,4.0,7.0,10.0
2025_17_ARI_CIN,ARI,CIN,Emari Demercado,00-0038705,RB,rush_yds,23.292,0.0,6.222,16.319,32.59,54.009
2025_17_ARI_CIN,ARI,CIN,Emari Demercado,00-0038705,RB,tgt,1.671,0.0,0.0,1.0,3.0,4.0
2025_17_ARI_CIN,ARI,CIN,Emari Demercado,00-0038705,RB,rec,1.243,0.0,0.0,1.0,2.0,3.0
2025_17_ARI_CIN,ARI,CIN,Emari Demercado,00-0038705,RB,rec_yds,8.646,0.0,0.0,4.029,12.696,25.033
2025_17_ARI_CIN,ARI,CIN,Emari Demercado,00-0038705,RB,anytime_td,0.117,0.0,0.0,0.0,0.0,1.0
2025_17_ARI_CIN,ARI,CIN,Michael Carter,00-0036924,RB,car,9.955,4.0,6.0,9.0,13.0,17.0
2025_17_ARI_CIN,ARI,CIN,Michael Carter,00-0036924,RB,rush_yds,42.099,9.93,19.718,35.439,56.981,83.291
2025_17_ARI_CIN,ARI,CIN,Michael Carter,00-0036924,RB,tgt,3.086,1.0,1.0,3.0,4.0,6.0
2025_17_ARI_CIN,ARI,CIN,Michael Carter,00-0036924,RB,rec,2.353,0.0,1.0,2.0,3.0,5.0
2025_17_ARI_CIN,ARI,CIN,Michael Carter,00-0036924,RB,rec_yds,17.857,0.0,3.58,12.539,26.255,43.514
2025_17_ARI_CIN,ARI,CIN,Michael Carter,00-0036924,RB,anytime_td,0.16,0.0,0.0,0.0,0.0,1.0
2025_17_ARI_CIN,ARI,CIN,Marvin Harrison Jr.,00-0039849,WR,car,0.005,0.0,0.0,0.0,0.0,0.0
2025_17_ARI_CIN,ARI,CIN,Marvin Harrison Jr.,00-0039849,WR,rush_yds,0.019,0.0,0.0,0.0,0.0,0.0
2025_17_ARI_CIN,ARI,CIN,Marvin Harrison Jr.,00-0039849,WR,tgt,6.23,2.0,4.0,6.0,8.0,10.1
2025_17_ARI_CIN,ARI,CIN,Marvin Harrison Jr.,00-0039849,WR,rec,3.685,1.0,2.0,3.0,5.0,7.0
2025_17_ARI_CIN,ARI,CIN,Marvin Harrison Jr.,00-0039849,WR,rec_yds,48.594,8.457,21.462,41.703,67.804,96.62
2025_17_ARI_CIN,ARI,CIN,Marvin Harrison Jr.,00-0039849,WR,anytime_td,0.263,0.0,0.0,0.0,1.0,1.0
2025_17_ARI_CIN,ARI,CIN,Jalen Brooks,00-0038640,WR,car,0.015,0.0,0.0,0.0,0.0,0.0
2025_17_ARI_CIN,ARI,CIN,Jalen Brooks,00-0038640,WR,rush_yds,0.076,0.0,0.0,0.0,0.0,0.0
2025_17_ARI_CIN,ARI,CIN,Jalen Brooks,00-0038640,WR,tgt,1.63,0.0,0.0,1.0,2.0,4.0
2025_17_ARI_CIN,ARI,CIN,Jalen Brooks,00-0038640,WR,rec,0.995,0.0,0.0,1.0,2.0,3.0
2025_17_ARI_CIN,ARI,CIN,Jalen Brooks,00-0038640,WR,rec_yds,12.54,0.0,0.0,5.151,19.019,36.41
2025_17_ARI_CIN,ARI,CIN,Jalen Brooks,00-0038640,WR,anytime_td,0.045,0.0,0.0,0.0,0.0,0.0
2025_17_ARI_CIN,ARI,CIN,Steven Sims,00-0034928,WR,car,0.162,0.0,0.0,0.0,0.0,0.0
2025_17_ARI_CIN,ARI,CIN,Steven Sims,00-0034928,WR,rush_yds,0.915,0.0,0.0,0.0,0.0,0.0
2025_17_ARI_CIN,ARI,CIN,Steven Sims,00-0034928,WR,tgt,0.988,0.0,0.0,1.0,2.0,3.0
2025_17_ARI_CIN,ARI,CIN,Steven Sims,00-0034928,WR,rec,0.604,0.0,0.0,0.0,1.0,2.0
2025_17_ARI_CIN,ARI,CIN,Steven Sims,00-0034928,WR,rec_yds,7.309,0.0,0.0,0.0,10.106,23.73
2025_17_ARI_CIN,ARI,CIN,Steven Sims,00-0034928,WR,anytime_td,0.026,0.0,0.0,0.0,0.0,0.0
2025_17_ARI_CIN,ARI,CIN,Corey Kiner,00-0040556,RB,car,4.576,1.0,2.0,4.0,6.0,9.0
2025_17_ARI_CIN,ARI,CIN,Corey Kiner,00-0040556,RB,rush_yds,20.469,0.0,4.954,14.273,29.064,48.046
2025_17_ARI_CIN,ARI,CIN,Corey Kiner,00-0040556,RB,tgt,0.181,0.0,0.0,0.0,0.0,1.0
2025_17_ARI_CIN,ARI,CIN,Corey Kiner,00-0040556,RB,rec,0.14,0.0,0.0,0.0,0.0,1.0
2025_17_ARI_CIN,ARI,CIN,Corey Kiner,00-0040556,RB,rec_yds,1.047,0.0,0.0,0.0,0.0,0.0
2025_17_ARI_CIN,ARI,CIN,Corey Kiner,00-0040556,RB,anytime_td,0.109,0.0,0.0,0.0,0.0,1.0
2025_17_CHI_SF,SF,CHI,Brock Purdy,00-0037834,QB,att,29.574,19.0,25.0,30.0,35.0,40.0
2025_17_CHI_SF,SF,CHI,Brock Purdy,00-0037834,QB,cmp,20.17,13.0,17.0,21.0,24.0,28.0
2025_17_CHI_SF,SF,CHI,Brock Purdy,00-0037834,QB,pass_yds,237.13,140.874,186.83,237.911,290.312,340.321
2025_17_CHI_SF,SF,CHI,Brock Purdy,00-0037834,QB,pass_td,1.749,0.0,1.0,2.0,3.0,3.0
2025_17_CHI_SF,SF,CHI,Brock Purdy,00-0037834,QB,ints,0.775,0.0,0.0,1.0,1.0,2.0
2025_17_CHI_SF,SF,CHI,Brock Purdy,00-0037834,QB,car,3.814,1.0,2.0,3.0,5.0,7.0
2025_17_CHI_SF,SF,CHI,Brock Purdy,00-0037834,QB,rush_yds,16.509,0.0,3.93,12.547,24.235,39.104
2025_17_CHI_SF,SF,CHI,Brock Purdy,00-0037834,QB,tgt,0.001,0.0,0.0,0.0,0.0,0.0
2025_17_CHI_SF,SF,CHI,Brock Purdy,00-0037834,QB,rec,0.001,0.0,0.0,0.0,0.0,0.0
2025_17_CHI_SF,SF,CHI,Brock Purdy,00-0037834,QB,rec_yds,0.004,0.0,0.0,0.0,0.0,0.0
2025_17_CHI_SF,SF,CHI,Brock Purdy,00-0037834,QB,anytime_td,0.224,0.0,0.0,0.0,0.0,1.0
2025_17_CHI_SF,SF,CHI,Jauan Jennings,00-0036259,WR,car,0.008,0.0,0.0,0.0,0.0,0.0
2025_17_CHI_SF,SF,CHI,Jauan Jennings,00-0036259,WR,rush_yds,0.042,0.0,0.0,0.0,0.0,0.0
2025_17_CHI_SF,SF,CHI,Jauan Jennings,00-0036259,WR,tgt,6.671,3.0,4.0,6.0,9.0,11.0
2025_17_CHI_SF,SF,CHI,Jauan Jennings,00-0036259,WR,rec,4.393,1.0,3.0,4.0,6.0,8.0
2025_17_CHI_SF,SF,CHI,Jauan Jennings,00-0036259,WR,rec_yds,58.091,13.739,29.237,52.074,80.557,110.74
2025_17_CHI_SF,SF,CHI,Jauan Jennings,00-0036259,WR,anytime_td,0.407,0.0,0.0,0.0,1.0,1.0
2025_17_CHI_SF,SF,CHI,Christian McCaffrey,00-0033280,RB,car,18.261,10.0,14.0,18.0,23.0,27.0
2025_17_CHI_SF,SF,CHI,Christian McCaffrey,00-0033280,RB,rush_yds,82.766,34.043,51.716,75.474,107.343,140.55
2025_17_CHI_SF,SF,CHI,Christian McCaffrey,00-0033280,RB,tgt,6.793,3.0,5.0,6.0,9.0,11.0
2025_17_CHI_SF,SF,CHI,Christian McCaffrey,00-0033280,RB,rec,5.56,2.0,4.0,5.0,7.0,9.0
2025_17_CHI_SF,SF,CHI,Christian McCaffrey,00-0033280,RB,rec_yds,48.321,12.057,24.671,42.963,65.688,92.33
2025_17_CHI_SF,SF,CHI,Christian McCaffrey,00-0033280,RB,anytime_td,0.687,0.0,0.0,1.0,1.0,1.0
2025_17_CHI_SF,SF,CHI,Ricky Pearsall,00-0039916,WR,car,0.236,0.0,0.0,0.0,0.0,1.0
2025_17_CHI_SF,SF,CHI,Ricky Pearsall,00-0039916,WR,rush_yds,1.57,0.0,0.0,0.0,0.0,0.0
2025_17_CHI_SF,SF,CHI,Ricky Pearsall,00-0039916,WR,tgt,5.456,2.0,3.0,5.0,7.0,9.0
2025_17_CHI_SF,SF,CHI,Ricky Pearsall,00-0039916,WR,rec,3.701,1.0,2.0,3.0,5.0,7.0
2025_17_CHI_SF,SF,CHI,Ricky Pearsall,00-0039916,WR,rec_yds,53.214,9.414,23.917,46.949,74.935,106.431
2025_17_CHI_SF,SF,CHI,Ricky Pearsall,00-0039916,WR,anytime_td,0.104,0.0,0.0,0.0,0.0,1.0
2025_17_CHI_SF,SF,CHI,Jake Tonges,00-0037112,TE,car,0.001,0.0,0.0,0.0,0.0,0.0
2025_17_CHI_SF,SF,CHI,Jake Tonges,00-0037112,TE,rush_yds,0.001,0.0,0.0,0.0,0.0,0.0
2025_17_CHI_SF,SF,CHI,Jake Tonges,00-0037112,TE,tgt,1.593,0.0,0.0,1.0,2.0,4.0
2025_17_CHI_SF,SF,CHI,Jake Tonges,00-0037112,TE,rec,1.145,0.0,0.0,1.0,2.0,3.0
2025_17_CHI_SF,SF,CHI,Jake Tonges,00-0037112,TE,rec_yds,12.233,0.0,0.0,6.458,18.812,35.427
2025_17_CHI_SF,SF,CHI,Jake Tonges,00-0037112,TE,anytime_td,0.111,0.0,0.0,0.0,0.0,1.0
2025_17_CHI_SF,SF,CHI,Kyle Juszczyk,00-0029892,RB,car,0.302,0.0,0.0,0.0,0.0,1.0
2025_17_CHI_SF,SF,CHI,Kyle Juszczyk,00-0029892,RB,rush_yds,1.4,0.0,0.0,0.0,0.0,3.029
2025_17_CHI_SF,SF,CHI,Kyle Juszczyk,00-0029892,RB,tgt,1.456,0.0,0.0,1.0,2.0,3.0
2025_17_CHI_SF,SF,CHI,Kyle Juszczyk,00-0029892,RB,rec,1.189,0.0,0.0,1.0,2.0,3.0
2025_17_CHI_SF,SF,CHI,Kyle Juszczyk,00-0029892,RB,rec_yds,10.044,0.0,0.0,4.504,14.844,29.11
2025_17_CHI_SF,SF,CHI,Kyle Juszczyk,00-0029892,RB,anytime_td,0.049,0.0,0.0,0.0,0.0,0.0
2025_17_CHI_SF,SF,CHI,Luke Farrell,00-0036887,TE,car,0.002,0.0,0.0,0.0,0.0,0.0
2025_17_CHI_SF,SF,CHI,Luke Farrell,00-0036887,TE,rush_yds,0.003,0.0,0.0,0.0,0.0,0.0
2025_17_CHI_SF,SF,CHI,Luke Farrell,00-0036887,TE,tgt,0.843,0.0,0.0,0.0,1.0,2.0
2025_17_CHI_SF,SF,CHI,Luke Farrell,00-0036887,TE,rec,0.619,0.0,0.0,0.0,1.0,2.0
2025_17_CHI_SF,SF,CHI,Luke Farrell,00-0036887,TE,rec_yds,6.726,0.0,0.0,0.0,9.532,22.671
2025_17_CHI_SF,SF,CHI,Luke Farrell,00-0036887,TE,anytime_td,0.07,0.0,0.0,0.0,0.0,0.0
2025_17_CHI_SF,SF,CHI,Demarcus Robinson,00-0032775,WR,car,0.118,0.0,0.0,0.0,0.0,0.0
2025_17_CHI_SF,SF,CHI,Demarcus Robinson,00-0032775,WR,rush_yds,0.753,0.0,0.0,0.0,0.0,0.0
2025_17_CHI_SF,SF,CHI,Demarcus Robinson,00-0032775,WR,tgt,2.441,0.0,1.0,2.0,3.0,5.0
2025_17_CHI_SF,SF,CHI,Demarcus Robinson,00-0032775,WR,rec,1.577,0.0,0.0,1.0,2.0,4.0
2025_17_CHI_SF,SF,CHI,Demarcus Robinson,00-0032775,WR,rec_yds,22.169,0.0,0.0,14.761,33.867,56.689
2025_17_CHI_SF,SF,CHI,Demarcus Robinson,00-0032775,WR,anytime_td,0.124,0.0,0.0,0.0,0.0,1.0
2025_17_CHI_SF,SF,CHI,Kendrick Bourne,00-0033307,WR,car,0.012,0.0,0.0,0.0,0.0,0.0
2025_17_CHI_SF,SF,CHI,Kendrick Bourne,00-0033307,WR,rush_yds,0.077,0.0,0.0,0.0,0.0,0.0
2025_17_CHI_SF,SF,CHI,Kendrick Bourne,00-0033307,WR,tgt,3.234,1.0,2.0,3.0,4.0,6.0
2025_17_CHI_SF,SF,CHI,Kendrick Bourne,00-0033307,WR,rec,2.124,0.0,1.0,2.0,3.0,4.0
2025_17_CHI_SF,SF,CHI,Kendrick Bourne,00-0033307,WR,rec_yds,29.423,0.0,7.211,21.749,44.197,69.982
2025_17_CHI_SF,SF,CHI,Kendrick Bourne,00-0033307,WR,anytime_td,0.036,0.0,0.0,0.0,0.0,0.0
2025_17_CHI_SF,SF,CHI,Brian Robinson,00-0037746,RB,car,6.264,1.0,3.0,5.0,9.0,12.0
2025_17_CHI_SF,SF,CHI,Brian Robinson,00-0037746,RB,rush_yds,29.59,2.19,9.393,22.223,41.398,67.419
2025_17_CHI_SF,SF,CHI,Brian Robinson,00-0037746,RB,tgt,0.794,0.0,0.0,0.0,1.0,2.0
2025_17_CHI_SF,SF,CHI,Brian Robinson,00-0037746,RB,rec,0.603,0.0,0.0,0.0,1.0,2.0
2025_17_CHI_SF,SF,CHI,Brian Robinson,00-0037746,RB,rec_yds,4.673,0.0,0.0,0.0,5.96,15.557
2025_17_CHI_SF,SF,CHI,Brian Robinson,00-0037746,RB,anytime_td,0.19,0.0,0.0,0.0,0.0,1.0
2025_17_CHI_SF,SF,CHI,Skyy Moore,00-0038090,WR,car,0.066,0.0,0.0,0.0,0.0,0.0
2025_17_CHI_SF,SF,CHI,Skyy Moore,00-0038090,WR,rush_yds,0.404,0.0,0.0,0.0,0.0,0.0
2025_17_CHI_SF,SF,CHI,Skyy Moore,00-0038090,WR,tgt,0.769,0.0,0.0,0.0,1.0,2.0
2025_17_CHI_SF,SF,CHI,Skyy Moore,00-0038090,WR,rec,0.49,0.0,0.0,0.0,1.0,2.0
2025_17_CHI_SF,SF,CHI,Skyy Moore,00-0038090,WR,rec_yds,6.898,0.0,0.0,0.0,8.554,24.208
2025_17_CHI_SF,SF,CHI,Skyy Moore,00-0038090,WR,anytime_td,0.005,0.0,0.0,0.0,0.0,0.0
2025_17_CHI_SF,CHI,SF,Caleb Williams,00-0039918,QB,att,31.31,21.0,27.0,32.0,37.0,42.0
2025_17_CHI_SF,CHI,SF,Caleb Williams,00-0039918,QB,cmp,20.03,12.0,16.0,20.0,24.0,28.0
2025_17_CHI_SF,CHI,SF,Caleb Williams,00-0039918,QB,pass_yds,224.955,133.344,178.179,225.743,273.517,320.478
2025_17_CHI_SF,CHI,SF,Caleb Williams,00-0039918,QB,pass_td,1.417,0.0,1.0,1.0,2.0,3.0
2025_17_CHI_SF,CHI,SF,Caleb Williams,00-0039918,QB,ints,0.616,0.0,0.0,0.0,1.0,2.0
2025_17_CHI_SF,CHI,SF,Caleb Williams,00-0039918,QB,car,3.837,1.0,2.0,3.0,5.0,7.0
2025_17_CHI_SF,CHI,SF,Caleb Williams,00-0039918,QB,rush_yds,20.664,0.0,6.402,16.74,29.942,45.88
2025_17_CHI_SF,CHI,SF,Caleb Williams,00-0039918,QB,tgt,0.0,0.0,0.0,0.0,0.0,0.0
2025_17_CHI_SF,CHI,SF,Caleb Williams,00-0039918,QB,rec,0.0,0.0,0.0,0.0,0.0,0.0
2025_17_CHI_SF,CHI,SF,Caleb Williams,00-0039918,QB,rec_yds,0.003,0.0,0.0,0.0,0.0,0.0
2025_17_CHI_SF,CHI,SF,Caleb Williams,00-0039918,QB,anytime_td,0.152,0.0,0.0,0.0,0.0,1.0
2025_17_CHI_SF,CHI,SF,DJ Moore,00-0034827,WR,car,0.674,0.0,0.0,0.0,1.0,2.0
2025_17_CHI_SF,CHI,SF,DJ Moore,00-0034827,WR,rush_yds,3.865,0.0,0.0,0.0,0.948,13.693
2025_17_CHI_SF,CHI,SF,DJ Moore,00-0034827,WR,tgt,6.931,3.0,5.0,7.0,9.0,11.0
2025_17_CHI_SF,CHI,SF,DJ Moore,00-0034827,WR,rec,4.213,1.0,3.0,4.0,6.0,7.0
2025_17_CHI_SF,CHI,SF,DJ Moore,00-0034827,WR,rec_yds,56.177,12.293,27.738,49.455,77.374,107.262
2025_17_CHI_SF,CHI,SF,DJ Moore,00-0034827,WR,anytime_td,0.373,0.0,0.0,0.0,1.0,1.0
2025_17_CHI_SF,CHI,SF,Colston Loveland,00-0040126,TE,car,0.114,0.0,0.0,0.0,0.0,0.0
2025_17_CHI_SF,CHI,SF,Colston Loveland,00-0040126,TE,rush_yds,0.27,0.0,0.0,0.0,0.0,0.0
2025_17_CHI_SF,CHI,SF,Colston Loveland,00-0040126,TE,tgt,6.251,2.0,4.0,6.0,8.0,11.0
2025_17_CHI_SF,CHI,SF,Colston Loveland,00-0040126,TE,rec,4.332,1.0,2.0,4.0,6.0,8.0
2025_17_CHI_SF,CHI,SF,Colston Loveland,00-0040126,TE,rec_yds,48.174,11.508,23.97,42.27,66.943,92.959
2025_17_CHI_SF,CHI,SF,Colston Loveland,00-0040126,TE,anytime_td,0.235,0.0,0.0,0.0,0.0,1.0
2025_17_CHI_SF,CHI,SF,Jahdae Walker,00-0040277,WR,car,0.01,0.0,0.0,0.0,0.0,0.0
2025_17_CHI_SF,CHI,SF,Jahdae Walker,00-0040277,WR,rush_yds,0.065,0.0,0.0,0.0,0.0,0.0
2025_17_CHI_SF,CHI,SF,Jahdae Walker,00-0040277,WR,tgt,1.093,0.0,0.0,1.0,2.0,3.0
2025_17_CHI_SF,CHI,SF,Jahdae Walker,00-0040277,WR,rec,0.674,0.0,0.0,0.0,1.0,2.0
2025_17_CHI_SF,CHI,SF,Jahdae Walker,00-0040277,WR,rec_yds,8.317,0.0,0.0,0.0,11.641,27.242
2025_17_CHI_SF,CHI,SF,Jahdae Walker,00-0040277,WR,anytime_td,0.104,0.0,0.0,0.0,0.0,1.0
2025_17_CHI_SF,CHI,SF,Cole Kmet,00-0036290,TE,car,0.001,0.0,0.0,0.0,0.0,0.0
2025_17_CHI_SF,CHI,SF,Cole Kmet,00-0036290,TE,rush_yds,0.004,0.0,0.0,0.0,0.0,0.0
2025_17_CHI_SF,CHI,SF,Cole Kmet,00-0036290,TE,tgt,4.052,1.0,2.0,4.0,6.0,7.0
2025_17_CHI_SF,CHI,SF,Cole Kmet,00-0036290,TE,rec,2.775,0.0,1.0,2.0,4.0,5.0
2025_17_CHI_SF,CHI,SF,Cole Kmet,00-0036290,TE,rec_yds,29.772,0.0,10.162,24.845,43.476,63.195
2025_17_CHI_SF,CHI,SF,Cole Kmet,00-0036290,TE,anytime_td,0.122,0.0,0.0,0.0,0.0,1.0
2025_17_CHI_SF,CHI,SF,D'Andre Swift,00-0036275,RB,car,12.529,6.0,8.0,12.0,16.0,20.1
2025_17_CHI_SF,CHI,SF,D'Andre Swift,00-0036275,RB,rush_yds,57.137,17.27,29.554,49.491,76.751,106.103
2025_17_CHI_SF,CHI,SF,D'Andre Swift,00-0036275,RB,tgt,3.486,1.0,2.0,3.0,5.0,7.0
2025_17_CHI_SF,CHI,SF,D'Andre Swift,00-0036275,RB,rec,2.582,0.0,1.0,2.0,4.0,5.0
2025_17_CHI_SF,CHI,SF,D'Andre Swift,00-0036275,RB,rec_yds,19.546,0.0,4.8,14.832,28.619,45.443
2025_17_CHI_SF,CHI,SF,D'Andre Swift,00-0036275,RB,anytime_td,0.414,0.0,0.0,0.0,1.0,1.0
2025_17_CHI_SF,CHI,SF,Luther Burden III,00-0040735,WR,car,0.364,0.0,0.0,0.0,0.0,1.0
2025_17_CHI_SF,CHI,SF,Luther Burden III,00-0040735,WR,rush_yds,1.93,0.0,0.0,0.0,0.0,4.938
2025_17_CHI_SF,CHI,SF,Luther Burden III,00-0040735,WR,tgt,5.833,2.0,4.0,6.0,8.0,10.0
2025_17_CHI_SF,CHI,SF,Luther Burden III,00-0040735,WR,rec,3.886,1.0,2.0,4.0,5.0,7.0
2025_17_CHI_SF,CHI,SF,Luther Burden III,00-0040735,WR,rec_yds,50.183,9.001,22.491,44.286,71.024,98.663
2025_17_CHI_SF,CHI,SF,Luther Burden III,00-0040735,WR,anytime_td,0.087,0.0,0.0,0.0,0.0,0.0
2025_17_CHI_SF,CHI,SF,Kyle Monangai,00-0040236,RB,car,9.849,4.0,6.0,9.0,13.0,17.0
2025_17_CHI_SF,CHI,SF,Kyle Monangai,00-0040236,RB,rush_yds,43.205,9.744,19.951,36.161,58.75,86.162
2025_17_CHI_SF,CHI,SF,Kyle Monangai,00-0040236,RB,tgt,2.481,0.0,1.0,2.0,4.0,5.0
2025_17_CHI_SF,CHI,SF,Kyle Monangai,00-0040236,RB,rec,1.741,0.0,1.0,1.0,3.0,4.0
2025_17_CHI_SF,CHI,SF,Kyle Monangai,00-0040236,RB,rec_yds,14.194,0.0,0.0,9.353,21.252,36.575
2025_17_CHI_SF,CHI,SF,Kyle Monangai,00-0040236,RB,anytime_td,0.303,0.0,0.0,0.0,1.0,1.0
2025_17_CHI_SF,CHI,SF,Durham Smythe,00-0034798,TE,car,0.001,0.0,0.0,0.0,0.0,0.0
2025_17_CHI_SF,CHI,SF,Durham Smythe,00-0034798,TE,rush_yds,0.002,0.0,0.0,0.0,0.0,0.0
2025_17_CHI_SF,CHI,SF,Durham Smythe,00-0034798,TE,tgt,0.671,0.0,0.0,0.0,1.0,2.0
2025_17_CHI_SF,CHI,SF,Durham Smythe,00-0034798,TE,rec,0.463,0.0,0.0,0.0,1.0,1.0
2025_17_CHI_SF,CHI,SF,Durham Smythe,00-0034798,TE,rec_yds,4.611,0.0,0.0,0.0,6.001,16.498
2025_17_CHI_SF,CHI,SF,Durham Smythe,00-0034798,TE,anytime_td,0.007,0.0,0.0,0.0,0.0,0.0
2025_17_CHI_SF,CHI,SF,Devin Duvernay,00-0036331,WR,car,0.047,0.0,0.0,0.0,0.0,0.0
2025_17_CHI_SF,CHI,SF,Devin Duvernay,00-0036331,WR,rush_yds,0.286,0.0,0.0,0.0,0.0,0.0
2025_17_CHI_SF,CHI,SF,Devin Duvernay,00-0036331,WR,tgt,1.164,0.0,0.0,1.0,2.0,3.0
2025_17_CHI_SF,CHI,SF,Devin Duvernay,00-0036331,WR,rec,0.705,0.0,0.0,0.0,1.0,2.0
2025_17_CHI_SF,CHI,SF,Devin Duvernay,00-0036331,WR,rec_yds,8.899,0.0,0.0,0.0,12.959,28.41
2025_17_CHI_SF,CHI,SF,Devin Duvernay,00-0036331,WR,anytime_td,0.018,0.0,0.0,0.0,0.0,0.0
2025_17_JAX_IND,IND,JAX,Philip Rivers,00-0022942,QB,att,32.889,22.0,28.0,34.0,39.0,44.0
2025_17_JAX_IND,IND,JAX,Philip Rivers,00-0022942,QB,cmp,21.231,13.0,18.0,22.0,25.0,29.0
2025_17_JAX_IND,IND,JAX,Philip Rivers,00-0022942,QB,pass_yds,230.101,141.867,183.347,229.28,279.615,328.919
2025_17_JAX_IND,IND,JAX,Philip Rivers,00-0022942,QB,pass_td,1.445,0.0,1.0,1.0,2.0,3.0
2025_17_JAX_IND,IND,JAX,Philip Rivers,00-0022942,QB,ints,0.851,0.0,0.0,1.0,1.0,2.0
2025_17_JAX_IND,IND,JAX,Philip Rivers,00-0022942,QB,car,2.096,0.0,1.0,2.0,3.0,5.0
2025_17_JAX_IND,IND,JAX,Philip Rivers,00-0022942,QB,rush_yds,8.459,-1.0,0.0,3.989,12.97,25.67
2025_17_JAX_IND,IND,JAX,Philip Rivers,00-0022942,QB,tgt,0.0,0.0,0.0,0.0,0.0,0.0
2025_17_JAX_IND,IND,JAX,Philip Rivers,00-0022942,QB,rec,0.0,0.0,0.0,0.0,0.0,0.0
2025_17_JAX_IND,IND,JAX,Philip Rivers,00-0022942,QB,rec_yds,0.001,0.0,0.0,0.0,0.0,0.0
2025_17_JAX_IND,IND,JAX,Philip Rivers,00-0022942,QB,anytime_td,0.033,0.0,0.0,0.0,0.0,0.0
2025_17_JAX_IND,IND,JAX,Alec Pierce,00-0037664,WR,car,0.006,0.0,0.0,0.0,0.0,0.0
2025_17_JAX_IND,IND,JAX,Alec Pierce,00-0037664,WR,rush_yds,0.03,0.0,0.0,0.0,0.0,0.0
2025_17_JAX_IND,IND,JAX,Alec Pierce,00-0037664,WR,tgt,5.414,2.0,3.0,5.0,7.0,9.0
2025_17_JAX_IND,IND,JAX,Alec Pierce,00-0037664,WR,rec,3.428,1.0,2.0,3.0,5.0,6.0
2025_17_JAX_IND,IND,JAX,Alec Pierce,00-0037664,WR,rec_yds,53.004,7.918,22.569,45.882,75.158,106.077
2025_17_JAX_IND,IND,JAX,Alec Pierce,00-0037664,WR,anytime_td,0.334,0.0,0.0,0.0,1.0,1.0
2025_17_JAX_IND,IND,JAX,Jonathan Taylor,00-0036223,RB,car,17.894,10.0,13.0,17.0,22.0,27.0
2025_17_JAX_IND,IND,JAX,Jonathan Taylor,00-0036223,RB,rush_yds,77.729,30.672,47.584,71.463,99.681,133.143
2025_17_JAX_IND,IND,JAX,Jonathan Taylor,00-0036223,RB,tgt,3.002,1.0,1.0,3.0,4.0,6.0
2025_17_JAX_IND,IND,JAX,Jonathan Taylor,00-0036223,RB,rec,2.411,0.0,1.0,2.0,3.0,5.0
2025_17_JAX_IND,IND,JAX,Jonathan Taylor,00-0036223,RB,rec_yds,18.651,0.0,4.067,13.607,27.544,44.309
2025_17_JAX_IND,IND,JAX,Jonathan Taylor,00-0036223,RB,anytime_td,0.588,0.0,0.0,1.0,1.0,1.0
2025_17_JAX_IND,IND,JAX,Tyler Warren,00-0040128,TE,car,0.268,0.0,0.0,0.0,0.0,1.0
2025_17_JAX_IND,IND,JAX,Tyler Warren,00-0040128,TE,rush_yds,0.607,0.0,0.0,0.0,0.0,0.956
2025_17_JAX_IND,IND,JAX,Tyler Warren,00-0040128,TE,tgt,6.873,3.0,4.0,6.0,9.0,11.0
2025_17_JAX_IND,IND,JAX,Tyler Warren,00-0040128,TE,rec,4.488,2.0,3.0,4.0,6.0,8.0
2025_17_JAX_IND,IND,JAX,Tyler Warren,00-0040128,TE,rec_yds,45.492,11.01,23.021,40.424,62.248,87.035
2025_17_JAX_IND,IND,JAX,Tyler Warren,00-0040128,TE,anytime_td,0.263,0.0,0.0,0.0,1.0,1.0
2025_17_JAX_IND,IND,JAX,Michael Pittman,00-0036252,WR,car,0.002,0.0,0.0,0.0,0.0,0.0
2025_17_JAX_IND,IND,JAX,Michael Pittman,00-0036252,WR,rush_yds,0.007,0.0,0.0,0.0,0.0,0.0
2025_17_JAX_IND,IND,JAX,Michael Pittman,00-0036252,WR,tgt,7.004,3.0,5.0,7.0,9.0,11.0
2025_17_JAX_IND,IND,JAX,Michael Pittman,00-0036252,WR,rec,4.758,2.0,3.0,4.0,6.0,8.0
2025_17_JAX_IND,IND,JAX,Michael Pittman,00-0036252,WR,rec_yds,51.592,13.084,26.397,45.878,70.141,97.005
2025_17_JAX_IND,IND,JAX,Michael Pittman,00-0036252,WR,anytime_td,0.262,0.0,0.0,0.0,1.0,1.0
2025_17_JAX_IND,IND,JAX,Josh Downs,00-0038997,WR,car,0.147,0.0,0.0,0.0,0.0,0.0
2025_17_JAX_IND,IND,JAX,Josh Downs,00-0038997,WR,rush_yds,0.674,0.0,0.0,0.0,0.0,0.0
2025_17_JAX_IND,IND,JAX,Josh Downs,00-0038997,WR,tgt,6.273,2.0,4.0,6.0,8.0,11.0
2025_17_JAX_IND,IND,JAX,Josh Downs,00-0038997,WR,rec,3.908,1.0,2.0,4.0,5.0,7.0
2025_17_JAX_IND,IND,JAX,Josh Downs,00-0038997,WR,rec_yds,42.873,7.466,19.618,37.06,59.975,86.36
2025_17_JAX_IND,IND,JAX,Josh Downs,00-0038997,WR,anytime_td,0.277,0.0,0.0,0.0,1.0,1.0
2025_17_JAX_IND,IND,JAX,Mo Alie-Cox,00-0033217,TE,car,0.002,0.0,0.0,0.0,0.0,0.0
2025_17_JAX_IND,IND,JAX,Mo Alie-Cox,00-0033217,TE,rush_yds,0.004,0.0,0.0,0.0,0.0,0.0
2025_17_JAX_IND,IND,JAX,Mo Alie-Cox,00-0033217,TE,tgt,1.06,0.0,0.0,1.0,2.0,3.0
2025_17_JAX_IND,IND,JAX,Mo Alie-Cox,00-0033217,TE,rec,0.717,0.0,0.0,0.0,1.0,2.0
2025_17_JAX_IND,IND,JAX,Mo Alie-Cox,00-0033217,TE,rec_yds,7.178,0.0,0.0,0.0,10.374,22.455
2025_17_JAX_IND,IND,JAX,Mo Alie-Cox,00-0033217,TE,anytime_td,0.019,0.0,0.0,0.0,0.0,0.0
2025_17_JAX_IND,IND,JAX,Will Mallory,00-0038394,TE,car,0.001,0.0,0.0,0.0,0.0,0.0
2025_17_JAX_IND,IND,JAX,Will Mallory,00-0038394,TE,rush_yds,0.001,0.0,0.0,0.0,0.0,0.0
2025_17_JAX_IND,IND,JAX,Will Mallory,00-0038394,TE,tgt,0.772,0.0,0.0,0.0,1.0,2.0
2025_17_JAX_IND,IND,JAX,Will Mallory,00-0038394,TE,rec,0.544,0.0,0.0,0.0,1.0,2.0
2025_17_JAX_IND,IND,JAX,Will Mallory,00-0038394,TE,rec_yds,5.387,0.0,0.0,0.0,7.042,18.799
2025_17_JAX_IND,IND,JAX,Will Mallory,00-0038394,TE,anytime_td,0.017,0.0,0.0,0.0,0.0,0.0
2025_17_JAX_IND,IND,JAX,Ashton Dulin,00-0035021,WR,car,0.237,0.0,0.0,0.0,0.0,1.0
2025_17_JAX_IND,IND,JAX,Ashton Dulin,00-0035021,WR,rush_yds,1.244,0.0,0.0,0.0,0.0,0.0
2025_17_JAX_IND,IND,JAX,Ashton Dulin,00-0035021,WR,tgt,0.9,0.0,0.0,0.0,1.0,3.0
2025_17_JAX_IND,IND,JAX,Ashton Dulin,00-0035021,WR,rec,0.57,0.0,0.0,0.0,1.0,2.0
2025_17_JAX_IND,IND,JAX,Ashton Dulin,00-0035021,WR,rec_yds,7.607,0.0,0.0,0.0,10.666,25.838
2025_17_JAX_IND,IND,JAX,Ashton Dulin,00-0035021,WR,anytime_td,0.013,0.0,0.0,0.0,0.0,0.0
2025_17_JAX_IND,IND,JAX,Ameer Abdullah,00-0032104,RB,car,1.541,0.0,0.0,1.0,2.0,4.0
2025_17_JAX_IND,IND,JAX,Ameer Abdullah,00-0032104,RB,rush_yds,6.383,0.0,0.0,0.905,8.056,19.257
2025_17_JAX_IND,IND,JAX,Ameer Abdullah,00-0032104,RB,tgt,1.682,0.0,0.0,1.0,3.0,4.0
2025_17_JAX_IND,IND,JAX,Ameer Abdullah,00-0032104,RB,rec,1.367,0.0,0.0,1.0,2.0,3.0
2025_17_JAX_IND,IND,JAX,Ameer Abdullah,00-0032104,RB,rec_yds,9.454,0.0,0.0,4.944,14.093,26.438
2025_17_JAX_IND,IND,JAX,Ameer Abdullah,00-0032104,RB,anytime_td,0.089,0.0,0.0,0.0,0.0,0.0
2025_17_JAX_IND,IND,JAX,DJ Giddens,00-0040179,RB,car,1.965,0.0,0.0,1.0,3.0,5.0
2025_17_JAX_IND,IND,JAX,DJ Giddens,00-0040179,RB,rush_yds,7.97,0.0,0.0,2.568,10.685,23.089
2025_17_JAX_IND,IND,JAX,DJ Giddens,00-0040179,RB,tgt,0.35,0.0,0.0,0.0,0.0,1.0
2025_17_JAX_IND,IND,JAX,DJ Giddens,00-0040179,RB,rec,0.27,0.0,0.0,0.0,0.0,1.0
2025_17_JAX_IND,IND,JAX,DJ Giddens,00-0040179,RB,rec_yds,2.007,0.0,0.0,0.0,0.0,7.59
2025_17_JAX_IND,IND,JAX,DJ Giddens,00-0040179,RB,anytime_td,0.032,0.0,0.0,0.0,0.0,0.0
2025_17_JAX_IND,JAX,IND,Trevor Lawrence,00-0036971,QB,att,31.052,21.0,26.0,32.0,37.0,42.0
2025_17_JAX_IND,JAX,IND,Trevor Lawrence,00-0036971,QB,cmp,20.135,13.0,17.0,20.0,24.0,28.0
2025_17_JAX_IND,JAX,IND,Trevor Lawrence,00-0036971,QB,pass_yds,243.077,148.103,193.952,244.127,294.63,347.301
2025_17_JAX_IND,JAX,IND,Trevor Lawrence,00-0036971,QB,pass_td,1.715,0.0,1.0,2.0,2.0,3.0
2025_17_JAX_IND,JAX,IND,Trevor Lawrence,00-0036971,QB,ints,0.638,0.0,0.0,0.0,1.0,2.0
2025_17_JAX_IND,JAX,IND,Trevor Lawrence,00-0036971,QB,car,5.372,2.0,3.0,5.0,7.0,10.0
2025_17_JAX_IND,JAX,IND,Trevor Lawrence,00-0036971,QB,rush_yds,24.544,1.726,9.287,20.639,35.337,51.001
2025_17_JAX_IND,JAX,IND,Trevor Lawrence,00-0036971,QB,tgt,0.0,0.0,0.0,0.0,0.0,0.0
2025_17_JAX_IND,JAX,IND,Trevor Lawrence,00-0036971,QB,rec,0.0,0.0,0.0,0.0,0.0,0.0
2025_17_JAX_IND,JAX,IND,Trevor Lawrence,00-0036971,QB,rec_yds,0.0,0.0,0.0,0.0,0.0,0.0
2025_17_JAX_IND,JAX,IND,Trevor Lawrence,00-0036971,QB,anytime_td,0.338,0.0,0.0,0.0,1.0,1.0
2025_17_JAX_IND,JAX,IND,Jakobi Meyers,00-0034960,WR,car,0.673,0.0,0.0,0.0,1.0,2.0
2025_17_JAX_IND,JAX,IND,Jakobi Meyers,00-0034960,WR,rush_yds,3.736,0.0,0.0,0.0,1.001,13.489
2025_17_JAX_IND,JAX,IND,Jakobi Meyers,00-0034960,WR,tgt,7.173,3.0,5.0,7.0,9.0,12.0
2025_17_JAX_IND,JAX,IND,Jakobi Meyers,00-0034960,WR,rec,4.702,2.0,3.0,4.0,6.0,8.0
2025_17_JAX_IND,JAX,IND,Jakobi Meyers,00-0034960,WR,rec_yds,59.642,15.561,30.822,52.878,81.705,113.238
2025_17_JAX_IND,JAX,IND,Jakobi Meyers,00-0034960,WR,anytime_td,0.26,0.0,0.0,0.0,1.0,1.0
2025_17_JAX_IND,JAX,IND,Parker Washington,00-0038606,WR,car,0.391,0.0,0.0,0.0,0.0,1.0
2025_17_JAX_IND,JAX,IND,Parker Washington,00-0038606,WR,rush_yds,2.269,0.0,0.0,0.0,0.0,6.628
2025_17_JAX_IND,JAX,IND,Parker Washington,00-0038606,WR,tgt,5.601,2.0,3.0,5.0,7.0,10.0
2025_17_JAX_IND,JAX,IND,Parker Washington,00-0038606,WR,rec,3.573,1.0,2.0,3.0,5.0,6.0
2025_17_JAX_IND,JAX,IND,Parker Washington,00-0038606,WR,rec_yds,51.52,8.833,22.405,44.064,72.97,103.732
2025_17_JAX_IND,JAX,IND,Parker Washington,00-0038606,WR,anytime_td,0.266,0.0,0.0,0.0,1.0,1.0
2025_17_JAX_IND,JAX,IND,Brenton Strange,00-0038935,TE,car,0.003,0.0,0.0,0.0,0.0,0.0
2025_17_JAX_IND,JAX,IND,Brenton Strange,00-0038935,TE,rush_yds,0.005,0.0,0.0,0.0,0.0,0.0
2025_17_JAX_IND,JAX,IND,Brenton Strange,00-0038935,TE,tgt,4.801,2.0,3.0,4.0,6.0,8.0
2025_17_JAX_IND,JAX,IND,Brenton Strange,00-0038935,TE,rec,3.524,1.0,2.0,3.0,5.0,7.0
2025_17_JAX_IND,JAX,IND,Brenton Strange,00-0038935,TE,rec_yds,39.03,6.499,17.107,33.981,54.881,78.7
2025_17_JAX_IND,JAX,IND,Brenton Strange,00-0038935,TE,anytime_td,0.207,0.0,0.0,0.0,0.0,1.0
2025_17_JAX_IND,JAX,IND,Brian Thomas Jr.,00-0039893,WR,car,0.271,0.0,0.0,0.0,0.0,1.0
2025_17_JAX_IND,JAX,IND,Brian Thomas Jr.,00-0039893,WR,rush_yds,1.553,0.0,0.0,0.0,0.0,1.838
2025_17_JAX_IND,JAX,IND,Brian Thomas Jr.,00-0039893,WR,tgt,5.834,2.0,4.0,5.0,8.0,10.0
2025_17_JAX_IND,JAX,IND,Brian Thomas Jr.,00-0039893,WR,rec,3.557,1.0,2.0,3.0,5.0,6.0
2025_17_JAX_IND,JAX,IND,Brian Thomas Jr.,00-0039893,WR,rec_yds,50.222,8.265,21.957,43.295,70.835,101.856
2025_17_JAX_IND,JAX,IND,Brian Thomas Jr.,00-0039893,WR,anytime_td,0.224,0.0,0.0,0.0,0.0,1.0
2025_17_JAX_IND,JAX,IND,Travis Etienne,00-0036973,RB,car,16.859,9.0,12.0,16.0,21.0,26.0
2025_17_JAX_IND,JAX,IND,Travis Etienne,00-0036973,RB,rush_yds,69.581,25.445,40.783,63.04,90.431,121.618
2025_17_JAX_IND,JAX,IND,Travis Etienne,00-0036973,RB,tgt,3.165,1.0,2.0,3.0,4.0,6.0
2025_17_JAX_IND,JAX,IND,Travis Etienne,00-0036973,RB,rec,2.461,0.0,1.0,2.0,3.0,5.0
2025_17_JAX_IND,JAX,IND,Travis Etienne,00-0036973,RB,rec_yds,20.241,0.0,5.374,15.265,29.345,46.964
2025_17_JAX_IND,JAX,IND,Travis Etienne,00-0036973,RB,anytime_td,0.547,0.0,0.0,1.0,1.0,1.0
2025_17_JAX_IND,JAX,IND,Johnny Mundt,00-0033246,TE,car,0.001,0.0,0.0,0.0,0.0,0.0
2025_17_JAX_IND,JAX,IND,Johnny Mundt,00-0033246,TE,rush_yds,0.003,0.0,0.0,0.0,0.0,0.0
2025_17_JAX_IND,JAX,IND,Johnny Mundt,00-0033246,TE,tgt,1.12,0.0,0.0,1.0,2.0,3.0
2025_17_JAX_IND,JAX,IND,Johnny Mundt,00-0033246,TE,rec,0.784,0.0,0.0,0.0,1.0,2.0
2025_17_JAX_IND,JAX,IND,Johnny Mundt,00-0033246,TE,rec_yds,8.407,0.0,0.0,0.0,12.643,26.173
2025_17_JAX_IND,JAX,IND,Johnny Mundt,00-0033246,TE,anytime_td,0.014,0.0,0.0,0.0,0.0,0.0
2025_17_JAX_IND,JAX,IND,LeQuint Allen Jr.,00-0040238,RB,car,2.427,0.0,0.0,2.0,3.0,6.0
2025_17_JAX_IND,JAX,IND,LeQuint Allen Jr.,00-0040238,RB,rush_yds,10.544,0.0,0.0,4.591,14.601,29.649
2025_17_JAX_IND,JAX,IND,LeQuint Allen Jr.,00-0040238,RB,tgt,0.711,0.0,0.0,0.0,1.0,2.0
2025_17_JAX_IND,JAX,IND,LeQuint Allen Jr.,00-0040238,RB,rec,0.572,0.0,0.0,0.0,1.0,2.0
2025_17_JAX_IND,JAX,IND,LeQuint Allen Jr.,00-0040238,RB,rec_yds,4.094,0.0,0.0,0.0,5.367,13.673
2025_17_JAX_IND,JAX,IND,LeQuint Allen Jr.,00-0040238,RB,anytime_td,0.03,0.0,0.0,0.0,0.0,0.0
2025_17_JAX_IND,JAX,IND,Tim Patrick,00-0033375,WR,car,0.009,0.0,0.0,0.0,0.0,0.0
2025_17_JAX_IND,JAX,IND,Tim Patrick,00-0033375,WR,rush_yds,0.043,0.0,0.0,0.0,0.0,0.0
2025_17_JAX_IND,JAX,IND,Tim Patrick,00-0033375,WR,tgt,1.95,0.0,1.0,2.0,3.0,4.0
2025_17_JAX_IND,JAX,IND,Tim Patrick,00-0033375,WR,rec,1.273,0.0,0.0,1.0,2.0,3.0
2025_17_JAX_IND,JAX,IND,Tim Patrick,00-0033375,WR,rec_yds,16.475,0.0,0.0,9.983,25.359,44.657
2025_17_JAX_IND,JAX,IND,Tim Patrick,00-0033375,WR,anytime_td,0.158,0.0,0.0,0.0,0.0,1.0
2025_17_JAX_IND,JAX,IND,Quintin Morris,00-0036590,TE,car,0.002,0.0,0.0,0.0,0.0,0.0
2025_17_JAX_IND,JAX,IND,Quintin Morris,00-0036590,TE,rush_yds,0.004,0.0,0.0,0.0,0.0,0.0
2025_17_JAX_IND,JAX,IND,Quintin Morris,00-0036590,TE,tgt,1.039,0.0,0.0,1.0,2.0,3.0
2025_17_JAX_IND,JAX,IND,Quintin Morris,00-0036590,TE,rec,0.768,0.0,0.0,0.0,1.0,2.0
2025_17_JAX_IND,JAX,IND,Quintin Morris,00-0036590,TE,rec_yds,7.821,0.0,0.0,0.0,11.475,25.226
2025_17_JAX_IND,JAX,IND,Quintin Morris,00-0036590,TE,anytime_td,0.013,0.0,0.0,0.0,0.0,0.0
2025_17_JAX_IND,JAX,IND,DeeJay Dallas,00-0036425,RB,car,1.266,0.0,0.0,0.0,2.0,4.0
2025_17_JAX_IND,JAX,IND,DeeJay Dallas,00-0036425,RB,rush_yds,5.629,0.0,0.0,0.0,6.71,17.774
2025_17_JAX_IND,JAX,IND,DeeJay Dallas,00-0036425,RB,tgt,0.371,0.0,0.0,0.0,1.0,1.0
2025_17_JAX_IND,JAX,IND,DeeJay Dallas,00-0036425,RB,rec,0.295,0.0,0.0,0.0,0.0,1.0
2025_17_JAX_IND,JAX,IND,DeeJay Dallas,00-0036425,RB,rec_yds,2.263,0.0,0.0,0.0,0.0,8.307
2025_17_JAX_IND,JAX,IND,DeeJay Dallas,00-0036425,RB,anytime_td,0.043,0.0,0.0,0.0,0.0,0.0
2025_17_NE_NYJ,NYJ,NE,Adonai Mitchell,00-0039890,WR,car,0.151,0.0,0.0,0.0,0.0,0.0
2025_17_NE_NYJ,NYJ,NE,Adonai Mitchell,00-0039890,WR,rush_yds,0.763,0.0,0.0,0.0,0.0,0.0
2025_17_NE_NYJ,NYJ,NE,Adonai Mitchell,00-0039890,WR,tgt,5.819,2.0,4.0,6.0,8.0,10.0
2025_17_NE_NYJ,NYJ,NE,Adonai Mitchell,00-0039890,WR,rec,3.167,1.0,2.0,3.0,4.0,6.0
2025_17_NE_NYJ,NYJ,NE,Adonai Mitchell,00-0039890,WR,rec_yds,40.463,5.626,16.544,34.863,57.204,82.954
2025_17_NE_NYJ,NYJ,NE,Adonai Mitchell,00-0039890,WR,anytime_td,0.213,0.0,0.0,0.0,0.0,1.0
2025_17_NE_NYJ,NYJ,NE,John Metchie III,00-0037614,WR,car,0.298,0.0,0.0,0.0,0.0,1.0
2025_17_NE_NYJ,NYJ,NE,John Metchie III,00-0037614,WR,rush_yds,1.567,0.0,0.0,0.0,0.0,3.636
2025_17_NE_NYJ,NYJ,NE,John Metchie III,00-0037614,WR,tgt,4.786,2.0,3.0,5.0,6.0,8.0
2025_17_NE_NYJ,NYJ,NE,John Metchie III,00-0037614,WR,rec,2.858,1.0,1.0,3.0,4.0,5.0
2025_17_NE_NYJ,NYJ,NE,John Metchie III,00-0037614,WR,rec_yds,31.44,0.811,11.691,26.382,44.931,67.697
2025_17_NE_NYJ,NYJ,NE,John Metchie III,00-0037614,WR,anytime_td,0.165,0.0,0.0,0.0,0.0,1.0
2025_17_NE_NYJ,NYJ,NE,Isaiah Williams,00-0039451,WR,car,0.129,0.0,0.0,0.0,0.0,0.0
2025_17_NE_NYJ,NYJ,NE,Isaiah Williams,00-0039451,WR,rush_yds,0.691,0.0,0.0,0.0,0.0,0.0
2025_17_NE_NYJ,NYJ,NE,Isaiah Williams,00-0039451,WR,tgt,3.055,1.0,1.0,3.0,4.0,6.0
2025_17_NE_NYJ,NYJ,NE,Isaiah Williams,00-0039451,WR,rec,1.994,0.0,1.0,2.0,3.0,4.0
2025_17_NE_NYJ,NYJ,NE,Isaiah Williams,00-0039451,WR,rec_yds,22.417,0.0,4.975,16.88,33.456,52.07
2025_17_NE_NYJ,NYJ,NE,Isaiah Williams,00-0039451,WR,anytime_td,0.04,0.0,0.0,0.0,0.0,0.0
2025_17_NE_NYJ,NYJ,NE,Jeremy Ruckert,00-0037805,TE,car,0.002,0.0,0.0,0.0,0.0,0.0
2025_17_NE_NYJ,NYJ,NE,Jeremy Ruckert,00-0037805,TE,rush_yds,0.003,0.0,0.0,0.0,0.0,0.0
2025_17_NE_NYJ,NYJ,NE,Jeremy Ruckert,00-0037805,TE,tgt,2.205,0.0,1.0,2.0,3.0,5.0
2025_17_NE_NYJ,NYJ,NE,Jeremy Ruckert,00-0037805,TE,rec,1.587,0.0,0.0,1.0,2.0,4.0
2025_17_NE_NYJ,NYJ,NE,Jeremy Ruckert,00-0037805,TE,rec_yds,15.05,0.0,0.0,10.339,22.696,37.856
2025_17_NE_NYJ,NYJ,NE,Jeremy Ruckert,00-0037805,TE,anytime_td,0.047,0.0,0.0,0.0,0.0,0.0
2025_17_NE_NYJ,NYJ,NE,Breece Hall,00-0038120,RB,car,14.584,7.0,10.0,14.0,18.0,23.0
2025_17_NE_NYJ,NYJ,NE,Breece Hall,00-0038120,RB,rush_yds,55.632,18.316,30.768,49.774,73.702,101.346
2025_17_NE_NYJ,NYJ,NE,Breece Hall,00-0038120,RB,tgt,2.907,1.0,1.0,3.0,4.0,6.0
2025_17_NE_NYJ,NYJ,NE,Breece Hall,00-0038120,RB,rec,2.205,0.0,1.0,2.0,3.0,5.0
2025_17_NE_NYJ,NYJ,NE,Breece Hall,00-0038120,RB,rec_yds,17.761,0.0,3.325,12.604,25.769,43.369
2025_17_NE_NYJ,NYJ,NE,Breece Hall,00-0038120,RB,anytime_td,0.297,0.0,0.0,0.0,1.0,1.0
2025_17_NE_NYJ,NYJ,NE,Jelani Woods,00-0037755,TE,car,0.002,0.0,0.0,0.0,0.0,0.0
2025_17_NE_NYJ,NYJ,NE,Jelani Woods,00-0037755,TE,rush_yds,0.004,0.0,0.0,0.0,0.0,0.0
2025_17_NE_NYJ,NYJ,NE,Jelani Woods,00-0037755,TE,tgt,1.569,0.0,0.0,1.0,2.0,4.0
2025_17_NE_NYJ,NYJ,NE,Jelani Woods,00-0037755,TE,rec,1.038,0.0,0.0,1.0,2.0,3.0
2025_17_NE_NYJ,NYJ,NE,Jelani Woods,00-0037755,TE,rec_yds,10.726,0.0,0.0,5.443,16.706,30.67
2025_17_NE_NYJ,NYJ,NE,Jelani Woods,00-0037755,TE,anytime_td,0.04,0.0,0.0,0.0,0.0,0.0
2025_17_NE_NYJ,NYJ,NE,Stone Smartt,00-0037475,TE,car,0.002,0.0,0.0,0.0,0.0,0.0
2025_17_NE_NYJ,NYJ,NE,Stone Smartt,00-0037475,TE,rush_yds,0.007,0.0,0.0,0.0,0.0,0.0
2025_17_NE_NYJ,NYJ,NE,Stone Smartt,00-0037475,TE,tgt,1.507,0.0,0.0,1.0,2.0,4.0
2025_17_NE_NYJ,NYJ,NE,Stone Smartt,00-0037475,TE,rec,1.078,0.0,0.0,1.0,2.0,3.0
2025_17_NE_NYJ,NYJ,NE,Stone Smartt,00-0037475,TE,rec_yds,10.53,0.0,0.0,5.409,16.119,29.589
2025_17_NE_NYJ,NYJ,NE,Stone Smartt,00-0037475,TE,anytime_td,0.024,0.0,0.0,0.0,0.0,0.0
2025_17_NE_NYJ,NYJ,NE,Khalil Herbert,00-0036906,RB,car,3.356,0.0,1.0,3.0,5.0,8.0
2025_17_NE_NYJ,NYJ,NE,Khalil Herbert,00-0036906,RB,rush_yds,13.586,0.0,0.917,8.101,19.433,35.064
2025_17_NE_NYJ,NYJ,NE,Khalil Herbert,00-0036906,RB,tgt,1.127,0.0,0.0,1.0,2.0,3.0
2025_17_NE_NYJ,NYJ,NE,Khalil Herbert,00-0036906,RB,rec,0.843,0.0,0.0,1.0,1.0,2.0
2025_17_NE_NYJ,NYJ,NE,Khalil Herbert,00-0036906,RB,rec_yds,5.942,0.0,0.0,0.0,8.831,18.052
2025_17_NE_NYJ,NYJ,NE,Khalil Herbert,00-0036906,RB,anytime_td,0.083,0.0,0.0,0.0,0.0,0.0
2025_17_NE_NYJ,NYJ,NE,Kene Nwangwu,00-0036842,RB,car,1.004,0.0,0.0,0.0,1.0,3.0
2025_17_NE_NYJ,NYJ,NE,Kene Nwangwu,00-0036842,RB,rush_yds,4.218,0.0,0.0,0.0,4.279,13.574
2025_17_NE_NYJ,NYJ,NE,Kene Nwangwu,00-0036842,RB,tgt,0.211,0.0,0.0,0.0,0.0,1.0
2025_17_NE_NYJ,NYJ,NE,Kene Nwangwu,00-0036842,RB,rec,0.165,0.0,0.0,0.0,0.0,1.0
2025_17_NE_NYJ,NYJ,NE,Kene Nwangwu,00-0036842,RB,rec_yds,1.252,0.0,0.0,0.0,0.0,3.12
2025_17_NE_NYJ,NYJ,NE,Kene Nwangwu,00-0036842,RB,anytime_td,0.023,0.0,0.0,0.0,0.0,0.0
2025_17_NE_NYJ,NYJ,NE,Arian Smith,00-0040582,WR,car,0.188,0.0,0.0,0.0,0.0,0.0
2025_17_NE_NYJ,NYJ,NE,Arian Smith,00-0040582,WR,rush_yds,1.008,0.0,0.0,0.0,0.0,0.0
2025_17_NE_NYJ,NYJ,NE,Arian Smith,00-0040582,WR,tgt,1.052,0.0,0.0,1.0,2.0,3.0
2025_17_NE_NYJ,NYJ,NE,Arian Smith,00-0040582,WR,rec,0.598,0.0,0.0,0.0,1.0,2.0
2025_17_NE_NYJ,NYJ,NE,Arian Smith,00-0040582,WR,rec_yds,7.384,0.0,0.0,0.0,10.317,24.79
2025_17_NE_NYJ,NYJ,NE,Arian Smith,00-0040582,WR,anytime_td,0.015,0.0,0.0,0.0,0.0,0.0
2025_17_NE_NYJ,NYJ,NE,Tyler Johnson,00-0036427,WR,car,0.006,0.0,0.0,0.0,0.0,0.0
2025_17_NE_NYJ,NYJ,NE,Tyler Johnson,00-0036427,WR,rush_yds,0.021,0.0,0.0,0.0,0.0,0.0
2025_17_NE_NYJ,NYJ,NE,Tyler Johnson,00-0036427,WR,tgt,1.644,0.0,0.0,1.0,2.0,4.0
2025_17_NE_NYJ,NYJ,NE,Tyler Johnson,00-0036427,WR,rec,1.015,0.0,0.0,1.0,2.0,3.0
2025_17_NE_NYJ,NYJ,NE,Tyler Johnson,00-0036427,WR,rec_yds,13.488,0.0,0.0,6.122,21.209,38.437
2025_17_NE_NYJ,NYJ,NE,Tyler Johnson,00-0036427,WR,anytime_td,0.079,0.0,0.0,0.0,0.0,0.0
2025_17_NE_NYJ,NYJ,NE,Isaiah Davis,00-0039798,RB,car,3.26,0.0,1.0,2.0,5.0,8.0
2025_17_NE_NYJ,NYJ,NE,Isaiah Davis,00-0039798,RB,rush_yds,14.594,0.0,1.025,8.394,20.548,37.676
2025_17_NE_NYJ,NYJ,NE,Isaiah Davis,00-0039798,RB,tgt,1.902,0.0,1.0,2.0,3.0,4.0
2025_17_NE_NYJ,NYJ,NE,Isaiah Davis,00-0039798,RB,rec,1.466,0.0,0.0,1.0,2.0,3.0
2025_17_NE_NYJ,NYJ,NE,Isaiah Davis,00-0039798,RB,rec_yds,11.786,0.0,0.0,6.734,17.555,32.913
2025_17_NE_NYJ,NYJ,NE,Isaiah Davis,00-0039798,RB,anytime_td,0.121,0.0,0.0,0.0,0.0,1.0
2025_17_NE_NYJ,NYJ,NE,Andrew Beck,00-0034959,RB,car,0.319,0.0,0.0,0.0,0.0,1.0
2025_17_NE_NYJ,NYJ,NE,Andrew Beck,00-0034959,RB,rush_yds,1.431,0.0,0.0,0.0,0.0,3.317
2025_17_NE_NYJ,NYJ,NE,Andrew Beck,00-0034959,RB,tgt,0.59,0.0,0.0,0.0,1.0,2.0
2025_17_NE_NYJ,NYJ,NE,Andrew Beck,00-0034959,RB,rec,0.45,0.0,0.0,0.0,1.0,1.0
2025_17_NE_NYJ,NYJ,NE,Andrew Beck,00-0034959,RB,rec_yds,3.382,0.0,0.0,0.0,3.153,11.873
2025_17_NE_NYJ,NYJ,NE,Andrew Beck,00-0034959,RB,anytime_td,0.033,0.0,0.0,0.0,0.0,0.0
2025_17_NE_NYJ,NYJ,NE,Tyrod Taylor,00-0028118,QB,att,27.729,18.0,23.0,28.0,33.0,38.0
2025_17_NE_NYJ,NYJ,NE,Tyrod Taylor,00-0028118,QB,cmp,17.301,10.0,14.0,17.0,21.0,24.0
2025_17_NE_NYJ,NYJ,NE,Tyrod Taylor,00-0028118,QB,pass_yds,179.646,100.066,138.346,178.527,222.307,264.359
2025_17_NE_NYJ,NYJ,NE,Tyrod Taylor,00-0028118,QB,pass_td,1.045,0.0,0.0,1.0,2.0,2.0
2025_17_NE_NYJ,NYJ,NE,Tyrod Taylor,00-0028118,QB,ints,0.686,0.0,0.0,0.0,1.0,2.0
2025_17_NE_NYJ,NYJ,NE,Tyrod Taylor,00-0028118,QB,car,3.89,1.0,2.0,4.0,5.0,7.0
2025_17_NE_NYJ,NYJ,NE,Tyrod Taylor,00-0028118,QB,rush_yds,22.733,1.912,8.922,19.119,32.502,46.802
2025_17_NE_NYJ,NYJ,NE,Tyrod Taylor,00-0028118,QB,tgt,0.0,0.0,0.0,0.0,0.0,0.0
2025_17_NE_NYJ,NYJ,NE,Tyrod Taylor,00-0028118,QB,rec,0.0,0.0,0.0,0.0,0.0,0.0
2025_17_NE_NYJ,NYJ,NE,Tyrod Taylor,00-0028118,QB,rec_yds,0.0,0.0,0.0,0.0,0.0,0.0
2025_17_NE_NYJ,NYJ,NE,Tyrod Taylor,00-0028118,QB,anytime_td,0.128,0.0,0.0,0.0,0.0,1.0
2025_17_NE_NYJ,NE,NYJ,Kyle Williams,00-0040131,WR,car,0.04,0.0,0.0,0.0,0.0,0.0
2025_17_NE_NYJ,NE,NYJ,Kyle Williams,00-0040131,WR,rush_yds,0.249,0.0,0.0,0.0,0.0,0.0
2025_17_NE_NYJ,NE,NYJ,Kyle Williams,00-0040131,WR,tgt,1.763,0.0,0.0,1.0,3.0,4.0
2025_17_NE_NYJ,NE,NYJ,Kyle Williams,00-0040131,WR,rec,1.041,0.0,0.0,1.0,2.0,3.0
2025_17_NE_NYJ,NE,NYJ,Kyle Williams,00-0040131,WR,rec_yds,16.651,0.0,0.0,8.175,25.866,47.98
2025_17_NE_NYJ,NE,NYJ,Kyle Williams,00-0040131,WR,anytime_td,0.202,0.0,0.0,0.0,0.0,1.0
2025_17_NE_NYJ,NE,NYJ,Drake Maye,00-0039851,QB,att,29.473,19.9,25.0,30.0,35.0,40.0
2025_17_NE_NYJ,NE,NYJ,Drake Maye,00-0039851,QB,cmp,19.876,12.0,16.0,20.0,24.0,28.0
2025_17_NE_NYJ,NE,NYJ,Drake Maye,00-0039851,QB,pass_yds,237.141,140.776,186.911,238.206,290.994,338.502
2025_17_NE_NYJ,NE,NYJ,Drake Maye,00-0039851,QB,pass_td,1.766,0.0,1.0,2.0,3.0,3.0
2025_17_NE_NYJ,NE,NYJ,Drake Maye,00-0039851,QB,ints,0.503,0.0,0.0,0.0,1.0,2.0
2025_17_NE_NYJ,NE,NYJ,Drake Maye,00-0039851,QB,car,5.555,2.0,3.0,5.0,7.0,10.0
2025_17_NE_NYJ,NE,NYJ,Drake Maye,00-0039851,QB,rush_yds,25.841,2.857,11.287,22.125,36.79,53.119
2025_17_NE_NYJ,NE,NYJ,Drake Maye,00-0039851,QB,tgt,0.0,0.0,0.0,0.0,0.0,0.0
2025_17_NE_NYJ,NE,NYJ,Drake Maye,00-0039851,QB,rec,0.0,0.0,0.0,0.0,0.0,0.0
2025_17_NE_NYJ,NE,NYJ,Drake Maye,00-0039851,QB,rec_yds,0.004,0.0,0.0,0.0,0.0,0.0
2025_17_NE_NYJ,NE,NYJ,Drake Maye,00-0039851,QB,anytime_td,0.263,0.0,0.0,0.0,1.0,1.0
2025_17_NE_NYJ,NE,NYJ,Hunter Henry,00-0033090,TE,car,0.002,0.0,0.0,0.0,0.0,0.0
2025_17_NE_NYJ,NE,NYJ,Hunter Henry,00-0033090,TE,rush_yds,0.003,0.0,0.0,0.0,0.0,0.0
2025_17_NE_NYJ,NE,NYJ,Hunter Henry,00-0033090,TE,tgt,6.863,3.0,4.0,6.0,9.0,11.0
2025_17_NE_NYJ,NE,NYJ,Hunter Henry,00-0033090,TE,rec,4.652,2.0,3.0,4.0,6.0,8.0
2025_17_NE_NYJ,NE,NYJ,Hunter Henry,00-0033090,TE,rec_yds,56.127,14.724,29.423,50.062,77.607,105.786
2025_17_NE_NYJ,NE,NYJ,Hunter Henry,00-0033090,TE,anytime_td,0.346,0.0,0.0,0.0,1.0,1.0
2025_17_NE_NYJ,NE,NYJ,Stefon Diggs,00-0031588,WR,car,0.013,0.0,0.0,0.0,0.0,0.0
2025_17_NE_NYJ,NE,NYJ,Stefon Diggs,00-0031588,WR,rush_yds,0.092,0.0,0.0,0.0,0.0,0.0
2025_17_NE_NYJ,NE,NYJ,Stefon Diggs,00-0031588,WR,tgt,7.809,4.0,5.0,7.0,10.0,12.1
2025_17_NE_NYJ,NE,NYJ,Stefon Diggs,00-0031588,WR,rec,5.516,2.0,4.0,5.0,7.0,9.0
2025_17_NE_NYJ,NE,NYJ,Stefon Diggs,00-0031588,WR,rec_yds,73.087,22.779,41.188,66.346,97.874,133.895
2025_17_NE_NYJ,NE,NYJ,Stefon Diggs,00-0031588,WR,anytime_td,0.239,0.0,0.0,0.0,0.0,1.0
2025_17_NE_NYJ,NE,NYJ,TreVeyon Henderson,00-0040734,RB,car,10.755,4.0,7.0,10.0,14.0,18.0
2025_17_NE_NYJ,NE,NYJ,TreVeyon Henderson,00-0040734,RB,rush_yds,53.886,14.077,26.195,45.826,72.577,104.999
2025_17_NE_NYJ,NE,NYJ,TreVeyon Henderson,00-0040734,RB,tgt,3.311,1.0,2.0,3.0,5.0,6.0
2025_17_NE_NYJ,NE,NYJ,TreVeyon Henderson,00-0040734,RB,rec,2.571,0.0,1.0,2.0,4.0,5.0
2025_17_NE_NYJ,NE,NYJ,TreVeyon Henderson,00-0040734,RB,rec_yds,20.46,0.0,5.325,15.517,30.151,47.447
2025_17_NE_NYJ,NE,NYJ,TreVeyon Henderson,00-0040734,RB,anytime_td,0.433,0.0,0.0,0.0,1.0,1.0
2025_17_NE_NYJ,NE,NYJ,Rhamondre Stevenson,00-0036875,RB,car,9.534,4.0,6.0,9.0,13.0,16.0
2025_17_NE_NYJ,NE,NYJ,Rhamondre Stevenson,00-0036875,RB,rush_yds,40.039,9.025,18.666,33.171,54.56,78.835
2025_17_NE_NYJ,NE,NYJ,Rhamondre Stevenson,00-0036875,RB,tgt,3.092,1.0,1.0,3.0,4.0,6.0
2025_17_NE_NYJ,NE,NYJ,Rhamondre Stevenson,00-0036875,RB,rec,2.381,0.0,1.0,2.0,3.0,5.0
2025_17_NE_NYJ,NE,NYJ,Rhamondre Stevenson,00-0036875,RB,rec_yds,21.565,0.0,5.089,16.157,31.46,51.535
2025_17_NE_NYJ,NE,NYJ,Rhamondre Stevenson,00-0036875,RB,anytime_td,0.301,0.0,0.0,0.0,1.0,1.0
2025_17_NE_NYJ,NE,NYJ,Austin Hooper,00-0032392,TE,car,0.004,0.0,0.0,0.0,0.0,0.0
2025_17_NE_NYJ,NE,NYJ,Austin Hooper,00-0032392,TE,rush_yds,0.007,0.0,0.0,0.0,0.0,0.0
2025_17_NE_NYJ,NE,NYJ,Austin Hooper,00-0032392,TE,tgt,2.406,0.0,1.0,2.0,3.0,5.0
2025_17_NE_NYJ,NE,NYJ,Austin Hooper,00-0032392,TE,rec,1.699,0.0,1.0,1.0,3.0,4.0
2025_17_NE_NYJ,NE,NYJ,Austin Hooper,00-0032392,TE,rec_yds,21.16,0.0,2.172,14.847,32.683,52.163
2025_17_NE_NYJ,NE,NYJ,Austin Hooper,00-0032392,TE,anytime_td,0.1,0.0,0.0,0.0,0.0,0.0
2025_17_NE_NYJ,NE,NYJ,DeMario Douglas,00-0038621,WR,car,0.524,0.0,0.0,0.0,0.0,2.0
2025_17_NE_NYJ,NE,NYJ,DeMario Douglas,00-0038621,WR,rush_yds,2.719,0.0,0.0,0.0,0.0,9.028
2025_17_NE_NYJ,NE,NYJ,DeMario Douglas,00-0038621,WR,tgt,3.138,1.0,1.0,3.0,4.0,6.0
2025_17_NE_NYJ,NE,NYJ,DeMario Douglas,00-0038621,WR,rec,2.08,0.0,1.0,2.0,3.0,4.0
2025_17_NE_NYJ,NE,NYJ,DeMario Douglas,00-0038621,WR,rec_yds,30.061,0.0,6.819,22.272,44.381,70.675
2025_17_NE_NYJ,NE,NYJ,DeMario Douglas,00-0038621,WR,anytime_td,0.152,0.0,0.0,0.0,0.0,1.0
2025_17_NE_NYJ,NE,NYJ,CJ Dippre,00-0040566,TE,car,0.013,0.0,0.0,0.0,0.0,0.0
2025_17_NE_NYJ,NE,NYJ,CJ Dippre,00-0040566,TE,rush_yds,0.038,0.0,0.0,0.0,0.0,0.0
2025_17_NE_NYJ,NE,NYJ,CJ Dippre,00-0040566,TE,tgt,0.998,0.0,0.0,1.0,2.0,3.0
2025_17_NE_NYJ,NE,NYJ,CJ Dippre,00-0040566,TE,rec,0.702,0.0,0.0,0.0,1.0,2.0
2025_17_NE_NYJ,NE,NYJ,CJ Dippre,00-0040566,TE,rec_yds,8.068,0.0,0.0,0.0,11.716,25.814
2025_17_NE_NYJ,NE,NYJ,CJ Dippre,00-0040566,TE,anytime_td,0.042,0.0,0.0,0.0,0.0,0.0
2025_17_NE_NYJ,NE,NYJ,D'Ernest Johnson,00-0035628,RB,car,1.702,0.0,0.0,1.0,2.0,5.0
2025_17_NE_NYJ,NE,NYJ,D'Ernest Johnson,00-0035628,RB,rush_yds,7.147,0.0,0.0,1.027,9.403,22.363
2025_17_NE_NYJ,NE,NYJ,D'Ernest Johnson,00-0035628,RB,tgt,0.377,0.0,0.0,0.0,1.0,1.0
2025_17_NE_NYJ,NE,NYJ,D'Ernest Johnson,00-0035628,RB,rec,0.286,0.0,0.0,0.0,0.0,1.0
2025_17_NE_NYJ,NE,NYJ,D'Ernest Johnson,00-0035628,RB,rec_yds,2.323,0.0,0.0,0.0,0.0,8.634
2025_17_NE_NYJ,NE,NYJ,D'Ernest Johnson,00-0035628,RB,anytime_td,0.042,0.0,0.0,0.0,0.0,0.0
2025_17_NO_TEN,TEN,NO,Cam Ward,00-0040676,QB,att,28.231,18.9,24.0,29.0,34.0,38.0
2025_17_NO_TEN,TEN,NO,Cam Ward,00-0040676,QB,cmp,17.504,11.0,14.0,18.0,21.0,25.0
2025_17_NO_TEN,TEN,NO,Cam Ward,00-0040676,QB,pass_yds,181.567,103.696,140.779,181.388,222.576,264.864
2025_17_NO_TEN,TEN,NO,Cam Ward,00-0040676,QB,pass_td,1.107,0.0,0.0,1.0,2.0,2.0
2025_17_NO_TEN,TEN,NO,Cam Ward,00-0040676,QB,ints,0.567,0.0,0.0,0.0,1.0,2.0
2025_17_NO_TEN,TEN,NO,Cam Ward,00-0040676,QB,car,2.757,0.0,1.0,2.0,4.0,6.0
2025_17_NO_TEN,TEN,NO,Cam Ward,00-0040676,QB,rush_yds,10.357,-1.0,0.0,6.321,16.102,28.22
2025_17_NO_TEN,TEN,NO,Cam Ward,00-0040676,QB,tgt,0.001,0.0,0.0,0.0,0.0,0.0
2025_17_NO_TEN,TEN,NO,Cam Ward,00-0040676,QB,rec,0.001,0.0,0.0,0.0,0.0,0.0
2025_17_NO_TEN,TEN,NO,Cam Ward,00-0040676,QB,rec_yds,0.011,0.0,0.0,0.0,0.0,0.0
2025_17_NO_TEN,TEN,NO,Cam Ward,00-0040676,QB,anytime_td,0.089,0.0,0.0,0.0,0.0,0.0
2025_17_NO_TEN,TEN,NO,Elic Ayomanor,00-0040170,WR,car,0.007,0.0,0.0,0.0,0.0,0.0
2025_17_NO_TEN,TEN,NO,Elic Ayomanor,00-0040170,WR,rush_yds,0.031,0.0,0.0,0.0,0.0,0.0
2025_17_NO_TEN,TEN,NO,Elic Ayomanor,00-0040170,WR,tgt,4.558,1.0,3.0,4.0,6.0,8.0
2025_17_NO_TEN,TEN,NO,Elic Ayomanor,00-0040170,WR,rec,2.451,0.0,1.0,2.0,4.0,5.0
2025_17_NO_TEN,TEN,NO,Elic Ayomanor,00-0040170,WR,rec_yds,32.46,0.0,10.68,25.771,47.695,71.607
2025_17_NO_TEN,TEN,NO,Elic Ayomanor,00-0040170,WR,anytime_td,0.161,0.0,0.0,0.0,0.0,1.0
2025_17_NO_TEN,TEN,NO,Chimere Dike,00-0040705,WR,car,0.507,0.0,0.0,0.0,0.0,2.0
2025_17_NO_TEN,TEN,NO,Chimere Dike,00-0040705,WR,rush_yds,2.294,0.0,0.0,0.0,0.0,7.46
2025_17_NO_TEN,TEN,NO,Chimere Dike,00-0040705,WR,tgt,4.769,2.0,3.0,4.0,6.0,8.0
2025_17_NO_TEN,TEN,NO,Chimere Dike,00-0040705,WR,rec,2.878,1.0,1.0,3.0,4.0,5.0
2025_17_NO_TEN,TEN,NO,Chimere Dike,00-0040705,WR,rec_yds,32.137,3.4,12.139,26.722,45.875,68.73
2025_17_NO_TEN,TEN,NO,Chimere Dike,00-0040705,WR,anytime_td,0.255,0.0,0.0,0.0,1.0,1.0
2025_17_NO_TEN,TEN,NO,Gunnar Helm,00-0040584,TE,car,0.004,0.0,0.0,0.0,0.0,0.0
2025_17_NO_TEN,TEN,NO,Gunnar Helm,00-0040584,TE,rush_yds,0.008,0.0,0.0,0.0,0.0,0.0
2025_17_NO_TEN,TEN,NO,Gunnar Helm,00-0040584,TE,tgt,3.86,1.0,2.0,4.0,5.0,7.0
2025_17_NO_TEN,TEN,NO,Gunnar Helm,00-0040584,TE,rec,2.755,0.0,1.0,2.0,4.0,5.0
2025_17_NO_TEN,TEN,NO,Gunnar Helm,00-0040584,TE,rec_yds,26.569,0.0,9.558,21.852,38.672,56.582
2025_17_NO_TEN,TEN,NO,Gunnar Helm,00-0040584,TE,anytime_td,0.162,0.0,0.0,0.0,0.0,1.0
2025_17_NO_TEN,TEN,NO,James Proche,00-0036133,WR,car,0.01,0.0,0.0,0.0,0.0,0.0
2025_17_NO_TEN,TEN,NO,James Proche,00-0036133,WR,rush_yds,0.053,0.0,0.0,0.0,0.0,0.0
2025_17_NO_TEN,TEN,NO,James Proche,00-0036133,WR,tgt,0.896,0.0,0.0,1.0,1.0,2.0
2025_17_NO_TEN,TEN,NO,James Proche,00-0036133,WR,rec,0.533,0.0,0.0,0.0,1.0,2.0
2025_17_NO_TEN,TEN,NO,James Proche,00-0036133,WR,rec_yds,6.693,0.0,0.0,0.0,8.887,22.704
2025_17_NO_TEN,TEN,NO,James Proche,00-0036133,WR,anytime_td,0.01,0.0,0.0,0.0,0.0,0.0
2025_17_NO_TEN,TEN,NO,Tyjae Spears,00-0039032,RB,car,6.787,2.0,3.0,6.0,9.0,13.0
2025_17_NO_TEN,TEN,NO,Tyjae Spears,00-0039032,RB,rush_yds,25.569,2.858,8.975,19.486,35.64,56.045
2025_17_NO_TEN,TEN,NO,Tyjae Spears,00-0039032,RB,tgt,3.628,1.0,2.0,3.0,5.0,7.0
2025_17_NO_TEN,TEN,NO,Tyjae Spears,00-0039032,RB,rec,2.824,1.0,1.0,3.0,4.0,6.0
2025_17_NO_TEN,TEN,NO,Tyjae Spears,00-0039032,RB,rec_yds,21.333,0.0,6.263,16.396,31.363,49.376
2025_17_NO_TEN,TEN,NO,Tyjae Spears,00-0039032,RB,anytime_td,0.224,0.0,0.0,0.0,0.0,1.0
2025_17_NO_TEN,TEN,NO,Chig Okonkwo,00-0037809,TE,car,0.007,0.0,0.0,0.0,0.0,0.0
2025_17_NO_TEN,TEN,NO,Chig Okonkwo,00-0037809,TE,rush_yds,0.017,0.0,0.0,0.0,0.0,0.0
2025_17_NO_TEN,TEN,NO,Chig Okonkwo,00-0037809,TE,tgt,4.656,1.9,3.0,4.0,6.0,8.0
2025_17_NO_TEN,TEN,NO,Chig Okonkwo,00-0037809,TE,rec,3.238,1.0,2.0,3.0,4.0,6.0
2025_17_NO_TEN,TEN,NO,Chig Okonkwo,00-0037809,TE,rec_yds,32.598,4.391,13.392,27.697,46.437,67.075
2025_17_NO_TEN,TEN,NO,Chig Okonkwo,00-0037809,TE,anytime_td,0.152,0.0,0.0,0.0,0.0,1.0
2025_17_NO_TEN,TEN,NO,Tony Pollard,00-0035261,RB,car,15.877,8.0,11.0,15.0,20.0,24.0
2025_17_NO_TEN,TEN,NO,Tony Pollard,00-0035261,RB,rush_yds,65.883,23.507,38.331,59.244,86.307,116.071
2025_17_NO_TEN,TEN,NO,Tony Pollard,00-0035261,RB,tgt,2.022,0.0,1.0,2.0,3.0,4.0
2025_17_NO_TEN,TEN,NO,Tony Pollard,00-0035261,RB,rec,1.46,0.0,0.0,1.0,2.0,3.0
2025_17_NO_TEN,TEN,NO,Tony Pollard,00-0035261,RB,rec_yds,10.326,0.0,0.0,5.965,15.667,27.769
2025_17_NO_TEN,TEN,NO,Tony Pollard,00-0035261,RB,anytime_td,0.311,0.0,0.0,0.0,1.0,1.0
2025_17_NO_TEN,TEN,NO,Van Jefferson,00-0036415,WR,car,0.006,0.0,0.0,0.0,0.0,0.0
2025_17_NO_TEN,TEN,NO,Van Jefferson,00-0036415,WR,rush_yds,0.021,0.0,0.0,0.0,0.0,0.0
2025_17_NO_TEN,TEN,NO,Van Jefferson,00-0036415,WR,tgt,3.58,1.0,2.0,3.0,5.0,7.0
2025_17_NO_TEN,TEN,NO,Van Jefferson,00-0036415,WR,rec,1.985,0.0,1.0,2.0,3.0,4.0
2025_17_NO_TEN,TEN,NO,Van Jefferson,00-0036415,WR,rec_yds,25.443,0.0,5.921,19.123,37.945,60.55
2025_17_NO_TEN,TEN,NO,Van Jefferson,00-0036415,WR,anytime_td,0.091,0.0,0.0,0.0,0.0,0.0
2025_17_NO_TEN,TEN,NO,Kalel Mullings,00-0040205,RB,car,1.15,0.0,0.0,0.0,2.0,3.0
2025_17_NO_TEN,TEN,NO,Kalel Mullings,00-0040205,RB,rush_yds,4.486,0.0,0.0,0.0,4.621,14.237
2025_17_NO_TEN,TEN,NO,Kalel Mullings,00-0040205,RB,tgt,0.13,0.0,0.0,0.0,0.0,0.0
2025_17_NO_TEN,TEN,NO,Kalel Mullings,00-0040205,RB,rec,0.096,0.0,0.0,0.0,0.0,0.0
2025_17_NO_TEN,TEN,NO,Kalel Mullings,00-0040205,RB,rec_yds,0.68,0.0,0.0,0.0,0.0,0.0
2025_17_NO_TEN,TEN,NO,Kalel Mullings,00-0040205,RB,anytime_td,0.023,0.0,0.0,0.0,0.0,0.0
2025_17_NO_TEN,NO,TEN,Tyler Shough,00-0040743,QB,att,29.936,20.0,25.0,30.0,35.0,40.0
2025_17_NO_TEN,NO,TEN,Tyler Shough,00-0040743,QB,cmp,19.224,12.0,16.0,20.0,23.0,27.0
2025_17_NO_TEN,NO,TEN,Tyler Shough,00-0040743,QB,pass_yds,198.633,118.382,157.953,197.311,241.042,286.361
2025_17_NO_TEN,NO,TEN,Tyler Shough,00-0040743,QB,pass_td,1.072,0.0,0.0,1.0,2.0,2.0
2025_17_NO_TEN,NO,TEN,Tyler Shough,00-0040743,QB,ints,0.615,0.0,0.0,0.0,1.0,2.0
2025_17_NO_TEN,NO,TEN,Tyler Shough,00-0040743,QB,car,7.267,2.0,4.0,7.0,10.0,13.0
2025_17_NO_TEN,NO,TEN,Tyler Shough,00-0040743,QB,rush_yds,27.849,3.585,11.236,23.081,39.275,57.613
2025_17_NO_TEN,NO,TEN,Tyler Shough,00-0040743,QB,tgt,0.0,0.0,0.0,0.0,0.0,0.0
2025_17_NO_TEN,NO,TEN,Tyler Shough,00-0040743,QB,rec,0.0,0.0,0.0,0.0,0.0,0.0
2025_17_NO_TEN,NO,TEN,Tyler Shough,00-0040743,QB,rec_yds,0.0,0.0,0.0,0.0,0.0,0.0
2025_17_NO_TEN,NO,TEN,Tyler Shough,00-0040743,QB,anytime_td,0.165,0.0,0.0,0.0,0.0,1.0
2025_17_NO_TEN,NO,TEN,Chris Olave,00-0037239,WR,car,0.16,0.0,0.0,0.0,0.0,0.0
2025_17_NO_TEN,NO,TEN,Chris Olave,00-0037239,WR,rush_yds,0.848,0.0,0.0,0.0,0.0,0.0
2025_17_NO_TEN,NO,TEN,Chris Olave,00-0037239,WR,tgt,12.488,7.0,9.0,12.0,15.0,18.0
2025_17_NO_TEN,NO,TEN,Chris Olave,00-0037239,WR,rec,7.827,4.0,5.0,8.0,10.0,12.0
2025_17_NO_TEN,NO,TEN,Chris Olave,00-0037239,WR,rec_yds,90.225,38.57,58.614,84.402,116.567,149.391
2025_17_NO_TEN,NO,TEN,Chris Olave,00-0037239,WR,anytime_td,0.403,0.0,0.0,0.0,1.0,1.0
2025_17_NO_TEN,NO,TEN,Kevin Austin Jr.,00-0037231,WR,car,0.069,0.0,0.0,0.0,0.0,0.0
2025_17_NO_TEN,NO,TEN,Kevin Austin Jr.,00-0037231,WR,rush_yds,0.366,0.0,0.0,0.0,0.0,0.0
2025_17_NO_TEN,NO,TEN,Kevin Austin Jr.,00-0037231,WR,tgt,2.574,0.0,1.0,2.0,4.0,5.0
2025_17_NO_TEN,NO,TEN,Kevin Austin Jr.,00-0037231,WR,rec,1.574,0.0,0.0,1.0,2.0,4.0
2025_17_NO_TEN,NO,TEN,Kevin Austin Jr.,00-0037231,WR,rec_yds,17.76,0.0,0.0,11.827,26.342,45.594
2025_17_NO_TEN,NO,TEN,Kevin Austin Jr.,00-0037231,WR,anytime_td,0.033,0.0,0.0,0.0,0.0,0.0
2025_17_NO_TEN,NO,TEN,Audric Estimé,00-0039373,RB,car,9.132,3.0,5.0,9.0,12.0,16.0
2025_17_NO_TEN,NO,TEN,Audric Estimé,00-0039373,RB,rush_yds,35.311,7.281,16.139,29.553,48.653,71.042
2025_17_NO_TEN,NO,TEN,Audric Estimé,00-0039373,RB,tgt,2.169,0.0,1.0,2.0,3.0,5.0
2025_17_NO_TEN,NO,TEN,Audric Estimé,00-0039373,RB,rec,1.698,0.0,0.0,1.0,3.0,4.0
2025_17_NO_TEN,NO,TEN,Audric Estimé,00-0039373,RB,rec_yds,11.874,0.0,0.0,7.494,17.488,31.316
2025_17_NO_TEN,NO,TEN,Audric Estimé,00-0039373,RB,anytime_td,0.076,0.0,0.0,0.0,0.0,0.0
2025_17_NO_TEN,NO,TEN,Juwan Johnson,00-0036040,TE,car,0.004,0.0,0.0,0.0,0.0,0.0
2025_17_NO_TEN,NO,TEN,Juwan Johnson,00-0036040,TE,rush_yds,0.006,0.0,0.0,0.0,0.0,0.0
2025_17_NO_TEN,NO,TEN,Juwan Johnson,00-0036040,TE,tgt,8.012,4.0,5.0,8.0,10.0,13.0
2025_17_NO_TEN,NO,TEN,Juwan Johnson,00-0036040,TE,rec,5.947,2.0,4.0,6.0,8.0,10.0
2025_17_NO_TEN,NO,TEN,Juwan Johnson,00-0036040,TE,rec_yds,56.407,18.746,32.877,52.524,75.566,99.273
2025_17_NO_TEN,NO,TEN,Juwan Johnson,00-0036040,TE,anytime_td,0.174,0.0,0.0,0.0,0.0,1.0
2025_17_NO_TEN,NO,TEN,Dante Pettis,00-0034860,WR,car,0.026,0.0,0.0,0.0,0.0,0.0
2025_17_NO_TEN,NO,TEN,Dante Pettis,00-0034860,WR,rush_yds,0.123,0.0,0.0,0.0,0.0,0.0
2025_17_NO_TEN,NO,TEN,Dante Pettis,00-0034860,WR,tgt,1.681,0.0,0.0,1.0,2.0,4.0
2025_17_NO_TEN,NO,TEN,Dante Pettis,00-0034860,WR,rec,0.991,0.0,0.0,1.0,2.0,2.0
2025_17_NO_TEN,NO,TEN,Dante Pettis,00-0034860,WR,rec_yds,11.404,0.0,0.0,4.856,17.15,33.335
2025_17_NO_TEN,NO,TEN,Dante Pettis,00-0034860,WR,anytime_td,0.047,0.0,0.0,0.0,0.0,0.0
2025_17_NO_TEN,NO,TEN,Evan Hull,00-0038397,RB,car,8.701,3.0,5.0,8.0,12.0,16.0
2025_17_NO_TEN,NO,TEN,Evan Hull,00-0038397,RB,rush_yds,32.287,6.276,13.684,26.194,44.502,65.679
2025_17_NO_TEN,NO,TEN,Evan Hull,00-0038397,RB,tgt,0.396,0.0,0.0,0.0,1.0,1.0
2025_17_NO_TEN,NO,TEN,Evan Hull,00-0038397,RB,rec,0.306,0.0,0.0,0.0,0.0,1.0
2025_17_NO_TEN,NO,TEN,Evan Hull,00-0038397,RB,rec_yds,2.046,0.0,0.0,0.0,0.0,8.105
2025_17_NO_TEN,NO,TEN,Evan Hull,00-0038397,RB,anytime_td,0.034,0.0,0.0,0.0,0.0,0.0
2025_17_NO_TEN,NO,TEN,Ronnie Bell,00-0038647,WR,car,0.063,0.0,0.0,0.0,0.0,0.0
2025_17_NO_TEN,NO,TEN,Ronnie Bell,00-0038647,WR,rush_yds,0.325,0.0,0.0,0.0,0.0,0.0
2025_17_NO_TEN,NO,TEN,Ronnie Bell,00-0038647,WR,tgt,1.431,0.0,0.0,1.0,2.0,3.0
2025_17_NO_TEN,NO,TEN,Ronnie Bell,00-0038647,WR,rec,0.885,0.0,0.0,1.0,1.0,2.0
2025_17_NO_TEN,NO,TEN,Ronnie Bell,00-0038647,WR,rec_yds,10.566,0.0,0.0,3.359,15.875,31.731
2025_17_NO_TEN,NO,TEN,Ronnie Bell,00-0038647,WR,anytime_td,0.035,0.0,0.0,0.0,0.0,0.0
2025_17_NO_TEN,NO,TEN,Jack Stoll,00-0036741,TE,car,0.005,0.0,0.0,0.0,0.0,0.0
2025_17_NO_TEN,NO,TEN,Jack Stoll,00-0036741,TE,rush_yds,0.007,0.0,0.0,0.0,0.0,0.0
2025_17_NO_TEN,NO,TEN,Jack Stoll,00-0036741,TE,tgt,1.217,0.0,0.0,1.0,2.0,3.0
2025_17_NO_TEN,NO,TEN,Jack Stoll,00-0036741,TE,rec,0.83,0.0,0.0,0.0,1.0,2.0
2025_17_NO_TEN,NO,TEN,Jack Stoll,00-0036741,TE,rec_yds,7.355,0.0,0.0,0.0,11.32,22.915
2025_17_NO_TEN,NO,TEN,Jack Stoll,00-0036741,TE,anytime_td,0.033,0.0,0.0,0.0,0.0,0.0
2025_17_NYG_LV,LV,NYG,Tre Tucker,00-0038563,WR,car,0.502,0.0,0.0,0.0,0.0,2.0
2025_17_NYG_LV,LV,NYG,Tre Tucker,00-0038563,WR,rush_yds,2.896,0.0,0.0,0.0,0.0,10.338
2025_17_NYG_LV,LV,NYG,Tre Tucker,00-0038563,WR,tgt,7.247,3.0,5.0,7.0,9.0,12.0
2025_17_NYG_LV,LV,NYG,Tre Tucker,00-0038563,WR,rec,4.406,2.0,3.0,4.0,6.0,8.0
2025_17_NYG_LV,LV,NYG,Tre Tucker,00-0038563,WR,rec_yds,56.431,13.427,28.108,50.533,78.449,107.825
2025_17_NYG_LV,LV,NYG,Tre Tucker,00-0038563,WR,anytime_td,0.197,0.0,0.0,0.0,0.0,1.0
2025_17_NYG_LV,LV,NYG,Michael Mayer,00-0039066,TE,car,0.002,0.0,0.0,0.0,0.0,0.0
2025_17_NYG_LV,LV,NYG,Michael Mayer,00-0039066,TE,rush_yds,0.003,0.0,0.0,0.0,0.0,0.0
2025_17_NYG_LV,LV,NYG,Michael Mayer,00-0039066,TE,tgt,3.819,1.0,2.0,3.0,5.0,7.0
2025_17_NYG_LV,LV,NYG,Michael Mayer,00-0039066,TE,rec,2.618,0.0,1.0,2.0,4.0,5.0
2025_17_NYG_LV,LV,NYG,Michael Mayer,00-0039066,TE,rec_yds,26.96,0.0,9.083,21.985,39.376,59.657
2025_17_NYG_LV,LV,NYG,Michael Mayer,00-0039066,TE,anytime_td,0.11,0.0,0.0,0.0,0.0,1.0
2025_17_NYG_LV,LV,NYG,Geno Smith,00-0030565,QB,att,29.416,19.0,25.0,30.0,35.0,40.0
2025_17_NYG_LV,LV,NYG,Geno Smith,00-0030565,QB,cmp,19.086,12.0,16.0,19.0,23.0,27.0
2025_17_NYG_LV,LV,NYG,Geno Smith,00-0030565,QB,pass_yds,203.695,120.655,159.774,203.204,249.53,294.723
2025_17_NYG_LV,LV,NYG,Geno Smith,00-0030565,QB,pass_td,1.339,0.0,0.0,1.0,2.0,3.0
2025_17_NYG_LV,LV,NYG,Geno Smith,00-0030565,QB,ints,0.678,0.0,0.0,0.0,1.0,2.0
2025_17_NYG_LV,LV,NYG,Geno Smith,00-0030565,QB,car,2.845,0.0,1.0,2.0,4.0,6.0
2025_17_NYG_LV,LV,NYG,Geno Smith,00-0030565,QB,rush_yds,11.42,-1.0,0.0,7.508,17.96,30.134
2025_17_NYG_LV,LV,NYG,Geno Smith,00-0030565,QB,tgt,0.001,0.0,0.0,0.0,0.0,0.0
2025_17_NYG_LV,LV,NYG,Geno Smith,00-0030565,QB,rec,0.001,0.0,0.0,0.0,0.0,0.0
2025_17_NYG_LV,LV,NYG,Geno Smith,00-0030565,QB,rec_yds,0.003,0.0,0.0,0.0,0.0,0.0
2025_17_NYG_LV,LV,NYG,Geno Smith,00-0030565,QB,anytime_td,0.042,0.0,0.0,0.0,0.0,0.0
2025_17_NYG_LV,LV,NYG,Ashton Jeanty,00-0040122,RB,car,15.873,8.0,11.0,15.0,20.0,24.0
2025_17_NYG_LV,LV,NYG,Ashton Jeanty,00-0040122,RB,rush_yds,67.361,25.341,39.87,61.003,88.859,118.044
2025_17_NYG_LV,LV,NYG,Ashton Jeanty,00-0040122,RB,tgt,7.009,3.0,5.0,7.0,9.0,11.0
2025_17_NYG_LV,LV,NYG,Ashton Jeanty,00-0040122,RB,rec,5.33,2.0,3.0,5.0,7.0,9.0
2025_17_NYG_LV,LV,NYG,Ashton Jeanty,00-0040122,RB,rec_yds,41.811,9.817,20.882,37.033,57.54,79.066
2025_17_NYG_LV,LV,NYG,Ashton Jeanty,00-0040122,RB,anytime_td,0.549,0.0,0.0,1.0,1.0,1.0
2025_17_NYG_LV,LV,NYG,Dont'e Thornton Jr.,00-0040581,WR,car,0.007,0.0,0.0,0.0,0.0,0.0
2025_17_NYG_LV,LV,NYG,Dont'e Thornton Jr.,00-0040581,WR,rush_yds,0.034,0.0,0.0,0.0,0.0,0.0
2025_17_NYG_LV,LV,NYG,Dont'e Thornton Jr.,00-0040581,WR,tgt,2.179,0.0,1.0,2.0,3.0,5.0
2025_17_NYG_LV,LV,NYG,Dont'e Thornton Jr.,00-0040581,WR,rec,1.252,0.0,0.0,1.0,2.0,3.0
2025_17_NYG_LV,LV,NYG,Dont'e Thornton Jr.,00-0040581,WR,rec_yds,16.412,0.0,0.0,9.258,24.404,44.529
2025_17_NYG_LV,LV,NYG,Dont'e Thornton Jr.,00-0040581,WR,anytime_td,0.025,0.0,0.0,0.0,0.0,0.0
2025_17_NYG_LV,LV,NYG,Tyler Lockett,00-0032211,WR,car,0.006,0.0,0.0,0.0,0.0,0.0
2025_17_NYG_LV,LV,NYG,Tyler Lockett,00-0032211,WR,rush_yds,0.065,0.0,0.0,0.0,0.0,0.0
2025_17_NYG_LV,LV,NYG,Tyler Lockett,00-0032211,WR,tgt,4.466,1.0,3.0,4.0,6.0,8.0
2025_17_NYG_LV,LV,NYG,Tyler Lockett,00-0032211,WR,rec,2.862,1.0,1.0,3.0,4.0,5.0
2025_17_NYG_LV,LV,NYG,Tyler Lockett,00-0032211,WR,rec_yds,35.599,1.693,13.056,29.379,50.995,76.077
2025_17_NYG_LV,LV,NYG,Tyler Lockett,00-0032211,WR,anytime_td,0.048,0.0,0.0,0.0,0.0,0.0
2025_17_NYG_LV,LV,NYG,Ian Thomas,00-0034365,TE,car,0.001,0.0,0.0,0.0,0.0,0.0
2025_17_NYG_LV,LV,NYG,Ian Thomas,00-0034365,TE,rush_yds,0.003,0.0,0.0,0.0,0.0,0.0
2025_17_NYG_LV,LV,NYG,Ian Thomas,00-0034365,TE,tgt,1.752,0.0,0.0,1.0,3.0,4.0
2025_17_NYG_LV,LV,NYG,Ian Thomas,00-0034365,TE,rec,1.354,0.0,0.0,1.0,2.0,3.0
2025_17_NYG_LV,LV,NYG,Ian Thomas,00-0034365,TE,rec_yds,14.484,0.0,0.0,8.777,22.187,38.375
2025_17_NYG_LV,LV,NYG,Ian Thomas,00-0034365,TE,anytime_td,0.016,0.0,0.0,0.0,0.0,0.0
2025_17_NYG_LV,LV,NYG,Alex Bachman,00-0035602,WR,car,0.008,0.0,0.0,0.0,0.0,0.0
2025_17_NYG_LV,LV,NYG,Alex Bachman,00-0035602,WR,rush_yds,0.028,0.0,0.0,0.0,0.0,0.0
2025_17_NYG_LV,LV,NYG,Alex Bachman,00-0035602,WR,tgt,0.651,0.0,0.0,0.0,1.0,2.0
2025_17_NYG_LV,LV,NYG,Alex Bachman,00-0035602,WR,rec,0.421,0.0,0.0,0.0,1.0,1.0
2025_17_NYG_LV,LV,NYG,Alex Bachman,00-0035602,WR,rec_yds,5.454,0.0,0.0,0.0,6.008,19.365
2025_17_NYG_LV,LV,NYG,Alex Bachman,00-0035602,WR,anytime_td,0.005,0.0,0.0,0.0,0.0,0.0
2025_17_NYG_LV,LV,NYG,Zamir White,00-0038040,RB,car,4.589,1.0,2.0,4.0,6.0,10.0
2025_17_NYG_LV,LV,NYG,Zamir White,00-0038040,RB,rush_yds,19.44,0.0,4.493,13.18,27.813,46.444
2025_17_NYG_LV,LV,NYG,Zamir White,00-0038040,RB,tgt,1.725,0.0,0.0,1.0,3.0,4.0
2025_17_NYG_LV,LV,NYG,Zamir White,00-0038040,RB,rec,1.319,0.0,0.0,1.0,2.0,3.0
2025_17_NYG_LV,LV,NYG,Zamir White,00-0038040,RB,rec_yds,9.976,0.0,0.0,5.263,14.712,28.987
2025_17_NYG_LV,LV,NYG,Zamir White,00-0038040,RB,anytime_td,0.148,0.0,0.0,0.0,0.0,1.0
2025_17_NYG_LV,LV,NYG,Shedrick Jackson,00-0038891,WR,car,0.018,0.0,0.0,0.0,0.0,0.0
2025_17_NYG_LV,LV,NYG,Shedrick Jackson,00-0038891,WR,rush_yds,0.085,0.0,0.0,0.0,0.0,0.0
2025_17_NYG_LV,LV,NYG,Shedrick Jackson,00-0038891,WR,tgt,0.937,0.0,0.0,1.0,1.0,3.0
2025_17_NYG_LV,LV,NYG,Shedrick Jackson,00-0038891,WR,rec,0.613,0.0,0.0,0.0,1.0,2.0
2025_17_NYG_LV,LV,NYG,Shedrick Jackson,00-0038891,WR,rec_yds,8.216,0.0,0.0,0.0,12.035,27.437
2025_17_NYG_LV,LV,NYG,Shedrick Jackson,00-0038891,WR,anytime_td,0.119,0.0,0.0,0.0,0.0,1.0
2025_17_NYG_LV,NYG,LV,Jaxson Dart,00-0040691,QB,att,27.614,18.0,23.0,28.0,33.0,38.0
2025_17_NYG_LV,NYG,LV,Jaxson Dart,00-0040691,QB,cmp,17.996,11.0,15.0,18.0,22.0,25.0
2025_17_NYG_LV,NYG,LV,Jaxson Dart,00-0040691,QB,pass_yds,193.448,112.832,149.468,194.27,237.789,279.248
2025_17_NYG_LV,NYG,LV,Jaxson Dart,00-0040691,QB,pass_td,1.223,0.0,0.0,1.0,2.0,3.0
2025_17_NYG_LV,NYG,LV,Jaxson Dart,00-0040691,QB,ints,0.573,0.0,0.0,0.0,1.0,2.0
2025_17_NYG_LV,NYG,LV,Jaxson Dart,00-0040691,QB,car,6.233,2.0,4.0,6.0,8.0,11.0
2025_17_NYG_LV,NYG,LV,Jaxson Dart,00-0040691,QB,rush_yds,29.955,4.061,13.043,25.323,42.14,60.622
2025_17_NYG_LV,NYG,LV,Jaxson Dart,00-0040691,QB,tgt,0.0,0.0,0.0,0.0,0.0,0.0
2025_17_NYG_LV,NYG,LV,Jaxson Dart,00-0040691,QB,rec,0.0,0.0,0.0,0.0,0.0,0.0
2025_17_NYG_LV,NYG,LV,Jaxson Dart,00-0040691,QB,rec_yds,0.0,0.0,0.0,0.0,0.0,0.0
2025_17_NYG_LV,NYG,LV,Jaxson Dart,00-0040691,QB,anytime_td,0.338,0.0,0.0,0.0,1.0,1.0
2025_17_NYG_LV,NYG,LV,Daniel Bellinger,00-0038115,TE,car,0.001,0.0,0.0,0.0,0.0,0.0
2025_17_NYG_LV,NYG,LV,Daniel Bellinger,00-0038115,TE,rush_yds,-0.0,0.0,0.0,0.0,0.0,0.0
2025_17_NYG_LV,NYG,LV,Daniel Bellinger,00-0038115,TE,tgt,1.864,0.0,1.0,2.0,3.0,4.0
2025_17_NYG_LV,NYG,LV,Daniel Bellinger,00-0038115,TE,rec,1.347,0.0,0.0,1.0,2.0,3.0
2025_17_NYG_LV,NYG,LV,Daniel Bellinger,00-0038115,TE,rec_yds,14.507,0.0,0.0,9.176,22.339,38.365
2025_17_NYG_LV,NYG,LV,Daniel Bellinger,00-0038115,TE,anytime_td,0.059,0.0,0.0,0.0,0.0,0.0
2025_17_NYG_LV,NYG,LV,Darius Slayton,00-0035535,WR,car,0.019,0.0,0.0,0.0,0.0,0.0
2025_17_NYG_LV,NYG,LV,Darius Slayton,00-0035535,WR,rush_yds,0.084,0.0,0.0,0.0,0.0,0.0
2025_17_NYG_LV,NYG,LV,Darius Slayton,00-0035535,WR,tgt,5.217,2.0,3.0,5.0,7.0,9.0
2025_17_NYG_LV,NYG,LV,Darius Slayton,00-0035535,WR,rec,3.241,1.0,2.0,3.0,4.0,6.0
2025_17_NYG_LV,NYG,LV,Darius Slayton,00-0035535,WR,rec_yds,43.484,6.033,17.859,36.561,61.83,89.398
2025_17_NYG_LV,NYG,LV,Darius Slayton,00-0035535,WR,anytime_td,0.141,0.0,0.0,0.0,0.0,1.0
2025_17_NYG_LV,NYG,LV,Isaiah Hodgins,00-0036165,WR,car,0.007,0.0,0.0,0.0,0.0,0.0
2025_17_NYG_LV,NYG,LV,Isaiah Hodgins,00-0036165,WR,rush_yds,0.042,0.0,0.0,0.0,0.0,0.0
2025_17_NYG_LV,NYG,LV,Isaiah Hodgins,00-0036165,WR,tgt,2.919,1.0,1.0,3.0,4.0,6.0
2025_17_NYG_LV,NYG,LV,Isaiah Hodgins,00-0036165,WR,rec,1.874,0.0,1.0,2.0,3.0,4.0
2025_17_NYG_LV,NYG,LV,Isaiah Hodgins,00-0036165,WR,rec_yds,22.898,0.0,4.367,16.675,34.071,55.474
2025_17_NYG_LV,NYG,LV,Isaiah Hodgins,00-0036165,WR,anytime_td,0.132,0.0,0.0,0.0,0.0,1.0
2025_17_NYG_LV,NYG,LV,Wan'Dale Robinson,00-0038117,WR,car,0.284,0.0,0.0,0.0,0.0,1.0
2025_17_NYG_LV,NYG,LV,Wan'Dale Robinson,00-0038117,WR,rush_yds,1.566,0.0,0.0,0.0,0.0,2.15
2025_17_NYG_LV,NYG,LV,Wan'Dale Robinson,00-0038117,WR,tgt,10.652,6.0,8.0,10.0,13.0,16.0
2025_17_NYG_LV,NYG,LV,Wan'Dale Robinson,00-0038117,WR,rec,6.869,3.0,5.0,7.0,9.0,11.0
2025_17_NYG_LV,NYG,LV,Wan'Dale Robinson,00-0038117,WR,rec_yds,76.555,28.741,47.654,72.171,100.172,129.663
2025_17_NYG_LV,NYG,LV,Wan'Dale Robinson,00-0038117,WR,anytime_td,0.265,0.0,0.0,0.0,1.0,1.0
2025_17_NYG_LV,NYG,LV,Tyrone Tracy Jr.,00-0039384,RB,car,13.043,6.0,9.0,12.0,17.0,21.0
2025_17_NYG_LV,NYG,LV,Tyrone Tracy Jr.,00-0039384,RB,rush_yds,54.228,16.656,28.357,46.925,72.387,100.27
2025_17_NYG_LV,NYG,LV,Tyrone Tracy Jr.,00-0039384,RB,tgt,3.374,1.0,2.0,3.0,5.0,6.0
2025_17_NYG_LV,NYG,LV,Tyrone Tracy Jr.,00-0039384,RB,rec,2.678,0.0,1.0,2.0,4.0,5.0
2025_17_NYG_LV,NYG,LV,Tyrone Tracy Jr.,00-0039384,RB,rec_yds,20.766,0.0,5.724,15.727,30.521,47.343
2025_17_NYG_LV,NYG,LV,Tyrone Tracy Jr.,00-0039384,RB,anytime_td,0.276,0.0,0.0,0.0,1.0,1.0
2025_17_NYG_LV,NYG,LV,Devin Singletary,00-0035250,RB,car,8.546,3.0,5.0,8.0,11.0,15.0
2025_17_NYG_LV,NYG,LV,Devin Singletary,00-0035250,RB,rush_yds,34.276,5.834,14.212,28.291,47.293,70.108
2025_17_NYG_LV,NYG,LV,Devin Singletary,00-0035250,RB,tgt,1.545,0.0,0.0,1.0,2.0,4.0
2025_17_NYG_LV,NYG,LV,Devin Singletary,00-0035250,RB,rec,1.29,0.0,0.0,1.0,2.0,3.0
2025_17_NYG_LV,NYG,LV,Devin Singletary,00-0035250,RB,rec_yds,9.56,0.0,0.0,4.952,14.324,27.199
2025_17_NYG_LV,NYG,LV,Devin Singletary,00-0035250,RB,anytime_td,0.209,0.0,0.0,0.0,0.0,1.0
2025_17_NYG_LV,NYG,LV,Gunner Olszewski,00-0035645,WR,car,0.018,0.0,0.0,0.0,0.0,0.0
2025_17_NYG_LV,NYG,LV,Gunner Olszewski,00-0035645,WR,rush_yds,0.096,0.0,0.0,0.0,0.0,0.0
2025_17_NYG_LV,NYG,LV,Gunner Olszewski,00-0035645,WR,tgt,0.574,0.0,0.0,0.0,1.0,2.0
2025_17_NYG_LV,NYG,LV,Gunner Olszewski,00-0035645,WR,rec,0.369,0.0,0.0,0.0,1.0,1.0
2025_17_NYG_LV,NYG,LV,Gunner Olszewski,00-0035645,WR,rec_yds,4.653,0.0,0.0,0.0,3.132,17.264
2025_17_NYG_LV,NYG,LV,Gunner Olszewski,00-0035645,WR,anytime_td,0.041,0.0,0.0,0.0,0.0,0.0
2025_17_NYG_LV,NYG,LV,Zach Davidson,00-0036640,TE,car,0.002,0.0,0.0,0.0,0.0,0.0
2025_17_NYG_LV,NYG,LV,Zach Davidson,00-0036640,TE,rush_yds,0.006,0.0,0.0,0.0,0.0,0.0
2025_17_NYG_LV,NYG,LV,Zach Davidson,00-0036640,TE,tgt,0.804,0.0,0.0,0.0,1.0,2.0
2025_17_NYG_LV,NYG,LV,Zach Davidson,00-0036640,TE,rec,0.601,0.0,0.0,0.0,1.0,2.0
2025_17_NYG_LV,NYG,LV,Zach Davidson,00-0036640,TE,rec_yds,6.177,0.0,0.0,0.0,8.643,20.335
2025_17_NYG_LV,NYG,LV,Zach Davidson,00-0036640,TE,anytime_td,0.028,0.0,0.0,0.0,0.0,0.0
2025_17_NYG_LV,NYG,LV,Eric Gray,00-0038396,RB,car,1.35,0.0,0.0,0.0,2.0,4.0
2025_17_NYG_LV,NYG,LV,Eric Gray,00-0038396,RB,rush_yds,5.802,0.0,0.0,0.0,6.576,18.529
2025_17_NYG_LV,NYG,LV,Eric Gray,00-0038396,RB,tgt,0.814,0.0,0.0,0.0,1.0,2.0
2025_17_NYG_LV,NYG,LV,Eric Gray,00-0038396,RB,rec,0.654,0.0,0.0,0.0,1.0,2.0
2025_17_NYG_LV,NYG,LV,Eric Gray,00-0038396,RB,rec_yds,4.636,0.0,0.0,0.0,6.177,15.337
2025_17_NYG_LV,NYG,LV,Eric Gray,00-0038396,RB,anytime_td,0.045,0.0,0.0,0.0,0.0,0.0
2025_17_PHI_BUF,BUF,PHI,Josh Allen,00-0034857,QB,att,26.189,17.0,22.0,27.0,31.0,36.0
2025_17_PHI_BUF,BUF,PHI,Josh Allen,00-0034857,QB,cmp,16.657,10.0,13.0,17.0,20.0,24.0
2025_17_PHI_BUF,BUF,PHI,Josh Allen,00-0034857,QB,pass_yds,196.456,110.189,150.917,196.174,242.502,289.135
2025_17_PHI_BUF,BUF,PHI,Josh Allen,00-0034857,QB,pass_td,1.325,0.0,1.0,1.0,2.0,3.0
2025_17_PHI_BUF,BUF,PHI,Josh Allen,00-0034857,QB,ints,0.61,0.0,0.0,0.0,1.0,2.0
2025_17_PHI_BUF,BUF,PHI,Josh Allen,00-0034857,QB,car,6.31,2.0,4.0,6.0,8.0,11.0
2025_17_PHI_BUF,BUF,PHI,Josh Allen,00-0034857,QB,rush_yds,30.385,4.292,13.0,26.01,42.807,61.626
2025_17_PHI_BUF,BUF,PHI,Josh Allen,00-0034857,QB,tgt,0.001,0.0,0.0,0.0,0.0,0.0
2025_17_PHI_BUF,BUF,PHI,Josh Allen,00-0034857,QB,rec,0.001,0.0,0.0,0.0,0.0,0.0
2025_17_PHI_BUF,BUF,PHI,Josh Allen,00-0034857,QB,rec_yds,0.003,0.0,0.0,0.0,0.0,0.0
2025_17_PHI_BUF,BUF,PHI,Josh Allen,00-0034857,QB,anytime_td,0.38,0.0,0.0,0.0,1.0,1.0
2025_17_PHI_BUF,BUF,PHI,Khalil Shakir,00-0037261,WR,car,0.044,0.0,0.0,0.0,0.0,0.0
2025_17_PHI_BUF,BUF,PHI,Khalil Shakir,00-0037261,WR,rush_yds,0.238,0.0,0.0,0.0,0.0,0.0
2025_17_PHI_BUF,BUF,PHI,Khalil Shakir,00-0037261,WR,tgt,6.144,2.0,4.0,6.0,8.0,10.0
2025_17_PHI_BUF,BUF,PHI,Khalil Shakir,00-0037261,WR,rec,4.063,1.0,2.0,4.0,5.0,7.0
2025_17_PHI_BUF,BUF,PHI,Khalil Shakir,00-0037261,WR,rec_yds,48.923,10.078,23.628,43.037,68.296,94.562
2025_17_PHI_BUF,BUF,PHI,Khalil Shakir,00-0037261,WR,anytime_td,0.172,0.0,0.0,0.0,0.0,1.0
2025_17_PHI_BUF,BUF,PHI,Dawson Knox,00-0035689,TE,car,0.008,0.0,0.0,0.0,0.0,0.0
2025_17_PHI_BUF,BUF,PHI,Dawson Knox,00-0035689,TE,rush_yds,0.017,0.0,0.0,0.0,0.0,0.0
2025_17_PHI_BUF,BUF,PHI,Dawson Knox,00-0035689,TE,tgt,3.471,1.0,2.0,3.0,5.0,7.0
2025_17_PHI_BUF,BUF,PHI,Dawson Knox,00-0035689,TE,rec,2.366,0.0,1.0,2.0,3.0,5.0
2025_17_PHI_BUF,BUF,PHI,Dawson Knox,00-0035689,TE,rec_yds,28.243,0.0,8.875,22.703,41.474,63.324
2025_17_PHI_BUF,BUF,PHI,Dawson Knox,00-0035689,TE,anytime_td,0.2,0.0,0.0,0.0,0.0,1.0
2025_17_PHI_BUF,BUF,PHI,Tyrell Shavers,00-0038679,WR,car,0.01,0.0,0.0,0.0,0.0,0.0
2025_17_PHI_BUF,BUF,PHI,Tyrell Shavers,00-0038679,WR,rush_yds,0.029,0.0,0.0,0.0,0.0,0.0
2025_17_PHI_BUF,BUF,PHI,Tyrell Shavers,00-0038679,WR,tgt,1.451,0.0,0.0,1.0,2.0,3.0
2025_17_PHI_BUF,BUF,PHI,Tyrell Shavers,00-0038679,WR,rec,0.888,0.0,0.0,1.0,1.0,2.0
2025_17_PHI_BUF,BUF,PHI,Tyrell Shavers,00-0038679,WR,rec_yds,12.925,0.0,0.0,4.534,19.189,38.36
2025_17_PHI_BUF,BUF,PHI,Tyrell Shavers,00-0038679,WR,anytime_td,0.058,0.0,0.0,0.0,0.0,0.0
2025_17_PHI_BUF,BUF,PHI,Brandin Cooks,00-0031236,WR,car,0.022,0.0,0.0,0.0,0.0,0.0
2025_17_PHI_BUF,BUF,PHI,Brandin Cooks,00-0031236,WR,rush_yds,0.111,0.0,0.0,0.0,0.0,0.0
2025_17_PHI_BUF,BUF,PHI,Brandin Cooks,00-0031236,WR,tgt,2.008,0.0,1.0,2.0,3.0,4.0
2025_17_PHI_BUF,BUF,PHI,Brandin Cooks,00-0031236,WR,rec,1.159,0.0,0.0,1.0,2.0,3.0
2025_17_PHI_BUF,BUF,PHI,Brandin Cooks,00-0031236,WR,rec_yds,15.427,0.0,0.0,8.693,23.06,42.436
2025_17_PHI_BUF,BUF,PHI,Brandin Cooks,00-0031236,WR,anytime_td,0.036,0.0,0.0,0.0,0.0,0.0
2025_17_PHI_BUF,BUF,PHI,James Cook,00-0037248,RB,car,19.022,11.0,14.0,19.0,23.0,28.0
2025_17_PHI_BUF,BUF,PHI,James Cook,00-0037248,RB,rush_yds,90.599,36.384,56.09,83.232,115.878,152.573
2025_17_PHI_BUF,BUF,PHI,James Cook,00-0037248,RB,tgt,2.611,0.0,1.0,2.0,4.0,5.0
2025_17_PHI_BUF,BUF,PHI,James Cook,00-0037248,RB,rec,1.981,0.0,1.0,2.0,3.0,4.0
2025_17_PHI_BUF,BUF,PHI,James Cook,00-0037248,RB,rec_yds,17.761,0.0,2.218,12.101,26.055,44.697
2025_17_PHI_BUF,BUF,PHI,James Cook,00-0037248,RB,anytime_td,0.462,0.0,0.0,0.0,1.0,1.0
2025_17_PHI_BUF,BUF,PHI,Josh Palmer,00-0036988,WR,car,0.012,0.0,0.0,0.0,0.0,0.0
2025_17_PHI_BUF,BUF,PHI,Josh Palmer,00-0036988,WR,rush_yds,0.057,0.0,0.0,0.0,0.0,0.0
2025_17_PHI_BUF,BUF,PHI,Josh Palmer,00-0036988,WR,tgt,3.209,1.0,2.0,3.0,4.0,6.0
2025_17_PHI_BUF,BUF,PHI,Josh Palmer,00-0036988,WR,rec,1.909,0.0,1.0,2.0,3.0,4.0
2025_17_PHI_BUF,BUF,PHI,Josh Palmer,00-0036988,WR,rec_yds,27.962,0.0,6.075,20.673,41.87,66.675
2025_17_PHI_BUF,BUF,PHI,Josh Palmer,00-0036988,WR,anytime_td,0.04,0.0,0.0,0.0,0.0,0.0
2025_17_PHI_BUF,BUF,PHI,Ty Johnson,00-0035537,RB,car,2.568,0.0,0.0,2.0,4.0,6.0
2025_17_PHI_BUF,BUF,PHI,Ty Johnson,00-0035537,RB,rush_yds,10.657,0.0,0.0,4.823,14.812,29.578
2025_17_PHI_BUF,BUF,PHI,Ty Johnson,00-0035537,RB,tgt,2.25,0.0,1.0,2.0,3.0,5.0
2025_17_PHI_BUF,BUF,PHI,Ty Johnson,00-0035537,RB,rec,1.674,0.0,1.0,1.0,2.0,4.0
2025_17_PHI_BUF,BUF,PHI,Ty Johnson,00-0035537,RB,rec_yds,14.733,0.0,0.0,9.216,22.15,38.5
2025_17_PHI_BUF,BUF,PHI,Ty Johnson,00-0035537,RB,anytime_td,0.177,0.0,0.0,0.0,0.0,1.0
2025_17_PHI_BUF,BUF,PHI,Gabe Davis,00-0036196,WR,car,0.011,0.0,0.0,0.0,0.0,0.0
2025_17_PHI_BUF,BUF,PHI,Gabe Davis,00-0036196,WR,rush_yds,0.052,0.0,0.0,0.0,0.0,0.0
2025_17_PHI_BUF,BUF,PHI,Gabe Davis,00-0036196,WR,tgt,2.825,0.0,1.0,2.0,4.0,6.0
2025_17_PHI_BUF,BUF,PHI,Gabe Davis,00-0036196,WR,rec,1.696,0.0,1.0,1.0,3.0,4.0
2025_17_PHI_BUF,BUF,PHI,Gabe Davis,00-0036196,WR,rec_yds,23.062,0.0,2.335,15.927,34.802,57.14
2025_17_PHI_BUF,BUF,PHI,Gabe Davis,00-0036196,WR,anytime_td,0.101,0.0,0.0,0.0,0.0,1.0
2025_17_PHI_BUF,BUF,PHI,Jackson Hawes,00-0040194,TE,car,0.003,0.0,0.0,0.0,0.0,0.0
2025_17_PHI_BUF,BUF,PHI,Jackson Hawes,00-0040194,TE,rush_yds,0.006,0.0,0.0,0.0,0.0,0.0
2025_17_PHI_BUF,BUF,PHI,Jackson Hawes,00-0040194,TE,tgt,1.45,0.0,0.0,1.0,2.0,3.0
2025_17_PHI_BUF,BUF,PHI,Jackson Hawes,00-0040194,TE,rec,1.04,0.0,0.0,1.0,2.0,3.0
2025_17_PHI_BUF,BUF,PHI,Jackson Hawes,00-0040194,TE,rec_yds,11.822,0.0,0.0,5.863,18.43,33.486
2025_17_PHI_BUF,BUF,PHI,Jackson Hawes,00-0040194,TE,anytime_td,0.111,0.0,0.0,0.0,0.0,1.0
2025_17_PHI_BUF,BUF,PHI,Ray Davis,00-0039875,RB,car,2.56,0.0,0.0,2.0,4.0,7.0
2025_17_PHI_BUF,BUF,PHI,Ray Davis,00-0039875,RB,rush_yds,10.494,0.0,0.0,4.689,14.494,28.72
2025_17_PHI_BUF,BUF,PHI,Ray Davis,00-0039875,RB,tgt,0.876,0.0,0.0,1.0,1.0,2.0
2025_17_PHI_BUF,BUF,PHI,Ray Davis,00-0039875,RB,rec,0.657,0.0,0.0,0.0,1.0,2.0
2025_17_PHI_BUF,BUF,PHI,Ray Davis,00-0039875,RB,rec_yds,5.351,0.0,0.0,0.0,7.408,18.09
2025_17_PHI_BUF,BUF,PHI,Ray Davis,00-0039875,RB,anytime_td,0.067,0.0,0.0,0.0,0.0,0.0
2025_17_PHI_BUF,PHI,BUF,Jalen Hurts,00-0036389,QB,att,27.525,18.0,23.0,28.0,33.0,37.0
2025_17_PHI_BUF,PHI,BUF,Jalen Hurts,00-0036389,QB,cmp,17.414,10.0,14.0,18.0,21.0,25.0
2025_17_PHI_BUF,PHI,BUF,Jalen Hurts,00-0036389,QB,pass_yds,191.369,108.992,147.763,190.671,235.406,276.961
2025_17_PHI_BUF,PHI,BUF,Jalen Hurts,00-0036389,QB,pass_td,1.15,0.0,0.0,1.0,2.0,2.0
2025_17_PHI_BUF,PHI,BUF,Jalen Hurts,00-0036389,QB,ints,0.682,0.0,0.0,0.0,1.0,2.0
2025_17_PHI_BUF,PHI,BUF,Jalen Hurts,00-0036389,QB,car,5.869,2.0,3.0,5.0,8.0,11.0
2025_17_PHI_BUF,PHI,BUF,Jalen Hurts,00-0036389,QB,rush_yds,26.963,2.686,10.553,23.204,38.375,56.064
2025_17_PHI_BUF,PHI,BUF,Jalen Hurts,00-0036389,QB,tgt,0.001,0.0,0.0,0.0,0.0,0.0
2025_17_PHI_BUF,PHI,BUF,Jalen Hurts,00-0036389,QB,rec,0.0,0.0,0.0,0.0,0.0,0.0
2025_17_PHI_BUF,PHI,BUF,Jalen Hurts,00-0036389,QB,rec_yds,0.002,0.0,0.0,0.0,0.0,0.0
2025_17_PHI_BUF,PHI,BUF,Jalen Hurts,00-0036389,QB,anytime_td,0.273,0.0,0.0,0.0,1.0,1.0
2025_17_PHI_BUF,PHI,BUF,A.J. Brown,00-0035676,WR,car,0.008,0.0,0.0,0.0,0.0,0.0
2025_17_PHI_BUF,PHI,BUF,A.J. Brown,00-0035676,WR,rush_yds,0.028,0.0,0.0,0.0,0.0,0.0
2025_17_PHI_BUF,PHI,BUF,A.J. Brown,00-0035676,WR,tgt,8.22,4.0,6.0,8.0,10.0,13.0
2025_17_PHI_BUF,PHI,BUF,A.J. Brown,00-0035676,WR,rec,5.21,2.0,3.0,5.0,7.0,9.0
2025_17_PHI_BUF,PHI,BUF,A.J. Brown,00-0035676,WR,rec_yds,64.862,19.309,35.584,59.216,87.503,119.352
2025_17_PHI_BUF,PHI,BUF,A.J. Brown,00-0035676,WR,anytime_td,0.317,0.0,0.0,0.0,1.0,1.0
2025_17_PHI_BUF,PHI,BUF,DeVonta Smith,00-0036912,WR,car,0.008,0.0,0.0,0.0,0.0,0.0
2025_17_PHI_BUF,PHI,BUF,DeVonta Smith,00-0036912,WR,rush_yds,0.033,0.0,0.0,0.0,0.0,0.0
2025_17_PHI_BUF,PHI,BUF,DeVonta Smith,00-0036912,WR,tgt,6.898,3.0,5.0,7.0,9.0,11.0
2025_17_PHI_BUF,PHI,BUF,DeVonta Smith,00-0036912,WR,rec,4.335,1.9,3.0,4.0,6.0,8.0
2025_17_PHI_BUF,PHI,BUF,DeVonta Smith,00-0036912,WR,rec_yds,53.347,12.569,26.873,47.327,73.497,101.673
2025_17_PHI_BUF,PHI,BUF,DeVonta Smith,00-0036912,WR,anytime_td,0.214,0.0,0.0,0.0,0.0,1.0
2025_17_PHI_BUF,PHI,BUF,Dallas Goedert,00-0034351,TE,car,0.013,0.0,0.0,0.0,0.0,0.0
2025_17_PHI_BUF,PHI,BUF,Dallas Goedert,00-0034351,TE,rush_yds,0.033,0.0,0.0,0.0,0.0,0.0
2025_17_PHI_BUF,PHI,BUF,Dallas Goedert,00-0034351,TE,tgt,5.106,2.0,3.0,5.0,7.0,9.0
2025_17_PHI_BUF,PHI,BUF,Dallas Goedert,00-0034351,TE,rec,3.648,1.0,2.0,3.0,5.0,7.0
2025_17_PHI_BUF,PHI,BUF,Dallas Goedert,00-0034351,TE,rec_yds,37.094,7.324,17.112,32.473,52.064,73.148
2025_17_PHI_BUF,PHI,BUF,Dallas Goedert,00-0034351,TE,anytime_td,0.332,0.0,0.0,0.0,1.0,1.0
2025_17_PHI_BUF,PHI,BUF,Saquon Barkley,00-0034844,RB,car,16.464,9.0,12.0,16.0,21.0,25.0
2025_17_PHI_BUF,PHI,BUF,Saquon Barkley,00-0034844,RB,rush_yds,74.164,27.553,44.349,67.241,97.188,130.401
2025_17_PHI_BUF,PHI,BUF,Saquon Barkley,00-0034844,RB,tgt,3.194,1.0,2.0,3.0,4.0,6.0
2025_17_PHI_BUF,PHI,BUF,Saquon Barkley,00-0034844,RB,rec,2.263,0.0,1.0,2.0,3.0,5.0
2025_17_PHI_BUF,PHI,BUF,Saquon Barkley,00-0034844,RB,rec_yds,16.356,0.0,3.146,12.016,24.054,39.579
2025_17_PHI_BUF,PHI,BUF,Saquon Barkley,00-0034844,RB,anytime_td,0.376,0.0,0.0,0.0,1.0,1.0
2025_17_PHI_BUF,PHI,BUF,Jahan Dotson,00-0037741,WR,car,0.005,0.0,0.0,0.0,0.0,0.0
2025_17_PHI_BUF,PHI,BUF,Jahan Dotson,00-0037741,WR,rush_yds,0.022,0.0,0.0,0.0,0.0,0.0
2025_17_PHI_BUF,PHI,BUF,Jahan Dotson,00-0037741,WR,tgt,1.91,0.0,1.0,2.0,3.0,4.0
2025_17_PHI_BUF,PHI,BUF,Jahan Dotson,00-0037741,WR,rec,1.133,0.0,0.0,1.0,2.0,3.0
2025_17_PHI_BUF,PHI,BUF,Jahan Dotson,00-0037741,WR,rec_yds,13.755,0.0,0.0,7.164,20.468,38.844
2025_17_PHI_BUF,PHI,BUF,Jahan Dotson,00-0037741,WR,anytime_td,0.053,0.0,0.0,0.0,0.0,0.0
2025_17_PHI_BUF,PHI,BUF,Grant Calcaterra,00-0037086,TE,car,0.001,0.0,0.0,0.0,0.0,0.0
2025_17_PHI_BUF,PHI,BUF,Grant Calcaterra,00-0037086,TE,rush_yds,0.0,0.0,0.0,0.0,0.0,0.0
2025_17_PHI_BUF,PHI,BUF,Grant Calcaterra,00-0037086,TE,tgt,0.629,0.0,0.0,0.0,1.0,2.0
2025_17_PHI_BUF,PHI,BUF,Grant Calcaterra,00-0037086,TE,rec,0.433,0.0,0.0,0.0,1.0,1.0
2025_17_PHI_BUF,PHI,BUF,Grant Calcaterra,00-0037086,TE,rec_yds,4.29,0.0,0.0,0.0,4.991,14.976
2025_17_PHI_BUF,PHI,BUF,Grant Calcaterra,00-0037086,TE,anytime_td,0.01,0.0,0.0,0.0,0.0,0.0
2025_17_PHI_BUF,PHI,BUF,Darius Cooper,00-0040024,WR,car,0.006,0.0,0.0,0.0,0.0,0.0
2025_17_PHI_BUF,PHI,BUF,Darius Cooper,00-0040024,WR,rush_yds,0.037,0.0,0.0,0.0,0.0,0.0
2025_17_PHI_BUF,PHI,BUF,Darius Cooper,00-0040024,WR,tgt,0.715,0.0,0.0,0.0,1.0,2.0
2025_17_PHI_BUF,PHI,BUF,Darius Cooper,00-0040024,WR,rec,0.465,0.0,0.0,0.0,1.0,2.0
2025_17_PHI_BUF,PHI,BUF,Darius Cooper,00-0040024,WR,rec_yds,5.639,0.0,0.0,0.0,6.428,19.668
2025_17_PHI_BUF,PHI,BUF,Darius Cooper,00-0040024,WR,anytime_td,0.008,0.0,0.0,0.0,0.0,0.0
2025_17_PHI_BUF,PHI,BUF,Will Shipley,00-0039746,RB,car,0.869,0.0,0.0,0.0,1.0,3.0
2025_17_PHI_BUF,PHI,BUF,Will Shipley,00-0039746,RB,rush_yds,3.73,0.0,0.0,0.0,3.118,12.278
2025_17_PHI_BUF,PHI,BUF,Will Shipley,00-0039746,RB,tgt,0.722,0.0,0.0,0.0,1.0,2.0
2025_17_PHI_BUF,PHI,BUF,Will Shipley,00-0039746,RB,rec,0.555,0.0,0.0,0.0,1.0,2.0
2025_17_PHI_BUF,PHI,BUF,Will Shipley,00-0039746,RB,rec_yds,4.011,0.0,0.0,0.0,5.014,13.834
2025_17_PHI_BUF,PHI,BUF,Will Shipley,00-0039746,RB,anytime_td,0.018,0.0,0.0,0.0,0.0,0.0
2025_17_PHI_BUF,PHI,BUF,Tank Bigsby,00-0038555,RB,car,4.947,1.0,2.0,4.0,7.0,10.0
2025_17_PHI_BUF,PHI,BUF,Tank Bigsby,00-0038555,RB,rush_yds,23.359,0.0,5.513,16.304,33.348,55.834
2025_17_PHI_BUF,PHI,BUF,Tank Bigsby,00-0038555,RB,tgt,0.332,0.0,0.0,0.0,0.0,1.0
2025_17_PHI_BUF,PHI,BUF,Tank Bigsby,00-0038555,RB,rec,0.246,0.0,0.0,0.0,0.0,1.0
2025_17_PHI_BUF,PHI,BUF,Tank Bigsby,00-0038555,RB,rec_yds,1.732,0.0,0.0,0.0,0.0,6.149
2025_17_PHI_BUF,PHI,BUF,Tank Bigsby,00-0038555,RB,anytime_td,0.153,0.0,0.0,0.0,0.0,1.0
2025_17_PIT_CLE,CLE,PIT,Shedeur Sanders,00-0040668,QB,att,28.801,19.0,24.0,29.0,34.0,39.0
2025_17_PIT_CLE,CLE,PIT,Shedeur Sanders,00-0040668,QB,cmp,16.973,10.0,14.0,17.0,21.0,24.0
2025_17_PIT_CLE,CLE,PIT,Shedeur Sanders,00-0040668,QB,pass_yds,172.299,95.814,132.648,170.064,212.226,253.956
2025_17_PIT_CLE,CLE,PIT,Shedeur Sanders,00-0040668,QB,pass_td,0.73,0.0,0.0,1.0,1.0,2.0
2025_17_PIT_CLE,CLE,PIT,Shedeur Sanders,00-0040668,QB,ints,0.799,0.0,0.0,1.0,1.0,2.0
2025_17_PIT_CLE,CLE,PIT,Shedeur Sanders,00-0040668,QB,car,2.684,0.0,1.0,2.0,4.0,5.0
2025_17_PIT_CLE,CLE,PIT,Shedeur Sanders,00-0040668,QB,rush_yds,16.414,0.0,4.048,13.043,24.999,38.129
2025_17_PIT_CLE,CLE,PIT,Shedeur Sanders,00-0040668,QB,tgt,0.0,0.0,0.0,0.0,0.0,0.0
2025_17_PIT_CLE,CLE,PIT,Shedeur Sanders,00-0040668,QB,rec,0.0,0.0,0.0,0.0,0.0,0.0
2025_17_PIT_CLE,CLE,PIT,Shedeur Sanders,00-0040668,QB,rec_yds,0.001,0.0,0.0,0.0,0.0,0.0
2025_17_PIT_CLE,CLE,PIT,Shedeur Sanders,00-0040668,QB,anytime_td,0.079,0.0,0.0,0.0,0.0,0.0
2025_17_PIT_CLE,CLE,PIT,Jerry Jeudy,00-0036407,WR,car,0.017,0.0,0.0,0.0,0.0,0.0
2025_17_PIT_CLE,CLE,PIT,Jerry Jeudy,00-0036407,WR,rush_yds,0.073,0.0,0.0,0.0,0.0,0.0
2025_17_PIT_CLE,CLE,PIT,Jerry Jeudy,00-0036407,WR,tgt,5.839,2.0,4.0,5.0,8.0,10.0
2025_17_PIT_CLE,CLE,PIT,Jerry Jeudy,00-0036407,WR,rec,3.135,1.0,2.0,3.0,4.0,6.0
2025_17_PIT_CLE,CLE,PIT,Jerry Jeudy,00-0036407,WR,rec_yds,36.216,4.831,14.992,30.947,51.353,74.68
2025_17_PIT_CLE,CLE,PIT,Jerry Jeudy,00-0036407,WR,anytime_td,0.118,0.0,0.0,0.0,0.0,1.0
2025_17_PIT_CLE,CLE,PIT,Cedric Tillman,00-0038979,WR,car,0.028,0.0,0.0,0.0,0.0,0.0
2025_17_PIT_CLE,CLE,PIT,Cedric Tillman,00-0038979,WR,rush_yds,0.127,0.0,0.0,0.0,0.0,0.0
2025_17_PIT_CLE,CLE,PIT,Cedric Tillman,00-0038979,WR,tgt,2.863,0.0,1.0,3.0,4.0,6.0
2025_17_PIT_CLE,CLE,PIT,Cedric Tillman,00-0038979,WR,rec,1.625,0.0,1.0,1.0,2.0,4.0
2025_17_PIT_CLE,CLE,PIT,Cedric Tillman,00-0038979,WR,rec_yds,18.79,0.0,0.0,12.358,28.436,47.775
2025_17_PIT_CLE,CLE,PIT,Cedric Tillman,00-0038979,WR,anytime_td,0.071,0.0,0.0,0.0,0.0,0.0
2025_17_PIT_CLE,CLE,PIT,Brenden Bates,00-0039458,TE,car,0.001,0.0,0.0,0.0,0.0,0.0
2025_17_PIT_CLE,CLE,PIT,Brenden Bates,00-0039458,TE,rush_yds,0.002,0.0,0.0,0.0,0.0,0.0
2025_17_PIT_CLE,CLE,PIT,Brenden Bates,00-0039458,TE,tgt,0.506,0.0,0.0,0.0,1.0,2.0
2025_17_PIT_CLE,CLE,PIT,Brenden Bates,00-0039458,TE,rec,0.338,0.0,0.0,0.0,0.0,1.0
2025_17_PIT_CLE,CLE,PIT,Brenden Bates,00-0039458,TE,rec_yds,3.227,0.0,0.0,0.0,0.0,11.707
2025_17_PIT_CLE,CLE,PIT,Brenden Bates,00-0039458,TE,anytime_td,0.014,0.0,0.0,0.0,0.0,0.0
2025_17_PIT_CLE,CLE,PIT,Raheim Sanders,00-0040466,RB,car,10.591,4.0,7.0,10.0,14.0,18.0
2025_17_PIT_CLE,CLE,PIT,Raheim Sanders,00-0040466,RB,rush_yds,37.81,9.51,18.254,32.523,50.872,72.83
2025_17_PIT_CLE,CLE,PIT,Raheim Sanders,00-0040466,RB,tgt,0.576,0.0,0.0,0.0,1.0,2.0
2025_17_PIT_CLE,CLE,PIT,Raheim Sanders,00-0040466,RB,rec,0.432,0.0,0.0,0.0,1.0,1.0
2025_17_PIT_CLE,CLE,PIT,Raheim Sanders,00-0040466,RB,rec_yds,3.012,0.0,0.0,0.0,2.387,10.422
2025_17_PIT_CLE,CLE,PIT,Raheim Sanders,00-0040466,RB,anytime_td,0.145,0.0,0.0,0.0,0.0,1.0
2025_17_PIT_CLE,CLE,PIT,Malachi Corley,00-0039920,WR,car,1.832,0.0,0.0,1.0,3.0,5.0
2025_17_PIT_CLE,CLE,PIT,Malachi Corley,00-0039920,WR,rush_yds,9.149,0.0,0.0,2.016,12.515,28.961
2025_17_PIT_CLE,CLE,PIT,Malachi Corley,00-0039920,WR,tgt,1.444,0.0,0.0,1.0,2.0,3.0
2025_17_PIT_CLE,CLE,PIT,Malachi Corley,00-0039920,WR,rec,0.88,0.0,0.0,1.0,1.0,2.0
2025_17_PIT_CLE,CLE,PIT,Malachi Corley,00-0039920,WR,rec_yds,10.351,0.0,0.0,2.882,15.464,30.782
2025_17_PIT_CLE,CLE,PIT,Malachi Corley,00-0039920,WR,anytime_td,0.024,0.0,0.0,0.0,0.0,0.0
2025_17_PIT_CLE,CLE,PIT,Sal Cannella,00-0037015,TE,car,0.009,0.0,0.0,0.0,0.0,0.0
2025_17_PIT_CLE,CLE,PIT,Sal Cannella,00-0037015,TE,rush_yds,0.019,0.0,0.0,0.0,0.0,0.0
2025_17_PIT_CLE,CLE,PIT,Sal Cannella,00-0037015,TE,tgt,0.874,0.0,0.0,0.0,1.0,2.0
2025_17_PIT_CLE,CLE,PIT,Sal Cannella,00-0037015,TE,rec,0.588,0.0,0.0,0.0,1.0,2.0
2025_17_PIT_CLE,CLE,PIT,Sal Cannella,00-0037015,TE,rec_yds,5.642,0.0,0.0,0.0,7.85,19.424
2025_17_PIT_CLE,CLE,PIT,Sal Cannella,00-0037015,TE,anytime_td,0.022,0.0,0.0,0.0,0.0,0.0
2025_17_PIT_CLE,CLE,PIT,Dylan Sampson,00-0040162,RB,car,5.805,1.0,3.0,5.0,8.0,11.0
2025_17_PIT_CLE,CLE,PIT,Dylan Sampson,00-0040162,RB,rush_yds,20.567,1.47,6.076,15.14,29.331,46.893
2025_17_PIT_CLE,CLE,PIT,Dylan Sampson,00-0040162,RB,tgt,2.755,0.0,1.0,2.0,4.0,6.0
2025_17_PIT_CLE,CLE,PIT,Dylan Sampson,00-0040162,RB,rec,2.04,0.0,1.0,2.0,3.0,4.0
2025_17_PIT_CLE,CLE,PIT,Dylan Sampson,00-0040162,RB,rec_yds,16.437,0.0,2.27,11.568,24.175,40.673
2025_17_PIT_CLE,CLE,PIT,Dylan Sampson,00-0040162,RB,anytime_td,0.106,0.0,0.0,0.0,0.0,1.0
2025_17_PIT_CLE,CLE,PIT,Trayveon Williams,00-0035291,RB,car,4.191,0.0,1.0,3.0,6.0,9.0
2025_17_PIT_CLE,CLE,PIT,Trayveon Williams,00-0035291,RB,rush_yds,15.351,0.0,2.539,9.877,21.847,38.325
2025_17_PIT_CLE,CLE,PIT,Trayveon Williams,00-0035291,RB,tgt,2.03,0.0,1.0,2.0,3.0,4.0
2025_17_PIT_CLE,CLE,PIT,Trayveon Williams,00-0035291,RB,rec,1.537,0.0,0.0,1.0,2.0,3.0
2025_17_PIT_CLE,CLE,PIT,Trayveon Williams,00-0035291,RB,rec_yds,10.419,0.0,0.0,6.197,15.509,28.105
2025_17_PIT_CLE,CLE,PIT,Trayveon Williams,00-0035291,RB,anytime_td,0.054,0.0,0.0,0.0,0.0,0.0
2025_17_PIT_CLE,CLE,PIT,Harold Fannin Jr.,00-0040663,TE,car,0.972,0.0,0.0,0.0,1.0,3.0
2025_17_PIT_CLE,CLE,PIT,Harold Fannin Jr.,00-0040663,TE,rush_yds,1.947,0.0,0.0,0.0,1.792,6.708
2025_17_PIT_CLE,CLE,PIT,Harold Fannin Jr.,00-0040663,TE,tgt,8.051,4.0,5.0,8.0,10.0,13.0
2025_17_PIT_CLE,CLE,PIT,Harold Fannin Jr.,00-0040663,TE,rec,5.048,2.0,3.0,5.0,7.0,9.0
2025_17_PIT_CLE,CLE,PIT,Harold Fannin Jr.,00-0040663,TE,rec_yds,48.681,14.76,26.646,44.41,66.036,88.744
2025_17_PIT_CLE,CLE,PIT,Harold Fannin Jr.,00-0040663,TE,anytime_td,0.242,0.0,0.0,0.0,0.0,1.0
2025_17_PIT_CLE,CLE,PIT,Isaiah Bond,00-0040782,WR,car,0.601,0.0,0.0,0.0,1.0,2.0
2025_17_PIT_CLE,CLE,PIT,Isaiah Bond,00-0040782,WR,rush_yds,2.839,0.0,0.0,0.0,0.0,10.216
2025_17_PIT_CLE,CLE,PIT,Isaiah Bond,00-0040782,WR,tgt,2.649,0.0,1.0,2.0,4.0,5.0
2025_17_PIT_CLE,CLE,PIT,Isaiah Bond,00-0040782,WR,rec,1.399,0.0,0.0,1.0,2.0,3.0
2025_17_PIT_CLE,CLE,PIT,Isaiah Bond,00-0040782,WR,rec_yds,18.909,0.0,0.0,12.149,27.852,49.674
2025_17_PIT_CLE,CLE,PIT,Isaiah Bond,00-0040782,WR,anytime_td,0.031,0.0,0.0,0.0,0.0,0.0
2025_17_PIT_CLE,CLE,PIT,Gage Larvadain,00-0040259,WR,car,0.011,0.0,0.0,0.0,0.0,0.0
2025_17_PIT_CLE,CLE,PIT,Gage Larvadain,00-0040259,WR,rush_yds,0.057,0.0,0.0,0.0,0.0,0.0
2025_17_PIT_CLE,CLE,PIT,Gage Larvadain,00-0040259,WR,tgt,1.483,0.0,0.0,1.0,2.0,3.0
2025_17_PIT_CLE,CLE,PIT,Gage Larvadain,00-0040259,WR,rec,0.861,0.0,0.0,1.0,1.0,2.0
2025_17_PIT_CLE,CLE,PIT,Gage Larvadain,00-0040259,WR,rec_yds,9.941,0.0,0.0,2.526,14.758,29.525
2025_17_PIT_CLE,CLE,PIT,Gage Larvadain,00-0040259,WR,anytime_td,0.011,0.0,0.0,0.0,0.0,0.0
2025_17_PIT_CLE,PIT,CLE,Aaron Rodgers,00-0023459,QB,att,27.299,18.0,23.0,28.0,33.0,37.0
2025_17_PIT_CLE,PIT,CLE,Aaron Rodgers,00-0023459,QB,cmp,17.274,11.0,14.0,17.0,21.0,24.0
2025_17_PIT_CLE,PIT,CLE,Aaron Rodgers,00-0023459,QB,pass_yds,184.77,107.82,143.108,184.217,227.642,266.967
2025_17_PIT_CLE,PIT,CLE,Aaron Rodgers,00-0023459,QB,pass_td,1.091,0.0,0.0,1.0,2.0,2.0
2025_17_PIT_CLE,PIT,CLE,Aaron Rodgers,00-0023459,QB,ints,0.54,0.0,0.0,0.0,1.0,2.0
2025_17_PIT_CLE,PIT,CLE,Aaron Rodgers,00-0023459,QB,car,1.991,0.0,1.0,2.0,3.0,4.0
2025_17_PIT_CLE,PIT,CLE,Aaron Rodgers,00-0023459,QB,rush_yds,5.416,-2.0,-1.0,0.799,9.197,18.466
2025_17_PIT_CLE,PIT,CLE,Aaron Rodgers,00-0023459,QB,tgt,0.001,0.0,0.0,0.0,0.0,0.0
2025_17_PIT_CLE,PIT,CLE,Aaron Rodgers,00-0023459,QB,rec,0.001,0.0,0.0,0.0,0.0,0.0
2025_17_PIT_CLE,PIT,CLE,Aaron Rodgers,00-0023459,QB,rec_yds,0.009,0.0,0.0,0.0,0.0,0.0
2025_17_PIT_CLE,PIT,CLE,Aaron Rodgers,00-0023459,QB,anytime_td,0.075,0.0,0.0,0.0,0.0,0.0
2025_17_PIT_CLE,PIT,CLE,Adam Thielen,00-0030035,WR,car,0.013,0.0,0.0,0.0,0.0,0.0
2025_17_PIT_CLE,PIT,CLE,Adam Thielen,00-0030035,WR,rush_yds,0.052,0.0,0.0,0.0,0.0,0.0
2025_17_PIT_CLE,PIT,CLE,Adam Thielen,00-0030035,WR,tgt,2.295,0.0,1.0,2.0,3.0,5.0
2025_17_PIT_CLE,PIT,CLE,Adam Thielen,00-0030035,WR,rec,1.394,0.0,0.0,1.0,2.0,3.0
2025_17_PIT_CLE,PIT,CLE,Adam Thielen,00-0030035,WR,rec_yds,18.494,0.0,0.0,11.316,28.414,49.195
2025_17_PIT_CLE,PIT,CLE,Adam Thielen,00-0030035,WR,anytime_td,0.034,0.0,0.0,0.0,0.0,0.0
2025_17_PIT_CLE,PIT,CLE,Marquez Valdes-Scantling,00-0034272,WR,car,0.015,0.0,0.0,0.0,0.0,0.0
2025_17_PIT_CLE,PIT,CLE,Marquez Valdes-Scantling,00-0034272,WR,rush_yds,0.074,0.0,0.0,0.0,0.0,0.0
2025_17_PIT_CLE,PIT,CLE,Marquez Valdes-Scantling,00-0034272,WR,tgt,2.084,0.0,1.0,2.0,3.0,4.0
2025_17_PIT_CLE,PIT,CLE,Marquez Valdes-Scantling,00-0034272,WR,rec,1.123,0.0,0.0,1.0,2.0,3.0
2025_17_PIT_CLE,PIT,CLE,Marquez Valdes-Scantling,00-0034272,WR,rec_yds,15.504,0.0,0.0,8.227,23.575,42.314
2025_17_PIT_CLE,PIT,CLE,Marquez Valdes-Scantling,00-0034272,WR,anytime_td,0.1,0.0,0.0,0.0,0.0,0.1
2025_17_PIT_CLE,PIT,CLE,Pat Freiermuth,00-0036894,TE,car,0.004,0.0,0.0,0.0,0.0,0.0
2025_17_PIT_CLE,PIT,CLE,Pat Freiermuth,00-0036894,TE,rush_yds,0.01,0.0,0.0,0.0,0.0,0.0
2025_17_PIT_CLE,PIT,CLE,Pat Freiermuth,00-0036894,TE,tgt,3.767,1.0,2.0,3.0,5.0,7.0
2025_17_PIT_CLE,PIT,CLE,Pat Freiermuth,00-0036894,TE,rec,2.558,0.0,1.0,2.0,4.0,5.0
2025_17_PIT_CLE,PIT,CLE,Pat Freiermuth,00-0036894,TE,rec_yds,28.337,0.0,9.329,22.691,41.854,62.548
2025_17_PIT_CLE,PIT,CLE,Pat Freiermuth,00-0036894,TE,anytime_td,0.147,0.0,0.0,0.0,0.0,1.0
2025_17_PIT_CLE,PIT,CLE,Kenny Gainwell,00-0036919,RB,car,8.684,3.0,5.0,8.0,12.0,15.0
2025_17_PIT_CLE,PIT,CLE,Kenny Gainwell,00-0036919,RB,rush_yds,37.443,6.803,15.456,30.776,51.952,76.361
2025_17_PIT_CLE,PIT,CLE,Kenny Gainwell,00-0036919,RB,tgt,6.136,2.0,4.0,6.0,8.0,10.0
2025_17_PIT_CLE,PIT,CLE,Kenny Gainwell,00-0036919,RB,rec,4.58,2.0,3.0,4.0,6.0,8.0
2025_17_PIT_CLE,PIT,CLE,Kenny Gainwell,00-0036919,RB,rec_yds,39.007,7.178,17.708,34.107,54.277,77.596
2025_17_PIT_CLE,PIT,CLE,Kenny Gainwell,00-0036919,RB,anytime_td,0.314,0.0,0.0,0.0,1.0,1.0
2025_17_PIT_CLE,PIT,CLE,Scott Miller,00-0035298,WR,car,0.007,0.0,0.0,0.0,0.0,0.0
2025_17_PIT_CLE,PIT,CLE,Scott Miller,00-0035298,WR,rush_yds,0.028,0.0,0.0,0.0,0.0,0.0
2025_17_PIT_CLE,PIT,CLE,Scott Miller,00-0035298,WR,tgt,0.89,0.0,0.0,1.0,1.0,2.0
2025_17_PIT_CLE,PIT,CLE,Scott Miller,00-0035298,WR,rec,0.534,0.0,0.0,0.0,1.0,2.0
2025_17_PIT_CLE,PIT,CLE,Scott Miller,00-0035298,WR,rec_yds,6.861,0.0,0.0,0.0,9.291,23.777
2025_17_PIT_CLE,PIT,CLE,Scott Miller,00-0035298,WR,anytime_td,0.007,0.0,0.0,0.0,0.0,0.0
2025_17_PIT_CLE,PIT,CLE,Jonnu Smith,00-0033858,TE,car,0.714,0.0,0.0,0.0,1.0,2.0
2025_17_PIT_CLE,PIT,CLE,Jonnu Smith,00-0033858,TE,rush_yds,1.893,0.0,0.0,0.0,0.496,6.737
2025_17_PIT_CLE,PIT,CLE,Jonnu Smith,00-0033858,TE,tgt,3.189,1.0,2.0,3.0,4.0,6.0
2025_17_PIT_CLE,PIT,CLE,Jonnu Smith,00-0033858,TE,rec,2.003,0.0,1.0,2.0,3.0,4.0
2025_17_PIT_CLE,PIT,CLE,Jonnu Smith,00-0033858,TE,rec_yds,20.665,0.0,5.356,16.102,30.76,48.252
2025_17_PIT_CLE,PIT,CLE,Jonnu Smith,00-0033858,TE,anytime_td,0.118,0.0,0.0,0.0,0.0,1.0
2025_17_PIT_CLE,PIT,CLE,Jaylen Warren,00-0037228,RB,car,15.295,8.0,11.0,15.0,19.0,24.0
2025_17_PIT_CLE,PIT,CLE,Jaylen Warren,00-0037228,RB,rush_yds,65.472,21.979,36.759,58.398,86.978,117.02
2025_17_PIT_CLE,PIT,CLE,Jaylen Warren,00-0037228,RB,tgt,3.17,1.0,2.0,3.0,4.0,6.0
2025_17_PIT_CLE,PIT,CLE,Jaylen Warren,00-0037228,RB,rec,2.342,0.0,1.0,2.0,3.0,5.0
2025_17_PIT_CLE,PIT,CLE,Jaylen Warren,00-0037228,RB,rec_yds,18.927,0.0,4.321,13.701,28.04,45.057
2025_17_PIT_CLE,PIT,CLE,Jaylen Warren,00-0037228,RB,anytime_td,0.371,0.0,0.0,0.0,1.0,1.0
2025_17_PIT_CLE,PIT,CLE,Darnell Washington,00-0038558,TE,car,0.002,0.0,0.0,0.0,0.0,0.0
2025_17_PIT_CLE,PIT,CLE,Darnell Washington,00-0038558,TE,rush_yds,0.003,0.0,0.0,0.0,0.0,0.0
2025_17_PIT_CLE,PIT,CLE,Darnell Washington,00-0038558,TE,tgt,3.599,1.0,2.0,3.0,5.0,7.0
2025_17_PIT_CLE,PIT,CLE,Darnell Washington,00-0038558,TE,rec,2.343,0.0,1.0,2.0,3.0,5.0
2025_17_PIT_CLE,PIT,CLE,Darnell Washington,00-0038558,TE,rec_yds,28.314,0.0,9.185,22.621,40.401,63.317
2025_17_PIT_CLE,PIT,CLE,Darnell Washington,00-0038558,TE,anytime_td,0.066,0.0,0.0,0.0,0.0,0.0
2025_17_PIT_CLE,PIT,CLE,Roman Wilson,00-0039739,WR,car,0.009,0.0,0.0,0.0,0.0,0.0
2025_17_PIT_CLE,PIT,CLE,Roman Wilson,00-0039739,WR,rush_yds,0.042,0.0,0.0,0.0,0.0,0.0
2025_17_PIT_CLE,PIT,CLE,Roman Wilson,00-0039739,WR,tgt,2.43,0.0,1.0,2.0,3.0,5.0
2025_17_PIT_CLE,PIT,CLE,Roman Wilson,00-0039739,WR,rec,1.316,0.0,0.0,1.0,2.0,3.0
2025_17_PIT_CLE,PIT,CLE,Roman Wilson,00-0039739,WR,rec_yds,18.773,0.0,0.0,11.391,28.35,49.716
2025_17_PIT_CLE,PIT,CLE,Roman Wilson,00-0039739,WR,anytime_td,0.106,0.0,0.0,0.0,0.0,1.0
2025_17_PIT_CLE,PIT,CLE,Connor Heyward,00-0037304,RB,car,1.386,0.0,0.0,0.0,2.0,4.0
2025_17_PIT_CLE,PIT,CLE,Connor Heyward,00-0037304,RB,rush_yds,5.155,0.0,0.0,0.0,6.248,16.632
2025_17_PIT_CLE,PIT,CLE,Connor Heyward,00-0037304,RB,tgt,0.211,0.0,0.0,0.0,0.0,1.0
2025_17_PIT_CLE,PIT,CLE,Connor Heyward,00-0037304,RB,rec,0.15,0.0,0.0,0.0,0.0,1.0
2025_17_PIT_CLE,PIT,CLE,Connor Heyward,00-0037304,RB,rec_yds,1.187,0.0,0.0,0.0,0.0,2.163
2025_17_PIT_CLE,PIT,CLE,Connor Heyward,00-0037304,RB,anytime_td,0.074,0.0,0.0,0.0,0.0,0.0
2025_17_SEA_CAR,CAR,SEA,Bryce Young,00-0039150,QB,att,28.871,19.0,24.0,29.0,34.0,39.0
2025_17_SEA_CAR,CAR,SEA,Bryce Young,00-0039150,QB,cmp,18.272,11.0,15.0,18.0,22.0,26.0
2025_17_SEA_CAR,CAR,SEA,Bryce Young,00-0039150,QB,pass_yds,200.653,117.461,156.594,198.45,246.655,289.942
2025_17_SEA_CAR,CAR,SEA,Bryce Young,00-0039150,QB,pass_td,1.329,0.0,1.0,1.0,2.0,3.0
2025_17_SEA_CAR,CAR,SEA,Bryce Young,00-0039150,QB,ints,0.677,0.0,0.0,0.0,1.0,2.0
2025_17_SEA_CAR,CAR,SEA,Bryce Young,00-0039150,QB,car,3.229,1.0,2.0,3.0,4.0,6.0
2025_17_SEA_CAR,CAR,SEA,Bryce Young,00-0039150,QB,rush_yds,16.772,0.0,4.827,12.771,25.248,37.872
2025_17_SEA_CAR,CAR,SEA,Bryce Young,00-0039150,QB,tgt,0.0,0.0,0.0,0.0,0.0,0.0
2025_17_SEA_CAR,CAR,SEA,Bryce Young,00-0039150,QB,rec,0.0,0.0,0.0,0.0,0.0,0.0
2025_17_SEA_CAR,CAR,SEA,Bryce Young,00-0039150,QB,rec_yds,0.001,0.0,0.0,0.0,0.0,0.0
2025_17_SEA_CAR,CAR,SEA,Bryce Young,00-0039150,QB,anytime_td,0.087,0.0,0.0,0.0,0.0,0.0
2025_17_SEA_CAR,CAR,SEA,Tetairoa McMillan,00-0040124,WR,car,0.008,0.0,0.0,0.0,0.0,0.0
2025_17_SEA_CAR,CAR,SEA,Tetairoa McMillan,00-0040124,WR,rush_yds,0.035,0.0,0.0,0.0,0.0,0.0
2025_17_SEA_CAR,CAR,SEA,Tetairoa McMillan,00-0040124,WR,tgt,7.052,3.0,5.0,7.0,9.0,11.0
2025_17_SEA_CAR,CAR,SEA,Tetairoa McMillan,00-0040124,WR,rec,4.158,1.0,2.0,4.0,6.0,7.0
2025_17_SEA_CAR,CAR,SEA,Tetairoa McMillan,00-0040124,WR,rec_yds,56.001,12.312,27.71,48.967,78.057,107.213
2025_17_SEA_CAR,CAR,SEA,Tetairoa McMillan,00-0040124,WR,anytime_td,0.346,0.0,0.0,0.0,1.0,1.0
2025_17_SEA_CAR,CAR,SEA,Tommy Tremble,00-0037005,TE,car,0.003,0.0,0.0,0.0,0.0,0.0
2025_17_SEA_CAR,CAR,SEA,Tommy Tremble,00-0037005,TE,rush_yds,0.006,0.0,0.0,0.0,0.0,0.0
2025_17_SEA_CAR,CAR,SEA,Tommy Tremble,00-0037005,TE,tgt,1.987,0.0,1.0,2.0,3.0,4.0
2025_17_SEA_CAR,CAR,SEA,Tommy Tremble,00-0037005,TE,rec,1.351,0.0,0.0,1.0,2.0,3.0
2025_17_SEA_CAR,CAR,SEA,Tommy Tremble,00-0037005,TE,rec_yds,13.705,0.0,0.0,8.521,21.308,36.093
2025_17_SEA_CAR,CAR,SEA,Tommy Tremble,00-0037005,TE,anytime_td,0.059,0.0,0.0,0.0,0.0,0.0
2025_17_SEA_CAR,CAR,SEA,Jalen Coker,00-0039491,WR,car,0.007,0.0,0.0,0.0,0.0,0.0
2025_17_SEA_CAR,CAR,SEA,Jalen Coker,00-0039491,WR,rush_yds,0.033,0.0,0.0,0.0,0.0,0.0
2025_17_SEA_CAR,CAR,SEA,Jalen Coker,00-0039491,WR,tgt,4.33,1.0,2.0,4.0,6.0,8.0
2025_17_SEA_CAR,CAR,SEA,Jalen Coker,00-0039491,WR,rec,2.823,1.0,1.0,3.0,4.0,5.0
2025_17_SEA_CAR,CAR,SEA,Jalen Coker,00-0039491,WR,rec_yds,36.843,2.159,13.147,29.886,52.512,79.909
2025_17_SEA_CAR,CAR,SEA,Jalen Coker,00-0039491,WR,anytime_td,0.211,0.0,0.0,0.0,0.0,1.0
2025_17_SEA_CAR,CAR,SEA,Rico Dowdle,00-0036139,RB,car,13.813,7.0,9.0,13.0,18.0,22.0
2025_17_SEA_CAR,CAR,SEA,Rico Dowdle,00-0036139,RB,rush_yds,55.805,17.822,31.015,49.12,73.957,101.427
2025_17_SEA_CAR,CAR,SEA,Rico Dowdle,00-0036139,RB,tgt,3.309,1.0,2.0,3.0,5.0,6.0
2025_17_SEA_CAR,CAR,SEA,Rico Dowdle,00-0036139,RB,rec,2.519,0.0,1.0,2.0,4.0,5.0
2025_17_SEA_CAR,CAR,SEA,Rico Dowdle,00-0036139,RB,rec_yds,18.905,0.0,4.557,13.916,27.422,44.753
2025_17_SEA_CAR,CAR,SEA,Rico Dowdle,00-0036139,RB,anytime_td,0.436,0.0,0.0,0.0,1.0,1.0
2025_17_SEA_CAR,CAR,SEA,Mitchell Evans,00-0040187,TE,car,0.004,0.0,0.0,0.0,0.0,0.0
2025_17_SEA_CAR,CAR,SEA,Mitchell Evans,00-0040187,TE,rush_yds,0.014,0.0,0.0,0.0,0.0,0.0
2025_17_SEA_CAR,CAR,SEA,Mitchell Evans,00-0040187,TE,tgt,1.643,0.0,0.0,1.0,2.0,4.0
2025_17_SEA_CAR,CAR,SEA,Mitchell Evans,00-0040187,TE,rec,1.193,0.0,0.0,1.0,2.0,3.0
2025_17_SEA_CAR,CAR,SEA,Mitchell Evans,00-0040187,TE,rec_yds,11.807,0.0,0.0,6.311,18.021,32.926
2025_17_SEA_CAR,CAR,SEA,Mitchell Evans,00-0040187,TE,anytime_td,0.071,0.0,0.0,0.0,0.0,0.0
2025_17_SEA_CAR,CAR,SEA,Xavier Legette,00-0039342,WR,car,0.053,0.0,0.0,0.0,0.0,0.0
2025_17_SEA_CAR,CAR,SEA,Xavier Legette,00-0039342,WR,rush_yds,0.263,0.0,0.0,0.0,0.0,0.0
2025_17_SEA_CAR,CAR,SEA,Xavier Legette,00-0039342,WR,tgt,4.161,1.0,2.0,4.0,6.0,7.0
2025_17_SEA_CAR,CAR,SEA,Xavier Legette,00-0039342,WR,rec,2.384,0.0,1.0,2.0,3.0,5.0
2025_17_SEA_CAR,CAR,SEA,Xavier Legette,00-0039342,WR,rec_yds,30.036,0.0,9.198,24.134,44.553,66.252
2025_17_SEA_CAR,CAR,SEA,Xavier Legette,00-0039342,WR,anytime_td,0.158,0.0,0.0,0.0,0.0,1.0
2025_17_SEA_CAR,CAR,SEA,Chuba Hubbard,00-0036555,RB,car,8.916,3.0,5.0,8.0,12.0,16.0
2025_17_SEA_CAR,CAR,SEA,Chuba Hubbard,00-0036555,RB,rush_yds,35.438,6.834,15.06,29.55,48.527,72.543
2025_17_SEA_CAR,CAR,SEA,Chuba Hubbard,00-0036555,RB,tgt,2.339,0.0,1.0,2.0,3.0,5.0
2025_17_SEA_CAR,CAR,SEA,Chuba Hubbard,00-0036555,RB,rec,1.761,0.0,1.0,1.0,3.0,4.0
2025_17_SEA_CAR,CAR,SEA,Chuba Hubbard,00-0036555,RB,rec_yds,13.575,0.0,0.0,8.499,20.131,35.275
2025_17_SEA_CAR,CAR,SEA,Chuba Hubbard,00-0036555,RB,anytime_td,0.324,0.0,0.0,0.0,1.0,1.0
2025_17_SEA_CAR,CAR,SEA,Jimmy Horn Jr.,00-0040218,WR,car,0.475,0.0,0.0,0.0,0.0,2.0
2025_17_SEA_CAR,CAR,SEA,Jimmy Horn Jr.,00-0040218,WR,rush_yds,2.489,0.0,0.0,0.0,0.0,8.386
2025_17_SEA_CAR,CAR,SEA,Jimmy Horn Jr.,00-0040218,WR,tgt,0.936,0.0,0.0,1.0,1.0,3.0
2025_17_SEA_CAR,CAR,SEA,Jimmy Horn Jr.,00-0040218,WR,rec,0.575,0.0,0.0,0.0,1.0,2.0
2025_17_SEA_CAR,CAR,SEA,Jimmy Horn Jr.,00-0040218,WR,rec_yds,7.22,0.0,0.0,0.0,9.859,24.365
2025_17_SEA_CAR,CAR,SEA,Jimmy Horn Jr.,00-0040218,WR,anytime_td,0.017,0.0,0.0,0.0,0.0,0.0
2025_17_SEA_CAR,CAR,SEA,Brycen Tremayne,00-0038840,WR,car,0.005,0.0,0.0,0.0,0.0,0.0
2025_17_SEA_CAR,CAR,SEA,Brycen Tremayne,00-0038840,WR,rush_yds,0.032,0.0,0.0,0.0,0.0,0.0
2025_17_SEA_CAR,CAR,SEA,Brycen Tremayne,00-0038840,WR,tgt,0.761,0.0,0.0,0.0,1.0,2.0
2025_17_SEA_CAR,CAR,SEA,Brycen Tremayne,00-0038840,WR,rec,0.486,0.0,0.0,0.0,1.0,2.0
2025_17_SEA_CAR,CAR,SEA,Brycen Tremayne,00-0038840,WR,rec_yds,5.843,0.0,0.0,0.0,7.397,20.12
2025_17_SEA_CAR,CAR,SEA,Brycen Tremayne,00-0038840,WR,anytime_td,0.007,0.0,0.0,0.0,0.0,0.0
2025_17_SEA_CAR,CAR,SEA,Trevor Etienne,00-0040644,RB,car,1.322,0.0,0.0,0.0,2.0,4.0
2025_17_SEA_CAR,CAR,SEA,Trevor Etienne,00-0040644,RB,rush_yds,5.477,0.0,0.0,0.0,6.71,17.575
2025_17_SEA_CAR,CAR,SEA,Trevor Etienne,00-0040644,RB,tgt,0.307,0.0,0.0,0.0,0.0,1.0
2025_17_SEA_CAR,CAR,SEA,Trevor Etienne,00-0040644,RB,rec,0.234,0.0,0.0,0.0,0.0,1.0
2025_17_SEA_CAR,CAR,SEA,Trevor Etienne,00-0040644,RB,rec_yds,1.645,0.0,0.0,0.0,0.0,6.003
2025_17_SEA_CAR,CAR,SEA,Trevor Etienne,00-0040644,RB,anytime_td,0.035,0.0,0.0,0.0,0.0,0.0
2025_17_SEA_CAR,CAR,SEA,Ja'Tavion Sanders,00-0039356,TE,car,0.002,0.0,0.0,0.0,0.0,0.0
2025_17_SEA_CAR,CAR,SEA,Ja'Tavion Sanders,00-0039356,TE,rush_yds,0.006,0.0,0.0,0.0,0.0,0.0
2025_17_SEA_CAR,CAR,SEA,Ja'Tavion Sanders,00-0039356,TE,tgt,2.507,0.0,1.0,2.0,4.0,5.0
2025_17_SEA_CAR,CAR,SEA,Ja'Tavion Sanders,00-0039356,TE,rec,1.867,0.0,1.0,2.0,3.0,4.0
2025_17_SEA_CAR,CAR,SEA,Ja'Tavion Sanders,00-0039356,TE,rec_yds,16.806,0.0,3.088,12.016,25.221,39.986
2025_17_SEA_CAR,CAR,SEA,Ja'Tavion Sanders,00-0039356,TE,anytime_td,0.152,0.0,0.0,0.0,0.0,1.0
2025_17_SEA_CAR,SEA,CAR,Sam Darnold,00-0034869,QB,att,28.678,19.0,24.0,29.0,34.0,39.0
2025_17_SEA_CAR,SEA,CAR,Sam Darnold,00-0034869,QB,cmp,19.336,12.0,16.0,20.0,23.0,27.0
2025_17_SEA_CAR,SEA,CAR,Sam Darnold,00-0034869,QB,pass_yds,224.895,135.118,178.725,223.937,273.421,323.544
2025_17_SEA_CAR,SEA,CAR,Sam Darnold,00-0034869,QB,pass_td,1.506,0.0,1.0,1.0,2.0,3.0
2025_17_SEA_CAR,SEA,CAR,Sam Darnold,00-0034869,QB,ints,0.726,0.0,0.0,0.0,1.0,2.0
2025_17_SEA_CAR,SEA,CAR,Sam Darnold,00-0034869,QB,car,2.595,0.0,1.0,2.0,4.0,5.0
2025_17_SEA_CAR,SEA,CAR,Sam Darnold,00-0034869,QB,rush_yds,8.993,-1.0,0.0,4.733,14.091,25.556
2025_17_SEA_CAR,SEA,CAR,Sam Darnold,00-0034869,QB,tgt,0.0,0.0,0.0,0.0,0.0,0.0
2025_17_SEA_CAR,SEA,CAR,Sam Darnold,00-0034869,QB,rec,0.0,0.0,0.0,0.0,0.0,0.0
2025_17_SEA_CAR,SEA,CAR,Sam Darnold,00-0034869,QB,rec_yds,0.0,0.0,0.0,0.0,0.0,0.0
2025_17_SEA_CAR,SEA,CAR,Sam Darnold,00-0034869,QB,anytime_td,0.021,0.0,0.0,0.0,0.0,0.0
2025_17_SEA_CAR,SEA,CAR,Jaxon Smith-Njigba,00-0038543,WR,car,0.446,0.0,0.0,0.0,0.0,1.0
2025_17_SEA_CAR,SEA,CAR,Jaxon Smith-Njigba,00-0038543,WR,rush_yds,2.611,0.0,0.0,0.0,0.0,7.981
2025_17_SEA_CAR,SEA,CAR,Jaxon Smith-Njigba,00-0038543,WR,tgt,9.698,5.0,7.0,9.0,12.0,15.0
2025_17_SEA_CAR,SEA,CAR,Jaxon Smith-Njigba,00-0038543,WR,rec,6.801,3.0,5.0,6.0,9.0,11.0
2025_17_SEA_CAR,SEA,CAR,Jaxon Smith-Njigba,00-0038543,WR,rec_yds,94.104,34.347,57.98,88.597,124.106,160.572
2025_17_SEA_CAR,SEA,CAR,Jaxon Smith-Njigba,00-0038543,WR,anytime_td,0.486,0.0,0.0,0.0,1.0,1.0
2025_17_SEA_CAR,SEA,CAR,Cooper Kupp,00-0033908,WR,car,0.01,0.0,0.0,0.0,0.0,0.0
2025_17_SEA_CAR,SEA,CAR,Cooper Kupp,00-0033908,WR,rush_yds,0.039,0.0,0.0,0.0,0.0,0.0
2025_17_SEA_CAR,SEA,CAR,Cooper Kupp,00-0033908,WR,tgt,4.669,2.0,3.0,4.0,6.0,8.0
2025_17_SEA_CAR,SEA,CAR,Cooper Kupp,00-0033908,WR,rec,3.107,1.0,2.0,3.0,4.0,6.0
2025_17_SEA_CAR,SEA,CAR,Cooper Kupp,00-0033908,WR,rec_yds,38.093,4.355,15.544,31.577,55.038,79.749
2025_17_SEA_CAR,SEA,CAR,Cooper Kupp,00-0033908,WR,anytime_td,0.193,0.0,0.0,0.0,0.0,1.0
2025_17_SEA_CAR,SEA,CAR,AJ Barner,00-0039793,TE,car,0.661,0.0,0.0,0.0,1.0,2.0
2025_17_SEA_CAR,SEA,CAR,AJ Barner,00-0039793,TE,rush_yds,1.61,0.0,0.0,0.0,0.0,5.538
2025_17_SEA_CAR,SEA,CAR,AJ Barner,00-0039793,TE,tgt,4.659,1.0,3.0,4.0,6.0,8.0
2025_17_SEA_CAR,SEA,CAR,AJ Barner,00-0039793,TE,rec,3.412,1.0,2.0,3.0,5.0,6.0
2025_17_SEA_CAR,SEA,CAR,AJ Barner,00-0039793,TE,rec_yds,33.326,4.97,14.044,28.745,47.88,67.63
2025_17_SEA_CAR,SEA,CAR,AJ Barner,00-0039793,TE,anytime_td,0.29,0.0,0.0,0.0,1.0,1.0
2025_17_SEA_CAR,SEA,CAR,Zach Charbonnet,00-0039165,RB,car,10.427,4.0,6.0,10.0,14.0,18.0
2025_17_SEA_CAR,SEA,CAR,Zach Charbonnet,00-0039165,RB,rush_yds,45.859,10.975,21.765,38.738,62.165,89.809
2025_17_SEA_CAR,SEA,CAR,Zach Charbonnet,00-0039165,RB,tgt,1.702,0.0,0.0,1.0,2.0,4.0
2025_17_SEA_CAR,SEA,CAR,Zach Charbonnet,00-0039165,RB,rec,1.362,0.0,0.0,1.0,2.0,3.0
2025_17_SEA_CAR,SEA,CAR,Zach Charbonnet,00-0039165,RB,rec_yds,9.842,0.0,0.0,5.293,14.43,27.207
2025_17_SEA_CAR,SEA,CAR,Zach Charbonnet,00-0039165,RB,anytime_td,0.467,0.0,0.0,0.0,1.0,1.0
2025_17_SEA_CAR,SEA,CAR,Kenneth Walker III,00-0038134,RB,car,13.032,6.0,9.0,12.0,17.0,21.0
2025_17_SEA_CAR,SEA,CAR,Kenneth Walker III,00-0038134,RB,rush_yds,61.253,19.047,33.117,53.844,81.475,110.453
2025_17_SEA_CAR,SEA,CAR,Kenneth Walker III,00-0038134,RB,tgt,2.456,0.0,1.0,2.0,3.0,5.0
2025_17_SEA_CAR,SEA,CAR,Kenneth Walker III,00-0038134,RB,rec,1.979,0.0,1.0,2.0,3.0,4.0
2025_17_SEA_CAR,SEA,CAR,Kenneth Walker III,00-0038134,RB,rec_yds,16.198,0.0,1.176,10.735,24.184,40.351
2025_17_SEA_CAR,SEA,CAR,Kenneth Walker III,00-0038134,RB,anytime_td,0.371,0.0,0.0,0.0,1.0,1.0
2025_17_SEA_CAR,SEA,CAR,Rashid Shaheed,00-0037545,WR,car,0.847,0.0,0.0,0.0,1.0,3.0
2025_17_SEA_CAR,SEA,CAR,Rashid Shaheed,00-0037545,WR,rush_yds,5.026,0.0,0.0,0.0,3.42,18.128
2025_17_SEA_CAR,SEA,CAR,Rashid Shaheed,00-0037545,WR,tgt,4.531,1.0,3.0,4.0,6.0,8.0
2025_17_SEA_CAR,SEA,CAR,Rashid Shaheed,00-0037545,WR,rec,2.851,1.0,1.0,3.0,4.0,5.0
2025_17_SEA_CAR,SEA,CAR,Rashid Shaheed,00-0037545,WR,rec_yds,35.877,1.979,13.343,30.258,52.374,75.643
2025_17_SEA_CAR,SEA,CAR,Rashid Shaheed,00-0037545,WR,anytime_td,0.138,0.0,0.0,0.0,0.0,1.0
2025_17_TB_MIA,MIA,TB,Quinn Ewers,00-0040234,QB,att,28.897,19.0,24.0,30.0,35.0,39.0
2025_17_TB_MIA,MIA,TB,Quinn Ewers,00-0040234,QB,cmp,19.454,12.0,16.0,20.0,23.0,27.0
2025_17_TB_MIA,MIA,TB,Quinn Ewers,00-0040234,QB,pass_yds,214.467,124.033,169.68,216.402,261.602,307.336
2025_17_TB_MIA,MIA,TB,Quinn Ewers,00-0040234,QB,pass_td,1.337,0.0,1.0,1.0,2.0,3.0
2025_17_TB_MIA,MIA,TB,Quinn Ewers,00-0040234,QB,ints,0.699,0.0,0.0,0.0,1.0,2.0
2025_17_TB_MIA,MIA,TB,Quinn Ewers,00-0040234,QB,car,2.972,0.0,1.0,3.0,4.0,6.0
2025_17_TB_MIA,MIA,TB,Quinn Ewers,00-0040234,QB,rush_yds,11.5,-1.0,0.0,7.08,17.764,30.058
2025_17_TB_MIA,MIA,TB,Quinn Ewers,00-0040234,QB,tgt,0.001,0.0,0.0,0.0,0.0,0.0
2025_17_TB_MIA,MIA,TB,Quinn Ewers,00-0040234,QB,rec,0.001,0.0,0.0,0.0,0.0,0.0
2025_17_TB_MIA,MIA,TB,Quinn Ewers,00-0040234,QB,rec_yds,0.004,0.0,0.0,0.0,0.0,0.0
2025_17_TB_MIA,MIA,TB,Quinn Ewers,00-0040234,QB,anytime_td,0.048,0.0,0.0,0.0,0.0,0.0
2025_17_TB_MIA,MIA,TB,De'Von Achane,00-0039040,RB,car,13.534,6.0,9.0,13.0,17.0,21.0
2025_17_TB_MIA,MIA,TB,De'Von Achane,00-0039040,RB,rush_yds,68.011,22.024,37.549,60.51,90.303,124.81
2025_17_TB_MIA,MIA,TB,De'Von Achane,00-0039040,RB,tgt,4.798,2.0,3.0,4.0,6.0,8.0
2025_17_TB_MIA,MIA,TB,De'Von Achane,00-0039040,RB,rec,3.88,1.0,2.0,4.0,5.0,7.0
2025_17_TB_MIA,MIA,TB,De'Von Achane,00-0039040,RB,rec_yds,29.409,3.469,11.79,24.775,42.351,60.132
2025_17_TB_MIA,MIA,TB,De'Von Achane,00-0039040,RB,anytime_td,0.519,0.0,0.0,1.0,1.0,1.0
2025_17_TB_MIA,MIA,TB,Cedrick Wilson Jr.,00-0034418,WR,car,0.006,0.0,0.0,0.0,0.0,0.0
2025_17_TB_MIA,MIA,TB,Cedrick Wilson Jr.,00-0034418,WR,rush_yds,0.046,0.0,0.0,0.0,0.0,0.0
2025_17_TB_MIA,MIA,TB,Cedrick Wilson Jr.,00-0034418,WR,tgt,0.943,0.0,0.0,1.0,1.0,3.0
2025_17_TB_MIA,MIA,TB,Cedrick Wilson Jr.,00-0034418,WR,rec,0.619,0.0,0.0,0.0,1.0,2.0
2025_17_TB_MIA,MIA,TB,Cedrick Wilson Jr.,00-0034418,WR,rec_yds,7.76,0.0,0.0,0.0,11.086,26.084
2025_17_TB_MIA,MIA,TB,Cedrick Wilson Jr.,00-0034418,WR,anytime_td,0.019,0.0,0.0,0.0,0.0,0.0
2025_17_TB_MIA,MIA,TB,Malik Washington,00-0039880,WR,car,0.588,0.0,0.0,0.0,1.0,2.0
2025_17_TB_MIA,MIA,TB,Malik Washington,00-0039880,WR,rush_yds,3.217,0.0,0.0,0.0,0.0,10.615
2025_17_TB_MIA,MIA,TB,Malik Washington,00-0039880,WR,tgt,3.412,1.0,2.0,3.0,5.0,7.0
2025_17_TB_MIA,MIA,TB,Malik Washington,00-0039880,WR,rec,2.347,0.0,1.0,2.0,3.0,5.0
2025_17_TB_MIA,MIA,TB,Malik Washington,00-0039880,WR,rec_yds,26.621,0.0,7.58,20.68,38.923,60.006
2025_17_TB_MIA,MIA,TB,Malik Washington,00-0039880,WR,anytime_td,0.199,0.0,0.0,0.0,0.0,1.0
2025_17_TB_MIA,MIA,TB,Julian Hill,00-0038720,TE,car,0.001,0.0,0.0,0.0,0.0,0.0
2025_17_TB_MIA,MIA,TB,Julian Hill,00-0038720,TE,rush_yds,0.005,0.0,0.0,0.0,0.0,0.0
2025_17_TB_MIA,MIA,TB,Julian Hill,00-0038720,TE,tgt,1.299,0.0,0.0,1.0,2.0,3.0
2025_17_TB_MIA,MIA,TB,Julian Hill,00-0038720,TE,rec,0.936,0.0,0.0,1.0,1.0,2.0
2025_17_TB_MIA,MIA,TB,Julian Hill,00-0038720,TE,rec_yds,9.674,0.0,0.0,3.558,14.404,28.799
2025_17_TB_MIA,MIA,TB,Julian Hill,00-0038720,TE,anytime_td,0.021,0.0,0.0,0.0,0.0,0.0
2025_17_TB_MIA,MIA,TB,Alec Ingold,00-0035125,RB,car,0.33,0.0,0.0,0.0,0.0,1.0
2025_17_TB_MIA,MIA,TB,Alec Ingold,00-0035125,RB,rush_yds,1.335,0.0,0.0,0.0,0.0,3.21
2025_17_TB_MIA,MIA,TB,Alec Ingold,00-0035125,RB,tgt,0.577,0.0,0.0,0.0,1.0,2.0
2025_17_TB_MIA,MIA,TB,Alec Ingold,00-0035125,RB,rec,0.464,0.0,0.0,0.0,1.0,2.0
2025_17_TB_MIA,MIA,TB,Alec Ingold,00-0035125,RB,rec_yds,3.438,0.0,0.0,0.0,3.071,12.284
2025_17_TB_MIA,MIA,TB,Alec Ingold,00-0035125,RB,anytime_td,0.013,0.0,0.0,0.0,0.0,0.0
2025_17_TB_MIA,MIA,TB,Darren Waller,00-0031610,TE,car,0.11,0.0,0.0,0.0,0.0,0.0
2025_17_TB_MIA,MIA,TB,Darren Waller,00-0031610,TE,rush_yds,0.236,0.0,0.0,0.0,0.0,0.0
2025_17_TB_MIA,MIA,TB,Darren Waller,00-0031610,TE,tgt,4.192,1.0,2.0,4.0,6.0,7.0
2025_17_TB_MIA,MIA,TB,Darren Waller,00-0031610,TE,rec,3.039,1.0,2.0,3.0,4.0,6.0
2025_17_TB_MIA,MIA,TB,Darren Waller,00-0031610,TE,rec_yds,34.186,4.107,13.412,29.089,49.075,70.687
2025_17_TB_MIA,MIA,TB,Darren Waller,00-0031610,TE,anytime_td,0.375,0.0,0.0,0.0,1.0,1.0
2025_17_TB_MIA,MIA,TB,Greg Dulcich,00-0037252,TE,car,0.005,0.0,0.0,0.0,0.0,0.0
2025_17_TB_MIA,MIA,TB,Greg Dulcich,00-0037252,TE,rush_yds,0.009,0.0,0.0,0.0,0.0,0.0
2025_17_TB_MIA,MIA,TB,Greg Dulcich,00-0037252,TE,tgt,2.782,0.0,1.0,2.0,4.0,5.0
2025_17_TB_MIA,MIA,TB,Greg Dulcich,00-0037252,TE,rec,2.081,0.0,1.0,2.0,3.0,4.0
2025_17_TB_MIA,MIA,TB,Greg Dulcich,00-0037252,TE,rec_yds,24.341,0.0,6.38,18.753,35.572,55.914
2025_17_TB_MIA,MIA,TB,Greg Dulcich,00-0037252,TE,anytime_td,0.059,0.0,0.0,0.0,0.0,0.0
2025_17_TB_MIA,MIA,TB,Theo Wease Jr.,00-0040311,WR,car,0.034,0.0,0.0,0.0,0.0,0.0
2025_17_TB_MIA,MIA,TB,Theo Wease Jr.,00-0040311,WR,rush_yds,0.201,0.0,0.0,0.0,0.0,0.0
2025_17_TB_MIA,MIA,TB,Theo Wease Jr.,00-0040311,WR,tgt,2.929,0.0,1.0,3.0,4.0,6.0
2025_17_TB_MIA,MIA,TB,Theo Wease Jr.,00-0040311,WR,rec,1.815,0.0,1.0,2.0,3.0,4.0
2025_17_TB_MIA,MIA,TB,Theo Wease Jr.,00-0040311,WR,rec_yds,23.662,0.0,3.828,16.82,35.592,57.481
2025_17_TB_MIA,MIA,TB,Theo Wease Jr.,00-0040311,WR,anytime_td,0.122,0.0,0.0,0.0,0.0,1.0
2025_17_TB_MIA,MIA,TB,Jaylen Waddle,00-0036613,WR,car,0.105,0.0,0.0,0.0,0.0,0.0
2025_17_TB_MIA,MIA,TB,Jaylen Waddle,00-0036613,WR,rush_yds,0.563,0.0,0.0,0.0,0.0,0.0
2025_17_TB_MIA,MIA,TB,Jaylen Waddle,00-0036613,WR,tgt,6.651,3.0,4.0,6.0,9.0,11.0
2025_17_TB_MIA,MIA,TB,Jaylen Waddle,00-0036613,WR,rec,4.167,1.0,2.0,4.0,6.0,7.0
2025_17_TB_MIA,MIA,TB,Jaylen Waddle,00-0036613,WR,rec_yds,57.055,12.538,28.536,50.36,79.257,109.916
2025_17_TB_MIA,MIA,TB,Jaylen Waddle,00-0036613,WR,anytime_td,0.259,0.0,0.0,0.0,1.0,1.0
2025_17_TB_MIA,MIA,TB,Ollie Gordon II,00-0040198,RB,car,3.433,0.0,1.0,3.0,5.0,8.0
2025_17_TB_MIA,MIA,TB,Ollie Gordon II,00-0040198,RB,rush_yds,12.992,0.0,1.542,7.832,18.284,33.418
2025_17_TB_MIA,MIA,TB,Ollie Gordon II,00-0040198,RB,tgt,0.4,0.0,0.0,0.0,1.0,1.0
2025_17_TB_MIA,MIA,TB,Ollie Gordon II,00-0040198,RB,rec,0.311,0.0,0.0,0.0,0.0,1.0
2025_17_TB_MIA,MIA,TB,Ollie Gordon II,00-0040198,RB,rec_yds,2.331,0.0,0.0,0.0,0.0,8.751
2025_17_TB_MIA,MIA,TB,Ollie Gordon II,00-0040198,RB,anytime_td,0.204,0.0,0.0,0.0,0.0,1.0
2025_17_TB_MIA,MIA,TB,Jaylen Wright,00-0039874,RB,car,5.802,1.0,3.0,5.0,8.0,12.0
2025_17_TB_MIA,MIA,TB,Jaylen Wright,00-0039874,RB,rush_yds,23.316,0.964,7.05,17.386,32.973,52.738
2025_17_TB_MIA,MIA,TB,Jaylen Wright,00-0039874,RB,tgt,1.069,0.0,0.0,1.0,2.0,3.0
2025_17_TB_MIA,MIA,TB,Jaylen Wright,00-0039874,RB,rec,0.796,0.0,0.0,0.0,1.0,2.0
2025_17_TB_MIA,MIA,TB,Jaylen Wright,00-0039874,RB,rec_yds,6.098,0.0,0.0,0.0,8.892,18.982
2025_17_TB_MIA,MIA,TB,Jaylen Wright,00-0039874,RB,anytime_td,0.235,0.0,0.0,0.0,0.0,1.0
2025_17_TB_MIA,MIA,TB,Tahj Washington,00-0039884,WR,car,0.011,0.0,0.0,0.0,0.0,0.0
2025_17_TB_MIA,MIA,TB,Tahj Washington,00-0039884,WR,rush_yds,0.05,0.0,0.0,0.0,0.0,0.0
2025_17_TB_MIA,MIA,TB,Tahj Washington,00-0039884,WR,tgt,0.616,0.0,0.0,0.0,1.0,2.0
2025_17_TB_MIA,MIA,TB,Tahj Washington,00-0039884,WR,rec,0.393,0.0,0.0,0.0,1.0,1.0
2025_17_TB_MIA,MIA,TB,Tahj Washington,00-0039884,WR,rec_yds,5.221,0.0,0.0,0.0,4.185,18.749
2025_17_TB_MIA,MIA,TB,Tahj Washington,00-0039884,WR,anytime_td,0.011,0.0,0.0,0.0,0.0,0.0
2025_17_TB_MIA,TB,MIA,Baker Mayfield,00-0034855,QB,att,28.892,19.0,24.0,29.0,35.0,39.0
2025_17_TB_MIA,TB,MIA,Baker Mayfield,00-0034855,QB,cmp,18.896,12.0,15.0,19.0,23.0,26.0
2025_17_TB_MIA,TB,MIA,Baker Mayfield,00-0034855,QB,pass_yds,203.085,120.02,158.885,202.708,247.287,293.141
2025_17_TB_MIA,TB,MIA,Baker Mayfield,00-0034855,QB,pass_td,1.316,0.0,0.0,1.0,2.0,3.0
2025_17_TB_MIA,TB,MIA,Baker Mayfield,00-0034855,QB,ints,0.653,0.0,0.0,0.0,1.0,2.0
2025_17_TB_MIA,TB,MIA,Baker Mayfield,00-0034855,QB,car,3.186,1.0,2.0,3.0,4.0,6.0
2025_17_TB_MIA,TB,MIA,Baker Mayfield,00-0034855,QB,rush_yds,18.477,0.0,4.606,14.314,27.526,42.946
2025_17_TB_MIA,TB,MIA,Baker Mayfield,00-0034855,QB,tgt,0.0,0.0,0.0,0.0,0.0,0.0
2025_17_TB_MIA,TB,MIA,Baker Mayfield,00-0034855,QB,rec,0.0,0.0,0.0,0.0,0.0,0.0
2025_17_TB_MIA,TB,MIA,Baker Mayfield,00-0034855,QB,rec_yds,0.0,0.0,0.0,0.0,0.0,0.0
2025_17_TB_MIA,TB,MIA,Baker Mayfield,00-0034855,QB,anytime_td,0.082,0.0,0.0,0.0,0.0,0.0
2025_17_TB_MIA,TB,MIA,Cade Otton,00-0038129,TE,car,0.002,0.0,0.0,0.0,0.0,0.0
2025_17_TB_MIA,TB,MIA,Cade Otton,00-0038129,TE,rush_yds,0.003,0.0,0.0,0.0,0.0,0.0
2025_17_TB_MIA,TB,MIA,Cade Otton,00-0038129,TE,tgt,3.851,1.0,2.0,3.0,5.0,7.0
2025_17_TB_MIA,TB,MIA,Cade Otton,00-0038129,TE,rec,2.898,1.0,1.0,3.0,4.0,6.0
2025_17_TB_MIA,TB,MIA,Cade Otton,00-0038129,TE,rec_yds,26.963,2.006,10.218,22.073,38.544,57.044
2025_17_TB_MIA,TB,MIA,Cade Otton,00-0038129,TE,anytime_td,0.061,0.0,0.0,0.0,0.0,0.0
2025_17_TB_MIA,TB,MIA,Chris Godwin Jr.,00-0033921,WR,car,0.032,0.0,0.0,0.0,0.0,0.0
2025_17_TB_MIA,TB,MIA,Chris Godwin Jr.,00-0033921,WR,rush_yds,0.185,0.0,0.0,0.0,0.0,0.0
2025_17_TB_MIA,TB,MIA,Chris Godwin Jr.,00-0033921,WR,tgt,4.565,1.0,3.0,4.0,6.0,8.0
2025_17_TB_MIA,TB,MIA,Chris Godwin Jr.,00-0033921,WR,rec,3.132,1.0,2.0,3.0,4.0,6.0
2025_17_TB_MIA,TB,MIA,Chris Godwin Jr.,00-0033921,WR,rec_yds,34.365,3.838,13.401,28.418,49.185,71.413
2025_17_TB_MIA,TB,MIA,Chris Godwin Jr.,00-0033921,WR,anytime_td,0.193,0.0,0.0,0.0,0.0,1.0
2025_17_TB_MIA,TB,MIA,Mike Evans,00-0031408,WR,car,0.009,0.0,0.0,0.0,0.0,0.0
2025_17_TB_MIA,TB,MIA,Mike Evans,00-0031408,WR,rush_yds,0.06,0.0,0.0,0.0,0.0,0.0
2025_17_TB_MIA,TB,MIA,Mike Evans,00-0031408,WR,tgt,6.007,2.0,4.0,6.0,8.0,10.0
2025_17_TB_MIA,TB,MIA,Mike Evans,00-0031408,WR,rec,3.658,1.0,2.0,3.0,5.0,6.1
2025_17_TB_MIA,TB,MIA,Mike Evans,00-0031408,WR,rec_yds,44.42,7.754,20.763,39.159,62.567,86.806
2025_17_TB_MIA,TB,MIA,Mike Evans,00-0031408,WR,anytime_td,0.264,0.0,0.0,0.0,1.0,1.0
2025_17_TB_MIA,TB,MIA,Emeka Egbuka,00-0040129,WR,car,0.052,0.0,0.0,0.0,0.0,0.0
2025_17_TB_MIA,TB,MIA,Emeka Egbuka,00-0040129,WR,rush_yds,0.273,0.0,0.0,0.0,0.0,0.0
2025_17_TB_MIA,TB,MIA,Emeka Egbuka,00-0040129,WR,tgt,5.447,2.0,3.0,5.0,7.0,9.0
2025_17_TB_MIA,TB,MIA,Emeka Egbuka,00-0040129,WR,rec,3.096,1.0,2.0,3.0,4.0,6.0
2025_17_TB_MIA,TB,MIA,Emeka Egbuka,00-0040129,WR,rec_yds,40.642,5.349,16.577,33.953,58.69,84.444
2025_17_TB_MIA,TB,MIA,Emeka Egbuka,00-0040129,WR,anytime_td,0.177,0.0,0.0,0.0,0.0,1.0
2025_17_TB_MIA,TB,MIA,Bucky Irving,00-0039361,RB,car,13.137,6.0,9.0,13.0,17.0,21.0
2025_17_TB_MIA,TB,MIA,Bucky Irving,00-0039361,RB,rush_yds,52.782,15.821,28.196,46.567,70.705,98.095
2025_17_TB_MIA,TB,MIA,Bucky Irving,00-0039361,RB,tgt,2.266,0.0,1.0,2.0,3.0,5.0
2025_17_TB_MIA,TB,MIA,Bucky Irving,00-0039361,RB,rec,1.915,0.0,1.0,2.0,3.0,4.0
2025_17_TB_MIA,TB,MIA,Bucky Irving,00-0039361,RB,rec_yds,15.707,0.0,0.0,10.607,22.872,38.625
2025_17_TB_MIA,TB,MIA,Bucky Irving,00-0039361,RB,anytime_td,0.366,0.0,0.0,0.0,1.0,1.0
2025_17_TB_MIA,TB,MIA,Jalen McMillan,00-0039855,WR,car,0.328,0.0,0.0,0.0,0.0,1.0
2025_17_TB_MIA,TB,MIA,Jalen McMillan,00-0039855,WR,rush_yds,1.735,0.0,0.0,0.0,0.0,3.975
2025_17_TB_MIA,TB,MIA,Jalen McMillan,00-0039855,WR,tgt,2.789,0.0,1.0,2.0,4.0,6.0
2025_17_TB_MIA,TB,MIA,Jalen McMillan,00-0039855,WR,rec,1.926,0.0,1.0,2.0,3.0,4.0
2025_17_TB_MIA,TB,MIA,Jalen McMillan,00-0039855,WR,rec_yds,23.864,0.0,4.485,17.209,36.036,57.492
2025_17_TB_MIA,TB,MIA,Jalen McMillan,00-0039855,WR,anytime_td,0.164,0.0,0.0,0.0,0.0,1.0
2025_17_TB_MIA,TB,MIA,Rachaad White,00-0037256,RB,car,5.883,1.0,3.0,5.0,8.0,12.0
2025_17_TB_MIA,TB,MIA,Rachaad White,00-0037256,RB,rush_yds,26.538,1.213,7.699,19.674,37.218,60.125
2025_17_TB_MIA,TB,MIA,Rachaad White,00-0037256,RB,tgt,1.915,0.0,1.0,2.0,3.0,4.0
2025_17_TB_MIA,TB,MIA,Rachaad White,00-0037256,RB,rec,1.645,0.0,0.0,1.0,2.0,4.0
2025_17_TB_MIA,TB,MIA,Rachaad White,00-0037256,RB,rec_yds,11.057,0.0,0.0,6.863,16.311,28.928
2025_17_TB_MIA,TB,MIA,Rachaad White,00-0037256,RB,anytime_td,0.167,0.0,0.0,0.0,0.0,1.0
2025_17_TB_MIA,TB,MIA,Tez Johnson,00-0040237,WR,car,0.349,0.0,0.0,0.0,0.0,1.0
2025_17_TB_MIA,TB,MIA,Tez Johnson,00-0040237,WR,rush_yds,1.94,0.0,0.0,0.0,0.0,4.293
2025_17_TB_MIA,TB,MIA,Tez Johnson,00-0040237,WR,tgt,1.924,0.0,1.0,2.0,3.0,4.0
2025_17_TB_MIA,TB,MIA,Tez Johnson,00-0040237,WR,rec,1.27,0.0,0.0,1.0,2.0,3.0
2025_17_TB_MIA,TB,MIA,Tez Johnson,00-0040237,WR,rec_yds,14.743,0.0,0.0,8.447,22.171,39.713
2025_17_TB_MIA,TB,MIA,Tez Johnson,00-0040237,WR,anytime_td,0.155,0.0,0.0,0.0,0.0,1.0
2025_17_TB_MIA,TB,MIA,Sean Tucker,00-0038951,RB,car,5.172,1.0,2.0,4.0,7.0,11.0
2025_17_TB_MIA,TB,MIA,Sean Tucker,00-0038951,RB,rush_yds,21.36,0.0,5.664,14.789,30.287,50.859
2025_17_TB_MIA,TB,MIA,Sean Tucker,00-0038951,RB,tgt,0.518,0.0,0.0,0.0,1.0,2.0
2025_17_TB_MIA,TB,MIA,Sean Tucker,00-0038951,RB,rec,0.428,0.0,0.0,0.0,1.0,1.0
2025_17_TB_MIA,TB,MIA,Sean Tucker,00-0038951,RB,rec_yds,3.005,0.0,0.0,0.0,1.935,10.895
2025_17_TB_MIA,TB,MIA,Sean Tucker,00-0038951,RB,anytime_td,0.307,0.0,0.0,0.0,1.0,1.0
2025_17_LA_ATL,ATL,LA,Kirk Cousins,00-0029604,QB,att,32.252,22.0,28.0,33.0,38.0,44.0
2025_17_LA_ATL,ATL,LA,Kirk Cousins,00-0029604,QB,cmp,20.426,13.0,17.0,21.0,25.0,28.0
2025_17_LA_ATL,ATL,LA,Kirk Cousins,00-0029604,QB,pass_yds,225.873,136.211,178.715,225.224,276.109,325.901
2025_17_LA_ATL,ATL,LA,Kirk Cousins,00-0029604,QB,pass_td,1.287,0.0,0.0,1.0,2.0,3.0
2025_17_LA_ATL,ATL,LA,Kirk Cousins,00-0029604,QB,ints,0.811,0.0,0.0,1.0,1.0,2.0
2025_17_LA_ATL,ATL,LA,Kirk Cousins,00-0029604,QB,car,1.653,0.0,0.0,1.0,2.0,4.0
2025_17_LA_ATL,ATL,LA,Kirk Cousins,00-0029604,QB,rush_yds,5.657,-1.0,0.0,0.0,8.383,18.829
2025_17_LA_ATL,ATL,LA,Kirk Cousins,00-0029604,QB,tgt,0.0,0.0,0.0,0.0,0.0,0.0
2025_17_LA_ATL,ATL,LA,Kirk Cousins,00-0029604,QB,rec,0.0,0.0,0.0,0.0,0.0,0.0
2025_17_LA_ATL,ATL,LA,Kirk Cousins,00-0029604,QB,rec_yds,0.0,0.0,0.0,0.0,0.0,0.0
2025_17_LA_ATL,ATL,LA,Kirk Cousins,00-0029604,QB,anytime_td,0.138,0.0,0.0,0.0,0.0,1.0
2025_17_LA_ATL,ATL,LA,Drake London,00-0037238,WR,car,0.013,0.0,0.0,0.0,0.0,0.0
2025_17_LA_ATL,ATL,LA,Drake London,00-0037238,WR,rush_yds,0.069,0.0,0.0,0.0,0.0,0.0
2025_17_LA_ATL,ATL,LA,Drake London,00-0037238,WR,tgt,9.753,5.0,7.0,9.0,12.0,15.0
2025_17_LA_ATL,ATL,LA,Drake London,00-0037238,WR,rec,5.979,3.0,4.0,6.0,8.0,10.0
2025_17_LA_ATL,ATL,LA,Drake London,00-0037238,WR,rec_yds,77.559,24.789,44.576,72.092,103.907,137.06
2025_17_LA_ATL,ATL,LA,Drake London,00-0037238,WR,anytime_td,0.379,0.0,0.0,0.0,1.0,1.0
2025_17_LA_ATL,ATL,LA,Kyle Pitts,00-0036970,TE,car,0.002,0.0,0.0,0.0,0.0,0.0
2025_17_LA_ATL,ATL,LA,Kyle Pitts,00-0036970,TE,rush_yds,0.005,0.0,0.0,0.0,0.0,0.0
2025_17_LA_ATL,ATL,LA,Kyle Pitts,00-0036970,TE,tgt,7.421,3.0,5.0,7.0,9.0,12.0
2025_17_LA_ATL,ATL,LA,Kyle Pitts,00-0036970,TE,rec,5.378,2.0,3.0,5.0,7.0,9.0
2025_17_LA_ATL,ATL,LA,Kyle Pitts,00-0036970,TE,rec_yds,57.774,17.575,31.855,53.332,77.715,103.763
2025_17_LA_ATL,ATL,LA,Kyle Pitts,00-0036970,TE,anytime_td,0.328,0.0,0.0,0.0,1.0,1.0
2025_17_LA_ATL,ATL,LA,Charlie Woerner,00-0036429,TE,car,0.001,0.0,0.0,0.0,0.0,0.0
2025_17_LA_ATL,ATL,LA,Charlie Woerner,00-0036429,TE,rush_yds,0.002,0.0,0.0,0.0,0.0,0.0
2025_17_LA_ATL,ATL,LA,Charlie Woerner,00-0036429,TE,tgt,0.822,0.0,0.0,0.0,1.0,2.0
2025_17_LA_ATL,ATL,LA,Charlie Woerner,00-0036429,TE,rec,0.608,0.0,0.0,0.0,1.0,2.0
2025_17_LA_ATL,ATL,LA,Charlie Woerner,00-0036429,TE,rec_yds,5.65,0.0,0.0,0.0,8.271,18.794
2025_17_LA_ATL,ATL,LA,Charlie Woerner,00-0036429,TE,anytime_td,0.007,0.0,0.0,0.0,0.0,0.0
2025_17_LA_ATL,ATL,LA,Bijan Robinson,00-0038542,RB,car,16.05,8.0,12.0,15.0,20.0,25.0
2025_17_LA_ATL,ATL,LA,Bijan Robinson,00-0038542,RB,rush_yds,73.247,26.045,42.495,65.559,96.225,131.027
2025_17_LA_ATL,ATL,LA,Bijan Robinson,00-0038542,RB,tgt,6.342,3.0,4.0,6.0,8.0,11.0
2025_17_LA_ATL,ATL,LA,Bijan Robinson,00-0038542,RB,rec,4.782,2.0,3.0,4.0,6.0,8.0
2025_17_LA_ATL,ATL,LA,Bijan Robinson,00-0038542,RB,rec_yds,41.78,8.22,19.406,35.933,57.757,82.841
2025_17_LA_ATL,ATL,LA,Bijan Robinson,00-0038542,RB,anytime_td,0.487,0.0,0.0,0.0,1.0,1.0
2025_17_LA_ATL,ATL,LA,Darnell Mooney,00-0036309,WR,car,0.004,0.0,0.0,0.0,0.0,0.0
2025_17_LA_ATL,ATL,LA,Darnell Mooney,00-0036309,WR,rush_yds,0.028,0.0,0.0,0.0,0.0,0.0
2025_17_LA_ATL,ATL,LA,Darnell Mooney,00-0036309,WR,tgt,4.609,1.0,3.0,4.0,6.0,8.0
2025_17_LA_ATL,ATL,LA,Darnell Mooney,00-0036309,WR,rec,2.546,0.0,1.0,2.0,4.0,5.0
2025_17_LA_ATL,ATL,LA,Darnell Mooney,00-0036309,WR,rec_yds,32.317,0.0,10.626,25.841,47.483,71.04
2025_17_LA_ATL,ATL,LA,Darnell Mooney,00-0036309,WR,anytime_td,0.122,0.0,0.0,0.0,0.0,1.0
2025_17_LA_ATL,ATL,LA,Tyler Allgeier,00-0037263,RB,car,7.854,2.0,4.0,7.0,11.0,14.0
2025_17_LA_ATL,ATL,LA,Tyler Allgeier,00-0037263,RB,rush_yds,31.871,5.267,13.027,25.692,43.349,66.421
2025_17_LA_ATL,ATL,LA,Tyler Allgeier,00-0037263,RB,tgt,1.023,0.0,0.0,1.0,2.0,3.0
2025_17_LA_ATL,ATL,LA,Tyler Allgeier,00-0037263,RB,rec,0.821,0.0,0.0,0.0,1.0,2.0
2025_17_LA_ATL,ATL,LA,Tyler Allgeier,00-0037263,RB,rec_yds,5.935,0.0,0.0,0.0,8.415,18.936
2025_17_LA_ATL,ATL,LA,Tyler Allgeier,00-0037263,RB,anytime_td,0.32,0.0,0.0,0.0,1.0,1.0
2025_17_LA_ATL,ATL,LA,David Sills,00-0035359,WR,car,0.005,0.0,0.0,0.0,0.0,0.0
2025_17_LA_ATL,ATL,LA,David Sills,00-0035359,WR,rush_yds,0.021,0.0,0.0,0.0,0.0,0.0
2025_17_LA_ATL,ATL,LA,David Sills,00-0035359,WR,tgt,3.01,1.0,1.0,3.0,4.0,6.0
2025_17_LA_ATL,ATL,LA,David Sills,00-0035359,WR,rec,1.706,0.0,1.0,1.0,3.0,4.0
2025_17_LA_ATL,ATL,LA,David Sills,00-0035359,WR,rec_yds,20.379,0.0,2.558,13.942,30.756,50.118
2025_17_LA_ATL,ATL,LA,David Sills,00-0035359,WR,anytime_td,0.149,0.0,0.0,0.0,0.0,1.0
2025_17_LA_ATL,LA,ATL,Matthew Stafford,00-0026498,QB,att,32.922,22.0,28.0,34.0,39.0,44.0
2025_17_LA_ATL,LA,ATL,Matthew Stafford,00-0026498,QB,cmp,22.116,14.0,18.0,23.0,27.0,30.0
2025_17_LA_ATL,LA,ATL,Matthew Stafford,00-0026498,QB,pass_yds,278.856,173.928,224.703,279.479,337.468,393.068
2025_17_LA_ATL,LA,ATL,Matthew Stafford,00-0026498,QB,pass_td,2.058,0.0,1.0,2.0,3.0,4.0
2025_17_LA_ATL,LA,ATL,Matthew Stafford,00-0026498,QB,ints,0.611,0.0,0.0,0.0,1.0,2.0
2025_17_LA_ATL,LA,ATL,Matthew Stafford,00-0026498,QB,car,1.948,0.0,1.0,2.0,3.0,4.0
2025_17_LA_ATL,LA,ATL,Matthew Stafford,00-0026498,QB,rush_yds,4.556,-2.0,-1.0,0.0,7.377,16.484
2025_17_LA_ATL,LA,ATL,Matthew Stafford,00-0026498,QB,tgt,0.001,0.0,0.0,0.0,0.0,0.0
2025_17_LA_ATL,LA,ATL,Matthew Stafford,00-0026498,QB,rec,0.001,0.0,0.0,0.0,0.0,0.0
2025_17_LA_ATL,LA,ATL,Matthew Stafford,00-0026498,QB,rec_yds,0.009,0.0,0.0,0.0,0.0,0.0
2025_17_LA_ATL,LA,ATL,Matthew Stafford,00-0026498,QB,anytime_td,0.008,0.0,0.0,0.0,0.0,0.0
2025_17_LA_ATL,LA,ATL,Colby Parkinson,00-0036244,TE,car,0.001,0.0,0.0,0.0,0.0,0.0
2025_17_LA_ATL,LA,ATL,Colby Parkinson,00-0036244,TE,rush_yds,0.001,0.0,0.0,0.0,0.0,0.0
2025_17_LA_ATL,LA,ATL,Colby Parkinson,00-0036244,TE,tgt,4.343,1.0,2.0,4.0,6.0,8.0
2025_17_LA_ATL,LA,ATL,Colby Parkinson,00-0036244,TE,rec,3.153,1.0,2.0,3.0,4.0,6.0
2025_17_LA_ATL,LA,ATL,Colby Parkinson,00-0036244,TE,rec_yds,34.584,3.424,13.734,29.381,49.906,71.563
2025_17_LA_ATL,LA,ATL,Colby Parkinson,00-0036244,TE,anytime_td,0.34,0.0,0.0,0.0,1.0,1.0
2025_17_LA_ATL,LA,ATL,Puka Nacua,00-0039075,WR,car,0.46,0.0,0.0,0.0,0.0,2.0
2025_17_LA_ATL,LA,ATL,Puka Nacua,00-0039075,WR,rush_yds,2.778,0.0,0.0,0.0,0.0,8.852
2025_17_LA_ATL,LA,ATL,Puka Nacua,00-0039075,WR,tgt,12.093,7.0,9.0,12.0,15.0,18.0
2025_17_LA_ATL,LA,ATL,Puka Nacua,00-0039075,WR,rec,8.708,4.0,6.0,8.0,11.0,13.0
2025_17_LA_ATL,LA,ATL,Puka Nacua,00-0039075,WR,rec_yds,133.061,58.168,87.225,126.102,171.018,216.696
2025_17_LA_ATL,LA,ATL,Puka Nacua,00-0039075,WR,anytime_td,0.437,0.0,0.0,0.0,1.0,1.0
2025_17_LA_ATL,LA,ATL,Kyren Williams,00-0037840,RB,car,12.956,6.0,9.0,12.0,17.0,21.0
2025_17_LA_ATL,LA,ATL,Kyren Williams,00-0037840,RB,rush_yds,62.647,19.502,34.125,55.22,84.455,114.277
2025_17_LA_ATL,LA,ATL,Kyren Williams,00-0037840,RB,tgt,2.991,0.0,1.0,3.0,4.0,6.0
2025_17_LA_ATL,LA,ATL,Kyren Williams,00-0037840,RB,rec,2.259,0.0,1.0,2.0,3.0,5.0
2025_17_LA_ATL,LA,ATL,Kyren Williams,00-0037840,RB,rec_yds,17.213,0.0,3.066,12.262,25.707,41.84
2025_17_LA_ATL,LA,ATL,Kyren Williams,00-0037840,RB,anytime_td,0.562,0.0,0.0,1.0,1.0,1.0
2025_17_LA_ATL,LA,ATL,Konata Mumpfield,00-0040590,WR,car,0.004,0.0,0.0,0.0,0.0,0.0
2025_17_LA_ATL,LA,ATL,Konata Mumpfield,00-0040590,WR,rush_yds,0.008,0.0,0.0,0.0,0.0,0.0
2025_17_LA_ATL,LA,ATL,Konata Mumpfield,00-0040590,WR,tgt,2.196,0.0,1.0,2.0,3.0,5.0
2025_17_LA_ATL,LA,ATL,Konata Mumpfield,00-0040590,WR,rec,1.304,0.0,0.0,1.0,2.0,3.0
2025_17_LA_ATL,LA,ATL,Konata Mumpfield,00-0040590,WR,rec_yds,17.043,0.0,0.0,9.747,25.793,47.137
2025_17_LA_ATL,LA,ATL,Konata Mumpfield,00-0040590,WR,anytime_td,0.061,0.0,0.0,0.0,0.0,0.0
2025_17_LA_ATL,LA,ATL,Xavier Smith,00-0038359,WR,car,0.029,0.0,0.0,0.0,0.0,0.0
2025_17_LA_ATL,LA,ATL,Xavier Smith,00-0038359,WR,rush_yds,0.224,0.0,0.0,0.0,0.0,0.0
2025_17_LA_ATL,LA,ATL,Xavier Smith,00-0038359,WR,tgt,1.677,0.0,0.0,1.0,2.0,4.0
2025_17_LA_ATL,LA,ATL,Xavier Smith,00-0038359,WR,rec,1.122,0.0,0.0,1.0,2.0,3.0
2025_17_LA_ATL,LA,ATL,Xavier Smith,00-0038359,WR,rec_yds,16.371,0.0,0.0,7.914,25.292,46.212
2025_17_LA_ATL,LA,ATL,Xavier Smith,00-0038359,WR,anytime_td,0.011,0.0,0.0,0.0,0.0,0.0
2025_17_LA_ATL,LA,ATL,Terrance Ferguson,00-0040737,TE,car,0.036,0.0,0.0,0.0,0.0,0.0
2025_17_LA_ATL,LA,ATL,Terrance Ferguson,00-0040737,TE,rush_yds,0.088,0.0,0.0,0.0,0.0,0.0
2025_17_LA_ATL,LA,ATL,Terrance Ferguson,00-0040737,TE,tgt,2.311,0.0,1.0,2.0,3.0,5.0
2025_17_LA_ATL,LA,ATL,Terrance Ferguson,00-0040737,TE,rec,1.505,0.0,0.0,1.0,2.0,3.0
2025_17_LA_ATL,LA,ATL,Terrance Ferguson,00-0040737,TE,rec_yds,17.689,0.0,0.0,11.759,27.342,45.167
2025_17_LA_ATL,LA,ATL,Terrance Ferguson,00-0040737,TE,anytime_td,0.147,0.0,0.0,0.0,0.0,1.0
2025_17_LA_ATL,LA,ATL,Davis Allen,00-0039074,TE,car,0.002,0.0,0.0,0.0,0.0,0.0
2025_17_LA_ATL,LA,ATL,Davis Allen,00-0039074,TE,rush_yds,0.005,0.0,0.0,0.0,0.0,0.0
2025_17_LA_ATL,LA,ATL,Davis Allen,00-0039074,TE,tgt,2.833,0.0,1.0,2.0,4.0,6.0
2025_17_LA_ATL,LA,ATL,Davis Allen,00-0039074,TE,rec,2.03,0.0,1.0,2.0,3.0,4.0
2025_17_LA_ATL,LA,ATL,Davis Allen,00-0039074,TE,rec_yds,21.343,0.0,5.067,15.678,31.423,50.312
2025_17_LA_ATL,LA,ATL,Davis Allen,00-0039074,TE,anytime_td,0.109,0.0,0.0,0.0,0.0,1.0
2025_17_LA_ATL,LA,ATL,Blake Corum,00-0039738,RB,car,7.708,2.0,4.0,7.0,10.0,14.0
2025_17_LA_ATL,LA,ATL,Blake Corum,00-0039738,RB,rush_yds,40.232,5.865,15.353,31.749,56.426,85.297
2025_17_LA_ATL,LA,ATL,Blake Corum,00-0039738,RB,tgt,0.983,0.0,0.0,1.0,2.0,3.0
2025_17_LA_ATL,LA,ATL,Blake Corum,00-0039738,RB,rec,0.742,0.0,0.0,0.0,1.0,2.0
2025_17_LA_ATL,LA,ATL,Blake Corum,00-0039738,RB,rec_yds,5.669,0.0,0.0,0.0,7.959,18.226
2025_17_LA_ATL,LA,ATL,Blake Corum,00-0039738,RB,anytime_td,0.422,0.0,0.0,0.0,1.0,1.0
2025_17_LA_ATL,LA,ATL,Jordan Whittington,00-0039751,WR,car,0.07,0.0,0.0,0.0,0.0,0.0
2025_17_LA_ATL,LA,ATL,Jordan Whittington,00-0039751,WR,rush_yds,0.428,0.0,0.0,0.0,0.0,0.0
2025_17_LA_ATL,LA,ATL,Jordan Whittington,00-0039751,WR,tgt,1.774,0.0,0.0,1.0,3.0,4.0
2025_17_LA_ATL,LA,ATL,Jordan Whittington,00-0039751,WR,rec,1.153,0.0,0.0,1.0,2.0,3.0
2025_17_LA_ATL,LA,ATL,Jordan Whittington,00-0039751,WR,rec_yds,14.402,0.0,0.0,7.6,21.643,40.511
2025_17_LA_ATL,LA,ATL,Jordan Whittington,00-0039751,WR,anytime_td,0.014,0.0,0.0,0.0,0.0,0.0
2025_17_LA_ATL,LA,ATL,Tutu Atwell,00-0036849,WR,car,0.024,0.0,0.0,0.0,0.0,0.0
2025_17_LA_ATL,LA,ATL,Tutu Atwell,00-0036849,WR,rush_yds,0.148,0.0,0.0,0.0,0.0,0.0
2025_17_LA_ATL,LA,ATL,Tutu Atwell,00-0036849,WR,tgt,1.724,0.0,0.0,1.0,3.0,4.0
2025_17_LA_ATL,LA,ATL,Tutu Atwell,00-0036849,WR,rec,1.072,0.0,0.0,1.0,2.0,3.0
2025_17_LA_ATL,LA,ATL,Tutu Atwell,00-0036849,WR,rec_yds,16.224,0.0,0.0,7.954,24.598,46.635
2025_17_LA_ATL,LA,ATL,Tutu Atwell,00-0036849,WR,anytime_td,0.067,0.0,0.0,0.0,0.0,0.0
2025_17_LA_ATL,LA,ATL,Ronnie Rivers,00-0037557,RB,car,3.818,0.0,1.0,3.0,5.0,9.0
2025_17_LA_ATL,LA,ATL,Ronnie Rivers,00-0037557,RB,rush_yds,17.792,0.0,2.2,10.884,25.354,44.822
2025_17_LA_ATL,LA,ATL,Ronnie Rivers,00-0037557,RB,tgt,0.697,0.0,0.0,0.0,1.0,2.0
2025_17_LA_ATL,LA,ATL,Ronnie Rivers,00-0037557,RB,rec,0.554,0.0,0.0,0.0,1.0,2.0
2025_17_LA_ATL,LA,ATL,Ronnie Rivers,00-0037557,RB,rec_yds,4.293,0.0,0.0,0.0,5.143,14.877
2025_17_LA_ATL,LA,ATL,Ronnie Rivers,00-0037557,RB,anytime_td,0.103,0.0,0.0,0.0,0.0,1.0
