game_id,team,opp,player,player_id,pos,stat,mean,p10,p25,median,p75,p90
2026_02_DET_BUF,BUF,DET,Josh Allen,00-0034857,QB,att,30.304,20.0,26.0,31.0,36.0,41.0
2026_02_DET_BUF,BUF,DET,Josh Allen,00-0034857,QB,cmp,20.387,13.0,17.0,21.0,24.0,28.0
2026_02_DET_BUF,BUF,DET,Josh Allen,00-0034857,QB,pass_yds,249.127,146.663,197.887,247.682,303.977,363.79
2026_02_DET_BUF,BUF,DET,Josh Allen,00-0034857,QB,pass_td,1.884,0.0,1.0,2.0,3.0,3.0
2026_02_DET_BUF,BUF,DET,Josh Allen,00-0034857,QB,ints,0.644,0.0,0.0,0.0,1.0,2.0
2026_02_DET_BUF,BUF,DET,Josh Allen,00-0034857,QB,car,6.46,2.0,4.0,6.0,9.0,12.0
2026_02_DET_BUF,BUF,DET,Josh Allen,00-0034857,QB,rush_yds,29.122,3.167,11.05,24.054,41.74,61.499
2026_02_DET_BUF,BUF,DET,Josh Allen,00-0034857,QB,tgt,0.001,0.0,0.0,0.0,0.0,0.0
2026_02_DET_BUF,BUF,DET,Josh Allen,00-0034857,QB,rec,0.0,0.0,0.0,0.0,0.0,0.0
2026_02_DET_BUF,BUF,DET,Josh Allen,00-0034857,QB,rec_yds,0.006,0.0,0.0,0.0,0.0,0.0
2026_02_DET_BUF,BUF,DET,Josh Allen,00-0034857,QB,anytime_td,0.51,0.0,0.0,1.0,1.0,1.0
2026_02_DET_BUF,BUF,DET,Dawson Knox,00-0035689,TE,car,0.001,0.0,0.0,0.0,0.0,0.0
2026_02_DET_BUF,BUF,DET,Dawson Knox,00-0035689,TE,rush_yds,-0.0,0.0,0.0,0.0,0.0,0.0
2026_02_DET_BUF,BUF,DET,Dawson Knox,00-0035689,TE,tgt,2.666,0.0,1.0,2.0,4.0,5.0
2026_02_DET_BUF,BUF,DET,Dawson Knox,00-0035689,TE,rec,1.999,0.0,1.0,2.0,3.0,4.0
2026_02_DET_BUF,BUF,DET,Dawson Knox,00-0035689,TE,rec_yds,21.607,0.0,4.783,15.977,31.931,52.152
2026_02_DET_BUF,BUF,DET,Dawson Knox,00-0035689,TE,anytime_td,0.164,0.0,0.0,0.0,0.0,1.0
2026_02_DET_BUF,BUF,DET,Keon Coleman,00-0039901,WR,car,0.016,0.0,0.0,0.0,0.0,0.0
2026_02_DET_BUF,BUF,DET,Keon Coleman,00-0039901,WR,rush_yds,0.081,0.0,0.0,0.0,0.0,0.0
2026_02_DET_BUF,BUF,DET,Keon Coleman,00-0039901,WR,tgt,2.639,0.0,1.0,2.0,4.0,5.0
2026_02_DET_BUF,BUF,DET,Keon Coleman,00-0039901,WR,rec,1.699,0.0,1.0,1.0,3.0,4.0
2026_02_DET_BUF,BUF,DET,Keon Coleman,00-0039901,WR,rec_yds,22.895,0.0,1.171,15.546,34.496,57.28
2026_02_DET_BUF,BUF,DET,Keon Coleman,00-0039901,WR,anytime_td,0.171,0.0,0.0,0.0,0.0,1.0
2026_02_DET_BUF,BUF,DET,James Cook,00-0037248,RB,car,15.756,8.0,11.0,15.0,20.0,24.0
2026_02_DET_BUF,BUF,DET,James Cook,00-0037248,RB,rush_yds,76.883,28.253,44.668,69.431,100.285,134.09
2026_02_DET_BUF,BUF,DET,James Cook,00-0037248,RB,tgt,2.641,0.0,1.0,2.0,4.0,5.0
2026_02_DET_BUF,BUF,DET,James Cook,00-0037248,RB,rec,2.084,0.0,1.0,2.0,3.0,4.0
2026_02_DET_BUF,BUF,DET,James Cook,00-0037248,RB,rec_yds,15.851,0.0,2.145,10.551,23.822,39.452
2026_02_DET_BUF,BUF,DET,James Cook,00-0037248,RB,anytime_td,0.384,0.0,0.0,0.0,1.0,1.0
2026_02_DET_BUF,BUF,DET,Dalton Kincaid,00-0038933,TE,car,0.001,0.0,0.0,0.0,0.0,0.0
2026_02_DET_BUF,BUF,DET,Dalton Kincaid,00-0038933,TE,rush_yds,0.006,0.0,0.0,0.0,0.0,0.0
2026_02_DET_BUF,BUF,DET,Dalton Kincaid,00-0038933,TE,tgt,4.485,1.0,3.0,4.0,6.0,8.0
2026_02_DET_BUF,BUF,DET,Dalton Kincaid,00-0038933,TE,rec,3.395,1.0,2.0,3.0,5.0,6.0
2026_02_DET_BUF,BUF,DET,Dalton Kincaid,00-0038933,TE,rec_yds,45.91,6.788,19.397,40.177,64.739,92.172
2026_02_DET_BUF,BUF,DET,Dalton Kincaid,00-0038933,TE,anytime_td,0.241,0.0,0.0,0.0,0.0,1.0
2026_02_DET_BUF,BUF,DET,Jackson Hawes,00-0040194,TE,car,0.003,0.0,0.0,0.0,0.0,0.0
2026_02_DET_BUF,BUF,DET,Jackson Hawes,00-0040194,TE,rush_yds,0.009,0.0,0.0,0.0,0.0,0.0
2026_02_DET_BUF,BUF,DET,Jackson Hawes,00-0040194,TE,tgt,0.663,0.0,0.0,0.0,1.0,2.0
2026_02_DET_BUF,BUF,DET,Jackson Hawes,00-0040194,TE,rec,0.49,0.0,0.0,0.0,1.0,2.0
2026_02_DET_BUF,BUF,DET,Jackson Hawes,00-0040194,TE,rec_yds,5.336,0.0,0.0,0.0,6.448,19.3
2026_02_DET_BUF,BUF,DET,Jackson Hawes,00-0040194,TE,anytime_td,0.037,0.0,0.0,0.0,0.0,0.0
2026_02_DET_BUF,BUF,DET,Khalil Shakir,00-0037261,WR,car,0.033,0.0,0.0,0.0,0.0,0.0
2026_02_DET_BUF,BUF,DET,Khalil Shakir,00-0037261,WR,rush_yds,0.206,0.0,0.0,0.0,0.0,0.0
2026_02_DET_BUF,BUF,DET,Khalil Shakir,00-0037261,WR,tgt,6.125,2.0,4.0,6.0,8.0,10.0
2026_02_DET_BUF,BUF,DET,Khalil Shakir,00-0037261,WR,rec,4.287,1.0,3.0,4.0,6.0,8.0
2026_02_DET_BUF,BUF,DET,Khalil Shakir,00-0037261,WR,rec_yds,52.26,11.95,25.818,46.608,72.485,99.355
2026_02_DET_BUF,BUF,DET,Khalil Shakir,00-0037261,WR,anytime_td,0.205,0.0,0.0,0.0,0.0,1.0
2026_02_DET_BUF,BUF,DET,Josh Palmer,00-0036988,WR,car,0.015,0.0,0.0,0.0,0.0,0.0
2026_02_DET_BUF,BUF,DET,Josh Palmer,00-0036988,WR,rush_yds,0.073,0.0,0.0,0.0,0.0,0.0
2026_02_DET_BUF,BUF,DET,Josh Palmer,00-0036988,WR,tgt,2.627,0.0,1.0,2.0,4.0,5.0
2026_02_DET_BUF,BUF,DET,Josh Palmer,00-0036988,WR,rec,1.646,0.0,0.0,1.0,2.0,4.0
2026_02_DET_BUF,BUF,DET,Josh Palmer,00-0036988,WR,rec_yds,23.477,0.0,0.0,15.424,35.262,59.408
2026_02_DET_BUF,BUF,DET,Josh Palmer,00-0036988,WR,anytime_td,0.197,0.0,0.0,0.0,0.0,1.0
2026_02_DET_BUF,BUF,DET,DJ Moore,00-0034827,WR,car,0.421,0.0,0.0,0.0,0.0,1.0
2026_02_DET_BUF,BUF,DET,DJ Moore,00-0034827,WR,rush_yds,2.437,0.0,0.0,0.0,0.0,7.997
2026_02_DET_BUF,BUF,DET,DJ Moore,00-0034827,WR,tgt,5.195,2.0,3.0,5.0,7.0,9.0
2026_02_DET_BUF,BUF,DET,DJ Moore,00-0034827,WR,rec,3.32,1.0,2.0,3.0,5.0,6.0
2026_02_DET_BUF,BUF,DET,DJ Moore,00-0034827,WR,rec_yds,47.344,5.801,19.374,39.992,67.154,98.737
2026_02_DET_BUF,BUF,DET,DJ Moore,00-0034827,WR,anytime_td,0.37,0.0,0.0,0.0,1.0,1.0
2026_02_DET_BUF,BUF,DET,Ray Davis,00-0039875,RB,car,3.023,0.0,1.0,2.0,4.0,7.0
2026_02_DET_BUF,BUF,DET,Ray Davis,00-0039875,RB,rush_yds,14.606,0.0,0.0,7.682,20.182,39.277
2026_02_DET_BUF,BUF,DET,Ray Davis,00-0039875,RB,tgt,0.732,0.0,0.0,0.0,1.0,2.0
2026_02_DET_BUF,BUF,DET,Ray Davis,00-0039875,RB,rec,0.591,0.0,0.0,0.0,1.0,2.0
2026_02_DET_BUF,BUF,DET,Ray Davis,00-0039875,RB,rec_yds,4.804,0.0,0.0,0.0,5.848,16.058
2026_02_DET_BUF,BUF,DET,Ray Davis,00-0039875,RB,anytime_td,0.104,0.0,0.0,0.0,0.0,1.0
2026_02_DET_BUF,BUF,DET,Frank Gore Jr.,00-0039471,RB,car,1.723,0.0,0.0,1.0,3.0,5.0
2026_02_DET_BUF,BUF,DET,Frank Gore Jr.,00-0039471,RB,rush_yds,7.912,0.0,0.0,1.115,10.268,23.913
2026_02_DET_BUF,BUF,DET,Frank Gore Jr.,00-0039471,RB,tgt,0.385,0.0,0.0,0.0,1.0,1.0
2026_02_DET_BUF,BUF,DET,Frank Gore Jr.,00-0039471,RB,rec,0.308,0.0,0.0,0.0,0.0,1.0
2026_02_DET_BUF,BUF,DET,Frank Gore Jr.,00-0039471,RB,rec_yds,2.484,0.0,0.0,0.0,0.0,8.868
2026_02_DET_BUF,BUF,DET,Frank Gore Jr.,00-0039471,RB,anytime_td,0.057,0.0,0.0,0.0,0.0,0.0
2026_02_DET_BUF,BUF,DET,Keleki Latu,00-0040363,TE,car,0.006,0.0,0.0,0.0,0.0,0.0
2026_02_DET_BUF,BUF,DET,Keleki Latu,00-0040363,TE,rush_yds,0.013,0.0,0.0,0.0,0.0,0.0
2026_02_DET_BUF,BUF,DET,Keleki Latu,00-0040363,TE,tgt,0.62,0.0,0.0,0.0,1.0,2.0
2026_02_DET_BUF,BUF,DET,Keleki Latu,00-0040363,TE,rec,0.458,0.0,0.0,0.0,1.0,1.0
2026_02_DET_BUF,BUF,DET,Keleki Latu,00-0040363,TE,rec_yds,4.947,0.0,0.0,0.0,6.112,18.026
2026_02_DET_BUF,BUF,DET,Keleki Latu,00-0040363,TE,anytime_td,0.014,0.0,0.0,0.0,0.0,0.0
2026_02_DET_BUF,BUF,DET,Greg Dortch,00-0035500,WR,car,0.664,0.0,0.0,0.0,1.0,2.0
2026_02_DET_BUF,BUF,DET,Greg Dortch,00-0035500,WR,rush_yds,3.988,0.0,0.0,0.0,0.0,13.264
2026_02_DET_BUF,BUF,DET,Greg Dortch,00-0035500,WR,tgt,2.28,0.0,1.0,2.0,3.0,5.0
2026_02_DET_BUF,BUF,DET,Greg Dortch,00-0035500,WR,rec,1.53,0.0,0.0,1.0,2.0,3.0
2026_02_DET_BUF,BUF,DET,Greg Dortch,00-0035500,WR,rec_yds,19.655,0.0,0.0,13.199,29.84,50.717
2026_02_DET_BUF,BUF,DET,Greg Dortch,00-0035500,WR,anytime_td,0.22,0.0,0.0,0.0,0.0,1.0
2026_02_DET_BUF,DET,BUF,Jared Goff,00-0033106,QB,att,33.031,22.0,28.0,34.0,39.0,44.0
2026_02_DET_BUF,DET,BUF,Jared Goff,00-0033106,QB,cmp,21.236,13.0,18.0,22.0,26.0,29.0
2026_02_DET_BUF,DET,BUF,Jared Goff,00-0033106,QB,pass_yds,233.075,135.741,180.338,233.537,284.429,335.442
2026_02_DET_BUF,DET,BUF,Jared Goff,00-0033106,QB,pass_td,1.515,0.0,1.0,1.0,2.0,3.0
2026_02_DET_BUF,DET,BUF,Jared Goff,00-0033106,QB,ints,0.762,0.0,0.0,1.0,1.0,2.0
2026_02_DET_BUF,DET,BUF,Jared Goff,00-0033106,QB,car,2.121,0.0,1.0,2.0,3.0,5.0
2026_02_DET_BUF,DET,BUF,Jared Goff,00-0033106,QB,rush_yds,7.953,-1.0,0.0,2.95,12.482,23.599
2026_02_DET_BUF,DET,BUF,Jared Goff,00-0033106,QB,tgt,0.0,0.0,0.0,0.0,0.0,0.0
2026_02_DET_BUF,DET,BUF,Jared Goff,00-0033106,QB,rec,0.0,0.0,0.0,0.0,0.0,0.0
2026_02_DET_BUF,DET,BUF,Jared Goff,00-0033106,QB,rec_yds,0.003,0.0,0.0,0.0,0.0,0.0
2026_02_DET_BUF,DET,BUF,Jared Goff,00-0033106,QB,anytime_td,0.02,0.0,0.0,0.0,0.0,0.0
2026_02_DET_BUF,DET,BUF,Sam LaPorta,00-0039065,TE,car,0.003,0.0,0.0,0.0,0.0,0.0
2026_02_DET_BUF,DET,BUF,Sam LaPorta,00-0039065,TE,rush_yds,0.004,0.0,0.0,0.0,0.0,0.0
2026_02_DET_BUF,DET,BUF,Sam LaPorta,00-0039065,TE,tgt,6.063,2.0,4.0,6.0,8.0,10.0
2026_02_DET_BUF,DET,BUF,Sam LaPorta,00-0039065,TE,rec,4.288,1.0,2.0,4.0,6.0,8.0
2026_02_DET_BUF,DET,BUF,Sam LaPorta,00-0039065,TE,rec_yds,46.579,9.994,22.222,41.173,64.311,89.868
2026_02_DET_BUF,DET,BUF,Sam LaPorta,00-0039065,TE,anytime_td,0.224,0.0,0.0,0.0,0.0,1.0
2026_02_DET_BUF,DET,BUF,Jameson Williams,00-0037240,WR,car,0.262,0.0,0.0,0.0,0.0,1.0
2026_02_DET_BUF,DET,BUF,Jameson Williams,00-0037240,WR,rush_yds,1.405,0.0,0.0,0.0,0.0,0.0
2026_02_DET_BUF,DET,BUF,Jameson Williams,00-0037240,WR,tgt,6.53,3.0,4.0,6.0,9.0,11.0
2026_02_DET_BUF,DET,BUF,Jameson Williams,00-0037240,WR,rec,3.915,1.0,2.0,4.0,5.0,7.0
2026_02_DET_BUF,DET,BUF,Jameson Williams,00-0037240,WR,rec_yds,52.806,9.635,24.407,45.067,73.023,105.604
2026_02_DET_BUF,DET,BUF,Jameson Williams,00-0037240,WR,anytime_td,0.205,0.0,0.0,0.0,0.0,1.0
2026_02_DET_BUF,DET,BUF,Amon-Ra St. Brown,00-0036963,WR,car,0.065,0.0,0.0,0.0,0.0,0.0
2026_02_DET_BUF,DET,BUF,Amon-Ra St. Brown,00-0036963,WR,rush_yds,0.344,0.0,0.0,0.0,0.0,0.0
2026_02_DET_BUF,DET,BUF,Amon-Ra St. Brown,00-0036963,WR,tgt,10.489,6.0,8.0,10.0,13.0,16.0
2026_02_DET_BUF,DET,BUF,Amon-Ra St. Brown,00-0036963,WR,rec,6.702,3.0,5.0,6.0,9.0,11.0
2026_02_DET_BUF,DET,BUF,Amon-Ra St. Brown,00-0036963,WR,rec_yds,78.861,28.329,46.088,72.81,104.301,137.942
2026_02_DET_BUF,DET,BUF,Amon-Ra St. Brown,00-0036963,WR,anytime_td,0.464,0.0,0.0,0.0,1.0,1.0
2026_02_DET_BUF,DET,BUF,Jahmyr Gibbs,00-0039139,RB,car,20.887,12.0,16.0,20.0,25.0,30.0
2026_02_DET_BUF,DET,BUF,Jahmyr Gibbs,00-0039139,RB,rush_yds,91.974,42.324,59.866,85.217,116.519,150.701
2026_02_DET_BUF,DET,BUF,Jahmyr Gibbs,00-0039139,RB,tgt,5.159,2.0,3.0,5.0,7.0,9.0
2026_02_DET_BUF,DET,BUF,Jahmyr Gibbs,00-0039139,RB,rec,4.004,1.0,2.0,4.0,5.0,7.0
2026_02_DET_BUF,DET,BUF,Jahmyr Gibbs,00-0039139,RB,rec_yds,30.527,3.644,12.401,25.575,43.219,64.483
2026_02_DET_BUF,DET,BUF,Jahmyr Gibbs,00-0039139,RB,anytime_td,0.612,0.0,0.0,1.0,1.0,1.0
2026_02_DET_BUF,DET,BUF,Isaac TeSlaa,00-0040669,WR,car,0.016,0.0,0.0,0.0,0.0,0.0
2026_02_DET_BUF,DET,BUF,Isaac TeSlaa,00-0040669,WR,rush_yds,0.067,0.0,0.0,0.0,0.0,0.0
2026_02_DET_BUF,DET,BUF,Isaac TeSlaa,00-0040669,WR,tgt,1.818,0.0,1.0,1.0,3.0,4.0
2026_02_DET_BUF,DET,BUF,Isaac TeSlaa,00-0040669,WR,rec,1.11,0.0,0.0,1.0,2.0,3.0
2026_02_DET_BUF,DET,BUF,Isaac TeSlaa,00-0040669,WR,rec_yds,14.364,0.0,0.0,7.153,21.809,40.092
2026_02_DET_BUF,DET,BUF,Isaac TeSlaa,00-0040669,WR,anytime_td,0.149,0.0,0.0,0.0,0.0,1.0
2026_02_DET_BUF,DET,BUF,Brock Wright,00-0036754,TE,car,0.002,0.0,0.0,0.0,0.0,0.0
2026_02_DET_BUF,DET,BUF,Brock Wright,00-0036754,TE,rush_yds,0.003,0.0,0.0,0.0,0.0,0.0
2026_02_DET_BUF,DET,BUF,Brock Wright,00-0036754,TE,tgt,1.912,0.0,1.0,2.0,3.0,4.0
2026_02_DET_BUF,DET,BUF,Brock Wright,00-0036754,TE,rec,1.315,0.0,0.0,1.0,2.0,3.0
2026_02_DET_BUF,DET,BUF,Brock Wright,00-0036754,TE,rec_yds,13.243,0.0,0.0,7.669,19.95,35.444
2026_02_DET_BUF,DET,BUF,Brock Wright,00-0036754,TE,anytime_td,0.078,0.0,0.0,0.0,0.0,0.0
2026_02_DET_BUF,DET,BUF,Sione Vaki,00-0039364,RB,car,1.874,0.0,0.0,1.0,3.0,5.0
2026_02_DET_BUF,DET,BUF,Sione Vaki,00-0039364,RB,rush_yds,7.764,0.0,0.0,1.993,10.129,23.021
2026_02_DET_BUF,DET,BUF,Sione Vaki,00-0039364,RB,tgt,0.68,0.0,0.0,0.0,1.0,2.0
2026_02_DET_BUF,DET,BUF,Sione Vaki,00-0039364,RB,rec,0.525,0.0,0.0,0.0,1.0,2.0
2026_02_DET_BUF,DET,BUF,Sione Vaki,00-0039364,RB,rec_yds,4.077,0.0,0.0,0.0,4.525,14.364
2026_02_DET_BUF,DET,BUF,Sione Vaki,00-0039364,RB,anytime_td,0.039,0.0,0.0,0.0,0.0,0.0
2026_02_DET_BUF,DET,BUF,Tyler Conklin,00-0034270,TE,car,0.027,0.0,0.0,0.0,0.0,0.0
2026_02_DET_BUF,DET,BUF,Tyler Conklin,00-0034270,TE,rush_yds,0.057,0.0,0.0,0.0,0.0,0.0
2026_02_DET_BUF,DET,BUF,Tyler Conklin,00-0034270,TE,tgt,0.786,0.0,0.0,0.0,1.0,2.0
2026_02_DET_BUF,DET,BUF,Tyler Conklin,00-0034270,TE,rec,0.543,0.0,0.0,0.0,1.0,2.0
2026_02_DET_BUF,DET,BUF,Tyler Conklin,00-0034270,TE,rec_yds,5.623,0.0,0.0,0.0,7.63,19.885
2026_02_DET_BUF,DET,BUF,Tyler Conklin,00-0034270,TE,anytime_td,0.026,0.0,0.0,0.0,0.0,0.0
2026_02_CAR_ATL,ATL,CAR,Jahan Dotson,00-0037741,WR,car,0.018,0.0,0.0,0.0,0.0,0.0
2026_02_CAR_ATL,ATL,CAR,Jahan Dotson,00-0037741,WR,rush_yds,0.085,0.0,0.0,0.0,0.0,0.0
2026_02_CAR_ATL,ATL,CAR,Jahan Dotson,00-0037741,WR,tgt,2.815,0.0,1.0,2.0,4.0,6.0
2026_02_CAR_ATL,ATL,CAR,Jahan Dotson,00-0037741,WR,rec,1.661,0.0,1.0,1.0,2.0,4.0
2026_02_CAR_ATL,ATL,CAR,Jahan Dotson,00-0037741,WR,rec_yds,22.774,0.0,1.026,15.557,33.889,56.866
2026_02_CAR_ATL,ATL,CAR,Jahan Dotson,00-0037741,WR,anytime_td,0.086,0.0,0.0,0.0,0.0,0.0
2026_02_CAR_ATL,ATL,CAR,Drake London,00-0037238,WR,car,0.276,0.0,0.0,0.0,0.0,1.0
2026_02_CAR_ATL,ATL,CAR,Drake London,00-0037238,WR,rush_yds,1.584,0.0,0.0,0.0,0.0,2.185
2026_02_CAR_ATL,ATL,CAR,Drake London,00-0037238,WR,tgt,7.619,3.9,5.0,7.0,10.0,12.0
2026_02_CAR_ATL,ATL,CAR,Drake London,00-0037238,WR,rec,4.659,2.0,3.0,4.0,6.0,8.0
2026_02_CAR_ATL,ATL,CAR,Drake London,00-0037238,WR,rec_yds,65.526,16.965,34.255,58.99,89.396,121.799
2026_02_CAR_ATL,ATL,CAR,Drake London,00-0037238,WR,anytime_td,0.371,0.0,0.0,0.0,1.0,1.0
2026_02_CAR_ATL,ATL,CAR,Bijan Robinson,00-0038542,RB,car,19.2,11.0,14.0,19.0,24.0,28.0
2026_02_CAR_ATL,ATL,CAR,Bijan Robinson,00-0038542,RB,rush_yds,90.847,37.896,56.273,83.771,118.179,153.403
2026_02_CAR_ATL,ATL,CAR,Bijan Robinson,00-0038542,RB,tgt,7.151,3.0,5.0,7.0,9.0,12.0
2026_02_CAR_ATL,ATL,CAR,Bijan Robinson,00-0038542,RB,rec,5.531,2.0,4.0,5.0,7.0,9.0
2026_02_CAR_ATL,ATL,CAR,Bijan Robinson,00-0038542,RB,rec_yds,49.96,12.611,25.813,43.804,68.586,95.183
2026_02_CAR_ATL,ATL,CAR,Bijan Robinson,00-0038542,RB,anytime_td,0.663,0.0,0.0,1.0,1.0,1.0
2026_02_CAR_ATL,ATL,CAR,Charlie Woerner,00-0036429,TE,car,0.002,0.0,0.0,0.0,0.0,0.0
2026_02_CAR_ATL,ATL,CAR,Charlie Woerner,00-0036429,TE,rush_yds,0.009,0.0,0.0,0.0,0.0,0.0
2026_02_CAR_ATL,ATL,CAR,Charlie Woerner,00-0036429,TE,tgt,0.553,0.0,0.0,0.0,1.0,2.0
2026_02_CAR_ATL,ATL,CAR,Charlie Woerner,00-0036429,TE,rec,0.404,0.0,0.0,0.0,1.0,1.0
2026_02_CAR_ATL,ATL,CAR,Charlie Woerner,00-0036429,TE,rec_yds,4.336,0.0,0.0,0.0,4.242,15.992
2026_02_CAR_ATL,ATL,CAR,Charlie Woerner,00-0036429,TE,anytime_td,0.013,0.0,0.0,0.0,0.0,0.0
2026_02_CAR_ATL,ATL,CAR,Brian Robinson,00-0037746,RB,car,6.875,2.0,3.0,6.0,10.0,13.0
2026_02_CAR_ATL,ATL,CAR,Brian Robinson,00-0037746,RB,rush_yds,30.711,3.15,10.546,23.802,43.316,67.613
2026_02_CAR_ATL,ATL,CAR,Brian Robinson,00-0037746,RB,tgt,0.511,0.0,0.0,0.0,1.0,2.0
2026_02_CAR_ATL,ATL,CAR,Brian Robinson,00-0037746,RB,rec,0.392,0.0,0.0,0.0,1.0,1.0
2026_02_CAR_ATL,ATL,CAR,Brian Robinson,00-0037746,RB,rec_yds,3.029,0.0,0.0,0.0,0.977,11.095
2026_02_CAR_ATL,ATL,CAR,Brian Robinson,00-0037746,RB,anytime_td,0.195,0.0,0.0,0.0,0.0,1.0
2026_02_CAR_ATL,ATL,CAR,Austin Hooper,00-0032392,TE,car,0.003,0.0,0.0,0.0,0.0,0.0
2026_02_CAR_ATL,ATL,CAR,Austin Hooper,00-0032392,TE,rush_yds,0.01,0.0,0.0,0.0,0.0,0.0
2026_02_CAR_ATL,ATL,CAR,Austin Hooper,00-0032392,TE,tgt,1.312,0.0,0.0,1.0,2.0,3.0
2026_02_CAR_ATL,ATL,CAR,Austin Hooper,00-0032392,TE,rec,0.94,0.0,0.0,1.0,1.0,2.0
2026_02_CAR_ATL,ATL,CAR,Austin Hooper,00-0032392,TE,rec_yds,10.286,0.0,0.0,3.588,15.381,30.362
2026_02_CAR_ATL,ATL,CAR,Austin Hooper,00-0032392,TE,anytime_td,0.07,0.0,0.0,0.0,0.0,0.0
2026_02_CAR_ATL,ATL,CAR,Olamide Zaccheaus,00-0035208,WR,car,0.077,0.0,0.0,0.0,0.0,0.0
2026_02_CAR_ATL,ATL,CAR,Olamide Zaccheaus,00-0035208,WR,rush_yds,0.377,0.0,0.0,0.0,0.0,0.0
2026_02_CAR_ATL,ATL,CAR,Olamide Zaccheaus,00-0035208,WR,tgt,2.268,0.0,1.0,2.0,3.0,5.0
2026_02_CAR_ATL,ATL,CAR,Olamide Zaccheaus,00-0035208,WR,rec,1.42,0.0,0.0,1.0,2.0,3.0
2026_02_CAR_ATL,ATL,CAR,Olamide Zaccheaus,00-0035208,WR,rec_yds,18.534,0.0,0.0,11.399,28.13,48.66
2026_02_CAR_ATL,ATL,CAR,Olamide Zaccheaus,00-0035208,WR,anytime_td,0.131,0.0,0.0,0.0,0.0,1.0
2026_02_CAR_ATL,ATL,CAR,Kyle Pitts,00-0036970,TE,car,0.003,0.0,0.0,0.0,0.0,0.0
2026_02_CAR_ATL,ATL,CAR,Kyle Pitts,00-0036970,TE,rush_yds,0.01,0.0,0.0,0.0,0.0,0.0
2026_02_CAR_ATL,ATL,CAR,Kyle Pitts,00-0036970,TE,tgt,5.555,2.0,3.0,5.0,7.0,9.0
2026_02_CAR_ATL,ATL,CAR,Kyle Pitts,00-0036970,TE,rec,3.932,1.0,2.0,4.0,5.0,7.0
2026_02_CAR_ATL,ATL,CAR,Kyle Pitts,00-0036970,TE,rec_yds,44.058,9.276,21.174,39.242,61.159,84.497
2026_02_CAR_ATL,ATL,CAR,Kyle Pitts,00-0036970,TE,anytime_td,0.277,0.0,0.0,0.0,1.0,1.0
2026_02_CAR_ATL,ATL,CAR,Zachariah Branch,00-0041044,WR,car,0.03,0.0,0.0,0.0,0.0,0.0
2026_02_CAR_ATL,ATL,CAR,Zachariah Branch,00-0041044,WR,rush_yds,0.203,0.0,0.0,0.0,0.0,0.0
2026_02_CAR_ATL,ATL,CAR,Zachariah Branch,00-0041044,WR,tgt,0.7,0.0,0.0,0.0,1.0,2.0
2026_02_CAR_ATL,ATL,CAR,Zachariah Branch,00-0041044,WR,rec,0.447,0.0,0.0,0.0,1.0,1.0
2026_02_CAR_ATL,ATL,CAR,Zachariah Branch,00-0041044,WR,rec_yds,6.002,0.0,0.0,0.0,7.043,21.127
2026_02_CAR_ATL,ATL,CAR,Zachariah Branch,00-0041044,WR,anytime_td,0.023,0.0,0.0,0.0,0.0,0.0
2026_02_CAR_ATL,ATL,CAR,Tua Tagovailoa,00-0036212,QB,att,28.641,19.0,24.0,29.0,34.0,39.0
2026_02_CAR_ATL,ATL,CAR,Tua Tagovailoa,00-0036212,QB,cmp,18.651,12.0,15.0,19.0,23.0,26.0
2026_02_CAR_ATL,ATL,CAR,Tua Tagovailoa,00-0036212,QB,pass_yds,216.485,122.596,165.098,214.283,267.947,319.196
2026_02_CAR_ATL,ATL,CAR,Tua Tagovailoa,00-0036212,QB,pass_td,1.496,0.0,1.0,1.0,2.0,3.0
2026_02_CAR_ATL,ATL,CAR,Tua Tagovailoa,00-0036212,QB,ints,0.659,0.0,0.0,0.0,1.0,2.0
2026_02_CAR_ATL,ATL,CAR,Tua Tagovailoa,00-0036212,QB,car,2.524,0.0,1.0,2.0,4.0,5.0
2026_02_CAR_ATL,ATL,CAR,Tua Tagovailoa,00-0036212,QB,rush_yds,9.71,-1.0,0.0,5.77,15.455,27.166
2026_02_CAR_ATL,ATL,CAR,Tua Tagovailoa,00-0036212,QB,tgt,0.001,0.0,0.0,0.0,0.0,0.0
2026_02_CAR_ATL,ATL,CAR,Tua Tagovailoa,00-0036212,QB,rec,0.001,0.0,0.0,0.0,0.0,0.0
2026_02_CAR_ATL,ATL,CAR,Tua Tagovailoa,00-0036212,QB,rec_yds,0.006,0.0,0.0,0.0,0.0,0.0
2026_02_CAR_ATL,ATL,CAR,Tua Tagovailoa,00-0036212,QB,anytime_td,0.022,0.0,0.0,0.0,0.0,0.0
2026_02_CAR_ATL,CAR,ATL,Bryce Young,00-0039150,QB,att,31.848,21.0,27.0,33.0,38.0,43.0
2026_02_CAR_ATL,CAR,ATL,Bryce Young,00-0039150,QB,cmp,19.964,12.0,17.0,20.0,24.0,28.0
2026_02_CAR_ATL,CAR,ATL,Bryce Young,00-0039150,QB,pass_yds,225.021,126.93,174.874,225.961,275.895,325.499
2026_02_CAR_ATL,CAR,ATL,Bryce Young,00-0039150,QB,pass_td,1.436,0.0,1.0,1.0,2.0,3.0
2026_02_CAR_ATL,CAR,ATL,Bryce Young,00-0039150,QB,ints,0.742,0.0,0.0,0.0,1.0,2.0
2026_02_CAR_ATL,CAR,ATL,Bryce Young,00-0039150,QB,car,3.139,1.0,2.0,3.0,4.0,6.0
2026_02_CAR_ATL,CAR,ATL,Bryce Young,00-0039150,QB,rush_yds,16.117,0.0,3.916,12.612,24.434,37.183
2026_02_CAR_ATL,CAR,ATL,Bryce Young,00-0039150,QB,tgt,0.001,0.0,0.0,0.0,0.0,0.0
2026_02_CAR_ATL,CAR,ATL,Bryce Young,00-0039150,QB,rec,0.001,0.0,0.0,0.0,0.0,0.0
2026_02_CAR_ATL,CAR,ATL,Bryce Young,00-0039150,QB,rec_yds,0.004,0.0,0.0,0.0,0.0,0.0
2026_02_CAR_ATL,CAR,ATL,Bryce Young,00-0039150,QB,anytime_td,0.213,0.0,0.0,0.0,0.0,1.0
2026_02_CAR_ATL,CAR,ATL,Tetairoa McMillan,00-0040124,WR,car,0.015,0.0,0.0,0.0,0.0,0.0
2026_02_CAR_ATL,CAR,ATL,Tetairoa McMillan,00-0040124,WR,rush_yds,0.063,0.0,0.0,0.0,0.0,0.0
2026_02_CAR_ATL,CAR,ATL,Tetairoa McMillan,00-0040124,WR,tgt,6.6,3.0,4.0,6.0,9.0,11.0
2026_02_CAR_ATL,CAR,ATL,Tetairoa McMillan,00-0040124,WR,rec,3.969,1.0,2.0,4.0,5.0,7.0
2026_02_CAR_ATL,CAR,ATL,Tetairoa McMillan,00-0040124,WR,rec_yds,52.711,9.732,24.366,45.186,73.628,105.946
2026_02_CAR_ATL,CAR,ATL,Tetairoa McMillan,00-0040124,WR,anytime_td,0.196,0.0,0.0,0.0,0.0,1.0
2026_02_CAR_ATL,CAR,ATL,Jalen Coker,00-0039491,WR,car,0.016,0.0,0.0,0.0,0.0,0.0
2026_02_CAR_ATL,CAR,ATL,Jalen Coker,00-0039491,WR,rush_yds,0.069,0.0,0.0,0.0,0.0,0.0
2026_02_CAR_ATL,CAR,ATL,Jalen Coker,00-0039491,WR,tgt,6.059,2.0,4.0,6.0,8.0,10.0
2026_02_CAR_ATL,CAR,ATL,Jalen Coker,00-0039491,WR,rec,4.101,1.0,2.0,4.0,5.0,7.0
2026_02_CAR_ATL,CAR,ATL,Jalen Coker,00-0039491,WR,rec_yds,53.948,11.057,24.883,47.076,75.035,105.719
2026_02_CAR_ATL,CAR,ATL,Jalen Coker,00-0039491,WR,anytime_td,0.352,0.0,0.0,0.0,1.0,1.0
2026_02_CAR_ATL,CAR,ATL,Chuba Hubbard,00-0036555,RB,car,11.361,5.0,7.0,11.0,15.0,19.0
2026_02_CAR_ATL,CAR,ATL,Chuba Hubbard,00-0036555,RB,rush_yds,47.299,12.788,24.445,40.706,62.832,89.648
2026_02_CAR_ATL,CAR,ATL,Chuba Hubbard,00-0036555,RB,tgt,2.549,0.0,1.0,2.0,4.0,5.0
2026_02_CAR_ATL,CAR,ATL,Chuba Hubbard,00-0036555,RB,rec,1.952,0.0,1.0,2.0,3.0,4.0
2026_02_CAR_ATL,CAR,ATL,Chuba Hubbard,00-0036555,RB,rec_yds,14.806,0.0,1.048,9.762,22.039,37.585
2026_02_CAR_ATL,CAR,ATL,Chuba Hubbard,00-0036555,RB,anytime_td,0.402,0.0,0.0,0.0,1.0,1.0
2026_02_CAR_ATL,CAR,ATL,Mitchell Evans,00-0040187,TE,car,0.092,0.0,0.0,0.0,0.0,0.0
2026_02_CAR_ATL,CAR,ATL,Mitchell Evans,00-0040187,TE,rush_yds,0.219,0.0,0.0,0.0,0.0,0.0
2026_02_CAR_ATL,CAR,ATL,Mitchell Evans,00-0040187,TE,tgt,1.612,0.0,0.0,1.0,2.0,4.0
2026_02_CAR_ATL,CAR,ATL,Mitchell Evans,00-0040187,TE,rec,1.086,0.0,0.0,1.0,2.0,3.0
2026_02_CAR_ATL,CAR,ATL,Mitchell Evans,00-0040187,TE,rec_yds,10.715,0.0,0.0,5.431,16.565,31.497
2026_02_CAR_ATL,CAR,ATL,Mitchell Evans,00-0040187,TE,anytime_td,0.064,0.0,0.0,0.0,0.0,0.0
2026_02_CAR_ATL,CAR,ATL,Tommy Tremble,00-0037005,TE,car,0.002,0.0,0.0,0.0,0.0,0.0
2026_02_CAR_ATL,CAR,ATL,Tommy Tremble,00-0037005,TE,rush_yds,0.006,0.0,0.0,0.0,0.0,0.0
2026_02_CAR_ATL,CAR,ATL,Tommy Tremble,00-0037005,TE,tgt,2.772,0.0,1.0,2.0,4.0,6.0
2026_02_CAR_ATL,CAR,ATL,Tommy Tremble,00-0037005,TE,rec,1.909,0.0,1.0,2.0,3.0,4.0
2026_02_CAR_ATL,CAR,ATL,Tommy Tremble,00-0037005,TE,rec_yds,18.441,0.0,3.753,13.484,27.397,43.835
2026_02_CAR_ATL,CAR,ATL,Tommy Tremble,00-0037005,TE,anytime_td,0.09,0.0,0.0,0.0,0.0,0.0
2026_02_CAR_ATL,CAR,ATL,Xavier Legette,00-0039342,WR,car,0.046,0.0,0.0,0.0,0.0,0.0
2026_02_CAR_ATL,CAR,ATL,Xavier Legette,00-0039342,WR,rush_yds,0.282,0.0,0.0,0.0,0.0,0.0
2026_02_CAR_ATL,CAR,ATL,Xavier Legette,00-0039342,WR,tgt,3.136,1.0,2.0,3.0,4.0,6.0
2026_02_CAR_ATL,CAR,ATL,Xavier Legette,00-0039342,WR,rec,1.756,0.0,1.0,1.0,3.0,4.0
2026_02_CAR_ATL,CAR,ATL,Xavier Legette,00-0039342,WR,rec_yds,21.286,0.0,3.14,14.78,31.796,52.517
2026_02_CAR_ATL,CAR,ATL,Xavier Legette,00-0039342,WR,anytime_td,0.088,0.0,0.0,0.0,0.0,0.0
2026_02_CAR_ATL,CAR,ATL,Darren Waller,00-0031610,TE,car,0.059,0.0,0.0,0.0,0.0,0.0
2026_02_CAR_ATL,CAR,ATL,Darren Waller,00-0031610,TE,rush_yds,0.14,0.0,0.0,0.0,0.0,0.0
2026_02_CAR_ATL,CAR,ATL,Darren Waller,00-0031610,TE,tgt,2.973,0.0,1.0,3.0,4.0,6.0
2026_02_CAR_ATL,CAR,ATL,Darren Waller,00-0031610,TE,rec,2.053,0.0,1.0,2.0,3.0,4.0
2026_02_CAR_ATL,CAR,ATL,Darren Waller,00-0031610,TE,rec_yds,21.075,0.0,4.986,15.775,30.701,49.961
2026_02_CAR_ATL,CAR,ATL,Darren Waller,00-0031610,TE,anytime_td,0.151,0.0,0.0,0.0,0.0,1.0
2026_02_CAR_ATL,CAR,ATL,Jonathon Brooks,00-0039344,RB,car,4.442,1.0,2.0,4.0,6.0,9.0
2026_02_CAR_ATL,CAR,ATL,Jonathon Brooks,00-0039344,RB,rush_yds,18.288,0.0,4.349,12.387,26.352,43.927
2026_02_CAR_ATL,CAR,ATL,Jonathon Brooks,00-0039344,RB,tgt,1.301,0.0,0.0,1.0,2.0,3.0
2026_02_CAR_ATL,CAR,ATL,Jonathon Brooks,00-0039344,RB,rec,0.975,0.0,0.0,1.0,2.0,3.0
2026_02_CAR_ATL,CAR,ATL,Jonathon Brooks,00-0039344,RB,rec_yds,8.024,0.0,0.0,1.101,12.209,24.512
2026_02_CAR_ATL,CAR,ATL,Jonathon Brooks,00-0039344,RB,anytime_td,0.091,0.0,0.0,0.0,0.0,0.0
2026_02_CAR_ATL,CAR,ATL,Brycen Tremayne,00-0038840,WR,car,0.019,0.0,0.0,0.0,0.0,0.0
2026_02_CAR_ATL,CAR,ATL,Brycen Tremayne,00-0038840,WR,rush_yds,0.1,0.0,0.0,0.0,0.0,0.0
2026_02_CAR_ATL,CAR,ATL,Brycen Tremayne,00-0038840,WR,tgt,0.787,0.0,0.0,0.0,1.0,2.0
2026_02_CAR_ATL,CAR,ATL,Brycen Tremayne,00-0038840,WR,rec,0.477,0.0,0.0,0.0,1.0,1.0
2026_02_CAR_ATL,CAR,ATL,Brycen Tremayne,00-0038840,WR,rec_yds,5.735,0.0,0.0,0.0,6.85,19.567
2026_02_CAR_ATL,CAR,ATL,Brycen Tremayne,00-0038840,WR,anytime_td,0.014,0.0,0.0,0.0,0.0,0.0
2026_02_CAR_ATL,CAR,ATL,John Metchie III,00-0037614,WR,car,0.232,0.0,0.0,0.0,0.0,1.0
2026_02_CAR_ATL,CAR,ATL,John Metchie III,00-0037614,WR,rush_yds,1.221,0.0,0.0,0.0,0.0,0.968
2026_02_CAR_ATL,CAR,ATL,John Metchie III,00-0037614,WR,tgt,4.062,1.0,2.0,4.0,5.0,8.0
2026_02_CAR_ATL,CAR,ATL,John Metchie III,00-0037614,WR,rec,2.5,0.0,1.0,2.0,4.0,5.0
2026_02_CAR_ATL,CAR,ATL,John Metchie III,00-0037614,WR,rec_yds,29.475,0.0,9.508,23.45,42.533,65.748
2026_02_CAR_ATL,CAR,ATL,John Metchie III,00-0037614,WR,anytime_td,0.168,0.0,0.0,0.0,0.0,1.0
2026_02_CAR_ATL,CAR,ATL,AJ Dillon,00-0036265,RB,car,4.885,1.0,2.0,4.0,7.0,10.0
2026_02_CAR_ATL,CAR,ATL,AJ Dillon,00-0036265,RB,rush_yds,20.636,0.0,5.097,14.239,29.059,48.976
2026_02_CAR_ATL,CAR,ATL,AJ Dillon,00-0036265,RB,tgt,0.495,0.0,0.0,0.0,1.0,2.0
2026_02_CAR_ATL,CAR,ATL,AJ Dillon,00-0036265,RB,rec,0.373,0.0,0.0,0.0,1.0,1.0
2026_02_CAR_ATL,CAR,ATL,AJ Dillon,00-0036265,RB,rec_yds,2.597,0.0,0.0,0.0,0.0,9.362
2026_02_CAR_ATL,CAR,ATL,AJ Dillon,00-0036265,RB,anytime_td,0.08,0.0,0.0,0.0,0.0,0.0
2026_02_CIN_HOU,HOU,CIN,C.J. Stroud,00-0039163,QB,att,31.192,21.0,27.0,32.0,37.0,42.0
2026_02_CIN_HOU,HOU,CIN,C.J. Stroud,00-0039163,QB,cmp,20.439,13.0,17.0,21.0,25.0,28.0
2026_02_CIN_HOU,HOU,CIN,C.J. Stroud,00-0039163,QB,pass_yds,237.362,137.389,185.776,236.604,292.1,342.433
2026_02_CIN_HOU,HOU,CIN,C.J. Stroud,00-0039163,QB,pass_td,1.666,0.0,1.0,2.0,2.0,3.0
2026_02_CIN_HOU,HOU,CIN,C.J. Stroud,00-0039163,QB,ints,0.676,0.0,0.0,0.0,1.0,2.0
2026_02_CIN_HOU,HOU,CIN,C.J. Stroud,00-0039163,QB,car,3.069,0.0,1.0,3.0,4.0,6.0
2026_02_CIN_HOU,HOU,CIN,C.J. Stroud,00-0039163,QB,rush_yds,12.776,-1.0,0.024,8.16,19.383,32.751
2026_02_CIN_HOU,HOU,CIN,C.J. Stroud,00-0039163,QB,tgt,0.001,0.0,0.0,0.0,0.0,0.0
2026_02_CIN_HOU,HOU,CIN,C.J. Stroud,00-0039163,QB,rec,0.001,0.0,0.0,0.0,0.0,0.0
2026_02_CIN_HOU,HOU,CIN,C.J. Stroud,00-0039163,QB,rec_yds,0.009,0.0,0.0,0.0,0.0,0.0
2026_02_CIN_HOU,HOU,CIN,C.J. Stroud,00-0039163,QB,anytime_td,0.113,0.0,0.0,0.0,0.0,1.0
2026_02_CIN_HOU,HOU,CIN,Xavier Hutchinson,00-0038618,WR,car,0.075,0.0,0.0,0.0,0.0,0.0
2026_02_CIN_HOU,HOU,CIN,Xavier Hutchinson,00-0038618,WR,rush_yds,0.469,0.0,0.0,0.0,0.0,0.0
2026_02_CIN_HOU,HOU,CIN,Xavier Hutchinson,00-0038618,WR,tgt,5.838,2.0,4.0,5.0,8.0,10.0
2026_02_CIN_HOU,HOU,CIN,Xavier Hutchinson,00-0038618,WR,rec,3.454,1.0,2.0,3.0,5.0,6.0
2026_02_CIN_HOU,HOU,CIN,Xavier Hutchinson,00-0038618,WR,rec_yds,46.487,6.94,20.102,39.374,65.586,94.667
2026_02_CIN_HOU,HOU,CIN,Xavier Hutchinson,00-0038618,WR,anytime_td,0.115,0.0,0.0,0.0,0.0,1.0
2026_02_CIN_HOU,HOU,CIN,Kayshon Boutte,00-0038608,WR,car,0.016,0.0,0.0,0.0,0.0,0.0
2026_02_CIN_HOU,HOU,CIN,Kayshon Boutte,00-0038608,WR,rush_yds,0.11,0.0,0.0,0.0,0.0,0.0
2026_02_CIN_HOU,HOU,CIN,Kayshon Boutte,00-0038608,WR,tgt,3.999,1.0,2.0,4.0,5.0,7.0
2026_02_CIN_HOU,HOU,CIN,Kayshon Boutte,00-0038608,WR,rec,2.461,0.0,1.0,2.0,3.0,5.0
2026_02_CIN_HOU,HOU,CIN,Kayshon Boutte,00-0038608,WR,rec_yds,35.092,0.0,10.806,27.197,51.192,77.038
2026_02_CIN_HOU,HOU,CIN,Kayshon Boutte,00-0038608,WR,anytime_td,0.158,0.0,0.0,0.0,0.0,1.0
2026_02_CIN_HOU,HOU,CIN,Dalton Schultz,00-0034383,TE,car,0.002,0.0,0.0,0.0,0.0,0.0
2026_02_CIN_HOU,HOU,CIN,Dalton Schultz,00-0034383,TE,rush_yds,0.004,0.0,0.0,0.0,0.0,0.0
2026_02_CIN_HOU,HOU,CIN,Dalton Schultz,00-0034383,TE,tgt,6.835,3.0,4.0,7.0,9.0,11.0
2026_02_CIN_HOU,HOU,CIN,Dalton Schultz,00-0034383,TE,rec,4.919,2.0,3.0,5.0,7.0,8.0
2026_02_CIN_HOU,HOU,CIN,Dalton Schultz,00-0034383,TE,rec_yds,53.454,13.979,28.161,48.263,73.598,99.387
2026_02_CIN_HOU,HOU,CIN,Dalton Schultz,00-0034383,TE,anytime_td,0.18,0.0,0.0,0.0,0.0,1.0
2026_02_CIN_HOU,HOU,CIN,Jaylin Noel,00-0040138,WR,car,0.203,0.0,0.0,0.0,0.0,0.0
2026_02_CIN_HOU,HOU,CIN,Jaylin Noel,00-0040138,WR,rush_yds,1.201,0.0,0.0,0.0,0.0,0.0
2026_02_CIN_HOU,HOU,CIN,Jaylin Noel,00-0040138,WR,tgt,2.099,0.0,1.0,2.0,3.0,5.0
2026_02_CIN_HOU,HOU,CIN,Jaylin Noel,00-0040138,WR,rec,1.38,0.0,0.0,1.0,2.0,3.0
2026_02_CIN_HOU,HOU,CIN,Jaylin Noel,00-0040138,WR,rec_yds,19.755,0.0,0.0,11.663,29.951,52.36
2026_02_CIN_HOU,HOU,CIN,Jaylin Noel,00-0040138,WR,anytime_td,0.083,0.0,0.0,0.0,0.0,0.0
2026_02_CIN_HOU,HOU,CIN,David Montgomery,00-0035685,RB,car,11.682,5.0,7.0,11.0,15.0,19.0
2026_02_CIN_HOU,HOU,CIN,David Montgomery,00-0035685,RB,rush_yds,52.725,14.576,26.363,45.038,69.948,100.976
2026_02_CIN_HOU,HOU,CIN,David Montgomery,00-0035685,RB,tgt,2.33,0.0,1.0,2.0,3.0,5.0
2026_02_CIN_HOU,HOU,CIN,David Montgomery,00-0035685,RB,rec,1.883,0.0,1.0,2.0,3.0,4.0
2026_02_CIN_HOU,HOU,CIN,David Montgomery,00-0035685,RB,rec_yds,14.868,0.0,0.0,9.81,21.809,38.214
2026_02_CIN_HOU,HOU,CIN,David Montgomery,00-0035685,RB,anytime_td,0.556,0.0,0.0,1.0,1.0,1.0
2026_02_CIN_HOU,HOU,CIN,Jared Wayne,00-0038728,WR,car,0.028,0.0,0.0,0.0,0.0,0.0
2026_02_CIN_HOU,HOU,CIN,Jared Wayne,00-0038728,WR,rush_yds,0.147,0.0,0.0,0.0,0.0,0.0
2026_02_CIN_HOU,HOU,CIN,Jared Wayne,00-0038728,WR,tgt,1.466,0.0,0.0,1.0,2.0,4.0
2026_02_CIN_HOU,HOU,CIN,Jared Wayne,00-0038728,WR,rec,0.962,0.0,0.0,1.0,1.0,2.0
2026_02_CIN_HOU,HOU,CIN,Jared Wayne,00-0038728,WR,rec_yds,12.92,0.0,0.0,5.152,18.735,37.092
2026_02_CIN_HOU,HOU,CIN,Jared Wayne,00-0038728,WR,anytime_td,0.033,0.0,0.0,0.0,0.0,0.0
2026_02_CIN_HOU,HOU,CIN,Woody Marks,00-0040583,RB,car,11.727,5.0,8.0,11.0,15.0,19.0
2026_02_CIN_HOU,HOU,CIN,Woody Marks,00-0040583,RB,rush_yds,53.84,14.949,27.833,46.545,71.352,102.915
2026_02_CIN_HOU,HOU,CIN,Woody Marks,00-0040583,RB,tgt,2.178,0.0,1.0,2.0,3.0,5.0
2026_02_CIN_HOU,HOU,CIN,Woody Marks,00-0040583,RB,rec,1.708,0.0,0.0,1.0,3.0,4.0
2026_02_CIN_HOU,HOU,CIN,Woody Marks,00-0040583,RB,rec_yds,12.92,0.0,0.0,7.948,19.352,33.871
2026_02_CIN_HOU,HOU,CIN,Woody Marks,00-0040583,RB,anytime_td,0.326,0.0,0.0,0.0,1.0,1.0
2026_02_CIN_HOU,HOU,CIN,Foster Moreau,00-0034981,TE,car,0.002,0.0,0.0,0.0,0.0,0.0
2026_02_CIN_HOU,HOU,CIN,Foster Moreau,00-0034981,TE,rush_yds,0.007,0.0,0.0,0.0,0.0,0.0
2026_02_CIN_HOU,HOU,CIN,Foster Moreau,00-0034981,TE,tgt,1.781,0.0,0.0,1.0,3.0,4.0
2026_02_CIN_HOU,HOU,CIN,Foster Moreau,00-0034981,TE,rec,1.323,0.0,0.0,1.0,2.0,3.0
2026_02_CIN_HOU,HOU,CIN,Foster Moreau,00-0034981,TE,rec_yds,14.474,0.0,0.0,8.557,21.947,39.214
2026_02_CIN_HOU,HOU,CIN,Foster Moreau,00-0034981,TE,anytime_td,0.05,0.0,0.0,0.0,0.0,0.0
2026_02_CIN_HOU,HOU,CIN,Lewis Bond,00-0041467,WR,car,0.117,0.0,0.0,0.0,0.0,0.0
2026_02_CIN_HOU,HOU,CIN,Lewis Bond,00-0041467,WR,rush_yds,0.672,0.0,0.0,0.0,0.0,0.0
2026_02_CIN_HOU,HOU,CIN,Lewis Bond,00-0041467,WR,tgt,1.837,0.0,1.0,1.0,3.0,4.0
2026_02_CIN_HOU,HOU,CIN,Lewis Bond,00-0041467,WR,rec,1.191,0.0,0.0,1.0,2.0,3.0
2026_02_CIN_HOU,HOU,CIN,Lewis Bond,00-0041467,WR,rec_yds,16.421,0.0,0.0,8.795,24.526,44.727
2026_02_CIN_HOU,HOU,CIN,Lewis Bond,00-0041467,WR,anytime_td,0.073,0.0,0.0,0.0,0.0,0.0
2026_02_CIN_HOU,HOU,CIN,Marlin Klein,00-0041472,TE,car,0.001,0.0,0.0,0.0,0.0,0.0
2026_02_CIN_HOU,HOU,CIN,Marlin Klein,00-0041472,TE,rush_yds,0.004,0.0,0.0,0.0,0.0,0.0
2026_02_CIN_HOU,HOU,CIN,Marlin Klein,00-0041472,TE,tgt,1.189,0.0,0.0,1.0,2.0,3.0
2026_02_CIN_HOU,HOU,CIN,Marlin Klein,00-0041472,TE,rec,0.871,0.0,0.0,1.0,1.0,2.0
2026_02_CIN_HOU,HOU,CIN,Marlin Klein,00-0041472,TE,rec_yds,9.639,0.0,0.0,1.976,14.361,29.531
2026_02_CIN_HOU,HOU,CIN,Marlin Klein,00-0041472,TE,anytime_td,0.028,0.0,0.0,0.0,0.0,0.0
2026_02_CIN_HOU,HOU,CIN,Cade Stover,00-0039359,TE,car,0.387,0.0,0.0,0.0,0.0,1.0
2026_02_CIN_HOU,HOU,CIN,Cade Stover,00-0039359,TE,rush_yds,1.014,0.0,0.0,0.0,0.0,3.08
2026_02_CIN_HOU,HOU,CIN,Cade Stover,00-0039359,TE,tgt,2.11,0.0,1.0,2.0,3.0,5.0
2026_02_CIN_HOU,HOU,CIN,Cade Stover,00-0039359,TE,rec,1.536,0.0,0.0,1.0,2.0,4.0
2026_02_CIN_HOU,HOU,CIN,Cade Stover,00-0039359,TE,rec_yds,15.763,0.0,0.0,10.503,24.084,40.842
2026_02_CIN_HOU,HOU,CIN,Cade Stover,00-0039359,TE,anytime_td,0.05,0.0,0.0,0.0,0.0,0.0
2026_02_CIN_HOU,CIN,HOU,Joe Burrow,00-0036442,QB,att,33.105,23.0,29.0,34.0,39.0,44.0
2026_02_CIN_HOU,CIN,HOU,Joe Burrow,00-0036442,QB,cmp,21.351,14.0,18.0,22.0,26.0,29.0
2026_02_CIN_HOU,CIN,HOU,Joe Burrow,00-0036442,QB,pass_yds,235.653,134.125,184.779,235.664,288.982,341.684
2026_02_CIN_HOU,CIN,HOU,Joe Burrow,00-0036442,QB,pass_td,1.496,0.0,1.0,1.0,2.0,3.0
2026_02_CIN_HOU,CIN,HOU,Joe Burrow,00-0036442,QB,ints,0.776,0.0,0.0,1.0,1.0,2.0
2026_02_CIN_HOU,CIN,HOU,Joe Burrow,00-0036442,QB,car,3.066,0.0,1.0,3.0,4.0,6.0
2026_02_CIN_HOU,CIN,HOU,Joe Burrow,00-0036442,QB,rush_yds,12.458,-1.0,0.9,8.493,19.334,31.869
2026_02_CIN_HOU,CIN,HOU,Joe Burrow,00-0036442,QB,tgt,0.001,0.0,0.0,0.0,0.0,0.0
2026_02_CIN_HOU,CIN,HOU,Joe Burrow,00-0036442,QB,rec,0.001,0.0,0.0,0.0,0.0,0.0
2026_02_CIN_HOU,CIN,HOU,Joe Burrow,00-0036442,QB,rec_yds,0.005,0.0,0.0,0.0,0.0,0.0
2026_02_CIN_HOU,CIN,HOU,Joe Burrow,00-0036442,QB,anytime_td,0.055,0.0,0.0,0.0,0.0,0.0
2026_02_CIN_HOU,CIN,HOU,Ja'Marr Chase,00-0036900,WR,car,0.103,0.0,0.0,0.0,0.0,0.0
2026_02_CIN_HOU,CIN,HOU,Ja'Marr Chase,00-0036900,WR,rush_yds,0.502,0.0,0.0,0.0,0.0,0.0
2026_02_CIN_HOU,CIN,HOU,Ja'Marr Chase,00-0036900,WR,tgt,8.091,4.0,6.0,8.0,10.0,13.0
2026_02_CIN_HOU,CIN,HOU,Ja'Marr Chase,00-0036900,WR,rec,5.074,2.0,3.0,5.0,7.0,8.0
2026_02_CIN_HOU,CIN,HOU,Ja'Marr Chase,00-0036900,WR,rec_yds,62.228,17.401,33.375,55.81,84.627,114.119
2026_02_CIN_HOU,CIN,HOU,Ja'Marr Chase,00-0036900,WR,anytime_td,0.279,0.0,0.0,0.0,1.0,1.0
2026_02_CIN_HOU,CIN,HOU,Tee Higgins,00-0036410,WR,car,0.009,0.0,0.0,0.0,0.0,0.0
2026_02_CIN_HOU,CIN,HOU,Tee Higgins,00-0036410,WR,rush_yds,0.053,0.0,0.0,0.0,0.0,0.0
2026_02_CIN_HOU,CIN,HOU,Tee Higgins,00-0036410,WR,tgt,5.909,2.0,4.0,6.0,8.0,10.0
2026_02_CIN_HOU,CIN,HOU,Tee Higgins,00-0036410,WR,rec,3.603,1.0,2.0,3.0,5.0,7.0
2026_02_CIN_HOU,CIN,HOU,Tee Higgins,00-0036410,WR,rec_yds,50.33,7.31,21.456,43.27,70.578,102.306
2026_02_CIN_HOU,CIN,HOU,Tee Higgins,00-0036410,WR,anytime_td,0.29,0.0,0.0,0.0,1.0,1.0
2026_02_CIN_HOU,CIN,HOU,Chase Brown,00-0038597,RB,car,12.921,6.0,9.0,12.0,16.0,21.0
2026_02_CIN_HOU,CIN,HOU,Chase Brown,00-0038597,RB,rush_yds,52.276,16.505,28.235,46.001,69.318,96.263
2026_02_CIN_HOU,CIN,HOU,Chase Brown,00-0038597,RB,tgt,4.792,2.0,3.0,4.0,6.0,9.0
2026_02_CIN_HOU,CIN,HOU,Chase Brown,00-0038597,RB,rec,3.703,1.0,2.0,3.0,5.0,7.0
2026_02_CIN_HOU,CIN,HOU,Chase Brown,00-0038597,RB,rec_yds,26.187,2.589,9.607,21.46,38.019,55.371
2026_02_CIN_HOU,CIN,HOU,Chase Brown,00-0038597,RB,anytime_td,0.544,0.0,0.0,1.0,1.0,1.0
2026_02_CIN_HOU,CIN,HOU,Drew Sample,00-0035631,TE,car,0.043,0.0,0.0,0.0,0.0,0.0
2026_02_CIN_HOU,CIN,HOU,Drew Sample,00-0035631,TE,rush_yds,0.098,0.0,0.0,0.0,0.0,0.0
2026_02_CIN_HOU,CIN,HOU,Drew Sample,00-0035631,TE,tgt,1.723,0.0,0.0,1.0,3.0,4.0
2026_02_CIN_HOU,CIN,HOU,Drew Sample,00-0035631,TE,rec,1.249,0.0,0.0,1.0,2.0,3.0
2026_02_CIN_HOU,CIN,HOU,Drew Sample,00-0035631,TE,rec_yds,12.496,0.0,0.0,6.968,19.178,34.715
2026_02_CIN_HOU,CIN,HOU,Drew Sample,00-0035631,TE,anytime_td,0.036,0.0,0.0,0.0,0.0,0.0
2026_02_CIN_HOU,CIN,HOU,Andrei Iosivas,00-0038619,WR,car,0.074,0.0,0.0,0.0,0.0,0.0
2026_02_CIN_HOU,CIN,HOU,Andrei Iosivas,00-0038619,WR,rush_yds,0.36,0.0,0.0,0.0,0.0,0.0
2026_02_CIN_HOU,CIN,HOU,Andrei Iosivas,00-0038619,WR,tgt,2.95,0.0,1.0,3.0,4.0,6.0
2026_02_CIN_HOU,CIN,HOU,Andrei Iosivas,00-0038619,WR,rec,1.812,0.0,1.0,2.0,3.0,4.0
2026_02_CIN_HOU,CIN,HOU,Andrei Iosivas,00-0038619,WR,rec_yds,22.74,0.0,3.377,16.097,34.155,56.01
2026_02_CIN_HOU,CIN,HOU,Andrei Iosivas,00-0038619,WR,anytime_td,0.109,0.0,0.0,0.0,0.0,1.0
2026_02_CIN_HOU,CIN,HOU,Erick All,00-0039814,TE,car,0.002,0.0,0.0,0.0,0.0,0.0
2026_02_CIN_HOU,CIN,HOU,Erick All,00-0039814,TE,rush_yds,0.005,0.0,0.0,0.0,0.0,0.0
2026_02_CIN_HOU,CIN,HOU,Erick All,00-0039814,TE,tgt,1.511,0.0,0.0,1.0,2.0,4.0
2026_02_CIN_HOU,CIN,HOU,Erick All,00-0039814,TE,rec,1.094,0.0,0.0,1.0,2.0,3.0
2026_02_CIN_HOU,CIN,HOU,Erick All,00-0039814,TE,rec_yds,11.292,0.0,0.0,5.752,16.926,31.71
2026_02_CIN_HOU,CIN,HOU,Erick All,00-0039814,TE,anytime_td,0.026,0.0,0.0,0.0,0.0,0.0
2026_02_CIN_HOU,CIN,HOU,Samaje Perine,00-0033526,RB,car,5.571,1.0,3.0,5.0,8.0,11.0
2026_02_CIN_HOU,CIN,HOU,Samaje Perine,00-0033526,RB,rush_yds,22.534,1.598,6.881,16.386,31.582,50.996
2026_02_CIN_HOU,CIN,HOU,Samaje Perine,00-0033526,RB,tgt,1.883,0.0,1.0,2.0,3.0,4.0
2026_02_CIN_HOU,CIN,HOU,Samaje Perine,00-0033526,RB,rec,1.46,0.0,0.0,1.0,2.0,3.0
2026_02_CIN_HOU,CIN,HOU,Samaje Perine,00-0033526,RB,rec_yds,11.13,0.0,0.0,6.207,16.866,30.761
2026_02_CIN_HOU,CIN,HOU,Samaje Perine,00-0033526,RB,anytime_td,0.207,0.0,0.0,0.0,0.0,1.0
2026_02_CIN_HOU,CIN,HOU,Mike Gesicki,00-0034829,TE,car,0.003,0.0,0.0,0.0,0.0,0.0
2026_02_CIN_HOU,CIN,HOU,Mike Gesicki,00-0034829,TE,rush_yds,0.009,0.0,0.0,0.0,0.0,0.0
2026_02_CIN_HOU,CIN,HOU,Mike Gesicki,00-0034829,TE,tgt,3.982,1.0,2.0,4.0,5.0,7.0
2026_02_CIN_HOU,CIN,HOU,Mike Gesicki,00-0034829,TE,rec,2.801,1.0,1.0,2.0,4.0,6.0
2026_02_CIN_HOU,CIN,HOU,Mike Gesicki,00-0034829,TE,rec_yds,32.276,0.0,11.023,26.13,46.484,70.463
2026_02_CIN_HOU,CIN,HOU,Mike Gesicki,00-0034829,TE,anytime_td,0.261,0.0,0.0,0.0,1.0,1.0
2026_02_CIN_HOU,CIN,HOU,Dohnte Meyers,00-0040785,WR,car,0.601,0.0,0.0,0.0,1.0,2.0
2026_02_CIN_HOU,CIN,HOU,Dohnte Meyers,00-0040785,WR,rush_yds,3.117,0.0,0.0,0.0,0.0,10.977
2026_02_CIN_HOU,CIN,HOU,Dohnte Meyers,00-0040785,WR,tgt,1.258,0.0,0.0,1.0,2.0,3.0
2026_02_CIN_HOU,CIN,HOU,Dohnte Meyers,00-0040785,WR,rec,0.782,0.0,0.0,0.0,1.0,2.0
2026_02_CIN_HOU,CIN,HOU,Dohnte Meyers,00-0040785,WR,rec_yds,10.373,0.0,0.0,0.0,14.815,32.461
2026_02_CIN_HOU,CIN,HOU,Dohnte Meyers,00-0040785,WR,anytime_td,0.056,0.0,0.0,0.0,0.0,0.0
2026_02_CIN_HOU,CIN,HOU,Colbie Young,00-0041069,WR,car,0.038,0.0,0.0,0.0,0.0,0.0
2026_02_CIN_HOU,CIN,HOU,Colbie Young,00-0041069,WR,rush_yds,0.173,0.0,0.0,0.0,0.0,0.0
2026_02_CIN_HOU,CIN,HOU,Colbie Young,00-0041069,WR,tgt,0.541,0.0,0.0,0.0,1.0,2.0
2026_02_CIN_HOU,CIN,HOU,Colbie Young,00-0041069,WR,rec,0.322,0.0,0.0,0.0,0.0,1.0
2026_02_CIN_HOU,CIN,HOU,Colbie Young,00-0041069,WR,rec_yds,4.221,0.0,0.0,0.0,0.0,15.623
2026_02_CIN_HOU,CIN,HOU,Colbie Young,00-0041069,WR,anytime_td,0.015,0.0,0.0,0.0,0.0,0.0
2026_02_CIN_HOU,CIN,HOU,Jack Endries,00-0041116,TE,car,0.006,0.0,0.0,0.0,0.0,0.0
2026_02_CIN_HOU,CIN,HOU,Jack Endries,00-0041116,TE,rush_yds,0.018,0.0,0.0,0.0,0.0,0.0
2026_02_CIN_HOU,CIN,HOU,Jack Endries,00-0041116,TE,tgt,0.881,0.0,0.0,0.0,1.0,2.0
2026_02_CIN_HOU,CIN,HOU,Jack Endries,00-0041116,TE,rec,0.622,0.0,0.0,0.0,1.0,2.0
2026_02_CIN_HOU,CIN,HOU,Jack Endries,00-0041116,TE,rec_yds,6.417,0.0,0.0,0.0,9.321,21.384
2026_02_CIN_HOU,CIN,HOU,Jack Endries,00-0041116,TE,anytime_td,0.039,0.0,0.0,0.0,0.0,0.0
2026_02_CIN_HOU,CIN,HOU,Tahj Brooks,00-0040208,RB,car,1.626,0.0,0.0,1.0,2.0,5.0
2026_02_CIN_HOU,CIN,HOU,Tahj Brooks,00-0040208,RB,rush_yds,6.617,0.0,0.0,0.935,8.439,19.728
2026_02_CIN_HOU,CIN,HOU,Tahj Brooks,00-0040208,RB,tgt,0.306,0.0,0.0,0.0,0.0,1.0
2026_02_CIN_HOU,CIN,HOU,Tahj Brooks,00-0040208,RB,rec,0.236,0.0,0.0,0.0,0.0,1.0
2026_02_CIN_HOU,CIN,HOU,Tahj Brooks,00-0040208,RB,rec_yds,1.66,0.0,0.0,0.0,0.0,6.241
2026_02_CIN_HOU,CIN,HOU,Tahj Brooks,00-0040208,RB,anytime_td,0.037,0.0,0.0,0.0,0.0,0.0
2026_02_CLE_TB,TB,CLE,Baker Mayfield,00-0034855,QB,att,27.38,18.0,23.0,28.0,32.0,37.0
2026_02_CLE_TB,TB,CLE,Baker Mayfield,00-0034855,QB,cmp,18.085,11.0,15.0,18.0,22.0,25.0
2026_02_CLE_TB,TB,CLE,Baker Mayfield,00-0034855,QB,pass_yds,200.947,110.007,152.478,198.022,246.845,299.015
2026_02_CLE_TB,TB,CLE,Baker Mayfield,00-0034855,QB,pass_td,1.465,0.0,1.0,1.0,2.0,3.0
2026_02_CLE_TB,TB,CLE,Baker Mayfield,00-0034855,QB,ints,0.578,0.0,0.0,0.0,1.0,2.0
2026_02_CLE_TB,TB,CLE,Baker Mayfield,00-0034855,QB,car,3.609,1.0,2.0,3.0,5.0,7.0
2026_02_CLE_TB,TB,CLE,Baker Mayfield,00-0034855,QB,rush_yds,18.247,0.0,5.125,14.35,26.699,42.8
2026_02_CLE_TB,TB,CLE,Baker Mayfield,00-0034855,QB,tgt,0.0,0.0,0.0,0.0,0.0,0.0
2026_02_CLE_TB,TB,CLE,Baker Mayfield,00-0034855,QB,rec,0.0,0.0,0.0,0.0,0.0,0.0
2026_02_CLE_TB,TB,CLE,Baker Mayfield,00-0034855,QB,rec_yds,0.0,0.0,0.0,0.0,0.0,0.0
2026_02_CLE_TB,TB,CLE,Baker Mayfield,00-0034855,QB,anytime_td,0.188,0.0,0.0,0.0,0.0,1.0
2026_02_CLE_TB,TB,CLE,Cade Otton,00-0038129,TE,car,0.003,0.0,0.0,0.0,0.0,0.0
2026_02_CLE_TB,TB,CLE,Cade Otton,00-0038129,TE,rush_yds,0.005,0.0,0.0,0.0,0.0,0.0
2026_02_CLE_TB,TB,CLE,Cade Otton,00-0038129,TE,tgt,4.335,1.0,2.0,4.0,6.0,8.0
2026_02_CLE_TB,TB,CLE,Cade Otton,00-0038129,TE,rec,3.079,1.0,2.0,3.0,4.0,6.0
2026_02_CLE_TB,TB,CLE,Cade Otton,00-0038129,TE,rec_yds,31.932,3.729,12.304,27.25,45.527,66.737
2026_02_CLE_TB,TB,CLE,Cade Otton,00-0038129,TE,anytime_td,0.177,0.0,0.0,0.0,0.0,1.0
2026_02_CLE_TB,TB,CLE,Emeka Egbuka,00-0040129,WR,car,0.039,0.0,0.0,0.0,0.0,0.0
2026_02_CLE_TB,TB,CLE,Emeka Egbuka,00-0040129,WR,rush_yds,0.235,0.0,0.0,0.0,0.0,0.0
2026_02_CLE_TB,TB,CLE,Emeka Egbuka,00-0040129,WR,tgt,5.141,2.0,3.0,5.0,7.0,9.0
2026_02_CLE_TB,TB,CLE,Emeka Egbuka,00-0040129,WR,rec,3.105,1.0,2.0,3.0,4.0,6.0
2026_02_CLE_TB,TB,CLE,Emeka Egbuka,00-0040129,WR,rec_yds,41.575,5.394,16.63,35.009,58.979,86.258
2026_02_CLE_TB,TB,CLE,Emeka Egbuka,00-0040129,WR,anytime_td,0.191,0.0,0.0,0.0,0.0,1.0
2026_02_CLE_TB,TB,CLE,Chris Godwin Jr.,00-0033921,WR,car,0.386,0.0,0.0,0.0,0.0,1.0
2026_02_CLE_TB,TB,CLE,Chris Godwin Jr.,00-0033921,WR,rush_yds,2.119,0.0,0.0,0.0,0.0,6.489
2026_02_CLE_TB,TB,CLE,Chris Godwin Jr.,00-0033921,WR,tgt,4.232,1.0,2.0,4.0,6.0,8.0
2026_02_CLE_TB,TB,CLE,Chris Godwin Jr.,00-0033921,WR,rec,2.858,1.0,1.0,3.0,4.0,5.0
2026_02_CLE_TB,TB,CLE,Chris Godwin Jr.,00-0033921,WR,rec_yds,35.677,1.098,13.005,29.575,50.676,75.812
2026_02_CLE_TB,TB,CLE,Chris Godwin Jr.,00-0033921,WR,anytime_td,0.235,0.0,0.0,0.0,0.0,1.0
2026_02_CLE_TB,TB,CLE,Bucky Irving,00-0039361,RB,car,16.362,8.0,12.0,16.0,20.0,25.0
2026_02_CLE_TB,TB,CLE,Bucky Irving,00-0039361,RB,rush_yds,69.232,25.989,40.233,62.203,90.102,123.545
2026_02_CLE_TB,TB,CLE,Bucky Irving,00-0039361,RB,tgt,3.507,1.0,2.0,3.0,5.0,7.0
2026_02_CLE_TB,TB,CLE,Bucky Irving,00-0039361,RB,rec,2.835,1.0,1.0,2.0,4.0,6.0
2026_02_CLE_TB,TB,CLE,Bucky Irving,00-0039361,RB,rec_yds,22.024,0.0,6.617,16.713,32.391,50.601
2026_02_CLE_TB,TB,CLE,Bucky Irving,00-0039361,RB,anytime_td,0.443,0.0,0.0,0.0,1.0,1.0
2026_02_CLE_TB,TB,CLE,Ted Hurst III,00-0041048,WR,car,0.056,0.0,0.0,0.0,0.0,0.0
2026_02_CLE_TB,TB,CLE,Ted Hurst III,00-0041048,WR,rush_yds,0.319,0.0,0.0,0.0,0.0,0.0
2026_02_CLE_TB,TB,CLE,Ted Hurst III,00-0041048,WR,tgt,2.252,0.0,1.0,2.0,3.0,5.0
2026_02_CLE_TB,TB,CLE,Ted Hurst III,00-0041048,WR,rec,1.462,0.0,0.0,1.0,2.0,3.0
2026_02_CLE_TB,TB,CLE,Ted Hurst III,00-0041048,WR,rec_yds,19.051,0.0,0.0,12.027,28.726,49.73
2026_02_CLE_TB,TB,CLE,Ted Hurst III,00-0041048,WR,anytime_td,0.119,0.0,0.0,0.0,0.0,1.0
2026_02_CLE_TB,TB,CLE,Kenny Gainwell,00-0036919,RB,car,7.993,2.0,4.0,7.0,11.0,15.0
2026_02_CLE_TB,TB,CLE,Kenny Gainwell,00-0036919,RB,rush_yds,34.821,5.537,13.739,28.428,48.3,72.542
2026_02_CLE_TB,TB,CLE,Kenny Gainwell,00-0036919,RB,tgt,3.004,1.0,1.0,3.0,4.0,6.0
2026_02_CLE_TB,TB,CLE,Kenny Gainwell,00-0036919,RB,rec,2.369,0.0,1.0,2.0,3.0,5.0
2026_02_CLE_TB,TB,CLE,Kenny Gainwell,00-0036919,RB,rec_yds,17.788,0.0,3.947,13.025,26.048,42.571
2026_02_CLE_TB,TB,CLE,Kenny Gainwell,00-0036919,RB,anytime_td,0.307,0.0,0.0,0.0,1.0,1.0
2026_02_CLE_TB,TB,CLE,Tez Johnson,00-0040237,WR,car,0.714,0.0,0.0,0.0,1.0,2.0
2026_02_CLE_TB,TB,CLE,Tez Johnson,00-0040237,WR,rush_yds,3.983,0.0,0.0,0.0,0.932,13.889
2026_02_CLE_TB,TB,CLE,Tez Johnson,00-0040237,WR,tgt,1.697,0.0,0.0,1.0,3.0,4.0
2026_02_CLE_TB,TB,CLE,Tez Johnson,00-0040237,WR,rec,1.053,0.0,0.0,1.0,2.0,3.0
2026_02_CLE_TB,TB,CLE,Tez Johnson,00-0040237,WR,rec_yds,13.619,0.0,0.0,6.414,20.814,38.804
2026_02_CLE_TB,TB,CLE,Tez Johnson,00-0040237,WR,anytime_td,0.147,0.0,0.0,0.0,0.0,1.0
2026_02_CLE_TB,TB,CLE,Jalen McMillan,00-0039855,WR,car,0.277,0.0,0.0,0.0,0.0,1.0
2026_02_CLE_TB,TB,CLE,Jalen McMillan,00-0039855,WR,rush_yds,1.556,0.0,0.0,0.0,0.0,1.018
2026_02_CLE_TB,TB,CLE,Jalen McMillan,00-0039855,WR,tgt,3.097,1.0,2.0,3.0,4.0,6.0
2026_02_CLE_TB,TB,CLE,Jalen McMillan,00-0039855,WR,rec,2.008,0.0,1.0,2.0,3.0,4.0
2026_02_CLE_TB,TB,CLE,Jalen McMillan,00-0039855,WR,rec_yds,26.83,0.0,6.015,19.818,39.748,62.685
2026_02_CLE_TB,TB,CLE,Jalen McMillan,00-0039855,WR,anytime_td,0.162,0.0,0.0,0.0,0.0,1.0
2026_02_CLE_TB,CLE,TB,Deshaun Watson,00-0033537,QB,att,28.731,19.0,24.0,29.0,34.0,39.0
2026_02_CLE_TB,CLE,TB,Deshaun Watson,00-0033537,QB,cmp,18.174,11.0,15.0,18.0,22.0,25.0
2026_02_CLE_TB,CLE,TB,Deshaun Watson,00-0033537,QB,pass_yds,189.424,105.591,144.801,187.111,232.579,281.704
2026_02_CLE_TB,CLE,TB,Deshaun Watson,00-0033537,QB,pass_td,1.082,0.0,0.0,1.0,2.0,2.0
2026_02_CLE_TB,CLE,TB,Deshaun Watson,00-0033537,QB,ints,0.692,0.0,0.0,0.0,1.0,2.0
2026_02_CLE_TB,CLE,TB,Deshaun Watson,00-0033537,QB,car,4.377,1.0,2.0,4.0,6.0,8.0
2026_02_CLE_TB,CLE,TB,Deshaun Watson,00-0033537,QB,rush_yds,21.481,0.908,7.522,17.39,31.678,46.764
2026_02_CLE_TB,CLE,TB,Deshaun Watson,00-0033537,QB,tgt,0.0,0.0,0.0,0.0,0.0,0.0
2026_02_CLE_TB,CLE,TB,Deshaun Watson,00-0033537,QB,rec,0.0,0.0,0.0,0.0,0.0,0.0
2026_02_CLE_TB,CLE,TB,Deshaun Watson,00-0033537,QB,rec_yds,0.0,0.0,0.0,0.0,0.0,0.0
2026_02_CLE_TB,CLE,TB,Deshaun Watson,00-0033537,QB,anytime_td,0.096,0.0,0.0,0.0,0.0,0.0
2026_02_CLE_TB,CLE,TB,Denzel Boston,00-0041037,WR,car,0.032,0.0,0.0,0.0,0.0,0.0
2026_02_CLE_TB,CLE,TB,Denzel Boston,00-0041037,WR,rush_yds,0.172,0.0,0.0,0.0,0.0,0.0
2026_02_CLE_TB,CLE,TB,Denzel Boston,00-0041037,WR,tgt,3.724,1.0,2.0,3.0,5.0,7.0
2026_02_CLE_TB,CLE,TB,Denzel Boston,00-0041037,WR,rec,2.29,0.0,1.0,2.0,3.0,5.0
2026_02_CLE_TB,CLE,TB,Denzel Boston,00-0041037,WR,rec_yds,30.057,0.0,8.613,23.208,44.551,68.237
2026_02_CLE_TB,CLE,TB,Denzel Boston,00-0041037,WR,anytime_td,0.263,0.0,0.0,0.0,1.0,1.0
2026_02_CLE_TB,CLE,TB,Harold Fannin Jr.,00-0040663,TE,car,0.243,0.0,0.0,0.0,0.0,1.0
2026_02_CLE_TB,CLE,TB,Harold Fannin Jr.,00-0040663,TE,rush_yds,0.566,0.0,0.0,0.0,0.0,0.455
2026_02_CLE_TB,CLE,TB,Harold Fannin Jr.,00-0040663,TE,tgt,5.786,2.0,4.0,5.0,8.0,10.0
2026_02_CLE_TB,CLE,TB,Harold Fannin Jr.,00-0040663,TE,rec,3.944,1.0,2.0,4.0,5.0,7.0
2026_02_CLE_TB,CLE,TB,Harold Fannin Jr.,00-0040663,TE,rec_yds,39.253,7.497,18.084,34.505,54.719,76.515
2026_02_CLE_TB,CLE,TB,Harold Fannin Jr.,00-0040663,TE,anytime_td,0.25,0.0,0.0,0.0,1.0,1.0
2026_02_CLE_TB,CLE,TB,Quinshon Judkins,00-0040784,RB,car,11.063,5.0,7.0,10.0,14.0,19.0
2026_02_CLE_TB,CLE,TB,Quinshon Judkins,00-0040784,RB,rush_yds,39.686,10.539,20.045,34.364,54.283,76.43
2026_02_CLE_TB,CLE,TB,Quinshon Judkins,00-0040784,RB,tgt,2.606,0.0,1.0,2.0,4.0,5.0
2026_02_CLE_TB,CLE,TB,Quinshon Judkins,00-0040784,RB,rec,1.99,0.0,1.0,2.0,3.0,4.0
2026_02_CLE_TB,CLE,TB,Quinshon Judkins,00-0040784,RB,rec_yds,14.22,0.0,1.041,9.838,20.933,34.82
2026_02_CLE_TB,CLE,TB,Quinshon Judkins,00-0040784,RB,anytime_td,0.26,0.0,0.0,0.0,1.0,1.0
2026_02_CLE_TB,CLE,TB,KC Concepcion,00-0041547,WR,car,1.665,0.0,0.0,1.0,2.0,5.0
2026_02_CLE_TB,CLE,TB,KC Concepcion,00-0041547,WR,rush_yds,8.668,0.0,0.0,1.036,12.72,27.16
2026_02_CLE_TB,CLE,TB,KC Concepcion,00-0041547,WR,tgt,4.562,1.0,3.0,4.0,6.0,8.0
2026_02_CLE_TB,CLE,TB,KC Concepcion,00-0041547,WR,rec,2.923,1.0,1.0,3.0,4.0,6.0
2026_02_CLE_TB,CLE,TB,KC Concepcion,00-0041547,WR,rec_yds,34.575,2.708,12.363,27.891,50.397,74.309
2026_02_CLE_TB,CLE,TB,KC Concepcion,00-0041547,WR,anytime_td,0.159,0.0,0.0,0.0,0.0,1.0
2026_02_CLE_TB,CLE,TB,Jerry Jeudy,00-0036407,WR,car,0.093,0.0,0.0,0.0,0.0,0.0
2026_02_CLE_TB,CLE,TB,Jerry Jeudy,00-0036407,WR,rush_yds,0.525,0.0,0.0,0.0,0.0,0.0
2026_02_CLE_TB,CLE,TB,Jerry Jeudy,00-0036407,WR,tgt,5.375,2.0,3.0,5.0,7.0,9.0
2026_02_CLE_TB,CLE,TB,Jerry Jeudy,00-0036407,WR,rec,3.122,1.0,2.0,3.0,4.0,6.0
2026_02_CLE_TB,CLE,TB,Jerry Jeudy,00-0036407,WR,rec_yds,37.055,4.475,14.726,31.497,51.642,77.066
2026_02_CLE_TB,CLE,TB,Jerry Jeudy,00-0036407,WR,anytime_td,0.156,0.0,0.0,0.0,0.0,1.0
2026_02_CLE_TB,CLE,TB,Blake Whiteheart,00-0038710,TE,car,0.001,0.0,0.0,0.0,0.0,0.0
2026_02_CLE_TB,CLE,TB,Blake Whiteheart,00-0038710,TE,rush_yds,0.002,0.0,0.0,0.0,0.0,0.0
2026_02_CLE_TB,CLE,TB,Blake Whiteheart,00-0038710,TE,tgt,0.768,0.0,0.0,0.0,1.0,2.0
2026_02_CLE_TB,CLE,TB,Blake Whiteheart,00-0038710,TE,rec,0.534,0.0,0.0,0.0,1.0,2.0
2026_02_CLE_TB,CLE,TB,Blake Whiteheart,00-0038710,TE,rec_yds,5.297,0.0,0.0,0.0,7.372,18.461
2026_02_CLE_TB,CLE,TB,Blake Whiteheart,00-0038710,TE,anytime_td,0.015,0.0,0.0,0.0,0.0,0.0
2026_02_CLE_TB,CLE,TB,Tylan Wallace,00-0036630,WR,car,0.017,0.0,0.0,0.0,0.0,0.0
2026_02_CLE_TB,CLE,TB,Tylan Wallace,00-0036630,WR,rush_yds,0.105,0.0,0.0,0.0,0.0,0.0
2026_02_CLE_TB,CLE,TB,Tylan Wallace,00-0036630,WR,tgt,0.616,0.0,0.0,0.0,1.0,2.0
2026_02_CLE_TB,CLE,TB,Tylan Wallace,00-0036630,WR,rec,0.378,0.0,0.0,0.0,1.0,1.0
2026_02_CLE_TB,CLE,TB,Tylan Wallace,00-0036630,WR,rec_yds,4.482,0.0,0.0,0.0,3.842,16.287
2026_02_CLE_TB,CLE,TB,Tylan Wallace,00-0036630,WR,anytime_td,0.017,0.0,0.0,0.0,0.0,0.0
2026_02_CLE_TB,CLE,TB,Raheim Sanders,00-0040466,RB,car,3.211,0.0,1.0,2.0,5.0,7.0
2026_02_CLE_TB,CLE,TB,Raheim Sanders,00-0040466,RB,rush_yds,12.45,0.0,0.895,7.305,17.562,32.784
2026_02_CLE_TB,CLE,TB,Raheim Sanders,00-0040466,RB,tgt,2.036,0.0,1.0,2.0,3.0,4.0
2026_02_CLE_TB,CLE,TB,Raheim Sanders,00-0040466,RB,rec,1.602,0.0,0.0,1.0,2.0,4.0
2026_02_CLE_TB,CLE,TB,Raheim Sanders,00-0040466,RB,rec_yds,11.692,0.0,0.0,7.188,17.667,30.906
2026_02_CLE_TB,CLE,TB,Raheim Sanders,00-0040466,RB,anytime_td,0.156,0.0,0.0,0.0,0.0,1.0
2026_02_CLE_TB,CLE,TB,Michael Burton,00-0031595,RB,car,0.614,0.0,0.0,0.0,1.0,2.0
2026_02_CLE_TB,CLE,TB,Michael Burton,00-0031595,RB,rush_yds,2.467,0.0,0.0,0.0,0.0,7.852
2026_02_CLE_TB,CLE,TB,Michael Burton,00-0031595,RB,tgt,0.422,0.0,0.0,0.0,1.0,1.0
2026_02_CLE_TB,CLE,TB,Michael Burton,00-0031595,RB,rec,0.325,0.0,0.0,0.0,0.0,1.0
2026_02_CLE_TB,CLE,TB,Michael Burton,00-0031595,RB,rec_yds,2.231,0.0,0.0,0.0,0.0,8.512
2026_02_CLE_TB,CLE,TB,Michael Burton,00-0031595,RB,anytime_td,0.043,0.0,0.0,0.0,0.0,0.0
2026_02_CLE_TB,CLE,TB,Jaleel McLaughlin,00-0038794,RB,car,3.657,0.0,1.0,3.0,5.0,8.0
2026_02_CLE_TB,CLE,TB,Jaleel McLaughlin,00-0038794,RB,rush_yds,14.956,0.0,2.362,9.441,21.525,37.84
2026_02_CLE_TB,CLE,TB,Jaleel McLaughlin,00-0038794,RB,tgt,0.908,0.0,0.0,1.0,1.0,2.0
2026_02_CLE_TB,CLE,TB,Jaleel McLaughlin,00-0038794,RB,rec,0.688,0.0,0.0,0.0,1.0,2.0
2026_02_CLE_TB,CLE,TB,Jaleel McLaughlin,00-0038794,RB,rec_yds,4.715,0.0,0.0,0.0,6.225,15.609
2026_02_CLE_TB,CLE,TB,Jaleel McLaughlin,00-0038794,RB,anytime_td,0.103,0.0,0.0,0.0,0.0,1.0
2026_02_CLE_TB,CLE,TB,Isaiah Bond,00-0040782,WR,car,0.205,0.0,0.0,0.0,0.0,1.0
2026_02_CLE_TB,CLE,TB,Isaiah Bond,00-0040782,WR,rush_yds,1.079,0.0,0.0,0.0,0.0,0.0
2026_02_CLE_TB,CLE,TB,Isaiah Bond,00-0040782,WR,tgt,1.752,0.0,0.0,1.0,3.0,4.0
2026_02_CLE_TB,CLE,TB,Isaiah Bond,00-0040782,WR,rec,1.05,0.0,0.0,1.0,2.0,3.0
2026_02_CLE_TB,CLE,TB,Isaiah Bond,00-0040782,WR,rec_yds,13.159,0.0,0.0,6.001,19.835,36.836
2026_02_CLE_TB,CLE,TB,Isaiah Bond,00-0040782,WR,anytime_td,0.041,0.0,0.0,0.0,0.0,0.0
2026_02_CLE_TB,CLE,TB,Carsen Ryan,00-0041131,TE,car,0.005,0.0,0.0,0.0,0.0,0.0
2026_02_CLE_TB,CLE,TB,Carsen Ryan,00-0041131,TE,rush_yds,0.01,0.0,0.0,0.0,0.0,0.0
2026_02_CLE_TB,CLE,TB,Carsen Ryan,00-0041131,TE,tgt,0.79,0.0,0.0,0.0,1.0,2.0
2026_02_CLE_TB,CLE,TB,Carsen Ryan,00-0041131,TE,rec,0.553,0.0,0.0,0.0,1.0,2.0
2026_02_CLE_TB,CLE,TB,Carsen Ryan,00-0041131,TE,rec_yds,5.437,0.0,0.0,0.0,7.351,18.719
2026_02_CLE_TB,CLE,TB,Carsen Ryan,00-0041131,TE,anytime_td,0.027,0.0,0.0,0.0,0.0,0.0
2026_02_GB_NYJ,NYJ,GB,Geno Smith,00-0030565,QB,att,28.014,18.0,23.0,29.0,33.0,38.0
2026_02_GB_NYJ,NYJ,GB,Geno Smith,00-0030565,QB,cmp,17.898,11.0,14.0,18.0,22.0,25.0
2026_02_GB_NYJ,NYJ,GB,Geno Smith,00-0030565,QB,pass_yds,203.697,113.442,156.101,201.415,252.473,298.668
2026_02_GB_NYJ,NYJ,GB,Geno Smith,00-0030565,QB,pass_td,1.286,0.0,0.0,1.0,2.0,3.0
2026_02_GB_NYJ,NYJ,GB,Geno Smith,00-0030565,QB,ints,0.668,0.0,0.0,0.0,1.0,2.0
2026_02_GB_NYJ,NYJ,GB,Geno Smith,00-0030565,QB,car,3.182,1.0,1.0,3.0,4.0,6.0
2026_02_GB_NYJ,NYJ,GB,Geno Smith,00-0030565,QB,rush_yds,14.042,0.0,2.051,10.456,21.079,33.535
2026_02_GB_NYJ,NYJ,GB,Geno Smith,00-0030565,QB,tgt,0.001,0.0,0.0,0.0,0.0,0.0
2026_02_GB_NYJ,NYJ,GB,Geno Smith,00-0030565,QB,rec,0.001,0.0,0.0,0.0,0.0,0.0
2026_02_GB_NYJ,NYJ,GB,Geno Smith,00-0030565,QB,rec_yds,0.01,0.0,0.0,0.0,0.0,0.0
2026_02_GB_NYJ,NYJ,GB,Geno Smith,00-0030565,QB,anytime_td,0.05,0.0,0.0,0.0,0.0,0.0
2026_02_GB_NYJ,NYJ,GB,Garrett Wilson,00-0037740,WR,car,0.034,0.0,0.0,0.0,0.0,0.0
2026_02_GB_NYJ,NYJ,GB,Garrett Wilson,00-0037740,WR,rush_yds,0.2,0.0,0.0,0.0,0.0,0.0
2026_02_GB_NYJ,NYJ,GB,Garrett Wilson,00-0037740,WR,tgt,7.243,3.0,5.0,7.0,9.0,12.0
2026_02_GB_NYJ,NYJ,GB,Garrett Wilson,00-0037740,WR,rec,4.617,2.0,3.0,4.0,6.0,8.0
2026_02_GB_NYJ,NYJ,GB,Garrett Wilson,00-0037740,WR,rec_yds,60.13,15.147,30.245,53.759,81.931,113.958
2026_02_GB_NYJ,NYJ,GB,Garrett Wilson,00-0037740,WR,anytime_td,0.305,0.0,0.0,0.0,1.0,1.0
2026_02_GB_NYJ,NYJ,GB,Isaiah Williams,00-0039451,WR,car,0.169,0.0,0.0,0.0,0.0,0.0
2026_02_GB_NYJ,NYJ,GB,Isaiah Williams,00-0039451,WR,rush_yds,0.887,0.0,0.0,0.0,0.0,0.0
2026_02_GB_NYJ,NYJ,GB,Isaiah Williams,00-0039451,WR,tgt,2.789,0.0,1.0,2.0,4.0,6.0
2026_02_GB_NYJ,NYJ,GB,Isaiah Williams,00-0039451,WR,rec,1.823,0.0,1.0,2.0,3.0,4.0
2026_02_GB_NYJ,NYJ,GB,Isaiah Williams,00-0039451,WR,rec_yds,22.224,0.0,3.884,15.602,33.348,54.435
2026_02_GB_NYJ,NYJ,GB,Isaiah Williams,00-0039451,WR,anytime_td,0.092,0.0,0.0,0.0,0.0,0.0
2026_02_GB_NYJ,NYJ,GB,Adonai Mitchell,00-0039890,WR,car,0.086,0.0,0.0,0.0,0.0,0.0
2026_02_GB_NYJ,NYJ,GB,Adonai Mitchell,00-0039890,WR,rush_yds,0.524,0.0,0.0,0.0,0.0,0.0
2026_02_GB_NYJ,NYJ,GB,Adonai Mitchell,00-0039890,WR,tgt,4.405,1.0,2.0,4.0,6.0,8.0
2026_02_GB_NYJ,NYJ,GB,Adonai Mitchell,00-0039890,WR,rec,2.616,0.0,1.0,2.0,4.0,5.0
2026_02_GB_NYJ,NYJ,GB,Adonai Mitchell,00-0039890,WR,rec_yds,36.334,0.0,11.875,29.068,52.567,79.75
2026_02_GB_NYJ,NYJ,GB,Adonai Mitchell,00-0039890,WR,anytime_td,0.208,0.0,0.0,0.0,0.0,1.0
2026_02_GB_NYJ,NYJ,GB,Breece Hall,00-0038120,RB,car,16.982,9.0,12.0,16.0,21.0,26.0
2026_02_GB_NYJ,NYJ,GB,Breece Hall,00-0038120,RB,rush_yds,73.275,27.966,43.139,66.21,94.999,127.435
2026_02_GB_NYJ,NYJ,GB,Breece Hall,00-0038120,RB,tgt,2.213,0.0,1.0,2.0,3.0,5.0
2026_02_GB_NYJ,NYJ,GB,Breece Hall,00-0038120,RB,rec,1.721,0.0,1.0,1.0,3.0,4.0
2026_02_GB_NYJ,NYJ,GB,Breece Hall,00-0038120,RB,rec_yds,14.002,0.0,0.0,8.876,20.452,36.829
2026_02_GB_NYJ,NYJ,GB,Breece Hall,00-0038120,RB,anytime_td,0.486,0.0,0.0,0.0,1.0,1.0
2026_02_GB_NYJ,NYJ,GB,Mason Taylor,00-0040736,TE,car,0.001,0.0,0.0,0.0,0.0,0.0
2026_02_GB_NYJ,NYJ,GB,Mason Taylor,00-0040736,TE,rush_yds,0.003,0.0,0.0,0.0,0.0,0.0
2026_02_GB_NYJ,NYJ,GB,Mason Taylor,00-0040736,TE,tgt,4.338,1.0,2.0,4.0,6.0,8.0
2026_02_GB_NYJ,NYJ,GB,Mason Taylor,00-0040736,TE,rec,2.971,1.0,1.0,3.0,4.0,6.0
2026_02_GB_NYJ,NYJ,GB,Mason Taylor,00-0040736,TE,rec_yds,29.431,1.91,11.202,24.428,42.443,62.271
2026_02_GB_NYJ,NYJ,GB,Mason Taylor,00-0040736,TE,anytime_td,0.165,0.0,0.0,0.0,0.0,1.0
2026_02_GB_NYJ,NYJ,GB,Kenyon Sadiq,00-0041032,TE,car,0.625,0.0,0.0,0.0,1.0,2.0
2026_02_GB_NYJ,NYJ,GB,Kenyon Sadiq,00-0041032,TE,rush_yds,1.499,0.0,0.0,0.0,0.0,5.363
2026_02_GB_NYJ,NYJ,GB,Kenyon Sadiq,00-0041032,TE,tgt,2.458,0.0,1.0,2.0,3.0,5.0
2026_02_GB_NYJ,NYJ,GB,Kenyon Sadiq,00-0041032,TE,rec,1.776,0.0,1.0,1.0,3.0,4.0
2026_02_GB_NYJ,NYJ,GB,Kenyon Sadiq,00-0041032,TE,rec_yds,18.925,0.0,2.064,13.491,28.538,46.284
2026_02_GB_NYJ,NYJ,GB,Kenyon Sadiq,00-0041032,TE,anytime_td,0.197,0.0,0.0,0.0,0.0,1.0
2026_02_GB_NYJ,NYJ,GB,Jeremy Ruckert,00-0037805,TE,car,0.002,0.0,0.0,0.0,0.0,0.0
2026_02_GB_NYJ,NYJ,GB,Jeremy Ruckert,00-0037805,TE,rush_yds,0.005,0.0,0.0,0.0,0.0,0.0
2026_02_GB_NYJ,NYJ,GB,Jeremy Ruckert,00-0037805,TE,tgt,1.621,0.0,0.0,1.0,2.0,4.0
2026_02_GB_NYJ,NYJ,GB,Jeremy Ruckert,00-0037805,TE,rec,1.14,0.0,0.0,1.0,2.0,3.0
2026_02_GB_NYJ,NYJ,GB,Jeremy Ruckert,00-0037805,TE,rec_yds,11.717,0.0,0.0,6.703,18.171,32.724
2026_02_GB_NYJ,NYJ,GB,Jeremy Ruckert,00-0037805,TE,anytime_td,0.061,0.0,0.0,0.0,0.0,0.0
2026_02_GB_NYJ,NYJ,GB,Braelon Allen,00-0039794,RB,car,6.678,1.0,3.0,6.0,9.0,13.0
2026_02_GB_NYJ,NYJ,GB,Braelon Allen,00-0039794,RB,rush_yds,28.269,2.629,9.412,21.52,40.052,62.237
2026_02_GB_NYJ,NYJ,GB,Braelon Allen,00-0039794,RB,tgt,0.957,0.0,0.0,1.0,1.0,3.0
2026_02_GB_NYJ,NYJ,GB,Braelon Allen,00-0039794,RB,rec,0.721,0.0,0.0,0.0,1.0,2.0
2026_02_GB_NYJ,NYJ,GB,Braelon Allen,00-0039794,RB,rec_yds,5.608,0.0,0.0,0.0,7.745,18.434
2026_02_GB_NYJ,NYJ,GB,Braelon Allen,00-0039794,RB,anytime_td,0.214,0.0,0.0,0.0,0.0,1.0
2026_02_GB_NYJ,NYJ,GB,Jelani Woods,00-0037755,TE,car,0.003,0.0,0.0,0.0,0.0,0.0
2026_02_GB_NYJ,NYJ,GB,Jelani Woods,00-0037755,TE,rush_yds,0.005,0.0,0.0,0.0,0.0,0.0
2026_02_GB_NYJ,NYJ,GB,Jelani Woods,00-0037755,TE,tgt,0.864,0.0,0.0,0.0,1.0,2.0
2026_02_GB_NYJ,NYJ,GB,Jelani Woods,00-0037755,TE,rec,0.598,0.0,0.0,0.0,1.0,2.0
2026_02_GB_NYJ,NYJ,GB,Jelani Woods,00-0037755,TE,rec_yds,6.533,0.0,0.0,0.0,9.095,21.911
2026_02_GB_NYJ,NYJ,GB,Jelani Woods,00-0037755,TE,anytime_td,0.04,0.0,0.0,0.0,0.0,0.0
2026_02_GB_NYJ,NYJ,GB,Andrew Beck,00-0034959,RB,car,0.524,0.0,0.0,0.0,0.0,2.0
2026_02_GB_NYJ,NYJ,GB,Andrew Beck,00-0034959,RB,rush_yds,2.245,0.0,0.0,0.0,0.0,6.573
2026_02_GB_NYJ,NYJ,GB,Andrew Beck,00-0034959,RB,tgt,0.505,0.0,0.0,0.0,1.0,2.0
2026_02_GB_NYJ,NYJ,GB,Andrew Beck,00-0034959,RB,rec,0.383,0.0,0.0,0.0,1.0,1.0
2026_02_GB_NYJ,NYJ,GB,Andrew Beck,00-0034959,RB,rec_yds,2.99,0.0,0.0,0.0,0.0,11.236
2026_02_GB_NYJ,NYJ,GB,Andrew Beck,00-0034959,RB,anytime_td,0.076,0.0,0.0,0.0,0.0,0.0
2026_02_GB_NYJ,NYJ,GB,Arian Smith,00-0040582,WR,car,0.203,0.0,0.0,0.0,0.0,0.0
2026_02_GB_NYJ,NYJ,GB,Arian Smith,00-0040582,WR,rush_yds,1.202,0.0,0.0,0.0,0.0,0.0
2026_02_GB_NYJ,NYJ,GB,Arian Smith,00-0040582,WR,tgt,1.121,0.0,0.0,1.0,2.0,3.0
2026_02_GB_NYJ,NYJ,GB,Arian Smith,00-0040582,WR,rec,0.659,0.0,0.0,0.0,1.0,2.0
2026_02_GB_NYJ,NYJ,GB,Arian Smith,00-0040582,WR,rec_yds,8.671,0.0,0.0,0.0,12.092,28.076
2026_02_GB_NYJ,NYJ,GB,Arian Smith,00-0040582,WR,anytime_td,0.036,0.0,0.0,0.0,0.0,0.0
2026_02_GB_NYJ,GB,NYJ,Jordan Love,00-0036264,QB,att,30.295,20.0,26.0,31.0,36.0,41.0
2026_02_GB_NYJ,GB,NYJ,Jordan Love,00-0036264,QB,cmp,19.43,12.0,16.0,20.0,23.0,27.0
2026_02_GB_NYJ,GB,NYJ,Jordan Love,00-0036264,QB,pass_yds,225.725,127.019,175.224,225.343,277.538,331.102
2026_02_GB_NYJ,GB,NYJ,Jordan Love,00-0036264,QB,pass_td,1.569,0.0,1.0,1.0,2.0,3.0
2026_02_GB_NYJ,GB,NYJ,Jordan Love,00-0036264,QB,ints,0.585,0.0,0.0,0.0,1.0,2.0
2026_02_GB_NYJ,GB,NYJ,Jordan Love,00-0036264,QB,car,2.995,0.0,1.0,2.0,4.0,6.0
2026_02_GB_NYJ,GB,NYJ,Jordan Love,00-0036264,QB,rush_yds,12.043,-1.0,0.0,7.713,19.07,31.122
2026_02_GB_NYJ,GB,NYJ,Jordan Love,00-0036264,QB,tgt,0.0,0.0,0.0,0.0,0.0,0.0
2026_02_GB_NYJ,GB,NYJ,Jordan Love,00-0036264,QB,rec,0.0,0.0,0.0,0.0,0.0,0.0
2026_02_GB_NYJ,GB,NYJ,Jordan Love,00-0036264,QB,rec_yds,0.001,0.0,0.0,0.0,0.0,0.0
2026_02_GB_NYJ,GB,NYJ,Jordan Love,00-0036264,QB,anytime_td,0.039,0.0,0.0,0.0,0.0,0.0
2026_02_GB_NYJ,GB,NYJ,Tucker Kraft,00-0038996,TE,car,0.112,0.0,0.0,0.0,0.0,0.0
2026_02_GB_NYJ,GB,NYJ,Tucker Kraft,00-0038996,TE,rush_yds,0.249,0.0,0.0,0.0,0.0,0.0
2026_02_GB_NYJ,GB,NYJ,Tucker Kraft,00-0038996,TE,tgt,5.388,2.0,3.0,5.0,7.0,9.0
2026_02_GB_NYJ,GB,NYJ,Tucker Kraft,00-0038996,TE,rec,3.827,1.0,2.0,4.0,5.0,7.0
2026_02_GB_NYJ,GB,NYJ,Tucker Kraft,00-0038996,TE,rec_yds,43.319,8.15,20.07,37.696,60.659,85.58
2026_02_GB_NYJ,GB,NYJ,Tucker Kraft,00-0038996,TE,anytime_td,0.298,0.0,0.0,0.0,1.0,1.0
2026_02_GB_NYJ,GB,NYJ,Christian Watson,00-0038124,WR,car,0.118,0.0,0.0,0.0,0.0,0.0
2026_02_GB_NYJ,GB,NYJ,Christian Watson,00-0038124,WR,rush_yds,0.651,0.0,0.0,0.0,0.0,0.0
2026_02_GB_NYJ,GB,NYJ,Christian Watson,00-0038124,WR,tgt,6.13,3.0,4.0,6.0,8.0,10.0
2026_02_GB_NYJ,GB,NYJ,Christian Watson,00-0038124,WR,rec,4.001,1.0,2.0,4.0,5.0,7.0
2026_02_GB_NYJ,GB,NYJ,Christian Watson,00-0038124,WR,rec_yds,56.351,11.133,25.863,48.936,79.012,111.255
2026_02_GB_NYJ,GB,NYJ,Christian Watson,00-0038124,WR,anytime_td,0.456,0.0,0.0,0.0,1.0,1.0
2026_02_GB_NYJ,GB,NYJ,Matthew Golden,00-0040667,WR,car,0.47,0.0,0.0,0.0,0.0,2.0
2026_02_GB_NYJ,GB,NYJ,Matthew Golden,00-0040667,WR,rush_yds,2.763,0.0,0.0,0.0,0.0,8.583
2026_02_GB_NYJ,GB,NYJ,Matthew Golden,00-0040667,WR,tgt,5.812,2.0,4.0,5.0,8.0,10.0
2026_02_GB_NYJ,GB,NYJ,Matthew Golden,00-0040667,WR,rec,3.589,1.0,2.0,3.0,5.0,6.0
2026_02_GB_NYJ,GB,NYJ,Matthew Golden,00-0040667,WR,rec_yds,45.073,7.468,19.439,38.359,62.943,91.086
2026_02_GB_NYJ,GB,NYJ,Matthew Golden,00-0040667,WR,anytime_td,0.173,0.0,0.0,0.0,0.0,1.0
2026_02_GB_NYJ,GB,NYJ,Chris Brooks,00-0038685,RB,car,5.343,1.0,2.0,5.0,8.0,11.0
2026_02_GB_NYJ,GB,NYJ,Chris Brooks,00-0038685,RB,rush_yds,24.189,0.0,6.7,17.785,34.616,56.138
2026_02_GB_NYJ,GB,NYJ,Chris Brooks,00-0038685,RB,tgt,1.075,0.0,0.0,1.0,2.0,3.0
2026_02_GB_NYJ,GB,NYJ,Chris Brooks,00-0038685,RB,rec,0.839,0.0,0.0,0.0,1.0,2.0
2026_02_GB_NYJ,GB,NYJ,Chris Brooks,00-0038685,RB,rec_yds,5.702,0.0,0.0,0.0,8.032,18.134
2026_02_GB_NYJ,GB,NYJ,Chris Brooks,00-0038685,RB,anytime_td,0.113,0.0,0.0,0.0,0.0,1.0
2026_02_GB_NYJ,GB,NYJ,Skyy Moore,00-0038090,WR,car,0.221,0.0,0.0,0.0,0.0,1.0
2026_02_GB_NYJ,GB,NYJ,Skyy Moore,00-0038090,WR,rush_yds,1.287,0.0,0.0,0.0,0.0,0.0
2026_02_GB_NYJ,GB,NYJ,Skyy Moore,00-0038090,WR,tgt,0.853,0.0,0.0,0.0,1.0,2.0
2026_02_GB_NYJ,GB,NYJ,Skyy Moore,00-0038090,WR,rec,0.54,0.0,0.0,0.0,1.0,2.0
2026_02_GB_NYJ,GB,NYJ,Skyy Moore,00-0038090,WR,rec_yds,6.54,0.0,0.0,0.0,8.377,21.886
2026_02_GB_NYJ,GB,NYJ,Skyy Moore,00-0038090,WR,anytime_td,0.02,0.0,0.0,0.0,0.0,0.0
2026_02_GB_NYJ,GB,NYJ,Kaleb Johnson,00-0040142,RB,car,4.354,0.0,1.0,3.0,6.0,10.0
2026_02_GB_NYJ,GB,NYJ,Kaleb Johnson,00-0040142,RB,rush_yds,19.098,0.0,3.617,12.62,27.061,47.849
2026_02_GB_NYJ,GB,NYJ,Kaleb Johnson,00-0040142,RB,tgt,0.362,0.0,0.0,0.0,0.0,1.0
2026_02_GB_NYJ,GB,NYJ,Kaleb Johnson,00-0040142,RB,rec,0.284,0.0,0.0,0.0,0.0,1.0
2026_02_GB_NYJ,GB,NYJ,Kaleb Johnson,00-0040142,RB,rec_yds,1.97,0.0,0.0,0.0,0.0,6.917
2026_02_GB_NYJ,GB,NYJ,Kaleb Johnson,00-0040142,RB,anytime_td,0.07,0.0,0.0,0.0,0.0,0.0
2026_02_GB_NYJ,GB,NYJ,MarShawn Lloyd,00-0039811,RB,car,11.335,5.0,7.0,11.0,15.0,19.0
2026_02_GB_NYJ,GB,NYJ,MarShawn Lloyd,00-0039811,RB,rush_yds,47.266,12.144,24.193,40.55,62.79,90.381
2026_02_GB_NYJ,GB,NYJ,MarShawn Lloyd,00-0039811,RB,tgt,0.992,0.0,0.0,1.0,2.0,3.0
2026_02_GB_NYJ,GB,NYJ,MarShawn Lloyd,00-0039811,RB,rec,0.785,0.0,0.0,0.0,1.0,2.0
2026_02_GB_NYJ,GB,NYJ,MarShawn Lloyd,00-0039811,RB,rec_yds,5.317,0.0,0.0,0.0,7.604,17.126
2026_02_GB_NYJ,GB,NYJ,MarShawn Lloyd,00-0039811,RB,anytime_td,0.255,0.0,0.0,0.0,1.0,1.0
2026_02_GB_NYJ,GB,NYJ,Jonnu Smith,00-0033858,TE,car,0.591,0.0,0.0,0.0,1.0,2.0
2026_02_GB_NYJ,GB,NYJ,Jonnu Smith,00-0033858,TE,rush_yds,1.529,0.0,0.0,0.0,0.0,5.404
2026_02_GB_NYJ,GB,NYJ,Jonnu Smith,00-0033858,TE,tgt,2.619,0.0,1.0,2.0,4.0,5.0
2026_02_GB_NYJ,GB,NYJ,Jonnu Smith,00-0033858,TE,rec,1.902,0.0,1.0,2.0,3.0,4.0
2026_02_GB_NYJ,GB,NYJ,Jonnu Smith,00-0033858,TE,rec_yds,19.042,0.0,3.482,13.293,28.763,45.963
2026_02_GB_NYJ,GB,NYJ,Jonnu Smith,00-0033858,TE,anytime_td,0.109,0.0,0.0,0.0,0.0,1.0
2026_02_GB_NYJ,GB,NYJ,J. Michael Sturdivant,00-0040948,WR,car,0.12,0.0,0.0,0.0,0.0,0.0
2026_02_GB_NYJ,GB,NYJ,J. Michael Sturdivant,00-0040948,WR,rush_yds,0.661,0.0,0.0,0.0,0.0,0.0
2026_02_GB_NYJ,GB,NYJ,J. Michael Sturdivant,00-0040948,WR,tgt,1.535,0.0,0.0,1.0,2.0,4.0
2026_02_GB_NYJ,GB,NYJ,J. Michael Sturdivant,00-0040948,WR,rec,0.993,0.0,0.0,1.0,2.0,3.0
2026_02_GB_NYJ,GB,NYJ,J. Michael Sturdivant,00-0040948,WR,rec_yds,11.676,0.0,0.0,5.209,17.818,33.348
2026_02_GB_NYJ,GB,NYJ,J. Michael Sturdivant,00-0040948,WR,anytime_td,0.076,0.0,0.0,0.0,0.0,0.0
2026_02_GB_NYJ,GB,NYJ,Bo Melton,00-0037091,WR,car,0.325,0.0,0.0,0.0,0.0,1.0
2026_02_GB_NYJ,GB,NYJ,Bo Melton,00-0037091,WR,rush_yds,1.695,0.0,0.0,0.0,0.0,3.591
2026_02_GB_NYJ,GB,NYJ,Bo Melton,00-0037091,WR,tgt,1.405,0.0,0.0,1.0,2.0,3.0
2026_02_GB_NYJ,GB,NYJ,Bo Melton,00-0037091,WR,rec,0.88,0.0,0.0,1.0,1.0,2.0
2026_02_GB_NYJ,GB,NYJ,Bo Melton,00-0037091,WR,rec_yds,11.098,0.0,0.0,2.861,16.312,32.875
2026_02_GB_NYJ,GB,NYJ,Bo Melton,00-0037091,WR,anytime_td,0.062,0.0,0.0,0.0,0.0,0.0
2026_02_GB_NYJ,GB,NYJ,Jayden Reed,00-0039146,WR,car,0.551,0.0,0.0,0.0,0.0,2.0
2026_02_GB_NYJ,GB,NYJ,Jayden Reed,00-0039146,WR,rush_yds,3.075,0.0,0.0,0.0,0.0,10.077
2026_02_GB_NYJ,GB,NYJ,Jayden Reed,00-0039146,WR,tgt,4.888,2.0,3.0,4.0,7.0,9.0
2026_02_GB_NYJ,GB,NYJ,Jayden Reed,00-0039146,WR,rec,3.142,1.0,2.0,3.0,4.0,6.0
2026_02_GB_NYJ,GB,NYJ,Jayden Reed,00-0039146,WR,rec_yds,35.263,4.564,14.307,29.162,49.81,73.183
2026_02_GB_NYJ,GB,NYJ,Jayden Reed,00-0039146,WR,anytime_td,0.201,0.0,0.0,0.0,0.0,1.0
2026_02_IND_KC,KC,IND,Patrick Mahomes,00-0033873,QB,att,29.426,19.0,25.0,30.0,35.0,40.0
2026_02_IND_KC,KC,IND,Patrick Mahomes,00-0033873,QB,cmp,18.901,12.0,15.0,19.0,23.0,26.0
2026_02_IND_KC,KC,IND,Patrick Mahomes,00-0033873,QB,pass_yds,224.738,125.74,173.653,223.896,277.4,327.283
2026_02_IND_KC,KC,IND,Patrick Mahomes,00-0033873,QB,pass_td,1.586,0.0,1.0,2.0,2.0,3.0
2026_02_IND_KC,KC,IND,Patrick Mahomes,00-0033873,QB,ints,0.614,0.0,0.0,0.0,1.0,2.0
2026_02_IND_KC,KC,IND,Patrick Mahomes,00-0033873,QB,car,3.882,1.0,2.0,4.0,5.0,7.0
2026_02_IND_KC,KC,IND,Patrick Mahomes,00-0033873,QB,rush_yds,20.152,0.0,7.004,16.782,29.897,44.519
2026_02_IND_KC,KC,IND,Patrick Mahomes,00-0033873,QB,tgt,0.0,0.0,0.0,0.0,0.0,0.0
2026_02_IND_KC,KC,IND,Patrick Mahomes,00-0033873,QB,rec,0.0,0.0,0.0,0.0,0.0,0.0
2026_02_IND_KC,KC,IND,Patrick Mahomes,00-0033873,QB,rec_yds,0.001,0.0,0.0,0.0,0.0,0.0
2026_02_IND_KC,KC,IND,Patrick Mahomes,00-0033873,QB,anytime_td,0.266,0.0,0.0,0.0,1.0,1.0
2026_02_IND_KC,KC,IND,Xavier Worthy,00-0039894,WR,car,0.57,0.0,0.0,0.0,0.0,2.0
2026_02_IND_KC,KC,IND,Xavier Worthy,00-0039894,WR,rush_yds,2.987,0.0,0.0,0.0,0.0,10.111
2026_02_IND_KC,KC,IND,Xavier Worthy,00-0039894,WR,tgt,5.161,2.0,3.0,5.0,7.0,9.0
2026_02_IND_KC,KC,IND,Xavier Worthy,00-0039894,WR,rec,3.117,1.0,2.0,3.0,4.0,6.0
2026_02_IND_KC,KC,IND,Xavier Worthy,00-0039894,WR,rec_yds,42.332,4.746,16.914,34.629,60.789,89.535
2026_02_IND_KC,KC,IND,Xavier Worthy,00-0039894,WR,anytime_td,0.148,0.0,0.0,0.0,0.0,1.0
2026_02_IND_KC,KC,IND,Travis Kelce,00-0030506,TE,car,0.048,0.0,0.0,0.0,0.0,0.0
2026_02_IND_KC,KC,IND,Travis Kelce,00-0030506,TE,rush_yds,0.108,0.0,0.0,0.0,0.0,0.0
2026_02_IND_KC,KC,IND,Travis Kelce,00-0030506,TE,tgt,5.837,2.0,4.0,6.0,8.0,10.0
2026_02_IND_KC,KC,IND,Travis Kelce,00-0030506,TE,rec,3.999,1.0,2.0,4.0,5.0,7.0
2026_02_IND_KC,KC,IND,Travis Kelce,00-0030506,TE,rec_yds,48.745,9.778,23.483,42.542,68.072,95.331
2026_02_IND_KC,KC,IND,Travis Kelce,00-0030506,TE,anytime_td,0.213,0.0,0.0,0.0,0.0,1.0
2026_02_IND_KC,KC,IND,Kenneth Walker III,00-0038134,RB,car,16.78,9.0,12.0,16.0,21.0,25.0
2026_02_IND_KC,KC,IND,Kenneth Walker III,00-0038134,RB,rush_yds,77.351,29.012,45.39,70.11,100.846,136.275
2026_02_IND_KC,KC,IND,Kenneth Walker III,00-0038134,RB,tgt,3.926,1.0,2.0,4.0,5.0,7.0
2026_02_IND_KC,KC,IND,Kenneth Walker III,00-0038134,RB,rec,2.944,1.0,1.0,3.0,4.0,6.0
2026_02_IND_KC,KC,IND,Kenneth Walker III,00-0038134,RB,rec_yds,24.286,0.0,7.126,18.905,35.484,54.516
2026_02_IND_KC,KC,IND,Kenneth Walker III,00-0038134,RB,anytime_td,0.54,0.0,0.0,1.0,1.0,1.0
2026_02_IND_KC,KC,IND,Rashee Rice,00-0039067,WR,car,0.343,0.0,0.0,0.0,0.0,1.0
2026_02_IND_KC,KC,IND,Rashee Rice,00-0039067,WR,rush_yds,1.753,0.0,0.0,0.0,0.0,4.811
2026_02_IND_KC,KC,IND,Rashee Rice,00-0039067,WR,tgt,6.358,3.0,4.0,6.0,8.0,10.0
2026_02_IND_KC,KC,IND,Rashee Rice,00-0039067,WR,rec,4.124,1.0,2.0,4.0,6.0,7.0
2026_02_IND_KC,KC,IND,Rashee Rice,00-0039067,WR,rec_yds,53.809,11.793,25.558,46.619,74.261,105.448
2026_02_IND_KC,KC,IND,Rashee Rice,00-0039067,WR,anytime_td,0.432,0.0,0.0,0.0,1.0,1.0
2026_02_IND_KC,KC,IND,Tyquan Thornton,00-0038104,WR,car,0.014,0.0,0.0,0.0,0.0,0.0
2026_02_IND_KC,KC,IND,Tyquan Thornton,00-0038104,WR,rush_yds,0.086,0.0,0.0,0.0,0.0,0.0
2026_02_IND_KC,KC,IND,Tyquan Thornton,00-0038104,WR,tgt,1.796,0.0,0.0,1.0,3.0,4.0
2026_02_IND_KC,KC,IND,Tyquan Thornton,00-0038104,WR,rec,1.071,0.0,0.0,1.0,2.0,3.0
2026_02_IND_KC,KC,IND,Tyquan Thornton,00-0038104,WR,rec_yds,15.919,0.0,0.0,7.581,24.06,45.162
2026_02_IND_KC,KC,IND,Tyquan Thornton,00-0038104,WR,anytime_td,0.081,0.0,0.0,0.0,0.0,0.0
2026_02_IND_KC,KC,IND,Noah Gray,00-0036637,TE,car,0.003,0.0,0.0,0.0,0.0,0.0
2026_02_IND_KC,KC,IND,Noah Gray,00-0036637,TE,rush_yds,0.005,0.0,0.0,0.0,0.0,0.0
2026_02_IND_KC,KC,IND,Noah Gray,00-0036637,TE,tgt,1.937,0.0,1.0,2.0,3.0,4.0
2026_02_IND_KC,KC,IND,Noah Gray,00-0036637,TE,rec,1.373,0.0,0.0,1.0,2.0,3.0
2026_02_IND_KC,KC,IND,Noah Gray,00-0036637,TE,rec_yds,14.784,0.0,0.0,8.81,22.982,39.084
2026_02_IND_KC,KC,IND,Noah Gray,00-0036637,TE,anytime_td,0.056,0.0,0.0,0.0,0.0,0.0
2026_02_IND_KC,KC,IND,Emmett Johnson,00-0041013,RB,car,6.369,1.0,3.0,6.0,9.0,12.0
2026_02_IND_KC,KC,IND,Emmett Johnson,00-0041013,RB,rush_yds,24.568,1.917,7.869,18.967,34.636,54.265
2026_02_IND_KC,KC,IND,Emmett Johnson,00-0041013,RB,tgt,1.73,0.0,0.0,1.0,3.0,4.0
2026_02_IND_KC,KC,IND,Emmett Johnson,00-0041013,RB,rec,1.367,0.0,0.0,1.0,2.0,3.0
2026_02_IND_KC,KC,IND,Emmett Johnson,00-0041013,RB,rec_yds,12.581,0.0,0.0,6.732,18.537,34.752
2026_02_IND_KC,KC,IND,Emmett Johnson,00-0041013,RB,anytime_td,0.174,0.0,0.0,0.0,0.0,1.0
2026_02_IND_KC,KC,IND,Jalen Royals,00-0040646,WR,car,0.031,0.0,0.0,0.0,0.0,0.0
2026_02_IND_KC,KC,IND,Jalen Royals,00-0040646,WR,rush_yds,0.168,0.0,0.0,0.0,0.0,0.0
2026_02_IND_KC,KC,IND,Jalen Royals,00-0040646,WR,tgt,0.909,0.0,0.0,1.0,1.0,2.0
2026_02_IND_KC,KC,IND,Jalen Royals,00-0040646,WR,rec,0.575,0.0,0.0,0.0,1.0,2.0
2026_02_IND_KC,KC,IND,Jalen Royals,00-0040646,WR,rec_yds,7.622,0.0,0.0,0.0,9.956,26.101
2026_02_IND_KC,KC,IND,Jalen Royals,00-0040646,WR,anytime_td,0.024,0.0,0.0,0.0,0.0,0.0
2026_02_IND_KC,KC,IND,Jake Briningstool,00-0040081,TE,car,0.002,0.0,0.0,0.0,0.0,0.0
2026_02_IND_KC,KC,IND,Jake Briningstool,00-0040081,TE,rush_yds,0.004,0.0,0.0,0.0,0.0,0.0
2026_02_IND_KC,KC,IND,Jake Briningstool,00-0040081,TE,tgt,1.063,0.0,0.0,1.0,2.0,3.0
2026_02_IND_KC,KC,IND,Jake Briningstool,00-0040081,TE,rec,0.77,0.0,0.0,0.0,1.0,2.0
2026_02_IND_KC,KC,IND,Jake Briningstool,00-0040081,TE,rec_yds,8.546,0.0,0.0,0.0,12.604,26.483
2026_02_IND_KC,KC,IND,Jake Briningstool,00-0040081,TE,anytime_td,0.036,0.0,0.0,0.0,0.0,0.0
2026_02_IND_KC,KC,IND,Cyrus Allen,00-0040890,WR,car,0.033,0.0,0.0,0.0,0.0,0.0
2026_02_IND_KC,KC,IND,Cyrus Allen,00-0040890,WR,rush_yds,0.168,0.0,0.0,0.0,0.0,0.0
2026_02_IND_KC,KC,IND,Cyrus Allen,00-0040890,WR,tgt,1.33,0.0,0.0,1.0,2.0,3.0
2026_02_IND_KC,KC,IND,Cyrus Allen,00-0040890,WR,rec,0.803,0.0,0.0,0.0,1.0,2.0
2026_02_IND_KC,KC,IND,Cyrus Allen,00-0040890,WR,rec_yds,10.984,0.0,0.0,0.0,15.753,33.372
2026_02_IND_KC,KC,IND,Cyrus Allen,00-0040890,WR,anytime_td,0.044,0.0,0.0,0.0,0.0,0.0
2026_02_IND_KC,IND,KC,Daniel Jones,00-0035710,QB,att,30.481,20.0,26.0,31.0,36.0,41.0
2026_02_IND_KC,IND,KC,Daniel Jones,00-0035710,QB,cmp,19.118,12.0,16.0,19.0,23.0,27.0
2026_02_IND_KC,IND,KC,Daniel Jones,00-0035710,QB,pass_yds,201.99,112.225,156.011,199.796,250.132,298.954
2026_02_IND_KC,IND,KC,Daniel Jones,00-0035710,QB,pass_td,1.121,0.0,0.0,1.0,2.0,2.0
2026_02_IND_KC,IND,KC,Daniel Jones,00-0035710,QB,ints,0.756,0.0,0.0,1.0,1.0,2.0
2026_02_IND_KC,IND,KC,Daniel Jones,00-0035710,QB,car,2.924,0.0,1.0,2.0,4.0,6.0
2026_02_IND_KC,IND,KC,Daniel Jones,00-0035710,QB,rush_yds,13.691,0.0,1.923,9.744,20.462,34.291
2026_02_IND_KC,IND,KC,Daniel Jones,00-0035710,QB,tgt,0.001,0.0,0.0,0.0,0.0,0.0
2026_02_IND_KC,IND,KC,Daniel Jones,00-0035710,QB,rec,0.001,0.0,0.0,0.0,0.0,0.0
2026_02_IND_KC,IND,KC,Daniel Jones,00-0035710,QB,rec_yds,0.004,0.0,0.0,0.0,0.0,0.0
2026_02_IND_KC,IND,KC,Daniel Jones,00-0035710,QB,anytime_td,0.104,0.0,0.0,0.0,0.0,1.0
2026_02_IND_KC,IND,KC,Jonathan Taylor,00-0036223,RB,car,19.751,12.0,15.0,19.0,24.0,28.0
2026_02_IND_KC,IND,KC,Jonathan Taylor,00-0036223,RB,rush_yds,78.757,33.619,49.916,72.482,100.557,131.272
2026_02_IND_KC,IND,KC,Jonathan Taylor,00-0036223,RB,tgt,3.269,1.0,2.0,3.0,5.0,6.0
2026_02_IND_KC,IND,KC,Jonathan Taylor,00-0036223,RB,rec,2.489,0.0,1.0,2.0,4.0,5.0
2026_02_IND_KC,IND,KC,Jonathan Taylor,00-0036223,RB,rec_yds,18.06,0.0,4.579,13.445,26.699,42.595
2026_02_IND_KC,IND,KC,Jonathan Taylor,00-0036223,RB,anytime_td,0.475,0.0,0.0,0.0,1.0,1.0
2026_02_IND_KC,IND,KC,Tyler Warren,00-0040128,TE,car,0.181,0.0,0.0,0.0,0.0,0.0
2026_02_IND_KC,IND,KC,Tyler Warren,00-0040128,TE,rush_yds,0.391,0.0,0.0,0.0,0.0,0.0
2026_02_IND_KC,IND,KC,Tyler Warren,00-0040128,TE,tgt,6.0,2.0,4.0,6.0,8.0,10.0
2026_02_IND_KC,IND,KC,Tyler Warren,00-0040128,TE,rec,4.02,1.0,2.0,4.0,5.0,7.0
2026_02_IND_KC,IND,KC,Tyler Warren,00-0040128,TE,rec_yds,36.927,7.157,17.697,32.526,51.519,72.041
2026_02_IND_KC,IND,KC,Tyler Warren,00-0040128,TE,anytime_td,0.247,0.0,0.0,0.0,0.0,1.0
2026_02_IND_KC,IND,KC,Josh Downs,00-0038997,WR,car,0.195,0.0,0.0,0.0,0.0,0.0
2026_02_IND_KC,IND,KC,Josh Downs,00-0038997,WR,rush_yds,0.954,0.0,0.0,0.0,0.0,0.0
2026_02_IND_KC,IND,KC,Josh Downs,00-0038997,WR,tgt,5.061,2.0,3.0,5.0,7.0,9.0
2026_02_IND_KC,IND,KC,Josh Downs,00-0038997,WR,rec,3.091,1.0,2.0,3.0,4.0,6.0
2026_02_IND_KC,IND,KC,Josh Downs,00-0038997,WR,rec_yds,36.889,4.145,14.306,30.631,52.664,77.894
2026_02_IND_KC,IND,KC,Josh Downs,00-0038997,WR,anytime_td,0.153,0.0,0.0,0.0,0.0,1.0
2026_02_IND_KC,IND,KC,Laquon Treadwell,00-0032951,WR,car,0.016,0.0,0.0,0.0,0.0,0.0
2026_02_IND_KC,IND,KC,Laquon Treadwell,00-0032951,WR,rush_yds,0.058,0.0,0.0,0.0,0.0,0.0
2026_02_IND_KC,IND,KC,Laquon Treadwell,00-0032951,WR,tgt,0.617,0.0,0.0,0.0,1.0,2.0
2026_02_IND_KC,IND,KC,Laquon Treadwell,00-0032951,WR,rec,0.364,0.0,0.0,0.0,1.0,1.0
2026_02_IND_KC,IND,KC,Laquon Treadwell,00-0032951,WR,rec_yds,4.453,0.0,0.0,0.0,3.816,15.962
2026_02_IND_KC,IND,KC,Laquon Treadwell,00-0032951,WR,anytime_td,0.009,0.0,0.0,0.0,0.0,0.0
2026_02_IND_KC,IND,KC,Keenan Allen,00-0030279,WR,car,0.017,0.0,0.0,0.0,0.0,0.0
2026_02_IND_KC,IND,KC,Keenan Allen,00-0030279,WR,rush_yds,0.094,0.0,0.0,0.0,0.0,0.0
2026_02_IND_KC,IND,KC,Keenan Allen,00-0030279,WR,tgt,6.319,3.0,4.0,6.0,8.0,11.0
2026_02_IND_KC,IND,KC,Keenan Allen,00-0030279,WR,rec,4.121,1.0,2.0,4.0,5.0,7.0
2026_02_IND_KC,IND,KC,Keenan Allen,00-0030279,WR,rec_yds,43.276,9.219,20.105,38.024,59.912,84.193
2026_02_IND_KC,IND,KC,Keenan Allen,00-0030279,WR,anytime_td,0.171,0.0,0.0,0.0,0.0,1.0
2026_02_IND_KC,IND,KC,Mo Alie-Cox,00-0033217,TE,car,0.002,0.0,0.0,0.0,0.0,0.0
2026_02_IND_KC,IND,KC,Mo Alie-Cox,00-0033217,TE,rush_yds,0.004,0.0,0.0,0.0,0.0,0.0
2026_02_IND_KC,IND,KC,Mo Alie-Cox,00-0033217,TE,tgt,1.248,0.0,0.0,1.0,2.0,3.0
2026_02_IND_KC,IND,KC,Mo Alie-Cox,00-0033217,TE,rec,0.868,0.0,0.0,1.0,1.0,2.0
2026_02_IND_KC,IND,KC,Mo Alie-Cox,00-0033217,TE,rec_yds,8.355,0.0,0.0,0.9,12.541,25.163
2026_02_IND_KC,IND,KC,Mo Alie-Cox,00-0033217,TE,anytime_td,0.054,0.0,0.0,0.0,0.0,0.0
2026_02_IND_KC,IND,KC,Andrew Ogletree,00-0037292,TE,car,0.001,0.0,0.0,0.0,0.0,0.0
2026_02_IND_KC,IND,KC,Andrew Ogletree,00-0037292,TE,rush_yds,0.0,0.0,0.0,0.0,0.0,0.0
2026_02_IND_KC,IND,KC,Andrew Ogletree,00-0037292,TE,tgt,0.844,0.0,0.0,0.0,1.0,2.0
2026_02_IND_KC,IND,KC,Andrew Ogletree,00-0037292,TE,rec,0.575,0.0,0.0,0.0,1.0,2.0
2026_02_IND_KC,IND,KC,Andrew Ogletree,00-0037292,TE,rec_yds,5.528,0.0,0.0,0.0,7.825,18.349
2026_02_IND_KC,IND,KC,Andrew Ogletree,00-0037292,TE,anytime_td,0.037,0.0,0.0,0.0,0.0,0.0
2026_02_IND_KC,IND,KC,Alec Pierce,00-0037664,WR,car,0.02,0.0,0.0,0.0,0.0,0.0
2026_02_IND_KC,IND,KC,Alec Pierce,00-0037664,WR,rush_yds,0.101,0.0,0.0,0.0,0.0,0.0
2026_02_IND_KC,IND,KC,Alec Pierce,00-0037664,WR,tgt,5.479,2.0,3.0,5.0,7.0,9.0
2026_02_IND_KC,IND,KC,Alec Pierce,00-0037664,WR,rec,3.303,1.0,2.0,3.0,4.0,6.0
2026_02_IND_KC,IND,KC,Alec Pierce,00-0037664,WR,rec_yds,46.218,6.098,19.307,39.422,65.0,94.538
2026_02_IND_KC,IND,KC,Alec Pierce,00-0037664,WR,anytime_td,0.241,0.0,0.0,0.0,0.0,1.0
2026_02_IND_KC,IND,KC,Seth McGowan,00-0041125,RB,car,1.247,0.0,0.0,0.0,2.0,4.0
2026_02_IND_KC,IND,KC,Seth McGowan,00-0041125,RB,rush_yds,4.919,0.0,0.0,0.0,5.817,15.389
2026_02_IND_KC,IND,KC,Seth McGowan,00-0041125,RB,tgt,0.961,0.0,0.0,1.0,1.0,3.0
2026_02_IND_KC,IND,KC,Seth McGowan,00-0041125,RB,rec,0.742,0.0,0.0,0.0,1.0,2.0
2026_02_IND_KC,IND,KC,Seth McGowan,00-0041125,RB,rec_yds,5.152,0.0,0.0,0.0,6.795,16.755
2026_02_IND_KC,IND,KC,Seth McGowan,00-0041125,RB,anytime_td,0.047,0.0,0.0,0.0,0.0,0.0
2026_02_IND_KC,IND,KC,Deion Burks,00-0041132,WR,car,0.1,0.0,0.0,0.0,0.0,0.0
2026_02_IND_KC,IND,KC,Deion Burks,00-0041132,WR,rush_yds,0.466,0.0,0.0,0.0,0.0,0.0
2026_02_IND_KC,IND,KC,Deion Burks,00-0041132,WR,tgt,1.51,0.0,0.0,1.0,2.0,4.0
2026_02_IND_KC,IND,KC,Deion Burks,00-0041132,WR,rec,0.93,0.0,0.0,1.0,1.0,2.0
2026_02_IND_KC,IND,KC,Deion Burks,00-0041132,WR,rec_yds,11.471,0.0,0.0,4.145,17.068,34.142
2026_02_IND_KC,IND,KC,Deion Burks,00-0041132,WR,anytime_td,0.056,0.0,0.0,0.0,0.0,0.0
2026_02_JAX_DEN,DEN,JAX,Bo Nix,00-0039732,QB,att,32.002,22.0,27.0,33.0,38.0,43.0
2026_02_JAX_DEN,DEN,JAX,Bo Nix,00-0039732,QB,cmp,20.189,13.0,17.0,20.0,24.0,28.0
2026_02_JAX_DEN,DEN,JAX,Bo Nix,00-0039732,QB,pass_yds,209.315,120.973,163.559,208.613,256.216,303.674
2026_02_JAX_DEN,DEN,JAX,Bo Nix,00-0039732,QB,pass_td,1.28,0.0,0.0,1.0,2.0,3.0
2026_02_JAX_DEN,DEN,JAX,Bo Nix,00-0039732,QB,ints,0.782,0.0,0.0,1.0,1.0,2.0
2026_02_JAX_DEN,DEN,JAX,Bo Nix,00-0039732,QB,car,4.772,1.0,2.0,4.0,6.0,9.0
2026_02_JAX_DEN,DEN,JAX,Bo Nix,00-0039732,QB,rush_yds,20.857,0.504,6.906,16.812,29.882,45.473
2026_02_JAX_DEN,DEN,JAX,Bo Nix,00-0039732,QB,tgt,0.001,0.0,0.0,0.0,0.0,0.0
2026_02_JAX_DEN,DEN,JAX,Bo Nix,00-0039732,QB,rec,0.001,0.0,0.0,0.0,0.0,0.0
2026_02_JAX_DEN,DEN,JAX,Bo Nix,00-0039732,QB,rec_yds,0.006,0.0,0.0,0.0,0.0,0.0
2026_02_JAX_DEN,DEN,JAX,Bo Nix,00-0039732,QB,anytime_td,0.151,0.0,0.0,0.0,0.0,1.0
2026_02_JAX_DEN,DEN,JAX,Courtland Sutton,00-0034348,WR,car,0.016,0.0,0.0,0.0,0.0,0.0
2026_02_JAX_DEN,DEN,JAX,Courtland Sutton,00-0034348,WR,rush_yds,0.091,0.0,0.0,0.0,0.0,0.0
2026_02_JAX_DEN,DEN,JAX,Courtland Sutton,00-0034348,WR,tgt,6.509,3.0,4.0,6.0,8.0,11.0
2026_02_JAX_DEN,DEN,JAX,Courtland Sutton,00-0034348,WR,rec,3.894,1.0,2.0,4.0,5.0,7.0
2026_02_JAX_DEN,DEN,JAX,Courtland Sutton,00-0034348,WR,rec_yds,44.127,7.48,19.512,38.129,61.808,87.347
2026_02_JAX_DEN,DEN,JAX,Courtland Sutton,00-0034348,WR,anytime_td,0.231,0.0,0.0,0.0,0.0,1.0
2026_02_JAX_DEN,DEN,JAX,Pat Bryant,00-0040134,WR,car,0.126,0.0,0.0,0.0,0.0,0.0
2026_02_JAX_DEN,DEN,JAX,Pat Bryant,00-0040134,WR,rush_yds,0.599,0.0,0.0,0.0,0.0,0.0
2026_02_JAX_DEN,DEN,JAX,Pat Bryant,00-0040134,WR,tgt,4.343,1.0,2.0,4.0,6.0,8.0
2026_02_JAX_DEN,DEN,JAX,Pat Bryant,00-0040134,WR,rec,2.871,1.0,1.0,3.0,4.0,6.0
2026_02_JAX_DEN,DEN,JAX,Pat Bryant,00-0040134,WR,rec_yds,31.629,0.954,10.938,26.057,45.952,68.884
2026_02_JAX_DEN,DEN,JAX,Pat Bryant,00-0040134,WR,anytime_td,0.103,0.0,0.0,0.0,0.0,1.0
2026_02_JAX_DEN,DEN,JAX,Adam Trautman,00-0036422,TE,car,0.001,0.0,0.0,0.0,0.0,0.0
2026_02_JAX_DEN,DEN,JAX,Adam Trautman,00-0036422,TE,rush_yds,0.003,0.0,0.0,0.0,0.0,0.0
2026_02_JAX_DEN,DEN,JAX,Adam Trautman,00-0036422,TE,tgt,1.791,0.0,1.0,1.0,3.0,4.0
2026_02_JAX_DEN,DEN,JAX,Adam Trautman,00-0036422,TE,rec,1.288,0.0,0.0,1.0,2.0,3.0
2026_02_JAX_DEN,DEN,JAX,Adam Trautman,00-0036422,TE,rec_yds,11.959,0.0,0.0,6.985,18.252,31.891
2026_02_JAX_DEN,DEN,JAX,Adam Trautman,00-0036422,TE,anytime_td,0.043,0.0,0.0,0.0,0.0,0.0
2026_02_JAX_DEN,DEN,JAX,Jaylen Waddle,00-0036613,WR,car,0.176,0.0,0.0,0.0,0.0,0.0
2026_02_JAX_DEN,DEN,JAX,Jaylen Waddle,00-0036613,WR,rush_yds,0.857,0.0,0.0,0.0,0.0,0.0
2026_02_JAX_DEN,DEN,JAX,Jaylen Waddle,00-0036613,WR,tgt,5.609,2.0,3.0,5.0,7.0,10.0
2026_02_JAX_DEN,DEN,JAX,Jaylen Waddle,00-0036613,WR,rec,3.43,1.0,2.0,3.0,5.0,6.0
2026_02_JAX_DEN,DEN,JAX,Jaylen Waddle,00-0036613,WR,rec_yds,39.701,5.495,16.827,33.684,56.493,81.506
2026_02_JAX_DEN,DEN,JAX,Jaylen Waddle,00-0036613,WR,anytime_td,0.179,0.0,0.0,0.0,0.0,1.0
2026_02_JAX_DEN,DEN,JAX,Evan Engram,00-0033881,TE,car,0.02,0.0,0.0,0.0,0.0,0.0
2026_02_JAX_DEN,DEN,JAX,Evan Engram,00-0033881,TE,rush_yds,0.035,0.0,0.0,0.0,0.0,0.0
2026_02_JAX_DEN,DEN,JAX,Evan Engram,00-0033881,TE,tgt,4.304,1.0,2.0,4.0,6.0,8.0
2026_02_JAX_DEN,DEN,JAX,Evan Engram,00-0033881,TE,rec,3.087,1.0,2.0,3.0,4.0,6.0
2026_02_JAX_DEN,DEN,JAX,Evan Engram,00-0033881,TE,rec_yds,29.235,3.155,11.274,24.217,41.805,62.006
2026_02_JAX_DEN,DEN,JAX,Evan Engram,00-0033881,TE,anytime_td,0.198,0.0,0.0,0.0,0.0,1.0
2026_02_JAX_DEN,DEN,JAX,Jonah Coleman,00-0041496,RB,car,1.501,0.0,0.0,1.0,2.0,4.0
2026_02_JAX_DEN,DEN,JAX,Jonah Coleman,00-0041496,RB,rush_yds,5.854,0.0,0.0,0.0,7.506,17.979
2026_02_JAX_DEN,DEN,JAX,Jonah Coleman,00-0041496,RB,tgt,0.315,0.0,0.0,0.0,0.0,1.0
2026_02_JAX_DEN,DEN,JAX,Jonah Coleman,00-0041496,RB,rec,0.245,0.0,0.0,0.0,0.0,1.0
2026_02_JAX_DEN,DEN,JAX,Jonah Coleman,00-0041496,RB,rec_yds,1.663,0.0,0.0,0.0,0.0,6.393
2026_02_JAX_DEN,DEN,JAX,Jonah Coleman,00-0041496,RB,anytime_td,0.047,0.0,0.0,0.0,0.0,0.0
2026_02_JAX_DEN,DEN,JAX,Nate Adkins,00-0038783,TE,car,0.002,0.0,0.0,0.0,0.0,0.0
2026_02_JAX_DEN,DEN,JAX,Nate Adkins,00-0038783,TE,rush_yds,0.005,0.0,0.0,0.0,0.0,0.0
2026_02_JAX_DEN,DEN,JAX,Nate Adkins,00-0038783,TE,tgt,0.707,0.0,0.0,0.0,1.0,2.0
2026_02_JAX_DEN,DEN,JAX,Nate Adkins,00-0038783,TE,rec,0.503,0.0,0.0,0.0,1.0,2.0
2026_02_JAX_DEN,DEN,JAX,Nate Adkins,00-0038783,TE,rec_yds,4.698,0.0,0.0,0.0,5.959,16.85
2026_02_JAX_DEN,DEN,JAX,Nate Adkins,00-0038783,TE,anytime_td,0.028,0.0,0.0,0.0,0.0,0.0
2026_02_JAX_DEN,DEN,JAX,J.K. Dobbins,00-0036158,RB,car,14.218,7.0,10.0,14.0,18.0,22.0
2026_02_JAX_DEN,DEN,JAX,J.K. Dobbins,00-0036158,RB,rush_yds,57.011,19.201,31.733,50.808,75.161,102.555
2026_02_JAX_DEN,DEN,JAX,J.K. Dobbins,00-0036158,RB,tgt,1.103,0.0,0.0,1.0,2.0,3.0
2026_02_JAX_DEN,DEN,JAX,J.K. Dobbins,00-0036158,RB,rec,0.878,0.0,0.0,1.0,1.0,2.0
2026_02_JAX_DEN,DEN,JAX,J.K. Dobbins,00-0036158,RB,rec_yds,5.611,0.0,0.0,0.0,8.026,17.868
2026_02_JAX_DEN,DEN,JAX,J.K. Dobbins,00-0036158,RB,anytime_td,0.24,0.0,0.0,0.0,0.0,1.0
2026_02_JAX_DEN,DEN,JAX,Tyler Badie,00-0037085,RB,car,1.223,0.0,0.0,0.0,2.0,4.0
2026_02_JAX_DEN,DEN,JAX,Tyler Badie,00-0037085,RB,rush_yds,4.722,0.0,0.0,0.0,5.5,14.685
2026_02_JAX_DEN,DEN,JAX,Tyler Badie,00-0037085,RB,tgt,1.435,0.0,0.0,1.0,2.0,3.0
2026_02_JAX_DEN,DEN,JAX,Tyler Badie,00-0037085,RB,rec,1.114,0.0,0.0,1.0,2.0,3.0
2026_02_JAX_DEN,DEN,JAX,Tyler Badie,00-0037085,RB,rec_yds,7.404,0.0,0.0,2.761,11.143,21.599
2026_02_JAX_DEN,DEN,JAX,Tyler Badie,00-0037085,RB,anytime_td,0.048,0.0,0.0,0.0,0.0,0.0
2026_02_JAX_DEN,DEN,JAX,Troy Franklin,00-0039868,WR,car,0.483,0.0,0.0,0.0,0.0,2.0
2026_02_JAX_DEN,DEN,JAX,Troy Franklin,00-0039868,WR,rush_yds,2.272,0.0,0.0,0.0,0.0,7.272
2026_02_JAX_DEN,DEN,JAX,Troy Franklin,00-0039868,WR,tgt,3.507,1.0,2.0,3.0,5.0,7.0
2026_02_JAX_DEN,DEN,JAX,Troy Franklin,00-0039868,WR,rec,2.237,0.0,1.0,2.0,3.0,5.0
2026_02_JAX_DEN,DEN,JAX,Troy Franklin,00-0039868,WR,rec_yds,25.515,0.0,6.691,19.138,37.496,59.799
2026_02_JAX_DEN,DEN,JAX,Troy Franklin,00-0039868,WR,anytime_td,0.147,0.0,0.0,0.0,0.0,1.0
2026_02_JAX_DEN,DEN,JAX,Adam Prentice,00-0036727,RB,car,0.987,0.0,0.0,0.0,1.0,3.0
2026_02_JAX_DEN,DEN,JAX,Adam Prentice,00-0036727,RB,rush_yds,3.824,0.0,0.0,0.0,3.664,11.878
2026_02_JAX_DEN,DEN,JAX,Adam Prentice,00-0036727,RB,tgt,0.422,0.0,0.0,0.0,1.0,1.0
2026_02_JAX_DEN,DEN,JAX,Adam Prentice,00-0036727,RB,rec,0.334,0.0,0.0,0.0,0.0,1.0
2026_02_JAX_DEN,DEN,JAX,Adam Prentice,00-0036727,RB,rec_yds,2.286,0.0,0.0,0.0,0.0,8.75
2026_02_JAX_DEN,DEN,JAX,Adam Prentice,00-0036727,RB,anytime_td,0.027,0.0,0.0,0.0,0.0,0.0
2026_02_JAX_DEN,DEN,JAX,Lil'Jordan Humphrey,00-0035406,WR,car,0.017,0.0,0.0,0.0,0.0,0.0
2026_02_JAX_DEN,DEN,JAX,Lil'Jordan Humphrey,00-0035406,WR,rush_yds,0.095,0.0,0.0,0.0,0.0,0.0
2026_02_JAX_DEN,DEN,JAX,Lil'Jordan Humphrey,00-0035406,WR,tgt,2.649,0.0,1.0,2.0,4.0,5.0
2026_02_JAX_DEN,DEN,JAX,Lil'Jordan Humphrey,00-0035406,WR,rec,1.637,0.0,0.0,1.0,2.0,4.0
2026_02_JAX_DEN,DEN,JAX,Lil'Jordan Humphrey,00-0035406,WR,rec_yds,19.093,0.0,0.0,12.574,28.632,48.619
2026_02_JAX_DEN,DEN,JAX,Lil'Jordan Humphrey,00-0035406,WR,anytime_td,0.151,0.0,0.0,0.0,0.0,1.0
2026_02_JAX_DEN,JAX,DEN,Trevor Lawrence,00-0036971,QB,att,29.538,19.0,25.0,30.0,35.0,40.0
2026_02_JAX_DEN,JAX,DEN,Trevor Lawrence,00-0036971,QB,cmp,18.662,11.0,15.0,19.0,22.0,26.0
2026_02_JAX_DEN,JAX,DEN,Trevor Lawrence,00-0036971,QB,pass_yds,217.498,121.538,167.855,215.58,268.312,321.162
2026_02_JAX_DEN,JAX,DEN,Trevor Lawrence,00-0036971,QB,pass_td,1.507,0.0,1.0,1.0,2.0,3.0
2026_02_JAX_DEN,JAX,DEN,Trevor Lawrence,00-0036971,QB,ints,0.633,0.0,0.0,0.0,1.0,2.0
2026_02_JAX_DEN,JAX,DEN,Trevor Lawrence,00-0036971,QB,car,4.873,1.0,2.0,4.0,7.0,9.0
2026_02_JAX_DEN,JAX,DEN,Trevor Lawrence,00-0036971,QB,rush_yds,19.861,0.0,5.834,15.803,29.326,44.928
2026_02_JAX_DEN,JAX,DEN,Trevor Lawrence,00-0036971,QB,tgt,0.0,0.0,0.0,0.0,0.0,0.0
2026_02_JAX_DEN,JAX,DEN,Trevor Lawrence,00-0036971,QB,rec,0.0,0.0,0.0,0.0,0.0,0.0
2026_02_JAX_DEN,JAX,DEN,Trevor Lawrence,00-0036971,QB,rec_yds,0.0,0.0,0.0,0.0,0.0,0.0
2026_02_JAX_DEN,JAX,DEN,Trevor Lawrence,00-0036971,QB,anytime_td,0.278,0.0,0.0,0.0,1.0,1.0
2026_02_JAX_DEN,JAX,DEN,Jakobi Meyers,00-0034960,WR,car,0.577,0.0,0.0,0.0,0.0,2.0
2026_02_JAX_DEN,JAX,DEN,Jakobi Meyers,00-0034960,WR,rush_yds,3.238,0.0,0.0,0.0,0.0,10.691
2026_02_JAX_DEN,JAX,DEN,Jakobi Meyers,00-0034960,WR,tgt,4.927,2.0,3.0,5.0,7.0,9.0
2026_02_JAX_DEN,JAX,DEN,Jakobi Meyers,00-0034960,WR,rec,3.116,1.0,2.0,3.0,4.0,6.0
2026_02_JAX_DEN,JAX,DEN,Jakobi Meyers,00-0034960,WR,rec_yds,38.713,4.1,14.726,32.416,55.222,81.224
2026_02_JAX_DEN,JAX,DEN,Jakobi Meyers,00-0034960,WR,anytime_td,0.234,0.0,0.0,0.0,0.0,1.0
2026_02_JAX_DEN,JAX,DEN,Brenton Strange,00-0038935,TE,car,0.002,0.0,0.0,0.0,0.0,0.0
2026_02_JAX_DEN,JAX,DEN,Brenton Strange,00-0038935,TE,rush_yds,0.003,0.0,0.0,0.0,0.0,0.0
2026_02_JAX_DEN,JAX,DEN,Brenton Strange,00-0038935,TE,tgt,3.998,1.0,2.0,4.0,5.0,7.0
2026_02_JAX_DEN,JAX,DEN,Brenton Strange,00-0038935,TE,rec,2.776,1.0,1.0,2.0,4.0,5.0
2026_02_JAX_DEN,JAX,DEN,Brenton Strange,00-0038935,TE,rec_yds,28.845,0.0,10.453,23.797,41.248,61.006
2026_02_JAX_DEN,JAX,DEN,Brenton Strange,00-0038935,TE,anytime_td,0.234,0.0,0.0,0.0,0.0,1.0
2026_02_JAX_DEN,JAX,DEN,Parker Washington,00-0038606,WR,car,0.465,0.0,0.0,0.0,0.0,2.0
2026_02_JAX_DEN,JAX,DEN,Parker Washington,00-0038606,WR,rush_yds,2.523,0.0,0.0,0.0,0.0,7.566
2026_02_JAX_DEN,JAX,DEN,Parker Washington,00-0038606,WR,tgt,6.232,3.0,4.0,6.0,8.0,10.0
2026_02_JAX_DEN,JAX,DEN,Parker Washington,00-0038606,WR,rec,3.972,1.0,2.0,4.0,5.0,7.0
2026_02_JAX_DEN,JAX,DEN,Parker Washington,00-0038606,WR,rec_yds,54.032,10.982,25.143,46.573,75.806,106.661
2026_02_JAX_DEN,JAX,DEN,Parker Washington,00-0038606,WR,anytime_td,0.302,0.0,0.0,0.0,1.0,1.0
2026_02_JAX_DEN,JAX,DEN,Brian Thomas Jr.,00-0039893,WR,car,0.134,0.0,0.0,0.0,0.0,0.0
2026_02_JAX_DEN,JAX,DEN,Brian Thomas Jr.,00-0039893,WR,rush_yds,0.725,0.0,0.0,0.0,0.0,0.0
2026_02_JAX_DEN,JAX,DEN,Brian Thomas Jr.,00-0039893,WR,tgt,4.238,1.0,2.0,4.0,6.0,8.0
2026_02_JAX_DEN,JAX,DEN,Brian Thomas Jr.,00-0039893,WR,rec,2.696,1.0,1.0,2.0,4.0,5.0
2026_02_JAX_DEN,JAX,DEN,Brian Thomas Jr.,00-0039893,WR,rec_yds,34.938,0.0,11.763,27.647,50.712,76.584
2026_02_JAX_DEN,JAX,DEN,Brian Thomas Jr.,00-0039893,WR,anytime_td,0.163,0.0,0.0,0.0,0.0,1.0
2026_02_JAX_DEN,JAX,DEN,Bhayshul Tuten,00-0040719,RB,car,8.484,3.0,5.0,8.0,11.0,15.0
2026_02_JAX_DEN,JAX,DEN,Bhayshul Tuten,00-0040719,RB,rush_yds,36.625,6.886,15.693,30.568,50.541,73.83
2026_02_JAX_DEN,JAX,DEN,Bhayshul Tuten,00-0040719,RB,tgt,0.784,0.0,0.0,0.0,1.0,2.0
2026_02_JAX_DEN,JAX,DEN,Bhayshul Tuten,00-0040719,RB,rec,0.606,0.0,0.0,0.0,1.0,2.0
2026_02_JAX_DEN,JAX,DEN,Bhayshul Tuten,00-0040719,RB,rec_yds,4.792,0.0,0.0,0.0,6.183,16.126
2026_02_JAX_DEN,JAX,DEN,Bhayshul Tuten,00-0040719,RB,anytime_td,0.242,0.0,0.0,0.0,0.0,1.0
2026_02_JAX_DEN,JAX,DEN,Nate Boerkircher,00-0041503,TE,car,0.004,0.0,0.0,0.0,0.0,0.0
2026_02_JAX_DEN,JAX,DEN,Nate Boerkircher,00-0041503,TE,rush_yds,0.011,0.0,0.0,0.0,0.0,0.0
2026_02_JAX_DEN,JAX,DEN,Nate Boerkircher,00-0041503,TE,tgt,1.081,0.0,0.0,1.0,2.0,3.0
2026_02_JAX_DEN,JAX,DEN,Nate Boerkircher,00-0041503,TE,rec,0.758,0.0,0.0,0.0,1.0,2.0
2026_02_JAX_DEN,JAX,DEN,Nate Boerkircher,00-0041503,TE,rec_yds,7.722,0.0,0.0,0.0,11.116,24.912
2026_02_JAX_DEN,JAX,DEN,Nate Boerkircher,00-0041503,TE,anytime_td,0.031,0.0,0.0,0.0,0.0,0.0
2026_02_JAX_DEN,JAX,DEN,Quintin Morris,00-0036590,TE,car,0.003,0.0,0.0,0.0,0.0,0.0
2026_02_JAX_DEN,JAX,DEN,Quintin Morris,00-0036590,TE,rush_yds,0.013,0.0,0.0,0.0,0.0,0.0
2026_02_JAX_DEN,JAX,DEN,Quintin Morris,00-0036590,TE,tgt,0.838,0.0,0.0,0.0,1.0,2.0
2026_02_JAX_DEN,JAX,DEN,Quintin Morris,00-0036590,TE,rec,0.576,0.0,0.0,0.0,1.0,2.0
2026_02_JAX_DEN,JAX,DEN,Quintin Morris,00-0036590,TE,rec_yds,5.832,0.0,0.0,0.0,7.721,19.933
2026_02_JAX_DEN,JAX,DEN,Quintin Morris,00-0036590,TE,anytime_td,0.042,0.0,0.0,0.0,0.0,0.0
2026_02_JAX_DEN,JAX,DEN,Chris Rodriguez Jr.,00-0038611,RB,car,8.274,3.0,5.0,8.0,11.0,15.0
2026_02_JAX_DEN,JAX,DEN,Chris Rodriguez Jr.,00-0038611,RB,rush_yds,35.535,5.893,14.589,29.22,49.501,74.052
2026_02_JAX_DEN,JAX,DEN,Chris Rodriguez Jr.,00-0038611,RB,tgt,0.414,0.0,0.0,0.0,1.0,1.0
2026_02_JAX_DEN,JAX,DEN,Chris Rodriguez Jr.,00-0038611,RB,rec,0.318,0.0,0.0,0.0,0.0,1.0
2026_02_JAX_DEN,JAX,DEN,Chris Rodriguez Jr.,00-0038611,RB,rec_yds,2.164,0.0,0.0,0.0,0.0,8.125
2026_02_JAX_DEN,JAX,DEN,Chris Rodriguez Jr.,00-0038611,RB,anytime_td,0.259,0.0,0.0,0.0,1.0,1.0
2026_02_JAX_DEN,JAX,DEN,Josh Cameron,00-0041100,WR,car,0.03,0.0,0.0,0.0,0.0,0.0
2026_02_JAX_DEN,JAX,DEN,Josh Cameron,00-0041100,WR,rush_yds,0.169,0.0,0.0,0.0,0.0,0.0
2026_02_JAX_DEN,JAX,DEN,Josh Cameron,00-0041100,WR,tgt,1.979,0.0,1.0,2.0,3.0,4.0
2026_02_JAX_DEN,JAX,DEN,Josh Cameron,00-0041100,WR,rec,1.245,0.0,0.0,1.0,2.0,3.0
2026_02_JAX_DEN,JAX,DEN,Josh Cameron,00-0041100,WR,rec_yds,15.52,0.0,0.0,8.946,23.305,42.894
2026_02_JAX_DEN,JAX,DEN,Josh Cameron,00-0041100,WR,anytime_td,0.197,0.0,0.0,0.0,0.0,1.0
2026_02_JAX_DEN,JAX,DEN,LeQuint Allen Jr.,00-0040238,RB,car,1.475,0.0,0.0,1.0,2.0,4.0
2026_02_JAX_DEN,JAX,DEN,LeQuint Allen Jr.,00-0040238,RB,rush_yds,6.506,0.0,0.0,0.0,8.036,20.057
2026_02_JAX_DEN,JAX,DEN,LeQuint Allen Jr.,00-0040238,RB,tgt,0.439,0.0,0.0,0.0,1.0,1.0
2026_02_JAX_DEN,JAX,DEN,LeQuint Allen Jr.,00-0040238,RB,rec,0.345,0.0,0.0,0.0,1.0,1.0
2026_02_JAX_DEN,JAX,DEN,LeQuint Allen Jr.,00-0040238,RB,rec_yds,2.348,0.0,0.0,0.0,0.0,8.801
2026_02_JAX_DEN,JAX,DEN,LeQuint Allen Jr.,00-0040238,RB,anytime_td,0.026,0.0,0.0,0.0,0.0,0.0
2026_02_JAX_DEN,JAX,DEN,Travis Hunter,00-0040718,WR,car,0.531,0.0,0.0,0.0,0.0,2.0
2026_02_JAX_DEN,JAX,DEN,Travis Hunter,00-0040718,WR,rush_yds,2.893,0.0,0.0,0.0,0.0,9.423
2026_02_JAX_DEN,JAX,DEN,Travis Hunter,00-0040718,WR,tgt,3.955,1.0,2.0,4.0,5.0,7.0
2026_02_JAX_DEN,JAX,DEN,Travis Hunter,00-0040718,WR,rec,2.486,0.0,1.0,2.0,4.0,5.0
2026_02_JAX_DEN,JAX,DEN,Travis Hunter,00-0040718,WR,rec_yds,29.953,0.0,8.77,23.573,44.06,66.999
2026_02_JAX_DEN,JAX,DEN,Travis Hunter,00-0040718,WR,anytime_td,0.143,0.0,0.0,0.0,0.0,1.0
2026_02_JAX_DEN,JAX,DEN,Ameer Abdullah,00-0032104,RB,car,2.7,0.0,1.0,2.0,4.0,7.0
2026_02_JAX_DEN,JAX,DEN,Ameer Abdullah,00-0032104,RB,rush_yds,12.123,0.0,0.0,5.897,16.976,33.917
2026_02_JAX_DEN,JAX,DEN,Ameer Abdullah,00-0032104,RB,tgt,1.278,0.0,0.0,1.0,2.0,3.0
2026_02_JAX_DEN,JAX,DEN,Ameer Abdullah,00-0032104,RB,rec,1.003,0.0,0.0,1.0,2.0,3.0
2026_02_JAX_DEN,JAX,DEN,Ameer Abdullah,00-0032104,RB,rec_yds,6.901,0.0,0.0,1.073,9.982,20.474
2026_02_JAX_DEN,JAX,DEN,Ameer Abdullah,00-0032104,RB,anytime_td,0.091,0.0,0.0,0.0,0.0,0.0
2026_02_LV_LAC,LAC,LV,Justin Herbert,00-0036355,QB,att,28.102,19.0,24.0,28.0,33.0,38.0
2026_02_LV_LAC,LAC,LV,Justin Herbert,00-0036355,QB,cmp,18.104,11.0,15.0,18.0,22.0,25.0
2026_02_LV_LAC,LAC,LV,Justin Herbert,00-0036355,QB,pass_yds,202.278,113.427,154.313,200.844,248.189,299.476
2026_02_LV_LAC,LAC,LV,Justin Herbert,00-0036355,QB,pass_td,1.414,0.0,1.0,1.0,2.0,3.0
2026_02_LV_LAC,LAC,LV,Justin Herbert,00-0036355,QB,ints,0.61,0.0,0.0,0.0,1.0,2.0
2026_02_LV_LAC,LAC,LV,Justin Herbert,00-0036355,QB,car,5.184,2.0,3.0,5.0,7.0,9.0
2026_02_LV_LAC,LAC,LV,Justin Herbert,00-0036355,QB,rush_yds,26.572,3.304,11.636,23.578,37.406,54.111
2026_02_LV_LAC,LAC,LV,Justin Herbert,00-0036355,QB,tgt,0.001,0.0,0.0,0.0,0.0,0.0
2026_02_LV_LAC,LAC,LV,Justin Herbert,00-0036355,QB,rec,0.001,0.0,0.0,0.0,0.0,0.0
2026_02_LV_LAC,LAC,LV,Justin Herbert,00-0036355,QB,rec_yds,0.008,0.0,0.0,0.0,0.0,0.0
2026_02_LV_LAC,LAC,LV,Justin Herbert,00-0036355,QB,anytime_td,0.112,0.0,0.0,0.0,0.0,1.0
2026_02_LV_LAC,LAC,LV,Tre Harris,00-0040727,WR,car,0.124,0.0,0.0,0.0,0.0,0.0
2026_02_LV_LAC,LAC,LV,Tre Harris,00-0040727,WR,rush_yds,0.63,0.0,0.0,0.0,0.0,0.0
2026_02_LV_LAC,LAC,LV,Tre Harris,00-0040727,WR,tgt,3.797,1.0,2.0,3.0,5.0,7.0
2026_02_LV_LAC,LAC,LV,Tre Harris,00-0040727,WR,rec,2.331,0.0,1.0,2.0,3.0,5.0
2026_02_LV_LAC,LAC,LV,Tre Harris,00-0040727,WR,rec_yds,28.117,0.0,8.064,21.629,41.208,63.82
2026_02_LV_LAC,LAC,LV,Tre Harris,00-0040727,WR,anytime_td,0.101,0.0,0.0,0.0,0.0,1.0
2026_02_LV_LAC,LAC,LV,Quentin Johnston,00-0038544,WR,car,0.047,0.0,0.0,0.0,0.0,0.0
2026_02_LV_LAC,LAC,LV,Quentin Johnston,00-0038544,WR,rush_yds,0.26,0.0,0.0,0.0,0.0,0.0
2026_02_LV_LAC,LAC,LV,Quentin Johnston,00-0038544,WR,tgt,5.631,2.0,3.0,5.0,7.0,9.0
2026_02_LV_LAC,LAC,LV,Quentin Johnston,00-0038544,WR,rec,3.339,1.0,2.0,3.0,5.0,6.0
2026_02_LV_LAC,LAC,LV,Quentin Johnston,00-0038544,WR,rec_yds,42.721,5.904,17.949,35.969,60.803,88.493
2026_02_LV_LAC,LAC,LV,Quentin Johnston,00-0038544,WR,anytime_td,0.241,0.0,0.0,0.0,0.0,1.0
2026_02_LV_LAC,LAC,LV,Omarion Hampton,00-0040666,RB,car,10.831,4.0,7.0,10.0,14.0,18.0
2026_02_LV_LAC,LAC,LV,Omarion Hampton,00-0040666,RB,rush_yds,43.598,11.45,21.854,37.854,59.856,81.86
2026_02_LV_LAC,LAC,LV,Omarion Hampton,00-0040666,RB,tgt,2.088,0.0,1.0,2.0,3.0,4.0
2026_02_LV_LAC,LAC,LV,Omarion Hampton,00-0040666,RB,rec,1.675,0.0,1.0,1.0,2.0,4.0
2026_02_LV_LAC,LAC,LV,Omarion Hampton,00-0040666,RB,rec_yds,11.812,0.0,0.0,7.47,17.121,29.854
2026_02_LV_LAC,LAC,LV,Omarion Hampton,00-0040666,RB,anytime_td,0.396,0.0,0.0,0.0,1.0,1.0
2026_02_LV_LAC,LAC,LV,Charlie Kolar,00-0038046,TE,car,0.004,0.0,0.0,0.0,0.0,0.0
2026_02_LV_LAC,LAC,LV,Charlie Kolar,00-0038046,TE,rush_yds,0.008,0.0,0.0,0.0,0.0,0.0
2026_02_LV_LAC,LAC,LV,Charlie Kolar,00-0038046,TE,tgt,0.674,0.0,0.0,0.0,1.0,2.0
2026_02_LV_LAC,LAC,LV,Charlie Kolar,00-0038046,TE,rec,0.474,0.0,0.0,0.0,1.0,2.0
2026_02_LV_LAC,LAC,LV,Charlie Kolar,00-0038046,TE,rec_yds,5.002,0.0,0.0,0.0,6.122,18.024
2026_02_LV_LAC,LAC,LV,Charlie Kolar,00-0038046,TE,anytime_td,0.033,0.0,0.0,0.0,0.0,0.0
2026_02_LV_LAC,LAC,LV,Ladd McConkey,00-0039915,WR,car,0.013,0.0,0.0,0.0,0.0,0.0
2026_02_LV_LAC,LAC,LV,Ladd McConkey,00-0039915,WR,rush_yds,0.092,0.0,0.0,0.0,0.0,0.0
2026_02_LV_LAC,LAC,LV,Ladd McConkey,00-0039915,WR,tgt,5.81,2.0,4.0,5.0,8.0,10.0
2026_02_LV_LAC,LAC,LV,Ladd McConkey,00-0039915,WR,rec,3.704,1.0,2.0,3.0,5.0,7.0
2026_02_LV_LAC,LAC,LV,Ladd McConkey,00-0039915,WR,rec_yds,48.797,8.672,21.61,42.558,68.287,97.57
2026_02_LV_LAC,LAC,LV,Ladd McConkey,00-0039915,WR,anytime_td,0.354,0.0,0.0,0.0,1.0,1.0
2026_02_LV_LAC,LAC,LV,Oronde Gadsden II,00-0040189,TE,car,0.002,0.0,0.0,0.0,0.0,0.0
2026_02_LV_LAC,LAC,LV,Oronde Gadsden II,00-0040189,TE,rush_yds,0.003,0.0,0.0,0.0,0.0,0.0
2026_02_LV_LAC,LAC,LV,Oronde Gadsden II,00-0040189,TE,tgt,3.102,1.0,1.0,3.0,4.0,6.0
2026_02_LV_LAC,LAC,LV,Oronde Gadsden II,00-0040189,TE,rec,2.251,0.0,1.0,2.0,3.0,5.0
2026_02_LV_LAC,LAC,LV,Oronde Gadsden II,00-0040189,TE,rec_yds,25.216,0.0,7.084,19.457,37.017,57.645
2026_02_LV_LAC,LAC,LV,Oronde Gadsden II,00-0040189,TE,anytime_td,0.156,0.0,0.0,0.0,0.0,1.0
2026_02_LV_LAC,LAC,LV,Alec Ingold,00-0035125,RB,car,0.529,0.0,0.0,0.0,0.0,2.0
2026_02_LV_LAC,LAC,LV,Alec Ingold,00-0035125,RB,rush_yds,2.144,0.0,0.0,0.0,0.0,6.795
2026_02_LV_LAC,LAC,LV,Alec Ingold,00-0035125,RB,tgt,0.554,0.0,0.0,0.0,1.0,2.0
2026_02_LV_LAC,LAC,LV,Alec Ingold,00-0035125,RB,rec,0.433,0.0,0.0,0.0,1.0,1.0
2026_02_LV_LAC,LAC,LV,Alec Ingold,00-0035125,RB,rec_yds,3.261,0.0,0.0,0.0,2.614,11.339
2026_02_LV_LAC,LAC,LV,Alec Ingold,00-0035125,RB,anytime_td,0.022,0.0,0.0,0.0,0.0,0.0
2026_02_LV_LAC,LAC,LV,Keaton Mitchell,00-0038454,RB,car,3.879,0.0,1.0,3.0,6.0,9.0
2026_02_LV_LAC,LAC,LV,Keaton Mitchell,00-0038454,RB,rush_yds,15.953,0.0,2.764,9.988,22.211,39.498
2026_02_LV_LAC,LAC,LV,Keaton Mitchell,00-0038454,RB,tgt,0.761,0.0,0.0,0.0,1.0,2.0
2026_02_LV_LAC,LAC,LV,Keaton Mitchell,00-0038454,RB,rec,0.586,0.0,0.0,0.0,1.0,2.0
2026_02_LV_LAC,LAC,LV,Keaton Mitchell,00-0038454,RB,rec_yds,4.431,0.0,0.0,0.0,5.744,15.14
2026_02_LV_LAC,LAC,LV,Keaton Mitchell,00-0038454,RB,anytime_td,0.098,0.0,0.0,0.0,0.0,0.0
2026_02_LV_LAC,LAC,LV,Brenen Thompson,00-0041550,WR,car,0.038,0.0,0.0,0.0,0.0,0.0
2026_02_LV_LAC,LAC,LV,Brenen Thompson,00-0041550,WR,rush_yds,0.2,0.0,0.0,0.0,0.0,0.0
2026_02_LV_LAC,LAC,LV,Brenen Thompson,00-0041550,WR,tgt,0.595,0.0,0.0,0.0,1.0,2.0
2026_02_LV_LAC,LAC,LV,Brenen Thompson,00-0041550,WR,rec,0.377,0.0,0.0,0.0,1.0,1.0
2026_02_LV_LAC,LAC,LV,Brenen Thompson,00-0041550,WR,rec_yds,4.981,0.0,0.0,0.0,3.853,17.762
2026_02_LV_LAC,LAC,LV,Brenen Thompson,00-0041550,WR,anytime_td,0.016,0.0,0.0,0.0,0.0,0.0
2026_02_LV_LAC,LAC,LV,David Njoku,00-0033885,TE,car,0.002,0.0,0.0,0.0,0.0,0.0
2026_02_LV_LAC,LAC,LV,David Njoku,00-0033885,TE,rush_yds,0.004,0.0,0.0,0.0,0.0,0.0
2026_02_LV_LAC,LAC,LV,David Njoku,00-0033885,TE,tgt,3.569,1.0,2.0,3.0,5.0,7.0
2026_02_LV_LAC,LAC,LV,David Njoku,00-0033885,TE,rec,2.643,0.0,1.0,2.0,4.0,5.0
2026_02_LV_LAC,LAC,LV,David Njoku,00-0033885,TE,rec_yds,27.177,0.0,9.031,22.087,39.247,59.773
2026_02_LV_LAC,LAC,LV,David Njoku,00-0033885,TE,anytime_td,0.206,0.0,0.0,0.0,0.0,1.0
2026_02_LV_LAC,LAC,LV,Derius Davis,00-0038573,WR,car,0.13,0.0,0.0,0.0,0.0,0.0
2026_02_LV_LAC,LAC,LV,Derius Davis,00-0038573,WR,rush_yds,0.645,0.0,0.0,0.0,0.0,0.0
2026_02_LV_LAC,LAC,LV,Derius Davis,00-0038573,WR,tgt,0.777,0.0,0.0,0.0,1.0,2.0
2026_02_LV_LAC,LAC,LV,Derius Davis,00-0038573,WR,rec,0.478,0.0,0.0,0.0,1.0,2.0
2026_02_LV_LAC,LAC,LV,Derius Davis,00-0038573,WR,rec_yds,6.054,0.0,0.0,0.0,7.473,20.938
2026_02_LV_LAC,LAC,LV,Derius Davis,00-0038573,WR,anytime_td,0.023,0.0,0.0,0.0,0.0,0.0
2026_02_LV_LAC,LAC,LV,Kimani Vidal,00-0039391,RB,car,7.075,2.0,4.0,6.0,10.0,13.0
2026_02_LV_LAC,LAC,LV,Kimani Vidal,00-0039391,RB,rush_yds,28.172,3.724,10.077,21.825,39.232,62.086
2026_02_LV_LAC,LAC,LV,Kimani Vidal,00-0039391,RB,tgt,1.182,0.0,0.0,1.0,2.0,3.0
2026_02_LV_LAC,LAC,LV,Kimani Vidal,00-0039391,RB,rec,0.907,0.0,0.0,1.0,1.0,2.0
2026_02_LV_LAC,LAC,LV,Kimani Vidal,00-0039391,RB,rec_yds,6.871,0.0,0.0,0.0,10.245,21.056
2026_02_LV_LAC,LAC,LV,Kimani Vidal,00-0039391,RB,anytime_td,0.212,0.0,0.0,0.0,0.0,1.0
2026_02_LV_LAC,LV,LAC,Kirk Cousins,00-0029604,QB,att,30.05,20.0,26.0,31.0,36.0,40.0
2026_02_LV_LAC,LV,LAC,Kirk Cousins,00-0029604,QB,cmp,18.786,12.0,15.0,19.0,23.0,26.0
2026_02_LV_LAC,LV,LAC,Kirk Cousins,00-0029604,QB,pass_yds,190.55,108.777,145.33,188.659,233.418,280.273
2026_02_LV_LAC,LV,LAC,Kirk Cousins,00-0029604,QB,pass_td,1.04,0.0,0.0,1.0,2.0,2.0
2026_02_LV_LAC,LV,LAC,Kirk Cousins,00-0029604,QB,ints,0.807,0.0,0.0,1.0,1.0,2.0
2026_02_LV_LAC,LV,LAC,Kirk Cousins,00-0029604,QB,car,2.32,0.0,1.0,2.0,3.0,5.0
2026_02_LV_LAC,LV,LAC,Kirk Cousins,00-0029604,QB,rush_yds,9.757,-1.0,0.0,5.765,15.333,26.794
2026_02_LV_LAC,LV,LAC,Kirk Cousins,00-0029604,QB,tgt,0.001,0.0,0.0,0.0,0.0,0.0
2026_02_LV_LAC,LV,LAC,Kirk Cousins,00-0029604,QB,rec,0.0,0.0,0.0,0.0,0.0,0.0
2026_02_LV_LAC,LV,LAC,Kirk Cousins,00-0029604,QB,rec_yds,0.004,0.0,0.0,0.0,0.0,0.0
2026_02_LV_LAC,LV,LAC,Kirk Cousins,00-0029604,QB,anytime_td,0.058,0.0,0.0,0.0,0.0,0.0
2026_02_LV_LAC,LV,LAC,Michael Mayer,00-0039066,TE,car,0.0,0.0,0.0,0.0,0.0,0.0
2026_02_LV_LAC,LV,LAC,Michael Mayer,00-0039066,TE,rush_yds,0.0,0.0,0.0,0.0,0.0,0.0
2026_02_LV_LAC,LV,LAC,Michael Mayer,00-0039066,TE,tgt,5.46,2.0,3.0,5.0,7.0,9.0
2026_02_LV_LAC,LV,LAC,Michael Mayer,00-0039066,TE,rec,3.813,1.0,2.0,4.0,5.0,7.0
2026_02_LV_LAC,LV,LAC,Michael Mayer,00-0039066,TE,rec_yds,35.464,6.79,16.221,30.85,49.823,70.555
2026_02_LV_LAC,LV,LAC,Michael Mayer,00-0039066,TE,anytime_td,0.084,0.0,0.0,0.0,0.0,0.0
2026_02_LV_LAC,LV,LAC,Ashton Jeanty,00-0040122,RB,car,15.257,8.0,11.0,15.0,19.0,24.0
2026_02_LV_LAC,LV,LAC,Ashton Jeanty,00-0040122,RB,rush_yds,56.073,19.671,32.123,50.38,73.757,98.685
2026_02_LV_LAC,LV,LAC,Ashton Jeanty,00-0040122,RB,tgt,5.458,2.0,3.0,5.0,7.0,9.0
2026_02_LV_LAC,LV,LAC,Ashton Jeanty,00-0040122,RB,rec,4.15,1.0,2.0,4.0,6.0,7.0
2026_02_LV_LAC,LV,LAC,Ashton Jeanty,00-0040122,RB,rec_yds,29.023,4.173,11.686,24.686,40.891,59.808
2026_02_LV_LAC,LV,LAC,Ashton Jeanty,00-0040122,RB,anytime_td,0.476,0.0,0.0,0.0,1.0,1.0
2026_02_LV_LAC,LV,LAC,Jalen Nailor,00-0037291,WR,car,0.066,0.0,0.0,0.0,0.0,0.0
2026_02_LV_LAC,LV,LAC,Jalen Nailor,00-0037291,WR,rush_yds,0.313,0.0,0.0,0.0,0.0,0.0
2026_02_LV_LAC,LV,LAC,Jalen Nailor,00-0037291,WR,tgt,4.18,1.0,2.0,4.0,6.0,8.0
2026_02_LV_LAC,LV,LAC,Jalen Nailor,00-0037291,WR,rec,2.516,0.0,1.0,2.0,4.0,5.0
2026_02_LV_LAC,LV,LAC,Jalen Nailor,00-0037291,WR,rec_yds,30.417,0.0,10.121,24.521,44.739,66.861
2026_02_LV_LAC,LV,LAC,Jalen Nailor,00-0037291,WR,anytime_td,0.116,0.0,0.0,0.0,0.0,1.0
2026_02_LV_LAC,LV,LAC,Tre Tucker,00-0038563,WR,car,0.438,0.0,0.0,0.0,0.0,1.0
2026_02_LV_LAC,LV,LAC,Tre Tucker,00-0038563,WR,rush_yds,2.08,0.0,0.0,0.0,0.0,6.252
2026_02_LV_LAC,LV,LAC,Tre Tucker,00-0038563,WR,tgt,5.6,2.0,4.0,5.0,7.0,9.0
2026_02_LV_LAC,LV,LAC,Tre Tucker,00-0038563,WR,rec,3.271,1.0,2.0,3.0,4.0,6.0
2026_02_LV_LAC,LV,LAC,Tre Tucker,00-0038563,WR,rec_yds,39.805,5.362,16.303,33.642,56.716,82.263
2026_02_LV_LAC,LV,LAC,Tre Tucker,00-0038563,WR,anytime_td,0.124,0.0,0.0,0.0,0.0,1.0
2026_02_LV_LAC,LV,LAC,Jack Bech,00-0040729,WR,car,0.016,0.0,0.0,0.0,0.0,0.0
2026_02_LV_LAC,LV,LAC,Jack Bech,00-0040729,WR,rush_yds,0.107,0.0,0.0,0.0,0.0,0.0
2026_02_LV_LAC,LV,LAC,Jack Bech,00-0040729,WR,tgt,3.378,1.0,2.0,3.0,5.0,6.0
2026_02_LV_LAC,LV,LAC,Jack Bech,00-0040729,WR,rec,2.095,0.0,1.0,2.0,3.0,4.0
2026_02_LV_LAC,LV,LAC,Jack Bech,00-0040729,WR,rec_yds,24.202,0.0,5.531,17.572,35.924,56.827
2026_02_LV_LAC,LV,LAC,Jack Bech,00-0040729,WR,anytime_td,0.145,0.0,0.0,0.0,0.0,1.0
2026_02_LV_LAC,LV,LAC,Ian Thomas,00-0034365,TE,car,0.001,0.0,0.0,0.0,0.0,0.0
2026_02_LV_LAC,LV,LAC,Ian Thomas,00-0034365,TE,rush_yds,0.001,0.0,0.0,0.0,0.0,0.0
2026_02_LV_LAC,LV,LAC,Ian Thomas,00-0034365,TE,tgt,0.885,0.0,0.0,0.0,1.0,2.0
2026_02_LV_LAC,LV,LAC,Ian Thomas,00-0034365,TE,rec,0.61,0.0,0.0,0.0,1.0,2.0
2026_02_LV_LAC,LV,LAC,Ian Thomas,00-0034365,TE,rec_yds,5.989,0.0,0.0,0.0,8.647,20.257
2026_02_LV_LAC,LV,LAC,Ian Thomas,00-0034365,TE,anytime_td,0.01,0.0,0.0,0.0,0.0,0.0
2026_02_LV_LAC,LV,LAC,Connor Heyward,00-0037304,RB,car,1.212,0.0,0.0,0.0,2.0,4.0
2026_02_LV_LAC,LV,LAC,Connor Heyward,00-0037304,RB,rush_yds,4.613,0.0,0.0,0.0,5.29,14.399
2026_02_LV_LAC,LV,LAC,Connor Heyward,00-0037304,RB,tgt,0.257,0.0,0.0,0.0,0.0,1.0
2026_02_LV_LAC,LV,LAC,Connor Heyward,00-0037304,RB,rec,0.193,0.0,0.0,0.0,0.0,1.0
2026_02_LV_LAC,LV,LAC,Connor Heyward,00-0037304,RB,rec_yds,1.311,0.0,0.0,0.0,0.0,4.303
2026_02_LV_LAC,LV,LAC,Connor Heyward,00-0037304,RB,anytime_td,0.054,0.0,0.0,0.0,0.0,0.0
2026_02_LV_LAC,LV,LAC,Mike Washington Jr.,00-0040878,RB,car,4.004,0.0,1.0,3.0,6.0,9.0
2026_02_LV_LAC,LV,LAC,Mike Washington Jr.,00-0040878,RB,rush_yds,15.571,0.0,2.752,9.848,21.875,39.529
2026_02_LV_LAC,LV,LAC,Mike Washington Jr.,00-0040878,RB,tgt,0.319,0.0,0.0,0.0,0.0,1.0
2026_02_LV_LAC,LV,LAC,Mike Washington Jr.,00-0040878,RB,rec,0.238,0.0,0.0,0.0,0.0,1.0
2026_02_LV_LAC,LV,LAC,Mike Washington Jr.,00-0040878,RB,rec_yds,1.648,0.0,0.0,0.0,0.0,5.688
2026_02_LV_LAC,LV,LAC,Mike Washington Jr.,00-0040878,RB,anytime_td,0.104,0.0,0.0,0.0,0.0,1.0
2026_02_LV_LAC,LV,LAC,Dylan Laube,00-0039407,RB,car,1.179,0.0,0.0,0.0,2.0,4.0
2026_02_LV_LAC,LV,LAC,Dylan Laube,00-0039407,RB,rush_yds,4.483,0.0,0.0,0.0,5.05,14.352
2026_02_LV_LAC,LV,LAC,Dylan Laube,00-0039407,RB,tgt,0.507,0.0,0.0,0.0,1.0,2.0
2026_02_LV_LAC,LV,LAC,Dylan Laube,00-0039407,RB,rec,0.373,0.0,0.0,0.0,1.0,1.0
2026_02_LV_LAC,LV,LAC,Dylan Laube,00-0039407,RB,rec_yds,2.601,0.0,0.0,0.0,0.0,9.68
2026_02_LV_LAC,LV,LAC,Dylan Laube,00-0039407,RB,anytime_td,0.031,0.0,0.0,0.0,0.0,0.0
2026_02_LV_LAC,LV,LAC,Malik Benson,00-0040894,WR,car,0.509,0.0,0.0,0.0,0.0,2.0
2026_02_LV_LAC,LV,LAC,Malik Benson,00-0040894,WR,rush_yds,2.458,0.0,0.0,0.0,0.0,7.525
2026_02_LV_LAC,LV,LAC,Malik Benson,00-0040894,WR,tgt,2.097,0.0,1.0,2.0,3.0,5.0
2026_02_LV_LAC,LV,LAC,Malik Benson,00-0040894,WR,rec,1.227,0.0,0.0,1.0,2.0,3.0
2026_02_LV_LAC,LV,LAC,Malik Benson,00-0040894,WR,rec_yds,14.841,0.0,0.0,8.055,22.232,40.428
2026_02_LV_LAC,LV,LAC,Malik Benson,00-0040894,WR,anytime_td,0.047,0.0,0.0,0.0,0.0,0.0
2026_02_LV_LAC,LV,LAC,Cody White,00-0035891,WR,car,0.014,0.0,0.0,0.0,0.0,0.0
2026_02_LV_LAC,LV,LAC,Cody White,00-0035891,WR,rush_yds,0.085,0.0,0.0,0.0,0.0,0.0
2026_02_LV_LAC,LV,LAC,Cody White,00-0035891,WR,tgt,1.554,0.0,0.0,1.0,2.0,4.0
2026_02_LV_LAC,LV,LAC,Cody White,00-0035891,WR,rec,0.921,0.0,0.0,1.0,1.0,2.0
2026_02_LV_LAC,LV,LAC,Cody White,00-0035891,WR,rec_yds,11.34,0.0,0.0,3.737,17.182,33.745
2026_02_LV_LAC,LV,LAC,Cody White,00-0035891,WR,anytime_td,0.039,0.0,0.0,0.0,0.0,0.0
2026_02_MIA_SF,SF,MIA,Brock Purdy,00-0037834,QB,att,29.811,20.0,25.0,30.0,35.0,40.0
2026_02_MIA_SF,SF,MIA,Brock Purdy,00-0037834,QB,cmp,20.532,13.0,17.0,21.0,25.0,28.0
2026_02_MIA_SF,SF,MIA,Brock Purdy,00-0037834,QB,pass_yds,226.393,134.374,176.598,225.442,276.437,328.136
2026_02_MIA_SF,SF,MIA,Brock Purdy,00-0037834,QB,pass_td,1.72,0.0,1.0,2.0,2.0,3.0
2026_02_MIA_SF,SF,MIA,Brock Purdy,00-0037834,QB,ints,0.69,0.0,0.0,0.0,1.0,2.0
2026_02_MIA_SF,SF,MIA,Brock Purdy,00-0037834,QB,car,4.505,1.0,2.0,4.0,6.0,8.0
2026_02_MIA_SF,SF,MIA,Brock Purdy,00-0037834,QB,rush_yds,19.875,0.0,5.962,15.496,28.967,45.164
2026_02_MIA_SF,SF,MIA,Brock Purdy,00-0037834,QB,tgt,0.0,0.0,0.0,0.0,0.0,0.0
2026_02_MIA_SF,SF,MIA,Brock Purdy,00-0037834,QB,rec,0.0,0.0,0.0,0.0,0.0,0.0
2026_02_MIA_SF,SF,MIA,Brock Purdy,00-0037834,QB,rec_yds,0.005,0.0,0.0,0.0,0.0,0.0
2026_02_MIA_SF,SF,MIA,Brock Purdy,00-0037834,QB,anytime_td,0.196,0.0,0.0,0.0,0.0,1.0
2026_02_MIA_SF,SF,MIA,Deebo Samuel Sr.,00-0035719,WR,car,0.794,0.0,0.0,0.0,1.0,3.0
2026_02_MIA_SF,SF,MIA,Deebo Samuel Sr.,00-0035719,WR,rush_yds,4.484,0.0,0.0,0.0,2.118,15.834
2026_02_MIA_SF,SF,MIA,Deebo Samuel Sr.,00-0035719,WR,tgt,5.553,2.0,3.0,5.0,7.0,9.0
2026_02_MIA_SF,SF,MIA,Deebo Samuel Sr.,00-0035719,WR,rec,3.811,1.0,2.0,4.0,5.0,7.0
2026_02_MIA_SF,SF,MIA,Deebo Samuel Sr.,00-0035719,WR,rec_yds,48.322,8.962,22.231,42.041,66.888,96.181
2026_02_MIA_SF,SF,MIA,Deebo Samuel Sr.,00-0035719,WR,anytime_td,0.353,0.0,0.0,0.0,1.0,1.0
2026_02_MIA_SF,SF,MIA,Luke Farrell,00-0036887,TE,car,0.001,0.0,0.0,0.0,0.0,0.0
2026_02_MIA_SF,SF,MIA,Luke Farrell,00-0036887,TE,rush_yds,0.004,0.0,0.0,0.0,0.0,0.0
2026_02_MIA_SF,SF,MIA,Luke Farrell,00-0036887,TE,tgt,1.086,0.0,0.0,1.0,2.0,3.0
2026_02_MIA_SF,SF,MIA,Luke Farrell,00-0036887,TE,rec,0.806,0.0,0.0,0.0,1.0,2.0
2026_02_MIA_SF,SF,MIA,Luke Farrell,00-0036887,TE,rec_yds,8.818,0.0,0.0,0.0,13.287,27.119
2026_02_MIA_SF,SF,MIA,Luke Farrell,00-0036887,TE,anytime_td,0.038,0.0,0.0,0.0,0.0,0.0
2026_02_MIA_SF,SF,MIA,Mike Evans,00-0031408,WR,car,0.018,0.0,0.0,0.0,0.0,0.0
2026_02_MIA_SF,SF,MIA,Mike Evans,00-0031408,WR,rush_yds,0.091,0.0,0.0,0.0,0.0,0.0
2026_02_MIA_SF,SF,MIA,Mike Evans,00-0031408,WR,tgt,5.806,2.0,4.0,5.0,8.0,10.0
2026_02_MIA_SF,SF,MIA,Mike Evans,00-0031408,WR,rec,3.83,1.0,2.0,4.0,5.0,7.0
2026_02_MIA_SF,SF,MIA,Mike Evans,00-0031408,WR,rec_yds,49.965,8.944,22.505,43.018,70.076,99.714
2026_02_MIA_SF,SF,MIA,Mike Evans,00-0031408,WR,anytime_td,0.34,0.0,0.0,0.0,1.0,1.0
2026_02_MIA_SF,SF,MIA,Christian McCaffrey,00-0033280,RB,car,11.675,5.0,7.0,11.0,15.0,19.0
2026_02_MIA_SF,SF,MIA,Christian McCaffrey,00-0033280,RB,rush_yds,52.991,14.756,26.549,45.342,71.488,101.465
2026_02_MIA_SF,SF,MIA,Christian McCaffrey,00-0033280,RB,tgt,6.111,2.0,4.0,6.0,8.0,10.0
2026_02_MIA_SF,SF,MIA,Christian McCaffrey,00-0033280,RB,rec,4.798,2.0,3.0,4.0,6.0,8.0
2026_02_MIA_SF,SF,MIA,Christian McCaffrey,00-0033280,RB,rec_yds,37.713,7.182,17.133,32.814,52.632,74.587
2026_02_MIA_SF,SF,MIA,Christian McCaffrey,00-0033280,RB,anytime_td,0.522,0.0,0.0,1.0,1.0,1.0
2026_02_MIA_SF,SF,MIA,George Kittle,00-0033288,TE,car,0.027,0.0,0.0,0.0,0.0,0.0
2026_02_MIA_SF,SF,MIA,George Kittle,00-0033288,TE,rush_yds,0.058,0.0,0.0,0.0,0.0,0.0
2026_02_MIA_SF,SF,MIA,George Kittle,00-0033288,TE,tgt,5.188,2.0,3.0,5.0,7.0,9.0
2026_02_MIA_SF,SF,MIA,George Kittle,00-0033288,TE,rec,3.791,1.0,2.0,3.0,5.0,7.0
2026_02_MIA_SF,SF,MIA,George Kittle,00-0033288,TE,rec_yds,42.212,8.15,19.067,36.687,59.368,84.524
2026_02_MIA_SF,SF,MIA,George Kittle,00-0033288,TE,anytime_td,0.229,0.0,0.0,0.0,0.0,1.0
2026_02_MIA_SF,SF,MIA,Jacob Cowing,00-0039365,WR,car,0.099,0.0,0.0,0.0,0.0,0.0
2026_02_MIA_SF,SF,MIA,Jacob Cowing,00-0039365,WR,rush_yds,0.641,0.0,0.0,0.0,0.0,0.0
2026_02_MIA_SF,SF,MIA,Jacob Cowing,00-0039365,WR,tgt,0.526,0.0,0.0,0.0,1.0,2.0
2026_02_MIA_SF,SF,MIA,Jacob Cowing,00-0039365,WR,rec,0.344,0.0,0.0,0.0,1.0,1.0
2026_02_MIA_SF,SF,MIA,Jacob Cowing,00-0039365,WR,rec_yds,4.77,0.0,0.0,0.0,0.0,17.412
2026_02_MIA_SF,SF,MIA,Jacob Cowing,00-0039365,WR,anytime_td,0.012,0.0,0.0,0.0,0.0,0.0
2026_02_MIA_SF,SF,MIA,Kyle Juszczyk,00-0029892,RB,car,0.446,0.0,0.0,0.0,0.0,1.0
2026_02_MIA_SF,SF,MIA,Kyle Juszczyk,00-0029892,RB,rush_yds,1.987,0.0,0.0,0.0,0.0,5.381
2026_02_MIA_SF,SF,MIA,Kyle Juszczyk,00-0029892,RB,tgt,1.184,0.0,0.0,1.0,2.0,3.0
2026_02_MIA_SF,SF,MIA,Kyle Juszczyk,00-0029892,RB,rec,0.965,0.0,0.0,1.0,1.0,3.0
2026_02_MIA_SF,SF,MIA,Kyle Juszczyk,00-0029892,RB,rec_yds,7.88,0.0,0.0,1.05,11.341,24.15
2026_02_MIA_SF,SF,MIA,Kyle Juszczyk,00-0029892,RB,anytime_td,0.074,0.0,0.0,0.0,0.0,0.0
2026_02_MIA_SF,SF,MIA,KhaDarel Hodge,00-0034854,WR,car,0.014,0.0,0.0,0.0,0.0,0.0
2026_02_MIA_SF,SF,MIA,KhaDarel Hodge,00-0034854,WR,rush_yds,0.079,0.0,0.0,0.0,0.0,0.0
2026_02_MIA_SF,SF,MIA,KhaDarel Hodge,00-0034854,WR,tgt,0.749,0.0,0.0,0.0,1.0,2.0
2026_02_MIA_SF,SF,MIA,KhaDarel Hodge,00-0034854,WR,rec,0.475,0.0,0.0,0.0,1.0,2.0
2026_02_MIA_SF,SF,MIA,KhaDarel Hodge,00-0034854,WR,rec_yds,6.35,0.0,0.0,0.0,7.547,22.222
2026_02_MIA_SF,SF,MIA,KhaDarel Hodge,00-0034854,WR,anytime_td,0.017,0.0,0.0,0.0,0.0,0.0
2026_02_MIA_SF,SF,MIA,Kaelon Black,00-0041052,RB,car,8.17,2.0,4.0,7.0,11.0,15.0
2026_02_MIA_SF,SF,MIA,Kaelon Black,00-0041052,RB,rush_yds,36.863,6.262,15.198,29.65,50.448,78.449
2026_02_MIA_SF,SF,MIA,Kaelon Black,00-0041052,RB,tgt,0.851,0.0,0.0,0.0,1.0,2.0
2026_02_MIA_SF,SF,MIA,Kaelon Black,00-0041052,RB,rec,0.69,0.0,0.0,0.0,1.0,2.0
2026_02_MIA_SF,SF,MIA,Kaelon Black,00-0041052,RB,rec_yds,5.334,0.0,0.0,0.0,7.599,17.523
2026_02_MIA_SF,SF,MIA,Kaelon Black,00-0041052,RB,anytime_td,0.256,0.0,0.0,0.0,1.0,1.0
2026_02_MIA_SF,SF,MIA,Demarcus Robinson,00-0032775,WR,car,0.04,0.0,0.0,0.0,0.0,0.0
2026_02_MIA_SF,SF,MIA,Demarcus Robinson,00-0032775,WR,rush_yds,0.221,0.0,0.0,0.0,0.0,0.0
2026_02_MIA_SF,SF,MIA,Demarcus Robinson,00-0032775,WR,tgt,2.561,0.0,1.0,2.0,4.0,5.0
2026_02_MIA_SF,SF,MIA,Demarcus Robinson,00-0032775,WR,rec,1.715,0.0,1.0,1.0,3.0,4.0
2026_02_MIA_SF,SF,MIA,Demarcus Robinson,00-0032775,WR,rec_yds,24.444,0.0,2.228,16.288,36.306,62.926
2026_02_MIA_SF,SF,MIA,Demarcus Robinson,00-0032775,WR,anytime_td,0.219,0.0,0.0,0.0,0.0,1.0
2026_02_MIA_SF,SF,MIA,Jordan James,00-0040177,RB,car,2.683,0.0,0.0,2.0,4.0,7.0
2026_02_MIA_SF,SF,MIA,Jordan James,00-0040177,RB,rush_yds,11.637,0.0,0.0,5.584,16.287,32.446
2026_02_MIA_SF,SF,MIA,Jordan James,00-0040177,RB,tgt,0.557,0.0,0.0,0.0,1.0,2.0
2026_02_MIA_SF,SF,MIA,Jordan James,00-0040177,RB,rec,0.442,0.0,0.0,0.0,1.0,1.0
2026_02_MIA_SF,SF,MIA,Jordan James,00-0040177,RB,rec_yds,3.507,0.0,0.0,0.0,2.228,12.644
2026_02_MIA_SF,SF,MIA,Jordan James,00-0040177,RB,anytime_td,0.105,0.0,0.0,0.0,0.0,1.0
2026_02_MIA_SF,MIA,SF,Malik Willis,00-0038128,QB,att,27.325,17.0,23.0,28.0,33.0,37.0
2026_02_MIA_SF,MIA,SF,Malik Willis,00-0038128,QB,cmp,17.211,10.0,14.0,17.0,21.0,24.0
2026_02_MIA_SF,MIA,SF,Malik Willis,00-0038128,QB,pass_yds,182.032,98.85,136.166,179.197,225.584,274.113
2026_02_MIA_SF,MIA,SF,Malik Willis,00-0038128,QB,pass_td,0.973,0.0,0.0,1.0,2.0,2.0
2026_02_MIA_SF,MIA,SF,Malik Willis,00-0038128,QB,ints,0.697,0.0,0.0,0.0,1.0,2.0
2026_02_MIA_SF,MIA,SF,Malik Willis,00-0038128,QB,car,4.424,1.0,2.0,4.0,6.0,8.0
2026_02_MIA_SF,MIA,SF,Malik Willis,00-0038128,QB,rush_yds,23.974,2.007,9.396,20.065,34.371,49.817
2026_02_MIA_SF,MIA,SF,Malik Willis,00-0038128,QB,tgt,0.001,0.0,0.0,0.0,0.0,0.0
2026_02_MIA_SF,MIA,SF,Malik Willis,00-0038128,QB,rec,0.001,0.0,0.0,0.0,0.0,0.0
2026_02_MIA_SF,MIA,SF,Malik Willis,00-0038128,QB,rec_yds,0.008,0.0,0.0,0.0,0.0,0.0
2026_02_MIA_SF,MIA,SF,Malik Willis,00-0038128,QB,anytime_td,0.19,0.0,0.0,0.0,0.0,1.0
2026_02_MIA_SF,MIA,SF,Caleb Douglas,00-0041523,WR,car,0.038,0.0,0.0,0.0,0.0,0.0
2026_02_MIA_SF,MIA,SF,Caleb Douglas,00-0041523,WR,rush_yds,0.196,0.0,0.0,0.0,0.0,0.0
2026_02_MIA_SF,MIA,SF,Caleb Douglas,00-0041523,WR,tgt,6.049,2.0,4.0,6.0,8.0,10.0
2026_02_MIA_SF,MIA,SF,Caleb Douglas,00-0041523,WR,rec,3.764,1.0,2.0,3.0,5.0,7.0
2026_02_MIA_SF,MIA,SF,Caleb Douglas,00-0041523,WR,rec_yds,49.765,9.289,22.712,43.106,69.342,98.717
2026_02_MIA_SF,MIA,SF,Caleb Douglas,00-0041523,WR,anytime_td,0.153,0.0,0.0,0.0,0.0,1.0
2026_02_MIA_SF,MIA,SF,De'Von Achane,00-0039040,RB,car,12.518,6.0,8.0,12.0,16.0,20.0
2026_02_MIA_SF,MIA,SF,De'Von Achane,00-0039040,RB,rush_yds,52.582,15.943,27.88,46.097,70.295,98.319
2026_02_MIA_SF,MIA,SF,De'Von Achane,00-0039040,RB,tgt,5.267,2.0,3.0,5.0,7.0,9.0
2026_02_MIA_SF,MIA,SF,De'Von Achane,00-0039040,RB,rec,4.035,1.0,2.0,4.0,5.0,7.0
2026_02_MIA_SF,MIA,SF,De'Von Achane,00-0039040,RB,rec_yds,28.598,3.983,11.675,23.941,40.687,59.24
2026_02_MIA_SF,MIA,SF,De'Von Achane,00-0039040,RB,anytime_td,0.298,0.0,0.0,0.0,1.0,1.0
2026_02_MIA_SF,MIA,SF,Malik Washington,00-0039880,WR,car,0.566,0.0,0.0,0.0,1.0,2.0
2026_02_MIA_SF,MIA,SF,Malik Washington,00-0039880,WR,rush_yds,2.799,0.0,0.0,0.0,0.0,9.185
2026_02_MIA_SF,MIA,SF,Malik Washington,00-0039880,WR,tgt,5.415,2.0,3.0,5.0,7.0,9.0
2026_02_MIA_SF,MIA,SF,Malik Washington,00-0039880,WR,rec,3.181,1.0,2.0,3.0,4.0,6.0
2026_02_MIA_SF,MIA,SF,Malik Washington,00-0039880,WR,rec_yds,37.724,5.23,15.124,31.534,54.147,77.62
2026_02_MIA_SF,MIA,SF,Malik Washington,00-0039880,WR,anytime_td,0.178,0.0,0.0,0.0,0.0,1.0
2026_02_MIA_SF,MIA,SF,Greg Dulcich,00-0037252,TE,car,0.069,0.0,0.0,0.0,0.0,0.0
2026_02_MIA_SF,MIA,SF,Greg Dulcich,00-0037252,TE,rush_yds,0.186,0.0,0.0,0.0,0.0,0.0
2026_02_MIA_SF,MIA,SF,Greg Dulcich,00-0037252,TE,tgt,3.443,1.0,2.0,3.0,5.0,6.0
2026_02_MIA_SF,MIA,SF,Greg Dulcich,00-0037252,TE,rec,2.446,0.0,1.0,2.0,3.0,5.0
2026_02_MIA_SF,MIA,SF,Greg Dulcich,00-0037252,TE,rec_yds,25.28,0.0,8.129,20.502,36.997,54.828
2026_02_MIA_SF,MIA,SF,Greg Dulcich,00-0037252,TE,anytime_td,0.1,0.0,0.0,0.0,0.0,0.0
2026_02_MIA_SF,MIA,SF,Will Kacmarek,00-0041524,TE,car,0.002,0.0,0.0,0.0,0.0,0.0
2026_02_MIA_SF,MIA,SF,Will Kacmarek,00-0041524,TE,rush_yds,0.004,0.0,0.0,0.0,0.0,0.0
2026_02_MIA_SF,MIA,SF,Will Kacmarek,00-0041524,TE,tgt,1.149,0.0,0.0,1.0,2.0,3.0
2026_02_MIA_SF,MIA,SF,Will Kacmarek,00-0041524,TE,rec,0.779,0.0,0.0,0.0,1.0,2.0
2026_02_MIA_SF,MIA,SF,Will Kacmarek,00-0041524,TE,rec_yds,7.653,0.0,0.0,0.0,11.229,23.7
2026_02_MIA_SF,MIA,SF,Will Kacmarek,00-0041524,TE,anytime_td,0.033,0.0,0.0,0.0,0.0,0.0
2026_02_MIA_SF,MIA,SF,Kevin Coleman Jr.,00-0041529,WR,car,0.046,0.0,0.0,0.0,0.0,0.0
2026_02_MIA_SF,MIA,SF,Kevin Coleman Jr.,00-0041529,WR,rush_yds,0.253,0.0,0.0,0.0,0.0,0.0
2026_02_MIA_SF,MIA,SF,Kevin Coleman Jr.,00-0041529,WR,tgt,2.14,0.0,1.0,2.0,3.0,5.0
2026_02_MIA_SF,MIA,SF,Kevin Coleman Jr.,00-0041529,WR,rec,1.249,0.0,0.0,1.0,2.0,3.0
2026_02_MIA_SF,MIA,SF,Kevin Coleman Jr.,00-0041529,WR,rec_yds,15.28,0.0,0.0,8.804,23.036,41.211
2026_02_MIA_SF,MIA,SF,Kevin Coleman Jr.,00-0041529,WR,anytime_td,0.061,0.0,0.0,0.0,0.0,0.0
2026_02_MIA_SF,MIA,SF,Chris Bell,00-0041525,WR,car,0.04,0.0,0.0,0.0,0.0,0.0
2026_02_MIA_SF,MIA,SF,Chris Bell,00-0041525,WR,rush_yds,0.204,0.0,0.0,0.0,0.0,0.0
2026_02_MIA_SF,MIA,SF,Chris Bell,00-0041525,WR,tgt,2.185,0.0,1.0,2.0,3.0,5.0
2026_02_MIA_SF,MIA,SF,Chris Bell,00-0041525,WR,rec,1.319,0.0,0.0,1.0,2.0,3.0
2026_02_MIA_SF,MIA,SF,Chris Bell,00-0041525,WR,rec_yds,16.75,0.0,0.0,9.994,24.813,45.419
2026_02_MIA_SF,MIA,SF,Chris Bell,00-0041525,WR,anytime_td,0.063,0.0,0.0,0.0,0.0,0.0
2026_02_MIA_SF,MIA,SF,DJ Herman,00-0041436,RB,car,1.32,0.0,0.0,0.0,2.0,4.0
2026_02_MIA_SF,MIA,SF,DJ Herman,00-0041436,RB,rush_yds,5.003,0.0,0.0,0.0,5.804,15.664
2026_02_MIA_SF,MIA,SF,DJ Herman,00-0041436,RB,tgt,0.321,0.0,0.0,0.0,0.0,1.0
2026_02_MIA_SF,MIA,SF,DJ Herman,00-0041436,RB,rec,0.24,0.0,0.0,0.0,0.0,1.0
2026_02_MIA_SF,MIA,SF,DJ Herman,00-0041436,RB,rec_yds,1.697,0.0,0.0,0.0,0.0,6.192
2026_02_MIA_SF,MIA,SF,DJ Herman,00-0041436,RB,anytime_td,0.032,0.0,0.0,0.0,0.0,0.0
2026_02_MIA_SF,MIA,SF,Ollie Gordon II,00-0040198,RB,car,2.927,0.0,1.0,2.0,4.0,7.0
2026_02_MIA_SF,MIA,SF,Ollie Gordon II,00-0040198,RB,rush_yds,10.742,0.0,0.0,5.778,15.278,28.038
2026_02_MIA_SF,MIA,SF,Ollie Gordon II,00-0040198,RB,tgt,0.447,0.0,0.0,0.0,1.0,1.0
2026_02_MIA_SF,MIA,SF,Ollie Gordon II,00-0040198,RB,rec,0.338,0.0,0.0,0.0,1.0,1.0
2026_02_MIA_SF,MIA,SF,Ollie Gordon II,00-0040198,RB,rec_yds,2.44,0.0,0.0,0.0,0.0,8.972
2026_02_MIA_SF,MIA,SF,Ollie Gordon II,00-0040198,RB,anytime_td,0.09,0.0,0.0,0.0,0.0,0.0
2026_02_MIA_SF,MIA,SF,Ryan Miller,00-0038824,WR,car,0.012,0.0,0.0,0.0,0.0,0.0
2026_02_MIA_SF,MIA,SF,Ryan Miller,00-0038824,WR,rush_yds,0.048,0.0,0.0,0.0,0.0,0.0
2026_02_MIA_SF,MIA,SF,Ryan Miller,00-0038824,WR,tgt,0.597,0.0,0.0,0.0,1.0,2.0
2026_02_MIA_SF,MIA,SF,Ryan Miller,00-0038824,WR,rec,0.361,0.0,0.0,0.0,1.0,1.0
2026_02_MIA_SF,MIA,SF,Ryan Miller,00-0038824,WR,rec_yds,4.457,0.0,0.0,0.0,3.096,15.741
2026_02_MIA_SF,MIA,SF,Ryan Miller,00-0038824,WR,anytime_td,0.018,0.0,0.0,0.0,0.0,0.0
2026_02_MIA_SF,MIA,SF,Jaylen Wright,00-0039874,RB,car,5.085,1.0,2.0,4.0,7.0,11.0
2026_02_MIA_SF,MIA,SF,Jaylen Wright,00-0039874,RB,rush_yds,19.523,0.0,4.995,13.841,27.944,45.496
2026_02_MIA_SF,MIA,SF,Jaylen Wright,00-0039874,RB,tgt,0.934,0.0,0.0,1.0,1.0,3.0
2026_02_MIA_SF,MIA,SF,Jaylen Wright,00-0039874,RB,rec,0.688,0.0,0.0,0.0,1.0,2.0
2026_02_MIA_SF,MIA,SF,Jaylen Wright,00-0039874,RB,rec_yds,4.929,0.0,0.0,0.0,7.002,16.216
2026_02_MIA_SF,MIA,SF,Jaylen Wright,00-0039874,RB,anytime_td,0.115,0.0,0.0,0.0,0.0,1.0
2026_02_MIN_CHI,CHI,MIN,Caleb Williams,00-0039918,QB,att,28.291,18.0,24.0,29.0,34.0,38.0
2026_02_MIN_CHI,CHI,MIN,Caleb Williams,00-0039918,QB,cmp,17.374,11.0,14.0,18.0,21.0,25.0
2026_02_MIN_CHI,CHI,MIN,Caleb Williams,00-0039918,QB,pass_yds,207.351,112.646,157.656,207.432,257.832,307.342
2026_02_MIN_CHI,CHI,MIN,Caleb Williams,00-0039918,QB,pass_td,1.362,0.0,1.0,1.0,2.0,3.0
2026_02_MIN_CHI,CHI,MIN,Caleb Williams,00-0039918,QB,ints,0.594,0.0,0.0,0.0,1.0,2.0
2026_02_MIN_CHI,CHI,MIN,Caleb Williams,00-0039918,QB,car,5.001,2.0,3.0,5.0,7.0,9.0
2026_02_MIN_CHI,CHI,MIN,Caleb Williams,00-0039918,QB,rush_yds,23.716,1.049,9.219,19.864,34.115,50.031
2026_02_MIN_CHI,CHI,MIN,Caleb Williams,00-0039918,QB,tgt,0.0,0.0,0.0,0.0,0.0,0.0
2026_02_MIN_CHI,CHI,MIN,Caleb Williams,00-0039918,QB,rec,0.0,0.0,0.0,0.0,0.0,0.0
2026_02_MIN_CHI,CHI,MIN,Caleb Williams,00-0039918,QB,rec_yds,0.0,0.0,0.0,0.0,0.0,0.0
2026_02_MIN_CHI,CHI,MIN,Caleb Williams,00-0039918,QB,anytime_td,0.232,0.0,0.0,0.0,0.0,1.0
2026_02_MIN_CHI,CHI,MIN,Colston Loveland,00-0040126,TE,car,0.052,0.0,0.0,0.0,0.0,0.0
2026_02_MIN_CHI,CHI,MIN,Colston Loveland,00-0040126,TE,rush_yds,0.116,0.0,0.0,0.0,0.0,0.0
2026_02_MIN_CHI,CHI,MIN,Colston Loveland,00-0040126,TE,tgt,5.376,2.0,3.0,5.0,7.0,9.0
2026_02_MIN_CHI,CHI,MIN,Colston Loveland,00-0040126,TE,rec,3.366,1.0,2.0,3.0,5.0,6.0
2026_02_MIN_CHI,CHI,MIN,Colston Loveland,00-0040126,TE,rec_yds,39.052,6.107,16.641,33.498,54.871,79.975
2026_02_MIN_CHI,CHI,MIN,Colston Loveland,00-0040126,TE,anytime_td,0.195,0.0,0.0,0.0,0.0,1.0
2026_02_MIN_CHI,CHI,MIN,Rome Odunze,00-0039919,WR,car,0.019,0.0,0.0,0.0,0.0,0.0
2026_02_MIN_CHI,CHI,MIN,Rome Odunze,00-0039919,WR,rush_yds,0.09,0.0,0.0,0.0,0.0,0.0
2026_02_MIN_CHI,CHI,MIN,Rome Odunze,00-0039919,WR,tgt,4.939,2.0,3.0,5.0,6.0,9.0
2026_02_MIN_CHI,CHI,MIN,Rome Odunze,00-0039919,WR,rec,2.705,1.0,1.0,2.0,4.0,5.0
2026_02_MIN_CHI,CHI,MIN,Rome Odunze,00-0039919,WR,rec_yds,39.228,1.183,13.855,31.814,56.82,84.148
2026_02_MIN_CHI,CHI,MIN,Rome Odunze,00-0039919,WR,anytime_td,0.156,0.0,0.0,0.0,0.0,1.0
2026_02_MIN_CHI,CHI,MIN,Cole Kmet,00-0036290,TE,car,0.002,0.0,0.0,0.0,0.0,0.0
2026_02_MIN_CHI,CHI,MIN,Cole Kmet,00-0036290,TE,rush_yds,0.001,0.0,0.0,0.0,0.0,0.0
2026_02_MIN_CHI,CHI,MIN,Cole Kmet,00-0036290,TE,tgt,2.508,0.0,1.0,2.0,4.0,5.0
2026_02_MIN_CHI,CHI,MIN,Cole Kmet,00-0036290,TE,rec,1.701,0.0,1.0,1.0,2.0,4.0
2026_02_MIN_CHI,CHI,MIN,Cole Kmet,00-0036290,TE,rec_yds,18.891,0.0,1.109,13.032,28.199,46.99
2026_02_MIN_CHI,CHI,MIN,Cole Kmet,00-0036290,TE,anytime_td,0.207,0.0,0.0,0.0,0.0,1.0
2026_02_MIN_CHI,CHI,MIN,D'Andre Swift,00-0036275,RB,car,13.15,6.0,9.0,12.0,17.0,21.0
2026_02_MIN_CHI,CHI,MIN,D'Andre Swift,00-0036275,RB,rush_yds,58.354,17.602,31.208,51.756,78.433,108.914
2026_02_MIN_CHI,CHI,MIN,D'Andre Swift,00-0036275,RB,tgt,1.544,0.0,0.0,1.0,2.0,4.0
2026_02_MIN_CHI,CHI,MIN,D'Andre Swift,00-0036275,RB,rec,1.149,0.0,0.0,1.0,2.0,3.0
2026_02_MIN_CHI,CHI,MIN,D'Andre Swift,00-0036275,RB,rec_yds,9.421,0.0,0.0,4.17,14.191,27.287
2026_02_MIN_CHI,CHI,MIN,D'Andre Swift,00-0036275,RB,anytime_td,0.375,0.0,0.0,0.0,1.0,1.0
2026_02_MIN_CHI,CHI,MIN,Kalif Raymond,00-0032464,WR,car,0.073,0.0,0.0,0.0,0.0,0.0
2026_02_MIN_CHI,CHI,MIN,Kalif Raymond,00-0032464,WR,rush_yds,0.433,0.0,0.0,0.0,0.0,0.0
2026_02_MIN_CHI,CHI,MIN,Kalif Raymond,00-0032464,WR,tgt,4.101,1.0,2.0,4.0,6.0,8.0
2026_02_MIN_CHI,CHI,MIN,Kalif Raymond,00-0032464,WR,rec,2.7,0.0,1.0,2.0,4.0,5.0
2026_02_MIN_CHI,CHI,MIN,Kalif Raymond,00-0032464,WR,rec_yds,34.535,0.0,11.463,27.358,49.386,77.844
2026_02_MIN_CHI,CHI,MIN,Kalif Raymond,00-0032464,WR,anytime_td,0.105,0.0,0.0,0.0,0.0,1.0
2026_02_MIN_CHI,CHI,MIN,Luther Burden III,00-0040735,WR,car,0.607,0.0,0.0,0.0,1.0,2.0
2026_02_MIN_CHI,CHI,MIN,Luther Burden III,00-0040735,WR,rush_yds,3.16,0.0,0.0,0.0,0.0,10.982
2026_02_MIN_CHI,CHI,MIN,Luther Burden III,00-0040735,WR,tgt,4.695,2.0,3.0,4.0,6.0,8.0
2026_02_MIN_CHI,CHI,MIN,Luther Burden III,00-0040735,WR,rec,3.005,1.0,2.0,3.0,4.0,6.0
2026_02_MIN_CHI,CHI,MIN,Luther Burden III,00-0040735,WR,rec_yds,39.821,4.173,15.178,33.129,57.281,83.737
2026_02_MIN_CHI,CHI,MIN,Luther Burden III,00-0040735,WR,anytime_td,0.129,0.0,0.0,0.0,0.0,1.0
2026_02_MIN_CHI,CHI,MIN,Kyle Monangai,00-0040236,RB,car,9.028,3.0,5.0,8.0,12.0,16.0
2026_02_MIN_CHI,CHI,MIN,Kyle Monangai,00-0040236,RB,rush_yds,39.662,6.959,16.659,32.985,55.464,80.505
2026_02_MIN_CHI,CHI,MIN,Kyle Monangai,00-0040236,RB,tgt,1.899,0.0,1.0,2.0,3.0,4.0
2026_02_MIN_CHI,CHI,MIN,Kyle Monangai,00-0040236,RB,rec,1.407,0.0,0.0,1.0,2.0,3.0
2026_02_MIN_CHI,CHI,MIN,Kyle Monangai,00-0040236,RB,rec_yds,11.45,0.0,0.0,6.3,16.966,31.658
2026_02_MIN_CHI,CHI,MIN,Kyle Monangai,00-0040236,RB,anytime_td,0.223,0.0,0.0,0.0,0.0,1.0
2026_02_MIN_CHI,CHI,MIN,Jahdae Walker,00-0040277,WR,car,0.019,0.0,0.0,0.0,0.0,0.0
2026_02_MIN_CHI,CHI,MIN,Jahdae Walker,00-0040277,WR,rush_yds,0.1,0.0,0.0,0.0,0.0,0.0
2026_02_MIN_CHI,CHI,MIN,Jahdae Walker,00-0040277,WR,tgt,1.467,0.0,0.0,1.0,2.0,3.1
2026_02_MIN_CHI,CHI,MIN,Jahdae Walker,00-0040277,WR,rec,0.901,0.0,0.0,1.0,1.0,2.0
2026_02_MIN_CHI,CHI,MIN,Jahdae Walker,00-0040277,WR,rec_yds,11.717,0.0,0.0,3.418,17.516,35.343
2026_02_MIN_CHI,CHI,MIN,Jahdae Walker,00-0040277,WR,anytime_td,0.182,0.0,0.0,0.0,0.0,1.0
2026_02_MIN_CHI,CHI,MIN,Zavion Thomas,00-0041051,WR,car,0.102,0.0,0.0,0.0,0.0,0.0
2026_02_MIN_CHI,CHI,MIN,Zavion Thomas,00-0041051,WR,rush_yds,0.549,0.0,0.0,0.0,0.0,0.0
2026_02_MIN_CHI,CHI,MIN,Zavion Thomas,00-0041051,WR,tgt,1.381,0.0,0.0,1.0,2.0,3.0
2026_02_MIN_CHI,CHI,MIN,Zavion Thomas,00-0041051,WR,rec,0.834,0.0,0.0,1.0,1.0,2.0
2026_02_MIN_CHI,CHI,MIN,Zavion Thomas,00-0041051,WR,rec_yds,10.959,0.0,0.0,0.0,16.477,33.661
2026_02_MIN_CHI,CHI,MIN,Zavion Thomas,00-0041051,WR,anytime_td,0.055,0.0,0.0,0.0,0.0,0.0
2026_02_MIN_CHI,CHI,MIN,Roschon Johnson,00-0039021,RB,car,2.497,0.0,0.0,2.0,4.0,6.0
2026_02_MIN_CHI,CHI,MIN,Roschon Johnson,00-0039021,RB,rush_yds,9.847,0.0,0.0,4.174,13.432,27.893
2026_02_MIN_CHI,CHI,MIN,Roschon Johnson,00-0039021,RB,tgt,0.831,0.0,0.0,0.0,1.0,2.0
2026_02_MIN_CHI,CHI,MIN,Roschon Johnson,00-0039021,RB,rec,0.629,0.0,0.0,0.0,1.0,2.0
2026_02_MIN_CHI,CHI,MIN,Roschon Johnson,00-0039021,RB,rec_yds,4.686,0.0,0.0,0.0,6.301,15.648
2026_02_MIN_CHI,CHI,MIN,Roschon Johnson,00-0039021,RB,anytime_td,0.117,0.0,0.0,0.0,0.0,1.0
2026_02_MIN_CHI,MIN,CHI,Carson Wentz,00-0032950,QB,att,28.831,19.0,24.0,29.0,34.0,39.0
2026_02_MIN_CHI,MIN,CHI,Carson Wentz,00-0032950,QB,cmp,17.712,11.0,14.0,18.0,22.0,25.0
2026_02_MIN_CHI,MIN,CHI,Carson Wentz,00-0032950,QB,pass_yds,194.153,107.189,147.015,192.355,239.472,289.61
2026_02_MIN_CHI,MIN,CHI,Carson Wentz,00-0032950,QB,pass_td,1.013,0.0,0.0,1.0,2.0,2.0
2026_02_MIN_CHI,MIN,CHI,Carson Wentz,00-0032950,QB,ints,0.72,0.0,0.0,0.0,1.0,2.0
2026_02_MIN_CHI,MIN,CHI,Carson Wentz,00-0032950,QB,car,3.057,0.0,1.0,3.0,4.0,6.0
2026_02_MIN_CHI,MIN,CHI,Carson Wentz,00-0032950,QB,rush_yds,13.939,0.0,1.926,10.176,21.06,33.699
2026_02_MIN_CHI,MIN,CHI,Carson Wentz,00-0032950,QB,tgt,0.001,0.0,0.0,0.0,0.0,0.0
2026_02_MIN_CHI,MIN,CHI,Carson Wentz,00-0032950,QB,rec,0.0,0.0,0.0,0.0,0.0,0.0
2026_02_MIN_CHI,MIN,CHI,Carson Wentz,00-0032950,QB,rec_yds,0.001,0.0,0.0,0.0,0.0,0.0
2026_02_MIN_CHI,MIN,CHI,Carson Wentz,00-0032950,QB,anytime_td,0.022,0.0,0.0,0.0,0.0,0.0
2026_02_MIN_CHI,MIN,CHI,Justin Jefferson,00-0036322,WR,car,0.143,0.0,0.0,0.0,0.0,0.0
2026_02_MIN_CHI,MIN,CHI,Justin Jefferson,00-0036322,WR,rush_yds,0.801,0.0,0.0,0.0,0.0,0.0
2026_02_MIN_CHI,MIN,CHI,Justin Jefferson,00-0036322,WR,tgt,10.227,5.0,7.0,10.0,13.0,16.0
2026_02_MIN_CHI,MIN,CHI,Justin Jefferson,00-0036322,WR,rec,6.316,3.0,4.0,6.0,8.0,10.0
2026_02_MIN_CHI,MIN,CHI,Justin Jefferson,00-0036322,WR,rec_yds,79.773,27.26,46.642,73.415,106.475,140.365
2026_02_MIN_CHI,MIN,CHI,Justin Jefferson,00-0036322,WR,anytime_td,0.314,0.0,0.0,0.0,1.0,1.0
2026_02_MIN_CHI,MIN,CHI,Jordan Addison,00-0038994,WR,car,0.173,0.0,0.0,0.0,0.0,0.0
2026_02_MIN_CHI,MIN,CHI,Jordan Addison,00-0038994,WR,rush_yds,1.009,0.0,0.0,0.0,0.0,0.0
2026_02_MIN_CHI,MIN,CHI,Jordan Addison,00-0038994,WR,tgt,4.966,2.0,3.0,5.0,7.0,9.0
2026_02_MIN_CHI,MIN,CHI,Jordan Addison,00-0038994,WR,rec,2.696,1.0,1.0,2.0,4.0,5.0
2026_02_MIN_CHI,MIN,CHI,Jordan Addison,00-0038994,WR,rec_yds,35.772,1.013,12.727,29.783,52.124,76.441
2026_02_MIN_CHI,MIN,CHI,Jordan Addison,00-0038994,WR,anytime_td,0.117,0.0,0.0,0.0,0.0,1.0
2026_02_MIN_CHI,MIN,CHI,Aaron Jones,00-0033293,RB,car,16.184,8.0,11.0,16.0,20.0,25.0
2026_02_MIN_CHI,MIN,CHI,Aaron Jones,00-0033293,RB,rush_yds,65.214,23.765,37.453,58.87,86.622,114.485
2026_02_MIN_CHI,MIN,CHI,Aaron Jones,00-0033293,RB,tgt,3.48,1.0,2.0,3.0,5.0,7.0
2026_02_MIN_CHI,MIN,CHI,Aaron Jones,00-0033293,RB,rec,2.454,0.0,1.0,2.0,3.0,5.0
2026_02_MIN_CHI,MIN,CHI,Aaron Jones,00-0033293,RB,rec_yds,17.923,0.0,4.159,13.224,26.261,41.645
2026_02_MIN_CHI,MIN,CHI,Aaron Jones,00-0033293,RB,anytime_td,0.294,0.0,0.0,0.0,1.0,1.0
2026_02_MIN_CHI,MIN,CHI,T.J. Hockenson,00-0035229,TE,car,0.075,0.0,0.0,0.0,0.0,0.0
2026_02_MIN_CHI,MIN,CHI,T.J. Hockenson,00-0035229,TE,rush_yds,0.165,0.0,0.0,0.0,0.0,0.0
2026_02_MIN_CHI,MIN,CHI,T.J. Hockenson,00-0035229,TE,tgt,5.258,2.0,3.0,5.0,7.0,9.0
2026_02_MIN_CHI,MIN,CHI,T.J. Hockenson,00-0035229,TE,rec,3.651,1.0,2.0,3.0,5.0,7.0
2026_02_MIN_CHI,MIN,CHI,T.J. Hockenson,00-0035229,TE,rec_yds,37.925,6.911,16.93,32.027,52.846,76.313
2026_02_MIN_CHI,MIN,CHI,T.J. Hockenson,00-0035229,TE,anytime_td,0.186,0.0,0.0,0.0,0.0,1.0
2026_02_MIN_CHI,MIN,CHI,Josh Oliver,00-0035249,TE,car,0.002,0.0,0.0,0.0,0.0,0.0
2026_02_MIN_CHI,MIN,CHI,Josh Oliver,00-0035249,TE,rush_yds,0.004,0.0,0.0,0.0,0.0,0.0
2026_02_MIN_CHI,MIN,CHI,Josh Oliver,00-0035249,TE,tgt,2.902,0.0,1.0,3.0,4.0,6.0
2026_02_MIN_CHI,MIN,CHI,Josh Oliver,00-0035249,TE,rec,1.912,0.0,1.0,2.0,3.0,4.0
2026_02_MIN_CHI,MIN,CHI,Josh Oliver,00-0035249,TE,rec_yds,20.34,0.0,4.15,14.916,30.448,48.469
2026_02_MIN_CHI,MIN,CHI,Josh Oliver,00-0035249,TE,anytime_td,0.098,0.0,0.0,0.0,0.0,0.0
2026_02_MIN_CHI,MIN,CHI,Max Bredeson,00-0041081,RB,car,1.272,0.0,0.0,0.0,2.0,4.0
2026_02_MIN_CHI,MIN,CHI,Max Bredeson,00-0041081,RB,rush_yds,5.363,0.0,0.0,0.0,6.119,18.101
2026_02_MIN_CHI,MIN,CHI,Max Bredeson,00-0041081,RB,tgt,0.356,0.0,0.0,0.0,0.0,1.0
2026_02_MIN_CHI,MIN,CHI,Max Bredeson,00-0041081,RB,rec,0.265,0.0,0.0,0.0,0.0,1.0
2026_02_MIN_CHI,MIN,CHI,Max Bredeson,00-0041081,RB,rec_yds,1.944,0.0,0.0,0.0,0.0,7.007
2026_02_MIN_CHI,MIN,CHI,Max Bredeson,00-0041081,RB,anytime_td,0.024,0.0,0.0,0.0,0.0,0.0
2026_02_MIN_CHI,MIN,CHI,DeeJay Dallas,00-0036425,RB,car,1.35,0.0,0.0,1.0,2.0,4.0
2026_02_MIN_CHI,MIN,CHI,DeeJay Dallas,00-0036425,RB,rush_yds,5.72,0.0,0.0,0.0,7.042,17.662
2026_02_MIN_CHI,MIN,CHI,DeeJay Dallas,00-0036425,RB,tgt,1.011,0.0,0.0,1.0,2.0,3.0
2026_02_MIN_CHI,MIN,CHI,DeeJay Dallas,00-0036425,RB,rec,0.742,0.0,0.0,0.0,1.0,2.0
2026_02_MIN_CHI,MIN,CHI,DeeJay Dallas,00-0036425,RB,rec_yds,5.575,0.0,0.0,0.0,8.087,17.548
2026_02_MIN_CHI,MIN,CHI,DeeJay Dallas,00-0036425,RB,anytime_td,0.035,0.0,0.0,0.0,0.0,0.0
2026_02_MIN_CHI,MIN,CHI,Demond Claiborne,00-0041104,RB,car,3.693,0.0,1.0,3.0,5.0,9.0
2026_02_MIN_CHI,MIN,CHI,Demond Claiborne,00-0041104,RB,rush_yds,15.329,0.0,1.869,8.965,21.726,39.678
2026_02_MIN_CHI,MIN,CHI,Demond Claiborne,00-0041104,RB,tgt,0.771,0.0,0.0,0.0,1.0,2.0
2026_02_MIN_CHI,MIN,CHI,Demond Claiborne,00-0041104,RB,rec,0.571,0.0,0.0,0.0,1.0,2.0
2026_02_MIN_CHI,MIN,CHI,Demond Claiborne,00-0041104,RB,rec_yds,4.299,0.0,0.0,0.0,5.392,14.714
2026_02_MIN_CHI,MIN,CHI,Demond Claiborne,00-0041104,RB,anytime_td,0.102,0.0,0.0,0.0,0.0,1.0
2026_02_NO_BAL,BAL,NO,Lamar Jackson,00-0034796,QB,att,25.713,16.0,21.0,26.0,31.0,35.1
2026_02_NO_BAL,BAL,NO,Lamar Jackson,00-0034796,QB,cmp,17.048,10.0,14.0,17.0,21.0,24.0
2026_02_NO_BAL,BAL,NO,Lamar Jackson,00-0034796,QB,pass_yds,208.762,111.663,158.183,206.931,260.35,311.343
2026_02_NO_BAL,BAL,NO,Lamar Jackson,00-0034796,QB,pass_td,1.488,0.0,1.0,1.0,2.0,3.0
2026_02_NO_BAL,BAL,NO,Lamar Jackson,00-0034796,QB,ints,0.524,0.0,0.0,0.0,1.0,2.0
2026_02_NO_BAL,BAL,NO,Lamar Jackson,00-0034796,QB,car,5.126,1.0,3.0,5.0,7.0,9.0
2026_02_NO_BAL,BAL,NO,Lamar Jackson,00-0034796,QB,rush_yds,23.112,0.0,7.523,18.99,33.423,51.055
2026_02_NO_BAL,BAL,NO,Lamar Jackson,00-0034796,QB,tgt,0.001,0.0,0.0,0.0,0.0,0.0
2026_02_NO_BAL,BAL,NO,Lamar Jackson,00-0034796,QB,rec,0.0,0.0,0.0,0.0,0.0,0.0
2026_02_NO_BAL,BAL,NO,Lamar Jackson,00-0034796,QB,rec_yds,0.001,0.0,0.0,0.0,0.0,0.0
2026_02_NO_BAL,BAL,NO,Lamar Jackson,00-0034796,QB,anytime_td,0.291,0.0,0.0,0.0,1.0,1.0
2026_02_NO_BAL,BAL,NO,Rashod Bateman,00-0036550,WR,car,0.016,0.0,0.0,0.0,0.0,0.0
2026_02_NO_BAL,BAL,NO,Rashod Bateman,00-0036550,WR,rush_yds,0.135,0.0,0.0,0.0,0.0,0.0
2026_02_NO_BAL,BAL,NO,Rashod Bateman,00-0036550,WR,tgt,3.797,1.0,2.0,3.0,5.0,7.0
2026_02_NO_BAL,BAL,NO,Rashod Bateman,00-0036550,WR,rec,2.306,0.0,1.0,2.0,3.0,5.0
2026_02_NO_BAL,BAL,NO,Rashod Bateman,00-0036550,WR,rec_yds,33.477,0.0,9.921,25.82,48.768,75.991
2026_02_NO_BAL,BAL,NO,Rashod Bateman,00-0036550,WR,anytime_td,0.132,0.0,0.0,0.0,0.0,1.0
2026_02_NO_BAL,BAL,NO,Mark Andrews,00-0034753,TE,car,0.352,0.0,0.0,0.0,0.0,1.0
2026_02_NO_BAL,BAL,NO,Mark Andrews,00-0034753,TE,rush_yds,0.867,0.0,0.0,0.0,0.0,2.132
2026_02_NO_BAL,BAL,NO,Mark Andrews,00-0034753,TE,tgt,8.119,4.0,6.0,8.0,10.0,13.0
2026_02_NO_BAL,BAL,NO,Mark Andrews,00-0034753,TE,rec,5.719,2.0,4.0,5.0,7.0,9.0
2026_02_NO_BAL,BAL,NO,Mark Andrews,00-0034753,TE,rec_yds,67.491,22.576,39.425,62.068,89.745,121.064
2026_02_NO_BAL,BAL,NO,Mark Andrews,00-0034753,TE,anytime_td,0.192,0.0,0.0,0.0,0.0,1.0
2026_02_NO_BAL,BAL,NO,Chris Moore,00-0032398,WR,car,0.04,0.0,0.0,0.0,0.0,0.0
2026_02_NO_BAL,BAL,NO,Chris Moore,00-0032398,WR,rush_yds,0.23,0.0,0.0,0.0,0.0,0.0
2026_02_NO_BAL,BAL,NO,Chris Moore,00-0032398,WR,tgt,2.687,0.0,1.0,2.0,4.0,5.0
2026_02_NO_BAL,BAL,NO,Chris Moore,00-0032398,WR,rec,1.67,0.0,1.0,1.0,2.0,4.0
2026_02_NO_BAL,BAL,NO,Chris Moore,00-0032398,WR,rec_yds,27.166,0.0,1.335,18.288,40.921,68.507
2026_02_NO_BAL,BAL,NO,Chris Moore,00-0032398,WR,anytime_td,0.06,0.0,0.0,0.0,0.0,0.0
2026_02_NO_BAL,BAL,NO,Durham Smythe,00-0034798,TE,car,0.003,0.0,0.0,0.0,0.0,0.0
2026_02_NO_BAL,BAL,NO,Durham Smythe,00-0034798,TE,rush_yds,0.006,0.0,0.0,0.0,0.0,0.0
2026_02_NO_BAL,BAL,NO,Durham Smythe,00-0034798,TE,tgt,1.245,0.0,0.0,1.0,2.0,3.0
2026_02_NO_BAL,BAL,NO,Durham Smythe,00-0034798,TE,rec,0.896,0.0,0.0,1.0,1.0,2.0
2026_02_NO_BAL,BAL,NO,Durham Smythe,00-0034798,TE,rec_yds,10.116,0.0,0.0,3.443,15.422,29.464
2026_02_NO_BAL,BAL,NO,Durham Smythe,00-0034798,TE,anytime_td,0.04,0.0,0.0,0.0,0.0,0.0
2026_02_NO_BAL,BAL,NO,LaJohntay Wester,00-0040075,WR,car,0.014,0.0,0.0,0.0,0.0,0.0
2026_02_NO_BAL,BAL,NO,LaJohntay Wester,00-0040075,WR,rush_yds,0.134,0.0,0.0,0.0,0.0,0.0
2026_02_NO_BAL,BAL,NO,LaJohntay Wester,00-0040075,WR,tgt,1.43,0.0,0.0,1.0,2.0,3.0
2026_02_NO_BAL,BAL,NO,LaJohntay Wester,00-0040075,WR,rec,0.929,0.0,0.0,1.0,1.0,2.0
2026_02_NO_BAL,BAL,NO,LaJohntay Wester,00-0040075,WR,rec_yds,13.3,0.0,0.0,4.604,20.236,38.777
2026_02_NO_BAL,BAL,NO,LaJohntay Wester,00-0040075,WR,anytime_td,0.018,0.0,0.0,0.0,0.0,0.0
2026_02_NO_BAL,BAL,NO,Derrick Henry,00-0032764,RB,car,22.381,13.0,17.0,22.0,27.0,32.0
2026_02_NO_BAL,BAL,NO,Derrick Henry,00-0032764,RB,rush_yds,112.141,50.925,73.322,104.52,142.885,183.299
2026_02_NO_BAL,BAL,NO,Derrick Henry,00-0032764,RB,tgt,1.877,0.0,1.0,2.0,3.0,4.0
2026_02_NO_BAL,BAL,NO,Derrick Henry,00-0032764,RB,rec,1.462,0.0,0.0,1.0,2.0,3.0
2026_02_NO_BAL,BAL,NO,Derrick Henry,00-0032764,RB,rec_yds,13.261,0.0,0.0,8.038,19.987,35.248
2026_02_NO_BAL,BAL,NO,Derrick Henry,00-0032764,RB,anytime_td,0.617,0.0,0.0,1.0,1.0,1.0
2026_02_NO_BAL,BAL,NO,Justice Hill,00-0034975,RB,car,3.717,0.0,1.0,3.0,5.0,9.0
2026_02_NO_BAL,BAL,NO,Justice Hill,00-0034975,RB,rush_yds,15.913,0.0,1.942,9.343,22.651,41.107
2026_02_NO_BAL,BAL,NO,Justice Hill,00-0034975,RB,tgt,3.213,1.0,2.0,3.0,4.0,6.0
2026_02_NO_BAL,BAL,NO,Justice Hill,00-0034975,RB,rec,2.532,0.0,1.0,2.0,4.0,5.0
2026_02_NO_BAL,BAL,NO,Justice Hill,00-0034975,RB,rec_yds,22.352,0.0,5.627,16.848,32.461,53.031
2026_02_NO_BAL,BAL,NO,Justice Hill,00-0034975,RB,anytime_td,0.205,0.0,0.0,0.0,0.0,1.0
2026_02_NO_BAL,BAL,NO,Matthew Hibner,00-0040879,TE,car,0.002,0.0,0.0,0.0,0.0,0.0
2026_02_NO_BAL,BAL,NO,Matthew Hibner,00-0040879,TE,rush_yds,0.008,0.0,0.0,0.0,0.0,0.0
2026_02_NO_BAL,BAL,NO,Matthew Hibner,00-0040879,TE,tgt,1.621,0.0,0.0,1.0,2.0,4.0
2026_02_NO_BAL,BAL,NO,Matthew Hibner,00-0040879,TE,rec,1.173,0.0,0.0,1.0,2.0,3.0
2026_02_NO_BAL,BAL,NO,Matthew Hibner,00-0040879,TE,rec_yds,14.216,0.0,0.0,7.624,21.65,39.44
2026_02_NO_BAL,BAL,NO,Matthew Hibner,00-0040879,TE,anytime_td,0.04,0.0,0.0,0.0,0.0,0.0
2026_02_NO_BAL,BAL,NO,Devontez Walker,00-0039792,WR,car,0.021,0.0,0.0,0.0,0.0,0.0
2026_02_NO_BAL,BAL,NO,Devontez Walker,00-0039792,WR,rush_yds,0.122,0.0,0.0,0.0,0.0,0.0
2026_02_NO_BAL,BAL,NO,Devontez Walker,00-0039792,WR,tgt,1.779,0.0,1.0,1.0,3.0,4.0
2026_02_NO_BAL,BAL,NO,Devontez Walker,00-0039792,WR,rec,1.133,0.0,0.0,1.0,2.0,3.0
2026_02_NO_BAL,BAL,NO,Devontez Walker,00-0039792,WR,rec_yds,16.924,0.0,0.0,8.366,25.03,47.614
2026_02_NO_BAL,BAL,NO,Devontez Walker,00-0039792,WR,anytime_td,0.118,0.0,0.0,0.0,0.0,1.0
2026_02_NO_BAL,BAL,NO,Josh Cuevas,00-0040887,TE,car,0.004,0.0,0.0,0.0,0.0,0.0
2026_02_NO_BAL,BAL,NO,Josh Cuevas,00-0040887,TE,rush_yds,0.005,0.0,0.0,0.0,0.0,0.0
2026_02_NO_BAL,BAL,NO,Josh Cuevas,00-0040887,TE,tgt,0.538,0.0,0.0,0.0,1.0,2.0
2026_02_NO_BAL,BAL,NO,Josh Cuevas,00-0040887,TE,rec,0.383,0.0,0.0,0.0,1.0,1.0
2026_02_NO_BAL,BAL,NO,Josh Cuevas,00-0040887,TE,rec_yds,4.696,0.0,0.0,0.0,4.38,17.593
2026_02_NO_BAL,BAL,NO,Josh Cuevas,00-0040887,TE,anytime_td,0.011,0.0,0.0,0.0,0.0,0.0
2026_02_NO_BAL,NO,BAL,Tyler Shough,00-0040743,QB,att,33.494,23.0,29.0,34.0,40.0,44.0
2026_02_NO_BAL,NO,BAL,Tyler Shough,00-0040743,QB,cmp,21.328,14.0,18.0,22.0,26.0,29.0
2026_02_NO_BAL,NO,BAL,Tyler Shough,00-0040743,QB,pass_yds,225.644,133.474,175.472,225.052,274.799,327.588
2026_02_NO_BAL,NO,BAL,Tyler Shough,00-0040743,QB,pass_td,1.326,0.0,0.0,1.0,2.0,3.0
2026_02_NO_BAL,NO,BAL,Tyler Shough,00-0040743,QB,ints,0.833,0.0,0.0,1.0,1.0,2.0
2026_02_NO_BAL,NO,BAL,Tyler Shough,00-0040743,QB,car,3.538,1.0,2.0,3.0,5.0,7.0
2026_02_NO_BAL,NO,BAL,Tyler Shough,00-0040743,QB,rush_yds,16.35,0.0,3.781,12.289,24.487,37.93
2026_02_NO_BAL,NO,BAL,Tyler Shough,00-0040743,QB,tgt,0.001,0.0,0.0,0.0,0.0,0.0
2026_02_NO_BAL,NO,BAL,Tyler Shough,00-0040743,QB,rec,0.0,0.0,0.0,0.0,0.0,0.0
2026_02_NO_BAL,NO,BAL,Tyler Shough,00-0040743,QB,rec_yds,0.001,0.0,0.0,0.0,0.0,0.0
2026_02_NO_BAL,NO,BAL,Tyler Shough,00-0040743,QB,anytime_td,0.155,0.0,0.0,0.0,0.0,1.0
2026_02_NO_BAL,NO,BAL,Devaughn Vele,00-0039424,WR,car,0.01,0.0,0.0,0.0,0.0,0.0
2026_02_NO_BAL,NO,BAL,Devaughn Vele,00-0039424,WR,rush_yds,0.062,0.0,0.0,0.0,0.0,0.0
2026_02_NO_BAL,NO,BAL,Devaughn Vele,00-0039424,WR,tgt,4.413,1.0,2.0,4.0,6.0,8.0
2026_02_NO_BAL,NO,BAL,Devaughn Vele,00-0039424,WR,rec,2.793,1.0,1.0,2.5,4.0,5.0
2026_02_NO_BAL,NO,BAL,Devaughn Vele,00-0039424,WR,rec_yds,33.407,0.0,11.274,26.776,48.122,72.951
2026_02_NO_BAL,NO,BAL,Devaughn Vele,00-0039424,WR,anytime_td,0.213,0.0,0.0,0.0,0.0,1.0
2026_02_NO_BAL,NO,BAL,Chris Olave,00-0037239,WR,car,0.034,0.0,0.0,0.0,0.0,0.0
2026_02_NO_BAL,NO,BAL,Chris Olave,00-0037239,WR,rush_yds,0.156,0.0,0.0,0.0,0.0,0.0
2026_02_NO_BAL,NO,BAL,Chris Olave,00-0037239,WR,tgt,8.403,4.0,6.0,8.0,11.0,13.0
2026_02_NO_BAL,NO,BAL,Chris Olave,00-0037239,WR,rec,5.286,2.0,3.0,5.0,7.0,9.0
2026_02_NO_BAL,NO,BAL,Chris Olave,00-0037239,WR,rec_yds,70.231,20.572,38.339,63.365,95.836,128.469
2026_02_NO_BAL,NO,BAL,Chris Olave,00-0037239,WR,anytime_td,0.27,0.0,0.0,0.0,1.0,1.0
2026_02_NO_BAL,NO,BAL,Bryce Lance,00-0041067,WR,car,0.024,0.0,0.0,0.0,0.0,0.0
2026_02_NO_BAL,NO,BAL,Bryce Lance,00-0041067,WR,rush_yds,0.108,0.0,0.0,0.0,0.0,0.0
2026_02_NO_BAL,NO,BAL,Bryce Lance,00-0041067,WR,tgt,2.263,0.0,1.0,2.0,3.0,5.0
2026_02_NO_BAL,NO,BAL,Bryce Lance,00-0041067,WR,rec,1.381,0.0,0.0,1.0,2.0,3.0
2026_02_NO_BAL,NO,BAL,Bryce Lance,00-0041067,WR,rec_yds,17.284,0.0,0.0,10.33,25.784,45.686
2026_02_NO_BAL,NO,BAL,Bryce Lance,00-0041067,WR,anytime_td,0.049,0.0,0.0,0.0,0.0,0.0
2026_02_NO_BAL,NO,BAL,Travis Etienne,00-0036973,RB,car,9.105,3.0,5.0,8.0,12.0,16.0
2026_02_NO_BAL,NO,BAL,Travis Etienne,00-0036973,RB,rush_yds,36.931,7.876,16.591,30.938,49.653,74.733
2026_02_NO_BAL,NO,BAL,Travis Etienne,00-0036973,RB,tgt,3.984,1.0,2.0,4.0,5.0,7.0
2026_02_NO_BAL,NO,BAL,Travis Etienne,00-0036973,RB,rec,2.985,1.0,1.0,3.0,4.0,6.0
2026_02_NO_BAL,NO,BAL,Travis Etienne,00-0036973,RB,rec_yds,20.491,0.0,6.395,15.86,29.607,46.294
2026_02_NO_BAL,NO,BAL,Travis Etienne,00-0036973,RB,anytime_td,0.291,0.0,0.0,0.0,1.0,1.0
2026_02_NO_BAL,NO,BAL,Juwan Johnson,00-0036040,TE,car,0.003,0.0,0.0,0.0,0.0,0.0
2026_02_NO_BAL,NO,BAL,Juwan Johnson,00-0036040,TE,rush_yds,0.004,0.0,0.0,0.0,0.0,0.0
2026_02_NO_BAL,NO,BAL,Juwan Johnson,00-0036040,TE,tgt,4.572,1.0,3.0,4.0,6.0,8.0
2026_02_NO_BAL,NO,BAL,Juwan Johnson,00-0036040,TE,rec,3.049,1.0,1.0,3.0,4.0,6.0
2026_02_NO_BAL,NO,BAL,Juwan Johnson,00-0036040,TE,rec_yds,34.257,3.24,12.671,28.406,49.213,72.163
2026_02_NO_BAL,NO,BAL,Juwan Johnson,00-0036040,TE,anytime_td,0.205,0.0,0.0,0.0,0.0,1.0
2026_02_NO_BAL,NO,BAL,Noah Fant,00-0035644,TE,car,0.002,0.0,0.0,0.0,0.0,0.0
2026_02_NO_BAL,NO,BAL,Noah Fant,00-0035644,TE,rush_yds,0.002,0.0,0.0,0.0,0.0,0.0
2026_02_NO_BAL,NO,BAL,Noah Fant,00-0035644,TE,tgt,2.97,0.0,1.0,3.0,4.0,6.0
2026_02_NO_BAL,NO,BAL,Noah Fant,00-0035644,TE,rec,1.946,0.0,1.0,2.0,3.0,4.0
2026_02_NO_BAL,NO,BAL,Noah Fant,00-0035644,TE,rec_yds,18.899,0.0,3.647,13.841,28.34,45.19
2026_02_NO_BAL,NO,BAL,Noah Fant,00-0035644,TE,anytime_td,0.157,0.0,0.0,0.0,0.0,1.0
2026_02_NO_BAL,NO,BAL,CJ Donaldson,00-0041326,RB,car,1.876,0.0,0.0,1.0,3.0,5.0
2026_02_NO_BAL,NO,BAL,CJ Donaldson,00-0041326,RB,rush_yds,7.351,0.0,0.0,2.527,9.745,21.253
2026_02_NO_BAL,NO,BAL,CJ Donaldson,00-0041326,RB,tgt,1.166,0.0,0.0,1.0,2.0,3.0
2026_02_NO_BAL,NO,BAL,CJ Donaldson,00-0041326,RB,rec,0.865,0.0,0.0,0.0,1.0,2.0
2026_02_NO_BAL,NO,BAL,CJ Donaldson,00-0041326,RB,rec_yds,6.108,0.0,0.0,0.0,8.756,19.348
2026_02_NO_BAL,NO,BAL,CJ Donaldson,00-0041326,RB,anytime_td,0.069,0.0,0.0,0.0,0.0,0.0
2026_02_NO_BAL,NO,BAL,Alvin Kamara,00-0033906,RB,car,8.434,3.0,5.0,8.0,11.0,15.0
2026_02_NO_BAL,NO,BAL,Alvin Kamara,00-0033906,RB,rush_yds,32.507,6.194,13.957,26.021,44.615,67.052
2026_02_NO_BAL,NO,BAL,Alvin Kamara,00-0033906,RB,tgt,3.159,1.0,1.0,3.0,4.0,6.0
2026_02_NO_BAL,NO,BAL,Alvin Kamara,00-0033906,RB,rec,2.385,0.0,1.0,2.0,3.0,5.0
2026_02_NO_BAL,NO,BAL,Alvin Kamara,00-0033906,RB,rec_yds,16.561,0.0,3.723,11.673,23.888,40.264
2026_02_NO_BAL,NO,BAL,Alvin Kamara,00-0033906,RB,anytime_td,0.266,0.0,0.0,0.0,1.0,1.0
2026_02_NO_BAL,NO,BAL,Oscar Delp,00-0041041,TE,car,0.006,0.0,0.0,0.0,0.0,0.0
2026_02_NO_BAL,NO,BAL,Oscar Delp,00-0041041,TE,rush_yds,0.011,0.0,0.0,0.0,0.0,0.0
2026_02_NO_BAL,NO,BAL,Oscar Delp,00-0041041,TE,tgt,0.801,0.0,0.0,0.0,1.0,2.0
2026_02_NO_BAL,NO,BAL,Oscar Delp,00-0041041,TE,rec,0.553,0.0,0.0,0.0,1.0,2.0
2026_02_NO_BAL,NO,BAL,Oscar Delp,00-0041041,TE,rec_yds,5.631,0.0,0.0,0.0,7.376,19.962
2026_02_NO_BAL,NO,BAL,Oscar Delp,00-0041041,TE,anytime_td,0.025,0.0,0.0,0.0,0.0,0.0
2026_02_NO_BAL,NO,BAL,Kevin Austin Jr.,00-0037231,WR,car,0.021,0.0,0.0,0.0,0.0,0.0
2026_02_NO_BAL,NO,BAL,Kevin Austin Jr.,00-0037231,WR,rush_yds,0.099,0.0,0.0,0.0,0.0,0.0
2026_02_NO_BAL,NO,BAL,Kevin Austin Jr.,00-0037231,WR,tgt,1.922,0.0,1.0,2.0,3.0,4.0
2026_02_NO_BAL,NO,BAL,Kevin Austin Jr.,00-0037231,WR,rec,1.134,0.0,0.0,1.0,2.0,3.0
2026_02_NO_BAL,NO,BAL,Kevin Austin Jr.,00-0037231,WR,rec_yds,13.738,0.0,0.0,7.322,20.71,38.67
2026_02_NO_BAL,NO,BAL,Kevin Austin Jr.,00-0037231,WR,anytime_td,0.069,0.0,0.0,0.0,0.0,0.0
2026_02_NO_BAL,NO,BAL,Barion Brown,00-0041099,WR,car,0.565,0.0,0.0,0.0,1.0,2.0
2026_02_NO_BAL,NO,BAL,Barion Brown,00-0041099,WR,rush_yds,2.928,0.0,0.0,0.0,0.0,10.448
2026_02_NO_BAL,NO,BAL,Barion Brown,00-0041099,WR,tgt,0.397,0.0,0.0,0.0,1.0,1.0
2026_02_NO_BAL,NO,BAL,Barion Brown,00-0041099,WR,rec,0.24,0.0,0.0,0.0,0.0,1.0
2026_02_NO_BAL,NO,BAL,Barion Brown,00-0041099,WR,rec_yds,2.972,0.0,0.0,0.0,0.0,10.971
2026_02_NO_BAL,NO,BAL,Barion Brown,00-0041099,WR,anytime_td,0.018,0.0,0.0,0.0,0.0,0.0
2026_02_PHI_TEN,TEN,PHI,Cam Ward,00-0040676,QB,att,30.05,20.0,25.0,31.0,36.0,40.0
2026_02_PHI_TEN,TEN,PHI,Cam Ward,00-0040676,QB,cmp,18.015,11.0,14.0,18.0,22.0,25.0
2026_02_PHI_TEN,TEN,PHI,Cam Ward,00-0040676,QB,pass_yds,192.303,105.586,146.371,190.565,237.526,284.243
2026_02_PHI_TEN,TEN,PHI,Cam Ward,00-0040676,QB,pass_td,1.183,0.0,0.0,1.0,2.0,3.0
2026_02_PHI_TEN,TEN,PHI,Cam Ward,00-0040676,QB,ints,0.653,0.0,0.0,0.0,1.0,2.0
2026_02_PHI_TEN,TEN,PHI,Cam Ward,00-0040676,QB,car,3.126,1.0,1.0,3.0,4.0,6.0
2026_02_PHI_TEN,TEN,PHI,Cam Ward,00-0040676,QB,rush_yds,15.055,0.0,3.219,11.48,22.917,35.634
2026_02_PHI_TEN,TEN,PHI,Cam Ward,00-0040676,QB,tgt,0.0,0.0,0.0,0.0,0.0,0.0
2026_02_PHI_TEN,TEN,PHI,Cam Ward,00-0040676,QB,rec,0.0,0.0,0.0,0.0,0.0,0.0
2026_02_PHI_TEN,TEN,PHI,Cam Ward,00-0040676,QB,rec_yds,0.001,0.0,0.0,0.0,0.0,0.0
2026_02_PHI_TEN,TEN,PHI,Cam Ward,00-0040676,QB,anytime_td,0.121,0.0,0.0,0.0,0.0,1.0
2026_02_PHI_TEN,TEN,PHI,Gunnar Helm,00-0040584,TE,car,0.001,0.0,0.0,0.0,0.0,0.0
2026_02_PHI_TEN,TEN,PHI,Gunnar Helm,00-0040584,TE,rush_yds,0.003,0.0,0.0,0.0,0.0,0.0
2026_02_PHI_TEN,TEN,PHI,Gunnar Helm,00-0040584,TE,tgt,3.108,1.0,1.0,3.0,4.0,6.0
2026_02_PHI_TEN,TEN,PHI,Gunnar Helm,00-0040584,TE,rec,2.119,0.0,1.0,2.0,3.0,4.0
2026_02_PHI_TEN,TEN,PHI,Gunnar Helm,00-0040584,TE,rec_yds,19.915,0.0,4.888,14.509,29.624,46.044
2026_02_PHI_TEN,TEN,PHI,Gunnar Helm,00-0040584,TE,anytime_td,0.108,0.0,0.0,0.0,0.0,1.0
2026_02_PHI_TEN,TEN,PHI,Carnell Tate,00-0041438,WR,car,0.046,0.0,0.0,0.0,0.0,0.0
2026_02_PHI_TEN,TEN,PHI,Carnell Tate,00-0041438,WR,rush_yds,0.206,0.0,0.0,0.0,0.0,0.0
2026_02_PHI_TEN,TEN,PHI,Carnell Tate,00-0041438,WR,tgt,3.884,1.0,2.0,4.0,5.0,7.0
2026_02_PHI_TEN,TEN,PHI,Carnell Tate,00-0041438,WR,rec,2.309,0.0,1.0,2.0,3.0,5.0
2026_02_PHI_TEN,TEN,PHI,Carnell Tate,00-0041438,WR,rec_yds,28.321,0.0,8.187,22.103,41.757,64.271
2026_02_PHI_TEN,TEN,PHI,Carnell Tate,00-0041438,WR,anytime_td,0.124,0.0,0.0,0.0,0.0,1.0
2026_02_PHI_TEN,TEN,PHI,Calvin Ridley,00-0034837,WR,car,0.126,0.0,0.0,0.0,0.0,0.0
2026_02_PHI_TEN,TEN,PHI,Calvin Ridley,00-0034837,WR,rush_yds,0.582,0.0,0.0,0.0,0.0,0.0
2026_02_PHI_TEN,TEN,PHI,Calvin Ridley,00-0034837,WR,tgt,2.712,0.0,1.0,2.0,4.0,6.0
2026_02_PHI_TEN,TEN,PHI,Calvin Ridley,00-0034837,WR,rec,1.524,0.0,0.0,1.0,2.0,3.0
2026_02_PHI_TEN,TEN,PHI,Calvin Ridley,00-0034837,WR,rec_yds,20.75,0.0,0.0,13.404,31.487,53.803
2026_02_PHI_TEN,TEN,PHI,Calvin Ridley,00-0034837,WR,anytime_td,0.085,0.0,0.0,0.0,0.0,0.0
2026_02_PHI_TEN,TEN,PHI,Tony Pollard,00-0035261,RB,car,13.55,6.0,9.0,13.0,17.0,22.0
2026_02_PHI_TEN,TEN,PHI,Tony Pollard,00-0035261,RB,rush_yds,53.849,17.327,29.2,47.552,71.253,100.21
2026_02_PHI_TEN,TEN,PHI,Tony Pollard,00-0035261,RB,tgt,1.745,0.0,0.0,1.0,3.0,4.0
2026_02_PHI_TEN,TEN,PHI,Tony Pollard,00-0035261,RB,rec,1.247,0.0,0.0,1.0,2.0,3.0
2026_02_PHI_TEN,TEN,PHI,Tony Pollard,00-0035261,RB,rec_yds,8.63,0.0,0.0,4.291,13.037,23.77
2026_02_PHI_TEN,TEN,PHI,Tony Pollard,00-0035261,RB,anytime_td,0.277,0.0,0.0,0.0,1.0,1.0
2026_02_PHI_TEN,TEN,PHI,Elic Ayomanor,00-0040170,WR,car,0.012,0.0,0.0,0.0,0.0,0.0
2026_02_PHI_TEN,TEN,PHI,Elic Ayomanor,00-0040170,WR,rush_yds,0.054,0.0,0.0,0.0,0.0,0.0
2026_02_PHI_TEN,TEN,PHI,Elic Ayomanor,00-0040170,WR,tgt,3.92,1.0,2.0,4.0,5.0,7.0
2026_02_PHI_TEN,TEN,PHI,Elic Ayomanor,00-0040170,WR,rec,2.092,0.0,1.0,2.0,3.0,4.0
2026_02_PHI_TEN,TEN,PHI,Elic Ayomanor,00-0040170,WR,rec_yds,26.607,0.0,6.696,20.13,39.112,61.656
2026_02_PHI_TEN,TEN,PHI,Elic Ayomanor,00-0040170,WR,anytime_td,0.237,0.0,0.0,0.0,0.0,1.0
2026_02_PHI_TEN,TEN,PHI,Wan'Dale Robinson,00-0038117,WR,car,0.141,0.0,0.0,0.0,0.0,0.0
2026_02_PHI_TEN,TEN,PHI,Wan'Dale Robinson,00-0038117,WR,rush_yds,0.669,0.0,0.0,0.0,0.0,0.0
2026_02_PHI_TEN,TEN,PHI,Wan'Dale Robinson,00-0038117,WR,tgt,6.669,3.0,4.0,6.0,9.0,11.0
2026_02_PHI_TEN,TEN,PHI,Wan'Dale Robinson,00-0038117,WR,rec,4.105,1.0,2.0,4.0,6.0,7.0
2026_02_PHI_TEN,TEN,PHI,Wan'Dale Robinson,00-0038117,WR,rec_yds,47.468,9.843,22.298,40.701,65.97,93.573
2026_02_PHI_TEN,TEN,PHI,Wan'Dale Robinson,00-0038117,WR,anytime_td,0.198,0.0,0.0,0.0,0.0,1.0
2026_02_PHI_TEN,TEN,PHI,Daniel Bellinger,00-0038115,TE,car,0.003,0.0,0.0,0.0,0.0,0.0
2026_02_PHI_TEN,TEN,PHI,Daniel Bellinger,00-0038115,TE,rush_yds,0.009,0.0,0.0,0.0,0.0,0.0
2026_02_PHI_TEN,TEN,PHI,Daniel Bellinger,00-0038115,TE,tgt,1.283,0.0,0.0,1.0,2.0,3.0
2026_02_PHI_TEN,TEN,PHI,Daniel Bellinger,00-0038115,TE,rec,0.864,0.0,0.0,1.0,1.0,2.0
2026_02_PHI_TEN,TEN,PHI,Daniel Bellinger,00-0038115,TE,rec_yds,9.072,0.0,0.0,1.101,13.527,27.635
2026_02_PHI_TEN,TEN,PHI,Daniel Bellinger,00-0038115,TE,anytime_td,0.076,0.0,0.0,0.0,0.0,0.0
2026_02_PHI_TEN,TEN,PHI,Tyjae Spears,00-0039032,RB,car,5.478,1.0,2.0,5.0,8.0,11.0
2026_02_PHI_TEN,TEN,PHI,Tyjae Spears,00-0039032,RB,rush_yds,20.337,0.831,5.841,14.701,28.938,46.739
2026_02_PHI_TEN,TEN,PHI,Tyjae Spears,00-0039032,RB,tgt,3.12,1.0,1.0,3.0,4.0,6.0
2026_02_PHI_TEN,TEN,PHI,Tyjae Spears,00-0039032,RB,rec,2.274,0.0,1.0,2.0,3.0,5.0
2026_02_PHI_TEN,TEN,PHI,Tyjae Spears,00-0039032,RB,rec_yds,15.312,0.0,2.868,10.666,23.004,37.555
2026_02_PHI_TEN,TEN,PHI,Tyjae Spears,00-0039032,RB,anytime_td,0.206,0.0,0.0,0.0,0.0,1.0
2026_02_PHI_TEN,TEN,PHI,David Martin-Robinson,00-0039648,TE,car,0.005,0.0,0.0,0.0,0.0,0.0
2026_02_PHI_TEN,TEN,PHI,David Martin-Robinson,00-0039648,TE,rush_yds,0.012,0.0,0.0,0.0,0.0,0.0
2026_02_PHI_TEN,TEN,PHI,David Martin-Robinson,00-0039648,TE,tgt,0.609,0.0,0.0,0.0,1.0,2.0
2026_02_PHI_TEN,TEN,PHI,David Martin-Robinson,00-0039648,TE,rec,0.403,0.0,0.0,0.0,1.0,1.0
2026_02_PHI_TEN,TEN,PHI,David Martin-Robinson,00-0039648,TE,rec_yds,4.068,0.0,0.0,0.0,3.553,14.546
2026_02_PHI_TEN,TEN,PHI,David Martin-Robinson,00-0039648,TE,anytime_td,0.02,0.0,0.0,0.0,0.0,0.0
2026_02_PHI_TEN,TEN,PHI,Nicholas Singleton,00-0040886,RB,car,2.463,0.0,0.0,2.0,4.0,6.0
2026_02_PHI_TEN,TEN,PHI,Nicholas Singleton,00-0040886,RB,rush_yds,9.397,0.0,0.0,4.318,13.124,26.064
2026_02_PHI_TEN,TEN,PHI,Nicholas Singleton,00-0040886,RB,tgt,0.609,0.0,0.0,0.0,1.0,2.0
2026_02_PHI_TEN,TEN,PHI,Nicholas Singleton,00-0040886,RB,rec,0.439,0.0,0.0,0.0,1.0,1.0
2026_02_PHI_TEN,TEN,PHI,Nicholas Singleton,00-0040886,RB,rec_yds,3.246,0.0,0.0,0.0,2.368,11.498
2026_02_PHI_TEN,TEN,PHI,Nicholas Singleton,00-0040886,RB,anytime_td,0.084,0.0,0.0,0.0,0.0,0.0
2026_02_PHI_TEN,TEN,PHI,Chimere Dike,00-0040705,WR,car,0.345,0.0,0.0,0.0,0.0,1.0
2026_02_PHI_TEN,TEN,PHI,Chimere Dike,00-0040705,WR,rush_yds,1.656,0.0,0.0,0.0,0.0,4.299
2026_02_PHI_TEN,TEN,PHI,Chimere Dike,00-0040705,WR,tgt,2.968,1.0,1.0,3.0,4.0,6.0
2026_02_PHI_TEN,TEN,PHI,Chimere Dike,00-0040705,WR,rec,1.79,0.0,1.0,1.0,3.0,4.0
2026_02_PHI_TEN,TEN,PHI,Chimere Dike,00-0040705,WR,rec_yds,21.258,0.0,3.148,15.059,31.518,52.156
2026_02_PHI_TEN,TEN,PHI,Chimere Dike,00-0040705,WR,anytime_td,0.156,0.0,0.0,0.0,0.0,1.0
2026_02_PHI_TEN,PHI,TEN,Jalen Hurts,00-0036389,QB,att,28.272,18.0,24.0,29.0,34.0,38.0
2026_02_PHI_TEN,PHI,TEN,Jalen Hurts,00-0036389,QB,cmp,18.535,11.0,15.0,19.0,22.0,26.0
2026_02_PHI_TEN,PHI,TEN,Jalen Hurts,00-0036389,QB,pass_yds,209.671,117.227,161.476,207.847,258.035,308.905
2026_02_PHI_TEN,PHI,TEN,Jalen Hurts,00-0036389,QB,pass_td,1.434,0.0,1.0,1.0,2.0,3.0
2026_02_PHI_TEN,PHI,TEN,Jalen Hurts,00-0036389,QB,ints,0.544,0.0,0.0,0.0,1.0,2.0
2026_02_PHI_TEN,PHI,TEN,Jalen Hurts,00-0036389,QB,car,5.35,2.0,3.0,5.0,7.0,10.0
2026_02_PHI_TEN,PHI,TEN,Jalen Hurts,00-0036389,QB,rush_yds,24.838,2.038,9.77,20.734,36.031,52.852
2026_02_PHI_TEN,PHI,TEN,Jalen Hurts,00-0036389,QB,tgt,0.0,0.0,0.0,0.0,0.0,0.0
2026_02_PHI_TEN,PHI,TEN,Jalen Hurts,00-0036389,QB,rec,0.0,0.0,0.0,0.0,0.0,0.0
2026_02_PHI_TEN,PHI,TEN,Jalen Hurts,00-0036389,QB,rec_yds,0.0,0.0,0.0,0.0,0.0,0.0
2026_02_PHI_TEN,PHI,TEN,Jalen Hurts,00-0036389,QB,anytime_td,0.212,0.0,0.0,0.0,0.0,1.0
2026_02_PHI_TEN,PHI,TEN,DeVonta Smith,00-0036912,WR,car,0.017,0.0,0.0,0.0,0.0,0.0
2026_02_PHI_TEN,PHI,TEN,DeVonta Smith,00-0036912,WR,rush_yds,0.088,0.0,0.0,0.0,0.0,0.0
2026_02_PHI_TEN,PHI,TEN,DeVonta Smith,00-0036912,WR,tgt,6.665,3.0,4.0,6.0,9.0,11.0
2026_02_PHI_TEN,PHI,TEN,DeVonta Smith,00-0036912,WR,rec,4.313,1.0,3.0,4.0,6.0,8.0
2026_02_PHI_TEN,PHI,TEN,DeVonta Smith,00-0036912,WR,rec_yds,55.148,12.639,26.555,48.405,75.825,105.64
2026_02_PHI_TEN,PHI,TEN,DeVonta Smith,00-0036912,WR,anytime_td,0.186,0.0,0.0,0.0,0.0,1.0
2026_02_PHI_TEN,PHI,TEN,Johnny Mundt,00-0033246,TE,car,0.008,0.0,0.0,0.0,0.0,0.0
2026_02_PHI_TEN,PHI,TEN,Johnny Mundt,00-0033246,TE,rush_yds,0.019,0.0,0.0,0.0,0.0,0.0
2026_02_PHI_TEN,PHI,TEN,Johnny Mundt,00-0033246,TE,tgt,0.714,0.0,0.0,0.0,1.0,2.0
2026_02_PHI_TEN,PHI,TEN,Johnny Mundt,00-0033246,TE,rec,0.53,0.0,0.0,0.0,1.0,2.0
2026_02_PHI_TEN,PHI,TEN,Johnny Mundt,00-0033246,TE,rec_yds,5.569,0.0,0.0,0.0,7.446,19.105
2026_02_PHI_TEN,PHI,TEN,Johnny Mundt,00-0033246,TE,anytime_td,0.012,0.0,0.0,0.0,0.0,0.0
2026_02_PHI_TEN,PHI,TEN,Makai Lemon,00-0040867,WR,car,0.033,0.0,0.0,0.0,0.0,0.0
2026_02_PHI_TEN,PHI,TEN,Makai Lemon,00-0040867,WR,rush_yds,0.184,0.0,0.0,0.0,0.0,0.0
2026_02_PHI_TEN,PHI,TEN,Makai Lemon,00-0040867,WR,tgt,3.529,1.0,2.0,3.0,5.0,7.0
2026_02_PHI_TEN,PHI,TEN,Makai Lemon,00-0040867,WR,rec,2.304,0.0,1.0,2.0,3.0,5.0
2026_02_PHI_TEN,PHI,TEN,Makai Lemon,00-0040867,WR,rec_yds,26.0,0.0,7.368,20.128,38.501,59.317
2026_02_PHI_TEN,PHI,TEN,Makai Lemon,00-0040867,WR,anytime_td,0.1,0.0,0.0,0.0,0.0,0.0
2026_02_PHI_TEN,PHI,TEN,Dontayvion Wicks,00-0038393,WR,car,0.059,0.0,0.0,0.0,0.0,0.0
2026_02_PHI_TEN,PHI,TEN,Dontayvion Wicks,00-0038393,WR,rush_yds,0.352,0.0,0.0,0.0,0.0,0.0
2026_02_PHI_TEN,PHI,TEN,Dontayvion Wicks,00-0038393,WR,tgt,3.549,1.0,2.0,3.0,5.0,7.0
2026_02_PHI_TEN,PHI,TEN,Dontayvion Wicks,00-0038393,WR,rec,2.285,0.0,1.0,2.0,3.0,5.0
2026_02_PHI_TEN,PHI,TEN,Dontayvion Wicks,00-0038393,WR,rec_yds,31.424,0.0,8.382,23.83,46.883,73.12
2026_02_PHI_TEN,PHI,TEN,Dontayvion Wicks,00-0038393,WR,anytime_td,0.242,0.0,0.0,0.0,0.0,1.0
2026_02_PHI_TEN,PHI,TEN,Will Shipley,00-0039746,RB,car,1.447,0.0,0.0,1.0,2.0,4.0
2026_02_PHI_TEN,PHI,TEN,Will Shipley,00-0039746,RB,rush_yds,5.877,0.0,0.0,0.0,7.0,18.301
2026_02_PHI_TEN,PHI,TEN,Will Shipley,00-0039746,RB,tgt,0.976,0.0,0.0,1.0,2.0,3.0
2026_02_PHI_TEN,PHI,TEN,Will Shipley,00-0039746,RB,rec,0.787,0.0,0.0,0.0,1.0,2.0
2026_02_PHI_TEN,PHI,TEN,Will Shipley,00-0039746,RB,rec_yds,5.593,0.0,0.0,0.0,8.121,17.551
2026_02_PHI_TEN,PHI,TEN,Will Shipley,00-0039746,RB,anytime_td,0.042,0.0,0.0,0.0,0.0,0.0
2026_02_PHI_TEN,PHI,TEN,Darius Cooper,00-0040024,WR,car,0.015,0.0,0.0,0.0,0.0,0.0
2026_02_PHI_TEN,PHI,TEN,Darius Cooper,00-0040024,WR,rush_yds,0.091,0.0,0.0,0.0,0.0,0.0
2026_02_PHI_TEN,PHI,TEN,Darius Cooper,00-0040024,WR,tgt,1.107,0.0,0.0,1.0,2.0,3.0
2026_02_PHI_TEN,PHI,TEN,Darius Cooper,00-0040024,WR,rec,0.719,0.0,0.0,0.0,1.0,2.0
2026_02_PHI_TEN,PHI,TEN,Darius Cooper,00-0040024,WR,rec_yds,8.869,0.0,0.0,0.0,12.652,28.37
2026_02_PHI_TEN,PHI,TEN,Darius Cooper,00-0040024,WR,anytime_td,0.021,0.0,0.0,0.0,0.0,0.0
2026_02_PHI_TEN,PHI,TEN,Tank Bigsby,00-0038555,RB,car,4.695,1.0,2.0,4.0,7.0,10.0
2026_02_PHI_TEN,PHI,TEN,Tank Bigsby,00-0038555,RB,rush_yds,20.332,0.0,4.869,14.229,28.831,48.437
2026_02_PHI_TEN,PHI,TEN,Tank Bigsby,00-0038555,RB,tgt,0.351,0.0,0.0,0.0,0.0,1.0
2026_02_PHI_TEN,PHI,TEN,Tank Bigsby,00-0038555,RB,rec,0.279,0.0,0.0,0.0,0.0,1.0
2026_02_PHI_TEN,PHI,TEN,Tank Bigsby,00-0038555,RB,rec_yds,2.092,0.0,0.0,0.0,0.0,7.596
2026_02_PHI_TEN,PHI,TEN,Tank Bigsby,00-0038555,RB,anytime_td,0.177,0.0,0.0,0.0,0.0,1.0
2026_02_PHI_TEN,PHI,TEN,Dallas Goedert,00-0034351,TE,car,0.1,0.0,0.0,0.0,0.0,0.0
2026_02_PHI_TEN,PHI,TEN,Dallas Goedert,00-0034351,TE,rush_yds,0.226,0.0,0.0,0.0,0.0,0.0
2026_02_PHI_TEN,PHI,TEN,Dallas Goedert,00-0034351,TE,tgt,5.596,2.0,3.0,5.0,7.0,10.0
2026_02_PHI_TEN,PHI,TEN,Dallas Goedert,00-0034351,TE,rec,4.094,1.0,2.0,4.0,6.0,7.0
2026_02_PHI_TEN,PHI,TEN,Dallas Goedert,00-0034351,TE,rec_yds,44.782,9.629,21.646,39.661,61.718,86.028
2026_02_PHI_TEN,PHI,TEN,Dallas Goedert,00-0034351,TE,anytime_td,0.438,0.0,0.0,0.0,1.0,1.0
2026_02_PHI_TEN,PHI,TEN,Marquise Brown,00-0035662,WR,car,0.027,0.0,0.0,0.0,0.0,0.0
2026_02_PHI_TEN,PHI,TEN,Marquise Brown,00-0035662,WR,rush_yds,0.124,0.0,0.0,0.0,0.0,0.0
2026_02_PHI_TEN,PHI,TEN,Marquise Brown,00-0035662,WR,tgt,3.313,1.0,2.0,3.0,5.0,6.0
2026_02_PHI_TEN,PHI,TEN,Marquise Brown,00-0035662,WR,rec,2.14,0.0,1.0,2.0,3.0,5.0
2026_02_PHI_TEN,PHI,TEN,Marquise Brown,00-0035662,WR,rec_yds,27.191,0.0,6.373,19.922,41.024,62.804
2026_02_PHI_TEN,PHI,TEN,Marquise Brown,00-0035662,WR,anytime_td,0.182,0.0,0.0,0.0,0.0,1.0
2026_02_PHI_TEN,PHI,TEN,Saquon Barkley,00-0034844,RB,car,16.365,9.0,12.0,16.0,20.0,25.0
2026_02_PHI_TEN,PHI,TEN,Saquon Barkley,00-0034844,RB,rush_yds,71.151,26.835,41.782,63.539,92.743,124.855
2026_02_PHI_TEN,PHI,TEN,Saquon Barkley,00-0034844,RB,tgt,2.758,0.0,1.0,2.0,4.0,6.0
2026_02_PHI_TEN,PHI,TEN,Saquon Barkley,00-0034844,RB,rec,2.089,0.0,1.0,2.0,3.0,4.0
2026_02_PHI_TEN,PHI,TEN,Saquon Barkley,00-0034844,RB,rec_yds,14.652,0.0,1.953,10.008,21.838,36.346
2026_02_PHI_TEN,PHI,TEN,Saquon Barkley,00-0034844,RB,anytime_td,0.387,0.0,0.0,0.0,1.0,1.0
2026_02_PIT_NE,NE,PIT,Drake Maye,00-0039851,QB,att,27.216,18.0,23.0,28.0,33.0,37.0
2026_02_PIT_NE,NE,PIT,Drake Maye,00-0039851,QB,cmp,17.657,11.0,14.0,18.0,21.0,25.0
2026_02_PIT_NE,NE,PIT,Drake Maye,00-0039851,QB,pass_yds,197.421,108.164,149.106,195.296,244.569,295.402
2026_02_PIT_NE,NE,PIT,Drake Maye,00-0039851,QB,pass_td,1.473,0.0,1.0,1.0,2.0,3.0
2026_02_PIT_NE,NE,PIT,Drake Maye,00-0039851,QB,ints,0.672,0.0,0.0,0.0,1.0,2.0
2026_02_PIT_NE,NE,PIT,Drake Maye,00-0039851,QB,car,4.979,2.0,3.0,5.0,7.0,9.0
2026_02_PIT_NE,NE,PIT,Drake Maye,00-0039851,QB,rush_yds,25.722,2.087,9.806,21.936,37.249,53.257
2026_02_PIT_NE,NE,PIT,Drake Maye,00-0039851,QB,tgt,0.001,0.0,0.0,0.0,0.0,0.0
2026_02_PIT_NE,NE,PIT,Drake Maye,00-0039851,QB,rec,0.0,0.0,0.0,0.0,0.0,0.0
2026_02_PIT_NE,NE,PIT,Drake Maye,00-0039851,QB,rec_yds,0.007,0.0,0.0,0.0,0.0,0.0
2026_02_PIT_NE,NE,PIT,Drake Maye,00-0039851,QB,anytime_td,0.163,0.0,0.0,0.0,0.0,1.0
2026_02_PIT_NE,NE,PIT,Hunter Henry,00-0033090,TE,car,0.003,0.0,0.0,0.0,0.0,0.0
2026_02_PIT_NE,NE,PIT,Hunter Henry,00-0033090,TE,rush_yds,0.008,0.0,0.0,0.0,0.0,0.0
2026_02_PIT_NE,NE,PIT,Hunter Henry,00-0033090,TE,tgt,4.088,1.0,2.0,4.0,6.0,8.0
2026_02_PIT_NE,NE,PIT,Hunter Henry,00-0033090,TE,rec,2.895,1.0,1.0,3.0,4.0,6.0
2026_02_PIT_NE,NE,PIT,Hunter Henry,00-0033090,TE,rec_yds,31.958,2.33,12.24,26.502,46.22,68.056
2026_02_PIT_NE,NE,PIT,Hunter Henry,00-0033090,TE,anytime_td,0.211,0.0,0.0,0.0,0.0,1.0
2026_02_PIT_NE,NE,PIT,Mack Hollins,00-0033555,WR,car,0.031,0.0,0.0,0.0,0.0,0.0
2026_02_PIT_NE,NE,PIT,Mack Hollins,00-0033555,WR,rush_yds,0.162,0.0,0.0,0.0,0.0,0.0
2026_02_PIT_NE,NE,PIT,Mack Hollins,00-0033555,WR,tgt,5.131,2.0,3.0,5.0,7.0,9.0
2026_02_PIT_NE,NE,PIT,Mack Hollins,00-0033555,WR,rec,3.296,1.0,2.0,3.0,5.0,6.0
2026_02_PIT_NE,NE,PIT,Mack Hollins,00-0033555,WR,rec_yds,44.456,5.513,17.778,37.137,63.589,91.971
2026_02_PIT_NE,NE,PIT,Mack Hollins,00-0033555,WR,anytime_td,0.194,0.0,0.0,0.0,0.0,1.0
2026_02_PIT_NE,NE,PIT,Romeo Doubs,00-0037816,WR,car,0.017,0.0,0.0,0.0,0.0,0.0
2026_02_PIT_NE,NE,PIT,Romeo Doubs,00-0037816,WR,rush_yds,0.109,0.0,0.0,0.0,0.0,0.0
2026_02_PIT_NE,NE,PIT,Romeo Doubs,00-0037816,WR,tgt,4.427,1.0,2.0,4.0,6.0,8.0
2026_02_PIT_NE,NE,PIT,Romeo Doubs,00-0037816,WR,rec,2.646,0.0,1.0,2.0,4.0,5.0
2026_02_PIT_NE,NE,PIT,Romeo Doubs,00-0037816,WR,rec_yds,35.478,0.0,12.053,28.229,51.892,76.798
2026_02_PIT_NE,NE,PIT,Romeo Doubs,00-0037816,WR,anytime_td,0.219,0.0,0.0,0.0,0.0,1.0
2026_02_PIT_NE,NE,PIT,TreVeyon Henderson,00-0040734,RB,car,8.421,2.0,5.0,8.0,11.25,15.0
2026_02_PIT_NE,NE,PIT,TreVeyon Henderson,00-0040734,RB,rush_yds,36.191,6.314,15.27,30.167,49.936,75.321
2026_02_PIT_NE,NE,PIT,TreVeyon Henderson,00-0040734,RB,tgt,1.915,0.0,1.0,2.0,3.0,4.0
2026_02_PIT_NE,NE,PIT,TreVeyon Henderson,00-0040734,RB,rec,1.479,0.0,0.0,1.0,2.0,3.0
2026_02_PIT_NE,NE,PIT,TreVeyon Henderson,00-0040734,RB,rec_yds,11.142,0.0,0.0,6.28,16.436,30.25
2026_02_PIT_NE,NE,PIT,TreVeyon Henderson,00-0040734,RB,anytime_td,0.288,0.0,0.0,0.0,1.0,1.0
2026_02_PIT_NE,NE,PIT,DeMario Douglas,00-0038621,WR,car,0.134,0.0,0.0,0.0,0.0,0.0
2026_02_PIT_NE,NE,PIT,DeMario Douglas,00-0038621,WR,rush_yds,0.752,0.0,0.0,0.0,0.0,0.0
2026_02_PIT_NE,NE,PIT,DeMario Douglas,00-0038621,WR,tgt,4.074,1.0,2.0,4.0,6.0,7.0
2026_02_PIT_NE,NE,PIT,DeMario Douglas,00-0038621,WR,rec,2.6,0.0,1.0,2.0,4.0,5.0
2026_02_PIT_NE,NE,PIT,DeMario Douglas,00-0038621,WR,rec_yds,31.0,0.0,9.866,24.373,45.389,68.392
2026_02_PIT_NE,NE,PIT,DeMario Douglas,00-0038621,WR,anytime_td,0.151,0.0,0.0,0.0,0.0,1.0
2026_02_PIT_NE,NE,PIT,Reggie Gilliam,00-0036187,RB,car,0.504,0.0,0.0,0.0,0.0,2.0
2026_02_PIT_NE,NE,PIT,Reggie Gilliam,00-0036187,RB,rush_yds,2.136,0.0,0.0,0.0,0.0,6.598
2026_02_PIT_NE,NE,PIT,Reggie Gilliam,00-0036187,RB,tgt,0.227,0.0,0.0,0.0,0.0,1.0
2026_02_PIT_NE,NE,PIT,Reggie Gilliam,00-0036187,RB,rec,0.177,0.0,0.0,0.0,0.0,1.0
2026_02_PIT_NE,NE,PIT,Reggie Gilliam,00-0036187,RB,rec_yds,1.407,0.0,0.0,0.0,0.0,3.516
2026_02_PIT_NE,NE,PIT,Reggie Gilliam,00-0036187,RB,anytime_td,0.01,0.0,0.0,0.0,0.0,0.0
2026_02_PIT_NE,NE,PIT,Rhamondre Stevenson,00-0036875,RB,car,11.114,4.0,7.0,10.0,15.0,19.0
2026_02_PIT_NE,NE,PIT,Rhamondre Stevenson,00-0036875,RB,rush_yds,46.926,11.916,23.655,39.569,63.32,90.325
2026_02_PIT_NE,NE,PIT,Rhamondre Stevenson,00-0036875,RB,tgt,4.087,1.0,2.0,4.0,6.0,8.0
2026_02_PIT_NE,NE,PIT,Rhamondre Stevenson,00-0036875,RB,rec,3.198,1.0,2.0,3.0,4.0,6.0
2026_02_PIT_NE,NE,PIT,Rhamondre Stevenson,00-0036875,RB,rec_yds,26.253,0.0,8.367,20.84,38.235,57.64
2026_02_PIT_NE,NE,PIT,Rhamondre Stevenson,00-0036875,RB,anytime_td,0.414,0.0,0.0,0.0,1.0,1.0
2026_02_PIT_NE,NE,PIT,Kyle Williams,00-0040131,WR,car,0.063,0.0,0.0,0.0,0.0,0.0
2026_02_PIT_NE,NE,PIT,Kyle Williams,00-0040131,WR,rush_yds,0.33,0.0,0.0,0.0,0.0,0.0
2026_02_PIT_NE,NE,PIT,Kyle Williams,00-0040131,WR,tgt,1.267,0.0,0.0,1.0,2.0,3.0
2026_02_PIT_NE,NE,PIT,Kyle Williams,00-0040131,WR,rec,0.769,0.0,0.0,0.0,1.0,2.0
2026_02_PIT_NE,NE,PIT,Kyle Williams,00-0040131,WR,rec_yds,10.093,0.0,0.0,0.0,14.847,31.861
2026_02_PIT_NE,NE,PIT,Kyle Williams,00-0040131,WR,anytime_td,0.073,0.0,0.0,0.0,0.0,0.0
2026_02_PIT_NE,NE,PIT,Eli Raridon,00-0041395,TE,car,0.001,0.0,0.0,0.0,0.0,0.0
2026_02_PIT_NE,NE,PIT,Eli Raridon,00-0041395,TE,rush_yds,0.006,0.0,0.0,0.0,0.0,0.0
2026_02_PIT_NE,NE,PIT,Eli Raridon,00-0041395,TE,tgt,0.967,0.0,0.0,1.0,2.0,3.0
2026_02_PIT_NE,NE,PIT,Eli Raridon,00-0041395,TE,rec,0.687,0.0,0.0,0.0,1.0,2.0
2026_02_PIT_NE,NE,PIT,Eli Raridon,00-0041395,TE,rec_yds,7.138,0.0,0.0,0.0,10.325,22.878
2026_02_PIT_NE,NE,PIT,Eli Raridon,00-0041395,TE,anytime_td,0.179,0.0,0.0,0.0,0.0,1.0
2026_02_PIT_NE,NE,PIT,Efton Chism III,00-0040563,WR,car,0.02,0.0,0.0,0.0,0.0,0.0
2026_02_PIT_NE,NE,PIT,Efton Chism III,00-0040563,WR,rush_yds,0.095,0.0,0.0,0.0,0.0,0.0
2026_02_PIT_NE,NE,PIT,Efton Chism III,00-0040563,WR,tgt,0.841,0.0,0.0,0.0,1.0,2.0
2026_02_PIT_NE,NE,PIT,Efton Chism III,00-0040563,WR,rec,0.527,0.0,0.0,0.0,1.0,2.0
2026_02_PIT_NE,NE,PIT,Efton Chism III,00-0040563,WR,rec_yds,7.179,0.0,0.0,0.0,9.666,24.118
2026_02_PIT_NE,NE,PIT,Efton Chism III,00-0040563,WR,anytime_td,0.059,0.0,0.0,0.0,0.0,0.0
2026_02_PIT_NE,NE,PIT,Corey Kiner,00-0040556,RB,car,4.379,0.0,1.0,3.0,6.0,10.0
2026_02_PIT_NE,NE,PIT,Corey Kiner,00-0040556,RB,rush_yds,18.424,0.0,3.653,11.974,26.445,45.275
2026_02_PIT_NE,NE,PIT,Corey Kiner,00-0040556,RB,tgt,0.516,0.0,0.0,0.0,1.0,2.0
2026_02_PIT_NE,NE,PIT,Corey Kiner,00-0040556,RB,rec,0.403,0.0,0.0,0.0,1.0,1.0
2026_02_PIT_NE,NE,PIT,Corey Kiner,00-0040556,RB,rec_yds,2.976,0.0,0.0,0.0,1.095,10.845
2026_02_PIT_NE,NE,PIT,Corey Kiner,00-0040556,RB,anytime_td,0.14,0.0,0.0,0.0,0.0,1.0
2026_02_PIT_NE,PIT,NE,DK Metcalf,00-0035640,WR,car,0.109,0.0,0.0,0.0,0.0,0.0
2026_02_PIT_NE,PIT,NE,DK Metcalf,00-0035640,WR,rush_yds,0.55,0.0,0.0,0.0,0.0,0.0
2026_02_PIT_NE,PIT,NE,DK Metcalf,00-0035640,WR,tgt,9.447,5.0,7.0,9.0,12.0,15.0
2026_02_PIT_NE,PIT,NE,DK Metcalf,00-0035640,WR,rec,5.065,2.0,3.0,5.0,7.0,9.0
2026_02_PIT_NE,PIT,NE,DK Metcalf,00-0035640,WR,rec_yds,62.948,17.728,34.154,56.407,84.203,115.803
2026_02_PIT_NE,PIT,NE,DK Metcalf,00-0035640,WR,anytime_td,0.158,0.0,0.0,0.0,0.0,1.0
2026_02_PIT_NE,PIT,NE,Aaron Rodgers,00-0023459,QB,att,31.815,21.0,27.0,32.0,38.0,43.0
2026_02_PIT_NE,PIT,NE,Aaron Rodgers,00-0023459,QB,cmp,19.28,12.0,16.0,20.0,23.0,27.0
2026_02_PIT_NE,PIT,NE,Aaron Rodgers,00-0023459,QB,pass_yds,190.969,107.924,145.485,187.726,235.39,281.889
2026_02_PIT_NE,PIT,NE,Aaron Rodgers,00-0023459,QB,pass_td,0.958,0.0,0.0,1.0,2.0,2.0
2026_02_PIT_NE,PIT,NE,Aaron Rodgers,00-0023459,QB,ints,0.688,0.0,0.0,0.0,1.0,2.0
2026_02_PIT_NE,PIT,NE,Aaron Rodgers,00-0023459,QB,car,1.53,0.0,0.0,1.0,2.0,3.0
2026_02_PIT_NE,PIT,NE,Aaron Rodgers,00-0023459,QB,rush_yds,6.601,-1.0,0.0,1.982,10.923,20.73
2026_02_PIT_NE,PIT,NE,Aaron Rodgers,00-0023459,QB,tgt,0.002,0.0,0.0,0.0,0.0,0.0
2026_02_PIT_NE,PIT,NE,Aaron Rodgers,00-0023459,QB,rec,0.001,0.0,0.0,0.0,0.0,0.0
2026_02_PIT_NE,PIT,NE,Aaron Rodgers,00-0023459,QB,rec_yds,0.007,0.0,0.0,0.0,0.0,0.0
2026_02_PIT_NE,PIT,NE,Aaron Rodgers,00-0023459,QB,anytime_td,0.034,0.0,0.0,0.0,0.0,0.0
2026_02_PIT_NE,PIT,NE,Germie Bernard,00-0041489,WR,car,0.03,0.0,0.0,0.0,0.0,0.0
2026_02_PIT_NE,PIT,NE,Germie Bernard,00-0041489,WR,rush_yds,0.151,0.0,0.0,0.0,0.0,0.0
2026_02_PIT_NE,PIT,NE,Germie Bernard,00-0041489,WR,tgt,0.657,0.0,0.0,0.0,1.0,2.0
2026_02_PIT_NE,PIT,NE,Germie Bernard,00-0041489,WR,rec,0.4,0.0,0.0,0.0,1.0,1.0
2026_02_PIT_NE,PIT,NE,Germie Bernard,00-0041489,WR,rec_yds,4.904,0.0,0.0,0.0,4.502,17.204
2026_02_PIT_NE,PIT,NE,Germie Bernard,00-0041489,WR,anytime_td,0.009,0.0,0.0,0.0,0.0,0.0
2026_02_PIT_NE,PIT,NE,Roman Wilson,00-0039739,WR,car,0.016,0.0,0.0,0.0,0.0,0.0
2026_02_PIT_NE,PIT,NE,Roman Wilson,00-0039739,WR,rush_yds,0.094,0.0,0.0,0.0,0.0,0.0
2026_02_PIT_NE,PIT,NE,Roman Wilson,00-0039739,WR,tgt,3.921,1.0,2.0,4.0,5.0,7.0
2026_02_PIT_NE,PIT,NE,Roman Wilson,00-0039739,WR,rec,2.182,0.0,1.0,2.0,3.0,4.0
2026_02_PIT_NE,PIT,NE,Roman Wilson,00-0039739,WR,rec_yds,26.332,0.0,7.077,20.192,38.551,60.172
2026_02_PIT_NE,PIT,NE,Roman Wilson,00-0039739,WR,anytime_td,0.085,0.0,0.0,0.0,0.0,0.0
2026_02_PIT_NE,PIT,NE,Jaylen Warren,00-0037228,RB,car,10.24,4.0,6.0,10.0,13.0,17.0
2026_02_PIT_NE,PIT,NE,Jaylen Warren,00-0037228,RB,rush_yds,40.217,10.083,19.9,34.518,54.395,77.648
2026_02_PIT_NE,PIT,NE,Jaylen Warren,00-0037228,RB,tgt,4.101,1.0,2.0,4.0,6.0,8.0
2026_02_PIT_NE,PIT,NE,Jaylen Warren,00-0037228,RB,rec,3.073,1.0,1.0,3.0,4.0,6.0
2026_02_PIT_NE,PIT,NE,Jaylen Warren,00-0037228,RB,rec_yds,21.096,0.0,6.7,16.252,30.693,47.008
2026_02_PIT_NE,PIT,NE,Jaylen Warren,00-0037228,RB,anytime_td,0.285,0.0,0.0,0.0,1.0,1.0
2026_02_PIT_NE,PIT,NE,Pat Freiermuth,00-0036894,TE,car,0.001,0.0,0.0,0.0,0.0,0.0
2026_02_PIT_NE,PIT,NE,Pat Freiermuth,00-0036894,TE,rush_yds,0.002,0.0,0.0,0.0,0.0,0.0
2026_02_PIT_NE,PIT,NE,Pat Freiermuth,00-0036894,TE,tgt,4.665,2.0,3.0,4.0,6.0,8.0
2026_02_PIT_NE,PIT,NE,Pat Freiermuth,00-0036894,TE,rec,3.206,1.0,2.0,3.0,4.0,6.0
2026_02_PIT_NE,PIT,NE,Pat Freiermuth,00-0036894,TE,rec_yds,32.823,4.334,13.525,27.702,46.445,68.353
2026_02_PIT_NE,PIT,NE,Pat Freiermuth,00-0036894,TE,anytime_td,0.189,0.0,0.0,0.0,0.0,1.0
2026_02_PIT_NE,PIT,NE,Darnell Washington,00-0038558,TE,car,0.002,0.0,0.0,0.0,0.0,0.0
2026_02_PIT_NE,PIT,NE,Darnell Washington,00-0038558,TE,rush_yds,0.003,0.0,0.0,0.0,0.0,0.0
2026_02_PIT_NE,PIT,NE,Darnell Washington,00-0038558,TE,tgt,3.201,1.0,2.0,3.0,4.0,6.0
2026_02_PIT_NE,PIT,NE,Darnell Washington,00-0038558,TE,rec,2.168,0.0,1.0,2.0,3.0,5.0
2026_02_PIT_NE,PIT,NE,Darnell Washington,00-0038558,TE,rec_yds,21.872,0.0,5.593,16.407,31.87,51.276
2026_02_PIT_NE,PIT,NE,Darnell Washington,00-0038558,TE,anytime_td,0.056,0.0,0.0,0.0,0.0,0.0
2026_02_PIT_NE,PIT,NE,Rico Dowdle,00-0036139,RB,car,9.404,3.0,6.0,9.0,13.0,16.0
2026_02_PIT_NE,PIT,NE,Rico Dowdle,00-0036139,RB,rush_yds,33.818,7.437,15.253,28.349,46.76,67.148
2026_02_PIT_NE,PIT,NE,Rico Dowdle,00-0036139,RB,tgt,4.517,1.0,3.0,4.0,6.0,8.0
2026_02_PIT_NE,PIT,NE,Rico Dowdle,00-0036139,RB,rec,3.118,1.0,2.0,3.0,4.0,6.0
2026_02_PIT_NE,PIT,NE,Rico Dowdle,00-0036139,RB,rec_yds,21.249,0.0,7.138,16.517,30.876,46.569
2026_02_PIT_NE,PIT,NE,Rico Dowdle,00-0036139,RB,anytime_td,0.245,0.0,0.0,0.0,0.0,1.0
2026_02_PIT_NE,PIT,NE,Ben Skowronek,00-0036862,WR,car,0.012,0.0,0.0,0.0,0.0,0.0
2026_02_PIT_NE,PIT,NE,Ben Skowronek,00-0036862,WR,rush_yds,0.063,0.0,0.0,0.0,0.0,0.0
2026_02_PIT_NE,PIT,NE,Ben Skowronek,00-0036862,WR,tgt,0.726,0.0,0.0,0.0,1.0,2.0
2026_02_PIT_NE,PIT,NE,Ben Skowronek,00-0036862,WR,rec,0.433,0.0,0.0,0.0,1.0,1.0
2026_02_PIT_NE,PIT,NE,Ben Skowronek,00-0036862,WR,rec_yds,5.309,0.0,0.0,0.0,5.831,19.198
2026_02_PIT_NE,PIT,NE,Ben Skowronek,00-0036862,WR,anytime_td,0.011,0.0,0.0,0.0,0.0,0.0
2026_02_PIT_NE,PIT,NE,Riley Nowakowski,00-0041398,RB,car,1.01,0.0,0.0,0.0,1.0,3.0
2026_02_PIT_NE,PIT,NE,Riley Nowakowski,00-0041398,RB,rush_yds,3.878,0.0,0.0,0.0,4.107,12.52
2026_02_PIT_NE,PIT,NE,Riley Nowakowski,00-0041398,RB,tgt,0.336,0.0,0.0,0.0,0.0,1.0
2026_02_PIT_NE,PIT,NE,Riley Nowakowski,00-0041398,RB,rec,0.244,0.0,0.0,0.0,0.0,1.0
2026_02_PIT_NE,PIT,NE,Riley Nowakowski,00-0041398,RB,rec_yds,1.695,0.0,0.0,0.0,0.0,6.23
2026_02_PIT_NE,PIT,NE,Riley Nowakowski,00-0041398,RB,anytime_td,0.035,0.0,0.0,0.0,0.0,0.0
2026_02_PIT_NE,PIT,NE,Travis Homer,00-0035594,RB,car,1.148,0.0,0.0,0.0,2.0,3.0
2026_02_PIT_NE,PIT,NE,Travis Homer,00-0035594,RB,rush_yds,4.347,0.0,0.0,0.0,5.026,14.219
2026_02_PIT_NE,PIT,NE,Travis Homer,00-0035594,RB,tgt,0.618,0.0,0.0,0.0,1.0,2.0
2026_02_PIT_NE,PIT,NE,Travis Homer,00-0035594,RB,rec,0.45,0.0,0.0,0.0,1.0,1.0
2026_02_PIT_NE,PIT,NE,Travis Homer,00-0035594,RB,rec_yds,3.098,0.0,0.0,0.0,2.683,10.926
2026_02_PIT_NE,PIT,NE,Travis Homer,00-0035594,RB,anytime_td,0.037,0.0,0.0,0.0,0.0,0.0
2026_02_SEA_ARI,ARI,SEA,Jacoby Brissett,00-0033119,QB,att,33.376,23.0,29.0,34.0,40.0,44.0
2026_02_SEA_ARI,ARI,SEA,Jacoby Brissett,00-0033119,QB,cmp,21.331,14.0,18.0,22.0,26.0,29.0
2026_02_SEA_ARI,ARI,SEA,Jacoby Brissett,00-0033119,QB,pass_yds,222.133,129.262,172.108,221.663,272.253,323.56
2026_02_SEA_ARI,ARI,SEA,Jacoby Brissett,00-0033119,QB,pass_td,1.39,0.0,1.0,1.0,2.0,3.0
2026_02_SEA_ARI,ARI,SEA,Jacoby Brissett,00-0033119,QB,ints,0.808,0.0,0.0,1.0,1.0,2.0
2026_02_SEA_ARI,ARI,SEA,Jacoby Brissett,00-0033119,QB,car,3.164,0.0,1.0,3.0,4.0,6.0
2026_02_SEA_ARI,ARI,SEA,Jacoby Brissett,00-0033119,QB,rush_yds,14.274,0.0,2.006,10.031,21.863,35.107
2026_02_SEA_ARI,ARI,SEA,Jacoby Brissett,00-0033119,QB,tgt,0.001,0.0,0.0,0.0,0.0,0.0
2026_02_SEA_ARI,ARI,SEA,Jacoby Brissett,00-0033119,QB,rec,0.0,0.0,0.0,0.0,0.0,0.0
2026_02_SEA_ARI,ARI,SEA,Jacoby Brissett,00-0033119,QB,rec_yds,0.002,0.0,0.0,0.0,0.0,0.0
2026_02_SEA_ARI,ARI,SEA,Jacoby Brissett,00-0033119,QB,anytime_td,0.063,0.0,0.0,0.0,0.0,0.0
2026_02_SEA_ARI,ARI,SEA,Michael Wilson,00-0038559,WR,car,0.024,0.0,0.0,0.0,0.0,0.0
2026_02_SEA_ARI,ARI,SEA,Michael Wilson,00-0038559,WR,rush_yds,0.171,0.0,0.0,0.0,0.0,0.0
2026_02_SEA_ARI,ARI,SEA,Michael Wilson,00-0038559,WR,tgt,6.72,3.0,4.0,6.0,9.0,11.0
2026_02_SEA_ARI,ARI,SEA,Michael Wilson,00-0038559,WR,rec,4.129,1.0,2.0,4.0,6.0,7.0
2026_02_SEA_ARI,ARI,SEA,Michael Wilson,00-0038559,WR,rec_yds,51.728,10.563,24.061,44.513,73.042,101.752
2026_02_SEA_ARI,ARI,SEA,Michael Wilson,00-0038559,WR,anytime_td,0.282,0.0,0.0,0.0,1.0,1.0
2026_02_SEA_ARI,ARI,SEA,Trey McBride,00-0037744,TE,car,0.001,0.0,0.0,0.0,0.0,0.0
2026_02_SEA_ARI,ARI,SEA,Trey McBride,00-0037744,TE,rush_yds,0.003,0.0,0.0,0.0,0.0,0.0
2026_02_SEA_ARI,ARI,SEA,Trey McBride,00-0037744,TE,tgt,9.092,4.0,6.0,9.0,11.0,14.0
2026_02_SEA_ARI,ARI,SEA,Trey McBride,00-0037744,TE,rec,6.386,3.0,4.0,6.0,8.0,10.0
2026_02_SEA_ARI,ARI,SEA,Trey McBride,00-0037744,TE,rec_yds,62.196,21.221,36.637,57.093,82.396,109.342
2026_02_SEA_ARI,ARI,SEA,Trey McBride,00-0037744,TE,anytime_td,0.411,0.0,0.0,0.0,1.0,1.0
2026_02_SEA_ARI,ARI,SEA,Marvin Harrison Jr.,00-0039849,WR,car,0.017,0.0,0.0,0.0,0.0,0.0
2026_02_SEA_ARI,ARI,SEA,Marvin Harrison Jr.,00-0039849,WR,rush_yds,0.092,0.0,0.0,0.0,0.0,0.0
2026_02_SEA_ARI,ARI,SEA,Marvin Harrison Jr.,00-0039849,WR,tgt,4.518,1.0,3.0,4.0,6.0,8.0
2026_02_SEA_ARI,ARI,SEA,Marvin Harrison Jr.,00-0039849,WR,rec,2.59,0.0,1.0,2.0,4.0,5.0
2026_02_SEA_ARI,ARI,SEA,Marvin Harrison Jr.,00-0039849,WR,rec_yds,34.259,0.0,10.677,26.925,50.586,76.067
2026_02_SEA_ARI,ARI,SEA,Marvin Harrison Jr.,00-0039849,WR,anytime_td,0.185,0.0,0.0,0.0,0.0,1.0
2026_02_SEA_ARI,ARI,SEA,Tyler Allgeier,00-0037263,RB,car,8.631,3.0,5.0,8.0,12.0,15.0
2026_02_SEA_ARI,ARI,SEA,Tyler Allgeier,00-0037263,RB,rush_yds,33.295,6.829,14.431,27.2,45.819,68.733
2026_02_SEA_ARI,ARI,SEA,Tyler Allgeier,00-0037263,RB,tgt,1.4,0.0,0.0,1.0,2.0,3.0
2026_02_SEA_ARI,ARI,SEA,Tyler Allgeier,00-0037263,RB,rec,1.07,0.0,0.0,1.0,2.0,3.0
2026_02_SEA_ARI,ARI,SEA,Tyler Allgeier,00-0037263,RB,rec_yds,7.456,0.0,0.0,1.901,10.985,22.371
2026_02_SEA_ARI,ARI,SEA,Tyler Allgeier,00-0037263,RB,anytime_td,0.203,0.0,0.0,0.0,0.0,1.0
2026_02_SEA_ARI,ARI,SEA,Kendrick Bourne,00-0033307,WR,car,0.013,0.0,0.0,0.0,0.0,0.0
2026_02_SEA_ARI,ARI,SEA,Kendrick Bourne,00-0033307,WR,rush_yds,0.061,0.0,0.0,0.0,0.0,0.0
2026_02_SEA_ARI,ARI,SEA,Kendrick Bourne,00-0033307,WR,tgt,3.956,1.0,2.0,4.0,5.0,7.0
2026_02_SEA_ARI,ARI,SEA,Kendrick Bourne,00-0033307,WR,rec,2.638,0.0,1.0,2.0,4.0,5.0
2026_02_SEA_ARI,ARI,SEA,Kendrick Bourne,00-0033307,WR,rec_yds,30.88,0.0,10.124,24.713,45.073,67.9
2026_02_SEA_ARI,ARI,SEA,Kendrick Bourne,00-0033307,WR,anytime_td,0.073,0.0,0.0,0.0,0.0,0.0
2026_02_SEA_ARI,ARI,SEA,Jeremiyah Love,00-0041027,RB,car,6.653,2.0,3.0,6.0,9.0,13.0
2026_02_SEA_ARI,ARI,SEA,Jeremiyah Love,00-0041027,RB,rush_yds,26.179,3.171,9.276,20.836,37.15,56.277
2026_02_SEA_ARI,ARI,SEA,Jeremiyah Love,00-0041027,RB,tgt,2.882,0.0,1.0,2.0,4.0,6.0
2026_02_SEA_ARI,ARI,SEA,Jeremiyah Love,00-0041027,RB,rec,2.098,0.0,1.0,2.0,3.0,4.0
2026_02_SEA_ARI,ARI,SEA,Jeremiyah Love,00-0041027,RB,rec_yds,14.809,0.0,1.645,9.993,21.801,36.304
2026_02_SEA_ARI,ARI,SEA,Jeremiyah Love,00-0041027,RB,anytime_td,0.312,0.0,0.0,0.0,1.0,1.0
2026_02_SEA_ARI,ARI,SEA,Hunter Long,00-0037004,TE,car,0.001,0.0,0.0,0.0,0.0,0.0
2026_02_SEA_ARI,ARI,SEA,Hunter Long,00-0037004,TE,rush_yds,0.003,0.0,0.0,0.0,0.0,0.0
2026_02_SEA_ARI,ARI,SEA,Hunter Long,00-0037004,TE,tgt,0.995,0.0,0.0,1.0,2.0,3.0
2026_02_SEA_ARI,ARI,SEA,Hunter Long,00-0037004,TE,rec,0.679,0.0,0.0,0.0,1.0,2.0
2026_02_SEA_ARI,ARI,SEA,Hunter Long,00-0037004,TE,rec_yds,6.404,0.0,0.0,0.0,9.305,20.45
2026_02_SEA_ARI,ARI,SEA,Hunter Long,00-0037004,TE,anytime_td,0.062,0.0,0.0,0.0,0.0,0.0
2026_02_SEA_ARI,ARI,SEA,Elijah Higgins,00-0039041,TE,car,0.001,0.0,0.0,0.0,0.0,0.0
2026_02_SEA_ARI,ARI,SEA,Elijah Higgins,00-0039041,TE,rush_yds,0.002,0.0,0.0,0.0,0.0,0.0
2026_02_SEA_ARI,ARI,SEA,Elijah Higgins,00-0039041,TE,tgt,1.563,0.0,0.0,1.0,2.0,4.0
2026_02_SEA_ARI,ARI,SEA,Elijah Higgins,00-0039041,TE,rec,1.089,0.0,0.0,1.0,2.0,3.0
2026_02_SEA_ARI,ARI,SEA,Elijah Higgins,00-0039041,TE,rec_yds,10.885,0.0,0.0,5.443,16.519,30.798
2026_02_SEA_ARI,ARI,SEA,Elijah Higgins,00-0039041,TE,anytime_td,0.035,0.0,0.0,0.0,0.0,0.0
2026_02_SEA_ARI,ARI,SEA,Bam Knight,00-0037157,RB,car,4.875,1.0,2.0,4.0,7.0,10.0
2026_02_SEA_ARI,ARI,SEA,Bam Knight,00-0037157,RB,rush_yds,19.016,0.0,4.672,13.157,26.931,45.639
2026_02_SEA_ARI,ARI,SEA,Bam Knight,00-0037157,RB,tgt,1.764,0.0,0.0,1.0,3.0,4.0
2026_02_SEA_ARI,ARI,SEA,Bam Knight,00-0037157,RB,rec,1.312,0.0,0.0,1.0,2.0,3.0
2026_02_SEA_ARI,ARI,SEA,Bam Knight,00-0037157,RB,rec_yds,9.156,0.0,0.0,5.006,13.398,25.134
2026_02_SEA_ARI,ARI,SEA,Bam Knight,00-0037157,RB,anytime_td,0.213,0.0,0.0,0.0,0.0,1.0
2026_02_SEA_ARI,ARI,SEA,Jalen Brooks,00-0038640,WR,car,0.021,0.0,0.0,0.0,0.0,0.0
2026_02_SEA_ARI,ARI,SEA,Jalen Brooks,00-0038640,WR,rush_yds,0.116,0.0,0.0,0.0,0.0,0.0
2026_02_SEA_ARI,ARI,SEA,Jalen Brooks,00-0038640,WR,tgt,0.778,0.0,0.0,0.0,1.0,2.0
2026_02_SEA_ARI,ARI,SEA,Jalen Brooks,00-0038640,WR,rec,0.472,0.0,0.0,0.0,1.0,1.0
2026_02_SEA_ARI,ARI,SEA,Jalen Brooks,00-0038640,WR,rec_yds,5.767,0.0,0.0,0.0,6.296,20.374
2026_02_SEA_ARI,ARI,SEA,Jalen Brooks,00-0038640,WR,anytime_td,0.018,0.0,0.0,0.0,0.0,0.0
2026_02_SEA_ARI,SEA,ARI,Drew Lock,00-0035704,QB,att,28.671,19.0,24.0,29.0,34.0,39.0
2026_02_SEA_ARI,SEA,ARI,Drew Lock,00-0035704,QB,cmp,19.07,12.0,16.0,19.0,23.0,27.0
2026_02_SEA_ARI,SEA,ARI,Drew Lock,00-0035704,QB,pass_yds,215.494,121.763,167.078,214.653,266.641,312.762
2026_02_SEA_ARI,SEA,ARI,Drew Lock,00-0035704,QB,pass_td,1.519,0.0,1.0,1.0,2.0,3.0
2026_02_SEA_ARI,SEA,ARI,Drew Lock,00-0035704,QB,ints,0.607,0.0,0.0,0.0,1.0,2.0
2026_02_SEA_ARI,SEA,ARI,Drew Lock,00-0035704,QB,car,2.768,0.0,1.0,2.0,4.0,5.1
2026_02_SEA_ARI,SEA,ARI,Drew Lock,00-0035704,QB,rush_yds,11.803,-1.0,0.0,8.238,18.536,30.895
2026_02_SEA_ARI,SEA,ARI,Drew Lock,00-0035704,QB,tgt,0.0,0.0,0.0,0.0,0.0,0.0
2026_02_SEA_ARI,SEA,ARI,Drew Lock,00-0035704,QB,rec,0.0,0.0,0.0,0.0,0.0,0.0
2026_02_SEA_ARI,SEA,ARI,Drew Lock,00-0035704,QB,rec_yds,0.004,0.0,0.0,0.0,0.0,0.0
2026_02_SEA_ARI,SEA,ARI,Drew Lock,00-0035704,QB,anytime_td,0.042,0.0,0.0,0.0,0.0,0.0
2026_02_SEA_ARI,SEA,ARI,AJ Barner,00-0039793,TE,car,0.319,0.0,0.0,0.0,0.0,1.0
2026_02_SEA_ARI,SEA,ARI,AJ Barner,00-0039793,TE,rush_yds,0.772,0.0,0.0,0.0,0.0,1.484
2026_02_SEA_ARI,SEA,ARI,AJ Barner,00-0039793,TE,tgt,3.099,1.0,1.0,3.0,4.0,6.0
2026_02_SEA_ARI,SEA,ARI,AJ Barner,00-0039793,TE,rec,2.336,0.0,1.0,2.0,3.0,5.0
2026_02_SEA_ARI,SEA,ARI,AJ Barner,00-0039793,TE,rec_yds,23.075,0.0,6.591,18.361,33.874,51.892
2026_02_SEA_ARI,SEA,ARI,AJ Barner,00-0039793,TE,anytime_td,0.208,0.0,0.0,0.0,0.0,1.0
2026_02_SEA_ARI,SEA,ARI,Jaxon Smith-Njigba,00-0038543,WR,car,0.186,0.0,0.0,0.0,0.0,0.0
2026_02_SEA_ARI,SEA,ARI,Jaxon Smith-Njigba,00-0038543,WR,rush_yds,1.036,0.0,0.0,0.0,0.0,0.0
2026_02_SEA_ARI,SEA,ARI,Jaxon Smith-Njigba,00-0038543,WR,tgt,9.292,5.0,7.0,9.0,12.0,14.0
2026_02_SEA_ARI,SEA,ARI,Jaxon Smith-Njigba,00-0038543,WR,rec,6.419,3.0,4.0,6.0,8.0,10.0
2026_02_SEA_ARI,SEA,ARI,Jaxon Smith-Njigba,00-0038543,WR,rec_yds,83.249,30.273,49.127,76.869,110.265,144.887
2026_02_SEA_ARI,SEA,ARI,Jaxon Smith-Njigba,00-0038543,WR,anytime_td,0.446,0.0,0.0,0.0,1.0,1.0
2026_02_SEA_ARI,SEA,ARI,Rashid Shaheed,00-0037545,WR,car,0.685,0.0,0.0,0.0,1.0,2.0
2026_02_SEA_ARI,SEA,ARI,Rashid Shaheed,00-0037545,WR,rush_yds,4.105,0.0,0.0,0.0,0.0,13.427
2026_02_SEA_ARI,SEA,ARI,Rashid Shaheed,00-0037545,WR,tgt,3.353,1.0,2.0,3.0,5.0,6.0
2026_02_SEA_ARI,SEA,ARI,Rashid Shaheed,00-0037545,WR,rec,2.052,0.0,1.0,2.0,3.0,4.0
2026_02_SEA_ARI,SEA,ARI,Rashid Shaheed,00-0037545,WR,rec_yds,25.728,0.0,5.743,18.88,38.305,61.24
2026_02_SEA_ARI,SEA,ARI,Rashid Shaheed,00-0037545,WR,anytime_td,0.094,0.0,0.0,0.0,0.0,0.0
2026_02_SEA_ARI,SEA,ARI,Brady Russell,00-0038488,RB,car,0.478,0.0,0.0,0.0,0.0,2.0
2026_02_SEA_ARI,SEA,ARI,Brady Russell,00-0038488,RB,rush_yds,2.21,0.0,0.0,0.0,0.0,6.852
2026_02_SEA_ARI,SEA,ARI,Brady Russell,00-0038488,RB,tgt,0.751,0.0,0.0,0.0,1.0,2.0
2026_02_SEA_ARI,SEA,ARI,Brady Russell,00-0038488,RB,rec,0.604,0.0,0.0,0.0,1.0,2.0
2026_02_SEA_ARI,SEA,ARI,Brady Russell,00-0038488,RB,rec_yds,4.497,0.0,0.0,0.0,5.961,15.369
2026_02_SEA_ARI,SEA,ARI,Brady Russell,00-0038488,RB,anytime_td,0.023,0.0,0.0,0.0,0.0,0.0
2026_02_SEA_ARI,SEA,ARI,Cooper Kupp,00-0033908,WR,car,0.015,0.0,0.0,0.0,0.0,0.0
2026_02_SEA_ARI,SEA,ARI,Cooper Kupp,00-0033908,WR,rush_yds,0.074,0.0,0.0,0.0,0.0,0.0
2026_02_SEA_ARI,SEA,ARI,Cooper Kupp,00-0033908,WR,tgt,4.698,2.0,3.0,4.0,6.0,8.0
2026_02_SEA_ARI,SEA,ARI,Cooper Kupp,00-0033908,WR,rec,3.049,1.0,2.0,3.0,4.0,6.0
2026_02_SEA_ARI,SEA,ARI,Cooper Kupp,00-0033908,WR,rec_yds,37.476,4.193,14.151,31.001,54.024,79.0
2026_02_SEA_ARI,SEA,ARI,Cooper Kupp,00-0033908,WR,anytime_td,0.189,0.0,0.0,0.0,0.0,1.0
2026_02_SEA_ARI,SEA,ARI,Emanuel Wilson,00-0038797,RB,car,6.966,2.0,4.0,6.0,9.25,13.0
2026_02_SEA_ARI,SEA,ARI,Emanuel Wilson,00-0038797,RB,rush_yds,30.818,3.225,10.815,24.452,43.684,67.005
2026_02_SEA_ARI,SEA,ARI,Emanuel Wilson,00-0038797,RB,tgt,0.557,0.0,0.0,0.0,1.0,2.0
2026_02_SEA_ARI,SEA,ARI,Emanuel Wilson,00-0038797,RB,rec,0.447,0.0,0.0,0.0,1.0,1.0
2026_02_SEA_ARI,SEA,ARI,Emanuel Wilson,00-0038797,RB,rec_yds,3.235,0.0,0.0,0.0,2.187,11.533
2026_02_SEA_ARI,SEA,ARI,Emanuel Wilson,00-0038797,RB,anytime_td,0.215,0.0,0.0,0.0,0.0,1.0
2026_02_SEA_ARI,SEA,ARI,Jadarian Price,00-0041512,RB,car,10.779,4.0,7.0,10.0,14.0,18.0
2026_02_SEA_ARI,SEA,ARI,Jadarian Price,00-0041512,RB,rush_yds,49.758,12.215,24.553,43.251,67.306,95.875
2026_02_SEA_ARI,SEA,ARI,Jadarian Price,00-0041512,RB,tgt,1.669,0.0,0.0,1.0,3.0,4.0
2026_02_SEA_ARI,SEA,ARI,Jadarian Price,00-0041512,RB,rec,1.352,0.0,0.0,1.0,2.0,3.0
2026_02_SEA_ARI,SEA,ARI,Jadarian Price,00-0041512,RB,rec_yds,9.36,0.0,0.0,4.923,14.023,26.304
2026_02_SEA_ARI,SEA,ARI,Jadarian Price,00-0041512,RB,anytime_td,0.345,0.0,0.0,0.0,1.0,1.0
2026_02_SEA_ARI,SEA,ARI,Tory Horton,00-0040648,WR,car,0.017,0.0,0.0,0.0,0.0,0.0
2026_02_SEA_ARI,SEA,ARI,Tory Horton,00-0040648,WR,rush_yds,0.068,0.0,0.0,0.0,0.0,0.0
2026_02_SEA_ARI,SEA,ARI,Tory Horton,00-0040648,WR,tgt,2.782,0.0,1.0,2.0,4.0,6.0
2026_02_SEA_ARI,SEA,ARI,Tory Horton,00-0040648,WR,rec,1.801,0.0,1.0,2.0,3.0,4.0
2026_02_SEA_ARI,SEA,ARI,Tory Horton,00-0040648,WR,rec_yds,22.448,0.0,3.564,15.836,33.488,54.905
2026_02_SEA_ARI,SEA,ARI,Tory Horton,00-0040648,WR,anytime_td,0.259,0.0,0.0,0.0,1.0,1.0
2026_02_SEA_ARI,SEA,ARI,George Holani,00-0039299,RB,car,6.012,1.0,3.0,5.0,8.0,12.0
2026_02_SEA_ARI,SEA,ARI,George Holani,00-0039299,RB,rush_yds,26.475,1.999,8.397,19.916,37.873,59.734
2026_02_SEA_ARI,SEA,ARI,George Holani,00-0039299,RB,tgt,1.095,0.0,0.0,1.0,2.0,3.0
2026_02_SEA_ARI,SEA,ARI,George Holani,00-0039299,RB,rec,0.854,0.0,0.0,1.0,1.0,2.0
2026_02_SEA_ARI,SEA,ARI,George Holani,00-0039299,RB,rec_yds,6.161,0.0,0.0,0.0,8.905,19.098
2026_02_SEA_ARI,SEA,ARI,George Holani,00-0039299,RB,anytime_td,0.194,0.0,0.0,0.0,0.0,1.0
2026_02_SEA_ARI,SEA,ARI,Eric Saubert,00-0033576,TE,car,0.001,0.0,0.0,0.0,0.0,0.0
2026_02_SEA_ARI,SEA,ARI,Eric Saubert,00-0033576,TE,rush_yds,0.003,0.0,0.0,0.0,0.0,0.0
2026_02_SEA_ARI,SEA,ARI,Eric Saubert,00-0033576,TE,tgt,0.549,0.0,0.0,0.0,1.0,2.0
2026_02_SEA_ARI,SEA,ARI,Eric Saubert,00-0033576,TE,rec,0.397,0.0,0.0,0.0,1.0,1.0
2026_02_SEA_ARI,SEA,ARI,Eric Saubert,00-0033576,TE,rec_yds,3.957,0.0,0.0,0.0,3.639,14.581
2026_02_SEA_ARI,SEA,ARI,Eric Saubert,00-0033576,TE,anytime_td,0.013,0.0,0.0,0.0,0.0,0.0
2026_02_SEA_ARI,SEA,ARI,Elijah Arroyo,00-0040739,TE,car,0.003,0.0,0.0,0.0,0.0,0.0
2026_02_SEA_ARI,SEA,ARI,Elijah Arroyo,00-0040739,TE,rush_yds,0.006,0.0,0.0,0.0,0.0,0.0
2026_02_SEA_ARI,SEA,ARI,Elijah Arroyo,00-0040739,TE,tgt,1.158,0.0,0.0,1.0,2.0,3.0
2026_02_SEA_ARI,SEA,ARI,Elijah Arroyo,00-0040739,TE,rec,0.826,0.0,0.0,0.0,1.0,2.0
2026_02_SEA_ARI,SEA,ARI,Elijah Arroyo,00-0040739,TE,rec_yds,8.4,0.0,0.0,0.0,12.87,25.869
2026_02_SEA_ARI,SEA,ARI,Elijah Arroyo,00-0040739,TE,anytime_td,0.053,0.0,0.0,0.0,0.0,0.0
2026_02_WAS_DAL,DAL,WAS,Dak Prescott,00-0033077,QB,att,31.958,21.0,27.0,33.0,38.0,43.0
2026_02_WAS_DAL,DAL,WAS,Dak Prescott,00-0033077,QB,cmp,20.838,13.0,17.0,21.0,25.0,29.0
2026_02_WAS_DAL,DAL,WAS,Dak Prescott,00-0033077,QB,pass_yds,245.902,141.286,192.007,243.906,302.251,358.314
2026_02_WAS_DAL,DAL,WAS,Dak Prescott,00-0033077,QB,pass_td,1.792,0.0,1.0,2.0,3.0,3.0
2026_02_WAS_DAL,DAL,WAS,Dak Prescott,00-0033077,QB,ints,0.66,0.0,0.0,0.0,1.0,2.0
2026_02_WAS_DAL,DAL,WAS,Dak Prescott,00-0033077,QB,car,3.153,1.0,1.0,3.0,4.0,6.0
2026_02_WAS_DAL,DAL,WAS,Dak Prescott,00-0033077,QB,rush_yds,13.9,-1.0,1.887,9.844,20.985,34.453
2026_02_WAS_DAL,DAL,WAS,Dak Prescott,00-0033077,QB,tgt,0.0,0.0,0.0,0.0,0.0,0.0
2026_02_WAS_DAL,DAL,WAS,Dak Prescott,00-0033077,QB,rec,0.0,0.0,0.0,0.0,0.0,0.0
2026_02_WAS_DAL,DAL,WAS,Dak Prescott,00-0033077,QB,rec_yds,0.001,0.0,0.0,0.0,0.0,0.0
2026_02_WAS_DAL,DAL,WAS,Dak Prescott,00-0033077,QB,anytime_td,0.101,0.0,0.0,0.0,0.0,1.0
2026_02_WAS_DAL,DAL,WAS,Javonte Williams,00-0036997,RB,car,15.183,8.0,11.0,15.0,19.0,24.0
2026_02_WAS_DAL,DAL,WAS,Javonte Williams,00-0036997,RB,rush_yds,69.848,24.675,40.321,62.858,91.083,124.509
2026_02_WAS_DAL,DAL,WAS,Javonte Williams,00-0036997,RB,tgt,3.05,1.0,1.0,3.0,4.0,6.0
2026_02_WAS_DAL,DAL,WAS,Javonte Williams,00-0036997,RB,rec,2.391,0.0,1.0,2.0,3.0,5.0
2026_02_WAS_DAL,DAL,WAS,Javonte Williams,00-0036997,RB,rec_yds,17.39,0.0,3.969,12.601,25.512,41.292
2026_02_WAS_DAL,DAL,WAS,Javonte Williams,00-0036997,RB,anytime_td,0.621,0.0,0.0,1.0,1.0,1.0
2026_02_WAS_DAL,DAL,WAS,George Pickens,00-0037247,WR,car,0.014,0.0,0.0,0.0,0.0,0.0
2026_02_WAS_DAL,DAL,WAS,George Pickens,00-0037247,WR,rush_yds,0.099,0.0,0.0,0.0,0.0,0.0
2026_02_WAS_DAL,DAL,WAS,George Pickens,00-0037247,WR,tgt,6.728,3.0,4.0,6.0,9.0,11.0
2026_02_WAS_DAL,DAL,WAS,George Pickens,00-0037247,WR,rec,4.258,1.0,2.0,4.0,6.0,7.0
2026_02_WAS_DAL,DAL,WAS,George Pickens,00-0037247,WR,rec_yds,59.396,13.471,28.097,51.797,82.605,115.668
2026_02_WAS_DAL,DAL,WAS,George Pickens,00-0037247,WR,anytime_td,0.268,0.0,0.0,0.0,1.0,1.0
2026_02_WAS_DAL,DAL,WAS,Ryan Flournoy,00-0039410,WR,car,0.119,0.0,0.0,0.0,0.0,0.0
2026_02_WAS_DAL,DAL,WAS,Ryan Flournoy,00-0039410,WR,rush_yds,0.697,0.0,0.0,0.0,0.0,0.0
2026_02_WAS_DAL,DAL,WAS,Ryan Flournoy,00-0039410,WR,tgt,4.07,1.0,2.0,4.0,6.0,7.0
2026_02_WAS_DAL,DAL,WAS,Ryan Flournoy,00-0039410,WR,rec,2.643,0.0,1.0,2.0,4.0,5.0
2026_02_WAS_DAL,DAL,WAS,Ryan Flournoy,00-0039410,WR,rec_yds,34.637,0.0,10.997,27.653,50.218,76.369
2026_02_WAS_DAL,DAL,WAS,Ryan Flournoy,00-0039410,WR,anytime_td,0.216,0.0,0.0,0.0,0.0,1.0
2026_02_WAS_DAL,DAL,WAS,CeeDee Lamb,00-0036358,WR,car,0.355,0.0,0.0,0.0,0.0,1.0
2026_02_WAS_DAL,DAL,WAS,CeeDee Lamb,00-0036358,WR,rush_yds,2.087,0.0,0.0,0.0,0.0,5.236
2026_02_WAS_DAL,DAL,WAS,CeeDee Lamb,00-0036358,WR,tgt,7.441,3.0,5.0,7.0,10.0,12.0
2026_02_WAS_DAL,DAL,WAS,CeeDee Lamb,00-0036358,WR,rec,4.79,2.0,3.0,5.0,6.0,8.0
2026_02_WAS_DAL,DAL,WAS,CeeDee Lamb,00-0036358,WR,rec_yds,63.225,15.248,32.301,56.223,87.646,119.582
2026_02_WAS_DAL,DAL,WAS,CeeDee Lamb,00-0036358,WR,anytime_td,0.354,0.0,0.0,0.0,1.0,1.0
2026_02_WAS_DAL,DAL,WAS,Jake Ferguson,00-0038041,TE,car,0.057,0.0,0.0,0.0,0.0,0.0
2026_02_WAS_DAL,DAL,WAS,Jake Ferguson,00-0038041,TE,rush_yds,0.132,0.0,0.0,0.0,0.0,0.0
2026_02_WAS_DAL,DAL,WAS,Jake Ferguson,00-0038041,TE,tgt,3.739,1.0,2.0,3.0,5.0,7.0
2026_02_WAS_DAL,DAL,WAS,Jake Ferguson,00-0038041,TE,rec,2.773,0.0,1.0,2.0,4.0,6.0
2026_02_WAS_DAL,DAL,WAS,Jake Ferguson,00-0038041,TE,rec_yds,27.705,0.0,9.412,22.163,40.629,61.068
2026_02_WAS_DAL,DAL,WAS,Jake Ferguson,00-0038041,TE,anytime_td,0.247,0.0,0.0,0.0,0.0,1.0
2026_02_WAS_DAL,DAL,WAS,Brevyn Spann-Ford,00-0039530,TE,car,0.002,0.0,0.0,0.0,0.0,0.0
2026_02_WAS_DAL,DAL,WAS,Brevyn Spann-Ford,00-0039530,TE,rush_yds,0.005,0.0,0.0,0.0,0.0,0.0
2026_02_WAS_DAL,DAL,WAS,Brevyn Spann-Ford,00-0039530,TE,tgt,1.351,0.0,0.0,1.0,2.0,3.0
2026_02_WAS_DAL,DAL,WAS,Brevyn Spann-Ford,00-0039530,TE,rec,0.994,0.0,0.0,1.0,2.0,3.0
2026_02_WAS_DAL,DAL,WAS,Brevyn Spann-Ford,00-0039530,TE,rec_yds,10.826,0.0,0.0,4.074,16.712,31.718
2026_02_WAS_DAL,DAL,WAS,Brevyn Spann-Ford,00-0039530,TE,anytime_td,0.061,0.0,0.0,0.0,0.0,0.0
2026_02_WAS_DAL,DAL,WAS,Luke Schoonmaker,00-0038547,TE,car,0.002,0.0,0.0,0.0,0.0,0.0
2026_02_WAS_DAL,DAL,WAS,Luke Schoonmaker,00-0038547,TE,rush_yds,0.004,0.0,0.0,0.0,0.0,0.0
2026_02_WAS_DAL,DAL,WAS,Luke Schoonmaker,00-0038547,TE,tgt,1.221,0.0,0.0,1.0,2.0,3.0
2026_02_WAS_DAL,DAL,WAS,Luke Schoonmaker,00-0038547,TE,rec,0.887,0.0,0.0,1.0,1.0,2.0
2026_02_WAS_DAL,DAL,WAS,Luke Schoonmaker,00-0038547,TE,rec_yds,9.797,0.0,0.0,1.059,15.317,29.676
2026_02_WAS_DAL,DAL,WAS,Luke Schoonmaker,00-0038547,TE,anytime_td,0.024,0.0,0.0,0.0,0.0,0.0
2026_02_WAS_DAL,DAL,WAS,Jonathan Mingo,00-0039062,WR,car,0.02,0.0,0.0,0.0,0.0,0.0
2026_02_WAS_DAL,DAL,WAS,Jonathan Mingo,00-0039062,WR,rush_yds,0.098,0.0,0.0,0.0,0.0,0.0
2026_02_WAS_DAL,DAL,WAS,Jonathan Mingo,00-0039062,WR,tgt,1.287,0.0,0.0,1.0,2.0,3.0
2026_02_WAS_DAL,DAL,WAS,Jonathan Mingo,00-0039062,WR,rec,0.797,0.0,0.0,0.0,1.0,2.0
2026_02_WAS_DAL,DAL,WAS,Jonathan Mingo,00-0039062,WR,rec_yds,10.494,0.0,0.0,0.0,15.673,32.319
2026_02_WAS_DAL,DAL,WAS,Jonathan Mingo,00-0039062,WR,anytime_td,0.029,0.0,0.0,0.0,0.0,0.0
2026_02_WAS_DAL,DAL,WAS,Hunter Luepke,00-0038738,RB,car,1.959,0.0,0.0,1.0,3.0,5.0
2026_02_WAS_DAL,DAL,WAS,Hunter Luepke,00-0038738,RB,rush_yds,8.906,0.0,0.0,3.049,12.347,25.772
2026_02_WAS_DAL,DAL,WAS,Hunter Luepke,00-0038738,RB,tgt,0.775,0.0,0.0,0.0,1.0,2.0
2026_02_WAS_DAL,DAL,WAS,Hunter Luepke,00-0038738,RB,rec,0.611,0.0,0.0,0.0,1.0,2.0
2026_02_WAS_DAL,DAL,WAS,Hunter Luepke,00-0038738,RB,rec_yds,4.898,0.0,0.0,0.0,6.348,16.394
2026_02_WAS_DAL,DAL,WAS,Hunter Luepke,00-0038738,RB,anytime_td,0.067,0.0,0.0,0.0,0.0,0.0
2026_02_WAS_DAL,DAL,WAS,Emari Demercado,00-0038705,RB,car,4.457,1.0,2.0,4.0,6.0,9.0
2026_02_WAS_DAL,DAL,WAS,Emari Demercado,00-0038705,RB,rush_yds,20.984,0.0,4.885,14.633,29.894,49.672
2026_02_WAS_DAL,DAL,WAS,Emari Demercado,00-0038705,RB,tgt,1.1,0.0,0.0,1.0,2.0,3.0
2026_02_WAS_DAL,DAL,WAS,Emari Demercado,00-0038705,RB,rec,0.861,0.0,0.0,1.0,1.0,2.0
2026_02_WAS_DAL,DAL,WAS,Emari Demercado,00-0038705,RB,rec_yds,6.689,0.0,0.0,0.0,9.741,20.925
2026_02_WAS_DAL,DAL,WAS,Emari Demercado,00-0038705,RB,anytime_td,0.156,0.0,0.0,0.0,0.0,1.0
2026_02_WAS_DAL,DAL,WAS,KaVontae Turpin,00-0037801,WR,car,0.829,0.0,0.0,0.0,1.0,3.0
2026_02_WAS_DAL,DAL,WAS,KaVontae Turpin,00-0037801,WR,rush_yds,4.787,0.0,0.0,0.0,3.255,17.478
2026_02_WAS_DAL,DAL,WAS,KaVontae Turpin,00-0037801,WR,tgt,1.976,0.0,1.0,2.0,3.0,4.0
2026_02_WAS_DAL,DAL,WAS,KaVontae Turpin,00-0037801,WR,rec,1.283,0.0,0.0,1.0,2.0,3.0
2026_02_WAS_DAL,DAL,WAS,KaVontae Turpin,00-0037801,WR,rec_yds,17.85,0.0,0.0,9.958,26.881,48.752
2026_02_WAS_DAL,DAL,WAS,KaVontae Turpin,00-0037801,WR,anytime_td,0.12,0.0,0.0,0.0,0.0,1.0
2026_02_WAS_DAL,WAS,DAL,Terry McLaurin,00-0035659,WR,car,0.018,0.0,0.0,0.0,0.0,0.0
2026_02_WAS_DAL,WAS,DAL,Terry McLaurin,00-0035659,WR,rush_yds,0.134,0.0,0.0,0.0,0.0,0.0
2026_02_WAS_DAL,WAS,DAL,Terry McLaurin,00-0035659,WR,tgt,5.77,2.0,4.0,5.0,8.0,10.0
2026_02_WAS_DAL,WAS,DAL,Terry McLaurin,00-0035659,WR,rec,3.783,1.0,2.0,4.0,5.0,7.0
2026_02_WAS_DAL,WAS,DAL,Terry McLaurin,00-0035659,WR,rec_yds,46.422,8.368,20.737,39.78,65.439,92.315
2026_02_WAS_DAL,WAS,DAL,Terry McLaurin,00-0035659,WR,anytime_td,0.247,0.0,0.0,0.0,0.0,1.0
2026_02_WAS_DAL,WAS,DAL,Ben Sinnott,00-0039912,TE,car,0.002,0.0,0.0,0.0,0.0,0.0
2026_02_WAS_DAL,WAS,DAL,Ben Sinnott,00-0039912,TE,rush_yds,0.004,0.0,0.0,0.0,0.0,0.0
2026_02_WAS_DAL,WAS,DAL,Ben Sinnott,00-0039912,TE,tgt,1.125,0.0,0.0,1.0,2.0,3.0
2026_02_WAS_DAL,WAS,DAL,Ben Sinnott,00-0039912,TE,rec,0.85,0.0,0.0,1.0,1.0,2.0
2026_02_WAS_DAL,WAS,DAL,Ben Sinnott,00-0039912,TE,rec_yds,8.284,0.0,0.0,0.993,12.328,25.565
2026_02_WAS_DAL,WAS,DAL,Ben Sinnott,00-0039912,TE,anytime_td,0.049,0.0,0.0,0.0,0.0,0.0
2026_02_WAS_DAL,WAS,DAL,Dyami Brown,00-0036626,WR,car,0.182,0.0,0.0,0.0,0.0,0.0
2026_02_WAS_DAL,WAS,DAL,Dyami Brown,00-0036626,WR,rush_yds,1.127,0.0,0.0,0.0,0.0,0.0
2026_02_WAS_DAL,WAS,DAL,Dyami Brown,00-0036626,WR,tgt,1.948,0.0,1.0,2.0,3.0,4.0
2026_02_WAS_DAL,WAS,DAL,Dyami Brown,00-0036626,WR,rec,1.213,0.0,0.0,1.0,2.0,3.0
2026_02_WAS_DAL,WAS,DAL,Dyami Brown,00-0036626,WR,rec_yds,14.618,0.0,0.0,7.955,22.659,40.051
2026_02_WAS_DAL,WAS,DAL,Dyami Brown,00-0036626,WR,anytime_td,0.048,0.0,0.0,0.0,0.0,0.0
2026_02_WAS_DAL,WAS,DAL,Jayden Daniels,00-0039910,QB,att,28.811,19.0,24.0,29.0,34.0,39.0
2026_02_WAS_DAL,WAS,DAL,Jayden Daniels,00-0039910,QB,cmp,18.873,12.0,15.0,19.0,23.0,26.0
2026_02_WAS_DAL,WAS,DAL,Jayden Daniels,00-0039910,QB,pass_yds,210.139,118.554,162.782,207.051,258.784,308.743
2026_02_WAS_DAL,WAS,DAL,Jayden Daniels,00-0039910,QB,pass_td,1.429,0.0,1.0,1.0,2.0,3.0
2026_02_WAS_DAL,WAS,DAL,Jayden Daniels,00-0039910,QB,ints,0.598,0.0,0.0,0.0,1.0,2.0
2026_02_WAS_DAL,WAS,DAL,Jayden Daniels,00-0039910,QB,car,5.767,2.0,3.0,5.0,8.0,10.0
2026_02_WAS_DAL,WAS,DAL,Jayden Daniels,00-0039910,QB,rush_yds,30.651,4.919,13.794,26.562,43.248,60.054
2026_02_WAS_DAL,WAS,DAL,Jayden Daniels,00-0039910,QB,tgt,0.001,0.0,0.0,0.0,0.0,0.0
2026_02_WAS_DAL,WAS,DAL,Jayden Daniels,00-0039910,QB,rec,0.001,0.0,0.0,0.0,0.0,0.0
2026_02_WAS_DAL,WAS,DAL,Jayden Daniels,00-0039910,QB,rec_yds,0.002,0.0,0.0,0.0,0.0,0.0
2026_02_WAS_DAL,WAS,DAL,Jayden Daniels,00-0039910,QB,anytime_td,0.206,0.0,0.0,0.0,0.0,1.0
2026_02_WAS_DAL,WAS,DAL,Rachaad White,00-0037256,RB,car,6.451,2.0,3.0,6.0,9.0,12.0
2026_02_WAS_DAL,WAS,DAL,Rachaad White,00-0037256,RB,rush_yds,28.486,2.879,9.309,22.023,40.51,62.846
2026_02_WAS_DAL,WAS,DAL,Rachaad White,00-0037256,RB,tgt,2.173,0.0,1.0,2.0,3.0,5.0
2026_02_WAS_DAL,WAS,DAL,Rachaad White,00-0037256,RB,rec,1.824,0.0,1.0,1.0,3.0,4.0
2026_02_WAS_DAL,WAS,DAL,Rachaad White,00-0037256,RB,rec_yds,11.989,0.0,0.0,8.002,17.931,30.406
2026_02_WAS_DAL,WAS,DAL,Rachaad White,00-0037256,RB,anytime_td,0.193,0.0,0.0,0.0,0.0,1.0
2026_02_WAS_DAL,WAS,DAL,Stefon Diggs,00-0031588,WR,car,0.021,0.0,0.0,0.0,0.0,0.0
2026_02_WAS_DAL,WAS,DAL,Stefon Diggs,00-0031588,WR,rush_yds,0.118,0.0,0.0,0.0,0.0,0.0
2026_02_WAS_DAL,WAS,DAL,Stefon Diggs,00-0031588,WR,tgt,6.635,3.0,4.0,6.0,9.0,11.0
2026_02_WAS_DAL,WAS,DAL,Stefon Diggs,00-0031588,WR,rec,4.348,1.0,3.0,4.0,6.0,8.0
2026_02_WAS_DAL,WAS,DAL,Stefon Diggs,00-0031588,WR,rec_yds,52.198,11.757,25.265,46.284,71.891,100.679
2026_02_WAS_DAL,WAS,DAL,Stefon Diggs,00-0031588,WR,anytime_td,0.299,0.0,0.0,0.0,1.0,1.0
2026_02_WAS_DAL,WAS,DAL,Antonio Williams,00-0041040,WR,car,0.036,0.0,0.0,0.0,0.0,0.0
2026_02_WAS_DAL,WAS,DAL,Antonio Williams,00-0041040,WR,rush_yds,0.204,0.0,0.0,0.0,0.0,0.0
2026_02_WAS_DAL,WAS,DAL,Antonio Williams,00-0041040,WR,tgt,3.268,1.0,2.0,3.0,5.0,6.0
2026_02_WAS_DAL,WAS,DAL,Antonio Williams,00-0041040,WR,rec,2.27,0.0,1.0,2.0,3.0,5.0
2026_02_WAS_DAL,WAS,DAL,Antonio Williams,00-0041040,WR,rec_yds,28.647,0.0,7.56,21.76,42.548,65.863
2026_02_WAS_DAL,WAS,DAL,Antonio Williams,00-0041040,WR,anytime_td,0.275,0.0,0.0,0.0,1.0,1.0
2026_02_WAS_DAL,WAS,DAL,Jacory Croskey-Merritt,00-0040242,RB,car,12.022,5.0,8.0,11.0,16.0,20.0
2026_02_WAS_DAL,WAS,DAL,Jacory Croskey-Merritt,00-0040242,RB,rush_yds,53.411,15.321,28.165,46.736,71.865,100.98
2026_02_WAS_DAL,WAS,DAL,Jacory Croskey-Merritt,00-0040242,RB,tgt,0.746,0.0,0.0,0.0,1.0,2.0
2026_02_WAS_DAL,WAS,DAL,Jacory Croskey-Merritt,00-0040242,RB,rec,0.604,0.0,0.0,0.0,1.0,2.0
2026_02_WAS_DAL,WAS,DAL,Jacory Croskey-Merritt,00-0040242,RB,rec_yds,4.061,0.0,0.0,0.0,5.152,13.463
2026_02_WAS_DAL,WAS,DAL,Jacory Croskey-Merritt,00-0040242,RB,anytime_td,0.38,0.0,0.0,0.0,1.0,1.0
2026_02_WAS_DAL,WAS,DAL,John Bates,00-0036628,TE,car,0.003,0.0,0.0,0.0,0.0,0.0
2026_02_WAS_DAL,WAS,DAL,John Bates,00-0036628,TE,rush_yds,0.01,0.0,0.0,0.0,0.0,0.0
2026_02_WAS_DAL,WAS,DAL,John Bates,00-0036628,TE,tgt,1.916,0.0,1.0,2.0,3.0,4.0
2026_02_WAS_DAL,WAS,DAL,John Bates,00-0036628,TE,rec,1.42,0.0,0.0,1.0,2.0,3.0
2026_02_WAS_DAL,WAS,DAL,John Bates,00-0036628,TE,rec_yds,13.64,0.0,0.0,8.832,20.925,35.225
2026_02_WAS_DAL,WAS,DAL,John Bates,00-0036628,TE,anytime_td,0.119,0.0,0.0,0.0,0.0,1.0
2026_02_WAS_DAL,WAS,DAL,Treylon Burks,00-0037742,WR,car,0.041,0.0,0.0,0.0,0.0,0.0
2026_02_WAS_DAL,WAS,DAL,Treylon Burks,00-0037742,WR,rush_yds,0.242,0.0,0.0,0.0,0.0,0.0
2026_02_WAS_DAL,WAS,DAL,Treylon Burks,00-0037742,WR,tgt,3.448,1.0,2.0,3.0,5.0,6.0
2026_02_WAS_DAL,WAS,DAL,Treylon Burks,00-0037742,WR,rec,2.186,0.0,1.0,2.0,3.0,4.0
2026_02_WAS_DAL,WAS,DAL,Treylon Burks,00-0037742,WR,rec_yds,26.525,0.0,6.884,19.632,39.148,61.443
2026_02_WAS_DAL,WAS,DAL,Treylon Burks,00-0037742,WR,anytime_td,0.177,0.0,0.0,0.0,0.0,1.0
2026_02_WAS_DAL,WAS,DAL,Jaylin Lane,00-0040164,WR,car,0.048,0.0,0.0,0.0,0.0,0.0
2026_02_WAS_DAL,WAS,DAL,Jaylin Lane,00-0040164,WR,rush_yds,0.303,0.0,0.0,0.0,0.0,0.0
2026_02_WAS_DAL,WAS,DAL,Jaylin Lane,00-0040164,WR,tgt,1.704,0.0,0.0,1.0,3.0,4.0
2026_02_WAS_DAL,WAS,DAL,Jaylin Lane,00-0040164,WR,rec,1.096,0.0,0.0,1.0,2.0,3.0
2026_02_WAS_DAL,WAS,DAL,Jaylin Lane,00-0040164,WR,rec_yds,12.835,0.0,0.0,6.277,19.194,36.403
2026_02_WAS_DAL,WAS,DAL,Jaylin Lane,00-0040164,WR,anytime_td,0.032,0.0,0.0,0.0,0.0,0.0
2026_02_WAS_DAL,WAS,DAL,Kaytron Allen,00-0041096,RB,car,3.589,0.0,1.0,3.0,5.0,8.0
2026_02_WAS_DAL,WAS,DAL,Kaytron Allen,00-0041096,RB,rush_yds,16.402,0.0,2.062,10.167,23.337,42.222
2026_02_WAS_DAL,WAS,DAL,Kaytron Allen,00-0041096,RB,tgt,0.27,0.0,0.0,0.0,0.0,1.0
2026_02_WAS_DAL,WAS,DAL,Kaytron Allen,00-0041096,RB,rec,0.221,0.0,0.0,0.0,0.0,1.0
2026_02_WAS_DAL,WAS,DAL,Kaytron Allen,00-0041096,RB,rec_yds,1.532,0.0,0.0,0.0,0.0,5.107
2026_02_WAS_DAL,WAS,DAL,Kaytron Allen,00-0041096,RB,anytime_td,0.123,0.0,0.0,0.0,0.0,1.0
2026_02_NYG_LA,LA,NYG,Matthew Stafford,00-0026498,QB,att,31.652,21.0,27.0,32.0,38.0,42.0
2026_02_NYG_LA,LA,NYG,Matthew Stafford,00-0026498,QB,cmp,20.76,13.0,17.0,21.0,25.0,29.0
2026_02_NYG_LA,LA,NYG,Matthew Stafford,00-0026498,QB,pass_yds,245.106,143.069,191.996,246.053,299.891,354.679
2026_02_NYG_LA,LA,NYG,Matthew Stafford,00-0026498,QB,pass_td,1.805,0.0,1.0,2.0,3.0,3.0
2026_02_NYG_LA,LA,NYG,Matthew Stafford,00-0026498,QB,ints,0.676,0.0,0.0,0.0,1.0,2.0
2026_02_NYG_LA,LA,NYG,Matthew Stafford,00-0026498,QB,car,2.317,0.0,1.0,2.0,3.0,5.0
2026_02_NYG_LA,LA,NYG,Matthew Stafford,00-0026498,QB,rush_yds,7.313,-2.0,-0.057,2.784,11.735,22.565
2026_02_NYG_LA,LA,NYG,Matthew Stafford,00-0026498,QB,tgt,0.001,0.0,0.0,0.0,0.0,0.0
2026_02_NYG_LA,LA,NYG,Matthew Stafford,00-0026498,QB,rec,0.001,0.0,0.0,0.0,0.0,0.0
2026_02_NYG_LA,LA,NYG,Matthew Stafford,00-0026498,QB,rec_yds,0.003,0.0,0.0,0.0,0.0,0.0
2026_02_NYG_LA,LA,NYG,Matthew Stafford,00-0026498,QB,anytime_td,0.05,0.0,0.0,0.0,0.0,0.0
2026_02_NYG_LA,LA,NYG,Colby Parkinson,00-0036244,TE,car,0.004,0.0,0.0,0.0,0.0,0.0
2026_02_NYG_LA,LA,NYG,Colby Parkinson,00-0036244,TE,rush_yds,0.01,0.0,0.0,0.0,0.0,0.0
2026_02_NYG_LA,LA,NYG,Colby Parkinson,00-0036244,TE,tgt,4.771,2.0,3.0,4.0,6.0,8.0
2026_02_NYG_LA,LA,NYG,Colby Parkinson,00-0036244,TE,rec,3.412,1.0,2.0,3.0,5.0,6.0
2026_02_NYG_LA,LA,NYG,Colby Parkinson,00-0036244,TE,rec_yds,39.462,5.699,16.131,33.401,57.407,80.735
2026_02_NYG_LA,LA,NYG,Colby Parkinson,00-0036244,TE,anytime_td,0.297,0.0,0.0,0.0,1.0,1.0
2026_02_NYG_LA,LA,NYG,Konata Mumpfield,00-0040590,WR,car,0.011,0.0,0.0,0.0,0.0,0.0
2026_02_NYG_LA,LA,NYG,Konata Mumpfield,00-0040590,WR,rush_yds,0.059,0.0,0.0,0.0,0.0,0.0
2026_02_NYG_LA,LA,NYG,Konata Mumpfield,00-0040590,WR,tgt,2.443,0.0,1.0,2.0,4.0,5.0
2026_02_NYG_LA,LA,NYG,Konata Mumpfield,00-0040590,WR,rec,1.488,0.0,0.0,1.0,2.0,3.0
2026_02_NYG_LA,LA,NYG,Konata Mumpfield,00-0040590,WR,rec_yds,19.918,0.0,0.0,12.368,29.903,50.984
2026_02_NYG_LA,LA,NYG,Konata Mumpfield,00-0040590,WR,anytime_td,0.062,0.0,0.0,0.0,0.0,0.0
2026_02_NYG_LA,LA,NYG,Davante Adams,00-0031381,WR,car,0.017,0.0,0.0,0.0,0.0,0.0
2026_02_NYG_LA,LA,NYG,Davante Adams,00-0031381,WR,rush_yds,0.101,0.0,0.0,0.0,0.0,0.0
2026_02_NYG_LA,LA,NYG,Davante Adams,00-0031381,WR,tgt,9.377,5.0,7.0,9.0,12.0,15.0
2026_02_NYG_LA,LA,NYG,Davante Adams,00-0031381,WR,rec,5.656,2.0,4.0,5.0,7.0,9.0
2026_02_NYG_LA,LA,NYG,Davante Adams,00-0031381,WR,rec_yds,77.633,24.303,43.807,70.357,104.956,140.26
2026_02_NYG_LA,LA,NYG,Davante Adams,00-0031381,WR,anytime_td,0.384,0.0,0.0,0.0,1.0,1.0
2026_02_NYG_LA,LA,NYG,Terrance Ferguson,00-0040737,TE,car,0.025,0.0,0.0,0.0,0.0,0.0
2026_02_NYG_LA,LA,NYG,Terrance Ferguson,00-0040737,TE,rush_yds,0.076,0.0,0.0,0.0,0.0,0.0
2026_02_NYG_LA,LA,NYG,Terrance Ferguson,00-0040737,TE,tgt,2.557,0.0,1.0,2.0,4.0,5.0
2026_02_NYG_LA,LA,NYG,Terrance Ferguson,00-0040737,TE,rec,1.74,0.0,1.0,1.0,3.0,4.0
2026_02_NYG_LA,LA,NYG,Terrance Ferguson,00-0040737,TE,rec_yds,20.472,0.0,1.099,14.675,31.556,49.921
2026_02_NYG_LA,LA,NYG,Terrance Ferguson,00-0040737,TE,anytime_td,0.141,0.0,0.0,0.0,0.0,1.0
2026_02_NYG_LA,LA,NYG,Kyren Williams,00-0037840,RB,car,14.501,7.0,10.0,14.0,18.0,23.0
2026_02_NYG_LA,LA,NYG,Kyren Williams,00-0037840,RB,rush_yds,66.643,22.406,38.358,59.641,87.018,119.92
2026_02_NYG_LA,LA,NYG,Kyren Williams,00-0037840,RB,tgt,3.702,1.0,2.0,3.0,5.0,7.0
2026_02_NYG_LA,LA,NYG,Kyren Williams,00-0037840,RB,rec,3.015,1.0,1.0,3.0,4.0,6.0
2026_02_NYG_LA,LA,NYG,Kyren Williams,00-0037840,RB,rec_yds,24.43,0.0,7.38,18.752,35.366,55.178
2026_02_NYG_LA,LA,NYG,Kyren Williams,00-0037840,RB,anytime_td,0.603,0.0,0.0,1.0,1.0,1.0
2026_02_NYG_LA,LA,NYG,Davis Allen,00-0039074,TE,car,0.001,0.0,0.0,0.0,0.0,0.0
2026_02_NYG_LA,LA,NYG,Davis Allen,00-0039074,TE,rush_yds,0.004,0.0,0.0,0.0,0.0,0.0
2026_02_NYG_LA,LA,NYG,Davis Allen,00-0039074,TE,tgt,1.563,0.0,0.0,1.0,2.0,4.0
2026_02_NYG_LA,LA,NYG,Davis Allen,00-0039074,TE,rec,1.165,0.0,0.0,1.0,2.0,3.0
2026_02_NYG_LA,LA,NYG,Davis Allen,00-0039074,TE,rec_yds,12.766,0.0,0.0,6.669,19.562,34.861
2026_02_NYG_LA,LA,NYG,Davis Allen,00-0039074,TE,anytime_td,0.053,0.0,0.0,0.0,0.0,0.0
2026_02_NYG_LA,LA,NYG,Blake Corum,00-0039738,RB,car,10.05,4.0,6.0,9.0,13.0,17.0
2026_02_NYG_LA,LA,NYG,Blake Corum,00-0039738,RB,rush_yds,48.465,10.931,22.576,40.808,66.473,94.472
2026_02_NYG_LA,LA,NYG,Blake Corum,00-0039738,RB,tgt,1.063,0.0,0.0,1.0,2.0,3.0
2026_02_NYG_LA,LA,NYG,Blake Corum,00-0039738,RB,rec,0.854,0.0,0.0,1.0,1.0,2.0
2026_02_NYG_LA,LA,NYG,Blake Corum,00-0039738,RB,rec_yds,6.849,0.0,0.0,0.0,9.731,21.429
2026_02_NYG_LA,LA,NYG,Blake Corum,00-0039738,RB,anytime_td,0.272,0.0,0.0,0.0,1.0,1.0
2026_02_NYG_LA,LA,NYG,Xavier Smith,00-0038359,WR,car,0.023,0.0,0.0,0.0,0.0,0.0
2026_02_NYG_LA,LA,NYG,Xavier Smith,00-0038359,WR,rush_yds,0.122,0.0,0.0,0.0,0.0,0.0
2026_02_NYG_LA,LA,NYG,Xavier Smith,00-0038359,WR,tgt,1.405,0.0,0.0,1.0,2.0,3.0
2026_02_NYG_LA,LA,NYG,Xavier Smith,00-0038359,WR,rec,0.919,0.0,0.0,1.0,1.0,2.0
2026_02_NYG_LA,LA,NYG,Xavier Smith,00-0038359,WR,rec_yds,12.61,0.0,0.0,4.388,18.865,37.64
2026_02_NYG_LA,LA,NYG,Xavier Smith,00-0038359,WR,anytime_td,0.026,0.0,0.0,0.0,0.0,0.0
2026_02_NYG_LA,LA,NYG,Tyler Higbee,00-0033110,TE,car,0.001,0.0,0.0,0.0,0.0,0.0
2026_02_NYG_LA,LA,NYG,Tyler Higbee,00-0033110,TE,rush_yds,0.0,0.0,0.0,0.0,0.0,0.0
2026_02_NYG_LA,LA,NYG,Tyler Higbee,00-0033110,TE,tgt,3.622,1.0,2.0,3.0,5.0,7.0
2026_02_NYG_LA,LA,NYG,Tyler Higbee,00-0033110,TE,rec,2.724,0.0,1.0,2.0,4.0,5.0
2026_02_NYG_LA,LA,NYG,Tyler Higbee,00-0033110,TE,rec_yds,30.822,0.0,10.693,25.356,44.55,66.678
2026_02_NYG_LA,LA,NYG,Tyler Higbee,00-0033110,TE,anytime_td,0.151,0.0,0.0,0.0,0.0,1.0
2026_02_NYG_LA,LA,NYG,Tutu Atwell,00-0036849,WR,car,0.025,0.0,0.0,0.0,0.0,0.0
2026_02_NYG_LA,LA,NYG,Tutu Atwell,00-0036849,WR,rush_yds,0.156,0.0,0.0,0.0,0.0,0.0
2026_02_NYG_LA,LA,NYG,Tutu Atwell,00-0036849,WR,tgt,1.809,0.0,1.0,1.0,3.0,4.0
2026_02_NYG_LA,LA,NYG,Tutu Atwell,00-0036849,WR,rec,1.155,0.0,0.0,1.0,2.0,3.0
2026_02_NYG_LA,LA,NYG,Tutu Atwell,00-0036849,WR,rec_yds,16.312,0.0,0.0,8.223,24.282,45.757
2026_02_NYG_LA,LA,NYG,Tutu Atwell,00-0036849,WR,anytime_td,0.058,0.0,0.0,0.0,0.0,0.0
2026_02_NYG_LA,NYG,LA,Malachi Fields,00-0041042,WR,car,0.017,0.0,0.0,0.0,0.0,0.0
2026_02_NYG_LA,NYG,LA,Malachi Fields,00-0041042,WR,rush_yds,0.097,0.0,0.0,0.0,0.0,0.0
2026_02_NYG_LA,NYG,LA,Malachi Fields,00-0041042,WR,tgt,2.833,0.0,1.0,2.0,4.0,6.0
2026_02_NYG_LA,NYG,LA,Malachi Fields,00-0041042,WR,rec,1.717,0.0,1.0,1.0,3.0,4.0
2026_02_NYG_LA,NYG,LA,Malachi Fields,00-0041042,WR,rec_yds,22.51,0.0,2.267,15.182,33.835,56.586
2026_02_NYG_LA,NYG,LA,Malachi Fields,00-0041042,WR,anytime_td,0.074,0.0,0.0,0.0,0.0,0.0
2026_02_NYG_LA,NYG,LA,Malik Nabers,00-0039337,WR,car,0.031,0.0,0.0,0.0,0.0,0.0
2026_02_NYG_LA,NYG,LA,Malik Nabers,00-0039337,WR,rush_yds,0.172,0.0,0.0,0.0,0.0,0.0
2026_02_NYG_LA,NYG,LA,Malik Nabers,00-0039337,WR,tgt,6.975,3.0,5.0,7.0,9.0,11.0
2026_02_NYG_LA,NYG,LA,Malik Nabers,00-0039337,WR,rec,4.226,1.0,3.0,4.0,6.0,7.0
2026_02_NYG_LA,NYG,LA,Malik Nabers,00-0039337,WR,rec_yds,55.056,12.322,26.818,48.024,75.738,107.012
2026_02_NYG_LA,NYG,LA,Malik Nabers,00-0039337,WR,anytime_td,0.229,0.0,0.0,0.0,0.0,1.0
2026_02_NYG_LA,NYG,LA,Darnell Mooney,00-0036309,WR,car,0.012,0.0,0.0,0.0,0.0,0.0
2026_02_NYG_LA,NYG,LA,Darnell Mooney,00-0036309,WR,rush_yds,0.066,0.0,0.0,0.0,0.0,0.0
2026_02_NYG_LA,NYG,LA,Darnell Mooney,00-0036309,WR,tgt,3.149,1.0,1.0,3.0,4.0,6.0
2026_02_NYG_LA,NYG,LA,Darnell Mooney,00-0036309,WR,rec,1.92,0.0,1.0,2.0,3.0,4.0
2026_02_NYG_LA,NYG,LA,Darnell Mooney,00-0036309,WR,rec_yds,25.447,0.0,5.009,18.161,37.572,61.658
2026_02_NYG_LA,NYG,LA,Darnell Mooney,00-0036309,WR,anytime_td,0.082,0.0,0.0,0.0,0.0,0.0
2026_02_NYG_LA,NYG,LA,Isaiah Likely,00-0037838,TE,car,0.002,0.0,0.0,0.0,0.0,0.0
2026_02_NYG_LA,NYG,LA,Isaiah Likely,00-0037838,TE,rush_yds,0.007,0.0,0.0,0.0,0.0,0.0
2026_02_NYG_LA,NYG,LA,Isaiah Likely,00-0037838,TE,tgt,4.258,1.0,2.0,4.0,6.0,8.0
2026_02_NYG_LA,NYG,LA,Isaiah Likely,00-0037838,TE,rec,3.191,1.0,2.0,3.0,4.0,6.0
2026_02_NYG_LA,NYG,LA,Isaiah Likely,00-0037838,TE,rec_yds,33.637,3.283,13.402,28.756,47.874,70.442
2026_02_NYG_LA,NYG,LA,Isaiah Likely,00-0037838,TE,anytime_td,0.291,0.0,0.0,0.0,1.0,1.0
2026_02_NYG_LA,NYG,LA,Cam Skattebo,00-0040715,RB,car,7.933,2.0,4.0,7.0,11.0,14.0
2026_02_NYG_LA,NYG,LA,Cam Skattebo,00-0040715,RB,rush_yds,34.276,5.847,13.566,27.425,47.596,72.074
2026_02_NYG_LA,NYG,LA,Cam Skattebo,00-0040715,RB,tgt,2.126,0.0,1.0,2.0,3.0,5.0
2026_02_NYG_LA,NYG,LA,Cam Skattebo,00-0040715,RB,rec,1.615,0.0,0.0,1.0,2.0,4.0
2026_02_NYG_LA,NYG,LA,Cam Skattebo,00-0040715,RB,rec_yds,12.508,0.0,0.0,7.897,19.079,32.403
2026_02_NYG_LA,NYG,LA,Cam Skattebo,00-0040715,RB,anytime_td,0.347,0.0,0.0,0.0,1.0,1.0
2026_02_NYG_LA,NYG,LA,Patrick Ricard,00-0033376,RB,car,0.28,0.0,0.0,0.0,0.0,1.0
2026_02_NYG_LA,NYG,LA,Patrick Ricard,00-0033376,RB,rush_yds,1.176,0.0,0.0,0.0,0.0,2.801
2026_02_NYG_LA,NYG,LA,Patrick Ricard,00-0033376,RB,tgt,0.627,0.0,0.0,0.0,1.0,2.0
2026_02_NYG_LA,NYG,LA,Patrick Ricard,00-0033376,RB,rec,0.472,0.0,0.0,0.0,1.0,2.0
2026_02_NYG_LA,NYG,LA,Patrick Ricard,00-0033376,RB,rec_yds,3.545,0.0,0.0,0.0,3.174,12.923
2026_02_NYG_LA,NYG,LA,Patrick Ricard,00-0033376,RB,anytime_td,0.014,0.0,0.0,0.0,0.0,0.0
2026_02_NYG_LA,NYG,LA,Theo Johnson,00-0039847,TE,car,0.003,0.0,0.0,0.0,0.0,0.0
2026_02_NYG_LA,NYG,LA,Theo Johnson,00-0039847,TE,rush_yds,0.005,0.0,0.0,0.0,0.0,0.0
2026_02_NYG_LA,NYG,LA,Theo Johnson,00-0039847,TE,tgt,3.192,1.0,2.0,3.0,4.0,6.0
2026_02_NYG_LA,NYG,LA,Theo Johnson,00-0039847,TE,rec,2.169,0.0,1.0,2.0,3.0,4.0
2026_02_NYG_LA,NYG,LA,Theo Johnson,00-0039847,TE,rec_yds,24.045,0.0,6.401,18.451,35.661,54.378
2026_02_NYG_LA,NYG,LA,Theo Johnson,00-0039847,TE,anytime_td,0.131,0.0,0.0,0.0,0.0,1.0
2026_02_NYG_LA,NYG,LA,Devin Singletary,00-0035250,RB,car,4.242,0.0,1.0,3.0,6.0,9.0
2026_02_NYG_LA,NYG,LA,Devin Singletary,00-0035250,RB,rush_yds,17.727,0.0,3.385,11.283,25.167,44.361
2026_02_NYG_LA,NYG,LA,Devin Singletary,00-0035250,RB,tgt,1.863,0.0,1.0,2.0,3.0,4.0
2026_02_NYG_LA,NYG,LA,Devin Singletary,00-0035250,RB,rec,1.479,0.0,0.0,1.0,2.0,3.0
2026_02_NYG_LA,NYG,LA,Devin Singletary,00-0035250,RB,rec_yds,11.119,0.0,0.0,6.419,16.344,29.822
2026_02_NYG_LA,NYG,LA,Devin Singletary,00-0035250,RB,anytime_td,0.271,0.0,0.0,0.0,1.0,1.0
2026_02_NYG_LA,NYG,LA,Najee Harris,00-0036893,RB,car,4.358,0.0,2.0,3.0,6.0,10.0
2026_02_NYG_LA,NYG,LA,Najee Harris,00-0036893,RB,rush_yds,19.071,0.0,4.045,12.859,27.257,46.546
2026_02_NYG_LA,NYG,LA,Najee Harris,00-0036893,RB,tgt,1.129,0.0,0.0,1.0,2.0,3.0
2026_02_NYG_LA,NYG,LA,Najee Harris,00-0036893,RB,rec,0.867,0.0,0.0,1.0,1.0,2.0
2026_02_NYG_LA,NYG,LA,Najee Harris,00-0036893,RB,rec_yds,6.554,0.0,0.0,0.0,9.543,20.347
2026_02_NYG_LA,NYG,LA,Najee Harris,00-0036893,RB,anytime_td,0.167,0.0,0.0,0.0,0.0,1.0
2026_02_NYG_LA,NYG,LA,Jaxson Dart,00-0040691,QB,att,29.737,20.0,25.0,30.0,36.0,40.0
2026_02_NYG_LA,NYG,LA,Jaxson Dart,00-0040691,QB,cmp,19.334,12.0,16.0,20.0,23.0,27.0
2026_02_NYG_LA,NYG,LA,Jaxson Dart,00-0040691,QB,pass_yds,209.352,120.357,164.238,208.143,256.517,306.907
2026_02_NYG_LA,NYG,LA,Jaxson Dart,00-0040691,QB,pass_td,1.338,0.0,0.0,1.0,2.0,3.0
2026_02_NYG_LA,NYG,LA,Jaxson Dart,00-0040691,QB,ints,0.689,0.0,0.0,0.0,1.0,2.0
2026_02_NYG_LA,NYG,LA,Jaxson Dart,00-0040691,QB,car,4.874,1.0,3.0,4.0,7.0,9.0
2026_02_NYG_LA,NYG,LA,Jaxson Dart,00-0040691,QB,rush_yds,24.97,1.914,8.909,20.888,36.021,52.97
2026_02_NYG_LA,NYG,LA,Jaxson Dart,00-0040691,QB,tgt,0.0,0.0,0.0,0.0,0.0,0.0
2026_02_NYG_LA,NYG,LA,Jaxson Dart,00-0040691,QB,rec,0.0,0.0,0.0,0.0,0.0,0.0
2026_02_NYG_LA,NYG,LA,Jaxson Dart,00-0040691,QB,rec_yds,0.003,0.0,0.0,0.0,0.0,0.0
2026_02_NYG_LA,NYG,LA,Jaxson Dart,00-0040691,QB,anytime_td,0.201,0.0,0.0,0.0,0.0,1.0
2026_02_NYG_LA,NYG,LA,Braxton Berrios,00-0034419,WR,car,0.01,0.0,0.0,0.0,0.0,0.0
2026_02_NYG_LA,NYG,LA,Braxton Berrios,00-0034419,WR,rush_yds,0.05,0.0,0.0,0.0,0.0,0.0
2026_02_NYG_LA,NYG,LA,Braxton Berrios,00-0034419,WR,tgt,0.732,0.0,0.0,0.0,1.0,2.0
2026_02_NYG_LA,NYG,LA,Braxton Berrios,00-0034419,WR,rec,0.461,0.0,0.0,0.0,1.0,1.0
2026_02_NYG_LA,NYG,LA,Braxton Berrios,00-0034419,WR,rec_yds,5.933,0.0,0.0,0.0,6.783,20.475
2026_02_NYG_LA,NYG,LA,Braxton Berrios,00-0034419,WR,anytime_td,0.011,0.0,0.0,0.0,0.0,0.0
2026_02_NYG_LA,NYG,LA,Odell Beckham Jr.,00-0031235,WR,car,0.013,0.0,0.0,0.0,0.0,0.0
2026_02_NYG_LA,NYG,LA,Odell Beckham Jr.,00-0031235,WR,rush_yds,0.068,0.0,0.0,0.0,0.0,0.0
2026_02_NYG_LA,NYG,LA,Odell Beckham Jr.,00-0031235,WR,tgt,1.167,0.0,0.0,1.0,2.0,3.0
2026_02_NYG_LA,NYG,LA,Odell Beckham Jr.,00-0031235,WR,rec,0.701,0.0,0.0,0.0,1.0,2.0
2026_02_NYG_LA,NYG,LA,Odell Beckham Jr.,00-0031235,WR,rec_yds,8.913,0.0,0.0,0.0,12.809,28.175
2026_02_NYG_LA,NYG,LA,Odell Beckham Jr.,00-0031235,WR,anytime_td,0.027,0.0,0.0,0.0,0.0,0.0
2026_02_NYG_LA,NYG,LA,Tyrone Tracy Jr.,00-0039384,RB,car,5.71,1.0,3.0,5.0,8.0,11.0
2026_02_NYG_LA,NYG,LA,Tyrone Tracy Jr.,00-0039384,RB,rush_yds,24.937,1.041,7.621,18.588,35.128,55.54
2026_02_NYG_LA,NYG,LA,Tyrone Tracy Jr.,00-0039384,RB,tgt,2.203,0.0,1.0,2.0,3.0,5.0
2026_02_NYG_LA,NYG,LA,Tyrone Tracy Jr.,00-0039384,RB,rec,1.695,0.0,0.0,1.0,3.0,4.0
2026_02_NYG_LA,NYG,LA,Tyrone Tracy Jr.,00-0039384,RB,rec_yds,12.98,0.0,0.0,8.119,19.353,34.368
2026_02_NYG_LA,NYG,LA,Tyrone Tracy Jr.,00-0039384,RB,anytime_td,0.207,0.0,0.0,0.0,0.0,1.0
